General information;;time (s);O2;CO2;CO;Pdiff;Light;Mass;Methane;AmbP;AmbH;HFM;TC stack;TC smoke;TC amb.;TC cone;T PK;Soot;TC cone1;TC cone2;TC cone3;TC aux;CH4;CO;CO2;Ethene;H2O;n.u.;n.u.;UOX Bin;n.u.;UOX Hum.;UOX Temp;n.u.;TEext1;TEext2;TEext3;TEext4;TEext5;TEext6;TEext7;TEext8;TEext9;TEext10;TEext11;TEext12;TEext13;TEext14;TEext15;n.u.;n.u.;n.u.;n.u.;n.u.;n.u.;n.u.;n.u.;n.u.;n.u.;n.u.;n.u.;n.u.;n.u.;n.u.;n.u.;n.u.;HRR/a;EHC;SEA;MLR;MLR/a;COY;CO2Y/sh;THR/a;MFR;K;Vstack;Vsmoke;SPR;RSR;TSP;TSR;COP;CO2P;O2C;TOC;ARHE;Mass;HRR;O2/sh;CO2/sh;CO/sh;phi;FU27;FU28;FU29;FU30;FU31;
;;;%;%;%;Pa;-;g;g/s;Pa;%;kW/m²;°C;°C;°C;°C;°C;g/min;°C;°C;°C;°C;ppm;ppm;%;ppm;ppm;no;no;;no;%;°C;no;°C;°C;°C;°C;°C;°C;°C;°C;°C;°C;°C;°C;°C;°C;°C;no;no;no;no;no;no;no;no;no;no;no;no;no;no;no;no;no;kW/m²;MJ/kg;m²/kg;g/s;g/(s*m²);[kg/kg];[kg/kg];MJ/m²;g/s;1/m;l/s;l/s;m²/s;(m²/s)/m²;m²;m²;g/s;g/s;g/s;g;kW/m²;g;kW;[%];[%];%;;;;;;;
Test;;0;20,94600;0,05700;0,009000;109,675;100,07;0,0000;0,000;100,888;30,500;0,000;334,750;338,150;27,50;1142,250;263,196;0,000;859,600;885,100;862,600;314,250;;;;;0,00;0,00;0,00;3,00;3,32;15,624;26,513;0,60;0,60;999998,00;999998,00;999998,00;999998,00;999998,00;999998,00;999998,00;999998,00;999998,00;999998,00;999998,00;999998,00;999998,00;999998,00;999998,00;;;;;;;;;;;;;;;;;0,5030;;;-0,00333341;-0,00333341;0,00010;-0,21431;0,0005;25,013528;-0,000406;23,708049;23,948848;-0,0001;-0,0085;0,00;0,00;0,00;0,00;0,02;;;;0,0050486;20,95100;0,04700;-0,00400;0,0000673;;68,31;0,00;;;
Standard used;ISO 5660-1;1;20,94400;0,05900;0,001000;113,850;100,05;0,0000;0,000;100,880;30,500;0,000;334,650;337,950;27,50;1141,983;263,196;0,000;859,000;885,000;862,500;314,250;;;;;0,00;0,00;0,00;3,00;3,32;15,660;26,489;0,60;0,60;999998,00;999998,00;999998,00;999998,00;999998,00;999998,00;999998,00;999998,00;999998,00;999998,00;999998,00;999998,00;999998,00;999998,00;999998,00;;;;;;;;;;;;;;;;;0,1261;;;0,02333387;0,02333387;0,00100;0,03120;0,0006;25,488985;-0,000177;24,151474;24,389633;0,0000;-0,0038;0,00;0,00;0,00;0,00;0,02;;0,063;0,126;0,0012656;20,95100;0,04700;0,00000;0,0000166;;68,31;1,00;;;
Date of test;24.07.2026;2;20,94300;0,06200;0,030000;114,050;100,06;-0,0400;0,000;100,888;30,500;0,000;334,550;338,050;27,40;1139,483;263,196;0,000;851,800;884,800;862,400;314,250;;;;;0,00;0,00;0,00;3,00;3,32;15,646;26,534;0,60;0,60;999998,00;999998,00;999998,00;999998,00;999998,00;999998,00;999998,00;999998,00;999998,00;999998,00;999998,00;999998,00;999998,00;999998,00;999998,00;;;;;;;;;;;;;;;;;1,1894;;;0,02416738;0,02416738;-0,00125;0,01400;0,0018;25,515176;-0,000282;24,169066;24,421918;-0,0001;-0,0060;0,00;0,00;0,00;0,00;0,02;;0,360;0,126;0,0119375;20,95100;0,04600;-0,01000;0,0001558;;68,27;2,00;;;
Time of test;14:35;3;20,93900;0,06000;-0,011000;111,750;100,07;-0,0400;0,000;100,880;30,500;0,000;334,650;338,050;27,40;1137,617;263,196;0,000;846,400;884,700;862,300;314,250;;;;;0,00;0,00;0,00;3,00;3,33;15,645;26,510;0,60;0,60;999998,00;999998,00;999998,00;999998,00;999998,00;999998,00;999998,00;999998,00;999998,00;999998,00;999998,00;999998,00;999998,00;999998,00;999998,00;;;;;;;;;;;;;;;;;1,8220;;;-0,00833511;-0,00833511;-0,00168;-0,04017;0,0036;25,252814;-0,000354;23,927696;24,170799;-0,0001;-0,0075;0,00;0,00;0,00;0,00;0,05;;0,742;0,691;0,0182877;20,95000;0,04600;-0,01200;0,0002415;;68,27;3,00;;;
Heat flux (kW/m²);75;4;20,93700;0,05800;-0,002000;108,750;100,07;-0,0300;0,000;100,888;30,500;0,000;334,550;337,850;27,40;1136,050;263,196;0,000;842,100;884,500;862,100;314,250;;;;;0,00;0,00;0,00;3,00;3,33;15,618;26,513;0,60;0,60;999998,00;999998,00;999998,00;999998,00;999998,00;999998,00;999998,00;999998,00;999998,00;999998,00;999998,00;999998,00;999998,00;999998,00;999998,00;;;;;;;;;;;;;;;;;1,7279;;;-0,01166471;-0,01166471;-0,00254;-0,02832;0,0054;24,915268;-0,000359;23,600808;23,833605;-0,0001;-0,0075;0,00;0,00;0,00;0,00;0,02;;1,000;0,691;0,0173424;20,95100;0,04600;-0,01600;0,0002318;;68,28;4,00;;;
Nominal duct flow rate (l/s);24,0;5;20,93700;0,05600;-0,008000;114,100;100,05;-0,0200;0,000;100,888;30,500;0,000;334,450;337,750;27,40;1134,650;263,196;0,000;838,500;884,200;861,800;314,250;;;;;0,00;0,00;0,00;3,00;3,33;15,627;26,516;0,60;0,60;999998,00;999998,00;999998,00;999998,00;999998,00;999998,00;999998,00;999998,00;999998,00;999998,00;999998,00;999998,00;999998,00;999998,00;999998,00;;;;;;;;;;;;;;;;;1,8926;;;-0,00582949;-0,00582949;-0,00417;-0,12505;0,0073;25,524583;-0,000164;24,170750;24,409241;0,0000;-0,0035;0,00;0,00;0,00;0,00;-0,01;;1,162;1,158;0,0189965;20,95200;0,04700;-0,02300;0,0002473;;68,29;5,00;;;
Sampling interval (s);1;6;20,93900;0,05300;-0,015000;116,450;100,02;-0,0200;0,000;100,892;30,500;0,000;334,450;337,650;27,40;1133,717;263,196;0,000;836,100;884,000;861,600;314,250;;;;;0,00;0,00;0,00;3,00;3,33;15,599;26,521;0,60;0,60;999998,00;999998,00;999998,00;999998,00;999998,00;999998,00;999998,00;999998,00;999998,00;999998,00;999998,00;999998,00;999998,00;999998,00;999998,00;;;;;;;;;;;;;;;;;2,1790;;;0,00666300;0,00666300;-0,00353;0,05132;0,0094;25,786096;0,000082;24,418392;24,652026;0,0000;0,0018;0,00;0,00;0,00;0,00;0,02;;1,308;1,158;0,0218709;20,95100;0,04600;-0,02000;0,0002824;;68,29;6,00;;;
Separation (mm);25;7;20,94000;0,05100;-0,019000;116,450;100,02;-0,0300;0,000;100,892;30,500;0,000;334,450;337,650;27,40;1132,850;263,196;0,000;833,900;883,800;861,400;314,250;;;;;0,00;0,00;0,00;3,00;3,33;15,673;26,500;0,60;0,60;999998,00;999998,00;999998,00;999998,00;999998,00;999998,00;999998,00;999998,00;999998,00;999998,00;999998,00;999998,00;999998,00;999998,00;999998,00;;;;;;;;;;;;;;;;;0,0000;;;0,00499662;0,00499662;0,00147;0,14739;0,0094;25,786096;0,000082;24,418392;24,652026;0,0000;0,0018;0,00;0,00;0,00;0,00;-0,01;;1,277;1,097;0,0000000;20,95200;0,04700;0,00200;-0,0000691;;68,28;7,00;;;
Orientation;hor;8;20,94300;0,04900;-0,011000;115,925;99,98;-0,0300;0,000;100,888;30,500;0,000;334,350;337,650;27,40;1132,483;263,196;0,000;833,200;883,600;861,200;314,250;;;;;0,00;0,00;0,00;3,00;3,33;15,637;26,516;0,60;0,60;999998,00;999998,00;999998,00;999998,00;999998,00;999998,00;999998,00;999998,00;999998,00;999998,00;999998,00;999998,00;999998,00;999998,00;999998,00;;;;;;;;;;;;;;;;;4,4918;;;0,00500170;0,00500170;0,00011;1,79984;0,0139;25,731750;0,000493;24,359643;24,600070;0,0001;0,0106;0,00;0,01;0,00;0,01;0,39;;1,398;1,097;0,0450840;20,93800;0,06800;-0,00400;0,0005865;;68,28;8,00;;;
Edge frame?;N;9;20,94500;0,04700;-0,002000;113,775;99,75;-0,0400;0,000;100,888;30,500;0,000;334,350;337,650;27,40;1132,017;263,196;0,000;832,200;883,400;861,000;314,250;;;;;0,00;0,00;0,00;3,00;3,33;15,639;26,518;0,61;0,60;999998,00;999998,00;999998,00;999998,00;999998,00;999998,00;999998,00;999998,00;999998,00;999998,00;999998,00;999998,00;999998,00;999998,00;999998,00;;;;;;;;;;;;;;;;;30,5525;;;0,00583458;0,00583458;0,00505;6,74252;0,0445;25,492016;0,002843;24,132693;24,370880;0,0006;0,0606;0,00;0,07;0,01;0,04;2,58;;3,189;4,248;0,3066551;20,86000;0,14600;0,01800;0,0040322;;68,27;9,00;;;
Grid?;N;10;20,94800;0,04700;0,020000;113,700;99,45;-0,0400;0,000;100,892;30,500;0,000;334,350;337,650;27,40;1131,583;263,196;0,000;831,200;883,300;860,800;314,250;;;;;0,00;0,00;0,00;3,00;3,33;15,645;26,521;0,61;0,60;999998,00;999998,00;999998,00;999998,00;999998,00;999998,00;999998,00;999998,00;999998,00;999998,00;999998,00;999998,00;999998,00;999998,00;999998,00;;;;;;;;;;;;;;;;;101,2270;;;-0,00333341;-0,00333341;0,00438;-36,36020;0,1457;25,483613;0,005815;24,124738;24,362847;0,0012;0,1238;0,00;0,20;0,00;0,12;8,13;;9,459;4,248;1,0160151;20,66200;0,35600;0,01500;0,0133734;;68,27;10,00;;;
Non-scrubbed?;;11;20,95000;0,04700;-0,004000;110,650;99,22;-0,0400;0,000;100,888;30,500;0,000;334,350;337,750;27,40;1131,383;263,196;0,000;831,000;883,100;860,600;314,250;;;;;0,00;0,00;0,00;3,00;3,33;15,645;26,516;0,61;0,60;999998,00;999998,00;999998,00;999998,00;999998,00;999998,00;999998,00;999998,00;999998,00;999998,00;999998,00;999998,00;999998,00;999998,00;999998,00;;;;;;;;;;;;;;;;;210,0677;0,00000;146,8167;0,01166598;0,01166598;0,00521;17,76629;0,3558;25,139491;0,008122;23,798965;24,040976;0,0017;0,1706;0,00;0,37;0,01;0,21;16,17;;22,749;25,350;2,1084499;20,36800;0,58400;0,01900;0,0281751;;68,27;11,00;;;
Substrate used? {Y/N};;12;20,95100;0,04600;0,000000;115,975;98,34;-0,0700;0,000;100,888;30,500;0,000;334,450;337,950;27,40;1131,617;263,196;0,000;831,800;883,100;860,500;314,350;;;;;0,00;0,00;0,00;3,00;3,33;15,620;26,532;0,61;0,59;999998,00;999998,00;999998,00;999998,00;999998,00;999998,00;999998,00;999998,00;999998,00;999998,00;999998,00;999998,00;999998,00;999998,00;999998,00;;;;;;;;;;;;;;;;;331,9001;105,20122;116,2818;0,03166580;0,03166580;0,00283;10,33047;0,6877;25,733451;0,017047;24,368540;24,623555;0,0037;0,3669;0,01;0,74;0,00;0,33;25,46;;43,435;25,350;3,3312809;20,05400;0,87600;0,00800;0,0435565;;68,24;12,00;;;
Substrate;;13;20,95100;0,04600;-0,010000;108,600;99,20;-0,1400;0,000;100,888;30,500;0,000;334,950;339,250;27,40;1131,950;263,196;0,000;833,000;883,000;860,400;314,350;;;;;0,00;0,00;0,00;3,00;3,34;15,688;26,516;0,61;0,60;999998,00;999998,00;999998,00;999998,00;999998,00;999998,00;999998,00;999998,00;999998,00;999998,00;999998,00;999998,00;999998,00;999998,00;999998,00;;;;;;;;;;;;;;;;;432,3416;20,58220;8,3257;0,21083323;0,21083323;0,00164;1,89578;1,1200;24,883208;0,008372;23,598620;23,901573;0,0018;0,1749;0,01;0,91;0,00;0,40;32,79;;69,488;70,866;4,3394128;19,75600;1,09500;0,00300;0,0587691;;68,17;13,00;;;
Additional preparation details;;14;20,95100;0,04600;-0,012000;98,425;95,28;-0,4600;0,000;100,888;30,500;0,000;337,050;344,150;27,40;1132,450;263,196;0,000;834,500;883,100;860,300;314,350;;;;;0,00;0,00;0,00;3,00;3,34;15,646;26,532;0,61;0,57;999998,00;999998,00;999998,00;999998,00;999998,00;999998,00;999998,00;999998,00;999998,00;999998,00;999998,00;999998,00;999998,00;999998,00;999998,00;;;;;;;;;;;;;;;;;496,8550;18,81875;37,0621;0,26499812;0,26499812;-0,00053;1,74644;1,6169;23,614947;0,048657;22,536247;23,010975;0,0098;0,9785;0,02;1,89;0,00;0,46;37,73;;97,710;70,866;4,9869341;19,50200;1,32600;-0,00700;0,0712577;;67,85;14,00;;;
;;15;20,95000;0,04700;-0,016000;90,200;91,35;-0,6300;0,000;100,888;30,500;0,000;340,750;352,250;27,40;1132,650;263,196;0,000;835,200;883,000;860,300;314,350;;;;;0,00;0,00;0,00;3,00;3,34;15,645;26,513;0,61;0,55;999998,00;999998,00;999998,00;999998,00;999998,00;999998,00;999998,00;999998,00;999998,00;999998,00;999998,00;999998,00;999998,00;999998,00;999998,00;;;;;;;;;;;;;;;;;540,1916;37,60768;123,8704;0,14417013;0,14417013;0,00208;3,40020;2,1571;22,483648;0,090788;21,692165;22,424256;0,0179;1,7793;0,04;3,67;0,00;0,49;40,95;;125,765;126,253;5,4219032;19,29900;1,47000;0,00600;0,0814587;;67,68;15,00;;;
Specimen;;16;20,95100;0,04600;-0,023000;87,850;88,59;-0,8100;0,000;100,888;30,500;0,000;345,350;361,750;27,40;1132,583;263,196;0,000;835,100;883,000;860,200;314,350;;;;;0,00;0,00;0,00;3,00;3,34;15,610;26,518;0,61;0,53;999998,00;999998,00;999998,00;999998,00;999998,00;999998,00;999998,00;999998,00;999998,00;999998,00;999998,00;999998,00;999998,00;999998,00;999998,00;;;;;;;;;;;;;;;;;570,0294;18,60577;78,2329;0,30750593;0,30750593;0,00048;1,72190;2,7271;22,040558;0,121483;21,551739;22,575189;0,0241;2,3968;0,06;6,07;0,00;0,53;43,38;;152,599;126,253;5,7213850;19,16600;1,61500;-0,00200;0,0877429;;67,50;16,00;;;
Sample description;PMMA_CN_6mm_q75_Al2O3_R3;17;20,95200;0,04700;-0,020000;90,300;88,31;-1,2100;0,000;100,888;30,500;0,000;350,050;371,750;27,40;1132,583;263,196;0,000;835,100;883,100;860,100;314,350;;;;;0,00;0,00;0,00;3,00;3,34;15,648;26,516;0,61;0,53;999998,00;999998,00;999998,00;999998,00;999998,00;999998,00;999998,00;999998,00;999998,00;999998,00;999998,00;999998,00;999998,00;999998,00;999998,00;;;;;;;;;;;;;;;;;618,4302;19,49909;80,2659;0,31833204;0,31833204;0,00499;1,77652;3,3455;22,195262;0,124682;21,998376;23,362080;0,0256;2,5457;0,09;8,61;0,00;0,57;47,09;;178,577;179,554;6,2071836;19,02700;1,71000;0,02100;0,0945989;;67,10;17,00;;;
Material name/ID;PMMA_CN;18;20,95100;0,06800;0,002000;88,800;87,79;-1,4100;0,000;100,888;30,500;0,000;355,450;382,450;27,40;1133,483;263,196;0,000;837,900;883,000;860,100;314,350;;;;;0,00;0,00;0,00;3,00;3,34;15,645;26,524;0,61;0,53;999998,00;999998,00;999998,00;999998,00;999998,00;999998,00;999998,00;999998,00;999998,00;999998,00;999998,00;999998,00;999998,00;999998,00;999998,00;;;;;;;;;;;;;;;;;643,6262;40,16722;168,4043;0,16082954;0,16082954;0,00105;3,64982;3,9892;21,842315;0,130542;21,982519;23,652312;0,0271;2,6985;0,11;11,31;0,00;0,59;48,92;;203,713;179,554;6,4600761;18,92000;1,80100;0,00100;0,1000994;;66,90;18,00;;;
Specimen number;R3;19;20,95200;0,14600;-0,004000;92,150;87,35;-1,6100;0,000;100,888;30,500;0,000;360,650;392,750;27,40;1133,783;263,196;0,000;838,900;883,000;860,000;314,350;;;;;0,00;0,00;0,00;3,00;3,34;15,639;26,518;0,61;0,53;999998,00;999998,00;999998,00;999998,00;999998,00;999998,00;999998,00;999998,00;999998,00;999998,00;999998,00;999998,00;999998,00;999998,00;999998,00;;;;;;;;;;;;;;;;;678,5033;19,04940;81,7229;0,35749880;0,35749880;0,00594;1,72120;4,6677;22,089513;0,135588;22,556533;24,564199;0,0292;2,9108;0,14;14,22;0,01;0,62;51,67;;227,784;228,913;6,8101379;18,83000;1,86500;0,02600;0,1043914;;66,70;19,00;;;
E (MJ/kg);13,10;20;20,93800;0,35600;0,018000;89,525;86,93;-2,0800;0,000;100,888;30,500;0,000;365,550;402,150;27,40;1133,983;263,196;0,000;839,500;883,000;860,000;314,350;;;;;0,00;0,00;0,00;3,00;3,34;15,677;26,529;0,61;0,52;999998,00;999998,00;999998,00;999998,00;999998,00;999998,00;999998,00;999998,00;999998,00;999998,00;999998,00;999998,00;999998,00;999998,00;999998,00;;;;;;;;;;;;;;;;;689,2240;19,44073;85,2126;0,35583750;0,35583750;0,00429;1,76658;5,3569;21,626200;0,140376;22,383463;24,624564;0,0303;3,0210;0,17;17,24;0,00;0,63;52,52;;250,588;228,913;6,9177414;18,74900;1,94400;0,01800;0,1083564;;66,23;20,00;;;
Initial mass (g);68,31;21;20,86000;0,58400;0,015000;93,375;87,18;-2,2800;0,000;100,888;30,500;0,005;370,550;411,650;27,40;1134,117;263,196;0,000;840,000;883,000;859,900;314,350;;;;;0,00;0,00;0,00;3,00;3,34;15,688;26,510;0,61;0,53;999998,00;999998,00;999998,00;999998,00;999998,00;999998,00;999998,00;999998,00;999998,00;999998,00;999998,00;999998,00;999998,00;999998,00;999998,00;;;;;;;;;;;;;;;;;727,9822;43,62272;184,1490;0,16749891;0,16749891;0,00532;3,93340;6,0849;21,936803;0,137526;23,015501;25,568293;0,0308;3,0731;0,20;20,31;0,01;0,66;55,45;;272,398;274,088;7,3067576;18,65900;2,00700;0,02300;0,1128827;;66,03;21,00;;;
Thickness (mm);5,73;22;20,66200;0,87600;0,019000;92,025;86,60;-2,5000;0,000;100,892;30,500;0,005;375,350;419,850;27,40;1134,183;263,196;0,000;840,300;883,000;859,800;314,350;;;;;0,00;0,00;0,00;3,00;3,35;15,641;26,534;0,61;0,52;999998,00;999998,00;999998,00;999998,00;999998,00;999998,00;999998,00;999998,00;999998,00;999998,00;999998,00;999998,00;999998,00;999998,00;999998,00;;;;;;;;;;;;;;;;;743,5272;20,63473;89,9472;0,36166128;0,36166128;0,00429;1,85927;6,8284;21,637951;0,144173;22,996028;25,722345;0,0325;3,2410;0,24;23,56;0,00;0,67;56,63;;293,460;274,088;7,4627824;18,57800;2,07500;0,01800;0,1169342;;65,81;22,00;;;
Surface area (cm²);100,37;23;20,36800;1,09500;0,008000;90,150;83,80;-2,9600;0,000;100,888;30,500;0,005;380,050;428,050;27,40;1134,083;263,196;0,000;839,900;883,100;859,800;314,350;;;;;0,00;0,00;0,00;3,00;3,35;15,626;26,548;0,61;0,51;999998,00;999998,00;999998,00;999998,00;999998,00;999998,00;999998,00;999998,00;999998,00;999998,00;999998,00;999998,00;999998,00;999998,00;999998,00;;;;;;;;;;;;;;;;;751,0270;21,03613;111,7622;0,35833867;0,35833867;0,00159;1,88588;7,5794;21,283543;0,176992;22,902608;25,795188;0,0400;3,9901;0,28;27,55;0,00;0,68;57,12;;313,191;314,559;7,5380579;18,51800;2,11900;0,00400;0,1201189;;65,35;23,00;;;
Sponsor;;24;20,05400;1,32600;0,003000;91,525;84,77;-3,1800;0,000;100,888;30,500;0,005;384,450;434,950;27,40;1134,050;263,196;0,000;840,000;883,000;859,700;314,350;;;;;0,00;0,00;0,00;3,00;3,35;15,669;26,524;0,61;0,51;999998,00;999998,00;999998,00;999998,00;999998,00;999998,00;999998,00;999998,00;999998,00;999998,00;999998,00;999998,00;999998,00;999998,00;999998,00;;;;;;;;;;;;;;;;;764,4231;40,20436;199,8619;0,19083786;0,19083786;-0,00029;3,62640;8,3438;21,322168;0,165588;23,209806;26,258564;0,0381;3,8001;0,31;31,35;0,00;0,69;58,16;;331,714;314,559;7,6725149;18,47800;2,16500;-0,00600;0,1220637;;65,13;24,00;;;
Manufacturer;;25;19,75600;1,47000;-0,007000;86,625;85,90;-3,4200;0,000;100,888;30,500;0,005;388,850;442,650;27,40;1134,117;263,196;0,000;840,300;882,900;859,700;314,350;;;;;0,00;0,00;0,00;3,00;3,35;15,662;26,548;0,61;0,52;999998,00;999998,00;999998,00;999998,00;999998,00;999998,00;999998,00;999998,00;999998,00;999998,00;999998,00;999998,00;999998,00;999998,00;999998,00;;;;;;;;;;;;;;;;;754,2263;20,14265;91,8913;0,37582779;0,37582779;0,00227;1,81329;9,0981;20,625858;0,152298;22,708811;25,850727;0,0345;3,4408;0,35;34,79;0,00;0,68;57,45;;348,818;349,604;7,5701694;18,42600;2,20300;0,00800;0,1245344;;64,89;25,00;;;
Test start time (s);60;26;19,50200;1,61500;0,006000;92,250;85,93;-3,8900;0,000;100,888;30,500;0,005;393,550;449,850;27,40;1134,250;263,196;0,000;840,800;882,900;859,600;314,350;;;;;0,00;0,00;0,00;3,00;3,35;15,654;26,548;0,61;0,52;999998,00;999998,00;999998,00;999998,00;999998,00;999998,00;999998,00;999998,00;999998,00;999998,00;999998,00;999998,00;999998,00;999998,00;999998,00;;;;;;;;;;;;;;;;;789,4880;21,22555;96,1836;0,37332789;0,37332789;0,00252;1,90814;9,8876;21,157515;0,151902;23,575714;26,948380;0,0359;3,5776;0,39;38,36;0,00;0,71;60,15;;365,089;349,604;7,9240911;18,37400;2,24400;0,00900;0,1271150;;64,42;26,00;;;
Time to ignition (s);11;27;19,29900;1,71000;-0,002000;93,175;84,14;-4,1300;0,000;100,888;30,500;0,005;398,050;456,350;27,40;1134,417;263,196;0,000;841,300;882,900;859,600;314,350;;;;;0,00;0,00;0,00;3,00;3,35;15,685;26,532;0,61;0,51;999998,00;999998,00;999998,00;999998,00;999998,00;999998,00;999998,00;999998,00;999998,00;999998,00;999998,00;999998,00;999998,00;999998,00;999998,00;;;;;;;;;;;;;;;;;797,7557;38,90003;201,3939;0,20583725;0,20583725;0,00289;3,48368;10,6853;21,142791;0,172987;23,828693;27,318739;0,0415;4,1302;0,43;42,49;0,00;0,72;60,76;;380,960;381,188;8,0070742;18,34600;2,26000;0,01100;0,1285550;;64,18;27,00;;;
Time to flameout (s);207;28;19,16600;1,80100;0,021000;96,625;84,71;-4,3800;0,000;100,888;30,500;0,005;402,150;461,950;27,40;1134,517;263,196;0,000;841,800;882,800;859,500;314,350;;;;;0,00;0,00;0,00;3,00;3,35;15,711;26,542;0,61;0,51;999998,00;999998,00;999998,00;999998,00;999998,00;999998,00;999998,00;999998,00;999998,00;999998,00;999998,00;999998,00;999998,00;999998,00;999998,00;;;;;;;;;;;;;;;;;813,1091;20,88129;104,5700;0,39083672;0,39083672;0,00387;1,87062;11,4984;21,420626;0,166295;24,390488;28,017372;0,0409;4,0719;0,47;46,57;0,00;0,73;61,96;;396,120;381,188;8,1611759;18,32900;2,27400;0,01600;0,1293406;;63,93;28,00;;;
End of test criteria;User end of test;29;19,02700;1,86500;0,001000;90,250;84,63;-4,8700;0,000;100,892;30,500;0,005;406,250;468,050;27,40;1133,817;263,196;0,000;839,900;882,700;859,400;314,350;;;;;0,00;0,00;0,00;3,00;3,35;15,711;26,545;0,61;0,51;999998,00;999998,00;999998,00;999998,00;999998,00;999998,00;999998,00;999998,00;999998,00;999998,00;999998,00;999998,00;999998,00;999998,00;999998,00;;;;;;;;;;;;;;;;;787,7347;21,51438;108,9665;0,36749808;0,36749808;0,00427;1,92931;12,2862;20,597208;0,167245;23,692015;27,296117;0,0400;3,9897;0,51;50,56;0,00;0,71;60,06;;410,061;409,571;7,9064927;18,30800;2,29300;0,01900;0,1303271;;63,44;29,00;;;
User EOT time (s);221;30;18,92000;1,94400;0,026000;90,975;85,67;-5,1200;0,000;100,892;30,500;0,005;410,650;474,050;27,40;1133,483;263,196;0,000;838,900;882,700;859,400;314,450;;;;;0,00;0,00;0,00;3,00;3,35;15,700;26,558;0,61;0,52;999998,00;999998,00;999998,00;999998,00;999998,00;999998,00;999998,00;999998,00;999998,00;999998,00;999998,00;999998,00;999998,00;999998,00;999998,00;;;;;;;;;;;;;;;;;792,6684;20,35651;96,0269;0,39083385;0,39083385;0,00499;1,82858;13,0788;20,568686;0,154974;23,915455;27,607747;0,0375;3,7392;0,54;54,30;0,00;0,71;60,48;;422,733;409,571;7,9560130;18,28600;2,31400;0,02300;0,1313394;;63,19;30,00;;;
MLR EOT mass (g/m²);;31;18,83000;2,00700;0,018000;91,825;84,26;-5,6400;0,000;100,888;30,500;0,005;414,350;478,850;27,40;1133,650;263,196;0,000;839,500;882,700;859,300;314,450;;;;;0,00;0,00;0,00;3,00;3,36;15,664;26,558;0,61;0,51;999998,00;999998,00;999998,00;999998,00;999998,00;999998,00;999998,00;999998,00;999998,00;999998,00;999998,00;999998,00;999998,00;999998,00;999998,00;;;;;;;;;;;;;;;;;802,9998;20,97973;109,2989;0,38416640;0,38416640;0,00608;1,88937;13,8818;20,572082;0,171618;24,134919;27,891893;0,0420;4,1834;0,59;58,48;0,01;0,73;61,33;;434,833;434,462;8,0597086;18,24900;2,34900;0,02900;0,1330533;;62,67;31,00;;;
MLR time period (s);;32;18,74900;2,07500;0,023000;92,300;84,96;-5,8500;0,000;100,892;30,500;0,005;417,550;482,450;27,30;1134,250;263,196;0,000;841,300;882,700;859,300;314,450;;;;;0,00;0,00;0,00;3,00;3,36;15,704;26,532;0,61;0,51;999998,00;999998,00;999998,00;999998,00;999998,00;999998,00;999998,00;999998,00;999998,00;999998,00;999998,00;999998,00;999998,00;999998,00;999998,00;;;;;;;;;;;;;;;;;812,8834;44,30195;218,2252;0,18416595;0,18416595;0,00444;3,97557;14,6947;20,546036;0,163244;24,290520;28,066007;0,0402;4,0041;0,63;62,48;0,00;0,73;62,02;;446,493;434,462;8,1589103;18,21500;2,37200;0,02000;0,1348865;;62,46;32,00;;;
Truncate graphs at EOT;;33;18,65900;2,11900;0,018000;87,550;84,49;-6,1000;0,000;100,880;30,500;0,005;420,950;485,850;27,40;1134,550;263,196;0,000;842,300;882,700;859,200;314,450;;;;;0,00;0,00;0,00;3,00;3,36;15,706;26,537;0,61;0,51;999998,00;999998,00;999998,00;999998,00;999998,00;999998,00;999998,00;999998,00;999998,00;999998,00;999998,00;999998,00;999998,00;999998,00;999998,00;;;;;;;;;;;;;;;;;796,2978;20,14895;102,3504;0,39666780;0,39666780;0,00483;1,81197;15,4910;19,929401;0,168820;23,753360;27,415535;0,0406;4,0449;0,67;66,53;0,00;0,72;60,80;;457,344;456,594;7,9924411;18,18600;2,40000;0,02300;0,1362421;;62,21;33,00;;;
Smooth data?;;34;18,57800;2,16500;0,004000;92,675;84,64;-6,5900;0,000;100,892;30,500;0,005;423,950;489,050;27,30;1133,850;263,203;0,000;840,200;882,700;859,200;314,450;;;;;0,00;0,00;0,00;3,00;3,36;15,658;26,553;0,61;0,51;999998,00;999998,00;999998,00;999998,00;999998,00;999998,00;999998,00;999998,00;999998,00;999998,00;999998,00;999998,00;999998,00;999998,00;999998,00;;;;;;;;;;;;;;;;;826,0098;22,61086;113,0600;0,36666711;0,36666711;0,00297;2,02843;16,3170;20,431743;0,167042;24,525639;28,291693;0,0415;4,1303;0,71;70,66;0,00;0,74;63,01;;467,750;456,594;8,2906605;18,15600;2,42200;0,01200;0,1378733;;61,72;34,00;;;
Correct O2 for pressure?;;35;18,51800;2,20300;-0,006000;87,750;85,78;-6,8000;0,000;100,888;30,500;0,005;427,050;492,950;27,40;1133,517;263,196;0,000;839,300;882,700;859,100;314,450;;;;;0,00;0,00;0,00;3,00;3,36;15,711;26,550;0,61;0,52;999998,00;999998,00;999998,00;999998,00;999998,00;999998,00;999998,00;999998,00;999998,00;999998,00;999998,00;999998,00;999998,00;999998,00;999998,00;;;;;;;;;;;;;;;;;806,2295;43,93931;202,3861;0,18416595;0,18416595;0,00288;3,93201;17,1232;19,809141;0,153683;23,952157;27,648322;0,0373;3,7135;0,75;74,37;0,00;0,72;61,48;;477,704;476,289;8,0921252;18,13800;2,43200;0,01200;0,1388148;;61,51;35,00;;;
;;36;18,47800;2,24400;0,008000;91,775;84,34;-7,0500;0,000;100,884;30,500;0,005;430,150;495,850;27,30;1133,683;263,203;0,000;839,800;882,700;859,100;314,450;;;;;0,00;0,00;0,00;3,00;3,36;15,687;26,556;0,61;0,51;999998,00;999998,00;999998,00;999998,00;999998,00;999998,00;999998,00;999998,00;999998,00;999998,00;999998,00;999998,00;999998,00;999998,00;999998,00;;;;;;;;;;;;;;;;;818,9355;19,96677;103,0075;0,41166687;0,41166687;0,00187;1,78346;17,9422;20,185228;0,170583;24,584075;28,338982;0,0424;4,2248;0,79;78,60;0,00;0,73;62,41;;487,006;476,289;8,2196560;18,14900;2,42000;0,00600;0,1383685;;61,26;36,00;;;
Apparatus;;37;18,42600;2,26000;0,009000;90,875;83,06;-7,5700;0,000;100,888;30,500;0,005;432,650;498,350;27,30;1133,917;263,196;0,000;840,600;882,600;859,100;314,450;;;;;0,00;0,00;0,00;3,00;3,36;15,706;26,526;0,61;0,50;999998,00;999998,00;999998,00;999998,00;999998,00;999998,00;999998,00;999998,00;999998,00;999998,00;999998,00;999998,00;999998,00;999998,00;999998,00;;;;;;;;;;;;;;;;;807,5044;20,17815;114,7640;0,40166823;0,40166823;0,00397;1,80828;18,7497;20,027894;0,185955;24,534221;28,259861;0,0461;4,5927;0,83;83,19;0,00;0,73;61,61;;495,822;494,159;8,1049213;18,16300;2,41300;0,01800;0,1374975;;60,74;37,00;;;
C-factor (SI units);0,0437;38;18,37400;2,27400;0,011000;88,575;84,53;-7,8100;0,000;100,884;30,500;0,005;435,650;501,750;27,40;1134,183;263,203;0,000;841,400;882,600;859,100;314,450;;;;;0,00;0,00;0,00;3,00;3,36;15,711;26,545;0,61;0,51;999998,00;999998,00;999998,00;999998,00;999998,00;999998,00;999998,00;999998,00;999998,00;999998,00;999998,00;999998,00;999998,00;999998,00;999998,00;;;;;;;;;;;;;;;;;798,7394;40,08503;206,7848;0,19999854;0,19999854;0,00269;3,60933;19,5484;19,704624;0,168420;24,305589;27,993410;0,0414;4,1204;0,88;87,31;0,00;0,72;60,97;;503,909;494,159;8,0169475;18,14700;2,43700;0,01100;0,1382464;;60,50;38,00;;;
OD correction factor;1;39;18,34600;2,29300;0,016000;87,275;84,67;-8,0600;0,000;100,888;30,500;0,005;438,050;504,250;27,40;1134,450;263,196;0,000;842,300;882,500;859,100;314,450;;;;;0,00;0,00;0,00;3,00;3,36;15,708;26,550;0,61;0,51;999998,00;999998,00;999998,00;999998,00;999998,00;999998,00;999998,00;999998,00;999998,00;999998,00;999998,00;999998,00;999998,00;999998,00;999998,00;;;;;;;;;;;;;;;;;803,4219;20,11801;101,5948;0,40083218;0,40083218;0,00559;1,81108;20,3518;19,505834;0,166697;24,192930;27,849070;0,0407;4,0572;0,92;91,37;0,01;0,73;61,41;;511,529;510,123;8,0639454;18,09800;2,47500;0,02800;0,1405084;;60,25;39,00;;;
Duct diameter (m);0,114;40;18,32900;2,31400;0,019000;83,950;84,95;-8,5700;0,000;100,884;30,500;0,005;440,350;506,250;27,40;1134,750;263,203;0,000;843,200;882,500;859,100;314,450;;;;;0,00;0,00;0,00;3,00;3,37;15,704;26,550;0,61;0,52;999998,00;999998,00;999998,00;999998,00;999998,00;999998,00;999998,00;999998,00;999998,00;999998,00;999998,00;999998,00;999998,00;999998,00;999998,00;;;;;;;;;;;;;;;;;800,1132;20,59153;100,5283;0,39000193;0,39000193;0,00497;1,85453;21,1520;19,080633;0,163419;23,789815;27,350048;0,0392;3,9062;0,96;95,27;0,00;0,72;61,16;;518,785;510,123;8,0307363;18,04600;2,52000;0,02500;0,1430858;;59,74;40,00;;;
O2 delay time (s);12;41;18,30800;2,34900;0,023000;90,075;82,64;-8,8400;0,000;100,884;30,500;0,005;441,850;506,750;27,40;1134,917;263,203;0,000;843,700;882,500;859,100;314,450;;;;;0,00;0,00;0,00;3,00;3,37;15,721;26,553;0,61;0,50;999998,00;999998,00;999998,00;999998,00;999998,00;999998,00;999998,00;999998,00;999998,00;999998,00;999998,00;999998,00;999998,00;999998,00;999998,00;;;;;;;;;;;;;;;;;836,2310;20,59697;116,4185;0,40749931;0,40749931;0,00479;1,85022;21,9882;19,730866;0,191035;24,684326;28,310021;0,0474;4,7266;1,00;100,00;0,00;0,75;63,90;;526,087;525,230;8,3932510;18,01600;2,54000;0,02300;0,1446396;;59,47;41,00;;;
CO2 delay time (s);10;42;18,28600;2,37200;0,029000;92,675;81,34;-9,3700;0,000;100,892;30,500;0,005;443,650;508,150;27,40;1134,583;263,203;0,000;842,700;882,500;859,100;314,450;;;;;0,00;0,00;0,00;3,00;3,37;15,648;26,534;0,61;0,49;999998,00;999998,00;999998,00;999998,00;999998,00;999998,00;999998,00;999998,00;999998,00;999998,00;999998,00;999998,00;999998,00;999998,00;999998,00;;;;;;;;;;;;;;;;;851,6433;22,34758;136,2758;0,38249969;0,38249969;0,00379;2,00734;22,8398;19,972963;0,206785;25,088994;28,736554;0,0521;5,1933;1,06;105,19;0,00;0,77;65,06;;533,655;525,230;8,5479435;17,99900;2,55500;0,01700;0,1455328;;58,94;42,00;;;
CO delay time (s);10;43;18,24900;2,40000;0,020000;80,675;84,66;-9,5700;0,000;100,884;30,500;0,005;445,950;511,150;27,40;1134,483;263,203;0,000;842,500;882,500;859,000;314,450;;;;;0,00;0,00;0,00;3,00;3,37;15,711;26,553;0,61;0,51;999998,00;999998,00;999998,00;999998,00;999998,00;999998,00;999998,00;999998,00;999998,00;999998,00;999998,00;999998,00;999998,00;999998,00;999998,00;;;;;;;;;;;;;;;;;797,2782;45,29579;222,9148;0,17666721;0,17666721;0,00254;4,07031;23,6371;18,586937;0,166895;23,468983;26,900260;0,0394;3,9237;1,10;109,12;0,00;0,72;60,89;;540,418;538,790;8,0022809;17,98200;2,57100;0,01100;0,1464151;;58,74;43,00;;;
;;44;18,21500;2,42200;0,023000;82,575;83,87;-9,8200;0,000;100,892;30,500;0,005;448,450;513,750;27,40;1134,350;263,203;0,000;842,100;882,500;859,000;314,450;;;;;0,00;0,00;0,00;3,00;3,37;15,687;26,556;0,61;0,51;999998,00;999998,00;999998,00;999998,00;999998,00;999998,00;999998,00;999998,00;999998,00;999998,00;999998,00;999998,00;999998,00;999998,00;999998,00;;;;;;;;;;;;;;;;;811,6571;20,24000;104,7548;0,40250015;0,40250015;0,00041;1,81886;24,4488;18,752048;0,176215;23,810198;27,277265;0,0422;4,2008;1,14;113,32;0,00;0,73;61,95;;546,419;538,790;8,1466024;17,95700;2,59400;-0,00200;0,1477627;;58,49;44,00;;;
Laboratory;;45;18,18600;2,43200;0,012000;84,425;82,35;-10,3200;0,000;100,884;30,500;0,005;450,350;515,050;27,40;1134,217;263,203;0,000;841,800;882,400;859,000;314,550;;;;;0,00;0,00;0,00;3,00;3,37;15,679;26,558;0,61;0,50;999998,00;999998,00;999998,00;999998,00;999998,00;999998,00;999998,00;999998,00;999998,00;999998,00;999998,00;999998,00;999998,00;999998,00;999998,00;;;;;;;;;;;;;;;;;820,6577;21,77176;124,4452;0,37833150;0,37833150;0,00192;1,95249;25,2694;18,920904;0,194520;24,126389;27,592532;0,0471;4,6908;1,18;118,01;0,00;0,74;62,66;;552,413;550,798;8,2369409;17,95000;2,59400;0,00700;0,1480735;;57,99;45,00;;;
Laboratory name;FZJ IAS-7;46;18,15600;2,42000;0,012000;86,025;83,26;-10,5400;0,000;100,892;30,500;0,005;452,050;516,650;27,40;1133,783;263,203;0,000;840,700;882,300;858,900;314,450;;;;;0,00;0,00;0,00;3,00;3,37;15,662;26,537;0,61;0,51;999998,00;999998,00;999998,00;999998,00;999998,00;999998,00;999998,00;999998,00;999998,00;999998,00;999998,00;999998,00;999998,00;999998,00;999998,00;;;;;;;;;;;;;;;;;824,9399;43,38808;235,2021;0,19083405;0,19083405;0,00328;3,89543;26,0944;19,063408;0,183487;24,399857;27,886708;0,0449;4,4719;1,23;122,48;0,00;0,74;63,02;;558,291;550,798;8,2799221;17,95500;2,59100;0,01500;0,1477289;;57,77;46,00;;;
Operator;DK;47;18,13800;2,41300;0,006000;81,875;82,99;-10,7900;0,000;100,884;30,500;0,005;453,850;518,350;27,40;1133,650;263,203;0,000;840,200;882,400;858,900;314,550;;;;;0,00;0,00;0,00;3,00;3,37;15,654;26,542;0,61;0,50;999998,00;999998,00;999998,00;999998,00;999998,00;999998,00;999998,00;999998,00;999998,00;999998,00;999998,00;999998,00;999998,00;999998,00;999998,00;;;;;;;;;;;;;;;;;806,9308;20,33249;112,0410;0,39833609;0,39833609;0,00221;1,82918;26,9013;18,560981;0,186770;23,851381;27,241079;0,0446;4,4465;1,27;126,93;0,00;0,73;61,65;;563,773;561,989;8,0991644;17,94100;2,60800;0,00900;0,1484256;;57,52;47,00;;;
Filename;24072026_FZJ_PMMA_CN_6mm_q75_Al2O3_R3,csv;48;18,14900;2,43700;0,018000;82,400;85,17;-11,2900;0,000;100,892;30,500;0,005;456,050;520,850;27,40;1133,617;263,203;0,000;840,200;882,300;858,900;314,550;;;;;0,00;0,00;0,00;3,00;3,37;15,717;26,574;0,61;0,52;999998,00;999998,00;999998,00;999998,00;999998,00;999998,00;999998,00;999998,00;999998,00;999998,00;999998,00;999998,00;999998,00;999998,00;999998,00;;;;;;;;;;;;;;;;;813,3138;20,66655;97,8163;0,39499728;0,39499728;0,00336;1,86266;27,7146;18,575427;0,160790;23,985652;27,393766;0,0386;3,8495;1,31;130,78;0,00;0,74;62,19;;568,905;561,989;8,1632301;17,91700;2,63100;0,01600;0,1495006;;57,02;48,00;;;
Report name;;49;18,16300;2,47500;0,011000;82,175;83,63;-11,5400;0,000;100,884;30,500;0,005;457,750;522,350;27,40;1133,517;263,203;0,000;839,900;882,300;858,900;314,550;;;;;0,00;0,00;0,00;3,00;3,38;15,692;26,561;0,61;0,51;999998,00;999998,00;999998,00;999998,00;999998,00;999998,00;999998,00;999998,00;999998,00;999998,00;999998,00;999998,00;999998,00;999998,00;999998,00;;;;;;;;;;;;;;;;;820,5289;38,75618;202,4485;0,21249898;0,21249898;0,00613;3,50327;28,5351;18,515571;0,179092;23,997485;27,384132;0,0430;4,2862;1,36;135,06;0,01;0,74;62,85;;573,967;572,264;8,2356482;17,87500;2,67000;0,03300;0,1513447;;56,77;49,00;;;
;;50;18,14700;2,52000;0,028000;90,525;82,15;-11,8000;0,000;100,884;30,500;0,005;458,750;522,350;27,40;1133,683;263,203;0,000;840,200;882,400;859,000;314,550;;;;;0,00;0,00;0,00;3,00;3,38;15,700;26,564;0,61;0,50;999998,00;999998,00;999998,00;999998,00;999998,00;999998,00;999998,00;999998,00;999998,00;999998,00;999998,00;999998,00;999998,00;999998,00;999998,00;;;;;;;;;;;;;;;;;870,5453;21,22500;120,4916;0,41166846;0,41166846;0,00694;1,91110;29,4057;19,412330;0,196956;25,214712;28,710419;0,0496;4,9420;1,41;140,00;0,01;0,79;66,66;;579,398;572,264;8,7376630;17,83900;2,69100;0,03600;0,1531818;;56,51;50,00;;;
Pre-test conditions;;51;18,09800;2,54000;0,025000;83,750;83,71;-12,3200;0,000;100,886;30,500;0,005;460,650;524,250;27,30;1133,983;263,203;0,000;841,200;882,300;859,000;314,550;;;;;0,00;0,00;0,00;3,00;3,38;15,711;26,553;0,61;0,51;999998,00;999998,00;999998,00;999998,00;999998,00;999998,00;999998,00;999998,00;999998,00;999998,00;999998,00;999998,00;999998,00;999998,00;999998,00;;;;;;;;;;;;;;;;;838,8206;21,26965;109,1414;0,39583365;0,39583365;0,00485;1,91068;30,2445;18,633237;0,178066;24,302987;27,658398;0,0432;4,3043;1,45;144,31;0,00;0,76;64,17;;584,796;582,359;8,4192425;17,83000;2,69500;0,02500;0,1537795;;55,99;51,00;;;
Ambient temperature (°C);27,4;52;18,04600;2,55500;0,023000;78,300;83,06;-12,5900;0,000;100,892;30,500;0,005;462,050;525,850;27,40;1134,583;263,203;0,000;842,800;882,400;859,100;314,550;;;;;0,00;0,00;0,00;3,00;3,38;15,725;26,590;0,61;0,51;999998,00;999998,00;999998,00;999998,00;999998,00;999998,00;999998,00;999998,00;999998,00;999998,00;999998,00;999998,00;999998,00;999998,00;999998,00;;;;;;;;;;;;;;;;;812,8874;20,48270;109,6523;0,39833387;0,39833387;0,00198;1,84071;31,0574;17,989448;0,185905;23,534613;26,784280;0,0437;4,3517;1,49;148,66;0,00;0,73;62,13;;589,432;582,359;8,1589513;17,82100;2,70600;0,00800;0,1543663;;55,72;52,00;;;
Barometric pressure (Pa);100888;53;18,01600;2,57100;0,017000;78,900;84,95;-13,1100;0,000;100,892;30,500;0,005;463,950;528,250;27,30;1134,483;263,203;0,000;842,500;882,400;859,100;314,550;;;;;0,00;0,00;0,00;3,00;3,38;15,677;26,532;0,61;0,52;999998,00;999998,00;999998,00;999998,00;999998,00;999998,00;999998,00;999998,00;999998,00;999998,00;999998,00;999998,00;999998,00;999998,00;999998,00;;;;;;;;;;;;;;;;;817,5812;20,86286;98,2174;0,39333344;0,39333344;0,00183;1,87655;31,8750;18,021227;0,163392;23,673137;26,954057;0,0386;3,8490;1,53;152,51;0,00;0,74;62,50;;593,692;591,636;8,2060621;17,80800;2,71900;0,00700;0,1549938;;55,20;53,00;;;
Relative hunidity (%);30,4;54;17,99900;2,59400;0,011000;85,050;82,04;-13,3400;0,000;100,884;30,500;0,005;465,850;530,050;27,30;1134,417;263,203;0,000;842,400;882,400;859,000;314,550;;;;;0,00;0,00;0,00;3,00;3,38;15,727;26,537;0,61;0,50;999998,00;999998,00;999998,00;999998,00;999998,00;999998,00;999998,00;999998,00;999998,00;999998,00;999998,00;999998,00;999998,00;999998,00;999998,00;;;;;;;;;;;;;;;;;849,6387;42,28703;241,6572;0,20166524;0,20166524;0,00222;3,79656;32,7246;18,672202;0,198254;24,628724;28,022872;0,0487;4,8554;1,58;157,36;0,00;0,77;64,95;;598,135;591,636;8,5278233;17,79900;2,72200;0,00900;0,1554634;;54,97;54,00;;;
;;55;17,98200;2,59400;-0,002000;85,550;84,12;-13,6000;0,000;100,886;30,500;0,005;466,950;530,550;27,30;1134,517;263,203;0,000;842,600;882,400;859,100;314,550;;;;;0,00;0,00;0,00;3,00;3,38;15,711;26,550;0,61;0,51;999998,00;999998,00;999998,00;999998,00;999998,00;999998,00;999998,00;999998,00;999998,00;999998,00;999998,00;999998,00;999998,00;999998,00;999998,00;;;;;;;;;;;;;;;;;850,4699;21,47463;107,4349;0,39750004;0,39750004;0,00289;1,93095;33,5751;18,704937;0,173262;24,730158;28,098480;0,0427;4,2548;1,62;161,62;0,00;0,77;65,04;;602,715;600,450;8,5361667;17,80000;2,72400;0,01300;0,1553415;;54,71;55,00;;;
Conditioning;;56;17,95700;2,59100;0,007000;81,400;83,91;-14,0900;0,000;100,884;30,500;0,005;468,550;532,650;27,30;1134,317;263,203;0,000;842,100;882,400;859,000;314,550;;;;;0,00;0,00;0,00;3,00;3,38;15,708;26,577;0,61;0,51;999998,00;999998,00;999998,00;999998,00;999998,00;999998,00;999998,00;999998,00;999998,00;999998,00;999998,00;999998,00;999998,00;999998,00;999998,00;;;;;;;;;;;;;;;;;830,4657;21,41848;108,8142;0,38916779;0,38916779;0,00217;1,92919;34,4055;18,214434;0,175740;24,164170;27,469950;0,0423;4,2191;1,66;165,84;0,00;0,75;63,52;;606,961;600,450;8,3353838;17,79100;2,73600;0,00900;0,1557792;;54,22;56,00;;;
Conditionet ? (Y/N);N;57;17,95000;2,60800;0,015000;82,075;85,13;-14,3400;0,000;100,892;30,500;0,005;469,950;533,550;27,30;1134,150;263,203;0,000;841,600;882,300;859,100;314,550;;;;;0,00;0,00;0,00;3,00;3,38;15,749;26,574;0,61;0,52;999998,00;999998,00;999998,00;999998,00;999998,00;999998,00;999998,00;999998,00;999998,00;999998,00;999998,00;999998,00;999998,00;999998,00;999998,00;;;;;;;;;;;;;;;;;840,3660;40,64945;188,0615;0,20749982;0,20749982;0,00266;3,65879;35,2459;18,262535;0,161245;24,300375;27,589031;0,0390;3,8879;1,70;169,73;0,00;0,76;64,29;;610,969;609,045;8,4347539;17,76100;2,75900;0,01200;0,1572452;;53,97;57,00;;;
Conditioning temperature (°C);;58;17,95500;2,63100;0,009000;78,875;84,87;-14,5900;0,000;100,886;30,500;0,005;471,250;535,150;27,30;1134,250;263,203;0,000;841,700;882,300;859,300;314,550;;;;;0,00;0,00;0,00;3,00;3,39;15,687;26,561;0,61;0,52;999998,00;999998,00;999998,00;999998,00;999998,00;999998,00;999998,00;999998,00;999998,00;999998,00;999998,00;999998,00;999998,00;999998,00;999998,00;;;;;;;;;;;;;;;;;831,7097;20,56967;96,2326;0,40583388;0,40583388;0,00497;1,85363;36,0776;17,878268;0,164352;23,854871;27,089515;0,0391;3,8910;1,74;173,62;0,00;0,75;63,71;;614,849;609,045;8,3478701;17,72200;2,79200;0,02700;0,1590005;;53,72;58,00;;;
Conditioning RH (%);;59;17,94100;2,67000;0,016000;79,000;82,06;-15,1100;0,000;100,884;30,500;0,005;472,150;535,050;27,30;1134,517;263,203;0,000;842,400;882,300;859,400;314,550;;;;;0,00;0,00;0,00;3,00;3,39;15,694;26,561;0,61;0,50;999998,00;999998,00;999998,00;999998,00;999998,00;999998,00;999998,00;999998,00;999998,00;999998,00;999998,00;999998,00;999998,00;999998,00;999998,00;;;;;;;;;;;;;;;;;838,2227;21,34448;119,3098;0,39416472;0,39416472;0,00418;1,92209;36,9158;17,875368;0,197974;23,896553;27,080060;0,0470;4,6854;1,79;178,30;0,00;0,76;64,19;;618,580;616,850;8,4132416;17,69700;2,81200;0,02200;0,1602925;;53,20;59,00;;;
;;60;17,91700;2,69100;0,033000;78,600;80,09;-15,3800;0,000;100,884;30,500;0,005;473,550;536,450;27,30;1134,883;263,203;0,000;843,400;882,300;859,500;314,550;;;;;0,00;0,00;0,00;3,00;3,39;15,723;26,572;0,61;0,49;999998,00;999998,00;999998,00;999998,00;999998,00;999998,00;999998,00;999998,00;999998,00;999998,00;999998,00;999998,00;999998,00;999998,00;999998,00;;;;;;;;;;;;;;;;;844,0685;20,45533;127,3479;0,41416677;0,41416677;0,00401;1,84432;37,7599;17,803681;0,222348;23,871291;27,042031;0,0527;5,2549;1,84;183,56;0,00;0,76;64,66;;622,290;616,850;8,4719159;17,66000;2,84600;0,02100;0,1620903;;52,93;60,00;;;
Data collected;;61;17,87500;2,69500;0,036000;79,100;81,43;-15,9300;0,000;100,886;30,500;0,005;474,450;537,450;27,30;1135,350;263,203;0,000;844,900;882,200;859,500;314,550;;;;;0,00;0,00;0,00;3,00;3,39;15,687;26,569;0,61;0,50;999998,00;999998,00;999998,00;999998,00;999998,00;999998,00;999998,00;999998,00;999998,00;999998,00;999998,00;999998,00;999998,00;999998,00;999998,00;;;;;;;;;;;;;;;;;853,7366;20,36187;116,4094;0,42083327;0,42083327;0,00338;1,83539;38,6136;17,843270;0,205679;23,969842;27,152685;0,0490;4,8808;1,89;188,44;0,00;0,77;65,39;;626,005;624,363;8,5689539;17,63000;2,87100;0,01700;0,1636085;;52,38;61,00;;;
CO/CO2 data collected?;Yes;62;17,83900;2,70600;0,025000;84,225;83,58;-16,1800;0,000;100,894;30,500;0,005;475,750;538,850;27,30;1134,883;263,203;0,000;843,400;882,300;859,500;314,550;;;;;0,00;0,00;0,00;3,00;3,39;15,715;26,577;0,61;0,51;999998,00;999998,00;999998,00;999998,00;999998,00;999998,00;999998,00;999998,00;999998,00;999998,00;999998,00;999998,00;999998,00;999998,00;999998,00;;;;;;;;;;;;;;;;;885,2431;40,54140;201,6811;0,21916326;0,21916326;0,00430;3,66126;39,4989;18,387070;0,179621;24,768038;28,053090;0,0442;4,4038;1,94;192,84;0,00;0,80;67,85;;629,932;624,363;8,8851848;17,60700;2,89400;0,02200;0,1646471;;52,13;62,00;;;
Mass data collected?;Yes;63;17,83000;2,71900;0,008000;83,450;82,83;-16,4600;0,000;100,886;30,500;0,005;476,850;539,150;27,30;1134,917;263,203;0,000;843,600;882,200;859,500;314,650;;;;;0,00;0,00;0,00;3,00;3,39;15,706;26,585;0,61;0,50;999998,00;999998,00;999998,00;999998,00;999998,00;999998,00;999998,00;999998,00;999998,00;999998,00;999998,00;999998,00;999998,00;999998,00;999998,00;;;;;;;;;;;;;;;;;888,5108;20,73945;107,3864;0,43000094;0,43000094;0,00185;1,87422;40,3874;18,281159;0,188630;24,682308;27,907029;0,0462;4,6006;1,98;197,44;0,00;0,81;68,07;;634,010;632,196;8,9179834;17,57700;2,92300;0,00700;0,1662382;;51,85;63,00;;;
Smoke data collected;Yes;64;17,82100;2,72200;0,007000;81,550;83,95;-16,9900;0,000;100,884;30,500;0,005;478,350;541,950;27,30;1135,450;263,203;0,000;845,300;882,100;859,500;314,750;;;;;0,00;0,00;0,00;3,00;3,39;15,688;26,593;0,61;0,51;999998,00;999998,00;999998,00;999998,00;999998,00;999998,00;999998,00;999998,00;999998,00;999998,00;999998,00;999998,00;999998,00;999998,00;999998,00;;;;;;;;;;;;;;;;;886,7361;21,36025;102,1634;0,41666985;0,41666985;0,00231;1,92697;41,2741;18,043490;0,175272;24,438052;27,687262;0,0426;4,2411;2,02;201,68;0,00;0,80;67,94;;637,973;632,196;8,9001705;17,53900;2,95000;0,01000;0,1681245;;51,32;64,00;;;
Soot mass data colelcted;;65;17,80800;2,72400;0,009000;75,375;82,12;-17,2500;0,000;100,886;30,500;0,005;479,650;543,550;27,30;1137,150;263,203;0,000;850,500;882,000;859,500;314,750;;;;;0,00;0,00;0,00;3,00;3,39;15,729;26,574;0,61;0,50;999998,00;999998,00;999998,00;999998,00;999998,00;999998,00;999998,00;999998,00;999998,00;999998,00;999998,00;999998,00;999998,00;999998,00;999998,00;;;;;;;;;;;;;;;;;856,7463;40,94863;219,6891;0,20999877;0,20999877;0,00099;3,68978;42,1309;17,323390;0,197268;23,526515;26,660767;0,0461;4,5964;2,07;206,28;0,00;0,77;65,61;;641,569;639,594;8,5991628;17,51900;2,96500;0,00200;0,1692089;;51,06;65,00;;;
Soot mass ratio (1:x);;66;17,79900;2,73600;0,013000;76,950;81,35;-17,5000;0,000;100,886;30,500;0,005;480,650;543,750;27,30;1142,683;263,203;0,000;867,100;882,000;859,500;314,750;;;;;0,00;0,00;0,00;3,00;3,39;15,753;26,574;0,61;0,50;999998,00;999998,00;999998,00;999998,00;999998,00;999998,00;999998,00;999998,00;999998,00;999998,00;999998,00;999998,00;999998,00;999998,00;999998,00;;;;;;;;;;;;;;;;;865,5688;21,45128;120,5317;0,40499751;0,40499751;0,00270;1,93176;42,9965;17,485227;0,206723;23,795810;26,919738;0,0488;4,8635;2,12;211,14;0,00;0,78;66,32;;644,896;639,594;8,6877140;17,51400;2,96600;0,01300;0,1693729;;50,81;66,00;;;
Soot mass (g);;67;17,80000;2,75900;0,009000;73,900;81,39;-18,0200;0,000;100,882;30,500;0,005;481,650;545,150;27,30;1145,450;263,203;0,000;875,500;881,900;859,500;314,750;;;;;0,00;0,00;0,00;3,00;3,39;15,734;26,585;0,61;0,50;999998,00;999998,00;999998,00;999998,00;999998,00;999998,00;999998,00;999998,00;999998,00;999998,00;999998,00;999998,00;999998,00;999998,00;999998,00;;;;;;;;;;;;;;;;;846,4271;21,69068;122,0058;0,39166991;0,39166991;0,00294;1,95147;43,8429;17,117403;0,206182;23,343701;26,421299;0,0478;4,7610;2,17;215,90;0,00;0,76;64,85;;648,047;645,922;8,4955885;17,51800;2,96000;0,01500;0,1691832;;50,29;67,00;;;
;;68;17,79100;2,79200;0,012000;75,275;81,15;-18,2900;0,000;100,886;30,500;0,005;482,850;546,450;27,30;1147,383;263,203;0,000;881,500;881,800;859,400;314,750;;;;;0,00;0,00;0,00;3,00;3,40;15,729;26,569;0,61;0,49;999998,00;999998,00;999998,00;999998,00;999998,00;999998,00;999998,00;999998,00;999998,00;999998,00;999998,00;999998,00;999998,00;999998,00;999998,00;;;;;;;;;;;;;;;;;849,9921;19,68772;113,0386;0,43333467;0,43333467;0,00434;1,77308;44,6929;17,254434;0,209172;23,589200;26,696320;0,0490;4,8803;2,22;220,79;0,00;0,77;65,16;;650,991;645,922;8,5313705;17,52900;2,95200;0,02400;0,1685360;;50,02;68,00;;;
Comments;;69;17,76100;2,81200;0,027000;82,900;80,96;-18,8700;0,000;100,886;30,500;0,005;483,550;546,450;27,30;1146,717;263,203;0,000;879,700;881,700;859,300;314,750;;;;;0,00;0,00;0,00;3,00;3,40;15,734;26,588;0,61;0,49;999998,00;999998,00;999998,00;999998,00;999998,00;999998,00;999998,00;999998,00;999998,00;999998,00;999998,00;999998,00;999998,00;999998,00;999998,00;;;;;;;;;;;;;;;;;889,4398;20,88268;121,5033;0,42749818;0,42749818;0,00471;1,87827;45,5823;18,094143;0,211514;24,773060;27,995530;0,0519;5,1751;2,27;225,96;0,00;0,80;68,17;;654,161;652,358;8,9273073;17,53700;2,94200;0,02500;0,1681670;;49,44;69,00;;;
Pre-test comments;;70;17,72200;2,84600;0,022000;80,800;84,25;-19,1000;0,000;100,886;30,500;0,005;484,550;547,650;27,30;1143,917;263,203;0,000;871,900;881,300;859,100;314,750;;;;;0,00;0,00;0,00;3,00;3,40;15,725;26,585;0,61;0,51;999998,00;999998,00;999998,00;999998,00;999998,00;999998,00;999998,00;999998,00;999998,00;999998,00;999998,00;999998,00;999998,00;999998,00;999998,00;;;;;;;;;;;;;;;;;875,1967;44,47767;211,0521;0,19750023;0,19750023;0,00465;3,99997;46,4575;17,845052;0,171728;24,482552;27,670766;0,0417;4,1529;2,31;230,11;0,00;0,79;67,08;;657,420;652,358;8,7843491;17,54500;2,93500;0,02500;0,1677771;;49,21;70,00;;;
After test comments;;71;17,69700;2,87100;0,021000;75,775;84,42;-19,3700;0,000;100,888;30,500;0,005;485,750;549,250;27,40;1141,250;263,203;0,000;864,600;881,000;858,700;314,750;;;;;0,00;0,00;0,00;3,00;3,40;15,765;26,585;0,61;0,51;999998,00;999998,00;999998,00;999998,00;999998,00;999998,00;999998,00;999998,00;999998,00;999998,00;999998,00;999998,00;999998,00;999998,00;999998,00;;;;;;;;;;;;;;;;;846,2378;19,48839;91,6833;0,43583330;0,43583330;0,00465;1,75561;47,3037;17,259889;0,169710;23,738381;26,841597;0,0400;3,9811;2,35;234,09;0,00;0,77;64,88;;660,283;658,427;8,4936892;17,54500;2,93900;0,02600;0,1677247;;48,94;71,00;;;
;;72;17,66000;2,89400;0,017000;79,600;84,04;-19,9200;0,000;100,886;30,500;0,005;487,050;550,450;27,40;1139,217;263,203;0,000;859,200;880,600;858,400;314,750;;;;;0,00;0,00;0,00;3,00;3,40;15,706;26,574;0,61;0,51;999998,00;999998,00;999998,00;999998,00;999998,00;999998,00;999998,00;999998,00;999998,00;999998,00;999998,00;999998,00;999998,00;999998,00;999998,00;;;;;;;;;;;;;;;;;868,0473;19,83897;95,8273;0,43916543;0,43916543;0,00366;1,78642;48,1718;17,666528;0,174242;24,362677;27,534002;0,0421;4,1929;2,39;238,29;0,00;0,78;66,52;;663,018;658,427;8,7125909;17,53900;2,94400;0,01900;0,1680931;;48,39;72,00;;;
Events;;73;17,63000;2,92300;0,022000;77,375;81,64;-20,2000;0,000;100,884;30,500;0,005;487,750;551,150;27,40;1138,183;263,203;0,000;857,000;880,100;858,000;314,750;;;;;0,00;0,00;0,00;3,00;3,40;15,721;26,574;0,61;0,50;999998,00;999998,00;999998,00;999998,00;999998,00;999998,00;999998,00;999998,00;999998,00;999998,00;999998,00;999998,00;999998,00;999998,00;999998,00;;;;;;;;;;;;;;;;;856,4517;36,97297;208,1844;0,23249976;0,23249976;0,00407;3,32562;49,0282;17,405365;0,203153;24,037023;27,161466;0,0484;4,8224;2,44;243,11;0,00;0,77;65,63;;665,747;663,713;8,5962056;17,53400;2,94500;0,02200;0,1683407;;48,11;73,00;;;
Number of events;;74;17,60700;2,95000;0,007000;79,075;82,06;-20,4700;0,000;100,888;30,500;0,005;488,250;550,550;27,40;1137,150;263,203;0,000;854,900;879,500;857,600;314,750;;;;;0,00;0,00;0,00;3,00;3,40;15,742;26,569;0,61;0,50;999998,00;999998,00;999998,00;999998,00;999998,00;999998,00;999998,00;999998,00;999998,00;999998,00;999998,00;999998,00;999998,00;999998,00;999998,00;;;;;;;;;;;;;;;;;867,3638;21,27678;116,3793;0,40916570;0,40916570;-0,00008;1,91333;49,8956;17,586520;0,198017;24,312098;27,414286;0,0476;4,7443;2,49;247,85;0,00;0,78;66,38;;668,398;663,713;8,7057305;17,53100;2,95100;-0,00500;0,1687340;;47,84;74,00;;;
Event1;;75;17,57700;2,96500;0,010000;78,475;83,49;-20,9800;0,000;100,882;30,500;0,005;489,150;551,450;27,40;1135,917;263,203;0,000;851,800;879,200;857,300;314,750;;;;;0,00;0,00;0,00;3,00;3,40;15,709;26,609;0,61;0,51;999998,00;999998,00;999998,00;999998,00;999998,00;999998,00;999998,00;999998,00;999998,00;999998,00;999998,00;999998,00;999998,00;999998,00;999998,00;;;;;;;;;;;;;;;;;864,1981;21,11300;105,4629;0,41083495;0,41083495;0,00085;1,89918;50,7598;17,503547;0,180734;24,241997;27,329549;0,0433;4,3168;2,53;252,17;0,00;0,78;66,16;;671,029;668,956;8,6739564;17,52600;2,95500;0,00100;0,1689188;;47,33;75,00;;;
Event2;;76;17,53900;2,96600;0,002000;78,650;82,66;-21,2500;0,000;100,888;30,500;0,005;489,950;552,050;27,40;1134,083;263,203;0,000;847,100;878,700;857,000;314,750;;;;;0,00;0,00;0,00;3,00;3,40;15,767;26,588;0,61;0,50;999998,00;999998,00;999998,00;999998,00;999998,00;999998,00;999998,00;999998,00;999998,00;999998,00;999998,00;999998,00;999998,00;999998,00;999998,00;;;;;;;;;;;;;;;;;864,3234;39,13602;206,5841;0,22166824;0,22166824;0,00286;3,52821;51,6241;17,508741;0,190753;24,288850;27,367404;0,0458;4,5624;2,58;256,73;0,00;0,78;66,24;;673,572;668,956;8,6752135;17,52300;2,96100;0,01400;0,1688938;;47,06;76,00;;;
Event3;;77;17,51900;2,96000;0,013000;74,175;82,19;-21,5100;0,000;100,884;30,500;0,005;490,650;552,450;27,40;1133,250;263,203;0,000;845,100;878,300;856,900;314,750;;;;;0,00;0,00;0,00;3,00;3,41;15,776;26,590;0,61;0,50;999998,00;999998,00;999998,00;999998,00;999998,00;999998,00;999998,00;999998,00;999998,00;999998,00;999998,00;999998,00;999998,00;999998,00;999998,00;;;;;;;;;;;;;;;;;844,6634;20,10570;108,6145;0,42166583;0,42166583;0,00247;1,81538;52,4688;16,991210;0,196446;23,604586;26,577709;0,0458;4,5630;2,62;261,30;0,00;0,77;64,75;;675,922;673,773;8,4778868;17,49800;2,98600;0,01200;0,1701004;;46,80;77,00;;;
Event4;;78;17,51400;2,95200;0,015000;76,525;82,80;-22,0500;0,000;100,884;30,500;0,005;490,850;552,850;27,40;1132,650;263,203;0,000;843,700;878,000;856,800;314,750;;;;;0,00;0,00;0,00;3,00;3,41;15,723;26,588;0,61;0,50;999998,00;999998,00;999998,00;999998,00;999998,00;999998,00;999998,00;999998,00;999998,00;999998,00;999998,00;999998,00;999998,00;999998,00;999998,00;;;;;;;;;;;;;;;;;866,8188;21,39403;110,1457;0,40666771;0,40666771;0,00419;1,93103;53,3356;17,254752;0,189058;23,980475;27,009485;0,0448;4,4628;2,67;265,76;0,00;0,79;66,50;;678,227;673,773;8,7002602;17,45900;3,01600;0,02300;0,1719293;;46,26;78,00;;;
Event5;;79;17,51800;2,94200;0,024000;77,775;81,66;-22,3200;0,000;100,888;30,500;0,005;491,650;553,150;27,40;1132,183;263,203;0,000;842,700;877,700;856,700;314,850;;;;;0,00;0,00;0,00;3,00;3,41;15,784;26,582;0,61;0,50;999998,00;999998,00;999998,00;999998,00;999998,00;999998,00;999998,00;999998,00;999998,00;999998,00;999998,00;999998,00;999998,00;999998,00;999998,00;;;;;;;;;;;;;;;;;872,8426;21,81096;120,6243;0,40166601;0,40166601;0,00760;1,96606;54,2085;17,380947;0,202903;24,195229;27,221786;0,0485;4,8272;2,72;270,59;0,01;0,79;67,02;;680,652;678,456;8,7607215;17,45700;3,01100;0,04500;0,1718679;;45,99;79,00;;;
Event6;;80;17,52900;2,93500;0,025000;79,475;82,96;-22,8500;0,000;100,884;30,500;0,005;492,150;553,350;27,40;1132,150;263,203;0,000;843,000;877,400;856,600;314,750;;;;;0,00;0,00;0,00;3,00;3,41;15,723;26,588;0,61;0,51;999998,00;999998,00;999998,00;999998,00;999998,00;999998,00;999998,00;999998,00;999998,00;999998,00;999998,00;999998,00;999998,00;999998,00;999998,00;;;;;;;;;;;;;;;;;880,5812;21,91335;111,9688;0,40333366;0,40333366;0,00581;1,97688;55,0890;17,560948;0,187119;24,470662;27,513647;0,0452;4,4994;2,76;275,09;0,01;0,80;67,58;;683,103;678,456;8,8383935;17,46400;3,00900;0,03300;0,1716088;;45,46;80,00;;;
Event7;;81;17,53700;2,93900;0,025000;74,975;83,17;-23,0900;0,000;100,884;30,500;0,005;493,150;555,150;27,40;1132,317;263,203;0,000;843,700;877,300;856,500;314,850;;;;;0,00;0,00;0,00;3,00;3,41;15,730;26,601;0,61;0,51;999998,00;999998,00;999998,00;999998,00;999998,00;999998,00;999998,00;999998,00;999998,00;999998,00;999998,00;999998,00;999998,00;999998,00;999998,00;;;;;;;;;;;;;;;;;858,0006;39,59419;199,3754;0,21750037;0,21750037;0,00609;3,56905;55,9470;17,039238;0,184576;23,791919;26,783096;0,0434;4,3204;2,80;279,41;0,01;0,78;65,85;;685,402;683,073;8,6117518;17,44900;3,01900;0,03600;0,1723411;;45,22;81,00;;;
Event8;;82;17,54500;2,94400;0,026000;79,425;82,83;-23,3700;0,000;100,888;30,500;0,005;494,350;556,650;27,40;1132,250;263,203;0,000;843,800;877,100;856,400;314,850;;;;;0,00;0,00;0,00;3,00;3,41;15,751;26,598;0,61;0,50;999998,00;999998,00;999998,00;999998,00;999998,00;999998,00;999998,00;999998,00;999998,00;999998,00;999998,00;999998,00;999998,00;999998,00;999998,00;;;;;;;;;;;;;;;;;884,5928;21,65530;111,4268;0,40999921;0,40999921;0,00673;1,95225;56,8316;17,516316;0,188648;24,517579;27,607385;0,0457;4,5516;2,85;283,96;0,01;0,80;67,91;;687,669;683,073;8,8786576;17,43800;3,02800;0,03900;0,1728525;;44,94;82,00;;;
Event9;;83;17,54500;2,94500;0,019000;77,250;84,43;-23,8700;0,000;100,888;30,500;0,005;494,550;556,150;27,40;1133,150;263,203;0,000;846,700;877,000;856,300;314,850;;;;;0,00;0,00;0,00;3,00;3,41;15,751;26,585;0,61;0,51;999998,00;999998,00;999998,00;999998,00;999998,00;999998,00;999998,00;999998,00;999998,00;999998,00;999998,00;999998,00;999998,00;999998,00;999998,00;;;;;;;;;;;;;;;;;875,6680;22,06466;101,5799;0,39833291;0,39833291;0,00358;1,99461;57,7073;17,271322;0,169606;24,184441;27,196800;0,0405;4,0313;2,89;287,99;0,00;0,79;67,19;;689,988;687,501;8,7890800;17,42600;3,04800;0,01900;0,1735464;;44,44;83,00;;;
;;84;17,53900;2,95100;0,022000;75,100;82,63;-24,1700;0,000;100,888;30,500;0,005;495,350;557,450;27,40;1134,050;263,203;0,000;849,400;877,000;856,300;314,850;;;;;0,00;0,00;0,00;3,00;3,41;15,727;26,609;0,61;0,50;999998,00;999998,00;999998,00;999998,00;999998,00;999998,00;999998,00;999998,00;999998,00;999998,00;999998,00;999998,00;999998,00;999998,00;999998,00;;;;;;;;;;;;;;;;;871,9125;20,55118;105,7553;0,42583370;0,42583370;0,00458;1,86571;58,5792;17,015524;0,191159;23,864797;26,856629;0,0450;4,4868;2,94;292,48;0,00;0,79;66,98;;692,176;687,501;8,7513853;17,38400;3,09300;0,02600;0,1754347;;44,14;84,00;;;
;;85;17,53400;2,95500;-0,005000;74,550;83,48;-24,7100;0,000;100,884;30,500;0,005;496,350;558,750;27,40;1135,017;263,203;0,000;852,400;876,900;856,300;314,850;;;;;0,00;0,00;0,00;3,00;3,41;15,765;26,606;0,61;0,51;999998,00;999998,00;999998,00;999998,00;999998,00;999998,00;999998,00;999998,00;999998,00;999998,00;999998,00;999998,00;999998,00;999998,00;999998,00;;;;;;;;;;;;;;;;;880,6546;20,87992;100,4251;0,42333158;0,42333158;0,00037;1,88637;59,4599;16,936016;0,180883;23,801238;26,793476;0,0425;4,2356;2,98;296,71;0,00;0,80;67,53;;694,342;691,987;8,8391303;17,33800;3,12300;-0,00200;0,1780715;;43,60;85,00;;;
;;86;17,53100;2,96100;0,001000;77,750;83,68;-24,9800;0,000;100,886;30,500;0,005;496,750;558,750;27,40;1135,883;263,203;0,000;855,200;876,800;856,200;314,850;;;;;0,00;0,00;0,00;3,00;3,42;15,776;26,606;0,61;0,51;999998,00;999998,00;999998,00;999998,00;999998,00;999998,00;999998,00;999998,00;999998,00;999998,00;999998,00;999998,00;999998,00;999998,00;999998,00;;;;;;;;;;;;;;;;;903,8146;37,40846;176,6019;0,24250094;0,24250094;0,00084;3,37142;60,3637;17,288714;0,178498;24,316488;27,351460;0,0428;4,2668;3,02;300,98;0,00;0,82;69,30;;696,643;691,987;9,0715876;17,31900;3,13200;0,00100;0,1790444;;43,33;86,00;;;
;;87;17,52600;2,98600;0,014000;73,675;83,90;-25,2700;0,000;100,888;30,500;0,005;497,550;560,250;27,40;1134,617;263,203;0,000;851,500;876,700;856,200;314,850;;;;;0,00;0,00;0,00;3,00;3,42;15,769;26,606;0,61;0,51;999998,00;999998,00;999998,00;999998,00;999998,00;999998,00;999998,00;999998,00;999998,00;999998,00;999998,00;999998,00;999998,00;999998,00;999998,00;;;;;;;;;;;;;;;;;875,3443;22,10263;103,5110;0,39750163;0,39750163;0,00215;1,98565;61,2390;16,816017;0,175843;23,689732;26,675053;0,0411;4,0994;3,06;305,08;0,00;0,79;67,11;;698,860;696,263;8,7858309;17,33500;3,10900;0,01000;0,1782653;;43,04;87,00;;;
;;88;17,52300;3,01600;0,012000;75,225;84,53;-25,7400;0,000;100,890;30,500;0,005;498,850;562,450;27,40;1133,383;263,203;0,000;848,000;876,600;856,100;314,850;;;;;0,00;0,00;0,00;3,00;3,42;15,767;26,612;0,61;0,51;999998,00;999998,00;999998,00;999998,00;999998,00;999998,00;999998,00;999998,00;999998,00;999998,00;999998,00;999998,00;999998,00;999998,00;999998,00;;;;;;;;;;;;;;;;;875,0554;23,79142;108,1170;0,36916383;0,36916383;0,00262;2,13793;62,1141;16,969832;0,168367;23,968883;27,024753;0,0399;3,9766;3,10;309,05;0,00;0,79;67,08;;700,864;696,263;8,7829310;17,36900;3,08100;0,01300;0,1765605;;42,57;88,00;;;
;;89;17,49800;3,01100;0,023000;78,125;83,62;-26,0200;0,000;100,886;30,500;0,005;499,850;563,850;27,40;1132,917;263,203;0,000;846,900;876,400;856,000;314,850;;;;;0,00;0,00;0,00;3,00;3,42;15,759;26,588;0,61;0,51;999998,00;999998,00;999998,00;999998,00;999998,00;999998,00;999998,00;999998,00;999998,00;999998,00;999998,00;999998,00;999998,00;999998,00;999998,00;;;;;;;;;;;;;;;;;885,2191;21,49579;104,8631;0,41333421;0,41333421;0,00526;1,93566;62,9993;17,276533;0,179147;24,450997;27,581664;0,0433;4,3184;3,15;313,37;0,01;0,80;67,94;;702,879;700,398;8,8849437;17,38800;3,06800;0,03000;0,1754213;;42,29;89,00;;;
;;90;17,45900;3,00900;0,045000;77,225;82,10;-26,5500;0,000;100,884;30,500;0,005;500,750;564,550;27,40;1132,950;263,203;0,000;847,100;876,400;855,900;314,850;;;;;0,00;0,00;0,00;3,00;3,42;15,751;26,606;0,61;0,50;999998,00;999998,00;999998,00;999998,00;999998,00;999998,00;999998,00;999998,00;999998,00;999998,00;999998,00;999998,00;999998,00;999998,00;999998,00;;;;;;;;;;;;;;;;;882,8445;22,06070;118,3377;0,40166950;0,40166950;0,00523;1,99168;63,8821;17,161289;0,197535;24,331627;27,431691;0,0475;4,7357;3,19;318,11;0,01;0,80;67,79;;704,891;700,398;8,8611103;17,37200;3,08800;0,03000;0,1761386;;41,76;90,00;;;
;;91;17,45700;3,01900;0,033000;78,325;81,69;-26,7900;0,000;100,888;30,500;0,005;500,750;563,950;27,40;1132,983;263,203;0,000;847,400;876,200;855,900;314,850;;;;;0,00;0,00;0,00;3,00;3,42;15,740;26,612;0,61;0,50;999998,00;999998,00;999998,00;999998,00;999998,00;999998,00;999998,00;999998,00;999998,00;999998,00;999998,00;999998,00;999998,00;999998,00;999998,00;;;;;;;;;;;;;;;;;898,6421;40,99869;222,8177;0,21999900;0,21999900;0,00542;3,71271;64,7808;17,283081;0,202495;24,504305;27,597010;0,0490;4,8839;3,24;322,99;0,01;0,82;69,05;;706,934;704,608;9,0196703;17,33100;3,13000;0,03100;0,1780623;;41,52;91,00;;;
;;92;17,46400;3,02800;0,036000;73,100;81,36;-27,0800;0,000;100,884;30,500;0,005;500,850;563,150;27,40;1132,583;263,203;0,000;846,300;876,100;855,900;314,850;;;;;0,00;0,00;0,00;3,00;3,42;15,746;26,622;0,61;0,49;999998,00;999998,00;999998,00;999998,00;999998,00;999998,00;999998,00;999998,00;999998,00;999998,00;999998,00;999998,00;999998,00;999998,00;999998,00;;;;;;;;;;;;;;;;;876,8294;20,00174;109,6282;0,43999863;0,43999863;0,00390;1,81236;65,6576;16,694995;0,206570;23,675231;26,620159;0,0482;4,8058;3,29;327,80;0,00;0,80;67,36;;708,899;704,608;8,8007364;17,29500;3,16300;0,02200;0,1798934;;41,23;92,00;;;
;;93;17,44900;3,04800;0,039000;75,400;81,46;-27,6200;0,000;100,888;30,500;0,005;500,950;562,850;27,40;1132,517;263,203;0,000;846,400;876,000;855,700;314,850;;;;;0,00;0,00;0,00;3,00;3,42;15,755;26,612;0,61;0,49;999998,00;999998,00;999998,00;999998,00;999998,00;999998,00;999998,00;999998,00;999998,00;999998,00;999998,00;999998,00;999998,00;999998,00;999998,00;;;;;;;;;;;;;;;;;899,5023;22,11006;119,2015;0,40833473;0,40833473;0,00292;2,00418;66,5571;16,953912;0,205371;24,047203;27,018602;0,0487;4,8495;3,34;332,65;0,00;0,82;69,10;;710,827;708,790;9,0283044;17,25800;3,19600;0,01500;0,1817611;;40,69;93,00;;;
;;94;17,43800;3,09300;0,019000;78,350;80,76;-27,9100;0,000;100,886;30,500;0,005;501,850;563,850;27,40;1132,250;263,203;0,000;845,600;876,000;855,700;314,850;;;;;0,00;0,00;0,00;3,00;3,42;15,759;26,601;0,61;0,49;999998,00;999998,00;999998,00;999998,00;999998,00;999998,00;999998,00;999998,00;999998,00;999998,00;999998,00;999998,00;999998,00;999998,00;999998,00;;;;;;;;;;;;;;;;;927,0741;19,93938;110,9073;0,46666654;0,46666654;0,00144;1,80305;67,4842;17,266884;0,214040;24,535119;27,566259;0,0518;5,1566;3,39;337,80;0,00;0,84;71,17;;712,980;708,790;9,3050430;17,21600;3,22600;0,00500;0,1839781;;40,40;94,00;;;
;;95;17,42600;3,12300;0,026000;71,025;81,36;-28,5300;0,000;100,886;30,500;0,005;502,550;564,850;27,40;1131,817;263,203;0,000;844,500;875,900;855,600;314,850;;;;;0,00;0,00;0,00;3,00;3,43;15,730;26,609;0,61;0,49;999998,00;999998,00;999998,00;999998,00;999998,00;999998,00;999998,00;999998,00;999998,00;999998,00;999998,00;999998,00;999998,00;999998,00;999998,00;;;;;;;;;;;;;;;;;890,4315;19,97158;106,3955;0,44749896;0,44749896;0,00210;1,80867;68,3746;16,428482;0,206581;23,376364;26,274281;0,0476;4,7436;3,44;342,55;0,00;0,81;68,41;;715,041;712,709;8,9372611;17,17800;3,26100;0,01000;0,1857588;;39,78;95,00;;;
;;96;17,38400;3,13200;-0,002000;75,125;82,88;-28,7600;0,000;100,886;30,500;0,005;503,150;565,550;27,40;1131,283;263,203;0,000;843,000;875,800;855,600;314,850;;;;;0,00;0,00;0,00;3,00;3,43;15,761;26,614;0,61;0,50;999998,00;999998,00;999998,00;999998,00;999998,00;999998,00;999998,00;999998,00;999998,00;999998,00;999998,00;999998,00;999998,00;999998,00;999998,00;;;;;;;;;;;;;;;;;921,1362;44,73596;215,8336;0,20666695;0,20666695;0,00186;4,04041;69,2958;16,885928;0,188061;24,055960;27,039348;0,0446;4,4441;3,48;346,99;0,00;0,84;70,74;;717,028;712,709;9,2454438;17,15500;3,27300;0,00800;0,1869819;;39,55;96,00;;;
Auswertung Test;;97;17,33800;3,10900;0,001000;77,150;82,90;-29,0500;0,000;100,884;30,500;0,005;503,950;566,450;27,40;1131,317;263,203;0,000;843,100;875,800;855,600;314,850;;;;;0,00;0,00;0,00;3,00;3,43;15,744;26,606;0,61;0,50;999998,00;999998,00;999998,00;999998,00;999998,00;999998,00;999998,00;999998,00;999998,00;999998,00;999998,00;999998,00;999998,00;999998,00;999998,00;;;;;;;;;;;;;;;;;936,3033;21,07884;101,3348;0,44583448;0,44583448;0,00234;1,90239;70,2321;17,098408;0,187810;24,397391;27,423161;0,0452;4,5012;3,53;351,49;0,00;0,85;71,91;;719,210;716,847;9,3976758;17,14000;3,28300;0,01100;0,1877132;;39,26;97,00;;;
Software;Logger2025 / 19.09.2025 10:04;98;17,31900;3,08100;0,010000;73,700;83,58;-29,5900;0,000;100,886;30,500;0,005;505,050;568,650;27,40;1131,250;263,203;0,000;842,900;875,800;855,600;314,950;;;;;0,00;0,00;0,00;3,00;3,43;15,730;26,614;0,61;0,51;999998,00;999998,00;999998,00;999998,00;999998,00;999998,00;999998,00;999998,00;999998,00;999998,00;999998,00;999998,00;999998,00;999998,00;999998,00;;;;;;;;;;;;;;;;;915,3741;24,39186;112,4663;0,37666702;0,37666702;0,00258;2,20657;71,1474;16,693523;0,179677;23,871661;26,877774;0,0424;4,2206;3,57;355,71;0,00;0,83;70,34;;721,319;716,847;9,1876102;17,13300;3,29500;0,01300;0,1879735;;38,72;98,00;;;
Auswertung Test;;99;17,33500;3,06800;0,013000;73,575;85,31;-29,8200;0,000;100,886;30,500;0,005;506,250;571,050;27,40;1132,783;263,203;0,000;847,400;875,800;855,700;314,950;;;;;0,00;0,00;0,00;3,00;3,43;15,736;26,620;0,61;0,52;999998,00;999998,00;999998,00;999998,00;999998,00;999998,00;999998,00;999998,00;999998,00;999998,00;999998,00;999998,00;999998,00;999998,00;999998,00;;;;;;;;;;;;;;;;;915,8273;22,65016;92,6864;0,40583197;0,40583197;0,00110;2,04510;72,0633;16,659580;0,159195;23,879727;26,936332;0,0376;3,7476;3,61;359,46;0,00;0,83;70,33;;723,281;721,073;9,1921584;17,12600;3,29700;0,00300;0,1884583;;38,49;99,00;;;
Test start time   [s];60;100;17,36900;3,08800;0,030000;75,675;82,87;-30,4000;0,000;100,886;30,500;0,005;506,950;571,650;27,40;1135,950;263,203;0,000;856,800;875,900;855,700;314,950;;;;;0,00;0,00;0,00;3,00;3,43;15,725;26,598;0,61;0,50;999998,00;999998,00;999998,00;999998,00;999998,00;999998,00;999998,00;999998,00;999998,00;999998,00;999998,00;999998,00;999998,00;999998,00;999998,00;;;;;;;;;;;;;;;;;928,9119;20,87358;101,0164;0,44666449;0,44666449;0,00186;1,88781;72,9922;16,883990;0,188223;24,234858;27,327856;0,0451;4,4954;3,65;363,96;0,00;0,84;71,37;;725,272;721,073;9,3234892;17,12100;3,30500;0,00800;0,1886136;;37,91;100,00;;;
Time to ignition  [s];11;101;17,38800;3,13000;0,030000;74,950;80,57;-30,6600;0,000;100,888;30,500;0,005;507,850;573,050;27,40;1136,783;263,203;0,000;859,100;876,000;855,800;314,950;;;;;0,00;0,00;0,00;3,00;3,43;15,740;26,617;0,61;0,49;999998,00;999998,00;999998,00;999998,00;999998,00;999998,00;999998,00;999998,00;999998,00;999998,00;999998,00;999998,00;999998,00;999998,00;999998,00;;;;;;;;;;;;;;;;;931,0856;41,07833;227,2568;0,22749964;0,22749964;0,00348;3,73064;73,9233;16,788022;0,216377;24,139889;27,239073;0,0517;5,1510;3,70;369,11;0,00;0,85;71,63;;727,299;725,081;9,3453061;17,08500;3,34500;0,01900;0,1901670;;37,65;101,00;;;
Time to flame out [s];207;102;17,37200;3,16300;0,031000;70,525;83,79;-30,9500;0,000;100,880;30,500;0,005;508,450;574,250;27,40;1135,283;263,203;0,000;854,700;875,900;855,800;314,950;;;;;0,00;0,00;0,00;3,00;3,43;15,784;26,625;0,61;0,51;999998,00;999998,00;999998,00;999998,00;999998,00;999998,00;999998,00;999998,00;999998,00;999998,00;999998,00;999998,00;999998,00;999998,00;999998,00;;;;;;;;;;;;;;;;;917,3704;21,00598;93,8492;0,43833447;0,43833447;0,00553;1,90726;74,8406;16,275295;0,177219;23,430275;26,462455;0,0411;4,0986;3,75;373,21;0,01;0,84;70,65;;729,230;725,081;9,2076467;17,01800;3,39800;0,03400;0,1933327;;37,36;102,00;;;
Time end of test  [s];221;103;17,33100;3,19600;0,022000;72,425;79,90;-31,4900;0,000;100,880;30,500;0,005;508,950;574,150;27,40;1134,050;263,203;0,000;851,000;875,900;855,800;314,950;;;;;0,00;0,00;0,00;3,00;3,43;15,782;26,612;0,61;0,48;999998,00;999998,00;999998,00;999998,00;999998,00;999998,00;999998,00;999998,00;999998,00;999998,00;999998,00;999998,00;999998,00;999998,00;999998,00;;;;;;;;;;;;;;;;;935,1357;23,03297;129,6352;0,40750090;0,40750090;0,00517;2,08358;75,7758;16,484969;0,224720;23,755464;26,798703;0,0528;5,2632;3,80;378,47;0,01;0,85;71,97;;731,143;729,120;9,3859569;16,99500;3,40700;0,03100;0,1945951;;36,82;103,00;;;
Masses;;104;17,29500;3,22600;0,015000;72,175;80,54;-31,7800;0,000;100,886;30,500;0,005;509,250;574,250;27,40;1133,550;263,203;0,000;849,500;875,800;855,900;314,950;;;;;0,00;0,00;0,00;3,00;3,44;15,774;26,625;0,61;0,49;999998,00;999998,00;999998,00;999998,00;999998,00;999998,00;999998,00;999998,00;999998,00;999998,00;999998,00;999998,00;999998,00;999998,00;999998,00;;;;;;;;;;;;;;;;;933,6920;19,90394;108,0049;0,47083473;0,47083473;0,00472;1,80234;76,7095;16,451644;0,216724;23,721417;26,749187;0,0509;5,0665;3,85;383,54;0,00;0,85;71,86;;733,097;729,120;9,3714665;16,99300;3,41200;0,02800;0,1946898;;36,53;104,00;;;
Mass sust.flaming [g];68,27;105;17,25800;3,26100;0,005000;72,850;81,94;-32,4100;0,000;100,886;30,500;0,005;510,350;576,750;27,40;1133,283;263,203;0,000;848,800;875,700;855,900;314,950;;;;;0,00;0,00;0,00;3,00;3,44;15,755;26,606;0,61;0,50;999998,00;999998,00;999998,00;999998,00;999998,00;999998,00;999998,00;999998,00;999998,00;999998,00;999998,00;999998,00;999998,00;999998,00;999998,00;;;;;;;;;;;;;;;;;943,8739;20,37354;101,4354;0,46499825;0,46499825;0,00065;1,84620;77,6533;16,510573;0,199432;23,857808;26,961871;0,0472;4,6993;3,90;388,24;0,00;0,86;72,58;;735,056;733,128;9,4736623;16,96800;3,43900;0,00000;0,1961373;;35,90;105,00;;;
Mass remaining    [g];-0,04;106;17,21600;3,27300;0,010000;75,475;80,99;-32,6600;0,000;100,888;30,500;0,005;511,550;577,650;27,40;1133,717;263,203;0,000;850,200;875,600;855,900;314,950;;;;;0,00;0,00;0,00;3,00;3,44;15,753;26,622;0,61;0,49;999998,00;999998,00;999998,00;999998,00;999998,00;999998,00;999998,00;999998,00;999998,00;999998,00;999998,00;999998,00;999998,00;999998,00;999998,00;;;;;;;;;;;;;;;;;973,0465;45,07636;234,7369;0,21666495;0,21666495;0,00215;4,10543;78,6264;16,785681;0,211189;24,312371;27,453897;0,0509;5,0672;3,95;393,30;0,00;0,89;74,94;;737,164;733,128;9,7664679;16,90600;3,50400;0,01000;0,1989437;;35,65;106,00;;;
Mass loss test    [g];68,31;107;17,17800;3,28300;0,008000;75,275;81,93;-32,9500;0,000;100,880;30,500;0,005;511,950;578,050;27,40;1133,517;263,203;0,000;849,700;875,600;855,800;314,950;;;;;0,00;0,00;0,00;3,00;3,44;15,748;26,622;0,61;0,50;999998,00;999998,00;999998,00;999998,00;999998,00;999998,00;999998,00;999998,00;999998,00;999998,00;999998,00;999998,00;999998,00;999998,00;999998,00;;;;;;;;;;;;;;;;;986,0721;22,28263;108,1461;0,44416682;0,44416682;0,00229;2,02001;79,6125;16,756876;0,199666;24,289628;27,425763;0,0480;4,7858;4,00;398,09;0,00;0,90;75,92;;739,429;737,461;9,8972055;16,84600;3,54000;0,01100;0,2020173;;35,36;107,00;;;
Mass loss rate test [g/s];0,42;108;17,15500;3,29500;0,011000;70,850;82,18;-33,5000;0,000;100,888;30,500;0,005;512,950;579,450;27,40;1132,950;263,203;0,000;847,900;875,600;855,900;314,950;;;;;0,00;0,00;0,00;3,00;3,44;15,776;26,633;0,61;0,50;999998,00;999998,00;999998,00;999998,00;999998,00;999998,00;999998,00;999998,00;999998,00;999998,00;999998,00;999998,00;999998,00;999998,00;999998,00;;;;;;;;;;;;;;;;;955,5699;22,65596;108,5290;0,42333476;0,42333476;0,00222;2,04595;80,5680;16,241041;0,196564;23,587893;26,645881;0,0459;4,5775;4,04;402,67;0,00;0,87;73,53;;741,572;737,461;9,5910547;16,84900;3,52600;0,01100;0,2019855;;34,81;108,00;;;
Mass loss rate 10/90 [g/s];0,41;109;17,14000;3,29700;0,013000;70,850;82,18;-33,8000;0,000;100,888;30,500;0,005;512,950;579,450;27,40;1132,783;263,203;0,000;847,600;875,500;855,800;314,950;;;;;0,00;0,00;0,00;3,00;3,44;15,753;26,630;0,61;0,50;999998,00;999998,00;999998,00;999998,00;999998,00;999998,00;999998,00;999998,00;999998,00;999998,00;999998,00;999998,00;999998,00;999998,00;999998,00;;;;;;;;;;;;;;;;;944,2237;21,25719;103,0520;0,44583384;0,44583384;0,00437;1,92037;81,5122;16,241041;0,196564;23,587893;26,645881;0,0459;4,5775;4,09;407,24;0,00;0,86;72,68;;743,483;741,639;9,4771737;16,89600;3,48600;0,02600;0,1995382;;34,51;109,00;;;
Values;;110;17,13300;3,30500;0,003000;70,550;82,37;-34,3800;0,000;100,880;30,500;0,005;514,250;581,950;27,40;1132,517;263,203;0,000;846,800;875,500;855,800;314,950;;;;;0,00;0,00;0,00;3,00;3,44;15,744;26,612;0,61;0,50;999998,00;999998,00;999998,00;999998,00;999998,00;999998,00;999998,00;999998,00;999998,00;999998,00;999998,00;999998,00;999998,00;999998,00;999998,00;;;;;;;;;;;;;;;;;938,2675;21,40317;103,3110;0,43999990;0,43999990;0,00550;1,93927;82,4505;16,186121;0,194301;23,567709;26,670351;0,0455;4,5289;4,13;411,77;0,01;0,85;72,28;;745,281;741,639;9,4173910;16,90500;3,48600;0,03400;0,1989408;;33,93;110,00;;;
THR   [MJ/m²];165,5;111;17,12600;3,34500;0,008000;70,100;82,63;-34,6400;0,000;100,880;30,500;0,005;516,050;585,450;27,40;1132,483;263,203;0,000;846,800;875,400;855,800;314,950;;;;;0,00;0,00;0,00;3,00;3,44;15,774;26,628;0,61;0,50;999998,00;999998,00;999998,00;999998,00;999998,00;999998,00;999998,00;999998,00;999998,00;999998,00;999998,00;999998,00;999998,00;999998,00;999998,00;;;;;;;;;;;;;;;;;941,2163;41,07366;194,5498;0,23000113;0,23000113;0,00491;3,73454;83,3917;16,106255;0,191065;23,533505;26,698363;0,0447;4,4582;4,18;416,23;0,00;0,86;72,54;;747,033;745,262;9,4469879;16,87000;3,52600;0,03000;0,2005892;;33,67;111,00;;;
TSP   [m²];7,8;112;17,12100;3,39800;0,019000;77,350;81,82;-34,9400;0,000;100,888;30,500;0,005;517,250;585,950;27,40;1132,717;263,203;0,000;847,400;875,500;855,800;314,950;;;;;0,00;0,00;0,00;3,00;3,44;15,778;26,638;0,61;0,49;999998,00;999998,00;999998,00;999998,00;999998,00;999998,00;999998,00;999998,00;999998,00;999998,00;999998,00;999998,00;999998,00;999998,00;999998,00;;;;;;;;;;;;;;;;;998,3898;21,39690;105,5601;0,46833134;0,46833134;0,00500;1,94645;84,3901;16,899013;0,201018;24,749255;28,036395;0,0494;4,9255;4,23;421,16;0,00;0,91;76,97;;749,022;745,262;10,0208383;16,82400;3,56600;0,02900;0,2028391;;33,37;112,00;;;
TSR   [m²/m²];778,0;113;17,08500;3,40700;0,034000;75,775;79,97;-35,5200;0,000;100,888;30,500;0,005;517,650;585,450;27,40;1135,483;263,203;0,000;855,800;875,400;855,800;314,950;;;;;0,00;0,00;0,00;3,00;3,45;15,791;26,628;0,61;0,48;999998,00;999998,00;999998,00;999998,00;999998,00;999998,00;999998,00;999998,00;999998,00;999998,00;999998,00;999998,00;999998,00;999998,00;999998,00;;;;;;;;;;;;;;;;;997,0755;23,50130;127,7825;0,42583370;0,42583370;0,00554;2,13302;85,3872;16,719616;0,223820;24,505456;27,715095;0,0544;5,4213;4,28;426,58;0,01;0,91;76,88;;751,223;749,225;10,0076465;16,78500;3,59100;0,03300;0,2047870;;32,79;113,00;;;
TSR   [m²/m² (none flaming phase)];230,1;114;17,01800;3,41200;0,031000;71,450;80,43;-35,8000;0,000;100,888;30,500;0,005;517,750;584,950;27,40;1136,083;263,203;0,000;857,500;875,400;855,900;315,050;;;;;0,00;0,00;0,00;3,00;3,45;15,770;26,633;0,61;0,48;999998,00;999998,00;999998,00;999998,00;999998,00;999998,00;999998,00;999998,00;999998,00;999998,00;999998,00;999998,00;999998,00;999998,00;999998,00;;;;;;;;;;;;;;;;;968,4608;21,76207;115,1314;0,44666894;0,44666894;0,00380;1,96999;86,3557;16,233886;0,218043;23,798133;26,886948;0,0514;5,1236;4,33;431,70;0,00;0,88;74,61;;753,254;749,225;9,7204412;16,78700;3,58300;0,02200;0,2048620;;32,51;114,00;;;
TSR   [m²/m² (flaming phase)];547,9;115;16,99500;3,43900;0,028000;71,250;80,03;-36,4100;0,000;100,888;30,500;0,005;518,250;585,550;27,40;1137,317;263,203;0,000;861,200;875,400;855,900;315,050;;;;;0,00;0,00;0,00;3,00;3,45;15,791;26,630;0,61;0,48;999998,00;999998,00;999998,00;999998,00;999998,00;999998,00;999998,00;999998,00;999998,00;999998,00;999998,00;999998,00;999998,00;999998,00;999998,00;;;;;;;;;;;;;;;;;963,8082;20,29463;110,2528;0,47666518;0,47666518;0,00279;1,83629;87,3195;16,203328;0,223018;23,776275;26,863863;0,0526;5,2360;4,39;436,94;0,00;0,88;74,22;;755,105;753,246;9,6737429;16,80100;3,57100;0,01500;0,2042489;;31,90;115,00;;;
MARHE [kW / m²];892,1;116;16,99300;3,50400;0,000000;72,775;84,26;-36,7000;0,000;100,880;30,500;0,005;519,350;588,050;27,40;1135,950;263,203;0,000;857,200;875,300;855,900;315,050;;;;;0,00;0,00;0,00;3,00;3,45;15,732;26,636;0,61;0,51;999998,00;999998,00;999998,00;999998,00;999998,00;999998,00;999998,00;999998,00;999998,00;999998,00;999998,00;999998,00;999998,00;999998,00;999998,00;;;;;;;;;;;;;;;;;971,6990;39,67339;166,7839;0,24583085;0,24583085;0,00252;3,59673;88,2912;16,358462;0,171608;24,054862;27,236857;0,0410;4,0849;4,43;441,02;0,00;0,88;74,84;;756,938;753,246;9,7529430;16,80600;3,57300;0,01300;0,2039621;;31,61;116,00;;;
Results HRR;;117;16,96800;3,54000;0,010000;71,525;84,60;-37,0000;0,000;100,880;30,500;0,005;520,650;590,150;27,40;1135,050;263,203;0,000;854,500;875,300;855,900;315,050;;;;;0,00;0,00;0,00;3,00;3,45;15,828;26,633;0,61;0,51;999998,00;999998,00;999998,00;999998,00;999998,00;999998,00;999998,00;999998,00;999998,00;999998,00;999998,00;999998,00;999998,00;999998,00;999998,00;;;;;;;;;;;;;;;;;967,1174;21,25602;87,1313;0,45666854;0,45666854;0,00393;1,93067;89,2583;16,197106;0,167602;23,877210;27,064507;0,0398;3,9643;4,47;444,99;0,00;0,88;74,55;;758,754;756,873;9,7069574;16,78100;3,59800;0,02300;0,2050464;;31,31;117,00;;;
HRR max [kW/m²];1384,4;118;16,90600;3,52600;0,011000;76,525;83,63;-37,5700;0,000;100,880;30,500;0,005;521,650;590,750;27,40;1134,717;263,203;0,000;853,600;875,300;855,800;315,050;;;;;0,00;0,00;0,00;3,00;3,45;15,826;26,636;0,61;0,50;999998,00;999998,00;999998,00;999998,00;999998,00;999998,00;999998,00;999998,00;999998,00;999998,00;999998,00;999998,00;999998,00;999998,00;999998,00;;;;;;;;;;;;;;;;;1008,4211;22,87339;99,3670;0,44250202;0,44250202;0,00273;2,07751;90,2667;16,737612;0,179046;24,721396;27,996098;0,0440;4,3808;4,51;449,37;0,00;0,92;77,72;;760,695;756,873;10,1215228;16,74400;3,63000;0,01400;0,2069386;;30,74;118,00;;;
Max at [s];166;119;16,84600;3,48600;0,011000;70,900;81,38;-37,8900;0,000;100,882;30,500;0,005;521,850;590,950;27,40;1134,350;263,203;0,000;852,800;875,100;855,700;315,050;;;;;0,00;0,00;0,00;3,00;3,45;15,791;26,630;0,61;0,49;999998,00;999998,00;999998,00;999998,00;999998,00;999998,00;999998,00;999998,00;999998,00;999998,00;999998,00;999998,00;999998,00;999998,00;999998,00;;;;;;;;;;;;;;;;;981,9807;20,46262;101,2950;0,48166561;0,48166561;0,00405;1,85879;91,2487;16,107632;0,206374;23,800039;26,951485;0,0488;4,8610;4,56;454,23;0,00;0,90;75,73;;762,665;760,532;9,8561398;16,69100;3,67300;0,02400;0,2094489;;30,42;119,00;;;
HRR 060s [kW/m²];764,4;120;16,84900;3,48600;0,026000;75,350;80,23;-38,5100;0,000;100,880;30,500;0,005;522,450;590,850;27,40;1134,150;263,203;0,000;852,300;875,000;855,700;315,050;;;;;0,00;0,00;0,00;3,00;3,45;15,749;26,646;0,61;0,48;999998,00;999998,00;999998,00;999998,00;999998,00;999998,00;999998,00;999998,00;999998,00;999998,00;999998,00;999998,00;999998,00;999998,00;999998,00;;;;;;;;;;;;;;;;;1020,1441;23,09596;121,1909;0,44333235;0,44333235;0,00579;2,10080;92,2688;16,595895;0,220610;24,549672;27,763755;0,0537;5,3530;4,61;459,58;0,01;0,93;78,74;;764,652;760,532;10,2391862;16,65200;3,70800;0,03500;0,2112268;;29,80;120,00;;;
HRR 120s [kW/m²];848,1;121;16,89600;3,52600;0,034000;68,325;81,39;-38,7400;0,000;100,882;30,500;0,005;523,250;592,450;27,40;1133,583;263,203;0,000;850,700;874,900;855,700;315,050;;;;;0,00;0,00;0,00;3,00;3,45;15,786;26,622;0,61;0,49;999998,00;999998,00;999998,00;999998,00;999998,00;999998,00;999998,00;999998,00;999998,00;999998,00;999998,00;999998,00;999998,00;999998,00;999998,00;;;;;;;;;;;;;;;;;974,5692;44,80180;219,4124;0,21833388;0,21833388;0,00579;4,06891;93,2434;15,791255;0,206167;23,395167;26,489185;0,0479;4,7729;4,66;464,35;0,01;0,89;75,22;;766,575;764,131;9,7817514;16,63500;3,71700;0,03700;0,2120914;;29,57;121,00;;;
HRR 180s [kW/m²];906,1;122;16,90500;3,56600;0,030000;71,950;81,75;-39,0500;0,000;100,882;30,500;0,005;523,850;592,550;27,40;1133,650;263,203;0,000;851,000;874,900;855,600;315,050;;;;;0,00;0,00;0,00;3,00;3,45;15,805;26,636;0,60;0,49;999998,00;999998,00;999998,00;999998,00;999998,00;999998,00;999998,00;999998,00;999998,00;999998,00;999998,00;999998,00;999998,00;999998,00;999998,00;;;;;;;;;;;;;;;;;1004,3558;22,36011;106,7139;0,45083491;0,45083491;0,00550;2,03747;94,2478;16,195463;0,201848;24,021525;27,171814;0,0481;4,7933;4,71;469,15;0,01;0,92;77,56;;768,402;764,131;10,0807192;16,61200;3,74700;0,03400;0,2131413;;29,26;122,00;;;
HRR 240s [kW/m²];--;123;16,87000;3,59100;0,029000;67,275;83,09;-39,5900;0,000;100,882;30,500;0,005;524,750;594,950;27,40;1133,483;263,203;0,000;850,600;874,800;855,600;315,050;;;;;0,00;0,00;0,00;3,00;3,46;15,732;26,622;0,60;0,50;999998,00;999998,00;999998,00;999998,00;999998,00;999998,00;999998,00;999998,00;999998,00;999998,00;999998,00;999998,00;999998,00;999998,00;999998,00;;;;;;;;;;;;;;;;;979,0724;23,35123;101,9537;0,42083216;0,42083216;0,00435;2,12194;95,2268;15,647035;0,185568;23,247956;26,358020;0,0429;4,2747;4,75;473,42;0,00;0,89;75,57;;770,218;767,589;9,8269500;16,57500;3,77000;0,02700;0,2151009;;28,72;123,00;;;
HRR 300s [kW/m²];--;124;16,82400;3,58300;0,033000;70,725;80,87;-39,9000;0,000;100,882;30,500;0,005;525,950;596,750;27,40;1133,917;263,203;0,000;852,000;874,800;855,500;315,050;;;;;0,00;0,00;0,00;3,00;3,46;15,797;26,641;0,60;0,48;999998,00;999998,00;999998,00;999998,00;999998,00;999998,00;999998,00;999998,00;999998,00;999998,00;999998,00;999998,00;999998,00;999998,00;999998,00;;;;;;;;;;;;;;;;;1005,8066;22,14688;110,7621;0,45583312;0,45583312;0,00630;2,01225;96,2326;16,024913;0,212576;23,863845;27,076242;0,0505;5,0303;4,80;478,45;0,01;0,92;77,68;;772,010;767,589;10,0952810;16,55900;3,78100;0,04000;0,2157798;;28,41;124,00;;;
HRR 360s [kW/m²];--;125;16,78500;3,57100;0,022000;71,150;80,21;-40,4900;0,000;100,878;30,500;0,005;526,850;596,950;27,40;1133,917;263,203;0,000;852,100;874,700;855,500;315,050;;;;;0,00;0,00;0,00;3,00;3,46;15,788;26,655;0,60;0,48;999998,00;999998,00;999998,00;999998,00;999998,00;999998,00;999998,00;999998,00;999998,00;999998,00;999998,00;999998,00;999998,00;999998,00;999998,00;;;;;;;;;;;;;;;;;1012,4906;23,40656;121,0804;0,43416754;0,43416754;0,00418;2,12796;97,2451;16,059255;0,220786;23,955908;27,143360;0,0526;5,2375;4,85;483,69;0,00;0,92;78,17;;773,907;771,240;10,1623680;16,54100;3,80000;0,02500;0,2167700;;27,82;125,00;;;
HRR Test [kW/m²];906,2;126;16,78700;3,57300;0,015000;70,625;82,82;-40,7800;0,000;100,878;30,500;0,005;527,550;598,350;27,40;1134,550;263,203;0,000;854,200;874,600;855,400;315,050;;;;;0,00;0,00;0,00;3,00;3,46;15,786;26,628;0,60;0,49;999998,00;999998,00;999998,00;999998,00;999998,00;999998,00;999998,00;999998,00;999998,00;999998,00;999998,00;999998,00;999998,00;999998,00;999998,00;;;;;;;;;;;;;;;;;1016,5393;21,70857;95,4819;0,46999900;0,46999900;0,00233;1,97750;98,2617;15,989278;0,188859;23,883213;27,088467;0,0449;4,4711;4,90;488,16;0,00;0,93;78,48;;775,817;771,240;10,2030049;16,50400;3,83900;0,01200;0,2186299;;27,53;126,00;;;
Results EHC;;127;16,80100;3,59800;0,013000;71,475;81,54;-41,4200;0,000;100,882;30,500;0,005;529,150;601,350;27,40;1139,517;263,203;0,000;869,100;874,600;855,400;315,050;;;;;0,00;0,00;0,00;3,00;3,46;15,793;26,660;0,60;0,49;999998,00;999998,00;999998,00;999998,00;999998,00;999998,00;999998,00;999998,00;999998,00;999998,00;999998,00;999998,00;999998,00;999998,00;999998,00;;;;;;;;;;;;;;;;;1029,3264;21,26526;100,9061;0,48583221;0,48583221;0,00191;1,93329;99,2910;16,060872;0,204367;24,062912;27,346182;0,0490;4,8843;4,95;493,05;0,00;0,94;79,45;;777,762;775,172;10,3313492;16,46900;3,86200;0,00900;0,2204337;;26,89;127,00;;;
EHC max [MJ/kg];105,2;128;16,80600;3,63000;0,023000;75,725;81,95;-41,7000;0,000;100,882;30,500;0,005;529,850;601,850;27,40;1140,017;263,203;0,000;870,800;874,500;855,300;315,050;;;;;0,00;0,00;0,00;3,00;3,46;15,816;26,660;0,60;0,49;999998,00;999998,00;999998,00;999998,00;999998,00;999998,00;999998,00;999998,00;999998,00;999998,00;999998,00;999998,00;999998,00;999998,00;999998,00;;;;;;;;;;;;;;;;;1062,4268;42,65428;196,9363;0,25000016;0,25000016;0,00197;3,88480;100,3534;16,520554;0,199369;24,784366;28,152252;0,0492;4,9053;5,00;497,95;0,00;0,97;82,04;;779,857;775,172;10,6635774;16,45200;3,88200;0,00900;0,2212091;;26,61;128,00;;;
Max at [s];12;129;16,78100;3,67300;0,014000;68,450;82,31;-42,0200;0,000;100,882;30,500;0,005;530,750;603,550;27,40;1141,383;263,203;0,000;875,100;874,400;855,200;315,050;;;;;0,00;0,00;0,00;3,00;3,46;15,809;26,646;0,60;0,49;999998,00;999998,00;999998,00;999998,00;999998,00;999998,00;999998,00;999998,00;999998,00;999998,00;999998,00;999998,00;999998,00;999998,00;999998,00;;;;;;;;;;;;;;;;;1013,2883;21,91095;98,8418;0,46416855;0,46416855;0,00395;1,99229;101,3667;15,693621;0,195022;23,583782;26,818636;0,0459;4,5710;5,04;502,52;0,00;0,92;78,28;;781,857;778,988;10,1703743;16,43200;3,89100;0,02400;0,2221168;;26,29;129,00;;;
EHC 060s [MJ/kg];27,0;130;16,74400;3,70800;0,024000;66,075;83,40;-42,5800;0,000;100,878;30,500;0,005;531,950;605,750;27,40;1139,917;263,203;0,000;870,900;874,300;855,100;315,050;;;;;0,00;0,00;0,00;3,00;3,46;15,805;26,633;0,60;0,50;999998,00;999998,00;999998,00;999998,00;999998,00;999998,00;999998,00;999998,00;999998,00;999998,00;999998,00;999998,00;999998,00;999998,00;999998,00;;;;;;;;;;;;;;;;;994,1873;22,93942;96,8371;0,43500042;0,43500042;0,00387;2,08307;102,3609;15,401557;0,181793;23,197207;26,415469;0,0421;4,1969;5,09;506,72;0,00;0,91;76,79;;783,564;778,988;9,9786577;16,43400;3,88500;0,02400;0,2220612;;25,73;130,00;;;
EHC 120s [MJ/kg];26,3;131;16,69100;3,71700;0,035000;70,125;82,17;-42,8900;0,000;100,884;30,500;0,005;532,950;606,650;27,40;1138,650;263,203;0,000;867,500;874,100;854,900;315,050;;;;;0,00;0,00;0,00;3,00;3,46;15,814;26,655;0,60;0,49;999998,00;999998,00;999998,00;999998,00;999998,00;999998,00;999998,00;999998,00;999998,00;999998,00;999998,00;999998,00;999998,00;999998,00;999998,00;;;;;;;;;;;;;;;;;1019,0834;23,78735;109,2832;0,42999919;0,42999919;0,00609;2,15759;103,3800;15,851656;0,196749;23,920011;27,227836;0,0470;4,6818;5,13;511,40;0,01;0,93;78,73;;785,267;782,609;10,2285398;16,45100;3,86500;0,03900;0,2211391;;25,42;131,00;;;
EHC 180s [MJ/kg];26,4;132;16,65200;3,74700;0,037000;71,425;83,01;-43,4400;0,000;100,880;30,500;0,005;533,950;608,350;27,40;1135,950;263,203;0,000;859,900;873,800;854,700;315,150;;;;;0,00;0,00;0,00;3,00;3,47;15,763;26,638;0,60;0,49;999998,00;999998,00;999998,00;999998,00;999998,00;999998,00;999998,00;999998,00;999998,00;999998,00;999998,00;999998,00;999998,00;999998,00;999998,00;;;;;;;;;;;;;;;;;1024,2917;24,57571;107,6513;0,41833242;0,41833242;0,00557;2,23322;104,4043;15,982926;0,186481;24,163349;27,530244;0,0450;4,4868;5,18;515,89;0,01;0,93;79,14;;787,058;782,609;10,2808154;16,46500;3,86000;0,03500;0,2204274;;24,87;132,00;;;
EHC 240s [MJ/kg];--;133;16,63500;3,77000;0,034000;66,975;85,32;-43,7400;0,000;100,876;30,500;0,005;535,550;611,750;27,40;1134,050;263,203;0,000;854,600;873,600;854,500;315,150;;;;;0,00;0,00;0,00;3,00;3,47;15,799;26,671;0,60;0,51;999998,00;999998,00;999998,00;999998,00;999998,00;999998,00;999998,00;999998,00;999998,00;999998,00;999998,00;999998,00;999998,00;999998,00;999998,00;;;;;;;;;;;;;;;;;995,4503;21,40999;80,0481;0,46666686;0,46666686;0,00512;1,95394;105,3997;15,453889;0,159093;23,433550;26,767761;0,0374;3,7218;5,22;519,61;0,01;0,91;76,96;;788,733;785,988;9,9913347;16,43900;3,89600;0,03300;0,2215802;;24,57;133,00;;;
EHC 300s [MJ/kg];--;134;16,61200;3,78100;0,027000;70,425;84,75;-44,3600;0,000;100,880;30,500;0,005;536,450;612,150;27,40;1132,783;263,203;0,000;851,300;873,300;854,300;315,150;;;;;0,00;0,00;0,00;3,00;3,47;15,805;26,649;0,60;0,50;999998,00;999998,00;999998,00;999998,00;999998,00;999998,00;999998,00;999998,00;999998,00;999998,00;999998,00;999998,00;999998,00;999998,00;999998,00;;;;;;;;;;;;;;;;;1032,3689;21,62481;83,3113;0,47916651;0,47916651;0,00454;1,97150;106,4321;15,833621;0,165828;24,049706;27,443429;0,0399;3,9773;5,26;523,59;0,00;0,94;79,81;;790,413;785,988;10,3618868;16,38400;3,93900;0,02800;0,2243501;;23,95;134,00;;;
EHC 360s [MJ/kg];--;135;16,57500;3,80000;0,040000;73,275;82,13;-44,6500;0,000;100,884;30,500;0,005;537,450;613,050;27,30;1132,683;263,203;0,000;851,400;873,100;854,100;315,150;;;;;0,00;0,00;0,00;3,00;3,47;15,809;26,652;0,60;0,49;999998,00;999998,00;999998,00;999998,00;999998,00;999998,00;999998,00;999998,00;999998,00;999998,00;999998,00;999998,00;999998,00;999998,00;999998,00;;;;;;;;;;;;;;;;;1067,1735;41,86791;189,3680;0,25583363;0,25583363;0,00349;3,82873;107,4993;16,135793;0,197189;24,554362;28,008283;0,0484;4,8268;5,30;528,41;0,00;0,98;82,55;;792,335;789,622;10,7112200;16,31600;4,00700;0,02000;0,2276470;;23,66;135,00;;;
EHC Test [MJ/kg];24,3;136;16,55900;3,83900;0,025000;71,325;81,37;-44,9700;0,000;100,880;30,500;0,005;537,950;613,450;27,40;1132,083;263,203;0,000;850,000;872,800;854,000;315,150;;;;;0,00;0,00;0,00;3,00;3,47;15,830;26,663;0,60;0,48;999998,00;999998,00;999998,00;999998,00;999998,00;999998,00;999998,00;999998,00;999998,00;999998,00;999998,00;999998,00;999998,00;999998,00;999998,00;;;;;;;;;;;;;;;;;1067,6495;22,84044;106,7205;0,46916771;0,46916771;0,00485;2,08328;108,5669;15,912242;0,206524;24,236704;27,638268;0,0501;4,9885;5,35;533,40;0,00;0,98;82,62;;794,357;789,622;10,7159980;16,24700;4,05400;0,03000;0,2310291;;23,34;136,00;;;
Results MLR;;137;16,54100;3,86200;0,012000;70,575;82,27;-45,5500;0,000;100,880;30,500;0,005;538,750;614,450;27,30;1131,750;263,203;0,000;849,300;872,700;853,800;315,150;;;;;0,00;0,00;0,00;3,00;3,47;15,799;26,665;0,60;0,49;999998,00;999998,00;999998,00;999998,00;999998,00;999998,00;999998,00;999998,00;999998,00;999998,00;999998,00;999998,00;999998,00;999998,00;999998,00;;;;;;;;;;;;;;;;;1068,1220;22,25763;97,9844;0,48166593;0,48166593;0,00328;2,03163;109,6350;15,816604;0,195527;24,126859;27,516934;0,0472;4,7022;5,40;538,10;0,00;0,98;82,64;;796,354;793,681;10,7207409;16,21700;4,08300;0,01900;0,2325646;;22,76;137,00;;;
MLR max [g/s];0,5708;138;16,50400;3,88200;0,009000;70,475;81,90;-45,9300;0,000;100,882;30,500;0,005;539,850;615,850;27,30;1132,217;263,203;0,000;850,700;872,600;853,900;315,150;;;;;0,00;0,00;0,00;3,00;3,47;15,809;26,641;0,60;0,48;999998,00;999998,00;999998,00;999998,00;999998,00;999998,00;999998,00;999998,00;999998,00;999998,00;999998,00;999998,00;999998,00;999998,00;999998,00;;;;;;;;;;;;;;;;;1075,7078;21,23976;95,0017;0,50833337;0,50833337;0,00425;1,94933;110,7107;15,789283;0,199962;24,134361;27,531993;0,0483;4,8115;5,45;542,92;0,00;0,99;83,34;;798,351;793,681;10,7968796;16,16900;4,14100;0,02600;0,2346728;;22,38;138,00;;;
Max at [s];165;139;16,46900;3,89100;0,009000;71,750;83,28;-46,5500;0,000;100,880;30,500;0,005;540,650;616,950;27,40;1131,217;263,203;0,000;847,900;872,500;853,800;315,150;;;;;0,00;0,00;0,00;3,00;3,47;15,856;26,657;0,60;0,49;999998,00;999998,00;999998,00;999998,00;999998,00;999998,00;999998,00;999998,00;999998,00;999998,00;999998,00;999998,00;999998,00;999998,00;999998,00;;;;;;;;;;;;;;;;;1101,4243;23,94582;96,8417;0,46166706;0,46166706;0,00316;2,19158;111,8122;15,919678;0,183279;24,369733;27,808946;0,0447;4,4544;5,49;547,37;0,00;1,01;85,31;;800,438;797,869;11,0549961;16,09600;4,19300;0,01800;0,2384053;;21,76;139,00;;;
MLR 060s [g/s];0,3244;140;16,45200;3,88500;0,024000;68,775;83,69;-46,8700;0,000;100,882;30,500;0,005;542,050;620,050;27,40;1131,783;263,203;0,000;849,800;872,300;853,800;315,150;;;;;0,00;0,00;0,00;3,00;3,47;15,809;26,657;0,59;0,49;999998,00;999998,00;999998,00;999998,00;999998,00;999998,00;999998,00;999998,00;999998,00;999998,00;999998,00;999998,00;999998,00;999998,00;999998,00;;;;;;;;;;;;;;;;;1089,9983;22,06451;86,2049;0,49583308;0,49583308;0,00460;2,02411;112,9022;15,566002;0,178307;23,890030;27,327761;0,0427;4,2586;5,54;551,63;0,00;1,00;84,51;;802,548;797,869;10,9403132;16,03200;4,25300;0,02900;0,2413669;;21,44;140,00;;;
MLR 120s [g/s];0,3595;141;16,43200;3,86500;0,024000;68,875;80,60;-47,5300;0,000;100,878;30,500;0,005;543,050;620,950;27,40;1131,350;263,203;0,000;848,600;872,300;853,700;315,150;;;;;0,00;0,00;0,00;3,00;3,48;15,845;26,655;0,59;0,47;999998,00;999998,00;999998,00;999998,00;999998,00;999998,00;999998,00;999998,00;999998,00;999998,00;999998,00;999998,00;999998,00;999998,00;999998,00;;;;;;;;;;;;;;;;;1104,7421;22,06629;103,1842;0,50249926;0,50249926;0,00488;2,01918;114,0069;15,562965;0,216025;23,929434;27,362088;0,0518;5,1659;5,59;556,79;0,00;1,01;85,67;;804,638;802,199;11,0882963;15,96400;4,30000;0,03100;0,2447647;;20,78;141,00;;;
MLR 180s [g/s];0,3761;142;16,43400;3,86000;0,039000;65,450;82,89;-47,8200;0,000;100,882;30,500;0,005;543,950;622,450;27,30;1130,917;263,203;0,000;847,200;872,300;853,800;315,150;;;;;0,00;0,00;0,00;3,00;3,48;15,818;26,673;0,59;0,49;999998,00;999998,00;999998,00;999998,00;999998,00;999998,00;999998,00;999998,00;999998,00;999998,00;999998,00;999998,00;999998,00;999998,00;999998,00;;;;;;;;;;;;;;;;;1086,0428;45,89728;185,4596;0,23750019;0,23750019;0,00636;4,20711;115,0929;15,158519;0,187956;23,346190;26,715389;0,0440;4,3884;5,63;561,18;0,01;1,00;84,29;;806,686;802,199;10,9006116;15,91300;4,34700;0,04300;0,2471019;;20,49;142,00;;;
MLR 240s [g/s];--;143;16,45100;3,89600;0,035000;67,725;83,08;-48,1200;0,000;100,882;30,500;0,005;545,350;625,550;27,30;1130,617;263,203;0,000;846,300;872,200;853,900;315,150;;;;;0,00;0,00;0,00;3,00;3,48;15,811;26,681;0,59;0,49;999998,00;999998,00;999998,00;999998,00;999998,00;999998,00;999998,00;999998,00;999998,00;999998,00;999998,00;999998,00;999998,00;999998,00;999998,00;;;;;;;;;;;;;;;;;1111,8237;23,08836;91,9204;0,48333327;0,48333327;0,00347;2,11585;116,2048;15,399914;0,185688;23,779016;27,275994;0,0444;4,4264;5,68;565,61;0,00;1,02;86,25;;808,730;806,480;11,1593745;15,87700;4,37900;0,02100;0,2490502;;20,19;143,00;;;
MLR 300s [g/s];--;144;16,46500;3,93900;0,033000;67,700;82,73;-48,7400;0,000;100,886;30,500;0,005;546,250;627,550;27,30;1130,483;263,203;0,000;845,800;872,200;854,000;315,150;;;;;0,00;0,00;0,00;3,00;3,48;15,793;26,663;0,59;0,48;999998,00;999998,00;999998,00;999998,00;999998,00;999998,00;999998,00;999998,00;999998,00;999998,00;999998,00;999998,00;999998,00;999998,00;999998,00;;;;;;;;;;;;;;;;;1113,6110;22,88866;93,2375;0,48833418;0,48833418;0,00740;2,08726;117,3184;15,384381;0,189882;23,794236;27,335602;0,0455;4,5363;5,72;570,15;0,01;1,02;86,42;;810,841;806,480;11,1773135;15,86200;4,36900;0,05000;0,2497220;;19,57;144,00;;;
MLR 360s [g/s];--;145;16,43900;4,00700;0,028000;63,125;84,22;-49,0900;0,000;100,882;30,500;0,005;547,950;630,850;27,40;1130,317;263,203;0,000;845,300;872,200;854,000;315,150;;;;;0,00;0,00;0,00;3,00;3,48;15,856;26,671;0,59;0,49;999998,00;999998,00;999998,00;999998,00;999998,00;999998,00;999998,00;999998,00;999998,00;999998,00;999998,00;999998,00;999998,00;999998,00;999998,00;;;;;;;;;;;;;;;;;1065,7775;21,72024;81,2009;0,49249967;0,49249967;0,00229;1,97691;118,3842;14,832408;0,172081;23,011921;26,493422;0,0400;3,9844;5,76;574,13;0,00;0,97;82,56;;812,764;810,374;10,6972091;15,90800;4,32900;0,01300;0,2478387;;19,22;145,00;;;
MLR Test [g/s];0,3839;146;16,38400;4,05400;0,020000;69,175;83,86;-49,7200;0,000;100,886;30,500;0,005;549,450;633,150;27,40;1130,450;263,209;0,000;845,500;872,300;854,100;315,150;;;;;0,00;0,00;0,00;3,00;3,48;15,778;26,665;0,59;0,49;999998,00;999998,00;999998,00;999998,00;999998,00;999998,00;999998,00;999998,00;999998,00;999998,00;999998,00;999998,00;999998,00;999998,00;999998,00;;;;;;;;;;;;;;;;;1112,8734;23,55696;90,6539;0,47416608;0,47416608;0,00335;2,15559;119,4970;15,505720;0,176288;24,122392;27,797057;0,0430;4,2827;5,81;578,41;0,00;1,02;86,30;;814,658;810,374;11,1699100;15,90900;4,34700;0,02000;0,2475461;;18,59;146,00;;;
Results SEA;;147;16,31600;4,08300;0,030000;69,075;83,75;-50,0500;0,000;100,886;30,500;0,005;550,950;636,050;27,30;1130,450;263,209;0,000;845,400;872,300;854,200;315,150;;;;;0,00;0,00;0,00;3,00;3,48;15,801;26,660;0,59;0,49;999998,00;999998,00;999998,00;999998,00;999998,00;999998,00;999998,00;999998,00;999998,00;999998,00;999998,00;999998,00;999998,00;999998,00;999998,00;;;;;;;;;;;;;;;;;1129,6146;22,30414;85,4062;0,50833352;0,50833352;0,00403;2,05224;120,6266;15,473401;0,177609;24,137831;27,866172;0,0434;4,3255;5,85;582,74;0,00;1,04;87,72;;816,744;814,283;11,3379420;15,81500;4,44500;0,02500;0,2519076;;18,26;147,00;;;
SEA max [m²/kg];571,5;148;16,24700;4,14100;0,019000;67,125;83,48;-50,7300;0,000;100,886;30,500;0,005;552,450;637,550;27,30;1130,450;263,209;0,000;845,100;872,400;854,400;315,150;;;;;0,00;0,00;0,00;3,00;3,48;15,822;26,655;0,59;0,49;999998,00;999998,00;999998,00;999998,00;999998,00;999998,00;999998,00;999998,00;999998,00;999998,00;999998,00;999998,00;999998,00;999998,00;999998,00;;;;;;;;;;;;;;;;;1135,8926;22,39139;85,7008;0,50916688;0,50916688;0,00302;2,05369;121,7625;15,232707;0,180908;23,827053;27,497399;0,0436;4,3475;5,89;587,09;0,00;1,05;88,21;;818,879;814,283;11,4009544;15,70500;4,52500;0,01800;0,2574555;;17,58;148,00;;;
Max at [s];245;149;16,21700;4,19300;0,026000;70,400;82,35;-51,0700;0,000;100,886;30,500;0,005;552,750;635,950;27,30;1130,483;263,209;0,000;845,000;872,500;854,500;315,150;;;;;0,00;0,00;0,00;3,00;3,48;15,826;26,652;0,59;0,48;999998,00;999998,00;999998,00;999998,00;999998,00;999998,00;999998,00;999998,00;999998,00;999998,00;999998,00;999998,00;999998,00;999998,00;999998,00;;;;;;;;;;;;;;;;;1173,4766;22,47028;91,3977;0,52416722;0,52416722;0,00503;2,06296;122,9360;15,595647;0,194484;24,408012;28,081908;0,0479;4,7731;5,94;591,86;0,01;1,08;91,20;;821,133;818,810;11,7781850;15,65300;4,57000;0,03200;0,2598492;;17,24;149,00;;;
SEA 060s [m²/kg];127,4;150;16,16900;4,25300;0,018000;63,925;81,11;-51,7700;0,000;100,884;30,500;0,005;553,050;636,650;27,40;1130,683;263,209;0,000;845,400;872,600;854,600;315,250;;;;;0,00;0,00;0,00;3,00;3,49;15,822;26,660;0,59;0,47;999998,00;999998,00;999998,00;999998,00;999998,00;999998,00;999998,00;999998,00;999998,00;999998,00;999998,00;999998,00;999998,00;999998,00;999998,00;;;;;;;;;;;;;;;;;1124,0068;21,31966;93,0790;0,52916670;0,52916670;0,00453;1,96133;124,0600;14,857120;0,209659;23,264798;26,781545;0,0493;4,9073;5,99;596,77;0,00;1,04;87,39;;823,317;818,810;11,2816566;15,62200;4,60400;0,03000;0,2613057;;16,54;150,00;;;
SEA 120s [m²/kg];127,0;151;16,09600;4,30000;0,029000;68,400;81,26;-52,0800;0,000;100,884;30,500;0,005;554,850;639,450;27,30;1130,650;263,203;0,000;845,000;872,700;854,800;315,250;;;;;0,00;0,00;0,00;3,00;3,49;15,837;26,671;0,59;0,47;999998,00;999998,00;999998,00;999998,00;999998,00;999998,00;999998,00;999998,00;999998,00;999998,00;999998,00;999998,00;999998,00;999998,00;999998,00;;;;;;;;;;;;;;;;;1177,3740;40,51642;173,6393;0,29166698;0,29166698;0,00549;3,75955;125,2374;15,343403;0,207832;24,104468;27,779763;0,0506;5,0458;6,04;601,81;0,01;1,10;91,71;;825,485;823,533;11,8173033;15,53600;4,70900;0,03600;0,2651419;;16,23;151,00;;;
SEA 180s [m²/kg];130,5;152;16,03200;4,34700;0,031000;71,375;83,73;-52,4600;0,000;100,888;30,500;0,005;556,350;642,050;27,30;1130,617;263,209;0,000;844,600;872,800;855,000;315,250;;;;;0,00;0,00;0,00;3,00;3,49;15,807;26,676;0,59;0,49;999998,00;999998,00;999998,00;999998,00;999998,00;999998,00;999998,00;999998,00;999998,00;999998,00;999998,00;999998,00;999998,00;999998,00;999998,00;;;;;;;;;;;;;;;;;1229,7767;23,07152;82,9671;0,53500017;0,53500017;0,00532;2,13213;126,4672;15,652382;0,177834;24,656352;28,454408;0,0444;4,4224;6,08;606,23;0,01;1,14;95,80;;827,972;823,533;12,3432686;15,40600;4,80100;0,03400;0,2716564;;15,85;152,00;;;
SEA 240s [m²/kg];--;153;15,96400;4,37900;0,043000;69,225;80,22;-53,0900;0,000;100,888;30,500;0,005;557,950;643,950;27,30;1130,817;263,209;0,000;844,900;872,900;855,200;315,250;;;;;0,00;0,00;0,00;3,00;3,49;15,818;26,676;0,59;0,47;999998,00;999998,00;999998,00;999998,00;999998,00;999998,00;999998,00;999998,00;999998,00;999998,00;999998,00;999998,00;999998,00;999998,00;999998,00;;;;;;;;;;;;;;;;;1226,0626;25,59307;113,0012;0,48083297;0,48083297;0,00469;2,35800;127,6932;15,392717;0,220706;24,317047;28,065171;0,0543;5,4134;6,14;611,65;0,00;1,13;95,51;;830,586;828,477;12,3059907;15,33000;4,85200;0,03000;0,2755129;;15,22;153,00;;;
SEA 300s [m²/kg];--;154;15,91300;4,36900;0,021000;62,400;81,32;-53,4300;0,000;100,888;30,500;0,005;558,250;644,350;27,30;1130,950;263,209;0,000;845,100;873,000;855,300;315,250;;;;;0,00;0,00;0,00;3,00;3,49;15,828;26,676;0,58;0,47;999998,00;999998,00;999998,00;999998,00;999998,00;999998,00;999998,00;999998,00;999998,00;999998,00;999998,00;999998,00;999998,00;999998,00;999998,00;;;;;;;;;;;;;;;;;1172,8574;24,18902;99,5239;0,48666573;0,48666573;0,00484;2,23156;128,8661;14,610308;0,207148;23,093426;26,655171;0,0484;4,8256;6,19;616,47;0,00;1,09;91,41;;832,982;828,477;11,7719694;15,28300;4,89600;0,03300;0,2777341;;14,88;154,00;;;
SEA 360s [m²/kg];--;155;15,87700;4,32900;0,050000;66,625;83,25;-54,0700;0,000;100,886;30,500;0,005;559,750;647,150;27,30;1130,950;263,209;0,000;844,900;873,000;855,500;315,250;;;;;0,00;0,00;0,00;3,00;3,49;15,864;26,673;0,58;0,48;999998,00;999998,00;999998,00;999998,00;999998,00;999998,00;999998,00;999998,00;999998,00;999998,00;999998,00;999998,00;999998,00;999998,00;999998,00;;;;;;;;;;;;;;;;;1222,8041;23,71646;85,9912;0,51750064;0,51750064;0,00273;2,18568;130,0889;15,076585;0,183638;23,894468;27,625377;0,0445;4,4336;6,23;620,91;0,00;1,13;95,28;;835,335;833,586;12,2732845;15,22600;4,94100;0,01600;0,2806893;;14,24;155,00;;;
SEA Test [m²/kg];122,0;156;15,86200;4,34700;0,013000;67,775;82,56;-54,4600;0,000;100,890;30,500;0,005;561,850;650,850;27,30;1130,950;263,209;0,000;844,700;873,100;855,600;315,250;;;;;0,00;0,00;0,00;3,00;3,49;15,832;26,679;0,58;0,48;999998,00;999998,00;999998,00;999998,00;999998,00;999998,00;999998,00;999998,00;999998,00;999998,00;999998,00;999998,00;999998,00;999998,00;999998,00;;;;;;;;;;;;;;;;;1244,9071;23,61287;89,0056;0,52916614;0,52916614;0,00207;2,17866;131,3338;15,177701;0,191967;24,144969;27,969660;0,0471;4,6925;6,28;625,60;0,00;1,15;97,04;;837,890;833,586;12,4951324;15,15900;5,00200;0,01100;0,2839532;;13,85;156,00;;;
Results SPR;;157;15,90800;4,44500;0,020000;70,450;82,84;-55,1200;0,000;100,886;30,500;0,005;562,550;651,450;27,30;1131,150;263,209;0,000;845,000;873,300;855,700;315,250;;;;;0,00;0,00;0,00;3,00;3,49;15,828;26,687;0,58;0,48;999998,00;999998,00;999998,00;999998,00;999998,00;999998,00;999998,00;999998,00;999998,00;999998,00;999998,00;999998,00;999998,00;999998,00;999998,00;;;;;;;;;;;;;;;;;1279,0808;25,63356;94,2243;0,50083303;0,50083303;0,00075;2,36910;132,6129;15,464696;0,188598;24,632176;28,524808;0,0472;4,7017;6,33;630,30;0,00;1,19;99,73;;840,591;838,903;12,8381339;15,10900;5,05200;0,00100;0,2864044;;13,19;157,00;;;
SPR max [m²/s];0,057;158;15,90900;4,52500;0,025000;65,850;81,48;-55,4800;0,000;100,886;30,400;0,005;563,850;654,550;27,30;1131,117;263,209;0,000;844,800;873,300;855,800;315,250;;;;;0,00;0,00;0,00;3,00;3,49;15,835;26,679;0,58;0,47;999998,00;999998,00;999998,00;999998,00;999998,00;999998,00;999998,00;999998,00;999998,00;999998,00;999998,00;999998,00;999998,00;999998,00;999998,00;;;;;;;;;;;;;;;;;1249,8321;22,56892;89,5981;0,55583366;0,55583366;0,00336;2,09644;133,8627;14,934048;0,205129;23,841929;27,677103;0,0498;4,9618;6,38;635,26;0,00;1,17;97,61;;843,274;838,903;12,5445645;15,03000;5,13700;0,02100;0,2899043;;12,83;158,00;;;
Max at [s];226;159;15,81500;4,57000;0,018000;68,050;80,95;-56,2200;0,000;100,892;30,400;0,005;564,950;656,650;27,30;1131,217;263,209;0,000;844,900;873,400;855,900;315,250;;;;;0,00;0,00;0,00;3,00;3,50;15,830;26,689;0,58;0,47;999998,00;999998,00;999998,00;999998,00;999998,00;999998,00;999998,00;999998,00;999998,00;999998,00;999998,00;999998,00;999998,00;999998,00;999998,00;;;;;;;;;;;;;;;;;1290,1641;23,26236;94,0409;0,55666645;0,55666645;0,00435;2,15849;135,1529;15,166679;0,211637;24,260558;28,198417;0,0523;5,2156;6,43;640,48;0,00;1,20;100,82;;845,958;844,509;12,9493769;14,92900;5,21500;0,02800;0,2948174;;12,09;159,00;;;
SPR 060s [m²/s];0,038;160;15,70500;4,60400;0,032000;64,050;82,24;-56,5900;0,000;100,886;30,400;0,005;566,450;658,950;27,30;1131,350;263,209;0,000;845,000;873,500;856,100;315,250;;;;;0,00;0,00;0,00;3,00;3,50;15,816;26,684;0,58;0,47;999998,00;999998,00;999998,00;999998,00;999998,00;999998,00;999998,00;999998,00;999998,00;999998,00;999998,00;999998,00;999998,00;999998,00;999998,00;;;;;;;;;;;;;;;;;1268,7702;23,11889;85,5069;0,55083291;0,55083291;0,00448;2,14536;136,4216;14,694683;0,195845;23,567964;27,416559;0,0471;4,6926;6,48;645,17;0,00;1,18;99,21;;848,667;844,509;12,7346469;14,83500;5,29300;0,03000;0,2993805;;11,72;160,00;;;
SPR 120s [m²/s];0,042;161;15,65300;4,70900;0,030000;69,075;82,38;-57,3200;0,000;100,888;30,400;0,005;568,050;661,150;27,30;1131,350;263,209;0,000;844,800;873,600;856,200;315,250;;;;;0,00;0,00;0,00;3,00;3,50;15,830;26,665;0,58;0,47;999998,00;999998,00;999998,00;999998,00;999998,00;999998,00;999998,00;999998,00;999998,00;999998,00;999998,00;999998,00;999998,00;999998,00;999998,00;;;;;;;;;;;;;;;;;1328,3562;24,88217;90,6862;0,53583392;0,53583392;0,00518;2,30233;137,7500;15,238724;0,194190;24,509555;28,526525;0,0486;4,8414;6,52;650,01;0,01;1,23;103,87;;851,462;850,282;13,3327108;14,77600;5,32800;0,03400;0,3023416;;10,99;161,00;;;
SPR 180s [m²/s];0,043;162;15,62200;4,80100;0,036000;61,825;83,64;-57,6700;0,000;100,888;30,400;0,005;569,850;665,850;27,30;1131,517;263,209;0,000;845,100;873,700;856,300;315,250;;;;;0,00;0,00;0,00;3,00;3,50;15,828;26,679;0,58;0,48;999998,00;999998,00;999998,00;999998,00;999998,00;999998,00;999998,00;999998,00;999998,00;999998,00;999998,00;999998,00;999998,00;999998,00;999998,00;;;;;;;;;;;;;;;;;1261,6753;22,54616;75,8443;0,56166704;0,56166704;0,00426;2,08454;139,0117;14,394057;0,178956;23,224376;27,136879;0,0426;4,2442;6,57;654,26;0,00;1,17;98,66;;854,200;850,282;12,6634345;14,74200;5,35300;0,02900;0,3040690;;10,64;162,00;;;
SPR 240s [m²/s];--;163;15,53600;4,85200;0,034000;69,250;83,03;-58,4300;0,000;100,888;30,400;0,005;571,150;667,150;27,30;1131,450;263,209;0,000;844,800;873,700;856,400;315,250;;;;;0,00;0,00;0,00;3,00;3,50;15,824;26,703;0,58;0,48;999998,00;999998,00;999998,00;999998,00;999998,00;999998,00;999998,00;999998,00;999998,00;999998,00;999998,00;999998,00;999998,00;999998,00;999998,00;;;;;;;;;;;;;;;;;1339,9645;24,19652;84,5227;0,55583294;0,55583294;0,00571;2,25783;140,3516;15,216551;0,186330;24,607454;28,743523;0,0470;4,6807;6,61;658,94;0,01;1,25;104,95;;856,940;856,219;13,4492235;14,70300;5,42700;0,03800;0,3055275;;9,88;163,00;;;
SPR 300s [m²/s];--;164;15,40600;4,89600;0,030000;66,225;81,34;-58,7300;0,000;100,888;30,400;0,005;573,150;670,750;27,30;1131,483;263,209;0,000;844,600;873,900;856,500;315,250;;;;;0,00;0,00;0,00;3,00;3,50;15,803;26,689;0,58;0,47;999998,00;999998,00;999998,00;999998,00;999998,00;999998,00;999998,00;999998,00;999998,00;999998,00;999998,00;999998,00;999998,00;999998,00;999998,00;;;;;;;;;;;;;;;;;1338,5039;46,59387;177,5364;0,28833326;0,28833326;0,00544;4,36032;141,6901;14,854508;0,206856;24,106093;28,211048;0,0512;5,1001;6,66;664,04;0,01;1,26;104,96;;859,880;856,219;13,4345632;14,55000;5,56800;0,03700;0,3128661;;9,58;164,00;;;
SPR 360s [m²/s];--;165;15,33000;4,94100;0,033000;64,400;79,82;-59,1300;0,000;100,880;30,400;0,005;573,850;671,250;27,30;1131,550;263,209;0,000;844,600;874,000;856,600;315,250;;;;;0,00;0,00;0,00;3,00;3,50;15,837;26,687;0,58;0,46;999998,00;999998,00;999998,00;999998,00;999998,00;999998,00;999998,00;999998,00;999998,00;999998,00;999998,00;999998,00;999998,00;999998,00;999998,00;;;;;;;;;;;;;;;;;1353,1699;23,79288;96,5215;0,57083329;0,57083329;0,00433;2,21811;143,0433;14,639464;0,225750;23,786132;27,823371;0,0551;5,4895;6,72;669,53;0,00;1,27;106,14;;862,826;862,163;13,5817659;14,38300;5,68900;0,02900;0,3212119;;9,18;165,00;;;
SPR Test [m²/s];0,043;166;15,28300;5,00200;0,016000;66,875;79,46;-59,8100;0,000;100,890;30,400;0,005;574,650;672,150;27,30;1132,483;263,209;0,000;847,100;874,100;856,800;315,250;;;;;0,00;0,00;0,00;3,00;3,50;15,847;26,681;0,58;0,46;999998,00;999998,00;999998,00;999998,00;999998,00;999998,00;999998,00;999998,00;999998,00;999998,00;999998,00;999998,00;999998,00;999998,00;999998,00;;;;;;;;;;;;;;;;;1384,3736;25,53437;105,2915;0,54416680;0,54416680;0,00309;2,36064;144,4277;14,907734;0,230225;24,255783;28,371225;0,0573;5,7085;6,78;675,24;0,00;1,28;108,46;;865,874;862,163;13,8949580;14,36000;5,66800;0,01900;0,3227550;;8,50;166,00;;;
Results COY;;167;15,22600;5,05200;0,011000;67,675;81,16;-60,2200;0,000;100,890;30,400;0,005;575,950;673,850;27,30;1132,883;263,209;0,000;848,100;874,200;856,900;315,350;;;;;0,00;0,00;0,00;3,00;3,50;15,811;26,703;0,58;0,46;999998,00;999998,00;999998,00;999998,00;999998,00;999998,00;999998,00;999998,00;999998,00;999998,00;999998,00;999998,00;999998,00;999998,00;999998,00;;;;;;;;;;;;;;;;;1371,7262;24,73297;94,1676;0,55666645;0,55666645;0,00311;2,27631;145,7994;14,979702;0,209091;24,428018;28,580294;0,0524;5,2227;6,83;680,46;0,00;1,27;107,35;;868,940;868,155;13,7680157;14,45900;5,56500;0,01900;0,3181201;;8,09;167,00;;;
COY max [kg/kg];0,0318;168;15,15900;5,13700;0,001000;57,300;84,16;-60,9200;0,000;100,882;30,400;0,005;578,450;681,350;27,30;1132,817;263,209;0,000;847,800;874,200;857,000;315,250;;;;;0,00;0,00;0,00;3,00;3,50;15,843;26,676;0,58;0,48;999998,00;999998,00;999998,00;999998,00;999998,00;999998,00;999998,00;999998,00;999998,00;999998,00;999998,00;999998,00;999998,00;999998,00;999998,00;;;;;;;;;;;;;;;;;1240,2152;22,29501;72,0345;0,55833312;0,55833312;0,00273;2,05514;147,0396;13,753899;0,172799;22,526407;26,533612;0,0402;4,0071;6,87;684,46;0,00;1,15;97,02;;871,542;868,155;12,4480404;14,56100;5,48900;0,01800;0,3130951;;7,39;168,00;;;
Max at [s];81;169;15,10900;5,21500;0,021000;64,950;82,37;-61,3300;0,000;100,882;30,400;0,005;580,650;684,350;27,30;1133,283;263,209;0,000;848,900;874,400;857,100;315,350;;;;;0,00;0,00;0,00;3,00;3,51;15,832;26,695;0,58;0,47;999998,00;999998,00;999998,00;999998,00;999998,00;999998,00;999998,00;999998,00;999998,00;999998,00;999998,00;999998,00;999998,00;999998,00;999998,00;;;;;;;;;;;;;;;;;1302,3135;24,74067;91,3552;0,52833343;0,52833343;0,00174;2,28035;148,3419;14,615504;0,194292;24,028602;28,319941;0,0483;4,8088;6,92;689,27;0,00;1,20;101,81;;873,907;873,703;13,0713210;14,64100;5,42400;0,00900;0,3092693;;6,98;169,00;;;
COY 060s [kg/kg];0,0103;170;15,03000;5,29300;0,028000;66,125;81,01;-61,9900;0,000;100,882;30,400;0,005;581,950;685,150;27,30;1135,917;263,209;0,000;856,800;874,400;857,100;315,350;;;;;0,00;0,00;0,00;3,00;3,51;15,822;26,676;0,58;0,46;999998,00;999998,00;999998,00;999998,00;999998,00;999998,00;999998,00;999998,00;999998,00;999998,00;999998,00;999998,00;999998,00;999998,00;999998,00;;;;;;;;;;;;;;;;;1308,7210;23,56166;94,8331;0,55750040;0,55750040;0,00540;2,18172;149,6507;14,730634;0,210913;24,272101;28,576391;0,0529;5,2675;6,97;694,54;0,01;1,22;102,43;;876,446;873,703;13,1356330;14,65200;5,43300;0,03700;0,3083349;;6,32;170,00;;;
COY 120s [kg/kg];0,0097;171;14,92900;5,32800;0,030000;66,100;81,94;-62,4400;0,000;100,882;30,400;0,005;581,950;683,550;27,30;1135,250;263,209;0,000;854,700;874,400;857,200;315,350;;;;;0,00;0,00;0,00;3,00;3,51;15,795;26,687;0,58;0,47;999998,00;999998,00;999998,00;999998,00;999998,00;999998,00;999998,00;999998,00;999998,00;999998,00;999998,00;999998,00;999998,00;999998,00;999998,00;;;;;;;;;;;;;;;;;1314,2269;23,34672;88,2821;0,56499990;0,56499990;0,00501;2,16113;150,9649;14,727849;0,199488;24,267513;28,504268;0,0499;4,9696;7,02;699,51;0,01;1,22;102,87;;878,990;878,786;13,1908957;14,62400;5,45500;0,03400;0,3097345;;5,87;171,00;;;
COY 180s [kg/kg];0,0093;172;14,83500;5,35300;0,034000;63,000;79,99;-63,1100;0,000;100,882;30,400;0,005;583,050;683,850;27,30;1134,883;263,209;0,000;853,400;874,500;857,300;315,350;;;;;0,00;0,00;0,00;3,00;3,51;15,809;26,687;0,58;0,46;999998,00;999998,00;999998,00;999998,00;999998,00;999998,00;999998,00;999998,00;999998,00;999998,00;999998,00;999998,00;999998,00;999998,00;999998,00;;;;;;;;;;;;;;;;;1281,6246;24,27108;102,9107;0,52999977;0,52999977;0,00526;2,23750;152,2465;14,364774;0,223553;23,714003;27,813775;0,0545;5,4342;7,08;704,94;0,01;1,19;100,27;;881,426;878,786;12,8636660;14,62800;5,43200;0,03700;0,3096839;;5,20;172,00;;;
COY 240s [kg/kg];--;173;14,77600;5,42700;0,029000;68,300;81,50;-63,5100;0,000;100,882;30,400;0,005;583,450;683,050;27,30;1135,083;263,209;0,000;854,000;874,500;857,300;315,350;;;;;0,00;0,00;0,00;3,00;3,51;15,818;26,697;0,58;0,47;999998,00;999998,00;999998,00;999998,00;999998,00;999998,00;999998,00;999998,00;999998,00;999998,00;999998,00;999998,00;999998,00;999998,00;999998,00;;;;;;;;;;;;;;;;;1322,2017;24,27609;95,0554;0,54666694;0,54666694;0,00627;2,23528;153,5687;14,951679;0,204862;24,699825;28,916301;0,0520;5,1772;7,13;710,12;0,01;1,22;103,41;;883,856;883,866;13,2709381;14,68600;5,37800;0,04300;0,3068601;;4,80;173,00;;;
COY 300s [kg/kg];--;174;14,74200;5,56800;0,038000;60,975;81,11;-64,1900;0,000;100,882;30,400;0,005;584,250;684,950;27,30;1134,450;263,209;0,000;852,100;874,400;857,400;315,350;;;;;0,00;0,00;0,00;3,00;3,51;15,868;26,687;0,58;0,46;999998,00;999998,00;999998,00;999998,00;999998,00;999998,00;999998,00;999998,00;999998,00;999998,00;999998,00;999998,00;999998,00;999998,00;999998,00;;;;;;;;;;;;;;;;;1226,5564;24,62189;100,7298;0,50000012;0,50000012;0,00505;2,24742;154,7953;14,117506;0,209708;23,353769;27,378971;0,0504;5,0179;7,18;715,14;0,01;1,12;95,74;;886,101;883,866;12,3109466;14,80800;5,23900;0,03600;0,3013119;;4,12;174,00;;;
COY 360s [kg/kg];--;175;14,70300;5,68900;0,037000;65,200;80,07;-64,5200;0,000;100,884;30,300;0,005;585,150;684,850;27,30;1134,117;263,209;0,000;851,100;874,400;857,400;315,350;;;;;0,00;0,00;0,00;3,00;3,51;15,795;26,705;0,58;0,46;999998,00;999998,00;999998,00;999998,00;999998,00;999998,00;999998,00;999998,00;999998,00;999998,00;999998,00;999998,00;999998,00;999998,00;999998,00;;;;;;;;;;;;;;;;;1224,4052;24,66091;110,8326;0,49833332;0,49833332;0,00431;2,24741;156,0197;14,587190;0,222600;24,167911;28,285728;0,0552;5,5028;7,23;720,64;0,00;1,12;95,41;;888,040;888,317;12,2893546;15,02600;5,05500;0,02900;0,2907864;;3,79;175,00;;;
COY Test [kg/kg];0,0095;176;14,55000;5,66800;0,029000;64,925;82,54;-65,1900;0,000;100,884;30,300;0,005;585,650;684,550;27,30;1134,217;263,209;0,000;851,400;874,400;857,400;315,350;;;;;0,00;0,00;0,00;3,00;3,51;15,824;26,695;0,58;0,47;999998,00;999998,00;999998,00;999998,00;999998,00;999998,00;999998,00;999998,00;999998,00;999998,00;999998,00;999998,00;999998,00;999998,00;999998,00;;;;;;;;;;;;;;;;;1165,3981;23,08638;93,8569;0,50666666;0,50666666;0,00327;2,06753;157,1851;14,550179;0,192229;24,127191;28,201603;0,0476;4,7379;7,28;725,38;0,00;1,05;90,43;;889,783;888,317;11,6971007;15,32100;4,74300;0,02100;0,2770889;;3,12;176,00;;;
Results CO2Y;;177;14,38300;5,56500;0,019000;61,950;81,27;-65,5300;0,000;100,884;30,300;0,005;586,250;684,250;27,30;1134,517;263,209;0,000;852,300;874,400;857,400;315,350;;;;;0,00;0,00;0,00;3,00;3,51;15,858;26,708;0,58;0,47;999998,00;999998,00;999998,00;999998,00;999998,00;999998,00;999998,00;999998,00;999998,00;999998,00;999998,00;999998,00;999998,00;999998,00;999998,00;;;;;;;;;;;;;;;;;1062,4602;21,01264;98,7858;0,50749999;0,50749999;0,00244;1,87627;158,2475;14,205636;0,207663;23,580000;27,521731;0,0501;4,9949;7,33;730,38;0,00;0,95;82,21;;891,050;891,199;10,6639127;15,70900;4,41900;0,01500;0,2582430;;2,78;177,00;;;
CO2Y max [kg/kg];4,3603;178;14,36000;5,48900;0,019000;64,425;80,99;-66,1900;0,000;100,882;30,300;0,005;586,050;681,450;27,30;1134,650;263,209;0,000;852,700;874,400;857,400;315,350;;;;;0,00;0,00;0,00;3,00;3,52;15,852;26,700;0,58;0,46;999998,00;999998,00;999998,00;999998,00;999998,00;999998,00;999998,00;999998,00;999998,00;999998,00;999998,00;999998,00;999998,00;999998,00;999998,00;;;;;;;;;;;;;;;;;984,6757;20,87998;109,3999;0,47333340;0,47333340;0,00006;1,87028;159,2322;14,489097;0,211161;24,042314;27,956036;0,0518;5,1592;7,38;735,53;0,00;0,89;75,95;;891,794;891,199;9,8831898;16,20300;4,03200;-0,00400;0,2340730;;2,12;178,00;;;
Max at [s];224;179;14,45900;5,42400;0,018000;69,425;81,18;-66,4300;0,000;100,882;30,300;0,005;585,050;677,050;27,40;1134,350;263,209;0,000;851,800;874,400;857,400;315,350;;;;;0,00;0,00;0,00;3,00;3,52;15,837;26,689;0,58;0,47;999998,00;999998,00;999998,00;999998,00;999998,00;999998,00;999998,00;999998,00;999998,00;999998,00;999998,00;999998,00;999998,00;999998,00;999998,00;;;;;;;;;;;;;;;;;907,1144;43,87811;254,7553;0,20749998;0,20749998;0,00086;3,80328;160,1393;15,053687;0,208825;24,936537;28,857845;0,0529;5,2667;7,44;740,80;0,00;0,79;69,42;;892,096;892,245;9,1047076;16,77400;3,46600;0,00200;0,2069721;;1,88;179,00;;;
CO2Y 060s [kg/kg];2,1829;180;14,56100;5,43300;0,009000;71,725;82,67;-66,7100;0,000;100,882;30,300;0,005;583,950;671,950;27,40;1134,250;263,209;0,000;851,600;874,300;857,400;315,350;;;;;0,00;0,00;0,00;3,00;3,52;15,824;26,700;0,58;0,47;999998,00;999998,00;999998,00;999998,00;999998,00;999998,00;999998,00;999998,00;999998,00;999998,00;999998,00;999998,00;999998,00;999998,00;999998,00;;;;;;;;;;;;;;;;;821,1367;19,98000;118,1029;0,41249998;0,41249998;-0,00116;1,67500;160,9605;15,315419;0,190600;25,322397;29,138427;0,0487;4,8538;7,48;745,66;0,00;0,69;62,31;;891,941;892,245;8,2417486;17,26600;2,98900;-0,01300;0,1837117;;1,60;180,00;;;
CO2Y 120s [kg/kg];2,1721;181;14,64100;5,45500;0,037000;70,450;81,49;-67,2000;0,000;100,882;30,300;0,005;581,750;663,950;27,40;1134,050;263,209;0,000;851,000;874,300;857,400;315,350;;;;;0,00;0,00;0,00;3,00;3,52;15,873;26,692;0,58;0,47;999998,00;999998,00;999998,00;999998,00;999998,00;999998,00;999998,00;999998,00;999998,00;999998,00;999998,00;999998,00;999998,00;999998,00;999998,00;;;;;;;;;;;;;;;;;686,0307;18,82193;140,5323;0,36583337;0,36583337;0,00100;1,51220;161,6465;15,207357;0,205010;25,049001;28,588369;0,0514;5,1222;7,54;750,78;0,00;0,55;51,58;;891,177;891,188;6,8856897;17,87900;2,41900;0,00300;0,1541050;;1,11;181,00;;;
CO2Y 180s [kg/kg];2,1919;182;14,65200;5,43200;0,034000;73,125;83,18;-67,4000;0,000;100,882;30,300;0,005;577,850;652,550;27,40;1133,717;263,209;0,000;850,200;874,200;857,300;315,350;;;;;0,00;0,00;0,00;3,00;3,52;15,824;26,700;0,58;0,48;999998,00;999998,00;999998,00;999998,00;999998,00;999998,00;999998,00;999998,00;999998,00;999998,00;999998,00;999998,00;999998,00;999998,00;999998,00;;;;;;;;;;;;;;;;;565,7587;35,67657;292,0156;0,15916667;0,15916667;0,00185;2,91231;162,2123;15,545576;0,184477;25,434441;28,722409;0,0465;4,6308;7,58;755,41;0,00;0,46;42,48;;889,719;891,188;5,6785202;18,47600;1,99100;0,00900;0,1239360;;0,91;182,00;;;
CO2Y 240s [kg/kg];--;183;14,62400;5,37800;0,037000;80,075;84,15;-67,5600;0,000;100,884;30,300;0,005;572,950;639,250;27,40;1133,283;263,209;0,000;848,800;874,300;857,300;315,350;;;;;0,00;0,00;0,00;3,00;3,52;15,816;26,703;0,58;0,48;999998,00;999998,00;999998,00;999998,00;999998,00;999998,00;999998,00;999998,00;999998,00;999998,00;999998,00;999998,00;999998,00;999998,00;999998,00;;;;;;;;;;;;;;;;;469,0443;33,42815;318,4850;0,14083332;0,14083332;0,00238;2,63231;162,6813;16,336972;0,172925;26,502604;29,569404;0,0449;4,4688;7,63;759,88;0,00;0,37;34,92;;887,685;887,760;4,7077975;19,01500;1,52600;0,01200;0,0975047;;0,75;183,00;;;
CO2Y 300s [kg/kg];--;184;14,62800;5,23900;0,043000;77,075;83,19;-67,6800;0,000;100,884;30,300;0,005;566,750;624,150;27,40;1133,383;263,209;0,000;849,200;874,200;857,300;315,350;;;;;0,00;0,00;0,00;3,00;3,52;15,870;26,705;0,58;0,48;999998,00;999998,00;999998,00;999998,00;999998,00;999998,00;999998,00;999998,00;999998,00;999998,00;999998,00;999998,00;999998,00;999998,00;999998,00;;;;;;;;;;;;;;;;;359,0946;40,80265;521,5425;0,08833330;0,08833330;0,00235;3,32064;163,0404;16,115450;0,184411;25,860340;28,479455;0,0461;4,5900;7,67;764,47;0,00;0,29;26,80;;885,111;887,760;3,6042328;19,44500;1,23300;0,01200;0,0755017;;0,63;184,00;;;
CO2Y 360s [kg/kg];--;185;14,68600;5,05500;0,036000;85,400;82,39;-67,7500;0,000;100,884;30,300;0,005;559,950;608,050;27,40;1133,183;263,209;0,000;848,600;874,200;857,300;315,450;;;;;0,00;0,00;0,00;3,00;3,52;15,816;26,708;0,58;0,47;999998,00;999998,00;999998,00;999998,00;999998,00;999998,00;999998,00;999998,00;999998,00;999998,00;999998,00;999998,00;999998,00;999998,00;999998,00;;;;;;;;;;;;;;;;;300,9216;34,51830;571,5215;0,08749997;0,08749997;0,00143;2,71609;163,3413;17,066158;0,194030;27,057350;29,381592;0,0500;4,9824;7,72;769,45;0,00;0,24;22,27;;882,110;882,325;3,0203504;19,76900;0,95400;0,00500;0,0596468;;0,56;185,00;;;
CO2Y Test [kg/kg];2,1757;186;14,80800;4,74300;0,029000;87,150;89,80;-67,8600;0,000;100,888;30,300;0,005;552,350;591,250;27,40;1133,017;263,209;0,000;848,100;874,200;857,300;315,450;;;;;0,00;0,00;0,00;3,00;3,52;15,841;26,713;0,58;0,52;999998,00;999998,00;999998,00;999998,00;999998,00;999998,00;999998,00;999998,00;999998,00;999998,00;999998,00;999998,00;999998,00;999998,00;999998,00;;;;;;;;;;;;;;;;;240,5035;22,80881;259,8215;0,10583336;0,10583336;0,00084;1,85169;163,5818;17,358330;0,107876;27,147047;29,058914;0,0275;2,7396;7,75;772,19;0,00;0,20;17,85;;878,823;882,325;2,4139334;20,02000;0,78200;0,00100;0,0468057;;0,45;186,00;;;
;;187;15,02600;4,41900;0,021000;85,000;91,48;-67,9500;0,000;100,888;30,300;0,005;544,450;575,050;27,40;1132,983;263,209;0,000;848,000;874,200;857,300;315,450;;;;;0,00;0,00;0,00;3,00;3,53;15,816;26,703;0,58;0,53;999998,00;999998,00;999998,00;999998,00;999998,00;999998,00;999998,00;999998,00;999998,00;999998,00;999998,00;999998,00;999998,00;999998,00;999998,00;;;;;;;;;;;;;;;;;191,9816;25,69224;293,6677;0,07500006;0,07500006;0,00129;2,05584;163,7738;17,266802;0,089311;26,617678;28,113685;0,0220;2,1944;7,77;774,38;0,00;0,15;14,21;;875,280;875,524;1,9269192;20,20600;0,62800;0,00400;0,0375245;;0,36;187,00;;;
;;188;15,32100;4,03200;0,015000;83,675;94,10;-68,0100;0,000;100,884;30,300;0,005;537,050;560,750;27,40;1132,983;263,209;0,000;847,900;874,200;857,400;315,450;;;;;0,00;0,00;0,00;3,00;3,53;15,841;26,713;0,58;0,54;999998,00;999998,00;999998,00;999998,00;999998,00;999998,00;999998,00;999998,00;999998,00;999998,00;999998,00;999998,00;999998,00;999998,00;999998,00;;;;;;;;;;;;;;;;;164,4642;34,15297;303,8390;0,04833334;0,04833334;0,00038;2,72746;163,9383;17,249319;0,061130;26,229314;27,386813;0,0147;1,4631;7,79;775,85;0,00;0,13;12,14;;871,572;875,524;1,6507271;20,31400;0,54400;-0,00200;0,0321600;;0,30;188,00;;;
;;189;15,70900;3,46600;-0,004000;84,400;98,45;-68,0500;0,000;100,888;30,300;0,005;530,050;547,350;27,40;1133,250;263,209;0,000;848,800;874,100;857,400;315,450;;;;;0,00;0,00;0,00;3,00;3,53;15,809;26,716;0,58;0,57;999998,00;999998,00;999998,00;999998,00;999998,00;999998,00;999998,00;999998,00;999998,00;999998,00;999998,00;999998,00;999998,00;999998,00;999998,00;;;;;;;;;;;;;;;;;140,5974;42,33526;113,5359;0,03333336;0,03333336;0,00146;3,39682;164,0789;17,437903;0,015965;26,170460;27,024624;0,0038;0,3771;7,79;776,22;0,00;0,11;10,40;;867,768;868,019;1,4111764;20,41100;0,46900;0,00500;0,0271821;;0,26;189,00;;;
;;190;16,20300;2,98900;0,002000;81,625;98,05;-68,0800;0,000;100,878;30,300;0,005;523,250;534,750;27,40;1133,450;263,209;0,000;849,500;874,100;857,300;315,450;;;;;0,00;0,00;0,00;3,00;3,53;15,845;26,697;0,58;0,57;999998,00;999998,00;999998,00;999998,00;999998,00;999998,00;999998,00;999998,00;999998,00;999998,00;999998,00;999998,00;999998,00;999998,00;999998,00;;;;;;;;;;;;;;;;;120,7803;40,40902;152,5437;0,03000004;0,03000004;0,00221;3,34776;164,1996;17,259906;0,019963;25,571013;26,133013;0,0046;0,4559;7,80;776,68;0,00;0,10;9,00;;863,888;868,019;1,2122722;20,47900;0,42500;0,01000;0,0235832;;0,23;190,00;;;
;;191;16,77400;2,41900;-0,013000;81,500;97,65;-68,1100;0,000;100,882;30,300;0,005;516,750;523,450;27,40;1133,850;263,209;0,000;850,600;874,200;857,300;315,450;;;;;0,00;0,00;0,00;3,00;3,53;15,801;26,703;0,58;0,56;999998,00;999998,00;999998,00;999998,00;999998,00;999998,00;999998,00;999998,00;999998,00;999998,00;999998,00;999998,00;999998,00;999998,00;999998,00;;;;;;;;;;;;;;;;;106,8737;44,38728;224,5296;0,02416664;0,02416664;0,00375;3,70552;164,3065;17,354815;0,024049;25,392225;25,721451;0,0054;0,5406;7,80;777,22;0,00;0,09;8,02;;859,961;860,225;1,0726916;20,53300;0,38200;0,02000;0,0207485;;0,20;191,00;;;
;;192;17,26600;1,99100;0,003000;80,425;98,44;-68,1300;0,000;100,880;30,300;0,005;510,550;513,250;27,40;1134,083;263,209;0,000;851,400;874,100;857,300;315,450;;;;;0,00;0,00;0,00;3,00;3,53;15,826;26,729;0,58;0,57;999998,00;999998,00;999998,00;999998,00;999998,00;999998,00;999998,00;999998,00;999998,00;999998,00;999998,00;999998,00;999998,00;999998,00;999998,00;;;;;;;;;;;;;;;;;96,7791;38,85502;141,9236;0,02499990;0,02499990;0,00145;3,25028;164,4033;17,344342;0,016048;25,072427;25,205021;0,0035;0,3535;7,80;777,57;0,00;0,08;7,21;;856,013;860,225;0,9713715;20,57500;0,35100;0,00500;0,0187951;;0,18;192,00;;;
;;193;17,87900;1,52600;0,009000;81,800;98,75;-68,1600;0,000;100,880;30,300;0,005;504,650;503,950;27,40;1133,917;263,209;0,000;850,900;874,100;857,300;315,450;;;;;0,00;0,00;0,00;3,00;3,53;15,803;26,724;0,58;0,57;999998,00;999998,00;999998,00;999998,00;999998,00;999998,00;999998,00;999998,00;999998,00;999998,00;999998,00;999998,00;999998,00;999998,00;999998,00;;;;;;;;;;;;;;;;;87,8109;34,11714;109,9477;0,02583331;0,02583331;0,00287;2,84633;164,4911;17,593934;0,012898;25,139318;25,104448;0,0028;0,2830;7,81;777,86;0,00;0,07;6,57;;852,055;852,320;0,8813585;20,61300;0,31800;0,01400;0,0168088;;0,15;193,00;;;
;;194;18,47600;1,23300;0,012000;79,475;99,28;-68,1800;0,000;100,884;30,300;0,005;499,250;495,550;27,40;1133,550;263,209;0,000;850,000;874,000;857,200;315,450;;;;;0,00;0,00;0,00;3,00;3,53;15,761;26,724;0,58;0,57;999998,00;999998,00;999998,00;999998,00;999998,00;999998,00;999998,00;999998,00;999998,00;999998,00;999998,00;999998,00;999998,00;999998,00;999998,00;;;;;;;;;;;;;;;;;78,2271;0,00000;83,8398;0,01916673;0,01916673;0,00361;3,48124;164,5693;17,435631;0,007488;24,646543;24,463884;0,0016;0,1601;7,81;778,02;0,00;0,07;5,90;;848,091;852,320;0,7851652;20,64500;0,29500;0,01900;0,0151081;;0,13;194,00;;;
;;195;19,01500;0,95400;0,012000;79,225;100,35;-68,2000;0,000;100,886;30,300;0,005;494,250;488,250;27,40;1133,217;263,209;0,000;849,100;873,900;857,200;315,450;;;;;0,00;0,00;0,00;3,00;3,53;15,811;26,705;0,58;0,58;999998,00;999998,00;999998,00;999998,00;999998,00;999998,00;999998,00;999998,00;999998,00;999998,00;999998,00;999998,00;999998,00;999998,00;999998,00;;;;;;;;;;;;;;;;;71,2705;34,33647;-32,7476;0,02083330;0,02083330;0,00208;2,91792;164,6406;17,496018;-0,003216;24,484215;24,186986;-0,0007;-0,0680;7,81;778,02;0,00;0,06;5,34;;844,125;844,394;0,7153422;20,67500;0,27200;0,00900;0,0137143;;0,11;195,00;;;
;;196;19,44500;0,78200;0,005000;80,275;100,27;-68,2200;0,000;100,882;30,300;0,005;489,550;481,450;27,40;1132,950;263,209;0,000;848,500;873,900;857,000;315,450;;;;;0,00;0,00;0,00;3,00;3,54;15,746;26,716;0,58;0,58;999998,00;999998,00;999998,00;999998,00;999998,00;999998,00;999998,00;999998,00;999998,00;999998,00;999998,00;999998,00;999998,00;999998,00;999998,00;;;;;;;;;;;;;;;;;65,5108;0,00000;-35,9427;0,01416665;0,01416665;0,00117;3,97647;164,7061;17,695917;-0,002406;24,528466;24,122623;-0,0005;-0,0507;7,81;778,02;0,00;0,06;4,89;;840,168;844,394;0,6575319;20,70100;0,25300;0,00300;0,0124615;;0,09;196,00;;;
;;197;19,76900;0,62800;0,001000;78,625;100,46;-68,2300;0,000;100,882;30,300;0,005;484,850;475,050;27,40;1132,717;263,209;0,000;848,000;873,800;856,900;315,450;;;;;0,00;0,00;0,00;3,00;3,54;15,862;26,724;0,58;0,58;999998,00;999998,00;999998,00;999998,00;999998,00;999998,00;999998,00;999998,00;999998,00;999998,00;999998,00;999998,00;999998,00;999998,00;999998,00;;;;;;;;;;;;;;;;;60,6674;0,00000;-59,6161;0,01499999;0,01499999;-0,00179;3,32139;164,7668;17,597787;-0,004307;24,158264;23,669967;-0,0009;-0,0891;7,81;778,02;0,00;0,05;4,42;;836,223;836,491;0,6089185;20,72400;0,23000;-0,01600;0,0116019;;0,08;197,00;;;
;;198;20,02000;0,54400;0,004000;79,425;100,58;-68,2500;0,000;100,882;30,300;0,005;480,550;469,350;27,40;1132,483;263,215;0,000;847,400;873,800;856,800;315,450;;;;;0,00;0,00;0,00;3,00;3,54;15,746;26,727;0,58;0,58;999998,00;999998,00;999998,00;999998,00;999998,00;999998,00;999998,00;999998,00;999998,00;999998,00;999998,00;999998,00;999998,00;999998,00;999998,00;;;;;;;;;;;;;;;;;54,7353;0,00000;-75,1676;0,01499998;0,01499998;-0,00103;3,04471;164,8215;17,766045;-0,005444;24,172947;23,609558;-0,0011;-0,1123;7,81;778,02;0,00;0,05;4,01;;832,291;836,491;0,5493781;20,74700;0,21300;-0,01100;0,0103673;;0,06;198,00;;;
;;199;20,20600;0,46900;-0,002000;79,575;100,79;-68,2600;0,000;100,882;30,300;0,005;476,350;464,350;27,40;1132,017;263,215;0,000;846,200;873,700;856,700;315,450;;;;;0,00;0,00;0,00;3,00;3,54;15,723;26,727;0,58;0,58;999998,00;999998,00;999998,00;999998,00;999998,00;999998,00;999998,00;999998,00;999998,00;999998,00;999998,00;999998,00;999998,00;999998,00;999998,00;;;;;;;;;;;;;;;;;49,5540;0,00000;-98,5869;0,01583339;0,01583339;0,00039;2,58886;164,8711;17,861037;-0,007578;24,089796;23,482936;-0,0016;-0,1555;7,81;778,02;0,00;0,04;3,66;;828,371;828,638;0,4973739;20,76600;0,19500;-0,00200;0,0093357;;0,05;199,00;;;
;;200;20,31400;0,42500;0,005000;81,625;100,79;-68,2800;0,000;100,882;30,300;0,005;472,450;459,650;27,40;1131,383;263,215;0,000;844,400;873,700;856,600;315,450;;;;;0,00;0,00;0,00;3,00;3,54;15,811;26,721;0,58;0,58;999998,00;999998,00;999998,00;999998,00;999998,00;999998,00;999998,00;999998,00;999998,00;999998,00;999998,00;999998,00;999998,00;999998,00;999998,00;;;;;;;;;;;;;;;;;45,6151;0,00000;-157,4786;0,01000006;0,01000006;0,00040;3,86251;164,9167;18,164151;-0,007594;24,298040;23,639737;-0,0016;-0,1569;7,81;778,02;0,00;0,04;3,38;;824,467;828,638;0,4578391;20,78300;0,18400;-0,00200;0,0084494;;0,03;200,00;;;
;;201;20,41100;0,38200;0,010000;80,825;100,68;-68,2800;0,000;100,886;30,300;0,005;468,650;454,950;27,40;1130,917;263,215;0,000;843,100;873,700;856,500;315,450;;;;;0,00;0,00;0,00;3,00;3,54;15,790;26,735;0,58;0,58;999998,00;999998,00;999998,00;999998,00;999998,00;999998,00;999998,00;999998,00;999998,00;999998,00;999998,00;999998,00;999998,00;999998,00;999998,00;;;;;;;;;;;;;;;;;42,1486;0,00000;0,0000;0,00333332;0,00333332;0,00120;10,57667;164,9588;18,148051;-0,006439;24,081242;23,377277;-0,0013;-0,1315;7,81;778,02;0,00;0,04;3,14;;820,583;820,849;0,4230459;20,79500;0,17200;0,00300;0,0078141;;0,03;201,00;;;
;;202;20,47900;0,35100;0,020000;81,425;100,62;-68,2900;0,000;100,884;30,300;0,005;465,050;450,850;27,40;1130,617;263,215;0,000;842,200;873,700;856,500;315,450;;;;;0,00;0,00;0,00;3,00;3,54;15,772;26,727;0,58;0,58;999998,00;999998,00;999998,00;999998,00;999998,00;999998,00;999998,00;999998,00;999998,00;999998,00;999998,00;999998,00;999998,00;999998,00;999998,00;;;;;;;;;;;;;;;;;39,0167;0,00000;-103,2618;0,01166666;0,01166666;0,00153;2,82875;164,9979;18,285654;-0,005884;24,077445;23,342256;-0,0012;-0,1200;7,81;778,02;0,00;0,03;2,92;;816,722;820,849;0,3916104;20,80700;0,16300;0,00500;0,0071787;;0,02;202,00;;;
;;203;20,53300;0,31800;0,005000;79,150;100,61;-68,3000;0,000;100,884;30,300;0,005;461,650;447,150;27,40;1130,217;263,215;0,000;841,100;873,700;856,400;315,450;;;;;0,00;0,00;0,00;3,00;3,54;15,784;26,724;0,58;0,58;999998,00;999998,00;999998,00;999998,00;999998,00;999998,00;999998,00;999998,00;999998,00;999998,00;999998,00;999998,00;999998,00;999998,00;999998,00;;;;;;;;;;;;;;;;;35,7205;0,00000;0,0000;0,00500000;0,00500000;0,00151;5,97721;165,0336;18,094662;-0,005776;23,651767;22,908887;-0,0012;-0,1156;7,81;778,02;0,00;0,03;2,67;;812,883;813,145;0,3585265;20,81800;0,15300;0,00500;0,0066413;;0,01;203,00;;;
;;204;20,57500;0,29500;0,014000;82,375;100,59;-68,3000;0,000;100,886;30,400;0,005;458,550;443,750;27,30;1130,150;263,215;0,000;840,800;873,800;856,400;315,550;;;;;0,00;0,00;0,00;3,00;3,54;15,780;26,727;0,58;0,58;999998,00;999998,00;999998,00;999998,00;999998,00;999998,00;999998,00;999998,00;999998,00;999998,00;999998,00;999998,00;999998,00;999998,00;999998,00;;;;;;;;;;;;;;;;;33,7843;0,00000;0,0000;-0,00083333;-0,00083333;0,00204;-34,66741;165,0674;18,521912;-0,005615;24,047657;23,271504;-0,0011;-0,1142;7,81;778,02;0,00;0,03;2,55;;809,068;813,145;0,3390933;20,82700;0,14700;0,00800;0,0061364;;0,01;204,00;;;
;;205;20,61300;0,27200;0,019000;79,625;100,59;-68,3000;0,000;100,880;30,400;0,005;455,550;440,750;27,40;1129,217;263,215;0,000;838,100;873,800;856,300;315,550;;;;;0,00;0,00;0,00;3,00;3,54;15,776;26,735;0,58;0,58;999998,00;999998,00;999998,00;999998,00;999998,00;999998,00;999998,00;999998,00;999998,00;999998,00;999998,00;999998,00;999998,00;999998,00;999998,00;;;;;;;;;;;;;;;;;30,7359;0,00000;0,0000;-0,00083333;-0,00083333;0,00153;-31,84548;165,0981;18,269982;-0,005538;23,565380;22,799784;-0,0011;-0,1104;7,81;778,02;0,00;0,03;2,31;;805,279;805,536;0,3084965;20,83700;0,14000;0,00500;0,0056592;;0,01;205,00;;;
;;206;20,64500;0,25300;0,009000;79,675;100,56;-68,3000;0,000;100,886;30,400;0,005;452,750;437,950;27,40;1129,383;263,215;0,000;838,400;874,000;856,300;315,550;;;;;0,00;0,00;0,00;3,00;3,55;15,797;26,735;0,58;0,57;999998,00;999998,00;999998,00;999998,00;999998,00;999998,00;999998,00;999998,00;999998,00;999998,00;999998,00;999998,00;999998,00;999998,00;999998,00;;;;;;;;;;;;;;;;;29,7108;0,00000;0,0000;0,00500000;0,00500000;0,00008;4,87645;165,1278;18,332143;-0,005305;23,500223;22,732021;-0,0011;-0,1054;7,81;778,02;0,00;0,02;2,18;;801,517;805,536;0,2982071;20,84400;0,13200;-0,00400;0,0054510;;0,01;206,00;;;
;;207;20,67500;0,23000;0,003000;82,975;100,44;-68,3100;0,000;100,884;30,400;0,005;450,050;435,450;27,40;1128,950;263,215;0,000;837,100;874,000;856,300;315,550;;;;;0,00;0,00;0,00;3,00;3,55;15,803;26,724;0,58;0,57;999998,00;999998,00;999998,00;999998,00;999998,00;999998,00;999998,00;999998,00;999998,00;999998,00;999998,00;999998,00;999998,00;999998,00;999998,00;;;;;;;;;;;;;;;;;28,2131;0,00000;-70,5676;0,01166666;0,01166666;-0,00025;2,01598;165,1560;18,763968;-0,004057;23,910338;23,134667;-0,0008;-0,0820;7,81;778,02;0,00;0,02;2,06;;797,785;798,038;0,2831752;20,85200;0,12700;-0,00600;0,0050567;;0,00;207,00;;;
;;208;20,70100;0,21300;-0,016000;83,025;100,41;-68,3200;0,000;100,884;30,400;0,005;447,450;432,950;27,30;1129,117;263,215;0,000;837,300;874,200;856,400;315,550;;;;;0,00;0,00;0,00;3,00;3,55;15,801;26,719;0,57;0,57;999998,00;999998,00;999998,00;999998,00;999998,00;999998,00;999998,00;999998,00;999998,00;999998,00;999998,00;999998,00;999998,00;999998,00;999998,00;;;;;;;;;;;;;;;;;26,5607;0,00000;0,0000;0,00500000;0,00500000;-0,00009;4,43074;165,1826;18,824074;-0,003799;23,848354;23,075528;-0,0008;-0,0766;7,81;778,02;0,00;0,02;1,94;;794,081;798,038;0,2665895;20,85800;0,12200;-0,00500;0,0047452;;-0,01;208,00;;;
;;209;20,72400;0,19500;-0,011000;82,600;100,42;-68,3200;0,000;100,876;30,400;0,005;444,950;430,550;27,30;1129,417;263,215;0,000;838,100;874,300;856,400;315,550;;;;;0,00;0,00;0,00;3,00;3,55;15,776;26,732;0,57;0,57;999998,00;999998,00;999998,00;999998,00;999998,00;999998,00;999998,00;999998,00;999998,00;999998,00;999998,00;999998,00;999998,00;999998,00;999998,00;;;;;;;;;;;;;;;;;24,3619;0,00000;0,0000;-0,00083333;-0,00083333;-0,00059;-25,20664;165,2069;18,828506;-0,003890;23,720691;22,953014;-0,0008;-0,0780;7,81;778,02;0,00;0,02;1,78;;790,403;790,653;0,2445202;20,86600;0,11800;-0,00800;0,0043509;;-0,01;209,00;;;
;;210;20,74700;0,18400;-0,002000;82,600;100,42;-68,3200;0,000;100,876;30,400;0,005;444,950;430,550;27,30;1129,550;263,215;0,000;838,300;874,500;856,400;315,550;;;;;0,00;0,00;0,00;3,00;3,55;15,818;26,740;0,57;0,57;999998,00;999998,00;999998,00;999998,00;999998,00;999998,00;999998,00;999998,00;999998,00;999998,00;999998,00;999998,00;999998,00;999998,00;999998,00;;;;;;;;;;;;;;;;;23,7916;0,00000;0,0000;0,00000000;0,00000000;0,00157;Infinity;165,2307;18,828506;-0,003890;23,720691;22,953014;-0,0008;-0,0780;7,81;778,02;0,00;0,02;1,78;;786,754;790,653;0,2387959;20,86600;0,11300;0,00500;0,0042501;;-0,01;210,00;;;
;;211;20,76600;0,17200;-0,002000;85,975;100,39;-68,3200;0,000;100,874;30,400;0,005;442,550;428,350;27,30;1129,583;263,215;0,000;838,200;874,600;856,500;315,550;;;;;0,00;0,00;0,00;3,00;3,55;15,791;26,713;0,57;0,57;999998,00;999998,00;999998,00;999998,00;999998,00;999998,00;999998,00;999998,00;999998,00;999998,00;999998,00;999998,00;999998,00;999998,00;999998,00;;;;;;;;;;;;;;;;;24,5549;0,00000;0,0000;0,00000000;0,00000000;0,00161;Infinity;165,2553;19,261334;-0,003629;24,135093;23,360676;-0,0007;-0,0741;7,81;778,02;0,00;0,02;1,82;;783,140;783,391;0,2464575;20,86600;0,11000;0,00500;0,0042879;;-0,01;211,00;;;
;;212;20,78300;0,16300;0,003000;85,175;100,43;-68,3200;0,000;100,878;30,400;0,005;440,250;426,350;27,30;1129,650;263,215;0,000;838,300;874,700;856,500;315,550;;;;;0,00;0,00;0,00;3,00;3,55;15,812;26,756;0,57;0,57;999998,00;999998,00;999998,00;999998,00;999998,00;999998,00;999998,00;999998,00;999998,00;999998,00;999998,00;999998,00;999998,00;999998,00;999998,00;;;;;;;;;;;;;;;;;24,5041;0,00000;0,0000;-0,00083333;-0,00083333;0,00161;-22,90701;165,2798;19,221524;-0,003967;23,960036;23,203546;-0,0008;-0,0804;7,81;778,02;0,00;0,02;1,82;;779,561;783,391;0,2459481;20,86600;0,11000;0,00500;0,0042879;;-0,01;212,00;;;
;;213;20,79500;0,15300;0,005000;84,650;100,42;-68,3200;0,000;100,878;30,400;0,005;438,050;424,350;27,30;1129,817;263,215;0,000;838,500;874,900;856,600;315,550;;;;;0,00;0,00;0,00;3,00;3,55;15,843;26,740;0,57;0,57;999998,00;999998,00;999998,00;999998,00;999998,00;999998,00;999998,00;999998,00;999998,00;999998,00;999998,00;999998,00;999998,00;999998,00;999998,00;;;;;;;;;;;;;;;;;24,4898;0,00000;0,0000;0,00583333;0,00583333;0,00161;3,27047;165,3043;19,210253;-0,003883;23,826324;23,081156;-0,0008;-0,0783;7,81;778,02;0,00;0,02;1,81;;776,017;776,265;0,2458039;20,86600;0,11000;0,00500;0,0042879;;-0,01;213,00;;;
;;214;20,80700;0,14700;0,005000;86,025;100,50;-68,3300;0,000;100,878;30,400;0,005;435,950;422,550;27,30;1129,950;263,215;0,000;838,800;875,000;856,600;315,550;;;;;0,00;0,00;0,00;3,00;3,55;15,812;26,729;0,57;0,56;999998,00;999998,00;999998,00;999998,00;999998,00;999998,00;999998,00;999998,00;999998,00;999998,00;999998,00;999998,00;999998,00;999998,00;999998,00;;;;;;;;;;;;;;;;;24,7473;0,00000;0,0000;0,00500000;0,00500000;0,00162;3,85562;165,3290;19,412230;-0,004687;23,961411;23,224897;-0,0010;-0,0951;7,81;778,02;0,00;0,02;1,83;;772,505;776,265;0,2483882;20,86600;0,11000;0,00500;0,0042879;;-0,02;214,00;;;
;;215;20,81800;0,14000;0,008000;85,125;100,55;-68,3300;0,000;100,882;30,400;0,005;433,950;420,750;27,30;1130,250;263,215;0,000;839,400;875,200;856,700;315,550;;;;;0,00;0,00;0,00;3,00;3,56;15,833;26,743;0,57;0,56;999998,00;999998,00;999998,00;999998,00;999998,00;999998,00;999998,00;999998,00;999998,00;999998,00;999998,00;999998,00;999998,00;999998,00;999998,00;;;;;;;;;;;;;;;;;24,6741;0,00000;0,0000;0,00500000;0,00500000;0,00162;3,84419;165,3537;19,354865;-0,005175;23,781000;23,057624;-0,0010;-0,1043;7,81;778,02;0,00;0,02;1,83;;769,027;769,273;0,2476542;20,86600;0,11000;0,00500;0,0042879;;-0,02;215,00;;;
;;216;20,82700;0,13200;0,005000;83,325;100,53;-68,3400;0,000;100,884;30,400;0,005;431,950;419,150;27,30;1130,550;263,215;0,000;840,100;875,400;856,700;315,550;;;;;0,00;0,00;0,00;3,00;3,56;15,797;26,743;0,57;0,56;999998,00;999998,00;999998,00;999998,00;999998,00;999998,00;999998,00;999998,00;999998,00;999998,00;999998,00;999998,00;999998,00;999998,00;999998,00;;;;;;;;;;;;;;;;;24,4683;0,00000;0,0000;0,00583333;0,00583333;0,00160;3,26750;165,3782;19,193419;-0,004975;23,473946;22,778341;-0,0010;-0,0990;7,81;778,02;0,00;0,02;1,81;;765,581;769,273;0,2455885;20,86600;0,11000;0,00500;0,0042879;;-0,03;216,00;;;
;;217;20,83700;0,12700;-0,004000;87,625;100,68;-68,3400;0,000;100,880;30,400;0,005;430,150;417,650;27,30;1130,650;263,215;0,000;840,200;875,500;856,800;315,550;;;;;0,00;0,00;0,00;3,00;3,56;15,864;26,740;0,56;0,56;999998,00;999998,00;999998,00;999998,00;999998,00;999998,00;999998,00;999998,00;999998,00;999998,00;999998,00;999998,00;999998,00;999998,00;999998,00;;;;;;;;;;;;;;;;;25,1442;0,00000;0,0000;-0,00166667;-0,00166667;0,00165;-11,75202;165,4033;19,723569;-0,006500;24,021808;23,323743;-0,0013;-0,1325;7,81;778,02;0,00;0,02;1,86;;762,167;762,412;0,2523720;20,86600;0,11000;0,00500;0,0042879;;-0,03;217,00;;;
;;218;20,84400;0,12200;-0,006000;84,275;100,74;-68,3400;0,000;100,882;30,400;0,005;428,350;416,050;27,40;1130,650;263,215;0,000;840,000;875,700;856,800;315,550;;;;;0,00;0,00;0,00;3,00;3,56;15,826;26,737;0,56;0,56;999998,00;999998,00;999998,00;999998,00;999998,00;999998,00;999998,00;999998,00;999998,00;999998,00;999998,00;999998,00;999998,00;999998,00;999998,00;;;;;;;;;;;;;;;;;24,7106;0,00000;0,0000;0,00583333;0,00583333;0,00162;3,29979;165,4280;19,383466;-0,007016;23,508801;22,833749;-0,0014;-0,1400;7,81;778,02;0,00;0,02;1,83;;758,785;762,412;0,2480202;20,86600;0,11000;0,00500;0,0042879;;-0,03;218,00;;;
;;219;20,85200;0,11800;-0,005000;88,325;100,86;-68,3500;0,000;100,882;30,400;0,005;426,550;414,650;27,40;1130,783;263,215;0,000;840,300;875,800;856,800;315,550;;;;;0,00;0,00;0,00;3,00;3,56;15,851;26,743;0,57;0,57;999998,00;999998,00;999998,00;999998,00;999998,00;999998,00;999998,00;999998,00;999998,00;999998,00;999998,00;999998,00;999998,00;999998,00;999998,00;;;;;;;;;;;;;;;;;25,3507;0,00000;0,0000;0,00583333;0,00583333;0,00166;3,38524;165,4534;19,885581;-0,008205;24,016433;23,346416;-0,0017;-0,1674;7,81;778,02;0,00;0,02;1,88;;755,435;755,680;0,2544450;20,86600;0,11000;0,00500;0,0042879;;-0,04;219,00;;;
;;220;20,85800;0,11300;-0,008000;88,325;100,78;-68,3500;0,000;100,882;30,400;0,005;425,050;413,550;27,40;1130,917;263,215;0,000;840,400;876,000;856,900;315,550;;;;;0,00;0,00;0,00;3,00;3,56;15,847;26,737;0,57;0,57;999998,00;999998,00;999998,00;999998,00;999998,00;999998,00;999998,00;999998,00;999998,00;999998,00;999998,00;999998,00;999998,00;999998,00;999998,00;;;;;;;;;;;;;;;;;25,3954;0,00000;-140,5103;0,01083332;0,01083332;0,00166;1,82602;165,4788;19,920638;-0,007439;23,974167;23,325531;-0,0015;-0,1517;7,81;778,02;0,00;0,02;1,88;;752,116;755,680;0,2548936;20,86600;0,11000;0,00500;0,0042879;;-0,04;220,00;;;
;;221;20,86600;0,11000;0,005000;89,225;100,87;-68,3500;0,000;100,874;30,400;0,005;423,550;412,450;27,40;1130,983;263,215;0,000;840,500;876,100;856,900;315,550;;;;;0,00;0,00;0,00;3,00;3,56;15,832;26,756;0,58;0,57;999998,00;999998,00;999998,00;999998,00;999998,00;999998,00;999998,00;999998,00;999998,00;999998,00;999998,00;999998,00;999998,00;999998,00;999998,00;;;;;;;;;;;;;;;;;;;;;;;;;20,057295;-0,008269;24,053447;23,423077;;;;;;;;;;;;20,86600;0,11000;0,00500;0,0042879;;-0,04;221,00;;;
