General information;;time (s);O2;CO2;CO;Pdiff;Light;Mass;Methane;AmbP;AmbH;HFM;TC stack;TC smoke;TC amb.;TC cone;T PK;Soot;TC cone1;TC cone2;TC cone3;TC aux;CH4;CO;CO2;Ethene;H2O;n.u.;n.u.;UOX Bin;n.u.;UOX Hum.;UOX Temp;n.u.;TEext1;TEext2;TEext3;TEext4;TEext5;TEext6;TEext7;TEext8;TEext9;TEext10;TEext11;TEext12;TEext13;TEext14;TEext15;n.u.;n.u.;n.u.;n.u.;n.u.;n.u.;n.u.;n.u.;n.u.;n.u.;n.u.;n.u.;n.u.;n.u.;n.u.;n.u.;n.u.;HRR/a;EHC;SEA;MLR;MLR/a;COY;CO2Y/sh;THR/a;MFR;K;Vstack;Vsmoke;SPR;RSR;TSP;TSR;COP;CO2P;O2C;TOC;ARHE;Mass;HRR;O2/sh;CO2/sh;CO/sh;phi;FU27;FU28;FU29;FU30;FU31;
;;;%;%;%;Pa;-;g;g/s;Pa;%;kW/m²;°C;°C;°C;°C;°C;g/min;°C;°C;°C;°C;ppm;ppm;%;ppm;ppm;no;no;;no;%;°C;no;°C;°C;°C;°C;°C;°C;°C;°C;°C;°C;°C;°C;°C;°C;°C;no;no;no;no;no;no;no;no;no;no;no;no;no;no;no;no;no;kW/m²;MJ/kg;m²/kg;g/s;g/(s*m²);[kg/kg];[kg/kg];MJ/m²;g/s;1/m;l/s;l/s;m²/s;(m²/s)/m²;m²;m²;g/s;g/s;g/s;g;kW/m²;g;kW;[%];[%];%;;;;;;;
Test;;0;20,94200;0,04800;-0,023000;109,375;100,01;0,0000;0,000;100,956;29,500;0,000;344,150;347,750;27,00;1141,950;263,164;0,000;858,100;884,500;863,800;326,450;;;;;0,00;0,00;0,00;3,00;2,94;15,326;27,402;0,58;0,58;999998,00;999998,00;999998,00;999998,00;999998,00;999998,00;999998,00;999998,00;999998,00;999998,00;999998,00;999998,00;999998,00;999998,00;999998,00;;;;;;;;;;;;;;;;;0,2586;;;-0,00083351;-0,00083351;-0,00178;0,94959;0,0003;24,635796;0,000051;24,005714;24,256827;0,0000;0,0011;0,00;0,00;0,00;0,00;-0,07;;;;0,0025865;20,94400;0,04600;-0,01300;0,0000340;;67,35;0,00;;;
Standard used;ISO 5660-1;1;20,94100;0,04800;-0,007000;107,625;100,00;0,0000;0,000;100,950;29,500;0,000;344,150;347,650;27,00;1141,783;263,164;0,000;857,800;884,400;863,700;326,450;;;;;0,00;0,00;0,00;3,00;2,94;15,339;27,416;0,58;0,58;999998,00;999998,00;999998,00;999998,00;999998,00;999998,00;999998,00;999998,00;999998,00;999998,00;999998,00;999998,00;999998,00;999998,00;999998,00;;;;;;;;;;;;;;;;;0,0000;;;0,00333468;0,00333468;-0,00068;-0,23544;0,0003;24,437914;0,000105;23,812894;24,055071;0,0000;0,0022;0,00;0,00;0,00;0,00;-0,07;;0,000;0,000;0,0000000;20,94400;0,04600;-0,00800;-0,0000292;;67,35;1,00;;;
Date of test;24.07.2026;2;20,94000;0,04800;-0,004000;112,150;100,03;-0,0100;0,000;100,958;29,500;0,000;344,150;347,650;27,00;1139,350;263,164;0,000;850,600;884,400;863,600;326,550;;;;;0,00;0,00;0,00;3,00;2,94;15,355;27,402;0,58;0,58;999998,00;999998,00;999998,00;999998,00;999998,00;999998,00;999998,00;999998,00;999998,00;999998,00;999998,00;999998,00;999998,00;999998,00;999998,00;;;;;;;;;;;;;;;;;0,0000;;;0,02416738;0,02416738;0,00040;-0,04896;0,0003;24,946360;-0,000135;24,308336;24,555551;0,0000;-0,0029;0,00;0,00;0,00;0,00;-0,13;;0,000;0,000;0,0000000;20,94600;0,04500;-0,00300;-0,0002007;;67,34;2,00;;;
Time of test;13:21;3;20,94000;0,04800;-0,009000;105,200;100,00;-0,0400;0,000;100,950;29,500;0,000;344,050;347,450;27,00;1137,350;263,164;0,000;845,000;884,200;863,400;326,550;;;;;0,00;0,00;0,00;3,00;2,94;15,349;27,437;0,58;0,58;999998,00;999998,00;999998,00;999998,00;999998,00;999998,00;999998,00;999998,00;999998,00;999998,00;999998,00;999998,00;999998,00;999998,00;999998,00;;;;;;;;;;;;;;;;;0,0000;;;0,01083120;0,01083120;0,00124;-0,07168;0,0003;24,164539;0,000145;23,539669;23,772295;0,0000;0,0030;0,00;0,01;0,00;0,00;-0,10;;0,000;0,000;0,0000000;20,94500;0,04600;0,00100;-0,0002036;;67,31;3,00;;;
Heat flux (kW/m²);75;4;20,94200;0,04700;0,006000;106,550;100,01;-0,0300;0,000;100,950;29,500;0,000;343,950;347,450;27,00;1135,517;263,164;0,000;840,000;884,000;863,100;326,550;;;;;0,00;0,00;0,00;3,00;2,94;15,299;27,418;0,58;0,58;999998,00;999998,00;999998,00;999998,00;999998,00;999998,00;999998,00;999998,00;999998,00;999998,00;999998,00;999998,00;999998,00;999998,00;999998,00;;;;;;;;;;;;;;;;;0,0000;;;-0,00833448;-0,00833448;0,00061;0,13841;0,0003;24,322628;0,000008;23,686783;23,927817;0,0000;0,0002;0,00;0,01;0,00;0,00;-0,12;;0,000;0,000;0,0000000;20,94600;0,04500;-0,00200;-0,0002133;;67,32;4,00;;;
Nominal duct flow rate (l/s);24,0;5;20,94200;0,04700;0,018000;111,425;100,00;-0,0300;0,000;100,958;29,500;0,000;343,950;347,350;27,00;1134,283;263,164;0,000;836,700;883,800;862,900;326,550;;;;;0,00;0,00;0,00;3,00;2,94;15,311;27,418;0,58;0,58;999998,00;999998,00;999998,00;999998,00;999998,00;999998,00;999998,00;999998,00;999998,00;999998,00;999998,00;999998,00;999998,00;999998,00;999998,00;;;;;;;;;;;;;;;;;0,0000;;;0,00000000;0,00000000;-0,00069;-Infinity;0,0003;24,872824;0,000168;24,222596;24,462040;0,0000;0,0036;0,00;0,01;0,00;0,00;-0,10;;0,000;0,000;0,0000000;20,94500;0,04500;-0,00800;-0,0000770;;67,32;5,00;;;
Sampling interval (s);1;6;20,94200;0,04700;-0,002000;110,000;99,99;-0,0300;0,000;100,950;29,500;0,000;343,850;347,250;27,00;1133,450;263,164;0,000;834,700;883,600;862,600;326,550;;;;;0,00;0,00;0,00;3,00;2,94;15,269;27,418;0,58;0,58;999998,00;999998,00;999998,00;999998,00;999998,00;999998,00;999998,00;999998,00;999998,00;999998,00;999998,00;999998,00;999998,00;999998,00;999998,00;;;;;;;;;;;;;;;;;0,0000;;;0,00583458;0,00583458;0,00258;-0,26572;0,0003;24,716858;0,000222;24,063708;24,301651;0,0000;0,0047;0,00;0,01;0,00;0,00;-0,13;;0,000;0,000;0,0000000;20,94600;0,04400;0,00700;-0,0003146;;67,32;6,00;;;
Separation (mm);25;7;20,94300;0,04700;-0,015000;108,875;99,96;-0,0400;0,000;100,950;29,500;0,000;343,750;347,050;27,00;1132,783;263,164;0,000;833,100;883,400;862,400;326,550;;;;;0,00;0,00;0,00;3,00;2,95;15,355;27,413;0,58;0,58;999998,00;999998,00;999998,00;999998,00;999998,00;999998,00;999998,00;999998,00;999998,00;999998,00;999998,00;999998,00;999998,00;999998,00;999998,00;;;;;;;;;;;;;;;;;0,0947;;;0,00583458;0,00583458;-0,00221;-0,19991;0,0004;24,593717;0,000503;23,936859;24,166653;0,0001;0,0107;0,00;0,03;0,00;0,00;-0,10;;0,007;0,014;0,0009470;20,94500;0,04500;-0,01500;0,0000116;;67,31;7,00;;;
Orientation;hor;8;20,94300;0,04700;-0,003000;108,100;99,91;-0,0400;0,000;100,950;29,500;0,000;343,850;347,250;27,00;1132,117;263,164;0,000;831,600;883,200;862,100;326,550;;;;;0,00;0,00;0,00;3,00;2,95;15,297;27,437;0,58;0,57;999998,00;999998,00;999998,00;999998,00;999998,00;999998,00;999998,00;999998,00;999998,00;999998,00;999998,00;999998,00;999998,00;999998,00;999998,00;;;;;;;;;;;;;;;;;0,5859;;;-0,00083351;-0,00083351;0,00104;-4,45238;0,0009;24,502465;0,001010;23,854981;24,090860;0,0002;0,0213;0,00;0,05;0,00;0,00;0,09;;0,048;0,014;0,0058606;20,93800;0,05800;0,00000;0,0000801;;67,31;8,00;;;
Edge frame?;N;9;20,94300;0,04600;-0,012000;110,025;99,84;-0,0400;0,000;100,958;29,500;0,000;343,850;347,250;27,00;1131,750;263,164;0,000;830,900;883,000;861,900;326,550;;;;;0,00;0,00;0,00;3,00;2,95;15,305;27,424;0,58;0,57;999998,00;999998,00;999998,00;999998,00;999998,00;999998,00;999998,00;999998,00;999998,00;999998,00;999998,00;999998,00;999998,00;999998,00;999998,00;;;;;;;;;;;;;;;;;21,3777;;;-0,00083351;-0,00083351;-0,00265;-30,35401;0,0223;24,719667;0,001743;24,066444;24,304414;0,0004;0,0372;0,00;0,08;0,00;0,03;1,60;;1,263;2,396;0,2138197;20,88300;0,11500;-0,01700;0,0028960;;67,31;9,00;;;
Grid?;N;10;20,94300;0,04600;-0,011000;107,475;99,63;-0,0400;0,000;100,958;29,500;0,000;343,850;347,450;27,00;1131,250;263,164;0,000;829,700;882,900;861,700;326,550;;;;;0,00;0,00;0,00;3,00;2,95;15,347;27,418;0,58;0,57;999998,00;999998,00;999998,00;999998,00;999998,00;999998,00;999998,00;999998,00;999998,00;999998,00;999998,00;999998,00;999998,00;999998,00;999998,00;;;;;;;;;;;;;;;;;74,4694;;;0,00500170;0,00500170;0,00061;18,07707;0,0968;24,431529;0,003855;23,785920;24,034951;0,0008;0,0813;0,00;0,17;0,00;0,09;5,93;;5,929;2,396;0,7448433;20,72200;0,29000;-0,00200;0,0102200;;67,31;10,00;;;
Non-scrubbed?;;11;20,94400;0,04600;-0,013000;108,000;99,23;-0,0500;0,000;100,958;29,500;0,000;343,950;347,550;27,00;1131,150;263,164;0,000;829,700;882,800;861,500;326,550;;;;;0,00;0,00;0,00;3,00;2,95;15,318;27,429;0,58;0,57;999998,00;999998,00;999998,00;999998,00;999998,00;999998,00;999998,00;999998,00;999998,00;999998,00;999998,00;999998,00;999998,00;999998,00;999998,00;;;;;;;;;;;;;;;;;146,4913;;;-0,01000214;-0,01000214;-0,00328;-16,85112;0,2433;24,487568;0,007882;23,847411;24,097013;0,0017;0,1666;0,00;0,33;0,00;0,17;11,44;;15,434;17,221;1,4652062;20,51900;0,49800;-0,02000;0,0200776;;67,30;11,00;;;
Substrate used? {Y/N};;12;20,94400;0,04500;-0,008000;108,675;99,40;-0,0600;0,000;100,950;29,500;0,000;344,050;347,950;27,00;1131,217;263,164;0,000;830,300;882,600;861,300;326,550;;;;;0,00;0,00;0,00;3,00;2,95;15,347;27,429;0,58;0,57;999998,00;999998,00;999998,00;999998,00;999998,00;999998,00;999998,00;999998,00;999998,00;999998,00;999998,00;999998,00;999998,00;999998,00;999998,00;;;;;;;;;;;;;;;;;257,7405;17,57701;8,8531;0,14666430;0,14666430;-0,00069;1,90840;0,5010;24,560402;0,006117;23,925295;24,196502;0,0013;0,1298;0,00;0,46;0,00;0,28;20,05;;30,991;17,221;2,5779204;20,20300;0,79300;-0,00800;0,0352786;;67,29;12,00;;;
Substrate;;13;20,94400;0,04600;-0,003000;102,275;97,15;-0,3200;0,000;100,950;29,500;0,000;345,350;351,250;27,00;1131,850;263,164;0,000;832,200;882,700;861,200;326,550;;;;;0,00;0,00;0,00;3,00;2,95;15,362;27,408;0,58;0,56;999998,00;999998,00;999998,00;999998,00;999998,00;999998,00;999998,00;999998,00;999998,00;999998,00;999998,00;999998,00;999998,00;999998,00;999998,00;;;;;;;;;;;;;;;;;362,1512;17,38647;28,8950;0,20833651;0,20833651;0,00185;1,69034;0,8632;23,781347;0,029016;23,253920;23,651193;0,0060;0,6019;0,01;1,06;0,00;0,35;27,70;;52,449;53,698;3,6222358;19,88800;1,01600;0,00400;0,0512809;;67,03;13,00;;;
Additional preparation details;;14;20,94600;0,04500;0,001000;93,075;93,72;-0,4400;0,000;100,950;29,500;0,000;348,250;358,250;27,00;1132,017;263,164;0,000;832,800;882,700;861,100;326,550;;;;;0,00;0,00;0,00;3,00;2,95;15,334;27,426;0,58;0,54;999998,00;999998,00;999998,00;999998,00;999998,00;999998,00;999998,00;999998,00;999998,00;999998,00;999998,00;999998,00;999998,00;999998,00;999998,00;;;;;;;;;;;;;;;;;431,6723;35,97925;108,9282;0,12000211;0,12000211;0,00435;3,46200;1,2948;22,591881;0,065027;22,276338;22,916003;0,0131;1,3069;0,02;2,37;0,00;0,42;33,06;;77,053;53,698;4,3175864;19,61800;1,25000;0,01700;0,0644328;;66,91;14,00;;;
;;15;20,94500;0,04500;-0,002000;86,625;91,07;-0,5900;0,000;100,952;29,500;0,000;352,350;367,250;27,00;1132,550;263,164;0,000;834,500;882,600;861,100;326,550;;;;;0,00;0,00;0,00;3,00;2,95;15,326;27,405;0,58;0,52;999998,00;999998,00;999998,00;999998,00;999998,00;999998,00;999998,00;999998,00;999998,00;999998,00;999998,00;999998,00;999998,00;999998,00;999998,00;;;;;;;;;;;;;;;;;489,5973;31,25668;118,1897;0,15666898;0,15666898;0,00284;2,88416;1,7844;21,667856;0,093689;21,616754;22,530872;0,0185;1,8513;0,04;4,22;0,00;0,45;37,22;;102,625;103,322;4,8969521;19,38800;1,41100;0,01000;0,0762886;;66,76;15,00;;;
Specimen;;16;20,94600;0,04400;-0,008000;88,875;89,15;-0,7800;0,000;100,950;29,500;0,000;357,150;377,350;27,00;1132,183;263,170;0,000;833,400;882,700;861,000;326,550;;;;;0,00;0,00;0,00;3,00;2,95;15,292;27,440;0,58;0,51;999998,00;999998,00;999998,00;999998,00;999998,00;999998,00;999998,00;999998,00;999998,00;999998,00;999998,00;999998,00;999998,00;999998,00;999998,00;;;;;;;;;;;;;;;;;552,2632;18,26030;77,6365;0,30249977;0,30249977;0,00266;1,68157;2,3367;21,799469;0,114949;22,044327;23,291129;0,0235;2,3480;0,07;6,57;0,00;0,51;42,01;;128,769;103,322;5,5237360;19,19900;1,57300;0,00900;0,0856166;;66,57;16,00;;;
Sample description;PMMA_CN_6mm_q75_Al2O3_R2;17;20,94500;0,04500;0,007000;91,800;87,88;-1,1600;0,000;100,950;29,600;0,000;362,050;387,250;27,00;1132,617;263,170;0,000;834,900;882,600;860,900;326,550;;;;;0,00;0,00;0,00;3,00;2,96;15,311;27,426;0,58;0,50;999998,00;999998,00;999998,00;999998,00;999998,00;999998,00;999998,00;999998,00;999998,00;999998,00;999998,00;999998,00;999998,00;999998,00;999998,00;;;;;;;;;;;;;;;;;610,2408;19,58396;87,8567;0,31166458;0,31166458;-0,00197;1,76537;2,9469;22,004854;0,129377;22,557311;24,127381;0,0274;2,7376;0,09;9,31;0,00;0,55;46,18;;155,386;155,863;6,1036282;19,04400;1,68200;-0,01500;0,0937994;;66,19;17,00;;;
Material name/ID;PMMA_CN;18;20,94600;0,05800;-0,015000;90,750;86,57;-1,3700;0,000;100,958;29,600;0,000;366,750;396,750;27,00;1132,583;263,170;0,000;834,800;882,700;860,800;326,550;;;;;0,00;0,00;0,00;3,00;2,96;15,326;27,432;0,58;0,50;999998,00;999998,00;999998,00;999998,00;999998,00;999998,00;999998,00;999998,00;999998,00;999998,00;999998,00;999998,00;999998,00;999998,00;999998,00;;;;;;;;;;;;;;;;;644,7792;36,85232;176,7330;0,17499797;0,17499797;-0,00253;3,33994;3,5917;21,738006;0,144384;22,573042;24,419508;0,0309;3,0922;0,12;12,40;0,00;0,58;48,87;;181,615;155,863;6,4490818;18,90900;1,80500;-0,01800;0,1003935;;65,98;18,00;;;
Specimen number;R2;19;20,94500;0,11500;0,000000;86,925;87,32;-1,5700;0,000;100,958;29,600;0,000;371,850;406,550;27,00;1133,017;263,170;0,000;836,100;882,700;860,800;326,550;;;;;0,00;0,00;0,00;3,00;2,96;15,343;27,437;0,58;0,50;999998,00;999998,00;999998,00;999998,00;999998,00;999998,00;999998,00;999998,00;999998,00;999998,00;999998,00;999998,00;999998,00;999998,00;999998,00;;;;;;;;;;;;;;;;;656,4326;21,23675;93,6289;0,30916405;0,30916405;-0,00003;1,92862;4,2482;21,128560;0,135681;22,245284;24,321151;0,0289;2,8941;0,15;15,29;0,00;0,60;49,86;;206,299;206,123;6,5656386;18,80800;1,89200;-0,00500;0,1052100;;65,78;19,00;;;
E (MJ/kg);13,10;20;20,93800;0,29000;-0,017000;90,775;86,32;-1,9600;0,000;100,950;29,500;0,000;376,550;415,250;27,00;1132,583;263,170;0,000;835,000;882,600;860,700;326,550;;;;;0,00;0,00;0,00;3,00;2,96;15,351;27,424;0,58;0,50;999998,00;999998,00;999998,00;999998,00;999998,00;999998,00;999998,00;999998,00;999998,00;999998,00;999998,00;999998,00;999998,00;999998,00;999998,00;;;;;;;;;;;;;;;;;699,7595;22,45636;104,5498;0,31167094;0,31167094;0,00035;2,03454;4,9479;21,456221;0,147252;22,875793;25,226858;0,0326;3,2579;0,19;18,55;0,00;0,63;53,18;;229,889;206,123;6,9989949;18,70100;1,97900;-0,00300;0,1105024;;65,39;20,00;;;
Initial mass (g);67,35;21;20,88300;0,49800;-0,002000;90,600;85,96;-2,1700;0,000;100,950;29,500;0,000;381,550;424,350;27,00;1133,250;263,170;0,000;837,000;882,700;860,600;326,550;;;;;0,00;0,00;0,00;3,00;2,96;15,343;27,437;0,58;0,49;999998,00;999998,00;999998,00;999998,00;999998,00;999998,00;999998,00;999998,00;999998,00;999998,00;999998,00;999998,00;999998,00;999998,00;999998,00;;;;;;;;;;;;;;;;;718,2447;35,04324;165,7366;0,20500056;0,20500056;0,00523;3,15273;5,6662;21,294616;0,151385;23,004963;25,585522;0,0340;3,3969;0,22;21,95;0,01;0,65;54,66;;252,704;251,953;7,1838833;18,62100;2,03100;0,02300;0,1143298;;65,18;21,00;;;
Thickness (mm);5,65;22;20,72200;0,79300;-0,020000;92,800;86,25;-2,4300;0,000;100,950;29,500;0,000;386,350;432,750;27,00;1133,750;263,170;0,000;838,500;882,700;860,600;326,550;;;;;0,00;0,00;0,00;3,00;2,96;15,328;27,434;0,58;0,49;999998,00;999998,00;999998,00;999998,00;999998,00;999998,00;999998,00;999998,00;999998,00;999998,00;999998,00;999998,00;999998,00;999998,00;999998,00;;;;;;;;;;;;;;;;;745,0766;20,09612;91,9276;0,37083054;0,37083054;0,00470;1,80250;6,4112;21,417312;0,148089;23,428590;26,242326;0,0341;3,4083;0,25;25,36;0,00;0,67;56,69;;274,474;251,953;7,4522557;18,54900;2,08700;0,02000;0,1179656;;64,92;22,00;;;
Surface area (cm²);100,02;23;20,51900;1,01600;-0,008000;90,000;83,73;-2,8700;0,000;100,952;29,500;0,000;391,350;441,050;27,00;1134,150;263,170;0,000;839,800;882,700;860,500;326,550;;;;;0,00;0,00;0,00;3,00;2,96;15,336;27,432;0,58;0,48;999998,00;999998,00;999998,00;999998,00;999998,00;999998,00;999998,00;999998,00;999998,00;999998,00;999998,00;999998,00;999998,00;999998,00;999998,00;;;;;;;;;;;;;;;;;751,3875;22,60226;122,6694;0,33250554;0,33250554;0,00589;2,03463;7,1626;20,956562;0,177677;23,221252;26,170265;0,0408;4,0780;0,29;29,43;0,01;0,68;57,26;;295,073;293,941;7,5153781;18,47200;2,15700;0,02700;0,1216271;;64,48;23,00;;;
Sponsor;;24;20,20300;1,25000;0,004000;93,500;84,97;-3,1100;0,000;100,952;29,500;0,000;395,850;448,350;27,00;1134,050;263,170;0,000;839,400;882,700;860,600;326,550;;;;;0,00;0,00;0,00;3,00;2,96;15,282;27,440;0,58;0,49;999998,00;999998,00;999998,00;999998,00;999998,00;999998,00;999998,00;999998,00;999998,00;999998,00;999998,00;999998,00;999998,00;999998,00;999998,00;;;;;;;;;;;;;;;;;783,8380;20,45204;100,5552;0,38333321;0,38333321;0,00466;1,83190;7,9465;21,238406;0,162985;23,804159;26,961209;0,0385;3,8538;0,33;33,29;0,00;0,70;59,67;;314,762;293,941;7,8399477;18,40200;2,20800;0,02000;0,1252424;;64,24;24,00;;;
Manufacturer;;25;19,88800;1,41100;0,017000;95,000;83,67;-3,6200;0,000;100,952;29,500;0,000;399,850;454,750;27,00;1134,183;263,170;0,000;839,800;882,700;860,600;326,550;;;;;0,00;0,00;0,00;3,00;2,96;15,349;27,434;0,58;0,48;999998,00;999998,00;999998,00;999998,00;999998,00;999998,00;999998,00;999998,00;999998,00;999998,00;999998,00;999998,00;999998,00;999998,00;999998,00;;;;;;;;;;;;;;;;;808,1048;21,31719;113,2345;0,37916183;0,37916183;0,00505;1,91258;8,7546;21,300740;0,178460;24,115266;27,426328;0,0429;4,2926;0,38;37,58;0,01;0,73;61,57;;334,010;332,806;8,0826641;18,32900;2,27200;0,02200;0,1287893;;63,73;25,00;;;
Test start time (s);60;26;19,61800;1,57300;0,010000;86,675;85,84;-3,8300;0,000;100,950;29,500;0,000;404,150;461,950;27,00;1134,650;263,170;0,000;841,100;882,800;860,600;326,550;;;;;0,00;0,00;0,00;3,00;2,96;15,364;27,440;0,58;0,49;999998,00;999998,00;999998,00;999998,00;999998,00;999998,00;999998,00;999998,00;999998,00;999998,00;999998,00;999998,00;999998,00;999998,00;999998,00;;;;;;;;;;;;;;;;;782,2977;42,67819;193,5231;0,18333817;0,18333817;0,00587;3,80880;9,5369;20,237510;0,152805;23,157940;26,469901;0,0355;3,5473;0,41;41,13;0,01;0,70;59,60;;351,748;332,806;7,8245413;18,28000;2,30200;0,02800;0,1312607;;63,52;26,00;;;
Time to ignition (s);12;27;19,38800;1,68200;0,009000;89,250;84,59;-4,0800;0,000;100,952;29,500;0,000;408,750;468,550;27,00;1134,950;263,170;0,000;842,100;882,800;860,500;326,550;;;;;0,00;0,00;0,00;3,00;2,97;15,326;27,429;0,58;0,48;999998,00;999998,00;999998,00;999998,00;999998,00;999998,00;999998,00;999998,00;999998,00;999998,00;999998,00;999998,00;999998,00;999998,00;999998,00;;;;;;;;;;;;;;;;;796,5364;19,47110;97,2554;0,40916824;0,40916824;0,00267;1,74117;10,3334;20,420043;0,167459;23,632774;27,090241;0,0398;3,9786;0,45;45,11;0,00;0,71;60,63;;367,958;367,584;7,9669568;18,25800;2,32700;0,01000;0,1324701;;63,27;27,00;;;
Time to flameout (s);205;28;19,19900;1,80500;-0,015000;88,925;84,95;-4,5900;0,000;100,958;29,400;0,000;413,150;475,750;27,00;1134,817;263,170;0,000;841,900;882,700;860,400;326,550;;;;;0,00;0,00;0,00;3,00;2,97;15,357;27,437;0,58;0,49;999998,00;999998,00;999998,00;999998,00;999998,00;999998,00;999998,00;999998,00;999998,00;999998,00;999998,00;999998,00;999998,00;999998,00;999998,00;;;;;;;;;;;;;;;;;797,1852;21,45355;105,2207;0,37166087;0,37166087;0,00176;1,90992;11,1306;20,274003;0,163243;23,716332;27,309803;0,0391;3,9099;0,49;49,02;0,00;0,71;60,63;;383,276;367,584;7,9734464;18,23900;2,33500;0,00500;0,1335475;;62,76;28,00;;;
End of test criteria;User end of test;29;19,04400;1,89200;-0,018000;87,250;85,70;-4,7900;0,000;100,952;29,400;0,000;417,650;482,450;27,00;1134,383;263,170;0,000;840,800;882,600;860,300;326,550;;;;;0,00;0,00;0,00;3,00;2,97;15,362;27,418;0,58;0,49;999998,00;999998,00;999998,00;999998,00;999998,00;999998,00;999998,00;999998,00;999998,00;999998,00;999998,00;999998,00;999998,00;999998,00;999998,00;;;;;;;;;;;;;;;;;785,7775;42,10354;198,0793;0,18666712;0,18666712;0,00050;3,73010;11,9164;19,973672;0,154490;23,619498;27,284154;0,0370;3,6968;0,53;52,71;0,00;0,70;59,69;;397,352;396,796;7,8593465;18,24100;2,32500;-0,00200;0,1336161;;62,56;29,00;;;
User EOT time (s);224;30;18,90900;1,97900;-0,005000;88,325;85,01;-5,0500;0,000;100,950;29,400;0,000;421,050;486,650;27,00;1134,417;263,170;0,000;841,000;882,600;860,200;326,550;;;;;0,00;0,00;0,00;3,00;2,97;15,355;27,424;0,58;0,49;999998,00;999998,00;999998,00;999998,00;999998,00;999998,00;999998,00;999998,00;999998,00;999998,00;999998,00;999998,00;999998,00;999998,00;999998,00;;;;;;;;;;;;;;;;;784,6263;19,99461;100,1403;0,39249738;0,39249738;0,00032;1,77926;12,7010;20,015038;0,162471;23,861094;27,578677;0,0393;3,9297;0,57;56,64;0,00;0,70;59,63;;410,281;396,796;7,8478319;18,24900;2,32700;-0,00300;0,1331379;;62,30;30,00;;;
MLR EOT mass (g/m²);;31;18,80800;2,03100;-0,003000;90,725;85,37;-5,5200;0,000;100,952;29,400;0,000;424,850;491,650;26,90;1134,417;263,170;0,000;841,100;882,500;860,200;326,550;;;;;0,00;0,00;0,00;3,00;2,97;15,372;27,434;0,58;0,49;999998,00;999998,00;999998,00;999998,00;999998,00;999998,00;999998,00;999998,00;999998,00;999998,00;999998,00;999998,00;999998,00;999998,00;999998,00;;;;;;;;;;;;;;;;;795,8294;23,07222;113,1601;0,34499868;0,34499868;0,00158;2,06389;13,4968;20,194221;0,158319;24,291985;28,111461;0,0390;3,9032;0,61;60,55;0,00;0,71;60,57;;422,537;422,216;7,9598856;18,23100;2,35100;0,00400;0,1338512;;61,83;31,00;;;
MLR time period (s);;32;18,70100;2,08700;0,023000;90,425;84,78;-5,7200;0,000;100,952;29,400;0,000;427,750;494,850;26,90;1134,650;263,170;0,000;842,000;882,400;860,100;326,550;;;;;0,00;0,00;0,00;3,00;2,97;15,349;27,445;0,58;0,49;999998,00;999998,00;999998,00;999998,00;999998,00;999998,00;999998,00;999998,00;999998,00;999998,00;999998,00;999998,00;999998,00;999998,00;999998,00;;;;;;;;;;;;;;;;;806,5211;39,51016;199,7922;0,20417086;0,20417086;0,00476;3,55430;14,3033;20,092348;0,165186;24,334419;28,151694;0,0408;4,0784;0,65;64,62;0,00;0,73;61,53;;434,369;422,216;8,0668243;18,17400;2,40700;0,02200;0,1363744;;61,63;32,00;;;
Truncate graphs at EOT;;33;18,62100;2,15700;0,020000;86,000;84,04;-6,0100;0,000;100,952;29,400;0,000;430,250;496,850;26,90;1134,983;263,170;0,000;842,900;882,400;860,200;326,550;;;;;0,00;0,00;0,00;3,00;2,97;15,318;27,429;0,58;0,48;999998,00;999998,00;999998,00;999998,00;999998,00;999998,00;999998,00;999998,00;999998,00;999998,00;999998,00;999998,00;999998,00;999998,00;999998,00;;;;;;;;;;;;;;;;;798,8068;18,54485;97,3914;0,43082937;0,43082937;0,00601;1,66219;15,1021;19,537555;0,174034;23,800790;27,485003;0,0420;4,1951;0,69;68,82;0,01;0,72;60,96;;445,530;444,950;7,9896653;18,12200;2,44200;0,03000;0,1389430;;61,34;33,00;;;
Smooth data?;;34;18,54900;2,20800;0,027000;87,250;82,39;-6,5200;0,000;100,952;29,400;0,000;432,750;499,050;26,90;1135,150;263,170;0,000;843,200;882,400;860,400;326,550;;;;;0,00;0,00;0,00;3,00;2,97;15,341;27,458;0,58;0,47;999998,00;999998,00;999998,00;999998,00;999998,00;999998,00;999998,00;999998,00;999998,00;999998,00;999998,00;999998,00;999998,00;999998,00;999998,00;;;;;;;;;;;;;;;;;813,4251;21,08631;122,1771;0,38583692;0,38583692;0,00534;1,88977;15,9156;19,622106;0,193824;24,042685;27,726173;0,0471;4,7131;0,74;73,53;0,01;0,73;62,07;;456,135;444,950;8,1358781;18,08300;2,47500;0,02600;0,1409042;;60,83;34,00;;;
Correct O2 for pressure?;;35;18,47200;2,27200;0,020000;85,900;83,22;-6,7500;0,000;100,952;29,400;0,000;435,350;501,850;26,90;1135,217;263,170;0,000;843,300;882,400;860,500;326,550;;;;;0,00;0,00;0,00;3,00;2,97;15,370;27,437;0,58;0,48;999998,00;999998,00;999998,00;999998,00;999998,00;999998,00;999998,00;999998,00;999998,00;999998,00;999998,00;999998,00;999998,00;999998,00;999998,00;;;;;;;;;;;;;;;;;811,8797;40,43280;221,4707;0,20083745;0,20083745;0,00391;3,61229;16,7275;19,411485;0,183837;23,927513;27,582457;0,0445;4,4471;0,78;77,98;0,00;0,73;61,90;;466,321;465,544;8,1204207;18,06000;2,48900;0,01800;0,1421806;;60,60;35,00;;;
;;36;18,40200;2,30200;0,022000;90,275;83,26;-7,0100;0,000;100,952;29,300;0,000;438,750;505,150;26,90;1134,550;263,170;0,000;841,500;882,300;860,400;326,550;;;;;0,00;0,00;0,00;3,00;2,97;15,357;27,434;0,58;0,48;999998,00;999998,00;999998,00;999998,00;999998,00;999998,00;999998,00;999998,00;999998,00;999998,00;999998,00;999998,00;999998,00;999998,00;999998,00;;;;;;;;;;;;;;;;;831,6144;20,28772;111,2072;0,40999222;0,40999222;0,00225;1,80403;17,5591;19,822417;0,183331;24,624874;28,351579;0,0456;4,5585;0,83;82,54;0,00;0,74;63,32;;476,194;465,544;8,3178077;18,05500;2,48500;0,00800;0,1426231;;60,34;36,00;;;
Apparatus;;37;18,32900;2,32700;0,028000;83,475;85,19;-7,5200;0,000;100,952;29,300;0,000;440,850;507,550;26,90;1134,317;263,170;0,000;841,100;882,200;860,200;326,550;;;;;0,00;0,00;0,00;3,00;2,98;15,343;27,453;0,58;0,49;999998,00;999998,00;999998,00;999998,00;999998,00;999998,00;999998,00;999998,00;999998,00;999998,00;999998,00;999998,00;999998,00;999998,00;999998,00;;;;;;;;;;;;;;;;;798,5099;21,39292;103,0017;0,37333361;0,37333361;0,00266;1,91382;18,3576;19,015784;0,160418;23,735880;27,327086;0,0385;3,8446;0,86;86,38;0,00;0,71;60,87;;485,353;483,903;7,9866957;18,04900;2,50200;0,01100;0,1427570;;59,83;37,00;;;
C-factor (SI units);0,0437;38;18,28000;2,33500;0,010000;87,850;84,33;-7,7600;0,000;100,952;29,300;0,000;443,550;510,550;26,90;1134,650;263,170;0,000;842,200;882,200;860,100;326,550;;;;;0,00;0,00;0,00;3,00;2,98;15,404;27,426;0,58;0,48;999998,00;999998,00;999998,00;999998,00;999998,00;999998,00;999998,00;999998,00;999998,00;999998,00;999998,00;999998,00;999998,00;999998,00;999998,00;;;;;;;;;;;;;;;;;831,3098;22,07427;111,6686;0,37667211;0,37667211;0,00083;1,98904;19,1889;19,448272;0,170561;24,424398;28,113801;0,0421;4,2054;0,91;90,59;0,00;0,75;63,42;;494,026;483,903;8,3147610;17,99500;2,56400;0,00000;0,1453540;;59,59;38,00;;;
OD correction factor;1;39;18,25800;2,32500;0,005000;87,850;84,33;-8,2700;0,000;100,952;29,300;0,000;443,550;510,550;26,90;1135,217;263,170;0,000;844,100;882,100;860,000;326,550;;;;;0,00;0,00;0,00;3,00;2,98;15,330;27,453;0,58;0,48;999998,00;999998,00;999998,00;999998,00;999998,00;999998,00;999998,00;999998,00;999998,00;999998,00;999998,00;999998,00;999998,00;999998,00;999998,00;;;;;;;;;;;;;;;;;847,9044;22,07590;109,4912;0,38416290;0,38416290;0,00255;1,97351;20,0368;19,448272;0,170561;24,424398;28,113801;0,0421;4,2054;0,95;94,79;0,00;0,76;64,67;;502,887;501,303;8,4807403;17,93700;2,59400;0,01000;0,1483016;;59,08;39,00;;;
Duct diameter (m);0,114;40;18,23900;2,32700;-0,002000;89,975;82,28;-8,4900;0,000;100,954;29,300;0,000;445,950;511,950;26,90;1135,483;263,170;0,000;844,900;882,100;860,000;326,550;;;;;0,00;0,00;0,00;3,00;2,98;15,357;27,440;0,58;0,47;999998,00;999998,00;999998,00;999998,00;999998,00;999998,00;999998,00;999998,00;999998,00;999998,00;999998,00;999998,00;999998,00;999998,00;999998,00;;;;;;;;;;;;;;;;;860,6869;43,95836;248,6666;0,19583511;0,19583511;0,00170;3,91658;20,8975;19,629050;0,195113;24,784817;28,452937;0,0487;4,8688;1,00;99,66;0,00;0,77;65,59;;511,672;501,303;8,6085899;17,92200;2,60000;0,00500;0,1491638;;58,86;40,00;;;
O2 delay time (s);12;41;18,24100;2,35100;-0,003000;85,775;79,70;-8,7500;0,000;100,952;29,300;0,000;447,450;512,850;26,90;1135,250;263,170;0,000;844,200;882,000;860,100;326,550;;;;;0,00;0,00;0,00;3,00;2,98;15,343;27,458;0,58;0,46;999998,00;999998,00;999998,00;999998,00;999998,00;999998,00;999998,00;999998,00;999998,00;999998,00;999998,00;999998,00;999998,00;999998,00;999998,00;;;;;;;;;;;;;;;;;837,0853;20,67255;136,5887;0,40500704;0,40500704;0,00420;1,84598;21,7346;19,133285;0,226988;24,240095;27,783066;0,0553;5,5308;1,05;105,19;0,00;0,75;63,87;;519,897;517,947;8,3725267;17,92500;2,60000;0,02000;0,1488286;;58,60;41,00;;;
CO2 delay time (s);10;42;18,24900;2,40700;0,004000;80,825;81,24;-9,2500;0,000;100,948;29,300;0,000;449,850;515,850;26,90;1134,083;263,170;0,000;840,900;881,900;860,000;326,550;;;;;0,00;0,00;0,00;3,00;2,98;15,370;27,418;0,58;0,47;999998,00;999998,00;999998,00;999998,00;999998,00;999998,00;999998,00;999998,00;999998,00;999998,00;999998,00;999998,00;999998,00;999998,00;999998,00;;;;;;;;;;;;;;;;;811,5484;21,08377;128,1261;0,38499324;0,38499324;0,00553;1,88669;22,5461;18,523388;0,207851;23,593286;27,054788;0,0493;4,9318;1,10;110,13;0,01;0,73;61,98;;527,145;517,947;8,1171076;17,91800;2,60900;0,02900;0,1490432;;58,10;42,00;;;
CO delay time (s);10;43;18,23100;2,44200;0,022000;82,725;82,09;-9,4900;0,000;100,954;29,400;0,000;452,550;519,250;26,90;1133,617;263,170;0,000;839,600;881,900;859,900;326,550;;;;;0,00;0,00;0,00;3,00;2,98;15,370;27,448;0,58;0,47;999998,00;999998,00;999998,00;999998,00;999998,00;999998,00;999998,00;999998,00;999998,00;999998,00;999998,00;999998,00;999998,00;999998,00;999998,00;;;;;;;;;;;;;;;;;824,2524;35,33280;203,8871;0,23332914;0,23332914;0,00608;3,16947;23,3704;18,683857;0,197433;23,940509;27,469030;0,0476;4,7563;1,15;114,88;0,01;0,74;62,99;;533,906;532,492;8,2441722;17,89500;2,63300;0,03200;0,1500927;;57,86;43,00;;;
;;44;18,17400;2,47500;0,030000;87,400;83,70;-9,7900;0,000;100,952;29,400;0,000;454,450;520,450;26,90;1133,817;263,177;0,000;840,400;881,800;859,800;326,550;;;;;0,00;0,00;0,00;3,00;2,98;15,351;27,429;0,58;0,48;999998,00;999998,00;999998,00;999998,00;999998,00;999998,00;999998,00;999998,00;999998,00;999998,00;999998,00;999998,00;999998,00;999998,00;999998,00;;;;;;;;;;;;;;;;;853,0944;20,68497;106,9088;0,41250483;0,41250483;0,00573;1,85383;24,2235;19,164350;0,178022;24,659285;28,240565;0,0441;4,4092;1,19;119,29;0,01;0,76;65,19;;540,833;532,492;8,5326505;17,86800;2,65400;0,02900;0,1514712;;57,56;44,00;;;
Laboratory;;45;18,12200;2,48900;0,026000;81,300;83,28;-10,2700;0,000;100,952;29,400;0,000;456,250;522,050;26,90;1133,883;263,177;0,000;840,700;881,700;859,800;326,650;;;;;0,00;0,00;0,00;3,00;2,98;15,358;27,450;0,58;0,48;999998,00;999998,00;999998,00;999998,00;999998,00;999998,00;999998,00;999998,00;999998,00;999998,00;999998,00;999998,00;999998,00;999998,00;999998,00;;;;;;;;;;;;;;;;;827,3807;22,62089;119,7225;0,36583265;0,36583265;0,00258;2,01751;25,0508;18,446980;0,183116;23,830240;27,267017;0,0438;4,3790;1,24;123,67;0,00;0,74;63,12;;547,486;545,529;8,2754613;17,85000;2,66100;0,01100;0,1526353;;57,08;45,00;;;
Laboratory name;FZJ IAS-7;46;18,08300;2,48500;0,018000;83,350;82,59;-10,5400;0,000;100,954;29,400;0,000;457,950;523,350;26,90;1133,950;263,177;0,000;840,900;881,700;859,800;326,550;;;;;0,00;0,00;0,00;3,00;2,99;15,341;27,456;0,58;0,47;999998,00;999998,00;999998,00;999998,00;999998,00;999998,00;999998,00;999998,00;999998,00;999998,00;999998,00;999998,00;999998,00;999998,00;999998,00;;;;;;;;;;;;;;;;;834,7280;19,64453;109,1246;0,42500114;0,42500114;0,00425;1,75446;25,8856;18,643404;0,191382;24,173723;27,625981;0,0464;4,6369;1,28;128,31;0,00;0,75;63,73;;553,651;545,529;8,3489492;17,85300;2,66000;0,02100;0,1523649;;56,81;46,00;;;
Operator;DK;47;18,06000;2,50200;0,008000;80,575;81,48;-11,1000;0,000;100,954;29,400;0,000;459,950;525,650;26,90;1134,183;263,177;0,000;841,600;881,700;859,800;326,550;;;;;0,00;0,00;0,00;3,00;2,99;15,379;27,440;0,58;0,47;999998,00;999998,00;999998,00;999998,00;999998,00;999998,00;999998,00;999998,00;999998,00;999998,00;999998,00;999998,00;999998,00;999998,00;999998,00;;;;;;;;;;;;;;;;;822,1082;19,69514;117,1932;0,41750018;0,41750018;-0,00003;1,75756;26,7077;18,290530;0,204899;23,819749;27,222200;0,0489;4,8918;1,33;133,20;0,00;0,73;62,66;;559,497;557,410;8,2227265;17,84600;2,66800;-0,00500;0,1529637;;56,25;47,00;;;
Filename;24072026_FZJ_PMMA_CN_6mm_q75_Al2O3_R2,csv;48;18,05500;2,56400;0,011000;80,650;82,63;-11,3300;0,000;100,952;29,400;0,000;461,850;527,650;26,90;1133,817;263,177;0,000;840,600;881,600;859,800;326,650;;;;;0,00;0,00;0,00;3,00;2,99;15,406;27,432;0,58;0,47;999998,00;999998,00;999998,00;999998,00;999998,00;999998,00;999998,00;999998,00;999998,00;999998,00;999998,00;999998,00;999998,00;999998,00;999998,00;;;;;;;;;;;;;;;;;821,8369;43,26281;240,5179;0,19000181;0,19000181;0,00320;3,86319;27,5295;18,261361;0,190955;23,880002;27,282199;0,0457;4,5690;1,38;137,77;0,00;0,73;62,72;;564,965;557,410;8,2200126;17,83800;2,67300;0,01500;0,1531623;;56,02;48,00;;;
Report name;;49;18,04900;2,59400;0,000000;82,300;82,95;-11,5800;0,000;100,952;29,400;0,000;463,750;529,050;26,90;1133,817;263,170;0,000;840,600;881,500;859,900;326,650;;;;;0,00;0,00;0,00;3,00;2,99;15,351;27,456;0,58;0,47;999998,00;999998,00;999998,00;999998,00;999998,00;999998,00;999998,00;999998,00;999998,00;999998,00;999998,00;999998,00;999998,00;999998,00;999998,00;;;;;;;;;;;;;;;;;829,7157;20,15890;109,9262;0,41167005;0,41167005;0,00144;1,80159;28,3592;18,409390;0,187076;24,172612;27,576324;0,0453;4,5244;1,42;142,29;0,00;0,74;63,29;;570,288;568,369;8,2988167;17,83500;2,67900;0,00400;0,1533899;;55,77;49,00;;;
;;50;17,99500;2,60000;0,010000;82,600;84,09;-12,1000;0,000;100,950;29,400;0,000;465,050;529,950;26,90;1134,017;263,177;0,000;841,100;881,600;859,900;326,650;;;;;0,00;0,00;0,00;3,00;2,99;15,385;27,434;0,58;0,48;999998,00;999998,00;999998,00;999998,00;999998,00;999998,00;999998,00;999998,00;999998,00;999998,00;999998,00;999998,00;999998,00;999998,00;999998,00;;;;;;;;;;;;;;;;;832,0208;21,43008;108,2535;0,38832664;0,38832664;0,00290;1,91868;29,1912;18,417117;0,173415;24,250548;27,634830;0,0420;4,2029;1,47;146,49;0,00;0,75;63,52;;575,500;568,369;8,3218720;17,82500;2,69000;0,01300;0,1537582;;55,25;50,00;;;
Pre-test conditions;;51;17,93700;2,60000;0,005000;81,300;81,45;-12,3200;0,000;100,950;29,400;0,000;466,550;531,350;27,00;1133,683;263,177;0,000;840,000;881,500;860,100;326,650;;;;;0,00;0,00;0,00;3,00;2,99;15,343;27,477;0,58;0,47;999998,00;999998,00;999998,00;999998,00;999998,00;999998,00;999998,00;999998,00;999998,00;999998,00;999998,00;999998,00;999998,00;999998,00;999998,00;;;;;;;;;;;;;;;;;828,3507;41,08362;245,0815;0,20166588;0,20166588;0,00271;3,67754;30,0196;18,242217;0,205300;24,097727;27,444706;0,0494;4,9415;1,51;151,44;0,00;0,74;63,24;;580,493;578,592;8,2851635;17,80900;2,70300;0,01200;0,1545603;;55,03;51,00;;;
Ambient temperature (°C);26,9;52;17,92200;2,60900;0,020000;83,375;81,89;-12,5900;0,000;100,952;29,400;0,000;467,750;531,750;26,90;1133,950;263,177;0,000;840,700;881,500;860,200;326,650;;;;;0,00;0,00;0,00;3,00;2,99;15,351;27,450;0,58;0,47;999998,00;999998,00;999998,00;999998,00;999998,00;999998,00;999998,00;999998,00;999998,00;999998,00;999998,00;999998,00;999998,00;999998,00;999998,00;;;;;;;;;;;;;;;;;845,3121;20,91903;120,5294;0,40416845;0,40416845;0,00323;1,88311;30,8649;18,449834;0,199922;24,434673;27,777953;0,0487;4,8704;1,56;156,31;0,00;0,76;64,62;;585,423;578,592;8,4548116;17,77700;2,74200;0,01500;0,1559732;;54,76;52,00;;;
Barometric pressure (Pa);100954;53;17,92500;2,63300;0,029000;86,225;83,93;-13,0800;0,000;100,954;29,400;0,000;468,950;532,050;26,90;1134,083;263,177;0,000;841,100;881,400;860,300;326,650;;;;;0,00;0,00;0,00;3,00;2,99;15,336;27,440;0,58;0,48;999998,00;999998,00;999998,00;999998,00;999998,00;999998,00;999998,00;999998,00;999998,00;999998,00;999998,00;999998,00;999998,00;999998,00;999998,00;;;;;;;;;;;;;;;;;874,4435;24,12750;119,7292;0,36249860;0,36249860;0,00461;2,17122;31,7394;18,738498;0,175277;24,880642;28,228479;0,0434;4,3393;1,61;160,65;0,00;0,79;66,89;;590,601;588,886;8,7461839;17,71600;2,79100;0,02300;0,1589118;;54,27;53,00;;;
Relative hunidity (%);29,5;54;17,91800;2,65400;0,032000;80,750;82,95;-13,3300;0,000;100,950;29,400;0,000;470,650;533,850;26,90;1134,350;263,177;0,000;841,900;881,400;860,300;326,650;;;;;0,00;0,00;0,00;3,00;2,99;15,343;27,458;0,58;0,47;999998,00;999998,00;999998,00;999998,00;999998,00;999998,00;999998,00;999998,00;999998,00;999998,00;999998,00;999998,00;999998,00;999998,00;999998,00;;;;;;;;;;;;;;;;;859,6889;20,88738;109,0694;0,41166528;0,41166528;0,00685;1,88323;32,5990;18,101046;0,187081;24,121372;27,360447;0,0449;4,4891;1,65;165,14;0,01;0,78;65,86;;595,721;588,886;8,5986082;17,65400;2,84500;0,03800;0,1617815;;54,02;54,00;;;
;;55;17,89500;2,66100;0,029000;79,550;82,43;-13,8900;0,000;100,954;29,400;0,000;471,650;534,350;27,00;1134,317;263,177;0,000;841,700;881,400;860,400;326,650;;;;;0,00;0,00;0,00;3,00;2,99;15,330;27,442;0,58;0,47;999998,00;999998,00;999998,00;999998,00;999998,00;999998,00;999998,00;999998,00;999998,00;999998,00;999998,00;999998,00;999998,00;999998,00;999998,00;;;;;;;;;;;;;;;;;860,1300;20,32212;108,7969;0,42333285;0,42333285;0,00726;1,82159;33,4592;17,946990;0,193368;23,966892;27,152993;0,0461;4,6048;1,70;169,74;0,01;0,77;65,86;;600,525;599,010;8,6030205;17,62600;2,85400;0,04100;0,1632794;;53,46;55,00;;;
Conditioning;;56;17,86800;2,66000;0,011000;80,175;83,22;-14,1300;0,000;100,954;29,400;0,000;472,750;535,250;27,00;1134,483;263,177;0,000;842,200;881,400;860,400;326,650;;;;;0,00;0,00;0,00;3,00;3,00;15,374;27,466;0,58;0,48;999998,00;999998,00;999998,00;999998,00;999998,00;999998,00;999998,00;999998,00;999998,00;999998,00;999998,00;999998,00;999998,00;999998,00;999998,00;;;;;;;;;;;;;;;;;860,4177;40,98015;209,4212;0,21000163;0,21000163;0,00617;3,66905;34,3196;17,996380;0,183826;24,088900;27,273577;0,0440;4,3970;1,74;174,14;0,01;0,77;65,84;;605,163;599,010;8,6058978;17,63600;2,84400;0,03400;0,1628784;;53,22;56,00;;;
Conditionet ? (Y/N);N;57;17,85000;2,66800;0,021000;81,400;83,65;-14,4000;0,000;100,954;29,400;0,000;474,750;537,950;27,00;1134,483;263,177;0,000;842,200;881,300;860,500;326,650;;;;;0,00;0,00;0,00;3,00;3,00;15,349;27,442;0,58;0,48;999998,00;999998,00;999998,00;999998,00;999998,00;999998,00;999998,00;999998,00;999998,00;999998,00;999998,00;999998,00;999998,00;999998,00;999998,00;;;;;;;;;;;;;;;;;863,4067;21,49997;107,5144;0,40166537;0,40166537;0,00477;1,93020;35,1830;18,095107;0,178621;24,323519;27,561530;0,0432;4,3176;1,78;178,45;0,00;0,78;66,06;;609,667;608,229;8,6357938;17,64300;2,84600;0,02500;0,1625461;;52,95;57,00;;;
Conditioning temperature (°C);;58;17,85300;2,67300;-0,005000;78,725;85,11;-14,8900;0,000;100,954;29,400;0,000;476,550;540,750;27,00;1134,517;263,177;0,000;842,300;881,300;860,500;326,650;;;;;0,00;0,00;0,00;3,00;3,00;15,357;27,453;0,58;0,49;999998,00;999998,00;999998,00;999998,00;999998,00;999998,00;999998,00;999998,00;999998,00;999998,00;999998,00;999998,00;999998,00;999998,00;999998,00;;;;;;;;;;;;;;;;;853,1473;21,69452;97,8738;0,39333344;0,39333344;0,00390;1,94585;36,0361;17,761659;0,161381;23,965819;27,194453;0,0385;3,8489;1,82;182,30;0,00;0,77;65,26;;613,954;608,229;8,5331793;17,62200;2,86200;0,02000;0,1636482;;52,46;58,00;;;
Conditioning RH (%);;59;17,84600;2,67900;0,015000;77,625;85,76;-15,1500;0,000;100,950;29,400;0,000;478,750;543,650;27,00;1134,383;263,177;0,000;842,000;881,200;860,500;326,650;;;;;0,00;0,00;0,00;3,00;3,00;15,366;27,469;0,58;0,49;999998,00;999998,00;999998,00;999998,00;999998,00;999998,00;999998,00;999998,00;999998,00;999998,00;999998,00;999998,00;999998,00;999998,00;999998,00;;;;;;;;;;;;;;;;;851,1370;38,69573;166,0209;0,22000027;0,22000027;0,00168;3,46990;36,8873;17,596563;0,153725;23,852665;27,086164;0,0365;3,6517;1,86;185,96;0,00;0,76;65,06;;617,991;616,671;8,5130719;17,60100;2,88100;0,00600;0,1648129;;52,20;59,00;;;
;;60;17,83800;2,69000;0,004000;77,500;84,38;-15,4100;0,000;100,954;29,500;0,000;479,950;544,150;27,00;1133,950;263,177;0,000;840,700;881,200;860,500;326,650;;;;;0,00;0,00;0,00;3,00;3,00;15,343;27,456;0,58;0,48;999998,00;999998,00;999998,00;999998,00;999998,00;999998,00;999998,00;999998,00;999998,00;999998,00;999998,00;999998,00;999998,00;999998,00;999998,00;;;;;;;;;;;;;;;;;854,1666;21,05144;99,4093;0,40583324;0,40583324;0,00184;1,88643;37,7414;17,560396;0,169991;23,863303;27,055353;0,0403;4,0336;1,90;189,99;0,00;0,77;65,30;;621,902;616,671;8,5433746;17,58200;2,89500;0,00700;0,1657565;;51,94;60,00;;;
Data collected;;61;17,83500;2,70300;0,013000;76,825;84,06;-15,9200;0,000;100,954;29,500;0,000;481,050;545,650;27,00;1133,683;263,177;0,000;839,800;881,200;860,600;326,650;;;;;0,00;0,00;0,00;3,00;3,00;15,385;27,453;0,58;0,48;999998,00;999998,00;999998,00;999998,00;999998,00;999998,00;999998,00;999998,00;999998,00;999998,00;999998,00;999998,00;999998,00;999998,00;999998,00;;;;;;;;;;;;;;;;;852,9975;22,30490;107,5101;0,38250256;0,38250256;-0,00003;1,99468;38,5944;17,463754;0,173755;23,786366;26,980627;0,0411;4,1115;1,94;194,10;0,00;0,76;65,15;;625,700;624,389;8,5316812;17,57100;2,90100;-0,00500;0,1664566;;51,43;61,00;;;
CO/CO2 data collected?;Yes;62;17,82500;2,74200;0,012000;79,875;84,51;-16,1800;0,000;100,950;29,500;0,000;482,650;547,650;27,00;1133,750;263,177;0,000;839,900;881,200;860,700;326,650;;;;;0,00;0,00;0,00;3,00;3,00;15,374;27,456;0,58;0,48;999998,00;999998,00;999998,00;999998,00;999998,00;999998,00;999998,00;999998,00;999998,00;999998,00;999998,00;999998,00;999998,00;999998,00;999998,00;;;;;;;;;;;;;;;;;868,6170;21,49576;100,7365;0,40416845;0,40416845;0,00374;1,92774;39,4631;17,777501;0,168376;24,294238;27,566020;0,0407;4,0706;1,98;198,17;0,00;0,78;66,46;;629,492;624,389;8,6879074;17,56400;2,91000;0,01900;0,1665162;;51,17;62,00;;;
Mass data collected?;Yes;63;17,80900;2,79100;0,015000;82,675;83,35;-16,7200;0,000;100,950;29,500;0,000;484,250;549,550;27,00;1134,350;263,177;0,000;841,800;881,100;860,700;326,650;;;;;0,00;0,00;0,00;3,00;3,00;15,343;27,458;0,58;0,48;999998,00;999998,00;999998,00;999998,00;999998,00;999998,00;999998,00;999998,00;999998,00;999998,00;999998,00;999998,00;999998,00;999998,00;999998,00;;;;;;;;;;;;;;;;;888,8910;21,68466;109,5830;0,40999889;0,40999889;0,00651;1,94837;40,3520;18,056507;0,182301;24,757320;28,095787;0,0449;4,4920;2,03;202,66;0,01;0,80;68,10;;633,448;632,216;8,8906873;17,53400;2,93700;0,03600;0,1677933;;50,63;63,00;;;
Smoke data collected;Yes;64;17,77700;2,84500;0,023000;77,100;83,47;-16,9600;0,000;100,954;29,500;0,000;485,450;551,050;27,00;1134,983;263,177;0,000;843,500;881,200;860,800;326,650;;;;;0,00;0,00;0,00;3,00;3,00;15,378;27,440;0,58;0,48;999998,00;999998,00;999998,00;999998,00;999998,00;999998,00;999998,00;999998,00;999998,00;999998,00;999998,00;999998,00;999998,00;999998,00;999998,00;;;;;;;;;;;;;;;;;863,9294;40,03556;199,6763;0,21583366;0,21583366;0,00397;3,60437;41,2159;17,415517;0,180810;23,937630;27,172378;0,0431;4,3088;2,07;206,97;0,00;0,78;66,17;;637,245;632,216;8,6410222;17,50900;2,96500;0,02100;0,1691053;;50,39;64,00;;;
Soot mass data colelcted;;65;17,71600;2,85400;0,038000;77,700;81,31;-17,2400;0,000;100,950;29,500;0,000;486,750;552,350;27,00;1134,883;263,177;0,000;843,300;881,100;860,800;326,650;;;;;0,00;0,00;0,00;3,00;3,00;15,349;27,456;0,58;0,47;999998,00;999998,00;999998,00;999998,00;999998,00;999998,00;999998,00;999998,00;999998,00;999998,00;999998,00;999998,00;999998,00;999998,00;999998,00;;;;;;;;;;;;;;;;;871,6421;20,88179;118,7445;0,41750081;0,41750081;0,00553;1,87961;42,0875;17,459788;0,206977;24,062747;27,305718;0,0496;4,9566;2,12;211,93;0,01;0,78;66,80;;640,791;639,849;8,7181647;17,48500;2,98300;0,03100;0,1702025;;50,11;65,00;;;
Soot mass ratio (1:x);;66;17,65400;2,84400;0,041000;81,025;81,53;-17,7500;0,000;100,950;29,500;0,005;486,950;551,250;27,00;1134,517;263,177;0,000;842,000;881,200;860,900;326,650;;;;;0,00;0,00;0,00;3,00;3,01;15,360;27,456;0,58;0,47;999998,00;999998,00;999998,00;999998,00;999998,00;999998,00;999998,00;999998,00;999998,00;999998,00;999998,00;999998,00;999998,00;999998,00;999998,00;;;;;;;;;;;;;;;;;892,5348;22,89019;127,8467;0,38999812;0,38999812;0,00438;2,05293;42,9801;17,825789;0,204296;24,577257;27,822595;0,0499;4,9850;2,17;216,91;0,00;0,80;68,34;;644,447;639,849;8,9271328;17,47800;2,98100;0,02300;0,1707120;;49,60;66,00;;;
Soot mass (g);;67;17,62600;2,84600;0,034000;76,750;83,37;-18,0300;0,000;100,954;29,500;0,005;488,350;553,950;27,00;1134,283;263,177;0,000;841,300;881,100;861,000;326,650;;;;;0,00;0,00;0,00;3,00;3,01;15,423;27,456;0,58;0,48;999998,00;999998,00;999998,00;999998,00;999998,00;999998,00;999998,00;999998,00;999998,00;999998,00;999998,00;999998,00;999998,00;999998,00;999998,00;;;;;;;;;;;;;;;;;866,3166;20,03448;100,2975;0,43249925;0,43249925;0,00380;1,79361;43,8464;17,324273;0,181993;23,954466;27,172266;0,0434;4,3370;2,21;221,25;0,00;0,78;66,30;;647,955;646,689;8,6648983;17,48400;2,97200;0,02000;0,1704899;;49,32;67,00;;;
;;68;17,63600;2,86200;0,025000;78,500;83,30;-18,6000;0,000;100,950;29,500;0,000;489,850;555,350;27,00;1134,050;263,177;0,000;840,400;881,000;861,300;326,650;;;;;0,00;0,00;0,00;3,00;3,01;15,372;27,480;0,58;0,48;999998,00;999998,00;999998,00;999998,00;999998,00;999998,00;999998,00;999998,00;999998,00;999998,00;999998,00;999998,00;999998,00;999998,00;999998,00;;;;;;;;;;;;;;;;;871,1574;20,14640;101,9860;0,43249989;0,43249989;0,00291;1,80621;44,7175;17,493822;0,182801;24,263201;27,507541;0,0441;4,4100;2,26;225,66;0,00;0,78;66,66;;651,201;646,689;8,7133160;17,49900;2,96400;0,01400;0,1697678;;48,75;68,00;;;
Comments;;69;17,64300;2,88100;0,020000;75,375;83,73;-18,8500;0,000;100,950;29,500;0,000;490,750;556,650;27,00;1135,750;263,177;0,000;845,300;881,000;861,500;326,650;;;;;0,00;0,00;0,00;3,00;3,01;15,374;27,477;0,58;0,48;999998,00;999998,00;999998,00;999998,00;999998,00;999998,00;999998,00;999998,00;999998,00;999998,00;999998,00;999998,00;999998,00;999998,00;999998,00;;;;;;;;;;;;;;;;;856,6583;40,80134;200,3741;0,21000036;0,21000036;0,00209;3,66678;45,5742;17,126355;0,177713;23,797182;26,992769;0,0421;4,2070;2,30;229,87;0,00;0,77;65,56;;654,284;652,915;8,5682966;17,48300;2,98400;0,00900;0,1705373;;48,50;69,00;;;
Pre-test comments;;70;17,62200;2,89500;0,006000;79,700;82,60;-19,1200;0,000;100,950;29,500;0,000;491,650;556,950;27,00;1135,750;263,177;0,000;845,200;881,000;861,600;326,650;;;;;0,00;0,00;0,00;3,00;3,01;15,372;27,440;0,58;0,47;999998,00;999998,00;999998,00;999998,00;999998,00;999998,00;999998,00;999998,00;999998,00;999998,00;999998,00;999998,00;999998,00;999998,00;999998,00;;;;;;;;;;;;;;;;;890,4049;20,39504;106,6198;0,43666649;0,43666649;0,00184;1,84311;46,4646;17,594729;0,191291;24,492825;27,745914;0,0466;4,6548;2,35;234,52;0,00;0,80;68,21;;657,416;652,915;8,9058295;17,43900;3,03500;0,00700;0,1725729;;48,23;70,00;;;
After test comments;;71;17,60100;2,90100;0,007000;74,725;80,51;-19,6700;0,000;100,958;29,500;0,000;491,950;556,550;26,90;1136,050;263,177;0,000;846,000;881,000;861,700;326,650;;;;;0,00;0,00;0,00;3,00;3,01;15,343;27,456;0,58;0,46;999998,00;999998,00;999998,00;999998,00;999998,00;999998,00;999998,00;999998,00;999998,00;999998,00;999998,00;999998,00;999998,00;999998,00;999998,00;;;;;;;;;;;;;;;;;876,4273;20,83020;121,3435;0,42083263;0,42083263;0,00343;1,88161;47,3410;17,031540;0,216906;23,723303;26,838508;0,0511;5,1055;2,40;239,63;0,00;0,79;67,20;;660,599;658,932;8,7660259;17,37700;3,08400;0,01800;0,1755353;;47,68;71,00;;;
;;72;17,58200;2,91000;-0,005000;80,650;82,17;-19,9200;0,000;100,954;29,500;0,000;492,250;555,650;27,00;1136,550;263,177;0,000;847,500;880,900;861,800;326,650;;;;;0,00;0,00;0,00;3,00;3,01;15,322;27,440;0,58;0,47;999998,00;999998,00;999998,00;999998,00;999998,00;999998,00;999998,00;999998,00;999998,00;999998,00;999998,00;999998,00;999998,00;999998,00;999998,00;;;;;;;;;;;;;;;;;926,4932;42,12146;218,0655;0,22000154;0,22000154;0,00216;3,78857;48,2675;17,688490;0,196528;24,653396;27,828663;0,0480;4,7965;2,44;244,42;0,00;0,83;70,98;;663,945;658,932;9,2667851;17,31600;3,12500;0,00900;0,1787290;;47,43;72,00;;;
Events;;73;17,57100;2,93700;0,019000;77,525;81,45;-20,2000;0,000;100,958;29,500;0,000;492,950;556,450;27,00;1136,650;263,177;0,000;847,900;880,800;861,800;326,650;;;;;0,00;0,00;0,00;3,00;3,01;15,345;27,466;0,58;0,47;999998,00;999998,00;999998,00;999998,00;999998,00;999998,00;999998,00;999998,00;999998,00;999998,00;999998,00;999998,00;999998,00;999998,00;999998,00;;;;;;;;;;;;;;;;;913,9512;21,59361;116,1883;0,42333539;0,42333539;0,00533;1,94152;49,1815;17,330093;0,205364;24,188227;27,304064;0,0492;4,9177;2,49;249,34;0,01;0,82;70,10;;667,455;665,405;9,1413402;17,28700;3,14500;0,03000;0,1799807;;47,15;73,00;;;
Number of events;;74;17,56400;2,96500;0,036000;72,325;82,57;-20,7200;0,000;100,954;29,400;0,000;494,050;557,950;27,00;1136,883;263,177;0,000;848,700;880,700;861,800;326,650;;;;;0,00;0,00;0,00;3,00;3,01;15,341;27,464;0,58;0,47;999998,00;999998,00;999998,00;999998,00;999998,00;999998,00;999998,00;999998,00;999998,00;999998,00;999998,00;999998,00;999998,00;999998,00;999998,00;;;;;;;;;;;;;;;;;882,2623;22,62676;113,8907;0,38999780;0,38999780;0,00441;2,03397;50,0637;16,720152;0,191699;23,388985;26,414096;0,0444;4,4408;2,54;253,78;0,00;0,79;67,65;;670,572;665,405;8,8243874;17,28600;3,14600;0,02500;0,1800797;;46,63;74,00;;;
Event1;;75;17,53400;2,98300;0,021000;75,625;81,76;-20,9900;0,000;100,954;29,400;0,005;495,450;559,950;26,90;1136,083;263,177;0,000;846,400;880,600;861,800;326,650;;;;;0,00;0,00;0,00;3,00;3,01;15,366;27,474;0,58;0,47;999998,00;999998,00;999998,00;999998,00;999998,00;999998,00;999998,00;999998,00;999998,00;999998,00;999998,00;999998,00;999998,00;999998,00;999998,00;;;;;;;;;;;;;;;;;902,1075;21,27200;112,7771;0,42416700;0,42416700;0,00359;1,91579;50,9658;17,073172;0,201465;23,950486;27,068471;0,0478;4,7827;2,59;258,57;0,00;0,81;69,18;;673,527;671,875;9,0228790;17,28100;3,15600;0,01900;0,1803272;;46,36;75,00;;;
Event2;;76;17,50900;2,98100;0,031000;78,650;81,94;-21,5600;0,000;100,954;29,400;0,005;496,650;561,750;26,90;1136,983;263,177;0,000;849,300;880,500;861,700;326,650;;;;;0,00;0,00;0,00;3,00;3,02;15,353;27,461;0,58;0,47;999998,00;999998,00;999998,00;999998,00;999998,00;999998,00;999998,00;999998,00;999998,00;999998,00;999998,00;999998,00;999998,00;999998,00;999998,00;;;;;;;;;;;;;;;;;922,7281;20,77850;108,8737;0,44416714;0,44416714;0,00335;1,87010;51,8886;17,390240;0,199308;24,454360;27,659794;0,0484;4,8348;2,63;263,40;0,00;0,83;70,75;;676,670;671,875;9,2291269;17,26600;3,16700;0,01700;0,1811004;;45,79;76,00;;;
Event3;;77;17,48500;2,97200;0,023000;74,875;82,15;-21,8300;0,000;100,954;29,400;0,005;497,750;562,950;26,90;1141,217;263,177;0,000;862,200;880,300;861,700;326,650;;;;;0,00;0,00;0,00;3,00;3,02;15,385;27,448;0,58;0,47;999998,00;999998,00;999998,00;999998,00;999998,00;999998,00;999998,00;999998,00;999998,00;999998,00;999998,00;999998,00;999998,00;999998,00;999998,00;;;;;;;;;;;;;;;;;902,9837;39,84603;205,6785;0,22666359;0,22666359;0,00312;3,58540;52,7915;16,949006;0,196726;23,886679;27,015581;0,0466;4,6611;2,68;268,06;0,00;0,81;69,24;;679,738;677,866;9,0316432;17,25100;3,17900;0,01600;0,1818530;;45,52;77,00;;;
Event4;;78;17,47800;2,96400;0,020000;74,850;79,30;-22,1100;0,000;100,954;29,400;0,000;497,950;562,350;26,90;1139,450;263,177;0,000;856,900;880,200;861,800;326,650;;;;;0,00;0,00;0,00;3,00;3,02;15,372;27,453;0,58;0,45;999998,00;999998,00;999998,00;999998,00;999998,00;999998,00;999998,00;999998,00;999998,00;999998,00;999998,00;999998,00;999998,00;999998,00;999998,00;;;;;;;;;;;;;;;;;904,7712;20,29797;123,1384;0,44583384;0,44583384;0,00237;1,82332;53,6963;16,942772;0,231996;23,887487;26,976863;0,0549;5,4888;2,74;273,55;0,00;0,81;69,34;;682,611;677,866;9,0495220;17,24400;3,18100;0,01100;0,1822878;;45,24;78,00;;;
Event5;;79;17,48400;2,98400;0,014000;74,525;81,21;-22,6700;0,000;100,954;29,400;0,000;498,850;563,550;26,90;1137,783;263,177;0,000;852,300;880,000;861,600;326,650;;;;;0,00;0,00;0,00;3,00;3,02;15,364;27,464;0,58;0,46;999998,00;999998,00;999998,00;999998,00;999998,00;999998,00;999998,00;999998,00;999998,00;999998,00;999998,00;999998,00;999998,00;999998,00;999998,00;;;;;;;;;;;;;;;;;900,3474;20,86165;114,0537;0,43166637;0,43166637;0,00251;1,86959;54,5967;16,890692;0,208249;23,857102;26,951327;0,0492;4,9223;2,79;278,47;0,00;0,81;68,98;;685,395;683,532;9,0052746;17,25200;3,16800;0,01200;0,1819495;;44,68;79,00;;;
Event6;;80;17,49900;3,03500;0,009000;76,600;82,30;-22,9300;0,000;100,956;29,400;0,000;499,950;564,950;26,90;1136,883;263,177;0,000;850,000;879,700;861,500;326,750;;;;;0,00;0,00;0,00;3,00;3,02;15,345;27,466;0,58;0,47;999998,00;999998,00;999998,00;999998,00;999998,00;999998,00;999998,00;999998,00;999998,00;999998,00;999998,00;999998,00;999998,00;999998,00;999998,00;;;;;;;;;;;;;;;;;906,7934;40,16120;207,1488;0,22583357;0,22583357;0,00224;3,59932;55,5035;17,105373;0,194909;24,213601;27,361683;0,0468;4,6772;2,83;283,15;0,00;0,81;69,46;;688,123;683,532;9,0697474;17,27300;3,15100;0,01000;0,1809332;;44,42;80,00;;;
Event7;;81;17,48300;3,08400;0,007000;73,275;86,17;-23,2100;0,000;100,954;29,400;0,000;501,250;567,150;26,90;1136,183;263,177;0,000;848,100;879,600;861,400;326,750;;;;;0,00;0,00;0,00;3,00;3,02;15,358;27,469;0,58;0,49;999998,00;999998,00;999998,00;999998,00;999998,00;999998,00;999998,00;999998,00;999998,00;999998,00;999998,00;999998,00;999998,00;999998,00;999998,00;;;;;;;;;;;;;;;;;881,7571;21,29402;84,6306;0,41416963;0,41416963;0,00381;1,91149;56,3852;16,708296;0,148929;23,713017;26,830598;0,0351;3,5044;2,87;286,65;0,00;0,79;67,59;;690,668;688,656;8,8193349;17,28700;3,14200;0,02100;0,1801044;;44,14;81,00;;;
Event8;;82;17,43900;3,12500;0,018000;74,725;85,29;-23,7200;0,000;100,954;29,400;0,000;502,750;569,450;26,90;1135,617;263,177;0,000;846,900;879,300;861,200;326,750;;;;;0,00;0,00;0,00;3,00;3,02;15,358;27,466;0,58;0,49;999998,00;999998,00;999998,00;999998,00;999998,00;999998,00;999998,00;999998,00;999998,00;999998,00;999998,00;999998,00;999998,00;999998,00;999998,00;;;;;;;;;;;;;;;;;890,7484;22,18069;94,4537;0,40166759;0,40166759;0,00370;1,99578;57,2760;16,847612;0,159219;23,982294;27,164031;0,0379;3,7931;2,91;290,45;0,00;0,80;68,30;;693,053;688,656;8,9092657;17,27900;3,15500;0,02000;0,1804426;;43,63;82,00;;;
Event9;;83;17,37700;3,14500;0,009000;74,675;84,10;-24,0200;0,000;100,954;29,400;0,000;504,050;570,850;26,90;1134,917;263,177;0,000;845,100;879,100;861,100;326,750;;;;;0,00;0,00;0,00;3,00;3,02;15,330;27,469;0,58;0,48;999998,00;999998,00;999998,00;999998,00;999998,00;999998,00;999998,00;999998,00;999998,00;999998,00;999998,00;999998,00;999998,00;999998,00;999998,00;;;;;;;;;;;;;;;;;893,5001;20,00788;92,5162;0,44666354;0,44666354;0,00354;1,79875;58,1695;16,820242;0,173280;24,005244;27,186577;0,0413;4,1315;2,95;294,58;0,00;0,80;68,51;;695,451;693,451;8,9367884;17,26200;3,16700;0,01900;0,1813107;;43,33;83,00;;;
;;84;17,31600;3,14600;0,030000;74,375;82,70;-24,5900;0,000;100,956;29,400;0,000;504,450;571,150;27,00;1133,950;263,177;0,000;842,400;879,000;861,000;326,750;;;;;0,00;0,00;0,00;3,00;3,02;15,353;27,466;0,58;0,47;999998,00;999998,00;999998,00;999998,00;999998,00;999998,00;999998,00;999998,00;999998,00;999998,00;999998,00;999998,00;999998,00;999998,00;999998,00;;;;;;;;;;;;;;;;;891,1480;21,56443;109,4307;0,41333167;0,41333167;0,00472;1,93664;59,0606;16,779765;0,190023;23,966481;27,135406;0,0452;4,5222;2,99;299,10;0,00;0,80;68,34;;697,795;693,451;8,9132624;17,26200;3,16300;0,02700;0,1812695;;42,76;84,00;;;
;;85;17,28700;3,15600;0,025000;76,950;81,69;-24,8100;0,000;100,954;29,300;0,000;505,050;571,350;27,00;1133,450;263,177;0,000;841,200;878,800;860,900;326,750;;;;;0,00;0,00;0,00;3,00;3,02;15,357;27,445;0,58;0,47;999998,00;999998,00;999998,00;999998,00;999998,00;999998,00;999998,00;999998,00;999998,00;999998,00;999998,00;999998,00;999998,00;999998,00;999998,00;;;;;;;;;;;;;;;;;902,6251;46,89865;254,4155;0,19250139;0,19250139;0,00585;4,20678;59,9632;17,057625;0,202330;24,392325;27,594408;0,0490;4,8966;3,04;304,00;0,01;0,81;69,23;;700,137;698,265;9,0280558;17,27500;3,14800;0,03400;0,1806015;;42,54;85,00;;;
;;86;17,28600;3,16700;0,019000;74,175;83,83;-25,0800;0,000;100,956;29,300;0,000;505,850;573,150;27,00;1133,117;263,177;0,000;840,500;878,600;860,800;326,750;;;;;0,00;0,00;0,00;3,00;3,03;15,366;27,466;0,58;0,48;999998,00;999998,00;999998,00;999998,00;999998,00;999998,00;999998,00;999998,00;999998,00;999998,00;999998,00;999998,00;999998,00;999998,00;999998,00;;;;;;;;;;;;;;;;;884,5550;20,29979;96,4608;0,43583298;0,43583298;0,00648;1,83106;60,8478;16,733983;0,176485;23,967424;27,156131;0,0420;4,2032;3,08;308,20;0,01;0,80;67,91;;702,387;698,265;8,8473194;17,27500;3,16200;0,03900;0,1804057;;42,27;86,00;;;
;;87;17,28100;3,17900;0,017000;73,050;81,84;-25,6300;0,000;100,954;29,300;0,000;507,150;574,150;27,00;1133,017;263,177;0,000;840,300;878,500;860,800;326,750;;;;;0,00;0,00;0,00;3,00;3,03;15,330;27,445;0,58;0,47;999998,00;999998,00;999998,00;999998,00;999998,00;999998,00;999998,00;999998,00;999998,00;999998,00;999998,00;999998,00;999998,00;999998,00;999998,00;;;;;;;;;;;;;;;;;887,9643;19,99570;106,7751;0,44416650;0,44416650;0,00261;1,80877;61,7358;16,585300;0,200526;23,815518;26,961805;0,0474;4,7416;3,13;312,94;0,00;0,80;68,14;;704,500;702,795;8,8814191;17,23000;3,21100;0,01300;0,1827667;;41,72;87,00;;;
;;88;17,26600;3,18100;0,016000;74,475;83,17;-25,9200;0,000;100,956;29,300;0,000;507,250;573,650;27,00;1132,950;263,177;0,000;840,100;878,500;860,800;326,850;;;;;0,00;0,00;0,00;3,00;3,03;15,395;27,469;0,58;0,47;999998,00;999998,00;999998,00;999998,00;999998,00;999998,00;999998,00;999998,00;999998,00;999998,00;999998,00;999998,00;999998,00;999998,00;999998,00;;;;;;;;;;;;;;;;;908,9015;37,35927;180,8538;0,24333541;0,24333541;0,00086;3,35966;62,6447;16,744634;0,184465;24,049054;27,197121;0,0440;4,3999;3,17;317,34;0,00;0,82;69,66;;706,704;702,795;9,0908324;17,18300;3,23600;0,00100;0,1853442;;41,43;88,00;;;
;;89;17,25100;3,16800;0,011000;77,000;83,32;-26,2000;0,000;100,956;29,300;0,000;507,350;572,950;27,00;1133,083;263,177;0,000;840,700;878,400;860,700;326,750;;;;;0,00;0,00;0,00;3,00;3,03;15,418;27,477;0,58;0,48;999998,00;999998,00;999998,00;999998,00;999998,00;999998,00;999998,00;999998,00;999998,00;999998,00;999998,00;999998,00;999998,00;999998,00;999998,00;;;;;;;;;;;;;;;;;927,4153;22,17362;105,7800;0,41833528;0,41833528;0,00163;1,99499;63,5721;17,024446;0,182660;24,455746;27,617856;0,0443;4,4243;3,22;321,77;0,00;0,83;71,11;;709,080;707,399;9,2760073;17,16800;3,24900;0,00600;0,1860247;;41,15;89,00;;;
;;90;17,24400;3,15100;0,012000;73,525;81,70;-26,7200;0,000;100,952;29,300;0,000;508,150;574,550;27,00;1133,050;263,177;0,000;840,600;878,400;860,700;326,750;;;;;0,00;0,00;0,00;3,00;3,03;15,360;27,466;0,58;0,47;999998,00;999998,00;999998,00;999998,00;999998,00;999998,00;999998,00;999998,00;999998,00;999998,00;999998,00;999998,00;999998,00;999998,00;999998,00;;;;;;;;;;;;;;;;;910,1679;22,61749;119,1863;0,40249825;0,40249825;0,00277;2,03785;64,4822;16,622754;0,202239;23,916366;27,041519;0,0480;4,7963;3,27;326,56;0,00;0,82;69,84;;711,410;707,399;9,1034993;17,14600;3,27000;0,01400;0,1869962;;40,63;90,00;;;
;;91;17,25200;3,14200;0,010000;71,225;81,70;-27,0100;0,000;100,956;29,300;0,000;509,350;576,050;27,00;1132,650;263,183;0,000;839,500;878,300;860,700;326,750;;;;;0,00;0,00;0,00;3,00;3,03;15,372;27,493;0,58;0,47;999998,00;999998,00;999998,00;999998,00;999998,00;999998,00;999998,00;999998,00;999998,00;999998,00;999998,00;999998,00;999998,00;999998,00;999998,00;;;;;;;;;;;;;;;;;904,5334;21,03992;109,9406;0,42999903;0,42999903;0,00330;1,90201;65,3868;16,341409;0,202200;23,567097;26,653237;0,0473;4,7265;3,31;331,29;0,00;0,82;69,47;;713,563;711,983;9,0471435;17,10100;3,31600;0,01800;0,1890790;;40,34;91,00;;;
;;92;17,27300;3,15500;0,021000;76,650;84,38;-27,5700;0,000;100,952;29,300;0,000;510,450;577,250;27,00;1132,450;263,183;0,000;839,000;878,300;860,600;326,750;;;;;0,00;0,00;0,00;3,00;3,03;15,343;27,456;0,58;0,48;999998,00;999998,00;999998,00;999998,00;999998,00;999998,00;999998,00;999998,00;999998,00;999998,00;999998,00;999998,00;999998,00;999998,00;999998,00;;;;;;;;;;;;;;;;;945,3829;21,69565;94,6948;0,43583488;0,43583488;0,00491;1,96305;66,3322;16,934053;0,169992;24,474532;27,677389;0,0413;4,1263;3,35;335,42;0,00;0,86;72,66;;715,861;711,983;9,4557195;17,06500;3,34700;0,02800;0,1907353;;39,78;92,00;;;
;;93;17,28700;3,16700;0,020000;74,800;81,83;-27,8400;0,000;100,958;29,300;0,000;511,150;577,850;27,00;1132,950;263,183;0,000;840,500;878,300;860,600;326,750;;;;;0,00;0,00;0,00;3,00;3,03;15,379;27,466;0,58;0,47;999998,00;999998,00;999998,00;999998,00;999998,00;999998,00;999998,00;999998,00;999998,00;999998,00;999998,00;999998,00;999998,00;999998,00;999998,00;;;;;;;;;;;;;;;;;941,1268;39,91471;204,1019;0,23583158;0,23583158;0,00529;3,61829;67,2733;16,716989;0,200623;24,193945;27,351015;0,0481;4,8124;3,40;340,23;0,01;0,85;72,38;;718,306;716,517;9,4131501;17,03000;3,38100;0,03100;0,1923747;;39,51;93,00;;;
;;94;17,27900;3,16300;0,019000;75,100;82,25;-28,1300;0,000;100,958;29,300;0,000;512,250;578,750;27,00;1132,950;263,183;0,000;840,600;878,200;860,600;326,750;;;;;0,00;0,00;0,00;3,00;3,03;15,370;27,464;0,58;0,47;999998,00;999998,00;999998,00;999998,00;999998,00;999998,00;999998,00;999998,00;999998,00;999998,00;999998,00;999998,00;999998,00;999998,00;999998,00;;;;;;;;;;;;;;;;;951,1646;21,95434;108,5455;0,43333340;0,43333340;0,00589;1,98815;68,2245;16,732484;0,195563;24,268484;27,419005;0,0470;4,7027;3,45;344,93;0,01;0,86;73,17;;720,730;716,517;9,5135488;16,99100;3,41000;0,03500;0,1942850;;39,22;94,00;;;
;;95;17,26200;3,14800;0,027000;68,825;83,28;-28,6600;0,000;100,956;29,300;0,000;513,550;581,350;27,00;1132,683;263,183;0,000;839,800;878,200;860,600;326,850;;;;;0,00;0,00;0,00;3,00;3,04;15,389;27,464;0,58;0,48;999998,00;999998,00;999998,00;999998,00;999998,00;999998,00;999998,00;999998,00;999998,00;999998,00;999998,00;999998,00;999998,00;999998,00;999998,00;;;;;;;;;;;;;;;;;915,8050;23,14077;106,8119;0,39583302;0,39583302;0,00535;2,08840;69,1403;15,997907;0,183036;23,261953;26,333048;0,0423;4,2271;3,49;349,16;0,01;0,83;70,42;;722,969;720,979;9,1598815;16,96500;3,42200;0,03300;0,1956797;;38,69;95,00;;;
;;96;17,26200;3,16200;0,034000;75,100;83,34;-28,9300;0,000;100,956;29,300;0,000;514,450;581,950;27,00;1132,983;263,183;0,000;840,800;878,100;860,600;326,850;;;;;0,00;0,00;0,00;3,00;3,04;15,351;27,477;0,58;0,48;999998,00;999998,00;999998,00;999998,00;999998,00;999998,00;999998,00;999998,00;999998,00;999998,00;999998,00;999998,00;999998,00;999998,00;999998,00;;;;;;;;;;;;;;;;;955,1411;22,83671;105,1783;0,41833178;0,41833178;0,00396;2,05322;70,0954;16,696668;0,182321;24,320542;27,511593;0,0440;4,3991;3,54;353,56;0,00;0,86;73,37;;725,183;720,979;9,5533218;16,97200;3,40700;0,02200;0,1955399;;38,42;96,00;;;
Auswertung Test;;97;17,27500;3,21100;0,039000;67,675;85,24;-29,4900;0,000;100,952;29,200;0,000;515,550;584,950;27,00;1132,917;263,183;0,000;840,600;878,100;860,600;326,850;;;;;0,00;0,00;0,00;3,00;3,04;15,366;27,490;0,58;0,49;999998,00;999998,00;999998,00;999998,00;999998,00;999998,00;999998,00;999998,00;999998,00;999998,00;999998,00;999998,00;999998,00;999998,00;999998,00;;;;;;;;;;;;;;;;;899,8230;21,01162;85,8580;0,42833583;0,42833583;0,00669;1,89475;70,9952;15,832889;0,159879;23,111665;26,222807;0,0368;3,6769;3,57;357,23;0,01;0,81;69,20;;727,269;724,832;9,0000297;16,99300;3,39500;0,04300;0,1942408;;37,86;97,00;;;
Software;Logger2025 / 19.09.2025 10:04;98;17,27500;3,23600;0,013000;71,350;83,33;-29,7500;0,000;100,958;29,200;0,000;517,150;587,550;27,00;1132,817;263,183;0,000;840,400;878,100;860,500;326,850;;;;;0,00;0,00;0,00;3,00;3,04;15,343;27,474;0,58;0,48;999998,00;999998,00;999998,00;999998,00;999998,00;999998,00;999998,00;999998,00;999998,00;999998,00;999998,00;999998,00;999998,00;999998,00;999998,00;;;;;;;;;;;;;;;;;923,8269;36,59454;171,1535;0,25249990;0,25249990;0,00643;3,30411;71,9190;16,231930;0,182447;23,767689;27,003202;0,0432;4,3208;3,62;361,55;0,01;0,83;71,05;;729,152;724,832;9,2401164;16,98700;3,40400;0,04000;0,1945253;;37,60;98,00;;;
Auswertung Test;;99;17,23000;3,24900;0,001000;73,900;84,40;-30,0800;0,000;100,952;29,200;0,000;518,450;588,950;27,00;1132,750;263,183;0,000;840,300;878,000;860,500;326,850;;;;;0,00;0,00;0,00;3,00;3,04;15,381;27,485;0,58;0,48;999998,00;999998,00;999998,00;999998,00;999998,00;999998,00;999998,00;999998,00;999998,00;999998,00;999998,00;999998,00;999998,00;999998,00;999998,00;;;;;;;;;;;;;;;;;944,6677;20,50325;88,8939;0,46083260;0,46083260;0,00464;1,85112;72,8637;16,498719;0,169743;24,219065;27,512427;0,0410;4,0957;3,66;365,65;0,00;0,85;72,62;;731,223;728,820;9,4485667;16,96500;3,42400;0,02700;0,1957201;;37,27;99,00;;;
Test start time   [s];60;100;17,18300;3,27000;0,006000;71,400;82,15;-30,6200;0,000;100,956;29,200;0,000;519,050;589,650;27,00;1132,450;263,183;0,000;839,300;878,100;860,500;326,850;;;;;0,00;0,00;0,00;3,00;3,04;15,364;27,456;0,58;0,47;999998,00;999998,00;999998,00;999998,00;999998,00;999998,00;999998,00;999998,00;999998,00;999998,00;999998,00;999998,00;999998,00;999998,00;999998,00;;;;;;;;;;;;;;;;;936,5090;22,70779;113,2202;0,41250006;0,41250006;0,00126;2,04962;73,8002;16,207870;0,196758;23,819651;27,059546;0,0467;4,6694;3,70;370,32;0,00;0,85;71,94;;733,317;728,820;9,3669630;16,93200;3,45400;0,00400;0,1975468;;36,73;100,00;;;
Time to ignition  [s];12;101;17,16800;3,31600;0,014000;73,750;83,89;-30,9200;0,000;100,956;29,200;0,000;519,550;589,350;27,00;1132,517;263,183;0,000;839,600;878,000;860,500;326,850;;;;;0,00;0,00;0,00;3,00;3,04;15,379;27,469;0,58;0,48;999998,00;999998,00;999998,00;999998,00;999998,00;999998,00;999998,00;999998,00;999998,00;999998,00;999998,00;999998,00;999998,00;999998,00;999998,00;;;;;;;;;;;;;;;;;960,2618;20,91729;92,2542;0,45916748;0,45916748;0,00288;1,88968;74,7605;16,464509;0,175768;24,220126;27,474028;0,0424;4,2352;3,75;374,55;0,00;0,87;73,82;;735,447;733,248;9,6045385;16,89100;3,48900;0,01500;0,1994396;;36,43;101,00;;;
Time to flame out [s];205;102;17,14600;3,34700;0,018000;72,400;81,72;-31,5200;0,000;100,958;29,200;0,000;520,550;590,650;27,00;1132,317;263,183;0,000;839,000;878,000;860,500;326,850;;;;;0,00;0,00;0,00;3,00;3,04;15,387;27,493;0,58;0,47;999998,00;999998,00;999998,00;999998,00;999998,00;999998,00;999998,00;999998,00;999998,00;999998,00;999998,00;999998,00;999998,00;999998,00;999998,00;;;;;;;;;;;;;;;;;959,6062;21,56842;108,5399;0,44500160;0,44500160;0,00372;1,95586;75,7201;16,297444;0,202025;24,020510;27,255238;0,0483;4,8291;3,79;379,38;0,00;0,87;73,85;;737,647;733,248;9,5979815;16,84800;3,53500;0,02100;0,2013873;;35,83;102,00;;;
Time end of test  [s];224;103;17,10100;3,38100;0,028000;72,550;80,40;-31,7700;0,000;100,954;29,200;0,000;521,150;591,450;27,00;1132,817;263,183;0,000;840,500;878,000;860,500;326,850;;;;;0,00;0,00;0,00;3,00;3,04;15,372;27,485;0,58;0,46;999998,00;999998,00;999998,00;999998,00;999998,00;999998,00;999998,00;999998,00;999998,00;999998,00;999998,00;999998,00;999998,00;999998,00;999998,00;;;;;;;;;;;;;;;;;967,0869;42,20889;228,0929;0,22916508;0,22916508;0,00574;3,81388;76,6872;16,304924;0,218237;24,059233;27,304678;0,0523;5,2260;3,85;384,61;0,01;0,87;74,44;;739,839;737,723;9,6728030;16,81700;3,54800;0,03500;0,2028968;;35,58;103,00;;;
Masses;;104;17,06500;3,41000;0,031000;75,200;80,31;-32,0800;0,000;100,954;29,200;0,000;521,750;592,050;27,00;1132,783;263,183;0,000;840,400;878,000;860,500;326,850;;;;;0,00;0,00;0,00;3,00;3,04;15,379;27,466;0,58;0,46;999998,00;999998,00;999998,00;999998,00;999998,00;999998,00;999998,00;999998,00;999998,00;999998,00;999998,00;999998,00;999998,00;999998,00;999998,00;;;;;;;;;;;;;;;;;985,6600;21,08792;114,4634;0,46749846;0,46749846;0,00584;1,90229;77,6728;16,590487;0,219348;24,508790;27,811075;0,0535;5,3501;3,90;389,96;0,01;0,89;75,86;;742,113;737,723;9,8585717;16,81100;3,54800;0,03500;0,2032412;;35,27;104,00;;;
Mass sust.flaming [g];67,29;105;17,03000;3,42200;0,035000;77,500;83,37;-32,6500;0,000;100,954;29,200;0,000;522,550;593,150;27,00;1133,117;263,183;0,000;841,300;878,100;860,500;326,850;;;;;0,00;0,00;0,00;3,00;3,05;15,345;27,466;0,58;0,48;999998,00;999998,00;999998,00;999998,00;999998,00;999998,00;999998,00;999998,00;999998,00;999998,00;999998,00;999998,00;999998,00;999998,00;999998,00;;;;;;;;;;;;;;;;;1001,2106;23,10951;104,1464;0,43333276;0,43333276;0,00592;2,08897;78,6741;16,829390;0,182028;24,899836;28,263971;0,0451;4,5121;3,95;394,47;0,01;0,91;77,08;;744,507;742,417;10,0141083;16,80400;3,56000;0,03500;0,2035230;;34,70;105,00;;;
Mass remaining    [g];-0,09;106;16,99100;3,40700;0,033000;68,000;83,15;-32,9500;0,000;100,958;29,200;0,000;524,050;596,450;27,00;1132,850;263,183;0,000;840,600;878,100;860,400;326,850;;;;;0,00;0,00;0,00;3,00;3,05;15,370;27,456;0,58;0,47;999998,00;999998,00;999998,00;999998,00;999998,00;999998,00;999998,00;999998,00;999998,00;999998,00;999998,00;999998,00;999998,00;999998,00;999998,00;;;;;;;;;;;;;;;;;938,8125;21,06166;96,5813;0,44583384;0,44583384;0,00568;1,90188;79,6129;15,741624;0,184649;23,357294;26,584215;0,0431;4,3051;3,99;398,78;0,01;0,85;72,27;;746,634;742,417;9,3900027;16,79400;3,56500;0,03600;0,2040370;;34,40;106,00;;;
Mass loss test    [g];67,38;107;16,96500;3,39500;0,022000;68,250;81,58;-33,5300;0,000;100,954;29,200;0,000;524,250;596,350;27,00;1132,817;263,183;0,000;840,500;878,100;860,400;326,850;;;;;0,00;0,00;0,00;3,00;3,05;15,374;27,466;0,58;0,47;999998,00;999998,00;999998,00;999998,00;999998,00;999998,00;999998,00;999998,00;999998,00;999998,00;999998,00;999998,00;999998,00;999998,00;999998,00;;;;;;;;;;;;;;;;;944,8773;22,14986;111,5274;0,42666912;0,42666912;0,00332;2,00529;80,5577;15,767525;0,203757;23,404656;26,623494;0,0476;4,7576;4,04;403,53;0,00;0,86;72,72;;748,458;746,727;9,4506631;16,77500;3,59100;0,01900;0,2050373;;33,82;107,00;;;
Mass loss rate test [g/s];0,41;108;16,97200;3,40400;0,043000;75,225;83,10;-33,7700;0,000;100,954;29,200;0,000;524,950;596,750;27,00;1132,917;263,183;0,000;840,800;878,100;860,400;326,850;;;;;0,00;0,00;0,00;3,00;3,05;15,338;27,474;0,58;0,47;999998,00;999998,00;999998,00;999998,00;999998,00;999998,00;999998,00;999998,00;999998,00;999998,00;999998,00;999998,00;999998,00;999998,00;999998,00;;;;;;;;;;;;;;;;;1000,8537;43,36730;196,7877;0,23083146;0,23083146;0,00597;3,92611;81,5586;16,542592;0,185268;24,587919;27,950930;0,0454;4,5416;4,08;408,08;0,01;0,91;77,10;;750,536;746,727;10,0105383;16,73100;3,62500;0,03600;0,2070528;;33,58;108,00;;;
Mass loss rate 10/90 [g/s];0,42;109;16,99300;3,42400;0,040000;70,050;82,29;-34,0900;0,000;100,946;29,200;0,000;526,050;598,550;27,00;1132,550;263,183;0,000;839,700;878,100;860,400;326,850;;;;;0,00;0,00;0,00;3,00;3,05;15,389;27,466;0,58;0,47;999998,00;999998,00;999998,00;999998,00;999998,00;999998,00;999998,00;999998,00;999998,00;999998,00;999998,00;999998,00;999998,00;999998,00;999998,00;;;;;;;;;;;;;;;;;971,3598;20,52580;97,7021;0,47333304;0,47333304;0,00251;1,85447;82,5300;15,946743;0,195076;23,751951;27,025435;0,0462;4,6236;4,13;412,70;0,00;0,88;74,75;;752,697;750,606;9,7155406;16,70700;3,64200;0,01300;0,2084885;;33,26;109,00;;;
Values;;110;16,98700;3,45400;0,027000;72,275;82,19;-34,6600;0,000;100,954;29,200;0,000;526,750;598,450;27,10;1132,950;263,183;0,000;841,000;878,000;860,400;326,850;;;;;0,00;0,00;0,00;3,00;3,05;15,408;27,466;0,58;0,47;999998,00;999998,00;999998,00;999998,00;999998,00;999998,00;999998,00;999998,00;999998,00;999998,00;999998,00;999998,00;999998,00;999998,00;999998,00;;;;;;;;;;;;;;;;;986,0766;22,41527;107,2980;0,44000085;0,44000085;0,00398;2,02505;83,5160;16,187255;0,196223;24,142266;27,428455;0,0472;4,7202;4,18;417,42;0,00;0,89;75,91;;754,752;750,606;9,8627378;16,70500;3,64200;0,02300;0,2085037;;32,69;110,00;;;
THR   [MJ/m²];163,4;111;16,96500;3,48900;0,004000;65,675;84,66;-34,9700;0,000;100,956;29,200;0,000;527,750;600,950;27,00;1132,583;263,183;0,000;839,900;878,000;860,400;326,850;;;;;0,00;0,00;0,00;3,00;3,05;15,366;27,477;0,58;0,48;999998,00;999998,00;999998,00;999998,00;999998,00;999998,00;999998,00;999998,00;999998,00;999998,00;999998,00;999998,00;999998,00;999998,00;999998,00;;;;;;;;;;;;;;;;;941,7048;21,61136;88,0061;0,43583234;0,43583234;0,00270;1,96271;84,4577;15,415846;0,166698;23,035406;26,230463;0,0384;3,8348;4,21;421,26;0,00;0,86;72,54;;756,636;754,317;9,4189316;16,69100;3,67100;0,01500;0,2090976;;32,38;111,00;;;
TSP   [m²];7,6;112;16,93200;3,53500;0,015000;71,400;83,30;-35,5300;0,000;100,952;29,200;0,000;528,850;602,450;27,10;1132,450;263,183;0,000;839,400;878,100;860,400;326,850;;;;;0,00;0,00;0,00;3,00;3,05;15,338;27,477;0,58;0,48;999998,00;999998,00;999998,00;999998,00;999998,00;999998,00;999998,00;999998,00;999998,00;999998,00;999998,00;999998,00;999998,00;999998,00;999998,00;;;;;;;;;;;;;;;;;990,9370;23,69238;104,9900;0,41833496;0,41833496;0,00565;2,15102;85,4487;16,056995;0,182806;24,043465;27,389591;0,0439;4,3912;4,26;425,65;0,01;0,90;76,41;;758,508;754,317;9,9113515;16,64300;3,70700;0,03500;0,2112928;;31,82;112,00;;;
TSR   [m²/m²];755,3;113;16,89100;3,54800;0,021000;68,950;82,32;-35,8200;0,000;100,952;29,200;0,000;529,450;602,650;27,00;1132,617;263,183;0,000;840,000;878,000;860,400;326,850;;;;;0,00;0,00;0,00;3,00;3,05;15,400;27,477;0,58;0,47;999998,00;999998,00;999998,00;999998,00;999998,00;999998,00;999998,00;999998,00;999998,00;999998,00;999998,00;999998,00;999998,00;999998,00;999998,00;;;;;;;;;;;;;;;;;984,5242;21,29128;99,3696;0,46249962;0,46249962;0,00541;1,93332;86,4332;15,770160;0,194701;23,640754;26,909247;0,0460;4,5949;4,30;430,24;0,01;0,89;75,93;;760,537;758,012;9,8472109;16,59200;3,75000;0,03400;0,2137985;;31,53;113,00;;;
TSR   [m²/m² (none flaming phase)];239,6;114;16,84800;3,54800;0,035000;72,225;80,49;-36,4400;0,000;100,952;29,200;0,000;529,750;602,250;27,00;1132,683;263,183;0,000;840,100;878,100;860,400;326,850;;;;;0,00;0,00;0,00;3,00;3,05;15,400;27,480;0,58;0,46;999998,00;999998,00;999998,00;999998,00;999998,00;999998,00;999998,00;999998,00;999998,00;999998,00;999998,00;999998,00;999998,00;999998,00;999998,00;;;;;;;;;;;;;;;;;1012,8447;21,86429;113,1191;0,46333408;0,46333408;0,00482;1,97778;87,4460;16,135771;0,217154;24,202541;27,514828;0,0524;5,2401;4,36;435,48;0,00;0,92;78,07;;762,626;758,012;10,1304724;16,57100;3,75600;0,02900;0,2149908;;30,91;114,00;;;
TSR   [m²/m² (flaming phase)];515,7;115;16,81700;3,56000;0,035000;69,450;84,14;-36,7000;0,000;100,952;29,200;0,000;530,750;604,450;27,10;1133,083;263,183;0,000;841,300;878,100;860,400;326,850;;;;;0,00;0,00;0,00;3,00;3,06;15,410;27,480;0,58;0,48;999998,00;999998,00;999998,00;999998,00;999998,00;999998,00;999998,00;999998,00;999998,00;999998,00;999998,00;999998,00;999998,00;999998,00;999998,00;;;;;;;;;;;;;;;;;992,9952;42,87169;177,0623;0,23166656;0,23166656;0,00682;3,88460;88,4390;15,807841;0,172847;23,755427;27,054107;0,0410;4,1011;4,40;439,58;0,01;0,90;76,60;;764,715;762,025;9,9319376;16,56400;3,76500;0,04400;0,2151549;;30,65;115,00;;;
MARHE [kW / m²];900,4;116;16,81100;3,56500;0,035000;74,900;82,60;-37,0100;0,000;100,954;29,200;0,000;532,150;606,050;27,10;1133,483;263,183;0,000;842,400;878,200;860,400;326,850;;;;;0,00;0,00;0,00;3,00;3,06;15,412;27,493;0,58;0,47;999998,00;999998,00;999998,00;999998,00;999998,00;999998,00;999998,00;999998,00;999998,00;999998,00;999998,00;999998,00;999998,00;999998,00;999998,00;;;;;;;;;;;;;;;;;1032,8354;21,48448;98,1484;0,48083178;0,48083178;0,00447;1,94425;89,4719;16,394769;0,191235;24,702428;28,132870;0,0472;4,7183;4,44;444,30;0,00;0,93;79,61;;766,855;762,025;10,3304199;16,55500;3,77100;0,02600;0,2157881;;30,34;116,00;;;
Results HRR;;117;16,80400;3,59100;0,036000;67,475;84,65;-37,6000;0,000;100,954;29,200;0,000;533,650;609,250;27,00;1132,983;263,183;0,000;840,800;878,200;860,500;326,850;;;;;0,00;0,00;0,00;3,00;3,06;15,400;27,469;0,58;0,48;999998,00;999998,00;999998,00;999998,00;999998,00;999998,00;999998,00;999998,00;999998,00;999998,00;999998,00;999998,00;999998,00;999998,00;999998,00;;;;;;;;;;;;;;;;;980,0817;23,15614;92,6215;0,42333380;0,42333380;0,00519;2,10038;90,4520;15,539056;0,166755;23,479098;26,805286;0,0392;3,9202;4,48;448,22;0,01;0,89;75,59;;768,903;765,863;9,8027773;16,54700;3,78400;0,03300;0,2160490;;29,75;117,00;;;
HRR max [kW/m²];1369,1;118;16,79400;3,62500;0,019000;72,400;82,53;-37,8700;0,000;100,954;29,200;0,000;534,250;608,950;27,10;1132,517;263,183;0,000;839,400;878,200;860,500;326,850;;;;;0,00;0,00;0,00;3,00;3,06;15,379;27,480;0,58;0,47;999998,00;999998,00;999998,00;999998,00;999998,00;999998,00;999998,00;999998,00;999998,00;999998,00;999998,00;999998,00;999998,00;999998,00;999998,00;;;;;;;;;;;;;;;;;1022,0574;22,46725;102,7635;0,45500088;0,45500088;0,00410;2,04316;91,4740;16,087126;0,192174;24,334547;27,737056;0,0468;4,6748;4,53;452,90;0,00;0,93;78,85;;770,871;765,863;10,2226179;16,51400;3,82100;0,02400;0,2176616;;29,48;118,00;;;
Max at [s];158;119;16,77500;3,64200;0,036000;68,275;82,58;-38,5000;0,000;100,954;29,200;0,000;535,350;611,550;27,10;1132,350;263,183;0,000;838,900;878,200;860,500;326,850;;;;;0,00;0,00;0,00;3,00;3,06;15,408;27,480;0,58;0,47;999998,00;999998,00;999998,00;999998,00;999998,00;999998,00;999998,00;999998,00;999998,00;999998,00;999998,00;999998,00;999998,00;999998,00;999998,00;;;;;;;;;;;;;;;;;999,4097;21,73061;98,7205;0,46000067;0,46000067;0,00342;1,97144;92,4734;15,606064;0,191578;23,655464;27,022505;0,0454;4,5402;4,58;457,44;0,00;0,91;77,08;;772,886;769,626;9,9960956;16,48000;3,84200;0,02000;0,2194389;;28,85;119,00;;;
HRR 060s [kW/m²];777,6;120;16,73100;3,64200;0,013000;69,800;82,54;-38,7500;0,000;100,954;29,200;0,000;535,950;611,950;27,00;1132,950;263,183;0,000;840,700;878,200;860,500;326,850;;;;;0,00;0,00;0,00;3,00;3,06;15,368;27,504;0,58;0,47;999998,00;999998,00;999998,00;999998,00;999998,00;999998,00;999998,00;999998,00;999998,00;999998,00;999998,00;999998,00;999998,00;999998,00;999998,00;;;;;;;;;;;;;;;;;1015,1358;38,55727;174,7854;0,26333268;0,26333268;0,00109;3,49478;93,4886;15,770556;0,192022;23,931590;27,325192;0,0460;4,6017;4,62;462,04;0,00;0,92;78,24;;774,839;769,626;10,1533881;16,46000;3,85800;0,00300;0,2205917;;28,60;120,00;;;
HRR 120s [kW/m²];868,9;121;16,70700;3,67100;0,023000;68,500;82,18;-39,1200;0,000;100,946;29,300;0,000;536,950;613,350;27,00;1132,917;263,190;0,000;840,500;878,300;860,500;326,850;;;;;0,00;0,00;0,00;3,00;3,06;15,353;27,480;0,58;0,47;999998,00;999998,00;999998,00;999998,00;999998,00;999998,00;999998,00;999998,00;999998,00;999998,00;999998,00;999998,00;999998,00;999998,00;999998,00;;;;;;;;;;;;;;;;;1007,1241;20,62788;95,6282;0,48833211;0,48833211;0,00315;1,87058;94,4957;15,608451;0,196398;23,729791;27,106188;0,0467;4,6689;4,67;466,71;0,00;0,91;77,68;;776,792;773,487;10,0732552;16,44600;3,86900;0,01800;0,2211373;;28,23;121,00;;;
HRR 180s [kW/m²];896,1;122;16,70500;3,70700;0,015000;69,625;83,02;-39,6700;0,000;100,946;29,300;0,000;538,150;614,650;27,00;1133,083;263,190;0,000;840,900;878,300;860,600;326,850;;;;;0,00;0,00;0,00;3,00;3,06;15,404;27,493;0,58;0,48;999998,00;999998,00;999998,00;999998,00;999998,00;999998,00;999998,00;999998,00;999998,00;999998,00;999998,00;999998,00;999998,00;999998,00;999998,00;;;;;;;;;;;;;;;;;1020,6037;23,78577;104,1089;0,42916743;0,42916743;0,00248;2,15974;95,5163;15,718546;0,186200;23,950577;27,355240;0,0447;4,4671;4,71;471,17;0,00;0,93;78,73;;778,735;773,487;10,2080787;16,41700;3,89800;0,01300;0,2225595;;27,68;122,00;;;
HRR 240s [kW/m²];--;123;16,69100;3,75000;0,035000;72,075;81,24;-40,0000;0,000;100,950;29,300;0,000;538,550;614,250;27,00;1133,183;263,190;0,000;841,100;878,300;860,700;326,850;;;;;0,00;0,00;0,00;3,00;3,06;15,381;27,506;0,58;0,47;999998,00;999998,00;999998,00;999998,00;999998,00;999998,00;999998,00;999998,00;999998,00;999998,00;999998,00;999998,00;999998,00;999998,00;999998,00;;;;;;;;;;;;;;;;;1048,3466;21,21863;102,5938;0,49416765;0,49416765;0,00167;1,92897;96,5646;15,986771;0,207871;24,377381;27,803931;0,0507;5,0688;4,76;476,24;0,00;0,95;80,89;;780,815;777,622;10,4855628;16,37100;3,94100;0,00700;0,2248254;;27,35;123,00;;;
HRR 300s [kW/m²];--;124;16,64300;3,75600;0,034000;70,950;81,79;-40,6400;0,000;100,950;29,300;0,000;539,550;615,650;27,00;1133,417;263,190;0,000;841,700;878,400;860,700;326,850;;;;;0,00;0,00;0,00;3,00;3,06;15,416;27,482;0,58;0,47;999998,00;999998,00;999998,00;999998,00;999998,00;999998,00;999998,00;999998,00;999998,00;999998,00;999998,00;999998,00;999998,00;999998,00;999998,00;;;;;;;;;;;;;;;;;1043,4699;20,83894;97,3286;0,50083097;0,50083097;0,00418;1,89295;97,6081;15,846808;0,201169;24,208827;27,623325;0,0487;4,8735;4,81;481,12;0,00;0,95;80,57;;782,952;777,622;10,4367860;16,34900;3,95400;0,02500;0,2257797;;26,71;124,00;;;
HRR 360s [kW/m²];--;125;16,59200;3,76500;0,029000;71,650;82,92;-40,9500;0,000;100,950;29,300;0,000;540,050;615,750;27,00;1134,250;263,190;0,000;844,300;878,300;860,700;326,850;;;;;0,00;0,00;0,00;3,00;3,07;15,400;27,493;0,58;0,48;999998,00;999998,00;999998,00;999998,00;999998,00;999998,00;999998,00;999998,00;999998,00;999998,00;999998,00;999998,00;999998,00;999998,00;999998,00;;;;;;;;;;;;;;;;;1051,5117;40,45056;175,4830;0,26000182;0,26000182;0,00391;3,68038;98,6596;15,917415;0,187430;24,339227;27,750911;0,0456;4,5617;4,86;485,68;0,00;0,96;81,21;;785,069;781,978;10,5172197;16,33300;3,97300;0,02300;0,2265277;;26,40;125,00;;;
HRR Test [kW/m²];939,7;126;16,57100;3,77100;0,044000;71,675;82,80;-41,2600;0,000;100,958;29,300;0,000;541,150;617,650;27,00;1134,450;263,190;0,000;844,900;878,300;860,700;326,850;;;;;0,00;0,00;0,00;3,00;3,07;15,418;27,477;0,58;0,47;999998,00;999998,00;999998,00;999998,00;999998,00;999998,00;999998,00;999998,00;999998,00;999998,00;999998,00;999998,00;999998,00;999998,00;999998,00;;;;;;;;;;;;;;;;;1056,7119;22,64825;98,7076;0,46666876;0,46666876;0,00489;2,06184;99,7163;15,904003;0,188806;24,368253;27,813086;0,0461;4,6055;4,90;490,28;0,00;0,96;81,65;;787,204;781,978;10,5692326;16,30400;3,99800;0,03000;0,2278719;;26,09;126,00;;;
Results EHC;;127;16,56400;3,78400;0,026000;70,600;82,57;-41,8400;0,000;100,950;29,300;0,000;542,050;619,050;27,00;1133,883;263,190;0,000;843,100;878,400;860,700;326,850;;;;;0,00;0,00;0,00;3,00;3,07;15,416;27,493;0,58;0,47;999998,00;999998,00;999998,00;999998,00;999998,00;999998,00;999998,00;999998,00;999998,00;999998,00;999998,00;999998,00;999998,00;999998,00;999998,00;;;;;;;;;;;;;;;;;1055,9372;23,21214;102,1500;0,45499833;0,45499833;0,00332;2,11724;100,7723;15,771178;0,191674;24,204925;27,643315;0,0465;4,6469;4,95;494,93;0,00;0,96;81,60;;789,323;786,258;10,5614838;16,26800;4,03600;0,01900;0,2296638;;25,51;127,00;;;
EHC max [MJ/kg];46,9;128;16,55500;3,82100;0,033000;71,125;84,36;-42,1600;0,000;100,950;29,400;0,000;542,850;619,950;27,00;1133,783;263,190;0,000;842,900;878,300;860,700;326,850;;;;;0,00;0,00;0,00;3,00;3,07;15,439;27,469;0,58;0,48;999998,00;999998,00;999998,00;999998,00;999998,00;999998,00;999998,00;999998,00;999998,00;999998,00;999998,00;999998,00;999998,00;999998,00;999998,00;;;;;;;;;;;;;;;;;1070,2493;25,53794;98,8930;0,41916593;0,41916593;0,00361;2,32934;101,8425;15,818039;0,170195;24,312676;27,765761;0,0415;4,1444;4,99;499,07;0,00;0,98;82,73;;791,462;786,258;10,7046332;16,21700;4,07800;0,02100;0,2321463;;25,19;128,00;;;
Max at [s];85;129;16,54700;3,84200;0,024000;64,550;83,21;-42,6900;0,000;100,950;29,300;0,000;543,950;621,650;27,00;1133,583;263,190;0,000;842,300;878,300;860,700;326,850;;;;;0,00;0,00;0,00;3,00;3,07;15,389;27,493;0,58;0,48;999998,00;999998,00;999998,00;999998,00;999998,00;999998,00;999998,00;999998,00;999998,00;999998,00;999998,00;999998,00;999998,00;999998,00;999998,00;;;;;;;;;;;;;;;;;1028,8496;24,02468;99,8340;0,42833265;0,42833265;0,00437;2,19039;102,8714;15,053936;0,183979;23,185118;26,496974;0,0428;4,2754;5,03;503,35;0,00;0,94;79,57;;793,463;790,229;10,2905534;16,16700;4,11700;0,02800;0,2345521;;24,66;129,00;;;
EHC 060s [MJ/kg];25,5;130;16,51400;3,85800;0,020000;65,150;82,25;-43,0300;0,000;100,950;29,300;0,000;544,850;622,950;27,00;1133,583;263,190;0,000;842,300;878,200;860,800;326,850;;;;;0,00;0,00;0,00;3,00;3,07;15,446;27,498;0,58;0,47;999998,00;999998,00;999998,00;999998,00;999998,00;999998,00;999998,00;999998,00;999998,00;999998,00;999998,00;999998,00;999998,00;999998,00;999998,00;;;;;;;;;;;;;;;;;1043,0331;21,11109;92,5312;0,49416765;0,49416765;0,00265;1,92314;103,9144;15,111242;0,195575;23,311885;26,653461;0,0457;4,5717;5,08;507,92;0,00;0,95;80,64;;795,328;790,229;10,4324166;16,12100;4,15400;0,01500;0,2369407;;24,32;130,00;;;
EHC 120s [MJ/kg];25,5;131;16,48000;3,86900;0,003000;67,425;82,44;-43,6600;0,000;100,950;29,300;0,000;545,550;623,850;27,00;1134,983;263,190;0,000;846,400;878,200;860,900;326,850;;;;;0,00;0,00;0,00;3,00;3,07;15,454;27,504;0,58;0,47;999998,00;999998,00;999998,00;999998,00;999998,00;999998,00;999998,00;999998,00;999998,00;999998,00;999998,00;999998,00;999998,00;999998,00;999998,00;;;;;;;;;;;;;;;;;1063,6755;22,28041;96,3140;0,47749933;0,47749933;0,00296;2,02490;104,9781;15,362951;0,193202;23,730641;27,136579;0,0460;4,5981;5,13;512,52;0,00;0,97;82,22;;797,297;794,138;10,6388822;16,10700;4,15700;0,01700;0,2376895;;23,69;131,00;;;
EHC 180s [MJ/kg];25,8;132;16,46000;3,89800;0,018000;68,550;83,09;-43,9900;0,000;100,950;29,300;0,000;547,050;626,350;27,00;1135,883;263,190;0,000;849,100;878,200;860,900;326,850;;;;;0,00;0,00;0,00;3,00;3,07;15,441;27,493;0,58;0,48;999998,00;999998,00;999998,00;999998,00;999998,00;999998,00;999998,00;999998,00;999998,00;999998,00;999998,00;999998,00;999998,00;999998,00;999998,00;;;;;;;;;;;;;;;;;1072,1143;21,62682;89,9614;0,49583292;0,49583292;0,00408;1,97024;106,0502;15,469336;0,185356;23,960670;27,433993;0,0446;4,4597;5,17;516,98;0,00;0,98;82,93;;799,347;794,138;10,7232872;16,09900;4,17100;0,02500;0,2379343;;23,36;132,00;;;
EHC 240s [MJ/kg];--;133;16,44600;3,94100;0,013000;66,875;85,38;-44,6400;0,000;100,946;29,300;0,000;548,150;628,450;27,00;1135,550;263,190;0,000;848,000;878,200;861,000;326,850;;;;;0,00;0,00;0,00;3,00;3,07;15,441;27,504;0,58;0,49;999998,00;999998,00;999998,00;999998,00;999998,00;999998,00;999998,00;999998,00;999998,00;999998,00;999998,00;999998,00;999998,00;999998,00;999998,00;;;;;;;;;;;;;;;;;1059,4262;21,77331;77,4339;0,48666827;0,48666827;0,00524;1,98405;107,1096;15,263833;0,158174;23,689904;27,160303;0,0377;3,7677;5,21;520,75;0,01;0,97;81,98;;801,351;798,159;10,5963805;16,09000;4,17800;0,03400;0,2382934;;22,71;133,00;;;
EHC 300s [MJ/kg];--;134;16,41700;3,95400;0,007000;71,675;83,98;-44,9200;0,000;100,950;29,300;0,000;549,550;630,850;27,00;1134,717;263,190;0,000;845,500;878,100;861,100;326,850;;;;;0,00;0,00;0,00;3,00;3,07;15,437;27,480;0,58;0,48;999998,00;999998,00;999998,00;999998,00;999998,00;999998,00;999998,00;999998,00;999998,00;999998,00;999998,00;999998,00;999998,00;999998,00;999998,00;;;;;;;;;;;;;;;;;1098,5260;42,53222;167,2589;0,25833257;0,25833257;0,00611;3,88614;108,2081;15,781987;0,174737;24,556653;28,189546;0,0432;4,3200;5,25;525,07;0,01;1,00;85,06;;803,422;798,159;10,9874566;16,07300;4,20100;0,03900;0,2389932;;22,43;134,00;;;
EHC 360s [MJ/kg];--;135;16,37100;3,97300;0,025000;68,450;83,50;-45,2600;0,000;100,952;29,300;0,005;550,150;631,750;27,00;1134,783;263,190;0,000;845,600;878,100;861,200;326,850;;;;;0,00;0,00;0,00;3,00;3,08;15,437;27,485;0,58;0,48;999998,00;999998,00;999998,00;999998,00;999998,00;999998,00;999998,00;999998,00;999998,00;999998,00;999998,00;999998,00;999998,00;999998,00;999998,00;;;;;;;;;;;;;;;;;1081,5132;22,03868;88,9046;0,49083233;0,49083233;0,00815;2,02320;109,2896;15,414435;0,180422;24,010931;27,572309;0,0436;4,3629;5,30;529,43;0,01;0,99;83,87;;805,545;802,193;10,8172954;16,02700;4,25400;0,05500;0,2409520;;22,09;135,00;;;
EHC Test [MJ/kg];24,3;136;16,34900;3,99800;0,023000;69,075;83,37;-45,8500;0,000;100,952;29,300;0,005;551,650;633,950;27,00;1134,783;263,190;0,000;845,700;878,000;861,200;326,850;;;;;0,00;0,00;0,00;3,00;3,08;15,433;27,488;0,58;0,48;999998,00;999998,00;999998,00;999998,00;999998,00;999998,00;999998,00;999998,00;999998,00;999998,00;999998,00;999998,00;999998,00;999998,00;999998,00;;;;;;;;;;;;;;;;;1103,0160;23,85375;95,7982;0,46250025;0,46250025;0,00558;2,18421;110,3927;15,463581;0,181974;24,153160;27,756541;0,0443;4,4298;5,34;533,86;0,01;1,01;85,49;;807,654;802,193;11,0323664;15,94800;4,31300;0,03600;0,2450631;;21,50;136,00;;;
Results MLR;;137;16,33300;4,03600;0,030000;69,150;83,30;-46,1900;0,000;100,952;29,300;0,005;552,350;635,050;27,00;1135,150;263,190;0,000;846,900;877,900;861,200;326,850;;;;;0,00;0,00;0,00;3,00;3,08;15,395;27,490;0,58;0,48;999998,00;999998,00;999998,00;999998,00;999998,00;999998,00;999998,00;999998,00;999998,00;999998,00;999998,00;999998,00;999998,00;999998,00;999998,00;;;;;;;;;;;;;;;;;1112,0535;23,05232;92,3888;0,48250071;0,48250071;0,00421;2,10526;111,5047;15,462166;0,182786;24,181597;27,802159;0,0446;4,4569;5,38;538,32;0,00;1,02;86,15;;809,843;806,494;11,1227594;15,90900;4,33700;0,02600;0,2471454;;21,16;137,00;;;
MLR max [g/s];0,5825;138;16,30400;4,07800;0,019000;69,450;81,92;-46,8100;0,000;100,952;29,300;0,005;553,350;636,050;27,00;1135,050;263,190;0,000;846,700;877,900;861,100;326,850;;;;;0,00;0,00;0,00;3,00;3,08;15,441;27,485;0,58;0,47;999998,00;999998,00;999998,00;999998,00;999998,00;999998,00;999998,00;999998,00;999998,00;999998,00;999998,00;999998,00;999998,00;999998,00;999998,00;;;;;;;;;;;;;;;;;1118,1501;23,29948;101,6621;0,47999938;0,47999938;0,00490;2,12879;112,6229;15,481663;0,199524;24,255923;27,881050;0,0488;4,8788;5,43;543,20;0,00;1,02;86,65;;812,055;806,494;11,1837374;15,88600;4,35700;0,03100;0,2482150;;20,54;138,00;;;
Max at [s];164;139;16,26800;4,11700;0,021000;65,950;86,28;-47,1500;0,000;100,950;29,300;0,005;555,050;640,250;27,00;1134,417;263,190;0,000;844,900;877,800;861,100;326,850;;;;;0,00;0,00;0,00;3,00;3,08;15,420;27,506;0,58;0,50;999998,00;999998,00;999998,00;999998,00;999998,00;999998,00;999998,00;999998,00;999998,00;999998,00;999998,00;999998,00;999998,00;999998,00;999998,00;;;;;;;;;;;;;;;;;1098,7354;22,77630;73,3290;0,48249944;0,48249944;0,00530;2,09165;113,7216;15,063392;0,147708;23,673101;27,306915;0,0354;3,5374;5,47;546,73;0,01;1,01;85,24;;814,187;810,795;10,9895519;15,83000;4,42200;0,03500;0,2507429;;20,20;139,00;;;
MLR 060s [g/s];0,3271;140;16,21700;4,15400;0,028000;65,950;86,28;-47,7700;0,000;100,950;29,300;0,005;555,050;640,250;27,00;1134,117;263,190;0,000;844,000;877,700;861,200;326,850;;;;;0,00;0,00;0,00;3,00;3,08;15,463;27,514;0,58;0,50;999998,00;999998,00;999998,00;999998,00;999998,00;999998,00;999998,00;999998,00;999998,00;999998,00;999998,00;999998,00;999998,00;999998,00;999998,00;;;;;;;;;;;;;;;;;1113,4713;24,43203;77,6187;0,45583359;0,45583359;0,00424;2,23678;114,8351;15,063392;0,147708;23,673101;27,306915;0,0354;3,5374;5,50;550,27;0,00;1,02;86,36;;816,272;810,795;11,1369399;15,76300;4,46700;0,02700;0,2541948;;19,58;140,00;;;
MLR 120s [g/s];0,3678;141;16,16700;4,15700;0,015000;73,200;83,48;-48,0800;0,000;100,954;29,300;0,005;556,050;639,850;27,00;1133,883;263,190;0,000;843,400;877,600;861,200;326,850;;;;;0,00;0,00;0,00;3,00;3,08;15,433;27,506;0,58;0,48;999998,00;999998,00;999998,00;999998,00;999998,00;999998,00;999998,00;999998,00;999998,00;999998,00;999998,00;999998,00;999998,00;999998,00;999998,00;;;;;;;;;;;;;;;;;1184,2982;23,11287;88,8329;0,51250013;0,51250013;0,00236;2,12062;116,0194;15,855504;0,180682;24,962850;28,724899;0,0455;4,5518;5,55;554,82;0,00;1,09;91,87;;818,631;815,486;11,8453507;15,70800;4,52300;0,01200;0,2569275;;19,27;141,00;;;
MLR 180s [g/s];0,3698;142;16,12100;4,17100;0,017000;65,700;84,34;-48,7800;0,000;100,948;29,300;0,000;557,050;642,650;27,00;1133,750;263,190;0,000;843,100;877,600;861,100;326,850;;;;;0,00;0,00;0,00;3,00;3,08;15,412;27,504;0,58;0,49;999998,00;999998,00;999998,00;999998,00;999998,00;999998,00;999998,00;999998,00;999998,00;999998,00;999998,00;999998,00;999998,00;999998,00;999998,00;;;;;;;;;;;;;;;;;1133,7486;21,49716;77,4217;0,52749999;0,52749999;0,00356;1,96935;117,1531;15,007800;0,170490;23,670720;27,308121;0,0408;4,0832;5,59;558,91;0,00;1,04;87,99;;821,028;815,486;11,3397533;15,64600;4,56700;0,02200;0,2599347;;18,57;142,00;;;
MLR 240s [g/s];--;143;16,10700;4,17800;0,025000;65,825;84,79;-49,0800;0,000;100,954;29,300;0,000;557,850;643,350;27,00;1133,750;263,190;0,000;843,100;877,600;861,100;326,850;;;;;0,00;0,00;0,00;3,00;3,08;15,461;27,496;0,58;0,49;999998,00;999998,00;999998,00;999998,00;999998,00;999998,00;999998,00;999998,00;999998,00;999998,00;999998,00;999998,00;999998,00;999998,00;999998,00;;;;;;;;;;;;;;;;;1141,9318;41,53313;143,9993;0,27499978;0,27499978;0,00541;3,81275;118,2951;15,011295;0,165094;23,710236;27,344233;0,0396;3,9592;5,63;562,86;0,01;1,05;88,71;;823,244;820,348;11,4216016;15,60400;4,60800;0,03600;0,2618010;;18,27;143,00;;;
MLR 300s [g/s];--;144;16,09900;4,20100;0,034000;64,775;82,22;-49,4400;0,000;100,950;29,300;0,000;560,050;647,050;27,00;1133,683;263,196;0,000;843,000;877,500;861,100;326,850;;;;;0,00;0,00;0,00;3,00;3,09;15,420;27,504;0,58;0,47;999998,00;999998,00;999998,00;999998,00;999998,00;999998,00;999998,00;999998,00;999998,00;999998,00;999998,00;999998,00;999998,00;999998,00;999998,00;;;;;;;;;;;;;;;;;1143,0063;22,09146;90,3823;0,51750088;0,51750088;0,00694;2,03189;119,4381;14,861812;0,195835;23,566702;27,227631;0,0468;4,6764;5,68;567,54;0,01;1,05;88,88;;825,460;820,348;11,4323487;15,54000;4,66700;0,04800;0,2647642;;17,91;144,00;;;
MLR 360s [g/s];--;145;16,09000;4,25400;0,039000;68,900;84,18;-50,0600;0,000;100,952;29,300;0,005;560,350;646,250;27,00;1133,217;263,196;0,000;841,600;877,500;861,100;326,850;;;;;0,00;0,00;0,00;3,00;3,09;15,441;27,493;0,58;0,48;999998,00;999998,00;999998,00;999998,00;999998,00;999998,00;999998,00;999998,00;999998,00;999998,00;999998,00;999998,00;999998,00;999998,00;999998,00;;;;;;;;;;;;;;;;;1196,5563;24,84693;88,0204;0,48166736;0,48166736;0,00675;2,28012;120,6346;15,323619;0,172374;24,312018;28,038978;0,0424;4,2388;5,72;571,78;0,01;1,10;93,05;;827,835;825,160;11,9679561;15,45700;4,72700;0,04500;0,2689295;;17,29;145,00;;;
MLR Test [g/s];0,3955;146;16,07300;4,31300;0,055000;67,375;84,16;-50,4100;0,000;100,950;29,300;0,005;561,750;649,350;27,00;1133,017;263,196;0,000;841,100;877,300;861,200;326,850;;;;;0,00;0,00;0,00;3,00;3,09;15,404;27,509;0,58;0,48;999998,00;999998,00;999998,00;999998,00;999998,00;999998,00;999998,00;999998,00;999998,00;999998,00;999998,00;999998,00;999998,00;999998,00;999998,00;;;;;;;;;;;;;;;;;1191,5115;23,83500;84,2256;0,50000000;0,50000000;0,00399;2,20044;121,8261;15,134193;0,172536;24,071471;27,825207;0,0421;4,2104;5,76;575,99;0,00;1,10;92,70;;830,343;825,160;11,9174979;15,40900;4,79400;0,02500;0,2712089;;16,94;146,00;;;
Results SEA;;147;16,02700;4,33700;0,036000;69,325;82,69;-51,0600;0,000;100,944;29,300;0,005;562,950;650,850;27,00;1133,350;263,196;0,000;842,100;877,300;861,200;326,950;;;;;0,00;0,00;0,00;3,00;3,09;15,404;27,520;0,58;0,48;999998,00;999998,00;999998,00;999998,00;999998,00;999998,00;999998,00;999998,00;999998,00;999998,00;999998,00;999998,00;999998,00;999998,00;999998,00;;;;;;;;;;;;;;;;;1229,5318;23,87921;91,5323;0,51499923;0,51499923;0,00553;2,21355;123,0557;15,335271;0,190157;24,443396;28,260032;0,0471;4,7130;5,81;580,70;0,01;1,14;95,80;;832,929;830,437;12,2977772;15,29900;4,90100;0,03600;0,2763389;;16,29;147,00;;;
SEA max [m²/kg];594,9;148;15,94800;4,35700;0,026000;68,275;83,66;-51,4400;0,000;100,952;29,300;0,005;564,050;652,550;27,00;1133,483;263,196;0,000;842,500;877,300;861,200;326,850;;;;;0,00;0,00;0,00;3,00;3,09;15,433;27,506;0,58;0,48;999998,00;999998,00;999998,00;999998,00;999998,00;999998,00;999998,00;999998,00;999998,00;999998,00;999998,00;999998,00;999998,00;999998,00;999998,00;;;;;;;;;;;;;;;;;1248,5377;23,30553;82,0770;0,53583304;0,53583304;0,00495;2,15316;124,3042;15,203847;0,178480;24,281267;28,091022;0,0440;4,3971;5,85;585,10;0,00;1,15;97,30;;835,673;830,437;12,4878744;15,16100;5,00200;0,03200;0,2832349;;15,91;148,00;;;
Max at [s];241;149;15,90900;4,42200;0,031000;65,975;83,42;-52,1200;0,000;100,952;29,300;0,005;566,050;656,450;27,00;1136,717;263,196;0,000;852,000;877,400;861,300;326,950;;;;;0,00;0,00;0,00;3,00;3,09;15,425;27,498;0,58;0,48;999998,00;999998,00;999998,00;999998,00;999998,00;999998,00;999998,00;999998,00;999998,00;999998,00;999998,00;999998,00;999998,00;999998,00;999998,00;;;;;;;;;;;;;;;;;1232,2560;24,28574;86,9524;0,50750049;0,50750049;0,00261;2,22992;125,5365;14,919138;0,181417;23,911058;27,729730;0,0441;4,4120;5,90;589,51;0,00;1,13;95,93;;838,390;835,813;12,3250248;15,13400;5,00000;0,01500;0,2849236;;15,23;149,00;;;
SEA 060s [m²/kg];127,8;150;15,88600;4,46700;0,035000;67,150;81,86;-52,4600;0,000;100,952;29,300;0,005;567,150;657,550;27,00;1138,850;263,196;0,000;858,400;877,300;861,400;326,950;;;;;0,00;0,00;0,00;3,00;3,09;15,433;27,498;0,58;0,47;999998,00;999998,00;999998,00;999998,00;999998,00;999998,00;999998,00;999998,00;999998,00;999998,00;999998,00;999998,00;999998,00;999998,00;999998,00;;;;;;;;;;;;;;;;;1240,6534;24,41124;96,7353;0,50833209;0,50833209;0,00290;2,25017;126,7771;15,036802;0,200241;24,146472;27,995262;0,0492;4,9164;5,95;594,43;0,00;1,14;96,63;;841,043;835,813;12,4090153;15,13700;5,01400;0,01700;0,2846116;;14,89;150,00;;;
SEA 120s [m²/kg];124,4;151;15,83000;4,52300;0,027000;63,675;85,37;-53,1300;0,000;100,952;29,200;0,005;568,050;660,550;27,00;1137,050;263,196;0,000;853,100;877,200;861,400;326,850;;;;;0,00;0,00;0,00;3,00;3,09;15,410;27,509;0,58;0,49;999998,00;999998,00;999998,00;999998,00;999998,00;999998,00;999998,00;999998,00;999998,00;999998,00;999998,00;999998,00;999998,00;999998,00;999998,00;;;;;;;;;;;;;;;;;1216,7210;24,50260;76,4951;0,49666739;0,49666739;0,00179;2,26073;127,9938;14,630953;0,158280;23,532033;27,363937;0,0380;3,7985;5,98;598,23;0,00;1,12;94,79;;843,611;840,961;12,1696438;15,09000;5,05800;0,00900;0,2869311;;14,22;151,00;;;
SEA 180s [m²/kg];128,4;152;15,76300;4,56700;0,012000;64,550;85,08;-53,4200;0,000;100,956;29,200;0,005;570,650;666,250;27,00;1135,983;263,196;0,000;849,800;877,200;861,500;326,950;;;;;0,00;0,00;0,00;3,00;3,09;15,433;27,509;0,58;0,49;999998,00;999998,00;999998,00;999998,00;999998,00;999998,00;999998,00;999998,00;999998,00;999998,00;999998,00;999998,00;999998,00;999998,00;999998,00;;;;;;;;;;;;;;;;;1233,0411;40,76977;130,0526;0,30250057;0,30250057;0,00219;3,75259;129,2269;14,697540;0,161759;23,747327;27,725676;0,0393;3,9333;6,02;602,16;0,00;1,14;96,07;;846,119;840,961;12,3328772;15,03800;5,09000;0,01200;0,2895396;;13,93;152,00;;;
SEA 240s [m²/kg];--;153;15,70800;4,60800;0,022000;63,925;85,75;-53,8400;0,000;100,952;29,200;0,005;572,150;666,950;27,00;1135,750;263,196;0,000;849,200;877,100;861,500;326,950;;;;;0,00;0,00;0,00;3,00;3,09;15,410;27,477;0,58;0,49;999998,00;999998,00;999998,00;999998,00;999998,00;999998,00;999998,00;999998,00;999998,00;999998,00;999998,00;999998,00;999998,00;999998,00;999998,00;;;;;;;;;;;;;;;;;1225,9876;21,17237;64,3014;0,57916657;0,57916657;0,00424;1,94329;130,4529;14,607028;0,153912;23,663122;27,583883;0,0372;3,7234;6,06;605,88;0,00;1,13;95,52;;848,625;845,933;12,2623277;15,03500;5,07800;0,02800;0,2896724;;13,51;153,00;;;
SEA 300s [m²/kg];--;154;15,64600;4,66700;0,036000;62,250;85,12;-54,5100;0,000;100,956;29,200;0,005;572,950;667,850;27,00;1135,083;263,196;0,000;847,300;877,100;861,400;326,950;;;;;0,00;0,00;0,00;3,00;3,10;15,439;27,517;0,58;0,49;999998,00;999998,00;999998,00;999998,00;999998,00;999998,00;999998,00;999998,00;999998,00;999998,00;999998,00;999998,00;999998,00;999998,00;999998,00;;;;;;;;;;;;;;;;;1204,7260;22,95171;73,3650;0,52500105;0,52500105;0,00634;2,11655;131,6576;14,404320;0,161206;23,367365;27,237796;0,0385;3,8509;6,10;609,73;0,01;1,11;93,96;;851,006;845,933;12,0496697;15,05000;5,08400;0,04500;0,2886253;;12,84;154,00;;;
SEA 360s [m²/kg];--;155;15,60400;4,72700;0,048000;64,675;82,14;-54,9000;0,000;100,956;29,200;0,005;574,750;670,750;27,10;1134,883;263,196;0,000;846,800;877,000;861,400;326,950;;;;;0,00;0,00;0,00;3,00;3,10;15,454;27,506;0,58;0,47;999998,00;999998,00;999998,00;999998,00;999998,00;999998,00;999998,00;999998,00;999998,00;999998,00;999998,00;999998,00;999998,00;999998,00;999998,00;;;;;;;;;;;;;;;;;1238,2003;22,68918;88,0566;0,54583200;0,54583200;0,00775;2,12612;132,8958;14,659197;0,196813;23,855550;27,840121;0,0481;4,8054;6,15;614,54;0,01;1,16;96,84;;853,396;850,916;12,3844790;14,97500;5,21600;0,05500;0,2915757;;12,45;155,00;;;
SEA Test [m²/kg];117,6;156;15,54000;4,79400;0,045000;61,850;84,11;-55,6000;0,000;100,948;29,200;0,005;576,050;672,250;27,10;1136,117;263,196;0,000;850,600;876,800;861,500;326,950;;;;;0,00;0,00;0,00;3,00;3,10;15,463;27,504;0,58;0,48;999998,00;999998,00;999998,00;999998,00;999998,00;999998,00;999998,00;999998,00;999998,00;999998,00;999998,00;999998,00;999998,00;999998,00;999998,00;;;;;;;;;;;;;;;;;1244,9174;22,23509;73,9259;0,56000058;0,56000058;0,00757;2,07912;134,1407;14,319280;0,173156;23,355095;27,255382;0,0414;4,1390;6,19;618,68;0,01;1,16;97,43;;855,885;850,916;12,4516640;14,79600;5,35600;0,05500;0,3003858;;11,75;156,00;;;
Results SPR;;157;15,45700;4,90100;0,025000;61,175;81,99;-56,0100;0,000;100,958;29,200;0,005;577,150;673,950;27,10;1137,417;263,196;0,000;854,300;876,800;861,700;326,950;;;;;0,00;0,00;0,00;3,00;3,10;15,410;27,506;0,58;0,47;999998,00;999998,00;999998,00;999998,00;999998,00;999998,00;999998,00;999998,00;999998,00;999998,00;999998,00;999998,00;999998,00;999998,00;999998,00;;;;;;;;;;;;;;;;;1271,1037;23,95023;89,1489;0,53083324;0,53083324;0,00727;2,23800;135,4118;14,227352;0,198713;23,249469;27,148886;0,0473;4,7314;6,24;623,41;0,01;1,19;99,56;;858,446;856,059;12,7135789;14,62100;5,49900;0,05300;0,3089549;;11,34;157,00;;;
SPR max [m²/s];0,059;158;15,40900;5,00200;0,036000;68,300;79,19;-56,6700;0,000;100,950;29,200;0,005;576,850;670,350;27,10;1137,750;263,196;0,000;855,000;876,800;862,000;326,950;;;;;0,00;0,00;0,00;3,00;3,10;15,431;27,517;0,58;0,46;999998,00;999998,00;999998,00;999998,00;999998,00;999998,00;999998,00;999998,00;999998,00;999998,00;999998,00;999998,00;999998,00;999998,00;999998,00;;;;;;;;;;;;;;;;;1369,1215;25,43775;108,5440;0,53833199;0,53833199;0,00529;2,36448;136,7809;15,036970;0,233399;24,559726;28,540543;0,0584;5,8421;6,29;629,25;0,01;1,27;107,19;;861,368;856,059;13,6939534;14,50300;5,57400;0,03500;0,3150555;;10,68;158,00;;;
Max at [s];236;159;15,29900;5,00000;0,032000;66,150;80,01;-57,0900;0,000;100,950;29,200;0,005;577,750;672,450;27,10;1136,450;263,196;0,000;851,000;876,800;862,100;326,950;;;;;0,00;0,00;0,00;3,00;3,10;15,461;27,522;0,58;0,46;999998,00;999998,00;999998,00;999998,00;999998,00;999998,00;999998,00;999998,00;999998,00;999998,00;999998,00;999998,00;999998,00;999998,00;999998,00;;;;;;;;;;;;;;;;;1362,0925;24,18396;97,8047;0,56333399;0,56333399;0,00416;2,24288;138,1430;14,786875;0,223097;24,188928;28,153776;0,0551;5,5086;6,35;634,76;0,00;1,26;106,64;;864,539;861,852;13,6236489;14,42800;5,62600;0,02700;0,3188619;;10,26;159,00;;;
SPR 060s [m²/s];0,040;160;15,16100;5,01400;0,015000;61,550;79,77;-57,7800;0,000;100,950;29,300;0,005;579,450;676,550;27,10;1135,550;263,196;0,000;848,500;876,600;862,100;326,950;;;;;0,00;0,00;0,00;3,00;3,10;15,471;27,498;0,58;0,46;999998,00;999998,00;999998,00;999998,00;999998,00;999998,00;999998,00;999998,00;999998,00;999998,00;999998,00;999998,00;999998,00;999998,00;999998,00;;;;;;;;;;;;;;;;;1321,2593;25,95467;106,2911;0,50916592;0,50916592;0,00287;2,40815;139,4643;14,242542;0,226138;23,367041;27,282720;0,0541;5,4109;6,40;640,17;0,00;1,23;103,45;;867,521;861,852;13,2152354;14,38100;5,66800;0,01800;0,3211996;;9,57;160,00;;;
SPR 120s [m²/s];0,043;161;15,13400;5,05800;0,017000;63,625;83,45;-58,1300;0,000;100,950;29,300;0,005;581,350;679,950;27,10;1142,317;263,196;0,000;869,000;876,500;862,000;326,950;;;;;0,00;0,00;0,00;3,00;3,10;15,500;27,538;0,58;0,48;999998,00;999998,00;999998,00;999998,00;999998,00;999998,00;999998,00;999998,00;999998,00;999998,00;999998,00;999998,00;999998,00;999998,00;999998,00;;;;;;;;;;;;;;;;;1347,5717;24,39531;79,9875;0,55250025;0,55250025;0,00292;2,25911;140,8118;14,456944;0,181011;23,796575;27,832597;0,0442;4,4184;6,45;644,59;0,00;1,25;105,51;;870,421;867,976;13,4784122;14,35000;5,68400;0,01800;0,3227899;;9,22;161,00;;;
SPR 180s [m²/s];0,042;162;15,13700;5,09000;0,009000;65,025;81,97;-58,8800;0,000;100,952;29,300;0,005;583,450;683,550;27,10;1141,750;263,196;0,000;867,700;876,300;861,800;326,950;;;;;0,00;0,00;0,00;3,00;3,10;15,463;27,504;0,58;0,47;999998,00;999998,00;999998,00;999998,00;999998,00;999998,00;999998,00;999998,00;999998,00;999998,00;999998,00;999998,00;999998,00;999998,00;999998,00;;;;;;;;;;;;;;;;;1360,2269;24,04413;87,0571;0,56583405;0,56583405;0,00333;2,22325;142,1721;14,588808;0,198888;24,100370;28,235167;0,0493;4,9250;6,50;649,52;0,00;1,26;106,49;;873,406;867,976;13,6049893;14,34900;5,67700;0,02100;0,3228795;;8,47;162,00;;;
SPR 240s [m²/s];--;163;15,09000;5,07800;0,012000;60,000;82,46;-59,2600;0,000;100,960;29,300;0,005;585,250;687,650;27,00;1140,417;263,203;0,000;864,000;876,100;861,700;326,950;;;;;0,00;0,00;0,00;3,00;3,10;15,502;27,522;0,58;0,47;999998,00;999998,00;999998,00;999998,00;999998,00;999998,00;999998,00;999998,00;999998,00;999998,00;999998,00;999998,00;999998,00;999998,00;999998,00;;;;;;;;;;;;;;;;;1297,4398;22,53604;80,0908;0,57583284;0,57583284;0,00505;2,07969;143,4695;13,992211;0,192988;23,186118;27,242946;0,0461;4,6110;6,54;654,13;0,01;1,20;101,56;;876,200;873,553;12,9769927;14,38600;5,63500;0,03600;0,3210486;;8,09;163,00;;;
SPR 300s [m²/s];--;164;15,03800;5,08400;0,028000;65,475;83,35;-60,0300;0,000;100,954;29,400;0,005;586,650;688,650;27,00;1140,317;263,203;0,000;864,100;875,900;861,500;326,950;;;;;0,00;0,00;0,00;3,00;3,11;15,425;27,514;0,58;0,48;999998,00;999998,00;999998,00;999998,00;999998,00;999998,00;999998,00;999998,00;999998,00;999998,00;999998,00;999998,00;999998,00;999998,00;999998,00;;;;;;;;;;;;;;;;;1346,9382;23,12798;78,1072;0,58250117;0,58250117;0,00643;2,14123;144,8165;14,599220;0,182207;24,249846;28,466133;0,0455;4,5488;6,59;658,68;0,01;1,25;105,48;;878,919;873,553;13,4720762;14,41600;5,62500;0,04500;0,3193858;;7,32;164,00;;;
SPR 360s [m²/s];--;165;15,03500;5,21600;0,045000;62,800;82,41;-60,4200;0,000;100,952;29,300;0,005;588,550;692,250;27,00;1140,950;263,203;0,000;866,300;875,700;861,400;326,950;;;;;0,00;0,00;0,00;3,00;3,11;15,479;27,498;0,58;0,47;999998,00;999998,00;999998,00;999998,00;999998,00;999998,00;999998,00;999998,00;999998,00;999998,00;999998,00;999998,00;999998,00;999998,00;999998,00;;;;;;;;;;;;;;;;;1319,3868;23,11796;83,2319;0,57083352;0,57083352;0,00729;2,14412;146,1358;14,274785;0,193585;23,787742;27,979041;0,0475;4,7502;6,64;663,43;0,01;1,22;103,38;;881,672;878,824;13,1965069;14,40100;5,64500;0,05300;0,3199834;;6,93;165,00;;;
SPR Test [m²/s];0,043;166;15,05000;5,35600;0,055000;64,600;83,25;-61,1700;0,000;100,954;29,300;0,005;589,250;692,550;27,00;1138,717;263,203;0,000;859,900;875,500;861,300;326,950;;;;;0,00;0,00;0,00;3,00;3,11;15,448;27,493;0,58;0,48;999998,00;999998,00;999998,00;999998,00;999998,00;999998,00;999998,00;999998,00;999998,00;999998,00;999998,00;999998,00;999998,00;999998,00;999998,00;;;;;;;;;;;;;;;;;1341,2842;24,28153;82,6370;0,55249914;0,55249914;0,00880;2,24787;147,4771;14,469313;0,183448;24,140584;28,372611;0,0457;4,5648;6,68;667,99;0,01;1,24;105,11;;884,375;878,824;13,4155250;14,38100;5,65100;0,06400;0,3209533;;6,18;166,00;;;
Results COY;;167;14,97500;5,49900;0,055000;63,050;79,70;-61,5300;0,000;100,950;29,300;0,005;590,350;693,950;27,00;1138,017;263,203;0,000;858,300;875,200;861,100;326,950;;;;;0,00;0,00;0,00;3,00;3,11;15,460;27,498;0,58;0,46;999998,00;999998,00;999998,00;999998,00;999998,00;999998,00;999998,00;999998,00;999998,00;999998,00;999998,00;999998,00;999998,00;999998,00;999998,00;;;;;;;;;;;;;;;;;1320,1394;23,68437;100,2489;0,55749989;0,55749989;0,00679;2,18347;148,7973;14,281348;0,227055;23,871463;28,060644;0,0559;5,5878;6,74;673,58;0,01;1,22;103,34;;887,048;884,105;13,2040340;14,40600;5,61200;0,04900;0,3200196;;5,82;167,00;;;
COY max [kg/kg];0,0363;168;14,79600;5,57400;0,053000;64,725;81,30;-62,2800;0,000;100,950;29,400;0,005;590,050;691,850;27,00;1137,150;263,203;0,000;856,000;875,000;861,000;326,950;;;;;0,00;0,00;0,00;3,00;3,11;15,461;27,528;0,58;0,46;999998,00;999998,00;999998,00;999998,00;999998,00;999998,00;999998,00;999998,00;999998,00;999998,00;999998,00;999998,00;999998,00;999998,00;999998,00;;;;;;;;;;;;;;;;;1329,0142;24,80772;96,1559;0,53583328;0,53583328;0,00535;2,28410;150,1263;14,473483;0,207169;24,180325;28,352103;0,0515;5,1513;6,79;678,73;0,01;1,22;103,97;;889,652;884,105;13,2928002;14,45400;5,56800;0,03700;0,3178222;;5,07;168,00;;;
Max at [s];74;169;14,62100;5,62600;0,035000;66,450;82,14;-62,6100;0,000;100,950;29,400;0,005;591,750;693,650;27,00;1138,717;263,203;0,000;861,000;874,900;860,800;326,950;;;;;0,00;0,00;0,00;3,00;3,11;15,450;27,504;0,58;0,47;999998,00;999998,00;999998,00;999998,00;999998,00;999998,00;999998,00;999998,00;999998,00;999998,00;999998,00;999998,00;999998,00;999998,00;999998,00;;;;;;;;;;;;;;;;;1325,7657;23,96440;89,7641;0,55333360;0,55333360;0,00425;2,18563;151,4520;14,644002;0,196877;24,535693;28,760766;0,0497;4,9660;6,84;683,70;0,00;1,21;103,50;;892,242;889,298;13,2603085;14,55800;5,43900;0,02800;0,3132059;;4,74;169,00;;;
COY 060s [kg/kg];0,0097;170;14,50300;5,66800;0,027000;61,575;80,58;-63,3800;0,000;100,950;29,400;0,005;592,850;696,150;27,00;1140,550;263,203;0,000;866,800;874,700;860,700;326,950;;;;;0,00;0,00;0,00;3,00;3,11;15,502;27,525;0,57;0,46;999998,00;999998,00;999998,00;999998,00;999998,00;999998,00;999998,00;999998,00;999998,00;999998,00;999998,00;999998,00;999998,00;999998,00;999998,00;;;;;;;;;;;;;;;;;1237,5856;21,62154;91,8964;0,57249999;0,57249999;0,00321;1,97094;152,6896;14,083521;0,216055;23,640482;27,759672;0,0526;5,2600;6,89;688,96;0,00;1,13;96,49;;894,533;889,298;12,3783311;14,75400;5,27800;0,02100;0,3037155;;3,97;170,00;;;
COY 120s [kg/kg];0,0099;171;14,42800;5,68400;0,018000;66,625;80,97;-63,6900;0,000;100,954;29,400;0,000;593,450;695,450;27,00;1138,517;263,203;0,000;861,100;874,400;860,600;326,950;;;;;0,00;0,00;0,00;3,00;3,11;15,481;27,520;0,57;0,46;999998,00;999998,00;999998,00;999998,00;999998,00;999998,00;999998,00;999998,00;999998,00;999998,00;999998,00;999998,00;999998,00;999998,00;999998,00;;;;;;;;;;;;;;;;;1249,1009;45,29378;193,6326;0,27583273;0,27583273;0,00360;4,02046;153,9387;14,642255;0,211181;24,603244;28,831959;0,0534;5,3400;6,94;694,30;0,00;1,11;96,94;;896,573;893,955;12,4935075;14,96200;4,99200;0,02300;0,2945700;;3,66;171,00;;;
COY 180s [kg/kg];0,0101;172;14,38100;5,67700;0,018000;62,700;81,31;-64,0500;0,000;100,950;29,400;0,000;593,950;695,850;27,00;1136,317;263,203;0,000;854,800;874,200;860,500;326,950;;;;;0,00;0,00;0,00;3,00;3,11;15,479;27,504;0,57;0,46;999998,00;999998,00;999998,00;999998,00;999998,00;999998,00;999998,00;999998,00;999998,00;999998,00;999998,00;999998,00;999998,00;999998,00;999998,00;;;;;;;;;;;;;;;;;1142,4281;22,29573;99,1192;0,51250021;0,51250021;0,00299;1,96415;155,0812;14,198428;0,207014;23,877586;27,974104;0,0508;5,0788;7,00;699,37;0,00;1,01;88,38;;898,312;893,955;11,4265657;15,32000;4,67600;0,01900;0,2773478;;3,30;172,00;;;
COY 240s [kg/kg];--;173;14,35000;5,63500;0,021000;64,925;80,67;-64,6600;0,000;100,942;29,400;0,005;594,150;693,750;27,10;1140,883;263,209;0,000;868,800;873,900;860,500;326,950;;;;;0,00;0,00;0,00;3,00;3,11;15,439;27,520;0,57;0,46;999998,00;999998,00;999998,00;999998,00;999998,00;999998,00;999998,00;999998,00;999998,00;999998,00;999998,00;999998,00;999998,00;999998,00;999998,00;;;;;;;;;;;;;;;;;1070,5698;22,86370;114,1977;0,46833364;0,46833364;0,00445;2,01244;156,1517;14,445726;0,214870;24,301649;28,375442;0,0535;5,3472;7,05;704,72;0,00;0,94;82,61;;899,516;897,029;10,7078390;15,77700;4,30700;0,03000;0,2548686;;2,69;173,00;;;
COY 300s [kg/kg];--;174;14,34900;5,62500;0,036000;65,250;81,40;-64,9900;0,000;100,952;29,400;0,005;593,450;689,950;27,00;1142,417;263,209;0,000;873,900;873,600;860,300;326,950;;;;;0,00;0,00;0,00;3,00;3,12;15,473;27,538;0,57;0,46;999998,00;999998,00;999998,00;999998,00;999998,00;999998,00;999998,00;999998,00;999998,00;999998,00;999998,00;999998,00;999998,00;999998,00;999998,00;;;;;;;;;;;;;;;;;975,7194;20,72738;108,6007;0,47083346;0,47083346;0,00356;1,77927;157,1274;14,490375;0,205924;24,348042;28,307240;0,0511;5,1123;7,10;709,83;0,00;0,84;74,79;;900,226;897,029;9,7591454;16,28000;3,82200;0,02300;0,2310066;;2,36;174,00;;;
COY 360s [kg/kg];--;175;14,38600;5,64500;0,045000;68,925;82,69;-65,5900;0,000;100,952;29,400;0,005;592,450;685,850;27,00;1141,650;263,209;0,000;872,100;873,200;860,200;326,950;;;;;0,00;0,00;0,00;3,00;3,12;15,431;27,522;0,57;0,47;999998,00;999998,00;999998,00;999998,00;999998,00;999998,00;999998,00;999998,00;999998,00;999998,00;999998,00;999998,00;999998,00;999998,00;999998,00;;;;;;;;;;;;;;;;;893,1606;19,96288;107,9386;0,44750023;0,44750023;0,00511;1,72155;158,0206;14,905412;0,190240;25,003220;28,944989;0,0483;4,8293;7,15;714,66;0,01;0,77;68,32;;900,422;897,998;8,9333918;16,80200;3,42200;0,03400;0,2050259;;1,76;175,00;;;
COY Test [kg/kg];0,0098;176;14,41600;5,65100;0,053000;73,250;79,57;-65,8400;0,000;100,954;29,400;0,000;590,450;677,750;27,10;1142,683;263,209;0,000;875,800;872,800;860,000;326,950;;;;;0,00;0,00;0,00;3,00;3,12;15,450;27,525;0,57;0,45;999998,00;999998,00;999998,00;999998,00;999998,00;999998,00;999998,00;999998,00;999998,00;999998,00;999998,00;999998,00;999998,00;999998,00;999998,00;;;;;;;;;;;;;;;;;808,9688;38,83827;284,4346;0,20833333;0,20833333;0,00406;3,24358;158,8296;15,391952;0,228709;25,732210;29,536804;0,0593;5,9245;7,21;720,59;0,00;0,68;61,38;;900,141;897,998;8,0913063;17,34000;2,91400;0,02500;0,1793548;;1,51;176,00;;;
Results CO2Y;;177;14,40100;5,61200;0,064000;71,025;80,77;-66,0900;0,000;100,954;29,400;0,000;587,150;668,250;27,00;1140,150;263,209;0,000;868,900;872,400;859,700;326,950;;;;;0,00;0,00;0,00;3,00;3,12;15,463;27,517;0,57;0,45;999998,00;999998,00;999998,00;999998,00;999998,00;999998,00;999998,00;999998,00;999998,00;999998,00;999998,00;999998,00;999998,00;999998,00;999998,00;;;;;;;;;;;;;;;;;673,6382;19,48261;155,8280;0,34583306;0,34583306;0,00427;1,63657;159,5032;15,198913;0,213631;25,267476;28,757542;0,0539;5,3880;7,26;725,98;0,00;0,57;50,98;;899,244;896,703;6,7377292;17,91200;2,47900;0,02700;0,1508032;;1,26;177,00;;;
CO2Y max [kg/kg];4,2068;178;14,38100;5,56800;0,049000;74,400;79,70;-66,4900;0,000;100,954;29,400;0,000;583,150;656,350;27,10;1137,150;263,209;0,000;860,700;871,900;859,400;326,950;;;;;0,00;0,00;0,00;3,00;3,12;15,439;27,496;0,57;0,45;999998,00;999998,00;999998,00;999998,00;999998,00;999998,00;999998,00;999998,00;999998,00;999998,00;999998,00;999998,00;999998,00;999998,00;999998,00;;;;;;;;;;;;;;;;;566,0515;19,63576;200,3665;0,28833350;0,28833350;0,00260;1,57054;160,0693;15,609097;0,227045;25,772605;29,007716;0,0578;5,7761;7,32;731,75;0,00;0,45;42,35;;897,674;896,703;5,6616468;18,49100;1,94200;0,01400;0,1230336;;0,86;178,00;;;
Max at [s];145;179;14,40600;5,43900;0,037000;76,600;80,86;-66,6400;0,000;100,950;29,400;0,000;578,450;643,350;27,00;1134,550;263,209;0,000;853,800;871,400;859,000;326,950;;;;;0,00;0,00;0,00;3,00;3,12;15,452;27,544;0,56;0,45;999998,00;999998,00;999998,00;999998,00;999998,00;999998,00;999998,00;999998,00;999998,00;999998,00;999998,00;999998,00;999998,00;999998,00;999998,00;;;;;;;;;;;;;;;;;450,7771;35,36215;423,6996;0,12749998;0,12749998;0,00251;2,90379;160,5200;15,902409;0,212600;26,045279;28,967466;0,0540;5,4011;7,37;737,15;0,00;0,37;33,74;;895,499;892,966;4,5086730;19,02500;1,56800;0,01300;0,0959008;;0,71;179,00;;;
CO2Y 060s [kg/kg];2,1471;180;14,45400;5,27800;0,028000;77,425;81,36;-66,7800;0,000;100,952;29,400;0,000;572,950;629,750;27,10;1134,050;263,209;0,000;853,100;871,000;858,600;326,950;;;;;0,00;0,00;0,00;3,00;3,12;15,515;27,525;0,56;0,45;999998,00;999998,00;999998,00;999998,00;999998,00;999998,00;999998,00;999998,00;999998,00;999998,00;999998,00;999998,00;999998,00;999998,00;999998,00;;;;;;;;;;;;;;;;;376,8966;30,77328;423,4979;0,12249978;0,12249978;0,00026;2,30577;160,8969;16,064370;0,206471;26,060376;28,643900;0,0519;5,1868;7,42;742,34;0,00;0,28;27,72;;892,824;892,966;3,7697203;19,38300;1,19600;-0,00300;0,0792360;;0,57;180,00;;;
CO2Y 120s [kg/kg];2,1588;181;14,55800;4,99200;0,021000;81,525;83,49;-66,8800;0,000;100,952;29,400;0,000;566,150;613,250;27,00;1133,150;263,209;0,000;851,300;870,500;858,200;326,950;;;;;0,00;0,00;0,00;3,00;3,12;15,492;27,544;0,56;0,47;999998,00;999998,00;999998,00;999998,00;999998,00;999998,00;999998,00;999998,00;999998,00;999998,00;999998,00;999998,00;999998,00;999998,00;999998,00;;;;;;;;;;;;;;;;;299,8076;39,11287;594,8858;0,07666723;0,07666723;-0,00017;3,05422;161,1967;16,582923;0,180572;26,582320;28,793796;0,0456;4,5599;7,47;746,90;0,00;0,23;22,11;;889,760;887,246;2,9986753;19,73700;0,97000;-0,00600;0,0609418;;0,47;181,00;;;
CO2Y 180s [kg/kg];2,1820;182;14,75400;4,67600;0,023000;84,575;90,06;-66,9400;0,000;100,954;29,400;0,000;558,350;595,950;27,10;1132,783;263,209;0,000;851,000;870,100;857,800;326,950;;;;;0,00;0,00;0,00;3,00;3,12;15,442;27,520;0,56;0,50;999998,00;999998,00;999998,00;999998,00;999998,00;999998,00;999998,00;999998,00;999998,00;999998,00;999998,00;999998,00;999998,00;999998,00;999998,00;;;;;;;;;;;;;;;;;243,4440;42,34658;458,7769;0,05749997;0,05749997;-0,00003;3,29761;161,4402;17,007841;0,104789;26,887844;28,698505;0,0264;2,6374;7,50;749,54;0,00;0,19;17,91;;886,364;887,246;2,4349268;19,99000;0,77600;-0,00500;0,0481842;;0,41;182,00;;;
CO2Y 240s [kg/kg];--;183;14,96200;4,30700;0,019000;81,750;93,16;-67,0000;0,000;100,956;29,400;0,000;550,450;579,550;27,10;1133,183;263,209;0,000;853,000;869,600;857,500;326,950;;;;;0,00;0,00;0,00;3,00;3,13;15,441;27,533;0,56;0,52;999998,00;999998,00;999998,00;999998,00;999998,00;999998,00;999998,00;999998,00;999998,00;999998,00;999998,00;999998,00;999998,00;999998,00;999998,00;;;;;;;;;;;;;;;;;197,7011;35,41679;308,3282;0,05583247;0,05583247;-0,00062;2,87295;161,6379;16,840942;0,071015;26,247293;27,634878;0,0172;1,7211;7,51;751,26;0,00;0,16;14,60;;882,726;880,268;1,9774066;20,15800;0,67000;-0,00900;0,0394819;;0,35;183,00;;;
CO2Y 300s [kg/kg];--;184;15,32000;3,82200;0,030000;79,875;95,38;-67,0500;0,000;100,954;29,400;0,000;543,250;565,050;27,10;1132,483;263,209;0,000;851,500;869,300;857,200;326,950;;;;;0,00;0,00;0,00;3,00;3,13;15,463;27,530;0,56;0,53;999998,00;999998,00;999998,00;999998,00;999998,00;999998,00;999998,00;999998,00;999998,00;999998,00;999998,00;999998,00;999998,00;999998,00;999998,00;;;;;;;;;;;;;;;;;166,6084;37,73009;252,7868;0,04416680;0,04416680;0,00146;3,05565;161,8045;16,756642;0,047477;25,774307;26,808600;0,0112;1,1163;7,53;752,37;0,00;0,13;12,34;;878,918;880,268;1,6664173;20,27600;0,57400;0,00500;0,0334198;;0,30;184,00;;;
CO2Y 360s [kg/kg];--;185;15,77700;3,42200;0,023000;86,100;96,40;-67,0900;0,000;100,952;29,300;0,000;536,050;551,350;27,10;1131,317;263,209;0,000;848,500;869,000;857,000;326,950;;;;;0,00;0,00;0,00;3,00;3,13;15,431;27,530;0,57;0,54;999998,00;999998,00;999998,00;999998,00;999998,00;999998,00;999998,00;999998,00;999998,00;999998,00;999998,00;999998,00;999998,00;999998,00;999998,00;;;;;;;;;;;;;;;;;150,1097;38,33298;225,0331;0,03916725;0,03916725;0,00245;3,19722;161,9546;17,513799;0,036751;26,581894;27,340599;0,0088;0,8812;7,53;753,26;0,00;0,13;11,19;;875,023;872,631;1,5013973;20,36400;0,51500;0,01100;0,0287952;;0,26;185,00;;;
CO2Y Test [kg/kg];2,1753;186;16,28000;2,91400;0,034000;82,200;97,07;-67,1300;0,000;100,946;29,300;0,000;529,350;539,350;27,10;1130,917;263,209;0,000;847,800;868,800;856,700;326,950;;;;;0,00;0,00;0,00;3,00;3,13;15,441;27,530;0,57;0,55;999998,00;999998,00;999998,00;999998,00;999998,00;999998,00;999998,00;999998,00;999998,00;999998,00;999998,00;999998,00;999998,00;999998,00;999998,00;;;;;;;;;;;;;;;;;128,1614;30,76495;165,5982;0,04166659;0,04166659;0,00423;2,54994;162,0828;17,220505;0,029911;25,810064;26,297644;0,0069;0,6899;7,54;753,95;0,00;0,11;9,59;;871,067;872,631;1,2818706;20,43800;0,45100;0,02300;0,0249949;;0,22;186,00;;;
;;187;16,80200;2,47900;0,025000;79,850;98,03;-67,1700;0,000;100,946;29,300;0,000;523,350;528,750;27,00;1130,483;263,209;0,000;847,100;868,500;856,400;326,950;;;;;0,00;0,00;0,00;3,00;3,13;15,397;27,525;0,58;0,56;999998,00;999998,00;999998,00;999998,00;999998,00;999998,00;999998,00;999998,00;999998,00;999998,00;999998,00;999998,00;999998,00;999998,00;999998,00;;;;;;;;;;;;;;;;;111,0998;37,04101;149,8394;0,02999973;0,02999973;0,00344;3,14450;162,1939;17,069578;0,020053;25,293870;25,554856;0,0045;0,4494;7,55;754,39;0,00;0,09;8,34;;867,048;864,695;1,1112204;20,50000;0,40900;0,01800;0,0218516;;0,18;187,00;;;
;;188;17,34000;1,94200;0,027000;79,475;98,62;-67,1900;0,000;100,958;29,300;0,000;517,650;519,350;27,00;1129,583;263,209;0,000;844,700;868,400;856,200;326,950;;;;;0,00;0,00;0,00;3,00;3,13;15,421;27,533;0,58;0,57;999998,00;999998,00;999998,00;999998,00;999998,00;999998,00;999998,00;999998,00;999998,00;999998,00;999998,00;999998,00;999998,00;999998,00;999998,00;;;;;;;;;;;;;;;;;99,4342;0,00000;177,4083;0,01749937;0,01749937;0,00194;4,77812;162,2933;17,122951;0,014056;25,096612;25,179031;0,0031;0,3104;7,55;754,70;0,00;0,08;7,42;;862,996;864,695;0,9945404;20,55000;0,36700;0,00800;0,0194907;;0,16;188,00;;;
;;189;17,91200;1,56800;0,014000;79,275;98,86;-67,2100;0,000;100,950;29,200;0,000;512,150;510,450;27,00;1129,283;263,215;0,000;844,300;868,100;856,000;326,950;;;;;0,00;0,00;0,00;3,00;3,13;15,442;27,520;0,58;0,57;999998,00;999998,00;999998,00;999998,00;999998,00;999998,00;999998,00;999998,00;999998,00;999998,00;999998,00;999998,00;999998,00;999998,00;999998,00;;;;;;;;;;;;;;;;;91,2285;36,49843;100,9788;0,02500017;0,02500017;0,00195;3,05273;162,3845;17,192973;0,011582;24,931501;24,848745;0,0025;0,2524;7,55;754,96;0,00;0,08;6,80;;858,935;856,615;0,9124672;20,58400;0,33800;0,00800;0,0178063;;0,14;189,00;;;
;;190;18,49100;1,19600;0,013000;76,775;99,35;-67,2400;0,000;100,960;29,200;0,000;506,650;501,950;27,00;1128,517;263,215;0,000;842,300;868,100;855,700;326,950;;;;;0,00;0,00;0,00;3,00;3,13;15,469;27,520;0,59;0,58;999998,00;999998,00;999998,00;999998,00;999998,00;999998,00;999998,00;999998,00;999998,00;999998,00;999998,00;999998,00;999998,00;999998,00;999998,00;;;;;;;;;;;;;;;;;80,5191;25,43197;44,3265;0,03166691;0,03166691;0,00253;2,11307;162,4651;17,011293;0,006619;24,403136;24,176758;0,0014;0,1403;7,55;755,10;0,00;0,07;6,01;;854,866;856,615;0,8053521;20,62200;0,30500;0,01200;0,0158811;;0,11;190,00;;;
;;191;19,02500;0,97000;-0,003000;75,725;99,34;-67,2700;0,000;100,950;29,200;0,000;501,550;494,250;27,00;1128,250;263,215;0,000;841,800;868,000;855,500;326,950;;;;;0,00;0,00;0,00;3,00;3,13;15,391;27,530;0,59;0,58;999998,00;999998,00;999998,00;999998,00;999998,00;999998,00;999998,00;999998,00;999998,00;999998,00;999998,00;999998,00;999998,00;999998,00;999998,00;;;;;;;;;;;;;;;;;71,4418;27,66037;54,3801;0,02583337;0,02583337;0,00117;2,35396;162,5365;16,980245;0,006740;24,113401;23,762434;0,0014;0,1405;7,55;755,24;0,00;0,06;5,33;;850,788;848,497;0,7145606;20,65800;0,28200;0,00300;0,0141132;;0,08;191,00;;;
;;192;19,38300;0,77600;-0,006000;77,225;99,69;-67,2900;0,000;100,952;29,200;0,000;496,650;487,350;27,00;1128,217;263,215;0,000;842,000;867,900;855,300;326,950;;;;;0,00;0,00;0,00;3,00;3,13;15,420;27,530;0,59;0,59;999998,00;999998,00;999998,00;999998,00;999998,00;999998,00;999998,00;999998,00;999998,00;999998,00;999998,00;999998,00;999998,00;999998,00;999998,00;;;;;;;;;;;;;;;;;65,1178;0,00000;47,9138;0,01416715;0,01416715;0,00241;3,92757;162,6016;17,231980;0,003254;24,231811;23,778059;0,0007;0,0679;7,55;755,31;0,00;0,06;4,89;;846,712;848,497;0,6513081;20,68500;0,25900;0,01100;0,0126748;;0,06;192,00;;;
;;193;19,73700;0,67000;-0,005000;76,825;100,11;-67,3000;0,000;100,954;29,200;0,000;492,150;481,150;27,00;1128,250;263,215;0,000;842,100;868,000;855,200;326,950;;;;;0,00;0,00;0,00;3,00;3,14;15,406;27,520;0,60;0,59;999998,00;999998,00;999998,00;999998,00;999998,00;999998,00;999998,00;999998,00;999998,00;999998,00;999998,00;999998,00;999998,00;999998,00;999998,00;;;;;;;;;;;;;;;;;58,6462;0,00000;0,0000;0,00833297;0,00833297;0,00287;6,18273;162,6603;17,265691;-0,000941;24,059230;23,521485;-0,0002;-0,0194;7,55;755,31;0,00;0,05;4,44;;842,646;840,379;0,5865790;20,70900;0,24300;0,01400;0,0113917;;0,05;193,00;;;
;;194;19,99000;0,57400;-0,009000;82,600;100,45;-67,3100;0,000;100,950;29,200;0,000;487,650;475,150;27,00;1127,950;263,215;0,000;841,500;867,900;855,000;326,950;;;;;0,00;0,00;0,00;3,00;3,14;15,370;27,538;0,60;0,60;999998,00;999998,00;999998,00;999998,00;999998,00;999998,00;999998,00;999998,00;999998,00;999998,00;999998,00;999998,00;999998,00;999998,00;999998,00;;;;;;;;;;;;;;;;;56,9161;0,00000;-58,8518;0,01583314;0,01583314;0,00394;3,11124;162,7172;17,985286;-0,004390;24,832809;24,196266;-0,0009;-0,0932;7,55;755,31;0,00;0,05;4,33;;838,600;840,379;0,5692749;20,72400;0,22700;0,02000;0,0106130;;0,04;194,00;;;
;;195;20,15800;0,51500;0,005000;80,250;100,42;-67,3300;0,000;100,954;29,200;0,000;483,350;469,750;27,00;1127,350;263,215;0,000;839,700;868,000;854,900;326,950;;;;;0,00;0,00;0,00;3,00;3,14;15,448;27,538;0,60;0,60;999998,00;999998,00;999998,00;999998,00;999998,00;999998,00;999998,00;999998,00;999998,00;999998,00;999998,00;999998,00;999998,00;999998,00;999998,00;;;;;;;;;;;;;;;;;50,6035;0,00000;-50,1683;0,01666713;0,01666713;0,00500;2,72981;162,7678;17,806276;-0,004025;24,368853;23,683188;-0,0008;-0,0836;7,55;755,31;0,01;0,05;3,91;;834,575;832,320;0,5061362;20,74300;0,21500;0,02700;0,0095305;;0,02;195,00;;;
;;196;20,27600;0,45100;0,011000;80,050;100,57;-67,3400;0,000;100,950;29,200;0,000;479,350;464,850;27,00;1127,917;263,215;0,000;841,500;868,000;854,800;326,950;;;;;0,00;0,00;0,00;3,00;3,14;15,402;27,530;0,60;0,60;999998,00;999998,00;999998,00;999998,00;999998,00;999998,00;999998,00;999998,00;999998,00;999998,00;999998,00;999998,00;999998,00;999998,00;999998,00;;;;;;;;;;;;;;;;;46,3791;0,00000;0,0000;0,00250014;0,00250014;0,00439;16,39185;162,8142;17,858120;-0,005608;24,237552;23,504383;-0,0012;-0,1156;7,55;755,31;0,00;0,04;3,56;;830,565;832,320;0,4638840;20,76100;0,19800;0,02300;0,0087086;;0,01;196,00;;;
;;197;20,36400;0,40900;0,023000;79,250;100,62;-67,3400;0,000;100,956;29,200;0,000;475,650;460,550;27,00;1127,050;263,215;0,000;839,000;868,000;854,700;326,950;;;;;0,00;0,00;0,00;3,00;3,14;15,368;27,528;0,61;0,60;999998,00;999998,00;999998,00;999998,00;999998,00;999998,00;999998,00;999998,00;999998,00;999998,00;999998,00;999998,00;999998,00;999998,00;999998,00;;;;;;;;;;;;;;;;;43,3097;0,00000;-114,5914;0,01083302;0,01083302;0,00312;3,42573;162,8575;17,837637;-0,006084;24,022881;23,260250;-0,0012;-0,1241;7,55;755,31;0,00;0,04;3,28;;826,576;824,346;0,4331836;20,77500;0,18400;0,01500;0,0081406;;0,01;197,00;;;
;;198;20,43800;0,36700;0,018000;80,650;100,70;-67,3600;0,000;100,956;29,200;0,000;472,150;456,650;27,00;1126,217;263,215;0,000;836,400;868,200;854,600;326,950;;;;;0,00;0,00;0,00;3,00;3,14;15,406;27,522;0,61;0,61;999998,00;999998,00;999998,00;999998,00;999998,00;999998,00;999998,00;999998,00;999998,00;999998,00;999998,00;999998,00;999998,00;999998,00;999998,00;;;;;;;;;;;;;;;;;38,9024;0,00000;-128,9486;0,01083302;0,01083302;0,00268;3,08574;162,8964;18,061076;-0,006819;24,144816;23,352176;-0,0014;-0,1397;7,55;755,31;0,00;0,03;2,95;;822,609;824,346;0,3891015;20,79400;0,16900;0,01200;0,0072209;;-0,01;198,00;;;
;;199;20,50000;0,33800;0,008000;80,650;100,71;-67,3600;0,000;100,952;29,200;0,000;468,750;452,850;27,00;1126,217;263,215;0,000;836,200;868,400;854,600;326,950;;;;;0,00;0,00;0,00;3,00;3,14;15,441;27,512;0,61;0,61;999998,00;999998,00;999998,00;999998,00;999998,00;999998,00;999998,00;999998,00;999998,00;999998,00;999998,00;999998,00;999998,00;999998,00;999998,00;;;;;;;;;;;;;;;;;35,3645;0,00000;0,0000;0,00416684;0,00416684;0,00221;7,38531;162,9317;18,126459;-0,006973;24,057724;23,241686;-0,0014;-0,1421;7,55;755,31;0,00;0,03;2,68;;818,662;816,457;0,3537161;20,80800;0,15900;0,00900;0,0065399;;-0,01;199,00;;;
;;200;20,55000;0,30500;0,008000;77,750;100,77;-67,3700;0,000;100,952;29,200;0,000;465,450;449,350;27,00;1125,950;263,215;0,000;835,300;868,500;854,600;326,950;;;;;0,00;0,00;0,00;3,00;3,14;15,461;27,520;0,61;0,61;999998,00;999998,00;999998,00;999998,00;999998,00;999998,00;999998,00;999998,00;999998,00;999998,00;999998,00;999998,00;999998,00;999998,00;999998,00;;;;;;;;;;;;;;;;;31,8430;0,00000;0,0000;0,00583347;0,00583347;-0,00034;4,68229;162,9636;17,860562;-0,007536;23,537939;22,723757;-0,0015;-0,1502;7,55;755,31;0,00;0,03;2,34;;814,737;816,457;0,3184940;20,82300;0,14800;-0,00700;0,0059747;;-0,02;200,00;;;
;;201;20,58400;0,28200;0,012000;81,075;100,81;-67,3700;0,000;100,954;29,200;0,000;462,450;446,250;27,00;1125,750;263,215;0,000;834,500;868,700;854,600;326,950;;;;;0,00;0,00;0,00;3,00;3,14;15,435;27,538;0,61;0,61;999998,00;999998,00;999998,00;999998,00;999998,00;999998,00;999998,00;999998,00;999998,00;999998,00;999998,00;999998,00;999998,00;999998,00;999998,00;;;;;;;;;;;;;;;;;30,3479;0,00000;0,0000;-0,00083335;-0,00083335;-0,00083;-31,22465;162,9939;18,297532;-0,007981;23,958387;23,119105;-0,0016;-0,1618;7,55;755,31;0,00;0,03;2,21;;810,838;808,660;0,3035401;20,83200;0,14100;-0,01000;0,0055576;;-0,02;201,00;;;
;;202;20,62200;0,25900;0,003000;80,625;100,82;-67,3700;0,000;100,952;29,200;0,000;459,450;443,250;27,10;1125,450;263,215;0,000;833,400;868,900;854,600;326,950;;;;;0,00;0,00;0,00;3,00;3,14;15,431;27,530;0,61;0,61;999998,00;999998,00;999998,00;999998,00;999998,00;999998,00;999998,00;999998,00;999998,00;999998,00;999998,00;999998,00;999998,00;999998,00;999998,00;;;;;;;;;;;;;;;;;28,3304;0,00000;0,0000;-0,00083335;-0,00083335;-0,00035;-28,88508;163,0223;18,306157;-0,008064;23,814184;22,974507;-0,0016;-0,1625;7,55;755,31;0,00;0,02;2,07;;806,969;808,660;0,2833610;20,83900;0,13400;-0,00700;0,0051857;;-0,02;202,00;;;
;;203;20,65800;0,24300;0,011000;81,625;100,86;-67,3700;0,000;100,954;29,200;0,000;456,750;440,650;27,00;1125,283;263,215;0,000;832,700;869,100;854,600;326,950;;;;;0,00;0,00;0,00;3,00;3,15;15,410;27,533;0,61;0,61;999998,00;999998,00;999998,00;999998,00;999998,00;999998,00;999998,00;999998,00;999998,00;999998,00;999998,00;999998,00;999998,00;999998,00;999998,00;;;;;;;;;;;;;;;;;25,4553;0,00000;0,0000;0,00500011;0,00500011;0,00095;4,51884;163,0477;18,473694;-0,008441;23,890904;23,048773;-0,0017;-0,1706;7,55;755,31;0,00;0,02;1,91;;803,127;800,968;0,2546043;20,84800;0,12800;0,00100;0,0046175;;-0,02;203,00;;;
;;204;20,68500;0,22700;0,014000;82,350;100,85;-67,3800;0,000;100,954;29,200;0,000;454,150;438,250;27,00;1125,483;263,215;0,000;833,100;869,300;854,600;326,950;;;;;0,00;0,00;0,00;3,00;3,15;15,448;27,536;0,61;0,61;999998,00;999998,00;999998,00;999998,00;999998,00;999998,00;999998,00;999998,00;999998,00;999998,00;999998,00;999998,00;999998,00;999998,00;999998,00;;;;;;;;;;;;;;;;;25,0202;0,00000;-144,5687;0,01166693;0,01166693;-0,00068;1,82869;163,0727;18,608595;-0,008327;23,928373;23,090630;-0,0017;-0,1686;7,55;755,31;0,00;0,02;1,82;;799,314;800,968;0,2502518;20,85300;0,12300;-0,00900;0,0045048;;-0,03;204,00;;;
;;205;20,70900;0,21500;0,020000;81,675;100,78;-67,3900;0,000;100,946;29,200;0,000;451,650;436,050;27,00;1125,917;263,215;0,000;834,100;869,500;854,700;326,950;;;;;0,00;0,00;0,00;3,00;3,15;15,494;27,525;0,61;0,61;999998,00;999998,00;999998,00;999998,00;999998,00;999998,00;999998,00;999998,00;999998,00;999998,00;999998,00;999998,00;999998,00;999998,00;999998,00;;;;;;;;;;;;;;;;;22,5212;0,00000;0,0000;0,00500011;0,00500011;0,00260;4,03356;163,0953;18,583392;-0,007624;23,764423;22,943599;-0,0015;-0,1534;7,55;755,31;0,00;0,02;1,74;;795,530;793,387;0,2252569;20,85700;0,11900;0,01100;0,0040618;;-0,04;205,00;;;
;;206;20,72400;0,19800;0,027000;84,475;100,82;-67,3900;0,000;100,946;29,200;0,000;449,250;433,950;27,10;1125,750;263,215;0,000;833,300;869,700;854,800;326,950;;;;;0,00;0,00;0,00;3,00;3,15;15,412;27,536;0,61;0,61;999998,00;999998,00;999998,00;999998,00;999998,00;999998,00;999998,00;999998,00;999998,00;999998,00;999998,00;999998,00;999998,00;999998,00;999998,00;;;;;;;;;;;;;;;;;21,3288;0,00000;0,0000;0,00000000;0,00000000;0,00315;Infinity;163,1166;18,949663;-0,008065;24,104040;23,283135;-0,0016;-0,1647;7,55;755,31;0,00;0,02;1,66;;791,775;793,387;0,2133311;20,86200;0,11500;0,01400;0,0037726;;-0,04;206,00;;;
;;207;20,74300;0,18400;0,023000;81,200;100,78;-67,3900;0,000;100,948;29,200;0,000;446,850;431,850;27,10;1125,917;263,215;0,000;833,400;870,000;854,900;326,950;;;;;0,00;0,00;0,00;3,00;3,15;15,420;27,541;0,61;0,61;999998,00;999998,00;999998,00;999998,00;999998,00;999998,00;999998,00;999998,00;999998,00;999998,00;999998,00;999998,00;999998,00;999998,00;999998,00;;;;;;;;;;;;;;;;;19,5535;0,00000;0,0000;-0,00583347;-0,00583347;0,00375;-3,12349;163,1361;18,628530;-0,007655;23,568970;22,777800;-0,0015;-0,1529;7,55;755,31;0,00;0,02;1,55;;788,049;785,925;0,1955738;20,86600;0,11200;0,01800;0,0035185;;-0,04;207,00;;;
;;208;20,76100;0,16900;0,015000;84,175;100,70;-67,3800;0,000;100,948;29,200;0,000;444,650;429,950;27,10;1126,250;263,215;0,000;834,100;870,200;855,000;327,050;;;;;0,00;0,00;0,00;3,00;3,15;15,450;27,522;0,61;0,61;999998,00;999998,00;999998,00;999998,00;999998,00;999998,00;999998,00;999998,00;999998,00;999998,00;999998,00;999998,00;999998,00;999998,00;999998,00;;;;;;;;;;;;;;;;;18,2438;0,00000;0,0000;-0,00666682;-0,00666682;0,00434;-2,65856;163,1544;19,013578;-0,006866;23,937700;23,146327;-0,0014;-0,1394;7,55;755,31;0,00;0,02;1,48;;784,351;785,925;0,1824744;20,87100;0,10900;0,02100;0,0032167;;-0,03;208,00;;;
;;209;20,77500;0,15900;0,012000;83,100;100,66;-67,3800;0,000;100,950;29,100;0,000;442,550;428,250;27,00;1126,750;263,215;0,000;835,200;870,500;855,100;326,950;;;;;0,00;0,00;0,00;3,00;3,15;15,404;27,541;0,61;0,61;999998,00;999998,00;999998,00;999998,00;999998,00;999998,00;999998,00;999998,00;999998,00;999998,00;999998,00;999998,00;999998,00;999998,00;999998,00;;;;;;;;;;;;;;;;;18,5809;0,00000;0,0000;0,00500019;0,00500019;0,00131;3,41436;163,1730;18,936547;-0,006435;23,728123;22,961404;-0,0013;-0,1296;7,55;755,31;0,00;0,02;1,41;;780,686;778,587;0,1858462;20,87400;0,10700;0,00300;0,0032879;;-0,03;209,00;;;
;;210;20,79400;0,14800;0,009000;84,325;100,59;-67,3900;0,000;100,950;29,100;0,000;440,550;426,550;27,00;1126,917;263,215;0,000;835,200;870,800;855,300;326,950;;;;;0,00;0,00;0,00;3,00;3,15;15,431;27,520;0,61;0,61;999998,00;999998,00;999998,00;999998,00;999998,00;999998,00;999998,00;999998,00;999998,00;999998,00;999998,00;999998,00;999998,00;999998,00;999998,00;;;;;;;;;;;;;;;;;19,6632;0,00000;-67,1640;0,01749984;0,01749984;-0,00188;0,93479;163,1926;19,118861;-0,005803;23,848303;23,090441;-0,0012;-0,1175;7,55;755,31;0,00;0,02;1,38;;777,060;778,587;0,1966709;20,87600;0,10400;-0,01600;0,0034446;;-0,04;210,00;;;
;;211;20,80800;0,14100;-0,007000;86,375;100,59;-67,4100;0,000;100,946;29,100;0,000;438,650;425,150;27,10;1127,217;263,222;0,000;835,700;871,100;855,400;326,950;;;;;0,00;0,00;0,00;3,00;3,15;15,471;27,541;0,61;0,60;999998,00;999998,00;999998,00;999998,00;999998,00;999998,00;999998,00;999998,00;999998,00;999998,00;999998,00;999998,00;999998,00;999998,00;999998,00;;;;;;;;;;;;;;;;;19,2798;0,00000;0,0000;0,00999967;0,00999967;-0,00294;1,54053;163,2119;19,391723;-0,005745;24,084343;23,343118;-0,0012;-0,1176;7,55;755,31;0,00;0,02;1,32;;773,469;771,386;0,1928364;20,88000;0,10000;-0,02200;0,0033293;;-0,06;211,00;;;
;;212;20,82300;0,13400;-0,010000;85,625;100,53;-67,4100;0,000;100,952;29,100;0,000;436,850;423,750;27,10;1127,550;263,222;0,000;836,400;871,300;855,500;327,050;;;;;0,00;0,00;0,00;3,00;3,15;15,456;27,541;0,61;0,60;999998,00;999998,00;999998,00;999998,00;999998,00;999998,00;999998,00;999998,00;999998,00;999998,00;999998,00;999998,00;999998,00;999998,00;999998,00;;;;;;;;;;;;;;;;;16,6300;0,00000;0,0000;0,00416684;0,00416684;-0,00105;3,40419;163,2285;19,347086;-0,005172;23,930301;23,212694;-0,0011;-0,1053;7,55;755,31;0,00;0,01;1,19;;769,905;771,386;0,1663337;20,88600;0,09600;-0,01100;0,0028789;;-0,06;212,00;;;
;;213;20,83200;0,12800;-0,007000;82,825;100,53;-67,4200;0,000;100,948;29,100;0,000;435,150;422,550;27,10;1127,983;263,215;0,000;837,200;871,600;855,700;327,050;;;;;0,00;0,00;0,00;3,00;3,16;15,414;27,552;0,60;0,60;999998,00;999998,00;999998,00;999998,00;999998,00;999998,00;999998,00;999998,00;999998,00;999998,00;999998,00;999998,00;999998,00;999998,00;999998,00;;;;;;;;;;;;;;;;;14,7231;0,00000;0,0000;0,00583347;0,00583347;0,00031;2,19608;163,2433;19,065257;-0,005210;23,489941;22,809776;-0,0010;-0,1042;7,55;755,31;0,00;0,01;1,08;;766,364;764,303;0,1472608;20,89000;0,09200;-0,00300;0,0025870;;-0,07;213,00;;;
;;214;20,83900;0,12300;0,001000;83,850;100,45;-67,4200;0,000;100,948;29,100;0,000;433,650;421,550;27,10;1128,417;263,222;0,000;838,200;871,800;855,800;327,050;;;;;0,00;0,00;0,00;3,00;3,16;15,471;27,544;0,60;0,60;999998,00;999998,00;999998,00;999998,00;999998,00;999998,00;999998,00;999998,00;999998,00;999998,00;999998,00;999998,00;999998,00;999998,00;999998,00;;;;;;;;;;;;;;;;;14,3280;0,00000;0,0000;-0,00083335;-0,00083335;0,00201;-14,43520;163,2576;19,216014;-0,004412;23,594073;22,935735;-0,0009;-0,0888;7,55;755,31;0,00;0,01;1,09;;762,851;764,303;0,1433083;20,89000;0,08900;0,00700;0,0024987;;-0,07;214,00;;;
;;215;20,84800;0,11900;-0,009000;86,150;100,48;-67,4200;0,000;100,952;29,100;0,000;432,050;420,450;27,10;1128,583;263,215;0,000;838,300;872,100;855,900;327,050;;;;;0,00;0,00;0,00;3,00;3,16;15,435;27,549;0,60;0,60;999998,00;999998,00;999998,00;999998,00;999998,00;999998,00;999998,00;999998,00;999998,00;999998,00;999998,00;999998,00;999998,00;999998,00;999998,00;;;;;;;;;;;;;;;;;14,7705;0,00000;0,0000;0,00000000;0,00000000;0,00204;Infinity;163,2724;19,513810;-0,004697;23,871316;23,230401;-0,0010;-0,0957;7,55;755,31;0,00;0,01;1,11;;759,371;757,330;0,1477349;20,89000;0,08600;0,00700;0,0025365;;-0,07;215,00;;;
;;216;20,85300;0,11500;0,011000;85,450;100,42;-67,4200;0,000;100,952;29,100;0,000;430,550;419,450;27,00;1128,217;263,222;0,000;836,900;872,300;856,000;327,050;;;;;0,00;0,00;0,00;3,00;3,16;15,456;27,530;0,60;0,59;999998,00;999998,00;999998,00;999998,00;999998,00;999998,00;999998,00;999998,00;999998,00;999998,00;999998,00;999998,00;999998,00;999998,00;999998,00;;;;;;;;;;;;;;;;;14,7360;0,00000;0,0000;0,00000000;0,00000000;0,00203;Infinity;163,2871;19,468194;-0,004075;23,732830;23,120975;-0,0008;-0,0826;7,55;755,31;0,00;0,01;1,11;;755,923;757,330;0,1473896;20,89000;0,08600;0,00700;0,0025365;;-0,07;216,00;;;
;;217;20,85700;0,11200;0,014000;85,375;100,42;-67,4200;0,000;100,954;29,100;0,000;429,250;418,750;27,10;1128,083;263,222;0,000;836,200;872,500;856,100;327,050;;;;;0,00;0,00;0,00;3,00;3,16;15,492;27,554;0,59;0,59;999998,00;999998,00;999998,00;999998,00;999998,00;999998,00;999998,00;999998,00;999998,00;999998,00;999998,00;999998,00;999998,00;999998,00;999998,00;;;;;;;;;;;;;;;;;14,7518;0,00000;0,0000;0,00083335;0,00083335;0,00204;13,56627;163,3018;19,489093;-0,004039;23,686572;23,107169;-0,0008;-0,0818;7,55;755,31;0,00;0,01;1,11;;752,508;750,486;0,1475478;20,89000;0,08600;0,00700;0,0025365;;-0,07;217,00;;;
;;218;20,86200;0,10900;0,018000;83,325;100,39;-67,4200;0,000;100,952;29,100;0,000;427,950;417,950;27,10;1128,350;263,222;0,000;836,600;872,800;856,200;327,050;;;;;0,00;0,00;0,00;3,00;3,16;15,450;27,533;0,59;0,59;999998,00;999998,00;999998,00;999998,00;999998,00;999998,00;999998,00;999998,00;999998,00;999998,00;999998,00;999998,00;999998,00;999998,00;999998,00;;;;;;;;;;;;;;;;;14,5958;0,00000;0,0000;-0,00666682;-0,00666682;0,00201;-1,67784;163,3164;19,282910;-0,003764;23,365005;22,819030;-0,0008;-0,0753;7,55;755,31;0,00;0,01;1,10;;749,123;750,486;0,1459868;20,89000;0,08600;0,00700;0,0025365;;-0,07;218,00;;;
;;219;20,86600;0,10700;0,021000;87,625;100,43;-67,4100;0,000;100,950;29,100;0,005;426,650;416,950;27,00;1128,383;263,215;0,000;836,400;873,000;856,300;327,050;;;;;0,00;0,00;0,00;3,00;3,16;15,469;27,533;0,59;0,59;999998,00;999998,00;999998,00;999998,00;999998,00;999998,00;999998,00;999998,00;999998,00;999998,00;999998,00;999998,00;999998,00;999998,00;999998,00;;;;;;;;;;;;;;;;;14,9904;0,00000;0,0000;0,00000000;0,00000000;0,00207;Infinity;163,3314;19,804304;-0,004118;23,923879;23,379964;-0,0008;-0,0844;7,55;755,31;0,00;0,01;1,13;;745,770;743,768;0,1499342;20,89000;0,08600;0,00700;0,0025365;;-0,06;219,00;;;
;;220;20,87100;0,10400;0,003000;89,000;100,40;-67,4200;0,000;100,952;29,100;0,005;425,250;415,950;27,00;1128,750;263,215;0,000;837,100;873,200;856,500;327,050;;;;;0,00;0,00;0,00;3,00;3,16;15,482;27,552;0,59;0,58;999998,00;999998,00;999998,00;999998,00;999998,00;999998,00;999998,00;999998,00;999998,00;999998,00;999998,00;999998,00;999998,00;999998,00;999998,00;;;;;;;;;;;;;;;;;15,1324;0,00000;0,0000;0,00583347;0,00583347;0,00209;1,98801;163,3466;19,991909;-0,003910;24,071262;23,544836;-0,0008;-0,0807;7,55;755,31;0,00;0,01;1,14;;742,449;743,768;0,1513545;20,89000;0,08600;0,00700;0,0025365;;-0,07;220,00;;;
;;221;20,87400;0,10000;-0,016000;88,575;100,51;-67,4200;0,000;100,952;29,100;0,000;424,050;415,050;27,10;1128,917;263,222;0,000;837,300;873,400;856,600;327,050;;;;;0,00;0,00;0,00;3,00;3,16;15,482;27,554;0,59;0,58;999998,00;999998,00;999998,00;999998,00;999998,00;999998,00;999998,00;999998,00;999998,00;999998,00;999998,00;999998,00;999998,00;999998,00;999998,00;;;;;;;;;;;;;;;;;15,1176;0,00000;0,0000;0,00416676;0,00416676;0,00209;2,78047;163,3617;19,972318;-0,004921;23,979814;23,470869;-0,0010;-0,1013;7,55;755,31;0,00;0,01;1,14;;739,158;737,174;0,1512062;20,89000;0,08600;0,00700;0,0025365;;-0,07;221,00;;;
;;222;20,87600;0,09600;-0,022000;87,075;100,51;-67,4300;0,000;100,952;29,100;0,000;422,850;414,150;27,10;1129,150;263,222;0,000;837,500;873,700;856,800;327,050;;;;;0,00;0,00;0,00;3,00;3,16;15,473;27,541;0,58;0,58;999998,00;999998,00;999998,00;999998,00;999998,00;999998,00;999998,00;999998,00;999998,00;999998,00;999998,00;999998,00;999998,00;999998,00;999998,00;;;;;;;;;;;;;;;;;15,0103;0,00000;-80,3338;0,01250029;0,01250029;0,00207;0,92024;163,3767;19,830562;-0,004923;23,742236;23,253747;-0,0010;-0,1004;7,55;755,31;0,00;0,01;1,13;;735,896;737,174;0,1501330;20,89000;0,08600;0,00700;0,0025365;;-0,08;222,00;;;
;;223;20,88000;0,09200;-0,011000;87,650;100,54;-67,4400;0,000;100,954;29,100;0,000;421,750;413,450;27,10;1129,417;263,222;0,000;838,000;873,900;856,900;327,050;;;;;0,00;0,00;0,00;3,00;3,17;15,473;27,554;0,58;0,58;999998,00;999998,00;999998,00;999998,00;999998,00;999998,00;999998,00;999998,00;999998,00;999998,00;999998,00;999998,00;999998,00;999998,00;999998,00;;;;;;;;;;;;;;;;;15,0794;0,00000;0,0000;0,00000000;0,00000000;0,00208;Infinity;163,3918;19,921858;-0,005307;23,789495;23,321319;-0,0011;-0,1085;7,55;755,31;0,00;0,01;1,13;;732,664;730,698;0,1508241;20,89000;0,08600;0,00700;0,0025365;;-0,09;223,00;;;
;;224;20,88600;0,08900;-0,003000;85,750;100,68;-67,4300;0,000;100,946;29,100;0,005;420,650;412,850;27,10;1129,617;263,215;0,000;838,200;874,100;857,100;327,050;;;;;0,00;0,00;0,00;3,00;3,17;15,463;27,546;0,58;0,58;999998,00;999998,00;999998,00;999998,00;999998,00;999998,00;999998,00;999998,00;999998,00;999998,00;999998,00;999998,00;999998,00;999998,00;999998,00;;;;;;;;;;;;;;;;;;;;;;;;;19,730498;-0,006723;23,499532;23,063787;;;;;;;;;;730,698;;20,89000;0,08600;0,00700;0,0025365;;-0,08;224,00;;;
;;225;20,89000;0,08600;0,007000;87,075;100,67;-67,4200;0,000;100,954;29,100;0,005;419,750;412,350;27,00;1129,850;263,215;0,000;838,500;874,400;857,200;327,050;;;;;0,00;0,00;0,00;3,00;3,17;15,479;27,530;0,58;0,58;999998,00;999998,00;999998,00;999998,00;999998,00;999998,00;999998,00;999998,00;999998,00;999998,00;999998,00;999998,00;999998,00;999998,00;999998,00;;;;;;;;;;;;;;;;;;;;;;;;;19,903654;-0,006561;23,655046;23,238018;;;;;;;;;;;;20,89000;0,08600;0,00700;0,0025365;;-0,07;225,00;;;
