20241115092254.4,0,13.213,13.26,13.474,13.302,10.533,10.525
20241115092255.3,0.832001119852066,13.203,13.276,13.5,13.286,10.548,10.533
20241115092255.8,1.33200846612453,13.205,13.286,13.48,13.284,10.536,10.531
20241115092256.3,1.8320057541132,13.225,13.278,13.484,13.286,10.537,10.521
20241115092256.7,2.30500660836697,13.199,13.266,13.472,13.27,10.519,10.517
20241115092257.3,2.8280071914196,13.199,13.252,13.486,13.286,10.519,10.499
20241115092257.7,3.27700898051262,13.225,13.28,13.478,13.268,10.523,10.519
20241115092258.1,3.71900014579296,13.199,13.262,13.472,13.298,10.515,10.525
20241115092258.6,4.1560024023056,13.187,13.256,13.486,13.29,10.529,10.517
20241115092259,4.59800362586975,13.203,13.258,13.464,13.282,10.542,10.517
20241115092259.5,5.03899902105331,13.187,13.248,13.476,13.272,10.519,10.515
20241115092259.9,5.48000447452068,13.191,13.262,13.462,13.266,10.529,10.519
20241115092300.3,5.9180025011301,13.181,13.266,13.466,13.26,10.519,10.521
20241115092300.8,6.35900795459747,13.197,13.246,13.46,13.26,10.525,10.521
20241115092301.2,6.79300278425217,13.203,13.26,13.458,13.258,10.499,10.495
20241115092301.7,7.23000504076481,13.183,13.246,13.452,13.274,10.537,10.507
20241115092302.1,7.66800306737423,13.179,13.262,13.462,13.272,10.523,10.523
20241115092302.5,8.1090085208416,13.175,13.244,13.45,13.288,10.554,10.491
20241115092303,8.54700654745102,13.173,13.246,13.474,13.294,10.519,10.513
20241115092303.4,8.98400880396366,13.173,13.252,13.454,13.294,10.519,10.523
20241115092303.8,9.425999969244,13.169,13.254,13.454,13.306,10.533,10.503
20241115092304.3,9.85900908708572,13.179,13.258,13.488,13.286,10.517,10.513
20241115092304.7,10.2970071136951,13.191,13.254,13.474,13.298,10.511,10.499
20241115092305.2,10.7500020414591,13.171,13.262,13.468,13.29,10.535,10.501
20241115092305.6,11.1870042979717,13.181,13.27,13.46,13.288,10.537,10.515
20241115092306,11.6209991276264,13.187,13.254,13.476,13.28,10.517,10.485
20241115092306.5,12.0620045810938,13.183,13.252,13.47,13.29,10.531,10.497
20241115092306.9,12.4920062720776,13.165,13.244,13.48,13.28,10.523,10.503
20241115092307.4,12.9490043967962,13.183,13.256,13.45,13.264,10.531,10.521
20241115092307.8,13.3870024234056,13.177,13.232,13.46,13.282,10.517,10.509
20241115092308.3,13.8360042124987,13.147,13.234,13.444,13.274,10.533,10.503
20241115092308.7,14.281002804637,13.171,13.246,13.456,13.276,10.539,10.503
20241115092309.2,14.73000459373,13.155,13.234,13.45,13.276,10.521,10.523
20241115092309.6,15.1680026203394,13.157,13.244,13.464,13.27,10.515,10.515
20241115092310,15.605004876852,13.145,13.252,13.456,13.26,10.537,10.495
20241115092310.5,16.0430029034615,13.149,13.229,13.448,13.282,10.521,10.511
20241115092310.9,16.4760019630194,13.163,13.242,13.44,13.272,10.517,10.499
20241115092311.3,16.9139999896288,13.145,13.238,13.444,13.27,10.523,10.521
20241115092311.8,17.3480048775673,13.167,13.248,13.458,13.274,10.535,10.497
20241115092312.2,17.7850071340799,13.163,13.242,13.46,13.258,10.517,10.501
20241115092312.6,18.2230051606894,13.167,13.231,13.444,13.258,10.527,10.505
20241115092313.1,18.6640005558729,13.155,13.226,13.442,13.262,10.523,10.499
20241115092313.5,19.1010028123856,13.153,13.244,13.424,13.266,10.535,10.489
20241115092314,19.5550035685301,13.155,13.217,13.428,13.262,10.521,10.485
20241115092314.4,19.9920058250427,13.139,13.224,13.436,13.286,10.505,10.503
20241115092314.8,20.4260006546974,13.133,13.238,13.452,13.274,10.515,10.495
20241115092315.3,20.8790056407452,13.145,13.228,13.45,13.266,10.519,10.491
20241115092315.7,21.3200010359287,13.145,13.23,13.436,13.264,10.523,10.505
20241115092316.2,21.7579990625381,13.161,13.225,13.446,13.288,10.511,10.515
20241115092316.6,22.1950013190508,13.157,13.244,13.452,13.274,10.513,10.481
20241115092317.1,22.6329993456602,13.159,13.24,13.454,13.268,10.523,10.517
20241115092317.5,23.0700016021729,13.151,13.238,13.454,13.266,10.525,10.479
20241115092317.9,23.5079996287823,13.159,13.244,13.456,13.276,10.519,10.515
20241115092318.4,23.9450018852949,13.153,13.246,13.454,13.274,10.531,10.515
20241115092318.8,24.3829999119043,13.173,13.234,13.444,13.27,10.525,10.487
20241115092319.3,24.8360048979521,13.163,13.248,13.423,13.256,10.507,10.505
20241115092319.7,25.2730071544647,13.147,13.232,13.436,13.264,10.519,10.503
20241115092320.1,25.7230047136545,13.151,13.236,13.458,13.282,10.511,10.493
20241115092320.6,26.1640001088381,13.155,13.228,13.452,13.266,10.513,10.487
20241115092321,26.6010023653507,13.143,13.228,13.44,13.286,10.509,10.523
20241115092321.5,27.0660068839788,13.163,13.222,13.436,13.28,10.521,10.511
20241115092321.9,27.5040049105883,13.161,13.226,13.452,13.266,10.515,10.497
20241115092322.4,27.9569998383522,13.173,13.224,13.444,13.274,10.521,10.493
20241115092322.8,28.3940020948648,13.159,13.244,13.454,13.288,10.519,10.501
20241115092323.3,28.8320001214743,13.179,13.252,13.448,13.266,10.519,10.507
20241115092323.7,29.2690023779869,13.171,13.238,13.436,13.276,10.531,10.497
20241115092324.1,29.7230031341314,13.167,13.242,13.442,13.278,10.523,10.499
20241115092324.6,30.1760081201792,13.145,13.244,13.456,13.25,10.535,10.507
20241115092325,30.613000318408,13.171,13.242,13.46,13.272,10.521,10.485
20241115092325.5,31.0550015419722,13.177,13.238,13.458,13.264,10.511,10.497
20241115092325.9,31.5040033310652,13.187,13.236,13.46,13.26,10.525,10.499
20241115092326.4,31.9410055875778,13.163,13.232,13.452,13.264,10.525,10.501
20241115092326.8,32.3790036141872,13.159,13.252,13.45,13.256,10.527,10.497
20241115092327.2,32.8160058706999,13.173,13.236,13.446,13.24,10.523,10.503
20241115092327.7,33.2500007003546,13.167,13.252,13.466,13.262,10.507,10.513
20241115092328.1,33.6910061538219,13.159,13.246,13.454,13.26,10.517,10.473
20241115092328.6,34.1410037130117,13.175,13.254,13.448,13.24,10.513,10.511
20241115092329,34.5820091664791,13.179,13.25,13.46,13.274,10.529,10.517
20241115092329.5,35.0310008972883,13.177,13.238,13.46,13.246,10.515,10.493
20241115092329.9,35.4840058833361,13.165,13.232,13.464,13.246,10.511,10.503
20241115092330.3,35.9180007129908,13.173,13.244,13.454,13.274,10.505,10.505
20241115092330.8,36.3550029695034,13.203,13.254,13.466,13.274,10.513,10.496
20241115092331.2,36.7930009961128,13.196,13.271,13.461,13.271,10.5,10.5
20241115092331.7,37.2300032526255,13.2,13.277,13.465,13.259,10.51,10.494
20241115092332.1,37.6680012792349,13.205,13.276,13.448,13.262,10.515,10.511
20241115092332.5,38.1010003387928,13.201,13.262,13.446,13.264,10.505,10.487
20241115092333,38.539008423686,13.191,13.27,13.472,13.257,10.504,10.496
20241115092333.4,38.9760006219149,13.198,13.257,13.461,13.257,10.508,10.488
20241115092333.8,39.418001845479,13.158,13.245,13.461,13.271,10.508,10.5
20241115092334.3,39.8550041019917,13.168,13.255,13.443,13.257,10.52,10.496
20241115092334.7,40.2890089899302,13.168,13.243,13.451,13.269,10.498,10.486
20241115092335.1,40.726001188159,13.166,13.267,13.449,13.285,10.514,10.49
20241115092335.6,41.1800019443035,13.168,13.243,13.455,13.257,10.506,10.494
20241115092336.1,41.6290037333965,13.174,13.247,13.435,13.279,10.5,10.492
20241115092336.5,42.0660059899092,13.172,13.237,13.449,13.273,10.496,10.488
20241115092336.9,42.5040040165186,13.164,13.255,13.461,13.267,10.502,10.5
20241115092337.4,42.9569989442825,13.168,13.245,13.457,13.251,10.496,10.504
20241115092337.8,43.391003832221,13.16,13.255,13.449,13.261,10.498,10.508
20241115092338.2,43.8240028917789,13.172,13.245,13.437,13.243,10.506,10.488
20241115092338.7,44.2620009183884,13.142,13.233,13.445,13.243,10.482,10.465
20241115092339.1,44.7150059044361,13.16,13.223,13.445,13.241,10.488,10.488
20241115092339.6,45.1520081609488,13.184,13.223,13.447,13.251,10.488,10.492
20241115092340,45.5860029906034,13.15,13.215,13.443,13.265,10.498,10.484
20241115092340.4,46.0230052471161,13.16,13.247,13.427,13.239,10.516,10.482
20241115092340.9,46.4610032737255,13.164,13.223,13.441,13.249,10.506,10.492
20241115092341.3,46.8980055302382,13.152,13.223,13.455,13.255,10.518,10.496
20241115092341.8,47.3360035568476,13.154,13.237,13.419,13.241,10.492,10.486
20241115092342.2,47.7730058133602,13.152,13.215,13.427,13.255,10.498,10.471
20241115092342.6,48.2260007411242,13.13,13.221,13.423,13.245,10.506,10.492
20241115092343.1,48.6640088260174,13.142,13.221,13.427,13.239,10.506,10.49
20241115092343.5,49.1050042212009,13.146,13.229,13.417,13.237,10.506,10.486
20241115092344,49.5470054447651,13.164,13.215,13.443,13.239,10.5,10.488
20241115092344.4,49.9880008399487,13.156,13.229,13.429,13.231,10.524,10.488
20241115092344.9,50.4370026290417,13.152,13.231,13.435,13.241,10.508,10.48
20241115092345.3,50.8750006556511,13.132,13.203,13.429,13.221,10.51,10.467
20241115092345.7,51.3120029121637,13.15,13.231,13.437,13.229,10.494,10.469
20241115092346.2,51.7660036683083,13.152,13.205,13.417,13.239,10.486,10.469
20241115092346.6,52.2030059248209,13.136,13.233,13.409,13.259,10.494,10.49
20241115092347.1,52.6520077139139,13.138,13.211,13.431,13.241,10.51,10.506
20241115092347.5,53.0940089374781,13.146,13.235,13.417,13.247,10.504,10.461
20241115092347.9,53.527007997036,13.15,13.215,13.443,13.247,10.508,10.478
20241115092348.4,53.9800029247999,13.156,13.237,13.421,13.247,10.506,10.492
20241115092348.9,54.4370010495186,13.154,13.196,13.427,13.255,10.516,10.482
20241115092349.3,54.8790022730827,13.16,13.212,13.441,13.249,10.49,10.498
20241115092349.7,55.3160045295954,13.128,13.223,13.421,13.273,10.51,10.482
20241115092350.2,55.7689994573593,13.148,13.213,13.437,13.265,10.506,10.498
20241115092350.6,56.2030043452978,13.156,13.213,13.435,13.257,10.498,10.506
20241115092351.1,56.6410023719072,13.16,13.219,13.437,13.257,10.516,10.504
20241115092351.5,57.0780046284199,13.172,13.239,13.421,13.239,10.502,10.49
20241115092352,57.5309995561838,13.154,13.229,13.431,13.233,10.51,10.496
20241115092352.4,57.973000779748,13.144,13.221,13.431,13.251,10.502,10.468
20241115092352.8,58.422002568841,13.154,13.201,13.431,13.259,10.502,10.48
20241115092353.3,58.8750075548887,13.154,13.213,13.425,13.251,10.5,10.48
20241115092353.7,59.3080066144466,13.148,13.211,13.421,13.251,10.496,10.482
20241115092354.2,59.7580041736364,13.148,13.223,13.425,13.245,10.49,10.486
20241115092354.6,60.1950064301491,13.138,13.196,13.409,13.231,10.506,10.478
20241115092355.1,60.6370076537132,13.164,13.239,13.423,13.267,10.508,10.492
20241115092355.5,61.0780030488968,13.174,13.227,13.408,13.251,10.502,10.5
20241115092355.9,61.5230016410351,13.154,13.21,13.435,13.257,10.52,10.47
20241115092356.4,61.9650028645992,13.158,13.225,13.431,13.265,10.508,10.504
20241115092356.8,62.3980019241571,13.146,13.221,13.429,13.241,10.49,10.492
20241115092357.3,62.8400031477213,13.166,13.208,13.433,13.229,10.506,10.482
20241115092357.7,63.2770054042339,13.142,13.213,13.435,13.251,10.508,10.502
20241115092358.1,63.7190066277981,13.152,13.227,13.423,13.254,10.509,10.501
20241115092358.6,64.1560088843107,13.147,13.209,13.428,13.264,10.521,10.497
20241115092359,64.6050006151199,13.139,13.236,13.413,13.262,10.519,10.501
20241115092359.5,65.0510050356388,13.141,13.236,13.419,13.228,10.513,10.495
20241115092359.9,65.4840040951967,13.171,13.232,13.434,13.246,10.493,10.483
20241115092400.3,65.9220021218061,13.161,13.217,13.452,13.268,10.503,10.493
20241115092400.8,66.3670007139444,13.151,13.222,13.426,13.274,10.503,10.497
20241115092401.2,66.8080061674118,13.145,13.234,13.426,13.25,10.521,10.501
20241115092401.7,67.2460041940212,13.163,13.224,13.426,13.254,10.521,10.501
20241115092402.1,67.6950059831142,13.171,13.222,13.428,13.248,10.515,10.491
20241115092402.6,68.1330040097237,13.169,13.217,13.432,13.252,10.507,10.481
20241115092403,68.5700062662363,13.147,13.207,13.422,13.226,10.521,10.487
20241115092403.4,69.0230011940002,13.143,13.213,13.422,13.226,10.505,10.485
20241115092403.9,69.4730088114738,13.155,13.219,13.405,13.258,10.521,10.483
20241115092404.3,69.9100010097027,13.157,13.222,13.43,13.256,10.507,10.483
20241115092404.8,70.3590027987957,13.155,13.215,13.405,13.252,10.507,10.501
20241115092405.2,70.8120077848434,13.161,13.223,13.446,13.244,10.521,10.489
20241115092405.7,71.2500058114529,13.161,13.223,13.434,13.252,10.511,10.503
20241115092406.1,71.6870080679655,13.157,13.221,13.446,13.242,10.533,10.495
20241115092406.5,72.1250060945749,13.173,13.223,13.425,13.254,10.511,10.493
20241115092407,72.5580051541328,13.149,13.234,13.427,13.254,10.503,10.507
20241115092407.4,72.9960031807423,13.147,13.217,13.403,13.24,10.537,10.507
20241115092407.9,73.4330054372549,13.161,13.229,13.432,13.256,10.515,10.497
20241115092408.3,73.8830029964447,13.161,13.231,13.421,13.234,10.525,10.511
20241115092408.7,74.3160020560026,13.163,13.205,13.397,13.242,10.527,10.495
20241115092409.2,74.754000082612,13.155,13.209,13.417,13.246,10.507,10.497
20241115092409.6,75.1910023391247,13.157,13.229,13.419,13.236,10.521,10.487
20241115092410.1,75.6440073251724,13.159,13.234,13.442,13.248,10.515,10.483
20241115092410.5,76.0820053517818,13.141,13.213,13.403,13.222,10.521,10.505
20241115092411,76.5310071408749,13.143,13.211,13.415,13.236,10.503,10.499
20241115092411.4,76.9690051674843,13.139,13.222,13.422,13.24,10.503,10.513
20241115092411.8,77.4180069565773,13.139,13.219,13.417,13.23,10.519,10.505
20241115092412.3,77.8549991548061,13.141,13.22,13.407,13.219,10.499,10.493
20241115092412.7,78.2930072396994,13.169,13.209,13.436,13.238,10.515,10.499
20241115092413.2,78.7299994379282,13.145,13.223,13.431,13.225,10.515,10.489
20241115092413.6,79.1760038584471,13.135,13.211,13.427,13.236,10.515,10.499
20241115092414,79.6130061149597,13.137,13.193,13.409,13.232,10.513,10.499
20241115092414.5,80.0660010427237,13.151,13.229,13.425,13.246,10.533,10.509
20241115092414.9,80.5190060287714,13.149,13.187,13.417,13.24,10.515,10.485
20241115092415.4,80.9530008584261,13.143,13.199,13.419,13.22,10.515,10.501
20241115092415.8,81.3910089433193,13.129,13.193,13.403,13.228,10.511,10.507
20241115092416.3,81.848007068038,13.145,13.205,13.428,13.236,10.527,10.501
20241115092416.7,82.297008857131,13.141,13.209,13.42,13.238,10.515,10.479
20241115092417.2,82.7340010553598,13.151,13.199,13.419,13.254,10.505,10.495
20241115092417.6,83.1720091402531,13.141,13.209,13.403,13.262,10.511,10.503
20241115092418,83.625004068017,13.171,13.224,13.403,13.25,10.519,10.479
20241115092418.5,84.07400585711,13.155,13.205,13.407,13.238,10.519,10.499
20241115092418.9,84.5160070806742,13.149,13.209,13.422,13.229,10.514,10.486
20241115092419.4,84.9690020084381,13.146,13.208,13.412,13.233,10.494,10.496
20241115092419.8,85.4180037975311,13.154,13.206,13.388,13.241,10.518,10.49
20241115092420.3,85.8670055866241,13.142,13.215,13.415,13.223,10.496,10.474
20241115092420.7,86.3050036132336,13.15,13.206,13.417,13.243,10.51,10.496
20241115092421.2,86.7420058697462,13.142,13.208,13.427,13.237,10.512,10.492
20241115092421.6,87.1910076588392,13.16,13.21,13.396,13.251,10.512,10.476
20241115092422.1,87.6290056854486,13.16,13.184,13.396,13.237,10.492,10.47
20241115092422.5,88.0660079419613,13.146,13.215,13.41,13.225,10.518,10.476
20241115092422.9,88.5190028697252,13.15,13.2,13.425,13.215,10.484,10.488
20241115092423.4,88.9570008963346,13.164,13.194,13.396,13.223,10.504,10.482
20241115092423.8,89.4060026854277,13.134,13.225,13.39,13.227,10.524,10.496
20241115092424.3,89.8590076714754,13.138,13.221,13.425,13.219,10.494,10.488
20241115092424.7,90.2970056980848,13.162,13.2,13.406,13.233,10.502,10.49
20241115092425.2,90.7540038228035,13.146,13.208,13.417,13.225,10.488,10.471
20241115092425.6,91.2070088088512,13.152,13.188,13.411,13.217,10.504,10.492
20241115092426.1,91.6560005396605,13.138,13.194,13.396,13.225,10.5,10.48
20241115092426.5,92.1090055257082,13.142,13.198,13.396,13.225,10.506,10.461
20241115092427,92.5430003553629,13.118,13.2,13.401,13.215,10.49,10.486
20241115092427.4,92.9800026118755,13.154,13.2,13.403,13.229,10.506,10.49
20241115092427.8,93.418000638485,13.156,13.203,13.413,13.231,10.496,10.486
20241115092428.3,93.8509996980429,13.156,13.192,13.4,13.227,10.506,10.482
20241115092428.7,94.293000921607,13.162,13.198,13.425,13.227,10.502,10.478
20241115092429.1,94.7259999811649,13.156,13.186,13.407,13.233,10.506,10.484
20241115092429.6,95.1640080660582,13.164,13.203,13.407,13.213,10.522,10.484
20241115092430,95.6129997968674,13.158,13.188,13.405,13.241,10.508,10.457
20241115092430.5,96.0510078817606,13.176,13.192,13.392,13.229,10.494,10.465
20241115092430.9,96.5040028095245,13.164,13.188,13.409,13.231,10.498,10.498
20241115092431.4,96.9410050660372,13.176,13.178,13.394,13.231,10.512,10.486
20241115092431.8,97.3939999938011,13.164,13.209,13.398,13.223,10.518,10.5
20241115092432.3,97.8440076112747,13.16,13.196,13.401,13.235,10.498,10.484
20241115092432.7,98.2850030064583,13.18,13.194,13.409,13.215,10.506,10.488
20241115092433.1,98.7190078943968,13.182,13.196,13.407,13.221,10.498,10.482
20241115092433.6,99.1600032895803,13.184,13.196,13.405,13.223,10.504,10.467
20241115092434,99.6090050786734,13.184,13.205,13.427,13.219,10.494,10.498
20241115092434.5,100.047003105283,13.182,13.207,13.411,13.211,10.514,10.461
20241115092434.9,100.500008091331,13.194,13.198,13.398,13.237,10.508,10.478
20241115092435.4,100.937000289559,13.2,13.207,13.396,13.243,10.504,10.49
20241115092435.8,101.371005177498,13.186,13.205,13.403,13.239,10.5,10.471
20241115092436.2,101.808007434011,13.19,13.213,13.417,13.233,10.496,10.49
20241115092436.7,102.27700509131,13.203,13.215,13.415,13.237,10.498,10.486
20241115092437.1,102.719006314874,13.2,13.219,13.388,13.241,10.504,10.465
20241115092437.6,103.156008571386,13.198,13.211,13.409,13.231,10.51,10.48
20241115092438,103.605000302196,13.2,13.207,13.403,13.237,10.5,10.465
20241115092438.5,104.043008387089,13.172,13.205,13.401,13.237,10.488,10.49
20241115092438.9,104.480000585318,13.186,13.2,13.409,13.221,10.488,10.471
20241115092439.3,104.922001808882,13.203,13.2,13.411,13.241,10.494,10.482
20241115092439.8,105.359004065394,13.196,13.203,13.411,13.225,10.5,10.482
20241115092440.2,105.801005288959,13.188,13.198,13.405,13.223,10.508,10.476
20241115092440.7,106.234004348516,13.18,13.178,13.396,13.229,10.504,10.457
20241115092441.1,106.68699927628,13.196,13.201,13.415,13.225,10.482,10.48
20241115092441.6,107.141000032425,13.18,13.213,13.415,13.235,10.502,10.494
20241115092442,107.594005018473,13.182,13.203,13.398,13.215,10.494,10.471
20241115092442.5,108.031007274985,13.188,13.188,13.403,13.225,10.5,10.484
20241115092442.9,108.479999005795,13.186,13.211,13.403,13.227,10.494,10.461
20241115092443.4,108.933003991842,13.2,13.201,13.386,13.227,10.498,10.467
20241115092443.8,109.383001551032,13.184,13.203,13.39,13.219,10.514,10.486
20241115092444.2,109.820003807545,13.198,13.211,13.398,13.223,10.49,10.474
20241115092444.7,110.266008228064,13.182,13.203,13.398,13.217,10.494,10.49
20241115092445.1,110.703000426292,13.18,13.203,13.417,13.225,10.506,10.474
20241115092445.6,111.152002215385,13.19,13.194,13.392,13.237,10.502,10.474
20241115092446,111.605007201433,13.178,13.194,13.386,13.233,10.51,10.482
20241115092446.5,112.047008424997,13.186,13.212,13.41,13.233,10.516,10.472
20241115092446.9,112.480007484555,13.18,13.21,13.392,13.235,10.502,10.478
20241115092447.4,112.933002412319,13.208,13.202,13.402,13.223,10.494,10.486
20241115092447.8,113.382999971509,13.196,13.204,13.396,13.243,10.526,10.49
20241115092448.3,113.836004957557,13.194,13.206,13.4,13.229,10.492,10.492
20241115092448.7,114.288999885321,13.206,13.204,13.404,13.223,10.492,10.478
20241115092449.2,114.738001674414,13.204,13.202,13.394,13.217,10.5,10.49
20241115092449.6,115.191006660461,13.192,13.213,13.396,13.221,10.506,10.488
20241115092450.1,115.629004687071,13.208,13.202,13.417,13.206,10.512,10.478
20241115092450.5,116.081999614835,13.212,13.2,13.406,13.215,10.516,10.476
20241115092450.9,116.519001871347,13.196,13.206,13.382,13.239,10.494,10.478
20241115092451.4,116.973002627492,13.186,13.212,13.412,13.249,10.488,10.463
20241115092451.8,117.422004416585,13.212,13.19,13.396,13.231,10.494,10.488
20241115092452.3,117.859006673098,13.221,13.192,13.392,13.228,10.499,10.503
20241115092452.7,118.312001600862,13.219,13.213,13.385,13.242,10.523,10.495
20241115092453.2,118.761999160051,13.226,13.219,13.419,13.248,10.503,10.482
20241115092453.6,119.203004613519,13.204,13.21,13.392,13.233,10.508,10.49
20241115092454.1,119.652006402612,13.223,13.198,13.408,13.215,10.506,10.484
20241115092454.5,120.090004429221,13.21,13.213,13.413,13.227,10.504,10.486
20241115092455,120.542999356985,13.225,13.223,13.398,13.235,10.502,10.476
20241115092455.4,120.992001146078,13.219,13.208,13.412,13.221,10.494,10.486
20241115092455.9,121.445006132126,13.221,13.206,13.392,13.202,10.502,10.49
20241115092456.3,121.883004158735,13.221,13.219,13.39,13.225,10.492,10.48
20241115092456.7,122.323999553919,13.219,13.21,13.392,13.225,10.498,10.48
20241115092457.2,122.762007638812,13.225,13.213,13.388,13.217,10.498,10.482
20241115092457.6,123.215002566576,13.225,13.215,13.4,13.237,10.504,10.474
20241115092458.1,123.664004355669,13.233,13.2,13.406,13.202,10.504,10.476
20241115092458.5,124.104999750853,13.219,13.225,13.402,13.21,10.502,10.484
20241115092459,124.543007835746,13.237,13.217,13.406,13.227,10.49,10.476
20241115092459.4,124.980000033975,13.229,13.21,13.388,13.241,10.494,10.476
20241115092459.8,125.414004921913,13.235,13.239,13.413,13.231,10.486,10.474
20241115092500.3,125.851007178426,13.249,13.206,13.408,13.231,10.51,10.486
20241115092500.7,126.29300840199,13.255,13.237,13.415,13.219,10.5,10.474
20241115092501.2,126.730000600219,13.237,13.229,13.412,13.225,10.5,10.486
20241115092501.6,127.180008217692,13.261,13.215,13.402,13.229,10.518,10.498
20241115092502.1,127.633003145456,13.249,13.233,13.406,13.231,10.518,10.47
20241115092502.5,128.070005401969,13.243,13.227,13.412,13.233,10.498,10.476
20241115092502.9,128.512006625533,13.255,13.219,13.419,13.241,10.498,10.488
20241115092503.4,128.961008414626,13.249,13.227,13.419,13.251,10.502,10.472
20241115092503.9,129.430006071925,13.255,13.219,13.396,13.245,10.49,10.478
20241115092504.3,129.867008328438,13.255,13.233,13.417,13.251,10.51,10.498
20241115092504.7,130.320003256202,13.259,13.243,13.41,13.245,10.486,10.486
20241115092505.2,130.758001282811,13.263,13.231,13.402,13.255,10.504,10.488
20241115092505.6,131.195003539324,13.279,13.243,13.427,13.255,10.508,10.48
20241115092506.1,131.648008525372,13.273,13.225,13.417,13.262,10.525,10.473
20241115092506.5,132.086006551981,13.278,13.232,13.424,13.256,10.497,10.499
20241115092507,132.55500420928,13.272,13.224,13.424,13.268,10.509,10.511
20241115092507.4,133.004005998373,13.296,13.246,13.422,13.278,10.517,10.487
20241115092507.9,133.445001393557,13.282,13.25,13.415,13.258,10.503,10.499
20241115092508.3,133.898006379604,13.286,13.24,13.42,13.274,10.511,10.481
20241115092508.8,134.336004406214,13.282,13.238,13.424,13.276,10.509,10.495
20241115092509.2,134.785006195307,13.282,13.232,13.426,13.264,10.487,10.499
20241115092509.6,135.22600159049,13.298,13.252,13.434,13.282,10.497,10.477
20241115092510.1,135.676009207964,13.306,13.256,13.436,13.266,10.503,10.495
20241115092510.5,136.117004603148,13.294,13.246,13.426,13.266,10.501,10.503
20241115092511,136.566006392241,13.304,13.246,13.438,13.264,10.527,10.495
20241115092511.4,137.019001320004,13.304,13.246,13.419,13.27,10.507,10.491
20241115092511.9,137.473002076149,13.31,13.246,13.434,13.278,10.495,10.483
20241115092512.3,137.922003865242,13.335,13.244,13.43,13.282,10.519,10.487
20241115092512.8,138.371005654335,13.341,13.252,13.422,13.268,10.527,10.511
20241115092513.2,138.812001049519,13.321,13.256,13.436,13.27,10.515,10.491
20241115092513.7,139.266001805663,13.312,13.246,13.45,13.272,10.501,10.489
20241115092514.1,139.715003594756,13.335,13.27,13.43,13.26,10.507,10.507
20241115092514.6,140.168008580804,13.343,13.24,13.446,13.26,10.519,10.479
20241115092515,140.605000779033,13.331,13.25,13.428,13.28,10.523,10.493
20241115092515.5,141.055008396506,13.339,13.258,13.426,13.29,10.513,10.513
20241115092515.9,141.492000594735,13.323,13.238,13.434,13.284,10.503,10.515
20241115092516.4,141.930008679628,13.341,13.258,13.417,13.254,10.509,10.497
20241115092516.8,142.367000877857,13.339,13.264,13.44,13.246,10.509,10.493
20241115092517.2,142.81600266695,13.343,13.266,13.44,13.268,10.511,10.481
20241115092517.7,143.26600022614,13.351,13.262,13.434,13.288,10.507,10.505
20241115092518.1,143.715002015233,13.369,13.264,13.444,13.282,10.519,10.505
20241115092518.6,144.1560074687,13.371,13.254,13.426,13.282,10.493,10.485
20241115092519,144.605009257793,13.373,13.272,13.438,13.258,10.531,10.493
20241115092519.5,145.043007284403,13.367,13.28,13.428,13.28,10.521,10.489
20241115092519.9,145.488005876541,13.365,13.274,13.434,13.298,10.511,10.515
20241115092520.4,145.941000804305,13.367,13.282,13.44,13.272,10.493,10.503
20241115092520.8,146.406005322933,13.377,13.276,13.444,13.278,10.515,10.515
20241115092521.3,146.859000250697,13.401,13.27,13.428,13.254,10.529,10.505
20241115092521.7,147.30800203979,13.379,13.278,13.438,13.29,10.519,10.493
20241115092522.2,147.762002795935,13.393,13.29,13.426,13.272,10.521,10.489
20241115092522.6,148.211004585028,13.381,13.278,13.434,13.28,10.509,10.489
20241115092523.1,148.663999512792,13.379,13.272,13.43,13.272,10.517,10.503
20241115092523.5,149.101001769304,13.385,13.282,13.438,13.272,10.527,10.491
20241115092524,149.547006189823,13.393,13.274,13.426,13.298,10.499,10.497
20241115092524.4,150.012000650167,13.405,13.266,13.415,13.266,10.501,10.507
20241115092524.9,150.475999340415,13.411,13.26,13.42,13.268,10.495,10.493
20241115092525.3,150.922003760934,13.417,13.262,13.452,13.292,10.517,10.507
20241115092525.8,151.371005550027,13.415,13.284,13.442,13.29,10.505,10.515
20241115092526.2,151.824000477791,13.417,13.296,13.438,13.274,10.523,10.513
20241115092526.7,152.277005463839,13.423,13.3,13.431,13.294,10.523,10.513
20241115092527.1,152.715003490448,13.423,13.296,13.458,13.296,10.515,10.531
20241115092527.6,153.156008943915,13.423,13.286,13.438,13.292,10.513,10.505
20241115092528,153.605000674725,13.427,13.284,13.446,13.282,10.513,10.501
20241115092528.5,154.058005660772,13.456,13.284,13.456,13.312,10.507,10.501
20241115092528.9,154.512006416917,13.48,13.304,13.458,13.32,10.511,10.487
20241115092529.4,154.96100820601,13.49,13.316,13.456,13.331,10.511,10.495
20241115092529.8,155.414003133774,13.506,13.337,13.454,13.331,10.515,10.511
20241115092530.3,155.855008587241,13.528,13.341,13.47,13.343,10.515,10.503
20241115092530.7,156.293006613851,13.545,13.326,13.466,13.353,10.511,10.489
20241115092531.2,156.734002009034,13.571,13.341,13.468,13.333,10.525,10.515
20241115092531.6,157.172000035644,13.591,13.353,13.482,13.337,10.493,10.501
20241115092532,157.625005021691,13.629,13.341,13.474,13.355,10.525,10.509
20241115092532.5,158.074006810784,13.64,13.375,13.496,13.371,10.519,10.507
20241115092532.9,158.527001738548,13.646,13.373,13.494,13.365,10.509,10.495
20241115092533.4,158.969002962112,13.666,13.377,13.488,13.375,10.519,10.495
20241115092533.8,159.418004751205,13.714,13.401,13.498,13.369,10.529,10.501
20241115092534.3,159.870999678969,13.688,13.389,13.51,13.373,10.493,10.513
20241115092534.7,160.312005132437,13.7,13.411,13.516,13.361,10.521,10.507
20241115092535.2,160.754006356001,13.726,13.389,13.504,13.353,10.513,10.525
20241115092535.6,161.203008145094,13.749,13.399,13.512,13.351,10.505,10.509
20241115092536.1,161.672005802393,13.759,13.413,13.506,13.381,10.505,10.507
20241115092536.5,162.109008058906,13.765,13.397,13.52,13.357,10.497,10.515
20241115092537,162.56200298667,13.747,13.411,13.518,13.367,10.507,10.511
20241115092537.4,163.012000545859,13.771,13.413,13.533,13.361,10.507,10.515
20241115092537.9,163.465005531907,13.789,13.409,13.526,13.353,10.509,10.517
20241115092538.3,163.918000459671,13.787,13.405,13.52,13.357,10.507,10.531
20241115092538.8,164.367002248764,13.777,13.419,13.516,13.371,10.513,10.521
20241115092539.2,164.820007234812,13.815,13.427,13.535,13.365,10.517,10.521
20241115092539.7,165.273002162576,13.795,13.417,13.53,13.363,10.511,10.497
20241115092540.1,165.722999721766,13.781,13.423,13.516,13.357,10.507,10.517
20241115092540.6,166.164005175233,13.817,13.438,13.518,13.377,10.509,10.515
20241115092541,166.601007431746,13.809,13.427,13.533,13.371,10.529,10.513
20241115092541.5,167.05500818789,13.809,13.415,13.516,13.351,10.527,10.509
20241115092541.9,167.512006312609,13.797,13.413,13.522,13.365,10.513,10.509
20241115092542.4,167.953001707792,13.805,13.438,13.522,13.361,10.497,10.509
20241115092542.8,168.40600669384,13.817,13.434,13.53,13.361,10.527,10.507
20241115092543.3,168.848007917404,13.827,13.425,13.531,13.369,10.511,10.525
20241115092543.7,169.301002845168,13.84,13.417,13.526,13.363,10.507,10.521
20241115092544.2,169.750004634261,13.834,13.427,13.512,13.349,10.513,10.519
20241115092544.6,170.202999562025,13.831,13.419,13.535,13.355,10.511,10.507
20241115092545.1,170.641007646918,13.838,13.415,13.53,13.375,10.509,10.519
20241115092545.5,171.094002574682,13.836,13.423,13.528,13.355,10.521,10.503
20241115092546,171.54700756073,13.858,13.436,13.522,13.377,10.513,10.529
20241115092546.4,171.983999758959,13.846,13.431,13.539,13.369,10.519,10.535
20241115092546.8,172.422007843852,13.87,13.429,13.531,13.373,10.525,10.505
20241115092547.3,172.875002771616,13.858,13.432,13.541,13.359,10.529,10.511
20241115092547.7,173.324004560709,13.864,13.444,13.52,13.363,10.507,10.515
20241115092548.2,173.776999488473,13.874,13.444,13.531,13.379,10.521,10.511
20241115092548.7,174.230004474521,13.862,13.45,13.53,13.363,10.509,10.531
20241115092549.1,174.68000203371,13.884,13.444,13.531,13.367,10.521,10.513
20241115092549.6,175.133007019758,13.894,13.454,13.539,13.365,10.529,10.509
20241115092550,175.586001947522,13.892,13.476,13.549,13.387,10.503,10.525
20241115092550.5,176.03900693357,13.92,13.456,13.549,13.375,10.519,10.525
20241115092550.9,176.484005525708,13.898,13.436,13.53,13.363,10.515,10.519
20241115092551.3,176.926006749272,13.88,13.44,13.539,13.335,10.497,10.535
20241115092551.8,177.367002144456,13.914,13.444,13.535,13.369,10.507,10.509
20241115092552.2,177.820007130504,13.914,13.446,13.526,13.379,10.515,10.503
20241115092552.7,178.258005157113,13.912,13.456,13.541,13.365,10.519,10.517
20241115092553.1,178.711000084877,13.918,13.458,13.518,13.363,10.519,10.523
20241115092553.6,179.16000187397,13.932,13.45,13.522,13.359,10.509,10.515
20241115092554,179.613006860018,13.933,13.458,13.541,13.361,10.513,10.505
20241115092554.5,180.066001787782,13.932,13.456,13.535,13.355,10.517,10.513
20241115092554.9,180.519006773829,13.935,13.442,13.545,13.367,10.501,10.535
20241115092555.4,180.973007529974,13.957,13.454,13.539,13.351,10.515,10.513
20241115092555.8,181.426002457738,13.943,13.452,13.559,13.369,10.513,10.531
20241115092556.3,181.867007911205,13.963,13.458,13.551,13.375,10.509,10.515
20241115092556.7,182.320002838969,13.959,13.468,13.547,13.385,10.505,10.501
20241115092557.2,182.773007825017,13.945,13.486,13.537,13.375,10.513,10.507
20241115092557.6,183.223005384207,13.959,13.462,13.557,13.399,10.505,10.542
20241115092558.1,183.676000311971,13.961,13.46,13.577,13.383,10.505,10.531
20241115092558.6,184.133008494973,13.971,13.478,13.53,13.381,10.505,10.517
20241115092559,184.578007087111,13.979,13.48,13.561,13.373,10.507,10.507
20241115092559.5,185.031002014875,13.985,13.482,13.547,13.391,10.517,10.554
20241115092559.9,185.484007000923,13.991,13.47,13.557,13.375,10.509,10.511
20241115092600.4,185.933008790016,13.971,13.464,13.551,13.385,10.511,10.511
20241115092600.8,186.386999487877,13.999,13.498,13.551,13.375,10.505,10.521
20241115092601.3,186.840004473925,13.991,13.482,13.545,13.359,10.511,10.525
20241115092601.7,187.280999869108,13.991,13.468,13.545,13.395,10.517,10.517
20241115092602.2,187.734004855156,13.997,13.476,13.563,13.389,10.521,10.527
20241115092602.6,188.17600607872,14.015,13.478,13.557,13.371,10.497,10.507
20241115092603,188.625007867813,14.019,13.478,13.557,13.375,10.493,10.511
20241115092603.5,189.073999598622,14.017,13.5,13.547,13.373,10.513,10.539
20241115092603.9,189.52700458467,14.015,13.486,13.551,13.377,10.491,10.517
20241115092604.4,189.976006373763,14.021,13.482,13.551,13.363,10.513,10.529
20241115092604.9,190.430007129908,14.034,13.474,13.561,13.379,10.507,10.519
20241115092605.3,190.879008919001,14.019,13.476,13.543,13.361,10.497,10.527
20241115092605.8,191.336007043719,14.027,13.482,13.541,13.361,10.493,10.517
20241115092606.2,191.773009300232,14.034,13.488,13.551,13.383,10.515,10.529
20241115092606.6,192.215000465512,14.021,13.502,13.559,13.361,10.521,10.519
20241115092607.1,192.66800545156,14.05,13.482,13.551,13.351,10.527,10.529
20241115092607.5,193.105007708073,14.046,13.502,13.549,13.361,10.511,10.529
20241115092608,193.558002635837,14.003,13.478,13.551,13.367,10.519,10.544
20241115092608.4,194.012003391981,14.035,13.488,13.557,13.373,10.521,10.525
20241115092608.9,194.453008845448,14.058,13.486,13.545,13.399,10.523,10.519
20241115092609.3,194.902000576258,14.064,13.486,13.551,13.379,10.499,10.531
20241115092609.8,195.348004996777,14.052,13.472,13.541,13.379,10.509,10.515
20241115092610.2,195.800999924541,14.05,13.482,13.543,13.377,10.521,10.529
20241115092610.7,196.254004910588,14.033,13.48,13.547,13.385,10.511,10.527
20241115092611.1,196.706999838352,14.056,13.488,13.561,13.395,10.507,10.491
20241115092611.6,197.1600048244,14.058,13.488,13.545,13.399,10.523,10.523
20241115092612,197.601000219584,14.064,13.478,13.522,13.399,10.523,10.501
20241115092612.5,198.043001443148,14.038,13.468,13.565,13.373,10.511,10.505
20241115092612.9,198.488000035286,14.052,13.496,13.543,13.389,10.533,10.519
20241115092613.4,198.941005021334,14.056,13.466,13.547,13.371,10.505,10.529
20241115092613.8,199.391002580523,14.074,13.494,13.551,13.383,10.499,10.529
20241115092614.3,199.844007566571,14.066,13.498,13.563,13.381,10.511,10.513
20241115092614.7,200.297002494335,14.068,13.486,13.528,13.371,10.523,10.529
20241115092615.2,200.750007480383,14.072,13.488,13.545,13.365,10.509,10.527
20241115092615.6,201.199009269476,14.09,13.476,13.547,13.365,10.511,10.531
20241115092616.1,201.641000434756,14.082,13.476,13.567,13.379,10.525,10.509
20241115092616.5,202.078002691269,14.07,13.484,13.549,13.373,10.505,10.535
20241115092617,202.531007677317,14.108,13.496,13.545,13.375,10.513,10.531
20241115092617.4,202.969005703926,14.104,13.504,13.553,13.397,10.493,10.531
20241115092617.8,203.426003828645,14.106,13.486,13.553,13.387,10.521,10.546
20241115092618.3,203.875005617738,14.108,13.504,13.545,13.389,10.503,10.515
20241115092618.7,204.324007406831,14.106,13.488,13.561,13.399,10.521,10.513
20241115092619.2,204.777002334595,14.096,13.516,13.561,13.383,10.521,10.531
20241115092619.7,205.230007320642,14.118,13.504,13.559,13.371,10.515,10.519
20241115092620.1,205.683002248406,14.12,13.51,13.537,13.403,10.509,10.523
20241115092620.6,206.137003004551,14.126,13.51,13.543,13.381,10.515,10.519
20241115092621,206.590007990599,14.114,13.528,13.557,13.389,10.517,10.525
20241115092621.5,207.038999721408,14.126,13.52,13.555,13.397,10.521,10.531
20241115092621.9,207.508007436991,14.122,13.533,13.571,13.389,10.523,10.537
20241115092622.4,207.94499963522,14.173,13.506,13.563,13.391,10.509,10.525
20241115092622.8,208.383007720113,14.13,13.498,13.575,13.391,10.501,10.537
20241115092623.3,208.836002647877,14.153,13.533,13.571,13.397,10.525,10.513
20241115092623.7,209.289007633924,14.175,13.488,13.571,13.411,10.517,10.537
20241115092624.2,209.737999364734,14.145,13.508,13.567,13.403,10.503,10.535
20241115092624.6,210.187001153827,14.161,13.512,13.541,13.399,10.521,10.523
20241115092625.1,210.65600886941,14.149,13.494,13.571,13.385,10.505,10.527
20241115092625.5,211.109003797174,14.159,13.52,13.565,13.391,10.515,10.537
20241115092626,211.562008783221,14.147,13.51,13.559,13.389,10.525,10.531
20241115092626.4,212.015999481082,14.139,13.502,13.561,13.381,10.507,10.525
20241115092626.9,212.453001737595,14.132,13.514,13.549,13.367,10.533,10.515
20241115092627.3,212.902003526688,14.149,13.51,13.551,13.391,10.517,10.529
20241115092627.8,213.348007947206,14.141,13.526,13.547,13.393,10.509,10.525
20241115092628.2,213.796999678016,14.149,13.504,13.561,13.373,10.523,10.513
20241115092628.7,214.250004664063,14.159,13.492,13.571,13.377,10.505,10.523
20241115092629.1,214.699006453156,14.157,13.514,13.565,13.385,10.519,10.521
20241115092629.6,215.137004479766,14.137,13.52,13.553,13.379,10.531,10.542
20241115092630,215.577999874949,14.155,13.512,13.573,13.391,10.538,10.529
20241115092630.4,216.016007959843,14.167,13.522,13.581,13.391,10.533,10.529
20241115092630.9,216.469002887607,14.173,13.516,13.585,13.381,10.517,10.525
20241115092631.3,216.910008341074,14.177,13.52,13.575,13.381,10.521,10.544
20241115092631.8,217.363003268838,14.163,13.53,13.585,13.383,10.529,10.529
20241115092632.2,217.816008254886,14.167,13.52,13.571,13.397,10.515,10.536
20241115092632.7,218.266005814075,14.183,13.54,13.575,13.397,10.515,10.536
20241115092633.1,218.703008070588,14.185,13.528,13.567,13.379,10.513,10.542
20241115092633.6,219.172005727887,14.167,13.51,13.575,13.365,10.517,10.544
20241115092634,219.62100751698,14.167,13.53,13.559,13.387,10.519,10.536
20241115092634.5,220.074002444744,14.187,13.528,13.563,13.397,10.519,10.531
20241115092634.9,220.523004233837,14.169,13.518,13.557,13.391,10.533,10.546
20241115092635.4,220.980002358556,14.189,13.534,13.575,13.371,10.511,10.538
20241115092635.9,221.429999917746,14.161,13.514,13.567,13.375,10.529,10.542
20241115092636.3,221.879001706839,14.181,13.518,13.571,13.373,10.513,10.56
20241115092636.8,222.332006692886,14.173,13.53,13.581,13.379,10.525,10.536
20241115092637.2,222.78500162065,14.153,13.506,13.563,13.377,10.509,10.521
20241115092637.7,223.238006606698,14.157,13.528,13.541,13.393,10.525,10.509
20241115092638.1,223.687008395791,14.165,13.5,13.545,13.361,10.513,10.521
20241115092638.6,224.15600605309,14.171,13.504,13.543,13.365,10.513,10.523
20241115092639,224.598007276654,14.163,13.508,13.553,13.395,10.511,10.531
20241115092639.5,225.051002204418,14.165,13.516,13.555,13.391,10.501,10.544
20241115092639.9,225.51900409162,14.171,13.524,13.555,13.389,10.523,10.515
20241115092640.4,225.973004847765,14.187,13.516,13.561,13.389,10.513,10.529
20241115092640.8,226.422006636858,14.181,13.522,13.565,13.379,10.505,10.529
20241115092641.3,226.875001564622,14.173,13.516,13.535,13.383,10.523,10.537
20241115092641.8,227.32800655067,14.189,13.528,13.563,13.375,10.511,10.529
20241115092642.2,227.777008339763,14.193,13.518,13.553,13.371,10.505,10.515
20241115092642.7,228.230003267527,14.179,13.496,13.555,13.381,10.503,10.546
20241115092643.1,228.687001392245,14.197,13.514,13.563,13.383,10.511,10.519
20241115092643.6,229.152005910873,14.189,13.48,13.569,13.381,10.525,10.531
20241115092644,229.609004035592,14.179,13.526,13.559,13.357,10.503,10.539
20241115092644.5,230.061998963356,14.187,13.537,13.567,13.379,10.507,10.513
20241115092644.9,230.515999719501,14.213,13.522,13.575,13.367,10.519,10.529
20241115092645.4,230.965001508594,14.203,13.514,13.549,13.397,10.507,10.519
20241115092645.8,231.402003765106,14.191,13.535,13.555,13.397,10.505,10.533
20241115092646.3,231.859001889825,14.211,13.535,13.557,13.371,10.525,10.529
20241115092646.7,232.312006875873,14.203,13.535,13.551,13.383,10.513,10.507
20241115092647.2,232.769005000591,14.211,13.514,13.579,13.389,10.525,10.529
20241115092647.6,233.223005756736,14.223,13.512,13.569,13.383,10.513,10.517
20241115092648.1,233.672007545829,14.229,13.518,13.561,13.385,10.501,10.525
20241115092648.5,234.125002473593,14.221,13.526,13.569,13.385,10.531,10.525
20241115092649,234.574004262686,14.219,13.533,13.567,13.403,10.519,10.515
20241115092649.5,235.031002387404,14.209,13.531,13.587,13.383,10.493,10.531
20241115092649.9,235.488000512123,14.229,13.549,13.583,13.385,10.527,10.533
20241115092650.4,235.941005498171,14.235,13.538,13.577,13.399,10.503,10.523
20241115092650.8,236.394000425935,14.227,13.543,13.567,13.379,10.517,10.525
20241115092651.3,236.832008510828,14.248,13.536,13.587,13.387,10.505,10.527
20241115092651.7,237.289006635547,14.237,13.545,13.581,13.383,10.521,10.531
20241115092652.2,237.742001563311,14.254,13.54,13.593,13.371,10.523,10.536
20241115092652.6,238.195006549358,14.235,13.551,13.579,13.397,10.527,10.505
20241115092653.1,238.652004674077,14.233,13.53,13.573,13.381,10.525,10.531
20241115092653.5,239.104999601841,14.26,13.538,13.581,13.375,10.529,10.54
20241115092654,239.558004587889,14.25,13.551,13.591,13.373,10.527,10.529
20241115092654.4,240.008002147079,14.254,13.549,13.571,13.385,10.509,10.521
20241115092654.9,240.461007133126,14.262,13.545,13.593,13.401,10.517,10.525
20241115092655.3,240.91400206089,14.252,13.561,13.577,13.391,10.493,10.521
20241115092655.8,241.367007046938,14.262,13.545,13.567,13.377,10.511,10.521
20241115092656.2,241.820001974702,14.266,13.537,13.575,13.359,10.513,10.525
20241115092656.7,242.300999164581,14.256,13.526,13.563,13.375,10.517,10.527
20241115092657.2,242.754004150629,14.25,13.547,13.559,13.389,10.485,10.535
20241115092657.6,243.203005939722,14.244,13.533,13.561,13.373,10.511,10.537
20241115092658.1,243.656000867486,14.26,13.53,13.573,13.367,10.513,10.527
20241115092658.5,244.109005853534,14.248,13.547,13.561,13.347,10.521,10.515
20241115092659,244.562000781298,14.25,13.547,13.571,13.373,10.501,10.527
20241115092659.4,245.012008398771,14.274,13.539,13.577,13.383,10.511,10.523
20241115092659.9,245.465003326535,14.27,13.531,13.555,13.371,10.499,10.521
20241115092700.3,245.914005115628,14.268,13.537,13.573,13.365,10.507,10.517
20241115092700.8,246.367000043392,14.264,13.524,13.557,13.375,10.515,10.537
20241115092701.2,246.816001832485,14.264,13.541,13.573,13.369,10.503,10.537
20241115092701.7,247.265999391675,14.272,13.531,13.573,13.369,10.499,10.525
20241115092702.1,247.719004377723,14.268,13.535,13.559,13.361,10.515,10.515
20241115092702.6,248.171999305487,14.27,13.543,13.557,13.377,10.542,10.515
20241115092703,248.625004291534,14.256,13.53,13.575,13.375,10.531,10.537
20241115092703.5,249.074006080627,14.25,13.535,13.563,13.361,10.515,10.517
20241115092704,249.531004205346,14.25,13.535,13.553,13.369,10.511,10.529
20241115092704.4,249.980005994439,14.244,13.524,13.549,13.349,10.491,10.527
20241115092704.9,250.433000922203,14.242,13.52,13.559,13.349,10.501,10.511
20241115092705.3,250.887001678348,14.219,13.518,13.545,13.345,10.509,10.527
20241115092705.7,251.32400393486,14.209,13.524,13.545,13.355,10.501,10.509
20241115092706.2,251.766005158424,14.197,13.5,13.535,13.361,10.497,10.529
20241115092706.7,252.230003848672,14.201,13.512,13.516,13.349,10.505,10.525
20241115092707.1,252.687001973391,14.177,13.482,13.547,13.339,10.513,10.519
20241115092707.5,253.125,14.165,13.488,13.541,13.339,10.493,10.523
20241115092708,253.582008183002,14.179,13.5,13.536,13.357,10.519,10.515
20241115092708.5,254.030999913812,14.173,13.486,13.553,13.355,10.499,10.525
20241115092708.9,254.492001235485,14.169,13.506,13.532,13.365,10.509,10.54
20241115092709.4,254.961008951068,14.153,13.494,13.547,13.357,10.501,10.511
20241115092709.8,255.414003878832,14.145,13.476,13.538,13.349,10.521,10.531
20241115092710.3,255.86700886488,14.138,13.51,13.547,13.357,10.511,10.517
20241115092710.7,256.320003792644,14.145,13.502,13.532,13.349,10.521,10.525
20241115092711.2,256.773008778691,14.134,13.518,13.551,13.347,10.538,10.529
20241115092711.6,257.219003140926,14.14,13.478,13.532,13.344,10.533,10.511
20241115092712.1,257.676001265645,14.14,13.498,13.52,13.353,10.515,10.529
20241115092712.5,258.125003054738,14.13,13.484,13.54,13.345,10.507,10.529
20241115092713,258.582001179457,14.128,13.498,13.528,13.339,10.505,10.513
20241115092713.5,259.038999304175,14.112,13.494,13.51,13.328,10.495,10.517
20241115092713.9,259.488001093268,14.112,13.474,13.516,13.324,10.505,10.517
20241115092714.4,259.944999217987,14.126,13.468,13.514,13.335,10.509,10.513
20241115092714.8,260.398004204035,14.09,13.486,13.535,13.349,10.487,10.521
20241115092715.3,260.840005427599,14.1,13.47,13.531,13.339,10.491,10.527
20241115092715.7,261.293000355363,14.106,13.49,13.526,13.345,10.513,10.519
20241115092716.2,261.742002144456,14.084,13.464,13.518,13.353,10.511,10.521
20241115092716.6,262.199000269175,14.104,13.476,13.531,13.337,10.505,10.491
20241115092717.1,262.652005255222,14.078,13.464,13.51,13.351,10.497,10.499
20241115092717.5,263.105000182986,14.092,13.47,13.533,13.345,10.503,10.515
20241115092718,263.558005169034,14.092,13.478,13.516,13.353,10.505,10.519
20241115092718.4,264.012005925179,14.108,13.472,13.522,13.337,10.527,10.507
20241115092718.9,264.469004049897,14.078,13.488,13.522,13.347,10.505,10.527
20241115092719.3,264.909999445081,14.104,13.486,13.51,13.343,10.493,10.515
20241115092719.8,265.363004431129,14.09,13.476,13.524,13.351,10.513,10.513
20241115092720.2,265.805005654693,14.084,13.476,13.512,13.32,10.499,10.509
20241115092720.7,266.26900434494,14.074,13.48,13.524,13.339,10.503,10.505
20241115092721.1,266.726002469659,14.096,13.49,13.51,13.341,10.517,10.511
20241115092721.6,267.168003693223,14.07,13.474,13.526,13.341,10.511,10.505
20241115092722,267.621008679271,14.072,13.476,13.52,13.347,10.499,10.503
20241115092722.5,268.07000041008,14.076,13.47,13.512,13.353,10.497,10.523
20241115092722.9,268.527008593082,14.072,13.488,13.51,13.359,10.491,10.525
20241115092723.4,268.976000323892,14.09,13.468,13.537,13.355,10.507,10.517
20241115092723.8,269.426007941365,14.094,13.468,13.535,13.337,10.509,10.509
20241115092724.3,269.883006066084,14.08,13.482,13.526,13.349,10.521,10.517
20241115092724.8,270.336000993848,14.076,13.466,13.508,13.351,10.517,10.519
20241115092725.2,270.789005979896,14.082,13.476,13.528,13.341,10.503,10.517
20241115092725.7,271.24200090766,14.062,13.484,13.52,13.335,10.511,10.523
20241115092726.1,271.695005893707,14.044,13.464,13.516,13.343,10.507,10.513
20241115092726.6,272.1440076828,14.033,13.454,13.528,13.333,10.509,10.507
20241115092727,272.59400524199,14.05,13.474,13.526,13.347,10.505,10.531
20241115092727.5,273.051003366709,14.021,13.478,13.52,13.359,10.509,10.521
20241115092727.9,273.504008352757,14.035,13.466,13.532,13.33,10.523,10.519
20241115092728.4,273.953000083566,14.021,13.474,13.518,13.345,10.501,10.531
20241115092728.8,274.406005069613,14.015,13.47,13.526,13.347,10.509,10.519
20241115092729.3,274.858999997377,14.007,13.468,13.532,13.336,10.505,10.536
20241115092729.7,275.312004983425,13.991,13.464,13.516,13.338,10.54,10.519
20241115092730.2,275.76600573957,14.003,13.454,13.504,13.331,10.495,10.505
20241115092730.6,276.215007528663,14.009,13.44,13.508,13.339,10.515,10.519
20241115092731.1,276.656002923846,13.979,13.468,13.508,13.337,10.501,10.505
20241115092731.5,277.109007909894,13.989,13.444,13.524,13.345,10.507,10.521
20241115092732,277.562002837658,13.975,13.438,13.504,13.337,10.501,10.525
20241115092732.4,278.012000396848,13.979,13.44,13.51,13.345,10.517,10.519
20241115092732.9,278.465005382895,13.975,13.456,13.51,13.361,10.509,10.499
20241115092733.3,278.914007171988,13.967,13.44,13.496,13.347,10.515,10.521
20241115092733.8,279.363008961082,13.987,13.438,13.498,13.335,10.509,10.517
20241115092734.2,279.816003888845,13.967,13.448,13.51,13.333,10.519,10.519
20241115092734.7,280.269008874893,13.963,13.427,13.504,13.335,10.497,10.519
20241115092735.1,280.722999572754,13.943,13.442,13.506,13.333,10.529,10.489
20241115092735.6,281.180007755756,13.951,13.442,13.5,13.33,10.503,10.525
20241115092736.1,281.628999486566,13.924,13.427,13.502,13.357,10.507,10.511
20241115092736.5,282.082004472613,13.957,13.434,13.508,13.326,10.509,10.529
20241115092737,282.534999400377,13.961,13.429,13.482,13.341,10.517,10.519
20241115092737.4,282.98400118947,13.941,13.419,13.506,13.343,10.523,10.531
20241115092737.9,283.437006175518,13.941,13.434,13.5,13.349,10.513,10.523
20241115092738.3,283.891006931663,13.939,13.431,13.504,13.359,10.511,10.535
20241115092738.8,284.344001859426,13.928,13.436,13.506,13.359,10.497,10.525
20241115092739.2,284.79300364852,13.937,13.438,13.51,13.373,10.527,10.519
20241115092739.7,285.246008634567,13.928,13.448,13.492,13.343,10.531,10.519
20241115092740.1,285.699003562331,13.933,13.434,13.492,13.322,10.515,10.523
20241115092740.6,286.152008548379,13.928,13.448,13.508,13.324,10.513,10.517
20241115092741,286.605003476143,13.918,13.436,13.5,13.347,10.521,10.509
20241115092741.5,287.062001600862,13.935,13.434,13.498,13.349,10.507,10.517
20241115092741.9,287.511999160051,13.928,13.438,13.522,13.345,10.507,10.533
20241115092742.4,287.965004146099,13.92,13.45,13.5,13.363,10.509,10.533
20241115092742.8,288.418009132147,13.928,13.431,13.506,13.361,10.523,10.544
20241115092743.3,288.871004059911,13.926,13.434,13.514,13.385,10.503,10.525
20241115092743.7,289.323998987675,13.945,13.431,13.516,13.385,10.507,10.519
20241115092744.2,289.793006703258,13.932,13.452,13.5,13.381,10.511,10.542
20241115092744.7,290.246001631021,13.916,13.448,13.518,13.377,10.521,10.517
20241115092745.1,290.695003420115,13.932,13.435,13.534,13.371,10.513,10.544
20241115092745.6,291.148008406162,13.936,13.435,13.522,13.375,10.523,10.531
20241115092746,291.601003333926,13.916,13.432,13.504,13.339,10.513,10.525
20241115092746.5,292.058001458645,13.928,13.429,13.516,13.381,10.521,10.521
20241115092746.9,292.512002214789,13.916,13.434,13.512,13.349,10.519,10.527
20241115092747.4,292.961004003882,13.914,13.411,13.508,13.357,10.507,10.521
20241115092747.9,293.430001661181,13.908,13.446,13.508,13.355,10.513,10.529
20241115092748.3,293.879003450274,13.906,13.436,13.526,13.363,10.527,10.517
20241115092748.8,294.336001574993,13.896,13.425,13.512,13.365,10.513,10.519
20241115092749.2,294.789006561041,13.906,13.452,13.504,13.347,10.521,10.531
20241115092749.7,295.238008350134,13.898,13.431,13.486,13.355,10.501,10.521
20241115092750.1,295.691003277898,13.892,13.425,13.514,13.331,10.537,10.521
20241115092750.6,296.148001402617,13.892,13.423,13.518,13.353,10.521,10.531
20241115092751,296.59800902009,13.914,13.417,13.51,13.33,10.533,10.515
20241115092751.5,297.051003947854,13.898,13.423,13.506,13.33,10.511,10.525
20241115092751.9,297.504008933902,13.878,13.425,13.494,13.328,10.487,10.527
20241115092752.4,297.957003861666,13.896,13.427,13.516,13.326,10.503,10.517
20241115092752.8,298.410008847713,13.888,13.442,13.482,13.318,10.489,10.519
20241115092753.3,298.859000578523,13.898,13.423,13.502,13.318,10.501,10.499
20241115092753.7,299.301001802087,13.886,13.417,13.518,13.324,10.523,10.525
20241115092754.2,299.757999926805,13.89,13.403,13.51,13.33,10.527,10.527
20241115092754.6,300.215008109808,13.874,13.423,13.506,13.347,10.517,10.517
20241115092755.1,300.663999840617,13.882,13.436,13.5,13.341,10.523,10.517
20241115092755.5,301.117004826665,13.898,13.409,13.502,13.351,10.509,10.499
20241115092756,301.566006615758,13.882,13.426,13.494,13.325,10.495,10.525
20241115092756.4,302.019001543522,13.908,13.422,13.482,13.359,10.505,10.503
20241115092756.9,302.469009160995,13.904,13.424,13.49,13.341,10.523,10.521
20241115092757.3,302.926007285714,13.896,13.419,13.498,13.343,10.497,10.519
20241115092757.8,303.374999016523,13.923,13.405,13.488,13.337,10.493,10.519
20241115092758.3,303.828004002571,13.931,13.436,13.492,13.353,10.519,10.515
20241115092758.7,304.28500212729,13.943,13.444,13.502,13.335,10.487,10.511
20241115092759.2,304.738007113338,13.957,13.436,13.496,13.363,10.503,10.493
20241115092759.6,305.191002041101,13.969,13.43,13.508,13.357,10.517,10.505
20241115092800.1,305.644007027149,13.969,13.446,13.506,13.391,10.515,10.523
20241115092800.5,306.094004586339,13.939,13.458,13.482,13.367,10.513,10.501
20241115092801,306.551002711058,13.969,13.446,13.506,13.365,10.497,10.511
20241115092801.4,307.000004500151,13.969,13.436,13.52,13.361,10.509,10.533
20241115092801.9,307.46900215745,13.983,13.438,13.52,13.349,10.515,10.529
20241115092802.3,307.922007143497,13.981,13.438,13.51,13.335,10.501,10.521
20241115092802.8,308.375002071261,13.999,13.448,13.51,13.339,10.495,10.521
20241115092803.3,308.828007057309,13.997,13.428,13.494,13.319,10.521,10.521
20241115092803.7,309.297004714608,14.007,13.434,13.5,13.31,10.489,10.527
20241115092804.2,309.754002839327,13.985,13.462,13.504,13.337,10.521,10.511
20241115092804.6,310.211000964046,13.983,13.458,13.504,13.345,10.497,10.535
20241115092805.1,310.660002753139,13.965,13.436,13.524,13.328,10.501,10.523
20241115092805.5,311.109004542232,13.975,13.434,13.484,13.345,10.517,10.523
20241115092806,311.561999469995,13.961,13.45,13.49,13.361,10.501,10.521
20241115092806.4,312.019007652998,13.971,13.462,13.498,13.355,10.525,10.519
20241115092806.9,312.473008409142,13.957,13.45,13.5,13.341,10.517,10.521
20241115092807.3,312.926003336906,13.941,13.425,13.484,13.345,10.489,10.521
20241115092807.8,313.375005125999,13.969,13.425,13.486,13.335,10.511,10.521
20241115092808.3,313.828000053763,13.955,13.438,13.502,13.324,10.511,10.535
20241115092808.7,314.273008704185,13.941,13.427,13.496,13.328,10.515,10.511
20241115092809.1,314.726003631949,13.937,13.427,13.496,13.347,10.509,10.517
20241115092809.6,315.180004388094,13.933,13.434,13.468,13.343,10.511,10.515
20241115092810.1,315.629006177187,13.92,13.425,13.48,13.337,10.523,10.531
20241115092810.5,316.07800796628,13.918,13.432,13.472,13.32,10.509,10.531
20241115092811,316.547005623579,13.941,13.407,13.49,13.333,10.511,10.523
20241115092811.4,317.000000551343,13.922,13.425,13.482,13.314,10.517,10.503
20241115092811.9,317.453005537391,13.906,13.413,13.476,13.322,10.509,10.509
20241115092812.3,317.910003662109,13.926,13.421,13.484,13.316,10.511,10.519
20241115092812.8,318.359005451202,13.918,13.411,13.49,13.318,10.507,10.513
20241115092813.2,318.812000378966,13.922,13.401,13.488,13.347,10.497,10.539
20241115092813.7,319.266001135111,13.904,13.415,13.484,13.328,10.507,10.529
20241115092814.1,319.719006121159,13.91,13.403,13.486,13.333,10.509,10.521
20241115092814.6,320.172001048923,13.908,13.415,13.46,13.335,10.505,10.525
20241115092815,320.62500603497,13.892,13.423,13.492,13.345,10.533,10.519
20241115092815.5,321.078000962734,13.904,13.425,13.49,13.344,10.538,10.536
20241115092816,321.531005948782,13.914,13.413,13.508,13.347,10.509,10.536
20241115092816.4,321.992007270455,13.928,13.429,13.5,13.357,10.509,10.521
20241115092816.9,322.440999001265,13.898,13.431,13.492,13.361,10.505,10.505
20241115092817.3,322.894003987312,13.924,13.423,13.506,13.342,10.525,10.533
20241115092817.8,323.344001546502,13.908,13.409,13.48,13.351,10.515,10.529
20241115092818.2,323.79700653255,13.916,13.423,13.498,13.334,10.527,10.546
20241115092818.7,324.250001460314,13.908,13.423,13.482,13.359,10.517,10.521
20241115092819.1,324.699003249407,13.91,13.427,13.496,13.349,10.519,10.529
20241115092819.6,325.156001374125,13.9,13.427,13.49,13.33,10.511,10.515
20241115092820,325.609006360173,13.922,13.415,13.486,13.349,10.515,10.527
20241115092820.5,326.062001287937,13.916,13.433,13.496,13.355,10.503,10.552
20241115092821,326.530998945236,13.91,13.423,13.482,13.332,10.505,10.527
20241115092821.4,326.984003931284,13.906,13.413,13.506,13.308,10.515,10.544
20241115092821.9,327.437008917332,13.904,13.437,13.492,13.33,10.511,10.531
20241115092822.3,327.887006476521,13.892,13.419,13.502,13.338,10.495,10.531
20241115092822.8,328.340001404285,13.912,13.413,13.484,13.326,10.509,10.533
20241115092823.2,328.789003193378,13.912,13.399,13.492,13.318,10.509,10.536
20241115092823.7,329.242008179426,13.892,13.411,13.476,13.314,10.525,10.511
20241115092824.1,329.69500310719,13.912,13.419,13.508,13.322,10.513,10.531
20241115092824.6,330.148008093238,13.886,13.407,13.484,13.312,10.536,10.505
20241115092825,330.601003021002,13.892,13.409,13.486,13.322,10.507,10.538
20241115092825.5,331.05800114572,13.914,13.421,13.492,13.324,10.513,10.517
20241115092825.9,331.527008861303,13.892,13.421,13.476,13.292,10.513,10.513
20241115092826.4,331.984006986022,13.88,13.419,13.488,13.306,10.495,10.503
20241115092826.9,332.437001913786,13.912,13.423,13.51,13.33,10.527,10.54
20241115092827.3,332.886999472976,13.908,13.397,13.486,13.306,10.517,10.531
20241115092827.8,333.340004459023,13.912,13.387,13.488,13.288,10.505,10.527
20241115092828.2,333.808006346226,13.902,13.397,13.472,13.302,10.517,10.525
20241115092828.7,334.254000708461,13.898,13.401,13.48,13.296,10.509,10.513
20241115092829.1,334.703002497554,13.89,13.387,13.47,13.292,10.509,10.529
20241115092829.6,335.152004286647,13.898,13.403,13.488,13.31,10.507,10.507
20241115092830,335.598008707166,13.902,13.381,13.472,13.302,10.507,10.509
20241115092830.5,336.047000437975,13.892,13.393,13.458,13.292,10.505,10.529
20241115092830.9,336.500005424023,13.902,13.401,13.484,13.296,10.525,10.515
20241115092831.4,336.949007213116,13.906,13.389,13.482,13.31,10.509,10.525
20241115092831.8,337.406005337834,13.904,13.371,13.448,13.308,10.509,10.519
20241115092832.3,337.859000265598,13.866,13.393,13.464,13.312,10.503,10.531
20241115092832.7,338.312005251646,13.882,13.379,13.476,13.302,10.501,10.531
20241115092833.2,338.762002810836,13.886,13.365,13.466,13.294,10.509,10.509
20241115092833.6,339.215007796884,13.874,13.383,13.48,13.304,10.501,10.499
20241115092834.1,339.663999527693,13.868,13.369,13.468,13.31,10.507,10.521
20241115092834.5,340.117004513741,13.878,13.397,13.474,13.33,10.513,10.529
20241115092835,340.566006302834,13.882,13.391,13.472,13.326,10.519,10.529
20241115092835.5,341.035003960133,13.882,13.397,13.452,13.312,10.511,10.505
20241115092835.9,341.484005749226,13.872,13.377,13.466,13.312,10.497,10.515
20241115092836.4,341.941003873944,13.868,13.375,13.458,13.314,10.497,10.503
20241115092836.8,342.391001433134,13.884,13.383,13.488,13.316,10.491,10.519
20241115092837.3,342.844006419182,13.874,13.379,13.466,13.324,10.501,10.509
20241115092837.7,343.297001346946,13.872,13.383,13.468,13.304,10.511,10.505
20241115092838.2,343.750006332994,13.882,13.395,13.478,13.326,10.501,10.501
20241115092838.6,344.215000793338,13.876,13.397,13.47,13.32,10.495,10.511
20241115092839.1,344.664002582431,13.868,13.389,13.472,13.308,10.489,10.505
20241115092839.5,345.117007568479,13.874,13.379,13.472,13.308,10.511,10.511
20241115092840,345.570002496243,13.886,13.399,13.468,13.284,10.499,10.511
20241115092840.5,346.035007014871,13.882,13.397,13.466,13.29,10.493,10.509
20241115092840.9,346.484008803964,13.884,13.393,13.468,13.286,10.499,10.505
20241115092841.4,346.937003731728,13.886,13.369,13.474,13.278,10.497,10.509
20241115092841.8,347.391004487872,13.868,13.369,13.436,13.282,10.509,10.519
20241115092842.3,347.843999415636,13.876,13.365,13.466,13.278,10.503,10.511
20241115092842.7,348.293001204729,13.876,13.351,13.454,13.296,10.491,10.513
20241115092843.2,348.742002993822,13.87,13.379,13.45,13.268,10.503,10.507
20241115092843.6,349.191004782915,13.868,13.377,13.46,13.284,10.503,10.497
20241115092844.1,349.648002907634,13.86,13.383,13.438,13.294,10.519,10.499
20241115092844.5,350.101007893682,13.872,13.363,13.46,13.27,10.487,10.542
20241115092845,350.555008649826,13.854,13.359,13.448,13.286,10.507,10.513
20241115092845.4,351.012006774545,13.87,13.365,13.45,13.284,10.511,10.505
20241115092845.9,351.461008563638,13.86,13.383,13.464,13.272,10.507,10.499
20241115092846.4,351.930006220937,13.87,13.385,13.44,13.272,10.505,10.515
20241115092846.8,352.383001148701,13.848,13.367,13.436,13.296,10.501,10.519
20241115092847.3,352.832002937794,13.856,13.367,13.434,13.274,10.509,10.499
20241115092847.7,353.305003792048,13.864,13.371,13.456,13.292,10.505,10.525
20241115092848.2,353.762001916766,13.858,13.357,13.44,13.292,10.505,10.513
20241115092848.6,354.211003705859,13.866,13.373,13.454,13.284,10.513,10.525
20241115092849.1,354.664008691907,13.876,13.375,13.462,13.31,10.497,10.525
20241115092849.5,355.113000422716,13.878,13.369,13.456,13.312,10.505,10.515
20241115092850,355.562002211809,13.866,13.367,13.458,13.29,10.511,10.521
20241115092850.4,356.019000336528,13.888,13.391,13.462,13.288,10.519,10.511
20241115092850.9,356.473001092672,13.87,13.373,13.464,13.3,10.505,10.523
20241115092851.4,356.930009275675,13.878,13.379,13.46,13.26,10.497,10.501
20241115092851.8,357.398001104593,13.89,13.397,13.446,13.308,10.499,10.525
20241115092852.3,357.863005623221,13.876,13.387,13.472,13.29,10.519,10.527
20241115092852.7,358.312007412314,13.886,13.383,13.441,13.308,10.509,10.513
20241115092853.2,358.769005537033,13.892,13.399,13.446,13.284,10.515,10.521
20241115092853.6,359.219003096223,13.872,13.377,13.435,13.298,10.513,10.507
20241115092854.1,359.66000854969,13.884,13.393,13.45,13.28,10.503,10.521
20241115092854.5,360.113003477454,13.888,13.365,13.466,13.28,10.491,10.527
20241115092855,360.566008463502,13.886,13.369,13.46,13.308,10.495,10.519
20241115092855.4,361.019003391266,13.878,13.365,13.448,13.302,10.499,10.501
20241115092855.9,361.484007909894,13.892,13.393,13.437,13.282,10.511,10.503
20241115092856.4,361.937002837658,13.892,13.389,13.446,13.32,10.515,10.54
20241115092856.8,362.391003593802,13.872,13.387,13.462,13.304,10.509,10.503
20241115092857.3,362.84400857985,13.864,13.373,13.446,13.28,10.505,10.509
20241115092857.7,363.297003507614,13.892,13.401,13.448,13.294,10.501,10.519
20241115092858.2,363.750008493662,13.878,13.379,13.448,13.294,10.497,10.495
20241115092858.6,364.199000224471,13.876,13.371,13.444,13.306,10.487,10.503
20241115092859.1,364.656008407474,13.868,13.387,13.458,13.288,10.507,10.495
20241115092859.5,365.121002867818,13.866,13.363,13.44,13.302,10.489,10.513
20241115092860,365.574007853866,13.888,13.377,13.434,13.276,10.491,10.519
20241115092900.4,366.02700278163,13.882,13.369,13.44,13.262,10.495,10.507
20241115092900.9,366.480007767677,13.87,13.351,13.438,13.278,10.493,10.495
20241115092901.4,366.930005326867,13.872,13.361,13.438,13.302,10.479,10.487
20241115092901.8,367.37900711596,13.868,13.377,13.444,13.284,10.501,10.497
20241115092902.3,367.828008905053,13.846,13.361,13.431,13.274,10.495,10.513
20241115092902.7,368.281003832817,13.874,13.357,13.44,13.276,10.503,10.497
20241115092903.2,368.734008818865,13.862,13.369,13.446,13.256,10.487,10.505
20241115092903.6,369.183000549674,13.86,13.373,13.45,13.264,10.485,10.503
20241115092904.1,369.648005068302,13.868,13.375,13.454,13.252,10.487,10.471
20241115092904.5,370.100999996066,13.876,13.359,13.419,13.272,10.505,10.489
20241115092905,370.55100761354,13.864,13.361,13.425,13.274,10.501,10.521
20241115092905.4,371.004002541304,13.87,13.359,13.442,13.308,10.489,10.497
20241115092905.9,371.457007527351,13.868,13.371,13.446,13.284,10.483,10.509
20241115092906.3,371.91400565207,13.89,13.361,13.419,13.3,10.487,10.493
20241115092906.8,372.363007441163,13.872,13.367,13.431,13.29,10.505,10.507
20241115092907.2,372.816002368927,13.866,13.367,13.429,13.288,10.481,10.495
20241115092907.7,373.265999928117,13.868,13.357,13.419,13.278,10.489,10.499
20241115092908.1,373.719004914165,13.876,13.371,13.44,13.278,10.485,10.495
20241115092908.6,374.171999841928,13.862,13.369,13.431,13.276,10.503,10.517
20241115092909,374.625004827976,13.878,13.369,13.427,13.268,10.483,10.495
20241115092909.5,375.074006617069,13.878,13.365,13.421,13.26,10.487,10.503
20241115092909.9,375.527001544833,13.88,13.377,13.432,13.268,10.503,10.505
20241115092910.4,375.980006530881,13.89,13.359,13.438,13.258,10.497,10.513
20241115092910.9,376.433001458645,13.884,13.361,13.446,13.28,10.501,10.517
20241115092911.3,376.918001845479,13.876,13.363,13.423,13.284,10.485,10.509
20241115092911.8,377.367003634572,13.886,13.349,13.435,13.28,10.503,10.511
20241115092912.2,377.82000862062,13.878,13.365,13.425,13.264,10.511,10.521
20241115092912.7,378.277006745338,13.89,13.367,13.437,13.28,10.499,10.515
20241115092913.2,378.734004870057,13.884,13.344,13.443,13.254,10.503,10.521
20241115092913.6,379.186999797821,13.886,13.355,13.421,13.274,10.499,10.515
20241115092914.1,379.644007980824,13.884,13.365,13.419,13.288,10.505,10.509
20241115092914.5,380.094005540013,13.89,13.373,13.421,13.248,10.509,10.507
20241115092915,380.551003664732,13.87,13.353,13.439,13.278,10.499,10.507
20241115092915.4,381.000005453825,13.878,13.357,13.423,13.29,10.491,10.513
20241115092915.9,381.469003111124,13.874,13.355,13.413,13.254,10.503,10.503
20241115092916.3,381.926001235843,13.858,13.33,13.423,13.256,10.487,10.511
20241115092916.8,382.382999360561,13.866,13.349,13.429,13.276,10.483,10.527
20241115092917.3,382.848003879189,13.874,13.351,13.409,13.268,10.503,10.507
20241115092917.7,383.297005668283,13.894,13.351,13.427,13.272,10.501,10.515
20241115092918.2,383.754003793001,13.86,13.359,13.419,13.29,10.485,10.515
20241115092918.6,384.21100191772,13.868,13.359,13.431,13.278,10.503,10.505
20241115092919.1,384.660003706813,13.872,13.351,13.423,13.288,10.497,10.517
20241115092919.5,385.113008692861,13.88,13.359,13.411,13.282,10.483,10.501
20241115092920,385.590002685785,13.876,13.357,13.425,13.29,10.491,10.511
20241115092920.5,386.047000810504,13.884,13.361,13.427,13.29,10.497,10.507
20241115092920.9,386.491999402642,13.876,13.339,13.44,13.272,10.495,10.505
20241115092921.4,386.94500438869,13.888,13.363,13.429,13.274,10.491,10.511
20241115092921.8,387.402002513409,13.894,13.361,13.427,13.264,10.477,10.519
20241115092922.3,387.855007499456,13.898,13.361,13.436,13.284,10.489,10.511
20241115092922.7,388.30800242722,13.894,13.369,13.423,13.27,10.501,10.497
20241115092923.2,388.75799998641,13.888,13.359,13.421,13.28,10.493,10.521
20241115092923.6,389.211004972458,13.89,13.353,13.432,13.276,10.487,10.515
20241115092924.1,389.668003097177,13.874,13.361,13.427,13.264,10.509,10.503
20241115092924.6,390.137000754476,13.91,13.347,13.423,13.282,10.507,10.503
20241115092925,390.590005740523,13.888,13.361,13.413,13.286,10.491,10.525
20241115092925.5,391.043000668287,13.888,13.347,13.413,13.284,10.499,10.513
20241115092925.9,391.51200838387,13.892,13.339,13.425,13.262,10.493,10.501
20241115092926.4,391.969006508589,13.9,13.351,13.431,13.27,10.481,10.493
20241115092926.8,392.422001436353,13.896,13.345,13.417,13.266,10.493,10.515
20241115092927.3,392.8750064224,13.886,13.357,13.421,13.28,10.491,10.501
20241115092927.8,393.328001350164,13.882,13.359,13.425,13.282,10.493,10.531
20241115092928.2,393.781006336212,13.88,13.355,13.409,13.272,10.491,10.517
20241115092928.7,394.254007190466,13.89,13.367,13.427,13.302,10.509,10.491
20241115092929.1,394.70700211823,13.896,13.369,13.433,13.278,10.505,10.517
20241115092929.6,395.152000710368,13.888,13.365,13.429,13.272,10.503,10.521
20241115092930,395.613002032042,13.888,13.381,13.431,13.278,10.499,10.521
20241115092930.5,396.066007018089,13.91,13.363,13.439,13.298,10.503,10.519
20241115092930.9,396.519001945853,13.906,13.373,13.427,13.28,10.475,10.509
20241115092931.4,396.973002701998,13.892,13.377,13.411,13.282,10.493,10.515
20241115092931.8,397.426007688046,13.91,13.369,13.446,13.28,10.515,10.509
20241115092932.3,397.883005812764,13.886,13.363,13.439,13.266,10.503,10.519
20241115092932.8,398.332007601857,13.904,13.357,13.415,13.266,10.505,10.517
20241115092933.2,398.785002529621,13.914,13.369,13.429,13.278,10.497,10.511
20241115092933.7,399.238007515669,13.914,13.367,13.419,13.284,10.511,10.513
20241115092934.1,399.695005640388,13.908,13.345,13.425,13.276,10.501,10.499
20241115092934.6,400.152003765106,13.896,13.355,13.435,13.298,10.487,10.521
20241115092935,400.605008751154,13.9,13.357,13.427,13.278,10.503,10.509
20241115092935.5,401.058003678918,13.916,13.371,13.395,13.266,10.515,10.501
20241115092935.9,401.512004435062,13.902,13.357,13.421,13.296,10.485,10.527
20241115092936.4,401.97600312531,13.894,13.371,13.423,13.272,10.485,10.513
20241115092936.9,402.430003881454,13.912,13.375,13.433,13.288,10.489,10.505
20241115092937.3,402.883008867502,13.9,13.379,13.417,13.288,10.499,10.501
20241115092937.8,403.332000598311,13.906,13.375,13.421,13.276,10.513,10.517
20241115092938.2,403.785005584359,13.902,13.353,13.413,13.268,10.491,10.511
20241115092938.7,404.254003241658,13.926,13.359,13.425,13.282,10.485,10.497
20241115092939.1,404.719007760286,13.894,13.361,13.433,13.276,10.493,10.515
20241115092939.6,405.17200268805,13.896,13.347,13.427,13.274,10.493,10.517
20241115092940,405.625007674098,13.906,13.377,13.415,13.278,10.507,10.507
20241115092940.5,406.078002601862,13.906,13.367,13.415,13.264,10.493,10.515
20241115092941,406.53100758791,13.926,13.371,13.417,13.29,10.493,10.519
20241115092941.4,406.988005712628,13.91,13.349,13.417,13.252,10.503,10.507
20241115092941.9,407.441000640392,13.9,13.351,13.413,13.27,10.497,10.509
20241115092942.3,407.89400562644,13.902,13.359,13.421,13.262,10.509,10.513
20241115092942.8,408.339999988675,13.9,13.361,13.417,13.272,10.507,10.509
20241115092943.2,408.793004974723,13.91,13.355,13.427,13.276,10.493,10.507
20241115092943.7,409.250003099442,13.892,13.365,13.399,13.266,10.479,10.519
20241115092944.1,409.699004888535,13.908,13.359,13.407,13.27,10.493,10.489
20241115092944.6,410.156003013253,13.902,13.347,13.397,13.266,10.495,10.525
20241115092945,410.609007999301,13.892,13.369,13.405,13.26,10.483,10.499
20241115092945.5,411.05799973011,13.908,13.351,13.401,13.278,10.503,10.507
20241115092945.9,411.516003683209,13.898,13.347,13.409,13.268,10.499,10.499
20241115092946.4,411.969008669257,13.902,13.355,13.415,13.272,10.495,10.527
20241115092946.8,412.422003597021,13.91,13.351,13.413,13.276,10.501,10.503
20241115092947.3,412.875008583069,13.886,13.363,13.405,13.264,10.507,10.509
20241115092947.8,413.335999846458,13.894,13.355,13.419,13.27,10.507,10.509
20241115092948.2,413.789004832506,13.898,13.371,13.431,13.278,10.487,10.511
20241115092948.7,414.26200568676,13.9,13.361,13.415,13.248,10.507,10.515
20241115092949.1,414.715000614524,13.916,13.347,13.397,13.292,10.491,10.505
20241115092949.6,415.168005600572,13.912,13.359,13.419,13.268,10.501,10.521
20241115092950,415.617007389665,13.9,13.347,13.415,13.262,10.499,10.503
20241115092950.5,416.074005514383,13.916,13.351,13.439,13.25,10.493,10.505
20241115092950.9,416.527000442147,13.9,13.349,13.419,13.262,10.507,10.517
20241115092951.4,416.980005428195,13.902,13.336,13.411,13.268,10.495,10.497
20241115092951.9,417.430002987385,13.914,13.355,13.423,13.246,10.495,10.507
20241115092952.3,417.883007973433,13.912,13.32,13.411,13.248,10.493,10.536
20241115092952.8,418.336002901196,13.904,13.342,13.435,13.266,10.493,10.507
20241115092953.2,418.785004690289,13.908,13.363,13.405,13.274,10.499,10.525
20241115092953.7,419.242002815008,13.916,13.353,13.405,13.252,10.485,10.497
20241115092954.1,419.695007801056,13.906,13.349,13.407,13.266,10.497,10.511
20241115092954.6,420.152005925775,13.922,13.361,13.429,13.25,10.493,10.517
20241115092955,420.621003583074,13.906,13.355,13.409,13.268,10.499,10.507
20241115092955.5,421.074008569121,13.916,13.355,13.395,13.264,10.493,10.507
20241115092956,421.53100669384,13.928,13.351,13.417,13.266,10.503,10.501
20241115092956.4,421.984001621604,13.922,13.357,13.427,13.264,10.509,10.513
20241115092956.9,422.452999278903,13.922,13.361,13.419,13.268,10.487,10.503
20241115092957.3,422.918003797531,13.916,13.371,13.427,13.26,10.497,10.523
20241115092957.8,423.383008316159,13.92,13.349,13.423,13.268,10.511,10.517
20241115092958.3,423.840006440878,13.928,13.345,13.421,13.266,10.479,10.538
20241115092958.7,424.297004565597,13.906,13.363,13.435,13.264,10.491,10.501
20241115092959.2,424.74600635469,13.918,13.344,13.433,13.286,10.507,10.517
20241115092959.6,425.199001282454,13.91,13.345,13.427,13.264,10.499,10.523
20241115093000.1,425.667998939753,13.918,13.361,13.425,13.262,10.501,10.517
20241115093000.5,426.117000728846,13.938,13.34,13.431,13.272,10.491,10.503
20241115093001,426.570005714893,13.928,13.371,13.417,13.27,10.493,10.519
20241115093001.4,427.027003839612,13.93,13.347,13.423,13.276,10.485,10.511
20241115093001.9,427.48000882566,13.942,13.361,13.427,13.266,10.495,10.513
20241115093002.4,427.933003753424,13.936,13.367,13.435,13.262,10.505,10.503
20241115093002.8,428.387004509568,13.926,13.361,13.413,13.278,10.503,10.497
20241115093003.3,428.839999437332,13.922,13.375,13.437,13.28,10.493,10.507
20241115093003.7,429.29300442338,13.928,13.357,13.423,13.282,10.489,10.515
20241115093004.2,429.750002548099,13.916,13.371,13.443,13.278,10.499,10.511
20241115093004.6,430.199004337192,13.944,13.371,13.435,13.28,10.489,10.513
20241115093005.1,430.651999264956,13.922,13.361,13.437,13.282,10.497,10.515
20241115093005.5,431.113000586629,13.932,13.365,13.462,13.278,10.503,10.519
20241115093006,431.566005572677,13.953,13.375,13.433,13.286,10.505,10.513
20241115093006.4,432.019000500441,13.945,13.377,13.425,13.292,10.505,10.525
20241115093006.9,432.473001256585,13.953,13.359,13.429,13.306,10.493,10.523
20241115093007.3,432.926006242633,13.945,13.383,13.441,13.296,10.495,10.515
20241115093007.8,433.375008031726,13.926,13.377,13.443,13.314,10.493,10.513
20241115093008.3,433.82800295949,13.938,13.385,13.444,13.314,10.509,10.513
20241115093008.7,434.281007945538,13.953,13.361,13.439,13.306,10.493,10.495
20241115093009.2,434.734002873302,13.959,13.363,13.437,13.308,10.509,10.509
20241115093009.6,435.183004662395,13.94,13.387,13.448,13.32,10.499,10.523
20241115093010.1,435.637005418539,13.951,13.375,13.45,13.294,10.509,10.505
20241115093010.5,436.090000346303,13.969,13.395,13.466,13.328,10.491,10.491
20241115093011,436.547008529305,13.973,13.375,13.437,13.314,10.493,10.509
20241115093011.4,437.004006654024,13.981,13.389,13.443,13.316,10.499,10.519
20241115093011.9,437.457001581788,13.961,13.379,13.446,13.308,10.495,10.499
20241115093012.3,437.906003370881,14.001,13.389,13.452,13.328,10.511,10.507
20241115093012.8,438.359008356929,13.999,13.387,13.462,13.328,10.495,10.515
20241115093013.2,438.812003284693,13.991,13.391,13.46,13.326,10.483,10.519
20241115093013.7,439.273004606366,14.003,13.415,13.456,13.336,10.503,10.499
20241115093014.1,439.72599953413,14.035,13.415,13.46,13.342,10.511,10.513
20241115093014.6,440.180000290275,14.023,13.425,13.47,13.353,10.501,10.509
20241115093015.1,440.629002079368,14.039,13.401,13.462,13.345,10.521,10.521
20241115093015.5,441.082007065415,14.023,13.425,13.476,13.361,10.493,10.501
20241115093016,441.535001993179,14.019,13.419,13.468,13.34,10.501,10.515
20241115093016.4,441.984003782272,14.033,13.415,13.48,13.34,10.507,10.507
20241115093016.9,442.441001906991,14.003,13.419,13.484,13.351,10.497,10.505
20241115093017.3,442.890999466181,14.035,13.431,13.472,13.347,10.471,10.523
20241115093017.8,443.340001255274,14.039,13.411,13.458,13.351,10.493,10.505
20241115093018.2,443.793006241322,14.011,13.439,13.46,13.342,10.493,10.515
20241115093018.7,444.242008030415,14.013,13.423,13.466,13.345,10.503,10.511
20241115093019.1,444.695002958179,14.031,13.427,13.47,13.349,10.497,10.525
20241115093019.6,445.148007944226,14.033,13.421,13.476,13.318,10.499,10.517
20241115093020,445.598005503416,14.015,13.407,13.48,13.326,10.503,10.515
20241115093020.5,446.055003628135,14.015,13.411,13.462,13.334,10.503,10.513
20241115093020.9,446.508008614182,14.005,13.419,13.46,13.308,10.481,10.523
20241115093021.4,446.957000344992,14.013,13.411,13.488,13.316,10.497,10.519
20241115093021.8,447.410005331039,14.027,13.401,13.446,13.336,10.493,10.499
20241115093022.3,447.863000258803,14.033,13.415,13.46,13.326,10.525,10.517
20241115093022.7,448.312002047896,14.009,13.423,13.454,13.324,10.499,10.507
20241115093023.2,448.780999705195,14.027,13.405,13.478,13.344,10.491,10.511
20241115093023.7,449.234004691243,14.019,13.423,13.466,13.355,10.475,10.519
20241115093024.1,449.683006480336,14.009,13.425,13.46,13.322,10.499,10.521
20241115093024.6,450.137007236481,14.027,13.419,13.45,13.334,10.489,10.499
20241115093025,450.590002164245,14.031,13.415,13.448,13.308,10.485,10.523
20241115093025.5,451.047000288963,14.041,13.415,13.454,13.318,10.491,10.515
20241115093025.9,451.504008471966,14.039,13.405,13.468,13.322,10.483,10.487
20241115093026.4,451.964999735355,14.045,13.401,13.439,13.308,10.483,10.499
20241115093026.8,452.418004721403,14.033,13.407,13.46,13.298,10.475,10.509
20241115093027.3,452.870999649167,14.029,13.389,13.45,13.282,10.491,10.511
20241115093027.8,453.32800783217,14.033,13.419,13.464,13.32,10.521,10.489
20241115093028.2,453.785005956888,14.023,13.409,13.452,13.34,10.487,10.507
20241115093028.7,454.230004549026,14.025,13.395,13.454,13.316,10.475,10.501
20241115093029.1,454.687002673745,14.009,13.411,13.47,13.322,10.495,10.507
20241115093029.6,455.14100342989,14.031,13.395,13.452,13.33,10.491,10.497
20241115093030,455.598001554608,14.037,13.407,13.45,13.318,10.497,10.501
20241115093030.5,456.051006540656,14.011,13.409,13.456,13.334,10.487,10.515
20241115093030.9,456.50400146842,14.046,13.411,13.454,13.334,10.479,10.507
20241115093031.4,456.969005987048,14.025,13.391,13.46,13.332,10.491,10.503
20241115093031.8,457.418007776141,14.027,13.411,13.452,13.324,10.479,10.515
20241115093032.3,457.871002703905,14.021,13.395,13.431,13.318,10.497,10.505
20241115093032.7,458.324007689953,14.009,13.407,13.448,13.322,10.503,10.521
20241115093033.2,458.781005814672,14.031,13.381,13.444,13.32,10.485,10.525
20241115093033.7,459.230007603765,14.019,13.405,13.45,13.324,10.477,10.499
20241115093034.1,459.699005261064,14.031,13.405,13.444,13.33,10.501,10.519
20241115093034.6,460.152000188828,14.027,13.417,13.443,13.33,10.495,10.499
20241115093035,460.598004609346,14.021,13.395,13.458,13.316,10.485,10.511
20241115093035.5,461.05099953711,14.013,13.413,13.454,13.312,10.493,10.505
20241115093035.9,461.508007720113,14.017,13.429,13.45,13.318,10.485,10.501
20241115093036.4,461.961002647877,14.039,13.393,13.45,13.31,10.489,10.517
20241115093036.8,462.418000772595,14.013,13.397,13.452,13.308,10.487,10.513
20241115093037.3,462.867002561688,14.039,13.403,13.456,13.324,10.493,10.501
20241115093037.7,463.320007547736,14.015,13.415,13.46,13.304,10.491,10.521
20241115093038.2,463.7730024755,14.031,13.401,13.466,13.296,10.497,10.495
20241115093038.6,464.226007461548,14.031,13.405,13.458,13.296,10.487,10.501
20241115093039.1,464.680008217692,14.039,13.409,13.448,13.29,10.473,10.499
20241115093039.6,465.133003145456,14.029,13.399,13.458,13.314,10.479,10.527
20241115093040,465.582004934549,14.009,13.417,13.462,13.326,10.475,10.497
20241115093040.5,466.034999862313,14.023,13.411,13.458,13.31,10.491,10.519
20241115093040.9,466.488004848361,14.025,13.393,13.456,13.312,10.507,10.493
20241115093041.4,466.940999776125,14.039,13.405,13.446,13.326,10.479,10.529
20241115093041.8,467.394004762173,14.027,13.399,13.446,13.318,10.493,10.501
20241115093042.3,467.840009182692,14.037,13.399,13.466,13.312,10.517,10.515
20241115093042.7,468.293004110456,14.033,13.405,13.435,13.312,10.493,10.499
20241115093043.2,468.750002235174,14.023,13.397,13.444,13.332,10.503,10.517
20241115093043.6,469.199004024267,14.027,13.401,13.452,13.334,10.473,10.509
20241115093044.1,469.668001681566,14.029,13.405,13.468,13.318,10.477,10.499
20241115093044.5,470.121006667614,14.041,13.399,13.446,13.314,10.487,10.515
20241115093045,470.570008456707,14.039,13.409,13.466,13.328,10.483,10.511
20241115093045.4,471.023003384471,14.021,13.405,13.464,13.332,10.493,10.509
20241115093045.9,471.476008370519,14.035,13.403,13.458,13.308,10.497,10.493
20241115093046.4,471.930009126663,14.045,13.415,13.452,13.302,10.487,10.509
20241115093046.8,472.387007251382,14.056,13.405,13.46,13.344,10.493,10.511
20241115093047.3,472.835998982191,14.035,13.419,13.48,13.312,10.485,10.513
20241115093047.7,473.297000303864,14.048,13.427,13.458,13.33,10.481,10.499
20241115093048.2,473.746002092957,14.052,13.413,13.478,13.336,10.479,10.509
20241115093048.6,474.199007079005,14.05,13.419,13.456,13.324,10.505,10.491
20241115093049.1,474.652002006769,14.043,13.413,13.46,13.338,10.479,10.497
20241115093049.5,475.101003795862,14.05,13.415,13.47,13.355,10.487,10.485
20241115093050,475.551001355052,14.05,13.411,13.466,13.338,10.511,10.501
20241115093050.4,476.007999479771,14.086,13.405,13.474,13.332,10.477,10.499
20241115093050.9,476.457001268864,14.052,13.413,13.464,13.322,10.487,10.503
20241115093051.3,476.926008984447,14.074,13.429,13.472,13.312,10.489,10.503
20241115093051.8,477.375000715256,14.074,13.427,13.47,13.334,10.499,10.499
20241115093052.3,477.832008898258,14.07,13.427,13.452,13.308,10.483,10.507
20241115093052.7,478.281000629067,14.082,13.413,13.47,13.324,10.489,10.497
20241115093053.2,478.734005615115,14.088,13.417,13.464,13.336,10.485,10.499
20241115093053.6,479.191003739834,14.082,13.427,13.462,13.336,10.479,10.481
20241115093054.1,479.644008725882,14.09,13.421,13.468,13.322,10.475,10.507
20241115093054.5,480.1010068506,14.088,13.409,13.466,13.355,10.481,10.489
20241115093055,480.55100440979,14.074,13.433,13.472,13.324,10.481,10.503
20241115093055.4,481.003999337554,14.084,13.415,13.454,13.326,10.475,10.493
20241115093055.9,481.461007520556,14.062,13.399,13.454,13.332,10.477,10.495
20241115093056.3,481.926001980901,14.08,13.429,13.443,13.31,10.487,10.505
20241115093056.8,482.379006966949,14.078,13.411,13.46,13.314,10.473,10.489
20241115093057.3,482.832001894712,14.041,13.427,13.456,13.29,10.481,10.501
20241115093057.7,483.28500688076,14.074,13.393,13.456,13.292,10.491,10.507
20241115093058.2,483.738001808524,14.074,13.415,13.454,13.284,10.499,10.515
20241115093058.6,484.194999933243,14.092,13.397,13.452,13.308,10.495,10.493
20241115093059.1,484.664007648826,14.078,13.411,13.464,13.31,10.491,10.499
20241115093059.5,485.11700257659,14.086,13.401,13.466,13.294,10.495,10.503
20241115093060,485.570007562637,14.074,13.415,13.454,13.326,10.475,10.517
20241115093100.4,486.023002490401,14.078,13.415,13.452,13.314,10.497,10.501
20241115093100.9,486.484003812075,14.064,13.417,13.456,13.328,10.497,10.495
20241115093101.4,486.969004198909,14.082,13.421,13.45,13.314,10.473,10.491
20241115093101.8,487.421999126673,14.074,13.399,13.452,13.31,10.487,10.519
20241115093102.3,487.871000915766,14.092,13.439,13.45,13.32,10.477,10.489
20241115093102.7,488.324005901814,14.064,13.401,13.443,13.294,10.497,10.501
20241115093103.2,488.777000829577,14.066,13.395,13.448,13.302,10.487,10.515
20241115093103.7,489.230005815625,14.092,13.417,13.446,13.322,10.503,10.493
20241115093104.1,489.683000743389,14.086,13.405,13.456,13.316,10.479,10.511
20241115093104.6,490.137001499534,14.09,13.405,13.458,13.308,10.491,10.497
20241115093105,490.590006485581,14.094,13.407,13.435,13.316,10.501,10.505
20241115093105.5,491.043001413345,14.108,13.415,13.458,13.32,10.485,10.507
20241115093105.9,491.488000005484,14.09,13.431,13.441,13.33,10.481,10.495
20241115093106.4,491.953004524112,14.102,13.409,13.452,13.316,10.491,10.495
20241115093106.8,492.402006313205,14.072,13.413,13.452,13.31,10.483,10.503
20241115093107.3,492.859004437923,14.106,13.433,13.454,13.314,10.497,10.487
20241115093107.7,493.320005759597,14.1,13.413,13.454,13.3,10.493,10.511
20241115093108.2,493.805006146431,14.094,13.419,13.443,13.318,10.495,10.531
20241115093108.7,494.254007935524,14.098,13.441,13.466,13.316,10.489,10.509
20241115093109.1,494.707002863288,14.11,13.421,13.439,13.316,10.479,10.509
20241115093109.6,495.172007381916,14.11,13.423,13.454,13.32,10.487,10.497
20241115093110,495.62500230968,14.096,13.423,13.448,13.306,10.475,10.505
20241115093110.5,496.082000434399,14.096,13.439,13.46,13.32,10.503,10.485
20241115093111,496.535005420446,14.102,13.413,13.46,13.31,10.489,10.501
20241115093111.4,496.984007209539,14.12,13.415,13.446,13.306,10.467,10.507
20241115093111.9,497.441005334258,14.1,13.413,13.482,13.318,10.485,10.507
20241115093112.3,497.894000262022,14.122,13.415,13.448,13.34,10.495,10.499
20241115093112.8,498.379000648856,14.108,13.417,13.47,13.324,10.495,10.503
20241115093113.3,498.832005634904,14.108,13.419,13.472,13.308,10.489,10.511
20241115093113.7,499.312007054687,14.112,13.423,13.46,13.29,10.491,10.499
20241115093114.2,499.766007810831,14.104,13.425,13.458,13.332,10.499,10.487
20241115093114.6,500.22300593555,14.104,13.419,13.441,13.306,10.481,10.495
20241115093115.1,500.683001428843,14.118,13.423,13.446,13.328,10.483,10.509
20241115093115.6,501.137002184987,14.122,13.419,13.46,13.328,10.489,10.507
20241115093116,501.590007171035,14.118,13.409,13.454,13.336,10.467,10.497
20241115093116.5,502.058009058237,14.114,13.423,13.466,13.332,10.485,10.515
20241115093116.9,502.516002953053,14.134,13.425,13.468,13.324,10.499,10.479
20241115093117.4,502.9690079391,14.124,13.429,13.46,13.324,10.495,10.511
20241115093117.8,503.422002866864,14.151,13.429,13.466,13.34,10.483,10.489
20241115093118.3,503.875007852912,14.14,13.433,13.466,13.336,10.495,10.469
20241115093118.8,504.340002313256,14.14,13.431,13.452,13.33,10.473,10.503
20241115093119.2,504.793007299304,14.116,13.429,13.45,13.32,10.491,10.499
20241115093119.7,505.250005424023,14.13,13.441,13.466,13.34,10.471,10.497
20241115093120.1,505.703000351787,14.138,13.431,13.466,13.316,10.489,10.487
20241115093120.6,506.15200214088,14.138,13.427,13.464,13.326,10.487,10.515
20241115093121,506.605007126927,14.13,13.413,13.456,13.314,10.473,10.485
20241115093121.5,507.058002054691,14.13,13.415,13.454,13.344,10.481,10.503
20241115093121.9,507.512002810836,14.128,13.427,13.458,13.326,10.483,10.491
20241115093122.4,507.965007796884,14.151,13.413,13.472,13.314,10.483,10.501
20241115093122.8,508.418002724648,14.142,13.446,13.48,13.316,10.469,10.503
20241115093123.3,508.867004513741,14.13,13.405,13.454,13.32,10.473,10.505
20241115093123.7,509.316006302834,14.126,13.429,13.466,13.302,10.477,10.503
20241115093124.2,509.769001230597,14.142,13.433,13.45,13.318,10.507,10.499
20241115093124.6,510.223001986742,14.142,13.409,13.458,13.314,10.485,10.503
20241115093125.1,510.67600697279,14.144,13.433,13.454,13.318,10.459,10.493
20241115093125.6,511.129001900554,14.147,13.419,13.454,13.3,10.507,10.519
20241115093126,511.586000025272,14.151,13.431,13.476,13.314,10.489,10.497
20241115093126.5,512.03900501132,14.159,13.423,13.45,13.294,10.475,10.499
20241115093126.9,512.491999939084,14.145,13.439,13.462,13.292,10.501,10.511
20241115093127.4,512.949008122087,14.149,13.431,13.444,13.308,10.477,10.521
20241115093127.8,513.40200304985,14.145,13.429,13.458,13.298,10.479,10.493
20241115093128.3,513.859001174569,14.14,13.411,13.439,13.328,10.471,10.505
20241115093128.7,514.315999299288,14.157,13.425,13.448,13.322,10.499,10.517
20241115093129.2,514.781003817916,14.165,13.431,13.448,13.308,10.503,10.507
20241115093129.7,515.238001942635,14.159,13.439,13.454,13.306,10.479,10.505
20241115093130.1,515.691006928682,14.165,13.443,13.46,13.312,10.497,10.511
20241115093130.6,516.141004487872,14.185,13.433,13.468,13.334,10.487,10.509
20241115093131,516.593999415636,14.185,13.452,13.47,13.332,10.477,10.505
20241115093131.5,517.047004401684,14.171,13.443,13.46,13.342,10.497,10.515
20241115093131.9,517.516002058983,14.177,13.443,13.472,13.347,10.485,10.491
20241115093132.4,517.969007045031,14.181,13.446,13.454,13.344,10.495,10.517
20241115093132.9,518.437008932233,14.177,13.478,13.452,13.326,10.495,10.507
20241115093133.3,518.887006491423,14.185,13.435,13.46,13.334,10.507,10.501
20241115093133.8,519.35100518167,14.191,13.454,13.456,13.324,10.473,10.519
20241115093134.2,519.805005937815,14.193,13.429,13.454,13.334,10.491,10.501
20241115093134.7,520.262004062533,14.181,13.433,13.441,13.338,10.493,10.511
20241115093135.1,520.711005851626,14.173,13.441,13.472,13.326,10.489,10.497
20241115093135.6,521.168003976345,14.199,13.446,13.446,13.318,10.495,10.499
20241115093136.1,521.637001633644,14.185,13.431,13.472,13.324,10.491,10.491
20241115093136.5,522.098002955317,14.193,13.431,13.462,13.322,10.479,10.495
20241115093137,522.558008506894,14.189,13.439,13.458,13.32,10.485,10.499
20241115093137.4,523.012009263039,14.179,13.417,13.454,13.322,10.485,10.491
20241115093137.9,523.465004190803,14.197,13.435,13.45,13.326,10.509,10.491
20241115093138.3,523.917999118567,14.169,13.429,13.448,13.336,10.465,10.491
20241115093138.8,524.371004104614,14.177,13.431,13.452,13.32,10.497,10.501
20241115093139.3,524.840001761913,14.189,13.417,13.454,13.326,10.489,10.499
20241115093139.7,525.296999886632,14.197,13.429,13.458,13.312,10.491,10.493
20241115093140.2,525.746001675725,14.173,13.439,13.456,13.312,10.469,10.507
20241115093140.6,526.202999800444,14.199,13.435,13.456,13.326,10.483,10.507
20241115093141.1,526.652001589537,14.181,13.444,13.46,13.318,10.493,10.507
20241115093141.5,527.105006575584,14.189,13.421,13.443,13.328,10.513,10.489
20241115093142,527.558001503348,14.177,13.425,13.454,13.338,10.489,10.495
20241115093142.4,528.007999062538,14.189,13.403,13.462,13.318,10.489,10.499
20241115093142.9,528.457000851631,14.191,13.439,13.446,13.334,10.489,10.503
20241115093143.3,528.910005837679,14.177,13.441,13.454,13.324,10.473,10.515
20241115093143.9,529.469005018473,14.181,13.437,13.454,13.322,10.497,10.505
20241115093144.4,529.937006905675,14.177,13.441,13.454,13.308,10.475,10.505
20241115093144.8,530.387004464865,14.185,13.435,13.452,13.33,10.505,10.507
20241115093145.3,530.844002589583,14.191,13.443,13.452,13.334,10.503,10.507
20241115093145.7,531.293004378676,14.209,13.439,13.472,13.326,10.497,10.523
20241115093146.2,531.742006167769,14.191,13.435,13.458,13.32,10.491,10.497
20241115093146.6,532.199004292488,14.205,13.437,13.464,13.316,10.487,10.515
20241115093147.1,532.648006081581,14.197,13.431,13.458,13.326,10.481,10.487
20241115093147.5,533.101001009345,14.193,13.417,13.45,13.324,10.491,10.507
20241115093148,533.55500176549,14.223,13.45,13.454,13.324,10.489,10.499
20241115093148.4,534.023003652692,14.203,13.421,13.46,13.312,10.491,10.511
20241115093148.9,534.492001309991,14.233,13.425,13.482,13.3,10.493,10.495
20241115093149.4,534.941003099084,14.217,13.423,13.462,13.314,10.491,10.491
20241115093149.8,535.398001223803,14.203,13.415,13.456,13.304,10.491,10.505
20241115093150.3,535.85100620985,14.223,13.435,13.46,13.29,10.483,10.515
20241115093150.7,536.316000670195,14.225,13.411,13.464,13.284,10.505,10.503
20241115093151.2,536.769005656242,14.229,13.443,13.45,13.294,10.495,10.509
20241115093151.6,537.223006412387,14.233,13.433,13.45,13.314,10.475,10.517
20241115093152.1,537.668005004525,14.217,13.439,13.458,13.332,10.491,10.503
20241115093152.5,538.125003129244,14.231,13.435,13.452,13.298,10.507,10.505
20241115093153,538.582001253963,14.243,13.427,13.466,13.326,10.497,10.499
20241115093153.5,539.03500624001,14.231,13.431,13.454,13.31,10.503,10.507
20241115093153.9,539.492004364729,14.237,13.446,13.448,13.32,10.507,10.511
20241115093154.4,539.944999292493,14.239,13.446,13.46,13.324,10.489,10.519
20241115093154.8,540.410003811121,14.25,13.446,13.454,13.351,10.491,10.507
20241115093155.3,540.883004665375,14.243,13.439,13.464,13.316,10.491,10.491
20241115093155.8,541.332006454468,14.211,13.429,13.462,13.318,10.485,10.515
20241115093156.2,541.785001382232,14.221,13.448,13.456,13.312,10.489,10.493
20241115093156.7,542.238006368279,14.221,13.433,13.458,13.312,10.501,10.523
20241115093157.1,542.719003558159,14.241,13.45,13.462,13.324,10.481,10.513
20241115093157.6,543.172008544207,14.243,13.456,13.466,13.328,10.487,10.517
20241115093158,543.625003471971,14.237,13.431,13.466,13.347,10.511,10.511
20241115093158.5,544.082001596689,14.239,13.444,13.456,13.312,10.505,10.517
20241115093159,544.535006582737,14.239,13.423,13.456,13.31,10.495,10.515
20241115093159.4,544.98400837183,14.235,13.429,13.468,13.31,10.507,10.523
20241115093159.9,545.437003299594,14.241,13.439,13.464,13.328,10.493,10.513
20241115093200.3,545.898004621267,14.239,13.435,13.462,13.344,10.487,10.523
20241115093200.8,546.350999549031,14.254,13.448,13.474,13.314,10.497,10.511
20241115093201.2,546.805000305176,14.252,13.435,13.464,13.334,10.493,10.523
20241115093201.7,547.258005291224,14.256,13.439,13.466,13.326,10.501,10.505
20241115093202.1,547.707007080317,14.243,13.431,13.468,13.326,10.501,10.515
20241115093202.6,548.164005205035,14.268,13.446,13.47,13.326,10.513,10.515
20241115093203.1,548.637006059289,14.252,13.45,13.458,13.342,10.505,10.501
20241115093203.5,549.094004184008,14.258,13.423,13.48,13.332,10.493,10.495
20241115093204,549.547009170055,14.256,13.425,13.482,13.33,10.501,10.503
20241115093204.4,550.000004097819,14.254,13.443,13.468,13.338,10.495,10.497
20241115093204.9,550.452999025583,14.252,13.443,13.472,13.312,10.495,10.497
20241115093205.3,550.922006741166,14.26,13.443,13.458,13.312,10.485,10.521
20241115093205.8,551.37500166893,14.241,13.448,13.456,13.32,10.477,10.515
20241115093206.2,551.824003458023,14.262,13.448,13.452,13.322,10.493,10.513
20241115093206.7,552.293001115322,14.274,13.441,13.46,13.334,10.511,10.509
20241115093207.2,552.74600610137,14.278,13.443,13.476,13.312,10.493,10.513
20241115093207.6,553.203004226089,14.248,13.444,13.454,13.29,10.499,10.493
20241115093208.1,553.652006015182,14.28,13.437,13.46,13.308,10.499,10.515
20241115093208.5,554.125006869435,14.25,13.443,13.452,13.318,10.491,10.523
20241115093209,554.578001797199,14.272,13.446,13.452,13.31,10.513,10.507
20241115093209.4,555.027003586292,14.266,13.429,13.452,13.324,10.497,10.515
20241115093209.9,555.48000857234,14.25,13.439,13.448,13.31,10.497,10.517
20241115093210.4,555.937006697059,14.26,13.437,13.464,13.334,10.507,10.515
20241115093210.8,556.406004354358,14.268,13.45,13.462,13.334,10.493,10.513
20241115093211.3,556.879005208611,14.258,13.433,13.46,13.349,10.499,10.511
20241115093211.8,557.332000136375,14.278,13.443,13.443,13.32,10.485,10.503
20241115093212.2,557.789008319378,14.274,13.444,13.454,13.326,10.495,10.513
20241115093212.7,558.242003247142,14.27,13.435,13.458,13.33,10.499,10.493
20241115093213.1,558.69500823319,14.284,13.448,13.456,13.334,10.483,10.505
20241115093213.6,559.148003160954,14.294,13.435,13.47,13.322,10.493,10.493
20241115093214,559.601008147001,14.298,13.452,13.46,13.308,10.493,10.499
20241115093214.5,560.055008903146,14.268,13.462,13.462,13.306,10.481,10.505
20241115093214.9,560.50800383091,14.284,13.468,13.466,13.312,10.499,10.507
20241115093215.4,560.973008349538,14.288,13.435,13.466,13.332,10.493,10.511
20241115093215.9,561.437007039785,14.298,13.45,13.464,13.332,10.495,10.517
20241115093216.3,561.906004697084,14.282,13.443,13.458,13.316,10.481,10.515
20241115093216.8,562.375002354383,14.282,13.441,13.47,13.314,10.489,10.515
20241115093217.2,562.824004143476,14.298,13.448,13.454,13.336,10.485,10.501
20241115093217.7,563.293001800776,14.284,13.444,13.46,13.33,10.489,10.501
20241115093218.2,563.742003589869,14.29,13.439,13.476,13.34,10.495,10.497
20241115093218.6,564.191005378962,14.3,13.456,13.474,13.34,10.499,10.515
20241115093219.1,564.64800350368,14.288,13.435,13.468,13.338,10.483,10.497
20241115093219.5,565.117001160979,14.296,13.439,13.462,13.334,10.513,10.521
20241115093220,565.586008876562,14.288,13.437,13.456,13.347,10.493,10.531
20241115093220.5,566.035000607371,14.31,13.443,13.476,13.33,10.495,10.511
20241115093220.9,566.504008322954,14.29,13.454,13.458,13.314,10.491,10.495
20241115093221.4,566.961006447673,14.278,13.452,13.45,13.332,10.477,10.509
20241115093221.8,567.414001375437,14.268,13.446,13.462,13.34,10.507,10.505
20241115093222.3,567.86300316453,14.284,13.446,13.468,13.34,10.499,10.507
20241115093222.8,568.332000821829,14.282,13.435,13.478,13.355,10.497,10.495
20241115093223.2,568.781002610922,14.308,13.444,13.466,13.355,10.483,10.523
20241115093223.7,569.23400759697,14.298,13.452,13.484,13.347,10.507,10.521
20241115093224.1,569.687002524734,14.29,13.452,13.474,13.345,10.507,10.523
20241115093224.6,570.141003280878,14.306,13.431,13.462,13.363,10.483,10.507
20241115093225,570.594008266926,14.292,13.454,13.498,13.345,10.501,10.505
20241115093225.5,571.058006957173,14.322,13.448,13.47,13.363,10.483,10.523
20241115093225.9,571.512007713318,14.3,13.448,13.48,13.371,10.497,10.521
20241115093226.4,571.979999542236,14.308,13.458,13.498,13.369,10.515,10.515
20241115093226.9,572.43000715971,14.31,13.454,13.484,13.375,10.511,10.519
20241115093227.3,572.883002087474,14.306,13.464,13.486,13.377,10.503,10.519
20241115093227.8,573.336007073522,14.318,13.45,13.482,13.389,10.497,10.531
20241115093228.2,573.789002001286,14.322,13.472,13.494,13.355,10.503,10.523
20241115093228.7,574.242006987333,14.33,13.464,13.472,13.355,10.507,10.517
20241115093229.1,574.691008776426,14.33,13.476,13.48,13.359,10.493,10.533
20241115093229.6,575.163999572396,14.32,13.464,13.49,13.385,10.487,10.536
20241115093230,575.621007755399,14.322,13.458,13.5,13.387,10.517,10.529
20241115093230.5,576.078005880117,14.338,13.464,13.492,13.365,10.497,10.513
20241115093231,576.535004004836,14.332,13.47,13.484,13.363,10.503,10.538
20241115093231.4,577.000008523464,14.314,13.458,13.484,13.361,10.513,10.499
20241115093231.9,577.449000254273,14.34,13.472,13.496,13.365,10.505,10.515
20241115093232.3,577.902005240321,14.351,13.468,13.488,13.367,10.495,10.523
20241115093232.8,578.355000168085,14.334,13.458,13.496,13.353,10.497,10.517
20241115093233.2,578.812008351088,14.342,13.468,13.482,13.361,10.495,10.542
20241115093233.7,579.265999048948,14.334,13.47,13.494,13.371,10.503,10.523
20241115093234.1,579.719004034996,14.349,13.458,13.492,13.363,10.509,10.531
20241115093234.6,580.176002159715,14.334,13.462,13.472,13.367,10.505,10.513
20241115093235.1,580.633000284433,14.336,13.482,13.476,13.365,10.505,10.521
20241115093235.5,581.086005270481,14.353,13.452,13.486,13.351,10.493,10.521
20241115093236,581.566006690264,14.332,13.48,13.49,13.365,10.505,10.511
20241115093236.4,582.023004814982,14.345,13.456,13.496,13.345,10.509,10.519
20241115093236.9,582.475999742746,14.349,13.462,13.49,13.351,10.507,10.507
20241115093237.3,582.92600736022,14.349,13.46,13.48,13.355,10.479,10.515
20241115093237.8,583.379002287984,14.347,13.466,13.494,13.359,10.501,10.521
20241115093238.3,583.836000412703,14.347,13.474,13.494,13.371,10.501,10.519
20241115093238.7,584.305008128285,14.345,13.472,13.496,13.367,10.517,10.507
20241115093239.2,584.772999957204,14.359,13.46,13.494,13.347,10.505,10.521
20241115093239.6,585.226004943252,14.363,13.472,13.49,13.359,10.493,10.519
20241115093240.1,585.680005699396,14.347,13.476,13.506,13.369,10.521,10.527
20241115093240.6,586.13300062716,14.338,13.478,13.49,13.375,10.513,10.531
20241115093241,586.590008810163,14.363,13.464,13.49,13.365,10.509,10.527
20241115093241.5,587.047006934881,14.351,13.458,13.494,13.349,10.521,10.527
20241115093241.9,587.500001862645,14.349,13.482,13.496,13.371,10.503,10.538
20241115093242.4,587.956999987364,14.365,13.476,13.488,13.345,10.505,10.499
20241115093242.8,588.410004973412,14.349,13.46,13.512,13.351,10.497,10.523
20241115093243.3,588.86700309813,14.351,13.484,13.48,13.341,10.499,10.513
20241115093243.7,589.320008084178,14.349,13.466,13.484,13.357,10.505,10.529
20241115093244.2,589.777006208897,14.355,13.464,13.48,13.341,10.497,10.515
20241115093244.7,590.246003866196,14.351,13.466,13.488,13.357,10.491,10.509
20241115093245.1,590.699008852243,14.363,13.454,13.492,13.345,10.497,10.515
20241115093245.6,591.168006509542,14.343,13.468,13.482,13.343,10.495,10.503
20241115093246.1,591.637004166842,14.355,13.468,13.48,13.361,10.501,10.519
20241115093246.5,592.086005955935,14.353,13.442,13.48,13.343,10.487,10.515
20241115093247,592.555003613234,14.377,13.45,13.478,13.359,10.521,10.509
20241115093247.4,593.008008599281,14.369,13.464,13.482,13.343,10.473,10.535
20241115093247.9,593.473003059626,14.377,13.468,13.466,13.339,10.509,10.521
20241115093248.4,593.941004946828,14.357,13.458,13.486,13.353,10.507,10.517
20241115093248.8,594.393999874592,14.357,13.468,13.488,13.326,10.497,10.511
20241115093249.3,594.85900439322,14.353,13.458,13.482,13.343,10.507,10.509
20241115093249.8,595.328002050519,14.367,13.464,13.476,13.337,10.503,10.511
20241115093250.2,595.777003839612,14.363,13.446,13.49,13.343,10.501,10.517
20241115093250.7,596.23000882566,14.357,13.468,13.48,13.341,10.499,10.513
20241115093251.1,596.683003753424,14.373,13.454,13.476,13.353,10.501,10.513
20241115093251.6,597.137004509568,14.361,13.468,13.48,13.361,10.481,10.505
20241115093252,597.589999437332,14.357,13.466,13.464,13.353,10.503,10.507
20241115093252.5,598.05500395596,14.365,13.464,13.488,13.361,10.501,10.505
20241115093252.9,598.519002646208,14.379,13.462,13.48,13.351,10.509,10.519
20241115093253.4,598.973003402352,14.387,13.478,13.482,13.349,10.503,10.513
20241115093253.9,599.4370020926,14.381,13.466,13.486,13.357,10.503,10.509
20241115093254.3,599.891002848744,14.375,13.464,13.49,13.353,10.485,10.501
20241115093254.8,600.344007834792,14.371,13.46,13.49,13.353,10.489,10.533
20241115093255.2,600.797002762556,14.383,13.466,13.484,13.341,10.497,10.517
20241115093255.7,601.250007748604,14.397,13.472,13.49,13.347,10.473,10.535
20241115093256.1,601.715002208948,14.389,13.484,13.478,13.361,10.517,10.521
20241115093256.6,602.180006727576,14.395,13.464,13.484,13.34,10.499,10.529
20241115093257.1,602.652001753449,14.387,13.492,13.5,13.355,10.509,10.507
20241115093257.5,603.117006272078,14.397,13.462,13.512,13.351,10.503,10.536
20241115093258,603.574004396796,14.403,13.5,13.504,13.351,10.503,10.531
20241115093258.4,604.02699932456,14.391,13.508,13.492,13.345,10.495,10.509
20241115093258.9,604.480004310608,14.403,13.46,13.506,13.334,10.505,10.521
20241115093259.4,604.949001967907,14.419,13.488,13.486,13.342,10.501,10.503
20241115093259.8,605.414006486535,14.419,13.48,13.496,13.332,10.491,10.536
20241115093300.3,605.867001414299,14.419,13.468,13.502,13.334,10.507,10.523
20241115093300.8,606.335999071598,14.417,13.456,13.49,13.351,10.487,10.515
20241115093301.2,606.805006787181,14.399,13.472,13.5,13.324,10.489,10.527
20241115093301.7,607.254008576274,14.415,13.476,13.488,13.342,10.515,10.515
20241115093302.1,607.707003504038,14.403,13.486,13.504,13.345,10.483,10.493
20241115093302.6,608.164001628757,14.421,13.474,13.5,13.363,10.501,10.523
20241115093303,608.617006614804,14.417,13.468,13.492,13.347,10.511,10.513
20241115093303.5,609.066008403897,14.415,13.476,13.492,13.351,10.501,10.527
20241115093304,609.535006061196,14.411,13.486,13.5,13.357,10.499,10.493
20241115093304.4,610.004003718495,14.429,13.468,13.5,13.338,10.487,10.515
20241115093304.9,610.453005507588,14.431,13.476,13.496,13.361,10.491,10.533
20241115093305.3,610.910003632307,14.433,13.496,13.498,13.357,10.515,10.507
20241115093305.8,611.375008150935,14.454,13.496,13.48,13.357,10.493,10.521
20241115093306.3,611.828003078699,14.439,13.47,13.494,13.377,10.509,10.527
20241115093306.7,612.281008064747,14.446,13.496,13.5,13.369,10.505,10.517
20241115093307.2,612.738006189466,14.458,13.476,13.498,13.349,10.499,10.521
20241115093307.6,613.191001117229,14.462,13.48,13.486,13.355,10.493,10.517
20241115093308.1,613.656005635858,14.452,13.476,13.502,13.355,10.491,10.527
20241115093308.5,614.125003293157,14.474,13.494,13.492,13.359,10.515,10.517
20241115093309,614.57400508225,14.474,13.49,13.496,13.369,10.493,10.499
20241115093309.4,615.027000010014,14.476,13.478,13.506,13.361,10.497,10.511
20241115093309.9,615.488001331687,14.456,13.482,13.496,13.375,10.505,10.525
20241115093310.4,615.961002185941,14.476,13.492,13.492,13.361,10.499,10.533
20241115093310.9,616.42999984324,14.458,13.468,13.512,13.371,10.493,10.501
20241115093311.3,616.879001632333,14.466,13.484,13.504,13.367,10.479,10.521
20241115093311.8,617.347999289632,14.456,13.494,13.488,13.343,10.491,10.509
20241115093312.2,617.797001078725,14.472,13.494,13.51,13.355,10.491,10.501
20241115093312.7,618.250006064773,14.466,13.478,13.506,13.365,10.505,10.497
20241115093313.1,618.699007853866,14.47,13.498,13.494,13.361,10.491,10.513
20241115093313.6,619.187005609274,14.458,13.476,13.5,13.375,10.503,10.505
20241115093314.1,619.641006365418,14.484,13.492,13.49,13.385,10.499,10.527
20241115093314.5,620.094001293182,14.474,13.484,13.49,13.377,10.487,10.515
20241115093315,620.562003180385,14.5,13.502,13.5,13.373,10.493,10.515
20241115093315.4,621.027007699013,14.496,13.508,13.516,13.381,10.497,10.511
20241115093315.9,621.480002626777,14.498,13.486,13.506,13.397,10.509,10.513
20241115093316.4,621.937000751495,14.518,13.51,13.5,13.361,10.497,10.495
20241115093316.8,622.406008467078,14.516,13.486,13.504,13.345,10.501,10.503
20241115093317.3,622.875006124377,14.52,13.488,13.486,13.363,10.505,10.511
20241115093317.8,623.340000584722,14.537,13.512,13.486,13.371,10.477,10.519
20241115093318.2,623.808002471924,14.539,13.51,13.498,13.341,10.487,10.503
20241115093318.7,624.262003228068,14.524,13.498,13.5,13.361,10.491,10.519
20241115093319.1,624.719001352787,14.516,13.51,13.506,13.351,10.507,10.511
20241115093319.6,625.172006338835,14.532,13.506,13.494,13.355,10.489,10.501
20241115093320.1,625.641003996134,14.532,13.486,13.502,13.355,10.495,10.501
20241115093320.5,626.105002686381,14.537,13.47,13.52,13.349,10.509,10.517
20241115093321,626.558007672429,14.524,13.478,13.5,13.326,10.499,10.511
20241115093321.4,627.027005329728,14.518,13.476,13.49,13.353,10.495,10.521
20241115093321.9,627.491999790072,14.543,13.482,13.5,13.335,10.485,10.501
20241115093322.4,627.94500477612,14.516,13.488,13.486,13.333,10.471,10.505
20241115093322.8,628.397999703884,14.537,13.488,13.498,13.333,10.505,10.517
20241115093323.3,628.855007886887,14.514,13.496,13.486,13.339,10.493,10.509
20241115093323.7,629.320002347231,14.533,13.492,13.486,13.359,10.493,10.495
20241115093324.2,629.78900000453,14.522,13.496,13.492,13.347,10.481,10.515
20241115093324.7,630.258007720113,14.528,13.49,13.498,13.331,10.507,10.505
20241115093325.1,630.723002180457,14.512,13.484,13.498,13.345,10.497,10.511
20241115093325.6,631.180000305176,14.524,13.494,13.502,13.347,10.495,10.527
20241115093326.1,631.629002094269,14.51,13.5,13.51,13.335,10.483,10.519
20241115093326.5,632.086000218987,14.532,13.496,13.5,13.349,10.499,10.501
20241115093327,632.551004737616,14.535,13.492,13.498,13.361,10.497,10.499
20241115093327.4,633.019006624818,14.537,13.522,13.488,13.355,10.507,10.511
20241115093327.9,633.473007380962,14.52,13.512,13.512,13.365,10.483,10.513
20241115093328.3,633.926002308726,14.528,13.498,13.496,13.361,10.481,10.499
20241115093328.8,634.379007294774,14.535,13.498,13.514,13.369,10.519,10.515
20241115093329.3,634.848004952073,14.539,13.518,13.522,13.397,10.509,10.525
20241115093329.7,635.305003076792,14.549,13.504,13.51,13.371,10.501,10.509
20241115093330.2,635.773004963994,14.545,13.502,13.518,13.379,10.503,10.511
20241115093330.7,636.242002621293,14.559,13.508,13.498,13.391,10.493,10.533
20241115093331.1,636.707007139921,14.545,13.51,13.516,13.401,10.507,10.523
20241115093331.6,637.17600479722,14.551,13.516,13.512,13.389,10.499,10.511
20241115093332.1,637.628999724984,14.563,13.516,13.528,13.373,10.479,10.519
20241115093332.5,638.094004243612,14.555,13.53,13.516,13.383,10.509,10.513
20241115093333,638.543006032705,14.577,13.516,13.514,13.369,10.495,10.525
20241115093333.4,639.000004157424,14.547,13.518,13.52,13.393,10.511,10.511
20241115093333.9,639.461005479097,14.559,13.522,13.512,13.391,10.519,10.517
20241115093334.3,639.914000406861,14.563,13.514,13.518,13.363,10.497,10.521
20241115093334.8,640.371008589864,14.569,13.51,13.522,13.383,10.501,10.511
20241115093335.2,640.824003517628,14.569,13.528,13.528,13.389,10.495,10.529
20241115093335.7,641.277008503675,14.575,13.528,13.518,13.397,10.505,10.519
20241115093336.2,641.746006160975,14.553,13.524,13.526,13.369,10.509,10.521
20241115093336.6,642.199001088738,14.563,13.532,13.52,13.375,10.505,10.519
20241115093337.1,642.664005607367,14.569,13.534,13.512,13.399,10.499,10.507
20241115093337.6,643.129000067711,14.585,13.502,13.52,13.403,10.499,10.525
20241115093338,643.582005053759,14.567,13.524,13.528,13.385,10.509,10.536
20241115093338.5,644.055005908012,14.559,13.532,13.528,13.401,10.497,10.513
20241115093338.9,644.51900459826,14.577,13.51,13.512,13.397,10.489,10.519
20241115093339.4,644.984009116888,14.573,13.522,13.512,13.399,10.499,10.523
20241115093339.9,645.437004044652,14.597,13.524,13.526,13.391,10.501,10.517
20241115093340.3,645.906001701951,14.583,13.51,13.52,13.371,10.501,10.511
20241115093340.8,646.37499935925,14.571,13.508,13.524,13.383,10.481,10.517
20241115093341.2,646.824001148343,14.573,13.524,13.518,13.369,10.479,10.511
20241115093341.7,647.293008863926,14.573,13.518,13.53,13.379,10.485,10.503
20241115093342.2,647.754000127316,14.573,13.51,13.526,13.377,10.481,10.505
20241115093342.6,648.219004645944,14.585,13.498,13.51,13.369,10.491,10.503
20241115093343.1,648.671999573708,14.579,13.494,13.508,13.397,10.495,10.515
20241115093343.6,649.137004092336,14.565,13.522,13.516,13.369,10.475,10.509
20241115093344,649.594002217054,14.589,13.522,13.531,13.359,10.493,10.517
20241115093344.5,650.058000907302,14.571,13.51,13.504,13.377,10.491,10.507
20241115093344.9,650.516004860401,14.595,13.53,13.514,13.353,10.499,10.507
20241115093345.4,650.968999788165,14.575,13.518,13.508,13.369,10.489,10.503
20241115093345.8,651.422004774213,14.579,13.518,13.51,13.369,10.491,10.527
20241115093346.3,651.893999800086,14.585,13.52,13.504,13.345,10.499,10.501
20241115093346.8,652.363007515669,14.581,13.504,13.5,13.383,10.499,10.499
20241115093347.2,652.820005640388,14.593,13.522,13.508,13.357,10.493,10.505
20241115093347.7,653.273000568151,14.597,13.522,13.508,13.367,10.493,10.513
20241115093348.1,653.726005554199,14.593,13.52,13.514,13.355,10.515,10.511
20241115093348.6,654.199006408453,14.593,13.494,13.502,13.359,10.495,10.521
20241115093349.1,654.652001336217,14.625,13.5,13.496,13.357,10.489,10.507
20241115093349.5,655.117005854845,14.613,13.506,13.504,13.363,10.505,10.529
20241115093350,655.586003512144,14.613,13.518,13.502,13.343,10.491,10.509
20241115093350.5,656.043001636863,14.631,13.524,13.506,13.375,10.503,10.515
20241115093350.9,656.492003425956,14.621,13.504,13.508,13.349,10.495,10.525
20241115093351.4,656.945008412004,14.603,13.506,13.512,13.373,10.489,10.523
20241115093351.8,657.417999207973,14.613,13.52,13.51,13.375,10.521,10.533
20241115093352.3,657.871004194021,14.633,13.516,13.508,13.369,10.503,10.525
20241115093352.8,658.344005048275,14.607,13.53,13.516,13.351,10.507,10.521
20241115093353.2,658.796999976039,14.629,13.518,13.528,13.369,10.509,10.525
20241115093353.7,659.266007691622,14.625,13.52,13.522,13.359,10.505,10.505
20241115093354.2,659.738002717495,14.641,13.52,13.524,13.355,10.511,10.527
20241115093354.6,660.191007703543,14.654,13.51,13.506,13.367,10.499,10.521
20241115093355.1,660.656002163887,14.633,13.518,13.514,13.359,10.497,10.503
20241115093355.5,661.109007149935,14.658,13.514,13.528,13.371,10.495,10.529
20241115093356,661.574001610279,14.641,13.51,13.526,13.365,10.509,10.511
20241115093356.5,662.030999734998,14.615,13.506,13.508,13.367,10.509,10.54
20241115093356.9,662.480001524091,14.648,13.51,13.522,13.361,10.505,10.531
20241115093357.4,662.933006510139,14.66,13.49,13.498,13.367,10.489,10.509
20241115093357.8,663.402004167438,14.668,13.524,13.508,13.377,10.519,10.527
20241115093358.3,663.871001824737,14.645,13.504,13.504,13.359,10.509,10.521
20241115093358.8,664.336006343365,14.664,13.522,13.514,13.377,10.523,10.505
20241115093359.2,664.793004468083,14.672,13.498,13.498,13.365,10.511,10.527
20241115093359.7,665.258008986712,14.67,13.506,13.494,13.359,10.499,10.511
20241115093400.1,665.72600081563,14.666,13.494,13.52,13.377,10.505,10.517
20241115093400.6,666.180001571774,14.678,13.496,13.524,13.385,10.511,10.511
20241115093401.1,666.633006557822,14.668,13.516,13.506,13.363,10.505,10.505
20241115093401.5,667.101008445024,14.67,13.508,13.508,13.357,10.505,10.515
20241115093402,667.566002905369,14.686,13.49,13.52,13.365,10.509,10.533
20241115093402.4,668.023001030087,14.678,13.52,13.516,13.357,10.525,10.519
20241115093402.9,668.488005548716,14.692,13.504,13.504,13.383,10.513,10.521
20241115093403.4,668.957003206015,14.674,13.524,13.512,13.347,10.499,10.517
20241115093403.8,669.422007724643,14.686,13.498,13.508,13.367,10.517,10.525
20241115093404.3,669.887002184987,14.688,13.494,13.492,13.377,10.511,10.527
20241115093404.8,670.344000309706,14.694,13.522,13.496,13.345,10.511,10.523
20241115093405.2,670.808009058237,14.698,13.49,13.506,13.33,10.503,10.529
20241115093405.7,671.280999854207,14.69,13.51,13.5,13.34,10.507,10.529
20241115093406.2,671.74200117588,14.698,13.518,13.504,13.344,10.511,10.519
20241115093406.6,672.211008891463,14.708,13.498,13.51,13.357,10.517,10.511
20241115093407.1,672.672000154853,14.698,13.5,13.492,13.344,10.491,10.527
20241115093407.6,673.141007870436,14.702,13.496,13.51,13.361,10.509,10.531
20241115093408,673.605006560683,14.694,13.498,13.496,13.334,10.493,10.531
20241115093408.5,674.058001488447,14.718,13.478,13.51,13.32,10.491,10.523
20241115093408.9,674.523006007075,14.694,13.492,13.5,13.345,10.515,10.523
20241115093409.4,674.992003664374,14.696,13.492,13.488,13.344,10.491,10.527
20241115093409.9,675.449001789093,14.694,13.53,13.52,13.367,10.501,10.536
20241115093410.3,675.905999913812,14.71,13.492,13.49,13.359,10.499,10.525
20241115093410.8,676.355001702905,14.714,13.506,13.484,13.363,10.507,10.517
20241115093411.2,676.811999827623,14.716,13.508,13.494,13.357,10.495,10.517
20241115093411.7,677.269008010626,14.732,13.52,13.496,13.353,10.507,10.515
20241115093412.1,677.726006135345,14.72,13.52,13.504,13.349,10.499,10.523
20241115093412.6,678.180006891489,14.712,13.496,13.502,13.349,10.505,10.517
20241115093413.1,678.641008213162,14.716,13.526,13.494,13.361,10.493,10.529
20241115093413.5,679.094003140926,14.726,13.52,13.508,13.342,10.521,10.519
20241115093414,679.558001831174,14.74,13.512,13.488,13.344,10.495,10.536
20241115093414.4,680.016005784273,14.728,13.508,13.504,13.365,10.497,10.517
20241115093414.9,680.469000712037,14.73,13.516,13.498,13.345,10.501,10.515
20241115093415.3,680.92600889504,14.742,13.508,13.498,13.369,10.501,10.507
20241115093415.8,681.383007019758,14.726,13.528,13.506,13.349,10.499,10.525
20241115093416.3,681.840005144477,14.744,13.508,13.502,13.367,10.501,10.513
20241115093416.7,682.30100646615,14.736,13.52,13.512,13.381,10.497,10.515
20241115093417.2,682.769008353353,14.753,13.498,13.524,13.361,10.507,10.517
20241115093417.7,683.238006010652,14.747,13.506,13.504,13.367,10.507,10.501
20241115093418.1,683.707003667951,14.765,13.512,13.534,13.351,10.487,10.507
20241115093418.6,684.172008186579,14.757,13.516,13.5,13.361,10.487,10.519
20241115093419.1,684.641005843878,14.763,13.522,13.512,13.383,10.499,10.519
20241115093419.5,685.10900773108,14.755,13.526,13.518,13.381,10.497,10.503
20241115093420,685.582008585334,14.763,13.543,13.52,13.381,10.501,10.533
20241115093420.5,686.039006710052,14.769,13.514,13.514,13.395,10.503,10.517
20241115093420.9,686.512007564306,14.769,13.534,13.528,13.403,10.487,10.542
20241115093421.4,686.979999393225,14.777,13.526,13.518,13.401,10.483,10.529
20241115093421.9,687.437007576227,14.799,13.524,13.526,13.413,10.483,10.523
20241115093422.3,687.906005233526,14.807,13.543,13.526,13.407,10.491,10.542
20241115093422.8,688.375002890825,14.803,13.563,13.528,13.397,10.489,10.525
20241115093423.3,688.844000548124,14.815,13.553,13.514,13.381,10.491,10.511
20241115093423.7,689.308009296656,14.807,13.557,13.514,13.407,10.489,10.521
20241115093424.2,689.777006953955,14.819,13.549,13.516,13.423,10.495,10.509
20241115093424.7,690.246004611254,14.819,13.561,13.53,13.403,10.495,10.519
20241115093425.1,690.715002268553,14.825,13.569,13.526,13.395,10.473,10.507
20241115093425.6,691.180006787181,14.831,13.559,13.534,13.407,10.509,10.519
20241115093426.1,691.6370049119,14.827,13.557,13.524,13.395,10.483,10.519
20241115093426.5,692.125002667308,14.831,13.536,13.524,13.425,10.495,10.517
20241115093427,692.590007185936,14.846,13.567,13.526,13.419,10.501,10.509
20241115093427.5,693.057999014854,14.845,13.555,13.52,13.415,10.489,10.523
20241115093427.9,693.527006730437,14.854,13.545,13.542,13.415,10.479,10.519
20241115093428.4,693.996004387736,14.833,13.54,13.547,13.403,10.505,10.511
20241115093428.9,694.465002045035,14.868,13.563,13.534,13.401,10.495,10.515
20241115093429.4,694.949006661773,14.858,13.538,13.538,13.389,10.499,10.513
20241115093429.8,695.406004786491,14.841,13.528,13.526,13.393,10.505,10.517
20241115093430.3,695.858999714255,14.845,13.563,13.54,13.373,10.519,10.515
20241115093430.8,696.328007429838,14.843,13.542,13.534,13.395,10.497,10.515
20241115093431.2,696.797005087137,14.866,13.557,13.532,13.407,10.499,10.487
20241115093431.7,697.261999547482,14.833,13.569,13.528,13.397,10.503,10.513
20241115093432.2,697.730001434684,14.843,13.577,13.528,13.403,10.479,10.497
20241115093432.6,698.195005953312,14.868,13.555,13.532,13.421,10.497,10.509
20241115093433.1,698.671999946237,14.856,13.549,13.524,13.397,10.499,10.517
20241115093433.6,699.141007661819,14.872,13.557,13.534,13.389,10.491,10.521
20241115093434,699.608999490738,14.872,13.555,13.542,13.419,10.487,10.517
20241115093434.5,700.078007206321,14.882,13.563,13.532,13.405,10.493,10.513
20241115093435,700.543001666665,14.87,13.557,13.522,13.405,10.489,10.505
20241115093435.4,701.011999323964,14.878,13.54,13.536,13.387,10.485,10.531
20241115093435.9,701.476008072495,14.864,13.538,13.53,13.401,10.515,10.529
20241115093436.4,701.945005729795,14.904,13.559,13.528,13.371,10.505,10.515
20241115093436.8,702.414003387094,14.878,13.54,13.524,13.405,10.501,10.521
20241115093437.3,702.879007905722,14.874,13.547,13.52,13.377,10.491,10.509
20241115093437.8,703.348005563021,14.89,13.555,13.532,13.399,10.475,10.499
20241115093438.2,703.816007450223,14.896,13.557,13.536,13.397,10.499,10.527
20241115093438.7,704.297004640102,14.876,13.557,13.536,13.389,10.495,10.517
20241115093439.2,704.761999100447,14.88,13.555,13.532,13.381,10.491,10.509
20241115093439.7,705.230000987649,14.896,13.531,13.514,13.393,10.501,10.507
20241115093440.1,705.683005973697,14.886,13.537,13.502,13.389,10.469,10.525
20241115093440.6,706.148000434041,14.906,13.551,13.518,13.371,10.489,10.521
20241115093441,706.609001755714,14.9,13.553,13.516,13.381,10.485,10.517
20241115093441.5,707.074006274343,14.9,13.543,13.512,13.377,10.479,10.495
20241115093441.9,707.527001202106,14.888,13.549,13.526,13.391,10.477,10.519
20241115093442.4,707.996008917689,14.904,13.557,13.524,13.367,10.493,10.515
20241115093442.9,708.461003378034,14.916,13.539,13.506,13.399,10.485,10.515
20241115093443.3,708.918001502752,14.92,13.539,13.508,13.401,10.487,10.511
20241115093443.8,709.38300602138,14.926,13.531,13.522,13.393,10.479,10.513
20241115093444.3,709.851007908583,14.932,13.553,13.524,13.387,10.489,10.507
20241115093444.7,710.320005565882,14.941,13.535,13.533,13.391,10.491,10.509
20241115093445.2,710.789003223181,14.941,13.543,13.541,13.395,10.503,10.501
20241115093445.7,711.25800088048,14.934,13.561,13.528,13.393,10.489,10.509
20241115093446.1,711.726002767682,14.945,13.553,13.539,13.393,10.493,10.505
20241115093446.6,712.19100728631,14.953,13.555,13.557,13.403,10.487,10.499
20241115093447.1,712.660004943609,14.935,13.561,13.537,13.425,10.499,10.503
20241115093447.6,713.129002600908,14.979,13.555,13.531,13.431,10.501,10.515
20241115093448,713.598000258207,14.975,13.561,13.528,13.434,10.491,10.507
20241115093448.5,714.062009006739,14.983,13.575,13.549,13.427,10.499,10.529
20241115093448.9,714.515999704599,14.985,13.565,13.533,13.427,10.491,10.515
20241115093449.4,714.980008453131,15.001,13.573,13.541,13.403,10.489,10.521
20241115093449.9,715.437006577849,14.993,13.563,13.533,13.403,10.501,10.525
20241115093450.3,715.902001038194,14.999,13.579,13.526,13.409,10.483,10.505
20241115093450.8,716.379005089402,15.003,13.579,13.535,13.413,10.501,10.519
20241115093451.3,716.843999549747,14.997,13.573,13.545,13.425,10.485,10.507
20241115093451.7,717.308008298278,15.015,13.569,13.53,13.423,10.475,10.511
20241115093452.2,717.777005955577,15.027,13.599,13.545,13.415,10.479,10.529
20241115093452.7,718.242000415921,15.023,13.587,13.542,13.401,10.505,10.509
20241115093453.1,718.711008131504,15.029,13.591,13.547,13.411,10.495,10.523
20241115093453.6,719.180005788803,15.009,13.603,13.555,13.399,10.499,10.499
20241115093454.1,719.652000814676,15.029,13.593,13.551,13.405,10.477,10.521
20241115093454.5,720.11300213635,15.07,13.569,13.555,13.383,10.475,10.529
20241115093455,720.574003458023,15.068,13.611,13.549,13.401,10.497,10.515
20241115093455.5,721.035004779696,15.068,13.593,13.543,13.389,10.509,10.507
20241115093455.9,721.48799970746,15.064,13.597,13.561,13.395,10.493,10.525
20241115093456.4,721.941004693508,15.068,13.579,13.563,13.401,10.485,10.513
20241115093456.8,722.410002350807,15.08,13.569,13.553,13.403,10.499,10.511
20241115093457.3,722.883003205061,15.086,13.595,13.553,13.393,10.487,10.521
20241115093457.8,723.351005092263,15.096,13.601,13.567,13.387,10.505,10.511
20241115093458.2,723.805005848408,15.068,13.579,13.543,13.397,10.497,10.523
20241115093458.7,724.262003973126,15.084,13.583,13.563,13.393,10.505,10.529
20241115093459.1,724.726002663374,15.08,13.575,13.553,13.403,10.483,10.527
20241115093459.6,725.195000320673,15.082,13.591,13.555,13.411,10.507,10.525
20241115093500.1,725.664008036256,15.088,13.599,13.542,13.395,10.479,10.531
20241115093500.5,726.121006160975,15.08,13.589,13.549,13.395,10.485,10.533
20241115093501,726.586000621319,15.074,13.605,13.547,13.395,10.501,10.511
20241115093501.5,727.055008336902,15.108,13.575,13.545,13.403,10.509,10.523
20241115093501.9,727.52300016582,15.112,13.593,13.54,13.385,10.511,10.515
20241115093502.4,727.976005151868,15.102,13.585,13.559,13.411,10.503,10.533
20241115093502.9,728.445002809167,15.074,13.581,13.545,13.419,10.503,10.523
20241115093503.3,728.910007327795,15.108,13.591,13.542,13.401,10.499,10.54
20241115093503.8,729.383008182049,15.108,13.599,13.559,13.413,10.495,10.521
20241115093504.3,729.851000010967,15.09,13.595,13.534,13.399,10.513,10.529
20241115093504.7,730.316004529595,15.102,13.563,13.553,13.413,10.489,10.531
20241115093505.2,730.80100491643,15.116,13.583,13.54,13.401,10.489,10.54
20241115093505.7,731.269006803632,15.124,13.593,13.538,13.413,10.503,10.513
20241115093506.2,731.750003993511,15.108,13.619,13.569,13.433,10.493,10.513
20241115093506.6,732.215008512139,15.102,13.601,13.534,13.405,10.491,10.517
20241115093507.1,732.683000341058,15.126,13.601,13.549,13.409,10.515,10.509
20241115093507.6,733.152008056641,15.136,13.617,13.555,13.399,10.499,10.536
20241115093508,733.625008910894,15.134,13.583,13.549,13.415,10.491,10.525
20241115093508.5,734.094006568193,15.134,13.587,13.536,13.413,10.499,10.523
20241115093509,734.558005258441,15.151,13.587,13.559,13.417,10.509,10.529
20241115093509.4,735.02700291574,15.157,13.591,13.551,13.415,10.481,10.517
20241115093509.9,735.480007901788,15.159,13.585,13.543,13.423,10.495,10.529
20241115093510.4,735.945002362132,15.149,13.569,13.542,13.427,10.511,10.519
20241115093510.8,736.414000019431,15.179,13.581,13.549,13.403,10.497,10.529
20241115093511.3,736.879004538059,15.175,13.585,13.542,13.407,10.513,10.536
20241115093511.8,737.336002662778,15.163,13.599,13.547,13.405,10.507,10.513
20241115093512.2,737.808007746935,15.171,13.579,13.551,13.413,10.497,10.538
20241115093512.7,738.273002207279,15.195,13.587,13.559,13.431,10.503,10.525
20241115093513.2,738.741999864578,15.201,13.591,13.553,13.411,10.503,10.538
20241115093513.6,739.211007580161,15.189,13.589,13.543,13.435,10.489,10.513
20241115093514.1,739.676002040505,15.195,13.595,13.547,13.413,10.519,10.525
20241115093514.6,740.144003927708,15.211,13.601,13.551,13.397,10.503,10.517
20241115093515,740.609008446336,15.207,13.599,13.547,13.405,10.511,10.523
20241115093515.5,741.078006103635,15.209,13.603,13.553,13.417,10.519,10.527
20241115093516,741.547003760934,15.203,13.587,13.555,13.405,10.505,10.521
20241115093516.4,742.012008279562,15.215,13.593,13.561,13.427,10.513,10.519
20241115093516.9,742.48000010848,15.229,13.601,13.549,13.395,10.521,10.513
20241115093517.4,742.961007356644,15.209,13.585,13.545,13.421,10.501,10.546
20241115093517.8,743.426001816988,15.223,13.615,13.54,13.407,10.509,10.515
20241115093518.3,743.89400370419,15.229,13.609,13.542,13.399,10.499,10.521
20241115093518.8,744.359008222818,15.245,13.603,13.551,13.399,10.491,10.515
20241115093519.3,744.828005880117,15.262,13.613,13.549,13.377,10.511,10.538
20241115093519.7,745.3080072999,15.256,13.607,13.559,13.391,10.507,10.511
20241115093520.2,745.777004957199,15.274,13.593,13.549,13.401,10.503,10.536
20241115093520.7,746.262005344033,15.26,13.613,13.545,13.399,10.499,10.523
20241115093521.1,746.726004034281,15.252,13.619,13.551,13.391,10.499,10.527
20241115093521.6,747.19500169158,15.274,13.603,13.54,13.399,10.503,10.523
20241115093522.1,747.663999348879,15.28,13.599,13.547,13.399,10.493,10.523
20241115093522.6,748.129003867507,15.274,13.609,13.547,13.387,10.511,10.536
20241115093523,748.598001524806,15.28,13.613,13.551,13.381,10.507,10.54
20241115093523.5,749.062000215054,15.29,13.597,13.555,13.385,10.509,10.548
20241115093524,749.531007930636,15.304,13.593,13.536,13.407,10.513,10.517
20241115093524.4,749.996002390981,15.308,13.621,13.549,13.417,10.515,10.527
20241115093524.9,750.46500004828,15.306,13.617,13.538,13.403,10.501,10.546
20241115093525.4,750.930004566908,15.304,13.619,13.534,13.377,10.485,10.523
20241115093525.8,751.394003257155,15.324,13.619,13.538,13.371,10.503,10.529
20241115093526.3,751.863000914454,15.298,13.593,13.553,13.383,10.491,10.536
20241115093526.8,752.332008630037,15.324,13.615,13.542,13.383,10.519,10.533
20241115093527.2,752.785003557801,15.342,13.603,13.545,13.385,10.495,10.513
20241115093527.7,753.2540012151,15.336,13.603,13.545,13.369,10.497,10.544
20241115093528.1,753.719005733728,15.33,13.607,13.545,13.375,10.491,10.54
20241115093528.6,754.187007620931,15.361,13.599,13.547,13.385,10.499,10.529
20241115093529.1,754.65600527823,15.351,13.609,13.528,13.365,10.505,10.531
20241115093529.5,755.125002935529,15.355,13.591,13.53,13.367,10.499,10.517
20241115093530,755.594000592828,15.371,13.577,13.526,13.383,10.495,10.544
20241115093530.5,756.057999283075,15.357,13.605,13.545,13.373,10.497,10.521
20241115093530.9,756.51200003922,15.377,13.585,13.524,13.385,10.501,10.513
20241115093531.4,756.980001926422,15.363,13.595,13.538,13.381,10.493,10.525
20241115093531.9,757.448999583721,15.379,13.583,13.528,13.371,10.499,10.531
20241115093532.3,757.914004102349,15.399,13.607,13.536,13.405,10.515,10.54
20241115093532.8,758.383001759648,15.411,13.611,13.514,13.403,10.507,10.517
20241115093533.3,758.863003179431,15.415,13.603,13.542,13.383,10.501,10.533
20241115093533.8,759.33200083673,15.423,13.617,13.534,13.383,10.513,10.538
20241115093534.2,759.801008552313,15.435,13.631,13.532,13.359,10.503,10.525
20241115093534.7,760.266003012657,15.466,13.615,13.526,13.387,10.499,10.529
20241115093535.2,760.734004899859,15.46,13.621,13.538,13.389,10.493,10.511
20241115093535.6,761.191003024578,15.476,13.625,13.545,13.381,10.503,10.519
20241115093536.1,761.660000681877,15.492,13.623,13.526,13.385,10.503,10.523
20241115093536.6,762.12900839746,15.474,13.631,13.532,13.411,10.523,10.531
20241115093537,762.594002857804,15.482,13.627,13.551,13.401,10.499,10.533
20241115093537.5,763.062004745007,15.49,13.639,13.543,13.429,10.493,10.529
20241115093538,763.531002402306,15.504,13.633,13.536,13.383,10.509,10.523
20241115093538.4,764.000000059605,15.504,13.635,13.543,13.395,10.493,10.517
20241115093538.9,764.469007775187,15.49,13.621,13.549,13.385,10.513,10.525
20241115093539.4,764.933006465435,15.504,13.641,13.528,13.393,10.499,10.521
20241115093539.9,765.523005276918,15.528,13.635,13.528,13.393,10.509,10.521
20241115093540.4,765.992002934217,15.522,13.611,13.545,13.385,10.495,10.529
20241115093540.9,766.461000591516,15.544,13.648,13.53,13.391,10.491,10.527
20241115093541.4,766.930008307099,15.538,13.623,13.559,13.407,10.513,10.519
20241115093541.8,767.394006997347,15.53,13.639,13.536,13.401,10.487,10.521
20241115093542.3,767.859001457691,15.54,13.641,13.536,13.381,10.503,10.525
20241115093542.8,768.344001844525,15.549,13.641,13.543,13.391,10.497,10.527
20241115093543.2,768.808000534773,15.54,13.641,13.543,13.387,10.509,10.517
20241115093543.7,769.277008250356,15.555,13.641,13.536,13.417,10.507,10.517
20241115093544.2,769.746005907655,15.555,13.635,13.54,13.381,10.499,10.538
20241115093544.6,770.215003564954,15.563,13.639,13.54,13.389,10.519,10.515
20241115093545.1,770.687008649111,15.569,13.646,13.536,13.397,10.489,10.546
20241115093545.6,771.1479999125,15.591,13.625,13.543,13.405,10.507,10.519
20241115093546,771.605008095503,15.579,13.641,13.557,13.373,10.489,10.538
20241115093546.5,772.074005752802,15.595,13.623,13.534,13.403,10.497,10.531
20241115093547,772.543003410101,15.593,13.641,13.547,13.401,10.501,10.529
20241115093547.4,773.027008026838,15.595,13.644,13.553,13.377,10.503,10.523
20241115093547.9,773.500008881092,15.609,13.639,13.553,13.387,10.507,10.525
20241115093548.4,773.969006538391,15.627,13.643,13.553,13.407,10.511,10.531
20241115093548.8,774.42600466311,15.621,13.65,13.549,13.393,10.497,10.533
20241115093549.3,774.906006082892,15.645,13.641,13.557,13.383,10.491,10.523
20241115093549.8,775.375003740191,15.633,13.666,13.545,13.387,10.493,10.507
20241115093550.3,775.844001397491,15.637,13.662,13.549,13.395,10.523,10.542
20241115093550.7,776.308000087738,15.66,13.639,13.536,13.395,10.489,10.544
20241115093551.2,776.777007803321,15.66,13.65,13.545,13.389,10.503,10.515
20241115093551.7,777.23400592804,15.662,13.658,13.543,13.381,10.505,10.521
20241115093552.1,777.707006782293,15.69,13.658,13.553,13.393,10.495,10.546
20241115093552.6,778.172001242638,15.696,13.639,13.545,13.401,10.517,10.519
20241115093553.1,778.64100895822,15.68,13.646,13.542,13.407,10.519,10.527
20241115093553.5,779.109000787139,15.702,13.648,13.547,13.391,10.513,10.533
20241115093554,779.574005305767,15.694,13.639,13.538,13.401,10.505,10.533
20241115093554.5,780.043002963066,15.722,13.639,13.571,13.397,10.503,10.513
20241115093554.9,780.512000620365,15.716,13.654,13.52,13.395,10.491,10.527
20241115093555.4,780.969008803368,15.71,13.652,13.565,13.415,10.509,10.54
20241115093555.9,781.437000632286,15.716,13.65,13.54,13.399,10.501,10.525
20241115093556.3,781.894008815289,15.718,13.656,13.557,13.403,10.511,10.536
20241115093556.8,782.359003275633,15.714,13.666,13.542,13.409,10.505,10.509
20241115093557.3,782.828000932932,15.728,13.652,13.547,13.417,10.499,10.505
20241115093557.7,783.289002254605,15.747,13.643,13.561,13.401,10.487,10.525
20241115093558.2,783.754006773233,15.751,13.662,13.553,13.413,10.499,10.533
20241115093558.6,784.219001233578,15.744,13.643,13.563,13.399,10.517,10.521
20241115093559.1,784.672006219625,15.734,13.666,13.542,13.405,10.519,10.538
20241115093559.6,785.141003876925,15.753,13.644,13.555,13.399,10.503,10.536
20241115093600,785.625008493662,15.763,13.65,13.545,13.407,10.493,10.531
20241115093600.5,786.094006150961,15.775,13.65,13.542,13.391,10.491,10.533
20241115093601,786.562008038163,15.775,13.648,13.542,13.401,10.497,10.525
20241115093601.4,787.019006162882,15.779,13.652,13.559,13.409,10.505,10.529
20241115093601.9,787.484000623226,15.777,13.656,13.543,13.387,10.509,10.523
20241115093602.4,787.953008338809,15.785,13.656,13.543,13.403,10.497,10.519
20241115093602.8,788.425999134779,15.803,13.643,13.549,13.397,10.511,10.542
20241115093603.3,788.894001021981,15.795,13.631,13.53,13.409,10.479,10.542
20241115093603.8,789.359005540609,15.805,13.633,13.542,13.389,10.503,10.531
20241115093604.3,789.832006394863,15.793,13.65,13.555,13.391,10.507,10.533
20241115093604.7,790.297000855207,15.837,13.635,13.557,13.391,10.507,10.55
20241115093605.2,790.76600857079,15.821,13.639,13.563,13.399,10.499,10.533
20241115093605.7,791.234000399709,15.833,13.65,13.545,13.405,10.499,10.531
20241115093606.1,791.691008582711,15.829,13.668,13.567,13.417,10.507,10.531
20241115093606.6,792.156003043056,15.831,13.643,13.543,13.387,10.509,10.521
20241115093607,792.625000700355,15.833,13.641,13.563,13.403,10.505,10.525
20241115093607.5,793.090005218983,15.837,13.65,13.542,13.413,10.491,10.519
20241115093608,793.562000244856,15.835,13.644,13.534,13.415,10.495,10.542
20241115093608.5,794.031007960439,15.848,13.652,13.542,13.405,10.497,10.538
20241115093608.9,794.500005617738,15.843,13.656,13.547,13.391,10.499,10.511
20241115093609.4,794.969003275037,15.845,13.65,13.565,13.395,10.513,10.529
20241115093609.9,795.433001965284,15.864,13.643,13.573,13.403,10.495,10.531
20241115093610.3,795.891005918384,15.854,13.666,13.559,13.411,10.507,10.525
20241115093610.8,796.359007805586,15.88,13.644,13.547,13.391,10.497,10.538
20241115093611.3,796.828005462885,15.888,13.668,13.545,13.411,10.517,10.519
20241115093611.7,797.297003120184,15.882,13.652,13.557,13.405,10.485,10.531
20241115093612.2,797.766000777483,15.898,13.656,13.553,13.413,10.487,10.533
20241115093612.7,798.25000539422,15.912,13.66,13.547,13.405,10.489,10.521
20241115093613.2,798.730006814003,15.916,13.668,13.565,13.403,10.491,10.55
20241115093613.6,799.199004471302,15.93,13.65,13.549,13.399,10.499,10.527
20241115093614.1,799.68700222671,15.912,13.662,13.567,13.415,10.507,10.548
20241115093614.6,800.155999884009,15.957,13.68,13.551,13.409,10.515,10.533
20241115093615,800.621004402637,15.955,13.664,13.581,13.415,10.511,10.523
20241115093615.5,801.086008921266,15.977,13.65,13.543,13.419,10.499,10.527
20241115093616,801.555006578565,15.985,13.658,13.569,13.423,10.515,10.542
20241115093616.4,802.019005268812,15.999,13.68,13.543,13.407,10.503,10.525
20241115093616.9,802.488002926111,16.027,13.672,13.563,13.423,10.491,10.525
20241115093617.4,802.953007444739,16.019,13.662,13.555,13.407,10.501,10.538
20241115093617.8,803.426008298993,16.025,13.682,13.557,13.401,10.507,10.54
20241115093618.3,803.894000127912,16.031,13.674,13.557,13.395,10.491,10.529
20241115093618.8,804.363007843494,16.029,13.666,13.565,13.427,10.503,10.529
20241115093619.3,804.832005500793,16.027,13.676,13.557,13.409,10.501,10.544
20241115093619.7,805.301003158092,16.039,13.67,13.569,13.423,10.515,10.525
20241115093620.2,805.766007676721,16.064,13.668,13.553,13.419,10.515,10.538
20241115093620.7,806.233999505639,16.076,13.676,13.561,13.403,10.497,10.525
20241115093621.1,806.707000359893,16.088,13.678,13.559,13.397,10.493,10.523
20241115093621.6,807.176008075476,16.09,13.674,13.551,13.427,10.505,10.513
20241115093622.1,807.643999904394,16.092,13.678,13.581,13.403,10.501,10.538
20241115093622.5,808.109004423022,16.108,13.68,13.567,13.405,10.501,10.538
20241115093623,808.578002080321,16.142,13.674,13.565,13.413,10.503,10.536
20241115093623.5,809.062006697059,16.132,13.692,13.555,13.427,10.497,10.525
20241115093624,809.531004354358,16.161,13.688,13.565,13.413,10.515,10.54
20241115093624.4,809.996008872986,16.179,13.664,13.561,13.421,10.501,10.527
20241115093624.9,810.46100333333,16.185,13.68,13.567,13.421,10.491,10.529
20241115093625.4,810.930000990629,16.205,13.678,13.563,13.401,10.505,10.521
20241115093625.8,811.402006074786,16.217,13.694,13.545,13.387,10.511,10.531
20241115093626.3,811.867000535131,16.213,13.706,13.567,13.409,10.513,10.538
20241115093626.8,812.336008250713,16.227,13.672,13.567,13.415,10.489,10.538
20241115093627.2,812.812006473541,16.245,13.66,13.557,13.403,10.507,10.529
20241115093627.7,813.273007795215,16.254,13.68,13.561,13.399,10.505,10.517
20241115093628.2,813.738002255559,16.272,13.66,13.555,13.399,10.515,10.529
20241115093628.6,814.206999912858,16.25,13.67,13.557,13.411,10.507,10.542
20241115093629.1,814.680000767112,16.262,13.682,13.553,13.397,10.507,10.538
20241115093629.6,815.143999457359,16.282,13.688,13.557,13.415,10.503,10.529
20241115093630,815.613007172942,16.302,13.672,13.569,13.401,10.499,10.533
20241115093630.5,816.082004830241,16.318,13.668,13.553,13.411,10.511,10.529
20241115093631,816.55100248754,16.33,13.7,13.565,13.417,10.507,10.533
20241115093631.4,817.019004374743,16.346,13.676,13.567,13.415,10.507,10.544
20241115093631.9,817.488002032042,16.353,13.69,13.567,13.431,10.505,10.533
20241115093632.4,817.95300655067,16.347,13.71,13.581,13.437,10.503,10.538
20241115093632.8,818.418001011014,16.373,13.68,13.563,13.421,10.505,10.529
20241115093633.3,818.883005529642,16.381,13.694,13.557,13.411,10.495,10.533
20241115093633.8,819.351007416844,16.391,13.69,13.573,13.395,10.481,10.54
20241115093634.2,819.824008271098,16.413,13.702,13.577,13.401,10.503,10.538
20241115093634.7,820.289002731442,16.413,13.682,13.557,13.401,10.513,10.531
20241115093635.2,820.754007250071,16.427,13.686,13.569,13.415,10.499,10.533
20241115093635.6,821.219001710415,16.419,13.684,13.571,13.425,10.497,10.531
20241115093636.1,821.687003597617,16.429,13.686,13.567,13.413,10.511,10.531
20241115093636.6,822.152008116245,16.443,13.676,13.563,13.409,10.505,10.531
20241115093637,822.625008970499,16.423,13.684,13.551,13.431,10.509,10.533
20241115093637.5,823.094006627798,16.462,13.698,13.567,13.419,10.513,10.538
20241115093638,823.558005318046,16.464,13.68,13.547,13.405,10.509,10.533
20241115093638.4,824.027002975345,16.486,13.698,13.545,13.421,10.507,10.538
20241115093638.9,824.492007493973,16.504,13.684,13.575,13.441,10.503,10.531
20241115093639.4,824.961005151272,16.512,13.686,13.575,13.415,10.521,10.542
20241115093639.8,825.425999611616,16.536,13.688,13.573,13.407,10.509,10.536
20241115093640.3,825.894001498818,16.546,13.682,13.565,13.419,10.501,10.536
20241115093640.8,826.363009214401,16.565,13.68,13.555,13.423,10.497,10.562
20241115093641.3,826.828003674746,16.565,13.696,13.569,13.407,10.487,10.538
20241115093641.7,827.297001332045,16.583,13.7,13.579,13.411,10.495,10.548
20241115093642.2,827.765998989344,16.607,13.694,13.567,13.385,10.497,10.55
20241115093642.7,828.230007737875,16.611,13.692,13.573,13.417,10.495,10.538
20241115093643.1,828.695002198219,16.619,13.694,13.577,13.399,10.487,10.54
20241115093643.6,829.163999855518,16.603,13.704,13.551,13.399,10.511,10.538
20241115093644.1,829.629004374146,16.635,13.694,13.567,13.391,10.493,10.552
20241115093644.5,830.113008990884,16.629,13.688,13.581,13.401,10.497,10.554
20241115093645,830.582006648183,16.648,13.688,13.549,13.419,10.515,10.536
20241115093645.5,831.062008067966,16.654,13.708,13.565,13.399,10.505,10.536
20241115093646,831.531005725265,16.648,13.672,13.553,13.401,10.493,10.523
20241115093646.4,832.004006579518,16.654,13.666,13.541,13.409,10.493,10.544
20241115093646.9,832.465007901192,16.668,13.67,13.555,13.409,10.491,10.531
20241115093647.4,832.93299973011,16.674,13.668,13.559,13.405,10.507,10.509
20241115093647.8,833.391003683209,16.696,13.686,13.559,13.427,10.489,10.535
20241115093648.3,833.863008767366,16.706,13.682,13.555,13.407,10.497,10.507
20241115093648.8,834.332006424665,16.726,13.696,13.557,13.421,10.509,10.542
20241115093649.2,834.79700088501,16.743,13.692,13.569,13.415,10.499,10.521
20241115093649.7,835.266008600593,16.759,13.698,13.579,13.411,10.487,10.521
20241115093650.2,835.734000429511,16.769,13.68,13.585,13.401,10.495,10.535
20241115093650.6,836.203008145094,16.791,13.686,13.575,13.423,10.487,10.521
20241115093651.1,836.663999408484,16.791,13.682,13.571,13.413,10.493,10.529
20241115093651.6,837.137000262737,16.809,13.688,13.573,13.387,10.487,10.537
20241115093652,837.60500214994,16.84,13.68,13.577,13.421,10.507,10.523
20241115093652.5,838.070006668568,16.852,13.684,13.567,13.425,10.507,10.515
20241115093653,838.539004325867,16.872,13.682,13.565,13.395,10.509,10.527
20241115093653.4,839.008001983166,16.88,13.698,13.575,13.401,10.481,10.499
20241115093653.9,839.476003870368,16.89,13.69,13.593,13.42,10.495,10.519
20241115093654.4,839.941008388996,16.896,13.694,13.583,13.413,10.473,10.525
20241115093654.8,840.41400924325,16.931,13.68,13.559,13.409,10.483,10.517
20241115093655.3,840.883006900549,16.957,13.69,13.561,13.42,10.491,10.517
20241115093655.8,841.348001360893,16.971,13.686,13.571,13.411,10.477,10.509
20241115093656.3,841.828002780676,17.036,13.684,13.549,13.424,10.485,10.529
20241115093656.7,842.312007397413,17.092,13.698,13.555,13.405,10.479,10.517
20241115093657.2,842.781005054712,17.124,13.704,13.581,13.389,10.481,10.533
20241115093657.7,843.250002712011,17.124,13.702,13.583,13.411,10.499,10.521
20241115093658.1,843.71900036931,17.155,13.694,13.575,13.403,10.471,10.523
20241115093658.6,844.183009117842,17.175,13.696,13.577,13.417,10.483,10.521
20241115093659.1,844.648003578186,17.201,13.706,13.571,13.413,10.495,10.503
20241115093659.5,845.117001235485,17.203,13.706,13.581,13.417,10.501,10.513
20241115093660,845.578002557158,17.215,13.706,13.575,13.417,10.485,10.537
20241115093700.5,846.043007075787,17.225,13.702,13.565,13.423,10.475,10.548
20241115093700.9,846.52700163424,17.244,13.712,13.551,13.431,10.477,10.527
20241115093701.4,847.008008882403,17.254,13.704,13.563,13.44,10.481,10.537
20241115093701.9,847.480003908277,17.262,13.718,13.585,13.419,10.481,10.511
20241115093702.4,847.961001098156,17.29,13.704,13.595,13.415,10.507,10.527
20241115093702.9,848.430008813739,17.284,13.718,13.585,13.444,10.485,10.527
20241115093703.3,848.894007503986,17.318,13.696,13.599,13.407,10.495,10.511
20241115093703.8,849.35500882566,17.341,13.71,13.599,13.405,10.497,10.537
20241115093704.3,849.832002818584,17.351,13.724,13.591,13.427,10.495,10.537
20241115093704.7,850.301000475883,17.369,13.696,13.599,13.446,10.481,10.517
20241115093705.2,850.762001797557,17.379,13.708,13.595,13.413,10.491,10.535
20241115093705.7,851.230003684759,17.391,13.728,13.593,13.413,10.503,10.537
20241115093706.1,851.687001809478,17.419,13.714,13.607,13.407,10.497,10.527
20241115093706.6,852.155999466777,17.429,13.704,13.581,13.405,10.483,10.529
20241115093707,852.62500718236,17.46,13.698,13.599,13.411,10.505,10.525
20241115093707.5,853.094004839659,17.45,13.706,13.567,13.391,10.509,10.513
20241115093708,853.558003529906,17.468,13.7,13.587,13.405,10.511,10.523
20241115093708.4,854.027001187205,17.502,13.694,13.591,13.411,10.489,10.521
20241115093708.9,854.496008902788,17.524,13.72,13.561,13.417,10.509,10.525
20241115093709.4,854.965006560087,17.534,13.696,13.599,13.405,10.481,10.515
20241115093709.9,855.433008447289,17.541,13.708,13.583,13.411,10.511,10.533
20241115093710.3,855.902006104589,17.575,13.708,13.571,13.413,10.485,10.527
20241115093710.8,856.367000564933,17.603,13.71,13.557,13.401,10.491,10.527
20241115093711.3,856.836008280516,17.623,13.708,13.577,13.421,10.489,10.548
20241115093711.7,857.305005937815,17.656,13.704,13.589,13.399,10.507,10.499
20241115093712.2,857.769004628062,17.676,13.72,13.585,13.401,10.491,10.529
20241115093712.7,858.238002285361,17.682,13.73,13.587,13.399,10.503,10.535
20241115093713.1,858.70699994266,17.694,13.714,13.565,13.405,10.483,10.537
20241115093713.6,859.172004461288,17.708,13.706,13.583,13.419,10.503,10.542
20241115093714.1,859.641002118587,17.759,13.716,13.567,13.436,10.479,10.529
20241115093714.5,860.10900400579,17.743,13.702,13.573,13.397,10.495,10.523
20241115093715,860.590001195669,17.759,13.73,13.589,13.407,10.525,10.525
20241115093715.5,861.062006279826,17.777,13.716,13.575,13.425,10.493,10.529
20241115093716,861.531003937125,17.819,13.71,13.585,13.417,10.481,10.517
20241115093716.4,862.004004791379,17.813,13.72,13.585,13.399,10.479,10.513
20241115093716.9,862.461002916098,17.829,13.708,13.579,13.415,10.489,10.539
20241115093717.3,862.926007434726,17.854,13.708,13.555,13.405,10.479,10.519
20241115093717.8,863.393999263644,17.894,13.702,13.573,13.409,10.481,10.517
20241115093718.3,863.859003782272,17.928,13.726,13.603,13.415,10.487,10.548
20241115093718.8,864.344004169106,17.936,13.74,13.579,13.409,10.483,10.533
20241115093719.2,864.816009253263,17.969,13.72,13.569,13.421,10.499,10.521
20241115093719.7,865.285006910563,17.989,13.704,13.591,13.409,10.509,10.544
20241115093720.2,865.750001370907,18.011,13.694,13.593,13.405,10.513,10.536
20241115093720.6,866.218999028206,18.017,13.714,13.591,13.429,10.497,10.529
20241115093721.1,866.687000915408,18.056,13.718,13.581,13.395,10.505,10.519
20241115093721.6,867.160001769662,18.07,13.71,13.583,13.435,10.489,10.54
20241115093722.1,867.628999426961,18.09,13.728,13.583,13.425,10.477,10.529
20241115093722.5,868.101004511118,18.13,13.718,13.595,13.419,10.491,10.536
20241115093723,868.570002168417,18.144,13.71,13.569,13.421,10.495,10.531
20241115093723.5,869.035006687045,18.171,13.722,13.577,13.439,10.483,10.536
20241115093723.9,869.504004344344,18.197,13.738,13.579,13.409,10.493,10.533
20241115093724.4,869.973002001643,18.205,13.728,13.591,13.425,10.491,10.521
20241115093724.9,870.441003888845,18.241,13.738,13.583,13.415,10.491,10.529
20241115093725.3,870.910001546144,18.254,13.722,13.571,13.421,10.495,10.533
20241115093725.8,871.375006064773,18.304,13.712,13.577,13.413,10.485,10.544
20241115093726.3,871.848006919026,18.324,13.72,13.577,13.431,10.521,10.536
20241115093726.7,872.316008806229,18.363,13.72,13.579,13.411,10.493,10.538
20241115093727.2,872.785006463528,18.391,13.716,13.583,13.417,10.497,10.531
20241115093727.7,873.254004120827,18.385,13.73,13.581,13.401,10.499,10.531
20241115093728.1,873.723001778126,18.439,13.716,13.585,13.413,10.497,10.538
20241115093728.6,874.187000468373,18.464,13.724,13.573,13.411,10.503,10.515
20241115093729.1,874.652004987001,18.502,13.73,13.605,13.401,10.501,10.533
20241115093729.5,875.1210026443,18.524,13.738,13.569,13.417,10.505,10.529
20241115093730,875.5900003016,18.569,13.734,13.587,13.425,10.487,10.531
20241115093730.5,876.055004820228,18.579,13.74,13.591,13.433,10.497,10.531
20241115093730.9,876.526999846101,18.627,13.743,13.597,13.413,10.481,10.546
20241115093731.4,876.988001167774,18.666,13.738,13.587,13.425,10.499,10.538
20241115093731.9,877.461002022028,18.68,13.745,13.577,13.411,10.495,10.527
20241115093732.4,877.929999679327,18.724,13.714,13.587,13.419,10.501,10.523
20241115093732.8,878.398001566529,18.753,13.73,13.575,13.427,10.491,10.531
20241115093733.3,878.867009282112,18.769,13.718,13.593,13.423,10.489,10.548
20241115093733.8,879.340000078082,18.799,13.724,13.589,13.409,10.489,10.536
20241115093734.2,879.80500459671,18.862,13.755,13.609,13.409,10.483,10.511
20241115093734.7,880.269003286958,18.884,13.733,13.577,13.407,10.489,10.525
20241115093735.2,880.738000944257,18.898,13.733,13.581,13.395,10.475,10.507
20241115093735.6,881.20700865984,18.957,13.722,13.563,13.397,10.489,10.535
20241115093736.1,881.672003120184,18.995,13.72,13.561,13.393,10.489,10.537
20241115093736.6,882.141000777483,19.031,13.739,13.569,13.407,10.485,10.523
20241115093737,882.61300586164,19.076,13.732,13.567,13.411,10.479,10.525
20241115093737.5,883.078000321984,19.134,13.737,13.561,13.429,10.487,10.527
20241115093738,883.547008037567,19.12,13.735,13.561,13.407,10.487,10.537
20241115093738.4,884.016005694866,19.147,13.741,13.545,13.431,10.493,10.527
20241115093738.9,884.480004385114,19.179,13.722,13.581,13.409,10.507,10.535
20241115093739.4,884.953005239367,19.209,13.745,13.569,13.425,10.481,10.517
20241115093739.8,885.417999699712,19.235,13.749,13.569,13.405,10.485,10.523
20241115093740.3,885.887007415295,19.27,13.739,13.569,13.401,10.485,10.517
20241115093740.8,886.354999244213,19.322,13.753,13.565,13.415,10.493,10.539
20241115093741.3,886.839999631047,19.341,13.739,13.555,13.419,10.487,10.529
20241115093741.7,887.30800151825,19.391,13.745,13.571,13.421,10.507,10.546
20241115093742.2,887.781002372503,19.395,13.741,13.573,13.413,10.487,10.537
20241115093742.7,888.250000029802,19.456,13.735,13.557,13.401,10.501,10.501
20241115093743.1,888.719007745385,19.516,13.733,13.561,13.387,10.475,10.517
20241115093743.6,889.183006435633,19.557,13.741,13.575,13.389,10.479,10.515
20241115093744.1,889.652004092932,19.615,13.733,13.557,13.403,10.483,10.525
20241115093744.5,890.11700861156,19.652,13.735,13.563,13.397,10.477,10.533
20241115093745,890.586006268859,19.69,13.721,13.561,13.391,10.493,10.513
20241115093745.5,891.051000729203,19.749,13.729,13.563,13.401,10.501,10.529
20241115093745.9,891.519002616405,19.775,13.725,13.567,13.389,10.495,10.509
20241115093746.4,891.976000741124,19.819,13.741,13.569,13.405,10.477,10.517
20241115093746.9,892.445008456707,19.902,13.725,13.579,13.424,10.493,10.509
20241115093747.3,892.917999252677,19.957,13.757,13.565,13.397,10.499,10.517
20241115093747.8,893.391000106931,20.046,13.721,13.543,13.42,10.483,10.519
20241115093748.3,893.863005191088,20.104,13.737,13.575,13.389,10.481,10.523
20241115093748.8,894.332002848387,20.13,13.739,13.555,13.385,10.491,10.519
20241115093749.2,894.801000505686,20.175,13.757,13.557,13.413,10.485,10.527
20241115093749.7,895.266005024314,20.244,13.739,13.581,13.411,10.483,10.521
20241115093750.2,895.734006911516,20.262,13.743,13.567,13.417,10.493,10.513
20241115093750.6,896.215004101396,20.29,13.753,13.565,13.419,10.497,10.513
20241115093751.1,896.683005988598,20.326,13.729,13.581,13.422,10.487,10.511
20241115093751.6,897.148000448942,20.357,13.763,13.577,13.395,10.479,10.517
20241115093752,897.617008164525,20.397,13.751,13.563,13.415,10.483,10.531
20241115093752.5,898.086005821824,20.456,13.755,13.567,13.411,10.462,10.537
20241115093753,898.551000282168,20.474,13.755,13.577,13.395,10.491,10.537
20241115093753.4,899.019002169371,20.553,13.743,13.557,13.407,10.489,10.529
20241115093753.9,899.484006687999,20.599,13.739,13.571,13.413,10.487,10.515
20241115093754.4,899.949001148343,20.64,13.741,13.573,13.405,10.489,10.521
20241115093754.8,900.422002002597,20.678,13.761,13.559,13.391,10.497,10.519
20241115093755.3,900.890999659896,20.741,13.745,13.567,13.387,10.489,10.535
20241115093755.8,901.355008408427,20.783,13.751,13.555,13.387,10.481,10.513
20241115093756.2,901.824006065726,20.827,13.743,13.571,13.395,10.503,10.525
20241115093756.7,902.293003723025,20.87,13.749,13.583,13.415,10.487,10.535
20241115093757.2,902.758008241653,20.936,13.751,13.573,13.411,10.489,10.517
20241115093757.6,903.226000070572,20.979,13.753,13.561,13.401,10.479,10.537
20241115093758.1,903.695007786155,21.039,13.745,13.561,13.391,10.487,10.552
20241115093758.6,904.156009107828,21.088,13.761,13.575,13.411,10.487,10.527
20241115093759,904.625006765127,21.116,13.759,13.567,13.401,10.495,10.523
20241115093759.5,905.094004422426,21.179,13.753,13.591,13.405,10.517,10.558
20241115093760,905.562006309628,21.243,13.757,13.585,13.395,10.497,10.544
20241115093800.4,906.027000769973,21.29,13.765,13.577,13.403,10.503,10.544
20241115093800.9,906.496008485556,21.332,13.765,13.583,13.405,10.497,10.536
20241115093801.4,906.980003044009,21.377,13.757,13.567,13.407,10.493,10.527
20241115093801.9,907.445007562637,21.425,13.757,13.571,13.413,10.517,10.533
20241115093802.3,907.914005219936,21.492,13.757,13.557,13.393,10.509,10.55
20241115093802.8,908.383002877235,21.585,13.771,13.567,13.411,10.489,10.531
20241115093803.3,908.863004297018,21.637,13.749,13.549,13.432,10.503,10.556
20241115093803.8,909.332001954317,21.662,13.769,13.573,13.407,10.515,10.535
20241115093804.2,909.800999611616,21.726,13.769,13.577,13.403,10.501,10.511
20241115093804.7,910.273004695773,21.777,13.773,13.577,13.411,10.499,10.533
20241115093805.2,910.742002353072,21.845,13.747,13.583,13.391,10.513,10.527
20241115093805.6,911.2070068717,21.894,13.759,13.577,13.391,10.493,10.525
20241115093806.1,911.676004528999,21.94,13.755,13.565,13.411,10.495,10.544
20241115093806.6,912.140998989344,22.013,13.763,13.573,13.395,10.485,10.55
20241115093807,912.625003606081,22.043,13.771,13.575,13.409,10.495,10.529
20241115093807.5,913.09400126338,22.131,13.767,13.571,13.395,10.489,10.535
20241115093808,913.566006347537,22.194,13.757,13.557,13.405,10.495,10.535
20241115093808.5,914.035004004836,22.245,13.755,13.571,13.431,10.491,10.531
20241115093808.9,914.504001662135,22.304,13.771,13.555,13.407,10.497,10.533
20241115093809.4,914.988006278872,22.372,13.771,13.581,13.405,10.505,10.531
20241115093809.9,915.461007133126,22.459,13.779,13.575,13.403,10.493,10.544
20241115093810.4,915.930004790425,22.525,13.777,13.583,13.399,10.497,10.542
20241115093810.8,916.401999816298,22.582,13.787,13.569,13.407,10.493,10.548
20241115093811.3,916.867004334927,22.625,13.777,13.575,13.403,10.503,10.525
20241115093811.8,917.34000518918,22.697,13.785,13.557,13.413,10.499,10.544
20241115093812.2,917.820006608963,22.764,13.757,13.575,13.397,10.501,10.535
20241115093812.7,918.293007463217,22.827,13.765,13.581,13.425,10.509,10.533
20241115093813.2,918.773008882999,22.887,13.771,13.579,13.413,10.485,10.531
20241115093813.7,919.242006540298,22.978,13.761,13.575,13.423,10.493,10.535
20241115093814.1,919.711004197598,23.048,13.777,13.591,13.399,10.501,10.554
20241115093814.6,920.182999223471,23.144,13.785,13.575,13.409,10.515,10.542
20241115093815.2,920.789000764489,23.238,13.779,13.581,13.401,10.511,10.539
20241115093815.7,921.262001618743,23.283,13.779,13.581,13.405,10.505,10.531
20241115093816.2,921.730003505945,23.373,13.785,13.561,13.379,10.487,10.535
20241115093816.6,922.199001163244,23.473,13.789,13.589,13.403,10.499,10.539
20241115093817.1,922.668008878827,23.922,13.773,13.585,13.407,10.495,10.554
20241115093817.6,923.137006536126,24.135,13.783,13.583,13.403,10.489,10.529
20241115093818,923.601005226374,24.131,13.773,13.559,13.413,10.493,10.542
20241115093818.5,924.074006080627,24.17,13.793,13.567,13.409,10.509,10.55
20241115093819,924.547006934881,24.204,13.787,13.587,13.419,10.487,10.542
20241115093819.4,925.01600459218,24.243,13.795,13.575,13.421,10.515,10.542
20241115093819.9,925.504002347589,24.331,13.793,13.599,13.417,10.493,10.525
20241115093820.4,925.969006866217,24.372,13.787,13.571,13.403,10.499,10.527
20241115093820.9,926.437008753419,24.454,13.793,13.577,13.395,10.495,10.537
20241115093821.3,926.906006410718,24.529,13.817,13.581,13.401,10.503,10.525
20241115093821.8,927.375004068017,24.595,13.797,13.583,13.393,10.501,10.552
20241115093822.3,927.844001725316,24.682,13.771,13.579,13.403,10.495,10.542
20241115093822.7,928.308000415564,24.764,13.775,13.571,13.397,10.499,10.535
20241115093823.2,928.773004934192,24.846,13.783,13.587,13.403,10.497,10.529
20241115093823.7,929.246005788445,24.911,13.779,13.581,13.397,10.505,10.537
20241115093824.1,929.715003445745,25.001,13.785,13.569,13.405,10.491,10.56
20241115093824.6,930.199008062482,25.073,13.779,13.581,13.381,10.513,10.533
20241115093825.1,930.664002522826,25.136,13.779,13.569,13.393,10.499,10.533
20241115093825.6,931.133000180125,25.222,13.767,13.557,13.397,10.481,10.533
20241115093826,931.601002067327,25.31,13.785,13.561,13.411,10.495,10.535
20241115093826.5,932.090005651116,25.408,13.791,13.569,13.379,10.499,10.546
20241115093827,932.558007538319,25.487,13.793,13.587,13.387,10.505,10.544
20241115093827.4,933.027005195618,25.59,13.769,13.559,13.389,10.497,10.556
20241115093827.9,933.496002852917,25.69,13.785,13.575,13.403,10.501,10.533
20241115093828.4,933.965000510216,25.778,13.785,13.561,13.385,10.505,10.525
20241115093828.9,934.430005028844,25.876,13.781,13.563,13.393,10.501,10.556
20241115093829.3,934.898006916046,25.982,13.797,13.565,13.397,10.481,10.546
20241115093829.8,935.3710077703,26.076,13.791,13.573,13.389,10.485,10.525
20241115093830.3,935.851009190083,26.158,13.793,13.565,13.383,10.473,10.529
20241115093830.7,936.320006847382,26.299,13.795,13.571,13.373,10.489,10.537
20241115093831.2,936.785001307726,26.372,13.779,13.539,13.393,10.495,10.525
20241115093831.7,937.269005924463,26.485,13.787,13.559,13.411,10.513,10.535
20241115093832.2,937.750003114343,26.581,13.783,13.577,13.405,10.497,10.533
20241115093832.6,938.223003968596,26.691,13.773,13.595,13.395,10.505,10.542
20241115093833.1,938.691005855799,26.791,13.809,13.567,13.405,10.501,10.531
20241115093833.6,939.156000316143,26.897,13.787,13.567,13.421,10.487,10.535
20241115093834.1,939.633004367352,26.989,13.793,13.555,13.423,10.491,10.548
20241115093834.5,940.101006254554,27.1,13.799,13.581,13.419,10.487,10.535
20241115093835,940.570003911853,27.206,13.775,13.577,13.403,10.495,10.523
20241115093835.5,941.039001569152,27.312,13.795,13.559,13.391,10.483,10.523
20241115093835.9,941.50400608778,27.431,13.795,13.575,13.383,10.483,10.539
20241115093836.4,941.973003745079,27.529,13.781,13.569,13.389,10.493,10.513
20241115093836.9,942.441005632281,27.645,13.781,13.571,13.393,10.487,10.523
20241115093837.3,942.906000092626,27.768,13.779,13.567,13.375,10.493,10.525
20241115093837.8,943.375007808208,27.862,13.777,13.577,13.395,10.507,10.519
20241115093838.3,943.859002366662,27.991,13.787,13.577,13.409,10.501,10.543
20241115093838.8,944.339999556541,28.099,13.795,13.565,13.401,10.501,10.525
20241115093839.2,944.80500407517,28.234,13.783,13.561,13.415,10.493,10.537
20241115093839.7,945.273005962372,28.313,13.787,13.567,13.41,10.494,10.528
20241115093840.2,945.742003619671,28.451,13.776,13.552,13.392,10.468,10.542
20241115093840.6,946.21100127697,28.615,13.798,13.558,13.398,10.478,10.518
20241115093841.1,946.680008992553,28.727,13.784,13.566,13.404,10.474,10.51
20241115093841.6,947.148000821471,28.846,13.772,13.562,13.392,10.48,10.532
20241115093842,947.617008537054,28.979,13.788,13.562,13.415,10.486,10.496
20241115093842.5,948.086006194353,29.124,13.792,13.56,13.374,10.465,10.51
20241115093843,948.566007614136,29.287,13.792,13.55,13.406,10.476,10.514
20241115093843.5,949.035005271435,29.414,13.786,13.55,13.394,10.482,10.514
20241115093843.9,949.504002928734,29.551,13.776,13.566,13.404,10.48,10.512
20241115093844.4,949.973000586033,29.702,13.786,13.568,13.396,10.474,10.522
20241115093844.9,950.441002473235,29.863,13.792,13.564,13.398,10.484,10.514
20241115093845.3,950.906006991863,30.006,13.812,13.554,13.396,10.48,10.528
20241115093845.8,951.375004649162,30.155,13.806,13.57,13.398,10.486,10.52
20241115093846.3,951.844002306461,30.313,13.798,13.586,13.398,10.506,10.524
20241115093846.7,952.312004193664,30.468,13.788,13.568,13.419,10.478,10.508
20241115093847.2,952.777008712292,30.631,13.792,13.566,13.396,10.478,10.524
20241115093847.7,953.246006369591,30.793,13.796,13.556,13.404,10.488,10.52
20241115093848.1,953.71500402689,31.058,13.825,13.566,13.398,10.488,10.524
20241115093848.6,954.186999052763,31.575,13.792,13.564,13.412,10.478,10.53
20241115093849.1,954.656006768346,31.913,13.821,13.57,13.398,10.496,10.52
20241115093849.6,955.137003958225,32.248,13.804,13.566,13.388,10.465,10.522
20241115093850,955.601002648473,32.474,13.813,13.584,13.402,10.488,10.536
20241115093850.5,956.070000305772,32.546,13.815,13.589,13.401,10.487,10.527
20241115093851,956.543001160026,32.669,13.828,13.579,13.417,10.491,10.523
20241115093851.4,957.012008875608,32.978,13.85,13.581,13.417,10.493,10.533
20241115093851.9,957.484003901482,33.27,13.828,13.593,13.413,10.489,10.519
20241115093852.4,957.953001558781,33.376,13.83,13.591,13.407,10.462,10.535
20241115093852.8,958.42199921608,33.534,13.846,13.609,13.419,10.499,10.509
20241115093853.3,958.894004300237,33.724,13.84,13.583,13.421,10.507,10.533
20241115093853.8,959.359008818865,33.916,13.827,13.617,13.411,10.487,10.529
20241115093854.3,959.843999147415,34.11,13.856,13.589,13.431,10.507,10.515
20241115093854.7,960.316004231572,34.353,13.842,13.605,13.425,10.487,10.529
20241115093855.2,960.785001888871,34.57,13.836,13.605,13.419,10.483,10.523
20241115093855.7,961.25399954617,34.778,13.862,13.585,13.431,10.495,10.529
20241115093856.2,961.738004162908,34.995,13.84,13.611,13.405,10.481,10.519
20241115093856.6,962.219001352787,35.201,13.85,13.595,13.411,10.509,10.535
20241115093857.1,962.691006436944,35.362,13.844,13.593,13.409,10.499,10.539
20241115093857.6,963.156000897288,35.753,13.852,13.587,13.411,10.497,10.533
20241115093858,963.625008612871,36.026,13.854,13.591,13.415,10.489,10.513
20241115093858.5,964.097999408841,36.698,13.856,13.585,13.413,10.485,10.511
20241115093859,964.566001296043,36.909,13.864,13.607,13.399,10.501,10.511
20241115093859.5,965.039002150297,37.046,13.836,13.599,13.399,10.499,10.513
20241115093859.9,965.512003004551,37.309,13.834,13.589,13.413,10.481,10.535
20241115093900.4,965.980004891753,37.662,13.836,13.585,13.415,10.501,10.535
20241115093900.9,966.444999352098,37.929,13.83,13.603,13.419,10.491,10.511
20241115093901.3,966.91400706768,38.171,13.844,13.575,13.413,10.483,10.533
20241115093901.8,967.387007921934,38.469,13.852,13.589,13.405,10.471,10.558
20241115093902.3,967.851006612182,38.93,13.842,13.581,13.405,10.493,10.535
20241115093902.7,968.320004269481,39.485,13.864,13.597,13.438,10.493,10.525
20241115093903.2,968.78900192678,39.786,13.864,13.617,13.438,10.485,10.537
20241115093903.7,969.254006445408,40.116,13.868,13.599,13.411,10.497,10.521
20241115093904.1,969.723004102707,40.523,13.856,13.599,13.413,10.493,10.513
20241115093904.6,970.207008719444,40.689,13.852,13.599,13.422,10.467,10.519
20241115093905.1,970.672003179789,40.829,13.858,13.605,13.424,10.495,10.521
20241115093905.6,971.144008263946,40.966,13.868,13.595,13.436,10.483,10.527
20241115093906,971.613005921245,41.164,13.844,13.593,13.428,10.481,10.517
20241115093906.5,972.082003578544,41.516,13.838,13.605,13.434,10.495,10.527
20241115093907,972.547008097172,41.863,13.852,13.605,13.448,10.479,10.527
20241115093907.4,973.016005754471,42.008,13.856,13.597,13.43,10.505,10.523
20241115093907.9,973.480004444718,42.189,13.841,13.592,13.433,10.496,10.516
20241115093908.4,973.949002102017,42.371,13.855,13.613,13.443,10.484,10.51
20241115093908.8,974.417999759316,42.638,13.845,13.58,13.419,10.49,10.524
20241115093909.3,974.898001179099,42.953,13.835,13.58,13.417,10.48,10.514
20241115093909.8,975.383001565933,43.246,13.845,13.582,13.419,10.468,10.508
20241115093910.3,975.848006084561,43.555,13.857,13.596,13.394,10.49,10.514
20241115093910.7,976.312004774809,43.892,13.863,13.606,13.413,10.49,10.521
20241115093911.2,976.781002432108,44.232,13.858,13.607,13.405,10.491,10.513
20241115093911.7,977.261999621987,44.656,13.87,13.597,13.42,10.475,10.505
20241115093912.2,977.73000150919,45.279,13.85,13.601,13.409,10.499,10.513
20241115093912.6,978.198999166489,45.537,13.87,13.609,13.426,10.477,10.527
20241115093913.1,978.668006882071,45.899,13.862,13.613,13.411,10.479,10.517
20241115093913.6,979.137004539371,46.22,13.846,13.605,13.42,10.497,10.535
20241115093914,979.617005959153,46.716,13.87,13.591,13.419,10.497,10.503
20241115093914.5,980.086003616452,47.136,13.856,13.583,13.419,10.503,10.529
20241115093915,980.55100813508,47.581,13.856,13.583,13.432,10.479,10.52
20241115093915.4,981.018999963999,48.087,13.845,13.604,13.408,10.478,10.524
20241115093915.9,981.488007679582,48.628,13.853,13.594,13.406,10.468,10.534
20241115093916.4,981.973008066416,49.031,13.831,13.602,13.398,10.476,10.512
20241115093916.9,982.433003559709,49.345,13.877,13.592,13.386,10.502,10.492
20241115093917.3,982.906004413962,49.608,13.841,13.617,13.417,10.494,10.5
20241115093917.8,983.375002071261,49.829,13.873,13.592,13.406,10.472,10.512
20241115093918.3,983.84399972856,50.18,13.839,13.576,13.392,10.474,10.512
20241115093918.8,984.332007542253,50.631,13.863,13.598,13.396,10.472,10.512
20241115093919.2,984.820005297661,50.972,13.843,13.596,13.394,10.482,10.504
20241115093919.7,985.28900295496,51.331,13.863,13.582,13.388,10.476,10.524
20241115093920.2,985.762003809214,51.757,13.867,13.59,13.384,10.47,10.512
20241115093920.6,986.226002499461,52.643,13.841,13.586,13.386,10.488,10.504
20241115093921.1,986.69500015676,53.178,13.853,13.578,13.39,10.484,10.528
20241115093921.6,987.164007872343,53.456,13.847,13.601,13.413,10.477,10.505
20241115093922.1,987.633005529642,53.766,13.858,13.583,13.395,10.485,10.525
20241115093922.5,988.105000555515,54.313,13.858,13.605,13.42,10.481,10.521
20241115093923,988.578001409769,54.704,13.858,13.595,13.397,10.499,10.513
20241115093923.6,989.137000590563,55.153,13.848,13.605,13.397,10.505,10.521
20241115093924,989.605002477765,55.665,13.856,13.587,13.399,10.499,10.513
20241115093924.5,990.074000135064,56.162,13.86,13.591,13.405,10.485,10.517
20241115093925,990.543007850647,56.854,13.872,13.589,13.391,10.483,10.527
20241115093925.4,991.016008704901,57.418,13.874,13.593,13.385,10.503,10.517
20241115093925.9,991.484000533819,58.088,13.872,13.583,13.399,10.485,10.495
20241115093926.4,991.953008249402,58.838,13.872,13.589,13.401,10.479,10.525
20241115093926.8,992.422005906701,59.38,13.86,13.579,13.387,10.493,10.539
20241115093927.3,992.906000465155,60.098,13.872,13.593,13.395,10.471,10.535
20241115093927.8,993.371004983783,60.951,13.858,13.605,13.387,10.469,10.519
20241115093928.3,993.840002641082,61.986,13.85,13.579,13.403,10.501,10.511
20241115093928.7,994.30500715971,63.327,13.882,13.601,13.403,10.493,10.495
20241115093929.2,994.772998988628,63.995,13.872,13.571,13.401,10.509,10.527
20241115093929.7,995.242006704211,64.39,13.886,13.603,13.387,10.493,10.525
20241115093930.1,995.723003894091,65.291,13.9,13.573,13.405,10.483,10.531
20241115093930.6,996.191005781293,66.623,13.878,13.597,13.407,10.493,10.519
20241115093931.1,996.672002971172,67.326,13.882,13.607,13.417,10.491,10.523
20241115093931.6,997.144008055329,68.683,13.908,13.591,13.401,10.487,10.525
20241115093932,997.609002515674,69.475,13.904,13.593,13.405,10.493,10.523
20241115093932.5,998.089999705553,70.019,13.892,13.591,13.401,10.481,10.513
20241115093933,998.57400432229,70.805,13.906,13.609,13.401,10.483,10.537
20241115093933.5,999.043001979589,71.696,13.89,13.569,13.383,10.485,10.513
20241115093933.9,999.511999636889,72.395,13.906,13.585,13.395,10.501,10.533
20241115093934.4,999.97600838542,72.963,13.882,13.595,13.391,10.499,10.521
20241115093934.9,1000.44100284576,73.839,13.876,13.605,13.399,10.497,10.529
20241115093935.3,1000.91400370002,74.77,13.886,13.585,13.399,10.495,10.519
20241115093935.8,1001.38300135732,75.565,13.886,13.591,13.397,10.487,10.513
20241115093936.3,1001.84800587595,76.436,13.886,13.585,13.371,10.497,10.535
20241115093936.7,1002.32000090182,77.409,13.896,13.589,13.389,10.493,10.525
20241115093937.2,1002.80100814998,78.485,13.88,13.573,13.395,10.485,10.527
20241115093937.7,1003.2689999789,79.32,13.878,13.581,13.401,10.485,10.523
20241115093938.2,1003.73800769448,80.121,13.888,13.601,13.389,10.501,10.513
20241115093938.6,1004.22300808132,80.901,13.878,13.591,13.397,10.477,10.519
20241115093939.1,1004.70299944282,81.277,13.886,13.595,13.381,10.493,10.511
20241115093939.6,1005.1720071584,82.06,13.884,13.593,13.395,10.503,10.523
20241115093940.1,1005.6410048157,82.884,13.898,13.581,13.405,10.491,10.515
20241115093940.5,1006.10500350595,83.798,13.906,13.579,13.407,10.485,10.517
20241115093941,1006.57400116324,84.807,13.896,13.585,13.423,10.491,10.523
20241115093941.5,1007.04300887883,86.265,13.904,13.599,13.397,10.479,10.521
20241115093941.9,1007.51200653613,86.786,13.906,13.601,13.395,10.505,10.531
20241115093942.4,1007.97600522637,87.055,13.908,13.589,13.393,10.491,10.517
20241115093942.9,1008.47600251436,87.805,13.906,13.589,13.407,10.505,10.525
20241115093943.4,1008.94500017166,88.055,13.916,13.593,13.425,10.505,10.527
20241115093943.8,1009.41400788724,88.516,13.902,13.593,13.446,10.479,10.515
20241115093944.3,1009.88300554454,89.41,13.89,13.611,13.413,10.475,10.539
20241115093944.8,1010.34800000489,89.867,13.904,13.601,13.431,10.505,10.513
20241115093945.2,1010.82000508904,90.427,13.908,13.611,13.409,10.493,10.521
20241115093945.7,1011.28900274634,91.112,13.902,13.623,13.413,10.477,10.535
20241115093946.2,1011.77300736308,92.592,13.888,13.607,13.411,10.473,10.537
20241115093946.7,1012.24600821733,93.671,13.902,13.599,13.395,10.497,10.511
20241115093947.1,1012.71900907159,94.411,13.914,13.599,13.424,10.487,10.511
20241115093947.6,1013.18700090051,95.321,13.898,13.597,13.405,10.483,10.523
20241115093948.1,1013.65600861609,96.306,13.904,13.613,13.413,10.477,10.535
20241115093948.6,1014.13700580597,97.479,13.896,13.597,13.393,10.471,10.493
20241115093949,1014.62100036442,98.332,13.91,13.597,13.415,10.483,10.521
20241115093949.5,1015.08600488305,99.836,13.894,13.607,13.415,10.487,10.513
20241115093950,1015.55799990892,101.361,13.902,13.611,13.409,10.499,10.513
20241115093950.4,1016.02700762451,103.384,13.892,13.615,13.403,10.485,10.501
20241115093950.9,1016.50000847876,104.669,13.914,13.607,13.381,10.479,10.531
20241115093951.4,1016.96500293911,105.279,13.892,13.589,13.397,10.479,10.507
20241115093951.9,1017.43300482631,106.397,13.914,13.607,13.401,10.467,10.525
20241115093952.3,1017.90600568056,107.674,13.914,13.617,13.399,10.462,10.507
20241115093952.8,1018.37900653481,108.549,13.89,13.605,13.411,10.467,10.499
20241115093953.3,1018.84400099516,109.709,13.902,13.607,13.407,10.483,10.495
20241115093953.7,1019.31200288236,110.928,13.902,13.608,13.402,10.48,10.512
20241115093954.2,1019.78500373662,112.077,13.893,13.606,13.394,10.478,10.508
20241115093954.7,1020.25800459087,113.03,13.899,13.592,13.419,10.478,10.5
20241115093955.2,1020.74199914932,115.204,13.907,13.602,13.4,10.455,10.52
20241115093955.6,1021.22600376606,117.424,13.901,13.6,13.415,10.486,10.519
20241115093956.1,1021.71100415289,118.171,13.906,13.593,13.409,10.477,10.519
20241115093956.6,1022.18300923705,118.754,13.922,13.597,13.407,10.481,10.535
20241115093957.1,1022.65200689435,119.688,13.891,13.608,13.402,10.478,10.496
20241115093957.5,1023.11700135469,120.981,13.932,13.586,13.417,10.476,10.512
20241115093958,1023.58599901199,122.185,13.909,13.606,13.431,10.476,10.526
20241115093958.5,1024.07000362873,122.687,13.907,13.6,13.392,10.474,10.504
20241115093959,1024.53900128603,123.443,13.907,13.612,13.405,10.497,10.521
20241115093959.4,1025.00400580466,125.181,13.937,13.622,13.411,10.493,10.543
20241115093959.9,1025.47300346196,126.436,13.933,13.607,13.413,10.473,10.531
20241115094000.4,1025.94100534916,127.416,13.91,13.601,13.434,10.477,10.533
20241115094000.8,1026.42200253904,129.211,13.925,13.605,13.419,10.501,10.521
20241115094001.3,1026.89100019634,130.247,13.925,13.619,13.415,10.489,10.519
20241115094001.8,1027.37500481308,131.842,13.92,13.621,13.419,10.495,10.527
20241115094002.3,1027.84400247037,133.303,13.912,13.615,13.407,10.489,10.529
20241115094002.7,1028.31200435758,135.095,13.937,13.611,13.417,10.503,10.515
20241115094003.2,1028.78100201488,136.848,13.929,13.615,13.403,10.495,10.519
20241115094003.7,1029.24999967217,138.62,13.933,13.626,13.415,10.501,10.517
20241115094004.1,1029.71900738776,140.188,13.931,13.617,13.415,10.507,10.507
20241115094004.6,1030.19500561059,142.087,13.927,13.595,13.422,10.491,10.521
20241115094005.1,1030.66800646484,143.842,13.931,13.609,13.417,10.483,10.537
20241115094005.6,1031.13300092518,145.514,13.922,13.611,13.405,10.481,10.527
20241115094006.1,1031.6800005734,147.581,13.939,13.593,13.426,10.491,10.513
20241115094006.6,1032.14399926364,149.296,13.945,13.613,13.405,10.493,10.523
20241115094007,1032.6170001179,150.648,13.929,13.611,13.43,10.493,10.529
20241115094007.5,1033.08200463653,152.651,13.933,13.599,13.413,10.475,10.535
20241115094008,1033.56600925326,154.609,13.927,13.609,13.407,10.503,10.525
20241115094008.5,1034.03500691056,157.143,13.927,13.611,13.422,10.491,10.533
20241115094008.9,1034.50000137091,158.403,13.937,13.603,13.432,10.485,10.539
20241115094009.4,1034.96899902821,159.235,13.953,13.607,13.426,10.489,10.531
20241115094009.9,1035.43700091541,161.334,13.937,13.636,13.436,10.487,10.519
20241115094010.3,1035.91800816357,163.006,13.945,13.609,13.428,10.505,10.535
20241115094010.8,1036.38700582087,164.84,13.939,13.622,13.413,10.503,10.535
20241115094011.3,1036.85900084674,166.778,13.939,13.622,13.432,10.499,10.529
20241115094011.7,1037.32400536537,167.954,13.949,13.63,13.417,10.495,10.533
20241115094012.2,1037.78899982572,169.307,13.943,13.613,13.436,10.489,10.519
20241115094012.7,1038.26200067997,169.956,13.943,13.624,13.442,10.484,10.524
20241115094013.2,1038.73000256717,170.813,13.936,13.613,13.433,10.472,10.518
20241115094013.6,1039.20300342143,173.818,13.936,13.621,13.441,10.47,10.514
20241115094014.1,1039.69100117683,177.887,13.936,13.617,13.433,10.488,10.528
20241115094014.6,1040.18000476062,179.258,13.968,13.612,13.435,10.461,10.514
20241115094015.1,1040.65600298345,179.846,13.96,13.617,13.443,10.474,10.534
20241115094015.6,1041.13300703466,182.078,13.966,13.613,13.445,10.478,10.526
20241115094016,1041.60500206053,185.923,13.964,13.613,13.429,10.474,10.5
20241115094016.5,1042.08200611174,189.213,13.952,13.621,13.429,10.484,10.506
20241115094017,1042.55100376904,190.388,13.94,13.631,13.419,10.478,10.522
20241115094017.4,1043.01900565624,195.043,13.968,13.635,13.451,10.492,10.53
20241115094017.9,1043.48800331354,197.711,13.958,13.629,13.425,10.49,10.522
20241115094018.4,1043.95700097084,200.072,13.972,13.617,13.425,10.472,10.532
20241115094018.8,1044.42600868642,201.951,13.95,13.612,13.433,10.48,10.528
20241115094019.3,1044.89400051534,204.884,13.974,13.627,13.423,10.498,10.518
20241115094019.8,1045.37100456655,207.825,13.96,13.627,13.417,10.498,10.504
20241115094020.3,1045.85100598633,210.577,13.978,13.647,13.427,10.486,10.52
20241115094020.7,1046.31600044668,213.995,13.996,13.627,13.431,10.494,10.526
20241115094021.2,1046.78900130093,216.301,14.029,13.641,13.445,10.498,10.51
20241115094021.7,1047.25800901651,217.013,14.021,13.639,13.451,10.469,10.52
20241115094022.2,1047.74200357497,219.917,14.041,13.641,13.461,10.465,10.512
20241115094022.6,1048.21100123227,222.683,14.061,13.653,13.473,10.474,10.522
20241115094023.1,1048.68000894785,224.406,14.041,13.655,13.471,10.512,10.522
20241115094023.6,1049.14800077677,226.146,14.047,13.657,13.451,10.486,10.53
20241115094024,1049.61700849235,227.923,14.061,13.655,13.431,10.482,10.518
20241115094024.5,1050.08600614965,229.747,14.049,13.653,13.433,10.484,10.504
20241115094025.1,1050.66400542855,231.276,14.045,13.633,13.437,10.465,10.51
20241115094025.6,1051.1289998889,232.908,14.055,13.653,13.413,10.461,10.51
20241115094026,1051.59800760448,234.754,14.045,13.639,13.433,10.467,10.516
20241115094026.5,1052.07000263035,236.918,14.037,13.625,13.419,10.492,10.502
20241115094027,1052.55500301719,238.909,14.045,13.639,13.423,10.494,10.512
20241115094027.4,1053.01900170743,240.792,14.029,13.647,13.408,10.504,10.52
20241115094027.9,1053.49200256169,242.247,14.031,13.641,13.417,10.465,10.555
20241115094028.4,1053.96100021899,243.743,14.033,13.635,13.412,10.486,10.518
20241115094028.8,1054.42600473762,245.519,14.023,13.629,13.433,10.484,10.52
20241115094029.3,1054.89799976349,247.083,14.041,13.633,13.408,10.498,10.534
20241115094029.8,1055.35900108516,248.726,14.039,13.643,13.423,10.468,10.528
20241115094030.3,1055.83200193942,250.423,14.033,13.641,13.427,10.5,10.51
20241115094030.7,1056.29700645804,251.979,14.033,13.637,13.423,10.486,10.516
20241115094031.2,1056.76600411534,253.588,14.039,13.639,13.402,10.498,10.542
20241115094031.7,1057.23799914122,255.66,14.043,13.641,13.412,10.496,10.518
20241115094032.1,1057.7070068568,257.684,14.039,13.625,13.402,10.471,10.512
20241115094032.6,1058.17200131714,259.385,14.029,13.621,13.407,10.465,10.492
20241115094033.1,1058.64100903273,260.984,14.037,13.627,13.39,10.494,10.516
20241115094033.5,1059.10900086164,262.427,14.059,13.61,13.408,10.484,10.516
20241115094034,1059.59000810981,264.02,14.035,13.629,13.404,10.472,10.528
20241115094034.5,1060.05799993873,264.795,14.033,13.625,13.398,10.496,10.502
20241115094035,1060.54300032556,265.351,14.033,13.623,13.398,10.494,10.512
20241115094035.4,1061.00800484419,266.561,14.035,13.621,13.419,10.49,10.524
20241115094035.9,1061.47999987006,267.417,14.039,13.633,13.408,10.494,10.522
20241115094036.4,1061.96100711823,269.443,14.035,13.627,13.405,10.467,10.508
20241115094036.9,1062.43000477552,271.337,14.053,13.619,13.386,10.455,10.522
20241115094037.3,1062.89800666273,273.079,14.027,13.609,13.396,10.474,10.516
20241115094037.8,1063.36700432003,274.918,14.029,13.615,13.392,10.465,10.504
20241115094038.3,1063.84000517428,276.762,14.019,13.605,13.376,10.465,10.52
20241115094038.7,1064.31200020015,278.549,14.037,13.615,13.403,10.455,10.506
20241115094039.2,1064.79300744832,280.729,14.037,13.621,13.39,10.463,10.514
20241115094039.7,1065.26200510561,282.613,14.047,13.605,13.388,10.469,10.526
20241115094040.1,1065.72600379586,284.535,14.039,13.609,13.401,10.476,10.51
20241115094040.6,1066.19100831449,286.446,14.033,13.619,13.388,10.469,10.504
20241115094041.1,1066.68300926685,288.393,14.017,13.613,13.37,10.467,10.492
20241115094041.6,1067.15600006282,290.489,14.025,13.589,13.384,10.463,10.473
20241115094042,1067.62500777841,292.132,14.019,13.613,13.384,10.473,10.492
20241115094042.5,1068.09400543571,293.969,14.021,13.603,13.384,10.459,10.502
20241115094043,1068.56600046158,296.001,14.021,13.609,13.382,10.463,10.482
20241115094043.5,1069.03100498021,297.806,14.029,13.605,13.399,10.477,10.508
20241115094043.9,1069.51600536704,299.768,14.015,13.611,13.397,10.467,10.502
20241115094044.4,1069.98000405729,301.575,13.995,13.619,13.382,10.465,10.479
20241115094044.9,1070.44500857592,303.283,14.027,13.603,13.397,10.469,10.508
20241115094045.3,1070.91400623322,304.455,14.029,13.613,13.393,10.475,10.502
20241115094045.8,1071.38700708747,305.933,14.031,13.609,13.386,10.459,10.488
20241115094046.3,1071.85100577772,308.312,14.031,13.591,13.391,10.465,10.473
20241115094046.7,1072.31600023806,310.889,14.039,13.615,13.389,10.447,10.516
20241115094047.2,1072.8010006249,312.851,14.021,13.605,13.387,10.447,10.506
20241115094047.7,1073.28100204468,315.234,14.023,13.603,13.409,10.465,10.496
20241115094048.2,1073.74999970198,317.231,14.029,13.621,13.401,10.467,10.488
20241115094048.6,1074.21900741756,319.944,14.027,13.601,13.389,10.427,10.477
20241115094049.1,1074.69500564039,322.508,14.029,13.597,13.409,10.449,10.481
20241115094049.6,1075.16400329769,324.763,14.041,13.605,13.401,10.447,10.492
20241115094050.1,1075.63700415194,326.983,14.053,13.611,13.391,10.447,10.475
20241115094050.5,1076.10500603914,329.024,14.045,13.617,13.401,10.465,10.492
20241115094051,1076.57400369644,331.958,14.045,13.635,13.411,10.463,10.494
20241115094051.5,1077.04300135374,335.113,14.045,13.607,13.411,10.463,10.486
20241115094051.9,1077.50800587237,337.641,14.047,13.619,13.405,10.465,10.506
20241115094052.4,1077.98000089824,339.794,14.055,13.617,13.399,10.457,10.504
20241115094052.9,1078.44500541687,341.616,14.047,13.631,13.413,10.471,10.506
20241115094053.4,1078.94500270486,343.493,14.061,13.621,13.389,10.461,10.498
20241115094053.8,1079.41400036216,345.216,14.051,13.605,13.401,10.465,10.494
20241115094054.3,1079.8980049789,348.578,14.055,13.623,13.411,10.447,10.488
20241115094054.8,1080.37100583315,350.14,14.053,13.613,13.391,10.451,10.504
20241115094055.3,1080.84000349045,352.061,14.045,13.621,13.403,10.457,10.514
20241115094055.7,1081.32400810719,353.256,14.061,13.633,13.4,10.457,10.494
20241115094056.2,1081.79300576448,355.263,14.069,13.603,13.411,10.494,10.498
20241115094056.7,1082.25800022483,357.547,14.059,13.617,13.401,10.469,10.506
20241115094057.2,1082.74200484157,358.943,14.055,13.615,13.409,10.435,10.512
20241115094057.6,1083.21100249887,360.588,14.063,13.635,13.382,10.478,10.502
20241115094058.1,1083.68000015616,362.166,14.059,13.625,13.413,10.461,10.516
20241115094058.6,1084.16000157595,364.234,14.063,13.639,13.419,10.463,10.53
20241115094059.1,1084.64400619268,365.822,14.041,13.623,13.429,10.479,10.482
20241115094059.5,1085.11300384998,366.47,14.061,13.623,13.435,10.459,10.504
20241115094100,1085.58200150728,366.897,14.047,13.651,13.423,10.476,10.496
20241115094100.5,1086.05099916458,367.801,14.063,13.627,13.423,10.488,10.488
20241115094100.9,1086.51900105178,368.973,14.083,13.609,13.417,10.476,10.5
20241115094101.4,1086.98800876737,369.38,14.085,13.633,13.419,10.476,10.488
20241115094101.9,1087.46500276029,371.807,14.065,13.623,13.413,10.465,10.504
20241115094102.4,1087.94900737703,376.226,14.085,13.621,13.421,10.461,10.504
20241115094102.9,1088.43300193548,377.943,14.061,13.611,13.409,10.445,10.51
20241115094103.3,1088.91800232232,378.999,14.055,13.637,13.397,10.447,10.504
20241115094103.8,1089.38300684094,379.671,14.061,13.621,13.407,10.479,10.484
20241115094104.3,1089.85500186682,378.943,14.065,13.625,13.419,10.451,10.494
20241115094104.7,1090.32399952412,379.701,14.051,13.637,13.411,10.453,10.512
20241115094105.2,1090.7930072397,378.914,14.075,13.629,13.403,10.459,10.498
20241115094105.7,1091.26600809395,378.66,14.081,13.639,13.427,10.469,10.526
20241115094106.2,1091.75000265241,380.672,14.063,13.625,13.411,10.469,10.51
20241115094106.6,1092.21500717103,380.022,14.071,13.623,13.429,10.447,10.502
20241115094107.1,1092.68300905824,379.82,14.077,13.619,13.433,10.461,10.514
20241115094107.6,1093.15200671554,379.152,14.073,13.641,13.417,10.486,10.49
20241115094108.1,1093.62900070846,377.867,14.077,13.649,13.417,10.471,10.518
20241115094108.5,1094.10900212824,376.231,14.085,13.653,13.415,10.471,10.516
20241115094109,1094.5820029825,374.522,14.093,13.649,13.407,10.463,10.504
20241115094109.5,1095.06600759923,374.526,14.075,13.651,13.401,10.471,10.504
20241115094110,1095.53500525653,374.999,14.079,13.641,13.411,10.471,10.514
20241115094110.4,1096.00400291383,374.894,14.101,13.631,13.413,10.471,10.498
20241115094110.9,1096.48400433362,376.195,14.089,13.637,13.429,10.484,10.506
20241115094111.4,1096.94900885224,377.684,14.11,13.635,13.409,10.465,10.502
20241115094111.8,1097.41800650954,379.033,14.099,13.629,13.415,10.467,10.488
20241115094112.3,1097.8910073638,383.51,14.089,13.635,13.431,10.492,10.508
20241115094112.8,1098.37500192225,385.309,14.087,13.643,13.409,10.478,10.496
20241115094113.3,1098.85900653899,385.179,14.091,13.641,13.425,10.471,10.512
20241115094113.8,1099.33200739324,387.49,14.093,13.645,13.417,10.482,10.506
20241115094114.2,1099.79700185359,389.432,14.102,13.637,13.413,10.478,10.508
20241115094114.7,1100.27300007641,391.812,14.083,13.673,13.405,10.48,10.508
20241115094115.2,1100.742007792,393.75,14.087,13.661,13.425,10.459,10.502
20241115094115.6,1101.21500864625,396.75,14.113,13.641,13.439,10.482,10.5
20241115094116.1,1101.6990032047,397.949,14.118,13.663,13.441,10.474,10.516
20241115094116.6,1102.17200405896,398.811,14.111,13.665,13.443,10.484,10.52
20241115094117.1,1102.65200547874,401.751,14.097,13.645,13.431,10.461,10.51
20241115094117.5,1103.11699993908,403.095,14.081,13.663,13.405,10.486,10.516
20241115094118,1103.60100455582,408.542,14.097,13.649,13.449,10.455,10.486
20241115094118.5,1104.0820017457,408.412,14.092,13.643,13.421,10.457,10.49
20241115094119,1104.56999950111,410.509,14.087,13.641,13.419,10.453,10.492
20241115094119.5,1105.0580073148,412.692,14.112,13.655,13.419,10.486,10.494
20241115094119.9,1105.52300177515,419.183,14.094,13.639,13.429,10.471,10.494
20241115094120.4,1106.00800216198,429.854,14.106,13.647,13.429,10.455,10.51
20241115094120.9,1106.47300668061,372.312,14.114,13.643,13.405,10.463,10.52
20241115094121.4,1106.95700123906,255.436,14.094,13.663,13.421,10.469,10.504
20241115094121.8,1107.42600895464,190.102,14.122,13.661,13.423,10.459,10.524
20241115094122.3,1107.89800398052,144.68,14.124,13.661,13.415,10.469,10.51
20241115094122.8,1108.38300436735,112.42,14.118,13.647,13.435,10.467,10.502
20241115094123.3,1108.87900851667,88.295,14.116,13.631,13.431,10.465,10.52
20241115094123.8,1109.34800617397,71.876,14.148,13.643,13.419,10.476,10.506
20241115094124.3,1109.844000265,59.105,14.126,13.647,13.437,10.478,10.516
20241115094124.9,1110.47300510108,47.23,14.104,13.649,13.419,10.475,10.498
20241115094125.4,1110.95699965954,40.891,14.104,13.641,13.405,10.453,10.502
20241115094125.8,1111.42600737512,36.259,14.114,13.641,13.429,10.461,10.488
20241115094126.3,1111.91400513053,32.583,14.114,13.639,13.449,10.471,10.502
20241115094126.8,1112.37899959087,30.033,14.106,13.657,13.469,10.457,10.506
20241115094127.3,1112.84800730646,27.36,14.118,13.641,13.423,10.457,10.516
20241115094127.7,1113.31600919366,25.186,14.132,13.669,13.419,10.467,10.496
20241115094128.2,1113.781003654,23.587,14.122,13.645,13.431,10.476,10.52
20241115094128.7,1114.25800770521,22.585,14.142,13.671,13.419,10.467,10.514
20241115094129.1,1114.72599953413,21.885,14.124,13.643,13.419,10.451,10.51
20241115094129.6,1115.19900038838,21.148,14.118,13.637,13.419,10.469,10.492
20241115094130.1,1115.66800810397,20.613,14.118,13.653,13.429,10.455,10.502
20241115094130.6,1116.13700576127,20.118,14.132,13.651,13.413,10.465,10.49
20241115094131,1116.60500764847,19.873,14.134,13.669,13.421,10.473,10.498
20241115094131.5,1117.07400530577,19.588,14.122,13.667,13.433,10.469,10.492
20241115094132,1117.55799986422,19.451,14.148,13.653,13.401,10.453,10.492
20241115094132.5,1118.04300025105,19.408,14.156,13.663,13.433,10.48,10.502
20241115094132.9,1118.50800476968,19.261,14.12,13.667,13.437,10.476,10.51
20241115094133.4,1118.97300928831,19.178,14.134,13.655,13.421,10.459,10.484
20241115094133.9,1119.44100111723,19.166,14.126,13.647,13.397,10.457,10.479
20241115094134.3,1119.92600150406,19.098,14.14,13.653,13.417,10.447,10.494
20241115094134.8,1120.4100061208,19.144,14.152,13.643,13.405,10.455,10.504
20241115094135.3,1120.89100331068,19.134,14.142,13.647,13.391,10.473,10.494
20241115094135.8,1121.36300839484,19.097,14.142,13.655,13.399,10.461,10.486
20241115094136.3,1121.84800878167,19.053,14.122,13.635,13.403,10.461,10.49
20241115094136.8,1122.32800014317,19.071,14.142,13.647,13.397,10.457,10.49
20241115094137.2,1122.79700785875,19.122,14.144,13.643,13.403,10.471,10.512
20241115094137.7,1123.27700927854,19.144,14.13,13.653,13.399,10.463,10.482
20241115094138.2,1123.74600693583,19.158,14.122,13.621,13.399,10.473,10.5
20241115094138.6,1124.21500459313,19.213,14.128,13.657,13.38,10.453,10.496
20241115094139.1,1124.68699961901,19.203,14.13,13.639,13.423,10.467,10.514
20241115094139.6,1125.17200000584,19.079,14.15,13.631,13.405,10.469,10.475
20241115094140.1,1125.64100772142,19.025,14.142,13.641,13.419,10.467,10.484
20241115094140.5,1126.12500227988,18.97,14.14,13.641,13.411,10.455,10.49
20241115094141,1126.60900689662,18.908,14.132,13.649,13.417,10.453,10.477
20241115094141.5,1127.07800455391,18.924,14.148,13.649,13.395,10.457,10.49
20241115094142,1127.5580059737,18.952,14.132,13.655,13.417,10.461,10.492
20241115094142.4,1128.027003631,18.904,14.14,13.665,13.419,10.443,10.52
20241115094142.9,1128.51200401783,18.92,14.142,13.647,13.425,10.463,10.502
20241115094143.4,1128.98000590503,18.819,14.158,13.653,13.394,10.474,10.486
20241115094143.9,1129.44900356233,18.669,14.152,13.643,13.431,10.453,10.51
20241115094144.4,1129.93000075221,18.56,14.15,13.659,13.427,10.469,10.498
20241115094144.8,1130.39800263941,18.534,14.158,13.677,13.437,10.459,10.498
20241115094145.3,1130.86700029671,18.649,14.162,13.669,13.419,10.476,10.502
20241115094145.8,1131.33600801229,18.809,14.158,13.653,13.415,10.465,10.502
20241115094146.2,1131.8240057677,18.978,14.158,13.671,13.417,10.453,10.516
20241115094146.7,1132.30800032616,19.089,14.168,13.653,13.419,10.465,10.496
20241115094147.2,1132.77300484478,19.178,14.154,13.665,13.437,10.461,10.502
20241115094147.7,1133.23799930513,19.107,14.164,13.673,13.447,10.465,10.506
20241115094148.1,1133.70700702071,18.964,14.18,13.663,13.449,10.486,10.518
20241115094148.6,1134.19100157917,18.861,14.192,13.687,13.473,10.48,10.52
20241115094149.1,1134.66400243342,18.804,14.186,13.677,13.467,10.457,10.494
20241115094149.6,1135.14100648463,18.802,14.198,13.699,13.451,10.47,10.518
20241115094150,1135.6130015105,18.903,14.19,13.699,13.457,10.49,10.504
20241115094150.5,1136.07800602913,19.008,14.18,13.679,13.455,10.463,10.51
20241115094151,1136.56200058758,18.885,14.184,13.695,13.455,10.478,10.528
20241115094151.5,1137.04700097442,18.843,14.194,13.689,13.457,10.461,10.52
20241115094151.9,1137.5270023942,18.835,14.18,13.671,13.463,10.482,10.504
20241115094152.4,1138.01200278103,18.901,14.184,13.687,13.443,10.457,10.498
20241115094152.9,1138.48800100386,18.922,14.184,13.669,13.463,10.494,10.498
20241115094153.4,1138.97600881755,19.099,14.186,13.679,13.433,10.471,10.522
20241115094153.9,1139.46500234306,19.2,14.188,13.679,13.455,10.469,10.498
20241115094154.4,1139.94500376284,19.069,14.198,13.681,13.435,10.469,10.492
20241115094154.8,1140.41400142014,18.978,14.182,13.685,13.461,10.465,10.498
20241115094155.3,1140.89400283992,19.055,14.186,13.671,13.451,10.461,10.506
20241115094155.8,1141.37900322676,19.174,14.186,13.675,13.441,10.484,10.524
20241115094156.3,1141.84800088406,19.38,14.205,13.683,13.429,10.486,10.502
20241115094156.8,1142.32800230384,19.491,14.194,13.669,13.447,10.474,10.512
20241115094157.2,1142.80800372362,19.481,14.211,13.669,13.421,10.461,10.498
20241115094157.7,1143.27700138092,19.512,14.205,13.659,13.423,10.459,10.475
20241115094158.2,1143.76200176775,19.657,14.209,13.663,13.447,10.463,10.502
20241115094158.7,1144.24200318754,19.659,14.199,13.669,13.447,10.457,10.494
20241115094159.1,1144.71500404179,19.669,14.199,13.673,13.447,10.473,10.483
20241115094159.6,1145.19500546157,19.564,14.205,13.659,13.429,10.453,10.471
20241115094200.1,1145.68000584841,19.374,14.205,13.655,13.401,10.455,10.494
20241115094200.6,1146.16000726819,19.304,14.175,13.653,13.411,10.443,10.483
20241115094201.1,1146.62900492549,19.273,14.191,13.643,13.423,10.441,10.481
20241115094201.5,1147.10900634527,19.098,14.195,13.668,13.415,10.463,10.475
20241115094202,1147.57800400257,18.936,14.191,13.661,13.423,10.449,10.477
20241115094202.5,1148.05100485682,18.88,14.187,13.659,13.429,10.449,10.487
20241115094203,1148.53900261223,18.829,14.199,13.659,13.415,10.455,10.483
20241115094203.4,1149.02300722897,18.89,14.203,13.668,13.433,10.441,10.477
20241115094203.9,1149.49200488627,18.815,14.203,13.668,13.419,10.459,10.467
20241115094204.4,1149.96100254357,18.793,14.197,13.665,13.443,10.453,10.483
20241115094204.9,1150.43000020087,18.829,14.189,13.665,13.445,10.445,10.483
20241115094205.3,1150.91400481761,18.686,14.221,13.684,13.445,10.449,10.481
20241115094205.8,1151.38700567186,18.581,14.189,13.668,13.451,10.457,10.487
20241115094206.3,1151.86700709164,18.546,14.221,13.676,13.457,10.451,10.483
20241115094206.8,1152.3400079459,18.429,14.245,13.678,13.449,10.449,10.508
20241115094207.2,1152.80799977481,18.409,14.217,13.676,13.451,10.443,10.496
20241115094207.7,1153.30800712109,18.431,14.227,13.67,13.469,10.434,10.486
20241115094208.2,1153.77300158143,18.43,14.21,13.659,13.456,10.432,10.478
20241115094208.7,1154.24199923873,18.46,14.208,13.679,13.459,10.43,10.484
20241115094209.1,1154.71500009298,18.481,14.23,13.667,13.432,10.424,10.464
20241115094209.6,1155.18300198019,18.561,14.224,13.689,13.465,10.438,10.466
20241115094210.1,1155.66399917006,18.63,14.222,13.677,13.45,10.438,10.478
20241115094210.6,1156.1480037868,18.683,14.214,13.683,13.446,10.436,10.484
20241115094211.1,1156.62900097668,18.753,14.22,13.673,13.448,10.432,10.494
20241115094211.5,1157.09800869226,18.802,14.236,13.675,13.448,10.446,10.484
20241115094212,1157.57000371814,18.891,14.214,13.679,13.455,10.449,10.496
20241115094212.5,1158.05500410497,18.999,14.257,13.688,13.445,10.455,10.481
20241115094213,1158.53900872171,19.148,14.239,13.676,13.449,10.441,10.512
20241115094213.4,1159.01900008321,19.211,14.247,13.694,13.465,10.453,10.465
20241115094213.9,1159.49200093746,19.215,14.255,13.696,13.449,10.471,10.479
20241115094214.4,1159.96100865304,19.166,14.249,13.69,13.482,10.459,10.51
20241115094214.9,1160.44100001454,19.249,14.247,13.686,13.449,10.447,10.489
20241115094215.3,1160.9140008688,19.357,14.242,13.681,13.465,10.426,10.476
20241115094215.8,1161.37900538743,19.386,14.242,13.689,13.448,10.438,10.472
20241115094216.3,1161.84800304472,19.317,14.248,13.687,13.428,10.438,10.486
20241115094216.7,1162.31200173497,19.256,14.25,13.673,13.426,10.444,10.484
20241115094217.2,1162.79700212181,19.24,14.252,13.687,13.424,10.448,10.476
20241115094217.7,1163.26599977911,19.269,14.258,13.665,13.422,10.448,10.486
20241115094218.2,1163.73400166631,19.242,14.246,13.673,13.438,10.438,10.484
20241115094218.6,1164.21100571752,19.305,14.238,13.675,13.438,10.432,10.474
20241115094219.1,1164.67600017786,19.25,14.261,13.673,13.444,10.456,10.478
20241115094219.6,1165.17200432718,19.162,14.247,13.668,13.443,10.445,10.502
20241115094220.1,1165.64399935305,19.061,14.265,13.678,13.443,10.465,10.493
20241115094220.6,1166.12899973989,18.962,14.263,13.678,13.427,10.471,10.485
20241115094221,1166.59400425851,18.944,14.257,13.674,13.453,10.457,10.481
20241115094221.5,1167.06200614572,18.928,14.259,13.668,13.445,10.453,10.487
20241115094222,1167.54700653255,18.908,14.243,13.676,13.421,10.437,10.491
20241115094222.4,1168.01600418985,18.869,14.263,13.665,13.449,10.461,10.493
20241115094222.9,1168.50000880659,18.849,14.251,13.674,13.449,10.449,10.473
20241115094223.4,1168.97299960256,18.861,14.265,13.672,13.449,10.461,10.471
20241115094223.9,1169.45700421929,18.942,14.263,13.672,13.427,10.445,10.479
20241115094224.4,1169.94100883603,19.025,14.257,13.68,13.443,10.449,10.485
20241115094224.8,1170.40600329638,19.007,14.259,13.69,13.425,10.447,10.498
20241115094225.3,1170.89400105178,19.045,14.28,13.668,13.445,10.445,10.473
20241115094225.8,1171.36300876737,19.082,14.275,13.686,13.429,10.459,10.492
20241115094226.3,1171.84799909592,19.065,14.273,13.68,13.433,10.471,10.49
20241115094226.8,1172.3280005157,19.065,14.28,13.682,13.457,10.457,10.494
20241115094227.2,1172.80800193548,19.132,14.263,13.688,13.457,10.465,10.516
20241115094227.7,1173.27699959278,19.209,14.275,13.673,13.451,10.469,10.502
20241115094228.2,1173.76199997962,19.344,14.296,13.688,13.443,10.473,10.481
20241115094228.7,1174.25400093198,19.397,14.292,13.682,13.445,10.455,10.502
20241115094229.2,1174.73800554872,19.322,14.289,13.692,13.455,10.463,10.498
20241115094229.6,1175.20700320601,19.047,14.289,13.706,13.467,10.473,10.506
20241115094230.1,1175.67600086331,18.865,14.302,13.69,13.461,10.471,10.498
20241115094230.6,1176.1560022831,18.76,14.277,13.687,13.453,10.475,10.5
20241115094231.1,1176.62900313735,18.867,14.296,13.698,13.451,10.469,10.5
20241115094231.5,1177.09400765598,19.015,14.289,13.7,13.459,10.475,10.504
20241115094232,1177.57800221443,19.021,14.287,13.694,13.457,10.498,10.49
20241115094232.5,1178.05800363421,19.039,14.302,13.696,13.451,10.479,10.508
20241115094232.9,1178.52700129151,18.976,14.308,13.696,13.443,10.473,10.5
20241115094233.4,1179.01200167835,19.015,14.285,13.692,13.465,10.471,10.514
20241115094233.9,1179.49600629508,19.229,14.308,13.698,13.457,10.473,10.51
20241115094234.4,1179.96900714934,19.326,14.302,13.71,13.483,10.471,10.5
20241115094234.9,1180.44500537217,19.124,14.296,13.7,13.453,10.488,10.506
20241115094235.4,1180.930005759,19.031,14.308,13.7,13.449,10.479,10.5
20241115094235.8,1181.40200078487,18.843,14.308,13.696,13.463,10.451,10.508
20241115094236.3,1181.88300803304,18.599,14.312,13.718,13.467,10.457,10.512
20241115094236.8,1182.34800249338,18.493,14.318,13.698,13.443,10.49,10.528
20241115094237.2,1182.81600438058,18.54,14.32,13.696,13.459,10.488,10.508
20241115094237.7,1183.29300843179,18.58,14.312,13.716,13.441,10.449,10.52
20241115094238.2,1183.77299979329,18.706,14.334,13.696,13.469,10.467,10.504
20241115094238.7,1184.24600064754,18.784,14.314,13.7,13.453,10.453,10.506
20241115094239.1,1184.71500836313,18.92,14.33,13.708,13.463,10.463,10.477
20241115094239.6,1185.19499972463,18.892,14.32,13.692,13.475,10.445,10.512
20241115094240.1,1185.67600697279,18.934,14.326,13.675,13.453,10.457,10.52
20241115094240.6,1186.1640047282,19.081,14.324,13.677,13.451,10.467,10.502
20241115094241.1,1186.6330023855,19.213,14.318,13.694,13.467,10.449,10.483
20241115094241.5,1187.10900060833,19.223,14.314,13.698,13.453,10.465,10.488
20241115094242,1187.59000785649,19.275,14.336,13.686,13.445,10.449,10.498
20241115094242.5,1188.05799968541,19.257,14.332,13.722,13.433,10.455,10.492
20241115094243,1188.54300007224,19.207,14.35,13.684,13.437,10.471,10.518
20241115094243.5,1189.03100788593,19.213,14.338,13.69,13.419,10.461,10.485
20241115094243.9,1189.51900564134,19.269,14.32,13.696,13.441,10.477,10.498
20241115094244.4,1190.00000283122,19.391,14.32,13.698,13.453,10.449,10.502
20241115094244.9,1190.480004251,19.288,14.332,13.692,13.431,10.471,10.49
20241115094245.4,1190.95700830221,19.063,14.34,13.688,13.437,10.457,10.485
20241115094245.9,1191.4570055902,18.926,14.322,13.692,13.429,10.461,10.485
20241115094246.4,1191.93000644445,18.73,14.326,13.696,13.445,10.485,10.506
20241115094246.8,1192.39800833166,18.586,14.332,13.704,13.445,10.463,10.504
20241115094247.3,1192.88300871849,18.534,14.328,13.686,13.443,10.469,10.5
20241115094247.8,1193.35500374436,18.512,14.352,13.698,13.455,10.457,10.492
20241115094248.3,1193.82800459862,18.477,14.348,13.686,13.441,10.463,10.508
20241115094248.7,1194.30100545287,18.475,14.322,13.696,13.469,10.483,10.498
20241115094249.2,1194.78100687265,18.467,14.314,13.686,13.449,10.467,10.479
20241115094249.7,1195.26600725949,18.379,14.326,13.682,13.431,10.455,10.491
20241115094250.2,1195.75000181794,18.362,14.34,13.686,13.437,10.459,10.518
20241115094250.7,1196.23000323772,18.304,14.344,13.702,13.453,10.461,10.506
20241115094251.2,1196.73000052571,18.314,14.354,13.69,13.435,10.492,10.496
20241115094251.6,1197.22600467503,18.354,14.348,13.712,13.435,10.451,10.498
20241115094252.1,1197.71100506186,18.385,14.334,13.706,13.437,10.477,10.5
20241115094252.6,1198.19100648165,18.395,14.358,13.694,13.445,10.471,10.506
20241115094253.1,1198.6640073359,18.469,14.358,13.69,13.463,10.463,10.479
20241115094253.6,1199.12900179625,18.516,14.366,13.706,13.441,10.483,10.502
20241115094254,1199.61300641298,18.647,14.35,13.69,13.429,10.443,10.5
20241115094254.5,1200.09800679982,18.756,14.379,13.692,13.441,10.441,10.502
20241115094255,1200.5780082196,18.871,14.368,13.708,13.445,10.455,10.485
20241115094255.5,1201.06200277805,18.926,14.374,13.704,13.445,10.459,10.51
20241115094256,1201.54700316489,18.974,14.364,13.702,13.469,10.459,10.498
20241115094256.4,1202.02700458467,18.995,14.378,13.682,13.439,10.459,10.498
20241115094256.9,1202.50800177455,18.968,14.385,13.702,13.455,10.449,10.496
20241115094257.4,1202.97600366175,18.978,14.393,13.71,13.459,10.457,10.483
20241115094257.9,1203.46100404859,19.015,14.395,13.716,13.435,10.481,10.483
20241115094258.3,1203.92600856721,19.043,14.387,13.704,13.441,10.437,10.498
20241115094258.8,1204.4260058552,19.013,14.387,13.68,13.419,10.465,10.5
20241115094259.3,1204.90600727499,19.104,14.383,13.704,13.435,10.475,10.481
20241115094259.8,1205.39100766182,19.328,14.391,13.696,13.427,10.461,10.485
20241115094300.3,1205.8710090816,19.447,14.407,13.688,13.433,10.449,10.487
20241115094300.8,1206.3400067389,19.568,14.389,13.694,13.457,10.473,10.5
20241115094301.2,1206.81200176477,19.556,14.387,13.692,13.429,10.467,10.481
20241115094301.7,1207.29300901294,19.617,14.415,13.688,13.455,10.465,10.493
20241115094302.2,1207.76599980891,19.633,14.407,13.702,13.453,10.455,10.483
20241115094302.7,1208.26200395823,19.676,14.411,13.696,13.445,10.455,10.498
20241115094303.2,1208.73000584543,19.756,14.405,13.698,13.451,10.453,10.487
20241115094303.6,1209.21100303531,19.712,14.421,13.677,13.448,10.454,10.482
20241115094304.1,1209.69100445509,19.559,14.406,13.695,13.442,10.448,10.49
20241115094304.6,1210.16000211239,19.424,14.39,13.687,13.446,10.458,10.494
20241115094305.1,1210.64400672913,19.329,14.404,13.689,13.438,10.438,10.47
20241115094305.6,1211.13300025463,19.319,14.408,13.685,13.442,10.446,10.482
20241115094306,1211.61700487137,19.345,14.42,13.691,13.436,10.432,10.486
20241115094306.5,1212.09800206125,19.402,14.436,13.689,13.465,10.448,10.48
20241115094307,1212.58200667799,19.422,14.418,13.675,13.448,10.456,10.482
20241115094307.5,1213.05100433528,19.374,14.41,13.701,13.434,10.46,10.49
20241115094308,1213.53100575507,19.341,14.42,13.687,13.457,10.426,10.507
20241115094308.4,1214.00000341237,19.317,14.434,13.697,13.432,10.46,10.488
20241115094308.9,1214.46900106966,19.349,14.42,13.705,13.448,10.45,10.507
20241115094309.4,1214.94900248945,19.43,14.43,13.685,13.452,10.452,10.488
20241115094309.8,1215.41800014675,19.535,14.436,13.703,13.442,10.464,10.482
20241115094310.3,1215.891001001,19.648,14.436,13.689,13.454,10.446,10.488
20241115094310.8,1216.3590028882,19.677,14.422,13.707,13.45,10.438,10.492
20241115094311.3,1216.83200374246,19.576,14.442,13.709,13.44,10.438,10.492
20241115094311.7,1217.30100139976,19.578,14.452,13.715,13.432,10.452,10.476
20241115094312.2,1217.77699962258,19.541,14.456,13.709,13.471,10.456,10.49
20241115094312.7,1218.25800687075,19.471,14.438,13.705,13.444,10.456,10.509
20241115094313.2,1218.7420014292,19.46,14.465,13.713,13.438,10.454,10.488
20241115094313.6,1219.21100914478,19.392,14.454,13.739,13.45,10.448,10.503
20241115094314.1,1219.69500370324,19.293,14.469,13.72,13.47,10.457,10.498
20241115094314.6,1220.16400136054,19.247,14.49,13.738,13.465,10.469,10.485
20241115094315.1,1220.64800597727,19.199,14.492,13.702,13.455,10.465,10.502
20241115094315.6,1221.12900316715,19.304,14.506,13.716,13.463,10.459,10.5
20241115094316,1221.59800082445,19.445,14.512,13.73,13.453,10.451,10.489
20241115094316.5,1222.06600271165,19.564,14.506,13.738,13.437,10.475,10.51
20241115094317,1222.55100309849,19.506,14.5,13.712,13.459,10.467,10.494
20241115094317.5,1223.03100451827,19.357,14.509,13.721,13.452,10.462,10.482
20241115094317.9,1223.5160049051,19.297,14.511,13.731,13.457,10.454,10.494
20241115094318.4,1223.98799993098,19.248,14.505,13.717,13.452,10.448,10.484
20241115094318.9,1224.46500398219,19.271,14.509,13.733,13.456,10.462,10.503
20241115094319.4,1224.95300173759,19.293,14.527,13.729,13.45,10.452,10.492
20241115094319.8,1225.42600259185,19.39,14.515,13.731,13.461,10.468,10.478
20241115094320.3,1225.90600401163,19.497,14.535,13.743,13.467,10.454,10.494
20241115094320.8,1226.39100439847,19.368,14.531,13.729,13.473,10.47,10.488
20241115094321.3,1226.87499895692,19.366,14.535,13.723,13.452,10.456,10.49
20241115094321.8,1227.35900357366,19.412,14.531,13.733,13.461,10.46,10.49
20241115094322.3,1227.84000076354,19.576,14.531,13.721,13.452,10.445,10.493
20241115094322.7,1228.30800265074,19.579,14.564,13.742,13.459,10.455,10.498
20241115094323.2,1228.79300303757,19.611,14.548,13.732,13.453,10.473,10.491
20241115094323.7,1229.26200069487,19.724,14.571,13.738,13.468,10.465,10.5
20241115094324.2,1229.73400577903,19.857,14.554,13.73,13.439,10.459,10.514
20241115094324.6,1230.21900616586,19.89,14.552,13.732,13.466,10.481,10.508
20241115094325.1,1230.69900758564,19.878,14.564,13.75,13.445,10.465,10.504
20241115094325.6,1231.1720084399,19.801,14.564,13.726,13.466,10.447,10.508
20241115094326.1,1231.6410060972,19.698,14.575,13.736,13.457,10.479,10.51
20241115094326.5,1232.11300112307,19.587,14.55,13.728,13.47,10.475,10.502
20241115094327,1232.59400837123,19.706,14.548,13.728,13.466,10.487,10.487
20241115094327.5,1233.07399973273,19.706,14.548,13.724,13.447,10.478,10.49
20241115094328,1233.54700058699,19.464,14.545,13.721,13.446,10.442,10.494
20241115094328.5,1234.0430047363,19.271,14.553,13.707,13.465,10.452,10.517
20241115094328.9,1234.52300615609,19.365,14.553,13.711,13.483,10.444,10.496
20241115094329.4,1235.00800654292,19.481,14.543,13.711,13.469,10.468,10.498
20241115094329.9,1235.47600843012,19.559,14.562,13.723,13.485,10.456,10.505
20241115094330.4,1235.96100881696,19.452,14.547,13.741,13.471,10.462,10.519
20241115094330.9,1236.44100017846,19.196,14.555,13.733,13.45,10.47,10.494
20241115094331.3,1236.91400103271,19.006,14.564,13.729,13.465,10.456,10.486
20241115094331.8,1237.39400245249,19.083,14.562,13.718,13.453,10.479,10.508
20241115094332.3,1237.87900283933,18.779,14.548,13.73,13.478,10.477,10.51
20241115094332.8,1238.36300745606,18.532,14.536,13.752,13.466,10.457,10.516
20241115094333.3,1238.84400464594,18.393,14.532,13.726,13.468,10.475,10.498
20241115094333.8,1239.33200240135,18.318,14.544,13.732,13.461,10.473,10.496
20241115094334.2,1239.81200382113,18.306,14.56,13.73,13.482,10.461,10.479
20241115094334.7,1240.28900787234,18.229,14.562,13.728,13.48,10.473,10.496
20241115094335.2,1240.76900929213,18.135,14.549,13.719,13.457,10.45,10.511
20241115094335.7,1241.25399962068,18.044,14.525,13.715,13.465,10.456,10.486
20241115094336.2,1241.73400104046,18.01,14.558,13.721,13.459,10.444,10.507
20241115094336.6,1242.21900142729,17.972,14.549,13.723,13.456,10.46,10.492
20241115094337.1,1242.71900877357,17.943,14.56,13.727,13.448,10.46,10.511
20241115094337.6,1243.20300333202,17.899,14.553,13.713,13.457,10.442,10.511
20241115094338.1,1243.68700794876,17.842,14.553,13.727,13.461,10.464,10.496
20241115094338.6,1244.17600147426,17.838,14.558,13.717,13.465,10.46,10.492
20241115094339.1,1244.64400336146,17.788,14.551,13.725,13.479,10.444,10.488
20241115094339.6,1245.1290037483,17.842,14.551,13.723,13.456,10.438,10.507
20241115094340,1245.61300836504,17.883,14.551,13.727,13.461,10.47,10.501
20241115094340.5,1246.09800875187,17.945,14.566,13.737,13.442,10.466,10.509
20241115094341,1246.56600058079,17.99,14.551,13.709,13.45,10.458,10.502
20241115094341.5,1247.03500829637,17.995,14.558,13.736,13.459,10.451,10.514
20241115094341.9,1247.50799909234,18.053,14.564,13.736,13.468,10.477,10.512
20241115094342.4,1247.9800041765,18.11,14.564,13.742,13.465,10.469,10.498
20241115094342.9,1248.4490018338,18.154,14.583,13.734,13.461,10.463,10.512
20241115094343.4,1248.93300645053,18.215,14.571,13.742,13.478,10.453,10.506
20241115094343.8,1249.39800091088,18.231,14.603,13.71,13.463,10.477,10.506
20241115094344.3,1249.87100176513,18.197,14.577,13.728,13.477,10.452,10.509
20241115094344.8,1250.36700591445,18.19,14.58,13.725,13.452,10.48,10.492
20241115094345.3,1250.85500366986,18.24,14.574,13.725,13.456,10.472,10.509
20241115094345.7,1251.32400132716,18.323,14.568,13.719,13.45,10.452,10.496
20241115094346.2,1251.80800594389,18.37,14.578,13.733,13.461,10.454,10.498
20241115094346.7,1252.27700360119,18.406,14.57,13.727,13.467,10.466,10.509
20241115094347.2,1252.76200398803,18.497,14.602,13.725,13.457,10.466,10.492
20241115094347.7,1253.24600860476,18.509,14.576,13.707,13.454,10.466,10.478
20241115094348.2,1253.73000316322,18.495,14.586,13.741,13.459,10.458,10.494
20241115094348.6,1254.2110003531,18.448,14.59,13.715,13.45,10.456,10.49
20241115094349.1,1254.69100177288,18.46,14.596,13.721,13.465,10.46,10.498
20241115094349.6,1255.15999943018,18.446,14.594,13.727,13.461,10.45,10.498
20241115094350.1,1255.63300028443,18.456,14.604,13.735,13.446,10.45,10.505
20241115094350.5,1256.11300170422,18.456,14.61,13.729,13.467,10.474,10.507
20241115094351,1256.58199936152,18.501,14.61,13.717,13.444,10.462,10.515
20241115094351.5,1257.06600397825,18.586,14.612,13.733,13.436,10.475,10.5
20241115094352,1257.54700116813,18.603,14.619,13.736,13.445,10.473,10.518
20241115094352.5,1258.03900212049,18.57,14.631,13.736,13.441,10.479,10.52
20241115094352.9,1258.52300673723,18.581,14.621,13.726,13.451,10.479,10.489
20241115094353.4,1259.00400392711,18.645,14.637,13.734,13.455,10.453,10.5
20241115094353.9,1259.47600901127,18.763,14.614,13.737,13.446,10.458,10.503
20241115094354.4,1259.96099933982,18.751,14.632,13.709,13.446,10.434,10.509
20241115094354.9,1260.4410007596,18.642,14.618,13.733,13.432,10.466,10.498
20241115094355.3,1260.91000847518,18.576,14.62,13.737,13.442,10.468,10.501
20241115094355.8,1261.39400303364,18.561,14.632,13.723,13.457,10.46,10.507
20241115094356.3,1261.87500022352,18.483,14.634,13.721,13.45,10.466,10.492
20241115094356.8,1262.36300803721,18.438,14.624,13.727,13.446,10.462,10.492
20241115094357.3,1262.84800842404,18.412,14.64,13.739,13.459,10.454,10.498
20241115094357.7,1263.32000344992,18.311,14.634,13.733,13.465,10.456,10.486
20241115094358.2,1263.78900110722,18.208,14.63,13.741,13.444,10.45,10.507
20241115094358.7,1264.2580088228,18.264,14.642,13.743,13.45,10.468,10.488
20241115094359.2,1264.74200338125,18.368,14.661,13.739,13.448,10.466,10.496
20241115094359.6,1265.22600799799,18.319,14.632,13.741,13.444,10.456,10.505
20241115094400.1,1265.72600528598,18.319,14.663,13.739,13.457,10.46,10.505
20241115094400.7,1266.23000577092,18.347,14.646,13.737,13.467,10.446,10.478
20241115094401.1,1266.71500615776,18.353,14.665,13.733,13.456,10.474,10.507
20241115094401.6,1267.19500757754,18.343,14.667,13.729,13.448,10.446,10.505
20241115094402.1,1267.68300533295,18.434,14.656,13.753,13.456,10.464,10.484
20241115094402.6,1268.16400252283,18.549,14.665,13.743,13.448,10.464,10.505
20241115094403.1,1268.64800713956,18.594,14.661,13.715,13.448,10.454,10.496
20241115094403.6,1269.13700066507,18.662,14.679,13.739,13.438,10.464,10.48
20241115094404,1269.60500255227,18.717,14.667,13.731,13.456,10.454,10.482
20241115094404.5,1270.07800340652,18.689,14.687,13.739,13.448,10.446,10.501
20241115094405,1270.56200802326,18.687,14.669,13.755,13.434,10.454,10.486
20241115094405.5,1271.0470084101,18.616,14.677,13.727,13.44,10.462,10.496
20241115094405.9,1271.5269997716,18.618,14.665,13.731,13.422,10.464,10.478
20241115094406.4,1272.01600335538,18.636,14.691,13.737,13.438,10.44,10.517
20241115094406.9,1272.50000797212,18.697,14.685,13.741,13.446,10.452,10.515
20241115094407.4,1272.99600206316,18.804,14.677,13.733,13.426,10.458,10.498
20241115094407.9,1273.47600348294,18.889,14.677,13.741,13.444,10.456,10.478
20241115094408.4,1273.96500706673,18.923,14.699,13.735,13.434,10.462,10.476
20241115094408.9,1274.44900162518,18.824,14.697,13.727,13.444,10.444,10.496
20241115094409.4,1274.93000887334,18.604,14.681,13.743,13.434,10.448,10.494
20241115094409.8,1275.39800070226,18.464,14.695,13.725,13.452,10.448,10.501
20241115094410.3,1275.89400485158,18.452,14.699,13.747,13.457,10.466,10.49
20241115094410.8,1276.37900523841,18.513,14.703,13.729,13.448,10.464,10.474
20241115094411.3,1276.8590066582,18.471,14.713,13.725,13.438,10.448,10.476
20241115094411.8,1277.33200751245,18.406,14.695,13.739,13.44,10.46,10.484
20241115094412.2,1277.81200893223,18.491,14.723,13.733,13.44,10.462,10.492
20241115094412.7,1278.29300612211,18.426,14.723,13.731,13.436,10.47,10.492
20241115094413.2,1278.77700068057,18.321,14.715,13.715,13.446,10.46,10.496
20241115094413.7,1279.25800792873,18.295,14.703,13.725,13.448,10.47,10.486
20241115094414.2,1279.73799929023,18.244,14.731,13.731,13.459,10.472,10.48
20241115094414.6,1280.22299967706,18.378,14.715,13.721,13.448,10.456,10.492
20241115094415.1,1280.69500476122,18.561,14.715,13.733,13.452,10.452,10.486
20241115094415.6,1281.1760019511,18.66,14.719,13.733,13.456,10.468,10.496
20241115094416.1,1281.66000656784,18.646,14.713,13.743,13.438,10.452,10.494
20241115094416.6,1282.14100375772,18.606,14.719,13.741,13.454,10.46,10.492
20241115094417,1282.60900564492,18.568,14.721,13.721,13.473,10.458,10.484
20241115094417.5,1283.09800922871,18.458,14.717,13.747,13.456,10.446,10.498
20241115094418,1283.58200378716,18.315,14.751,13.729,13.454,10.474,10.486
20241115094418.5,1284.0660084039,18.287,14.729,13.743,13.457,10.444,10.503
20241115094419,1284.54700559378,18.248,14.729,13.737,13.469,10.456,10.474
20241115094419.5,1285.03100015223,18.216,14.753,13.747,13.459,10.454,10.507
20241115094419.9,1285.51600053906,18.218,14.743,13.749,13.471,10.46,10.507
20241115094420.4,1285.99600195885,18.196,14.741,13.747,13.452,10.46,10.507
20241115094420.9,1286.49200610816,18.21,14.755,13.739,13.465,10.444,10.498
20241115094421.4,1286.97600066662,18.172,14.749,13.743,13.483,10.454,10.482
20241115094421.9,1287.46100105345,18.204,14.745,13.737,13.45,10.466,10.498
20241115094422.4,1287.94100247324,18.262,14.755,13.735,13.456,10.468,10.496
20241115094422.9,1288.43000605702,18.315,14.77,13.749,13.446,10.448,10.505
20241115094423.3,1288.91000747681,18.366,14.753,13.753,13.444,10.478,10.509
20241115094423.8,1289.39800523221,18.467,14.755,13.743,13.461,10.458,10.494
20241115094424.3,1289.87900242209,18.45,14.776,13.731,13.459,10.448,10.49
20241115094424.8,1290.35100750625,18.43,14.778,13.739,13.461,10.454,10.494
20241115094425.3,1290.83600789309,18.396,14.768,13.758,13.469,10.464,10.496
20241115094425.7,1291.32000245154,18.372,14.77,13.739,13.469,10.482,10.492
20241115094426.2,1291.80500283837,18.42,14.796,13.733,13.465,10.454,10.494
20241115094426.7,1292.28500425816,18.458,14.79,13.755,13.459,10.444,10.496
20241115094427.2,1292.77300201356,18.4,14.788,13.749,13.463,10.464,10.501
20241115094427.7,1293.24600286782,18.412,14.788,13.741,13.456,10.46,10.496
20241115094428.1,1293.7260042876,18.416,14.8,13.743,13.461,10.45,10.507
20241115094428.6,1294.21100467443,18.41,14.818,13.755,13.45,10.458,10.525
20241115094429.1,1294.69100609422,18.426,14.812,13.735,13.454,10.468,10.515
20241115094429.6,1295.17600648105,18.37,14.804,13.741,13.465,10.446,10.486
20241115094430.1,1295.67600376904,18.357,14.798,13.762,13.457,10.462,10.513
20241115094430.6,1296.15600518882,18.317,14.82,13.737,13.461,10.464,10.484
20241115094431.1,1296.62900604308,18.4,14.822,13.747,13.448,10.462,10.482
20241115094431.5,1297.11300060153,18.541,14.826,13.733,13.457,10.462,10.498
20241115094432,1297.59400784969,18.624,14.828,13.757,13.448,10.468,10.509
20241115094432.5,1298.07800240815,18.875,14.83,13.743,13.452,10.464,10.503
20241115094433,1298.56200702488,19.131,14.836,13.757,13.457,10.454,10.494
20241115094433.5,1299.04700741172,19.111,14.84,13.764,13.444,10.456,10.501
20241115094434,1299.53100197017,19.129,14.861,13.751,13.448,10.46,10.496
20241115094434.4,1300.01199916005,18.933,14.846,13.755,13.442,10.468,10.476
20241115094434.9,1300.49600377679,18.77,14.85,13.772,13.44,10.46,10.496
20241115094435.4,1300.98000839353,18.632,14.842,13.764,13.45,10.442,10.496
20241115094435.9,1301.46500878036,18.612,14.846,13.757,13.463,10.448,10.482
20241115094436.4,1301.96500606835,18.584,14.863,13.755,13.457,10.442,10.498
20241115094436.9,1302.45300382376,18.511,14.848,13.755,13.457,10.456,10.496
20241115094437.4,1302.94100157917,18.515,14.846,13.764,13.43,10.46,10.49
20241115094437.9,1303.44100892544,18.588,14.856,13.76,13.432,10.48,10.492
20241115094438.4,1303.93700301647,18.612,14.858,13.747,13.461,10.466,10.494
20241115094438.8,1304.42200340331,18.725,14.871,13.757,13.45,10.458,10.488
20241115094439.3,1304.90200482309,18.739,14.875,13.757,13.438,10.458,10.492
20241115094439.8,1305.38300201297,18.64,14.873,13.747,13.44,10.454,10.496
20241115094440.3,1305.86700662971,18.596,14.877,13.762,13.432,10.466,10.501
20241115094440.8,1306.35100118816,18.602,14.873,13.749,13.43,10.452,10.488
20241115094441.3,1306.83600157499,18.644,14.883,13.747,13.452,10.444,10.49
20241115094441.7,1307.31600299478,18.642,14.877,13.731,13.426,10.468,10.498
20241115094442.2,1307.80100338161,18.634,14.893,13.745,13.432,10.468,10.501
20241115094442.7,1308.28900113702,18.646,14.895,13.753,13.448,10.466,10.511
20241115094443.2,1308.76600518823,18.677,14.889,13.741,13.448,10.45,10.482
20241115094443.7,1309.24999974668,18.628,14.881,13.747,13.448,10.47,10.507
20241115094444.2,1309.73800756037,18.622,14.903,13.747,13.448,10.466,10.49
20241115094444.6,1310.21900475025,18.656,14.909,13.758,13.465,10.474,10.49
20241115094445.1,1310.69900617003,18.713,14.903,13.747,13.446,10.462,10.488
20241115094445.6,1311.18300072849,18.755,14.901,13.747,13.457,10.47,10.511
20241115094446.1,1311.66800111532,18.766,14.919,13.743,13.442,10.458,10.484
20241115094446.6,1312.1370088309,18.723,14.921,13.751,13.461,10.454,10.501
20241115094447,1312.6170001924,18.703,14.911,13.758,13.457,10.472,10.511
20241115094447.5,1313.10100480914,18.681,14.925,13.77,13.463,10.484,10.509
20241115094448,1313.57400566339,18.673,14.907,13.753,13.465,10.472,10.501
20241115094448.5,1314.0620034188,18.636,14.919,13.753,13.463,10.476,10.492
20241115094449,1314.54300060868,18.624,14.919,13.757,13.463,10.454,10.501
20241115094449.4,1315.01600146294,18.594,14.933,13.762,13.463,10.47,10.494
20241115094449.9,1315.50000607967,18.493,14.937,13.762,13.463,10.446,10.496
20241115094450.4,1315.98400063813,18.452,14.953,13.77,13.444,10.46,10.501
20241115094450.9,1316.46900102496,18.467,14.939,13.762,13.471,10.46,10.507
20241115094451.4,1316.94900244474,18.563,14.959,13.784,13.469,10.454,10.501
20241115094451.9,1317.44899973273,18.565,14.949,13.776,13.471,10.456,10.494
20241115094452.4,1317.93300434947,18.555,14.953,13.776,13.459,10.454,10.484
20241115094452.8,1318.41400153935,18.497,14.959,13.753,13.459,10.462,10.498
20241115094453.3,1318.89800615609,18.481,14.972,13.764,13.469,10.444,10.498
20241115094453.8,1319.37900334597,18.501,14.96,13.764,13.471,10.476,10.494
20241115094454.3,1319.86700110137,18.519,14.972,13.772,13.463,10.454,10.505
20241115094454.8,1320.34800834954,18.436,14.978,13.782,13.467,10.468,10.505
20241115094455.3,1320.83200290799,18.39,14.988,13.776,13.463,10.466,10.494
20241115094455.7,1321.31600752473,18.424,15.002,13.743,13.479,10.482,10.496
20241115094456.2,1321.80100791156,18.434,14.988,13.784,13.483,10.476,10.494
20241115094456.7,1322.28500247002,18.45,14.996,13.77,13.493,10.464,10.498
20241115094457.2,1322.7659996599,18.44,14.998,13.774,13.481,10.462,10.496
20241115094457.7,1323.25000427663,18.438,15.012,13.77,13.491,10.456,10.507
20241115094458.2,1323.73000569642,18.497,15.036,13.764,13.483,10.46,10.498
20241115094458.6,1324.21500608325,18.59,15.004,13.79,13.487,10.476,10.501
20241115094459.1,1324.69500750303,18.511,15.028,13.78,13.465,10.468,10.494
20241115094459.6,1325.18000788987,18.561,15.02,13.782,13.497,10.454,10.503
20241115094500.1,1325.66400244832,18.626,15.01,13.792,13.487,10.47,10.511
20241115094500.6,1326.1440038681,18.671,15.008,13.786,13.475,10.47,10.496
20241115094501.1,1326.62900425494,18.584,15.058,13.788,13.481,10.468,10.505
20241115094501.6,1327.12900154293,18.454,15.032,13.786,13.465,10.472,10.496
20241115094502,1327.61300615966,18.335,15.052,13.786,13.467,10.474,10.492
20241115094502.5,1328.0980065465,18.254,15.032,13.796,13.491,10.472,10.49
20241115094503,1328.58200110495,18.161,15.036,13.784,13.499,10.468,10.492
20241115094503.5,1329.06600572169,18.137,15.06,13.782,13.473,10.472,10.507
20241115094504,1329.54700291157,18.099,15.052,13.786,13.479,10.456,10.494
20241115094504.5,1330.03100752831,17.988,15.056,13.798,13.489,10.47,10.507
20241115094504.9,1330.51600791514,17.883,15.061,13.796,13.491,10.484,10.519
20241115094505.4,1330.99200613797,17.84,15.044,13.79,13.501,10.488,10.507
20241115094505.9,1331.47600069642,17.832,15.06,13.792,13.475,10.484,10.498
20241115094506.4,1331.96100108325,17.798,15.071,13.8,13.475,10.48,10.519
20241115094506.9,1332.44500569999,17.776,15.065,13.79,13.483,10.472,10.498
20241115094507.4,1332.93000608683,17.786,15.075,13.802,13.467,10.478,10.49
20241115094507.8,1333.41000750661,17.814,15.061,13.792,13.489,10.494,10.509
20241115094508.3,1333.89100469649,17.822,15.079,13.792,13.497,10.476,10.511
20241115094508.8,1334.3790024519,17.865,15.071,13.806,13.483,10.488,10.517
20241115094509.3,1334.85900387168,17.953,15.079,13.788,13.473,10.476,10.486
20241115094509.8,1335.34800745547,17.925,15.083,13.802,13.465,10.478,10.533
20241115094510.3,1335.83200201392,17.911,15.097,13.778,13.487,10.466,10.496
20241115094510.7,1336.31600663066,17.925,15.079,13.784,13.463,10.488,10.507
20241115094511.2,1336.80100701749,17.963,15.085,13.794,13.475,10.466,10.503
20241115094511.7,1337.2890047729,17.911,15.103,13.784,13.45,10.496,10.509
20241115094512.2,1337.76600882411,17.992,15.093,13.796,13.471,10.484,10.505
20241115094512.7,1338.25000338256,18.02,15.101,13.794,13.479,10.472,10.517
20241115094513.2,1338.7340079993,18.054,15.091,13.774,13.471,10.494,10.492
20241115094513.6,1339.21900838614,18.081,15.107,13.792,13.475,10.452,10.517
20241115094514.1,1339.69899974763,18.137,15.113,13.784,13.469,10.48,10.496
20241115094514.6,1340.18300436437,18.157,15.121,13.796,13.491,10.474,10.523
20241115094515.1,1340.65200202167,18.131,15.111,13.796,13.465,10.484,10.494
20241115094515.6,1341.1370024085,18.145,15.119,13.804,13.491,10.462,10.496
20241115094516,1341.61700382829,18.159,15.141,13.79,13.471,10.472,10.501
20241115094516.5,1342.10100844502,18.105,15.141,13.788,13.461,10.486,10.513
20241115094517,1342.58600883186,18.046,15.149,13.808,13.471,10.474,10.507
20241115094517.5,1343.07000339031,18.093,15.127,13.794,13.481,10.486,10.509
20241115094518,1343.55100058019,18.166,15.147,13.776,13.483,10.474,10.488
20241115094518.5,1344.03100199997,18.198,15.149,13.796,13.473,10.478,10.509
20241115094518.9,1344.51600238681,18.22,15.159,13.802,13.465,10.476,10.498
20241115094519.4,1345.00000700355,18.232,15.176,13.806,13.469,10.486,10.509
20241115094519.9,1345.46900466084,18.246,15.135,13.788,13.481,10.478,10.511
20241115094520.4,1345.94900608063,18.216,15.161,13.786,13.467,10.492,10.513
20241115094520.9,1346.43700383604,18.208,15.176,13.784,13.461,10.466,10.513
20241115094521.4,1346.94100432098,18.224,15.176,13.79,13.467,10.486,10.507
20241115094521.8,1347.41800837219,18.204,15.17,13.8,13.469,10.49,10.527
20241115094522.3,1347.90200293064,18.204,15.186,13.784,13.481,10.474,10.498
20241115094522.8,1348.39800707996,18.163,15.204,13.788,13.487,10.48,10.513
20241115094523.3,1348.88300746679,18.149,15.188,13.798,13.483,10.48,10.513
20241115094523.8,1349.38300475478,18.19,15.2,13.8,13.461,10.501,10.521
20241115094524.3,1349.88300204277,18.24,15.188,13.788,13.465,10.488,10.505
20241115094524.8,1350.36700665951,18.22,15.202,13.794,13.471,10.488,10.521
20241115094525.3,1350.84800384939,18.218,15.208,13.802,13.477,10.482,10.482
20241115094525.8,1351.33200846612,18.228,15.206,13.8,13.473,10.48,10.513
20241115094526.2,1351.81600302458,18.147,15.222,13.79,13.487,10.488,10.503
20241115094526.7,1352.30100341141,18.127,15.224,13.788,13.481,10.484,10.505
20241115094527.2,1352.78500802815,18.099,15.24,13.808,13.461,10.476,10.509
20241115094527.7,1353.2690025866,18.135,15.208,13.8,13.457,10.48,10.507
20241115094528.2,1353.75400297344,18.166,15.232,13.79,13.446,10.47,10.517
20241115094528.7,1354.23400439322,18.161,15.252,13.814,13.467,10.498,10.517
20241115094529.1,1354.7150015831,18.105,15.254,13.804,13.499,10.474,10.537
20241115094529.6,1355.19900619984,18.067,15.254,13.784,13.475,10.484,10.527
20241115094530.1,1355.67600019276,18.034,15.267,13.8,13.477,10.484,10.511
20241115094530.6,1356.1600048095,18.03,15.273,13.808,13.481,10.498,10.515
20241115094531.1,1356.64100199938,18.018,15.275,13.806,13.485,10.486,10.525
20241115094531.5,1357.11300708354,18.06,15.252,13.804,13.483,10.47,10.513
20241115094532,1357.59400427341,18.077,15.271,13.822,13.501,10.492,10.513
20241115094532.5,1358.0940015614,18.155,15.273,13.802,13.479,10.482,10.519
20241115094533,1358.57800617814,18.206,15.273,13.796,13.473,10.474,10.509
20241115094533.5,1359.05800759792,18.305,15.281,13.816,13.477,10.494,10.503
20241115094534,1359.54700112343,18.305,15.277,13.796,13.479,10.492,10.521
20241115094534.5,1360.03100574017,18.41,15.303,13.812,13.477,10.501,10.525
20241115094535,1360.53100302815,18.426,15.289,13.804,13.469,10.488,10.519
20241115094535.4,1361.01900078356,18.434,15.297,13.814,13.479,10.492,10.501
20241115094535.9,1361.50800436735,18.41,15.309,13.802,13.493,10.488,10.498
20241115094536.4,1361.97999939322,18.42,15.315,13.792,13.487,10.482,10.507
20241115094536.9,1362.46499978006,18.462,15.327,13.812,13.477,10.474,10.509
20241115094537.4,1362.9490043968,18.487,15.333,13.814,13.467,10.488,10.517
20241115094537.9,1363.43299895525,18.446,15.341,13.806,13.487,10.486,10.511
20241115094538.3,1363.91799934208,18.412,15.337,13.812,13.499,10.484,10.527
20241115094538.8,1364.39800076187,18.386,15.355,13.802,13.471,10.498,10.517
20241115094539.3,1364.8830011487,18.382,15.362,13.812,13.457,10.482,10.527
20241115094539.8,1365.36700576544,18.38,15.374,13.81,13.461,10.478,10.511
20241115094540.3,1365.85100032389,18.364,15.357,13.794,13.491,10.468,10.509
20241115094540.8,1366.33600071073,18.299,15.376,13.808,13.485,10.488,10.503
20241115094541.2,1366.82000532746,18.287,15.37,13.812,13.503,10.474,10.523
20241115094541.7,1367.30100251734,18.374,15.388,13.8,13.493,10.482,10.515
20241115094542.2,1367.78900027275,18.418,15.394,13.82,13.471,10.484,10.517
20241115094542.7,1368.26900169253,18.458,15.408,13.824,13.489,10.474,10.509
20241115094543.2,1368.7500089407,18.487,15.414,13.834,13.489,10.484,10.511
20241115094543.7,1369.25000622869,18.543,15.424,13.816,13.499,10.456,10.492
20241115094544.2,1369.73400078714,18.469,15.434,13.84,13.501,10.468,10.515
20241115094544.6,1370.21900117397,18.422,15.442,13.834,13.493,10.46,10.509
20241115094545.1,1370.69900259376,18.394,15.452,13.84,13.507,10.48,10.505
20241115094545.6,1371.18700034916,18.4,15.465,13.82,13.517,10.494,10.519
20241115094546.1,1371.66800759733,18.337,15.456,13.816,13.477,10.484,10.505
20241115094546.6,1372.15200215578,18.269,15.477,13.826,13.499,10.486,10.505
20241115094547.1,1372.63299934566,18.248,15.467,13.83,13.497,10.478,10.517
20241115094547.5,1373.1170039624,18.325,15.493,13.84,13.491,10.492,10.509
20241115094548,1373.59800115228,18.448,15.495,13.826,13.493,10.48,10.503
20241115094548.5,1374.08600896597,18.473,15.493,13.82,13.515,10.484,10.492
20241115094549,1374.56600032747,18.418,15.535,13.822,13.511,10.478,10.519
20241115094549.5,1375.0510007143,18.345,15.519,13.842,13.489,10.47,10.513
20241115094550,1375.53500533104,18.355,15.519,13.838,13.495,10.488,10.525
20241115094550.4,1376.01199932396,18.426,15.531,13.83,13.487,10.492,10.529
20241115094550.9,1376.50000713766,18.462,15.555,13.85,13.477,10.488,10.519
20241115094551.4,1376.98400169611,18.432,15.572,13.838,13.527,10.482,10.498
20241115094551.9,1377.46900208294,18.46,15.57,13.84,13.495,10.484,10.517
20241115094552.4,1377.95300669968,18.509,15.606,13.842,13.513,10.482,10.517
20241115094552.9,1378.43700125813,18.572,15.588,13.836,13.527,10.478,10.525
20241115094553.3,1378.92200164497,18.715,15.6,13.848,13.521,10.488,10.523
20241115094553.8,1379.40600626171,18.77,15.61,13.834,13.515,10.488,10.517
20241115094554.3,1379.89400401711,18.786,15.61,13.84,13.531,10.496,10.513
20241115094554.8,1380.37900440395,18.822,15.63,13.846,13.521,10.48,10.505
20241115094555.3,1380.88300488889,18.905,15.634,13.875,13.513,10.47,10.509
20241115094555.8,1381.36699944735,18.986,15.642,13.859,13.507,10.472,10.513
20241115094556.3,1381.86700679362,19.153,15.654,13.848,13.517,10.501,10.519
20241115094556.8,1382.35100135207,19.271,15.66,13.852,13.515,10.48,10.515
20241115094557.3,1382.83600173891,19.236,15.663,13.852,13.491,10.482,10.521
20241115094557.7,1383.32000635564,19.127,15.665,13.844,13.497,10.466,10.501
20241115094558.2,1383.80500674248,18.972,15.687,13.858,13.489,10.474,10.511
20241115094558.7,1384.28900130093,18.824,15.663,13.846,13.511,10.505,10.517
20241115094559.2,1384.77300591767,18.703,15.677,13.852,13.499,10.48,10.513
20241115094559.7,1385.2580063045,18.721,15.685,13.848,13.495,10.456,10.513
20241115094600.2,1385.73000133038,18.723,15.687,13.85,13.499,10.486,10.521
20241115094600.6,1386.21500171721,18.695,15.685,13.838,13.495,10.476,10.513
20241115094601.1,1386.69900633395,18.553,15.687,13.842,13.511,10.476,10.505
20241115094601.6,1387.1830008924,18.41,15.687,13.818,13.523,10.488,10.509
20241115094602.1,1387.66800127923,18.289,15.709,13.854,13.493,10.478,10.521
20241115094602.6,1388.15200589597,18.273,15.717,13.82,13.497,10.488,10.515
20241115094603.1,1388.63300308585,18.277,15.715,13.838,13.503,10.488,10.511
20241115094603.6,1389.13300037384,18.226,15.723,13.83,13.485,10.478,10.503
20241115094604,1389.61300179362,18.091,15.745,13.834,13.487,10.49,10.519
20241115094604.5,1390.09800218046,18.026,15.737,13.842,13.489,10.462,10.511
20241115094605,1390.58200679719,18.069,15.731,13.846,13.497,10.49,10.525
20241115094605.5,1391.06200821698,18.01,15.749,13.846,13.511,10.484,10.513
20241115094606,1391.55100174248,17.988,15.772,13.85,13.501,10.47,10.515
20241115094606.5,1392.03100316226,17.953,15.764,13.852,13.499,10.492,10.507
20241115094606.9,1392.5160035491,17.943,15.766,13.83,13.507,10.486,10.525
20241115094607.4,1392.99600496888,17.974,15.802,13.85,13.495,10.505,10.521
20241115094607.9,1393.49600225687,17.982,15.792,13.846,13.507,10.494,10.509
20241115094608.4,1393.98400001228,17.988,15.792,13.842,13.491,10.474,10.517
20241115094608.9,1394.46900039911,17.988,15.8,13.84,13.491,10.49,10.511
20241115094609.4,1394.95300501585,18.036,15.812,13.836,13.475,10.488,10.511
20241115094609.9,1395.43300643563,18.089,15.826,13.846,13.489,10.488,10.521
20241115094610.3,1395.92199996114,18.107,15.798,13.84,13.489,10.48,10.509
20241115094610.8,1396.40600457788,18.121,15.832,13.84,13.481,10.482,10.531
20241115094611.3,1396.90200872719,18.131,15.84,13.842,13.479,10.492,10.521
20241115094611.8,1397.38700911403,18.131,15.836,13.848,13.501,10.476,10.533
20241115094612.3,1397.87100367248,18.139,15.863,13.844,13.489,10.48,10.525
20241115094612.8,1398.35100509226,18.111,15.844,13.836,13.485,10.486,10.509
20241115094613.3,1398.8360054791,18.04,15.861,13.824,13.485,10.501,10.539
20241115094613.7,1399.32000003755,18.048,15.873,13.858,13.485,10.466,10.519
20241115094614.2,1399.80100728571,18.095,15.891,13.834,13.485,10.476,10.527
20241115094614.7,1400.28500184417,18.184,15.919,13.832,13.471,10.492,10.498
20241115094615.2,1400.76600909233,18.303,15.913,13.85,13.493,10.482,10.505
20241115094615.7,1401.26200318336,18.325,15.943,13.83,13.503,10.486,10.521
20241115094616.2,1401.75000093877,18.317,15.915,13.838,13.483,10.484,10.527
20241115094616.7,1402.23400555551,18.398,15.935,13.846,13.487,10.482,10.507
20241115094617.1,1402.71500274539,18.507,15.949,13.848,13.495,10.49,10.533
20241115094617.6,1403.19900736213,18.487,15.953,13.834,13.487,10.478,10.505
20241115094618.1,1403.70300784707,18.523,15.964,13.84,13.501,10.47,10.515
20241115094618.6,1404.18300926685,18.438,15.97,13.844,13.481,10.476,10.531
20241115094619.1,1404.6679995954,18.327,15.957,13.842,13.485,10.478,10.503
20241115094619.6,1405.14800101519,18.256,15.974,13.838,13.469,10.486,10.511
20241115094620.1,1405.63700459898,18.214,15.992,13.842,13.465,10.49,10.527
20241115094620.5,1406.11700601876,18.151,15.976,13.838,13.487,10.468,10.507
20241115094621,1406.60100057721,18.182,16.006,13.818,13.483,10.498,10.496
20241115094621.5,1407.08600096405,18.121,16.014,13.838,13.465,10.484,10.509
20241115094622,1407.58200511336,18.048,16.004,13.834,13.477,10.476,10.509
20241115094622.5,1408.08200240135,18.127,16.02,13.854,13.477,10.49,10.503
20241115094623,1408.56600701809,18.095,16.028,13.85,13.479,10.488,10.513
20241115094623.5,1409.05500054359,18,16.016,13.826,13.503,10.486,10.517
20241115094624,1409.55500788987,17.992,16.05,13.838,13.481,10.482,10.509
20241115094624.5,1410.03499925137,17.978,16.03,13.826,13.487,10.482,10.527
20241115094624.9,1410.5190038681,18.04,16.065,13.848,13.487,10.49,10.511
20241115094625.4,1411.00000105798,18.091,16.065,13.832,13.495,10.468,10.509
20241115094625.9,1411.48400567472,18.206,16.071,13.859,13.481,10.488,10.509
20241115094626.4,1411.96900606155,18.232,16.085,13.846,13.495,10.482,10.509
20241115094626.9,1412.45300062001,18.264,16.087,13.84,13.497,10.462,10.525
20241115094627.4,1412.94900476933,18.275,16.113,13.83,13.503,10.478,10.511
20241115094627.9,1413.43700252473,18.291,16.113,13.858,13.501,10.472,10.501
20241115094628.3,1413.92600610852,18.317,16.125,13.856,13.491,10.472,10.498
20241115094628.8,1414.40200433135,18.26,16.151,13.84,13.499,10.486,10.527
20241115094629.3,1414.89100791514,18.275,16.149,13.854,13.495,10.458,10.521
20241115094629.8,1415.37900567055,18.258,16.166,13.859,13.513,10.478,10.515
20241115094630.3,1415.863000229,18.236,16.176,13.859,13.505,10.486,10.515
20241115094630.8,1416.34800061584,18.236,16.168,13.846,13.493,10.482,10.496
20241115094631.3,1416.83200523257,18.262,16.202,13.846,13.489,10.462,10.505
20241115094631.7,1417.31599979103,18.307,16.208,13.844,13.497,10.466,10.513
20241115094632.2,1417.80100017786,18.325,16.242,13.856,13.495,10.478,10.503
20241115094632.7,1418.27300526202,18.333,16.256,13.852,13.495,10.48,10.501
20241115094633.2,1418.75800564885,18.281,16.248,13.859,13.487,10.478,10.515
20241115094633.7,1419.23800706863,18.289,16.262,13.863,13.481,10.478,10.523
20241115094634.1,1419.72600482404,18.281,16.283,13.861,13.497,10.468,10.511
20241115094634.6,1420.21100521088,18.244,16.289,13.848,13.505,10.48,10.505
20241115094635.1,1420.69100663066,18.186,16.283,13.844,13.519,10.486,10.511
20241115094635.6,1421.19100391865,18.246,16.311,13.861,13.495,10.48,10.515
20241115094636.1,1421.67600430548,18.339,16.309,13.867,13.517,10.468,10.503
20241115094636.6,1422.15600572526,18.434,16.351,13.863,13.517,10.462,10.517
20241115094637.1,1422.64400348067,18.495,16.353,13.832,13.513,10.478,10.507
20241115094637.5,1423.12500067055,18.533,16.364,13.873,13.497,10.476,10.525
20241115094638,1423.60900528729,18.495,16.388,13.877,13.503,10.501,10.509
20241115094638.5,1424.09800887108,18.475,16.42,13.867,13.513,10.462,10.503
20241115094639,1424.57800023258,18.351,16.436,13.873,13.523,10.48,10.507
20241115094639.5,1425.06200484931,18.347,16.448,13.889,13.511,10.474,10.501
20241115094640,1425.5510084331,18.46,16.467,13.889,13.491,10.488,10.501
20241115094640.5,1426.0309997946,18.384,16.475,13.846,13.497,10.484,10.515
20241115094640.9,1426.51600018144,18.307,16.467,13.883,13.505,10.464,10.531
20241115094641.4,1427.00000479817,18.265,16.513,13.865,13.503,10.484,10.513
20241115094641.9,1427.48000621796,18.252,16.511,13.889,13.495,10.466,10.509
20241115094642.4,1427.96500660479,18.226,16.535,13.848,13.481,10.486,10.531
20241115094642.9,1428.44500802457,18.188,16.527,13.889,13.489,10.476,10.515
20241115094643.4,1428.94100211561,18.214,16.529,13.879,13.481,10.48,10.509
20241115094643.9,1429.4300056994,18.269,16.537,13.871,13.499,10.484,10.488
20241115094644.3,1429.90600392222,18.386,16.57,13.869,13.505,10.454,10.523
20241115094644.8,1430.39400167763,18.493,16.572,13.865,13.495,10.484,10.492
20241115094645.3,1430.8750089258,18.561,16.594,13.859,13.501,10.468,10.492
20241115094645.8,1431.37500621378,18.547,16.602,13.854,13.479,10.47,10.511
20241115094646.3,1431.87500350177,18.458,16.606,13.873,13.509,10.458,10.509
20241115094646.8,1432.35500492156,18.404,16.634,13.875,13.507,10.476,10.505
20241115094647.3,1432.84000530839,18.41,16.64,13.869,13.497,10.494,10.515
20241115094647.7,1433.32000672817,18.462,16.652,13.861,13.489,10.47,10.515
20241115094648.2,1433.80500711501,18.555,16.679,13.873,13.501,10.482,10.511
20241115094648.7,1434.28500853479,18.594,16.673,13.867,13.491,10.486,10.523
20241115094649.2,1434.76900309324,18.566,16.705,13.867,13.499,10.472,10.519
20241115094649.7,1435.25400348008,18.586,16.719,13.867,13.479,10.476,10.513
20241115094650.2,1435.73400489986,18.578,16.721,13.863,13.489,10.48,10.511
20241115094650.6,1436.22300848365,18.582,16.713,13.859,13.475,10.482,10.507
20241115094651.1,1436.71900257468,18.574,16.731,13.858,13.499,10.478,10.521
20241115094651.6,1437.20300719142,18.559,16.747,13.863,13.499,10.476,10.509
20241115094652.1,1437.6830086112,18.495,16.782,13.863,13.503,10.478,10.503
20241115094652.6,1438.16400580108,18.507,16.8,13.863,13.489,10.478,10.49
20241115094653.1,1438.64800035954,18.535,16.816,13.873,13.489,10.466,10.511
20241115094653.6,1439.13700394332,18.535,16.818,13.877,13.499,10.48,10.509
20241115094654,1439.61700536311,18.454,16.824,13.852,13.513,10.472,10.503
20241115094654.5,1440.10099992156,18.408,16.85,13.881,13.501,10.466,10.519
20241115094655,1440.58600030839,18.355,16.856,13.863,13.505,10.482,10.507
20241115094655.5,1441.07000492513,18.333,16.865,13.871,13.519,10.482,10.519
20241115094656,1441.55100211501,18.258,16.899,13.871,13.521,10.48,10.507
20241115094656.5,1442.03100353479,18.141,16.907,13.889,13.543,10.462,10.511
20241115094656.9,1442.5190012902,18.075,16.931,13.887,13.519,10.466,10.498
20241115094657.4,1443.00000853837,18.048,16.953,13.893,13.525,10.464,10.509
20241115094657.9,1443.48400309682,18.046,16.951,13.881,13.511,10.462,10.507
20241115094658.4,1443.95700395107,18.054,16.98,13.889,13.515,10.474,10.505
20241115094658.9,1444.46100443602,18.038,17.008,13.899,13.503,10.46,10.511
20241115094659.4,1444.9410058558,18.026,17.018,13.881,13.511,10.474,10.509
20241115094659.9,1445.4299993813,18.046,17.042,13.911,13.507,10.474,10.501
20241115094700.4,1445.93000672758,18.02,17.069,13.889,13.505,10.472,10.501
20241115094700.8,1446.4060049504,18.02,17.105,13.879,13.515,10.484,10.523
20241115094701.3,1446.89100533724,17.994,17.109,13.879,13.525,10.486,10.49
20241115094701.8,1447.37100675702,18.002,17.121,13.887,13.521,10.482,10.517
20241115094702.3,1447.85900451243,18.018,17.145,13.885,13.505,10.472,10.519
20241115094702.8,1448.34400489926,17.99,17.168,13.901,13.499,10.48,10.507
20241115094703.3,1448.82799945772,17.963,17.206,13.905,13.509,10.47,10.523
20241115094703.7,1449.3080008775,18.034,17.23,13.897,13.519,10.478,10.492
20241115094704.2,1449.79300126433,18.153,17.244,13.903,13.527,10.494,10.521
20241115094704.7,1450.27300268412,18.275,17.258,13.891,13.527,10.478,10.513
20241115094705.2,1450.76200626791,18.277,17.283,13.895,13.527,10.474,10.507
20241115094705.7,1451.24600082636,18.321,17.299,13.899,13.515,10.48,10.492
20241115094706.2,1451.74200497568,18.265,17.307,13.889,13.507,10.476,10.523
20241115094706.7,1452.23000273108,18.149,17.325,13.897,13.513,10.486,10.515
20241115094707.2,1452.73000001907,18.224,17.363,13.907,13.509,10.496,10.509
20241115094707.6,1453.21100726724,18.38,17.382,13.895,13.503,10.472,10.507
20241115094708.1,1453.69900502264,18.485,17.402,13.905,13.515,10.462,10.517
20241115094708.6,1454.1829995811,18.394,17.424,13.911,13.511,10.452,10.525
20241115094709.1,1454.66799996793,18.372,17.442,13.897,13.501,10.474,10.505
20241115094709.6,1455.14800138772,18.495,17.471,13.917,13.497,10.486,10.496
20241115094710.1,1455.63300177455,18.644,17.483,13.899,13.509,10.474,10.492
20241115094710.5,1456.11700639129,18.727,17.517,13.901,13.527,10.49,10.505
20241115094711,1456.60100094974,18.784,17.517,13.893,13.495,10.47,10.513
20241115094711.5,1457.08600133657,18.822,17.531,13.887,13.495,10.466,10.509
20241115094712,1457.56600275636,18.816,17.566,13.903,13.521,10.476,10.517
20241115094712.5,1458.05800370872,18.747,17.578,13.887,13.503,10.472,10.515
20241115094713,1458.53500775993,18.699,17.604,13.899,13.521,10.486,10.501
20241115094713.5,1459.03100185096,18.644,17.64,13.905,13.513,10.482,10.509
20241115094713.9,1459.5160022378,18.533,17.65,13.897,13.509,10.482,10.503
20241115094714.4,1460.00000685453,18.44,17.685,13.893,13.513,10.462,10.494
20241115094714.9,1460.48400141299,18.38,17.691,13.907,13.523,10.47,10.523
20241115094715.4,1460.96900179982,18.267,17.693,13.897,13.513,10.496,10.531
20241115094715.9,1461.4490032196,18.267,17.745,13.915,13.529,10.464,10.496
20241115094716.4,1461.93300783634,18.285,17.761,13.899,13.533,10.476,10.503
20241115094716.8,1462.41800822318,18.339,17.78,13.897,13.521,10.47,10.515
20241115094717.3,1462.90600597858,18.406,17.806,13.907,13.525,10.464,10.509
20241115094717.8,1463.39100636542,18.378,17.848,13.907,13.529,10.482,10.507
20241115094718.3,1463.88700045645,18.529,17.963,13.897,13.543,10.486,10.505
20241115094718.8,1464.37500827014,18.786,17.992,13.907,13.527,10.484,10.517
20241115094719.3,1464.87100236118,18.889,18.036,13.907,13.535,10.464,10.496
20241115094719.8,1465.35900011659,19.111,18.042,13.929,13.545,10.474,10.509
20241115094720.3,1465.84000736475,19.149,18.062,13.923,13.529,10.47,10.519
20241115094720.8,1466.32800512016,19.182,18.097,13.947,13.543,10.486,10.498
20241115094721.2,1466.81600287557,19.143,18.139,13.925,13.543,10.476,10.519
20241115094721.7,1467.30500645936,19.103,18.178,13.915,13.537,10.462,10.529
20241115094722.2,1467.78900101781,19.075,18.218,13.919,13.541,10.49,10.503
20241115094722.7,1468.28500516713,19.105,18.238,13.931,13.545,10.458,10.509
20241115094723.2,1468.76600235701,19.087,18.262,13.927,13.543,10.482,10.505
20241115094723.7,1469.25000697374,19.079,18.291,13.935,13.556,10.478,10.494
20241115094724.2,1469.7340015322,19.111,18.333,13.929,13.58,10.486,10.515
20241115094724.6,1470.22300511599,19.147,18.361,13.939,13.56,10.462,10.501
20241115094725.1,1470.70699967444,19.186,18.39,13.951,13.57,10.484,10.519
20241115094725.6,1471.19500748813,19.248,18.42,13.945,13.56,10.486,10.525
20241115094726.1,1471.67600467801,19.357,18.485,13.962,13.556,10.503,10.523
20241115094726.6,1472.15600609779,19.45,18.521,13.958,13.547,10.468,10.501
20241115094727.1,1472.6440038532,19.507,18.541,13.947,13.543,10.46,10.513
20241115094727.5,1473.12500104308,19.529,18.608,13.958,13.545,10.482,10.496
20241115094728,1473.60900565982,19.527,18.632,13.958,13.566,10.484,10.519
20241115094728.5,1474.0900028497,19.475,18.681,13.964,13.586,10.48,10.507
20241115094729,1474.57000426948,19.382,18.729,13.953,13.578,10.486,10.503
20241115094729.5,1475.05500465631,19.311,18.745,13.962,13.574,10.478,10.515
20241115094730,1475.53900927305,19.216,18.788,13.955,13.59,10.47,10.513
20241115094730.4,1476.02300383151,19.178,18.854,13.97,13.578,10.48,10.521
20241115094730.9,1476.51900798082,19.111,18.893,13.982,13.586,10.474,10.511
20241115094731.4,1477.01900526881,19.101,18.913,13.978,13.578,10.488,10.509
20241115094731.9,1477.50400565565,19.133,18.945,13.984,13.6,10.48,10.501
20241115094732.4,1477.9880002141,19.228,18.967,13.984,13.608,10.486,10.503
20241115094732.9,1478.48400436342,19.168,18.974,13.984,13.58,10.48,10.509
20241115094733.4,1478.96900475025,19.119,19.022,14.002,13.578,10.466,10.521
20241115094733.9,1479.44900617003,19.135,19.058,13.982,13.582,10.503,10.523
20241115094734.4,1479.93300072849,19.107,19.081,13.996,13.582,10.464,10.521
20241115094734.8,1480.42200431228,19.002,19.117,13.986,13.564,10.472,10.517
20241115094735.3,1480.91800846159,18.937,19.139,13.988,13.566,10.472,10.521
20241115094735.8,1481.41400255263,19.014,19.18,13.992,13.576,10.462,10.525
20241115094736.3,1481.89800716937,18.963,19.222,13.992,13.57,10.468,10.513
20241115094736.8,1482.3830075562,18.889,19.269,13.992,13.574,10.464,10.511
20241115094737.3,1482.86700211465,18.854,19.311,13.986,13.58,10.474,10.521
20241115094737.8,1483.35100673139,18.86,19.339,14,13.551,10.466,10.523
20241115094738.3,1483.83600711823,18.792,19.361,13.984,13.566,10.478,10.511
20241115094738.7,1484.32000167668,18.814,19.408,13.984,13.56,10.49,10.501
20241115094739.2,1484.81200262904,18.768,19.42,13.99,13.545,10.474,10.527
20241115094739.7,1485.30100621283,18.664,19.483,13.982,13.545,10.456,10.501
20241115094740.2,1485.78100763261,18.677,19.529,13.99,13.551,10.49,10.521
20241115094740.7,1486.26600801945,18.717,19.555,13.982,13.578,10.47,10.486
20241115094741.2,1486.75400577486,18.715,19.59,13.978,13.562,10.46,10.521
20241115094741.7,1487.25400306284,18.693,19.634,13.99,13.549,10.464,10.501
20241115094742.2,1487.73400448263,18.596,19.66,13.976,13.556,10.488,10.515
20241115094742.6,1488.21500167251,18.555,19.709,13.964,13.549,10.476,10.498
20241115094743.1,1488.69900628924,18.57,19.745,13.992,13.553,10.468,10.507
20241115094743.6,1489.20300677419,18.628,19.792,13.984,13.543,10.488,10.496
20241115094744.1,1489.68700133264,18.689,19.858,13.962,13.543,10.476,10.509
20241115094744.6,1490.18700867891,18.699,19.889,13.984,13.535,10.501,10.503
20241115094745.1,1490.68000540137,18.677,19.921,13.968,13.531,10.486,10.503
20241115094745.6,1491.18000268936,18.761,19.98,13.986,13.564,10.474,10.519
20241115094746.1,1491.67600683868,18.78,20.038,13.98,13.551,10.48,10.515
20241115094746.6,1492.15600825846,18.856,20.081,13.994,13.556,10.476,10.523
20241115094747.1,1492.64400601387,18.897,20.121,13.974,13.558,10.47,10.513
20241115094747.6,1493.1290064007,18.869,20.139,13.984,13.56,10.476,10.488
20241115094748,1493.61300095916,18.772,20.184,13.974,13.535,10.474,10.515
20241115094748.5,1494.09800134599,18.806,20.232,13.976,13.564,10.456,10.517
20241115094749,1494.5859991014,18.824,20.293,13.972,13.539,10.476,10.535
20241115094749.5,1495.07000371814,18.85,20.335,13.97,13.535,10.474,10.513
20241115094750,1495.55100090802,18.937,20.376,13.974,13.533,10.468,10.501
20241115094750.5,1496.03500552475,19.028,20.436,13.98,13.568,10.484,10.517
20241115094750.9,1496.51900008321,19.141,20.481,13.99,13.564,10.47,10.515
20241115094751.4,1497.00000733137,19.293,20.547,13.972,13.551,10.474,10.501
20241115094751.9,1497.48800508678,19.271,20.59,13.98,13.549,10.496,10.515
20241115094752.4,1497.9840092361,19.261,20.652,13.974,13.541,10.456,10.496
20241115094752.9,1498.46899956465,19.069,20.727,13.968,13.533,10.474,10.517
20241115094753.4,1498.95300418139,18.915,20.828,13.974,13.56,10.464,10.513
20241115094753.9,1499.43700879812,19.061,20.909,13.988,13.572,10.452,10.509
20241115094754.3,1499.918005988,19.123,21.065,13.98,13.58,10.472,10.492
20241115094754.8,1500.40200054646,19.109,21.166,13.984,13.556,10.482,10.513
20241115094755.3,1500.90200789273,19.254,21.234,13.994,13.578,10.474,10.521
20241115094755.8,1501.38700827956,19.283,21.275,13.982,13.584,10.464,10.507
20241115094756.3,1501.86699964106,19.279,21.319,14.01,13.57,10.476,10.484
20241115094756.8,1502.36300379038,19.18,21.358,13.986,13.556,10.472,10.5
20241115094757.3,1502.84000784159,19.141,21.418,13.992,13.548,10.462,10.502
20241115094757.7,1503.32000926137,18.978,21.444,13.992,13.552,10.478,10.496
20241115094758.2,1503.80499958992,18.901,21.483,13.99,13.562,10.464,10.498
20241115094758.7,1504.28900420666,18.79,21.543,13.98,13.574,10.456,10.5
20241115094759.2,1504.77300882339,18.713,21.6,13.99,13.543,10.46,10.509
20241115094759.7,1505.25799915195,18.61,21.654,14.004,13.541,10.466,10.496
20241115094800.2,1505.74200376868,18.596,21.707,14.016,13.558,10.464,10.488
20241115094800.7,1506.238007918,18.63,21.776,14.004,13.556,10.45,10.49
20241115094801.1,1506.72300830483,18.652,21.838,13.99,13.554,10.48,10.484
20241115094801.6,1507.21900239587,18.697,21.903,13.998,13.568,10.47,10.504
20241115094802.1,1507.71899968386,18.693,21.988,13.996,13.556,10.472,10.498
20241115094802.6,1508.19900110364,18.699,22.048,13.988,13.576,10.458,10.496
20241115094803.1,1508.68700891733,18.721,22.107,13.992,13.56,10.468,10.517
20241115094803.6,1509.18300300837,18.741,22.164,14.006,13.531,10.46,10.519
20241115094804.1,1509.6680033952,18.723,22.244,14.002,13.578,10.458,10.504
20241115094804.6,1510.15600115061,18.782,22.305,14.002,13.566,10.476,10.511
20241115094805.1,1510.64100153744,18.885,22.37,14.002,13.58,10.474,10.505
20241115094805.6,1511.13300248981,18.895,22.436,14.016,13.555,10.458,10.509
20241115094806,1511.60500757396,18.885,22.503,14.004,13.555,10.484,10.517
20241115094806.5,1512.09400109947,18.846,22.556,13.988,13.558,10.47,10.496
20241115094807,1512.59800158441,18.8,22.636,14.02,13.572,10.49,10.519
20241115094807.5,1513.07800300419,18.759,22.681,14.01,13.578,10.48,10.523
20241115094808,1513.5660007596,18.745,22.752,14.008,13.562,10.494,10.505
20241115094808.5,1514.08600397408,18.713,22.81,14.012,13.576,10.476,10.523
20241115094809,1514.56600539386,18.733,22.883,14.006,13.562,10.484,10.527
20241115094809.5,1515.0510057807,18.895,22.949,14.004,13.586,10.464,10.509
20241115094810,1515.53900353611,19.026,23.034,14.028,13.588,10.46,10.505
20241115094810.4,1516.02300815284,19.127,23.092,14.016,13.598,10.464,10.492
20241115094810.9,1516.50800853968,19.168,23.161,14.008,13.59,10.46,10.515
20241115094811.4,1516.99200309813,19.184,23.243,14.018,13.596,10.466,10.503
20241115094811.9,1517.47600771487,19.054,23.312,14.016,13.596,10.486,10.531
20241115094812.4,1517.95700490475,18.905,23.416,14.016,13.606,10.466,10.511
20241115094812.9,1518.4409994632,18.8,23.502,14.016,13.578,10.474,10.515
20241115094813.3,1518.92599985003,18.889,23.604,14.026,13.586,10.474,10.511
20241115094813.8,1519.41000446677,18.883,23.696,14.032,13.598,10.478,10.525
20241115094814.3,1519.89400908351,18.848,23.786,14.034,13.588,10.486,10.513
20241115094814.8,1520.38300260901,18.889,23.862,14.034,13.57,10.472,10.505
20241115094815.3,1520.87100036442,18.903,23.919,14.022,13.58,10.462,10.503
20241115094815.8,1521.35900817811,18.856,24.005,14.018,13.582,10.482,10.498
20241115094816.3,1521.84800170362,18.875,24.083,14.036,13.588,10.464,10.501
20241115094816.8,1522.33599945903,18.798,24.14,14.01,13.596,10.468,10.505
20241115094817.2,1522.82000407577,18.717,24.222,14.03,13.584,10.472,10.519
20241115094817.7,1523.30800183117,18.765,24.342,14.018,13.58,10.492,10.501
20241115094818.2,1523.80100861192,18.804,24.401,14.016,13.582,10.474,10.515
20241115094818.7,1524.28900636733,18.763,24.518,14.026,13.588,10.468,10.501
20241115094819.2,1524.76900778711,18.703,24.602,14.02,13.576,10.472,10.496
20241115094819.7,1525.26200450957,18.632,24.691,14.032,13.582,10.476,10.519
20241115094820.2,1525.75000226498,18.63,24.794,14.026,13.57,10.462,10.505
20241115094820.7,1526.23400688171,18.644,24.861,14.016,13.564,10.478,10.515
20241115094821.1,1526.72300040722,18.551,24.975,14.032,13.578,10.456,10.498
20241115094821.6,1527.20700502396,18.568,25.063,14.052,13.576,10.478,10.492
20241115094822.1,1527.69500277936,18.533,25.172,14.044,13.576,10.476,10.509
20241115094822.6,1528.1800031662,18.503,25.274,14.036,13.58,10.474,10.513
20241115094823.1,1528.66800092161,18.497,25.368,14.036,13.566,10.472,10.515
20241115094823.6,1529.1560087353,18.58,25.48,14.022,13.594,10.474,10.515
20241115094824.1,1529.64400649071,18.584,25.578,14.034,13.572,10.456,10.507
20241115094824.6,1530.12900687754,18.628,25.67,14.028,13.568,10.474,10.513
20241115094825,1530.61700463295,18.703,25.783,14.03,13.57,10.466,10.515
20241115094825.5,1531.10500238836,18.705,25.899,14.016,13.574,10.476,10.513
20241115094826,1531.59000277519,18.677,25.989,14.022,13.555,10.466,10.511
20241115094826.5,1532.0780005306,18.513,26.066,14.026,13.594,10.466,10.505
20241115094827,1532.57000148296,18.384,26.199,14.018,13.547,10.442,10.511
20241115094827.5,1533.05100873113,18.349,26.303,14.034,13.564,10.47,10.507
20241115094828,1533.53900648654,18.337,26.418,14.018,13.574,10.472,10.511
20241115094828.4,1534.02700424194,18.388,26.536,14.038,13.57,10.46,10.507
20241115094828.9,1534.51600782573,18.408,26.645,14.036,13.566,10.47,10.503
20241115094829.4,1535.00400558114,18.464,26.771,14.03,13.57,10.452,10.515
20241115094829.9,1535.49200333655,18.471,26.888,14.032,13.564,10.45,10.509
20241115094830.4,1535.98000109196,18.568,26.996,14.022,13.58,10.468,10.501
20241115094830.9,1536.46900467575,18.666,27.131,14.046,13.572,10.474,10.503
20241115094831.4,1536.95700243115,18.677,27.249,14.032,13.572,10.462,10.507
20241115094831.9,1537.44500018656,18.608,27.431,14.022,13.58,10.452,10.49
20241115094832.4,1537.93300800025,18.446,27.538,14.032,13.558,10.466,10.496
20241115094832.8,1538.42200152576,18.4,27.677,14.03,13.545,10.472,10.509
20241115094833.3,1538.91400247812,18.438,27.824,14.028,13.558,10.46,10.511
20241115094833.8,1539.39100652933,18.529,27.956,14.044,13.541,10.452,10.503
20241115094834.3,1539.87500108778,18.604,28.073,14.038,13.549,10.472,10.505
20241115094834.8,1540.35900570452,18.65,28.185,14.026,13.555,10.472,10.482
20241115094835.3,1540.84800928831,18.666,28.304,14.028,13.553,10.46,10.511
20241115094835.8,1541.33600704372,18.62,28.439,14.034,13.59,10.48,10.509
20241115094836.2,1541.82000160217,18.669,28.567,14.022,13.56,10.474,10.511
20241115094836.7,1542.30799935758,18.654,28.739,14.052,13.57,10.464,10.519
20241115094837.2,1542.79700294137,18.701,28.86,14.052,13.556,10.468,10.484
20241115094837.7,1543.28900389373,18.654,29.017,14.044,13.584,10.488,10.494
20241115094838.2,1543.77700164914,18.683,29.184,14.044,13.572,10.476,10.498
20241115094838.7,1544.2690026015,18.675,29.329,14.038,13.578,10.46,10.513
20241115094839.2,1544.75400298834,18.673,29.54,14.04,13.57,10.466,10.492
20241115094839.7,1545.23800760508,18.634,29.708,14.04,13.576,10.462,10.482
20241115094840.1,1545.72300799191,18.592,29.848,14.032,13.576,10.466,10.507
20241115094840.6,1546.20700255036,18.687,29.985,14.042,13.58,10.47,10.498
20241115094841.1,1546.6910071671,18.778,30.122,14.042,13.57,10.466,10.478
20241115094841.6,1547.18000069261,18.804,30.257,14.044,13.564,10.474,10.501
20241115094842.1,1547.66400530934,18.749,30.4,14.052,13.574,10.482,10.494
20241115094842.6,1548.15200306475,18.667,30.582,14.038,13.56,10.448,10.503
20241115094843.1,1548.64100664854,18.654,30.768,14.04,13.568,10.476,10.496
20241115094843.6,1549.1330076009,18.715,30.942,14.054,13.572,10.466,10.501
20241115094844,1549.62100535631,18.885,31.109,14.044,13.566,10.456,10.498
20241115094844.5,1550.10900311172,19.089,31.275,14.044,13.572,10.464,10.488
20241115094845,1550.59400349855,19.244,31.452,14.048,13.588,10.46,10.496
20241115094845.5,1551.08200125396,19.218,31.667,14.042,13.582,10.47,10.484
20241115094846,1551.57400220633,19.073,31.892,14.046,13.572,10.454,10.484
20241115094846.5,1552.06199996173,19.123,32.102,14.052,13.564,10.468,10.494
20241115094847,1552.55100354552,19.271,32.288,14.04,13.56,10.462,10.492
20241115094847.5,1553.03100496531,19.266,32.474,14.048,13.572,10.464,10.507
20241115094848,1553.53100225329,19.182,32.686,14.058,13.556,10.464,10.488
20241115094848.5,1554.03099954128,19.25,32.877,14.046,13.58,10.458,10.503
20241115094848.9,1554.51200678945,19.343,33.048,14.036,13.564,10.464,10.501
20241115094849.4,1555.00800088048,19.264,33.252,14.044,13.562,10.476,10.484
20241115094849.9,1555.49600869417,19.22,33.428,14.044,13.57,10.452,10.482
20241115094850.4,1555.98000325263,19.093,33.585,14.024,13.564,10.454,10.49
20241115094850.9,1556.47299997509,18.929,33.753,14.04,13.578,10.446,10.498
20241115094851.4,1556.95300139487,18.652,33.945,14.036,13.58,10.46,10.509
20241115094851.9,1557.43700601161,18.462,34.117,14.028,13.57,10.472,10.501
20241115094852.3,1557.91800320148,18.406,34.303,14.048,13.56,10.462,10.498
20241115094852.8,1558.40200781822,18.281,34.478,14.042,13.566,10.452,10.488
20241115094853.3,1558.88700820506,18.226,34.679,14.036,13.572,10.458,10.486
20241115094853.8,1559.38700549304,18.149,34.877,14.032,13.549,10.444,10.488
20241115094854.3,1559.86700691283,18.056,35.081,14.044,13.566,10.456,10.488
20241115094854.8,1560.35500466824,18.008,35.257,14.05,13.56,10.454,10.517
20241115094855.3,1560.8480013907,17.939,35.456,14.054,13.584,10.45,10.509
20241115094855.8,1561.33200600743,17.933,35.667,14.048,13.572,10.466,10.507
20241115094856.2,1561.81600056589,17.864,35.841,14.04,13.576,10.454,10.494
20241115094856.7,1562.30100095272,17.818,36.081,14.056,13.57,10.456,10.503
20241115094857.2,1562.78900876641,17.812,36.306,14.059,13.556,10.476,10.503
20241115094857.7,1563.27300332487,17.814,36.517,14.054,13.574,10.452,10.509
20241115094858.2,1563.7580037117,17.85,36.722,14.022,13.576,10.462,10.511
20241115094858.7,1564.23800513148,17.873,36.933,14.052,13.592,10.464,10.503
20241115094859.1,1564.72600288689,17.921,37.195,14.065,13.558,10.452,10.501
20241115094859.6,1565.20700007677,17.891,37.433,14.05,13.57,10.466,10.505
20241115094900.1,1565.70700742304,17.864,37.684,14.044,13.574,10.472,10.515
20241115094900.6,1566.18700884283,17.899,37.924,14.063,13.596,10.476,10.503
20241115094901.1,1566.67200922966,17.879,38.188,14.058,13.578,10.464,10.488
20241115094901.6,1567.15600378811,17.959,38.451,14.056,13.608,10.46,10.505
20241115094902.1,1567.64400154352,17.903,38.681,14.05,13.582,10.452,10.507
20241115094902.6,1568.12900193036,17.852,38.902,14.069,13.555,10.45,10.501
20241115094903,1568.60900335014,17.915,39.173,14.067,13.606,10.472,10.505
20241115094903.5,1569.09400373697,17.931,39.434,14.058,13.594,10.452,10.49
20241115094904,1569.58200149238,17.97,39.703,14.061,13.582,10.476,10.505
20241115094904.5,1570.06600610912,18.008,40.005,14.059,13.58,10.47,10.501
20241115094905,1570.56200020015,17.949,40.315,14.065,13.592,10.476,10.503
20241115094905.5,1571.0550069809,17.911,40.613,14.067,13.564,10.472,10.505
20241115094906,1571.53900153935,17.933,40.898,14.05,13.572,10.47,10.501
20241115094906.4,1572.02300615609,17.885,41.233,14.073,13.598,10.452,10.496
20241115094906.9,1572.52300344408,17.893,41.523,14.061,13.602,10.468,10.507
20241115094907.4,1573.00800383091,17.899,41.794,14.063,13.576,10.46,10.505
20241115094907.9,1573.48800525069,17.887,42.166,14.054,13.586,10.466,10.49
20241115094908.4,1573.96900244057,17.921,42.462,14.052,13.576,10.472,10.509
20241115094908.9,1574.46899972856,17.885,42.758,14.075,13.586,10.456,10.498
20241115094909.4,1574.9530043453,17.919,43,14.065,13.578,10.474,10.509
20241115094909.9,1575.43700896204,17.953,43.337,14.079,13.584,10.47,10.505
20241115094910.3,1575.92600248754,17.842,43.668,14.065,13.58,10.452,10.496
20241115094910.8,1576.42599977553,17.774,43.976,14.069,13.582,10.47,10.509
20241115094911.3,1576.90600119531,17.749,44.309,14.065,13.6,10.464,10.496
20241115094911.8,1577.39399895072,17.755,44.65,14.079,13.574,10.474,10.498
20241115094912.3,1577.88300253451,17.768,45.048,14.091,13.594,10.462,10.505
20241115094912.8,1578.37500348687,17.786,45.422,14.075,13.598,10.474,10.517
20241115094913.3,1578.8510017097,17.772,45.753,14.071,13.572,10.476,10.501
20241115094913.8,1579.33600209653,17.794,46.051,14.081,13.576,10.476,10.492
20241115094914.3,1579.83599938452,17.79,46.398,14.073,13.584,10.472,10.515
20241115094914.7,1580.31600080431,17.78,47.044,14.075,13.586,10.464,10.513
20241115094915.2,1580.79700805247,17.79,47.755,14.073,13.57,10.47,10.527
20241115094915.7,1581.28100261092,17.808,48.147,14.095,13.61,10.454,10.49
20241115094916.2,1581.76600299776,17.893,48.77,14.097,13.604,10.482,10.511
20241115094916.7,1582.25000761449,17.895,49.603,14.101,13.596,10.47,10.503
20241115094917.2,1582.75000490248,17.871,50.1,14.097,13.598,10.46,10.507
20241115094917.7,1583.23000632226,17.869,50.441,14.075,13.6,10.458,10.501
20241115094918.1,1583.7150067091,17.903,50.683,14.105,13.582,10.466,10.505
20241115094918.6,1584.21500399709,18.004,51.02,14.095,13.588,10.458,10.509
20241115094919.1,1584.69900861382,18.073,51.366,14.093,13.61,10.468,10.515
20241115094919.6,1585.1800058037,18.095,51.795,14.083,13.58,10.492,10.507
20241115094920.1,1585.66400036216,18.151,52.185,14.081,13.59,10.47,10.509
20241115094920.6,1586.1480049789,18.135,52.612,14.099,13.588,10.48,10.511
20241115094921.1,1586.64800226688,18.141,53.102,14.095,13.584,10.46,10.496
20241115094921.6,1587.13300265372,18.143,53.574,14.103,13.596,10.48,10.509
20241115094922.1,1587.64800690114,18.079,54.053,14.099,13.572,10.464,10.511
20241115094922.6,1588.12900409102,18.038,54.441,14.089,13.582,10.486,10.521
20241115094923,1588.62100504339,18.048,54.914,14.095,13.602,10.492,10.519
20241115094923.5,1589.10499960184,18.024,55.388,14.071,13.584,10.464,10.515
20241115094924,1589.58999998868,17.98,55.827,14.107,13.564,10.464,10.503
20241115094924.5,1590.07800780237,18.01,56.391,14.097,13.58,10.456,10.501
20241115094925,1590.55799916387,18.048,56.884,14.079,13.59,10.476,10.49
20241115094925.5,1591.03900641203,18.008,57.36,14.087,13.588,10.492,10.509
20241115094925.9,1591.52300097048,17.992,57.822,14.101,13.586,10.482,10.509
20241115094926.4,1592.00800135732,17.978,58.336,14.093,13.586,10.466,10.507
20241115094926.9,1592.49200597405,18.062,58.856,14.099,13.604,10.478,10.505
20241115094927.4,1592.99200326204,18.139,59.585,14.093,13.596,10.452,10.503
20241115094927.9,1593.47600787878,18.133,60.235,14.095,13.58,10.466,10.466
20241115094928.4,1593.95700506866,18.052,60.88,14.089,13.566,10.466,10.488
20241115094928.9,1594.44099962711,18.052,61.437,14.099,13.57,10.448,10.496
20241115094929.3,1594.92600001395,18.087,61.958,14.077,13.588,10.462,10.507
20241115094929.8,1595.41000463068,18.085,62.596,14.093,13.568,10.456,10.496
20241115094930.3,1595.90600878,18.119,63.227,14.085,13.582,10.468,10.535
20241115094930.8,1596.39400653541,18.139,63.828,14.085,13.57,10.468,10.488
20241115094931.3,1596.87500372529,18.145,64.361,14.091,13.578,10.468,10.496
20241115094931.8,1597.35900834203,18.222,64.916,14.099,13.572,10.46,10.509
20241115094932.3,1597.85900563002,18.265,65.552,14.093,13.584,10.464,10.502
20241115094932.8,1598.359002918,18.19,66.38,14.087,13.588,10.47,10.488
20241115094933.3,1598.84000010788,18.147,67.069,14.097,13.57,10.464,10.474
20241115094933.7,1599.32400472462,18.042,67.775,14.079,13.572,10.462,10.509
20241115094934.2,1599.8050019145,17.958,68.269,14.081,13.568,10.464,10.5
20241115094934.7,1600.29299966991,17.909,68.88,14.087,13.572,10.462,10.486
20241115094935.2,1600.77300108969,17.976,69.939,14.091,13.566,10.448,10.498
20241115094935.7,1601.25800147653,17.915,70.76,14.093,13.568,10.466,10.507
20241115094936.2,1601.75000242889,17.925,71.615,14.099,13.576,10.48,10.496
20241115094936.7,1602.23000384867,17.931,72.791,14.083,13.578,10.456,10.515
20241115094937.1,1602.71500423551,17.972,74.082,14.111,13.584,10.476,10.496
20241115094937.6,1603.19100245833,18.059,75.427,14.103,13.566,10.466,10.486
20241115094938.1,1603.67600284517,18.176,76.666,14.099,13.566,10.456,10.502
20241115094938.6,1604.16400060058,18.287,77.765,14.111,13.566,10.46,10.486
20241115094939.1,1604.64400202036,18.531,78.762,14.105,13.58,10.462,10.5
20241115094939.6,1605.12900240719,18.576,79.352,14.105,13.568,10.454,10.507
20241115094940,1605.6170001626,18.594,80.215,14.109,13.57,10.472,10.496
20241115094940.5,1606.10100477934,18.606,81.878,14.117,13.58,10.47,10.504
20241115094941,1606.59000836313,18.626,82.933,14.117,13.594,10.47,10.492
20241115094941.5,1607.07400292158,18.594,83.889,14.111,13.59,10.462,10.5
20241115094942,1607.57400020957,18.457,84.652,14.127,13.59,10.48,10.519
20241115094942.5,1608.06200802326,18.368,85.266,14.113,13.584,10.452,10.511
20241115094943,1608.5470084101,18.424,85.544,14.121,13.592,10.462,10.513
20241115094943.5,1609.04300250113,18.39,85.804,14.113,13.596,10.472,10.503
20241115094943.9,1609.52300392091,18.206,86.071,14.153,13.598,10.474,10.505
20241115094944.4,1610.00800430775,17.998,86.557,14.149,13.622,10.458,10.488
20241115094944.9,1610.48800572753,17.925,86.81,14.117,13.614,10.474,10.519
20241115094945.4,1610.97600348294,17.881,87.318,14.113,13.63,10.464,10.517
20241115094945.9,1611.46100386977,17.97,87.481,14.129,13.64,10.47,10.511
20241115094946.4,1611.94100528955,17.85,88.313,14.143,13.618,10.474,10.505
20241115094946.9,1612.43000887334,17.776,91.342,14.147,13.624,10.478,10.511
20241115094947.3,1612.9140034318,17.703,94.418,14.129,13.626,10.482,10.513
20241115094947.8,1613.39400485158,17.735,95.617,14.135,13.616,10.472,10.505
20241115094948.3,1613.88300843537,17.82,97.752,14.135,13.657,10.476,10.523
20241115094948.8,1614.36700299382,17.917,99.848,14.155,13.656,10.486,10.523
20241115094949.3,1614.8480001837,18.038,101.308,14.18,13.667,10.474,10.513
20241115094949.8,1615.33600799739,18.032,102.624,14.174,13.642,10.468,10.513
20241115094950.2,1615.82000255585,17.998,104.182,14.178,13.628,10.48,10.496
20241115094950.7,1616.30500294268,17.919,105.494,14.174,13.642,10.476,10.511
20241115094951.2,1616.78900755942,17.963,108.171,14.174,13.638,10.484,10.517
20241115094951.7,1617.27300211787,17.968,108.716,14.186,13.65,10.48,10.494
20241115094952.2,1617.77700260282,18.067,109.499,14.168,13.642,10.49,10.505
20241115094952.7,1618.2579997927,18.178,109.66,14.178,13.636,10.466,10.531
20241115094953.2,1618.74200440943,18.244,110.483,14.186,13.61,10.466,10.501
20241115094953.6,1619.22599896789,18.264,111.039,14.174,13.644,10.476,10.494
20241115094954.1,1619.71099935472,18.319,111.731,14.192,13.62,10.468,10.513
20241115094954.6,1620.20700350404,18.339,112.647,14.172,13.638,10.478,10.525
20241115094955.1,1620.69500125945,18.339,113.809,14.18,13.622,10.466,10.492
20241115094955.6,1621.18000164628,18.368,115.673,14.182,13.634,10.474,10.502
20241115094956.1,1621.66400626302,18.41,117.687,14.186,13.62,10.48,10.502
20241115094956.6,1622.16400355101,18.452,119.555,14.19,13.628,10.464,10.48
20241115094957.1,1622.64400497079,18.444,121.587,14.18,13.642,10.454,10.504
20241115094957.6,1623.12900535762,18.44,123.338,14.166,13.653,10.458,10.507
20241115094958,1623.61299991608,18.438,124.808,14.204,13.628,10.464,10.496
20241115094958.5,1624.11300726235,18.549,126.64,14.196,13.642,10.46,10.515
20241115094959,1624.60100501776,18.574,128.242,14.202,13.634,10.474,10.515
20241115094959.5,1625.08600540459,18.558,129.505,14.188,13.618,10.466,10.511
20241115095000,1625.60099959373,18.556,130.481,14.198,13.636,10.466,10.504
20241115095000.5,1626.0820068419,18.553,131.554,14.194,13.646,10.466,10.496
20241115095001,1626.56600140035,18.459,132.383,14.186,13.649,10.464,10.504
20241115095001.5,1627.08600461483,18.37,133.152,14.198,13.646,10.46,10.511
20241115095002,1627.56200283766,18.246,134.774,14.196,13.657,10.46,10.496
20241115095002.5,1628.04300002754,18.238,137.321,14.182,13.636,10.464,10.496
20241115095003,1628.53100784123,18.182,139.607,14.196,13.622,10.486,10.494
20241115095003.4,1629.01200503111,18.236,140.784,14.182,13.636,10.458,10.5
20241115095003.9,1629.50000278652,18.244,142.055,14.198,13.64,10.466,10.502
20241115095004.4,1629.9800042063,18.196,144.582,14.2,13.647,10.476,10.509
20241115095004.9,1630.46500459313,18.156,146.222,14.192,13.673,10.478,10.5
20241115095005.4,1630.94500601292,18.22,147.882,14.2,13.644,10.464,10.507
20241115095005.9,1631.43000639975,18.222,150.235,14.206,13.647,10.452,10.502
20241115095006.3,1631.91800415516,18.216,152.245,14.212,13.647,10.452,10.5
20241115095006.8,1632.39800557494,18.242,154.521,14.218,13.657,10.46,10.517
20241115095007.3,1632.88300596178,18.321,156.777,14.224,13.654,10.478,10.519
20241115095007.8,1633.36300738156,18.436,158.699,14.22,13.644,10.472,10.513
20241115095008.3,1633.85100513697,18.402,160.743,14.214,13.657,10.472,10.511
20241115095008.8,1634.34800505638,18.363,162.602,14.22,13.652,10.49,10.509
20241115095009.3,1634.83199961483,18.357,163.888,14.2,13.657,10.484,10.496
20241115095009.7,1635.31200103462,18.382,165.186,14.222,13.663,10.484,10.492
20241115095010.2,1635.79700142145,18.561,166.692,14.22,13.65,10.478,10.527
20241115095010.7,1636.28100603819,18.596,168.199,14.234,13.654,10.472,10.517
20241115095011.2,1636.76600642502,18.62,169.949,14.226,13.636,10.484,10.533
20241115095011.7,1637.25000098348,18.624,171.904,14.208,13.632,10.492,10.507
20241115095012.2,1637.73000240326,18.658,173.801,14.204,13.634,10.49,10.509
20241115095012.6,1638.21900598705,18.705,175.991,14.222,13.616,10.47,10.494
20241115095013.1,1638.69900740683,18.788,177.913,14.206,13.604,10.482,10.517
20241115095013.6,1639.18000459671,18.751,179.757,14.232,13.632,10.49,10.527
20241115095014.1,1639.66400921345,18.768,181.635,14.196,13.632,10.48,10.517
20241115095014.6,1640.1480037719,18.662,183.218,14.222,13.63,10.488,10.509
20241115095015.1,1640.62900096178,18.648,184.713,14.218,13.62,10.46,10.513
20241115095015.5,1641.11300557852,18.677,186.379,14.218,13.64,10.474,10.517
20241115095016,1641.59800596535,18.774,188.453,14.218,13.622,10.472,10.507
20241115095016.5,1642.08200052381,18.852,190.38,14.218,13.614,10.501,10.517
20241115095017,1642.56600514054,18.941,192.047,14.22,13.604,10.482,10.513
20241115095017.5,1643.05500872433,18.957,193.7,14.224,13.622,10.494,10.513
20241115095018,1643.53900328279,18.972,195.415,14.214,13.616,10.47,10.525
20241115095018.4,1644.02700103819,19.034,197.447,14.224,13.622,10.464,10.511
20241115095018.9,1644.51600462198,19.129,199.253,14.228,13.622,10.482,10.503
20241115095019.5,1645.03500200808,19.218,201.233,14.222,13.646,10.496,10.511
20241115095019.9,1645.51900662482,19.212,202.942,14.214,13.63,10.466,10.505
20241115095020.4,1646.00400701165,19.232,205.002,14.23,13.63,10.482,10.509
20241115095020.9,1646.48800157011,19.2,207.441,14.224,13.628,10.476,10.515
20241115095021.4,1646.97300195694,19.066,209.302,14.244,13.638,10.482,10.507
20241115095021.9,1647.45700657368,18.85,211.144,14.23,13.64,10.494,10.523
20241115095022.4,1647.95300066471,18.65,213.134,14.236,13.65,10.466,10.509
20241115095022.9,1648.43700528145,18.505,214.949,14.212,13.646,10.486,10.525
20241115095023.3,1648.92200566828,18.483,217.227,14.238,13.636,10.486,10.523
20241115095023.8,1649.42200295627,18.434,218.746,14.224,13.65,10.468,10.527
20241115095024.3,1649.90600757301,18.392,220.502,14.218,13.648,10.48,10.511
20241115095024.8,1650.39100795984,18.426,222.52,14.218,13.652,10.484,10.511
20241115095025.3,1650.8750025183,18.42,224.598,14.222,13.638,10.486,10.515
20241115095025.8,1651.35500393808,18.464,226.807,14.256,13.654,10.492,10.517
20241115095026.3,1651.8510080874,18.507,228.925,14.24,13.64,10.482,10.503
20241115095026.8,1652.33600847423,18.557,231.259,14.244,13.628,10.48,10.511
20241115095027.3,1652.82799936831,18.646,233.168,14.224,13.644,10.482,10.498
20241115095027.7,1653.31200398505,18.628,234.776,14.236,13.624,10.484,10.543
20241115095028.2,1653.80100756884,18.537,236.431,14.232,13.642,10.486,10.515
20241115095028.7,1654.28100898862,18.477,238.022,14.228,13.654,10.466,10.525
20241115095029.2,1654.77700307965,18.426,239.624,14.234,13.636,10.484,10.509
20241115095029.7,1655.26200346649,18.359,241.35,14.238,13.652,10.472,10.515
20241115095030.2,1655.74600808322,18.372,243.439,14.263,13.656,10.468,10.511
20241115095030.7,1656.23000264168,18.46,245.58,14.265,13.665,10.47,10.527
20241115095031.1,1656.71500302851,18.525,247.869,14.26,13.636,10.474,10.507
20241115095031.6,1657.2150003165,18.586,250.054,14.265,13.656,10.492,10.533
20241115095032.1,1657.71500766277,18.669,252.29,14.269,13.673,10.482,10.513
20241115095032.6,1658.19900222123,18.626,254.295,14.267,13.677,10.478,10.529
20241115095033.1,1658.68300683796,18.602,256.241,14.291,13.659,10.49,10.515
20241115095033.6,1659.16400402784,18.582,257.919,14.305,13.671,10.507,10.517
20241115095034.1,1659.66400131583,18.572,259.534,14.299,13.679,10.464,10.513
20241115095034.6,1660.1640086621,18.561,261.517,14.303,13.675,10.494,10.501
20241115095035.1,1660.64800322056,18.549,263.339,14.305,13.663,10.492,10.521
20241115095035.6,1661.14400736988,18.523,265.13,14.317,13.652,10.474,10.521
20241115095036,1661.62500455976,18.523,266.654,14.295,13.654,10.482,10.519
20241115095036.5,1662.10900917649,18.57,268.006,14.307,13.661,10.482,10.521
20241115095037,1662.59399950504,18.517,269.262,14.279,13.65,10.49,10.533
20241115095037.5,1663.07400092483,18.408,270.922,14.283,13.669,10.464,10.513
20241115095038,1663.55800554156,18.323,272.562,14.275,13.652,10.488,10.527
20241115095038.5,1664.05500546098,18.244,274.594,14.289,13.657,10.476,10.515
20241115095039,1664.55500274897,18.258,276.494,14.281,13.661,10.466,10.509
20241115095039.5,1665.05500003695,18.327,278.661,14.285,13.677,10.464,10.515
20241115095040,1665.53500145674,18.269,280.018,14.287,13.663,10.476,10.498
20241115095040.4,1666.01900607347,18.253,282.038,14.275,13.667,10.478,10.519
20241115095040.9,1666.50400646031,18.295,284.228,14.301,13.669,10.472,10.513
20241115095041.4,1666.98800101876,18.307,285.933,14.299,13.649,10.482,10.511
20241115095041.9,1667.4730014056,18.394,287.565,14.295,13.657,10.476,10.507
20241115095042.4,1667.95300282538,18.473,289.536,14.315,13.659,10.464,10.517
20241115095042.9,1668.43700744212,18.481,291.018,14.301,13.651,10.48,10.496
20241115095043.3,1668.92200782895,18.475,292.827,14.303,13.657,10.47,10.521
20241115095043.8,1669.41000558436,18.562,294.698,14.301,13.651,10.464,10.513
20241115095044.3,1669.89100277424,18.517,296.576,14.309,13.663,10.484,10.511
20241115095044.8,1670.37900052965,18.446,298.316,14.291,13.657,10.456,10.507
20241115095045.3,1670.86300514638,18.154,300.132,14.295,13.661,10.482,10.49
20241115095045.8,1671.34400233626,17.998,301.888,14.297,13.661,10.464,10.492
20241115095046.3,1671.83200009167,17.875,303.858,14.297,13.657,10.464,10.507
20241115095046.8,1672.32800424099,17.812,305.47,14.307,13.659,10.482,10.509
20241115095047.2,1672.81200885773,17.78,307.359,14.287,13.671,10.472,10.511
20241115095047.7,1673.31200614572,17.766,308.442,14.303,13.671,10.478,10.504
20241115095048.2,1673.79700653255,17.802,308.112,14.299,13.661,10.478,10.498
20241115095048.7,1674.27700795233,17.885,309.802,14.311,13.649,10.472,10.502
20241115095049.2,1674.76600147784,17.992,311.587,14.303,13.655,10.456,10.513
20241115095049.7,1675.28100572526,18.046,313.539,14.321,13.659,10.47,10.511
20241115095050.2,1675.7660061121,17.962,314.944,14.313,13.657,10.482,10.498
20241115095050.7,1676.24600753188,17.905,316.999,14.315,13.659,10.47,10.496
20241115095051.2,1676.73400528729,17.897,319.582,14.325,13.642,10.468,10.498
20241115095051.6,1677.21900567412,17.852,321.369,14.303,13.659,10.472,10.502
20241115095052.1,1677.70700342953,17.915,322.326,14.321,13.673,10.466,10.523
20241115095052.6,1678.19100804627,17.994,323.477,14.305,13.681,10.47,10.501
20241115095053.1,1678.68000157177,18.036,325.152,14.341,13.697,10.466,10.527
20241115095053.6,1679.16000299156,18.06,326.426,14.315,13.683,10.462,10.517
20241115095054.1,1679.64400760829,18.135,328.035,14.323,13.679,10.482,10.515
20241115095054.6,1680.12900799513,18.139,329.776,14.321,13.683,10.476,10.529
20241115095055,1680.62500208616,18.315,331.501,14.331,13.695,10.482,10.525
20241115095055.5,1681.11299984157,18.452,332.959,14.329,13.705,10.482,10.511
20241115095056,1681.60900399089,18.525,334.139,14.335,13.709,10.478,10.511
20241115095056.5,1682.09400437772,18.541,335.283,14.321,13.709,10.488,10.509
20241115095057,1682.57799893618,18.584,336.37,14.337,13.689,10.482,10.523
20241115095057.5,1683.05800035596,18.679,337.681,14.349,13.697,10.478,10.503
20241115095058,1683.54300074279,18.818,338.869,14.333,13.701,10.484,10.531
20241115095058.4,1684.02700535953,18.895,340.592,14.347,13.703,10.47,10.519
20241115095058.9,1684.52700264752,18.976,342.634,14.335,13.689,10.48,10.517
20241115095059.4,1685.02699993551,18.966,343.569,14.339,13.683,10.476,10.504
20241115095059.9,1685.51200032234,18.875,345.24,14.327,13.689,10.49,10.517
20241115095100.4,1685.99600493908,18.832,346.707,14.345,13.673,10.48,10.511
20241115095100.9,1686.47600635886,18.673,348.76,14.331,13.681,10.456,10.515
20241115095101.4,1686.9610067457,18.543,350.798,14.331,13.679,10.464,10.498
20241115095101.9,1687.4490045011,18.467,352.862,14.346,13.669,10.468,10.523
20241115095102.4,1687.93300911784,18.372,354.027,14.343,13.669,10.456,10.496
20241115095102.8,1688.41799944639,18.301,354.983,14.345,13.657,10.472,10.488
20241115095103.3,1688.90200406313,18.216,355.81,14.329,13.663,10.45,10.515
20241115095103.8,1689.38300125301,18.144,356.413,14.329,13.669,10.472,10.496
20241115095104.3,1689.87099900842,18.156,357.453,14.338,13.663,10.466,10.49
20241115095104.8,1690.36700315773,18.15,358.596,14.344,13.649,10.438,10.504
20241115095105.3,1690.85100777447,18.117,358.864,14.319,13.665,10.458,10.502
20241115095105.8,1691.35100506246,18.139,360.893,14.315,13.657,10.454,10.498
20241115095106.3,1691.83200225234,18.129,362.019,14.327,13.659,10.464,10.5
20241115095106.7,1692.32000000775,18.121,363.012,14.34,13.665,10.448,10.49
20241115095107.2,1692.80100725591,18.146,363.76,14.331,13.657,10.474,10.502
20241115095107.7,1693.28500181437,18.135,365.336,14.362,13.663,10.448,10.492
20241115095108.2,1693.77299956977,18.125,365.408,14.329,13.651,10.454,10.502
20241115095108.7,1694.26200315356,18.097,365.854,14.323,13.661,10.476,10.51
20241115095109.2,1694.7460077703,18.198,368.379,14.342,13.659,10.466,10.492
20241115095109.7,1695.23800872266,18.255,368.796,14.342,13.665,10.47,10.521
20241115095110.2,1695.73800601065,18.204,368.931,14.338,13.665,10.464,10.49
20241115095110.6,1696.22300639749,18.271,369.298,14.325,13.663,10.466,10.49
20241115095111.1,1696.71100415289,18.249,369.713,14.329,13.661,10.446,10.508
20241115095111.6,1697.19100557268,18.22,370.971,14.319,13.641,10.458,10.506
20241115095112.1,1697.68000915647,18.148,371.89,14.342,13.665,10.464,10.492
20241115095112.6,1698.1760032475,18.083,374.218,14.34,13.659,10.454,10.49
20241115095113.1,1698.67600053549,18.024,375.741,14.344,13.661,10.462,10.506
20241115095113.6,1699.17600788176,18.073,377.702,14.338,13.687,10.442,10.5
20241115095114.1,1699.66000244021,18.095,379.232,14.356,13.677,10.476,10.507
20241115095114.6,1700.14400705695,18.052,378.851,14.354,13.665,10.464,10.527
20241115095115.1,1700.63700377941,17.958,378.673,14.352,13.673,10.46,10.513
20241115095115.5,1701.12100839615,17.869,377.336,14.364,13.685,10.47,10.507
20241115095116,1701.60099975765,17.879,376.634,14.352,13.677,10.472,10.49
20241115095116.5,1702.09400653839,17.893,377.592,14.356,13.687,10.46,10.502
20241115095117,1702.57400795817,17.859,378.381,14.358,13.671,10.482,10.507
20241115095117.5,1703.05800251663,17.891,378.475,14.37,13.669,10.478,10.517
20241115095118,1703.54300290346,17.927,378.358,14.358,13.677,10.484,10.498
20241115095118.5,1704.03100065887,17.988,378.554,14.368,13.687,10.484,10.496
20241115095118.9,1704.51200790703,17.974,378.728,14.35,13.695,10.462,10.511
20241115095119.4,1704.99600246549,17.96,378.773,14.374,13.685,10.476,10.498
20241115095119.9,1705.50000295043,17.909,379.722,14.364,13.693,10.48,10.505
20241115095120.4,1705.98800070584,17.986,379.119,14.414,13.693,10.48,10.517
20241115095120.9,1706.47600851953,18.03,379.519,14.402,13.677,10.488,10.501
20241115095121.4,1706.96100890636,17.99,382.669,14.386,13.687,10.488,10.533
20241115095121.9,1707.44500346482,18.026,381.121,14.378,13.705,10.492,10.517
20241115095122.4,1707.93000385165,18.062,380.65,14.398,13.705,10.482,10.511
20241115095122.8,1708.41800160706,18.008,379.89,14.38,13.715,10.47,10.519
20241115095123.3,1708.9020062238,18.026,377.968,14.404,13.697,10.474,10.505
20241115095123.8,1709.38700661063,18.081,377.424,14.376,13.699,10.476,10.525
20241115095124.3,1709.87500436604,18.05,378.313,14.392,13.703,10.476,10.527
20241115095124.8,1710.36300212145,18.01,379.832,14.404,13.689,10.48,10.505
20241115095125.3,1710.84800250828,18.006,382.784,14.396,13.679,10.486,10.519
20241115095125.8,1711.33200712502,18.034,387.02,14.398,13.685,10.486,10.519
20241115095126.2,1711.81600168347,18.091,390.218,14.4,13.701,10.48,10.523
20241115095126.7,1712.30100207031,18.176,392.199,14.404,13.695,10.476,10.511
20241115095127.2,1712.78100349009,18.182,392.222,14.408,13.683,10.48,10.511
20241115095127.7,1713.26600387692,18.17,392.206,14.398,13.685,10.474,10.523
20241115095128.2,1713.75400163233,18.176,393.961,14.398,13.707,10.478,10.533
20241115095128.7,1714.25400897861,18.149,393.643,14.4,13.705,10.47,10.515
20241115095129.2,1714.76900316775,18.121,393.758,14.408,13.723,10.476,10.531
20241115095129.7,1715.26199989021,18.101,396.872,14.406,13.705,10.488,10.517
20241115095130.2,1715.7500077039,18.048,394.386,14.4,13.701,10.472,10.529
20241115095130.7,1716.2299990654,18.048,391.738,14.428,13.707,10.474,10.509
20241115095131.1,1716.71900264919,18.079,391.327,14.406,13.705,10.482,10.519
20241115095131.6,1717.21500679851,18.081,390.892,14.412,13.705,10.484,10.515
20241115095132.1,1717.70300455391,18.075,388.869,14.418,13.705,10.48,10.523
20241115095132.6,1718.18699911237,18.115,388.816,14.41,13.711,10.482,10.519
20241115095133.1,1718.66800636053,18.184,389.924,14.428,13.715,10.472,10.521
20241115095133.6,1719.15200091898,18.163,389.53,14.404,13.699,10.488,10.515
20241115095134.1,1719.64100450277,18.125,388.53,14.414,13.707,10.501,10.513
20241115095134.6,1720.12900225818,18.085,388.718,14.408,13.733,10.466,10.511
20241115095135,1720.61300687492,17.974,388.526,14.426,13.697,10.476,10.49
20241115095135.5,1721.09800726175,17.836,388.572,14.422,13.717,10.496,10.501
20241115095136,1721.58200182021,17.786,387.986,14.416,13.713,10.478,10.521
20241115095136.5,1722.06999957561,17.78,386.76,14.422,13.737,10.49,10.521
20241115095137,1722.56600372493,17.749,387.289,14.428,13.697,10.478,10.521
20241115095137.5,1723.06600101292,17.776,386.054,14.436,13.725,10.49,10.513
20241115095138,1723.55100139976,17.768,385.681,14.428,13.685,10.48,10.509
20241115095138.5,1724.03500601649,17.731,384.794,14.444,13.701,10.494,10.496
20241115095139,1724.53500330448,17.824,383.986,14.444,13.699,10.466,10.519
20241115095139.5,1725.0310074538,17.83,383.304,14.438,13.703,10.48,10.513
20241115095139.9,1725.52700154483,17.828,382.839,14.448,13.729,10.474,10.505
20241115095140.4,1726.01600512862,17.873,382.183,14.444,13.719,10.472,10.537
20241115095140.9,1726.51199921966,17.965,382.82,14.465,13.707,10.472,10.509
20241115095141.4,1727.01200656593,18.071,383.196,14.459,13.713,10.478,10.498
20241115095141.9,1727.50800065696,18.125,383.006,14.43,13.717,10.474,10.507
20241115095142.4,1728.00800800323,18.139,382.366,14.444,13.715,10.48,10.533
20241115095142.9,1728.49600575864,18.224,382.552,14.465,13.723,10.478,10.519
20241115095143.4,1728.98800671101,18.319,382.475,14.454,13.723,10.478,10.507
20241115095143.9,1729.48800399899,18.339,382.373,14.446,13.705,10.488,10.503
20241115095144.4,1729.98000495136,18.372,382.309,14.438,13.711,10.474,10.517
20241115095144.9,1730.48000223935,18.408,382.251,14.454,13.699,10.47,10.501
20241115095145.4,1730.96500262618,18.39,381.72,14.446,13.705,10.454,10.511
20241115095145.9,1731.46499991417,18.337,382.24,14.422,13.679,10.482,10.507
20241115095146.4,1731.94900453091,18.289,383.944,14.454,13.719,10.474,10.505
20241115095146.9,1732.43300914764,18.226,383.927,14.467,13.715,10.478,10.501
20241115095147.4,1732.93000906706,18.214,382.946,14.456,13.705,10.482,10.509
20241115095147.8,1733.42199996114,18.153,381.454,14.44,13.701,10.46,10.507
20241115095148.3,1733.9140009135,18.159,380.531,14.473,13.725,10.46,10.503
20241115095148.8,1734.39400233328,18.238,380.4,14.461,13.709,10.474,10.513
20241115095149.3,1734.88300591707,18.216,380.567,14.467,13.703,10.48,10.484
20241115095149.8,1735.3590041399,18.24,381.204,14.452,13.705,10.484,10.503
20241115095150.3,1735.84800772369,18.19,381.362,14.454,13.701,10.474,10.511
20241115095150.8,1736.34800501168,18.182,381.699,14.461,13.693,10.468,10.503
20241115095151.3,1736.84800229967,18.119,381.021,14.458,13.733,10.484,10.501
20241115095151.8,1737.34799958766,18.064,380.424,14.456,13.701,10.476,10.519
20241115095152.3,1737.83200420439,18.075,380.569,14.461,13.711,10.462,10.523
20241115095152.7,1738.31600882113,18.109,379.745,14.463,13.701,10.482,10.515
20241115095153.2,1738.81200291216,18.083,380.024,14.469,13.715,10.478,10.515
20241115095153.8,1739.32800292969,18.012,378.587,14.459,13.703,10.48,10.496
20241115095154.2,1739.81200754642,18.008,378.647,14.467,13.693,10.484,10.505
20241115095154.7,1740.31200483441,17.976,379.466,14.452,13.711,10.468,10.498
20241115095155.3,1740.82800485194,18.018,380.693,14.463,13.733,10.472,10.509
20241115095155.7,1741.31199941039,18.097,380.375,14.481,13.727,10.478,10.501
20241115095156.2,1741.80100299418,18.194,379.428,14.475,13.737,10.47,10.505
20241115095156.7,1742.28900074959,18.155,378.932,14.479,13.723,10.464,10.509
20241115095157.3,1742.91800558567,18.131,378.323,14.493,13.717,10.49,10.507
20241115095157.8,1743.41800287366,18.145,378.283,14.487,13.729,10.48,10.505
20241115095158.3,1743.9020074904,18.19,379.204,14.487,13.717,10.45,10.509
20241115095158.8,1744.39800158143,18.273,378.683,14.489,13.719,10.486,10.505
20241115095159.3,1744.88700516522,18.267,377.549,14.489,13.733,10.48,10.505
20241115095159.8,1745.367006585,18.192,377.034,14.499,13.731,10.494,10.517
20241115095200.3,1745.86700387299,18.234,376.649,14.497,13.735,10.486,10.498
20241115095200.8,1746.35100848973,18.343,376.213,14.493,13.725,10.482,10.509
20241115095201.3,1746.84800840914,18.402,375.681,14.493,13.715,10.462,10.527
20241115095201.8,1747.3320029676,18.428,375.738,14.495,13.739,10.48,10.509
20241115095202.2,1747.81600758433,18.394,376.304,14.495,13.737,10.476,10.519
20241115095202.7,1748.30100797117,18.45,375.683,14.499,13.715,10.468,10.513
20241115095203.2,1748.80100525916,18.446,374.987,14.525,13.749,10.488,10.519
20241115095203.7,1749.29699935019,18.465,374.511,14.507,13.743,10.468,10.496
20241115095204.2,1749.78100396693,18.511,375.675,14.499,13.739,10.47,10.523
20241115095204.7,1750.26900172234,18.491,376.47,14.527,13.737,10.464,10.513
20241115095205.2,1750.7500089705,18.505,376.19,14.507,13.751,10.47,10.521
20241115095205.7,1751.25000625849,18.501,375.658,14.511,13.743,10.478,10.505
20241115095206.2,1751.74600034952,18.59,375.551,14.529,13.741,10.488,10.503
20241115095206.7,1752.23000496626,18.677,375.679,14.527,13.737,10.476,10.509
20241115095207.1,1752.71500535309,18.794,375.434,14.539,13.729,10.474,10.527
20241115095207.6,1753.21500264108,18.911,375.575,14.541,13.733,10.464,10.509
20241115095208.1,1753.69500406086,18.949,375.792,14.521,13.729,10.464,10.523
20241115095208.6,1754.18300181627,19.018,376.3,14.511,13.751,10.476,10.513
20241115095209.1,1754.66400906444,19.091,375.966,14.537,13.725,10.468,10.494
20241115095209.8,1755.39800226688,19.127,375.262,14.535,13.739,10.476,10.511
20241115095210.3,1755.88700585067,19.042,375.485,14.545,13.731,10.466,10.509
20241115095210.9,1756.44500926137,18.921,374.753,14.541,13.741,10.46,10.509
20241115095211.4,1756.9410033524,18.885,374.317,14.553,13.745,10.468,10.525
20241115095211.9,1757.51900263131,18.911,374.243,14.56,13.755,10.474,10.511
20241115095212.4,1758.00400301814,19.002,374.239,14.57,13.764,10.468,10.507
20241115095212.9,1758.50000716746,19.028,373.832,14.545,13.772,10.462,10.498
20241115095213.4,1758.99600125849,19.042,373.837,14.57,13.786,10.486,10.513
20241115095213.9,1759.49200540781,19.121,373.749,14.64,13.776,10.464,10.498
20241115095214.4,1759.98000316322,19.234,374.247,14.588,13.776,10.48,10.501
20241115095214.9,1760.48800684512,19.402,374.445,14.576,13.78,10.466,10.507
20241115095215.4,1760.97300723195,19.273,374.775,14.574,13.764,10.472,10.496
20241115095215.9,1761.46100498736,19.064,374.721,14.57,13.774,10.466,10.503
20241115095216.4,1761.95700913668,18.887,375.109,14.576,13.776,10.476,10.509
20241115095216.9,1762.45700642467,18.776,375.334,14.584,13.745,10.464,10.494
20241115095217.4,1762.94100098312,18.66,375.264,14.604,13.741,10.472,10.511
20241115095217.8,1763.42600136995,18.531,374.562,14.604,13.749,10.47,10.496
20241115095218.3,1763.92600871623,18.454,374.658,14.59,13.755,10.462,10.494
20241115095218.8,1764.42600600421,18.351,395.656,14.59,13.764,10.466,10.505
20241115095219.3,1764.92200009525,18.386,383.571,14.608,13.757,10.474,10.501
20241115095219.8,1765.40600471199,18.119,298.517,14.612,13.774,10.456,10.503
20241115095220.3,1765.92200472951,17.917,239.243,14.622,13.76,10.46,10.507
20241115095220.8,1766.4220020175,17.867,192.732,14.62,13.757,10.466,10.515
20241115095221.3,1766.90999977291,17.871,153.62,14.618,13.792,10.464,10.49
20241115095221.8,1767.40200072527,17.78,124.143,14.616,13.774,10.472,10.507
20241115095222.3,1767.89800487459,17.784,101.701,14.606,13.77,10.456,10.49
20241115095222.8,1768.39800216258,17.804,84.049,14.616,13.786,10.458,10.503
20241115095223.3,1768.89799945056,17.824,70.056,14.61,13.812,10.462,10.503
20241115095223.8,1769.3829998374,17.852,59.295,14.636,13.804,10.458,10.509
20241115095224.3,1769.87900398672,17.933,51.149,14.648,13.802,10.444,10.482
20241115095224.8,1770.3790012747,17.988,44.402,14.628,13.83,10.458,10.507
20241115095225.3,1770.86300589144,18.014,39.113,14.648,13.824,10.464,10.501
20241115095225.8,1771.34800627828,17.933,34.867,14.663,13.832,10.468,10.498
20241115095226.3,1771.83600403368,17.935,31.6,14.669,13.85,10.46,10.501
20241115095226.8,1772.332008183,17.978,28.755,14.665,13.836,10.472,10.511
20241115095227.2,1772.81600274146,17.994,26.203,14.681,13.828,10.456,10.498
20241115095227.7,1773.31600002944,18.044,23.976,14.679,13.806,10.452,10.492
20241115095228.2,1773.81600737572,18.014,22.236,14.671,13.814,10.478,10.496
20241115095228.7,1774.31200146675,17.911,20.646,14.667,13.802,10.464,10.513
20241115095229.2,1774.79700185359,17.941,19.622,14.673,13.802,10.466,10.49
20241115095229.7,1775.28100647032,17.935,18.513,14.663,13.796,10.476,10.507
20241115095230.2,1775.76600685716,18.034,17.713,14.683,13.794,10.474,10.513
20241115095230.7,1776.25400461257,17.996,17.212,14.667,13.802,10.466,10.515
20241115095231.2,1776.74200236797,17.97,16.903,14.658,13.796,10.462,10.49
20241115095231.7,1777.24199965596,17.941,16.612,14.654,13.804,10.46,10.503
20241115095232.2,1777.74200700223,17.945,16.428,14.658,13.782,10.46,10.488
20241115095232.7,1778.24200429022,17.887,16.271,14.667,13.784,10.468,10.501
20241115095233.2,1778.73000204563,17.951,16.123,14.665,13.786,10.46,10.509
20241115095233.6,1779.21900562942,17.984,16.034,14.671,13.784,10.482,10.486
20241115095234.1,1779.71499972045,17.978,15.913,14.671,13.796,10.466,10.513
20241115095234.6,1780.21500706673,17.915,15.861,14.658,13.79,10.45,10.505
20241115095235.1,1780.71500435472,17.887,15.818,14.667,13.792,10.476,10.505
20241115095235.6,1781.21100850403,17.903,15.764,14.693,13.806,10.476,10.519
20241115095236.1,1781.69900625944,17.895,15.749,14.673,13.782,10.474,10.511
20241115095236.6,1782.19900354743,17.883,15.695,14.685,13.772,10.46,10.503
20241115095237.1,1782.69900083542,17.901,15.679,14.669,13.8,10.458,10.509
20241115095237.6,1783.19500498474,17.974,15.661,14.679,13.806,10.454,10.494
20241115095238.1,1783.69500227273,17.972,15.65,14.681,13.798,10.464,10.509
20241115095238.6,1784.21100229025,18,15.618,14.685,13.788,10.454,10.482
20241115095239.1,1784.72600653768,17.881,15.63,14.681,13.81,10.484,10.507
20241115095239.6,1785.22300645709,17.766,15.594,14.659,13.8,10.474,10.492
20241115095240.1,1785.7110042125,17.78,15.574,14.675,13.808,10.46,10.496
20241115095240.6,1786.21500469744,17.879,15.553,14.689,13.782,10.468,10.501
20241115095241.1,1786.72300837934,17.994,15.509,14.693,13.776,10.46,10.503
20241115095241.6,1787.21900247037,18.032,15.42,14.679,13.782,10.48,10.484
20241115095242.1,1787.71899975836,17.994,15.341,14.695,13.772,10.462,10.488
20241115095242.6,1788.21100071073,18.046,15.357,14.693,13.776,10.46,10.509
20241115095243.1,1788.71500119567,18.054,15.351,14.671,13.766,10.464,10.49
20241115095243.8,1789.33599963784,18.05,15.252,14.652,13.798,10.462,10.486
20241115095244.2,1789.82400745153,18.056,15.202,14.685,13.772,10.462,10.486
20241115095244.7,1790.31200520694,18.105,15.206,14.693,13.774,10.438,10.501
20241115095245.2,1790.80799929798,18.075,15.297,14.673,13.778,10.456,10.505
20241115095245.7,1791.29700288177,18.081,15.313,14.691,13.784,10.454,10.498
20241115095246.2,1791.7810074985,18.087,15.226,14.683,13.77,10.46,10.492
20241115095246.7,1792.27700158954,18.079,14.796,14.691,13.764,10.466,10.505
20241115095247.2,1792.77700893581,18.004,14.293,14.689,13.755,10.472,10.507
20241115095247.7,1793.28099936247,17.97,14.289,14.663,13.782,10.45,10.486
20241115095248.2,1793.76900717616,18.012,14.26,14.687,13.77,10.462,10.496
20241115095248.7,1794.28100399673,18.04,13.994,14.677,13.774,10.454,10.505
20241115095249.2,1794.77700814605,17.988,13.824,14.673,13.762,10.478,10.501
20241115095249.7,1795.27700543404,17.927,13.966,14.667,13.762,10.464,10.494
20241115095250.2,1795.77700272202,17.889,13.875,14.687,13.764,10.464,10.498
20241115095250.7,1796.26600630581,17.925,13.968,14.677,13.772,10.462,10.498
20241115095251.2,1796.75000086427,17.923,13.939,14.681,13.778,10.464,10.507
20241115095251.7,1797.234005481,17.826,13.927,14.693,13.776,10.466,10.49
20241115095252.2,1797.72999957204,17.895,13.83,14.713,13.778,10.46,10.49
20241115095252.7,1798.23000691831,17.895,13.733,14.697,13.778,10.46,10.494
20241115095253.1,1798.72600100935,17.895,13.701,14.697,13.772,10.466,10.492
20241115095253.6,1799.21500459313,17.943,13.798,14.705,13.755,10.464,10.509
20241115095254.1,1799.71500188112,18.05,13.79,14.697,13.768,10.458,10.498
20241115095254.6,1800.21100603044,18.026,13.715,14.691,13.768,10.462,10.503
20241115095255.1,1800.71100331843,17.968,13.725,14.719,13.758,10.448,10.486
20241115095255.6,1801.19500793517,17.913,14.046,14.711,13.755,10.458,10.492
20241115095256.1,1801.69500522316,17.933,14.325,14.695,13.743,10.456,10.498
20241115095256.6,1802.18700617552,17.939,14.503,14.691,13.753,10.46,10.517
20241115095257.1,1802.67599970102,17.937,14.63,14.689,13.753,10.462,10.496
20241115095257.6,1803.1760070473,17.887,14.705,14.687,13.764,10.454,10.498
20241115095258.1,1803.67200113833,17.907,14.723,14.695,13.764,10.454,10.492
20241115095258.6,1804.17600162327,17.98,14.582,14.705,13.756,10.45,10.486
20241115095259.1,1804.67200577259,18.055,14.713,14.695,13.748,10.456,10.486
20241115095259.6,1805.16799986362,18.117,14.748,14.695,13.758,10.45,10.502
20241115095300.1,1805.66400401294,18.097,14.64,14.705,13.731,10.448,10.486
20241115095300.6,1806.14800862968,18.004,14.786,14.687,13.756,10.454,10.492
20241115095301.1,1806.64800591767,18.018,14.865,14.685,13.766,10.448,10.49
20241115095301.6,1807.1330063045,17.974,14.489,14.693,13.78,10.448,10.49
20241115095302.1,1807.63300359249,17.982,14.057,14.707,13.774,10.454,10.492
20241115095302.6,1808.12900774181,17.98,13.881,14.689,13.788,10.474,10.494
20241115095303,1808.61300230026,17.935,13.879,14.703,13.776,10.434,10.48
20241115095303.5,1809.11299958825,18.032,13.857,14.701,13.79,10.456,10.486
20241115095304,1809.60900373757,18.079,13.735,14.701,13.804,10.446,10.474
20241115095304.5,1810.10900102556,18.061,13.606,14.697,13.772,10.448,10.48
20241115095305,1810.59400141239,18.014,13.445,14.699,13.786,10.444,10.488
20241115095305.5,1811.10900565982,18.016,13.592,14.697,13.798,10.444,10.492
20241115095306,1811.61699928343,18,14.042,14.695,13.78,10.45,10.482
20241115095306.5,1812.10100390017,18.034,14.269,14.707,13.788,10.44,10.504
20241115095307,1812.586004287,18.05,14.279,14.713,13.794,10.436,10.474
20241115095307.5,1813.08600157499,18.238,14.194,14.717,13.77,10.452,10.486
20241115095308,1813.58600892127,18.333,14.172,14.707,13.804,10.458,10.494
20241115095308.5,1814.07400667667,18.333,14.105,14.717,13.792,10.46,10.488
20241115095309,1814.56200443208,18.253,14.095,14.707,13.766,10.474,10.494
20241115095309.5,1815.04700481892,18.119,14.065,14.717,13.786,10.444,10.482
20241115095310,1815.53099937737,17.996,13.919,14.725,13.745,10.452,10.474
20241115095310.4,1816.0159997642,17.982,13.784,14.727,13.786,10.448,10.482
20241115095310.9,1816.50800071657,17.877,13.8,14.733,13.782,10.446,10.486
20241115095311.4,1817.02300496399,17.877,13.671,14.731,13.774,10.454,10.49
20241115095311.9,1817.51900911331,17.858,13.551,14.733,13.784,10.46,10.509
20241115095312.4,1818.00800263882,17.846,13.434,14.729,13.794,10.448,10.507
20241115095312.9,1818.51900368929,17.842,13.428,14.743,13.788,10.468,10.503
20241115095313.4,1819.01900097728,17.822,13.408,14.747,13.788,10.456,10.494
20241115095313.9,1819.51900832355,17.808,13.44,14.725,13.814,10.472,10.498
20241115095314.4,1820.02300880849,17.729,13.521,14.751,13.788,10.462,10.505
20241115095314.9,1820.52300609648,17.745,13.479,14.739,13.792,10.468,10.496
20241115095315.4,1821.02300338447,17.978,13.325,14.753,13.79,10.46,10.507
20241115095315.9,1821.52300067246,17.923,13.17,14.747,13.788,10.46,10.492
20241115095316.4,1822.00800105929,17.774,13.093,14.766,13.8,10.46,10.48
20241115095316.9,1822.49200567603,17.77,13.143,14.768,13.796,10.472,10.49
20241115095317.4,1822.99200296402,17.85,13.166,14.755,13.782,10.472,10.498
20241115095317.9,1823.48000071943,17.883,13.384,14.76,13.81,10.464,10.496
20241115095318.4,1823.97600486875,17.82,13.519,14.764,13.784,10.472,10.507
20241115095318.9,1824.47600215673,17.81,13.545,14.772,13.796,10.45,10.49
20241115095319.4,1824.97599944472,17.794,13.604,14.784,13.8,10.454,10.505
20241115095319.9,1825.46099983156,17.881,13.592,14.757,13.794,10.47,10.503
20241115095320.4,1825.94500444829,17.877,13.594,14.774,13.798,10.462,10.494
20241115095320.9,1826.43000483513,17.903,13.725,14.77,13.778,10.464,10.501
20241115095321.4,1826.93299949169,17.862,13.743,14.774,13.786,10.45,10.484
20241115095321.9,1827.43300683796,17.828,13.693,14.794,13.768,10.454,10.492
20241115095322.4,1827.93300412595,17.873,13.62,14.768,13.786,10.468,10.498
20241115095322.9,1828.4370046109,18.006,13.659,14.782,13.766,10.462,10.521
20241115095323.4,1828.93300876021,18.052,13.705,14.759,13.792,10.48,10.501
20241115095323.9,1829.4330060482,18.18,13.703,14.784,13.78,10.456,10.492
20241115095324.4,1829.93300333619,18.25,13.854,14.766,13.784,10.458,10.507
20241115095324.9,1830.43300062418,18.277,13.764,14.796,13.784,10.462,10.496
20241115095325.4,1830.93000054359,18.309,13.84,14.786,13.79,10.456,10.511
20241115095325.9,1831.43000788987,18.384,13.919,14.778,13.774,10.458,10.496
20241115095326.4,1831.93300254643,18.392,14.127,14.772,13.776,10.464,10.49
20241115095326.9,1832.43299983442,18.41,14.232,14.8,13.792,10.464,10.501
20241115095327.3,1832.92600661516,18.402,14.341,14.782,13.8,10.472,10.519
20241115095327.8,1833.42600390315,18.533,14.347,14.79,13.79,10.454,10.482
20241115095328.3,1833.92600119114,18.568,14.174,14.802,13.808,10.454,10.492
20241115095328.8,1834.42600853741,18.527,14.123,14.802,13.796,10.458,10.498
20241115095329.3,1834.9260058254,18.432,14.083,14.81,13.788,10.452,10.501
20241115095329.8,1835.42600311339,18.378,14.109,14.79,13.798,10.478,10.505
20241115095330.3,1835.92600040138,18.45,14.103,14.822,13.808,10.464,10.49
20241115095330.9,1836.51600927114,18.531,14.182,14.798,13.792,10.47,10.484
20241115095331.4,1837.01200336218,18.565,14.186,14.804,13.8,10.468,10.503
20241115095331.9,1837.51200065017,18.584,14.012,14.8,13.79,10.47,10.503
20241115095332.4,1838.01200799644,18.669,13.865,14.82,13.814,10.468,10.482
20241115095332.9,1838.50000575185,18.709,13.59,14.81,13.808,10.456,10.501
20241115095333.4,1838.9840003103,18.723,13.392,14.816,13.8,10.46,10.507
20241115095333.9,1839.47300389409,18.747,13.388,14.804,13.788,10.468,10.507
20241115095334.4,1839.97600860894,18.626,13.454,14.81,13.814,10.452,10.509
20241115095334.9,1840.4690053314,18.517,13.654,14.81,13.776,10.452,10.492
20241115095335.4,1840.96900261939,18.434,13.846,14.818,13.798,10.46,10.501
20241115095335.9,1841.4650067687,18.402,13.899,14.832,13.792,10.468,10.513
20241115095336.4,1841.96500405669,18.258,13.873,14.822,13.798,10.458,10.507
20241115095336.9,1842.4530018121,18.287,13.798,14.838,13.788,10.454,10.509
20241115095337.4,1842.95300915837,18.256,13.683,14.846,13.788,10.458,10.507
20241115095337.9,1843.44900324941,18.271,13.62,14.83,13.8,10.46,10.501
20241115095338.4,1843.95300373435,18.17,13.62,14.836,13.8,10.46,10.505
20241115095338.9,1844.47300694883,17.935,13.61,14.846,13.792,10.45,10.496
20241115095339.4,1844.97300423682,17.757,13.622,14.83,13.802,10.472,10.484
20241115095339.9,1845.47300152481,17.768,13.753,14.854,13.81,10.448,10.513
20241115095340.4,1845.96900567412,17.998,14,14.838,13.802,10.464,10.521
20241115095340.9,1846.46900296211,18.093,14.16,14.836,13.806,10.474,10.486
20241115095341.4,1846.9690002501,18.073,13.941,14.844,13.814,10.452,10.523
20241115095341.9,1847.45300486684,18.117,13.964,14.84,13.81,10.476,10.505
20241115095342.4,1847.95300215483,18.073,13.729,14.854,13.812,10.452,10.501
20241115095342.9,1848.45299944282,17.986,13.394,14.834,13.81,10.454,10.521
20241115095343.4,1848.95300678909,17.858,13.149,14.85,13.8,10.462,10.501
20241115095343.9,1849.44900088012,17.802,13.101,14.846,13.806,10.466,10.486
20241115095344.4,1849.94900822639,17.725,13.182,14.838,13.806,10.476,10.484
20241115095344.9,1850.45300871134,17.683,13.192,14.856,13.788,10.462,10.494
20241115095345.4,1850.95300599933,17.628,13.238,14.85,13.794,10.456,10.498
20241115095345.9,1851.44900009036,17.547,13.119,14.84,13.79,10.476,10.507
20241115095346.4,1851.96500010788,17.535,13.022,14.846,13.798,10.47,10.482
20241115095346.9,1852.46900059283,17.477,12.941,14.85,13.812,10.46,10.513
20241115095347.4,1852.9690079391,17.471,12.81,14.86,13.792,10.46,10.505
20241115095347.9,1853.46900522709,17.398,12.727,14.852,13.802,10.456,10.505
20241115095348.4,1853.96900251508,17.319,12.897,14.838,13.802,10.468,10.517
20241115095348.9,1854.4650066644,17.287,12.937,14.858,13.808,10.456,10.505
20241115095349.4,1854.95700761676,17.234,13.026,14.846,13.8,10.466,10.496
20241115095349.9,1855.45300170779,17.216,12.978,14.858,13.804,10.458,10.498
20241115095350.4,1855.94900585711,17.196,13.048,14.871,13.806,10.47,10.492
20241115095350.9,1856.46900907159,17.2,13.065,14.869,13.798,10.458,10.507
20241115095351.4,1856.96500316262,17.222,13.113,14.873,13.806,10.47,10.501
20241115095351.9,1857.46500045061,17.24,13.083,14.863,13.794,10.454,10.503
20241115095352.4,1857.96500779688,17.281,13.093,14.856,13.808,10.45,10.498
20241115095352.9,1858.45700874925,17.315,13.153,14.871,13.804,10.456,10.509
20241115095353.4,1858.95700603724,17.368,13.376,14.883,13.796,10.46,10.49
20241115095353.9,1859.45700332522,17.388,13.743,14.881,13.81,10.442,10.505
20241115095354.4,1859.95300747454,17.477,13.699,14.873,13.81,10.464,10.496
20241115095354.9,1860.45300476253,17.563,13.846,14.885,13.8,10.462,10.511
20241115095355.4,1860.95300205052,17.553,13.715,14.875,13.788,10.472,10.525
20241115095355.9,1861.44900619984,17.572,13.782,14.863,13.798,10.478,10.503
20241115095356.4,1861.95300668478,17.57,13.695,14.875,13.806,10.474,10.503
20241115095356.9,1862.44900077581,17.436,13.673,14.873,13.8,10.464,10.494
20241115095357.4,1862.95300126076,17.376,13.642,14.881,13.784,10.456,10.496
20241115095357.9,1863.45300860703,17.321,13.598,14.873,13.784,10.468,10.496
20241115095358.4,1863.94900269806,17.208,13.588,14.869,13.816,10.456,10.494
20241115095358.9,1864.44899998605,17.145,13.517,14.865,13.802,10.456,10.503
20241115095359.4,1864.953000471,17.163,13.337,14.885,13.818,10.46,10.521
20241115095359.9,1865.44900462031,17.244,13.341,14.875,13.78,10.454,10.494
20241115095400.4,1865.9490019083,17.277,13.471,14.883,13.788,10.43,10.474
20241115095400.9,1866.44899919629,17.311,13.527,14.865,13.802,10.448,10.502
20241115095401.4,1866.94500334561,17.281,13.449,14.895,13.814,10.46,10.507
20241115095401.9,1867.4450006336,17.259,13.556,14.873,13.806,10.444,10.502
20241115095402.4,1867.93300844729,17.269,13.344,14.869,13.798,10.45,10.5
20241115095402.9,1868.43300573528,17.331,13.341,14.879,13.812,10.466,10.49
20241115095403.4,1868.93300302327,17.362,13.285,14.885,13.796,10.462,10.49
20241115095403.9,1869.43300031126,17.362,13.428,14.889,13.796,10.46,10.496
20241115095404.4,1869.93300765753,17.394,13.463,14.893,13.784,10.448,10.507
20241115095404.9,1870.43300494552,17.404,13.285,14.897,13.806,10.456,10.476
20241115095405.3,1870.91800533235,17.418,13.135,14.895,13.81,10.44,10.486
20241115095405.8,1871.41800262034,17.428,13.182,14.873,13.808,10.436,10.488
20241115095406.4,1871.93700000644,17.41,13.119,14.893,13.8,10.452,10.474
20241115095406.9,1872.43300415576,17.428,12.96,14.917,13.804,10.45,10.486
20241115095407.4,1872.93300144374,17.444,13.22,14.887,13.83,10.458,10.498
20241115095407.9,1873.4450083226,17.432,13.283,14.911,13.806,10.438,10.488
20241115095408.4,1873.94900880754,17.467,13.295,14.919,13.792,10.458,10.486
20241115095408.9,1874.46500882506,17.465,13.333,14.919,13.798,10.444,10.482
20241115095409.4,1874.9610029161,17.394,13.249,14.909,13.79,10.448,10.496
20241115095409.9,1875.46100020409,17.335,13.21,14.905,13.79,10.444,10.474
20241115095410.4,1875.97600445151,17.333,13.261,14.903,13.8,10.458,10.472
20241115095410.9,1876.47300437093,17.323,13.354,14.923,13.792,10.45,10.484
20241115095411.4,1876.96100212634,17.354,13.467,14.935,13.808,10.444,10.482
20241115095411.9,1877.46099941432,17.412,13.75,14.915,13.788,10.462,10.474
20241115095412.4,1877.9610067606,17.448,13.808,14.911,13.814,10.466,10.482
20241115095412.9,1878.46100404859,17.469,13.749,14.929,13.794,10.448,10.482
20241115095413.4,1878.96100133657,17.477,13.667,14.945,13.802,10.444,10.494
20241115095413.9,1879.46500182152,17.501,13.598,14.943,13.82,10.47,10.478
20241115095414.4,1879.96100597084,17.511,13.792,14.953,13.816,10.456,10.498
20241115095414.9,1880.45700006187,17.551,13.725,14.974,13.804,10.452,10.498
20241115095415.4,1880.95300421119,17.563,13.931,14.96,13.8,10.452,10.49
20241115095415.9,1881.45300149918,17.404,13.713,14.962,13.812,10.468,10.49
20241115095416.4,1881.95300884545,17.349,13.65,14.955,13.82,10.478,10.517
20241115095416.9,1882.44900293648,17.287,13.6,14.955,13.8,10.468,10.482
20241115095417.4,1882.94900022447,17.295,13.654,14.964,13.81,10.452,10.466
20241115095418,1883.56200233102,17.382,13.849,14.947,13.802,10.43,10.492
20241115095418.5,1884.05800648034,17.491,13.826,14.96,13.804,10.458,10.486
20241115095419,1884.55500639975,17.57,13.964,14.949,13.822,10.444,10.476
20241115095419.5,1885.05500368774,17.715,14.105,14.978,13.8,10.452,10.486
20241115095420,1885.55500097573,17.711,14.307,14.966,13.81,10.442,10.474
20241115095420.5,1886.055008322,17.689,14.408,14.994,13.81,10.446,10.49
20241115095421,1886.57000251114,17.695,14.574,14.992,13.812,10.462,10.507
20241115095421.5,1887.06600666046,17.634,14.75,14.982,13.784,10.46,10.492
20241115095422,1887.56600394845,17.535,14.891,14.984,13.804,10.46,10.486
20241115095422.5,1888.07000443339,17.501,15.002,14.994,13.774,10.45,10.5
20241115095423,1888.56600858271,17.473,15.063,14.97,13.802,10.448,10.472
20241115095423.5,1889.0660058707,17.426,15.071,14.978,13.8,10.448,10.472
20241115095424,1889.56600315869,17.513,14.576,14.978,13.806,10.46,10.492
20241115095424.5,1890.06600044668,17.56,14.259,14.978,13.812,10.458,10.488
20241115095425,1890.57000093162,17.592,14.125,14.976,13.81,10.456,10.474
20241115095425.5,1891.07000827789,17.511,13.877,14.986,13.804,10.48,10.482
20241115095426,1891.57000556588,17.507,13.701,14.988,13.822,10.456,10.488
20241115095426.5,1892.06599965692,17.489,13.572,15,13.822,10.434,10.466
20241115095427,1892.56600700319,17.495,13.461,15,13.834,10.456,10.45
20241115095427.5,1893.06600429118,17.475,13.236,15.024,13.82,10.438,10.474
20241115095428,1893.56200844049,17.537,13.063,15.002,13.796,10.452,10.49
20241115095428.5,1894.06200572848,17.679,13.032,15.01,13.8,10.45,10.48
20241115095429,1894.56200301647,17.677,13.079,14.994,13.808,10.45,10.511
20241115095429.5,1895.06200030446,17.735,13.378,15,13.826,10.45,10.48
20241115095430,1895.55100388825,17.632,13.707,14.996,13.82,10.46,10.494
20241115095430.5,1896.05100117624,17.509,13.721,15.006,13.828,10.442,10.48
20241115095431,1896.55100852251,17.408,13.543,14.994,13.814,10.458,10.496
20241115095431.5,1897.06600271165,17.37,13.43,15,13.828,10.452,10.496
20241115095432,1897.56599999964,17.416,13.402,15.024,13.818,10.464,10.478
20241115095432.5,1898.06600734591,17.457,13.386,15.006,13.826,10.446,10.482
20241115095433,1898.56200143695,17.473,13.624,15.012,13.82,10.452,10.498
20241115095433.5,1899.0740083158,17.416,13.899,15.016,13.826,10.43,10.468
20241115095434,1899.56200607121,17.469,14.145,15.04,13.842,10.442,10.49
20241115095434.5,1900.0620033592,17.679,14.224,15.044,13.822,10.444,10.492
20241115095435,1900.56600384414,17.838,14.253,15.028,13.824,10.452,10.468
20241115095435.5,1901.06600113213,17.854,14.067,15.048,13.82,10.462,10.478
20241115095436,1901.5660084784,17.909,13.879,15.048,13.844,10.468,10.501
20241115095436.5,1902.06200256944,17.867,13.648,15.042,13.832,10.468,10.488
20241115095437,1902.56600305438,17.749,13.572,15.052,13.816,10.454,10.482
20241115095437.5,1903.05100344121,17.65,13.549,15.052,13.83,10.466,10.498
20241115095438,1903.53900119662,17.576,13.782,15.079,13.828,10.47,10.478
20241115095438.5,1904.03500534594,17.572,13.84,15.073,13.826,10.464,10.501
20241115095439,1904.53500263393,17.515,14.054,15.052,13.812,10.458,10.47
20241115095439.4,1905.01900725067,17.493,14.119,15.058,13.816,10.466,10.505
20241115095439.9,1905.51900453866,17.422,14.075,15.05,13.806,10.45,10.496
20241115095440.4,1906.0230050236,17.384,14.059,15.083,13.798,10.458,10.478
20241115095440.9,1906.52300231159,17.402,14.058,15.065,13.814,10.48,10.498
20241115095441.4,1907.02299959958,17.45,13.982,15.058,13.818,10.458,10.503
20241115095441.9,1907.52300694585,17.507,13.962,15.063,13.812,10.464,10.496
20241115095442.4,1908.02300423384,17.586,13.919,15.087,13.82,10.452,10.484
20241115095442.9,1908.51900838315,17.57,13.822,15.075,13.802,10.476,10.482
20241115095443.4,1909.02700200677,17.503,13.939,15.091,13.828,10.472,10.492
20241115095443.9,1909.52699929476,17.444,13.772,15.077,13.818,10.45,10.488
20241115095444.4,1910.01900024712,17.355,13.673,15.087,13.806,10.458,10.503
20241115095445,1910.53500026464,17.313,13.614,15.083,13.814,10.474,10.498
20241115095445.5,1911.03100441396,17.311,13.556,15.079,13.82,10.458,10.492
20241115095446,1911.53500489891,17.349,13.584,15.093,13.83,10.464,10.492
20241115095446.5,1912.03900538385,17.378,13.529,15.079,13.838,10.468,10.503
20241115095447,1912.54300586879,17.355,13.349,15.095,13.826,10.466,10.498
20241115095447.5,1913.04300315678,17.355,13.226,15.107,13.848,10.452,10.498
20241115095448,1913.5390073061,17.361,13.162,15.091,13.828,10.466,10.498
20241115095448.5,1914.03900459409,17.315,13.202,15.123,13.842,10.454,10.476
20241115095449,1914.53500874341,17.277,13.285,15.107,13.84,10.446,10.503
20241115095449.5,1915.03500603139,17.129,13.364,15.081,13.83,10.444,10.498
20241115095450,1915.53900651634,17.061,13.483,15.117,13.824,10.45,10.494
20241115095450.5,1916.03500060737,16.992,13.444,15.115,13.82,10.46,10.468
20241115095451,1916.53500795364,16.954,13.485,15.111,13.851,10.436,10.484
20241115095451.5,1917.03500524163,16.887,13.444,15.123,13.822,10.454,10.504
20241115095452,1917.53500252962,16.935,13.465,15.115,13.828,10.436,10.494
20241115095452.5,1918.03499981761,16.962,13.465,15.145,13.849,10.456,10.504
20241115095453,1918.53100396693,17.141,13.814,15.137,13.82,10.45,10.494
20241115095453.5,1919.03500445187,17.305,14.18,15.127,13.853,10.448,10.494
20241115095454,1919.53500173986,17.352,14.475,15.141,13.873,10.462,10.488
20241115095454.5,1920.03500908613,17.509,14.636,15.152,13.863,10.454,10.494
20241115095455,1920.53899951279,17.562,14.77,15.156,13.857,10.458,10.486
20241115095455.5,1921.05499953032,17.584,14.788,15.166,13.844,10.448,10.488
20241115095456,1921.55500687659,17.6,14.958,15.168,13.867,10.468,10.498
20241115095456.5,1922.04700782895,17.653,15.073,15.18,13.859,10.454,10.478
20241115095457,1922.54700511694,17.703,15.036,15.168,13.849,10.46,10.474
20241115095457.5,1923.05100560188,17.729,14.802,15.176,13.873,10.45,10.468
20241115095458,1923.55100288987,17.61,14.344,15.168,13.841,10.458,10.49
20241115095458.5,1924.05100017786,17.56,14.146,15.176,13.851,10.46,10.492
20241115095459,1924.56600442529,17.632,14.069,15.184,13.847,10.442,10.48
20241115095459.5,1925.05500800908,17.697,14.115,15.17,13.861,10.44,10.47
20241115095460,1925.55500529706,17.701,14.15,15.172,13.845,10.44,10.474
20241115095500.5,1926.05500258505,17.636,14.245,15.162,13.861,10.438,10.47
20241115095501,1926.55499987304,17.61,14.224,15.17,13.869,10.452,10.48
20241115095501.5,1927.05100402236,17.6,14.039,15.182,13.839,10.45,10.494
20241115095502,1927.5550045073,17.586,13.893,15.208,13.853,10.472,10.494
20241115095502.5,1928.05500179529,17.543,13.812,15.192,13.865,10.454,10.486
20241115095503,1928.55100594461,17.543,13.701,15.19,13.851,10.464,10.504
20241115095503.5,1929.05500642955,17.582,13.568,15.21,13.857,10.446,10.496
20241115095504,1929.55500371754,17.475,13.467,15.218,13.853,10.464,10.482
20241115095504.6,1930.16400262713,17.428,13.445,15.206,13.869,10.476,10.502
20241115095505.1,1930.66800311208,17.354,13.481,15.228,13.859,10.45,10.492
20241115095505.6,1931.17200359702,17.283,13.503,15.226,13.869,10.452,10.49
20241115095506.1,1931.66800774634,17.269,13.509,15.22,13.871,10.452,10.484
20241115095506.6,1932.16800503433,17.216,13.546,15.216,13.851,10.446,10.492
20241115095507.1,1932.67200551927,17.202,13.386,15.224,13.847,10.476,10.476
20241115095507.6,1933.17200280726,17.182,13.331,15.206,13.869,10.468,10.484
20241115095508.1,1933.66800695658,17.174,13.358,15.234,13.853,10.46,10.474
20241115095508.6,1934.16800424457,17.119,13.319,15.218,13.883,10.47,10.478
20241115095509.1,1934.67200472951,17.105,13.358,15.23,13.873,10.458,10.496
20241115095509.6,1935.1720020175,17.127,13.436,15.261,13.893,10.48,10.484
20241115095510.1,1935.67199930549,17.164,13.586,15.246,13.903,10.466,10.501
20241115095510.6,1936.17200665176,17.216,13.677,15.23,13.881,10.458,10.509
20241115095511.1,1936.6870008409,17.325,13.487,15.255,13.871,10.466,10.496
20241115095511.6,1937.19900771976,17.281,13.396,15.257,13.869,10.468,10.5
20241115095512.1,1937.69900500774,17.265,13.307,15.265,13.881,10.468,10.486
20241115095512.6,1938.19900229573,17.376,13.301,15.277,13.865,10.454,10.504
20241115095513.1,1938.69899958372,17.323,13.329,15.279,13.905,10.452,10.488
20241115095513.6,1939.20300006866,17.251,13.277,15.267,13.901,10.48,10.507
20241115095514.1,1939.69900421798,17.174,13.319,15.271,13.901,10.472,10.496
20241115095514.6,1940.1950083673,17.127,13.564,15.275,13.893,10.472,10.484
20241115095515.1,1940.69100245833,17.105,13.626,15.289,13.903,10.454,10.509
20241115095515.6,1941.19099974632,17.059,13.798,15.295,13.923,10.472,10.484
20241115095516.1,1941.69500023127,17.166,14.032,15.301,13.919,10.47,10.478
20241115095516.6,1942.19900071621,17.283,14.057,15.319,13.911,10.462,10.486
20241115095517.1,1942.69500486553,17.469,14.079,15.323,13.901,10.458,10.478
20241115095517.6,1943.19500215352,17.505,14.184,15.341,13.893,10.462,10.496
20241115095518.1,1943.69100630283,17.485,14.246,15.327,13.923,10.47,10.488
20241115095518.6,1944.20700632036,17.438,14.265,15.323,13.935,10.456,10.494
20241115095519.1,1944.72300633788,17.479,14.235,15.329,13.938,10.456,10.48
20241115095519.6,1945.22300362587,17.58,14.269,15.342,13.907,10.464,10.508
20241115095520.1,1945.71900777519,17.477,14.368,15.331,13.881,10.456,10.496
20241115095520.6,1946.21900506318,17.303,14.513,15.346,13.919,10.446,10.488
20241115095521.1,1946.71900235116,17.24,14.531,15.344,13.891,10.452,10.492
20241115095521.6,1947.21899963915,17.253,14.705,15.356,13.891,10.47,10.48
20241115095522.1,1947.71900698543,17.269,14.837,15.358,13.895,10.456,10.504
20241115095522.6,1948.21900427341,17.35,14.915,15.338,13.897,10.474,10.492
20241115095523.1,1948.7190015614,17.479,15.004,15.352,13.895,10.45,10.472
20241115095523.6,1949.22300204635,17.616,15.081,15.372,13.929,10.456,10.472
20241115095524.1,1949.72299933434,17.657,15.059,15.366,13.938,10.458,10.492
20241115095524.6,1950.22600404918,17.618,14.921,15.382,13.907,10.454,10.466
20241115095525.2,1950.74200406671,17.642,14.887,15.37,13.901,10.456,10.482
20241115095525.7,1951.24600455165,17.634,14.82,15.364,13.897,10.442,10.476
20241115095526.2,1951.76200456917,17.53,14.586,15.356,13.901,10.45,10.474
20241115095526.7,1952.26600505412,17.344,14.43,15.382,13.905,10.456,10.492
20241115095527.2,1952.76899971068,17.283,14.194,15.39,13.899,10.472,10.49
20241115095527.7,1953.26599963009,17.253,14.166,15.388,13.899,10.45,10.486
20241115095528.2,1953.76600697637,17.202,14.144,15.404,13.909,10.458,10.488
20241115095528.7,1954.26600426435,17.216,14.21,15.37,13.897,10.452,10.478
20241115095529.2,1954.78100851178,17.186,14.269,15.408,13.885,10.438,10.478
20241115095529.7,1955.28500899673,17.245,14.204,15.39,13.889,10.446,10.492
20241115095530.2,1955.78899942338,17.338,14.138,15.4,13.903,10.454,10.488
20241115095530.7,1956.30100630224,17.392,14.053,15.384,13.879,10.442,10.47
20241115095531.2,1956.80100359023,17.394,14.067,15.418,13.881,10.448,10.482
20241115095531.7,1957.30100087821,17.404,14.047,15.416,13.893,10.442,10.48
20241115095532.2,1957.79700502753,17.463,14.283,15.426,13.905,10.454,10.482
20241115095532.7,1958.29700231552,17.602,14.39,15.43,13.897,10.466,10.482
20241115095533.2,1958.79699960351,17.707,14.441,15.428,13.911,10.466,10.494
20241115095533.7,1959.29700694978,17.701,14.386,15.427,13.901,10.452,10.48
20241115095534.2,1959.78100150824,17.635,14.295,15.447,13.905,10.444,10.474
20241115095534.7,1960.28500199318,17.693,14.334,15.412,13.887,10.466,10.472
20241115095535.2,1960.7810061425,17.794,14.326,15.439,13.899,10.456,10.48
20241115095535.7,1961.28100343049,17.788,14.491,15.427,13.899,10.436,10.484
20241115095536.2,1961.79700344801,17.828,14.206,15.457,13.913,10.462,10.476
20241115095536.7,1962.297000736,17.845,14.176,15.445,13.883,10.436,10.48
20241115095537.2,1962.79700808227,17.711,14.047,15.441,13.901,10.446,10.482
20241115095537.7,1963.30100856721,17.637,13.825,15.445,13.881,10.462,10.492
20241115095538.2,1963.80499899387,17.64,13.782,15.459,13.897,10.46,10.478
20241115095538.7,1964.31600004435,17.701,13.839,15.477,13.901,10.45,10.496
20241115095539.2,1964.82000052929,17.717,13.697,15.471,13.899,10.458,10.492
20241115095539.7,1965.32000787556,17.727,13.624,15.473,13.887,10.462,10.484
20241115095540.2,1965.8160019666,17.784,13.572,15.495,13.909,10.464,10.484
20241115095540.7,1966.31599925458,17.83,13.762,15.483,13.883,10.446,10.504
20241115095541.3,1966.83199927211,17.893,13.952,15.495,13.903,10.452,10.492
20241115095541.8,1967.34799928963,17.849,14.035,15.505,13.901,10.47,10.464
20241115095542.3,1967.8480066359,17.832,14.125,15.497,13.897,10.458,10.49
20241115095542.8,1968.34800392389,17.913,14.291,15.503,13.901,10.452,10.486
20241115095543.3,1968.85100863874,17.909,14.412,15.485,13.895,10.458,10.492
20241115095543.8,1969.36700865626,17.921,14.479,15.525,13.895,10.464,10.474
20241115095544.3,1969.86700594425,17.909,14.495,15.523,13.911,10.452,10.49
20241115095544.8,1970.35900689662,17.83,14.453,15.527,13.907,10.45,10.484
20241115095545.3,1970.87500691414,17.8,14.416,15.533,13.909,10.446,10.474
20241115095545.8,1971.37100100517,17.885,14.445,15.523,13.919,10.454,10.476
20241115095546.3,1971.89100421965,17.859,14.372,15.538,13.909,10.45,10.506
20241115095546.8,1972.38700836897,17.788,14.554,15.544,13.917,10.464,10.488
20241115095547.3,1972.90200255811,17.865,14.659,15.56,13.929,10.462,10.496
20241115095547.8,1973.4019998461,17.901,14.806,15.572,13.925,10.482,10.488
20241115095548.3,1973.90200719237,17.893,14.875,15.582,13.938,10.446,10.492
20241115095548.8,1974.40600767732,17.891,14.841,15.58,13.948,10.466,10.492
20241115095549.3,1974.91000816226,17.857,14.737,15.598,13.933,10.456,10.5
20241115095549.8,1975.41000545025,17.859,14.57,15.626,13.931,10.46,10.496
20241115095550.3,1975.90599954128,17.855,14.513,15.636,13.948,10.468,10.48
20241115095550.8,1976.40600688756,17.836,14.529,15.618,13.929,10.462,10.488
20241115095551.3,1976.90600417554,17.855,14.552,15.634,13.922,10.464,10.498
20241115095551.8,1977.40600146353,17.869,14.618,15.643,13.934,10.45,10.482
20241115095552.3,1977.90200561285,17.869,14.649,15.629,13.917,10.462,10.478
20241115095552.8,1978.40600609779,17.877,14.604,15.657,13.932,10.452,10.472
20241115095553.3,1978.90200018883,17.921,14.501,15.653,13.936,10.448,10.488
20241115095553.9,1979.52300868928,17.843,14.546,15.669,13.917,10.47,10.486
20241115095554.4,1980.02300597727,17.735,14.558,15.701,13.929,10.45,10.496
20241115095554.9,1980.52700646222,17.711,14.598,15.653,13.933,10.46,10.519
20241115095555.4,1981.02300055325,17.701,14.655,15.669,13.936,10.466,10.492
20241115095555.9,1981.52300789952,17.715,14.703,15.653,13.936,10.464,10.506
20241115095556.4,1982.02300518751,17.634,14.439,15.685,13.929,10.462,10.502
20241115095556.9,1982.5230024755,17.562,14.309,15.703,13.933,10.478,10.517
20241115095557.4,1983.01900662482,17.643,14.267,15.679,13.944,10.472,10.494
20241115095557.9,1983.52300710976,17.636,14.261,15.683,13.913,10.476,10.506
20241115095558.4,1984.02300439775,17.719,14.226,15.709,13.946,10.476,10.494
20241115095558.9,1984.51900854707,17.733,14.441,15.711,13.936,10.442,10.5
20241115095559.4,1985.02300903201,17.778,14.604,15.711,13.938,10.458,10.496
20241115095559.9,1985.51900312304,17.885,14.707,15.727,13.921,10.472,10.496
20241115095600.4,1986.01900041103,17.873,14.479,15.729,13.948,10.476,10.496
20241115095601,1986.53100728989,17.738,14.22,15.697,13.921,10.464,10.492
20241115095601.5,1987.03100457788,17.641,14.154,15.732,13.917,10.464,10.496
20241115095602,1987.53100186586,17.572,13.932,15.707,13.913,10.462,10.494
20241115095602.5,1988.03099915385,17.608,13.853,15.715,13.928,10.448,10.468
20241115095603,1988.5349996388,17.63,13.77,15.713,13.94,10.45,10.502
20241115095603.5,1989.03100378811,17.616,13.78,15.711,13.922,10.464,10.508
20241115095604,1989.5310010761,17.598,13.845,15.723,13.944,10.466,10.482
20241115095604.5,1990.03100842237,17.59,13.839,15.74,13.936,10.448,10.5
20241115095604.9,1990.52700251341,17.481,13.742,15.736,13.926,10.446,10.47
20241115095605.4,1991.02300666273,17.416,13.651,15.73,13.924,10.462,10.494
20241115095605.9,1991.52300395072,17.317,13.635,15.75,13.912,10.448,10.49
20241115095606.5,1992.04300716519,17.311,13.841,15.752,13.916,10.44,10.482
20241115095607,1992.54300445318,17.338,13.802,15.736,13.916,10.439,10.478
20241115095607.5,1993.04700493813,17.318,13.627,15.742,13.924,10.45,10.46
20241115095608,1993.54700222611,17.215,13.499,15.748,13.94,10.443,10.47
20241115095608.5,1994.0469995141,17.186,13.338,15.774,13.904,10.441,10.464
20241115095609,1994.54700686038,17.15,13.257,15.756,13.893,10.445,10.474
20241115095609.5,1995.05100734532,17.152,13.229,15.764,13.912,10.454,10.476
20241115095610,1995.55100463331,17.231,13.134,15.778,13.916,10.452,10.46
20241115095610.5,1996.05500511825,17.237,13.164,15.786,13.908,10.423,10.464
20241115095611,1996.55500240624,17.269,13.108,15.774,13.91,10.454,10.458
20241115095611.5,1997.05800712109,17.289,13.116,15.776,13.912,10.452,10.476
20241115095612,1997.57400713861,17.32,13.148,15.782,13.904,10.439,10.49
20241115095612.5,1998.0740044266,17.235,13.043,15.782,13.908,10.456,10.466
20241115095613,1998.57000857592,17.134,13.023,15.788,13.918,10.448,10.47
20241115095613.5,1999.07400906086,17.037,13.16,15.809,13.897,10.439,10.472
20241115095614,1999.57400634885,17.035,12.998,15.809,13.916,10.45,10.472
20241115095614.5,2000.07400363684,16.968,12.992,15.813,13.916,10.445,10.48
20241115095615,2000.57400092483,16.95,13.025,15.839,13.932,10.448,10.464
20241115095615.5,2001.0740082711,17.013,13.067,15.847,13.92,10.46,10.468
20241115095616,2001.57400555909,17.16,13.249,15.839,13.916,10.454,10.464
20241115095616.5,2002.07400284708,17.267,13.487,15.859,13.932,10.431,10.462
20241115095617,2002.57400013506,17.348,13.663,15.857,13.932,10.437,10.456
20241115095617.5,2003.07400748134,17.54,13.764,15.867,13.932,10.433,10.464
20241115095618,2003.57400476933,17.657,13.829,15.875,13.954,10.433,10.482
20241115095618.5,2004.0940079838,17.613,13.897,15.901,13.964,10.437,10.49
20241115095619,2004.60900217295,17.57,14.126,15.913,13.966,10.442,10.484
20241115095619.5,2005.10500632226,17.481,14.346,15.889,13.942,10.45,10.47
20241115095620,2005.60500361025,17.388,14.483,15.897,13.94,10.437,10.486
20241115095620.5,2006.10500089824,17.342,14.503,15.92,13.928,10.458,10.478
20241115095621,2006.60500824451,17.449,14.209,15.914,13.936,10.437,10.48
20241115095621.5,2007.1050055325,17.354,14.043,15.908,13.94,10.433,10.458
20241115095622,2007.60900601745,17.322,14.194,15.934,13.938,10.445,10.46
20241115095622.6,2008.12899917364,17.243,14.103,15.94,13.912,10.45,10.482
20241115095623.1,2008.64400342107,17.277,13.859,15.93,13.93,10.433,10.48
20241115095623.6,2009.14800390601,17.32,14.015,15.936,13.915,10.436,10.469
20241115095624.1,2009.65200439095,17.313,14.002,15.943,13.929,10.432,10.469
20241115095624.6,2010.14800854027,17.313,14.014,15.961,13.929,10.454,10.478
20241115095625.1,2010.64400263131,17.469,14.011,15.942,13.926,10.452,10.47
20241115095625.6,2011.13699935377,17.467,14.261,15.956,13.944,10.458,10.47
20241115095626.1,2011.63700670004,17.453,14.211,15.944,13.942,10.46,10.472
20241115095626.6,2012.13700398803,17.526,14.067,15.97,13.952,10.431,10.48
20241115095627.1,2012.64100447297,17.574,13.895,15.992,13.94,10.439,10.45
20241115095627.6,2013.14100176096,17.542,13.912,15.98,13.944,10.452,10.492
20241115095628.1,2013.63700591028,17.528,13.752,15.98,13.936,10.441,10.45
20241115095628.6,2014.13700319827,17.415,13.718,15.988,13.942,10.462,10.472
20241115095629.1,2014.63700048625,17.352,13.633,15.986,13.94,10.445,10.488
20241115095629.6,2015.13300463557,17.328,13.528,15.998,13.938,10.441,10.482
20241115095630.1,2015.63300192356,17.295,13.384,16.004,13.948,10.462,10.486
20241115095630.6,2016.13299921155,17.267,13.239,16,13.938,10.443,10.482
20241115095631.1,2016.63300655782,17.188,13.071,16.007,13.921,10.438,10.469
20241115095631.6,2017.13700704277,17.129,12.949,16.026,13.937,10.436,10.477
20241115095632.1,2017.6330011338,17.096,12.965,16.008,13.929,10.434,10.467
20241115095632.6,2018.12900528312,17.054,13.052,16.02,13.931,10.438,10.481
20241115095633.1,2018.62900257111,17.056,13.046,16.02,13.933,10.446,10.473
20241115095633.6,2019.12899985909,17.06,13.07,16.016,13.919,10.426,10.479
20241115095634,2019.62500400841,17.056,13.129,16.05,13.945,10.45,10.485
20241115095634.5,2020.1250012964,17.012,13.091,16.036,13.939,10.446,10.448
20241115095635,2020.62500864267,16.983,13.416,16.042,13.927,10.434,10.483
20241115095635.5,2021.12500593066,17.024,13.507,16.06,13.943,10.426,10.463
20241115095636,2021.62500321865,17.072,13.485,16.068,13.947,10.424,10.456
20241115095636.5,2022.12500050664,17.046,13.373,16.072,13.947,10.434,10.458
20241115095637,2022.62500785291,17.093,13.307,16.082,13.947,10.434,10.467
20241115095637.6,2023.12900833786,17.135,13.476,16.099,13.933,10.43,10.461
20241115095638.1,2023.62900562584,17.181,13.408,16.095,13.921,10.414,10.471
20241115095638.6,2024.14399981499,17.188,13.194,16.099,13.933,10.43,10.479
20241115095639.1,2024.6409997344,17.183,13.386,16.119,13.935,10.432,10.481
20241115095639.6,2025.14400444925,17.121,13.517,16.105,13.945,10.41,10.452
20241115095640.1,2025.64400173724,17.186,13.573,16.127,13.947,10.45,10.469
20241115095640.7,2026.26900337636,17.248,13.329,16.121,13.949,10.438,10.473
20241115095641.2,2026.76600329578,17.305,13.182,16.139,13.947,10.432,10.465
20241115095641.7,2027.26900801063,17.303,13.046,16.143,13.949,10.442,10.487
20241115095642.2,2027.77300849557,17.264,13.117,16.149,13.953,10.448,10.469
20241115095642.7,2028.27300578356,17.297,13.236,16.179,13.965,10.436,10.483
20241115095643.2,2028.76899987459,17.418,13.741,16.192,13.963,10.422,10.471
20241115095643.7,2029.26900722086,17.628,14.107,16.179,13.953,10.426,10.493
20241115095644.2,2029.77300770581,17.68,14.377,16.2,13.953,10.438,10.473
20241115095644.7,2030.2730049938,17.676,14.588,16.224,13.953,10.43,10.467
20241115095645.2,2030.76900914311,17.656,14.729,16.226,13.939,10.44,10.479
20241115095645.7,2031.28499910235,17.579,14.836,16.248,13.949,10.426,10.467
20241115095646.2,2031.78500644863,17.511,14.937,16.242,13.947,10.408,10.461
20241115095646.7,2032.28100053966,17.472,15.02,16.268,13.963,10.438,10.463
20241115095647.2,2032.78100788593,17.523,15.08,16.292,13.949,10.426,10.469
20241115095647.7,2033.29700790346,17.589,14.996,16.272,13.945,10.444,10.45
20241115095648.2,2033.79700519145,17.587,14.763,16.292,13.959,10.44,10.473
20241115095648.7,2034.29700247943,17.656,14.369,16.297,13.953,10.455,10.469
20241115095649.2,2034.79300662875,17.589,14.179,16.307,13.953,10.453,10.487
20241115095649.7,2035.2970071137,17.478,14.173,16.327,13.963,10.442,10.485
20241115095650.2,2035.79300120473,17.39,14.109,16.301,13.945,10.438,10.465
20241115095650.7,2036.28100901842,17.363,14.093,16.319,13.953,10.422,10.477
20241115095651.2,2036.79300583899,17.446,14.012,16.331,13.949,10.448,10.475
20241115095651.7,2037.3009994626,17.454,13.998,16.333,13.949,10.448,10.465
20241115095652.2,2037.81600371003,17.355,14.185,16.353,13.949,10.446,10.465
20241115095652.7,2038.31600099802,17.385,14.351,16.341,13.961,10.453,10.483
20241115095653.2,2038.82000148296,17.284,14.167,16.353,13.951,10.446,10.469
20241115095653.7,2039.32400196791,17.141,13.876,16.363,13.961,10.438,10.493
20241115095654.2,2039.8239992559,17.036,13.674,16.367,13.937,10.426,10.473
20241115095654.7,2040.32400660217,16.895,13.462,16.369,13.935,10.434,10.477
20241115095655.2,2040.8200006932,16.852,13.846,16.379,13.929,10.436,10.457
20241115095655.7,2041.31600484252,16.87,13.915,16.393,13.947,10.446,10.485
20241115095656.2,2041.80800579488,16.838,13.832,16.4,13.947,10.44,10.471
20241115095656.7,2042.30800308287,16.919,13.733,16.39,13.945,10.422,10.479
20241115095657.2,2042.80800037086,17,13.664,16.394,13.947,10.43,10.461
20241115095657.7,2043.30800771713,16.907,13.519,16.416,13.941,10.44,10.475
20241115095658.2,2043.80800500512,16.943,13.416,16.432,13.961,10.446,10.463
20241115095658.7,2044.31200549006,16.951,13.289,16.434,13.929,10.438,10.465
20241115095659.2,2044.81200277805,16.923,13.285,16.438,13.933,10.436,10.475
20241115095659.7,2045.30800692737,16.909,13.27,16.452,13.937,10.432,10.483
20241115095700.2,2045.80800421536,16.858,13.281,16.46,13.959,10.44,10.475
20241115095700.7,2046.30800150335,16.856,13.254,16.46,13.941,10.454,10.467
20241115095701.2,2046.81200198829,16.818,13.26,16.484,13.939,10.42,10.469
20241115095701.8,2047.32800200582,16.785,13.137,16.482,13.945,10.448,10.477
20241115095702.3,2047.8279992938,16.737,13.131,16.487,13.953,10.465,10.477
20241115095702.8,2048.32800664008,16.723,13.072,16.497,13.947,10.44,10.479
20241115095703.2,2048.82000759244,16.723,13.171,16.477,13.951,10.422,10.475
20241115095703.7,2049.30800534785,16.725,13.23,16.523,13.951,10.418,10.464
20241115095704.2,2049.81200583279,16.713,13.182,16.531,13.947,10.432,10.477
20241115095704.7,2050.30799992383,16.753,13.167,16.537,13.957,10.432,10.481
20241115095705.2,2050.81200040877,16.703,13.279,16.509,13.957,10.448,10.471
20241115095705.7,2051.31600089371,16.707,13.361,16.551,13.965,10.436,10.479
20241115095706.3,2051.83200091124,16.771,13.359,16.541,13.951,10.444,10.475
20241115095706.8,2052.32800506055,16.689,13.264,16.561,13.963,10.438,10.473
20241115095707.3,2052.83600874245,16.707,13.137,16.598,13.963,10.438,10.467
20241115095707.7,2053.32400649786,16.784,13.079,16.588,13.967,10.426,10.469
20241115095708.3,2053.8280069828,16.802,13.008,16.594,13.959,10.436,10.469
20241115095708.8,2054.32800427079,16.862,12.941,16.622,13.967,10.428,10.464
20241115095709.2,2054.82400842011,16.897,12.972,16.636,13.953,10.44,10.46
20241115095709.7,2055.3240057081,16.917,13.058,16.626,13.974,10.45,10.458
20241115095710.3,2055.82800619304,17,12.986,16.642,13.982,10.43,10.475
20241115095710.8,2056.32800348103,17.066,12.968,16.673,13.978,10.44,10.487
20241115095711.2,2056.82400763035,17.157,12.927,16.717,13.986,10.438,10.473
20241115095711.8,2057.32800811529,17.287,12.871,16.723,13.992,10.42,10.444
20241115095712.3,2057.82800540328,17.416,13.028,16.735,13.99,10.442,10.46
20241115095712.8,2058.32800269127,17.44,13.228,16.749,13.982,10.45,10.454
20241115095713.3,2058.83200317621,17.474,13.355,16.782,13.984,10.438,10.471
20241115095713.8,2059.33600366116,17.472,13.523,16.792,13.97,10.44,10.464
20241115095714.3,2059.8400041461,17.42,13.646,16.778,13.957,10.446,10.479
20241115095714.8,2060.35500839353,17.436,13.858,16.816,13.978,10.432,10.487
20241115095715.3,2060.85500568151,17.462,13.961,16.824,13.953,10.428,10.469
20241115095715.8,2061.3550029695,17.41,13.998,16.844,13.974,10.452,10.471
20241115095716.3,2061.85500025749,17.392,13.957,16.862,13.974,10.428,10.46
20241115095716.8,2062.36300393939,17.388,13.943,16.868,13.976,10.45,10.467
20241115095717.3,2062.85900808871,17.45,14.099,16.881,13.965,10.43,10.464
20241115095717.8,2063.3590053767,17.43,14.111,16.899,13.99,10.45,10.46
20241115095718.3,2063.87100219727,17.434,14.365,16.909,13.974,10.456,10.467
20241115095718.8,2064.38700221479,17.513,14.626,16.933,13.992,10.448,10.464
20241115095719.3,2064.88300636411,17.428,14.741,16.951,13.978,10.424,10.483
20241115095719.8,2065.3830036521,17.485,14.503,16.965,13.982,10.446,10.477
20241115095720.3,2065.88300094008,17.46,14.163,16.974,13.986,10.432,10.475
20241115095720.8,2066.38300828636,17.363,14.297,16.99,13.99,10.434,10.471
20241115095721.3,2066.87900237739,17.339,14.046,17.016,14,10.432,10.471
20241115095721.8,2067.37899966538,17.365,13.669,17.05,14.006,10.462,10.462
20241115095722.3,2067.8750038147,17.392,13.784,17.042,14.002,10.432,10.464
20241115095722.8,2068.37900429964,17.491,13.776,17.087,13.994,10.422,10.473
20241115095723.3,2068.87900158763,17.475,13.875,17.109,13.986,10.432,10.483
20241115095723.8,2069.38300207257,17.424,14.149,17.115,13.974,10.436,10.479
20241115095724.3,2069.87900622189,17.444,14.327,17.107,13.968,10.426,10.46
20241115095724.8,2070.3869998455,17.378,14.01,17.129,13.978,10.446,10.471
20241115095725.3,2070.89800089598,17.319,13.899,17.151,13.976,10.434,10.475
20241115095725.8,2071.39800824225,17.279,13.802,17.141,13.984,10.438,10.477
20241115095726.3,2071.89400233328,17.202,13.717,17.155,13.99,10.426,10.477
20241115095726.8,2072.40200601518,17.135,13.58,17.19,13.98,10.434,10.467
20241115095727.3,2072.90200330317,17.077,13.555,17.206,13.99,10.442,10.448
20241115095727.8,2073.40200059116,17.064,13.347,17.21,13.994,10.44,10.477
20241115095728.3,2073.9060010761,17.036,13.204,17.232,14.002,10.434,10.456
20241115095728.8,2074.40200522542,17.022,13.056,17.25,14.006,10.426,10.462
20241115095729.3,2074.90200251341,17.032,12.933,17.281,14.008,10.45,10.467
20241115095729.8,2075.39800666273,16.986,12.895,17.299,14.01,10.456,10.475
20241115095730.3,2075.89800395072,17,13.242,17.323,14.006,10.438,10.473
20241115095730.8,2076.3980012387,16.996,13.382,17.327,14.006,10.428,10.469
20241115095731.3,2076.89400538802,17.028,13.531,17.351,13.988,10.446,10.46
20241115095731.8,2077.39400267601,17.103,13.86,17.376,14.018,10.44,10.471
20241115095732.3,2077.89100259542,17.309,14.121,17.4,14.014,10.44,10.471
20241115095732.8,2078.39099988341,17.42,14.335,17.43,14.02,10.44,10.45
20241115095733.3,2078.89100722969,17.339,14.503,17.43,14.032,10.438,10.469
20241115095733.8,2079.39100451767,17.206,14.606,17.45,14.02,10.446,10.471
20241115095734.3,2079.89100180566,17.313,14.685,17.458,14.024,10.42,10.464
20241115095734.8,2080.39100915194,17.489,14.767,17.491,14.02,10.438,10.477
20241115095735.3,2080.89100643992,17.569,14.84,17.531,14.024,10.44,10.477
20241115095735.8,2081.38700053096,17.598,14.941,17.569,14.028,10.446,10.471
20241115095736.3,2081.88700787723,17.472,15.044,17.598,14.014,10.434,10.489
20241115095736.8,2082.39100836217,17.42,14.988,17.61,14.02,10.436,10.462
20241115095737.3,2082.89400301874,17.396,14.99,17.628,14.028,10.43,10.464
20241115095737.8,2083.39800350368,17.347,15.024,17.638,14.038,10.444,10.477
20241115095738.3,2083.90200398862,17.343,15.01,17.654,14.038,10.436,10.479
20241115095738.8,2084.40200127661,17.254,14.584,17.695,14.014,10.444,10.462
20241115095739.3,2084.91400815547,17.139,14.384,17.699,14.022,10.446,10.481
20241115095739.8,2085.41800864041,17.028,14.432,17.723,14.014,10.442,10.467
20241115095740.3,2085.92199906707,16.998,14.402,17.717,14.044,10.448,10.454
20241115095740.8,2086.42200641334,17.032,14.345,17.741,14.03,10.45,10.477
20241115095741.3,2086.92200370133,17.062,14.388,17.765,14.012,10.44,10.464
20241115095741.8,2087.42200098932,17.018,14.446,17.794,14.03,10.436,10.444
20241115095742.3,2087.92200833559,16.937,14.539,17.798,14.016,10.422,10.467
20241115095742.9,2088.44900205731,16.872,14.638,17.828,14.016,10.434,10.475
20241115095743.4,2088.94500620663,16.852,14.628,17.824,14.026,10.438,10.469
20241115095743.9,2089.44500349462,16.832,14.685,17.856,14.024,10.458,10.46
20241115095744.4,2089.94100764394,16.87,14.711,17.874,14.028,10.438,10.462
20241115095744.9,2090.45700766146,16.969,14.658,17.899,14.01,10.428,10.464
20241115095745.4,2090.95700494945,17.006,14.21,17.923,14.022,10.436,10.481
20241115095745.9,2091.45300909877,16.937,13.808,17.955,14.02,10.44,10.464
20241115095746.4,2091.9490031898,16.917,13.723,17.965,14.004,10.434,10.487
20241115095746.9,2092.44900047779,16.87,13.662,17.973,14.02,10.42,10.471
20241115095747.4,2092.95700415969,16.838,13.614,17.996,14,10.424,10.477
20241115095747.9,2093.46100464463,16.864,13.434,18.014,13.994,10.442,10.46
20241115095748.4,2093.9730014652,16.862,13.408,18.022,14.008,10.434,10.464
20241115095748.9,2094.48800571263,16.828,13.414,18.042,14.022,10.44,10.475
20241115095749.4,2094.98800300062,16.763,13.458,18.079,14.004,10.436,10.471
20241115095749.9,2095.52300311625,16.725,13.392,18.091,14.01,10.446,10.485
20241115095750.4,2096.02300040424,16.67,13.252,18.119,14.026,10.436,10.477
20241115095750.9,2096.52700088918,16.634,13.056,18.147,13.994,10.43,10.446
20241115095751.5,2097.03900776803,16.61,13.014,18.182,14.014,10.44,10.462
20241115095752,2097.55800515413,16.636,12.82,18.175,14,10.462,10.475
20241115095752.5,2098.05800244212,16.642,12.737,18.206,14.02,10.438,10.487
20241115095753,2098.55500236154,16.614,12.646,18.242,14.006,10.436,10.46
20241115095753.5,2099.07000660896,16.614,12.624,18.256,14.016,10.432,10.467
20241115095754,2099.57000389695,16.574,12.697,18.291,14.02,10.456,10.473
20241115095754.5,2100.06600804627,16.571,12.951,18.295,13.994,10.444,10.479
20241115095755,2100.57000853121,16.58,13.137,18.335,14.01,10.422,10.483
20241115095755.5,2101.06600262225,16.614,13.206,18.359,14,10.436,10.495
20241115095756,2101.57000310719,16.586,13.309,18.38,14.026,10.442,10.483
20241115095756.5,2102.07400359213,16.606,13.357,18.402,14.006,10.424,10.458
20241115095757,2102.57000774145,16.644,13.325,18.456,14.036,10.444,10.462
20241115095757.5,2103.07000502944,16.64,13.38,18.476,14.034,10.444,10.475
20241115095758,2103.58600504696,16.622,13.497,18.501,14.018,10.442,10.483
20241115095758.5,2104.08600233495,16.567,13.561,18.575,14.024,10.438,10.477
20241115095759,2104.58599962294,16.608,13.816,18.626,14.046,10.44,10.464
20241115095759.5,2105.08600696921,16.626,14.048,18.674,14.028,10.432,10.483
20241115095800,2105.58200106025,16.818,14.254,18.689,14.022,10.424,10.475
20241115095800.5,2106.10100850463,16.917,14.438,18.751,14.03,10.418,10.467
20241115095801,2106.59800842404,16.935,14.592,18.765,14.022,10.44,10.479
20241115095801.5,2107.09800571203,16.984,14.703,18.82,14.028,10.434,10.469
20241115095802,2107.59800300002,17.008,14.84,18.844,14.024,10.444,10.471
20241115095802.5,2108.11300724745,17.099,14.893,18.876,14.044,10.464,10.473
20241115095803,2108.61300453544,17.089,14.774,18.881,14.016,10.454,10.464
20241115095803.5,2109.11300182343,17.119,14.456,18.889,14.014,10.44,10.475
20241115095804,2109.61299911141,17.068,14.079,18.895,14.038,10.452,10.479
20241115095804.6,2110.12900918722,17.05,13.85,18.953,14.048,10.44,10.475
20241115095805.1,2110.62900647521,16.978,13.569,18.98,14.032,10.45,10.469
20241115095805.6,2111.1290037632,16.905,13.347,19.004,14.034,10.438,10.487
20241115095806.1,2111.64400801063,16.907,13.147,19.068,14.036,10.44,10.471
20241115095806.6,2112.14100793004,16.929,12.986,19.072,14.034,10.434,10.475
20241115095807.1,2112.63700202107,16.953,12.899,19.109,14.06,10.436,10.491
20241115095807.6,2113.13699930906,16.963,12.862,19.147,14.056,10.438,10.483
20241115095808.1,2113.64400722086,16.998,12.808,19.178,14.05,10.442,10.493
20241115095808.6,2114.16000723839,16.994,12.741,19.232,14.05,10.434,10.481
20241115095809.1,2114.65600132942,17.04,12.632,19.27,14.056,10.446,10.481
20241115095809.6,2115.16000181437,17.046,12.551,19.285,14.058,10.438,10.487
20241115095810.1,2115.65600596368,17.095,12.517,19.339,14.036,10.442,10.469
20241115095810.6,2116.16000644863,17.125,12.466,19.377,14.064,10.452,10.489
20241115095811.1,2116.65600053966,17.083,12.432,19.41,14.048,10.448,10.487
20241115095811.6,2117.15600788593,17.058,12.681,19.448,14.052,10.452,10.481
20241115095812.1,2117.65600517392,17.074,12.866,19.476,14.056,10.436,10.495
20241115095812.6,2118.15600246191,17.139,12.721,19.523,14.054,10.46,10.477
20241115095813.1,2118.6559997499,17.256,12.711,19.549,14.06,10.458,10.477
20241115095813.6,2119.1640034318,17.309,12.759,19.6,14.05,10.456,10.483
20241115095814.1,2119.66400071979,17.105,12.804,19.636,14.056,10.44,10.475
20241115095814.6,2120.18000073731,17.044,12.687,19.66,14.064,10.452,10.467
20241115095815.1,2120.69100178778,17.095,12.584,19.711,14.056,10.454,10.483
20241115095815.6,2121.19100913405,17.101,12.464,19.741,14.068,10.448,10.473
20241115095816.1,2121.69100642204,17.143,12.644,19.786,14.036,10.46,10.483
20241115095816.6,2122.20700643957,17.074,12.697,19.826,14.046,10.456,10.475
20241115095817.1,2122.7030005306,17.024,12.735,19.852,14.048,10.438,10.483
20241115095817.6,2123.20300787687,16.947,12.675,19.899,14.032,10.464,10.493
20241115095818.1,2123.69900196791,16.933,12.62,19.933,14.068,10.45,10.477
20241115095818.6,2124.20300245285,16.842,12.531,19.945,14.069,10.446,10.46
20241115095819.1,2124.70700293779,16.866,12.545,19.988,14.036,10.446,10.477
20241115095819.6,2125.20700022578,16.913,12.58,20.054,14.04,10.442,10.477
20241115095820.1,2125.70700757205,16.905,12.582,20.076,14.04,10.45,10.481
20241115095820.6,2126.20700486004,16.873,12.568,20.123,14.046,10.452,10.485
20241115095821.1,2126.70700214803,16.887,12.464,20.167,14.064,10.452,10.475
20241115095821.6,2127.21100263298,16.866,12.436,20.224,14.056,10.448,10.477
20241115095822.1,2127.71099992096,16.818,12.471,20.26,14.058,10.45,10.483
20241115095822.6,2128.21500040591,16.755,12.372,20.295,14.036,10.444,10.479
20241115095823.1,2128.72600145638,16.697,12.689,20.335,14.073,10.452,10.489
20241115095823.7,2129.23800833523,16.691,12.711,20.367,14.046,10.446,10.481
20241115095824.2,2129.74200882018,16.697,12.689,20.404,14.052,10.442,10.485
20241115095824.7,2130.24200610816,16.632,12.923,20.456,14.064,10.454,10.495
20241115095825.2,2130.74200339615,16.571,12.885,20.499,14.056,10.469,10.495
20241115095825.7,2131.25800341368,16.569,12.929,20.539,14.058,10.452,10.473
20241115095826.2,2131.75800070167,16.537,12.897,20.61,14.066,10.446,10.475
20241115095826.7,2132.26200118661,16.545,12.812,20.648,14.064,10.45,10.483
20241115095827.2,2132.76200853288,16.557,12.753,20.687,14.058,10.424,10.485
20241115095827.7,2133.27700272202,16.549,12.786,20.741,14.054,10.438,10.483
20241115095828.2,2133.77700001001,16.523,13.056,20.796,14.058,10.452,10.483
20241115095828.7,2134.28100049496,16.487,13.056,20.828,14.058,10.438,10.493
20241115095829.2,2134.77700464427,16.507,13.133,20.909,14.054,10.448,10.467
20241115095829.7,2135.28900146484,16.501,13.406,20.953,14.079,10.448,10.491
20241115095830.2,2135.80500148237,16.559,13.606,21.044,14.075,10.46,10.471
20241115095830.7,2136.32000572979,16.592,13.365,21.103,14.064,10.454,10.481
20241115095831.2,2136.82400621474,16.66,13.428,21.157,14.079,10.46,10.491
20241115095831.8,2137.32800669968,16.727,13.64,21.2,14.083,10.446,10.485
20241115095832.3,2137.83200718462,16.83,13.947,21.248,14.064,10.45,10.495
20241115095832.8,2138.34400400519,16.804,14.206,21.307,14.087,10.448,10.481
20241115095833.3,2138.84000815451,16.842,14.396,21.375,14.099,10.452,10.477
20241115095833.8,2139.3400054425,16.877,14.519,21.43,14.064,10.446,10.475
20241115095834.3,2139.84400592744,16.858,14.638,21.474,14.066,10.446,10.479
20241115095834.8,2140.35100378096,16.911,14.687,21.527,14.058,10.448,10.483
20241115095835.3,2140.85900746286,16.84,14.61,21.596,14.064,10.45,10.471
20241115095835.8,2141.35900475085,16.832,14.331,21.632,14.046,10.467,10.473
20241115095836.3,2141.85900203884,16.826,14.293,21.687,14.081,10.43,10.471
20241115095836.8,2142.36300252378,16.804,14.008,21.747,14.093,10.458,10.471
20241115095837.3,2142.86700300872,16.804,13.814,21.822,14.073,10.46,10.469
20241115095837.8,2143.36300715804,16.765,13.654,21.87,14.085,10.44,10.464
20241115095838.3,2143.86300444603,16.804,13.464,21.953,14.093,10.434,10.495
20241115095838.8,2144.36300173402,16.85,13.281,22.004,14.079,10.438,10.473
20241115095839.3,2144.86299902201,16.879,13.004,22.087,14.095,10.456,10.475
20241115095839.8,2145.39400599897,17.002,12.862,22.15,14.089,10.46,10.487
20241115095840.3,2145.89400328696,16.986,12.806,22.227,14.069,10.464,10.467
20241115095840.8,2146.39100320637,16.967,12.759,22.282,14.083,10.444,10.491
20241115095841.3,2146.89400792122,16.883,12.731,22.35,14.071,10.434,10.479
20241115095841.8,2147.39100784063,16.846,12.848,22.417,14.095,10.458,10.473
20241115095842.3,2147.8940024972,16.765,12.97,22.489,14.107,10.448,10.464
20241115095842.8,2148.39399978518,16.763,12.974,22.53,14.089,10.44,10.469
20241115095843.3,2148.90600666404,16.723,13.091,22.605,14.113,10.452,10.464
20241115095843.8,2149.40600395203,16.689,13.325,22.738,14.089,10.458,10.501
20241115095844.3,2149.91000443697,16.638,13.469,22.889,14.087,10.448,10.475
20241115095844.8,2150.41000172496,16.707,13.551,22.959,14.091,10.452,10.479
20241115095845.3,2150.90999901295,16.786,13.677,23.002,14.107,10.434,10.469
20241115095845.8,2151.40600316226,16.901,13.826,23.089,14.083,10.471,10.467
20241115095846.4,2151.93700008094,16.927,13.982,23.177,14.121,10.456,10.475
20241115095846.9,2152.45300009847,16.967,13.97,23.277,14.077,10.442,10.483
20241115095847.4,2152.94900424778,17.091,14.125,23.345,14.107,10.452,10.46
20241115095847.9,2153.4450083971,17.143,14.327,23.427,14.091,10.456,10.477
20241115095848.4,2153.9650015533,17.182,14.495,23.5,14.064,10.454,10.483
20241115095848.9,2154.46100570261,17.214,14.576,23.557,14.097,10.45,10.467
20241115095849.4,2154.9610029906,17.244,14.675,23.613,14.097,10.46,10.473
20241115095849.9,2155.47600723803,17.23,14.689,23.709,14.097,10.44,10.479
20241115095850.4,2155.97600452602,17.153,14.618,23.76,14.107,10.45,10.481
20241115095850.9,2156.47300444543,17.068,14.61,23.85,14.101,10.442,10.469
20241115095851.4,2156.97300173342,17.008,14.578,23.937,14.103,10.448,10.477
20241115095851.9,2157.47600644827,16.895,14.656,24.06,14.105,10.454,10.481
20241115095852.4,2157.97300636768,16.852,14.763,24.16,14.115,10.448,10.479
20241115095852.9,2158.47300365567,16.846,14.846,24.248,14.103,10.444,10.489
20241115095853.4,2158.97300094366,16.935,14.78,24.326,14.099,10.436,10.46
20241115095853.9,2159.47600565851,16.953,14.636,24.407,14.099,10.44,10.477
20241115095854.4,2159.98800247908,16.976,14.614,24.522,14.121,10.44,10.487
20241115095854.9,2160.5040024966,16.965,14.477,24.626,14.123,10.454,10.46
20241115095855.4,2161.00399978459,16.933,14.24,24.699,14.097,10.438,10.469
20241115095855.9,2161.50400713086,16.992,14.147,24.802,14.105,10.45,10.462
20241115095856.4,2162.00400441885,17.032,14.05,24.889,14.097,10.448,10.467
20241115095856.9,2162.50400170684,17.109,14.034,24.961,14.105,10.44,10.485
20241115095857.4,2163.00399899483,17.079,14.186,25.075,14.111,10.448,10.469
20241115095857.9,2163.5040063411,17.093,14.285,25.155,14.093,10.46,10.464
20241115095858.4,2164.00000043213,17.125,14.335,25.257,14.081,10.469,10.487
20241115095858.9,2164.50800411403,16.996,14.299,25.345,14.101,10.44,10.485
20241115095859.4,2165.01200459898,17,14.262,25.443,14.083,10.438,10.464
20241115095860,2165.53900837898,17.115,14.222,25.545,14.097,10.45,10.467
20241115095900.5,2166.0470020026,17.143,14.109,25.631,14.097,10.436,10.473
20241115095901,2166.54699929059,17.111,14.085,25.731,14.107,10.432,10.469
20241115095901.5,2167.04700663686,17.038,13.982,25.836,14.105,10.456,10.477
20241115095902,2167.54700392485,17.066,13.842,25.936,14.087,10.444,10.462
20241115095902.5,2168.04300807416,17.068,13.812,26.048,14.091,10.428,10.477
20241115095903,2168.54300536215,17.038,13.832,26.162,14.089,10.45,10.473
20241115095903.5,2169.0470058471,17.123,13.81,26.258,14.091,10.45,10.458
20241115095904,2169.54700313509,17.089,13.691,26.371,14.101,10.438,10.475
20241115095904.5,2170.05800418556,17.097,13.551,26.502,14.115,10.45,10.458
20241115095905,2170.5620046705,17.21,13.436,26.634,14.121,10.442,10.489
20241115095905.5,2171.06200195849,17.208,13.333,26.755,14.113,10.446,10.479
20241115095906,2171.56600244343,17.194,13.109,26.873,14.121,10.45,10.475
20241115095906.5,2172.06599973142,17.214,13.044,26.986,14.109,10.448,10.452
20241115095907,2172.56600707769,17.173,13.299,27.084,14.105,10.428,10.458
20241115095907.5,2173.06600436568,17.291,13.044,27.219,14.103,10.448,10.483
20241115095908,2173.58200438321,17.315,12.927,27.35,14.107,10.444,10.473
20241115095908.5,2174.0820016712,17.315,12.804,27.497,14.087,10.448,10.46
20241115095909,2174.57800582051,17.137,12.673,27.615,14.097,10.44,10.471
20241115095909.5,2175.10900273919,16.957,12.608,27.721,14.113,10.444,10.485
20241115095910,2175.62500275671,16.82,12.521,27.856,14.109,10.448,10.475
20241115095910.6,2176.12900324166,16.731,12.444,27.969,14.105,10.43,10.469
20241115095911.1,2176.65600702167,16.658,12.515,28.136,14.121,10.436,10.471
20241115095911.7,2177.27700546384,16.569,12.788,28.291,14.123,10.467,10.477
20241115095912.2,2177.77700275183,16.559,12.891,28.426,14.093,10.448,10.467
20241115095912.7,2178.30500230193,16.563,13.02,28.575,14.117,10.418,10.464
20241115095913.2,2178.80499958992,16.565,13.311,28.812,14.131,10.456,10.499
20241115095913.7,2179.30500693619,16.618,13.454,29.003,14.125,10.436,10.479
20241115095914.2,2179.80500422418,16.646,13.468,29.197,14.133,10.462,10.477
20241115095914.7,2180.31600527465,16.58,13.434,29.536,14.115,10.444,10.46
20241115095915.2,2180.81600256264,16.685,13.319,29.611,14.131,10.46,10.446
20241115095915.7,2181.31599985063,16.858,13.248,29.773,14.127,10.456,10.481
20241115095916.3,2181.83600306511,17,13.188,29.926,14.117,10.446,10.467
20241115095916.8,2182.34799988568,17.091,13.151,30.067,14.115,10.442,10.469
20241115095917.3,2182.84800723195,17.081,13.167,30.286,14.147,10.467,10.487
20241115095917.8,2183.35900828242,17.012,13.168,30.498,14.135,10.446,10.471
20241115095918.3,2183.85900557041,16.961,13.18,30.753,14.137,10.438,10.469
20241115095918.8,2184.3590028584,16.986,13.63,30.999,14.131,10.434,10.493
20241115095919.3,2184.85900014639,17.008,13.933,31.142,14.133,10.436,10.475
20241115095919.8,2185.36300063133,17.016,14.099,31.277,14.141,10.45,10.469
20241115095920.3,2185.8630079776,17.081,14.184,31.448,14.133,10.442,10.483
20241115095920.8,2186.37500479817,16.921,14.305,31.618,14.137,10.456,10.491
20241115095921.3,2186.88700161874,16.881,14.295,31.779,14.139,10.43,10.481
20241115095921.8,2187.38700896502,16.832,14.135,31.91,14.123,10.454,10.473
20241115095922.3,2187.88300305605,16.717,14.145,32.08,14.109,10.438,10.448
20241115095922.8,2188.39800730348,16.685,14.329,32.27,14.129,10.45,10.458
20241115095923.3,2188.89400139451,16.743,14.273,32.4,14.133,10.444,10.462
20241115095923.8,2189.39400874078,16.753,14.238,32.599,14.125,10.456,10.458
20241115095924.3,2189.89400602877,16.772,13.957,32.76,14.139,10.432,10.475
20241115095924.8,2190.39400331676,16.713,13.658,32.95,14.137,10.44,10.467
20241115095925.3,2190.89400060475,16.677,13.495,33.12,14.133,10.444,10.467
20241115095925.8,2191.39400795102,16.658,13.329,33.307,14.133,10.456,10.479
20241115095926.3,2191.90600477159,16.64,13.325,33.502,14.151,10.45,10.471
20241115095926.8,2192.40600205958,16.65,13.17,33.686,14.151,10.45,10.501
20241115095927.3,2192.9020062089,16.685,13.161,33.878,14.137,10.456,10.491
20241115095927.8,2193.40200349689,16.751,13.064,34.039,14.145,10.458,10.469
20241115095928.3,2193.90200078487,16.83,12.951,34.239,14.153,10.45,10.485
20241115095928.8,2194.40200813115,16.953,13.014,34.427,14.153,10.448,10.475
20241115095929.3,2194.90600861609,16.897,13.036,34.65,14.161,10.428,10.491
20241115095929.8,2195.40999904275,16.846,13.042,34.891,14.157,10.436,10.469
20241115095930.3,2195.90600319207,16.834,13.008,35.071,14.159,10.454,10.475
20241115095930.8,2196.42200320959,16.82,13.026,35.257,14.149,10.456,10.46
20241115095931.4,2196.9490069896,16.816,13.081,35.481,14.139,10.458,10.462
20241115095931.9,2197.46500700712,16.786,13.066,35.729,14.165,10.454,10.481
20241115095932.4,2197.96900749207,16.759,13.075,35.932,14.155,10.464,10.481
20241115095932.9,2198.48000854254,16.749,13.141,36.145,14.155,10.475,10.467
20241115095933.4,2198.99600856006,16.802,13.101,36.384,14.159,10.458,10.491
20241115095933.9,2199.4920026511,16.858,12.963,36.624,14.143,10.44,10.495
20241115095934.4,2199.99600313604,16.915,13.006,36.868,14.137,10.444,10.479
20241115095934.9,2200.49600042403,16.913,13.044,37.086,14.157,10.454,10.477
20241115095935.4,2200.99200457335,16.925,13.155,37.315,14.133,10.45,10.503
20241115095935.9,2201.50400139391,16.895,13.155,37.535,14.163,10.426,10.481
20241115095936.4,2202.01200507581,16.905,13.143,37.779,14.172,10.456,10.489
20241115095936.9,2202.5120023638,16.875,13.058,38.023,14.169,10.46,10.491
20241115095937.4,2203.01199965179,16.86,13.036,38.283,14.159,10.475,10.493
20241115095937.9,2203.51200699806,16.834,12.905,38.558,14.17,10.456,10.491
20241115095938.4,2204.02700118721,16.782,12.818,38.8,14.151,10.456,10.509
20241115095939,2204.53900806606,16.784,12.812,39.053,14.165,10.436,10.481
20241115095939.5,2205.05100488663,16.759,12.755,39.363,14.182,10.446,10.473
20241115095940,2205.56600913405,16.763,12.788,39.626,14.157,10.446,10.491
20241115095940.5,2206.06200322509,16.786,12.745,39.942,14.169,10.469,10.487
20241115095941,2206.57000690699,16.673,12.8,40.197,14.157,10.467,10.487
20241115095941.5,2207.07400739193,16.624,12.784,40.466,14.165,10.456,10.467
20241115095942,2207.57800787687,16.592,12.883,40.726,14.159,10.458,10.477
20241115095942.5,2208.08200836182,16.574,12.848,40.995,14.151,10.452,10.481
20241115095943,2208.59400518239,16.551,12.79,41.301,14.163,10.456,10.485
20241115095943.5,2209.09400247037,16.509,12.994,41.558,14.151,10.456,10.464
20241115095944,2209.59399975836,16.479,12.915,41.827,14.161,10.471,10.489
20241115095944.5,2210.10900400579,16.44,12.81,42.162,14.167,10.446,10.477
20241115095945,2210.60900129378,16.446,12.733,42.615,14.176,10.442,10.485
20241115095945.5,2211.10900864005,16.438,12.766,42.9,14.176,10.456,10.491
20241115095946,2211.60900592804,16.436,12.927,43.233,14.167,10.456,10.497
20241115095946.5,2212.12500594556,16.434,13.046,43.587,14.169,10.471,10.499
20241115095947,2212.62500323355,16.537,13.188,43.887,14.169,10.462,10.497
20241115095947.6,2213.1290037185,16.64,13.311,44.22,14.18,10.46,10.495
20241115095948.1,2213.64100053906,16.567,13.333,44.518,14.178,10.436,10.499
20241115095948.6,2214.14100788534,16.485,13.406,44.816,14.163,10.448,10.497
20241115095949.1,2214.6440025419,16.477,13.471,45.149,14.17,10.471,10.485
20241115095949.6,2215.16000255942,16.549,13.424,45.531,14.159,10.462,10.479
20241115095950.1,2215.67600257695,16.61,13.301,45.986,14.186,10.469,10.495
20241115095950.6,2216.18700362742,16.616,13.23,46.388,14.17,10.456,10.495
20241115095951.1,2216.70300364494,16.652,13.058,46.923,14.178,10.456,10.485
20241115095951.6,2217.20300093293,16.672,12.852,47.348,14.19,10.448,10.481
20241115095952.1,2217.71500781178,16.709,13,48.063,14.2,10.469,10.495
20241115095952.7,2218.23400519788,16.695,13.137,48.527,14.206,10.462,10.485
20241115095953.2,2218.74200887978,16.727,13.491,49.118,14.202,10.467,10.477
20241115095953.7,2219.24200616777,16.757,13.761,49.722,14.192,10.464,10.489
20241115095954.2,2219.7380002588,16.846,13.765,50.357,14.204,10.471,10.497
20241115095954.7,2220.24200074375,16.943,13.507,50.925,14.21,10.471,10.493
20241115095955.2,2220.74200809002,16.98,13.907,51.458,14.194,10.462,10.509
20241115095955.7,2221.25800810754,16.965,14.242,52.014,14.192,10.458,10.509
20241115095956.3,2221.88299968839,16.905,14.359,52.904,14.212,10.479,10.497
20241115095956.8,2222.41400666535,16.866,14.337,53.389,14.192,10.448,10.493
20241115095957.3,2222.92600348592,16.957,14.038,53.767,14.206,10.473,10.507
20241115095957.9,2223.43000397086,16.974,14.355,54.291,14.196,10.464,10.497
20241115095958.3,2223.92600812018,16.953,14.26,54.665,14.165,10.452,10.469
20241115095958.9,2224.43000860512,16.933,14.462,54.949,14.19,10.481,10.497
20241115095959.4,2224.93000589311,16.905,14.489,55.662,14.216,10.471,10.501
20241115095959.9,2225.4300031811,16.782,14.396,56.192,14.202,10.467,10.503
20241115100000.4,2225.93000046909,16.687,14.277,56.597,14.204,10.473,10.503
20241115100000.9,2226.44100151956,16.648,14.184,57.306,14.21,10.475,10.491
20241115100001.4,2226.94100886583,16.703,14.295,57.847,14.232,10.46,10.489
20241115100001.9,2227.45700888336,16.711,14.137,58.183,14.212,10.475,10.497
20241115100002.4,2227.95300297439,16.695,14.343,58.935,14.226,10.456,10.503
20241115100002.9,2228.44900712371,16.721,14.547,60.329,14.22,10.448,10.487
20241115100003.4,2228.9490044117,16.741,14.65,60.731,14.226,10.462,10.479
20241115100003.9,2229.44900169969,16.733,14.687,61.884,14.222,10.446,10.491
20241115100004.4,2229.945005849,16.757,14.733,63.722,14.214,10.466,10.491
20241115100004.9,2230.44500313699,16.764,14.852,63.968,14.22,10.481,10.487
20241115100005.4,2230.94900362194,16.812,14.608,64.367,14.216,10.464,10.495
20241115100005.9,2231.44900090992,16.824,14.432,64.748,14.206,10.46,10.507
20241115100006.4,2231.95300139487,16.842,14.277,65.075,14.222,10.454,10.501
20241115100006.9,2232.46500827372,16.959,14.216,65.403,14.192,10.464,10.487
20241115100007.4,2232.96900875866,16.986,14.214,65.659,14.2,10.448,10.475
20241115100007.9,2233.48400294781,17.028,14.232,67.823,14.208,10.454,10.472
20241115100008.4,2233.98000709713,17.012,14.115,67.737,14.228,10.47,10.495
20241115100008.9,2234.48800072074,17.002,13.901,68.201,14.224,10.452,10.483
20241115100009.4,2234.98800806701,16.899,13.764,68.617,14.208,10.452,10.493
20241115100009.9,2235.49200855196,16.818,13.654,69.165,14.194,10.462,10.487
20241115100010.4,2235.99200583994,16.786,13.469,69.592,14.218,10.462,10.487
20241115100010.9,2236.51200905442,16.737,13.254,70.472,14.208,10.44,10.501
20241115100011.4,2237.02300004661,16.731,13.24,71.478,14.216,10.466,10.485
20241115100011.9,2237.52300739288,16.705,13.632,72.297,14.22,10.456,10.481
20241115100012.5,2238.05100694299,16.705,13.871,72.835,14.208,10.454,10.497
20241115100013,2238.56200799346,16.689,14.151,73.394,14.198,10.462,10.499
20241115100013.5,2239.05800208449,16.733,14.228,74.181,14.212,10.448,10.487
20241115100014,2239.56200256944,16.713,14.026,74.57,14.208,10.458,10.483
20241115100014.5,2240.07800258696,16.685,13.935,75.345,14.212,10.452,10.491
20241115100015,2240.58999940753,16.604,13.935,76.19,14.214,10.442,10.45
20241115100015.5,2241.10500365496,16.511,13.766,76.968,14.21,10.452,10.481
20241115100016,2241.61700047553,16.517,13.576,77.83,14.202,10.464,10.478
20241115100016.5,2242.1170078218,16.489,13.529,78.581,14.232,10.464,10.485
20241115100017,2242.61700510979,16.513,13.374,79.977,14.226,10.468,10.507
20241115100017.5,2243.11299920082,16.507,13.263,80.492,14.204,10.458,10.489
20241115100018,2243.61699968576,16.557,13.317,81.259,14.222,10.44,10.503
20241115100018.6,2244.13299970329,16.555,13.289,82.615,14.214,10.458,10.481
20241115100019.1,2244.63700018823,16.578,13.279,83.01,14.24,10.456,10.483
20241115100019.6,2245.1370075345,16.598,13.261,83.942,14.24,10.46,10.491
20241115100020.1,2245.64100801945,16.626,13.406,85.153,14.228,10.468,10.485
20241115100020.6,2246.14400267601,16.652,13.38,86.106,14.258,10.446,10.485
20241115100021.1,2246.64800316095,16.632,13.477,87.469,14.234,10.468,10.501
20241115100021.6,2247.14800044894,16.648,13.553,88.196,14.236,10.466,10.487
20241115100022.1,2247.66400046647,16.687,13.774,88.996,14.248,10.47,10.487
20241115100022.6,2248.17600734532,16.707,13.808,90.055,14.234,10.458,10.489
20241115100023.1,2248.68000783026,16.753,13.854,90.805,14.222,10.444,10.491
20241115100023.6,2249.18000511825,16.832,13.966,92.15,14.244,10.462,10.479
20241115100024.1,2249.69499930739,16.929,13.994,93.167,14.242,10.442,10.483
20241115100024.6,2250.19500665367,16.955,13.951,94.142,14.252,10.47,10.511
20241115100025.1,2250.69500394166,16.962,13.968,95.139,14.226,10.45,10.481
20241115100025.6,2251.21100395918,16.943,14.111,96.023,14.248,10.46,10.487
20241115100026.2,2251.74200087786,16.957,14.214,97.474,14.244,10.446,10.495
20241115100026.7,2252.2460013628,16.929,14.456,98.744,14.246,10.462,10.481
20241115100027.2,2252.74600870907,16.863,14.551,99.331,14.248,10.444,10.497
20241115100027.7,2253.24600599706,16.735,14.093,100.36,14.24,10.458,10.485
20241115100028.2,2253.76200601459,16.622,13.846,101.605,14.24,10.481,10.475
20241115100028.7,2254.28899973631,16.525,13.711,102.793,14.244,10.466,10.497
20241115100029.2,2254.79700341821,16.515,13.507,104.034,14.246,10.46,10.511
20241115100029.7,2255.2970007062,16.555,13.398,105.117,14.24,10.464,10.485
20241115100030.2,2255.80800175667,16.59,13.378,106.336,14.259,10.454,10.493
20241115100030.7,2256.32000863552,16.608,13.323,107.894,14.259,10.472,10.491
20241115100031.2,2256.82400912046,16.574,13.378,109.704,14.242,10.468,10.491
20241115100031.8,2257.3399990797,16.618,13.454,110.381,14.265,10.466,10.489
20241115100032.3,2257.86700285971,16.717,13.36,111.366,14.267,10.464,10.483
20241115100032.8,2258.3670001477,16.826,13.408,112.689,14.248,10.493,10.487
20241115100033.3,2258.87900702655,16.836,13.519,114.065,14.254,10.462,10.489
20241115100033.8,2259.3940012157,16.832,13.632,114.675,14.254,10.462,10.475
20241115100034.3,2259.89800170064,16.826,13.509,116.198,14.258,10.466,10.493
20241115100034.8,2260.40200218558,16.786,13.487,118.395,14.261,10.46,10.472
20241115100035.4,2261.02700382471,16.743,13.452,120.132,14.273,10.472,10.495
20241115100036,2261.53100430965,16.812,13.311,120.824,14.259,10.464,10.483
20241115100036.5,2262.04300113022,16.802,13.184,122.056,14.259,10.45,10.479
20241115100037,2262.5430084765,16.832,13.075,123.217,14.285,10.456,10.481
20241115100037.5,2263.04300576448,16.749,12.99,124.383,14.269,10.468,10.499
20241115100038,2263.55500258505,16.683,12.911,126.012,14.267,10.472,10.499
20241115100038.5,2264.06600363553,16.673,12.964,127.288,14.256,10.475,10.505
20241115100039,2264.56600092351,16.642,13.103,128.777,14.265,10.46,10.487
20241115100039.5,2265.07000140846,16.62,13.149,129.933,14.265,10.477,10.495
20241115100040,2265.57000875473,16.606,13.315,131.463,14.275,10.483,10.495
20241115100040.5,2266.06600284576,16.677,13.299,133.018,14.271,10.462,10.501
20241115100041,2266.57000333071,16.671,13.263,135.233,14.273,10.448,10.497
20241115100041.5,2267.08600334823,16.64,13.269,137.466,14.263,10.472,10.493
20241115100042,2267.5980001688,16.624,13.297,137.837,14.252,10.47,10.501
20241115100042.5,2268.10100488365,16.612,13.434,140.089,14.261,10.472,10.501
20241115100043,2268.61300170422,16.557,13.568,141.932,14.281,10.47,10.495
20241115100043.6,2269.12900172174,16.489,13.747,143.493,14.283,10.483,10.485
20241115100044.1,2269.62900906801,16.454,13.755,143.922,14.271,10.448,10.505
20241115100044.6,2270.13299949467,16.525,13.719,145.305,14.285,10.472,10.519
20241115100045.1,2270.6480037421,16.61,13.816,147.486,14.279,10.468,10.499
20241115100045.6,2271.15200422704,16.691,14.058,150.029,14.283,10.466,10.503
20241115100046.1,2271.66800424457,16.683,14.254,152.607,14.305,10.458,10.501
20241115100046.6,2272.16800153255,16.677,14.351,155.135,14.297,10.45,10.489
20241115100047.1,2272.67600521445,16.703,14.206,157.794,14.299,10.456,10.491
20241115100047.6,2273.1800056994,16.737,14.164,159.73,14.299,10.454,10.503
20241115100048.1,2273.68000298738,16.76,14.119,161.987,14.275,10.456,10.495
20241115100048.6,2274.21500310302,16.733,14.087,165.273,14.287,10.466,10.493
20241115100049.1,2274.72600415349,16.729,14.152,167.864,14.289,10.454,10.497
20241115100049.7,2275.24200417101,16.606,14.194,169.618,14.297,10.454,10.487
20241115100050.2,2275.75800418854,16.578,14.127,170.213,14.293,10.454,10.497
20241115100050.7,2276.26900523901,16.705,14.044,172.457,14.309,10.464,10.483
20241115100051.2,2276.769002527,16.834,14.022,174.784,14.295,10.466,10.505
20241115100051.7,2277.26899981499,16.929,14.026,177.295,14.309,10.468,10.503
20241115100052.2,2277.77300029993,16.915,14.109,179.348,14.297,10.462,10.493
20241115100052.7,2278.27700078487,16.933,14.24,180.942,14.297,10.466,10.507
20241115100053.2,2278.7930008024,17.048,14.394,182.656,14.317,10.476,10.497
20241115100053.7,2279.30500768125,17.059,14.477,185.038,14.305,10.468,10.499
20241115100054.2,2279.80800233781,16.85,14.57,187.498,14.317,10.462,10.499
20241115100054.7,2280.32400235534,16.689,14.659,189.571,14.307,10.45,10.489
20241115100055.3,2280.84000237286,16.549,14.786,190.93,14.295,10.458,10.476
20241115100055.8,2281.35500662029,16.501,14.824,191.537,14.291,10.448,10.501
20241115100056.3,2281.85500390828,16.545,14.636,193.494,14.303,10.481,10.495
20241115100056.8,2282.36700072885,16.614,14.43,195.863,14.313,10.472,10.505
20241115100057.3,2282.86700807512,16.731,14.218,197.681,14.319,10.47,10.503
20241115100057.8,2283.37100856006,16.824,14.083,199.646,14.303,10.458,10.505
20241115100058.3,2283.88300538063,16.836,13.848,201.343,14.329,10.485,10.509
20241115100058.8,2284.39799956977,16.848,13.988,203.235,14.301,10.468,10.503
20241115100059.3,2284.89800691605,16.794,14.093,204.978,14.277,10.464,10.499
20241115100059.8,2285.39800420403,16.751,14.222,206.807,14.317,10.481,10.491
20241115100100.3,2285.90200468898,16.713,14.311,209.102,14.329,10.479,10.519
20241115100100.8,2286.40200197697,16.81,14.174,210.978,14.323,10.469,10.511
20241115100101.3,2286.91800199449,16.8,14.002,211.934,14.307,10.475,10.489
20241115100101.9,2287.43300624192,16.788,13.854,214.439,14.315,10.481,10.503
20241115100102.4,2287.94900625944,16.788,13.701,217.724,14.347,10.479,10.489
20241115100102.9,2288.45300674438,16.766,13.685,219.912,14.321,10.464,10.505
20241115100103.4,2288.97299990058,16.77,13.83,221.757,14.309,10.468,10.483
20241115100103.9,2289.47300724685,16.764,13.78,224.688,14.337,10.47,10.513
20241115100104.4,2289.97300453484,16.774,13.588,226.572,14.317,10.462,10.503
20241115100104.9,2290.48400558531,16.65,13.62,229.031,14.317,10.446,10.472
20241115100105.4,2291.01600833237,16.602,13.667,231.255,14.327,10.472,10.497
20241115100105.9,2291.51600562036,16.61,13.685,233.032,14.317,10.475,10.493
20241115100106.5,2292.0309998095,16.564,13.756,235.057,14.331,10.462,10.503
20241115100107,2292.55800358951,16.562,13.727,237.166,14.335,10.466,10.493
20241115100107.5,2293.0580008775,16.608,13.984,239.019,14.327,10.468,10.493
20241115100108,2293.57400089502,16.656,14.127,240.82,14.331,10.454,10.505
20241115100108.5,2294.07800137997,16.622,14.067,242.969,14.325,10.452,10.521
20241115100109,2294.58200186491,16.574,13.899,245.42,14.339,10.46,10.493
20241115100109.5,2295.09400874376,16.545,13.859,247.576,14.36,10.472,10.513
20241115100110,2295.59400603175,16.614,13.96,249.995,14.36,10.47,10.499
20241115100110.5,2296.09400331974,16.578,13.852,252.394,14.36,10.466,10.495
20241115100111,2296.60900756717,16.537,13.992,254.786,14.337,10.458,10.487
20241115100111.5,2297.12100438774,16.507,13.687,257.655,14.339,10.466,10.497
20241115100112,2297.62100167572,16.509,13.642,260.211,14.345,10.456,10.489
20241115100112.5,2298.121009022,16.543,13.885,262.27,14.345,10.462,10.515
20241115100113,2298.62100630999,16.568,13.881,263.288,14.357,10.466,10.499
20241115100113.5,2299.12500679493,16.59,13.842,265.607,14.337,10.491,10.493
20241115100114.1,2299.64100681245,16.562,13.78,267.95,14.343,10.46,10.487
20241115100114.6,2300.14400146902,16.545,13.883,269.977,14.359,10.444,10.481
20241115100115.1,2300.65200515091,16.517,13.909,272.116,14.362,10.456,10.493
20241115100115.7,2301.23800076544,16.533,13.824,274.687,14.35,10.462,10.499
20241115100116.2,2301.73400491476,16.527,13.76,277.384,14.372,10.468,10.501
20241115100116.7,2302.23400220275,16.558,13.727,280.016,14.345,10.46,10.476
20241115100117.2,2302.75000222027,16.608,13.79,282.554,14.368,10.487,10.476
20241115100117.7,2303.25400270522,16.6,13.803,284.663,14.349,10.463,10.49
20241115100118.2,2303.75399999321,16.587,14.017,286.749,14.359,10.461,10.494
20241115100118.7,2304.26900424063,16.555,14.203,289.567,14.383,10.455,10.496
20241115100119.2,2304.7810010612,16.708,14.345,291.699,14.351,10.471,10.481
20241115100119.7,2305.28100840747,16.815,14.502,294.256,14.367,10.443,10.485
20241115100120.2,2305.797008425,16.813,14.514,296.909,14.363,10.451,10.488
20241115100120.7,2306.30799941719,16.807,14.3,298.766,14.377,10.453,10.483
20241115100121.2,2306.81199990213,16.912,14.233,300.101,14.371,10.457,10.473
20241115100121.7,2307.3120072484,16.916,14.1,301.491,14.383,10.445,10.451
20241115100122.3,2307.8320004046,16.902,14.132,303.309,14.381,10.457,10.485
20241115100122.8,2308.34400728345,16.781,14.175,304.692,14.357,10.439,10.477
20241115100123.3,2308.84000137448,16.781,14.29,306.291,14.381,10.457,10.485
20241115100123.8,2309.34000872076,16.72,14.435,307.907,14.375,10.459,10.477
20241115100124.3,2309.8550029099,16.676,14.502,309.593,14.377,10.445,10.467
20241115100124.8,2310.37100292742,16.664,14.573,311.455,14.383,10.431,10.473
20241115100125.3,2310.87100021541,16.652,14.603,312.321,14.391,10.443,10.471
20241115100125.8,2311.38300709426,16.692,14.654,314.77,14.369,10.447,10.457
20241115100126.3,2311.90200448036,16.769,14.718,317.116,14.369,10.435,10.459
20241115100126.8,2312.41400130093,16.813,14.63,318.991,14.371,10.445,10.471
20241115100127.3,2312.92600817978,16.898,14.504,319.383,14.385,10.437,10.465
20241115100127.9,2313.44100236893,17.005,14.496,320.337,14.391,10.457,10.465
20241115100128.4,2313.95700238645,17.036,14.213,321.178,14.385,10.429,10.475
20241115100128.9,2314.45300653577,17.05,13.991,322.448,14.395,10.423,10.483
20241115100129.4,2314.96500335634,17.025,13.7,322.576,14.393,10.447,10.477
20241115100129.9,2315.48400074244,17.005,13.428,323.871,14.373,10.441,10.489
20241115100130.4,2315.98400808871,17.062,13.337,325.278,14.359,10.445,10.473
20241115100130.9,2316.5040012449,16.803,13.464,326.982,14.411,10.441,10.475
20241115100131.4,2317.01900549233,16.678,13.741,327.663,14.395,10.449,10.485
20241115100131.9,2317.52699911594,16.672,13.86,328.006,14.391,10.455,10.453
20241115100132.5,2318.03099960089,16.733,13.937,328.899,14.389,10.445,10.457
20241115100133,2318.54300647974,16.781,14.201,328.867,14.405,10.459,10.498
20241115100133.5,2319.05800066888,16.876,14.373,330.373,14.407,10.461,10.473
20241115100134,2319.57400068641,16.932,14.534,330.529,14.393,10.445,10.459
20241115100134.5,2320.09400390089,16.904,14.658,330.43,14.419,10.467,10.445
20241115100135,2320.60500495136,16.997,14.781,330.299,14.428,10.459,10.473
20241115100135.5,2321.10500223935,17.019,14.88,330.861,14.415,10.447,10.477
20241115100136.1,2321.63700498641,17.005,14.973,331.51,14.428,10.449,10.467
20241115100136.6,2322.14100547135,16.941,15.064,331.783,14.428,10.453,10.469
20241115100137.1,2322.66800925136,16.722,15.092,331.929,14.431,10.447,10.492
20241115100137.6,2323.1830034405,16.72,15.136,331.973,14.437,10.457,10.485
20241115100138.1,2323.6910071224,16.724,14.963,331.669,14.442,10.461,10.469
20241115100138.6,2324.19500760734,16.753,14.706,331.792,14.448,10.457,10.469
20241115100139.1,2324.71500076354,16.666,14.512,332.193,14.436,10.453,10.483
20241115100139.6,2325.21500810981,16.676,14.464,332.345,14.442,10.437,10.487
20241115100140.1,2325.71900859475,16.676,14.48,332.422,14.478,10.451,10.469
20241115100140.7,2326.23400278389,16.72,14.292,331.271,14.504,10.455,10.467
20241115100141.2,2326.73800326884,16.747,14.272,335.363,14.549,10.449,10.467
20241115100141.7,2327.25000008941,16.854,14.106,243.549,14.571,10.453,10.463
20241115100142.2,2327.76600010693,16.928,13.86,136.43,14.571,10.443,10.473
20241115100142.7,2328.2660074532,16.904,13.658,89.425,14.579,10.449,10.459
20241115100143.2,2328.77700850368,16.939,13.654,62.125,14.583,10.427,10.485
20241115100143.7,2329.29700165987,16.965,13.577,45.636,14.577,10.457,10.455
20241115100144.2,2329.8120059073,16.953,13.535,35.072,14.597,10.457,10.479
20241115100144.7,2330.31200319529,16.965,13.432,29.086,14.589,10.455,10.467
20241115100145.2,2330.81600368023,16.88,13.339,24.895,14.577,10.439,10.451
20241115100145.7,2331.31600096822,16.803,13.327,21.941,14.587,10.447,10.467
20241115100146.2,2331.82000145316,16.739,13.575,19.821,14.587,10.441,10.463
20241115100146.8,2332.33600147069,16.777,13.876,18.33,14.63,10.461,10.483
20241115100147.3,2332.84800834954,16.819,14.015,17.165,14.662,10.447,10.498
20241115100147.8,2333.35899934173,16.789,13.834,16.3,14.644,10.447,10.481
20241115100148.3,2333.86700302362,16.767,13.775,15.712,14.636,10.439,10.455
20241115100148.8,2334.37500670552,16.757,13.799,15.25,14.656,10.439,10.459
20241115100149.3,2334.88700352609,16.718,13.985,14.939,14.63,10.447,10.469
20241115100149.8,2335.39800457656,16.704,13.977,14.706,14.69,10.441,10.457
20241115100150.3,2335.90200506151,16.787,13.672,14.561,14.753,10.439,10.473
20241115100150.8,2336.41800507903,16.781,13.413,14.413,14.822,10.443,10.463
20241115100151.4,2336.9300018996,16.787,13.23,14.373,14.785,10.433,10.463
20241115100151.9,2337.44500614703,16.787,13.264,14.474,14.735,10.433,10.475
20241115100152.4,2337.96100616455,16.791,13.262,14.428,14.723,10.451,10.467
20241115100152.9,2338.47600035369,16.807,12.961,14.416,14.743,10.437,10.463
20241115100153.4,2338.98400403559,16.84,12.88,14.331,14.767,10.419,10.469
20241115100153.9,2339.48400132358,16.838,12.729,14.292,14.773,10.437,10.475
20241115100154.4,2339.99600820243,16.844,12.967,14.282,14.715,10.441,10.459
20241115100154.9,2340.52300192416,16.88,13.325,14.385,14.696,10.416,10.451
20241115100155.4,2341.02300927043,16.856,13.391,14.355,14.698,10.418,10.459
20241115100155.9,2341.52699969709,16.882,13.319,14.307,14.735,10.425,10.461
20241115100156.6,2342.16800406575,16.854,13.109,14.23,14.804,10.431,10.463
20241115100157.1,2342.68000088632,16.83,13.147,14.262,14.747,10.418,10.457
20241115100157.6,2343.1990083307,16.83,13.579,14.313,14.715,10.423,10.455
20241115100158.1,2343.69900561869,16.81,13.909,14.268,14.713,10.437,10.457
20241115100158.6,2344.19900290668,16.816,14.036,14.369,14.717,10.439,10.445
20241115100159.1,2344.70700658858,16.787,13.848,14.389,14.707,10.423,10.451
20241115100159.6,2345.21900340915,16.783,13.795,14.339,14.703,10.421,10.471
20241115100200.2,2345.73400765657,16.791,14.004,14.222,14.743,10.431,10.469
20241115100200.7,2346.26600034535,16.815,14.046,14.173,14.779,10.437,10.473
20241115100201.2,2346.77700139582,16.813,13.755,14.084,14.818,10.437,10.447
20241115100201.7,2347.2970046103,16.818,13.545,14.042,14.834,10.421,10.453
20241115100202.2,2347.80100509524,16.89,13.317,14.001,14.888,10.427,10.453
20241115100202.7,2348.30100238323,16.933,13.216,14.014,14.856,10.437,10.455
20241115100203.2,2348.80500286818,16.955,13.755,14.02,14.925,10.437,10.467
20241115100203.7,2349.3200071156,16.939,14.119,14.04,14.876,10.437,10.451
20241115100204.3,2349.83600713313,17.005,14.127,14.044,14.997,10.433,10.465
20241115100204.8,2350.35100132227,16.993,14.363,14.109,14.985,10.437,10.459
20241115100205.3,2350.86700133979,16.975,14.377,14.224,14.995,10.429,10.459
20241115100205.8,2351.36700868607,16.993,14.456,14.266,14.951,10.433,10.463
20241115100206.3,2351.88700184226,17.014,14.539,14.242,14.905,10.451,10.451
20241115100206.8,2352.39800289273,16.961,14.632,14.197,14.892,10.437,10.461
20241115100207.3,2352.91800610721,17.052,14.599,14.179,14.844,10.427,10.491
20241115100207.9,2353.43300029635,17.056,14.492,14.232,14.874,10.423,10.489
20241115100208.4,2353.9370007813,17.078,14.533,14.258,14.858,10.451,10.473
20241115100208.9,2354.43700812757,17.036,14.613,14.264,14.85,10.447,10.461
20241115100209.4,2354.94100861251,17.098,14.547,14.254,14.86,10.449,10.467
20241115100209.9,2355.45300543308,17.179,14.191,14.256,14.878,10.429,10.477
20241115100210.4,2355.95700591803,17.232,14.28,14.248,14.868,10.437,10.463
20241115100210.9,2356.47300593555,17.227,14.284,14.304,14.84,10.453,10.473
20241115100211.4,2356.97300322354,17.244,14.248,14.407,14.828,10.447,10.469
20241115100211.9,2357.48800747097,17.191,14.531,14.405,14.848,10.477,10.496
20241115100212.4,2357.98800475895,17.223,14.834,14.347,14.84,10.453,10.471
20241115100212.9,2358.50400477648,17.232,15.034,14.294,14.844,10.427,10.463
20241115100213.4,2359.01600159705,17.256,15.171,14.238,14.84,10.431,10.465
20241115100214,2359.53499898314,17.213,15.159,14.268,14.85,10.431,10.471
20241115100214.5,2360.05100905895,17.201,15.062,14.219,14.868,10.441,10.485
20241115100215,2360.55499948561,17.189,14.632,14.171,14.874,10.431,10.498
20241115100215.5,2361.05800420046,17.159,14.565,14.157,14.904,10.459,10.483
20241115100216,2361.57000102103,17.221,14.538,14.163,14.908,10.465,10.485
20241115100216.5,2362.08200789988,17.132,14.478,14.175,14.991,10.465,10.465
20241115100217,2362.58600838482,17.118,14.298,14.191,15.046,10.465,10.488
20241115100217.5,2363.08600567281,17.191,14.338,14.175,15.035,10.459,10.494
20241115100218,2363.5860029608,17.236,14.522,14.131,14.995,10.441,10.477
20241115100218.5,2364.09000344574,17.252,14.27,14.118,14.995,10.439,10.483
20241115100219,2364.59400393069,17.3,14.007,14.143,15.025,10.465,10.492
20241115100219.5,2365.09800441563,17.371,13.868,14.177,14.995,10.449,10.496
20241115100220,2365.60100913048,17.444,13.733,14.232,15.003,10.451,10.473
20241115100220.5,2366.10100641847,17.524,13.662,14.399,15.034,10.433,10.475
20241115100221,2366.60500690341,17.615,14.001,14.555,15.088,10.449,10.481
20241115100221.5,2367.1250000596,17.71,14.347,14.583,15.074,10.455,10.496
20241115100222,2367.62100420892,17.68,14.326,14.599,15.098,10.447,10.481
20241115100222.6,2368.13700422645,17.64,14.512,14.599,15.122,10.457,10.477
20241115100223.1,2368.64800527692,17.638,14.668,14.551,15.117,10.429,10.457
20241115100223.6,2369.14800256491,17.646,14.682,14.585,15.137,10.435,10.473
20241115100224.1,2369.68000531197,17.622,14.852,14.508,15.308,10.441,10.459
20241115100224.6,2370.20699903369,17.597,14.993,14.523,15.486,10.459,10.467
20241115100225.1,2370.71500271559,17.529,15.108,14.456,15.417,10.439,10.471
20241115100225.6,2371.22600376606,17.543,15.129,14.482,15.399,10.437,10.463
20241115100226.2,2371.730004251,17.549,14.882,235.444,15.363,10.451,10.467
20241115100226.7,2372.23000153899,17.537,13.456,436.407,15.317,10.435,10.475
20241115100227.2,2372.75000475347,17.494,12.761,544.103,15.317,10.437,10.455
20241115100227.7,2373.26900213957,17.458,12.373,699.976,15.321,10.435,10.489
20241115100228.2,2373.77300262451,17.456,12.375,739.992,15.288,10.461,10.473
20241115100228.7,2374.28900264204,17.438,12.874,362.375,15.361,10.443,10.467
20241115100229.2,2374.78899993002,17.351,13.925,237.204,15.466,10.443,10.457
20241115100229.7,2375.29300041497,17.284,14.581,170.53,15.486,10.429,10.465
20241115100230.2,2375.80500729382,17.173,14.965,126.865,15.555,10.441,10.475
20241115100230.7,2376.30800195038,17.084,15.209,94.242,15.676,10.441,10.469
20241115100231.2,2376.82000882924,17.064,15.357,72.225,15.654,10.435,10.449
20241115100231.7,2377.32000611722,17.054,15.417,57.006,15.543,10.449,10.475
20241115100232.3,2377.83600613475,16.971,15.5,46.76,15.498,10.443,10.467
20241115100232.8,2378.34800295532,16.862,15.535,39.958,15.504,10.429,10.457
20241115100233.3,2378.86300720274,16.799,15.525,34.204,15.589,10.435,10.469
20241115100233.8,2379.38700355589,16.789,15.5,30.336,15.565,10.429,10.465
20241115100234.3,2379.89100404084,16.727,15.45,27.513,15.498,10.429,10.485
20241115100234.8,2380.40600828826,16.735,15.395,24.824,15.434,10.451,10.481
20241115100235.3,2380.92200830579,16.767,15.379,22.848,15.393,10.433,10.453
20241115100235.8,2381.42600879073,16.791,15.407,21.153,15.381,10.435,10.463
20241115100236.4,2381.93699978292,16.763,15.434,19.92,15.351,10.423,10.489
20241115100236.9,2382.43700712919,16.775,15.464,18.941,15.335,10.433,10.481
20241115100237.4,2382.95300714672,16.83,15.48,18.581,15.347,10.453,10.485
20241115100237.9,2383.46900716424,16.852,15.474,18.147,15.335,10.425,10.465
20241115100238.4,2383.98400135338,16.935,15.484,18.04,15.308,10.437,10.459
20241115100238.9,2384.50000137091,16.973,15.519,17.838,15.321,10.439,10.477
20241115100239.4,2385.00000871718,16.979,15.525,17.547,15.316,10.427,10.473
20241115100239.9,2385.50000600517,16.967,15.506,17.185,15.319,10.421,10.477
20241115100240.4,2386.00400649011,16.977,15.526,16.785,15.316,10.439,10.487
20241115100240.9,2386.51200011373,16.969,15.514,16.706,15.3,10.439,10.487
20241115100241.4,2387.01900802553,16.995,15.5,16.662,15.274,10.451,10.483
20241115100242.1,2387.72600479424,16.961,15.543,16.399,15.326,10.425,10.479
20241115100242.7,2388.23800161481,16.981,15.532,16.246,15.345,10.453,10.5
20241115100243.2,2388.75400163233,16.961,15.488,15.999,15.383,10.459,10.477
20241115100243.7,2389.28500860929,16.957,15.47,15.858,15.377,10.445,10.485
20241115100244.2,2389.79700542986,16.94,15.51,15.686,15.343,10.453,10.445
20241115100244.7,2390.30800648034,16.924,15.551,15.54,15.343,10.453,10.481
20241115100245.2,2390.81200696528,16.92,15.53,15.413,15.353,10.447,10.488
20241115100245.8,2391.3280069828,16.912,15.512,15.143,15.341,10.433,10.463
20241115100246.3,2391.84400700033,16.933,15.492,15.108,15.357,10.443,10.483
20241115100246.8,2392.36700758338,16.949,15.488,15.114,15.353,10.441,10.481
20241115100247.3,2392.8830076009,16.963,15.492,14.858,15.331,10.445,10.467
20241115100247.8,2393.41400451958,16.977,15.45,14.898,15.347,10.449,10.502
20241115100248.3,2393.92600134015,16.916,15.417,14.773,15.34,10.453,10.494
20241115100248.9,2394.43000182509,16.92,15.401,14.884,15.332,10.459,10.459
20241115100249.4,2394.93699967861,16.928,15.343,14.799,15.33,10.447,10.467
20241115100249.9,2395.45299969614,16.932,15.318,14.831,15.332,10.457,10.467
20241115100250.4,2395.96899971366,16.926,15.341,14.765,15.33,10.443,10.492
20241115100250.9,2396.46900705993,16.916,15.34,14.69,15.312,10.439,10.475
20241115100251.4,2396.96900434792,16.945,15.347,14.811,15.3,10.437,10.471
20241115100251.9,2397.46900163591,17.005,15.377,15.102,15.326,10.459,10.49
20241115100252.4,2397.97300212085,17.064,15.371,15.336,15.322,10.451,10.475
20241115100252.9,2398.48800636828,17.1,15.345,15.373,15.357,10.423,10.473
20241115100253.4,2399.00799952447,17.183,15.31,15.217,15.409,10.435,10.467
20241115100253.9,2399.50800687075,17.246,15.302,15.149,15.407,10.435,10.469
20241115100254.4,2400.01900792122,17.304,15.306,15.252,15.389,10.435,10.473
20241115100255,2400.53500793874,17.377,15.314,15.072,15.393,10.433,10.487
20241115100255.5,2401.05100795627,17.415,15.29,14.884,15.401,10.453,10.479
20241115100256,2401.56600214541,17.395,15.308,14.716,15.409,10.433,10.453
20241115100256.5,2402.08600535989,17.365,15.304,14.795,15.385,10.425,10.471
20241115100257,2402.58600264788,17.423,15.316,15.003,15.367,10.447,10.492
20241115100257.5,2403.08200679719,17.454,15.345,15.334,15.355,10.419,10.483
20241115100258,2403.59800681472,17.441,15.355,15.53,15.375,10.443,10.475
20241115100258.5,2404.10900786519,17.377,15.369,15.716,15.349,10.429,10.479
20241115100259,2404.60900515318,17.372,15.408,15.828,15.374,10.448,10.483
20241115100259.5,2405.10900244117,17.36,15.404,15.774,15.349,10.424,10.495
20241115100300,2405.60500659049,17.327,15.374,15.81,15.341,10.47,10.472
20241115100300.5,2406.10500387847,17.337,15.38,15.869,15.345,10.458,10.501
20241115100301,2406.61700069904,17.313,15.371,15.989,15.345,10.447,10.471
20241115100301.5,2407.11700804532,17.342,15.383,16.074,15.34,10.441,10.463
20241115100302,2407.6170053333,17.312,15.361,16.12,15.34,10.437,10.477
20241115100302.6,2408.13300535083,17.369,15.357,16.231,15.373,10.467,10.488
20241115100303.1,2408.6440064013,17.385,15.367,16.322,15.363,10.445,10.455
20241115100303.6,2409.16000641882,17.357,15.399,16.332,15.359,10.435,10.467
20241115100304.1,2409.67200323939,17.383,15.381,16.492,15.353,10.427,10.459
20241115100304.6,2410.18700748682,17.389,15.423,16.644,15.361,10.435,10.467
20241115100305.1,2410.69900430739,17.377,15.448,16.613,15.343,10.425,10.473
20241115100305.6,2411.21500432491,17.341,15.49,16.266,15.349,10.415,10.461
20241115100306.1,2411.7150016129,17.24,15.488,16.155,15.33,10.437,10.492
20241115100306.7,2412.23000586033,17.169,15.468,16.064,15.341,10.431,10.477
20241115100307.2,2412.74999901652,17.114,15.419,15.961,15.314,10.425,10.465
20241115100307.7,2413.2500063628,17.13,15.367,15.947,15.318,10.427,10.469
20241115100308.2,2413.76600638032,17.08,15.322,15.769,15.333,10.417,10.461
20241115100308.7,2414.27700743079,17.04,15.258,15.696,15.306,10.451,10.459
20241115100309.2,2414.78100791574,17.072,15.23,15.771,15.316,10.423,10.475
20241115100309.7,2415.2930047363,17.108,15.199,15.86,15.329,10.427,10.471
20241115100310.2,2415.82000851631,17.08,15.191,15.904,15.31,10.423,10.469
20241115100310.7,2416.32400900126,17.086,15.226,15.874,15.317,10.423,10.461
20241115100311.3,2416.83600582182,17.056,15.23,15.923,15.276,10.427,10.441
20241115100311.8,2417.35100001097,17.07,15.278,15.955,15.288,10.429,10.467
20241115100312.3,2417.85500049591,17.104,15.201,15.949,15.28,10.427,10.465
20241115100312.8,2418.35500784218,17.143,15.246,15.977,15.286,10.404,10.463
20241115100313.4,2418.96900571883,17.193,15.272,15.969,15.268,10.415,10.453
20241115100313.9,2419.4800067693,17.262,15.268,15.925,15.272,10.419,10.447
20241115100314.4,2419.98800039291,17.272,15.24,15.963,15.288,10.417,10.449
20241115100314.9,2420.50400041044,17.31,15.224,15.888,15.284,10.425,10.465
20241115100315.4,2421.00800089538,17.326,15.217,15.882,15.288,10.429,10.461
20241115100315.9,2421.52300514281,17.286,15.232,15.894,15.298,10.423,10.463
20241115100316.5,2422.03500196338,17.318,15.244,15.912,15.284,10.413,10.455
20241115100317,2422.53900244832,17.326,15.242,15.842,15.298,10.411,10.475
20241115100317.5,2423.03899973631,17.446,15.221,15.839,15.304,10.433,10.483
20241115100318,2423.55499975383,17.553,15.229,15.813,15.284,10.427,10.481
20241115100318.5,2424.05500710011,17.553,15.254,15.739,15.284,10.429,10.485
20241115100319,2424.57000128925,17.575,15.25,15.755,15.274,10.425,10.473
20241115100319.5,2425.09000450373,17.567,15.25,15.749,15.278,10.427,10.469
20241115100320,2425.6010055542,17.533,15.316,15.682,15.29,10.421,10.465
20241115100320.5,2426.10500603914,17.541,15.318,15.601,15.306,10.427,10.461
20241115100321,2426.61700285971,17.528,15.345,15.506,15.308,10.423,10.459
20241115100321.5,2427.12100334466,17.514,15.355,15.51,15.296,10.427,10.475
20241115100322,2427.61700749397,17.5,15.359,15.543,15.296,10.415,10.473
20241115100322.6,2428.13700065017,17.488,15.393,15.633,15.308,10.435,10.465
20241115100323.1,2428.64800170064,17.492,15.375,15.439,15.34,10.407,10.498
20241115100323.6,2429.16000857949,17.474,15.385,15.429,15.355,10.439,10.461
20241115100324.1,2429.67600859702,17.441,15.409,15.545,15.395,10.421,10.453
20241115100324.6,2430.19100278616,17.423,15.387,15.589,15.397,10.439,10.467
20241115100325.1,2430.71499913931,17.411,15.399,15.627,15.385,10.415,10.465
20241115100325.7,2431.23799972236,17.44,15.386,15.586,15.418,10.434,10.464
20241115100326.2,2431.75399973989,17.459,15.38,15.519,15.388,10.422,10.46
20241115100326.7,2432.26900398731,17.467,15.394,15.321,15.388,10.444,10.46
20241115100327.2,2432.7690012753,17.483,15.4,15.234,15.4,10.438,10.478
20241115100327.7,2433.26900862157,17.469,15.418,15.17,15.408,10.424,10.483
20241115100328.2,2433.77299904823,17.471,15.448,15.149,15.406,10.434,10.481
20241115100328.7,2434.27699953318,17.489,15.444,15.244,15.386,10.462,10.46
20241115100329.2,2434.7929995507,17.531,15.477,15.149,15.418,10.44,10.464
20241115100329.7,2435.30800379813,17.426,15.503,15.178,15.444,10.442,10.466
20241115100330.2,2435.8200006187,17.392,15.503,15.125,15.455,10.434,10.464
20241115100330.7,2436.32000796497,17.438,15.481,15.242,15.453,10.444,10.462
20241115100331.3,2436.83600798249,17.438,15.471,15.269,15.455,10.442,10.478
20241115100331.8,2437.34800480306,17.398,15.422,15.24,15.463,10.442,10.468
20241115100332.3,2437.8629989922,17.382,15.43,15.067,15.475,10.454,10.479
20241115100332.8,2438.37900906801,17.378,15.434,14.972,15.468,10.452,10.475
20241115100333.3,2438.879006356,17.337,15.462,14.941,15.489,10.426,10.477
20241115100333.8,2439.37900364399,17.317,15.442,15.073,15.511,10.442,10.491
20241115100334.3,2439.89400789142,17.313,15.446,15.034,15.598,10.438,10.481
20241115100334.8,2440.41000790894,17.299,15.442,14.941,15.592,10.444,10.475
20241115100335.3,2440.92200472951,17.311,15.38,14.927,15.628,10.444,10.489
20241115100335.9,2441.43700897694,17.345,15.367,14.891,15.658,10.454,10.471
20241115100336.4,2441.94900579751,17.321,15.378,14.717,15.666,10.426,10.481
20241115100336.9,2442.45300628245,17.337,15.371,14.569,15.679,10.444,10.485
20241115100337.4,2442.95300357044,17.285,15.369,14.594,15.666,10.436,10.477
20241115100337.9,2443.45700405538,17.315,15.371,14.513,15.616,10.444,10.477
20241115100338.4,2443.96900087595,17.301,15.388,14.594,15.614,10.436,10.489
20241115100338.9,2444.47300136089,17.301,15.398,14.725,15.614,10.438,10.464
20241115100339.4,2444.98800560832,17.305,15.4,14.681,15.685,10.438,10.477
20241115100339.9,2445.50400562584,17.309,15.394,14.671,15.677,10.45,10.467
20241115100340.4,2446.01600244641,17.293,15.355,14.788,15.715,10.44,10.485
20241115100341,2446.53100669384,17.254,15.369,14.745,15.673,10.442,10.456
20241115100341.5,2447.03900031745,17.275,15.369,14.695,15.679,10.442,10.481
20241115100342,2447.55500033498,17.264,15.394,14.574,15.769,10.44,10.475
20241115100342.5,2448.06600138545,17.238,15.374,14.774,15.739,10.428,10.491
20241115100343,2448.5780082643,17.216,15.404,15.277,15.697,10.438,10.483
20241115100343.5,2449.09400828183,17.26,15.424,15.586,15.66,10.434,10.489
20241115100344,2449.60900247097,17.315,15.43,15.862,15.648,10.444,10.477
20241115100344.5,2450.10899975896,17.307,15.479,15.963,15.646,10.448,10.483
20241115100345,2450.62499977648,17.309,15.462,15.862,15.65,10.434,10.477
20241115100345.6,2451.14400722086,17.313,15.507,15.996,15.65,10.45,10.46
20241115100346.1,2451.65600404143,17.319,15.511,16.103,15.687,10.418,10.471
20241115100346.6,2452.17200405896,17.343,15.473,16.085,15.723,10.442,10.464
20241115100347.1,2452.68700830638,17.343,15.487,16.301,15.767,10.434,10.481
20241115100347.6,2453.18700559437,17.355,15.523,16.513,15.822,10.442,10.485
20241115100348.1,2453.69900241494,17.333,15.555,16.614,15.782,10.426,10.464
20241115100348.6,2454.19899970293,17.317,15.58,16.885,15.772,10.446,10.473
20241115100349.1,2454.6990070492,17.327,15.578,17.06,15.771,10.452,10.471
20241115100349.6,2455.21500706673,17.275,15.624,16.978,15.723,10.432,10.462
20241115100350.1,2455.71500435472,17.264,15.632,16.866,15.725,10.436,10.473
20241115100350.6,2456.22600540519,17.252,15.652,16.739,15.705,10.444,10.479
20241115100351.2,2456.74200542271,17.25,15.592,16.761,15.685,10.42,10.481
20241115100351.7,2457.2420027107,17.266,15.561,16.747,15.675,10.436,10.473
20241115100352.2,2457.75800272822,17.303,15.515,16.717,15.656,10.438,10.469
20241115100352.8,2458.38700756431,17.313,15.452,16.747,15.65,10.434,10.467
20241115100353.3,2458.89800861478,17.329,15.454,16.675,15.656,10.444,10.499
20241115100353.8,2459.42200496793,17.313,15.487,16.713,15.644,10.43,10.475
20241115100354.3,2459.92600545287,17.272,15.525,16.755,15.64,10.404,10.475
20241115100354.9,2460.43700650334,17.279,15.541,16.751,15.656,10.434,10.489
20241115100355.4,2460.95699965954,17.234,15.527,16.717,15.66,10.436,10.473
20241115100355.9,2461.47600710392,17.264,15.527,16.66,15.648,10.43,10.485
20241115100356.4,2461.98800392449,17.287,15.509,16.624,15.646,10.432,10.481
20241115100356.9,2462.50800713897,17.25,15.525,16.61,15.628,10.432,10.473
20241115100357.4,2463.01600076258,17.173,15.541,16.616,15.646,10.422,10.473
20241115100358,2463.53100501001,17.157,15.557,16.612,15.691,10.428,10.471
20241115100358.5,2464.04700502753,17.208,15.525,16.576,15.677,10.432,10.469
20241115100359,2464.558006078,17.307,15.464,16.495,15.65,10.432,10.469
20241115100359.5,2465.07400609553,17.307,15.485,16.376,15.632,10.43,10.487
20241115100400,2465.59000611305,17.26,15.45,16.283,15.612,10.42,10.467
20241115100400.5,2466.1050003022,17.196,15.45,16.483,15.608,10.432,10.479
20241115100401,2466.61700718105,17.107,15.47,16.485,15.624,10.428,10.479
20241115100401.5,2467.11700446904,17.038,15.475,16.6,15.578,10.43,10.475
20241115100402.1,2467.63700768352,16.984,15.448,16.624,15.604,10.426,10.467
20241115100402.6,2468.14800873399,16.945,15.468,16.557,15.596,10.446,10.477
20241115100403.1,2468.66800189018,16.929,15.495,16.531,15.59,10.424,10.464
20241115100403.6,2469.18300613761,16.945,15.452,16.47,15.571,10.434,10.467
20241115100404.1,2469.69900615513,16.974,15.452,16.434,15.569,10.428,10.477
20241115100404.6,2470.22599987686,16.98,15.472,16.523,15.561,10.414,10.485
20241115100405.2,2470.74199989438,16.998,15.436,16.295,15.569,10.446,10.491
20241115100405.7,2471.2579999119,16.986,15.424,16.169,15.574,10.426,10.477
20241115100406.2,2471.77300415933,17.004,15.456,15.866,15.578,10.436,10.491
20241115100406.7,2472.2850009799,16.98,15.442,15.618,15.557,10.426,10.464
20241115100407.2,2472.80500419438,16.953,15.472,15.771,15.569,10.438,10.495
20241115100407.7,2473.30500148237,16.988,15.446,15.751,15.59,10.438,10.464
20241115100408.2,2473.81600253284,16.965,15.45,15.646,15.584,10.44,10.479
20241115100408.8,2474.33200255036,17.002,15.458,15.873,15.59,10.434,10.479
20241115100409.3,2474.84000623226,16.953,15.464,16.19,15.596,10.428,10.491
20241115100409.8,2475.36300681531,16.927,15.436,16.547,15.604,10.412,10.479
20241115100410.3,2475.89800693095,16.943,15.426,16.474,15.602,10.448,10.493
20241115100410.9,2476.42999961972,16.931,15.428,16.428,15.624,10.44,10.473
20241115100411.4,2476.9490070641,16.941,15.456,16.275,15.622,10.42,10.479
20241115100411.9,2477.46500708163,16.984,15.473,16.578,15.636,10.434,10.491
20241115100412.4,2477.98400446773,17.014,15.458,16.739,15.616,10.44,10.487
20241115100412.9,2478.49600128829,17.056,15.456,16.846,15.606,10.442,10.469
20241115100413.4,2479.0230050683,17.095,15.477,16.739,15.614,10.416,10.483
20241115100414,2479.53900508583,17.167,15.472,16.925,15.61,10.414,10.481
20241115100414.5,2480.05800247192,17.186,15.448,17.072,15.582,10.426,10.481
20241115100415,2480.56999929249,17.194,15.438,17.21,15.608,10.428,10.456
20241115100415.5,2481.08599931002,17.163,15.414,17.392,15.602,10.422,10.493
20241115100416,2481.59800618887,17.111,15.416,17.327,15.572,10.45,10.473
20241115100416.5,2482.11700357497,17.089,15.398,17.349,15.596,10.432,10.475
20241115100417.1,2482.63300359249,17.072,15.388,17.22,15.598,10.414,10.462
20241115100417.6,2483.14800783992,17.07,15.394,16.79,15.616,10.424,10.464
20241115100418.1,2483.65600146353,17.066,15.436,16.44,15.632,10.426,10.448
20241115100418.6,2484.16000194848,17.079,15.45,16.436,15.63,10.442,10.473
20241115100419.1,2484.68300253153,17.05,15.489,16.301,15.634,10.438,10.487
20241115100419.6,2485.21100208163,17.036,15.533,16.068,15.691,10.434,10.471
20241115100420.1,2485.72300896049,17.056,15.551,16.016,15.67,10.412,10.485
20241115100420.7,2486.23800314963,17.056,15.549,15.905,15.677,10.428,10.481
20241115100421.2,2486.75400316715,17.066,15.529,15.994,15.662,10.422,10.491
20241115100421.7,2487.26900741458,17.089,15.559,15.943,15.666,10.402,10.469
20241115100422.2,2487.78100423515,17.196,15.572,15.769,15.668,10.408,10.46
20241115100422.7,2488.28500472009,17.226,15.515,15.8,15.685,10.42,10.467
20241115100423.2,2488.78900520504,17.283,15.511,15.826,15.668,10.426,10.487
20241115100423.7,2489.3010020256,17.212,15.527,15.788,15.664,10.434,10.467
20241115100424.2,2489.80500251055,17.279,15.539,15.838,15.632,10.408,10.473
20241115100424.8,2490.33200629056,17.287,15.537,15.838,15.646,10.422,10.462
20241115100425.3,2490.84800630808,17.442,15.523,15.759,15.66,10.43,10.462
20241115100425.8,2491.3550041616,17.426,15.515,15.6,15.634,10.426,10.471
20241115100426.3,2491.86700098217,17.416,15.545,15.509,15.666,10.412,10.467
20241115100426.8,2492.38700419664,17.444,15.561,15.572,15.697,10.416,10.469
20241115100427.3,2492.90200844407,17.472,15.539,15.602,15.673,10.406,10.471
20241115100427.8,2493.41400526464,17.501,15.553,15.628,15.664,10.416,10.475
20241115100428.3,2493.92600208521,17.495,15.602,15.582,15.685,10.408,10.475
20241115100428.8,2494.4259993732,17.485,15.604,15.462,15.705,10.43,10.45
20241115100429.4,2494.94500681758,17.406,15.62,15.448,15.759,10.402,10.458
20241115100429.9,2495.45700363815,17.355,15.64,15.349,15.757,10.428,10.45
20241115100430.4,2495.97300365567,17.376,15.642,15.271,15.735,10.418,10.45
20241115100430.9,2496.4880079031,17.333,15.622,15.23,15.715,10.424,10.481
20241115100431.4,2497.00400792062,17.392,15.598,15.321,15.715,10.43,10.458
20241115100431.9,2497.50400520861,17.42,15.571,15.256,15.741,10.414,10.46
20241115100432.4,2498.01600202918,17.384,15.545,15.339,15.727,10.408,10.446
20241115100433,2498.53499941528,17.297,15.525,15.464,15.717,10.404,10.448
20241115100433.5,2499.04300309718,17.254,15.497,15.654,15.761,10.43,10.464
20241115100434,2499.54300038517,17.234,15.479,15.84,15.751,10.408,10.458
20241115100434.6,2500.18300898373,17.252,15.503,15.98,15.749,10.416,10.45
20241115100435.1,2500.69900900126,17.256,15.539,16.079,15.755,10.412,10.464
20241115100435.6,2501.21499896049,17.242,15.521,16.139,15.767,10.394,10.452
20241115100436.1,2501.71899944544,17.21,15.517,16.206,15.753,10.408,10.44
20241115100436.7,2502.23400369287,17.182,15.499,16.256,15.786,10.408,10.448
20241115100437.2,2502.75000371039,17.184,15.499,16.252,15.786,10.412,10.452
20241115100437.7,2503.26600372791,17.161,15.501,16.297,15.772,10.398,10.448
20241115100438.2,2503.77700477839,17.141,15.517,16.349,15.792,10.384,10.452
20241115100438.7,2504.29300479591,17.165,15.489,16.402,15.794,10.408,10.452
20241115100439.2,2504.7930020839,17.119,15.521,16.416,15.804,10.4,10.45
20241115100439.7,2505.29299937189,17.188,15.565,16.448,15.798,10.4,10.424
20241115100440.2,2505.80800361931,17.293,15.557,16.424,15.772,10.4,10.426
20241115100440.7,2506.3080009073,17.386,15.574,16.398,15.769,10.402,10.456
20241115100441.2,2506.82000778615,17.369,15.602,16.4,15.792,10.402,10.45
20241115100441.7,2507.32000507414,17.388,15.59,16.363,15.786,10.422,10.462
20241115100442.2,2507.82000236213,17.41,15.574,16.279,15.778,10.41,10.444
20241115100442.8,2508.3319991827,17.376,15.549,16.182,15.796,10.392,10.438
20241115100443.3,2508.83599966764,17.291,15.578,16.091,15.846,10.39,10.432
20241115100443.8,2509.3480065465,17.305,15.602,16.135,15.866,10.38,10.46
20241115100444.3,2509.86300073564,17.363,15.588,16.19,15.864,10.398,10.432
20241115100444.8,2510.38300395012,17.311,15.622,16.113,16.048,10.398,10.432
20241115100445.3,2510.89400500059,17.242,15.646,16.337,15.982,10.412,10.44
20241115100445.8,2511.40600182116,17.232,15.648,16.048,15.951,10.388,10.436
20241115100446.3,2511.90600916743,17.171,15.677,15.822,15.927,10.386,10.424
20241115100446.8,2512.42199912667,17.161,15.699,15.707,15.935,10.388,10.426
20241115100447.4,2512.9370033741,17.145,15.642,15.713,15.915,10.394,10.438
20241115100447.9,2513.45300339162,17.135,15.62,15.792,15.967,10.406,10.444
20241115100448.4,2513.95700387657,17.141,15.632,15.911,16.004,10.398,10.434
20241115100448.9,2514.46900069714,17.139,15.638,15.937,16.034,10.39,10.428
20241115100449.4,2514.98400494456,17.171,15.618,15.723,16.012,10.406,10.442
20241115100449.9,2515.50000496209,17.234,15.622,15.606,15.974,10.392,10.436
20241115100450.4,2516.01600497961,17.287,15.602,15.67,15.949,10.398,10.456
20241115100450.9,2516.52700603008,17.319,15.632,15.737,15.969,10.388,10.44
20241115100451.4,2517.02700331807,17.321,15.622,15.751,15.971,10.386,10.418
20241115100452,2517.5430033356,17.256,15.588,15.895,15.943,10.39,10.428
20241115100452.5,2518.04300062358,17.208,15.523,15.879,15.939,10.384,10.432
20241115100453,2518.55800487101,17.176,15.511,16.022,15.939,10.386,10.426
20241115100453.5,2519.07400488853,17.121,15.549,16.123,15.945,10.386,10.426
20241115100454,2519.5860017091,17.109,15.575,16.141,15.977,10.39,10.44
20241115100454.5,2520.1049990952,17.109,15.6,16.131,16.008,10.396,10.418
20241115100455,2520.61700597405,17.072,15.604,16.157,16.036,10.408,10.448
20241115100455.6,2521.13300599158,17.058,15.61,15.988,16.066,10.39,10.446
20241115100456.1,2521.65200337768,17.091,15.6,15.561,16.06,10.402,10.436
20241115100456.6,2522.16400019825,17.111,15.598,15.482,16.181,10.384,10.44
20241115100457.1,2522.68000021577,17.079,15.572,15.424,16.212,10.363,10.422
20241115100457.6,2523.1950044632,17.137,15.555,15.353,16.194,10.416,10.438
20241115100458.2,2523.73000457883,17.182,15.517,15.157,16.289,10.412,10.426
20241115100458.7,2524.2420013994,17.178,15.535,14.986,16.281,10.382,10.42
20241115100459.2,2524.75400827825,17.216,15.572,14.854,16.303,10.378,10.434
20241115100459.7,2525.27300566435,17.192,15.586,15.054,16.325,10.375,10.428
20241115100500.2,2525.78900568187,17.182,15.628,15.45,16.319,10.39,10.416
20241115100500.7,2526.30100250244,17.184,15.683,15.41,16.335,10.373,10.436
20241115100501.2,2526.80500298738,17.173,15.65,15.232,16.418,10.394,10.426
20241115100501.7,2527.32000723481,17.171,15.658,14.99,16.456,10.386,10.414
20241115100502.3,2527.83200405538,17.157,15.642,14.88,16.565,10.388,10.436
20241115100502.8,2528.34400087595,17.147,15.652,14.868,16.684,10.396,10.448
20241115100503.3,2528.85900512338,17.117,15.65,14.804,16.64,10.396,10.438
20241115100503.8,2529.3750051409,17.113,15.699,14.854,16.585,10.38,10.444
20241115100504.3,2529.89100515842,17.097,15.68,14.893,16.575,10.382,10.428
20241115100504.8,2530.40599934757,17.095,15.652,14.757,16.644,10.372,10.43
20241115100505.3,2530.91800622642,17.082,15.67,14.729,16.628,10.382,10.434
20241115100505.8,2531.42200671136,17.076,15.666,14.66,16.687,10.388,10.43
20241115100506.4,2531.93700090051,17.072,15.658,14.588,16.868,10.376,10.42
20241115100506.9,2532.45700411499,17.125,15.634,14.794,16.981,10.4,10.428
20241115100507.4,2532.97300413251,17.125,15.604,14.957,16.937,10.392,10.432
20241115100507.9,2533.48800837994,17.127,15.62,15.07,16.822,10.388,10.436
20241115100508.4,2534.00000520051,17.129,15.652,15.321,16.804,10.402,10.41
20241115100508.9,2534.51600521803,17.117,15.658,15.371,16.723,10.382,10.438
20241115100509.4,2535.0270062685,17.179,15.682,15.519,16.717,10.378,10.43
20241115100510,2535.55800318718,17.226,15.65,15.604,16.876,10.369,10.444
20241115100510.5,2536.07000000775,17.171,15.634,15.676,16.844,10.378,10.428
20241115100511,2536.59000322223,17.103,15.586,15.749,16.771,10.386,10.42
20241115100511.5,2537.1010042727,17.06,15.65,16.004,16.781,10.376,10.424
20241115100512,2537.61700429022,17.054,15.68,15.984,16.822,10.367,10.436
20241115100512.7,2538.25800865889,17.022,15.735,15.961,16.745,10.372,10.436
20241115100513.2,2538.8050083071,17.127,15.761,15.866,16.739,10.376,10.416
20241115100513.7,2539.32000249624,17.206,15.793,15.826,16.723,10.392,10.438
20241115100514.3,2539.89800177515,17.191,15.802,15.8,16.692,10.384,10.442
20241115100514.8,2540.41400179267,17.218,15.741,16.008,16.634,10.38,10.434
20241115100515.3,2540.92600867152,17.212,15.658,16.121,16.618,10.366,10.442
20241115100515.9,2541.44100286067,17.185,15.628,16.006,16.593,10.374,10.426
20241115100516.4,2541.95700287819,17.2,15.642,15.927,16.591,10.382,10.426
20241115100516.9,2542.47300289571,17.185,15.715,15.854,16.595,10.382,10.434
20241115100517.4,2542.98000074923,17.145,15.723,15.775,16.581,10.386,10.448
20241115100517.9,2543.49600076675,17.08,15.739,15.747,16.537,10.37,10.418
20241115100518.4,2544.02300454676,17.02,15.739,15.816,16.557,10.388,10.432
20241115100519,2544.55800466239,17.022,15.636,15.773,16.547,10.372,10.42
20241115100519.5,2545.06600834429,16.991,15.523,15.652,16.509,10.378,10.414
20241115100520,2545.58600150049,17.012,15.521,15.709,16.48,10.376,10.42
20241115100520.5,2546.11300528049,17.046,15.499,15.822,16.468,10.368,10.428
20241115100521,2546.62500210106,17.082,15.545,16,16.492,10.378,10.42
20241115100521.6,2547.14399948716,17.131,15.579,16.109,16.45,10.388,10.42
20241115100522.1,2547.65999950469,17.153,15.62,16.127,16.45,10.378,10.428
20241115100522.6,2548.18000271916,17.143,15.547,16.238,16.456,10.357,10.432
20241115100523.1,2548.69500696659,17.173,15.565,16.307,16.462,10.366,10.42
20241115100523.6,2549.21100698411,17.175,15.638,16.367,16.468,10.37,10.406
20241115100524.1,2549.72600117326,17.204,15.683,16.348,16.457,10.367,10.419
20241115100524.7,2550.25800392032,17.219,15.647,16.356,16.455,10.385,10.431
20241115100525.2,2550.78900083899,17.196,15.689,16.413,16.437,10.367,10.431
20241115100525.7,2551.30500085652,17.184,15.706,16.483,16.431,10.377,10.429
20241115100526.2,2551.8240083009,17.172,15.738,16.532,16.459,10.383,10.44
20241115100526.8,2552.34000831842,17.166,15.744,16.457,16.451,10.381,10.444
20241115100527.3,2552.85099931061,17.16,15.703,16.507,16.443,10.375,10.444
20241115100527.8,2553.35499979556,17.164,15.697,16.566,16.463,10.397,10.429
20241115100528.3,2553.8590002805,17.124,15.714,16.544,16.449,10.375,10.427
20241115100528.8,2554.37500029802,17.158,15.716,16.56,16.441,10.389,10.425
20241115100529.3,2554.88700717688,17.168,15.736,16.427,16.453,10.389,10.421
20241115100529.8,2555.39800822735,17.164,15.713,16.122,16.465,10.381,10.44
20241115100530.3,2555.90600185096,17.168,15.725,15.968,16.477,10.377,10.434
20241115100530.8,2556.41000233591,17.216,15.655,15.804,16.471,10.369,10.44
20241115100531.3,2556.92600235343,17.273,15.657,15.703,16.455,10.383,10.419
20241115100531.9,2557.44100660086,17.257,15.685,15.586,16.489,10.379,10.429
20241115100532.4,2557.95300342143,17.277,15.651,15.427,16.459,10.371,10.429
20241115100532.9,2558.46900343895,17.273,15.635,15.406,16.471,10.379,10.431
20241115100533.4,2558.98000448942,17.34,15.626,15.344,16.463,10.377,10.442
20241115100533.9,2559.48000177741,17.394,15.616,15.299,16.467,10.371,10.427
20241115100534.4,2559.99600179493,17.479,15.653,15.346,16.483,10.385,10.436
20241115100534.9,2560.51200181246,17.493,15.703,15.366,16.479,10.379,10.446
20241115100535.4,2561.02300286293,17.582,15.735,15.228,16.491,10.389,10.432
20241115100536,2561.53900288045,17.709,15.742,15.178,16.477,10.379,10.45
20241115100536.5,2562.05800026655,17.742,15.729,15.182,16.471,10.379,10.434
20241115100537,2562.57800348103,17.772,15.756,15.186,16.489,10.391,10.438
20241115100537.5,2563.09400349855,17.756,15.762,15.285,16.457,10.375,10.44
20241115100538,2563.62500041723,17.82,15.74,15.396,16.483,10.369,10.421
20241115100538.6,2564.13700729609,17.877,15.748,15.523,16.489,10.381,10.432
20241115100539.1,2564.65600468218,17.808,15.764,15.517,16.475,10.381,10.44
20241115100539.6,2565.16800150275,17.79,15.746,15.521,16.507,10.385,10.419
20241115100540.1,2565.68700894713,17.719,15.748,15.647,16.495,10.389,10.434
20241115100540.6,2566.18700623512,17.717,15.788,15.699,16.529,10.375,10.426
20241115100541.1,2566.70300625265,17.711,15.786,15.713,16.523,10.385,10.43
20241115100541.6,2567.22299940884,17.725,15.796,15.537,16.505,10.377,10.44
20241115100542.2,2567.74200685322,17.669,15.794,15.319,16.497,10.375,10.428
20241115100542.7,2568.25400367379,17.695,15.796,15.279,16.501,10.367,10.428
20241115100543.2,2568.76600049436,17.659,15.802,15.422,16.519,10.381,10.436
20241115100543.7,2569.28100474179,17.65,15.826,15.552,16.541,10.385,10.43
20241115100544.2,2569.79700475931,17.6,15.842,15.683,16.529,10.387,10.442
20241115100544.7,2570.31200900674,17.547,15.82,15.812,16.523,10.377,10.448
20241115100545.3,2570.84800489247,17.463,15.76,15.865,16.539,10.395,10.432
20241115100545.8,2571.36299908161,17.434,15.701,15.897,16.521,10.381,10.436
20241115100546.3,2571.88300229609,17.448,15.705,15.788,16.543,10.365,10.438
20241115100546.8,2572.39100597799,17.473,15.723,15.667,16.541,10.363,10.438
20241115100547.3,2572.91400656104,17.513,15.737,15.584,16.533,10.373,10.432
20241115100547.8,2573.42600338161,17.551,15.731,15.525,16.539,10.377,10.417
20241115100548.4,2573.94500076771,17.521,15.715,15.479,16.541,10.403,10.436
20241115100548.9,2574.46100078523,17.416,15.713,15.481,16.556,10.399,10.442
20241115100549.4,2574.99600090086,17.404,15.741,15.626,16.554,10.395,10.428
20241115100549.9,2575.50800777972,17.354,15.766,15.824,16.562,10.375,10.422
20241115100550.4,2576.01600140333,17.351,15.776,15.915,16.576,10.381,10.446
20241115100550.9,2576.5270024538,17.345,15.788,15.988,16.572,10.389,10.442
20241115100551.5,2577.05799937248,17.347,15.778,16.046,16.57,10.381,10.44
20241115100552,2577.58200578392,17.384,15.77,16.053,16.606,10.383,10.424
20241115100552.6,2578.1720045954,17.426,15.752,16.121,16.56,10.379,10.424
20241115100553.1,2578.68700884283,17.438,15.79,16.115,16.572,10.385,10.442
20241115100553.6,2579.20700199902,17.44,15.804,15.96,16.584,10.377,10.45
20241115100554.1,2579.70699928701,17.414,15.832,15.802,16.592,10.385,10.432
20241115100554.6,2580.22600673139,17.343,15.85,15.685,16.596,10.383,10.44
20241115100555.2,2580.74200674891,17.301,15.865,15.525,16.598,10.375,10.436
20241115100555.7,2581.27300366759,17.281,15.867,15.521,16.618,10.381,10.44
20241115100556.2,2581.78900368512,17.263,15.855,15.6,16.604,10.395,10.415
20241115100556.7,2582.30100050569,17.269,15.881,15.723,16.586,10.391,10.426
20241115100557.2,2582.81200155616,17.307,15.859,15.756,16.598,10.377,10.428
20241115100557.7,2583.32400843501,17.301,15.788,15.733,16.594,10.377,10.454
20241115100558.3,2583.84000845253,17.271,15.768,15.731,16.578,10.369,10.434
20241115100558.8,2584.35099944472,17.188,15.788,15.766,16.576,10.387,10.426
20241115100559.3,2584.87899899483,17.182,15.784,15.832,16.57,10.385,10.442
20241115100559.8,2585.39400324225,17.194,15.784,15.846,16.584,10.373,10.438
20241115100600.3,2585.91400645673,17.184,15.741,15.881,16.586,10.379,10.454
20241115100600.9,2586.43000647426,17.151,15.673,15.828,16.56,10.359,10.424
20241115100601.4,2586.9450006634,16.933,15.628,15.77,16.592,10.377,10.428
20241115100601.9,2587.46100068092,16.861,15.648,15.689,16.62,10.395,10.428
20241115100602.4,2587.97600492835,16.855,15.695,15.794,16.61,10.377,10.44
20241115100602.9,2588.49600814283,16.931,15.709,15.747,16.618,10.387,10.434
20241115100603.4,2589.01600129902,17.002,15.665,15.64,16.602,10.367,10.438
20241115100604,2589.53500874341,17.002,15.636,15.82,16.614,10.377,10.424
20241115100604.5,2590.05799926817,17.042,15.628,15.915,16.614,10.383,10.436
20241115100605,2590.56600295007,16.974,15.63,16.02,16.614,10.379,10.456
20241115100605.5,2591.0820029676,16.917,15.669,16.062,16.64,10.387,10.456
20241115100606,2591.59800298512,16.921,15.731,16.163,16.701,10.373,10.442
20241115100606.5,2592.11300723255,16.923,15.731,16.157,16.695,10.405,10.446
20241115100607.1,2592.63300038874,16.992,15.739,16.109,16.675,10.365,10.432
20241115100607.6,2593.14800463617,17.058,15.721,16.089,16.652,10.387,10.442
20241115100608.1,2593.66400465369,17.058,15.695,15.939,16.624,10.371,10.45
20241115100608.6,2594.18000467122,17.067,15.671,15.768,16.636,10.377,10.442
20241115100609.1,2594.69100572169,17.012,15.66,15.919,16.65,10.383,10.44
20241115100609.6,2595.20700573921,16.97,15.697,16.077,16.646,10.397,10.444
20241115100610.1,2595.72300575674,16.961,15.679,16.374,16.679,10.401,10.46
20241115100610.7,2596.23400680721,16.931,15.699,16.44,16.675,10.359,10.424
20241115100611.2,2596.75800316036,16.952,15.707,16.653,16.687,10.377,10.43
20241115100611.7,2597.26600684226,16.978,15.697,16.747,16.673,10.365,10.422
20241115100612.2,2597.7810010314,17.01,15.653,16.697,16.661,10.371,10.42
20241115100612.7,2598.29700104892,17.034,15.705,16.673,16.671,10.367,10.428
20241115100613.2,2598.81200529635,17.026,15.657,16.642,16.687,10.363,10.438
20241115100613.7,2599.32000897825,16.982,15.657,16.638,16.689,10.351,10.428
20241115100614.3,2599.83200579882,16.911,15.665,16.644,16.721,10.347,10.434
20241115100614.8,2600.34800581634,16.867,15.614,16.515,16.711,10.367,10.42
20241115100615.3,2600.86300000548,16.913,15.624,16.604,16.723,10.379,10.407
20241115100615.8,2601.37900002301,16.972,15.63,16.515,16.754,10.365,10.42
20241115100616.3,2601.89800746739,16.972,15.602,16.455,16.747,10.369,10.42
20241115100616.8,2602.40200795233,16.931,15.584,16.422,16.749,10.363,10.42
20241115100617.4,2602.93300487101,16.846,15.598,16.596,16.782,10.367,10.43
20241115100617.9,2603.44500169158,16.81,15.614,16.434,16.772,10.379,10.424
20241115100618.4,2603.96500490606,16.76,15.543,16.172,16.749,10.369,10.424
20241115100618.9,2604.4799990952,16.766,15.523,16.158,16.772,10.359,10.442
20241115100619.4,2604.99600917101,16.818,15.57,16.317,16.754,10.375,10.43
20241115100619.9,2605.5160023272,16.786,15.626,16.343,16.747,10.365,10.426
20241115100620.4,2606.02700337768,16.798,15.665,16.657,16.772,10.367,10.42
20241115100621,2606.54700659215,16.78,15.604,16.556,16.81,10.367,10.42
20241115100621.5,2607.0620007813,16.802,15.653,16.517,16.78,10.361,10.43
20241115100622,2607.57400766015,16.814,15.679,16.727,16.824,10.365,10.409
20241115100622.5,2608.09000767767,16.792,15.715,16.543,16.834,10.375,10.409
20241115100623,2608.60100872815,16.782,15.753,16.109,16.846,10.369,10.434
20241115100623.5,2609.11700874567,16.766,15.719,16.198,16.836,10.381,10.426
20241115100624.1,2609.63300876319,16.792,15.745,16.301,16.826,10.365,10.436
20241115100624.6,2610.14399975538,16.798,15.774,16.131,16.865,10.385,10.446
20241115100625.1,2610.6800056994,16.86,15.77,16.123,16.863,10.383,10.42
20241115100625.6,2611.21100261807,16.943,15.794,16.091,16.877,10.357,10.422
20241115100626.1,2611.72299943864,17.064,15.796,15.927,16.891,10.373,10.43
20241115100626.7,2612.26900331676,17.168,15.83,15.673,16.909,10.385,10.428
20241115100627.2,2612.78100013733,17.186,15.804,15.495,16.901,10.359,10.416
20241115100627.7,2613.28900381923,17.258,15.836,15.469,16.935,10.373,10.412
20241115100628.2,2613.80800120533,17.317,15.863,15.57,16.949,10.361,10.432
20241115100628.9,2614.49200473726,17.323,15.818,15.658,16.968,10.367,10.418
20241115100629.4,2615.01200795174,17.277,15.838,15.753,16.98,10.387,10.43
20241115100629.9,2615.52700214088,17.214,15.86,15.84,16.996,10.385,10.418
20241115100630.5,2616.03899896145,17.19,15.895,15.937,17.01,10.365,10.444
20241115100631,2616.55800640583,16.86,15.889,16.008,16.984,10.385,10.414
20241115100631.5,2617.0700032264,16.78,15.909,16.044,17.01,10.357,10.409
20241115100632,2617.57000051439,16.836,15.915,16.062,17.014,10.371,10.405
20241115100632.5,2618.08600053191,16.897,15.909,16.099,17.012,10.365,10.403
20241115100633,2618.60500797629,16.838,15.885,16.067,17.014,10.359,10.424
20241115100633.5,2619.12500113249,16.854,15.901,16.075,17.028,10.369,10.43
20241115100634.1,2619.64100115001,16.828,15.881,16.002,17.034,10.365,10.418
20241115100634.6,2620.15600539744,16.824,15.903,15.962,17.038,10.371,10.422
20241115100635.1,2620.68000175059,16.786,15.893,15.78,17.089,10.355,10.414
20241115100635.6,2621.19100280106,16.824,15.907,15.652,17.107,10.371,10.428
20241115100636.1,2621.71100601554,16.862,15.925,15.608,17.147,10.379,10.405
20241115100636.7,2622.23799973726,16.897,15.927,15.592,17.153,10.367,10.422
20241115100637.2,2622.75000661612,16.895,15.947,15.42,17.153,10.361,10.412
20241115100637.7,2623.26200343668,16.887,15.949,15.513,17.18,10.375,10.428
20241115100638.2,2623.78100082278,16.871,15.957,15.65,17.218,10.363,10.416
20241115100638.7,2624.29300770164,16.877,15.98,15.725,17.204,10.377,10.428
20241115100639.2,2624.8050045222,16.854,15.961,15.776,17.18,10.351,10.422
20241115100639.8,2625.32800510526,16.802,15.947,15.695,17.17,10.361,10.405
20241115100640.3,2625.84800831974,16.826,15.905,15.658,17.176,10.357,10.416
20241115100640.8,2626.36300250888,16.784,15.895,15.6,17.184,10.371,10.409
20241115100641.3,2626.88700892031,16.842,15.84,15.592,17.224,10.347,10.416
20241115100641.8,2627.3979999125,16.889,15.792,15.564,17.337,10.355,10.405
20241115100642.3,2627.91800312698,16.889,15.751,15.515,17.503,10.367,10.416
20241115100642.9,2628.42999994755,16.877,15.709,15.442,17.551,10.357,10.418
20241115100643.4,2628.94900739193,16.903,15.731,15.479,17.515,10.385,10.401
20241115100643.9,2629.46500740945,16.964,15.745,15.426,17.553,10.357,10.426
20241115100644.4,2629.98400479555,16.957,15.733,15.345,17.66,10.353,10.409
20241115100644.9,2630.51200434566,16.937,15.743,15.273,17.618,10.375,10.403
20241115100645.4,2631.02700859308,16.913,15.729,15.325,17.564,10.347,10.424
20241115100646,2631.56200870872,16.909,15.757,15.299,17.563,10.363,10.409
20241115100646.5,2632.07400552928,16.86,15.749,15.252,17.675,10.361,10.401
20241115100647,2632.58600234985,16.832,15.717,15.186,17.776,10.349,10.409
20241115100647.5,2633.10100659728,16.818,15.719,14.955,18.095,10.377,10.416
20241115100648,2633.6170066148,16.786,15.707,14.836,18.353,10.363,10.389
20241115100648.6,2634.13300663233,16.774,15.719,14.812,18.384,10.345,10.43
20241115100649.1,2634.64800082147,16.78,15.727,14.814,18.347,10.373,10.409
20241115100649.6,2635.1830009371,16.798,15.725,14.689,18.6,10.363,10.409
20241115100650.1,2635.69900095463,16.84,15.729,14.84,18.557,10.357,10.42
20241115100650.6,2636.22600473464,16.86,15.782,15.052,18.321,10.353,10.416
20241115100651.2,2636.74200475216,16.848,15.838,15.267,18.222,10.349,10.407
20241115100651.7,2637.25400157273,16.844,15.885,15.277,18.216,10.353,10.412
20241115100652.2,2637.76900582016,16.842,15.871,15.089,18.295,10.355,10.403
20241115100652.7,2638.28100264072,16.869,15.891,15.234,18.339,10.355,10.393
20241115100653.2,2638.79700265825,16.889,15.899,15.228,18.374,10.345,10.42
20241115100653.7,2639.30800370872,16.931,15.955,15.038,18.299,10.351,10.407
20241115100654.2,2639.82400372624,16.937,15.955,15.161,18.202,10.369,10.409
20241115100654.8,2640.34000374377,16.947,15.966,15.198,18.18,10.357,10.422
20241115100655.3,2640.85100479424,16.947,16,15.145,18.129,10.353,10.412
20241115100655.8,2641.36300161481,16.943,16.026,15.616,18.111,10.351,10.407
20241115100656.3,2641.87900163233,16.951,16.022,15.937,18.103,10.355,10.399
20241115100656.8,2642.39400587976,16.982,16.022,16.139,18.095,10.371,10.418
20241115100657.3,2642.91400909424,17.026,16,16.335,18.087,10.361,10.393
20241115100657.9,2643.42999905348,17.099,15.964,16.299,18.064,10.367,10.399
20241115100658.4,2643.94100010395,17.079,15.921,16.327,18.056,10.355,10.42
20241115100658.9,2644.46100331843,17.119,15.84,16.444,18.04,10.363,10.399
20241115100659.4,2644.98800709844,17.133,15.903,16.578,18.058,10.351,10.412
20241115100659.9,2645.50800025463,17.17,15.929,16.596,18.064,10.361,10.409
20241115100700.4,2646.0190013051,17.232,15.966,16.636,18.109,10.351,10.414
20241115100701,2646.53100818396,17.248,15.978,16.705,18.095,10.371,10.377
20241115100701.5,2647.04700820148,17.204,15.998,16.741,18.109,10.353,10.424
20241115100702,2647.56200239062,17.172,15.905,16.733,18.121,10.357,10.405
20241115100702.5,2648.07800240815,17.119,15.867,16.733,18.113,10.351,10.412
20241115100703,2648.59400242567,17.056,15.867,16.739,18.135,10.349,10.403
20241115100703.5,2649.10500347614,17.056,15.863,16.828,18.155,10.347,10.393
20241115100704,2649.62100349367,17.046,15.838,16.846,18.135,10.357,10.409
20241115100704.6,2650.13700351119,17.091,15.814,16.812,18.23,10.383,10.399
20241115100705.1,2650.65200775862,17.105,15.822,16.792,18.254,10.357,10.414
20241115100705.6,2651.16800777614,17.174,15.81,16.81,18.218,10.363,10.403
20241115100706.1,2651.68700516224,17.115,15.836,16.812,18.194,10.349,10.407
20241115100706.6,2652.19900198281,17.058,15.863,16.772,18.198,10.363,10.397
20241115100707.1,2652.71900519729,17.097,15.854,16.662,18.17,10.349,10.407
20241115100707.7,2653.23000624776,17.064,15.826,16.541,18.212,10.349,10.385
20241115100708.2,2653.74600626528,17.109,15.832,16.418,18.21,10.353,10.395
20241115100708.7,2654.25800308585,17.182,15.81,16.305,18.242,10.353,10.381
20241115100709.2,2654.77300733328,17.283,15.832,16.256,18.208,10.343,10.412
20241115100709.7,2655.28500415385,17.323,15.818,16.246,18.224,10.371,10.407
20241115100710.2,2655.81600107253,17.363,15.834,16.19,18.22,10.347,10.407
20241115100710.8,2656.34800381958,17.384,15.828,16.129,18.222,10.369,10.414
20241115100711.3,2656.85900487006,17.37,15.836,16.028,18.22,10.355,10.412
20241115100711.8,2657.37900808454,17.345,15.84,15.949,18.184,10.357,10.407
20241115100712.3,2657.89800547063,17.228,15.848,15.931,18.182,10.363,10.422
20241115100712.8,2658.41800868511,17.192,15.846,15.885,18.178,10.351,10.414
20241115100713.4,2658.93000550568,17.097,15.846,15.867,18.194,10.361,10.401
20241115100713.9,2659.44499969482,17,15.875,15.822,18.19,10.365,10.407
20241115100714.4,2659.96099971235,16.966,15.887,15.879,18.204,10.369,10.405
20241115100714.9,2660.4730065912,16.919,15.861,15.818,18.18,10.345,10.409
20241115100715.4,2661.00400350988,16.933,15.85,15.78,18.18,10.355,10.395
20241115100715.9,2661.52300089598,16.957,15.808,15.745,18.212,10.353,10.412
20241115100716.5,2662.03500777483,16.955,15.822,15.743,18.216,10.347,10.391
20241115100717,2662.55100779235,16.992,15.854,15.863,18.234,10.361,10.414
20241115100717.5,2663.0660019815,16.992,15.877,16.079,18.224,10.359,10.422
20241115100718,2663.59800472856,16.966,15.873,16.196,18.246,10.349,10.412
20241115100718.5,2664.10900577903,16.943,15.897,16.176,18.25,10.353,10.403
20241115100719,2664.62500579655,16.939,15.929,16.21,18.262,10.333,10.401
20241115100719.6,2665.14100581408,16.951,15.86,16.438,18.264,10.349,10.393
20241115100720.1,2665.66000320017,16.921,15.846,16.559,18.238,10.345,10.393
20241115100720.6,2666.18000641465,16.881,15.822,16.547,18.25,10.361,10.418
20241115100721.1,2666.69100746512,16.85,15.83,16.578,18.281,10.351,10.391
20241115100721.6,2667.20700748265,16.824,15.814,16.78,18.285,10.355,10.42
20241115100722.1,2667.72300750017,16.772,15.814,16.891,18.269,10.347,10.403
20241115100722.7,2668.23400855064,16.733,15.816,17.065,18.303,10.363,10.399
20241115100723.2,2668.76600123942,16.751,15.749,16.992,18.301,10.361,10.405
20241115100723.7,2669.28100548685,16.683,15.739,16.885,18.293,10.351,10.393
20241115100724.2,2669.79700550437,16.703,15.723,17.099,18.317,10.347,10.424
20241115100724.7,2670.31199969351,16.755,15.735,17.404,18.347,10.351,10.401
20241115100725.2,2670.82400657237,16.766,15.772,17.412,18.345,10.359,10.412
20241115100725.8,2671.35500349104,16.766,15.8,17.622,18.404,10.373,10.409
20241115100726.3,2671.8870062381,16.784,15.792,17.527,18.42,10.337,10.405
20241115100726.8,2672.39800728858,16.792,15.798,17.277,18.424,10.355,10.409
20241115100727.4,2672.93300740421,16.838,15.848,17.058,18.442,10.355,10.414
20241115100727.9,2673.44500422478,16.905,15.852,16.867,18.462,10.353,10.409
20241115100728.4,2673.9610042423,16.955,15.889,16.739,18.489,10.351,10.403
20241115100728.9,2674.47600848973,16.917,15.863,16.596,18.475,10.349,10.416
20241115100729.4,2674.99200850725,16.863,15.83,16.456,18.501,10.343,10.403
20241115100729.9,2675.50800852478,16.858,15.776,16.321,18.485,10.367,10.412
20241115100730.4,2676.02300271392,16.927,15.802,16.216,18.505,10.363,10.405
20241115100731,2676.5430059284,16.986,15.792,16.145,18.509,10.357,10.414
20241115100731.5,2677.05500274897,17.008,15.802,15.925,18.525,10.353,10.407
20241115100732,2677.56600379944,16.941,15.792,15.834,18.515,10.353,10.397
20241115100732.5,2678.08600701392,16.901,15.802,15.873,18.543,10.361,10.401
20241115100733,2678.59800383449,16.897,15.824,16.012,18.563,10.351,10.407
20241115100733.5,2679.11300808191,16.919,15.816,16.159,18.586,10.361,10.395
20241115100734.1,2679.62900809944,16.947,15.832,16.252,18.608,10.353,10.399
20241115100734.6,2680.14100492001,17.048,15.883,16.299,18.618,10.357,10.399
20241115100735.1,2680.67200183868,17.133,15.846,16.252,18.687,10.361,10.379
20241115100735.6,2681.18700608611,17.18,15.861,16.206,18.685,10.353,10.399
20241115100736.1,2681.69900290668,17.258,15.836,16.198,18.683,10.353,10.399
20241115100736.6,2682.21900612116,17.313,15.84,16.206,18.691,10.363,10.397
20241115100737.2,2682.74599984288,17.37,15.84,16.168,18.697,10.351,10.399
20241115100737.7,2683.27700681984,17.331,15.81,16.022,18.725,10.343,10.387
20241115100738.2,2683.79300683737,17.281,15.867,15.879,18.818,10.361,10.399
20241115100738.7,2684.30500365794,17.204,15.901,16.069,18.915,10.361,10.42
20241115100739.2,2684.82000790536,17.095,15.937,16.143,18.913,10.367,10.403
20241115100739.8,2685.33600792289,17.065,15.917,16.592,18.877,10.361,10.418
20241115100740.3,2685.84800474346,17.014,15.953,16.895,18.907,10.367,10.403
20241115100740.8,2686.36300899088,16.974,15.899,16.961,18.919,10.353,10.399
20241115100741.3,2686.87900900841,16.927,15.881,17.036,18.921,10.355,10.416
20241115100741.8,2687.39400319755,16.917,15.885,17.291,18.947,10.369,10.407
20241115100742.3,2687.92600594461,16.907,15.816,17.155,18.931,10.347,10.414
20241115100742.9,2688.43700699508,16.838,15.846,17.491,18.945,10.351,10.399
20241115100743.4,2688.95300701261,16.873,15.899,17.602,18.965,10.337,10.383
20241115100743.9,2689.46900703013,16.875,15.923,17.539,18.982,10.347,10.409
20241115100744.4,2689.98400121927,16.875,15.905,17.475,18.988,10.353,10.391
20241115100744.9,2690.5000012368,16.818,15.901,17.016,19.016,10.369,10.403
20241115100745.4,2691.01600125432,16.81,15.947,16.642,19.052,10.353,10.409
20241115100746,2691.53100550175,16.806,15.962,16.287,19.071,10.367,10.407
20241115100746.5,2692.0550018549,16.741,16.002,16.196,19.099,10.375,10.405
20241115100747,2692.59800836444,16.707,16.01,16.325,19.089,10.357,10.397
20241115100747.5,2693.11700575054,16.658,15.994,16.683,19.115,10.353,10.405
20241115100748.1,2693.63300576806,16.642,15.982,16.996,19.165,10.345,10.405
20241115100748.6,2694.13300305605,16.582,15.939,17.054,19.188,10.363,10.414
20241115100749.1,2694.66399997473,16.562,15.927,16.794,19.22,10.379,10.416
20241115100749.6,2695.19500695169,16.634,15.961,16.263,19.293,10.351,10.393
20241115100750.1,2695.72600387037,16.662,15.996,15.852,19.414,10.357,10.42
20241115100750.7,2696.24200388789,16.778,16.006,15.648,19.475,10.345,10.391
20241115100751.2,2696.75800390542,16.873,16.006,15.667,19.523,10.357,10.393
20241115100751.7,2697.27300815284,16.915,16.004,15.713,19.471,10.347,10.409
20241115100752.2,2697.78900817037,17.056,15.982,15.675,19.485,10.357,10.412
20241115100752.7,2698.30100499094,17.264,15.978,15.442,19.521,10.353,10.401
20241115100753.3,2698.83200190961,17.315,15.962,15.309,19.586,10.351,10.412
20241115100753.8,2699.34400878847,17.265,15.951,15.198,19.59,10.353,10.397
20241115100754.3,2699.86300617456,17.224,15.962,15.222,19.622,10.361,10.395
20241115100754.8,2700.39100572467,17.236,15.962,15.242,19.592,10.365,10.42
20241115100755.3,2700.90200677514,17.214,16.01,15.202,19.662,10.365,10.407
20241115100755.8,2701.42600312829,17.186,16.026,15.341,19.725,10.345,10.391
20241115100756.4,2701.96899957955,17.228,16.042,15.353,19.749,10.365,10.405
20241115100756.9,2702.49600335956,17.309,16.024,15.234,19.822,10.355,10.379
20241115100757.4,2703.02700027823,17.258,16.034,15.277,19.901,10.349,10.397
20241115100758,2703.5580072552,17.248,16.063,15.242,20.046,10.341,10.399
20241115100758.5,2704.07000407577,17.145,16.056,15.244,19.978,10.353,10.405
20241115100759,2704.59800362587,17.113,16.054,15.384,19.984,10.353,10.395
20241115100759.5,2705.10900467634,17.085,16.054,15.578,19.947,10.341,10.401
20241115100800.1,2705.62900789082,17.101,16.034,15.717,19.955,10.365,10.389
20241115100800.6,2706.14400207996,17.107,16.036,15.788,19.972,10.343,10.393
20241115100801.1,2706.66000209749,17.03,16.022,15.881,19.97,10.355,10.395
20241115100801.6,2707.18700587749,16.974,16.024,15.935,19.941,10.355,10.395
20241115100802.1,2707.69900269806,16.984,15.994,15.972,20.012,10.357,10.387
20241115100802.6,2708.21500271559,17.03,16.014,16.008,20.024,10.353,10.379
20241115100803.1,2708.72600376606,17.018,15.994,15.99,20.064,10.355,10.393
20241115100803.7,2709.26199965179,17.022,15.98,15.802,20.085,10.345,10.389
20241115100804.2,2709.76900756359,17.006,15.943,15.762,20.129,10.349,10.383
20241115100804.7,2710.28500758111,16.978,15.962,15.762,20.135,10.347,10.403
20241115100805.2,2710.80100759864,16.911,15.939,15.733,20.153,10.355,10.393
20241115100805.7,2711.31600178778,16.899,15.895,15.64,20.226,10.361,10.397
20241115100806.3,2711.83200180531,16.913,15.844,15.586,20.301,10.359,10.387
20241115100806.8,2712.35900558531,16.925,15.804,15.477,20.353,10.345,10.391
20241115100807.3,2712.87500560284,16.913,15.871,15.281,20.376,10.351,10.379
20241115100807.8,2713.38700242341,16.931,15.909,15.351,20.38,10.343,10.391
20241115100808.3,2713.90200667083,16.968,15.972,15.576,20.432,10.351,10.391
20241115100808.8,2714.41800668836,17.046,15.986,15.61,20.456,10.359,10.414
20241115100809.4,2714.96100313962,17.058,16.022,15.392,20.519,10.343,10.381
20241115100809.9,2715.48000052571,17.103,16.022,15.353,20.563,10.347,10.375
20241115100810.4,2715.99200740457,17.062,16.048,15.501,20.557,10.343,10.377
20241115100810.9,2716.50800742209,17.127,15.966,15.596,20.572,10.333,10.399
20241115100811.4,2717.01900847256,17.101,15.943,15.493,20.612,10.367,10.391
20241115100812,2717.53100529313,17.01,15.959,15.446,20.634,10.347,10.383
20241115100812.5,2718.05100850761,17.004,15.988,15.475,20.666,10.345,10.377
20241115100813,2718.5619994998,17.018,15.988,15.628,20.697,10.357,10.397
20241115100813.5,2719.07799951732,17.067,16.022,15.782,20.743,10.351,10.397
20241115100814,2719.59399953485,17.095,16,15.881,20.804,10.329,10.412
20241115100814.5,2720.10900378227,17.147,15.994,15.83,20.967,10.333,10.383
20241115100815,2720.62100060284,17.174,16.022,15.788,21.018,10.343,10.395
20241115100815.6,2721.13700062037,17.117,16.018,15.646,21.077,10.347,10.379
20241115100816.1,2721.66800759733,17.121,16.042,15.677,21.105,10.345,10.379
20241115100816.6,2722.19900451601,17.153,16.073,15.667,21.119,10.329,10.379
20241115100817.1,2722.71100133657,17.127,16.073,15.59,21.125,10.353,10.397
20241115100817.6,2723.22300821543,17.153,16.101,15.456,21.159,10.351,10.373
20241115100818.2,2723.73800240457,17.163,16.077,15.315,21.184,10.343,10.409
20241115100818.7,2724.25400242209,17.069,16.065,15.311,21.25,10.353,10.375
20241115100819.2,2724.7810062021,16.976,16.077,15.396,21.25,10.341,10.401
20241115100819.7,2725.31600631773,16.913,16.109,15.45,21.301,10.345,10.381
20241115100820.3,2725.83200633526,16.796,16.079,15.44,21.464,10.341,10.371
20241115100820.8,2726.34400315583,16.753,16.097,15.551,21.685,10.349,10.393
20241115100821.3,2726.85900740325,16.723,16.137,15.568,21.656,10.347,10.385
20241115100821.8,2727.38700695336,16.854,16.119,15.299,21.588,10.343,10.387
20241115100822.3,2727.9020011425,16.963,16.067,15.238,21.592,10.345,10.385
20241115100822.8,2728.41800116003,17.087,16.048,15.287,21.638,10.353,10.391
20241115100823.4,2728.93300540745,17.056,16.032,15.26,21.735,10.327,10.371
20241115100823.9,2729.46500815451,17.054,16.046,15.368,21.844,10.329,10.371
20241115100824.4,2729.98000234365,17.071,16.091,15.551,21.935,10.341,10.387
20241115100824.9,2730.49200922251,17.085,16.087,15.669,21.951,10.347,10.381
20241115100825.4,2731.00400604308,17.079,16.091,15.768,22.01,10.341,10.357
20241115100825.9,2731.52300342917,17.075,16.105,15.838,22.032,10.345,10.369
20241115100826.5,2732.04300664365,17.113,16.115,15.881,22.036,10.343,10.371
20241115100827,2732.55100026727,17.109,16.105,15.909,22.058,10.341,10.379
20241115100827.5,2733.07000771165,17.056,16.073,15.907,22.113,10.337,10.381
20241115100828,2733.59800726175,16.923,16.006,15.889,22.16,10.331,10.385
20241115100828.5,2734.1130014509,16.858,16,15.808,22.221,10.349,10.377
20241115100829.1,2734.62900146842,16.824,16,15.812,22.246,10.335,10.373
20241115100829.6,2735.14100834727,16.701,15.992,15.844,22.278,10.32,10.385
20241115100830.1,2735.66400893033,16.665,16.006,15.794,22.35,10.331,10.377
20241115100830.6,2736.18300631642,16.677,15.982,15.713,22.444,10.343,10.367
20241115100831.1,2736.69900633395,16.64,15.937,15.634,22.473,10.318,10.381
20241115100831.6,2737.22600005567,16.521,15.923,15.576,22.477,10.335,10.379
20241115100832.2,2737.74600327015,16.557,15.937,15.634,22.554,10.333,10.379
20241115100832.7,2738.26200328767,16.596,15.917,15.632,22.613,10.335,10.389
20241115100833.2,2738.7770075351,16.64,15.925,15.677,22.671,10.329,10.375
20241115100833.7,2739.29300755262,16.743,15.935,15.618,22.738,10.329,10.367
20241115100834.2,2739.82000127435,16.733,15.961,15.557,22.797,10.349,10.357
20241115100834.8,2740.33600129187,16.782,16.004,15.588,22.832,10.314,10.377
20241115100835.3,2740.86700826883,16.782,15.966,15.56,22.889,10.318,10.367
20241115100835.8,2741.39400199056,16.802,15.907,15.477,22.987,10.341,10.369
20241115100836.3,2741.91400520504,16.822,15.911,15.543,23.026,10.341,10.379
20241115100836.9,2742.43000522256,16.814,15.931,15.485,23.124,10.341,10.383
20241115100837.4,2742.9449994117,16.772,15.885,15.414,23.179,10.331,10.375
20241115100837.9,2743.46500262618,16.76,15.876,15.385,23.27,10.338,10.37
20241115100838.4,2743.97600367665,16.734,15.847,15.36,23.358,10.326,10.39
20241115100838.9,2744.49200369418,16.716,15.817,15.33,23.475,10.338,10.374
20241115100839.4,2745.00400051475,16.74,15.809,15.27,24.032,10.344,10.374
20241115100839.9,2745.52300795913,16.787,15.825,15.362,24.051,10.352,10.376
20241115100840.5,2746.03900797665,16.813,15.811,15.433,24.114,10.334,10.372
20241115100841,2746.55100479722,16.754,15.835,15.536,24.198,10.332,10.378
20241115100841.5,2747.08600491285,16.704,15.861,15.641,24.2,10.344,10.372
20241115100842,2747.59800173342,16.686,15.886,15.544,24.361,10.332,10.384
20241115100842.6,2748.12900871038,16.791,15.912,15.445,24.549,10.366,10.382
20241115100843.1,2748.64100553095,16.851,15.962,15.465,24.551,10.334,10.372
20241115100843.6,2749.1559997201,16.825,15.993,15.484,24.535,10.336,10.376
20241115100844.1,2749.67600293458,16.805,15.979,15.476,24.535,10.328,10.36
20241115100844.6,2750.18700398505,16.851,15.983,15.431,24.594,10.346,10.382
20241115100845.1,2750.69900080562,16.89,15.966,15.381,24.676,10.346,10.407
20241115100845.6,2751.21500082314,16.932,15.914,15.447,24.797,10.344,10.413
20241115100846.2,2751.73400826752,16.971,15.888,15.53,24.907,10.346,10.362
20241115100846.7,2752.25000828505,16.975,15.882,15.653,24.978,10.336,10.38
20241115100847.2,2752.76600830257,16.904,15.904,15.768,24.889,10.332,10.374
20241115100847.7,2753.28100249171,16.867,15.914,15.726,24.95,10.344,10.376
20241115100848.2,2753.79700250924,16.809,15.888,15.75,25.083,10.322,10.38
20241115100848.7,2754.31599989533,16.766,15.96,15.926,25.185,10.338,10.392
20241115100849.3,2754.83199991286,16.722,15.962,16.114,25.43,10.35,10.366
20241115100849.8,2755.34799993038,16.724,16.029,16.272,25.573,10.328,10.39
20241115100850.3,2755.86300417781,16.671,16.036,16.511,25.599,10.329,10.369
20241115100850.8,2756.37900419533,16.63,15.996,16.495,25.623,10.331,10.365
20241115100851.3,2756.8910010159,16.662,15.931,16.434,25.705,10.322,10.359
20241115100851.8,2757.41000846028,16.663,15.895,16.456,25.923,10.333,10.369
20241115100852.4,2757.94500857592,16.644,15.889,16.362,26.087,10.337,10.385
20241115100852.9,2758.46100859344,16.658,15.901,16.317,26.111,10.318,10.375
20241115100853.4,2758.97600278258,16.665,15.861,16.277,26.126,10.32,10.371
20241115100853.9,2759.52700562775,16.656,15.844,16.349,26.097,10.325,10.349
20241115100854.5,2760.04700884223,16.667,15.912,16.453,26.499,10.324,10.37
20241115100855,2760.58200895786,16.684,15.805,16.548,26.48,10.334,10.374
20241115100855.5,2761.09400577843,16.699,15.812,16.345,26.436,10.327,10.389
20241115100856,2761.61300316453,16.747,15.871,16.281,26.545,10.32,10.373
20241115100856.6,2762.12900318205,16.776,15.909,16.218,26.698,10.339,10.361
20241115100857.1,2762.64400742948,16.778,15.913,16.202,26.82,10.329,10.361
20241115100857.6,2763.15600425005,16.822,15.927,16.117,26.818,10.327,10.345
20241115100858.1,2763.67200426757,16.899,15.97,16.079,26.906,10.312,10.363
20241115100858.6,2764.18300531805,16.85,15.978,16.016,26.953,10.327,10.377
20241115100859.1,2764.69900533557,16.8,15.972,15.941,26.986,10.335,10.361
20241115100859.6,2765.22300168872,16.776,15.953,16.269,27.207,10.327,10.389
20241115100900.2,2765.73800593615,16.723,15.957,16.265,27.309,10.335,10.375
20241115100900.7,2766.28500558436,16.663,15.91,16.415,27.287,10.317,10.39
20241115100901.2,2766.80100560188,16.672,15.918,16.399,27.512,10.338,10.356
20241115100901.7,2767.31200665236,16.674,15.938,16.403,27.569,10.34,10.364
20241115100902.3,2767.84000620246,16.704,15.966,16.35,27.735,10.342,10.376
20241115100902.8,2768.3550003916,16.674,15.997,16.352,27.818,10.324,10.378
20241115100903.3,2768.87100040913,16.649,16.027,16.437,27.886,10.334,10.378
20241115100903.8,2769.3910036236,16.641,15.991,16.5,27.962,10.334,10.386
20241115100904.3,2769.91400420666,16.536,15.973,16.603,28.119,10.336,10.37
20241115100904.9,2770.43000422418,16.516,15.942,16.524,28.229,10.33,10.386
20241115100905.4,2770.95700800419,16.534,15.876,16.368,28.333,10.346,10.388
20241115100905.9,2771.47300802171,16.579,15.88,16.274,28.435,10.313,10.38
20241115100906.4,2772.00400494039,16.609,15.906,16.211,28.564,10.338,10.386
20241115100906.9,2772.51899912953,16.629,15.928,16.164,28.711,10.334,10.394
20241115100907.5,2773.04700873792,16.667,15.936,16.207,28.908,10.334,10.374
20241115100908,2773.59400838614,16.674,15.954,16.213,29.163,10.322,10.368
20241115100908.5,2774.10900257528,16.661,15.962,16.259,29.294,10.315,10.366
20241115100909.1,2774.63700212538,16.686,15.997,16.274,29.51,10.34,10.386
20241115100909.6,2775.15200637281,16.696,16.015,16.393,29.741,10.336,10.366
20241115100910.1,2775.66800639033,16.722,16.027,16.53,29.903,10.334,10.368
20241115100910.6,2776.19900330901,16.686,16.041,16.522,30.001,10.324,10.376
20241115100911.1,2776.71100012958,16.734,16.069,16.526,30.137,10.338,10.382
20241115100911.6,2777.22300700843,16.762,16.086,16.508,30.419,10.317,10.388
20241115100912.2,2777.73400805891,16.716,16.12,16.51,30.563,10.334,10.366
20241115100912.7,2778.25000807643,16.754,16.096,16.532,30.738,10.338,10.382
20241115100913.2,2778.78100499511,16.821,16.098,16.631,31.057,10.338,10.38
20241115100913.7,2779.31200191379,16.859,16.11,16.643,31.051,10.336,10.354
20241115100914.3,2779.84400466084,16.87,16.011,16.641,31.339,10.336,10.374
20241115100914.8,2780.3670052439,16.849,15.942,16.623,31.786,10.34,10.374
20241115100915.3,2780.88300526142,16.883,16.001,16.607,32.04,10.35,10.399
20241115100915.8,2781.39799945056,16.936,16.047,16.643,32.755,10.352,10.392
20241115100916.3,2781.91399946809,16.944,16.116,16.688,32.759,10.344,10.38
20241115100916.9,2782.42999948561,16.978,16.116,16.995,32.583,10.326,10.386
20241115100917.4,2782.94500373304,16.976,16.138,16.896,32.759,10.33,10.384
20241115100917.9,2783.45700055361,16.964,16.136,16.568,33.047,10.346,10.372
20241115100918.4,2783.96900743246,16.906,16.114,16.255,33.564,10.338,10.399
20241115100918.9,2784.4840016216,16.952,16.15,16.391,34.12,10.336,10.374
20241115100919.4,2785.00800803304,16.972,16.154,16.393,34.116,10.332,10.386
20241115100919.9,2785.52300222218,16.904,16.136,16.279,34.009,10.336,10.376
20241115100920.5,2786.0390022397,16.892,16.082,16.082,34.099,10.344,10.368
20241115100921,2786.56999915838,16.815,16.043,16.088,34.377,10.332,10.386
20241115100921.5,2787.08600923419,16.771,16.013,15.977,34.561,10.342,10.374
20241115100922,2787.60100342333,16.874,16.041,15.728,35.064,10.326,10.37
20241115100922.5,2788.11700344086,16.878,16.057,15.669,35.38,10.336,10.388
20241115100923.1,2788.65200355649,16.805,16.067,15.87,35.67,10.332,10.376
20241115100923.6,2789.16400037706,16.748,16.049,16.049,35.976,10.324,10.37
20241115100924.1,2789.68000039458,16.746,15.987,16.14,36.475,10.332,10.378
20241115100924.6,2790.19100144506,16.777,16.007,16.308,37.081,10.35,10.378
20241115100925.1,2790.70700146258,16.736,16.005,16.589,37.056,10.326,10.366
20241115100925.7,2791.23400524259,16.742,16.063,16.625,37.105,10.328,10.38
20241115100926.2,2791.76600798965,16.682,16.043,16.635,37.953,10.334,10.372
20241115100926.7,2792.31200180948,16.669,16.037,16.645,38.44,10.354,10.364
20241115100927.3,2792.828001827,16.635,16.074,16.692,38.543,10.32,10.366
20241115100927.8,2793.34400184453,16.594,16.099,16.681,38.41,10.318,10.371
20241115100928.3,2793.85900609195,16.624,16.133,16.697,38.768,10.314,10.375
20241115100928.8,2794.37500610948,16.624,16.135,16.654,39.953,10.343,10.353
20241115100929.3,2794.88700293005,16.628,16.168,16.723,41.297,10.304,10.357
20241115100929.8,2795.40600031614,16.61,16.206,16.485,45.48,10.31,10.357
20241115100930.3,2795.918007195,16.616,16.182,16.271,44.079,10.331,10.371
20241115100930.9,2796.43300138414,16.632,16.208,16.192,42.679,10.337,10.365
20241115100931.4,2796.94500826299,16.646,16.137,16.192,42.307,10.329,10.367
20241115100931.9,2797.49200791121,16.671,16.146,16.051,43.284,10.328,10.372
20241115100932.4,2798.00800792873,16.674,16.162,16.112,43.154,10.336,10.36
20241115100933,2798.53500165045,16.629,16.158,16.257,43.803,10.328,10.388
20241115100933.5,2799.05500486493,16.605,16.082,16.27,45.543,10.311,10.362
20241115100934,2799.5660059154,16.593,16.013,16.247,44.095,10.338,10.374
20241115100934.5,2800.09800866246,16.589,16.003,16.302,43.95,10.295,10.392
20241115100935,2800.61300285161,16.591,16.069,16.193,45.199,10.332,10.378
20241115100935.6,2801.12900286913,16.655,16.094,16.292,45.255,10.326,10.386
20241115100936.1,2801.64400711656,16.631,16.136,15.863,49.009,10.315,10.368
20241115100936.6,2802.15600393713,16.631,16.205,15.795,48.725,10.322,10.384
20241115100937.1,2802.67200395465,16.623,16.233,16.225,52.872,10.332,10.39
20241115100937.6,2803.18700820208,16.629,16.247,16.411,52.282,10.33,10.378
20241115100938.1,2803.7030082196,16.647,16.286,16.522,56.003,10.311,10.372
20241115100938.6,2804.21900823712,16.672,16.312,16.607,56.54,10.324,10.37
20241115100939.2,2804.73400242627,16.714,16.308,16.492,56.874,10.32,10.378
20241115100939.7,2805.25000244379,16.7,16.312,16.199,56.35,10.326,10.374
20241115100940.2,2805.76899982989,16.72,16.276,15.991,56.381,10.313,10.374
20241115100940.7,2806.28100670874,16.744,16.276,16.148,57.11,10.326,10.368
20241115100941.2,2806.80099986494,16.77,16.292,16.263,56.323,10.33,10.376
20241115100941.7,2807.31600411236,16.797,16.318,16.286,55.64,10.338,10.366
20241115100942.3,2807.83600732684,16.821,16.294,15.999,56.034,10.317,10.362
20241115100942.8,2808.34800414741,16.835,16.255,15.942,57.3,10.315,10.372
20241115100943.3,2808.86300839484,16.843,16.235,15.977,58.03,10.322,10.344
20241115100943.8,2809.37900841236,16.849,16.189,15.964,58.965,10.313,10.36
20241115100944.3,2809.8940026015,16.845,16.17,15.948,59.747,10.326,10.364
20241115100944.8,2810.41000261903,16.857,16.136,15.91,61.618,10.32,10.372
20241115100945.3,2810.92600263655,16.829,16.12,15.964,59.96,10.338,10.374
20241115100945.9,2811.44100688398,16.874,16.106,15.962,59.007,10.338,10.364
20241115100946.4,2811.9570069015,16.863,16.071,16.031,59.653,10.344,10.39
20241115100946.9,2812.46900372207,16.898,16.079,16.18,59.816,10.34,10.396
20241115100947.4,2812.9840079695,16.896,16.106,16.215,59.078,10.317,10.368
20241115100947.9,2813.49600479007,16.928,16.142,16.259,59.519,10.317,10.386
20241115100948.4,2814.02300857008,16.874,16.096,16.263,59.504,10.317,10.384
20241115100949,2814.5390085876,16.87,16.136,16.288,61.908,10.32,10.378
20241115100949.5,2815.05100540817,16.847,16.181,16.334,61.721,10.309,10.39
20241115100950,2815.56599959731,16.784,16.181,16.332,62.202,10.33,10.384
20241115100950.5,2816.08600281179,16.762,16.168,16.344,62.41,10.33,10.376
20241115100951,2816.59799963236,16.72,16.134,16.356,63.576,10.332,10.399
20241115100951.5,2817.11300387979,16.73,16.146,16.32,64.918,10.326,10.378
20241115100952.1,2817.64100342989,16.734,16.144,16.336,65.494,10.322,10.376
20241115100952.6,2818.15200448036,16.791,16.14,16.362,65.771,10.336,10.38
20241115100953.1,2818.67200769484,16.859,16.154,16.336,66.04,10.318,10.386
20241115100953.6,2819.20300461352,16.873,16.142,16.34,68.484,10.34,10.388
20241115100954.1,2819.71900463104,16.869,16.082,16.362,70.317,10.334,10.376
20241115100954.7,2820.23400887847,16.877,16.049,16.368,71.368,10.346,10.386
20241115100955.2,2820.75000889599,16.888,15.989,16.34,71.092,10.348,10.376
20241115100955.7,2821.26900628209,16.936,15.954,16.201,70.63,10.346,10.374
20241115100956.2,2821.78500629961,16.924,15.9,16.069,69.546,10.338,10.403
20241115100956.7,2822.30499945581,16.89,15.91,15.987,69.744,10.356,10.368
20241115100957.2,2822.82000370324,16.853,15.914,15.922,70.189,10.332,10.376
20241115100957.8,2823.34000691772,16.783,15.894,15.896,70.563,10.328,10.382
20241115100958.3,2823.85100796819,16.785,15.888,15.839,70.994,10.33,10.37
20241115100958.8,2824.36700798571,16.726,15.859,15.793,70.381,10.326,10.356
20241115100959.3,2824.88700114191,16.635,15.938,15.708,71.177,10.326,10.372
20241115100959.8,2825.40200538933,16.544,15.991,15.91,71.998,10.324,10.38
20241115101000.3,2825.91800540686,16.461,15.985,16.166,73.28,10.32,10.354
20241115101000.9,2826.432999596,16.455,16.029,16.203,74.591,10.324,10.382
20241115101001.4,2826.94899961352,16.453,16.049,16.253,75.115,10.338,10.374
20241115101001.9,2827.46100649238,16.461,16.051,16.257,75.647,10.322,10.362
20241115101002.4,2827.97600068152,16.484,16.061,16.245,76.399,10.33,10.362
20241115101002.9,2828.50800342858,16.526,16.055,16.235,76.286,10.326,10.364
20241115101003.4,2829.02700081468,16.542,16.039,16.164,76.666,10.307,10.372
20241115101004,2829.55500036478,16.601,16.055,16.213,76.908,10.332,10.37
20241115101004.5,2830.07000461221,16.615,16.049,16.249,77.19,10.318,10.386
20241115101005,2830.60100153089,16.629,16.025,16.253,79.013,10.332,10.384
20241115101005.5,2831.11700154841,16.665,16.043,16.265,79.755,10.318,10.388
20241115101006.1,2831.63700476289,16.683,16.023,16.253,81.022,10.336,10.39
20241115101006.6,2832.14800581336,16.677,16.025,16.231,82.973,10.34,10.382
20241115101007.1,2832.67200216651,16.694,16.047,16.273,84.447,10.346,10.376
20241115101007.6,2833.19099955261,16.72,16.089,16.275,84.346,10.346,10.395
20241115101008.1,2833.70300643146,16.774,16.085,16.213,86.702,10.346,10.374
20241115101008.6,2834.21900644898,16.881,16.043,16.162,89.664,10.352,10.388
20241115101009.2,2834.73400063813,16.839,16.055,16.152,92.614,10.36,10.407
20241115101009.7,2835.25400385261,16.784,16.053,16.237,91.344,10.348,10.387
20241115101010.2,2835.76900810003,16.807,16.065,16.295,91.879,10.338,10.397
20241115101010.7,2836.28900125623,16.835,16.099,16.358,94.633,10.346,10.403
20241115101011.2,2836.82400137186,16.948,16.11,16.37,94.71,10.348,10.411
20241115101011.8,2837.35500834882,17.035,16.148,16.398,94.702,10.352,10.393
20241115101012.3,2837.87500150502,17.045,16.122,16.388,94.589,10.372,10.397
20241115101012.8,2838.39100152254,17.025,16.105,16.358,94.92,10.36,10.405
20241115101013.3,2838.91800530255,16.982,16.079,16.336,97.386,10.346,10.403
20241115101013.9,2839.43000212312,16.897,16.051,16.316,99.538,10.354,10.382
20241115101014.4,2839.9609990418,16.817,16.049,16.283,100.275,10.372,10.38
20241115101014.9,2840.47600328922,16.804,16.085,16.263,100.475,10.35,10.385
20241115101015.4,2840.99200330675,16.79,16.069,16.186,102.72,10.364,10.395
20241115101015.9,2841.51200652122,16.77,16.051,16.134,104.22,10.362,10.399
20241115101016.4,2842.02700071037,16.762,16.049,16.122,106.465,10.348,10.374
20241115101017,2842.53900758922,16.799,16.053,16.146,109.958,10.346,10.382
20241115101017.5,2843.05500760674,16.782,16.029,16.186,109.802,10.338,10.382
20241115101018,2843.57000179589,16.748,16.035,16.108,110.215,10.344,10.39
20241115101018.5,2844.08200867474,16.706,16.079,16.075,111.871,10.334,10.374
20241115101019,2844.59400549531,16.556,16.104,16.172,113.607,10.344,10.376
20241115101019.5,2845.10500654578,16.576,16.094,16.302,115.872,10.342,10.37
20241115101020,2845.62499970198,16.595,16.031,16.356,116.364,10.336,10.364
20241115101020.6,2846.13700658083,16.609,15.993,16.548,120.054,10.342,10.35
20241115101021.1,2846.65200076997,16.578,16.027,16.669,123.243,10.344,10.362
20241115101021.6,2847.17200398445,16.597,16.007,16.847,124.981,10.368,10.378
20241115101022.1,2847.68700823188,16.578,16.021,16.837,125.615,10.346,10.354
20241115101022.6,2848.2030082494,16.546,16.061,16.799,131.378,10.324,10.376
20241115101023.1,2848.7230014056,16.603,16.098,16.728,130.367,10.322,10.364
20241115101023.7,2849.23400245607,16.577,16.106,16.615,134.717,10.32,10.366
20241115101024.2,2849.7690025717,16.572,16.098,16.324,131.832,10.326,10.376
20241115101024.7,2850.28500258923,16.572,16.077,16.327,129.482,10.302,10.357
20241115101025.2,2850.8050058037,16.598,16.079,16.39,131.677,10.308,10.337
20241115101025.7,2851.31999999285,16.599,16.025,16.498,138.909,10.315,10.368
20241115101026.3,2851.84000320733,16.577,16.053,16.587,143.536,10.33,10.352
20241115101026.8,2852.36700698733,16.536,16.021,16.764,144.616,10.332,10.37
20241115101027.3,2852.88300700486,16.534,15.977,16.704,149.485,10.342,10.378
20241115101027.8,2853.398001194,16.542,15.997,16.686,153.833,10.33,10.368
20241115101028.4,2853.93000394106,16.603,16.011,16.651,156.582,10.338,10.382
20241115101028.9,2854.44100499153,16.623,16.063,16.562,159.92,10.338,10.356
20241115101029.4,2854.95700500906,16.625,16.067,16.581,158.915,10.317,10.382
20241115101029.9,2855.47300502658,16.629,16.037,16.484,158.964,10.328,10.366
20241115101030.4,2855.99600560963,16.631,16.041,16.397,156.825,10.324,10.364
20241115101030.9,2856.5080024302,16.615,16.065,16.308,158.33,10.328,10.372
20241115101031.4,2857.02300667763,16.686,16.051,16.171,159.998,10.315,10.354
20241115101032,2857.53900669515,16.71,16.061,16.069,164.307,10.326,10.35
20241115101032.5,2858.05500671268,16.718,16.067,15.983,165.603,10.336,10.372
20241115101033,2858.57000090182,16.73,16.092,16.051,163.609,10.322,10.356
20241115101033.5,2859.10100787878,16.659,16.088,16.057,162.814,10.334,10.364
20241115101034,2859.6170078963,16.415,16.09,16.098,167.411,10.311,10.362
20241115101034.6,2860.1370010525,16.379,16.061,16.29,169.685,10.33,10.37
20241115101035.1,2860.65200529993,16.49,16.092,16.328,176.391,10.326,10.376
20241115101035.6,2861.16800531745,16.548,16.067,16.348,176.314,10.336,10.38
20241115101036.1,2861.69499903917,16.637,16.072,16.166,178.307,10.332,10.352
20241115101036.6,2862.21500225365,16.692,16.088,16.286,189.06,10.32,10.36
20241115101037.2,2862.74600923061,16.758,16.077,16.368,189.57,10.34,10.366
20241115101037.7,2863.27300295234,16.73,16.077,16.364,190.36,10.346,10.382
20241115101038.2,2863.79300616682,16.68,16.072,16.385,192.126,10.334,10.368
20241115101038.7,2864.30800035596,16.732,16.124,16.439,196.224,10.332,10.368
20241115101039.2,2864.82400037348,16.708,16.112,16.544,194.567,10.326,10.362
20241115101039.8,2865.34000039101,16.678,16.063,16.728,198.125,10.336,10.348
20241115101040.3,2865.86700417101,16.686,16.122,16.823,201.106,10.342,10.39
20241115101040.8,2866.38300418854,16.73,16.134,16.54,195.095,10.34,10.372
20241115101041.3,2866.91000796854,16.716,16.11,16.51,207.367,10.342,10.358
20241115101041.8,2867.42600798607,16.736,16.13,16.546,208.198,10.332,10.364
20241115101042.4,2867.94100217521,16.694,16.045,16.645,209.274,10.346,10.356
20241115101042.9,2868.46900172532,16.72,15.979,16.528,218.869,10.32,10.374
20241115101043.4,2868.98400597274,16.738,15.995,16.504,220.32,10.33,10.376
20241115101043.9,2869.50000599027,16.831,16.041,16.441,222.971,10.356,10.378
20241115101044.5,2870.03100290895,16.809,16.071,16.332,224.242,10.342,10.356
20241115101045,2870.54700292647,16.813,16.094,16.286,224.455,10.344,10.378
20241115101045.5,2871.07400670648,16.869,16.116,16.237,224.788,10.34,10.366
20241115101046,2871.58600352705,16.843,16.108,16.201,230.448,10.328,10.36
20241115101046.6,2872.13300317526,16.831,16.104,16.152,233.76,10.334,10.362
20241115101047.1,2872.65200056136,16.839,16.067,16.07,233.308,10.35,10.354
20241115101047.6,2873.17200377584,16.902,16.003,15.956,236.438,10.332,10.368
20241115101048.1,2873.69900755584,16.928,16.001,15.863,238.074,10.348,10.374
20241115101048.6,2874.21500757337,16.916,16.027,15.795,240.803,10.332,10.364
20241115101049.2,2874.73000176251,16.87,16.053,15.813,245.491,10.35,10.366
20241115101049.7,2875.24200864136,16.902,16.09,15.855,246.889,10.338,10.35
20241115101050.2,2875.76200179756,16.76,16.11,15.843,246.411,10.344,10.378
20241115101050.7,2876.28900557756,16.722,16.112,15.9,250.022,10.326,10.352
20241115101051.2,2876.80500559509,16.708,16.126,15.934,254.364,10.342,10.36
20241115101051.7,2877.31999978423,16.712,16.146,15.96,257.122,10.33,10.37
20241115101052.3,2877.85100676119,16.728,16.158,16.001,260.022,10.354,10.358
20241115101052.8,2878.38299944997,16.748,16.154,16.07,262.273,10.332,10.356
20241115101053.3,2878.90200689435,16.75,16.114,15.979,263.59,10.33,10.354
20241115101053.8,2879.42200005054,16.819,16.078,15.918,264.832,10.315,10.358
20241115101054.4,2879.93700429797,16.845,16.065,15.766,268.417,10.313,10.354
20241115101054.9,2880.4530043155,16.853,16.096,15.799,267.297,10.344,10.37
20241115101055.4,2880.96900433302,16.728,16.136,15.833,270.765,10.342,10.364
20241115101055.9,2881.48800171912,16.645,16.128,15.845,272.148,10.33,10.382
20241115101056.4,2882.0080049336,16.514,16.148,15.853,277.515,10.34,10.348
20241115101056.9,2882.52300918102,16.51,16.166,15.916,281.834,10.313,10.378
20241115101057.5,2883.03899914026,16.486,16.185,15.95,285.104,10.336,10.354
20241115101058,2883.55100601912,16.348,16.201,16.021,288.918,10.317,10.36
20241115101058.5,2884.06600020826,16.243,16.231,16.074,292.472,10.309,10.358
20241115101059,2884.59800295532,16.173,16.259,16.187,295.078,10.338,10.386
20241115101059.5,2885.11300720274,16.241,16.265,16.375,297.316,10.326,10.37
20241115101100.1,2885.64100675285,16.336,16.292,16.326,298.996,10.34,10.36
20241115101100.6,2886.16000413895,16.423,16.278,16.29,302.527,10.332,10.374
20241115101101.1,2886.68700791895,16.431,16.148,16.328,305.515,10.348,10.362
20241115101101.6,2887.20700107515,16.476,16.098,16.33,309.544,10.346,10.372
20241115101102.1,2887.719007954,16.514,16.114,16.477,313.485,10.35,10.366
20241115101102.7,2888.25000487268,16.544,16.152,16.453,318.64,10.348,10.372
20241115101103.2,2888.7660048902,16.556,16.148,16.138,319.577,10.342,10.368
20241115101103.7,2889.27700594068,16.597,16.104,16.09,325.376,10.338,10.386
20241115101104.2,2889.7930059582,16.615,16.073,15.952,328.658,10.338,10.403
20241115101104.7,2890.30800014734,16.625,16.043,15.738,334.552,10.348,10.386
20241115101105.2,2890.82400016487,16.673,16.049,15.748,340.815,10.34,10.368
20241115101105.8,2891.33600704372,16.71,16.073,15.801,348.004,10.36,10.376
20241115101106.3,2891.85500442982,16.752,16.086,15.682,352.35,10.352,10.386
20241115101106.8,2892.3750076443,16.896,16.116,15.467,356.779,10.342,10.388
20241115101107.3,2892.89100766182,17.003,16.13,15.342,360.092,10.352,10.368
20241115101107.8,2893.42600777745,17.007,16.138,15.445,364.272,10.332,10.364
20241115101108.4,2893.9410019666,17.029,16.191,15.577,368.172,10.348,10.366
20241115101108.9,2894.47600208223,17.005,16.183,15.674,372.435,10.342,10.364
20241115101109.4,2894.98800896108,16.914,16.205,15.762,369.078,10.342,10.354
20241115101109.9,2895.50400897861,16.855,16.223,15.853,369.529,10.342,10.372
20241115101110.4,2896.0230063647,16.819,16.221,15.928,380.318,10.324,10.36
20241115101111,2896.55100591481,16.775,16.213,15.952,389.156,10.346,10.392
20241115101111.5,2897.06600010395,16.726,16.142,15.946,390.695,10.328,10.364
20241115101112,2897.60100021958,16.665,16.088,15.821,397.341,10.344,10.36
20241115101112.5,2898.11700023711,16.506,16.069,15.793,408.125,10.338,10.376
20241115101113.1,2898.64800721407,16.506,16.029,15.823,410.301,10.346,10.38
20241115101113.6,2899.16000403464,16.5,16.023,15.882,415.868,10.326,10.362
20241115101114.1,2899.69100095332,16.439,15.987,15.888,422.668,10.334,10.366
20241115101114.6,2900.2110041678,16.415,16.033,15.948,427.016,10.334,10.364
20241115101115.2,2900.73400475085,16.429,16.061,16.017,428.841,10.334,10.38
20241115101115.7,2901.26600749791,16.437,16.072,16.069,434.894,10.346,10.37
20241115101116.2,2901.79300121963,16.427,16.118,16.065,445.608,10.328,10.36
20241115101116.7,2902.32000499964,16.415,16.08,16.072,452.38,10.332,10.368
20241115101117.3,2902.84400135279,16.358,16.11,16.057,462.011,10.336,10.382
20241115101117.8,2903.37500832975,16.33,16.108,16.063,468.004,10.348,10.362
20241115101118.3,2903.89400571585,16.302,16.075,16.09,479.068,10.354,10.378
20241115101118.8,2904.42200526595,16.279,16.067,16.138,490.45,10.362,10.372
20241115101119.4,2904.95300218463,16.292,16.055,16.134,502.704,10.348,10.382
20241115101119.9,2905.48800230026,16.308,16.065,16.15,514.565,10.362,10.392
20241115101120.4,2906.00800551474,16.3,16.053,16.188,532.255,10.344,10.397
20241115101121,2906.53500929475,16.294,16.077,16.211,559.994,10.37,10.38
20241115101121.5,2907.05799981952,16.366,16.083,16.199,587.633,10.35,10.388
20241115101122,2907.578003034,16.546,16.089,16.219,625.433,10.374,10.411
20241115101122.5,2908.09800624847,16.625,16.112,16.158,535.875,10.368,10.401
20241115101123.1,2908.63300636411,16.512,16.134,16.275,305.071,10.364,10.382
20241115101123.6,2909.16000008583,16.504,16.15,16.291,210.88,10.376,10.397
20241115101124.1,2909.68700386584,16.517,16.126,16.198,155.921,10.374,10.403
20241115101124.6,2910.21100021899,16.542,16.117,16.136,117.745,10.372,10.405
20241115101125.1,2910.72300709784,16.55,16.073,16.014,93.551,10.368,10.399
20241115101125.7,2911.24200448394,16.536,16.045,15.994,72.645,10.364,10.399
20241115101126.2,2911.75800450146,16.485,16.061,16.006,57.279,10.372,10.385
20241115101126.7,2912.28500828147,16.497,16.049,16.164,47.21,10.356,10.393
20241115101127.2,2912.80500143766,16.473,16.061,16.231,39.333,10.372,10.399
20241115101127.8,2913.3400015533,16.419,16.047,16.293,34.479,10.395,10.409
20241115101128.3,2913.85500580072,16.372,16.069,16.219,30.715,10.372,10.409
20241115101128.8,2914.38700854778,16.368,16.043,16.13,27.646,10.352,10.405
20241115101129.3,2914.90600593388,16.311,16.069,16.037,25.583,10.385,10.397
20241115101129.9,2915.4329996556,16.311,16.113,15.97,23.721,10.362,10.411
20241115101130.4,2915.96500240266,16.279,16.16,15.942,21.93,10.378,10.389
20241115101130.9,2916.48000665009,16.227,16.166,15.857,20.56,10.354,10.393
20241115101131.4,2917.02300310135,16.245,16.192,15.821,19.55,10.372,10.395
20241115101132,2917.54300631583,16.126,16.192,15.756,19.004,10.36,10.409
20241115101132.5,2918.07000003755,15.974,16.186,15.677,18.336,10.35,10.411
20241115101133,2918.59000325203,15.97,16.148,15.871,17.946,10.358,10.407
20241115101133.5,2919.1010043025,16.087,16.1,15.898,17.59,10.358,10.376
20241115101134.1,2919.63300704956,16.203,16.067,15.986,17.249,10.372,10.397
20241115101134.6,2920.16800716519,16.261,16.061,15.984,17.095,10.33,10.395
20241115101135.1,2920.68300135434,16.205,16.045,16.043,17.039,10.354,10.395
20241115101135.6,2921.19900137186,16.233,16.013,16.11,16.988,10.354,10.376
20241115101136.1,2921.72600515187,16.203,16.007,16.144,16.934,10.348,10.392
20241115101136.7,2922.24200516939,16.195,16.003,16.199,16.792,10.358,10.392
20241115101137.2,2922.77300208807,16.16,16.053,16.217,16.71,10.362,10.38
20241115101137.7,2923.30500483513,16.15,16.102,16.209,16.78,10.346,10.403
20241115101138.3,2923.84400814772,16.213,16.114,16.314,16.847,10.364,10.395
20241115101138.8,2924.35900233686,16.263,16.152,16.312,16.904,10.348,10.378
20241115101139.3,2924.87900555134,16.334,16.193,16.283,16.956,10.36,10.388
20241115101139.8,2925.40599927306,16.346,16.205,16.243,16.974,10.35,10.388
20241115101140.4,2925.93000568449,16.364,16.207,16.231,16.95,10.34,10.386
20241115101140.9,2926.44100673497,16.374,16.199,16.31,16.944,10.356,10.38
20241115101141.4,2926.96099989116,16.417,16.176,16.356,17.013,10.33,10.386
20241115101141.9,2927.49200686812,16.502,16.215,16.348,16.956,10.342,10.38
20241115101142.4,2928.0230037868,16.556,16.227,16.36,16.906,10.362,10.388
20241115101143,2928.53900380433,16.524,16.221,16.397,16.831,10.358,10.39
20241115101143.5,2929.05500382185,16.623,16.19,16.485,16.754,10.348,10.395
20241115101144,2929.57000806928,16.657,16.158,16.568,16.698,10.358,10.384
20241115101144.5,2930.09000122547,16.71,16.132,16.576,16.669,10.36,10.378
20241115101145,2930.6050054729,16.669,16.164,16.693,16.603,10.364,10.382
20241115101145.5,2931.12500868738,16.619,16.188,16.615,16.647,10.356,10.366
20241115101146.1,2931.6520024091,16.538,16.207,16.498,16.694,10.354,10.378
20241115101146.6,2932.1800019592,16.516,16.219,16.55,16.698,10.362,10.395
20241115101147.1,2932.71100893617,16.415,16.253,16.815,16.686,10.354,10.394
20241115101147.7,2933.24200585485,16.34,16.245,16.75,16.696,10.344,10.378
20241115101148.2,2933.76899957657,16.306,16.261,16.73,16.647,10.358,10.394
20241115101148.7,2934.28900279105,16.261,16.281,16.983,16.609,10.342,10.364
20241115101149.2,2934.81999970973,16.233,16.249,17.088,16.619,10.342,10.374
20241115101149.8,2935.34799925983,16.158,16.249,17.041,16.564,10.348,10.384
20241115101150.3,2935.86300350726,16.092,16.263,16.896,16.522,10.342,10.386
20241115101150.8,2936.37900352478,16.13,16.227,16.823,16.579,10.334,10.4
20241115101151.3,2936.89400777221,16.195,16.298,16.269,16.68,10.352,10.362
20241115101151.8,2937.41000778973,16.3,16.318,16.144,16.777,10.346,10.364
20241115101152.3,2937.92600780725,16.282,16.31,16.318,16.764,10.338,10.37
20241115101152.9,2938.4410019964,16.274,16.34,16.306,16.728,10.372,10.38
20241115101153.4,2938.96100521088,16.281,16.253,16.306,16.702,10.346,10.396
20241115101153.9,2939.48800899088,16.281,16.219,16.288,16.683,10.354,10.392
20241115101154.4,2940.01600854099,16.281,16.269,16.199,16.694,10.346,10.386
20241115101155,2940.54700545967,16.3,16.281,16.34,16.706,10.368,10.411
20241115101155.5,2941.09000191092,16.306,16.304,16.334,16.712,10.354,10.37
20241115101156,2941.60500615835,16.324,16.346,16.407,16.819,10.338,10.366
20241115101156.6,2942.13300570846,16.375,16.344,16.411,16.88,10.356,10.372
20241115101157.1,2942.66400262713,16.385,16.348,16.403,16.928,10.346,10.378
20241115101157.6,2943.1759994477,16.379,16.368,16.544,16.934,10.352,10.378
20241115101158.1,2943.69500689209,16.411,16.322,16.597,16.884,10.346,10.39
20241115101158.6,2944.21900324523,16.455,16.308,16.665,16.92,10.36,10.358
20241115101159.2,2944.73800063133,16.564,16.322,16.667,16.96,10.346,10.358
20241115101159.7,2945.26900760829,16.504,16.324,16.617,17.015,10.34,10.388
20241115101200.2,2945.78900076449,16.538,16.364,16.556,17.003,10.346,10.368
20241115101200.7,2946.30500078201,16.498,16.368,16.53,16.914,10.324,10.382
20241115101201.3,2946.83600775898,16.502,16.296,16.437,16.91,10.33,10.386
20241115101201.8,2947.34800457954,16.516,16.294,16.28,16.898,10.362,10.38
20241115101202.3,2947.89800159633,16.508,16.292,16.251,16.934,10.344,10.376
20241115101202.8,2948.41000847518,16.476,16.282,16.173,16.71,10.338,10.376
20241115101203.4,2948.93700219691,16.393,16.278,16.078,16.554,10.344,10.396
20241115101203.9,2949.45700541139,16.387,16.263,16.027,16.532,10.35,10.362
20241115101204.4,2949.96900223196,16.465,16.261,15.894,16.532,10.338,10.378
20241115101204.9,2950.48400647938,16.469,16.277,15.942,16.583,10.362,10.382
20241115101205.4,2951.01200602949,16.461,16.231,15.932,16.661,10.362,10.39
20241115101206,2951.54300294816,16.494,16.225,15.781,16.76,10.346,10.392
20241115101206.5,2952.07399986684,16.534,16.199,15.997,16.9,10.338,10.384
20241115101207,2952.60500684381,16.575,16.195,16.148,17.023,10.346,10.376
20241115101207.6,2953.13699953258,16.637,16.221,16.229,17.15,10.352,10.386
20241115101208.1,2953.65600697696,16.643,16.195,16.31,17.185,10.36,10.382
20241115101208.6,2954.17600013316,16.619,16.168,15.997,17.096,10.352,10.366
20241115101209.1,2954.70300391316,16.641,16.215,15.441,17.11,10.334,10.38
20241115101209.6,2955.21900393069,16.694,16.187,15.003,16.968,10.354,10.401
20241115101210.8,2956.41000531614,16.75,16.253,15.009,17.057,10.332,10.399
20241115101211.6,2957.18300454319,16.78,16.223,15.067,17.015,10.36,10.38
20241115101212.1,2957.71900042892,16.746,16.241,15.314,16.91,10.342,10.372
