20241114185147.7,0,12.911,12.967,13.195,13.038,10.534,10.495
20241114185148.5,0.803998857736588,12.911,12.967,13.197,13.034,10.531,10.493
20241114185149.7,1.94899365305901,12.903,12.941,13.193,13.014,10.499,10.491
20241114185150.3,2.61300131678581,12.909,12.951,13.197,13.026,10.525,10.489
20241114185150.8,3.09399850666523,12.892,12.961,13.197,13.038,10.529,10.505
20241114185151.3,3.61699908971786,12.901,12.961,13.179,13.02,10.529,10.511
20241114185151.8,4.08599674701691,12.907,12.943,13.197,13.024,10.511,10.509
20241114185152.2,4.51899580657482,12.897,12.947,13.191,13.024,10.509,10.489
20241114185152.7,4.96099703013897,12.901,12.941,13.197,13.008,10.533,10.515
20241114185153.1,5.40200248360634,12.899,12.961,13.181,13.016,10.54,10.523
20241114185153.6,5.84000051021576,12.886,12.957,13.183,13.03,10.515,10.487
20241114185154,6.2770027667284,12.903,12.945,13.177,13.016,10.517,10.513
20241114185154.4,6.72999769449234,12.894,12.945,13.173,13.014,10.521,10.499
20241114185154.9,7.17199891805649,12.909,12.937,13.173,13.008,10.519,10.507
20241114185155.3,7.62899704277515,12.891,12.947,13.198,12.992,10.519,10.495
20241114185155.8,8.06199610233307,12.88,12.935,13.192,13.016,10.523,10.503
20241114185156.2,8.49999412894249,12.876,12.921,13.187,13,10.517,10.497
20241114185156.7,8.93699638545513,12.882,12.939,13.179,13.018,10.523,10.497
20241114185157.1,9.37899760901928,12.893,12.933,13.189,13.018,10.497,10.481
20241114185157.5,9.81599986553192,12.897,12.933,13.187,13.028,10.523,10.515
20241114185158,10.2580010890961,12.876,12.919,13.2,13.008,10.505,10.493
20241114185158.4,10.691000148654,12.872,12.911,13.214,13.014,10.513,10.493
20241114185158.8,11.1289981752634,12.888,12.929,13.208,13.038,10.499,10.493
20241114185159.3,11.566000431776,12.897,12.943,13.2,13.01,10.521,10.487
20241114185159.7,12.0039984583855,12.888,12.941,13.196,13.022,10.507,10.495
20241114185200.2,12.4369975179434,12.878,12.941,13.204,13.008,10.525,10.499
20241114185200.6,12.8789987415075,12.87,12.959,13.173,13.006,10.511,10.493
20241114185201,13.3199941366911,12.882,12.949,13.185,13.018,10.519,10.491
20241114185201.5,13.7609995901585,12.891,12.945,13.179,13.02,10.519,10.493
20241114185201.9,14.2030008137226,12.888,12.933,13.167,13.01,10.503,10.511
20241114185202.4,14.6559957414865,12.889,12.917,13.173,13.022,10.505,10.501
20241114185202.8,15.0970011949539,12.882,12.939,13.167,13.014,10.531,10.483
20241114185203.3,15.542995557189,12.878,12.951,13.169,13.018,10.517,10.503
20241114185203.7,15.991997346282,12.862,12.935,13.151,13.004,10.505,10.483
20241114185204.2,16.440999135375,12.868,12.935,13.161,13.004,10.505,10.493
20241114185204.6,16.890000924468,12.884,12.937,13.155,12.994,10.503,10.489
20241114185205.1,17.3549953848124,12.858,12.919,13.153,13.012,10.507,10.493
20241114185205.5,17.7929934114218,12.882,12.939,13.145,13.004,10.541,10.493
20241114185205.9,18.2299956679344,12.884,12.931,13.167,12.998,10.515,10.487
20241114185206.4,18.6640005558729,12.897,12.929,13.161,13.002,10.521,10.485
20241114185206.8,19.1010028123856,12.876,12.913,13.149,12.994,10.517,10.509
20241114185207.3,19.539000838995,12.884,12.937,13.161,13.006,10.515,10.489
20241114185207.7,19.9760030955076,12.87,12.919,13.167,12.992,10.513,10.499
20241114185208.1,20.4289980232716,12.868,12.919,13.165,12.998,10.509,10.503
20241114185208.6,20.866996049881,12.864,12.925,13.165,13.002,10.523,10.499
20241114185209,21.3010009378195,12.874,12.927,13.163,13.006,10.539,10.497
20241114185209.5,21.7380031943321,12.858,12.915,13.161,12.994,10.515,10.491
20241114185209.9,22.1760012209415,12.864,12.915,13.177,12.998,10.507,10.489
20241114185210.3,22.6289961487055,12.852,12.929,13.151,12.985,10.501,10.479
20241114185210.8,23.0659984052181,12.866,12.927,13.143,13.01,10.511,10.501
20241114185211.2,23.5039964318275,12.87,12.919,13.165,12.998,10.523,10.487
20241114185211.7,23.9529982209206,12.872,12.913,13.157,12.996,10.517,10.487
20241114185212.1,24.3900004774332,12.87,12.921,13.145,13.006,10.495,10.497
20241114185212.6,24.8320017009974,12.856,12.905,13.147,12.981,10.517,10.485
20241114185213,25.2689938992262,12.868,12.919,13.155,12.985,10.513,10.487
20241114185213.4,25.7109951227903,12.84,12.919,13.153,12.981,10.517,10.487
20241114185213.9,26.147997379303,12.866,12.917,13.155,12.994,10.519,10.507
20241114185214.3,26.5859954059124,12.858,12.915,13.153,12.99,10.519,10.495
20241114185214.7,27.022997662425,12.856,12.897,13.161,13.002,10.525,10.485
20241114185215.2,27.4649988859892,12.86,12.911,13.159,12.987,10.515,10.475
20241114185215.6,27.9260002076626,12.842,12.919,13.153,12.992,10.505,10.483
20241114185216.1,28.3669956028461,12.868,12.919,13.189,12.99,10.517,10.503
20241114185216.5,28.8039978593588,12.876,12.921,13.169,12.998,10.505,10.497
20241114185217,29.2539954185486,12.87,12.923,13.181,13.006,10.519,10.487
20241114185217.4,29.7070004045963,12.872,12.923,13.185,12.989,10.493,10.481
20241114185217.9,30.1599953323603,12.854,12.921,13.163,13.004,10.511,10.501
20241114185218.3,30.6010007858276,12.87,12.905,13.171,12.981,10.507,10.479
20241114185218.8,31.0539957135916,12.848,12.925,13.165,12.987,10.521,10.505
20241114185219.2,31.5079964697361,12.858,12.933,13.157,12.998,10.499,10.495
20241114185219.7,31.940995529294,12.854,12.903,13.161,12.975,10.507,10.485
20241114185220.1,32.3940005153418,12.862,12.915,13.161,12.987,10.529,10.495
20241114185220.6,32.8360017389059,12.858,12.921,13.161,12.994,10.519,10.489
20241114185221,33.2729939371347,12.864,12.931,13.173,12.985,10.527,10.481
20241114185221.4,33.7219957262278,12.872,12.925,13.161,12.998,10.515,10.481
20241114185221.9,34.1599937528372,12.878,12.929,13.163,13.004,10.497,10.481
20241114185222.3,34.6129987388849,12.846,12.909,13.165,12.989,10.519,10.497
20241114185222.8,35.0509967654943,12.852,12.925,13.181,12.989,10.509,10.483
20241114185223.2,35.4920022189617,12.852,12.931,13.171,12.987,10.503,10.489
20241114185223.6,35.9259970486164,12.874,12.905,13.167,13.008,10.515,10.463
20241114185224.1,36.3670025020838,12.88,12.919,13.161,13.01,10.511,10.477
20241114185224.5,36.8079978972673,12.868,12.913,13.177,13.002,10.495,10.475
20241114185225,37.2540023177862,12.884,12.931,13.169,13.002,10.507,10.487
20241114185225.4,37.7069972455502,12.856,12.945,13.159,12.998,10.497,10.485
20241114185225.9,38.1439995020628,12.876,12.925,13.163,12.99,10.505,10.489
20241114185226.3,38.5860007256269,12.866,12.911,13.143,12.99,10.501,10.473
20241114185226.8,39.0389956533909,12.85,12.915,13.167,13,10.495,10.481
20241114185227.2,39.4800011068583,12.852,12.925,13.151,12.987,10.503,10.501
20241114185227.6,39.9290028959513,12.868,12.925,13.161,12.985,10.505,10.491
20241114185228.1,40.382993593812,12.838,12.929,13.163,12.987,10.503,10.483
20241114185228.5,40.8199958503246,12.866,12.923,13.157,12.99,10.485,10.493
20241114185229,41.261001303792,12.848,12.921,13.153,13.002,10.505,10.489
20241114185229.4,41.7109988629818,12.862,12.923,13.141,12.989,10.505,10.475
20241114185229.9,42.1480011194944,12.856,12.907,13.151,12.989,10.511,10.485
20241114185230.3,42.5970029085875,12.858,12.929,13.161,12.992,10.523,10.495
20241114185230.8,43.0509936064482,12.844,12.925,13.145,12.994,10.497,10.467
20241114185231.2,43.5039985924959,12.854,12.911,13.163,12.985,10.517,10.489
20241114185231.7,43.9570035785437,12.834,12.917,13.169,12.987,10.511,10.473
20241114185232.1,44.3939957767725,12.866,12.915,13.151,12.979,10.503,10.489
20241114185232.6,44.8319938033819,12.858,12.921,13.175,12.998,10.511,10.497
20241114185233,45.2849987894297,12.876,12.933,13.167,12.985,10.491,10.477
20241114185233.4,45.7220010459423,12.844,12.925,13.171,12.977,10.491,10.477
20241114185233.9,46.1599990725517,12.874,12.923,13.171,12.983,10.505,10.475
20241114185234.3,46.6090008616447,12.87,12.903,13.129,12.975,10.493,10.491
20241114185234.8,47.0429956912994,12.866,12.909,13.135,12.985,10.501,10.485
20241114185235.2,47.4960006773472,12.858,12.913,13.163,13.002,10.493,10.473
20241114185235.7,47.9489956051111,12.85,12.915,13.135,12.992,10.493,10.487
20241114185236.1,48.3859978616238,12.862,12.921,13.159,12.985,10.505,10.479
20241114185236.6,48.8399986177683,12.852,12.919,13.155,12.977,10.505,10.477
20241114185237,49.2890004068613,12.86,12.911,13.155,12.979,10.505,10.461
20241114185237.5,49.7339989989996,12.854,12.911,13.177,12.983,10.499,10.485
20241114185237.9,50.1830007880926,12.862,12.907,13.183,12.996,10.521,10.505
20241114185238.3,50.6169956177473,12.864,12.899,13.165,12.99,10.515,10.475
20241114185238.8,51.0539978742599,12.854,12.929,13.175,12.99,10.505,10.473
20241114185239.2,51.4919959008694,12.852,12.921,13.187,12.977,10.513,10.481
20241114185239.7,51.9409976899624,12.862,12.903,13.194,13,10.509,10.463
20241114185240.1,52.3859962821007,12.85,12.917,13.175,12.987,10.489,10.481
20241114185240.5,52.8200011700392,12.86,12.925,13.165,12.977,10.501,10.509
20241114185241,53.2690029591322,12.862,12.923,13.175,13.008,10.491,10.483
20241114185241.4,53.7070009857416,12.864,12.919,13.177,13.012,10.497,10.491
20241114185241.9,54.1440032422543,12.86,12.915,13.189,12.985,10.497,10.483
20241114185242.3,54.5820012688637,12.858,12.933,13.169,12.996,10.499,10.479
20241114185242.8,55.0389993935823,12.866,12.925,13.179,13.006,10.505,10.473
20241114185243.2,55.4839979857206,12.852,12.913,13.171,12.998,10.493,10.493
20241114185243.6,55.9259992092848,12.88,12.933,13.185,13,10.513,10.461
20241114185244.1,56.3789941370487,12.884,12.941,13.187,12.995,10.501,10.473
20241114185244.5,56.8120032548904,12.868,12.925,13.193,13,10.497,10.479
20241114185245,57.2500012814999,12.874,12.953,13.191,12.997,10.491,10.511
20241114185245.4,57.7029962092638,12.856,12.937,13.173,13.024,10.521,10.473
20241114185245.9,58.1399984657764,12.87,12.937,13.193,13.024,10.511,10.491
20241114185246.3,58.5819996893406,12.868,12.943,13.197,13.024,10.501,10.477
20241114185246.7,59.0229950845242,12.88,12.917,13.185,13.004,10.513,10.499
20241114185247.2,59.4610031694174,12.868,12.939,13.163,13.002,10.513,10.487
20241114185247.6,59.9259976297617,12.894,12.927,13.185,12.995,10.503,10.491
20241114185248.1,60.3670030832291,12.88,12.955,13.175,12.987,10.503,10.485
20241114185248.5,60.8039952814579,12.882,12.943,13.171,13.006,10.517,10.473
20241114185249,61.2579960376024,12.899,12.923,13.169,12.997,10.501,10.471
20241114185249.4,61.7149941623211,12.892,12.925,13.189,13.014,10.509,10.491
20241114185249.9,62.1519964188337,12.896,12.929,13.177,12.995,10.503,10.491
20241114185250.3,62.6009982079268,12.872,12.925,13.183,12.995,10.507,10.483
20241114185250.8,63.0429994314909,12.88,12.925,13.185,12.998,10.511,10.491
20241114185251.2,63.5079938918352,12.878,12.931,13.177,12.991,10.499,10.495
20241114185251.7,63.9569956809282,12.874,12.941,13.189,13.012,10.529,10.487
20241114185252.1,64.3939979374409,12.872,12.935,13.181,12.983,10.491,10.487
20241114185252.6,64.8439954966307,12.882,12.953,13.169,12.983,10.503,10.481
20241114185253,65.2809977531433,12.882,12.921,13.161,12.993,10.493,10.465
20241114185253.4,65.7189957797527,12.882,12.939,13.179,13.006,10.509,10.483
20241114185253.9,66.1559980362654,12.882,12.935,13.185,12.991,10.515,10.475
20241114185254.3,66.6049998253584,12.876,12.941,13.191,13.004,10.497,10.469
20241114185254.8,67.0579947531223,12.892,12.937,13.183,13,10.493,10.485
20241114185255.2,67.4999959766865,12.884,12.939,13.195,12.981,10.505,10.475
20241114185255.7,67.9489977657795,12.884,12.933,13.175,12.994,10.493,10.471
20241114185256.1,68.3860000222921,12.882,12.919,13.163,12.985,10.491,10.475
20241114185256.6,68.8359975814819,12.874,12.915,13.161,12.996,10.499,10.473
20241114185257,69.2729998379946,12.88,12.925,13.169,12.989,10.485,10.487
20241114185257.4,69.7220016270876,12.876,12.911,13.177,12.992,10.493,10.477
20241114185257.9,70.1719991862774,12.86,12.941,13.187,12.985,10.485,10.457
20241114185258.3,70.6289973109961,12.866,12.923,13.177,12.985,10.497,10.463
20241114185258.8,71.0700027644634,12.86,12.935,13.161,12.977,10.495,10.459
20241114185259.2,71.5080007910728,12.872,12.945,13.169,12.971,10.503,10.469
20241114185259.7,71.9450030475855,12.876,12.923,13.169,12.971,10.505,10.475
20241114185300.1,72.3859984427691,12.886,12.921,13.179,12.992,10.481,10.485
20241114185300.5,72.8239964693785,12.897,12.931,13.169,12.983,10.483,10.467
20241114185301,73.2650019228458,12.897,12.935,13.165,12.983,10.495,10.475
20241114185301.4,73.7190026789904,12.87,12.941,13.19,12.994,10.481,10.491
20241114185301.9,74.1559948772192,12.893,12.927,13.189,12.983,10.469,10.473
20241114185302.3,74.6089998632669,12.899,12.951,13.169,12.987,10.497,10.473
20241114185302.8,75.0429946929216,12.891,12.943,13.177,12.987,10.495,10.481
20241114185303.2,75.4959996789694,12.893,12.935,13.189,12.983,10.505,10.467
20241114185303.7,75.933001935482,12.886,12.929,13.173,12.973,10.491,10.481
20241114185304.1,76.3829994946718,12.897,12.941,13.159,12.983,10.495,10.481
20241114185304.6,76.8320012837648,12.905,12.931,13.185,12.987,10.491,10.491
20241114185305,77.2729966789484,12.897,12.935,13.171,12.985,10.507,10.473
20241114185305.4,77.7149979025126,12.891,12.931,13.187,12.987,10.499,10.497
20241114185305.9,78.1520001590252,12.911,12.947,13.193,12.991,10.511,10.501
20241114185306.3,78.5899981856346,12.919,12.947,13.187,12.993,10.503,10.477
20241114185306.8,79.0430031716824,12.897,12.955,13.187,13.004,10.503,10.469
20241114185307.2,79.4919949024916,12.919,12.963,13.198,12.985,10.511,10.463
20241114185307.6,79.9289971590042,12.913,12.951,13.2,12.993,10.493,10.481
20241114185308.1,80.3829979151487,12.917,12.949,13.187,13.002,10.507,10.493
20241114185308.5,80.8159969747066,12.911,12.935,13.191,12.977,10.499,10.465
20241114185309,81.2539950013161,12.911,12.947,13.187,12.985,10.493,10.477
20241114185309.4,81.7069999873638,12.915,12.945,13.189,13,10.501,10.471
20241114185309.9,82.1479953825474,12.915,12.943,13.183,12.997,10.493,10.473
20241114185310.3,82.5860034674406,12.929,12.955,13.177,13.006,10.499,10.479
20241114185310.8,83.0389983952045,12.913,12.955,13.185,12.981,10.507,10.479
20241114185311.2,83.4880001842976,12.911,12.955,13.189,12.985,10.505,10.491
20241114185311.6,83.9289955794811,12.919,12.931,13.191,12.993,10.503,10.463
20241114185312.1,84.3669936060905,12.921,12.951,13.189,13.002,10.515,10.485
20241114185312.5,84.8039958626032,12.923,12.949,13.193,12.989,10.515,10.473
20241114185313,85.2419938892126,12.927,12.959,13.2,13.008,10.511,10.479
20241114185313.4,85.6789961457253,12.923,12.943,13.187,12.987,10.491,10.485
20241114185313.8,86.1169941723347,12.921,12.959,13.175,13.008,10.503,10.471
20241114185314.3,86.5659959614277,12.933,12.961,13.191,13.008,10.501,10.479
20241114185314.7,87.0079971849918,12.911,12.957,13.171,13.004,10.507,10.483
20241114185315.2,87.4569989740849,12.923,12.949,13.175,13.002,10.507,10.477
20241114185315.6,87.8940012305975,12.913,12.933,13.169,12.983,10.487,10.471
20241114185316.1,88.3439987897873,12.917,12.943,13.179,12.99,10.483,10.457
20241114185316.5,88.7769978493452,12.931,12.957,13.167,12.979,10.495,10.465
20241114185316.9,89.2189990729094,12.919,12.943,13.183,12.998,10.483,10.479
20241114185317.4,89.6519981324673,12.941,12.937,13.177,12.971,10.481,10.465
20241114185317.8,90.0939993560314,12.921,12.947,13.185,12.977,10.493,10.471
20241114185318.3,90.5469942837954,12.921,12.963,13.171,12.987,10.479,10.465
20241114185318.7,90.9959960728884,12.925,12.953,13.189,12.983,10.487,10.467
20241114185319.2,91.4449978619814,12.933,12.943,13.19,12.989,10.487,10.471
20241114185319.6,91.8860033154488,12.939,12.959,13.185,12.983,10.491,10.471
20241114185320,92.3279944807291,12.921,12.951,13.183,13.01,10.487,10.465
20241114185320.5,92.7769962698221,12.935,12.949,13.183,12.981,10.503,10.461
20241114185320.9,93.2259980589151,12.949,12.939,13.194,12.979,10.501,10.485
20241114185321.4,93.672002479434,12.939,12.961,13.19,12.981,10.495,10.467
20241114185321.8,94.1050015389919,12.925,12.961,13.187,12.99,10.505,10.477
20241114185322.3,94.5429995656013,12.951,12.935,13.192,12.983,10.479,10.475
20241114185322.7,94.9839949607849,12.933,12.957,13.183,12.992,10.487,10.467
20241114185323.1,95.429003611207,12.951,12.949,13.196,12.973,10.515,10.469
20241114185323.6,95.8670016378164,12.951,12.943,13.192,12.979,10.487,10.475
20241114185324,96.3039938360453,12.941,12.947,13.198,12.981,10.493,10.473
20241114185324.5,96.7459950596094,12.953,12.955,13.198,12.996,10.485,10.465
20241114185324.9,97.1870005130768,12.943,12.961,13.198,12.992,10.489,10.454
20241114185325.4,97.6360023021698,12.953,12.963,13.198,12.983,10.501,10.499
20241114185325.8,98.0859998613596,12.949,12.963,13.173,12.99,10.499,10.475
20241114185326.2,98.5230021178722,12.953,12.955,13.196,12.989,10.499,10.471
20241114185326.7,98.9759970456362,12.959,12.943,13.214,12.985,10.491,10.461
20241114185327.2,99.4449947029352,12.965,12.965,13.208,12.987,10.501,10.463
20241114185327.6,99.897999688983,12.953,12.963,13.214,13.004,10.491,10.448
20241114185328.1,100.350994616747,12.965,12.981,13.206,13,10.503,10.475
20241114185328.5,100.78900270164,12.963,12.967,13.2,13,10.495,10.452
20241114185329,101.237994432449,12.959,12.961,13.214,12.983,10.487,10.473
20241114185329.4,101.676002517343,12.973,12.975,13.218,12.985,10.501,10.442
20241114185329.8,102.128997445107,12.969,12.959,13.208,13.002,10.499,10.444
20241114185330.3,102.5779992342,12.977,12.967,13.226,12.981,10.495,10.493
20241114185330.7,103.010998293757,12.993,12.981,13.236,13.014,10.493,10.487
20241114185331.2,103.452999517322,12.973,12.991,13.222,13,10.495,10.481
20241114185331.6,103.893994912505,12.998,12.991,13.246,13.008,10.499,10.487
20241114185332.1,104.346999898553,12.981,12.981,13.232,13.006,10.505,10.477
20241114185332.5,104.796997457743,12.989,12.977,13.238,13.004,10.491,10.483
20241114185333,105.233999714255,12.983,12.991,13.228,13.006,10.493,10.475
20241114185333.4,105.686994642019,13,12.987,13.228,13.008,10.493,10.473
20241114185333.9,106.135996431112,12.995,12.987,13.22,13.004,10.491,10.485
20241114185334.3,106.596997752786,13.024,13.008,13.23,13.012,10.497,10.495
20241114185334.8,107.046995311975,12.997,12.989,13.232,13.01,10.497,10.473
20241114185335.2,107.500000298023,13.012,12.983,13.228,13.008,10.493,10.475
20241114185335.7,107.937002554536,13.006,12.983,13.23,13.012,10.499,10.497
20241114185336.1,108.385994285345,13.004,12.995,13.226,12.995,10.501,10.483
20241114185336.6,108.83999504149,13.004,12.997,13.21,12.998,10.513,10.473
20241114185337,109.293000027537,13.004,12.987,13.2,13.004,10.507,10.459
20241114185337.5,109.74200181663,13.018,12.971,13.228,13.002,10.513,10.495
20241114185337.9,110.182997211814,13.012,12.983,13.216,12.997,10.503,10.465
20241114185338.3,110.620995238423,13.004,12.989,13.224,13.004,10.493,10.469
20241114185338.8,111.074000224471,13.004,12.998,13.22,12.989,10.491,10.467
20241114185339.2,111.523002013564,13,12.993,13.214,13.016,10.499,10.457
20241114185339.7,111.961000040174,13.024,13.002,13.214,13.01,10.507,10.481
20241114185340.1,112.413994967937,13.012,12.983,13.226,12.993,10.511,10.485
20241114185340.6,112.86299675703,13.026,12.995,13.234,12.995,10.529,10.481
20241114185341,113.30099478364,13.034,12.981,13.228,12.987,10.515,10.485
20241114185341.5,113.737997040153,13.02,12.989,13.23,13,10.499,10.452
20241114185341.9,114.186998829246,13.026,12.987,13.23,13.004,10.529,10.467
20241114185342.3,114.62900005281,13.026,12.998,13.236,13,10.489,10.473
20241114185342.8,115.078001841903,13.048,12.99,13.232,13,10.509,10.469
20241114185343.2,115.527003630996,13.014,12.992,13.244,13.002,10.513,10.465
20241114185343.7,115.968994796276,13.028,13,13.218,12.998,10.511,10.481
20241114185344.1,116.410000249743,13.038,12.979,13.226,12.998,10.493,10.473
20241114185344.6,116.859002038836,13.036,12.996,13.23,12.996,10.507,10.446
20241114185345,117.3119969666,13.042,12.975,13.216,13.002,10.509,10.467
20241114185345.5,117.777001485229,13.04,12.994,13.222,12.99,10.491,10.471
20241114185345.9,118.214999511838,13.036,12.989,13.218,12.973,10.489,10.473
20241114185346.4,118.667994439602,13.056,12.998,13.206,12.987,10.487,10.479
20241114185346.8,119.104996696115,13.042,12.994,13.21,12.99,10.499,10.467
20241114185347.3,119.558001682162,13.06,12.987,13.204,13.008,10.505,10.471
20241114185347.7,120.010996609926,13.048,12.983,13.198,12.973,10.499,10.483
20241114185348.2,120.448994636536,13.052,12.985,13.212,12.981,10.507,10.469
20241114185348.6,120.882999524474,13.036,12.979,13.218,12.998,10.511,10.491
20241114185349,121.320001780987,13.03,12.985,13.218,12.992,10.511,10.454
20241114185349.5,121.772996708751,13.052,12.977,13.216,12.989,10.503,10.485
20241114185349.9,122.214997932315,13.04,12.975,13.21,12.992,10.505,10.485
20241114185350.4,122.663999721408,13.044,12.989,13.224,12.989,10.497,10.487
20241114185350.8,123.113001510501,13.034,12.981,13.224,13.008,10.499,10.475
20241114185351.3,123.562003299594,13.056,12.975,13.218,13,10.497,10.469
20241114185351.7,124.003994464874,13.068,12.985,13.228,12.996,10.499,10.471
20241114185352.2,124.452996253967,13.054,12.981,13.208,13,10.511,10.465
20241114185352.6,124.90199804306,13.064,12.981,13.232,12.977,10.505,10.485
20241114185353.1,125.355003029108,13.074,12.965,13.238,12.99,10.485,10.487
20241114185353.5,125.803994759917,13.064,13.014,13.228,12.975,10.495,10.479
20241114185354,126.257995516062,13.076,12.996,13.244,12.996,10.505,10.483
20241114185354.4,126.694997772574,13.08,12.983,13.228,12.996,10.499,10.479
20241114185354.9,127.148002758622,13.062,12.99,13.232,12.979,10.505,10.475
20241114185355.3,127.600997686386,13.082,12.989,13.228,12.987,10.483,10.452
20241114185355.8,128.050995245576,13.07,12.985,13.22,12.992,10.503,10.477
20241114185356.2,128.504000231624,13.054,12.996,13.224,12.99,10.503,10.487
20241114185356.7,128.956995159388,13.074,12.981,13.232,12.985,10.497,10.469
20241114185357.1,129.401993751526,13.072,12.994,13.22,12.985,10.491,10.469
20241114185357.6,129.854998737574,13.072,12.994,13.222,12.985,10.519,10.483
20241114185358,130.304000526667,13.086,12.977,13.212,12.973,10.499,10.485
20241114185358.5,130.772998183966,13.086,12.981,13.222,13,10.487,10.477
20241114185358.9,131.221999973059,13.072,13.016,13.21,12.981,10.499,10.471
20241114185359.4,131.676000729203,13.072,12.989,13.226,12.983,10.511,10.463
20241114185359.8,132.128995656967,13.084,12.994,13.212,12.973,10.497,10.481
20241114185400.3,132.582000643015,13.068,13.006,13.222,12.987,10.499,10.463
20241114185400.8,133.038998767734,13.091,12.983,13.238,13.008,10.487,10.479
20241114185401.2,133.476001024246,13.084,12.977,13.222,12.959,10.511,10.477
20241114185401.6,133.925998583436,13.111,12.989,13.222,12.998,10.511,10.481
20241114185402.1,134.363000839949,13.078,12.992,13.252,12.99,10.493,10.477
20241114185402.5,134.812002629042,13.097,12.99,13.22,12.987,10.499,10.463
20241114185403,135.253993794322,13.086,13,13.236,13.004,10.517,10.493
20241114185403.4,135.694999247789,13.09,13.008,13.23,12.979,10.497,10.465
20241114185403.9,136.147994175553,13.105,13.02,13.228,12.965,10.497,10.471
20241114185404.3,136.586002260447,13.088,13.004,13.252,12.979,10.501,10.471
20241114185404.8,137.03899718821,13.091,13.02,13.252,13.006,10.497,10.489
20241114185405.2,137.492002174258,13.103,13.002,13.264,12.979,10.501,10.473
20241114185405.7,137.944997102022,13.105,12.987,13.246,12.994,10.497,10.471
20241114185406.1,138.393998891115,13.107,13.008,13.248,12.998,10.503,10.475
20241114185406.6,138.846993818879,13.103,13.004,13.232,13.004,10.505,10.471
20241114185407,139.300994575024,13.113,13.02,13.266,12.992,10.491,10.477
20241114185407.5,139.765003323555,13.117,13.014,13.244,13.006,10.495,10.479
20241114185407.9,140.222001448274,13.115,13.026,13.25,12.994,10.485,10.475
20241114185408.4,140.671999007463,13.127,13.006,13.289,12.996,10.489,10.477
20241114185408.8,141.124993935227,13.135,13.04,13.305,13.01,10.491,10.475
20241114185409.3,141.565999388695,13.143,13.03,13.313,13,10.495,10.465
20241114185409.7,142.008000612259,13.173,13.048,13.339,13.012,10.501,10.465
20241114185410.2,142.448996007442,13.196,13.042,13.351,13.018,10.487,10.465
20241114185410.6,142.917993664742,13.212,13.036,13.327,13.026,10.501,10.483
20241114185411.1,143.354995921254,13.222,13.054,13.361,13.03,10.513,10.471
20241114185411.5,143.796997144818,13.228,13.07,13.357,13.018,10.493,10.461
20241114185412,144.245998933911,13.244,13.093,13.365,13.028,10.501,10.475
20241114185412.4,144.698993861675,13.256,13.088,13.379,13.044,10.477,10.487
20241114185412.9,145.151998847723,13.282,13.09,13.363,13.026,10.503,10.493
20241114185413.3,145.604993775487,13.278,13.101,13.394,13.02,10.491,10.497
20241114185413.8,146.04300186038,13.284,13.09,13.381,13.048,10.523,10.475
20241114185414.2,146.483997255564,13.307,13.101,13.381,13.032,10.505,10.487
20241114185414.6,146.921995282173,13.325,13.099,13.385,13.042,10.505,10.475
20241114185415.1,147.363000735641,13.325,13.117,13.387,13.046,10.505,10.497
20241114185415.5,147.812002524734,13.339,13.121,13.388,13.038,10.511,10.485
20241114185416,148.253993690014,13.359,13.105,13.381,13.038,10.477,10.487
20241114185416.4,148.706998676062,13.339,13.113,13.402,13.052,10.487,10.485
20241114185416.9,149.159993603826,13.351,13.127,13.4,13.044,10.485,10.489
20241114185417.3,149.608995392919,13.363,13.121,13.39,13.05,10.491,10.477
20241114185417.8,150.062000378966,13.359,13.111,13.373,13.064,10.507,10.491
20241114185418.2,150.511002168059,13.369,13.129,13.373,13.038,10.499,10.483
20241114185418.7,150.965002924204,13.361,13.127,13.377,13.034,10.497,10.491
20241114185419.1,151.417997851968,13.351,13.123,13.363,13.034,10.489,10.481
20241114185419.6,151.859003305435,13.361,13.129,13.393,13.05,10.521,10.505
20241114185420,152.311998233199,13.389,13.173,13.379,13.054,10.507,10.509
20241114185420.5,152.761000022292,13.389,13.141,13.402,13.058,10.499,10.475
20241114185420.9,153.215000778437,13.395,13.153,13.385,13.064,10.501,10.491
20241114185421.4,153.652003034949,13.385,13.139,13.389,13.036,10.511,10.483
20241114185421.8,154.104997962713,13.408,13.129,13.381,13.046,10.523,10.499
20241114185422.3,154.558002948761,13.399,13.153,13.387,13.042,10.501,10.489
20241114185422.7,155.008000507951,13.391,13.149,13.383,13.06,10.501,10.487
20241114185423.2,155.460995435715,13.402,13.139,13.389,13.048,10.507,10.499
20241114185423.6,155.897997692227,13.414,13.139,13.389,13.036,10.513,10.493
20241114185424.1,156.351002678275,13.42,13.143,13.377,13.05,10.497,10.495
20241114185424.5,156.789000704885,13.406,13.139,13.377,13.072,10.509,10.479
20241114185424.9,157.226002961397,13.412,13.155,13.375,13.074,10.497,10.491
20241114185425.4,157.671997323632,13.41,13.143,13.395,13.054,10.507,10.485
20241114185425.8,158.12500230968,13.422,13.151,13.397,13.066,10.511,10.493
20241114185426.3,158.558001369238,13.422,13.147,13.393,13.076,10.503,10.503
20241114185426.7,159.014999493957,13.42,13.139,13.387,13.052,10.505,10.497
20241114185427.2,159.457000717521,13.434,13.149,13.4,13.054,10.501,10.497
20241114185427.6,159.909995645285,13.448,13.151,13.385,13.062,10.503,10.481
20241114185428.1,160.358997434378,13.432,13.161,13.395,13.07,10.509,10.503
20241114185428.5,160.812002420425,13.444,13.153,13.379,13.054,10.493,10.499
20241114185429,161.264997348189,13.438,13.155,13.379,13.068,10.503,10.499
20241114185429.4,161.718998104334,13.452,13.153,13.385,13.05,10.517,10.525
20241114185429.9,162.172003090382,13.464,13.181,13.4,13.062,10.511,10.493
20241114185430.3,162.620994821191,13.438,13.169,13.388,13.058,10.485,10.479
20241114185430.8,163.057997077703,13.444,13.137,13.377,13.054,10.505,10.491
20241114185431.2,163.507994636893,13.44,13.161,13.388,13.056,10.505,10.471
20241114185431.7,163.965002819896,13.45,13.155,13.402,13.056,10.497,10.485
20241114185432.1,164.413994550705,13.476,13.165,13.414,13.056,10.497,10.463
20241114185432.6,164.855000004172,13.474,13.151,13.398,13.05,10.485,10.485
20241114185433,165.304001793265,13.478,13.163,13.408,13.06,10.503,10.491
20241114185433.5,165.75800254941,13.46,13.159,13.404,13.056,10.503,10.489
20241114185433.9,166.210997477174,13.486,13.159,13.406,13.056,10.491,10.485
20241114185434.4,166.659999266267,13.478,13.167,13.394,13.054,10.507,10.495
20241114185434.8,167.112994194031,13.482,13.179,13.379,13.048,10.499,10.517
20241114185435.3,167.561995983124,13.493,13.165,13.396,13.05,10.503,10.493
20241114185435.7,168.015000969172,13.486,13.175,13.392,13.054,10.491,10.473
20241114185436.2,168.469001725316,13.493,13.187,13.385,13.056,10.501,10.489
20241114185436.6,168.92199665308,13.488,13.159,13.396,13.064,10.485,10.511
20241114185437.1,169.370998442173,13.486,13.179,13.416,13.072,10.497,10.475
20241114185437.5,169.823993369937,13.488,13.169,13.383,13.064,10.501,10.489
20241114185438,170.269002020359,13.491,13.189,13.385,13.066,10.471,10.479
20241114185438.4,170.721996948123,13.497,13.173,13.396,13.062,10.493,10.481
20241114185438.9,171.163998171687,13.499,13.153,13.387,13.066,10.503,10.485
20241114185439.3,171.620996296406,13.499,13.177,13.39,13.058,10.503,10.467
20241114185439.8,172.074001282454,13.513,13.177,13.408,13.068,10.495,10.475
20241114185440.2,172.523003071547,13.517,13.177,13.394,13.04,10.497,10.485
20241114185440.7,172.987997531891,13.515,13.183,13.377,13.058,10.489,10.483
20241114185441.1,173.429002985358,13.519,13.177,13.408,13.082,10.487,10.479
20241114185441.6,173.893997445703,13.521,13.173,13.39,13.068,10.501,10.481
20241114185442.1,174.34700243175,13.523,13.187,13.396,13.06,10.495,10.495
20241114185442.5,174.801003187895,13.521,13.181,13.394,13.056,10.499,10.493
20241114185443,175.253998115659,13.541,13.189,13.396,13.04,10.491,10.503
20241114185443.4,175.702999904752,13.531,13.185,13.416,13.054,10.487,10.481
20241114185443.9,176.164001226425,13.543,13.169,13.394,13.064,10.505,10.483
20241114185444.3,176.608999818563,13.531,13.194,13.385,13.06,10.497,10.481
20241114185444.8,177.065997943282,13.553,13.179,13.385,13.066,10.483,10.491
20241114185445.2,177.51099653542,13.551,13.177,13.416,13.048,10.493,10.497
20241114185445.7,177.964997291565,13.549,13.185,13.396,13.076,10.491,10.491
20241114185446.1,178.409995883703,13.557,13.189,13.394,13.068,10.503,10.473
20241114185446.6,178.866994008422,13.535,13.19,13.402,13.07,10.495,10.493
20241114185447,179.312002658844,13.551,13.194,13.396,13.052,10.507,10.511
20241114185447.5,179.764997586608,13.594,13.181,13.4,13.076,10.501,10.505
20241114185447.9,180.214995145798,13.559,13.173,13.398,13.056,10.499,10.485
20241114185448.4,180.65199740231,13.565,13.183,13.402,13.072,10.497,10.491
20241114185448.8,181.08999542892,13.59,13.189,13.41,13.048,10.507,10.505
20241114185449.3,181.543000414968,13.577,13.2,13.406,13.078,10.511,10.487
20241114185449.7,181.995995342731,13.569,13.198,13.39,13.062,10.479,10.485
20241114185450.2,182.437000796199,13.581,13.187,13.406,13.06,10.503,10.501
20241114185450.6,182.893998920918,13.565,13.185,13.398,13.068,10.507,10.491
20241114185451.1,183.343996480107,13.585,13.196,13.398,13.054,10.493,10.497
20241114185451.5,183.797001466155,13.553,13.189,13.4,13.066,10.489,10.491
20241114185452,184.249996393919,13.571,13.192,13.404,13.05,10.497,10.491
20241114185452.4,184.698998183012,13.565,13.212,13.406,13.046,10.505,10.491
20241114185452.9,185.147999972105,13.569,13.175,13.394,13.062,10.491,10.497
20241114185453.3,185.600994899869,13.551,13.192,13.406,13.076,10.507,10.491
20241114185453.8,186.053999885917,13.565,13.194,13.392,13.068,10.497,10.491
20241114185454.2,186.508000642061,13.557,13.194,13.379,13.062,10.505,10.495
20241114185454.7,186.960995569825,13.559,13.185,13.39,13.068,10.495,10.497
20241114185455.1,187.409997358918,13.579,13.189,13.392,13.032,10.493,10.495
20241114185455.6,187.851002812386,13.573,13.175,13.402,13.066,10.503,10.495
20241114185456,188.303997740149,13.592,13.189,13.392,13.048,10.499,10.491
20241114185456.5,188.757998496294,13.573,13.185,13.381,13.054,10.519,10.495
20241114185456.9,189.210993424058,13.573,13.198,13.392,13.054,10.505,10.501
20241114185457.4,189.647995680571,13.563,13.179,13.39,13.048,10.487,10.485
20241114185457.8,190.101000666618,13.549,13.2,13.39,13.078,10.491,10.503
20241114185458.3,190.557998791337,13.549,13.183,13.369,13.038,10.487,10.493
20241114185458.7,191.026996448636,13.561,13.19,13.39,13.056,10.509,10.491
20241114185459.2,191.480001434684,13.567,13.19,13.385,13.05,10.485,10.503
20241114185459.6,191.929003223777,13.577,13.198,13.379,13.068,10.473,10.479
20241114185500.1,192.367001250386,13.559,13.19,13.39,13.056,10.513,10.493
20241114185500.5,192.81999617815,13.585,13.194,13.367,13.062,10.507,10.497
20241114185501,193.288993835449,13.571,13.192,13.394,13.084,10.493,10.489
20241114185501.5,193.737995624542,13.565,13.194,13.387,13.052,10.495,10.487
20241114185501.9,194.19100061059,13.567,13.185,13.377,13.066,10.501,10.497
20241114185502.4,194.643995538354,13.563,13.185,13.39,13.064,10.497,10.489
20241114185502.8,195.100993663073,13.581,13.185,13.387,13.052,10.503,10.491
20241114185503.3,195.551001280546,13.577,13.194,13.381,13.054,10.493,10.491
20241114185503.7,196.000003069639,13.587,13.187,13.371,13.044,10.509,10.499
20241114185504.2,196.452997997403,13.575,13.189,13.392,13.054,10.501,10.495
20241114185504.6,196.906002983451,13.583,13.187,13.388,13.05,10.489,10.493
20241114185505.1,197.358997911215,13.569,13.208,13.361,13.06,10.499,10.509
20241114185505.5,197.807999700308,13.565,13.204,13.392,13.06,10.479,10.503
20241114185506,198.260994628072,13.59,13.187,13.383,13.058,10.499,10.509
20241114185506.4,198.711002245545,13.575,13.183,13.381,13.058,10.495,10.483
20241114185506.9,199.147994443774,13.583,13.183,13.39,13.062,10.509,10.491
20241114185507.3,199.600999429822,13.583,13.173,13.383,13.054,10.491,10.487
20241114185507.8,200.050996989012,13.579,13.19,13.383,13.066,10.495,10.485
20241114185508.2,200.518998876214,13.602,13.187,13.381,13.06,10.491,10.503
20241114185508.7,200.971993803978,13.596,13.183,13.383,13.07,10.493,10.499
20241114185509.1,201.425994560122,13.583,13.183,13.39,13.056,10.487,10.483
20241114185509.6,201.86700001359,13.598,13.187,13.379,13.064,10.487,10.479
20241114185510,202.316001802683,13.604,13.179,13.383,13.062,10.487,10.511
20241114185510.5,202.758003026247,13.585,13.173,13.377,13.068,10.497,10.499
20241114185510.9,203.222001716495,13.61,13.189,13.377,13.062,10.489,10.499
20241114185511.4,203.676002472639,13.59,13.175,13.369,13.054,10.493,10.499
20241114185511.8,204.128997400403,13.59,13.196,13.363,13.048,10.491,10.479
20241114185512.3,204.577999189496,13.608,13.187,13.377,13.068,10.495,10.493
20241114185512.8,205.034997314215,13.598,13.189,13.385,13.058,10.491,10.489
20241114185513.2,205.483999103308,13.602,13.185,13.381,13.076,10.501,10.479
20241114185513.7,205.936994031072,13.61,13.185,13.394,13.076,10.511,10.509
20241114185514.1,206.389999017119,13.604,13.185,13.392,13.06,10.505,10.489
20241114185514.6,206.839996576309,13.61,13.183,13.377,13.05,10.489,10.491
20241114185515,207.293001562357,13.598,13.175,13.363,13.038,10.499,10.483
20241114185515.5,207.745996490121,13.594,13.183,13.371,13.066,10.491,10.487
20241114185515.9,208.21499414742,13.604,13.19,13.383,13.056,10.501,10.483
20241114185516.4,208.667999133468,13.622,13.185,13.383,13.056,10.483,10.505
20241114185516.8,209.120994061232,13.596,13.187,13.381,13.044,10.509,10.487
20241114185517.3,209.578002244234,13.618,13.204,13.373,13.066,10.507,10.489
20241114185517.7,210.026993975043,13.612,13.183,13.388,13.046,10.479,10.495
20241114185518.2,210.484002158046,13.616,13.183,13.381,13.066,10.503,10.499
20241114185518.7,210.93699708581,13.608,13.192,13.381,13.05,10.495,10.501
20241114185519.1,211.390002071857,13.634,13.183,13.388,13.068,10.495,10.489
20241114185519.6,211.858999729156,13.626,13.204,13.367,13.05,10.493,10.495
20241114185520,212.30800151825,13.608,13.179,13.381,13.06,10.491,10.485
20241114185520.5,212.760996446013,13.62,13.175,13.375,13.054,10.485,10.493
20241114185520.9,213.214997202158,13.63,13.202,13.371,13.054,10.497,10.499
20241114185521.4,213.668002188206,13.63,13.181,13.349,13.046,10.495,10.483
20241114185521.8,214.116993919015,13.606,13.194,13.353,13.076,10.477,10.493
20241114185522.3,214.569998905063,13.64,13.171,13.377,13.04,10.483,10.473
20241114185522.7,215.022993832827,13.648,13.194,13.371,13.062,10.475,10.497
20241114185523.2,215.475998818874,13.632,13.2,13.371,13.048,10.493,10.475
20241114185523.6,215.928993746638,13.622,13.212,13.359,13.056,10.505,10.475
20241114185524.1,216.382994502783,13.652,13.179,13.381,13.056,10.509,10.487
20241114185524.6,216.835999488831,13.626,13.192,13.373,13.072,10.489,10.491
20241114185525,217.292997613549,13.65,13.192,13.375,13.052,10.515,10.509
20241114185525.4,217.729999870062,13.636,13.187,13.379,13.052,10.497,10.479
20241114185525.9,218.182994797826,13.642,13.198,13.375,13.052,10.501,10.485
20241114185526.4,218.635999783874,13.636,13.175,13.385,13.03,10.487,10.489
20241114185526.8,219.085997343063,13.63,13.2,13.375,13.044,10.505,10.469
20241114185527.3,219.539002329111,13.648,13.2,13.377,13.044,10.501,10.495
20241114185527.7,219.99600045383,13.646,13.194,13.367,13.056,10.509,10.481
20241114185528.2,220.445002242923,13.634,13.187,13.39,13.044,10.489,10.501
20241114185528.6,220.897997170687,13.658,13.169,13.39,13.062,10.491,10.503
20241114185529.1,221.363001689315,13.654,13.192,13.383,13.04,10.501,10.497
20241114185529.5,221.812003478408,13.662,13.2,13.408,13.06,10.503,10.503
20241114185530,222.250001505017,13.654,13.212,13.412,13.07,10.519,10.503
20241114185530.4,222.72199653089,13.682,13.202,13.414,13.062,10.511,10.509
20241114185530.9,223.178994655609,13.668,13.197,13.41,13.074,10.511,10.485
20241114185531.3,223.629002273083,13.676,13.218,13.397,13.05,10.493,10.495
20241114185531.8,224.074000865221,13.674,13.216,13.397,13.062,10.509,10.473
20241114185532.3,224.53099898994,13.668,13.228,13.4,13.054,10.503,10.495
20241114185532.7,224.983993917704,13.692,13.202,13.381,13.068,10.497,10.495
20241114185533.2,225.436998903751,13.696,13.208,13.397,13.068,10.499,10.513
20241114185533.6,225.874996930361,13.676,13.204,13.4,13.058,10.499,10.493
20241114185534,226.316002383828,13.686,13.21,13.393,13.066,10.483,10.495
20241114185534.5,226.768997311592,13.69,13.22,13.399,13.068,10.501,10.495
20241114185534.9,227.22200229764,13.696,13.204,13.389,13.072,10.505,10.493
20241114185535.4,227.66399346292,13.696,13.218,13.387,13.072,10.525,10.505
20241114185535.8,228.112995252013,13.701,13.21,13.387,13.06,10.503,10.509
20241114185536.3,228.582002967596,13.699,13.206,13.395,13.058,10.513,10.503
20241114185536.8,229.030994698405,13.692,13.232,13.399,13.066,10.491,10.501
20241114185537.2,229.483999684453,13.69,13.206,13.4,13.06,10.511,10.505
20241114185537.7,229.936994612217,13.694,13.218,13.395,13.06,10.483,10.481
20241114185538.1,230.389999598265,13.674,13.216,13.369,13.052,10.495,10.473
20241114185538.6,230.844000354409,13.691,13.214,13.367,13.056,10.497,10.489
20241114185539,231.293002143502,13.691,13.196,13.363,13.046,10.491,10.491
20241114185539.5,231.745997071266,13.688,13.206,13.369,13.044,10.499,10.477
20241114185539.9,232.199002057314,13.695,13.204,13.339,13.038,10.501,10.483
20241114185540.4,232.647993788123,13.688,13.202,13.339,13.04,10.497,10.475
20241114185540.8,233.100998774171,13.672,13.206,13.331,13.038,10.509,10.485
20241114185541.3,233.550996333361,13.68,13.171,13.327,13.026,10.497,10.505
20241114185541.7,233.992001786828,13.656,13.189,13.323,13.034,10.507,10.495
20241114185542.2,234.441003575921,13.65,13.194,13.311,13.036,10.495,10.507
20241114185542.6,234.893998503685,13.632,13.192,13.325,13.042,10.505,10.509
20241114185543.1,235.350996628404,13.644,13.173,13.317,13.028,10.503,10.485
20241114185543.5,235.816001147032,13.636,13.173,13.299,13.03,10.465,10.493
20241114185544,236.268996074796,13.618,13.175,13.313,13.034,10.491,10.489
20241114185544.4,236.722001060843,13.63,13.165,13.295,13.038,10.505,10.489
20241114185544.9,237.176001816988,13.61,13.169,13.303,13.028,10.495,10.503
20241114185545.3,237.628996744752,13.614,13.171,13.284,13.032,10.497,10.505
20241114185545.8,238.0820017308,13.614,13.151,13.299,13.026,10.489,10.489
20241114185546.2,238.518993929029,13.608,13.159,13.299,13.018,10.515,10.497
20241114185546.7,238.971998915076,13.596,13.163,13.307,13.028,10.489,10.485
20241114185547.1,239.425999671221,13.59,13.147,13.295,13.038,10.517,10.487
20241114185547.6,239.875001460314,13.592,13.159,13.311,13.01,10.491,10.475
20241114185548,240.327996388078,13.575,13.159,13.317,13.012,10.499,10.491
20241114185548.5,240.76499864459,13.577,13.157,13.297,13.03,10.499,10.491
20241114185548.9,241.218999400735,13.589,13.135,13.303,13.036,10.497,10.497
20241114185549.4,241.656001657248,13.589,13.157,13.299,13.024,10.499,10.475
20241114185549.8,242.096997052431,13.581,13.165,13.303,13.042,10.501,10.497
20241114185550.3,242.538998275995,13.575,13.141,13.303,13.032,10.499,10.485
20241114185550.7,242.988000065088,13.579,13.127,13.299,13.034,10.513,10.481
20241114185551.2,243.440994992852,13.59,13.147,13.301,13.036,10.491,10.495
20241114185551.6,243.8939999789,13.559,13.129,13.315,13.022,10.495,10.487
20241114185552.1,244.336001202464,13.557,13.155,13.305,13.024,10.495,10.487
20241114185552.5,244.788996130228,13.559,13.157,13.305,13.034,10.503,10.477
20241114185553,245.237997919321,13.573,13.145,13.289,13.048,10.499,10.471
20241114185553.4,245.691002905369,13.583,13.135,13.321,13.038,10.491,10.497
20241114185553.9,246.143997833133,13.563,13.141,13.284,13.024,10.489,10.489
20241114185554.3,246.59700281918,13.569,13.147,13.305,13.04,10.491,10.485
20241114185554.8,247.050993517041,13.545,13.159,13.301,13.042,10.515,10.475
20241114185555.2,247.499995306134,13.565,13.129,13.317,13.046,10.487,10.473
20241114185555.7,247.941000759602,13.567,13.141,13.325,13.038,10.507,10.481
20241114185556.1,248.393995687366,13.557,13.151,13.305,13.034,10.487,10.475
20241114185556.6,248.847000673413,13.553,13.157,13.331,13.024,10.499,10.477
20241114185557,249.301001429558,13.557,13.145,13.299,13.05,10.497,10.497
20241114185557.5,249.753996357322,13.557,13.135,13.305,13.032,10.485,10.477
20241114185557.9,250.207001343369,13.547,13.147,13.295,13.016,10.499,10.489
20241114185558.4,250.659996271133,13.551,13.143,13.289,13.03,10.485,10.473
20241114185558.8,251.116994395852,13.541,13.143,13.28,13.038,10.481,10.485
20241114185559.3,251.565996184945,13.541,13.139,13.299,13.03,10.507,10.475
20241114185559.7,252.019001170993,13.539,13.127,13.28,13.038,10.483,10.493
20241114185600.2,252.471996098757,13.517,13.135,13.301,13.04,10.491,10.475
20241114185600.6,252.925996854901,13.527,13.135,13.289,13.03,10.491,10.493
20241114185601.1,253.379001840949,13.533,13.139,13.289,13.026,10.487,10.501
20241114185601.6,253.835999965668,13.525,13.129,13.299,13.042,10.495,10.465
20241114185602,254.276995360851,13.515,13.131,13.291,13.03,10.491,10.483
20241114185602.4,254.725997149944,13.503,13.113,13.284,13.026,10.491,10.477
20241114185602.9,255.179002135992,13.511,13.127,13.284,13.048,10.489,10.487
20241114185603.3,255.620993301272,13.491,13.109,13.289,13.044,10.487,10.473
20241114185603.8,256.069995090365,13.491,13.133,13.28,13.018,10.495,10.475
20241114185604.2,256.523000076413,13.482,13.109,13.286,13.04,10.497,10.493
20241114185604.7,256.979998201132,13.503,13.109,13.274,13.024,10.491,10.493
20241114185605.2,257.43300318718,13.495,13.111,13.274,13.028,10.511,10.489
20241114185605.6,257.885998114944,13.452,13.119,13.272,13.034,10.491,10.483
20241114185606.1,258.339998871088,13.48,13.115,13.268,13.018,10.505,10.477
20241114185606.5,258.792993798852,13.474,13.095,13.256,13.032,10.471,10.479
20241114185607,259.233999252319,13.47,13.109,13.25,13.012,10.505,10.489
20241114185607.4,259.683001041412,13.472,13.103,13.254,13.02,10.501,10.483
20241114185607.9,260.139999166131,13.464,13.101,13.238,13.018,10.495,10.481
20241114185608.3,260.589996725321,13.472,13.121,13.25,13.02,10.469,10.487
20241114185608.8,261.046994850039,13.474,13.086,13.236,13.032,10.495,10.477
20241114185609.2,261.511003598571,13.47,13.101,13.244,13.01,10.489,10.477
20241114185609.7,261.964994296432,13.458,13.097,13.268,13.018,10.489,10.487
20241114185610.1,262.417999282479,13.456,13.091,13.25,13.026,10.481,10.469
20241114185610.6,262.867001071572,13.458,13.099,13.244,13.01,10.491,10.479
20241114185611,263.307996466756,13.452,13.088,13.242,12.992,10.501,10.489
20241114185611.5,263.761001452804,13.45,13.088,13.246,13.004,10.489,10.483
20241114185611.9,264.203002676368,13.448,13.099,13.236,13.008,10.479,10.491
20241114185612.4,264.660000801086,13.44,13.099,13.242,12.998,10.501,10.479
20241114185612.8,265.11299572885,13.434,13.103,13.244,12.99,10.487,10.485
20241114185613.3,265.566000714898,13.436,13.093,13.216,13.012,10.485,10.491
20241114185613.7,266.018995642662,13.426,13.086,13.248,12.992,10.485,10.495
20241114185614.2,266.47200062871,13.426,13.084,13.232,13.01,10.475,10.469
20241114185614.6,266.926001384854,13.432,13.084,13.234,13.012,10.511,10.493
20241114185615.1,267.378996312618,13.432,13.082,13.22,12.981,10.501,10.471
20241114185615.5,267.827998101711,13.438,13.082,13.24,12.998,10.489,10.469
20241114185616,268.300998955965,13.428,13.099,13.24,12.99,10.507,10.495
20241114185616.5,268.750000745058,13.428,13.084,13.266,12.99,10.509,10.475
20241114185616.9,269.199002534151,13.434,13.076,13.262,13,10.489,10.487
20241114185617.4,269.64799426496,13.432,13.08,13.248,12.998,10.497,10.489
20241114185617.8,270.089995488524,13.416,13.08,13.25,13.018,10.499,10.487
20241114185618.3,270.543000474572,13.41,13.086,13.24,13.02,10.485,10.493
20241114185618.7,271.014995500445,13.42,13.093,13.238,12.996,10.497,10.489
20241114185619.2,271.460999920964,13.412,13.095,13.246,13.012,10.509,10.491
20241114185619.6,271.910001710057,13.416,13.078,13.252,12.994,10.511,10.483
20241114185620.1,272.362996637821,13.418,13.066,13.234,13,10.509,10.489
20241114185620.5,272.816001623869,13.43,13.09,13.252,13.008,10.495,10.493
20241114185621,273.268996551633,13.41,13.076,13.228,13.012,10.487,10.499
20241114185621.4,273.718994110823,13.416,13.07,13.23,12.983,10.501,10.475
20241114185621.9,274.176002293825,13.414,13.056,13.248,12.998,10.495,10.493
20241114185622.3,274.624994024634,13.406,13.072,13.23,13.002,10.499,10.479
20241114185622.8,275.073995813727,13.408,13.056,13.232,12.99,10.495,10.477
20241114185623.3,275.530993938446,13.402,13.072,13.246,12.99,10.513,10.463
20241114185623.7,275.988002121449,13.412,13.078,13.232,12.989,10.483,10.483
20241114185624.2,276.440997049212,13.402,13.074,13.236,12.994,10.505,10.479
20241114185624.6,276.889998838305,13.379,13.08,13.24,12.994,10.499,10.489
20241114185625.1,277.34399959445,13.4,13.088,13.264,13.004,10.513,10.501
20241114185625.5,277.796994522214,13.41,13.088,13.274,12.992,10.495,10.493
20241114185626,278.249999508262,13.414,13.072,13.295,13.002,10.525,10.501
20241114185626.4,278.699001297355,13.412,13.072,13.286,13.002,10.501,10.467
20241114185626.9,279.148003086448,13.39,13.09,13.288,13.012,10.493,10.491
20241114185627.3,279.600998014212,13.402,13.088,13.28,13.024,10.495,10.489
20241114185627.8,280.050995573401,13.404,13.086,13.286,13.038,10.513,10.491
20241114185628.2,280.50799369812,13.392,13.097,13.291,13.022,10.497,10.493
20241114185628.7,280.968995019794,13.398,13.095,13.297,12.994,10.505,10.503
20241114185629.1,281.422000005841,13.404,13.095,13.291,13.038,10.497,10.489
20241114185629.6,281.871001794934,13.4,13.078,13.301,13.034,10.519,10.499
20241114185630,282.320003584027,13.404,13.088,13.289,13.016,10.509,10.495
20241114185630.5,282.777001708746,13.414,13.088,13.293,13.028,10.505,10.499
20241114185631,283.245999366045,13.398,13.084,13.274,13.018,10.509,10.481
20241114185631.4,283.695001155138,13.398,13.068,13.284,13.03,10.509,10.497
20241114185631.9,284.151999279857,13.394,13.088,13.291,13.012,10.505,10.489
20241114185632.3,284.60100106895,13.404,13.091,13.272,13.014,10.509,10.499
20241114185632.8,285.046995431185,13.396,13.09,13.278,13.02,10.497,10.505
20241114185633.2,285.495997220278,13.406,13.095,13.27,13.03,10.511,10.489
20241114185633.7,285.952995344996,13.388,13.111,13.274,13.02,10.499,10.501
20241114185634.1,286.406000331044,13.392,13.099,13.26,13.006,10.491,10.501
20241114185634.6,286.858995258808,13.404,13.091,13.293,13.03,10.513,10.513
20241114185635,287.307997047901,13.394,13.095,13.288,13.016,10.497,10.501
20241114185635.5,287.745995074511,13.398,13.086,13.282,13.028,10.497,10.505
20241114185635.9,288.215002790093,13.383,13.088,13.276,13.022,10.495,10.497
20241114185636.4,288.667997717857,13.404,13.093,13.284,13.022,10.519,10.511
20241114185636.8,289.121002703905,13.404,13.093,13.262,13.022,10.493,10.501
20241114185637.3,289.573997631669,13.424,13.09,13.27,13.02,10.497,10.513
20241114185637.8,290.030995756388,13.4,13.109,13.278,13.01,10.505,10.477
20241114185638.2,290.484000742435,13.404,13.09,13.284,13.016,10.503,10.491
20241114185638.7,290.940998867154,13.39,13.115,13.278,13.026,10.493,10.507
20241114185639.1,291.393993794918,13.408,13.097,13.262,13.026,10.495,10.481
20241114185639.6,291.846998780966,13.4,13.084,13.278,13.042,10.507,10.495
20241114185640,292.30099953711,13.398,13.099,13.27,13.014,10.499,10.485
20241114185640.5,292.750001326203,13.406,13.091,13.262,13.036,10.507,10.495
20241114185640.9,293.202996253967,13.398,13.086,13.286,13.016,10.495,10.495
20241114185641.4,293.659994378686,13.39,13.068,13.282,13.008,10.497,10.489
20241114185641.8,294.108996167779,13.392,13.07,13.284,13.024,10.503,10.497
20241114185642.3,294.562001153827,13.396,13.097,13.293,13.038,10.489,10.495
20241114185642.8,295.03500200808,13.377,13.09,13.28,13.014,10.487,10.485
20241114185643.2,295.48399373889,13.406,13.091,13.256,13.022,10.505,10.493
20241114185643.7,295.936998724937,13.392,13.103,13.264,13.024,10.493,10.499
20241114185644.1,296.393996849656,13.408,13.09,13.262,13.012,10.495,10.499
20241114185644.6,296.847001835704,13.412,13.096,13.272,13.024,10.521,10.509
20241114185645,297.311996296048,13.389,13.113,13.278,13.036,10.513,10.503
20241114185645.5,297.760998085141,13.414,13.107,13.274,13.026,10.509,10.491
20241114185645.9,298.21900203824,13.402,13.09,13.28,13.024,10.497,10.513
20241114185646.4,298.671996966004,13.406,13.103,13.274,13.034,10.495,10.493
20241114185646.8,299.128995090723,13.397,13.107,13.284,13.024,10.515,10.487
20241114185647.3,299.577996879816,13.395,13.101,13.26,13.02,10.513,10.505
20241114185647.8,300.031001865864,13.381,13.091,13.272,13.018,10.499,10.479
20241114185648.2,300.468999892473,13.394,13.109,13.264,13.022,10.483,10.493
20241114185648.6,300.921994820237,13.388,13.09,13.264,13.02,10.503,10.495
20241114185649.1,301.386003568769,13.4,13.103,13.272,13.03,10.501,10.485
20241114185649.6,301.839994266629,13.387,13.099,13.264,13.028,10.515,10.493
20241114185650,302.292999252677,13.41,13.105,13.242,13.004,10.475,10.489
20241114185650.5,302.761001139879,13.408,13.084,13.264,13.034,10.495,10.505
20241114185650.9,303.218995034695,13.383,13.09,13.242,13.028,10.475,10.481
20241114185651.4,303.672000020742,13.379,13.074,13.26,12.998,10.491,10.493
20241114185651.9,304.133001342416,13.369,13.076,13.244,12.992,10.507,10.491
20241114185652.3,304.601003229618,13.402,13.082,13.262,13.004,10.497,10.485
20241114185652.8,305.053998157382,13.385,13.068,13.258,13.016,10.503,10.501
20241114185653.2,305.507998913527,13.385,13.09,13.262,13.004,10.501,10.499
20241114185653.7,305.96099384129,13.379,13.09,13.256,13.014,10.505,10.479
20241114185654.2,306.432998925447,13.379,13.078,13.26,13.028,10.503,10.489
20241114185654.6,306.885993853211,13.392,13.06,13.26,13.012,10.503,10.465
20241114185655.1,307.336001470685,13.385,13.088,13.274,13.014,10.491,10.493
20241114185655.5,307.788996398449,13.39,13.099,13.264,13.02,10.501,10.483
20241114185656,308.242001384497,13.381,13.062,13.266,13.016,10.503,10.507
20241114185656.4,308.706995844841,13.381,13.076,13.262,13.02,10.499,10.481
20241114185656.9,309.160000830889,13.371,13.086,13.25,13.028,10.503,10.489
20241114185657.3,309.616998955607,13.394,13.08,13.25,13.02,10.507,10.479
20241114185657.8,310.069993883371,13.385,13.078,13.284,13.032,10.501,10.489
20241114185658.2,310.527002066374,13.4,13.086,13.27,13.022,10.515,10.479
20241114185658.7,310.984000191092,13.388,13.099,13.274,13.008,10.499,10.505
20241114185659.2,311.436995118856,13.375,13.084,13.268,13.014,10.507,10.493
20241114185659.6,311.894003301859,13.381,13.088,13.295,13.03,10.505,10.505
20241114185700.1,312.344000861049,13.375,13.074,13.289,13.01,10.505,10.493
20241114185700.5,312.800998985767,13.396,13.09,13.278,13.02,10.495,10.495
20241114185701,313.253993913531,13.387,13.095,13.289,13.016,10.487,10.499
20241114185701.4,313.706998899579,13.381,13.101,13.28,13.02,10.515,10.503
20241114185701.9,314.163997024298,13.365,13.088,13.266,13.026,10.503,10.481
20241114185702.3,314.612998813391,13.385,13.086,13.295,13.008,10.497,10.505
20241114185702.8,315.062000602484,13.392,13.082,13.288,13.008,10.493,10.499
20241114185703.3,315.535001456738,13.398,13.078,13.291,13.03,10.491,10.491
20241114185703.7,315.999995917082,13.387,13.095,13.289,13.042,10.497,10.503
20241114185704.2,316.45300090313,13.404,13.101,13.286,13.014,10.511,10.517
20241114185704.6,316.905995830894,13.398,13.072,13.311,13.052,10.519,10.485
20241114185705.1,317.359000816941,13.416,13.08,13.301,13.042,10.505,10.509
20241114185705.5,317.811995744705,13.404,13.082,13.299,13.04,10.519,10.513
20241114185706,318.265000730753,13.408,13.093,13.307,13.042,10.509,10.503
20241114185706.4,318.719001486897,13.396,13.076,13.307,13.052,10.517,10.501
20241114185706.9,319.171996414661,13.42,13.084,13.305,13.06,10.517,10.485
20241114185707.3,319.620998203754,13.398,13.101,13.325,13.064,10.499,10.497
20241114185707.8,320.077996328473,13.414,13.105,13.315,13.058,10.491,10.487
20241114185708.3,320.534994453192,13.42,13.095,13.297,13.044,10.507,10.491
20241114185708.7,320.992002636194,13.414,13.09,13.305,13.04,10.525,10.501
20241114185709.2,321.440994367003,13.412,13.107,13.303,13.068,10.507,10.475
20241114185709.6,321.893999353051,13.41,13.095,13.311,13.044,10.491,10.495
20241114185710.1,322.346994280815,13.4,13.103,13.28,13.054,10.513,10.499
20241114185710.5,322.816001996398,13.4,13.103,13.299,13.052,10.499,10.509
20241114185711,323.268996924162,13.42,13.105,13.289,13.054,10.511,10.515
20241114185711.4,323.715001344681,13.41,13.107,13.291,13.038,10.535,10.499
20241114185711.9,324.164003133774,13.387,13.097,13.293,13.03,10.509,10.497
20241114185712.3,324.621001258492,13.404,13.091,13.284,13.058,10.505,10.495
20241114185712.8,325.085995718837,13.42,13.103,13.27,13.048,10.509,10.499
20241114185713.3,325.539000704885,13.41,13.082,13.288,13.044,10.507,10.505
20241114185713.7,325.988002493978,13.42,13.117,13.289,13.05,10.519,10.483
20241114185714.2,326.436994224787,13.408,13.097,13.278,13.032,10.529,10.507
20241114185714.6,326.894002407789,13.422,13.107,13.276,13.036,10.495,10.497
20241114185715.1,327.343999966979,13.41,13.095,13.27,13.028,10.519,10.485
20241114185715.5,327.796994894743,13.436,13.099,13.264,13.034,10.503,10.501
20241114185716,328.249999880791,13.418,13.091,13.252,13.038,10.529,10.505
20241114185716.4,328.711001202464,13.428,13.117,13.25,13.038,10.501,10.495
20241114185716.9,329.160002991557,13.414,13.097,13.262,13.034,10.517,10.495
20241114185717.3,329.612997919321,13.414,13.091,13.242,13.018,10.499,10.511
20241114185717.8,330.061999708414,13.416,13.093,13.244,13.022,10.515,10.477
20241114185718.2,330.514994636178,13.418,13.088,13.264,13.038,10.521,10.487
20241114185718.7,330.968995392323,13.408,13.084,13.272,13.038,10.497,10.503
20241114185719.1,331.42200037837,13.414,13.084,13.284,13.048,10.513,10.499
20241114185719.6,331.874995306134,13.408,13.076,13.28,13.042,10.501,10.489
20241114185720.1,332.339999824762,13.416,13.095,13.282,13.05,10.521,10.491
20241114185720.5,332.80399851501,13.402,13.086,13.284,13.034,10.523,10.503
20241114185721,333.257999271154,13.414,13.093,13.282,13.036,10.523,10.493
20241114185721.4,333.714997395873,13.392,13.08,13.272,13.042,10.511,10.493
20241114185721.9,334.163999184966,13.398,13.088,13.264,13.044,10.515,10.481
20241114185722.3,334.61699411273,13.416,13.086,13.264,13.018,10.525,10.479
20241114185722.8,335.069999098778,13.414,13.086,13.26,13.032,10.497,10.499
20241114185723.2,335.522994026542,13.42,13.078,13.25,13.042,10.517,10.503
20241114185723.7,335.975999012589,13.406,13.093,13.258,13.01,10.499,10.501
20241114185724.2,336.432997137308,13.406,13.084,13.264,13.03,10.495,10.513
20241114185724.6,336.901994794607,13.422,13.082,13.274,13.026,10.491,10.507
20241114185725.1,337.3509965837,13.416,13.084,13.284,13.02,10.489,10.507
20241114185725.5,337.804001569748,13.418,13.072,13.291,13.028,10.525,10.511
20241114185726,338.258002325892,13.396,13.074,13.286,13.032,10.505,10.501
20241114185726.4,338.710997253656,13.406,13.08,13.307,13.034,10.499,10.497
20241114185726.9,339.159999042749,13.392,13.08,13.27,13.04,10.513,10.499
20241114185727.3,339.616997167468,13.422,13.095,13.27,13.03,10.503,10.499
20241114185727.8,340.070002153516,13.422,13.086,13.272,13.008,10.505,10.501
20241114185728.3,340.538999810815,13.406,13.105,13.272,13.022,10.499,10.505
20241114185728.7,340.979995205998,13.416,13.084,13.252,13.016,10.505,10.487
20241114185729.2,341.433000192046,13.414,13.09,13.258,13.044,10.509,10.513
20241114185729.6,341.889998316765,13.424,13.066,13.282,13.036,10.487,10.493
20241114185730.1,342.343999072909,13.402,13.08,13.27,13.022,10.501,10.501
20241114185730.5,342.796994000673,13.408,13.084,13.278,13.044,10.523,10.485
20241114185731,343.249998986721,13.41,13.084,13.258,13.028,10.509,10.499
20241114185731.4,343.702993914485,13.412,13.062,13.288,13.016,10.515,10.499
20241114185731.9,344.151995703578,13.418,13.107,13.293,13.048,10.505,10.503
20241114185732.3,344.620993360877,13.388,13.082,13.254,13.03,10.511,10.515
20241114185732.8,345.07800154388,13.412,13.09,13.295,13.044,10.505,10.481
20241114185733.2,345.527003332973,13.41,13.088,13.26,13.034,10.501,10.487
20241114185733.7,345.979998260736,13.418,13.08,13.254,13.03,10.499,10.503
20241114185734.2,346.433003246784,13.41,13.084,13.272,13.028,10.503,10.493
20241114185734.6,346.885998174548,13.416,13.088,13.274,13.032,10.501,10.479
20241114185735.1,347.335995733738,13.416,13.08,13.28,13.026,10.517,10.511
20241114185735.5,347.789000719786,13.414,13.09,13.282,13.028,10.515,10.505
20241114185736,348.24199564755,13.41,13.076,13.272,13.024,10.519,10.513
20241114185736.4,348.695000633597,13.414,13.093,13.266,13.038,10.499,10.497
20241114185736.9,349.147995561361,13.41,13.086,13.293,13.042,10.507,10.495
20241114185737.3,349.613000079989,13.42,13.084,13.274,13.03,10.507,10.501
20241114185737.8,350.062001869082,13.426,13.072,13.288,13.03,10.517,10.501
20241114185738.3,350.530999526381,13.406,13.095,13.266,13.028,10.523,10.495
20241114185738.7,350.983994454145,13.418,13.086,13.282,13.03,10.503,10.497
20241114185739.2,351.432996243238,13.416,13.088,13.28,13.024,10.513,10.489
20241114185739.6,351.886001229286,13.42,13.062,13.266,13.008,10.497,10.495
20241114185740.1,352.340001985431,13.424,13.078,13.27,13.004,10.505,10.485
20241114185740.5,352.78899371624,13.426,13.088,13.258,13.012,10.507,10.515
20241114185741,353.241998702288,13.432,13.103,13.27,13.028,10.517,10.497
20241114185741.4,353.694993630052,13.414,13.082,13.274,13.01,10.513,10.493
20241114185741.9,354.152001813054,13.42,13.095,13.284,13.026,10.505,10.473
20241114185742.3,354.608999937773,13.428,13.076,13.291,13.016,10.497,10.501
20241114185742.8,355.061994865537,13.434,13.09,13.256,12.998,10.493,10.491
20241114185743.2,355.514999851584,13.422,13.09,13.266,13.024,10.513,10.491
20241114185743.7,355.964997410774,13.42,13.072,13.284,13.024,10.503,10.507
20241114185744.1,356.418002396822,13.404,13.082,13.278,13.018,10.495,10.503
20241114185744.6,356.870997324586,13.41,13.054,13.272,13.022,10.511,10.493
20241114185745,357.327995449305,13.404,13.08,13.264,12.998,10.509,10.515
20241114185745.5,357.781000435352,13.43,13.082,13.278,13.01,10.499,10.503
20241114185746,358.264994993806,13.412,13.086,13.274,13.026,10.503,10.505
20241114185746.4,358.71899574995,13.446,13.103,13.264,13.028,10.511,10.501
20241114185746.9,359.172000735998,13.442,13.099,13.272,13.014,10.515,10.501
20241114185747.3,359.624995663762,13.436,13.086,13.284,13.022,10.505,10.501
20241114185747.8,360.0699942559,13.432,13.091,13.293,13.026,10.515,10.495
20241114185748.2,360.522999241948,13.43,13.082,13.272,13.006,10.505,10.493
20241114185748.7,360.979997366667,13.416,13.082,13.301,13.038,10.501,10.491
20241114185749.1,361.42899915576,13.412,13.084,13.28,13.034,10.487,10.495
20241114185749.6,361.897996813059,13.444,13.074,13.274,13.02,10.503,10.501
20241114185750.1,362.351001799107,13.434,13.078,13.268,13.04,10.501,10.487
20241114185750.5,362.807999923825,13.438,13.07,13.282,13.028,10.513,10.491
20241114185751,363.257997483015,13.438,13.082,13.297,13.022,10.525,10.493
20241114185751.4,363.714995607734,13.436,13.091,13.309,13.024,10.497,10.497
20241114185751.9,364.171993732452,13.42,13.099,13.291,13.028,10.507,10.499
20241114185752.3,364.629001915455,13.42,13.101,13.291,13.016,10.501,10.499
20241114185752.8,365.077993646264,13.444,13.088,13.301,13.018,10.523,10.517
20241114185753.3,365.530998632312,13.442,13.084,13.284,13.04,10.515,10.473
20241114185753.7,366.015003249049,13.43,13.105,13.291,13.022,10.503,10.503
20241114185754.2,366.479997709394,13.446,13.088,13.315,13.024,10.493,10.485
20241114185754.7,366.952998563647,13.44,13.088,13.299,13.03,10.495,10.497
20241114185755.1,367.397997155786,13.454,13.09,13.299,13.028,10.503,10.519
20241114185755.6,367.851002141833,13.444,13.09,13.295,13.01,10.493,10.499
20241114185756,368.303997069597,13.45,13.107,13.303,13.016,10.497,10.485
20241114185756.5,368.753994628787,13.452,13.105,13.317,13.036,10.499,10.493
20241114185756.9,369.206999614835,13.436,13.093,13.313,13.016,10.511,10.493
20241114185757.4,369.659994542599,13.448,13.105,13.305,13.046,10.493,10.501
20241114185757.8,370.108996331692,13.462,13.113,13.323,13.034,10.503,10.503
20241114185758.3,370.577993988991,13.464,13.093,13.291,13.048,10.487,10.483
20241114185758.8,371.030998975039,13.452,13.119,13.297,13.026,10.513,10.505
20241114185759.2,371.483993902802,13.452,13.103,13.299,13.022,10.519,10.489
20241114185759.7,371.93699888885,13.446,13.093,13.305,13.04,10.511,10.507
20241114185800.1,372.386000677943,13.45,13.113,13.317,13.02,10.503,10.501
20241114185800.6,372.840001434088,13.454,13.105,13.313,13.034,10.511,10.505
20241114185801,373.292996361852,13.454,13.103,13.293,13.042,10.495,10.511
20241114185801.5,373.741998150945,13.442,13.101,13.327,13.042,10.501,10.499
20241114185801.9,374.195003136992,13.448,13.109,13.321,13.042,10.519,10.507
20241114185802.4,374.647998064756,13.464,13.095,13.305,13.038,10.499,10.505
20241114185802.8,375.101003050804,13.45,13.127,13.303,13.04,10.483,10.495
20241114185803.3,375.561994314194,13.45,13.093,13.313,13.038,10.501,10.499
20241114185803.7,376.014999300241,13.464,13.113,13.301,13.044,10.503,10.483
20241114185804.2,376.469000056386,13.46,13.113,13.309,13.036,10.513,10.499
20241114185804.6,376.918001845479,13.466,13.135,13.299,13.034,10.513,10.507
20241114185805.1,377.367003634572,13.468,13.119,13.317,13.05,10.501,10.501
20241114185805.5,377.824001759291,13.46,13.117,13.311,13.036,10.501,10.507
20241114185806,378.2729934901,13.482,13.107,13.303,13.034,10.507,10.495
20241114185806.5,378.737998008728,13.46,13.113,13.303,13.036,10.511,10.493
20241114185806.9,379.191002994776,13.454,13.127,13.297,13.03,10.505,10.501
20241114185807.4,379.64399792254,13.46,13.111,13.288,13.034,10.517,10.513
20241114185807.8,380.097002908587,13.484,13.121,13.284,13.052,10.507,10.511
20241114185808.3,380.561997368932,13.472,13.133,13.315,13.05,10.503,10.487
20241114185808.7,381.01500235498,13.472,13.135,13.299,13.034,10.499,10.499
20241114185809.2,381.469003111124,13.48,13.105,13.315,13.058,10.511,10.499
20241114185809.6,381.921998038888,13.48,13.105,13.315,13.046,10.495,10.489
20241114185810.1,382.375003024936,13.474,13.101,13.305,13.052,10.495,10.503
20241114185810.5,382.8279979527,13.476,13.125,13.327,13.04,10.503,10.505
20241114185811,383.281002938747,13.48,13.145,13.327,13.048,10.515,10.497
20241114185811.4,383.729994669557,13.474,13.107,13.327,13.058,10.517,10.503
20241114185811.9,384.187002852559,13.48,13.127,13.343,13.052,10.499,10.509
20241114185812.4,384.635994583368,13.47,13.115,13.331,13.056,10.499,10.505
20241114185812.8,385.089995339513,13.466,13.141,13.335,13.056,10.487,10.497
20241114185813.3,385.543000325561,13.48,13.139,13.307,13.06,10.513,10.509
20241114185813.7,385.995995253325,13.48,13.137,13.335,13.08,10.515,10.489
20241114185814.2,386.452993378043,13.488,13.131,13.347,13.066,10.511,10.495
20241114185814.6,386.910001561046,13.478,13.137,13.333,13.062,10.505,10.487
20241114185815.1,387.37499602139,13.482,13.135,13.329,13.066,10.509,10.515
20241114185815.6,387.840000540018,13.499,13.135,13.333,13.046,10.521,10.511
20241114185816,388.296998664737,13.491,13.121,13.313,13.064,10.499,10.503
20241114185816.5,388.749993592501,13.482,13.117,13.337,13.048,10.501,10.491
20241114185816.9,389.198995381594,13.48,13.121,13.337,13.06,10.509,10.509
20241114185817.4,389.668003097177,13.476,13.127,13.335,13.072,10.517,10.505
20241114185817.8,390.116994827986,13.472,13.127,13.357,13.066,10.509,10.501
20241114185818.3,390.569999814034,13.462,13.145,13.337,13.072,10.529,10.517
20241114185818.7,391.026997938752,13.476,13.151,13.355,13.076,10.499,10.515
20241114185819.2,391.475999727845,13.488,13.125,13.357,13.093,10.515,10.499
20241114185819.7,391.949000582099,13.493,13.131,13.369,13.095,10.507,10.515
20241114185820.1,392.417998239398,13.495,13.151,13.345,13.072,10.499,10.495
20241114185820.6,392.871003225446,13.503,13.119,13.357,13.078,10.519,10.511
20241114185821,393.319994956255,13.505,13.141,13.355,13.101,10.507,10.509
20241114185821.5,393.792995810509,13.507,13.143,13.381,13.088,10.493,10.499
20241114185822,394.237994402647,13.517,13.145,13.422,13.103,10.501,10.491
20241114185822.4,394.690999388695,13.505,13.151,13.406,13.111,10.501,10.511
20241114185822.9,395.143994316459,13.513,13.151,13.406,13.093,10.505,10.489
20241114185823.3,395.596999302506,13.513,13.143,13.406,13.109,10.491,10.495
20241114185823.8,396.061993762851,13.491,13.139,13.367,13.093,10.495,10.501
20241114185824.2,396.514998748899,13.507,13.159,13.367,13.109,10.507,10.509
20241114185824.7,396.968999505043,13.509,13.173,13.351,13.093,10.487,10.503
20241114185825.1,397.425997629762,13.493,13.155,13.369,13.088,10.523,10.515
20241114185825.6,397.874999418855,13.533,13.145,13.361,13.082,10.501,10.505
20241114185826,398.324001207948,13.525,13.139,13.361,13.091,10.517,10.495
20241114185826.5,398.776996135712,13.503,13.143,13.337,13.084,10.519,10.519
20241114185826.9,399.230001121759,13.519,13.149,13.341,13.082,10.497,10.487
20241114185827.4,399.698998779058,13.545,13.157,13.339,13.088,10.501,10.511
20241114185827.9,400.148000568151,13.549,13.149,13.327,13.068,10.513,10.505
20241114185828.3,400.600995495915,13.569,13.149,13.319,13.07,10.515,10.491
20241114185828.8,401.070003211498,13.557,13.159,13.329,13.072,10.509,10.507
20241114185829.3,401.539000868797,13.557,13.161,13.323,13.066,10.513,10.493
20241114185829.7,401.98800265789,13.551,13.157,13.325,13.082,10.489,10.513
20241114185830.2,402.445000782609,13.537,13.155,13.315,13.054,10.509,10.511
20241114185830.6,402.894002571702,13.545,13.151,13.319,13.078,10.499,10.511
20241114185831.1,403.346997499466,13.535,13.137,13.305,13.06,10.483,10.493
20241114185831.5,403.80099825561,13.527,13.149,13.313,13.052,10.515,10.511
20241114185832,404.250000044703,13.541,13.127,13.335,13.091,10.491,10.509
20241114185832.4,404.721995070577,13.545,13.127,13.345,13.072,10.511,10.497
20241114185832.9,405.179003253579,13.539,13.153,13.333,13.062,10.495,10.499
20241114185833.4,405.63299395144,13.557,13.137,13.327,13.07,10.509,10.503
20241114185833.8,406.085998937488,13.551,13.161,13.331,13.068,10.505,10.523
20241114185834.3,406.535000726581,13.521,13.135,13.331,13.06,10.511,10.485
20241114185834.7,406.987995654345,13.535,13.149,13.339,13.082,10.503,10.507
20241114185835.2,407.441000640392,13.531,13.153,13.329,13.07,10.499,10.497
20241114185835.6,407.909998297691,13.529,13.155,13.333,13.062,10.513,10.511
20241114185836.1,408.359000086784,13.513,13.143,13.333,13.097,10.505,10.521
20241114185836.5,408.811995014548,13.527,13.151,13.319,13.06,10.489,10.505
20241114185837,409.265000000596,13.531,13.165,13.343,13.066,10.501,10.507
20241114185837.4,409.721998125315,13.525,13.159,13.325,13.082,10.499,10.509
20241114185837.9,410.171995684505,13.517,13.137,13.339,13.066,10.513,10.513
20241114185838.3,410.628993809223,13.543,13.145,13.321,13.062,10.503,10.505
20241114185838.8,411.081998795271,13.543,13.145,13.355,13.082,10.503,10.491
20241114185839.3,411.534993723035,13.533,13.135,13.329,13.084,10.507,10.513
20241114185839.7,412.004001438618,13.537,13.165,13.321,13.068,10.521,10.497
20241114185840.2,412.453003227711,13.543,13.141,13.321,13.068,10.501,10.507
20241114185840.6,412.910001352429,13.531,13.159,13.329,13.058,10.499,10.497
20241114185841.1,413.366999477148,13.519,13.153,13.331,13.07,10.503,10.499
20241114185841.5,413.816001266241,13.541,13.145,13.327,13.086,10.515,10.507
20241114185842,414.268996194005,13.511,13.155,13.339,13.078,10.505,10.481
20241114185842.5,414.741997048259,13.531,13.153,13.339,13.056,10.507,10.505
20241114185842.9,415.202998369932,13.531,13.157,13.347,13.08,10.513,10.503
20241114185843.4,415.655993297696,13.537,13.151,13.329,13.088,10.519,10.497
20241114185843.8,416.125001013279,13.545,13.153,13.341,13.06,10.507,10.507
20241114185844.3,416.577995941043,13.529,13.153,13.329,13.074,10.507,10.503
20241114185844.8,417.031000927091,13.547,13.141,13.347,13.062,10.505,10.503
20241114185845.2,417.480002716184,13.533,13.149,13.331,13.074,10.495,10.499
20241114185845.7,417.940993979573,13.557,13.169,13.333,13.074,10.497,10.511
20241114185846.1,418.386002629995,13.537,13.147,13.335,13.058,10.527,10.515
20241114185846.6,418.84000338614,13.545,13.155,13.347,13.076,10.521,10.515
20241114185847,419.292998313904,13.551,13.143,13.339,13.088,10.497,10.509
20241114185847.5,419.749996438622,13.523,13.143,13.337,13.086,10.515,10.517
20241114185847.9,420.20300142467,13.557,13.153,13.345,13.06,10.505,10.489
20241114185848.4,420.652003213763,13.557,13.173,13.331,13.062,10.497,10.501
20241114185848.8,421.121000871062,13.543,13.139,13.373,13.084,10.503,10.515
20241114185849.3,421.573995798826,13.551,13.161,13.416,13.074,10.523,10.515
20241114185849.7,422.022997587919,13.563,13.125,13.424,13.07,10.511,10.509
20241114185850.2,422.479995712638,13.551,13.163,13.406,13.068,10.505,10.485
20241114185850.7,422.933000698686,13.575,13.181,13.394,13.093,10.511,10.509
20241114185851.1,423.389998823404,13.555,13.157,13.377,13.099,10.515,10.499
20241114185851.6,423.839996382594,13.553,13.192,13.363,13.101,10.517,10.509
20241114185852,424.293001368642,13.571,13.159,13.387,13.097,10.497,10.527
20241114185852.5,424.742003157735,13.565,13.157,13.363,13.103,10.507,10.515
20241114185852.9,425.190994888544,13.555,13.173,13.353,13.093,10.517,10.507
20241114185853.4,425.648003071547,13.567,13.171,13.357,13.093,10.485,10.499
20241114185853.8,426.105001196265,13.565,13.157,13.363,13.088,10.517,10.499
20241114185854.3,426.557996124029,13.559,13.169,13.351,13.088,10.499,10.481
20241114185854.7,427.007993683219,13.555,13.177,13.369,13.09,10.513,10.509
20241114185855.2,427.460998669267,13.553,13.165,13.365,13.095,10.505,10.507
20241114185855.6,427.917996793985,13.581,13.181,13.343,13.078,10.515,10.497
20241114185856.1,428.366998583078,13.563,13.155,13.331,13.105,10.505,10.511
20241114185856.5,428.819993510842,13.557,13.173,13.329,13.109,10.505,10.513
20241114185857,429.289001226425,13.569,13.19,13.357,13.078,10.485,10.507
20241114185857.5,429.738003015518,13.563,13.163,13.345,13.066,10.511,10.501
20241114185857.9,430.190997943282,13.573,13.145,13.357,13.088,10.515,10.493
20241114185858.4,430.647996068001,13.569,13.149,13.379,13.082,10.495,10.487
20241114185858.8,431.096997857094,13.563,13.167,13.355,13.086,10.511,10.517
20241114185859.3,431.553995981812,13.567,13.169,13.347,13.074,10.499,10.497
20241114185859.7,432.007996737957,13.592,13.167,13.353,13.084,10.509,10.481
20241114185900.2,432.464994862676,13.565,13.167,13.355,13.084,10.511,10.501
20241114185900.6,432.922003045678,13.555,13.155,13.359,13.08,10.495,10.511
20241114185901.1,433.370994776487,13.579,13.169,13.335,13.097,10.509,10.517
20241114185901.6,433.84000249207,13.585,13.155,13.361,13.091,10.497,10.495
20241114185902,434.292997419834,13.581,13.183,13.351,13.09,10.505,10.511
20241114185902.5,434.749995544553,13.592,13.183,13.371,13.08,10.519,10.493
20241114185902.9,435.203000530601,13.573,13.165,13.363,13.09,10.507,10.485
20241114185903.4,435.655995458364,13.579,13.19,13.349,13.088,10.497,10.499
20241114185903.8,436.112993583083,13.575,13.169,13.349,13.08,10.499,10.487
20241114185904.3,436.565998569131,13.592,13.175,13.337,13.082,10.503,10.501
20241114185904.7,437.015000358224,13.577,13.173,13.351,13.103,10.499,10.501
20241114185905.2,437.469001114368,13.59,13.181,13.343,13.086,10.513,10.509
20241114185905.7,437.937003001571,13.577,13.185,13.349,13.091,10.515,10.523
20241114185906.1,438.389997929335,13.585,13.155,13.371,13.084,10.495,10.503
20241114185906.6,438.839995488524,13.573,13.187,13.361,13.068,10.507,10.493
20241114185907,439.293000474572,13.587,13.185,13.357,13.101,10.501,10.501
20241114185907.5,439.761002361774,13.583,13.173,13.351,13.088,10.503,10.503
20241114185907.9,440.21899625659,13.594,13.181,13.353,13.088,10.491,10.517
20241114185908.4,440.672001242638,13.569,13.185,13.357,13.084,10.501,10.493
20241114185908.8,441.121003031731,13.59,13.19,13.347,13.072,10.515,10.515
20241114185909.3,441.58199429512,13.583,13.204,13.337,13.105,10.509,10.509
20241114185909.8,442.034999281168,13.579,13.189,13.339,13.09,10.509,10.501
20241114185910.2,442.487994208932,13.6,13.198,13.365,13.074,10.487,10.501
20241114185910.7,442.957001924515,13.587,13.185,13.337,13.07,10.507,10.499
20241114185911.1,443.421996384859,13.592,13.171,13.375,13.08,10.507,10.495
20241114185911.6,443.875001370907,13.61,13.181,13.359,13.086,10.509,10.499
20241114185912.1,444.331999495625,13.585,13.171,13.349,13.082,10.497,10.503
20241114185912.5,444.815994054079,13.585,13.179,13.345,13.084,10.515,10.489
20241114185913,445.268999040127,13.587,13.175,13.345,13.095,10.507,10.501
20241114185913.4,445.721993967891,13.6,13.171,13.339,13.095,10.495,10.511
20241114185913.9,446.175994724035,13.583,13.159,13.349,13.09,10.509,10.513
20241114185914.3,446.624996513128,13.587,13.177,13.355,13.076,10.507,10.503
20241114185914.8,447.097001597285,13.59,13.165,13.347,13.08,10.515,10.507
20241114185915.3,447.56199605763,13.616,13.175,13.335,13.052,10.505,10.487
20241114185915.7,448.015001043677,13.602,13.185,13.317,13.08,10.497,10.495
20241114185916.2,448.469001799822,13.596,13.177,13.331,13.082,10.505,10.509
20241114185916.6,448.917993530631,13.583,13.171,13.347,13.062,10.509,10.495
20241114185917.1,449.370998516679,13.579,13.165,13.353,13.082,10.497,10.511
20241114185917.5,449.820000305772,13.598,13.161,13.347,13.09,10.481,10.493
20241114185918,450.272995233536,13.612,13.179,13.345,13.066,10.487,10.499
20241114185918.4,450.726000219584,13.587,13.181,13.343,13.078,10.523,10.499
20241114185918.9,451.178995147347,13.589,13.165,13.345,13.072,10.501,10.525
20241114185919.4,451.643999665976,13.606,13.171,13.351,13.066,10.515,10.509
20241114185919.8,452.100997790694,13.592,13.169,13.343,13.078,10.513,10.519
20241114185920.3,452.569995447993,13.598,13.151,13.365,13.084,10.511,10.503
20241114185920.7,453.023000434041,13.63,13.179,13.337,13.08,10.507,10.497
20241114185921.2,453.47999855876,13.61,13.159,13.327,13.078,10.519,10.495
20241114185921.7,453.936996683478,13.606,13.153,13.339,13.06,10.499,10.515
20241114185922.1,454.390001669526,13.596,13.175,13.347,13.078,10.511,10.503
20241114185922.6,454.846999794245,13.583,13.151,13.341,13.058,10.521,10.517
20241114185923,455.303997918963,13.602,13.159,13.337,13.054,10.521,10.503
20241114185923.5,455.757998675108,13.612,13.157,13.349,13.082,10.505,10.507
20241114185923.9,456.214996799827,13.604,13.177,13.349,13.078,10.505,10.501
20241114185924.4,456.671994924545,13.598,13.161,13.327,13.07,10.505,10.499
20241114185924.8,457.129003107548,13.606,13.169,13.339,13.08,10.497,10.493
20241114185925.3,457.581998035312,13.606,13.169,13.339,13.091,10.505,10.511
20241114185925.8,458.03899616003,13.612,13.171,13.335,13.08,10.491,10.505
20241114185926.2,458.495994284749,13.604,13.161,13.333,13.06,10.489,10.503
20241114185926.7,458.953002467752,13.598,13.153,13.337,13.07,10.519,10.497
20241114185927.1,459.417996928096,13.614,13.151,13.325,13.068,10.505,10.523
20241114185927.6,459.874995052814,13.606,13.177,13.337,13.048,10.519,10.517
20241114185928.1,460.332003235817,13.612,13.177,13.341,13.082,10.515,10.491
20241114185928.5,460.784998163581,13.632,13.157,13.341,13.054,10.509,10.515
20241114185929,461.233999952674,13.612,13.163,13.323,13.072,10.509,10.505
20241114185929.4,461.686994880438,13.618,13.175,13.313,13.068,10.517,10.515
20241114185929.9,462.135996669531,13.61,13.165,13.321,13.058,10.517,10.517
20241114185930.3,462.59400062263,13.61,13.183,13.341,13.066,10.511,10.499
20241114185930.8,463.043002411723,13.608,13.171,13.345,13.078,10.505,10.511
20241114185931.2,463.500000536442,13.61,13.161,13.337,13.066,10.507,10.497
20241114185931.7,463.949002325535,13.624,13.165,13.329,13.072,10.509,10.515
20241114185932.1,464.401997253299,13.614,13.179,13.341,13.07,10.495,10.511
20241114185932.6,464.882994443178,13.614,13.179,13.337,13.046,10.505,10.505
20241114185933.1,465.331996232271,13.624,13.169,13.345,13.056,10.507,10.495
20241114185933.5,465.785001218319,13.624,13.181,13.339,13.076,10.511,10.489
20241114185934,466.237996146083,13.622,13.163,13.337,13.064,10.501,10.497
20241114185934.4,466.686997935176,13.626,13.173,13.345,13.06,10.509,10.509
20241114185934.9,467.140002921224,13.622,13.194,13.323,13.074,10.523,10.503
20241114185935.3,467.590000480413,13.628,13.163,13.325,13.066,10.511,10.505
20241114185935.8,468.058002367616,13.616,13.181,13.331,13.064,10.511,10.517
20241114185936.2,468.527000024915,13.624,13.171,13.335,13.074,10.497,10.523
20241114185936.7,468.979994952679,13.632,13.185,13.353,13.052,10.517,10.507
20241114185937.2,469.437003135681,13.646,13.173,13.339,13.08,10.513,10.523
20241114185937.6,469.88599486649,13.628,13.183,13.343,13.078,10.517,10.503
20241114185938.1,470.34399881959,13.636,13.175,13.343,13.078,10.529,10.511
20241114185938.5,470.796993747354,13.644,13.173,13.345,13.068,10.505,10.507
20241114185939,471.245995536447,13.624,13.169,13.337,13.074,10.517,10.505
20241114185939.4,471.699000522494,13.624,13.177,13.355,13.06,10.513,10.511
20241114185939.9,472.151995450258,13.63,13.19,13.331,13.084,10.515,10.507
20241114185940.3,472.608993574977,13.632,13.175,13.349,13.064,10.515,10.511
20241114185940.8,473.07800129056,13.636,13.163,13.339,13.068,10.525,10.493
20241114185941.3,473.530996218324,13.634,13.167,13.363,13.058,10.507,10.505
20241114185941.7,473.979998007417,13.628,13.187,13.347,13.074,10.525,10.509
20241114185942.2,474.436996132135,13.638,13.189,13.345,13.076,10.529,10.531
20241114185942.6,474.890001118183,13.634,13.185,13.343,13.082,10.513,10.529
20241114185943.1,475.339998677373,13.642,13.194,13.349,13.062,10.505,10.507
20241114185943.5,475.792993605137,13.638,13.185,13.339,13.078,10.513,10.519
20241114185944,476.245998591185,13.634,13.185,13.339,13.068,10.491,10.501
20241114185944.4,476.695000380278,13.624,13.189,13.371,13.07,10.527,10.505
20241114185944.9,477.151998504996,13.636,13.179,13.359,13.082,10.515,10.497
20241114185945.3,477.605003491044,13.642,13.202,13.353,13.07,10.499,10.509
20241114185945.8,478.053995221853,13.644,13.183,13.347,13.068,10.517,10.501
20241114185946.2,478.523002937436,13.642,13.202,13.355,13.07,10.499,10.505
20241114185946.7,478.9759978652,13.652,13.173,13.333,13.062,10.501,10.489
20241114185947.1,479.42599542439,13.658,13.187,13.359,13.07,10.509,10.513
20241114185947.6,479.893997311592,13.644,13.196,13.365,13.086,10.525,10.513
20241114185948.1,480.343994870782,13.658,13.169,13.375,13.074,10.507,10.493
20241114185948.5,480.811996757984,13.644,13.196,13.339,13.101,10.511,10.525
20241114185949,481.280994415283,13.658,13.181,13.349,13.078,10.505,10.513
20241114185949.4,481.729996204376,13.662,13.192,13.367,13.084,10.497,10.519
20241114185949.9,482.183001190424,13.654,13.202,13.339,13.078,10.509,10.493
20241114185950.4,482.635996118188,13.648,13.208,13.355,13.097,10.501,10.503
20241114185950.8,483.089996874332,13.67,13.189,13.369,13.09,10.503,10.515
20241114185951.3,483.538998663425,13.666,13.198,13.359,13.084,10.511,10.519
20241114185951.7,483.991993591189,13.644,13.189,13.349,13.084,10.501,10.515
20241114185952.2,484.444998577237,13.66,13.204,13.333,13.072,10.503,10.495
20241114185952.6,484.929003193974,13.66,13.185,13.359,13.072,10.521,10.515
20241114185953.1,485.398000851274,13.676,13.181,13.353,13.076,10.499,10.509
20241114185953.6,485.871001705527,13.686,13.196,13.329,13.078,10.513,10.503
20241114185954,486.323996633291,13.67,13.181,13.341,13.074,10.511,10.517
20241114185954.5,486.777001619339,13.69,13.187,13.337,13.072,10.513,10.509
20241114185955,487.260996177793,13.67,13.187,13.335,13.066,10.505,10.505
20241114185955.4,487.719000130892,13.672,13.204,13.331,13.078,10.497,10.517
20241114185955.9,488.171995058656,13.67,13.194,13.313,13.068,10.523,10.507
20241114185956.3,488.625000044703,13.684,13.192,13.341,13.068,10.499,10.519
20241114185956.8,489.077994972467,13.686,13.19,13.307,13.068,10.505,10.513
20241114185957.3,489.530999958515,13.678,13.181,13.333,13.046,10.511,10.505
20241114185957.7,489.983994886279,13.684,13.187,13.339,13.058,10.513,10.509
20241114185958.2,490.436999872327,13.691,13.187,13.305,13.06,10.495,10.511
20241114185958.6,490.893997997046,13.686,13.173,13.309,13.06,10.513,10.493
20241114185959.1,491.343995556235,13.69,13.187,13.331,13.056,10.503,10.503
20241114185959.5,491.800993680954,13.686,13.179,13.317,13.064,10.497,10.509
20241114185960,492.253998667002,13.672,13.189,13.329,13.064,10.501,10.511
20241114190000.4,492.706993594766,13.682,13.183,13.327,13.05,10.503,10.493
20241114190000.9,493.159998580813,13.693,13.171,13.321,13.056,10.491,10.503
20241114190001.3,493.609000369906,13.682,13.187,13.333,13.056,10.505,10.499
20241114190001.8,494.06199529767,13.688,13.171,13.329,13.07,10.509,10.507
20241114190002.3,494.531003013253,13.699,13.202,13.323,13.066,10.493,10.507
20241114190002.7,495.010994374752,13.682,13.173,13.323,13.032,10.519,10.529
20241114190003.2,495.47599889338,13.699,13.179,13.327,13.054,10.501,10.505
20241114190003.7,495.948999747634,13.703,13.192,13.345,13.06,10.487,10.505
20241114190004.1,496.398001536727,13.693,13.189,13.339,13.046,10.513,10.519
20241114190004.6,496.850996464491,13.707,13.196,13.319,13.058,10.491,10.507
20241114190005,497.304001450539,13.688,13.185,13.307,13.066,10.521,10.493
20241114190005.5,497.768995910883,13.697,13.165,13.325,13.034,10.517,10.499
20241114190005.9,498.222000896931,13.693,13.183,13.333,13.056,10.509,10.485
20241114190006.4,498.67199845612,13.682,13.198,13.333,13.056,10.507,10.501
20241114190006.8,499.125003442168,13.695,13.187,13.355,13.064,10.511,10.513
20241114190007.3,499.594001099467,13.676,13.171,13.347,13.046,10.501,10.501
20241114190007.8,500.046996027231,13.688,13.19,13.335,13.058,10.497,10.525
20241114190008.2,500.500001013279,13.709,13.181,13.329,13.036,10.533,10.485
20241114190008.7,500.944999605417,13.697,13.185,13.323,13.078,10.513,10.497
20241114190009.1,501.397994533181,13.699,13.187,13.333,13.06,10.511,10.521
20241114190009.6,501.855002716184,13.691,13.189,13.335,13.048,10.527,10.507
20241114190010,502.307997643948,13.697,13.2,13.351,13.056,10.521,10.489
20241114190010.5,502.761002629995,13.703,13.187,13.325,13.062,10.495,10.507
20241114190010.9,503.21500338614,13.709,13.189,13.317,13.052,10.509,10.513
20241114190011.4,503.682995215058,13.69,13.187,13.339,13.052,10.501,10.511
20241114190011.9,504.147999733686,13.705,13.19,13.349,13.054,10.495,10.499
20241114190012.3,504.60099466145,13.717,13.175,13.343,13.06,10.497,10.495
20241114190012.8,505.070002377033,13.713,13.2,13.335,13.058,10.489,10.517
20241114190013.2,505.522997304797,13.713,13.187,13.347,13.072,10.503,10.519
20241114190013.7,505.991994962096,13.715,13.169,13.331,13.048,10.519,10.505
20241114190014.2,506.456999480724,13.707,13.185,13.329,13.044,10.487,10.495
20241114190014.6,506.909994408488,13.729,13.194,13.355,13.068,10.509,10.519
20241114190015.1,507.379002124071,13.717,13.181,13.341,13.066,10.513,10.505
20241114190015.6,507.831997051835,13.725,13.187,13.335,13.054,10.515,10.483
20241114190016,508.285002037883,13.711,13.196,13.337,13.062,10.491,10.499
20241114190016.5,508.733993768692,13.721,13.19,13.335,13.066,10.503,10.507
20241114190016.9,509.18699875474,13.713,13.196,13.355,13.064,10.509,10.517
20241114190017.4,509.639993682504,13.713,13.185,13.347,13.048,10.501,10.487
20241114190017.8,510.109001398087,13.729,13.194,13.333,13.058,10.513,10.511
20241114190018.3,510.56199632585,13.717,13.187,13.323,13.048,10.489,10.517
20241114190018.7,511.010998114944,13.737,13.19,13.327,13.062,10.505,10.499
20241114190019.2,511.464998871088,13.725,13.189,13.333,13.048,10.499,10.499
20241114190019.6,511.917993798852,13.739,13.185,13.329,13.054,10.493,10.513
20241114190020.1,512.3709987849,13.737,13.177,13.333,13.076,10.507,10.501
20241114190020.5,512.823993712664,13.725,13.179,13.367,13.052,10.503,10.497
20241114190021,513.281001895666,13.739,13.189,13.355,13.06,10.493,10.517
20241114190021.5,513.749999552965,13.729,13.19,13.349,13.066,10.511,10.517
20241114190021.9,514.202994480729,13.733,13.192,13.341,13.062,10.503,10.509
20241114190022.4,514.651996269822,13.717,13.177,13.347,13.048,10.503,10.519
20241114190022.8,515.108994394541,13.733,13.198,13.349,13.058,10.487,10.515
20241114190023.3,515.561999380589,13.723,13.206,13.321,13.07,10.509,10.517
20241114190023.7,516.011001169682,13.745,13.192,13.355,13.056,10.507,10.507
20241114190024.2,516.479998826981,13.751,13.196,13.353,13.064,10.517,10.493
20241114190024.7,516.932993754745,13.735,13.21,13.349,13.072,10.521,10.519
20241114190025.1,517.397998273373,13.731,13.192,13.347,13.078,10.505,10.509
20241114190025.6,517.854996398091,13.735,13.187,13.343,13.062,10.505,10.515
20241114190026,518.308001384139,13.745,13.192,13.355,13.072,10.499,10.511
20241114190026.5,518.757998943329,13.729,13.202,13.337,13.07,10.503,10.499
20241114190026.9,519.214997068048,13.767,13.196,13.345,13.076,10.513,10.513
20241114190027.4,519.663998857141,13.745,13.208,13.347,13.064,10.517,10.501
20241114190027.9,520.13299651444,13.759,13.187,13.361,13.066,10.513,10.505
20241114190028.3,520.600998401642,13.767,13.183,13.341,13.076,10.497,10.505
20241114190028.8,521.050995960832,13.749,13.185,13.355,13.07,10.521,10.521
20241114190029.2,521.504000946879,13.769,13.179,13.349,13.068,10.507,10.507
20241114190029.7,521.956995874643,13.767,13.194,13.357,13.072,10.501,10.499
20241114190030.1,522.422000393271,13.771,13.187,13.359,13.076,10.509,10.519
20241114190030.6,522.874995321035,13.779,13.2,13.351,13.052,10.489,10.523
20241114190031.1,523.331993445754,13.789,13.216,13.333,13.084,10.485,10.509
20241114190031.5,523.789001628757,13.783,13.187,13.339,13.058,10.501,10.521
20241114190032,524.23800341785,13.779,13.224,13.351,13.058,10.503,10.523
20241114190032.4,524.690998345613,13.787,13.23,13.329,13.072,10.507,10.517
20241114190032.9,525.159996002913,13.781,13.2,13.343,13.06,10.503,10.491
20241114190033.3,525.608997792006,13.8,13.198,13.331,13.068,10.501,10.523
20241114190033.8,526.062002778053,13.792,13.177,13.357,13.064,10.523,10.499
20241114190034.2,526.514997705817,13.806,13.216,13.343,13.091,10.515,10.521
20241114190034.7,526.968998461962,13.808,13.206,13.357,13.072,10.493,10.529
20241114190035.1,527.421993389726,13.794,13.196,13.349,13.054,10.507,10.521
20241114190035.6,527.874998375773,13.804,13.212,13.357,13.052,10.519,10.509
20241114190036.1,528.343996033072,13.812,13.214,13.345,13.058,10.511,10.515
20241114190036.5,528.79700101912,13.802,13.21,13.351,13.062,10.491,10.523
20241114190037,529.246002808213,13.802,13.222,13.339,13.064,10.497,10.503
20241114190037.4,529.725994169712,13.796,13.206,13.341,13.058,10.495,10.517
20241114190037.9,530.176001787186,13.798,13.202,13.359,13.07,10.499,10.507
20241114190038.3,530.62899671495,13.802,13.21,13.365,13.06,10.507,10.493
20241114190038.8,531.082001700997,13.794,13.22,13.351,13.076,10.479,10.513
20241114190039.3,531.538999825716,13.796,13.208,13.349,13.086,10.493,10.529
20241114190039.7,532.000001147389,13.802,13.22,13.351,13.074,10.511,10.521
20241114190040.2,532.452996075153,13.816,13.234,13.365,13.04,10.503,10.513
20241114190040.6,532.906001061201,13.787,13.194,13.367,13.056,10.499,10.523
20241114190041.1,533.358995988965,13.806,13.214,13.375,13.08,10.513,10.515
20241114190041.6,533.843996375799,13.804,13.224,13.363,13.066,10.501,10.507
20241114190042,534.307995066047,13.814,13.228,13.381,13.06,10.505,10.517
20241114190042.5,534.761000052094,13.81,13.214,13.369,13.084,10.495,10.509
20241114190042.9,535.21899394691,13.804,13.208,13.349,13.068,10.507,10.513
20241114190043.4,535.671998932958,13.792,13.21,13.361,13.074,10.513,10.487
20241114190043.8,536.121000722051,13.822,13.228,13.357,13.068,10.499,10.509
20241114190044.3,536.573995649815,13.785,13.232,13.361,13.064,10.497,10.513
20241114190044.7,537.022997438908,13.796,13.21,13.345,13.076,10.517,10.525
20241114190045.2,537.491995096207,13.806,13.222,13.347,13.078,10.503,10.503
20241114190045.7,537.96499595046,13.82,13.218,13.347,13.076,10.529,10.491
20241114190046.2,538.437001034617,13.816,13.218,13.357,13.066,10.507,10.509
20241114190046.6,538.898002356291,13.812,13.234,13.367,13.072,10.511,10.503
20241114190047.1,539.371003210545,13.816,13.2,13.355,13.076,10.513,10.509
20241114190047.5,539.823998138309,13.82,13.216,13.367,13.078,10.511,10.497
20241114190048,540.277003124356,13.806,13.21,13.347,13.068,10.519,10.507
20241114190048.4,540.725994855165,13.812,13.218,13.359,13.064,10.523,10.511
20241114190048.9,541.178999841213,13.832,13.222,13.343,13.06,10.495,10.515
20241114190049.4,541.633000597358,13.818,13.218,13.341,13.076,10.501,10.501
20241114190049.8,542.085995525122,13.814,13.226,13.367,13.064,10.505,10.491
20241114190050.3,542.539000511169,13.814,13.244,13.367,13.07,10.491,10.505
20241114190050.7,542.995998635888,13.812,13.218,13.351,13.062,10.517,10.499
20241114190051.2,543.464996293187,13.8,13.226,13.379,13.078,10.519,10.517
20241114190051.7,543.961000442505,13.834,13.226,13.369,13.058,10.481,10.501
20241114190052.1,544.425994902849,13.82,13.222,13.379,13.076,10.505,10.495
20241114190052.6,544.883003085852,13.818,13.222,13.357,13.086,10.505,10.491
20241114190053.1,545.35099491477,13.834,13.216,13.383,13.078,10.499,10.513
20241114190053.5,545.815999433398,13.83,13.23,13.392,13.088,10.495,10.497
20241114190054,546.268994361162,13.828,13.22,13.361,13.074,10.511,10.501
20241114190054.5,546.73399887979,13.82,13.226,13.375,13.088,10.487,10.503
20241114190054.9,547.186993807554,13.828,13.238,13.383,13.08,10.505,10.499
20241114190055.4,547.635995596647,13.852,13.244,13.379,13.084,10.491,10.509
20241114190055.8,548.10500331223,13.834,13.238,13.351,13.066,10.511,10.505
20241114190056.3,548.574000969529,13.86,13.23,13.339,13.084,10.513,10.503
20241114190056.7,549.026995897293,13.838,13.232,13.343,13.064,10.503,10.495
20241114190057.2,549.492000415921,13.852,13.234,13.335,13.074,10.481,10.525
20241114190057.7,549.944995343685,13.846,13.23,13.347,13.06,10.497,10.501
20241114190058.1,550.398000329733,13.824,13.226,13.377,13.084,10.499,10.507
20241114190058.6,550.850995257497,13.84,13.238,13.363,13.093,10.511,10.501
20241114190059,551.30100287497,13.83,13.214,13.363,13.076,10.487,10.513
20241114190059.5,551.758000999689,13.844,13.222,13.351,13.097,10.491,10.523
20241114190059.9,552.210995927453,13.834,13.21,13.357,13.066,10.497,10.495
20241114190100.4,552.664000913501,13.852,13.234,13.355,13.074,10.499,10.525
20241114190100.8,553.116995841265,13.85,13.238,13.367,13.088,10.487,10.507
20241114190101.3,553.565997630358,13.844,13.232,13.345,13.066,10.503,10.501
20241114190101.8,554.034995287657,13.848,13.252,13.355,13.064,10.489,10.507
20241114190102.2,554.488000273705,13.874,13.238,13.357,13.086,10.507,10.527
20241114190102.7,554.956997931004,13.864,13.242,13.363,13.068,10.509,10.503
20241114190103.1,555.410002917051,13.87,13.234,13.337,13.076,10.505,10.513
20241114190103.6,555.862997844815,13.846,13.232,13.349,13.072,10.501,10.515
20241114190104,556.316002830863,13.878,13.222,13.345,13.062,10.501,10.503
20241114190104.5,556.780997291207,13.866,13.23,13.317,13.052,10.519,10.499
20241114190105,557.237995415926,13.872,13.218,13.335,13.058,10.505,10.503
20241114190105.4,557.694993540645,13.878,13.212,13.351,13.068,10.493,10.495
20241114190105.9,558.147998526692,13.874,13.21,13.331,13.07,10.509,10.503
20241114190106.3,558.60100351274,13.876,13.218,13.341,13.058,10.513,10.507
20241114190106.8,559.053998440504,13.862,13.214,13.341,13.064,10.479,10.503
20241114190107.2,559.507999196649,13.905,13.256,13.329,13.066,10.503,10.501
20241114190107.7,559.976001083851,13.89,13.22,13.337,13.06,10.487,10.509
20241114190108.2,560.45699827373,13.89,13.24,13.331,13.05,10.497,10.501
20241114190108.6,560.925995931029,13.89,13.246,13.323,13.07,10.491,10.521
20241114190109.1,561.374997720122,13.888,13.238,13.325,13.064,10.501,10.495
20241114190109.5,561.82800270617,13.895,13.24,13.345,13.064,10.487,10.521
20241114190110,562.280997633934,13.884,13.244,13.335,13.05,10.511,10.513
20241114190110.5,562.734002619982,13.901,13.236,13.333,13.056,10.499,10.499
20241114190110.9,563.186997547746,13.915,13.238,13.335,13.058,10.483,10.517
20241114190111.4,563.640002533793,13.903,13.234,13.375,13.056,10.493,10.489
20241114190111.8,564.109000191092,13.897,13.246,13.355,13.062,10.489,10.519
20241114190112.3,564.573994651437,13.917,13.244,13.357,13.064,10.509,10.517
20241114190112.8,565.038999170065,13.915,13.25,13.363,13.054,10.515,10.523
20241114190113.2,565.526996925473,13.931,13.232,13.365,13.078,10.499,10.497
20241114190113.7,565.980001911521,13.921,13.254,13.365,13.08,10.505,10.507
20241114190114.2,566.43700003624,13.945,13.246,13.367,13.064,10.501,10.503
20241114190114.6,566.893998160958,13.923,13.246,13.367,13.05,10.489,10.507
20241114190115.1,567.347003147006,13.921,13.264,13.388,13.062,10.507,10.503
20241114190115.5,567.81199760735,13.943,13.264,13.369,13.08,10.505,10.505
20241114190116,568.280995264649,13.939,13.236,13.347,13.076,10.501,10.503
20241114190116.5,568.734000250697,13.935,13.252,13.377,13.076,10.513,10.503
20241114190116.9,569.202997907996,13.929,13.25,13.365,13.074,10.503,10.511
20241114190117.4,569.656002894044,13.951,13.248,13.39,13.07,10.509,10.493
20241114190117.8,570.116994157434,13.933,13.252,13.375,13.08,10.517,10.503
20241114190118.3,570.569999143481,13.971,13.234,13.373,13.07,10.501,10.487
20241114190118.7,571.019000932574,13.941,13.264,13.377,13.078,10.515,10.505
20241114190119.2,571.475999057293,13.933,13.244,13.379,13.086,10.481,10.509
20241114190119.7,571.941003575921,13.939,13.246,13.369,13.072,10.485,10.483
20241114190120.1,572.393998503685,13.961,13.238,13.394,13.068,10.491,10.507
20241114190120.6,572.843996062875,13.945,13.256,13.383,13.09,10.503,10.505
20241114190121,573.297001048923,13.953,13.256,13.392,13.076,10.493,10.497
20241114190121.5,573.76099973917,13.945,13.262,13.377,13.076,10.501,10.503
20241114190121.9,574.225994199514,13.937,13.228,13.369,13.07,10.503,10.519
20241114190122.4,574.690998718143,13.953,13.256,13.377,13.06,10.491,10.507
20241114190122.9,575.159996375442,13.957,13.254,13.39,13.062,10.505,10.487
20241114190123.3,575.613001361489,13.951,13.254,13.381,13.06,10.495,10.511
20241114190123.8,576.062003150582,13.977,13.276,13.383,13.056,10.489,10.499
20241114190124.3,576.531000807881,13.971,13.27,13.394,13.068,10.497,10.487
20241114190124.7,576.983995735645,13.965,13.266,13.387,13.046,10.493,10.517
20241114190125.2,577.449000254273,13.971,13.272,13.373,13.046,10.489,10.515
20241114190125.6,577.898002043366,13.971,13.264,13.39,13.052,10.505,10.513
20241114190126.1,578.35099697113,13.981,13.278,13.377,13.046,10.509,10.507
20241114190126.5,578.819994628429,13.998,13.266,13.367,13.052,10.495,10.509
20241114190127,579.289002344012,13.987,13.252,13.373,13.042,10.493,10.509
20241114190127.5,579.758000001311,13.969,13.278,13.388,13.05,10.497,10.507
20241114190127.9,580.221998691559,13.971,13.278,13.377,13.054,10.495,10.503
20241114190128.4,580.675999447703,13.983,13.252,13.383,13.072,10.493,10.501
20241114190128.9,581.144001334906,13.973,13.274,13.361,13.058,10.509,10.517
20241114190129.3,581.59699626267,13.989,13.28,13.367,13.058,10.491,10.495
20241114190129.8,582.053994387388,13.985,13.268,13.359,13.056,10.507,10.507
20241114190130.2,582.518998906016,13.981,13.266,13.392,13.06,10.505,10.519
20241114190130.7,582.97199383378,13.967,13.276,13.363,13.058,10.505,10.499
20241114190131.1,583.425994589925,13.991,13.258,13.392,13.056,10.487,10.501
20241114190131.6,583.874996379018,13.994,13.276,13.369,13.078,10.497,10.521
20241114190132.1,584.331994503736,14.01,13.258,13.387,13.074,10.5,10.508
20241114190132.5,584.796999022365,13.979,13.275,13.364,13.053,10.496,10.51
20241114190133,585.249993950129,13.976,13.247,13.344,13.059,10.502,10.518
20241114190133.4,585.702998936176,13.979,13.265,13.36,13.063,10.506,10.494
20241114190133.9,586.152000725269,13.968,13.253,13.376,13.084,10.48,10.514
20241114190134.3,586.625001579523,13.968,13.267,13.364,13.047,10.498,10.504
20241114190134.8,587.077996507287,13.989,13.261,13.368,13.069,10.5,10.504
20241114190135.2,587.52699829638,13.993,13.245,13.374,13.063,10.502,10.518
20241114190135.7,587.983996421099,13.985,13.269,13.37,13.059,10.49,10.504
20241114190136.2,588.452994078398,14.007,13.251,13.348,13.063,10.502,10.502
20241114190136.6,588.922001793981,13.978,13.253,13.358,13.049,10.496,10.502
20241114190137.1,589.386000484228,13.989,13.263,13.381,13.061,10.504,10.522
20241114190137.6,589.850994944572,13.978,13.278,13.37,13.063,10.498,10.5
20241114190138,590.308003127575,13.997,13.261,13.378,13.063,10.492,10.492
20241114190138.5,590.758000686765,14.005,13.269,13.378,13.065,10.502,10.504
20241114190138.9,591.226002573967,13.993,13.259,13.35,13.057,10.498,10.51
20241114190139.4,591.683000698686,13.997,13.29,13.368,13.069,10.496,10.514
20241114190139.9,592.139998823404,14.011,13.261,13.358,13.047,10.494,10.494
20241114190140.3,592.596996948123,14.005,13.261,13.36,13.051,10.492,10.518
20241114190140.8,593.077994138002,14.009,13.269,13.37,13.061,10.494,10.494
20241114190141.3,593.542998656631,14.001,13.267,13.374,13.067,10.494,10.514
20241114190141.7,594.011000543833,14.003,13.251,13.352,13.061,10.49,10.496
20241114190142.2,594.460998103023,13.995,13.267,13.368,13.059,10.48,10.504
20241114190142.6,594.91400308907,14.007,13.29,13.366,13.057,10.494,10.5
20241114190143.1,595.36299481988,14.019,13.269,13.387,13.051,10.492,10.51
20241114190143.5,595.815999805927,14.001,13.277,13.376,13.075,10.508,10.504
20241114190144,596.272997930646,14.011,13.267,13.356,13.077,10.512,10.506
20241114190144.4,596.721999719739,13.993,13.249,13.368,13.067,10.514,10.508
20241114190144.9,597.176000475883,14.017,13.273,13.364,13.059,10.513,10.525
20241114190145.3,597.628995403647,14.018,13.266,13.39,13.09,10.505,10.507
20241114190145.8,598.09699729085,14.024,13.295,13.392,13.064,10.489,10.509
20241114190146.3,598.550998046994,14.018,13.264,13.369,13.084,10.505,10.523
20241114190146.7,599.004003033042,14.04,13.282,13.385,13.072,10.507,10.517
20241114190147.2,599.456997960806,14.044,13.262,13.371,13.076,10.501,10.495
20241114190147.6,599.910002946854,14.034,13.288,13.377,13.091,10.513,10.529
20241114190148.1,600.362997874618,14.056,13.274,13.373,13.074,10.503,10.529
20241114190148.6,600.847002491355,14.04,13.289,13.394,13.078,10.509,10.523
20241114190149,601.297000050545,14.028,13.28,13.379,13.088,10.527,10.537
20241114190149.5,601.765001937747,14.042,13.282,13.387,13.066,10.499,10.497
20241114190149.9,602.229996398091,14.036,13.284,13.392,13.088,10.513,10.513
20241114190150.4,602.690997719765,14.054,13.284,13.385,13.074,10.489,10.527
20241114190150.9,603.159995377064,14.05,13.291,13.371,13.07,10.509,10.497
20241114190151.3,603.629003092647,14.044,13.276,13.369,13.056,10.505,10.513
20241114190151.8,604.093997552991,14.038,13.27,13.367,13.088,10.499,10.513
20241114190152.3,604.547002539039,14.05,13.278,13.387,13.072,10.503,10.511
20241114190152.7,605.011001229286,14.062,13.301,13.377,13.07,10.521,10.519
20241114190153.2,605.468995124102,14.056,13.272,13.359,13.082,10.513,10.525
20241114190153.6,605.917996913195,14.062,13.293,13.385,13.074,10.495,10.493
20241114190154.1,606.374995037913,14.068,13.289,13.398,13.086,10.493,10.523
20241114190154.6,606.835996359587,14.064,13.286,13.39,13.08,10.503,10.537
20241114190155,607.29699768126,14.074,13.284,13.383,13.093,10.489,10.507
20241114190155.5,607.760996371508,14.08,13.282,13.387,13.076,10.507,10.509
20241114190155.9,608.229994028807,14.06,13.293,13.392,13.074,10.517,10.541
20241114190156.4,608.694998547435,14.066,13.293,13.394,13.07,10.503,10.523
20241114190156.9,609.148003533483,14.092,13.307,13.392,13.084,10.517,10.539
20241114190157.3,609.600998461246,14.078,13.278,13.359,13.09,10.505,10.507
20241114190157.8,610.081995651126,14.092,13.295,13.359,13.082,10.515,10.507
20241114190158.3,610.547000169754,14.078,13.295,13.371,13.08,10.493,10.495
20241114190158.7,611.015002056956,14.072,13.276,13.365,13.074,10.513,10.519
20241114190159.2,611.479996517301,14.048,13.266,13.375,13.086,10.507,10.533
20241114190159.7,611.9489941746,14.097,13.291,13.369,13.074,10.515,10.505
20241114190200.1,612.401999160647,14.088,13.278,13.383,13.072,10.519,10.517
20241114190200.6,612.870996817946,14.093,13.28,13.388,13.076,10.521,10.511
20241114190201,613.327994942665,14.09,13.276,13.369,13.082,10.505,10.517
20241114190201.5,613.792999461293,14.099,13.282,13.367,13.084,10.517,10.537
20241114190202,614.249997586012,14.095,13.274,13.363,13.097,10.501,10.517
20241114190202.4,614.71500210464,14.096,13.267,13.37,13.067,10.504,10.508
20241114190202.9,615.172000229359,14.09,13.275,13.356,13.077,10.492,10.518
20241114190203.4,615.635998919606,14.078,13.271,13.352,13.051,10.488,10.506
20241114190203.8,616.10899977386,14.086,13.277,13.346,13.069,10.496,10.51
20241114190204.3,616.565997898579,14.108,13.277,13.332,13.051,10.508,10.504
20241114190204.8,617.038998752832,14.088,13.275,13.356,13.051,10.492,10.514
20241114190205.2,617.510993778706,14.082,13.284,13.334,13.047,10.492,10.526
20241114190205.7,617.980001494288,14.104,13.263,13.336,13.063,10.484,10.498
20241114190206.1,618.429003283381,14.104,13.267,13.358,13.055,10.498,10.496
20241114190206.6,618.882993981242,14.094,13.273,13.36,13.067,10.496,10.5
20241114190207.1,619.340002164245,14.096,13.261,13.352,13.059,10.498,10.504
20241114190207.5,619.804000854492,14.112,13.265,13.356,13.041,10.502,10.506
20241114190208,620.272998511791,14.11,13.257,13.344,13.053,10.51,10.526
20241114190208.5,620.745999366045,14.116,13.267,13.35,13.053,10.5,10.514
20241114190208.9,621.198994293809,14.11,13.255,13.364,13.061,10.492,10.498
20241114190209.4,621.651999279857,14.098,13.255,13.346,13.051,10.51,10.516
20241114190209.8,622.10100106895,14.1,13.267,13.356,13.063,10.488,10.526
20241114190210.3,622.557999193668,14.124,13.265,13.356,13.059,10.502,10.522
20241114190210.7,623.026996850967,14.114,13.265,13.366,13.067,10.478,10.528
20241114190211.2,623.47599864006,14.102,13.251,13.374,13.061,10.498,10.52
20241114190211.7,623.944996297359,14.12,13.282,13.352,13.047,10.506,10.524
20241114190212.1,624.398001283407,14.13,13.263,13.364,13.055,10.5,10.512
20241114190212.6,624.8470030725,14.134,13.277,13.338,13.055,10.488,10.522
20241114190213,625.311997532845,14.126,13.269,13.36,13.051,10.5,10.514
20241114190213.5,625.768995657563,14.114,13.278,13.374,13.053,10.502,10.516
20241114190213.9,626.222000643611,14.128,13.251,13.348,13.073,10.524,10.514
20241114190214.4,626.676001399755,14.112,13.261,13.378,13.073,10.502,10.502
20241114190214.9,627.147996425629,14.122,13.265,13.378,13.069,10.508,10.506
20241114190215.3,627.601001411676,14.139,13.276,13.383,13.066,10.487,10.505
20241114190215.8,628.06200273335,14.147,13.289,13.381,13.064,10.507,10.505
20241114190216.3,628.531000390649,14.143,13.276,13.387,13.074,10.505,10.515
20241114190216.7,628.999998047948,14.137,13.27,13.383,13.07,10.511,10.517
20241114190217.2,629.453003033996,14.143,13.284,13.39,13.074,10.497,10.525
20241114190217.6,629.90599796176,14.145,13.27,13.388,13.088,10.533,10.525
20241114190218.1,630.374995619059,14.175,13.282,13.398,13.084,10.507,10.497
20241114190218.6,630.847000703216,14.149,13.272,13.385,13.06,10.495,10.513
20241114190219,631.320001557469,14.165,13.28,13.398,13.082,10.497,10.503
20241114190219.5,631.772996485233,14.145,13.293,13.385,13.084,10.519,10.501
20241114190219.9,632.226001471281,14.155,13.295,13.385,13.082,10.513,10.493
20241114190220.4,632.69499912858,14.155,13.299,13.385,13.07,10.493,10.521
20241114190220.9,633.163996785879,14.155,13.295,13.371,13.076,10.509,10.491
20241114190221.4,633.632994443178,14.163,13.282,13.406,13.088,10.517,10.519
20241114190221.8,634.10099633038,14.175,13.278,13.394,13.088,10.515,10.509
20241114190222.3,634.554001316428,14.185,13.291,13.412,13.066,10.497,10.523
20241114190222.7,635.022998973727,14.173,13.305,13.398,13.08,10.523,10.515
20241114190223.2,635.491996631026,14.161,13.307,13.392,13.07,10.503,10.515
20241114190223.7,635.960994288325,14.19,13.305,13.398,13.091,10.497,10.513
20241114190224.1,636.425998806953,14.157,13.309,13.398,13.082,10.501,10.527
20241114190224.6,636.894000694156,14.181,13.305,13.4,13.099,10.519,10.525
20241114190225.1,637.362998351455,14.194,13.305,13.392,13.091,10.521,10.517
20241114190225.5,637.816003337502,14.187,13.291,13.418,13.084,10.489,10.507
20241114190226,638.268998265266,14.204,13.321,13.394,13.09,10.517,10.521
20241114190226.5,638.737995922565,14.189,13.297,13.412,13.095,10.509,10.513
20241114190226.9,639.207003638148,14.181,13.291,13.4,13.08,10.487,10.523
20241114190227.4,639.676001295447,14.21,13.299,13.404,13.091,10.511,10.511
20241114190227.8,640.12500308454,14.204,13.295,13.404,13.093,10.517,10.521
20241114190228.3,640.594000741839,14.196,13.293,13.381,13.088,10.513,10.517
20241114190228.8,641.050998866558,14.179,13.293,13.398,13.078,10.519,10.517
20241114190229.2,641.51900075376,14.21,13.311,13.4,13.09,10.497,10.513
20241114190229.7,641.96899831295,14.189,13.315,13.408,13.086,10.509,10.495
20241114190230.1,642.425996437669,14.202,13.307,13.388,13.107,10.503,10.521
20241114190230.6,642.893998324871,14.204,13.303,13.402,13.08,10.519,10.503
20241114190231.1,643.36299598217,14.181,13.299,13.416,13.074,10.513,10.529
20241114190231.6,643.831993639469,14.19,13.291,13.396,13.088,10.499,10.519
20241114190232,644.301001355052,14.21,13.293,13.404,13.093,10.511,10.515
20241114190232.5,644.7650000453,14.192,13.288,13.398,13.08,10.501,10.511
20241114190232.9,645.219000801444,14.222,13.297,13.404,13.082,10.489,10.529
20241114190233.4,645.671995729208,14.206,13.303,13.396,13.09,10.489,10.513
20241114190233.9,646.13999761641,14.206,13.303,13.41,13.086,10.499,10.527
20241114190234.3,646.593998372555,14.202,13.289,13.408,13.101,10.507,10.529
20241114190234.8,647.057997062802,14.202,13.305,13.402,13.09,10.495,10.525
20241114190235.2,647.514995187521,14.214,13.293,13.402,13.084,10.501,10.505
20241114190235.7,647.97199331224,14.204,13.311,13.416,13.099,10.511,10.509
20241114190236.2,648.441001027822,14.218,13.299,13.4,13.08,10.505,10.523
20241114190236.6,648.905995488167,14.23,13.301,13.404,13.076,10.503,10.513
20241114190237.1,649.359000474215,14.212,13.305,13.408,13.095,10.519,10.525
20241114190237.5,649.823994934559,14.22,13.309,13.406,13.084,10.499,10.523
20241114190238,650.276999920607,14.244,13.311,13.387,13.103,10.513,10.513
20241114190238.5,650.745997577906,14.234,13.288,13.414,13.08,10.493,10.535
20241114190238.9,651.214995235205,14.236,13.297,13.42,13.093,10.499,10.509
20241114190239.4,651.678993925452,14.226,13.313,13.414,13.084,10.503,10.519
20241114190239.9,652.132994681597,14.244,13.321,13.396,13.093,10.509,10.507
20241114190240.3,652.600996568799,14.238,13.315,13.412,13.09,10.511,10.523
20241114190240.8,653.069994226098,14.252,13.311,13.41,13.088,10.499,10.519
20241114190241.3,653.534998744726,14.252,13.319,13.404,13.101,10.507,10.513
20241114190241.7,654.000003263354,14.24,13.321,13.424,13.084,10.499,10.509
20241114190242.2,654.469000920653,14.228,13.325,13.41,13.091,10.513,10.517
20241114190242.6,654.921995848417,14.244,13.309,13.404,13.099,10.503,10.521
20241114190243.1,655.385994538665,14.254,13.315,13.398,13.082,10.519,10.521
20241114190243.6,655.855002254248,14.256,13.307,13.4,13.086,10.495,10.509
20241114190244,656.307997182012,14.24,13.319,13.412,13.093,10.501,10.521
20241114190244.5,656.77300170064,14.254,13.311,13.414,13.07,10.491,10.521
20241114190244.9,657.229999825358,14.26,13.309,13.412,13.103,10.527,10.503
20241114190245.4,657.691001147032,14.24,13.295,13.414,13.084,10.501,10.511
20241114190245.9,658.159998804331,14.266,13.303,13.414,13.093,10.495,10.533
20241114190246.3,658.62899646163,14.256,13.301,13.412,13.086,10.503,10.513
20241114190246.8,659.082001447678,14.266,13.327,13.388,13.099,10.507,10.521
20241114190247.3,659.538999572396,14.27,13.333,13.412,13.086,10.507,10.495
20241114190247.7,660.00000089407,14.278,13.309,13.404,13.078,10.503,10.509
20241114190248.2,660.471995919943,14.286,13.315,13.412,13.091,10.507,10.497
20241114190248.7,660.937000438571,14.272,13.313,13.424,13.082,10.505,10.507
20241114190249.1,661.40599809587,14.274,13.315,13.422,13.111,10.515,10.495
20241114190249.6,661.874995753169,14.286,13.299,13.422,13.09,10.505,10.517
20241114190250.1,662.335997074842,14.299,13.321,13.41,13.076,10.495,10.513
20241114190250.5,662.796998396516,14.284,13.325,13.428,13.099,10.529,10.519
20241114190251,663.265000283718,14.289,13.331,13.404,13.08,10.509,10.513
20241114190251.5,663.733997941017,14.309,13.329,13.402,13.082,10.509,10.521
20241114190251.9,664.202995598316,14.307,13.335,13.398,13.107,10.483,10.519
20241114190252.4,664.672003313899,14.284,13.329,13.39,13.101,10.511,10.529
20241114190252.8,665.124998241663,14.295,13.323,13.406,13.084,10.507,10.517
20241114190253.3,665.590002760291,14.299,13.321,13.404,13.088,10.509,10.515
20241114190253.8,666.05799458921,14.297,13.319,13.404,13.113,10.499,10.507
20241114190254.2,666.515002772212,14.303,13.333,13.4,13.105,10.501,10.527
20241114190254.7,666.988003626466,14.315,13.323,13.416,13.093,10.501,10.523
20241114190255.2,667.457001283765,14.293,13.335,13.414,13.091,10.509,10.529
20241114190255.6,667.925998941064,14.297,13.331,13.422,13.103,10.507,10.513
20241114190256.1,668.378993868828,14.305,13.329,13.406,13.093,10.515,10.521
20241114190256.6,668.84699575603,14.297,13.343,13.414,13.097,10.499,10.519
20241114190257,669.312000274658,14.327,13.335,13.412,13.084,10.507,10.515
20241114190257.5,669.764995202422,14.329,13.325,13.414,13.091,10.503,10.515
20241114190258,670.249995589256,14.337,13.327,13.408,13.117,10.517,10.511
20241114190258.4,670.729997009039,14.331,13.335,13.394,13.111,10.507,10.525
20241114190258.9,671.214997395873,14.329,13.329,13.428,13.084,10.491,10.523
20241114190259.4,671.678996086121,14.337,13.345,13.416,13.088,10.501,10.497
20241114190259.9,672.14799374342,14.331,13.331,13.396,13.103,10.513,10.529
20241114190300.3,672.612998262048,14.335,13.341,13.426,13.086,10.499,10.503
20241114190300.8,673.085999116302,14.347,13.325,13.408,13.091,10.491,10.515
20241114190301.3,673.554001003504,14.327,13.329,13.404,13.111,10.509,10.529
20241114190301.7,674.022998660803,14.343,13.335,13.428,13.101,10.493,10.513
20241114190302.2,674.495999515057,14.357,13.323,13.406,13.101,10.501,10.513
20241114190302.7,674.960993975401,14.347,13.325,13.404,13.099,10.491,10.515
20241114190303.2,675.444998592138,14.345,13.317,13.404,13.091,10.511,10.533
20241114190303.6,675.910003110766,14.355,13.345,13.402,13.113,10.497,10.533
20241114190304.1,676.379000768065,14.353,13.327,13.428,13.099,10.533,10.509
20241114190304.6,676.847002655268,14.359,13.335,13.412,13.105,10.501,10.515
20241114190305,677.316000312567,14.363,13.319,13.414,13.095,10.491,10.521
20241114190305.5,677.796997502446,14.353,13.333,13.42,13.097,10.517,10.509
20241114190306,678.264999389648,14.333,13.331,13.42,13.082,10.507,10.515
20241114190306.4,678.719000145793,14.359,13.331,13.428,13.107,10.503,10.513
20241114190306.9,679.187002032995,14.383,13.355,13.44,13.095,10.513,10.515
20241114190307.4,679.639996960759,14.375,13.325,13.43,13.099,10.507,10.509
20241114190307.8,680.108994618058,14.373,13.327,13.404,13.091,10.507,10.531
20241114190308.3,680.578002333641,14.381,13.351,13.412,13.086,10.491,10.527
20241114190308.8,681.04699999094,14.373,13.333,13.418,13.101,10.501,10.517
20241114190309.2,681.515001878142,14.394,13.351,13.436,13.103,10.499,10.509
20241114190309.7,681.983999535441,14.375,13.339,13.434,13.093,10.497,10.511
20241114190310.2,682.448993995786,14.39,13.345,13.418,13.097,10.503,10.511
20241114190310.6,682.913998514414,14.379,13.351,13.436,13.105,10.517,10.519
20241114190311.1,683.382996171713,14.387,13.343,13.43,13.091,10.523,10.515
20241114190311.6,683.839994296432,14.396,13.357,13.424,13.091,10.511,10.497
20241114190312,684.307996183634,14.402,13.365,13.422,13.105,10.515,10.509
20241114190312.5,684.780997037888,14.373,13.349,13.428,13.107,10.505,10.503
20241114190313,685.246001556516,14.404,13.341,13.408,13.093,10.505,10.515
20241114190313.4,685.714999213815,14.398,13.335,13.424,13.107,10.511,10.529
20241114190313.9,686.198993772268,14.422,13.341,13.432,13.095,10.507,10.513
20241114190314.4,686.668001487851,14.41,13.353,13.43,13.099,10.489,10.515
20241114190314.9,687.132995948195,14.398,13.365,13.424,13.076,10.503,10.525
20241114190315.3,687.586000934243,14.416,13.355,13.424,13.093,10.501,10.505
20241114190315.8,688.038995862007,14.426,13.343,13.43,13.109,10.495,10.501
20241114190316.2,688.511000946164,14.406,13.341,13.412,13.103,10.503,10.521
20241114190316.7,688.984001800418,14.424,13.331,13.418,13.117,10.507,10.523
20241114190317.2,689.457002654672,14.45,13.351,13.43,13.099,10.489,10.497
20241114190317.7,689.936994016171,14.428,13.351,13.444,13.115,10.497,10.513
20241114190318.1,690.409994870424,14.43,13.367,13.428,13.111,10.495,10.513
20241114190318.6,690.862999856472,14.422,13.361,13.43,13.111,10.521,10.501
20241114190319.1,691.331997513771,14.43,13.351,13.426,13.099,10.503,10.519
20241114190319.5,691.797002032399,14.448,13.365,13.434,13.086,10.507,10.509
20241114190320,692.264993861318,14.442,13.367,13.43,13.103,10.511,10.519
20241114190320.4,692.729998379946,14.438,13.357,13.432,13.117,10.489,10.531
20241114190320.9,693.18299330771,14.448,13.363,13.45,13.123,10.509,10.503
20241114190321.4,693.647997826338,14.448,13.351,13.438,13.103,10.495,10.511
20241114190321.8,694.116995483637,14.432,13.361,13.44,13.119,10.501,10.509
20241114190322.3,694.58600319922,14.45,13.359,13.456,13.121,10.499,10.525
20241114190322.8,695.050997659564,14.454,13.349,13.458,13.105,10.505,10.513
20241114190323.2,695.514996349812,14.438,13.353,13.442,13.113,10.505,10.517
20241114190323.7,695.987997204065,14.476,13.371,13.448,13.115,10.499,10.515
20241114190324.2,696.453001722693,14.464,13.359,13.428,13.117,10.517,10.521
20241114190324.6,696.909999847412,14.46,13.361,13.454,13.115,10.501,10.513
20241114190325.1,697.383000701666,14.468,13.367,13.438,13.107,10.505,10.505
20241114190325.6,697.846999391913,14.49,13.369,13.416,13.119,10.497,10.513
20241114190326,698.315997049212,14.462,13.361,13.434,13.119,10.473,10.513
20241114190326.5,698.781001567841,14.49,13.375,13.432,13.119,10.491,10.509
20241114190327,699.254002422094,14.497,13.373,13.432,13.131,10.513,10.537
20241114190327.4,699.706997349858,14.493,13.353,13.438,13.121,10.499,10.513
20241114190327.9,700.163995474577,14.517,13.379,13.438,13.086,10.505,10.515
20241114190328.3,700.628999993205,14.503,13.363,13.43,13.099,10.489,10.505
20241114190328.8,701.097001880407,14.484,13.367,13.428,13.105,10.495,10.511
20241114190329.3,701.561996340752,14.495,13.363,13.42,13.101,10.505,10.503
20241114190329.8,702.030993998051,14.511,13.357,13.424,13.119,10.491,10.507
20241114190330.2,702.503994852304,14.505,13.367,13.424,13.115,10.495,10.509
20241114190330.7,702.968999370933,14.513,13.373,13.414,13.095,10.493,10.509
20241114190331.2,703.43299806118,14.505,13.361,13.42,13.107,10.515,10.521
20241114190331.6,703.898002579808,14.535,13.351,13.436,13.103,10.475,10.519
20241114190332.1,704.367000237107,14.537,13.359,13.43,13.113,10.523,10.509
20241114190332.6,704.835997894406,14.539,13.385,13.428,13.107,10.501,10.521
20241114190333,705.311996117234,14.505,13.367,13.428,13.119,10.501,10.509
20241114190333.5,705.768994241953,14.525,13.375,13.424,13.117,10.495,10.521
20241114190333.9,706.221999228001,14.535,13.367,13.42,13.113,10.511,10.513
20241114190334.4,706.686993688345,14.537,13.365,13.416,13.121,10.499,10.501
20241114190334.9,707.139998674393,14.547,13.379,13.42,13.091,10.507,10.523
20241114190335.3,707.612999528646,14.545,13.367,13.432,13.095,10.505,10.521
20241114190335.8,708.077993988991,14.549,13.385,13.41,13.113,10.509,10.495
20241114190336.3,708.547001704574,14.555,13.375,13.436,13.097,10.499,10.499
20241114190336.7,709.014993533492,14.563,13.363,13.428,13.101,10.495,10.521
20241114190337.2,709.47999805212,14.553,13.379,13.42,13.107,10.513,10.507
20241114190337.7,709.952998906374,14.555,13.371,13.416,13.111,10.501,10.513
20241114190338.1,710.421996563673,14.563,13.369,13.44,13.111,10.491,10.505
20241114190338.6,710.889998450875,14.569,13.373,13.426,13.097,10.499,10.529
20241114190339.1,711.374998837709,14.563,13.383,13.442,13.109,10.505,10.517
20241114190339.6,711.846993863583,14.575,13.375,13.422,13.111,10.507,10.507
20241114190340,712.316001579165,14.602,13.383,13.418,13.111,10.497,10.517
20241114190340.5,712.78099603951,14.579,13.367,13.444,13.101,10.493,10.507
20241114190341,713.246000558138,14.602,13.343,13.428,13.099,10.511,10.519
20241114190341.4,713.719001412392,14.626,13.373,13.424,13.091,10.497,10.525
20241114190341.9,714.202995970845,14.616,13.359,13.438,13.105,10.517,10.503
20241114190342.4,714.671993628144,14.61,13.375,13.43,13.103,10.497,10.497
20241114190342.9,715.136002376676,14.63,13.381,13.426,13.117,10.513,10.515
20241114190343.3,715.60099683702,14.614,13.363,13.438,13.113,10.509,10.525
20241114190343.8,716.066001355648,14.604,13.379,13.45,13.107,10.495,10.509
20241114190344.2,716.522999480367,14.64,13.375,13.438,13.117,10.505,10.517
20241114190344.7,716.987993940711,14.636,13.361,13.446,13.117,10.503,10.517
20241114190345.2,717.452998459339,14.65,13.379,13.444,13.131,10.501,10.519
20241114190345.6,717.921996116638,14.646,13.369,13.436,13.123,10.499,10.507
20241114190346.1,718.385994806886,14.644,13.367,13.452,13.111,10.485,10.529
20241114190346.6,718.855002522469,14.638,13.379,13.436,13.107,10.507,10.499
20241114190347,719.324000179768,14.666,13.373,13.472,13.115,10.485,10.515
20241114190347.5,719.792997837067,14.682,13.39,13.472,13.113,10.513,10.519
20241114190348,720.260999724269,14.66,13.392,13.462,13.117,10.491,10.519
20241114190348.4,720.729997381568,14.664,13.406,13.47,13.117,10.489,10.513
20241114190348.9,721.195001900196,14.678,13.394,13.476,13.121,10.493,10.517
20241114190349.4,721.663999557495,14.662,13.392,13.468,13.127,10.503,10.521
20241114190349.8,722.120997682214,14.691,13.392,13.454,13.119,10.521,10.511
20241114190350.3,722.589995339513,14.686,13.377,13.442,13.111,10.503,10.525
20241114190350.8,723.05399402976,14.695,13.412,13.454,13.125,10.479,10.503
20241114190351.2,723.511002212763,14.703,13.392,13.488,13.119,10.491,10.493
20241114190351.7,723.979999870062,14.695,13.406,13.464,13.125,10.501,10.533
20241114190352.2,724.444994330406,14.719,13.381,13.446,13.127,10.491,10.521
20241114190352.6,724.914002045989,14.723,13.4,13.45,13.119,10.493,10.509
20241114190353.1,725.394003465772,14.739,13.41,13.448,13.111,10.495,10.521
20241114190353.6,725.858997926116,14.721,13.408,13.456,13.117,10.499,10.517
20241114190354.1,726.33199878037,14.737,13.408,13.45,13.111,10.495,10.507
20241114190354.5,726.793000102043,14.721,13.41,13.446,13.123,10.505,10.531
20241114190355,727.261001989245,14.739,13.404,13.442,13.117,10.507,10.521
20241114190355.4,727.71500274539,14.727,13.402,13.454,13.137,10.493,10.513
20241114190355.9,728.182994574308,14.767,13.383,13.43,13.111,10.495,10.505
20241114190356.4,728.640002757311,14.733,13.412,13.44,13.135,10.525,10.499
20241114190356.8,729.10900041461,14.757,13.424,13.442,13.125,10.497,10.513
20241114190357.3,729.582001268864,14.755,13.41,13.444,13.125,10.505,10.505
20241114190357.8,730.050998926163,14.759,13.412,13.46,13.123,10.479,10.511
20241114190358.2,730.522993952036,14.759,13.416,13.454,13.111,10.513,10.515
20241114190358.7,730.992001667619,14.767,13.414,13.44,13.109,10.499,10.501
20241114190359.2,731.475996226072,14.794,13.43,13.458,13.117,10.501,10.519
20241114190359.7,731.944993883371,14.777,13.39,13.456,13.119,10.495,10.519
20241114190400.1,732.397998869419,14.785,13.406,13.45,13.123,10.509,10.513
20241114190400.6,732.878996059299,14.802,13.394,13.44,13.121,10.515,10.521
20241114190401.1,733.346997946501,14.794,13.408,13.442,13.119,10.491,10.517
20241114190401.5,733.807999268174,14.779,13.406,13.452,13.119,10.487,10.525
20241114190402,734.264997392893,14.794,13.41,13.442,13.125,10.515,10.533
20241114190402.5,734.733995050192,14.796,13.404,13.444,13.127,10.485,10.531
20241114190402.9,735.191003233194,14.812,13.414,13.454,13.131,10.501,10.525
20241114190403.4,735.660000890493,14.83,13.4,13.44,13.127,10.495,10.517
20241114190403.9,736.133001744747,14.828,13.396,13.456,13.143,10.509,10.513
20241114190404.3,736.616996303201,14.83,13.426,13.45,13.125,10.511,10.531
20241114190404.8,737.0859939605,14.828,13.416,13.452,13.121,10.515,10.509
20241114190405.3,737.550998479128,14.83,13.424,13.452,13.123,10.481,10.509
20241114190405.7,738.023003563285,14.854,13.418,13.462,13.109,10.515,10.501
20241114190406.2,738.492001220584,14.846,13.414,13.456,13.123,10.505,10.523
20241114190406.7,738.960998877883,14.868,13.412,13.458,13.125,10.501,10.519
20241114190407.1,739.429000765085,14.852,13.41,13.45,13.129,10.503,10.499
20241114190407.6,739.897998422384,14.854,13.406,13.478,13.125,10.501,10.523
20241114190408.1,740.366996079683,14.868,13.418,13.468,13.141,10.507,10.523
20241114190408.6,740.832000598311,14.87,13.406,13.478,13.119,10.515,10.515
20241114190409,741.303995624185,14.868,13.402,13.454,13.133,10.491,10.513
20241114190409.5,741.772993281484,14.874,13.428,13.462,13.127,10.523,10.507
20241114190410,742.237997800112,14.868,13.418,13.454,13.113,10.493,10.523
20241114190410.4,742.706995457411,14.876,13.406,13.462,13.125,10.485,10.503
20241114190410.9,743.176003172994,14.888,13.414,13.474,13.111,10.505,10.517
20241114190411.4,743.643995001912,14.876,13.424,13.458,13.133,10.505,10.507
20241114190411.8,744.113002717495,14.88,13.412,13.458,13.119,10.511,10.509
20241114190412.3,744.582000374794,14.876,13.422,13.448,13.113,10.503,10.533
20241114190412.8,745.050998032093,14.888,13.424,13.466,13.111,10.509,10.521
20241114190413.2,745.518999919295,14.907,13.44,13.462,13.133,10.501,10.519
20241114190413.7,745.980001240969,14.897,13.426,13.444,13.123,10.507,10.513
20241114190414.2,746.436999365687,14.907,13.422,13.438,13.125,10.509,10.517
20241114190414.6,746.905997022986,14.911,13.404,13.478,13.133,10.509,10.509
20241114190415.1,747.385998442769,14.89,13.434,13.476,13.127,10.509,10.523
20241114190415.6,747.854996100068,14.927,13.412,13.464,13.137,10.505,10.501
20241114190416,748.308001086116,14.917,13.426,13.464,13.145,10.493,10.527
20241114190416.5,748.796994611621,14.899,13.422,13.464,13.121,10.505,10.523
20241114190417,749.280999228358,14.931,13.416,13.46,13.125,10.495,10.535
20241114190417.5,749.754000082612,14.935,13.412,13.48,13.149,10.529,10.515
20241114190417.9,750.215001404285,14.941,13.43,13.472,13.133,10.505,10.523
20241114190418.4,750.671999529004,14.957,13.438,13.466,13.107,10.509,10.539
20241114190418.9,751.135998219252,14.943,13.44,13.47,13.137,10.495,10.511
20241114190419.3,751.594002172351,14.969,13.416,13.491,13.121,10.483,10.521
20241114190419.8,752.061994001269,14.971,13.436,13.474,13.149,10.501,10.521
20241114190420.3,752.531001716852,14.975,13.414,13.466,13.137,10.519,10.521
20241114190420.7,753.004002571106,15.002,13.428,13.456,13.151,10.511,10.525
20241114190421.2,753.471994400024,15.002,13.444,13.462,13.147,10.517,10.527
20241114190421.7,753.941002115607,14.996,13.436,13.468,13.121,10.515,10.511
20241114190422.1,754.409999772906,14.998,13.438,13.468,13.133,10.521,10.519
20241114190422.6,754.88300062716,15.03,13.442,13.444,13.123,10.507,10.517
20241114190423.1,755.346999317408,15.02,13.448,13.46,13.129,10.517,10.517
20241114190423.5,755.815996974707,15.012,13.444,13.46,13.121,10.509,10.517
20241114190424,756.284994632006,15.04,13.444,13.454,13.131,10.495,10.523
20241114190424.5,756.757995486259,15.052,13.448,13.46,13.123,10.511,10.523
20241114190424.9,757.221994176507,15.062,13.454,13.444,13.121,10.497,10.521
20241114190425.4,757.706994563341,15.064,13.458,13.46,13.145,10.495,10.517
20241114190425.9,758.171999081969,15.113,13.44,13.466,13.145,10.515,10.525
20241114190426.4,758.643994107842,15.171,13.456,13.454,13.133,10.513,10.505
20241114190426.8,759.125001356006,15.264,13.45,13.48,13.135,10.497,10.519
20241114190427.3,759.596996381879,15.321,13.44,13.456,13.117,10.481,10.517
20241114190427.8,760.062000900507,15.337,13.438,13.462,13.125,10.509,10.517
20241114190428.3,760.530998557806,15.361,13.438,13.448,13.125,10.511,10.507
20241114190428.7,760.996003076434,15.337,13.426,13.442,13.111,10.499,10.523
20241114190429.2,761.465000733733,15.337,13.432,13.44,13.129,10.517,10.517
20241114190429.7,761.945002153516,15.329,13.454,13.442,13.117,10.507,10.517
20241114190430.1,762.413999810815,15.335,13.434,13.438,13.113,10.503,10.531
20241114190430.6,762.882997468114,15.321,13.436,13.426,13.129,10.501,10.529
20241114190431.1,763.346996158361,15.321,13.428,13.438,13.129,10.525,10.511
20241114190431.5,763.819997012615,15.319,13.424,13.44,13.115,10.487,10.509
20241114190432,764.276995137334,15.317,13.432,13.436,13.117,10.489,10.525
20241114190432.5,764.741999655962,15.331,13.442,13.458,13.147,10.507,10.515
20241114190432.9,765.210997313261,15.323,13.434,13.44,13.117,10.507,10.517
20241114190433.4,765.664002299309,15.329,13.434,13.462,13.129,10.501,10.521
20241114190433.8,766.121000424027,15.315,13.44,13.454,13.121,10.507,10.521
20241114190434.3,766.60100184381,15.333,13.446,13.45,13.129,10.515,10.525
20241114190434.8,767.074002698064,15.323,13.432,13.45,13.115,10.509,10.513
20241114190435.3,767.538997158408,15.335,13.452,13.46,13.129,10.505,10.523
20241114190435.7,768.007994815707,15.319,13.466,13.446,13.121,10.493,10.511
20241114190436.2,768.479999899864,15.345,13.438,13.448,13.123,10.499,10.503
20241114190436.7,768.944994360209,15.349,13.448,13.444,13.117,10.489,10.527
20241114190437.1,769.414002075791,15.349,13.45,13.454,13.123,10.491,10.513
20241114190437.6,769.885997101665,15.363,13.432,13.458,13.109,10.499,10.511
20241114190438.1,770.354994758964,15.363,13.44,13.442,13.137,10.497,10.531
20241114190438.5,770.827995613217,15.361,13.448,13.444,13.105,10.505,10.525
20241114190439,771.312000229955,15.355,13.448,13.458,13.117,10.515,10.517
20241114190439.5,771.797000616789,15.363,13.442,13.464,13.131,10.509,10.519
20241114190440,772.253998741508,15.373,13.442,13.468,13.129,10.501,10.515
20241114190440.4,772.725993767381,15.375,13.444,13.454,13.125,10.501,10.517
20241114190440.9,773.190998286009,15.385,13.432,13.466,13.135,10.511,10.513
20241114190441.4,773.659995943308,15.381,13.44,13.444,13.123,10.509,10.515
20241114190441.8,774.128993600607,15.391,13.46,13.458,13.137,10.497,10.517
20241114190442.3,774.600998684764,15.394,13.45,13.456,13.109,10.505,10.513
20241114190442.8,775.066003203392,15.392,13.446,13.448,13.125,10.527,10.523
20241114190443.3,775.535000860691,15.414,13.44,13.458,13.119,10.491,10.513
20241114190443.7,776.00399851799,15.418,13.47,13.444,13.135,10.495,10.523
20241114190444.2,776.472000405192,15.408,13.422,13.444,13.111,10.515,10.519
20241114190444.7,776.936994865537,15.394,13.44,13.464,13.121,10.501,10.527
20241114190445.1,777.40999571979,15.42,13.432,13.448,13.107,10.509,10.497
20241114190445.6,777.875000238419,15.446,13.452,13.47,13.125,10.509,10.513
20241114190446.1,778.343997895718,15.448,13.43,13.464,13.103,10.503,10.525
20241114190446.5,778.81199978292,15.446,13.446,13.464,13.115,10.499,10.509
20241114190447,779.280997440219,15.438,13.458,13.442,13.125,10.503,10.519
20241114190447.5,779.749995097518,15.468,13.456,13.448,13.121,10.509,10.507
20241114190447.9,780.219002813101,15.484,13.466,13.448,13.133,10.491,10.523
20241114190448.4,780.678998306394,15.488,13.44,13.446,13.115,10.481,10.535
20241114190448.9,781.144002825022,15.493,13.444,13.464,13.115,10.501,10.527
20241114190449.3,781.616993620992,15.499,13.432,13.46,13.127,10.497,10.529
20241114190449.8,782.08199813962,15.507,13.45,13.452,13.127,10.493,10.501
20241114190450.3,782.550995796919,15.523,13.452,13.434,13.109,10.503,10.535
20241114190450.7,783.018997684121,15.515,13.448,13.46,13.107,10.517,10.507
20241114190451.2,783.503998070955,15.533,13.446,13.46,13.109,10.501,10.525
20241114190451.7,783.971999958158,15.535,13.45,13.466,13.117,10.495,10.525
20241114190452.2,784.440997615457,15.531,13.456,13.472,13.115,10.489,10.499
20241114190452.6,784.91399846971,15.547,13.434,13.464,13.123,10.505,10.517
20241114190453.1,785.382996127009,15.543,13.44,13.428,13.125,10.503,10.515
20241114190453.6,785.846994817257,15.549,13.46,13.456,13.09,10.503,10.519
20241114190454.1,786.331995204091,15.567,13.444,13.462,13.133,10.493,10.515
20241114190454.5,786.815999820828,15.583,13.452,13.466,13.113,10.503,10.517
20241114190455,787.301000207663,15.561,13.454,13.456,13.113,10.511,10.525
20241114190455.5,787.769002094865,15.579,13.454,13.46,13.115,10.515,10.513
20241114190456,788.237999752164,15.593,13.454,13.442,13.133,10.491,10.535
20241114190456.4,788.706997409463,15.598,13.472,13.448,13.109,10.493,10.519
20241114190456.9,789.163995534182,15.61,13.454,13.454,13.121,10.503,10.515
20241114190457.4,789.633003249764,15.589,13.47,13.448,13.115,10.507,10.525
20241114190457.8,790.100995078683,15.622,13.458,13.462,13.127,10.479,10.503
20241114190458.3,790.570002794266,15.626,13.452,13.472,13.133,10.493,10.521
20241114190458.8,791.039000451565,15.638,13.466,13.464,13.125,10.497,10.513
20241114190459.2,791.507998108864,15.658,13.472,13.466,13.123,10.509,10.503
20241114190459.7,791.980003193021,15.656,13.452,13.442,13.115,10.519,10.509
20241114190500.2,792.444997653365,15.648,13.452,13.48,13.123,10.487,10.517
20241114190500.6,792.913995310664,15.678,13.474,13.46,13.101,10.503,10.527
20241114190501.1,793.386000394821,15.684,13.456,13.446,13.131,10.513,10.519
20241114190501.6,793.847001716495,15.684,13.47,13.446,13.119,10.507,10.521
20241114190502,794.315999373794,15.713,13.47,13.478,13.107,10.513,10.525
20241114190502.5,794.784997031093,15.707,13.47,13.448,13.115,10.487,10.513
20241114190503,795.257997885346,15.723,13.452,13.45,13.125,10.505,10.519
20241114190503.5,795.737999305129,15.725,13.478,13.454,13.115,10.503,10.531
20241114190503.9,796.206996962428,15.743,13.468,13.462,13.127,10.507,10.525
20241114190504.4,796.679002046585,15.735,13.482,13.47,13.123,10.511,10.511
20241114190504.9,797.147999703884,15.739,13.484,13.458,13.119,10.499,10.529
20241114190505.4,797.633000090718,15.741,13.478,13.472,13.131,10.493,10.503
20241114190505.8,798.096998780966,15.749,13.486,13.464,13.111,10.493,10.495
20241114190506.3,798.565996438265,15.771,13.464,13.476,13.115,10.511,10.523
20241114190506.8,799.034994095564,15.806,13.476,13.474,13.121,10.503,10.525
20241114190507.2,799.504001811147,15.806,13.48,13.462,13.129,10.521,10.529
20241114190507.7,799.968996271491,15.806,13.476,13.488,13.147,10.503,10.517
20241114190508.2,800.436998158693,15.793,13.47,13.468,13.131,10.491,10.525
20241114190508.6,800.902002677321,15.818,13.46,13.474,13.127,10.499,10.519
20241114190509.1,801.37100033462,15.846,13.472,13.458,13.129,10.507,10.539
20241114190509.6,801.835994794965,15.844,13.488,13.452,13.125,10.517,10.529
20241114190510,802.303996682167,15.862,13.484,13.438,13.127,10.509,10.529
20241114190510.5,802.760994806886,15.862,13.474,13.454,13.117,10.519,10.517
20241114190510.9,803.225999325514,15.86,13.478,13.47,13.135,10.503,10.503
20241114190511.4,803.690993785858,15.888,13.468,13.462,13.095,10.499,10.527
20241114190511.9,804.151995107532,15.884,13.486,13.47,13.143,10.501,10.511
20241114190512.3,804.61699962616,15.895,13.488,13.503,13.137,10.503,10.515
20241114190512.8,805.090000480413,15.917,13.491,13.466,13.135,10.503,10.521
20241114190513.3,805.551001802087,15.929,13.491,13.472,13.133,10.503,10.519
20241114190513.7,806.018993631005,15.913,13.488,13.448,13.107,10.479,10.521
20241114190514.2,806.488001346588,15.929,13.474,13.456,13.101,10.507,10.519
20241114190514.7,806.971995905042,15.933,13.493,13.458,13.129,10.505,10.519
20241114190515.2,807.444996759295,15.969,13.493,13.438,13.117,10.497,10.513
20241114190515.6,807.925993949175,15.973,13.468,13.464,13.119,10.501,10.531
20241114190516.1,808.409998565912,15.995,13.486,13.46,13.107,10.507,10.527
20241114190516.6,808.89400318265,16.006,13.489,13.464,13.121,10.507,10.535
20241114190517.1,809.358997642994,15.996,13.466,13.476,13.119,10.489,10.523
20241114190517.5,809.827995300293,16.012,13.48,13.472,13.137,10.495,10.521
20241114190518,810.292999818921,16.028,13.466,13.462,13.125,10.499,10.519
20241114190518.5,810.761001706123,16.024,13.472,13.478,13.131,10.513,10.533
20241114190518.9,811.225996166468,16.06,13.466,13.48,13.125,10.503,10.523
20241114190519.4,811.698997020721,16.072,13.495,13.464,13.129,10.507,10.523
20241114190519.9,812.171997874975,16.092,13.495,13.454,13.117,10.515,10.525
20241114190520.4,812.635996565223,16.078,13.488,13.46,13.125,10.507,10.517
20241114190520.8,813.101001083851,16.107,13.497,13.456,13.111,10.479,10.523
20241114190521.3,813.586001470685,16.133,13.489,13.466,13.113,10.507,10.525
20241114190521.8,814.053993299603,16.141,13.474,13.47,13.121,10.487,10.519
20241114190522.2,814.526994153857,16.143,13.489,13.466,13.133,10.497,10.55
20241114190522.7,814.991998672485,16.147,13.476,13.466,13.123,10.505,10.523
20241114190523.2,815.460996329784,16.163,13.501,13.486,13.151,10.499,10.533
20241114190523.6,815.928998216987,16.181,13.493,13.491,13.137,10.493,10.515
20241114190524.1,816.397995874286,16.179,13.493,13.478,13.131,10.485,10.525
20241114190524.6,816.866993531585,16.198,13.489,13.501,13.145,10.503,10.519
20241114190525.1,817.331998050213,16.23,13.491,13.474,13.125,10.505,10.515
20241114190525.5,817.800995707512,16.212,13.491,13.489,13.155,10.509,10.525
20241114190526,818.257993832231,16.244,13.497,13.47,13.133,10.501,10.513
20241114190526.4,818.715002015233,16.25,13.489,13.47,13.143,10.499,10.525
20241114190526.9,819.186997041106,16.26,13.497,13.464,13.141,10.493,10.548
20241114190527.4,819.652001559734,16.286,13.499,13.47,13.125,10.505,10.515
20241114190527.8,820.128995552659,16.292,13.484,13.472,13.131,10.509,10.531
20241114190528.3,820.589996874332,16.305,13.486,13.47,13.139,10.513,10.535
20241114190528.8,821.057998761535,16.311,13.503,13.486,13.115,10.501,10.535
20241114190529.2,821.526996418834,16.349,13.503,13.47,13.121,10.487,10.497
20241114190529.7,821.999997273088,16.375,13.495,13.466,13.133,10.513,10.527
20241114190530.2,822.472002357244,16.381,13.495,13.456,13.117,10.503,10.511
20241114190530.7,822.936996817589,16.398,13.521,13.48,13.115,10.493,10.513
20241114190531.1,823.402001336217,16.426,13.509,13.482,13.115,10.511,10.523
20241114190531.6,823.875002190471,16.412,13.499,13.484,13.135,10.503,10.515
20241114190532.1,824.339996650815,16.446,13.486,13.476,13.133,10.509,10.537
20241114190532.5,824.807998538017,16.462,13.484,13.48,13.121,10.501,10.531
20241114190533,825.276996195316,16.476,13.505,13.466,13.129,10.491,10.519
20241114190533.5,825.745993852615,16.492,13.493,13.484,13.129,10.503,10.521
20241114190533.9,826.218994706869,16.492,13.505,13.48,13.115,10.489,10.533
20241114190534.4,826.690999791026,16.517,13.515,13.478,13.149,10.515,10.519
20241114190534.9,827.15599425137,16.545,13.501,13.488,13.127,10.507,10.519
20241114190535.3,827.613002434373,16.575,13.493,13.48,13.123,10.499,10.527
20241114190535.8,828.082000091672,16.563,13.503,13.472,13.145,10.509,10.527
20241114190536.3,828.550997748971,16.579,13.523,13.472,13.113,10.487,10.535
20241114190536.7,829.023002833128,16.596,13.511,13.468,13.137,10.517,10.515
20241114190537.2,829.492000490427,16.614,13.503,13.46,13.123,10.497,10.521
20241114190537.7,829.960998147726,16.66,13.507,13.472,13.119,10.495,10.521
20241114190538.2,830.433003231883,16.67,13.537,13.464,13.143,10.485,10.517
20241114190538.6,830.902000889182,16.674,13.513,13.472,13.137,10.493,10.525
20241114190539.1,831.385995447636,16.692,13.525,13.476,13.119,10.513,10.505
20241114190539.6,831.855003163218,16.688,13.507,13.503,13.133,10.503,10.523
20241114190540.1,832.339993491769,16.737,13.525,13.505,13.141,10.487,10.519
20241114190540.5,832.807995378971,16.741,13.507,13.48,13.137,10.511,10.513
20241114190541,833.272999897599,16.767,13.521,13.47,13.143,10.493,10.521
20241114190541.5,833.741997554898,16.781,13.515,13.476,13.119,10.499,10.529
20241114190541.9,834.210995212197,16.798,13.519,13.474,13.141,10.515,10.535
20241114190542.4,834.6789970994,16.832,13.543,13.468,13.135,10.493,10.519
20241114190542.9,835.144001618028,16.84,13.531,13.46,13.137,10.491,10.523
20241114190543.3,835.617002472281,16.866,13.523,13.48,13.149,10.491,10.535
20241114190543.8,836.090003326535,16.878,13.523,13.47,13.137,10.513,10.521
20241114190544.3,836.554002016783,16.892,13.525,13.488,13.123,10.483,10.519
20241114190544.7,837.018996477127,16.901,13.525,13.48,13.117,10.493,10.527
20241114190545.2,837.491997331381,16.937,13.519,13.488,13.131,10.509,10.517
20241114190545.7,837.957001850009,16.957,13.519,13.476,13.119,10.499,10.527
20241114190546.1,838.409996777773,16.975,13.543,13.476,13.135,10.491,10.548
20241114190546.6,838.878994435072,16.991,13.533,13.486,13.103,10.503,10.533
20241114190547.1,839.3439989537,17.014,13.519,13.46,13.131,10.499,10.525
20241114190547.5,839.803994446993,17.03,13.517,13.464,13.133,10.499,10.527
20241114190548,840.276995301247,17.062,13.521,13.464,13.127,10.505,10.523
20241114190548.5,840.7499961555,17.088,13.513,13.466,13.143,10.483,10.513
20241114190548.9,841.218993812799,17.113,13.525,13.488,13.131,10.503,10.513
20241114190549.4,841.683002561331,17.133,13.531,13.493,13.129,10.497,10.527
20241114190549.9,842.15200021863,17.163,13.527,13.489,13.119,10.483,10.541
20241114190550.3,842.625001072884,17.177,13.509,13.495,13.141,10.483,10.503
20241114190550.8,843.089995533228,17.189,13.553,13.488,13.109,10.493,10.521
20241114190551.3,843.55799742043,17.224,13.537,13.497,13.133,10.477,10.525
20241114190551.7,844.026995077729,17.264,13.539,13.495,13.129,10.503,10.529
20241114190552.2,844.499995931983,17.274,13.531,13.491,13.133,10.505,10.527
20241114190552.7,844.968993589282,17.309,13.529,13.509,13.133,10.489,10.543
20241114190553.2,845.436995476484,17.331,13.541,13.484,13.123,10.491,10.529
20241114190553.6,845.921995863318,17.365,13.551,13.486,13.145,10.507,10.525
20241114190554.1,846.394000947475,17.379,13.555,13.501,13.133,10.497,10.513
20241114190554.6,846.855002269149,17.414,13.535,13.495,13.127,10.499,10.525
20241114190555,847.323999926448,17.432,13.545,13.491,13.143,10.487,10.515
20241114190555.5,847.792997583747,17.474,13.557,13.489,13.125,10.503,10.531
20241114190556,848.249995708466,17.482,13.557,13.47,13.129,10.485,10.519
20241114190556.4,848.715000227094,17.501,13.561,13.488,13.127,10.491,10.513
20241114190556.9,849.183002114296,17.533,13.561,13.497,13.133,10.499,10.523
20241114190557.4,849.64799657464,17.541,13.557,13.491,13.125,10.511,10.519
20241114190557.8,850.120997428894,17.591,13.565,13.478,13.127,10.505,10.513
20241114190558.3,850.586001947522,17.591,13.543,13.484,13.129,10.485,10.535
20241114190558.8,851.057996973395,17.622,13.551,13.505,13.117,10.503,10.541
20241114190559.2,851.523001492023,17.65,13.555,13.474,13.111,10.505,10.521
20241114190559.7,851.987995952368,17.674,13.553,13.474,13.131,10.491,10.525
20241114190600.2,852.460996806622,17.711,13.555,13.484,13.131,10.499,10.521
20241114190600.6,852.928998693824,17.719,13.541,13.474,13.117,10.485,10.537
20241114190601.1,853.397996351123,17.749,13.565,13.478,13.115,10.499,10.533
20241114190601.6,853.866994008422,17.771,13.549,13.493,13.135,10.481,10.543
20241114190602.1,854.33199852705,17.787,13.561,13.495,13.129,10.487,10.519
20241114190602.5,854.800996184349,17.814,13.557,13.493,13.131,10.511,10.525
20241114190603,855.268998071551,17.842,13.555,13.482,13.141,10.503,10.533
20241114190603.5,855.741998925805,17.88,13.555,13.482,13.141,10.489,10.539
20241114190603.9,856.210996583104,17.905,13.563,13.491,13.137,10.493,10.529
20241114190604.4,856.678998470306,17.937,13.559,13.478,13.137,10.501,10.523
20241114190604.9,857.144002988935,17.963,13.545,13.513,13.133,10.487,10.523
20241114190605.3,857.608997449279,18.002,13.561,13.495,13.131,10.487,10.525
20241114190605.8,858.077995106578,18.018,13.567,13.493,13.125,10.517,10.535
20241114190606.3,858.547002822161,18.042,13.549,13.499,13.131,10.497,10.509
20241114190606.7,859.011001512408,18.084,13.549,13.484,13.131,10.503,10.517
20241114190607.2,859.496001899242,18.111,13.551,13.497,13.123,10.501,10.533
20241114190607.7,859.960996359587,18.133,13.557,13.486,13.129,10.481,10.517
20241114190608.1,860.428998246789,18.167,13.563,13.482,13.127,10.485,10.519
20241114190608.6,860.897995904088,18.2,13.567,13.488,13.125,10.489,10.527
20241114190609.1,861.366993561387,18.238,13.569,13.478,13.125,10.499,10.519
20241114190609.6,861.831998080015,18.268,13.557,13.484,13.131,10.491,10.511
20241114190610,862.304003164172,18.305,13.559,13.497,13.129,10.505,10.537
20241114190610.5,862.773000821471,18.329,13.563,13.489,13.109,10.487,10.509
20241114190611,863.24199847877,18.337,13.563,13.495,13.131,10.489,10.527
20241114190611.4,863.710996136069,18.377,13.563,13.482,13.141,10.491,10.515
20241114190611.9,864.178998023272,18.41,13.547,13.511,13.121,10.503,10.513
20241114190612.4,864.659995213151,18.45,13.557,13.488,13.129,10.497,10.519
20241114190612.9,865.132996067405,18.49,13.561,13.489,13.119,10.497,10.525
20241114190613.3,865.596994757652,18.525,13.559,13.493,13.143,10.507,10.527
20241114190613.8,866.066002473235,18.557,13.563,13.499,13.137,10.495,10.511
20241114190614.3,866.539003327489,18.581,13.559,13.503,13.127,10.509,10.531
20241114190614.7,867.008000984788,18.622,13.561,13.505,13.125,10.491,10.513
20241114190615.2,867.488002404571,18.65,13.567,13.493,13.113,10.499,10.529
20241114190615.7,867.95700006187,18.707,13.571,13.505,13.121,10.495,10.517
20241114190616.1,868.425997719169,18.741,13.559,13.484,13.125,10.497,10.529
20241114190616.6,868.889996409416,18.769,13.569,13.482,13.133,10.499,10.511
20241114190617.1,869.358994066715,18.793,13.583,13.486,13.143,10.493,10.523
20241114190617.5,869.828001782298,18.838,13.567,13.486,13.137,10.493,10.515
20241114190618,870.296999439597,18.872,13.569,13.513,13.127,10.489,10.525
20241114190618.5,870.760998129845,18.888,13.569,13.488,13.135,10.481,10.501
20241114190618.9,871.226002648473,18.937,13.567,13.491,13.151,10.473,10.529
20241114190619.4,871.711003035307,18.973,13.559,13.501,13.141,10.483,10.521
20241114190619.9,872.175997495651,19.002,13.579,13.493,13.119,10.491,10.519
20241114190620.4,872.643999382854,19.046,13.559,13.493,13.135,10.491,10.537
20241114190620.8,873.112997040153,19.084,13.581,13.491,13.137,10.487,10.533
20241114190621.3,873.581994697452,19.133,13.575,13.515,13.125,10.495,10.513
20241114190621.8,874.051002413034,19.155,13.573,13.505,13.143,10.499,10.523
20241114190622.2,874.518994241953,19.202,13.575,13.497,13.145,10.475,10.541
20241114190622.7,874.983998760581,19.25,13.569,13.515,13.141,10.477,10.527
20241114190623.2,875.45299641788,19.274,13.583,13.503,13.143,10.495,10.523
20241114190623.6,875.918000936508,19.333,13.563,13.501,13.143,10.495,10.517
20241114190624.1,876.38600282371,19.367,13.561,13.489,13.141,10.491,10.527
20241114190624.6,876.850997284055,19.428,13.571,13.505,13.125,10.477,10.525
20241114190625,877.319994941354,19.458,13.575,13.497,13.127,10.485,10.523
20241114190625.5,877.789002656937,19.503,13.583,13.511,13.133,10.485,10.517
20241114190626,878.258000314236,19.551,13.577,13.488,13.149,10.489,10.521
20241114190626.4,878.721999004483,19.591,13.567,13.505,13.137,10.491,10.507
20241114190626.9,879.186993464828,19.644,13.577,13.507,13.151,10.475,10.535
20241114190627.4,879.659994319081,19.682,13.553,13.517,13.143,10.475,10.554
20241114190627.8,880.129002034664,19.735,13.579,13.513,13.129,10.485,10.519
20241114190628.3,880.596993863583,19.789,13.573,13.497,13.127,10.491,10.521
20241114190628.8,881.061998382211,19.832,13.577,13.513,13.133,10.487,10.535
20241114190629.3,881.534999236465,19.894,13.596,13.505,13.125,10.507,10.517
20241114190629.7,882.003996893764,19.949,13.59,13.493,13.155,10.473,10.525
20241114190630.2,882.469001412392,19.973,13.594,13.515,13.153,10.489,10.511
20241114190630.7,882.937003299594,20.046,13.571,13.509,13.135,10.491,10.521
20241114190631.1,883.406000956893,20.109,13.589,13.515,13.155,10.491,10.525
20241114190631.6,883.874998614192,20.145,13.585,13.491,13.135,10.493,10.539
20241114190632.1,884.34000313282,20.183,13.59,13.478,13.145,10.493,10.507
20241114190632.5,884.807994961739,20.244,13.581,13.491,13.157,10.477,10.519
20241114190633,885.272999480367,20.307,13.585,13.488,13.137,10.493,10.527
20241114190633.5,885.737993940711,20.361,13.589,13.488,13.125,10.479,10.533
20241114190633.9,886.210994794965,20.414,13.575,13.489,13.121,10.497,10.513
20241114190634.4,886.675999313593,20.494,13.579,13.497,13.143,10.497,10.523
20241114190634.9,887.156000733376,20.563,13.602,13.493,13.135,10.487,10.537
20241114190635.4,887.639995291829,20.602,13.573,13.497,13.139,10.495,10.501
20241114190635.8,888.109003007412,20.69,13.573,13.499,13.137,10.487,10.519
20241114190636.3,888.578000664711,20.709,13.575,13.507,13.139,10.497,10.529
20241114190636.8,889.04699832201,20.781,13.604,13.507,13.151,10.477,10.515
20241114190637.2,889.519003406167,20.83,13.6,13.509,13.139,10.495,10.521
20241114190637.7,890.007996931672,20.917,13.6,13.503,13.135,10.497,10.521
20241114190638.2,890.475998818874,20.947,13.587,13.525,13.131,10.483,10.517
20241114190638.7,890.965002402663,21.02,13.589,13.493,13.151,10.487,10.503
20241114190639.2,891.432994231582,21.086,13.581,13.497,13.141,10.497,10.507
20241114190639.6,891.902001947165,21.159,13.585,13.495,13.139,10.483,10.513
20241114190640.1,892.370999604464,21.244,13.598,13.493,13.119,10.495,10.533
20241114190640.6,892.839997261763,21.307,13.587,13.491,13.135,10.485,10.509
20241114190641,893.30399595201,21.383,13.6,13.497,13.131,10.485,10.519
20241114190641.5,893.772993609309,21.436,13.612,13.511,13.147,10.513,10.519
20241114190642,894.245994463563,21.527,13.587,13.523,13.135,10.479,10.523
20241114190642.4,894.718995317817,21.601,13.606,13.509,13.129,10.485,10.523
20241114190642.9,895.186997205019,21.686,13.596,13.517,13.133,10.493,10.521
20241114190643.4,895.655994862318,21.763,13.612,13.503,13.133,10.489,10.521
20241114190643.9,896.132998913527,21.836,13.587,13.515,13.129,10.493,10.537
20241114190644.3,896.601000800729,21.921,13.6,13.503,13.139,10.471,10.519
20241114190644.8,897.069998458028,22.01,13.587,13.533,13.141,10.499,10.519
20241114190645.3,897.538996115327,22.096,13.604,13.517,13.139,10.489,10.513
20241114190645.7,898.007993772626,22.18,13.602,13.503,13.131,10.499,10.505
20241114190646.2,898.472002521157,22.245,13.606,13.511,13.139,10.499,10.513
20241114190646.7,898.936996981502,22.319,13.602,13.519,13.133,10.499,10.521
20241114190647.1,899.405994638801,22.401,13.606,13.507,13.137,10.481,10.509
20241114190647.6,899.870999157429,22.478,13.604,13.517,13.139,10.489,10.517
20241114190648.1,900.335993617773,22.548,13.612,13.505,13.131,10.473,10.529
20241114190648.5,900.80799870193,22.656,13.606,13.497,13.135,10.489,10.515
20241114190649,901.276996359229,22.721,13.618,13.486,13.143,10.489,10.525
20241114190649.5,901.749997213483,22.828,13.604,13.489,13.119,10.497,10.509
20241114190649.9,902.218994870782,22.928,13.592,13.474,13.137,10.491,10.529
20241114190650.4,902.683003619313,23.026,13.602,13.493,13.139,10.499,10.529
20241114190650.9,903.152001276612,23.124,13.624,13.501,13.123,10.491,10.525
20241114190651.3,903.620998933911,23.2,13.612,13.511,13.139,10.487,10.535
20241114190651.8,904.105003550649,23.275,13.596,13.525,13.147,10.483,10.525
20241114190652.3,904.586000740528,23.345,13.602,13.517,13.151,10.497,10.509
20241114190652.8,905.05400262773,23.439,13.608,13.541,13.135,10.501,10.509
20241114190653.3,905.539003014565,23.516,13.624,13.511,13.141,10.489,10.509
20241114190653.7,906.010998040438,23.586,13.608,13.509,13.149,10.507,10.511
20241114190654.2,906.526998057961,23.69,13.596,13.499,13.133,10.503,10.537
20241114190654.7,907.011002674699,23.759,13.616,13.519,13.149,10.485,10.519
20241114190655.3,907.577998191118,23.88,13.602,13.501,13.139,10.485,10.525
20241114190655.8,908.053996413946,23.984,13.59,13.523,13.145,10.501,10.519
20241114190656.2,908.5269972682,24.103,13.61,13.509,13.139,10.491,10.519
20241114190656.7,908.995994925499,24.201,13.608,13.517,13.131,10.511,10.527
20241114190657.2,909.460999444127,24.293,13.61,13.517,13.133,10.507,10.521
20241114190657.6,909.925993904471,24.387,13.604,13.501,13.137,10.507,10.495
20241114190658.1,910.393995791674,24.481,13.592,13.499,13.143,10.479,10.509
20241114190658.6,910.866996645927,24.575,13.618,13.519,13.135,10.495,10.529
20241114190659.1,911.335994303226,24.683,13.624,13.513,13.147,10.495,10.511
20241114190659.5,911.803996190429,24.789,13.612,13.517,13.123,10.487,10.523
20241114190660,912.272993847728,24.891,13.596,13.511,13.143,10.495,10.527
20241114190700.5,912.742001563311,25.02,13.634,13.501,13.141,10.485,10.525
20241114190700.9,913.222002983093,25.149,13.592,13.507,13.145,10.495,10.513
20241114190701.4,913.691000640392,25.277,13.622,13.493,13.159,10.499,10.513
20241114190701.9,914.155995100737,25.414,13.636,13.525,13.155,10.485,10.511
20241114190702.3,914.62899595499,25.525,13.612,13.537,13.149,10.507,10.515
20241114190702.8,915.089997276664,25.682,13.608,13.523,13.153,10.493,10.527
20241114190703.3,915.562002360821,25.831,13.616,13.521,13.151,10.491,10.513
20241114190703.7,916.026996821165,25.974,13.604,13.527,13.157,10.501,10.525
20241114190704.2,916.499997675419,26.107,13.612,13.523,13.155,10.485,10.537
20241114190704.7,916.965002194047,26.25,13.612,13.505,13.145,10.495,10.527
20241114190705.2,917.43699721992,26.391,13.61,13.499,13.141,10.489,10.517
20241114190705.6,917.902001738548,26.51,13.62,13.521,13.147,10.513,10.54
20241114190706.1,918.389999493957,26.685,13.614,13.501,13.141,10.507,10.531
20241114190706.6,918.854993954301,26.828,13.626,13.496,13.149,10.497,10.517
20241114190707,919.324001669884,26.955,13.62,13.494,13.155,10.507,10.538
20241114190707.5,919.792999327183,27.1,13.632,13.498,13.137,10.495,10.523
20241114190708,920.257993787527,27.241,13.628,13.515,13.145,10.503,10.525
20241114190708.5,920.753997936845,27.39,13.63,13.496,13.159,10.473,10.513
20241114190708.9,921.221999824047,27.531,13.638,13.513,13.147,10.487,10.533
20241114190709.4,921.690997481346,27.695,13.62,13.509,13.129,10.499,10.527
20241114190709.9,922.156001999974,27.854,13.624,13.499,13.135,10.511,10.519
20241114190710.3,922.624999657273,28.05,13.614,13.505,13.121,10.507,10.533
20241114190710.8,923.108994215727,28.215,13.616,13.529,13.137,10.491,10.523
20241114190711.3,923.573998734355,28.426,13.632,13.517,13.137,10.495,10.525
20241114190711.8,924.058003351092,28.643,13.64,13.503,13.143,10.471,10.538
20241114190712.3,924.530994147062,28.831,13.632,13.488,13.131,10.495,10.517
20241114190712.7,924.99599866569,29.035,13.638,13.517,13.141,10.503,10.519
20241114190713.2,925.468999519944,29.213,13.64,13.519,13.127,10.493,10.527
20241114190713.7,925.932998210192,29.386,13.642,13.513,13.145,10.497,10.519
20241114190714.1,926.401995867491,29.58,13.648,13.513,13.139,10.497,10.535
20241114190714.6,926.871003583074,29.719,13.64,13.488,13.141,10.499,10.501
20241114190715.1,927.354998141527,29.926,13.646,13.537,13.155,10.499,10.535
20241114190715.6,927.844001725316,30.11,13.642,13.513,13.147,10.507,10.521
20241114190716,928.308000415564,30.304,13.642,13.501,13.153,10.525,10.554
20241114190716.5,928.776998072863,30.502,13.65,13.508,13.165,10.489,10.54
20241114190717,929.245995730162,30.68,13.64,13.504,13.167,10.503,10.546
20241114190717.4,929.71100024879,30.878,13.656,13.521,13.145,10.481,10.529
20241114190717.9,930.182995274663,31.074,13.652,13.517,13.141,10.497,10.515
20241114190718.4,930.671998858452,31.297,13.636,13.505,13.137,10.505,10.513
20241114190718.9,931.155993416905,31.483,13.628,13.476,13.131,10.499,10.531
20241114190719.4,931.651997566223,31.699,13.652,13.509,13.155,10.497,10.515
20241114190719.8,932.120995223522,31.904,13.628,13.531,13.129,10.493,10.525
20241114190720.3,932.590002939105,32.116,13.648,13.515,13.143,10.491,10.521
20241114190720.8,933.057994768023,32.316,13.64,13.507,13.107,10.485,10.525
20241114190721.2,933.527002483606,32.512,13.636,13.511,13.137,10.489,10.499
20241114190721.7,933.996000140905,32.749,13.636,13.513,13.141,10.479,10.523
20241114190722.2,934.476001560688,33.031,13.642,13.509,13.135,10.485,10.505
20241114190722.7,934.940996021032,33.26,13.632,13.501,13.131,10.503,10.503
20241114190723.1,935.425996407866,33.489,13.642,13.517,13.123,10.489,10.513
20241114190723.6,935.910001024604,33.679,13.63,13.549,13.131,10.481,10.517
20241114190724.1,936.393995583057,33.886,13.644,13.539,13.119,10.491,10.521
20241114190724.6,936.918001994491,34.114,13.638,13.529,13.133,10.489,10.509
20241114190725.1,937.389997020364,34.329,13.65,13.541,13.149,10.501,10.513
20241114190725.6,937.858994677663,34.592,13.654,13.541,13.149,10.491,10.527
20241114190726,938.328002393246,35.062,13.666,13.549,13.141,10.503,10.523
20241114190726.5,938.797000050545,35.505,13.672,13.549,13.147,10.503,10.531
20241114190727,939.265001937747,35.824,13.664,13.537,13.163,10.503,10.525
20241114190727.4,939.72600325942,36.099,13.656,13.531,13.139,10.493,10.529
20241114190727.9,940.195000916719,36.44,13.676,13.559,13.149,10.495,10.54
20241114190728.4,940.659995377064,36.746,13.676,13.565,13.171,10.511,10.525
20241114190728.8,941.129003092647,37.028,13.668,13.575,13.167,10.497,10.507
20241114190729.3,941.593997552991,37.313,13.672,13.527,13.151,10.495,10.515
20241114190729.8,942.061999440193,37.689,13.662,13.533,13.133,10.485,10.523
20241114190730.2,942.526993900537,38.248,13.662,13.551,13.139,10.487,10.523
20241114190730.7,942.99600161612,39.013,13.695,13.519,13.143,10.497,10.509
20241114190731.2,943.469002470374,39.599,13.678,13.527,13.153,10.493,10.529
20241114190731.7,943.936994299293,39.909,13.694,13.551,13.155,10.479,10.535
20241114190732.1,944.421994686127,40.099,13.69,13.529,13.153,10.479,10.517
20241114190732.6,944.889996573329,40.269,13.67,13.537,13.157,10.493,10.525
20241114190733.1,945.355001091957,40.432,13.678,13.551,13.157,10.495,10.523
20241114190733.5,945.81600241363,40.647,13.686,13.543,13.145,10.497,10.525
20241114190734,946.28500007093,40.916,13.698,13.561,13.147,10.501,10.527
20241114190734.5,946.749994531274,41.15,13.68,13.551,13.161,10.515,10.517
20241114190734.9,947.221999615431,41.338,13.686,13.557,13.173,10.497,10.538
20241114190735.4,947.686994075775,41.524,13.684,13.557,13.175,10.487,10.538
20241114190735.9,948.175997659564,41.787,13.69,13.559,13.161,10.491,10.548
20241114190736.4,948.648002743721,42.031,13.713,13.545,13.165,10.483,10.529
20241114190736.8,949.11700040102,42.344,13.678,13.543,13.175,10.491,10.531
20241114190737.3,949.590001255274,42.639,13.69,13.539,13.161,10.493,10.511
20241114190737.8,950.053999945521,42.958,13.682,13.545,13.149,10.517,10.523
20241114190738.2,950.518994405866,43.254,13.668,13.537,13.153,10.499,10.546
20241114190738.7,951.0039947927,43.568,13.674,13.533,13.167,10.487,10.521
20241114190739.2,951.468999311328,43.814,13.68,13.539,13.141,10.473,10.509
20241114190739.7,951.93700119853,44.077,13.688,13.543,13.163,10.485,10.521
20241114190740.1,952.401995658875,44.36,13.67,13.539,13.159,10.491,10.507
20241114190740.6,952.874996513128,44.658,13.682,13.543,13.159,10.497,10.517
20241114190741.1,953.343994170427,44.958,13.682,13.527,13.145,10.467,10.503
20241114190741.5,953.81199605763,45.312,13.682,13.551,13.153,10.479,10.513
20241114190742,954.277000576258,45.692,13.67,13.549,13.159,10.481,10.531
20241114190742.5,954.750001430511,46.121,13.678,13.553,13.153,10.503,10.54
20241114190742.9,955.214995890856,46.57,13.692,13.529,13.145,10.501,10.54
20241114190743.4,955.678994581103,46.981,13.662,13.523,13.175,10.491,10.519
20241114190743.9,956.160001829267,47.496,13.69,13.543,13.153,10.501,10.515
20241114190744.4,956.64399638772,48.042,13.684,13.521,13.151,10.479,10.523
20241114190744.8,957.112994045019,48.579,13.67,13.541,13.157,10.497,10.515
20241114190745.3,957.577998563647,49.095,13.68,13.523,13.141,10.493,10.531
20241114190745.8,958.046996220946,49.697,13.692,13.553,13.137,10.493,10.509
20241114190746.3,958.531000837684,50.305,13.692,13.539,13.131,10.503,10.517
20241114190746.7,958.999998494983,50.864,13.692,13.525,13.157,10.493,10.523
20241114190747.2,959.468996152282,51.495,13.701,13.547,13.167,10.483,10.525
20241114190747.7,959.936998039484,52.12,13.686,13.539,13.151,10.521,10.529
20241114190748.1,960.405995696783,52.745,13.702,13.545,13.153,10.511,10.544
20241114190748.6,960.885997116566,53.451,13.716,13.527,13.181,10.511,10.56
20241114190749.1,961.3709975034,54.196,13.706,13.563,13.163,10.499,10.53
20241114190749.6,961.839995160699,54.844,13.702,13.567,13.169,10.499,10.523
20241114190750,962.303993850946,55.398,13.718,13.565,13.169,10.507,10.55
20241114190750.5,962.7769947052,55.815,13.721,13.563,13.187,10.507,10.552
20241114190751,963.246002420783,56.175,13.706,13.559,13.183,10.481,10.548
20241114190751.4,963.722000643611,56.49,13.7,13.561,13.165,10.507,10.54
20241114190751.9,964.195001497865,56.914,13.7,13.547,13.177,10.509,10.534
20241114190752.4,964.675998687744,57.489,13.704,13.539,13.187,10.509,10.528
20241114190752.9,965.144000574946,57.98,13.708,13.555,13.185,10.507,10.54
20241114190753.3,965.608995035291,58.435,13.7,13.581,13.173,10.511,10.534
20241114190753.8,966.081995889544,58.924,13.728,13.569,13.187,10.507,10.534
20241114190754.3,966.547000408173,59.438,13.722,13.577,13.181,10.501,10.54
20241114190754.7,967.015002295375,60.044,13.71,13.547,13.187,10.521,10.532
20241114190755.2,967.483999952674,60.732,13.718,13.563,13.189,10.515,10.548
20241114190755.7,967.964997142553,61.522,13.72,13.565,13.139,10.495,10.554
20241114190756.1,968.428995832801,62.096,13.714,13.565,13.183,10.513,10.538
20241114190756.6,968.8979934901,62.551,13.728,13.573,13.189,10.509,10.538
20241114190757.1,969.379000738263,63.062,13.726,13.563,13.185,10.503,10.544
20241114190757.6,969.843995198607,63.512,13.747,13.559,13.179,10.526,10.544
20241114190758,970.316000282764,64.007,13.737,13.555,13.161,10.511,10.534
20241114190758.5,970.784997940063,64.581,13.737,13.559,13.173,10.507,10.538
20241114190759,971.250002458692,65.211,13.724,13.557,13.161,10.497,10.54
20241114190759.4,971.721997484565,65.822,13.72,13.573,13.197,10.526,10.528
20241114190759.9,972.187002003193,66.297,13.726,13.565,13.173,10.497,10.532
20241114190800.4,972.655999660492,66.803,13.73,13.563,13.187,10.505,10.544
20241114190800.8,973.124997317791,67.339,13.728,13.541,13.177,10.532,10.544
20241114190801.3,973.59399497509,67.938,13.72,13.551,13.165,10.517,10.548
20241114190801.8,974.057993665338,68.61,13.733,13.573,13.173,10.528,10.548
20241114190802.2,974.52700138092,69.312,13.726,13.555,13.177,10.515,10.546
20241114190802.7,975.0079985708,70.022,13.743,13.557,13.177,10.515,10.546
20241114190803.2,975.492003187537,70.788,13.728,13.557,13.181,10.526,10.544
20241114190803.7,975.961000844836,71.568,13.722,13.551,13.171,10.524,10.538
20241114190804.1,976.429002732038,72.288,13.737,13.567,13.153,10.501,10.542
20241114190804.6,976.893997192383,73.036,13.729,13.565,13.163,10.503,10.542
20241114190805.1,977.362994849682,73.722,13.727,13.543,13.169,10.493,10.538
20241114190805.5,977.82799936831,74.478,13.725,13.561,13.153,10.499,10.548
20241114190806,978.296997025609,75.26,13.725,13.555,13.171,10.511,10.532
20241114190806.5,978.764998912811,76.043,13.725,13.557,13.157,10.507,10.538
20241114190807,979.237999767065,76.833,13.731,13.571,13.171,10.513,10.532
20241114190807.4,979.718996956944,77.561,13.72,13.585,13.177,10.507,10.525
20241114190807.9,980.186998844147,78.275,13.729,13.575,13.169,10.499,10.548
20241114190808.4,980.6599996984,79.121,13.716,13.563,13.165,10.517,10.552
20241114190808.8,981.124994158745,79.802,13.741,13.583,13.165,10.521,10.542
20241114190809.3,981.594001874328,80.479,13.735,13.569,13.173,10.524,10.544
20241114190809.8,982.077996432781,81.254,13.743,13.567,13.167,10.499,10.534
20241114190810.3,982.543000951409,82.039,13.737,13.565,13.163,10.515,10.55
20241114190810.7,983.018999174237,82.968,13.743,13.555,13.179,10.509,10.528
20241114190811.2,983.492000028491,83.893,13.751,13.553,13.159,10.511,10.54
20241114190811.7,983.965000882745,84.688,13.745,13.565,13.165,10.515,10.532
20241114190812.2,984.433002769947,85.423,13.718,13.573,13.171,10.505,10.538
20241114190812.6,984.902000427246,86.28,13.741,13.571,13.167,10.503,10.538
20241114190813.1,985.370998084545,87.162,13.743,13.571,13.171,10.507,10.519
20241114190813.6,985.850999504328,88.05,13.727,13.569,13.185,10.503,10.53
20241114190814,986.319997161627,89.084,13.737,13.569,13.159,10.505,10.542
20241114190814.5,986.785001680255,90.041,13.731,13.563,13.165,10.53,10.534
20241114190815,987.253999337554,91.05,13.727,13.557,13.183,10.511,10.536
20241114190815.4,987.729997560382,92.154,13.735,13.561,13.153,10.507,10.525
20241114190815.9,988.229994848371,93.279,13.721,13.577,13.167,10.509,10.554
20241114190816.4,988.694999366999,94.265,13.735,13.569,13.179,10.477,10.538
20241114190816.9,989.182997122407,95.237,13.739,13.567,13.187,10.497,10.536
20241114190817.4,989.651994779706,96.283,13.741,13.553,13.151,10.491,10.538
20241114190817.9,990.140002593398,97.349,13.733,13.561,13.161,10.501,10.536
20241114190818.3,990.625002980232,98.558,13.757,13.579,13.183,10.505,10.542
20241114190818.8,991.096998006105,99.743,13.723,13.573,13.161,10.487,10.536
20241114190819.3,991.569998860359,100.936,13.723,13.569,13.155,10.485,10.525
20241114190819.8,992.038996517658,102.088,13.753,13.561,13.175,10.507,10.529
20241114190820.2,992.514994740486,103.08,13.723,13.563,13.159,10.499,10.503
20241114190820.7,992.984002456069,104.738,13.723,13.567,13.155,10.497,10.538
20241114190821.2,993.457003310323,106.471,13.725,13.559,13.165,10.495,10.538
20241114190821.7,993.936994671822,107.835,13.737,13.573,13.157,10.489,10.531
20241114190822.1,994.406002387404,109.093,13.721,13.573,13.175,10.499,10.538
20241114190822.6,994.875000044703,110.486,13.747,13.577,13.173,10.493,10.519
20241114190823.1,995.343997702003,111.965,13.733,13.569,13.177,10.505,10.531
20241114190823.5,995.811999589205,113.48,13.753,13.581,13.157,10.503,10.525
20241114190824,996.280997246504,114.966,13.747,13.597,13.169,10.521,10.525
20241114190824.5,996.749994903803,116.334,13.739,13.577,13.169,10.505,10.523
20241114190824.9,997.219002619386,117.802,13.739,13.571,13.159,10.491,10.536
20241114190825.4,997.686994448304,119.304,13.739,13.569,13.179,10.475,10.523
20241114190825.9,998.163998499513,120.693,13.763,13.573,13.171,10.499,10.515
20241114190826.4,998.643999919295,122.175,13.757,13.539,13.171,10.473,10.527
20241114190826.8,999.112997576594,123.546,13.749,13.549,13.165,10.493,10.519
20241114190827.3,999.581995233893,124.795,13.755,13.575,13.155,10.497,10.523
20241114190827.8,1000.05100294948,125.929,13.749,13.557,13.159,10.483,10.507
20241114190828.2,1000.51099844277,127.404,13.743,13.575,13.141,10.481,10.511
20241114190828.7,1000.97999610007,128.953,13.743,13.557,13.163,10.481,10.517
20241114190829.2,1001.44899375737,130.189,13.753,13.581,13.149,10.473,10.515
20241114190829.6,1001.91800147295,131.172,13.745,13.557,13.191,10.483,10.536
20241114190830.1,1002.38999649882,132.179,13.751,13.575,13.153,10.495,10.527
20241114190830.6,1002.85500101745,133.282,13.751,13.581,13.163,10.517,10.523
20241114190831,1003.32399867475,134.523,13.749,13.561,13.167,10.493,10.527
20241114190831.5,1003.79299633205,135.659,13.761,13.559,13.163,10.481,10.531
20241114190832,1004.26099821925,137.026,13.765,13.575,13.171,10.495,10.525
20241114190832.5,1004.73399907351,138.592,13.763,13.565,13.165,10.499,10.54
20241114190832.9,1005.20699992776,140.199,13.763,13.553,13.159,10.481,10.509
20241114190833.4,1005.67899495363,142.262,13.739,13.569,13.173,10.479,10.515
20241114190833.9,1006.14800266922,144.048,13.743,13.555,13.157,10.491,10.511
20241114190834.3,1006.61700032651,145.657,13.749,13.567,13.153,10.479,10.535
20241114190834.8,1007.1169976145,147.329,13.741,13.549,13.161,10.487,10.515
20241114190835.3,1007.5859952718,148.977,13.751,13.573,13.159,10.491,10.517
20241114190835.8,1008.06599669158,151.136,13.737,13.557,13.165,10.477,10.54
20241114190836.3,1008.53100121021,153.261,13.751,13.579,13.177,10.491,10.527
20241114190836.7,1009.00400206447,155.235,13.761,13.551,13.177,10.491,10.521
20241114190837.2,1009.47599709034,157.174,13.753,13.561,13.169,10.507,10.542
20241114190837.7,1009.96099747717,158.95,13.763,13.559,13.171,10.507,10.527
20241114190838.2,1010.43300256133,160.443,13.769,13.545,13.149,10.483,10.529
20241114190838.6,1010.91399975121,162.035,13.759,13.567,13.159,10.489,10.513
20241114190839.1,1011.39400117099,163.436,13.761,13.563,13.153,10.489,10.538
20241114190839.6,1011.86299882829,164.836,13.785,13.527,13.145,10.497,10.529
20241114190840.1,1012.33599968255,166.421,13.787,13.545,13.167,10.497,10.529
20241114190840.5,1012.80799470842,168.134,13.773,13.571,13.155,10.505,10.548
20241114190841,1013.277002424,169.89,13.753,13.561,13.173,10.487,10.538
20241114190841.5,1013.77699971199,171.759,13.783,13.555,13.175,10.487,10.55
20241114190842,1014.24599736929,173.411,13.791,13.561,13.159,10.507,10.538
20241114190842.4,1014.71100188792,175.222,13.775,13.579,13.173,10.505,10.546
20241114190842.9,1015.17899371684,177.471,13.795,13.553,13.173,10.513,10.534
20241114190843.4,1015.64800143242,179.635,13.781,13.575,13.189,10.499,10.517
20241114190843.8,1016.11699908972,181.477,13.791,13.573,13.161,10.499,10.538
20241114190844.3,1016.58599674702,183.143,13.793,13.583,13.155,10.501,10.534
20241114190844.8,1017.05100126565,184.749,13.779,13.567,13.159,10.509,10.534
20241114190845.2,1017.51900315285,186.995,13.791,13.581,13.157,10.517,10.499
20241114190845.7,1018.00000034273,188.92,13.779,13.593,13.175,10.519,10.544
20241114190846.2,1018.48399490118,190.572,13.797,13.583,13.177,10.509,10.554
20241114190846.7,1018.95699575543,192.195,13.789,13.561,13.169,10.491,10.552
20241114190847.1,1019.42600347102,193.725,13.779,13.579,13.185,10.501,10.544
20241114190847.6,1019.89000216126,195.07,13.783,13.573,13.161,10.493,10.521
20241114190848.1,1020.35899981856,196.436,13.797,13.587,13.171,10.505,10.53
20241114190848.6,1020.83200067282,197.972,13.793,13.585,13.167,10.501,10.542
20241114190849,1021.3120020926,199.66,13.783,13.571,13.181,10.507,10.546
20241114190849.5,1021.78500294685,201.101,13.783,13.567,13.161,10.509,10.534
20241114190850,1022.2499974072,202.422,13.785,13.587,13.175,10.507,10.536
20241114190850.4,1022.72999882698,204.073,13.803,13.583,13.155,10.513,10.548
20241114190850.9,1023.19500334561,205.784,13.797,13.583,13.169,10.491,10.538
20241114190851.4,1023.67199733853,207.61,13.805,13.567,13.169,10.489,10.534
20241114190851.9,1024.14400242269,209.297,13.809,13.579,13.173,10.489,10.532
20241114190852.3,1024.60899688303,211.204,13.783,13.573,13.177,10.513,10.532
20241114190852.8,1025.07799454033,213.479,13.807,13.575,13.173,10.481,10.536
20241114190853.3,1025.54700225592,215.501,13.789,13.589,13.161,10.511,10.528
20241114190853.7,1026.01100094616,217.466,13.783,13.591,13.173,10.489,10.54
20241114190854.2,1026.496001333,219.846,13.777,13.597,13.163,10.471,10.519
20241114190854.7,1026.97999589145,222.15,13.783,13.575,13.175,10.471,10.534
20241114190855.2,1027.46499627829,224.215,13.801,13.579,13.147,10.497,10.538
20241114190855.6,1027.92899496853,226.147,13.813,13.585,13.165,10.505,10.53
20241114190856.1,1028.39399948716,228.159,13.801,13.577,13.169,10.505,10.534
20241114190856.6,1028.85899394751,229.889,13.797,13.605,13.177,10.503,10.53
20241114190857,1029.32800166309,231.47,13.824,13.601,13.173,10.493,10.521
20241114190857.5,1029.79699932039,232.903,13.807,13.611,13.179,10.491,10.523
20241114190858,1030.26099801064,234.5,13.799,13.607,13.175,10.487,10.54
20241114190858.4,1030.72999566793,236.281,13.805,13.593,13.183,10.479,10.519
20241114190858.9,1031.21499605477,238.229,13.797,13.577,13.181,10.479,10.513
20241114190859.4,1031.68299794197,240.235,13.803,13.577,13.175,10.473,10.527
20241114190859.9,1032.15199559927,242.059,13.812,13.579,13.167,10.495,10.513
20241114190900.3,1032.62100331485,243.824,13.789,13.583,13.177,10.485,10.499
20241114190900.8,1033.10099467635,245.744,13.805,13.583,13.177,10.487,10.523
20241114190901.3,1033.56599919498,247.897,13.819,13.595,13.185,10.487,10.519
20241114190901.8,1034.05099958181,250.17,13.815,13.589,13.173,10.503,10.53
20241114190902.2,1034.51900146902,252.015,13.824,13.593,13.183,10.485,10.521
20241114190902.7,1034.9999986589,253.539,13.801,13.597,13.181,10.501,10.542
20241114190903.2,1035.46899631619,255.284,13.819,13.595,13.161,10.495,10.534
20241114190903.7,1035.9369982034,257.032,13.815,13.593,13.179,10.489,10.521
20241114190904.1,1036.4059958607,259.037,13.809,13.599,13.155,10.487,10.511
20241114190904.6,1036.87499351799,261.073,13.809,13.585,13.185,10.497,10.534
20241114190905.1,1037.34400123358,262.854,13.812,13.577,13.169,10.487,10.525
20241114190905.5,1037.80799992383,264.924,13.826,13.603,13.173,10.499,10.513
20241114190906,1038.28499391675,266.849,13.824,13.577,13.181,10.491,10.511
20241114190906.5,1038.75400163233,269.023,13.826,13.581,13.169,10.475,10.521
20241114190906.9,1039.22599665821,271.141,13.824,13.575,13.185,10.487,10.525
20241114190907.4,1039.71099704504,273.235,13.822,13.569,13.191,10.489,10.521
20241114190907.9,1040.17899893224,275.122,13.824,13.569,13.177,10.503,10.513
20241114190908.4,1040.64799658954,276.786,13.822,13.579,13.177,10.505,10.503
20241114190908.8,1041.1209974438,278.681,13.818,13.577,13.169,10.483,10.517
20241114190909.3,1041.58999510109,280.661,13.844,13.599,13.169,10.497,10.517
20241114190909.8,1042.0579969883,282.883,13.842,13.593,13.175,10.493,10.523
20241114190910.3,1042.53500103951,285.203,13.858,13.632,13.179,10.507,10.519
20241114190910.7,1043.01099926233,287.66,13.836,13.587,13.179,10.471,10.505
20241114190911.2,1043.48400011659,289.986,13.83,13.589,13.173,10.483,10.523
20241114190911.7,1043.95700097084,292.241,13.842,13.583,13.177,10.495,10.519
20241114190912.2,1044.43299919367,294.666,13.838,13.581,13.153,10.497,10.534
20241114190912.6,1044.91000324488,297.034,13.848,13.597,13.173,10.511,10.538
20241114190913.1,1045.37499770522,299.39,13.846,13.589,13.189,10.501,10.53
20241114190913.6,1045.84399536252,302.543,13.866,13.611,13.189,10.521,10.517
20241114190914,1046.30799405277,305.801,13.842,13.599,13.191,10.499,10.521
20241114190914.5,1046.77700176835,309,13.834,13.611,13.191,10.517,10.528
20241114190915,1047.2609963268,313.856,13.842,13.599,13.173,10.511,10.521
20241114190915.4,1047.72600084543,319.869,13.844,13.619,13.169,10.501,10.534
20241114190915.9,1048.19499850273,328.12,13.85,13.615,13.191,10.497,10.507
20241114190916.4,1048.66399616003,340.276,13.842,13.605,13.183,10.499,10.544
20241114190916.9,1049.13299381733,365.706,13.844,13.628,13.197,10.497,10.534
20241114190917.3,1049.61699843407,428.075,13.846,13.619,13.189,10.509,10.544
20241114190917.8,1050.09699985385,519.435,13.844,13.619,13.195,10.503,10.523
20241114190918.3,1050.5700007081,547.887,13.836,13.595,13.185,10.495,10.544
20241114190918.8,1051.03499516845,369.868,13.852,13.611,13.179,10.495,10.542
20241114190919.2,1051.50400288403,225.36,13.846,13.603,13.193,10.493,10.534
20241114190919.7,1051.98399424553,153.568,13.852,13.622,13.191,10.511,10.538
20241114190920.2,1052.44899876416,110.676,13.852,13.624,13.179,10.503,10.536
20241114190920.6,1052.91799642146,82.878,13.862,13.62,13.177,10.499,10.521
20241114190921.1,1053.38599830866,65.31,13.86,13.603,13.181,10.507,10.54
20241114190921.6,1053.85899916291,52.857,13.868,13.626,13.169,10.499,10.54
20241114190922.1,1054.33200001717,44.083,13.848,13.599,13.179,10.483,10.532
20241114190922.5,1054.80099767447,37.174,13.854,13.599,13.189,10.505,10.536
20241114190923,1055.26899956167,31.958,13.856,13.615,13.183,10.499,10.523
20241114190923.5,1055.73799721897,28.722,13.872,13.617,13.177,10.509,10.521
20241114190923.9,1056.20300173759,26.276,13.858,13.626,13.185,10.487,10.532
20241114190924.4,1056.67199939489,23.745,13.864,13.613,13.183,10.507,10.519
20241114190924.9,1057.1400012821,21.868,13.876,13.624,13.189,10.497,10.534
20241114190925.3,1057.62500166893,20.387,13.852,13.626,13.189,10.503,10.53
20241114190925.8,1058.08999612927,19.215,13.852,13.626,13.171,10.505,10.528
20241114190926.3,1058.56200121343,18.25,13.86,13.609,13.199,10.523,10.528
20241114190926.8,1059.03099887073,17.47,13.876,13.617,13.183,10.489,10.536
20241114190927.2,1059.51100029051,16.767,13.87,13.583,13.185,10.495,10.534
20241114190927.7,1059.99600067735,16.218,13.862,13.609,13.175,10.513,10.534
20241114190928.2,1060.46099513769,15.892,13.876,13.593,13.179,10.491,10.538
20241114190928.7,1060.93300022185,15.638,13.868,13.595,13.177,10.493,10.519
20241114190929.1,1061.40199787915,15.436,13.862,13.605,13.161,10.499,10.523
20241114190929.6,1061.88299506903,15.236,13.872,13.607,13.181,10.505,10.513
20241114190930.1,1062.34699375927,15.052,13.89,13.609,13.183,10.515,10.517
20241114190930.5,1062.81999461353,14.854,13.878,13.601,13.169,10.511,10.54
20241114190931,1063.29299546778,14.739,13.896,13.605,13.157,10.509,10.544
20241114190931.5,1063.76099735498,14.624,13.89,13.603,13.167,10.513,10.532
20241114190932,1064.23399820924,14.531,13.886,13.587,13.157,10.491,10.544
20241114190932.4,1064.70299586654,14.502,13.892,13.581,13.191,10.503,10.544
20241114190932.9,1065.16800038517,14.458,13.88,13.595,13.181,10.499,10.53
20241114190933.4,1065.63600227237,14.42,13.886,13.607,13.165,10.525,10.542
20241114190933.8,1066.10499992967,14.389,13.892,13.579,13.165,10.503,10.542
20241114190934.3,1066.57800078392,14.389,13.9,13.597,13.167,10.517,10.513
20241114190934.8,1067.06199534237,14.355,13.89,13.579,13.195,10.507,10.528
20241114190935.3,1067.54699572921,14.312,13.904,13.587,13.171,10.523,10.54
20241114190935.7,1068.01099441946,14.28,13.89,13.605,13.175,10.513,10.548
20241114190936.2,1068.48000213504,14.27,13.91,13.611,13.189,10.491,10.528
20241114190936.7,1068.94899979234,14.314,13.91,13.605,13.175,10.524,10.548
20241114190937.2,1069.43299435079,14.397,13.92,13.603,13.169,10.511,10.55
20241114190937.6,1069.90200206637,14.427,13.912,13.623,13.187,10.507,10.552
20241114190938.1,1070.37500292063,14.514,13.912,13.619,13.191,10.503,10.558
20241114190938.6,1070.85499428213,14.585,13.888,13.605,13.205,10.521,10.546
20241114190939,1071.32400199771,14.593,13.916,13.625,13.189,10.507,10.56
20241114190939.5,1071.79299965501,14.549,13.91,13.605,13.195,10.495,10.532
20241114190940,1072.26100154221,14.537,13.912,13.589,13.179,10.495,10.544
20241114190940.5,1072.74199873209,14.508,13.908,13.617,13.177,10.521,10.519
20241114190940.9,1073.21099638939,14.454,13.912,13.629,13.199,10.509,10.564
20241114190941.4,1073.67899827659,14.419,13.908,13.623,13.181,10.511,10.55
20241114190941.9,1074.14799593389,14.387,13.939,13.619,13.183,10.509,10.53
20241114190942.3,1074.61699359119,14.391,13.922,13.64,13.183,10.518,10.542
20241114190942.8,1075.09699501097,14.345,13.922,13.631,13.187,10.54,10.562
20241114190943.3,1075.56600272655,14.314,13.924,13.631,13.175,10.517,10.548
20241114190943.8,1076.03500038385,14.298,13.926,13.621,13.171,10.519,10.542
20241114190944.2,1076.50800123811,14.3,13.943,13.625,13.185,10.526,10.546
20241114190944.7,1076.97600312531,14.318,13.918,13.638,13.185,10.521,10.556
20241114190945.2,1077.44899392128,14.314,13.914,13.64,13.183,10.519,10.534
20241114190945.6,1077.92199477553,14.29,13.924,13.625,13.195,10.511,10.517
20241114190946.1,1078.38999666274,14.258,13.93,13.629,13.201,10.515,10.556
20241114190946.6,1078.86299751699,14.248,13.926,13.599,13.179,10.519,10.55
20241114190947.1,1079.34700213373,14.25,13.924,13.63,13.185,10.517,10.54
20241114190947.5,1079.81599979103,14.221,13.92,13.638,13.181,10.517,10.556
20241114190948,1080.28499744833,14.205,13.922,13.63,13.177,10.515,10.54
20241114190948.5,1080.75799830258,14.223,13.922,13.644,13.193,10.507,10.523
20241114190949,1081.24200291932,14.195,13.931,13.609,13.187,10.515,10.534
20241114190949.4,1081.72599747777,14.215,13.918,13.622,13.171,10.509,10.523
20241114190949.9,1082.1910019964,14.211,13.933,13.632,13.187,10.493,10.523
20241114190950.4,1082.66400285065,14.226,13.925,13.642,13.181,10.515,10.536
20241114190950.9,1083.13599787652,14.234,13.937,13.626,13.187,10.519,10.536
20241114190951.3,1083.62099826336,14.262,13.933,13.622,13.191,10.501,10.53
20241114190951.8,1084.08600278199,14.3,13.918,13.624,13.195,10.503,10.53
20241114190952.3,1084.56999734044,14.314,13.953,13.634,13.195,10.495,10.534
20241114190952.8,1085.04299819469,14.31,13.953,13.648,13.193,10.519,10.532
20241114190953.2,1085.51500327885,14.296,13.949,13.628,13.203,10.509,10.528
20241114190953.7,1085.98400093615,14.294,13.955,13.652,13.183,10.497,10.517
20241114190954.2,1086.46099492908,14.278,13.945,13.65,13.193,10.501,10.521
20241114190954.7,1086.94099634886,14.25,13.963,13.644,13.209,10.497,10.538
20241114190955.1,1087.40999400616,14.201,13.973,13.644,13.177,10.499,10.536
20241114190955.6,1087.89399862289,14.234,13.973,13.632,13.175,10.497,10.534
20241114190956.1,1088.36299628019,14.215,13.971,13.632,13.185,10.517,10.517
20241114190956.6,1088.8400003314,14.24,13.959,13.642,13.179,10.521,10.534
20241114190957,1089.3080022186,14.153,13.983,13.632,13.191,10.528,10.54
20241114190957.5,1089.78899940848,14.124,13.995,13.632,13.193,10.505,10.534
20241114190958,1090.27299396694,14.114,13.975,13.625,13.197,10.507,10.542
20241114190958.5,1090.7540012151,14.163,13.991,13.64,13.179,10.501,10.55
20241114190958.9,1091.22599624097,14.165,13.983,13.644,13.179,10.505,10.521
20241114190959.4,1091.71099662781,14.161,13.995,13.654,13.189,10.511,10.536
20241114190959.9,1092.19099804759,14.179,13.993,13.67,13.177,10.515,10.544
20241114191000.4,1092.65999570489,14.191,13.993,13.666,13.191,10.505,10.538
20241114191000.9,1093.14400032163,14.203,13.991,13.676,13.197,10.521,10.546
20241114191001.3,1093.61299797893,14.199,14.007,13.698,13.199,10.542,10.554
20241114191001.8,1094.08199563622,14.13,14.029,13.696,13.193,10.52,10.544
20241114191002.3,1094.54700015485,14.068,14.027,13.682,13.207,10.515,10.54
20241114191002.8,1095.03499791026,14.058,14.013,13.682,13.207,10.507,10.532
20241114191003.2,1095.519002527,14.074,14.021,13.68,13.209,10.528,10.54
20241114191003.7,1096.01499661803,14.102,14.019,13.66,13.197,10.52,10.544
20241114191004.2,1096.48399427533,14.106,14.025,13.672,13.213,10.501,10.55
20241114191004.7,1096.95699512959,14.14,14.023,13.666,13.217,10.515,10.534
20241114191005.2,1097.44099974632,14.163,14.035,13.682,13.221,10.52,10.538
20241114191005.6,1097.9219969362,14.173,14.029,13.69,13.199,10.507,10.54
20241114191006.1,1098.39400202036,14.193,14.019,13.684,13.227,10.518,10.54
20241114191006.6,1098.87499921024,14.197,14.001,13.686,13.213,10.511,10.542
20241114191007.1,1099.34399686754,14.219,14.029,13.698,13.201,10.505,10.554
20241114191007.5,1099.82800148427,14.209,14.031,13.688,13.215,10.518,10.534
20241114191008,1100.29699914157,14.211,14.029,13.684,13.211,10.528,10.548
20241114191008.5,1100.77700056136,14.197,14.013,13.694,13.225,10.507,10.55
20241114191009,1101.25000141561,14.223,14.035,13.708,13.205,10.538,10.55
20241114191009.4,1101.71499587595,14.225,14.023,13.71,13.229,10.501,10.544
20241114191009.9,1102.18700096011,14.223,14.019,13.722,13.237,10.52,10.544
20241114191010.4,1102.67599448562,14.229,14.029,13.712,13.211,10.509,10.552
20241114191010.9,1103.15999910235,14.173,14.023,13.714,13.231,10.52,10.556
20241114191011.4,1103.64000052214,13.949,14.042,13.702,13.231,10.511,10.54
20241114191011.8,1104.10899817944,13.957,14.039,13.698,13.225,10.499,10.558
20241114191012.3,1104.57799583673,13.92,14.04,13.706,13.229,10.522,10.534
20241114191012.8,1105.05099669099,13.957,14.042,13.71,13.227,10.52,10.532
20241114191013.3,1105.53500130773,13.971,14.06,13.698,13.254,10.507,10.548
20241114191013.7,1106.00399896502,13.985,14.042,13.694,13.229,10.536,10.536
20241114191014.2,1106.47200085223,14.042,14.054,13.702,13.227,10.515,10.532
20241114191014.7,1106.94099850953,14.082,14.044,13.684,13.246,10.515,10.542
20241114191015.1,1107.42599889636,14.126,14.068,13.696,13.221,10.513,10.542
20241114191015.6,1107.89400078356,14.118,14.05,13.7,13.239,10.52,10.546
20241114191016.1,1108.35899524391,14.138,14.068,13.71,13.239,10.52,10.552
20241114191016.6,1108.83199609816,14.104,14.072,13.714,13.231,10.511,10.546
20241114191017,1109.30099375546,14.074,14.064,13.704,13.235,10.509,10.542
20241114191017.5,1109.76899564266,14.108,14.078,13.71,13.229,10.509,10.524
20241114191018,1110.23800335824,14.155,14.072,13.745,13.239,10.532,10.54
20241114191018.4,1110.72600111365,14.187,14.066,13.755,13.235,10.511,10.532
20241114191018.9,1111.19499877095,14.241,14.094,13.728,13.235,10.518,10.534
20241114191019.4,1111.67899332941,14.318,14.082,13.741,13.237,10.515,10.544
20241114191019.9,1112.15599738061,14.367,14.078,13.738,13.235,10.511,10.542
20241114191020.3,1112.62899823487,14.413,14.092,13.724,13.25,10.524,10.548
20241114191020.8,1113.10899965465,14.417,14.078,13.751,13.254,10.52,10.548
20241114191021.3,1113.57799731195,14.427,14.076,13.726,13.229,10.512,10.545
20241114191021.8,1114.04699496925,14.42,14.085,13.743,13.253,10.521,10.559
20241114191022.3,1114.53099958599,14.412,14.085,13.725,13.275,10.523,10.542
20241114191022.7,1114.99599404633,14.413,14.1,13.736,13.239,10.515,10.54
20241114191023.2,1115.46899490058,14.415,14.096,13.722,13.246,10.513,10.538
20241114191023.7,1115.93299359083,14.421,14.1,13.718,13.252,10.513,10.532
20241114191024.1,1116.41799397767,14.441,14.112,13.724,13.227,10.501,10.55
20241114191024.6,1116.89799539745,14.452,14.112,13.72,13.219,10.499,10.524
20241114191025.1,1117.3709962517,14.492,14.094,13.72,13.231,10.485,10.534
20241114191025.6,1117.85099767148,14.561,14.094,13.722,13.244,10.497,10.542
20241114191026,1118.31999532878,14.613,14.118,13.722,13.246,10.515,10.554
20241114191026.5,1118.79299618304,14.656,14.112,13.726,13.235,10.52,10.546
20241114191027,1119.28099393845,14.627,14.106,13.726,13.252,10.497,10.538
20241114191027.5,1119.76099535823,14.617,14.128,13.751,13.248,10.515,10.548
20241114191027.9,1120.23000307381,14.595,14.124,13.753,13.246,10.505,10.538
20241114191028.4,1120.70699706674,14.579,14.124,13.739,13.242,10.501,10.54
20241114191028.9,1121.19100168347,14.52,14.11,13.736,13.244,10.509,10.536
20241114191029.4,1121.65999934077,14.466,14.118,13.728,13.254,10.505,10.55
20241114191029.9,1122.14000076056,14.421,14.116,13.71,13.229,10.493,10.546
20241114191030.3,1122.60899841785,14.377,14.116,13.69,13.235,10.493,10.53
20241114191030.8,1123.08999560773,14.357,14.14,13.704,13.24,10.487,10.526
20241114191031.3,1123.57400022447,14.324,14.118,13.688,13.244,10.511,10.526
20241114191031.8,1124.04299788177,14.328,14.126,13.674,13.238,10.479,10.544
20241114191032.2,1124.52299930155,14.345,14.118,13.69,13.236,10.509,10.521
20241114191032.7,1125.00000335276,14.373,14.137,13.698,13.215,10.507,10.54
20241114191033.2,1125.46900101006,14.395,14.114,13.686,13.229,10.507,10.54
20241114191033.7,1125.94900242984,14.427,14.112,13.698,13.217,10.501,10.532
20241114191034.1,1126.41800008714,14.417,14.124,13.68,13.223,10.495,10.534
20241114191034.6,1126.88600197434,14.454,14.126,13.69,13.242,10.481,10.513
20241114191035.1,1127.35499963164,14.474,14.122,13.706,13.242,10.507,10.53
20241114191035.5,1127.82399728894,14.524,14.124,13.702,13.246,10.499,10.558
20241114191036,1128.29299494624,14.557,14.128,13.7,13.239,10.503,10.544
20241114191036.5,1128.76099683344,14.595,14.124,13.726,13.244,10.52,10.552
20241114191037,1129.25000041723,14.629,14.124,13.72,13.24,10.493,10.556
20241114191037.4,1129.73000183702,14.658,14.134,13.72,13.233,10.505,10.544
20241114191037.9,1130.21099902689,14.656,14.141,13.71,13.239,10.503,10.544
20241114191038.4,1130.6989967823,14.609,14.122,13.678,13.227,10.497,10.53
20241114191038.9,1131.18300139904,14.559,14.12,13.686,13.231,10.503,10.534
20241114191039.4,1131.66399858892,14.458,14.118,13.69,13.221,10.515,10.524
20241114191039.9,1132.13299624622,14.363,14.106,13.69,13.219,10.491,10.534
20241114191040.3,1132.60099813342,14.365,14.137,13.694,13.223,10.509,10.534
20241114191040.8,1133.0819953233,14.337,14.143,13.678,13.231,10.495,10.53
20241114191041.3,1133.56599994004,14.282,14.104,13.684,13.217,10.489,10.519
20241114191041.8,1134.03499759734,14.248,14.147,13.688,13.223,10.491,10.53
20241114191042.2,1134.50799845159,14.242,14.126,13.676,13.221,10.491,10.526
20241114191042.7,1134.97199714184,14.26,14.147,13.678,13.227,10.501,10.548
20241114191043.2,1135.44099479914,14.244,14.138,13.716,13.24,10.499,10.53
20241114191043.6,1135.92599518597,14.221,14.159,13.696,13.233,10.518,10.542
20241114191044.1,1136.39399707317,14.205,14.151,13.686,13.237,10.501,10.54
20241114191044.6,1136.89399436116,14.185,14.159,13.684,13.225,10.487,10.534
20241114191045.1,1137.36699521542,14.185,14.141,13.672,13.229,10.503,10.544
20241114191045.6,1137.85099983215,14.217,14.143,13.674,13.233,10.509,10.536
20241114191046,1138.3159942925,14.221,14.122,13.682,13.231,10.491,10.534
20241114191046.5,1138.80099467933,14.242,14.141,13.69,13.215,10.495,10.55
20241114191047,1139.28499929607,14.282,14.149,13.69,13.239,10.509,10.542
20241114191047.5,1139.75399695337,14.268,14.169,13.708,13.231,10.503,10.536
20241114191048,1140.23399837315,14.286,14.14,13.706,13.264,10.491,10.524
20241114191048.4,1140.7069992274,14.29,14.157,13.724,13.235,10.503,10.542
20241114191048.9,1141.17899425328,14.308,14.159,13.738,13.256,10.497,10.54
20241114191049.4,1141.66399464011,14.338,14.149,13.704,13.242,10.507,10.542
20241114191049.9,1142.13599972427,14.351,14.156,13.705,13.24,10.51,10.539
20241114191050.3,1142.60099418461,14.343,14.176,13.697,13.247,10.519,10.549
20241114191050.8,1143.0700019002,14.35,14.176,13.697,13.257,10.508,10.557
20241114191051.3,1143.55399645865,14.354,14.172,13.699,13.259,10.515,10.545
20241114191051.8,1144.03899684548,14.368,14.174,13.721,13.261,10.508,10.541
20241114191052.2,1144.50400136411,14.356,14.16,13.735,13.224,10.504,10.541
20241114191052.7,1144.97200325131,14.354,14.16,13.737,13.249,10.494,10.553
20241114191053.2,1145.44100090861,14.337,14.162,13.719,13.255,10.498,10.547
20241114191053.6,1145.91400176287,14.303,14.154,13.713,13.257,10.504,10.533
20241114191054.1,1146.38599678874,14.246,14.204,13.717,13.253,10.525,10.553
20241114191054.6,1146.85899764299,14.188,14.174,13.711,13.257,10.504,10.533
20241114191055.1,1147.3360016942,14.184,14.172,13.721,13.255,10.519,10.533
20241114191055.5,1147.80799672008,14.131,14.18,13.713,13.261,10.5,10.549
20241114191056,1148.29299710691,14.089,14.178,13.729,13.24,10.502,10.539
20241114191056.5,1148.76500219107,14.105,14.186,13.725,13.25,10.521,10.543
20241114191057,1149.2500025779,14.105,14.202,13.719,13.263,10.509,10.559
20241114191057.4,1149.7190002352,14.038,14.176,13.737,13.263,10.517,10.549
20241114191057.9,1150.1870021224,14.063,14.202,13.733,13.258,10.541,10.555
20241114191058.4,1150.68699941039,14.101,14.178,13.701,13.24,10.517,10.533
20241114191058.9,1151.15599706769,14.147,14.19,13.725,13.238,10.525,10.549
20241114191059.4,1151.65200121701,14.133,14.2,13.708,13.235,10.499,10.542
20241114191059.8,1152.12099887431,14.124,14.185,13.716,13.258,10.52,10.532
20241114191100.3,1152.59399972856,14.149,14.177,13.728,13.239,10.496,10.545
20241114191100.8,1153.05799841881,14.093,14.196,13.721,13.24,10.512,10.537
20241114191101.3,1153.54299880564,14.048,14.182,13.701,13.242,10.504,10.559
20241114191101.7,1154.01100069284,14.042,14.175,13.716,13.24,10.507,10.536
20241114191102.2,1154.4840015471,14.039,14.185,13.718,13.239,10.515,10.54
20241114191102.7,1154.95700240135,14.007,14.175,13.686,13.24,10.524,10.53
20241114191103.2,1155.44099695981,13.993,14.183,13.716,13.233,10.507,10.54
20241114191103.6,1155.92599734664,14.001,14.185,13.706,13.24,10.509,10.528
20241114191104.1,1156.41000196338,14.035,14.185,13.698,13.239,10.497,10.544
20241114191104.6,1156.90599605441,14.078,14.191,13.708,13.244,10.523,10.551
20241114191105.1,1157.37899690866,14.095,14.198,13.717,13.259,10.527,10.537
20241114191105.6,1157.85899832845,14.085,14.204,13.717,13.238,10.521,10.551
20241114191106.1,1158.35899561644,14.115,14.19,13.725,13.246,10.517,10.553
20241114191106.6,1158.8400028646,14.15,14.208,13.729,13.247,10.49,10.537
20241114191107,1159.30799469352,14.214,14.194,13.723,13.261,10.519,10.553
20241114191107.5,1159.79299508035,14.168,14.21,13.707,13.249,10.508,10.535
20241114191108,1160.27699969709,14.129,14.199,13.718,13.254,10.503,10.546
20241114191108.5,1160.74199415743,14.088,14.205,13.718,13.242,10.497,10.554
20241114191108.9,1161.21499501169,14.062,14.193,13.712,13.231,10.507,10.526
20241114191109.4,1161.67899370193,14.078,14.211,13.706,13.26,10.522,10.546
20241114191109.9,1162.15199455619,14.06,14.187,13.722,13.248,10.503,10.546
20241114191110.3,1162.6289986074,14.074,14.193,13.69,13.235,10.52,10.532
20241114191110.8,1163.11300322413,14.05,14.197,13.696,13.233,10.509,10.564
20241114191111.3,1163.5859940201,14.042,14.207,13.7,13.233,10.485,10.55
20241114191111.8,1164.05799910426,14.033,14.207,13.698,13.235,10.509,10.54
20241114191112.2,1164.52699676156,14.003,14.223,13.684,13.229,10.524,10.544
20241114191112.7,1165.00799395144,13.971,14.221,13.72,13.229,10.511,10.546
20241114191113.2,1165.49199856818,13.94,14.199,13.72,13.221,10.511,10.544
20241114191113.7,1165.96499942243,13.906,14.215,13.71,13.239,10.501,10.538
20241114191114.2,1166.44099764526,13.902,14.213,13.696,13.254,10.497,10.538
20241114191114.6,1166.92599803209,13.88,14.201,13.714,13.242,10.491,10.526
20241114191115.1,1167.38999672234,13.906,14.213,13.694,13.233,10.515,10.544
20241114191115.6,1167.85899437964,13.922,14.237,13.71,13.248,10.509,10.538
20241114191116.1,1168.34399476647,13.916,14.203,13.702,13.24,10.503,10.532
20241114191116.5,1168.81599985063,13.924,14.233,13.708,13.227,10.52,10.546
20241114191117.1,1169.33199986815,13.949,14.225,13.716,13.231,10.522,10.546
20241114191117.5,1169.81599442661,13.949,14.221,13.698,13.225,10.493,10.538
20241114191118,1170.29700167477,13.993,14.213,13.708,13.211,10.491,10.542
20241114191118.5,1170.78099623322,14.098,14.225,13.704,13.213,10.491,10.536
20241114191119,1171.25399708748,14.187,14.231,13.698,13.232,10.505,10.536
20241114191119.5,1171.73800170422,14.24,14.233,13.698,13.248,10.507,10.526
20241114191119.9,1172.20699936152,14.288,14.248,13.696,13.211,10.501,10.54
20241114191120.4,1172.6870007813,14.31,14.221,13.692,13.236,10.507,10.55
20241114191120.9,1173.1559984386,14.308,14.248,13.71,13.219,10.52,10.546
20241114191121.4,1173.65200258791,14.316,14.235,13.702,13.24,10.493,10.542
20241114191121.8,1174.12899658084,14.347,14.235,13.702,13.231,10.513,10.548
20241114191122.3,1174.62500073016,14.351,14.235,13.706,13.235,10.497,10.534
20241114191122.8,1175.09399838746,14.318,14.254,13.712,13.235,10.509,10.54
20241114191123.3,1175.57800300419,14.248,14.231,13.708,13.233,10.52,10.564
20241114191123.8,1176.04700066149,14.256,14.252,13.7,13.227,10.513,10.532
20241114191124.2,1176.52700208127,14.239,14.252,13.71,13.239,10.511,10.54
20241114191124.7,1177.02299617231,14.248,14.239,13.732,13.223,10.508,10.563
20241114191125.2,1177.49599702656,14.255,14.249,13.711,13.242,10.51,10.579
20241114191125.7,1177.96899788082,14.22,14.267,13.713,13.23,10.521,10.561
20241114191126.2,1178.43699976802,14.194,14.263,13.715,13.253,10.527,10.545
20241114191126.6,1178.91000062227,14.166,14.253,13.711,13.23,10.523,10.563
20241114191127.1,1179.38300147653,14.168,14.267,13.695,13.247,10.527,10.547
20241114191127.6,1179.85100336373,14.135,14.257,13.729,13.234,10.523,10.563
20241114191128,1180.32000102103,14.196,14.259,13.723,13.255,10.515,10.557
20241114191128.5,1180.79300187528,14.186,14.265,13.745,13.251,10.523,10.547
20241114191129,1181.27699643373,14.194,14.273,13.729,13.257,10.519,10.557
20241114191129.5,1181.75799362361,14.226,14.259,13.723,13.246,10.517,10.569
20241114191130,1182.2379950434,14.236,14.249,13.723,13.24,10.527,10.541
20241114191130.4,1182.71900229156,14.248,14.263,13.735,13.25,10.527,10.547
20241114191130.9,1183.18699412048,14.242,14.271,13.725,13.244,10.515,10.559
20241114191131.4,1183.65999497473,14.254,14.287,13.735,13.258,10.535,10.555
20241114191131.9,1184.14399959147,14.222,14.273,13.715,13.254,10.521,10.555
20241114191132.3,1184.61299724877,14.153,14.283,13.723,13.236,10.533,10.543
20241114191132.8,1185.08199490607,14.101,14.265,13.723,13.248,10.519,10.561
20241114191133.3,1185.56599952281,14.069,14.287,13.717,13.256,10.492,10.541
20241114191133.8,1186.04699671268,14.048,14.289,13.739,13.234,10.523,10.541
20241114191134.2,1186.51499859989,14.065,14.277,13.719,13.238,10.531,10.537
20241114191134.7,1186.98799945414,14.105,14.297,13.717,13.261,10.525,10.549
20241114191135.2,1187.46100030839,14.103,14.283,13.727,13.261,10.515,10.575
20241114191135.7,1187.95300126076,14.115,14.285,13.703,13.247,10.519,10.559
20241114191136.2,1188.45299854875,14.091,14.293,13.715,13.238,10.531,10.549
20241114191136.7,1188.93299996853,14.103,14.285,13.715,13.238,10.498,10.533
20241114191137.1,1189.41800035536,14.071,14.297,13.711,13.242,10.519,10.555
20241114191137.6,1189.89800177515,14.053,14.277,13.723,13.238,10.519,10.543
20241114191138.1,1190.39000272751,14.038,14.291,13.717,13.249,10.515,10.547
20241114191138.6,1190.87099991739,14.055,14.301,13.701,13.236,10.508,10.535
20241114191139.1,1191.33999757469,14.071,14.295,13.701,13.261,10.512,10.543
20241114191139.5,1191.81200265884,14.077,14.297,13.705,13.253,10.508,10.549
20241114191140,1192.28499345481,14.053,14.297,13.737,13.24,10.521,10.529
20241114191140.5,1192.75799430907,14.028,14.305,13.721,13.249,10.523,10.545
20241114191140.9,1193.22999939322,14.034,14.289,13.729,13.247,10.51,10.559
20241114191141.4,1193.70300024748,14.018,14.313,13.719,13.247,10.515,10.553
20241114191141.9,1194.17199790478,13.968,14.299,13.745,13.226,10.496,10.547
20241114191142.4,1194.64400298893,13.941,14.313,13.731,13.242,10.508,10.537
20241114191142.8,1195.11300064623,13.893,14.319,13.737,13.238,10.519,10.545
20241114191143.3,1195.58199830353,13.87,14.292,13.728,13.248,10.499,10.548
20241114191143.8,1196.06600292027,13.922,14.316,13.724,13.25,10.493,10.528
20241114191144.3,1196.5510033071,13.985,14.314,13.722,13.233,10.509,10.544
20241114191144.8,1197.0309946686,13.969,14.326,13.706,13.242,10.505,10.548
20241114191145.2,1197.51499928534,13.963,14.314,13.729,13.228,10.51,10.549
20241114191145.7,1197.98399694264,14.022,14.311,13.731,13.236,10.512,10.539
20241114191146.2,1198.46499413252,14.101,14.343,13.719,13.232,10.502,10.549
20241114191146.7,1198.95300194621,14.137,14.333,13.733,13.253,10.523,10.551
20241114191147.2,1199.43299330771,14.196,14.327,13.723,13.24,10.506,10.543
20241114191147.6,1199.91799369454,14.265,14.329,13.715,13.244,10.504,10.553
20241114191148.1,1200.38599558175,14.202,14.337,13.725,13.246,10.519,10.557
20241114191148.6,1200.87099596858,14.184,14.347,13.735,13.234,10.517,10.567
20241114191149.1,1201.34699419141,14.17,14.345,13.723,13.244,10.496,10.543
20241114191149.6,1201.83199457824,14.153,14.33,13.718,13.229,10.515,10.55
20241114191150,1202.31599919498,14.153,14.338,13.71,13.221,10.513,10.544
20241114191150.5,1202.80099958181,14.157,14.336,13.726,13.248,10.497,10.544
20241114191151,1203.26900146902,14.09,14.326,13.708,13.24,10.505,10.526
20241114191151.5,1203.75400185585,14.05,14.343,13.709,13.244,10.517,10.563
20241114191151.9,1204.22599688172,14.046,14.345,13.725,13.247,10.517,10.569
20241114191152.4,1204.7069940716,13.984,14.352,13.721,13.222,10.51,10.557
20241114191152.9,1205.18699549139,13.978,14.354,13.737,13.23,10.504,10.535
20241114191153.4,1205.66399954259,14.042,14.354,13.705,13.234,10.51,10.535
20241114191153.9,1206.14799410105,14.067,14.345,13.731,13.238,10.506,10.551
20241114191154.4,1206.63299448788,14.077,14.347,13.723,13.24,10.502,10.549
20241114191154.8,1207.11299590766,14.105,14.354,13.723,13.238,10.515,10.551
20241114191155.3,1207.58199356496,14.109,14.337,13.739,13.247,10.529,10.533
20241114191155.8,1208.07000137866,14.111,14.349,13.743,13.244,10.523,10.537
20241114191156.3,1208.53899903595,14.109,14.36,13.725,13.242,10.515,10.537
20241114191156.7,1209.02299359441,14.107,14.37,13.747,13.246,10.504,10.547
20241114191157.2,1209.50799398124,14.103,14.358,13.723,13.24,10.531,10.551
20241114191157.7,1209.98799540102,14.133,14.35,13.737,13.212,10.529,10.561
20241114191158.2,1210.45700311661,14.186,14.364,13.758,13.246,10.498,10.543
20241114191158.6,1210.92600077391,14.202,14.398,13.77,13.234,10.502,10.567
20241114191159.1,1211.40999533236,14.21,14.382,13.776,13.249,10.527,10.533
20241114191159.6,1211.8939999491,14.249,14.37,13.756,13.253,10.51,10.551
20241114191200.1,1212.37499713898,14.275,14.382,13.784,13.244,10.512,10.547
20241114191200.6,1212.84399479628,14.305,14.39,13.766,13.253,10.517,10.543
20241114191201,1213.31599988043,14.323,14.376,13.749,13.259,10.504,10.543
20241114191201.5,1213.79699707031,14.329,14.39,13.77,13.244,10.519,10.539
20241114191202,1214.26900215447,14.339,14.412,13.778,13.256,10.517,10.547
20241114191202.5,1214.7540025413,14.408,14.408,13.768,13.273,10.513,10.543
20241114191203,1215.23799709976,14.366,14.414,13.78,13.246,10.512,10.537
20241114191203.4,1215.71899428964,14.343,14.432,13.774,13.244,10.515,10.553
20241114191203.9,1216.20700210333,14.305,14.416,13.79,13.253,10.515,10.541
20241114191204.4,1216.68699346483,14.285,14.402,13.776,13.263,10.521,10.551
20241114191204.9,1217.17199385166,14.273,14.422,13.776,13.249,10.525,10.531
20241114191205.4,1217.64399893582,14.248,14.446,13.784,13.247,10.525,10.551
20241114191205.9,1218.14799942076,14.184,14.438,13.786,13.261,10.504,10.529
20241114191206.4,1218.6329998076,14.148,14.438,13.786,13.255,10.512,10.547
20241114191206.8,1219.120997563,14.107,14.432,13.812,13.251,10.519,10.547
20241114191207.3,1219.60500217974,14.147,14.446,13.778,13.257,10.515,10.537
20241114191207.8,1220.08599936962,14.147,14.44,13.8,13.269,10.506,10.551
20241114191208.3,1220.56999392807,14.184,14.473,13.816,13.25,10.511,10.533
20241114191208.8,1221.05399854481,14.21,14.454,13.82,13.301,10.529,10.547
20241114191209.3,1221.53499573469,14.238,14.473,13.818,13.287,10.519,10.551
20241114191209.7,1222.01900035143,14.242,14.479,13.802,13.287,10.531,10.553
20241114191210.2,1222.50400073826,14.279,14.469,13.792,13.275,10.5,10.565
20241114191210.7,1222.98799529672,14.26,14.483,13.814,13.263,10.537,10.549
20241114191211.2,1223.46499934793,14.287,14.471,13.816,13.283,10.537,10.545
20241114191211.7,1223.93300123513,14.295,14.493,13.818,13.303,10.517,10.549
20241114191212.1,1224.42199476063,14.311,14.477,13.806,13.281,10.509,10.557
20241114191212.6,1224.90599937737,14.317,14.479,13.792,13.297,10.513,10.543
20241114191213.1,1225.38999393582,14.299,14.483,13.794,13.281,10.519,10.557
20241114191213.6,1225.87100118399,14.277,14.485,13.78,13.287,10.531,10.543
20241114191214.1,1226.35499574244,14.143,14.487,13.786,13.283,10.519,10.547
20241114191214.5,1226.82799659669,14.081,14.487,13.788,13.281,10.513,10.535
20241114191215,1227.30799801648,13.968,14.465,13.794,13.273,10.494,10.539
20241114191215.5,1227.79299840331,13.964,14.507,13.776,13.293,10.517,10.569
20241114191216,1228.27700302005,14.024,14.485,13.798,13.277,10.533,10.551
20241114191216.5,1228.7609975785,14.056,14.487,13.78,13.279,10.523,10.551
20241114191216.9,1229.2299952358,14.097,14.483,13.798,13.267,10.517,10.537
20241114191217.4,1229.73000258207,14.115,14.491,13.802,13.275,10.519,10.531
20241114191217.9,1230.19900023937,14.113,14.503,13.774,13.275,10.513,10.553
20241114191218.4,1230.68699799478,14.127,14.481,13.778,13.275,10.529,10.545
20241114191218.9,1231.17199838161,14.178,14.489,13.8,13.293,10.519,10.567
20241114191219.4,1231.65999613702,14.19,14.493,13.778,13.26,10.527,10.537
20241114191219.9,1232.13999755681,14.212,14.513,13.759,13.279,10.523,10.563
20241114191220.3,1232.62499794364,14.256,14.507,13.76,13.287,10.509,10.559
20241114191220.8,1233.11299569905,14.275,14.511,13.772,13.269,10.529,10.553
20241114191221.3,1233.58999975026,14.325,14.517,13.79,13.281,10.507,10.549
20241114191221.8,1234.07399430871,14.317,14.503,13.774,13.285,10.515,10.549
20241114191222.3,1234.55799892545,14.265,14.511,13.79,13.287,10.519,10.559
20241114191222.7,1235.02699658275,14.248,14.513,13.786,13.275,10.527,10.549
20241114191223.2,1235.51100119948,14.166,14.501,13.768,13.277,10.509,10.555
20241114191223.7,1235.99600158632,14.024,14.521,13.784,13.271,10.521,10.549
20241114191224.2,1236.46499924362,13.931,14.523,13.776,13.283,10.523,10.543
20241114191224.7,1236.94899380207,13.82,14.505,13.764,13.267,10.515,10.551
20241114191225.2,1237.45299428701,13.729,14.505,13.768,13.269,10.521,10.563
20241114191225.7,1237.9329957068,13.693,14.493,13.766,13.271,10.523,10.567
20241114191226.2,1238.43699619174,13.689,14.517,13.778,13.261,10.509,10.551
20241114191226.6,1238.91799338162,13.663,14.517,13.772,13.279,10.527,10.537
20241114191227.1,1239.40199799836,13.691,14.525,13.776,13.269,10.519,10.559
20241114191227.6,1239.88999575377,13.669,14.521,13.764,13.269,10.511,10.547
20241114191228.1,1240.39000310004,13.63,14.525,13.766,13.25,10.521,10.551
20241114191228.6,1240.85900075734,13.687,14.545,13.766,13.265,10.513,10.527
20241114191229,1241.32799841464,13.703,14.533,13.77,13.277,10.504,10.549
20241114191229.5,1241.80099926889,13.653,14.527,13.762,13.259,10.492,10.541
20241114191230,1242.26900115609,13.671,14.517,13.774,13.261,10.498,10.555
20241114191230.5,1242.7579946816,13.661,14.531,13.76,13.257,10.502,10.543
20241114191230.9,1243.2259965688,13.697,14.519,13.772,13.253,10.517,10.545
20241114191231.4,1243.70300062001,13.723,14.543,13.755,13.277,10.517,10.537
20241114191231.9,1244.19099837542,13.759,14.551,13.772,13.254,10.507,10.541
20241114191232.4,1244.67599876225,13.792,14.557,13.778,13.253,10.496,10.539
20241114191232.9,1245.17200291157,13.79,14.533,13.766,13.246,10.508,10.529
20241114191233.4,1245.65599747002,13.8,14.521,13.768,13.251,10.496,10.549
20241114191233.9,1246.14000208676,13.79,14.543,13.776,13.255,10.529,10.512
20241114191234.3,1246.62500247359,13.794,14.545,13.754,13.257,10.494,10.541
20241114191234.8,1247.10899703205,13.816,14.525,13.784,13.257,10.508,10.561
20241114191235.3,1247.58999422193,13.849,14.547,13.745,13.251,10.512,10.531
20241114191235.8,1248.07800203562,13.84,14.519,13.76,13.24,10.51,10.525
20241114191236.3,1248.54699969292,13.818,14.541,13.788,13.251,10.512,10.555
20241114191236.8,1249.03499744833,13.772,14.537,13.774,13.253,10.517,10.525
20241114191237.2,1249.51900206506,13.81,14.56,13.752,13.251,10.504,10.541
20241114191237.7,1250.01899935305,13.756,14.552,13.745,13.247,10.48,10.533
20241114191238.2,1250.50399973989,13.764,14.539,13.766,13.238,10.51,10.545
20241114191238.7,1250.98400115967,13.703,14.556,13.758,13.253,10.492,10.547
20241114191239.2,1251.4690015465,13.703,14.537,13.758,13.257,10.506,10.547
20241114191239.7,1251.95299610496,13.719,14.552,13.758,13.255,10.494,10.551
20241114191240.2,1252.43299752474,13.774,14.562,13.759,13.271,10.507,10.531
20241114191240.6,1252.91799791157,13.792,14.58,13.768,13.258,10.515,10.535
20241114191241.1,1253.41799519956,13.753,14.578,13.757,13.25,10.519,10.547
20241114191241.6,1253.89799661934,13.81,14.582,13.772,13.258,10.504,10.545
20241114191242.1,1254.38599437475,13.838,14.572,13.782,13.254,10.511,10.531
20241114191242.6,1254.86700162292,13.834,14.58,13.784,13.26,10.519,10.551
20241114191243.1,1255.35099618137,13.875,14.555,13.772,13.254,10.504,10.539
20241114191243.5,1255.82399703562,13.875,14.59,13.786,13.242,10.527,10.529
20241114191244,1256.30399845541,13.871,14.592,13.78,13.258,10.513,10.555
20241114191244.5,1256.80799894035,13.858,14.59,13.762,13.256,10.49,10.545
20241114191245,1257.29299932718,13.905,14.594,13.774,13.281,10.509,10.561
20241114191245.5,1257.77699388564,13.937,14.588,13.796,13.264,10.531,10.557
20241114191246,1258.2580011338,13.976,14.616,13.786,13.285,10.535,10.537
20241114191246.5,1258.74199569225,13.955,14.616,13.786,13.268,10.515,10.563
20241114191246.9,1259.21499654651,13.921,14.616,13.798,13.268,10.525,10.551
20241114191247.4,1259.68700163066,13.915,14.618,13.79,13.289,10.541,10.551
20241114191247.9,1260.16799882054,13.996,14.62,13.786,13.279,10.515,10.569
20241114191248.4,1260.64800024033,14.099,14.614,13.804,13.279,10.517,10.553
20241114191248.8,1261.12100109458,14.19,14.64,13.808,13.277,10.515,10.547
20241114191249.3,1261.60100251436,14.214,14.63,13.792,13.299,10.527,10.543
20241114191249.8,1262.0860029012,14.23,14.628,13.822,13.281,10.515,10.547
20241114191250.3,1262.56999745965,14.254,14.632,13.776,13.269,10.515,10.541
20241114191250.8,1263.05400207639,14.248,14.646,13.796,13.265,10.515,10.553
20241114191251.3,1263.53499926627,14.265,14.628,13.802,13.287,10.511,10.535
20241114191251.7,1264.01899382472,14.291,14.622,13.786,13.26,10.498,10.539
20241114191252.2,1264.50399421155,14.309,14.618,13.808,13.273,10.527,10.549
20241114191252.7,1264.99999836087,14.307,14.638,13.796,13.275,10.507,10.545
20241114191253.2,1265.48400297761,14.293,14.622,13.79,13.265,10.527,10.545
20241114191253.7,1265.95699377358,14.242,14.644,13.778,13.265,10.498,10.547
20241114191254.2,1266.43300205469,14.236,14.65,13.784,13.244,10.519,10.543
20241114191254.6,1266.90600290895,14.269,14.634,13.786,13.265,10.513,10.537
20241114191255.1,1267.3899974674,14.277,14.638,13.784,13.273,10.519,10.535
20241114191255.6,1267.87499785423,14.273,14.636,13.794,13.275,10.519,10.555
20241114191256.1,1268.35499927402,14.216,14.636,13.782,13.263,10.529,10.539
20241114191256.6,1268.83200332522,14.198,14.656,13.78,13.265,10.525,10.547
20241114191257,1269.31599788368,14.17,14.654,13.794,13.267,10.529,10.549
20241114191257.5,1269.79300193489,14.216,14.654,13.804,13.273,10.511,10.551
20241114191258,1270.27699649334,14.252,14.685,13.8,13.265,10.502,10.565
20241114191258.5,1270.76100111008,14.301,14.652,13.8,13.254,10.498,10.537
20241114191259,1271.24600149691,14.392,14.691,13.8,13.26,10.507,10.531
20241114191259.4,1271.72600291669,14.422,14.679,13.8,13.26,10.521,10.551
20241114191259.9,1272.2149964422,14.501,14.675,13.816,13.277,10.502,10.529
20241114191300.4,1272.69099466503,14.557,14.675,13.822,13.261,10.494,10.549
20241114191300.9,1273.17599505186,14.59,14.685,13.848,13.269,10.523,10.561
20241114191301.4,1273.6599996686,14.592,14.699,13.828,13.279,10.511,10.545
20241114191301.9,1274.14399422705,14.602,14.693,13.818,13.265,10.511,10.539
20241114191302.4,1274.63299781084,14.57,14.711,13.814,13.281,10.504,10.543
20241114191302.8,1275.10099969804,14.576,14.713,13.804,13.277,10.509,10.549
20241114191303.3,1275.5740005523,14.568,14.691,13.822,13.277,10.519,10.547
20241114191303.8,1276.05799511075,14.58,14.711,13.82,13.279,10.519,10.547
20241114191304.3,1276.53900235891,14.561,14.721,13.8,13.261,10.527,10.539
20241114191304.7,1277.02299691737,14.549,14.719,13.814,13.265,10.509,10.551
20241114191305.2,1277.49199457467,14.559,14.721,13.808,13.279,10.504,10.557
20241114191305.7,1277.96499542892,14.537,14.721,13.83,13.285,10.507,10.551
20241114191306.2,1278.44900004566,14.499,14.723,13.808,13.273,10.513,10.537
20241114191306.6,1278.91799770296,14.489,14.719,13.822,13.277,10.509,10.555
20241114191307.1,1279.40200231969,14.463,14.727,13.786,13.289,10.508,10.529
20241114191307.6,1279.8900000751,14.477,14.729,13.802,13.269,10.49,10.525
20241114191308.1,1280.37899360061,14.505,14.729,13.818,13.275,10.506,10.541
20241114191308.6,1280.85899502039,14.545,14.717,13.802,13.287,10.504,10.541
20241114191309.1,1281.34399540722,14.552,14.758,13.804,13.279,10.494,10.537
20241114191309.6,1281.83200322092,14.57,14.747,13.816,13.275,10.496,10.543
20241114191310,1282.31199458241,14.549,14.745,13.816,13.281,10.48,10.537
20241114191310.5,1282.78499543667,14.554,14.733,13.826,13.257,10.488,10.543
20241114191311,1283.26900005341,14.566,14.76,13.828,13.283,10.51,10.529
20241114191311.5,1283.74999724329,14.543,14.764,13.83,13.285,10.496,10.531
20241114191312,1284.23400186002,14.503,14.768,13.824,13.267,10.498,10.531
20241114191312.4,1284.71900224686,14.471,14.788,13.842,13.285,10.513,10.521
20241114191312.9,1285.20299680531,14.456,14.788,13.836,13.285,10.504,10.551
20241114191313.4,1285.68700142205,14.396,14.8,13.846,13.265,10.519,10.557
20241114191313.9,1286.17200180888,14.38,14.798,13.836,13.279,10.5,10.543
20241114191314.4,1286.65599636734,14.355,14.8,13.838,13.295,10.531,10.543
20241114191314.9,1287.13300041854,14.301,14.802,13.83,13.273,10.517,10.549
20241114191315.3,1287.616994977,14.299,14.808,13.852,13.269,10.521,10.529
20241114191315.8,1288.10099959373,14.349,14.796,13.836,13.299,10.513,10.547
20241114191316.3,1288.58599998057,14.359,14.8,13.82,13.299,10.515,10.541
20241114191316.8,1289.08599726856,14.384,14.808,13.826,13.295,10.513,10.535
20241114191317.3,1289.57000188529,14.394,14.802,13.814,13.295,10.498,10.549
20241114191317.8,1290.06999917328,14.36,14.808,13.834,13.301,10.498,10.535
20241114191318.3,1290.53899683058,14.305,14.806,13.824,13.273,10.498,10.533
20241114191318.8,1291.03899411857,14.271,14.816,13.8,13.277,10.513,10.539
20241114191319.2,1291.51099920273,14.22,14.816,13.824,13.275,10.519,10.539
20241114191319.7,1291.99199639261,14.166,14.822,13.816,13.281,10.513,10.555
20241114191320.2,1292.47600100935,14.113,14.836,13.816,13.297,10.505,10.559
20241114191320.7,1292.95699819922,14.075,14.82,13.824,13.289,10.523,10.551
20241114191321.2,1293.44100281596,14.016,14.838,13.826,13.283,10.509,10.551
20241114191321.6,1293.9260032028,13.953,14.846,13.834,13.285,10.515,10.541
20241114191322.1,1294.40999776125,13.818,14.824,13.824,13.277,10.513,10.563
20241114191322.6,1294.8829986155,13.757,14.842,13.828,13.283,10.511,10.535
20241114191323.1,1295.35100050271,13.703,14.848,13.824,13.281,10.523,10.551
20241114191323.6,1295.83600088954,13.755,14.85,13.852,13.277,10.521,10.543
20241114191324,1296.31999544799,13.759,14.85,13.836,13.299,10.517,10.545
20241114191324.5,1296.80400006473,13.816,14.866,13.834,13.303,10.517,10.531
20241114191325,1297.28900045156,13.856,14.865,13.834,13.283,10.533,10.539
20241114191325.5,1297.77299501002,13.899,14.858,13.838,13.289,10.525,10.525
20241114191326,1298.26899915934,13.895,14.883,13.824,13.289,10.511,10.533
20241114191326.5,1298.75399954617,13.897,14.858,13.85,13.279,10.5,10.523
20241114191327,1299.23799410462,13.917,14.865,13.861,13.291,10.507,10.539
20241114191327.4,1299.71900135279,13.953,14.873,13.826,13.293,10.525,10.537
20241114191327.9,1300.20299591124,13.984,14.881,13.822,13.303,10.527,10.533
20241114191328.4,1300.70300325751,13.982,14.901,13.834,13.289,10.525,10.535
20241114191328.9,1301.18699781597,13.996,14.897,13.828,13.299,10.492,10.539
20241114191329.4,1301.6719982028,14.032,14.893,13.834,13.293,10.511,10.537
20241114191329.9,1302.15600281954,14.073,14.899,13.82,13.283,10.488,10.535
20241114191330.4,1302.65600010753,14.139,14.899,13.83,13.293,10.504,10.549
20241114191330.9,1303.13999466598,14.172,14.903,13.83,13.283,10.523,10.525
20241114191331.3,1303.62499505281,14.168,14.913,13.838,13.273,10.504,10.535
20241114191331.8,1304.1049964726,14.188,14.921,13.826,13.285,10.515,10.535
20241114191332.3,1304.58999685943,14.228,14.915,13.82,13.301,10.5,10.549
20241114191332.8,1305.07400147617,14.238,14.931,13.826,13.269,10.509,10.533
20241114191333.3,1305.57399876416,14.252,14.907,13.83,13.269,10.513,10.541
20241114191333.8,1306.05800338089,14.26,14.917,13.822,13.295,10.496,10.557
20241114191334.3,1306.54299370944,14.238,14.927,13.824,13.263,10.521,10.551
20241114191334.7,1307.01099559665,14.224,14.915,13.834,13.291,10.517,10.539
20241114191335.2,1307.49599598348,14.19,14.931,13.82,13.287,10.504,10.537
20241114191335.7,1307.9920001328,14.212,14.935,13.808,13.285,10.519,10.543
20241114191336.2,1308.47599469125,14.291,14.935,13.804,13.277,10.502,10.545
20241114191336.7,1308.96499827504,14.297,14.937,13.794,13.283,10.527,10.543
20241114191337.2,1309.44499969482,14.337,14.915,13.834,13.287,10.523,10.525
20241114191337.7,1309.94499698281,14.331,14.949,13.828,13.293,10.502,10.525
20241114191338.2,1310.44100113213,14.331,14.966,13.834,13.271,10.502,10.543
20241114191338.6,1310.92600151896,14.345,14.963,13.838,13.297,10.519,10.537
20241114191339.1,1311.39400340617,14.337,14.953,13.838,13.279,10.511,10.545
20241114191339.6,1311.87899373472,14.305,14.955,13.818,13.297,10.525,10.543
20241114191340.1,1312.3589951545,14.279,14.976,13.832,13.277,10.517,10.557
20241114191340.6,1312.84000240266,14.283,14.947,13.826,13.293,10.515,10.541
20241114191341,1313.31199742854,14.313,14.961,13.84,13.289,10.529,10.551
20241114191341.5,1313.79699781537,14.331,14.966,13.836,13.287,10.513,10.543
20241114191342,1314.27699923515,14.331,14.976,13.824,13.289,10.519,10.553
20241114191342.5,1314.76499699056,14.275,14.964,13.84,13.293,10.525,10.537
20241114191343,1315.26100113988,14.204,14.966,13.826,13.293,10.519,10.521
20241114191343.5,1315.74600152671,14.17,14.966,13.824,13.297,10.494,10.553
20241114191343.9,1316.21900238097,14.174,14.992,13.84,13.277,10.515,10.531
20241114191344.4,1316.70700013638,14.228,14.976,13.838,13.289,10.533,10.545
20241114191344.9,1317.17599779367,14.287,14.988,13.85,13.299,10.525,10.567
20241114191345.4,1317.67599508166,14.341,14.988,13.861,13.295,10.496,10.543
20241114191345.9,1318.14800016582,14.341,15.004,13.865,13.307,10.515,10.549
20241114191346.4,1318.63300055265,14.39,15.018,13.875,13.295,10.511,10.531
20241114191346.8,1319.11699511111,14.458,15.004,13.867,13.299,10.527,10.535
20241114191347.3,1319.6050029248,14.469,15.024,13.85,13.313,10.531,10.547
20241114191347.8,1320.09000331163,14.485,15.042,13.858,13.295,10.502,10.541
20241114191348.3,1320.57800106704,14.513,15.026,13.854,13.283,10.521,10.567
20241114191348.8,1321.0619956255,14.487,15.02,13.844,13.297,10.533,10.551
20241114191349.3,1321.55799977481,14.477,15.046,13.865,13.313,10.533,10.547
20241114191349.8,1322.04300016165,14.517,15.05,13.865,13.311,10.507,10.529
20241114191350.2,1322.52300158143,14.559,15.062,13.873,13.307,10.509,10.571
20241114191350.7,1323.00800196826,14.608,15.046,13.84,13.313,10.492,10.541
20241114191351.2,1323.49199652672,14.616,15.079,13.867,13.281,10.502,10.553
20241114191351.7,1323.97999428213,14.604,15.063,13.848,13.309,10.502,10.549
20241114191352.2,1324.46499466896,14.578,15.062,13.858,13.297,10.513,10.545
20241114191352.7,1324.93699975312,14.547,15.073,13.873,13.315,10.509,10.553
20241114191353.1,1325.42200013995,14.491,15.058,13.848,13.299,10.519,10.545
20241114191353.6,1325.90200155973,14.461,15.077,13.85,13.315,10.513,10.555
20241114191354.1,1326.38599611819,14.428,15.081,13.861,13.301,10.525,10.541
20241114191354.6,1326.86700336635,14.406,15.071,13.852,13.319,10.511,10.529
20241114191355.1,1327.3509979248,14.41,15.107,13.848,13.307,10.504,10.543
20241114191355.6,1327.84000150859,14.4,15.091,13.836,13.295,10.502,10.543
20241114191356,1328.32399606705,14.43,15.105,13.861,13.309,10.519,10.535
20241114191356.5,1328.82400341332,14.465,15.105,13.861,13.311,10.509,10.541
20241114191357,1329.30399477482,14.483,15.099,13.856,13.291,10.521,10.539
20241114191357.5,1329.78899516165,14.483,15.111,13.846,13.315,10.504,10.535
20241114191358,1330.27299977839,14.517,15.109,13.856,13.299,10.527,10.535
20241114191358.5,1330.75800016522,14.551,15.121,13.861,13.313,10.513,10.555
20241114191359,1331.24199472368,14.6,15.095,13.85,13.303,10.517,10.541
20241114191359.5,1331.737998873,14.618,15.125,13.858,13.291,10.511,10.535
20241114191359.9,1332.21899606287,14.677,15.131,13.832,13.303,10.511,10.545
20241114191400.4,1332.70300067961,14.693,15.131,13.858,13.313,10.484,10.531
20241114191400.9,1333.18300209939,14.707,15.143,13.85,13.291,10.496,10.549
20241114191401.4,1333.68700258434,14.747,15.147,13.84,13.311,10.519,10.539
20241114191401.9,1334.16799977422,14.782,15.155,13.85,13.317,10.507,10.543
20241114191402.4,1334.648001194,14.802,15.164,13.879,13.315,10.519,10.549
20241114191402.9,1335.13599894941,14.826,15.159,13.858,13.291,10.517,10.543
20241114191403.4,1335.6359962374,14.838,15.178,13.836,13.281,10.492,10.549
20241114191403.8,1336.11700348556,14.808,15.184,13.861,13.305,10.521,10.555
20241114191404.3,1336.61700077355,14.768,15.188,13.867,13.307,10.507,10.549
20241114191404.8,1337.11699806154,14.735,15.204,13.863,13.309,10.513,10.539
20241114191405.3,1337.60499581695,14.717,15.206,13.863,13.315,10.527,10.535
20241114191405.8,1338.08999620378,14.729,15.18,13.895,13.309,10.511,10.551
20241114191406.3,1338.57400082052,14.709,15.202,13.869,13.309,10.502,10.557
20241114191406.8,1339.05799537897,14.759,15.22,13.885,13.289,10.504,10.549
20241114191407.3,1339.53900262713,14.729,15.238,13.873,13.311,10.507,10.527
20241114191407.7,1340.02299718559,14.693,15.226,13.861,13.319,10.502,10.547
20241114191408.2,1340.50799757242,14.62,15.226,13.871,13.307,10.529,10.543
20241114191408.7,1340.99599532783,14.588,15.23,13.873,13.325,10.515,10.549
20241114191409.2,1341.46899618208,14.549,15.258,13.893,13.309,10.502,10.559
20241114191409.7,1341.94899760187,14.533,15.256,13.889,13.313,10.504,10.555
20241114191410.2,1342.4330022186,14.547,15.252,13.883,13.313,10.511,10.533
20241114191410.6,1342.91800260544,14.525,15.258,13.875,13.291,10.515,10.537
20241114191411.1,1343.42200309038,14.553,15.246,13.877,13.325,10.5,10.533
20241114191411.6,1343.91000084579,14.566,15.256,13.879,13.321,10.507,10.551
20241114191412.1,1344.39000226557,14.547,15.246,13.871,13.313,10.502,10.545
20241114191412.6,1344.87500265241,14.596,15.262,13.879,13.319,10.515,10.547
20241114191413.1,1345.35100087523,14.543,15.271,13.875,13.309,10.511,10.547
20241114191413.5,1345.82400172949,14.499,15.291,13.871,13.295,10.525,10.543
20241114191414,1346.31600268185,14.463,15.287,13.854,13.315,10.519,10.529
20241114191414.5,1346.79299667478,14.454,15.295,13.865,13.297,10.509,10.533
20241114191415,1347.27299809456,14.44,15.313,13.869,13.299,10.513,10.541
20241114191415.5,1347.75799848139,14.426,15.315,13.871,13.307,10.513,10.547
20241114191416,1348.2459962368,14.418,15.295,13.865,13.299,10.502,10.539
20241114191416.5,1348.74600358307,14.402,15.329,13.869,13.311,10.531,10.533
20241114191416.9,1349.22599494457,14.41,15.327,13.844,13.301,10.507,10.523
20241114191417.4,1349.71099533141,14.43,15.341,13.856,13.301,10.509,10.551
20241114191417.9,1350.19099675119,14.426,15.351,13.872,13.301,10.509,10.563
20241114191418.4,1350.67599713802,14.4,15.349,13.848,13.301,10.517,10.557
20241114191418.9,1351.17599442601,14.424,15.355,13.873,13.307,10.515,10.547
20241114191419.4,1351.65999904275,14.418,15.359,13.852,13.303,10.511,10.537
20241114191419.9,1352.1439936012,14.39,15.373,13.86,13.301,10.519,10.547
20241114191420.3,1352.62899398804,14.347,15.378,13.864,13.291,10.496,10.549
20241114191420.8,1353.11299860477,14.373,15.375,13.848,13.321,10.521,10.557
20241114191421.3,1353.59700322151,14.335,15.378,13.86,13.299,10.503,10.537
20241114191421.8,1354.08200360835,14.293,15.406,13.872,13.268,10.521,10.551
20241114191422.3,1354.56199496984,14.279,15.396,13.875,13.303,10.517,10.553
20241114191422.8,1355.04699535668,14.285,15.39,13.864,13.309,10.523,10.555
20241114191423.2,1355.52299357951,14.293,15.394,13.866,13.293,10.503,10.557
20241114191423.7,1356.00799396634,14.218,15.4,13.875,13.301,10.513,10.545
20241114191424.2,1356.48799538612,14.165,15.402,13.87,13.307,10.517,10.537
20241114191424.7,1356.97200000286,14.135,15.416,13.877,13.319,10.509,10.531
20241114191425.2,1357.4570003897,14.131,15.42,13.887,13.307,10.515,10.563
20241114191425.7,1357.94099494815,14.093,15.422,13.877,13.307,10.511,10.549
20241114191426.1,1358.42200219631,14.075,15.444,13.868,13.305,10.523,10.555
20241114191426.6,1358.9219994843,14.056,15.454,13.873,13.309,10.527,10.545
20241114191427.1,1359.42199677229,14.062,15.45,13.883,13.295,10.513,10.555
20241114191427.6,1359.90600138903,14.077,15.472,13.889,13.287,10.519,10.559
20241114191428.1,1360.40199548006,14.034,15.479,13.883,13.301,10.509,10.561
20241114191428.6,1360.89399643242,14.079,15.481,13.875,13.309,10.521,10.539
20241114191429.1,1361.37899681926,14.135,15.483,13.87,13.299,10.519,10.545
20241114191429.6,1361.863001436,14.135,15.501,13.881,13.319,10.515,10.547
20241114191430.1,1362.34399862587,14.133,15.505,13.893,13.291,10.523,10.561
20241114191430.5,1362.82400004566,14.095,15.491,13.897,13.313,10.513,10.553
20241114191431,1363.30799460411,14.095,15.491,13.883,13.315,10.498,10.539
20241114191431.5,1363.79299499094,14.117,15.521,13.893,13.309,10.517,10.565
20241114191432,1364.29300233722,14.115,15.505,13.879,13.299,10.527,10.549
20241114191432.5,1364.77699689567,14.115,15.505,13.885,13.321,10.511,10.559
20241114191433,1365.25799408555,14.028,15.523,13.891,13.313,10.509,10.551
20241114191433.5,1365.74199870229,14.048,15.537,13.891,13.307,10.517,10.537
20241114191433.9,1366.22600331903,14.044,15.523,13.883,13.315,10.513,10.543
20241114191434.4,1366.7070005089,14.02,15.559,13.877,13.313,10.509,10.547
20241114191434.9,1367.19499826431,14.026,15.551,13.881,13.295,10.513,10.557
20241114191435.4,1367.67599545419,14.016,15.571,13.897,13.313,10.525,10.551
20241114191435.9,1368.16000007093,13.986,15.567,13.897,13.311,10.521,10.551
20241114191436.4,1368.64399462938,13.986,15.576,13.897,13.307,10.513,10.545
20241114191436.9,1369.13299821317,14.02,15.592,13.911,13.311,10.519,10.567
20241114191437.3,1369.62499916553,14.018,15.582,13.889,13.317,10.515,10.537
20241114191437.8,1370.10500058532,14.032,15.61,13.899,13.313,10.509,10.541
20241114191438.3,1370.60499787331,14.048,15.596,13.905,13.325,10.511,10.549
20241114191438.8,1371.0940014571,14.06,15.604,13.877,13.325,10.507,10.547
20241114191439.3,1371.5819992125,14.056,15.604,13.909,13.309,10.517,10.553
20241114191439.8,1372.06200063229,14.046,15.622,13.883,13.303,10.535,10.567
20241114191440.3,1372.54700101912,14.079,15.636,13.905,13.301,10.523,10.555
20241114191440.7,1373.0270024389,14.089,15.652,13.893,13.299,10.523,10.569
20241114191441.2,1373.51500019431,14.125,15.652,13.907,13.315,10.498,10.561
20241114191441.7,1374.00399371982,14.155,15.654,13.909,13.325,10.515,10.537
20241114191442.2,1374.48799833655,14.19,15.679,13.911,13.321,10.519,10.559
20241114191442.7,1374.97200295329,14.307,15.695,13.921,13.307,10.523,10.561
20241114191443.2,1375.45300014317,14.376,15.693,13.909,13.311,10.523,10.555
20241114191443.7,1375.93699470162,14.472,15.703,13.921,13.299,10.519,10.537
20241114191444.1,1376.42199508846,14.464,15.707,13.915,13.311,10.525,10.541
20241114191444.6,1376.9059997052,14.452,15.715,13.913,13.317,10.503,10.553
20241114191445.1,1377.38600112498,14.436,15.707,13.899,13.315,10.513,10.567
20241114191445.6,1377.87100151181,14.43,15.721,13.937,13.327,10.533,10.553
20241114191446.1,1378.35899926722,14.41,15.749,13.931,13.317,10.521,10.549
20241114191446.6,1378.85499335825,14.408,15.735,13.941,13.319,10.519,10.539
20241114191447.1,1379.34399694204,14.382,15.775,13.937,13.317,10.519,10.553
20241114191447.5,1379.82800155878,14.357,15.788,13.931,13.333,10.513,10.549
20241114191448,1380.31199611723,14.382,15.784,13.935,13.333,10.515,10.547
20241114191448.5,1380.79699650407,14.406,15.802,13.929,13.317,10.527,10.553
20241114191449,1381.27699792385,14.406,15.81,13.939,13.325,10.507,10.579
20241114191449.5,1381.76100254059,14.464,15.814,13.927,13.335,10.533,10.557
20241114191450,1382.24600292742,14.551,15.834,13.925,13.323,10.527,10.563
20241114191450.4,1382.72599428892,14.604,15.834,13.913,13.335,10.507,10.549
20241114191450.9,1383.21499787271,14.658,15.842,13.919,13.329,10.515,10.553
20241114191451.4,1383.69499929249,14.699,15.82,13.935,13.337,10.513,10.559
20241114191451.9,1384.17899385095,14.741,15.852,13.933,13.317,10.505,10.555
20241114191452.4,1384.66000109911,14.79,15.872,13.919,13.329,10.529,10.539
20241114191452.9,1385.13300195336,14.79,15.862,13.941,13.349,10.509,10.555
20241114191453.3,1385.60900017619,14.774,15.874,13.943,13.329,10.511,10.555
20241114191453.8,1386.0969979316,14.695,15.907,13.933,13.343,10.531,10.543
20241114191454.3,1386.59399785101,14.592,15.895,13.935,13.335,10.527,10.555
20241114191454.8,1387.07800246775,14.519,15.923,13.929,13.337,10.517,10.563
20241114191455.3,1387.55799382925,14.487,15.941,13.925,13.329,10.529,10.539
20241114191455.8,1388.04299421608,14.468,15.941,13.919,13.341,10.519,10.549
20241114191456.3,1388.53100202978,14.444,15.975,13.933,13.337,10.511,10.561
20241114191456.7,1389.01499658823,14.468,15.961,13.955,13.327,10.521,10.551
20241114191457.2,1389.50400017202,14.479,15.973,13.941,13.333,10.511,10.539
20241114191457.7,1389.98799473047,14.479,15.99,13.923,13.355,10.523,10.547
20241114191458.2,1390.47199934721,14.41,16,13.923,13.327,10.505,10.543
20241114191458.7,1390.95699973404,14.371,15.998,13.933,13.323,10.513,10.541
20241114191459.2,1391.43700115383,14.371,16.002,13.917,13.321,10.535,10.541
20241114191459.6,1391.92599467933,14.367,16.006,13.927,13.337,10.503,10.547
20241114191500.1,1392.40999929607,14.374,16.038,13.919,13.327,10.515,10.537
20241114191500.6,1392.89000071585,14.371,16.026,13.937,13.335,10.509,10.553
20241114191501.1,1393.36699470878,14.4,16.05,13.941,13.321,10.505,10.553
20241114191501.6,1393.85500252247,14.416,16.05,13.913,13.311,10.521,10.551
20241114191502.1,1394.3400029093,14.416,16.072,13.925,13.341,10.521,10.551
20241114191502.5,1394.8199942708,14.402,16.095,13.941,13.323,10.507,10.557
20241114191503,1395.30399888754,14.406,16.097,13.943,13.327,10.515,10.561
20241114191503.5,1395.78899927437,14.422,16.117,13.951,13.315,10.507,10.563
20241114191504,1396.28899656236,14.442,16.113,13.933,13.343,10.498,10.535
20241114191504.5,1396.77699431777,14.454,16.133,13.947,13.325,10.519,10.533
20241114191505,1397.27299846709,14.46,16.145,13.939,13.325,10.517,10.547
20241114191505.5,1397.75799885392,14.501,16.161,13.935,13.309,10.509,10.547
20241114191506,1398.24199341238,14.511,16.173,13.939,13.317,10.519,10.547
20241114191506.4,1398.72199483216,14.511,16.184,13.945,13.337,10.501,10.555
20241114191506.9,1399.21099841595,14.509,16.196,13.957,13.321,10.519,10.543
20241114191507.4,1399.69099983573,14.501,16.212,13.949,13.315,10.511,10.541
20241114191507.9,1400.17899759114,14.521,16.222,13.955,13.317,10.505,10.549
20241114191508.4,1400.66399797797,14.521,16.218,13.951,13.291,10.505,10.555
20241114191508.9,1401.14399939775,14.519,16.25,13.931,13.331,10.519,10.547
20241114191509.3,1401.62499658763,14.497,16.252,13.929,13.331,10.505,10.529
20241114191509.8,1402.10900120437,14.493,16.266,13.935,13.333,10.523,10.537
20241114191510.3,1402.58999839425,14.452,16.27,13.941,13.323,10.511,10.541
20241114191510.8,1403.07799614966,14.331,16.289,13.933,13.329,10.529,10.541
20241114191511.3,1403.55799756944,14.246,16.268,13.919,13.345,10.505,10.553
20241114191511.8,1404.04299795628,14.214,16.321,13.911,13.321,10.517,10.537
20241114191512.2,1404.52299937606,14.186,16.299,13.919,13.331,10.505,10.551
20241114191512.7,1405.01099713147,14.18,16.337,13.921,13.307,10.505,10.547
20241114191513.2,1405.50799705088,14.206,16.341,13.921,13.321,10.515,10.551
20241114191513.7,1405.98799847066,14.234,16.365,13.945,13.327,10.501,10.549
20241114191514.2,1406.4720030874,14.311,16.369,13.929,13.333,10.507,10.551
20241114191514.7,1406.96499980986,14.38,16.386,13.945,13.329,10.507,10.541
20241114191515.2,1407.479993999,14.432,16.4,13.929,13.331,10.501,10.543
20241114191515.7,1407.97599814832,14.452,16.408,13.931,13.317,10.515,10.559
20241114191516.2,1408.45300219953,14.473,16.408,13.969,13.307,10.517,10.553
20241114191516.7,1408.94899629056,14.485,16.426,13.939,13.309,10.527,10.549
20241114191517.2,1409.45299677551,14.493,16.46,13.951,13.309,10.513,10.549
20241114191517.7,1409.93700139225,14.509,16.468,13.937,13.315,10.492,10.531
20241114191518.1,1410.42200177908,14.523,16.472,13.947,13.315,10.511,10.569
20241114191518.6,1410.90999953449,14.557,16.495,13.939,13.325,10.494,10.543
20241114191519.1,1411.39399409294,14.561,16.497,13.933,13.331,10.513,10.539
20241114191519.6,1411.8750013411,14.567,16.513,13.943,13.323,10.505,10.549
20241114191520.1,1412.35899589956,14.574,16.507,13.917,13.309,10.509,10.559
20241114191520.6,1412.84399628639,14.598,16.527,13.925,13.327,10.515,10.535
20241114191521,1413.32399770617,14.648,16.529,13.927,13.311,10.501,10.539
20241114191521.5,1413.80800232291,14.602,16.571,13.927,13.317,10.513,10.549
20241114191522,1414.29300270975,14.586,16.573,13.935,13.323,10.49,10.547
20241114191522.5,1414.77299407125,14.58,16.565,13.923,13.321,10.519,10.555
20241114191523,1415.26100188494,14.539,16.596,13.935,13.335,10.515,10.561
20241114191523.5,1415.74600227177,14.515,16.606,13.939,13.337,10.49,10.565
20241114191523.9,1416.22999683022,14.515,16.628,13.927,13.327,10.49,10.549
20241114191524.4,1416.72600097954,14.487,16.628,13.931,13.309,10.505,10.545
20241114191524.9,1417.21100136638,14.464,16.666,13.925,13.321,10.513,10.539
20241114191525.4,1417.69499592483,14.442,16.66,13.947,13.325,10.511,10.537
20241114191525.9,1418.1950032711,14.414,16.666,13.941,13.315,10.519,10.533
20241114191526.4,1418.67899782956,14.384,16.695,13.939,13.329,10.511,10.549
20241114191526.9,1419.15999501944,14.402,16.697,13.929,13.325,10.517,10.563
20241114191527.4,1419.64800283313,14.373,16.717,13.941,13.323,10.501,10.527
20241114191527.8,1420.12900002301,14.341,16.729,13.925,13.317,10.509,10.553
20241114191528.3,1420.61299458146,14.359,16.745,13.941,13.315,10.515,10.567
20241114191528.8,1421.0969991982,14.359,16.767,13.939,13.313,10.503,10.559
20241114191529.3,1421.58600278199,14.345,16.773,13.943,13.331,10.521,10.569
20241114191529.8,1422.06599414349,14.327,16.778,13.945,13.321,10.501,10.557
20241114191530.3,1422.55400195718,14.317,16.802,13.927,13.317,10.507,10.541
20241114191530.8,1423.03499914706,14.301,16.798,13.935,13.309,10.509,10.535
20241114191531.2,1423.51899370551,14.202,16.84,13.929,13.317,10.507,10.545
20241114191531.7,1424.01099465787,14.129,16.868,13.935,13.309,10.507,10.531
20241114191532.2,1424.49200190604,14.123,16.862,13.949,13.305,10.511,10.555
20241114191532.7,1424.97200332582,14.119,16.879,13.943,13.315,10.501,10.541
20241114191533.2,1425.45699365437,14.127,16.895,13.951,13.307,10.507,10.545
20241114191533.7,1425.94099827111,14.147,16.895,13.949,13.327,10.509,10.543
20241114191534.1,1426.42599865794,14.165,16.925,13.929,13.319,10.527,10.545
20241114191534.6,1426.90600007772,14.178,16.935,13.949,13.331,10.509,10.543
20241114191535.1,1427.38999463618,14.22,16.969,13.941,13.321,10.513,10.555
20241114191535.6,1427.89000198245,14.283,16.975,13.935,13.327,10.505,10.543
20241114191536.1,1428.37899550796,14.307,16.971,13.941,13.325,10.511,10.557
20241114191536.6,1428.85899692774,14.309,16.982,13.945,13.325,10.517,10.545
20241114191537.1,1429.34699468315,14.347,17.022,13.951,13.319,10.503,10.539
20241114191537.6,1429.83199506998,14.398,17.026,13.969,13.321,10.505,10.547
20241114191538,1430.30800335109,14.402,17.05,13.945,13.307,10.509,10.551
20241114191538.5,1430.79299367964,14.444,17.081,13.949,13.325,10.517,10.563
20241114191539,1431.27299509943,14.493,17.087,13.943,13.315,10.515,10.551
20241114191539.5,1431.7730024457,14.495,17.105,13.939,13.315,10.513,10.545
20241114191540,1432.25800283253,14.464,17.139,13.949,13.321,10.521,10.543
20241114191540.5,1432.74600058794,14.432,17.145,13.933,13.299,10.521,10.559
20241114191540.9,1433.22600200772,14.436,17.18,13.947,13.313,10.509,10.555
20241114191541.4,1433.71499553323,14.404,17.18,13.953,13.309,10.492,10.551
20241114191541.9,1434.19900014997,14.365,17.218,13.943,13.305,10.513,10.537
20241114191542.4,1434.68699790537,14.303,17.218,13.933,13.317,10.519,10.549
20241114191542.9,1435.16799509525,14.305,17.246,13.941,13.323,10.529,10.553
20241114191543.4,1435.65199971199,14.301,17.281,13.935,13.309,10.517,10.553
20241114191543.9,1436.15199699998,14.277,17.299,13.927,13.301,10.517,10.565
20241114191544.4,1436.63600161672,14.277,17.321,13.919,13.285,10.523,10.557
20241114191544.8,1437.12100200355,14.291,17.325,13.937,13.303,10.525,10.543
20241114191545.3,1437.604996562,14.305,17.369,13.929,13.313,10.523,10.521
20241114191545.8,1438.09400014579,14.297,17.39,13.931,13.307,10.525,10.533
20241114191546.3,1438.57799470425,14.291,17.384,13.955,13.299,10.505,10.555
20241114191546.8,1439.06199932098,14.264,17.434,13.943,13.299,10.521,10.541
20241114191547.3,1439.54699970782,14.275,17.444,13.953,13.303,10.503,10.557
20241114191547.7,1440.0270011276,14.27,17.468,13.937,13.297,10.509,10.561
20241114191548.2,1440.50799831748,14.27,17.476,13.935,13.329,10.505,10.545
20241114191548.7,1440.99200293422,14.268,17.507,13.935,13.295,10.517,10.541
20241114191549.2,1441.48000068963,14.264,17.517,13.947,13.315,10.501,10.541
20241114191549.7,1441.97999797761,14.266,17.539,13.915,13.291,10.527,10.539
20241114191550.2,1442.4690015614,14.268,17.571,13.943,13.295,10.515,10.545
20241114191550.7,1442.94900298119,14.26,17.592,13.955,13.299,10.523,10.571
20241114191551.2,1443.43700073659,14.218,17.612,13.945,13.305,10.525,10.551
20241114191551.7,1443.93299482763,14.182,17.632,13.935,13.303,10.519,10.555
20241114191552.1,1444.41799521446,14.19,17.67,13.945,13.321,10.505,10.559
20241114191552.6,1444.9019998312,14.208,17.689,13.949,13.289,10.521,10.531
20241114191553.1,1445.38599438965,14.236,17.709,13.963,13.309,10.523,10.547
20241114191553.6,1445.87099477649,14.277,17.709,13.957,13.303,10.511,10.553
20241114191554.1,1446.35099619627,14.277,17.763,13.935,13.323,10.513,10.545
20241114191554.6,1446.85100354254,14.274,17.782,13.953,13.299,10.507,10.549
20241114191555.1,1447.33200073242,14.301,17.81,13.959,13.303,10.505,10.555
20241114191555.5,1447.81599529088,14.291,17.82,13.965,13.319,10.517,10.559
20241114191556,1448.31999577582,14.293,17.87,13.978,13.313,10.527,10.543
20241114191556.5,1448.80800358951,14.315,17.878,13.974,13.315,10.523,10.545
20241114191557,1449.29299391806,14.327,17.911,13.994,13.325,10.523,10.535
20241114191557.5,1449.76900219917,14.341,17.943,13.992,13.323,10.517,10.539
20241114191558,1450.25799572468,14.321,17.98,13.988,13.315,10.503,10.549
20241114191558.5,1450.74200034142,14.331,17.998,13.986,13.317,10.517,10.547
20241114191558.9,1451.2220017612,14.345,18.044,13.998,13.321,10.503,10.541
20241114191559.4,1451.70700214803,14.392,18.074,13.99,13.325,10.503,10.549
20241114191559.9,1452.19499990344,14.4,18.109,13.986,13.329,10.515,10.553
20241114191600.4,1452.67599709332,14.44,18.151,13.961,13.321,10.519,10.553
20241114191600.9,1453.16399484873,14.43,18.177,13.976,13.317,10.515,10.553
20241114191601.4,1453.64399626851,14.44,18.202,13.965,13.313,10.505,10.559
20241114191601.8,1454.12899665534,14.458,18.24,13.974,13.315,10.543,10.557
20241114191602.3,1454.62899394333,14.489,18.274,13.967,13.327,10.517,10.567
20241114191602.8,1455.11299856007,14.523,18.278,13.963,13.339,10.513,10.551
20241114191603.3,1455.59399574995,14.569,18.307,13.978,13.315,10.511,10.545
20241114191603.8,1456.08199350536,14.6,18.327,13.992,13.331,10.511,10.543
20241114191604.3,1456.56199492514,14.604,18.386,13.98,13.327,10.505,10.551
20241114191604.8,1457.04699531198,14.559,18.402,13.992,13.333,10.507,10.549
20241114191605.2,1457.52699673176,14.541,18.44,13.996,13.339,10.509,10.565
20241114191605.7,1458.0110013485,14.547,18.46,13.992,13.333,10.498,10.557
20241114191606.2,1458.49600173533,14.574,18.493,13.998,13.339,10.494,10.539
20241114191606.7,1458.97999629378,14.563,18.527,13.996,13.325,10.511,10.559
20241114191607.2,1459.46099348366,14.578,18.573,14.03,13.333,10.509,10.565
20241114191607.7,1459.9449981004,14.586,18.577,13.992,13.323,10.527,10.553
20241114191608.1,1460.42599529028,14.574,18.606,13.988,13.335,10.513,10.541
20241114191608.6,1460.90599671006,14.582,18.66,13.988,13.331,10.531,10.549
20241114191609.1,1461.39399446547,14.567,18.681,13.965,13.323,10.517,10.539
20241114191609.6,1461.89400181174,14.529,18.735,14,13.331,10.515,10.547
20241114191610.1,1462.37499900162,14.493,18.743,13.99,13.339,10.498,10.547
20241114191610.6,1462.87899948657,14.454,18.78,13.98,13.327,10.513,10.547
20241114191611.1,1463.35900090635,14.4,18.818,13.982,13.321,10.505,10.543
20241114191611.6,1463.84699866176,14.422,18.854,13.967,13.319,10.503,10.537
20241114191612,1464.32799585164,14.4,18.883,14,13.325,10.509,10.535
20241114191612.5,1464.81200046837,14.388,18.899,13.992,13.333,10.503,10.547
20241114191613,1465.30400142074,14.373,18.947,13.992,13.337,10.513,10.545
20241114191613.5,1465.7969981432,14.361,18.981,13.986,13.329,10.505,10.543
20241114191614,1466.29699543118,14.339,19.012,13.992,13.323,10.515,10.551
20241114191614.5,1466.77699685097,14.327,19.05,14,13.335,10.503,10.551
20241114191615,1467.2610014677,14.297,19.097,13.984,13.327,10.511,10.543
20241114191615.5,1467.74999499321,14.289,19.127,13.99,13.351,10.513,10.555
20241114191616,1468.24199594557,14.262,19.163,14.002,13.327,10.517,10.549
20241114191616.4,1468.72600056231,14.244,19.202,13.996,13.355,10.496,10.539
20241114191616.9,1469.20699775219,14.25,19.256,13.992,13.325,10.507,10.535
20241114191617.4,1469.6949955076,14.244,19.283,13.988,13.301,10.513,10.559
20241114191617.9,1470.17600275576,14.226,19.361,13.982,13.331,10.488,10.555
20241114191618.4,1470.65999731421,14.192,19.418,14.006,13.331,10.505,10.543
20241114191618.9,1471.1599946022,14.178,19.44,14.016,13.351,10.501,10.549
20241114191619.4,1471.6480024159,14.157,19.505,14.02,13.327,10.505,10.553
20241114191619.9,1472.13300280273,14.196,19.533,14.008,13.353,10.511,10.541
20241114191620.3,1472.61299416423,14.228,19.567,14.012,13.333,10.505,10.551
20241114191620.8,1473.09699878097,14.266,19.624,14.016,13.337,10.492,10.553
20241114191621.3,1473.58999550343,14.262,19.652,13.99,13.335,10.517,10.549
20241114191621.8,1474.06999692321,14.266,19.674,14.006,13.327,10.511,10.551
20241114191622.3,1474.55400153995,14.283,19.725,13.996,13.331,10.509,10.549
20241114191622.8,1475.03900192678,14.309,19.747,14.002,13.337,10.513,10.543
20241114191623.3,1475.53899921477,14.317,19.806,14.012,13.347,10.507,10.541
20241114191623.7,1476.02699697018,14.357,19.844,14.018,13.333,10.521,10.541
20241114191624.2,1476.51499472558,14.398,19.895,14.014,13.345,10.515,10.533
20241114191624.7,1476.99600197375,14.388,19.965,14.01,13.329,10.488,10.557
20241114191625.2,1477.4799965322,14.38,19.998,13.998,13.341,10.509,10.557
20241114191625.7,1477.96499691904,14.378,20.042,14.016,13.343,10.482,10.555
20241114191626.2,1478.46100106835,14.382,20.089,14.02,13.337,10.494,10.549
20241114191626.7,1478.94499562681,14.42,20.129,14.022,13.359,10.501,10.547
20241114191627.1,1479.42900024354,14.388,20.194,14.046,13.341,10.515,10.555
20241114191627.6,1479.91400063038,14.355,20.23,14.032,13.337,10.513,10.549
20241114191628.1,1480.40999472141,14.367,20.301,14.024,13.355,10.521,10.543
20241114191628.6,1480.8899961412,14.353,20.341,14.036,13.337,10.498,10.531
20241114191629.1,1481.37899972498,14.351,20.404,14.034,13.339,10.525,10.565
20241114191629.6,1481.85900114477,14.355,20.454,14.05,13.339,10.492,10.527
20241114191630.1,1482.3440015316,14.396,20.489,14.048,13.333,10.511,10.533
20241114191630.5,1482.82799609005,14.367,20.549,14.01,13.331,10.511,10.543
20241114191631,1483.31200070679,14.351,20.596,14.014,13.339,10.496,10.547
20241114191631.5,1483.79299789667,14.325,20.668,14.018,13.337,10.505,10.553
20241114191632,1484.27700251341,14.384,20.741,14.032,13.343,10.503,10.553
20241114191632.5,1484.76099707186,14.426,20.779,14.008,13.333,10.505,10.551
20241114191633,1485.2459974587,14.468,20.808,14.026,13.353,10.507,10.543
20241114191633.4,1485.73000207543,14.473,20.878,14.022,13.353,10.501,10.567
20241114191633.9,1486.21500246227,14.475,20.949,14.016,13.345,10.523,10.541
20241114191634.4,1486.6910006851,14.472,21.004,14.038,13.361,10.49,10.555
20241114191634.9,1487.1789984405,14.428,21.036,14.01,13.353,10.492,10.547
20241114191635.4,1487.65999563038,14.406,21.111,14.014,13.359,10.513,10.561
20241114191635.9,1488.13999705017,14.394,21.177,14.034,13.351,10.486,10.555
20241114191636.3,1488.62900063396,14.406,21.212,14.038,13.345,10.496,10.549
20241114191636.8,1489.10900205374,14.335,21.307,14.042,13.347,10.507,10.567
20241114191637.3,1489.59400244057,14.252,21.359,14.042,13.357,10.498,10.553
20241114191637.8,1490.08200019598,14.242,21.418,14.038,13.365,10.521,10.537
20241114191638.3,1490.56599475443,14.26,21.513,14.042,13.341,10.509,10.551
20241114191638.8,1491.06199890375,14.275,21.584,14.036,13.339,10.503,10.543
20241114191639.3,1491.54299609363,14.279,21.648,14.032,13.349,10.521,10.545
20241114191639.8,1492.04299338162,14.272,21.703,14.02,13.345,10.513,10.551
20241114191640.2,1492.52699799836,14.285,21.796,14.018,13.353,10.505,10.565
20241114191640.7,1493.01499575377,14.283,21.86,14.014,13.357,10.507,10.547
20241114191641.2,1493.51099990308,14.264,21.911,14.04,13.355,10.513,10.547
20241114191641.7,1493.99600028992,14.299,21.971,14.042,13.355,10.507,10.565
20241114191642.2,1494.47999484837,14.319,22.066,14.026,13.335,10.511,10.545
20241114191642.7,1494.98000219464,14.315,22.131,14.034,13.339,10.517,10.551
20241114191643.2,1495.46500258148,14.335,22.211,14.01,13.347,10.496,10.551
20241114191643.7,1495.94899713993,14.363,22.282,14.022,13.351,10.513,10.553
20241114191644.2,1496.43300175667,14.378,22.348,14.03,13.349,10.523,10.569
20241114191644.6,1496.91399894655,14.388,22.427,14.036,13.333,10.521,10.557
20241114191645.1,1497.39400036633,14.392,22.507,14.032,13.333,10.503,10.569
20241114191645.6,1497.87900075316,14.402,22.583,14.02,13.353,10.519,10.557
20241114191646.1,1498.36299531162,14.416,22.673,14.054,13.345,10.507,10.555
20241114191646.6,1498.85100312531,14.422,22.765,14.048,13.333,10.505,10.545
20241114191647.1,1499.33999665082,14.444,22.879,14.048,13.345,10.517,10.557
20241114191647.5,1499.82799440622,14.434,22.946,14.024,13.363,10.515,10.561
20241114191648,1500.31600221992,14.475,23.032,14.054,13.351,10.503,10.553
20241114191648.5,1500.79699940979,14.481,23.134,14.042,13.327,10.509,10.557
20241114191649,1501.29299350083,14.513,23.196,14.048,13.341,10.509,10.555
20241114191649.5,1501.77299492061,14.539,23.284,14.062,13.345,10.537,10.563
20241114191650,1502.25799530745,14.578,23.386,14.046,13.325,10.531,10.557
20241114191650.5,1502.74199992418,14.606,23.453,14.054,13.339,10.515,10.539
20241114191650.9,1503.22200134397,14.658,23.545,14.064,13.345,10.501,10.559
20241114191651.4,1503.71099486947,14.721,23.627,14.044,13.351,10.521,10.567
20241114191651.9,1504.19499948621,14.719,23.717,14.056,13.329,10.517,10.547
20241114191652.4,1504.69100363553,14.689,23.811,14.058,13.331,10.498,10.547
20241114191652.9,1505.17200082541,14.673,23.921,14.056,13.341,10.509,10.561
20241114191653.4,1505.65999858081,14.654,24.001,14.079,13.353,10.507,10.551
20241114191653.9,1506.1599958688,14.634,24.097,14.07,13.349,10.507,10.541
20241114191654.4,1506.65600001812,14.634,24.221,14.07,13.347,10.513,10.553
20241114191654.9,1507.1360014379,14.602,24.301,14.064,13.335,10.517,10.565
20241114191655.3,1507.62100182474,14.567,24.442,14.044,13.363,10.498,10.565
20241114191655.8,1508.10499638319,14.529,24.53,14.042,13.359,10.503,10.531
20241114191656.3,1508.59399996698,14.517,24.612,14.066,13.339,10.513,10.547
20241114191656.8,1509.07799452543,14.442,24.701,14.064,13.341,10.507,10.549
20241114191657.3,1509.55799594522,14.365,24.806,14.058,13.341,10.517,10.541
20241114191657.8,1510.04299633205,14.329,24.889,14.032,13.353,10.515,10.547
20241114191658.2,1510.52299775183,14.355,24.992,14.062,13.351,10.517,10.537
20241114191658.7,1511.00799813867,14.365,25.092,14.077,13.363,10.517,10.553
20241114191659.2,1511.4920027554,14.311,25.173,14.07,13.367,10.517,10.549
20241114191659.7,1511.97599731386,14.27,25.339,14.07,13.349,10.488,10.559
20241114191700.2,1512.45699450374,14.277,25.468,14.079,13.329,10.503,10.545
20241114191700.7,1512.96900138259,14.285,25.65,14.07,13.372,10.511,10.537
20241114191701.2,1513.45299594104,14.27,25.797,14.07,13.359,10.511,10.551
20241114191701.7,1513.93700055778,14.279,25.958,14.046,13.323,10.507,10.561
20241114191702.1,1514.42200094461,14.321,26.062,14.052,13.355,10.507,10.545
20241114191702.6,1514.9020023644,14.317,26.205,14.062,13.343,10.505,10.549
20241114191703.1,1515.38599692285,14.289,26.322,14.077,13.343,10.519,10.541
20241114191703.6,1515.86699411273,14.331,26.451,14.068,13.353,10.517,10.547
20241114191704.1,1516.35500192642,14.359,26.596,14.064,13.335,10.509,10.555
20241114191704.6,1516.84399545193,14.369,26.698,14.081,13.345,10.523,10.545
20241114191705,1517.32800006866,14.406,26.865,14.079,13.371,10.515,10.555
20241114191705.5,1517.80800148845,14.426,26.992,14.089,13.347,10.509,10.537
20241114191706,1518.29699501395,14.398,27.133,14.075,13.357,10.517,10.547
20241114191706.5,1518.78500282764,14.388,27.272,14.077,13.363,10.503,10.547
20241114191707,1519.2689973861,14.386,27.415,14.073,13.347,10.501,10.549
20241114191707.5,1519.75399777293,14.396,27.539,14.066,13.337,10.515,10.555
20241114191708,1520.23800238967,14.378,27.691,14.06,13.349,10.494,10.537
20241114191708.4,1520.72199694812,14.297,27.826,14.079,13.363,10.529,10.541
20241114191708.9,1521.202994138,14.174,27.95,14.089,13.367,10.521,10.567
20241114191709.4,1521.68699875474,14.073,28.114,14.079,13.359,10.527,10.555
20241114191709.9,1522.17199914157,14.01,28.281,14.05,13.367,10.494,10.535
20241114191710.4,1522.65599370003,13.99,28.426,14.066,13.351,10.507,10.541
20241114191710.9,1523.13999831676,13.939,28.553,14.066,13.351,10.521,10.555
20241114191711.3,1523.62900190055,13.927,28.708,14.079,13.349,10.513,10.535
20241114191711.8,1524.10900332034,13.921,28.845,14.075,13.361,10.511,10.555
20241114191712.3,1524.59399364889,13.875,28.994,14.068,13.355,10.523,10.537
20241114191712.8,1525.08200146258,13.856,29.147,14.081,13.355,10.519,10.551
20241114191713.3,1525.56200288236,13.838,29.313,14.064,13.363,10.509,10.543
20241114191713.8,1526.0470032692,13.872,29.464,14.083,13.347,10.503,10.551
20241114191714.3,1526.53099782765,13.935,29.652,14.077,13.347,10.496,10.539
20241114191714.8,1527.03099511564,13.98,29.834,14.073,13.349,10.49,10.545
20241114191715.2,1527.51099653542,13.988,30.008,14.085,13.359,10.515,10.557
20241114191715.7,1527.99599692225,13.988,30.185,14.068,13.339,10.496,10.547
20241114191716.2,1528.48000153899,14.044,30.365,14.073,13.361,10.498,10.557
20241114191716.7,1528.96500192583,14.044,30.563,14.085,13.349,10.494,10.561
20241114191717.2,1529.44899648428,14.042,30.758,14.089,13.351,10.511,10.551
20241114191717.7,1529.93300110102,14.028,30.941,14.066,13.359,10.503,10.557
20241114191718.1,1530.41800148785,14.056,31.127,14.068,13.333,10.505,10.539
20241114191718.6,1530.9019960463,14.048,31.317,14.079,13.345,10.513,10.553
20241114191719.1,1531.38600066304,14.052,31.487,14.068,13.333,10.509,10.555
20241114191719.6,1531.89799748361,14.04,31.689,14.072,13.349,10.492,10.537
20241114191720.1,1532.38599523902,14.068,31.89,14.072,13.355,10.509,10.539
20241114191720.6,1532.87499882281,14.099,32.065,14.073,13.355,10.496,10.541
20241114191721.1,1533.35500024259,14.103,32.272,14.087,13.345,10.507,10.559
20241114191721.6,1533.83599743247,14.101,32.474,14.081,13.333,10.501,10.543
20241114191722,1534.31599885225,14.068,32.68,14.062,13.337,10.505,10.553
20241114191722.5,1534.81599614024,14.062,32.883,14.064,13.341,10.515,10.545
20241114191723,1535.30099652708,14.03,33.093,14.083,13.337,10.501,10.543
20241114191723.5,1535.78500114381,14.05,33.307,14.077,13.323,10.509,10.543
20241114191724,1536.2650025636,14.042,33.561,14.085,13.351,10.525,10.547
20241114191724.5,1536.76499985158,14.022,33.829,14.081,13.343,10.511,10.545
20241114191725,1537.25000023842,14,34.086,14.079,13.335,10.49,10.559
20241114191725.4,1537.7300016582,14.006,34.329,14.073,13.349,10.496,10.535
20241114191725.9,1538.21899518371,14.002,34.605,14.075,13.343,10.498,10.545
20241114191726.4,1538.72199989855,14.008,34.854,14.091,13.347,10.517,10.541
20241114191726.9,1539.21099342406,13.974,35.1,14.073,13.353,10.498,10.537
20241114191727.4,1539.6949980408,14.008,35.348,14.083,13.347,10.529,10.533
20241114191727.9,1540.19899852574,14.048,35.592,14.089,13.343,10.498,10.533
20241114191728.4,1540.68300314248,14.091,35.83,14.083,13.355,10.517,10.537
20241114191728.9,1541.18300043046,14.056,36.07,14.095,13.345,10.503,10.539
20241114191729.4,1541.67199395597,14.022,36.277,14.081,13.349,10.511,10.559
20241114191729.9,1542.15599857271,13.99,36.525,14.062,13.357,10.509,10.525
20241114191730.4,1542.63599999249,13.897,36.778,14.085,13.353,10.501,10.541
20241114191730.8,1543.12100037932,13.86,37.504,14.097,13.339,10.507,10.539
20241114191731.3,1543.60899813473,13.802,37.954,14.073,13.353,10.488,10.537
20241114191731.8,1544.10500228405,13.767,38.31,14.093,13.359,10.496,10.525
20241114191732.3,1544.59399580956,13.737,38.542,14.101,13.347,10.492,10.537
20241114191732.8,1545.07800042629,13.745,38.798,14.101,13.357,10.498,10.535
20241114191733.3,1545.57399451733,13.782,39.094,14.099,13.333,10.509,10.535
20241114191733.8,1546.06200233102,13.818,39.351,14.085,13.341,10.511,10.547
20241114191734.3,1546.5429995209,13.85,39.647,14.113,13.345,10.505,10.545
20241114191734.8,1547.03099727631,13.832,39.938,14.099,13.347,10.488,10.535
20241114191735.2,1547.51500189304,13.836,40.186,14.089,13.327,10.511,10.537
20241114191735.7,1547.99599908292,13.883,40.435,14.105,13.351,10.509,10.527
20241114191736.2,1548.47999364138,13.933,40.718,14.113,13.343,10.517,10.555
20241114191736.7,1548.96899722517,13.949,40.993,14.111,13.343,10.515,10.545
20241114191737.2,1549.46500137448,13.967,41.318,14.107,13.351,10.49,10.549
20241114191737.7,1549.95299912989,13.941,41.63,14.105,13.371,10.501,10.539
20241114191738.2,1550.43699368834,13.929,41.936,14.093,13.341,10.492,10.531
20241114191738.6,1550.91800093651,13.933,42.23,14.087,13.333,10.509,10.539
20241114191739.1,1551.40199549496,13.925,42.53,14.097,13.359,10.513,10.541
20241114191739.6,1551.8860001117,13.903,42.847,14.103,13.353,10.509,10.533
20241114191740.1,1552.38300003111,13.852,43.186,14.087,13.335,10.513,10.549
20241114191740.6,1552.87099778652,13.832,43.542,14.111,13.363,10.498,10.555
20241114191741.1,1553.36299873888,13.834,43.891,14.105,13.359,10.494,10.541
20241114191741.6,1553.84700335562,13.822,44.257,14.101,13.341,10.507,10.541
20241114191742.1,1554.33199368417,13.852,44.625,14.095,13.349,10.509,10.531
20241114191742.5,1554.81199510396,13.822,45.029,14.115,13.343,10.488,10.545
20241114191743,1555.31200245023,13.802,45.48,14.109,13.359,10.498,10.539
20241114191743.5,1555.79700283706,13.774,45.866,14.095,13.363,10.521,10.541
20241114191744,1556.27699419856,13.776,46.286,14.103,13.357,10.492,10.525
20241114191744.5,1556.7609988153,13.818,46.727,14.131,13.349,10.511,10.551
20241114191745,1557.24599920213,13.877,47.151,14.093,13.363,10.496,10.531
20241114191745.4,1557.72600062191,13.866,47.592,14.107,13.355,10.515,10.555
20241114191745.9,1558.21100100875,13.856,48.001,14.111,13.345,10.496,10.531
20241114191746.4,1558.69100242853,13.848,48.356,14.095,13.355,10.503,10.543
20241114191746.9,1559.17600281537,13.854,48.767,14.093,13.353,10.509,10.543
20241114191747.4,1559.65999737382,13.832,49.206,14.117,13.372,10.501,10.529
20241114191747.9,1560.14400199056,13.842,49.582,14.121,13.357,10.525,10.539
20241114191748.3,1560.62900237739,13.927,50.004,14.125,13.349,10.507,10.555
20241114191748.8,1561.11299693584,13.969,50.457,14.115,13.371,10.496,10.539
20241114191749.3,1561.59700155258,13.982,50.948,14.131,13.374,10.503,10.545
20241114191749.8,1562.07799874246,14.006,51.431,14.137,13.343,10.513,10.535
20241114191750.3,1562.55800016224,14.034,51.972,14.131,13.353,10.492,10.547
20241114191750.8,1563.04699368775,14.083,52.703,14.139,13.372,10.521,10.527
20241114191751.3,1563.53099830449,14.066,53.495,14.135,13.345,10.501,10.551
20241114191751.7,1564.0270024538,14.087,54.061,14.117,13.363,10.509,10.553
20241114191752.2,1564.51099701226,14.046,54.592,14.129,13.363,10.494,10.545
20241114191752.7,1564.99599739909,14.038,55.07,14.137,13.371,10.505,10.555
20241114191753.2,1565.49599468708,14.038,55.603,14.139,13.361,10.515,10.547
20241114191753.7,1565.98400250077,14.075,56.28,14.139,13.359,10.517,10.565
20241114191754.2,1566.47999659181,14.062,57.161,14.135,13.367,10.521,10.551
20241114191754.7,1566.96499697864,14.042,57.961,14.139,13.355,10.486,10.543
20241114191755.2,1567.44900159538,14.058,58.749,14.145,13.371,10.496,10.537
20241114191755.7,1567.93299615383,14.058,59.407,14.137,13.351,10.486,10.539
20241114191756.1,1568.42199973762,14.07,59.955,14.141,13.376,10.494,10.539
20241114191756.6,1568.9020011574,14.085,60.454,14.133,13.378,10.501,10.539
20241114191757.1,1569.40199844539,14.111,61,14.105,13.349,10.505,10.543
20241114191757.6,1569.88600306213,14.105,61.443,14.127,13.361,10.509,10.545
20241114191758.1,1570.36700025201,14.135,62.002,14.129,13.363,10.494,10.533
20241114191758.6,1570.85099481046,14.149,62.716,14.145,13.371,10.496,10.533
20241114191759.1,1571.3359951973,14.139,63.462,14.123,13.388,10.515,10.551
20241114191759.5,1571.81599661708,14.157,64.17,14.129,13.359,10.509,10.559
20241114191800,1572.29699380696,14.165,64.804,14.129,13.361,10.507,10.545
20241114191800.5,1572.7809984237,14.208,65.38,14.147,13.38,10.509,10.543
20241114191801,1573.28499890864,14.232,65.974,14.129,13.371,10.505,10.559
20241114191801.5,1573.776999861,14.258,66.558,14.135,13.361,10.501,10.547
20241114191802,1574.27699714899,14.26,67.275,14.135,13.38,10.523,10.559
20241114191802.5,1574.76100176573,14.295,67.867,14.145,13.376,10.509,10.539
20241114191803,1575.24999529123,14.351,68.556,14.127,13.371,10.515,10.541
20241114191803.5,1575.75000263751,14.382,69.251,14.141,13.374,10.505,10.551
20241114191803.9,1576.229993999,14.42,69.848,14.145,13.355,10.509,10.553
20241114191804.4,1576.71899758279,14.464,70.919,14.151,13.38,10.515,10.533
20241114191804.9,1577.20300219953,14.499,71.76,14.192,13.378,10.513,10.545
20241114191805.4,1577.68699675798,14.539,72.577,14.18,13.374,10.507,10.543
20241114191805.9,1578.17199714482,14.551,73.316,14.178,13.376,10.513,10.545
20241114191806.4,1578.65600176156,14.616,73.968,14.171,13.386,10.501,10.547
20241114191806.9,1579.15599904954,14.654,74.752,14.163,13.386,10.503,10.543
20241114191807.4,1579.65200319886,14.703,75.507,14.169,13.361,10.525,10.533
20241114191807.9,1580.15200048685,14.713,76.31,14.143,13.376,10.515,10.539
20241114191808.4,1580.65199777484,14.711,77.042,14.153,13.371,10.511,10.543
20241114191808.9,1581.14800192416,14.699,78,14.149,13.371,10.515,10.541
20241114191809.4,1581.63599967957,14.598,79.205,14.155,13.374,10.498,10.543
20241114191809.8,1582.1210000664,14.519,80.534,14.135,13.388,10.496,10.551
20241114191810.3,1582.62099735439,14.442,81.715,14.149,13.372,10.507,10.551
20241114191810.8,1583.1089951098,14.371,82.539,14.133,13.355,10.523,10.551
20241114191811.3,1583.60499925911,14.305,83.279,14.147,13.378,10.503,10.543
20241114191811.8,1584.0940028429,14.226,84.097,14.165,13.376,10.519,10.555
20241114191812.3,1584.57799740136,14.2,85.022,14.135,13.365,10.507,10.525
20241114191812.8,1585.05799882114,14.22,85.743,14.139,13.372,10.511,10.529
20241114191813.3,1585.54299920797,14.238,86.668,14.161,13.382,10.503,10.547
20241114191813.8,1586.04299649596,14.254,87.519,14.153,13.363,10.521,10.539
20241114191814.2,1586.5270011127,14.22,88.351,14.145,13.365,10.509,10.541
20241114191814.7,1587.00799830258,14.21,89.287,14.165,13.371,10.519,10.545
20241114191815.2,1587.49599605799,14.234,90.241,14.151,13.361,10.513,10.549
20241114191815.7,1587.98000067472,14.258,91.216,14.157,13.365,10.503,10.535
20241114191816.2,1588.46500106156,14.242,92.111,14.167,13.384,10.513,10.549
20241114191816.7,1588.94500248134,14.264,93.06,14.171,13.369,10.509,10.535
20241114191817.1,1589.42899703979,14.242,93.936,14.155,13.382,10.511,10.561
20241114191817.6,1589.91399742663,14.228,94.887,14.145,13.38,10.492,10.561
20241114191818.1,1590.39800204337,14.165,95.896,14.169,13.376,10.525,10.537
20241114191818.6,1590.8830024302,14.095,96.845,14.171,13.374,10.498,10.559
20241114191819.1,1591.36699698865,14.046,97.748,14.165,13.363,10.503,10.543
20241114191819.6,1591.85499474406,13.969,99.043,14.155,13.39,10.521,10.545
20241114191820.1,1592.3399951309,13.939,100.26,14.153,13.359,10.496,10.541
20241114191820.6,1592.84000247717,13.957,101.349,14.171,13.372,10.498,10.551
20241114191821,1593.32399703562,13.901,102.241,14.165,13.384,10.49,10.535
20241114191821.5,1593.82000118494,13.905,103.226,14.173,13.376,10.517,10.549
20241114191822,1594.30399574339,13.927,104.553,14.192,13.367,10.503,10.535
20241114191822.5,1594.80400308967,13.967,106.036,14.184,13.372,10.515,10.549
20241114191823,1595.2890034765,13.996,107.673,14.184,13.384,10.501,10.539
20241114191823.5,1595.78900076449,14.006,109.135,14.169,13.384,10.505,10.545
20241114191824,1596.26499898732,14.03,110.676,14.174,13.378,10.511,10.529
20241114191824.5,1596.74999937415,14.042,112.238,14.163,13.4,10.513,10.549
20241114191825,1597.24999666214,14.062,114.075,14.19,13.384,10.517,10.531
20241114191825.5,1597.74999395013,14.056,115.733,14.174,13.374,10.519,10.559
20241114191825.9,1598.22999536991,13.994,117.169,14.171,13.386,10.509,10.537
20241114191826.4,1598.71499575675,13.923,118.418,14.159,13.392,10.519,10.549
20241114191826.9,1599.20300357044,13.911,119.499,14.163,13.382,10.505,10.537
20241114191827.4,1599.68699812889,13.899,120.588,14.163,13.369,10.523,10.551
20241114191827.9,1600.16799531877,13.909,121.663,14.171,13.372,10.513,10.559
20241114191828.4,1600.65600313246,13.982,122.684,14.19,13.355,10.511,10.539
20241114191828.9,1601.13999769092,14.002,123.924,14.184,13.363,10.503,10.531
20241114191829.3,1601.62499807775,14.02,125.099,14.19,13.382,10.511,10.527
20241114191829.8,1602.12899856269,14.052,126.307,14.174,13.367,10.529,10.535
20241114191830.3,1602.62899585068,14.052,127.437,14.167,13.367,10.511,10.555
20241114191830.9,1603.13299633563,14.064,128.629,14.198,13.386,10.519,10.545
20241114191831.4,1603.6439973861,14.072,130.007,14.196,13.384,10.519,10.549
20241114191831.8,1604.12899777293,14.087,131.381,14.178,13.371,10.501,10.551
20241114191832.3,1604.62500192225,14.091,132.866,14.196,13.376,10.517,10.527
20241114191832.8,1605.11299967766,14.091,134.323,14.192,13.372,10.501,10.527
20241114191833.3,1605.59699423611,14.131,135.892,14.196,13.378,10.498,10.541
20241114191833.8,1606.08199462295,14.157,137.606,14.184,13.376,10.521,10.537
20241114191834.3,1606.56599923968,14.19,139.142,14.204,13.396,10.521,10.543
20241114191834.8,1607.05099962652,14.236,140.814,14.182,13.382,10.509,10.537
20241114191835.3,1607.5310010463,14.274,142.427,14.171,13.372,10.511,10.549
20241114191835.7,1608.01499560475,14.311,143.692,14.192,13.367,10.507,10.555
20241114191836.2,1608.49999599159,14.382,145.114,14.184,13.363,10.492,10.543
20241114191836.7,1608.99999327958,14.382,146.812,14.202,13.371,10.484,10.549
20241114191837.2,1609.48399789631,14.416,148.663,14.186,13.365,10.507,10.525
20241114191837.7,1609.98000204563,14.432,150.555,14.198,13.39,10.496,10.539
20241114191838.2,1610.46899557114,14.426,152.406,14.208,13.369,10.521,10.531
20241114191838.7,1610.95300018787,14.454,154.245,14.192,13.371,10.507,10.545
20241114191839.2,1611.43300160766,14.456,156.084,14.192,13.376,10.503,10.545
20241114191839.6,1611.91800199449,14.42,157.682,14.18,13.378,10.505,10.547
20241114191840.1,1612.39800341427,14.41,159.072,14.182,13.376,10.501,10.541
20241114191840.6,1612.89800070226,14.378,160.443,14.204,13.376,10.515,10.563
20241114191841.1,1613.3830010891,14.353,162.128,14.202,13.386,10.503,10.531
20241114191841.6,1613.8709988445,14.343,164.151,14.192,13.376,10.513,10.539
20241114191842.1,1614.36700299382,14.347,166.732,14.192,13.382,10.529,10.557
20241114191842.6,1614.86700028181,14.369,168.843,14.202,13.376,10.49,10.549
20241114191843.1,1615.34700170159,14.38,170.522,14.198,13.382,10.509,10.553
20241114191843.6,1615.84699898958,14.355,172.181,14.18,13.365,10.505,10.549
20241114191844.1,1616.33199937642,14.378,173.973,14.206,13.386,10.503,10.547
20241114191844.5,1616.81599393487,14.359,175.767,14.196,13.376,10.486,10.557
20241114191845,1617.31600128114,14.297,177.423,14.18,13.367,10.517,10.541
20241114191845.5,1617.81599856913,14.289,179.063,14.184,13.374,10.501,10.529
20241114191846,1618.29699575901,14.196,180.571,14.19,13.39,10.511,10.539
20241114191846.5,1618.78100037575,14.178,181.904,14.182,13.363,10.509,10.529
20241114191847,1619.26899813116,14.115,183.343,14.184,13.357,10.519,10.549
20241114191847.5,1619.75800171494,14.044,184.765,14.2,13.378,10.496,10.537
20241114191848,1620.25000266731,13.996,186.416,14.178,13.365,10.505,10.565
20241114191848.4,1620.72999402881,13.984,187.808,14.198,13.382,10.505,10.529
20241114191848.9,1621.2189976126,14.01,189.222,14.186,13.386,10.501,10.539
20241114191849.4,1621.71500176191,14.04,190.603,14.196,13.39,10.509,10.531
20241114191849.9,1622.1950031817,14.002,192.53,14.196,13.371,10.503,10.537
20241114191850.4,1622.6830009371,13.994,194.967,14.196,13.38,10.496,10.533
20241114191850.9,1623.16800132394,13.99,197.511,14.206,13.372,10.507,10.531
20241114191851.4,1623.66399541497,14.024,199.192,14.224,13.388,10.492,10.539
20241114191851.9,1624.14800003171,14.048,200.934,14.212,13.384,10.503,10.531
20241114191852.4,1624.63599778712,14.018,203.014,14.232,13.382,10.492,10.545
20241114191852.8,1625.116994977,14.02,205.313,14.204,13.382,10.507,10.543
20241114191853.3,1625.60500279069,14.034,207.202,14.222,13.355,10.513,10.541
20241114191853.8,1626.09000317752,14.008,208.883,14.214,13.376,10.496,10.557
20241114191854.3,1626.59000046551,14.014,210.619,14.204,13.4,10.505,10.527
20241114191854.8,1627.08599455655,14.038,212.457,14.21,13.392,10.496,10.559
20241114191855.3,1627.56999917328,14.052,214.439,14.224,13.384,10.498,10.557
20241114191855.8,1628.05399373174,14.097,216.493,14.204,13.382,10.494,10.531
20241114191856.3,1628.54299731553,14.068,218.533,14.202,13.384,10.503,10.535
20241114191856.7,1629.02299873531,14.077,220.715,14.2,13.378,10.509,10.529
20241114191857.2,1629.51900288463,14.024,222.952,14.224,13.376,10.511,10.531
20241114191857.7,1630.00000007451,13.986,225.174,14.2,13.398,10.484,10.551
20241114191858.2,1630.48399463296,13.943,227.525,14.202,13.39,10.513,10.539
20241114191858.7,1630.97599558532,13.881,229.751,14.206,13.402,10.519,10.543
20241114191859.2,1631.46099597216,13.836,231.748,14.228,13.386,10.501,10.537
20241114191859.7,1631.94500058889,13.79,233.816,14.222,13.39,10.484,10.535
20241114191900.1,1632.42899514735,13.772,236.143,14.224,13.394,10.505,10.535
20241114191900.6,1632.91399553418,13.771,238.65,14.226,13.376,10.515,10.549
20241114191901.1,1633.39399695396,13.772,241.03,14.216,13.372,10.496,10.553
20241114191901.6,1633.88300053775,13.772,243.17,14.2,13.394,10.505,10.539
20241114191902.1,1634.3979947269,13.776,245.238,14.21,13.392,10.49,10.535
20241114191902.6,1634.88299511373,13.848,247.91,14.224,13.39,10.503,10.557
20241114191903.1,1635.36699973047,13.866,250.314,14.21,13.384,10.498,10.537
20241114191903.6,1635.8629938215,13.877,252.784,14.23,13.392,10.498,10.551
20241114191904.1,1636.34400106966,13.885,255.173,14.208,13.394,10.507,10.555
20241114191904.6,1636.83600202203,13.927,257.558,14.224,13.374,10.494,10.561
20241114191905,1637.32399977744,13.992,259.975,14.208,13.406,10.503,10.543
20241114191905.5,1637.82399706542,13.982,262.358,14.216,13.38,10.488,10.551
20241114191906,1638.32399435341,13.988,264.772,14.216,13.396,10.496,10.551
20241114191906.5,1638.80799897015,14.012,267.522,14.206,13.392,10.511,10.547
20241114191907,1639.29299935699,13.992,270.062,14.224,13.404,10.521,10.551
20241114191907.5,1639.7890035063,13.933,272.522,14.232,13.392,10.488,10.555
20241114191908,1640.2689948678,13.945,274.987,14.228,13.392,10.492,10.567
20241114191908.5,1640.75399525464,13.917,277.906,14.222,13.384,10.505,10.541
20241114191909,1641.23399667442,13.945,280.76,14.226,13.384,10.494,10.553
20241114191909.5,1641.73799715936,13.959,283.534,14.226,13.386,10.492,10.559
20241114191909.9,1642.2220017761,13.949,286.001,14.224,13.392,10.509,10.549
20241114191910.4,1642.7109953016,13.984,289.098,14.226,13.41,10.486,10.555
20241114191910.9,1643.19099672139,14.02,292.122,14.216,13.384,10.523,10.543
20241114191911.4,1643.67599710822,14.022,295.184,14.238,13.386,10.488,10.567
20241114191911.9,1644.16000172496,14.002,298.239,14.224,13.394,10.484,10.553
20241114191912.4,1644.64399628341,13.976,301.681,14.242,13.396,10.501,10.555
20241114191912.8,1645.12899667025,13.945,305.2,14.244,13.402,10.496,10.543
20241114191913.3,1645.62899395823,14.01,310.275,14.238,13.396,10.496,10.563
20241114191913.8,1646.11700177193,14.07,316.247,14.242,13.394,10.515,10.545
20241114191914.3,1646.59700319171,14.073,323.8,14.238,13.4,10.498,10.549
20241114191914.8,1647.08200357854,14.105,332.243,14.242,13.41,10.494,10.543
20241114191915.3,1647.58200086653,14.111,343.104,14.238,13.388,10.503,10.549
20241114191915.8,1648.06599542499,14.105,356.903,14.236,13.396,10.507,10.555
20241114191916.3,1648.5619995743,14.133,375.283,14.228,13.412,10.503,10.537
20241114191916.8,1649.04699996114,14.125,407.963,14.23,13.384,10.492,10.543
20241114191917.3,1649.54699724913,14.115,446.36,14.234,13.384,10.515,10.547
20241114191917.8,1650.03100186586,14.123,489.107,14.244,13.39,10.482,10.551
20241114191918.2,1650.51499642432,14.133,535.675,14.254,13.404,10.49,10.541
20241114191918.7,1651.00400000811,14.139,548.274,14.234,13.396,10.496,10.547
20241114191919.2,1651.49999409914,14.143,494.678,14.228,13.39,10.478,10.527
20241114191919.7,1651.98399871588,14.109,471.9,14.234,13.388,10.484,10.535
20241114191920.2,1652.46899910271,14.075,481.89,14.228,13.404,10.501,10.543
20241114191920.7,1652.95299366117,14.123,498.682,14.254,13.392,10.501,10.525
20241114191921.2,1653.45300100744,14.073,528.198,14.232,13.398,10.478,10.567
20241114191921.7,1653.94899509847,13.996,561.799,14.262,13.408,10.503,10.541
20241114191922.2,1654.44499924779,13.998,553.726,14.246,13.398,10.49,10.543
20241114191922.7,1654.9329970032,14.06,517.001,14.272,13.414,10.501,10.545
20241114191923.1,1655.42900115252,14.024,533.226,14.248,13.398,10.476,10.541
20241114191923.6,1655.91799467802,14.018,536.364,14.248,13.396,10.501,10.543
20241114191924.1,1656.3979960978,14.04,524.682,14.242,13.402,10.503,10.555
20241114191924.6,1656.88299648464,14.068,520.08,14.256,13.412,10.492,10.543
20241114191925.1,1657.37900063396,14.089,517.199,14.252,13.394,10.49,10.563
20241114191925.6,1657.86299519241,14.174,526.879,14.266,13.404,10.507,10.551
20241114191926.1,1658.3510030061,14.345,544.203,14.272,13.402,10.494,10.553
20241114191926.6,1658.84699709713,14.39,563.208,14.293,13.402,10.505,10.565
20241114191927.1,1659.34699438512,14.374,583.397,14.297,13.398,10.482,10.545
20241114191927.5,1659.82800163329,14.376,587.008,14.285,13.402,10.505,10.553
20241114191928,1660.31199619174,14.363,569.037,14.299,13.414,10.492,10.547
20241114191928.5,1660.80800034106,14.394,578.694,14.293,13.392,10.492,10.535
20241114191929,1661.29300072789,14.373,586.512,14.279,13.41,10.501,10.547
20241114191929.5,1661.7809984833,14.272,576.519,14.291,13.422,10.494,10.553
20241114191930,1662.26500310004,14.192,577.697,14.281,13.416,10.501,10.557
20241114191930.5,1662.74600028992,14.135,587.289,14.27,13.402,10.501,10.551
20241114191931,1663.24599757791,14.048,604.347,14.274,13.414,10.513,10.517
20241114191931.4,1663.72599899769,14.014,600.842,14.266,13.406,10.501,10.555
20241114191931.9,1664.22200314701,13.986,599.26,14.272,13.408,10.496,10.549
20241114191932.4,1664.70699347556,13.955,618.276,14.283,13.39,10.498,10.549
20241114191932.9,1665.20299762487,13.992,616.245,14.274,13.428,10.503,10.543
20241114191933.4,1665.68700224161,13.909,626.75,14.283,13.43,10.501,10.559
20241114191933.9,1666.17599576712,13.891,619.929,14.301,13.42,10.501,10.537
20241114191934.4,1666.67900048196,13.838,624.121,14.291,13.418,10.482,10.561
20241114191934.9,1667.19500049949,13.834,633.979,14.272,13.412,10.492,10.567
20241114191935.4,1667.69499778748,13.784,645.204,14.291,13.412,10.505,10.545
20241114191935.9,1668.17599497736,13.769,660.114,14.275,13.41,10.49,10.553
20241114191936.4,1668.65999959409,13.733,721.533,14.321,13.41,10.507,10.549
20241114191936.9,1669.15999688208,13.778,753.975,14.317,13.41,10.492,10.547
20241114191937.4,1669.64400149882,13.751,730.082,14.311,13.418,10.486,10.551
20241114191937.8,1670.12900188565,13.747,698.888,14.299,13.42,10.496,10.543
20241114191938.3,1670.61699964106,13.78,571.497,14.319,13.392,10.476,10.543
20241114191938.8,1671.10099419951,14.05,273.76,14.313,13.42,10.505,10.551
20241114191939.3,1671.58599458635,14.899,177.796,14.321,13.42,10.507,10.539
20241114191939.8,1672.07400240004,15.973,124.835,14.303,13.412,10.494,10.545
20241114191940.3,1672.55799695849,16.196,90.576,14.311,13.416,10.509,10.551
20241114191940.8,1673.05799424648,16.277,67.783,14.327,13.424,10.509,10.543
20241114191941.3,1673.54299463332,16.337,53.852,14.319,13.408,10.494,10.553
20241114191941.8,1674.03499558568,15.955,44.483,14.337,13.408,10.517,10.545
20241114191942.2,1674.51900020242,15.674,37.551,14.323,13.426,10.507,10.545
20241114191942.7,1675.00799372792,15.454,32.574,14.323,13.418,10.513,10.543
20241114191943.2,1675.48799514771,15.325,28.9,14.317,13.444,10.507,10.567
20241114191943.7,1675.96900239587,15.287,26.06,14.335,13.422,10.505,10.547
20241114191944.2,1676.45299695432,15.204,23.815,14.327,13.412,10.513,10.545
20241114191944.7,1676.93700157106,15.117,21.975,14.319,13.426,10.498,10.535
20241114191945.2,1677.43699885905,15.062,20.476,14.323,13.428,10.486,10.559
20241114191945.6,1677.91799604893,14.992,19.325,14.331,13.422,10.505,10.563
20241114191946.1,1678.40200066566,14.945,18.39,14.345,13.394,10.488,10.553
20241114191946.6,1678.8979947567,14.915,17.668,14.321,13.428,10.501,10.547
20241114191947.1,1679.38600257039,14.875,17.085,14.335,13.41,10.492,10.571
20241114191947.6,1679.88599985838,14.83,16.646,14.309,13.416,10.492,10.543
20241114191948.1,1680.38599714637,14.796,16.317,14.323,13.426,10.492,10.561
20241114191948.6,1680.88299706578,14.796,16.05,14.335,13.42,10.498,10.559
20241114191949.1,1681.39800131321,14.816,15.81,14.313,13.43,10.49,10.555
20241114191949.6,1681.8979986012,14.834,15.656,14.319,13.412,10.515,10.535
20241114191950.1,1682.39799588919,14.826,15.523,14.329,13.426,10.511,10.551
20241114191950.6,1682.89800323546,14.82,15.386,14.317,13.404,10.505,10.557
20241114191951.1,1683.41000005603,14.812,15.287,14.323,13.396,10.503,10.549
20241114191951.6,1683.89399461448,14.78,15.163,14.331,13.412,10.48,10.557
20241114191952.1,1684.39400196075,14.773,15.074,14.323,13.41,10.496,10.565
20241114191952.6,1684.88999605179,14.753,15.048,14.341,13.412,10.503,10.559
20241114191953.1,1685.39000339806,14.723,14.99,14.345,13.41,10.482,10.549
20241114191953.6,1685.87899692357,14.668,14.957,14.311,13.394,10.505,10.555
20241114191954.1,1686.37500107288,14.666,14.893,14.333,13.384,10.494,10.543
20241114191954.6,1686.85899563134,14.642,14.81,14.335,13.416,10.486,10.561
20241114191955.1,1687.36299611628,14.666,14.751,14.323,13.418,10.503,10.561
20241114191955.6,1687.8590002656,14.62,14.703,14.321,13.404,10.49,10.567
20241114191956.1,1688.33999745548,14.596,14.622,14.321,13.402,10.511,10.537
20241114191956.6,1688.83999474347,14.472,14.511,14.337,13.406,10.476,10.555
20241114191957,1689.3239993602,14.394,14.43,14.331,13.394,10.492,10.545
20241114191957.5,1689.80799391866,14.367,14.4,14.367,13.424,10.494,10.553
20241114191958,1690.29699750245,14.329,14.369,14.388,13.426,10.482,10.543
20241114191958.5,1690.79699479043,14.331,14.38,14.388,13.4,10.494,10.545
20241114191959,1691.28500260413,14.347,14.428,14.373,13.422,10.505,10.553
20241114191959.5,1691.76899716258,14.345,14.412,14.384,13.42,10.492,10.557
20241114191960,1692.24999435246,14.272,14.311,14.386,13.422,10.488,10.543
20241114192000.5,1692.75000169873,14.174,14.258,14.404,13.438,10.505,10.569
20241114192001,1693.23799945414,14.139,14.232,14.418,13.422,10.494,10.541
20241114192001.5,1693.73799674213,14.145,14.212,14.404,13.438,10.515,10.553
20241114192002,1694.25399675965,14.125,14.206,14.418,13.432,10.492,10.553
20241114192002.5,1694.75399404764,14.135,14.182,14.412,13.43,10.511,10.553
20241114192003,1695.25400139391,14.105,14.163,14.43,13.444,10.507,10.539
20241114192003.5,1695.74999548495,14.081,14.149,14.475,13.45,10.494,10.551
20241114192004,1696.23400010169,14.105,14.137,14.479,13.458,10.503,10.551
20241114192004.4,1696.72999419272,14.095,14.192,14.501,13.444,10.503,10.543
20241114192005,1697.23399467766,14.123,14.206,14.521,13.456,10.496,10.551
20241114192005.4,1697.7189950645,14.131,14.236,14.537,13.442,10.49,10.543
20241114192005.9,1698.21900241077,14.155,14.228,14.517,13.444,10.482,10.547
20241114192006.4,1698.72199706733,14.21,14.266,14.557,13.47,10.488,10.561
20241114192006.9,1699.20299425721,14.222,14.289,14.559,13.479,10.496,10.545
20241114192007.4,1699.69499520957,14.238,14.303,14.547,13.47,10.498,10.533
20241114192007.9,1700.19500255585,14.244,14.317,14.537,13.481,10.521,10.555
20241114192008.4,1700.69499984384,14.26,14.301,14.539,13.475,10.488,10.557
20241114192008.9,1701.19900032878,14.275,14.315,14.553,13.485,10.468,10.539
20241114192009.4,1701.68699808419,14.315,14.311,14.543,13.497,10.503,10.557
20241114192009.9,1702.18300223351,14.325,14.349,14.553,13.489,10.496,10.537
20241114192010.4,1702.68700271845,14.418,14.365,14.557,13.485,10.494,10.543
20241114192010.9,1703.18299680948,14.434,14.416,14.6,13.489,10.509,10.563
20241114192011.4,1703.66799719632,14.434,14.468,14.582,13.509,10.492,10.547
20241114192011.9,1704.15999814868,14.398,14.438,14.594,13.503,10.496,10.557
20241114192012.4,1704.64400276542,14.422,14.45,14.576,13.507,10.501,10.567
20241114192012.8,1705.12900315225,14.473,14.477,14.574,13.505,10.492,10.545
20241114192013.3,1705.62900044024,14.539,14.503,14.576,13.507,10.501,10.543
20241114192013.8,1706.12899772823,14.563,14.521,14.574,13.499,10.492,10.555
20241114192014.3,1706.62500187755,14.571,14.535,14.576,13.503,10.496,10.543
20241114192014.8,1707.108996436,14.525,14.539,14.543,13.499,10.517,10.561
20241114192015.3,1707.60500058532,14.497,14.533,14.525,13.499,10.498,10.559
20241114192015.8,1708.09000097215,14.466,14.483,14.525,13.501,10.496,10.561
20241114192016.3,1708.57399553061,14.446,14.489,14.529,13.497,10.486,10.553
20241114192016.8,1709.07799601555,14.485,14.527,14.511,13.485,10.513,10.569
20241114192017.3,1709.57400016487,14.493,14.507,14.523,13.491,10.498,10.539
20241114192017.8,1710.05799472332,14.527,14.555,14.509,13.475,10.498,10.559
20241114192018.3,1710.54699830711,14.586,14.588,14.495,13.462,10.501,10.555
20241114192018.8,1711.0469955951,14.576,14.612,14.477,13.477,10.498,10.559
20241114192019.3,1711.54700294137,14.551,14.65,14.479,13.475,10.492,10.571
20241114192019.8,1712.0429970324,14.519,14.648,14.485,13.493,10.476,10.543
20241114192020.2,1712.52700164914,14.495,14.675,14.499,13.485,10.509,10.541
20241114192020.7,1713.01099620759,14.505,14.618,14.497,13.456,10.498,10.541
20241114192021.2,1713.50799612701,14.519,14.533,14.485,13.468,10.494,10.541
20241114192021.7,1713.99200074375,14.495,14.483,14.497,13.481,10.507,10.559
20241114192022.2,1714.47200216353,14.444,14.418,14.507,13.483,10.515,10.543
20241114192022.7,1714.95700255036,14.39,14.361,14.479,13.477,10.494,10.539
20241114192023.2,1715.4529966414,14.365,14.392,14.472,13.483,10.501,10.561
20241114192023.7,1715.95299392939,14.39,14.384,14.491,13.462,10.49,10.541
20241114192024.2,1716.43699854612,14.394,14.367,14.483,13.468,10.507,10.551
20241114192024.7,1716.93300269544,14.38,14.333,14.479,13.483,10.498,10.551
20241114192025.2,1717.43700318038,14.355,14.27,14.497,13.462,10.49,10.545
20241114192025.6,1717.92199350893,14.343,14.275,14.503,13.47,10.484,10.555
20241114192026.2,1718.43299455941,14.392,14.236,14.515,13.458,10.503,10.555
20241114192026.6,1718.9219981432,14.373,14.206,14.499,13.466,10.496,10.551
20241114192027.1,1719.42199543118,14.327,14.23,14.507,13.464,10.498,10.553
20241114192027.6,1719.92200277746,14.305,14.141,14.515,13.481,10.492,10.553
20241114192028.1,1720.42200006545,14.242,14.121,14.493,13.47,10.505,10.561
20241114192028.6,1720.90999782085,14.176,14.105,14.501,13.45,10.494,10.541
20241114192029.1,1721.40600197017,14.145,14.024,14.473,13.473,10.478,10.529
20241114192029.6,1721.90199606121,14.075,13.986,14.479,13.46,10.484,10.557
20241114192030.1,1722.40199334919,14.068,13.986,14.487,13.466,10.507,10.571
20241114192030.6,1722.92199656367,14.034,13.915,14.475,13.473,10.498,10.553
20241114192031.2,1723.4370008111,14.002,13.901,14.483,13.464,10.511,10.547
20241114192031.7,1723.94899763167,13.988,13.913,14.475,13.454,10.488,10.543
20241114192032.2,1724.43300224841,13.982,13.893,14.487,13.462,10.492,10.557
20241114192032.6,1724.91800263524,13.99,13.921,14.507,13.458,10.523,10.569
20241114192033.2,1725.43299682438,13.99,13.915,14.477,13.448,10.505,10.551
20241114192033.7,1725.93299411237,13.978,13.937,14.475,13.448,10.494,10.539
20241114192034.1,1726.42899826169,14.02,13.953,14.491,13.47,10.503,10.563
20241114192034.7,1726.93299874663,14,13.951,14.483,13.462,10.478,10.559
20241114192035.1,1727.41799913347,14.008,13.927,14.497,13.444,10.496,10.557
20241114192035.6,1727.91400328279,13.972,13.937,14.509,13.464,10.496,10.545
20241114192036.1,1728.41799370944,13.978,13.967,14.505,13.454,10.503,10.551
20241114192036.6,1728.91399785876,14.024,14.026,14.491,13.454,10.496,10.551
20241114192037.1,1729.41399514675,14.05,14.062,14.479,13.464,10.496,10.537
20241114192037.6,1729.91799563169,14.085,14.101,14.491,13.44,10.494,10.539
20241114192038.1,1730.41800297797,14.123,14.129,14.483,13.45,10.492,10.575
20241114192038.6,1730.91800026596,14.141,14.151,14.473,13.454,10.488,10.555
20241114192039.1,1731.41399435699,14.147,14.145,14.513,13.471,10.505,10.553
20241114192039.6,1731.91400170326,14.18,14.163,14.489,13.456,10.501,10.571
20241114192040.1,1732.4099957943,14.194,14.226,14.491,13.452,10.482,10.555
20241114192040.6,1732.8979935497,14.287,14.319,14.507,13.45,10.494,10.553
20241114192041.1,1733.40199403465,14.347,14.41,14.509,13.464,10.484,10.561
20241114192041.6,1733.89399498701,14.345,14.396,14.503,13.47,10.505,10.541
20241114192042.1,1734.3829985708,14.347,14.365,14.497,13.454,10.482,10.553
20241114192042.6,1734.87900272012,14.331,14.345,14.523,13.448,10.486,10.553
20241114192043.1,1735.36299727857,14.335,14.345,14.521,13.466,10.484,10.567
20241114192043.6,1735.84700189531,14.313,14.341,14.539,13.456,10.482,10.531
20241114192044.1,1736.3469991833,14.323,14.333,14.529,13.454,10.496,10.543
20241114192044.6,1736.83600276709,14.333,14.327,14.525,13.444,10.482,10.543
20241114192045,1737.31999732554,14.315,14.325,14.509,13.454,10.486,10.547
20241114192045.5,1737.8119982779,14.345,14.363,14.509,13.46,10.505,10.543
20241114192046,1738.31599876285,14.363,14.41,14.507,13.466,10.49,10.545
20241114192046.5,1738.81599605083,14.327,14.513,14.511,13.454,10.505,10.557
20241114192047,1739.31600339711,14.309,14.614,14.527,13.46,10.486,10.555
20241114192047.5,1739.80400115252,14.323,14.644,14.511,13.458,10.494,10.543
20241114192048,1740.28499834239,14.309,14.624,14.533,13.47,10.488,10.567
20241114192048.5,1740.78499563038,14.291,14.567,14.523,13.45,10.501,10.545
20241114192049,1741.28500297666,14.315,14.489,14.537,13.45,10.492,10.565
20241114192049.5,1741.78099706769,14.315,14.41,14.519,13.47,10.492,10.553
20241114192050,1742.2689948231,14.275,14.275,14.519,13.464,10.49,10.557
20241114192050.5,1742.76900216937,14.224,14.23,14.529,13.44,10.503,10.565
20241114192051,1743.26899945736,14.21,14.22,14.517,13.44,10.494,10.549
20241114192051.5,1743.75800304115,14.216,14.184,14.521,13.471,10.492,10.547
20241114192052,1744.27299723029,14.21,14.159,14.533,13.464,10.503,10.541
20241114192052.5,1744.75799761713,14.196,14.095,14.523,13.45,10.49,10.559
20241114192053,1745.24200223386,14.125,14.052,14.535,13.464,10.505,10.561
20241114192053.5,1745.7379963249,14.095,14.002,14.519,13.466,10.507,10.559
20241114192054,1746.23799361289,14.022,13.969,14.521,13.46,10.492,10.557
20241114192054.4,1746.72199822962,13.996,13.909,14.525,13.456,10.484,10.549
20241114192054.9,1747.20699861646,13.937,13.866,14.517,13.452,10.49,10.543
20241114192055.4,1747.70699590445,13.935,13.883,14.535,13.462,10.492,10.537
20241114192055.9,1748.19499365985,13.98,13.919,14.531,13.47,10.492,10.555
20241114192056.4,1748.69500100613,14.008,13.937,14.531,13.442,10.519,10.555
20241114192056.9,1749.18700195849,14.016,13.935,14.545,13.456,10.49,10.555
20241114192057.4,1749.68699924648,14.024,13.955,14.537,13.471,10.49,10.549
20241114192057.9,1750.17600283027,14.062,13.996,14.547,13.464,10.505,10.543
20241114192058.4,1750.66400058568,14.113,14.044,14.543,13.464,10.494,10.567
20241114192058.9,1751.16399787366,14.163,14.119,14.557,13.442,10.482,10.553
20241114192059.4,1751.6480024904,14.178,14.125,14.557,13.46,10.503,10.567
20241114192059.9,1752.14799977839,14.147,14.091,14.551,13.473,10.498,10.555
20241114192100.4,1752.63300016522,14.149,14.139,14.551,13.46,10.488,10.565
20241114192100.9,1753.13299745321,14.184,14.139,14.557,13.47,10.494,10.551
20241114192101.3,1753.62900160253,14.234,14.159,14.561,13.456,10.503,10.549
20241114192101.8,1754.11299616098,14.283,14.188,14.563,13.47,10.486,10.555
20241114192102.3,1754.60499711335,14.337,14.22,14.567,13.46,10.486,10.553
20241114192102.8,1755.10499440134,14.374,14.262,14.557,13.477,10.505,10.561
20241114192103.3,1755.60500174761,14.382,14.305,14.545,13.456,10.503,10.571
20241114192103.8,1756.10099583864,14.428,14.337,14.557,13.45,10.484,10.549
20241114192104.3,1756.59400261939,14.483,14.402,14.551,13.477,10.505,10.553
20241114192104.8,1757.09399990737,14.511,14.41,14.557,13.462,10.509,10.563
20241114192105.3,1757.58199766278,14.507,14.438,14.545,13.458,10.494,10.551
20241114192105.8,1758.08199495077,14.487,14.432,14.559,13.458,10.482,10.579
20241114192106.3,1758.57799910009,14.46,14.351,14.561,13.448,10.498,10.571
20241114192106.8,1759.06199365854,14.424,14.283,14.561,13.466,10.496,10.565
20241114192107.3,1759.55099724233,14.384,14.22,14.549,13.47,10.505,10.555
20241114192107.8,1760.03899499774,14.355,14.155,14.561,13.47,10.498,10.567
20241114192108.3,1760.53499914706,14.277,14.099,14.567,13.464,10.484,10.565
20241114192108.8,1761.05099916458,14.161,14.034,14.535,13.454,10.496,10.567
20241114192109.3,1761.55099645257,14.101,14.014,14.557,13.46,10.492,10.565
20241114192109.8,1762.05099374056,14.087,14.04,14.567,13.478,10.511,10.549
20241114192110.3,1762.54699788988,14.068,13.998,14.553,13.466,10.494,10.563
20241114192110.8,1763.05099837482,14.06,14.024,14.577,13.474,10.499,10.561
20241114192111.3,1763.54700252414,14.072,14.006,14.586,13.468,10.509,10.567
20241114192111.8,1764.04299661517,14.054,13.988,14.588,13.458,10.488,10.549
20241114192112.3,1764.54299390316,14.024,13.957,14.563,13.456,10.498,10.559
20241114192112.8,1765.04300124943,14.02,14.034,14.58,13.456,10.513,10.567
20241114192113.3,1765.53899534047,14.068,14.068,14.578,13.45,10.494,10.563
20241114192113.7,1766.02700315416,14.133,14.083,14.569,13.452,10.486,10.557
20241114192114.2,1766.51500090957,14.19,14.075,14.572,13.468,10.48,10.551
20241114192114.7,1767.01900139451,14.246,14.028,14.567,13.446,10.513,10.565
20241114192115.2,1767.51499548554,14.262,13.994,14.569,13.475,10.474,10.559
20241114192115.7,1768.01500283182,14.218,13.961,14.561,13.462,10.488,10.547
20241114192116.2,1768.51500011981,14.176,13.951,14.569,13.466,10.501,10.553
20241114192116.7,1769.01900060475,14.137,13.971,14.572,13.458,10.503,10.557
20241114192117.2,1769.50799413025,14.151,13.961,14.588,13.47,10.505,10.549
20241114192117.7,1770.00399827957,14.103,13.978,14.598,13.464,10.501,10.569
20241114192118.2,1770.48800289631,14.085,13.994,14.58,13.456,10.492,10.557
20241114192118.7,1770.97199745476,14.103,14.03,14.571,13.479,10.498,10.549
20241114192119.2,1771.47199474275,14.077,13.996,14.592,13.456,10.482,10.545
20241114192119.7,1771.96899466217,14.044,13.992,14.594,13.464,10.507,10.561
20241114192120.2,1772.47199937701,14.052,13.98,14.602,13.47,10.49,10.549
20241114192120.7,1772.95699976385,14.036,13.99,14.592,13.466,10.49,10.565
20241114192121.2,1773.44499751925,14.034,13.971,14.582,13.45,10.492,10.561
20241114192121.7,1773.94499480724,14.012,13.992,14.61,13.483,10.49,10.559
20241114192122.1,1774.42600205541,14.028,14.026,14.586,13.46,10.503,10.561
20241114192122.6,1774.9259993434,14.054,14,14.598,13.475,10.501,10.551
20241114192123.1,1775.42200349271,14.032,13.971,14.596,13.462,10.496,10.563
20241114192123.6,1775.92599391937,14.016,13.988,14.602,13.462,10.478,10.557
20241114192124.1,1776.40999853611,14.002,13.961,14.61,13.479,10.474,10.565
20241114192124.6,1776.89400315285,14.01,13.929,14.598,13.462,10.474,10.557
20241114192125.1,1777.39400044084,14.004,13.947,14.598,13.462,10.498,10.545
20241114192125.6,1777.89399772882,14.03,13.943,14.608,13.477,10.492,10.561
20241114192126.1,1778.37899811566,14.008,13.883,14.626,13.464,10.501,10.539
20241114192126.6,1778.87099906802,13.961,13.891,14.622,13.466,10.482,10.557
20241114192127.1,1779.36700321734,13.913,13.877,14.632,13.487,10.486,10.543
20241114192127.6,1779.870993644,13.913,13.887,14.644,13.466,10.496,10.575
20241114192128.1,1780.37100099027,13.891,13.903,14.638,13.456,10.492,10.557
20241114192128.6,1780.87099827826,13.919,13.947,14.648,13.468,10.484,10.575
20241114192129.1,1781.38600252569,13.937,13.943,14.642,13.489,10.492,10.547
20241114192129.6,1781.89799934626,13.976,13.953,14.66,13.487,10.494,10.555
20241114192130.1,1782.4019998312,13.978,13.963,14.634,13.487,10.498,10.547
20241114192130.6,1782.90199711919,13.998,13.957,14.652,13.477,10.492,10.561
20241114192131.1,1783.40199440718,14,14,14.642,13.481,10.494,10.561
20241114192131.6,1783.89799855649,14.006,14.028,14.679,13.475,10.501,10.555
20241114192132.1,1784.39799584448,14.066,14.054,14.666,13.485,10.49,10.539
20241114192132.6,1784.89800319076,14.101,14.058,14.672,13.503,10.496,10.549
20241114192133.1,1785.39399728179,14.111,14.068,14.656,13.477,10.494,10.563
20241114192133.6,1785.89399456978,14.103,14.079,14.652,13.487,10.505,10.553
20241114192134.1,1786.4099945873,14.056,14.022,14.677,13.481,10.478,10.563
20241114192134.6,1786.91000193357,14.012,14.026,14.652,13.483,10.501,10.561
20241114192135.1,1787.42199875414,14.052,14.042,14.63,13.491,10.484,10.543
20241114192135.6,1787.91800290346,14.05,14.052,14.658,13.495,10.486,10.543
20241114192136.1,1788.40199746192,14.066,14.07,14.658,13.475,10.488,10.553
20241114192136.6,1788.88600207865,14.105,14.123,14.664,13.468,10.492,10.559
20241114192137.1,1789.38599936664,14.153,14.163,14.658,13.464,10.49,10.531
20241114192137.6,1789.89799618721,14.178,14.139,14.656,13.483,10.478,10.567
20241114192138.1,1790.39400033653,14.155,14.139,14.652,13.466,10.484,10.565
20241114192138.6,1790.88600128889,14.151,14.147,14.677,13.489,10.49,10.543
20241114192139.1,1791.38599857688,14.178,14.147,14.683,13.481,10.501,10.539
20241114192139.6,1791.88599586487,14.188,14.155,14.693,13.47,10.486,10.537
20241114192140.1,1792.37900264561,14.163,14.149,14.691,13.497,10.482,10.557
20241114192140.6,1792.86700040102,14.163,14.127,14.707,13.479,10.49,10.577
20241114192141.1,1793.36699768901,14.157,14.101,14.693,13.491,10.501,10.541
20241114192141.6,1793.85100230575,14.141,14.107,14.713,13.489,10.496,10.547
20241114192142.1,1794.35099959373,14.153,14.151,14.729,13.485,10.507,10.547
20241114192142.6,1794.85099688172,14.19,14.169,14.691,13.493,10.517,10.541
20241114192143.1,1795.35099416971,14.196,14.171,14.691,13.495,10.488,10.553
20241114192143.6,1795.8399977535,14.186,14.139,14.707,13.507,10.47,10.565
20241114192144.1,1796.33600190282,14.173,14.119,14.699,13.487,10.48,10.539
20241114192144.6,1796.83199599385,14.129,14.085,14.715,13.495,10.486,10.567
20241114192145.1,1797.33200334013,14.111,14.066,14.723,13.491,10.488,10.571
20241114192145.5,1797.82000109553,14.119,14.056,14.717,13.489,10.49,10.563
20241114192146,1798.31599518657,14.077,14.026,14.707,13.515,10.503,10.557
20241114192146.5,1798.81999567151,14.07,14.042,14.691,13.479,10.503,10.563
20241114192147,1799.31599982083,14.083,14.068,14.695,13.505,10.494,10.549
20241114192147.5,1799.81599710882,14.093,14.089,14.707,13.509,10.511,10.551
20241114192148,1800.31599439681,14.097,14.075,14.715,13.505,10.496,10.549
20241114192148.5,1800.81199854612,14.099,14.075,14.687,13.509,10.482,10.561
20241114192149,1801.30100212991,14.091,14.066,14.683,13.503,10.494,10.543
20241114192149.5,1801.8009994179,14.072,14.087,14.695,13.491,10.494,10.551
20241114192150,1802.29699350893,14.101,14.111,14.701,13.477,10.494,10.565
20241114192150.5,1802.78500132263,14.127,14.165,14.709,13.501,10.503,10.541
20241114192151,1803.28099541366,14.155,14.184,14.695,13.509,10.486,10.557
20241114192151.5,1803.7849958986,14.188,14.222,14.709,13.493,10.513,10.553
20241114192152,1804.29700277746,14.216,14.281,14.721,13.493,10.498,10.549
20241114192152.5,1804.78500053287,14.248,14.212,14.723,13.501,10.49,10.553
20241114192153,1805.28499782085,14.216,14.171,14.717,13.525,10.501,10.553
20241114192153.5,1805.7889983058,14.196,14.161,14.737,13.505,10.492,10.559
20241114192154,1806.28500245512,14.22,14.173,14.737,13.491,10.501,10.547
20241114192154.5,1806.76899701357,14.208,14.159,14.737,13.493,10.488,10.563
20241114192155,1807.27299749851,14.178,14.153,14.721,13.499,10.49,10.543
20241114192155.5,1807.75799788535,14.184,14.131,14.721,13.511,10.501,10.565
20241114192156,1808.24200250208,14.147,14.079,14.737,13.495,10.482,10.557
20241114192156.5,1808.73799659312,14.093,13.996,14.731,13.495,10.498,10.569
20241114192157,1809.23799388111,14.044,13.976,14.727,13.501,10.494,10.543
20241114192157.4,1809.7260016948,14.01,13.959,14.743,13.481,10.496,10.545
20241114192157.9,1810.2149952203,13.994,13.963,14.751,13.493,10.496,10.559
20241114192158.4,1810.71500256658,14.014,13.984,14.733,13.497,10.496,10.553
20241114192158.9,1811.21499985456,13.988,13.945,14.747,13.507,10.505,10.551
20241114192159.4,1811.71499714255,13.957,13.951,14.749,13.481,10.509,10.551
20241114192159.9,1812.2189976275,13.98,13.967,14.759,13.491,10.503,10.559
20241114192200.4,1812.71500177681,14.004,13.971,14.739,13.487,10.509,10.561
20241114192200.9,1813.2149990648,14.004,13.99,14.729,13.468,10.529,10.547
20241114192201.4,1813.71100321412,14.026,14.03,14.743,13.501,10.501,10.557
20241114192201.9,1814.21100050211,14.06,14.03,14.745,13.493,10.515,10.547
20241114192202.4,1814.70699459314,14.111,14.087,14.737,13.479,10.492,10.561
20241114192202.9,1815.20700193942,14.145,14.151,14.745,13.493,10.501,10.555
20241114192203.4,1815.7069992274,14.167,14.147,14.761,13.497,10.507,10.547
20241114192203.9,1816.20699651539,14.19,14.18,14.747,13.505,10.494,10.533
20241114192204.4,1816.70300066471,14.167,14.19,14.749,13.493,10.492,10.561
20241114192204.9,1817.2029979527,14.169,14.18,14.784,13.491,10.49,10.547
20241114192205.4,1817.70299524069,14.194,14.208,14.774,13.493,10.507,10.557
20241114192205.9,1818.20300258696,14.196,14.188,14.778,13.495,10.501,10.559
20241114192206.4,1818.7070030719,14.192,14.218,14.765,13.481,10.49,10.557
20241114192206.9,1819.19099763036,14.22,14.234,14.773,13.509,10.49,10.541
20241114192207.4,1819.69099491835,14.232,14.264,14.769,13.495,10.519,10.539
20241114192207.9,1820.18699906766,14.266,14.303,14.767,13.507,10.505,10.555
20241114192208.4,1820.68699635565,14.305,14.285,14.771,13.509,10.505,10.553
20241114192208.9,1821.18699364364,14.238,14.178,14.774,13.503,10.501,10.543
20241114192209.4,1821.70299366117,14.121,14.054,14.767,13.493,10.49,10.549
20241114192209.9,1822.20699414611,14.026,13.996,14.776,13.509,10.49,10.539
20241114192210.4,1822.70299829543,14.006,13.971,14.774,13.493,10.486,10.559
20241114192210.9,1823.20299558342,14.012,14.004,14.765,13.491,10.503,10.539
20241114192211.4,1823.70300292969,13.994,14.01,14.782,13.501,10.494,10.553
20241114192211.9,1824.18699748814,14.026,14.048,14.773,13.499,10.498,10.551
20241114192212.4,1824.69099797308,14.034,13.994,14.784,13.501,10.507,10.553
20241114192212.9,1825.1870021224,13.984,13.953,14.79,13.489,10.496,10.551
20241114192213.4,1825.68699941039,13.978,13.963,14.81,13.493,10.503,10.565
20241114192213.9,1826.19099989533,14.02,13.994,14.806,13.491,10.496,10.539
20241114192214.4,1826.69099718332,13.998,13.945,14.794,13.495,10.505,10.549
20241114192214.9,1827.18700133264,13.939,13.937,14.794,13.493,10.482,10.545
20241114192215.4,1827.67599485815,13.967,13.955,14.838,13.499,10.521,10.549
20241114192215.9,1828.17199900746,13.967,13.955,14.814,13.513,10.488,10.545
20241114192216.4,1828.67599949241,13.976,13.961,14.812,13.493,10.484,10.535
20241114192216.9,1829.17199358344,13.959,13.931,14.814,13.493,10.503,10.551
20241114192217.4,1829.67200092971,13.923,13.919,14.834,13.489,10.494,10.541
20241114192217.9,1830.18699511886,13.925,13.919,14.808,13.501,10.507,10.533
20241114192218.4,1830.68700246513,13.965,13.959,14.834,13.501,10.501,10.549
20241114192218.9,1831.18699975312,14.006,14,14.842,13.491,10.488,10.533
20241114192219.4,1831.68299384415,14.04,14.02,14.868,13.497,10.482,10.569
20241114192219.9,1832.18699432909,14.066,14.03,14.887,13.507,10.492,10.549
20241114192220.4,1832.68700167537,14.072,14.072,14.909,13.511,10.486,10.531
20241114192220.9,1833.1720020622,14.103,14.089,14.909,13.523,10.498,10.561
20241114192221.4,1833.68699625134,14.131,14.115,14.931,13.517,10.505,10.553
20241114192221.9,1834.19099673629,14.178,14.157,14.967,13.519,10.505,10.535
20241114192222.4,1834.70299355686,14.216,14.21,14.961,13.511,10.49,10.547
20241114192222.9,1835.20300090313,14.242,14.258,14.971,13.541,10.498,10.545
20241114192223.4,1835.70700138807,14.291,14.327,14.945,13.545,10.494,10.545
20241114192223.9,1836.22199557722,14.38,14.359,14.937,13.517,10.486,10.521
20241114192224.4,1836.71099916101,14.414,14.386,14.939,13.537,10.48,10.551
20241114192224.9,1837.19899691641,14.464,14.454,14.935,13.539,10.501,10.545
20241114192225.4,1837.69500106573,14.533,14.517,14.931,13.529,10.494,10.543
20241114192225.9,1838.19499835372,14.513,14.559,14.955,13.557,10.505,10.535
20241114192226.4,1838.69100250304,14.477,14.533,14.959,13.537,10.49,10.535
20241114192226.9,1839.19500298798,14.44,14.487,14.935,13.533,10.48,10.539
20241114192227.4,1839.69099707901,14.406,14.446,14.911,13.531,10.492,10.523
20241114192227.9,1840.18700122833,14.394,14.422,14.911,13.515,10.498,10.535
20241114192228.4,1840.67599475384,14.426,14.444,14.913,13.525,10.474,10.531
20241114192228.9,1841.17600210011,14.45,14.493,14.925,13.545,10.507,10.549
20241114192229.4,1841.67199619114,14.454,14.499,14.915,13.535,10.511,10.559
20241114192229.9,1842.17199347913,14.487,14.509,14.895,13.547,10.511,10.563
20241114192230.4,1842.67200082541,14.517,14.539,14.921,13.521,10.507,10.537
20241114192230.9,1843.17600131035,14.541,14.563,14.899,13.515,10.496,10.535
20241114192231.4,1843.67199540138,14.574,14.588,14.897,13.525,10.505,10.539
20241114192231.9,1844.17200274765,14.58,14.598,14.899,13.511,10.505,10.545
20241114192232.4,1844.67200003564,14.576,14.608,14.917,13.541,10.49,10.543
20241114192232.9,1845.17199732363,14.606,14.634,14.929,13.521,10.488,10.541
20241114192233.4,1845.66800147295,14.598,14.675,14.917,13.541,10.513,10.551
20241114192233.9,1846.16799876094,14.62,14.658,14.931,13.531,10.484,10.565
20241114192234.4,1846.65599651635,14.648,14.662,14.945,13.531,10.49,10.537
20241114192234.9,1847.15999700129,14.673,14.677,14.935,13.527,10.515,10.545
20241114192235.4,1847.66399748623,14.681,14.673,14.951,13.515,10.476,10.559
20241114192235.9,1848.18699806929,14.705,14.691,14.967,13.545,10.492,10.569
20241114192236.4,1848.67199845612,14.707,14.691,14.961,13.539,10.517,10.547
20241114192236.9,1849.17199574411,14.729,14.674,14.975,13.543,10.492,10.543
20241114192237.4,1849.67200309038,14.707,14.666,14.969,13.547,10.505,10.553
20241114192237.9,1850.15599764884,14.717,14.602,14.957,13.545,10.507,10.553
20241114192238.4,1850.65200179815,14.705,14.547,14.99,13.571,10.515,10.559
20241114192238.9,1851.15999542177,14.691,14.531,14.988,13.555,10.511,10.545
20241114192239.4,1851.65199637413,14.676,14.509,14.971,13.537,10.492,10.557
20241114192239.9,1852.15599685907,14.699,14.519,14.984,13.543,10.515,10.549
20241114192240.4,1852.65599414706,14.715,14.535,14.975,13.555,10.517,10.561
20241114192240.9,1853.15600149333,14.739,14.553,14.979,13.539,10.531,10.551
20241114192241.4,1853.65199558437,14.745,14.606,14.967,13.571,10.501,10.551
20241114192241.9,1854.15200293064,14.773,14.664,14.986,13.559,10.497,10.565
20241114192242.4,1854.66399975121,14.779,14.658,14.971,13.547,10.505,10.541
20241114192242.9,1855.14799430966,14.717,14.644,15.016,13.561,10.511,10.569
20241114192243.4,1855.66799752414,14.676,14.638,15.012,13.571,10.531,10.557
20241114192243.9,1856.16799481213,14.67,14.648,15,13.563,10.509,10.559
20241114192244.4,1856.6680021584,14.626,14.569,15.004,13.547,10.505,10.559
20241114192244.9,1857.16399624944,14.588,14.586,14.998,13.555,10.531,10.553
20241114192245.4,1857.66400359571,14.583,14.454,14.996,13.547,10.505,10.529
20241114192245.9,1858.15999768674,14.462,14.406,14.977,13.547,10.513,10.557
20241114192246.4,1858.67599770427,14.418,14.351,14.996,13.567,10.519,10.555
20241114192246.9,1859.17599499226,14.367,14.317,14.988,13.573,10.505,10.543
20241114192247.4,1859.67600233853,14.303,14.262,15.016,13.559,10.503,10.547
20241114192247.9,1860.17199642956,14.169,14.204,14.998,13.563,10.515,10.535
20241114192248.4,1860.65999418497,14.125,14.204,14.99,13.549,10.494,10.545
20241114192248.9,1861.15599833429,14.115,14.206,14.998,13.539,10.511,10.545
20241114192249.4,1861.65599562228,14.137,14.192,14.99,13.535,10.488,10.529
20241114192249.9,1862.15600296855,14.097,14.176,15.01,13.545,10.496,10.549
20241114192250.4,1862.65199705958,14.139,14.186,14.994,13.539,10.494,10.531
20241114192250.9,1863.1480012089,14.151,14.169,14.99,13.553,10.501,10.525
20241114192251.4,1863.64799849689,14.178,14.178,14.994,13.543,10.509,10.559
20241114192251.9,1864.14799578488,14.2,14.2,14.992,13.567,10.507,10.543
20241114192252.4,1864.6439999342,14.198,14.18,15.02,13.547,10.496,10.543
20241114192252.9,1865.14399722219,14.22,14.184,15.016,13.555,10.496,10.547
20241114192253.4,1865.6400013715,14.21,14.186,15.02,13.547,10.492,10.551
20241114192253.9,1866.13599546254,14.22,14.186,15.022,13.549,10.501,10.533
20241114192254.4,1866.65199548006,14.23,14.194,15.014,13.549,10.509,10.533
20241114192254.9,1867.14000329375,14.224,14.23,15.026,13.545,10.48,10.543
20241114192255.4,1867.64000058174,14.23,14.2,15.03,13.533,10.49,10.551
20241114192255.9,1868.13999786973,14.238,14.204,15.046,13.563,10.496,10.543
20241114192256.4,1868.65599788725,14.244,14.258,15.054,13.551,10.488,10.537
20241114192256.9,1869.15599517524,14.23,14.26,15.032,13.563,10.482,10.533
20241114192257.4,1869.65199932456,14.256,14.281,15.05,13.561,10.472,10.527
20241114192257.9,1870.15199661255,14.279,14.289,15.046,13.565,10.492,10.561
20241114192258.4,1870.65199390054,14.317,14.309,15.05,13.559,10.505,10.537
20241114192258.9,1871.14000171423,14.359,14.321,15.03,13.551,10.486,10.539
20241114192259.4,1871.63999900222,14.382,14.333,15.04,13.563,10.476,10.543
20241114192259.9,1872.14399948716,14.402,14.353,15.038,13.557,10.488,10.533
20241114192300.4,1872.63600043952,14.41,14.361,15.044,13.563,10.488,10.539
20241114192300.8,1873.12499396503,14.408,14.349,15.064,13.557,10.507,10.545
20241114192301.3,1873.6250013113,14.404,14.359,15.07,13.551,10.494,10.541
20241114192301.8,1874.12499859929,14.41,14.359,15.07,13.557,10.492,10.551
20241114192302.3,1874.62499588728,14.46,14.371,15.062,13.572,10.48,10.535
20241114192302.8,1875.12500323355,14.509,14.408,15.081,13.586,10.494,10.549
20241114192303.3,1875.62500052154,14.545,14.436,15.103,13.555,10.476,10.543
20241114192303.8,1876.12499780953,14.543,14.41,15.081,13.551,10.48,10.541
20241114192304.3,1876.62499509752,14.521,14.418,15.091,13.551,10.486,10.541
20241114192304.8,1877.12500244379,14.539,14.454,15.072,13.588,10.492,10.547
20241114192305.3,1877.62499973178,14.535,14.475,15.081,13.567,10.492,10.553
20241114192305.8,1878.12499701977,14.559,14.511,15.075,13.576,10.501,10.541
20241114192306.3,1878.62499430776,14.517,14.458,15.074,13.553,10.505,10.553
20241114192306.8,1879.12099845707,14.331,14.378,15.066,13.539,10.494,10.539
20241114192307.3,1879.62499894202,14.151,14.252,15.079,13.559,10.492,10.541
20241114192307.8,1880.12100309134,14.077,14.171,15.075,13.567,10.48,10.533
20241114192308.3,1880.62499351799,13.988,14.131,15.083,13.559,10.505,10.539
20241114192308.8,1881.12099766731,13.972,14.101,15.085,13.545,10.486,10.545
20241114192309.4,1881.63600191474,13.947,14.115,15.105,13.541,10.494,10.539
20241114192309.9,1882.15200193226,13.967,14.125,15.089,13.549,10.49,10.537
20241114192310.4,1882.6479960233,14.016,14.129,15.097,13.551,10.496,10.535
20241114192310.9,1883.13599377871,14.02,14.107,15.111,13.561,10.494,10.533
20241114192311.4,1883.63999426365,14.002,14.113,15.129,13.557,10.503,10.529
20241114192311.9,1884.14000160992,14.024,14.103,15.163,13.557,10.498,10.559
20241114192312.4,1884.6719942987,14.028,14.109,15.186,13.57,10.494,10.551
20241114192312.9,1885.16799844801,14.066,14.087,15.173,13.553,10.503,10.549
20241114192313.4,1885.68300269544,14.077,14.081,15.184,13.561,10.498,10.529
20241114192313.9,1886.17899678648,14.155,14.101,15.192,13.569,10.494,10.539
20241114192314.4,1886.67899407446,14.242,14.125,15.176,13.545,10.509,10.527
20241114192314.9,1887.17599399388,14.24,14.165,15.184,13.555,10.48,10.535
20241114192315.4,1887.67600134015,14.192,14.171,15.178,13.557,10.494,10.535
20241114192315.9,1888.17199543118,14.151,14.157,15.155,13.569,10.503,10.545
20241114192316.4,1888.68699967861,14.129,14.169,15.178,13.563,10.484,10.541
20241114192316.9,1889.1869969666,14.151,14.163,15.173,13.567,10.494,10.535
20241114192317.4,1889.68699425459,14.153,14.18,15.214,13.557,10.49,10.523
20241114192317.9,1890.19900113344,14.167,14.198,15.226,13.557,10.505,10.559
20241114192318.4,1890.71500115097,14.159,14.173,15.268,13.584,10.494,10.535
20241114192318.9,1891.210995242,14.151,14.153,15.244,13.565,10.478,10.541
20241114192319.4,1891.71100258827,14.133,14.161,15.26,13.565,10.484,10.551
20241114192319.9,1892.21099987626,14.111,14.157,15.254,13.578,10.494,10.545
20241114192320.4,1892.70699396729,14.089,14.127,15.214,13.57,10.478,10.545
20241114192320.9,1893.20700131357,14.01,14.105,15.206,13.57,10.476,10.537
20241114192321.4,1893.71100179851,14.008,14.073,15.192,13.574,10.507,10.565
20241114192321.9,1894.2109990865,14.048,14.075,15.2,13.567,10.478,10.545
20241114192322.4,1894.71099637449,14.085,14.075,15.194,13.555,10.486,10.551
20241114192322.9,1895.21099366248,14.107,14.089,15.212,13.576,10.492,10.537
20241114192323.4,1895.70699781179,14.169,14.119,15.196,13.574,10.498,10.539
20241114192323.9,1896.20699509978,14.196,14.153,15.198,13.555,10.49,10.549
20241114192324.4,1896.70700244606,14.258,14.194,15.182,13.569,10.476,10.553
20241114192324.9,1897.20299653709,14.268,14.25,15.218,13.555,10.482,10.543
20241114192325.4,1897.70299382508,14.283,14.242,15.196,13.572,10.501,10.549
20241114192325.9,1898.20300117135,14.287,14.264,15.204,13.567,10.476,10.531
20241114192326.4,1898.70299845934,14.285,14.262,15.218,13.563,10.488,10.533
20241114192326.9,1899.20299574733,14.277,14.268,15.214,13.586,10.488,10.549
20241114192327.4,1899.69499669969,14.272,14.262,15.232,13.561,10.505,10.537
20241114192327.9,1900.18699765205,14.281,14.27,15.218,13.569,10.482,10.531
20241114192328.4,1900.68699494004,14.309,14.266,15.24,13.567,10.49,10.539
20241114192328.9,1901.17899589241,14.248,14.163,15.244,13.572,10.501,10.533
20241114192329.4,1901.6869995743,14.222,14.163,15.246,13.555,10.486,10.545
20241114192329.9,1902.18299366534,14.23,14.214,15.218,13.561,10.494,10.555
20241114192330.4,1902.67899781466,14.26,14.232,15.26,13.576,10.49,10.539
20241114192330.9,1903.1829982996,14.275,14.275,15.258,13.576,10.49,10.541
20241114192331.4,1903.68299558759,14.325,14.327,15.281,13.574,10.509,10.539
20241114192331.9,1904.18699607253,14.349,14.345,15.27,13.572,10.507,10.559
20241114192332.4,1904.68300022185,14.422,14.4,15.277,13.572,10.501,10.545
20241114192332.9,1905.18299750984,14.481,14.462,15.285,13.57,10.486,10.535
20241114192333.4,1905.68699799478,14.493,14.491,15.285,13.578,10.507,10.541
20241114192333.9,1906.19899481535,14.483,14.501,15.307,13.592,10.501,10.531
20241114192334.4,1906.69499896467,14.487,14.487,15.317,13.569,10.482,10.535
20241114192334.9,1907.18299672008,14.481,14.481,15.333,13.565,10.507,10.535
20241114192335.4,1907.69499354064,14.481,14.485,15.327,13.586,10.501,10.541
20241114192335.9,1908.19500088692,14.495,14.493,15.331,13.592,10.482,10.525
20241114192336.4,1908.69099497795,14.45,14.46,15.305,13.586,10.474,10.543
20241114192336.9,1909.19100232422,14.414,14.414,15.327,13.59,10.498,10.535
20241114192337.4,1909.69099961221,14.386,14.396,15.319,13.582,10.513,10.541
20241114192337.9,1910.1909969002,14.343,14.378,15.333,13.584,10.48,10.535
20241114192338.4,1910.69099418819,14.289,14.341,15.333,13.594,10.507,10.547
20241114192338.9,1911.19100153446,14.293,14.327,15.341,13.58,10.474,10.519
20241114192339.4,1911.69099882245,14.319,14.351,15.329,13.582,10.496,10.547
20241114192339.9,1912.19099611044,14.339,14.384,15.323,13.594,10.49,10.527
20241114192340.4,1912.67899386585,14.331,14.406,15.333,13.59,10.484,10.553
20241114192340.9,1913.18299435079,14.351,14.376,15.317,13.592,10.488,10.545
20241114192341.4,1913.68300169706,14.323,14.398,15.327,13.586,10.486,10.527
20241114192341.9,1914.18299898505,14.317,14.428,15.339,13.59,10.48,10.539
20241114192342.4,1914.69499580562,14.343,14.46,15.329,13.592,10.49,10.543
20241114192342.9,1915.19099995494,14.361,14.479,15.353,13.576,10.498,10.539
20241114192343.4,1915.69099724293,14.353,14.424,15.369,13.59,10.494,10.529
20241114192343.9,1916.17599762976,14.307,14.402,15.396,13.59,10.48,10.535
20241114192344.4,1916.67599491775,14.297,14.374,15.452,13.596,10.505,10.533
20241114192344.9,1917.1789996326,14.299,14.369,15.464,13.624,10.505,10.533
20241114192345.4,1917.67899692059,14.305,14.357,15.477,13.604,10.484,10.523
20241114192345.9,1918.18299740553,14.323,14.347,15.468,13.642,10.488,10.551
20241114192346.4,1918.67900155485,14.319,14.376,15.448,13.616,10.511,10.541
20241114192346.9,1919.17899884284,14.256,14.315,15.46,13.608,10.49,10.533
20241114192347.4,1919.67599876225,14.246,14.319,15.446,13.622,10.494,10.545
20241114192347.9,1920.17899341881,14.268,14.349,15.462,13.608,10.494,10.543
20241114192348.4,1920.67900076509,14.272,14.317,15.475,13.62,10.49,10.563
20241114192348.9,1921.1760006845,14.299,14.321,15.487,13.634,10.505,10.533
20241114192349.4,1921.67899534106,14.313,14.309,15.483,13.638,10.488,10.539
20241114192349.9,1922.19499535859,14.329,14.329,15.481,13.624,10.476,10.543
20241114192350.4,1922.69500270486,14.347,14.323,15.472,13.624,10.513,10.547
20241114192350.9,1923.19099679589,14.361,14.313,15.491,13.636,10.494,10.535
20241114192351.4,1923.69099408388,14.38,14.343,15.495,13.624,10.507,10.539
20241114192351.9,1924.19100143015,14.376,14.351,15.511,13.634,10.49,10.541
20241114192352.4,1924.69099871814,14.384,14.357,15.513,13.616,10.515,10.527
20241114192352.9,1925.18700286746,14.305,14.359,15.519,13.636,10.492,10.541
20241114192353.4,1925.69099329412,14.289,14.311,15.511,13.644,10.494,10.543
20241114192353.9,1926.18699744344,14.277,14.299,15.515,13.636,10.486,10.547
20241114192354.4,1926.69099792838,14.287,14.285,15.541,13.634,10.501,10.539
20241114192354.9,1927.19099521637,14.252,14.283,15.547,13.646,10.486,10.533
20241114192355.4,1927.68299616873,14.26,14.272,15.559,13.662,10.498,10.531
20241114192355.9,1928.18699665368,14.246,14.283,15.573,13.638,10.472,10.541
20241114192356.4,1928.68300080299,14.252,14.258,15.565,13.626,10.494,10.553
20241114192356.9,1929.17899489403,14.232,14.236,15.559,13.652,10.486,10.547
20241114192357.4,1929.68299537897,14.218,14.236,15.555,13.638,10.488,10.539
20241114192357.9,1930.17899952829,14.222,14.214,15.525,13.638,10.494,10.539
20241114192358.4,1930.67899681628,14.2,14.218,15.501,13.644,10.482,10.531
20241114192358.9,1931.17599673569,14.147,14.171,15.521,13.622,10.492,10.525
20241114192359.4,1931.67599402368,14.133,14.174,15.513,13.62,10.492,10.543
20241114192359.9,1932.18699507415,14.171,14.165,15.507,13.632,10.496,10.533
20241114192400.4,1932.68700242043,14.143,14.155,15.505,13.642,10.482,10.543
20241114192400.9,1933.20300243795,14.145,14.145,15.509,13.636,10.49,10.543
20241114192401.4,1933.70299972594,14.157,14.129,15.515,13.64,10.496,10.529
20241114192401.9,1934.19899381697,14.115,14.077,15.519,13.642,10.513,10.543
20241114192402.4,1934.69900116324,14.115,14.115,15.537,13.632,10.492,10.527
20241114192402.9,1935.19499525428,14.103,14.101,15.521,13.636,10.507,10.549
20241114192403.4,1935.69500260055,14.075,14.091,15.553,13.634,10.496,10.553
20241114192403.9,1936.19499988854,14.04,14.022,15.543,13.62,10.492,10.539
20241114192404.4,1936.69099397957,14.032,14.014,15.545,13.636,10.503,10.545
20241114192404.9,1937.17599436641,14.034,14.03,15.567,13.628,10.482,10.529
20241114192405.4,1937.69500181079,14.028,13.963,15.551,13.62,10.492,10.521
20241114192405.9,1938.20699863136,13.994,13.957,15.567,13.626,10.486,10.519
20241114192406.4,1938.70699591935,13.976,13.937,15.551,13.626,10.498,10.535
20241114192406.9,1939.20700326562,13.953,13.897,15.535,13.61,10.494,10.529
20241114192407.4,1939.70700055361,13.959,13.907,15.561,13.608,10.488,10.545
20241114192407.9,1940.20299464464,13.945,13.891,15.539,13.622,10.501,10.539
20241114192408.4,1940.71899466217,13.951,13.873,15.559,13.62,10.492,10.533
20241114192408.9,1941.22600257397,13.947,13.903,15.567,13.638,10.48,10.557
20241114192409.4,1941.72599986196,13.974,13.937,15.569,13.628,10.482,10.539
20241114192409.9,1942.22599714994,13.982,13.911,15.561,13.63,10.488,10.541
20241114192410.4,1942.72599443793,13.978,13.872,15.576,13.632,10.482,10.527
20241114192410.9,1943.22199858725,13.935,13.808,15.608,13.622,10.509,10.537
20241114192411.4,1943.72199587524,13.879,13.774,15.602,13.598,10.496,10.537
20241114192411.9,1944.21899579465,13.84,13.735,15.604,13.61,10.476,10.539
20241114192412.4,1944.7220005095,13.808,13.771,15.62,13.61,10.507,10.543
20241114192413,1945.23399733007,13.856,13.816,15.656,13.616,10.49,10.545
20241114192413.5,1945.73399461806,13.889,13.856,15.687,13.604,10.496,10.537
20241114192413.9,1946.22999876738,13.939,13.917,15.666,13.614,10.49,10.541
20241114192414.4,1946.72999605536,13.963,13.911,15.672,13.608,10.503,10.529
20241114192414.9,1947.22600020468,13.972,13.925,15.662,13.604,10.484,10.545
20241114192415.4,1947.72599749267,13.992,13.939,15.674,13.622,10.496,10.539
20241114192415.9,1948.22999797761,14.062,13.986,15.699,13.622,10.501,10.527
20241114192416.4,1948.72600212693,14.123,14.068,15.711,13.632,10.486,10.539
20241114192417,1949.23399575055,14.169,14.117,15.725,13.598,10.492,10.531
20241114192417.5,1949.73400309682,14.192,14.149,15.755,13.648,10.492,10.537
20241114192418,1950.23400038481,14.23,14.169,15.776,13.638,10.486,10.523
20241114192418.5,1950.73800086975,14.266,14.19,15.79,13.634,10.494,10.537
20241114192419,1951.23799815774,14.287,14.216,15.763,13.632,10.496,10.525
20241114192419.5,1951.74600183964,14.295,14.254,15.753,13.63,10.48,10.533
20241114192420,1952.24199593067,14.325,14.285,15.747,13.634,10.488,10.537
20241114192420.5,1952.74200327694,14.341,14.333,15.729,13.622,10.498,10.539
20241114192421,1953.24200056493,14.406,14.351,15.731,13.63,10.482,10.537
20241114192421.5,1953.74199785292,14.434,14.408,15.763,13.632,10.484,10.543
20241114192422,1954.23800200224,14.436,14.404,15.745,13.616,10.476,10.531
20241114192422.5,1954.73799929023,14.424,14.396,15.755,13.62,10.501,10.537
20241114192423,1955.23400343955,14.436,14.394,15.782,13.636,10.513,10.535
20241114192423.5,1955.73400072753,14.458,14.402,15.767,13.608,10.47,10.549
20241114192423.9,1956.22999481857,14.452,14.422,15.782,13.61,10.501,10.537
20241114192424.4,1956.73000216484,14.473,14.436,15.761,13.63,10.49,10.527
20241114192425,1957.24199898541,14.477,14.442,15.767,13.618,10.494,10.553
20241114192425.5,1957.75799900293,14.458,14.45,15.755,13.63,10.48,10.527
20241114192426,1958.25400315225,14.416,14.406,15.761,13.614,10.492,10.549
20241114192426.5,1958.75800363719,14.402,14.408,15.759,13.626,10.492,10.531
20241114192427,1959.25399772823,14.378,14.402,15.751,13.63,10.496,10.525
20241114192427.5,1959.75399501622,14.378,14.416,15.749,13.622,10.488,10.533
20241114192428,1960.25400236249,14.388,14.402,15.755,13.638,10.486,10.535
20241114192428.5,1960.75399965048,14.404,14.412,15.759,13.616,10.503,10.533
20241114192429,1961.25399693847,14.404,14.404,15.773,13.642,10.511,10.535
20241114192429.5,1961.75799742341,14.392,14.398,15.776,13.622,10.498,10.551
20241114192430,1962.2579947114,14.378,14.408,15.761,13.618,10.501,10.545
20241114192430.5,1962.75399886072,14.41,14.392,15.773,13.644,10.509,10.545
20241114192431,1963.25399614871,14.396,14.341,15.802,13.628,10.484,10.541
20241114192431.5,1963.75000029802,14.369,14.301,15.8,13.628,10.49,10.541
20241114192432,1964.24999758601,14.319,14.238,15.775,13.618,10.505,10.529
20241114192432.5,1964.749994874,14.289,14.224,15.778,13.608,10.494,10.533
20241114192433,1965.25399535894,14.264,14.19,15.786,13.62,10.509,10.523
20241114192433.5,1965.75400270522,14.178,14.135,15.79,13.626,10.496,10.543
20241114192434,1966.25399999321,14.095,14.054,15.816,13.62,10.517,10.549
20241114192434.5,1966.75800047815,14.034,13.988,15.832,13.634,10.501,10.533
20241114192435,1967.27299466729,13.967,13.959,15.856,13.63,10.488,10.525
20241114192435.5,1967.76899881661,13.961,13.941,15.872,13.628,10.509,10.533
20241114192436,1968.2689961046,13.943,13.897,15.905,13.63,10.511,10.549
20241114192436.5,1968.76899339259,13.921,13.889,15.875,13.632,10.498,10.543
20241114192437,1969.2649975419,13.905,13.881,15.874,13.634,10.498,10.551
20241114192437.5,1969.76100169122,13.907,13.901,15.862,13.628,10.494,10.533
20241114192438,1970.26500217617,13.915,13.866,15.868,13.638,10.511,10.539
20241114192438.5,1970.77699899673,13.899,13.889,15.874,13.63,10.498,10.533
20241114192439,1971.27300314605,13.925,13.913,15.872,13.62,10.505,10.539
20241114192439.5,1971.77300043404,13.941,13.919,15.862,13.624,10.509,10.539
20241114192440,1972.27299772203,13.949,13.941,15.874,13.638,10.503,10.531
20241114192440.5,1972.77299501002,13.984,13.972,15.864,13.636,10.507,10.531
20241114192441,1973.26899915934,14.016,14,15.903,13.648,10.494,10.535
20241114192441.5,1973.77299964428,14.036,14.127,15.893,13.636,10.501,10.551
20241114192442,1974.27299693227,14.151,14.27,15.864,13.646,10.507,10.529
20241114192442.5,1974.78899694979,14.184,14.244,15.911,13.648,10.511,10.561
20241114192443,1975.28899423778,14.18,14.238,15.939,13.654,10.494,10.523
20241114192443.5,1975.78900158405,14.169,14.214,15.978,13.658,10.494,10.565
20241114192444,1976.28899887204,14.19,14.192,16.066,13.668,10.507,10.541
20241114192444.5,1976.78899616003,14.256,14.222,16.216,13.656,10.501,10.539
20241114192445,1977.2890035063,14.244,14.238,16.184,13.677,10.503,10.547
20241114192445.5,1977.80100032687,14.214,14.228,16.307,13.689,10.49,10.549
20241114192446,1978.31200137734,14.228,14.238,16.309,13.707,10.484,10.551
20241114192446.5,1978.81199866533,14.234,14.238,16.398,13.691,10.519,10.563
20241114192447,1979.31199595332,14.272,14.315,17.147,13.719,10.505,10.559
20241114192447.5,1979.82799597085,14.337,14.351,17.018,13.723,10.498,10.533
20241114192448,1980.32800331712,14.353,14.371,16.87,13.731,10.507,10.545
20241114192448.5,1980.82800060511,14.337,14.337,17.44,13.753,10.486,10.541
20241114192449,1981.32399469614,14.357,14.353,17.202,13.761,10.515,10.537
20241114192449.5,1981.82799518108,14.345,14.345,16.957,13.757,10.511,10.555
20241114192450,1982.3239993304,14.406,14.464,16.806,13.747,10.513,10.545
20241114192450.5,1982.81999342144,14.41,14.446,16.677,13.759,10.521,10.553
20241114192451,1983.32000076771,14.466,14.487,16.584,13.755,10.503,10.531
20241114192451.5,1983.8199980557,14.462,14.47,16.541,13.747,10.507,10.555
20241114192452,1984.31600220501,14.456,14.656,16.491,13.751,10.496,10.547
20241114192452.5,1984.82000268996,14.495,14.561,16.462,13.711,10.505,10.551
20241114192453,1985.31999997795,14.466,14.406,16.466,13.747,10.507,10.535
20241114192453.5,1985.81999726593,14.4,14.345,16.436,13.715,10.505,10.551
20241114192454,1986.31999455392,14.384,14.452,16.432,13.733,10.501,10.557
20241114192454.5,1986.8200019002,14.396,14.351,16.424,13.731,10.498,10.535
20241114192455,1987.32799552381,14.313,14.287,16.416,13.731,10.494,10.559
20241114192455.5,1987.82800287008,14.295,14.279,16.414,13.713,10.505,10.561
20241114192456,1988.32800015807,14.307,14.323,16.41,13.705,10.498,10.563
20241114192456.6,1988.83200064301,14.311,14.275,16.426,13.729,10.505,10.545
20241114192457,1989.32799473405,14.289,14.242,16.43,13.713,10.511,10.553
20241114192457.6,1989.84399475157,14.264,14.23,16.416,13.711,10.482,10.555
20241114192458.1,1990.34400209785,14.268,14.222,16.436,13.721,10.501,10.565
20241114192458.6,1990.84399938583,14.287,14.256,16.45,13.735,10.505,10.541
20241114192459.1,1991.34399667382,14.448,14.472,16.483,13.713,10.505,10.543
20241114192459.6,1991.84700138867,14.505,14.452,16.521,13.713,10.503,10.569
20241114192500.1,1992.33999811113,14.549,14.481,16.551,13.725,10.498,10.565
20241114192500.6,1992.84399859607,14.58,14.527,16.567,13.723,10.509,10.537
20241114192501.1,1993.34000274539,14.547,14.475,16.541,13.719,10.498,10.553
20241114192501.6,1993.83599683642,14.507,14.472,16.537,13.713,10.509,10.551
20241114192502.1,1994.35100108385,14.468,14.464,16.553,13.727,10.505,10.553
20241114192502.6,1994.84699517488,14.442,14.458,16.551,13.739,10.507,10.561
20241114192503.1,1995.36299519241,14.406,14.42,16.553,13.749,10.492,10.545
20241114192503.6,1995.86300253868,14.321,14.369,16.557,13.753,10.486,10.563
20241114192504.1,1996.36299982667,14.339,14.353,16.539,13.731,10.501,10.551
20241114192504.6,1996.86299711466,14.335,14.398,16.541,13.723,10.523,10.555
20241114192505.1,1997.35900126398,14.313,14.355,16.543,13.731,10.503,10.557
20241114192505.6,1997.85899855196,14.339,14.373,16.537,13.731,10.507,10.533
20241114192506.1,1998.35899583995,14.343,14.359,16.523,13.725,10.501,10.553
20241114192506.6,1998.85900318623,14.376,14.382,16.553,13.717,10.505,10.535
20241114192507.1,1999.36699680984,14.39,14.418,16.545,13.715,10.496,10.559
20241114192507.6,1999.8589977622,14.406,14.436,16.567,13.717,10.521,10.551
20241114192508.1,2000.3670014441,14.38,14.444,16.594,13.725,10.511,10.561
20241114192508.6,2000.86699873209,14.333,14.41,16.652,13.717,10.507,10.539
20241114192509.1,2001.37899555266,14.329,14.398,16.634,13.727,10.496,10.555
20241114192509.6,2001.87900289893,14.369,14.386,16.656,13.729,10.511,10.541
20241114192510.1,2002.37900018692,14.365,14.408,16.681,13.727,10.498,10.559
20241114192510.6,2002.88599804044,14.4,14.42,16.697,13.717,10.509,10.547
20241114192511.1,2003.38299795985,14.406,14.412,16.747,13.707,10.521,10.561
20241114192511.6,2003.8860026747,14.424,14.43,16.725,13.703,10.488,10.539
20241114192512.1,2004.38300259411,14.418,14.428,16.739,13.729,10.509,10.549
20241114192512.6,2004.8829998821,14.363,14.367,16.747,13.729,10.509,10.545
20241114192513.1,2005.38299717009,14.268,14.295,16.765,13.725,10.519,10.549
20241114192513.6,2005.88600188494,14.198,14.238,16.771,13.729,10.498,10.539
20241114192514.1,2006.38300180435,14.224,14.232,16.79,13.739,10.503,10.551
20241114192514.6,2006.88999965787,14.178,14.22,16.804,13.743,10.509,10.559
20241114192515.1,2007.38999694586,14.119,14.173,16.78,13.733,10.498,10.539
20241114192515.6,2007.8939974308,14.141,14.163,16.816,13.735,10.492,10.543
20241114192516.1,2008.39399471879,14.143,14.153,16.862,13.729,10.507,10.535
20241114192516.6,2008.89400206506,14.099,14.147,16.864,13.739,10.507,10.541
20241114192517.1,2009.39399935305,14.095,14.123,16.834,13.743,10.494,10.547
20241114192517.6,2009.89399664104,14.077,14.099,16.86,13.723,10.507,10.545
20241114192518.1,2010.39000079036,14.101,14.117,16.816,13.727,10.513,10.541
20241114192518.6,2010.88999807835,14.129,14.135,16.84,13.725,10.529,10.539
20241114192519.1,2011.38999536633,14.204,14.19,16.85,13.731,10.503,10.541
20241114192519.6,2011.89399585128,14.214,14.23,16.879,13.737,10.511,10.535
20241114192520.1,2012.40199953318,14.214,14.23,16.885,13.729,10.517,10.533
20241114192520.6,2012.90199682117,14.204,14.24,16.883,13.731,10.496,10.549
20241114192521.1,2013.40199410915,14.21,14.26,16.915,13.745,10.488,10.545
20241114192521.6,2013.91400098801,14.218,14.252,16.953,13.745,10.519,10.551
20241114192522.1,2014.413998276,14.246,14.252,17.004,13.741,10.513,10.567
20241114192522.6,2014.91000242531,14.242,14.264,17.002,13.753,10.49,10.539
20241114192523.1,2015.4099997133,14.258,14.256,17.016,13.747,10.492,10.547
20241114192523.6,2015.90999700129,14.254,14.26,17.04,13.743,10.509,10.551
20241114192524.1,2016.40999428928,14.262,14.238,17.099,13.743,10.507,10.553
20241114192524.6,2016.9259943068,14.268,14.244,17.105,13.743,10.517,10.543
20241114192525.1,2017.41799525917,14.275,14.277,17.131,13.751,10.513,10.537
20241114192525.6,2017.92199574411,14.289,14.256,17.198,13.765,10.513,10.559
20241114192526.1,2018.42200309038,14.305,14.285,17.246,13.767,10.484,10.547
20241114192526.6,2018.92599351704,14.323,14.303,17.196,13.749,10.505,10.525
20241114192527.1,2019.42199766636,14.313,14.333,17.169,13.765,10.513,10.547
20241114192527.7,2019.93700191379,14.341,14.337,17.137,13.761,10.515,10.561
20241114192528.2,2020.43699920177,14.365,14.357,17.099,13.747,10.509,10.553
20241114192528.7,2020.93300335109,14.378,14.363,17.117,13.757,10.517,10.539
20241114192529.1,2021.42899744213,14.394,14.349,17.129,13.765,10.488,10.535
20241114192529.6,2021.92899473011,14.38,14.351,17.105,13.751,10.486,10.555
20241114192530.1,2022.42900207639,14.38,14.345,17.135,13.735,10.511,10.529
20241114192530.6,2022.9260019958,14.337,14.274,17.149,13.759,10.513,10.551
20241114192531.2,2023.44099618495,14.291,14.188,17.147,13.753,10.513,10.551
20241114192531.7,2023.94099347293,14.26,14.105,17.133,13.753,10.509,10.527
20241114192532.3,2024.56599511206,14.19,14.077,17.149,13.759,10.521,10.541
20241114192532.8,2025.08199512959,14.174,14.034,17.188,13.727,10.507,10.543
20241114192533.3,2025.58599561453,14.129,14.058,17.173,13.757,10.527,10.565
20241114192533.8,2026.08199976385,14.083,13.978,17.178,13.759,10.505,10.561
20241114192534.3,2026.58199705184,14.042,13.984,17.18,13.749,10.507,10.565
20241114192534.8,2027.07800120115,13.988,13.947,17.198,13.737,10.498,10.559
20241114192535.3,2027.59699858725,13.941,13.85,17.234,13.743,10.507,10.553
20241114192535.8,2028.10099907219,13.925,13.868,17.238,13.759,10.507,10.547
20241114192536.3,2028.59700322151,13.919,13.873,17.262,13.751,10.507,10.549
20241114192536.8,2029.09400314093,13.899,13.784,17.262,13.755,10.527,10.531
20241114192537.3,2029.59699779749,13.836,13.784,17.287,13.749,10.503,10.549
20241114192537.8,2030.09699508548,13.846,13.794,17.297,13.749,10.486,10.553
20241114192538.3,2030.59700243175,13.893,13.83,17.315,13.759,10.494,10.545
20241114192538.8,2031.09699971974,13.877,13.85,17.299,13.755,10.501,10.555
20241114192539.3,2031.59699700773,13.909,13.883,17.317,13.749,10.492,10.567
20241114192539.8,2032.09699429572,13.933,13.868,17.331,13.751,10.513,10.547
20241114192540.3,2032.61299431324,14.008,13.909,17.353,13.761,10.513,10.557
20241114192540.8,2033.12899433076,14.022,13.967,17.384,13.753,10.507,10.545
20241114192541.3,2033.62499848008,14.072,14.052,17.394,13.747,10.507,10.557
20241114192541.8,2034.12899896502,14.127,14.131,17.394,13.763,10.509,10.547
20241114192542.3,2034.62500311434,14.137,14.105,17.404,13.755,10.513,10.557
20241114192542.8,2035.12500040233,14.113,14.048,17.438,13.749,10.498,10.549
20241114192543.3,2035.62900088727,14.068,14.024,17.446,13.733,10.507,10.555
20241114192543.8,2036.12899817526,14.022,14,17.468,13.745,10.509,10.581
20241114192544.4,2036.64799556136,14.002,13.963,17.495,13.751,10.505,10.565
20241114192544.9,2037.14399971068,13.992,13.933,17.513,13.751,10.496,10.559
20241114192545.4,2037.65200339258,13.945,13.957,17.529,13.761,10.525,10.541
20241114192545.9,2038.14799748361,13.957,13.933,17.557,13.741,10.488,10.557
20241114192546.4,2038.66800069809,13.917,13.885,17.578,13.759,10.523,10.557
20241114192546.9,2039.16399478912,13.913,13.84,17.598,13.759,10.515,10.555
20241114192547.4,2039.67600166798,13.834,13.759,17.61,13.765,10.498,10.553
20241114192547.9,2040.17199575901,13.824,13.776,17.61,13.733,10.511,10.541
20241114192548.4,2040.67200310528,13.844,13.838,17.63,13.757,10.505,10.541
20241114192548.9,2041.18699729443,13.885,13.889,17.674,13.751,10.501,10.547
20241114192549.4,2041.68699458241,13.919,13.917,17.685,13.772,10.521,10.553
20241114192549.9,2042.19099506736,13.969,13.953,17.693,13.745,10.503,10.549
20241114192550.4,2042.69100241363,13.982,13.974,17.709,13.749,10.503,10.541
20241114192550.9,2043.19099970162,14.002,13.978,17.749,13.755,10.498,10.567
20241114192551.4,2043.70699971914,14.016,13.996,17.765,13.749,10.519,10.555
20241114192551.9,2044.20699700713,14.036,13.996,17.808,13.747,10.488,10.535
20241114192552.4,2044.71099749207,14.04,13.996,17.891,13.763,10.486,10.541
20241114192552.9,2045.21099478006,14.044,13.996,17.893,13.765,10.503,10.553
20241114192553.4,2045.71499526501,14.036,14.012,17.931,13.755,10.496,10.545
20241114192553.9,2046.21099941432,14.046,14.016,17.929,13.747,10.503,10.559
20241114192554.4,2046.72599360347,14.058,14.034,17.909,13.769,10.494,10.543
20241114192554.9,2047.22600094974,14.093,14.05,17.923,13.763,10.519,10.553
20241114192555.4,2047.72199504077,14.115,14.073,17.941,13.767,10.507,10.551
20241114192555.9,2048.22200238705,14.159,14.135,17.957,13.771,10.503,10.547
20241114192556.4,2048.72199967504,14.184,14.151,17.975,13.769,10.515,10.565
20241114192556.9,2049.22600015998,14.2,14.123,17.98,13.761,10.501,10.563
20241114192557.4,2049.72599744797,14.141,14.099,17.998,13.767,10.519,10.553
20241114192557.9,2050.22599473596,14.119,14.079,18.072,13.778,10.515,10.557
20241114192558.4,2050.7299952209,14.153,14.105,18.165,13.782,10.513,10.565
20241114192558.9,2051.23000256717,14.2,14.151,18.238,13.778,10.507,10.541
20241114192559.4,2051.72999985516,14.275,14.238,18.272,13.78,10.509,10.551
20241114192559.9,2052.22999714315,14.327,14.25,18.256,13.782,10.503,10.537
20241114192600.4,2052.72600129247,14.347,14.301,18.285,13.798,10.513,10.563
20241114192601,2053.24599444866,14.373,14.355,18.283,13.794,10.496,10.533
20241114192601.5,2053.74999493361,14.42,14.39,18.309,13.784,10.507,10.561
20241114192602,2054.25000227988,14.408,14.39,18.303,13.79,10.492,10.537
20241114192602.5,2054.74999956787,14.414,14.392,18.341,13.778,10.527,10.539
20241114192603,2055.2459936589,14.45,14.39,18.363,13.794,10.503,10.549
20241114192603.5,2055.76500110328,14.43,14.442,18.373,13.786,10.507,10.543
20241114192604,2056.26499839127,14.42,14.438,18.404,13.786,10.509,10.557
20241114192604.5,2056.76100254059,14.42,14.424,18.444,13.792,10.513,10.553
20241114192605,2057.26099982858,14.418,14.418,18.45,13.794,10.515,10.561
20241114192605.5,2057.76099711657,14.468,14.438,18.479,13.778,10.509,10.537
20241114192606,2058.26499760151,14.507,14.491,18.472,13.78,10.503,10.551
20241114192606.5,2058.7649948895,14.491,14.485,18.493,13.786,10.511,10.545
20241114192607,2059.26099903882,14.485,14.523,18.525,13.788,10.507,10.551
20241114192607.5,2059.76499952376,14.485,14.574,18.523,13.796,10.496,10.549
20241114192608,2060.26499681175,14.497,14.541,18.565,13.776,10.511,10.561
20241114192608.5,2060.76899729669,14.472,14.529,18.577,13.802,10.509,10.543
20241114192609,2061.26500144601,14.501,14.541,18.646,13.786,10.507,10.537
20241114192609.5,2061.764998734,14.511,14.569,18.664,13.788,10.509,10.549
20241114192610,2062.26100288332,14.527,14.578,18.687,13.786,10.496,10.555
20241114192610.5,2062.7610001713,14.547,14.602,18.705,13.798,10.519,10.547
20241114192611,2063.26500065625,14.572,14.648,18.779,13.798,10.501,10.551
20241114192611.5,2063.76499794424,14.572,14.64,18.798,13.802,10.503,10.553
20241114192612,2064.2769947648,14.588,14.618,18.838,13.792,10.509,10.561
20241114192612.5,2064.77299891412,14.588,14.628,18.844,13.79,10.498,10.559
20241114192613,2065.27699939907,14.561,14.624,18.887,13.796,10.501,10.539
20241114192613.5,2065.78099988401,14.497,14.572,18.897,13.794,10.494,10.559
20241114192614,2066.280997172,14.426,14.485,18.917,13.788,10.509,10.561
20241114192614.5,2066.78099445999,14.349,14.432,18.951,13.778,10.505,10.537
20241114192615,2067.28100180626,14.315,14.361,18.99,13.79,10.509,10.563
20241114192615.5,2067.78099909425,14.281,14.335,19.052,13.78,10.513,10.545
20241114192616,2068.28099638224,14.254,14.291,19.07,13.778,10.505,10.553
20241114192616.5,2068.78499686718,14.242,14.281,19.089,13.8,10.511,10.545
20241114192617,2069.2810010165,14.24,14.24,19.135,13.804,10.494,10.551
20241114192617.5,2069.78099830449,14.27,14.285,19.196,13.794,10.498,10.535
20241114192618,2070.28099559247,14.301,14.335,19.242,13.798,10.517,10.539
20241114192618.5,2070.78100293875,14.323,14.361,19.258,13.81,10.529,10.525
20241114192619,2071.28100022674,14.367,14.382,19.26,13.792,10.511,10.551
20241114192619.5,2071.78099751472,14.412,14.418,19.325,13.796,10.519,10.563
20241114192620,2072.28099480271,14.428,14.466,19.355,13.78,10.511,10.551
20241114192620.5,2072.78100214899,14.448,14.464,19.379,13.782,10.501,10.549
20241114192621,2073.28500263393,14.456,14.464,19.418,13.788,10.509,10.565
20241114192621.5,2073.78099672496,14.475,14.46,19.44,13.806,10.503,10.547
20241114192622,2074.27700087428,14.473,14.456,19.468,13.786,10.492,10.553
20241114192622.5,2074.77699816227,14.47,14.479,19.495,13.792,10.505,10.563
20241114192623,2075.29299817979,14.475,14.466,19.531,13.8,10.509,10.543
20241114192623.5,2075.79299546778,14.46,14.487,19.549,13.796,10.511,10.535
20241114192624,2076.29699595273,14.47,14.481,19.598,13.806,10.503,10.541
20241114192624.5,2076.79300010204,14.468,14.438,19.66,13.794,10.496,10.551
20241114192625,2077.29700058699,14.446,14.418,19.695,13.78,10.48,10.543
20241114192625.5,2077.80800163746,14.386,14.382,19.739,13.798,10.517,10.547
20241114192626,2078.30799892545,14.357,14.363,19.765,13.808,10.496,10.549
20241114192626.5,2078.80799621344,14.323,14.333,19.798,13.788,10.494,10.557
20241114192627,2079.30400036275,14.325,14.329,19.82,13.778,10.509,10.541
20241114192627.5,2079.80399765074,14.343,14.323,19.848,13.792,10.505,10.547
20241114192628,2080.31999766827,14.287,14.279,19.901,13.782,10.503,10.537
20241114192628.6,2080.84000088274,14.275,14.224,19.939,13.78,10.509,10.549
20241114192629.1,2081.35499507189,14.244,14.188,19.971,13.782,10.498,10.555
20241114192629.6,2081.85099922121,14.26,14.216,20.06,13.784,10.498,10.547
20241114192630.1,2082.34699331224,14.24,14.206,20.115,13.808,10.507,10.543
20241114192630.6,2082.84700065851,14.25,14.21,20.139,13.788,10.515,10.547
20241114192631.1,2083.3469979465,14.252,14.204,20.188,13.8,10.507,10.553
20241114192631.6,2083.84699523449,14.252,14.188,20.23,13.794,10.515,10.537
20241114192632.1,2084.3439951539,14.238,14.206,20.226,13.796,10.515,10.537
20241114192632.6,2084.84400250018,14.23,14.137,20.283,13.8,10.509,10.543
20241114192633.1,2085.34399978817,14.165,14.093,20.345,13.788,10.525,10.553
20241114192633.6,2085.84399707615,14.135,14.077,20.361,13.786,10.519,10.545
20241114192634.1,2086.347001791,14.097,13.986,20.41,13.784,10.496,10.543
20241114192634.6,2086.84699907899,14.034,13.917,20.454,13.788,10.501,10.561
20241114192635.1,2087.35899589956,13.963,13.893,20.493,13.784,10.498,10.535
20241114192635.6,2087.8629963845,13.919,13.862,20.529,13.786,10.507,10.527
20241114192636.1,2088.36699686944,13.858,13.852,20.596,13.782,10.503,10.557
20241114192636.6,2088.87500055134,13.903,13.875,20.644,13.802,10.498,10.537
20241114192637.1,2089.38999474049,13.959,13.925,20.719,13.782,10.509,10.535
20241114192637.6,2089.90200161934,14.022,13.955,20.747,13.79,10.505,10.553
20241114192638.1,2090.41800163686,13.933,13.913,20.781,13.81,10.509,10.555
20241114192638.6,2090.92900268734,13.986,14.008,20.818,13.8,10.525,10.543
20241114192639.2,2091.44500270486,14.036,14.056,20.891,13.792,10.517,10.547
20241114192639.7,2091.95699952543,14.133,14.087,20.935,13.784,10.527,10.539
20241114192640.2,2092.45699681342,14.161,14.131,20.986,13.798,10.511,10.551
20241114192640.7,2092.96899363399,14.192,14.202,21.028,13.788,10.515,10.553
20241114192641.2,2093.4649977833,14.238,14.258,21.091,13.784,10.507,10.555
20241114192641.7,2093.96499507129,14.315,14.27,21.169,13.802,10.498,10.555
20241114192642.2,2094.47599612176,14.244,14.214,21.222,13.784,10.492,10.545
20241114192642.7,2094.99199613929,14.212,14.212,21.276,13.774,10.503,10.543
20241114192643.2,2095.50400301814,14.2,14.262,21.341,13.8,10.525,10.545
20241114192643.7,2096.00400030613,14.184,14.184,21.4,13.786,10.515,10.531
20241114192644.2,2096.5150013566,14.155,14.176,21.487,13.792,10.501,10.539
20241114192644.7,2097.01900184155,14.184,14.208,21.61,13.802,10.503,10.547
20241114192645.2,2097.51899912953,14.224,14.218,21.674,13.786,10.498,10.557
20241114192645.8,2098.03499914706,14.224,14.212,21.725,13.806,10.525,10.531
20241114192646.3,2098.538999632,14.268,14.258,21.745,13.812,10.501,10.539
20241114192646.8,2099.04300011694,14.222,14.192,21.816,13.792,10.496,10.537
20241114192647.3,2099.54299740493,14.2,14.173,21.931,13.794,10.492,10.545
20241114192647.8,2100.04299469292,14.214,14.115,22.002,13.794,10.49,10.529
20241114192648.3,2100.54300203919,14.147,14.046,22.044,13.82,10.517,10.529
20241114192648.8,2101.03899613023,14.105,14.006,22.08,13.804,10.513,10.541
20241114192649.3,2101.55400037766,14.05,13.925,22.145,13.802,10.509,10.535
20241114192649.8,2102.05399766564,14.004,13.866,22.241,13.792,10.496,10.575
20241114192650.3,2102.55099758506,13.976,13.82,22.344,13.798,10.496,10.547
20241114192650.8,2103.05799543858,13.965,13.891,22.421,13.79,10.515,10.543
20241114192651.3,2103.55800278485,13.99,13.903,22.462,13.802,10.515,10.545
20241114192651.8,2104.05800007284,14.01,14.03,22.534,13.794,10.511,10.545
20241114192652.3,2104.57400009036,14.081,14.034,22.615,13.792,10.505,10.533
20241114192652.8,2105.10900020599,14.06,13.982,22.695,13.804,10.521,10.553
20241114192653.3,2105.62099702656,14.083,14.01,22.775,13.8,10.49,10.547
20241114192653.9,2106.13600127399,14.083,14.034,22.85,13.786,10.509,10.539
20241114192654.4,2106.64799809456,14.091,14.02,22.903,13.81,10.484,10.543
20241114192654.9,2107.16800130904,14.083,14.022,22.955,13.796,10.519,10.539
20241114192655.4,2107.66399540007,14.075,13.984,23.051,13.806,10.511,10.553
20241114192655.9,2108.1789996475,14.046,14.002,23.13,13.786,10.509,10.547
20241114192656.4,2108.67599956691,14.062,14.07,23.21,13.792,10.488,10.529
20241114192656.9,2109.1759968549,14.129,14.141,23.296,13.802,10.509,10.549
20241114192657.4,2109.67599414289,14.167,14.18,23.335,13.792,10.501,10.539
20241114192657.9,2110.2029979229,14.242,14.18,23.439,13.8,10.505,10.541
20241114192658.4,2110.70299521089,14.25,14.21,23.541,13.802,10.505,10.535
20241114192658.9,2111.1989993602,14.303,14.234,23.629,13.8,10.511,10.559
20241114192659.4,2111.69899664819,14.279,14.224,23.713,13.798,10.503,10.543
20241114192659.9,2112.20299713314,14.224,14.157,23.796,13.798,10.511,10.543
20241114192700.4,2112.70299442112,14.139,14.109,23.888,13.804,10.509,10.537
20241114192700.9,2113.21899443865,14.109,14.085,23.984,13.806,10.501,10.537
20241114192701.5,2113.73399868608,14.095,14.079,24.125,13.804,10.503,10.543
20241114192701.9,2114.23000283539,14.097,14.081,24.242,13.806,10.513,10.533
20241114192702.5,2114.74600285292,14.093,14.068,24.324,13.79,10.513,10.525
20241114192703,2115.25799967349,14.079,14.081,24.432,13.818,10.527,10.535
20241114192703.5,2115.77299386263,14.117,14.081,24.516,13.806,10.492,10.551
20241114192704,2116.29299707711,14.125,14.083,24.648,13.822,10.517,10.525
20241114192704.5,2116.7929943651,14.137,14.101,24.771,13.818,10.496,10.547
20241114192705,2117.29699485004,14.178,14.204,24.861,13.808,10.507,10.529
20241114192705.5,2117.80799590051,14.266,14.275,25.002,13.802,10.503,10.539
20241114192706,2118.30800324678,14.408,14.382,25.294,13.824,10.503,10.551
20241114192706.5,2118.82400326431,14.418,14.438,25.527,13.824,10.509,10.533
20241114192707.1,2119.33600008488,14.414,14.422,25.701,13.828,10.501,10.519
20241114192707.6,2119.83599737287,14.414,14.416,25.801,13.8,10.519,10.545
20241114192708.1,2120.35100162029,14.353,14.394,25.923,13.816,10.503,10.523
20241114192708.6,2120.86700163782,14.317,14.343,26.054,13.81,10.513,10.539
20241114192709.1,2121.37899845839,14.353,14.361,26.134,13.816,10.503,10.539
20241114192709.6,2121.89400270581,14.384,14.396,26.244,13.812,10.492,10.527
20241114192710.1,2122.41000272334,14.353,14.376,26.316,13.802,10.505,10.543
20241114192710.6,2122.92600274086,14.335,14.347,26.393,13.818,10.529,10.549
20241114192711.1,2123.42600002885,14.349,14.339,26.418,13.804,10.505,10.521
20241114192711.9,2124.19100292027,14.238,14.242,26.982,13.81,10.494,10.541
20241114192712.4,2124.69100020826,14.163,14.192,27.145,13.814,10.507,10.533
20241114192712.9,2125.19099749625,14.178,14.226,27.458,13.822,10.505,10.531
20241114192713.4,2125.69099478424,14.176,14.242,27.76,13.806,10.492,10.545
20241114192713.9,2126.19499526918,14.248,14.287,27.711,13.822,10.509,10.539
20241114192714.4,2126.6909994185,14.275,14.317,27.756,13.802,10.505,10.553
20241114192714.9,2127.19499990344,14.309,14.335,27.821,13.81,10.511,10.533
20241114192715.4,2127.69499719143,14.275,14.339,28.022,13.824,10.511,10.539
20241114192715.9,2128.19499447942,14.295,14.357,28.175,13.8,10.501,10.555
20241114192716.4,2128.69500182569,14.285,14.392,28.3,13.828,10.521,10.541
20241114192716.9,2129.19499911368,14.321,14.355,28.457,13.814,10.501,10.543
20241114192717.4,2129.691003263,14.303,14.347,28.704,13.83,10.523,10.545
20241114192717.9,2130.19100055099,14.299,14.345,29.158,13.83,10.525,10.521
20241114192718.4,2130.69099783897,14.313,14.27,29.515,13.836,10.515,10.543
20241114192718.9,2131.18700198829,14.26,14.182,29.711,13.856,10.49,10.545
20241114192719.4,2131.69100247324,14.232,14.159,29.842,13.842,10.515,10.547
20241114192719.9,2132.19099976122,14.244,14.165,30.032,13.852,10.519,10.545
20241114192720.4,2132.69500024617,14.165,14.101,30.171,13.852,10.494,10.529
20241114192720.9,2133.19499753416,14.165,14.127,30.363,13.832,10.501,10.535
20241114192721.4,2133.69100168347,14.155,14.18,30.484,13.858,10.513,10.537
20241114192721.9,2134.19099897146,14.196,14.119,30.594,13.858,10.503,10.549
20241114192722.4,2134.70699898899,14.165,14.075,30.733,13.84,10.501,10.551
20241114192722.9,2135.20699627697,14.103,14.026,30.829,13.824,10.515,10.541
20241114192723.4,2135.70699356496,14.093,14.024,31.017,13.85,10.509,10.537
20241114192723.9,2136.21099404991,14.091,14.026,31.15,13.822,10.486,10.537
20241114192724.4,2136.72599829733,14.048,13.943,31.268,13.826,10.482,10.527
20241114192724.9,2137.22599558532,13.98,13.905,31.505,13.832,10.496,10.513
20241114192725.4,2137.72199973464,13.97,13.939,31.677,13.818,10.507,10.525
20241114192725.9,2138.22600021958,14.03,13.986,31.928,13.832,10.502,10.515
20241114192726.5,2138.73799704015,14.012,13.966,32.114,13.836,10.517,10.525
20241114192727,2139.23799432814,13.951,13.935,32.329,13.834,10.515,10.537
20241114192727.5,2139.73399847746,13.907,13.873,32.666,13.84,10.504,10.543
20241114192728,2140.2379989624,13.887,13.873,32.913,13.832,10.494,10.549
20241114192728.5,2140.73400311172,13.893,13.873,33.212,13.844,10.462,10.537
20241114192729,2141.23400039971,13.871,13.846,33.634,13.836,10.509,10.535
20241114192729.5,2141.7339976877,13.899,13.879,33.99,13.83,10.484,10.519
20241114192730,2142.23399497569,13.895,13.895,34.172,13.828,10.492,10.545
20241114192730.4,2142.729999125,13.903,13.903,34.317,13.848,10.517,10.519
20241114192730.9,2143.22999641299,13.913,13.911,34.489,13.832,10.521,10.555
20241114192731.5,2143.73399689794,13.917,13.889,34.764,13.838,10.517,10.541
20241114192732,2144.23399418592,13.949,13.937,35.119,13.846,10.494,10.529
20241114192732.5,2144.74600106478,13.994,14.03,35.417,13.83,10.504,10.545
20241114192733,2145.25000154972,14.04,14.058,35.878,13.83,10.496,10.521
20241114192733.5,2145.74999883771,14.065,14.083,36.182,13.846,10.494,10.535
20241114192734,2146.2499961257,14.044,14.044,36.531,13.848,10.511,10.525
20241114192734.5,2146.75000347197,14.058,14.097,36.804,13.854,10.496,10.535
20241114192735,2147.25000075996,14.079,14.119,37.051,13.844,10.488,10.539
20241114192735.5,2147.74999804795,14.038,14.117,37.27,13.846,10.488,10.531
20241114192736,2148.26500229537,13.998,14.052,37.487,13.85,10.494,10.535
20241114192736.5,2148.76499958336,13.925,13.998,37.965,13.86,10.509,10.519
20241114192737,2149.27699640393,13.863,13.962,38.304,13.84,10.502,10.545
20241114192737.5,2149.78099688888,13.792,13.879,38.468,13.854,10.498,10.539
20241114192738,2150.2969969064,13.778,13.852,38.786,13.872,10.513,10.527
20241114192738.5,2150.79300105572,13.765,13.868,39.233,13.868,10.521,10.537
20241114192739,2151.31199844182,13.802,13.875,39.597,13.872,10.515,10.543
20241114192739.5,2151.8119957298,13.852,13.931,40.106,13.875,10.509,10.549
20241114192740,2152.31200307608,13.917,13.955,40.422,13.875,10.513,10.553
20241114192740.6,2152.83199623227,13.913,13.917,40.745,13.86,10.513,10.545
20241114192741.1,2153.33200357854,13.929,13.939,41.13,13.852,10.511,10.527
20241114192741.6,2153.83200086653,13.927,13.957,41.547,13.872,10.517,10.557
20241114192742.1,2154.33199815452,13.978,13.996,41.823,13.877,10.503,10.551
20241114192742.6,2154.83199544251,13.957,13.974,42.077,13.879,10.515,10.531
20241114192743.1,2155.33599592745,13.931,13.972,42.47,13.877,10.515,10.541
20241114192743.6,2155.83600327373,13.903,13.911,42.919,13.877,10.523,10.549
20241114192744.1,2156.33199736476,13.945,13.933,43.194,13.879,10.531,10.533
20241114192744.6,2156.83199465275,14.006,13.959,43.45,13.862,10.517,10.553
20241114192745.1,2157.33200199902,14.008,14,43.773,13.877,10.533,10.541
20241114192745.6,2157.84399881959,14.008,14.036,44.046,13.877,10.507,10.543
20241114192746.1,2158.34700353444,14.012,14.05,44.34,13.877,10.523,10.547
20241114192746.6,2158.84700082242,14.012,14.075,44.774,13.877,10.505,10.535
20241114192747.1,2159.34699811041,14.012,14.087,45.112,13.866,10.507,10.553
20241114192747.6,2159.86299812794,14.008,14.117,45.546,13.864,10.519,10.527
20241114192748.1,2160.36299541593,14.058,14.107,45.993,13.883,10.515,10.529
20241114192748.6,2160.89400239289,14.034,14.006,46.415,13.879,10.515,10.533
20241114192749.1,2161.42599508166,13.957,13.967,46.863,13.885,10.501,10.547
20241114192749.6,2161.92199923098,13.917,13.935,47.298,13.866,10.507,10.537
20241114192750.2,2162.43300028145,13.909,13.939,47.59,13.864,10.517,10.529
20241114192750.7,2162.93299756944,13.913,13.921,48.034,13.883,10.513,10.553
20241114192751.2,2163.44499439001,13.907,13.872,48.531,13.875,10.509,10.543
20241114192751.7,2163.96099440753,13.881,13.83,48.949,13.873,10.509,10.557
20241114192752.2,2164.47599865496,13.84,13.8,49.377,13.873,10.494,10.535
20241114192752.7,2164.99600186944,13.824,13.792,49.962,13.87,10.513,10.545
20241114192753.2,2165.50399549305,13.816,13.784,50.871,13.872,10.523,10.541
20241114192753.7,2166.01499654353,13.836,13.769,51.577,13.889,10.517,10.547
20241114192754.3,2166.54299609363,13.818,13.792,52.091,13.873,10.519,10.537
20241114192754.8,2167.05800034106,13.794,13.856,52.655,13.872,10.517,10.555
20241114192755.3,2167.56999716163,13.872,13.83,53.305,13.907,10.511,10.535
20241114192755.8,2168.08599717915,13.838,13.826,54.116,13.881,10.496,10.539
20241114192756.3,2168.59699822962,13.84,13.812,55.423,13.879,10.507,10.535
20241114192756.8,2169.11299824715,13.82,13.834,56.522,13.899,10.515,10.567
20241114192757.4,2169.63300146163,13.864,13.915,57.502,13.883,10.517,10.551
20241114192757.9,2170.15999518335,13.919,13.953,58.523,13.907,10.509,10.535
20241114192758.4,2170.66000252962,13.982,14.008,59.198,13.897,10.513,10.537
20241114192758.9,2171.17600254714,14.02,14.03,59.478,13.901,10.509,10.549
20241114192759.4,2171.68700359762,14.028,14.024,60.17,13.901,10.511,10.537
20241114192759.9,2172.20299355686,14.075,14.062,60.731,13.899,10.519,10.549
20241114192800.4,2172.72999733686,14.093,14.091,61.21,13.889,10.513,10.553
20241114192801,2173.24199415743,14.093,14.085,61.384,13.903,10.531,10.547
20241114192801.5,2173.75799417496,14.115,14.107,62.712,13.893,10.525,10.545
20241114192802,2174.28900115192,14.093,14.157,63.644,13.897,10.511,10.533
20241114192802.5,2174.78899843991,14.127,14.196,64.447,13.911,10.527,10.533
20241114192803,2175.30099526048,14.169,14.275,65.012,13.927,10.505,10.525
20241114192803.5,2175.8159995079,14.22,14.311,65.388,13.913,10.517,10.547
20241114192804.1,2176.34699642658,14.281,14.333,65.88,13.905,10.529,10.551
20241114192804.6,2176.86299644411,14.315,14.281,66.523,13.905,10.517,10.539
20241114192805.1,2177.36699692905,14.323,14.275,67.19,13.887,10.533,10.541
20241114192805.6,2177.88299694657,14.295,14.25,67.76,13.913,10.533,10.549
20241114192806.1,2178.38299423456,14.277,14.252,68.413,13.917,10.507,10.533
20241114192806.6,2178.91400121152,14.268,14.214,68.959,13.889,10.527,10.553
20241114192807.1,2179.42899540067,14.262,14.196,69.444,13.919,10.503,10.543
20241114192807.6,2179.92900274694,14.305,14.228,69.833,13.929,10.521,10.559
20241114192808.2,2180.44500276446,14.361,14.285,70.306,13.903,10.525,10.551
20241114192808.7,2180.96100278199,14.365,14.325,71.003,13.897,10.513,10.547
20241114192809.2,2181.47599697113,14.43,14.363,72.047,13.901,10.517,10.535
20241114192809.7,2181.97999745607,14.452,14.402,72.509,13.907,10.525,10.541
20241114192810.2,2182.50799700618,14.446,14.422,72.888,13.907,10.521,10.533
20241114192810.7,2183.01899805665,14.481,14.436,73.745,13.925,10.521,10.533
20241114192811.2,2183.51899534464,14.517,14.466,74.134,13.891,10.523,10.541
20241114192811.8,2184.03100222349,14.557,14.495,74.54,13.905,10.529,10.551
20241114192812.3,2184.53500270844,14.572,14.539,74.899,13.907,10.537,10.549
20241114192812.8,2185.046999529,14.576,14.572,75.734,13.907,10.513,10.539
20241114192813.3,2185.55100001395,14.572,14.545,76.93,13.905,10.529,10.553
20241114192813.8,2186.06200106442,14.563,14.543,77.971,13.919,10.517,10.551
20241114192814.3,2186.57399788499,14.549,14.493,78.444,13.893,10.496,10.531
20241114192814.8,2187.08999790251,14.468,14.414,78.713,13.913,10.509,10.545
20241114192815.3,2187.60099895298,14.367,14.353,79.029,13.905,10.525,10.551
20241114192815.8,2188.12100216746,14.343,14.349,79.659,13.921,10.505,10.533
20241114192816.4,2188.63299898803,14.341,14.351,81.101,13.923,10.515,10.529
20241114192816.9,2189.1359936446,14.327,14.246,82.338,13.925,10.517,10.531
20241114192817.5,2189.81599397957,14.337,14.184,84.77,13.921,10.517,10.531
20241114192818,2190.31199812889,14.365,14.206,86.877,13.923,10.515,10.563
20241114192818.5,2190.80800227821,14.345,14.224,88.988,13.933,10.519,10.537
20241114192819,2191.31999909878,14.343,14.206,90.872,13.927,10.521,10.531
20241114192819.6,2191.8359991163,14.343,14.234,92.628,13.935,10.521,10.535
20241114192820.1,2192.33599640429,14.456,14.321,96.285,13.951,10.515,10.539
20241114192820.6,2192.85100065172,14.517,14.404,97.83,13.925,10.529,10.535
20241114192821.1,2193.35099793971,14.529,14.448,99.979,13.927,10.515,10.539
20241114192821.6,2193.85099522769,14.517,14.454,100.814,13.929,10.513,10.535
20241114192822.1,2194.36300210655,14.487,14.475,100.928,13.931,10.496,10.539
20241114192822.6,2194.86700259149,14.511,14.462,101.149,13.907,10.517,10.521
20241114192823.1,2195.37899941206,14.533,14.509,101.372,13.933,10.494,10.523
20241114192823.6,2195.90999633074,14.563,14.505,102.386,13.937,10.494,10.545
20241114192824.1,2196.42599634826,14.571,14.479,104.703,13.925,10.515,10.543
20241114192824.6,2196.92599363625,14.592,14.479,105.981,13.937,10.509,10.543
20241114192825.1,2197.4289983511,14.59,14.446,107.702,13.931,10.533,10.533
20241114192825.6,2197.92599827051,14.565,14.428,109.216,13.909,10.523,10.525
20241114192826.2,2198.44100251794,14.535,14.438,111.014,13.925,10.515,10.547
20241114192826.7,2198.94500300288,14.479,14.475,113.096,13.921,10.509,10.551
20241114192827.2,2199.46100302041,14.414,14.468,115.448,13.929,10.49,10.541
20241114192827.7,2199.97199401259,14.349,14.468,117.839,13.931,10.49,10.529
20241114192828.2,2200.47200135887,14.315,14.382,121.113,13.931,10.509,10.559
20241114192828.7,2200.97600184381,14.252,14.311,124.724,13.931,10.496,10.535
20241114192829.2,2201.48000232875,14.194,14.272,126.57,13.915,10.511,10.535
20241114192829.7,2201.97999961674,14.196,14.293,129.135,13.933,10.529,10.567
20241114192830.2,2202.47999690473,14.24,14.307,132.876,13.939,10.509,10.535
20241114192830.7,2202.98399738967,14.299,14.384,138.23,13.931,10.511,10.561
20241114192831.2,2203.48799787462,14.438,14.521,145.138,13.945,10.521,10.533
20241114192831.7,2203.98799516261,14.551,14.527,149.576,13.939,10.521,10.547
20241114192832.2,2204.48399931192,14.511,14.412,153.336,13.937,10.5,10.533
20241114192832.7,2204.98399659991,14.416,14.279,157.938,13.933,10.494,10.531
20241114192833.2,2205.4839938879,14.273,14.149,161.786,13.927,10.496,10.523
20241114192833.7,2206.00399710238,14.153,14.046,164.77,13.925,10.527,10.539
20241114192834.2,2206.51499815285,14.063,13.992,170.764,13.947,10.525,10.521
20241114192834.8,2207.03099817038,14.069,14.052,173.483,13.927,10.509,10.539
20241114192835.3,2207.5469981879,14.038,13.99,181.723,13.921,10.507,10.525
20241114192835.8,2208.05799923837,14.018,13.98,187.206,13.933,10.515,10.519
20241114192836.3,2208.5739992559,14.038,14.036,189.7,13.933,10.509,10.537
20241114192836.8,2209.07399654388,14.087,14.06,192.446,13.921,10.49,10.523
20241114192837.3,2209.58599336445,14.105,14.119,195.661,13.933,10.519,10.541
20241114192837.8,2210.10099761188,14.135,14.129,197.564,13.933,10.523,10.531
20241114192838.3,2210.61299443245,14.111,14.109,198.622,13.943,10.507,10.529
20241114192838.8,2211.12899444997,14.06,14.024,202.091,13.935,10.496,10.539
20241114192839.4,2211.6439986974,14.042,13.994,204.023,13.943,10.521,10.519
20241114192839.9,2212.13599964976,14.008,13.961,206.001,13.935,10.513,10.535
20241114192840.4,2212.63599693775,14.052,14.026,208.073,13.939,10.515,10.535
20241114192840.9,2213.15199695528,14.028,13.978,210.294,13.951,10.527,10.527
20241114192841.4,2213.64800110459,13.978,13.962,212.373,13.937,10.523,10.557
20241114192841.9,2214.14799839258,13.957,13.927,215.169,13.927,10.502,10.521
20241114192842.4,2214.66800160706,13.933,13.883,216.485,13.949,10.504,10.517
20241114192842.9,2215.17900265753,13.905,13.901,217.979,13.943,10.519,10.539
20241114192843.4,2215.69500267506,13.947,13.962,219.63,13.931,10.513,10.543
20241114192843.9,2216.21100269258,14.032,13.994,220.228,13.962,10.494,10.541
20241114192844.4,2216.72599688172,13.968,14,222.692,13.935,10.509,10.521
20241114192844.9,2217.22200103104,14.012,14.002,223.808,13.961,10.507,10.551
20241114192845.5,2217.73800104856,13.978,13.959,222.57,13.951,10.513,10.539
20241114192846,2218.25400106609,13.986,13.945,219.332,13.966,10.498,10.541
20241114192846.5,2218.74999515712,13.98,13.986,215.753,13.968,10.511,10.533
20241114192847,2219.26499940455,14.109,14.137,227.342,13.957,10.515,10.535
20241114192847.5,2219.78099942207,14.143,14.164,218.131,13.966,10.525,10.525
20241114192848,2220.2969994396,14.164,14.063,223.307,13.945,10.509,10.541
20241114192848.5,2220.80800049007,14.087,13.978,225.489,13.953,10.515,10.529
20241114192849,2221.31999731064,14.032,13.917,234.815,13.937,10.511,10.525
20241114192849.5,2221.81999459863,13.949,13.877,230.725,13.963,10.533,10.541
20241114192850.1,2222.33200147748,13.963,13.852,230.989,13.965,10.521,10.555
20241114192850.6,2222.83600196242,13.929,13.844,223.355,13.959,10.535,10.553
20241114192851.1,2223.35099615157,13.883,13.782,219.159,13.972,10.525,10.539
20241114192851.6,2223.85099343956,13.885,13.82,212.259,13.982,10.547,10.551
20241114192852.1,2224.36700351536,13.935,13.864,213.944,13.963,10.525,10.535
20241114192852.6,2224.88600090146,13.982,13.885,216.118,13.957,10.515,10.543
20241114192853.1,2225.39799772203,13.966,13.875,218.294,13.968,10.525,10.539
20241114192853.6,2225.91800093651,13.915,13.867,219.64,13.961,10.502,10.513
20241114192854.1,2226.42900198698,13.923,13.85,212.956,13.966,10.509,10.543
20241114192854.7,2226.94099880755,13.961,13.865,209.902,13.955,10.533,10.527
20241114192855.2,2227.45699882507,13.962,13.86,203.61,13.986,10.515,10.539
20241114192855.7,2227.96899564564,13.994,13.919,196.959,13.974,10.5,10.537
20241114192856.2,2228.48800309002,14.044,13.941,201.452,13.982,10.509,10.539
20241114192856.7,2229.00400310755,14.06,13.986,325.584,13.978,10.535,10.531
20241114192857.2,2229.51499409974,14.069,13.972,240.673,13.962,10.513,10.527
20241114192857.7,2230.02700097859,14.048,14.002,183.341,13.982,10.539,10.551
20241114192858.3,2230.53899779916,14.071,14.022,145.026,13.98,10.515,10.543
20241114192858.8,2231.04700148106,14.095,14.038,115.956,13.966,10.517,10.539
20241114192859.3,2231.551001966,14.107,14.05,93.087,13.996,10.517,10.535
20241114192859.8,2232.06200301647,14.151,14.093,74.822,13.99,10.511,10.543
20241114192900.3,2232.56200030446,14.149,14.131,61.281,13.98,10.533,10.555
20241114192900.8,2233.06199759245,14.162,14.099,51.026,13.974,10.504,10.547
20241114192901.3,2233.58200080693,14.17,14.133,42.809,13.982,10.523,10.527
20241114192901.8,2234.09699499607,14.19,14.178,36.32,13.974,10.517,10.531
20241114192902.3,2234.61299501359,14.252,14.216,31.614,13.986,10.5,10.541
20241114192902.8,2235.12500189245,14.258,14.261,28.112,13.986,10.502,10.545
20241114192903.3,2235.62900237739,14.289,14.271,25.568,13.998,10.527,10.541
20241114192903.9,2236.14799976349,14.309,14.319,23.515,13.98,10.515,10.541
20241114192904.4,2236.67199611664,14.323,14.293,21.974,13.992,10.521,10.521
20241114192904.9,2237.19899989665,14.309,14.258,20.784,13.994,10.521,10.549
20241114192905.4,2237.71499991417,14.252,14.216,19.8,13.976,10.523,10.543
20241114192905.9,2238.22999410331,14.22,14.222,19.054,13.998,10.521,10.555
20241114192906.5,2238.74599412084,14.246,14.212,18.495,13.994,10.527,10.563
20241114192907,2239.26099836826,14.24,14.222,18.133,13.996,10.525,10.551
20241114192907.5,2239.77299518883,14.228,14.224,17.864,13.984,10.513,10.555
20241114192908,2240.30400216579,14.228,14.186,17.622,14.006,10.549,10.563
20241114192908.6,2240.83599485457,14.206,14.176,17.58,13.994,10.539,10.559
20241114192909.1,2241.350999102,14.206,14.178,17.394,14.026,10.517,10.541
20241114192909.6,2241.8789986521,14.238,14.188,17.361,14.022,10.529,10.561
20241114192910.1,2242.40999557078,14.23,14.208,17.309,14.024,10.525,10.543
20241114192910.6,2242.9259955883,14.266,14.226,17.141,14.028,10.515,10.559
20241114192911.2,2243.46499890089,14.268,14.23,17.192,14.024,10.525,10.551
20241114192911.7,2243.96899938583,14.303,14.268,17.113,14.03,10.541,10.567
20241114192912.2,2244.48000043631,14.313,14.301,16.945,14.026,10.549,10.559
20241114192912.7,2244.99600045383,14.331,14.329,16.862,14.026,10.539,10.539
20241114192913.2,2245.51099464297,14.274,14.313,16.816,14.016,10.527,10.547
20241114192913.7,2246.02300152183,14.319,14.281,16.782,14.02,10.525,10.553
20241114192914.3,2246.5539984405,14.349,14.323,16.66,14.026,10.521,10.537
20241114192914.8,2247.06599526107,14.311,14.303,16.507,14.012,10.515,10.547
20241114192915.3,2247.5819952786,14.305,14.301,16.376,14.024,10.521,10.555
20241114192916,2248.2689961791,14.226,14.226,16.252,14.046,10.509,10.559
20241114192916.5,2248.76500032842,13.996,14.02,16.127,14.034,10.507,10.541
20241114192917,2249.26900081336,13.899,13.903,16.083,14.042,10.517,10.541
20241114192917.5,2249.76899810135,13.949,13.915,16.046,14.034,10.515,10.535
20241114192918,2250.2729985863,13.982,13.949,16.064,14.032,10.517,10.537
20241114192918.5,2250.77699907124,14.024,13.962,16.095,14.054,10.507,10.553
20241114192919,2251.28099955618,14.054,14,16.147,14.058,10.535,10.545
20241114192919.5,2251.78500004113,14.079,14.01,16.172,14.046,10.511,10.527
20241114192920,2252.28499732912,14.105,14.028,16.194,14.034,10.513,10.537
20241114192920.5,2252.7849946171,14.121,14.02,16.202,14.046,10.531,10.539
20241114192921,2253.30400206149,14.121,14.008,16.305,14.046,10.5,10.533
20241114192921.6,2253.83200161159,14.083,13.97,16.37,14.03,10.519,10.537
20241114192922.1,2254.34699580073,14.034,13.911,16.402,14.061,10.541,10.551
20241114192922.6,2254.85900267959,14.038,13.964,16.4,14.036,10.525,10.545
20241114192923.1,2255.35899996758,14.113,13.968,16.434,14.038,10.515,10.541
20241114192923.6,2255.85899725556,14.095,13.988,16.41,14.052,10.523,10.531
20241114192924.1,2256.38600103557,14.115,14,16.39,14.028,10.527,10.539
20241114192924.6,2256.88599832356,14.117,14.044,16.442,14.042,10.519,10.539
20241114192925.1,2257.38599561155,14.161,14.06,16.438,14.044,10.531,10.525
20241114192925.6,2257.90599882603,14.19,14.044,16.465,14.042,10.517,10.525
20241114192926.1,2258.4179956466,14.135,13.984,16.462,14.046,10.535,10.543
20241114192926.6,2258.91800299287,14.05,13.921,16.47,14.036,10.523,10.543
20241114192927.2,2259.43700037897,13.982,13.86,16.477,14.04,10.507,10.571
20241114192927.7,2259.93299447,13.913,13.778,16.527,14.052,10.525,10.529
20241114192928.2,2260.45299768448,13.832,13.757,16.499,14.04,10.509,10.563
20241114192928.7,2260.968997702,13.808,13.731,16.462,14.048,10.527,10.535
20241114192929.2,2261.47999875247,13.814,13.772,16.505,14.048,10.511,10.543
20241114192929.7,2261.99199557304,13.838,13.802,16.531,14.048,10.521,10.533
20241114192930.2,2262.49599605799,13.863,13.802,16.574,14.04,10.525,10.549
20241114192930.7,2263.01100030541,13.818,13.77,16.62,14.042,10.519,10.535
20241114192931.2,2263.52299712598,13.81,13.764,16.723,14.016,10.504,10.535
20241114192931.7,2264.02299441397,13.752,13.758,16.679,14.042,10.51,10.519
20241114192932.3,2264.55099396408,13.778,13.788,16.673,14.04,10.512,10.523
20241114192932.8,2265.05399867892,13.836,13.842,16.683,14.048,10.519,10.521
20241114192933.3,2265.55399596691,13.869,13.84,16.691,14.048,10.535,10.541
20241114192933.8,2266.05400331318,13.873,13.865,16.693,14.046,10.508,10.543
20241114192934.3,2266.57399646938,13.875,13.848,16.675,14.032,10.506,10.525
20241114192934.8,2267.07799695432,13.855,13.806,16.711,14.034,10.519,10.539
20241114192935.3,2267.58999377489,13.806,13.747,16.677,14.044,10.525,10.535
20241114192935.8,2268.10499802232,13.731,13.723,16.735,14.042,10.502,10.523
20241114192936.3,2268.60899850726,13.752,13.747,16.919,14.057,10.529,10.523
20241114192936.8,2269.11700218916,13.792,13.774,16.824,14.069,10.523,10.537
20241114192937.4,2269.63300220668,13.824,13.818,16.709,14.046,10.498,10.539
20241114192937.9,2270.13599686325,13.834,13.836,16.719,14.042,10.502,10.529
20241114192938.4,2270.63599415123,13.925,13.907,16.751,14.04,10.512,10.535
20241114192938.9,2271.13600149751,13.915,13.893,16.788,14.057,10.506,10.529
20241114192939.4,2271.65200151503,13.875,13.887,16.778,14.053,10.515,10.512
20241114192939.9,2272.16800153255,13.923,13.921,16.879,14.06,10.523,10.527
20241114192940.4,2272.6829957217,13.935,13.945,16.907,14.077,10.521,10.537
20241114192940.9,2273.20299893618,13.959,13.951,16.915,14.069,10.531,10.539
20241114192941.4,2273.71499575675,14.002,13.966,16.873,14.081,10.523,10.549
20241114192941.9,2274.23000000417,13.978,13.984,16.925,14.075,10.529,10.535
20241114192942.4,2274.72599409521,13.994,14,16.929,14.075,10.502,10.553
20241114192942.9,2275.22600144148,14.016,14.016,16.903,14.077,10.511,10.529
20241114192943.5,2275.74599459767,14.069,14.058,16.907,14.077,10.521,10.533
20241114192944,2276.2609988451,14.172,14.169,16.83,14.07,10.525,10.549
20241114192944.5,2276.76499933004,14.178,14.077,16.814,14.097,10.535,10.521
20241114192945,2277.28099934757,14.115,13.978,16.806,14.107,10.529,10.549
20241114192945.5,2277.79699936509,14.02,13.887,16.866,14.091,10.533,10.545
20241114192946,2278.29699665308,13.937,13.844,16.915,14.083,10.537,10.539
20241114192946.5,2278.79699394107,13.915,13.82,16.943,14.097,10.533,10.545
20241114192947,2279.3119981885,13.915,13.838,16.937,14.083,10.515,10.539
20241114192947.5,2279.82799820602,13.933,13.907,16.963,14.089,10.507,10.539
20241114192948.1,2280.34399822354,13.939,13.947,16.953,14.097,10.513,10.547
20241114192948.6,2280.84399551153,14.044,14.026,17.054,14.099,10.525,10.531
20241114192949.1,2281.3440028578,13.994,14.002,17.166,14.103,10.502,10.525
20241114192949.6,2281.85499384999,14.093,14.087,17.174,14.091,10.527,10.549
20241114192950.1,2282.35500119627,14.184,14.218,17.141,14.077,10.5,10.531
20241114192950.6,2282.87100121379,14.236,14.297,17.093,14.081,10.529,10.525
20241114192951.1,2283.38299803436,14.249,14.325,17.119,14.085,10.523,10.543
20241114192951.6,2283.88299532235,14.259,14.248,17.014,14.083,10.525,10.533
20241114192952.1,2284.38600003719,14.147,14.16,16.956,14.091,10.525,10.535
20241114192952.6,2284.90200005472,14.127,14.113,16.933,14.081,10.517,10.525
20241114192953.1,2285.39799414575,14.16,14.188,16.978,14.089,10.523,10.535
20241114192953.6,2285.91399416327,14.129,14.143,16.939,14.093,10.515,10.541
20241114192954.1,2286.42600104213,14.148,14.168,17.085,14.085,10.521,10.523
20241114192954.7,2286.94099523127,14.131,14.143,17.172,14.075,10.525,10.527
20241114192955.2,2287.45699524879,14.176,14.18,17.092,14.09,10.507,10.515
20241114192955.7,2287.97199949622,14.102,14.08,17.155,14.106,10.497,10.538
20241114192956.2,2288.48399631679,14.04,14.031,17.203,14.094,10.518,10.532
20241114192956.7,2288.99999633431,14.021,14.023,17.357,14.092,10.52,10.532
20241114192957.2,2289.51099738479,14.021,14.029,17.391,14.086,10.513,10.53
20241114192957.8,2290.03100059927,14.066,14.086,17.474,14.102,10.501,10.524
20241114192958.3,2290.54700061679,14.106,14.14,17.496,14.092,10.513,10.528
20241114192958.8,2291.06199480593,14.116,14.11,17.387,14.104,10.515,10.534
20241114192959.3,2291.5620021522,14.094,14.084,17.309,14.121,10.517,10.543
20241114192959.8,2292.07800216973,14.091,14.049,17.226,14.109,10.531,10.535
20241114193000.3,2292.59400218725,14.028,13.988,17.139,14.113,10.494,10.545
20241114193000.8,2293.10500323772,14.028,13.958,17.099,14.101,10.533,10.533
20241114193001.3,2293.62499639392,13.929,13.909,17.222,14.111,10.519,10.523
20241114193001.9,2294.14000064135,13.885,13.901,17.281,14.107,10.515,10.523
20241114193002.4,2294.67199333012,13.826,13.84,17.335,14.121,10.504,10.527
20241114193002.9,2295.18699757755,13.792,13.82,17.505,14.115,10.543,10.541
20241114193003.4,2295.70700079203,13.849,13.883,17.505,14.115,10.51,10.539
20241114193003.9,2296.2189976126,13.941,13.939,17.416,14.121,10.504,10.521
20241114193004.5,2296.74999453127,13.998,13.992,17.363,14.131,10.541,10.551
20241114193005,2297.26900197566,14.012,13.982,17.418,14.117,10.541,10.533
20241114193005.5,2297.80099466443,13.992,13.992,17.37,14.129,10.517,10.533
20241114193006.1,2298.33200164139,13.952,13.96,17.271,14.123,10.515,10.535
20241114193006.6,2298.84399846196,13.949,13.933,17.242,14.113,10.51,10.547
20241114193007.1,2299.35900270939,13.901,13.917,17.091,14.139,10.517,10.527
20241114193007.6,2299.88999962807,13.881,13.909,16.982,14.123,10.51,10.545
20241114193008.1,2300.40599964559,13.891,13.949,17.026,14.129,10.517,10.535
20241114193008.6,2300.92199966311,13.915,13.939,16.984,14.111,10.506,10.515
20241114193009.2,2301.44099704921,13.915,13.937,17.012,14.121,10.51,10.557
20241114193009.7,2301.95699706674,13.945,13.972,17.119,14.137,10.523,10.537
20241114193010.2,2302.47599445283,13.96,13.972,17.127,14.125,10.519,10.557
20241114193010.7,2302.98800133169,13.964,13.966,17.055,14.152,10.521,10.543
20241114193011.2,2303.50400134921,13.964,14.006,17.026,14.139,10.51,10.533
20241114193011.7,2304.01500239968,13.99,14.024,16.879,14.127,10.512,10.539
20241114193012.3,2304.53100241721,13.996,14.012,16.97,14.133,10.5,10.541
20241114193012.8,2305.06600253284,14.002,13.986,17.105,14.131,10.527,10.529
20241114193013.3,2305.57799935341,13.98,13.962,17.45,14.147,10.519,10.545
20241114193013.8,2306.08999617398,13.964,13.952,17.576,14.145,10.521,10.541
20241114193014.3,2306.6050004214,13.964,13.966,17.574,14.139,10.533,10.539
20241114193014.8,2307.11699724197,13.974,13.958,17.593,14.143,10.524,10.538
20241114193015.4,2307.63599462807,13.991,13.979,17.605,14.132,10.503,10.546
20241114193015.9,2308.1519946456,14.088,13.975,17.629,14.132,10.515,10.538
20241114193016.4,2308.66799466312,14.138,14.015,17.573,14.118,10.507,10.536
20241114193017.1,2309.35499556363,14.126,14.031,17.862,14.122,10.52,10.518
20241114193017.6,2309.85099971294,14.11,14.042,17.878,14.153,10.501,10.532
20241114193018.1,2310.36699973047,14.102,14.048,17.944,14.163,10.513,10.534
20241114193018.6,2310.88299974799,14.102,14.054,17.973,14.157,10.503,10.534
20241114193019.1,2311.39799393713,14.112,14.035,17.969,14.153,10.499,10.522
20241114193019.6,2311.91399395466,14.114,14.084,17.965,14.179,10.507,10.53
20241114193020.1,2312.4179944396,14.138,14.092,18.019,14.167,10.511,10.542
20241114193020.6,2312.92899549007,14.191,14.14,18.106,14.171,10.518,10.538
20241114193021.2,2313.44899870455,14.09,14.088,18.112,14.179,10.515,10.515
20241114193021.7,2313.96499872208,14.031,14.062,18.197,14.177,10.495,10.509
20241114193022.2,2314.4800029695,13.949,14.021,18.286,14.191,10.507,10.542
20241114193022.7,2314.98799659312,13.89,13.955,18.286,14.203,10.513,10.524
20241114193023.2,2315.50399661064,13.831,13.89,18.298,14.207,10.536,10.54
20241114193023.7,2316.01900085807,13.767,13.831,18.26,14.207,10.518,10.534
20241114193024.2,2316.5149949491,13.781,13.852,18.082,14.219,10.515,10.526
20241114193024.8,2317.03499816358,13.795,13.815,17.831,14.221,10.509,10.534
20241114193025.3,2317.5509981811,13.886,13.835,17.724,14.235,10.513,10.538
20241114193025.8,2318.05400289595,13.876,13.862,17.799,14.231,10.497,10.526
20241114193026.3,2318.55400018394,13.906,13.874,17.791,14.195,10.511,10.534
20241114193026.8,2319.07000020146,13.876,13.882,17.779,14.199,10.513,10.526
20241114193027.3,2319.60099712014,13.884,13.916,17.611,14.197,10.53,10.528
20241114193027.8,2320.11299394071,13.928,13.947,17.478,14.223,10.503,10.532
20241114193028.3,2320.61300128698,13.977,13.963,17.346,14.233,10.511,10.524
20241114193028.8,2321.12499810755,13.981,14.013,17.292,14.215,10.52,10.534
20241114193029.4,2321.64000235498,13.994,13.996,17.261,14.224,10.531,10.553
20241114193029.9,2322.1560023725,14.026,14.03,17.24,14.228,10.517,10.549
20241114193030.4,2322.66799919307,14.082,14.015,17.217,14.209,10.509,10.534
20241114193030.9,2323.1830034405,14.153,14.072,17.258,14.219,10.501,10.536
20241114193031.4,2323.68300072849,14.173,14.098,17.585,14.217,10.507,10.534
20241114193031.9,2324.20299388468,14.191,14.128,17.944,14.242,10.511,10.534
20241114193032.4,2324.72200132906,14.215,14.143,18.031,14.246,10.52,10.528
20241114193032.9,2325.22199861705,14.241,14.153,17.989,14.239,10.524,10.518
20241114193033.5,2325.74200183153,14.272,14.191,17.906,14.231,10.515,10.54
20241114193034,2326.24199911952,14.302,14.235,17.938,14.242,10.507,10.54
20241114193034.5,2326.75399594009,14.316,14.282,17.969,14.235,10.524,10.528
20241114193035,2327.26900018752,14.361,14.332,18.041,14.235,10.515,10.54
20241114193035.5,2327.78500020504,14.383,14.347,18.229,14.237,10.515,10.546
20241114193036,2328.29699702561,14.367,14.34,18.144,14.254,10.538,10.53
20241114193036.5,2328.81200127304,14.343,14.357,18.112,14.262,10.511,10.526
20241114193037,2329.31199856102,14.375,14.393,18.052,14.272,10.515,10.52
20241114193037.5,2329.82799857855,14.401,14.393,17.892,14.268,10.489,10.534
20241114193038.1,2330.34399859607,14.385,14.369,17.88,14.256,10.507,10.528
20241114193038.6,2330.8590028435,14.362,14.299,17.816,14.267,10.547,10.541
20241114193039.1,2331.37899599969,14.315,14.238,17.766,14.255,10.523,10.539
20241114193039.6,2331.89400024712,14.281,14.228,17.659,14.253,10.527,10.535
20241114193040.1,2332.39800073206,14.271,14.216,17.63,14.277,10.515,10.545
20241114193040.6,2332.91400074959,14.222,14.125,17.574,14.248,10.519,10.551
20241114193041.1,2333.42899493873,14.145,14.055,17.612,14.257,10.523,10.537
20241114193041.7,2333.94100181758,14.083,14,17.693,14.259,10.512,10.559
20241114193042.2,2334.45299863815,13.986,13.883,17.796,14.267,10.539,10.535
20241114193042.7,2334.96899865568,13.95,13.859,17.794,14.273,10.533,10.547
20241114193043.2,2335.4840029031,13.947,13.857,17.826,14.273,10.517,10.535
20241114193043.7,2336.00000292063,13.883,13.802,17.78,14.265,10.531,10.557
20241114193044.2,2336.50000020862,13.851,13.76,17.663,14.257,10.523,10.545
20241114193044.7,2337.01499439776,13.828,13.757,17.654,14.283,10.547,10.533
20241114193045.3,2337.53099441528,13.792,13.739,17.636,14.273,10.531,10.563
20241114193045.8,2338.04699443281,13.77,13.699,17.584,14.273,10.537,10.539
20241114193046.3,2338.55799548328,13.762,13.711,17.634,14.275,10.527,10.545
20241114193046.8,2339.0739955008,13.772,13.709,17.606,14.285,10.519,10.529
20241114193047.3,2339.58999551833,13.754,13.703,17.551,14.275,10.498,10.541
20241114193047.8,2340.10900296271,13.782,13.727,17.513,14.285,10.504,10.549
20241114193048.4,2340.63999988139,13.794,13.747,17.545,14.277,10.531,10.529
20241114193048.9,2341.17200262845,13.834,13.778,17.446,14.273,10.525,10.547
20241114193049.4,2341.68699681759,13.857,13.82,17.408,14.279,10.529,10.547
20241114193049.9,2342.19500049949,13.844,13.826,17.454,14.275,10.515,10.539
20241114193050.4,2342.70699732006,13.84,13.822,17.626,14.275,10.523,10.555
20241114193050.9,2343.21899414063,13.855,13.84,17.856,14.277,10.537,10.543
20241114193051.4,2343.7299951911,13.889,13.919,17.984,14.293,10.537,10.541
20241114193052,2344.26100216806,13.959,13.978,18.054,14.311,10.521,10.567
20241114193052.5,2344.77700218558,14.067,14.097,17.955,14.301,10.535,10.555
20241114193053,2345.28899900615,14.129,14.159,17.988,14.311,10.547,10.559
20241114193053.5,2345.81999592483,14.188,14.25,18.172,14.321,10.535,10.543
20241114193054.1,2346.33599594235,14.258,14.261,18.093,14.317,10.527,10.553
20241114193054.6,2346.84699699283,14.254,14.22,18.004,14.309,10.519,10.551
20241114193055.1,2347.37499654293,14.234,14.168,18.113,14.315,10.525,10.549
20241114193055.6,2347.8859975934,14.196,14.137,18.006,14.321,10.525,10.549
20241114193056.1,2348.40199761093,14.174,14.129,17.788,14.301,10.521,10.557
20241114193056.6,2348.91799762845,14.168,14.123,17.717,14.319,10.523,10.557
20241114193057.2,2349.43300187588,14.18,14.129,17.642,14.301,10.525,10.549
20241114193057.7,2349.9490018934,14.176,14.158,17.663,14.313,10.519,10.551
20241114193058.2,2350.46500191092,14.18,14.184,17.673,14.299,10.529,10.541
20241114193058.7,2350.98399929702,14.228,14.186,17.707,14.311,10.527,10.553
20241114193059.2,2351.49999931455,14.269,14.216,17.632,14.299,10.531,10.553
20241114193059.7,2352.01499350369,14.291,14.23,17.681,14.311,10.529,10.543
20241114193100.3,2352.53499671817,14.299,14.271,17.756,14.295,10.525,10.553
20241114193100.8,2353.04699353874,14.335,14.242,17.885,14.319,10.517,10.535
20241114193101.3,2353.56600098312,14.275,14.214,17.869,14.311,10.535,10.555
20241114193101.8,2354.07799780369,14.281,14.244,17.828,14.305,10.531,10.547
20241114193102.3,2354.59699518979,14.242,14.189,17.817,14.324,10.522,10.515
20241114193102.8,2355.10099567473,14.219,14.149,17.821,14.312,10.511,10.53
20241114193103.3,2355.61699569225,14.173,14.066,17.779,14.294,10.536,10.54
20241114193103.9,2356.13299570978,14.116,13.975,17.771,14.31,10.522,10.548
20241114193104.4,2356.6479999572,14.035,13.932,17.787,14.32,10.515,10.548
20241114193104.9,2357.16800317168,14.011,13.908,17.783,14.31,10.522,10.552
20241114193105.4,2357.67899416387,13.993,13.896,17.738,14.308,10.536,10.522
20241114193105.9,2358.19499418139,13.979,13.926,17.783,14.322,10.532,10.538
20241114193106.4,2358.71099419892,14.019,13.991,17.829,14.32,10.495,10.519
20241114193106.9,2359.22599844635,13.985,13.941,17.753,14.318,10.507,10.536
20241114193107.5,2359.74199846387,13.987,13.93,17.684,14.302,10.515,10.544
20241114193108,2360.25799848139,13.989,13.935,17.64,14.314,10.509,10.532
20241114193108.5,2360.77300272882,14.04,14.007,17.682,14.326,10.522,10.54
20241114193109,2361.28900274634,14.072,14.025,17.747,14.326,10.532,10.548
20241114193109.5,2361.80399693549,14.054,14.003,17.734,14.316,10.52,10.54
20241114193110,2362.31999695301,14.052,14.011,17.781,14.334,10.515,10.544
20241114193110.6,2362.84000016749,14.077,14.049,17.824,14.339,10.541,10.537
20241114193111.1,2363.35100121796,14.069,14.036,17.81,14.35,10.537,10.539
20241114193111.7,2364.00799825788,14.066,14.027,17.74,14.32,10.52,10.548
20241114193112.2,2364.5230025053,14.058,14.048,17.652,14.32,10.518,10.534
20241114193112.8,2365.03900252283,14.054,14.019,17.629,14.326,10.524,10.55
20241114193113.3,2365.54300300777,14.056,13.991,17.694,14.318,10.519,10.546
20241114193113.8,2366.04700349271,14.076,13.997,17.771,14.314,10.499,10.521
20241114193114.3,2366.56199768186,14.052,13.989,17.85,14.33,10.507,10.534
20241114193114.8,2367.06199496984,14.076,14.009,17.856,14.324,10.487,10.532
20241114193115.3,2367.57799498737,14.082,14.031,17.846,14.335,10.526,10.544
20241114193115.8,2368.09000186622,14.034,14.044,17.807,14.343,10.507,10.546
20241114193116.3,2368.58999915421,14.052,14.031,17.692,14.339,10.497,10.538
20241114193116.8,2369.10100020468,14.044,14.036,17.627,14.331,10.519,10.552
20241114193117.3,2369.60500068963,14.023,14.038,17.577,14.335,10.515,10.515
20241114193117.8,2370.10499797761,14.044,14.09,17.545,14.333,10.517,10.532
20241114193118.3,2370.62500119209,14.074,14.126,17.474,14.335,10.509,10.558
20241114193118.9,2371.13600224257,14.118,14.127,17.421,14.349,10.495,10.53
20241114193119.4,2371.63599953055,14.066,14.034,17.417,14.335,10.515,10.534
20241114193119.9,2372.15199954808,14.019,14.011,17.331,14.351,10.521,10.525
20241114193120.4,2372.65199683607,13.983,13.927,17.236,14.343,10.513,10.523
20241114193120.9,2373.16799685359,13.947,13.868,17.207,14.355,10.507,10.525
20241114193121.4,2373.66799414158,13.904,13.856,17.217,14.345,10.507,10.55
20241114193121.9,2374.1639982909,13.88,13.795,17.213,14.347,10.503,10.542
20241114193122.4,2374.68299567699,13.838,13.775,17.325,14.335,10.513,10.519
20241114193122.9,2375.19500255585,13.814,13.737,17.347,14.337,10.501,10.523
20241114193123.4,2375.71100257337,13.755,13.708,17.403,14.353,10.511,10.513
20241114193123.9,2376.22599676251,13.741,13.686,17.391,14.351,10.505,10.529
20241114193124.5,2376.73400044441,13.721,13.648,17.395,14.361,10.499,10.517
20241114193125,2377.26099416614,13.692,13.603,17.436,14.371,10.495,10.532
20241114193125.5,2377.76899784803,13.638,13.567,17.426,14.377,10.505,10.528
20241114193126,2378.28499786556,13.632,13.555,17.464,14.373,10.505,10.532
20241114193126.5,2378.79699468613,13.636,13.561,17.508,14.377,10.513,10.536
20241114193127,2379.32399846613,13.599,13.555,17.51,14.363,10.517,10.538
20241114193127.6,2379.84400168061,13.591,13.518,17.532,14.373,10.515,10.534
20241114193128.1,2380.35500273108,13.583,13.539,17.569,14.385,10.515,10.538
20241114193128.6,2380.87100274861,13.613,13.591,17.658,14.385,10.519,10.544
20241114193129.1,2381.38599693775,13.646,13.624,17.644,14.395,10.513,10.536
20241114193129.6,2381.88599422574,13.654,13.674,17.613,14.375,10.517,10.538
20241114193130.1,2382.38999471068,13.741,13.771,17.595,14.399,10.524,10.546
20241114193130.6,2382.90599472821,13.848,13.872,17.577,14.417,10.528,10.546
20241114193131.1,2383.40999521315,13.866,13.856,17.534,14.387,10.528,10.528
20241114193131.6,2383.92599523067,13.878,13.842,17.522,14.403,10.519,10.528
20241114193132.2,2384.45700220764,13.874,13.854,17.581,14.395,10.517,10.544
20241114193132.7,2384.97199639678,13.88,13.856,17.613,14.397,10.517,10.536
20241114193133.2,2385.48400327563,13.928,13.874,17.64,14.409,10.511,10.542
20241114193133.7,2386.00399643183,13.981,13.963,17.694,14.413,10.54,10.554
20241114193134.2,2386.51900067925,14.076,14.021,17.686,14.423,10.528,10.546
20241114193134.8,2387.03899383545,14.074,14.025,17.688,14.399,10.515,10.536
20241114193135.3,2387.5510007143,14.135,14.12,17.577,14.405,10.519,10.534
20241114193135.8,2388.05799856782,14.151,14.133,17.597,14.423,10.521,10.55
20241114193136.3,2388.56999538839,14.234,14.201,17.557,14.425,10.519,10.538
20241114193136.8,2389.08599540591,14.236,14.25,17.591,14.423,10.517,10.546
20241114193137.3,2389.60099965334,14.193,14.197,17.603,14.419,10.517,10.532
20241114193137.8,2390.10899327695,14.157,14.159,17.646,14.425,10.515,10.552
20241114193138.3,2390.62500335276,14.133,14.096,17.732,14.434,10.515,10.538
20241114193138.9,2391.14400073886,14.078,14.114,17.716,14.427,10.521,10.54
20241114193139.4,2391.67200028896,14.104,14.06,17.658,14.424,10.497,10.536
20241114193139.9,2392.18699447811,14.022,13.975,17.611,14.442,10.513,10.554
20241114193140.4,2392.70699769258,13.981,13.91,17.577,14.43,10.489,10.544
20241114193140.9,2393.21500137448,13.939,13.904,17.559,14.428,10.519,10.54
20241114193141.5,2393.73399876058,13.914,13.88,17.531,14.438,10.515,10.523
20241114193142,2394.24599558115,13.882,13.866,17.524,14.428,10.507,10.546
20241114193142.5,2394.76099982858,13.896,13.842,17.577,14.434,10.519,10.53
20241114193143,2395.27299664915,13.886,13.84,17.621,14.44,10.503,10.534
20241114193143.5,2395.78899666667,13.842,13.834,17.642,14.424,10.503,10.534
20241114193144,2396.3040009141,13.91,13.872,17.696,14.446,10.515,10.536
20241114193144.5,2396.82000093162,13.866,13.838,17.781,14.436,10.505,10.542
20241114193145,2397.32799455523,13.844,13.826,17.769,14.44,10.501,10.531
20241114193145.6,2397.84000143409,13.818,13.834,17.783,14.456,10.507,10.519
20241114193146.1,2398.35100248456,13.87,13.872,17.753,14.446,10.505,10.546
20241114193146.6,2398.86299930513,13.854,13.828,17.755,14.454,10.493,10.546
20241114193147.1,2399.37100298703,13.832,13.805,17.702,14.47,10.511,10.534
20241114193147.6,2399.8829998076,13.854,13.864,17.7,14.466,10.53,10.546
20241114193148.1,2400.39799399674,13.925,13.923,17.696,14.454,10.521,10.538
20241114193148.6,2400.92599354684,13.985,13.949,17.68,14.462,10.519,10.528
20241114193149.2,2401.44099779427,14.003,13.943,17.757,14.462,10.509,10.552
20241114193149.7,2401.95699781179,14.036,13.981,17.933,14.456,10.517,10.538
20241114193150.2,2402.47200205922,14.052,14.038,17.983,14.46,10.505,10.534
20241114193150.7,2402.99199521542,14.082,14.117,17.917,14.458,10.509,10.521
20241114193151.2,2403.5110026598,14.121,14.145,17.989,14.474,10.501,10.534
20241114193151.7,2404.01899628341,14.167,14.205,18.02,14.49,10.503,10.531
20241114193152.3,2404.53899949789,14.212,14.319,18.058,14.496,10.501,10.529
20241114193152.8,2405.06999641657,14.294,14.357,17.963,14.512,10.513,10.546
20241114193153.3,2405.594002828,14.351,14.381,17.959,14.488,10.487,10.538
20241114193153.8,2406.10100068152,14.343,14.367,17.931,14.521,10.499,10.527
20241114193154.3,2406.62099383771,14.343,14.323,18.048,14.519,10.511,10.529
20241114193154.9,2407.13300071657,14.3,14.294,18.078,14.525,10.507,10.538
20241114193155.4,2407.65199810266,14.3,14.294,18.135,14.521,10.509,10.54
20241114193155.9,2408.16799812019,14.29,14.294,18.149,14.513,10.525,10.527
20241114193156.4,2408.68300236762,14.268,14.27,18.121,14.496,10.493,10.538
20241114193156.9,2409.19499918818,14.246,14.28,18.009,14.519,10.517,10.523
20241114193157.4,2409.71099920571,14.252,14.201,17.914,14.515,10.501,10.527
20241114193158,2410.24199612439,14.161,14.155,17.822,14.523,10.491,10.527
20241114193158.5,2410.75799614191,14.101,14.078,17.777,14.492,10.517,10.509
20241114193159,2411.26899719238,14.04,14.048,17.785,14.533,10.519,10.513
20241114193159.5,2411.80399730802,14.04,14.026,17.765,14.496,10.515,10.527
20241114193200,2412.31200098991,14.006,14.01,17.795,14.523,10.477,10.521
20241114193200.5,2412.81600147486,13.961,13.987,17.803,14.523,10.509,10.525
20241114193201.1,2413.33599463105,13.947,13.894,17.795,14.509,10.521,10.529
20241114193201.6,2413.84699568152,13.836,13.791,17.876,14.494,10.517,10.535
20241114193202.1,2414.36299569905,13.779,13.789,17.814,14.496,10.501,10.531
20241114193202.6,2414.87899571657,13.759,13.757,17.86,14.519,10.515,10.527
20241114193203.1,2415.40599949658,13.715,13.755,17.929,14.507,10.531,10.529
20241114193203.6,2415.92600271106,13.723,13.751,17.963,14.525,10.503,10.54
20241114193204.2,2416.43699370325,13.806,13.844,18.02,14.545,10.509,10.542
20241114193204.7,2416.95699691772,13.791,13.789,18.147,14.521,10.485,10.548
20241114193205.2,2417.46899373829,13.783,13.799,18.26,14.533,10.517,10.552
20241114193205.7,2417.99199432135,13.834,13.892,18.284,14.545,10.521,10.523
20241114193206.4,2418.64799559116,13.929,13.985,18.345,14.559,10.499,10.54
20241114193206.9,2419.16000247002,14.005,14.012,18.318,14.547,10.523,10.529
20241114193207.4,2419.65999975801,14.052,14.078,18.298,14.573,10.495,10.538
20241114193207.9,2420.17599977553,14.104,14.1,18.282,14.557,10.517,10.548
20241114193208.4,2420.67899443209,14.169,14.199,18.26,14.551,10.525,10.527
20241114193208.9,2421.18299491704,14.246,14.25,18.292,14.583,10.511,10.536
20241114193209.4,2421.69899493456,14.262,14.27,18.314,14.561,10.519,10.531
20241114193209.9,2422.21100181341,14.228,14.228,18.363,14.571,10.507,10.538
20241114193210.4,2422.72599600255,14.181,14.203,18.369,14.573,10.509,10.531
20241114193211,2423.23800288141,14.133,14.143,18.323,14.583,10.497,10.527
20241114193211.5,2423.75400289893,14.111,14.153,18.46,14.571,10.509,10.534
20241114193212,2424.27300028503,14.113,14.153,18.654,14.573,10.505,10.534
20241114193212.5,2424.79299344122,14.159,14.179,18.666,14.577,10.505,10.548
20241114193213,2425.2930007875,14.187,14.189,18.654,14.603,10.503,10.554
20241114193213.5,2425.81199817359,14.193,14.22,18.63,14.599,10.519,10.544
20241114193214,2426.32799819112,14.181,14.224,18.706,14.609,10.491,10.527
20241114193214.6,2426.8589951098,14.191,14.23,18.63,14.591,10.499,10.542
20241114193215.1,2427.37100198865,14.238,14.264,18.628,14.599,10.491,10.531
20241114193215.6,2427.88999937475,14.242,14.317,18.634,14.61,10.501,10.542
20241114193216.1,2428.40199619532,14.262,14.337,18.575,14.614,10.497,10.535
20241114193216.6,2428.92199940979,14.28,14.363,18.555,14.602,10.493,10.533
20241114193217.2,2429.43699359894,14.296,14.377,18.529,14.597,10.505,10.546
20241114193217.7,2429.93700094521,14.305,14.335,18.472,14.608,10.505,10.55
20241114193218.2,2430.44499456882,14.276,14.226,18.5,14.628,10.495,10.527
20241114193218.7,2430.96099458635,14.218,14.204,18.624,14.606,10.501,10.531
20241114193219.2,2431.47199563682,14.175,14.199,18.668,14.626,10.495,10.527
20241114193219.7,2431.97599612176,14.183,14.214,18.743,14.606,10.489,10.533
20241114193220.2,2432.49199613929,14.171,14.19,18.773,14.626,10.507,10.533
20241114193220.7,2433.02300311625,14.119,14.165,18.85,14.642,10.475,10.511
20241114193221.3,2433.53900313377,14.093,14.143,18.923,14.642,10.505,10.523
20241114193221.8,2434.07000005245,14.06,14.113,19.173,14.658,10.485,10.521
20241114193222.3,2434.58199687302,13.983,14.068,19.523,14.66,10.493,10.529
20241114193222.8,2435.10099425912,13.933,14.022,19.464,14.682,10.493,10.513
20241114193223.3,2435.61300113797,13.943,14.042,19.404,14.678,10.481,10.527
20241114193223.9,2436.14399805665,13.907,14,19.466,14.68,10.485,10.521
20241114193224.4,2436.67199760675,13.943,13.991,19.418,14.69,10.497,10.525
20241114193224.9,2437.17899546027,14.008,14.028,19.513,14.693,10.477,10.519
20241114193225.4,2437.68299594522,14.056,14.076,19.612,14.693,10.497,10.509
20241114193225.9,2438.19500282407,14.04,14.095,19.472,14.691,10.485,10.521
20241114193226.4,2438.70299644768,13.961,14.028,19.351,14.686,10.491,10.519
20241114193226.9,2439.21500332654,13.929,13.989,19.179,14.674,10.489,10.519
20241114193227.5,2439.73400071263,13.878,13.943,18.961,14.684,10.485,10.523
20241114193228,2440.24199433625,13.824,13.957,18.951,14.69,10.497,10.529
20241114193228.5,2440.7649949193,13.901,14.04,18.872,14.703,10.517,10.519
20241114193229,2441.30100086331,13.846,13.921,18.759,14.699,10.499,10.546
20241114193229.5,2441.80799871683,13.876,13.927,18.707,14.69,10.493,10.531
20241114193230,2442.3199955374,13.878,13.886,18.652,14.686,10.503,10.525
20241114193230.5,2442.82399602234,13.862,13.864,18.602,14.693,10.493,10.539
20241114193231.1,2443.33999603987,13.854,13.826,18.636,14.703,10.507,10.537
20241114193231.6,2443.87100301683,13.81,13.765,18.597,14.69,10.489,10.527
20241114193232.1,2444.38599720597,13.771,13.729,18.595,14.67,10.493,10.525
20241114193232.6,2444.89799402654,13.733,13.688,18.551,14.682,10.509,10.525
20241114193233.1,2445.41399404407,13.707,13.668,18.598,14.701,10.491,10.527
20241114193233.6,2445.92899829149,13.727,13.699,18.591,14.688,10.513,10.527
20241114193234.2,2446.44099511206,13.753,13.711,18.622,14.701,10.503,10.519
20241114193234.7,2446.97200208902,13.777,13.745,18.705,14.711,10.487,10.527
20241114193235.2,2447.48800210655,13.866,13.868,18.692,14.703,10.485,10.521
20241114193235.7,2448.00400212407,14.032,14.006,18.642,14.684,10.491,10.519
20241114193236.2,2448.51899631321,14.121,14.038,18.63,14.695,10.473,10.543
20241114193236.8,2449.03100319207,14.086,14.064,18.664,14.715,10.509,10.513
20241114193237.3,2449.54700320959,14.133,14.121,18.727,14.723,10.507,10.546
20241114193237.8,2450.06199739873,14.163,14.123,18.755,14.723,10.511,10.55
20241114193238.3,2450.58200061321,14.153,14.125,18.753,14.719,10.509,10.544
20241114193238.8,2451.09699480236,14.141,14.111,18.775,14.725,10.493,10.529
20241114193239.3,2451.61699801683,14.195,14.1,18.721,14.735,10.499,10.538
20241114193239.9,2452.13599540293,14.129,14.048,18.648,14.747,10.491,10.521
20241114193240.4,2452.64399908483,14.058,14.012,18.595,14.725,10.493,10.531
20241114193240.9,2453.16799543798,14.04,13.955,18.698,14.737,10.497,10.527
20241114193241.4,2453.69499921799,13.992,13.927,18.668,14.743,10.481,10.515
20241114193241.9,2454.22599613667,13.925,13.897,18.698,14.759,10.495,10.556
20241114193242.5,2454.74599935114,13.919,13.911,18.775,14.753,10.485,10.521
20241114193243,2455.27699626982,13.931,13.866,18.812,14.747,10.493,10.541
20241114193243.5,2455.79299628735,13.913,13.852,18.828,14.763,10.497,10.527
20241114193244,2456.30800053477,13.915,13.907,18.913,14.757,10.477,10.521
20241114193244.5,2456.81999735534,13.955,13.913,18.838,14.765,10.507,10.529
20241114193245.1,2457.33599737287,13.927,13.846,18.951,14.777,10.491,10.521
20241114193245.6,2457.85899795592,13.886,13.808,18.957,14.769,10.507,10.546
20241114193246.1,2458.37499797344,13.844,13.794,19.088,14.794,10.505,10.556
20241114193246.6,2458.89000222087,13.8,13.773,19.096,14.781,10.513,10.529
20241114193247.1,2459.40600223839,13.777,13.737,19.006,14.775,10.483,10.531
20241114193247.6,2459.92200225592,13.755,13.741,18.949,14.775,10.507,10.539
20241114193248.2,2460.43699644506,13.771,13.798,18.899,14.785,10.493,10.543
20241114193248.7,2460.96499599516,13.852,13.844,18.854,14.794,10.507,10.548
20241114193249.2,2461.48000024259,13.824,13.787,18.771,14.796,10.515,10.523
20241114193249.7,2461.99600026011,13.729,13.745,18.733,14.781,10.483,10.531
20241114193250.2,2462.50799708068,13.737,13.737,18.692,14.787,10.505,10.533
20241114193250.8,2463.04299719632,13.751,13.735,18.678,14.808,10.511,10.529
20241114193251.3,2463.573994115,13.767,13.709,18.676,14.791,10.497,10.531
20241114193251.8,2464.09399732947,13.775,13.717,18.69,14.785,10.481,10.527
20241114193252.3,2464.60499837995,13.771,13.777,18.632,14.791,10.509,10.535
20241114193252.8,2465.12500159442,13.781,13.747,18.602,14.826,10.487,10.517
20241114193253.4,2465.6360026449,13.783,13.755,18.575,14.804,10.479,10.531
20241114193253.9,2466.15599580109,13.789,13.767,18.622,14.816,10.509,10.531
20241114193254.4,2466.66800267994,13.779,13.763,18.688,14.82,10.493,10.527
20241114193254.9,2467.18299686909,13.785,13.779,18.703,14.82,10.501,10.537
20241114193255.4,2467.69499368966,13.785,13.787,18.692,14.838,10.491,10.541
20241114193256,2468.24200339615,13.804,13.804,18.692,14.836,10.493,10.529
20241114193256.5,2468.75799335539,13.854,13.844,18.703,14.836,10.509,10.531
20241114193257,2469.2849971354,13.899,13.893,18.741,14.854,10.493,10.541
20241114193257.5,2469.80099715292,13.921,13.969,18.725,14.848,10.497,10.548
20241114193258,2470.31600140035,13.965,14.01,18.672,14.838,10.521,10.548
20241114193258.6,2470.86300104856,14.092,14.086,18.652,14.848,10.509,10.552
20241114193259.1,2471.37499786913,14.074,14.064,18.739,14.812,10.505,10.525
20241114193259.6,2471.89000211656,14.066,14.046,18.816,14.844,10.495,10.533
20241114193300.3,2472.56599925458,14.074,14.044,19.056,14.872,10.497,10.531
20241114193300.8,2473.07799607515,14.034,14.02,19.058,14.862,10.509,10.55
20241114193301.3,2473.5819965601,14.054,14.04,19.591,14.892,10.491,10.533
20241114193301.8,2474.09700080752,14.07,14.048,19.648,14.897,10.507,10.527
20241114193302.3,2474.61300082505,14.074,14.068,19.567,14.892,10.487,10.533
20241114193302.8,2475.12499764562,14.08,14.056,19.527,14.897,10.505,10.543
20241114193303.4,2475.66799409688,14.109,14.088,19.385,14.911,10.487,10.529
20241114193303.9,2476.17899514735,14.052,13.987,19.284,14.903,10.491,10.537
20241114193304.4,2476.6910020262,14.03,14.002,19.355,14.927,10.515,10.533
20241114193304.9,2477.20700204372,14.028,13.994,19.515,14.915,10.491,10.541
20241114193305.4,2477.71100252867,14.056,14.006,19.434,14.921,10.531,10.558
20241114193305.9,2478.21899615228,14.044,14.02,19.333,14.921,10.499,10.541
20241114193306.5,2478.75399626791,14.078,14.006,19.347,14.941,10.507,10.535
20241114193307,2479.25799675286,14.044,13.996,19.351,14.939,10.509,10.517
20241114193307.5,2479.77300100029,14.086,14.034,19.216,14.941,10.513,10.527
20241114193308,2480.29699735343,14.056,14.046,19.191,14.933,10.495,10.562
20241114193308.6,2480.83999380469,14.002,14.026,19.311,14.955,10.493,10.525
20241114193309.1,2481.35099485517,14.014,14.036,19.238,14.971,10.475,10.546
20241114193309.6,2481.86300173402,14.006,14,19.482,14.973,10.491,10.541
20241114193310.1,2482.37499855459,14.032,14.032,19.511,14.975,10.505,10.552
20241114193310.6,2482.89000280201,14.062,14.032,19.412,14.977,10.481,10.527
20241114193311.1,2483.40600281954,14.111,14.088,19.4,14.989,10.487,10.529
20241114193311.7,2483.93299654126,14.175,14.167,19.662,14.998,10.487,10.517
20241114193312.2,2484.46499928832,14.204,14.092,19.424,15,10.505,10.537
20241114193312.7,2484.97999347746,14.115,14.058,19.266,15.01,10.505,10.541
20241114193313.2,2485.49600355327,14.093,14.052,19.482,15.018,10.497,10.531
20241114193313.7,2486.00399717689,14.092,14.07,19.549,15.034,10.501,10.535
20241114193314.2,2486.52299456298,14.054,14.101,19.523,15.026,10.487,10.543
20241114193314.8,2487.04299777746,14.105,14.113,19.537,15.022,10.519,10.546
20241114193315.3,2487.55399882793,14.117,14.133,19.377,15.032,10.491,10.546
20241114193315.8,2488.06999884546,14.109,14.109,19.202,15.02,10.511,10.531
20241114193316.3,2488.58199566603,14.125,14.131,19.147,15.048,10.483,10.527
20241114193316.8,2489.09400254488,14.123,14.131,19.129,15.05,10.513,10.539
20241114193317.3,2489.61299993098,14.139,14.131,19.096,15.05,10.493,10.531
20241114193317.9,2490.13300314546,14.147,14.145,19.159,15.056,10.497,10.537
20241114193318.4,2490.65200053155,14.171,14.133,19.133,15.05,10.509,10.546
20241114193318.9,2491.16399735212,14.157,14.181,19.006,15.062,10.503,10.541
20241114193319.4,2491.69100113213,14.179,14.224,18.905,15.08,10.485,10.564
20241114193319.9,2492.21099428833,14.206,14.274,18.872,15.036,10.501,10.546
20241114193320.5,2492.73799806833,14.23,14.23,18.83,15.062,10.511,10.548
20241114193321,2493.25399808586,14.101,14.121,18.862,15.084,10.517,10.539
20241114193321.5,2493.76900233328,14.056,14.095,18.933,15.105,10.503,10.533
20241114193322,2494.28500235081,14.024,14.078,18.998,15.084,10.519,10.546
20241114193322.5,2494.80399973691,14.028,14.042,18.957,15.097,10.511,10.527
20241114193323,2495.31599655747,14.002,13.977,18.957,15.09,10.503,10.533
20241114193323.6,2495.831996575,13.927,13.866,19.016,15.105,10.497,10.541
20241114193324.1,2496.36299349368,13.866,13.775,19.05,15.095,10.505,10.537
20241114193324.6,2496.88999727368,13.852,13.771,19.048,15.103,10.491,10.521
20241114193325.1,2497.38999456167,13.816,13.771,18.981,15.092,10.493,10.556
20241114193325.7,2497.96899966896,13.796,13.733,18.848,15.111,10.503,10.546
20241114193326.2,2498.4839938581,13.775,13.745,18.818,15.123,10.501,10.55
20241114193326.7,2498.99999387562,13.789,13.755,18.743,15.127,10.509,10.531
20241114193327.2,2499.51499812305,13.781,13.741,18.761,15.119,10.497,10.543
20241114193327.8,2500.05099400878,13.792,13.79,18.745,15.129,10.489,10.541
20241114193328.3,2500.56599825621,13.83,13.8,18.735,15.145,10.513,10.543
20241114193328.8,2501.08199827373,13.808,13.775,18.795,15.141,10.525,10.525
20241114193329.3,2501.59700252116,13.81,13.838,18.785,15.147,10.497,10.548
20241114193329.8,2502.10899934173,13.88,13.84,18.818,15.135,10.521,10.541
20241114193330.3,2502.62499935925,13.895,13.89,18.83,15.167,10.519,10.558
20241114193330.9,2503.15200313926,13.915,13.876,18.844,15.163,10.499,10.56
20241114193331.4,2503.67199629545,13.923,13.909,18.844,15.159,10.497,10.541
20241114193331.9,2504.18700054288,13.951,13.937,18.838,15.165,10.511,10.556
20241114193332.4,2504.7030005604,13.989,14.03,18.872,15.191,10.521,10.529
20241114193332.9,2505.21900057793,14.097,14.113,18.882,15.181,10.499,10.548
20241114193333.5,2505.75799383223,14.123,14.111,18.816,15.179,10.513,10.548
20241114193334,2506.27299807966,14.149,14.143,18.858,15.191,10.503,10.535
20241114193334.5,2506.78899809718,14.2,14.177,18.854,15.202,10.503,10.537
20241114193335,2507.30400234461,14.228,14.187,18.8,15.194,10.503,10.541
20241114193335.5,2507.8239955008,14.228,14.19,18.765,15.214,10.493,10.541
20241114193336.1,2508.34399871528,14.196,14.218,18.783,15.202,10.507,10.56
20241114193336.6,2508.85900296271,14.206,14.299,18.818,15.226,10.507,10.55
20241114193337.1,2509.37500298023,14.204,14.185,18.822,15.234,10.517,10.55
20241114193337.6,2509.90599989891,14.187,14.129,18.854,15.23,10.501,10.543
20241114193338.1,2510.42199991643,14.165,14.143,18.884,15.246,10.509,10.572
20241114193338.7,2510.93699410558,14.214,14.2,18.85,15.238,10.505,10.552
20241114193339.2,2511.4529941231,14.202,14.157,18.907,15.248,10.517,10.529
20241114193339.7,2511.96500100195,14.151,14.115,18.715,15.258,10.513,10.556
20241114193340.2,2512.4799951911,14.135,14.137,18.686,15.264,10.509,10.543
20241114193340.7,2512.99599520862,14.173,14.206,18.703,15.268,10.509,10.554
20241114193341.2,2513.51099945605,14.248,14.27,18.741,15.262,10.521,10.541
20241114193341.7,2514.02299627662,14.266,14.254,18.747,15.266,10.513,10.554
20241114193342.3,2514.5429994911,14.264,14.25,18.765,15.274,10.517,10.537
20241114193342.8,2515.06199687719,14.242,14.187,18.818,15.284,10.507,10.562
20241114193343.3,2515.57399369776,14.206,14.2,18.84,15.291,10.495,10.556
20241114193343.8,2516.08600057662,14.196,14.147,18.888,15.295,10.511,10.529
20241114193344.3,2516.61699749529,14.185,14.048,18.943,15.305,10.499,10.541
20241114193344.9,2517.14799441397,14.086,13.955,18.894,15.329,10.523,10.556
20241114193345.4,2517.67900139093,14.008,13.899,19.07,15.319,10.499,10.546
20241114193345.9,2518.21099407971,13.991,13.921,19.082,15.339,10.491,10.539
20241114193346.4,2518.72599832714,13.991,13.901,19.074,15.341,10.493,10.562
20241114193347,2519.26099844277,13.979,13.89,19.129,15.343,10.509,10.548
20241114193347.5,2519.77699846029,14.024,13.935,19.068,15.357,10.493,10.562
20241114193348,2520.29700167477,14.052,13.973,19.024,15.355,10.491,10.552
20241114193348.5,2520.80800272524,14.086,14.066,19.086,15.357,10.515,10.558
20241114193349.1,2521.34399861097,14.121,14.103,19.004,15.371,10.507,10.558
20241114193349.7,2521.97199761868,14.111,14.117,18.955,15.355,10.501,10.546
20241114193350.2,2522.49999716878,14.099,14.084,18.941,15.361,10.495,10.546
20241114193350.7,2523.01500141621,14.06,14.054,18.943,15.389,10.513,10.548
20241114193351.3,2523.54300096631,14.016,13.967,19.032,15.394,10.511,10.539
20241114193351.8,2524.05799515545,13.955,13.878,18.989,15.383,10.497,10.548
20241114193352.3,2524.601001665,13.907,13.89,18.955,15.408,10.509,10.556
20241114193352.8,2525.11700168252,13.935,13.903,18.913,15.408,10.511,10.552
20241114193353.3,2525.62100216746,13.987,13.939,18.925,15.408,10.499,10.55
20241114193353.9,2526.13999955356,14.072,14.082,18.931,15.416,10.503,10.554
20241114193354.4,2526.66000276804,14.109,14.034,18.913,15.446,10.507,10.55
20241114193354.9,2527.17600278556,14.028,13.965,19.02,15.452,10.501,10.533
20241114193355.4,2527.69500017166,13.977,13.947,18.995,15.466,10.515,10.558
20241114193355.9,2528.21100018919,13.995,13.987,19.034,15.458,10.525,10.546
20241114193356.4,2528.72599437833,14.026,13.987,19.048,15.484,10.507,10.55
20241114193356.9,2529.22999486327,13.973,13.951,19.106,15.494,10.503,10.556
20241114193357.5,2529.7459948808,13.985,13.969,19.036,15.498,10.499,10.558
20241114193358,2530.24999536574,14.05,14.038,18.971,15.507,10.521,10.56
20241114193358.5,2530.76099641621,14.109,14.03,18.919,15.496,10.538,10.56
20241114193359,2531.27699643373,14.02,13.953,18.911,15.505,10.503,10.56
20241114193359.5,2531.79699964821,14.016,13.973,18.953,15.515,10.511,10.562
20241114193400,2532.32399336994,14.014,13.963,19.034,15.521,10.505,10.566
20241114193400.6,2532.84399658442,14.012,13.961,19.086,15.545,10.501,10.56
20241114193401.1,2533.35900083184,13.961,13.911,19.117,15.549,10.517,10.548
20241114193401.6,2533.87500084937,13.923,13.899,19.248,15.553,10.497,10.533
20241114193402.1,2534.38999503851,13.895,13.85,19.202,15.545,10.517,10.55
20241114193402.6,2534.92199778557,13.846,13.814,19.171,15.563,10.503,10.541
20241114193403.2,2535.43299883604,13.838,13.842,19.135,15.559,10.513,10.539
20241114193403.7,2535.9650015831,13.911,13.85,19.088,15.561,10.495,10.552
20241114193404.2,2536.47999577224,13.897,13.824,19.06,15.567,10.505,10.564
20241114193404.7,2536.99599578977,13.872,13.818,19.03,15.585,10.527,10.56
20241114193405.2,2537.51100003719,13.848,13.832,18.947,15.593,10.505,10.55
20241114193405.7,2538.02700005472,13.872,13.893,18.884,15.591,10.505,10.543
20241114193406.3,2538.54300007224,13.943,13.963,18.856,15.585,10.507,10.554
20241114193406.8,2539.05799426138,14.014,14.026,18.838,15.608,10.501,10.558
20241114193407.3,2539.57399427891,14.08,14.038,18.826,15.596,10.525,10.562
20241114193407.8,2540.08600115776,14.111,14.074,18.781,15.63,10.507,10.539
20241114193408.3,2540.60499854386,14.163,14.165,18.699,15.642,10.513,10.552
20241114193408.8,2541.12099856138,14.171,14.117,18.757,15.642,10.509,10.539
20241114193409.4,2541.63299538195,14.135,14.123,18.899,15.664,10.521,10.55
20241114193409.9,2542.14799962938,14.08,14.08,18.957,15.668,10.497,10.556
20241114193410.4,2542.6639996469,14.072,14.117,19.03,15.674,10.515,10.572
20241114193410.9,2543.17899383605,14.183,14.198,19.129,15.668,10.503,10.564
20241114193411.4,2543.6910007149,14.198,14.139,19.094,15.695,10.501,10.566
20241114193411.9,2544.20700073242,14.151,14.161,19.084,15.695,10.493,10.558
20241114193412.4,2544.72199492157,14.224,14.256,19.022,15.701,10.495,10.558
20241114193413,2545.246001333,14.266,14.301,19.012,15.719,10.497,10.556
20241114193413.5,2545.75799815357,14.339,14.383,18.998,15.719,10.523,10.564
20241114193414,2546.27300240099,14.369,14.444,19.076,15.751,10.523,10.564
20241114193414.5,2546.79299555719,14.404,14.484,19.05,15.753,10.505,10.57
20241114193415,2547.30799980462,14.432,14.493,18.961,15.761,10.521,10.564
20241114193415.6,2547.83199615777,14.436,14.404,18.998,15.796,10.507,10.562
20241114193416.1,2548.33599664271,14.367,14.305,19.052,15.796,10.503,10.552
20241114193416.6,2548.85100089014,14.289,14.228,19.068,15.808,10.507,10.539
20241114193417.1,2549.37099404633,14.274,14.238,19.066,15.794,10.515,10.564
20241114193417.6,2549.88300092518,14.264,14.248,19.068,15.834,10.507,10.564
20241114193418.1,2550.39400197566,14.286,14.297,19.058,15.838,10.509,10.56
20241114193418.6,2550.92200152576,14.303,14.313,19.226,15.838,10.519,10.57
20241114193419.2,2551.4369957149,14.301,14.252,19.26,15.834,10.499,10.562
20241114193419.7,2551.9449993968,14.258,14.206,19.41,15.874,10.503,10.558
20241114193420.2,2552.46099941432,14.252,14.169,19.383,15.909,10.517,10.556
20241114193420.7,2552.96099670231,14.208,14.161,19.583,15.903,10.529,10.56
20241114193421.2,2553.46900038421,14.22,14.226,19.494,15.927,10.511,10.562
20241114193421.7,2553.9689976722,14.246,14.284,19.335,15.929,10.517,10.564
20241114193422.2,2554.48400191963,14.266,14.282,19.29,15.925,10.511,10.566
20241114193422.7,2554.98800240457,14.214,14.169,19.204,15.939,10.511,10.558
20241114193423.2,2555.50400242209,14.143,14.052,19.107,15.969,10.523,10.556
20241114193423.7,2556.01499341428,14.048,13.949,19.074,15.975,10.503,10.566
20241114193424.3,2556.53499662876,13.983,13.878,19.129,15.991,10.519,10.556
20241114193424.8,2557.05799721181,13.943,13.846,19.099,15.977,10.495,10.558
20241114193425.3,2557.56999403238,13.931,13.874,19.046,15.995,10.519,10.556
20241114193425.8,2558.09400044382,13.947,13.915,19.034,16.008,10.497,10.556
20241114193426.3,2558.5939977318,13.977,13.909,19.032,16.018,10.523,10.564
20241114193426.8,2559.12100151181,13.931,13.909,19.018,16.026,10.507,10.558
20241114193427.4,2559.63599570096,13.989,13.985,18.995,16.044,10.519,10.56
20241114193427.9,2560.15199571848,14.022,13.965,18.909,16.072,10.517,10.556
20241114193428.4,2560.68699583411,14.008,13.965,18.862,16.048,10.511,10.572
20241114193428.9,2561.21499538422,13.971,13.987,18.85,16.086,10.507,10.556
20241114193429.4,2561.72999963164,13.998,14.008,18.828,16.099,10.505,10.552
20241114193430,2562.25799918175,13.996,13.973,18.86,16.097,10.513,10.562
20241114193430.5,2562.78500296175,13.996,14.008,18.834,16.119,10.515,10.566
20241114193431,2563.30400034785,14.052,14.038,18.862,16.115,10.525,10.552
20241114193431.6,2563.83600309491,14.127,14.034,18.909,16.143,10.517,10.552
20241114193432.1,2564.35099728405,14.179,14.121,18.941,16.155,10.511,10.552
20241114193432.6,2564.86699730158,14.256,14.171,18.901,16.159,10.521,10.564
20241114193433.1,2565.37899412215,14.313,14.153,18.872,16.181,10.517,10.556
20241114193433.6,2565.89399836957,14.278,14.153,18.947,16.187,10.525,10.562
20241114193434.1,2566.42600111663,14.305,14.218,19.016,16.2,10.517,10.529
20241114193434.7,2566.94099530578,14.335,14.252,19.082,16.21,10.521,10.554
20241114193435.2,2567.46099852026,14.369,14.28,19.183,16.232,10.513,10.57
20241114193435.7,2567.98800230026,14.436,14.309,19.183,16.234,10.523,10.55
20241114193436.2,2568.51499602199,14.466,14.327,19.145,16.266,10.523,10.562
20241114193436.8,2569.04699876904,14.509,14.363,19.137,16.29,10.523,10.539
20241114193437.3,2569.56599615514,14.484,14.351,19.088,16.305,10.511,10.582
20241114193437.8,2570.09399570525,14.426,14.293,19.076,16.305,10.509,10.564
20241114193438.5,2570.75400017202,14.325,14.222,19.026,16.323,10.513,10.572
20241114193439,2571.26899436116,14.252,14.187,19.088,16.351,10.513,10.56
20241114193439.5,2571.78499437869,14.23,14.206,19.105,16.357,10.507,10.546
20241114193440,2572.31199815869,14.163,14.125,19.212,16.365,10.513,10.572
20241114193440.6,2572.83200137317,14.076,14.058,19.294,16.389,10.493,10.566
20241114193441.1,2573.3589950949,14.034,14.034,19.294,16.42,10.525,10.548
20241114193441.6,2573.87899830937,14.004,13.994,19.397,16.45,10.507,10.556
20241114193442.1,2574.3940025568,13.975,13.965,19.432,16.452,10.503,10.572
20241114193442.6,2574.90599937737,13.953,13.963,19.406,16.474,10.499,10.578
20241114193443.2,2575.43699629605,13.957,13.998,19.432,16.494,10.507,10.558
20241114193443.7,2575.96899904311,13.998,14.038,19.593,16.539,10.523,10.558
20241114193444.2,2576.49999596179,14.046,14.062,19.703,16.587,10.515,10.558
20241114193444.7,2577.01500020921,14.076,14.095,19.816,16.589,10.515,10.562
20241114193445.2,2577.52699702978,14.121,14.099,19.83,16.608,10.523,10.568
20241114193445.8,2578.04299704731,14.125,14.111,19.753,16.626,10.511,10.556
20241114193446.3,2578.55800129473,14.097,14.068,19.812,16.648,10.527,10.554
20241114193446.8,2579.07400131226,14.026,14.048,19.89,16.652,10.527,10.57
20241114193447.3,2579.59399446845,14.016,13.991,19.933,16.699,10.515,10.562
20241114193447.8,2580.10899871588,13.992,14.016,19.757,16.697,10.531,10.552
20241114193448.3,2580.62099553645,13.941,13.985,19.591,16.719,10.511,10.537
20241114193448.9,2581.14000298083,13.925,13.953,19.474,16.731,10.513,10.558
20241114193449.4,2581.6519998014,13.923,13.953,19.408,16.759,10.529,10.56
20241114193449.9,2582.16799981892,13.937,13.937,19.618,16.775,10.507,10.56
20241114193450.4,2582.68299400806,13.899,13.935,19.999,16.804,10.519,10.556
20241114193450.9,2583.19899402559,13.866,13.903,20.25,16.798,10.511,10.566
20241114193451.4,2583.71899724007,13.84,13.878,20.43,16.838,10.507,10.556
20241114193452,2584.24999415874,13.834,13.86,20.731,16.852,10.513,10.558
20241114193452.5,2584.76499840617,13.85,13.862,20.836,16.892,10.521,10.568
20241114193453,2585.2809984237,13.89,13.866,20.775,16.892,10.529,10.564
20241114193453.5,2585.79699844122,13.911,13.915,20.583,16.933,10.509,10.564
20241114193454.1,2586.33199855685,13.937,13.897,20.648,16.955,10.517,10.552
20241114193454.6,2586.84399537742,13.903,13.884,20.763,16.959,10.519,10.568
20241114193455.1,2587.3630028218,13.911,13.893,20.513,16.963,10.521,10.564
20241114193455.6,2587.87900283933,13.921,13.862,20.29,16.991,10.527,10.574
20241114193456.1,2588.40999975801,13.953,13.878,20.228,17.026,10.501,10.55
20241114193456.6,2588.92199657857,13.937,13.876,20.094,17.032,10.525,10.558
20241114193457.2,2589.437000826,13.907,13.814,19.969,17.06,10.513,10.574
20241114193457.7,2589.96500037611,13.905,13.816,19.846,17.056,10.527,10.56
20241114193458.2,2590.47600142658,13.935,13.858,19.84,17.088,10.521,10.562
20241114193458.7,2590.99599458277,13.957,13.89,19.866,17.125,10.533,10.572
20241114193459.2,2591.5109988302,14.024,13.927,19.781,17.131,10.517,10.568
20241114193459.7,2592.0190025121,14.054,13.994,19.69,17.151,10.527,10.564
20241114193500.3,2592.53500252962,14.048,14.028,19.581,17.159,10.513,10.566
20241114193500.8,2593.04699935019,14.056,14.03,19.515,17.194,10.497,10.572
20241114193501.3,2593.56599673629,14.06,14.052,19.515,17.21,10.507,10.57
20241114193501.8,2594.09399628639,14.058,14.119,19.579,17.264,10.535,10.568
20241114193502.3,2594.61299367249,14.113,14.206,19.521,17.254,10.517,10.564
20241114193502.8,2595.12899369001,14.135,14.155,19.557,17.276,10.527,10.56
20241114193503.4,2595.64399793744,14.113,14.143,19.541,17.305,10.519,10.57
20241114193503.9,2596.17199748755,14.129,14.115,19.444,17.329,10.513,10.572
20241114193504.4,2596.68700173497,14.093,14.09,19.458,17.353,10.503,10.582
20241114193504.9,2597.20699489117,14.09,14.064,19.42,17.369,10.497,10.57
20241114193505.4,2597.72199913859,14.093,14.082,19.418,17.383,10.503,10.572
20241114193506,2598.24200235307,14.082,14.026,19.426,17.43,10.527,10.592
20241114193506.5,2598.75399917364,14.02,13.953,19.48,17.458,10.529,10.57
20241114193507,2599.26500022411,13.939,13.888,19.464,17.458,10.517,10.584
20241114193507.5,2599.80099610984,13.886,13.822,19.454,17.472,10.533,10.576
20241114193508,2600.31600035727,13.83,13.792,19.42,17.517,10.513,10.562
20241114193508.6,2600.84699727595,13.872,13.86,19.406,17.557,10.509,10.568
20241114193509.1,2601.36700049043,13.874,13.868,19.696,17.604,10.519,10.564
20241114193509.6,2601.878997311,13.917,13.897,19.832,17.727,10.523,10.556
20241114193510.1,2602.39799469709,13.947,13.888,20.044,17.804,10.503,10.584
20241114193510.6,2602.91399471462,13.996,13.979,20.197,17.83,10.515,10.564
20241114193511.2,2603.433002159,14.054,14.046,19.983,17.86,10.521,10.562
20241114193511.7,2603.96899804473,14.119,14.143,20.139,17.88,10.511,10.56
20241114193512.2,2604.49600182474,14.173,14.181,20.197,17.907,10.527,10.576
20241114193512.7,2605.01099601388,14.238,14.291,20.185,17.901,10.535,10.564
20241114193513.3,2605.53500242531,14.319,14.242,20.056,17.903,10.509,10.548
20241114193513.8,2606.04699924588,14.27,14.258,19.846,17.947,10.515,10.554
20241114193514.3,2606.56599663198,14.319,14.23,19.987,17.983,10.531,10.57
20241114193514.8,2607.08599984646,14.288,14.125,19.834,17.993,10.519,10.56
20241114193515.3,2607.60900042951,14.24,14.097,19.684,18.022,10.523,10.578
20241114193515.8,2608.12500044703,14.202,14.076,19.551,18.022,10.535,10.556
20241114193516.4,2608.63600149751,14.151,14.012,19.446,18.066,10.519,10.552
20241114193516.9,2609.1559946537,14.109,13.971,19.404,18.084,10.509,10.56
20241114193517.4,2609.68700163066,14.093,13.927,19.393,18.117,10.511,10.566
20241114193517.9,2610.21500118077,13.994,13.903,19.331,18.167,10.531,10.56
20241114193518.5,2610.7500012964,13.957,13.888,19.278,18.173,10.527,10.568
20241114193519,2611.26499548554,13.994,13.941,19.254,18.22,10.537,10.566
20241114193519.5,2611.7969982326,13.917,13.876,19.248,18.246,10.523,10.58
20241114193520,2612.32799515128,13.89,13.874,19.349,18.278,10.511,10.556
20241114193520.6,2612.84000203013,13.88,13.86,19.369,18.313,10.517,10.58
20241114193521.1,2613.36699575186,13.878,13.844,19.521,18.339,10.537,10.554
20241114193521.6,2613.88600319624,13.907,13.882,19.511,18.385,10.519,10.59
20241114193522.1,2614.41799588501,13.854,13.82,19.636,18.408,10.531,10.56
20241114193522.7,2614.94900286198,13.84,13.824,19.709,18.468,10.521,10.57
20241114193523.2,2615.4650028795,13.876,13.86,19.935,18.488,10.519,10.582
20241114193523.7,2615.97599387169,13.929,13.955,19.961,18.523,10.501,10.552
20241114193524.2,2616.49599708617,14.002,13.981,19.713,18.551,10.523,10.578
20241114193524.7,2617.02300086617,14.064,13.987,19.517,18.569,10.501,10.564
20241114193525.3,2617.54299402237,14.082,13.983,19.458,18.591,10.533,10.558
20241114193525.9,2618.16400252283,14.131,14.03,19.266,18.618,10.509,10.568
20241114193526.4,2618.6949994415,14.147,14.074,19.159,18.682,10.521,10.572
20241114193526.9,2619.21099945903,14.147,14.131,19.147,18.692,10.519,10.576
20241114193527.4,2619.72599364817,14.141,14.145,19.155,18.715,10.513,10.56
20241114193528,2620.25400325656,14.159,14.187,19.149,18.783,10.499,10.576
20241114193528.5,2620.7689974457,14.181,14.212,19.234,18.808,10.507,10.558
20241114193529,2621.28499746323,14.242,14.232,19.248,18.862,10.515,10.572
20241114193529.5,2621.80099748075,14.212,14.192,19.341,18.892,10.519,10.558
20241114193530,2622.31199853122,14.129,14.113,19.347,18.941,10.511,10.576
20241114193530.6,2622.84400127828,14.095,14.092,19.357,18.977,10.511,10.56
20241114193531.1,2623.35500232875,14.115,14.076,19.294,19.016,10.509,10.554
20241114193531.6,2623.87499548495,14.086,14.078,19.353,19.062,10.515,10.568
20241114193532.1,2624.38299916685,14.088,14.109,19.434,19.088,10.509,10.556
20241114193532.6,2624.89400021732,14.123,14.169,19.42,19.157,10.531,10.566
20241114193533.1,2625.41000023484,14.181,14.256,19.402,19.181,10.519,10.556
20241114193533.6,2625.92600025237,14.22,14.214,19.367,19.23,10.521,10.574
20241114193534.2,2626.44099444151,14.196,14.163,19.325,19.27,10.519,10.558
20241114193534.7,2626.96099765599,14.194,14.135,19.288,19.309,10.511,10.541
20241114193535.2,2627.47199870646,14.103,14.07,19.204,19.365,10.505,10.562
20241114193535.7,2627.98399552703,14.117,14.078,19.212,19.389,10.527,10.568
20241114193536.2,2628.50399874151,14.042,14.032,19.361,19.454,10.525,10.562
20241114193536.8,2629.03100252151,14.068,14.04,19.288,19.482,10.521,10.564
20241114193537.3,2629.54700253904,14.086,14.09,19.29,19.535,10.515,10.564
20241114193537.8,2630.06199672818,14.149,14.161,19.444,19.577,10.519,10.556
20241114193538.3,2630.57799674571,14.159,14.123,19.432,19.642,10.521,10.556
20241114193538.8,2631.09399676323,14.179,14.117,19.313,19.686,10.507,10.566
20241114193539.3,2631.60900101066,14.177,14.088,19.25,19.725,10.509,10.564
20241114193539.8,2632.12899416685,14.149,14.076,19.323,19.771,10.529,10.552
20241114193540.4,2632.63999521732,14.103,14.082,19.191,19.793,10.521,10.556
20241114193540.9,2633.1599984318,14.076,14.084,19.125,19.854,10.509,10.558
20241114193541.4,2633.68700221181,14.006,13.989,19.214,19.896,10.535,10.574
20241114193541.9,2634.19899903238,14.004,13.994,19.094,19.935,10.517,10.584
20241114193542.4,2634.72999595106,13.963,13.967,18.991,19.993,10.509,10.58
20241114193543,2635.24999916553,13.991,13.989,19.02,20.03,10.519,10.584
20241114193543.5,2635.78099608421,14.022,14.004,18.882,20.101,10.517,10.56
20241114193544,2636.31599619985,14.034,14,18.981,20.147,10.519,10.572
20241114193544.6,2636.84000261128,14.026,14.016,19.353,20.256,10.513,10.554
20241114193545.1,2637.3470004648,14.026,14.026,19.6,20.329,10.529,10.554
20241114193545.6,2637.85899728537,14.082,14.06,20.141,20.452,10.525,10.566
20241114193546.1,2638.38999420404,14.088,14.07,19.905,20.519,10.509,10.531
20241114193546.6,2638.9219969511,14.127,14.082,20.034,20.602,10.515,10.552
20241114193547.2,2639.43299800158,14.194,14.137,20.006,20.723,10.527,10.574
20241114193547.7,2639.95300121605,14.26,14.272,19.898,20.791,10.519,10.558
20241114193548.2,2640.46499803662,14.293,14.248,19.559,20.923,10.515,10.543
20241114193548.7,2640.9959949553,14.303,14.266,19.642,20.981,10.513,10.56
20241114193549.2,2641.51099920273,14.357,14.309,19.763,21.046,10.519,10.56
20241114193549.8,2642.04300194979,14.398,14.339,19.985,21.096,10.521,10.572
20241114193550.3,2642.56999567151,14.381,14.379,19.711,21.131,10.531,10.55
20241114193550.8,2643.08200255036,14.345,14.361,19.64,21.179,10.509,10.56
20241114193551.3,2643.617002666,14.331,14.333,19.311,21.23,10.517,10.564
20241114193551.9,2644.14399638772,14.337,14.315,19.28,21.3,10.527,10.548
20241114193552.4,2644.6639996022,14.325,14.311,19.284,21.339,10.529,10.556
20241114193552.9,2645.19499652088,14.333,14.353,19.099,21.381,10.533,10.57
20241114193553.5,2645.73399983346,14.355,14.385,19.006,21.434,10.523,10.58
20241114193554,2646.24999985099,14.363,14.39,18.989,21.523,10.505,10.556
20241114193554.5,2646.80100269616,14.361,14.299,18.971,21.583,10.523,10.566
20241114193555,2647.3159968853,14.293,14.206,18.975,21.644,10.503,10.562
20241114193555.6,2647.83600009978,14.222,14.125,19.153,21.787,10.525,10.552
20241114193556.1,2648.3629938215,14.228,14.131,19.436,21.894,10.527,10.55
20241114193556.6,2648.87899383903,14.173,14.07,19.597,21.961,10.519,10.56
20241114193557.1,2649.39399808645,14.143,14.086,19.767,22.028,10.523,10.548
20241114193557.6,2649.90999810398,14.155,14.123,19.826,22.096,10.527,10.525
20241114193558.1,2650.42199492455,14.208,14.145,19.632,22.162,10.523,10.546
20241114193558.7,2650.95699504018,14.232,14.196,19.585,22.245,10.503,10.56
20241114193559.2,2651.47999562323,14.284,14.282,19.47,22.313,10.515,10.57
20241114193559.7,2651.99999883771,14.339,14.402,19.412,22.395,10.529,10.552
20241114193600.2,2652.51500308514,14.359,14.323,19.345,22.48,10.513,10.562
20241114193600.8,2653.03100310266,14.278,14.236,19.658,22.546,10.527,10.574
20241114193601.3,2653.56200002134,14.216,14.133,19.989,22.621,10.503,10.535
20241114193601.8,2654.07800003886,14.171,14.131,20.078,22.711,10.507,10.546
20241114193602.3,2654.60100062191,14.202,14.177,20.042,22.801,10.521,10.556
20241114193602.8,2655.11299744248,14.272,14.226,20.169,22.867,10.515,10.543
20241114193603.3,2655.62899746001,14.266,14.214,19.995,22.954,10.525,10.539
20241114193603.9,2656.14799484611,14.222,14.151,19.862,23.036,10.509,10.552
20241114193604.4,2656.66399486363,14.163,14.159,19.67,23.128,10.521,10.554
20241114193604.9,2657.20299817622,14.173,14.101,19.505,23.218,10.515,10.546
20241114193605.4,2657.72599875927,14.092,14.032,19.44,23.273,10.519,10.554
20241114193606,2658.24199877679,14.056,13.975,19.311,23.39,10.515,10.546
20241114193606.5,2658.7690025568,14.002,13.933,19.226,23.455,10.527,10.548
20241114193607,2659.28500257432,13.973,13.929,19.218,23.565,10.513,10.533
20241114193607.5,2659.79699939489,13.969,13.941,19.147,23.67,10.533,10.554
20241114193608,2660.32799631357,13.989,13.963,19.226,23.782,10.523,10.558
20241114193608.6,2660.8439963311,14.044,14.058,19.26,23.88,10.533,10.531
20241114193609.1,2661.37500330806,14.165,14.185,19.414,24.005,10.521,10.529
20241114193609.6,2661.8899974972,14.305,14.371,20.094,24.097,10.499,10.554
20241114193610.1,2662.40199431777,14.359,14.424,20.133,24.195,10.505,10.554
20241114193610.7,2662.93300129473,14.389,14.464,19.929,24.342,10.517,10.552
20241114193611.2,2663.47599774599,14.454,14.491,19.923,24.526,10.517,10.57
20241114193611.9,2664.13600221276,14.511,14.551,19.783,24.699,10.521,10.554
20241114193612.4,2664.66799490154,14.491,14.533,19.727,24.785,10.515,10.554
20241114193612.9,2665.18299914896,14.424,14.418,19.753,24.889,10.491,10.548
20241114193613.4,2665.71500189602,14.365,14.379,19.725,25.03,10.525,10.546
20241114193613.9,2666.2260029465,14.353,14.351,19.628,25.139,10.501,10.554
20241114193614.5,2666.7540024966,14.256,14.301,19.656,25.228,10.521,10.543
20241114193615,2667.26899668574,14.147,14.23,19.583,25.361,10.513,10.55
20241114193615.5,2667.78499670327,14.088,14.187,19.547,25.531,10.523,10.539
20241114193616,2668.29700358212,14.052,14.159,19.565,25.67,10.525,10.564
20241114193616.5,2668.8280005008,14.008,14.131,19.676,25.807,10.513,10.55
20241114193617.1,2669.34400051832,13.963,14.062,19.892,25.956,10.503,10.55
20241114193617.6,2669.85500156879,13.854,14.028,20.161,26.109,10.519,10.535
20241114193618.1,2670.37100158632,13.854,13.989,20.006,26.224,10.523,10.546
20241114193618.6,2670.88599577546,13.824,13.975,19.862,26.338,10.509,10.562
20241114193619.2,2671.43299542367,13.822,13.953,19.971,26.473,10.505,10.564
20241114193619.7,2671.97199873626,13.81,13.941,19.933,26.599,10.529,10.556
20241114193620.2,2672.49200195074,13.828,13.935,19.826,26.724,10.513,10.546
20241114193620.7,2673.00399877131,13.84,13.931,19.85,26.845,10.503,10.556
20241114193621.3,2673.53499568999,13.866,13.961,19.698,26.961,10.505,10.558
20241114193621.8,2674.06600266695,13.913,14.127,19.527,27.147,10.513,10.529
20241114193622.3,2674.58200268447,13.996,14.133,19.533,27.308,10.521,10.558
20241114193622.8,2675.09699687362,14.03,14.03,19.541,27.478,10.507,10.558
20241114193623.3,2675.62499642372,13.996,13.973,19.888,27.625,10.513,10.543
20241114193623.9,2676.14399380982,13.991,13.971,20.163,27.813,10.509,10.543
20241114193624.4,2676.68700031936,13.963,13.965,20.179,27.948,10.519,10.554
20241114193624.9,2677.20300033689,13.977,13.987,19.951,28.107,10.507,10.554
20241114193625.4,2677.71499715745,13.985,13.992,19.941,28.293,10.517,10.562
20241114193625.9,2678.23000140488,14.02,13.991,19.713,28.463,10.521,10.541
20241114193626.5,2678.74600142241,14.046,14.008,19.466,28.655,10.531,10.556
20241114193627,2679.2649988085,14.076,14.014,19.385,28.847,10.515,10.552
20241114193627.5,2679.79700155556,14.105,14.048,19.309,28.998,10.529,10.564
20241114193628,2680.31199574471,14.117,14.074,19.173,29.149,10.523,10.558
20241114193628.6,2680.84699586034,14.141,14.097,19.026,29.313,10.517,10.56
20241114193629.1,2681.36299587786,14.169,14.123,19.08,29.468,10.513,10.556
20241114193629.6,2681.89400285482,14.194,14.125,19.032,29.646,10.499,10.548
20241114193630.1,2682.41399601102,14.246,14.153,18.979,29.809,10.525,10.543
20241114193630.6,2682.92900025845,14.27,14.167,19.088,29.971,10.517,10.55
20241114193631.2,2683.44099707901,14.268,14.169,19.175,30.177,10.531,10.548
20241114193631.7,2683.95699709654,14.232,14.2,19.107,30.365,10.493,10.552
20241114193632.2,2684.46899391711,14.26,14.189,19.03,30.514,10.525,10.554
20241114193632.7,2684.98800136149,14.232,14.179,18.995,30.739,10.525,10.543
20241114193633.2,2685.51899828017,14.244,14.198,19.014,30.931,10.509,10.554
20241114193633.8,2686.03900149465,14.248,14.212,19.129,31.152,10.517,10.548
20241114193634.3,2686.5620020777,14.242,14.226,19.278,31.329,10.529,10.541
20241114193634.8,2687.08199523389,14.236,14.161,19.139,31.479,10.527,10.55
20241114193635.3,2687.60100267828,14.181,14.145,19.062,31.683,10.515,10.548
20241114193635.9,2688.13999593258,14.159,14.119,19.09,31.918,10.501,10.562
20241114193636.4,2688.6559959501,14.141,14.101,19.101,32.265,10.513,10.556
20241114193636.9,2689.17199596763,14.143,14.147,19.191,32.535,10.529,10.533
20241114193637.4,2689.6829970181,14.194,14.167,19.187,32.711,10.503,10.548
20241114193637.9,2690.21499976516,14.23,14.161,19.149,32.905,10.499,10.539
20241114193638.5,2690.74200354517,14.2,14.208,19.113,33.14,10.531,10.558
20241114193639,2691.27300046384,14.208,14.202,19.052,33.332,10.511,10.556
20241114193639.5,2691.80399738252,14.192,14.21,18.983,33.559,10.513,10.541
20241114193640,2692.31599420309,14.222,14.27,18.945,33.775,10.513,10.548
20241114193640.6,2692.84700118005,14.284,14.262,19,33.975,10.495,10.541
20241114193641.1,2693.36300119758,14.157,14.131,18.993,34.202,10.519,10.539
20241114193641.6,2693.89399811625,14.105,14.064,18.975,34.449,10.515,10.55
20241114193642.1,2694.42600086331,14.052,14.032,19.026,34.707,10.513,10.548
20241114193642.7,2694.95299458504,14.022,14.006,19.046,34.944,10.513,10.535
20241114193643.2,2695.484001562,13.998,14.018,19.058,35.172,10.509,10.572
20241114193643.7,2696.01099528372,14.056,14.143,19.03,35.433,10.507,10.531
20241114193644.3,2696.54299803078,14.151,14.165,19.074,35.71,10.531,10.548
20241114193644.8,2697.05800227821,14.099,14.052,19.036,35.973,10.503,10.539
20241114193645.3,2697.58999496698,14.044,13.979,18.997,36.252,10.519,10.552
20241114193645.8,2698.12100194395,13.953,13.89,19.008,36.635,10.509,10.548
20241114193646.4,2698.63599613309,13.874,13.86,19.096,37.025,10.515,10.56
20241114193646.9,2699.16799888015,13.862,13.82,19.292,37.29,10.509,10.539
20241114193647.4,2699.67899993062,13.796,13.771,19.197,37.522,10.519,10.552
20241114193647.9,2700.21100267768,13.777,13.757,19.119,37.9,10.495,10.546
20241114193648.4,2700.72599686682,13.757,13.733,19.204,38.176,10.499,10.548
20241114193649,2701.24199688435,13.761,13.733,19.212,38.418,10.513,10.562
20241114193649.5,2701.76900066435,13.785,13.757,19.036,38.715,10.507,10.543
20241114193650,2702.28500068188,13.789,13.794,19.139,38.984,10.503,10.564
20241114193650.5,2702.81599760056,13.854,13.796,19.09,39.243,10.537,10.541
20241114193651.1,2703.34699451923,13.854,13.8,18.975,39.533,10.505,10.562
20241114193651.6,2703.87499406934,13.901,13.866,18.977,39.839,10.503,10.554
20241114193652.1,2704.38999831676,13.89,13.846,18.894,40.136,10.511,10.543
20241114193652.6,2704.92599420249,13.834,13.812,18.919,40.447,10.519,10.552
20241114193653.2,2705.46900071204,13.83,13.818,18.957,40.765,10.515,10.554
20241114193653.7,2706.00400082767,13.856,13.836,19.139,41.117,10.517,10.556
20241114193654.3,2706.53499774635,13.878,13.868,19.198,41.464,10.519,10.537
20241114193654.8,2707.04699456692,13.913,13.909,19.191,41.829,10.497,10.556
20241114193655.3,2707.56199881434,13.981,13.989,19.48,42.211,10.521,10.546
20241114193655.8,2708.08999836445,14.06,14.08,19.577,42.536,10.523,10.523
20241114193656.3,2708.62099528313,14.159,14.133,19.646,42.977,10.515,10.556
20241114193656.9,2709.16799493134,14.121,14.066,19.545,43.293,10.548,10.552
20241114193657.4,2709.71100144088,14.125,14.099,19.353,43.643,10.503,10.548
20241114193658,2710.24600155652,14.171,14.185,19.228,44.007,10.519,10.541
20241114193658.6,2710.91799549758,14.289,14.248,19.125,44.435,10.499,10.535
20241114193659.2,2711.43299974501,14.256,14.222,18.998,44.844,10.519,10.546
20241114193659.7,2711.95300295949,14.234,14.214,18.933,45.14,10.503,10.523
20241114193700.2,2712.47999668121,14.208,14.214,18.864,45.475,10.523,10.533
20241114193700.7,2712.99599669874,14.238,14.27,18.864,45.854,10.513,10.535
20241114193701.2,2713.51100094616,14.272,14.22,18.808,46.212,10.497,10.543
20241114193701.7,2714.02700096369,14.262,14.254,18.828,46.592,10.505,10.529
20241114193702.3,2714.54699411988,14.212,14.206,18.789,47.01,10.531,10.527
20241114193702.8,2715.07399789989,14.216,14.206,18.804,47.397,10.511,10.552
20241114193703.3,2715.60499481857,14.25,14.224,18.769,47.809,10.539,10.546
20241114193703.8,2716.12099483609,14.196,14.206,18.787,48.253,10.495,10.552
20241114193704.4,2716.64000228047,14.141,14.151,18.816,48.717,10.499,10.523
20241114193704.9,2717.16800183058,14.155,14.189,18.898,49.287,10.509,10.543
20241114193705.4,2717.67900288105,14.19,14.214,19.028,49.762,10.521,10.533
20241114193705.9,2718.19899603724,14.248,14.299,18.985,50.23,10.515,10.556
20241114193706.4,2718.71499605477,14.232,14.212,18.947,50.735,10.507,10.548
20241114193706.9,2719.2300003022,14.175,14.173,18.957,51.301,10.523,10.535
20241114193707.5,2719.74600031972,14.226,14.224,18.989,51.706,10.517,10.543
20241114193708,2720.25799714029,14.234,14.185,18.882,52.175,10.523,10.539
20241114193708.5,2720.78899405897,14.224,14.192,18.832,52.772,10.525,10.543
20241114193709,2721.30399830639,14.204,14.183,18.814,53.253,10.511,10.541
20241114193709.6,2721.83600105345,14.21,14.22,18.838,53.762,10.507,10.55
20241114193710.1,2722.3509952426,14.244,14.216,18.771,54.276,10.517,10.564
20241114193710.6,2722.86699526012,14.246,14.278,18.715,54.941,10.521,10.521
20241114193711.1,2723.39800223708,14.289,14.315,18.755,55.513,10.521,10.55
20241114193711.7,2723.93300235271,14.301,14.353,18.755,56.148,10.513,10.546
20241114193712.2,2724.44499917328,14.345,14.373,18.802,56.532,10.509,10.541
20241114193712.7,2724.97599609196,14.379,14.379,18.884,57.404,10.517,10.55
20241114193713.2,2725.49199610949,14.444,14.446,18.864,57.949,10.499,10.537
20241114193713.7,2726.01099349558,14.444,14.458,18.87,58.569,10.519,10.548
20241114193714.2,2726.52700357139,14.476,14.444,18.967,59.443,10.529,10.533
20241114193714.8,2727.04299353063,14.45,14.434,18.997,60.013,10.503,10.543
20241114193715.3,2727.56999731064,14.454,14.404,18.941,60.779,10.511,10.529
20241114193715.8,2728.10499742627,14.408,14.381,19.006,61.579,10.515,10.529
20241114193716.4,2728.63299697638,14.436,14.442,19.101,62.674,10.507,10.56
20241114193716.9,2729.1480012238,14.446,14.365,19.169,63.264,10.507,10.539
20241114193717.4,2729.67899814248,14.357,14.28,19.173,64.041,10.529,10.546
20241114193717.9,2730.21100088954,14.357,14.301,19.141,64.768,10.525,10.548
20241114193718.5,2730.73799461126,14.367,14.347,19.125,65.642,10.515,10.535
20241114193719,2731.25799782574,14.4,14.369,19.212,66.306,10.509,10.527
20241114193719.5,2731.78500160575,14.327,14.238,19.125,67.136,10.511,10.543
20241114193720,2732.30100162327,14.246,14.143,19.084,67.915,10.519,10.535
20241114193720.5,2732.81599581242,14.139,14.034,19.004,68.678,10.523,10.537
20241114193721.1,2733.34700278938,14.066,13.992,18.971,69.844,10.517,10.543
20241114193721.6,2733.87500233948,13.987,13.876,18.977,70.774,10.509,10.543
20241114193722.1,2734.40599925816,13.933,13.836,18.981,71.877,10.521,10.533
20241114193722.6,2734.92199927568,13.901,13.804,18.963,72.48,10.517,10.548
20241114193723.2,2735.44499985874,13.905,13.903,18.981,73.537,10.519,10.537
20241114193723.7,2735.96500307322,13.957,13.876,18.995,74.306,10.517,10.546
20241114193724.2,2736.47999726236,13.943,13.844,18.981,75.225,10.527,10.541
20241114193724.7,2737.01099418104,13.911,13.84,19.133,76.247,10.519,10.556
20241114193725.2,2737.52699419856,13.921,13.852,19.058,77.069,10.517,10.539
20241114193725.8,2738.05800117552,13.925,13.874,18.963,77.754,10.537,10.548
20241114193726.3,2738.57400119305,13.913,13.86,18.89,78.627,10.533,10.546
20241114193726.8,2739.09399434924,13.89,13.87,18.777,79.43,10.531,10.56
20241114193727.3,2739.62099812925,13.943,13.88,18.686,80.311,10.515,10.556
20241114193727.9,2740.13600237668,13.882,13.858,18.634,81.086,10.527,10.556
20241114193728.4,2740.66799506545,13.838,13.878,18.61,81.988,10.511,10.541
20241114193728.9,2741.18299931288,13.939,13.925,18.608,82.735,10.513,10.55
20241114193729.4,2741.70300252736,13.89,13.804,18.569,83.59,10.525,10.527
20241114193729.9,2742.21499934793,13.822,13.759,18.545,84.566,10.529,10.527
20241114193730.5,2742.73399673402,13.779,13.711,18.557,85.873,10.527,10.546
20241114193731,2743.24999675155,13.761,13.729,18.612,86.86,10.519,10.562
20241114193731.5,2743.77700053155,13.818,13.755,18.644,88.151,10.505,10.552
20241114193732,2744.29699368775,13.745,13.731,18.723,89.742,10.521,10.568
20241114193732.5,2744.82800066471,13.729,13.691,18.884,90.654,10.519,10.539
20241114193733.1,2745.35499438643,13.729,13.648,18.874,91.704,10.517,10.552
20241114193733.6,2745.86700126529,13.769,13.684,18.874,92.775,10.543,10.55
20241114193734.1,2746.38599865139,13.781,13.731,18.898,94.189,10.523,10.548
20241114193734.6,2746.91399820149,13.82,13.751,18.842,95.174,10.527,10.531
20241114193735.2,2747.4410019815,13.854,13.81,18.757,96.337,10.525,10.548
20241114193735.7,2747.95700199902,14.002,13.925,18.905,97.58,10.529,10.543
20241114193736.2,2748.46899881959,14.042,14.022,18.846,98.731,10.513,10.543
20241114193736.7,2748.98400306702,14.139,14.092,18.921,99.737,10.519,10.562
20241114193737.2,2749.49199669063,14.149,14.032,18.951,101.27,10.513,10.56
20241114193737.7,2750.00799670815,14.165,14.038,18.941,102.494,10.513,10.552
20241114193738.2,2750.52699409425,14.204,14.036,18.951,104.007,10.525,10.55
20241114193738.8,2751.04299411178,14.206,14.06,18.929,105.848,10.531,10.541
20241114193739.3,2751.57400108874,14.19,14.054,18.953,107.458,10.515,10.566
20241114193739.8,2752.08599790931,14.208,14.058,18.929,108.668,10.537,10.539
20241114193740.3,2752.61699482799,14.218,14.097,18.929,110.18,10.535,10.55
20241114193740.8,2753.12900170684,14.206,14.135,18.874,112.217,10.529,10.558
20241114193741.4,2753.64399589598,14.192,14.159,18.921,114.007,10.519,10.527
20241114193742.1,2754.37099859118,14.214,14.202,19,116.58,10.527,10.535
20241114193742.6,2754.88600283861,14.19,14.095,19.046,118.649,10.533,10.548
20241114193743.1,2755.40200285614,14.078,14.018,19.07,120.489,10.533,10.539
20241114193743.6,2755.9139996767,14.082,14.02,19.167,121.812,10.523,10.535
20241114193744.1,2756.42899386585,14.097,14.01,19.137,123.085,10.533,10.554
20241114193744.7,2756.94899708033,14.107,14.054,18.998,124.291,10.529,10.558
20241114193745.2,2757.4690002948,14.131,14.084,18.886,126.11,10.537,10.531
20241114193745.7,2757.9879976809,14.129,14.103,18.909,127.521,10.517,10.548
20241114193746.2,2758.50399769843,14.181,14.177,18.856,129.125,10.529,10.543
20241114193746.7,2759.0149987489,14.234,14.286,18.795,130.602,10.521,10.562
20241114193747.3,2759.53899510205,14.353,14.321,18.769,132.558,10.523,10.548
20241114193747.8,2760.05399934947,14.317,14.288,18.646,134.536,10.515,10.548
20241114193748.3,2760.56599617004,14.301,14.297,18.612,136.191,10.517,10.548
20241114193748.8,2761.0780030489,14.329,14.299,18.618,139.187,10.531,10.535
20241114193749.3,2761.59700043499,14.337,14.319,18.68,141.508,10.531,10.537
20241114193749.8,2762.11300045252,14.371,14.359,18.65,143.315,10.537,10.556
20241114193750.3,2762.62499727309,14.339,14.331,18.808,145.726,10.527,10.55
20241114193750.9,2763.14000152051,14.333,14.339,18.824,148.268,10.539,10.554
20241114193751.4,2763.65999467671,14.392,14.365,18.945,150.437,10.523,10.556
20241114193751.9,2764.17599469423,14.428,14.408,18.993,152.068,10.546,10.568
20241114193752.4,2764.72199857235,14.464,14.446,18.929,154.114,10.523,10.564
20241114193753,2765.23799858987,14.472,14.426,18.949,157.214,10.517,10.558
20241114193753.5,2765.76099917293,14.462,14.396,19.042,160.054,10.535,10.552
20241114193754,2766.26900285482,14.446,14.363,19.082,161.929,10.543,10.558
20241114193754.5,2766.78500287235,14.394,14.276,19.096,163.45,10.511,10.556
20241114193755,2767.30100288987,14.335,14.305,19.139,165.763,10.527,10.554
20241114193755.5,2767.82000027597,14.396,14.404,19.155,167.791,10.523,10.548
20241114193756.1,2768.33600029349,14.44,14.466,19.189,169.672,10.519,10.556
20241114193756.6,2768.85099448264,14.381,14.359,19.204,172.114,10.521,10.556
20241114193757.1,2769.36699450016,14.301,14.252,19.27,174.126,10.517,10.56
20241114193757.6,2769.88299451768,14.226,14.167,19.26,175.843,10.517,10.552
20241114193758.1,2770.39799876511,14.169,14.056,19.268,177.78,10.515,10.541
20241114193758.6,2770.90999558568,14.121,13.989,19.26,180.572,10.525,10.564
20241114193759.1,2771.42900303006,14.078,14.002,19.359,182.688,10.525,10.543
20241114193759.7,2771.94500304759,14.055,13.989,19.33,184.478,10.506,10.557
20241114193800.2,2772.45699986815,14.043,13.904,19.304,186.6,10.516,10.551
20241114193800.7,2772.9719940573,13.962,13.849,19.294,188.812,10.522,10.551
20241114193801.2,2773.48400093615,13.91,13.787,19.29,190.808,10.524,10.536
20241114193801.7,2774.00000095367,13.861,13.762,19.217,192.961,10.52,10.53
20241114193802.2,2774.51100200415,13.821,13.726,19.184,194.833,10.522,10.544
20241114193802.7,2775.02700202167,13.768,13.667,19.148,196.839,10.526,10.542
20241114193803.3,2775.54300203919,13.744,13.661,19.094,199.07,10.516,10.548
20241114193803.8,2776.05799622834,13.736,13.661,19.025,201.443,10.502,10.524
20241114193804.3,2776.5899989754,13.732,13.68,19.069,203.674,10.526,10.553
20241114193804.8,2777.10100002587,13.77,13.712,19.114,206.145,10.504,10.561
20241114193805.4,2777.6360001415,13.789,13.77,19.092,208.737,10.512,10.551
20241114193805.9,2778.16800288856,13.829,13.799,19.102,211.691,10.532,10.551
20241114193806.4,2778.67899388075,13.871,13.813,19.043,214.271,10.536,10.536
20241114193806.9,2779.1910007596,13.817,13.756,19.148,216.338,10.516,10.555
20241114193807.4,2779.70700077713,13.795,13.754,19.534,218.591,10.514,10.542
20241114193807.9,2780.22199496627,13.813,13.785,19.584,220.878,10.528,10.551
20241114193808.5,2780.73400184512,13.867,13.88,19.687,223.251,10.52,10.551
20241114193809,2781.25399500132,13.979,13.985,19.532,225.792,10.512,10.53
20241114193809.5,2781.78500197828,14.084,14.112,19.52,228.209,10.524,10.546
20241114193810,2782.30399936438,14.176,14.193,19.449,230.516,10.518,10.565
20241114193810.5,2782.8199993819,14.219,14.183,19.522,232.774,10.534,10.546
20241114193811.1,2783.33599939942,14.241,14.217,19.516,235.078,10.526,10.551
20241114193811.6,2783.85499678552,14.247,14.205,19.714,236.933,10.518,10.54
20241114193812.1,2784.37099680305,14.213,14.156,19.888,238.856,10.524,10.557
20241114193812.6,2784.88600105047,14.199,14.1,19.679,241.767,10.522,10.559
20241114193813.1,2785.4219969362,14.143,14.072,19.846,244.203,10.537,10.529
20241114193813.7,2785.93700118363,14.135,14.058,19.907,246.637,10.533,10.564
20241114193814.2,2786.45300120115,14.114,14.041,19.888,249.057,10.524,10.561
20241114193814.7,2786.96900121868,14.128,14.084,19.681,251.502,10.52,10.551
20241114193815.2,2787.48399540782,14.166,14.114,19.526,254.096,10.508,10.534
20241114193815.7,2788.0039986223,14.211,14.162,19.336,257.004,10.512,10.553
20241114193816.2,2788.51900286973,14.255,14.223,19.182,260.077,10.514,10.569
20241114193816.8,2789.04700241983,14.346,14.3,19.124,263.027,10.516,10.534
20241114193817.3,2789.56199660897,14.38,14.314,19.083,265.995,10.54,10.54
20241114193817.8,2790.0779966265,14.344,14.29,19.071,268.726,10.516,10.538
20241114193818.3,2790.62100313604,14.326,14.306,19.085,271.539,10.514,10.546
20241114193818.9,2791.14000052214,14.332,14.328,18.987,274.458,10.52,10.53
20241114193819.4,2791.6720032692,14.35,14.352,18.879,277.801,10.516,10.532
20241114193819.9,2792.18699745834,14.364,14.443,18.778,280.765,10.518,10.559
20241114193820.4,2792.70299747586,14.417,14.504,18.776,283.704,10.506,10.553
20241114193820.9,2793.21899749339,14.471,14.564,18.855,286.382,10.506,10.544
20241114193821.5,2793.74999441206,14.544,14.589,18.829,289.452,10.528,10.532
20241114193822,2794.26499865949,14.558,14.576,18.861,292.955,10.522,10.551
20241114193822.5,2794.78899501264,14.558,14.55,18.841,295.742,10.51,10.528
20241114193823,2795.30399926007,14.55,14.492,18.934,297.791,10.51,10.53
20241114193823.5,2795.81999927759,14.512,14.451,19.059,300.545,10.514,10.548
20241114193824.1,2796.35099619627,14.471,14.395,19.118,303.212,10.512,10.542
20241114193824.6,2796.87899574637,14.423,14.38,19.621,305.657,10.522,10.536
20241114193825.1,2797.39800319076,14.393,14.376,19.447,309.954,10.508,10.54
20241114193825.6,2797.91400320828,14.38,14.385,19.405,314.377,10.514,10.553
20241114193826.3,2798.56600128114,14.431,14.411,19.273,320.001,10.51,10.553
20241114193826.8,2799.08999763429,14.43,14.41,19.103,324.205,10.529,10.558
20241114193827.3,2799.62099455297,14.414,14.392,19.014,328.034,10.541,10.539
20241114193827.9,2800.13300143182,14.367,14.351,19.074,330.843,10.525,10.533
20241114193828.4,2800.67199468613,14.337,14.335,19.131,334.968,10.527,10.568
20241114193828.9,2801.1829957366,14.365,14.353,19.161,339.101,10.525,10.564
20241114193829.4,2801.71499848366,14.319,14.347,18.975,343.754,10.515,10.568
20241114193830,2802.24599540234,14.268,14.313,18.886,347.077,10.519,10.56
20241114193830.5,2802.78900191188,14.236,14.266,18.903,352.759,10.525,10.558
20241114193831,2803.30399610102,14.236,14.254,18.967,358.736,10.531,10.554
20241114193831.5,2803.81999611855,14.242,14.26,19.099,365.312,10.525,10.568
20241114193832.1,2804.35100309551,14.246,14.284,19.105,373.306,10.529,10.554
20241114193832.6,2804.86700311303,14.21,14.262,18.985,376.696,10.533,10.546
20241114193833.1,2805.38300313056,14.23,14.218,18.965,380.362,10.519,10.548
20241114193833.6,2805.8979973197,14.214,14.181,19.02,385.69,10.525,10.552
20241114193834.1,2806.42199367285,14.185,14.177,19.046,392.131,10.511,10.562
20241114193834.7,2806.93699792027,14.183,14.212,19.032,395.769,10.533,10.57
20241114193835.2,2807.46499747038,14.234,14.226,18.979,400.686,10.525,10.556
20241114193835.7,2807.98000171781,14.264,14.248,18.876,402.404,10.525,10.535
20241114193836.2,2808.499994874,14.26,14.262,18.915,407.479,10.527,10.568
20241114193836.7,2809.01900231838,14.256,14.256,18.852,410.861,10.533,10.558
20241114193837.3,2809.53500233591,14.284,14.238,19.088,418.877,10.519,10.554
20241114193837.8,2810.06199605763,14.276,14.24,19.175,420.017,10.539,10.554
20241114193838.3,2810.58199927211,14.238,14.212,19.145,423.517,10.517,10.564
20241114193838.8,2811.09399609268,14.198,14.163,19.058,437.278,10.503,10.55
20241114193839.3,2811.6090003401,14.151,14.127,18.989,439.44,10.525,10.566
20241114193839.8,2812.12500035763,14.107,14.082,18.864,440.526,10.523,10.55
20241114193840.4,2812.65199407935,14.111,14.064,18.791,440.681,10.529,10.57
20241114193840.9,2813.17199729383,14.08,14.048,18.783,443.955,10.537,10.554
20241114193841.4,2813.68700154126,14.092,14.003,18.74,448.607,10.524,10.526
20241114193841.9,2814.21899423003,14.027,13.987,18.77,454.581,10.536,10.52
20241114193842.5,2814.73399847746,14.043,13.989,18.677,454.534,10.51,10.551
20241114193843,2815.24599529803,14.037,14.021,18.568,454.926,10.514,10.542
20241114193843.5,2815.76099954545,14.057,14.021,18.552,455.169,10.54,10.54
20241114193844,2816.27299636602,14.043,13.978,18.488,461.071,10.512,10.551
20241114193844.5,2816.7929995805,14.011,13.958,18.479,461.856,10.506,10.557
20241114193845,2817.30400063097,13.972,13.924,18.514,463.265,10.536,10.526
20241114193845.5,2817.8200006485,13.962,13.89,18.488,464.273,10.53,10.542
20241114193846.1,2818.34399700165,13.924,13.857,18.395,466.333,10.522,10.553
20241114193846.6,2818.85099485517,13.906,13.829,18.356,464.401,10.532,10.553
20241114193847.1,2819.37099806964,13.882,13.829,18.384,467.504,10.528,10.553
20241114193847.6,2819.88600231707,13.857,13.801,18.334,468.954,10.528,10.546
20241114193848.1,2820.40200233459,13.829,13.73,18.273,468.439,10.522,10.548
20241114193848.6,2820.91800235212,13.762,13.71,18.269,468.996,10.52,10.551
20241114193849.2,2821.43299654126,13.758,13.694,18.251,470.362,10.538,10.555
20241114193849.7,2821.94899655879,13.76,13.7,18.259,473.596,10.53,10.557
20241114193850.2,2822.47999347746,13.73,13.686,18.261,475.861,10.526,10.548
20241114193850.7,2823.01100045443,13.738,13.712,18.245,478.426,10.528,10.548
20241114193851.2,2823.52299727499,13.742,13.708,18.263,477.767,10.522,10.559
20241114193851.8,2824.03899729252,13.71,13.698,18.225,482.938,10.546,10.548
20241114193852.3,2824.55799467862,13.781,13.801,18.172,483.605,10.534,10.553
20241114193852.8,2825.0779978931,13.831,13.827,18.132,480.957,10.526,10.548
20241114193853.3,2825.59699527919,13.851,13.805,18.132,488.041,10.512,10.546
20241114193853.8,2826.11299529672,13.857,13.831,18.132,489.913,10.51,10.544
20241114193854.3,2826.62899531424,13.869,13.829,18.184,485.467,10.548,10.538
20241114193854.9,2827.15199589729,13.89,13.882,18.222,486.212,10.519,10.558
20241114193855.4,2827.66400277615,13.941,13.917,18.202,490.129,10.537,10.564
20241114193855.9,2828.17899696529,13.933,13.846,18.183,493.331,10.523,10.546
20241114193856.4,2828.69099378586,13.878,13.852,18.173,499.748,10.507,10.543
20241114193856.9,2829.21099700034,13.927,13.88,18.171,494.3,10.543,10.548
20241114193857.5,2829.73399758339,13.935,13.929,18.173,491.301,10.519,10.574
20241114193858,2830.25799393654,14.01,13.963,18.159,496.978,10.523,10.554
20241114193858.5,2830.77299818397,14.01,14.046,18.195,493.511,10.537,10.55
20241114193859,2831.28499500453,14.05,14.052,18.286,498.979,10.523,10.548
20241114193859.5,2831.8160019815,14.145,14.153,18.337,502.399,10.529,10.564
20241114193900.1,2832.33200199902,14.214,14.183,18.458,506.959,10.531,10.562
20241114193900.6,2832.85099938512,14.278,14.286,18.426,503.312,10.513,10.558
20241114193901.1,2833.37899893522,14.343,14.309,18.537,512.734,10.533,10.556
20241114193901.6,2833.9099958539,14.412,14.339,18.597,519.515,10.527,10.546
20241114193902.1,2834.42599587142,14.387,14.311,18.47,518.146,10.525,10.556
20241114193902.7,2834.94500331581,14.373,14.361,18.363,510.701,10.548,10.558
20241114193903.2,2835.47600023448,14.363,14.418,18.416,522.851,10.529,10.564
20241114193903.7,2836.00800298154,14.357,14.432,18.26,522.472,10.527,10.554
20241114193904.2,2836.52299717069,14.381,14.412,18.296,527.802,10.541,10.56
20241114193904.8,2837.04300038517,14.373,14.43,18.357,529.096,10.531,10.552
20241114193905.3,2837.56999410689,14.396,14.42,18.41,530.794,10.521,10.562
20241114193905.8,2838.08599412441,14.4,14.387,18.323,534.424,10.529,10.554
20241114193906.3,2838.60099837184,14.341,14.299,18.212,535.854,10.539,10.543
20241114193906.8,2839.11699838936,14.23,14.189,18.385,538.587,10.527,10.556
20241114193907.5,2839.77299965918,14.109,14.115,18.414,335.107,10.527,10.556
20241114193908,2840.29300287366,14.082,14.101,18.658,224.931,10.531,10.546
20241114193908.5,2840.8079970628,14.099,14.07,19.107,165.244,10.529,10.552
20241114193909.1,2841.33599661291,14.167,14.097,19.288,131.955,10.546,10.568
20241114193909.6,2841.86699353158,14.202,14.169,19.024,110.53,10.515,10.531
20241114193910.1,2842.38300360739,14.218,14.228,18.852,99.204,10.531,10.56
20241114193910.6,2842.90999732912,14.236,14.278,18.771,83.294,10.543,10.531
20241114193911.1,2843.42599734664,14.208,14.27,18.781,80.321,10.533,10.539
20241114193911.7,2843.95699426532,14.183,14.258,18.814,71.299,10.519,10.539
20241114193912.2,2844.48399804533,14.173,14.242,18.773,67.274,10.515,10.543
20241114193912.7,2845.01100182533,14.141,14.204,18.642,60.009,10.543,10.552
20241114193913.3,2845.54299451411,14.157,14.183,18.408,60.588,10.517,10.535
20241114193913.8,2846.05399556458,14.152,14.193,18.269,56.613,10.532,10.551
20241114193914.3,2846.56600244343,14.174,14.193,18.241,53.859,10.504,10.534
20241114193914.8,2847.08599559963,14.162,14.191,18.172,51.234,10.508,10.536
20241114193915.3,2847.5969966501,14.152,14.217,18.217,53.235,10.52,10.534
20241114193915.9,2848.13300259411,14.185,14.207,18.366,53.885,10.526,10.567
20241114193916.4,2848.6439935863,14.207,14.213,18.324,51.428,10.52,10.557
20241114193916.9,2849.17599633336,14.219,14.241,18.298,49.926,10.522,10.534
20241114193917.4,2849.69100058079,14.265,14.296,18.233,48.766,10.53,10.528
20241114193917.9,2850.20700059831,14.257,14.31,18.18,49.124,10.52,10.534
20241114193918.4,2850.73000118136,14.211,14.29,18.043,47.286,10.52,10.54
20241114193919,2851.24199800193,14.118,14.253,17.954,46.687,10.522,10.536
20241114193919.5,2851.75799801946,14.094,14.217,17.877,45.733,10.518,10.548
20241114193920,2852.27300226688,14.096,14.217,17.837,45.199,10.52,10.557
20241114193920.5,2852.80399918556,14.071,14.207,17.833,44.451,10.504,10.53
20241114193921,2853.31999920309,14.049,14.179,17.896,45.009,10.514,10.528
20241114193921.6,2853.83599922061,14.023,14.152,17.837,47.962,10.516,10.522
20241114193922.1,2854.35499660671,14.001,14.144,17.821,46.895,10.512,10.538
20241114193922.6,2854.87099662423,14.005,14.174,17.831,46.525,10.508,10.565
20241114193923.1,2855.38999401033,14.027,14.193,17.902,45.824,10.534,10.557
20241114193923.6,2855.90200088918,14.043,14.16,17.991,44.432,10.504,10.538
20241114193924.1,2856.42199404538,14.08,14.154,17.839,44.87,10.51,10.526
20241114193924.7,2856.9369982928,14.071,14.134,17.77,45.09,10.512,10.538
20241114193925.2,2857.45700150728,14.086,14.112,17.865,43.644,10.512,10.532
20241114193925.7,2857.97199569643,14.075,14.11,17.926,54.587,10.514,10.542
20241114193926.2,2858.49999524653,14.062,14.093,17.959,49.745,10.523,10.539
20241114193926.7,2859.01900269091,14.052,14.086,17.983,46.956,10.521,10.564
20241114193927.3,2859.53899584711,14.113,14.115,18.004,45.848,10.523,10.548
20241114193927.8,2860.05800329149,14.115,14.092,17.967,45.225,10.519,10.55
20241114193928.3,2860.57400330901,14.076,14.072,18.08,46.288,10.533,10.552
20241114193928.8,2861.09000332654,14.113,14.068,18.111,47.409,10.517,10.537
20241114193929.3,2861.60499751568,14.109,14.101,18.224,48.362,10.531,10.552
20241114193929.8,2862.12500073016,14.119,14.095,18.315,50.499,10.511,10.541
20241114193930.4,2862.65199445188,14.177,14.224,18.21,50.363,10.535,10.548
20241114193930.9,2863.1679944694,14.258,14.343,18.228,48.775,10.525,10.546
20241114193931.4,2863.67899551988,14.274,14.315,18.191,47.469,10.529,10.55
20241114193931.9,2864.1949955374,14.299,14.375,18.165,47.494,10.523,10.554
20241114193932.4,2864.71099555492,14.276,14.394,18.145,47.229,10.527,10.56
20241114193932.9,2865.23000299931,14.299,14.353,18.26,46.801,10.513,10.535
20241114193933.5,2865.75399935246,14.327,14.438,18.21,47.519,10.511,10.541
20241114193934,2866.27699993551,14.515,14.561,18.066,46.408,10.535,10.535
20241114193934.5,2866.80799685419,14.476,14.432,18.058,51.08,10.531,10.554
20241114193935,2867.31999367476,14.452,14.381,18.054,56.994,10.541,10.562
20241114193935.6,2867.83599369228,14.335,14.246,18.242,53.376,10.525,10.541
20241114193936.1,2868.36299747229,14.289,14.196,18.327,51.982,10.515,10.543
20241114193936.6,2868.87499429286,14.228,14.145,18.153,50.378,10.527,10.548
20241114193937.1,2869.42599713802,14.143,14.101,17.949,48.959,10.521,10.562
20241114193937.7,2869.94100138545,14.097,14.06,17.943,48.026,10.523,10.564
20241114193938.2,2870.46099454165,14.04,14.04,17.909,49.542,10.525,10.554
20241114193938.7,2870.99200151861,14.123,14.103,17.816,47.788,10.517,10.55
20241114193939.2,2871.51899524033,14.121,14.103,17.826,47.254,10.523,10.543
20241114193939.8,2872.03899845481,14.141,14.101,17.763,47.54,10.543,10.554
20241114193940.3,2872.55099527538,14.127,14.082,17.771,46.913,10.517,10.543
20241114193940.8,2873.08200225234,14.105,14.078,17.838,49.279,10.527,10.554
20241114193941.3,2873.59699644148,14.092,14.103,17.957,48.878,10.533,10.552
20241114193941.8,2874.12499599159,14.111,14.044,18.074,49.183,10.523,10.554
20241114193942.4,2874.6519997716,14.03,13.959,18.016,48.51,10.525,10.552
20241114193942.9,2875.17599612474,13.992,13.921,18.222,50.629,10.539,10.552
20241114193943.4,2875.69100037217,13.979,13.929,18.444,52.553,10.515,10.543
20241114193943.9,2876.2070003897,13.977,13.951,18.543,51.038,10.531,10.566
20241114193944.5,2876.73399411142,14.008,14.016,18.424,49.714,10.521,10.568
20241114193945,2877.24999412894,14.003,14.003,18.324,48.125,10.532,10.54
20241114193945.5,2877.76499837637,14.021,13.991,18.271,47.082,10.512,10.546
20241114193946,2878.28099839389,14.057,14.061,18.108,46.662,10.546,10.542
20241114193946.5,2878.79699841142,14.084,14.067,18.391,46.409,10.528,10.559
20241114193947,2879.32400219142,14.096,14.063,18.229,46.271,10.526,10.548
20241114193947.6,2879.84000220895,14.13,14.12,18.227,49.495,10.51,10.559
20241114193948.1,2880.35499639809,14.207,14.207,18.409,48.954,10.504,10.546
20241114193948.6,2880.87099641562,14.312,14.229,18.481,48.06,10.504,10.559
20241114193949.2,2881.52699768543,14.346,14.279,18.239,52.33,10.51,10.544
20241114193949.8,2882.05799460411,14.358,14.34,18.09,50.92,10.516,10.532
20241114193950.3,2882.58599415421,14.399,14.413,17.962,49.522,10.518,10.553
20241114193950.8,2883.10099840164,14.459,14.475,17.827,48.883,10.532,10.532
20241114193951.3,2883.62100161612,14.463,14.512,17.762,51.405,10.518,10.538
20241114193951.9,2884.14799533784,14.516,14.534,17.675,49.763,10.514,10.54
20241114193952.4,2884.67599488795,14.524,14.576,17.663,52.316,10.518,10.553
20241114193952.9,2885.19500233233,14.492,14.405,17.72,56.603,10.528,10.559
20241114193953.4,2885.72599925101,14.342,14.243,17.732,57.937,10.512,10.536
20241114193954,2886.24600246549,14.205,14.138,17.77,54.148,10.524,10.548
20241114193954.5,2886.75799928606,14.1,14.035,17.718,51.724,10.534,10.555
20241114193955,2887.26900033653,14.039,14.027,17.714,50.598,10.516,10.553
20241114193955.5,2887.80100308359,14.029,13.968,17.712,50.27,10.526,10.559
20241114193956,2888.31599727273,13.993,13.926,17.71,50.224,10.518,10.544
20241114193956.6,2888.83199729025,13.973,13.906,17.791,55.36,10.514,10.542
20241114193957.1,2889.34399411082,13.973,13.938,17.809,56.795,10.512,10.53
20241114193957.6,2889.87500108778,13.96,13.934,17.778,54.509,10.534,10.551
20241114193958.1,2890.38999527693,13.94,13.968,17.766,53.245,10.52,10.551
20241114193958.6,2890.90599529445,13.946,13.928,17.787,53.314,10.528,10.563
20241114193959.1,2891.42199531198,13.924,13.861,17.843,51.586,10.52,10.536
20241114193959.7,2891.9369995594,13.902,13.865,17.914,50.429,10.512,10.534
20241114194000.2,2892.46099591255,13.904,13.882,17.966,49.665,10.51,10.526
20241114194000.7,2892.99200288951,13.922,13.908,18.059,51.871,10.508,10.538
20241114194001.2,2893.51499341428,13.983,13.976,18.203,50.694,10.536,10.54
20241114194001.8,2894.03100349009,14.037,14.033,18.389,49.539,10.536,10.559
20241114194002.3,2894.54699344933,14.047,14.075,18.496,49.928,10.514,10.52
20241114194002.8,2895.06199769676,14.098,14.102,18.51,56.289,10.524,10.551
20241114194003.3,2895.58999724686,14.094,14.047,18.441,52.518,10.534,10.555
20241114194003.8,2896.10899463296,14.098,14.049,18.328,50.421,10.528,10.555
20241114194004.4,2896.64000160992,14.047,14.047,18.176,49.66,10.53,10.53
20241114194004.9,2897.15999476612,14.12,14.114,18.045,49.036,10.52,10.553
20241114194005.4,2897.68299534917,14.219,14.138,17.954,49.767,10.504,10.557
20241114194005.9,2898.19899536669,14.14,14.084,17.93,51.71,10.524,10.542
20241114194006.4,2898.71499538422,14.102,14.102,17.871,51.43,10.538,10.534
20241114194006.9,2899.22999963164,14.128,14.126,17.875,49.786,10.522,10.54
20241114194007.5,2899.75000284612,14.164,14.144,17.861,47.804,10.518,10.557
20241114194008,2900.26499703526,14.178,14.181,17.94,50.532,10.508,10.544
20241114194008.5,2900.78500024974,14.185,14.217,17.801,54.248,10.51,10.542
20241114194009,2901.30100026727,14.202,14.232,17.798,53.217,10.519,10.566
20241114194009.6,2901.83199718595,14.212,14.222,18.018,51.32,10.507,10.55
20241114194010.1,2902.36699730158,14.234,14.25,17.937,50.213,10.535,10.537
20241114194010.6,2902.90999375284,14.22,14.242,17.858,50.123,10.543,10.541
20241114194011.1,2903.42200063169,14.252,14.303,17.822,81.229,10.523,10.539
20241114194011.7,2903.96499708295,14.345,14.434,17.933,70.446,10.533,10.55
20241114194012.2,2904.50799353421,14.439,14.477,17.805,64.064,10.504,10.538
20241114194012.8,2905.03099411726,14.453,14.459,17.754,58.447,10.516,10.544
20241114194013.3,2905.53899779916,14.445,14.374,17.655,54.392,10.534,10.536
20241114194013.8,2906.05799518526,14.356,14.284,17.655,52.677,10.518,10.548
20241114194014.3,2906.58999793231,14.28,14.253,17.839,50.101,10.508,10.538
20241114194014.8,2907.12099485099,14.239,14.195,17.93,48.28,10.508,10.524
20241114194015.4,2907.63599909842,14.239,14.181,17.91,64.637,10.512,10.553
20241114194015.9,2908.15999545157,14.223,14.172,17.843,59.799,10.52,10.557
20241114194016.4,2908.67900289595,14.243,14.17,17.932,57.597,10.53,10.548
20241114194016.9,2909.19899605215,14.217,14.118,17.956,55.491,10.526,10.548
20241114194017.4,2909.71499606967,14.215,14.138,18.011,57.687,10.524,10.548
20241114194018,2910.23799665272,14.217,14.156,18.005,55.182,10.524,10.544
20241114194018.5,2910.75000353158,14.211,14.136,18.037,52.942,10.528,10.524
20241114194019,2911.28499358892,14.168,14.075,18.017,51.478,10.52,10.536
20241114194019.5,2911.81199736893,14.213,14.142,18.015,52.687,10.524,10.53
20241114194020.1,2912.33999691904,14.205,14.077,18.009,50.486,10.532,10.555
20241114194020.6,2912.85500116646,14.15,14.118,17.906,49.316,10.528,10.546
20241114194021.1,2913.37499432266,14.158,14.073,17.829,52.082,10.532,10.569
20241114194021.6,2913.90199810266,14.12,14.08,17.853,52.378,10.514,10.534
20241114194022.1,2914.41799812019,14.073,14.114,17.819,51.327,10.504,10.536
20241114194022.7,2914.94899503887,14.09,14.11,17.671,50.713,10.52,10.548
20241114194023.2,2915.46899825335,14.122,14.154,17.768,54.183,10.526,10.532
20241114194023.7,2916.01899527013,14.14,14.213,17.863,52.228,10.512,10.526
20241114194024.3,2916.54699482024,14.199,14.249,17.95,53.768,10.52,10.52
20241114194024.8,2917.05799587071,14.233,14.391,17.831,52.499,10.498,10.551
20241114194025.3,2917.57799908519,14.211,14.496,17.647,51.192,10.518,10.536
20241114194025.8,2918.09399910271,14.15,14.38,17.685,52.036,10.51,10.524
20241114194026.3,2918.62100288272,14.098,14.271,17.76,54.363,10.518,10.54
20241114194026.9,2919.13599707186,14.075,14.217,17.813,55.631,10.508,10.534
20241114194027.4,2919.64799389243,14.039,14.134,17.837,53.922,10.514,10.536
20241114194027.9,2920.18299400806,13.987,14.059,17.718,53.947,10.516,10.548
20241114194028.4,2920.71100361645,13.914,13.985,17.597,54.795,10.518,10.542
20241114194028.9,2921.23000100255,13.861,13.924,17.661,54.77,10.514,10.528
20241114194029.5,2921.74600102007,13.835,13.91,17.78,53.667,10.528,10.51
20241114194030,2922.26099520922,13.875,13.886,17.875,52.698,10.526,10.526
20241114194030.5,2922.77699522674,13.88,13.877,17.843,53.4,10.526,10.553
20241114194031,2923.30399900675,13.839,13.867,17.914,53.791,10.502,10.542
20241114194031.5,2923.82400222123,13.849,13.861,18.088,51.793,10.52,10.563
20241114194032.1,2924.34399537742,13.908,13.898,18.251,51.541,10.522,10.524
20241114194032.6,2924.85899962485,13.942,13.93,18.342,51.154,10.528,10.54
20241114194033.1,2925.38599334657,13.902,13.906,18.324,50.158,10.526,10.54
20241114194033.6,2925.90999975801,13.888,13.875,18.283,49.6,10.524,10.536
20241114194034.1,2926.4289971441,13.926,13.91,18.267,49.378,10.514,10.526
20241114194034.7,2926.94099396467,13.857,13.908,18.243,49.99,10.524,10.536
20241114194035.2,2927.46099717915,13.734,13.829,18.249,49.522,10.522,10.522
20241114194035.7,2927.98800095916,13.732,13.819,18.152,52.364,10.534,10.536
20241114194036.2,2928.50799411535,13.79,13.816,18.084,58.709,10.527,10.556
20241114194036.7,2929.02700155973,13.846,13.891,17.975,57.527,10.531,10.546
20241114194037.3,2929.55099791288,13.854,13.891,17.838,55.358,10.509,10.546
20241114194037.8,2930.06999529898,13.876,13.895,17.789,54.922,10.521,10.558
20241114194038.3,2930.58999851346,13.88,13.895,17.749,53.443,10.543,10.527
20241114194038.8,2931.10899589956,13.891,13.903,17.767,54.331,10.523,10.543
20241114194039.3,2931.62100277841,13.941,13.961,17.761,52.573,10.515,10.541
20241114194039.9,2932.14000016451,13.935,13.953,17.797,52.812,10.523,10.56
20241114194040.4,2932.66000337899,13.981,13.979,17.862,54.136,10.503,10.541
20241114194040.9,2933.19100029767,14.05,13.975,17.797,56.867,10.529,10.55
20241114194041.4,2933.7260004133,14.117,14.044,17.884,55.553,10.527,10.55
20241114194042,2934.23799723387,14.109,14.072,17.959,54.402,10.527,10.546
20241114194042.5,2934.75399725139,14.149,14.092,17.935,52.34,10.529,10.543
20241114194043,2935.28499417007,14.163,14.095,17.991,51.732,10.541,10.562
20241114194043.5,2935.79700104892,14.187,14.127,18.094,51.688,10.537,10.548
20241114194044,2936.31199523807,14.179,14.159,18.167,50.647,10.527,10.546
20241114194044.5,2936.82799525559,14.207,14.158,18.205,53.005,10.508,10.544
20241114194045.1,2937.35099583864,14.203,14.174,18.178,52.253,10.532,10.53
20241114194045.6,2937.86300271749,14.209,14.213,18.326,50.55,10.518,10.546
20241114194046.1,2938.37499953806,14.239,14.229,18.358,49.884,10.512,10.534
20241114194046.6,2938.9099996537,14.253,14.253,18.386,48.678,10.506,10.542
20241114194047.2,2939.43699337542,14.225,14.231,18.184,49.171,10.51,10.557
20241114194047.7,2939.95300345123,14.221,14.199,17.987,53.329,10.508,10.559
20241114194048.2,2940.47200083733,14.304,14.229,17.966,63.278,10.508,10.536
20241114194048.7,2941.00000038743,14.318,14.177,17.981,57.426,10.522,10.524
20241114194049.3,2941.54700003564,14.267,14.12,18.015,56.034,10.52,10.526
20241114194049.8,2942.07399375737,14.227,14.08,17.968,54.397,10.506,10.522
20241114194050.3,2942.60500073433,14.173,14.037,17.914,54.522,10.504,10.522
20241114194050.8,2943.12100075185,14.108,13.991,17.783,54.401,10.508,10.526
20241114194051.4,2943.63999813795,14.023,13.904,17.669,52.403,10.502,10.544
20241114194051.9,2944.17200088501,13.963,13.858,17.569,71.297,10.504,10.518
20241114194052.4,2944.68699507415,13.942,13.835,17.585,67.154,10.506,10.516
20241114194052.9,2945.21899782121,13.89,13.805,17.587,63.459,10.492,10.532
20241114194053.5,2945.74600160122,13.809,13.732,17.593,69.271,10.504,10.53
20241114194054,2946.2769985199,13.712,13.716,17.512,62.022,10.498,10.526
20241114194054.5,2946.79299853742,13.763,13.734,17.629,65.938,10.488,10.518
20241114194055,2947.31199592352,13.787,13.751,17.973,64.845,10.492,10.522
20241114194055.6,2947.84399867058,13.817,13.777,18.116,64.15,10.486,10.52
20241114194056.1,2948.359002918,13.858,13.803,18.294,60.577,10.488,10.516
20241114194056.6,2948.87099973857,13.884,13.866,18.51,57.315,10.506,10.516
20241114194057.1,2949.38599392772,13.934,13.969,18.399,56.442,10.506,10.532
20241114194057.6,2949.9059971422,14.009,14.009,18.173,54.511,10.494,10.512
20241114194058.1,2950.42600035667,14.031,14.039,17.938,52.6,10.516,10.53
20241114194058.7,2950.94099454582,14.029,14.033,17.882,55.32,10.516,10.518
20241114194059.2,2951.47200152278,14.041,14.053,17.863,54.656,10.498,10.53
20241114194059.7,2951.98399834335,14.126,14.124,17.732,58.309,10.498,10.51
20241114194100.2,2952.49999836087,14.156,14.132,17.587,56.037,10.502,10.534
20241114194100.7,2953.01099941134,14.14,14.112,17.524,52.955,10.488,10.512
20241114194101.3,2953.5430021584,14.132,14.11,17.421,51.374,10.504,10.52
20241114194101.9,2954.20299656689,14.134,14.15,17.403,50.283,10.508,10.52
20241114194102.5,2954.73399348557,14.161,14.167,17.496,62.826,10.506,10.536
20241114194103,2955.25000356138,14.148,14.191,17.585,62.347,10.506,10.512
20241114194103.5,2955.76499775052,14.179,14.154,17.506,59.179,10.506,10.52
20241114194104,2956.27699457109,14.179,14.156,17.484,56.377,10.502,10.522
20241114194104.5,2956.79699778557,14.181,14.158,17.583,53.272,10.504,10.526
20241114194105.1,2957.3319979012,14.154,14.138,17.643,52.286,10.508,10.546
20241114194105.6,2957.86299481988,14.132,14.118,18.013,51.188,10.502,10.546
20241114194106.1,2958.38999859989,14.13,14.086,18.082,51.495,10.51,10.532
20241114194106.6,2958.90199542046,14.124,14.049,17.954,52.305,10.51,10.544
20241114194107.2,2959.43300239742,14.086,14.013,17.841,51.497,10.508,10.552
20241114194107.7,2959.96499508619,14.114,14.021,17.768,50.705,10.512,10.528
20241114194108.2,2960.47999933362,14.116,14.023,17.732,52.642,10.494,10.53
20241114194108.7,2961.00799888372,14.098,14.009,17.692,53.791,10.512,10.526
20241114194109.2,2961.52300313115,14.065,13.968,17.819,53.189,10.522,10.542
20241114194109.8,2962.05800324678,14.021,13.973,17.797,52.029,10.506,10.534
20241114194110.3,2962.58600279689,14.039,13.977,17.657,53.404,10.498,10.544
20241114194110.8,2963.09699378908,14.043,14.027,17.617,55.616,10.508,10.544
20241114194111.3,2963.62899653614,14.084,13.975,17.56,54.035,10.5,10.538
20241114194111.9,2964.15999345481,14.074,13.922,17.484,52.769,10.524,10.54
20241114194112.4,2964.69100043178,13.997,13.841,17.435,52.485,10.512,10.55
20241114194112.9,2965.21099358797,13.942,13.789,17.372,52.598,10.52,10.542
20241114194113.4,2965.7259978354,13.865,13.789,17.308,51.119,10.516,10.542
20241114194114,2966.24999418855,13.87,13.869,17.269,50.515,10.508,10.526
20241114194114.5,2966.76900163293,13.936,13.912,17.227,51.112,10.508,10.538
20241114194115,2967.3009943217,13.944,13.898,17.229,50.133,10.512,10.53
20241114194115.6,2967.84400083125,13.912,13.87,17.277,49.708,10.494,10.53
20241114194116.1,2968.37900094688,13.896,13.9,17.284,48.913,10.518,10.534
20241114194116.6,2968.89399513602,13.96,13.968,17.277,49.468,10.516,10.54
20241114194117.1,2969.42199468613,14.045,14.07,17.352,50.904,10.528,10.528
20241114194117.7,2969.93699893355,14.053,14.086,17.461,52.6,10.518,10.54
20241114194118.2,2970.45299895108,14.07,14.166,17.429,51.411,10.508,10.522
20241114194118.7,2970.97199633718,14.146,14.118,17.332,50.08,10.512,10.54
20241114194119.2,2971.4879963547,14.102,14.088,17.346,49.721,10.504,10.53
20241114194119.7,2972.01899327338,14.112,14.114,17.368,48.48,10.506,10.528
20241114194120.3,2972.55099602044,14.12,14.13,17.401,48.116,10.532,10.551
20241114194120.8,2973.07799980044,14.132,14.168,17.403,47.679,10.502,10.524
20241114194121.3,2973.59399981797,14.179,14.181,17.344,47.235,10.518,10.542
20241114194121.8,2974.11299720407,14.231,14.221,17.34,46.207,10.52,10.538
20241114194122.3,2974.62899722159,14.267,14.269,17.296,54.674,10.52,10.544
20241114194122.9,2975.14400146902,14.28,14.279,17.344,63.154,10.514,10.538
20241114194123.4,2975.67200101912,14.294,14.346,17.344,61.232,10.516,10.555
20241114194123.9,2976.2029979378,14.348,14.378,17.479,59.053,10.524,10.538
20241114194124.5,2976.75400078297,14.399,14.423,17.635,56.032,10.532,10.534
20241114194125,2977.27700136602,14.391,14.435,17.782,53.41,10.53,10.555
20241114194125.5,2977.79300138354,14.423,14.447,17.764,52.476,10.516,10.53
20241114194126,2978.32800149918,14.437,14.445,17.724,51.877,10.52,10.538
20241114194126.6,2978.84699888527,14.419,14.459,17.694,49.915,10.512,10.536
20241114194127.1,2979.37900163233,14.441,14.455,17.698,50.88,10.498,10.544
20241114194127.6,2979.90599535406,14.437,14.475,17.673,51.912,10.498,10.553
20241114194128.2,2980.43700233102,14.423,14.393,17.694,50.667,10.532,10.538
20241114194128.7,2980.97999878228,14.35,14.32,17.73,60.469,10.516,10.544
20241114194129.2,2981.50000199676,14.292,14.288,17.746,59.887,10.508,10.54
20241114194129.7,2982.02300257981,14.257,14.253,17.829,57.119,10.522,10.546
20241114194130.3,2982.53499940038,14.251,14.267,17.718,58.186,10.522,10.538
20241114194130.8,2983.05799998343,14.217,14.261,17.704,54.986,10.506,10.559
20241114194131.3,2983.57800319791,14.217,14.253,17.708,54.825,10.524,10.553
20241114194131.8,2984.11300331354,14.187,14.235,17.722,52.909,10.514,10.536
20241114194132.4,2984.64799337089,14.086,14.174,17.663,53.049,10.522,10.548
20241114194132.9,2985.1640034467,14.047,14.104,17.607,51.871,10.5,10.536
20241114194133.4,2985.69500036538,14.017,14.055,17.544,59.561,10.52,10.538
20241114194133.9,2986.2110003829,14.027,14.057,17.451,56.331,10.512,10.528
20241114194134.5,2986.74199730158,14.082,14.076,17.542,55.487,10.51,10.53
20241114194135,2987.26900108159,14.13,14.102,17.613,54.662,10.516,10.548
20241114194135.5,2987.78500109911,14.11,14.124,17.683,53.916,10.526,10.538
20241114194136,2988.31599801779,14.108,14.166,17.766,54.039,10.538,10.536
20241114194136.5,2988.82799483836,14.162,14.205,17.756,53.918,10.52,10.544
20241114194137.1,2989.34700228274,14.189,14.229,17.797,54.045,10.512,10.548
20241114194137.6,2989.86300230026,14.205,14.12,17.752,54.52,10.506,10.53
20241114194138.1,2990.37900231779,14.138,14.023,17.71,55.892,10.528,10.53
20241114194138.6,2990.91799557209,14.013,13.902,17.724,56.452,10.528,10.53
20241114194139.2,2991.44900254905,13.922,13.825,17.825,58.034,10.516,10.544
20241114194139.8,2992.10499376059,13.855,13.783,17.878,57.046,10.504,10.542
20241114194140.4,2992.63600073755,13.799,13.732,17.952,56.153,10.506,10.532
20241114194140.9,2993.15200075507,13.769,13.698,18.136,55.767,10.516,10.536
20241114194141.4,2993.69499720633,13.779,13.692,18.12,56.715,10.522,10.532
20241114194141.9,2994.22599412501,13.744,13.684,18.039,57.117,10.524,10.526
20241114194142.5,2994.76099424064,13.696,13.623,17.946,57.438,10.516,10.538
20241114194143,2995.28899379075,13.684,13.603,18.16,56.417,10.514,10.548
20241114194143.5,2995.81599757075,13.692,13.617,18.059,56.164,10.514,10.561
20241114194144.1,2996.33199758828,13.728,13.629,17.962,56.506,10.54,10.546
20241114194144.6,2996.85900136828,13.732,13.647,17.946,55.05,10.53,10.534
20241114194145.1,2997.37899452448,13.766,13.69,17.813,53.043,10.506,10.53
20241114194145.6,2997.89800196886,13.815,13.722,17.665,51.871,10.512,10.544
20241114194146.1,2998.42600151896,13.878,13.801,17.922,54.85,10.522,10.536
20241114194146.7,2998.95699843764,13.958,13.932,17.934,54.386,10.522,10.54
20241114194147.2,2999.48400221765,14.033,14.013,17.799,66.971,10.504,10.536
20241114194147.7,3000.00399537385,14.059,14.063,17.777,95.5,10.532,10.55
20241114194148.3,3000.53500235081,14.063,14.096,17.926,84.491,10.518,10.546
20241114194148.8,3001.06199607253,14.084,14.08,17.966,76.473,10.52,10.536
20241114194149.3,3001.57799609005,14.146,14.098,18.013,69.437,10.506,10.536
20241114194149.8,3002.12499573827,14.279,14.221,17.938,64.219,10.526,10.551
20241114194150.4,3002.65199951828,14.385,14.312,17.962,60.854,10.526,10.538
20241114194150.9,3003.18299643695,14.463,14.413,17.807,59.216,10.528,10.542
20241114194151.4,3003.71499918401,14.51,14.488,17.793,58.942,10.528,10.548
20241114194152,3004.24599610269,14.532,14.524,17.793,57.169,10.504,10.532
20241114194152.5,3004.7729998827,14.57,14.576,17.71,55.533,10.526,10.53
20241114194153,3005.30399680138,14.607,14.599,17.625,53.431,10.524,10.536
20241114194153.6,3005.83599954844,14.635,14.605,17.57,52.788,10.524,10.555
20241114194154.1,3006.35099373758,14.635,14.597,17.522,51.743,10.54,10.52
20241114194154.6,3006.87899328768,14.635,14.58,17.483,51.541,10.54,10.532
20241114194155.1,3007.39399753511,14.65,14.575,17.535,53.892,10.525,10.562
20241114194155.6,3007.92600028217,14.64,14.539,17.519,53.041,10.511,10.558
20241114194156.2,3008.43700133264,14.641,14.508,17.479,51.718,10.532,10.54
20241114194156.7,3008.96899402142,14.556,14.48,17.411,50.987,10.536,10.538
20241114194157.2,3009.50399413705,14.457,14.395,17.49,51.179,10.518,10.538
20241114194157.7,3010.01899838448,14.36,14.334,17.805,51.877,10.52,10.546
20241114194158.3,3010.53900159895,14.298,14.336,17.817,50.739,10.528,10.546
20241114194158.8,3011.07400171459,14.316,14.34,17.839,50.703,10.508,10.522
20241114194159.3,3011.59399487078,14.288,14.373,17.819,49.525,10.506,10.546
20241114194159.8,3012.12899498641,14.31,14.373,17.869,59.935,10.526,10.536
20241114194200.4,3012.65599876642,14.324,14.296,17.89,71.492,10.51,10.548
20241114194200.9,3013.1869956851,14.302,14.276,18.041,64.295,10.524,10.552
20241114194201.4,3013.70299570262,14.286,14.306,17.94,59.348,10.51,10.557
20241114194201.9,3014.22999948263,14.276,14.162,17.809,54.802,10.526,10.54
20241114194202.5,3014.76099640131,14.177,14.088,17.789,51.702,10.52,10.53
20241114194203,3015.27699641883,14.118,14.053,17.552,51.952,10.494,10.524
20241114194203.5,3015.80400019884,14.124,14.035,17.468,51.1,10.526,10.538
20241114194204,3016.32000021636,14.106,14.059,17.581,50.582,10.5,10.526
20241114194204.6,3016.85099713504,14.076,14.021,17.625,56.289,10.514,10.516
20241114194205.1,3017.36699715257,14.06,14.015,17.765,58.332,10.522,10.526
20241114194205.6,3017.89799407125,14.031,14.015,17.746,54.324,10.502,10.538
20241114194206.1,3018.41799728572,14.029,14.003,17.633,52.521,10.522,10.532
20241114194206.7,3018.93699467182,14.029,14.005,17.494,50.643,10.496,10.538
20241114194207.2,3019.46499422193,14.015,13.975,17.403,49.343,10.484,10.522
20241114194207.7,3019.9759952724,14.001,13.959,17.468,50.216,10.512,10.532
20241114194208.2,3020.51099538803,14.005,14.031,17.352,49.523,10.504,10.546
20241114194208.8,3021.04299813509,14.015,14.055,17.401,55.094,10.506,10.518
20241114194209.3,3021.56599871814,14.055,14.102,17.358,54.466,10.496,10.536
20241114194209.8,3022.09399826825,14.065,14.074,17.397,52.253,10.524,10.548
20241114194210.3,3022.62499518692,14.037,14.013,17.336,60.117,10.524,10.552
20241114194210.9,3023.14799576998,14.009,13.968,17.304,72.588,10.514,10.544
20241114194211.4,3023.67200218141,13.956,13.928,17.302,68.225,10.53,10.55
20241114194211.9,3024.20299910009,13.93,13.938,17.245,63.354,10.524,10.557
20241114194212.4,3024.71499592066,14.023,14.017,17.166,60.665,10.516,10.546
20241114194212.9,3025.23000016809,14.039,14.037,17.177,57.468,10.532,10.555
20241114194213.5,3025.75000338256,14.072,14.08,17.193,55.458,10.496,10.53
20241114194214,3026.26900076866,14.116,14.029,17.179,53.486,10.518,10.528
20241114194214.5,3026.80099345744,14.063,13.968,17.195,51.48,10.528,10.54
20241114194215.1,3027.3320004344,13.977,13.902,17.221,50.981,10.516,10.542
20241114194215.6,3027.87900008261,13.944,13.863,17.17,51.518,10.51,10.542
20241114194216.1,3028.39399427176,13.908,13.809,17.174,51.758,10.54,10.548
20241114194216.8,3029.05800193548,13.873,13.863,17.247,53.293,10.54,10.544
20241114194217.3,3029.57799509168,13.958,13.92,17.17,51.929,10.534,10.557
20241114194217.8,3030.10900206864,14.116,14.154,17.255,51.434,10.538,10.553
20241114194218.4,3030.63999898732,14.126,14.118,17.364,53.114,10.528,10.548
20241114194218.9,3031.17200173438,14.136,14.132,17.502,53.412,10.542,10.538
20241114194219.4,3031.70299865305,14.219,14.166,17.475,64.496,10.54,10.528
20241114194219.9,3032.23000243306,14.294,14.243,17.403,58.55,10.51,10.55
20241114194220.5,3032.74999558926,14.377,14.245,17.552,61.749,10.518,10.552
20241114194221,3033.27699936926,14.352,14.15,17.647,57.674,10.528,10.544
20241114194221.5,3033.80799628794,14.247,14.063,17.76,57.461,10.528,10.538
20241114194222,3034.32799950242,14.179,14.045,17.7,57.532,10.528,10.526
20241114194222.6,3034.85500328243,14.136,14.019,17.75,59.58,10.514,10.532
20241114194223.1,3035.38600020111,14.102,14.019,17.776,59.832,10.526,10.54
20241114194223.6,3035.91800294816,14.08,13.942,17.795,57.582,10.518,10.538
20241114194224.2,3036.43700033426,14.001,13.894,17.712,54.457,10.526,10.54
20241114194224.7,3036.95700354874,13.938,13.861,17.688,52.36,10.524,10.557
20241114194225.2,3037.47199773788,13.924,13.888,17.595,54.183,10.518,10.555
20241114194225.7,3038.00799362361,13.987,13.95,17.502,53.36,10.532,10.555
20241114194226.3,3038.53900060058,13.97,13.926,17.572,59.254,10.526,10.53
20241114194226.8,3039.07400071621,13.894,13.76,18.015,59.128,10.52,10.52
20241114194227.3,3039.60499763489,13.853,13.714,18.025,59.444,10.53,10.54
20241114194227.8,3040.12899398804,13.781,13.69,17.974,58.261,10.54,10.544
20241114194228.4,3040.64399823546,13.825,13.724,17.89,58.585,10.51,10.536
20241114194228.9,3041.16799458861,13.864,13.785,17.775,57.008,10.514,10.538
20241114194229.4,3041.69499836862,13.906,13.823,17.861,56.515,10.518,10.548
20241114194229.9,3042.2259952873,13.864,13.821,17.948,60.202,10.514,10.542
20241114194230.5,3042.76900179684,13.874,13.821,17.799,60.142,10.526,10.536
20241114194231,3043.28899495304,13.898,13.833,17.775,58.638,10.516,10.524
20241114194231.5,3043.82000193,13.898,13.884,17.639,56.605,10.53,10.55
20241114194232.1,3044.33600194752,13.932,13.934,17.526,55.548,10.524,10.534
20241114194232.6,3044.8669988662,13.961,13.961,17.403,52.341,10.526,10.546
20241114194233.1,3045.39799578488,14.009,13.983,17.294,51.917,10.52,10.53
20241114194233.7,3045.94100229442,14.035,14.027,17.27,52.191,10.512,10.546
20241114194234.2,3046.4719992131,14.025,14.003,17.284,49.987,10.528,10.528
20241114194234.7,3046.98799923062,14.025,14.011,17.272,49.383,10.516,10.526
20241114194235.2,3047.5189961493,14.033,14.013,17.352,51.975,10.516,10.532
20241114194235.8,3048.05099889636,14.066,14.043,17.463,50.759,10.512,10.536
20241114194236.3,3048.58199581504,14.045,14.039,17.486,50.185,10.526,10.538
20241114194236.8,3049.113002792,14.068,14.043,17.556,49.575,10.518,10.546
20241114194237.4,3049.63999651372,14.062,14.031,17.569,48.568,10.496,10.53
20241114194237.9,3050.17199926078,14.064,14.043,17.556,49.957,10.52,10.522
20241114194238.4,3050.69900304079,14.084,14.054,17.595,63.898,10.526,10.522
20241114194239,3051.23400315642,14.037,14.039,17.623,58.629,10.51,10.514
20241114194239.5,3051.76099687815,14.027,14.025,17.526,54.555,10.516,10.524
20241114194240,3052.29299962521,13.979,14.009,17.443,51.367,10.51,10.542
20241114194240.5,3052.82000340521,13.969,14.019,17.431,50.784,10.502,10.544
20241114194241.1,3053.33999656141,13.961,14.007,17.461,50.956,10.518,10.528
20241114194241.6,3053.87499667704,13.991,13.993,17.455,53.799,10.502,10.544
20241114194242.1,3054.39000092447,13.993,14.003,17.49,55.644,10.5,10.542
20241114194242.6,3054.9259968102,14.033,13.991,17.585,56.402,10.516,10.536
20241114194243.2,3055.45300059021,14.043,14.023,17.558,56.763,10.518,10.561
20241114194243.7,3055.98399750888,14.037,14.015,17.639,55.155,10.518,10.53
20241114194244.2,3056.50400072336,14.047,14.011,17.643,54.303,10.502,10.53
20241114194244.7,3057.02299810946,14.025,13.97,17.619,55.147,10.52,10.542
20241114194245.3,3057.55399502814,14.017,13.956,17.581,54.455,10.526,10.534
20241114194245.8,3058.07399824262,13.979,13.94,17.546,53.011,10.53,10.534
20241114194246.3,3058.58999826014,13.991,13.93,17.457,52.167,10.516,10.548
20241114194246.8,3059.10899564624,13.964,13.878,17.36,51.457,10.522,10.55
20241114194247.3,3059.62899886072,13.918,13.837,17.334,50.529,10.528,10.544
20241114194247.9,3060.14799624681,13.876,13.781,17.302,55.412,10.51,10.536
20241114194248.4,3060.69100275636,13.88,13.748,17.322,53.88,10.516,10.542
20241114194248.9,3061.21099591255,13.849,13.742,17.284,52.74,10.51,10.552
20241114194249.4,3061.72600015998,13.859,13.813,17.31,52.163,10.516,10.536
20241114194250,3062.26100027561,13.833,13.789,17.354,51.977,10.538,10.571
20241114194250.5,3062.78100349009,13.839,13.77,17.326,57.91,10.524,10.557
20241114194251,3063.3280031383,13.819,13.754,17.314,57.267,10.534,10.561
20241114194251.6,3063.8470005244,13.785,13.726,17.36,57.933,10.54,10.557
20241114194252.1,3064.38299641013,13.742,13.69,17.467,59.835,10.538,10.542
20241114194252.6,3064.91000019014,13.754,13.706,17.397,56.78,10.536,10.542
20241114194253.2,3065.44099710882,13.74,13.71,17.383,55.921,10.526,10.557
20241114194253.8,3066.10100157559,13.742,13.704,17.362,57.681,10.522,10.548
20241114194254.4,3066.63299426436,13.706,13.672,17.346,55.458,10.532,10.548
20241114194254.9,3067.16400124133,13.746,13.698,17.257,53.513,10.53,10.544
20241114194255.4,3067.69099496305,13.72,13.724,17.265,53.745,10.518,10.55
20241114194255.9,3068.21099817753,13.712,13.688,17.292,54.53,10.52,10.538
20241114194256.4,3068.72600242496,13.732,13.7,17.292,53.757,10.526,10.555
20241114194257,3069.25799511373,13.758,13.72,17.279,55.664,10.532,10.569
20241114194257.5,3069.78499889374,13.766,13.672,17.251,54.119,10.555,10.555
20241114194258,3070.31599581242,13.698,13.637,17.247,55.711,10.514,10.544
20241114194258.6,3070.83199582994,13.672,13.633,17.261,55.616,10.522,10.573
20241114194259.1,3071.3630028069,13.684,13.665,17.314,55.172,10.512,10.538
20241114194259.6,3071.89399972558,13.789,13.795,17.306,56.03,10.514,10.55
20241114194300.1,3072.42899984121,13.892,13.884,17.304,57.856,10.534,10.528
20241114194300.7,3072.94900305569,13.912,13.851,17.316,58.52,10.518,10.546
20241114194301.2,3073.47599677742,13.944,13.92,17.362,60.363,10.514,10.522
20241114194301.7,3074.00799952447,13.942,13.995,17.36,58.293,10.538,10.538
20241114194302.3,3074.53500330448,14.019,14.104,17.409,57.196,10.508,10.532
20241114194302.8,3075.06600022316,14.049,14.051,17.538,56.124,10.506,10.53
20241114194303.3,3075.59699714184,13.989,13.983,17.48,54.346,10.508,10.532
20241114194303.8,3076.12499669194,13.948,13.96,17.417,53.975,10.528,10.54
20241114194304.4,3076.65599361062,13.932,13.924,17.356,61.047,10.52,10.548
20241114194304.9,3077.18700058758,13.914,13.924,17.427,58.109,10.506,10.518
20241114194305.4,3077.71500013769,13.952,13.961,17.75,55.299,10.506,10.534
20241114194305.9,3078.22999432683,14.027,13.985,17.785,55.821,10.51,10.53
20241114194306.5,3078.75799387693,14.096,14.041,17.835,54.06,10.52,10.536
20241114194307,3079.2890008539,14.136,14.092,17.688,56.872,10.522,10.552
20241114194307.5,3079.81599457562,14.191,14.154,17.692,55.594,10.52,10.544
20241114194308.1,3080.34700155258,14.195,14.167,17.803,54.177,10.512,10.54
20241114194308.6,3080.87899424136,14.235,14.211,17.653,58.13,10.518,10.532
20241114194309.1,3081.41000121832,14.276,14.251,17.567,56.611,10.532,10.518
20241114194309.7,3081.93699494004,14.31,14.296,17.54,57.34,10.502,10.538
20241114194310.2,3082.45299495757,14.352,14.316,17.556,55.66,10.52,10.526
20241114194310.7,3082.9879950732,14.427,14.423,17.468,61.308,10.518,10.542
20241114194311.2,3083.51499885321,14.486,14.484,17.419,63.226,10.516,10.546
20241114194311.8,3084.03500206769,14.49,14.506,17.516,60.616,10.52,10.538
20241114194312.3,3084.56199578941,14.48,14.524,17.601,58.782,10.52,10.546
20241114194312.8,3085.08199900389,14.476,14.552,17.791,59.417,10.51,10.548
20241114194313.3,3085.62100231647,14.468,14.575,17.847,56.995,10.518,10.518
20241114194313.9,3086.13999970257,14.508,14.575,17.754,55.188,10.524,10.534
20241114194314.4,3086.66000291705,14.522,14.585,17.625,54.192,10.518,10.55
20241114194314.9,3087.19099983573,14.536,14.613,17.575,53.676,10.538,10.544
20241114194315.4,3087.72199675441,14.54,14.601,17.575,54.294,10.5,10.522
20241114194316,3088.24999630451,14.563,14.599,17.532,57.083,10.52,10.546
20241114194316.5,3088.76500055194,14.551,14.601,17.451,55.542,10.52,10.54
20241114194317,3089.28899690509,14.534,14.619,17.423,54.188,10.52,10.542
20241114194317.5,3089.81999382377,14.522,14.587,17.389,53.055,10.496,10.522
20241114194318.1,3090.36300033331,14.53,14.585,17.385,58.548,10.514,10.544
20241114194318.6,3090.89399725199,14.53,14.544,17.429,56.444,10.494,10.526
20241114194319.1,3091.42599999905,14.508,14.494,17.51,53.753,10.514,10.526
20241114194319.7,3091.96100011468,14.484,14.478,17.492,51.81,10.522,10.534
20241114194320.2,3092.47599430382,14.456,14.445,17.498,50.686,10.514,10.532
20241114194320.7,3093.00799705088,14.47,14.443,17.641,51.601,10.524,10.53
20241114194321.3,3093.53500083089,14.46,14.405,17.708,51.553,10.512,10.546
20241114194321.8,3094.06199455261,14.449,14.387,17.815,53.54,10.512,10.55
20241114194322.3,3094.59399729967,14.403,14.367,17.708,52.061,10.504,10.542
20241114194322.8,3095.12499421835,14.419,14.352,17.579,51.486,10.522,10.528
20241114194323.4,3095.6479948014,14.377,14.365,17.524,51.135,10.53,10.534
20241114194323.9,3096.17900177836,14.35,14.292,17.841,50.647,10.554,10.534
20241114194324.4,3096.71099446714,14.314,14.215,17.908,54.004,10.518,10.524
20241114194324.9,3097.23000191152,14.251,14.171,17.801,55.903,10.506,10.544
20241114194325.5,3097.7609988302,14.179,14.158,17.674,54.737,10.514,10.546
20241114194326,3098.29300157726,14.175,14.211,17.621,54.008,10.524,10.536
20241114194326.5,3098.82399849594,14.205,14.221,17.69,53.837,10.524,10.524
20241114194327.1,3099.37099814415,14.241,14.241,17.752,57.311,10.51,10.54
20241114194327.6,3099.89800192416,14.183,14.035,17.819,55.97,10.53,10.538
20241114194328.3,3100.55799633265,14.082,13.989,17.655,54.837,10.518,10.55
20241114194328.8,3101.0899990797,14.078,13.989,17.562,53.25,10.53,10.55
20241114194329.3,3101.62099599838,14.027,13.966,17.522,58.85,10.506,10.557
20241114194329.9,3102.15200297534,14.045,13.954,17.542,73.431,10.528,10.534
20241114194330.4,3102.67899669707,14.017,13.967,17.52,65.746,10.53,10.534
20241114194330.9,3103.21099944413,14.013,13.983,17.496,63.36,10.526,10.546
20241114194331.5,3103.74199636281,14.051,13.997,17.595,58.951,10.514,10.544
20241114194332,3104.26900014281,14.043,13.995,17.583,58.161,10.512,10.561
20241114194332.5,3104.80100288987,14.051,14.017,17.678,57.037,10.524,10.54
20241114194333.1,3105.33199980855,14.033,13.975,17.72,59.505,10.524,10.548
20241114194333.6,3105.85099719465,14.017,13.963,17.698,57.704,10.52,10.548
20241114194334.1,3106.37899674475,13.979,13.938,17.532,54.858,10.524,10.55
20241114194334.6,3106.9019973278,13.983,13.902,17.453,52.964,10.52,10.561
20241114194335.2,3107.43299424648,13.94,13.928,17.379,51.014,10.542,10.546
20241114194335.7,3107.94899426401,13.956,14.011,17.284,49.801,10.54,10.536
20241114194336.2,3108.48000124097,14.007,14.053,17.217,48.72,10.512,10.548
20241114194336.7,3109.01099815965,14.027,14.066,17.27,48.102,10.528,10.554
20241114194337.3,3109.54300090671,14.005,14.059,17.352,48.81,10.518,10.534
20241114194337.8,3110.06999462843,13.958,14.07,17.363,49.855,10.524,10.559
20241114194338.3,3110.60100160539,14.019,14.039,17.389,51.497,10.522,10.538
20241114194338.9,3111.14399805665,14.021,14.025,17.385,50.331,10.526,10.534
20241114194339.4,3111.67899817228,13.999,14.06,17.354,49.987,10.528,10.53
20241114194339.9,3112.19499818981,14.003,14.037,17.296,52,10.51,10.554
20241114194340.4,3112.72599510849,14.007,14.045,17.274,51.307,10.542,10.55
20241114194341,3113.25799785554,14.031,14.041,17.32,51.593,10.534,10.552
20241114194341.5,3113.78899477422,13.995,14.037,17.344,51.779,10.51,10.55
20241114194342,3114.32000175118,13.985,14.033,17.397,67.255,10.522,10.538
20241114194342.6,3114.83999490738,14.019,14.009,17.375,63.721,10.5,10.532
20241114194343.1,3115.36299549043,14.005,14.009,17.316,61.389,10.532,10.544
20241114194343.6,3115.89400246739,14.049,14.023,17.179,61.358,10.52,10.55
20241114194344.1,3116.42599515617,14.078,14.025,17.114,60.522,10.53,10.552
20241114194344.7,3116.9609952718,14.067,13.987,17.106,58.508,10.52,10.546
20241114194345.2,3117.49599538743,14.07,13.962,17.158,57.154,10.54,10.55
20241114194345.7,3118.02299916744,14.069,13.983,17.255,58.22,10.532,10.532
20241114194346.3,3118.55099871755,14.065,14.059,17.332,56.323,10.528,10.555
20241114194346.8,3119.08199563622,14.124,14.156,17.435,53.895,10.542,10.536
20241114194347.3,3119.60899941623,14.193,14.191,17.494,52.583,10.522,10.563
20241114194347.9,3120.13299576938,14.253,14.215,17.514,52.186,10.555,10.567
20241114194348.4,3120.64800001681,14.292,14.284,17.548,70.051,10.534,10.559
20241114194348.9,3121.16800323129,14.36,14.352,17.587,69.88,10.528,10.575
20241114194349.4,3121.68299742043,14.35,14.429,17.469,68.402,10.526,10.546
20241114194349.9,3122.21500016749,14.356,14.403,17.308,64.091,10.532,10.536
20241114194350.5,3122.74599708617,14.356,14.338,17.213,67.2,10.536,10.561
20241114194351,3123.27699400485,14.326,14.314,17.213,62.768,10.546,10.548
20241114194351.5,3123.81199412048,14.282,14.191,17.278,97.67,10.526,10.561
20241114194352.1,3124.34699423611,14.243,14.148,17.292,87.111,10.512,10.552
20241114194352.6,3124.87899698317,14.201,14.12,17.223,76.359,10.524,10.563
20241114194353.1,3125.42599663138,14.171,14.104,17.132,68.616,10.538,10.559
20241114194353.7,3125.95700360835,14.132,14.082,17.166,64.515,10.528,10.559
20241114194354.2,3126.47600099444,14.13,14.096,17.366,61.515,10.526,10.55
20241114194354.7,3127.01100111008,14.175,14.166,17.645,60.056,10.53,10.546
20241114194355.3,3127.53900066018,14.175,14.189,17.615,57.046,10.538,10.546
20241114194355.8,3128.06200124323,14.203,14.193,17.53,54.658,10.516,10.546
20241114194356.3,3128.59000079334,14.235,14.173,17.546,52.851,10.532,10.552
20241114194356.8,3129.12500090897,14.237,14.179,17.437,51.647,10.53,10.569
20241114194357.4,3129.65199463069,14.233,14.161,17.623,52.401,10.526,10.542
20241114194357.9,3130.18300160766,14.207,14.086,17.659,51.984,10.522,10.544
20241114194358.4,3130.71499429643,14.124,14.033,17.558,55.153,10.534,10.526
20241114194359,3131.24600127339,14.084,14.011,17.512,53.267,10.528,10.54
20241114194359.5,3131.77699819207,14.076,14.003,17.522,58.153,10.512,10.55
20241114194400,3132.30400197208,14.049,14.019,17.494,57.959,10.514,10.526
20241114194400.6,3132.83999785781,14.078,14.031,17.633,57.447,10.516,10.534
20241114194401.1,3133.37499797344,14.049,14.052,17.676,60.399,10.512,10.542
20241114194401.7,3134.01899971068,14.066,14.084,17.581,56.373,10.528,10.552
20241114194402.3,3134.55100245774,14.106,14.142,17.52,59.504,10.53,10.54
20241114194402.8,3135.08199937642,14.041,14.098,17.482,59.258,10.528,10.532
20241114194403.3,3135.60099676251,14.029,14.037,17.706,58.318,10.524,10.552
20241114194403.9,3136.13299950957,14.035,14.037,17.866,56.972,10.512,10.546
20241114194404.4,3136.65199689567,14.053,14.07,17.768,55.823,10.52,10.561
20241114194404.9,3137.1869970113,14.074,14.053,17.829,55.205,10.522,10.555
20241114194405.4,3137.71899975836,14.09,14.072,17.912,54.012,10.532,10.555
20241114194406,3138.24999667704,14.122,14.092,18.031,53.091,10.542,10.542
20241114194406.5,3138.76500092447,14.166,14.11,17.908,54.948,10.518,10.555
20241114194407,3139.3009968102,14.209,14.144,17.876,54.672,10.532,10.552
20241114194407.5,3139.8199941963,14.235,14.185,17.954,54.867,10.528,10.559
20241114194408.1,3140.35100117326,14.263,14.201,17.888,55.213,10.52,10.55
20241114194408.6,3140.88299386203,14.271,14.217,17.742,53.448,10.546,10.548
20241114194409.1,3141.42199717462,14.286,14.267,17.595,54.927,10.534,10.532
20241114194409.7,3141.9529940933,14.308,14.32,17.492,63.78,10.538,10.538
20241114194410.2,3142.46899411082,14.322,14.29,17.437,59.878,10.534,10.552
20241114194410.7,3142.98399835825,14.31,14.292,17.564,57.743,10.536,10.579
20241114194411.2,3143.51899847388,14.185,14.207,17.558,54.419,10.516,10.551
20241114194411.8,3144.04699802399,14.082,14.116,17.51,53.222,10.536,10.575
20241114194412.3,3144.56200227141,13.993,14.051,17.461,52.054,10.516,10.565
20241114194412.8,3145.09000182152,13.981,14.063,17.635,52.311,10.538,10.555
20241114194413.3,3145.60499601066,13.999,14.057,17.447,53.367,10.542,10.571
20241114194413.9,3146.13600298762,14.009,14.037,17.32,51.413,10.518,10.55
20241114194414.4,3146.65200300515,13.989,14.045,17.239,50.248,10.524,10.567
20241114194414.9,3147.17899672687,14.007,14.092,17.197,48.846,10.53,10.559
20241114194415.4,3147.71099947393,14.051,14.069,17.102,50.39,10.536,10.544
20241114194416,3148.24199639261,14.061,14.061,17.166,56.866,10.518,10.561
20241114194416.5,3148.76900017262,14.055,14.098,17.251,56.266,10.528,10.567
20241114194417,3149.30100291967,14.043,14.13,17.229,54.043,10.506,10.538
20241114194417.6,3149.83199983835,14.098,14.237,17.302,57.566,10.526,10.559
20241114194418.1,3150.36299675703,14.181,14.259,17.235,58.93,10.528,10.559
20241114194418.6,3150.89399367571,14.171,14.193,17.273,57.223,10.54,10.534
20241114194419.1,3151.41399689019,14.124,14.156,17.308,55.282,10.54,10.548
20241114194419.7,3151.95300020278,14.138,14.126,17.35,53.087,10.532,10.544
20241114194420.2,3152.4799939245,14.11,14.096,17.447,51.892,10.524,10.534
20241114194420.7,3153.01100090146,14.078,14.072,17.354,51.181,10.532,10.54
20241114194421.3,3153.53900045156,14.072,14.106,17.28,51.768,10.518,10.546
20241114194421.8,3154.06599417329,14.106,14.118,17.282,51.488,10.538,10.569
20241114194422.3,3154.59700115025,14.027,13.989,17.302,51.771,10.526,10.571
20241114194422.8,3155.12899383903,13.995,13.973,17.292,51.61,10.524,10.561
20241114194423.4,3155.66000081599,13.93,13.92,17.255,53.287,10.53,10.548
20241114194423.9,3156.17600083351,13.946,13.912,17.237,58.79,10.534,10.575
20241114194424.4,3156.71100094914,13.912,13.888,17.225,56.325,10.538,10.557
20241114194425,3157.23799467087,13.874,13.869,17.223,63.431,10.524,10.54
20241114194425.5,3157.76900164783,13.884,13.839,17.277,61.774,10.52,10.555
20241114194426,3158.30099433661,13.817,13.787,17.286,59.041,10.528,10.546
20241114194426.5,3158.82799811661,13.811,13.793,17.261,56.839,10.508,10.563
20241114194427.1,3159.35899503529,13.821,13.835,17.243,54.723,10.504,10.55
20241114194427.6,3159.89000201225,13.86,13.866,17.278,53.55,10.51,10.55
20241114194428.2,3160.43299846351,13.894,13.878,17.443,64.24,10.504,10.561
20241114194428.7,3160.96500121057,13.87,13.874,17.439,61.824,10.522,10.536
20241114194429.2,3161.49599812925,13.886,13.89,17.362,57.835,10.498,10.544
20241114194429.8,3162.04299777746,13.864,13.795,17.278,54.934,10.52,10.538
20241114194430.3,3162.5779978931,13.831,13.789,17.308,52.143,10.52,10.534
20241114194430.8,3163.10899481177,13.817,13.807,17.266,52.08,10.502,10.546
20241114194431.4,3163.64399492741,13.839,13.835,17.076,50.302,10.518,10.532
20241114194431.9,3164.17899504304,13.819,13.817,17.118,50.348,10.5,10.552
20241114194432.4,3164.69899825752,13.896,13.856,17.167,51.025,10.518,10.518
20241114194432.9,3165.219001472,13.904,13.898,17.203,49.834,10.51,10.538
20241114194433.5,3165.75400158763,13.936,13.953,17.183,50.914,10.504,10.548
20241114194434,3166.28499850631,13.961,14.005,17.328,50.434,10.516,10.56
20241114194434.5,3166.81599542499,13.997,14.047,17.383,49.947,10.514,10.534
20241114194435.1,3167.34700240195,14.062,14.082,17.399,49.389,10.506,10.536
20241114194435.6,3167.87899509072,14.128,14.185,17.332,48.925,10.518,10.552
20241114194436.1,3168.41000206769,14.213,14.189,17.32,64.854,10.504,10.53
20241114194436.7,3169.01499778032,14.197,14.157,17.294,60.434,10.518,10.544
20241114194437.3,3169.55400109291,14.149,14.074,17.245,57.313,10.514,10.522
20241114194437.8,3170.10100074112,14.13,14.08,17.3,55.652,10.516,10.548
20241114194438.4,3170.63300348818,14.096,14.035,17.29,55.717,10.53,10.544
20241114194438.9,3171.15999720991,14.074,14.027,17.286,59.974,10.538,10.544
20241114194439.4,3171.69099412858,14.07,14.031,17.478,59.881,10.514,10.554
20241114194439.9,3172.22999744117,14.068,14.045,17.627,58.823,10.532,10.559
20241114194440.5,3172.77699708939,14.076,14.043,17.585,56.927,10.512,10.548
20241114194441,3173.30799400806,14.051,14.005,17.558,55.869,10.534,10.542
20241114194441.6,3173.83999675512,14.092,14.017,17.629,57.144,10.528,10.559
20241114194442.1,3174.3709936738,14.072,14.019,17.577,63.398,10.534,10.552
20241114194442.6,3174.90200065076,14.092,13.979,17.817,60.751,10.514,10.573
20241114194443.2,3175.43299756944,14.041,13.991,17.833,57.131,10.522,10.565
20241114194443.7,3175.96900351346,14.086,14.086,17.676,56.174,10.526,10.555
20241114194444.2,3176.51499733329,14.067,13.989,17.548,55.055,10.524,10.559
20241114194444.8,3177.04700008035,13.983,13.918,17.425,53.893,10.536,10.577
20241114194445.3,3177.58200019598,13.95,13.91,17.482,54.681,10.528,10.569
20241114194445.8,3178.11700031161,13.948,13.914,17.482,54.167,10.54,10.577
20241114194446.4,3178.64000089467,13.956,13.914,17.469,52.614,10.53,10.567
20241114194446.9,3179.17199358344,13.964,13.948,17.502,51.748,10.534,10.559
20241114194447.4,3179.69499416649,14.003,13.999,17.53,50.59,10.526,10.565
20241114194447.9,3180.22999428213,14.069,14.073,17.576,49.915,10.546,10.569
20241114194448.5,3180.77699393034,14.114,14.166,17.576,50.032,10.544,10.565
20241114194449,3181.29699714482,14.221,14.235,17.659,50.049,10.524,10.575
20241114194449.5,3181.8279940635,14.217,14.235,17.568,50.235,10.538,10.557
20241114194450.1,3182.35900104046,14.207,14.247,17.712,50.062,10.542,10.559
20241114194450.6,3182.88999795914,14.235,14.249,17.657,51.121,10.524,10.544
20241114194451.1,3183.40599797666,14.239,14.237,17.629,50.243,10.528,10.552
20241114194451.7,3183.93699489534,14.215,14.229,17.825,49.813,10.532,10.581
20241114194452.2,3184.45299491286,14.245,14.276,17.91,49.596,10.53,10.561
20241114194452.7,3184.9879950285,14.243,14.28,17.732,49.99,10.55,10.573
20241114194453.2,3185.50399504602,14.217,14.251,17.587,50.456,10.532,10.552
20241114194453.7,3186.0230024904,14.223,14.237,17.55,50.461,10.534,10.542
20241114194454.3,3186.55100204051,14.243,14.302,17.575,49.941,10.524,10.565
20241114194454.8,3187.08199895918,14.286,14.326,17.597,49.694,10.534,10.524
20241114194455.3,3187.62100227177,14.352,14.441,17.482,49.36,10.526,10.577
20241114194455.9,3188.15199919045,14.423,14.427,17.538,48.908,10.534,10.546
20241114194456.4,3188.69899883866,14.413,14.385,17.659,49.427,10.524,10.575
20241114194457,3189.2339989543,14.395,14.28,17.567,49.086,10.524,10.561
20241114194457.5,3189.76499587297,14.352,14.197,17.589,48.693,10.528,10.544
20241114194458,3190.30100181699,14.262,14.163,17.274,49.527,10.522,10.573
20241114194458.5,3190.82799553871,14.197,14.132,17.156,50.933,10.51,10.546
20241114194459.1,3191.35900251567,14.181,14.12,17.296,49.92,10.514,10.548
20241114194459.6,3191.8859962374,14.13,14.108,17.294,49.399,10.508,10.548
20241114194500.1,3192.41799898446,14.124,14.106,17.245,48.282,10.53,10.569
20241114194500.7,3192.96099543571,14.114,14.082,17.169,47.098,10.498,10.54
20241114194501.2,3193.4999987483,14.169,14.1,17.086,46.695,10.508,10.532
20241114194501.8,3194.03499886394,14.227,14.138,17.146,46.594,10.498,10.548
20241114194502.3,3194.58199851215,14.256,14.199,17.221,46.319,10.51,10.538
20241114194502.8,3195.11299543083,14.243,14.199,17.235,48.534,10.508,10.554
20241114194503.4,3195.64400240779,14.219,14.201,17.045,48.675,10.522,10.54
20241114194503.9,3196.18299566209,14.239,14.259,17.247,49.239,10.522,10.565
20241114194504.4,3196.72999531031,14.29,14.308,17.401,51.206,10.514,10.548
20241114194505,3197.26100228727,14.338,14.34,17.352,50.534,10.506,10.536
20241114194505.5,3197.78099544346,14.419,14.381,17.447,58.821,10.502,10.542
20241114194506,3198.32799509168,14.429,14.379,17.738,55.932,10.516,10.532
20241114194506.6,3198.86699840426,14.443,14.385,17.571,56.695,10.502,10.54
20241114194507.1,3199.39799532294,14.411,14.381,17.516,56.248,10.512,10.536
20241114194507.7,3199.93299543858,14.397,14.276,17.411,59.139,10.508,10.544
20241114194508.2,3200.46499818563,14.288,14.211,17.243,69.763,10.496,10.542
20241114194508.7,3200.99599510431,14.258,14.213,17.219,64.751,10.516,10.532
20241114194509.2,3201.52299888432,14.217,14.132,17.157,60.33,10.53,10.542
20241114194509.8,3202.0430020988,14.181,14.149,16.999,56.124,10.508,10.528
20241114194510.3,3202.57800221443,14.217,14.187,16.985,54.019,10.502,10.536
20241114194510.8,3203.10899913311,14.262,14.227,16.973,53.083,10.51,10.554
20241114194511.4,3203.64399924874,14.272,14.249,16.959,51.248,10.524,10.54
20241114194511.9,3204.19500209391,14.264,14.243,17.054,51.205,10.512,10.542
20241114194512.4,3204.71899844706,14.276,14.276,16.868,52.527,10.508,10.522
20241114194513,3205.24600222707,14.276,14.306,16.952,51.781,10.508,10.536
20241114194513.5,3205.77699914575,14.304,14.328,16.964,50.087,10.52,10.534
20241114194514,3206.30400292575,14.316,14.367,16.864,49.941,10.508,10.554
20241114194514.6,3206.85499571264,14.401,14.409,16.801,51.192,10.508,10.559
20241114194515.1,3207.37900212407,14.453,14.421,16.726,50.446,10.54,10.55
20241114194515.6,3207.90599584579,14.46,14.478,16.678,59.137,10.518,10.554
20241114194516.2,3208.4329996258,14.464,14.516,16.639,62.765,10.512,10.556
20241114194516.7,3208.96899551153,14.492,14.5,16.633,58.19,10.522,10.561
20241114194517.2,3209.50000248849,14.488,14.5,16.676,56.889,10.532,10.548
20241114194517.8,3210.03099940717,14.534,14.51,16.975,54.048,10.514,10.581
20241114194518.3,3210.55800318718,14.55,14.516,16.916,52.121,10.514,10.544
20241114194518.8,3211.08999587595,14.558,14.496,17.017,51.261,10.52,10.548
20241114194519.3,3211.62100285292,14.504,14.469,17.189,49.752,10.534,10.561
20241114194519.9,3212.1519997716,14.506,14.472,17.11,48.348,10.526,10.581
20241114194520.4,3212.68299669027,14.498,14.447,17.203,48.006,10.522,10.573
20241114194520.9,3213.21499943733,14.479,14.443,17.108,47.981,10.546,10.587
20241114194521.5,3213.74200321734,14.52,14.445,16.999,47.198,10.551,10.567
20241114194522,3214.27700333297,14.585,14.514,16.991,47.408,10.522,10.555
20241114194522.5,3214.80800025165,14.677,14.599,16.954,47.858,10.528,10.573
20241114194523.1,3215.34000299871,14.734,14.665,16.888,47.771,10.538,10.565
20241114194523.6,3215.87099991739,14.74,14.694,16.964,47.377,10.546,10.553
20241114194524.1,3216.40199683607,14.736,14.696,16.861,47.379,10.532,10.579
20241114194524.7,3216.93299375474,14.708,14.681,16.835,46.844,10.538,10.577
20241114194525.2,3217.46899969876,14.75,14.684,16.92,47.22,10.532,10.573
20241114194525.7,3217.99999661744,14.774,14.712,17.001,48.549,10.54,10.553
20241114194526.2,3218.52700039744,14.758,14.7,17.033,48.417,10.553,10.567
20241114194526.8,3219.06599365175,14.718,14.637,17.041,49.552,10.542,10.544
20241114194527.3,3219.59400326014,14.684,14.641,17.001,49.926,10.528,10.567
20241114194527.8,3220.12099698186,14.651,14.564,16.841,49.405,10.544,10.561
20241114194528.4,3220.65199390054,14.585,14.55,16.69,48.28,10.542,10.573
20241114194528.9,3221.1830008775,14.538,14.512,16.706,46.904,10.538,10.557
20241114194529.4,3221.71500362456,14.463,14.449,16.657,46.275,10.514,10.557
20241114194530,3222.24999368191,14.403,14.411,16.805,45.117,10.54,10.55
20241114194530.5,3222.77699746192,14.336,14.364,16.692,44.701,10.538,10.559
20241114194531,3223.30400124192,14.326,14.31,16.912,44.988,10.524,10.548
20241114194531.6,3223.83999712765,14.253,14.223,16.916,46.995,10.55,10.555
20241114194532.1,3224.37099404633,14.241,14.203,16.977,52.347,10.528,10.552
20241114194532.6,3224.90200102329,14.175,14.132,17.076,52.734,10.52,10.53
20241114194533.1,3225.42899474502,13.987,14.025,17.035,54.804,10.522,10.569
20241114194533.7,3225.96500068903,13.944,13.973,16.855,55.165,10.53,10.563
20241114194534.2,3226.49199441075,13.819,13.922,16.748,59.166,10.528,10.559
20241114194534.7,3227.01100185513,13.785,13.857,16.716,55.702,10.52,10.546
20241114194535.3,3227.54299454391,13.7,13.821,16.795,53.016,10.544,10.546
20241114194535.8,3228.08600105345,13.647,13.688,16.884,51.86,10.542,10.55
20241114194536.3,3228.61699797213,13.785,13.754,16.863,51.069,10.516,10.548
20241114194536.9,3229.14799489081,13.862,13.819,16.837,50.172,10.522,10.548
20241114194537.4,3229.67900186777,13.936,13.89,16.769,51.652,10.526,10.536
20241114194537.9,3230.20700141788,13.958,13.922,16.758,50.398,10.522,10.554
20241114194538.5,3230.73799833655,13.995,13.932,16.853,50.296,10.506,10.561
20241114194539,3231.26500211656,14.025,13.993,16.985,49.991,10.524,10.559
20241114194539.5,3231.79699480534,14.106,14.013,16.872,49.47,10.53,10.532
20241114194540,3232.3280017823,14.179,14.088,16.821,49.711,10.516,10.538
20241114194540.6,3232.85899870098,14.27,14.152,16.835,49.051,10.52,10.55
20241114194541.1,3233.39399881661,14.352,14.292,16.762,48.637,10.524,10.542
20241114194541.6,3233.92600156367,14.464,14.389,16.736,49.237,10.516,10.546
20241114194542.2,3234.44499894977,14.546,14.467,16.736,50.396,10.52,10.567
20241114194542.7,3234.99600179493,14.601,14.56,16.738,49.028,10.538,10.557
20241114194543.2,3235.52299551666,14.528,14.577,16.795,55.667,10.548,10.559
20241114194543.8,3236.05400249362,14.447,14.486,17.013,53.532,10.524,10.55
20241114194544.3,3236.58599518239,14.427,14.453,17.049,51.722,10.536,10.559
20241114194544.8,3237.11700215936,14.459,14.494,16.936,50.732,10.51,10.542
20241114194545.4,3237.65200227499,14.459,14.486,16.857,53.16,10.538,10.557
20241114194545.9,3238.17899599671,14.441,14.459,16.875,51.15,10.528,10.561
20241114194546.4,3238.71099874377,14.461,14.474,16.94,49.679,10.532,10.555
20241114194547,3239.24599885941,14.484,14.469,16.845,50.018,10.528,10.555
20241114194547.5,3239.77300263941,14.401,14.397,16.774,48.996,10.538,10.563
20241114194548,3240.30399955809,14.421,14.417,16.694,48.261,10.528,10.563
20241114194548.5,3240.82400277257,14.38,14.391,16.591,47.63,10.526,10.575
20241114194549.1,3241.35099649429,14.336,14.381,16.544,46.564,10.528,10.579
20241114194549.6,3241.89799614251,14.193,14.217,16.546,46.182,10.548,10.577
20241114194550.1,3242.42900311947,14.195,14.197,16.538,46.087,10.538,10.565
20241114194550.7,3242.9649990052,14.241,14.247,16.681,124.265,10.536,10.585
20241114194551.2,3243.49200278521,14.243,14.29,16.643,93.817,10.538,10.563
20241114194551.7,3244.02299970388,14.211,14.243,16.5,75.108,10.542,10.551
20241114194552.3,3244.5699993521,14.168,14.193,16.455,63.992,10.518,10.581
20241114194552.8,3245.10099627078,14.16,14.183,16.475,57.338,10.544,10.559
20241114194553.4,3245.63599638641,14.172,14.205,16.528,52.539,10.551,10.565
20241114194553.9,3246.16399593651,14.235,14.239,16.589,49.199,10.534,10.55
20241114194554.4,3246.68300338089,14.306,14.366,16.647,47.991,10.52,10.563
20241114194554.9,3247.21499606967,14.316,14.397,16.659,47.545,10.52,10.552
20241114194555.5,3247.74199984968,14.334,14.407,16.752,48.28,10.524,10.571
20241114194556,3248.27699996531,14.322,14.379,16.898,47.357,10.524,10.557
20241114194556.5,3248.80799688399,14.302,14.36,17.154,47.344,10.538,10.559
20241114194557.1,3249.36699606478,14.324,14.377,17.023,48.438,10.53,10.548
20241114194557.6,3249.88600350916,14.308,14.344,16.968,49.97,10.526,10.555
20241114194558.1,3250.41799619794,14.257,14.316,16.873,50.977,10.532,10.575
20241114194558.7,3250.95299631357,14.239,14.288,16.843,51.737,10.528,10.557
20241114194559.2,3251.48400329053,14.274,14.312,16.74,52.084,10.518,10.573
20241114194559.7,3252.01099701226,14.249,14.314,16.718,51.279,10.526,10.565
20241114194600.3,3252.53499336541,14.225,14.265,16.718,53.812,10.538,10.559
20241114194600.8,3253.06600034237,14.221,14.253,16.673,51.641,10.534,10.559
20241114194601.3,3253.59699726105,14.205,14.235,16.607,49.802,10.514,10.565
20241114194601.8,3254.12900000811,14.213,14.229,16.708,47.998,10.53,10.561
20241114194602.4,3254.65999692678,14.249,14.259,16.926,47.156,10.532,10.561
20241114194602.9,3255.19099384546,14.272,14.282,17.179,46.627,10.52,10.561
20241114194603.4,3255.72200082242,14.294,14.282,17.267,46.089,10.532,10.557
20241114194604,3256.25799670815,14.358,14.326,16.995,46.349,10.542,10.55
20241114194604.5,3256.78899362683,14.379,14.338,16.785,47.084,10.546,10.563
20241114194605,3257.31599740684,14.373,14.352,16.728,47.169,10.522,10.55
20241114194605.6,3257.84699432552,14.32,14.322,16.74,46.497,10.502,10.559
20241114194606.1,3258.37899707258,14.352,14.336,16.728,50.431,10.522,10.556
20241114194606.6,3258.90199765563,14.383,14.366,16.566,49.527,10.518,10.552
20241114194607.2,3259.43299457431,14.425,14.417,16.451,48.044,10.514,10.559
20241114194607.7,3259.96900051832,14.411,14.401,16.33,47.253,10.532,10.546
20241114194608.2,3260.50400063396,14.399,14.389,16.255,46.112,10.524,10.55
20241114194608.7,3261.02299802005,14.383,14.366,16.492,45.03,10.526,10.544
20241114194609.3,3261.55099757016,14.29,14.304,16.575,43.849,10.536,10.555
20241114194609.8,3262.08199448884,14.156,14.181,16.538,43.358,10.538,10.538
20241114194610.3,3262.6130014658,14.035,14.088,16.573,42.901,10.518,10.573
20241114194610.9,3263.14399838448,13.918,13.975,16.774,44.6,10.524,10.548
20241114194611.4,3263.67600113153,13.88,13.964,16.795,44.496,10.54,10.555
20241114194611.9,3264.22199495137,13.847,13.928,16.835,45.855,10.522,10.544
20241114194612.5,3264.75800089538,13.829,13.88,16.744,45.094,10.508,10.552
20241114194613,3265.28899781406,13.914,13.932,16.706,45.028,10.524,10.565
20241114194613.5,3265.81999473274,13.862,13.88,16.762,45.921,10.528,10.544
20241114194614.1,3266.3510017097,13.819,13.862,16.758,46.598,10.516,10.542
20241114194614.6,3266.88600182533,13.813,13.851,16.684,46.376,10.508,10.565
20241114194615.1,3267.42199771106,13.781,13.847,16.635,45.917,10.51,10.54
20241114194615.7,3267.95299462974,13.801,13.841,16.702,46.652,10.524,10.534
20241114194616.2,3268.4840016067,13.823,13.87,16.757,46.025,10.51,10.558
20241114194616.7,3269.01900172234,13.765,13.817,16.872,45.094,10.5,10.56
20241114194617.3,3269.55400183797,13.746,13.785,16.955,45.75,10.496,10.546
20241114194617.8,3270.07399499416,13.712,13.757,16.997,45.698,10.514,10.558
20241114194618.3,3270.60500197113,13.73,13.755,17.136,46.387,10.514,10.536
20241114194618.9,3271.1359988898,13.761,13.771,17.167,47.022,10.526,10.562
20241114194619.4,3271.67899534106,13.797,13.805,17.211,46.888,10.508,10.54
20241114194619.9,3272.21500128508,13.841,13.817,17.159,47.492,10.512,10.532
20241114194620.5,3272.74599820375,13.892,13.835,17.027,48.827,10.512,10.548
20241114194621,3273.27300198376,13.918,13.89,16.872,48.762,10.52,10.546
20241114194621.5,3273.80399890244,14.001,13.946,16.807,49.711,10.524,10.54
20241114194622.1,3274.3360016495,14.066,13.985,16.633,49.957,10.5,10.53
20241114194622.6,3274.86699856818,14.13,14.035,16.482,50.805,10.512,10.559
20241114194623.1,3275.39799548686,14.136,14.102,16.645,53.714,10.528,10.569
20241114194623.7,3275.93299560249,14.161,14.15,16.777,52.872,10.526,10.544
20241114194624.2,3276.45299881697,14.209,14.227,16.726,51.28,10.526,10.552
20241114194624.7,3276.98399573565,14.267,14.284,16.746,50.837,10.542,10.571
20241114194625.2,3277.51500271261,14.288,14.336,16.708,50.851,10.536,10.567
20241114194625.8,3278.05799916387,14.308,14.286,16.55,50.67,10.53,10.559
20241114194626.3,3278.5939950496,14.326,14.282,16.52,48.689,10.516,10.544
20241114194626.9,3279.13999892771,14.342,14.304,16.476,52.88,10.536,10.581
20241114194627.4,3279.67200167477,14.276,14.253,16.57,54.936,10.52,10.552
20241114194627.9,3280.20299859345,14.207,14.191,16.465,53.809,10.528,10.577
20241114194628.5,3280.73399551213,14.142,14.154,16.433,53.193,10.548,10.577
20241114194629,3281.26500248909,14.185,14.154,16.474,52.295,10.52,10.569
20241114194629.5,3281.79699517787,14.15,14.082,16.459,52.497,10.53,10.561
20241114194630.1,3282.34399482608,14.1,14.037,16.498,51.19,10.54,10.561
20241114194630.6,3282.89400190115,14.09,14.076,16.552,50.741,10.522,10.548
20241114194631.2,3283.44100154936,14.098,14.11,16.546,50.659,10.536,10.575
20241114194631.7,3283.976001665,14.118,14.124,16.476,49.228,10.54,10.557
20241114194632.2,3284.5149949193,14.122,14.173,16.421,48.645,10.542,10.559
20241114194632.8,3285.05100086331,14.154,14.175,16.368,47.715,10.526,10.565
20241114194633.3,3285.58199778199,14.171,14.187,16.332,47.814,10.526,10.567
20241114194633.8,3286.11699789762,14.197,14.243,16.379,49.562,10.516,10.563
20241114194634.4,3286.64400167763,14.247,14.292,16.34,48.91,10.52,10.565
20241114194634.9,3287.17900179327,14.278,14.358,16.318,49.238,10.538,10.55
20241114194635.4,3287.714997679,14.334,14.413,16.35,48.583,10.522,10.559
20241114194636,3288.242001459,14.375,14.472,16.437,50.275,10.53,10.571
20241114194636.5,3288.77299837768,14.427,14.492,16.457,49.798,10.524,10.555
20241114194637,3289.31999802589,14.419,14.5,16.49,48.829,10.534,10.555
20241114194637.6,3289.8470018059,14.421,14.472,16.484,48.608,10.542,10.55
20241114194638.1,3290.37899449468,14.397,14.423,16.611,48.436,10.548,10.536
20241114194638.6,3290.92200100422,14.352,14.354,16.964,49.099,10.536,10.55
20241114194639.2,3291.44899472594,14.33,14.362,16.975,51.3,10.542,10.559
20241114194639.7,3291.99599437416,14.276,14.247,16.886,52.057,10.528,10.565
20241114194640.2,3292.52299815416,14.219,14.181,16.851,51.507,10.524,10.567
20241114194640.8,3293.05399507284,14.187,14.116,16.726,49.991,10.514,10.546
20241114194641.3,3293.59000101686,14.16,14.049,16.752,50.003,10.532,10.565
20241114194641.8,3294.11699473858,14.092,14.021,16.71,50.231,10.536,10.536
20241114194642.4,3294.66399438679,14.07,13.95,16.552,53.53,10.528,10.552
20241114194642.9,3295.19899450243,14.029,13.954,16.417,51.827,10.536,10.579
20241114194643.5,3295.74200101197,14.031,13.961,16.342,49.5,10.504,10.561
20241114194644,3296.27299793065,13.983,13.948,16.314,48.447,10.524,10.554
20241114194644.5,3296.8159943819,13.979,13.952,16.441,47.738,10.516,10.559
20241114194645.1,3297.34700135887,13.993,13.957,16.583,47.351,10.52,10.558
20241114194645.6,3297.87899404764,13.989,13.965,16.443,48.217,10.506,10.538
20241114194646.1,3298.4100010246,13.973,13.987,16.29,48.108,10.504,10.556
20241114194646.7,3298.94500114024,14.005,13.997,16.346,48.276,10.508,10.552
20241114194647.2,3299.47199486196,14.029,13.989,16.46,47.723,10.516,10.558
20241114194647.7,3300.00399760902,14.017,14.017,16.433,47.744,10.518,10.558
20241114194648.3,3300.5349945277,14.047,14.05,16.47,48.05,10.516,10.528
20241114194648.8,3301.06600150466,14.031,14.082,16.603,47.427,10.524,10.55
20241114194649.3,3301.59400105476,14.078,14.12,16.627,47.305,10.516,10.558
20241114194649.9,3302.1399948746,14.122,14.148,16.625,47.398,10.538,10.546
20241114194650.4,3302.6679944247,14.136,14.199,16.676,48.159,10.52,10.546
20241114194650.9,3303.20699773729,14.181,14.151,16.651,50.567,10.514,10.544
20241114194651.5,3303.7539973855,14.144,14.118,16.779,52.218,10.52,10.538
20241114194652,3304.28499430418,14.183,14.177,16.797,51.787,10.506,10.556
20241114194652.5,3304.82800081372,14.181,14.116,16.74,52.554,10.5,10.544
20241114194653.1,3305.35499453545,14.126,14.038,16.698,51.067,10.516,10.544
20241114194653.6,3305.89800104499,14.151,14.074,16.72,49.602,10.506,10.558
20241114194654.1,3306.42899796367,14.14,14.043,16.7,48.426,10.51,10.55
20241114194654.7,3306.96100071073,14.13,14.056,16.652,47.488,10.492,10.55
20241114194655.2,3307.4919976294,14.139,14.096,16.595,46.714,10.506,10.544
20241114194655.7,3308.02299454808,14.169,14.007,16.522,46.441,10.506,10.542
20241114194656.3,3308.55099409819,14.08,13.924,16.676,46.584,10.514,10.538
20241114194656.8,3309.08599421382,14.08,13.942,16.615,46.193,10.52,10.562
20241114194657.3,3309.61700119078,14.078,13.979,16.587,47.727,10.54,10.552
20241114194657.9,3310.15200130641,14.082,13.977,16.641,49.395,10.518,10.556
20241114194658.4,3310.7029940933,14.094,14.001,16.605,49.56,10.528,10.558
20241114194659,3311.24999374151,14.098,13.987,16.593,51.355,10.504,10.546
20241114194659.5,3311.78499385715,14.066,13.965,16.55,51.094,10.51,10.554
20241114194700,3312.32800036669,14.039,13.957,16.458,50.659,10.518,10.56
20241114194700.6,3312.85899728537,14.052,13.961,16.397,50.214,10.494,10.562
20241114194701.1,3313.38600106537,14.062,13.938,16.381,48.948,10.538,10.558
20241114194701.6,3313.91799375415,14.023,13.922,16.385,48.769,10.518,10.548
20241114194702.2,3314.44900073111,13.979,13.872,16.348,48.485,10.538,10.548
20241114194702.7,3314.97999764979,13.936,13.85,16.306,47.57,10.516,10.55
20241114194703.2,3315.51499776542,13.908,13.835,16.215,46.61,10.514,10.542
20241114194703.8,3316.04700051248,13.902,13.833,16.221,45.89,10.496,10.567
20241114194704.3,3316.5739942342,13.88,13.769,16.308,46.41,10.522,10.556
20241114194704.8,3317.10500121117,13.803,13.73,16.334,46.73,10.506,10.536
20241114194705.4,3317.65999719501,13.777,13.714,16.512,46.991,10.506,10.552
20241114194705.9,3318.20299364626,13.742,13.696,16.441,47.092,10.53,10.556
20241114194706.4,3318.72999742627,13.736,13.684,16.348,46.639,10.524,10.579
20241114194707,3319.26900073886,13.734,13.742,16.36,46.496,10.532,10.561
20241114194707.5,3319.81199719012,13.825,13.853,16.375,47.067,10.536,10.546
20241114194708.2,3320.50399705768,13.94,13.958,16.548,47.427,10.522,10.559
20241114194708.8,3321.03499397635,13.979,14.019,16.603,46.819,10.53,10.567
20241114194709.5,3321.78099676967,14.06,14.1,16.732,46.122,10.532,10.548
20241114194710.1,3322.33999595046,14.102,14.106,16.985,46.323,10.512,10.544
20241114194710.6,3322.91400209069,14.13,14.11,16.987,46.722,10.514,10.542
20241114194711.2,3323.452995345,14.155,14.151,16.902,48.514,10.514,10.546
