20241115113303.4,0,14.586,13.637,13.689,13.516,10.321,10.347
20241115113304.2,0.832001119852066,14.61,13.657,13.679,13.532,10.323,10.347
20241115113304.7,1.3439979404211,14.602,13.653,13.701,13.526,10.337,10.355
20241115113305.2,1.84400528669357,14.619,13.641,13.689,13.526,10.319,10.339
20241115113305.7,2.31699608266354,14.603,13.651,13.669,13.51,10.325,10.339
20241115113306.2,2.83999666571617,14.6,13.665,13.687,13.51,10.304,10.337
20241115113306.7,3.29300165176392,14.629,13.663,13.693,13.518,10.325,10.351
20241115113307.1,3.73099967837334,14.625,13.657,13.687,13.528,10.323,10.341
20241115113307.6,4.16800193488598,14.639,13.645,13.699,13.522,10.331,10.353
20241115113308,4.61000315845013,14.609,13.659,13.679,13.526,10.314,10.357
20241115113308.4,5.04700541496277,14.629,13.667,13.683,13.53,10.314,10.337
20241115113308.9,5.48500344157219,14.619,13.659,13.689,13.51,10.319,10.339
20241115113309.3,5.9180025011301,14.627,13.681,13.695,13.522,10.337,10.343
20241115113309.8,6.35600052773952,14.621,13.671,13.689,13.536,10.319,10.327
20241115113310.2,6.80500231683254,14.631,13.691,13.695,13.522,10.335,10.333
20241115113310.6,7.24300034344196,14.663,13.687,13.716,13.524,10.329,10.327
20241115113311.1,7.68399573862553,14.647,13.683,13.695,13.506,10.325,10.355
20241115113311.5,8.13299752771854,14.639,13.7,13.699,13.54,10.323,10.319
20241115113312,8.57100561261177,14.641,13.687,13.708,13.522,10.327,10.345
20241115113312.4,9.00400467216969,14.627,13.699,13.708,13.548,10.333,10.339
20241115113312.8,9.44600589573383,14.631,13.712,13.693,13.526,10.329,10.351
20241115113313.3,9.88299809396267,14.645,13.697,13.7,13.542,10.327,10.355
20241115113313.7,10.3209961205721,14.641,13.7,13.704,13.524,10.323,10.357
20241115113314.2,10.7620015740395,14.629,13.712,13.7,13.552,10.335,10.337
20241115113314.6,11.1999996006489,14.637,13.71,13.708,13.54,10.321,10.349
20241115113315,11.6329986602068,14.641,13.71,13.712,13.552,10.329,10.341
20241115113315.5,12.0709966868162,14.613,13.718,13.726,13.556,10.319,10.343
20241115113315.9,12.5079989433289,14.637,13.714,13.712,13.552,10.335,10.337
20241115113316.4,12.950000166893,14.615,13.73,13.724,13.552,10.329,10.335
20241115113316.8,13.3829992264509,14.611,13.71,13.716,13.548,10.341,10.347
20241115113317.2,13.8209972530603,14.651,13.72,13.728,13.54,10.325,10.345
20241115113317.7,14.2539963126183,14.625,13.708,13.695,13.54,10.339,10.357
20241115113318.1,14.6959975361824,14.6,13.693,13.693,13.554,10.343,10.343
20241115113318.6,15.1490025222301,14.544,13.695,13.704,13.564,10.319,10.343
20241115113319,15.5899979174137,14.528,13.685,13.714,13.564,10.321,10.335
20241115113319.4,16.0279959440231,14.512,13.679,13.724,13.548,10.337,10.353
20241115113319.9,16.4649982005358,14.5,13.671,13.708,13.552,10.323,10.349
20241115113320.3,16.9029962271452,14.504,13.669,13.697,13.54,10.343,10.345
20241115113320.8,17.3639975488186,14.512,13.671,13.706,13.534,10.325,10.333
20241115113321.2,17.805003002286,14.504,13.677,13.706,13.532,10.321,10.333
20241115113321.7,18.2579979300499,14.483,13.661,13.697,13.546,10.333,10.345
20241115113322.1,18.7069997191429,14.465,13.665,13.693,13.532,10.327,10.333
20241115113322.5,19.1449977457523,14.477,13.659,13.689,13.522,10.339,10.357
20241115113323,19.582000002265,14.475,13.651,13.685,13.532,10.323,10.347
20241115113323.4,20.0199980288744,14.473,13.639,13.685,13.526,10.321,10.343
20241115113323.9,20.457000285387,14.457,13.641,13.661,13.522,10.325,10.339
20241115113324.3,20.9069978445768,14.437,13.637,13.697,13.532,10.325,10.339
20241115113324.7,21.3399969041348,14.427,13.649,13.683,13.54,10.321,10.331
20241115113325.2,21.7819981276989,14.437,13.641,13.681,13.52,10.314,10.341
20241115113325.6,22.2230035811663,14.443,13.625,13.679,13.53,10.329,10.339
20241115113326.1,22.6639989763498,14.431,13.635,13.683,13.528,10.323,10.353
20241115113326.5,23.106000199914,14.427,13.667,13.685,13.538,10.335,10.351
20241115113327,23.5629983246326,14.435,13.645,13.671,13.532,10.316,10.349
20241115113327.4,24.0079969167709,14.439,13.627,13.673,13.53,10.325,10.355
20241115113327.9,24.4499981403351,14.433,13.637,13.679,13.542,10.345,10.315
20241115113328.3,24.9030031263828,14.431,13.657,13.669,13.538,10.333,10.321
20241115113328.7,25.3360021859407,14.414,13.635,13.677,13.526,10.345,10.329
20241115113329.2,25.7780034095049,14.427,13.653,13.669,13.53,10.331,10.367
20241115113329.6,26.2270051985979,14.421,13.643,13.691,13.53,10.351,10.347
20241115113330.1,26.6610000282526,14.425,13.639,13.661,13.511,10.341,10.353
20241115113330.5,27.10200548172,14.408,13.633,13.677,13.542,10.327,10.365
20241115113330.9,27.5360003113747,14.402,13.633,13.669,13.532,10.335,10.353
20241115113331.4,27.9730025678873,14.404,13.623,13.659,13.518,10.335,10.345
20241115113331.8,28.4259974956512,14.392,13.629,13.675,13.506,10.331,10.345
20241115113332.3,28.8749992847443,14.388,13.619,13.655,13.524,10.325,10.351
20241115113332.7,29.3170005083084,14.378,13.609,13.657,13.512,10.345,10.341
20241115113333.2,29.7499995678663,14.378,13.625,13.661,13.504,10.339,10.339
20241115113333.6,30.1879975944757,14.38,13.613,13.673,13.544,10.345,10.355
20241115113334,30.6290030479431,14.374,13.617,13.651,13.51,10.353,10.337
20241115113334.5,31.0670010745525,14.38,13.631,13.657,13.506,10.319,10.335
20241115113334.9,31.5040033310652,14.352,13.635,13.663,13.528,10.325,10.345
20241115113335.3,31.9379981607199,14.346,13.635,13.675,13.532,10.325,10.333
20241115113335.8,32.3709972202778,14.362,13.598,13.651,13.508,10.329,10.341
20241115113336.2,32.809005305171,14.34,13.601,13.653,13.52,10.329,10.351
20241115113336.6,33.2459975033998,14.344,13.615,13.657,13.524,10.319,10.341
20241115113337.1,33.6840055882931,14.336,13.58,13.645,13.518,10.325,10.335
20241115113337.5,34.1410037130117,14.364,13.599,13.659,13.53,10.333,10.345
20241115113338,34.5939986407757,14.332,13.598,13.659,13.51,10.325,10.327
20241115113338.4,35.0470036268234,14.33,13.601,13.649,13.504,10.357,10.355
20241115113338.9,35.4809984564781,14.326,13.596,13.645,13.497,10.329,10.359
20241115113339.3,35.9180007129908,14.332,13.586,13.649,13.51,10.331,10.355
20241115113339.8,36.3600019365549,14.322,13.586,13.643,13.524,10.323,10.347
20241115113340.2,36.7930009961128,14.293,13.582,13.641,13.499,10.327,10.343
20241115113340.6,37.235002219677,14.306,13.576,13.639,13.504,10.333,10.329
20241115113341.1,37.6680012792349,14.33,13.586,13.649,13.508,10.341,10.349
20241115113341.5,38.110002502799,14.31,13.578,13.635,13.518,10.329,10.333
20241115113342,38.562997430563,14.302,13.562,13.637,13.5,10.335,10.327
20241115113342.4,39.0079960227013,14.295,13.558,13.617,13.497,10.327,10.357
20241115113342.9,39.4650042057037,14.301,13.574,13.651,13.489,10.329,10.335
20241115113343.3,39.9030022323132,14.289,13.556,13.627,13.504,10.323,10.343
20241115113343.7,40.3400044888258,14.283,13.566,13.615,13.483,10.343,10.339
20241115113344.2,40.7929994165897,14.277,13.558,13.609,13.492,10.314,10.339
20241115113344.6,41.2309974431992,14.265,13.548,13.621,13.483,10.318,10.337
20241115113345.1,41.6759960353374,14.273,13.556,13.613,13.481,10.331,10.32
20241115113345.5,42.1140041202307,14.277,13.556,13.615,13.473,10.3,10.334
20241115113345.9,42.5470031797886,14.251,13.554,13.603,13.461,10.312,10.326
20241115113346.4,42.985001206398,14.271,13.532,13.583,13.476,10.312,10.332
20241115113346.8,43.4180002659559,14.29,13.55,13.593,13.461,10.316,10.324
20241115113347.3,43.8600014895201,14.28,13.562,13.595,13.465,10.312,10.308
20241115113347.7,44.312996417284,14.278,13.548,13.587,13.451,10.33,10.318
20241115113348.1,44.7460055351257,14.282,13.534,13.583,13.459,10.324,10.32
20241115113348.6,45.1879967004061,14.278,13.55,13.597,13.459,10.304,10.345
20241115113349,45.6210058182478,14.27,13.53,13.575,13.449,10.29,10.302
20241115113349.5,46.0590038448572,14.292,13.528,13.587,13.47,10.284,10.304
20241115113349.9,46.5119987726212,14.298,13.54,13.591,13.445,10.278,10.32
20241115113350.4,46.9650037586689,14.286,13.538,13.581,13.449,10.308,10.322
20241115113350.8,47.4179986864328,14.276,13.53,13.593,13.439,10.308,10.312
20241115113351.3,47.8559967130423,14.278,13.542,13.611,13.451,10.304,10.298
20241115113351.7,48.289005830884,14.286,13.532,13.599,13.461,10.3,10.316
20241115113352.1,48.7270038574934,14.3,13.53,13.603,13.449,10.308,10.304
20241115113352.6,49.1760056465864,14.282,13.536,13.583,13.451,10.314,10.328
20241115113353,49.6140036731958,14.286,13.53,13.601,13.461,10.318,10.32
20241115113353.5,50.0669986009598,14.308,13.54,13.593,13.472,10.302,10.314
20241115113353.9,50.5040008574724,14.314,13.548,13.575,13.463,10.312,10.312
20241115113354.3,50.9379956871271,14.316,13.528,13.581,13.472,10.302,10.312
20241115113354.8,51.3790011405945,14.308,13.544,13.599,13.458,10.306,10.294
20241115113355.2,51.8169991672039,14.306,13.532,13.589,13.462,10.3,10.31
20241115113355.7,52.2499982267618,14.318,13.524,13.591,13.453,10.316,10.33
20241115113356.1,52.6879962533712,14.318,13.54,13.589,13.468,10.306,10.306
20241115113356.5,53.141001239419,14.294,13.54,13.605,13.447,10.302,10.326
20241115113357,53.5859998315573,14.316,13.56,13.625,13.472,10.308,10.322
20241115113357.4,54.0280010551214,14.316,13.554,13.603,13.475,10.296,10.312
20241115113357.9,54.4610001146793,14.3,13.542,13.603,13.471,10.314,10.332
20241115113358.3,54.9030013382435,14.3,13.552,13.589,13.473,10.318,10.328
20241115113358.7,55.3360003978014,14.294,13.546,13.603,13.455,10.314,10.322
20241115113359.2,55.7890053838491,14.282,13.556,13.605,13.463,10.308,10.33
20241115113359.6,56.2390029430389,14.31,13.548,13.597,13.455,10.31,10.334
20241115113400.1,56.688004732132,14.322,13.534,13.591,13.473,10.31,10.332
20241115113400.5,57.1450028568506,14.31,13.552,13.587,13.469,10.312,10.326
20241115113401,57.5820051133633,14.326,13.546,13.591,13.461,10.296,10.339
20241115113401.4,58.0200031399727,14.33,13.548,13.585,13.459,10.326,10.32
20241115113401.9,58.4530021995306,14.358,13.574,13.591,13.476,10.312,10.318
20241115113402.3,58.8869970291853,14.387,13.548,13.581,13.461,10.322,10.33
20241115113402.7,59.3440052121878,14.389,13.556,13.609,13.455,10.316,10.33
20241115113403.2,59.7970001399517,14.375,13.526,13.581,13.455,10.306,10.308
20241115113403.6,60.2460019290447,14.35,13.548,13.597,13.455,10.298,10.302
20241115113404.1,60.6880031526089,14.328,13.548,13.599,13.47,10.312,10.322
20241115113404.5,61.1210022121668,14.328,13.544,13.607,13.457,10.306,10.328
20241115113405,61.5590002387762,14.336,13.573,13.569,13.466,10.3,10.328
20241115113405.4,61.9930051267147,14.314,13.54,13.603,13.459,10.29,10.322
20241115113405.8,62.4460000544786,14.318,13.546,13.609,13.463,10.284,10.316
20241115113406.3,62.9029981791973,14.312,13.56,13.593,13.466,10.296,10.336
20241115113406.8,63.3560031652451,14.316,13.55,13.597,13.494,10.324,10.332
20241115113407.2,63.808998093009,14.342,13.568,13.605,13.465,10.322,10.33
20241115113407.6,64.2460003495216,14.312,13.572,13.625,13.476,10.324,10.312
20241115113408.1,64.6839983761311,14.318,13.58,13.633,13.492,10.329,10.339
20241115113408.5,65.1210006326437,14.33,13.595,13.621,13.488,10.326,10.335
20241115113409,65.5589986592531,14.32,13.586,13.621,13.492,10.31,10.339
20241115113409.4,66.0080004483461,14.33,13.578,13.627,13.496,10.341,10.329
20241115113409.8,66.4459984749556,14.322,13.572,13.637,13.475,10.329,10.339
20241115113410.3,66.8870039284229,14.342,13.562,13.625,13.469,10.322,10.331
20241115113410.7,67.3250019550323,14.316,13.566,13.627,13.498,10.32,10.335
20241115113411.2,67.7700005471706,14.322,13.582,13.617,13.475,10.341,10.333
20241115113411.6,68.2070028036833,14.324,13.554,13.625,13.485,10.306,10.337
20241115113412.1,68.6610035598278,14.314,13.578,13.627,13.481,10.331,10.353
20241115113412.5,69.1100053489208,14.3,13.554,13.619,13.469,10.312,10.343
20241115113413,69.5510007441044,14.304,13.566,13.625,13.492,10.331,10.347
20241115113413.4,69.9889987707138,14.328,13.55,13.623,13.471,10.331,10.339
20241115113413.8,70.4219978302717,14.304,13.562,13.617,13.471,10.32,10.343
20241115113414.3,70.8750028163195,14.294,13.56,13.629,13.477,10.333,10.343
20241115113414.7,71.3250003755093,14.31,13.566,13.623,13.485,10.331,10.335
20241115113415.2,71.7740021646023,14.332,13.566,13.613,13.483,10.316,10.343
20241115113415.6,72.2269970923662,14.322,13.578,13.627,13.491,10.341,10.337
20241115113416.1,72.6680025458336,14.318,13.576,13.613,13.497,10.345,10.357
20241115113416.5,73.1180001050234,14.332,13.586,13.645,13.499,10.339,10.343
20241115113417,73.5710050910711,14.314,13.564,13.635,13.487,10.341,10.345
20241115113417.4,74.0079972893,14.32,13.574,13.627,13.487,10.323,10.363
20241115113417.8,74.4460053741932,14.316,13.58,13.629,13.516,10.331,10.325
20241115113418.3,74.882997572422,14.322,13.58,13.633,13.493,10.329,10.347
20241115113418.7,75.3249987959862,14.33,13.572,13.627,13.487,10.326,10.353
20241115113419.2,75.7620010524988,14.324,13.574,13.615,13.488,10.331,10.361
20241115113419.6,76.1999990791082,14.332,13.566,13.631,13.487,10.316,10.365
20241115113420.1,76.653004065156,14.342,13.542,13.615,13.483,10.331,10.357
20241115113420.5,77.0939994603395,14.328,13.54,13.617,13.5,10.335,10.339
20241115113420.9,77.531997486949,14.35,13.566,13.629,13.487,10.341,10.355
20241115113421.4,77.9850024729967,14.324,13.552,13.629,13.488,10.337,10.341
20241115113421.8,78.4220047295094,14.324,13.548,13.623,13.49,10.312,10.347
20241115113422.3,78.8709964603186,14.32,13.556,13.613,13.486,10.334,10.332
20241115113422.7,79.3129976838827,14.322,13.55,13.619,13.476,10.324,10.349
20241115113423.2,79.7499999403954,14.342,13.536,13.607,13.476,10.318,10.33
20241115113423.6,80.1879979670048,14.338,13.536,13.595,13.488,10.33,10.316
20241115113424,80.6250002235174,14.332,13.528,13.603,13.472,10.32,10.32
20241115113424.5,81.0980010777712,14.342,13.528,13.609,13.476,10.308,10.322
20241115113424.9,81.5429996699095,14.318,13.496,13.609,13.488,10.338,10.326
20241115113425.4,81.9929972290993,14.318,13.516,13.595,13.486,10.314,10.33
20241115113425.8,82.4299994856119,14.31,13.518,13.591,13.478,10.306,10.332
20241115113426.3,82.8679975122213,14.322,13.5,13.607,13.482,10.318,10.334
20241115113426.7,83.3090029656887,14.34,13.52,13.595,13.484,10.306,10.324
20241115113427.2,83.754001557827,14.34,13.524,13.607,13.468,10.324,10.334
20241115113427.6,84.1960027813911,14.334,13.526,13.621,13.47,10.312,10.308
20241115113428.1,84.6640046685934,14.332,13.508,13.589,13.486,10.304,10.318
20241115113428.5,85.1020026952028,14.322,13.524,13.597,13.462,10.312,10.326
20241115113428.9,85.5359975248575,14.342,13.524,13.599,13.466,10.316,10.32
20241115113429.4,85.9729997813702,14.326,13.528,13.577,13.464,10.294,10.334
20241115113429.8,86.4140052348375,14.354,13.532,13.597,13.47,10.312,10.318
20241115113430.3,86.852003261447,14.354,13.526,13.583,13.468,10.3,10.326
20241115113430.7,87.3049981892109,14.363,13.522,13.593,13.466,10.324,10.312
20241115113431.1,87.7429962158203,14.373,13.53,13.597,13.466,10.316,10.318
20241115113431.6,88.179998472333,14.403,13.512,13.603,13.466,10.32,10.32
20241115113432,88.6179964989424,14.412,13.544,13.584,13.459,10.285,10.313
20241115113432.5,89.054998755455,14.4,13.525,13.59,13.451,10.303,10.317
20241115113432.9,89.4890036433935,14.39,13.523,13.584,13.457,10.293,10.311
20241115113433.3,89.9259958416224,14.392,13.515,13.6,13.469,10.277,10.309
20241115113433.8,90.3679970651865,14.402,13.542,13.588,13.455,10.293,10.313
20241115113434.2,90.8210020512342,14.43,13.542,13.6,13.451,10.301,10.311
20241115113434.7,91.2739969789982,14.41,13.548,13.596,13.445,10.289,10.301
20241115113435.1,91.7270019650459,14.398,13.558,13.576,13.459,10.301,10.311
20241115113435.6,92.1799968928099,14.408,13.537,13.604,13.455,10.301,10.307
20241115113436,92.6289986819029,14.436,13.542,13.592,13.455,10.309,10.315
20241115113436.5,93.0820036679506,14.481,13.544,13.6,13.465,10.293,10.299
20241115113436.9,93.5360044240952,14.501,13.554,13.586,13.451,10.291,10.321
20241115113437.4,93.9849961549044,14.491,13.574,13.61,13.471,10.281,10.345
20241115113437.8,94.4300048053265,14.479,13.562,13.612,13.463,10.303,10.321
20241115113438.3,94.8639996349812,14.475,13.58,13.598,13.459,10.277,10.321
20241115113438.7,95.3050050884485,14.489,13.562,13.606,13.445,10.305,10.307
20241115113439.1,95.7430031150579,14.485,13.568,13.616,13.455,10.291,10.305
20241115113439.6,96.192004904151,14.471,13.566,13.618,13.453,10.266,10.307
20241115113440,96.6250039637089,14.463,13.55,13.614,13.453,10.291,10.301
20241115113440.5,97.0779988914728,14.475,13.564,13.608,13.443,10.305,10.295
20241115113440.9,97.5319996476173,14.481,13.588,13.612,13.471,10.299,10.317
20241115113441.4,97.96900190413,14.487,13.58,13.606,13.461,10.311,10.319
20241115113441.8,98.4069999307394,14.487,13.57,13.606,13.435,10.289,10.293
20241115113442.3,98.8480053842068,14.479,13.556,13.602,13.43,10.285,10.321
20241115113442.7,99.2860034108162,14.475,13.564,13.594,13.461,10.309,10.317
20241115113443.1,99.7310020029545,14.517,13.574,13.612,13.443,10.285,10.289
20241115113443.6,100.176000595093,14.523,13.594,13.616,13.457,10.299,10.311
20241115113444,100.613998621702,14.546,13.572,13.588,13.457,10.285,10.317
20241115113444.5,101.070996746421,14.519,13.574,13.622,13.455,10.293,10.307
20241115113444.9,101.504005864263,14.531,13.574,13.608,13.445,10.305,10.303
20241115113445.3,101.942003890872,14.539,13.594,13.618,13.44,10.295,10.321
20241115113445.8,102.394998818636,14.539,13.574,13.602,13.434,10.299,10.331
20241115113446.2,102.832001075149,14.501,13.592,13.616,13.453,10.313,10.303
20241115113446.7,103.269999101758,14.513,13.596,13.622,13.451,10.307,10.299
20241115113447.1,103.723004087806,14.517,13.588,13.604,13.454,10.316,10.31
20241115113447.6,104.17599901557,14.561,13.577,13.599,13.458,10.298,10.32
20241115113448,104.625000804663,14.611,13.613,13.615,13.468,10.306,10.323
20241115113448.5,105.077995732427,14.604,13.588,13.622,13.455,10.293,10.305
20241115113448.9,105.512000620365,14.649,13.608,13.602,13.449,10.287,10.315
20241115113449.4,105.949998646975,14.649,13.619,13.631,13.462,10.308,10.312
20241115113449.8,106.387000903487,14.643,13.603,13.621,13.456,10.294,10.306
20241115113450.2,106.824998930097,14.629,13.633,13.625,13.48,10.304,10.308
20241115113450.7,107.262001186609,14.633,13.609,13.629,13.464,10.29,10.334
20241115113451.1,107.706999778748,14.631,13.615,13.615,13.464,10.292,10.33
20241115113451.6,108.163997903466,14.653,13.633,13.641,13.458,10.312,10.324
20241115113452,108.610002323985,14.653,13.627,13.601,13.458,10.306,10.308
20241115113452.5,109.059004113078,14.637,13.591,13.603,13.441,10.302,10.336
20241115113452.9,109.508005902171,14.617,13.621,13.629,13.445,10.31,10.336
20241115113453.4,109.961000829935,14.603,13.623,13.599,13.447,10.286,10.322
20241115113453.8,110.413995757699,14.603,13.599,13.609,13.435,10.304,10.312
20241115113454.3,110.879000276327,14.569,13.605,13.597,13.443,10.292,10.328
20241115113454.7,111.332005262375,14.571,13.583,13.607,13.419,10.304,10.32
20241115113455.2,111.76600009203,14.569,13.579,13.597,13.425,10.31,10.324
20241115113455.6,112.207005545497,14.548,13.597,13.607,13.439,10.29,10.316
20241115113456,112.645003572106,14.556,13.583,13.593,13.441,10.324,10.338
20241115113456.5,113.09799849987,14.55,13.593,13.581,13.454,10.312,10.306
20241115113456.9,113.539003953338,14.556,13.581,13.609,13.449,10.312,10.326
20241115113457.4,113.981005176902,14.561,13.595,13.595,13.437,10.294,10.314
20241115113457.8,114.417997375131,14.554,13.573,13.597,13.453,10.302,10.32
20241115113458.3,114.856005460024,14.567,13.591,13.619,13.445,10.324,10.318
20241115113458.7,115.289004519582,14.554,13.581,13.621,13.478,10.312,10.326
20241115113459.1,115.7460026443,14.546,13.569,13.597,13.453,10.292,10.312
20241115113459.6,116.210997104645,14.528,13.591,13.615,13.451,10.306,10.33
20241115113500.1,116.652998328209,14.516,13.583,13.616,13.447,10.299,10.319
20241115113500.5,117.094003781676,14.505,13.584,13.59,13.461,10.285,10.323
20241115113500.9,117.532001808286,14.499,13.574,13.604,13.469,10.299,10.311
20241115113501.4,117.981003597379,14.499,13.566,13.612,13.453,10.281,10.311
20241115113501.8,118.421998992562,14.499,13.548,13.61,13.465,10.309,10.325
20241115113502.3,118.871000781655,14.485,13.59,13.606,13.44,10.289,10.313
20241115113502.7,119.3250015378,14.487,13.578,13.596,13.44,10.299,10.309
20241115113503.2,119.777996465564,14.497,13.562,13.596,13.455,10.287,10.331
20241115113503.6,120.226998254657,14.479,13.564,13.61,13.442,10.293,10.313
20241115113504.1,120.680003240705,14.491,13.562,13.606,13.465,10.307,10.307
20241115113504.5,121.120998635888,14.485,13.57,13.618,13.463,10.311,10.319
20241115113505,121.570996195078,14.485,13.564,13.608,13.459,10.295,10.297
20241115113505.4,122.02800437808,14.489,13.576,13.62,13.449,10.289,10.321
20241115113505.9,122.485002502799,14.483,13.562,13.606,13.469,10.299,10.315
20241115113506.3,122.922004759312,14.483,13.57,13.62,13.471,10.295,10.309
20241115113506.8,123.360002785921,14.497,13.588,13.63,13.469,10.285,10.309
20241115113507.2,123.812997713685,14.507,13.576,13.63,13.459,10.303,10.319
20241115113507.7,124.266002699733,14.521,13.572,13.624,13.475,10.295,10.315
20241115113508.1,124.715004488826,14.513,13.572,13.608,13.467,10.309,10.325
20241115113508.6,125.16799941659,14.511,13.566,13.617,13.453,10.308,10.314
20241115113509,125.621004402637,14.542,13.577,13.629,13.472,10.3,10.314
20241115113509.5,126.071001961827,14.536,13.573,13.623,13.478,10.312,10.336
20241115113509.9,126.523996889591,14.575,13.579,13.625,13.466,10.294,10.316
20241115113510.4,126.977001875639,14.55,13.571,13.633,13.46,10.324,10.306
20241115113510.8,127.426003664732,14.563,13.591,13.637,13.454,10.296,10.342
20241115113511.3,127.878998592496,14.54,13.601,13.637,13.474,10.318,10.328
20241115113511.7,128.328000381589,14.557,13.589,13.633,13.492,10.302,10.316
20241115113512.2,128.774004802108,14.528,13.589,13.643,13.494,10.306,10.306
20241115113512.6,129.222996532917,14.556,13.593,13.645,13.47,10.296,10.34
20241115113513.1,129.66100461781,14.556,13.603,13.643,13.47,10.318,10.328
20241115113513.5,130.113999545574,14.524,13.591,13.635,13.488,10.3,10.322
20241115113514,130.563001334667,14.526,13.589,13.647,13.48,10.314,10.312
20241115113514.4,131.00000359118,14.5,13.583,13.621,13.474,10.3,10.33
20241115113514.8,131.442004814744,14.506,13.579,13.643,13.486,10.312,10.336
20241115113515.3,131.878997012973,14.522,13.571,13.623,13.48,10.318,10.332
20241115113515.7,132.327998802066,14.536,13.577,13.643,13.472,10.312,10.33
20241115113516.2,132.77000002563,14.512,13.581,13.645,13.494,10.32,10.322
20241115113516.6,133.219001814723,14.508,13.573,13.627,13.482,10.314,10.314
20241115113517.1,133.675999939442,14.546,13.595,13.631,13.474,10.304,10.316
20241115113517.5,134.12099853158,14.526,13.583,13.627,13.464,10.314,10.308
20241115113518,134.562999755144,14.534,13.569,13.635,13.456,10.294,10.324
20241115113518.4,135.016004741192,14.528,13.565,13.633,13.466,10.308,10.308
20241115113518.9,135.457000136375,14.518,13.573,13.623,13.464,10.314,10.316
20241115113519.3,135.903004556894,14.544,13.579,13.629,13.478,10.316,10.324
20241115113519.7,136.339996755123,14.542,13.555,13.625,13.48,10.314,10.324
20241115113520.2,136.778004840016,14.548,13.581,13.599,13.466,10.298,10.336
20241115113520.6,137.23099976778,14.559,13.561,13.615,13.464,10.304,10.324
20241115113521.1,137.684004753828,14.554,13.573,13.609,13.47,10.31,10.321
20241115113521.5,138.136999681592,14.543,13.544,13.596,13.471,10.317,10.315
20241115113522,138.574997708201,14.56,13.55,13.62,13.461,10.309,10.301
20241115113522.4,139.028002694249,14.592,13.564,13.606,13.473,10.287,10.323
20241115113522.9,139.480997622013,14.59,13.562,13.612,13.461,10.309,10.315
20241115113523.3,139.929999411106,14.592,13.556,13.614,13.469,10.313,10.317
20241115113523.8,140.383004397154,14.612,13.564,13.606,13.473,10.311,10.303
20241115113524.2,140.835999324918,14.63,13.56,13.62,13.489,10.295,10.313
20241115113524.7,141.278000548482,14.644,13.59,13.604,13.467,10.287,10.317
20241115113525.1,141.715002804995,14.649,13.574,13.592,13.467,10.315,10.319
20241115113525.6,142.167997732759,14.647,13.576,13.606,13.483,10.295,10.325
20241115113526,142.609998956323,14.618,13.58,13.592,13.467,10.295,10.313
20241115113526.5,143.05100440979,14.626,13.578,13.59,13.463,10.301,10.319
20241115113526.9,143.49299557507,14.653,13.57,13.59,13.477,10.297,10.299
20241115113527.3,143.946000561118,14.645,13.566,13.598,13.459,10.289,10.327
20241115113527.8,144.383002817631,14.673,13.584,13.588,13.449,10.311,10.317
20241115113528.2,144.82100084424,14.671,13.574,13.594,13.463,10.289,10.311
20241115113528.7,145.273995772004,14.661,13.594,13.598,13.461,10.285,10.305
20241115113529.1,145.722997561097,14.641,13.594,13.598,13.453,10.274,10.305
20241115113529.6,146.160995587707,14.643,13.586,13.596,13.459,10.321,10.305
20241115113530,146.597997844219,14.643,13.582,13.588,13.455,10.289,10.307
20241115113530.4,147.039003297687,14.616,13.594,13.608,13.465,10.317,10.309
20241115113530.9,147.472998127341,14.637,13.58,13.584,13.445,10.293,10.305
20241115113531.3,147.910996153951,14.639,13.582,13.606,13.453,10.301,10.309
20241115113531.8,148.352001607418,14.641,13.6,13.604,13.435,10.279,10.305
20241115113532.2,148.804996535182,14.635,13.586,13.606,13.449,10.293,10.307
20241115113532.7,149.25800152123,14.612,13.58,13.616,13.435,10.293,10.303
20241115113533.1,149.700002744794,14.606,13.564,13.616,13.449,10.307,10.289
20241115113533.6,150.152997672558,14.614,13.59,13.614,13.439,10.299,10.305
20241115113534,150.594003126025,14.592,13.592,13.624,13.453,10.295,10.321
20241115113534.5,151.063000783324,14.586,13.6,13.614,13.437,10.301,10.293
20241115113534.9,151.500003039837,14.6,13.598,13.624,13.455,10.285,10.301
20241115113535.3,151.942004263401,14.608,13.584,13.618,13.449,10.285,10.315
20241115113535.8,152.39099599421,14.604,13.58,13.63,13.473,10.287,10.317
20241115113536.2,152.832001447678,14.592,13.6,13.626,13.477,10.291,10.311
20241115113536.7,153.281999006867,14.598,13.576,13.594,13.463,10.289,10.319
20241115113537.1,153.738997131586,14.596,13.604,13.624,13.469,10.297,10.309
20241115113537.6,154.187998920679,14.628,13.586,13.627,13.463,10.295,10.309
20241115113538,154.637000709772,14.612,13.596,13.627,13.467,10.289,10.307
20241115113538.5,155.077996104956,14.623,13.576,13.616,13.457,10.293,10.313
20241115113538.9,155.536000058055,14.622,13.572,13.629,13.473,10.289,10.301
20241115113539.4,155.985001847148,14.629,13.578,13.621,13.465,10.28,10.313
20241115113539.8,156.434003636241,14.641,13.588,13.633,13.477,10.272,10.307
20241115113540.3,156.87099583447,14.643,13.594,13.621,13.455,10.282,10.309
20241115113540.7,157.324996590614,14.657,13.582,13.608,13.457,10.28,10.323
20241115113541.2,157.766002044082,14.657,13.59,13.623,13.467,10.291,10.317
20241115113541.6,158.2230001688,14.655,13.602,13.645,13.449,10.284,10.295
20241115113542.1,158.676005154848,14.647,13.596,13.631,13.461,10.309,10.319
20241115113542.5,159.114003181458,14.647,13.608,13.618,13.457,10.295,10.305
20241115113543,159.563004970551,14.655,13.61,13.616,13.477,10.289,10.311
20241115113543.4,160.004000365734,14.657,13.621,13.618,13.465,10.299,10.299
20241115113543.9,160.453002154827,14.659,13.602,13.616,13.463,10.293,10.325
20241115113544.3,160.907002910972,14.641,13.588,13.614,13.459,10.299,10.313
20241115113544.8,161.356004700065,14.657,13.596,13.629,13.463,10.301,10.317
20241115113545.2,161.797000095248,14.645,13.59,13.629,13.461,10.287,10.307
20241115113545.6,162.234998121858,14.663,13.596,13.639,13.459,10.299,10.303
20241115113546.1,162.676003575325,14.687,13.586,13.643,13.449,10.299,10.321
20241115113546.5,163.121002167463,14.691,13.606,13.623,13.469,10.305,10.323
20241115113547,163.575002923608,14.715,13.598,13.621,13.461,10.303,10.317
20241115113547.4,164.04300481081,14.717,13.616,13.635,13.457,10.293,10.317
20241115113547.9,164.48499597609,14.728,13.61,13.621,13.453,10.276,10.315
20241115113548.3,164.921998232603,14.717,13.618,13.629,13.463,10.317,10.309
20241115113548.8,165.363999456167,14.726,13.618,13.623,13.471,10.289,10.307
20241115113549.2,165.80100171268,14.746,13.59,13.651,13.479,10.289,10.321
20241115113549.7,166.253996640444,14.719,13.639,13.651,13.467,10.297,10.311
20241115113550.1,166.707001626492,14.717,13.621,13.635,13.477,10.274,10.313
20241115113550.6,167.156999185681,14.73,13.608,13.631,13.469,10.309,10.305
20241115113551,167.610004171729,14.719,13.637,13.627,13.453,10.303,10.301
20241115113551.5,168.062999099493,14.721,13.606,13.651,13.465,10.293,10.303
20241115113551.9,168.516004085541,14.74,13.61,13.643,13.461,10.301,10.309
20241115113552.4,168.96499581635,14.75,13.62,13.649,13.455,10.291,10.313
20241115113552.8,169.413997605443,14.756,13.627,13.618,13.481,10.276,10.319
20241115113553.3,169.855998829007,14.772,13.614,13.639,13.473,10.303,10.299
20241115113553.7,170.309003815055,14.742,13.62,13.625,13.467,10.295,10.311
20241115113554.2,170.761998742819,14.762,13.629,13.62,13.467,10.284,10.323
20241115113554.6,171.215003728867,14.736,13.616,13.629,13.481,10.295,10.311
20241115113555.1,171.667998656631,14.746,13.649,13.633,13.469,10.293,10.301
20241115113555.5,172.11799621582,14.758,13.641,13.635,13.461,10.291,10.329
20241115113556,172.559001669288,14.766,13.612,13.635,13.475,10.303,10.325
20241115113556.4,173.008003458381,14.744,13.612,13.629,13.465,10.303,10.323
20241115113556.9,173.457005247474,14.738,13.639,13.635,13.461,10.305,10.337
20241115113557.3,173.907002806664,14.774,13.635,13.651,13.477,10.307,10.315
20241115113557.8,174.359997734427,14.774,13.637,13.633,13.467,10.303,10.327
20241115113558.2,174.81700591743,14.758,13.643,13.643,13.469,10.301,10.311
20241115113558.7,175.282000377774,14.798,13.635,13.657,13.471,10.313,10.317
20241115113559.1,175.731002166867,14.812,13.626,13.659,13.465,10.305,10.325
20241115113559.6,176.183997094631,14.816,13.639,13.624,13.463,10.311,10.333
20241115113600,176.632998883724,14.816,13.637,13.643,13.481,10.309,10.315
20241115113600.5,177.075000107288,14.812,13.647,13.643,13.461,10.307,10.327
20241115113600.9,177.524001896381,14.83,13.643,13.645,13.463,10.301,10.331
20241115113601.4,177.961004152894,14.843,13.643,13.653,13.463,10.311,10.331
20241115113601.8,178.418002277613,14.835,13.661,13.647,13.483,10.295,10.331
20241115113602.3,178.870997205377,14.857,13.635,13.631,13.465,10.307,10.305
20241115113602.7,179.324997961521,14.863,13.647,13.655,13.473,10.293,10.313
20241115113603.2,179.778002947569,14.881,13.649,13.647,13.463,10.323,10.317
20241115113603.6,180.227004736662,14.889,13.651,13.649,13.479,10.291,10.327
20241115113604.1,180.679999664426,14.903,13.655,13.671,13.475,10.313,10.327
20241115113604.5,181.133004650474,14.907,13.655,13.659,13.483,10.309,10.331
20241115113605,181.581996381283,14.907,13.665,13.645,13.491,10.297,10.341
20241115113605.4,182.035997137427,14.899,13.649,13.649,13.495,10.305,10.329
20241115113605.9,182.489002123475,14.936,13.655,13.651,13.469,10.313,10.327
20241115113606.3,182.941997051239,14.976,13.663,13.659,13.461,10.295,10.309
20241115113606.8,183.383002504706,14.992,13.653,13.645,13.469,10.305,10.329
20241115113607.2,183.83599743247,14.98,13.693,13.647,13.471,10.309,10.299
20241115113607.7,184.301001951098,14.976,13.671,13.659,13.485,10.295,10.311
20241115113608.2,184.753996878862,14.97,13.663,13.663,13.489,10.287,10.337
20241115113608.6,185.20700186491,14.984,13.677,13.641,13.469,10.291,10.321
20241115113609.1,185.661002621055,15.002,13.671,13.673,13.477,10.274,10.311
20241115113609.5,186.113997548819,14.966,13.675,13.681,13.487,10.284,10.321
20241115113610,186.570995673537,14.944,13.677,13.665,13.485,10.311,10.319
20241115113610.4,187.01999746263,14.954,13.689,13.649,13.489,10.303,10.315
20241115113610.9,187.461002916098,14.966,13.681,13.663,13.479,10.319,10.307
20241115113611.3,187.918001040816,14.938,13.669,13.653,13.497,10.287,10.321
20241115113611.8,188.367998600006,14.926,13.673,13.679,13.493,10.299,10.311
20241115113612.2,188.824996724725,14.944,13.651,13.649,13.485,10.278,10.315
20241115113612.7,189.273998513818,14.924,13.661,13.653,13.491,10.309,10.325
20241115113613.1,189.730996638536,14.93,13.667,13.653,13.497,10.297,10.317
20241115113613.6,190.179998427629,14.944,13.655,13.663,13.501,10.309,10.323
20241115113614,190.621003881097,14.911,13.665,13.681,13.495,10.287,10.329
20241115113614.5,191.075004637241,14.917,13.661,13.665,13.485,10.315,10.311
20241115113614.9,191.527999565005,14.972,13.659,13.681,13.501,10.289,10.337
20241115113615.4,191.993004083633,14.978,13.653,13.667,13.503,10.311,10.315
20241115113615.8,192.445999011397,14.962,13.651,13.693,13.503,10.295,10.329
20241115113616.3,192.911003530025,14.988,13.671,13.689,13.499,10.299,10.333
20241115113616.8,193.351998925209,14.984,13.681,13.685,13.493,10.28,10.317
20241115113617.2,193.796997517347,14.978,13.673,13.689,13.505,10.309,10.335
20241115113617.7,194.253995642066,14.97,13.671,13.693,13.491,10.278,10.295
20241115113618.1,194.702997431159,14.96,13.669,13.693,13.499,10.289,10.319
20241115113618.6,195.161001384258,14.944,13.665,13.693,13.489,10.303,10.319
20241115113619,195.617999508977,14.946,13.691,13.701,13.52,10.307,10.329
20241115113619.5,196.086001396179,14.956,13.681,13.701,13.503,10.301,10.317
20241115113619.9,196.538996323943,14.96,13.695,13.693,13.507,10.297,10.321
20241115113620.4,196.989003941417,14.948,13.679,13.701,13.505,10.284,10.333
20241115113620.9,197.456995770335,14.958,13.661,13.691,13.489,10.315,10.321
20241115113621.3,197.907003387809,14.958,13.657,13.695,13.507,10.299,10.327
20241115113621.8,198.359998315573,14.944,13.663,13.691,13.511,10.287,10.321
20241115113622.2,198.816996440291,14.909,13.657,13.681,13.495,10.297,10.319
20241115113622.7,199.270001426339,14.907,13.649,13.671,13.491,10.295,10.319
20241115113623.1,199.738999083638,14.893,13.647,13.693,13.491,10.309,10.321
20241115113623.6,200.192004069686,14.887,13.659,13.675,13.483,10.307,10.303
20241115113624,200.64499899745,14.881,13.661,13.679,13.481,10.317,10.303
20241115113624.5,201.098003983498,14.877,13.629,13.695,13.485,10.309,10.323
20241115113625,201.562998443842,14.881,13.639,13.667,13.469,10.295,10.323
20241115113625.4,202.000000700355,14.873,13.663,13.645,13.475,10.297,10.319
20241115113625.9,202.449998259544,14.883,13.643,13.663,13.469,10.295,10.317
20241115113626.3,202.887000516057,14.853,13.633,13.663,13.477,10.305,10.337
20241115113626.7,203.340005502105,14.863,13.635,13.667,13.473,10.301,10.309
20241115113627.2,203.800996765494,14.875,13.655,13.649,13.487,10.289,10.307
20241115113627.6,204.246005415916,14.895,13.641,13.671,13.475,10.291,10.307
20241115113628.1,204.699996113777,14.845,13.661,13.643,13.499,10.305,10.319
20241115113628.6,205.153001099825,14.863,13.635,13.669,13.487,10.284,10.323
20241115113629,205.605996027589,14.877,13.631,13.653,13.493,10.284,10.319
20241115113629.5,206.054997816682,14.857,13.627,13.679,13.495,10.293,10.323
20241115113629.9,206.496003270149,14.865,13.643,13.655,13.493,10.301,10.309
20241115113630.3,206.938004493713,14.869,13.641,13.655,13.489,10.297,10.315
20241115113630.8,207.386996224523,14.863,13.643,13.647,13.489,10.301,10.317
20241115113631.2,207.84000121057,14.861,13.606,13.661,13.489,10.293,10.327
20241115113631.7,208.308998867869,14.867,13.645,13.657,13.491,10.311,10.305
20241115113632.2,208.762003853917,14.857,13.641,13.661,13.483,10.289,10.315
20241115113632.6,209.214998781681,14.845,13.639,13.645,13.487,10.315,10.313
20241115113633.1,209.664000570774,14.873,13.625,13.663,13.471,10.317,10.327
20241115113633.5,210.118001326919,14.891,13.643,13.641,13.489,10.291,10.325
20241115113634,210.570996254683,14.879,13.637,13.661,13.481,10.284,10.297
20241115113634.4,211.019998043776,14.877,13.635,13.657,13.493,10.293,10.317
20241115113634.9,211.473003029823,14.865,13.639,13.659,13.483,10.299,10.331
20241115113635.3,211.925997957587,14.857,13.62,13.657,13.473,10.284,10.321
20241115113635.8,212.367999181151,14.851,13.627,13.661,13.497,10.305,10.313
20241115113636.2,212.821004167199,14.857,13.641,13.649,13.495,10.309,10.309
20241115113636.7,213.285998627543,14.841,13.627,13.663,13.485,10.305,10.321
20241115113637.1,213.739003613591,14.851,13.641,13.659,13.491,10.321,10.311
20241115113637.6,214.191998541355,14.837,13.651,13.661,13.487,10.303,10.333
20241115113638,214.641000330448,14.853,13.635,13.675,13.487,10.297,10.327
20241115113638.5,215.094005316496,14.851,13.623,13.667,13.475,10.303,10.295
20241115113638.9,215.535996481776,14.841,13.633,13.643,13.487,10.303,10.309
20241115113639.4,215.977001935244,14.855,13.643,13.647,13.455,10.303,10.315
20241115113639.8,216.414004191756,14.839,13.639,13.645,13.495,10.303,10.321
20241115113640.3,216.868004947901,14.829,13.635,13.653,13.485,10.28,10.307
20241115113640.7,217.309000343084,14.845,13.633,13.649,13.511,10.289,10.329
20241115113641.2,217.758002132177,14.839,13.639,13.663,13.477,10.315,10.301
20241115113641.6,218.210997059941,14.839,13.645,13.645,13.493,10.313,10.315
20241115113642.1,218.664002045989,14.853,13.625,13.667,13.505,10.297,10.305
20241115113642.5,219.102000072598,14.879,13.627,13.663,13.467,10.293,10.301
20241115113643,219.551001861691,14.849,13.643,13.663,13.481,10.289,10.317
20241115113643.4,220.00799998641,14.851,13.639,13.663,13.491,10.311,10.307
20241115113643.9,220.461004972458,14.871,13.637,13.655,13.493,10.321,10.319
20241115113644.3,220.913999900222,14.883,13.635,13.649,13.499,10.319,10.307
20241115113644.8,221.382997557521,14.875,13.657,13.647,13.507,10.313,10.315
20241115113645.2,221.836002543569,14.875,13.618,13.653,13.513,10.301,10.303
20241115113645.7,222.288997471333,14.881,13.647,13.645,13.497,10.282,10.313
20241115113646.1,222.745995596051,14.867,13.631,13.641,13.487,10.301,10.321
20241115113646.6,223.196003213525,14.887,13.635,13.663,13.497,10.311,10.319
20241115113647.1,223.648998141289,14.865,13.635,13.667,13.481,10.293,10.319
20241115113647.5,224.097999930382,14.885,13.633,13.665,13.487,10.297,10.315
20241115113648,224.55100491643,14.891,13.635,13.657,13.483,10.287,10.311
20241115113648.4,224.99299608171,14.907,13.633,13.651,13.481,10.303,10.309
20241115113648.8,225.434001535177,14.893,13.633,13.669,13.493,10.28,10.309
20241115113649.3,225.874996930361,14.899,13.649,13.683,13.495,10.301,10.295
20241115113649.7,226.328001916409,14.911,13.633,13.661,13.485,10.309,10.323
20241115113650.2,226.770003139973,14.911,13.637,13.659,13.479,10.323,10.311
20241115113650.6,227.234997600317,14.917,13.627,13.675,13.483,10.319,10.317
20241115113651.1,227.711005881429,14.891,13.635,13.667,13.479,10.291,10.327
20241115113651.6,228.164000809193,14.879,13.643,13.641,13.491,10.311,10.319
20241115113652,228.613998368382,14.885,13.645,13.647,13.505,10.303,10.307
20241115113652.5,229.06700335443,14.891,13.627,13.677,13.495,10.293,10.315
20241115113652.9,229.519998282194,14.909,13.643,13.661,13.501,10.315,10.321
20241115113653.4,229.973003268242,14.915,13.643,13.655,13.491,10.309,10.331
20241115113653.8,230.422005057335,14.913,13.641,13.657,13.481,10.289,10.301
20241115113654.3,230.879003182054,14.924,13.625,13.649,13.503,10.313,10.321
20241115113654.7,231.331998109818,14.921,13.639,13.649,13.509,10.287,10.303
20241115113655.2,231.785998865962,14.952,13.604,13.653,13.469,10.297,10.301
20241115113655.6,232.223001122475,14.946,13.616,13.643,13.477,10.313,10.309
20241115113656.1,232.675996050239,14.938,13.62,13.657,13.477,10.303,10.317
20241115113656.5,233.124997839332,14.928,13.623,13.631,13.475,10.301,10.307
20241115113657,233.575005456805,14.923,13.62,13.639,13.469,10.293,10.319
20241115113657.4,234.032003581524,14.923,13.621,13.643,13.467,10.321,10.331
20241115113657.9,234.484998509288,14.911,13.627,13.635,13.471,10.299,10.321
20241115113658.3,234.938003495336,14.934,13.606,13.643,13.461,10.313,10.319
20241115113658.8,235.387005284429,14.934,13.62,13.647,13.457,10.313,10.309
20241115113659.2,235.840000212193,14.964,13.629,13.641,13.457,10.313,10.309
20241115113659.7,236.29300519824,14.958,13.635,13.629,13.465,10.293,10.331
20241115113700.1,236.74300275743,14.986,13.633,13.641,13.471,10.311,10.325
20241115113700.6,237.183998152614,14.982,13.637,13.623,13.471,10.307,10.313
20241115113701,237.640996277332,14.994,13.645,13.641,13.465,10.299,10.315
20241115113701.5,238.089998066425,14.99,13.641,13.647,13.467,10.305,10.321
20241115113701.9,238.543003052473,14.986,13.663,13.645,13.447,10.325,10.327
20241115113702.4,238.995997980237,15,13.641,13.633,13.469,10.295,10.315
20241115113702.9,239.452996104956,15.008,13.645,13.645,13.471,10.309,10.309
20241115113703.3,239.9069968611,15.022,13.653,13.649,13.455,10.303,10.289
20241115113703.8,240.360001847148,15.023,13.651,13.647,13.451,10.303,10.315
20241115113704.2,240.812996774912,15.02,13.655,13.635,13.463,10.303,10.311
20241115113704.7,241.261998564005,15.023,13.679,13.647,13.447,10.293,10.313
20241115113705.1,241.730996221304,14.99,13.645,13.657,13.461,10.295,10.305
20241115113705.6,242.167998477817,14.986,13.645,13.645,13.455,10.299,10.325
20241115113706,242.621003463864,14.992,13.653,13.629,13.471,10.299,10.315
20241115113706.5,243.075004220009,14.986,13.635,13.647,13.447,10.297,10.323
20241115113706.9,243.527999147773,14.976,13.623,13.647,13.451,10.287,10.319
20241115113707.4,243.977000936866,14.946,13.627,13.645,13.459,10.309,10.315
20241115113707.8,244.430005922914,14.96,13.657,13.635,13.459,10.297,10.315
20241115113708.3,244.883000850677,14.972,13.625,13.637,13.453,10.309,10.321
20241115113708.7,245.335995778441,14.952,13.625,13.661,13.447,10.297,10.319
20241115113709.2,245.786003395915,14.97,13.633,13.647,13.455,10.315,10.301
20241115113709.6,246.226998791099,14.974,13.653,13.637,13.457,10.319,10.303
20241115113710.1,246.680003777146,14.97,13.633,13.647,13.467,10.305,10.315
20241115113710.5,247.13299870491,14.966,13.637,13.645,13.463,10.319,10.311
20241115113711,247.582000494003,14.982,13.653,13.633,13.485,10.305,10.327
20241115113711.4,248.036001250148,14.992,13.637,13.647,13.467,10.295,10.297
20241115113711.9,248.485003039241,15.002,13.643,13.637,13.469,10.311,10.313
20241115113712.3,248.925998434424,15,13.647,13.653,13.473,10.301,10.321
20241115113712.8,249.363996461034,15.018,13.645,13.649,13.477,10.301,10.315
20241115113713.2,249.817001447082,15.006,13.651,13.647,13.471,10.307,10.317
20241115113713.7,250.257996842265,15.01,13.655,13.651,13.477,10.293,10.335
20241115113714.1,250.711001828313,15.045,13.659,13.639,13.487,10.309,10.313
20241115113714.6,251.163996756077,15.031,13.657,13.667,13.477,10.299,10.313
20241115113715,251.61400437355,15.073,13.669,13.651,13.473,10.299,10.311
20241115113715.5,252.054999768734,15.075,13.671,13.655,13.481,10.305,10.315
20241115113715.9,252.504001557827,15.085,13.659,13.659,13.467,10.305,10.311
20241115113716.4,252.956996485591,15.105,13.667,13.655,13.483,10.293,10.305
20241115113716.8,253.407004103065,15.111,13.667,13.659,13.493,10.284,10.327
20241115113717.3,253.856005892158,15.107,13.671,13.675,13.477,10.284,10.315
20241115113717.7,254.313004016876,15.093,13.673,13.675,13.477,10.315,10.299
20241115113718.2,254.761995747685,15.097,13.671,13.679,13.495,10.311,10.311
20241115113718.6,255.215000733733,15.109,13.681,13.679,13.469,10.311,10.325
20241115113719.1,255.668005719781,15.138,13.661,13.693,13.503,10.305,10.323
20241115113719.5,256.121000647545,15.122,13.679,13.679,13.501,10.311,10.335
20241115113720,256.575001403689,15.109,13.685,13.681,13.491,10.309,10.307
20241115113720.4,257.031999528408,15.148,13.709,13.693,13.489,10.278,10.315
20241115113720.9,257.481001317501,15.16,13.681,13.715,13.507,10.297,10.331
20241115113721.3,257.933996245265,15.164,13.685,13.695,13.501,10.311,10.327
20241115113721.8,258.382998034358,15.22,13.701,13.677,13.509,10.303,10.311
20241115113722.2,258.836003020406,15.206,13.699,13.701,13.505,10.301,10.329
20241115113722.7,259.274001047015,15.204,13.689,13.677,13.481,10.297,10.319
20241115113723.1,259.726995974779,15.214,13.697,13.697,13.507,10.289,10.319
20241115113723.6,260.175997763872,15.245,13.713,13.691,13.469,10.319,10.309
20241115113724,260.62900274992,15.247,13.693,13.707,13.499,10.301,10.313
20241115113724.5,261.081997677684,15.245,13.726,13.701,13.513,10.291,10.317
20241115113724.9,261.539005860686,15.259,13.701,13.701,13.501,10.297,10.309
20241115113725.4,261.989003419876,15.253,13.711,13.691,13.505,10.307,10.303
20241115113725.9,262.453002110124,15.214,13.719,13.715,13.499,10.311,10.313
20241115113726.3,262.907002866268,15.198,13.709,13.685,13.495,10.295,10.321
20241115113726.8,263.364000990987,15.206,13.697,13.695,13.509,10.297,10.319
20241115113727.2,263.816995918751,15.218,13.703,13.705,13.495,10.301,10.325
20241115113727.7,264.258001372218,15.241,13.699,13.707,13.503,10.303,10.311
20241115113728.1,264.700002595782,15.263,13.732,13.689,13.501,10.291,10.327
20241115113728.6,265.157000720501,15.277,13.711,13.695,13.507,10.301,10.323
20241115113729,265.606002509594,15.273,13.72,13.685,13.485,10.295,10.335
20241115113729.5,266.058997437358,15.283,13.719,13.695,13.505,10.311,10.329
20241115113729.9,266.500002890825,15.257,13.719,13.701,13.497,10.317,10.329
20241115113730.4,266.952997818589,15.295,13.711,13.679,13.493,10.309,10.313
20241115113730.8,267.406998574734,15.283,13.722,13.689,13.507,10.295,10.323
20241115113731.3,267.860003560781,15.285,13.722,13.667,13.499,10.303,10.327
20241115113731.7,268.312998488545,15.267,13.719,13.685,13.501,10.297,10.319
20241115113732.2,268.762000277638,15.267,13.715,13.695,13.499,10.291,10.323
20241115113732.6,269.215005263686,15.285,13.707,13.685,13.471,10.311,10.331
20241115113733.1,269.66800019145,15.287,13.713,13.695,13.505,10.301,10.323
20241115113733.5,270.11799775064,15.297,13.722,13.711,13.509,10.299,10.333
20241115113734,270.575005933642,15.275,13.72,13.691,13.503,10.311,10.327
20241115113734.4,271.023997664452,15.267,13.722,13.709,13.495,10.289,10.323
20241115113734.9,271.477002650499,15.259,13.734,13.699,13.489,10.299,10.309
20241115113735.3,271.922001242638,15.289,13.728,13.667,13.499,10.293,10.323
20241115113735.8,272.378999367356,15.275,13.709,13.687,13.487,10.305,10.305
20241115113736.2,272.832004353404,15.297,13.72,13.697,13.493,10.315,10.327
20241115113736.7,273.289002478123,15.269,13.705,13.695,13.491,10.303,10.321
20241115113737.1,273.746000602841,15.255,13.717,13.703,13.477,10.305,10.337
20241115113737.6,274.195998162031,15.265,13.703,13.709,13.491,10.301,10.315
20241115113738.1,274.649003148079,15.269,13.722,13.699,13.491,10.284,10.347
20241115113738.5,275.101998075843,15.271,13.72,13.701,13.489,10.313,10.307
20241115113739,275.550999864936,15.275,13.709,13.685,13.475,10.297,10.329
20241115113739.4,276.004004850984,15.297,13.711,13.705,13.499,10.295,10.311
20241115113739.9,276.473002508283,15.307,13.715,13.707,13.493,10.299,10.309
20241115113740.3,276.922004297376,15.404,13.693,13.703,13.497,10.305,10.329
20241115113740.8,277.379002422094,15.451,13.705,13.691,13.483,10.299,10.295
20241115113741.2,277.828004211187,15.441,13.713,13.707,13.505,10.297,10.325
20241115113741.7,278.282004967332,15.471,13.711,13.711,13.483,10.309,10.317
20241115113742.1,278.723000362515,15.461,13.736,13.703,13.499,10.327,10.331
20241115113742.6,279.176005348563,15.469,13.752,13.707,13.513,10.305,10.331
20241115113743,279.629000276327,15.451,13.744,13.722,13.495,10.305,10.311
20241115113743.5,280.07800206542,15.422,13.74,13.711,13.495,10.297,10.317
20241115113743.9,280.535995960236,15.416,13.738,13.707,13.487,10.293,10.319
20241115113744.4,280.984997749329,15.408,13.736,13.715,13.497,10.307,10.323
20241115113744.9,281.452999636531,15.406,13.736,13.717,13.511,10.297,10.333
20241115113745.3,281.926000490785,15.398,13.738,13.705,13.505,10.311,10.309
20241115113745.8,282.375002279878,15.386,13.746,13.728,13.503,10.307,10.327
20241115113746.2,282.827997207642,15.392,13.75,13.713,13.497,10.297,10.353
20241115113746.7,283.281997963786,15.344,13.748,13.705,13.487,10.317,10.339
20241115113747.1,283.735002949834,15.38,13.722,13.711,13.491,10.313,10.321
20241115113747.6,284.187997877598,15.378,13.722,13.724,13.509,10.309,10.325
20241115113748,284.636999666691,15.352,13.703,13.707,13.485,10.303,10.333
20241115113748.5,285.090004652739,15.338,13.724,13.724,13.515,10.309,10.337
20241115113748.9,285.547002777457,15.348,13.715,13.72,13.489,10.317,10.327
20241115113749.4,285.992997139692,15.34,13.736,13.709,13.507,10.323,10.333
20241115113749.8,286.43400259316,15.322,13.732,13.711,13.481,10.317,10.309
20241115113750.3,286.907003447413,15.356,13.703,13.713,13.517,10.307,10.335
20241115113750.8,287.359998375177,15.322,13.713,13.709,13.485,10.297,10.307
20241115113751.2,287.80900016427,15.328,13.711,13.683,13.513,10.297,10.315
20241115113751.7,288.258001953363,15.336,13.711,13.709,13.495,10.299,10.333
20241115113752.1,288.710996881127,15.313,13.703,13.695,13.501,10.309,10.347
20241115113752.6,289.164001867175,15.311,13.703,13.703,13.481,10.317,10.325
20241115113753,289.606003090739,15.319,13.703,13.705,13.491,10.305,10.325
20241115113753.5,290.063001215458,15.321,13.685,13.697,13.489,10.303,10.321
20241115113753.9,290.515996143222,15.293,13.713,13.691,13.497,10.321,10.335
20241115113754.4,290.964997932315,15.295,13.693,13.695,13.493,10.303,10.333
20241115113754.8,291.406999155879,15.287,13.715,13.697,13.489,10.284,10.323
20241115113755.3,291.860004141927,15.313,13.695,13.695,13.513,10.319,10.339
20241115113755.7,292.317002266645,15.313,13.693,13.683,13.503,10.309,10.329
20241115113756.2,292.774000391364,15.283,13.701,13.697,13.495,10.307,10.333
20241115113756.6,293.230998516083,15.305,13.679,13.677,13.505,10.325,10.339
20241115113757.1,293.684003502131,15.299,13.693,13.695,13.515,10.325,10.325
20241115113757.5,294.141001626849,15.305,13.703,13.695,13.477,10.313,10.327
20241115113758,294.593996554613,15.293,13.715,13.709,13.497,10.315,10.327
20241115113758.4,295.035997778177,15.293,13.717,13.709,13.52,10.311,10.335
20241115113758.9,295.48499956727,15.307,13.695,13.689,13.517,10.299,10.329
20241115113759.3,295.938004553318,15.295,13.713,13.695,13.487,10.313,10.337
20241115113759.8,296.386996284127,15.311,13.701,13.669,13.469,10.319,10.343
20241115113800.3,296.875004097819,15.305,13.681,13.699,13.493,10.303,10.337
20241115113800.7,297.325001657009,15.299,13.697,13.693,13.515,10.305,10.333
20241115113801.2,297.781999781728,15.305,13.709,13.683,13.497,10.339,10.325
20241115113801.6,298.238997906446,15.303,13.713,13.697,13.491,10.303,10.323
20241115113802.1,298.687999695539,15.309,13.681,13.707,13.483,10.305,10.341
20241115113802.5,299.144997820258,15.293,13.701,13.697,13.515,10.321,10.335
20241115113803,299.598002806306,15.285,13.699,13.691,13.509,10.327,10.343
20241115113803.5,300.059004127979,15.305,13.719,13.728,13.52,10.301,10.333
20241115113803.9,300.511999055743,15.322,13.695,13.693,13.493,10.345,10.327
20241115113804.4,300.968997180462,15.303,13.701,13.703,13.511,10.313,10.341
20241115113804.8,301.426005363464,15.303,13.693,13.693,13.493,10.303,10.325
20241115113805.3,301.879000291228,15.307,13.693,13.693,13.503,10.301,10.321
20241115113805.7,302.328002080321,15.311,13.693,13.693,13.515,10.317,10.329
20241115113806.2,302.782002836466,15.344,13.709,13.685,13.489,10.321,10.321
20241115113806.6,303.239000961185,15.348,13.717,13.711,13.509,10.303,10.343
20241115113807.1,303.691995888948,15.36,13.709,13.707,13.513,10.313,10.329
20241115113807.5,304.145000874996,15.354,13.717,13.687,13.487,10.329,10.319
20241115113808,304.601998999715,15.362,13.705,13.695,13.507,10.315,10.335
20241115113808.5,305.051000788808,15.378,13.713,13.691,13.497,10.321,10.335
20241115113808.9,305.507998913527,15.36,13.709,13.683,13.517,10.301,10.337
20241115113809.4,305.961003899574,15.346,13.711,13.675,13.501,10.311,10.331
20241115113809.8,306.413998827338,15.346,13.705,13.705,13.513,10.315,10.343
20241115113810.3,306.863996386528,15.36,13.717,13.697,13.522,10.313,10.341
20241115113810.7,307.317001372576,15.354,13.705,13.685,13.503,10.293,10.319
20241115113811.2,307.76999630034,15.348,13.715,13.691,13.507,10.319,10.317
20241115113811.6,308.223001286387,15.354,13.707,13.691,13.503,10.309,10.321
20241115113812.1,308.675996214151,15.364,13.709,13.691,13.507,10.319,10.329
20241115113812.5,309.129001200199,15.35,13.697,13.709,13.499,10.321,10.335
20241115113813,309.581996127963,15.344,13.724,13.695,13.52,10.309,10.339
20241115113813.4,310.035996884108,15.358,13.724,13.689,13.501,10.317,10.329
20241115113813.9,310.50399877131,15.366,13.695,13.677,13.497,10.309,10.311
20241115113814.4,310.953000560403,15.384,13.719,13.715,13.501,10.309,10.341
20241115113814.8,311.402998119593,15.376,13.717,13.711,13.509,10.327,10.337
20241115113815.3,311.85600310564,15.378,13.72,13.703,13.519,10.319,10.333
20241115113815.7,312.308998033404,15.396,13.695,13.705,13.528,10.315,10.317
20241115113816.2,312.762003019452,15.408,13.705,13.703,13.511,10.323,10.351
20241115113816.6,313.219001144171,15.423,13.722,13.691,13.493,10.311,10.329
20241115113817.1,313.671996071935,15.412,13.709,13.709,13.513,10.309,10.333
20241115113817.5,314.120997861028,15.431,13.736,13.689,13.501,10.331,10.347
20241115113818,314.574998617172,15.437,13.711,13.697,13.505,10.323,10.323
20241115113818.4,315.019997209311,15.441,13.715,13.687,13.495,10.307,10.351
20241115113818.9,315.468998998404,15.453,13.734,13.683,13.501,10.313,10.321
20241115113819.3,315.925997123122,15.491,13.719,13.685,13.519,10.321,10.329
20241115113819.8,316.37900210917,15.513,13.738,13.693,13.495,10.323,10.347
20241115113820.2,316.831997036934,15.526,13.719,13.691,13.511,10.309,10.345
20241115113820.7,317.285997793078,15.54,13.732,13.697,13.511,10.315,10.335
20241115113821.1,317.739002779126,15.528,13.748,13.683,13.507,10.307,10.337
20241115113821.6,318.188004568219,15.546,13.746,13.679,13.503,10.319,10.349
20241115113822,318.628999963403,15.544,13.724,13.693,13.495,10.335,10.337
20241115113822.5,319.08200494945,15.59,13.744,13.681,13.509,10.323,10.321
20241115113822.9,319.539003074169,15.584,13.748,13.675,13.507,10.307,10.337
20241115113823.4,319.993003830314,15.572,13.734,13.687,13.501,10.323,10.331
20241115113823.9,320.452999323606,15.56,13.752,13.699,13.497,10.339,10.341
20241115113824.3,320.899003744125,15.552,13.74,13.691,13.511,10.319,10.349
20241115113824.8,321.351998671889,15.558,13.752,13.699,13.507,10.309,10.335
20241115113825.2,321.805003657937,15.552,13.742,13.689,13.509,10.331,10.335
20241115113825.6,322.243001684546,15.709,13.742,13.707,13.509,10.333,10.325
20241115113826.1,322.699999809265,15.76,13.756,13.707,13.519,10.323,10.343
20241115113826.6,323.168001696467,15.82,13.75,13.691,13.495,10.311,10.339
20241115113827,323.620996624231,15.78,13.768,13.693,13.503,10.329,10.335
20241115113827.5,324.074997380376,15.732,13.748,13.707,13.515,10.327,10.321
20241115113827.9,324.528002366424,15.738,13.762,13.673,13.524,10.309,10.325
20241115113828.4,324.980997294188,15.717,13.782,13.683,13.503,10.299,10.327
20241115113828.8,325.434002280235,15.768,13.774,13.683,13.538,10.323,10.347
20241115113829.3,325.902999937534,15.752,13.756,13.695,13.507,10.331,10.345
20241115113829.8,326.352001726627,15.754,13.768,13.689,13.503,10.313,10.347
20241115113830.2,326.804996654391,15.776,13.766,13.685,13.511,10.327,10.337
20241115113830.7,327.253998443484,15.814,13.766,13.705,13.499,10.297,10.333
20241115113831.1,327.710996568203,15.954,13.778,13.705,13.511,10.317,10.335
20241115113831.6,328.161004185677,15.942,13.782,13.705,13.501,10.319,10.351
20241115113832,328.609995916486,15.924,13.792,13.709,13.503,10.327,10.319
20241115113832.5,329.067004099488,16,13.792,13.711,13.503,10.339,10.323
20241115113832.9,329.516005888581,16.02,13.804,13.72,13.497,10.313,10.329
20241115113833.4,329.969000816345,15.976,13.794,13.719,13.497,10.319,10.327
20241115113833.8,330.418002605438,16.004,13.804,13.715,13.493,10.309,10.327
20241115113834.3,330.882997065783,16.023,13.814,13.717,13.503,10.297,10.343
20241115113834.7,331.331998854876,16.022,13.81,13.72,13.507,10.333,10.323
20241115113835.2,331.78599961102,16.018,13.81,13.732,13.487,10.309,10.343
20241115113835.6,332.239004597068,16.039,13.816,13.726,13.509,10.317,10.343
20241115113836.1,332.703003287315,16.128,13.8,13.728,13.493,10.317,10.339
20241115113836.6,333.160997182131,16.273,13.831,13.719,13.513,10.325,10.329
20241115113837,333.614002168179,16.239,13.833,13.728,13.491,10.327,10.329
20241115113837.5,334.063003957272,16.148,13.831,13.736,13.507,10.325,10.333
20241115113837.9,334.515998885036,16.117,13.837,13.734,13.503,10.329,10.331
20241115113838.4,334.969003871083,16.073,13.825,13.742,13.507,10.327,10.353
20241115113838.8,335.421998798847,16.012,13.81,13.746,13.503,10.333,10.335
20241115113839.3,335.87100058794,15.99,13.82,13.728,13.52,10.321,10.329
20241115113839.7,336.325001344085,15.976,13.798,13.726,13.517,10.319,10.337
20241115113840.2,336.793003231287,15.958,13.806,13.75,13.501,10.339,10.343
20241115113840.6,337.245998159051,15.942,13.812,13.744,13.505,10.311,10.347
20241115113841.1,337.699998915195,15.919,13.812,13.715,13.517,10.333,10.333
20241115113841.5,338.144997507334,15.942,13.778,13.744,13.503,10.329,10.349
20241115113842,338.598002493382,15.942,13.812,13.719,13.489,10.327,10.341
20241115113842.5,339.0550006181,15.932,13.81,13.717,13.519,10.339,10.339
20241115113842.9,339.504002407193,15.942,13.786,13.713,13.499,10.331,10.339
20241115113843.4,339.968996867537,15.94,13.78,13.736,13.517,10.331,10.327
20241115113843.8,340.422001853585,15.97,13.778,13.705,13.517,10.341,10.345
20241115113844.3,340.871003642678,15.966,13.794,13.719,13.511,10.311,10.339
20241115113844.7,341.328001767397,15.992,13.776,13.719,13.499,10.341,10.359
20241115113845.2,341.782002523541,15.98,13.782,13.726,13.489,10.337,10.329
20241115113845.6,342.231004312634,16.002,13.778,13.711,13.491,10.319,10.325
20241115113846.1,342.683999240398,16.029,13.794,13.72,13.497,10.325,10.329
20241115113846.5,343.133001029491,15.986,13.768,13.72,13.489,10.325,10.345
20241115113847,343.585995957255,15.988,13.786,13.707,13.475,10.335,10.341
20241115113847.4,344.036003574729,15.984,13.802,13.709,13.495,10.321,10.337
20241115113847.9,344.504005461931,15.998,13.794,13.717,13.473,10.335,10.341
20241115113848.4,344.968999922276,15.994,13.806,13.713,13.469,10.329,10.343
20241115113848.8,345.422004908323,15.988,13.776,13.73,13.485,10.313,10.365
20241115113849.3,345.879003033042,16.008,13.788,13.711,13.479,10.317,10.329
20241115113849.7,346.331997960806,16.016,13.794,13.717,13.503,10.335,10.347
20241115113850.2,346.788996085525,16.016,13.776,13.709,13.493,10.331,10.341
20241115113850.6,347.239003702998,16.022,13.788,13.726,13.501,10.321,10.335
20241115113851.1,347.691998630762,16.02,13.784,13.705,13.491,10.327,10.339
20241115113851.5,348.14500361681,16.047,13.8,13.713,13.489,10.343,10.353
20241115113852,348.597998544574,16.053,13.782,13.717,13.485,10.327,10.333
20241115113852.5,349.051003530622,16.069,13.794,13.705,13.483,10.327,10.343
20241115113852.9,349.503998458385,16.067,13.782,13.695,13.481,10.329,10.341
20241115113853.4,349.960996583104,16.085,13.8,13.713,13.477,10.329,10.347
20241115113853.8,350.414001569152,16.107,13.796,13.713,13.489,10.341,10.345
20241115113854.3,350.882999226451,16.069,13.794,13.709,13.487,10.339,10.357
20241115113854.7,351.336004212499,16.039,13.806,13.728,13.495,10.311,10.331
20241115113855.2,351.788999140263,16.049,13.782,13.709,13.497,10.321,10.345
20241115113855.6,352.238996699452,16.041,13.786,13.715,13.485,10.343,10.341
20241115113856.1,352.6920016855,16.033,13.806,13.717,13.487,10.319,10.337
20241115113856.5,353.141003474593,16.022,13.814,13.734,13.503,10.329,10.355
20241115113857,353.590005263686,16.049,13.806,13.732,13.477,10.337,10.337
20241115113857.4,354.04300019145,16.069,13.806,13.724,13.505,10.309,10.333
20241115113857.9,354.496005177498,16.075,13.82,13.724,13.503,10.317,10.337
20241115113858.3,354.946002736688,16.117,13.794,13.744,13.503,10.329,10.345
20241115113858.8,355.398997664452,16.15,13.827,13.73,13.497,10.315,10.341
20241115113859.3,355.847999453545,16.142,13.825,13.738,13.513,10.329,10.351
20241115113859.7,356.301004439592,16.123,13.823,13.738,13.511,10.321,10.355
20241115113900.2,356.758002564311,16.121,13.827,13.74,13.495,10.305,10.367
20241115113900.6,357.231003418565,16.115,13.818,13.738,13.519,10.315,10.355
20241115113901.1,357.683998346329,16.093,13.821,13.734,13.522,10.333,10.343
20241115113901.5,358.137003332376,16.097,13.818,13.752,13.509,10.339,10.357
20241115113902,358.58999826014,16.083,13.821,13.744,13.513,10.333,10.331
20241115113902.4,359.043003246188,16.065,13.818,13.738,13.522,10.315,10.347
20241115113902.9,359.488997608423,16.057,13.818,13.738,13.501,10.321,10.359
20241115113903.3,359.942002594471,16.059,13.818,13.742,13.522,10.335,10.357
20241115113903.8,360.413997620344,16.067,13.823,13.74,13.524,10.339,10.349
20241115113904.3,360.864005237818,16.063,13.827,13.742,13.507,10.329,10.355
20241115113904.7,361.321003362536,16.057,13.812,13.754,13.515,10.347,10.343
20241115113905.2,361.7739982903,16.073,13.821,13.736,13.501,10.351,10.345
20241115113905.6,362.218996882439,16.061,13.821,13.742,13.509,10.327,10.349
20241115113906.1,362.672001868486,16.073,13.816,13.744,13.513,10.327,10.359
20241115113906.5,363.12499679625,16.059,13.82,13.748,13.501,10.323,10.363
20241115113907,363.582004979253,16.099,13.812,13.736,13.513,10.323,10.343
20241115113907.4,364.032002538443,16.083,13.818,13.778,13.515,10.331,10.355
20241115113907.9,364.484997466207,16.101,13.816,13.758,13.507,10.321,10.339
20241115113908.3,364.938002452254,16.107,13.796,13.752,13.493,10.345,10.353
20241115113908.8,365.395000576973,16.099,13.8,13.752,13.53,10.333,10.357
20241115113909.2,365.844002366066,16.123,13.784,13.752,13.517,10.321,10.365
20241115113909.7,366.29699729383,16.111,13.804,13.736,13.515,10.341,10.343
20241115113910.2,366.750002279878,16.099,13.796,13.738,13.526,10.323,10.345
20241115113910.6,367.207000404596,16.097,13.81,13.75,13.511,10.317,10.341
20241115113911.1,367.675998061895,16.115,13.814,13.754,13.509,10.315,10.363
20241115113911.5,368.129003047943,16.138,13.821,13.748,13.515,10.335,10.347
20241115113912,368.586001172662,16.126,13.821,13.76,13.513,10.329,10.359
20241115113912.4,369.038996100426,16.103,13.802,13.75,13.519,10.331,10.351
20241115113912.9,369.489003717899,16.14,13.827,13.744,13.515,10.325,10.351
20241115113913.4,369.957005605102,16.132,13.8,13.762,13.524,10.331,10.353
20241115113913.8,370.407003164291,16.132,13.827,13.77,13.53,10.313,10.347
20241115113914.3,370.859998092055,16.132,13.802,13.746,13.53,10.331,10.353
20241115113914.7,371.313003078103,16.15,13.802,13.75,13.511,10.333,10.345
20241115113915.2,371.765998005867,16.15,13.825,13.734,13.532,10.313,10.339
20241115113915.6,372.21499979496,16.156,13.804,13.746,13.542,10.329,10.353
20241115113916.1,372.668004781008,16.128,13.804,13.742,13.534,10.327,10.361
20241115113916.5,373.125002905726,16.13,13.814,13.766,13.532,10.319,10.349
20241115113917,373.57799783349,16.146,13.796,13.744,13.515,10.321,10.329
20241115113917.4,374.031998589635,16.13,13.788,13.744,13.519,10.329,10.329
20241115113917.9,374.485003575683,16.144,13.812,13.754,13.509,10.329,10.335
20241115113918.3,374.934005364776,16.148,13.796,13.746,13.517,10.335,10.339
20241115113918.8,375.38700029254,16.115,13.79,13.754,13.511,10.325,10.343
20241115113919.2,375.836002081633,16.15,13.796,13.73,13.513,10.319,10.343
20241115113919.7,376.288997009397,16.146,13.8,13.742,13.515,10.343,10.343
20241115113920.1,376.742997765541,16.152,13.794,13.74,13.513,10.309,10.347
20241115113920.6,377.191999554634,16.188,13.802,13.738,13.511,10.327,10.361
20241115113921,377.645004540682,16.178,13.816,13.758,13.515,10.335,10.341
20241115113921.5,378.097999468446,16.16,13.792,13.738,13.536,10.317,10.345
20241115113922,378.554997593164,16.178,13.786,13.728,13.503,10.331,10.361
20241115113922.4,379.008002579212,16.192,13.804,13.748,13.524,10.319,10.343
20241115113922.9,379.460997506976,16.176,13.81,13.742,13.505,10.329,10.361
20241115113923.3,379.914002493024,16.17,13.818,13.748,13.524,10.341,10.351
20241115113923.8,380.371000617743,16.19,13.79,13.74,13.501,10.333,10.345
20241115113924.2,380.827998742461,16.182,13.812,13.74,13.513,10.327,10.337
20241115113924.7,381.277996301651,16.202,13.8,13.742,13.52,10.343,10.347
20241115113925.1,381.738997623324,16.18,13.804,13.742,13.499,10.327,10.335
20241115113925.6,382.180003076792,16.184,13.798,13.74,13.524,10.335,10.353
20241115113926,382.632998004556,16.192,13.808,13.728,13.515,10.343,10.341
20241115113926.5,383.086002990603,16.206,13.812,13.728,13.503,10.337,10.351
20241115113926.9,383.538997918367,16.21,13.806,13.746,13.53,10.337,10.341
20241115113927.4,383.989005535841,16.208,13.81,13.75,13.515,10.317,10.337
20241115113927.8,384.442000463605,16.216,13.796,13.738,13.513,10.325,10.353
20241115113928.3,384.895005449653,16.218,13.8,13.746,13.493,10.327,10.359
20241115113928.8,385.348000377417,16.218,13.812,13.74,13.522,10.327,10.341
20241115113929.2,385.79700216651,16.237,13.808,13.736,13.526,10.349,10.343
20241115113929.7,386.254000291228,16.233,13.796,13.732,13.532,10.337,10.345
20241115113930.1,386.703002080321,16.247,13.808,13.748,13.513,10.337,10.353
20241115113930.6,387.152999639511,16.233,13.823,13.754,13.528,10.325,10.353
20241115113931,387.606004625559,16.239,13.812,13.738,13.54,10.349,10.351
20241115113931.5,388.058999553323,16.231,13.821,13.744,13.532,10.331,10.355
20241115113931.9,388.508001342416,16.243,13.82,13.738,13.524,10.343,10.355
20241115113932.4,388.96099627018,16.259,13.823,13.74,13.53,10.355,10.351
20241115113932.8,389.414001256227,16.251,13.821,13.744,13.522,10.341,10.337
20241115113933.3,389.863998815417,16.277,13.818,13.74,13.526,10.345,10.343
20241115113933.7,390.31300060451,16.273,13.816,13.748,13.519,10.325,10.343
20241115113934.2,390.781998261809,16.289,13.812,13.752,13.534,10.329,10.337
20241115113934.6,391.235003247857,16.283,13.818,13.758,13.522,10.351,10.359
20241115113935.1,391.687998175621,16.265,13.825,13.74,13.534,10.333,10.357
20241115113935.5,392.136999964714,16.317,13.816,13.748,13.542,10.329,10.357
20241115113936,392.593998089433,16.328,13.804,13.748,13.524,10.335,10.343
20241115113936.5,393.050996214151,16.352,13.812,13.742,13.546,10.343,10.349
20241115113936.9,393.499998003244,16.38,13.821,13.742,13.536,10.347,10.347
20241115113937.4,393.965002521873,16.386,13.818,13.758,13.526,10.327,10.359
20241115113937.8,394.417997449636,16.398,13.818,13.75,13.524,10.337,10.355
20241115113938.3,394.871002435684,16.412,13.829,13.744,13.526,10.339,10.351
20241115113938.7,395.325003191829,16.449,13.812,13.728,13.515,10.327,10.323
20241115113939.2,395.777998119593,16.461,13.861,13.734,13.528,10.339,10.363
20241115113939.6,396.23100310564,16.435,13.829,13.744,13.53,10.341,10.353
20241115113940.1,396.683998033404,16.453,13.831,13.742,13.519,10.315,10.361
20241115113940.5,397.137003019452,16.447,13.821,13.744,13.519,10.317,10.371
20241115113941,397.586004808545,16.451,13.841,13.728,13.522,10.323,10.357
20241115113941.5,398.055002465844,16.437,13.821,13.714,13.532,10.331,10.345
20241115113941.9,398.512000590563,16.447,13.825,13.74,13.522,10.337,10.351
20241115113942.4,398.968998715281,16.439,13.831,13.736,13.499,10.325,10.355
20241115113942.8,399.422003701329,16.443,13.827,13.726,13.518,10.303,10.339
20241115113943.3,399.879001826048,16.455,13.819,13.728,13.508,10.341,10.343
20241115113943.7,400.335999950767,16.447,13.817,13.752,13.491,10.337,10.339
20241115113944.2,400.778001174331,16.441,13.831,13.748,13.51,10.347,10.349
20241115113944.6,401.234999299049,16.433,13.825,13.72,13.516,10.327,10.355
20241115113945.1,401.691997423768,16.437,13.829,13.728,13.506,10.329,10.357
20241115113945.5,402.145002409816,16.449,13.811,13.718,13.506,10.313,10.325
20241115113946,402.602000534534,16.457,13.819,13.736,13.508,10.333,10.331
20241115113946.5,403.051002323627,16.471,13.839,13.746,13.489,10.331,10.339
20241115113946.9,403.493003547192,16.483,13.843,13.744,13.491,10.329,10.331
20241115113947.4,403.95000167191,16.483,13.823,13.732,13.503,10.315,10.335
20241115113947.8,404.402996599674,16.483,13.827,13.728,13.497,10.319,10.357
20241115113948.3,404.856001585722,16.477,13.829,13.734,13.512,10.309,10.351
20241115113948.7,405.312999710441,16.493,13.813,13.72,13.506,10.333,10.351
20241115113949.2,405.769997835159,16.52,13.821,13.71,13.516,10.307,10.343
20241115113949.6,406.218999624252,16.51,13.813,13.714,13.503,10.337,10.343
20241115113950.1,406.675997748971,16.53,13.837,13.71,13.493,10.327,10.345
20241115113950.5,407.141002267599,16.505,13.819,13.722,13.512,10.353,10.347
20241115113951,407.593997195363,16.52,13.823,13.72,13.508,10.335,10.349
20241115113951.4,408.047002181411,16.514,13.809,13.742,13.505,10.317,10.339
20241115113951.9,408.504000306129,16.524,13.827,13.722,13.501,10.319,10.339
20241115113952.4,408.972997963428,16.536,13.827,13.718,13.512,10.327,10.351
20241115113952.8,409.426002949476,16.534,13.825,13.726,13.483,10.323,10.345
20241115113953.3,409.875004738569,16.526,13.823,13.722,13.505,10.335,10.351
20241115113953.7,410.327999666333,16.544,13.837,13.728,13.505,10.327,10.357
20241115113954.2,410.782000422478,16.548,13.831,13.708,13.489,10.325,10.343
20241115113954.6,411.235005408525,16.582,13.823,13.73,13.505,10.321,10.337
20241115113955.1,411.688000336289,16.572,13.847,13.705,13.508,10.339,10.341
20241115113955.5,412.144998461008,16.582,13.827,13.714,13.516,10.337,10.343
20241115113956,412.598003447056,16.619,13.829,13.724,13.53,10.327,10.355
20241115113956.5,413.055001571774,16.635,13.839,13.719,13.515,10.339,10.347
20241115113956.9,413.528002426028,16.657,13.841,13.707,13.515,10.317,10.355
20241115113957.4,413.992996886373,16.667,13.839,13.742,13.522,10.333,10.347
20241115113957.8,414.44600187242,16.683,13.814,13.73,13.517,10.329,10.363
20241115113958.3,414.895003661513,16.695,13.835,13.742,13.52,10.329,10.339
20241115113958.8,415.356004983187,16.709,13.825,13.736,13.526,10.339,10.367
20241115113959.2,415.801003575325,16.705,13.812,13.73,13.544,10.345,10.347
20241115113959.7,416.253998503089,16.725,13.837,13.744,13.522,10.319,10.345
20241115114000.1,416.707003489137,16.713,13.845,13.726,13.517,10.309,10.365
20241115114000.6,417.176001146436,16.715,13.829,13.752,13.528,10.341,10.357
20241115114001,417.644998803735,16.717,13.833,13.746,13.511,10.337,10.359
20241115114001.5,418.094000592828,16.726,13.837,13.756,13.52,10.325,10.347
20241115114001.9,418.547005578876,16.738,13.831,13.756,13.532,10.311,10.335
20241115114002.4,419.000000506639,16.738,13.855,13.748,13.53,10.323,10.347
20241115114002.9,419.449998065829,16.77,13.845,13.738,13.52,10.335,10.341
20241115114003.3,419.906996190548,16.81,13.855,13.732,13.52,10.319,10.347
20241115114003.8,420.355997979641,16.873,13.835,13.758,13.515,10.313,10.357
20241115114004.2,420.804999768734,16.901,13.865,13.754,13.53,10.331,10.347
20241115114004.7,421.258004754782,16.905,13.871,13.726,13.542,10.337,10.353
20241115114005.1,421.727002412081,16.921,13.863,13.746,13.53,10.331,10.363
20241115114005.6,422.184000536799,16.926,13.873,13.734,13.519,10.325,10.355
20241115114006.1,422.649005055428,16.946,13.867,13.74,13.53,10.325,10.349
20241115114006.5,423.101999983191,16.952,13.875,13.744,13.524,10.337,10.343
20241115114007,423.555004969239,16.962,13.891,13.752,13.522,10.341,10.353
20241115114007.4,424.003996700048,16.964,13.873,13.75,13.52,10.339,10.361
20241115114007.9,424.457001686096,16.996,13.885,13.764,13.517,10.331,10.347
20241115114008.3,424.906999245286,17.002,13.895,13.764,13.513,10.327,10.355
20241115114008.8,425.363997370005,17.047,13.899,13.772,13.538,10.343,10.357
20241115114009.2,425.812999159098,17.085,13.881,13.76,13.546,10.343,10.357
20241115114009.7,426.269997283816,17.077,13.885,13.772,13.522,10.325,10.363
20241115114010.1,426.718999072909,17.087,13.905,13.772,13.53,10.327,10.343
20241115114010.6,427.184003591537,17.303,13.903,13.77,13.517,10.327,10.363
20241115114011,427.63300538063,17.34,13.909,13.768,13.536,10.325,10.359
20241115114011.5,428.08199711144,17.265,13.887,13.766,13.534,10.337,10.339
20241115114011.9,428.535997867584,17.192,13.907,13.748,13.538,10.333,10.355
20241115114012.4,428.989002853632,17.182,13.917,13.786,13.534,10.333,10.357
20241115114012.8,429.438004642725,17.144,13.913,13.76,13.534,10.335,10.367
20241115114013.3,429.886996373534,17.182,13.919,13.786,13.538,10.323,10.349
20241115114013.7,430.335998162627,17.206,13.936,13.776,13.552,10.313,10.369
20241115114014.2,430.789003148675,17.184,13.94,13.788,13.526,10.333,10.353
20241115114014.6,431.239000707865,17.18,13.921,13.772,13.554,10.325,10.365
20241115114015.1,431.691995635629,17.164,13.924,13.776,13.538,10.335,10.369
20241115114015.5,432.140997424722,17.174,13.928,13.792,13.548,10.323,10.361
20241115114016,432.594002410769,17.164,13.926,13.792,13.55,10.311,10.339
20241115114016.4,433.046997338533,17.172,13.918,13.792,13.552,10.315,10.369
20241115114016.9,433.495999127626,17.188,13.934,13.784,13.56,10.331,10.335
20241115114017.4,433.949999883771,17.225,13.926,13.79,13.542,10.331,10.351
20241115114017.8,434.403004869819,17.219,13.93,13.782,13.566,10.323,10.379
20241115114018.3,434.870996698737,17.314,13.928,13.778,13.53,10.329,10.353
20241115114018.7,435.321004316211,17.332,13.942,13.778,13.538,10.317,10.353
20241115114019.2,435.778002440929,17.344,13.934,13.794,13.532,10.331,10.371
20241115114019.6,436.230997368693,17.316,13.946,13.798,13.548,10.327,10.349
20241115114020.1,436.684002354741,17.301,13.944,13.794,13.534,10.327,10.345
20241115114020.5,437.136997282505,17.311,13.938,13.788,13.536,10.325,10.353
20241115114021,437.590002268553,17.283,13.92,13.772,13.53,10.323,10.355
20241115114021.5,438.063003122807,17.287,13.948,13.792,13.55,10.311,10.357
20241115114021.9,438.5120049119,17.267,13.946,13.798,13.55,10.325,10.357
20241115114022.4,438.964999839664,17.261,13.922,13.79,13.546,10.329,10.353
20241115114022.8,439.421997964382,17.289,13.944,13.79,13.544,10.323,10.359
20241115114023.3,439.870999753475,17.305,13.934,13.782,13.542,10.345,10.361
20241115114023.7,440.32500050962,17.289,13.94,13.778,13.552,10.335,10.359
20241115114024.2,440.774002298713,17.332,13.928,13.774,13.544,10.323,10.373
20241115114024.6,441.226997226477,17.303,13.936,13.786,13.548,10.323,10.373
20241115114025.1,441.680002212524,17.299,13.934,13.772,13.572,10.315,10.365
20241115114025.5,442.129004001617,17.314,13.932,13.762,13.538,10.327,10.343
20241115114026,442.593998461962,17.311,13.956,13.792,13.542,10.333,10.337
20241115114026.5,443.05099658668,17.324,13.936,13.786,13.538,10.317,10.355
20241115114026.9,443.504001572728,17.309,13.914,13.768,13.54,10.313,10.357
20241115114027.4,443.956996500492,17.332,13.93,13.778,13.542,10.331,10.357
20241115114027.8,444.410997256637,17.346,13.924,13.782,13.56,10.337,10.361
20241115114028.3,444.868005439639,17.354,13.905,13.804,13.542,10.329,10.349
20241115114028.7,445.316997170448,17.338,13.922,13.788,13.556,10.329,10.373
20241115114029.2,445.770002156496,17.336,13.926,13.798,13.552,10.335,10.367
20241115114029.6,446.219003945589,17.34,13.944,13.79,13.548,10.315,10.355
20241115114030.1,446.671998873353,17.372,13.916,13.778,13.552,10.335,10.365
20241115114030.5,447.125003859401,17.39,13.93,13.776,13.56,10.321,10.351
20241115114031,447.577998787165,17.38,13.946,13.8,13.552,10.339,10.365
20241115114031.4,448.024003207684,17.368,13.928,13.788,13.554,10.335,10.363
20241115114031.9,448.481001332402,17.376,13.95,13.782,13.544,10.339,10.345
20241115114032.3,448.933996260166,17.388,13.903,13.794,13.55,10.329,10.363
20241115114032.8,449.391004443169,17.388,13.901,13.792,13.546,10.339,10.357
20241115114033.3,449.852005764842,17.398,13.926,13.774,13.534,10.349,10.351
20241115114033.7,450.300997495651,17.408,13.893,13.774,13.542,10.331,10.349
20241115114034.2,450.75799562037,17.4,13.926,13.79,13.544,10.325,10.353
20241115114034.6,451.211000606418,17.402,13.897,13.764,13.544,10.315,10.357
20241115114035.1,451.667998731136,17.421,13.924,13.778,13.558,10.327,10.353
20241115114035.5,452.124996855855,17.392,13.926,13.772,13.546,10.347,10.371
20241115114036,452.578001841903,17.427,13.912,13.774,13.536,10.329,10.341
20241115114036.4,453.035995736718,17.435,13.934,13.774,13.552,10.337,10.365
20241115114036.9,453.493003919721,17.479,13.928,13.774,13.564,10.337,10.371
20241115114037.4,453.950002044439,17.469,13.936,13.778,13.56,10.337,10.361
20241115114037.8,454.407000169158,17.481,13.921,13.782,13.548,10.339,10.384
20241115114038.3,454.860005155206,17.493,13.942,13.772,13.544,10.337,10.371
20241115114038.7,455.31300008297,17.525,13.93,13.778,13.548,10.333,10.369
20241115114039.2,455.766005069017,17.544,13.932,13.788,13.568,10.327,10.371
20241115114039.6,456.214996799827,17.566,13.928,13.762,13.546,10.337,10.369
20241115114040.1,456.672004982829,17.566,13.93,13.774,13.548,10.355,10.363
20241115114040.5,457.124999910593,17.584,13.93,13.76,13.526,10.325,10.359
20241115114041,457.574997469783,17.614,13.922,13.752,13.546,10.329,10.353
20241115114041.4,458.032005652785,17.598,13.915,13.772,13.538,10.347,10.343
20241115114041.9,458.485000580549,17.616,13.895,13.76,13.56,10.331,10.367
20241115114042.3,458.934002369642,17.62,13.915,13.776,13.56,10.331,10.339
20241115114042.8,459.386997297406,17.635,13.915,13.78,13.562,10.331,10.353
20241115114043.2,459.835999086499,17.649,13.921,13.77,13.574,10.333,10.359
20241115114043.7,460.285996645689,17.643,13.928,13.78,13.544,10.335,10.359
20241115114044.2,460.75000539422,17.659,13.926,13.77,13.55,10.327,10.363
20241115114044.6,461.214999854565,17.689,13.938,13.774,13.528,10.337,10.376
20241115114045.1,461.695997044444,17.703,13.934,13.782,13.554,10.319,10.392
20241115114045.6,462.156998366117,17.725,13.962,13.762,13.552,10.339,10.382
20241115114046,462.610003352165,17.738,13.954,13.782,13.558,10.335,10.357
20241115114046.5,463.059005141258,17.768,13.958,13.776,13.544,10.323,10.363
20241115114046.9,463.512000069022,17.826,13.954,13.774,13.536,10.345,10.349
20241115114047.4,463.96500505507,17.863,13.956,13.786,13.55,10.331,10.374
20241115114047.8,464.417999982834,17.923,13.962,13.764,13.538,10.341,10.353
20241115114048.3,464.867997542024,17.962,13.958,13.79,13.538,10.335,10.376
20241115114048.7,465.321002528071,17.94,13.966,13.784,13.546,10.343,10.363
20241115114049.2,465.77800065279,17.954,13.962,13.79,13.542,10.339,10.357
20241115114049.6,466.227002441883,17.954,13.956,13.784,13.564,10.347,10.363
20241115114050.1,466.679997369647,17.968,13.964,13.802,13.56,10.339,10.367
20241115114050.5,467.133002355695,18.01,13.968,13.802,13.526,10.331,10.355
20241115114051,467.582004144788,18.006,13.982,13.778,13.548,10.327,10.359
20241115114051.4,468.036004900932,18.073,13.968,13.794,13.538,10.329,10.378
20241115114051.9,468.488999828696,18.083,13.964,13.794,13.556,10.335,10.355
20241115114052.3,468.942004814744,18.089,13.972,13.792,13.558,10.339,10.367
20241115114052.8,469.394999742508,18.099,13.956,13.8,13.558,10.331,10.367
20241115114053.3,469.848004728556,18.103,13.96,13.794,13.54,10.319,10.357
20241115114053.7,470.30099965632,18.125,13.956,13.804,13.544,10.327,10.355
20241115114054.2,470.750001445413,18.174,13.972,13.782,13.552,10.343,10.361
20241115114054.6,471.218999102712,18.229,13.97,13.786,13.536,10.327,10.38
20241115114055.1,471.672004088759,18.251,13.968,13.776,13.54,10.343,10.357
20241115114055.5,472.124999016523,18.35,13.978,13.794,13.53,10.337,10.351
20241115114056,472.574996575713,18.354,13.982,13.796,13.55,10.335,10.353
20241115114056.4,473.028001561761,18.354,13.992,13.792,13.552,10.333,10.357
20241115114056.9,473.480996489525,18.35,14.002,13.8,13.548,10.339,10.367
20241115114057.3,473.946001008153,18.327,14.008,13.8,13.524,10.335,10.353
20241115114057.8,474.398995935917,18.356,13.988,13.812,13.56,10.315,10.353
20241115114058.3,474.852000921965,18.414,13.99,13.8,13.548,10.325,10.353
20241115114058.7,475.301002711058,18.491,13.98,13.808,13.568,10.349,10.374
20241115114059.2,475.753997638822,18.558,13.992,13.798,13.566,10.337,10.361
20241115114059.6,476.211005821824,18.602,14.008,13.806,13.554,10.325,10.367
20241115114100.1,476.668003946543,18.689,14.014,13.827,13.544,10.313,10.357
20241115114100.5,477.125002071261,18.746,14.002,13.806,13.536,10.321,10.365
20241115114101,477.58200019598,18.764,14.029,13.823,13.556,10.315,10.365
20241115114101.5,478.050997853279,18.79,14.02,13.847,13.558,10.333,10.357
20241115114101.9,478.507995977998,18.826,14.016,13.825,13.564,10.341,10.374
20241115114102.4,478.977003693581,18.913,14.018,13.829,13.558,10.337,10.363
20241115114102.8,479.441998153925,18.849,14.023,13.814,13.566,10.331,10.359
20241115114103.3,479.895003139973,19.041,14.029,13.827,13.564,10.325,10.351
20241115114103.8,480.347998067737,19.208,14.041,13.825,13.574,10.339,10.357
20241115114104.2,480.801003053784,19.245,14.053,13.818,13.564,10.355,10.371
20241115114104.7,481.253997981548,19.273,14.037,13.798,13.57,10.335,10.359
20241115114105.1,481.702999770641,19.386,14.043,13.827,13.554,10.325,10.369
20241115114105.6,482.157000526786,19.509,14.055,13.831,13.562,10.329,10.355
20241115114106,482.610005512834,19.37,14.057,13.851,13.584,10.341,10.376
20241115114106.5,483.058997243643,19.441,14.039,13.825,13.54,10.325,10.345
20241115114106.9,483.507999032736,19.394,14.057,13.835,13.556,10.337,10.347
20241115114107.4,483.976996690035,19.523,14.059,13.833,13.548,10.329,10.367
20241115114107.8,484.430001676083,19.544,14.077,13.831,13.566,10.331,10.369
20241115114108.3,484.882996603847,19.578,14.083,13.849,13.576,10.327,10.367
20241115114108.7,485.336001589894,19.847,14.105,13.849,13.568,10.317,10.369
20241115114109.2,485.792999714613,19.756,14.105,13.829,13.572,10.335,10.363
20241115114109.6,486.246004700661,19.717,14.087,13.849,13.578,10.339,10.363
20241115114110.1,486.710999161005,19.711,14.089,13.823,13.576,10.323,10.371
20241115114110.6,487.164004147053,19.788,14.077,13.825,13.578,10.337,10.361
20241115114111,487.618004903197,19.954,14.089,13.839,13.568,10.339,10.376
20241115114111.5,488.066996634007,20.142,14.095,13.835,13.578,10.335,10.355
20241115114111.9,488.520001620054,20.22,14.12,13.818,13.572,10.323,10.374
20241115114112.4,488.976999744773,20.184,14.109,13.835,13.558,10.341,10.363
20241115114112.8,489.426001533866,20.382,14.107,13.823,13.568,10.331,10.359
20241115114113.3,489.871000126004,20.719,14.109,13.831,13.58,10.341,10.363
20241115114113.7,490.325000882149,20.437,14.087,13.847,13.576,10.319,10.371
20241115114114.2,490.777995809913,20.241,14.097,13.835,13.572,10.329,10.363
20241115114114.6,491.235003992915,20.152,14.095,13.839,13.572,10.319,10.374
20241115114115.1,491.692002117634,20.111,14.105,13.837,13.562,10.339,10.369
20241115114115.6,492.149000242352,20.089,14.099,13.837,13.566,10.327,10.374
20241115114116,492.6020052284,20.111,14.093,13.831,13.568,10.353,10.359
20241115114116.5,493.050996959209,20.125,14.083,13.853,13.566,10.333,10.365
20241115114116.9,493.508005142212,20.113,14.081,13.835,13.564,10.339,10.347
20241115114117.4,493.965003266931,20.097,14.091,13.839,13.562,10.351,10.388
20241115114117.8,494.426004588604,20.089,14.085,13.831,13.564,10.339,10.369
20241115114118.3,494.890999048948,20.089,14.091,13.825,13.558,10.327,10.363
20241115114118.7,495.344004034996,20.129,14.073,13.821,13.57,10.339,10.371
20241115114119.2,495.801002159715,20.172,14.081,13.843,13.572,10.315,10.365
20241115114119.7,496.265996620059,20.309,14.071,13.855,13.568,10.341,10.351
20241115114120.1,496.723004803061,20.386,14.105,13.827,13.56,10.333,10.38
20241115114120.6,497.175999730825,20.495,14.107,13.818,13.57,10.333,10.363
20241115114121,497.629004716873,20.495,14.111,13.851,13.564,10.341,10.343
20241115114121.5,498.081999644637,20.479,14.109,13.849,13.558,10.329,10.363
20241115114121.9,498.538997769356,20.43,14.101,13.843,13.556,10.327,10.367
20241115114122.4,498.9929985255,20.426,14.093,13.835,13.574,10.321,10.353
20241115114122.8,499.446003511548,20.437,14.101,13.835,13.578,10.325,10.367
20241115114123.3,499.898998439312,20.485,14.117,13.833,13.562,10.345,10.357
20241115114123.8,500.35200342536,20.637,14.113,13.851,13.572,10.343,10.365
20241115114124.2,500.801005214453,20.744,14.111,13.835,13.556,10.341,10.374
20241115114124.7,501.254000142217,20.849,14.115,13.861,13.564,10.345,10.378
20241115114125.1,501.707005128264,21.051,14.109,13.847,13.568,10.345,10.367
20241115114125.6,502.157002687454,21.166,14.126,13.853,13.562,10.329,10.376
20241115114126,502.609997615218,21.089,14.132,13.851,13.562,10.329,10.359
20241115114126.5,503.063002601266,21.087,14.136,13.851,13.55,10.337,10.371
20241115114126.9,503.52799706161,21.081,14.136,13.865,13.572,10.339,10.376
20241115114127.4,503.995998948812,21.071,14.148,13.845,13.58,10.337,10.365
20241115114127.9,504.461003467441,21.279,14.158,13.865,13.566,10.341,10.361
20241115114128.3,504.925997927785,21.536,14.15,13.853,13.568,10.323,10.353
20241115114128.8,505.379002913833,21.524,14.126,13.871,13.544,10.315,10.351
20241115114129.2,505.828004702926,21.667,14.156,13.851,13.564,10.317,10.365
20241115114129.7,506.285998597741,21.641,14.17,13.869,13.568,10.319,10.361
20241115114130.1,506.735000386834,21.633,14.138,13.865,13.574,10.311,10.357
20241115114130.6,507.191998511553,21.77,14.158,13.867,13.574,10.323,10.351
20241115114131,507.645003497601,21.74,14.17,13.861,13.574,10.307,10.367
20241115114131.5,508.102001622319,21.825,14.178,13.867,13.576,10.317,10.357
20241115114132,508.551003411412,22.004,14.182,13.865,13.57,10.325,10.357
20241115114132.4,509.000005200505,22.207,14.178,13.881,13.574,10.329,10.359
20241115114132.9,509.469002857804,22.085,14.176,13.889,13.594,10.333,10.363
20241115114133.3,509.926000982523,22.261,14.168,13.871,13.58,10.313,10.351
20241115114133.8,510.375002771616,22.232,14.194,13.897,13.588,10.327,10.355
20241115114134.2,510.82799769938,22.183,14.198,13.871,13.594,10.315,10.365
20241115114134.7,511.286001652479,22.469,14.211,13.883,13.584,10.319,10.373
20241115114135.1,511.735003441572,22.912,14.215,13.883,13.594,10.335,10.363
20241115114135.6,512.187998369336,22.822,14.207,13.885,13.604,10.321,10.371
20241115114136,512.637000158429,22.596,14.209,13.885,13.576,10.315,10.359
20241115114136.5,513.090005144477,22.577,14.188,13.889,13.578,10.325,10.357
20241115114136.9,513.538996875286,22.585,14.192,13.899,13.57,10.321,10.365
20241115114137.4,513.98900449276,22.694,14.213,13.877,13.59,10.319,10.361
20241115114137.8,514.437996223569,22.763,14.176,13.877,13.604,10.323,10.357
20241115114138.3,514.895004406571,22.829,14.209,13.897,13.586,10.339,10.363
20241115114138.7,515.343996137381,23.386,14.205,13.885,13.6,10.327,10.369
20241115114139.2,515.792997926474,23.848,14.229,13.877,13.594,10.329,10.371
20241115114139.6,516.246002912521,24.042,14.239,13.887,13.574,10.315,10.363
20241115114140.1,516.71500056982,23.677,14.2,13.871,13.572,10.323,10.379
20241115114140.6,517.168005555868,23.446,14.204,13.891,13.586,10.321,10.379
20241115114141,517.621000483632,23.296,14.205,13.879,13.59,10.335,10.378
20241115114141.5,518.075001239777,23.208,14.198,13.893,13.586,10.333,10.384
20241115114141.9,518.543003126979,23.153,14.186,13.877,13.6,10.331,10.38
20241115114142.4,518.993000686169,23.176,14.19,13.897,13.602,10.339,10.371
20241115114142.9,519.449998810887,23.311,14.18,13.881,13.596,10.323,10.374
20241115114143.3,519.91800069809,23.415,14.208,13.903,13.596,10.335,10.367
20241115114143.8,520.370995625854,23.903,14.227,13.897,13.604,10.327,10.376
20241115114144.2,520.840003341436,23.803,14.223,13.911,13.608,10.335,10.369
20241115114144.7,521.2929982692,23.803,14.22,13.885,13.606,10.313,10.371
20241115114145.1,521.746003255248,23.85,14.221,13.877,13.582,10.345,10.371
20241115114145.6,522.200004011393,23.842,14.225,13.893,13.594,10.341,10.376
20241115114146.1,522.652998939157,24.224,14.239,13.895,13.588,10.339,10.363
20241115114146.5,523.106003925204,24.929,14.229,13.903,13.606,10.343,10.386
20241115114147,523.558998852968,24.9,14.273,13.893,13.59,10.329,10.382
20241115114147.4,524.024003371596,24.786,14.259,13.899,13.59,10.339,10.367
20241115114147.9,524.473005160689,24.608,14.259,13.915,13.618,10.335,10.359
20241115114148.3,524.926000088453,25.119,14.257,13.897,13.594,10.323,10.374
20241115114148.8,525.394997745752,24.923,14.261,13.901,13.618,10.335,10.4
20241115114149.3,525.8480027318,24.831,14.265,13.907,13.6,10.321,10.351
20241115114149.7,526.305000856519,24.847,14.257,13.919,13.6,10.333,10.374
20241115114150.2,526.754002645612,24.882,14.257,13.915,13.61,10.337,10.374
20241115114150.6,527.21100077033,24.757,14.275,13.921,13.631,10.341,10.384
20241115114151.1,527.672002092004,24.753,14.267,13.911,13.643,10.325,10.359
20241115114151.5,528.129000216722,24.966,14.273,13.921,13.616,10.357,10.38
20241115114152,528.58200520277,25.182,14.273,13.926,13.618,10.331,10.39
20241115114152.4,529.035995900631,25.174,14.273,13.93,13.616,10.333,10.386
20241115114152.9,529.503997787833,25.546,14.285,13.926,13.629,10.333,10.398
20241115114153.4,529.952999576926,25.601,14.277,13.919,13.618,10.329,10.365
20241115114153.8,530.407000333071,25.859,14.277,13.932,13.604,10.335,10.378
20241115114154.3,530.860005319118,25.936,14.295,13.921,13.625,10.347,10.392
20241115114154.7,531.313000246882,25.903,14.293,13.93,13.61,10.347,10.38
20241115114155.2,531.76600523293,25.811,14.289,13.932,13.629,10.345,10.359
20241115114155.6,532.223003357649,25.793,14.305,13.942,13.614,10.347,10.369
20241115114156.1,532.672005146742,25.72,14.299,13.934,13.616,10.337,10.371
20241115114156.5,533.125000074506,25.791,14.291,13.928,13.623,10.335,10.365
20241115114157,533.593997731805,25.912,14.303,13.938,13.629,10.339,10.388
20241115114157.4,534.042999520898,26.046,14.303,13.93,13.621,10.333,10.382
20241115114157.9,534.492997080088,26.196,14.295,13.922,13.608,10.341,10.363
20241115114158.3,534.946002066135,26.569,14.301,13.946,13.604,10.339,10.367
20241115114158.8,535.398996993899,26.749,14.313,13.93,13.612,10.339,10.374
20241115114159.3,535.847998782992,26.719,14.307,13.946,13.62,10.331,10.374
20241115114159.7,536.30100376904,26.772,14.315,13.95,13.608,10.333,10.369
20241115114200.2,536.753998696804,27.656,14.313,13.93,13.631,10.345,10.382
20241115114200.6,537.238999083638,27.959,14.32,13.936,13.623,10.329,10.361
20241115114201.1,537.692004069686,27.579,14.328,13.952,13.612,10.341,10.371
20241115114201.5,538.14499899745,27.524,14.319,13.932,13.625,10.341,10.359
20241115114202,538.594000786543,27.618,14.338,13.938,13.618,10.339,10.384
20241115114202.4,539.046995714307,27.883,14.315,13.938,13.61,10.333,10.361
20241115114202.9,539.500000700355,27.973,14.324,13.948,13.614,10.331,10.376
20241115114203.4,539.961002022028,28.004,14.338,13.936,13.627,10.333,10.367
20241115114203.8,540.422003343701,27.943,14.32,13.944,13.627,10.343,10.371
20241115114204.3,540.874998271465,27.838,14.328,13.938,13.629,10.333,10.361
20241115114204.7,541.331996396184,27.769,14.315,13.94,13.635,10.331,10.365
20241115114205.2,541.789004579186,27.703,14.334,13.94,13.62,10.337,10.355
20241115114205.7,542.258002236485,27.704,14.326,13.926,13.62,10.319,10.374
20241115114206.1,542.715000361204,27.753,14.33,13.948,13.621,10.333,10.374
20241115114206.6,543.164002150297,27.763,14.322,13.938,13.618,10.349,10.361
20241115114207,543.618002906442,27.798,14.319,13.948,13.631,10.329,10.38
20241115114207.5,544.101997464895,27.908,14.32,13.938,13.641,10.327,10.376
20241115114208,544.555002450943,27.959,14.303,13.95,13.608,10.335,10.363
20241115114208.4,545.012000575662,27.963,14.317,13.921,13.606,10.331,10.355
20241115114208.9,545.47700509429,28.045,14.293,13.944,13.612,10.337,10.365
20241115114209.3,545.925996825099,28.102,14.305,13.917,13.616,10.329,10.382
20241115114209.8,546.379001811147,28.188,14.309,13.913,13.606,10.333,10.376
20241115114210.2,546.831996738911,28.225,14.289,13.932,13.618,10.313,10.376
20241115114210.7,547.285997495055,28.357,14.281,13.919,13.623,10.327,10.38
20241115114211.1,547.739002481103,28.41,14.317,13.919,13.604,10.337,10.374
20241115114211.6,548.207004368305,28.462,14.293,13.915,13.618,10.309,10.353
20241115114212.1,548.664002493024,28.556,14.297,13.922,13.612,10.337,10.378
20241115114212.5,549.118003249168,28.709,14.287,13.915,13.612,10.323,10.378
20241115114213,549.570998176932,28.981,14.305,13.911,13.602,10.335,10.347
20241115114213.4,550.03600269556,29.124,14.275,13.917,13.598,10.327,10.376
20241115114213.9,550.500001385808,29.095,14.269,13.913,13.598,10.343,10.378
20241115114214.4,550.956999510527,29.099,14.279,13.928,13.621,10.325,10.363
20241115114214.8,551.411000266671,29.138,14.263,13.919,13.602,10.319,10.357
20241115114215.3,551.874998956919,29.128,14.275,13.909,13.604,10.339,10.363
20241115114215.7,552.328003942966,29.258,14.271,13.932,13.602,10.321,10.363
20241115114216.2,552.782004699111,29.361,14.287,13.909,13.618,10.359,10.369
20241115114216.6,553.246003389359,29.489,14.271,13.913,13.623,10.333,10.371
20241115114217.1,553.700004145503,29.53,14.269,13.905,13.637,10.329,10.371
20241115114217.6,554.152999073267,29.575,14.265,13.919,13.598,10.335,10.369
20241115114218,554.618003591895,29.642,14.255,13.921,13.621,10.333,10.371
20241115114218.5,555.075001716614,29.694,14.245,13.905,13.641,10.325,10.382
20241115114218.9,555.531999841332,29.775,14.265,13.934,13.614,10.327,10.359
20241115114219.4,555.98500482738,29.879,14.257,13.913,13.618,10.323,10.365
20241115114219.8,556.437999755144,30.061,14.253,13.913,13.621,10.343,10.351
20241115114220.3,556.899001076818,30.21,14.251,13.915,13.623,10.333,10.357
20241115114220.8,557.367998734117,30.341,14.257,13.928,13.606,10.335,10.357
20241115114221.2,557.836000621319,31.085,14.243,13.915,13.596,10.329,10.369
20241115114221.7,558.297001942992,31.058,14.249,13.919,13.606,10.337,10.365
20241115114222.2,558.758003264666,31.105,14.241,13.915,13.596,10.325,10.365
20241115114222.6,559.207005053759,31.179,14.257,13.924,13.594,10.345,10.369
20241115114223.1,559.661005809903,31.232,14.237,13.911,13.614,10.327,10.367
20241115114223.5,560.114000737667,31.297,14.239,13.893,13.6,10.341,10.355
20241115114224,560.566995665431,31.43,14.255,13.903,13.602,10.315,10.353
20241115114224.4,561.024003848433,31.543,14.243,13.893,13.614,10.341,10.374
20241115114224.9,561.493001505733,31.792,14.253,13.893,13.572,10.331,10.369
20241115114225.3,561.938000097871,31.98,14.231,13.881,13.6,10.333,10.361
20241115114225.8,562.394998222589,32.147,14.233,13.905,13.588,10.339,10.374
20241115114226.3,562.848003208637,32.25,14.231,13.895,13.59,10.325,10.361
20241115114226.7,563.312997668982,32.252,14.245,13.899,13.596,10.319,10.355
20241115114227.2,563.766002655029,32.282,14.218,13.885,13.598,10.323,10.382
20241115114227.6,564.218997582793,32.276,14.251,13.915,13.598,10.341,10.367
20241115114228.1,564.672002568841,32.454,14.233,13.915,13.602,10.335,10.374
20241115114228.5,565.14100022614,32.65,14.235,13.901,13.614,10.343,10.357
20241115114229,565.609997883439,32.799,14.225,13.881,13.606,10.323,10.382
20241115114229.5,566.075002402067,32.875,14.225,13.901,13.592,10.331,10.38
20241115114229.9,566.539001092315,32.948,14.225,13.897,13.614,10.325,10.369
20241115114230.4,566.993001848459,33.048,14.231,13.899,13.592,10.343,10.359
20241115114230.9,567.461003735662,33.169,14.235,13.887,13.6,10.325,10.365
20241115114231.3,567.913998663425,33.259,14.209,13.883,13.609,10.323,10.351
20241115114231.8,568.379003182054,33.378,14.217,13.889,13.596,10.315,10.361
20241115114232.3,568.848000839353,33.85,14.213,13.91,13.598,10.315,10.365
20241115114232.7,569.304998964071,34.434,14.207,13.875,13.613,10.297,10.359
20241115114233.2,569.76199708879,34.657,14.225,13.895,13.596,10.323,10.355
20241115114233.7,570.250004902482,34.755,14.211,13.871,13.598,10.297,10.363
20241115114234.1,570.702999830246,35.192,14.196,13.889,13.588,10.329,10.367
20241115114234.6,571.168004348874,35.734,14.209,13.893,13.606,10.335,10.353
20241115114235,571.620999276638,35.607,14.213,13.881,13.602,10.325,10.361
20241115114235.5,572.075000032783,35.46,14.229,13.877,13.59,10.319,10.363
20241115114235.9,572.524001821876,35.421,14.207,13.903,13.586,10.307,10.345
20241115114236.4,572.985003143549,35.535,14.207,13.883,13.602,10.321,10.357
20241115114236.8,573.437998071313,35.649,14.213,13.877,13.6,10.325,10.353
20241115114237.3,573.894996196032,35.779,14.204,13.895,13.594,10.315,10.347
20241115114237.7,574.343997985125,35.911,14.192,13.907,13.609,10.309,10.367
20241115114238.2,574.813005700707,36.052,14.198,13.887,13.596,10.309,10.367
20241115114238.7,575.278000161052,36.205,14.209,13.865,13.586,10.323,10.355
20241115114239.1,575.731005147099,36.306,14.19,13.875,13.59,10.319,10.359
20241115114239.6,576.184000074863,36.42,14.188,13.887,13.578,10.327,10.355
20241115114240,576.637005060911,36.623,14.194,13.871,13.588,10.323,10.359
20241115114240.5,577.10600271821,36.782,14.209,13.883,13.574,10.327,10.353
20241115114241,577.558997645974,36.944,14.192,13.875,13.578,10.321,10.349
20241115114241.4,578.012002632022,37.072,14.209,13.873,13.594,10.315,10.369
20241115114241.9,578.476997092366,37.223,14.198,13.875,13.588,10.327,10.347
20241115114242.3,578.942001610994,37.38,14.19,13.885,13.576,10.317,10.361
20241115114242.8,579.410999268293,37.566,14.186,13.879,13.588,10.329,10.367
20241115114243.3,579.864004254341,37.825,14.188,13.883,13.592,10.331,10.347
20241115114243.7,580.316999182105,38.125,14.211,13.871,13.588,10.321,10.341
20241115114244.2,580.782003700733,38.424,14.198,13.893,13.594,10.319,10.38
20241115114244.6,581.234998628497,38.544,14.204,13.893,13.606,10.323,10.367
20241115114245.1,581.688003614545,38.615,14.204,13.877,13.62,10.331,10.349
20241115114245.6,582.152998074889,38.805,14.214,13.883,13.58,10.323,10.353
20241115114246,582.606003060937,39.078,14.188,13.885,13.592,10.321,10.367
20241115114246.5,583.070997521281,39.343,14.198,13.881,13.57,10.315,10.365
20241115114246.9,583.538999408484,39.564,14.196,13.873,13.6,10.347,10.369
20241115114247.4,583.993000164628,39.883,14.178,13.871,13.58,10.317,10.365
20241115114247.9,584.456998854876,40.268,14.18,13.875,13.59,10.343,10.359
20241115114248.3,584.922003373504,40.561,14.196,13.893,13.588,10.327,10.355
20241115114248.8,585.374998301268,40.818,14.192,13.877,13.602,10.335,10.357
20241115114249.3,585.859998688102,41.064,14.182,13.883,13.586,10.333,10.347
20241115114249.7,586.309000477195,41.474,14.192,13.861,13.578,10.333,10.376
20241115114250.2,586.762005463243,41.744,14.188,13.863,13.574,10.327,10.365
20241115114250.6,587.215000391006,42.057,14.174,13.875,13.574,10.337,10.347
20241115114251.1,587.668005377054,42.564,14.18,13.883,13.578,10.315,10.361
20241115114251.5,588.121000304818,42.766,14.18,13.859,13.57,10.337,10.382
20241115114252,588.589997962117,43.139,14.19,13.859,13.578,10.333,10.367
20241115114252.4,589.043002948165,43.358,14.192,13.867,13.578,10.333,10.376
20241115114252.9,589.493000507355,43.736,14.178,13.869,13.57,10.327,10.343
20241115114253.4,589.949998632073,44.276,14.196,13.867,13.576,10.335,10.378
20241115114253.8,590.413997322321,44.897,14.184,13.855,13.582,10.335,10.361
20241115114254.3,590.871005505323,45.124,14.198,13.871,13.572,10.345,10.376
20241115114254.7,591.340003162622,46.01,14.186,13.847,13.564,10.339,10.369
20241115114255.2,591.809000819921,46.918,14.204,13.873,13.562,10.331,10.367
20241115114255.7,592.261995747685,46.982,14.192,13.887,13.558,10.335,10.363
20241115114256.1,592.710997536778,49.305,14.21,13.869,13.572,10.339,10.351
20241115114256.6,593.164002522826,51.024,14.216,13.859,13.582,10.341,10.363
20241115114257,593.63700337708,51.076,14.237,13.855,13.578,10.339,10.349
20241115114257.5,594.089998304844,51.062,14.235,13.881,13.552,10.317,10.361
20241115114258,594.558995962143,51.638,14.239,13.869,13.574,10.343,10.382
20241115114258.4,595.012000948191,52.704,14.245,13.879,13.568,10.321,10.38
20241115114258.9,595.48099860549,52.946,14.261,13.859,13.596,10.323,10.353
20241115114259.4,595.949996262789,52.71,14.243,13.875,13.562,10.351,10.371
20241115114259.8,596.403001248837,53.099,14.259,13.871,13.574,10.333,10.371
20241115114300.3,596.85200303793,53.669,14.261,13.865,13.568,10.337,10.38
20241115114300.7,597.321000695229,54.494,14.249,13.877,13.576,10.341,10.361
20241115114301.2,597.773995622993,55.131,14.281,13.879,13.594,10.315,10.353
20241115114301.6,598.222997412086,56.151,14.271,13.905,13.592,10.335,10.365
20241115114302.1,598.676002398133,56.565,14.279,13.889,13.6,10.329,10.365
20241115114302.5,599.145000055432,57.586,14.289,13.901,13.6,10.331,10.365
20241115114303,599.618000909686,58.597,14.293,13.907,13.596,10.319,10.355
20241115114303.5,600.067002698779,58.973,14.299,13.919,13.602,10.339,10.357
20241115114303.9,600.519997626543,58.649,14.289,13.903,13.592,10.337,10.361
20241115114304.4,600.968999415636,59.055,14.326,13.921,13.594,10.325,10.367
20241115114304.8,601.434003934264,63.277,14.313,13.905,13.614,10.339,10.376
20241115114305.3,601.891002058983,64.359,14.324,13.909,13.602,10.335,10.361
20241115114305.8,602.355996519327,64.265,14.334,13.922,13.612,10.325,10.376
20241115114306.2,602.82500423491,64.025,14.324,13.928,13.602,10.343,10.382
20241115114306.7,603.277999162674,64.601,14.332,13.915,13.604,10.339,10.361
20241115114307.1,603.731004148722,64.895,14.354,13.915,13.606,10.337,10.376
20241115114307.6,604.195998609066,65.977,14.36,13.936,13.618,10.347,10.378
20241115114308.1,604.649003595114,66.428,14.354,13.93,13.608,10.337,10.357
20241115114308.5,605.101998522878,67.66,14.368,13.94,13.616,10.321,10.359
20241115114309,605.558996647596,68.057,14.362,13.938,13.623,10.329,10.384
20241115114309.4,606.007998436689,67.941,14.362,13.934,13.62,10.327,10.359
20241115114309.9,606.461003422737,68.304,14.338,13.934,13.616,10.323,10.357
20241115114310.3,606.937997415662,69.199,14.344,13.936,13.606,10.343,10.371
20241115114310.8,607.417998835444,70.111,14.346,13.936,13.623,10.329,10.382
20241115114311.3,607.871003821492,70.649,14.36,13.954,13.608,10.331,10.351
20241115114311.7,608.340001478791,71.743,14.364,13.932,13.627,10.323,10.369
20241115114312.2,608.801002800465,73.069,14.354,13.962,13.627,10.341,10.353
20241115114312.7,609.250004589558,73.634,14.364,13.924,13.625,10.335,10.388
20241115114313.1,609.700002148747,76.948,14.382,13.946,13.631,10.357,10.38
20241115114313.6,610.152997076511,79.609,14.372,13.942,13.627,10.329,10.376
20241115114314,610.606002062559,80.806,14.382,13.938,13.643,10.339,10.374
20241115114314.5,611.058996990323,81.297,14.41,13.958,13.633,10.315,10.357
20241115114314.9,611.516005173326,80.259,14.376,13.958,13.633,10.335,10.367
20241115114315.4,611.969000101089,82.029,14.386,13.966,13.627,10.339,10.384
20241115114315.8,612.442000955343,82.786,14.406,13.958,13.639,10.355,10.361
20241115114316.3,612.891002744436,82.837,14.376,13.958,13.627,10.335,10.374
20241115114316.7,613.3439976722,82.857,14.376,13.962,13.623,10.335,10.382
20241115114317.2,613.813005387783,82.83,14.41,13.956,13.625,10.333,10.371
20241115114317.7,614.266000315547,85.174,14.39,13.96,13.61,10.331,10.367
20241115114318.1,614.71500210464,86.455,14.39,13.972,13.623,10.345,10.363
20241115114318.6,615.172000229359,85.515,14.378,13.964,13.631,10.321,10.378
20241115114319,615.625005215406,86.148,14.378,13.946,13.651,10.339,10.38
20241115114319.5,616.07800014317,86.769,14.386,13.982,13.623,10.311,10.369
20241115114319.9,616.532000899315,90.571,14.386,13.968,13.627,10.327,10.384
20241115114320.4,616.984995827079,90.177,14.372,13.97,13.635,10.353,10.363
20241115114320.8,617.438000813127,89.181,14.356,13.962,13.639,10.321,10.363
20241115114321.3,617.906998470426,90.809,14.372,13.974,13.618,10.339,10.363
20241115114321.8,618.360003456473,91.357,14.364,13.976,13.616,10.333,10.374
20241115114322.2,618.812998384237,93.304,14.37,13.954,13.6,10.325,10.359
20241115114322.7,619.281996041536,93.92,14.386,13.968,13.62,10.335,10.386
20241115114323.1,619.735001027584,94.192,14.372,13.95,13.61,10.329,10.345
20241115114323.6,620.203002914786,94.848,14.362,13.946,13.616,10.333,10.361
20241115114324.1,620.657003670931,98.094,14.364,13.942,13.614,10.323,10.374
20241115114324.5,621.121002361178,98.59,14.36,13.956,13.618,10.335,10.355
20241115114325,621.575003117323,97.854,14.344,13.944,13.612,10.339,10.361
20241115114325.4,622.027998045087,99.715,14.348,13.915,13.604,10.333,10.374
20241115114325.9,622.495999932289,101.325,14.344,13.919,13.61,10.335,10.376
20241115114326.4,622.950000688434,102.929,14.332,13.913,13.631,10.327,10.353
20241115114326.8,623.418002575636,102.279,14.334,13.934,13.608,10.339,10.361
20241115114327.3,623.875000700355,101.975,14.313,13.926,13.62,10.325,10.382
20241115114327.7,624.328005686402,103.385,14.336,13.948,13.6,10.339,10.369
20241115114328.2,624.778003245592,105.224,14.338,13.942,13.618,10.331,10.365
20241115114328.7,625.261997804046,106.157,14.346,13.942,13.616,10.341,10.378
20241115114329.1,625.727002322674,106.365,14.34,13.917,13.616,10.341,10.365
20241115114329.6,626.195999979973,107.773,14.336,13.928,13.621,10.327,10.363
20241115114330.1,626.661004498601,107.069,14.344,13.917,13.604,10.327,10.365
20241115114330.5,627.125003188848,106.561,14.332,13.932,13.618,10.337,10.359
20241115114331,627.577998116612,107.246,14.338,13.946,13.616,10.333,10.363
20241115114331.4,628.031998872757,109.877,14.33,13.93,13.625,10.317,10.361
20241115114331.9,628.485003858805,111.823,14.344,13.938,13.627,10.331,10.371
20241115114332.3,628.942001983523,113.547,14.334,13.926,13.616,10.337,10.363
20241115114332.8,629.394996911287,114.814,14.328,13.926,13.62,10.341,10.363
20241115114333.2,629.84399870038,115.029,14.336,13.94,13.623,10.345,10.355
20241115114333.7,630.300996825099,116.451,14.319,13.938,13.62,10.333,10.371
20241115114334.2,630.766001343727,117.925,14.328,13.936,13.635,10.335,10.374
20241115114334.6,631.227002665401,119.006,14.344,13.948,13.623,10.325,10.363
20241115114335.1,631.691997125745,120.231,14.322,13.942,13.621,10.331,10.361
20241115114335.6,632.157001644373,121.575,14.334,13.936,13.604,10.335,10.357
20241115114336,632.609996572137,123.747,14.34,13.932,13.623,10.333,10.357
20241115114336.5,633.077998459339,124.017,14.32,13.922,13.618,10.343,10.376
20241115114336.9,633.531999215484,125.266,14.324,13.938,13.598,10.335,10.363
20241115114337.4,633.995997905731,127.493,14.336,13.921,13.61,10.329,10.361
20241115114337.9,634.465005621314,131.552,14.33,13.936,13.625,10.327,10.371
20241115114338.3,634.934003278613,131.659,14.324,13.948,13.61,10.333,10.353
20241115114338.8,635.386998206377,133.222,14.32,13.93,13.608,10.329,10.38
20241115114339.2,635.840003192425,136.598,14.336,13.926,13.612,10.339,10.359
20241115114339.7,636.304997652769,139.629,14.332,13.921,13.62,10.333,10.357
20241115114340.2,636.758002638817,140.389,14.326,13.938,13.633,10.321,10.369
20241115114340.6,637.238999828696,141.187,14.346,13.911,13.635,10.349,10.365
20241115114341.1,637.702998518944,141.788,14.342,13.917,13.621,10.339,10.369
20241115114341.6,638.156999275088,144.037,14.334,13.938,13.612,10.327,10.367
20241115114342,638.613997399807,147.585,14.358,13.948,13.621,10.335,10.367
20241115114342.5,639.077996090055,151.921,14.358,13.922,13.618,10.361,10.367
20241115114342.9,639.531996846199,155.755,14.354,13.928,13.61,10.323,10.355
20241115114343.4,639.989005029202,158.613,14.374,13.924,13.623,10.339,10.369
20241115114343.9,640.449996292591,160.186,14.376,13.924,13.614,10.335,10.369
20241115114344.3,640.914005041122,162.268,14.366,13.954,13.612,10.343,10.339
20241115114344.8,641.368005797267,164.276,14.386,13.936,13.616,10.343,10.378
20241115114345.2,641.821000725031,168.204,14.384,13.942,13.61,10.329,10.351
20241115114345.7,642.286005243659,171.447,14.398,13.95,13.625,10.357,10.378
20241115114346.1,642.739000171423,174.254,14.388,13.954,13.61,10.327,10.359
20241115114346.6,643.207002058625,175.747,14.402,13.956,13.627,10.343,10.363
20241115114347.1,643.66100281477,177.922,14.404,13.964,13.625,10.329,10.365
20241115114347.5,644.129004701972,179.227,14.398,13.954,13.629,10.361,10.365
20241115114348,644.593999162316,181.824,14.408,13.956,13.614,10.321,10.376
20241115114348.5,645.062996819615,185.002,14.42,13.954,13.625,10.331,10.347
20241115114348.9,645.532004535198,187.623,14.406,13.938,13.627,10.335,10.367
20241115114349.4,645.993005856872,189.676,14.406,13.962,13.631,10.321,10.355
20241115114349.9,646.45000398159,192.144,14.412,13.962,13.608,10.339,10.376
20241115114350.3,646.914002671838,195.464,14.423,13.964,13.627,10.337,10.378
20241115114350.8,647.383000329137,198.481,14.404,13.956,13.631,10.345,10.347
20241115114351.3,647.851997986436,203.162,14.418,13.972,13.631,10.343,10.357
20241115114351.7,648.336002603173,204.684,14.425,13.956,13.608,10.335,10.367
20241115114352.2,648.797003924847,207.641,14.423,13.964,13.629,10.331,10.382
20241115114352.7,649.282004311681,209.314,14.445,13.972,13.633,10.319,10.371
20241115114353.1,649.746003001928,211.809,14.441,13.958,13.604,10.325,10.382
20241115114353.6,650.215000659227,215.201,14.441,13.964,13.616,10.323,10.38
20241115114354.1,650.683998316526,217.055,14.445,13.976,13.62,10.353,10.357
20241115114354.6,651.149002835155,219.241,14.447,13.958,13.618,10.313,10.384
20241115114355,651.632997393608,220.965,14.441,13.98,13.635,10.343,10.355
20241115114355.5,652.098001912236,223.086,14.441,13.944,13.633,10.339,10.367
20241115114356,652.566999569535,224.806,14.441,13.976,13.618,10.317,10.359
20241115114356.4,653.032004088163,226.677,14.439,13.972,13.635,10.339,10.361
20241115114356.9,653.484999015927,228.836,14.431,13.944,13.618,10.333,10.349
20241115114357.4,653.95300090313,231.587,14.439,13.966,13.633,10.325,10.365
20241115114357.8,654.418005421758,233.537,14.451,13.964,13.623,10.337,10.353
20241115114358.3,654.882999882102,235.738,14.441,13.966,13.631,10.341,10.353
20241115114358.8,655.351997539401,238.177,14.437,13.966,13.645,10.349,10.347
20241115114359.2,655.821005254984,239.844,14.433,13.978,13.627,10.357,10.376
20241115114359.7,656.285999715328,241.167,14.459,13.99,13.647,10.327,10.374
20241115114400.1,656.739004701376,243.347,14.435,13.96,13.627,10.323,10.378
20241115114400.6,657.206996530294,245.722,14.429,13.954,13.631,10.339,10.371
20241115114401.1,657.672001048923,248.083,14.423,13.966,13.635,10.323,10.369
20241115114401.5,658.137005567551,250.02,14.443,13.952,13.629,10.337,10.382
20241115114402,658.60600322485,252.214,14.441,13.96,13.629,10.309,10.39
20241115114402.5,659.058998152614,254.188,14.433,13.966,13.643,10.317,10.38
20241115114402.9,659.512003138661,256.297,14.437,13.962,13.631,10.329,10.374
20241115114403.4,659.98100079596,259.088,14.427,13.962,13.631,10.351,10.361
20241115114403.9,660.449998453259,261.831,14.437,13.964,13.618,10.339,10.369
20241115114404.3,660.903003439307,264.743,14.437,13.96,13.627,10.325,10.353
20241115114404.8,661.367997899652,266.93,14.457,13.968,13.608,10.329,10.359
20241115114405.2,661.821002885699,268.941,14.447,13.968,13.633,10.345,10.367
20241115114405.7,662.304997444153,271.563,14.465,13.966,13.633,10.333,10.357
20241115114406.2,662.774005159736,274.298,14.471,13.978,13.637,10.321,10.361
20241115114406.6,663.243002817035,276.988,14.473,13.96,13.637,10.331,10.361
20241115114407.1,663.711004704237,279.38,14.471,13.974,13.641,10.345,10.361
20241115114407.6,664.175999164581,281.334,14.509,13.978,13.637,10.329,10.363
20241115114408,664.629004150629,283.301,14.497,13.99,13.627,10.351,10.376
20241115114408.5,665.098001807928,285.46,14.521,13.994,13.651,10.335,10.376
20241115114409,665.566999465227,287.553,14.499,13.992,13.653,10.349,10.374
20241115114409.4,666.020004451275,290.86,14.521,14.01,13.649,10.305,10.374
20241115114409.9,666.489002108574,291.396,14.568,14.008,13.653,10.357,10.361
20241115114410.4,666.953000798821,294.087,14.558,13.99,13.641,10.325,10.363
20241115114410.8,667.41800531745,295.61,14.586,14.016,13.647,10.339,10.38
20241115114411.3,667.871000245214,298.028,14.574,14.01,13.661,10.337,10.378
20241115114411.7,668.327998369932,300.768,14.57,14.023,13.645,10.329,10.384
20241115114412.2,668.800999224186,303.618,14.554,14.021,13.649,10.327,10.374
20241115114412.7,669.254004210234,306.031,14.58,13.998,13.653,10.323,10.371
20241115114413.1,669.706999137998,307.593,14.562,13.996,13.651,10.335,10.347
20241115114413.6,670.163997262716,310.185,14.586,14.02,13.657,10.335,10.359
20241115114414,670.629001781344,312.81,14.554,13.984,13.653,10.331,10.378
20241115114414.5,671.085999906063,315.328,14.564,14.002,13.645,10.317,10.359
20241115114414.9,671.539004892111,317.885,14.544,14.004,13.651,10.329,10.374
20241115114415.4,672.00800254941,320.359,14.552,14,13.645,10.323,10.367
20241115114415.9,672.465000674129,322.464,14.542,14,13.651,10.315,10.371
20241115114416.4,672.952998429537,325.308,14.542,14.008,13.62,10.345,10.365
20241115114416.8,673.418002948165,327.598,14.562,14.008,13.643,10.335,10.384
20241115114417.3,673.882997408509,329.648,14.548,14,13.653,10.347,10.374
20241115114417.8,674.355998262763,331.799,14.544,14,13.647,10.333,10.365
20241115114418.2,674.824995920062,334.18,14.56,14.004,13.635,10.343,10.355
20241115114418.7,675.292997807264,335.708,14.552,14.002,13.671,10.315,10.382
20241115114419.2,675.758002325892,338.121,14.574,13.996,13.643,10.319,10.378
20241115114419.6,676.215000450611,339.349,14.554,14.004,13.647,10.339,10.357
20241115114420.1,676.668005436659,341.637,14.556,14.016,13.645,10.327,10.369
20241115114420.5,677.125003561378,343.588,14.56,14.016,13.657,10.337,10.38
20241115114421,677.582001686096,345.107,14.574,14.01,13.647,10.337,10.374
20241115114421.5,678.050999343395,346.65,14.576,14.002,13.653,10.333,10.361
20241115114421.9,678.516003862023,347.669,14.578,14.004,13.645,10.331,10.378
20241115114422.4,678.968998789787,349.985,14.58,14.018,13.651,10.327,10.382
20241115114422.8,679.425996914506,352.574,14.588,14.029,13.649,10.317,10.374
20241115114423.3,679.895004630089,354.839,14.574,14.006,13.647,10.319,10.388
20241115114423.8,680.359999090433,356.186,14.588,14.006,13.651,10.327,10.384
20241115114424.2,680.813004076481,357.832,14.566,14.012,13.669,10.323,10.367
20241115114424.7,681.301001831889,360.22,14.578,14.027,13.671,10.327,10.396
20241115114425.2,681.757999956608,360.739,14.572,14.004,13.655,10.327,10.371
20241115114425.6,682.231000810862,362.639,14.598,14.016,13.647,10.341,10.361
20241115114426.1,682.69600532949,364.42,14.594,14.035,13.665,10.345,10.363
20241115114426.6,683.163997158408,366.176,14.604,14.037,13.663,10.347,10.376
20241115114427,683.629001677036,367.946,14.586,14.006,13.677,10.349,10.361
20241115114427.5,684.0819966048,370.154,14.6,14.027,13.663,10.351,10.384
20241115114428,684.551004320383,371.552,14.58,14.023,13.683,10.329,10.384
20241115114428.4,685.020001977682,371.228,14.576,14.02,13.671,10.339,10.38
20241115114428.9,685.484996438026,373.62,14.58,14.016,13.669,10.325,10.365
20241115114429.3,685.942004621029,375.105,14.59,14.027,13.659,10.341,10.38
20241115114429.8,686.411002278328,376.148,14.586,14.023,13.673,10.343,10.39
20241115114430.3,686.87900416553,377.424,14.582,14.018,13.663,10.343,10.38
20241115114430.8,687.36000135541,378.788,14.594,14.021,13.657,10.349,10.382
20241115114431.2,687.828003242612,377.262,14.608,14.021,13.665,10.331,10.367
20241115114431.7,688.297000899911,382.266,14.606,14.008,13.659,10.329,10.378
20241115114432.2,688.762005418539,383.19,14.592,14.029,13.653,10.335,10.384
20241115114432.6,689.231003075838,384.049,14.592,14.016,13.655,10.345,10.374
20241115114433.1,689.688001200557,385.038,14.592,14.025,13.665,10.337,10.376
20241115114433.6,690.152995660901,385.307,14.586,14.025,13.685,10.327,10.38
20241115114434,690.620997548103,384.499,14.584,14.033,13.675,10.347,10.374
20241115114434.5,691.086002066731,385.588,14.608,14.031,13.687,10.343,10.376
20241115114435,691.55499972403,387.262,14.622,14.047,13.677,10.325,10.376
20241115114435.4,692.011997848749,390.36,14.608,14.041,13.679,10.333,10.39
20241115114435.9,692.481005564332,387.291,14.612,14.023,13.683,10.335,10.39
20241115114436.3,692.946000024676,387.639,14.629,14.045,13.697,10.333,10.374
20241115114436.8,693.399005010724,388.364,14.596,14.043,13.705,10.337,10.371
20241115114437.3,693.856003135443,389.033,14.614,14.039,13.689,10.321,10.369
20241115114437.7,694.320997595787,388.517,14.627,14.061,13.693,10.333,10.382
20241115114438.2,694.774002581835,390.001,14.635,14.033,13.695,10.333,10.388
20241115114438.6,695.243000239134,390.935,14.627,14.023,13.689,10.345,10.378
20241115114439.1,695.711002126336,391.119,14.625,14.033,13.681,10.329,10.374
20241115114439.6,696.1639970541,392.091,14.61,14.031,13.699,10.329,10.382
20241115114440,696.633004769683,391.728,14.616,14.039,13.709,10.347,10.38
20241115114440.5,697.090002894402,391.85,14.627,14.059,13.705,10.333,10.394
20241115114441,697.559000551701,390.343,14.614,14.037,13.713,10.345,10.376
20241115114441.4,698.027998209,388.601,14.616,14.037,13.707,10.333,10.384
20241115114441.9,698.488999530673,390.44,14.61,14.043,13.711,10.339,10.388
20241115114442.3,698.942004516721,390.451,14.629,14.045,13.705,10.339,10.374
20241115114442.8,699.41100217402,395.289,14.637,14.049,13.713,10.337,10.396
20241115114443.3,699.879004061222,293.198,14.667,14.063,13.701,10.353,10.388
20241115114443.7,700.343998521566,225.893,14.673,14.053,13.691,10.351,10.38
20241115114444.2,700.812996178865,181.742,14.671,14.067,13.707,10.337,10.384
20241115114444.7,701.282003894448,147.589,14.695,14.065,13.709,10.351,10.384
20241115114445.1,701.746002584696,119.812,14.707,14.049,13.701,10.347,10.369
20241115114445.6,702.203000709414,98.359,14.707,14.055,13.689,10.343,10.367
20241115114446.1,702.668005228043,80.019,14.697,14.049,13.699,10.343,10.394
20241115114446.5,703.128996491432,65.307,14.675,14.069,13.685,10.333,10.388
20241115114447,703.59400101006,53.815,14.685,14.051,13.701,10.347,10.38
20241115114447.5,704.059005528688,44.924,14.665,14.057,13.689,10.325,10.374
20241115114447.9,704.516003653407,38.209,14.651,14.049,13.687,10.341,10.369
20241115114448.4,704.980998113751,33.324,14.653,14.057,13.713,10.323,10.396
20241115114448.8,705.44600263238,29.704,14.651,14.031,13.695,10.337,10.376
20241115114449.3,705.914004519582,27.205,14.614,14.067,13.693,10.337,10.376
20241115114449.8,706.374995782971,25.307,14.633,14.041,13.693,10.337,10.39
20241115114450.3,706.85199983418,23.711,14.622,14.041,13.703,10.347,10.371
20241115114450.7,707.317004352808,22.358,14.635,14.031,13.699,10.331,10.38
20241115114451.2,707.786002010107,21.542,14.641,14.029,13.697,10.335,10.388
20241115114451.7,708.254003897309,20.768,14.618,14.041,13.705,10.331,10.374
20241115114452.1,708.711002022028,20.388,14.62,14.027,13.691,10.355,10.394
20241115114452.6,709.179999679327,19.988,14.618,14.043,13.701,10.347,10.378
20241115114453.1,709.648997336626,19.81,14.633,14.029,13.697,10.327,10.374
20241115114453.5,710.114001855254,19.56,14.627,14.039,13.685,10.351,10.376
20241115114454,710.585996881127,19.285,14.618,14.025,13.703,10.317,10.374
20241115114454.5,711.05500459671,19.039,14.627,14.027,13.701,10.343,10.378
20241115114454.9,711.512002721429,18.946,14.606,14.041,13.707,10.343,10.384
20241115114455.4,711.981000378728,18.958,14.622,14.037,13.681,10.327,10.371
20241115114455.9,712.449998036027,18.851,14.6,14.029,13.693,10.349,10.376
20241115114456.3,712.917999923229,18.828,14.612,14.027,13.683,10.333,10.384
20241115114456.8,713.383004441857,18.887,14.608,14.029,13.683,10.319,10.353
20241115114457.3,713.852002099156,18.934,14.616,14.031,13.667,10.355,10.382
20241115114457.7,714.320999756455,18.812,14.625,14.043,13.681,10.347,10.378
20241115114458.2,714.786004275084,18.828,14.608,14.021,13.685,10.337,10.376
20241115114458.7,715.253996104002,18.845,14.612,14.041,13.689,10.319,10.374
20241115114459.1,715.723003819585,18.859,14.616,14.031,13.683,10.343,10.388
20241115114459.6,716.192001476884,18.711,14.606,14.033,13.659,10.323,10.386
20241115114500.1,716.656995937228,18.655,14.602,14.031,13.683,10.331,10.371
20241115114500.5,717.110000923276,18.711,14.61,14.033,13.673,10.321,10.363
20241115114501,717.581995949149,18.833,14.618,14.045,13.661,10.343,10.359
20241115114501.5,718.051003664732,19.024,14.623,14.029,13.679,10.329,10.355
20241115114501.9,718.524004518986,19.029,14.604,14.029,13.671,10.329,10.361
20241115114502.4,718.98899897933,18.786,14.631,14.033,13.677,10.343,10.365
20241115114502.8,719.442003965378,18.952,14.616,14.027,13.665,10.319,10.38
20241115114503.3,719.911001622677,19.17,14.629,14.027,13.669,10.345,10.365
20241115114503.8,720.379003509879,19.327,14.625,14.006,13.681,10.337,10.38
20241115114504.2,720.843997970223,19.445,14.635,14.023,13.659,10.347,10.402
20241115114504.7,721.300996094942,19.515,14.627,14.02,13.651,10.353,10.376
20241115114505.2,721.76600061357,19.251,14.623,14.018,13.665,10.325,10.398
20241115114505.6,722.239001467824,19.077,14.62,14.02,13.645,10.335,10.361
20241115114506.1,722.707003355026,19.144,14.622,14.021,13.661,10.331,10.378
20241115114506.6,723.171997815371,19.004,14.623,14.008,13.659,10.341,10.382
20241115114507.1,723.656998202205,18.857,14.629,14.027,13.657,10.333,10.367
20241115114507.5,724.141002818942,18.891,14.604,14.02,13.665,10.341,10.371
20241115114508,724.610000476241,18.8,14.62,14.02,13.655,10.339,10.359
20241115114508.5,725.071001797915,18.831,14.623,14.014,13.663,10.329,10.371
20241115114508.9,725.527999922633,18.873,14.622,14.023,13.665,10.337,10.371
20241115114509.4,725.996001809835,18.913,14.633,14.01,13.671,10.329,10.359
20241115114509.9,726.48100219667,19.029,14.612,14.014,13.669,10.331,10.382
20241115114510.4,726.949999853969,19.136,14.629,14,13.673,10.333,10.369
20241115114510.8,727.413998544216,19.255,14.633,14.029,13.677,10.317,10.378
20241115114511.3,727.882996201515,19.376,14.623,14.018,13.683,10.327,10.357
20241115114511.7,728.340004384518,19.457,14.633,14.039,13.667,10.331,10.363
20241115114512.2,728.797002509236,19.594,14.629,14.016,13.655,10.331,10.382
20241115114512.7,729.261996969581,19.701,14.627,14.023,13.665,10.335,10.371
20241115114513.1,729.727001488209,19.774,14.643,14.031,13.665,10.343,10.363
20241115114513.6,730.195999145508,19.81,14.635,14.029,13.689,10.329,10.355
20241115114514.1,730.652997270226,19.802,14.651,14.021,13.673,10.335,10.376
20241115114514.5,731.118001788855,19.826,14.633,14.008,13.673,10.343,10.359
20241115114515,731.586003676057,19.903,14.649,14.023,13.671,10.345,10.371
20241115114515.5,732.050998136401,19.901,14.637,14.037,13.663,10.357,10.367
20241115114515.9,732.504003122449,19.863,14.647,14.025,13.671,10.329,10.378
20241115114516.4,732.968997582793,19.923,14.673,14.037,13.653,10.327,10.363
20241115114516.8,733.441998437047,19.938,14.661,14.033,13.673,10.335,10.355
20241115114517.3,733.907002955675,19.95,14.667,14.037,13.665,10.341,10.384
20241115114517.8,734.387004375458,19.905,14.663,14.025,13.683,10.341,10.367
20241115114518.3,734.851998835802,19.798,14.661,14.031,13.671,10.343,10.376
20241115114518.7,735.320996493101,19.927,14.679,14.045,13.673,10.333,10.361
20241115114519.2,735.774001479149,20.041,14.687,14.037,13.665,10.323,10.365
20241115114519.6,736.242999136448,20.02,14.669,14.043,13.671,10.329,10.369
20241115114520.1,736.71100102365,19.946,14.713,14.043,13.669,10.339,10.374
20241115114520.6,737.179998680949,19.818,14.699,14.051,13.659,10.327,10.365
20241115114521,737.645003199577,19.82,14.687,14.055,13.675,10.331,10.382
20241115114521.5,738.114000856876,19.901,14.703,14.029,13.673,10.343,10.353
20241115114522,738.577999547124,19.867,14.707,14.039,13.675,10.341,10.384
20241115114522.4,739.046997204423,19.93,14.715,14.039,13.675,10.351,10.369
20241115114522.9,739.516004920006,20.071,14.728,14.051,13.681,10.335,10.371
20241115114523.4,739.985002577305,20.192,14.732,14.025,13.677,10.347,10.378
20241115114523.8,740.437997505069,20.178,14.721,14.049,13.665,10.321,10.374
20241115114524.3,740.910998359323,20.22,14.73,14.045,13.673,10.339,10.371
20241115114524.8,741.379000246525,20.291,14.736,14.043,13.669,10.339,10.38
20241115114525.3,741.852001100779,20.336,14.724,14.059,13.687,10.339,10.384
20241115114525.7,742.317005619407,20.325,14.719,14.047,13.671,10.345,10.374
20241115114526.2,742.770000547171,20.386,14.736,14.041,13.681,10.347,10.376
20241115114526.6,743.23899820447,20.378,14.726,14.063,13.675,10.333,10.386
20241115114527.1,743.695996329188,20.267,14.726,14.051,13.687,10.345,10.38
20241115114527.6,744.163998216391,20.158,14.73,14.041,13.661,10.333,10.376
20241115114528,744.629002735019,20.14,14.736,14.053,13.677,10.335,10.357
20241115114528.5,745.102003589272,20.085,14.728,14.083,13.675,10.343,10.388
20241115114529,745.571001246572,19.956,14.73,14.059,13.659,10.335,10.365
20241115114529.4,746.035995706916,19.98,14.728,14.059,13.677,10.345,10.384
20241115114529.9,746.508000791073,20.002,14.736,14.069,13.677,10.347,10.369
20241115114530.4,746.976998448372,20.085,14.73,14.049,13.687,10.337,10.374
20241115114530.9,747.449999302626,20.218,14.742,14.051,13.669,10.343,10.353
20241115114531.3,747.913997992873,20.392,14.75,14.043,13.677,10.331,10.371
20241115114531.8,748.382995650172,20.386,14.752,14.049,13.655,10.327,10.374
20241115114532.3,748.883002996445,20.233,14.768,14.053,13.663,10.355,10.39
20241115114532.8,749.352000653744,20.132,14.76,14.065,13.663,10.333,10.367
20241115114533.2,749.817005172372,20.045,14.746,14.061,13.675,10.343,10.388
20241115114533.7,750.281999632716,19.956,14.75,14.065,13.689,10.345,10.355
20241115114534.2,750.750001519918,19.889,14.764,14.057,13.665,10.349,10.374
20241115114534.6,751.218999177217,19.948,14.758,14.075,13.671,10.345,10.374
20241115114535.1,751.687996834517,20.061,14.766,14.089,13.671,10.339,10.394
20241115114535.6,752.153001353145,20.178,14.778,14.067,13.669,10.325,10.392
20241115114536,752.621003240347,20.174,14.77,14.093,13.667,10.321,10.371
20241115114536.5,753.090000897646,20.231,14.786,14.085,13.667,10.341,10.374
20241115114536.9,753.54299582541,20.261,14.768,14.077,13.677,10.329,10.382
20241115114537.4,754.015996679664,20.253,14.756,14.073,13.687,10.349,10.371
20241115114537.9,754.485004395247,20.214,14.768,14.077,13.689,10.331,10.361
20241115114538.4,754.952996224165,20.127,14.774,14.089,13.689,10.325,10.367
20241115114538.8,755.411000177264,20.081,14.77,14.063,13.681,10.329,10.359
20241115114539.3,755.874998867512,20.119,14.752,14.069,13.689,10.333,10.386
20241115114539.7,756.33199699223,20.299,14.75,14.081,13.669,10.349,10.365
20241115114540.2,756.801004707813,20.426,14.758,14.077,13.673,10.339,10.365
20241115114540.7,757.270002365112,20.477,14.764,14.079,13.701,10.335,10.386
20241115114541.1,757.74600058794,20.449,14.776,14.073,13.681,10.349,10.365
20241115114541.6,758.214998245239,20.352,14.768,14.079,13.685,10.325,10.382
20241115114542.1,758.683995902538,20.148,14.776,14.075,13.697,10.347,10.382
20241115114542.5,759.137000888586,19.99,14.774,14.073,13.681,10.335,10.361
20241115114543,759.602005407214,19.891,14.758,14.081,13.669,10.347,10.371
20241115114543.5,760.071003064513,19.94,14.768,14.073,13.691,10.325,10.361
20241115114543.9,760.528001189232,20.057,14.768,14.101,13.689,10.323,10.371
20241115114544.4,760.996003076434,20.119,14.804,14.077,13.693,10.339,10.353
20241115114544.9,761.460997536778,20.21,14.762,14.089,13.669,10.333,10.388
20241115114545.3,761.918005719781,20.208,14.804,14.071,13.705,10.337,10.39
20241115114545.8,762.39900290966,20.091,14.78,14.077,13.677,10.333,10.376
20241115114546.3,762.868000566959,20.077,14.784,14.087,13.691,10.339,10.371
20241115114546.7,763.336002454162,20.075,14.786,14.089,13.705,10.325,10.363
20241115114547.2,763.800996914506,20.047,14.774,14.101,13.689,10.333,10.363
20241115114547.7,764.270004630089,20.026,14.774,14.079,13.699,10.329,10.359
20241115114548.1,764.739002287388,19.913,14.782,14.087,13.681,10.369,10.376
20241115114548.6,765.20700417459,19.679,14.774,14.065,13.695,10.327,10.386
20241115114549.1,765.671998634934,18.384,14.782,14.093,13.701,10.335,10.382
20241115114549.5,766.140996292233,17.663,14.818,14.081,13.713,10.335,10.386
20241115114550,766.613997146487,17.578,14.778,14.103,13.72,10.321,10.376
20241115114550.5,767.078005895019,17.513,14.802,14.087,13.691,10.329,10.386
20241115114550.9,767.547003552318,17.517,14.798,14.085,13.719,10.329,10.39
20241115114551.4,768.008004873991,17.414,14.808,14.105,13.722,10.325,10.386
20241115114551.9,768.48900206387,16.926,14.81,14.097,13.705,10.311,10.382
20241115114552.4,768.972996622324,16.624,14.82,14.103,13.713,10.323,10.376
20241115114552.8,769.442004337907,16.41,14.806,14.103,13.713,10.333,10.359
20241115114553.3,769.899002462626,16.346,14.818,14.109,13.707,10.327,10.351
20241115114553.8,770.36399692297,16.485,14.816,14.105,13.709,10.337,10.378
20241115114554.2,770.831998810172,16.62,14.839,14.122,13.709,10.331,10.371
20241115114554.7,771.300996467471,16.695,14.833,14.115,13.703,10.325,10.378
20241115114555.2,771.770004183054,16.748,14.837,14.12,13.707,10.333,10.371
20241115114555.6,772.234998643398,16.671,14.857,14.117,13.73,10.335,10.38
20241115114556.1,772.703000530601,16.734,14.859,14.144,13.734,10.349,10.384
20241115114556.6,773.1719981879,16.776,14.851,14.132,13.709,10.345,10.365
20241115114557,773.637002706528,16.833,14.857,14.117,13.709,10.335,10.374
20241115114557.5,774.106000363827,16.853,14.867,14.107,13.705,10.339,10.38
20241115114558,774.574998021126,16.76,14.865,14.13,13.713,10.331,10.371
20241115114558.4,775.042999908328,16.804,14.865,14.126,13.73,10.335,10.398
20241115114558.9,775.511997565627,16.867,14.855,14.132,13.752,10.345,10.378
20241115114559.4,775.98100528121,16.871,14.879,14.136,13.711,10.317,10.376
20241115114559.9,776.450002938509,16.719,14.875,14.128,13.74,10.331,10.369
20241115114600.3,776.918004825711,16.736,14.885,14.105,13.726,10.343,10.376
20241115114600.8,777.38700248301,16.738,14.869,14.142,13.726,10.337,10.384
20241115114601.3,777.851996943355,16.639,14.877,14.132,13.73,10.335,10.359
20241115114601.7,778.309005126357,16.75,14.863,14.13,13.719,10.341,10.392
20241115114602.2,778.773999586701,16.857,14.865,14.146,13.742,10.329,10.384
20241115114602.6,779.23900410533,16.905,14.885,14.138,13.728,10.341,10.388
20241115114603.1,779.710999131203,16.901,14.879,14.13,13.746,10.313,10.4
20241115114603.6,780.176003649831,16.843,14.875,14.148,13.74,10.333,10.355
20241115114604,780.64500130713,16.782,14.877,14.136,13.728,10.323,10.376
20241115114604.5,781.113998964429,16.721,14.881,14.124,13.734,10.331,10.365
20241115114605,781.582000851631,16.669,14.869,14.144,13.73,10.321,10.363
20241115114605.5,782.05099850893,16.649,14.883,14.122,13.736,10.337,10.363
20241115114605.9,782.519996166229,16.507,14.881,14.12,13.738,10.317,10.382
20241115114606.4,782.985000684857,16.412,14.897,14.138,13.758,10.329,10.384
20241115114606.9,783.456995710731,16.487,14.889,14.12,13.73,10.323,10.382
20241115114607.3,783.922000229359,16.576,14.903,14.132,13.726,10.329,10.386
20241115114607.8,784.387004747987,16.709,14.885,14.134,13.746,10.315,10.38
20241115114608.3,784.856002405286,16.816,14.919,14.138,13.722,10.327,10.367
20241115114608.7,785.32099686563,16.897,14.946,14.136,13.715,10.333,10.369
20241115114609.2,785.778005048633,16.932,14.944,14.142,13.726,10.339,10.374
20241115114609.6,786.238996312022,16.98,14.936,14.144,13.728,10.327,10.357
20241115114610.1,786.706998199224,17.043,14.934,14.15,13.738,10.357,10.367
20241115114610.6,787.172002717853,17.063,14.948,14.162,13.736,10.337,10.38
20241115114611,787.641000375152,17.043,14.942,14.158,13.74,10.327,10.386
20241115114611.5,788.109998032451,17.059,14.956,14.142,13.728,10.323,10.371
20241115114612,788.575002551079,17.085,14.956,14.142,13.74,10.321,10.367
20241115114612.4,789.043004438281,17.103,14.982,14.148,13.724,10.329,10.374
20241115114612.9,789.516005292535,17.065,14.994,14.148,13.73,10.333,10.365
20241115114613.4,789.985002949834,17.004,15.022,14.15,13.73,10.323,10.371
20241115114613.9,790.449997410178,16.736,15.039,14.158,13.736,10.323,10.371
20241115114614.3,790.91799929738,16.59,15.095,14.156,13.748,10.337,10.367
20241115114614.8,791.383003816009,16.554,15.111,14.17,13.752,10.335,10.363
20241115114615.3,791.852001473308,16.396,15.158,14.182,13.748,10.337,10.382
20241115114615.7,792.325002327561,16.368,15.138,14.17,13.752,10.335,10.376
20241115114616.2,792.793004214764,16.495,15.128,14.196,13.754,10.343,10.386
20241115114616.7,793.257998675108,16.459,15.148,14.196,13.76,10.317,10.367
20241115114617.1,793.726996332407,16.358,15.124,14.188,13.74,10.335,10.388
20241115114617.6,794.19600404799,16.303,15.136,14.194,13.75,10.325,10.386
20241115114618.1,794.663995876908,16.37,15.14,14.206,13.766,10.319,10.376
20241115114618.5,795.129000395536,16.269,15.136,14.184,13.778,10.325,10.371
20241115114619,795.594004914165,16.285,15.144,14.198,13.776,10.321,10.371
20241115114619.5,796.067005768418,16.364,15.144,14.2,13.762,10.321,10.347
20241115114619.9,796.546997129917,16.394,15.128,14.188,13.768,10.327,10.367
20241115114620.4,797.0160048455,16.493,15.158,14.192,13.772,10.333,10.369
20241115114620.9,797.485002502799,16.572,15.17,14.184,13.752,10.319,10.388
20241115114621.4,797.949996963143,16.635,15.178,14.204,13.762,10.339,10.371
20241115114621.8,798.4220020473,16.73,15.186,14.2,13.776,10.329,10.376
20241115114622.3,798.90299923718,16.774,15.184,14.186,13.78,10.329,10.363
20241115114622.8,799.359997361898,16.782,15.223,14.198,13.784,10.325,10.374
20241115114623.2,799.817005544901,16.752,15.22,14.216,13.786,10.323,10.392
20241115114623.7,800.2860032022,16.772,15.247,14.21,13.79,10.319,10.369
20241115114624.2,800.750001892447,16.758,15.239,14.208,13.784,10.321,10.388
20241115114624.6,801.239005476236,16.75,15.243,14.21,13.768,10.313,10.376
20241115114625.1,801.718996837735,16.784,15.247,14.227,13.79,10.319,10.378
20241115114625.6,802.191997691989,16.798,15.204,14.21,13.77,10.317,10.374
20241115114626.1,802.664002776146,16.818,15.221,14.19,13.772,10.323,10.374
20241115114626.5,803.12899723649,16.814,15.202,14.218,13.784,10.317,10.376
20241115114627,803.598004952073,16.835,15.21,14.214,13.774,10.333,10.369
20241115114627.5,804.062999412417,16.812,15.196,14.196,13.77,10.327,10.369
20241115114627.9,804.531997069716,16.847,15.194,14.206,13.77,10.329,10.374
20241115114628.4,805.004002153873,16.863,15.204,14.204,13.784,10.317,10.374
20241115114628.9,805.468996614218,16.877,15.202,14.198,13.766,10.333,10.345
20241115114629.3,805.938004329801,16.911,15.196,14.216,13.758,10.323,10.374
20241115114629.8,806.4070019871,16.954,15.202,14.192,13.762,10.319,10.378
20241115114630.3,806.875003874302,16.976,15.188,14.174,13.752,10.319,10.371
20241115114630.7,807.344001531601,17.012,15.198,14.184,13.76,10.331,10.353
20241115114631.2,807.8129991889,17.018,15.182,14.172,13.76,10.307,10.386
20241115114631.7,808.281996846199,17.087,15.178,14.186,13.754,10.323,10.382
20241115114632.2,808.749998733401,17.115,15.16,14.176,13.772,10.341,10.359
20241115114632.6,809.2189963907,17.101,15.176,14.194,13.776,10.331,10.378
20241115114633.1,809.684000909328,17.057,15.164,14.19,13.748,10.331,10.39
20241115114633.6,810.152998566628,17.03,15.152,14.182,13.772,10.335,10.388
20241115114634,810.62100045383,17.101,15.16,14.182,13.75,10.337,10.392
20241115114634.5,811.086004972458,17.156,15.152,14.162,13.762,10.339,10.374
20241115114635,811.555002629757,17.243,15.156,14.158,13.762,10.327,10.39
20241115114635.4,812.024000287056,17.37,15.154,14.172,13.75,10.323,10.372
20241115114635.9,812.489004805684,17.374,15.156,14.16,13.764,10.331,10.382
20241115114636.4,812.956996634603,17.364,15.158,14.162,13.758,10.337,10.382
20241115114636.8,813.441997021437,17.331,15.14,14.164,13.754,10.339,10.382
20241115114637.3,813.907001540065,17.247,15.138,14.158,13.774,10.339,10.39
20241115114637.8,814.375003427267,17.204,15.142,14.156,13.748,10.331,10.368
20241115114638.2,814.844001084566,17.117,15.152,14.158,13.746,10.341,10.386
20241115114638.7,815.309005603194,17.057,15.136,14.162,13.758,10.331,10.378
20241115114639.2,815.774000063539,17.073,15.127,14.156,13.772,10.325,10.372
20241115114639.6,816.242997720838,17.075,15.162,14.178,13.766,10.319,10.398
20241115114640.1,816.71099960804,17.045,15.164,14.178,13.764,10.329,10.372
20241115114640.6,817.179997265339,17.067,15.168,14.166,13.76,10.349,10.363
20241115114641,817.645001783967,17.049,15.182,14.156,13.772,10.333,10.378
20241115114641.5,818.113999441266,17.065,15.158,14.18,13.782,10.319,10.392
20241115114642,818.582001328468,17.079,15.158,14.178,13.77,10.329,10.384
20241115114642.5,819.062998518348,17.079,15.16,14.176,13.772,10.327,10.368
20241115114642.9,819.531996175647,17.095,15.158,14.178,13.762,10.329,10.382
20241115114643.4,819.999998062849,17.107,15.178,14.186,13.774,10.309,10.368
20241115114643.9,820.465002581477,17.125,15.164,14.184,13.772,10.323,10.386
20241115114644.3,820.934000238776,17.121,15.146,14.186,13.758,10.317,10.357
20241115114644.8,821.390998363495,17.085,15.16,14.16,13.772,10.327,10.359
20241115114645.3,821.859996020794,16.901,15.15,14.162,13.766,10.319,10.363
20241115114645.7,822.325000539422,16.736,15.154,14.158,13.748,10.319,10.371
20241115114646.2,822.796995565295,16.641,15.166,14.164,13.77,10.319,10.365
20241115114646.7,823.262000083923,16.536,15.17,14.186,13.748,10.331,10.38
20241115114647.1,823.735000938177,16.473,15.162,14.146,13.762,10.319,10.382
20241115114647.6,824.234998226166,16.447,15.162,14.174,13.76,10.329,10.374
20241115114648.1,824.700002744794,16.511,15.176,14.168,13.732,10.319,10.367
20241115114648.6,825.168004631996,16.473,15.166,14.174,13.752,10.311,10.353
20241115114649,825.637002289295,16.451,15.17,14.16,13.748,10.323,10.363
20241115114649.5,826.105999946594,16.546,15.168,14.17,13.756,10.313,10.367
20241115114650,826.593997702003,16.602,15.158,14.198,13.772,10.317,10.386
20241115114650.5,827.054999023676,16.58,15.178,14.174,13.746,10.315,10.386
20241115114650.9,827.508004009724,16.576,15.184,14.176,13.766,10.311,10.369
20241115114651.4,827.977001667023,16.616,15.168,14.168,13.762,10.315,10.376
20241115114651.8,828.445999324322,16.697,15.176,14.184,13.768,10.309,10.359
20241115114652.3,828.918004408479,16.776,15.192,14.166,13.744,10.325,10.367
20241115114652.8,829.387002065778,16.839,15.206,14.176,13.756,10.319,10.371
20241115114653.3,829.860002920032,16.901,15.186,14.172,13.756,10.327,10.363
20241115114653.7,830.324997380376,16.895,15.192,14.176,13.768,10.319,10.374
20241115114654.2,830.792999267578,16.82,15.184,14.176,13.744,10.309,10.353
20241115114654.7,831.261996924877,16.677,15.17,14.19,13.758,10.313,10.367
20241115114655.1,831.73100464046,16.691,15.198,14.166,13.75,10.327,10.378
20241115114655.6,832.195999100804,16.707,15.186,14.176,13.748,10.319,10.369
20241115114656.1,832.652997225523,16.78,15.196,14.174,13.746,10.321,10.378
20241115114656.5,833.120999112725,16.802,15.192,14.174,13.758,10.319,10.355
20241115114657,833.586003631353,16.816,15.19,14.18,13.772,10.313,10.369
20241115114657.5,834.059004485607,16.78,15.202,14.17,13.764,10.291,10.378
20241115114657.9,834.528002142906,16.717,15.17,14.18,13.764,10.319,10.359
20241115114658.4,834.996004030108,16.6,15.2,14.174,13.77,10.311,10.369
20241115114658.9,835.465001687407,16.376,15.184,14.176,13.766,10.317,10.376
20241115114659.3,835.933999344707,16.279,15.192,14.188,13.754,10.309,10.388
20241115114659.8,836.399003863335,16.307,15.206,14.164,13.75,10.303,10.369
20241115114700.3,836.870998889208,16.188,15.212,14.162,13.748,10.319,10.365
20241115114700.7,837.339996546507,16.251,15.229,14.166,13.766,10.305,10.365
20241115114701.2,837.80900426209,16.239,15.259,14.19,13.748,10.319,10.361
20241115114701.7,838.278001919389,16.128,15.247,14.178,13.776,10.321,10.361
20241115114702.1,838.742996379733,16.121,15.271,14.184,13.76,10.335,10.371
20241115114702.6,839.210998266935,16.087,15.257,14.18,13.782,10.325,10.371
20241115114703.1,839.676002785563,16.182,15.285,14.18,13.776,10.325,10.378
20241115114703.5,840.145000442863,16.344,15.293,14.2,13.758,10.319,10.371
20241115114704,840.613998100162,16.459,15.321,14.194,13.754,10.329,10.361
20241115114704.5,841.081999987364,16.58,15.315,14.194,13.762,10.329,10.357
20241115114704.9,841.547004505992,16.645,15.301,14.202,13.768,10.313,10.388
20241115114705.4,842.035998031497,16.736,15.313,14.202,13.758,10.325,10.369
20241115114705.9,842.499996721745,16.776,15.313,14.204,13.772,10.323,10.376
20241115114706.4,842.965001240373,16.814,15.328,14.221,13.752,10.311,10.386
20241115114706.8,843.438002094626,16.81,15.33,14.21,13.756,10.319,10.355
20241115114707.3,843.902996554971,16.816,15.334,14.2,13.766,10.321,10.363
20241115114707.8,844.370998442173,16.778,15.364,14.206,13.752,10.331,10.374
20241115114708.2,844.839996099472,16.766,15.36,14.206,13.754,10.319,10.337
20241115114708.7,845.309003815055,16.685,15.36,14.216,13.768,10.327,10.376
20241115114709.2,845.778001472354,16.495,15.392,14.208,13.776,10.315,10.369
20241115114709.6,846.239002794027,16.366,15.392,14.188,13.78,10.319,10.378
20241115114710.1,846.727000549436,16.263,15.378,14.214,13.76,10.335,10.38
20241115114710.6,847.195998206735,16.281,15.396,14.202,13.748,10.325,10.365
20241115114711.1,847.671996429563,16.267,15.392,14.221,13.766,10.325,10.361
20241115114711.5,848.144997283816,16.119,15.394,14.225,13.754,10.319,10.382
20241115114712,848.614004999399,16.115,15.4,14.221,13.764,10.321,10.369
20241115114712.5,849.081996828318,16.043,15.404,14.223,13.76,10.319,10.365
20241115114712.9,849.547001346946,15.988,15.423,14.237,13.746,10.323,10.39
20241115114713.4,850.015999004245,16.022,15.41,14.233,13.752,10.309,10.38
20241115114713.9,850.484996661544,15.978,15.423,14.223,13.758,10.329,10.367
20241115114714.4,850.957001745701,15.96,15.439,14.253,13.754,10.309,10.369
20241115114714.8,851.442002132535,15.95,15.455,14.241,13.77,10.311,10.374
20241115114715.3,851.906996592879,16.105,15.43,14.261,13.76,10.343,10.392
20241115114715.8,852.371005341411,16.178,15.459,14.251,13.78,10.309,10.388
20241115114716.2,852.843996137381,16.083,15.493,14.257,13.768,10.327,10.382
20241115114716.7,853.325003385544,16.196,15.511,14.261,13.776,10.313,10.37
20241115114717.2,853.793005272746,16.277,15.529,14.273,13.794,10.331,10.376
20241115114717.7,854.25799973309,16.437,15.534,14.251,13.788,10.339,10.378
20241115114718.1,854.743000119925,16.503,15.525,14.253,13.78,10.323,10.372
20241115114718.6,855.206998810172,16.566,15.548,14.275,13.778,10.335,10.365
20241115114719.1,855.675996467471,16.586,15.533,14.277,13.772,10.321,10.376
20241115114719.5,856.145004183054,16.56,15.527,14.281,13.786,10.325,10.368
20241115114720,856.618005037308,16.624,15.525,14.277,13.8,10.305,10.359
20241115114720.5,857.082003727555,16.647,15.511,14.265,13.782,10.323,10.374
20241115114721,857.551001384854,16.564,15.515,14.271,13.784,10.311,10.378
20241115114721.4,858.019999042153,16.501,15.511,14.267,13.784,10.319,10.374
20241115114721.9,858.492999896407,16.592,15.523,14.237,13.772,10.323,10.382
20241115114722.4,858.961001783609,16.659,15.515,14.247,13.774,10.337,10.37
20241115114722.8,859.434002637863,16.723,15.513,14.265,13.772,10.319,10.372
20241115114723.3,859.914004057646,16.742,15.505,14.267,13.792,10.301,10.376
20241115114723.8,860.383001714945,16.804,15.529,14.265,13.79,10.327,10.38
20241115114724.3,860.851999372244,16.814,15.513,14.255,13.784,10.323,10.372
20241115114724.7,861.317003890872,16.838,15.545,14.271,13.8,10.317,10.38
20241115114725.2,861.786001548171,16.861,15.543,14.273,13.806,10.325,10.368
20241115114725.7,862.250000238419,16.915,15.537,14.277,13.792,10.335,10.386
20241115114726.1,862.718997895718,16.947,15.537,14.261,13.802,10.333,10.394
20241115114726.6,863.191998749971,16.937,15.543,14.271,13.802,10.317,10.394
20241115114727.1,863.664003834128,16.95,15.562,14.275,13.788,10.325,10.394
20241115114727.5,864.133001491427,16.968,15.604,14.289,13.802,10.327,10.355
20241115114728,864.601999148726,16.944,15.602,14.291,13.806,10.321,10.388
20241115114728.5,865.086003765464,16.966,15.632,14.291,13.81,10.331,10.38
20241115114729,865.550998225808,16.937,15.622,14.293,13.808,10.337,10.392
20241115114729.4,866.019995883107,16.903,15.616,14.297,13.842,10.339,10.396
20241115114729.9,866.47700406611,16.867,15.63,14.283,13.806,10.323,10.372
20241115114730.3,866.946001723409,16.885,15.634,14.283,13.814,10.329,10.388
20241115114730.8,867.414003610611,16.923,15.634,14.317,13.798,10.335,10.386
20241115114731.3,867.88300126791,16.933,15.657,14.317,13.814,10.329,10.378
20241115114731.8,868.351998925209,16.933,15.653,14.308,13.825,10.351,10.407
20241115114732.2,868.820996582508,16.958,15.704,14.32,13.815,10.34,10.395
20241115114732.7,869.28899846971,16.983,15.736,14.338,13.841,10.33,10.397
20241115114733.2,869.757996127009,16.977,15.736,14.344,13.849,10.342,10.405
20241115114733.6,870.227003842592,16.983,15.742,14.348,13.843,10.33,10.397
20241115114734.1,870.710998401046,16.979,15.746,14.35,13.831,10.342,10.385
20241115114734.6,871.1839992553,17.005,15.746,14.324,13.837,10.32,10.405
20241115114735.1,871.649003773928,17.017,15.779,14.361,13.854,10.338,10.371
20241115114735.5,872.118001431227,17.031,15.793,14.34,13.851,10.332,10.397
20241115114736,872.582000121474,17.017,15.817,14.352,13.853,10.33,10.397
20241115114736.4,873.038998246193,17.019,15.825,14.361,13.849,10.344,10.409
20241115114736.9,873.516002297401,17.011,15.827,14.377,13.866,10.328,10.387
20241115114737.4,873.980996757746,17.032,15.812,14.372,13.861,10.339,10.378
20241115114737.9,874.450004473329,17.03,15.81,14.366,13.842,10.329,10.382
20241115114738.3,874.917996302247,17.026,15.818,14.377,13.849,10.316,10.391
20241115114738.8,875.38700401783,17.064,15.821,14.361,13.856,10.324,10.395
20241115114739.3,875.851998478174,17.064,15.807,14.363,13.858,10.346,10.401
20241115114739.7,876.320996135473,17.062,15.801,14.371,13.856,10.334,10.403
20241115114740.2,876.788998022676,17.094,15.779,14.361,13.864,10.334,10.375
20241115114740.7,877.254002541304,17.126,15.769,14.383,13.851,10.349,10.415
20241115114741.1,877.727003395557,17.118,15.771,14.371,13.857,10.351,10.409
20241115114741.6,878.20700481534,17.086,15.762,14.379,13.845,10.351,10.397
20241115114742.1,878.676002472639,17.094,15.75,14.362,13.841,10.351,10.407
20241115114742.6,879.149003326893,17.104,15.748,14.362,13.865,10.34,10.405
20241115114743,879.613997787237,17.074,15.74,14.373,13.845,10.332,10.407
20241115114743.5,880.081999674439,17.011,15.732,14.352,13.857,10.347,10.383
20241115114744,880.550997331738,16.964,15.73,14.344,13.843,10.336,10.385
20241115114744.4,881.016001850367,16.827,15.712,14.338,13.835,10.355,10.389
20241115114744.9,881.480996310711,16.595,15.722,14.316,13.823,10.332,10.389
20241115114745.4,881.950004026294,16.502,15.724,14.33,13.821,10.322,10.403
20241115114745.8,882.433998584747,16.502,15.704,14.314,13.829,10.351,10.383
20241115114746.3,882.899003103375,16.52,15.716,14.338,13.827,10.34,10.413
20241115114746.8,883.368000760674,16.516,15.696,14.32,13.843,10.353,10.373
20241115114747.2,883.836002647877,16.522,15.694,14.33,13.837,10.343,10.395
20241115114747.7,884.305000305176,16.498,15.69,14.322,13.839,10.322,10.397
20241115114748.2,884.792998060584,16.552,15.688,14.326,13.827,10.33,10.391
20241115114748.7,885.253999382257,16.579,15.688,14.31,13.845,10.343,10.385
20241115114749.1,885.722997039557,16.591,15.69,14.31,13.841,10.353,10.397
20241115114749.6,886.188001558185,16.516,15.681,14.324,13.859,10.347,10.401
20241115114750.1,886.671996116638,16.459,15.684,14.324,13.847,10.33,10.411
20241115114750.6,887.153003364801,16.241,15.679,14.304,13.849,10.351,10.407
20241115114751,887.617997825146,16.215,15.677,14.314,13.849,10.355,10.403
20241115114751.5,888.085999712348,16.346,15.661,14.318,13.827,10.347,10.397
20241115114752,888.554997369647,16.49,15.672,14.3,13.837,10.355,10.395
20241115114752.4,889.02400508523,16.57,15.682,14.32,13.841,10.34,10.403
20241115114752.9,889.488999545574,16.663,15.674,14.312,13.843,10.338,10.395
20241115114753.4,889.957001432776,16.7,15.684,14.322,13.837,10.33,10.375
20241115114753.8,890.421995893121,16.682,15.67,14.294,13.819,10.322,10.379
20241115114754.3,890.891003608704,16.631,15.637,14.304,13.839,10.326,10.373
20241115114754.8,891.355998069048,16.516,15.664,14.3,13.827,10.336,10.371
20241115114755.2,891.825005784631,16.484,15.647,14.314,13.819,10.328,10.391
20241115114755.7,892.289004474878,16.498,15.676,14.308,13.825,10.344,10.365
20241115114756.2,892.758002132177,16.524,15.645,14.294,13.829,10.328,10.377
20241115114756.6,893.226999789476,16.567,15.647,14.3,13.819,10.328,10.361
20241115114757.1,893.692004308105,16.601,15.651,14.29,13.797,10.32,10.381
20241115114757.6,894.161001965404,16.662,15.649,14.282,13.797,10.328,10.381
20241115114758,894.625000655651,16.686,15.647,14.276,13.819,10.324,10.381
20241115114758.5,895.09399831295,16.712,15.649,14.29,13.809,10.336,10.385
20241115114759,895.559002831578,16.748,15.657,14.298,13.829,10.31,10.389
20241115114759.4,896.023997291923,16.781,15.66,14.274,13.811,10.312,10.383
20241115114759.9,896.49600237608,16.795,15.67,14.292,13.813,10.348,10.391
20241115114800.4,896.993002295494,16.777,15.651,14.258,13.831,10.332,10.373
20241115114800.9,897.461004182696,16.694,15.655,14.272,13.797,10.316,10.385
20241115114801.3,897.930001839995,16.704,15.658,14.284,13.803,10.302,10.375
20241115114801.8,898.398999497294,16.732,15.67,14.264,13.803,10.314,10.375
20241115114802.3,898.871004581451,16.68,15.651,14.274,13.799,10.312,10.389
20241115114802.7,899.34000223875,16.607,15.655,14.258,13.795,10.318,10.373
20241115114803.2,899.825002625585,16.625,15.659,14.28,13.795,10.324,10.371
20241115114803.7,900.293004512787,16.486,15.672,14.257,13.809,10.345,10.379
20241115114804.2,900.762002170086,16.146,15.678,14.257,13.817,10.332,10.401
20241115114804.6,901.22699663043,16.1,15.677,14.269,13.801,10.322,10.389
20241115114805.1,901.696004346013,16.189,15.686,14.273,13.801,10.326,10.405
20241115114805.6,902.167999371886,16.1,15.675,14.271,13.811,10.359,10.397
20241115114806,902.633003890514,16.17,15.681,14.265,13.813,10.322,10.389
20241115114806.5,903.102001547813,16.211,15.71,14.275,13.813,10.339,10.387
20241115114807,903.570999205112,16.219,15.718,14.277,13.801,10.33,10.393
20241115114807.4,904.036003723741,16.189,15.738,14.296,13.827,10.339,10.405
20241115114807.9,904.507998749614,16.233,15.748,14.306,13.831,10.341,10.403
20241115114808.4,904.980999603868,16.354,15.734,14.294,13.827,10.341,10.395
20241115114808.9,905.453004688025,16.477,15.78,14.312,13.839,10.335,10.411
20241115114809.3,905.94199821353,16.494,15.776,14.316,13.825,10.333,10.395
20241115114809.9,906.504004821181,16.514,15.78,14.318,13.831,10.347,10.389
20241115114810.4,906.977005675435,16.479,15.821,14.314,13.843,10.345,10.401
20241115114810.8,907.442000135779,16.417,15.833,14.31,13.847,10.347,10.403
20241115114811.3,907.910997793078,16.338,15.861,14.33,13.837,10.359,10.379
20241115114811.8,908.378999680281,16.304,15.865,14.332,13.843,10.351,10.399
20241115114812.2,908.844004198909,16.338,15.871,14.354,13.835,10.341,10.407
20241115114812.7,909.313001856208,16.287,15.952,14.33,13.847,10.335,10.413
20241115114813.2,909.781999513507,16.409,15.999,14.362,13.859,10.337,10.383
20241115114813.7,910.254004597664,16.518,15.98,14.358,13.847,10.357,10.409
20241115114814.1,910.715005919337,16.586,15.984,14.376,13.857,10.349,10.391
20241115114814.6,911.184003576636,16.57,15.964,14.346,13.873,10.341,10.403
20241115114815.1,911.65700443089,16.518,15.988,14.36,13.855,10.333,10.418
20241115114815.5,912.124996259809,16.534,16.059,14.374,13.851,10.337,10.403
20241115114816,912.609996646643,16.409,16.102,14.376,13.865,10.337,10.391
20241115114816.5,913.075001165271,16.445,16.094,14.376,13.857,10.333,10.403
20241115114816.9,913.543003052473,16.443,16.104,14.391,13.885,10.345,10.387
20241115114817.4,914.007997512817,16.514,16.11,14.403,13.879,10.326,10.401
20241115114817.9,914.485001564026,16.584,16.132,14.388,13.863,10.351,10.397
20241115114818.4,914.953003451228,16.621,16.112,14.393,13.863,10.355,10.403
20241115114818.8,915.422001108527,16.687,16.122,14.403,13.892,10.337,10.407
20241115114819.3,915.890998765826,16.691,16.166,14.401,13.89,10.316,10.387
20241115114819.8,916.359996423125,16.744,16.164,14.403,13.889,10.361,10.389
20241115114820.2,916.825000941753,16.752,16.182,14.401,13.863,10.343,10.395
20241115114820.7,917.293002828956,16.805,16.223,14.415,13.894,10.339,10.383
20241115114821.2,917.774000018835,16.817,16.19,14.421,13.883,10.339,10.381
20241115114821.6,918.242997676134,16.76,16.197,14.421,13.898,10.343,10.405
20241115114822.1,918.731005489826,16.716,16.221,14.419,13.883,10.324,10.393
20241115114822.6,919.210996851325,16.76,16.213,14.425,13.887,10.316,10.405
20241115114823.1,919.680004566908,16.764,16.239,14.425,13.889,10.341,10.385
20241115114823.6,920.149002224207,16.805,16.237,14.429,13.883,10.32,10.418
20241115114824,920.613996684551,16.756,16.285,14.451,13.887,10.339,10.393
20241115114824.5,921.086001768708,16.683,16.296,14.439,13.894,10.341,10.385
20241115114825,921.550996229053,16.714,16.285,14.431,13.9,10.335,10.383
20241115114825.4,922.020003944635,16.736,16.291,14.437,13.902,10.339,10.381
20241115114825.9,922.503998503089,16.724,16.275,14.443,13.896,10.343,10.377
20241115114826.4,922.972996160388,16.754,16.259,14.425,13.904,10.347,10.399
20241115114826.8,923.438000679016,16.752,16.257,14.443,13.889,10.345,10.393
20241115114827.3,923.906998336315,16.766,16.259,14.427,13.916,10.355,10.383
20241115114827.8,924.391002953053,16.794,16.245,14.437,13.89,10.353,10.387
20241115114828.3,924.874997511506,16.801,16.247,14.417,13.904,10.331,10.395
20241115114828.8,925.35999789834,16.823,16.289,14.421,13.885,10.353,10.399
20241115114829.2,925.839999318123,16.819,16.299,14.433,13.893,10.341,10.395
20241115114829.7,926.324999704957,16.821,16.287,14.459,13.904,10.357,10.41
20241115114830.2,926.809004321694,16.859,16.314,14.449,13.902,10.333,10.403
20241115114830.7,927.292998880148,16.811,16.312,14.465,13.895,10.331,10.418
20241115114831.2,927.761996537447,16.843,16.287,14.425,13.891,10.339,10.377
20241115114831.6,928.227001056075,16.893,16.291,14.437,13.891,10.339,10.403
20241115114832.1,928.695998713374,16.916,16.305,14.441,13.902,10.345,10.397
20241115114832.6,929.161003232002,16.934,16.305,14.439,13.893,10.355,10.383
20241115114833,929.629005119205,16.966,16.308,14.439,13.92,10.337,10.393
20241115114833.5,930.098002776504,16.966,16.322,14.459,13.914,10.335,10.389
20241115114834,930.562997236848,16.976,16.33,14.459,13.92,10.359,10.397
20241115114834.4,931.035998091102,16.968,16.326,14.447,13.908,10.353,10.401
20241115114834.9,931.508003175259,16.994,16.342,14.447,13.906,10.335,10.418
20241115114835.4,931.972997635603,16.988,16.34,14.443,13.912,10.326,10.405
20241115114835.9,932.452999055386,17.011,16.368,14.455,13.902,10.337,10.397
20241115114836.3,932.921996712685,17.017,16.402,14.463,13.916,10.361,10.395
20241115114836.8,933.394997566938,16.988,16.384,14.465,13.908,10.349,10.408
20241115114837.3,933.860002085567,16.992,16.443,14.467,13.916,10.361,10.408
20241115114837.7,934.34399664402,17.013,16.473,14.459,13.926,10.357,10.401
20241115114838.2,934.816997498274,17.002,16.473,14.483,13.938,10.351,10.408
20241115114838.7,935.286005213857,17.013,16.479,14.497,13.928,10.361,10.393
20241115114839.1,935.74600070715,17.029,16.497,14.471,13.934,10.345,10.414
20241115114839.6,936.211005225778,17.027,16.514,14.485,13.932,10.353,10.432
20241115114840.1,936.668003350496,17.002,16.501,14.481,13.934,10.353,10.405
20241115114840.5,937.14100420475,17.011,16.526,14.479,13.934,10.343,10.412
20241115114841,937.614005059004,17.019,16.53,14.497,13.942,10.337,10.412
20241115114841.5,938.093996420503,17.007,16.501,14.491,13.936,10.345,10.416
20241115114842,938.582004234195,17.007,16.501,14.457,13.926,10.347,10.399
20241115114842.4,939.046998694539,16.99,16.491,14.471,13.92,10.345,10.405
20241115114842.9,939.527995884418,16.998,16.471,14.459,13.938,10.353,10.418
20241115114843.4,940.000000968575,16.996,16.465,14.467,13.946,10.341,10.418
20241115114843.9,940.468998625875,16.972,16.447,14.453,13.926,10.355,10.42
20241115114844.3,940.937996283174,17.004,16.437,14.473,13.92,10.349,10.395
20241115114844.8,941.403000801802,16.956,16.407,14.443,13.9,10.339,10.395
20241115114845.3,941.875005885959,16.986,16.411,14.435,13.918,10.337,10.405
20241115114845.7,942.340000346303,16.952,16.425,14.451,13.898,10.351,10.395
20241115114846.2,942.825000733137,16.954,16.39,14.449,13.908,10.353,10.397
20241115114846.7,943.293002620339,16.974,16.411,14.441,13.924,10.343,10.416
20241115114847.2,943.766003474593,16.944,16.405,14.453,13.896,10.357,10.383
20241115114847.6,944.235001131892,16.938,16.397,14.457,13.902,10.359,10.395
20241115114848.1,944.703003019094,16.926,16.421,14.469,13.9,10.349,10.399
20241115114848.6,945.167997479439,16.944,16.413,14.447,13.91,10.367,10.399
20241115114849,945.640998333693,16.956,16.425,14.451,13.891,10.345,10.395
20241115114849.5,946.113999187946,16.956,16.419,14.451,13.904,10.353,10.41
20241115114850,946.586004272103,16.984,16.404,14.437,13.906,10.355,10.403
20241115114850.5,947.059005126357,17.006,16.421,14.441,13.889,10.365,10.405
20241115114850.9,947.528002783656,17.013,16.405,14.419,13.9,10.355,10.401
20241115114851.4,947.999997809529,17.017,16.394,14.439,13.902,10.349,10.408
20241115114851.9,948.465002328157,17.041,16.427,14.445,13.887,10.339,10.408
20241115114852.4,948.953000083566,17.053,16.411,14.435,13.891,10.347,10.414
20241115114852.8,949.421997740865,17.045,16.415,14.413,13.879,10.357,10.399
20241115114853.3,949.891005456448,17.043,16.402,14.451,13.889,10.341,10.405
20241115114853.8,950.363996252418,17.045,16.423,14.431,13.904,10.353,10.405
20241115114854.3,950.848000869155,17.063,16.4,14.407,13.885,10.355,10.412
20241115114854.7,951.313005387783,17.059,16.394,14.435,13.877,10.347,10.405
20241115114855.2,951.782003045082,17.083,16.411,14.431,13.885,10.331,10.405
20241115114855.7,952.253998070955,17.053,16.392,14.413,13.885,10.365,10.399
20241115114856.1,952.719002589583,17.083,16.407,14.402,13.902,10.333,10.403
20241115114856.6,953.188000246882,17.081,16.413,14.421,13.893,10.353,10.408
20241115114857.1,953.656997904181,17.093,16.421,14.435,13.889,10.353,10.414
20241115114857.5,954.124999791384,17.112,16.427,14.437,13.895,10.347,10.385
20241115114858,954.593997448683,17.142,16.451,14.433,13.908,10.357,10.41
20241115114858.5,955.075004696846,17.128,16.437,14.429,13.889,10.349,10.405
20241115114858.9,955.542996525764,17.116,16.461,14.433,13.893,10.353,10.403
20241115114859.4,956.012004241347,17.128,16.471,14.449,13.899,10.367,10.399
20241115114859.9,956.485005095601,17.12,16.489,14.439,13.906,10.355,10.393
20241115114900.4,956.949999555945,17.112,16.495,14.453,13.908,10.349,10.412
20241115114900.8,957.418001443148,17.132,16.491,14.453,13.922,10.351,10.399
20241115114901.3,957.886999100447,17.103,16.506,14.441,13.908,10.337,10.399
20241115114901.8,958.355996757746,17.114,16.534,14.439,13.908,10.333,10.395
20241115114902.2,958.825004473329,17.081,16.542,14.467,13.914,10.345,10.393
20241115114902.7,959.292996302247,17.069,16.572,14.459,13.893,10.333,10.405
20241115114903.2,959.76200401783,17.061,16.592,14.443,13.912,10.351,10.393
20241115114903.6,960.243001207709,17.067,16.59,14.471,13.92,10.351,10.405
20241115114904.1,960.711003094912,17.043,16.598,14.473,13.897,10.335,10.399
20241115114904.6,961.184003949165,17.063,16.59,14.473,13.916,10.335,10.403
20241115114905.1,961.64899840951,17.071,16.609,14.465,13.902,10.337,10.412
20241115114905.5,962.117996066809,17.097,16.6,14.463,13.92,10.347,10.405
20241115114906,962.58200481534,17.085,16.6,14.461,13.912,10.347,10.395
20241115114906.5,963.051002472639,17.053,16.621,14.469,13.91,10.341,10.412
20241115114906.9,963.520000129938,17.051,16.611,14.483,13.904,10.351,10.414
20241115114907.4,963.988997787237,17.017,16.627,14.471,13.922,10.341,10.397
20241115114907.9,964.452996477485,16.974,16.649,14.487,13.916,10.345,10.403
20241115114908.3,964.922004193068,16.99,16.639,14.485,13.926,10.349,10.404
20241115114908.8,965.391001850367,16.994,16.649,14.473,13.934,10.363,10.395
20241115114909.3,965.859999507666,16.986,16.643,14.489,13.912,10.367,10.406
20241115114909.7,966.328001394868,17.031,16.651,14.505,13.922,10.353,10.397
20241115114910.2,966.796999052167,17.023,16.657,14.487,13.932,10.363,10.402
20241115114910.7,967.265996709466,17.041,16.675,14.477,13.95,10.335,10.412
20241115114911.1,967.735004425049,17.051,16.685,14.509,13.932,10.355,10.404
20241115114911.6,968.202996253967,17.055,16.726,14.505,13.94,10.363,10.418
20241115114912.1,968.675997108221,17.065,16.73,14.503,13.946,10.371,10.414
20241115114912.5,969.145004823804,17.053,16.732,14.507,13.932,10.361,10.408
20241115114913,969.609999284148,17.071,16.728,14.507,13.948,10.359,10.393
20241115114913.5,970.07800117135,17.049,16.736,14.489,13.95,10.361,10.41
20241115114913.9,970.543005689979,17.043,16.73,14.489,13.94,10.351,10.406
20241115114914.4,971.012003347278,17.049,16.726,14.501,13.936,10.359,10.412
20241115114914.9,971.485004201531,17.039,16.732,14.483,13.926,10.345,10.422
20241115114915.4,971.956999227405,17.037,16.72,14.505,13.932,10.349,10.4
20241115114915.8,972.430000081658,17.063,16.73,14.507,13.932,10.375,10.404
20241115114916.3,972.910997271538,17.065,16.718,14.507,13.92,10.357,10.41
20241115114916.8,973.374995961785,17.065,16.736,14.493,13.914,10.347,10.422
20241115114917.2,973.844003677368,17.065,16.728,14.497,13.928,10.355,10.416
20241115114917.7,974.313001334667,17.063,16.736,14.493,13.932,10.351,10.412
20241115114918.2,974.781998991966,17.059,16.724,14.507,13.934,10.367,10.397
20241115114918.7,975.250000879169,17.085,16.724,14.487,13.911,10.359,10.416
20241115114919.1,975.723001733422,17.122,16.732,14.493,13.926,10.345,10.412
20241115114919.6,976.191999390721,17.144,16.74,14.467,13.936,10.345,10.416
20241115114920.1,976.657003909349,17.152,16.734,14.485,13.93,10.325,10.406
20241115114920.5,977.128998935223,17.16,16.728,14.481,13.932,10.357,10.414
20241115114921,977.597996592522,17.184,16.713,14.469,13.94,10.363,10.41
20241115114921.5,978.067004308105,17.188,16.736,14.485,13.926,10.359,10.418
20241115114921.9,978.536001965404,17.19,16.724,14.481,13.928,10.351,10.406
20241115114922.4,979.004003852606,17.19,16.734,14.501,13.918,10.355,10.406
20241115114922.9,979.473001509905,17.117,16.726,14.471,13.932,10.371,10.395
20241115114923.4,979.953002929688,17.004,16.74,14.469,13.932,10.341,10.404
20241115114923.8,980.422000586987,16.905,16.736,14.469,13.926,10.359,10.389
20241115114924.3,980.890998244286,16.78,16.734,14.471,13.93,10.359,10.426
20241115114924.8,981.359995901585,16.562,16.75,14.465,13.93,10.347,10.4
20241115114925.2,981.844000518322,16.366,16.756,14.449,13.932,10.349,10.424
20241115114925.7,982.312998175621,16.36,16.746,14.455,13.926,10.347,10.395
20241115114926.2,982.778002694249,16.402,16.772,14.457,13.924,10.351,10.406
20241115114926.6,983.246004581451,16.451,16.788,14.493,13.922,10.345,10.383
20241115114927.1,983.71500223875,16.499,16.786,14.469,13.916,10.367,10.391
20241115114927.6,984.191996231675,16.515,16.794,14.483,13.912,10.341,10.4
20241115114928.1,984.661003947258,16.459,16.79,14.473,13.912,10.341,10.395
20241115114928.5,985.141005367041,16.463,16.806,14.475,13.912,10.343,10.404
20241115114929,985.61000302434,16.511,16.796,14.465,13.907,10.345,10.402
20241115114929.5,986.074997484684,16.572,16.835,14.483,13.912,10.343,10.406
20241115114929.9,986.538996174932,16.612,16.81,14.467,13.907,10.339,10.393
20241115114930.4,987.008003890514,16.641,16.817,14.469,13.907,10.353,10.41
20241115114930.9,987.493004277349,16.596,16.817,14.473,13.912,10.347,10.397
20241115114931.4,987.960996106267,16.619,16.847,14.479,13.922,10.335,10.395
20241115114931.8,988.426000624895,16.625,16.853,14.485,13.916,10.343,10.408
20241115114932.3,988.925997912884,16.637,16.839,14.471,13.907,10.349,10.408
20241115114932.8,989.395005628467,16.695,16.855,14.463,13.918,10.341,10.395
20241115114933.3,989.867996424437,16.75,16.831,14.485,13.93,10.369,10.424
20241115114933.8,990.347997844219,16.8,16.857,14.479,13.912,10.363,10.385
20241115114934.2,990.817005559802,16.849,16.867,14.485,13.924,10.339,10.406
20241115114934.7,991.286003217101,16.901,16.863,14.473,13.912,10.357,10.379
20241115114935.2,991.754005104303,16.928,16.873,14.479,13.914,10.359,10.416
20241115114935.6,992.226995900273,16.907,16.889,14.473,13.92,10.331,10.395
20241115114936.1,992.696003615856,16.873,16.883,14.481,13.92,10.343,10.402
20241115114936.6,993.164005503058,16.659,16.887,14.463,13.912,10.355,10.416
20241115114937,993.633003160357,16.542,16.901,14.471,13.903,10.353,10.42
20241115114937.5,994.102000817657,16.453,16.903,14.467,13.897,10.353,10.404
20241115114938,994.570998474956,16.497,16.897,14.477,13.909,10.335,10.404
20241115114938.5,995.055003091693,16.524,16.903,14.441,13.899,10.337,10.416
20241115114938.9,995.524000748992,16.493,16.917,14.445,13.905,10.343,10.395
20241115114939.4,996.008005365729,16.507,16.915,14.455,13.903,10.335,10.4
20241115114939.9,996.480996161699,16.497,16.922,14.455,13.901,10.339,10.408
20241115114940.4,996.950003877282,16.457,16.911,14.465,13.907,10.341,10.391
20241115114940.8,997.41400256753,16.297,16.922,14.447,13.92,10.339,10.418
20241115114941.3,997.883000224829,16.277,16.926,14.469,13.887,10.351,10.406
20241115114941.8,998.351997882128,16.235,16.932,14.455,13.901,10.345,10.387
20241115114942.2,998.836002498865,16.293,16.952,14.457,13.895,10.339,10.393
20241115114942.7,999.316999688745,16.326,16.942,14.437,13.889,10.331,10.414
20241115114943.2,999.785997346044,16.402,16.972,14.447,13.893,10.339,10.389
20241115114943.7,1000.24999603629,16.433,16.978,14.457,13.873,10.347,10.404
20241115114944.1,1000.72299689054,16.338,16.982,14.437,13.891,10.347,10.391
20241115114944.6,1001.19200460613,16.277,16.986,14.451,13.901,10.355,10.408
20241115114945.1,1001.663999632,16.113,16.988,14.441,13.905,10.335,10.404
20241115114945.5,1002.14100368321,16.041,16.996,14.435,13.893,10.337,10.385
20241115114946,1002.62900143862,16.243,17.014,14.447,13.893,10.353,10.412
20241115114946.5,1003.09799909592,16.368,17.012,14.461,13.887,10.339,10.406
20241115114947,1003.56300361454,16.473,17.033,14.451,13.895,10.359,10.404
20241115114947.4,1004.03200127184,16.568,17.051,14.449,13.893,10.341,10.379
20241115114947.9,1004.50399629772,16.6,17.061,14.471,13.897,10.343,10.397
20241115114948.4,1004.9730040133,16.633,17.089,14.459,13.897,10.341,10.408
20241115114948.8,1005.44600486755,16.699,17.085,14.469,13.907,10.345,10.397
20241115114949.3,1005.9109993279,16.736,17.105,14.475,13.901,10.345,10.393
20241115114949.8,1006.37499801815,16.768,17.126,14.477,13.887,10.339,10.412
20241115114950.2,1006.84000253677,16.796,17.132,14.501,13.893,10.341,10.381
20241115114950.7,1007.30900019407,16.827,17.136,14.465,13.899,10.329,10.395
20241115114951.2,1007.78900161386,16.841,17.166,14.485,13.922,10.363,10.404
20241115114951.7,1008.25799927115,16.849,17.186,14.483,13.905,10.347,10.397
20241115114952.1,1008.72300378978,16.857,17.17,14.473,13.897,10.331,10.379
20241115114952.6,1009.19600464404,16.879,17.19,14.477,13.924,10.359,10.406
20241115114953.1,1009.66099910438,16.873,17.21,14.483,13.895,10.353,10.383
20241115114953.5,1010.12900099158,16.909,17.221,14.481,13.901,10.343,10.408
20241115114954,1010.59799864888,16.889,17.247,14.481,13.903,10.353,10.414
20241115114954.5,1011.06300316751,16.857,17.225,14.495,13.914,10.351,10.404
20241115114954.9,1011.54699772596,16.895,17.249,14.475,13.914,10.337,10.408
20241115114955.4,1012.01200224459,16.893,17.265,14.481,13.901,10.325,10.395
20241115114955.9,1012.48099990189,16.922,17.277,14.485,13.903,10.331,10.404
20241115114956.4,1012.95300498605,16.917,17.305,14.497,13.909,10.331,10.385
20241115114956.8,1013.42200264335,16.915,17.356,14.487,13.903,10.345,10.383
20241115114957.3,1013.89100030065,16.917,17.471,14.495,13.895,10.341,10.385
20241115114957.8,1014.35999795794,16.92,17.499,14.52,13.901,10.355,10.373
20241115114958.2,1014.8320030421,16.913,17.554,14.513,13.918,10.339,10.389
20241115114958.7,1015.29699750245,16.944,17.532,14.509,13.912,10.325,10.414
20241115114959.2,1015.7699983567,16.964,17.544,14.511,13.914,10.343,10.406
20241115114959.6,1016.23500287533,16.911,17.558,14.514,13.911,10.333,10.418
20241115115000.1,1016.70300476253,16.883,17.568,14.509,13.934,10.355,10.408
20241115115000.6,1017.17200241983,16.855,17.588,14.522,13.938,10.347,10.381
20241115115001.1,1017.65700280666,16.829,17.592,14.495,13.914,10.341,10.4
20241115115001.5,1018.13700422645,16.841,17.582,14.511,13.928,10.337,10.391
20241115115002,1018.6100050807,16.823,17.582,14.497,13.891,10.347,10.397
20241115115002.5,1019.10599917173,16.778,17.586,14.499,13.905,10.345,10.381
20241115115003,1019.57800425589,16.766,17.572,14.509,13.891,10.345,10.383
20241115115003.4,1020.04299871624,16.722,17.584,14.507,13.895,10.337,10.391
20241115115003.9,1020.51199637353,16.722,17.619,14.516,13.918,10.339,10.387
20241115115004.4,1020.98100408912,16.734,17.655,14.513,13.92,10.341,10.377
20241115115004.9,1021.46499864757,16.722,17.687,14.511,13.911,10.337,10.395
20241115115005.3,1021.93799950182,16.705,17.722,14.528,13.932,10.335,10.402
20241115115005.8,1022.40300402045,16.681,17.75,14.532,13.909,10.331,10.395
20241115115006.3,1022.87100590765,16.617,17.79,14.54,13.934,10.335,10.397
20241115115006.7,1023.34000356495,16.677,17.903,14.53,13.926,10.325,10.41
20241115115007.2,1023.80900122225,16.683,17.982,14.534,13.936,10.339,10.379
20241115115007.7,1024.27799887955,16.707,17.984,14.56,13.934,10.331,10.395
20241115115008.2,1024.75800029933,16.691,18.069,14.554,13.936,10.321,10.4
20241115115008.6,1025.24599805474,16.711,18.055,14.564,13.936,10.329,10.402
20241115115009.1,1025.71100257337,16.726,18.101,14.568,13.942,10.331,10.391
20241115115009.6,1026.18000023067,16.756,18.172,14.564,13.928,10.333,10.412
20241115115010.1,1026.65300108492,16.695,18.233,14.584,13.934,10.337,10.391
20241115115010.5,1027.1249961108,16.734,18.281,14.56,13.956,10.321,10.395
20241115115011,1027.59799696505,16.754,18.279,14.568,13.928,10.335,10.393
20241115115011.5,1028.07799838483,16.778,18.253,14.574,13.938,10.345,10.408
20241115115012,1028.55099923909,16.778,18.38,14.574,13.946,10.327,10.389
20241115115012.4,1029.01600375772,16.782,18.378,14.57,13.934,10.339,10.395
20241115115012.9,1029.48500141501,16.6,18.38,14.568,13.928,10.323,10.4
20241115115013.4,1029.95000593364,16.483,18.362,14.562,13.92,10.353,10.404
20241115115013.8,1030.42200095952,16.364,18.32,14.55,13.936,10.341,10.381
20241115115014.3,1030.89900501072,16.217,18.322,14.552,13.938,10.333,10.395
20241115115014.8,1031.36399947107,16.053,18.301,14.552,13.934,10.345,10.408
20241115115015.2,1031.83200135827,16.079,18.271,14.54,13.924,10.333,10.387
20241115115015.7,1032.2970058769,16.154,18.237,14.532,13.928,10.359,10.381
20241115115016.2,1032.7660035342,16.219,18.229,14.546,13.93,10.333,10.4
20241115115016.6,1033.2350011915,16.107,18.216,14.546,13.92,10.337,10.408
20241115115017.1,1033.69999565184,16.134,18.237,14.516,13.918,10.337,10.391
20241115115017.6,1034.16400440037,16.041,18.249,14.542,13.92,10.345,10.395
20241115115018,1034.63300205767,15.978,18.239,14.526,13.946,10.349,10.393
20241115115018.5,1035.09799651802,15.928,18.22,14.526,13.92,10.337,10.389
20241115115019,1035.5670042336,15.974,18.233,14.528,13.932,10.343,10.393
20241115115019.4,1036.03199869394,15.976,18.245,14.53,13.922,10.353,10.393
20241115115019.9,1036.49599738419,15.831,18.233,14.518,13.928,10.339,10.404
20241115115020.4,1036.96500509977,15.867,18.255,14.538,13.942,10.349,10.383
20241115115020.8,1037.43400275707,15.901,18.261,14.518,13.924,10.319,10.4
20241115115021.3,1037.89899721742,15.97,18.281,14.524,13.926,10.343,10.41
20241115115021.8,1038.36400173604,16.017,18.285,14.52,13.946,10.355,10.404
20241115115022.2,1038.83200362325,16.13,18.297,14.538,13.95,10.335,10.389
20241115115022.7,1039.29699808359,16.095,18.315,14.507,13.95,10.335,10.389
20241115115023.2,1039.76999893785,16.079,18.334,14.522,13.932,10.351,10.402
20241115115023.6,1040.23100025952,16.13,18.36,14.536,13.948,10.349,10.393
20241115115024.1,1040.69600477815,16.075,18.493,14.534,13.94,10.337,10.41
20241115115024.6,1041.16399660707,16.103,18.517,14.511,13.94,10.323,10.381
20241115115025,1041.62900112569,16.089,18.55,14.534,13.928,10.341,10.393
20241115115025.5,1042.10999831557,16.101,18.566,14.542,13.948,10.349,10.404
20241115115026,1042.58200339973,16.176,18.568,14.534,13.918,10.319,10.4
20241115115026.5,1043.05100105703,16.293,18.556,14.54,13.95,10.331,10.405
20241115115026.9,1043.5120023787,16.382,18.566,14.558,13.924,10.341,10.389
20241115115027.4,1043.981000036,16.479,18.611,14.564,13.928,10.321,10.395
20241115115027.9,1044.4499976933,16.506,18.637,14.554,13.962,10.325,10.377
20241115115028.3,1044.93400231004,16.538,18.938,14.572,13.942,10.323,10.395
20241115115028.8,1045.40299996734,16.572,19.069,14.586,13.946,10.327,10.369
20241115115029.3,1045.87500505149,16.667,19.18,14.601,13.942,10.316,10.363
20241115115029.8,1046.36000543833,16.804,19.172,14.615,13.966,10.341,10.379
20241115115030.2,1046.83999679983,16.889,19.138,14.613,13.954,10.337,10.381
20241115115030.7,1047.30900451541,16.905,19.154,14.601,13.95,10.331,10.383
20241115115031.2,1047.77800217271,16.905,19.192,14.594,13.962,10.316,10.377
20241115115031.6,1048.24299663305,16.914,19.336,14.607,13.944,10.343,10.369
20241115115032.1,1048.71099852026,16.91,19.354,14.601,13.974,10.329,10.385
20241115115032.6,1049.17999617755,16.934,19.318,14.617,13.968,10.327,10.397
20241115115033.1,1049.65299703181,16.932,19.295,14.613,13.962,10.319,10.371
20241115115033.5,1050.11800155044,16.875,19.299,14.609,13.97,10.325,10.377
20241115115034,1050.59399977326,16.93,19.275,14.615,13.956,10.337,10.389
20241115115034.5,1051.05900429189,16.972,19.263,14.603,13.97,10.325,10.393
20241115115034.9,1051.52800194919,16.994,19.259,14.613,13.96,10.337,10.385
20241115115035.4,1052.01199650764,17.023,19.237,14.613,13.968,10.327,10.371
20241115115035.9,1052.47700102627,17.051,19.247,14.609,13.972,10.337,10.389
20241115115036.3,1052.94599868357,17.067,19.229,14.596,13.964,10.331,10.387
20241115115036.8,1053.41800376773,17.069,19.241,14.576,13.958,10.329,10.383
20241115115037.3,1053.88700142503,17.152,19.241,14.601,13.974,10.339,10.365
20241115115037.8,1054.35599908233,17.14,19.255,14.598,13.95,10.329,10.395
20241115115038.2,1054.82100360096,17.091,19.285,14.613,13.954,10.327,10.379
20241115115038.7,1055.28900548816,17.061,19.324,14.609,13.976,10.327,10.387
20241115115039.2,1055.75800314546,17.061,19.33,14.613,13.956,10.325,10.389
20241115115039.6,1056.2229976058,17.031,19.362,14.621,13.994,10.333,10.395
20241115115040.1,1056.69200532138,17.029,19.362,14.617,13.984,10.321,10.393
20241115115040.6,1057.16100297868,17.014,19.394,14.637,13.972,10.347,10.404
20241115115041,1057.62900486588,16.942,19.423,14.617,13.976,10.329,10.397
20241115115041.5,1058.09399932623,16.986,19.435,14.655,13.972,10.331,10.395
20241115115042,1058.56299698353,16.984,19.431,14.645,13.986,10.349,10.377
20241115115042.4,1059.03599783778,16.954,19.451,14.631,13.98,10.343,10.393
20241115115042.9,1059.49999652803,16.909,19.431,14.637,13.99,10.337,10.408
20241115115043.4,1059.96900424361,16.901,19.465,14.645,13.982,10.339,10.391
20241115115043.8,1060.43800190091,16.94,19.467,14.645,13.988,10.337,10.389
20241115115044.3,1060.90299636126,16.948,19.505,14.627,13.98,10.353,10.383
20241115115044.8,1061.37500144541,16.976,19.517,14.629,13.99,10.333,10.385
20241115115045.3,1061.86000183225,16.911,19.534,14.639,13.982,10.337,10.402
20241115115045.7,1062.3439963907,16.875,19.538,14.649,13.974,10.341,10.395
20241115115046.2,1062.82800100744,16.877,19.558,14.627,13.992,10.339,10.389
20241115115046.7,1063.29699866474,16.853,19.574,14.629,13.988,10.347,10.402
20241115115047.2,1063.76999951899,16.901,19.608,14.647,13.968,10.339,10.404
20241115115047.7,1064.25000093877,16.917,19.631,14.639,14.01,10.333,10.4
20241115115048.1,1064.71899859607,16.903,19.685,14.655,13.984,10.333,10.375
20241115115048.6,1065.1840031147,16.905,19.75,14.643,13.98,10.331,10.383
20241115115049.1,1065.653000772,16.821,19.855,14.649,13.98,10.349,10.404
20241115115049.5,1066.1210026592,16.879,19.968,14.653,13.974,10.325,10.4
20241115115050,1066.60199984908,16.911,20.053,14.659,13.98,10.339,10.387
20241115115050.5,1067.07099750638,16.95,20.075,14.663,13.986,10.337,10.377
20241115115050.9,1067.53199882805,16.972,20.087,14.659,13.972,10.343,10.4
20241115115051.4,1068.00000071526,17.002,20.093,14.679,13.98,10.335,10.391
20241115115051.9,1068.46899837255,16.982,20.089,14.679,13.98,10.317,10.391
20241115115052.3,1068.94199922681,16.99,20.103,14.661,13.988,10.335,10.41
20241115115052.8,1069.41099688411,17.019,20.162,14.659,13.976,10.329,10.379
20241115115053.3,1069.87899877131,17.016,20.198,14.649,13.984,10.347,10.387
20241115115053.8,1070.34799642861,16.98,20.267,14.677,13.976,10.347,10.393
20241115115054.2,1070.83200104535,16.994,20.265,14.675,13.992,10.349,10.406
20241115115054.7,1071.30099870265,16.998,20.317,14.671,13.994,10.337,10.385
20241115115055.2,1071.79700285196,16.996,20.439,14.677,13.99,10.333,10.377
20241115115055.7,1072.26199731231,17.014,20.467,14.677,13.992,10.345,10.379
20241115115056.1,1072.73499816656,17.006,20.479,14.667,13.976,10.369,10.406
20241115115056.6,1073.20300005376,17.006,20.449,14.655,14,10.339,10.402
20241115115057.1,1073.66800457239,17.002,20.483,14.665,13.982,10.339,10.404
20241115115057.5,1074.13700222969,17.035,20.491,14.675,13.99,10.347,10.395
20241115115058,1074.60599988699,17.061,20.491,14.677,13.98,10.329,10.397
20241115115058.5,1075.07499754429,17.061,20.519,14.683,13.984,10.349,10.393
20241115115058.9,1075.54299943149,17.105,20.57,14.667,13.982,10.335,10.383
20241115115059.4,1076.02799981833,17.156,20.625,14.651,13.986,10.323,10.381
20241115115059.9,1076.49600170553,17.214,20.653,14.669,13.988,10.349,10.4
20241115115100.4,1076.97699889541,17.227,20.665,14.681,13.988,10.331,10.381
20241115115100.8,1077.44599655271,17.257,20.691,14.655,14,10.331,10.377
20241115115101.3,1077.91399843991,17.231,20.683,14.691,13.992,10.347,10.365
20241115115101.8,1078.38299609721,17.154,20.715,14.681,13.974,10.337,10.387
20241115115102.3,1078.85599695146,17.118,20.74,14.687,13.998,10.325,10.379
20241115115102.7,1079.32500466704,17.099,20.776,14.693,13.988,10.351,10.4
20241115115103.2,1079.79299649596,17.138,20.82,14.687,13.996,10.333,10.393
20241115115103.7,1080.2779968828,17.154,20.841,14.679,13.98,10.337,10.406
20241115115104.1,1080.74300140142,17.136,20.859,14.679,13.982,10.337,10.383
20241115115104.6,1081.21100328863,17.12,20.936,14.677,13.98,10.327,10.389
20241115115105.1,1081.68000094593,17.13,21.075,14.685,13.968,10.333,10.373
20241115115105.6,1082.16099813581,17.12,21.136,14.699,13.988,10.337,10.391
20241115115106,1082.63300321996,17.075,21.19,14.675,13.978,10.337,10.397
20241115115106.5,1083.10200087726,17.065,21.233,14.689,13.966,10.325,10.385
20241115115107,1083.57099853456,17.049,21.277,14.683,13.988,10.339,10.391
20241115115107.4,1084.03600305319,17.039,21.295,14.681,13.982,10.331,10.404
20241115115107.9,1084.51999761164,17.039,21.319,14.685,13.976,10.333,10.391
20241115115108.4,1084.9929984659,17.059,21.336,14.689,13.982,10.325,10.377
20241115115108.9,1085.4610003531,17.047,21.366,14.669,13.972,10.337,10.381
20241115115109.3,1085.92600487173,17.061,21.364,14.681,13.97,10.337,10.379
20241115115109.8,1086.39500252903,17.073,21.408,14.673,13.964,10.349,10.377
20241115115110.3,1086.87899708748,17.061,21.422,14.671,13.984,10.331,10.4
20241115115110.8,1087.35199794173,17.061,21.457,14.671,13.988,10.333,10.385
20241115115111.2,1087.82100565732,17.055,21.515,14.677,13.972,10.343,10.375
20241115115111.7,1088.28600011766,17.037,21.566,14.683,13.972,10.339,10.389
20241115115112.2,1088.75400200486,17.045,21.594,14.685,13.98,10.335,10.395
20241115115112.6,1089.2390023917,17.063,21.622,14.669,13.968,10.323,10.381
20241115115113.1,1089.70300108194,17.069,21.624,14.657,13.96,10.325,10.375
20241115115113.6,1090.1760019362,17.079,21.659,14.655,13.966,10.333,10.391
20241115115114,1090.64099639654,17.099,21.705,14.659,13.948,10.331,10.395
20241115115114.5,1091.1139972508,17.095,21.742,14.653,13.958,10.345,10.397
20241115115115,1091.59000553191,17.083,21.77,14.655,13.948,10.337,10.367
20241115115115.5,1092.07100272179,17.13,21.812,14.631,13.952,10.333,10.387
20241115115115.9,1092.53900460899,17.109,21.82,14.647,13.96,10.323,10.387
20241115115116.4,1093.00800226629,17.087,21.849,14.657,13.928,10.339,10.395
20241115115116.9,1093.48100312054,17.045,21.897,14.641,13.96,10.353,10.4
20241115115117.4,1093.95000077784,17.045,21.95,14.647,13.944,10.337,10.391
20241115115117.8,1094.43400539458,16.97,21.998,14.625,13.954,10.343,10.383
20241115115118.3,1094.89899985492,16.922,22.043,14.661,13.968,10.339,10.389
20241115115118.8,1095.36799751222,16.96,22.077,14.631,13.946,10.321,10.379
20241115115119.2,1095.83599939942,16.972,22.113,14.649,13.962,10.351,10.395
20241115115119.7,1096.30900025368,16.986,22.156,14.625,13.96,10.341,10.383
20241115115120.2,1096.78200110793,16.899,22.201,14.647,13.952,10.319,10.387
20241115115120.7,1097.26200252771,16.713,22.246,14.651,13.94,10.327,10.404
20241115115121.1,1097.73100018501,16.602,22.281,14.631,13.948,10.339,10.377
20241115115121.6,1098.21500480175,16.594,22.312,14.639,13.958,10.311,10.402
20241115115122.1,1098.68400245905,16.554,22.336,14.613,13.954,10.339,10.381
20241115115122.6,1099.16400387883,16.566,22.383,14.635,13.944,10.333,10.387
20241115115123,1099.62899833918,16.515,22.424,14.629,13.946,10.335,10.395
20241115115123.5,1100.10199919343,16.562,22.463,14.637,13.95,10.325,10.383
20241115115124,1100.56700371206,16.627,22.51,14.623,13.948,10.327,10.375
20241115115124.4,1101.03899873793,16.582,22.563,14.637,13.942,10.333,10.371
20241115115124.9,1101.50799639523,16.588,22.602,14.615,13.962,10.343,10.4
20241115115125.4,1101.99299678206,16.576,22.643,14.625,13.954,10.331,10.383
20241115115125.9,1102.46500186622,16.554,22.685,14.619,13.954,10.325,10.379
20241115115126.3,1102.92999632657,16.544,22.726,14.619,13.952,10.345,10.373
20241115115126.8,1103.39500084519,16.58,22.794,14.621,13.938,10.333,10.391
20241115115127.3,1103.86399850249,16.6,22.847,14.623,13.962,10.339,10.381
20241115115127.7,1104.34399992228,16.554,22.914,14.627,13.95,10.345,10.375
20241115115128.2,1104.82800453901,16.604,22.967,14.639,13.954,10.345,10.385
20241115115128.7,1105.29700219631,16.588,23.016,14.621,13.94,10.333,10.377
20241115115129.2,1105.76599985361,16.287,23.092,14.621,13.96,10.341,10.367
20241115115129.6,1106.23499751091,16.015,23.143,14.627,13.94,10.343,10.377
20241115115130.1,1106.71900212765,15.99,23.219,14.625,13.956,10.345,10.389
20241115115130.6,1107.18399658799,16.061,23.258,14.629,13.958,10.329,10.371
20241115115131.1,1107.65300430357,15.97,23.321,14.633,13.956,10.327,10.359
20241115115131.5,1108.12099613249,16.021,23.392,14.629,13.956,10.325,10.381
20241115115132,1108.59000384808,15.938,23.435,14.619,13.95,10.337,10.381
20241115115132.5,1109.05900150537,15.895,23.505,14.621,13.952,10.329,10.383
20241115115132.9,1109.52799916267,15.911,23.556,14.596,13.942,10.317,10.373
20241115115133.4,1109.99600104988,15.851,23.636,14.635,13.934,10.333,10.365
20241115115133.9,1110.46499870718,15.687,23.687,14.612,13.952,10.339,10.397
20241115115134.3,1110.93399636447,15.572,23.774,14.621,13.966,10.351,10.375
20241115115134.8,1111.40300408006,15.584,23.819,14.623,13.95,10.353,10.379
20241115115135.3,1111.88300549984,15.619,23.881,14.613,13.94,10.323,10.385
20241115115135.8,1112.35200315714,15.651,23.934,14.627,13.982,10.353,10.377
20241115115136.2,1112.83599771559,15.703,24.005,14.629,13.946,10.325,10.377
20241115115136.7,1113.30100223422,15.804,24.122,14.641,13.958,10.317,10.375
20241115115137.2,1113.76999989152,15.877,24.206,14.647,13.954,10.323,10.389
20241115115137.6,1114.24300074577,16.045,24.3,14.61,13.946,10.317,10.363
20241115115138.1,1114.72300216556,16.128,24.412,14.621,13.942,10.333,10.381
20241115115138.6,1115.19199982285,16.077,24.645,14.627,13.97,10.327,10.373
20241115115139.1,1115.65700434148,16.111,24.714,14.627,13.962,10.321,10.383
20241115115139.5,1116.14099889994,16.122,24.796,14.629,13.966,10.311,10.377
20241115115140,1116.60600341856,16.184,24.847,14.643,13.984,10.339,10.375
20241115115140.5,1117.07500107586,16.295,24.878,14.621,13.972,10.319,10.369
20241115115141,1117.5590056926,16.259,24.933,14.645,13.986,10.327,10.385
20241115115141.4,1118.03599968553,16.417,25.005,14.637,13.986,10.319,10.379
20241115115141.9,1118.50400157273,16.53,25.099,14.669,14.002,10.317,10.391
20241115115142.4,1118.97700242698,16.635,25.205,14.649,13.974,10.325,10.393
20241115115142.9,1119.45000328124,16.671,25.313,14.659,13.98,10.349,10.377
20241115115143.3,1119.91800516844,16.762,25.415,14.657,13.98,10.353,10.377
20241115115143.8,1120.40300555527,16.788,25.521,14.677,13.97,10.335,10.377
20241115115144.3,1120.87099738419,16.823,25.626,14.673,13.976,10.359,10.377
20241115115144.7,1121.34399823844,16.865,25.801,14.669,13.98,10.347,10.381
20241115115145.2,1121.81299589574,16.885,25.942,14.677,13.994,10.353,10.375
20241115115145.7,1122.28599675,16.913,26.096,14.701,13.988,10.347,10.385
20241115115146.2,1122.76599816978,16.909,26.343,14.689,14,10.339,10.381
20241115115146.7,1123.25000278652,16.926,26.584,14.695,13.982,10.331,10.377
20241115115147.1,1123.73500317335,16.946,26.747,14.691,13.988,10.335,10.391
20241115115147.6,1124.2189977318,16.934,26.868,14.685,13.988,10.341,10.389
20241115115148.1,1124.68800544739,16.95,27.097,14.695,13.994,10.321,10.406
20241115115148.6,1125.15700310469,16.974,27.238,14.718,13.99,10.319,10.381
20241115115149,1125.62100179493,16.974,27.522,14.712,13.984,10.329,10.379
20241115115149.5,1126.09400264919,16.964,27.832,14.74,13.99,10.337,10.391
20241115115150,1126.57099664211,16.962,27.953,14.726,14.004,10.333,10.4
20241115115150.4,1127.03899852931,17.004,27.981,14.732,14,10.335,10.383
20241115115150.9,1127.50400304794,16.998,28.106,14.744,14.019,10.333,10.391
20241115115151.4,1127.97300070524,17.016,28.237,14.738,14,10.337,10.373
20241115115151.8,1128.44199836254,16.96,28.284,14.754,14,10.351,10.373
20241115115152.3,1128.91099601984,16.875,28.427,14.758,14.01,10.339,10.369
20241115115152.8,1129.37899790704,16.788,28.494,14.766,14.002,10.343,10.387
20241115115153.3,1129.86399829388,16.841,28.625,14.752,14.004,10.339,10.385
20241115115153.8,1130.36000244319,16.889,28.674,14.752,14.025,10.329,10.4
20241115115154.2,1130.83199746907,16.901,28.717,14.764,14.01,10.341,10.387
20241115115154.7,1131.30100518465,16.934,28.821,14.74,14.017,10.347,10.402
20241115115155.2,1131.78600557148,16.95,28.958,14.744,14.013,10.343,10.385
20241115115155.7,1132.27000012994,16.96,29.122,14.736,14.013,10.329,10.381
20241115115156.1,1132.73899778724,16.986,29.312,14.75,14.006,10.339,10.355
20241115115156.6,1133.20299647748,16.99,29.43,14.744,14.019,10.341,10.387
20241115115157.1,1133.68799686432,16.996,29.493,14.748,14.01,10.339,10.375
20241115115157.6,1134.15300138295,17.014,29.626,14.764,13.996,10.349,10.391
20241115115158,1134.64099913836,17.006,29.755,14.74,14.004,10.331,10.395
20241115115158.5,1135.10600365698,17.029,29.876,14.77,14.019,10.333,10.381
20241115115159,1135.57500131428,17.004,30.104,14.76,14.002,10.335,10.389
20241115115159.4,1136.04699634016,17.031,30.247,14.758,14.015,10.341,10.387
20241115115159.9,1136.51999719441,17.061,30.388,14.764,14.025,10.321,10.387
20241115115200.4,1136.98900490999,17.045,30.493,14.756,14.031,10.325,10.387
20241115115200.9,1137.45300360024,17.059,30.613,14.778,14.017,10.327,10.395
20241115115201.3,1137.92600445449,17.069,30.727,14.766,14.013,10.339,10.391
20241115115201.8,1138.39500211179,17.077,30.852,14.762,14.01,10.329,10.375
20241115115202.3,1138.86399976909,17.081,31.016,14.754,14.039,10.337,10.395
20241115115202.7,1139.33200165629,17.12,31.193,14.774,13.994,10.343,10.371
20241115115203.2,1139.80099931359,17.109,31.387,14.754,14,10.327,10.387
20241115115203.7,1140.28599970043,16.952,31.479,14.788,14,10.331,10.369
20241115115204.2,1140.75400158763,16.709,31.643,14.76,14.008,10.315,10.381
20241115115204.6,1141.21899604797,16.511,31.778,14.736,14.002,10.333,10.385
20241115115205.1,1141.69600009918,16.414,31.915,14.748,13.99,10.351,10.369
20241115115205.6,1142.16800518334,16.417,32.084,14.758,14.012,10.321,10.353
20241115115206.1,1142.64900237322,16.275,32.303,14.74,13.998,10.335,10.402
20241115115206.5,1143.12099739909,16.107,32.43,14.732,13.986,10.333,10.402
20241115115207,1143.58600191772,16.039,32.618,14.746,13.984,10.337,10.383
20241115115207.5,1144.0669991076,16.051,32.828,14.722,13.992,10.341,10.373
20241115115207.9,1144.5359967649,15.972,33.022,14.736,13.988,10.333,10.4
20241115115208.4,1145.02400457859,15.726,33.32,14.734,13.968,10.341,10.391
20241115115208.9,1145.50799913704,15.948,33.578,14.734,13.996,10.331,10.41
20241115115209.4,1145.98500318825,16.174,33.837,14.746,13.99,10.333,10.389
20241115115209.9,1146.45300507545,16.297,34.232,14.752,13.988,10.323,10.371
20241115115210.3,1146.92200273275,16.362,34.458,14.77,13.988,10.339,10.381
20241115115210.8,1147.3869971931,16.473,35.289,14.736,14.002,10.351,10.371
20241115115211.3,1147.86400124431,16.493,36.052,14.768,13.976,10.345,10.379
20241115115211.7,1148.33200313151,16.572,36.232,14.768,14,10.337,10.371
20241115115212.2,1148.81700351834,16.546,36.358,14.768,14.002,10.335,10.387
20241115115212.7,1149.28600117564,16.655,36.499,14.772,14.013,10.331,10.391
20241115115213.2,1149.76600259542,16.669,36.89,14.782,14.012,10.339,10.377
20241115115213.6,1150.24600401521,16.699,37.275,14.802,14.021,10.337,10.391
20241115115214.1,1150.73499754071,16.786,37.606,14.774,14.021,10.337,10.375
20241115115214.6,1151.20299942791,16.849,38.358,14.808,14.029,10.337,10.385
20241115115215.1,1151.67199708521,16.926,38.634,14.808,14.027,10.335,10.377
20241115115215.6,1152.16800123453,16.968,38.602,14.812,14.002,10.337,10.367
20241115115216,1152.63699889183,16.928,38.632,14.817,14.015,10.341,10.363
20241115115216.5,1153.12100350857,16.958,38.694,14.813,14.023,10.347,10.385
20241115115217,1153.59000116587,16.857,38.849,14.776,14.023,10.345,10.377
20241115115217.5,1154.06300202012,16.877,39.012,14.804,14.025,10.321,10.385
20241115115217.9,1154.54699657857,16.905,39.221,14.804,14.031,10.333,10.377
20241115115218.4,1155.01999743283,16.903,39.659,14.802,14.019,10.333,10.383
20241115115218.9,1155.48900514841,16.911,40.173,14.794,14.035,10.331,10.373
20241115115219.4,1155.95699697733,16.881,40.659,14.806,14.019,10.319,10.381
20241115115219.8,1156.43800422549,16.841,41.155,14.806,14.002,10.329,10.387
20241115115220.3,1156.90700188279,16.837,41.252,14.8,14.027,10.339,10.361
20241115115220.8,1157.37500376999,16.885,41.494,14.804,14.021,10.335,10.375
20241115115221.3,1157.87500105798,16.917,41.875,14.802,14.019,10.351,10.383
20241115115221.7,1158.34399871528,16.946,42.442,14.806,14.012,10.327,10.375
20241115115222.2,1158.83199647069,16.988,44.171,14.81,14.015,10.335,10.377
20241115115222.7,1159.31300371885,16.946,44.688,14.823,14.035,10.331,10.379
20241115115223.2,1159.79699827731,16.932,44.794,14.819,14.023,10.327,10.375
20241115115223.7,1160.27800552547,16.96,44.909,14.837,14.031,10.333,10.389
20241115115224.1,1160.74599735439,16.942,45.131,14.827,14.021,10.325,10.389
20241115115224.6,1161.21899820864,16.932,45.47,14.823,14.027,10.341,10.387
20241115115225.1,1161.6919990629,16.94,45.942,14.827,14.021,10.317,10.371
20241115115225.6,1162.16400414705,16.94,46.301,14.843,14.023,10.333,10.369
20241115115226.1,1162.64900453389,16.911,46.556,14.831,14.037,10.335,10.365
20241115115226.5,1163.12500275671,16.917,47.205,14.823,14.015,10.341,10.391
20241115115227,1163.59400041401,16.903,47.59,14.81,14.019,10.331,10.365
20241115115227.5,1164.06700126827,16.922,47.694,14.812,14.01,10.337,10.361
20241115115227.9,1164.54700268805,16.94,47.92,14.819,14.029,10.325,10.369
20241115115228.4,1165.02799987793,16.93,48.444,14.815,14.01,10.325,10.365
20241115115228.9,1165.49600176513,16.917,49.18,14.827,13.992,10.325,10.375
20241115115229.4,1165.98100215197,16.905,49.641,14.831,14.027,10.327,10.361
20241115115229.8,1166.44599661231,16.897,50.433,14.839,14.029,10.317,10.365
20241115115230.3,1166.91399849951,16.879,51.024,14.831,14.015,10.333,10.371
20241115115230.8,1167.39899888635,16.905,51.218,14.837,14.006,10.315,10.381
20241115115231.3,1167.86799654365,16.901,51.946,14.843,14.015,10.319,10.361
20241115115231.8,1168.35200116038,16.901,52.739,14.833,14.029,10.329,10.377
20241115115232.2,1168.83599571884,16.887,53.456,14.839,14.031,10.319,10.361
20241115115232.7,1169.30899657309,16.893,53.955,14.853,14.035,10.335,10.347
20241115115233.2,1169.78899799287,16.893,56.801,14.845,14.035,10.325,10.357
20241115115233.7,1170.25799565017,16.875,57.925,14.869,14.019,10.329,10.365
20241115115234.1,1170.72700336576,16.869,58.975,14.869,14.025,10.327,10.381
20241115115234.6,1171.21099792421,16.871,59.669,14.857,14.043,10.319,10.367
20241115115235.1,1171.69599831104,16.849,59.512,14.851,14.039,10.325,10.367
20241115115235.6,1172.19600565732,16.849,59.153,14.859,14.049,10.329,10.381
20241115115236.1,1172.67200388014,16.849,59.149,14.857,14.045,10.329,10.375
20241115115236.5,1173.13699834049,16.843,59.243,14.857,14.039,10.323,10.359
20241115115237,1173.60999919474,16.833,59.809,14.873,14.045,10.315,10.365
20241115115237.5,1174.09000061452,16.831,60.545,14.859,14.027,10.323,10.375
20241115115238,1174.56300146878,16.823,60.574,14.879,14.049,10.327,10.363
20241115115238.4,1175.03199912608,16.853,60.409,14.861,14.031,10.321,10.367
20241115115238.9,1175.50000101328,16.857,60.465,14.863,14.035,10.321,10.357
20241115115239.4,1175.98500140011,16.839,60.679,14.871,14.035,10.313,10.361
20241115115239.9,1176.44999586046,16.873,60.879,14.871,14.035,10.331,10.377
20241115115240.3,1176.91799774766,16.865,61.233,14.855,14.033,10.317,10.367
20241115115240.8,1177.38700546324,16.857,62.009,14.851,14.025,10.347,10.373
20241115115241.3,1177.85600312054,16.869,63.471,14.849,14.023,10.313,10.367
20241115115241.7,1178.339997679,16.845,63.765,14.841,14.012,10.327,10.363
20241115115242.2,1178.81299853325,16.855,64.988,14.849,14.041,10.311,10.373
20241115115242.7,1179.31300587952,16.869,65.729,14.847,14.031,10.333,10.375
20241115115243.2,1179.77800033987,16.861,66.431,14.853,14.033,10.308,10.367
20241115115243.7,1180.2620049566,16.887,66.844,14.853,14.017,10.317,10.361
20241115115244.1,1180.7310026139,16.909,68.783,14.859,14.023,10.329,10.361
20241115115244.6,1181.19599707425,16.932,69.634,14.857,14.023,10.321,10.361
20241115115245.1,1181.66399896145,16.915,70.086,14.871,14.045,10.311,10.365
20241115115245.6,1182.14899934828,16.883,70.662,14.869,14.035,10.321,10.357
20241115115246,1182.61799700558,16.885,71.363,14.887,14.031,10.315,10.375
20241115115246.5,1183.10200162232,16.861,72.439,14.851,14.019,10.304,10.351
20241115115247,1183.5820030421,16.863,73.912,14.881,14.041,10.327,10.355
20241115115247.5,1184.0510006994,16.855,75.15,14.861,14.033,10.327,10.371
20241115115247.9,1184.53199788928,16.841,76.111,14.875,14.025,10.323,10.359
20241115115248.4,1185.00400297344,16.808,76.86,14.867,14.035,10.325,10.349
20241115115248.9,1185.48099696636,16.77,77.568,14.877,14.017,10.321,10.365
20241115115249.4,1185.9650015831,16.814,79.313,14.883,14.047,10.325,10.367
20241115115249.8,1186.4339992404,16.796,79.937,14.877,14.045,10.327,10.367
20241115115250.3,1186.9029968977,16.81,81.579,14.936,14.059,10.327,10.377
20241115115250.8,1187.38299831748,16.798,84.346,14.905,14.055,10.317,10.373
20241115115251.3,1187.86799870431,16.796,86.589,14.92,14.059,10.315,10.371
20241115115251.8,1188.35200332105,16.808,86.893,14.916,14.049,10.323,10.359
20241115115252.2,1188.8169977814,16.812,87.626,14.934,14.077,10.317,10.351
20241115115252.7,1189.28600549698,16.819,87.249,14.913,14.043,10.337,10.369
20241115115253.2,1189.77000005543,16.806,87.947,14.913,14.041,10.327,10.359
20241115115253.7,1190.25000147521,16.821,90.068,14.928,14.067,10.311,10.365
20241115115254.1,1190.71899913251,16.806,91.229,14.932,14.039,10.329,10.347
20241115115254.6,1191.18799678981,16.804,92.585,14.932,14.039,10.317,10.357
20241115115255.1,1191.67200140655,16.808,92.551,14.938,14.063,10.317,10.371
20241115115255.5,1192.14099906385,16.792,93.572,14.924,14.039,10.308,10.361
20241115115256,1192.62500368059,16.786,94.59,14.922,14.063,10.331,10.369
20241115115256.5,1193.10600087047,16.78,95.008,14.93,14.047,10.329,10.349
20241115115257,1193.5900054872,16.774,96.6,14.924,14.043,10.319,10.367
20241115115257.5,1194.07100267708,16.76,97.893,14.936,14.061,10.311,10.343
20241115115257.9,1194.53900456429,16.776,100.115,14.942,14.061,10.315,10.365
20241115115258.4,1195.02000175416,16.764,101.364,14.948,14.045,10.311,10.373
20241115115258.9,1195.50399631262,16.756,102.804,14.952,14.059,10.308,10.351
20241115115259.4,1195.98500356078,16.758,105.297,14.956,14.059,10.306,10.361
20241115115259.9,1196.46899811924,16.762,107.18,14.98,14.055,10.321,10.371
20241115115300.3,1196.93799577653,16.766,107.827,14.958,14.063,10.321,10.357
20241115115300.8,1197.43399992585,16.762,108.665,14.958,14.045,10.3,10.353
20241115115301.3,1197.90700078011,16.752,110.337,14.98,14.061,10.325,10.363
20241115115301.8,1198.38700219989,16.774,111.676,14.962,14.055,10.317,10.367
20241115115302.3,1198.85599985719,16.788,112.644,14.976,14.039,10.317,10.371
20241115115302.7,1199.33199808002,16.786,113.834,14.974,14.065,10.311,10.357
20241115115303.2,1199.81699846685,16.782,114.227,14.938,14.055,10.317,10.371
20241115115303.7,1200.28900355101,16.768,115.421,14.97,14.065,10.343,10.365
20241115115304.2,1200.76200440526,16.77,116.833,14.954,14.055,10.317,10.367
20241115115304.6,1201.24300159514,16.774,116.86,14.964,14.059,10.313,10.363
20241115115305.1,1201.73899568617,16.802,117.317,14.944,14.057,10.329,10.373
20241115115305.6,1202.20699757338,16.802,118.15,14.97,14.045,10.308,10.349
20241115115306.1,1202.71099805832,16.782,119.343,14.954,14.047,10.313,10.351
20241115115306.6,1203.17600257695,16.819,120.244,14.942,14.061,10.315,10.375
20241115115307.1,1203.6490034312,16.812,121.196,14.944,14.063,10.321,10.369
20241115115307.6,1204.15300391614,16.827,122.838,14.95,14.063,10.317,10.355
20241115115308,1204.6369984746,16.851,125.561,14.964,14.063,10.323,10.355
20241115115308.5,1205.1059961319,16.792,126.704,14.962,14.061,10.317,10.367
20241115115309,1205.58599755168,16.8,129.399,14.94,14.051,10.302,10.371
20241115115309.5,1206.07099793851,16.814,131.606,14.954,14.075,10.315,10.353
20241115115309.9,1206.54699616134,16.823,133.767,14.962,14.043,10.306,10.377
20241115115310.4,1207.0199970156,16.859,135.238,14.956,14.071,10.302,10.353
20241115115310.9,1207.49999843538,16.843,136.271,14.938,14.067,10.292,10.365
20241115115311.4,1207.96899609268,16.869,137.943,14.946,14.047,10.308,10.349
20241115115311.8,1208.43800380826,16.859,139.768,14.95,14.045,10.313,10.357
20241115115312.3,1208.92199836671,16.873,141.53,14.966,14.055,10.311,10.359
20241115115312.8,1209.40699875355,16.911,142.813,14.958,14.053,10.315,10.359
20241115115313.3,1209.87500064075,16.946,144.931,14.966,14.047,10.311,10.363
20241115115313.8,1210.36400422454,16.968,147.114,14.971,14.064,10.314,10.356
20241115115314.2,1210.83199605346,16.975,149.555,14.977,14.066,10.318,10.366
20241115115314.7,1211.30499690771,16.991,150.625,14.997,14.072,10.326,10.384
20241115115315.2,1211.78600415587,16.997,152.1,14.997,14.07,10.324,10.36
20241115115315.7,1212.26999871433,17.013,154.905,15.017,14.078,10.299,10.368
20241115115316.2,1212.75400333107,17.034,157.573,15.019,14.09,10.322,10.354
20241115115316.6,1213.23500052094,17.05,159.598,14.989,14.076,10.301,10.334
20241115115317.1,1213.70300240815,17.042,160.366,15.024,14.104,10.303,10.366
20241115115317.6,1214.17200006545,17.011,161.844,15.015,14.072,10.314,10.358
20241115115318.1,1214.65700045228,17.015,163.761,15.017,14.09,10.316,10.352
20241115115318.5,1215.14100506902,17.023,164.374,15.038,14.09,10.31,10.348
20241115115319,1215.62099643052,17.021,164.917,15.017,14.068,10.314,10.354
20241115115319.5,1216.10599681735,17.038,166.328,15.007,14.088,10.316,10.34
20241115115320,1216.57500453293,17.048,167.728,15.005,14.08,10.31,10.352
20241115115320.5,1217.06300228834,17.04,168.913,15.003,14.074,10.289,10.356
20241115115320.9,1217.54300370812,17.032,169.662,15.001,14.066,10.306,10.364
20241115115321.4,1218.03199723363,17.032,170.602,15.001,14.08,10.316,10.358
20241115115321.9,1218.51199865341,17.036,171.833,14.995,14.076,10.301,10.358
20241115115322.4,1218.99600327015,17.048,173.225,15.005,14.084,10.31,10.37
20241115115322.9,1219.46500092745,17.078,174.89,14.999,14.078,10.322,10.374
20241115115323.3,1219.94599811733,17.074,176.784,14.999,14.082,10.291,10.35
20241115115323.8,1220.41400000453,17.072,177.191,14.989,14.072,10.318,10.358
20241115115324.3,1220.88299766183,17.07,178.805,14.989,14.06,10.312,10.358
20241115115324.8,1221.36799804866,16.912,180.217,15.003,14.064,10.306,10.342
20241115115325.2,1221.83599993587,16.702,180.012,14.985,14.068,10.318,10.364
20241115115325.7,1222.3210003227,16.51,181.43,15.001,14.068,10.328,10.372
20241115115326.2,1222.7890022099,16.474,184.429,14.985,14.07,10.312,10.352
20241115115326.7,1223.2579998672,16.537,186.641,15.003,14.05,10.303,10.352
20241115115327.1,1223.73899705708,16.458,186.488,14.979,14.078,10.306,10.354
20241115115327.6,1224.20300580561,16.375,187.398,14.989,14.086,10.306,10.376
20241115115328.1,1224.68400299549,16.149,189.71,14.989,14.058,10.287,10.352
20241115115328.6,1225.16099698842,16.127,191.806,14.999,14.066,10.316,10.348
20241115115329,1225.63700526953,16.003,193.929,14.985,14.07,10.301,10.36
20241115115329.5,1226.12099982798,15.955,196.315,14.989,14.058,10.306,10.35
20241115115330,1226.60199701786,15.779,198.551,14.993,14.054,10.303,10.33
20241115115330.5,1227.08199843764,15.848,201.258,14.979,14.052,10.303,10.36
20241115115331,1227.56299562752,15.854,203.887,14.981,14.06,10.312,10.344
20241115115331.4,1228.04700024426,15.811,206.297,14.995,14.058,10.302,10.366
20241115115331.9,1228.52000109851,15.805,208.487,14.993,14.066,10.302,10.35
20241115115332.4,1228.98899875581,15.779,210.853,14.999,14.05,10.312,10.364
20241115115332.9,1229.46100383997,15.769,214.719,15.023,14.056,10.314,10.352
20241115115333.3,1229.9460042268,15.833,216.239,15.015,14.06,10.32,10.368
20241115115333.8,1230.41399605572,15.916,218.269,15.044,14.06,10.33,10.378
20241115115334.3,1230.88699690998,15.987,218.161,15.031,14.056,10.304,10.352
20241115115334.8,1231.36800415814,16.046,219.536,15.032,14.044,10.306,10.36
20241115115335.2,1231.83599598706,16.072,221.55,15.021,14.062,10.295,10.346
20241115115335.7,1232.30899684131,16.084,223.829,15.032,14.04,10.301,10.34
20241115115336.2,1232.78199769557,16.211,225.837,15.026,14.05,10.308,10.344
20241115115336.7,1233.25400277972,16.45,227.252,15.001,14.062,10.301,10.34
20241115115337.1,1233.73099677265,16.573,228.179,14.981,14.056,10.289,10.356
20241115115337.6,1234.2030018568,16.856,230.581,15.011,14.038,10.316,10.354
20241115115338.1,1234.6719995141,16.898,232.684,15.019,14.046,10.3,10.35
20241115115338.5,1235.1409971714,17.009,234.321,15.015,14.054,10.302,10.35
20241115115339,1235.61399802566,17.086,236.729,15.011,14.068,10.308,10.356
20241115115339.5,1236.08600310981,17.126,238.804,14.999,14.068,10.324,10.36
20241115115340,1236.55900396407,17.142,240.805,15.019,14.08,10.316,10.362
20241115115340.4,1237.02800162137,17.191,242.76,14.993,14.054,10.31,10.383
20241115115340.9,1237.51199617982,17.221,244.928,14.999,14.062,10.308,10.374
20241115115341.4,1237.98499703407,17.132,246.676,15.019,14.058,10.31,10.366
20241115115341.9,1238.45299892128,17.134,248.477,15.039,14.082,10.322,10.372
20241115115342.3,1238.92599977553,17.193,250.412,15.023,14.054,10.302,10.348
20241115115342.8,1239.40300382674,17.128,251.967,15.009,14.054,10.316,10.356
20241115115343.3,1239.87499885261,17.197,253.619,15.013,14.074,10.324,10.35
20241115115343.8,1240.35200290382,17.248,255.178,15.029,14.056,10.322,10.352
20241115115344.2,1240.82100056112,17.169,256.023,15.023,14.074,10.306,10.348
20241115115344.7,1241.28900244832,17.233,257.054,15.023,14.082,10.31,10.366
20241115115345.2,1241.76200330257,17.312,257.695,15.027,14.084,10.32,10.372
20241115115345.6,1242.23500415683,17.272,260.005,15.047,14.1,10.332,10.368
20241115115346.1,1242.70299598575,17.26,261.31,15.019,14.096,10.326,10.358
20241115115346.6,1243.18400323391,17.314,263.075,15.029,14.106,10.334,10.366
20241115115347.1,1243.65700408816,17.346,265.274,15.033,14.09,10.314,10.354
20241115115347.5,1244.13700550795,17.29,267.83,15.025,14.09,10.328,10.364
20241115115348,1244.61800269783,17.213,269.733,15.039,14.078,10.306,10.368
20241115115348.5,1245.08600458503,17.14,270.849,15.029,14.088,10.328,10.368
20241115115349,1245.56700177491,16.971,272.656,15.031,14.088,10.326,10.362
20241115115349.4,1246.03599943221,16.835,274.491,15.043,14.088,10.326,10.358
20241115115349.9,1246.50400131941,16.872,276.002,15.047,14.08,10.308,10.379
20241115115350.4,1246.9930049032,16.924,277.64,15.052,14.092,10.306,10.364
20241115115350.9,1247.46099673212,16.916,278.925,15.052,14.094,10.324,10.375
20241115115351.3,1247.92600125074,16.892,280.178,15.07,14.094,10.316,10.387
20241115115351.8,1248.399002105,16.896,281.649,15.074,14.082,10.308,10.372
20241115115352.3,1248.87099713087,16.904,283.06,15.076,14.078,10.326,10.362
20241115115352.7,1249.34399798512,16.835,284.502,15.078,14.084,10.304,10.362
20241115115353.2,1249.82100203633,16.656,285.68,15.068,14.11,10.312,10.385
20241115115353.7,1250.30499659479,16.658,286.793,15.09,14.102,10.342,10.354
20241115115354.2,1250.77400431037,16.72,288.022,15.066,14.108,10.308,10.372
20241115115354.7,1251.2500025332,16.726,289.175,15.076,14.102,10.318,10.358
20241115115355.1,1251.73500292003,16.757,290.323,15.086,14.114,10.314,10.379
20241115115355.6,1252.23500020802,16.813,291.665,15.074,14.102,10.31,10.379
20241115115356.1,1252.71900482476,16.866,292.541,15.094,14.102,10.304,10.358
20241115115356.6,1253.18800248206,16.841,293.402,15.074,14.106,10.326,10.36
20241115115357.1,1253.67600023746,16.815,294.704,15.088,14.112,10.304,10.376
20241115115357.6,1254.15699742734,16.829,295.91,15.08,14.076,10.306,10.364
20241115115358,1254.63699884713,16.781,297.223,15.074,14.076,10.312,10.358
20241115115358.5,1255.12100346386,16.714,298.206,15.068,14.082,10.296,10.36
20241115115359,1255.59000112116,16.742,299.002,15.064,14.098,10.314,10.352
20241115115359.5,1256.05899877846,16.747,299.883,15.08,14.078,10.306,10.364
20241115115359.9,1256.53900019825,16.781,300.656,15.05,14.088,10.308,10.362
20241115115400.4,1257.02800378203,16.856,301.075,15.076,14.076,10.328,10.34
20241115115400.9,1257.49999880791,16.896,301.621,15.084,14.092,10.324,10.37
20241115115401.4,1257.98099599779,16.884,301.841,15.044,14.086,10.314,10.368
20241115115401.9,1258.46500061452,16.908,302.612,15.058,14.084,10.322,10.364
20241115115402.3,1258.93399827182,16.932,303.568,15.058,14.106,10.334,10.374
20241115115402.8,1259.40699912608,16.896,304.303,15.07,14.092,10.31,10.372
20241115115403.3,1259.88700054586,16.932,305.719,15.048,14.092,10.312,10.36
20241115115403.8,1260.3710051626,16.957,306.902,15.062,14.07,10.312,10.356
20241115115404.3,1260.85600554943,16.969,307.854,15.062,14.07,10.304,10.342
20241115115404.7,1261.33599691093,16.953,308.893,15.072,14.08,10.308,10.356
20241115115405.2,1261.8360042572,16.864,310.152,15.062,14.078,10.283,10.346
20241115115405.7,1262.32100464404,16.605,311.516,15.062,14.078,10.314,10.372
20241115115406.2,1262.78899647295,16.433,313.027,15.084,14.092,10.312,10.366
20241115115406.7,1263.27399685979,16.451,317.15,15.064,14.108,10.326,10.37
20241115115407.2,1263.75399827957,16.49,344.243,15.09,14.082,10.31,10.366
20241115115407.6,1264.23899866641,16.565,362.888,15.078,14.088,10.33,10.356
20241115115408.1,1264.71900008619,16.597,374.825,15.088,14.068,10.306,10.348
20241115115408.6,1265.19200094044,16.635,383.367,15.1,14.086,10.318,10.37
20241115115409.1,1265.67200236022,16.686,390.51,15.124,14.08,10.312,10.364
20241115115409.6,1266.15700274706,16.73,396.415,15.114,14.098,10.31,10.385
20241115115410,1266.63700416684,16.755,402.566,15.122,14.096,10.326,10.36
20241115115410.5,1267.1209987253,16.777,413.062,15.098,14.084,10.318,10.377
20241115115411,1267.58999638259,16.799,426.707,15.12,14.106,10.31,10.36
20241115115411.5,1268.05900409818,16.823,404.03,15.114,14.112,10.306,10.362
20241115115412,1268.56300458312,16.855,395.868,15.126,14.098,10.322,10.369
20241115115412.4,1269.04699914157,16.865,392.93,15.126,14.114,10.322,10.365
20241115115412.9,1269.52799633145,16.878,390.77,15.124,14.128,10.32,10.367
20241115115413.4,1270.01200094819,16.894,389.891,15.148,14.106,10.316,10.387
20241115115413.9,1270.49600556493,16.914,390.228,15.142,14.106,10.32,10.358
20241115115414.4,1270.97700275481,16.894,389.806,15.167,14.088,10.32,10.371
20241115115414.9,1271.46099731326,16.9,389.106,15.134,14.116,10.312,10.342
20241115115415.3,1271.93800136447,16.932,388.382,15.13,14.11,10.31,10.358
20241115115415.8,1272.42199592292,16.896,387.796,15.159,14.094,10.318,10.367
20241115115416.3,1272.90300317109,16.894,387.412,15.165,14.108,10.314,10.383
20241115115416.8,1273.38699772954,16.908,387.12,15.181,14.108,10.324,10.373
20241115115417.3,1273.87100234628,16.9,386.365,15.191,14.112,10.32,10.383
20241115115417.8,1274.35600273311,16.892,385.665,15.179,14.106,10.324,10.369
20241115115418.2,1274.83600415289,16.87,385.318,15.173,14.112,10.316,10.373
20241115115418.7,1275.32100453973,16.793,385.122,15.191,14.104,10.334,10.383
20241115115419.2,1275.80099590123,16.56,385.514,15.183,14.106,10.33,10.375
20241115115419.7,1276.27399675548,16.522,385.58,15.187,14.114,10.314,10.389
20241115115420.2,1276.76200456917,16.587,386.301,15.193,14.114,10.342,10.379
20241115115420.6,1277.24300175905,16.678,386.475,15.181,14.124,10.33,10.385
20241115115421.1,1277.71100364625,16.698,386.812,15.185,14.12,10.312,10.407
20241115115421.6,1278.19200083613,16.663,386.953,15.185,14.118,10.316,10.381
20241115115422.1,1278.66400592029,16.684,386.753,15.187,14.122,10.314,10.379
20241115115422.6,1279.14899624884,16.736,386.746,15.201,14.134,10.322,10.397
20241115115423,1279.62899766862,16.766,386.91,15.193,14.108,10.322,10.371
20241115115423.5,1280.11399805546,16.799,387.038,15.185,14.122,10.318,10.375
20241115115424,1280.58199994266,16.835,386.887,15.205,14.098,10.324,10.403
20241115115424.5,1281.06700032949,16.787,386.62,15.205,14.114,10.322,10.373
20241115115424.9,1281.54700174928,16.74,386.435,15.205,14.128,10.318,10.354
20241115115425.4,1282.02799893916,16.789,386.377,15.215,14.134,10.328,10.389
20241115115425.9,1282.49600082636,16.823,386.115,15.235,14.106,10.332,10.401
20241115115426.4,1282.98100121319,16.837,386.8,15.217,14.132,10.338,10.379
20241115115426.9,1283.45299623907,16.851,386.925,15.205,14.134,10.328,10.369
20241115115427.3,1283.94199982285,16.878,387.288,15.215,14.118,10.302,10.371
20241115115427.8,1284.43800397217,16.71,387.763,15.205,14.13,10.32,10.391
20241115115428.3,1284.92199853063,16.613,387.565,15.209,14.12,10.343,10.368
20241115115428.8,1285.40299572051,16.539,387.425,15.198,14.123,10.339,10.388
20241115115429.3,1285.88700033724,16.497,387.824,15.204,14.143,10.325,10.38
20241115115429.8,1286.3600011915,16.434,389.142,15.21,14.115,10.337,10.386
20241115115430.2,1286.83199621737,16.329,390.335,15.232,14.103,10.337,10.386
20241115115430.7,1287.30100393295,16.139,374.134,15.202,14.127,10.341,10.38
20241115115431.2,1287.77000159025,16.266,294.043,15.214,14.123,10.345,10.394
20241115115431.7,1288.25000301003,16.383,230.345,15.234,14.137,10.341,10.386
20241115115432.1,1288.71900066733,16.47,184.461,15.236,14.137,10.329,10.378
20241115115432.6,1289.20300528407,16.535,148.46,15.237,14.122,10.32,10.377
20241115115433.1,1289.68400247395,16.558,120.364,15.257,14.126,10.314,10.389
20241115115433.6,1290.1570033282,16.716,98.636,15.219,14.136,10.316,10.356
20241115115434,1290.63700474799,16.803,81.321,15.229,14.122,10.322,10.373
20241115115434.5,1291.12099930644,16.908,68.013,15.205,14.13,10.316,10.381
20241115115435,1291.58999696374,16.958,58.038,15.201,14.16,10.322,10.377
20241115115435.5,1292.07800477743,16.811,50.876,15.223,14.142,10.316,10.393
20241115115436,1292.57100149989,16.532,45.321,15.217,14.16,10.334,10.373
20241115115436.4,1293.04299652576,16.516,41.273,15.221,14.14,10.33,10.389
20241115115436.9,1293.53900067508,16.627,37.854,15.217,14.136,10.306,10.377
20241115115437.4,1294.02400106192,16.682,34.747,15.221,14.144,10.326,10.387
20241115115437.9,1294.5040024817,16.617,31.815,15.223,14.146,10.326,10.371
20241115115438.4,1294.98900286853,16.455,29.453,15.221,14.134,10.322,10.393
20241115115438.9,1295.47299742699,16.267,27.592,15.211,14.116,10.324,10.367
20241115115439.4,1295.95700204372,16.118,26.069,15.195,14.124,10.314,10.377
20241115115439.8,1296.4379992336,16.017,24.772,15.237,14.138,10.312,10.377
20241115115440.3,1296.92200385034,16.108,23.493,15.211,14.158,10.326,10.383
20241115115440.8,1297.42200113833,16.203,22.206,15.213,14.12,10.34,10.379
20241115115441.3,1297.90700152516,16.257,20.972,15.207,14.122,10.306,10.377
20241115115441.8,1298.38700294495,16.356,19.989,15.221,14.128,10.34,10.383
20241115115442.3,1298.8709975034,16.463,19.241,15.223,14.154,10.328,10.363
20241115115442.8,1299.35599789023,16.348,18.655,15.213,14.148,10.318,10.375
20241115115443.2,1299.83599931002,16.173,18.322,15.219,14.128,10.312,10.35
20241115115443.7,1300.32500289381,15.965,18.1,15.205,14.154,10.304,10.379
20241115115444.2,1300.80500431359,15.918,17.851,15.205,14.148,10.302,10.379
20241115115444.7,1301.28899887204,15.894,17.367,15.217,14.144,10.32,10.367
20241115115445.2,1301.77399925888,15.999,16.989,15.219,14.134,10.31,10.365
20241115115445.7,1302.27799974382,16.078,16.776,15.215,14.152,10.32,10.367
20241115115446.2,1302.75399796665,16.14,16.57,15.203,14.164,10.322,10.371
20241115115446.6,1303.23899835348,16.158,16.403,15.237,14.164,10.314,10.381
20241115115447.1,1303.70700024068,16.142,16.288,15.219,14.132,10.324,10.352
20241115115447.6,1304.19200062752,16.166,16.231,15.217,14.15,10.318,10.354
20241115115448.1,1304.6720020473,16.205,16.136,15.237,14.138,10.31,10.383
20241115115448.6,1305.15700243413,16.245,15.977,15.209,14.134,10.326,10.371
20241115115449,1305.64099699259,16.36,15.845,15.215,14.122,10.312,10.354
20241115115449.5,1306.12500160933,16.464,15.676,15.191,14.126,10.314,10.371
20241115115450,1306.62900209427,16.577,15.476,15.199,14.12,10.316,10.365
20241115115450.5,1307.10599608719,16.672,15.413,15.197,14.096,10.318,10.354
20241115115451,1307.58599750698,16.702,15.49,15.221,14.106,10.318,10.371
20241115115451.5,1308.07099789381,16.732,15.605,15.215,14.13,10.308,10.373
20241115115452,1308.55500251055,16.678,15.736,15.211,14.11,10.318,10.373
20241115115452.4,1309.038997069,16.522,15.845,15.211,14.114,10.322,10.373
20241115115452.9,1309.53599698842,16.288,15.886,15.229,14.112,10.34,10.385
20241115115453.4,1310.02000160515,16.162,15.966,15.223,14.114,10.308,10.385
20241115115453.9,1310.50799936056,16.227,16.005,15.245,14.114,10.316,10.371
20241115115454.4,1310.97699701786,16.358,16.063,15.255,14.114,10.306,10.396
20241115115454.9,1311.44999787211,16.381,15.941,15.258,14.111,10.331,10.386
20241115115455.3,1311.9299992919,16.436,15.761,15.256,14.121,10.317,10.38
20241115115455.8,1312.41400390863,16.535,15.781,15.264,14.125,10.317,10.37
20241115115456.3,1312.89500109851,16.543,15.828,15.252,14.103,10.329,10.382
20241115115456.8,1313.37900571525,16.551,15.695,15.291,14.119,10.339,10.384
20241115115457.3,1313.8639960438,16.636,15.511,15.285,14.141,10.339,10.38
20241115115457.7,1314.34399746358,16.701,15.343,15.27,14.151,10.321,10.388
20241115115458.2,1314.81699831784,16.695,15.147,15.274,14.141,10.321,10.374
20241115115458.7,1315.29699973762,16.547,15.06,15.293,14.157,10.317,10.394
20241115115459.2,1315.78600332141,16.349,15.058,15.294,14.141,10.333,10.39
20241115115459.7,1316.26600474119,16.155,15.042,15.303,14.139,10.323,10.378
20241115115500.1,1316.74599610269,16.08,14.945,15.321,14.149,10.305,10.362
20241115115500.6,1317.24600344896,16.194,14.913,15.327,14.143,10.321,10.386
20241115115501.1,1317.74300336838,16.365,14.995,15.333,14.153,10.335,10.376
20241115115501.6,1318.24300065637,16.432,15.078,15.365,14.151,10.337,10.386
20241115115502.1,1318.72300207615,16.507,15.228,15.432,14.171,10.331,10.386
20241115115502.6,1319.20300349593,16.573,15.458,15.454,14.173,10.321,10.38
20241115115503.1,1319.69199702144,16.612,15.614,15.466,14.173,10.339,10.382
20241115115503.6,1320.17199844122,16.644,15.688,15.456,14.193,10.335,10.39
20241115115504.1,1320.65699882805,16.69,15.725,15.48,14.194,10.337,10.366
20241115115504.5,1321.14100344479,16.721,15.771,15.482,14.171,10.331,10.398
20241115115505,1321.62100486457,16.735,15.703,15.462,14.181,10.354,10.388
20241115115505.5,1322.10600525141,16.761,15.486,15.466,14.187,10.315,10.388
20241115115506,1322.58599661291,16.775,15.517,15.482,14.198,10.327,10.396
20241115115506.5,1323.06300066411,16.775,15.541,15.474,14.196,10.325,10.386
20241115115506.9,1323.53600151837,16.802,15.579,15.462,14.193,10.323,10.394
20241115115507.4,1324.01999607682,16.802,15.579,15.472,14.175,10.325,10.4
20241115115507.9,1324.52000342309,16.797,15.581,15.484,14.194,10.315,10.372
20241115115508.4,1325.00399798155,16.684,15.628,15.472,14.181,10.35,10.39
20241115115508.9,1325.48899836838,16.63,15.585,15.472,14.193,10.317,10.386
20241115115509.4,1325.96899978817,16.634,15.628,15.486,14.2,10.295,10.386
20241115115509.9,1326.46899707615,16.448,15.604,15.489,14.198,10.319,10.372
20241115115510.4,1326.95000432432,16.317,15.539,15.493,14.2,10.305,10.38
20241115115510.8,1327.43399888277,16.252,15.517,15.515,14.204,10.347,10.392
20241115115511.3,1327.93399617076,16.167,15.493,15.495,14.181,10.331,10.378
20241115115511.8,1328.41399759054,16.135,15.497,15.505,14.2,10.319,10.386
20241115115512.3,1328.89899797738,16.19,15.442,15.519,14.196,10.319,10.392
20241115115512.8,1329.38300259411,16.22,15.444,15.553,14.218,10.331,10.386
20241115115513.3,1329.86800298095,16.321,15.397,15.525,14.208,10.315,10.372
20241115115513.8,1330.34800440073,16.355,15.472,15.543,14.204,10.339,10.388
20241115115514.2,1330.83199895918,16.325,15.509,15.533,14.216,10.344,10.374
20241115115514.7,1331.3280031085,16.428,15.428,15.521,14.216,10.337,10.392
20241115115515.2,1331.7970007658,16.499,15.268,15.545,14.202,10.337,10.396
20241115115515.7,1332.28600434959,16.553,15.179,15.563,14.2,10.315,10.376
20241115115516.2,1332.76600576937,16.59,15.313,15.535,14.194,10.317,10.382
20241115115516.7,1333.25400352478,16.618,15.28,15.561,14.204,10.329,10.398
20241115115517.1,1333.73500071466,16.64,15.4,15.577,14.198,10.327,10.368
20241115115517.6,1334.21500213444,16.668,15.519,15.581,14.2,10.315,10.386
20241115115518.1,1334.70000252128,16.684,15.458,15.565,14.198,10.317,10.382
20241115115518.6,1335.18399707973,16.697,15.363,15.573,14.218,10.331,10.396
20241115115519.1,1335.65300479531,16.717,15.452,15.585,14.202,10.325,10.392
20241115115519.5,1336.13299615681,16.699,15.547,15.596,14.228,10.321,10.392
20241115115520,1336.60599701107,16.719,15.616,15.598,14.234,10.319,10.364
20241115115520.5,1337.0900016278,16.723,15.693,15.598,14.208,10.327,10.382
20241115115521,1337.57500201464,16.735,15.826,15.632,14.234,10.321,10.37
20241115115521.5,1338.05899657309,16.725,15.81,15.632,14.214,10.315,10.376
20241115115521.9,1338.54300118983,16.739,15.895,15.658,14.226,10.339,10.402
20241115115522.4,1339.02399837971,16.741,15.979,15.67,14.238,10.321,10.396
20241115115522.9,1339.50800299644,16.707,16.117,15.646,14.236,10.333,10.38
20241115115523.4,1339.99600075185,16.725,16.165,15.664,14.232,10.317,10.396
20241115115523.9,1340.48100113869,16.721,16.181,15.674,14.224,10.331,10.38
20241115115524.4,1340.96100255847,16.719,16.197,15.666,14.252,10.333,10.412
20241115115524.8,1341.4460029453,16.749,16.25,15.674,14.238,10.335,10.386
20241115115525.3,1341.92600436509,16.763,16.268,15.668,14.24,10.348,10.388
20241115115525.8,1342.39900521934,16.773,16.266,15.676,14.234,10.329,10.4
20241115115526.3,1342.88299977779,16.773,16.299,15.68,14.236,10.333,10.384
20241115115526.8,1343.36800016463,16.791,16.4,15.67,14.25,10.325,10.376
20241115115527.3,1343.85200478137,16.802,16.406,15.674,14.262,10.337,10.392
20241115115527.7,1344.33599933982,16.81,16.47,15.674,14.238,10.331,10.388
20241115115528.2,1344.80499699712,16.834,16.543,15.715,14.236,10.323,10.376
20241115115528.7,1345.28900161386,16.836,16.595,15.713,14.254,10.339,10.398
20241115115529.2,1345.77800519764,16.842,16.614,15.715,14.226,10.338,10.392
20241115115529.7,1346.25799655914,16.842,16.698,15.69,14.254,10.329,10.408
20241115115530.2,1346.75800390542,16.842,16.587,15.723,14.25,10.339,10.388
20241115115530.6,1347.24300429225,16.834,16.559,15.725,14.256,10.342,10.382
20241115115531.1,1347.72299565375,16.822,16.555,15.735,14.25,10.342,10.376
20241115115531.6,1348.20299707353,16.791,16.49,15.765,14.246,10.337,10.384
20241115115532.1,1348.68400432169,16.806,16.464,15.759,14.258,10.342,10.39
20241115115532.6,1349.16099831462,16.81,16.365,15.761,14.226,10.329,10.382
20241115115533,1349.64500293136,16.82,16.317,15.739,14.262,10.341,10.38
20241115115533.5,1350.12500435114,16.854,16.311,15.721,14.27,10.325,10.378
20241115115534,1350.62500163913,16.856,16.161,15.717,14.248,10.331,10.378
20241115115534.5,1351.10599882901,16.887,15.905,15.695,14.272,10.335,10.37
20241115115535,1351.59399658442,16.882,15.792,15.705,14.268,10.341,10.382
20241115115535.5,1352.07500383258,16.882,15.913,15.684,14.266,10.352,10.362
20241115115536,1352.55500525236,16.935,16.05,15.678,14.252,10.333,10.38
20241115115536.4,1353.03899981081,16.931,16.188,15.689,14.27,10.325,10.382
20241115115536.9,1353.52400019765,16.923,16.274,15.705,14.248,10.323,10.374
20241115115537.4,1353.99600528181,16.959,16.347,15.693,14.26,10.327,10.378
20241115115537.9,1354.48099561036,16.963,16.404,15.693,14.258,10.339,10.38
20241115115538.4,1354.95300069451,16.975,16.402,15.687,14.244,10.327,10.376
20241115115538.8,1355.43800108135,16.929,16.301,15.664,14.246,10.325,10.384
20241115115539.3,1355.92200569808,16.895,16.357,15.658,14.234,10.323,10.388
20241115115539.8,1356.40300288796,16.711,16.404,15.666,14.258,10.325,10.384
20241115115540.3,1356.88699744642,16.511,16.45,15.652,14.258,10.337,10.376
20241115115540.8,1357.37100206316,16.533,16.495,15.662,14.244,10.327,10.388
20241115115541.3,1357.85199925303,16.545,16.503,15.666,14.236,10.323,10.38
20241115115541.7,1358.33999700844,16.577,16.497,15.666,14.228,10.317,10.398
20241115115542.2,1358.84000435472,16.396,16.493,15.654,14.24,10.321,10.386
20241115115542.7,1359.33599844575,16.066,16.497,15.652,14.236,10.321,10.374
20241115115543.2,1359.82099883258,16.143,16.493,15.658,14.228,10.315,10.39
20241115115543.7,1360.30500344932,16.244,16.521,15.656,14.244,10.325,10.382
20241115115544.2,1360.78899800777,16.331,16.545,15.664,14.246,10.325,10.37
20241115115544.7,1361.27399839461,16.438,16.59,15.63,14.206,10.327,10.38
20241115115545.2,1361.75800301135,16.321,16.608,15.654,14.218,10.317,10.386
20241115115545.6,1362.24300339818,16.28,16.634,15.65,14.22,10.311,10.37
20241115115546.1,1362.73899748921,16.262,16.668,15.644,14.228,10.327,10.368
20241115115546.6,1363.22300210595,16.196,16.604,15.652,14.228,10.319,10.388
20241115115547.1,1363.71899619699,16.042,16.559,15.64,14.222,10.335,10.37
20241115115547.6,1364.22699987888,16.036,16.513,15.64,14.24,10.327,10.382
20241115115548.1,1364.7230040282,15.901,16.484,15.636,14.228,10.327,10.37
20241115115548.6,1365.20699858665,15.824,16.442,15.626,14.218,10.335,10.36
20241115115549.1,1365.70700593293,15.757,16.45,15.656,14.216,10.333,10.382
20241115115549.6,1366.19199626148,15.806,16.452,15.638,14.192,10.347,10.396
20241115115550.1,1366.67600087821,15.816,16.44,15.658,14.192,10.333,10.378
20241115115550.6,1367.15699806809,15.753,16.43,15.632,14.21,10.331,10.378
20241115115551,1367.64100268483,15.674,16.454,15.63,14.218,10.341,10.386
20241115115551.5,1368.12499724329,15.721,16.495,15.632,14.224,10.335,10.378
20241115115552,1368.60999763012,15.775,16.537,15.63,14.224,10.339,10.376
20241115115552.5,1369.09800544381,15.886,16.429,15.625,14.193,10.324,10.371
20241115115553,1369.58200000226,16.039,16.253,15.621,14.195,10.328,10.373
20241115115553.5,1370.0670003891,16.168,16.031,15.599,14.193,10.31,10.385
20241115115554,1370.55100500584,16.282,16.082,15.607,14.209,10.324,10.356
20241115115554.4,1371.03900276124,16.265,16.154,15.609,14.193,10.332,10.383
20241115115554.9,1371.52400314808,16.078,16.213,15.615,14.211,10.33,10.369
20241115115555.4,1372.00799770653,16.086,16.278,15.617,14.209,10.314,10.377
20241115115555.9,1372.4890049547,16.176,16.33,15.635,14.215,10.33,10.369
20241115115556.4,1372.96099998057,16.308,16.362,15.621,14.207,10.316,10.369
20241115115556.8,1373.4460003674,16.374,16.387,15.603,14.203,10.308,10.391
20241115115557.3,1373.92199859023,16.449,16.368,15.603,14.201,10.324,10.375
20241115115557.8,1374.40699897707,16.496,16.205,15.611,14.201,10.316,10.375
20241115115558.3,1374.88700039685,16.556,16.247,15.611,14.225,10.322,10.381
20241115115558.8,1375.37100501359,16.633,16.32,15.625,14.213,10.332,10.383
20241115115559.3,1375.85999853909,16.665,16.358,15.617,14.205,10.332,10.365
20241115115559.7,1376.33999995887,16.661,16.333,15.628,14.21,10.317,10.376
20241115115600.2,1376.82500034571,16.616,16.323,15.618,14.21,10.335,10.384
20241115115600.7,1377.31700129807,16.592,16.262,15.608,14.212,10.339,10.378
20241115115601.2,1377.79700271785,16.624,16.095,15.608,14.2,10.325,10.368
20241115115601.7,1378.28200310469,16.662,16.072,15.622,14.21,10.313,10.374
20241115115602.2,1378.76599766314,16.493,16.147,15.61,14.196,10.329,10.374
20241115115602.6,1379.24599908292,16.303,16.202,15.61,14.206,10.335,10.386
20241115115603.1,1379.7269962728,16.24,16.107,15.624,14.206,10.329,10.386
20241115115603.6,1380.20699769258,16.248,16.099,15.614,14.208,10.333,10.362
20241115115604.1,1380.69600127637,16.278,16.111,15.614,14.192,10.339,10.376
20241115115604.6,1381.18000589311,16.315,16.101,15.62,14.204,10.341,10.382
20241115115605.1,1381.66400045156,16.371,16.082,15.606,14.196,10.341,10.37
20241115115605.6,1382.1490008384,16.317,16.113,15.614,14.212,10.325,10.394
20241115115606,1382.62900225818,16.274,16.116,15.615,14.193,10.34,10.373
20241115115606.5,1383.11400264502,16.235,16.189,15.617,14.181,10.318,10.379
20241115115607,1383.59799720347,16.267,16.241,15.619,14.197,10.32,10.385
20241115115607.5,1384.07500125468,16.318,16.271,15.619,14.213,10.326,10.371
20241115115608,1384.56299901009,16.336,16.296,15.599,14.206,10.339,10.392
20241115115608.4,1385.04700362682,16.381,16.347,15.616,14.2,10.329,10.368
20241115115608.9,1385.53200401366,16.416,16.373,15.592,14.2,10.32,10.375
20241115115609.4,1386.01200543344,16.443,16.391,15.585,14.199,10.308,10.399
20241115115609.9,1386.49599999189,16.453,16.425,15.599,14.181,10.328,10.385
20241115115610.4,1386.98100037873,16.518,16.447,15.593,14.205,10.334,10.371
20241115115610.9,1387.48099766672,16.617,16.435,15.599,14.183,10.324,10.391
20241115115611.4,1387.9609990865,16.625,16.471,15.595,14.189,10.348,10.381
20241115115611.9,1388.45000267029,16.659,16.473,15.585,14.185,10.332,10.356
20241115115612.3,1388.93399722874,16.673,16.453,15.603,14.17,10.34,10.387
20241115115612.8,1389.41399864852,16.708,16.431,15.583,14.197,10.326,10.375
20241115115613.3,1389.89899903536,16.738,16.447,15.591,14.189,10.332,10.385
20241115115613.8,1390.38699679077,16.74,16.461,15.581,14.183,10.33,10.375
20241115115614.3,1390.86800403893,16.762,16.478,15.572,14.205,10.324,10.369
20241115115614.8,1391.36800132692,16.69,16.476,15.589,14.213,10.324,10.371
20241115115615.3,1391.85599908233,16.669,16.443,15.577,14.199,10.332,10.365
20241115115615.7,1392.34000369906,16.672,16.482,15.577,14.187,10.33,10.379
20241115115616.2,1392.8250040859,16.676,16.49,15.595,14.191,10.32,10.393
20241115115616.7,1393.30500550568,16.659,16.467,15.581,14.195,10.328,10.407
20241115115617.2,1393.78900006413,16.395,16.508,15.589,14.199,10.332,10.391
20241115115617.7,1394.27400045097,16.176,16.469,15.587,14.175,10.346,10.395
20241115115618.2,1394.75800506771,16.009,16.461,15.591,14.189,10.338,10.389
20241115115618.6,1395.24300545454,15.896,16.455,15.591,14.201,10.322,10.373
20241115115619.1,1395.72700001299,15.775,16.469,15.583,14.191,10.35,10.365
20241115115619.6,1396.21100462973,15.69,16.476,15.597,14.201,10.33,10.377
20241115115620.1,1396.69600501657,15.57,16.478,15.609,14.203,10.338,10.369
20241115115620.6,1397.17599637806,15.484,16.49,15.621,14.179,10.334,10.389
20241115115621.1,1397.6609967649,15.469,16.51,15.623,14.197,10.348,10.391
20241115115621.6,1398.14900457859,15.544,16.488,15.623,14.211,10.33,10.36
20241115115622,1398.637002334,15.472,16.522,15.629,14.187,10.338,10.35
20241115115622.5,1399.12099689245,15.381,16.514,15.639,14.193,10.322,10.385
20241115115623,1399.61000047624,15.324,16.554,15.653,14.193,10.338,10.379
20241115115623.5,1400.09400509298,15.312,16.536,15.643,14.207,10.334,10.361
20241115115624,1400.58200284839,15.304,16.536,15.633,14.205,10.344,10.381
20241115115624.5,1401.06300003827,15.284,16.53,15.651,14.197,10.328,10.391
20241115115624.9,1401.547004655,15.296,16.585,15.643,14.191,10.33,10.379
20241115115625.4,1402.03200504184,15.221,16.623,15.635,14.183,10.336,10.385
20241115115625.9,1402.51599960029,15.183,16.639,15.641,14.215,10.322,10.379
20241115115626.4,1403.00000421703,15.118,16.605,15.627,14.183,10.328,10.365
20241115115626.9,1403.48100140691,15.276,16.577,15.631,14.169,10.322,10.393
20241115115627.4,1403.96899916232,15.35,16.536,15.647,14.205,10.33,10.36
20241115115627.9,1404.46500331163,15.461,16.518,15.619,14.189,10.332,10.358
20241115115628.4,1404.95000369847,15.556,16.564,15.635,14.181,10.33,10.383
20241115115628.8,1405.43399825692,15.47,16.569,15.625,14.199,10.318,10.375
20241115115629.3,1405.9139996767,15.342,16.561,15.619,14.163,10.3,10.346
20241115115629.8,1406.39900006354,15.322,16.569,15.629,14.167,10.318,10.35
20241115115630.3,1406.90700374544,15.397,16.565,15.621,14.171,10.31,10.338
20241115115630.8,1407.39099830389,15.393,16.538,15.611,14.169,10.316,10.35
20241115115631.3,1407.87500292063,15.458,16.55,15.637,14.191,10.316,10.364
20241115115631.8,1408.35600011051,15.597,16.52,15.611,14.175,10.324,10.36
20241115115632.2,1408.84399786592,15.581,16.504,15.625,14.185,10.302,10.352
20241115115632.7,1409.32800248265,15.591,16.47,15.619,14.181,10.308,10.362
20241115115633.2,1409.80899967253,15.72,16.462,15.607,14.173,10.326,10.364
20241115115633.7,1410.29300428927,15.716,16.474,15.629,14.181,10.326,10.33
20241115115634.2,1410.7780046761,15.722,16.502,15.607,14.163,10.312,10.366
20241115115634.7,1411.2579960376,15.771,16.437,15.601,14.171,10.32,10.348
20241115115635.1,1411.74299642444,15.67,16.435,15.619,14.173,10.314,10.338
20241115115635.6,1412.22700104117,15.625,16.423,15.609,14.169,10.31,10.374
20241115115636.1,1412.70700246096,15.629,16.425,15.611,14.187,10.308,10.356
20241115115636.6,1413.19200284779,15.716,16.439,15.635,14.181,10.336,10.34
20241115115637.1,1413.67599740624,15.793,16.484,15.644,14.151,10.322,10.35
20241115115637.6,1414.16099779308,15.979,16.51,15.642,14.159,10.32,10.354
20241115115638,1414.64500240982,16.131,16.537,15.644,14.155,10.32,10.336
20241115115638.5,1415.1250038296,16.292,16.599,15.63,14.163,10.322,10.356
20241115115639,1415.59800468385,16.254,16.599,15.648,14.167,10.338,10.364
20241115115639.5,1416.08199924231,16.357,16.603,15.634,14.181,10.336,10.364
20241115115640,1416.57100282609,16.45,16.617,15.662,14.179,10.322,10.354
20241115115640.5,1417.05100424588,16.423,16.643,15.676,14.181,10.304,10.376
20241115115640.9,1417.53900200129,16.441,16.664,15.686,14.171,10.324,10.36
20241115115641.4,1418.02400238812,16.518,16.639,15.686,14.187,10.32,10.372
20241115115641.9,1418.5040038079,16.559,16.698,15.704,14.191,10.324,10.358
20241115115642.4,1418.98900419474,16.553,16.72,15.714,14.177,10.332,10.372
20241115115642.9,1419.47299875319,16.552,16.702,15.716,14.185,10.33,10.375
20241115115643.4,1419.97299604118,16.379,16.71,15.712,14.183,10.324,10.379
20241115115643.9,1420.45700065792,16.229,16.694,15.716,14.179,10.332,10.366
20241115115644.3,1420.9379978478,16.183,16.706,15.724,14.201,10.344,10.368
20241115115644.8,1421.42200246453,16.177,16.698,15.732,14.187,10.342,10.377
20241115115645.3,1421.90700285137,16.316,16.702,15.736,14.177,10.346,10.366
20241115115645.8,1422.39500060678,16.387,16.676,15.742,14.187,10.318,10.366
20241115115646.3,1422.89100475609,16.349,16.692,15.734,14.205,10.322,10.378
20241115115646.8,1423.38699884713,16.383,16.71,15.74,14.201,10.318,10.346
20241115115647.3,1423.87100346386,16.454,16.738,15.74,14.185,10.328,10.356
20241115115647.8,1424.3560038507,16.506,16.722,15.765,14.185,10.316,10.368
20241115115648.2,1424.83999840915,16.571,16.761,15.801,14.187,10.314,10.375
20241115115648.7,1425.32499879599,16.565,16.672,15.787,14.209,10.334,10.368
20241115115649.2,1425.80900341272,16.482,16.563,15.807,14.215,10.306,10.36
20241115115649.7,1426.28900483251,16.435,16.542,15.817,14.213,10.336,10.366
20241115115650.2,1426.77400521934,16.49,16.552,15.803,14.199,10.308,10.387
20241115115650.7,1427.25399658084,16.52,16.516,15.815,14.207,10.318,10.391
20241115115651.1,1427.74300016463,16.508,16.441,15.815,14.209,10.334,10.391
20241115115651.6,1428.23099792004,16.536,16.381,15.819,14.211,10.328,10.368
20241115115652.1,1428.71500253677,16.544,16.381,15.821,14.203,10.332,10.368
20241115115652.6,1429.20000292361,16.587,16.415,15.847,14.201,10.348,10.385
20241115115653.1,1429.67199794948,16.587,16.437,15.866,14.209,10.304,10.37
20241115115653.6,1430.16100153327,16.53,16.458,15.868,14.207,10.338,10.374
20241115115654,1430.64100295305,16.512,16.458,15.898,14.217,10.312,10.37
20241115115654.5,1431.12499751151,16.52,16.458,15.896,14.199,10.326,10.368
20241115115655,1431.60999789834,16.512,16.444,15.904,14.221,10.332,10.358
20241115115655.5,1432.09400251508,16.494,16.351,15.902,14.193,10.314,10.35
20241115115656,1432.57799707353,16.478,16.219,15.888,14.181,10.31,10.356
20241115115656.5,1433.06299746037,16.466,16.25,15.878,14.197,10.295,10.356
20241115115656.9,1433.54299888015,16.47,16.199,15.872,14.175,10.322,10.37
20241115115657.4,1434.03200246394,16.496,16.225,15.886,14.193,10.322,10.344
20241115115657.9,1434.51200388372,16.532,16.241,15.888,14.187,10.318,10.368
20241115115658.4,1434.99599844217,16.516,16.161,15.894,14.207,10.354,10.37
20241115115658.9,1435.48500202596,16.538,16.185,15.886,14.207,10.31,10.34
20241115115659.4,1435.96500344574,16.579,16.167,15.876,14.191,10.33,10.362
20241115115659.9,1436.45000383258,16.613,16.195,15.876,14.195,10.332,10.364
20241115115700.4,1436.96900121868,16.486,16.207,15.854,14.201,10.308,10.368
20241115115700.9,1437.45300583541,16.284,16.104,15.888,14.199,10.342,10.364
20241115115701.3,1437.93799616396,15.941,16.013,15.892,14.203,10.332,10.372
20241115115701.8,1438.42600397766,15.704,15.916,15.88,14.201,10.326,10.374
20241115115702.3,1438.92600126565,15.652,15.941,15.874,14.185,10.34,10.383
20241115115702.8,1439.41399902105,15.791,15.84,15.882,14.187,10.33,10.36
20241115115703.3,1439.89899940789,15.795,15.799,15.886,14.191,10.306,10.358
20241115115703.8,1440.38300402462,15.856,15.757,15.882,14.185,10.334,10.354
20241115115704.3,1440.86800441146,16.039,15.623,15.896,14.187,10.334,10.358
20241115115704.8,1441.35199896991,16.118,15.664,15.932,14.185,10.314,10.37
20241115115705.2,1441.83600358665,16.217,15.706,15.936,14.207,10.326,10.362
20241115115705.7,1442.32100397348,16.272,15.765,15.967,14.191,10.326,10.374
20241115115706.2,1442.79700219631,16.347,15.672,15.961,14.221,10.334,10.354
20241115115706.7,1443.28200258315,16.399,15.617,15.981,14.211,10.334,10.364
20241115115707.2,1443.76200400293,16.444,15.633,16.003,14.211,10.33,10.37
20241115115707.7,1444.27800402045,16.516,15.775,16.005,14.211,10.354,10.366
20241115115708.2,1444.77800130844,16.593,15.904,16.001,14.235,10.338,10.356
20241115115708.7,1445.25800272822,16.625,16.027,16.04,14.227,10.328,10.37
20241115115709.1,1445.74300311506,16.587,16.092,16.044,14.223,10.314,10.366
20241115115709.6,1446.22699767351,16.524,16.074,16.027,14.231,10.322,10.378
20241115115710.1,1446.71100229025,16.555,16.015,16.032,14.236,10.318,10.356
20241115115710.6,1447.19600267708,16.51,15.953,16.034,14.23,10.33,10.368
20241115115711.1,1447.67999723554,16.514,15.799,16.026,14.213,10.322,10.376
20241115115711.6,1448.16400185227,16.478,15.714,16.044,14.221,10.32,10.354
20241115115712,1448.64499904215,16.524,15.621,16.048,14.248,10.318,10.354
20241115115712.5,1449.12900365889,16.557,15.611,16.064,14.224,10.301,10.35
20241115115713,1449.6179971844,16.575,15.632,16.078,14.228,10.328,10.362
20241115115713.5,1450.09799860418,16.478,15.761,16.064,14.25,10.322,10.352
20241115115714,1450.58599635959,16.458,15.846,16.09,14.252,10.312,10.36
20241115115714.5,1451.07799731195,16.427,15.939,16.076,14.236,10.314,10.364
20241115115715,1451.56700089574,16.403,15.999,16.07,14.23,10.33,10.364
20241115115715.4,1452.04700231552,16.33,16.063,16.077,14.217,10.313,10.351
20241115115715.9,1452.53200270236,16.231,16.174,16.081,14.231,10.319,10.365
20241115115716.4,1453.02000045776,16.176,16.241,16.079,14.225,10.319,10.371
20241115115716.9,1453.5040050745,16.111,16.279,16.071,14.259,10.315,10.345
20241115115717.4,1453.99999916553,16.089,16.14,16.071,14.225,10.308,10.345
20241115115717.9,1454.48499955237,16.097,15.922,16.109,14.227,10.317,10.349
20241115115718.4,1454.9609977752,16.069,15.784,16.132,14.243,10.321,10.361
20241115115718.9,1455.45000135899,16.164,15.526,16.16,14.245,10.313,10.349
20241115115719.3,1455.93399591744,16.225,15.382,16.172,14.247,10.331,10.355
20241115115719.8,1456.43400326371,16.283,15.305,16.17,14.267,10.319,10.359
20241115115720.3,1456.92999735475,16.318,15.017,16.19,14.259,10.313,10.353
20241115115720.8,1457.43399783969,16.354,14.918,16.194,14.259,10.313,10.355
20241115115721.3,1457.91800245643,16.378,14.956,16.168,14.257,10.321,10.355
20241115115721.8,1458.40699598193,16.39,14.954,16.216,14.255,10.302,10.349
20241115115722.3,1458.88699740171,16.417,14.996,16.257,14.259,10.315,10.347
20241115115722.8,1459.37100201845,16.431,14.992,16.263,14.275,10.325,10.353
20241115115723.3,1459.85600240529,16.447,15.017,16.273,14.271,10.321,10.355
20241115115723.7,1460.33999696374,16.439,15.263,16.245,14.257,10.3,10.355
20241115115724.2,1460.82499735057,16.477,15.297,16.253,14.271,10.315,10.347
20241115115724.7,1461.31300516427,16.467,15.259,16.279,14.275,10.319,10.371
20241115115725.2,1461.79299652576,16.445,15.34,16.237,14.259,10.308,10.371
20241115115725.7,1462.27400377393,16.471,15.322,16.261,14.273,10.335,10.357
20241115115726.2,1462.76200152934,16.475,15.489,16.247,14.263,10.317,10.355
20241115115726.6,1463.24299871922,16.485,15.55,16.235,14.291,10.315,10.349
20241115115727.1,1463.72700333595,16.511,15.714,16.221,14.249,10.319,10.365
20241115115727.6,1464.20700475574,16.534,15.851,16.225,14.251,10.333,10.347
20241115115728.1,1464.69599828124,16.532,15.893,16.217,14.261,10.317,10.363
20241115115728.6,1465.17599970102,16.578,15.693,16.202,14.265,10.313,10.361
20241115115729.1,1465.66399745643,16.566,15.477,16.221,14.277,10.323,10.355
20241115115729.6,1466.17999747396,16.602,15.342,16.216,14.275,10.313,10.353
20241115115730.1,1466.67600162327,16.582,15.398,16.204,14.277,10.313,10.347
20241115115730.6,1467.16399937868,16.556,15.483,16.21,14.265,10.323,10.375
20241115115731.1,1467.64899976552,16.584,15.538,16.221,14.259,10.321,10.365
20241115115731.5,1468.13300438225,16.594,15.489,16.204,14.267,10.321,10.367
20241115115732,1468.62100213766,16.596,15.57,16.223,14.263,10.327,10.353
20241115115732.5,1469.10199932754,16.59,15.544,16.21,14.263,10.321,10.373
20241115115733,1469.58600394428,16.586,15.41,16.214,14.249,10.311,10.369
20241115115733.5,1470.07100433111,16.574,15.429,16.231,14.265,10.325,10.351
20241115115734,1470.55900208652,16.568,15.487,16.229,14.273,10.313,10.349
20241115115734.5,1471.05499617755,16.536,15.639,16.214,14.271,10.319,10.369
20241115115734.9,1471.53900079429,16.532,15.752,16.229,14.261,10.323,10.351
20241115115735.4,1472.02400118113,16.58,15.728,16.219,14.253,10.308,10.359
20241115115735.9,1472.50799573958,16.586,15.691,16.221,14.271,10.327,10.355
20241115115736.4,1472.99299612641,16.596,15.788,16.208,14.273,10.319,10.365
20241115115736.9,1473.48100394011,16.558,15.651,16.223,14.267,10.337,10.349
20241115115737.4,1473.96900169551,16.556,15.542,16.214,14.257,10.341,10.359
20241115115737.9,1474.45299625397,16.54,15.467,16.231,14.267,10.315,10.361
20241115115738.3,1474.9379966408,16.544,15.417,16.269,14.251,10.315,10.385
20241115115738.8,1475.42600445449,16.56,15.412,16.257,14.255,10.311,10.365
20241115115739.3,1475.90700164437,16.572,15.505,16.243,14.257,10.337,10.355
20241115115739.8,1476.39099620283,16.554,15.681,16.231,14.235,10.323,10.355
20241115115740.3,1476.87500081956,16.558,15.814,16.237,14.255,10.317,10.349
20241115115740.8,1477.3600012064,16.536,15.905,16.237,14.261,10.329,10.375
20241115115741.2,1477.84000262618,16.56,15.895,16.241,14.265,10.337,10.361
20241115115741.7,1478.32500301301,16.562,15.814,16.245,14.259,10.323,10.351
20241115115742.2,1478.80899757147,16.564,15.772,16.253,14.249,10.339,10.371
20241115115742.7,1479.28899899125,16.544,15.661,16.261,14.263,10.337,10.351
20241115115743.2,1479.77399937809,16.532,15.627,16.265,14.255,10.339,10.377
20241115115743.7,1480.27799986303,16.507,15.552,16.261,14.255,10.339,10.349
20241115115744.2,1480.76200447977,16.515,15.503,16.275,14.245,10.323,10.371
20241115115744.7,1481.25000223517,16.524,15.35,16.324,14.255,10.333,10.375
20241115115745.1,1481.74299895763,16.489,15.251,16.356,14.271,10.333,10.341
20241115115745.6,1482.22700357437,16.497,15.158,16.362,14.285,10.337,10.379
20241115115746.1,1482.71099813282,16.534,15.083,16.396,14.285,10.343,10.365
20241115115746.6,1483.20000171661,16.52,15.12,16.402,14.273,10.321,10.365
20241115115747.1,1483.68399627507,16.517,15.073,16.419,14.281,10.333,10.345
20241115115747.6,1484.17599722743,16.491,15.077,16.457,14.283,10.341,10.365
20241115115748.1,1484.67200137675,16.487,15.134,16.441,14.291,10.321,10.371
20241115115748.6,1485.15700176358,16.447,15.152,16.447,14.307,10.343,10.355
20241115115749,1485.64499951899,16.346,15.233,16.463,14.277,10.325,10.373
20241115115749.5,1486.12500093877,16.332,15.326,16.445,14.301,10.337,10.365
20241115115750,1486.61000132561,16.356,15.39,16.463,14.289,10.341,10.379
20241115115750.5,1487.09000274539,16.299,15.479,16.453,14.297,10.323,10.377
20241115115751,1487.57099993527,16.237,15.509,16.451,14.301,10.337,10.335
20241115115751.5,1488.05500455201,16.174,15.469,16.447,14.295,10.341,10.355
20241115115751.9,1488.53899911046,16.219,15.459,16.445,14.297,10.327,10.377
20241115115752.4,1489.02399949729,16.253,15.437,16.475,14.303,10.343,10.375
20241115115752.9,1489.50800411403,16.336,15.455,16.477,14.293,10.351,10.349
20241115115753.4,1489.99300450087,16.392,15.433,16.495,14.305,10.341,10.355
20241115115753.9,1490.47299586236,16.41,15.536,16.532,14.297,10.337,10.365
20241115115754.4,1490.95299728215,16.443,15.516,16.554,14.295,10.317,10.367
20241115115754.9,1491.45300462842,16.503,15.522,16.608,14.299,10.327,10.361
20241115115755.3,1491.93800501525,16.524,15.55,16.649,14.303,10.355,10.379
20241115115755.8,1492.41799637675,16.54,15.568,16.637,14.313,10.325,10.363
20241115115756.3,1492.90299676359,16.562,15.516,16.635,14.314,10.339,10.385
20241115115756.8,1493.38299818337,16.578,15.546,16.635,14.305,10.349,10.375
20241115115757.3,1493.8679985702,16.578,15.425,16.639,14.299,10.327,10.375
20241115115757.8,1494.34799998999,16.558,15.443,16.625,14.301,10.308,10.377
20241115115758.2,1494.83200460672,16.56,15.526,16.643,14.318,10.341,10.359
20241115115758.7,1495.31700499356,16.562,15.524,16.612,14.301,10.329,10.359
20241115115759.2,1495.81700228155,16.546,15.629,16.592,14.307,10.351,10.373
20241115115759.7,1496.31699956954,16.518,15.752,16.594,14.297,10.357,10.369
20241115115800.2,1496.80100418627,16.544,15.829,16.558,14.299,10.347,10.379
20241115115800.7,1497.28900194168,16.503,15.806,16.54,14.293,10.349,10.383
20241115115801.2,1497.76999913156,16.517,15.714,16.56,14.285,10.349,10.375
20241115115801.7,1498.2540037483,16.532,15.58,16.554,14.295,10.335,10.385
20241115115802.1,1498.73900413513,16.524,15.499,16.53,14.299,10.341,10.367
20241115115802.6,1499.21900555491,16.515,15.501,16.518,14.305,10.331,10.379
20241115115803.1,1499.70000274479,16.52,15.437,16.53,14.301,10.329,10.387
20241115115803.6,1500.20299740136,16.526,15.56,16.538,14.295,10.331,10.367
20241115115804.1,1500.68799778819,16.518,15.568,16.522,14.289,10.331,10.375
20241115115804.6,1501.16399601102,16.511,15.503,16.526,14.295,10.345,10.377
20241115115805.1,1501.64899639785,16.517,15.257,16.546,14.305,10.343,10.381
20241115115805.5,1502.13700421154,16.538,15.057,16.544,14.285,10.341,10.375
20241115115806,1502.63299830258,16.509,15.124,16.556,14.295,10.329,10.369
20241115115806.5,1503.12099605799,16.491,15.227,16.574,14.293,10.343,10.373
20241115115807,1503.60599644482,16.505,15.214,16.584,14.307,10.345,10.391
20241115115807.5,1504.0859978646,16.495,15.261,16.715,14.311,10.335,10.387
20241115115808,1504.58999834955,16.463,15.364,16.768,14.31,10.343,10.363
20241115115808.5,1505.07499873638,16.467,15.407,16.802,14.297,10.329,10.359
20241115115809,1505.55500015616,16.439,15.453,16.817,14.297,10.341,10.371
20241115115809.5,1506.05499744415,16.413,15.485,16.885,14.322,10.329,10.373
20241115115809.9,1506.53900206089,16.445,15.514,16.895,14.33,10.331,10.377
20241115115810.4,1507.02400244772,16.445,15.528,16.91,14.35,10.339,10.361
20241115115810.9,1507.51200020313,16.451,15.532,16.96,14.344,10.335,10.371
20241115115811.4,1507.99299739301,16.463,15.639,16.966,14.36,10.343,10.363
20241115115811.9,1508.47700200975,16.487,15.679,16.992,14.362,10.337,10.363
20241115115812.4,1508.9609965682,16.52,15.738,16.98,14.37,10.339,10.371
20241115115812.8,1509.44200381637,16.534,15.766,17.021,14.354,10.316,10.367
20241115115813.3,1509.92599837482,16.52,15.754,17.039,14.38,10.345,10.367
20241115115813.8,1510.41099876165,16.514,15.726,17.031,14.36,10.343,10.373
20241115115814.3,1510.89899651706,16.487,15.51,17.049,14.368,10.341,10.387
20241115115814.8,1511.38700433075,16.477,15.334,17.041,14.386,10.353,10.379
20241115115815.3,1511.87500208616,16.471,15.427,17.051,14.364,10.343,10.377
20241115115815.8,1512.37499937415,16.467,15.447,17.045,14.366,10.322,10.353
20241115115816.3,1512.85599656403,16.489,15.479,17.065,14.364,10.312,10.365
20241115115816.7,1513.34400437772,16.475,15.52,17.061,14.372,10.333,10.349
20241115115817.2,1513.8250015676,16.463,15.576,17.067,14.382,10.326,10.381
20241115115817.7,1514.31700251997,16.483,15.645,17.075,14.38,10.324,10.371
20241115115818.2,1514.80099707842,16.471,15.659,17.073,14.366,10.337,10.377
20241115115818.7,1515.28599746525,16.481,15.647,17.122,14.397,10.333,10.357
20241115115819.2,1515.77000208199,16.451,15.653,17.136,14.362,10.339,10.367
20241115115819.7,1516.2579998374,16.502,15.669,17.17,14.378,10.331,10.387
20241115115820.1,1516.74300022423,16.528,15.669,17.186,14.386,10.349,10.365
20241115115820.6,1517.23099797964,16.544,15.689,17.223,14.407,10.339,10.383
20241115115821.1,1517.71099939942,16.568,15.653,17.247,14.386,10.353,10.379
20241115115821.6,1518.19599978626,16.564,15.667,17.253,14.411,10.327,10.381
20241115115822.1,1518.680004403,16.631,15.605,17.245,14.423,10.347,10.375
20241115115822.6,1519.16399896145,16.588,15.643,17.229,14.396,10.337,10.391
20241115115823.1,1519.64899934828,16.602,15.756,17.229,14.405,10.349,10.385
20241115115823.5,1520.12900076807,16.619,15.863,17.219,14.403,10.351,10.389
20241115115824,1520.61800435185,16.663,15.823,17.196,14.403,10.355,10.377
20241115115824.5,1521.11800163984,16.724,15.651,17.194,14.4,10.337,10.381
20241115115825,1521.59800305963,16.726,15.631,17.198,14.411,10.345,10.385
20241115115825.5,1522.08199761808,16.697,15.732,17.174,14.4,10.355,10.395
20241115115826,1522.56699800491,16.663,15.916,17.188,14.403,10.353,10.377
20241115115826.5,1523.05100262165,16.609,16.043,17.192,14.413,10.343,10.391
20241115115826.9,1523.53199981153,16.619,16.067,17.184,14.411,10.355,10.383
20241115115827.4,1524.01600442827,16.653,15.93,17.202,14.38,10.349,10.381
20241115115827.9,1524.49999898672,16.641,15.831,17.19,14.405,10.349,10.397
20241115115828.4,1524.9809961766,16.645,15.807,17.188,14.429,10.345,10.387
20241115115828.9,1525.46099759638,16.673,15.77,17.19,14.411,10.351,10.375
20241115115829.4,1525.96100494266,16.677,15.76,17.178,14.405,10.347,10.387
20241115115829.8,1526.44200213253,16.683,15.734,17.198,14.415,10.341,10.401
20241115115830.3,1526.92599669099,16.667,15.843,17.207,14.405,10.353,10.395
20241115115830.8,1527.41099707782,16.655,16,17.233,14.413,10.355,10.373
20241115115831.3,1527.90299803019,16.651,16.009,17.249,14.411,10.349,10.389
20241115115831.8,1528.38700264692,16.704,15.896,17.273,14.411,10.339,10.403
20241115115832.3,1528.8679998368,16.766,15.673,17.257,14.409,10.349,10.369
20241115115832.8,1529.35200445354,16.807,15.756,17.269,14.421,10.353,10.369
20241115115833.2,1529.83599901199,16.851,15.993,17.269,14.421,10.357,10.365
20241115115833.7,1530.32500259578,16.879,16.142,17.255,14.401,10.355,10.387
20241115115834.2,1530.81700354815,16.918,16.19,17.237,14.405,10.357,10.379
20241115115834.7,1531.3009981066,16.883,16.16,17.225,14.407,10.361,10.375
20241115115835.2,1531.78599849343,16.869,16.148,17.207,14.397,10.322,10.381
20241115115835.7,1532.27000311017,16.744,16.247,17.207,14.388,10.353,10.367
20241115115836.2,1532.75399766862,16.615,16.326,17.205,14.395,10.337,10.357
20241115115836.6,1533.23899805546,16.52,16.35,17.199,14.364,10.337,10.343
20241115115837.1,1533.73099900782,16.534,16.348,17.174,14.372,10.351,10.369
20241115115837.6,1534.21500362456,16.578,16.374,17.16,14.356,10.355,10.371
20241115115838.1,1534.70000401139,16.593,16.399,17.158,14.37,10.324,10.367
20241115115838.6,1535.18000543118,16.57,16.427,17.17,14.37,10.359,10.363
20241115115839.1,1535.66399998963,16.54,16.435,17.164,14.362,10.351,10.387
20241115115839.6,1536.14900037646,16.518,16.473,17.18,14.37,10.341,10.375
20241115115840,1536.6330049932,16.526,16.479,17.156,14.368,10.361,10.361
20241115115840.5,1537.12899908423,16.564,16.506,17.152,14.36,10.345,10.379
20241115115841,1537.62899637222,16.566,16.494,17.168,14.37,10.347,10.371
20241115115841.5,1538.11799995601,16.605,16.482,17.156,14.366,10.349,10.387
20241115115842,1538.59800137579,16.639,16.455,17.178,14.381,10.353,10.367
20241115115842.5,1539.07800279558,16.457,16.429,17.176,14.366,10.338,10.355
20241115115843,1539.56300318241,16.259,16.425,17.17,14.369,10.34,10.361
20241115115843.4,1540.04699774086,16.193,16.405,17.16,14.369,10.336,10.361
20241115115843.9,1540.54300189018,16.229,16.381,17.175,14.385,10.349,10.365
20241115115844.4,1541.03200547397,16.231,16.35,17.187,14.369,10.316,10.373
20241115115844.9,1541.51199683547,16.039,16.399,17.163,14.363,10.324,10.375
20241115115845.4,1541.99600145221,15.75,16.405,17.165,14.34,10.33,10.338
20241115115845.9,1542.48100183904,15.736,16.411,17.169,14.354,10.33,10.355
20241115115846.4,1542.96100325882,15.906,16.383,17.191,14.359,10.326,10.369
20241115115846.8,1543.44600364566,16.017,16.31,17.177,14.371,10.342,10.357
20241115115847.3,1543.92999820411,16.076,16.332,17.173,14.357,10.346,10.353
20241115115847.8,1544.41799595952,16.128,16.356,17.185,14.365,10.33,10.369
20241115115848.3,1544.89900320768,16.223,16.409,17.169,14.367,10.328,10.336
20241115115848.8,1545.38299776614,16.31,16.451,17.193,14.373,10.326,10.361
20241115115849.3,1545.88300511241,16.33,16.508,17.183,14.359,10.33,10.369
20241115115849.8,1546.36800549924,16.34,16.565,17.189,14.375,10.336,10.375
20241115115850.3,1546.84799686074,16.253,16.603,17.203,14.363,10.33,10.373
20241115115850.7,1547.33200147748,16.286,16.623,17.205,14.369,10.334,10.375
20241115115851.2,1547.81299866736,16.208,16.659,17.186,14.368,10.309,10.355
20241115115851.7,1548.2970032841,16.226,16.626,17.188,14.374,10.327,10.357
20241115115852.2,1548.78200367093,16.141,16.56,17.196,14.368,10.333,10.351
20241115115852.7,1549.27000142634,16.049,16.548,17.184,14.366,10.337,10.368
20241115115853.2,1549.75000284612,15.851,16.533,17.204,14.38,10.329,10.368
20241115115853.6,1550.231000036,15.774,16.465,17.186,14.358,10.329,10.364
20241115115854.1,1550.71899779141,15.655,16.447,17.216,14.37,10.335,10.351
20241115115854.6,1551.20000503957,15.642,16.362,17.202,14.366,10.347,10.362
20241115115855.1,1551.68800279498,15.667,16.255,17.218,14.362,10.331,10.366
20241115115855.6,1552.18800008297,15.709,16.135,17.208,14.335,10.331,10.355
20241115115856.1,1552.67599783838,15.539,16.156,17.218,14.362,10.339,10.362
20241115115856.6,1553.16099822521,15.503,16.16,17.23,14.358,10.349,10.374
20241115115857,1553.64099964499,15.741,16.204,17.216,14.35,10.357,10.364
20241115115857.5,1554.14099693298,15.927,16.236,17.196,14.356,10.339,10.357
20241115115858,1554.62500154972,16.018,16.281,17.214,14.348,10.331,10.386
20241115115858.5,1555.11000193655,16.123,16.323,17.202,14.333,10.349,10.362
20241115115859,1555.59399649501,16.246,16.366,17.23,14.364,10.341,10.355
20241115115859.5,1556.07800111175,16.337,16.414,17.222,14.352,10.333,10.349
20241115115860,1556.55899830163,16.376,16.422,17.236,14.364,10.345,10.36
20241115115900.4,1557.04699605703,16.364,16.457,17.236,14.336,10.345,10.357
20241115115900.9,1557.53199644387,16.335,16.449,17.243,14.342,10.345,10.349
20241115115901.4,1558.01199786365,16.321,16.465,17.241,14.334,10.339,10.353
20241115115901.9,1558.51200520992,16.232,16.499,17.255,14.352,10.319,10.353
20241115115902.4,1558.99599976838,15.954,16.497,17.237,14.346,10.327,10.355
20241115115902.9,1559.49599705637,15.79,16.437,17.271,14.334,10.323,10.363
20241115115903.4,1559.9809974432,15.657,16.434,17.247,14.34,10.339,10.363
20241115115903.9,1560.47700159252,15.592,16.406,17.243,14.338,10.325,10.365
20241115115904.4,1560.96099615097,15.416,16.376,17.261,14.331,10.327,10.374
20241115115904.8,1561.4459965378,15.257,16.362,17.259,14.326,10.325,10.341
20241115115905.3,1561.92599795759,15.14,16.39,17.259,14.352,10.341,10.343
20241115115905.8,1562.42999844253,15.269,16.366,17.271,14.35,10.343,10.351
20241115115906.3,1562.91100569069,15.218,16.336,17.281,14.332,10.353,10.339
20241115115906.8,1563.39500024915,15.129,16.309,17.277,14.338,10.341,10.359
20241115115907.3,1563.89499753714,15.073,16.291,17.287,14.346,10.337,10.357
20241115115907.8,1564.37499895692,15.057,16.295,17.287,14.342,10.327,10.341
20241115115908.3,1564.86400254071,14.998,16.317,17.299,14.336,10.341,10.345
20241115115908.8,1565.34799709916,14.968,16.336,17.301,14.319,10.331,10.357
20241115115909.2,1565.82799851894,14.98,16.388,17.325,14.324,10.323,10.337
20241115115909.7,1566.31299890578,15.083,16.447,17.307,14.344,10.333,10.361
20241115115910.2,1566.79300032556,15.061,16.491,17.328,14.344,10.339,10.339
20241115115910.7,1567.28200390935,15.221,16.511,17.344,14.319,10.331,10.357
20241115115911.2,1567.76200532913,15.319,16.455,17.362,14.354,10.321,10.359
20241115115911.6,1568.24599988759,15.469,16.313,17.366,14.35,10.351,10.365
20241115115912.1,1568.73500347137,15.633,16.204,17.378,14.354,10.303,10.365
20241115115912.6,1569.21500489116,15.697,16.178,17.392,14.342,10.325,10.347
20241115115913.1,1569.70000527799,15.788,16.204,17.39,14.346,10.337,10.351
20241115115913.6,1570.18399983644,15.994,16.121,17.4,14.344,10.313,10.363
20241115115914.1,1570.66400125623,16.083,16.146,17.406,14.338,10.327,10.359
20241115115914.6,1571.16399854422,16.119,16.188,17.42,14.348,10.339,10.351
20241115115915.1,1571.65300212801,16.156,16.172,17.416,14.336,10.327,10.369
20241115115915.5,1572.13699668646,16.229,16.156,17.439,14.342,10.325,10.388
20241115115916,1572.61800393462,16.297,16.039,17.443,14.344,10.333,10.355
20241115115916.5,1573.10199849308,16.206,15.956,17.441,14.36,10.331,10.363
20241115115917,1573.59800264239,15.956,15.974,17.453,14.332,10.339,10.351
20241115115917.5,1574.0860003978,15.762,16.002,17.455,14.342,10.347,10.361
20241115115918,1574.58599768579,15.661,16.027,17.477,14.332,10.327,10.355
20241115115918.5,1575.08200183511,15.766,16.053,17.497,14.32,10.341,10.376
20241115115919,1575.56299902499,15.768,16.083,17.509,14.33,10.327,10.365
20241115115919.5,1576.0509967804,15.859,16.109,17.521,14.348,10.329,10.343
20241115115919.9,1576.53599716723,15.952,16.17,17.542,14.356,10.365,10.355
20241115115920.4,1577.0360045135,15.946,16.269,17.572,14.32,10.333,10.355
20241115115920.9,1577.52400226891,15.956,16.342,17.568,14.326,10.343,10.347
20241115115921.4,1578.00799682736,16.073,16.376,17.584,14.342,10.343,10.369
20241115115921.9,1578.51199731231,16.119,16.408,17.59,14.356,10.341,10.363
20241115115922.4,1578.99600192904,16.061,16.273,17.6,14.332,10.349,10.365
20241115115922.9,1579.48100231588,16.002,16.2,17.608,14.344,10.341,10.345
20241115115923.4,1579.96499687433,15.857,16.014,17.6,14.328,10.335,10.384
20241115115923.9,1580.45300468802,15.881,16.111,17.651,14.344,10.337,10.374
20241115115924.4,1580.95000460744,15.833,16.158,17.655,14.35,10.339,10.367
20241115115924.8,1581.43399916589,15.79,16.212,17.647,14.338,10.325,10.361
20241115115925.3,1581.91400058568,15.847,16.222,17.705,14.356,10.335,10.357
20241115115925.8,1582.40300416946,15.934,16.235,17.728,14.34,10.335,10.371
20241115115926.3,1582.88300558925,16.006,16.239,17.719,14.358,10.343,10.357
20241115115926.8,1583.3679959178,15.984,16.287,17.727,14.35,10.341,10.361
20241115115927.3,1583.86400006711,15.97,16.334,17.748,14.358,10.345,10.382
20241115115927.8,1584.34800468385,15.905,16.346,17.764,14.372,10.323,10.357
20241115115928.2,1584.83199924231,15.754,16.394,17.772,14.358,10.339,10.367
20241115115928.7,1585.32100282609,15.726,16.431,17.798,14.376,10.339,10.367
20241115115929.2,1585.81699691713,15.726,16.463,17.812,14.364,10.335,10.329
20241115115929.7,1586.29699833691,15.715,16.485,17.812,14.37,10.355,10.376
20241115115930.2,1586.7860019207,15.79,16.437,17.851,14.354,10.349,10.378
20241115115930.7,1587.26600334048,15.827,16.465,17.857,14.376,10.339,10.355
20241115115931.2,1587.74999789894,15.919,16.425,17.875,14.362,10.355,10.361
20241115115931.6,1588.2310051471,16.069,16.346,17.889,14.358,10.345,10.361
20241115115932.1,1588.71499970555,16.154,16.342,17.899,14.376,10.343,10.376
20241115115932.6,1589.20000009239,16.2,16.323,17.887,14.358,10.341,10.374
20241115115933.1,1589.68000151217,16.267,16.328,17.879,14.372,10.359,10.365
20241115115933.6,1590.16399607062,16.358,16.33,17.901,14.372,10.355,10.351
20241115115934.1,1590.65299965441,16.427,16.293,17.891,14.354,10.345,10.361
20241115115934.5,1591.13300107419,16.477,16.146,17.893,14.346,10.335,10.374
20241115115935,1591.61800146103,16.526,16.121,17.909,14.364,10.365,10.365
20241115115935.5,1592.10199601948,16.552,16.099,17.903,14.334,10.363,10.361
20241115115936,1592.58600063622,16.56,16.115,17.923,14.354,10.347,10.369
20241115115936.5,1593.08200478554,16.467,16.124,17.948,14.344,10.351,10.363
20241115115937,1593.56700517237,16.469,16.134,17.942,14.334,10.331,10.38
20241115115937.5,1594.05099973083,16.515,16.13,17.954,14.34,10.382,10.351
20241115115938,1594.56699974835,16.546,16.166,17.954,14.354,10.337,10.369
20241115115938.4,1595.04700116813,16.75,16.243,17.97,14.34,10.353,10.343
20241115115938.9,1595.53600475192,16.748,16.214,17.982,14.35,10.355,10.369
20241115115939.4,1596.01599611342,16.685,16.119,17.984,14.354,10.343,10.363
20241115115939.9,1596.50400392711,16.627,16.075,18.006,14.348,10.351,10.38
20241115115940.4,1596.98900431395,16.566,16.069,18.018,14.346,10.349,10.369
20241115115940.9,1597.4729988724,16.578,16.121,18.027,14.334,10.359,10.374
20241115115941.4,1597.95700348914,16.532,16.13,18.035,14.354,10.361,10.359
20241115115941.8,1598.44200387597,16.265,16.097,18.047,14.346,10.367,10.363
20241115115942.3,1598.92200529575,15.96,16.049,18.035,14.36,10.355,10.367
20241115115942.8,1599.41099882126,15.812,16.063,18.022,14.344,10.339,10.363
20241115115943.3,1599.88699704409,15.489,16.095,18.061,14.334,10.335,10.371
20241115115943.8,1600.38700439036,15.37,16.132,18.075,14.36,10.369,10.371
20241115115944.3,1600.86800158024,15.198,16.146,18.111,14.354,10.341,10.382
20241115115944.8,1601.35199613869,14.917,16.132,18.115,14.354,10.349,10.353
20241115115945.2,1601.83600075543,14.96,16.095,18.132,14.336,10.337,10.369
20241115115945.7,1602.33599804342,15.091,16.144,18.144,14.388,10.359,10.359
20241115115946.2,1602.83999852836,15.204,16.168,18.152,14.37,10.341,10.374
20241115115946.7,1603.32100577652,15.138,16.194,18.174,14.368,10.343,10.365
20241115115947.2,1603.80500033498,15.178,16.237,18.212,14.358,10.347,10.367
20241115115947.7,1604.3010044843,15.271,16.301,18.206,14.35,10.347,10.363
20241115115948.2,1604.78600487113,15.356,16.346,18.21,14.38,10.335,10.374
20241115115948.7,1605.26999942958,15.313,16.348,18.237,14.372,10.357,10.39
20241115115949.2,1605.75400404632,15.344,16.358,18.261,14.348,10.347,10.374
20241115115949.7,1606.25400133431,15.368,16.431,18.259,14.358,10.365,10.371
20241115115950.2,1606.75000548363,15.34,16.465,18.279,14.37,10.359,10.367
20241115115950.6,1607.23500587046,15.354,16.481,18.291,14.378,10.347,10.369
20241115115951.1,1607.71900042892,15.223,16.469,18.313,14.354,10.349,10.376
20241115115951.6,1608.20699818432,15.227,16.461,18.356,14.354,10.341,10.382
20241115115952.1,1608.68800543249,15.4,16.461,18.354,14.366,10.357,10.376
20241115115952.6,1609.17199999094,15.485,16.463,18.362,14.374,10.367,10.361
20241115115953.1,1609.65700037777,15.384,16.449,18.396,14.368,10.347,10.361
20241115115953.6,1610.15300452709,15.39,16.425,18.431,14.376,10.355,10.378
20241115115954,1610.63699908555,15.465,16.418,18.441,14.36,10.331,10.386
20241115115954.5,1611.12100370228,15.568,16.445,18.445,14.366,10.367,10.392
20241115115955,1611.60600408912,15.536,16.443,18.483,14.37,10.355,10.367
20241115115955.5,1612.10600137711,15.479,16.487,18.517,14.36,10.345,10.384
20241115115956,1612.60200552642,15.495,16.507,18.568,14.368,10.353,10.38
20241115115956.5,1613.08600008488,15.517,16.521,18.6,14.374,10.357,10.359
20241115115957,1613.57100047171,15.53,16.495,18.606,14.396,10.382,10.371
20241115115957.5,1614.05899822712,15.528,16.56,18.626,14.384,10.343,10.378
20241115115957.9,1614.5389996469,15.566,16.566,18.665,14.392,10.351,10.382
20241115115958.4,1615.03899693489,15.582,16.558,18.667,14.394,10.374,10.376
20241115115958.9,1615.53599685431,15.471,16.548,18.663,14.392,10.357,10.359
20241115115959.4,1616.02000147104,15.437,16.521,18.691,14.394,10.355,10.392
20241115115959.9,1616.50000289083,15.459,16.465,18.677,14.392,10.359,10.384
20241115120000.4,1616.98500327766,15.317,16.449,18.711,14.394,10.349,10.382
20241115120000.9,1617.46899783611,15.138,16.449,18.732,14.406,10.351,10.359
20241115120001.4,1617.96900518239,15.111,16.408,18.794,14.382,10.359,10.382
20241115120001.9,1618.45000237226,15.366,16.416,18.806,14.386,10.349,10.382
20241115120002.3,1618.93000379205,15.54,16.437,18.804,14.398,10.345,10.386
20241115120002.8,1619.4139983505,15.76,16.412,18.815,14.378,10.347,10.375
20241115120003.3,1619.90300193429,15.863,16.404,18.837,14.38,10.345,10.365
20241115120003.8,1620.38300335407,15.802,16.408,18.817,14.36,10.359,10.359
20241115120004.3,1620.87500430644,15.738,16.457,18.849,14.382,10.345,10.383
20241115120004.8,1621.36000469327,15.889,16.427,18.851,14.372,10.355,10.392
20241115120005.2,1621.83999605477,16.023,16.427,18.893,14.382,10.355,10.365
20241115120005.7,1622.3249964416,16.126,16.417,18.94,14.382,10.361,10.392
20241115120006.2,1622.80499786139,16.223,16.39,19.085,14.394,10.345,10.381
20241115120006.7,1623.30899834633,16.289,16.38,19.103,14.374,10.335,10.386
20241115120007.2,1623.80500249565,16.293,16.376,19.146,14.398,10.343,10.386
20241115120007.7,1624.2889970541,16.196,16.406,19.287,14.421,10.347,10.351
20241115120008.2,1624.77399744093,16.144,16.382,19.445,14.425,10.357,10.39
20241115120008.7,1625.25399886072,16.023,16.392,19.548,14.429,10.351,10.375
20241115120009.1,1625.7349960506,16.021,16.425,19.724,14.457,10.333,10.365
20241115120009.6,1626.22300386429,16.144,16.429,19.817,14.465,10.345,10.386
20241115120010.1,1626.70699842274,16.11,16.429,19.871,14.485,10.355,10.355
20241115120010.6,1627.19199880958,16.073,16.427,19.966,14.493,10.349,10.392
20241115120011.1,1627.67200022936,16.027,16.467,20.063,14.499,10.353,10.373
20241115120011.6,1628.17199751735,15.97,16.465,20.245,14.52,10.353,10.363
20241115120012.1,1628.65300476551,15.802,16.479,20.311,14.51,10.341,10.377
20241115120012.5,1629.13699932396,15.6,16.479,20.334,14.51,10.357,10.371
20241115120013,1629.6210039407,15.473,16.499,20.459,14.51,10.345,10.367
20241115120013.5,1630.10999746621,15.354,16.489,20.734,14.532,10.355,10.379
20241115120014,1630.60199841857,15.206,16.467,20.774,14.52,10.337,10.377
20241115120014.5,1631.09399937093,15.168,16.455,20.823,14.536,10.333,10.383
20241115120015,1631.57499656081,15.213,16.483,20.835,14.548,10.349,10.383
20241115120015.5,1632.0630043745,15.085,16.497,20.776,14.542,10.353,10.369
20241115120015.9,1632.54699893296,15.063,16.461,20.746,14.53,10.349,10.406
20241115120016.4,1633.04300308228,15.093,16.501,20.691,14.54,10.359,10.377
20241115120016.9,1633.54700356722,15.059,16.507,20.653,14.518,10.347,10.377
20241115120017.4,1634.03200395405,15.063,16.536,20.61,14.51,10.357,10.379
20241115120017.9,1634.51599851251,15.093,16.532,20.598,14.512,10.355,10.392
20241115120018.4,1635.00000312924,15.148,16.52,20.576,14.516,10.353,10.377
20241115120018.9,1635.49599722028,15.239,16.514,20.566,14.514,10.355,10.379
20241115120019.4,1635.97700446844,15.372,16.536,20.57,14.518,10.355,10.375
20241115120019.9,1636.46500222385,15.39,16.53,20.55,14.518,10.347,10.363
20241115120020.4,1636.96499951184,15.483,16.534,20.526,14.512,10.361,10.386
20241115120020.9,1637.45299726725,15.538,16.542,20.522,14.493,10.355,10.386
20241115120021.3,1637.93799765408,15.538,16.497,20.518,14.51,10.353,10.377
20241115120021.8,1638.42200227082,15.576,16.451,20.511,14.501,10.353,10.386
20241115120022.3,1638.91799636185,15.685,16.473,20.518,14.489,10.359,10.375
20241115120022.8,1639.40299674869,15.778,16.489,20.53,14.491,10.349,10.379
20241115120023.3,1639.88700136542,15.806,16.52,20.548,14.495,10.343,10.383
20241115120023.8,1640.39899818599,15.804,16.524,20.546,14.475,10.351,10.388
20241115120024.3,1640.88300280273,15.847,16.52,20.568,14.501,10.365,10.388
20241115120024.8,1641.37100055814,15.93,16.487,20.582,14.483,10.349,10.386
20241115120025.3,1641.86800047755,15.928,16.477,20.576,14.501,10.369,10.377
20241115120025.8,1642.34800189734,15.998,16.435,20.592,14.495,10.361,10.373
20241115120026.2,1642.83199645579,16.077,16.457,20.598,14.507,10.363,10.4
20241115120026.7,1643.31699684262,16.089,16.483,20.647,14.501,10.363,10.4
20241115120027.2,1643.80100145936,16.055,16.491,20.681,14.479,10.357,10.381
20241115120027.7,1644.28600184619,16.107,16.421,20.752,14.51,10.359,10.383
20241115120028.2,1644.78199593723,16.259,16.35,21.17,14.51,10.369,10.365
20241115120028.7,1645.28599642217,16.328,16.33,21.477,14.51,10.361,10.371
20241115120029.2,1645.78200057149,16.338,16.346,21.613,14.542,10.359,10.381
20241115120029.7,1646.26200199127,16.374,16.366,21.657,14.524,10.353,10.375
20241115120030.1,1646.74599654973,16.233,16.362,21.667,14.538,10.361,10.385
20241115120030.6,1647.23900333047,16.217,16.33,21.611,14.52,10.353,10.387
20241115120031.1,1647.71900475025,16.263,16.194,21.685,14.526,10.363,10.387
20241115120031.6,1648.21900203824,16.287,16.116,21.716,14.51,10.357,10.377
20241115120032.1,1648.69999922812,16.312,16.033,21.76,14.51,10.367,10.367
20241115120032.6,1649.20300394297,16.306,16.095,21.734,14.538,10.353,10.365
20241115120033.1,1649.6880043298,16.344,16.142,21.72,14.51,10.369,10.371
20241115120033.6,1650.16800574958,16.342,16.201,21.705,14.51,10.343,10.375
20241115120034.1,1650.65299607813,16.3,16.219,21.695,14.514,10.357,10.389
20241115120034.5,1651.13700069487,16.229,16.178,21.727,14.497,10.354,10.398
20241115120035,1651.62100531161,16.157,16.187,21.725,14.517,10.364,10.384
20241115120035.5,1652.10599564016,16.093,16.246,21.735,14.491,10.346,10.384
20241115120036,1652.59400345385,15.915,16.321,21.798,14.489,10.35,10.38
20241115120036.5,1653.08200120926,15.672,16.355,21.806,14.523,10.362,10.374
20241115120037,1653.56299839914,15.666,16.389,21.842,14.517,10.36,10.382
20241115120037.4,1654.04700301588,15.606,16.428,21.862,14.489,10.368,10.39
20241115120037.9,1654.53200340271,15.531,16.43,21.88,14.507,10.36,10.368
20241115120038.4,1655.01599796116,15.503,16.458,21.905,14.495,10.366,10.374
20241115120038.9,1655.49599938095,15.511,16.434,21.935,14.47,10.364,10.368
20241115120039.4,1655.99599666893,15.442,16.44,21.977,14.483,10.344,10.364
20241115120039.9,1656.48900344968,15.349,16.442,22.026,14.501,10.336,10.368
20241115120040.4,1656.96900486946,15.192,16.507,22.032,14.505,10.35,10.386
20241115120040.9,1657.45299942791,15.232,16.529,22.074,14.473,10.346,10.372
20241115120041.4,1657.9529967159,15.349,16.527,22.113,14.472,10.354,10.362
20241115120041.8,1658.43799710274,15.612,16.543,22.158,14.468,10.348,10.368
20241115120042.3,1658.93800444901,15.737,16.545,22.225,14.491,10.354,10.38
20241115120042.8,1659.41800586879,15.852,16.551,22.329,14.501,10.352,10.382
20241115120043.3,1659.90299619734,15.818,16.555,22.378,14.486,10.352,10.368
20241115120043.8,1660.39900034666,15.907,16.592,22.411,14.499,10.352,10.378
20241115120044.3,1660.8830049634,15.933,16.616,22.454,14.515,10.352,10.37
20241115120044.8,1661.36400215328,16.038,16.62,22.495,14.505,10.336,10.376
20241115120045.3,1661.85199990869,16.004,16.61,22.521,14.525,10.352,10.376
20241115120045.7,1662.33600452542,16.095,16.602,22.597,14.505,10.354,10.374
20241115120046.2,1662.82100491226,16.22,16.567,22.701,14.505,10.346,10.384
20241115120046.7,1663.32100220025,16.264,16.367,22.999,14.517,10.354,10.366
20241115120047.2,1663.8049967587,16.151,16.232,23.098,14.531,10.352,10.38
20241115120047.7,1664.28900137544,16.109,16.289,23.214,14.535,10.356,10.36
20241115120048.2,1664.77400176227,16.232,16.091,23.322,14.539,10.37,10.37
20241115120048.7,1665.25799632072,16.321,15.788,23.353,14.543,10.358,10.376
20241115120049.1,1665.74600413442,16.408,15.608,23.375,14.543,10.354,10.39
20241115120049.6,1666.2270013243,16.462,15.592,23.38,14.547,10.354,10.378
20241115120050.1,1666.70700274408,16.468,15.62,23.369,14.561,10.36,10.37
20241115120050.6,1667.21100322902,16.414,15.723,23.374,14.547,10.37,10.358
20241115120051.1,1667.6920004189,16.416,15.711,23.418,14.535,10.35,10.372
20241115120051.6,1668.17200183868,16.432,15.721,23.494,14.551,10.36,10.374
20241115120052.1,1668.65700222552,16.422,15.751,23.557,14.565,10.336,10.366
20241115120052.6,1669.16100271046,16.416,15.721,23.805,14.559,10.348,10.39
20241115120053.1,1669.66099999845,16.418,15.705,23.866,14.568,10.348,10.36
20241115120053.6,1670.15700414777,16.444,15.735,23.952,14.576,10.356,10.378
20241115120054,1670.64099870622,16.465,15.749,24.403,14.582,10.346,10.358
20241115120054.5,1671.13700285554,16.46,15.729,24.503,14.572,10.334,10.384
20241115120055,1671.62099741399,16.473,15.725,24.506,14.576,10.338,10.37
20241115120055.5,1672.11000099778,16.446,15.673,24.508,14.59,10.342,10.364
20241115120056,1672.59000241756,16.457,15.45,24.442,14.572,10.356,10.372
20241115120056.5,1673.0750028044,16.434,15.473,24.446,14.55,10.352,10.362
20241115120057,1673.57099689543,16.465,15.527,24.481,14.554,10.338,10.362
20241115120057.5,1674.05099831522,16.461,15.677,24.481,14.59,10.327,10.362
20241115120058,1674.55499880016,16.485,15.812,24.526,14.576,10.356,10.37
20241115120058.4,1675.04699975252,16.459,15.951,24.557,14.57,10.344,10.37
20241115120058.9,1675.53200013936,16.473,16.03,24.608,14.558,10.344,10.372
20241115120059.4,1676.01999789476,16.41,16.028,24.624,14.568,10.321,10.37
20241115120059.9,1676.52000524104,16.212,16.113,24.671,14.566,10.344,10.368
20241115120100.4,1677.00399979949,16.079,16.131,24.71,14.554,10.342,10.386
20241115120100.9,1677.48499698937,16.044,16.188,24.775,14.554,10.348,10.374
20241115120101.4,1677.96900160611,15.836,16.202,24.794,14.542,10.346,10.368
20241115120101.9,1678.4689988941,15.838,16.238,24.869,14.56,10.333,10.354
20241115120102.4,1678.98100577295,15.903,16.202,24.912,14.552,10.325,10.339
20241115120102.9,1679.4650003314,16.004,16.184,24.943,14.539,10.337,10.346
20241115120103.4,1679.95299808681,16.006,16.198,25.019,14.564,10.331,10.362
20241115120103.9,1680.45300543308,16.059,16.259,25.082,14.55,10.323,10.358
20241115120104.3,1680.94199895859,16.151,16.28,25.142,14.555,10.324,10.355
20241115120104.8,1681.44199624658,16.268,16.33,25.222,14.526,10.318,10.344
20241115120105.4,1681.95299729705,16.306,16.357,25.338,14.547,10.322,10.363
20241115120105.9,1682.45300464332,16.318,16.369,25.443,14.551,10.34,10.346
20241115120106.3,1682.93800503016,16.238,16.377,25.569,14.547,10.312,10.338
20241115120106.8,1683.42199958861,16.26,16.375,25.676,14.569,10.316,10.365
20241115120107.3,1683.91800373793,16.3,16.415,25.763,14.555,10.332,10.342
20241115120107.8,1684.41800102592,16.328,16.436,25.837,14.559,10.355,10.353
20241115120108.3,1684.9179983139,16.347,16.464,25.927,14.563,10.31,10.359
20241115120108.8,1685.40299870074,16.371,16.468,26.015,14.569,10.316,10.357
20241115120109.3,1685.90299598873,16.353,16.48,26.051,14.565,10.326,10.367
20241115120109.8,1686.403003335,16.221,16.498,26.152,14.569,10.332,10.353
20241115120110.3,1686.90300062299,16.272,16.502,26.203,14.561,10.334,10.353
20241115120110.8,1687.38300204277,16.306,16.494,26.276,14.567,10.336,10.346
20241115120111.3,1687.8680024296,16.333,16.444,26.358,14.575,10.314,10.357
20241115120111.8,1688.36799971759,16.369,16.229,26.464,14.553,10.332,10.357
20241115120112.3,1688.85200433433,16.415,16.062,26.589,14.565,10.312,10.342
20241115120112.7,1689.33200575411,16.431,16.062,26.689,14.553,10.32,10.342
20241115120113.2,1689.8320030421,16.452,16.052,26.897,14.551,10.34,10.34
20241115120113.7,1690.31700342894,16.48,16.149,27.253,14.569,10.322,10.34
20241115120114.2,1690.80099798739,16.454,16.062,27.608,14.567,10.322,10.353
20241115120114.7,1691.28900580108,16.415,15.89,27.772,14.593,10.338,10.334
20241115120115.2,1691.78200252354,16.223,15.785,27.86,14.561,10.308,10.342
20241115120115.7,1692.28600300848,16.234,15.894,27.972,14.573,10.344,10.359
20241115120116.2,1692.76999756694,16.068,15.995,28.138,14.565,10.318,10.334
20241115120116.7,1693.27000491321,15.953,15.993,28.295,14.571,10.338,10.365
20241115120117.2,1693.76599900424,15.864,15.86,28.469,14.575,10.336,10.361
20241115120117.7,1694.25000362098,15.805,15.743,28.573,14.585,10.334,10.348
20241115120118.1,1694.73500400782,15.856,15.722,28.697,14.585,10.326,10.344
20241115120118.6,1695.21899856627,15.747,15.763,28.771,14.581,10.338,10.361
20241115120119.1,1695.70699632168,15.864,15.805,28.971,14.597,10.332,10.34
20241115120119.6,1696.20700366795,16.005,15.819,29.21,14.597,10.346,10.371
20241115120120.1,1696.69200405478,16.104,15.896,29.259,14.605,10.332,10.338
20241115120120.6,1697.19200134277,16.197,15.961,29.319,14.599,10.33,10.357
20241115120121.1,1697.67200276256,16.262,15.985,29.366,14.589,10.332,10.373
20241115120121.6,1698.16099628806,16.345,15.967,29.464,14.569,10.346,10.359
20241115120122.1,1698.65700043738,16.391,15.924,29.507,14.591,10.326,10.346
20241115120122.6,1699.15699772537,16.318,15.579,29.639,14.593,10.328,10.344
20241115120123.1,1699.65300187469,16.284,15.284,29.737,14.575,10.324,10.348
20241115120123.5,1700.14099963009,16.351,15.139,29.887,14.591,10.342,10.355
20241115120124,1700.62500424683,16.399,15.175,30.054,14.571,10.332,10.353
20241115120124.5,1701.11000463367,16.421,15.199,30.195,14.587,10.332,10.344
20241115120125,1701.59399919212,16.413,15.227,30.31,14.577,10.324,10.367
20241115120125.5,1702.07800380886,16.432,15.234,30.444,14.597,10.33,10.365
20241115120126,1702.56300419569,16.47,15.205,30.6,14.573,10.348,10.351
20241115120126.5,1703.05899828672,16.53,15.333,30.818,14.577,10.328,10.369
20241115120127,1703.559005633,16.464,15.486,30.947,14.569,10.351,10.346
20241115120127.5,1704.05499972403,16.458,15.545,31.135,14.573,10.324,10.34
20241115120127.9,1704.53900434077,16.373,15.628,31.29,14.579,10.326,10.353
20241115120128.4,1705.0240047276,16.385,15.708,31.507,14.593,10.338,10.363
20241115120128.9,1705.52400201559,16.288,15.759,31.721,14.593,10.332,10.367
20241115120129.4,1706.00400343537,16.094,15.716,31.832,14.579,10.332,10.365
20241115120129.9,1706.50800392032,15.85,15.813,31.924,14.581,10.338,10.357
20241115120130.4,1706.99300430715,15.858,15.898,31.987,14.563,10.348,10.355
20241115120130.9,1707.48500525951,15.706,15.965,32.105,14.577,10.334,10.367
20241115120131.4,1707.96899981797,15.761,16.007,32.259,14.595,10.342,10.355
20241115120131.9,1708.46899710596,15.718,16.072,32.392,14.575,10.328,10.348
20241115120132.4,1708.96500125527,15.539,16.141,32.557,14.585,10.328,10.367
20241115120132.9,1709.45000164211,15.296,16.199,32.676,14.563,10.328,10.371
20241115120133.3,1709.93799939752,15.157,16.24,32.845,14.563,10.332,10.361
20241115120133.9,1710.45300364494,15.007,16.306,32.937,14.571,10.346,10.363
20241115120134.3,1710.93800403178,15.036,16.302,33.099,14.555,10.355,10.348
20241115120134.8,1711.41800545156,15.161,16.337,33.287,14.571,10.342,10.357
20241115120135.3,1711.91399954259,15.298,16.341,33.66,14.565,10.334,10.363
20241115120135.8,1712.41800002754,15.268,16.335,33.816,14.581,10.344,10.363
20241115120136.3,1712.89899721742,15.213,16.268,33.924,14.573,10.334,10.359
20241115120136.8,1713.38300183415,15.171,16.306,34.02,14.569,10.361,10.369
20241115120137.3,1713.86800222099,15.143,16.316,34.116,14.561,10.344,10.357
20241115120137.8,1714.35199677944,14.961,16.347,34.237,14.571,10.318,10.365
20241115120138.2,1714.83600139618,14.85,16.363,34.378,14.559,10.34,10.348
20241115120138.7,1715.33599868417,14.68,16.339,34.525,14.551,10.332,10.361
20241115120139.2,1715.83599597216,14.644,16.373,34.678,14.565,10.346,10.338
20241115120139.7,1716.33600331843,14.648,16.341,34.991,14.569,10.332,10.365
20241115120140.2,1716.83600060642,14.882,16.339,35.288,14.565,10.346,10.355
20241115120140.7,1717.33200475574,15.147,16.377,35.637,14.567,10.363,10.381
20241115120141.2,1717.83200204372,15.094,16.401,35.859,14.551,10.328,10.369
20241115120141.7,1718.31700243056,15.163,16.312,36.067,14.565,10.367,10.379
20241115120142.2,1718.81299652159,15.044,16.179,36.316,14.575,10.338,10.359
20241115120142.7,1719.29299794137,15.175,16.238,36.711,14.593,10.353,10.359
20241115120143.2,1719.77799832821,15.11,16.29,36.909,14.559,10.34,10.357
20241115120143.7,1720.28199881315,15.191,16.333,37.118,14.565,10.336,10.369
20241115120144.2,1720.77800296247,15.377,16.33,37.373,14.575,10.326,10.379
20241115120144.7,1721.2739970535,15.539,16.173,37.842,14.565,10.353,10.351
20241115120145.2,1721.76599800587,15.587,16.147,38.465,14.567,10.351,10.371
20241115120145.7,1722.26200215518,15.533,16.173,38.879,14.589,10.342,10.369
20241115120146.1,1722.74599671364,15.454,16.187,39.251,14.569,10.34,10.375
20241115120146.6,1723.24600405991,15.373,16.173,39.389,14.553,10.344,10.377
20241115120147.1,1723.73100444674,15.215,16.193,39.493,14.573,10.342,10.371
20241115120147.6,1724.21900220215,15.203,16.199,39.828,14.573,10.34,10.359
20241115120148.1,1724.71499629319,15.29,16.167,40.202,14.581,10.34,10.377
20241115120148.6,1725.20300410688,15.452,16.015,40.521,14.585,10.33,10.381
20241115120149.1,1725.70300139487,15.472,15.708,41.053,14.569,10.377,10.379
20241115120149.6,1726.1880017817,15.537,15.551,41.789,14.583,10.353,10.365
20241115120150.1,1726.69200226665,15.438,15.595,42.378,14.569,10.344,10.369
20241115120150.6,1727.1759968251,15.524,15.666,42.809,14.571,10.348,10.351
20241115120151.1,1727.66099721193,15.664,15.749,42.887,14.579,10.353,10.361
20241115120151.6,1728.16400192678,15.654,15.836,42.902,14.587,10.346,10.361
20241115120152.1,1728.65300551057,15.761,15.904,43.129,14.569,10.351,10.373
20241115120152.5,1729.13299687207,15.854,15.971,43.212,14.571,10.361,10.383
20241115120153,1729.62100468576,15.793,15.872,43.326,14.587,10.348,10.381
20241115120153.5,1730.12100197375,15.692,15.955,43.458,14.567,10.353,10.371
20241115120154,1730.62500245869,15.771,16.009,43.655,14.589,10.355,10.371
20241115120154.5,1731.11000284553,15.951,15.979,43.891,14.565,10.334,10.379
20241115120155,1731.61000013351,16.064,16.068,44.083,14.589,10.342,10.389
20241115120155.5,1732.1099974215,16.027,16.042,44.323,14.547,10.357,10.363
20241115120156,1732.61000476778,15.874,16.1,44.583,14.575,10.365,10.385
20241115120156.5,1733.09399932623,15.811,16.011,44.782,14.581,10.355,10.387
20241115120157,1733.59399661422,15.785,15.904,45.034,14.579,10.351,10.373
20241115120157.5,1734.07800123096,15.799,15.943,45.223,14.557,10.361,10.373
20241115120158,1734.57500115037,15.69,15.975,45.407,14.569,10.353,10.373
20241115120158.5,1735.05899570882,15.714,16.029,45.688,14.567,10.357,10.373
20241115120159,1735.56299619377,15.537,16.005,46.015,14.573,10.351,10.357
20241115120159.4,1736.0470008105,15.68,15.979,46.518,14.587,10.35,10.373
20241115120159.9,1736.54300495982,15.828,16.048,47.008,14.573,10.342,10.359
20241115120200.4,1737.03899905086,15.884,16.086,47.283,14.549,10.375,10.369
20241115120200.9,1737.52800263464,15.983,16.03,47.564,14.561,10.359,10.377
20241115120201.4,1738.02799992263,16.082,16.042,47.862,14.561,10.356,10.381
20241115120201.9,1738.50800134242,16.157,16.066,48.18,14.563,10.356,10.391
20241115120202.4,1739.0079986304,16.252,16.119,48.5,14.577,10.348,10.381
20241115120202.9,1739.49299901724,16.3,16.096,49.024,14.573,10.346,10.387
20241115120203.4,1739.97700363398,16.329,16.088,49.803,14.575,10.367,10.387
20241115120203.9,1740.47700092196,16.379,15.985,50.263,14.569,10.342,10.375
20241115120204.4,1740.9610055387,16.409,15.91,50.666,14.575,10.344,10.359
20241115120204.9,1741.46100282669,16.466,15.943,51.044,14.581,10.352,10.373
20241115120205.3,1741.94600321352,16.405,16.028,51.393,14.579,10.361,10.389
20241115120205.8,1742.43400096893,16.266,16.034,51.608,14.551,10.342,10.385
20241115120206.3,1742.93399825692,16.296,16.076,51.88,14.577,10.363,10.365
20241115120206.8,1743.43400560319,16.329,15.908,52.437,14.571,10.365,10.373
20241115120207.3,1743.92999969423,16.24,15.795,52.818,14.577,10.363,10.367
20241115120207.8,1744.42999698222,16.094,15.785,53.334,14.563,10.365,10.373
20241115120208.3,1744.94200386107,16.064,15.587,54.057,14.573,10.342,10.377
20241115120208.8,1745.42200528085,15.923,15.535,54.598,14.565,10.342,10.371
20241115120209.3,1745.91099880636,16.024,15.472,55.289,14.587,10.346,10.373
20241115120209.8,1746.42199985683,15.991,15.434,56.07,14.573,10.367,10.375
20241115120210.3,1746.91800400615,16.032,15.302,56.781,14.581,10.359,10.383
20241115120210.8,1747.40699753165,16.038,15.22,57.541,14.593,10.346,10.365
20241115120211.3,1747.90300168097,16.019,15.199,58.139,14.587,10.356,10.381
20241115120211.8,1748.38699623942,16.062,15.175,58.609,14.577,10.346,10.385
20241115120212.3,1748.8870035857,15.921,15.153,59.121,14.611,10.344,10.379
20241115120212.8,1749.3750013411,15.888,15.163,59.91,14.615,10.35,10.387
20241115120213.3,1749.86000172794,16.022,15.312,60.984,14.615,10.377,10.379
20241115120213.8,1750.35999901593,16.133,15.215,62.51,14.618,10.359,10.379
20241115120214.2,1750.84000043571,16.207,15.066,63.508,14.624,10.361,10.381
20241115120214.7,1751.32500082254,16.246,15.028,64.657,14.626,10.354,10.375
20241115120215.2,1751.80900543928,16.046,14.991,65.646,14.628,10.361,10.391
20241115120215.7,1752.29299999774,15.878,14.941,66.217,14.642,10.346,10.379
20241115120216.2,1752.79299728572,15.749,15.044,66.663,14.644,10.34,10.381
20241115120216.7,1753.293004632,15.807,15.044,67.31,14.648,10.328,10.363
20241115120217.2,1753.78899872303,15.698,15.114,68.467,14.648,10.356,10.377
20241115120217.7,1754.27399910986,15.741,15.179,69.709,14.654,10.369,10.377
20241115120218.2,1754.77399639785,15.929,15.323,69.82,14.664,10.361,10.383
20241115120218.7,1755.25800101459,16.07,15.466,70.35,14.648,10.371,10.383
20241115120219.1,1755.74300140142,16.228,15.541,71.291,14.682,10.367,10.367
20241115120219.6,1756.24299868941,16.318,15.662,72.122,14.682,10.361,10.367
20241115120220.1,1756.73900283873,16.405,15.769,74.277,14.684,10.379,10.367
20241115120220.7,1757.25399702787,16.436,15.894,75.847,14.694,10.346,10.387
20241115120221.2,1757.75400437415,16.42,15.955,77.266,14.702,10.352,10.393
20241115120221.7,1758.25400166214,16.502,16.044,77.771,14.731,10.346,10.381
20241115120222.2,1758.74999575317,16.577,16.082,78.706,14.739,10.356,10.389
20241115120222.6,1759.23499614,16.605,16.054,80.226,14.751,10.351,10.375
20241115120223.1,1759.73500348628,16.621,16.038,81.147,14.733,10.379,10.409
20241115120223.6,1760.23099757731,16.609,16.05,83.817,14.741,10.357,10.381
20241115120224.1,1760.71500219405,16.585,15.981,85.219,14.743,10.359,10.367
20241115120224.6,1761.21499948204,16.571,15.908,86.317,14.759,10.391,10.389
20241115120225.1,1761.71499677002,16.567,15.801,86.65,14.743,10.367,10.373
20241115120225.6,1762.2150041163,16.553,15.767,87.772,14.737,10.367,10.379
20241115120226.1,1762.70000450313,16.545,15.747,90.683,14.755,10.363,10.391
20241115120226.6,1763.20000179112,16.569,15.728,91.636,14.755,10.367,10.397
20241115120227.1,1763.69599588215,16.557,15.686,92.959,14.757,10.375,10.391
20241115120227.6,1764.18000049889,16.563,15.64,93.585,14.759,10.365,10.395
20241115120228.1,1764.67600464821,16.571,15.593,94.09,14.767,10.373,10.411
20241115120228.6,1765.16100503504,16.571,15.537,94.889,14.767,10.373,10.401
20241115120229.1,1765.66100232303,16.561,15.63,99.457,14.765,10.348,10.385
20241115120229.5,1766.14100374281,16.523,15.721,101.736,14.799,10.367,10.395
20241115120230,1766.62499830127,16.525,15.811,104.056,14.826,10.363,10.387
20241115120230.5,1767.1099986881,16.543,15.912,104.862,14.811,10.373,10.391
20241115120231,1767.59400330484,16.607,15.916,104.885,14.809,10.367,10.375
20241115120231.5,1768.07799786329,16.658,16.036,104.852,14.795,10.365,10.379
20241115120232,1768.56299825013,16.658,16.076,105.423,14.801,10.371,10.383
20241115120232.5,1769.05900239944,16.658,16.076,106.12,14.797,10.365,10.379
20241115120233,1769.55899968743,16.617,16.074,107.566,14.816,10.365,10.381
20241115120233.4,1770.04300430417,16.579,16.046,109.776,14.822,10.35,10.387
20241115120233.9,1770.54300159216,16.581,16.118,111.619,14.828,10.363,10.383
20241115120234.4,1771.04299888015,16.49,16.215,113.198,14.826,10.407,10.393
20241115120234.9,1771.52799926698,16.343,16.163,115.17,14.834,10.356,10.373
20241115120235.4,1772.00800068676,16.321,16.06,116.754,14.83,10.359,10.393
20241115120235.9,1772.49599844217,16.399,15.959,117.537,14.842,10.375,10.379
20241115120236.4,1772.99600578845,16.464,15.844,118.207,14.83,10.361,10.393
20241115120236.9,1773.480996117,16.343,15.797,118.798,14.84,10.365,10.397
20241115120237.4,1773.96900393069,16.387,15.876,120.441,14.832,10.373,10.401
20241115120237.9,1774.45299848914,16.405,16.022,121.789,14.811,10.375,10.387
20241115120238.4,1774.95300583541,16.446,16.112,122.14,14.815,10.371,10.387
20241115120238.9,1775.4530031234,16.516,16.007,122.584,14.805,10.352,10.389
20241115120239.3,1775.94199664891,16.553,15.912,123.248,14.816,10.359,10.375
20241115120239.8,1776.44200399518,16.535,15.89,124.99,14.815,10.367,10.387
20241115120240.3,1776.94600448012,16.575,16.046,127.084,14.818,10.356,10.381
20241115120240.8,1777.42999903858,16.628,15.921,128.801,14.809,10.389,10.381
20241115120241.3,1777.91799679399,16.67,15.971,129.307,14.797,10.367,10.397
20241115120241.8,1778.40700037777,16.674,15.937,130.339,14.807,10.373,10.395
20241115120242.3,1778.90699766576,16.644,15.929,131.846,14.822,10.356,10.389
20241115120242.8,1779.40700501204,16.573,16.028,132.899,14.811,10.373,10.393
20241115120243.3,1779.90700230002,16.49,16.017,134.168,14.813,10.354,10.393
20241115120243.8,1780.40299639106,16.422,16.127,135.306,14.815,10.367,10.411
20241115120244.3,1780.8870010078,16.442,16.195,136.02,14.791,10.367,10.411
20241115120244.8,1781.37099556625,16.442,16.232,137.461,14.795,10.361,10.385
20241115120245.3,1781.85599595308,16.446,16.242,137.907,14.791,10.369,10.391
20241115120245.7,1782.34000056982,16.484,16.207,140.924,14.805,10.371,10.397
20241115120246.2,1782.82500095665,16.49,16.254,143.233,14.801,10.373,10.393
20241115120246.7,1783.31299871206,16.525,16.266,145.537,14.797,10.381,10.381
20241115120247.2,1783.81299600005,16.484,16.329,147.791,14.783,10.356,10.375
20241115120247.7,1784.30900014937,16.294,16.343,147.753,14.775,10.366,10.389
20241115120248.2,1784.79300476611,16.387,16.333,148.307,14.793,10.36,10.377
20241115120248.7,1785.30900478363,16.444,16.292,149.803,14.791,10.344,10.377
20241115120249.2,1785.8210016042,16.373,16.29,152.783,14.763,10.364,10.379
20241115120249.7,1786.32099889219,16.379,16.115,155.886,14.787,10.34,10.395
20241115120250.2,1786.82099618018,16.399,16.016,158.302,14.802,10.35,10.377
20241115120250.7,1787.32499666512,16.365,16.046,160.009,14.777,10.364,10.385
20241115120251.2,1787.83200457692,16.315,16.137,160.423,14.791,10.35,10.377
20241115120251.7,1788.33200186491,16.353,16.183,161.456,14.761,10.352,10.381
20241115120252.2,1788.82799595594,16.406,16.23,163.19,14.789,10.344,10.379
20241115120252.7,1789.34399597347,16.438,16.321,165.111,14.777,10.348,10.37
20241115120253.2,1789.84000012279,16.398,16.333,166.588,14.755,10.344,10.368
20241115120253.7,1790.33999741077,16.365,16.387,168.306,14.781,10.362,10.364
20241115120254.2,1790.84000475705,16.355,16.418,170.605,14.783,10.356,10.374
20241115120254.7,1791.33599884808,16.418,16.474,171.971,14.785,10.352,10.393
20241115120255.2,1791.82500243187,16.476,16.466,173.428,14.783,10.34,10.389
20241115120255.7,1792.3209965229,16.446,16.478,174.879,14.769,10.35,10.356
20241115120256.2,1792.82499700785,16.464,16.46,176.085,14.802,10.338,10.374
20241115120256.7,1793.32500435412,16.458,16.486,177.032,14.799,10.36,10.385
20241115120257.2,1793.80899891257,16.48,16.472,178.354,14.777,10.366,10.387
20241115120257.7,1794.29300352931,16.494,16.474,179.148,14.781,10.342,10.354
20241115120258.2,1794.7930008173,16.478,16.45,180.268,14.769,10.34,10.379
20241115120258.7,1795.28900496662,16.47,16.474,182.108,14.781,10.358,10.368
20241115120259.2,1795.77799849212,16.468,16.492,183.885,14.771,10.364,10.372
20241115120259.7,1796.27799578011,16.412,16.47,185.849,14.763,10.348,10.379
20241115120300.2,1796.77800312638,16.367,16.495,187.643,14.779,10.358,10.377
20241115120300.7,1797.29299731553,16.337,16.509,189.539,14.763,10.352,10.372
20241115120301.2,1797.7930046618,16.367,16.529,191.101,14.759,10.358,10.374
20241115120301.7,1798.29300194979,16.315,16.517,193.496,14.763,10.354,10.391
20241115120302.2,1798.79299923778,16.208,16.44,196.249,14.769,10.364,10.377
20241115120302.7,1799.28900338709,16.204,16.349,198.894,14.759,10.352,10.358
20241115120303.2,1799.78900067508,16.254,16.341,201.129,14.781,10.342,10.395
20241115120303.7,1800.28899796307,16.325,16.381,203.014,14.783,10.344,10.383
20241115120304.2,1800.78599788249,16.297,16.369,204.873,14.789,10.344,10.366
20241115120304.7,1801.27400569618,16.331,16.373,206.721,14.777,10.364,10.381
20241115120305.2,1801.76999978721,16.315,16.262,208.705,14.796,10.338,10.389
20241115120305.7,1802.2699970752,16.163,16.088,210.637,14.798,10.35,10.409
20241115120306.2,1802.75400169194,15.767,16.016,211.615,14.806,10.358,10.374
20241115120306.7,1803.24999578297,15.541,15.985,212.451,14.794,10.348,10.381
20241115120307.1,1803.73899936676,15.343,16.02,214.122,14.775,10.356,10.389
20241115120307.6,1804.23500351608,15.26,16.046,216.233,14.771,10.354,10.374
20241115120308.1,1804.73500080407,15.329,16.094,218.666,14.796,10.35,10.362
20241115120308.6,1805.23100495338,15.483,16.123,220.573,14.78,10.336,10.356
20241115120309.1,1805.71900270879,15.739,16.194,222.497,14.767,10.348,10.376
20241115120309.6,1806.21899999678,15.939,16.254,224.17,14.784,10.34,10.366
20241115120310.1,1806.70699775219,16.044,16.327,226.294,14.771,10.338,10.374
20241115120310.6,1807.20700509846,16.137,16.361,228.919,14.784,10.328,10.378
20241115120311.1,1807.71900191903,16.194,16.408,230.221,14.779,10.344,10.384
20241115120311.6,1808.21100287139,16.188,16.412,232.585,14.777,10.334,10.368
20241115120312.1,1808.74300561845,16.186,16.418,235.232,14.784,10.346,10.368
20241115120312.6,1809.24300290644,16.099,16.392,237.415,14.78,10.338,10.366
20241115120313.1,1809.74300019443,15.858,16.436,239.155,14.794,10.358,10.368
20241115120313.6,1810.24299748242,15.753,16.539,240.534,14.779,10.342,10.368
20241115120314.1,1810.74300482869,15.689,16.561,242.904,14.779,10.336,10.368
20241115120314.6,1811.24300211668,15.784,16.598,245.365,14.784,10.344,10.346
20241115120315.1,1811.74299940467,15.67,16.654,247.076,14.784,10.346,10.374
20241115120315.6,1812.23900355399,15.604,16.658,249.249,14.765,10.334,10.376
20241115120316.1,1812.73900084198,15.761,16.646,251.136,14.776,10.328,10.354
20241115120316.6,1813.23899812996,15.885,16.614,253.056,14.784,10.34,10.35
20241115120317.1,1813.73500227928,15.992,16.561,254.891,14.763,10.352,10.376
20241115120317.6,1814.21899683774,16.048,16.541,256.81,14.774,10.336,10.382
20241115120318.1,1814.72299732268,16.172,16.555,258.945,14.771,10.332,10.354
20241115120318.6,1815.22300466895,16.285,16.527,261.255,14.784,10.346,10.37
20241115120319.1,1815.71899875998,16.343,16.511,263.535,14.761,10.338,10.368
20241115120319.6,1816.20300337672,16.283,16.483,265.695,14.778,10.334,10.356
20241115120320.1,1816.70000329614,16.327,16.462,267.607,14.761,10.324,10.358
20241115120320.6,1817.20000058413,16.428,16.464,269.266,14.751,10.342,10.376
20241115120321.1,1817.70300529897,16.432,16.46,271.08,14.763,10.338,10.36
20241115120321.6,1818.20000521839,16.446,16.493,272.406,14.774,10.338,10.348
20241115120322.1,1818.70000250638,16.519,16.501,273.887,14.759,10.315,10.361
20241115120322.6,1819.21499669552,16.502,16.5,275.886,14.759,10.337,10.339
20241115120323.1,1819.72700357437,16.498,16.506,277.642,14.777,10.334,10.376
20241115120323.6,1820.23100405931,16.466,16.539,279.036,14.786,10.348,10.352
20241115120324.2,1820.7819968462,16.519,16.499,281.221,14.786,10.328,10.36
20241115120324.7,1821.27399779856,16.537,16.452,283.153,14.778,10.344,10.384
20241115120325.2,1821.76599875093,16.529,16.493,284.515,14.782,10.332,10.36
20241115120325.7,1822.25799970329,16.529,16.525,285.979,14.786,10.346,10.392
20241115120326.1,1822.7459974587,16.578,16.553,287.039,14.81,10.336,10.356
20241115120326.6,1823.23099784553,16.61,16.614,288.025,14.784,10.336,10.358
20241115120327.1,1823.71099926531,16.61,16.636,289.74,14.8,10.332,10.364
20241115120327.6,1824.2109965533,16.622,16.642,290.213,14.8,10.332,10.356
20241115120328.1,1824.71100389957,16.63,16.626,290.611,14.792,10.316,10.378
20241115120328.6,1825.21100118756,16.574,16.644,291.933,14.8,10.348,10.366
20241115120329.1,1825.70700533688,16.644,16.644,292.982,14.81,10.328,10.362
20241115120329.6,1826.20700262487,16.681,16.63,292.875,14.824,10.334,10.354
20241115120330.1,1826.70699991286,16.638,16.664,292.904,14.812,10.32,10.354
20241115120330.6,1827.20300406218,16.662,16.668,293.304,14.828,10.332,10.374
20241115120331.1,1827.70000398159,16.503,16.626,293.781,14.828,10.33,10.364
20241115120331.6,1828.20000126958,16.422,16.624,294.476,14.806,10.322,10.352
20241115120332.1,1828.69999855757,16.473,16.598,294.749,14.816,10.324,10.356
20241115120332.6,1829.21099960804,16.523,16.606,295.668,14.82,10.322,10.362
20241115120333.1,1829.71099689603,16.575,16.592,295.816,14.814,10.342,10.37
20241115120333.6,1830.20000047982,16.547,16.569,295.915,14.814,10.33,10.366
20241115120334.1,1830.69600462914,16.46,16.577,295.841,14.828,10.338,10.368
20241115120334.6,1831.20000511408,16.535,16.602,293.536,14.828,10.324,10.366
20241115120335.1,1831.68800286949,16.571,16.577,327.708,14.816,10.342,10.362
20241115120335.6,1832.18399696052,16.561,16.541,357.546,14.816,10.332,10.356
20241115120336.1,1832.68799744546,16.592,16.329,380.257,14.812,10.338,10.366
20241115120336.6,1833.18800479174,16.654,16.353,394.149,14.828,10.342,10.346
20241115120337.1,1833.68399888277,16.654,16.365,405.714,14.826,10.32,10.368
20241115120337.6,1834.18000303209,16.608,16.422,416.33,14.814,10.356,10.358
20241115120338.1,1834.6680007875,16.608,16.487,424.151,14.812,10.332,10.362
20241115120338.6,1835.16400493681,16.598,16.531,428.546,14.836,10.322,10.36
20241115120339.1,1835.64900532365,16.642,16.547,431.165,14.836,10.322,10.374
20241115120339.6,1836.14900261164,16.632,16.569,435.489,14.858,10.338,10.362
20241115120340,1836.63299717009,16.638,16.551,437.052,14.858,10.35,10.366
20241115120340.5,1837.11799755692,16.535,16.567,436.818,14.844,10.33,10.35
20241115120341,1837.6180049032,16.414,16.571,432.834,14.862,10.358,10.362
20241115120341.5,1838.11800219119,16.351,16.553,429.711,14.834,10.346,10.352
20241115120342,1838.61399628222,16.367,16.547,427.933,14.846,10.346,10.37
20241115120342.5,1839.10200409591,16.428,16.531,426.583,14.852,10.332,10.362
20241115120343,1839.6020013839,16.478,16.533,425.415,14.864,10.324,10.352
20241115120343.5,1840.09800553322,16.507,16.541,424.252,14.876,10.322,10.354
20241115120344,1840.58600328863,16.521,16.563,423.406,14.874,10.34,10.35
20241115120344.5,1841.08199737966,16.529,16.571,423.307,14.85,10.336,10.364
20241115120345,1841.5750041604,16.565,16.616,421.821,14.862,10.332,10.364
20241115120345.5,1842.07799881697,16.561,16.652,420.37,14.876,10.326,10.366
20241115120346,1842.57799610496,16.535,16.612,418.803,14.883,10.346,10.35
20241115120346.5,1843.07800345123,16.537,16.596,418.384,14.883,10.34,10.364
20241115120347,1843.57800073922,16.539,16.642,366.414,14.891,10.32,10.374
20241115120347.5,1844.07500065863,16.501,16.668,277.18,14.893,10.34,10.356
20241115120348,1844.57100480795,16.394,16.678,343.515,14.905,10.336,10.382
20241115120348.5,1845.05900256336,16.26,16.668,375.547,14.905,10.34,10.356
20241115120349,1845.55899985135,16.177,16.644,390.406,14.921,10.336,10.372
20241115120349.5,1846.05899713933,16.016,16.634,405.87,14.913,10.314,10.344
20241115120350,1846.55500128865,16.115,16.618,415.083,14.901,10.33,10.362
20241115120350.5,1847.0590017736,16.131,16.6,418.291,14.887,10.336,10.36
20241115120351,1847.55899906158,16.036,16.581,418.68,14.913,10.33,10.37
20241115120351.5,1848.05899634957,16.117,16.549,424.835,14.911,10.33,10.362
20241115120352,1848.55500049889,16.133,16.535,412.999,14.907,10.33,10.35
20241115120352.5,1849.05499778688,16.105,16.513,415.46,14.885,10.316,10.36
20241115120353,1849.5510019362,16.127,16.497,409.915,14.905,10.314,10.352
20241115120353.5,1850.0590056181,16.089,16.521,406.59,14.901,10.326,10.358
20241115120354,1850.55900290608,15.984,16.446,435.274,14.935,10.314,10.358
20241115120354.5,1851.05900019407,15.929,16.378,301.854,14.945,10.322,10.362
20241115120355,1851.55899748206,15.949,16.242,223.913,14.951,10.322,10.366
20241115120355.5,1852.05900482833,16.165,16.097,176.96,14.959,10.312,10.354
20241115120356,1852.55900211632,16.301,16.155,134.827,14.917,10.312,10.368
20241115120356.4,1853.04299667478,16.174,16.119,95.961,14.925,10.342,10.346
20241115120356.9,1853.54300402105,16.127,16.097,73.298,14.927,10.284,10.333
20241115120357.4,1854.04700450599,16.156,16.116,60.11,14.916,10.308,10.335
20241115120357.9,1854.54700179398,16.189,16.207,49.97,14.932,10.302,10.333
20241115120358.4,1855.04299588501,16.237,16.211,38.117,14.924,10.288,10.339
20241115120358.9,1855.54300323129,16.358,16.185,31.813,14.938,10.325,10.365
20241115120359.5,1856.05900324881,16.296,16.106,26.695,14.946,10.323,10.333
20241115120360,1856.5590005368,16.045,16.001,24.141,14.926,10.313,10.339
20241115120400.5,1857.05899782479,15.985,15.902,23.291,14.922,10.313,10.343
20241115120401,1857.55900517106,15.783,15.801,24.229,14.92,10.29,10.333
20241115120401.5,1858.05499926209,15.577,15.732,25.551,14.916,10.3,10.341
20241115120401.9,1858.53900387883,15.643,15.649,26.519,14.926,10.329,10.351
20241115120402.4,1859.03900116682,15.595,15.563,27.465,14.942,10.304,10.333
20241115120403,1859.55099798739,15.552,15.459,25.604,14.914,10.31,10.325
20241115120403.4,1860.03599837422,15.536,15.435,22.764,14.926,10.302,10.339
20241115120403.9,1860.52799932659,15.561,15.482,26.938,14.944,10.319,10.333
20241115120404.4,1861.04699671268,15.482,15.509,27.585,14.947,10.314,10.346
20241115120405,1861.55900359154,15.63,15.543,27.435,14.955,10.314,10.34
20241115120405.5,1862.07500360906,15.64,15.639,24.433,14.94,10.319,10.335
20241115120406,1862.56700456142,15.556,15.68,22.51,14.944,10.321,10.351
20241115120406.5,1863.06299865246,15.532,15.651,21.223,14.93,10.321,10.341
20241115120407,1863.56299594045,15.615,15.633,34.727,14.959,10.31,10.327
20241115120407.5,1864.06699642539,15.653,15.635,31.476,14.942,10.319,10.345
20241115120408,1864.56700377166,15.651,15.664,30.048,14.959,10.325,10.343
20241115120408.5,1865.0629978627,15.714,15.763,29.386,14.973,10.31,10.313
20241115120409,1865.56300520897,15.698,15.809,27.725,14.967,10.282,10.349
20241115120409.5,1866.0589993,15.591,15.872,24.701,14.977,10.324,10.348
20241115120410,1866.56299978495,15.43,15.901,22.444,14.998,10.32,10.366
20241115120410.4,1867.04700440168,15.477,15.933,21.238,15.024,10.33,10.354
20241115120410.9,1867.54700168967,15.448,15.967,20.353,15.056,10.328,10.354
20241115120411.5,1868.06700490415,15.426,15.974,19.626,15.04,10.306,10.343
20241115120412,1868.56299899518,15.429,15.999,19.165,15.027,10.323,10.333
20241115120412.4,1869.04700361192,15.395,16.013,18.744,15.019,10.315,10.341
20241115120412.9,1869.54299770296,15.328,16.013,18.377,15.025,10.31,10.347
20241115120413.4,1870.04300504923,15.258,15.991,18.205,15.025,10.308,10.333
20241115120413.9,1870.53899914026,15.1,15.98,18.038,15.06,10.316,10.368
20241115120414.4,1871.03899642825,15.038,15.923,19.317,15.066,10.301,10.348
20241115120414.9,1871.53599634767,15.006,15.83,19.685,15.066,10.332,10.352
20241115120415.4,1872.03900106251,14.984,15.723,19.875,15.077,10.31,10.348
20241115120415.9,1872.53600098193,15.109,15.67,20.07,15.099,10.316,10.348
20241115120416.4,1873.03200513124,15.246,15.654,20.238,15.087,10.312,10.346
20241115120416.9,1873.53200241923,15.317,15.64,20.398,15.083,10.31,10.353
20241115120417.4,1874.02799651027,15.369,15.657,20.573,15.09,10.321,10.339
20241115120417.9,1874.52800385654,15.336,15.615,20.732,15.07,10.319,10.345
20241115120418.4,1875.02800114453,15.344,15.615,20.853,15.082,10.315,10.333
20241115120418.9,1875.52799843252,15.417,15.611,20.991,15.124,10.308,10.364
20241115120419.4,1876.03199891746,15.539,15.64,21.208,15.135,10.322,10.352
20241115120419.9,1876.5359994024,15.709,15.65,21.283,15.186,10.328,10.336
20241115120420.4,1877.03599669039,15.814,15.66,21.438,15.216,10.31,10.348
20241115120420.9,1877.53200083971,15.885,15.59,21.61,15.188,10.328,10.36
20241115120422.2,1878.7580050528,15.823,15.67,22.406,15.159,10.306,10.355
20241115120422.7,1879.30100150406,15.944,15.714,22.218,15.15,10.317,10.337
20241115120423.5,1880.07100336254,15.961,15.851,22.279,15.154,10.308,10.353
20241115120424.1,1880.70699870586,16.021,15.849,22.094,15.142,10.313,10.341
20241115120424.6,1881.23900145292,15.985,15.872,22.029,15.136,10.319,10.337
20241115120425.1,1881.74599930644,16.017,15.93,21.859,15.157,10.315,10.357
20241115120425.7,1882.24999979138,16.086,16.015,21.748,15.15,10.294,10.351
20241115120426.2,1882.74999707937,16.049,15.987,21.663,15.138,10.308,10.351
20241115120426.6,1883.23900066316,15.914,15.946,21.712,15.134,10.308,10.337
20241115120427.1,1883.73100161552,15.827,15.92,21.767,15.134,10.3,10.335
20241115120427.6,1884.23099890351,15.985,15.953,21.858,15.12,10.302,10.329
20241115120428.1,1884.73499938846,15.914,16.037,21.902,15.118,10.31,10.333
20241115120428.6,1885.23499667645,16.074,16.102,22.092,15.138,10.302,10.347
20241115120429.1,1885.73500402272,16.241,16.243,21.995,15.142,10.296,10.331
20241115120429.6,1886.22300177813,16.342,16.3,21.991,15.153,10.31,10.347
20241115120430.1,1886.72700226307,16.427,16.326,21.797,15.142,10.3,10.343
20241115120430.6,1887.23100274801,16.472,16.346,21.908,15.15,10.306,10.343
20241115120431.1,1887.72699683905,16.502,16.249,21.952,15.146,10.331,10.351
20241115120431.6,1888.22300098836,16.403,16.239,21.934,15.126,10.318,10.327
20241115120432.1,1888.72700147331,16.187,16.144,22.137,15.114,10.308,10.327
20241115120432.6,1889.2269987613,16.122,16.14,22.186,15.134,10.292,10.347
20241115120433.1,1889.7149965167,16.06,16.146,22.365,15.102,10.298,10.337
20241115120433.6,1890.2030043304,15.951,16.142,22.51,15.114,10.306,10.339
20241115120434.1,1890.70300161839,15.936,16.116,22.733,15.122,10.302,10.339
20241115120434.6,1891.20700210333,15.922,16.124,23.068,15.106,10.302,10.329
20241115120435.1,1891.72300212085,15.926,16.064,23.175,15.102,10.314,10.327
20241115120435.6,1892.21500307322,15.87,15.989,23.089,15.1,10.282,10.359
20241115120436.1,1892.71099716425,15.767,15.959,22.8,15.118,10.319,10.327
20241115120436.6,1893.22699718177,15.7,16.021,22.907,15.11,10.317,10.365
20241115120437.1,1893.72700452805,15.756,16.068,22.8,15.102,10.31,10.333
20241115120437.6,1894.22700181603,15.672,16.047,22.447,15.084,10.308,10.331
20241115120438.1,1894.72699910402,15.578,16.02,22.266,15.091,10.342,10.356
20241115120438.6,1895.21100372076,15.398,15.974,22.182,15.105,10.299,10.362
20241115120439.1,1895.7150042057,15.436,15.969,22.132,15.102,10.323,10.353
20241115120439.6,1896.21500149369,15.443,15.95,22.116,15.09,10.286,10.345
20241115120440.1,1896.71100564301,15.381,15.88,22.159,15.078,10.308,10.333
20241115120440.6,1897.211002931,15.437,15.815,22.153,15.088,10.329,10.351
20241115120441.1,1897.71100021899,15.48,15.872,22.298,15.078,10.308,10.351
20241115120441.6,1898.21099750698,15.405,15.904,22.584,15.108,10.308,10.359
20241115120442.1,1898.71499799192,15.451,15.896,22.727,15.122,10.317,10.349
20241115120442.6,1899.20699894428,15.423,15.837,22.774,15.126,10.321,10.345
20241115120443.1,1899.70699623227,15.3,15.805,22.913,15.138,10.314,10.331
20241115120443.6,1900.20700357854,15.072,15.746,22.968,15.126,10.314,10.339
20241115120444.1,1900.70299766958,15.056,15.775,22.956,15.128,10.323,10.347
20241115120444.6,1901.20300501585,15.179,15.831,22.997,15.154,10.319,10.359
20241115120445.1,1901.70300230384,15.332,15.878,23.007,15.132,10.325,10.355
20241115120445.6,1902.20299959183,15.462,15.841,22.817,15.136,10.331,10.343
20241115120446.1,1902.7149964124,15.542,15.88,22.629,15.148,10.317,10.355
20241115120446.6,1903.20300422609,15.439,15.853,22.653,15.13,10.331,10.331
20241115120447.1,1903.70700471103,15.247,15.912,22.572,15.14,10.331,10.359
20241115120447.6,1904.21100519598,15.286,15.956,22.592,15.142,10.329,10.349
20241115120448.1,1904.71100248396,15.405,15.971,22.657,15.144,10.329,10.331
20241115120448.6,1905.21099977195,15.47,15.952,22.698,15.136,10.306,10.341
20241115120449.1,1905.71099705994,15.47,15.908,22.749,15.152,10.325,10.327
20241115120449.6,1906.21499754488,15.498,15.86,22.604,15.177,10.3,10.345
20241115120450.1,1906.72700442374,15.641,15.742,22.657,15.173,10.317,10.357
20241115120450.6,1907.23100490868,15.688,15.668,22.639,15.173,10.32,10.345
20241115120451.1,1907.72699899971,15.678,15.635,22.688,15.189,10.3,10.312
20241115120451.6,1908.2269962877,15.652,15.553,22.87,15.191,10.302,10.341
20241115120452.1,1908.72700363398,15.672,15.611,22.776,15.185,10.316,10.349
20241115120452.6,1909.22299772501,15.805,15.635,22.878,15.171,10.316,10.329
20241115120453.1,1909.72300507128,15.872,15.646,23.038,15.191,10.296,10.331
20241115120453.6,1910.21899916232,15.991,15.569,23.238,15.195,10.298,10.351
20241115120454.1,1910.70699691772,16.039,15.488,23.279,15.191,10.3,10.329
20241115120454.6,1911.20300106704,16.128,15.482,23.224,15.191,10.318,10.329
20241115120455.1,1911.70000098646,16.155,15.488,22.925,15.193,10.306,10.312
20241115120455.6,1912.19999827445,16.116,15.561,22.935,15.181,10.32,10.353
20241115120456.1,1912.69600242376,16.128,15.637,22.858,15.177,10.306,10.353
20241115120456.6,1913.20700347424,16.199,15.69,22.553,15.185,10.306,10.327
20241115120457.1,1913.70700076222,16.227,15.85,22.627,15.181,10.312,10.339
20241115120457.6,1914.20300491154,16.27,15.971,22.694,15.173,10.304,10.339
20241115120458.1,1914.70000483096,16.288,16.052,22.723,15.149,10.292,10.333
20241115120458.6,1915.20000211895,16.296,16.112,22.805,15.161,10.298,10.349
20241115120459.1,1915.69599620998,16.345,16.136,22.778,15.165,10.312,10.337
20241115120459.6,1916.19600355625,16.379,16.215,22.948,15.155,10.316,10.337
20241115120500.1,1916.69600084424,16.431,16.237,22.995,15.165,10.32,10.339
20241115120500.6,1917.19599813223,16.439,16.292,23.432,15.161,10.298,10.333
20241115120501.1,1917.6960054785,16.197,16.344,23.317,15.142,10.325,10.345
20241115120501.6,1918.19600276649,16.132,16.373,23.326,15.161,10.312,10.337
20241115120502.1,1918.69600005448,15.86,16.413,23.297,15.149,10.298,10.347
20241115120502.6,1919.19599734247,15.763,16.441,23.06,15.142,10.318,10.339
20241115120503.1,1919.69600468874,15.716,16.433,22.982,15.177,10.31,10.343
20241115120503.6,1920.19199877977,15.66,16.439,22.843,15.181,10.312,10.335
20241115120504.1,1920.69199606776,15.559,16.447,22.729,15.177,10.331,10.32
20241115120504.6,1921.19200341403,15.478,16.48,22.796,15.171,10.323,10.327
20241115120505.1,1921.69600389898,15.462,16.407,22.633,15.175,10.318,10.337
20241115120505.6,1922.18800485134,15.381,16.28,22.623,15.161,10.312,10.341
20241115120506.1,1922.68800213933,15.353,16.229,22.67,15.165,10.312,10.331
20241115120506.6,1923.18799942732,15.28,16.155,22.715,15.167,10.316,10.339
20241115120507.1,1923.68799671531,15.292,16.09,22.758,15.146,10.312,10.333
20241115120507.6,1924.18400086462,15.185,16.094,22.958,15.197,10.341,10.345
20241115120508.1,1924.68399815261,14.995,15.977,23.048,15.171,10.333,10.353
20241115120508.6,1925.18400549889,15.021,15.86,23.07,15.187,10.323,10.363
20241115120509.1,1925.68400278687,15.157,15.876,22.915,15.179,10.325,10.341
20241115120509.6,1926.18400007486,15.247,15.92,22.741,15.195,10.333,10.347
20241115120510.1,1926.68399736285,15.298,15.922,22.831,15.203,10.331,10.373
20241115120510.6,1927.18400470912,15.118,15.763,22.905,15.185,10.321,10.369
20241115120511.1,1927.68400199711,15.045,15.637,22.739,15.189,10.325,10.355
20241115120511.6,1928.16799655557,15.055,15.583,22.617,15.187,10.333,10.359
20241115120512.1,1928.66100333631,15.262,15.662,22.6,15.211,10.317,10.367
20241115120512.6,1929.1610006243,15.512,15.779,22.706,15.209,10.321,10.355
20241115120513.1,1929.66400533915,15.756,15.904,22.794,15.209,10.329,10.355
20241115120513.6,1930.14900572598,15.904,16.031,22.829,15.207,10.337,10.359
20241115120514,1930.64499981701,16.064,16.122,22.807,15.217,10.337,10.357
20241115120514.6,1931.14900030196,16.217,16.183,22.792,15.211,10.327,10.355
20241115120515,1931.64500445127,16.098,16.278,22.766,15.199,10.323,10.347
20241115120515.6,1932.14900493622,15.829,16.367,22.766,15.185,10.333,10.331
20241115120516.1,1932.66399912536,15.619,16.286,22.752,15.193,10.316,10.359
20241115120516.6,1933.16099904478,15.53,16.191,22.658,15.183,10.337,10.361
20241115120517.1,1933.66099633276,15.555,16.054,22.609,15.221,10.333,10.337
20241115120517.6,1934.18000377715,15.508,15.928,22.457,15.191,10.316,10.327
20241115120518.1,1934.68000106514,15.417,15.843,22.275,15.181,10.339,10.357
20241115120518.6,1935.18400155008,15.545,15.765,22.212,15.203,10.347,10.357
20241115120519.1,1935.7000015676,15.805,15.795,22.288,15.199,10.329,10.353
20241115120519.6,1936.21499575675,16.084,15.916,22.357,15.217,10.333,10.345
20241115120520.1,1936.71500310302,16.199,16.122,22.345,15.197,10.318,10.361
20241115120520.6,1937.21500039101,16.029,16.219,22.365,15.225,10.32,10.357
20241115120521.1,1937.71100454032,15.932,16.175,22.427,15.225,10.339,10.343
20241115120521.6,1938.21100182831,15.916,16.161,22.478,15.233,10.32,10.371
20241115120522.1,1938.7109991163,15.993,16.225,22.927,15.227,10.323,10.357
20241115120522.6,1939.21099640429,15.914,16.225,23.011,15.217,10.331,10.345
20241115120523.1,1939.71100375056,15.866,16.231,22.762,15.213,10.333,10.353
20241115120523.6,1940.2069978416,15.791,16.207,22.173,15.217,10.306,10.347
20241115120524.1,1940.70700518787,15.638,16.171,21.932,15.201,10.31,10.353
20241115120524.6,1941.20700247586,15.658,16.169,21.72,15.219,10.312,10.341
20241115120525.1,1941.70299656689,15.759,16.183,21.563,15.195,10.322,10.359
20241115120525.6,1942.20300391316,15.799,16.201,21.577,15.213,10.314,10.329
20241115120526.1,1942.70300120115,15.9,16.153,21.751,15.225,10.3,10.349
20241115120526.6,1943.20000112057,15.993,16.126,21.809,15.211,10.329,10.326
20241115120527.1,1943.69999840856,16.013,16.147,21.72,15.231,10.31,10.363
20241115120527.6,1944.20000575483,16.1,16.173,21.702,15.223,10.326,10.355
20241115120528.1,1944.70000304282,16.151,16.187,21.749,15.231,10.31,10.353
20241115120528.6,1945.20000033081,16.201,16.209,21.769,15.238,10.314,10.343
20241115120529.1,1945.69999761879,16.219,16.231,21.706,15.242,10.312,10.341
20241115120529.6,1946.20000496507,16.248,16.27,21.848,15.227,10.339,10.345
20241115120530.1,1946.6959990561,16.306,16.306,22.122,15.252,10.329,10.351
20241115120530.6,1947.19599634409,16.365,16.294,22.537,15.262,10.318,10.357
20241115120531.1,1947.69600369036,16.227,16.298,22.927,15.272,10.316,10.355
20241115120531.6,1948.19600097835,16.104,16.258,23.301,15.282,10.326,10.349
20241115120532.1,1948.69599826634,15.92,16.191,23.491,15.268,10.318,10.355
20241115120532.6,1949.19600561261,15.912,16.06,23.585,15.26,10.322,10.351
20241115120533.1,1949.68400336802,15.904,15.9,23.54,15.246,10.347,10.347
20241115120533.6,1950.17999745905,15.876,15.773,23.677,15.248,10.312,10.349
20241115120534.1,1950.67600160837,15.842,15.704,23.71,15.252,10.347,10.353
20241115120534.6,1951.17599889636,15.678,15.688,23.638,15.274,10.329,10.359
20241115120535.1,1951.67599618435,15.763,15.68,23.587,15.256,10.329,10.377
20241115120535.6,1952.17600353062,15.821,15.694,23.722,15.26,10.304,10.341
20241115120536.1,1952.67600081861,15.785,15.676,23.475,15.26,10.343,10.359
20241115120536.6,1953.1759981066,15.888,15.815,23.395,15.25,10.331,10.349
20241115120537.1,1953.67600545287,15.983,15.936,23.391,15.268,10.331,10.357
20241115120537.6,1954.17999587953,16.143,16.035,23.346,15.274,10.339,10.349
20241115120538.1,1954.68799956143,16.264,16.151,23.346,15.272,10.314,10.365
20241115120538.6,1955.18000051379,16.31,16.217,23.477,15.284,10.329,10.355
20241115120539.1,1955.66400513053,16.353,16.272,23.475,15.292,10.333,10.359
20241115120539.6,1956.16800561547,16.367,16.341,23.401,15.266,10.333,10.373
20241115120540.1,1956.66399970651,16.367,16.381,23.369,15.27,10.333,10.357
20241115120540.6,1957.16800019145,16.375,16.379,23.426,15.264,10.337,10.345
20241115120541.1,1957.68400020897,16.318,16.365,23.491,15.28,10.324,10.341
20241115120541.6,1958.17600116134,16.324,16.359,23.477,15.282,10.335,10.349
20241115120542.1,1958.67599844933,16.171,16.399,23.432,15.256,10.333,10.349
20241115120542.6,1959.1760057956,15.833,16.411,23.14,15.284,10.324,10.355
20241115120543.1,1959.67199988663,15.633,16.397,22.854,15.274,10.345,10.365
20241115120543.6,1960.17600037158,15.524,16.326,22.846,15.29,10.333,10.357
20241115120544.1,1960.67200452089,15.351,16.161,22.799,15.282,10.337,10.355
20241115120544.6,1961.17999814451,15.288,16.052,22.674,15.282,10.333,10.363
20241115120545.1,1961.67600229383,15.304,15.963,22.48,15.294,10.331,10.351
20241115120545.6,1962.18000277877,15.242,15.987,22.592,15.292,10.339,10.375
20241115120546.1,1962.68000006676,15.357,16.031,22.462,15.284,10.333,10.365
20241115120546.6,1963.17600421607,15.464,16.052,22.382,15.298,10.316,10.371
20241115120547.1,1963.67600150406,15.482,16.056,22.249,15.304,10.326,10.365
20241115120547.6,1964.17599879205,15.498,16.126,22.102,15.292,10.341,10.369
20241115120548.1,1964.679999277,15.571,16.114,22.031,15.314,10.349,10.355
20241115120548.6,1965.17600342631,15.644,16.134,21.93,15.296,10.335,10.357
20241115120549.1,1965.67199751735,15.704,16.181,21.904,15.308,10.335,10.365
20241115120549.6,1966.17599800229,15.797,16.246,21.882,15.32,10.32,10.371
20241115120550.1,1966.67600534856,15.904,16.266,21.973,15.318,10.326,10.357
20241115120550.6,1967.16400310397,16.003,16.266,22.106,15.324,10.345,10.349
20241115120551.1,1967.66400039196,16.042,16.262,22.49,15.332,10.343,10.363
20241115120551.6,1968.16399767995,16.139,16.3,22.337,15.322,10.329,10.351
20241115120552.1,1968.66400502622,16.191,16.302,22.31,15.314,10.331,10.373
20241115120552.6,1969.16100494564,16.007,16.357,22.429,15.337,10.326,10.369
20241115120553.1,1969.6639996022,15.714,16.359,22.666,15.343,10.335,10.349
20241115120553.6,1970.16399689019,15.708,16.389,22.885,15.33,10.335,10.349
20241115120554.1,1970.6609968096,15.793,16.391,23.124,15.328,10.337,10.353
20241115120554.6,1971.16400152445,15.848,16.429,23.314,15.32,10.322,10.357
20241115120555.1,1971.66800200939,15.805,16.419,23.142,15.328,10.339,10.353
20241115120555.6,1972.17999882996,15.84,16.335,22.929,15.339,10.335,10.359
20241115120556.1,1972.67999611795,15.91,16.29,22.786,15.332,10.331,10.351
20241115120556.6,1973.18000346422,15.975,16.28,22.596,15.32,10.32,10.349
20241115120557.1,1973.67599755526,15.979,16.264,22.482,15.332,10.333,10.353
20241115120557.6,1974.1799980402,16.074,16.272,22.331,15.33,10.331,10.355
20241115120558.1,1974.6880017221,16.11,16.272,22.255,15.341,10.335,10.337
20241115120558.6,1975.19200220704,16.161,16.349,22.269,15.349,10.339,10.359
20241115120559.1,1975.69199949503,16.08,16.425,22.126,15.339,10.341,10.363
20241115120559.6,1976.2030005455,16.149,16.363,21.977,15.337,10.335,10.371
20241115120600.1,1976.70299783349,16.171,16.334,21.89,15.339,10.351,10.355
20241115120600.6,1977.20300517976,16.147,16.304,21.957,15.333,10.31,10.365
20241115120601.1,1977.71900519729,16.116,16.238,21.87,15.355,10.326,10.355
20241115120601.6,1978.21900248528,16.106,16.231,21.898,15.343,10.347,10.377
20241115120602.1,1978.73099930584,16.134,16.197,21.803,15.349,10.318,10.357
20241115120602.7,1979.24999669194,16.11,16.108,21.852,15.339,10.347,10.351
20241115120603.2,1979.75000403821,16.017,15.989,21.744,15.365,10.339,10.351
20241115120603.7,1980.2500013262,15.951,15.995,21.809,15.351,10.326,10.365
20241115120604.2,1980.77000454068,15.765,15.902,21.918,15.355,10.326,10.385
20241115120604.7,1981.27000182867,15.682,15.825,21.896,15.353,10.341,10.355
20241115120605.2,1981.7659959197,15.627,15.864,21.934,15.367,10.347,10.361
20241115120605.7,1982.26999640465,15.749,15.807,21.989,15.367,10.318,10.359
20241115120606.2,1982.77000375092,15.599,15.835,22.175,15.363,10.331,10.351
20241115120606.7,1983.26200470328,15.535,15.886,22.235,15.361,10.335,10.363
20241115120607.2,1983.75400565565,15.559,15.864,22.347,15.347,10.331,10.365
20241115120607.7,1984.25400294363,15.656,15.949,22.435,15.367,10.329,10.367
20241115120608.2,1984.74999703467,15.676,16.019,22.278,15.369,10.333,10.351
20241115120608.6,1985.23900061846,15.702,16.025,22.147,15.383,10.318,10.369
20241115120609.1,1985.73500476778,15.755,16.031,21.995,15.377,10.335,10.357
20241115120609.6,1986.23900525272,15.801,15.949,21.815,15.407,10.341,10.351
20241115120610.1,1986.73499934375,15.741,15.965,21.747,15.395,10.326,10.347
20241115120610.7,1987.25000359118,15.49,15.965,21.763,15.401,10.331,10.367
20241115120611.2,1987.78199627995,15.431,15.965,21.957,15.383,10.326,10.359
20241115120611.7,1988.28200362623,15.502,15.955,22.096,15.407,10.316,10.367
20241115120612.2,1988.78200091422,15.66,16.019,22.188,15.395,10.329,10.347
20241115120612.7,1989.2819982022,15.783,16.1,22.376,15.399,10.329,10.361
20241115120613.2,1989.78200554848,15.884,16.169,22.588,15.397,10.337,10.353
20241115120613.7,1990.28200283647,15.856,16.211,22.831,15.401,10.324,10.347
20241115120614.2,1990.78200012445,15.874,16.233,22.981,15.391,10.32,10.345
20241115120614.7,1991.29700437188,15.971,16.229,22.903,15.413,10.335,10.361
20241115120615.2,1991.79700165987,16.08,16.3,22.838,15.407,10.337,10.353
20241115120615.7,1992.29699894786,16.292,16.328,22.611,15.423,10.331,10.353
20241115120616.2,1992.78600253165,16.367,16.393,22.402,15.423,10.322,10.349
20241115120616.7,1993.28599981964,16.561,16.563,22.304,15.421,10.32,10.355
20241115120617.2,1993.78599710763,16.559,16.583,22.196,15.448,10.326,10.357
20241115120617.7,1994.28200125694,16.47,16.623,22.033,15.438,10.326,10.359
20241115120618.2,1994.76999901235,16.553,16.581,22.062,15.468,10.322,10.357
20241115120618.7,1995.26999630034,16.563,16.53,22.076,15.49,10.349,10.363
20241115120619.2,1995.77000364661,16.335,16.512,22.171,15.492,10.318,10.351
20241115120619.7,1996.2700009346,16.155,16.494,22.182,15.502,10.341,10.357
20241115120620.2,1996.76999822259,16.11,16.44,22.092,15.498,10.324,10.353
20241115120620.7,1997.27000556886,16.068,16.401,21.789,15.494,10.322,10.343
20241115120621.2,1997.77000285685,15.844,16.387,21.682,15.488,10.345,10.331
20241115120621.7,1998.27000014484,15.741,16.339,21.726,15.498,10.312,10.351
20241115120622.2,1998.76999743283,15.674,16.266,21.983,15.502,10.322,10.341
20241115120622.7,1999.27399791777,15.565,16.181,22.357,15.5,10.333,10.337
20241115120623.2,1999.77000206709,15.635,16.031,23.044,15.508,10.339,10.373
20241115120623.7,2000.26999935508,15.735,15.979,23.203,15.506,10.308,10.351
20241115120624.2,2000.76999664307,15.799,15.975,23.34,15.514,10.333,10.337
20241115120624.7,2001.27000398934,15.795,16.035,23.457,15.504,10.326,10.337
20241115120625.2,2001.77000127733,15.86,16.066,23.436,15.522,10.312,10.359
20241115120625.7,2002.26600542665,15.898,16.064,23.027,15.502,10.329,10.345
20241115120626.2,2002.76600271463,15.9,15.914,22.672,15.494,10.318,10.347
20241115120626.7,2003.27000319958,15.936,15.846,22.509,15.496,10.343,10.331
20241115120627.2,2003.77000048757,15.949,15.937,22.368,15.5,10.333,10.353
20241115120627.7,2004.26999777555,15.874,16.005,22.096,15.492,10.341,10.347
20241115120628.2,2004.77000512183,15.789,16.07,21.969,15.492,10.331,10.345
20241115120628.7,2005.25800287724,15.864,16.108,21.942,15.504,10.339,10.345
20241115120629.2,2005.75399696827,15.91,16.165,21.809,15.504,10.329,10.357
20241115120629.7,2006.25000111759,15.973,16.126,21.902,15.498,10.329,10.353
20241115120630.2,2006.75400160253,16.037,16.177,21.945,15.51,10.324,10.341
20241115120630.7,2007.25800208747,16.001,16.235,21.928,15.51,10.333,10.341
20241115120631.2,2007.76200257242,16.062,16.233,21.872,15.514,10.31,10.339
20241115120631.7,2008.27399939299,16.114,16.278,21.983,15.502,10.316,10.351
20241115120632.2,2008.7700035423,16.213,16.345,22.062,15.518,10.337,10.351
20241115120632.7,2009.26599763334,16.276,16.355,22.153,15.518,10.335,10.357
20241115120633.2,2009.76999811828,16.308,16.373,22.294,15.51,10.331,10.353
20241115120633.7,2010.27000546455,16.341,16.375,22.263,15.539,10.337,10.337
20241115120634.2,2010.77399589121,16.361,16.397,22.214,15.528,10.31,10.353
20241115120634.7,2011.27400323749,16.405,16.419,22.419,15.539,10.329,10.349
20241115120635.2,2011.76999732852,16.442,16.373,22.492,15.545,10.316,10.349
20241115120635.7,2012.27000467479,16.444,16.324,22.629,15.557,10.322,10.333
20241115120636.2,2012.76599876583,16.365,16.276,22.625,15.559,10.324,10.345
20241115120636.7,2013.26599605381,16.32,16.225,22.398,15.549,10.333,10.357
20241115120637.2,2013.76200020313,16.294,16.209,22.361,15.579,10.333,10.371
20241115120637.7,2014.26199749112,16.167,16.242,22.18,15.581,10.335,10.345
20241115120638.2,2014.77000117302,16.009,16.244,22.013,15.581,10.329,10.351
20241115120638.7,2015.27400165796,15.973,16.25,21.926,15.569,10.335,10.351
20241115120639.2,2015.77000580728,15.896,16.219,21.945,15.567,10.322,10.359
20241115120639.7,2016.26599989831,15.753,16.175,22.104,15.581,10.314,10.339
20241115120640.2,2016.78199991584,15.696,16.088,22.376,15.567,10.316,10.357
20241115120640.7,2017.28199720383,15.571,15.953,22.707,15.601,10.329,10.339
20241115120641.2,2017.7820045501,15.5,15.884,22.897,15.565,10.304,10.341
20241115120641.7,2018.29300560057,15.593,15.945,22.821,15.595,10.32,10.333
20241115120642.2,2018.79300288856,15.785,15.936,22.598,15.575,10.331,10.345
20241115120642.7,2019.28899697959,15.945,15.918,22.615,15.585,10.32,10.331
20241115120643.2,2019.80499699712,15.941,15.943,22.776,15.591,10.304,10.355
20241115120643.7,2020.30100114644,15.906,15.999,22.768,15.587,10.329,10.331
20241115120644.2,2020.81700116396,15.785,16.042,22.507,15.585,10.308,10.351
20241115120644.7,2021.31699845195,15.749,16.044,22.249,15.597,10.316,10.347
20241115120645.2,2021.82799950242,15.597,16.037,22.515,15.591,10.326,10.355
20241115120645.7,2022.32499942183,15.496,16.062,22.709,15.601,10.312,10.347
20241115120646.2,2022.82499670982,15.607,16.108,22.778,15.591,10.32,10.347
20241115120646.7,2023.32100085914,15.718,16.11,22.668,15.587,10.316,10.355
20241115120647.2,2023.82099814713,15.662,16.078,22.893,15.597,10.308,10.347
20241115120647.7,2024.3210054934,15.504,16.102,23.097,15.573,10.312,10.343
20241115120648.2,2024.81699958444,15.561,16.033,23.455,15.603,10.32,10.345
20241115120648.7,2025.33200383186,15.557,15.85,23.397,15.599,10.324,10.359
20241115120649.2,2025.83200111985,15.433,15.777,23.314,15.601,10.312,10.353
20241115120649.7,2026.32800526917,15.446,15.684,23.595,15.605,10.3,10.343
20241115120650.2,2026.83200575411,15.429,15.607,23.643,15.613,10.32,10.355
20241115120650.7,2027.32799984515,15.482,15.52,23.549,15.617,10.306,10.361
20241115120651.2,2027.83200033009,15.539,15.496,23.377,15.629,10.324,10.357
20241115120651.7,2028.32800447941,15.605,15.575,23.342,15.623,10.316,10.312
20241115120652.2,2028.8280017674,15.613,15.726,23.195,15.635,10.318,10.347
20241115120652.7,2029.32500168681,15.737,15.789,23.058,15.648,10.314,10.357
20241115120653.2,2029.82100583613,15.749,15.886,22.923,15.627,10.32,10.335
20241115120653.7,2030.32100312412,15.728,15.945,22.844,15.64,10.316,10.343
20241115120654.2,2030.81699721515,15.629,15.975,22.701,15.64,10.318,10.337
20241115120654.7,2031.31300136447,15.7,15.955,22.56,15.658,10.312,10.339
20241115120655.2,2031.81299865246,15.878,15.989,22.48,15.654,10.329,10.351
20241115120655.7,2032.32500553131,16.037,16.084,22.453,15.67,10.318,10.343
20241115120656.2,2032.82800018787,16.124,16.157,22.666,15.688,10.324,10.341
20241115120656.7,2033.32500010729,16.242,16.223,22.662,15.664,10.3,10.359
20241115120657.2,2033.84000435472,16.332,16.24,22.658,15.678,10.32,10.351
20241115120657.7,2034.3400016427,16.126,16.266,22.541,15.666,10.322,10.335
20241115120658.2,2034.83600579202,15.914,16.306,22.443,15.682,10.308,10.337
20241115120658.7,2035.33600308001,15.934,16.361,22.284,15.69,10.324,10.353
20241115120659.2,2035.836000368,15.866,16.409,22.176,15.692,10.304,10.343
20241115120659.7,2036.33599765599,15.797,16.417,22.173,15.702,10.324,10.351
20241115120700.2,2036.83200180531,15.702,16.389,22.208,15.718,10.314,10.333
20241115120700.7,2037.33199909329,15.547,16.405,22.274,15.706,10.31,10.357
20241115120701.2,2037.83199638128,15.3,16.401,22.302,15.73,10.312,10.353
20241115120701.7,2038.33200372756,15.318,16.28,22.341,15.706,10.312,10.353
20241115120702.2,2038.83200101554,15.506,16.286,22.365,15.716,10.308,10.351
20241115120702.7,2039.33199830353,15.714,16.326,22.349,15.714,10.326,10.337
20241115120703.2,2039.83199559152,15.813,16.383,22.361,15.728,10.304,10.343
20241115120703.7,2040.33200293779,15.817,16.337,22.325,15.732,10.324,10.345
20241115120704.2,2040.82799702883,15.85,16.335,22.296,15.734,10.306,10.335
20241115120704.7,2041.3280043751,15.765,16.213,22.269,15.745,10.331,10.363
20241115120705.2,2041.82800166309,15.898,16.185,22.257,15.726,10.331,10.349
20241115120705.7,2042.32799895108,15.876,16.132,22.271,15.741,10.312,10.353
20241115120706.2,2042.82499887049,15.829,16.114,22.212,15.741,10.312,10.361
20241115120706.7,2043.32800358534,15.773,16.058,22.184,15.734,10.314,10.355
20241115120707.2,2043.82500350475,15.607,16.076,22.068,15.761,10.326,10.353
20241115120707.7,2044.32500079274,15.407,16.033,22.058,15.765,10.324,10.357
20241115120708.2,2044.82499808073,15.508,16.074,22.037,15.765,10.329,10.343
20241115120708.7,2045.32100223005,15.563,16.104,22.068,15.817,10.316,10.335
20241115120709.2,2045.82800008357,15.506,16.124,22.171,15.807,10.314,10.361
20241115120709.7,2046.32099680603,15.555,16.076,22.259,15.799,10.314,10.333
20241115120710.2,2046.8319978565,15.444,16.05,22.245,15.811,10.326,10.345
20241115120710.7,2047.33599834144,15.498,16.052,22.3,15.821,10.314,10.355
20241115120711.3,2047.8680010885,15.49,16.035,22.337,15.809,10.304,10.353
20241115120711.8,2048.36799837649,15.419,15.987,22.237,15.795,10.331,10.349
20241115120712.3,2048.86799566448,15.403,15.943,22.116,15.813,10.314,10.361
20241115120712.8,2049.36800301075,15.454,15.914,21.983,15.821,10.314,10.349
20241115120713.3,2049.86800029874,15.488,15.848,21.874,15.886,10.314,10.335
20241115120713.8,2050.36799758673,15.543,15.793,21.789,15.892,10.316,10.355
20241115120714.3,2050.868004933,15.47,15.694,21.595,15.926,10.326,10.363
20241115120714.8,2051.36800222099,15.363,15.638,21.601,15.904,10.312,10.345
20241115120715.3,2051.87099687755,15.175,15.638,21.607,15.949,10.32,10.345
20241115120715.8,2052.37100422382,15.165,15.589,21.749,15.951,10.31,10.351
20241115120716.3,2052.89099738002,15.328,15.581,21.825,15.947,10.316,10.331
20241115120716.8,2053.40699739754,15.272,15.662,21.833,15.926,10.304,10.347
20241115120717.3,2053.90700474381,15.12,15.706,22.007,15.936,10.331,10.351
20241115120717.8,2054.40299883485,15.07,15.694,22.137,15.937,10.314,10.349
20241115120718.3,2054.90299612284,15.092,15.66,22.052,15.945,10.331,10.353
20241115120718.8,2055.42200356722,15.094,15.68,21.975,15.957,10.331,10.347
20241115120719.3,2055.92200085521,15.187,15.702,22.029,15.971,10.31,10.355
20241115120719.8,2056.4219981432,15.185,15.648,21.975,15.993,10.298,10.343
20241115120720.3,2056.93799816072,15.268,15.601,22.102,16.017,10.312,10.343
20241115120720.8,2057.44199864566,15.45,15.631,22.466,16.027,10.331,10.357
20241115120721.3,2057.94599913061,15.656,15.737,22.911,16.015,10.312,10.355
20241115120721.9,2058.44999961555,15.844,15.838,23.201,16.033,10.306,10.361
20241115120722.4,2058.94999690354,15.836,15.874,23.238,16.017,10.3,10.351
20241115120722.9,2059.45300161839,15.664,15.844,23.007,16.001,10.31,10.345
20241115120723.4,2059.95299890637,15.581,15.856,22.688,16.005,10.322,10.345
20241115120723.9,2060.45299619436,15.557,15.852,22.423,16.003,10.304,10.335
20241115120724.4,2060.96500307322,15.636,15.928,22.321,15.997,10.312,10.351
20241115120724.9,2061.4650003612,15.563,16.007,22.271,15.981,10.318,10.337
20241115120725.4,2061.96499764919,15.593,15.997,22.11,15.975,10.31,10.335
20241115120725.9,2062.46500499547,15.625,16.019,22.088,15.961,10.302,10.351
20241115120726.4,2062.96500228345,15.595,16.025,22.194,16.001,10.31,10.357
20241115120726.9,2063.46499957144,15.534,16.007,22.345,15.979,10.3,10.339
20241115120727.4,2063.96900005639,15.429,15.963,22.562,15.965,10.318,10.329
20241115120727.9,2064.46899734437,15.28,15.922,22.605,15.959,10.337,10.357
20241115120728.4,2064.98900055885,15.339,15.866,22.602,15.963,10.316,10.343
20241115120728.9,2065.48899784684,15.349,15.817,22.529,15.975,10.304,10.343
20241115120729.4,2065.98900519311,15.516,15.807,22.664,15.961,10.308,10.335
20241115120729.9,2066.48499928415,15.585,15.836,22.649,15.971,10.31,10.353
20241115120730.4,2066.98499657214,15.678,15.892,22.564,15.965,10.322,10.341
20241115120730.9,2067.48899705708,15.866,15.987,22.543,15.953,10.31,10.349
20241115120731.4,2067.98900440335,15.934,16.009,22.502,15.963,10.322,10.355
20241115120731.9,2068.48900169134,15.967,16.019,22.529,15.967,10.308,10.331
20241115120732.4,2068.99300217628,15.902,16.013,22.406,15.953,10.314,10.335
20241115120732.9,2069.48899626732,15.706,16.048,22.337,15.979,10.318,10.347
20241115120733.4,2069.98500041664,15.686,16.072,22.472,15.953,10.29,10.341
20241115120733.9,2070.48100456595,15.765,16.076,22.576,15.971,10.316,10.337
20241115120734.4,2070.98100185394,15.809,16.118,22.531,15.967,10.3,10.355
20241115120734.9,2071.48099914193,15.882,16.136,22.817,15.973,10.318,10.335
20241115120735.4,2071.98499962687,15.969,16.203,22.758,15.987,10.302,10.335
20241115120735.9,2072.50399701297,15.991,16.183,22.643,15.967,10.306,10.349
20241115120736.4,2073.00400435925,15.993,16.151,22.652,15.979,10.314,10.357
20241115120736.9,2073.50400164723,16.054,16.151,22.719,15.973,10.308,10.351
20241115120737.4,2074.00399893522,16.1,16.171,22.658,15.979,10.314,10.341
20241115120737.9,2074.50799942017,16.037,16.189,22.531,15.975,10.306,10.349
20241115120738.4,2075.01199990511,15.981,16.09,22.506,15.971,10.308,10.345
20241115120738.9,2075.50800405443,15.706,15.898,22.533,15.981,10.304,10.335
20241115120739.4,2076.00399814546,15.567,15.753,22.631,16.021,10.294,10.343
20241115120739.9,2076.51200182736,15.464,15.644,22.758,16.025,10.3,10.341
20241115120740.4,2077.01199911535,15.393,15.563,22.801,16.023,10.308,10.335
20241115120740.9,2077.51199640334,15.316,15.635,22.735,16.017,10.304,10.32
20241115120741.4,2078.01200374961,15.207,15.692,22.576,16.033,10.302,10.341
20241115120741.9,2078.5120010376,15.175,15.625,22.607,16.027,10.324,10.353
20241115120742.4,2079.01600152254,15.201,15.522,22.654,16.033,10.312,10.329
20241115120742.9,2079.51599881053,15.264,15.456,22.592,16.056,10.298,10.333
20241115120743.4,2080.01599609852,15.434,15.448,22.535,16.04,10.31,10.331
20241115120743.9,2080.51200024784,15.557,15.46,22.488,16.058,10.314,10.329
20241115120744.4,2081.01199753582,15.648,15.522,22.574,16.068,10.32,10.335
20241115120744.9,2081.5120048821,15.575,15.476,22.6,16.088,10.306,10.326
20241115120745.4,2082.01600536704,15.629,15.446,22.598,16.088,10.324,10.339
20241115120745.9,2082.5199957937,15.631,15.328,22.506,16.092,10.276,10.337
20241115120746.4,2083.02000313997,15.684,15.236,22.484,16.094,10.314,10.347
20241115120746.9,2083.51599723101,15.613,15.292,22.582,16.104,10.324,10.324
20241115120747.4,2084.01999771595,15.589,15.389,22.554,16.134,10.312,10.339
20241115120747.9,2084.51199866831,15.555,15.498,22.529,16.147,10.324,10.343
20241115120748.4,2085.0119959563,15.543,15.599,22.523,16.143,10.308,10.333
20241115120748.9,2085.51599644125,15.597,15.688,22.809,16.13,10.308,10.333
20241115120749.4,2086.01600378752,15.603,15.627,22.885,16.132,10.312,10.345
20241115120749.9,2086.52000427246,15.563,15.623,22.983,16.157,10.314,10.359
20241115120750.4,2087.01200522482,15.595,15.749,23.193,16.134,10.316,10.343
20241115120750.9,2087.51200251281,15.678,15.85,23.101,16.132,10.278,10.333
20241115120751.4,2088.0119998008,15.761,15.969,23.215,16.149,10.306,10.337
20241115120751.9,2088.50800395012,15.88,16.056,23.32,16.145,10.296,10.337
20241115120752.4,2089.00800123811,15.957,16.134,23.269,16.139,10.308,10.324
20241115120752.9,2089.50400538743,16.027,16.201,23.162,16.134,10.306,10.335
20241115120753.4,2090.00400267541,16.096,16.238,23.074,16.136,10.294,10.335
20241115120753.9,2090.5039999634,16.161,16.167,22.942,16.155,10.312,10.347
20241115120754.4,2091.00399725139,16.173,15.92,22.78,16.141,10.304,10.355
20241115120754.9,2091.52400046587,16.06,15.71,22.439,16.167,10.292,10.331
20241115120755.4,2092.02000461519,15.888,15.597,22.353,16.167,10.312,10.329
20241115120755.9,2092.51599870622,15.965,15.611,22.276,16.163,10.298,10.333
20241115120756.4,2093.01599599421,15.945,15.644,22.192,16.179,10.292,10.337
20241115120756.9,2093.51600334048,15.922,15.551,22.225,16.207,10.322,10.339
20241115120757.4,2094.02000382543,15.688,15.581,22.271,16.223,10.312,10.335
20241115120757.9,2094.51599791646,15.664,15.652,22.366,16.205,10.308,10.339
20241115120758.4,2095.01200206578,15.682,15.674,22.347,16.225,10.296,10.31
20241115120758.9,2095.5280020833,15.605,15.749,22.392,16.211,10.292,10.335
20241115120759.4,2096.02799937129,15.478,15.813,22.231,16.223,10.31,10.326
20241115120759.9,2096.54300361872,15.363,15.787,21.938,16.252,10.312,10.339
20241115120800.4,2097.03899770975,15.296,15.777,21.755,16.256,10.31,10.343
20241115120800.9,2097.53900505602,15.44,15.775,21.73,16.274,10.28,10.337
20241115120801.4,2098.04300554097,15.617,15.773,21.789,16.29,10.286,10.329
20241115120802,2098.55900555849,15.793,15.759,21.991,16.31,10.31,10.316
20241115120802.5,2099.07100237906,15.769,15.781,22.147,16.316,10.296,10.333
20241115120803,2099.57099966705,15.718,15.858,22.507,16.314,10.312,10.333
20241115120803.5,2100.07099695504,15.799,15.957,22.854,16.314,10.3,10.331
20241115120804,2100.57100430131,15.892,16.011,22.844,16.324,10.312,10.343
20241115120804.5,2101.06699839234,15.991,16.084,22.927,16.332,10.31,10.324
20241115120805,2101.57099887729,15.892,16.155,22.985,16.328,10.298,10.32
20241115120805.5,2102.07099616528,15.821,16.114,23.054,16.351,10.302,10.335
20241115120806,2102.57100351155,15.793,16.009,23.499,16.349,10.284,10.335
20241115120806.5,2103.06699760258,15.862,15.977,23.542,16.334,10.286,10.324
20241115120807,2103.57099808753,15.745,15.947,23.508,16.365,10.298,10.329
20241115120807.5,2104.06700223684,15.799,16.007,23.616,16.343,10.298,10.341
20241115120808,2104.57100272179,15.955,16.054,23.616,16.365,10.3,10.322
20241115120808.5,2105.07100000978,16.009,16.092,23.491,16.339,10.288,10.333
20241115120809,2105.58200106025,16.114,16.128,23.632,16.343,10.304,10.324
20241115120809.5,2106.08600154519,16.044,16.132,23.626,16.349,10.304,10.326
20241115120810,2106.58200569451,15.977,16.126,23.73,16.33,10.302,10.329
20241115120810.5,2107.0820029825,16.056,16.165,23.694,16.341,10.296,10.343
20241115120811,2107.59399980307,16.171,16.074,23.712,16.353,10.298,10.335
20241115120811.5,2108.10999982059,16.227,16.086,23.64,16.363,10.294,10.343
20241115120812,2108.64099673927,16.254,16.12,23.199,16.361,10.302,10.32
20241115120812.5,2109.13700088859,16.256,16.163,23.054,16.357,10.294,10.329
20241115120813,2109.63699817657,16.134,16.195,22.84,16.351,10.302,10.322
20241115120813.5,2110.14099866152,16.021,16.163,22.748,16.339,10.296,10.347
20241115120814,2110.63700281084,16.094,16.132,22.437,16.355,10.312,10.314
20241115120814.5,2111.13700009882,16.11,16.169,22.198,16.33,10.282,10.329
20241115120815,2111.63699738681,16.021,16.189,22.153,16.347,10.294,10.329
20241115120815.5,2112.13700473309,15.965,16.165,22.171,16.351,10.286,10.333
20241115120816,2112.63299882412,15.91,16.207,22.023,16.347,10.3,10.312
20241115120816.5,2113.13299611211,15.939,16.262,21.73,16.355,10.288,10.316
20241115120817,2113.63300345838,15.848,16.337,21.601,16.345,10.304,10.331
20241115120817.5,2114.12100121379,15.88,16.347,21.5,16.355,10.296,10.318
20241115120818,2114.62500169873,15.886,16.341,21.441,16.367,10.314,10.314
20241115120818.5,2115.12499898672,15.947,16.236,21.254,16.365,10.302,10.341
20241115120819,2115.62100313604,15.971,16.134,21.165,16.389,10.31,10.322
20241115120819.5,2116.12100042403,15.876,16.106,21.157,16.385,10.296,10.308
20241115120820,2116.61800034344,15.763,16.139,21.274,16.385,10.288,10.341
20241115120820.5,2117.11799763143,15.801,16.11,21.134,16.383,10.306,10.343
20241115120821,2117.61400178075,15.809,16.076,21.391,16.381,10.308,10.339
20241115120821.5,2118.11399906874,15.825,16.094,21.803,16.397,10.304,10.341
20241115120822,2118.61799955368,15.868,16.086,21.771,16.407,10.282,10.357
20241115120822.5,2119.11799684167,15.981,16.112,21.934,16.411,10.304,10.339
20241115120823,2119.61800418794,16.092,16.145,21.959,16.413,10.3,10.32
20241115120823.5,2120.11800147593,16.003,16.193,22.029,16.433,10.304,10.329
20241115120824,2120.62099613249,15.987,16.236,22.098,16.403,10.292,10.329
20241115120824.5,2121.11400291324,15.939,16.246,22.269,16.413,10.294,10.337
20241115120825,2121.61800339818,15.912,16.193,22.178,16.423,10.3,10.318
20241115120825.5,2122.11399748921,15.934,16.169,21.989,16.429,10.304,10.351
20241115120826,2122.61400483549,15.981,16.209,21.848,16.433,10.29,10.329
20241115120826.5,2123.11800532043,16.074,16.229,21.698,16.423,10.306,10.316
20241115120827,2123.61800260842,16.151,16.244,21.773,16.431,10.318,10.331
20241115120827.5,2124.11799989641,16.252,16.231,21.819,16.464,10.316,10.333
20241115120828,2124.62100461125,16.302,16.205,21.801,16.476,10.302,10.335
20241115120828.5,2125.1250050962,16.454,16.221,21.619,16.442,10.3,10.318
20241115120829,2125.64100511372,16.359,16.274,21.312,16.47,10.286,10.343
20241115120829.6,2126.14899873734,16.183,16.29,21.514,16.472,10.306,10.329
20241115120830,2126.6409996897,16.167,16.32,21.482,16.474,10.3,10.314
20241115120830.5,2127.14500017464,16.242,16.328,21.383,16.47,10.298,10.331
20241115120831,2127.64100432396,16.201,16.278,21.338,16.476,10.316,10.335
20241115120831.6,2128.15700434148,16.219,16.284,21.296,16.492,10.296,10.32
20241115120832.1,2128.65700162947,16.221,16.254,21.227,16.488,10.312,10.343
20241115120832.6,2129.14900258183,16.235,16.246,21.252,16.472,10.294,10.335
20241115120833.1,2129.65300306678,16.262,16.248,21.332,16.484,10.31,10.32
20241115120833.6,2130.16799725592,16.294,16.254,21.369,16.504,10.29,10.312
20241115120834.1,2130.66800460219,16.306,16.314,21.407,16.524,10.296,10.318
20241115120834.6,2131.16800189018,16.341,16.339,21.435,16.51,10.308,10.341
20241115120835.1,2131.66799917817,16.341,16.334,21.609,16.512,10.29,10.314
20241115120835.6,2132.16799646616,16.387,16.349,21.682,16.518,10.292,10.341
20241115120836.1,2132.66800381243,16.482,16.316,21.797,16.537,10.3,10.331
20241115120836.6,2133.17200429738,16.617,16.347,21.734,16.514,10.3,10.331
20241115120837.1,2133.66799838841,16.652,16.351,21.676,16.522,10.324,10.333
20241115120837.6,2134.17199887335,16.532,16.413,21.589,16.541,10.286,10.322
20241115120838.1,2134.66800302267,16.484,16.429,21.538,16.541,10.296,10.331
20241115120838.6,2135.16800031066,16.266,16.433,21.478,16.53,10.306,10.333
20241115120839.1,2135.66799759865,16.217,16.385,21.435,16.551,10.296,10.316
20241115120839.6,2136.17199808359,16.221,16.328,21.318,16.575,10.308,10.322
20241115120840.1,2136.67200542986,16.221,16.296,21.217,16.611,10.304,10.314
20241115120840.6,2137.17200271785,16.31,16.278,21.26,16.593,10.288,10.308
20241115120841.1,2137.66799680889,16.357,16.298,21.389,16.601,10.296,10.32
20241115120841.6,2138.17199729383,16.375,16.292,21.429,16.625,10.296,10.31
20241115120842.1,2138.68400417268,16.191,16.31,21.557,16.626,10.284,10.324
20241115120842.6,2139.18400146067,16.258,16.304,21.64,16.644,10.286,10.328
20241115120843.1,2139.68000560999,16.276,16.32,21.985,16.646,10.286,10.337
20241115120843.6,2140.17599970102,16.403,16.294,22.001,16.646,10.296,10.326
20241115120844.1,2140.67599698901,16.454,16.266,22.167,16.66,10.308,10.314
20241115120844.6,2141.17600433528,16.452,16.262,22.188,16.676,10.284,10.318
20241115120845.1,2141.67600162327,16.302,16.223,22.302,16.674,10.302,10.322
20241115120845.6,2142.18799844384,15.949,16.201,22.312,16.694,10.296,10.332
20241115120846.1,2142.70300269127,15.815,16.179,22.327,16.672,10.302,10.343
20241115120846.6,2143.20700317621,15.71,16.155,22.372,16.67,10.304,10.326
20241115120847.1,2143.70299726725,15.666,16.171,22.496,16.696,10.294,10.304
20241115120847.6,2144.20699775219,15.654,16.213,22.38,16.694,10.298,10.316
20241115120848.1,2144.70700509846,15.735,16.252,22.133,16.793,10.298,10.324
20241115120848.6,2145.21100558341,15.925,16.284,21.957,16.842,10.314,10.306
20241115120849.1,2145.71100287139,15.961,16.327,21.809,16.83,10.296,10.337
20241115120849.6,2146.21500335634,15.783,16.353,21.66,16.825,10.29,10.337
20241115120850.1,2146.71500064433,15.601,16.355,21.567,16.821,10.3,10.324
20241115120850.6,2147.21499793231,15.462,16.294,21.567,16.807,10.316,10.326
20241115120851.1,2147.73099794984,15.458,16.181,21.518,16.807,10.3,10.343
20241115120851.6,2148.23100529611,15.365,16.147,21.393,16.817,10.298,10.318
20241115120852.1,2148.7310025841,15.24,16.129,21.48,16.834,10.306,10.324
20241115120852.6,2149.24599677324,15.391,16.108,21.456,16.813,10.298,10.328
20241115120853.2,2149.74999725819,15.547,16.086,21.405,16.813,10.31,10.328
20241115120853.7,2150.25000460446,15.529,16.08,21.464,16.817,10.32,10.316
20241115120854.2,2150.75000189245,15.444,16.084,21.629,16.821,10.294,10.318
20241115120854.6,2151.24599598348,15.43,16.135,21.775,16.83,10.298,10.314
20241115120855.2,2151.76199600101,15.547,16.187,21.547,16.824,10.318,10.316
20241115120855.7,2152.26599648595,15.666,16.25,21.626,16.848,10.294,10.3
20241115120856.2,2152.76600383222,15.7,16.199,21.737,16.852,10.272,10.332
20241115120856.7,2153.27000431716,15.741,16.185,21.872,16.88,10.282,10.314
20241115120857.2,2153.77400480211,15.826,16.175,22.1,16.896,10.292,10.31
20241115120857.7,2154.2740020901,15.876,16.167,22.188,16.921,10.29,10.32
20241115120858.2,2154.77399937809,15.854,16.157,22.108,16.929,10.28,10.312
20241115120858.7,2155.28900362551,15.729,16.135,22.05,16.937,10.306,10.324
20241115120859.2,2155.7890009135,15.696,16.117,22.206,16.933,10.296,10.312
20241115120859.7,2156.29300139844,15.676,16.066,22.345,16.955,10.29,10.328
20241115120900.2,2156.79299868643,15.581,16.048,22.302,16.967,10.312,10.332
20241115120900.7,2157.32500143349,15.652,16.036,22.568,16.963,10.316,10.316
20241115120901.2,2157.83199928701,15.686,16.048,22.676,16.961,10.298,10.316
20241115120901.7,2158.33599977195,15.7,16.076,22.695,16.963,10.302,10.314
20241115120902.2,2158.83599705994,15.708,16.09,22.826,16.977,10.298,10.332
20241115120902.7,2159.33600440621,15.769,16.102,23.016,16.959,10.314,10.318
20241115120903.2,2159.84000489116,15.824,16.078,22.917,16.975,10.292,10.334
20241115120903.7,2160.34000217915,15.654,16.052,22.758,17.007,10.3,10.334
20241115120904.2,2160.83999946713,15.527,16.056,22.811,17.028,10.31,10.326
20241115120904.7,2161.33999675512,15.636,16.052,22.985,17.03,10.31,10.33
20241115120905.2,2161.83600090444,15.696,16.062,23.128,17.044,10.308,10.324
20241115120905.7,2162.34000138938,15.749,16.05,23.058,17.04,10.314,10.328
20241115120906.2,2162.8360055387,15.785,16.048,22.928,17.062,10.316,10.332
20241115120906.7,2163.33999596536,15.811,16.054,23.005,17.088,10.326,10.337
20241115120907.3,2163.85599598289,15.821,16.082,23.107,17.098,10.328,10.334
20241115120907.8,2164.35999646783,15.884,16.125,23.181,17.127,10.314,10.332
20241115120908.3,2164.85600061715,15.914,16.157,23.177,17.127,10.304,10.332
20241115120908.8,2165.36000110209,15.821,16.161,23.058,17.143,10.304,10.332
20241115120909.3,2165.85999839008,15.617,16.151,22.928,17.167,10.312,10.351
20241115120909.8,2166.37099944055,15.464,16.149,22.778,17.205,10.302,10.343
20241115120910.3,2166.87099672854,15.345,16.129,22.801,17.193,10.312,10.339
20241115120910.8,2167.39099994302,15.23,16.12,22.664,17.225,10.306,10.332
20241115120911.3,2167.89099723101,15.114,16.07,22.525,17.228,10.314,10.322
20241115120911.8,2168.39100457728,15.046,16.03,22.406,17.228,10.306,10.32
20241115120912.3,2168.9070045948,15.032,15.993,22.421,17.26,10.328,10.367
20241115120912.8,2169.40700188279,14.987,15.953,22.396,17.262,10.322,10.345
20241115120913.3,2169.90699917078,14.753,15.826,22.349,17.29,10.334,10.345
20241115120913.8,2170.4030033201,14.644,15.702,22.274,17.274,10.298,10.332
20241115120914.3,2170.90700380504,14.648,15.686,22.317,17.292,10.312,10.343
20241115120914.8,2171.40700109303,14.658,15.686,22.345,17.31,10.316,10.355
20241115120915.3,2171.90300524235,14.698,15.634,22.268,17.318,10.304,10.343
20241115120915.8,2172.41799943149,14.692,15.559,22.296,17.321,10.308,10.351
20241115120916.3,2172.92999625206,14.583,15.426,22.19,17.308,10.296,10.338
20241115120916.8,2173.43000359833,14.537,15.321,21.965,17.345,10.298,10.328
20241115120917.3,2173.93000088632,14.642,15.26,21.684,17.353,10.302,10.338
20241115120917.8,2174.42999817431,14.856,15.286,21.704,17.377,10.314,10.326
20241115120918.3,2174.93000552058,15.082,15.383,21.725,17.381,10.304,10.328
20241115120918.8,2175.43000280857,15.353,15.549,21.617,17.409,10.3,10.324
20241115120919.3,2175.94199962914,15.511,15.634,21.63,17.424,10.29,10.328
20241115120919.9,2176.45700387657,15.614,15.68,21.466,17.474,10.308,10.32
20241115120920.4,2176.95700116456,15.591,15.761,21.373,17.581,10.296,10.334
20241115120920.9,2177.47700437903,15.735,15.787,21.468,17.755,10.308,10.316
20241115120921.4,2177.97299847007,15.775,15.846,21.454,17.852,10.316,10.32
20241115120921.9,2178.48899848759,15.812,15.876,21.569,17.822,10.3,10.32
20241115120922.4,2178.99999953806,15.822,15.941,21.304,17.811,10.29,10.347
20241115120922.9,2179.50400002301,15.862,15.993,21.117,17.805,10.306,10.334
20241115120923.4,2180.003997311,15.822,16.038,21.028,17.797,10.304,10.328
20241115120923.9,2180.50400465727,15.801,16.042,21.026,17.814,10.32,10.33
20241115120924.4,2181.01199828088,15.801,16.044,21.068,17.82,10.316,10.336
20241115120924.9,2181.51199556887,15.854,16.05,21.282,17.801,10.316,10.347
20241115120925.4,2182.01200291514,15.927,16.05,21.401,17.801,10.302,10.322
20241115120925.9,2182.52800293267,15.967,16.09,21.698,17.797,10.324,10.353
20241115120926.4,2183.04299712181,15.924,16.118,22.174,17.817,10.322,10.341
20241115120926.9,2183.54300446808,16.007,16.125,22.046,17.809,10.296,10.326
20241115120927.4,2184.04300175607,16.066,16.137,22.131,17.815,10.312,10.337
20241115120927.9,2184.54299904406,16.07,16.169,22.402,17.817,10.3,10.353
20241115120928.5,2185.05500592291,16.078,16.161,22.31,17.821,10.306,10.359
20241115120929,2185.5550032109,16.149,16.189,22.382,17.83,10.314,10.353
20241115120929.5,2186.05099730194,16.205,16.193,22.49,17.838,10.332,10.357
20241115120930,2186.55499778688,16.127,16.127,22.439,17.846,10.314,10.337
20241115120930.5,2187.08600476384,15.949,16.11,22.521,17.832,10.308,10.345
20241115120931,2187.58600205183,15.862,16.06,22.705,17.856,10.328,10.332
20241115120931.5,2188.08599933982,15.862,16.036,22.646,17.862,10.312,10.339
20241115120932,2188.59799616039,15.694,15.797,22.754,17.876,10.312,10.349
20241115120932.5,2189.09800350666,15.741,15.733,22.836,17.884,10.282,10.342
20241115120933,2189.59800079465,15.727,15.721,22.709,17.89,10.31,10.332
20241115120933.5,2190.11400081217,15.68,15.601,22.304,17.913,10.306,10.342
20241115120934,2190.61800129712,15.349,15.42,22.225,17.939,10.318,10.334
20241115120934.5,2191.11400544643,15.343,15.369,22.054,17.945,10.304,10.328
20241115120935,2191.62899963558,15.448,15.418,21.997,17.955,10.308,10.344
20241115120935.5,2192.12899692357,15.446,15.365,22.028,18.009,10.31,10.349
20241115120936,2192.62500107288,15.306,15.274,22.106,18.046,10.293,10.331
20241115120936.5,2193.12900155783,15.392,15.376,22.065,18.051,10.315,10.335
20241115120937,2193.63300204277,15.534,15.501,22.116,18.075,10.303,10.349
20241115120937.5,2194.1289961338,15.584,15.645,22.12,18.083,10.307,10.339
20241115120938,2194.62500028312,15.776,15.706,21.863,18.097,10.295,10.319
20241115120938.5,2195.12499757111,15.894,15.803,21.807,18.077,10.287,10.325
20241115120939,2195.62500491738,16.025,15.845,21.954,18.098,10.305,10.325
20241115120939.5,2196.12500220537,16.055,15.851,22.202,18.1,10.291,10.323
20241115120940,2196.6410022229,16.061,15.916,22.463,18.094,10.301,10.323
20241115120940.5,2197.13699631393,16.035,15.958,22.647,18.114,10.303,10.329
20241115120941,2197.6370036602,16.015,15.934,22.404,18.118,10.266,10.317
20241115120941.5,2198.14499728382,16.027,15.944,21.908,18.15,10.287,10.323
20241115120942,2198.64500463009,16.088,15.981,21.645,18.17,10.287,10.329
20241115120942.5,2199.14500191808,16.275,16.043,21.471,18.18,10.287,10.297
20241115120943.1,2199.73900392652,16.377,16.08,21.391,18.185,10.293,10.303
20241115120943.6,2200.2390012145,16.356,16.096,21.318,18.174,10.285,10.313
20241115120944.1,2200.74300169945,16.257,16.11,21.182,18.217,10.301,10.317
20241115120944.6,2201.24299898744,16.282,16.122,21.144,18.215,10.297,10.313
20241115120945.2,2201.75400003791,16.318,16.156,21.031,18.233,10.297,10.337
20241115120945.7,2202.2539973259,16.306,16.189,20.898,18.239,10.287,10.339
20241115120946.2,2202.77400054038,16.286,16.221,20.999,18.269,10.287,10.321
20241115120946.7,2203.27000468969,16.221,16.235,21.172,18.286,10.285,10.319
20241115120947.2,2203.78200151026,16.128,16.251,21.085,18.34,10.276,10.309
20241115120947.7,2204.28199879825,16.011,16.267,21.219,18.364,10.299,10.307
20241115120948.2,2204.78599928319,15.916,16.221,21.564,18.346,10.301,10.321
20241115120948.7,2205.28599657118,15.928,16.197,21.532,18.366,10.305,10.321
20241115120949.2,2205.7820007205,15.938,16.183,21.437,18.366,10.295,10.309
20241115120949.7,2206.28199800849,16.029,16.172,21.597,18.401,10.293,10.313
20241115120950.2,2206.78599849343,15.993,16.144,21.754,18.415,10.319,10.311
20241115120950.7,2207.28200264275,15.795,16.14,21.922,18.461,10.297,10.323
20241115120951.2,2207.79300369322,15.451,16.118,22.102,18.467,10.293,10.315
20241115120951.7,2208.30500051379,15.041,16.059,22.328,18.49,10.299,10.315
20241115120952.2,2208.80900099874,14.871,15.904,22.612,18.536,10.313,10.317
20241115120952.7,2209.3209978193,14.7,15.803,22.62,18.532,10.299,10.321
20241115120953.2,2209.82100516558,14.625,15.724,22.524,18.544,10.303,10.333
20241115120953.7,2210.32100245357,14.623,15.609,22.635,18.574,10.299,10.331
20241115120954.2,2210.83200350404,14.77,15.589,22.555,18.605,10.301,10.309
20241115120954.7,2211.33600398898,14.94,15.55,22.441,18.643,10.297,10.323
20241115120955.2,2211.83199808002,15.175,15.597,22.396,18.661,10.278,10.325
20241115120955.7,2212.33599856496,15.241,15.657,22.451,18.688,10.303,10.317
20241115120956.2,2212.83600591123,15.253,15.641,22.463,18.728,10.293,10.325
20241115120956.7,2213.33600319922,15.453,15.686,22.484,18.748,10.293,10.317
20241115120957.3,2213.84800001979,15.657,15.764,22.439,18.813,10.299,10.321
20241115120957.8,2214.35200050473,15.825,15.825,22.527,18.932,10.301,10.315
20241115120958.3,2214.8639973253,15.952,15.918,22.553,19.009,10.278,10.319
20241115120958.8,2215.36799781024,16.053,15.995,22.422,19.017,10.291,10.317
20241115120959.3,2215.86400195956,16.104,16.061,22.279,19.007,10.301,10.307
20241115120959.8,2216.36399924755,16.189,16.09,22.153,19.073,10.307,10.291
20241115121000.3,2216.87900349498,16.31,16.146,21.999,19.158,10.293,10.317
20241115121000.8,2217.37499758601,16.352,16.221,21.819,19.259,10.291,10.337
20241115121001.3,2217.87500493228,16.381,16.322,21.655,19.354,10.297,10.333
20241115121001.8,2218.39100494981,16.189,16.346,21.405,19.399,10.309,10.323
20241115121002.3,2218.89500543475,16.023,16.296,21.33,19.477,10.303,10.325
20241115121002.8,2219.39099952579,15.811,16.271,21.366,19.477,10.295,10.329
20241115121003.3,2219.89900320768,15.797,16.146,21.368,19.534,10.319,10.333
20241115121003.8,2220.39499729872,15.623,16.059,21.391,19.617,10.305,10.323
20241115121004.3,2220.89899778366,15.443,16.019,21.382,19.669,10.299,10.313
20241115121004.8,2221.39500193298,15.213,15.924,21.275,19.78,10.295,10.341
20241115121005.3,2221.89900241792,15.201,15.74,21.281,19.837,10.307,10.325
20241115121005.8,2222.39899970591,15.469,15.637,21.237,19.849,10.313,10.323
20241115121006.3,2222.89500385523,15.403,15.623,21.213,19.902,10.289,10.321
20241115121006.8,2223.41400124133,15.286,15.593,21.164,19.989,10.317,10.327
20241115121007.3,2223.91399852931,15.273,15.609,21.18,20.075,10.305,10.315
20241115121007.8,2224.4139958173,15.239,15.574,21.112,20.13,10.301,10.341
20241115121008.3,2224.92600269616,15.364,15.597,21.124,20.174,10.307,10.327
20241115121008.8,2225.42199678719,15.587,15.633,21.15,20.302,10.305,10.329
20241115121009.3,2225.92599727213,15.518,15.728,21.187,20.376,10.297,10.341
20241115121009.8,2226.42600461841,15.405,15.728,21.255,20.554,10.313,10.325
20241115121010.3,2226.92600190639,15.469,15.688,21.304,20.718,10.301,10.331
20241115121010.8,2227.42199599743,15.633,15.76,21.455,20.714,10.303,10.331
20241115121011.3,2227.9220033437,15.779,15.766,21.665,20.69,10.317,10.339
20241115121011.8,2228.43400016427,15.859,15.815,21.716,20.647,10.315,10.321
20241115121012.3,2228.94599698484,15.976,15.888,21.688,20.631,10.299,10.327
20241115121012.9,2229.45699803531,16.067,15.976,21.722,20.637,10.299,10.331
20241115121013.4,2229.95700538158,16.104,16.031,21.73,20.605,10.301,10.315
20241115121013.9,2230.47300539911,16.108,16.061,21.874,20.621,10.291,10.315
20241115121014.4,2230.96899949014,15.971,16.112,21.795,20.589,10.293,10.299
20241115121014.9,2231.46899677813,15.765,16.082,21.661,20.639,10.301,10.315
20241115121015.4,2231.97299726307,15.851,16.066,21.573,20.651,10.291,10.311
20241115121015.9,2232.47300460935,15.839,16.057,21.661,20.659,10.284,10.305
20241115121016.4,2232.97300189734,15.851,15.969,21.617,20.671,10.291,10.329
20241115121016.9,2233.47299918532,15.914,15.999,21.508,20.708,10.295,10.333
20241115121017.4,2233.97299647331,15.922,16.039,21.54,20.724,10.284,10.301
20241115121017.9,2234.47699695826,15.955,16.052,21.585,20.773,10.305,10.299
20241115121018.4,2234.98900383711,15.853,16.017,21.615,20.795,10.29,10.309
20241115121018.9,2235.4890011251,15.839,15.955,21.657,20.819,10.284,10.303
20241115121019.4,2236.00000217557,15.658,15.914,21.716,20.833,10.286,10.299
20241115121019.9,2236.49999946356,15.621,15.936,21.74,20.908,10.284,10.307
20241115121020.4,2236.99999675155,15.623,15.932,21.742,20.922,10.28,10.299
20241115121020.9,2237.49600090086,15.675,15.909,21.6,20.911,10.279,10.301
20241115121021.5,2238.10999877751,15.691,15.883,21.172,20.923,10.269,10.287
20241115121022,2238.61399926245,15.731,15.834,21.026,20.96,10.277,10.289
20241115121022.5,2239.14100304246,15.887,15.843,20.776,20.976,10.279,10.301
20241115121023,2239.64100033045,16.087,15.919,21.081,20.968,10.279,10.306
20241115121023.5,2240.14500081539,16.251,16.018,21.19,20.99,10.285,10.31
20241115121024.1,2240.66100083292,16.259,16.059,20.986,21.204,10.289,10.301
20241115121024.6,2241.15700498223,16.319,16.123,21.016,21.644,10.281,10.301
20241115121025.1,2241.65700227022,16.331,16.156,21.329,21.911,10.273,10.303
20241115121025.6,2242.15699955821,16.299,16.212,21.261,21.903,10.289,10.303
20241115121026.1,2242.66100004315,16.259,16.164,21.263,21.844,10.263,10.299
20241115121026.6,2243.16099733114,16.331,16.111,20.867,21.877,10.267,10.293
20241115121027.1,2243.65700148046,16.325,16.18,20.691,22.061,10.275,10.318
20241115121027.6,2244.17200572789,16.297,16.186,20.717,22.012,10.299,10.306
20241115121028.1,2244.67599615455,16.321,16.18,20.64,22.028,10.269,10.289
20241115121028.6,2245.17600350082,16.331,16.261,20.642,21.984,10.283,10.297
20241115121029.1,2245.67199759185,16.346,16.289,20.594,21.986,10.275,10.306
20241115121029.6,2246.18799760938,16.337,16.283,20.596,21.996,10.277,10.289
20241115121030.1,2246.68800495565,16.382,16.293,20.602,22.006,10.285,10.31
20241115121030.6,2247.18800224364,16.447,16.279,20.838,22.026,10.281,10.297
20241115121031.1,2247.69200272858,16.445,16.346,20.933,22.042,10.275,10.297
20241115121031.6,2248.22700284421,16.432,16.36,21.196,22.067,10.275,10.291
20241115121032.1,2248.7270001322,16.432,16.35,21.378,22.095,10.279,10.308
20241115121032.6,2249.23100061715,16.44,16.358,21.55,22.131,10.287,10.306
20241115121033.1,2249.73099790514,16.457,16.356,21.816,22.162,10.291,10.312
20241115121033.6,2250.24300478399,16.572,16.348,22.254,22.185,10.285,10.299
20241115121034.1,2250.74300207198,16.455,16.366,22.9,22.223,10.269,10.316
20241115121034.7,2251.25799626112,16.461,16.374,22.859,22.254,10.263,10.31
20241115121035.2,2251.78600586951,16.445,16.354,22.559,22.287,10.285,10.289
20241115121035.7,2252.30100005865,16.198,16.38,22.313,22.319,10.283,10.301
20241115121036.2,2252.81299687922,16.249,16.378,22.203,22.377,10.275,10.306
20241115121036.7,2253.32800112665,16.319,16.418,22.103,22.391,10.277,10.293
20241115121037.2,2253.82799841464,16.384,16.434,22.038,22.45,10.279,10.295
20241115121037.7,2254.33199889958,16.442,16.451,22.026,22.51,10.273,10.301
20241115121038.3,2254.8479989171,16.497,16.471,22.236,22.563,10.261,10.289
20241115121038.7,2255.34400306642,16.309,16.475,22.018,22.642,10.291,10.291
20241115121039.2,2255.84400035441,16.269,16.477,21.83,22.714,10.271,10.301
20241115121039.8,2256.34800083935,16.224,16.366,21.754,22.82,10.277,10.287
20241115121040.3,2256.84799812734,16.222,16.343,21.699,22.875,10.277,10.291
20241115121040.8,2257.36000500619,16.135,16.331,21.558,22.977,10.285,10.314
20241115121041.3,2257.87499919534,15.82,16.307,21.511,23.149,10.283,10.285
20241115121041.8,2258.37100334466,15.647,16.196,21.513,23.3,10.269,10.318
20241115121042.3,2258.8750038296,15.566,16.097,21.495,23.366,10.253,10.299
20241115121042.8,2259.39499698579,15.537,16.004,21.564,23.47,10.279,10.303
20241115121043.3,2259.89500433207,15.447,16.012,21.756,23.586,10.273,10.291
20241115121043.8,2260.40700115263,15.501,15.97,21.75,23.74,10.277,10.283
20241115121044.3,2260.92200540006,15.277,15.96,21.509,24.232,10.271,10.301
20241115121044.8,2261.44199855626,15.323,15.905,21.416,24.694,10.269,10.293
20241115121045.3,2261.9459990412,15.305,15.84,21.317,24.804,10.273,10.303
20241115121045.9,2262.46100328863,15.329,15.887,21.362,24.828,10.269,10.312
20241115121046.4,2262.97700330615,15.457,15.8,21.444,25.045,10.275,10.293
20241115121046.9,2263.47700059414,15.57,15.762,21.467,25.129,10.261,10.314
20241115121047.4,2263.97699788213,15.61,15.731,21.382,25.155,10.267,10.293
20241115121047.9,2264.49299789965,15.544,15.691,21.327,25.149,10.287,10.287
20241115121048.4,2265.00399895012,15.491,15.685,21.299,25.194,10.271,10.301
20241115121048.9,2265.50399623811,15.325,15.661,21.438,25.488,10.273,10.297
20241115121049.4,2266.01199992001,15.16,15.667,21.739,25.713,10.277,10.308
20241115121049.9,2266.52799993753,14.907,15.64,21.836,25.746,10.261,10.322
20241115121050.5,2267.05500371754,14.782,15.659,22.052,25.977,10.269,10.297
20241115121051,2267.57100373507,14.733,15.649,22.144,25.997,10.273,10.308
20241115121051.5,2268.08200478554,14.695,15.651,22.109,26.016,10.291,10.297
20241115121052,2268.58200207353,14.808,15.683,22.042,26.071,10.285,10.316
20241115121052.5,2269.09800209105,14.978,15.677,22.038,26.151,10.263,10.308
20241115121053,2269.61400210857,15.091,15.683,22,26.218,10.265,10.295
20241115121053.5,2270.11800259352,15.234,15.673,21.889,26.255,10.275,10.322
20241115121054,2270.61399668455,15.465,15.675,21.96,26.298,10.271,10.281
20241115121054.5,2271.12900093198,15.614,15.786,22,26.369,10.275,10.306
20241115121055,2271.6450009495,15.782,15.921,21.986,26.4,10.277,10.297
20241115121055.6,2272.16100096703,15.897,15.942,21.984,26.494,10.289,10.308
20241115121056.1,2272.67600521445,15.847,15.901,21.792,26.563,10.275,10.299
20241115121056.6,2273.19200523198,15.667,15.927,21.701,26.663,10.287,10.287
20241115121057.1,2273.69200251997,15.513,15.869,21.691,26.725,10.283,10.303
20241115121057.6,2274.20699670911,15.443,15.849,21.83,26.831,10.277,10.31
20241115121058.1,2274.71900358796,15.445,15.887,21.99,26.937,10.279,10.301
20241115121058.6,2275.23500360548,15.539,15.812,22.101,27.051,10.261,10.306
20241115121059.2,2275.74999779463,15.632,15.776,22.146,27.258,10.265,10.293
20241115121059.7,2276.26599781215,15.63,15.737,22.272,27.374,10.279,10.289
20241115121100.2,2276.78199782968,15.647,15.725,22.244,27.454,10.261,10.31
20241115121100.7,2277.29299888015,15.487,15.737,22.129,27.536,10.279,10.306
20241115121101.2,2277.80899889767,15.337,15.758,21.968,27.595,10.281,10.316
20241115121101.7,2278.3249989152,15.295,15.772,21.927,27.677,10.281,10.279
20241115121102.2,2278.82499620318,15.15,15.83,21.931,27.769,10.273,10.295
20241115121102.8,2279.35199998319,15.329,15.784,21.889,27.867,10.273,10.297
20241115121103.3,2279.85199727118,15.463,15.685,21.828,27.977,10.269,10.324
20241115121103.8,2280.3679972887,15.533,15.707,21.75,28.247,10.275,10.291
20241115121104.3,2280.89099787176,15.632,15.63,21.792,28.406,10.275,10.306
20241115121104.8,2281.39900155365,15.683,15.717,21.822,28.578,10.271,10.299
20241115121105.3,2281.89899884164,15.659,15.758,21.943,28.688,10.293,10.301
20241115121105.8,2282.41400308907,15.412,15.705,22.026,28.796,10.287,10.312
20241115121106.3,2282.94600583613,15.182,15.608,22.018,28.948,10.279,10.301
20241115121106.9,2283.45699682832,15.087,15.552,22.129,29.066,10.275,10.285
20241115121107.4,2283.9770000428,14.976,15.548,22.136,29.221,10.265,10.314
20241115121107.9,2284.49300006032,15.043,15.616,22.052,29.387,10.273,10.299
20241115121108.4,2284.99999791384,15.085,15.63,21.915,29.51,10.267,10.322
20241115121108.9,2285.50000526011,15.079,15.511,21.836,29.608,10.281,10.31
20241115121109.4,2286.01200208068,15.091,15.426,21.857,29.693,10.281,10.306
20241115121109.9,2286.51600256562,15.081,15.356,21.818,29.849,10.265,10.32
20241115121110.4,2287.01599985361,15.071,15.311,21.81,30.028,10.283,10.315
20241115121110.9,2287.53600306809,15.078,15.306,21.837,30.291,10.292,10.319
20241115121111.5,2288.05099725723,15.027,15.258,21.839,30.593,10.286,10.329
20241115121112,2288.56699727476,15.021,15.193,21.92,30.742,10.29,10.317
20241115121112.5,2289.08600471914,15.037,15.171,22.025,30.863,10.274,10.319
20241115121113,2289.58600200713,15.151,15.151,21.977,31.067,10.292,10.303
20241115121113.5,2290.10999836028,15.29,15.173,21.797,31.366,10.288,10.321
20241115121114,2290.60999564826,15.365,15.3,21.728,31.592,10.26,10.313
20241115121114.5,2291.11799933016,15.361,15.367,21.734,31.876,10.288,10.317
20241115121115,2291.62499718368,15.451,15.456,21.787,32.14,10.286,10.329
20241115121115.5,2292.12500452995,15.391,15.488,21.789,32.363,10.284,10.303
20241115121116,2292.6290050149,15.336,15.49,21.76,32.583,10.28,10.331
20241115121116.5,2293.13300549984,15.169,15.494,21.775,32.741,10.282,10.309
20241115121117,2293.62899959087,15.153,15.53,21.783,32.908,10.29,10.299
20241115121117.5,2294.1449996084,15.15,15.579,21.769,33.086,10.286,10.305
20241115121118.1,2294.65699642897,15.144,15.553,21.686,33.219,10.278,10.319
20241115121118.6,2295.15700377524,15.039,15.55,21.712,33.388,10.28,10.296
20241115121119.1,2295.67600116134,15.037,15.609,21.835,33.535,10.274,10.292
20241115121119.6,2296.18799798191,15.161,15.559,21.938,33.685,10.278,10.276
20241115121120.1,2296.68800532818,15.114,15.542,21.975,33.848,10.28,10.313
20241115121120.6,2297.18399941921,15.009,15.609,21.991,34.008,10.274,10.311
20241115121121.1,2297.69999943674,15.126,15.678,22.035,34.21,10.286,10.317
20241115121121.6,2298.20300415158,15.015,15.696,22.092,34.412,10.28,10.325
20241115121122.1,2298.70300143957,14.979,15.656,21.928,34.567,10.286,10.313
20241115121122.6,2299.2190014571,14.833,15.553,21.845,34.96,10.282,10.303
20241115121123.1,2299.71899874508,14.965,15.522,21.785,35.302,10.276,10.311
20241115121123.6,2300.21899603307,14.993,15.544,21.839,35.73,10.274,10.301
20241115121124.1,2300.71900337934,14.904,15.565,21.882,36.082,10.268,10.327
20241115121124.6,2301.22300386429,14.845,15.53,21.799,36.303,10.272,10.296
20241115121125.1,2301.72700434923,14.888,15.468,21.819,36.663,10.272,10.321
20241115121125.6,2302.22700163722,15.165,15.498,21.823,36.988,10.286,10.315
20241115121126.1,2302.73100212216,15.371,15.575,21.876,37.358,10.284,10.319
20241115121126.6,2303.23500260711,15.254,15.696,21.902,37.662,10.268,10.317
20241115121127.1,2303.73900309205,15.306,15.717,21.923,37.866,10.271,10.314
20241115121127.6,2304.23900038004,15.44,15.695,21.905,38.054,10.281,10.295
20241115121128.1,2304.74300086498,15.4,15.739,21.919,38.36,10.257,10.308
20241115121128.6,2305.24600557983,15.578,15.762,21.994,38.559,10.265,10.306
20241115121129.2,2305.74999600649,15.727,15.806,22.028,38.834,10.267,10.303
20241115121129.7,2306.25399649143,15.669,15.818,22.203,39.026,10.277,10.31
20241115121130.2,2306.75799697638,15.715,15.802,22.181,39.306,10.281,10.293
20241115121130.7,2307.26199746132,15.814,15.853,22.211,39.566,10.267,10.31
20241115121131.2,2307.76200480759,15.889,15.946,22.154,39.806,10.281,10.303
20241115121131.7,2308.26200209558,16.006,15.984,22.203,40.069,10.273,10.314
20241115121132.2,2308.7780021131,16.024,16.053,22.293,40.356,10.269,10.32
20241115121132.7,2309.27799940109,15.998,16.083,22.336,40.766,10.293,10.316
20241115121133.2,2309.77799668908,15.946,16.178,22.268,41.287,10.293,10.32
20241115121133.7,2310.27800403535,15.632,16.18,22.004,41.748,10.275,10.306
20241115121134.2,2310.77399812639,15.582,16.127,21.978,41.951,10.285,10.32
20241115121134.7,2311.27400547266,15.449,16.047,21.96,42.106,10.301,10.303
20241115121135.2,2311.77400276065,15.481,15.996,21.816,42.392,10.283,10.316
20241115121135.7,2312.27400004864,15.497,15.903,21.612,42.861,10.275,10.295
20241115121136.2,2312.77399733663,15.554,15.853,21.394,43.606,10.285,10.314
20241115121136.7,2313.2740046829,15.636,15.891,21.303,43.858,10.265,10.32
20241115121137.2,2313.77800516784,15.661,15.919,21.048,44.148,10.273,10.297
20241115121137.7,2314.27800245583,15.602,15.847,20.998,44.555,10.265,10.314
20241115121138.2,2314.7890035063,15.469,15.774,20.875,44.814,10.275,10.322
20241115121138.7,2315.29300399125,15.515,15.78,20.748,45.097,10.283,10.295
20241115121139.2,2315.79300127923,15.539,15.774,21.16,45.395,10.263,10.33
20241115121139.7,2316.29299856722,15.677,15.822,21.354,45.643,10.293,10.312
20241115121140.2,2316.79699905217,15.64,15.847,21.667,46.018,10.297,10.324
20241115121140.7,2317.30099953711,15.329,15.802,21.869,46.444,10.265,10.312
20241115121141.2,2317.80500002205,15.133,15.798,21.951,46.862,10.259,10.316
20241115121141.7,2318.30100417137,15.034,15.836,22.093,47.147,10.269,10.318
20241115121142.2,2318.8170041889,15.135,15.834,22.036,47.517,10.267,10.299
20241115121142.7,2319.31700147688,15.069,15.812,22.081,47.635,10.287,10.316
20241115121143.2,2319.83599886298,15.117,15.824,22.05,47.708,10.271,10.301
20241115121143.8,2320.34799568355,15.291,15.798,21.895,47.905,10.269,10.314
20241115121144.3,2320.85199616849,15.465,15.889,21.869,48.199,10.275,10.297
20241115121144.8,2321.35599665344,15.43,15.919,21.901,48.44,10.277,10.301
20241115121145.3,2321.85999713838,15.432,15.96,21.939,48.669,10.277,10.299
20241115121145.8,2322.36399762332,15.232,15.952,21.919,49.05,10.269,10.324
20241115121146.3,2322.88300506771,14.952,15.81,21.784,49.449,10.265,10.297
20241115121146.8,2323.39500188828,14.838,15.691,21.725,49.818,10.277,10.32
20241115121147.3,2323.92599880695,14.828,15.643,21.81,50.374,10.269,10.31
20241115121147.8,2324.42599609494,14.808,15.542,21.927,50.986,10.273,10.306
20241115121148.3,2324.94199611247,15.045,15.529,21.693,51.586,10.287,10.301
20241115121148.8,2325.43800026178,15.283,15.596,21.64,52.106,10.281,10.322
20241115121149.4,2325.94999708235,15.327,15.711,21.671,52.564,10.279,10.318
20241115121149.9,2326.46500132978,15.453,15.742,21.733,52.862,10.281,10.293
20241115121150.4,2326.9810013473,15.574,15.735,21.867,53.24,10.271,10.303
20241115121150.9,2327.49600559473,15.649,15.721,21.994,53.677,10.273,10.31
20241115121151.4,2328.01200561225,15.499,15.705,21.988,54.187,10.269,10.312
20241115121151.9,2328.51200290024,15.586,15.655,21.978,54.928,10.271,10.312
20241115121152.4,2329.01200018823,15.796,15.758,21.808,55.434,10.259,10.322
20241115121152.9,2329.52800020576,15.954,15.822,21.747,55.96,10.277,10.312
20241115121153.4,2330.04300445318,16.045,15.899,21.691,56.679,10.285,10.31
20241115121153.9,2330.54300174117,16.057,15.976,21.638,57.642,10.257,10.318
20241115121154.5,2331.05900175869,16.004,16.038,21.515,58.564,10.271,10.314
20241115121155,2331.55899904668,15.939,16.073,21.459,59.197,10.279,10.306
20241115121155.5,2332.07100592554,15.762,16.081,21.414,59.673,10.265,10.31
20241115121156,2332.58600011468,15.675,16.032,21.469,60.145,10.265,10.324
20241115121156.5,2333.09000059962,15.58,15.99,21.646,60.756,10.279,10.315
20241115121157,2333.58999788761,15.589,15.864,21.716,61.514,10.29,10.317
20241115121157.5,2334.11000110209,15.627,15.809,21.694,62.249,10.288,10.319
20241115121158,2334.61400158703,15.698,15.752,21.516,63.198,10.284,10.307
20241115121158.5,2335.11399887502,15.684,15.785,21.33,63.992,10.294,10.317
20241115121159,2335.62900312245,15.7,15.773,21.245,65.543,10.276,10.315
20241115121159.5,2336.12900041044,15.613,15.787,21.15,66.713,10.299,10.329
20241115121200,2336.64500042796,15.621,15.833,21.197,68.089,10.278,10.323
20241115121200.6,2337.16100044549,15.633,15.91,21.276,68.545,10.276,10.303
20241115121201.1,2337.69199736416,15.583,15.858,21.221,69.095,10.299,10.301
20241115121201.6,2338.19599784911,15.66,15.912,21.354,69.786,10.288,10.311
20241115121202.1,2338.71100209653,15.716,15.918,21.599,70.41,10.28,10.311
20241115121202.6,2339.23100531101,15.668,15.918,21.843,72.303,10.301,10.321
20241115121203.1,2339.74599950016,15.676,15.876,21.672,73.255,10.278,10.319
20241115121203.7,2340.2499999851,15.704,15.89,21.385,73.151,10.292,10.321
20241115121204.2,2340.76199680567,15.728,15.837,21.284,73.263,10.278,10.313
20241115121204.7,2341.28200002015,15.684,15.783,21.1,73.761,10.288,10.345
20241115121205.2,2341.78899787366,15.712,15.773,21.007,74.371,10.282,10.325
20241115121205.7,2342.28900521994,15.888,15.708,21.039,75.866,10.292,10.329
20241115121206.2,2342.80100204051,15.983,15.821,20.987,76.665,10.299,10.331
20241115121206.7,2343.31700205803,16.092,15.914,20.973,77.272,10.301,10.325
20241115121207.2,2343.83199624717,16.173,15.989,20.906,79.044,10.305,10.321
20241115121207.7,2344.34400312603,16.037,16.025,20.898,79.229,10.297,10.321
20241115121208.3,2344.86000314355,15.803,16.068,20.926,79.927,10.291,10.321
20241115121208.8,2345.37900052965,15.706,16.09,20.861,81.754,10.303,10.327
20241115121209.3,2345.89099735022,15.651,16.043,20.835,82.494,10.294,10.325
20241115121209.8,2346.40300422907,15.666,16.011,20.72,83.922,10.296,10.325
20241115121210.3,2346.90700471401,15.795,16.07,20.682,86.765,10.299,10.325
20241115121210.8,2347.42199890316,15.773,16.09,20.74,88.113,10.296,10.325
20241115121211.3,2347.93400578201,15.803,16.165,20.866,88.937,10.296,10.311
20241115121211.8,2348.43799620867,15.882,16.217,21.005,89.452,10.29,10.331
20241115121212.4,2348.95000308752,15.963,16.288,21.086,90.23,10.292,10.325
20241115121212.9,2349.46100413799,16.013,16.241,21.15,89.865,10.282,10.314
20241115121213.4,2349.96100142598,16.083,16.206,21.222,89.678,10.283,10.324
20241115121213.9,2350.46099871397,16.008,16.156,20.917,89.548,10.283,10.316
20241115121214.4,2350.97699873149,15.798,16.137,20.899,89.883,10.277,10.299
20241115121214.9,2351.47699601948,15.675,16.148,20.913,90.086,10.279,10.312
20241115121215.4,2351.97700336576,15.598,16.065,20.737,90.99,10.277,10.316
20241115121215.9,2352.49300338328,15.443,16.012,20.838,91.973,10.285,10.324
20241115121216.4,2352.99300067127,15.38,16.014,20.935,93.984,10.275,10.33
20241115121216.9,2353.49999852479,15.548,16.083,21.034,95.204,10.277,10.312
20241115121217.4,2354.01200540364,15.725,16.137,21.16,96.25,10.285,10.324
20241115121217.9,2354.51200269163,15.804,16.156,21.333,97,10.277,10.316
20241115121218.4,2355.01199997962,15.849,16.16,21.319,97.73,10.285,10.324
20241115121218.9,2355.51600046456,15.935,16.202,21.192,99.079,10.299,10.328
20241115121219.4,2356.01599775255,16.03,16.196,21.335,100.618,10.289,10.31
20241115121219.9,2356.51999823749,16.095,16.21,21.552,102.708,10.285,10.306
20241115121220.4,2357.03900568187,16.162,16.228,21.358,104.074,10.295,10.32
20241115121221,2357.55100250244,16.242,16.255,21.295,105.157,10.303,10.336
20241115121221.4,2358.04699659348,16.364,16.317,21.273,106.394,10.281,10.322
20241115121222,2358.562996611,16.372,16.307,21.083,107.667,10.293,10.322
20241115121222.5,2359.06699709594,16.39,16.291,21.006,108.279,10.287,10.328
20241115121223,2359.56700444221,16.348,16.285,21.194,109.429,10.291,10.32
20241115121223.5,2360.08600182831,16.313,16.283,21.269,110.472,10.287,10.322
20241115121224,2360.59400551021,16.301,16.279,21.424,110.951,10.277,10.32
20241115121224.5,2361.09799593687,16.311,16.301,21.618,111.283,10.289,10.318
20241115121225.1,2361.70700490475,16.281,16.317,21.594,111.663,10.289,10.33
20241115121225.6,2362.23500445485,16.283,16.35,21.832,112.217,10.308,10.326
20241115121226.2,2362.74999864399,16.358,16.378,22,113.327,10.314,10.32
20241115121226.7,2363.26200552285,16.38,16.374,22.008,114.654,10.289,10.332
20241115121227.2,2363.77800554037,16.38,16.364,21.846,115.781,10.303,10.33
20241115121227.7,2364.29299972951,16.354,16.341,21.768,116.893,10.314,10.324
20241115121228.2,2364.81699608266,16.232,16.24,21.602,118.528,10.299,10.328
20241115121228.7,2365.31700342894,16.041,16.259,21.44,120.491,10.297,10.324
20241115121229.2,2365.83600081503,15.929,16.291,21.295,123.218,10.316,10.326
20241115121229.8,2366.36800356209,15.961,16.282,21.074,124.042,10.29,10.325
20241115121230.3,2366.89900048077,16.011,16.245,20.987,124.834,10.313,10.335
20241115121230.8,2367.41799786687,16.126,16.286,20.946,127.053,10.303,10.339
20241115121231.3,2367.93000474572,16.258,16.286,20.831,128.124,10.292,10.339
20241115121231.8,2368.44600476325,16.363,16.292,20.989,128.856,10.307,10.343
20241115121232.4,2368.96099895239,16.437,16.28,21.096,130.482,10.309,10.339
20241115121232.9,2369.47299577296,16.469,16.279,21.265,132.223,10.279,10.338
20241115121233.4,2369.98500265181,16.485,16.23,21.398,134.005,10.295,10.342
20241115121233.9,2370.49999684095,16.511,16.176,21.657,134.877,10.281,10.334
20241115121234.4,2371.01200371981,16.461,16.184,21.661,136.144,10.299,10.318
20241115121234.9,2371.52400054038,16.378,16.142,21.824,138.961,10.267,10.324
20241115121235.4,2372.04299792647,16.321,16.154,22.219,140.482,10.301,10.326
20241115121236,2372.558997944,16.309,16.182,21.699,140.967,10.306,10.338
20241115121236.5,2373.07100482285,16.245,16.194,21.343,141.041,10.308,10.334
20241115121237,2373.60200174153,16.198,16.198,21.057,142.413,10.279,10.334
20241115121237.5,2374.12900552154,16.172,16.174,20.956,143.436,10.297,10.33
20241115121238.1,2374.64899867773,16.186,16.178,20.76,144.631,10.31,10.332
20241115121238.6,2375.16799606383,16.218,16.206,20.614,147.128,10.303,10.326
20241115121239.1,2375.66400021315,16.243,16.192,20.59,149.674,10.279,10.344
20241115121239.6,2376.16800069809,16.257,16.247,20.683,151.283,10.301,10.326
20241115121240.1,2376.68400071561,16.259,16.212,20.857,154.069,10.287,10.322
20241115121240.6,2377.20000073314,16.261,16.194,21.081,155.872,10.314,10.314
20241115121241.1,2377.71500498056,16.255,16.218,21.133,157.494,10.287,10.328
20241115121241.6,2378.23100499809,16.23,16.255,21.198,159.103,10.31,10.31
20241115121242.1,2378.73500548303,16.166,16.265,21.257,160.464,10.314,10.34
20241115121242.6,2379.24599647522,16.23,16.289,21.426,161.808,10.291,10.336
20241115121243.2,2379.78200241923,16.24,16.285,21.646,162.376,10.281,10.33
20241115121243.7,2380.29699660838,16.242,16.309,21.909,163.199,10.283,10.328
20241115121244.2,2380.80099709332,16.245,16.333,21.96,164.916,10.281,10.318
20241115121244.7,2381.3210003078,16.319,16.364,21.99,166.962,10.285,10.342
20241115121245.2,2381.83200135827,16.406,16.386,22.044,168.938,10.293,10.324
20241115121245.8,2382.34800137579,16.432,16.416,22.055,171.033,10.289,10.318
20241115121246.3,2382.86400139332,16.406,16.4,21.863,172.631,10.299,10.342
20241115121246.8,2383.36800187826,16.376,16.358,21.717,173.654,10.285,10.316
20241115121247.3,2383.87499973178,16.38,16.36,21.648,175.021,10.289,10.326
20241115121247.8,2384.40700247884,16.321,16.374,21.592,175.925,10.289,10.33
20241115121248.3,2384.91100296378,16.303,16.378,21.693,176.148,10.301,10.336
20241115121248.8,2385.41399762034,16.309,16.398,21.717,177.426,10.312,10.328
20241115121249.3,2385.93400083482,16.358,16.436,21.499,181.331,10.301,10.326
20241115121249.8,2386.43800131977,16.323,16.449,21.269,184.665,10.271,10.34
20241115121250.3,2386.94200180471,16.344,16.408,20.968,186.182,10.31,10.322
20241115121250.8,2387.44600228965,16.325,16.406,20.766,186.738,10.303,10.334
20241115121251.4,2387.9500027746,16.348,16.424,20.77,187.72,10.293,10.34
20241115121251.9,2388.45000006258,16.319,16.434,20.796,189.305,10.306,10.322
20241115121252.4,2388.96500431001,16.291,16.422,20.907,190.283,10.314,10.344
20241115121252.9,2389.465001598,16.305,16.457,20.978,192.087,10.31,10.328
20241115121253.4,2389.96499888599,16.339,16.465,20.986,194.157,10.299,10.312
20241115121253.9,2390.48500210047,16.376,16.43,20.958,196.669,10.291,10.33
20241115121254.4,2390.99600315094,16.356,16.364,21.085,198.578,10.297,10.322
20241115121254.9,2391.50000363588,16.368,16.311,21.091,200.477,10.299,10.338
20241115121255.4,2392.01200045645,16.422,16.269,21.02,202.497,10.301,10.326
20241115121255.9,2392.52800047398,16.442,16.289,21.077,205.025,10.312,10.308
20241115121256.4,2393.0430047214,16.445,16.301,21.212,208.005,10.306,10.32
20241115121257,2393.55900473893,16.424,16.321,21.358,210.765,10.303,10.334
20241115121257.5,2394.0710015595,16.412,16.36,21.535,213.023,10.293,10.32
20241115121258,2394.58200260997,16.376,16.339,21.681,215.201,10.299,10.328
20241115121258.5,2395.08600309491,16.364,16.323,21.808,217.477,10.32,10.328
20241115121259,2395.59799991548,16.319,16.319,21.677,219.896,10.303,10.326
20241115121259.5,2396.10999673605,16.366,16.287,21.614,222.342,10.283,10.336
20241115121300,2396.62500098348,16.346,16.309,21.602,224.726,10.291,10.332
20241115121300.5,2397.14500419796,16.089,16.263,21.469,226.667,10.31,10.33
20241115121301,2397.64099828899,15.79,16.16,21.39,228.296,10.281,10.318
20241115121301.6,2398.16100150347,15.55,16.137,21.232,229.582,10.306,10.328
20241115121302.1,2398.66099879146,15.552,16.133,21.081,231.842,10.291,10.34
20241115121302.6,2399.15700294077,15.655,16.083,21.101,234.305,10.279,10.344
20241115121303.1,2399.67199712992,15.628,16.032,21.079,236.865,10.295,10.334
20241115121303.6,2400.17200447619,15.695,15.964,21.026,238.88,10.283,10.348
20241115121304.1,2400.69199763238,15.59,15.893,20.996,240.881,10.297,10.334
20241115121304.6,2401.20700187981,15.548,15.8,21.05,243.498,10.297,10.326
20241115121305.1,2401.72300189734,15.414,15.675,20.988,245.884,10.299,10.33
20241115121305.6,2402.2349987179,15.279,15.6,20.863,247.933,10.301,10.34
20241115121306.3,2402.86799669266,15.14,15.493,20.802,250.581,10.289,10.328
20241115121306.8,2403.3710014075,15.055,15.546,20.806,252.868,10.293,10.336
20241115121307.3,2403.87099869549,14.935,15.503,20.911,254.93,10.31,10.328
20241115121307.8,2404.38699871302,14.913,15.497,20.855,256.999,10.322,10.348
20241115121308.3,2404.90299873054,14.838,15.495,20.84,259.054,10.287,10.332
20241115121308.8,2405.41399978101,14.816,15.426,20.846,261.116,10.275,10.322
20241115121309.3,2405.93400299549,14.988,15.513,20.848,263.284,10.318,10.346
20241115121309.9,2406.45000301301,15.125,15.588,20.82,265.197,10.299,10.352
20241115121310.4,2406.98500312865,15.243,15.576,20.836,267.208,10.297,10.332
20241115121310.9,2407.51199685037,15.245,15.523,20.788,269.071,10.303,10.312
20241115121311.4,2408.01200419664,15.348,15.497,20.703,270.945,10.293,10.356
20241115121311.9,2408.51200148463,15.376,15.483,20.701,272.832,10.289,10.336
20241115121312.4,2409.02800150216,15.325,15.513,20.681,274.223,10.312,10.336
20241115121312.9,2409.54300574958,15.236,15.566,20.661,275.914,10.303,10.346
20241115121313.5,2410.05899570882,15.323,15.693,20.659,277.996,10.293,10.332
20241115121314,2410.60600541532,15.166,15.733,20.685,280.289,10.297,10.318
20241115121314.5,2411.12500280142,15.103,15.818,20.665,282.33,10.316,10.344
20241115121315.1,2411.66799925268,15.115,15.863,20.747,284.318,10.303,10.334
20241115121315.6,2412.17199973762,15.012,15.824,20.745,286.281,10.293,10.354
20241115121316.1,2412.68799975514,15.139,15.717,20.725,287.779,10.306,10.318
20241115121316.6,2413.19999657571,15.139,15.683,20.752,289.234,10.306,10.342
20241115121317.1,2413.71500082314,15.214,15.63,20.806,291.241,10.318,10.34
20241115121317.6,2414.23100084066,15.275,15.588,20.925,292.982,10.306,10.342
20241115121318.2,2414.74999822676,15.39,15.606,20.818,294.236,10.287,10.334
20241115121318.7,2415.25000557303,15.57,15.598,20.816,295.155,10.31,10.336
20241115121319.2,2415.76999872923,15.622,15.566,20.952,296.857,10.306,10.336
20241115121319.7,2416.28599874675,15.503,15.604,21.05,298.859,10.299,10.354
20241115121320.2,2416.79699979722,15.529,15.622,21.067,300.808,10.322,10.342
20241115121320.7,2417.30100028217,15.647,15.634,21.024,301.913,10.322,10.346
20241115121321.2,2417.80900396407,15.507,15.693,21.034,303.207,10.318,10.348
20241115121321.7,2418.34000088274,15.392,15.768,21.038,304.476,10.299,10.332
20241115121322.3,2418.86800043285,15.325,15.857,21.018,305.415,10.314,10.354
20241115121322.8,2419.39899735153,15.18,15.903,21.032,306.861,10.308,10.358
20241115121323.3,2419.91400159895,15.024,15.855,21.15,308.455,10.32,10.334
20241115121323.8,2420.41399888694,15.077,15.776,21.269,310.267,10.306,10.342
20241115121324.3,2420.92999890447,15.204,15.731,21.285,311.868,10.312,10.344
20241115121324.8,2421.43399938941,15.297,15.679,21.299,313.071,10.32,10.344
20241115121325.3,2421.93799987435,15.574,15.572,21.234,314.368,10.312,10.342
20241115121325.8,2422.43799716234,15.776,15.584,21.299,316.131,10.303,10.33
20241115121326.3,2422.94199764729,15.964,15.665,21.4,317.801,10.312,10.34
20241115121326.8,2423.44599813223,16.059,15.731,21.412,318.125,10.31,10.356
20241115121327.3,2423.9460054785,15.994,15.849,21.331,318.577,10.314,10.36
20241115121327.9,2424.4650028646,15.808,15.877,21.432,319.595,10.324,10.332
20241115121328.4,2424.96099695563,15.596,15.948,21.459,320.816,10.314,10.334
20241115121328.9,2425.48100017011,15.79,15.964,21.495,322.029,10.314,10.342
20241115121329.4,2425.9809974581,15.964,15.96,21.42,323.03,10.295,10.338
20241115121329.9,2426.48100480437,16.089,16.041,21.366,323.374,10.314,10.346
20241115121330.4,2426.98100209236,16.188,16.127,21.376,323.284,10.303,10.354
20241115121330.9,2427.49999947846,16.073,16.176,21.406,324.994,10.334,10.368
20241115121331.4,2428.0039999634,16.192,16.232,21.404,326.765,10.32,10.344
20241115121331.9,2428.52400317788,16.277,16.275,21.444,328.244,10.303,10.36
20241115121332.4,2429.02400046587,16.366,16.329,21.394,329.199,10.32,10.34
20241115121332.9,2429.5390047133,16.388,16.354,21.469,330.668,10.306,10.356
20241115121333.4,2430.03900200129,16.424,16.366,21.57,331.378,10.308,10.352
20241115121334,2430.55099882185,16.438,16.388,21.863,333.349,10.308,10.334
20241115121334.5,2431.06699883938,16.477,16.41,22.065,335.002,10.312,10.35
20241115121335,2431.56699612737,16.507,16.434,22.028,335.803,10.324,10.348
20241115121335.5,2432.08200037479,16.572,16.485,21.806,336.609,10.32,10.36
20241115121336,2432.59800039232,16.634,16.497,21.727,336.917,10.312,10.342
20241115121336.5,2433.10600407422,16.667,16.455,21.731,337.751,10.318,10.332
20241115121337,2433.61000455916,16.715,16.531,21.673,338.668,10.314,10.348
20241115121337.5,2434.1249987483,16.655,16.517,21.683,339.761,10.31,10.354
20241115121338,2434.62899923325,16.582,16.473,21.818,340.366,10.314,10.342
20241115121338.5,2435.13299971819,16.572,16.457,21.766,340.795,10.31,10.354
20241115121339.1,2435.65300293267,16.572,16.41,21.851,344.073,10.301,10.338
20241115121339.6,2436.16099655628,16.558,16.41,21.804,370.911,10.312,10.322
20241115121340.1,2436.7070004344,16.525,16.408,21.737,475.789,10.318,10.358
20241115121340.6,2437.23900318146,16.475,16.424,21.715,551.125,10.324,10.346
20241115121341.1,2437.7430036664,16.291,16.442,21.65,602.59,10.303,10.338
20241115121341.7,2438.25799785554,16.174,16.428,21.606,625.086,10.316,10.36
20241115121342.2,2438.77399787307,16.139,16.422,21.545,634.926,10.332,10.356
20241115121342.7,2439.29300531745,16.168,16.364,21.586,618.15,10.295,10.344
20241115121343.2,2439.79699574411,15.933,16.251,21.566,608.404,10.314,10.35
20241115121343.7,2440.32800272107,15.82,16.184,21.578,608.049,10.318,10.36
20241115121344.3,2440.85600227118,15.802,16.117,21.889,608.955,10.322,10.34
20241115121344.8,2441.38699918985,15.705,16.063,21.867,611.412,10.316,10.34
20241115121345.3,2441.91799610853,15.669,16.032,21.772,604.614,10.308,10.36
20241115121345.8,2442.42199659348,15.404,16.043,21.739,594.431,10.299,10.34
20241115121346.3,2442.937996611,15.214,16.016,21.802,592.203,10.316,10.338
20241115121346.9,2443.45000348985,15.19,16.012,21.842,596.591,10.306,10.352
20241115121347.4,2443.964997679,15.166,16.049,21.899,597.762,10.318,10.328
20241115121347.9,2444.48500089347,14.98,16.02,21.814,603.01,10.308,10.344
20241115121348.4,2444.99600194395,14.917,15.946,21.729,602.291,10.297,10.334
20241115121348.9,2445.51200196147,14.824,15.974,21.57,608.706,10.303,10.346
20241115121349.4,2446.01199924946,15.067,16.036,21.614,613.111,10.318,10.338
20241115121349.9,2446.53200246394,15.287,16.113,21.679,613.998,10.324,10.348
20241115121350.4,2447.04699665308,15.461,16.135,21.82,608.454,10.316,10.35
20241115121351,2447.56699986756,15.634,16.166,21.877,605.626,10.32,10.362
20241115121351.5,2448.08200411499,15.776,16.212,21.848,607.129,10.316,10.338
20241115121352,2448.58600459993,15.944,16.283,21.65,610.676,10.303,10.336
20241115121352.5,2449.10200461745,16.028,16.309,21.632,613.253,10.324,10.346
20241115121353,2449.63300153613,16.091,16.339,21.588,614.625,10.299,10.334
20241115121353.6,2450.14900155365,16.172,16.335,21.533,617.578,10.316,10.322
20241115121354.1,2450.66099837422,16.188,16.354,21.503,621.632,10.308,10.36
20241115121354.6,2451.17999576032,16.23,16.37,21.442,624.162,10.303,10.346
20241115121355.1,2451.6999989748,16.285,16.396,21.349,626.387,10.314,10.35
20241115121355.6,2452.23499909043,16.295,16.447,21.378,623.663,10.314,10.364
20241115121356.2,2452.75000333786,16.343,16.455,21.345,627.021,10.299,10.316
20241115121356.7,2453.2540038228,16.358,16.487,21.347,629.993,10.291,10.348
20241115121357.2,2453.77000384033,16.384,16.479,21.329,636.441,10.301,10.338
20241115121357.7,2454.28600385785,16.382,16.467,21.455,636.988,10.318,10.328
20241115121358.2,2454.79700490832,16.408,16.465,21.752,638.05,10.316,10.344
20241115121358.7,2455.30100539327,16.432,16.485,22.008,640.23,10.303,10.332
20241115121359.2,2455.81700541079,16.434,16.449,22.191,639.372,10.297,10.356
20241115121359.7,2456.33600279689,16.459,16.438,22.295,642.335,10.308,10.34
20241115121400.3,2456.85599595308,16.485,16.467,22.232,644.789,10.301,10.326
20241115121400.8,2457.36800283194,16.249,16.459,22.242,647.502,10.301,10.34
20241115121401.3,2457.88299702108,15.944,16.426,22.085,654.307,10.322,10.336
20241115121401.8,2458.39500389993,15.82,16.348,22.15,657.324,10.289,10.338
20241115121402.3,2458.91400128603,15.495,16.156,21.927,655.625,10.32,10.354
20241115121402.8,2459.41800177097,15.44,16.018,21.857,653.81,10.308,10.332
20241115121403.3,2459.9340017885,15.467,15.98,21.818,661.21,10.33,10.328
20241115121403.9,2460.45000180602,15.416,15.942,21.723,663.353,10.316,10.336
20241115121404.4,2460.96899919212,15.295,15.96,21.549,665.207,10.299,10.332
20241115121404.9,2461.48499920964,15.168,15.937,21.354,666.449,10.293,10.34
20241115121405.4,2462.00399659574,15.047,15.893,21.269,665.782,10.316,10.344
20241115121405.9,2462.51999661326,15.135,15.905,21.19,667.673,10.31,10.344
20241115121406.5,2463.05100359023,15.045,15.946,21.299,671.366,10.303,10.34
20241115121407,2463.57799731195,14.992,15.95,21.349,668.22,10.303,10.326
20241115121407.5,2464.09399732947,15.006,15.853,21.374,670.556,10.293,10.328
20241115121408,2464.61400054395,15.129,15.84,21.481,676.041,10.308,10.338
20241115121408.5,2465.12500159442,15.15,15.778,21.638,670.262,10.308,10.338
20241115121409,2465.6450048089,15.323,15.701,21.549,674.065,10.312,10.332
20241115121409.6,2466.15700162947,15.475,15.687,21.519,679.798,10.295,10.35
20241115121410.1,2466.66399948299,15.465,15.651,21.58,682.194,10.31,10.34
20241115121410.6,2467.17200316489,15.473,15.642,21.626,685.288,10.299,10.354
20241115121411.1,2467.68399998546,15.511,15.655,21.907,689.152,10.312,10.316
20241115121411.6,2468.20299737155,15.481,15.699,22.187,691.548,10.303,10.324
20241115121412.1,2468.71500425041,15.471,15.643,22.362,690.359,10.303,10.324
20241115121412.6,2469.2349974066,15.479,15.594,22.653,693.794,10.308,10.34
20241115121413.1,2469.74599845707,15.404,15.665,22.593,697.069,10.308,10.328
20241115121413.7,2470.2619984746,15.388,15.6,22.465,695.799,10.306,10.33
20241115121414.2,2470.77799849212,15.396,15.541,22.277,701.774,10.293,10.36
20241115121414.7,2471.28899954259,15.4,15.455,22.358,701.104,10.306,10.324
20241115121415.2,2471.80900275707,15.44,15.443,22.326,704.497,10.293,10.34
20241115121415.7,2472.3359964788,15.477,15.453,21.85,703.931,10.316,10.34
20241115121416.3,2472.84800335765,15.471,15.533,21.543,704.948,10.293,10.356
20241115121416.8,2473.36400337517,15.449,15.564,21.224,705.197,10.308,10.332
20241115121417.3,2473.87899756432,15.499,15.622,20.95,715.904,10.328,10.34
20241115121417.8,2474.39499758184,15.574,15.754,20.952,716.654,10.297,10.332
20241115121418.3,2474.91099759936,15.406,15.798,21.038,717.456,10.306,10.322
20241115121418.8,2475.41400231421,15.422,15.845,21.238,714.719,10.287,10.338
20241115121419.3,2475.92599913478,15.311,15.919,21.418,719.958,10.301,10.34
20241115121419.9,2476.45300291479,15.232,15.966,21.691,723.988,10.306,10.362
20241115121420.4,2476.96900293231,15.303,15.859,21.984,724.218,10.31,10.348
20241115121420.9,2477.48500294983,15.475,15.913,22.097,725.883,10.32,10.34
20241115121421.4,2477.99999713898,15.574,16.006,22.221,728.019,10.31,10.34
20241115121421.9,2478.52000035346,15.655,16.091,22.03,727.629,10.306,10.332
20241115121422.4,2479.03600037098,15.681,16.135,21.869,735.081,10.326,10.34
20241115121423,2479.55900095403,15.804,16.148,21.956,736.234,10.295,10.322
20241115121423.5,2480.0709977746,15.966,16.206,21.972,738,10.31,10.342
20241115121424,2480.57100512087,16.079,16.243,21.814,738.66,10.287,10.344
20241115121424.5,2481.08599931002,16.053,16.285,21.707,741.959,10.33,10.346
20241115121425,2481.60199932754,16.024,16.35,21.709,745.622,10.297,10.348
20241115121425.5,2482.11799934506,15.818,16.37,21.749,746.216,10.31,10.35
20241115121426,2482.63300359249,15.616,16.424,21.705,745.782,10.287,10.336
20241115121426.6,2483.14900361001,15.412,16.426,21.661,745.87,10.297,10.34
20241115121427.1,2483.66399779916,15.386,16.422,21.616,750.062,10.308,10.334
20241115121427.6,2484.18400101364,15.616,16.402,21.626,746.446,10.301,10.33
20241115121428.1,2484.70000103116,15.671,16.4,21.687,747.062,10.287,10.346
20241115121428.6,2485.21500527859,15.669,16.416,21.669,752.521,10.299,10.346
20241115121429.1,2485.73100529611,15.671,16.404,21.638,752.857,10.306,10.322
20241115121429.6,2486.24300211668,15.624,16.414,21.618,756.165,10.289,10.34
20241115121430.2,2486.75799630582,15.513,16.402,21.606,757.039,10.308,10.334
20241115121430.7,2487.27399632335,15.541,16.408,21.636,756.476,10.31,10.34
20241115121431.2,2487.78900057077,15.497,16.404,21.727,759.722,10.322,10.346
20241115121431.7,2488.3050005883,15.481,16.386,21.75,761.4,10.301,10.34
20241115121432.2,2488.82100060582,15.587,16.441,21.754,760.82,10.305,10.355
20241115121432.8,2489.3519975245,15.714,16.433,21.781,763.899,10.317,10.345
20241115121433.3,2489.85599800944,15.843,16.403,21.807,771.146,10.307,10.337
20241115121433.8,2490.37100225687,15.985,16.415,21.958,769.721,10.313,10.337
20241115121434.3,2490.88700227439,16.076,16.419,22.226,771.163,10.321,10.345
20241115121434.8,2491.39899909496,16.128,16.401,22.408,773.827,10.305,10.339
20241115121435.3,2491.91400334239,16.177,16.413,22.433,775.879,10.311,10.353
20241115121435.8,2492.43000335991,16.258,16.419,22.392,781.429,10.329,10.347
20241115121436.4,2492.94999651611,16.304,16.409,22.463,787.15,10.327,10.349
20241115121436.9,2493.46500076354,16.33,16.441,22.704,786.768,10.327,10.345
20241115121437.4,2493.9769975841,16.365,16.47,22.696,786.984,10.309,10.343
20241115121437.9,2494.48099806905,16.381,16.443,22.786,789.811,10.307,10.355
20241115121438.4,2494.9930049479,16.43,16.461,22.712,792.448,10.299,10.342
20241115121438.9,2495.50000280142,16.449,16.477,22.62,794.088,10.295,10.332
20241115121439.4,2496.01199962199,16.471,16.497,22.483,793.892,10.328,10.338
20241115121439.9,2496.53200283647,16.477,16.537,22.44,797.442,10.297,10.334
20241115121440.5,2497.05100022256,16.485,16.503,22.368,790.2,10.291,10.338
20241115121441,2497.57499657571,16.505,16.515,22.211,794.335,10.314,10.336
20241115121441.5,2498.08200448751,16.533,16.507,22.073,794.554,10.293,10.338
20241115121442,2498.59400130808,16.552,16.527,22.05,799.564,10.297,10.344
20241115121442.5,2499.10599812865,16.594,16.523,22.166,795.728,10.291,10.334
20241115121443,2499.61800500751,16.578,16.55,22.193,803.655,10.308,10.356
20241115121443.5,2500.13299919665,16.578,16.572,21.988,802.024,10.301,10.332
20241115121444.1,2500.64899921417,16.596,16.578,21.76,801.504,10.299,10.368
20241115121444.6,2501.1640034616,16.574,16.586,21.685,805.434,10.31,10.318
20241115121445.1,2501.68399661779,16.624,16.608,21.687,812.241,10.322,10.336
20241115121445.6,2502.19999663532,16.64,16.61,21.661,811.306,10.301,10.318
20241115121446.1,2502.70700454712,16.61,16.628,21.582,812.87,10.326,10.324
20241115121446.6,2503.21100503206,16.586,16.651,21.475,812.8,10.33,10.352
20241115121447.1,2503.7460051477,16.562,16.634,21.384,810.435,10.312,10.332
20241115121447.7,2504.26200516522,16.584,16.58,21.42,814.639,10.308,10.334
20241115121448.2,2504.77800518274,16.362,16.519,21.509,815.967,10.301,10.342
20241115121448.7,2505.28899617493,16.079,16.505,21.535,820.141,10.318,10.334
20241115121449.2,2505.80100305378,15.675,16.271,21.566,817.65,10.308,10.338
20241115121449.7,2506.31299987435,15.285,16.111,21.683,819.974,10.297,10.342
20241115121450.2,2506.82100355625,15.188,16.127,21.776,820.797,10.31,10.33
20241115121450.7,2507.33200460672,14.954,16.16,21.846,824.122,10.291,10.356
20241115121451.3,2507.85199776292,14.774,16.174,21.949,821.589,10.293,10.358
20241115121451.8,2508.35599824786,14.715,16.176,22.113,820.828,10.287,10.346
20241115121452.3,2508.87100249529,14.695,16.206,22.156,819.876,10.299,10.338
20241115121452.8,2509.38700251281,14.622,16.142,22.154,817.839,10.287,10.352
20241115121453.3,2509.90699566901,14.806,16.004,22.093,828.83,10.306,10.354
20241115121453.8,2510.44199578464,15.012,15.851,22.002,830.495,10.32,10.354
20241115121454.4,2510.95700003207,15.111,15.632,21.822,836.791,10.312,10.35
20241115121454.9,2511.47300004959,15.115,15.388,21.806,839.553,10.314,10.322
20241115121455.4,2512.00399696827,15.214,15.325,21.701,842.096,10.303,10.346
20241115121455.9,2512.53199651837,15.241,15.337,21.59,840.942,10.301,10.334
20241115121456.4,2513.0470007658,15.253,15.374,21.59,845.583,10.322,10.35
20241115121457.1,2513.66799920797,15.39,15.4,21.529,845.765,10.293,10.324
20241115121457.6,2514.18800242245,15.327,15.436,21.515,846.139,10.318,10.35
20241115121458.1,2514.70699980855,15.261,15.428,21.578,848.719,10.32,10.342
20241115121458.6,2515.21899662912,15.222,15.447,21.685,849.123,10.295,10.334
20241115121459.1,2515.7389998436,15.164,15.586,21.863,856.263,10.312,10.332
20241115121459.7,2516.25000089407,15.079,15.689,22.042,860.678,10.295,10.342
20241115121500.2,2516.76600091159,15.124,15.775,22.015,859.828,10.307,10.333
20241115121500.7,2517.28200092912,15.318,15.856,22.114,854.538,10.29,10.349
20241115121501.2,2517.80099831522,15.276,15.924,22.345,853.231,10.325,10.353
20241115121501.7,2518.32100152969,15.207,15.967,22.318,857.727,10.313,10.351
20241115121502.2,2518.83999891579,15.207,15.979,22.11,863.858,10.299,10.333
20241115121502.8,2519.35599893332,15.235,16.013,21.975,861.61,10.309,10.365
20241115121503.3,2519.86799575388,15.191,16.049,21.728,864.082,10.309,10.349
20241115121503.8,2520.38300000131,15.195,16.082,21.462,865.127,10.305,10.355
20241115121504.3,2520.90300321579,15.251,15.894,21.361,859.656,10.305,10.359
20241115121504.8,2521.41400426626,15.266,15.686,21.245,868.666,10.319,10.337
20241115121505.3,2521.92199788988,15.142,15.759,21.209,870.041,10.296,10.361
20241115121505.8,2522.4379979074,15.05,15.841,21.1,867.079,10.303,10.335
20241115121506.3,2522.94199839234,15.031,15.922,21.047,861.871,10.309,10.359
20241115121506.9,2523.45299944282,15.037,15.997,21.033,864.933,10.307,10.351
20241115121507.4,2523.96899946034,15.062,16.041,21.031,871.056,10.307,10.351
20241115121507.9,2524.48099628091,15.094,16.052,20.969,874.578,10.305,10.347
20241115121508.4,2525.00000372529,15.128,16.09,20.993,876.188,10.305,10.337
20241115121508.9,2525.51999688148,15.15,16.155,21.011,881.187,10.307,10.349
20241115121509.4,2526.03599689901,15.199,16.175,21.169,878.137,10.313,10.339
20241115121509.9,2526.54699794948,15.217,16.197,21.276,880.335,10.307,10.357
20241115121510.5,2527.062997967,15.201,16.156,21.383,883.452,10.331,10.331
20241115121511,2527.57800221443,15.298,16.189,21.591,879.074,10.319,10.359
20241115121511.5,2528.10600176454,15.225,16.239,21.775,878.613,10.319,10.365
20241115121512,2528.62099595368,15.346,16.233,21.797,876.184,10.317,10.345
20241115121512.5,2529.1369959712,15.399,16.255,21.825,876.852,10.327,10.359
20241115121513.1,2529.65299598873,15.532,16.28,21.692,868.034,10.329,10.353
20241115121513.6,2530.1639970392,15.577,16.296,21.419,872.25,10.301,10.345
20241115121514.1,2530.68800345063,15.647,16.308,21.3,865.341,10.294,10.347
20241115121514.6,2531.20299763978,15.744,16.326,21.564,860.973,10.325,10.347
20241115121515.1,2531.7189976573,15.591,16.334,21.795,848.769,10.311,10.353
20241115121515.7,2532.25000463426,15.405,16.296,21.867,856.657,10.299,10.339
20241115121516.2,2532.76600465178,15.571,16.193,21.843,848.993,10.311,10.349
20241115121516.7,2533.28200466931,15.682,16.088,21.805,840.204,10.321,10.363
20241115121517.2,2533.79699885845,15.722,15.962,21.904,837.255,10.315,10.353
20241115121517.7,2534.32800583541,15.748,15.969,21.956,831.24,10.299,10.351
20241115121518.3,2534.84799899161,15.876,15.92,22.189,831.71,10.313,10.347
20241115121518.8,2535.36800220609,15.96,15.886,22.019,829.198,10.325,10.349
20241115121519.3,2535.87900325656,15.805,15.928,21.793,833.504,10.323,10.357
20241115121519.8,2536.39500327408,15.407,15.967,21.736,843.252,10.327,10.359
20241115121520.3,2536.92600019276,15.375,16.015,21.777,844.85,10.327,10.355
20241115121520.9,2537.45699711144,15.405,16.003,21.829,841.915,10.307,10.345
20241115121521.4,2537.97299712896,15.567,15.999,21.789,845.86,10.313,10.359
20241115121521.9,2538.48899714649,15.498,15.87,21.766,848.646,10.307,10.327
20241115121522.4,2539.02399726212,15.338,15.668,21.77,851.277,10.313,10.341
20241115121523,2539.57500010729,15.189,15.668,21.89,844.47,10.313,10.345
20241115121523.5,2540.11000022292,15.306,15.69,21.972,829.359,10.321,10.361
20241115121524,2540.62100127339,15.411,15.736,21.981,831.476,10.315,10.349
20241115121524.5,2541.13700129092,15.556,15.803,21.859,821.709,10.319,10.347
20241115121525.1,2541.64899811149,15.696,15.853,21.789,825.381,10.307,10.375
20241115121525.6,2542.16800555587,15.835,15.876,21.718,842.957,10.305,10.353
20241115121526.1,2542.68000237644,15.7,15.809,21.714,837.243,10.323,10.341
20241115121526.6,2543.19600239396,15.583,15.728,21.573,840.467,10.307,10.347
20241115121527.1,2543.7109965831,15.486,15.718,21.548,853.862,10.309,10.351
20241115121527.6,2544.22300346196,15.257,15.676,21.625,851.393,10.327,10.361
20241115121528.1,2544.73900347948,15.013,15.567,21.734,851.033,10.311,10.345
20241115121528.7,2545.25000452995,14.918,15.498,21.926,851.174,10.317,10.335
20241115121529.2,2545.76999768615,15.061,15.482,22.009,855.757,10.307,10.363
20241115121529.7,2546.282004565,14.969,15.54,21.857,864.09,10.325,10.359
20241115121530.2,2546.79699875414,14.882,15.55,21.675,864.422,10.335,10.349
20241115121530.7,2547.31299877167,14.966,15.478,21.607,858.179,10.311,10.349
20241115121531.2,2547.82499559224,15.255,15.473,21.447,856.686,10.321,10.369
20241115121531.7,2548.33999983966,15.492,15.639,21.318,860.923,10.313,10.367
20241115121532.4,2548.98100420833,15.542,15.762,21.255,867.798,10.325,10.357
20241115121532.9,2549.4930010289,15.409,15.752,21.259,863.185,10.315,10.355
20241115121533.4,2550.00400207937,15.366,15.732,21.328,860.677,10.315,10.359
20241115121533.9,2550.52000209689,15.296,15.815,21.518,864.275,10.341,10.369
20241115121534.4,2551.03199891746,15.328,15.805,21.673,865.302,10.327,10.345
20241115121534.9,2551.54700316489,15.566,15.811,21.756,867.683,10.303,10.347
20241115121535.5,2552.06300318241,15.766,15.878,21.73,866.461,10.337,10.355
20241115121536,2552.57500000298,15.938,15.916,21.615,864.768,10.325,10.365
20241115121536.5,2553.09000425041,15.857,16.009,21.591,861.618,10.315,10.369
20241115121537,2553.60600426793,15.768,15.977,21.613,866.956,10.317,10.351
20241115121537.5,2554.1180010885,15.639,15.979,21.787,872.388,10.303,10.337
20241115121538,2554.63300533593,15.504,15.94,21.932,876.59,10.323,10.345
20241115121538.6,2555.15299849212,15.451,15.845,21.884,881.571,10.309,10.351
20241115121539.1,2555.66399954259,15.326,15.726,21.995,881.284,10.327,10.345
20241115121539.6,2556.17999956012,15.429,15.76,21.96,882.171,10.319,10.341
20241115121540.1,2556.69199638069,15.516,15.736,21.958,881.616,10.319,10.369
20241115121540.6,2557.20700062811,15.526,15.712,22.114,879.055,10.311,10.343
20241115121541.1,2557.71899744868,15.461,15.663,22.161,888.353,10.327,10.347
20241115121541.6,2558.23900066316,15.435,15.617,22.245,889.525,10.311,10.339
20241115121542.2,2558.75799804926,15.389,15.698,22.228,895.844,10.307,10.339
20241115121542.7,2559.27399806678,15.383,15.752,22.114,894.703,10.307,10.353
20241115121543.2,2559.79300551116,15.397,15.789,22.147,896.879,10.319,10.357
20241115121543.7,2560.30099913478,15.474,15.811,22.177,897.4,10.325,10.341
20241115121544.2,2560.80900281668,15.526,15.789,22.241,893.296,10.309,10.337
20241115121544.7,2561.3250028342,15.375,15.807,22.33,892.577,10.327,10.361
20241115121545.2,2561.83999702334,15.199,15.849,22.212,927.924,10.305,10.365
20241115121545.8,2562.3520039022,15.007,15.87,21.265,717.168,10.311,10.353
20241115121546.3,2562.86800391972,15.296,15.865,20.263,380.178,10.311,10.355
20241115121546.8,2563.38299810886,15.259,15.882,19.003,229.169,10.307,10.351
20241115121547.3,2563.89899812639,15.358,15.928,18.205,149.274,10.305,10.357
20241115121547.8,2564.41400237381,15.282,15.979,18.33,108.288,10.301,10.347
20241115121548.3,2564.92599919438,15.116,16.055,18.504,83.987,10.303,10.331
20241115121548.8,2565.44600240886,14.847,16.088,18.69,67.316,10.297,10.363
20241115121549.4,2565.96499979496,14.954,16.13,18.803,55.017,10.313,10.386
20241115121549.9,2566.49299934506,15.148,16.148,18.946,45.791,10.301,10.349
20241115121550.4,2567.00800359249,15.259,16.124,19.144,39.341,10.329,10.353
20241115121550.9,2567.5360031426,15.104,16.104,19.334,34.232,10.299,10.341
20241115121551.5,2568.05099733174,14.823,16.09,19.51,30.383,10.309,10.327
20241115121552,2568.5820043087,15.037,16.07,19.605,27.263,10.29,10.343
20241115121552.5,2569.09800432622,15.199,16.001,19.769,24.715,10.303,10.335
20241115121553,2569.61799748242,15.148,15.953,19.791,22.796,10.292,10.341
20241115121553.5,2570.12500539422,14.953,15.942,19.833,21.641,10.309,10.335
20241115121554.1,2570.66100127995,14.726,15.971,19.934,20.69,10.321,10.347
20241115121554.6,2571.184001863,14.567,15.979,20.037,19.769,10.299,10.347
20241115121555.1,2571.7029992491,14.67,15.995,19.975,19.134,10.288,10.317
20241115121555.6,2572.22699560225,14.847,16.009,20.031,18.617,10.309,10.327
20241115121556.1,2572.7390024811,14.932,16.041,20.031,18.247,10.303,10.335
20241115121556.7,2573.25399667025,14.759,16.056,19.993,17.942,10.301,10.333
20241115121557.2,2573.76999668777,14.777,16.003,19.944,17.585,10.282,10.345
20241115121557.7,2574.28599670529,15.017,15.92,19.878,17.302,10.303,10.341
20241115121558.2,2574.79699775577,15.219,15.835,19.734,17.134,10.311,10.337
20241115121558.7,2575.30900463462,15.296,15.823,19.544,17.051,10.307,10.333
20241115121559.5,2576.06699690223,15.204,15.907,19.38,16.812,10.285,10.322
20241115121560,2576.59400068223,15.253,16.022,19.347,16.772,10.283,10.332
20241115121600.5,2577.12900079787,15.338,16.072,19.35,16.744,10.309,10.329
20241115121601,2577.64099761844,15.344,16.118,19.3,16.563,10.303,10.341
20241115121601.6,2578.16100083292,15.559,16.001,19.352,16.597,10.284,10.319
20241115121602.1,2578.67200188339,15.714,15.88,19.484,16.601,10.268,10.319
