DPT_zero_span_1,DPT_zero_span_2,DPT_calib_V_1,DPT_calib_V_2,O2Inlet_zero_span_1,O2Inlet_zero_span_2,O2Inlet_calib_V_1,O2Inlet_calib_V_2,CO_zero_span_1,CO_zero_span_2,CO_calib_V_1,CO_calib_V_2,CO2_zero_span_1,CO2_zero_span_2,CO2_calib_V_1,CO2_calib_V_2,O2_zero_span_1,O2_zero_span_2,O2_calib_V_1,O2_calib_V_2,desired_heat_flux,heatflux_calib
0,500,0.0235492211,5.02635,0,20.95,2.25158433,4.13856064,0,412,2.00341937,8.5155951,0,2556,2.0530689,5.94240805,0,NaN,2.25310682,2.57879588,15,0.1017
timestamp,test_time,v_data_1,v_data_2,v_data_3,v_data_4,v_data_5,v_data_6,v_data_7,v_data_8,v_data_9,v_data_10,v_data_11,v_data_12,v_data_13,temperatures_1,temperatures_2,temperatures_3,mass,MLR,smooth_MLR,conc_O2,conc_CO,conc_CO2,DPT_Pa,RH_ambient,T_cold_trap,T_duct,T_ambient,Q_OC__O2_CO2_CO,IR_Controller,O2_inlet,conc_CO2_hood,conc_CO_hood,conc_O2_hood,Extra TCs_1,Extra TCs_2,Extra TCs_3,Extra TCs_4
20260514164656.3,0,9.7881706,0.54211656,2.0026182,2.7301318,-0.000368829,-0.000711087,0.002396246,1.2096803,-0.001761168,0.000635949,-0.001288126,4.1311012,-0.000791343,288.559,287.294,289.637,0.06,NaN,NaN,NaN,-0.0506869061408253,444.952909905016,51.827702302991,-0.01582686,288.559,287.294,289.637,-0.0218437521612368+0i,0.000635949,20.8671821780847,455.534895391825,21.6607708030651,20.9394679809701,-9.9e+37,322.705,-9.9e+37,-9.9e+37
20260514164659.6,3.31300757825375,9.7881488,0.48415479,2.0029243,2.7304269,-0.000365889,-0.000708147,0.002379149,1.2097568,0.09166381,0.00062898,-0.11570754,4.131451,0.00142514,288.565,287.273,289.631,0.24,NaN,NaN,NaN,-0.0313211510953977,445.146844033902,46.0347702473651,0.0285028,288.565,287.273,289.631,-0.0183702340967094+0i,0.00062898,20.8710658039475,443.587801153806,20.594406582085,20.9396745438848,-9.9e+37,727.141,687.727,264.811
20260514164701.9,5.6130051612854,9.7888373,0.62054217,2.0030663,2.7302083,-0.0003648,-0.000710434,0.002403651,1.2097787,6.766e-05,0.000636603,-0.041817936,4.1309373,0.67708752,288.546,287.289,289.61,0.28,NaN,NaN,NaN,-0.0223373640439348,445.003184255608,59.6658727065348,13.5417504,288.546,287.289,289.61,-0.00661722499910287+0i,0.000636603,20.8653624917527,431.778346250318,20.5397244312835,20.9394679809701,-9.9e+37,-9.9e+37,-9.9e+37,171.832
20260514164704,7.73100815713406,9.7877225,0.681495,2.0026401,2.730088,-0.00036578,-0.000713374,0.002352579,1.2097896,0.1961715,0.000640632,0.10652683,4.1311777,0.75807967,288.562,287.302,289.599,0.3,NaN,NaN,NaN,-0.0493013784195284,444.924125374873,65.7577433100053,15.1615934,288.562,287.302,289.599,-0.0218142654314443+0i,0.000640632,20.8680315130718,432.190012987261,20.5808294649155,20.9399106926337,9.9e+37,780.945,675.951,341.63
20260514164706,9.75800380110741,9.7877116,0.53805282,2.002651,2.7306892,-0.000365889,-0.000709998,0.002426955,1.2098005,0.29905925,0.000628109,0.11845763,4.1311668,0.74355213,288.557,287.292,289.626,0.36,NaN,NaN,NaN,-0.0486117778641528,445.319222624235,51.4215558082975,14.8710426,288.557,287.292,289.626,-0.0706847048728654+0i,0.000628109,20.8679104967142,423.263476509037,21.6744724809419,20.9418294684588,-9.9e+37,521.361,596.869,-9.9e+37
20260514164708.1,11.7930058389902,9.7880832,0.56828427,2.0029789,2.7306236,-0.000363275,-0.000709127,0.002365646,1.2097459,0.14603603,0.000637801,0.016529692,4.1309701,0.69000114,288.57,287.297,289.639,0.37,NaN,NaN,NaN,-0.0278668217080025,445.276111547125,54.4430083242068,13.8000228,288.57,287.297,289.639,-0.0648589719739233+0i,0.000637801,20.8657266510675,424.773755388936,21.6744724809419,20.9415341480417,-9.9e+37,-9.9e+37,785.237,417.445
20260514164710.2,13.8869997113943,9.7883892,0.52021994,2.0026729,2.731498,-0.000365344,-0.000707167,0.002368151,1.209735,0.28847212,0.000638672,-0.0072774,4.1313635,0.70717709,288.535,287.308,289.618,0.43,NaN,NaN,NaN,-0.047226250142856,445.850750660302,49.6392661681411,14.1435418,288.535,287.308,289.618,-0.105981344321917+0i,0.000638672,20.8700943423609,425.186673392557,21.6744724809419,20.9430691149093,-9.9e+37,-9.9e+37,666.987,340.807
20260514164712.3,16.0270001739264,9.7878864,0.48168097,2.0027057,2.7312138,-0.000360988,-0.000708691,0.002363469,1.2097787,0.40228743,0.000636276,-0.000914613,4.131604,0.75088957,288.543,287.308,289.542,0.4,NaN,NaN,NaN,-0.0451511218661693,445.663979804898,45.7875267422436,15.0177914,288.543,287.308,289.542,-0.0890909230383833+0i,0.000636276,20.8727644739218,424.224449317458,21.6744724809419,20.9426264032457,-9.9e+37,-9.9e+37,622.528,88.796
20260514164714.3,18.0269993841648,9.7881488,0.52218961,2.0030663,2.7320226,-0.00035881,-0.000710978,0.002382634,1.2097896,0.4103298,0.000636494,-0.023183967,4.131134,0.61915413,288.543,287.327,289.493,0.5,NaN,NaN,NaN,-0.0223373640439348,446.195507840966,49.8361228977062,12.3830826,288.543,287.327,289.493,-0.132209255382734+0i,0.000636494,20.8675463373994,425.049034058018,22.4400225921609,20.9439545382365,-9.9e+37,-9.9e+37,-9.9e+37,-9.9e+37
20260514164716.4,20.0980000197887,9.7878755,0.57770378,2.002651,2.7320772,-0.000362077,-0.000710869,0.002356717,1.2097896,0.30173276,0.000635732,0.0055118,4.1315275,0.62772246,288.554,287.335,289.471,0.47,NaN,NaN,NaN,-0.0486117778641528,446.231389926487,55.3844319803044,12.5544492,288.554,287.335,289.471,-0.0971756913384063+0i,0.000635732,20.8719151389346,413.101939819991,23.3559174779066,20.9427737944922,1297.893,121.264,-9.9e+37,92.925
20260514164718.5,22.227006778121,9.7878427,0.47987717,2.002651,2.73211,-0.000363057,-0.0007088,0.002399731,1.2097677,0.43563325,0.000637365,-0.001132623,4.1311012,0.80218064,288.543,287.351,289.49,0.44,NaN,NaN,NaN,-0.0486117778641528,446.252945465042,45.6072477265762,16.0436128,288.543,287.351,289.49,-0.102652899802231+0i,0.000637365,20.8671821780847,413.101939819991,23.3285141221518,20.9433052636582,1365.413,555.352,554.329,-9.9e+37
20260514164720.5,24.2340065538883,9.7872416,0.44916122,2.002651,2.7321974,-0.000362404,-0.00070978,0.002331344,1.2097022,0.20527891,0.000637256,-0.1184065,4.1315275,0.59547227,288.554,287.327,289.46,0.47,NaN,NaN,NaN,-0.0486117778641528,446.310383089117,42.5373723350207,11.9094454,288.554,287.327,289.46,-0.107197335466695+0i,0.000637256,20.8719151389346,412.003327677031,23.3694945950756,20.9436299009474,973.839,-9.9e+37,-9.9e+37,478.694
20260514164722.5,26.2340057641268,9.7879739,0.4429554,2.0026947,2.7322412,-0.000361315,-0.000709127,0.00239581,1.2098005,0.12552742,0.000637256,0.005866963,4.1315603,0.62070258,288.559,287.335,289.495,0.56,NaN,NaN,NaN,-0.045847049032119,446.33916761926,41.9171377630011,12.4140516,288.559,287.335,289.495,-0.109044534409782+0i,0.000637256,20.8722792982494,423.950421915058,22.4535997093299,20.9435118265729,9.9e+37,182.876,297.935,763.955
20260514164724.6,28.2700035721064,9.7881378,0.41210195,2.0029571,2.7322193,-0.000362295,-0.000707058,0.00240572,1.2097022,0.39767589,0.000636385,0.11284734,4.1313745,0.7280032,288.546,287.332,289.514,1.76,NaN,NaN,NaN,-0.029246022818711,446.324775354189,38.8335200692756,14.560064,288.546,287.332,289.514,-0.0829614174921334+0i,0.000636385,20.8702164689603,424.637367321075,23.3285141221518,20.9425968174116,788.08,564.969,173.852,-9.9e+37
20260514164726.6,30.3090088069439,9.7877116,0.41921349,2.0026401,2.7319461,-0.000362731,-0.000710978,0.002361835,1.2097459,0.12687076,0.000636167,0.023546814,4.1311996,0.70780346,288.559,287.357,289.539,0.98,NaN,NaN,NaN,-0.0493013784195284,446.145233490374,39.5442759352691,14.1560692,288.559,287.357,289.539,-0.107327360603425+0i,0.000636167,20.8682746560289,425.049034058018,23.424176745877,20.9435118265729,-9.9e+37,212.148,650.245,469.217
20260514164728.6,32.3240049183369,9.7880176,0.49116594,2.002804,2.7318258,-0.000363929,-0.000709018,0.002380674,1.2096366,0.11373888,0.000631267,-0.082523211,4.1309373,0.60429813,288.573,287.335,289.544,0.77,NaN,NaN,NaN,-0.0389320636467545,446.066174609638,46.7354927336143,12.0859626,288.573,287.335,289.544,-0.0753449651169891+0i,0.000631267,20.8653624917527,432.739319058744,22.521983538009,20.941888371165,-9.9e+37,-9.9e+37,320.595,739.87
20260514164730.6,34.3280073255301,9.7887717,0.57274522,2.0027931,2.7317493,-0.000365017,-0.000709672,0.002352906,1.2097459,0.34529683,0.000634098,-0.096626971,4.1315712,0.56327334,288.535,287.332,289.555,1.15,NaN,NaN,NaN,-0.0396216642021017,446.015900259046,54.888853581409,11.2654668,288.535,287.332,289.555,-0.076420918141096+0i,0.000634098,20.872400314607,432.876958393278,22.5082818601313,20.9417113940844,983.986,-9.9e+37,-9.9e+37,484.213
20260514164732.7,36.4220011979342,9.7887062,0.64317537,2.0028696,2.7312247,-0.000363166,-0.000708909,0.002355301,1.2098224,0.2480584,0.000634643,0.00528809,4.1304564,0.61415194,288.559,287.332,289.582,1.25,NaN,NaN,NaN,-0.0347818070933954,445.671143078382,61.9279256045294,12.2830388,288.559,287.332,289.582,-0.0791729783739706+0i,0.000634643,20.8600233388728,443.999467890746,21.6470691251875,20.9414456595014,9.9e+37,456.56,-9.9e+37,321.164
20260514164734.8,38.5120019316673,9.7880395,0.58179698,2.0027385,2.7311919,-0.000363929,-0.000714354,0.002369784,1.2098661,0.11231483,0.000636494,-0.004140864,4.1310903,0.66901024,288.576,287.324,289.582,-17.5,NaN,NaN,NaN,-0.0430759935894969,445.649587539827,55.7935228257028,13.3802048,288.576,287.324,289.582,-0.0590238895124931+0i,0.000636494,20.867061161727,436.722100893645,20.8952206918461,20.9410914363781,9.9e+37,1023.813,343.145,290.185
20260514164736.8,40.5160043388605,9.7879192,0.52463615,2.0026729,2.7309296,-0.000364364,-0.000708256,0.002364775,1.2096475,0.16497978,0.000633118,-0.00238525,4.1315165,0.68977089,288.578,287.327,289.631,-29.85,NaN,NaN,NaN,-0.047226250142856,445.477208949495,50.0806399300772,13.7954178,288.578,287.327,289.631,-0.0580937305291475+0i,0.000633118,20.8717930123352,433.42626446476,21.6744724809419,20.9412095107525,-9.9e+37,586.555,746.216,467.604
20260514164738.8,42.5510063767433,9.7878537,0.36754594,2.0026729,2.730252,-0.000363057,-0.000714136,0.002383832,1.2097896,0.22883858,0.000633336,0.1098966,4.1314072,0.68723379,288.57,287.349,289.637,-10.15,NaN,NaN,NaN,-0.047226250142856,445.031903067646,34.3804135026578,13.7446758,288.57,287.349,289.637,-0.0471095326236864+0i,0.000633336,20.8705795180333,441.252937533343,21.6607708030651,20.9410029478378,-9.9e+37,382.384,654.079,331.804
20260514164740.9,44.5820052176714,9.788116,0.51449536,2.0028259,2.7304924,-0.000366106,-0.000712067,0.00233472,1.2096584,0.40819643,0.000624624,-0.008147672,4.1315712,0.56162231,288.532,287.357,289.661,29.66,NaN,NaN,NaN,-0.0375465359254292,445.189889392907,49.0671286542764,11.2324462,288.532,287.357,289.661,-0.0271483898023888+0i,0.000624624,20.872400314607,451.415725489066,21.6607708030651,20.9397630324251,-9.9e+37,-9.9e+37,-9.9e+37,-9.9e+37
20260514164742.9,46.6130040585995,9.788116,0.5331401,2.0030773,2.7301318,-0.000362513,-0.000710434,0.002367498,1.2095492,0.12914051,0.000629851,-0.015294813,4.1310684,0.63641411,288.565,287.351,289.637,18.78,NaN,NaN,NaN,-0.0216414368779709,444.952909905016,50.9305588430856,12.7282822,288.565,287.351,289.637,-0.044117427668386+0i,0.000629851,20.8668180187699,454.573922583408,21.701751275989,20.940264915757,1557.815,217.785,538.206,602.854
20260514164744.9,48.6490018665791,9.7878646,0.55642042,2.0027275,2.7293121,-0.000365889,-0.000709236,0.002365429,1.2097022,0.43865486,0.000637692,0.10805475,4.1309701,0.7069272,288.532,287.376,289.648,18.35,NaN,NaN,NaN,-0.0437719207554323,444.414218595465,53.2572875125729,14.138544,288.532,287.376,289.648,-0.0414948110466902+0i,0.000637692,20.8657266510675,443.176134416863,21.6607708030651,20.9403829901315,-9.9e+37,468.838,192.182,-9.9e+37
20260514164747,50.6840039044619,9.7881269,0.51616603,2.0030336,2.7296399,-0.000364909,-0.000713918,0.002361291,1.2096475,0.27642276,0.000635296,0.11527549,4.1312761,0.77473184,288.573,287.387,289.675,17.8,NaN,NaN,NaN,-0.0244061657100048,444.629642544801,49.2341021231228,15.4946368,288.573,287.387,289.675,-0.0543360798299751+0i,0.000635296,20.8691239910161,433.562652532622,21.701751275989,20.9410914363781,-9.9e+37,584.118,689.386,-9.9e+37
20260514164749,52.7070064097643,9.7880941,0.51121948,2.0030663,2.7294651,-0.000365889,-0.000708256,0.002368369,1.2096912,0.43618978,0.000637474,-0.05977968,4.1310903,0.68055654,288.535,287.398,289.661,17.28,NaN,NaN,NaN,-0.0223373640439348,444.51476729665,48.7397240518569,13.6111308,288.535,287.398,289.661,-0.0108718256254163+0i,0.000637474,20.867061161727,432.464040389657,21.7154529538666,20.9395860553446,-9.9e+37,192.699,312.419,-9.9e+37
20260514164751,54.7110088169575,9.7888373,0.42780149,2.0029461,2.7297711,-0.00036578,-0.000710325,0.002378278,1.2095164,0.44999055,0.000635405,-0.009860817,4.1314291,0.72138381,288.54,287.384,289.631,16.84,NaN,NaN,NaN,-0.0299419499846891,444.71586469902,40.4025951428039,14.4276762,288.54,287.384,289.631,-0.0125389837862386+0i,0.000635405,20.8708226609904,433.288625130217,22.4810030650851,20.9396449580507,-9.9e+37,553.236,404.143,-9.9e+37
20260514164753,56.7380044609308,9.7888264,0.58478913,2.0029024,2.729793,-0.000364364,-0.000709998,0.002346154,1.2097022,0.40828046,0.000637801,-0.000949459,4.131451,0.63430476,288.546,287.398,289.637,16.52,NaN,NaN,NaN,-0.032706678816723,444.730256964091,56.0925703125245,12.6860952,288.546,287.398,289.637,-0.0398616474483795+0i,0.000637801,20.8710658039475,443.038495082324,21.701751275989,20.9402945015912,-9.9e+37,295.247,247.033,-9.9e+37
20260514164755.1,58.7769996374846,9.7887936,0.48679338,2.0027603,2.7298476,-0.000365017,-0.000706187,0.002377407,1.2096912,0.40245875,0.000619397,-0.008378859,4.131604,0.62518317,288.535,287.408,289.642,16.32,NaN,NaN,NaN,-0.0416967924787883,444.766139049612,46.298481527967,12.5036634,288.535,287.408,289.642,-0.00296318168056956+0i,0.000619397,20.8727644739218,443.176134416863,21.7291546317433,20.9390841720127,1090.793,561.502,89.038,-9.9e+37
20260514164757.1,60.7810020446777,9.7884329,0.65986137,2.002651,2.7293886,-0.000363166,-0.000709672,0.002363577,1.2096584,0.44459443,0.000634751,0.083043645,4.1310356,0.72530896,288.54,287.392,289.669,16.15,NaN,NaN,NaN,-0.0486117778641528,444.464492946058,63.5955914518659,14.5061792,288.54,287.392,289.669,-0.0391379453255838+0i,0.000634751,20.8664538594552,445.235719368244,21.6880495981118,20.9401468413826,785.67,934.031,317.531,-9.9e+37
20260514164759.1,62.801007181406,9.7891324,0.54662991,2.002651,2.7298913,-0.000361206,-0.000713047,0.002351599,1.2096912,0.39085898,0.000636929,-0.004263371,4.1304017,0.60340114,288.551,287.403,289.669,16.02,NaN,NaN,NaN,-0.0486117778641528,444.79485786165,52.2787846266202,12.0680228,288.551,287.403,289.669,-0.0425666960186939+0i,0.000636929,20.8594160366009,444.412385894362,20.6355116157165,20.9404418928376,-9.9e+37,441.717,195.77,-9.9e+37
20260514164801.1,64.8090027272701,9.7892964,0.46772632,2.0026729,2.7302411,-0.000362731,-0.000711849,0.002334176,1.2097022,0.12603924,0.000638236,-0.1018806,4.1313526,0.6047881,288.554,287.387,289.661,15.87,NaN,NaN,NaN,-0.047226250142856,445.024739794163,44.3928429824129,12.095762,288.554,287.387,289.661,-0.0553971074383685+0i,0.000638236,20.8699733260032,431.914734318184,21.6333674473103,20.9412684134587,9.9e+37,455.701,456.681,588.171
20260514164803.1,66.8200056999922,9.7893619,0.43566817,2.0027713,2.729946,-0.000363929,-0.000708474,0.002344194,1.2097131,0.25508048,0.000640632,-0.11495758,4.1309263,0.56440931,288.546,287.387,289.65,15.74,NaN,NaN,NaN,-0.0410008653128102,444.830805665276,41.1888227328749,11.2881862,288.546,287.387,289.65,-0.0404611028727568+0i,0.000640632,20.8652403651533,432.190012987261,21.6197903301413,20.9407667990889,1498.766,-9.9e+37,-9.9e+37,563.783
20260514164805.1,68.8200049102306,9.7888264,0.54585405,2.0030663,2.7301208,-0.000366433,-0.000714245,0.002348659,1.2096366,0.35343086,0.000635187,-0.010956416,4.1311012,0.58560209,288.543,287.384,289.68,15.66,NaN,NaN,NaN,-0.0223373640439348,444.945680913427,52.2012420625356,11.7120418,288.543,287.384,289.68,-0.0585505330318341+0i,0.000635187,20.8671821780847,433.562652532622,21.6880495981118,20.9411799249184,9.9e+37,348.089,-9.9e+37,419.892
20260514164807.2,70.9260083734989,9.7884548,0.57621969,2.002651,2.7300115,-0.000365344,-0.000707385,0.002415629,1.2096912,0.21773965,0.000637801,0.00570276,4.1315821,0.58715055,288.557,287.373,289.667,15.52,NaN,NaN,NaN,-0.0486117778641528,444.87385102428,55.2361060659226,11.743011,288.557,287.373,289.667,-0.00256266994714737+0i,0.000637801,20.8725213309647,443.999467890746,20.5808294649155,20.9390841720127,9.9e+37,641.778,-9.9e+37,368.174
20260514164809.2,72.9300007224083,9.7886952,0.57845563,2.0028259,2.7299569,-0.000365344,-0.000708583,0.002341036,1.2096038,0.27666174,0.000622337,0.16184468,4.1309482,0.74143187,288.576,287.381,289.672,23.41,NaN,NaN,NaN,-0.0375465359254292,444.83796893876,55.45957488857,14.8286374,288.576,287.381,289.672,-0.0736014010298763+0i,0.000622337,20.8654835081104,444.686413296762,21.701751275989,20.9413864878331,9.9e+37,1124.964,481.157,-9.9e+37
20260514164811.2,74.9450068920851,9.7884438,0.39599103,2.0026292,2.730099,-0.000366978,-0.000709889,0.002399948,1.2096257,0.35913692,0.000637801,-0.11931178,4.131298,0.57603854,288.546,287.389,289.677,21.43,NaN,NaN,NaN,-0.0499909789748756,444.931354366461,37.2233300265349,11.5207708,288.546,287.389,289.677,-0.0499442035785925+0i,0.000637801,20.8693671339732,444.412385894362,21.6744724809419,20.9409733620036,-9.9e+37,-9.9e+37,-9.9e+37,74.619
20260514164813.4,77.0819999277592,9.7887499,0.58504338,2.0029133,2.7299788,-0.000365344,-0.000710652,0.002379585,1.2096584,0.45617018,0.000637909,-0.000408031,4.1307515,0.7629782,288.559,287.4,289.656,24.44,NaN,NaN,NaN,-0.0320170782613616,444.852361203831,56.1179810785371,15.259564,288.559,287.4,289.656,-0.00427559057025697+0i,0.000637909,20.8632996624637,443.450161819263,21.6744724809419,20.9391137578468,1159.416,524.078,542.925,-9.9e+37
20260514164815.4,79.0900055319071,9.7881597,0.69906379,2.0030663,2.7302192,-0.000366869,-0.000709018,0.002373596,1.2096694,0.40537779,0.000638236,-0.005531567,4.1304236,0.62063711,288.548,287.384,289.653,24.03,NaN,NaN,NaN,-0.0223373640439348,445.010347529092,67.5136387350339,12.4127422,288.548,287.384,289.653,-0.0387932530814983+0i,0.000638236,20.859659179558,443.038495082324,22.5356852158861,20.9401172555484,219.405,-9.9e+37,-9.9e+37,-9.9e+37
20260514164817.4,81.0980010777712,9.7877662,0.53248209,2.0026401,2.7304706,-0.000366433,-0.000710216,0.002405393,1.2095929,0.30621225,0.000636929,0.11959438,4.1305547,0.74784941,288.559,287.398,289.639,23.87,NaN,NaN,NaN,-0.0493013784195284,445.17556284594,50.8647946812609,14.9569882,288.559,287.398,289.639,0.0104831165362612+0i,0.000636929,20.8611147065752,444.824052631305,22.4945801822546,20.9385527028466,9.9e+37,964.528,555.211,-9.9e+37
20260514164819.4,83.1289999186993,9.7870449,0.66038843,2.0026729,2.7306236,-0.000365562,-0.000707603,0.002361399,1.2096803,0.3323374,0.000621793,0.11137856,4.1303799,0.65553465,288.573,287.395,289.642,23.85,NaN,NaN,NaN,-0.047226250142856,445.276111547125,63.6482679448239,13.110693,288.573,287.395,289.642,-0.0147606417702288+0i,0.000621793,20.8591740038856,444.548773962228,22.4673013872075,20.9393792234677,-9.9e+37,565.322,449.521,-9.9e+37
20260514164821.4,85.1410087198019,9.7881488,0.43800121,2.0028696,2.7310936,-0.000363275,-0.000711523,0.002354648,1.2096038,0.12227774,0.000635187,-0.11240323,4.1314838,0.59740701,288.562,287.376,289.604,23.97,NaN,NaN,NaN,-0.0347818070933954,445.584986642268,41.4219961194547,11.9481402,288.562,287.376,289.604,-0.00949852698092439+0i,0.000635187,20.8714299632622,442.900855747781,22.4945801822546,20.9393203207615,-9.9e+37,-9.9e+37,523.941,499.796
20260514164823.4,87.149004265666,9.7881597,0.41719799,2.002968,2.7309843,-0.000365126,-0.000710652,0.002359548,1.2096912,0.15034965,0.000635949,0.014141395,4.13144,0.68720432,288.559,287.384,289.604,23.9,NaN,NaN,NaN,-0.0285564222633639,445.513156753121,39.3428387714607,13.7440864,288.559,287.384,289.604,-0.000652963918337111+0i,0.000635949,20.870943677348,454.985589320351,22.4535997093299,20.9387299488894,1123.729,353.619,553.356,558.476
20260514164825.4,89.1600072383881,9.7878209,0.41630973,2.0026401,2.7311701,-0.000364691,-0.000706187,0.002357697,1.2096694,0.14846728,0.000638998,-0.11317018,4.1313307,0.45533867,288.578,287.365,289.577,23.9,NaN,NaN,NaN,-0.0493013784195284,445.635260992861,39.2540625000023,9.1067734,288.578,287.365,289.577,-0.0183308035693055+0i,0.000638998,20.8697301830461,455.810174060907,23.3148124442741,20.9393792234677,-9.9e+37,-9.9e+37,314.433,745.083
20260514164827.6,91.3010034710169,9.7873837,0.68759826,2.0027275,2.7317056,-0.000366978,-0.000709345,0.002382199,1.2096147,0.2592086,0.000634098,0.00553362,4.1304455,0.58667368,288.567,287.37,289.574,12.47,NaN,NaN,NaN,-0.0437719207554323,445.987181447008,66.3677276237662,11.7334736,288.567,287.37,289.574,-0.00242807007043225+0i,0.000634098,20.8599023225151,454.436283248869,22.4673013872075,20.9387888515955,1219.359,-9.9e+37,-9.9e+37,423.174
20260514164829.7,93.4300001710653,9.7872962,0.75241729,2.0026947,2.73164,-0.000367958,-0.000708909,0.002342343,1.209724,0.43764329,0.000612972,0.001487729,4.1311559,0.68916745,288.54,287.381,289.577,19.52,NaN,NaN,NaN,-0.045847049032119,445.944070369899,72.8460017810526,13.783349,288.54,287.381,289.577,0.00994429668599769+0i,0.000612972,20.8677894803565,444.13710722528,22.521983538009,20.9386414603491,1377.291,-9.9e+37,74.926,296.467
20260514164831.8,95.5510005354881,9.7879957,0.56541542,2.0027385,2.7317165,-0.000367522,-0.000712612,0.002406373,1.2096147,0.24098614,0.000638781,-0.00722721,4.1311231,0.74869839,288.557,287.403,289.585,19.21,NaN,NaN,NaN,-0.0430759935894969,445.994344720491,54.1562839345309,14.9739678,288.557,287.403,289.585,0.0031175503855214+0i,0.000638781,20.8674253210418,444.412385894362,21.6744724809419,20.9388480232638,9.9e+37,713.238,412.001,410.69
20260514164833.9,97.5820094347,9.7881378,0.50075239,2.0030663,2.7314105,-0.000367087,-0.000709998,0.002380674,1.2097568,0.3822808,0.000619724,0.16354917,4.130511,0.74043122,288.559,287.392,289.618,18.94,NaN,NaN,NaN,-0.0223373640439348,445.793247318121,47.6936010437065,14.8086244,288.559,287.392,289.618,-0.0176740688129472+0i,0.000619724,20.8606295309028,444.412385894362,21.6333674473103,20.9395860553446,-9.9e+37,472.493,343.07,-9.9e+37
20260514164835.9,99.5820086449385,9.788116,0.71514635,2.0028368,2.7310936,-0.000368284,-0.000710652,0.002341145,1.209571,0.340586,0.000632465,0.14919622,4.1308061,0.74594631,288.543,287.403,289.629,18.78,NaN,NaN,NaN,-0.0368569353700678,445.584986642268,69.120994365487,14.9189262,288.543,287.403,289.629,-0.019971605951949+0i,0.000632465,20.8639058544937,444.274746559823,20.594406582085,20.9395860553446,-9.9e+37,511.503,539.731,-9.9e+37
20260514164837.9,101.594007387757,9.7880941,0.58320794,2.0027931,2.7311154,-0.000369809,-0.000711196,0.002345283,1.2096257,0.40456264,0.000636058,0.10062993,4.1308717,0.70447739,288.551,287.395,289.631,18.6,NaN,NaN,NaN,-0.0396216642021017,445.599313189235,55.9345398342104,14.0895478,288.551,287.395,289.631,-0.030345224033998+0i,0.000636058,20.8646341731232,435.21057074706,21.6880495981118,20.9401468413826,-9.9e+37,399.521,442.613,-9.9e+37
20260514164840,103.69500182569,9.787023,0.76641995,2.002662,2.7307001,-0.000364473,-0.000711414,0.002390475,1.2097568,0.26730771,0.000637692,0.002731208,4.1308936,0.59966587,288.548,287.411,289.669,18.5,NaN,NaN,NaN,-0.0479158506982031,445.326385897718,74.2454838530809,11.9933174,288.548,287.411,289.669,0.0358192338990931+0i,0.000637692,20.8648773160803,442.626828345385,21.7154529538666,20.9379623309745,-9.9e+37,-9.9e+37,208.086,-9.9e+37
20260514164842,105.719000101089,9.7870886,0.59344367,2.002651,2.7307438,-0.0003648,-0.000710869,0.002319693,1.209571,0.42878578,0.000634643,-0.036629615,4.1312652,0.69622114,288.559,287.406,289.653,18.41,NaN,NaN,NaN,-0.0486117778641528,445.355104709755,56.9575397948695,13.9244228,288.559,287.406,289.653,0.0119417364469396+0i,0.000634643,20.8690029746584,454.847949985808,21.592386974386,20.9383461399319,733.559,661.506,174.298,-9.9e+37
20260514164844,107.727005705237,9.7873728,0.67534156,2.0027166,2.7304597,-0.000364255,-0.000712503,0.002371527,1.2096475,0.13567915,0.000632247,-0.11245147,4.131593,0.61598193,288.557,287.398,289.634,18.41,NaN,NaN,NaN,-0.0444615213108221,445.168399572457,65.1427438055324,12.3196386,288.557,287.398,289.634,-0.0494260981663227+0i,0.000632247,20.8726423473223,463.774486464033,21.6880495981118,20.9400583528423,1314.826,323.328,439.202,511.333
20260514164846,109.746005013585,9.7873946,0.5619475,2.0027822,2.7304924,-0.000364909,-0.000711849,0.002317841,1.2095601,0.15337454,0.000627238,0.014097946,4.131593,0.70553807,288.559,287.389,289.591,41.16,NaN,NaN,NaN,-0.0403112647574631,445.189889392907,53.8096860833206,14.1107614,288.559,287.389,289.591,-0.0351773411297377+0i,0.000627238,20.8726423473223,462.401846918672,22.4400225921609,20.939733446591,1620.22,563.956,553.864,565.083
20260514164848.1,111.770003288984,9.7877771,0.54108862,2.0026401,2.7301318,-0.000365889,-0.000709998,0.002371853,1.2096257,0.1214124,0.000634316,0.040627522,4.1313198,0.65555101,288.567,287.411,289.601,-18.64,NaN,NaN,NaN,-0.0493013784195284,444.952909905016,51.7249658514082,13.1110202,288.567,287.411,289.601,0.00237237271384925+0i,0.000634316,20.8696091666885,454.024616511926,21.6470691251875,20.9386707772211,298.717,-9.9e+37,562.514,677.562
20260514164850.2,113.867004588246,9.7880832,0.45555473,2.0030445,2.7300553,-0.000364364,-0.000714572,0.002340492,1.209735,0.28044285,0.000634534,-0.00707771,4.1310029,0.69914236,288.554,287.392,289.604,11.02,NaN,NaN,NaN,-0.0237165651546434,444.902635554424,43.1763653993623,13.9828472,288.554,287.392,289.604,-0.0112689915408612+0i,0.000634534,20.8660908103822,454.162255846469,22.5082818601313,20.9391430747188,-9.9e+37,-9.9e+37,544.846,542.233
20260514164852.2,115.88300652802,9.7877771,0.61559673,2.0026729,2.7299897,-0.000364037,-0.000709672,0.002337878,1.209571,0.361566,0.000632247,0.167901,4.1310684,0.71842003,288.559,287.392,289.604,11.07,NaN,NaN,NaN,-0.047226250142856,444.859524477314,59.1716055731265,14.3684006,288.559,287.392,289.604,-0.0128677258029976+0i,0.000632247,20.8668180187699,443.725440488341,22.5492623330556,20.9393499065957,-9.9e+37,212.429,364.427,-9.9e+37
20260514164854.2,117.887008935213,9.7880395,0.6202159,2.0027275,2.7304378,-0.000362404,-0.00070684,0.002389712,1.2095601,0.22205005,0.000639107,-0.16815849,4.1315821,0.58374809,288.551,287.384,289.601,15.29,NaN,NaN,NaN,-0.0437719207554323,445.154007307386,59.6332639725057,11.6749618,288.551,287.384,289.601,-0.0297651499788799+0i,0.000639107,20.8725213309647,444.13710722528,22.5082818601313,20.9398811067996,-9.9e+37,-9.9e+37,205.165,460.26
20260514164856.3,119.988003373146,9.7877225,0.35990842,2.0026401,2.7295853,-0.000362295,-0.000711305,0.002327642,1.2095601,0.33060125,0.000635732,-0.004688934,4.131593,0.74741728,288.532,287.403,289.61,15.38,NaN,NaN,NaN,-0.0493013784195284,444.59376045928,33.6170890832434,14.9483456,288.532,287.403,289.61,-0.0181812734583701+0i,0.000635732,20.8726423473223,442.626828345385,21.7154529538666,20.9397630324251,9.9e+37,419.77,491.084,388.319
20260514164858.3,122.000002115965,9.7878974,0.59804321,2.0027494,2.7293339,-0.000360335,-0.000708909,0.002361835,1.2095929,0.2255769,0.000633445,-0.11072505,4.1309482,0.56968214,288.543,287.368,289.634,32.77,NaN,NaN,NaN,-0.0423863930341355,444.428545142431,57.4172362932189,11.3936428,288.543,287.368,289.634,-0.00414132329092629+0i,0.000633445,20.8654835081104,444.686413296762,21.6060886522637,20.9390841720127,310.66,-9.9e+37,-9.9e+37,644.224
20260514164900.4,124.090002849698,9.7877771,0.72387181,2.0026292,2.7294979,-0.000361642,-0.000712394,0.002339947,1.2096147,0.26288168,0.000634207,0.00582934,4.131593,0.60721717,288.559,287.36,289.61,143.63,NaN,NaN,NaN,-0.0499909789748756,444.536322835205,69.9930518774312,12.1443434,288.559,287.36,289.61,-0.00812216074210813+0i,0.000634207,20.8726423473223,443.863079822884,22.5766656888104,20.939172660553,9.9e+37,218.532,-9.9e+37,361.717
20260514164902.4,126.102001592517,9.7884111,0.65141744,2.0026401,2.7294323,-0.000361751,-0.000709018,0.002328949,1.2096147,0.41973949,0.000631702,0.12826753,4.1311996,0.73333822,288.548,287.365,289.618,89.23,NaN,NaN,NaN,-0.0493013784195284,444.493211758096,62.7516711786848,14.6667644,288.548,287.365,289.618,0.00901368638795154+0i,0.000631702,20.8682746560289,444.412385894362,22.5492623330556,20.9386414603491,1517.629,768.186,98.518,-9.9e+37
20260514164904.5,128.250008448958,9.7878864,0.47374337,2.0027057,2.7287219,-0.000362404,-0.000711414,0.002388188,1.2095929,0.43722099,0.000637692,-0.00084492,4.131593,0.77532983,288.551,287.36,289.629,1.6,NaN,NaN,NaN,-0.0451511218661693,444.026350337692,44.9942111225733,15.5065966,288.551,287.36,289.629,-0.017299109410152+0i,0.000637692,20.8726423473223,444.548773962228,22.5492623330556,20.9395564695104,-9.9e+37,327.021,572.178,-9.9e+37
20260514164906.6,130.270003527403,9.7881378,0.63083574,2.0028915,2.7291809,-0.000357177,-0.000711632,0.002331998,1.2094399,0.33714317,0.000634098,0.11031519,4.131451,0.72870923,288.543,287.354,289.612,7.36,NaN,NaN,NaN,-0.0333962793720701,444.327996441247,60.6946534290668,14.5741846,288.543,287.354,289.612,-0.0399584908018248+0i,0.000634098,20.8710658039475,445.098080033701,22.4945801822546,20.9401764272167,376.438,640.266,422.316,-9.9e+37
20260514164908.6,132.30900876224,9.787799,0.48265217,2.0026401,2.7289186,-0.000358375,-0.000712285,0.00239984,1.2095601,0.14585597,0.000635296,0.007809225,4.1313198,0.71146562,288.586,287.357,289.569,8.76,NaN,NaN,NaN,-0.0493013784195284,444.155617850915,45.8845923703709,14.2293124,288.586,287.357,289.569,-0.00881228742954133+0i,0.000635296,20.8696091666885,432.327652321796,22.5356852158861,20.9394972978421,-9.9e+37,351.173,755.823,257.331
20260514164910.6,134.316008538008,9.7878427,0.41523378,2.002651,2.7283393,-0.000364255,-0.000712394,0.0023761,1.2095273,0.36941522,0.000634751,0.10743916,4.1314072,0.69934423,288.546,287.36,289.539,9.43,NaN,NaN,NaN,-0.0486117778641528,443.774912866624,39.1465277362218,13.9868846,288.546,287.36,289.539,-0.0299098308952418+0i,0.000634751,20.8705795180333,425.460700794957,23.3694945950756,20.9404714786718,-9.9e+37,337.043,516.472,-9.9e+37
20260514164912.6,136.332000419497,9.7880832,0.51225287,2.0027494,2.7286016,-0.000358048,-0.000709236,0.002329711,1.2095819,0.36971421,0.000638454,-0.091201491,4.131604,0.58739936,288.54,287.338,289.533,9.85,NaN,NaN,NaN,-0.0423863930341355,443.947291456957,48.8430051983257,11.7479872,288.54,287.338,289.533,-0.0488452455761247+0i,0.000638454,20.8727644739218,423.263476509037,23.3831962729532,20.9410618505439,-9.9e+37,-9.9e+37,188.527,-9.9e+37
20260514164914.6,138.352005556226,9.7880176,0.52263265,2.0028696,2.7274868,-0.000362622,-0.000713047,0.002370547,1.2094945,0.33384439,0.000619833,0.1152757,4.1309482,0.76294109,288.559,287.332,289.555,10.25,NaN,NaN,NaN,-0.0347818070933954,443.214666018519,49.8804020944582,15.2588218,288.559,287.332,289.555,-0.0349015532073979+0i,0.000619833,20.8654835081104,427.795564415416,23.1097855189464,20.9404714786718,1049.683,835.944,609.959,-9.9e+37
20260514164916.7,140.39100073278,9.7885094,0.60697492,2.0027057,2.727465,-0.000361315,-0.000711305,0.002373922,1.2094836,0.41905854,0.000630396,-0.027550567,4.1309701,0.6308783,288.548,287.327,289.552,10.53,NaN,NaN,NaN,-0.0451511218661693,443.200339471553,58.3099072584181,12.617566,288.548,287.327,289.552,-0.0857356625473496+0i,0.000630396,20.8657266510675,439.468631251039,22.4810030650851,20.9417998826247,-9.9e+37,94.317,247.996,-9.9e+37
20260514164918.7,142.406006902456,9.7879629,0.54477697,2.002815,2.7268311,-0.000364037,-0.000708909,0.002377843,1.2095601,0.37705927,0.00063388,-0.036092542,4.1309373,0.62196077,288.538,287.324,289.561,10.64,NaN,NaN,NaN,-0.0382361364807764,442.783752401742,52.0935943620173,12.4392154,288.538,287.324,289.561,-0.0626314698365876+0i,0.00063388,20.8653624917527,443.176134416863,21.6607708030651,20.9411210222122,564.3,333.895,127.757,-9.9e+37
20260514164920.7,144.409999251366,9.7881488,0.52001479,2.0028805,2.7273447,-0.000362731,-0.000711087,0.002359548,1.2095601,0.44281027,0.000634316,0.091758331,4.1315165,0.72888928,288.54,287.324,289.55,10.79,NaN,NaN,NaN,-0.0340922065380482,443.121280590818,49.6187626533034,14.5777856,288.54,287.324,289.55,-0.0186837466863066+0i,0.000634316,20.8717930123352,442.626828345385,21.6744724809419,20.9396449580507,1122.04,892.473,284.932,-9.9e+37
20260514164922.7,146.426001191139,9.7879629,0.60244414,2.0027931,2.7268311,-0.000362731,-0.000710978,0.002359548,1.2094617,0.10223294,0.000632682,0.028263191,4.1309373,0.65588166,288.559,287.319,289.572,10.79,NaN,NaN,NaN,-0.0396216642021017,442.783752401742,57.8570829105938,13.1176332,288.559,287.319,289.572,-0.0104025234182807+0i,0.000632682,20.8653624917527,444.412385894362,21.6607708030651,20.9392907349274,567.928,528.251,746.804,430.146
20260514164924.8,148.465006425977,9.7877225,0.59467894,2.0026401,2.7269622,-0.00036382,-0.000714027,0.00235149,1.2095054,0.42160658,0.000635078,0.10222394,4.1311777,0.68236909,288.554,287.335,289.593,10.93,NaN,NaN,NaN,-0.0493013784195284,442.869908837855,57.0809976392444,13.6473818,288.554,287.335,289.593,-0.00766783166643471+0i,0.000635078,20.8680315130718,444.548773962228,21.6197903301413,20.9392022463871,-9.9e+37,510.343,342.005,-9.9e+37
20260514164926.8,150.55500715971,9.787952,0.65352242,2.0026729,2.7272354,-0.000366215,-0.000715661,0.002325246,1.2095054,0.24900013,0.000637909,-0.00734506,4.131287,0.7301431,288.557,287.343,289.591,11.04,NaN,NaN,NaN,-0.047226250142856,443.04945070167,62.9620513330253,14.602862,288.557,287.343,289.591,-0.0117955852602649+0i,0.000637909,20.8692450073737,443.038495082324,21.6333674473103,20.9393499065957,-9.9e+37,504.286,790.883,133.015
20260514164929,152.691004425287,9.7880285,0.4777831,2.0027166,2.727312,-0.000364255,-0.000712176,0.002364775,1.209571,0.12727778,0.000632682,-0.000597836,4.1309591,0.52436553,288.565,287.349,289.604,11.07,NaN,NaN,NaN,-0.0444615213108221,443.099790770368,45.3979579614478,10.4873106,288.565,287.349,289.604,-0.00980775132785041+0i,0.000632682,20.865604524468,433.150985795683,20.5671277870379,20.9395860553446,-9.9e+37,-9.9e+37,137.686,407.818
20260514164931,154.710999503732,9.7881378,0.7817059,2.0030226,2.7271589,-0.000363711,-0.00070978,0.002360311,1.2094399,0.41814518,0.000633336,-0.032758273,4.1312542,0.62118163,288.554,287.351,289.604,11.23,NaN,NaN,NaN,-0.0251020928759687,442.999176351078,75.773223081122,12.4236326,288.554,287.351,289.604,-0.0197493607587348+0i,0.000633336,20.868880848059,432.876958393278,20.5671277870379,20.9397926182593,211.149,362.333,-9.9e+37,-9.9e+37
20260514164933,156.711008772254,9.7883564,0.4973925,2.002651,2.7274431,-0.000364473,-0.000711632,0.002369131,1.2095273,0.30245297,0.000633771,0.11984158,4.1311996,0.77618865,288.559,287.365,289.582,11.59,NaN,NaN,NaN,-0.0486117778641528,443.185947206481,47.3578001445211,15.523773,288.559,287.365,289.582,-0.00906614283500647+0i,0.000633771,20.8682746560289,432.876958393278,20.6081082599621,20.9395564695104,1054.855,940.269,603.665,-9.9e+37
20260514164935.1,158.824002742767,9.7881269,0.54143454,2.0028696,2.7279459,-0.000366215,-0.000711196,0.002381436,1.2095492,0.23031719,0.000635405,-0.00737234,4.1309701,0.71859899,288.554,287.357,289.563,11.26,NaN,NaN,NaN,-0.0347818070933954,443.516377840179,51.7595384853474,14.3719798,288.554,287.357,289.563,-0.0578821971388796+0i,0.000635405,20.8657266510675,433.288625130217,20.594406582085,20.9412095107525,-9.9e+37,471.439,790.686,252.984
20260514164937.1,160.848001018167,9.7881269,0.46107853,2.0030554,2.7277491,-0.000364691,-0.000710978,0.002354212,1.209571,0.22467663,0.000636712,0.11976574,4.1311449,0.72195343,288.573,287.351,289.55,12.75,NaN,NaN,NaN,-0.0230269645992962,443.387044608851,43.7284361537383,14.4390686,288.573,287.351,289.55,-0.00309710771471867+0i,0.000636712,20.8676673537571,443.999467890746,20.6081082599621,20.9391137578468,-9.9e+37,299.781,722.535,282.007
20260514164939.3,162.988001480699,9.787952,0.71778057,2.002815,2.727465,-0.000363275,-0.000710325,0.002337225,1.2094071,0.41686407,0.000636276,-0.00108863,4.1315384,0.73493579,288.551,287.368,289.514,12.59,NaN,NaN,NaN,-0.0382361364807764,443.200339471553,69.3842688907399,14.6987158,288.551,287.368,289.514,-0.0837590975931217+0i,0.000636276,20.8720361552923,443.863079822884,21.7154529538666,20.9414456595014,-9.9e+37,-9.9e+37,745.099,-9.9e+37
20260514164941.3,165.000000223517,9.7881597,0.48445052,2.0029898,2.7278256,-0.000366324,-0.000711305,0.002351599,1.2095601,0.43738576,0.000614606,-0.042460746,4.1313198,0.61380602,288.538,287.379,289.523,12.66,NaN,NaN,NaN,-0.0271772211526553,443.437318959444,46.0643266911523,12.2761204,288.538,287.379,289.523,-0.0350499431894977+0i,0.000614606,20.8696091666885,442.626828345385,21.6744724809419,20.940264915757,-9.9e+37,-9.9e+37,-9.9e+37,-9.9e+37
20260514164943.4,167.117007449269,9.7881378,0.54129377,2.0030117,2.7278256,-0.000363493,-0.000712285,0.002372834,1.2095054,0.3240975,0.000637038,-0.00656265,4.1309373,0.75977544,288.548,287.387,289.528,12.7,NaN,NaN,NaN,-0.02579169343133,443.437318959444,51.7454693662458,15.1955088,288.548,287.387,289.528,-0.016362579522019+0i,0.000637038,20.8653624917527,443.725440488341,21.7291546317433,20.9395268836763,1070.359,393.62,692.944,161.661
20260514164945.4,169.137002527714,9.7881269,0.54594244,2.0028805,2.7279787,-0.000361751,-0.000709127,0.002368369,1.2095054,0.15365171,0.000636058,-0.11994361,4.13144,0.6174289,288.562,287.387,289.531,13.77,NaN,NaN,NaN,-0.0340922065380482,443.537933378734,52.2100761140906,12.348578,288.562,287.387,289.531,-0.0252450232318311+0i,0.000636058,20.870943677348,444.13710722528,22.4945801822546,20.9397926182593,430.061,-9.9e+37,469.088,641.884
20260514164947.4,171.156001836061,9.788728,0.57230436,2.0029133,2.7274978,-0.000353148,-0.000711087,0.002348332,1.2095164,0.39664031,0.000634751,0.16155986,4.1307624,0.72590695,288.548,287.403,289.577,23.67,NaN,NaN,NaN,-0.0320170782613616,443.221895010108,54.8447922626113,14.518139,288.548,287.403,289.577,-0.0273091126064154+0i,0.000634751,20.8634206788213,454.847949985808,22.521983538009,20.9396153722166,450.583,382.545,184.332,-9.9e+37
20260514164949.5,173.17600697279,9.7885641,0.41815282,2.0026401,2.7277163,-0.000350752,-0.000710869,0.002365755,1.2095819,0.12471773,0.000633009,-0.1461113,4.1314728,0.62619474,288.548,287.387,289.563,6.77,NaN,NaN,NaN,-0.0493013784195284,443.365489070296,39.4382683160497,12.5238948,288.548,287.387,289.563,-0.0182951215553696+0i,0.000633009,20.8713078366628,454.024616511926,22.603944483857,20.939438395136,462.117,-9.9e+37,431.197,580.44
20260514164951.5,175.188005715609,9.7879192,0.58011649,2.0027713,2.7274431,-0.000349228,-0.000713265,0.002405829,1.2095273,0.26990483,0.000628871,-0.13425726,4.1309701,0.59310103,288.559,287.406,289.585,13.48,NaN,NaN,NaN,-0.0410008653128102,443.185947206481,55.6255679066215,11.8620206,288.559,287.406,289.585,-0.0341647509352974+0i,0.000628871,20.8657266510675,455.397256057291,22.5766656888104,20.9398222040934,1371.754,-9.9e+37,-9.9e+37,582.529
20260514164953.6,177.328006178141,9.7870121,0.51460884,2.0026401,2.7275415,-0.000340625,-0.000706949,0.002366844,1.2095382,0.13546527,0.000624189,-0.000774573,4.1314838,0.55523316,288.578,287.411,289.566,13.45,NaN,NaN,NaN,-0.0493013784195284,443.250613822145,49.0784703011874,11.1046632,288.578,287.411,289.566,-0.0199669605265073+0i,0.000624189,20.8714299632622,454.711561917946,22.5903673666876,20.9394088093018,9.9e+37,340.266,-9.9e+37,608.196
20260514164955.7,179.445003345609,9.7878427,0.60028241,2.0027057,2.7280005,-0.000342149,-0.000709563,0.002383287,1.2094945,0.25645652,0.000633118,0.00559473,4.1315056,0.58662239,288.567,287.414,289.588,13.42,NaN,NaN,NaN,-0.0451511218661693,443.5522599257,57.6410309333577,11.7324478,288.567,287.414,289.588,-0.0349685086837894+0i,0.000633118,20.8716719959775,455.397256057291,21.9067782013171,20.9398515209654,9.9e+37,491.501,-9.9e+37,343.256
20260514164957.8,181.465008482337,9.7877662,0.5332765,2.002662,2.7282737,-0.000345416,-0.000710869,0.002378169,1.2094508,0.33302378,0.000636167,-0.1218358,4.1313963,0.59893584,288.546,287.419,289.596,13.45,NaN,NaN,NaN,-0.0479158506982031,443.731801789515,50.9441912068382,11.9787168,288.546,287.419,289.596,-0.0295654014556693+0i,0.000636167,20.8704585016756,456.633507534789,22.111929687353,20.939704129719,9.9e+37,356.509,-9.9e+37,346.717
20260514164959.8,183.496007323265,9.7882362,0.55448021,2.0028915,2.7285579,-0.000345199,-0.000709563,0.002382852,1.2094617,0.24360946,0.000637038,0.15897474,4.1313963,0.75390027,288.559,287.422,289.629,13.48,NaN,NaN,NaN,-0.0333962793720701,443.918572644919,53.0633751337127,15.0780054,288.559,287.422,289.629,-0.00215431771897096+0i,0.000637038,20.8704585016756,455.672534726368,21.701751275989,20.9387888515955,9.9e+37,1104.058,449.593,314.283
20260514165002,185.675999522209,9.7878864,0.58928936,2.0026729,2.7283612,-0.000338883,-0.000710325,0.002354975,1.2094399,0.13552747,0.000638127,-0.000699653,4.1304017,0.5314476,288.562,287.427,289.648,13.5,NaN,NaN,NaN,-0.047226250142856,443.789305131696,56.5423413706666,10.628952,288.562,287.427,289.648,-0.0191338628473328+0i,0.000638127,20.8594160366009,444.13710722528,21.6880495981118,20.9395860553446,-9.9e+37,-9.9e+37,-9.9e+37,480.765
20260514165004,187.684005126357,9.7878974,0.42399201,2.0027494,2.7287109,-0.000336378,-0.000705534,0.002368695,1.2095273,0.14775798,0.00062702,0.015543424,4.1309591,0.64103438,288.562,287.427,289.61,13.51,NaN,NaN,NaN,-0.0423863930341355,444.019121346103,40.0218604135631,12.8206876,288.562,287.427,289.61,-0.0211200078758322+0i,0.00062702,20.865604524468,445.098080033701,21.6607708030651,20.9397630324251,1527.429,755.983,577.92,470.991
20260514165006,189.73100669682,9.788105,0.42167424,2.0030445,2.7288312,-0.000337685,-0.000706405,0.002369567,1.2094399,0.12665033,0.000637692,0.049662806,4.1310247,0.66366322,288.565,287.417,289.601,13.5,NaN,NaN,NaN,-0.0237165651546434,444.098180226839,39.7902131721044,13.2732644,288.565,287.417,289.601,-0.0100806687846324+0i,0.000637692,20.8663328430975,455.534895391825,21.6880495981118,20.9391137578468,-9.9e+37,-9.9e+37,595.607,618.293
20260514165008.1,191.766008734703,9.7881488,0.55015567,2.0030554,2.7289732,-0.000335289,-0.000707167,0.002380456,1.2095492,0.21676737,0.000636385,0.091077081,4.1311996,0.68390008,288.554,287.389,289.588,13.57,NaN,NaN,NaN,-0.0230269645992962,444.191499936436,52.6311632397033,13.6780016,288.554,287.389,289.588,-0.051953823781464+0i,0.000636385,20.8682746560289,463.500459061628,22.4400225921609,20.9402945015912,-9.9e+37,228.817,544.818,436.686
20260514165010.1,193.77300851047,9.7877553,0.62149045,2.0026292,2.7295088,-0.000337576,-0.000707058,0.002390148,1.2094399,0.15417659,0.000633663,-0.11289729,4.1313307,0.57914093,288.565,287.373,289.563,13.59,NaN,NaN,NaN,-0.0499909789748756,444.543486108688,59.7606476178205,11.5828186,288.565,287.373,289.563,-0.0256871966872174+0i,0.000633663,20.8697301830461,456.22184079785,21.6333674473103,20.9395268836763,-9.9e+37,-9.9e+37,231.407,672.847
20260514165012.1,195.793003588915,9.787799,0.51002022,2.0026182,2.7295197,-0.000357613,-0.000710543,0.002352143,1.2095601,0.14316064,0.000634098,0.023548121,4.1313198,0.66397749,288.567,287.37,289.596,13.59,NaN,NaN,NaN,-0.0506869061408253,444.550649382171,48.6198651914903,13.2795498,288.567,287.37,289.596,-0.0691533139794006+0i,0.000634098,20.8696091666885,443.587801153806,21.7427317489128,20.9414160736672,9.9e+37,76.555,387.393,731.463
20260514165014.2,197.899007052183,9.788116,0.44045431,2.0030663,2.730099,-0.000362622,-0.000709889,0.002382743,1.2096147,0.26823634,0.000633989,-0.00695331,4.1302924,0.72158569,288.551,287.34,289.588,13.59,NaN,NaN,NaN,-0.0223373640439348,444.931354366461,41.6671687845692,14.4317138,288.551,287.34,289.588,-0.0157141774109801+0i,0.000633989,20.858202542299,444.274746559823,22.5356852158861,20.9395268836763,255.698,-9.9e+37,461.868,480.36
20260514165016.2,199.90600682795,9.7885641,0.52933062,2.0027275,2.7299678,-0.000363929,-0.000709345,0.002395593,1.209418,0.3454627,0.000636929,0.17221136,4.1309701,0.72626706,288.557,287.354,289.596,13.64,NaN,NaN,NaN,-0.0437719207554323,444.845132212243,50.5498241138448,14.5253412,288.557,287.354,289.596,-0.0367504606521622+0i,0.000636929,20.8657266510675,432.739319058744,22.5903673666876,20.9404418928376,-9.9e+37,199.388,358.456,-9.9e+37
20260514165018.2,201.926001906395,9.7884657,0.49442108,2.0026401,2.7301864,-0.000362513,-0.000710216,0.002360311,1.2095382,0.31383339,0.000635078,-0.14463378,4.1307078,0.60526387,288.538,287.332,289.612,13.61,NaN,NaN,NaN,-0.0493013784195284,444.988791990537,47.0608244971465,12.1052774,288.538,287.332,289.612,-0.0557546583051107+0i,0.000635078,20.8628144867913,425.323061460419,22.5766656888104,20.9413275851269,-9.9e+37,-9.9e+37,-9.9e+37,224.139
20260514165020.2,203.949004411697,9.7888373,0.50749948,2.0029352,2.731028,-0.000358919,-0.000708038,0.002332324,1.2094836,0.33642514,0.00063486,0.17187199,4.1305985,0.74326296,288.565,287.33,289.612,13.62,NaN,NaN,NaN,-0.0306315505400363,445.541875565159,48.3679323131483,14.8652592,288.565,287.33,289.612,-0.0646638294024709+0i,0.00063486,20.8616009924894,425.049034058018,21.7291546317433,20.9416522224161,9.9e+37,771.182,330.4,-9.9e+37
20260514165022.2,205.953006818891,9.7888045,0.47629357,2.0027822,2.7311045,-0.000362622,-0.000710652,0.002312832,1.2093852,0.3442678,0.000635296,0.15104695,4.1308717,0.74198731,288.543,287.321,289.601,13.64,NaN,NaN,NaN,-0.0403112647574631,445.592149915751,45.2490883516203,14.8397462,288.543,287.321,289.601,-0.0683180915119086+0i,0.000635296,20.8646341731232,425.460700794957,21.6333674473103,20.9418587853308,-9.9e+37,561.744,486.549,-9.9e+37
20260514165024.4,208.101999387145,9.7881597,0.53339654,2.0029243,2.7310389,-0.000362948,-0.000712285,0.002377407,1.2094617,0.39226994,0.000633227,-0.001072513,4.1303143,0.7664516,288.562,287.33,289.593,13.7,NaN,NaN,NaN,-0.0313211510953977,445.549038838642,50.9561884864927,15.329032,288.562,287.33,289.593,-0.09082752915084+0i,0.000633227,20.8584456852561,424.637367321075,21.6880495981118,20.9425083288713,-9.9e+37,528.239,765.838,-9.9e+37
20260514165026.4,210.156001523137,9.7878537,0.53977151,2.0026401,2.7308094,-0.000363711,-0.000710434,0.002360419,1.2093634,0.3864111,0.000634425,-0.030819826,4.130664,0.59602661,288.548,287.335,289.58,13.71,NaN,NaN,NaN,-0.0493013784195284,445.398215786865,51.5933285887817,11.9205322,288.548,287.335,289.58,-0.0988892000617361+0i,0.000634425,20.8623282008771,424.637367321075,20.5671277870379,20.9428033803263,-9.9e+37,-9.9e+37,184.804,-9.9e+37
20260514165028.4,212.152007594705,9.7886406,0.53546006,2.0026729,2.7309187,-0.000363711,-0.000711741,0.00237218,1.2093961,0.13347269,0.000637474,-0.068294963,4.1308061,0.63420328,288.554,287.313,289.582,13.68,NaN,NaN,NaN,-0.047226250142856,445.470045676012,51.1624249619389,12.6840656,288.554,287.313,289.582,-0.078107164626592+0i,0.000637474,20.8639058544937,424.911394723475,20.5671277870379,20.9420949340797,9.9e+37,168.048,477.13,610.404
20260514165030.5,214.164006337523,9.7886297,0.50158718,2.002662,2.7308968,-0.000363275,-0.000710543,0.00234953,1.2095492,0.14675514,0.00063094,0.000541646,4.1307405,0.7205261,288.565,287.292,289.607,13.66,NaN,NaN,NaN,-0.0479158506982031,445.45565341094,47.7770333086411,14.410522,288.565,287.292,289.607,-0.0430043186638783+0i,0.00063094,20.8631775358642,423.125837174498,20.5534261091611,20.9409733620036,1490.098,305.973,515.331,608.714
20260514165032.5,216.176005080342,9.7886187,0.56363235,2.002662,2.7312466,-0.000365126,-0.000711414,0.00240376,1.2094289,0.32038187,0.000637474,0.11711734,4.1314838,0.70863061,288.559,287.305,289.637,13.7,NaN,NaN,NaN,-0.0479158506982031,445.685535343453,53.9780767583107,14.1726122,288.559,287.305,289.637,-0.0686728901083453+0i,0.000637474,20.8714299632622,423.675143245976,19.4871864488887,20.9417702967905,-9.9e+37,395.628,444.217,102.263
20260514165034.5,218.188003823161,9.7886078,0.53825033,2.002651,2.7314652,-0.000364691,-0.000708583,0.002378169,1.2094836,0.43176484,0.000631594,0.07273516,4.1306968,0.68907796,288.548,287.289,289.661,13.71,NaN,NaN,NaN,-0.0486117778641528,445.829195121747,51.4412957508546,13.7815592,288.548,287.289,289.661,-0.0612175551737469+0i,0.000631594,20.8626923601918,412.690273083052,19.4871864488887,20.9417998826247,-9.9e+37,234.538,369.666,-9.9e+37
20260514165036.5,220.202999934554,9.7893401,0.4849372,2.0030554,2.731334,-0.000365453,-0.000711196,0.002378387,1.2093524,0.16092259,0.000633663,0.008397263,4.1310247,0.70910093,288.567,287.286,289.694,13.7,NaN,NaN,NaN,-0.0230269645992962,445.742972967529,46.112967444753,14.1820186,288.567,287.286,289.694,-0.0528038617351222+0i,0.000633663,20.8663328430975,413.651245891473,19.4597830931339,20.9415933197099,-9.9e+37,465.263,793.791,268.407
20260514165038.5,222.202999144793,9.7886734,0.58879831,2.002804,2.7312029,-0.000366106,-0.000713156,0.002373269,1.2095601,0.43861449,0.000636276,-0.000957409,4.1302378,0.67548014,288.554,287.273,289.675,13.69,NaN,NaN,NaN,-0.0389320636467545,445.656816531415,56.4932638617169,13.5096028,288.554,287.273,289.675,-0.0654966991569879+0i,0.000636276,20.857596350269,413.375967222396,18.6395508311139,20.9418587853308,-9.9e+37,150.776,300.56,-9.9e+37
20260514165040.5,224.215007945895,9.7887499,0.44858723,2.0029133,2.7312356,-0.00036578,-0.000715225,0.002365646,1.2094945,0.42947543,0.000613517,-0.021384142,4.1309482,0.63458957,288.543,287.254,289.683,6.68,NaN,NaN,NaN,-0.0320170782613616,445.678306351865,42.480005469402,12.6917914,288.543,287.254,289.683,-0.0890220347840966+0i,0.000613517,20.8654835081104,413.925273293874,19.4460814152567,20.9430395290752,-9.9e+37,194.522,209.345,-9.9e+37
20260514165042.5,226.219000294805,9.7887827,0.64811973,2.0030117,2.7312794,-0.000366215,-0.000713483,0.002401364,1.2094399,0.36210179,0.000630613,-0.096206856,4.1309919,0.60603755,288.551,287.27,289.683,10.19,NaN,NaN,NaN,-0.02579169343133,445.707090882008,62.4220847984007,12.120751,288.551,287.27,289.683,-0.11509370475632+0i,0.000630613,20.8659686837828,413.375967222396,19.4325042980872,20.943275677824,1001.038,275.746,107.736,87.574
20260514165044.6,228.266001865268,9.7887499,0.58568939,2.0029133,2.7312356,-0.00036676,-0.000708474,0.002362597,1.2094399,0.13168198,0.000633009,-0.077417442,4.1309482,0.64117296,288.557,287.267,289.694,10.34,NaN,NaN,NaN,-0.0320170782613616,445.678306351865,56.1825459121723,12.8234592,288.557,287.267,289.694,-0.108584354281975+0i,0.000633009,20.8654835081104,412.414994413974,19.4460814152567,20.943275677824,9.9e+37,450.35,405.373,647.418
20260514165046.6,230.28900437057,9.7889138,0.46584941,2.0027166,2.7316619,-0.000366215,-0.000711632,0.002367171,1.2095382,0.39791378,0.000634643,-0.014634907,4.1315712,0.5961641,288.557,287.278,289.661,10.46,NaN,NaN,NaN,-0.0444615213108221,445.95846263497,44.2052570597517,11.923282,288.557,287.278,289.661,-0.0850191456457244+0i,0.000634643,20.872400314607,413.51360655693,19.4460814152567,20.9428329661605,1082.63,238.739,-9.9e+37,304.577
20260514165048.6,232.296999916434,9.7886952,0.55888987,2.0026729,2.7315963,-0.000364909,-0.000711632,0.002399404,1.209418,0.28681672,0.000638563,-0.10876005,4.1315165,0.58764052,288.546,287.262,289.618,10.52,NaN,NaN,NaN,-0.047226250142856,445.915351557861,53.5040942623454,11.7528104,288.546,287.262,289.618,-0.135181876108936+0i,0.000638563,20.8717930123352,412.964300485452,19.4325042980872,20.9442498586537,9.9e+37,318.779,-9.9e+37,475.425
20260514165050.6,234.336005151272,9.7888045,0.51989803,2.0027822,2.7317384,-0.000364582,-0.000709454,0.002398424,1.2093852,0.12839411,0.000634316,0.041466018,4.131604,0.66206893,288.559,287.245,289.615,10.55,NaN,NaN,NaN,-0.0403112647574631,446.008736985562,49.6070931900208,13.2413786,288.559,287.245,289.615,-0.120266252093426+0i,0.000634316,20.8727644739218,413.23957915453,18.6395508311139,20.9439252213645,9.9e+37,613,354.215,745.67
20260514165052.6,236.344000697136,9.7885969,0.58014595,2.0027166,2.7308422,-0.000366433,-0.000711087,0.002402017,1.2093634,0.27185376,0.000638998,-0.11140706,4.130981,0.53794916,288.538,287.256,289.552,10.62,NaN,NaN,NaN,-0.0444615213108221,445.41977132542,55.6285122573264,10.7589832,288.538,287.256,289.552,-0.0906957530038746+0i,0.000638998,20.8658476674251,413.101939819991,19.4734847710115,20.9426853059519,1131.256,-9.9e+37,-9.9e+37,620.227
20260514165054.7,238.387009128928,9.7888155,0.59302355,2.0030226,2.7306564,-0.000366106,-0.000709672,0.002403433,1.2094836,0.34171324,0.000634643,-0.033414913,4.1309919,0.58341854,288.554,287.264,289.552,10.64,NaN,NaN,NaN,-0.0251020928759687,445.29766708568,56.9155513149592,11.6683708,288.554,287.264,289.552,-0.0877604375629592+0i,0.000634643,20.8659686837828,423.401115843576,20.5808294649155,20.9423014969944,9.9e+37,170.125,-9.9e+37,467.029
20260514165056.7,240.406008437276,9.7887608,0.72526858,2.0029133,2.7300006,-0.000366651,-0.000708365,0.002367933,1.2094399,0.15862337,0.000636276,-0.08613308,4.130981,0.59677083,288.557,287.24,289.536,10.66,NaN,NaN,NaN,-0.0320170782613616,444.866687750797,70.1326506803548,11.9354166,288.557,287.24,289.536,-0.0719000108291263+0i,0.000636276,20.8658476674251,432.6016797242,20.5671277870379,20.9413571709611,9.9e+37,301.907,-9.9e+37,797.573
20260514165058.7,242.44500361383,9.7894275,0.52580704,2.0027494,2.7303722,-0.000365453,-0.000708909,0.002382199,1.2094617,0.36900928,0.000637038,-0.004880046,4.131604,0.57184932,288.548,287.248,289.517,10.68,NaN,NaN,NaN,-0.0423863930341355,445.110896230276,50.1976633787161,11.4369864,288.548,287.248,289.517,-0.0672311607183949+0i,0.000637038,20.8727644739218,433.42626446476,20.5397244312835,20.9415637338758,9.9e+37,291.56,-9.9e+37,464.906
20260514165100.8,244.477008283138,9.7893729,0.59104297,2.0027822,2.729323,-0.000366433,-0.000711305,0.002348877,1.2094399,0.3645647,0.000635949,0.11690587,4.1309482,0.74463465,288.554,287.251,289.493,10.7,NaN,NaN,NaN,-0.0403112647574631,444.421381868948,56.7176041961819,14.892693,288.554,287.251,289.493,-0.118082905444312+0i,0.000635949,20.8654835081104,423.263476509037,20.5534261091611,20.9433052636582,9.9e+37,1070.353,283.031,-9.9e+37
20260514165102.8,246.496007591486,9.7892854,0.68755134,2.0027057,2.7289404,-0.000364909,-0.000707058,0.002400493,1.2094399,0.43216205,0.000630396,-0.064464899,4.1309919,0.64247589,288.54,287.254,289.455,10.75,NaN,NaN,NaN,-0.0451511218661693,444.169944397881,66.3630382505457,12.8495178,288.54,287.254,289.455,-0.0891507193992438+0i,0.000630396,20.8659686837828,423.812782580515,20.5397244312835,20.9421245199138,-9.9e+37,405.618,-9.9e+37,-9.9e+37
20260514165104.9,248.617007955909,9.7888482,0.48238373,2.0028696,2.7292137,-0.000368284,-0.000712176,0.002364449,1.2094945,0.24403504,0.000636276,0.00492362,4.1309919,0.58989609,288.557,287.278,289.468,10.81,NaN,NaN,NaN,-0.0347818070933954,444.349551979801,45.8577633987745,11.7979218,288.557,287.278,289.468,-0.0868142179628161+0i,0.000636276,20.8659686837828,423.263476509037,21.4557438777369,20.9425672315774,681.743,533.448,-9.9e+37,138.873
20260514165107.1,250.770003721118,9.7877553,0.6374224,2.002662,2.7287656,-0.000366215,-0.0007088,0.002389386,1.2094945,0.10223622,0.000638236,-0.000660995,4.1314728,0.54366065,288.584,287.254,289.466,10.79,NaN,NaN,NaN,-0.0479158506982031,444.05506914973,61.3529506800567,10.873213,288.584,287.254,289.466,-0.114667668199531+0i,0.000638236,20.8713078366628,424.773755388936,22.412619236406,20.9429510405349,9.9e+37,672.673,-9.9e+37,390.793
20260514165109.1,252.79300622642,9.7884766,0.62071459,2.002662,2.7281426,-0.000366215,-0.000712612,0.002340709,1.2094399,0.27883765,0.00063192,0.11989363,4.130981,0.73236048,288.565,287.275,289.466,10.82,NaN,NaN,NaN,-0.0479158506982031,443.645645353402,59.6831050537359,14.6472096,288.565,287.275,289.466,-0.118725493579893+0i,0.00063192,20.8658476674251,412.414994413974,20.6355116157165,20.9434529238668,773.335,1091.847,555.138,-9.9e+37
20260514165111.1,254.805004969239,9.7880722,0.46585378,2.0029789,2.7281645,-0.000365235,-0.000711958,0.00239385,1.2093961,0.17685345,0.000620377,-0.002616652,4.1303034,0.70277617,288.576,287.264,289.487,10.81,NaN,NaN,NaN,-0.0278668217080025,443.660037618474,44.2056938151007,14.0555234,288.576,287.264,289.487,-0.107730283669328+0i,0.000620377,20.8583246688985,413.651245891473,22.4263209142837,20.9435709982412,-9.9e+37,535.167,778.837,335.753
20260514165113.2,256.930008530617,9.7879083,0.52656763,2.0026838,2.7284377,-0.00036676,-0.000712067,0.00240572,1.2094617,0.23060855,0.000632465,-0.00719447,4.1306859,0.68977308,288.535,287.254,289.482,10.8,NaN,NaN,NaN,-0.0465366495874946,443.839579482289,50.2736797976796,13.7954616,288.535,287.254,289.482,-0.133145978761559+0i,0.000632465,20.8625713438342,414.338191297494,23.3148124442741,20.9441613701134,-9.9e+37,310.64,706.815,342.355
20260514165115.3,259.019999206066,9.7880285,0.52955323,2.0029024,2.7281207,-0.00036872,-0.000712612,0.002351381,1.2093743,0.45947551,0.00063388,-0.003308901,4.1312433,0.7044894,288.548,287.278,289.531,10.81,NaN,NaN,NaN,-0.032706678816723,443.63125308833,50.572072651198,14.089788,288.548,287.278,289.531,-0.1083347427068+0i,0.00063388,20.8687598317013,413.23957915453,22.5903673666876,20.9433348494923,-9.9e+37,-9.9e+37,444.059,317.505
20260514165117.3,261.039008572698,9.7880067,0.55841192,2.0028696,2.7281207,-0.000366651,-0.000712394,0.002415194,1.2094836,0.23864218,0.000637909,-0.11804333,4.1309373,0.58123172,288.559,287.262,289.536,10.86,NaN,NaN,NaN,-0.0347818070933954,443.63125308833,53.4563260200025,11.6246344,288.559,287.262,289.536,-0.100695807122535+0i,0.000637909,20.8653624917527,413.101939819991,22.4535997093299,20.942980626369,1235.584,-9.9e+37,-9.9e+37,583.223
20260514165119.3,263.043000921607,9.7888264,0.71850733,2.0028696,2.7292137,-0.000367413,-0.000711414,0.002364231,1.2093634,0.44798815,0.000616675,-0.066968293,4.1315384,0.6680696,288.546,287.27,289.552,10.87,NaN,NaN,NaN,-0.0347818070933954,444.349551979801,69.4569042036496,13.361392,288.546,287.27,289.552,-0.130059067779098+0i,0.000616675,20.8720361552923,413.51360655693,22.5082818601313,20.9434233380326,9.9e+37,368.928,-9.9e+37,-9.9e+37
20260514165121.3,265.0470033288,9.7886078,0.57943665,2.0027494,2.7287,-0.000367304,-0.000711958,0.002345392,1.2094836,0.17442328,0.000632465,-0.000729382,4.1309373,0.76391774,288.559,287.283,289.626,8.68,NaN,NaN,NaN,-0.0423863930341355,444.01195807262,55.5576219669323,15.2783548,288.559,287.283,289.626,-0.0964850896347187+0i,0.000632465,20.8653624917527,424.499727986536,23.3422158000294,20.9425083288713,9.9e+37,671.652,569.505,360.456
20260514165123.3,267.043009400368,9.7886297,0.57095996,2.0026729,2.7290388,-0.000369264,-0.000708474,0.002352034,1.2094399,0.40114601,0.000633989,-0.017318745,4.1315056,0.60230773,288.535,287.292,289.65,11.48,NaN,NaN,NaN,-0.047226250142856,444.234611013545,54.7104275277942,12.0461546,288.535,287.292,289.65,-0.128804418650826+0i,0.000633989,20.8716719959775,424.911394723475,22.521983538009,20.9436299009474,-9.9e+37,-9.9e+37,-9.9e+37,-9.9e+37
20260514165125.3,269.055008143187,9.7888045,0.59490919,2.0030336,2.7288202,-0.000366324,-0.000709236,0.002371527,1.2093852,0.24266118,0.000635405,0.11926204,4.1310029,0.77202232,288.546,287.302,289.667,12.85,NaN,NaN,NaN,-0.0244061657100048,444.090951235251,57.1040097488781,15.4404464,288.546,287.302,289.667,-0.135206186821519+0i,0.000635405,20.8660908103822,423.675143245976,22.4673013872075,20.9437775611559,9.9e+37,843.938,613.877,207.654
20260514165127.4,271.090000122786,9.7888592,0.41873881,2.0029461,2.7291263,-0.000367413,-0.00071381,0.002366953,1.2094399,0.18594667,0.000630396,0.028193933,4.1313854,0.72186395,288.562,287.332,289.688,13.62,NaN,NaN,NaN,-0.0299419499846891,444.292114355726,39.4968345098577,14.437279,288.562,287.332,289.688,-0.0907840036544951+0i,0.000630396,20.870337485318,425.049034058018,22.6313478396114,20.9428918688666,-9.9e+37,358.871,685.283,316.375
20260514165129.5,273.211000487208,9.7893401,0.48779295,2.0027713,2.7287,-0.000366542,-0.000710216,0.002386663,1.2094071,0.32390217,0.00063486,-0.00666086,4.1313526,0.69165654,288.546,287.332,289.686,13.87,NaN,NaN,NaN,-0.0410008653128102,444.01195807262,46.3983825678221,13.8331308,288.546,287.332,289.686,-0.115501703653564+0i,0.00063486,20.8699733260032,424.637367321075,22.0161425029196,20.9435414124071,-9.9e+37,-9.9e+37,629.929,351.954
20260514165131.5,275.223009288311,9.7888155,0.54187758,2.0030445,2.7288421,-0.000367413,-0.000710325,0.002340274,1.2093196,0.3159362,0.000625713,-0.1248454,4.1310247,0.56410049,288.538,287.349,289.694,13.89,NaN,NaN,NaN,-0.0237165651546434,444.105343500322,51.8038176820994,11.2820098,288.538,287.349,289.694,-0.0678381078211778+0i,0.000625713,20.8663328430975,425.186673392557,21.6744724809419,20.9416818082502,-9.9e+37,-9.9e+37,-9.9e+37,511.762
20260514165133.6,277.320000529289,9.7888482,0.20354058,2.0029571,2.729159,-0.000367958,-0.000708474,0.002377516,1.2092759,0.34855961,0.000633227,-0.003332313,4.1309373,0.75635553,288.54,287.351,289.716,13.95,NaN,NaN,NaN,-0.029246022818711,444.313604176175,17.9890592145044,15.1271106,288.54,287.351,289.716,-0.0669512165315768+0i,0.000633227,20.8653624917527,424.224449317458,22.4673013872075,20.9432460919899,9.9e+37,436.93,444.421,367.686
20260514165135.7,279.441000893712,9.7883783,0.056246306,2.002651,2.7287874,-0.000367304,-0.000711305,0.002346372,1.2094071,0.43697764,0.000637256,-0.053413985,4.1311122,0.58842184,288.535,287.373,289.697,14.04,NaN,NaN,NaN,-0.0486117778641528,444.069395696696,3.26787796926733,11.7684368,288.535,287.373,289.697,-0.0310307644900207+0i,0.000637256,20.8673043046841,424.773755388936,21.701751275989,20.9436003151132,146.926,-9.9e+37,-9.9e+37,347.569
20260514165137.8,281.543001160026,9.7886624,0.023178094,2.0030226,2.728383,-0.000370136,-0.000706078,0.002358459,1.2090027,0.30642504,0.000614388,0.00549761,4.1302378,0.59651875,288.557,287.389,289.65,14.15,NaN,NaN,NaN,-0.0251020928759687,443.803631678662,-0.0370919327393402,11.930375,288.557,287.389,289.65,0+0.00424311939676756i,0.000614388,20.857596350269,424.362088651997,21.6880495981118,20.9448106446917,974.262,126.875,-9.9e+37,287.182
20260514165140,283.727006614208,9.7888482,0.023185717,2.0028478,2.7286016,-0.00037068,-0.000713265,0.002388841,1.2098005,0.42507778,0.000633771,0.002407244,4.1309591,0.67978504,288.546,287.381,289.61,14.14,NaN,NaN,NaN,-0.036161008204104,443.947291456957,-0.0363300595070348,13.5957008,288.546,287.381,289.61,0+0.00516296555706739i,0.000633771,20.865604524468,424.773755388936,21.701751275989,20.9460505601043,1582.055,-9.9e+37,-9.9e+37,257.29
20260514165142.1,285.777005553246,9.7884438,0.023184519,2.002651,2.7281754,-0.000369156,-0.000710216,0.002326444,1.2098333,0.35223378,0.000632356,0.11236678,4.1310794,0.77154218,288.567,287.398,289.561,14.09,NaN,NaN,NaN,-0.0486117778641528,443.667200891957,-0.0364497924379417,15.4308436,288.567,287.398,289.561,0+0.00390701356623858i,0.000632356,20.8669401453694,424.362088651997,21.6607708030651,20.9444268357343,9.9e+37,904.116,284.795,-9.9e+37
20260514165144.1,287.801003828645,9.7887171,0.023185064,2.0028478,2.7280989,-0.000367413,-0.000713156,0.002364884,1.2097787,0.28366962,0.000632791,0.10178248,4.1309263,0.75616893,288.565,287.411,289.487,14.05,NaN,NaN,NaN,-0.036161008204104,443.616926541364,-0.0363953229493408,15.1233786,288.565,287.411,289.487,0+0.00541083110075751i,0.000632791,20.8652403651533,433.288625130217,20.5671277870379,20.9462275371849,-9.9e+37,654.835,634.038,-9.9e+37
20260514165146.1,289.840009063482,9.7887499,0.023185608,2.0027385,2.7286016,-0.000367849,-0.000710216,0.002391019,1.2098224,0.11273604,0.000638781,-0.11192758,4.131593,0.5989151,288.557,287.406,289.452,14.06,NaN,NaN,NaN,-0.0430759935894969,443.947291456957,-0.0363409534047552,11.978302,288.557,287.406,289.452,0+0.00454255072169086i,0.000638781,20.8726423473223,424.911394723475,20.526147314114,20.9452829421894,-9.9e+37,-9.9e+37,430.242,557.455
20260514165148.2,291.875001043081,9.7884876,0.023186153,2.0026401,2.7288202,-0.000369809,-0.000712394,0.002379367,1.2098333,0.15529292,0.000634316,-0.11243514,4.1312105,0.57117166,288.551,287.419,289.441,14.08,NaN,NaN,NaN,-0.0493013784195284,444.090951235251,-0.0362864839161539,11.4234332,288.551,287.419,289.441,0+0.00465216675212011i,0.000634316,20.8683956723866,424.773755388936,20.5671277870379,20.945430602398,1426.635,-9.9e+37,73.293,750.087
20260514165150.3,294.000004604459,9.7887499,0.023184519,2.0027057,2.72917,-0.000367304,-0.000711523,0.002357588,1.209877,0.26225423,0.000634425,0.00536885,4.1312433,0.57695083,288.559,287.438,289.438,14.15,NaN,NaN,NaN,-0.0451511218661693,444.320833167764,-0.0364497924379417,11.5390166,288.559,287.438,289.438,0+0.0050446784331411i,0.000634425,20.8687598317013,424.362088651997,20.594406582085,20.9459324857299,9.9e+37,216.119,-9.9e+37,403.463
20260514165152.3,296.016006544232,9.7888373,0.023184628,2.0030554,2.7294541,-0.000371116,-0.000708147,0.002353341,1.2097568,0.16966443,0.00063192,-0.16113099,4.1310247,0.61318838,288.559,287.438,289.389,14.17,NaN,NaN,NaN,-0.0230269645992962,444.507538305062,-0.0364388985402213,12.2637676,288.559,287.438,289.389,0+0.00504612426117952i,0.00063192,20.8663328430975,424.499727986536,20.6081082599621,20.9459324857299,9.9e+37,170.277,148.091,664.181
20260514165154.5,298.168006539345,9.7887936,0.023184846,2.0027931,2.7298585,-0.000371442,-0.000709889,0.002337007,1.2098552,0.35785691,0.000637147,-0.001356512,4.1309373,0.74451134,288.543,287.455,289.351,14.18,NaN,NaN,NaN,-0.0396216642021017,444.773302323096,-0.036417110744781,14.8902268,288.543,287.455,289.351,0+0.00513609117410077i,0.000637147,20.8653624917527,424.224449317458,21.701751275989,20.9460209742702,9.9e+37,849.65,327.919,209.784
20260514165156.5,300.184008479118,9.7888045,0.023184084,2.0029571,2.7300225,-0.00036872,-0.000708147,0.002372507,1.2097787,0.36906275,0.000633336,0.11665682,4.1310029,0.74908141,288.551,287.471,289.308,14.18,NaN,NaN,NaN,-0.029246022818711,444.881080015869,-0.0364932680848065,14.9816282,288.551,287.471,289.308,0+0.00406315147418252i,0.000633336,20.8660908103822,413.101939819991,20.5808294649155,20.944899133232,-9.9e+37,578.653,553.619,-9.9e+37
20260514165158.5,302.207000926137,9.7880285,0.023184301,2.0027931,2.7305908,-0.000368284,-0.000708583,0.002399513,1.2097787,0.40618312,0.000638127,-0.015442367,4.1309482,0.61149698,288.538,287.506,289.262,14.17,NaN,NaN,NaN,-0.0396216642021017,445.25455600857,-0.0364715802333819,12.2299396,288.538,287.506,289.262,0+0.0039603288022123i,0.000638127,20.8654835081104,424.637367321075,21.701751275989,20.9444860074025,-9.9e+37,-9.9e+37,99.986,-9.9e+37
20260514165200.5,304.207000136375,9.788422,0.023184737,2.0026182,2.7312684,-0.000370462,-0.000711632,0.002354212,1.2098005,0.13508771,0.000633445,-0.10274371,4.1311012,0.62817205,288.57,287.561,289.229,14.15,NaN,NaN,NaN,-0.0506869061408253,445.699861890419,-0.036428004642501,12.563441,288.57,287.561,289.229,0+0.00312006059695823i,0.000633445,20.8671821780847,423.675143245976,21.6880495981118,20.9434233380326,1572.547,146.799,419.823,584.86
20260514165202.5,306.227005273104,9.7885094,0.023184519,2.0026401,2.7314215,-0.000369918,-0.000714681,0.002382525,1.2098005,0.21123375,0.000636167,0.10160541,4.1313307,0.70833598,288.567,287.626,289.186,14.14,NaN,NaN,NaN,-0.0493013784195284,445.80047630971,-0.0364497924379417,14.1667196,288.567,287.626,289.186,0+0.00340737164366847i,0.000636167,20.8697301830461,424.499727986536,22.5492623330556,20.9437479753218,1624.306,645.974,521.016,434.787
20260514165204.5,308.246004581451,9.7886187,0.023184737,2.0027494,2.7318258,-0.000372313,-0.000709889,0.002359004,1.2097677,0.11928778,0.00063486,0.048050389,4.1309045,0.65659968,288.565,287.718,289.153,14.14,NaN,NaN,NaN,-0.0423863930341355,446.066174609638,-0.036428004642501,13.1319936,288.565,287.718,289.153,0+0.0032662754878313i,0.00063486,20.864998332438,423.950421915058,24.4768392889796,20.9435118265729,-9.9e+37,-9.9e+37,583.727,647.7
20260514165206.6,310.262006521225,9.7881488,0.023184955,2.0029352,2.7318696,-0.000370462,-0.000710434,0.002384268,1.2098333,0.1221457,0.000634969,0.039745141,4.1308389,0.64948158,288.562,287.802,289.15,14.14,NaN,NaN,NaN,-0.0306315505400363,446.094959139781,-0.0364062168470607,12.9896316,288.562,287.802,289.15,0+0.00277390422923982i,0.000634969,20.8642700138085,423.812782580515,27.5253380559775,20.9427737944922,250.724,-9.9e+37,487.101,722.89
20260514165208.6,312.270002067089,9.7881488,0.023184846,2.0029461,2.732274,-0.000369918,-0.000710978,0.002388406,1.2098005,0.12310926,0.000637692,-0.051875185,4.130675,0.58522671,288.578,287.898,289.107,14.14,NaN,NaN,NaN,-0.0299419499846891,446.360723157815,-0.036417110744781,11.7045342,288.578,287.898,289.107,0+0.000316703242660054i,0.000637692,20.8624503274766,432.739319058744,33.4036069867675,20.9392022463871,493.819,-9.9e+37,304.593,812.711
20260514165210.6,314.285008236766,9.7880504,0.023184628,2.0029461,2.7318914,-0.000371769,-0.000708909,0.002378605,1.2097787,0.3864122,0.000634751,0.11493813,4.1302815,0.71687813,288.565,288.004,289.05,14.15,NaN,NaN,NaN,-0.0299419499846891,446.109285686747,-0.0364388985402213,14.3375626,288.565,288.004,289.05,0-0.0042695087236234i,0.000634751,20.8580815259414,494.260347797844,39.51430619864,20.9317635607977,544.683,309.237,158.434,164.638
20260514165212.6,316.30500331521,9.7881378,0.023183975,2.0030117,2.7321647,-0.000372858,-0.000709998,0.002396899,1.2097787,0.34652556,0.000617982,0.11335653,4.1305875,0.75371913,288.562,288.118,289.001,14.15,NaN,NaN,NaN,-0.02579169343133,446.288893268668,-0.0365041619825268,15.0743826,288.562,288.118,289.001,0-0.0105671134937732i,0.000617982,20.8614788658899,646.142850928775,49.1109613839212,20.9201037835628,-9.9e+37,429.917,519.426,-9.9e+37
20260514165214.6,318.328005820513,9.7879629,0.023183648,2.0026729,2.7322302,-0.000370789,-0.000710543,0.002393741,1.2097787,0.21243192,0.000634207,0.049526904,4.1308826,0.73524461,288.554,288.224,288.919,14.16,NaN,NaN,NaN,-0.047226250142856,446.331938627672,-0.0365368436756874,14.7048922,288.554,288.224,288.919,0-0.0199828582051732i,0.000634207,20.8647551894809,797.474796721556,55.9461056733803,20.9045182350995,-9.9e+37,299.766,741.398,198.865
20260514165216.7,320.438002422452,9.788105,0.023178312,2.0030117,2.7319023,-0.000370353,-0.000710543,0.0023712,1.2093196,0.23796671,0.000636603,-0.00731996,4.1303252,0.71809266,288.562,288.341,288.854,14.17,NaN,NaN,NaN,-0.02579169343133,446.11644896023,-0.0370701449438999,14.3618532,288.562,288.341,288.854,0-0.0259696831909757i,0.000636603,20.8585667016137,948.257436442854,60.7581349438979,20.8936849784857,-9.9e+37,-9.9e+37,742.138,315.746
20260514165218.8,322.492004558444,9.7877225,0.023271636,2.0026401,2.7312903,-0.000368611,-0.000704771,0.002394395,1.2095164,0.44606977,0.000636276,0.14100764,4.130522,0.68416198,288.554,288.498,288.84,14.15,NaN,NaN,NaN,-0.0493013784195284,445.714254155491,-0.0277429696150713,13.6832396,288.554,288.498,288.84,0-0.0289747855825115i,0.000636276,20.8607516575023,1051.93864461807,68.0991202684468,20.8815824895872,-9.9e+37,-9.9e+37,269.445,-9.9e+37
20260514165220.9,324.617008119822,9.7880832,0.21525165,2.0030663,2.7307657,-0.000374056,-0.000710107,0.002368042,1.2093743,0.33880184,0.000634316,0.15240444,4.1302815,0.6849924,288.557,288.623,288.819,14.02,NaN,NaN,NaN,-0.0223373640439348,445.369496974827,19.1595105794071,13.699848,288.557,288.623,288.819,0.923158713070467+0i,0.000634316,20.8580815259414,1111.26244907125,71.2160028641233,20.8710738702625,-9.9e+37,638.06,609.11,97.841
20260514165223,326.67200602591,9.7878974,0.46581667,2.0027166,2.7305908,-0.000371116,-0.000712176,0.002351272,1.2095601,0.29400468,0.000633663,-0.18228338,4.1303362,0.60326147,288.535,288.596,288.898,13.82,NaN,NaN,NaN,-0.0444615213108221,445.25455600857,44.201984892675,12.0652294,288.535,288.596,288.898,1.6054159340314+0i,0.000633663,20.8586888282132,1174.15736862239,74.0730518229625,20.8621004867675,-9.9e+37,-9.9e+37,280.094,228.054
20260514165225,328.699001669884,9.7880395,0.51971689,2.0027166,2.7304378,-0.000370244,-0.000708691,0.002385574,1.2093524,0.3297992,0.000635623,0.1694691,4.1308936,0.76054585,288.567,288.555,289.012,13.82,NaN,NaN,NaN,-0.0444615213108221,445.154007307386,49.588989331002,15.210917,288.567,288.555,289.012,1.85782404054061+0i,0.000635623,20.8648773160803,1257.23897348376,74.0730518229625,20.8548086545003,1483.942,810.887,463.408,-9.9e+37
20260514165227,330.715003609657,9.787799,0.69254588,2.0026401,2.7301755,-0.000370789,-0.000706731,0.00237218,1.2093852,0.31513742,0.000633336,0.14693847,4.1307515,0.74862091,288.554,288.487,289.08,13.82,NaN,NaN,NaN,-0.0493013784195284,444.981628717054,66.862212635129,14.9724182,288.554,288.487,289.08,2.46128748883367+0i,0.000633336,20.8632996624637,1319.5858382301,74.0867535008392,20.8443000351756,-9.9e+37,646.95,648.267,-9.9e+37
20260514165229.1,332.855999842286,9.7878755,0.46474836,2.002662,2.7296837,-0.000369047,-0.000711958,0.002365973,1.2094071,0.4374054,0.000620486,-0.001092005,4.1304345,0.75995877,288.538,288.419,289.123,13.84,NaN,NaN,NaN,-0.0479158506982031,444.658427074944,44.0952137011751,15.1991754,288.538,288.419,289.123,2.12973661139379+0i,0.000620486,20.8597801959157,1366.68852104286,75.2213769897903,20.8383963164539,-9.9e+37,-9.9e+37,735.474,-9.9e+37
20260514165231.2,334.875009208918,9.7879848,0.70814501,2.0026947,2.7296946,-0.000371116,-0.000709236,0.002382416,1.2095601,0.21347186,0.000634207,-0.11916255,4.1308389,0.56889863,288.562,288.343,289.213,13.82,NaN,NaN,NaN,-0.045847049032119,444.665590348428,68.4212523300326,11.3779726,288.562,288.343,289.213,2.47816293827742+0i,0.000634207,20.8642700138085,1354.74142680484,71.1613207133219,20.8440638864268,552.624,-9.9e+37,-9.9e+37,534.148
20260514165233.2,336.883004754782,9.7880941,0.5465688,2.0027713,2.7298804,-0.000372749,-0.000711305,0.002353015,1.2094399,0.1379653,0.000632791,0.037079813,4.1309045,0.67238978,288.573,288.256,289.313,13.8,NaN,NaN,NaN,-0.0410008653128102,444.787694588167,52.2726770478157,13.4477956,288.573,288.256,289.313,1.74926765842264+0i,0.000632791,20.864998332438,1136.25650095694,64.3534552189089,20.8631335703033,9.9e+37,323.449,449.851,654.494
20260514165235.2,338.902004063129,9.7881488,0.65787206,2.0030445,2.7296071,-0.000371333,-0.000711196,0.002341472,1.2095164,0.43504944,0.000628762,0.09695221,4.1304892,0.69916418,288.535,288.202,289.37,13.78,NaN,NaN,NaN,-0.0237165651546434,444.608087006247,63.3967718218308,13.9832836,288.535,288.202,289.37,1.61878920425225+0i,0.000628762,20.8603874981875,791.844096672216,57.5044846908645,20.8801360112598,-9.9e+37,308.87,94.237,-9.9e+37
20260514165237.2,340.945002436638,9.7875913,0.5302036,2.0027713,2.7298585,-0.000373402,-0.000709345,0.002375447,1.2094071,0.39913924,0.00062408,0.10467431,4.1309045,0.75778286,288.54,288.167,289.406,13.8,NaN,NaN,NaN,-0.0410008653128102,444.773302323096,50.6370732407421,15.1556572,288.54,288.167,289.406,1.18075690722361+0i,0.00062408,20.864998332438,576.656258519872,51.3802083618225,20.8940983732773,-9.9e+37,598.649,489.47,-9.9e+37
20260514165239.3,343.004003539681,9.7875804,0.57432204,2.002662,2.7295744,-0.00037264,-0.00070978,0.002364122,1.2094726,0.39853033,0.000632356,0.095323243,4.1307187,0.73826076,288.557,288.104,289.463,13.8,NaN,NaN,NaN,-0.0479158506982031,444.586597185797,55.0464473043741,14.7652152,288.557,288.104,289.463,0.993000330334587+0i,0.000632356,20.862935503149,503.324523610602,46.5134969405035,20.9037506171846,-9.9e+37,553.781,552.093,-9.9e+37
20260514165241.3,345.03500238061,9.7878099,0.70473056,2.0026838,2.7293558,-0.000372858,-0.000713592,0.00235149,1.2095054,0.34906158,0.000632574,0.097708162,4.1303362,0.76544546,288.576,288.069,289.525,13.8,NaN,NaN,NaN,-0.0465366495874946,444.442937407503,68.0799984853462,15.3089092,288.576,288.069,289.525,0.88053401134587+0i,0.000632574,20.8586888282132,483.961171774259,41.4964407446578,20.9110416425655,-9.9e+37,658.177,702.41,-9.9e+37
20260514165243.4,347.066001221538,9.7881488,0.66097225,2.0030445,2.7295853,-0.000371442,-0.00070978,0.002413016,1.2094508,0.12337006,0.000631158,0.055817258,4.130511,0.70747173,288.573,288.017,289.525,13.77,NaN,NaN,NaN,-0.0237165651546434,444.59376045928,63.7066172601176,14.1494346,288.573,288.017,289.525,0.613569658038704+0i,0.000631158,20.8606295309028,471.602410799297,33.8820446661025,20.9189526256526,-9.9e+37,179.71,866.854,292.724
20260514165245.5,349.19500797987,9.7884438,0.56521682,2.0026401,2.7301099,-0.000370353,-0.000711741,0.002331235,1.2094071,0.25399798,0.00063889,-0.00737889,4.1309045,0.73007108,288.554,287.995,289.574,13.78,NaN,NaN,NaN,-0.0493013784195284,444.938517639944,54.1364350529966,14.6014216,288.554,287.995,289.574,0.448205955900001+0i,0.00063889,20.864998332438,465.148377276074,28.1268417147921,20.9232328889664,-9.9e+37,-9.9e+37,747.915,352.614
20260514165247.6,351.359007507563,9.7888264,0.55662339,2.0030554,2.7301099,-0.000374709,-0.000707167,0.00236434,1.2093961,0.43238139,0.000632791,-0.001155927,4.1312324,0.75932258,288.557,288.001,289.62,13.74,NaN,NaN,NaN,-0.0230269645992962,444.938517639944,53.2775731494561,15.1864516,288.557,288.001,289.62,0.341557761542896+0i,0.000632791,20.8686388153437,464.323792535515,24.5999052684601,20.9268636087397,-9.9e+37,-9.9e+37,659.371,104.039
20260514165249.7,353.410002216697,9.7887827,0.44656301,2.0027822,2.7311154,-0.000372967,-0.000709236,0.002371745,1.2093743,0.4455678,0.000635514,-0.060840865,4.1308826,0.64932008,288.543,287.96,289.631,13.76,NaN,NaN,NaN,-0.0403112647574631,445.599313189235,42.277696793776,12.9864016,288.543,287.96,289.631,0.243181466194119+0i,0.000635514,20.8647551894809,463.22518039255,23.3968979508304,20.9292544131004,-9.9e+37,-9.9e+37,-9.9e+37,-9.9e+37
20260514165251.7,355.434000492096,9.7881269,0.48634925,2.0030663,2.7313559,-0.000371769,-0.000710107,0.002365429,1.2094726,0.12008328,0.000634751,-0.087543055,4.1303908,0.65235371,288.557,287.941,289.705,13.74,NaN,NaN,NaN,-0.0223373640439348,445.7573652326,46.2540933922378,13.0470742,288.557,287.941,289.705,0.21217608776801+0i,0.000634751,20.8592950202433,463.22518039255,23.3559174779066,20.9307893799681,1355.66,-9.9e+37,507.084,546.609
20260514165253.8,357.461006194353,9.7881597,0.61346883,2.0029789,2.7316073,-0.000373402,-0.00070978,0.002400929,1.2094508,0.11718716,0.000635405,-0.026928119,4.1306422,0.63668037,288.559,287.908,289.748,13.74,NaN,NaN,NaN,-0.0278668217080025,445.922580549449,58.9589347019442,12.7336074,288.559,287.908,289.748,0.220993650063283+0i,0.000635405,20.8620861681618,463.636847129494,23.3285141221518,20.9313797518403,1596.234,-9.9e+37,351.589,758.258
20260514165255.8,359.488001838326,9.7881378,0.66776296,2.0029024,2.7322958,-0.000373185,-0.000711741,0.002368804,1.2094945,0.12154662,0.00063584,0.02190837,4.131451,0.67310781,288.559,287.898,289.74,13.76,NaN,NaN,NaN,-0.032706678816723,446.375049704781,64.3853080875278,13.4621562,288.559,287.898,289.74,0.224918764051358+0i,0.00063584,20.8710658039475,472.425744273175,23.3559174779066,20.9313797518403,1560.94,-9.9e+37,467.882,735.331
20260514165257.8,361.508006975055,9.7887171,0.52248533,2.0027166,2.7323177,-0.00037264,-0.000709345,0.002385574,1.2093961,0.11828712,0.000633554,0.053217375,4.1308826,0.62635733,288.562,287.876,289.754,13.79,NaN,NaN,NaN,-0.0444615213108221,446.389441969853,49.8656783420532,12.5271466,288.562,287.876,289.754,0.182403868866238+0i,0.000633554,20.8647551894809,473.112689679192,22.4673013872075,20.9319408068404,789.335,-9.9e+37,425.077,759.491
20260514165259.8,363.535002619028,9.7884438,0.68217376,2.0026401,2.7319898,-0.000371007,-0.000712503,0.00237414,1.2094289,0.11800886,0.000636058,0.017165097,4.1305657,0.63378206,288.559,287.87,289.735,13.79,NaN,NaN,NaN,-0.0493013784195284,446.173952302411,65.8255813101574,12.6756412,288.559,287.87,289.735,0.211809452240654+0i,0.000636058,20.8612368331747,490.964511368963,23.3422158000294,20.9314685093427,965.737,-9.9e+37,264.353,842.736
20260514165301.8,365.559000894427,9.787799,0.6688531,2.0026292,2.7326128,-0.00037264,-0.000712721,0.002358786,1.2094289,0.16646385,0.000633336,-0.00555498,4.1305329,0.68962685,288.562,287.87,289.775,13.8,NaN,NaN,NaN,-0.0499909789748756,446.583376098739,64.4942610568923,13.792537,288.562,287.87,289.775,0.207292133721349+0i,0.000633336,20.8608726738599,494.397987132382,23.3422158000294,20.9314685093427,1403.396,-9.9e+37,372.811,689.384
20260514165303.9,367.598006129265,9.7886078,0.6488694,2.0028805,2.7324925,-0.000372858,-0.000710107,0.00234365,1.2095492,0.12633714,0.000623426,-0.068984707,4.1302487,0.613435,288.554,287.862,289.773,13.76,NaN,NaN,NaN,-0.0340922065380482,446.504317218004,62.4970098287119,12.2687,288.554,287.862,289.773,0.16565067781582+0i,0.000623426,20.8577173666266,495.358959940804,23.3694945950756,20.932649253087,417.6,-9.9e+37,265.27,802.154
20260514165305.9,369.621008634567,9.7888482,0.57514264,2.0029571,2.732886,-0.000371987,-0.000714899,0.002369458,1.2094289,0.22576131,0.000631702,-0.11487797,4.1307296,0.56475523,288.565,287.843,289.743,13.7,NaN,NaN,NaN,-0.029246022818711,446.762917962555,55.1284613637248,11.2951046,288.565,287.843,289.743,0.147521141978063+0i,0.000631702,20.8630565195066,483.82353243972,24.4768392889796,20.9331215505848,1632.688,-9.9e+37,-9.9e+37,796.543
20260514165307.9,371.633007377386,9.7884329,0.50795343,2.0026729,2.731957,-0.00037362,-0.000706296,0.00233472,1.209571,0.46989787,0.000631049,0.1006283,4.130358,0.71570615,288.543,287.86,289.754,13.64,NaN,NaN,NaN,-0.047226250142856,446.152396763857,48.4133018991125,14.314123,288.543,287.86,289.754,0.131954570082461+0i,0.000631049,20.8589308609285,493.025347587022,24.4631376111024,20.9331508674568,9.9e+37,508,-9.9e+37,-9.9e+37
20260514165310,373.680008947849,9.7887717,0.42621921,2.0030226,2.7319133,-0.000374056,-0.000710869,0.002386337,1.2095492,0.36781875,0.000633771,0.11445409,4.1302924,0.78417754,288.554,287.841,289.751,13.59,NaN,NaN,NaN,-0.0251020928759687,446.123677951819,40.2444557255125,15.6835508,288.554,287.841,289.751,0.145848631250195+0i,0.000633771,20.858202542299,500.440353918665,24.4631376111024,20.9319997095466,708.812,745.359,432.69,-9.9e+37
20260514165312,375.723007321358,9.7888592,0.59881034,2.0030336,2.7321319,-0.000374056,-0.000711523,0.002399948,1.2095054,0.37525002,0.000631267,0.10949946,4.1305657,0.74595286,288.559,287.811,289.756,13.75,NaN,NaN,NaN,-0.0244061657100048,446.267337730113,57.4939063460456,14.9190572,288.559,287.811,289.756,0.118562803367668+0i,0.000631267,20.8612368331747,502.912856873663,23.4788588966785,20.9338004109972,-9.9e+37,604.084,548.787,-9.9e+37
20260514165314.1,377.766005694866,9.7893401,0.56484362,2.002662,2.7315089,-0.000374927,-0.000711305,0.002377734,1.2094508,0.18537051,0.000632791,0.017011555,4.1307952,0.73344189,288.57,287.797,289.781,13.74,NaN,NaN,NaN,-0.0479158506982031,445.857913933785,54.0991359463068,14.6688378,288.57,287.797,289.781,0.0886276049421909+0i,0.000632791,20.8637848381361,493.299374989422,23.3559174779066,20.9348926662013,-9.9e+37,420.344,807.095,114.245
20260514165316.1,379.781001806259,9.7894822,0.56668344,2.0029024,2.7309733,-0.000374274,-0.000711632,0.002394286,1.2094836,0.13412197,0.000624406,-0.11262222,4.1302487,0.58347092,288.562,287.783,289.805,13.75,NaN,NaN,NaN,-0.032706678816723,445.505927761533,54.2830149454226,11.6694184,288.562,287.783,289.805,0.123724600290337+0i,0.000624406,20.8577173666266,483.961171774259,23.3285141221518,20.9339184853717,-9.9e+37,-9.9e+37,410.097,571.177
20260514165318.1,381.801006942987,9.7892964,0.5049842,2.0026729,2.730864,-0.000376234,-0.000710543,0.002377952,1.2094399,0.45308201,0.000630831,0.095877629,4.1307624,0.7043268,288.54,287.74,289.843,13.78,NaN,NaN,NaN,-0.047226250142856,445.434097872386,48.1165451291324,14.086536,288.54,287.74,289.843,0.0772659940949393+0i,0.000630831,20.8634206788213,484.372838511202,22.4810030650851,20.9353353778649,341.386,413.648,-9.9e+37,-9.9e+37
20260514165320.2,383.926000446081,9.7894712,0.71193703,2.0027275,2.7304378,-0.000375689,-0.00071283,0.00235149,1.2093852,0.31429498,0.000636276,-0.00706025,4.1305001,0.7595692,288.543,287.74,289.835,13.72,NaN,NaN,NaN,-0.0437719207554323,445.154007307386,68.8002420367579,15.191384,288.543,287.74,289.835,0.166137270496098+0i,0.000636276,20.8605085145451,482.175614225282,22.5766656888104,20.9331804532909,174.834,281.063,680.185,191.934
20260514165322.2,385.949002951384,9.7895587,0.56397609,2.0030117,2.7302957,-0.0003746,-0.000709345,0.002378823,1.2095164,0.24651759,0.000633989,0.15920172,4.1304892,0.74981471,288.581,287.726,289.881,13.73,NaN,NaN,NaN,-0.02579169343133,445.060621879684,54.0124315142956,14.9962942,288.581,287.726,289.881,0.125647465838913+0i,0.000633989,20.8603874981875,483.000198965837,21.701751275989,20.9339184853717,-9.9e+37,390.487,631.27,228.279
20260514165324.3,387.981007620692,9.7895587,0.56784342,2.0030336,2.729629,-0.000373402,-0.000712176,0.002370111,1.2094726,0.41016066,0.000629525,0.12840066,4.1305329,0.70230037,288.557,287.716,289.843,14.09,NaN,NaN,NaN,-0.0244061657100048,444.622479271318,54.3989480048493,14.0460074,288.557,287.716,289.843,0.138136703135486+0i,0.000629525,20.8608726738599,483.54950503732,21.6744724809419,20.9335050905801,-9.9e+37,144.025,366.612,-9.9e+37
20260514165326.3,390.039002895355,9.789504,0.60958733,2.0027713,2.7298585,-0.000376343,-0.000711414,0.002361182,1.2094945,0.37315813,0.000629633,0.13936207,4.1308717,0.73049884,288.548,287.713,289.851,13.95,NaN,NaN,NaN,-0.0410008653128102,444.773302323096,58.5710020046868,14.6099768,288.548,287.713,289.851,0.11223147230023+0i,0.000629633,20.8646341731232,472.289356205313,21.6744724809419,20.9347450059927,-9.9e+37,507.704,537.513,-9.9e+37
20260514165328.5,392.203002423048,9.7893729,0.5483606,2.0027713,2.7298804,-0.000373947,-0.000710216,0.002391455,1.2094836,0.42131523,0.000634316,-0.00099792,4.1302378,0.79631963,288.54,287.691,289.819,13.92,NaN,NaN,NaN,-0.0410008653128102,444.787694588167,52.4517567352937,15.9263926,288.54,287.691,289.819,0.0364600204409532+0i,0.000634316,20.857596350269,463.22518039255,21.7154529538666,20.9373130563961,-9.9e+37,352.243,810.019,-9.9e+37
20260514165330.6,394.313009083271,9.7886297,0.55008801,2.002651,2.7296727,-0.000373838,-0.000710869,0.002381001,1.2093961,0.30015811,0.000621357,-0.00743454,4.1306968,0.74818224,288.538,287.672,289.794,13.7,NaN,NaN,NaN,-0.0486117778641528,444.651198083356,52.6244010275955,14.9636448,288.538,287.672,289.794,0.0396518293067919+0i,0.000621357,20.8626923601918,455.397256057291,21.6744724809419,20.9373719591023,-9.9e+37,-9.9e+37,798.565,181.674
20260514165332.7,396.449006348848,9.789198,0.60810216,2.0026838,2.7293667,-0.000374491,-0.000709345,0.00234855,1.2094726,0.33507638,0.000633336,-0.004744036,4.1308717,0.72955711,288.54,287.656,289.775,13.97,NaN,NaN,NaN,-0.0465366495874946,444.450100680986,58.422568150768,14.5911422,288.54,287.656,289.775,0.0459023427736309+0i,0.000633336,20.8646341731232,455.534895391825,22.0025653857501,20.9372245678559,-9.9e+37,-9.9e+37,699.319,305.386
20260514165334.8,398.492004722357,9.7887936,0.47092144,2.0027931,2.7298695,-0.000374056,-0.000712176,0.002415956,1.2095601,0.42343439,0.000612972,0.11014107,4.1308936,0.72480809,288.548,287.648,289.783,13.95,NaN,NaN,NaN,-0.0396216642021017,444.780531314684,44.7121761061179,14.4961618,288.548,287.648,289.783,0.0333576122305364+0i,0.000612972,20.8648773160803,455.534895391825,22.4400225921609,20.9374607166047,-9.9e+37,-9.9e+37,377.626,-9.9e+37
20260514165336.8,400.530999898911,9.7884548,0.42057865,2.0026292,2.7295088,-0.0003746,-0.00071381,0.002395375,1.2095492,0.3497436,0.000630722,0.1130942,4.130511,0.77908586,288.562,287.675,289.773,13.95,NaN,NaN,NaN,-0.0499909789748756,444.543486108688,39.6807155078539,15.5817172,288.562,287.675,289.773,0.060111180177173+0i,0.000630722,20.8606295309028,461.303234775707,23.1097855189464,20.936191215358,-9.9e+37,444.405,657.115,-9.9e+37
20260514165338.8,402.559001371264,9.7886952,0.73774352,2.0026947,2.729793,-0.000388757,-0.000712721,0.00240278,1.2095601,0.37997613,0.000633771,-0.030016068,4.1308608,0.62125802,288.543,287.645,289.764,13.9,NaN,NaN,NaN,-0.045847049032119,444.730256964091,71.3794462805929,12.4251604,288.543,287.645,289.764,0.0824768874736429+0i,0.000633771,20.8645131567656,463.774486464033,22.6313478396114,20.9361027268177,-9.9e+37,-9.9e+37,227.601,-9.9e+37
20260514165340.9,404.586007073522,9.7888592,0.48914826,2.0030336,2.7295853,-0.000387014,-0.000715552,0.002411056,1.2095492,0.15680209,0.00063486,0.011186403,4.1304782,0.73443492,288.581,287.637,289.756,13.83,NaN,NaN,NaN,-0.0244061657100048,444.59376045928,46.5338376918515,14.6886984,288.581,287.637,289.756,-0.00506790685108444+0i,0.00063486,20.860265371588,463.774486464033,22.5492623330556,20.9387003630552,1599.692,614.927,735.55,341.283
20260514165342.9,406.625002250075,9.7888482,0.6861622,2.0030008,2.7297055,-0.000388974,-0.000711087,0.002343976,1.2095054,0.23525173,0.000633009,0.097985409,4.1306859,0.78134798,288.565,287.631,289.745,13.7,NaN,NaN,NaN,-0.0264812939866772,444.672753621911,66.2242020204625,15.6269596,288.565,287.631,289.745,-0.0186555937464453+0i,0.000633009,20.8625713438342,456.771146869328,22.4945801822546,20.9392318322212,-9.9e+37,306.789,706.676,202.991
20260514165344.9,408.660004287958,9.7886078,0.50831354,2.0026729,2.7297055,-0.000387886,-0.000710978,0.002362706,1.2095492,0.15768273,0.0006329,0.001392228,4.1308608,0.69776304,288.573,287.629,289.751,13.6,NaN,NaN,NaN,-0.047226250142856,444.672753621911,48.4492927386357,13.9552608,288.573,287.629,289.751,-0.0200271478167118+0i,0.0006329,20.8645131567656,455.123228654886,22.5492623330556,20.9394088093018,-9.9e+37,-9.9e+37,752.217,419.665
20260514165347,410.695006325841,9.7887389,0.6061183,2.0028805,2.7293558,-0.000384836,-0.00071076,0.002405067,1.2095601,0.17608304,0.000631267,-0.11565483,4.1302487,0.55090534,288.559,287.601,289.778,13.69,NaN,NaN,NaN,-0.0340922065380482,444.442937407503,58.224293215619,11.0181068,288.559,287.601,289.778,0.0448917679139218+0i,0.000631267,20.8577173666266,454.711561917946,22.5492623330556,20.9372538847279,-9.9e+37,-9.9e+37,276.077,652.233
20260514165349,412.754007428885,9.7887717,0.54462529,2.0027166,2.7298039,-0.000387014,-0.000713265,0.002380347,1.209571,0.44845847,0.000633989,-0.055406663,4.1308936,0.66727737,288.535,287.58,289.775,13.73,NaN,NaN,NaN,-0.0444615213108221,444.737420237574,52.0784348537035,13.3455474,288.535,287.58,289.775,-0.018456646304479+0i,0.000633989,20.8648773160803,455.534895391825,21.7154529538666,20.9393499065957,896.568,120.412,-9.9e+37,75.598
20260514165351.1,414.797005802393,9.7888482,0.53374355,2.0030226,2.7302848,-0.000387668,-0.000713265,0.002406809,1.2095929,0.12557107,0.000632791,0.050994381,4.1305438,0.72091131,288.557,287.571,289.781,13.74,NaN,NaN,NaN,-0.0251020928759687,445.053458606201,50.9908700594091,14.4182262,288.557,287.571,289.781,-0.0138269594508004+0i,0.000632791,20.8609936902176,455.397256057291,21.6333674473103,20.9392022463871,9.9e+37,338.356,514.551,599.503
20260514165353.1,416.828004643321,9.7888592,0.51267081,2.0028915,2.7304487,-0.000386905,-0.000711958,0.002381981,1.2095929,0.15318357,0.000631158,-0.003125739,4.1307405,0.70998919,288.581,287.582,289.803,13.79,NaN,NaN,NaN,-0.0333962793720701,445.161170580869,48.8847758002816,14.1997838,288.581,287.582,289.803,0.00227376156022143+0i,0.000631158,20.8631775358642,444.13710722528,21.6880495981118,20.938877609098,832.287,263.47,531.186,561.416
20260514165355.2,418.863006681204,9.7888592,0.56155684,2.0030554,2.7301536,-0.000386797,-0.000710978,0.00240376,1.2095054,0.41739332,0.000630069,0.096921065,4.1304455,0.70278599,288.543,287.593,289.824,13.83,NaN,NaN,NaN,-0.0230269645992962,444.967236451982,53.7706419541152,14.0557198,288.543,287.593,289.824,-0.0358877094395404+0i,0.000630069,20.8599023225151,443.725440488341,21.6607708030651,20.9401764272167,-9.9e+37,172.376,207.585,-9.9e+37
20260514165357.2,420.930004119873,9.7888155,0.51637118,2.0027822,2.7304924,-0.000386797,-0.000711414,0.002411274,1.2094726,0.36653873,0.000633118,0.10549135,4.1308826,0.73896897,288.54,287.604,289.805,13.78,NaN,NaN,NaN,-0.0403112647574631,445.189889392907,49.2546056379604,14.7793794,288.54,287.604,289.805,0.000203873964811446+0i,0.000633118,20.8647551894809,443.450161819263,21.6607708030651,20.9389660976382,-9.9e+37,539.626,507.855,-9.9e+37
20260514165359.2,422.953006625175,9.7888155,0.62064257,2.002804,2.7304924,-0.000390172,-0.000711958,0.002391019,1.2095492,0.43242504,0.000635514,-0.04182044,4.1309045,0.6879911,288.543,287.593,289.794,13.78,NaN,NaN,NaN,-0.0389320636467545,445.189889392907,59.6759070857193,13.759822,288.543,287.593,289.794,-0.00946782467454291+0i,0.000635514,20.864998332438,444.274746559823,22.4400225921609,20.9392318322212,-9.9e+37,312.178,340.425,-9.9e+37
20260514165401.3,424.988008663058,9.7892308,0.58419986,2.0026838,2.7299569,-0.000385054,-0.000715987,0.002339947,1.2095382,0.31112824,0.000632791,0.10963819,4.1302815,0.79681832,288.559,287.599,289.786,13.74,NaN,NaN,NaN,-0.0465366495874946,444.83796893876,56.0336763023447,15.9363664,288.559,287.599,289.786,-0.0148077756476312+0i,0.000632791,20.8580815259414,444.548773962228,22.5356852158861,20.9394088093018,-9.9e+37,798.176,753.149,-9.9e+37
20260514165403.3,427.004000544548,9.7887389,0.51799165,2.0029571,2.7300006,-0.000386361,-0.000709127,0.002411382,1.2095492,0.24872405,0.00063584,0.082365227,4.1302596,0.78624105,288.562,287.607,289.775,13.72,NaN,NaN,NaN,-0.029246022818711,444.866687750797,49.4165619172145,15.724821,288.562,287.607,289.775,-0.00117508128541111+0i,0.00063584,20.8578383829843,444.412385894362,22.4810030650851,20.9389660976382,-9.9e+37,448.342,815.491,-9.9e+37
20260514165405.3,429.022999852896,9.7886624,0.75620057,2.0027713,2.7299678,-0.000386797,-0.000709672,0.002396464,1.2096147,0.43210203,0.000634316,-0.056450425,4.1302378,0.65196851,288.557,287.593,289.74,13.72,NaN,NaN,NaN,-0.0410008653128102,444.845132212243,73.2241179770799,13.0393702,288.557,287.593,289.74,0.048448652374292+0i,0.000634316,20.857596350269,444.824052631305,22.4263209142837,20.9375196193109,-9.9e+37,-9.9e+37,363.286,-9.9e+37
20260514165407.4,431.078007817268,9.7887936,0.54568054,2.0029898,2.7300225,-0.000388866,-0.000711305,0.002404522,1.2096257,0.43244795,0.000623862,-0.027919613,4.1309701,0.65283276,288.543,287.591,289.729,13.68,NaN,NaN,NaN,-0.0271772211526553,444.881080015869,52.1839007763573,13.0566552,288.543,287.591,289.729,0.0370969209082767+0i,0.000623862,20.8657266510675,443.863079822884,23.3559174779066,20.9376376936853,-9.9e+37,308.77,283.894,-9.9e+37
20260514165409.4,433.152005821466,9.7891871,0.44893425,2.0026729,2.7299788,-0.000387123,-0.000711523,0.002383941,1.2095601,0.1108875,0.000633118,-0.068554679,4.1310029,0.66253161,288.565,287.599,289.707,13.7,NaN,NaN,NaN,-0.047226250142856,444.852361203831,42.5146880417587,13.2506322,288.565,287.599,289.707,0.0456501154599297+0i,0.000633118,20.8660908103822,443.038495082324,23.3285141221518,20.9371949820217,1368.047,348.882,664.291,473.992
20260514165411.5,435.172000899911,9.7891543,0.63556949,2.002804,2.7305034,-0.000387232,-0.000709672,0.002366844,1.2095492,0.41364386,0.000633118,-0.024342722,4.1308826,0.60865324,288.548,287.604,289.743,13.75,NaN,NaN,NaN,-0.0389320636467545,445.197118384495,61.1677634137742,12.1730648,288.548,287.604,289.743,0.00273043423541396+0i,0.000633118,20.8647551894809,443.999467890746,23.3148124442741,20.9388184374297,187.423,139.422,-9.9e+37,-9.9e+37
20260514165413.5,437.207002937794,9.7893947,0.60148931,2.0026729,2.7297602,-0.000388212,-0.000712503,0.002427717,1.2094945,0.37496957,0.000634316,-0.061761031,4.1308608,0.61770498,288.546,287.591,289.713,13.58,NaN,NaN,NaN,-0.047226250142856,444.708701425537,57.7616533660048,12.3540996,288.546,287.591,289.713,-0.0302629364634945+0i,0.000634316,20.8645131567656,455.534895391825,23.3559174779066,20.9396449580507,1337.543,322.429,-9.9e+37,151.944
20260514165415.5,439.238001778722,9.7884329,0.50484343,2.0026292,2.7294104,-0.000387777,-0.000710107,0.002393088,1.2094399,0.40158141,0.000635187,-0.020465827,4.1304127,0.63355181,288.546,287.601,289.669,12.29,NaN,NaN,NaN,-0.0499909789748756,444.478819493024,48.1024760100308,12.6710362,288.546,287.601,289.669,-0.0199769413749139+0i,0.000635187,20.8595381632004,455.123228654886,23.424176745877,20.9393792234677,9.9e+37,569.976,-9.9e+37,-9.9e+37
20260514165417.6,441.262000054121,9.7888373,0.61997692,2.0030554,2.7295088,-0.000388212,-0.000709563,0.00238503,1.2094399,0.40862311,0.000617002,0.11082014,4.1303908,0.75006351,288.559,287.607,289.629,14.03,NaN,NaN,NaN,-0.0230269645992962,444.543486108688,59.6093793516141,15.0012702,288.559,287.607,289.629,0.00395874908968129+0i,0.000617002,20.8592950202433,455.672534726368,24.4631376111024,20.9384938001405,9.9e+37,1079.594,396.416,-9.9e+37
20260514165419.6,443.297002092004,9.7888373,0.58326359,2.0030773,2.7289077,-0.000388866,-0.000709889,0.002386772,1.209418,0.42001448,0.000629307,-0.039100343,4.130358,0.65593731,288.54,287.62,289.653,7.99,NaN,NaN,NaN,-0.0216414368779709,444.148454577432,55.9401017186886,13.1187462,288.54,287.62,289.653,0.0245180442717517+0i,0.000629307,20.8589308609285,463.912125798571,24.4768392889796,20.9376376936853,-9.9e+37,508.075,238.189,-9.9e+37
20260514165421.7,445.441005751491,9.7881706,0.50496237,2.0030773,2.7289077,-0.000388212,-0.00071076,0.002415738,1.2093961,0.31006647,0.000632791,-0.00699805,4.1302487,0.77299679,288.548,287.591,289.618,8.49,NaN,NaN,NaN,-0.0216414368779709,444.148454577432,48.1143633512679,15.4599358,288.548,287.591,289.618,0.0290129034248378+0i,0.000632791,20.8577173666266,471.602410799297,24.4495604939334,20.9372538847279,759.975,668.525,759.419,107.867
20260514165423.8,447.484004124999,9.788116,0.65675682,2.0027713,2.7289951,-0.000387777,-0.000711958,0.002396899,1.2094617,0.28310217,0.00063682,-0.14373024,4.1308826,0.56054309,288.551,287.582,289.604,9,NaN,NaN,NaN,-0.0410008653128102,444.205892201507,63.2853102576702,11.2108618,288.551,287.582,289.604,0.0718971392116468+0i,0.00063682,20.8647551894809,472.563383607718,23.3559174779066,20.9360731409835,-9.9e+37,-9.9e+37,165.543,456.993
20260514165425.8,449.520001932979,9.7879302,0.44399098,2.002662,2.728383,-0.000387994,-0.000708909,0.00242053,1.2093743,0.22209806,0.000636929,-0.13519572,4.1315165,0.59871977,288.554,287.585,289.626,9.05,NaN,NaN,NaN,-0.0479158506982031,443.803631678662,42.0206377868645,11.9743954,288.554,287.585,289.626,0.0808482015557407+0i,0.000636929,20.8717930123352,471.053104727814,22.7816926141381,20.9352762061966,9.9e+37,-9.9e+37,-9.9e+37,665.361
20260514165427.8,451.555003970861,9.7884438,0.75344523,2.0026401,2.7281645,-0.000387668,-0.000713374,0.002413669,1.2095054,0.17766095,0.000634643,-0.11728537,4.1312214,0.6006818,288.559,287.593,289.637,9.66,NaN,NaN,NaN,-0.0493013784195284,443.660037618474,72.9487382326354,12.013636,288.559,287.593,289.637,0.091140682686184+0i,0.000634643,20.8685166887442,471.602410799297,22.5082818601313,20.9357189178602,9.9e+37,100.2,-9.9e+37,823.11
20260514165430.1,453.762002661824,9.7884438,0.51354598,2.002662,2.7282191,-0.000388103,-0.000709563,0.002447536,1.2094399,0.15045878,0.000632465,-0.000781216,4.1313526,0.5357165,288.576,287.604,289.656,9.85,NaN,NaN,NaN,-0.0479158506982031,443.695919703994,48.9722438045734,10.71433,288.576,287.604,289.656,0.0648191763603541+0i,0.000632465,20.8699733260032,482.450892894359,22.5903673666876,20.9358369922347,9.9e+37,-9.9e+37,-9.9e+37,726.103
20260514165432.1,455.793001502752,9.7887499,0.52459687,2.0029352,2.7281426,-0.000386797,-0.000712176,0.002412798,1.209418,0.14809517,0.000631594,-0.002497847,4.1309591,0.71992047,288.57,287.61,289.664,9.7,NaN,NaN,NaN,-0.0306315505400363,443.645645353402,50.0767141291373,14.3984094,288.57,287.61,289.664,0.0863799692740086+0i,0.000631594,20.865604524468,482.862559631299,21.7564334267904,20.9351288149502,9.9e+37,690.238,407.435,636.747
20260514165434.1,457.805000245571,9.7893947,0.54388653,2.0028478,2.7280989,-0.000387668,-0.000714136,0.002377189,1.2093852,0.40343104,0.000634751,0.10924149,4.1309591,0.7408186,288.538,287.599,289.664,9.73,NaN,NaN,NaN,-0.036161008204104,443.616926541364,52.0046002126045,14.816372,288.538,287.599,289.664,0.143977345149173+0i,0.000634751,20.865604524468,471.740050133831,21.7154529538666,20.9334461878739,-9.9e+37,507.938,243.609,-9.9e+37
20260514165436.1,459.828002750874,9.7894603,0.57626334,2.0027385,2.7292028,-0.000384728,-0.000712285,0.002362271,1.209418,0.12426269,0.000636276,0.041292656,4.131604,0.68608691,288.565,287.593,289.637,7.9,NaN,NaN,NaN,-0.0430759935894969,444.342388706318,55.2404686222115,13.7217382,288.565,287.593,289.637,0.151956040417168+0i,0.000636276,20.8727644739218,483.137838300376,21.6470691251875,20.9330919647506,-9.9e+37,188.698,665.766,454.365
20260514165438.2,461.938009411097,9.7894275,0.44307435,2.0028587,2.7287109,-0.00038843,-0.000709563,0.002400711,1.2093961,0.29346012,0.000635514,-0.0070788,4.1311887,0.71267034,288.551,287.601,289.476,7.76,NaN,NaN,NaN,-0.0354714076487426,444.019121346103,41.9290261036784,14.2534068,288.551,287.601,289.476,0.11262800204191+0i,0.000635514,20.8681536396713,493.711041726361,21.6744724809419,20.9336231649545,-9.9e+37,-9.9e+37,581.824,388.85
20260514165440.3,463.984005153179,9.7895477,0.60915302,2.0030226,2.7295197,-0.000387994,-0.000712067,0.002423797,1.2092868,0.2931393,0.000633118,-0.118489,4.1312652,0.55116615,288.546,287.604,289.468,7.81,NaN,NaN,NaN,-0.0251020928759687,444.550649382171,58.5275953191926,11.023323,288.546,287.604,289.468,0.139808411469168+0i,0.000633118,20.8690029746584,494.67326580146,22.521983538009,20.9333576993336,-9.9e+37,-9.9e+37,-9.9e+37,564.557
20260514165442.3,466.015999764204,9.7887389,0.45807219,2.0029024,2.7293667,-0.000389301,-0.000714027,0.002387752,1.2094071,0.23384841,0.000631376,0.17973104,4.1309373,0.74045632,288.559,287.588,289.482,7.86,NaN,NaN,NaN,-0.032706678816723,444.450100680986,43.4279704613326,14.8091264,288.559,287.588,289.482,0.0989505083614645+0i,0.000631376,20.8653624917527,483.687144371858,22.5356852158861,20.9343907828694,9.9e+37,644.395,397.934,388.454
20260514165444.5,468.188005685806,9.7885313,0.60332803,2.0026947,2.7293558,-0.000388757,-0.000708038,0.002370982,1.2092978,0.42633051,0.000633554,-0.001210048,4.1315712,0.76939791,288.548,287.577,289.525,7.86,NaN,NaN,NaN,-0.045847049032119,444.442937407503,57.9454224267033,15.3879582,288.548,287.577,289.525,0.0973352793906926+0i,0.000633554,20.872400314607,483.274226368238,23.3422158000294,20.9349219830733,-9.9e+37,131.426,592.125,-9.9e+37
20260514165446.6,470.289000123739,9.7885313,0.45337227,2.0026401,2.7295416,-0.000388212,-0.000711741,0.002383941,1.2092541,0.21629705,0.000632791,0.10009776,4.131287,0.73820293,288.557,287.569,289.566,8.1,NaN,NaN,NaN,-0.0493013784195284,444.565041647243,42.958241582679,14.7640586,288.557,287.569,289.566,0.0678163197389486+0i,0.000632791,20.8692450073737,471.190744062353,23.3422158000294,20.9357780895285,-9.9e+37,97.208,666.949,273.023
20260514165448.7,472.399006783962,9.7886843,0.50809747,2.0030336,2.7302848,-0.000388974,-0.00071076,0.002371527,1.2092978,0.22672487,0.000635623,-0.00718574,4.1309482,0.7169065,288.557,287.547,289.574,8.09,NaN,NaN,NaN,-0.0244061657100048,445.053458606201,48.4276978351457,14.33813,288.557,287.547,289.574,0.0778945408722443+0i,0.000635623,20.8654835081104,472.425744273175,23.3831962729532,20.9355419407796,-9.9e+37,-9.9e+37,694.449,329.144
20260514165450.9,474.566003680229,9.7888592,0.46352946,2.0029571,2.7303941,-0.000386143,-0.00071381,0.00239385,1.209265,0.13118766,0.000633771,-0.000533152,4.1310029,0.53300151,288.581,287.531,289.629,8.08,NaN,NaN,NaN,-0.029246022818711,445.125288495348,43.9733919403386,10.6600302,288.581,287.531,289.629,0.0403990114094494+0i,0.000633771,20.8660908103822,466.383377486892,23.3831962729532,20.9369292474387,-9.9e+37,-9.9e+37,-9.9e+37,445.798
20260514165453,476.672007143497,9.7888264,0.46328066,2.0028368,2.7305143,-0.000388103,-0.000710434,0.00237708,1.2093415,0.28040465,0.000633771,0.00551289,4.1303143,0.60087386,288.567,287.514,289.669,8.02,NaN,NaN,NaN,-0.0368569353700678,445.204281657978,43.948525869212,12.0174772,288.567,287.514,289.669,0.0314806512203666+0i,0.000633771,20.8584456852561,463.912125798571,23.3694945950756,20.9373130563961,736.724,-9.9e+37,-9.9e+37,260.339
20260514165455.1,478.832003474236,9.7888482,0.51888537,2.0029571,2.7297492,-0.000388866,-0.000710216,0.002358459,1.2093524,0.39229941,0.000635949,-0.000857552,4.1307843,0.7844427,288.543,287.514,289.669,7.99,NaN,NaN,NaN,-0.029246022818711,444.701472433949,49.5058838829991,15.688854,288.543,287.514,289.669,0.0320108056798388+0i,0.000635949,20.8636638217784,454.985589320351,23.3559174779066,20.937549205145,1602.193,832.865,584.273,-9.9e+37
20260514165457.2,480.938006937504,9.7886952,0.60168791,2.0028478,2.7293339,-0.000389301,-0.00071076,0.002364775,1.2092978,0.28111941,0.000630396,0.00525754,4.1311777,0.58772672,288.562,287.517,289.699,8.02,NaN,NaN,NaN,-0.036161008204104,444.428545142431,57.7815022475391,11.7545344,288.562,287.517,289.699,0.0305207540400669+0i,0.000630396,20.8680315130718,455.672534726368,23.3559174779066,20.9376672795195,-9.9e+37,-9.9e+37,-9.9e+37,-9.9e+37
20260514165459.4,483.078007400036,9.7888045,0.50526901,2.0030336,2.7294323,-0.000386034,-0.000712394,0.002360746,1.2092431,0.41709542,0.000635514,0.001698333,4.1310794,0.67380293,288.546,287.523,289.74,7.91,NaN,NaN,NaN,-0.0244061657100048,444.493211758096,48.1450101842673,13.4760586,288.546,287.523,289.74,0.0400241290590391+0i,0.000635514,20.8669401453694,454.711561917946,22.5082818601313,20.937283470562,1040.075,-9.9e+37,234.52,170.343
20260514165501.4,485.112999379635,9.7888592,0.66080747,2.0029571,2.7297711,-0.00038745,-0.000711632,0.00238111,1.2093524,0.43657825,0.000635623,-0.039443037,4.1313854,0.6715299,288.548,287.504,289.71,7.98,NaN,NaN,NaN,-0.029246022818711,444.71586469902,63.6901484851971,13.430598,288.548,287.504,289.71,0.0483165876944652+0i,0.000635623,20.870337485318,455.672534726368,23.3012353271051,20.9371653961876,9.9e+37,555.914,-9.9e+37,-9.9e+37
20260514165503.5,487.219002842903,9.7888592,0.50177706,2.002968,2.7297274,-0.000389083,-0.000709672,0.002342234,1.2093415,0.30564263,0.000635623,-0.00733306,4.1309482,0.7705819,288.538,287.504,289.743,7.95,NaN,NaN,NaN,-0.0285564222633639,444.687145886982,47.7960106783577,15.411638,288.538,287.504,289.743,0.0083125428355296+0i,0.000635623,20.8654835081104,453.612949774986,23.3422158000294,20.9384053116002,1576.562,681.915,663.831,206.688
20260514165505.5,489.238002151251,9.7886515,0.48581892,2.0027603,2.729323,-0.000388212,-0.00071076,0.002378169,1.2093196,0.35200462,0.000634751,0.16471461,4.1309482,0.73083713,288.554,287.509,289.726,8.06,NaN,NaN,NaN,-0.0416967924787883,444.421381868948,46.2010900823482,14.6167426,288.554,287.509,289.726,0.055603703343376+0i,0.000634751,20.8654835081104,454.436283248869,23.3694945950756,20.9366635128557,-9.9e+37,574.836,437.923,-9.9e+37
20260514165507.5,491.258007287979,9.7888045,0.58339017,2.0029898,2.7293886,-0.000388757,-0.000712176,0.002367171,1.2093087,0.37308284,0.000629307,0.13921257,4.130981,0.74269006,288.576,287.514,289.743,8.1,NaN,NaN,NaN,-0.0271772211526553,444.464492946058,55.9527526322063,14.8538012,288.576,287.514,289.743,0.149071711346076+0i,0.000629307,20.8658476674251,463.774486464033,22.5492623330556,20.9335938480825,-9.9e+37,545.612,573.007,-9.9e+37
20260514165509.6,493.316002562642,9.7884438,0.45378367,2.0026729,2.7293995,-0.00038745,-0.000714572,0.00238797,1.2093087,0.18225614,0.000631485,-0.16561267,4.1311231,0.61244635,288.565,287.501,289.726,8.01,NaN,NaN,NaN,-0.047226250142856,444.471656219541,42.9993585507716,12.248927,288.565,287.501,289.726,0.0883377084629427+0i,0.000631485,20.8674253210418,472.425744273175,23.3559174779066,20.9349811547416,-9.9e+37,-9.9e+37,453.71,420.217
20260514165511.7,495.445009320974,9.7878755,0.61353321,2.0027166,2.7293448,-0.000386797,-0.000714572,0.002386663,1.2092431,0.13010625,0.000630069,-0.003803177,4.1307843,0.66583476,288.548,287.528,289.724,8.03,NaN,NaN,NaN,-0.0444615213108221,444.435708415915,58.9653690976803,13.3166952,288.548,287.528,289.724,0.0845101430948449+0i,0.000630069,20.8636638217784,488.767287083043,23.3694945950756,20.9352468893246,9.9e+37,834.714,449.585,363.708
20260514165513.8,497.473000735044,9.787799,0.51855691,2.0026401,2.7294979,-0.000387014,-0.000709998,0.002374576,1.2091666,0.43855119,0.000631702,0.10798886,4.1310466,0.71081089,288.554,287.528,289.699,8.13,NaN,NaN,NaN,-0.0493013784195284,444.536322835205,49.4730562715754,14.2162178,288.554,287.528,289.699,0.0673107560979707+0i,0.000631702,20.8665759860546,487.532286872217,23.2738319713503,20.9356304293199,-9.9e+37,484.016,483.891,-9.9e+37
20260514165515.8,499.496003240347,9.7879302,0.51931313,2.0027494,2.7293339,-0.00038843,-0.000709563,0.002333522,1.2092322,0.40930404,0.000635405,0.10675606,4.1309591,0.72975572,288.54,287.536,289.658,8.15,NaN,NaN,NaN,-0.0423863930341355,444.428545142431,49.5486359351899,14.5951144,288.54,287.536,289.658,0.088621068304912+0i,0.000635405,20.865604524468,475.72158070206,23.3559174779066,20.9351288149502,-9.9e+37,585.467,585.467,-9.9e+37
20260514165517.8,501.523008942604,9.788575,0.58725204,2.0027931,2.7293339,-0.000384074,-0.000712394,0.002349748,1.2093634,0.43063542,0.000630505,-0.031621622,4.1309482,0.64371225,288.565,287.528,289.667,8.04,NaN,NaN,NaN,-0.0396216642021017,444.428545142431,56.3387234284339,12.874245,288.565,287.528,289.667,0.0877508419345106+0i,0.000630505,20.8654835081104,472.289356205313,23.3422158000294,20.9354238664052,-9.9e+37,210.752,319.094,-9.9e+37
20260514165519.9,503.598002716899,9.7888701,0.67015712,2.0029789,2.7296946,-0.000387014,-0.000710869,0.00238013,1.2091994,0.44248181,0.000638454,0.071036172,4.1313198,0.70691956,288.551,287.547,289.688,8.01,NaN,NaN,NaN,-0.0278668217080025,444.665590348428,64.6245900523522,14.1383912,288.551,287.547,289.688,0.0850826883652993+0i,0.000638454,20.8696091666885,472.701022942252,23.3012353271051,20.9356896009882,-9.9e+37,761.139,424.092,-9.9e+37
20260514165521.9,505.656008049846,9.7888155,0.59583783,2.0027931,2.7298585,-0.000385272,-0.000716314,0.002364775,1.2093196,0.43665355,0.000635405,-0.05587121,4.1315821,0.6890365,288.559,287.531,289.699,8.02,NaN,NaN,NaN,-0.0396216642021017,444.773302323096,57.1968217596938,13.78073,288.559,287.531,289.699,0.0933393433070704+0i,0.000635405,20.8725213309647,471.602410799297,23.3694945950756,20.9352762061966,-9.9e+37,639.483,404.915,-9.9e+37
20260514165524.1,507.781001552939,9.7887827,0.46525033,2.0027494,2.7298695,-0.000385817,-0.000715116,0.002394068,1.209265,0.30747153,0.000634643,-0.00746728,4.1311122,0.76458776,288.54,287.52,289.691,8.02,NaN,NaN,NaN,-0.0423863930341355,444.780531314684,44.1453825987771,15.2917552,288.54,287.52,289.691,0.0351484806407071+0i,0.000634643,20.8673043046841,464.599071204592,23.3422158000294,20.9371653961876,-9.9e+37,673.463,849.883,-9.9e+37
20260514165526.2,509.949004277587,9.7887062,0.7005184,2.0028368,2.7293339,-0.000387668,-0.000711632,0.002370873,1.2091666,0.4491765,0.000621031,-0.000522263,4.1315712,0.74979725,288.546,287.539,289.694,8,NaN,NaN,NaN,-0.0368569353700678,444.428545142431,67.6590182998304,14.995945,288.546,287.539,289.694,0.0670515343676164+0i,0.000621031,20.872400314607,463.087541058012,22.5903673666876,20.9365161216093,-9.9e+37,-9.9e+37,710.859,-9.9e+37
20260514165528.3,511.977005749941,9.7885313,0.53912659,2.0026401,2.7295306,-0.000386688,-0.000712938,0.002370982,1.2093087,0.13984112,0.00063094,0.014894842,4.1312761,0.67644479,288.578,287.539,289.683,8.01,NaN,NaN,NaN,-0.0493013784195284,444.557812655654,51.5288726941236,13.5288958,288.578,287.539,289.683,0.0457244898171406+0i,0.00063094,20.8691239910161,454.711561917946,22.4810030650851,20.9371358103534,-9.9e+37,-9.9e+37,681.665,462.528
20260514165530.4,514.137002080679,9.7887062,0.44639277,2.0028696,2.7293558,-0.000386143,-0.000712067,0.002402889,1.2092868,-0.002024259,0.000633445,-0.057459122,4.1313745,0.5521057,288.548,287.539,289.694,8.01,NaN,NaN,NaN,-0.0347818070933954,444.442937407503,42.2606823245293,11.042114,288.548,287.539,289.694,0.0531481639510175+0i,0.000633445,20.8702164689603,454.573922583408,23.3422158000294,20.9366635128557,-9.9e+37,-9.9e+37,166.859,363.457
20260514165532.5,516.184003651142,9.7888482,0.59164969,2.0028368,2.7298585,-0.00038647,-0.000712394,0.002413125,1.209265,0.093046128,0.000635296,-0.045291808,4.1315275,0.64545604,288.573,287.517,289.699,7.95,NaN,NaN,NaN,-0.0368569353700678,444.773302323096,56.7782422294371,12.9091208,288.573,287.517,289.699,0.0202183959052215+0i,0.000635296,20.8719151389346,454.436283248869,23.3694945950756,20.9380215026428,268.141,-9.9e+37,629.668,634.689
20260514165534.6,518.324004113674,9.7888482,0.5618973,2.0030008,2.7296727,-0.000387668,-0.000708474,0.00239581,1.2093634,0.00076604,0.000636385,-0.038614015,4.1309373,0.57645539,288.535,287.539,289.705,7.91,NaN,NaN,NaN,-0.0264812939866772,444.651198083356,53.8046688937283,11.5291078,288.535,287.539,289.705,0.0248401457796557+0i,0.000636385,20.8653624917527,454.573922583408,22.5356852158861,20.9378738424342,-9.9e+37,-9.9e+37,-9.9e+37,324.864
20260514165536.7,520.362999290228,9.7894166,0.46769141,2.0027057,2.7303941,-0.000384619,-0.000713592,0.002402889,1.2093087,0.39468047,0.000633009,0.11542435,4.1315712,0.76986823,288.559,287.539,289.702,7.87,NaN,NaN,NaN,-0.0451511218661693,445.125288495348,44.389353936822,15.3973646,288.559,287.539,289.702,0.0292142297729258+0i,0.000633009,20.872400314607,455.534895391825,22.4945801822546,20.9376081078512,9.9e+37,839.041,421.118,-9.9e+37
20260514165538.7,522.379001230001,9.7895805,0.60737103,2.0030773,2.7301536,-0.000385163,-0.000708583,0.002387534,1.2092103,0.14978876,0.000632791,-0.11392983,4.1311122,0.58344037,288.567,287.512,289.707,7.88,NaN,NaN,NaN,-0.0216414368779709,444.967236451982,58.3494960825094,11.6688074,288.567,287.512,289.707,0.0387048245886382+0i,0.000632791,20.8673043046841,455.810174060907,22.5903673666876,20.9374311307706,-9.9e+37,-9.9e+37,378.069,521.998
20260514165540.7,524.402003735304,9.7892308,0.43049465,2.0026292,2.7301755,-0.000385599,-0.000709454,0.002416501,1.2092213,0.45193731,0.000632029,-0.063226541,4.1313307,0.61484596,288.546,287.514,289.672,7.92,NaN,NaN,NaN,-0.0499909789748756,444.981628717054,40.671760368347,12.2969192,288.546,287.514,289.672,0.030891727119905+0i,0.000632029,20.8697301830461,454.436283248869,22.4535997093299,20.9375196193109,870.587,279.705,-9.9e+37,-9.9e+37
20260514165542.7,526.430005207658,9.7892964,0.53051679,2.0027057,2.7299678,-0.000385054,-0.000708038,0.002422272,1.2093524,0.45892117,0.000632682,-0.030858375,4.130981,0.68788307,288.546,287.525,289.677,7.91,NaN,NaN,NaN,-0.0451511218661693,444.845132212243,50.6683747070448,13.7576614,288.546,287.525,289.677,-0.00539926536481374+0i,0.000632682,20.8658476674251,455.810174060907,22.3579370856046,20.938877609098,998.772,623.605,-9.9e+37,-9.9e+37
20260514165544.8,528.473003581166,9.7888482,0.73079784,2.0030663,2.7301427,-0.000387232,-0.000710652,0.002405175,1.2091775,0.41187825,0.000631158,0.10948966,4.1311231,0.76948085,288.559,287.528,289.661,7.91,NaN,NaN,NaN,-0.0223373640439348,444.960073178499,70.685267129057,15.389617,288.559,287.528,289.661,-0.00459323103096209+0i,0.000631158,20.8674253210418,454.436283248869,21.6744724809419,20.938877609098,327.265,936.994,431.71,-9.9e+37
20260514165546.9,530.641006305814,9.7884438,0.64852348,2.0026292,2.7300771,-0.000384292,-0.000714027,0.002421619,1.2091994,-0.001898376,0.000632029,-0.04312087,4.1314947,0.58360514,288.546,287.533,289.667,7.94,NaN,NaN,NaN,-0.0499909789748756,444.91696210139,62.4624371947726,11.6721028,288.546,287.533,289.667,0.0332972139781162+0i,0.000632029,20.8715509796199,455.123228654886,20.5671277870379,20.9377261822256,-9.9e+37,622.194,342.015,143.485
20260514165549.1,532.773000374436,9.7886297,0.48652385,2.0027822,2.7299569,-0.000386034,-0.00071283,0.002386881,1.2093524,-0.00019424,0.000631702,-0.047074754,4.1313417,0.61426979,288.554,287.531,289.683,7.99,NaN,NaN,NaN,-0.0403112647574631,444.83796893876,46.2715436173933,12.2853958,288.554,287.531,289.683,0.00965779943461644+0i,0.000631702,20.8698523096456,455.260867989429,21.6470691251875,20.9383757257661,-9.9e+37,827.109,422.627,131.991
20260514165551.1,534.8090082407,9.7886624,0.57680897,2.0027713,2.7299569,-0.000385708,-0.000711196,0.002375011,1.2092213,0.42953654,0.000633009,0.10579136,4.1309482,0.72599534,288.554,287.544,289.669,7.94,NaN,NaN,NaN,-0.0410008653128102,444.83796893876,55.2950010755426,14.5199068,288.554,287.544,289.669,0.0382308263973413+0i,0.000633009,20.8654835081104,454.985589320351,21.6880495981118,20.9374607166047,-9.9e+37,848.938,613.159,-9.9e+37
20260514165553.1,536.848003417253,9.7886734,0.48683485,2.0027057,2.7303722,-0.000388103,-0.000711523,0.002458316,1.2092213,0.13478435,0.000629525,-0.10939098,4.1315712,0.60186033,288.567,287.533,289.62,7.92,NaN,NaN,NaN,-0.0451511218661693,445.110896230276,46.3026262063015,12.0372066,288.567,287.533,289.62,0.0229493513044103+0i,0.000629525,20.872400314607,454.847949985808,22.4673013872075,20.9378738424342,-9.9e+37,-9.9e+37,679.718,521.497
20260514165555.2,538.895004987717,9.7886843,0.70486587,2.0028259,2.7299569,-0.000385925,-0.000714463,0.002385683,1.2091885,0.37122884,0.000635949,-0.058684955,4.1309373,0.56198569,288.551,287.544,289.566,7.96,NaN,NaN,NaN,-0.0375465359254292,444.83796893876,68.0935219101216,11.2397138,288.551,287.544,289.566,0.0134729789305091+0i,0.000635949,20.8653624917527,455.397256057291,21.7564334267904,20.9383165540978,-9.9e+37,-9.9e+37,-9.9e+37,313.282
20260514165557.2,540.918007493019,9.7888482,0.54397601,2.0030445,2.7302301,-0.000385599,-0.00070684,0.002407462,1.2093306,0.43060268,0.000629198,-0.021655836,4.1311559,0.61963318,288.538,287.542,289.561,7.88,NaN,NaN,NaN,-0.0237165651546434,445.017510802575,52.0135432031366,12.3926636,288.538,287.542,289.561,0.0576232214985652+0i,0.000629198,20.8677894803565,455.260867989429,21.6744724809419,20.9367522703581,1494.666,407.95,-9.9e+37,74.223
20260514165559.2,542.945003136992,9.7887717,0.562408,2.0027166,2.7304597,-0.000386143,-0.000709454,0.002418025,1.2091557,0.46334177,0.000633445,0.053422642,4.131604,0.7071389,288.527,287.555,289.591,7.87,NaN,NaN,NaN,-0.0444615213108221,445.168399572457,53.8557103025881,14.142778,288.527,287.555,289.591,0.0172017812457838+0i,0.000633445,20.8727644739218,455.534895391825,22.5629640109328,20.9381099911831,1374.791,825.139,101.254,-9.9e+37
20260514165601.3,544.988001510501,9.7888264,0.66481446,2.0030445,2.7304597,-0.000386252,-0.000710543,0.002399404,1.2092213,0.12058634,0.000629198,0.058074337,4.1310138,0.68981673,288.567,287.547,289.572,7.88,NaN,NaN,NaN,-0.0237165651546434,445.168399572457,64.090623156995,13.7963346,288.567,287.547,289.572,0.0493405310180174+0i,0.000629198,20.8662118267399,454.162255846469,22.5766656888104,20.9371949820217,1081.367,560.049,673.804,469.796
20260514165603.3,547.059002146125,9.7886624,0.49725173,2.002815,2.7305799,-0.000384836,-0.000715007,0.002389712,1.2091885,0.40290179,0.000632574,0.11074936,4.1309263,0.72696872,288.529,287.55,289.596,7.89,NaN,NaN,NaN,-0.0382361364807764,445.247392735087,47.3437310254195,14.5393744,288.529,287.55,289.596,0.0295223931196044+0i,0.000632574,20.8652403651533,455.260867989429,22.4810030650851,20.9376376936853,-9.9e+37,622.259,399.5,-9.9e+37
20260514165605.4,549.106003716588,9.7886297,0.5628423,2.002662,2.7308859,-0.000385381,-0.000711414,0.002417154,1.2091448,0.10906951,0.000634425,-0.070945255,4.1314728,0.62631259,288.573,287.542,289.631,7.92,NaN,NaN,NaN,-0.0479158506982031,445.448490137457,53.8991159886422,12.5262518,288.573,287.542,289.631,0.0250266421566345+0i,0.000634425,20.8713078366628,455.397256057291,24.4358588160558,20.9377853538939,-9.9e+37,-9.9e+37,616.187,572.016
20260514165607.4,551.132999360561,9.7887827,0.5064388,2.0030008,2.7312794,-0.000385599,-0.000710869,0.002398424,1.2091775,0.3910685,0.000632138,-0.003085121,4.1310138,0.55992545,288.557,287.542,289.667,7.85,NaN,NaN,NaN,-0.0264812939866772,445.707090882008,48.2619236944888,11.198509,288.557,287.542,289.667,0.0449089728984237+0i,0.000632138,20.8662118267399,454.985589320351,23.3559174779066,20.9370769076473,-9.9e+37,-9.9e+37,-9.9e+37,253.408
20260514165609.5,553.176007792354,9.7879192,0.5998863,2.0026729,2.7315635,-0.000386252,-0.000711741,0.002420312,1.2091666,0.41091688,0.000618417,0.11229589,4.1314947,0.73323128,288.551,287.55,289.713,7.84,NaN,NaN,NaN,-0.047226250142856,445.893796019306,57.6014421092663,14.6646256,288.551,287.55,289.713,0.038173087258634+0i,0.000618417,20.8715509796199,454.985589320351,23.3422158000294,20.9374311307706,1612.041,821.479,319.636,-9.9e+37
20260514165611.5,555.222999304533,9.7879957,0.45690349,2.0027057,2.7321756,-0.000386143,-0.000710107,0.002373269,1.2091885,0.42682921,0.000632465,-0.037149372,4.1315384,0.64557935,288.551,287.547,289.737,7.83,NaN,NaN,NaN,-0.0451511218661693,446.296056542151,43.3111658900883,12.911587,288.551,287.547,289.737,0.0413327284408584+0i,0.000632465,20.8720361552923,463.774486464033,24.4631376111024,20.9368996616046,-9.9e+37,367.591,164.263,-9.9e+37
20260514165613.5,557.254008203745,9.7878755,0.42841694,2.0027166,2.7318368,-0.000384945,-0.00071283,0.002395157,1.2091557,0.4332009,0.000636167,0.096428205,4.1309591,0.75089939,288.548,287.566,289.743,7.82,NaN,NaN,NaN,-0.0444615213108221,446.073403601227,40.4641056873169,15.0179878,288.548,287.566,289.743,0.0347073551233689+0i,0.000636167,20.865604524468,464.04976513311,23.3422158000294,20.9371358103534,-9.9e+37,871.513,440.712,-9.9e+37
20260514165615.7,559.363009035587,9.7884766,0.5400214,2.002651,2.7324925,-0.000384728,-0.000710652,0.002392652,1.2091885,0.32040369,0.000637692,-0.00724467,4.1315493,0.73824876,288.538,287.563,289.74,7.83,NaN,NaN,NaN,-0.0486117778641528,446.504317218004,51.6183035988854,14.7649752,288.538,287.563,289.74,0.0233963094555959+0i,0.000637692,20.8721571716499,464.186153200972,24.4631376111024,20.9376376936853,-9.9e+37,477.09,798.885,-9.9e+37
20260514165617.8,561.535004898906,9.7884766,0.46845417,2.002651,2.7325035,-0.000382659,-0.000711414,0.002384485,1.2091666,0.12358394,0.000615041,-0.000400082,4.1315603,0.52251698,288.567,287.555,289.754,7.81,NaN,NaN,NaN,-0.0486117778641528,446.511546209592,44.4655872342998,10.4503396,288.567,287.555,289.754,0.0362002742210243+0i,0.000615041,20.8722792982494,462.538234986534,24.4768392889796,20.9371358103534,-9.9e+37,-9.9e+37,-9.9e+37,384.146
20260514165619.9,563.566003739834,9.7882253,0.60662791,2.0026292,2.7332139,-0.000384619,-0.000710325,0.002397662,1.2091775,0.44895934,0.000636712,-0.032165881,4.1312324,0.65387161,288.538,287.588,289.713,7.75,NaN,NaN,NaN,-0.0499909789748756,446.978407629996,58.2752256855016,13.0774322,288.538,287.588,289.713,0.0589475678759658+0i,0.000636712,20.8686388153437,463.636847129494,24.4905409668572,20.9365454384813,-9.9e+37,552.433,186.903,-9.9e+37
20260514165621.9,565.645000711083,9.7887389,0.3175283,2.0028805,2.7331046,-0.000384836,-0.000713374,0.002380238,1.2091885,0.4297537,0.000631485,0.097909836,4.1309701,0.73624963,288.54,287.601,289.691,7.7,NaN,NaN,NaN,-0.0340922065380482,446.906577740849,29.3814497011253,14.7249926,288.54,287.601,289.691,0.0242084710571404+0i,0.000631485,20.8657266510675,462.813513655611,23.4788588966785,20.9374015449364,-9.9e+37,843.219,452.649,-9.9e+37
20260514165623.9,567.66000688076,9.788881,0.55770262,2.0027385,2.7342085,-0.000383094,-0.000709018,0.00239581,1.2091994,0.21822525,0.000634098,0.090047801,4.131593,0.76032542,288.573,287.61,289.702,7.68,NaN,NaN,NaN,-0.0430759935894969,447.632039905803,53.3854357296084,15.2065084,288.573,287.61,289.702,0.0420293183638026+0i,0.000634098,20.8726423473223,463.362819727093,23.3422158000294,20.9370769076473,-9.9e+37,750.433,813.08,-9.9e+37
20260514165626,569.723001122475,9.7888701,0.70805444,2.002804,2.7337057,-0.000383421,-0.000712394,0.002409205,1.2091448,0.10421898,0.000635296,-0.085870755,4.1302487,0.61453932,288.573,287.62,289.697,7.67,NaN,NaN,NaN,-0.0389320636467545,447.301609272105,68.4122004005233,12.2907864,288.573,287.62,289.697,0.0859786294466832+0i,0.000635296,20.8577173666266,472.014077536236,23.3694945950756,20.9357485036944,-9.9e+37,-9.9e+37,700.461,546.665
20260514165628.1,571.770002692938,9.7892964,0.39622674,2.002651,2.7339899,-0.000383856,-0.00071076,0.002438171,1.2092868,0.43697982,0.000630722,-0.031952446,4.1307733,0.61373509,288.535,287.623,289.691,7.64,NaN,NaN,NaN,-0.0486117778641528,447.488380127509,37.2468878304949,12.2747018,288.535,287.623,289.691,0.0843274651371368+0i,0.000630722,20.863541695179,472.425744273175,23.424176745877,20.9348926662013,-9.9e+37,-9.9e+37,-9.9e+37,-9.9e+37
20260514165630.1,573.82400482893,9.7894494,0.36607059,2.0029352,2.7331374,-0.000383639,-0.000709563,0.002437517,1.2092322,0.40019773,0.000636929,0.1116913,4.1302815,0.75733873,288.548,287.645,289.694,7.64,NaN,NaN,NaN,-0.0306315505400363,446.928133279403,34.232961098974,15.1467746,288.548,287.645,289.694,0.0517527172267706+0i,0.000636929,20.8580815259414,481.763947488338,23.3831962729532,20.9359257497371,784.33,770.638,442.214,-9.9e+37
20260514165632.1,575.852006301284,9.7893182,0.47061481,2.002651,2.7333778,-0.000386143,-0.000710978,0.002369567,1.2092213,0.11406516,0.000623753,0.050315743,4.1307405,0.68893938,288.57,287.648,289.702,7.67,NaN,NaN,NaN,-0.0486117778641528,447.086119604664,44.6815302725587,13.7787876,288.57,287.648,289.702,0.0832552431594563+0i,0.000623753,20.8631775358642,482.862559631299,22.5492623330556,20.9350400574478,-9.9e+37,309.503,766.779,390.173
20260514165634.2,577.902005240321,9.789034,0.64192155,2.0030663,2.7327002,-0.000383965,-0.000707385,0.002375011,1.2091666,0.33810672,0.000633118,-0.11599741,4.130522,0.5603303,288.554,287.664,289.707,7.67,NaN,NaN,NaN,-0.0223373640439348,446.640813722815,61.8026137986617,11.206606,288.554,287.664,289.707,0.13539154368847+0i,0.000633118,20.8607516575023,483.000198965837,21.7291546317433,20.9338888995375,-9.9e+37,-9.9e+37,-9.9e+37,306.237
20260514165636.2,579.930006712675,9.7893729,0.53667242,2.0026838,2.7327876,-0.00038451,-0.000711849,0.00244318,1.2091666,0.43955622,0.000635623,-0.040647964,4.1314838,0.61822659,288.551,287.686,289.713,7.64,NaN,NaN,NaN,-0.0465366495874946,446.69825134689,51.2835930889122,12.3645318,288.551,287.686,289.713,0.10400979356763+0i,0.000635623,20.8714299632622,483.687144371858,21.7838367825448,20.934538443078,1380.813,343.103,-9.9e+37,-9.9e+37
20260514165638.3,581.977008283138,9.7894494,0.46297293,2.0027057,2.7323177,-0.00038451,-0.000711414,0.002389168,1.2090901,0.14135247,0.000638563,-0.10630751,4.1315821,0.62568513,288.559,287.675,289.686,7.58,NaN,NaN,NaN,-0.0451511218661693,446.389441969853,43.9177700972355,12.5137026,288.559,287.675,289.686,0.0839271201526391+0i,0.000638563,20.8725213309647,483.274226368238,21.6607708030651,20.9350107405757,9.9e+37,320.351,281.79,634.774
20260514165640.3,583.996007591486,9.7884329,0.59527694,2.0026292,2.73164,-0.000387886,-0.000711305,0.002375665,1.209101,0.13706503,0.000638127,-0.06760239,4.1309263,0.60828986,288.576,287.68,289.697,7.42,NaN,NaN,NaN,-0.0499909789748756,445.944070369899,57.1407641606819,12.1657972,288.576,287.68,289.697,0.108457785499464+0i,0.000638127,20.8652403651533,472.014077536236,22.4400225921609,20.9348039086989,9.9e+37,127.981,158.972,800.881
20260514165642.3,586.020005866885,9.7888045,0.62351032,2.0030117,2.7312684,-0.000386361,-0.000713592,0.002418025,1.2091666,0.27512747,0.000635405,-0.10224257,4.1310138,0.5761433,288.557,287.661,289.702,7.56,NaN,NaN,NaN,-0.02579169343133,445.699861890419,59.9625215369778,11.522866,288.557,287.661,289.702,0.09538273731442+0i,0.000635405,20.8662118267399,471.876438201693,22.521983538009,20.9353057920308,9.9e+37,-9.9e+37,-9.9e+37,654.031
20260514165644.3,588.051004707813,9.7884548,0.43075546,2.0026401,2.730722,-0.000387123,-0.000712176,0.002421292,1.2091775,0.43795866,0.000627455,0.11061052,4.1304673,0.73675378,288.554,287.68,289.713,7.56,NaN,NaN,NaN,-0.0493013784195284,445.340778162789,40.6978267671031,14.7350756,288.554,287.68,289.713,0.124936849376691+0i,0.000627455,20.8601443552304,481.901586822877,22.5356852158861,20.9332985276654,9.9e+37,828.373,-9.9e+37,-9.9e+37
20260514165646.4,590.094003081322,9.7886624,0.36149943,2.0027275,2.7305799,-0.000382441,-0.000712938,0.002397444,1.2090573,0.4355154,0.000634098,-0.045265782,4.130981,0.67005018,288.54,287.669,289.735,7.68,NaN,NaN,NaN,-0.0437719207554323,445.247392735087,33.7761010117925,13.4010036,288.54,287.669,289.735,0.118400898687235+0i,0.000634098,20.8658476674251,483.82353243972,22.5903673666876,20.9330623789165,-9.9e+37,473.842,-9.9e+37,-9.9e+37
20260514165648.4,592.121008783579,9.7888701,0.48612992,2.0029789,2.7309843,-0.000384183,-0.000713592,0.002411491,1.2092431,0.42150947,0.000631158,0.1014792,4.1313635,0.70424387,288.546,287.683,289.729,7.66,NaN,NaN,NaN,-0.0278668217080025,445.513156753121,46.2321726712564,14.0848774,288.546,287.683,289.729,0.138669281153098+0i,0.000631158,20.8700943423609,471.053104727814,23.3285141221518,20.9332985276654,154.124,818.306,302.817,-9.9e+37
20260514165650.5,594.188006222248,9.7885531,0.49644968,2.0027166,2.7305799,-0.000385272,-0.000712721,0.002447862,1.2091448,0.1305231,0.000630178,0.02723674,4.1309591,0.71942069,288.559,287.669,289.762,7.61,NaN,NaN,NaN,-0.0444615213108221,445.247392735087,47.2635709275616,14.3884138,288.559,287.669,289.762,0.0854901950197846+0i,0.000630178,20.865604524468,471.876438201693,23.3559174779066,20.9352468893246,-9.9e+37,639.07,762.235,313.526
20260514165652.5,596.223008260131,9.7888482,0.54035531,2.0028478,2.7311045,-0.000383312,-0.000711849,0.002353886,1.2091338,0.11831004,0.000634643,-0.10088215,4.1315384,0.59690178,288.57,287.661,289.748,7.6,NaN,NaN,NaN,-0.036161008204104,445.592149915751,51.6516759051952,11.9380356,288.57,287.661,289.748,0.0759752295676513+0i,0.000634643,20.8720361552923,471.32713213021,22.521983538009,20.9357485036944,-9.9e+37,-9.9e+37,434.014,653.711
20260514165654.6,598.262003436685,9.7881706,0.53783458,2.0029461,2.7310171,-0.000385381,-0.000711196,0.002377298,1.2091557,0.33082059,0.000627891,0.11612095,4.1313635,0.70920132,288.562,287.648,289.737,7.56,NaN,NaN,NaN,-0.0299419499846891,445.534712291676,51.3997440262933,14.1840264,288.562,287.648,289.737,0.112502824282844+0i,0.000627891,20.8700943423609,471.602410799297,22.4535997093299,20.9344792714097,315.774,556.395,352.485,203.663
20260514165656.6,600.288999080658,9.7879302,0.5195041,2.0027822,2.7305689,-0.000386579,-0.000713483,0.002380892,1.2091338,0.11558742,0.000636385,-0.10020079,4.1309373,0.61758713,288.565,287.648,289.743,7.52,NaN,NaN,NaN,-0.0403112647574631,445.240163743499,49.5677222438838,12.3517426,288.565,287.648,289.743,0.136150307693742+0i,0.000636385,20.8653624917527,472.15171687077,21.701751275989,20.9335938480825,-9.9e+37,-9.9e+37,469.675,623.671
20260514165658.6,602.328004315495,9.7877444,0.56423035,2.002662,2.7312029,-0.000383094,-0.000709454,0.00237708,1.2091994,0.43137855,0.000636385,0.1069647,4.1311012,0.69520302,288.551,287.645,289.737,7.48,NaN,NaN,NaN,-0.0479158506982031,445.656816531415,54.0378432797483,13.9040604,288.551,287.645,289.737,0.10204398679766+0i,0.000636385,20.8671821780847,471.740050133831,22.5082818601313,20.9349219830733,-9.9e+37,426.448,150.868,-9.9e+37
20260514165700.7,604.387005418539,9.7881597,0.54632218,2.0030336,2.7314652,-0.00038647,-0.000712721,0.002404631,1.2092322,0.27825384,0.00063094,0.11297758,4.1311668,0.74594194,288.567,287.639,289.737,7.49,NaN,NaN,NaN,-0.0244061657100048,445.829195121747,52.2480288546436,14.9188388,288.567,287.639,289.737,0.0837868202512061+0i,0.00063094,20.8679104967142,473.250329013735,22.5766656888104,20.9354534522393,-9.9e+37,635.536,633.305,-9.9e+37
20260514165702.7,606.422007456422,9.7880504,0.44376619,2.0027166,2.7316947,-0.000386688,-0.000708147,0.002386445,1.2090464,0.26199669,0.000630287,0.10414464,4.131593,0.72279586,288.573,287.62,289.721,7.51,NaN,NaN,NaN,-0.0444615213108221,445.980018173525,41.9981713715569,14.4559172,288.573,287.62,289.721,0.0772589424352368+0i,0.000630287,20.8726423473223,469.542825847911,23.3285141221518,20.9354238664052,-9.9e+37,484.016,669.572,-9.9e+37
20260514165704.7,608.456999436021,9.7880613,0.52994935,2.0027385,2.7317165,-0.000387232,-0.000710869,0.002378387,1.2091338,0.42562558,0.000621466,-0.016235672,4.1310466,0.6270699,288.546,287.607,289.677,7.53,NaN,NaN,NaN,-0.0430759935894969,445.994344720491,50.6116624747295,12.541398,288.546,287.607,289.677,0.0817487196609486+0i,0.000621466,20.8665759860546,464.186153200972,23.6975874998839,20.9356304293199,-9.9e+37,-9.9e+37,252.856,-9.9e+37
20260514165706.8,610.500007867813,9.7880176,0.72793773,2.0028587,2.7312247,-0.000385163,-0.000709018,0.00239287,1.2091775,0.35602035,0.000634969,0.10947169,4.1309591,0.75702118,288.565,287.585,289.691,7.47,NaN,NaN,NaN,-0.0354714076487426,445.671143078382,70.399416250079,15.1404236,288.565,287.585,289.691,0.0888344611055592+0i,0.000634969,20.865604524468,463.636847129494,24.4905409668572,20.9358369922347,312.921,813.949,604.519,-9.9e+37
20260514165708.8,612.515999749303,9.7888701,0.54478025,2.0029571,2.7316182,-0.000384401,-0.000711196,0.002408878,1.2091448,0.30886721,0.000633663,0.10422947,4.131451,0.74824771,288.565,287.588,289.653,7.43,NaN,NaN,NaN,-0.029246022818711,445.929743822933,52.093922178389,14.9649542,288.565,287.588,289.653,0.0678323659904643+0i,0.000633663,20.8710658039475,463.636847129494,24.4495604939334,20.9361323126518,-9.9e+37,670.065,736.408,-9.9e+37
20260514165710.9,614.563001319766,9.788422,0.65262106,2.002651,2.7313122,-0.000385708,-0.000712938,0.002384812,1.2091338,0.16341059,0.000630069,-0.001016432,4.1311449,0.72751324,288.586,287.569,289.604,7.46,NaN,NaN,NaN,-0.0486117778641528,445.728646420563,62.8719657949601,14.5502648,288.586,287.569,289.604,0.0894080393452972+0i,0.000630069,20.8676673537571,464.04976513311,24.4495604939334,20.9356600151541,-9.9e+37,311.124,873.071,167.583
20260514165712.9,616.574004292488,9.7884766,0.54110717,2.0026838,2.7312356,-0.000386252,-0.000710216,0.002374358,1.2091775,0.35806425,0.000631811,0.10283604,4.1303143,0.73402243,288.562,287.571,289.599,7.5,NaN,NaN,NaN,-0.0465366495874946,445.678306351865,51.7268198129009,14.6804486,288.562,287.571,289.599,0.0491724336579188+0i,0.000631811,20.8584456852561,462.951152990154,23.53354104748,20.9368111730643,-9.9e+37,311.785,636.846,-9.9e+37
20260514165714.9,618.606008961797,9.7885859,0.48438941,2.0027166,2.7312247,-0.000386034,-0.000709236,0.002417481,1.2091338,0.40413161,0.000631267,-0.062708962,4.1308498,0.61764824,288.54,287.547,289.558,7.43,NaN,NaN,NaN,-0.0444615213108221,445.671143078382,46.0582191123479,12.3529648,288.54,287.547,289.558,0.0469625365370315+0i,0.000631267,20.8643910301661,463.636847129494,23.3968979508304,20.9367815872301,-9.9e+37,-9.9e+37,255.956,-9.9e+37
20260514165717,620.711006596684,9.7887499,0.62244528,2.0029243,2.7312356,-0.000384074,-0.000712612,0.002408878,1.2090792,0.30660509,0.000633118,-0.00757313,4.1311231,0.76930734,288.548,287.547,289.58,7.42,NaN,NaN,NaN,-0.0313211510953977,445.678306351865,59.8560771624095,15.3861468,288.548,287.547,289.58,0.0617247551562865+0i,0.000633118,20.8674253210418,463.912125798571,23.3285141221518,20.9365161216093,1212.897,600.628,746.291,83.156
20260514165719,622.750001773238,9.7888482,0.52227691,2.0028368,2.7317384,-0.000387994,-0.000710434,0.002416283,1.209101,0.22682308,0.000631485,-0.15705744,4.1314838,0.62689422,288.57,287.547,289.561,7.44,NaN,NaN,NaN,-0.0368569353700678,446.008736985562,49.844848010284,12.5378844,288.57,287.547,289.561,0.0803260284607969+0i,0.000631485,20.8714299632622,464.735459272454,23.3285141221518,20.9356600151541,-9.9e+37,-9.9e+37,345.69,425.994
20260514165721.1,624.770006909966,9.7888373,0.45968067,2.0030663,2.7313231,-0.000386143,-0.000713156,0.00243033,1.2091448,0.37033294,0.000633989,0.15814323,4.1303252,0.71182355,288.557,287.558,289.528,7.45,NaN,NaN,NaN,-0.0223373640439348,445.735809694046,43.5887284118374,14.236471,288.557,287.558,289.528,0.0417415184617613+0i,0.000633989,20.8585667016137,463.636847129494,23.3831962729532,20.9369292474387,1394.84,546.004,145.47,-9.9e+37
20260514165723.1,626.805008947849,9.7886843,0.46736185,2.002804,2.7312138,-0.000384945,-0.000711523,0.002419985,1.2092213,0.18230524,0.000637583,-0.16070432,4.1302378,0.61558145,288.557,287.542,289.52,7.52,NaN,NaN,NaN,-0.0389320636467545,445.663979804898,44.3564163869809,12.311629,288.557,287.542,289.52,0.0799916775476722+0i,0.000637583,20.857596350269,463.912125798571,24.4358588160558,20.9354827691113,376.732,-9.9e+37,434.331,454.86
20260514165725.2,628.906003385782,9.7888373,0.61592955,2.0030663,2.7314105,-0.000387014,-0.000711849,0.002382634,1.209112,0.14264339,0.000612428,-0.004040242,4.1302924,0.70851058,288.567,287.52,289.544,7.52,NaN,NaN,NaN,-0.0223373640439348,445.793247318121,59.204868940459,14.1702116,288.567,287.52,289.544,0.0790003775718893+0i,0.000612428,20.858202542299,465.010737941531,23.3968979508304,20.9359257497371,9.9e+37,787.066,430.303,379.503
20260514165727.2,630.918002128601,9.788575,0.55260875,2.0026292,2.7314433,-0.000386579,-0.000712285,0.002411709,1.2090683,0.2079426,0.000628762,-0.10966736,4.1306422,0.59947818,288.554,287.531,289.539,7.47,NaN,NaN,NaN,-0.0499909789748756,445.814802856676,52.8763339059375,11.9895636,288.554,287.531,289.539,0.0666227123593588+0i,0.000628762,20.8620861681618,463.636847129494,24.4631376111024,20.936191215358,-9.9e+37,-9.9e+37,247.34,565.861
20260514165729.3,633.051002025604,9.7887062,0.55498217,2.0027057,2.7322412,-0.000384728,-0.000711523,0.002405502,1.209101,0.23840756,0.000632247,0.00581516,4.1306422,0.57952831,288.557,287.547,289.558,7.43,NaN,NaN,NaN,-0.0451511218661693,446.33916761926,53.1135430318746,11.5905662,288.557,287.547,289.558,0.0532309719819367+0i,0.000632247,20.8620861681618,463.087541058012,25.2560910780758,20.9366341959837,9.9e+37,341.849,-9.9e+37,388.825
20260514165731.5,635.207005217671,9.7880176,0.55987198,2.002651,2.7320335,-0.000385599,-0.000711196,0.002391019,1.2091775,0.43237484,0.000630831,-0.001078611,4.1305438,0.76923859,288.557,287.552,289.542,7.41,NaN,NaN,NaN,-0.0486117778641528,446.202671114449,53.602250279685,15.3847718,288.557,287.552,289.542,0.0825210096928184+0i,0.000630831,20.8609936902176,462.675874321068,25.3107732288772,20.9356600151541,1058.086,505.088,540.139,95.661
20260514165733.5,637.234000861645,9.7887827,0.47470583,2.0027385,2.7317056,-0.000387123,-0.000717839,0.002419659,1.2090901,0.13259534,0.000636494,0.031373793,4.1308936,0.68318206,288.567,287.55,289.558,7.39,NaN,NaN,NaN,-0.0430759935894969,445.987181447008,45.0904032400027,13.6636412,288.567,287.55,289.558,0.0642246416130018+0i,0.000636494,20.8648773160803,464.461431870049,25.3380520239239,20.9360438241115,1012.306,238.49,581.598,497.681
20260514165735.7,639.387006685138,9.7888482,0.48071087,2.0030773,2.7313449,-0.000388866,-0.000710978,0.002444378,1.2091775,0.30031089,0.000635514,-0.00740726,4.1302924,0.7361656,288.554,287.542,289.566,7.33,NaN,NaN,NaN,-0.0216414368779709,445.750136241012,45.6905710525336,14.723312,288.554,287.542,289.566,0.0802373272865548+0i,0.000635514,20.858202542299,463.636847129494,26.4316950399507,20.9354534522393,-9.9e+37,209.039,585.747,224.966
20260514165737.9,641.578002646565,9.7877444,0.50429672,2.0026401,2.7313449,-0.000388321,-0.000715007,0.002386445,1.2091338,0.41416219,0.000635623,-0.000985723,4.1313635,0.75952227,288.551,287.533,289.596,7.33,NaN,NaN,NaN,-0.0493013784195284,445.750136241012,48.0478356171627,15.1904454,288.551,287.533,289.596,0.0823311647530785+0i,0.000635623,20.8700943423609,463.362819727093,25.6935482844865,20.9354827691113,-9.9e+37,156.568,616.702,-9.9e+37
20260514165739.9,643.633000552654,9.7881488,0.49168427,2.0029352,2.7316619,-0.00038549,-0.00070978,0.002401255,1.2091338,0.45890589,0.00062996,0.0303064,4.1314728,0.66815362,288.551,287.561,289.604,7.34,NaN,NaN,NaN,-0.0306315505400363,445.95846263497,46.7872967153145,13.3630724,288.551,287.561,289.604,0.0508571254547472+0i,0.00062996,20.8713078366628,464.323792535515,25.2697927559529,20.9365750243154,-9.9e+37,-9.9e+37,245.776,-9.9e+37
20260514165741.9,645.660006254911,9.7887062,0.60074728,2.0028259,2.7306017,-0.000386034,-0.00071076,0.002431093,1.2090792,0.17438727,0.000632138,0.042765252,4.1309482,0.75520865,288.57,287.58,289.629,7.37,NaN,NaN,NaN,-0.0375465359254292,445.261719282053,57.6874919079742,15.104173,288.57,287.58,289.629,0.0372691620825142+0i,0.000632138,20.8654835081104,464.186153200972,25.4748196812811,20.9371949820217,431.692,535.568,765.349,178.327
20260514165744.1,647.777003422379,9.7884548,0.51994277,2.0026401,2.730722,-0.000388103,-0.000710325,0.002424014,1.2091448,0.28296468,0.000635949,-0.00735379,4.1315821,0.74083061,288.546,287.566,289.599,7.4,NaN,NaN,NaN,-0.0493013784195284,445.340778162789,49.6115646852868,14.8166122,288.546,287.566,289.599,0.0369315921593831+0i,0.000635949,20.8725213309647,463.362819727093,25.2833698731229,20.9371358103534,-9.9e+37,95.427,764.705,199.304
20260514165746.2,649.948999285698,9.7888482,0.66483302,2.0028587,2.7305908,-0.000388648,-0.000710869,0.002409205,1.2091885,0.46018154,0.000632356,-0.00096122,4.1309701,0.77520652,288.521,287.585,289.615,7.41,NaN,NaN,NaN,-0.0354714076487426,445.25455600857,64.0924781179279,15.5041304,288.521,287.585,289.615,0.0365977149602378+0i,0.000632356,20.8657266510675,464.186153200972,25.3107732288772,20.937283470562,-9.9e+37,-9.9e+37,670.294,79.772
20260514165748.3,651.969004422426,9.7892636,0.71318104,2.002804,2.7299678,-0.000386143,-0.00071076,0.002437517,1.2090901,0.3299738,0.000633554,0.11613674,4.1309482,0.70384776,288.567,287.593,289.639,7.38,NaN,NaN,NaN,-0.0389320636467545,444.845132212243,68.9245733918307,14.0769552,288.567,287.593,289.639,0.10283560365837+0i,0.000633554,20.8654835081104,463.500459061628,24.531521439781,20.9353942805711,-9.9e+37,168.187,397.494,-9.9e+37
20260514165750.3,654.023006558418,9.7891652,0.58038929,2.0026182,2.7295744,-0.000387994,-0.000712285,0.002384703,1.2090573,0.16283988,0.000632247,-0.11519519,4.1311996,0.58172386,288.562,287.61,289.642,7.3,NaN,NaN,NaN,-0.0506869061408253,444.586597185797,55.6528326341268,11.6344772,288.562,287.61,289.642,0.0919643666040981+0i,0.000632247,20.8682746560289,462.951152990154,25.3107732288772,20.9353942805711,-9.9e+37,-9.9e+37,389.762,479.696
20260514165752.5,656.164002791047,9.789351,0.53622283,2.002651,2.7296399,-0.000387994,-0.000711414,0.002381872,1.2091338,0.27595244,0.000630505,0.00555326,4.1314072,0.59418352,288.576,287.601,289.631,7.24,NaN,NaN,NaN,-0.0486117778641528,444.629642544801,51.2386592588568,11.8836704,288.576,287.601,289.631,0.0850189211851791+0i,0.000630505,20.8705795180333,462.538234986534,24.5042426447344,20.9355419407796,1406.156,-9.9e+37,-9.9e+37,311.555
20260514165754.6,658.28500315547,9.7885094,0.41977769,2.002651,2.7293776,-0.000386688,-0.000711632,0.002367062,1.2091338,0.42229297,0.00063486,0.001844471,4.1316149,0.68736364,288.557,287.604,289.629,7.18,NaN,NaN,NaN,-0.0486117778641528,444.457263954469,39.6006643489732,13.7472728,288.557,287.604,289.629,0.0410037531943742+0i,0.00063486,20.8728854902794,463.774486464033,24.4768392889796,20.9368407588984,1456.901,-9.9e+37,152.366,251.841
20260514165756.6,660.328001528978,9.7888592,0.60423812,2.0028805,2.7291918,-0.000388648,-0.00071076,0.002427172,1.209101,0.30579213,0.000633771,0.10877465,4.1314728,0.77182153,288.562,287.626,289.648,7.26,NaN,NaN,NaN,-0.0340922065380482,444.33515971473,58.0363804760262,15.4364306,288.562,287.626,289.648,0.0532531643303372+0i,0.000633771,20.8713078366628,463.774486464033,24.4905409668572,20.936722684524,9.9e+37,858.572,343.548,-9.9e+37
20260514165758.6,662.344003468752,9.7888264,0.3976497,2.0027822,2.7292465,-0.000388103,-0.000710216,0.002408116,1.209101,0.42685103,0.000631267,-0.009256448,4.1315821,0.71007103,288.54,287.607,289.639,7.25,NaN,NaN,NaN,-0.0403112647574631,444.371107518356,37.3891041671919,14.2014206,288.54,287.607,289.639,0.0375666408481232+0i,0.000631267,20.8725213309647,463.912125798571,24.4905409668572,20.9369292474387,-9.9e+37,445.182,295.234,-9.9e+37
20260514165800.7,664.37500230968,9.7892636,0.39709099,2.0026838,2.7284923,-0.000388212,-0.000712612,0.002417698,1.2090901,0.40731036,0.000632138,-0.001694959,4.1308498,0.63392065,288.548,287.612,289.648,7.23,NaN,NaN,NaN,-0.0465366495874946,443.875461567809,37.3332644461344,12.678413,288.548,287.612,289.648,0.0447233543606755+0i,0.000632138,20.8643910301661,463.22518039255,23.3422158000294,20.9366930986898,-9.9e+37,152.374,139.584,-9.9e+37
20260514165802.7,666.402008011937,9.788728,0.56794054,2.0028587,2.7281098,-0.000385272,-0.000710978,0.002407136,1.2091338,0.43683142,0.000630831,0.061217824,4.1309263,0.72192833,288.527,287.623,289.65,7.23,NaN,NaN,NaN,-0.0354714076487426,443.624089814847,54.408654567662,14.4385666,288.527,287.623,289.65,0.0372635195497132+0i,0.000630831,20.8652403651533,463.22518039255,23.3148124442741,20.9372538847279,1072.718,812.252,253.053,-9.9e+37
20260514165804.7,668.441003188491,9.7887389,0.59697598,2.0027057,2.7285579,-0.000387123,-0.000708256,0.002430875,1.2090573,0.20919097,0.000633663,0.088014613,4.1315821,0.75692406,288.573,287.626,289.648,7.21,NaN,NaN,NaN,-0.0451511218661693,443.918572644919,57.310573041256,15.1384812,288.573,287.626,289.648,0.0449923989916385+0i,0.000633663,20.8725213309647,463.912125798571,23.3559174779066,20.937017735979,308.771,892.009,760.559,-9.9e+37
20260514165806.8,670.50800062716,9.7884657,0.48442978,2.0026729,2.7281207,-0.000385599,-0.000710869,0.002425866,1.2090683,0.16892785,0.00062114,0.029914594,4.1310575,0.71204288,288.573,287.629,289.675,7.2,NaN,NaN,NaN,-0.047226250142856,443.63125308833,46.062253852265,14.2408576,288.573,287.629,289.675,0.0402536567906361+0i,0.00062114,20.8666970024123,463.636847129494,24.4631376111024,20.936988419107,-9.9e+37,517.045,797.939,155.223
20260514165808.8,672.535006329417,9.7886297,0.60339896,2.002651,2.7283721,-0.000387559,-0.000709345,0.002388406,1.2091557,0.36298569,0.000634316,-0.11748764,4.1307515,0.57845018,288.54,287.626,289.667,7.2,NaN,NaN,NaN,-0.0486117778641528,443.796468405179,57.9525114557427,11.5690036,288.54,287.626,289.667,0.0386037094112874+0i,0.000634316,20.8632996624637,462.951152990154,23.3559174779066,20.9372538847279,-9.9e+37,-9.9e+37,200.085,-9.9e+37
20260514165810.9,674.602003768086,9.7893619,0.60422393,2.0027931,2.7280989,-0.000387559,-0.000711958,0.002380456,1.209112,0.43669065,0.000636929,-0.02374064,4.1309482,0.64360313,288.551,287.653,289.697,7.14,NaN,NaN,NaN,-0.0396216642021017,443.616926541364,58.0349622704423,12.8720626,288.551,287.653,289.697,0.0734170689863421+0i,0.000636929,20.8654835081104,469.679213915772,25.064641269917,20.9359257497371,748.903,348.235,-9.9e+37,-9.9e+37
20260514165812.9,676.641009002924,9.7895587,0.4705406,2.0029571,2.7284814,-0.000387886,-0.000709127,0.002383396,1.209112,0.44960099,0.00063192,-0.050462704,4.1306859,0.72527186,288.543,287.667,289.697,7.13,NaN,NaN,NaN,-0.029246022818711,443.868298294326,44.6741134271475,14.5054372,288.543,287.667,289.697,0.0664373840377982+0i,0.00063192,20.8625713438342,464.323792535515,25.2833698731229,20.9359550666091,977.483,725.588,140.842,-9.9e+37
20260514165815,678.668004646897,9.7894603,0.82704757,2.0026947,2.7285251,-0.000388866,-0.000712503,0.002410185,1.209112,0.43720789,0.000636494,-0.055234717,4.131593,0.68809259,288.54,287.634,289.729,7.08,NaN,NaN,NaN,-0.045847049032119,443.897017106364,80.304851663179,13.7618518,288.54,287.634,289.729,0.0981924066009966+0i,0.000636494,20.8726423473223,463.636847129494,25.2697927559529,20.9357189178602,-9.9e+37,714.635,220.565,-9.9e+37
20260514165817,680.718999356031,9.7892198,0.77031673,2.0026729,2.7279459,-0.000386688,-0.000708583,0.002353015,1.2091775,0.43337659,0.000630178,-0.049351101,4.1310247,0.69226216,288.529,287.639,289.718,7.08,NaN,NaN,NaN,-0.047226250142856,443.516377840179,74.6349436948995,13.8452432,288.529,287.639,289.718,0.0830811599996387+0i,0.000630178,20.8663328430975,463.912125798571,25.2833698731229,20.9360438241115,-9.9e+37,750.123,284.9,-9.9e+37
20260514165819,682.754001393914,9.7894166,0.52735331,2.0028696,2.727465,-0.000389519,-0.000712067,0.00241955,1.2091666,0.42482898,0.000637038,-0.036669034,4.1309373,0.66267566,288.543,287.65,289.732,7.06,NaN,NaN,NaN,-0.0347818070933954,443.200339471553,50.3522038119991,13.2535132,288.543,287.65,289.732,0.0861345860303445+0i,0.000637038,20.8653624917527,470.777826058737,25.3107732288772,20.9352762061966,-9.9e+37,672.056,248.577,-9.9e+37
20260514165821.1,684.808999300003,9.7894275,0.44974175,2.0026947,2.7284486,-0.000388539,-0.000710978,0.002382743,1.2090792,0.29962341,0.000630505,0.11535683,4.1315384,0.77109587,288.565,287.639,289.726,7.02,NaN,NaN,NaN,-0.045847049032119,443.846742755772,42.5953928345025,15.4219174,288.565,287.639,289.726,0.0642840031650696+0i,0.000630505,20.8720361552923,470.777826058737,24.5725019127049,20.9358665780688,665.771,1075.499,695.896,-9.9e+37
20260514165823.2,686.875000968575,9.7892089,0.60568618,2.0026401,2.7282737,-0.000385925,-0.000710652,0.002395375,1.2091448,0.41403343,0.000632029,0.030332208,4.1312652,0.70574431,288.543,287.639,289.729,7.01,NaN,NaN,NaN,-0.0493013784195284,443.731801789515,58.1811054075193,14.1148862,288.543,287.639,289.729,0.0821045142707762+0i,0.000632029,20.8690029746584,471.464771464754,24.4631376111024,20.9356304293199,-9.9e+37,615.154,546.412,-9.9e+37
20260514165825.2,688.914006203413,9.7893073,0.51181638,2.0027275,2.728077,-0.000388103,-0.000708256,0.002359984,1.209101,0.42209436,0.000631049,0.000884667,4.1309373,0.70804135,288.554,287.615,289.732,6.98,NaN,NaN,NaN,-0.0437719207554323,443.602534276292,48.7993806348771,14.160827,288.554,287.615,289.732,0.084417623625546+0i,0.000631049,20.8653624917527,471.32713213021,24.5042426447344,20.9353057920308,-9.9e+37,651.083,559.308,-9.9e+37
20260514165827.3,691.055002436042,9.7893291,0.67075184,2.0027713,2.728077,-0.000387123,-0.000709127,0.002387534,1.2090901,0.34123528,0.000636494,-0.00701987,4.1313417,0.75084047,288.548,287.61,289.743,6.99,NaN,NaN,NaN,-0.0410008653128102,443.602534276292,64.684028757418,15.0168094,288.548,287.61,289.743,0.0973061434995144+0i,0.000636494,20.8698523096456,471.602410799297,23.3694945950756,20.9353353778649,-9.9e+37,379.632,849.576,-9.9e+37
20260514165829.5,693.184009194374,9.7901707,0.56238071,2.0029243,2.7287656,-0.000388866,-0.000710325,0.002426301,1.2091338,0.11697983,0.000633554,-0.004080425,4.1311887,0.64885849,288.573,287.582,289.756,7.02,NaN,NaN,NaN,-0.0313211510953977,444.05506914973,53.8529828303975,12.9771698,288.573,287.582,289.756,0.0946613114886038+0i,0.000633554,20.8681536396713,472.15171687077,22.4673013872075,20.9351581318222,-9.9e+37,626.516,576.384,236.632
20260514165831.5,695.227007567883,9.7894494,0.40642974,2.0028368,2.7293448,-0.000390608,-0.000709672,0.002403433,1.2090901,0.36764306,0.000631049,0.11333149,4.1309263,0.70775217,288.551,287.571,289.775,6.99,NaN,NaN,NaN,-0.0368569353700678,444.435708415915,38.2666166235174,14.1550434,288.551,287.571,289.775,0.0583253684365343+0i,0.000631049,20.8652403651533,472.014077536236,22.5766656888104,20.9360142382774,-9.9e+37,513.887,660.148,-9.9e+37
20260514165833.6,697.273003309965,9.7895149,0.47097928,2.0030663,2.7294651,-0.000387886,-0.000711414,0.002413887,1.2090573,0.42249594,0.000635187,0.010877467,4.1310356,0.69171765,288.554,287.574,289.767,6.96,NaN,NaN,NaN,-0.0223373640439348,444.51476729665,44.7179568679908,13.834353,288.554,287.574,289.767,0.0680956368138424+0i,0.000635187,20.8664538594552,471.740050133831,22.4810030650851,20.9358369922347,-9.9e+37,364.047,518.907,-9.9e+37
20260514165835.6,699.313004314899,9.7891433,0.50673998,2.002662,2.7300443,-0.000387232,-0.000710216,0.002437626,1.2091557,0.12266295,0.000634207,0.038123576,4.131134,0.70810791,288.565,287.542,289.778,6.92,NaN,NaN,NaN,-0.0479158506982031,444.895406562835,48.2920248331619,14.1621582,288.565,287.542,289.778,0.0903779458230726+0i,0.000634207,20.8675463373994,472.289356205313,22.4673013872075,20.9351288149502,-9.9e+37,377.747,862.432,342.92
20260514165837.6,701.356002688408,9.7891652,0.54232171,2.0026401,2.730722,-0.000389192,-0.000711087,0.00241454,1.209112,0.39903993,0.000618199,0.10413908,4.1312105,0.73929961,288.546,287.558,289.77,6.89,NaN,NaN,NaN,-0.0493013784195284,445.340778162789,51.8482058178287,14.7859922,288.546,287.558,289.77,0.053588721637798+0i,0.000618199,20.8683956723866,471.602410799297,23.3559174779066,20.9364865357751,-9.9e+37,388.771,541.509,-9.9e+37
20260514165839.7,703.37900519371,9.7894166,0.51328299,2.0028478,2.7306017,-0.000385708,-0.000711849,0.002442853,1.2090355,0.32727301,0.000632356,0.10306788,4.1309373,0.75837539,288.559,287.547,289.767,6.87,NaN,NaN,NaN,-0.036161008204104,445.261719282053,48.945959527863,15.1675078,288.559,287.547,289.767,0.0743898232584747+0i,0.000632356,20.8653624917527,471.602410799297,24.4631376111024,20.9356600151541,-9.9e+37,491.388,701.683,-9.9e+37
20260514165841.7,705.402007699013,9.7895259,0.55481958,2.0030663,2.7313559,-0.00038843,-0.000710434,0.002395157,1.2090464,0.3971641,0.000635949,0.061992615,4.1310466,0.72161733,288.543,287.533,289.762,6.9,NaN,NaN,NaN,-0.0223373640439348,445.7573652326,53.0972931343486,14.4323466,288.543,287.533,289.762,0.0818591199846539+0i,0.000635949,20.8665759860546,472.014077536236,23.3422158000294,20.9355419407796,-9.9e+37,354.446,591.378,-9.9e+37
20260514165843.7,707.422002777457,9.7895368,0.57971928,2.0028259,2.7317275,-0.000391261,-0.000711196,0.002411927,1.209112,0.36814394,0.000631158,0.095277942,4.1315821,0.73836661,288.548,287.55,289.737,6.85,NaN,NaN,NaN,-0.0375465359254292,446.001573712079,55.5858691441127,14.7673322,288.548,287.55,289.737,0.0610305431826178+0i,0.000631158,20.8725213309647,472.425744273175,23.51996393031,20.9362799728604,-9.9e+37,588.011,700.347,-9.9e+37
20260514165845.7,709.44500528276,9.7894931,0.7803746,2.0027275,2.7316947,-0.000387994,-0.000709998,0.002404304,1.2090573,0.41590598,0.000632029,-0.055244953,4.131593,0.69866658,288.546,287.555,289.754,6.82,NaN,NaN,NaN,-0.0437719207554323,445.980018173525,75.6401676129116,13.9733316,288.546,287.555,289.754,0.0939682110472856+0i,0.000632029,20.8726423473223,471.053104727814,24.4358588160558,20.9356304293199,-9.9e+37,395.888,548.941,-9.9e+37
20260514165847.8,711.476999893785,9.7890887,0.49578403,2.0030663,2.7308203,-0.000387341,-0.00070978,0.002381327,1.2090573,0.10286367,0.000636603,-0.10109613,4.1311996,0.65760143,288.565,287.525,289.724,6.84,NaN,NaN,NaN,-0.0223373640439348,445.405379060348,47.1970431934564,13.1520286,288.565,287.525,289.724,0.0556104486302785+0i,0.000636603,20.8682746560289,472.014077536236,24.4358588160558,20.9362799728604,-9.9e+37,-9.9e+37,749.114,432.738
20260514165849.8,713.504005596042,9.7895477,0.53086707,2.0029024,2.7310826,-0.00038843,-0.000712721,0.002405938,1.2091338,0.11961187,0.000631049,0.046782627,4.1314838,0.63409524,288.581,287.539,289.71,6.84,NaN,NaN,NaN,-0.032706678816723,445.57775765068,50.7033830968929,12.6819048,288.581,287.539,289.71,0.104213261920114+0i,0.000631049,20.8714299632622,472.289356205313,24.5042426447344,20.9346565174524,667.964,297.16,665.907,562.187
20260514165851.8,715.520007535815,9.7893291,0.7104486,2.0027385,2.7300006,-0.000388866,-0.000710978,0.002446774,1.2090027,0.34410848,0.000617219,-0.10477732,4.1309701,0.56339992,288.551,287.517,289.702,6.83,NaN,NaN,NaN,-0.0430759935894969,444.866687750797,68.6514823653476,11.2679984,288.551,287.517,289.702,0.121658383475081+0i,0.000617219,20.8657266510675,471.740050133831,24.5178197619039,20.9346565174524,-9.9e+37,-9.9e+37,-9.9e+37,308.718
20260514165853.8,717.554999515414,9.7893291,0.55201949,2.0027275,2.729946,-0.000387668,-0.000712285,0.002417698,1.2091448,0.15563229,0.000634643,-0.10858625,4.1309482,0.61715609,288.581,287.531,289.705,6.77,NaN,NaN,NaN,-0.0437719207554323,444.830805665276,52.8174408951979,12.3431218,288.581,287.531,289.705,0.11445330801035+0i,0.000634643,20.8654835081104,471.32713213021,23.9709982538907,20.9344203687036,9.9e+37,-9.9e+37,228.303,694.278
20260514165855.9,719.590001553297,9.7888701,0.43042372,2.0030336,2.7296618,-0.000388757,-0.0007088,0.002439151,1.2091229,0.25949777,0.000630178,-0.1113721,4.1312761,0.58516014,288.557,287.523,289.724,6.71,NaN,NaN,NaN,-0.0244061657100048,444.644034809873,40.6646713393076,11.7032028,288.557,287.523,289.724,0.0789570649608434+0i,0.000630178,20.8691239910161,471.190744062353,23.3559174779066,20.9352762061966,9.9e+37,-9.9e+37,-9.9e+37,633.535
20260514165858,721.672005951405,9.7884438,0.55631457,2.0026292,2.7294104,-0.000386688,-0.000711523,0.002388514,1.2090027,0.46325338,0.000635187,0.0181677,4.1311231,0.65102787,288.557,287.523,289.71,6.68,NaN,NaN,NaN,-0.0499909789748756,444.478819493024,53.2467084385023,13.0205574,288.557,287.523,289.71,0.0844624378492387+0i,0.000635187,20.8674253210418,471.740050133831,24.5042426447344,20.9354238664052,9.9e+37,465.729,-9.9e+37,100.221
20260514165900.1,723.793006315827,9.7895587,0.51209137,2.0029571,2.7291263,-0.000387341,-0.000710869,0.002384703,1.208948,0.26664969,0.000632138,0.00535684,4.1302487,0.6096408,288.551,287.542,289.686,6.66,NaN,NaN,NaN,-0.029246022818711,444.292114355726,48.826864239777,12.192816,288.551,287.542,289.686,0.109048568378181+0i,0.000632138,20.8577173666266,472.15171687077,24.4905409668572,20.9344203687036,9.9e+37,530.855,-9.9e+37,192.595
20260514165902.1,725.836004689336,9.7888264,0.67210497,2.0030663,2.7288858,-0.000387014,-0.000709345,0.002427826,1.2089808,0.3009318,0.000632791,-0.17521547,4.1310029,0.60071017,288.565,287.531,289.645,6.66,NaN,NaN,NaN,-0.0223373640439348,444.13406231236,64.8192660034929,12.0142034,288.565,287.531,289.645,0.0927817071363405+0i,0.000632791,20.8660908103822,471.053104727814,24.4358588160558,20.9354534522393,9.9e+37,379.56,-9.9e+37,366.662
20260514165904.3,728.008000552654,9.7887389,0.53358423,2.0029133,2.7287328,-0.000388539,-0.000709345,0.002399513,1.2090683,0.1275615,0.000633227,-0.000436126,4.1313854,0.55068928,288.578,287.523,289.639,6.63,NaN,NaN,NaN,-0.0320170782613616,444.033513611175,50.9749469788148,11.0137856,288.578,287.523,289.639,0.0841980549865959+0i,0.000633227,20.870337485318,472.014077536236,24.5042426447344,20.935364963699,9.9e+37,669.902,-9.9e+37,536.565
20260514165906.4,730.129000917077,9.7888373,0.71558393,2.0030445,2.7284158,-0.000387886,-0.000711741,0.002420856,1.209101,0.23247237,0.000632465,0.00550743,4.1302487,0.5672978,288.57,287.536,289.639,6.66,NaN,NaN,NaN,-0.0237165651546434,443.825187217217,69.1647278679128,11.345956,288.57,287.536,289.639,0.11160592713433+0i,0.000632465,20.8577173666266,472.563383607718,24.5042426447344,20.9349515689075,9.9e+37,660.36,-9.9e+37,368.069
20260514165908.4,732.159999758005,9.7884329,0.40815279,2.0027494,2.7286126,-0.000389519,-0.000708038,0.002376318,1.209101,0.32080199,0.000630069,0.14689264,4.1309045,0.7274936,288.565,287.533,289.618,6.71,NaN,NaN,NaN,-0.0423863930341355,443.954520448545,38.4388251599104,14.549872,288.565,287.533,289.618,0.0756486110781676+0i,0.000630069,20.864998332438,471.876438201693,23.3422158000294,20.9353057920308,1430.519,1142.065,399.896,-9.9e+37
20260514165910.6,734.320006147027,9.7880395,0.76413599,2.0027494,2.7280552,-0.000386252,-0.000712938,0.002415303,1.2090464,0.1093947,0.000630613,-0.000477724,4.1308826,0.51163305,288.567,287.533,289.596,6.73,NaN,NaN,NaN,-0.0423863930341355,443.588207729326,74.0172157187957,10.232661,288.567,287.533,289.596,0.122915853366322+0i,0.000630613,20.8647551894809,471.32713213021,23.3422158000294,20.9348039086989,-9.9e+37,373.17,155.54,394.62
20260514165912.7,736.394999921322,9.7881925,0.46901288,2.0030554,2.7282737,-0.000388103,-0.000711087,0.002416065,1.2090245,0.18946917,0.000632247,0.005449785,4.1304782,0.7163096,288.557,287.536,289.558,6.72,NaN,NaN,NaN,-0.0230269645992962,443.731801789515,44.5214269553573,14.326192,288.557,287.536,289.558,0.0794691120573272+0i,0.000632247,20.860265371588,472.425744273175,23.3831962729532,20.935364963699,761.696,872.294,649.099,370.636
20260514165914.8,738.523000851274,9.7879957,0.41541492,2.002815,2.728077,-0.000390608,-0.00070978,0.002377189,1.2090355,0.35012225,0.000634207,-0.0070286,4.1306094,0.70629647,288.543,287.539,289.544,6.71,NaN,NaN,NaN,-0.0382361364807764,443.602534276292,39.1646315952405,14.1259294,288.543,287.539,289.544,0.0949800390713539+0i,0.000634207,20.861722008847,470.503798656332,23.410599628708,20.9345973457841,-9.9e+37,148.107,649.215,245.329
20260514165916.8,740.559008717537,9.7885204,0.54283459,2.002662,2.7289186,-0.000386905,-0.000710107,0.002432944,1.2090355,0.35706032,0.000627782,0.16381107,4.1307515,0.69411616,288.567,287.544,289.517,6.74,NaN,NaN,NaN,-0.0479158506982031,444.155617850915,51.8994651046429,13.8823232,288.567,287.544,289.517,0.0840799376743925+0i,0.000627782,20.8632996624637,472.701022942252,24.0803625554931,20.9353942805711,-9.9e+37,361.016,383.931,-9.9e+37
20260514165919,742.73400194943,9.7877881,0.67676561,2.0026401,2.7288749,-0.000386034,-0.000711849,0.002434033,1.2090355,0.4353659,0.000634316,-0.001367402,4.1306203,0.76555788,288.529,287.574,289.498,6.68,NaN,NaN,NaN,-0.0493013784195284,444.126899038877,65.2850690812066,15.3111576,288.529,287.574,289.498,0.105249239841853+0i,0.000634316,20.8618430252047,471.602410799297,24.4358588160558,20.9350696432819,-9.9e+37,-9.9e+37,733.607,-9.9e+37
20260514165921.1,744.773007184267,9.7882253,0.38931162,2.0026947,2.7297383,-0.000387014,-0.000712285,0.002363251,1.2091448,0.1306595,0.00063192,0.047875612,4.1308389,0.67119707,288.567,287.566,289.517,6.66,NaN,NaN,NaN,-0.045847049032119,444.694309160465,36.5557629680813,13.4239414,288.567,287.566,289.517,0.0830379134834318+0i,0.00063192,20.8642700138085,471.602410799297,24.5178197619039,20.9348926662013,-9.9e+37,-9.9e+37,620.634,530.528
20260514165923.1,746.824001893401,9.7888155,0.35723819,2.0030663,2.7295088,-0.000384183,-0.000707929,0.002396791,1.2090573,0.35018009,0.00062996,-0.1150032,4.1306422,0.58129065,288.535,287.574,289.504,6.58,NaN,NaN,NaN,-0.0223373640439348,444.543486108688,33.3502155739821,11.625813,288.535,287.574,289.504,0.082374023613401+0i,0.00062996,20.8620861681618,472.563383607718,25.297071551,20.9347154201586,-9.9e+37,-9.9e+37,-9.9e+37,270.203
20260514165925.3,748.977007716894,9.788575,0.61532283,2.0026947,2.7299788,-0.000373838,-0.000709236,0.002424668,1.209112,0.28886714,0.000633663,0.00541577,4.1315165,0.59462875,288.565,287.588,289.495,6.5,NaN,NaN,NaN,-0.045847049032119,444.852361203831,59.1442309072038,11.892575,288.565,287.588,289.495,0.113169844980831+0i,0.000633663,20.8717930123352,471.32713213021,24.5178197619039,20.9346565174524,9.9e+37,153.926,-9.9e+37,330.526
20260514165927.4,751.156004145741,9.7887717,0.57278886,2.0028259,2.7308313,-0.000368067,-0.000706514,0.00237218,1.209112,0.13532232,0.000629198,-0.000660015,4.1309373,0.56842286,288.557,287.577,289.487,6.46,NaN,NaN,NaN,-0.0375465359254292,445.412608051937,54.8932151382577,11.3684572,288.557,287.577,289.487,0.0933826984951634+0i,0.000629198,20.8653624917527,472.425744273175,25.2833698731229,20.9351288149502,9.9e+37,401.228,-9.9e+37,487.734
20260514165929.6,753.30500677228,9.788105,0.35527831,2.0030336,2.730711,-0.000367304,-0.000709345,0.00241356,1.2090573,0.27922176,0.000624733,-0.00739526,4.1310247,0.74871803,288.54,287.604,289.474,6.37,NaN,NaN,NaN,-0.0244061657100048,445.333549171201,33.1543372963315,14.9743606,288.54,287.604,289.474,0.108569302414387+0i,0.000624733,20.8663328430975,471.876438201693,25.297071551,20.9335938480825,9.9e+37,892.735,533.771,370.423
20260514165931.8,755.484003201127,9.7888482,0.6045633,2.0030663,2.7308313,-0.000363275,-0.000709345,0.002420856,1.2090901,0.12985199,0.000632465,-0.000439284,4.1311012,0.53027126,288.562,287.612,289.436,6.67,NaN,NaN,NaN,-0.0223373640439348,445.412608051937,58.0688802710782,10.6054252,288.562,287.612,289.436,0.133840112891295+0i,0.000632465,20.8671821780847,471.740050133831,25.2833698731229,20.9339184853717,-9.9e+37,181.864,-9.9e+37,511.441
20260514165933.8,757.535007968545,9.7894494,0.77008866,2.0027603,2.7311045,-0.000362404,-0.000708365,0.002451238,1.2090901,0.16603936,0.0006329,-0.002952921,4.131593,0.71288313,288.559,287.626,289.471,6.67,NaN,NaN,NaN,-0.0416967924787883,445.592149915751,74.6121494632201,14.2576626,288.559,287.626,289.471,0.131356005418074+0i,0.0006329,20.8726423473223,471.190744062353,25.3244749067544,20.9345088572439,1015.906,668.35,612.537,478.405
20260514165935.9,759.578006342053,9.7895914,0.57699339,2.0030554,2.730875,-0.000366978,-0.0007088,0.002413016,1.2089808,0.41270977,0.000633663,-0.018035605,4.1312324,0.58805846,288.532,287.62,289.493,6.66,NaN,NaN,NaN,-0.0230269645992962,445.441326863974,55.3134327509331,11.7611692,288.532,287.62,289.493,0.108740123848487+0i,0.000633663,20.8686388153437,472.563383607718,25.297071551,20.9346269316183,-9.9e+37,-9.9e+37,-9.9e+37,-9.9e+37
20260514165937.9,761.613008379936,9.7894166,0.60593389,2.0027822,2.7311045,-0.000363711,-0.000707603,0.002409749,1.2091448,0.42639926,0.000630396,-0.021586034,4.131604,0.62309783,288.54,287.631,289.474,6.52,NaN,NaN,NaN,-0.0403112647574631,445.592149915751,58.2058625396687,12.4619566,288.54,287.631,289.474,0.0817440609513133+0i,0.000630396,20.8727644739218,471.740050133831,24.6682890971388,20.9356304293199,1196.77,387.612,-9.9e+37,-9.9e+37
20260514165939.9,763.649006187916,9.7887608,0.58884196,2.0029461,2.7306345,-0.000362404,-0.000708256,0.002402017,1.2090683,0.23220066,0.000629307,0.10922646,4.1310029,0.77754832,288.57,287.618,289.485,6.54,NaN,NaN,NaN,-0.0299419499846891,445.283274820608,56.4976264180058,15.5509664,288.57,287.618,289.485,0.0695983061577111+0i,0.000629307,20.8660908103822,472.289356205313,24.4631376111024,20.9359846524432,9.9e+37,929.992,614.394,220.909
20260514165942,765.707001462579,9.7887827,0.53018724,2.0027494,2.7304815,-0.000362513,-0.000713374,0.002438824,1.2090901,0.11176594,0.000630505,0.060842897,4.131604,0.66255235,288.565,287.626,289.487,6.6,NaN,NaN,NaN,-0.0423863930341355,445.182726119423,50.6354381566439,13.251047,288.565,287.626,289.487,0.0907672338291878+0i,0.000630505,20.8727644739218,471.876438201693,24.5042426447344,20.9351288149502,-9.9e+37,-9.9e+37,607.642,591.382
20260514165944,767.754003033042,9.7887389,0.57682643,2.0026947,2.730405,-0.000360662,-0.000709672,0.002423361,1.209112,0.24703483,0.000630287,0.11882384,4.1315821,0.71395036,288.576,287.637,289.514,6.61,NaN,NaN,NaN,-0.045847049032119,445.132451768831,55.2967460980581,14.2790072,288.576,287.637,289.514,0.0710398336712589+0i,0.000630287,20.8725213309647,471.602410799297,24.4905409668572,20.9359257497371,-9.9e+37,370.78,533.336,306.979
20260514165946.1,769.79700140655,9.7879957,0.49712624,2.0028259,2.7299678,-0.000363275,-0.000708474,0.002408878,1.2090355,0.10932595,0.000630178,-0.061492822,4.1304673,0.62388461,288.557,287.637,289.542,6.57,NaN,NaN,NaN,-0.0375465359254292,444.845132212243,47.331189050879,12.4776922,288.557,287.637,289.542,0.0764643261508385+0i,0.000630178,20.8601443552304,472.975050344657,24.4768392889796,20.9355123549455,-9.9e+37,-9.9e+37,526.57,656.482
20260514165948.1,771.848006173968,9.7879957,0.6943475,2.0028478,2.7293448,-0.000361751,-0.000708909,0.002429459,1.2090683,0.19636246,0.000629633,0.068576006,4.1309373,0.71315922,288.557,287.631,289.582,6.55,NaN,NaN,NaN,-0.036161008204104,444.435708415915,67.042273772842,14.2631844,288.557,287.631,289.582,0.0869498913433675+0i,0.000629633,20.8653624917527,472.15171687077,23.3694945950756,20.9356896009882,311.072,120.843,498.235,462.843
20260514165950.2,773.887001350522,9.7879957,0.46106107,2.002804,2.7293339,-0.000364255,-0.000711414,0.002419985,1.209101,0.42919717,0.00061319,0.094615313,4.1309373,0.69672965,288.54,287.631,289.591,6.55,NaN,NaN,NaN,-0.0389320636467545,444.428545142431,43.7266911312227,13.934593,288.54,287.631,289.591,0.0761071273910974+0i,0.00061319,20.8653624917527,471.464771464754,23.410599628708,20.9354827691113,-9.9e+37,-9.9e+37,267.648,-9.9e+37
20260514165952.2,775.922003388405,9.7881378,0.54767749,2.0028587,2.7292355,-0.000362948,-0.000710216,0.002423361,1.2090792,0.23666487,0.000628871,0.079425265,4.1315712,0.76675714,288.565,287.658,289.58,6.5,NaN,NaN,NaN,-0.0354714076487426,444.363878526768,52.3834839786729,15.3351428,288.565,287.658,289.58,0.0743979351903993+0i,0.000628871,20.872400314607,470.503798656332,23.3694945950756,20.9358076753626,-9.9e+37,377.438,711.706,-9.9e+37
20260514165954.2,777.953002229333,9.7881269,0.54768404,2.0028259,2.7292465,-0.000365235,-0.000705751,0.002406264,1.2090792,0.41011919,0.000630722,0.084602483,4.1315712,0.72519547,288.538,287.648,289.574,6.46,NaN,NaN,NaN,-0.0375465359254292,444.371107518356,52.3841386119763,14.5039094,288.538,287.648,289.574,0.084231310312817+0i,0.000630722,20.872400314607,472.838662276796,23.3559174779066,20.9354238664052,-9.9e+37,265.157,465.952,-9.9e+37
20260514165956.4,780.069999396801,9.7881815,0.48119864,2.0029243,2.7291809,-0.000370027,-0.000708909,0.002407136,1.2090245,0.34844285,0.000631811,-0.00726758,4.1309482,0.75917854,288.557,287.648,289.58,6.38,NaN,NaN,NaN,-0.0313211510953977,444.327996441247,45.7393207451115,15.1835708,288.557,287.648,289.58,0.079069746903527+0i,0.000631811,20.8654835081104,472.15171687077,23.3831962729532,20.9354238664052,-9.9e+37,-9.9e+37,764.459,-9.9e+37
20260514165958.5,782.219002023339,9.7884766,0.49960224,2.0027057,2.7287328,-0.000378738,-0.000711305,0.002412907,1.2089917,0.44721556,0.00061417,0.001992133,4.1315712,0.66656589,288.557,287.642,289.601,6.36,NaN,NaN,NaN,-0.0451511218661693,444.033513611175,47.578650433955,13.3313178,288.557,287.642,289.601,0.0876315475294854+0i,0.00061417,20.872400314607,472.563383607718,24.4495604939334,20.9351288149502,-9.9e+37,-9.9e+37,141.586,233.948
20260514170000.6,784.262000396848,9.7885313,0.54067068,2.0026292,2.7284158,-0.000379718,-0.000712721,0.002384594,1.2090355,0.10812014,0.000628327,-0.030225801,4.1307515,0.66545938,288.57,287.615,289.607,6.36,NaN,NaN,NaN,-0.0499909789748756,443.825187217217,51.6831952494523,13.3091876,288.57,287.615,289.607,0.0977484263263532+0i,0.000628327,20.8632996624637,471.876438201693,24.4768392889796,20.9349219830733,9.9e+37,-9.9e+37,308.501,678.414
20260514170002.6,786.28500290215,9.7888373,0.65105188,2.0028587,2.7286235,-0.00038255,-0.000711196,0.002441764,1.2090464,0.44654773,0.000628762,0.038532805,4.1315165,0.68746185,288.54,287.61,289.607,6.3,NaN,NaN,NaN,-0.0354714076487426,443.961683722028,62.7151356442755,13.749237,288.54,287.61,289.607,0.0748310213180212+0i,0.000628762,20.8717930123352,471.876438201693,23.3694945950756,20.9359846524432,717.903,310.563,-9.9e+37,-9.9e+37
20260514170004.6,788.320004940033,9.7888701,0.6342251,2.0027931,2.7286235,-0.000385163,-0.000711087,0.002394939,1.2090573,0.40007988,0.000634751,-0.017503758,4.1315712,0.62806183,288.54,287.618,289.629,6.28,NaN,NaN,NaN,-0.0396216642021017,443.961683722028,61.0333996783972,12.5612366,288.54,287.618,289.629,0.142169614543422+0i,0.000634751,20.872400314607,472.563383607718,24.4905409668572,20.9337708251631,432.868,-9.9e+37,-9.9e+37,-9.9e+37
20260514170006.6,790.356002748013,9.7887389,0.58580397,2.0028805,2.7281098,-0.000385163,-0.000709454,0.002432182,1.2091338,0.29277156,0.00062898,0.11937583,4.130828,0.781408,288.548,287.582,289.639,6.27,NaN,NaN,NaN,-0.0340922065380482,443.624089814847,56.1939974975006,15.62816,288.548,287.582,289.639,0.104140060333953+0i,0.00062898,20.8641489974508,471.190744062353,24.4631376111024,20.9348630803672,9.9e+37,1002.202,533.536,-9.9e+37
20260514170008.7,792.414008080959,9.7888045,0.50070765,2.0027713,2.7286235,-0.000386905,-0.000711196,0.002432399,1.2090464,0.10570962,0.000626258,0.062484823,4.131604,0.65172517,288.557,287.582,289.629,6.34,NaN,NaN,NaN,-0.0410008653128102,443.961683722028,47.6891295484404,13.0345034,288.557,287.582,289.629,0.0633132938468083+0i,0.000626258,20.8727644739218,471.876438201693,24.531521439781,20.9360142382774,-9.9e+37,224.571,688.949,481.278
20260514170010.8,794.477002322674,9.7891652,0.54846863,2.0026401,2.7281863,-0.000387668,-0.000714027,0.00241759,1.208948,0.11008654,0.000630613,-0.028388734,4.1311122,0.62262206,288.565,287.55,289.645,6.35,NaN,NaN,NaN,-0.0493013784195284,443.67436416544,52.4625536873186,12.4524412,288.565,287.55,289.645,0.129498574767367+0i,0.000630613,20.8673043046841,472.15171687077,24.4768392889796,20.9338593137034,-9.9e+37,-9.9e+37,473.918,710.832
20260514170012.8,796.520000696182,9.7885094,0.51279085,2.0026838,2.7284923,-0.000386361,-0.000711849,0.002413234,1.2090683,0.22707952,0.000628871,0.098124033,4.1303143,0.70231674,288.567,287.566,289.713,6.25,NaN,NaN,NaN,-0.0465366495874946,443.875461567809,48.8967730799361,14.0463348,288.567,287.566,289.713,0.101665424360609+0i,0.000628871,20.8584456852561,472.014077536236,24.4905409668572,20.9346858343244,446.015,241.718,494.62,472.851
20260514170014.9,798.578006029129,9.7886734,0.5966617,2.0026838,2.7290607,-0.000387668,-0.000712938,0.002403542,1.2090245,0.34540814,0.000627891,-0.11203778,4.1315056,0.56874477,288.527,287.582,289.672,6.24,NaN,NaN,NaN,-0.0465366495874946,444.249003278616,57.279162635976,11.3748954,288.527,287.582,289.672,0.0624262955550055+0i,0.000627891,20.8716719959775,471.602410799297,24.4495604939334,20.9362503870262,-9.9e+37,-9.9e+37,-9.9e+37,282.599
20260514170016.9,800.625007599592,9.7892526,0.53585072,2.0027275,2.7287,-0.000387777,-0.000710325,0.002383287,1.2090573,0.43590387,0.000634207,-0.03698788,4.1309482,0.64799096,288.538,287.582,289.661,6.18,NaN,NaN,NaN,-0.0437719207554323,444.01195807262,51.2014690911442,12.9598192,288.538,287.582,289.661,0.0918650567590141+0i,0.000634207,20.8654835081104,472.838662276796,25.0510641527476,20.9350696432819,1481.903,309.049,-9.9e+37,-9.9e+37
20260514170019,802.668005973101,9.7892417,0.72548028,2.0026947,2.7287328,-0.000386361,-0.000713483,0.002391128,1.209101,0.15051661,0.000634751,-0.10909228,4.1309591,0.63125259,288.557,287.574,289.623,6.21,NaN,NaN,NaN,-0.045847049032119,444.033513611175,70.1538088284958,12.6250518,288.557,287.574,289.623,0.0674341441121462+0i,0.000634751,20.865604524468,482.313253559816,25.3380520239239,20.9360438241115,9.9e+37,236.792,209.644,628.206
20260514170021,804.731000214815,9.789504,0.77687394,2.0030336,2.7288312,-0.000388648,-0.000714027,0.002409096,1.2089808,0.16288025,0.000630831,-0.10425484,4.1310794,0.5822171,288.565,287.593,289.615,6.25,NaN,NaN,NaN,-0.0244061657100048,444.098180226839,75.2902975946246,11.644342,288.565,287.593,289.615,0.0856081433383194+0i,0.000630831,20.8669401453694,472.425744273175,23.4925605745557,20.9358665780688,9.9e+37,-9.9e+37,-9.9e+37,781.232
20260514170023.1,806.773002818227,9.7892089,0.58849058,2.002651,2.7289077,-0.000388212,-0.000711632,0.0024373,1.2089808,0.41185424,0.000617437,-0.014525031,4.1313526,0.60724554,288.529,287.607,289.596,6.27,NaN,NaN,NaN,-0.0486117778641528,444.148454577432,56.4625080897404,12.1449108,288.529,287.607,289.596,0.0621327723099322+0i,0.000617437,20.8699733260032,471.740050133831,23.3559174779066,20.9362799728604,9.9e+37,-9.9e+37,-9.9e+37,304.7
20260514170025.1,808.813003823161,9.7891215,0.66044517,2.0026401,2.7293448,-0.00038941,-0.000710652,0.002384159,1.2090136,0.23948352,0.000629089,-0.10982754,4.1311449,0.58375246,288.546,287.601,289.572,6.24,NaN,NaN,NaN,-0.0493013784195284,444.435708415915,63.6539387682793,11.6750492,288.546,287.601,289.572,0.107577555908975+0i,0.000629089,20.8676673537571,472.289356205313,23.3422158000294,20.9349811547416,9.9e+37,183.17,-9.9e+37,615.486
20260514170027.1,810.858999565244,9.789351,0.6528906,2.0030554,2.7295853,-0.00039137,-0.000713047,0.002385139,1.209112,0.4188512,0.000637038,-0.027284317,4.1311559,0.61305635,288.54,287.61,289.561,6.18,NaN,NaN,NaN,-0.0230269645992962,444.59376045928,62.898904704974,12.261127,288.54,287.61,289.561,0.107893998437635+0i,0.000637038,20.8677894803565,472.289356205313,23.3285141221518,20.9349515689075,9.9e+37,430.254,-9.9e+37,280.109
20260514170029.2,812.899000570178,9.7888155,0.59437122,2.002804,2.7298695,-0.00038843,-0.000714463,0.002448516,1.2090464,0.38550539,0.000632465,-0.003646368,4.131593,0.61851358,288.551,287.629,289.558,6.12,NaN,NaN,NaN,-0.0389320636467545,444.780531314684,57.050242866708,12.3702716,288.551,287.629,289.558,0.162173914016679+0i,0.000632465,20.8726423473223,472.425744273175,23.3831962729532,20.9330034762103,9.9e+37,509.708,-9.9e+37,228.642
20260514170031.2,814.94100317359,9.7887499,0.56528775,2.0027166,2.7304269,-0.000386688,-0.000709454,0.002410294,1.2090027,0.18639735,0.000632574,-0.10597026,4.131593,0.60174793,288.548,287.634,289.544,6.12,NaN,NaN,NaN,-0.0444615213108221,445.146844033902,54.143524082036,12.0349586,288.548,287.634,289.544,0.0938701635531539+0i,0.000632574,20.8726423473223,471.876438201693,24.5042426447344,20.9351288149502,9.9e+37,440.963,-9.9e+37,634.834
20260514170033.3,817.020000144839,9.7884548,0.56963303,2.0026401,2.7301208,-0.000388321,-0.000707385,0.002407789,1.2090573,0.15994703,0.000633989,-0.087112156,4.1311777,0.58943122,288.57,287.612,289.542,6.09,NaN,NaN,NaN,-0.0493013784195284,444.945680913427,54.5778088149327,11.7886244,288.57,287.612,289.542,0.144123620806739+0i,0.000633989,20.8680315130718,472.975050344657,23.424176745877,20.9334757737081,9.9e+37,285.694,-9.9e+37,834.265
20260514170035.3,819.059005379677,9.7886078,0.59895766,2.0026729,2.7303176,-0.000387559,-0.000711087,0.002398642,1.2089917,0.37271509,0.000632356,0.11421691,4.1315493,0.7190584,288.538,287.626,289.569,6.08,NaN,NaN,NaN,-0.047226250142856,445.075014144755,57.5086300984506,14.381168,288.538,287.626,289.569,0.0945500087938245+0i,0.000632356,20.8721571716499,483.82353243972,24.4358588160558,20.9349515689075,9.9e+37,909.774,153.314,297.698
20260514170037.4,821.11700065434,9.7895805,0.47165038,2.0029352,2.7310061,-0.000387559,-0.000711741,0.002409858,1.2090355,0.17452585,0.000630178,-0.11483736,4.13144,0.55203913,288.565,287.61,289.555,6.01,NaN,NaN,NaN,-0.0306315505400363,445.527483300088,44.785029296982,11.0407826,288.565,287.61,289.555,0.138093291893275+0i,0.000630178,20.870943677348,470.777826058737,24.408455460301,20.9332100391251,-9.9e+37,-9.9e+37,177.017,612.874
20260514170039.5,823.176001757383,9.7892636,0.69002624,2.0026838,2.7305908,-0.000388757,-0.000709672,0.002432182,1.2090901,0.45782339,0.000633771,-0.025596437,4.130981,0.65252722,288.532,287.648,289.574,6.02,NaN,NaN,NaN,-0.0465366495874946,445.25455600857,66.6103896952043,13.0505444,288.532,287.648,289.574,0.114787447956032+0i,0.000633771,20.8658476674251,470.641437990875,25.297071551,20.9348039086989,1194.207,455.009,-9.9e+37,-9.9e+37
20260514170041.5,825.219000130892,9.7894712,0.75830228,2.0029243,2.7306017,-0.000390499,-0.000710543,0.002442418,1.2090792,0.41834924,0.000633118,-0.02315304,4.1303362,0.64024433,288.529,287.648,289.58,6.02,NaN,NaN,NaN,-0.0313211510953977,445.261719282053,73.4341713144888,12.8048866,288.529,287.648,289.58,0.1599779621792+0i,0.000633118,20.8586888282132,471.32713213021,25.2833698731229,20.9336527507887,895.585,433.735,-9.9e+37,-9.9e+37
20260514170043.6,827.266001701355,9.7895805,0.47304389,2.002968,2.7310061,-0.000390063,-0.000711523,0.002406482,1.2089808,0.42148437,0.000633445,-0.024260397,4.1313635,0.63518538,288.551,287.645,289.58,6.03,NaN,NaN,NaN,-0.0285564222633639,445.527483300088,44.9243022824142,12.7037076,288.551,287.645,289.58,0.106952381929044+0i,0.000633445,20.8700943423609,482.175614225282,25.2833698731229,20.9340954624523,1546.36,571.934,-9.9e+37,-9.9e+37
20260514170045.6,829.293007403612,9.7894056,0.5347955,2.0026729,2.7309733,-0.000388866,-0.000709672,0.002402453,1.2090683,0.42804811,0.000635187,-0.034671238,4.1315603,0.64302151,288.538,287.634,289.596,6.04,NaN,NaN,NaN,-0.047226250142856,445.505927761533,51.0960061668109,12.8604302,288.538,287.634,289.596,0.137193143315907+0i,0.000635187,20.8722792982494,483.411865702781,24.4631376111024,20.9332985276654,1629.961,643.195,-9.9e+37,-9.9e+37
20260514170047.7,831.375001743436,9.7888592,0.58688974,2.0030226,2.7309078,-0.000386034,-0.000711849,0.002370329,1.209112,0.14894197,0.000634643,0.000986702,4.1313307,0.73879983,288.565,287.612,289.61,5.98,NaN,NaN,NaN,-0.0251020928759687,445.462882402529,56.3025137115161,14.7759966,288.565,287.612,289.61,0.148793703577424+0i,0.000634643,20.8697301830461,484.236450443341,24.5042426447344,20.9331215505848,9.9e+37,982.81,580.407,411.337
20260514170049.7,833.418000116944,9.7884438,0.58197157,2.002662,2.7306673,-0.000391044,-0.000709889,0.002409531,1.2089262,0.15738701,0.000625604,-0.11256135,4.1311122,0.54490574,288.532,287.601,289.591,5.99,NaN,NaN,NaN,-0.0479158506982031,445.304830359163,55.8109720514181,10.8981148,288.532,287.601,289.591,0.137596391262096+0i,0.000625604,20.8673043046841,483.137838300376,23.3694945950756,20.9335346764142,-9.9e+37,-9.9e+37,220.3,655.267
20260514170051.8,835.488004982471,9.7886843,0.66923721,2.002804,2.7305799,-0.000389519,-0.00071479,0.002416936,1.2089262,0.13537688,0.000636385,-0.028642243,4.1309482,0.60224008,288.554,287.599,289.631,5.95,NaN,NaN,NaN,-0.0389320636467545,445.247392735087,64.5326505527943,12.0448016,288.554,287.599,289.631,0.0968794036344893+0i,0.000636385,20.8654835081104,483.411865702781,23.3559174779066,20.935099229116,9.9e+37,-9.9e+37,217.209,830.696
20260514170053.8,837.53100335598,9.7881597,0.5883891,2.0029898,2.7302629,-0.00038843,-0.000710216,0.002365538,1.2089699,0.12440564,0.000633336,-0.008782099,4.1312761,0.59995941,288.57,287.607,289.631,5.9,NaN,NaN,NaN,-0.0271772211526553,445.039066341129,56.4523657710188,11.9991882,288.57,287.607,289.631,0.116089755529395+0i,0.000633336,20.8691239910161,482.862559631299,23.3694945950756,20.934272708495,1591.878,-9.9e+37,120.409,859.851
20260514170056,839.671999588609,9.7881597,0.62679928,2.0030008,2.7303285,-0.000388866,-0.000712503,0.002409749,1.2089152,0.20291095,0.000636385,0.00475994,4.1309482,0.55969738,288.551,287.599,289.639,5.81,NaN,NaN,NaN,-0.0264812939866772,445.082177418239,60.2912334071238,11.1939476,288.551,287.599,289.639,0.0995707438446719+0i,0.000636385,20.8654835081104,482.862559631299,23.3694945950756,20.9349219830733,9.9e+37,189.289,-9.9e+37,572.179
20260514170058.1,841.809002682567,9.788116,0.60241904,2.0030336,2.7300443,-0.00039137,-0.000708691,0.002431093,1.2090683,0.34683438,0.000638672,-0.00461347,4.1310794,0.75309276,288.532,287.599,289.615,5.81,NaN,NaN,NaN,-0.0244061657100048,444.895406562835,57.8545743157977,15.0618552,288.532,287.599,289.615,0.112322090617024+0i,0.000638672,20.8669401453694,482.175614225282,22.6586266346585,20.9344792714097,1089.433,554.269,482.016,280.657
20260514170100.2,843.867008015513,9.7881378,0.44319766,2.0030773,2.7295525,-0.000390826,-0.000714245,0.002449823,1.2090901,0.139421,0.000631594,-0.021188675,4.1304673,0.61949459,288.567,287.585,289.618,5.8,NaN,NaN,NaN,-0.0216414368779709,444.572204920726,41.9413502002645,12.3898918,288.567,287.585,289.618,0.126381281111156+0i,0.000631594,20.8601443552304,482.862559631299,23.3694945950756,20.9332689418312,511.274,-9.9e+37,341.277,711.991
20260514170102.2,845.910006389022,9.7888373,0.53900437,2.0028368,2.7298695,-0.000390608,-0.000707603,0.002400166,1.2089808,0.12817805,0.000630178,0.030152966,4.1308608,0.63798657,288.559,287.585,289.599,5.8,NaN,NaN,NaN,-0.0368569353700678,444.780531314684,51.5166575365148,12.7597314,288.559,287.585,289.599,0.0821796020208731+0i,0.000630178,20.8645131567656,483.137838300376,24.4631376111024,20.9352173034905,1407.816,-9.9e+37,358.206,770.924
20260514170104.3,847.973000630736,9.7885094,0.68372331,2.0026401,2.7295634,-0.000388321,-0.000712067,0.002393741,1.2088934,0.12897355,0.000634643,0.031433576,4.1306313,0.63902869,288.557,287.566,289.574,5.87,NaN,NaN,NaN,-0.0493013784195284,444.579368194209,65.9804495598122,12.7805738,288.557,287.566,289.574,0.0918378656953398+0i,0.000634643,20.8619651518042,483.54950503732,25.2423894001986,20.9352173034905,950.937,-9.9e+37,378.768,757.734
20260514170106.3,850.016009062529,9.7888701,0.52116713,2.0030336,2.7296071,-0.000387232,-0.000712721,0.00241759,1.2089808,0.26735026,0.000631376,-0.11437847,4.1305001,0.58824833,288.551,287.588,289.582,5.78,NaN,NaN,NaN,-0.0244061657100048,444.608087006247,49.7339321404495,11.7649666,288.551,287.588,289.582,0.0928992770550539+0i,0.000631376,20.8605085145451,483.961171774259,25.3244749067544,20.9347450059927,245.974,-9.9e+37,-9.9e+37,559.847
20260514170108.3,852.051001042128,9.7888701,0.53020469,2.0028696,2.7298476,-0.000390717,-0.000710978,0.002439369,1.2089808,0.16276567,0.000634643,-0.07183003,4.1308061,0.62303891,288.565,287.591,289.629,5.79,NaN,NaN,NaN,-0.0347818070933954,444.766139049612,50.6371821797193,12.4607782,288.565,287.591,289.629,0.0951071391673634+0i,0.000634643,20.8639058544937,483.137838300376,25.297071551,20.9347154201586,9.9e+37,-9.9e+37,-9.9e+37,832.28
20260514170110.5,854.199007898569,9.7888701,0.81205189,2.0030008,2.7303285,-0.000391915,-0.000710216,0.002414976,1.2089808,0.30500317,0.000615804,0.00562201,4.1302378,0.58608878,288.559,287.588,289.667,5.78,NaN,NaN,NaN,-0.0264812939866772,445.082177418239,78.8061231845989,11.7217756,288.559,287.588,289.667,0.160175191342425+0i,0.000615804,20.857596350269,484.236450443341,24.5178197619039,20.9335642622484,9.9e+37,-9.9e+37,-9.9e+37,492.889
20260514170112.5,856.250002607703,9.7888482,0.4102916,2.0030773,2.7301646,-0.000390172,-0.000713374,0.002455376,1.208959,0.28464518,0.000636276,-0.15909585,4.1303471,0.61548324,288.557,287.604,289.694,5.76,NaN,NaN,NaN,-0.0216414368779709,444.974465443571,38.6525864203049,12.3096648,288.557,287.604,289.694,0.109096190002492+0i,0.000636276,20.8588098445709,483.137838300376,25.297071551,20.9336823366228,9.9e+37,-9.9e+37,-9.9e+37,534.558
20260514170114.6,858.313006907701,9.7885969,0.60838043,2.0027494,2.7305799,-0.000390826,-0.000712176,0.002449496,1.2090136,0.33006983,0.000634207,0.1752046,4.1309701,0.7488839,288.543,287.615,289.716,5.75,NaN,NaN,NaN,-0.0423863930341355,445.247392735087,58.4503795720397,14.977678,288.543,287.615,289.716,0.144231981009247+0i,0.000634207,20.8657266510675,483.000198965837,25.3107732288772,20.9333576993336,9.9e+37,964.733,134.056,134.141
20260514170116.7,860.383001714945,9.7888701,0.58884523,2.0029133,2.7310498,-0.000390063,-0.000711958,0.002384159,1.2089262,0.20690375,0.000632791,0.10965114,4.1313745,0.73342225,288.551,287.585,289.737,5.73,NaN,NaN,NaN,-0.0320170782613616,445.556202112125,56.4979532349374,14.668445,288.551,287.585,289.737,0.147715063236328+0i,0.000632791,20.8702164689603,482.450892894359,25.1604284543505,20.9331804532909,-9.9e+37,715.063,608.254,178.764
20260514170118.7,862.445000186563,9.7893401,0.61354522,2.0027713,2.731028,-0.000390281,-0.000712721,0.002366953,1.2089043,0.13656525,0.000635078,-0.14599017,4.1309482,0.60585204,288.562,287.612,289.729,5.68,NaN,NaN,NaN,-0.0410008653128102,445.541875565159,58.9665694253098,12.1170408,288.562,287.612,289.729,0.14955710976124+0i,0.000635078,20.8654835081104,482.862559631299,24.4905409668572,20.9332396249592,-9.9e+37,-9.9e+37,508.188,607.049
20260514170120.9,864.617006108165,9.7894931,0.66023238,2.002968,2.7312684,-0.000389628,-0.000711958,0.002424668,1.208959,0.15370191,0.000632574,-0.000738964,4.1314072,0.52160144,288.554,287.62,289.718,5.63,NaN,NaN,NaN,-0.0285564222633639,445.699861890419,63.6326716811611,10.4320288,288.554,287.62,289.718,0.168680637376764+0i,0.000632574,20.8705795180333,483.000198965837,24.4631376111024,20.9328262301676,969.347,-9.9e+37,-9.9e+37,684.726
20260514170123,866.680000349879,9.7887171,0.60614667,2.0026947,2.7316073,-0.000391261,-0.000712176,0.002430766,1.2089371,0.11923322,0.00063584,0.047839241,4.1315165,0.6493801,288.573,287.62,289.718,5.61,NaN,NaN,NaN,-0.045847049032119,445.922580549449,58.2271286273467,12.987602,288.573,287.62,289.718,0.134080793321654+0i,0.00063584,20.8717930123352,484.098811108797,24.531521439781,20.9336823366228,9.9e+37,304.296,331.71,766.948
20260514170125.1,868.770001083612,9.7888373,0.50118124,2.002804,2.7317493,-0.000390063,-0.000709889,0.002414867,1.2088715,0.45933038,0.000631594,0.074350407,4.1309045,0.67202313,288.529,287.645,289.707,5.57,NaN,NaN,NaN,-0.0389320636467545,446.015900259046,47.7364620348746,13.4404626,288.529,287.645,289.707,0.124642929692915+0i,0.000631594,20.864998332438,482.862559631299,24.4768392889796,20.9335938480825,255.823,355.257,-9.9e+37,-9.9e+37
20260514170127.2,870.902005210519,9.7888264,0.47216982,2.002815,2.7312138,-0.000391806,-0.000712394,0.002403542,1.2089371,0.28029226,0.000630396,-0.00719665,4.1303908,0.74016714,288.532,287.648,289.694,5.54,NaN,NaN,NaN,-0.0382361364807764,445.663979804898,44.8369442165397,14.8033428,288.532,287.648,289.694,0.124905321681413+0i,0.000630396,20.8592950202433,482.724920296755,25.2833698731229,20.9334166020398,775.5,607.939,612.917,258.918
20260514170129.3,872.981002181768,9.7881706,0.53483151,2.002968,2.7309952,-0.000391261,-0.000715552,0.002398424,1.208959,0.33438236,0.000633771,0.16905989,4.1305657,0.71809812,288.543,287.658,289.721,5.54,NaN,NaN,NaN,-0.0285564222633639,445.520320026604,51.0996051508192,14.3619624,288.543,287.658,289.721,0.113782296629018+0i,0.000633771,20.8612368331747,482.450892894359,24.5178197619039,20.9341250482864,-9.9e+37,482.005,462.556,-9.9e+37
20260514170131.4,875.125005841255,9.7878646,0.4960612,2.0026292,2.7306892,-0.000390717,-0.000711196,0.002396464,1.2090136,0.19634828,0.000629633,0.001679821,4.1308826,0.56211882,288.565,287.653,289.688,5.47,NaN,NaN,NaN,-0.0499909789748756,445.319222624235,47.2247446763107,11.2423764,288.565,287.653,289.688,0.125965966809414+0i,0.000629633,20.8647551894809,483.687144371858,24.5042426447344,20.9335050905801,-9.9e+37,-9.9e+37,181.656,216.247
20260514170133.5,877.176000550389,9.7877553,0.46411327,2.002662,2.7300662,-0.000389955,-0.000709672,0.002462672,1.2088715,0.44329587,0.000629851,-0.017150937,4.1303252,0.69310241,288.538,287.667,289.664,5.43,NaN,NaN,NaN,-0.0479158506982031,444.909798827907,44.0317402561922,13.8620482,288.538,287.667,289.664,0.172870637649559+0i,0.000629851,20.8585667016137,484.236450443341,24.4358588160558,20.9315865837171,-9.9e+37,644.984,260.922,-9.9e+37
20260514170135.5,879.238009080291,9.788881,0.55971266,2.0030554,2.7302629,-0.000393548,-0.000713265,0.002439586,1.2089699,0.36250882,0.00063192,0.11224068,4.1312324,0.75871149,288.559,287.648,289.65,5.44,NaN,NaN,NaN,-0.0230269645992962,445.039066341129,53.5863271990906,15.1742298,288.559,287.648,289.65,0.164304058163374+0i,0.00063192,20.8686388153437,483.000198965837,24.4768392889796,20.9325015928785,-9.9e+37,904.205,625.216,-9.9e+37
20260514170137.6,881.297000125051,9.7888701,0.4796993,2.0029024,2.730405,-0.000389083,-0.000712394,0.002411927,1.2090245,0.43605228,0.000612319,-0.03995332,4.1314838,0.65570706,288.54,287.631,289.686,5.45,NaN,NaN,NaN,-0.032706678816723,445.132451768831,45.5894706844891,13.1141412,288.54,287.631,289.686,0.120716220171091+0i,0.000612319,20.8714299632622,482.450892894359,23.3285141221518,20.9336823366228,-9.9e+37,350.2,336.259,-9.9e+37
20260514170139.6,883.336005359888,9.7886297,0.58377756,2.0027494,2.729946,-0.000390935,-0.000712176,0.002416609,1.2089808,0.27143146,0.000632138,0.11500837,4.1302378,0.75380861,288.559,287.626,289.713,5.41,NaN,NaN,NaN,-0.0423863930341355,444.830805665276,55.9914699444801,15.0761722,288.559,287.626,289.713,0.154838868921976+0i,0.000632138,20.857596350269,484.372838511202,23.3694945950756,20.9329443045421,-9.9e+37,896.3,750,-9.9e+37
20260514170141.7,885.395006462932,9.7887062,0.68610546,2.0026838,2.7297055,-0.000390499,-0.00071283,0.002423905,1.2089262,0.13437623,0.000631811,-0.11192889,4.1315603,0.60348626,288.557,287.601,289.716,5.37,NaN,NaN,NaN,-0.0465366495874946,444.672753621911,66.218531197007,12.0697252,288.557,287.601,289.716,0.168210451126099+0i,0.000631811,20.8722792982494,483.274226368238,22.5356852158861,20.9330034762103,-9.9e+37,-9.9e+37,572.956,476.397
20260514170143.8,887.465001270175,9.7884766,0.51760208,2.0026401,2.7294651,-0.000391588,-0.000711632,0.002391346,1.2088934,0.15119645,0.000632682,0.008624963,4.1305329,0.67789394,288.548,287.612,289.713,5.35,NaN,NaN,NaN,-0.0493013784195284,444.51476729665,49.3776267269863,13.5578788,288.548,287.612,289.713,0.165175066391903+0i,0.000632682,20.8608726738599,483.274226368238,22.7407121412143,20.9322950299637,1072.318,328.593,612.136,601.569
20260514170145.8,889.512002840638,9.7888155,0.5631293,2.0027713,2.7298585,-0.000390717,-0.000710978,0.002446882,1.2089043,0.38852812,0.000627564,-0.038352557,4.1315821,0.58194975,288.54,287.593,289.71,5.38,NaN,NaN,NaN,-0.0410008653128102,444.773302323096,53.9277999211716,11.638995,288.54,287.593,289.71,0.13323809698358+0i,0.000627564,20.8725213309647,481.352280751399,22.9867195394663,20.9336527507887,-9.9e+37,-9.9e+37,-9.9e+37,228.848
20260514170147.9,891.578004509211,9.7879411,0.53994719,2.0027275,2.729323,-0.000392459,-0.000709672,0.002436102,1.2089371,0.45876512,0.000635187,-0.067471607,4.1309591,0.67419468,288.543,287.607,289.71,5.34,NaN,NaN,NaN,-0.0437719207554323,444.421381868948,51.6108867534743,13.4838936,288.543,287.607,289.71,0.144051848515076+0i,0.000635187,20.865604524468,483.54950503732,23.3559174779066,20.9331215505848,1315.611,450.998,-9.9e+37,-9.9e+37
20260514170149.9,893.625006079674,9.7883236,0.56371201,2.0026292,2.7295634,-0.000392568,-0.00071283,0.002404631,1.2090027,0.14721564,0.00063388,-0.004396332,4.1313307,0.71224585,288.557,287.601,289.716,5.35,NaN,NaN,NaN,-0.0499909789748756,444.579368194209,53.9860382986079,14.244917,288.557,287.601,289.716,0.136997480057962+0i,0.00063388,20.8697301830461,483.137838300376,23.3968979508304,20.9334757737081,1642.659,841.231,665.506,329.421
20260514170152,895.676000788808,9.788881,0.57090104,2.0029133,2.729793,-0.000393113,-0.000714899,0.002366409,1.2089808,0.24473124,0.000634534,-0.11891079,4.1309591,0.57297765,288.551,287.612,289.697,5.35,NaN,NaN,NaN,-0.0320170782613616,444.730256964091,54.7045388263843,11.459553,288.551,287.612,289.697,0.13757912685228+0i,0.000634534,20.865604524468,481.901586822877,24.5042426447344,20.9334757737081,-9.9e+37,-9.9e+37,234.691,489.393
20260514170154,897.734006121755,9.7887389,0.55813038,2.0028805,2.7293558,-0.00039235,-0.000708147,0.002366191,1.2089043,0.45155865,0.000612755,0.097038455,4.1302487,0.69305112,288.54,287.607,289.683,5.3,NaN,NaN,NaN,-0.0340922065380482,444.442937407503,53.4281877817992,13.8610224,288.54,287.607,289.683,0.133306779325634+0i,0.000612755,20.8577173666266,483.274226368238,24.531521439781,20.9335346764142,1258.424,567.513,-9.9e+37,-9.9e+37
20260514170156.2,899.870999157429,9.7887827,0.71009504,2.0029898,2.7293995,-0.000392895,-0.000714027,0.002405067,1.2089808,0.30594817,0.000637038,-0.00728832,4.130358,0.77185427,288.546,287.631,289.667,5.25,NaN,NaN,NaN,-0.0271772211526553,444.471656219541,68.6161461591278,15.4370854,288.546,287.631,289.667,0.187166423139963+0i,0.000637038,20.8589308609285,482.724920296755,25.2833698731229,20.9324424212102,454.34,588.823,662.182,147.349
20260514170158.3,902.043005079031,9.7884438,0.7185357,2.002662,2.7294213,-0.000390826,-0.000715334,0.002440566,1.2089043,0.45977015,0.000634969,-0.001176835,4.1307733,0.77283419,288.538,287.626,289.683,5.22,NaN,NaN,NaN,-0.0479158506982031,444.485982766507,69.4597396153773,15.4566838,288.538,287.626,289.683,0.156375111618798+0i,0.000634969,20.863541695179,484.236450443341,24.4358588160558,20.9333870162057,-9.9e+37,-9.9e+37,640.838,-9.9e+37
20260514170200.4,904.09800298512,9.7888264,0.61450986,2.0030663,2.730088,-0.000394093,-0.00071076,0.002409313,1.2088169,0.40956485,0.000636929,-0.005204445,4.130358,0.61496381,288.535,287.631,289.691,5.19,NaN,NaN,NaN,-0.0223373640439348,444.924125374873,59.0629794206936,12.2992762,288.535,287.631,289.691,0.162394566682216+0i,0.000636929,20.8589308609285,484.510477845737,24.4768392889796,20.9327966443335,-9.9e+37,-9.9e+37,-9.9e+37,-9.9e+37
20260514170202.4,906.137008219957,9.7884548,0.604141,2.002651,2.7300225,-0.000393875,-0.000713047,0.002434142,1.2088825,0.34528592,0.000635514,0.11518826,4.1304017,0.73978739,288.557,287.65,289.697,5.21,NaN,NaN,NaN,-0.0486117778641528,444.881080015869,58.0266739132135,14.7957478,288.557,287.65,289.697,0.138986641961206+0i,0.000635514,20.8594160366009,483.274226368238,24.4495604939334,20.9335346764142,9.9e+37,827.413,445.47,-9.9e+37
20260514170204.6,908.293001353741,9.7884438,0.54042843,2.0026401,2.7300771,-0.00039235,-0.00071283,0.002429895,1.208959,0.30909528,0.000627891,-0.00743891,4.1308936,0.75640573,288.524,287.661,289.71,5.16,NaN,NaN,NaN,-0.0493013784195284,444.91696210139,51.6589838116291,15.1281146,288.524,287.661,289.71,0.143756908863409+0i,0.000627891,20.8648773160803,484.098811108797,23.3422158000294,20.9331215505848,-9.9e+37,369.291,758.26,-9.9e+37
20260514170206.6,910.332006588578,9.7884438,0.53449759,2.002662,2.7300662,-0.000392568,-0.000714136,0.002429895,1.2089371,0.19492641,0.000636276,0.13796966,4.1305329,0.72287989,288.562,287.653,289.721,5.15,NaN,NaN,NaN,-0.0479158506982031,444.909798827907,51.0662318450693,14.4575978,288.562,287.653,289.721,0.157457436241385+0i,0.000636276,20.8608726738599,484.098811108797,23.3422158000294,20.9326196672529,-9.9e+37,407.888,692.672,274.047
20260514170208.7,912.379008159041,9.7887608,0.77397016,2.0029352,2.7305908,-0.000391588,-0.000715007,0.00239483,1.2088606,0.19945284,0.000635296,0.12427142,4.1302487,0.71122664,288.551,287.661,289.745,5.15,NaN,NaN,NaN,-0.0306315505400363,445.25455600857,75.0000821604775,14.2245328,288.551,287.661,289.745,0.186102873466117+0i,0.000635296,20.8577173666266,483.411865702781,23.3831962729532,20.9327673274615,-9.9e+37,287.661,706.753,139.074
20260514170210.7,914.438009262085,9.7888482,0.60136709,2.0029898,2.7309843,-0.000392786,-0.000714027,0.002420203,1.2089262,0.30522578,0.000628327,0.14689482,4.1305875,0.70521834,288.543,287.669,289.737,5.13,NaN,NaN,NaN,-0.0271772211526553,445.513156753121,57.749438208396,14.1043668,288.543,287.669,289.737,0.148479613575947+0i,0.000628327,20.8614788658899,482.588532228898,23.3148124442741,20.9332689418312,-9.9e+37,253.099,631.098,-9.9e+37
20260514170212.8,916.473001241684,9.7887717,0.53470383,2.002968,2.7306345,-0.000393875,-0.000714463,0.002397008,1.2089043,0.15856226,0.000636058,-0.15630665,4.1302487,0.61476739,288.559,287.661,289.726,5.12,NaN,NaN,NaN,-0.0285564222633639,445.283274820608,51.0868442988842,12.2953478,288.559,287.661,289.726,0.176171788427833+0i,0.000636058,20.8577173666266,482.862559631299,23.3831962729532,20.9319997095466,-9.9e+37,-9.9e+37,634.789,422.189
20260514170214.8,918.531006574631,9.7894384,0.56346758,2.0026947,2.731028,-0.000394855,-0.000712067,0.002401037,1.208948,0.30668912,0.000634207,-0.15394523,4.1308936,0.59253359,288.527,287.669,289.71,5.06,NaN,NaN,NaN,-0.045847049032119,445.541875565159,53.9616089828303,11.8506718,288.527,287.669,289.71,0.157921039172328+0i,0.000634207,20.8648773160803,483.137838300376,25.2423894001986,20.9327081557932,662.349,-9.9e+37,-9.9e+37,527.641
20260514170217,920.731004700065,9.789351,0.58112696,2.0026729,2.7315089,-0.000395617,-0.000709454,0.002397008,1.2088606,0.12863855,0.000634425,-0.000379936,4.1304236,0.54940709,288.559,287.669,289.735,4.99,NaN,NaN,NaN,-0.047226250142856,445.857913933785,55.7265583362486,10.9881418,288.559,287.669,289.735,0.154621675295169+0i,0.000634425,20.859659179558,483.411865702781,26.4316950399507,20.9328558160018,9.9e+37,185.066,-9.9e+37,629.273
20260514170219.1,922.797006368637,9.7888482,0.51545673,2.0028915,2.7316838,-0.000395944,-0.000710216,0.002391564,1.2088606,0.24076025,0.000637692,-0.11534916,4.1307733,0.51909489,288.543,287.677,289.74,5,NaN,NaN,NaN,-0.0333962793720701,445.972854900042,49.1632118327287,10.3818978,288.543,287.677,289.74,0.146105403543387+0i,0.000637692,20.863541695179,483.000198965837,27.5116363780999,20.9327966443335,9.9e+37,118.622,155.038,605.612
20260514170221.1,924.840004742146,9.7892198,0.55150334,2.0026401,2.7313668,-0.000393766,-0.000714572,0.002413887,1.208948,0.25170094,0.000637147,-0.10765149,4.1305547,0.59143799,288.557,287.667,289.751,4.97,NaN,NaN,NaN,-0.0493013784195284,445.764528506083,52.7658547914521,11.8287598,288.557,287.667,289.751,0.149079913986019+0i,0.000637147,20.8611147065752,483.82353243972,27.5253380559775,20.9328558160018,9.9e+37,-9.9e+37,-9.9e+37,704.641
20260514170223.2,926.902003213763,9.7894056,0.62076588,2.0028915,2.7312247,-0.000392895,-0.000709998,0.002396028,1.2088825,0.25175769,0.000632247,-0.10120949,4.1309591,0.60617068,288.538,287.653,289.726,4.99,NaN,NaN,NaN,-0.0333962793720701,445.671143078382,59.6882311823054,12.1234136,288.538,287.653,289.726,0.149337412577272+0i,0.000632247,20.865604524468,495.084932538403,27.5253380559775,20.9329147187079,9.9e+37,-9.9e+37,-9.9e+37,743.445
20260514170225.4,929.063005372882,9.7887171,0.44622254,2.0027822,2.7312138,-0.000393004,-0.000709454,0.002407244,1.2088934,0.30931134,0.000631376,0.00562638,4.1313089,0.57355491,288.551,287.645,289.721,5.01,NaN,NaN,NaN,-0.0403112647574631,445.663979804898,42.2436688547228,11.4710982,288.551,287.645,289.721,0.130061333790228+0i,0.000631376,20.8694881503308,494.123959729982,28.3729736737523,20.9327377416273,9.9e+37,282.141,-9.9e+37,572.755
20260514170227.6,931.273001432419,9.7893619,0.61137804,2.002662,2.7315417,-0.000393221,-0.000711741,0.002430004,1.2088934,0.15793153,0.000631485,-0.000505275,4.1311012,0.58357677,288.57,287.664,289.683,4.91,NaN,NaN,NaN,-0.0479158506982031,445.87946947234,58.7499727531876,11.6715354,288.57,287.664,289.683,0.126807092313363+0i,0.000631485,20.8671821780847,494.123959729982,28.3729736737523,20.9335938480825,9.9e+37,386.024,-9.9e+37,631.963
20260514170229.6,933.324006199837,9.7895368,0.49969172,2.0030554,2.731334,-0.000393875,-0.000711523,0.002385139,1.2088059,0.13445916,0.000637692,0.013658226,4.1311012,0.70605422,288.576,287.645,289.634,4.96,NaN,NaN,NaN,-0.0230269645992962,445.742972967529,47.5875934244871,14.1210844,288.576,287.645,289.634,0.128276579407979+0i,0.000637692,20.8671821780847,493.848681060904,27.5116363780999,20.9331215505848,9.9e+37,857.83,359.267,656.438
20260514170231.7,935.375000908971,9.7895149,0.54900115,2.0027603,2.7323177,-0.000394093,-0.000708691,0.002380565,1.2087513,0.21679137,0.000638345,0.096446935,4.131593,0.70757539,288.559,287.65,289.61,4.93,NaN,NaN,NaN,-0.0416967924787883,446.389441969853,52.5157758746028,14.1515078,288.559,287.65,289.61,0.112903800688737+0i,0.000638345,20.8726423473223,494.123959729982,27.5527414117323,20.9338593137034,212.553,550.829,457.349,420.844
20260514170233.7,937.434002012014,9.7892089,0.6040286,2.0026401,2.7320116,-0.00039431,-0.000710216,0.002387317,1.2088169,0.32620797,0.000631594,0.111974,4.1312542,0.71983536,288.557,287.669,289.62,4.94,NaN,NaN,NaN,-0.0493013784195284,446.188278849378,58.0154402058396,14.3967072,288.557,287.669,289.62,0.127520626930934+0i,0.000631594,20.868880848059,494.947293203865,26.4179933620735,20.9335938480825,-9.9e+37,407.519,501.882,-9.9e+37
20260514170235.8,939.508000016212,9.7888482,0.48336038,2.0028478,2.7323723,-0.00039431,-0.000711958,0.002394395,1.2088715,0.11043464,0.000632791,0.038641374,4.1315603,0.647178,288.559,287.669,289.634,4.87,NaN,NaN,NaN,-0.036161008204104,446.425324055374,45.9553737217878,12.94356,288.559,287.669,289.634,0.108622143429611+0i,0.000632791,20.8722792982494,493.986320395443,25.3244749067544,20.9338299968314,-9.9e+37,-9.9e+37,703.578,521.966
20260514170237.8,941.55900478363,9.7886515,0.55454677,2.0027822,2.7312138,-0.000392677,-0.000709889,0.002393306,1.2088606,0.2236727,0.000632791,-0.11758717,4.1309482,0.54703803,288.535,287.667,289.65,4.86,NaN,NaN,NaN,-0.0403112647574631,445.663979804898,53.0700274074031,10.9407606,288.535,287.667,289.65,0.125843922221571+0i,0.000632791,20.8654835081104,494.809653869326,25.3107732288772,20.9335050905801,-9.9e+37,-9.9e+37,-9.9e+37,643.24
20260514170239.9,943.621003255248,9.7886843,0.78999487,2.0026729,2.7315635,-0.000393875,-0.000712612,0.002385139,1.2088825,0.4730559,0.000632682,-0.014095657,4.1315056,0.66981011,288.535,287.683,289.661,4.86,NaN,NaN,NaN,-0.047226250142856,445.893796019306,76.6016560296176,13.3962022,288.535,287.683,289.661,0.189251857095355+0i,0.000632682,20.8716719959775,494.123959729982,24.4905409668572,20.9324720070443,1470.178,307.349,-9.9e+37,-9.9e+37
20260514170242.1,945.770005881786,9.7884548,0.62745074,2.0026401,2.7313231,-0.000395073,-0.000711958,0.002419659,1.208959,0.31654074,0.000635514,-0.00685619,4.1315712,0.7917452,288.546,287.683,289.667,4.84,NaN,NaN,NaN,-0.0493013784195284,445.735809694046,60.3563429356451,15.834904,288.546,287.683,289.667,0.16835827261917+0i,0.000635514,20.872400314607,493.574653658504,25.297071551,20.9324424212102,1146.617,574.908,564.719,113.977
20260514170244.2,947.934005409479,9.7888701,0.56929366,2.0030663,2.7314542,-0.000395726,-0.00071076,0.002369567,1.2088715,0.41781017,0.000637256,-0.001032004,4.1310466,0.77544332,288.546,287.705,289.686,4.81,NaN,NaN,NaN,-0.0223373640439348,445.821966130159,54.5438908142968,15.5088664,288.546,287.705,289.686,0.154367711851268+0i,0.000637256,20.8665759860546,494.123959729982,24.4768392889796,20.932649253087,-9.9e+37,437.008,585.362,-9.9e+37
20260514170246.2,949.961001053452,9.7884657,0.497243,2.0026401,2.7313996,-0.000393875,-0.000712285,0.002360855,1.2087622,0.40943826,0.000634969,-0.008128833,4.1305875,0.59855827,288.532,287.707,289.686,4.81,NaN,NaN,NaN,-0.0493013784195284,445.786084044638,47.3428585141617,11.9711654,288.532,287.707,289.686,0.134553067158549+0i,0.000634969,20.8614788658899,494.67326580146,24.4358588160558,20.9329738903762,-9.9e+37,-9.9e+37,-9.9e+37,-9.9e+37
20260514170248.3,952.008002623916,9.7886187,0.6151024,2.0026838,2.7315307,-0.00039529,-0.000712285,0.002385901,1.2087404,0.12430306,0.00063388,0.036683869,4.1308171,0.69589813,288.565,287.707,289.702,4.74,NaN,NaN,NaN,-0.0465366495874946,445.872240480751,59.122200247805,13.9179626,288.565,287.707,289.702,0.13173817275883+0i,0.00063388,20.8640279810932,493.574653658504,24.4495604939334,20.9335938480825,9.9e+37,402.987,570.765,568.062
20260514170250.3,954.051000997424,9.7888592,0.56186784,2.0030008,2.7315526,-0.000395835,-0.00071076,0.002405829,1.2087294,0.35712579,0.00063388,-0.048576093,4.1306422,0.57947812,288.532,287.735,289.694,4.75,NaN,NaN,NaN,-0.0264812939866772,445.886632745823,53.8017245430234,11.5895624,288.532,287.735,289.694,0.131599920085015+0i,0.00063388,20.8620861681618,493.986320395443,25.2833698731229,20.9333576993336,145.981,-9.9e+37,-9.9e+37,338.232
20260514170252.4,956.125009059906,9.7888482,0.5856261,2.0028805,2.7317056,-0.000394964,-0.000710325,0.002420965,1.2088715,0.14305479,0.000629416,-0.031433124,4.1307843,0.63517229,288.548,287.737,289.707,4.75,NaN,NaN,NaN,-0.0340922065380482,445.987181447008,56.1762204554135,12.7034458,288.548,287.737,289.707,0.184701092494255+0i,0.000629416,20.8636638217784,493.848681060904,25.2697927559529,20.9317046580916,9.9e+37,211.599,258.779,724.218
20260514170254.5,958.168007433414,9.7888592,0.58114879,2.0029352,2.73164,-0.000393984,-0.000710652,0.002402453,1.2088497,0.35220432,0.000633663,0.1164533,4.1313089,0.71999795,288.554,287.754,289.716,4.71,NaN,NaN,NaN,-0.0306315505400363,445.944070369899,55.7287401141131,14.399959,288.554,287.754,289.716,0.190056441224066+0i,0.000633663,20.8694881503308,494.947293203865,26.4179933620735,20.9314389235086,1501.586,682.782,234.946,203.272
20260514170256.5,960.227008536458,9.7891871,0.56405575,2.002662,2.7306236,-0.000392132,-0.000713592,0.002419223,1.2088278,0.1327623,0.000636058,0.0056691,4.1310247,0.70376591,288.567,287.762,289.697,4.6,NaN,NaN,NaN,-0.0479158506982031,445.276111547125,54.0203930545927,14.0753182,288.567,287.762,289.697,0.183999686890545+0i,0.000636058,20.8663328430975,494.260347797844,26.4590983957055,20.931556997883,-9.9e+37,327.475,668.398,439.544
20260514170258.6,962.340002506971,9.7894822,0.6048372,2.0027275,2.7310608,-0.000395944,-0.000713265,0.002435775,1.2086966,0.24934496,0.000632574,-0.00727631,4.1311777,0.7141315,288.551,287.735,289.699,4.55,NaN,NaN,NaN,-0.0437719207554323,445.563431103714,58.0962549370008,14.28263,288.551,287.735,289.699,0.186352388799965+0i,0.000632574,20.8680315130718,494.260347797844,26.3770128891492,20.9317046580916,-9.9e+37,212.847,627.87,312.684
20260514170300.8,964.492002502084,9.7895259,0.59831929,2.0030445,2.7301318,-0.000395726,-0.000710434,0.002422925,1.2088059,0.46039215,0.000633445,-0.003521573,4.1310138,0.71627031,288.519,287.762,289.688,4.52,NaN,NaN,NaN,-0.0237165651546434,444.952909905016,57.4448288370959,14.3254062,288.519,287.762,289.688,0.186497507182482+0i,0.000633445,20.8662118267399,493.711041726361,26.4316950399507,20.9316750722574,-9.9e+37,-9.9e+37,455.829,263.257
20260514170302.9,966.570003703237,9.7885969,0.4506944,2.0026729,2.7296399,-0.000394637,-0.000707385,0.002422054,1.2088497,0.44483777,0.000624406,-0.054618042,4.1307405,0.6246572,288.535,287.74,289.705,4.5,NaN,NaN,NaN,-0.047226250142856,444.629642544801,42.6906045011371,12.493144,288.535,287.74,289.705,0.141622293894126+0i,0.000624406,20.8631775358642,494.535626466921,26.4316950399507,20.932383518504,337.247,-9.9e+37,-9.9e+37,-9.9e+37
20260514170305,968.699000403285,9.7888592,0.54646077,2.0030336,2.7290935,-0.000395073,-0.000711632,0.002420421,1.2088387,0.27319163,0.000630069,0.00559036,4.1302487,0.61565347,288.543,287.74,289.705,4.49,NaN,NaN,NaN,-0.0244061657100048,444.270558817171,52.2618800957908,12.3130694,288.543,287.74,289.705,0.186142727391167+0i,0.000630069,20.8577173666266,493.025347587022,26.4179933620735,20.9314093376744,9.9e+37,208.718,-9.9e+37,204.537
20260514170307.2,970.883005857468,9.7886078,0.55765788,2.0027603,2.7286891,-0.000392459,-0.000713701,0.002359766,1.2088497,0.10015197,0.00063584,-0.000846553,4.1309045,0.57661035,288.565,287.743,289.672,4.47,NaN,NaN,NaN,-0.0416967924787883,444.004794799137,53.3809642343423,11.532207,288.565,287.743,289.672,0.191701549828379+0i,0.00063584,20.864998332438,494.67326580146,25.3517537018015,20.9312912633,9.9e+37,648.796,-9.9e+37,385.297
20260514170309.2,972.945004329085,9.7886624,0.48045334,2.002662,2.7284049,-0.000395508,-0.000712721,0.002412363,1.2089043,0.24266991,0.000637801,-0.11909046,4.1307733,0.59933959,288.54,287.718,289.68,4.47,NaN,NaN,NaN,-0.0479158506982031,443.818023943734,45.6648324701493,11.9867918,288.54,287.718,289.68,0.140942177642165+0i,0.000637801,20.863541695179,494.809653869326,25.297071551,20.9326196672529,1562.473,316.206,-9.9e+37,513.403
20260514170311.3,975.020008161664,9.788575,0.48588112,2.0027057,2.7274868,-0.000397033,-0.000715007,0.002454178,1.2087513,0.17136893,0.000632574,-0.097216531,4.1302924,0.60098298,288.551,287.716,289.65,4.49,NaN,NaN,NaN,-0.0451511218661693,443.214666018519,46.2073066001298,12.0196596,288.551,287.716,289.65,0.120794802653448+0i,0.000632574,20.858202542299,494.535626466921,25.3244749067544,20.9333870162057,9.9e+37,308.983,-9.9e+37,737.984
20260514170313.4,977.063006535172,9.7895368,0.49809198,2.0027931,2.7280005,-0.000399755,-0.00070978,0.002414758,1.2088497,0.4243292,0.000632029,-0.032184502,4.1309045,0.58781839,288.554,287.696,289.642,4.49,NaN,NaN,NaN,-0.0396216642021017,443.5522599257,47.4277089846802,11.7563678,288.554,287.696,289.642,0.113290072911903+0i,0.000632029,20.864998332438,494.535626466921,25.3654553796782,20.933711922457,9.9e+37,239.477,-9.9e+37,314.921
20260514170315.4,979.11300547421,9.7887936,0.58993864,2.0027603,2.7273557,-0.000397033,-0.00071283,0.002439369,1.2088059,0.16271657,0.000635296,-0.094320573,4.1309045,0.62039813,288.554,287.713,289.612,4.44,NaN,NaN,NaN,-0.0416967924787883,443.128509582406,56.6072330212335,12.4079626,288.554,287.713,289.612,0.187637090774096+0i,0.000635296,20.864998332438,494.123959729982,26.4179933620735,20.9315865837171,9.9e+37,333.537,-9.9e+37,727.941
20260514170317.5,981.168003380299,9.7894056,0.46959342,2.0030445,2.7271152,-0.000401606,-0.000712067,0.002426192,1.2089152,0.44594755,0.000637038,0.1082586,4.1305329,0.68287433,288.527,287.721,289.642,4.43,NaN,NaN,NaN,-0.0237165651546434,442.97045753904,44.5794484542793,13.6574866,288.527,287.721,289.642,0.162687653543853+0i,0.000637038,20.8608726738599,494.809653869326,27.5116363780999,20.9316750722574,9.9e+37,732.186,-9.9e+37,-9.9e+37
20260514170319.5,983.207008615136,9.7885969,0.68605199,2.0027057,2.7268529,-0.000400409,-0.000713918,0.00241857,1.2088497,0.1457785,0.000636385,-0.002001936,4.1309919,0.71323233,288.557,287.707,289.653,4.41,NaN,NaN,NaN,-0.0451511218661693,442.798078948708,66.2131871904832,14.2646466,288.557,287.707,289.653,0.15283117961018+0i,0.000636385,20.8659686837828,494.397987132382,27.5390397338547,20.9330623789165,1023.339,696.811,639.321,405.489
20260514170321.6,985.28900295496,9.7887717,0.49468298,2.0029133,2.7268748,-0.000402151,-0.000713265,0.002411491,1.2088606,0.2971125,0.000611557,0.11821729,4.1309701,0.69811988,288.543,287.696,289.648,4.39,NaN,NaN,NaN,-0.0320170782613616,442.81247121378,47.0869998348798,13.9623976,288.543,287.696,289.648,0.119849527808579+0i,0.000611557,20.8657266510675,493.025347587022,27.5390397338547,20.9334166020398,-9.9e+37,553.984,561.27,117.932
20260514170323.6,987.340007722378,9.7887499,0.34959301,2.0029133,2.7274868,-0.000397686,-0.000713156,0.002437408,1.2088278,0.39385331,0.00063682,-0.019624171,4.1309591,0.59878525,288.527,287.702,289.629,4.31,NaN,NaN,NaN,-0.0320170782613616,443.214666018519,32.5861255834068,11.975705,288.527,287.702,289.629,0.120368603011195+0i,0.00063682,20.865604524468,494.123959729982,27.4980592609309,20.9325015928785,-9.9e+37,-9.9e+37,-9.9e+37,-9.9e+37
20260514170325.8,989.484001323581,9.7884111,0.62348631,2.0026401,2.7275305,-0.000398993,-0.000712721,0.002455812,1.2088387,0.25222146,0.000637909,0.00537103,4.1316149,0.61747037,288.557,287.694,289.615,4.29,NaN,NaN,NaN,-0.0493013784195284,443.243384830557,59.9601218811589,12.3494074,288.557,287.694,289.615,0.18691785238553+0i,0.000637909,20.8728854902794,493.299374989422,27.5253380559775,20.9317635607977,1244.63,406.68,-9.9e+37,197.761
20260514170327.8,991.543002426624,9.7888592,0.52613332,2.0030445,2.7277382,-0.00039932,-0.000714681,0.002402889,1.2088715,0.22751601,0.000630505,0.12638734,4.1311559,0.74535595,288.54,287.707,289.615,4.31,NaN,NaN,NaN,-0.0237165651546434,443.379881335368,50.2302731121854,14.907119,288.54,287.707,289.615,0.154448719679728+0i,0.000630505,20.8677894803565,494.123959729982,27.5253380559775,20.9323243468357,1599.075,1013.769,584.296,140.757
20260514170329.9,993.617000430822,9.788728,0.52423894,2.0028587,2.7277819,-0.000397468,-0.000712176,0.002405829,1.2088606,0.24182421,0.000633663,-0.17167443,4.1309482,0.58878412,288.543,287.694,289.593,4.32,NaN,NaN,NaN,-0.0354714076487426,443.408600147406,50.0409411675685,11.7756824,288.543,287.694,289.593,0.144708217374666+0i,0.000633663,20.8654835081104,494.397987132382,27.5663185289013,20.932649253087,-9.9e+37,-9.9e+37,353.841,430.878
20260514170332,995.680004730821,9.7895477,0.45417105,2.0029133,2.7285579,-0.000399646,-0.000710216,0.002440458,1.2088934,0.22684927,0.000639543,-0.15457705,4.1306531,0.60243213,288.529,287.688,289.585,4.34,NaN,NaN,NaN,-0.0320170782613616,443.918572644919,43.0380748636052,12.0486426,288.529,287.688,289.585,0.115914726324962+0i,0.000639543,20.8622071845194,494.947293203865,27.5116363780999,20.9333281134995,1531.915,-9.9e+37,141.804,602.9
20260514170334,997.746006399393,9.7895477,0.51774504,2.0030663,2.728241,-0.000398993,-0.000714136,0.002445358,1.2088169,0.34648628,0.000619506,0.16924322,4.1303908,0.72098879,288.54,287.683,289.601,4.34,NaN,NaN,NaN,-0.0223373640439348,443.710311969066,49.3919147234825,14.4197758,288.54,287.683,289.601,0.167191000334916+0i,0.000619506,20.8592950202433,494.535626466921,27.5253380559775,20.931822732466,9.9e+37,710.365,187.531,164.516
20260514170336.1,999.820004403591,9.7894494,0.47088434,2.0028805,2.7287328,-0.000399428,-0.000713592,0.002416609,1.2088715,0.18764135,0.000637583,-0.15771108,4.1302159,0.61406028,288.559,287.696,289.623,4.29,NaN,NaN,NaN,-0.0340922065380482,444.033513611175,44.7084681831324,12.2812056,288.559,287.696,289.623,0.17682534923916+0i,0.000637583,20.8573532073119,494.260347797844,27.5390397338547,20.9311731889255,-9.9e+37,-9.9e+37,365.283,521.69
20260514170338.2,1001.88700184226,9.7885313,0.75161306,2.0026838,2.7292465,-0.000398884,-0.000715987,0.002438171,1.2087404,0.42544771,0.000631811,0.14801006,4.1310466,0.68236691,288.529,287.696,289.639,4.28,NaN,NaN,NaN,-0.0465366495874946,444.371107518356,72.7656238052403,13.6473382,288.529,287.696,289.639,0.210564398692115+0i,0.000631811,20.8665759860546,493.848681060904,27.5390397338547,20.9316159005891,898.153,492.035,-9.9e+37,-9.9e+37
20260514170340.3,1004.05500456691,9.7892198,0.57164526,2.0026401,2.7295416,-0.000401062,-0.000713156,0.002434577,1.208948,0.11814199,0.000629416,-0.003848586,4.1314619,0.65408658,288.562,287.696,289.65,4.26,NaN,NaN,NaN,-0.0493013784195284,444.565041647243,54.7789191618095,13.0817316,288.562,287.696,289.65,0.164621581631052+0i,0.000629416,20.8711868203051,494.535626466921,28.3592719958751,20.9321769555893,803.588,802.424,367.485,214.22
20260514170342.4,1006.09399974346,9.7894712,0.4949285,2.0027275,2.7304487,-0.0004003,-0.000712285,0.002420094,1.2089152,0.45156192,0.000637256,-0.063585461,4.131593,0.63166508,288.527,287.702,289.672,4.15,NaN,NaN,NaN,-0.0437719207554323,445.161170580869,47.1115380896345,12.6333016,288.527,287.702,289.672,0.185582619791932+0i,0.000637256,20.8726423473223,494.260347797844,28.4139541466766,20.9309962118449,-9.9e+37,387.33,207.354,-9.9e+37
20260514170344.4,1008.15200507641,9.7888701,0.55310417,2.002968,2.7303613,-0.000401062,-0.000712285,0.002425866,1.2088606,0.14022087,0.000637256,0.016041513,4.130675,0.69717596,288.551,287.68,289.677,4.08,NaN,NaN,NaN,-0.0285564222633639,445.103732956793,52.9258481702362,13.9435192,288.551,287.68,289.677,0.132183683676745+0i,0.000637256,20.8624503274766,494.67326580146,28.3455703179975,20.9331804532909,901.44,742.374,741.785,380.131
20260514170346.6,1010.29700450599,9.7879629,0.65046152,2.0027931,2.7305799,-0.000399755,-0.000712067,0.002415521,1.2088278,0.28814038,0.000616784,-0.00726104,4.1305875,0.71062647,288.546,287.696,289.65,4.05,NaN,NaN,NaN,-0.0396216642021017,445.247392735087,62.6561326951185,14.2125294,288.546,287.696,289.65,0.15427565956076+0i,0.000616784,20.8614788658899,494.535626466921,28.3729736737523,20.9328558160018,-9.9e+37,346.534,698.953,269.866
20260514170348.8,1012.47700676322,9.7884766,0.56909506,2.0026401,2.7307547,-0.0004003,-0.000714463,0.002405393,1.2087294,0.46100105,0.00063584,0.00183271,4.130828,0.67530118,288.535,287.702,289.664,4.04,NaN,NaN,NaN,-0.0493013784195284,445.362267983239,54.5240419327625,13.5060236,288.535,287.702,289.664,0.147073234777411+0i,0.00063584,20.8641489974508,495.084932538403,27.5527414117323,20.9327673274615,-9.9e+37,-9.9e+37,376.2,282.137
20260514170350.8,1014.54300843179,9.7886078,0.50690476,2.0027494,2.7305799,-0.000399102,-0.000711305,0.002418134,1.2089262,0.31886288,0.000637038,-0.11671917,4.1302487,0.61425124,288.535,287.705,289.68,4.03,NaN,NaN,NaN,-0.0423863930341355,445.247392735087,48.3084936080825,12.2850248,288.535,287.705,289.68,0.11804383385022+0i,0.000637038,20.8577173666266,493.711041726361,28.0311790910669,20.9335050905801,1501.885,-9.9e+37,-9.9e+37,385.14
20260514170352.9,1016.58999994397,9.7885859,0.64270287,2.0026729,2.730864,-0.000399864,-0.000712503,0.002409749,1.2088278,0.39431054,0.000635187,0.11265645,4.1307187,0.71964112,288.54,287.735,289.669,3.96,NaN,NaN,NaN,-0.047226250142856,445.434097872386,61.8807020570724,14.3928224,288.54,287.735,289.669,0.167135496907932+0i,0.000635187,20.862935503149,494.947293203865,27.5116363780999,20.9324424212102,9.9e+37,796.362,195.635,-9.9e+37
20260514170354.9,1018.63300837576,9.7886624,0.55605486,2.0027822,2.7305799,-0.000401715,-0.000715661,0.002374467,1.2088825,0.34916852,0.000634751,0.11193567,4.1302378,0.7439537,288.543,287.735,289.675,3.91,NaN,NaN,NaN,-0.0403112647574631,445.247392735087,53.2207519781636,14.879074,288.543,287.735,289.675,0.163802604831054+0i,0.000634751,20.857596350269,493.299374989422,26.7051057939575,20.9322062724613,-9.9e+37,736.022,519.77,-9.9e+37
20260514170357,1020.6840030849,9.7888592,0.72773258,2.0028478,2.7311154,-0.000398884,-0.000710869,0.002406373,1.2087513,0.19819791,0.000627238,0.082408785,4.1308389,0.7306418,288.546,287.732,289.699,3.89,NaN,NaN,NaN,-0.036161008204104,445.599313189235,70.3789127352414,14.612836,288.546,287.732,289.699,0.216765164199677+0i,0.000627238,20.8642700138085,493.299374989422,26.4179933620735,20.9313797518403,-9.9e+37,558.535,786.241,122.574
20260514170359,1022.73800522089,9.7881597,0.55156335,2.0030117,2.7309296,-0.000396162,-0.000711849,0.002412689,1.2088169,0.396182,0.000637147,-0.048680742,4.1305657,0.59294171,288.54,287.724,289.721,3.84,NaN,NaN,NaN,-0.02579169343133,445.477208949495,52.7718524318391,11.8588342,288.54,287.724,289.721,0.190591331111764+0i,0.000637147,20.8612368331747,502.775217539129,26.4316950399507,20.9310847003852,-9.9e+37,-9.9e+37,126.7,-9.9e+37
20260514170401.1,1024.81600642204,9.7877334,0.60536972,2.002662,2.7306564,-0.000398122,-0.000710652,0.002407027,1.208795,0.43106755,0.000634425,0.10369926,4.1304127,0.71140342,288.538,287.718,289.745,3.84,NaN,NaN,NaN,-0.0479158506982031,445.29766708568,58.149477124285,14.2280684,288.538,287.718,289.745,0.201429391308956+0i,0.000634425,20.8595381632004,502.363550802181,25.3517537018015,20.9310847003852,745.649,701.404,322.649,-9.9e+37
20260514170403.2,1026.89500339329,9.7880395,0.63631808,2.0027166,2.7310717,-0.000400409,-0.000715443,0.002388841,1.2088715,0.10359152,0.000635296,-0.005462854,4.1308936,0.67272043,288.538,287.737,289.74,3.84,NaN,NaN,NaN,-0.0444615213108221,445.570594377197,61.2425805045484,13.4544086,288.538,287.737,289.74,0.217146243672142+0i,0.000635296,20.8648773160803,502.225911467646,25.3107732288772,20.9307600630961,472.176,318.595,713.54,424.945
20260514170405.4,1029.06300611794,9.7880832,0.49347826,2.0029461,2.7299897,-0.000398231,-0.000712612,0.002391781,1.2089371,0.30382137,0.000635949,-0.00710063,4.1303908,0.7469306,288.535,287.748,289.737,3.89,NaN,NaN,NaN,-0.0299419499846891,444.859524477314,46.966595280187,14.938612,288.535,287.748,289.737,0.172350836505703+0i,0.000635949,20.8592950202433,494.67326580146,24.5178197619039,20.9315865837171,-9.9e+37,274.46,630.395,344.007
20260514170407.4,1031.13700412214,9.7881378,0.54461656,2.0028805,2.7304815,-0.000396815,-0.00071675,0.002415085,1.2088606,0.20490135,0.000638454,-0.13678675,4.1314182,0.59770602,288.554,287.735,289.718,3.88,NaN,NaN,NaN,-0.0340922065380482,445.182726119423,52.0775623424457,11.9541204,288.554,287.735,289.718,0.176860220978009+0i,0.000638454,20.8707016446327,493.986320395443,24.4631376111024,20.9317635607977,-9.9e+37,-9.9e+37,285.769,613.241
20260514170409.5,1033.20700898767,9.7881815,0.60554759,2.0030882,2.7301208,-0.000400953,-0.000713156,0.002349857,1.2088278,0.35613492,0.000639434,0.16685342,4.1307187,0.71787333,288.54,287.77,289.729,3.81,NaN,NaN,NaN,-0.0209518363226238,444.945680913427,58.1672541663721,14.3574666,288.54,287.77,289.729,0.199296699376559+0i,0.000639434,20.862935503149,494.67326580146,25.1877072493976,20.9313208491341,1249.833,497.653,169.911,166.646
20260514170411.5,1035.2580036968,9.7878646,0.53565976,2.0026947,2.7299788,-0.000399864,-0.000713701,0.00233766,1.2088934,0.13423982,0.000632465,-0.14762593,4.1310356,0.62212882,288.554,287.759,289.68,3.8,NaN,NaN,NaN,-0.045847049032119,444.852361203831,51.1823837818905,12.4425764,288.554,287.759,289.68,0.189001148939959+0i,0.000632465,20.8664538594552,493.986320395443,25.3107732288772,20.9312616774658,121.919,-9.9e+37,477.845,578.567
20260514170413.6,1037.31300160289,9.7888592,0.56316967,2.0030336,2.7302957,-0.000397795,-0.000712176,0.002380238,1.2087185,0.29590123,0.000638998,-0.11639602,4.1311887,0.59804648,288.535,287.756,289.656,3.79,NaN,NaN,NaN,-0.0244061657100048,445.060621879684,53.9318346610887,11.9609296,288.535,287.756,289.656,0.13841244136851+0i,0.000638998,20.8681536396713,494.535626466921,25.297071551,20.9331215505848,1098.905,-9.9e+37,-9.9e+37,563.092
20260514170415.8,1039.48400169611,9.7888482,0.45606979,2.0029898,2.7303504,-0.000399646,-0.000714354,0.002398968,1.2088606,0.13472978,0.000639216,-0.000745498,4.1310247,0.58011539,288.551,287.775,289.656,3.78,NaN,NaN,NaN,-0.0271772211526553,445.09656968331,43.2278425641309,11.6023078,288.551,287.775,289.656,0.137023635290727+0i,0.000639216,20.8663328430975,493.574653658504,25.297071551,20.932649253087,9.9e+37,528.416,-9.9e+37,542.42
20260514170417.8,1041.55900552869,9.7884657,0.47395616,2.002662,2.7300006,-0.000400735,-0.000713265,0.002414867,1.2089262,0.25653945,0.00063682,-0.1076846,4.1310356,0.58691375,288.548,287.792,289.629,3.75,NaN,NaN,NaN,-0.0479158506982031,444.866687750797,45.0154782096915,11.738275,288.548,287.792,289.629,0.120892583751318+0i,0.00063682,20.8664538594552,493.986320395443,26.4316950399507,20.9332985276654,1507.317,111.495,-9.9e+37,608.101
20260514170419.9,1043.62500719726,9.7884548,0.41822593,2.002651,2.7300115,-0.000399755,-0.000714463,0.002412036,1.2088059,0.1643916,0.000625931,0.036285965,4.1310684,0.69897322,288.551,287.8,289.623,3.67,NaN,NaN,NaN,-0.0486117778641528,444.87385102428,39.4455752230435,13.9794644,288.551,287.8,289.623,0.115736997483517+0i,0.000625931,20.8668180187699,501.676605396164,27.3475899256964,20.9330034762103,9.9e+37,746.928,420.837,672.539
20260514170422,1045.68000510335,9.7888482,0.73553269,2.0030554,2.7301208,-0.000397904,-0.00071076,0.002454614,1.2089262,0.11390475,0.000634425,0.053311678,4.1310903,0.63002824,288.562,287.792,289.612,3.65,NaN,NaN,NaN,-0.0230269645992962,444.945680913427,71.1584870521818,12.6005648,288.562,287.792,289.612,0.176541244226049+0i,0.000634425,20.867061161727,502.912856873663,27.5390397338547,20.9323539326699,428.615,-9.9e+37,375.619,771.505
20260514170424,1047.73800037801,9.7887827,0.60439744,2.0027713,2.7304815,-0.000399211,-0.000715661,0.002379585,1.2087841,0.1369821,0.000639107,-0.034858212,4.1315821,0.59068723,288.554,287.794,289.599,3.61,NaN,NaN,NaN,-0.0410008653128102,445.182726119423,58.0523035566206,11.8137446,288.554,287.794,289.599,0.144555754475295+0i,0.000639107,20.8725213309647,502.499938870047,26.404416244904,20.9328854018359,1029.755,-9.9e+37,247.424,844.439
20260514170426.1,1049.78900514543,9.7885531,0.49975283,2.0026947,2.7299678,-0.000399537,-0.000714136,0.002421619,1.2088169,0.28274206,0.000634425,-0.098263338,4.1309701,0.55355376,288.54,287.821,289.618,3.55,NaN,NaN,NaN,-0.045847049032119,444.845132212243,47.5937010032916,11.0710752,288.54,287.821,289.618,0.159965200772842+0i,0.000634425,20.8657266510675,500.715632587743,26.404416244904,20.9318816351721,1395.457,-9.9e+37,-9.9e+37,688.903
20260514170428.1,1051.82800032198,9.7879192,0.45820642,2.0027713,2.7299678,-0.000399102,-0.000714027,0.002460168,1.2088715,0.14697121,0.000637038,0.023516433,4.1309373,0.64283054,288.551,287.808,289.62,3.52,NaN,NaN,NaN,-0.0410008653128102,444.845132212243,43.441385946571,12.8566108,288.551,287.808,289.62,0.16898815555479+0i,0.000637038,20.8653624917527,503.049244941525,25.3654553796782,20.9312616774658,9.9e+37,-9.9e+37,-9.9e+37,876.132
20260514170430.2,1053.87500189245,9.7888373,0.54870761,2.0028696,2.7311045,-0.000398231,-0.000714463,0.002374685,1.2088825,0.29517884,0.000639434,-0.091485491,4.1315275,0.57638774,288.543,287.813,289.615,3.22,NaN,NaN,NaN,-0.0347818070933954,445.592149915751,52.4864383082102,11.5277548,288.543,287.813,289.615,0.196097174539124+0i,0.000639434,20.8719151389346,493.025347587022,26.3770128891492,20.9310847003852,9.9e+37,-9.9e+37,-9.9e+37,667.318
20260514170432.2,1055.94500675797,9.788575,0.49820001,2.0026947,2.7305799,-0.000398122,-0.000712067,0.002396246,1.2088059,0.46659254,0.000638781,0.05080131,4.1309701,0.6805118,288.527,287.802,289.618,3.25,NaN,NaN,NaN,-0.045847049032119,445.247392735087,47.4385059367051,13.610236,288.527,287.802,289.618,0.198525781872087+0i,0.000638781,20.8657266510675,493.299374989422,26.4179933620735,20.9306419887216,9.9e+37,596.596,-9.9e+37,-9.9e+37
20260514170434.3,1058.00400786102,9.7886624,0.60123833,2.002662,2.7309296,-0.000397359,-0.000710869,0.002435339,1.2089917,0.15398781,0.000637801,-0.003094703,4.1315056,0.712116,288.54,287.8,289.618,3.25,NaN,NaN,NaN,-0.0479158506982031,445.477208949495,57.7365694169239,14.24232,288.54,287.8,289.618,0.19120901292887+0i,0.000637801,20.8716719959775,502.637578204586,26.4179933620735,20.9313504349683,9.9e+37,749.511,538.774,459.386
20260514170436.3,1060.0509993732,9.7888373,0.52195172,2.0030663,2.730711,-0.000400626,-0.000713156,0.002404413,1.2088715,0.26684939,0.000643028,-0.11774289,4.1310466,0.56753678,288.54,287.802,289.61,3.27,NaN,NaN,NaN,-0.0223373640439348,445.333549171201,49.8123472157919,11.3507356,288.54,287.802,289.61,0.166285519444537+0i,0.000643028,20.8665759860546,501.950632798569,26.404416244904,20.9317635607977,-9.9e+37,-9.9e+37,-9.9e+37,509.323
20260514170438.4,1062.10600733757,9.7885204,0.33742471,2.0026729,2.7306017,-0.00039932,-0.000709236,0.002406373,1.2088606,0.34914015,0.000639107,0.11887143,4.1309919,0.77979625,288.54,287.811,289.642,3.17,NaN,NaN,NaN,-0.047226250142856,445.261719282053,31.3699768161681,15.595925,288.54,287.811,289.642,0.142916930962915+0i,0.000639107,20.8659686837828,502.637578204586,26.4316950399507,20.9312616774658,9.9e+37,802.708,350.697,161.363
20260514170440.5,1064.17600214481,9.7888373,0.54837369,2.0030663,2.7313668,-0.000398231,-0.000714027,0.00244024,1.208948,0.24883863,0.000638345,0.11749706,4.1311559,0.76738569,288.551,287.805,289.637,3.18,NaN,NaN,NaN,-0.0223373640439348,445.764528506083,52.4530650024603,15.3477138,288.551,287.805,289.637,0.189841880978666+0i,0.000638345,20.8677894803565,502.912856873663,26.4179933620735,20.9310847003852,-9.9e+37,453.11,628.67,101.654
20260514170442.5,1066.24200381339,9.7888592,0.4622058,2.0029133,2.7316619,-0.000398448,-0.000713483,0.002478789,1.2088387,0.3162221,0.000636385,0.11204336,4.13144,0.73629328,288.543,287.789,289.675,3.13,NaN,NaN,NaN,-0.0320170782613616,445.95846263497,43.8411000444087,14.7258656,288.543,287.789,289.675,0.157933293318714+0i,0.000636385,20.870943677348,502.912856873663,27.0878808495668,20.9316454864233,-9.9e+37,387.354,534.893,-9.9e+37
20260514170444.6,1068.32000501454,9.7886624,0.49407407,2.0026838,2.7315198,-0.000399102,-0.000714899,0.002421292,1.2088715,0.34185291,0.000635949,0.10612664,4.1314838,0.73691091,288.546,287.8,289.656,3.14,NaN,NaN,NaN,-0.0465366495874946,445.865077207268,47.02614292423,14.7382182,288.546,287.8,289.656,0.17304568065466+0i,0.000635949,20.8714299632622,501.814244730707,26.404416244904,20.9313504349683,-9.9e+37,425.676,638.784,-9.9e+37
20260514170446.7,1070.367006585,9.7886297,0.71417952,2.0027057,2.7312029,-0.000398775,-0.00071479,0.002411056,1.2089043,0.29934624,0.000636385,0.099320467,4.1309591,0.73233538,288.54,287.794,289.68,3.12,NaN,NaN,NaN,-0.0451511218661693,445.656816531415,69.0243654927086,14.6467076,288.54,287.794,289.68,0.172951693887784+0i,0.000636385,20.865604524468,493.711041726361,25.3244749067544,20.932649253087,-9.9e+37,437.748,746.03,-9.9e+37
20260514170448.7,1072.40200862288,9.7888264,0.38038861,2.0030773,2.7314215,-0.000396924,-0.000715116,0.00244514,1.2088934,0.20735552,0.000637909,0.021208608,4.1311996,0.72176138,288.554,287.789,289.705,3.11,NaN,NaN,NaN,-0.0216414368779709,445.80047630971,35.6639615158194,14.4352276,288.554,287.789,289.705,0.0954896625185826+0i,0.000637909,20.8682746560289,494.397987132382,25.2697927559529,20.9338299968314,-9.9e+37,214.911,828.301,-9.9e+37
20260514170450.8,1074.46099966764,9.7888264,0.66077037,2.0030882,2.7313996,-0.000398448,-0.000716641,0.002386337,1.2088387,0.4330263,0.000640523,-0.005303649,4.1311122,0.69026086,288.546,287.813,289.702,3.13,NaN,NaN,NaN,-0.0209518363226238,445.786084044638,63.6864405622116,13.8052172,288.546,287.813,289.702,0.178099465783048+0i,0.000640523,20.8673043046841,494.397987132382,25.297071551,20.9322654441296,-9.9e+37,-9.9e+37,406.235,-9.9e+37
20260514170452.8,1076.49200856686,9.788575,0.49117467,2.002662,2.7314652,-0.000395182,-0.000714027,0.002411056,1.2088606,0.27791556,0.000616457,0.10159942,4.1314291,0.75173746,288.551,287.802,289.726,3.47,NaN,NaN,NaN,-0.0479158506982031,445.829195121747,46.736365244872,15.0347492,288.551,287.802,289.726,0.172630747134841+0i,0.000616457,20.8708226609904,494.947293203865,25.3107732288772,20.9315274120488,-9.9e+37,573.492,785.793,-9.9e+37
20260514170454.8,1078.55500280857,9.7895587,0.55932309,2.0030226,2.7315417,-0.000397577,-0.000712938,0.002422054,1.2088825,0.17397369,0.000638454,-0.11758161,4.1313307,0.60045264,288.546,287.778,289.694,3.38,NaN,NaN,NaN,-0.0251020928759687,445.87946947234,53.5473920088625,12.0090528,288.546,287.778,289.694,0.11218548355151+0i,0.000638454,20.8697301830461,501.814244730707,26.3770128891492,20.9338004109972,-9.9e+37,-9.9e+37,435.911,391.696
20260514170456.9,1080.59000484645,9.7884657,0.46959669,2.002662,2.7307438,-0.000399211,-0.000712938,0.002411274,1.2088278,0.41101945,0.000638018,-0.002219946,4.1312214,0.61342518,288.548,287.786,289.686,3.27,NaN,NaN,NaN,-0.0479158506982031,445.355104709755,44.5797752712109,12.2685036,288.548,287.786,289.686,0.123647285091239+0i,0.000638018,20.8685166887442,502.225911467646,26.3907145670269,20.9330034762103,1148.85,-9.9e+37,-9.9e+37,175.733
20260514170458.9,1082.62100368738,9.7894275,0.49278859,2.0027166,2.7310389,-0.000398231,-0.000714899,0.00240474,1.2089371,0.12665797,0.000640741,0.053013522,4.1315603,0.68115453,288.557,287.789,289.702,3.24,NaN,NaN,NaN,-0.0444615213108221,445.549038838642,46.8976668908227,13.6230906,288.557,287.789,289.702,0.133306894294642+0i,0.000640741,20.8722792982494,503.462162945145,25.6798466066093,20.9327673274615,9.9e+37,436.907,500.587,630.313
20260514170501,1084.68800112605,9.7891652,0.65936486,2.0026401,2.7301318,-0.000397359,-0.000715225,0.002428152,1.2088169,0.13950939,0.000635949,0.017207675,4.131298,0.6848309,288.57,287.773,289.688,3.2,NaN,NaN,NaN,-0.0493013784195284,444.952909905016,63.54596824859,13.696618,288.57,287.773,289.688,0.201233629611402+0i,0.000635949,20.8693671339732,503.324523610602,24.5999052684601,20.9313797518403,1129.925,246.569,513.741,651.578
20260514170503,1086.73099949956,9.7894275,0.57205883,2.0028478,2.7299678,-0.000398013,-0.000713592,0.002411382,1.2088606,0.11603264,0.000634316,0.054004581,4.1309482,0.64393923,288.567,287.767,289.697,3.13,NaN,NaN,NaN,-0.036161008204104,444.845132212243,54.8202530084164,12.8787846,288.567,287.767,289.697,0.191857998673737+0i,0.000634316,20.8654835081104,502.775217539129,24.4358588160558,20.9312323605938,443.888,-9.9e+37,480.622,740.831
20260514170505.1,1088.77700529993,9.7891215,0.73985614,2.002662,2.7300443,-0.000400735,-0.000715552,0.002401473,1.2088169,0.45097593,0.000634751,0.076354628,4.131134,0.65650802,288.532,287.77,289.705,3.12,NaN,NaN,NaN,-0.0479158506982031,444.895406562835,71.590590007214,13.1301604,288.532,287.77,289.705,0.235799547777646+0i,0.000634751,20.8675463373994,502.363550802181,25.2151106051519,20.9307304772619,-9.9e+37,-9.9e+37,-9.9e+37,-9.9e+37
20260514170507.1,1090.8440027386,9.7894384,0.56046779,2.0028259,2.7298695,-0.000396597,-0.000715443,0.002404086,1.2088387,0.13153685,0.000637692,0.049898238,4.1315821,0.68826718,288.543,287.756,289.699,3.06,NaN,NaN,NaN,-0.0375465359254292,444.780531314684,53.661797923728,13.7653436,288.543,287.756,289.699,0.212155067815479+0i,0.000637692,20.8725213309647,503.462162945145,25.2697927559529,20.9304351568448,941.715,179.343,618.903,473.145
20260514170509.2,1092.90200807154,9.7885969,0.6085583,2.002651,2.7296181,-0.000397795,-0.000713918,0.002377734,1.2088934,0.1437619,0.000636167,0.015536128,4.1314291,0.69820936,288.548,287.756,289.697,3.08,NaN,NaN,NaN,-0.0486117778641528,444.615315997835,58.4681566141268,13.9641872,288.548,287.756,289.697,0.210127236757372+0i,0.000636167,20.8708226609904,502.499938870047,24.4768392889796,20.9308485516364,519.042,-9.9e+37,600.432,562.928
20260514170511.4,1095.09800300002,9.7895477,0.67793868,2.0030336,2.7296399,-0.000398013,-0.000715225,0.002468553,1.2088387,0.28639878,0.000637256,-0.00730687,4.1309482,0.71491173,288.538,287.754,289.68,3.09,NaN,NaN,NaN,-0.0244061657100048,444.629642544801,65.4023104077999,14.2982346,288.538,287.754,289.68,0.233041696821584+0i,0.000637256,20.8654835081104,502.225911467646,24.4768392889796,20.9305239143472,-9.9e+37,-9.9e+37,574.422,367.741
20260514170513.4,1097.15200513601,9.7895149,0.37677337,2.0026729,2.7296946,-0.000397359,-0.000715007,0.002371091,1.2088387,0.27404497,0.000639325,-0.1319755,4.1315603,0.58272343,288.538,287.783,289.658,3.07,NaN,NaN,NaN,-0.047226250142856,444.665590348428,35.3026399122041,11.6544686,288.538,287.783,289.658,0.160220947246219+0i,0.000639325,20.8722792982494,503.049244941525,24.4495604939334,20.9309666260108,-9.9e+37,-9.9e+37,-9.9e+37,554.383
20260514170515.6,1099.31600466371,9.7894384,0.51805058,2.0027057,2.7298039,-0.000398884,-0.000714354,0.002375011,1.2088825,0.15207707,0.000637474,-0.000875084,4.130981,0.55310417,288.546,287.77,289.672,3.12,NaN,NaN,NaN,-0.0451511218661693,444.737420237574,49.4224516180645,11.0620834,288.546,287.77,289.672,0.186327066927862+0i,0.000637474,20.8658476674251,502.775217539129,24.5178197619039,20.9310847003852,9.9e+37,-9.9e+37,-9.9e+37,623.632
20260514170517.7,1101.38300210238,9.7889685,0.59860301,2.0027166,2.7297602,-0.000398122,-0.000714354,0.002395702,1.2088059,0.43952784,0.000636494,0.10662615,4.1315603,0.73694147,288.527,287.792,289.667,3.05,NaN,NaN,NaN,-0.0444615213108221,444.708701425537,57.4731849532536,14.7388294,288.527,287.792,289.667,0.210671203157731+0i,0.000636494,20.8722792982494,502.637578204586,26.4316950399507,20.9307008914278,9.9e+37,788.039,125.388,-9.9e+37
20260514170519.8,1103.47700603306,9.7889466,0.60746488,2.002968,2.7297383,-0.000397033,-0.000712612,0.002402889,1.2088387,0.12200821,0.000635514,-0.076638405,4.131451,0.64513522,288.543,287.789,289.672,2.98,NaN,NaN,NaN,-0.0285564222633639,444.694309160465,58.3588758283906,12.9027044,288.543,287.789,289.672,0.194224238379962+0i,0.000635514,20.8710658039475,503.186884276068,25.9669590384933,20.9312912633,948.168,142.324,491.591,558.95
20260514170521.8,1105.51200807095,9.7889794,0.61192911,2.002662,2.7295962,-0.000397468,-0.000715334,0.002399513,1.2089262,0.14311699,0.000633445,-0.094983093,4.1314072,0.57913001,288.554,287.797,289.626,2.91,NaN,NaN,NaN,-0.0479158506982031,444.600923732763,58.8050489019645,11.5826002,288.554,287.797,289.626,0.200103674614691+0i,0.000633445,20.8705795180333,503.324523610602,26.2403697925001,20.9311142862194,1348.392,-9.9e+37,277.504,765.432
20260514170523.9,1107.59800560772,9.7889903,0.63417272,2.0029461,2.7293776,-0.000398884,-0.000715879,0.002438062,1.2088497,0.31645453,0.000636603,-0.091216301,4.1309919,0.56947589,288.538,287.797,289.637,2.91,NaN,NaN,NaN,-0.0299419499846891,444.457263954469,61.0281646108506,11.3895178,288.538,287.797,289.637,0.198054881064264+0i,0.000636603,20.8659686837828,501.950632798569,26.404416244904,20.9313208491341,1541.38,-9.9e+37,-9.9e+37,601.569
20260514170526,1109.66800041497,9.7884438,0.51078408,2.002662,2.7293886,-0.000396597,-0.000712503,0.002436864,1.2087841,0.3313291,0.000611121,0.11922218,4.1310575,0.76685535,288.535,287.813,289.675,2.87,NaN,NaN,NaN,-0.0479158506982031,444.464492946058,48.6962084273855,15.337107,288.535,287.813,289.675,0.16569643989959+0i,0.000611121,20.8666970024123,502.499938870047,26.3770128891492,20.9317046580916,9.9e+37,860.556,303.78,211.208
20260514170528,1111.72300837934,9.7884657,0.68900594,2.002651,2.7293776,-0.000397904,-0.000713265,0.002411274,1.2088715,0.43345297,0.00063682,-0.053229299,4.1310575,0.66500434,288.54,287.802,289.683,2.82,NaN,NaN,NaN,-0.0486117778641528,444.457263954469,66.5084168159021,13.3000868,288.54,287.802,289.683,0.192680406207731+0i,0.00063682,20.8666970024123,502.088272133103,28.3729736737523,20.9316750722574,-9.9e+37,249.1,-9.9e+37,-9.9e+37
20260514170530,1113.75800035894,9.7887062,0.54316414,2.0028478,2.7293448,-0.000398993,-0.000710325,0.002429459,1.208948,0.43050338,0.000638563,-0.020568733,4.1309373,0.63861839,288.521,287.824,289.68,2.84,NaN,NaN,NaN,-0.036161008204104,444.435708415915,51.9324016550438,12.7723678,288.521,287.824,289.68,0.188452882909732+0i,0.000638563,20.8653624917527,503.324523610602,28.3729736737523,20.931025528717,275.76,306.207,-9.9e+37,-9.9e+37
20260514170532.1,1115.79700559378,9.7887827,0.45246874,2.0027713,2.7298585,-0.000396597,-0.000715007,0.002443398,1.2089043,0.35812426,0.000634316,0.1156637,4.131593,0.77885998,288.535,287.821,289.699,2.81,NaN,NaN,NaN,-0.0410008653128102,444.773302323096,42.8679391660996,15.5771996,288.535,287.821,289.699,0.170040517421453+0i,0.000634316,20.8726423473223,502.499938870047,28.3865507909218,20.9310847003852,1562.923,1024.068,484.062,-9.9e+37
20260514170534.2,1117.95300878584,9.7888482,0.55853086,2.0030117,2.7296727,-0.000398666,-0.000711305,0.002429895,1.208948,0.23449769,0.000633989,-0.00725667,4.1309263,0.74262786,288.521,287.805,289.683,2.83,NaN,NaN,NaN,-0.02579169343133,444.651198083356,53.4682133612396,14.8525572,288.521,287.805,289.683,0.19270038000093+0i,0.000633989,20.8652403651533,503.598551013007,27.5663185289013,20.9309962118449,-9.9e+37,631.137,775.198,110.033
20260514170536.5,1120.16400061548,9.7894275,0.64277489,2.0028696,2.7298367,-0.000396597,-0.000713592,0.002431419,1.2089917,0.12609271,0.00063889,-0.000434166,4.1309591,0.52941683,288.551,287.816,289.705,2.82,NaN,NaN,NaN,-0.0347818070933954,444.758975776129,61.887900025089,10.5883366,288.551,287.816,289.705,0.186923002995747+0i,0.00063889,20.865604524468,502.088272133103,28.3182915229509,20.9316454864233,-9.9e+37,-9.9e+37,149.543,387.854
20260514170538.5,1122.22300171852,9.7888155,0.51186658,2.0028259,2.7298695,-0.000396706,-0.000712721,0.002428152,1.2088715,0.40384025,0.00063584,0.11160299,4.1315603,0.70404636,288.532,287.808,289.718,2.8,NaN,NaN,NaN,-0.0375465359254292,444.780531314684,48.8043978244693,14.0809272,288.532,287.808,289.718,0.193695437929421+0i,0.00063584,20.8722792982494,502.912856873663,27.5800202067785,20.9306713055937,-9.9e+37,767.798,441.169,-9.9e+37
20260514170540.6,1124.28500019014,9.7879192,0.5669366,2.0027385,2.7293448,-0.000398231,-0.000715225,0.002375011,1.2088934,0.13881318,0.000642701,0.014596687,4.1304564,0.71562867,288.565,287.821,289.74,2.74,NaN,NaN,NaN,-0.0430759935894969,444.435708415915,54.308316772458,14.3125734,288.565,287.821,289.74,0.20567008703933+0i,0.000642701,20.8600233388728,502.225911467646,28.3865507909218,20.9306124028875,-9.9e+37,416.545,790.347,354.302
20260514170542.6,1126.33600495756,9.7881488,0.85184139,2.0030554,2.7295088,-0.000398013,-0.000713374,0.002390583,1.2088278,0.12537029,0.000635187,0.047649545,4.1304017,0.64414765,288.551,287.835,289.721,2.76,NaN,NaN,NaN,-0.0230269645992962,444.543486108688,82.7828456005522,12.882953,288.551,287.835,289.721,0.229722841817081+0i,0.000635187,20.8594160366009,502.775217539129,28.3182915229509,20.9312616774658,-9.9e+37,-9.9e+37,643.249,606.856
20260514170544.7,1128.38699966669,9.7879629,0.47428898,2.002662,2.7296727,-0.000397686,-0.000713156,0.002462019,1.2089699,0.19460449,0.000638345,-0.11672831,4.1314291,0.54633964,288.543,287.827,289.677,2.78,NaN,NaN,NaN,-0.0479158506982031,444.651198083356,45.0487415770241,10.9267928,288.543,287.827,289.677,0.179779954999531+0i,0.000638345,20.8708226609904,502.912856873663,27.5390397338547,20.9309074543425,-9.9e+37,-9.9e+37,-9.9e+37,711.361
20260514170546.7,1130.44500499964,9.7879302,0.54735667,2.0027494,2.7293339,-0.000396815,-0.000715116,0.002422708,1.2088278,0.33452968,0.000634425,-0.10367585,4.1306422,0.58255865,288.519,287.83,289.669,2.76,NaN,NaN,NaN,-0.0423863930341355,444.428545142431,52.3514199395298,11.651173,288.519,287.83,289.669,0.189463651356935+0i,0.000634425,20.8620861681618,502.912856873663,27.5390397338547,20.9310551145511,9.9e+37,-9.9e+37,-9.9e+37,511.821
20260514170548.9,1132.57800489664,9.787952,0.47505503,2.0026729,2.7303285,-0.000395508,-0.000715879,0.002449605,1.2088825,0.3282071,0.000632791,0.00554344,4.1306422,0.59763726,288.548,287.849,289.699,2.71,NaN,NaN,NaN,-0.047226250142856,445.082177418239,45.1253036903138,11.9527452,288.548,287.849,289.699,0.180552749378914+0i,0.000632791,20.8620861681618,503.598551013007,26.4316950399507,20.9309074543425,9.9e+37,262.225,-9.9e+37,395.782
20260514170550.9,1134.64099913836,9.788105,0.74272389,2.002804,2.7304815,-0.000397577,-0.000713701,0.002433162,1.2089808,0.31637378,0.000635405,-0.14747861,4.1308498,0.60865651,288.538,287.843,289.68,2.66,NaN,NaN,NaN,-0.0389320636467545,445.182726119423,71.8772044584725,12.1731302,288.538,287.843,289.68,0.24052059194615+0i,0.000635405,20.8643910301661,502.499938870047,27.5253380559775,20.9305239143472,9.9e+37,313.353,-9.9e+37,399.123
20260514170553.1,1136.8480078876,9.7877334,0.52615951,2.0026401,2.7305908,-0.000396597,-0.000714572,0.002401037,1.2089152,0.43001997,0.000636712,-0.001097777,4.1307187,0.78248504,288.527,287.851,289.672,2.58,NaN,NaN,NaN,-0.0493013784195284,445.25455600857,50.2328906459587,15.6497008,288.527,287.851,289.672,0.186936778676702+0i,0.000636712,20.862935503149,501.950632798569,27.5253380559775,20.931025528717,9.9e+37,995.349,408.713,143.374
20260514170555.2,1138.89499939978,9.7877662,0.504312,2.0026838,2.7306236,-0.000396815,-0.000715007,0.002395484,1.2089371,0.1610208,0.000637038,-0.10707326,4.1303143,0.58936138,288.548,287.879,289.661,2.48,NaN,NaN,NaN,-0.0465366495874946,445.276111547125,48.0493627617238,11.7872276,288.548,287.879,289.661,0.157334673342715+0i,0.000637038,20.8584456852561,501.814244730707,27.4980592609309,20.9319408068404,399.643,-9.9e+37,289.234,635.61
20260514170557.2,1140.95300473273,9.7880613,0.41707359,2.0027385,2.7310826,-0.000396488,-0.000714681,0.002428261,1.2089043,0.43118649,0.000635187,0.110046,4.1308936,0.71682575,288.546,287.892,289.691,2.46,NaN,NaN,NaN,-0.0430759935894969,445.57775765068,39.3304057358974,14.336515,288.546,287.892,289.691,0.13271741214807+0i,0.000635187,20.8648773160803,502.912856873663,27.5116363780999,20.9322950299637,963.121,607.215,94.124,-9.9e+37
20260514170559.4,1143.10200735927,9.7878318,0.59224332,2.0027166,2.7312138,-0.000396815,-0.000714136,0.002397553,1.2089917,0.2687765,0.000634751,0.0051626,4.1307624,0.60405152,288.548,287.881,289.726,2.44,NaN,NaN,NaN,-0.0444615213108221,445.663979804898,56.8375719955257,12.0810304,288.548,287.881,289.726,0.194556713799402+0i,0.000634751,20.8634206788213,503.186884276068,28.3455703179975,20.9311142862194,-9.9e+37,178.851,-9.9e+37,-9.9e+37
20260514170601.5,1145.18000856042,9.7880067,0.4927635,2.0030445,2.7313231,-0.000396053,-0.000713047,0.00239886,1.2088715,0.32992906,0.000634098,0.15053734,4.1302924,0.73696329,288.551,287.86,289.702,2.45,NaN,NaN,NaN,-0.0237165651546434,445.735809694046,46.8951592954668,14.7392658,288.551,287.86,289.702,0.188596019337611+0i,0.000634098,20.858202542299,503.324523610602,27.7714700149377,20.9307008914278,1139.15,934.933,407.023,-9.9e+37
20260514170603.7,1147.3750077188,9.7879957,0.48537915,2.0028368,2.7312247,-0.000396488,-0.000713483,0.002421074,1.2088825,0.38723171,0.000634534,-0.000931056,4.1308171,0.79574346,288.527,287.86,289.716,2.39,NaN,NaN,NaN,-0.0368569353700678,445.671143078382,46.1571377025278,15.9148692,288.527,287.86,289.716,0.165386099593911+0i,0.000634534,20.8640279810932,502.088272133103,28.3045898450737,20.9314978262147,-9.9e+37,587.475,759.882,-9.9e+37
20260514170605.7,1149.42200928926,9.7878755,0.5974212,2.0027385,2.7312029,-0.000396815,-0.000713701,0.002400493,1.2088825,0.13756373,0.000639216,0.029735134,4.1303034,0.69182131,288.543,287.865,289.748,2.37,NaN,NaN,NaN,-0.0430759935894969,445.656816531415,57.3550701159624,13.8364262,288.543,287.865,289.748,0.221612748574881+0i,0.000639216,20.8583246688985,503.049244941525,27.5937218846561,20.9302877655983,-9.9e+37,251.504,719.193,400.417
20260514170607.8,1151.48400776088,9.7879957,0.56052453,2.0027275,2.73164,-0.000398013,-0.00071675,0.002430548,1.2089043,0.40460847,0.000638127,-0.018701065,4.1315493,0.5927802,288.524,287.854,289.751,2.39,NaN,NaN,NaN,-0.0437719207554323,445.944070369899,53.6674687471834,11.855604,288.524,287.854,289.751,0.239503300419286+0i,0.000638127,20.8721571716499,504.011469016628,26.4453967178283,20.9294612449773,-9.9e+37,-9.9e+37,-9.9e+37,-9.9e+37
20260514170609.8,1153.52700613439,9.7880722,0.42699725,2.0029571,2.7312684,-0.000397904,-0.000714136,0.002430548,1.2089371,0.34927764,0.000634425,0.11627645,4.1309482,0.74950371,288.535,287.849,289.754,2.37,NaN,NaN,NaN,-0.029246022818711,445.699861890419,40.3222161675515,14.9900742,288.535,287.849,289.754,0.210704322304571+0i,0.000634425,20.8654835081104,502.363550802181,26.4316950399507,20.9293724874749,783.918,780.154,548.368,-9.9e+37
20260514170611.9,1155.56600131094,9.7886843,0.56924237,2.0026729,2.7315635,-0.000395617,-0.000712067,0.002444922,1.2089371,0.10865484,0.000633227,-0.094164637,4.1315384,0.64425241,288.538,287.827,289.713,2.35,NaN,NaN,NaN,-0.047226250142856,445.893796019306,54.5387646857274,12.8850482,288.538,287.827,289.713,0.238494623543868+0i,0.000633227,20.8720361552923,502.775217539129,27.470655905176,20.9295497335176,-9.9e+37,-9.9e+37,573.699,553.349
20260514170613.9,1157.62099921703,9.7888045,0.6057582,2.0027822,2.7317384,-0.000396053,-0.000712503,0.002422708,1.2089808,0.32713115,0.000635187,0.11703665,4.131604,0.7374478,288.527,287.841,289.699,2.38,NaN,NaN,NaN,-0.0403112647574631,446.008736985562,58.1883033755359,14.748956,288.527,287.841,289.699,0.252572395146652+0i,0.000635187,20.8727644739218,502.775217539129,27.5527414117323,20.9293431706029,-9.9e+37,575.166,476.13,107.862
20260514170616,1159.68400351703,9.7886187,0.47163292,2.0027494,2.7312029,-0.000396488,-0.000712612,0.002362053,1.2089152,0.10541826,0.000635405,-0.008638357,4.1309482,0.64581942,288.554,287.813,289.702,2.36,NaN,NaN,NaN,-0.0423863930341355,445.656816531415,44.7832842744664,12.9163884,288.554,287.813,289.702,0.171863836770635+0i,0.000635405,20.8654835081104,502.225911467646,26.404416244904,20.9312323605938,-9.9e+37,-9.9e+37,623.306,586.043
20260514170618,1161.72700189054,9.7885422,0.54965261,2.0027166,2.7306236,-0.000397577,-0.000714136,0.002419005,1.208948,0.29769412,0.000634534,0.11900853,4.1309919,0.75195134,288.543,287.83,289.688,2.36,NaN,NaN,NaN,-0.0444615213108221,445.276111547125,52.5808854031241,15.0390268,288.543,287.83,289.688,0.199664189667776+0i,0.000634534,20.8659686837828,502.775217539129,26.4316950399507,20.9307600630961,-9.9e+37,311.02,516.235,220.426
20260514170620.1,1163.79700675607,9.7881488,0.61686801,2.0028368,2.7311045,-0.000395617,-0.00071381,0.002360311,1.2088606,0.12876949,0.00061613,-0.11215898,4.1315712,0.58370772,288.548,287.819,289.669,2.33,NaN,NaN,NaN,-0.0368569353700678,445.592149915751,59.2986624015097,11.6741544,288.548,287.819,289.669,0.216071516036078+0i,0.00061613,20.872400314607,502.363550802181,26.4316950399507,20.9306419887216,-9.9e+37,-9.9e+37,353.652,638.914
20260514170622.1,1165.8480014652,9.7878755,0.43768476,2.0026838,2.7306017,-0.000398122,-0.000712394,0.002416936,1.2089917,0.34658667,0.000637692,-0.087607304,4.1310247,0.58791551,288.521,287.832,289.661,2.26,NaN,NaN,NaN,-0.0465366495874946,445.261719282053,41.3903688356605,11.7583102,288.521,287.832,289.661,0.153416377474238+0i,0.000637692,20.8663328430975,502.775217539129,26.404416244904,20.9316750722574,1089.377,-9.9e+37,-9.9e+37,386.466
20260514170624.2,1167.90200360119,9.7884766,0.51812697,2.0026401,2.7307657,-0.000397686,-0.000710869,0.002399077,1.2090027,0.1429915,0.000633771,0.03416446,4.1312542,0.70303588,288.557,287.838,289.642,2.25,NaN,NaN,NaN,-0.0493013784195284,445.369496974827,49.4300863414301,14.0607176,288.557,287.838,289.642,0.191269722363184+0i,0.000633771,20.868880848059,502.088272133103,27.5253380559775,20.9308189658022,9.9e+37,379.626,361.055,676.619
20260514170626.2,1169.95300836861,9.7888373,0.52126861,2.0028915,2.7311045,-0.000395617,-0.00071577,0.002410729,1.2089262,0.43113957,0.000634316,-0.047518393,4.1315165,0.62372311,288.535,287.841,289.637,2.17,NaN,NaN,NaN,-0.0333962793720701,445.592149915751,49.7440744591711,12.4744622,288.535,287.841,289.637,0.184299609008354+0i,0.000634316,20.8717930123352,502.088272133103,27.5527414117323,20.9310847003852,380.453,-9.9e+37,-9.9e+37,96.275
20260514170628.3,1172.03500270844,9.788116,0.69043436,2.002815,2.7311154,-0.000398666,-0.000714354,0.002406156,1.2089152,0.3001352,0.000634751,-0.11929584,4.1315821,0.60599281,288.527,287.843,289.626,2.15,NaN,NaN,NaN,-0.0382361364807764,445.599313189235,66.6511788469252,12.1198562,288.527,287.843,289.626,0.209296582349881+0i,0.000634751,20.8725213309647,502.363550802181,27.5116363780999,20.9312027747597,9.9e+37,-9.9e+37,-9.9e+37,388.934
20260514170630.4,1174.10600334406,9.7887389,0.49108082,2.0029024,2.7306127,-0.000396053,-0.000712612,0.002440022,1.208948,0.41576084,0.00063584,0.1128995,4.1309482,0.75492712,288.524,287.87,289.677,2.1,NaN,NaN,NaN,-0.032706678816723,445.268948273642,46.7269854989909,15.0985424,288.524,287.87,289.677,0.183709645048444+0i,0.00063584,20.8654835081104,514.310645040208,27.5663185289013,20.9306419887216,9.9e+37,946.583,224.658,-9.9e+37
20260514170632.5,1176.18000134826,9.7888592,0.49461423,2.0029243,2.7310498,-0.000396379,-0.000715552,0.002450694,1.2089917,0.28837172,0.000637147,0.11664724,4.13144,0.75327936,288.548,287.887,289.686,2.01,NaN,NaN,NaN,-0.0313211510953977,445.556202112125,47.0801286837948,15.0655872,288.548,287.887,289.686,0.173996253949153+0i,0.000637147,20.870943677348,502.637578204586,27.5527414117323,20.9312616774658,-9.9e+37,802.659,606.806,-9.9e+37
20260514170634.6,1178.26200574636,9.7884876,0.50721794,2.0026729,2.7306345,-0.000396053,-0.000715552,0.002420965,1.2089699,0.1106256,0.000634969,0.06061574,4.1310684,0.66849627,288.548,287.895,289.707,1.95,NaN,NaN,NaN,-0.047226250142856,445.283274820608,48.3397940749451,13.3699254,288.548,287.895,289.707,0.196593954715129+0i,0.000634969,20.8668180187699,503.462162945145,27.5663185289013,20.9305239143472,-9.9e+37,-9.9e+37,744.481,501.032
20260514170636.6,1180.31600788236,9.7888373,0.56208172,2.002804,2.7306892,-0.000393875,-0.000716968,0.002438497,1.2089371,0.38097897,0.000634969,-0.042879994,4.1315603,0.56065221,288.521,287.906,289.688,1.92,NaN,NaN,NaN,-0.0389320636467545,445.319222624235,53.8231005691188,11.2130442,288.521,287.906,289.688,0.169311743050955+0i,0.000634969,20.8722792982494,503.049244941525,28.3045898450737,20.9317931466319,-9.9e+37,-9.9e+37,-9.9e+37,229.307
20260514170638.7,1182.37900212407,9.788728,0.51058547,2.0028478,2.7299788,-0.000398775,-0.000714681,0.002419767,1.2089371,0.32263307,0.000637038,0.11862162,4.1302378,0.75919709,288.538,287.887,289.691,1.92,NaN,NaN,NaN,-0.036161008204104,444.852361203831,48.676358546411,15.1839418,288.538,287.887,289.691,0.166528970218934+0i,0.000637038,20.857596350269,501.950632798569,28.3729736737523,20.9316159005891,9.9e+37,863.568,508.287,-9.9e+37
20260514170640.7,1184.44100059569,9.7881269,0.5555267,2.0027931,2.7310498,-0.000397795,-0.000713047,0.002407027,1.2089699,0.11367559,0.000632356,0.05232944,4.1308936,0.68834139,288.562,287.908,289.705,1.93,NaN,NaN,NaN,-0.0396216642021017,445.556202112125,53.1679655467883,13.7668278,288.562,287.908,289.705,0.214271424690902+0i,0.000632356,20.8648773160803,503.049244941525,27.5527414117323,20.9302581797642,-9.9e+37,204.316,718.092,432.605
20260514170642.8,1186.50000169873,9.7883673,0.55248872,2.0026401,2.7307875,-0.00039431,-0.000716096,0.002402998,1.2089917,0.11757018,0.000634534,0.05983888,4.1305766,0.64396869,288.535,287.917,289.68,1.94,NaN,NaN,NaN,-0.0493013784195284,445.383823521793,52.8643376257232,12.8793738,288.535,287.917,289.68,0.207290032826908+0i,0.000634534,20.8613578495323,502.225911467646,28.3592719958751,20.9304647426789,-9.9e+37,-9.9e+37,549.344,655.138
20260514170644.9,1188.57000656426,9.7881269,0.41673204,2.0029898,2.7306455,-0.000398231,-0.000714136,0.002356717,1.2089043,0.17767405,0.000635296,-0.11417419,4.1302706,0.56389207,288.538,287.903,289.68,1.91,NaN,NaN,NaN,-0.0271772211526553,445.290503812197,39.2962698573071,11.2778414,288.538,287.903,289.68,0.148393154050279+0i,0.000635296,20.8579605095837,511.426475348271,27.5253380559775,20.9314978262147,336.451,-9.9e+37,-9.9e+37,723.952
20260514170646.9,1190.61700813472,9.7879957,0.58099602,2.0027931,2.7311591,-0.000398013,-0.000716532,0.00238405,1.2090355,0.19622497,0.000638018,0.073705092,4.1302269,0.71381505,288.559,287.906,289.68,1.9,NaN,NaN,NaN,-0.0396216642021017,445.628032001272,55.7134716668221,14.276301,288.559,287.906,289.68,0.208806168752118+0i,0.000638018,20.8574753339113,512.66272682577,27.5390397338547,20.9304058399728,9.9e+37,360.499,397.791,587.106
20260514170649,1192.66800284386,9.7881488,0.65497375,2.0029352,2.731651,-0.000395835,-0.000715334,0.002406482,1.2089152,0.11651496,0.000611012,0.002343432,4.1307296,0.62388461,288.54,287.908,289.677,1.87,NaN,NaN,NaN,-0.0306315505400363,445.951299361487,63.10710308145,12.4776922,288.54,287.908,289.677,0.196395797562337+0i,0.000611012,20.8630565195066,502.088272133103,28.2089272213479,20.9314093376744,388.559,-9.9e+37,376.471,739.569
20260514170651,1194.72300074995,9.7879739,0.5807494,2.0028259,2.7318368,-0.00039529,-0.000713918,0.002452654,1.2090464,0.46040415,0.000634969,-0.059395062,4.1302378,0.65695761,288.524,287.911,289.683,1.76,NaN,NaN,NaN,-0.0375465359254292,446.073403601227,55.68882347365,13.1391522,288.524,287.911,289.683,0.179326007409108+0i,0.000634969,20.857596350269,502.912856873663,28.3729736737523,20.931556997883,-9.9e+37,-9.9e+37,-9.9e+37,-9.9e+37
20260514170653.2,1196.88300713897,9.7880285,0.56233925,2.0027057,2.7328423,-0.000397142,-0.000714354,0.002388406,1.2090683,0.26155365,0.000632791,0.00498692,4.130511,0.59778677,288.538,287.911,289.71,1.67,NaN,NaN,NaN,-0.0451511218661693,446.734199150517,53.8488391515031,11.9557354,288.538,287.911,289.71,0.207406993487545+0i,0.000632791,20.8606295309028,502.363550802181,28.3455703179975,20.9305239143472,1273.259,227.525,-9.9e+37,252.589
20260514170655.4,1199.06999990344,9.7880395,0.59241137,2.0029133,2.7326128,-0.000397359,-0.000713701,0.002414432,1.2090683,0.10723843,0.000636385,-0.00114874,4.1307624,0.56882225,288.551,287.898,289.702,1.65,NaN,NaN,NaN,-0.0320170782613616,446.583376098739,56.8543675873778,11.376445,288.551,287.898,289.702,0.214350849974407+0i,0.000636385,20.8634206788213,501.814244730707,27.5253380559775,20.9305239143472,9.9e+37,685.912,-9.9e+37,357.979
20260514170657.4,1201.14100053906,9.7878537,0.53582017,2.0026838,2.7331046,-0.000395617,-0.000713701,0.002421836,1.2089917,0.45582426,0.000630613,-0.026902419,4.1303362,0.68593632,288.519,287.914,289.675,1.65,NaN,NaN,NaN,-0.0465366495874946,446.906577740849,51.1984158014621,13.7187264,288.519,287.914,289.675,0.236081182135209+0i,0.000630613,20.8586888282132,502.775217539129,27.5390397338547,20.9293724874749,-9.9e+37,741.45,147.576,-9.9e+37
20260514170659.5,1203.22700813413,9.7886187,0.47113423,2.002815,2.7337166,-0.000397686,-0.000714681,0.002367607,1.2090901,0.42385561,0.00062898,-0.02205189,4.1302378,0.63831721,288.51,287.903,289.664,1.58,NaN,NaN,NaN,-0.0382361364807764,447.308772545588,44.7334431932361,12.7663442,288.51,287.903,289.664,0.166484830652484+0i,0.00062898,20.857596350269,513.897727036587,27.5253380559775,20.9311436030914,-9.9e+37,577.199,97.9,-9.9e+37
20260514170701.6,1205.27000650764,9.7887499,0.45876622,2.0027057,2.7341975,-0.000396815,-0.000714245,0.002378496,1.2090245,0.29166069,0.000637038,0.11884954,4.1315821,0.765667,288.529,287.903,289.645,1.55,NaN,NaN,NaN,-0.0451511218661693,447.624810914215,43.4973346066057,15.31334,288.529,287.903,289.645,0.185879841386341+0i,0.000637038,20.8725213309647,503.186884276068,28.3455703179975,20.9305239143472,1029.553,1076.755,632.574,-9.9e+37
20260514170703.6,1207.33200497925,9.7886952,0.49483029,2.0026729,2.7347112,-0.000398666,-0.000714027,0.002363251,1.2089699,0.41795094,0.000635078,0.087080834,4.1315056,0.69398303,288.538,287.906,289.661,1.47,NaN,NaN,NaN,-0.047226250142856,447.962404821395,47.1017225878446,13.8796606,288.538,287.906,289.661,0.225639157003265+0i,0.000635078,20.8716719959775,502.775217539129,28.3729736737523,20.9293724874749,-9.9e+37,640.099,514.82,-9.9e+37
20260514170705.7,1209.41399931908,9.7885531,0.4625168,2.0026729,2.7345582,-0.000400191,-0.000712503,0.002372398,1.2090792,0.43122905,0.000618199,-0.035913736,4.1313307,0.65663788,288.532,287.908,289.661,1.47,NaN,NaN,NaN,-0.047226250142856,447.86185612021,43.8721826333169,13.1327576,288.532,287.908,289.661,0.216236934778949+0i,0.000618199,20.8697301830461,502.775217539129,28.3318686401203,20.9294316591432,-9.9e+37,447.138,362.905,-9.9e+37
20260514170707.8,1211.48100681603,9.7889138,0.63654833,2.0028696,2.7348315,-0.000398775,-0.000716096,0.00239091,1.2090464,0.12185653,0.000634316,0.057097216,4.130981,0.69831411,288.548,287.895,289.653,1.48,NaN,NaN,NaN,-0.0347818070933954,448.041463702131,61.2655926141822,13.9662822,288.548,287.895,289.653,0.252317136203339+0i,0.000634316,20.8658476674251,513.074393562709,28.4276558245533,20.9293135847687,700.737,518.229,788.965,376.829
20260514170709.8,1213.53900209069,9.7888264,0.52619225,2.0028259,2.7348752,-0.000398122,-0.000713701,0.002421401,1.2090245,0.28201858,0.000633227,0.11817319,4.1315493,0.72977972,288.548,287.887,289.661,1.44,NaN,NaN,NaN,-0.0375465359254292,448.070182514168,50.2361628130354,14.5955944,288.548,287.887,289.661,0.183997285767554+0i,0.000633227,20.8721571716499,508.268278253925,28.3865507909218,20.9309666260108,-9.9e+37,549.334,666.208,128.607
20260514170711.9,1215.59000685811,9.7888701,0.6225173,2.0030008,2.7341101,-0.000397468,-0.000712612,0.002407244,1.2090792,0.4074042,0.000634969,-0.010987016,4.1312761,0.59605389,288.519,287.895,289.677,1.38,NaN,NaN,NaN,-0.0264812939866772,447.567373290139,59.8632751304261,11.9210778,288.519,287.895,289.677,0.205948026557007+0i,0.000634969,20.8691239910161,503.462162945145,28.3592719958751,20.9309074543425,-9.9e+37,-9.9e+37,158.086,-9.9e+37
20260514170713.9,1217.63700842857,9.7886078,0.54384288,2.0027385,2.7337057,-0.000400191,-0.000714245,0.002424994,1.2090355,0.18751477,0.000636167,-0.001317092,4.1309482,0.73860887,288.551,287.911,289.68,1.39,NaN,NaN,NaN,-0.0430759935894969,447.301609272105,52.0002376563156,14.7721774,288.551,287.911,289.68,0.221659178226863+0i,0.000636167,20.8654835081104,502.225911467646,27.7440666591829,20.929933542475,1245.853,618.774,732.027,272.781
20260514170716,1219.71100643277,9.7888482,0.42904876,2.0030336,2.733345,-0.000397359,-0.000714681,0.002386663,1.2090683,0.1098672,0.000635296,0.057145348,4.1311777,0.64452631,288.543,287.892,289.664,1.14,NaN,NaN,NaN,-0.0244061657100048,447.064564066109,40.5272523153682,12.8905262,288.543,287.892,289.664,0.174690254555437+0i,0.000635296,20.8680315130718,502.088272133103,27.5527414117323,20.9307600630961,-9.9e+37,-9.9e+37,647.747,606.632
20260514170718.1,1221.77700810134,9.7887608,0.387618,2.0027275,2.7329516,-0.000397033,-0.000715552,0.002456356,1.2090901,0.12089407,0.000631811,-0.092101621,4.131593,0.5810975,288.543,287.93,289.677,1.1,NaN,NaN,NaN,-0.0437719207554323,446.806029039664,36.3864957840727,11.62195,288.543,287.93,289.677,0.161988011316426+0i,0.000631811,20.8726423473223,502.499938870047,26.3907145670269,20.9309370401767,272.009,-9.9e+37,354.877,784.891
20260514170720.1,1223.85600507259,9.7895477,0.58684937,2.0029133,2.7329407,-0.000398448,-0.000713483,0.002419005,1.209101,0.35944029,0.000630831,0.11636793,4.1314838,0.7289744,288.54,287.936,289.686,1.08,NaN,NaN,NaN,-0.0320170782613616,446.798865766181,56.298478971599,14.579488,288.54,287.936,289.686,0.21643413387536+0i,0.000630831,20.8714299632622,502.912856873663,26.349734094103,20.9304351568448,589.771,415.523,295.638,154.89
20260514170722.2,1225.91400034726,9.7884876,0.58238951,2.002662,2.7318805,-0.000397577,-0.000716423,0.002410294,1.2090136,0.11402151,0.000632465,0.052899944,4.1310356,0.68913034,288.546,287.922,289.716,1.06,NaN,NaN,NaN,-0.0479158506982031,446.102122413264,55.852742653374,13.7826068,288.546,287.922,289.716,0.175102425062395+0i,0.000632465,20.8664538594552,514.584672442613,26.4316950399507,20.9315274120488,-9.9e+37,-9.9e+37,554.179,603.075
20260514170724.3,1227.96900831163,9.7886515,0.60619032,2.002662,2.7315198,-0.0004003,-0.000715225,0.002421836,1.209101,0.44396479,0.000631811,0.073178146,4.1314838,0.68018116,288.502,287.922,289.672,0.99,NaN,NaN,NaN,-0.0479158506982031,445.865077207268,58.2314911836356,13.6036232,288.502,287.922,289.672,0.194116793319214+0i,0.000631811,20.8714299632622,513.486060299648,26.404416244904,20.9310551145511,-9.9e+37,214.827,-9.9e+37,-9.9e+37
20260514170726.3,1230.02700358629,9.7885094,0.60045046,2.0026838,2.7312466,-0.000397142,-0.000714463,0.002380456,1.2089917,0.4044066,0.000632574,0.10403411,4.1310466,0.75563641,288.538,287.941,289.705,0.97,NaN,NaN,NaN,-0.0465366495874946,445.685535343453,57.6578265252098,15.1127282,288.538,287.941,289.705,0.203642850118909+0i,0.000632574,20.8665759860546,514.035366371131,26.404416244904,20.9307008914278,-9.9e+37,566.572,438.085,-9.9e+37
20260514170728.5,1232.17200301588,9.7885094,0.57131134,2.002651,2.7308094,-0.000398231,-0.000712176,0.002361291,1.2091994,0.22874801,0.000633989,-0.00731232,4.1315056,0.75260717,288.527,287.93,289.705,0.98,NaN,NaN,NaN,-0.0486117778641528,445.398215786865,54.7455458560596,15.0521434,288.527,287.93,289.705,0.14224526604698+0i,0.000633989,20.8716719959775,514.44703310807,27.5253380559775,20.9325311787126,-9.9e+37,483.84,788.118,-9.9e+37
20260514170730.5,1234.22300778329,9.788881,0.51130241,2.0029571,2.7310171,-0.000397251,-0.000713592,0.002421074,1.2090901,0.44099556,0.000634969,0.14578068,4.1313198,0.69845597,288.538,287.936,289.713,1.01,NaN,NaN,NaN,-0.029246022818711,445.534712291676,48.7480124090857,13.9691194,288.538,287.936,289.713,0.197850141941956+0i,0.000634969,20.8696091666885,514.035366371131,27.5253380559775,20.9302877655983,-9.9e+37,217.269,350.286,-9.9e+37
20260514170732.7,1236.4260032773,9.7886624,0.63731,2.0027275,2.7299678,-0.000400517,-0.00071577,0.002378823,1.209112,0.10699399,0.000638781,-0.000765099,4.1316149,0.5693013,288.54,287.936,289.697,1,NaN,NaN,NaN,-0.0437719207554323,444.845132212243,61.3417169726828,11.386026,288.54,287.936,289.697,0.208613888794493+0i,0.000638781,20.8728854902794,514.173005705669,27.7167878641362,20.9307008914278,-9.9e+37,297.971,278.833,248.084
20260514170734.8,1238.52000720799,9.7886734,0.85213057,2.0027931,2.7299569,-0.000398013,-0.000714899,0.002397553,1.2090573,0.38234519,0.000636603,0.11185378,4.1302596,0.73487032,288.532,287.941,289.705,0.91,NaN,NaN,NaN,-0.0396216642021017,444.83796893876,82.811747411036,14.6974064,288.532,287.941,289.705,0.272004264404378+0i,0.000636603,20.8578383829843,514.035366371131,28.3592719958751,20.9298743708068,-9.9e+37,873.353,577.354,-9.9e+37
20260514170736.9,1240.60600474477,9.7887171,0.47033654,2.0027057,2.729793,-0.000396924,-0.000715443,0.002382743,1.2090355,0.10793463,0.000635187,0.012388282,4.1312324,0.67356613,288.557,287.941,289.702,0.89,NaN,NaN,NaN,-0.0451511218661693,444.730256964091,44.6537188512871,13.4713226,288.557,287.941,289.702,0.212775663570246+0i,0.000635187,20.8686388153437,514.996339179552,28.3729736737523,20.9293724874749,-9.9e+37,126.764,742.325,487.647
20260514170739,1242.68000274897,9.7887936,0.4615718,2.0027603,2.7298585,-0.000398448,-0.000710652,0.002374358,1.2091229,0.33929944,0.000637801,0.11504713,4.1309263,0.715812,288.546,287.955,289.667,0.82,NaN,NaN,NaN,-0.0416967924787883,444.773302323096,43.777735538403,14.31624,288.546,287.955,289.667,0.163654985897504+0i,0.000637801,20.8652403651533,513.761338968726,28.687364900683,20.9311436030914,-9.9e+37,521.135,541.777,-9.9e+37
20260514170741.1,1244.84400227666,9.7882362,0.52173675,2.0029898,2.7292683,-0.000399646,-0.000714027,0.002438062,1.2091448,0.31261995,0.000634207,-0.00738871,4.1302378,0.68594941,288.527,287.936,289.634,0.77,NaN,NaN,NaN,-0.0271772211526553,444.385434065322,49.7908622507192,13.7189882,288.527,287.936,289.634,0.203208410682897+0i,0.000634207,20.857596350269,512.936754228166,28.3182915229509,20.9301696912239,-9.9e+37,100.109,762.112,88.939
20260514170743.2,1246.91800028086,9.788116,0.42500794,2.0027603,2.7292355,-0.000400735,-0.000713483,0.002409749,1.209112,0.23899683,0.000638127,-0.16154129,4.1308717,0.58228367,288.54,287.911,289.596,0.74,NaN,NaN,NaN,-0.0416967924787883,444.363878526768,40.1233965375164,11.6456734,288.54,287.911,289.596,0.189289564337854+0i,0.000638127,20.8646341731232,514.310645040208,28.3318686401203,20.9298743708068,-9.9e+37,-9.9e+37,300.869,567.999
20260514170745.4,1249.08199980855,9.7879848,0.50516643,2.0027931,2.7287109,-0.000398775,-0.000713592,0.002441547,1.2091229,0.45523063,0.000637909,-0.003501646,4.1306859,0.71269653,288.532,287.925,289.604,0.71,NaN,NaN,NaN,-0.0396216642021017,444.019121346103,48.1347579271284,14.2539306,288.532,287.925,289.604,0.217887502978602+0i,0.000637909,20.8625713438342,513.074393562709,28.3729736737523,20.9295201476834,1178.935,-9.9e+37,230.142,388.793
20260514170747.4,1251.14100091159,9.7881488,0.59614774,2.0029461,2.7285251,-0.000397033,-0.00071479,0.00239984,1.2091229,0.44916777,0.000637474,0.077443802,4.1307296,0.71889472,288.521,287.936,289.618,0.66,NaN,NaN,NaN,-0.0299419499846891,443.897017106364,57.2277954096248,14.3778944,288.521,287.936,289.618,0.236376305895857+0i,0.000637474,20.8630565195066,513.486060299648,27.5390397338547,20.9295793193517,9.9e+37,402.304,-9.9e+37,-9.9e+37
20260514170749.5,1253.19099985063,9.788105,0.65688777,2.0030117,2.7281535,-0.000398013,-0.000714027,0.002420747,1.2091885,0.16249177,0.000638781,-0.11567127,4.1302924,0.59625686,288.532,287.9,289.582,0.59,NaN,NaN,NaN,-0.02579169343133,443.652808626885,63.2983979265369,11.9251372,288.532,287.9,289.582,0.261667914987525+0i,0.000638781,20.858202542299,514.035366371131,27.4980592609309,20.9291659245601,1343.805,-9.9e+37,272.246,527.627
20260514170751.6,1255.28100058436,9.7888592,0.7165704,2.0029789,2.7284705,-0.000399973,-0.000715552,0.002447318,1.2092431,0.16345533,0.000638127,-0.10737621,4.1313089,0.58598839,288.538,287.906,289.558,0.56,NaN,NaN,NaN,-0.0278668217080025,443.861135020843,69.2633196411612,11.7197678,288.538,287.906,289.558,0.262732136451121+0i,0.000638127,20.8694881503308,502.775217539129,27.5390397338547,20.9297267105982,9.9e+37,-9.9e+37,-9.9e+37,748.619
20260514170753.7,1257.36700817943,9.7888045,0.56589665,2.0027603,2.7286344,-0.00039932,-0.000714136,0.002417045,1.2091229,0.13497422,0.000638127,-0.043438626,4.1308936,0.61359869,288.543,287.9,289.531,0.55,NaN,NaN,NaN,-0.0416967924787883,443.968846995511,54.2043799932456,12.2719738,288.543,287.9,289.531,0.193698636981703+0i,0.000638127,20.8648773160803,514.310645040208,27.4022720764979,20.9307893799681,9.9e+37,-9.9e+37,-9.9e+37,867.242
20260514170755.7,1259.44500938058,9.7884657,0.52552114,2.0026401,2.728241,-0.000397359,-0.000713047,0.002387317,1.2092978,0.14201812,0.000636494,-0.064167397,4.130522,0.58484587,288.548,287.903,289.506,0.58,NaN,NaN,NaN,-0.0493013784195284,443.710311969066,50.169089384604,11.6969174,288.548,287.903,289.506,0.188175156447533+0i,0.000636494,20.8607516575023,514.310645040208,26.4179933620735,20.9307600630961,9.9e+37,-9.9e+37,-9.9e+37,903.47
20260514170757.8,1261.49200089276,9.7891324,0.50471357,2.0030117,2.7284268,-0.000398231,-0.000711958,0.002390692,1.2091994,0.45453552,0.000631049,-0.028107022,4.1306531,0.64231875,288.529,287.908,289.493,0.59,NaN,NaN,NaN,-0.02579169343133,443.832416208805,48.0894972801414,12.846375,288.529,287.908,289.493,0.194029129680224+0i,0.000631049,20.8622071845194,512.66272682577,27.5390397338547,20.9304058399728,9.9e+37,337.037,-9.9e+37,200.953
20260514170759.8,1263.5510019958,9.7888592,0.51571644,2.0030336,2.7283612,-0.000400409,-0.000712067,0.002403106,1.2091994,0.28376128,0.000633118,-0.11086302,4.130522,0.601988,288.529,287.933,289.479,0.49,NaN,NaN,NaN,-0.0244061657100048,443.789305131696,49.1891682930674,12.03976,288.529,287.933,289.479,0.215819405108433+0i,0.000633118,20.8607516575023,513.486060299648,27.5800202067785,20.9296973937262,9.9e+37,-9.9e+37,-9.9e+37,430.212
20260514170802,1265.74200801551,9.7887062,0.64517123,2.002815,2.7281754,-0.000401933,-0.00071479,0.002436211,1.2091885,0.27607357,0.000633227,0.00571258,4.130664,0.59039696,288.527,287.941,289.482,0.47,NaN,NaN,NaN,-0.0382361364807764,443.667200891957,62.1273998678678,11.8079392,288.527,287.941,289.482,0.240951099440965+0i,0.000633227,20.8623282008771,512.113420754288,26.4453967178283,20.9298154681006,9.9e+37,566.485,-9.9e+37,340.84
20260514170804.1,1267.82800555229,9.7877444,0.57921513,2.002651,2.728853,-0.000398339,-0.000714354,0.002429241,1.209265,0.23474649,0.000633771,-0.16527548,4.1305985,0.60310542,288.538,287.925,289.446,0.48,NaN,NaN,NaN,-0.0486117778641528,444.112506773805,55.5354823685563,12.0621084,288.538,287.925,289.446,0.232159335431661+0i,0.000633771,20.8616009924894,514.722311777147,27.5253380559775,20.9295793193517,9.9e+37,329.059,-9.9e+37,562.87
20260514170806.2,1269.89099979401,9.7878974,0.5403815,2.0027275,2.7287328,-0.000398557,-0.000713592,0.002395593,1.2091666,0.21187212,0.000634969,-0.1346512,4.1303143,0.60133545,288.516,287.917,289.436,0.41,NaN,NaN,NaN,-0.0437719207554323,444.033513611175,51.6542934389685,12.026709,288.516,287.917,289.436,0.188286220635063+0i,0.000634969,20.8584456852561,514.035366371131,27.5116363780999,20.9308189658022,9.9e+37,252.405,-9.9e+37,712.23
20260514170808.3,1271.9840079546,9.7877553,0.46882192,2.0026292,2.7294869,-0.000399428,-0.000715225,0.002406809,1.2092431,0.26867065,0.000634969,0.18925311,4.1306313,0.73696766,288.529,287.952,289.425,0.35,NaN,NaN,NaN,-0.0499909789748756,444.529093843616,44.5023416461035,14.7393532,288.529,287.952,289.425,0.229155785425828+0i,0.000634969,20.8619651518042,503.049244941525,27.0194970208881,20.9290478501857,9.9e+37,936.388,311.735,422.739
20260514170810.5,1274.19100664556,9.7879957,0.58526381,2.0028478,2.7293448,-0.000400626,-0.000713483,0.002450258,1.2092322,0.14697121,0.000636276,-0.000825318,4.1308061,0.52537492,288.54,287.936,289.457,0.4,NaN,NaN,NaN,-0.036161008204104,444.435708415915,56.1400117379359,10.5074984,288.54,287.936,289.457,0.246849466930415+0i,0.000636276,20.8639058544937,511.014808611328,26.3907145670269,20.9292544131004,-9.9e+37,-9.9e+37,-9.9e+37,486.392
20260514170812.5,1276.23400501907,9.7878755,0.54819691,2.0027057,2.7299678,-0.000398448,-0.000717948,0.002393524,1.2091885,0.41942082,0.000631376,-0.026741472,4.1303034,0.61030427,288.519,287.944,289.449,0.35,NaN,NaN,NaN,-0.0451511218661693,444.845132212243,52.4353968993504,12.2060854,288.519,287.944,289.449,0.22854590037408+0i,0.000631376,20.8583246688985,513.486060299648,25.3380520239239,20.9295793193517,1356.16,418.371,-9.9e+37,116.544
20260514170814.6,1278.28900292516,9.7887717,0.40134461,2.0027275,2.7304597,-0.000399102,-0.000713265,0.002420203,1.2091994,0.21369229,0.000633989,0.055148203,4.1309045,0.74023589,288.557,287.936,289.438,0.34,NaN,NaN,NaN,-0.0437719207554323,445.168399572457,37.7583883105445,14.8047178,288.557,287.936,289.438,0.165674587657403+0i,0.000633989,20.864998332438,513.761338968726,26.4179933620735,20.9306713055937,9.9e+37,886.975,550.211,388.458
20260514170816.6,1280.35600036383,9.7880832,0.4245289,2.0027713,2.7304706,-0.0004003,-0.000712503,0.002407027,1.2091557,0.38986487,0.000635514,0.11039055,4.1308936,0.73244996,288.513,287.949,289.436,0.29,NaN,NaN,NaN,-0.0410008653128102,445.17556284594,40.0755193561963,14.6489992,288.513,287.949,289.436,0.150816731010418+0i,0.000635514,20.8648773160803,514.173005705669,26.404416244904,20.9314389235086,-9.9e+37,603.413,389.169,-9.9e+37
20260514170818.7,1282.43400156498,9.7879848,0.514515,2.0027057,2.7303722,-0.000400735,-0.000712721,0.002431419,1.2091885,0.43714678,0.00063682,-0.016352843,4.1308608,0.67867853,288.527,287.979,289.427,0.25,NaN,NaN,NaN,-0.0451511218661693,445.110896230276,49.0690915547464,13.5735706,288.527,287.979,289.427,0.181199218969756+0i,0.00063682,20.8645131567656,514.035366371131,26.404416244904,20.9309370401767,-9.9e+37,399.404,321.014,-9.9e+37
20260514170820.8,1284.51200276613,9.7878974,0.44840609,2.002651,2.7302739,-0.000403349,-0.000712285,0.002379476,1.2092103,0.38149294,0.000635405,-0.079553421,4.1307843,0.61867181,288.513,287.971,289.452,0.22,NaN,NaN,NaN,-0.0486117778641528,445.046295332718,42.4619016103833,12.3734362,288.513,287.971,289.452,0.189538606646138+0i,0.000635405,20.8636638217784,513.212032897248,26.9648148700867,20.9301401053898,-9.9e+37,124.935,151.574,-9.9e+37
20260514170822.9,1286.5780044347,9.7881597,0.6212973,2.0030008,2.7309078,-0.000399428,-0.000708583,0.002434795,1.2092868,0.23207953,0.000636276,0.11916218,4.1305766,0.75911852,288.554,287.974,289.449,0.14,NaN,NaN,NaN,-0.0264812939866772,445.462882402529,59.7413434311722,15.1823704,288.554,287.974,289.449,0.186647539554801+0i,0.000636276,20.8613578495323,514.035366371131,27.5663185289013,20.9313208491341,1641.245,953.209,656.749,-9.9e+37
20260514170824.9,1288.64500187337,9.7881488,0.53958272,2.0030773,2.7307329,-0.000400953,-0.000710652,0.002442527,1.2091885,0.42906404,0.000639216,-0.051035167,4.1303799,0.64510357,288.524,287.974,289.43,0.07,NaN,NaN,NaN,-0.0216414368779709,445.347941436272,51.5744601580422,12.9020714,288.524,287.974,289.43,0.17931239147002+0i,0.000639216,20.8591740038856,512.936754228166,27.5390397338547,20.9311436030914,-9.9e+37,274.411,248.548,-9.9e+37
20260514170827,1290.74200317264,9.7884657,0.58375137,2.002662,2.7306455,-0.000400409,-0.000713374,0.002460821,1.2092868,0.1686354,0.000636385,-0.002826494,4.1303689,0.71925155,288.54,287.976,289.43,0.05,NaN,NaN,NaN,-0.0479158506982031,445.290503812197,55.9888524107067,14.385031,288.54,287.976,289.43,0.195949636200314+0i,0.000636385,20.8590518772861,514.035366371131,28.3729736737523,20.9307893799681,577.216,675.992,768.656,248.59
20260514170829.2,1292.8990021348,9.7888373,0.49513693,2.0028478,2.7311154,-0.000399646,-0.000712394,0.002419332,1.2092103,0.2602038,0.000635187,-0.00729923,4.1303143,0.71677773,288.51,287.971,289.422,-0.01,NaN,NaN,NaN,-0.036161008204104,445.599313189235,47.132369420844,14.3355546,288.51,287.971,289.422,0.16510886553654+0i,0.000635187,20.8584456852561,513.897727036587,28.3729736737523,20.9313208491341,-9.9e+37,273.638,753.074,315.997
20260514170831.4,1295.09800449014,9.7888155,0.53514251,2.0027822,2.7311154,-0.000400953,-0.000714136,0.002422599,1.2092213,0.12949516,0.000624733,-0.00053631,4.1309482,0.53363988,288.546,287.968,289.482,-0.05,NaN,NaN,NaN,-0.0403112647574631,445.599313189235,51.1306877397274,10.6727976,288.546,287.968,289.482,0.181113537812288+0i,0.000624733,20.8654835081104,513.074393562709,28.3455703179975,20.931025528717,-9.9e+37,-9.9e+37,113.554,412.041
20260514170833.4,1297.14900925756,9.7879739,0.55854177,2.002804,2.7305799,-0.000400082,-0.000712612,0.002434251,1.2093306,0.18427928,0.000639107,-0.11215865,4.1309373,0.58315228,288.529,287.976,289.49,-0.06,NaN,NaN,NaN,-0.0389320636467545,445.247392735087,53.4693037504518,11.6630456,288.529,287.976,289.49,0.190408695715457+0i,0.000639107,20.8653624917527,514.44703310807,27.5253380559775,20.9308485516364,799.582,-9.9e+37,298.995,631.148
20260514170835.6,1299.2889996618,9.7877553,0.46481056,2.002651,2.7306564,-0.000401497,-0.000714136,0.002444051,1.2092103,0.2784088,0.000618853,0.00559473,4.1315821,0.57367276,288.543,287.995,289.528,-0.11,NaN,NaN,NaN,-0.0486117778641528,445.29766708568,44.1014302189567,11.4734552,288.543,287.995,289.528,0.174336884053703+0i,0.000618853,20.8725213309647,513.348420965114,27.5253380559775,20.9308189658022,9.9e+37,178.717,-9.9e+37,439.078
20260514170837.8,1301.47700831294,9.7877444,0.64895779,2.002662,2.7313122,-0.000400626,-0.000710869,0.002436864,1.2093196,0.4060118,0.000634751,-0.000917989,4.1314182,0.77632724,288.513,287.995,289.539,-0.13,NaN,NaN,NaN,-0.0479158506982031,445.728646420563,62.5058438802668,15.5265448,288.513,287.995,289.539,0.218875074217139+0i,0.000634751,20.8707016446327,501.950632798569,27.5116363780999,20.9307008914278,9.9e+37,838.218,515.592,-9.9e+37
20260514170839.8,1303.55100631714,9.7878864,0.53451723,2.0027385,2.7311919,-0.000401171,-0.00071381,0.002426083,1.2092103,0.26791989,0.000634425,-0.1195439,4.1309482,0.56904049,288.529,287.968,289.572,-0.08,NaN,NaN,NaN,-0.0430759935894969,445.649587539827,51.0681947455393,11.3808098,288.529,287.968,289.572,0.178258272020072+0i,0.000634425,20.8654835081104,501.950632798569,27.5663185289013,20.9313797518403,-9.9e+37,-9.9e+37,-9.9e+37,451.827
20260514170841.9,1305.60600422323,9.7878755,0.55394551,2.002651,2.7317384,-0.000400953,-0.000714027,0.002428261,1.2093087,0.14508666,0.000636167,0.021275361,4.1310247,0.6754234,288.543,287.976,289.585,-0.06,NaN,NaN,NaN,-0.0486117778641528,446.008736985562,53.0099350684741,13.508468,288.543,287.976,289.585,0.189035946629899+0i,0.000636167,20.8663328430975,514.310645040208,26.404416244904,20.9309074543425,9.9e+37,479.557,463.128,697.014
20260514170844.1,1307.77000375092,9.7878537,0.47498955,2.0026947,2.7318586,-0.000402369,-0.000713265,0.002455812,1.2092541,0.27987541,0.000636603,0.00545723,4.1315165,0.55729559,288.543,287.955,289.639,-0.08,NaN,NaN,NaN,-0.045847049032119,446.087730148193,45.1187593561604,11.1459118,288.543,287.955,289.639,0.178342439386179+0i,0.000636603,20.8717930123352,514.44703310807,26.4453967178283,20.9307600630961,180.499,-9.9e+37,-9.9e+37,417.463
20260514170846.3,1309.98800620437,9.7877553,0.48356444,2.002651,2.7319023,-0.000401933,-0.000710107,0.002401473,1.2092978,0.4213687,0.00063584,-0.001177488,4.1315603,0.77156619,288.524,287.96,289.642,-0.1,NaN,NaN,NaN,-0.0486117778641528,446.11644896023,45.9757682976483,15.4313238,288.524,287.96,289.642,0.170532035343606+0i,0.00063584,20.8722792982494,514.44703310807,25.2697927559529,20.9311436030914,1385.411,598.005,500.327,143.386
20260514170848.3,1312.04700730741,9.7871542,0.54949657,2.002651,2.7320007,-0.000402042,-0.000712067,0.002437953,1.2091666,0.13783653,0.000634316,0.043140289,4.1312433,0.67674488,288.529,287.968,289.656,-0.16,NaN,NaN,NaN,-0.0486117778641528,446.181115575894,52.5652901389015,13.5348976,288.529,287.968,289.656,0.181025452694888+0i,0.000634316,20.8687598317013,513.761338968726,25.3107732288772,20.9312027747597,656.195,-9.9e+37,548.013,578.526
20260514170850.4,1314.11300897598,9.7880722,0.50271551,2.0027603,2.7323177,-0.000401715,-0.000710434,0.002449931,1.2092431,0.43920702,0.000637583,0.092659985,4.131604,0.70365897,288.535,287.966,289.675,-0.2,NaN,NaN,NaN,-0.0416967924787883,446.389441969853,47.8898031399682,14.0731794,288.535,287.966,289.675,0.159820120753444+0i,0.000637583,20.8727644739218,514.310645040208,26.4179933620735,20.9316159005891,-9.9e+37,251.249,180.585,-9.9e+37
20260514170852.6,1316.27000793815,9.7881597,0.6283761,2.0029789,2.7321865,-0.000402695,-0.000714463,0.002397771,1.2092103,0.12546086,0.000633771,-0.10215241,4.1311777,0.63263627,288.543,287.968,289.686,-0.3,NaN,NaN,NaN,-0.0278668217080025,446.303219815634,60.448827130089,12.6527254,288.543,287.968,289.686,0.199964676929287+0i,0.000633771,20.8680315130718,514.310645040208,26.4590983957055,20.9309666260108,458.574,-9.9e+37,474.416,571.244
20260514170854.6,1318.3480091393,9.7878537,0.51367692,2.0027057,2.7318258,-0.000402151,-0.000715661,0.002430766,1.2092322,0.45021426,0.000633663,-0.064893076,4.1309919,0.64328449,288.521,287.952,289.71,-0.33,NaN,NaN,NaN,-0.0451511218661693,446.066174609638,48.9853304739999,12.8656898,288.521,287.952,289.71,0.180103363287088+0i,0.000633663,20.8659686837828,514.173005705669,26.4453967178283,20.9309666260108,427.778,235.721,-9.9e+37,-9.9e+37
20260514170856.7,1320.41400074959,9.7878427,0.53835291,2.0026401,2.7321209,-0.000403349,-0.00071381,0.00242543,1.209265,0.12062781,0.000631267,0.04218974,4.130981,0.6613509,288.535,287.947,289.656,-0.38,NaN,NaN,NaN,-0.0493013784195284,446.260108738525,51.4515480079935,13.227018,288.535,287.947,289.656,0.192304868465616+0i,0.000631267,20.8658476674251,512.799114893632,26.404416244904,20.9307304772619,1463.223,293.295,512.259,584.583
20260514170858.8,1322.48400561512,9.788575,0.4631257,2.0027275,2.7318258,-0.000404547,-0.000713701,0.002382634,1.2093524,0.13843343,0.000633009,-0.10084676,4.1304564,0.59785334,288.551,287.952,289.677,-0.41,NaN,NaN,NaN,-0.0437719207554323,446.066174609638,43.9330385445265,11.9570668,288.551,287.952,289.677,0.21481256014258+0i,0.000633009,20.8600233388728,512.936754228166,26.4453967178283,20.9293431706029,1252.377,-9.9e+37,197.219,776.317
20260514170900.8,1324.55500625074,9.7895587,0.39155519,2.0028915,2.7323286,-0.000404547,-0.000717076,0.002408333,1.2092431,0.37846478,0.000636603,-0.001845889,4.1307624,0.58397834,288.524,287.938,289.683,-0.43,NaN,NaN,NaN,-0.0333962793720701,446.396605243336,36.779994363569,11.6795668,288.524,287.938,289.683,0.206126049006215+0i,0.000636603,20.8634206788213,514.173005705669,26.3770128891492,20.9289297758113,1498.705,-9.9e+37,-9.9e+37,391.621
20260514170902.9,1326.62500105798,9.7895696,0.4593162,2.0030773,2.7320444,-0.000404111,-0.000712938,0.00240768,1.2092213,0.13438823,0.000633336,0.037706507,4.1304455,0.66237229,288.548,287.949,289.688,-0.5,NaN,NaN,NaN,-0.0216414368779709,446.209834387932,43.5523018164054,13.2474458,288.548,287.949,289.688,0.195909333305284+0i,0.000633336,20.8599023225151,525.296766469814,26.4453967178283,20.9297562964323,9.9e+37,513.534,371.712,700.595
20260514170905,1328.68000902236,9.7895696,0.59589894,2.0028587,2.7322412,-0.000403784,-0.000716314,0.002395919,1.2092431,0.12446347,0.000617982,0.031996893,4.1307733,0.68221632,288.57,287.938,289.683,-0.59,NaN,NaN,NaN,-0.0354714076487426,446.33916761926,57.2029293384983,13.6443264,288.57,287.938,289.683,0.250905486043504+0i,0.000617982,20.863541695179,514.722311777147,27.5390397338547,20.9290774360199,1221.03,98.354,397.221,738.204
20260514170907,1330.73100373149,9.7886187,0.60913665,2.0027166,2.7312247,-0.000402695,-0.000712503,0.002457772,1.2092868,0.35383352,0.000631267,-0.052263833,4.1302487,0.5447988,288.524,287.944,289.675,-0.61,NaN,NaN,NaN,-0.0444615213108221,445.671143078382,58.5259592356542,10.895976,288.524,287.944,289.675,0.253302636883045+0i,0.000631267,20.8577173666266,524.060514992315,27.5390397338547,20.9289001899771,169.716,-9.9e+37,-9.9e+37,473.366
20260514170909.1,1332.78100267053,9.7886078,0.55918669,2.0027275,2.7312138,-0.000403458,-0.000713483,0.002377298,1.2091885,0.15592365,0.000629742,-0.084971279,4.1302815,0.61360305,288.546,287.941,289.686,-0.63,NaN,NaN,NaN,-0.0437719207554323,445.663979804898,53.5337596451098,12.272061,288.546,287.941,289.686,0.242350870423655+0i,0.000629742,20.8580815259414,515.409257183172,27.5253380559775,20.9290774360199,9.9e+37,-9.9e+37,-9.9e+37,786.501
20260514170911.1,1334.8480001092,9.7886734,0.54963515,2.002804,2.7305908,-0.000404002,-0.000715443,0.002412254,1.2091557,0.13027975,0.00063094,0.035784175,4.1302269,0.65067977,288.529,287.93,289.683,-0.6,NaN,NaN,NaN,-0.0389320636467545,445.25455600857,52.5791403806085,13.0135954,288.529,287.93,289.683,0.186962122912362+0i,0.00063094,20.8574753339113,513.212032897248,27.5253380559775,20.9309370401767,9.9e+37,213.659,221.65,819.306
20260514170913.2,1336.92200817168,9.7884548,0.52205975,2.0026401,2.7306564,-0.000406616,-0.000714354,0.002438171,1.2092322,0.43841588,0.000628653,0.10975743,4.1304017,0.69576937,288.527,287.938,289.658,-0.65,NaN,NaN,NaN,-0.0493013784195284,445.29766708568,49.8231441678168,13.9153874,288.527,287.938,289.658,0.194475403943471+0i,0.000628653,20.8594160366009,514.85995111169,27.5253380559775,20.9304647426789,374.646,418.209,-9.9e+37,-9.9e+37
20260514170915.4,1339.07800130546,9.7895259,0.57339668,2.0030445,2.7300771,-0.000404982,-0.000714245,0.002416501,1.2092759,0.27964298,0.000631267,0.0053623,4.1303034,0.59379832,288.538,287.949,289.664,-0.72,NaN,NaN,NaN,-0.0237165651546434,444.91696210139,54.9539631099302,11.8759664,288.538,287.949,289.664,0.238154503227793+0i,0.000631267,20.8583246688985,514.44703310807,28.4139541466766,20.9293135847687,-9.9e+37,-9.9e+37,-9.9e+37,178.105
20260514170917.6,1341.28499999642,9.7895149,0.46386447,2.0030226,2.7300225,-0.000403675,-0.000715552,0.002423252,1.2092541,0.40579028,0.000622229,-0.000912544,4.1305875,0.78154986,288.532,287.955,289.669,-0.74,NaN,NaN,NaN,-0.0251020928759687,444.881080015869,44.0068741850656,15.6309972,288.532,287.955,289.669,0.168733724580316+0i,0.000622229,20.8614788658899,513.761338968726,27.9081131115868,20.9309962118449,1329.752,804.019,574.051,-9.9e+37
20260514170919.7,1343.37900392711,9.7887062,0.48978226,2.0026401,2.7295306,-0.000405309,-0.000717948,0.002437191,1.2092541,0.43837769,0.000631158,0.10269306,4.1305985,0.72148639,288.524,287.952,289.675,-0.76,NaN,NaN,NaN,-0.0493013784195284,444.557812655654,46.5972021978572,14.4297278,288.524,287.952,289.675,0.173622150154388+0i,0.000631158,20.8616009924894,514.44703310807,27.5253380559775,20.9309962118449,-9.9e+37,507.541,392.258,-9.9e+37
20260514170921.7,1345.4340018332,9.7887499,0.55970939,2.0029024,2.7293667,-0.00040128,-0.000714354,0.002401037,1.2092541,0.270804,0.000628436,0.1105221,4.1302596,0.77489225,288.543,287.957,289.705,-0.79,NaN,NaN,NaN,-0.032706678816723,444.450100680986,53.586000382159,15.497845,288.543,287.957,289.705,0.206424073972502+0i,0.000628436,20.8578383829843,514.173005705669,27.5390397338547,20.9303170824704,-9.9e+37,591.282,758.212,-9.9e+37
20260514170923.8,1347.46900387108,9.7888373,0.68456683,2.0028478,2.7292465,-0.000404764,-0.000715661,0.002382416,1.209265,0.12102501,0.000630505,0.050602575,4.1308608,0.6710552,288.557,287.936,289.686,-0.81,NaN,NaN,NaN,-0.036161008204104,444.371107518356,66.0647543360045,13.421104,288.557,287.936,289.686,0.21081701917014+0i,0.000630505,20.8645131567656,514.310645040208,27.4569542272984,20.9308781374705,-9.9e+37,-9.9e+37,778.144,436.138
20260514170925.8,1349.52300600708,9.7888592,0.49831568,2.0030663,2.728853,-0.000404547,-0.000715661,0.002396355,1.2093087,0.44387204,0.000630831,-0.057827296,4.1310466,0.64911165,288.529,287.949,289.716,-0.83,NaN,NaN,NaN,-0.0223373640439348,444.112506773805,47.4500664610106,12.982233,288.529,287.949,289.716,0.223482166052136+0i,0.000630831,20.8665759860546,513.486060299648,27.5527414117323,20.9292839989346,-9.9e+37,-9.9e+37,85.164,-9.9e+37
20260514170927.9,1351.57800391316,9.7886078,0.52752245,2.0027385,2.7287219,-0.000405418,-0.000712503,0.002430766,1.2092431,0.11988031,0.000629633,-0.047342853,4.1302487,0.66344825,288.54,287.933,289.716,-0.81,NaN,NaN,NaN,-0.0430759935894969,444.026350337692,50.3691083428285,13.268965,288.54,287.933,289.716,0.222277204285384+0i,0.000629633,20.8577173666266,524.060514992315,27.470655905176,20.9293431706029,1062.448,-9.9e+37,591.289,544.416
20260514170929.9,1353.66000831127,9.7885531,0.50693095,2.0026947,2.7287328,-0.000405853,-0.000712938,0.002437408,1.2091994,0.35492693,0.000623535,0.11542195,4.1303143,0.73544758,288.538,287.952,289.71,-0.88,NaN,NaN,NaN,-0.045847049032119,444.033513611175,48.3111111418558,14.7089516,288.538,287.952,289.71,0.202335290280301+0i,0.000623535,20.8584456852561,524.609821063793,27.5253380559775,20.9298743708068,297.053,541.512,401.57,-9.9e+37
20260514170932,1355.72700574994,9.7881269,0.67378983,2.0029898,2.7287874,-0.000405853,-0.000715987,0.002369131,1.2093196,0.3035682,0.000633336,0.11209792,4.1302924,0.76003297,288.546,287.974,289.729,-0.92,NaN,NaN,NaN,-0.0271772211526553,444.069395696696,64.9876576779232,15.2006594,288.546,287.974,289.729,0.224230794886106+0i,0.000633336,20.858202542299,514.44703310807,27.5527414117323,20.9304058399728,-9.9e+37,468.232,664.847,-9.9e+37
20260514170934.1,1357.80500695109,9.7881706,0.52674223,2.0030445,2.729006,-0.000405635,-0.000713701,0.002406264,1.2092431,0.40574772,0.000632682,0.087623025,4.1305001,0.71611208,288.535,287.974,289.732,-0.95,NaN,NaN,NaN,-0.0237165651546434,444.21305547499,50.2911300228351,14.3222416,288.535,287.974,289.732,0.172916905552135+0i,0.000632682,20.8605085145451,514.173005705669,27.5253380559775,20.9312616774658,-9.9e+37,324.818,526.545,-9.9e+37
20260514170936.2,1359.88700129092,9.7879302,0.59751395,2.002662,2.7289842,-0.000403893,-0.000716423,0.002458861,1.2092868,0.25896853,0.000630613,0.090392455,4.1306859,0.76615915,288.543,287.974,289.729,-0.96,NaN,NaN,NaN,-0.0479158506982031,444.198728928024,57.3643399234262,15.323183,288.543,287.974,289.729,0.225735276232521+0i,0.000630613,20.8625713438342,526.257739278235,28.3729736737523,20.9296382220579,-9.9e+37,494.937,806.568,-9.9e+37
20260514170938.3,1361.97300888598,9.7886078,0.54589988,2.0027057,2.7287109,-0.000405527,-0.000714027,0.002400602,1.2092759,0.25723784,0.00063192,0.079118724,4.1302706,0.7467058,288.543,287.993,289.726,-0.98,NaN,NaN,NaN,-0.0451511218661693,444.019121346103,52.2058224967789,14.934116,288.543,287.993,289.726,0.213538103052247+0i,0.00063192,20.8579605095837,525.021487800736,27.4980592609309,20.9297562964323,-9.9e+37,289.868,804.246,-9.9e+37
20260514170940.3,1364.01600725949,9.7885204,0.44532883,2.002662,2.7293667,-0.000405418,-0.000715007,0.002441329,1.2092431,0.42910442,0.000630069,-0.017952627,4.130358,0.63006315,288.516,287.995,289.716,-0.98,NaN,NaN,NaN,-0.0479158506982031,444.450100680986,42.1543478883783,12.601263,288.516,287.995,289.716,0.208879211452293+0i,0.000630069,20.8589308609285,513.897727036587,27.5253380559775,20.9293431706029,-9.9e+37,-9.9e+37,263.27,-9.9e+37
20260514170942.4,1366.15200452507,9.7885094,0.58189628,2.0026729,2.7293776,-0.000407487,-0.000711849,0.002437191,1.2092978,0.30026942,0.00061711,-0.00753384,4.1315384,0.75440879,288.527,288.006,289.691,-1.06,NaN,NaN,NaN,-0.047226250142856,444.457263954469,55.8034472664699,15.0881758,288.527,288.006,289.691,0.240208377170312+0i,0.00061711,20.8720361552923,514.035366371131,26.6367219652789,20.9293724874749,632.7,441.828,788.755,137.874
20260514170944.6,1368.29700395465,9.7886624,0.58837601,2.0027822,2.7299569,-0.000404873,-0.000714572,0.002463979,1.2093415,0.13308421,0.000636058,-0.003649961,4.1314182,0.64885412,288.559,287.99,289.675,-1.09,NaN,NaN,NaN,-0.0403112647574631,444.83796893876,56.4510575038522,12.9770824,288.559,287.99,289.675,0.204547767534431+0i,0.000636058,20.8707016446327,512.113420754288,26.404416244904,20.9306419887216,-9.9e+37,499.578,528.621,244.976
20260514170946.7,1370.36300562322,9.7888482,0.5849288,2.0030554,2.7301536,-0.000407487,-0.000714899,0.002453961,1.2091994,0.12303506,0.000633771,0.035704572,4.1304455,0.66443363,288.532,288.001,289.65,-1.12,NaN,NaN,NaN,-0.0230269645992962,444.967236451982,56.1065294932088,13.2886726,288.532,288.001,289.65,0.193741899867941+0i,0.000633771,20.8599023225151,513.074393562709,25.2833698731229,20.9309962118449,-9.9e+37,-9.9e+37,822.26,557.029
20260514170948.8,1372.46100269258,9.7885641,0.36863281,2.0027275,2.7305908,-0.000405962,-0.000712067,0.002412798,1.2091885,0.41723618,0.00063192,-0.030840189,4.1302706,0.60327783,288.516,288.028,289.642,-1.17,NaN,NaN,NaN,-0.0437719207554323,445.25455600857,34.4890396550907,12.0655566,288.516,288.028,289.642,0.188898946409043+0i,0.00063192,20.8579605095837,514.44703310807,26.3907145670269,20.9293724874749,-9.9e+37,-9.9e+37,-9.9e+37,-9.9e+37
20260514170950.8,1374.54300709069,9.7879848,0.47197667,2.0027931,2.7305908,-0.000407487,-0.000714463,0.002380783,1.209265,0.26196068,0.00063388,-0.11804148,4.1302487,0.5243197,288.535,288.031,289.656,-1.23,NaN,NaN,NaN,-0.0396216642021017,445.25455600857,44.8176400298914,10.486394,288.535,288.031,289.656,0.224516325894669+0i,0.00063388,20.8577173666266,513.761338968726,26.4316950399507,20.9290478501857,1338.578,-9.9e+37,299.976,496.449
20260514170952.9,1376.62500143051,9.7881597,0.5690776,2.0030554,2.730875,-0.0004052,-0.00071479,0.002397226,1.2092431,0.27545157,0.000632465,-0.11019244,4.1305438,0.60440835,288.529,288.028,289.656,-1.23,NaN,NaN,NaN,-0.0230269645992962,445.441326863974,54.522296910247,12.088167,288.529,288.028,289.656,0.216507218716674+0i,0.000632465,20.8609936902176,513.761338968726,27.4980592609309,20.9300516168495,9.9e+37,-9.9e+37,-9.9e+37,589.637
20260514170955,1378.69500629604,9.7885531,0.44035281,2.0026947,2.7312356,-0.000408467,-0.00071479,0.002406809,1.2092431,0.43425284,0.000629089,0.10826023,4.1310138,0.72408678,288.527,288.014,289.661,-1.31,NaN,NaN,NaN,-0.045847049032119,445.678306351865,41.6570244669674,14.4817356,288.527,288.014,289.661,0.198045838697325+0i,0.000629089,20.8662118267399,514.44703310807,27.5253380559775,20.9296973937262,9.9e+37,772.883,-9.9e+37,-9.9e+37
20260514170957,1380.74600100517,9.7885641,0.49094987,2.0027166,2.7312138,-0.000407922,-0.000713483,0.002416501,1.2092431,0.39691203,0.000633227,-0.012155573,4.1309919,0.62220957,288.519,288.044,289.667,-1.36,NaN,NaN,NaN,-0.0444615213108221,445.663979804898,46.7138978301243,12.4441914,288.519,288.044,289.667,0.209521937158734+0i,0.000633227,20.8659686837828,514.85995111169,27.5253380559775,20.9296973937262,327.033,346.041,-9.9e+37,-9.9e+37
20260514170959.1,1382.80100896955,9.788575,0.51763919,2.002662,2.7314761,-0.000405853,-0.000715987,0.002413452,1.2092868,0.13683369,0.000621793,0.021234307,4.1313963,0.71023799,288.551,288.025,289.672,-1.36,NaN,NaN,NaN,-0.0479158506982031,445.83635839523,49.381335649412,14.2047598,288.551,288.025,289.672,0.2011044779166+0i,0.000621793,20.8704585016756,513.486060299648,27.5253380559775,20.9302285939301,9.9e+37,754.908,588.087,528.395
20260514171001.1,1384.85600687563,9.7888482,0.67379092,2.0029133,2.7316619,-0.00040716,-0.00071283,0.002424886,1.2092103,0.40720342,0.000632356,-0.027440909,4.1314072,0.59201634,288.524,288.031,289.677,-1.4,NaN,NaN,NaN,-0.0320170782613616,445.95846263497,64.9877666169004,11.8403268,288.524,288.031,289.677,0.223982826712445+0i,0.000632356,20.8705795180333,513.486060299648,27.5663185289013,20.9304351568448,-9.9e+37,-9.9e+37,-9.9e+37,-9.9e+37
20260514171003.2,1386.9140021503,9.7879957,0.5792064,2.002815,2.7312138,-0.00040324,-0.000714899,0.00238699,1.2092868,0.1767476,0.000635405,0.002547502,4.1309373,0.71987464,288.551,288.017,289.705,-1.41,NaN,NaN,NaN,-0.0382361364807764,445.663979804898,55.5346098572985,14.3974928,288.551,288.017,289.705,0.241187504135132+0i,0.000635405,20.8653624917527,512.936754228166,27.5253380559775,20.9293135847687,9.9e+37,782.094,620.021,384.395
20260514171005.3,1389.00400288403,9.7879629,0.55938638,2.002804,2.7312029,-0.000408467,-0.000712721,0.00242249,1.2093087,0.42272619,0.000631485,0.098269844,4.1309482,0.69350943,288.535,288.033,289.688,-1.44,NaN,NaN,NaN,-0.0389320636467545,445.656816531415,53.5537174656213,13.8701886,288.535,288.033,289.688,0.224781378578125+0i,0.000631485,20.8654835081104,514.44703310807,26.4590983957055,20.9297267105982,-9.9e+37,436.235,298.861,-9.9e+37
20260514171007.4,1391.08200408518,9.7886515,0.68562204,2.0027603,2.7312138,-0.000407051,-0.000714463,0.002405284,1.2093087,0.36950252,0.000632247,-0.067212109,4.1309482,0.63429712,288.519,288.028,289.677,-1.44,NaN,NaN,NaN,-0.0416967924787883,445.663979804898,66.1702162608977,12.6859424,288.519,288.028,289.677,0.247211963729107+0i,0.000632247,20.8654835081104,514.173005705669,26.4179933620735,20.9298154681006,-9.9e+37,-9.9e+37,-9.9e+37,-9.9e+37
20260514171009.5,1393.18800754845,9.788269,0.49355246,2.0027822,2.7312029,-0.000407051,-0.000710869,0.002441873,1.209265,0.13787036,0.000633118,-0.10248857,4.1309373,0.63049092,288.548,288.014,289.699,-1.5,NaN,NaN,NaN,-0.0403112647574631,445.656816531415,46.974011126158,12.6098184,288.548,288.014,289.699,0.214889994220676+0i,0.000633118,20.8653624917527,514.584672442613,25.2697927559529,20.9296086362237,9.9e+37,282.715,398.828,547.195
20260514171011.7,1395.36300078034,9.7884876,0.58717455,2.0026838,2.7318696,-0.000408793,-0.000713592,0.002384703,1.2091557,0.30658982,0.000614824,0.00549543,4.1315712,0.58316101,288.546,288.017,289.707,-1.54,NaN,NaN,NaN,-0.0465366495874946,446.094959139781,56.3309787666509,11.6632202,288.546,288.017,289.707,0.250341749403767+0i,0.000614824,20.872400314607,513.486060299648,25.3107732288772,20.929136338726,1417.321,154.958,-9.9e+37,374.482
20260514171013.8,1397.46900424361,9.7888592,0.45115817,2.0030008,2.7321974,-0.000404329,-0.000711958,0.002438062,1.2092759,0.23724431,0.000631158,0.13905543,4.1312324,0.75661851,288.532,288.012,289.691,-1.59,NaN,NaN,NaN,-0.0264812939866772,446.310383089117,42.7369555373363,15.1323702,288.532,288.012,289.691,0.184214551367637+0i,0.000631158,20.8686388153437,514.85995111169,25.5432035099598,20.9303762541386,9.9e+37,997.351,480.891,186.54
20260514171015.8,1399.54300224781,9.7887827,0.64418039,2.0029133,2.7318477,-0.000410862,-0.000714899,0.002417807,1.2092868,0.30334341,0.00063682,-0.17419517,4.1309482,0.60420429,288.513,287.998,289.691,-1.59,NaN,NaN,NaN,-0.0320170782613616,446.08056687471,62.0283713392705,12.0840858,288.513,287.998,289.691,0.200551972242109+0i,0.00063682,20.8654835081104,513.212032897248,26.3907145670269,20.9310551145511,-9.9e+37,-9.9e+37,-9.9e+37,253.071
20260514171017.9,1401.64500251412,9.7891871,0.44477776,2.002651,2.7320226,-0.000408685,-0.000714463,0.002390366,1.2092759,0.36831199,0.000630287,0.16426175,4.1313963,0.7421259,288.519,288.017,289.697,-1.63,NaN,NaN,NaN,-0.0486117778641528,446.195507840966,42.0992717396014,14.842518,288.519,288.017,289.697,0.158813020938514+0i,0.000630287,20.8704585016756,514.85995111169,26.4179933620735,20.9312616774658,1577.025,900.622,362.464,-9.9e+37
20260514171020.1,1403.83600853384,9.7887608,0.7073135,2.002968,2.7318914,-0.000408793,-0.000713483,0.002359004,1.2093306,0.1604981,0.00063192,-0.000833268,4.1313635,0.55727704,288.54,287.998,289.683,-1.68,NaN,NaN,NaN,-0.0285564222633639,446.109285686747,68.3381478814698,11.1455408,288.54,287.998,289.683,0.192239880129779+0i,0.00063192,20.8700943423609,513.897727036587,26.4179933620735,20.9315865837171,-9.9e+37,-9.9e+37,107.926,333.482
20260514171022.2,1405.91000653803,9.7888482,0.5202745,2.0029571,2.7322521,-0.000407051,-0.000714136,0.002415738,1.2092431,0.30861186,0.000632029,0.11442686,4.1314291,0.76051857,288.535,288.004,289.677,-1.74,NaN,NaN,NaN,-0.029246022818711,446.346330892743,49.6447191136422,15.2103714,288.535,288.004,289.677,0.186122821923107+0i,0.000632029,20.8708226609904,513.074393562709,26.4316950399507,20.9308189658022,1533.673,916.332,496.532,-9.9e+37
20260514171024.3,1407.97300077975,9.7885859,0.62160503,2.0027275,2.7318477,-0.00040814,-0.000711632,0.00237512,1.2093524,0.11830676,0.000635949,-0.11152684,4.130358,0.60298211,288.562,287.982,289.677,-1.78,NaN,NaN,NaN,-0.0437719207554323,446.08056687471,59.7720992031488,12.0596422,288.562,287.982,289.677,0.243948672212917+0i,0.000635949,20.8589308609285,513.623699634191,25.297071551,20.9295793193517,-9.9e+37,-9.9e+37,504.822,561.905
20260514171026.3,1410.03900244832,9.7886515,0.57288053,2.0026729,2.7321428,-0.000409011,-0.00071479,0.002397444,1.2092978,0.45285721,0.000632356,0.033242007,4.13144,0.67310672,288.524,287.995,289.702,-1.83,NaN,NaN,NaN,-0.047226250142856,446.274501003596,54.9023770061844,13.4621344,288.524,287.995,289.702,0.19619953817963+0i,0.000632356,20.870943677348,513.897727036587,26.3770128891492,20.9307893799681,-9.9e+37,449.222,-9.9e+37,-9.9e+37
20260514171028.4,1412.10200674832,9.7888155,0.48441232,2.0030008,2.7319023,-0.000410754,-0.000715334,0.002366409,1.2093415,0.26196177,0.000631049,0.11606759,4.1309919,0.75347579,288.538,287.99,289.713,-1.84,NaN,NaN,NaN,-0.0264812939866772,446.11644896023,46.0605088297494,15.0695158,288.538,287.99,289.713,0.212162322211824+0i,0.000631049,20.8659686837828,514.173005705669,25.2697927559529,20.9296382220579,254.584,713.794,674.777,-9.9e+37
20260514171030.4,1414.16000202298,9.7887171,0.37470113,2.0026729,2.7322084,-0.000408685,-0.000713483,0.002362271,1.2093961,0.10832202,0.000632682,-0.096828318,4.1315384,0.62115326,288.548,287.963,289.724,-1.87,NaN,NaN,NaN,-0.047226250142856,446.317612080706,35.0955319249402,12.4230652,288.548,287.963,289.724,0.190610994492936+0i,0.000632682,20.8720361552923,514.722311777147,25.3107732288772,20.929402073309,-9.9e+37,-9.9e+37,712.465,573.251
20260514171032.5,1416.24200642109,9.7888701,0.39653992,2.0030117,2.7321647,-0.000411625,-0.00071577,0.002409422,1.2092759,0.45112652,0.000619724,0.045646083,4.1313307,0.67652663,288.516,287.99,289.724,-1.86,NaN,NaN,NaN,-0.02579169343133,446.288893268668,37.2781882973575,13.5305326,288.516,287.99,289.724,0.161440863912386+0i,0.000619724,20.8697301830461,513.212032897248,24.4905409668572,20.9308781374705,-9.9e+37,230.739,134.5,-9.9e+37
20260514171034.6,1418.35200302303,9.7887827,0.57325809,2.0027166,2.7318477,-0.000410536,-0.000711741,0.002383941,1.2094399,0.17095099,0.000632029,0.000589233,4.1310029,0.73371906,288.554,287.963,289.745,-1.92,NaN,NaN,NaN,-0.0444615213108221,446.08056687471,54.940111868783,14.6743812,288.554,287.963,289.745,0.211434823225731+0i,0.000632029,20.8660908103822,525.296766469814,25.3107732288772,20.9300809337215,461.157,466.344,730.767,328.934
20260514171036.8,1420.46500705183,9.7885094,0.61332042,2.002662,2.7312356,-0.000411407,-0.000710978,0.002403433,1.2093415,0.42068995,0.000631485,0.095354496,4.1309919,0.72010489,288.524,287.976,289.718,-1.9,NaN,NaN,NaN,-0.0479158506982031,445.678306351865,58.944102010562,14.4020978,288.524,287.976,289.718,0.234390241242122+0i,0.000631485,20.8659686837828,525.570793872214,25.3244749067544,20.9295793193517,-9.9e+37,319.894,408.822,-9.9e+37
20260514171038.8,1422.5510045886,9.7888373,0.64696411,2.0030445,2.7313668,-0.000411734,-0.000714354,0.002402126,1.2093961,0.37650275,0.000633445,0.10524426,4.1310466,0.74371036,288.529,287.966,289.745,-1.94,NaN,NaN,NaN,-0.0237165651546434,445.764528506083,62.3065874948828,14.8742072,288.529,287.966,289.745,0.26395641289651+0i,0.000633445,20.8665759860546,524.609821063793,26.4316950399507,20.928841287271,-9.9e+37,530.212,607.496,-9.9e+37
20260514171040.9,1424.63700212538,9.7888045,0.69446099,2.0027603,2.7317275,-0.00041206,-0.000712503,0.002380456,1.2093415,0.2836718,0.000634751,0.088631507,4.131593,0.79207584,288.529,287.971,289.716,-1.99,NaN,NaN,NaN,-0.0416967924787883,446.001573712079,67.053616419193,15.8415168,288.529,287.971,289.716,0.259241490184807+0i,0.000634751,20.8726423473223,525.846072541292,26.4453967178283,20.9292544131004,-9.9e+37,472.02,809.901,-9.9e+37
20260514171043.1,1426.78100578487,9.7888592,0.69506334,2.0030773,2.7313996,-0.000412278,-0.000712612,0.002362815,1.2093306,0.26322869,0.000617655,-0.0075393,4.1309701,0.71287003,288.527,287.966,289.713,-2.03,NaN,NaN,NaN,-0.0216414368779709,445.786084044638,67.1138176970993,14.2574006,288.527,287.966,289.713,0.216901613647836+0i,0.000617655,20.8657266510675,515.271617848629,26.404416244904,20.9307600630961,-9.9e+37,-9.9e+37,854.362,204.682
20260514171045.1,1428.84800322354,9.7888045,0.55611706,2.0027385,2.7317165,-0.000413585,-0.000712721,0.002351054,1.2093634,0.26069267,0.000634316,-0.16098804,4.1315821,0.57278668,288.535,287.966,289.702,-2.11,NaN,NaN,NaN,-0.0430759935894969,445.994344720491,53.2269684959453,11.4557336,288.535,287.966,289.702,0.172055031677334+0i,0.000634316,20.8725213309647,514.310645040208,26.3907145670269,20.9314978262147,-9.9e+37,-9.9e+37,260.391,510.312
20260514171047.2,1430.93000762165,9.7894384,0.58389105,2.0029352,2.731651,-0.000411843,-0.000712938,0.002386119,1.2093852,0.20098384,0.000633118,0.12456278,4.131287,0.75982782,288.54,287.957,289.683,-2.18,NaN,NaN,NaN,-0.0306315505400363,445.951299361487,56.0028125908311,15.1965564,288.54,287.957,289.683,0.204514676450672+0i,0.000633118,20.8692450073737,514.584672442613,27.5390397338547,20.9305239143472,9.9e+37,535.573,536.492,444.095
20260514171049.4,1433.11700038612,9.7895259,0.60273004,2.0030554,2.7313668,-0.000415218,-0.000713918,0.00240474,1.2093634,0.44105121,0.000633118,-0.001235312,4.1311122,0.74949935,288.51,287.976,289.702,-2.25,NaN,NaN,NaN,-0.0230269645992962,445.764528506083,57.8856569047059,14.989987,288.51,287.976,289.702,0.263475163383709+0i,0.000633118,20.8673043046841,513.348420965114,26.4453967178283,20.9287821156027,-9.9e+37,-9.9e+37,597.261,183.529
20260514171051.4,1435.16000881791,9.7893401,0.53794916,2.0027822,2.7312029,-0.000413367,-0.000714681,0.002419985,1.2093524,0.1398815,0.000637365,0.033571306,4.1302378,0.70640996,288.535,287.971,289.675,-2.24,NaN,NaN,NaN,-0.0403112647574631,445.656816531415,51.4111956116216,14.1281992,288.535,287.971,289.675,0.177677552971188+0i,0.000637365,20.857596350269,525.021487800736,27.5116363780999,20.9309370401767,416.002,-9.9e+37,556.656,543.974
20260514171053.6,1437.2660022229,9.7891543,0.67130729,2.0026292,2.7313449,-0.000414129,-0.000714136,0.002424014,1.2094726,0.43086785,0.000631485,-0.045496205,4.130522,0.6272947,288.502,287.968,289.669,-2.29,NaN,NaN,NaN,-0.0499909789748756,445.750136241012,64.739542660984,12.545894,288.502,287.968,289.669,0.201802496840304+0i,0.000631485,20.8607516575023,525.708433206753,27.5390397338547,20.9308485516364,-9.9e+37,-9.9e+37,-9.9e+37,-9.9e+37
20260514171055.7,1439.4380081445,9.7884876,0.54804414,2.002651,2.7312575,-0.000412169,-0.000716205,0.002436211,1.2093961,0.30549859,0.000633118,-0.00716828,4.1308608,0.76315934,288.519,287.947,289.661,-2.34,NaN,NaN,NaN,-0.0486117778641528,445.692698616936,52.4201284520594,15.2631868,288.519,287.947,289.661,0.170318292673252+0i,0.000633118,20.8645131567656,514.44703310807,27.5116363780999,20.9314685093427,1372.009,466.769,622.256,184.371
20260514171057.9,1441.6210077703,9.7885204,0.55859088,2.0026838,2.7312138,-0.000412714,-0.000713156,0.00239189,1.2094071,0.12806347,0.000630613,-0.000488505,4.1308826,0.55326131,288.535,287.944,289.661,-2.36,NaN,NaN,NaN,-0.0465366495874946,445.663979804898,53.4742120010668,11.0652262,288.535,287.944,289.661,0.173001102180967+0i,0.000630613,20.8647551894809,512.936754228166,27.5527414117323,20.9314685093427,186.305,-9.9e+37,-9.9e+37,427.753
20260514171060,1443.69100257754,9.7888155,0.60642057,2.0027603,2.7317275,-0.000411298,-0.000710978,0.002422381,1.209418,0.21976934,0.000627673,-0.11735642,4.1308936,0.56122729,288.535,287.919,289.642,-2.41,NaN,NaN,NaN,-0.0416967924787883,446.001573712079,58.2545032932694,11.2245458,288.535,287.919,289.642,0.249148588198034+0i,0.000627673,20.8648773160803,523.373569586294,25.3107732288772,20.929107021854,1452.785,-9.9e+37,117.968,591.236
20260514171102.1,1445.83600200713,9.7895696,0.60581276,2.0030336,2.730864,-0.000415218,-0.000713483,0.002384159,1.2093415,0.32452744,0.000635732,0.00556308,4.1302378,0.59607026,288.538,287.925,289.631,-2.43,NaN,NaN,NaN,-0.0244061657100048,445.434097872386,58.193756321037,11.9214052,288.538,287.925,289.631,0.210008048931397+0i,0.000635732,20.857596350269,518.84148167991,24.4631376111024,20.9304943285131,9.9e+37,240.762,-9.9e+37,367.184
20260514171104.3,1447.99200519919,9.7892198,0.62037958,2.0026401,2.7307875,-0.00041304,-0.00071283,0.002384594,1.2095054,0.20937866,0.000631485,0.002189127,4.1308061,0.59692687,288.535,287.922,289.615,-2.5,NaN,NaN,NaN,-0.0493013784195284,445.383823521793,59.6496228090089,11.9385374,288.535,287.922,289.615,0.208919552239331+0i,0.000631485,20.8639058544937,513.212032897248,25.3244749067544,20.9307008914278,9.9e+37,591.812,-9.9e+37,333.963
20260514171106.4,1450.06300583482,9.7891324,0.6187973,2.0026401,2.7300443,-0.000413367,-0.000709672,0.002402017,1.2094726,0.43147785,0.000633009,0.085277746,4.1304236,0.7350711,288.524,287.925,289.577,-2.55,NaN,NaN,NaN,-0.0493013784195284,444.895406562835,59.4914833917175,14.701422,288.524,287.925,289.577,0.207677504149329+0i,0.000633009,20.859659179558,524.472181729254,25.3107732288772,20.9304943285131,1328.7,971.818,231.374,-9.9e+37
20260514171108.5,1452.16400027275,9.7894166,0.51470815,2.002815,2.7294323,-0.000414674,-0.000714463,0.002377952,1.2094399,0.43051648,0.000629633,0.059670309,4.1302269,0.73090042,288.521,287.911,289.512,-2.63,NaN,NaN,NaN,-0.0382361364807764,444.493211758096,49.0883957413947,14.6180084,288.521,287.911,289.512,0.217377819751739+0i,0.000629633,20.8574753339113,525.159127135271,24.6136069463373,20.9294905618493,-9.9e+37,833.901,406.752,-9.9e+37
20260514171110.5,1454.23800833523,9.7892526,0.54544702,2.0026401,2.7295634,-0.000412496,-0.00071283,0.002414432,1.2093961,0.11144293,0.000631485,0.027631815,4.1306203,0.67523243,288.524,287.903,289.495,-2.66,NaN,NaN,NaN,-0.0493013784195284,444.579368194209,52.1605618497919,13.5046486,288.524,287.903,289.495,0.206183221777216+0i,0.000631485,20.8618430252047,512.387448156693,24.4768392889796,20.9303762541386,-9.9e+37,406.833,733.151,434.213
20260514171112.6,1456.3159994781,9.7893401,0.50832117,2.002662,2.7290497,-0.000415109,-0.00071283,0.002370438,1.2093743,0.36731897,0.000631702,0.11157076,4.1307952,0.70327923,288.513,287.906,289.476,-2.65,NaN,NaN,NaN,-0.0479158506982031,444.241774287028,48.4500553114761,14.0655846,288.513,287.906,289.476,0.218402855303855+0i,0.000631702,20.8637848381361,514.173005705669,24.5042426447344,20.9296382220579,-9.9e+37,620.848,474.86,-9.9e+37
20260514171114.7,1458.40200707316,9.7891871,0.49753872,2.0026401,2.7288967,-0.000416634,-0.000713483,0.002422599,1.2095054,0.43089513,0.000634534,0.014524816,4.1305875,0.6816958,288.516,287.925,289.471,-2.69,NaN,NaN,NaN,-0.0493013784195284,444.141225585843,47.3724139585087,13.633916,288.516,287.925,289.471,0.193291845938188+0i,0.000634534,20.8614788658899,513.761338968726,25.2560910780758,20.9304351568448,-9.9e+37,377.718,391.684,-9.9e+37
20260514171116.7,1460.44900864363,9.7895477,0.62397954,2.0030663,2.7289404,-0.000415763,-0.000711958,0.00239385,1.2093634,0.19059423,0.000630831,-0.004000931,4.1306968,0.77184336,288.543,287.906,289.463,-2.63,NaN,NaN,NaN,-0.0223373640439348,444.169944397881,60.009417268063,15.4368672,288.543,287.906,289.463,0.254526926974288+0i,0.000630831,20.8626923601918,514.173005705669,27.5527414117323,20.9291659245601,-9.9e+37,521.295,812.959,157.93
20260514171118.8,1462.51200288534,9.7891324,0.6878045,2.0026401,2.7288749,-0.000415545,-0.000715116,0.002410402,1.2093524,0.14674205,0.000634098,-0.11549432,4.1312542,0.56248875,288.521,287.895,289.398,-2.65,NaN,NaN,NaN,-0.0493013784195284,444.126899038877,66.3883400775811,11.249775,288.521,287.895,289.398,0.212781729139111+0i,0.000634098,20.868880848059,525.570793872214,27.1152842053216,20.9306124028875,-9.9e+37,-9.9e+37,371.881,553.235
20260514171120.9,1464.6490059793,9.7894166,0.60698037,2.0026947,2.7291372,-0.000415654,-0.000715225,0.002351599,1.2095273,0.25252046,0.000636276,0.00498037,4.1312761,0.58676207,288.527,287.917,289.373,-2.69,NaN,NaN,NaN,-0.045847049032119,444.299277629209,58.3104519533041,11.7352414,288.527,287.917,289.373,0.229967515732959+0i,0.000636276,20.8691239910161,525.982460609158,25.5704823050064,20.929667807892,1129.898,103.036,-9.9e+37,355.046
20260514171123.1,1466.81300550699,9.7885204,0.59033367,2.0026838,2.7287219,-0.000414565,-0.000713156,0.002378932,1.2094289,0.23833009,0.000631267,0.002469533,4.1315821,0.58836291,288.546,287.925,289.346,-2.67,NaN,NaN,NaN,-0.0465366495874946,444.026350337692,56.6467139057878,11.7672582,288.546,287.925,289.346,0.199868072886523+0i,0.000631267,20.8725213309647,524.747460398332,25.297071551,20.9305828170534,1634.762,338.729,-9.9e+37,321.455
20260514171125.3,1468.98800879717,9.7886187,0.65877341,2.0026729,2.7290388,-0.000414565,-0.000716096,0.002404413,1.209418,0.22307034,0.000636494,-0.00727304,4.130675,0.74382057,288.519,287.922,289.341,-2.78,NaN,NaN,NaN,-0.047226250142856,444.234611013545,63.4868563604558,14.8764114,288.519,287.922,289.341,0.203505415965425+0i,0.000636494,20.8624503274766,524.883848466193,26.4316950399507,20.9307893799681,9.9e+37,972.829,594.662,333.324
20260514171127.3,1471.04300670326,9.7881597,0.3909943,2.002804,2.7298804,-0.000415654,-0.000715116,0.002382743,1.2094289,0.33951659,0.000631485,0.16585058,4.1308171,0.69983201,288.529,287.944,289.33,-2.82,NaN,NaN,NaN,-0.0389320636467545,444.787694588167,36.7239367645571,13.9966402,288.529,287.944,289.33,0.17704946676775+0i,0.000631485,20.8640279810932,512.936754228166,25.3244749067544,20.9301696912239,-9.9e+37,628.096,478.293,-9.9e+37
20260514171129.4,1473.12100790441,9.7880504,0.50409921,2.0029133,2.7293558,-0.000415654,-0.000714245,0.002411818,1.2094836,0.14660892,0.000637256,-0.15319228,4.1302269,0.59961567,288.532,287.933,289.343,-2.92,NaN,NaN,NaN,-0.0320170782613616,444.442937407503,48.0280956746056,11.9923134,288.532,287.933,289.343,0.185551785566872+0i,0.000637256,20.8574753339113,513.623699634191,25.3380520239239,20.9307600630961,-9.9e+37,-9.9e+37,484.88,558.499
20260514171131.5,1475.19500590861,9.7881488,0.62167923,2.0029571,2.7297711,-0.000416743,-0.000714572,0.002438606,1.2094071,0.22948677,0.000627238,-0.15337124,4.1306313,0.57614112,288.524,287.922,289.324,-2.91,NaN,NaN,NaN,-0.029246022818711,444.71586469902,59.7795150491198,11.5228224,288.524,287.922,289.324,0.225404652530776+0i,0.000627238,20.8619651518042,512.387448156693,25.3244749067544,20.9301990080959,1043.475,-9.9e+37,87.19,714.464
20260514171133.7,1477.39100083709,9.7888045,0.57530306,2.0030117,2.7303176,-0.000417178,-0.000711632,0.002368804,1.2095273,0.1478802,0.000636494,-0.000755625,4.1303252,0.55186672,288.54,287.933,289.3,-2.98,NaN,NaN,NaN,-0.02579169343133,445.075014144755,55.1444943827365,11.0373344,288.54,287.933,289.3,0.223770363250371+0i,0.000636494,20.8585667016137,514.85995111169,24.5042426447344,20.929933542475,9.9e+37,142.18,-9.9e+37,640.167
20260514171135.8,1479.48800213635,9.7885969,0.51657742,2.0027494,2.7299569,-0.000415872,-0.000712612,0.002400493,1.2094617,0.25605713,0.00063486,-0.11638508,4.1302815,0.58445412,288.521,287.927,289.275,-3.04,NaN,NaN,NaN,-0.0423863930341355,444.83796893876,49.2752180917753,11.6890824,288.521,287.927,289.275,0.210338530647477+0i,0.00063486,20.8580815259414,524.060514992315,25.2560910780758,20.9297562964323,9.9e+37,-9.9e+37,-9.9e+37,586.334
20260514171137.8,1481.54700323939,9.7880395,0.68658778,2.002662,2.7302848,-0.000419247,-0.000715225,0.002381327,1.2095273,0.35087848,0.000631158,0.11908149,4.1308061,0.76589507,288.538,287.947,289.286,-2.99,NaN,NaN,NaN,-0.0479158506982031,445.053458606201,66.266736194699,15.3179014,288.538,287.947,289.286,0.257507856618293+0i,0.000631158,20.8639058544937,525.159127135271,25.3654553796782,20.9293135847687,9.9e+37,974.829,326.226,170.711
20260514171139.9,1483.62500444055,9.7885204,0.57243531,2.002651,2.7302629,-0.000418267,-0.000712285,0.002401582,1.2094508,0.43824783,0.000632574,0.046659031,4.1306859,0.69960504,288.519,287.955,289.289,-3,NaN,NaN,NaN,-0.0486117778641528,445.039066341129,54.857879931478,13.9921008,288.519,287.955,289.289,0.172839311292865+0i,0.000632574,20.8625713438342,525.982460609158,25.3107732288772,20.9313504349683,-9.9e+37,506.28,248.737,-9.9e+37
20260514171142,1485.69499924779,9.7885969,0.41935098,2.0027275,2.7299678,-0.000417832,-0.000715879,0.002424559,1.2095382,0.41630973,0.000629416,0.10072369,4.1302596,0.73926033,288.529,287.949,289.292,-3.03,NaN,NaN,NaN,-0.0437719207554323,444.845132212243,39.5580172379989,14.7852066,288.529,287.949,289.292,0.152612900861633+0i,0.000629416,20.8578383829843,514.996339179552,25.3107732288772,20.9313504349683,-9.9e+37,695.852,459.845,-9.9e+37
20260514171144.1,1487.82400600612,9.7884329,0.42659132,2.0026401,2.730088,-0.000418485,-0.00071577,0.00241955,1.2095054,0.24990258,0.000631376,-0.00735488,4.1308936,0.73507547,288.532,287.96,289.297,-3.12,NaN,NaN,NaN,-0.0493013784195284,444.924125374873,40.2816458932251,14.7015094,288.532,287.96,289.297,0.151545672540878+0i,0.000631376,20.8648773160803,512.525087491227,25.3107732288772,20.9314978262147,-9.9e+37,592.323,823.614,-9.9e+37
20260514171146.3,1490.00000506639,9.7885859,0.72380634,2.002651,2.7301864,-0.000419247,-0.000712285,0.002423143,1.2095929,0.15865501,0.000630069,-0.000830872,4.130511,0.54348168,288.535,287.966,289.338,-3.16,NaN,NaN,NaN,-0.0486117778641528,444.988791990537,69.9865085427179,10.8696336,288.535,287.966,289.338,0.219778051797785+0i,0.000630069,20.8606295309028,513.623699634191,26.3907145670269,20.9308485516364,-9.9e+37,-9.9e+37,110.475,386.498
20260514171148.4,1492.15600825846,9.7881488,0.48342803,2.0029352,2.7304269,-0.000416307,-0.000712067,0.00235247,1.209571,0.27893368,0.000636385,-0.00700132,4.1302487,0.73176358,288.519,287.968,289.341,-3.22,NaN,NaN,NaN,-0.0306315505400363,445.146844033902,45.9621349344555,14.6352716,288.519,287.968,289.341,0.21014322636965+0i,0.000636385,20.8577173666266,523.922875657772,26.404416244904,20.9294612449773,1180.355,594.067,664.591,317.012
20260514171150.6,1494.3560063839,9.7871432,0.58308572,2.0027057,2.7299678,-0.000419356,-0.000712176,0.002383287,1.2095273,0.45960864,0.000633771,-0.000802668,4.131593,0.73841463,288.524,287.99,289.37,-3.17,NaN,NaN,NaN,-0.0451511218661693,444.845132212243,55.9223246766015,14.7682926,288.524,287.99,289.37,0.227328412787148+0i,0.000633771,20.8726423473223,525.296766469814,26.4179933620735,20.9295793193517,-9.9e+37,-9.9e+37,621.245,181.858
20260514171152.7,1496.40200212598,9.787176,0.53164512,2.002651,2.7302192,-0.000416089,-0.000714027,0.002429459,1.2095164,0.13513354,0.000610032,0.030566551,4.1314072,0.69692389,288.543,287.987,289.376,-3.18,NaN,NaN,NaN,-0.0486117778641528,445.010347529092,50.781144538372,13.9384778,288.543,287.987,289.376,0.180888358175048+0i,0.000610032,20.8705795180333,525.296766469814,26.4453967178283,20.9308189658022,125.18,-9.9e+37,567.835,560.82
20260514171154.7,1498.4530068934,9.7874274,0.6401734,2.002815,2.7304924,-0.000417614,-0.000714245,0.002404849,1.2096038,0.43911863,0.000632574,0.052731919,4.1315712,0.65379632,288.516,287.995,289.384,-3.3,NaN,NaN,NaN,-0.0382361364807764,445.189889392907,61.6278966674726,13.0759264,288.516,287.995,289.384,0.251270862974895+0i,0.000632574,20.872400314607,524.747460398332,26.3907145670269,20.9291955103943,-9.9e+37,-9.9e+37,-9.9e+37,-9.9e+37
20260514171156.8,1500.51200799644,9.7874055,0.6347969,2.0030554,2.7294432,-0.000418485,-0.000712721,0.002427499,1.2096147,0.1224949,0.000635623,-0.098503884,4.1310029,0.63936697,288.546,287.979,289.389,-3.31,NaN,NaN,NaN,-0.0230269645992962,444.500375031579,61.0905476666213,12.7873394,288.546,287.979,289.389,0.198264243599132+0i,0.000635623,20.8660908103822,525.570793872214,26.4316950399507,20.9308189658022,880.504,-9.9e+37,523.766,553.032
20260514171158.9,1502.65200845897,9.7880067,0.60590115,2.0028587,2.7293339,-0.00041805,-0.000713374,0.002417372,1.2094836,0.24565552,0.000635187,0.00507312,4.1311668,0.59485572,288.54,288.009,289.392,-3.36,NaN,NaN,NaN,-0.0354714076487426,444.428545142431,58.202590372592,11.8971144,288.54,288.009,289.392,0.207583101542036+0i,0.000635187,20.8679104967142,516.094951322512,27.5390397338547,20.9305239143472,893.822,-9.9e+37,-9.9e+37,306.528
20260514171201,1504.72700223327,9.7877444,0.58087271,2.002651,2.7293886,-0.000416961,-0.000715334,0.002405393,1.2096257,0.28706225,0.000633445,-0.17422573,4.1311777,0.61548979,288.535,288.02,289.441,-3.41,NaN,NaN,NaN,-0.0486117778641528,444.464492946058,55.701147570236,12.3097958,288.535,288.02,289.441,0.214793459517909+0i,0.000633445,20.8680315130718,513.486060299648,26.4179933620735,20.9302285939301,1451.985,-9.9e+37,-9.9e+37,376.356
20260514171203.2,1506.91800825298,9.787187,0.51975726,2.002651,2.7295962,-0.000417723,-0.000711958,0.002383832,1.2096912,0.1438863,0.00063094,-0.000695297,4.1311996,0.56588138,288.538,288.004,289.422,-3.48,NaN,NaN,NaN,-0.0486117778641528,444.600923732763,49.5930240709191,11.3176276,288.538,288.004,289.422,0.204647139296554+0i,0.00063094,20.8682746560289,515.409257183172,27.5527414117323,20.9300809337215,9.9e+37,487.435,-9.9e+37,516.166
20260514171205.3,1509.01600532234,9.7881378,0.49024712,2.0030773,2.7295306,-0.000417614,-0.000712938,0.002408987,1.2096147,0.1691832,0.000631702,-0.11425553,4.1311231,0.58689411,288.543,288.02,289.436,-3.5,NaN,NaN,NaN,-0.0216414368779709,444.557812655654,46.6436621730335,11.7378822,288.543,288.02,289.436,0.22395055195745+0i,0.000631702,20.8674253210418,513.623699634191,27.5527414117323,20.9291955103943,9.9e+37,314.461,-9.9e+37,698.625
20260514171207.4,1511.07800379395,9.7878974,0.44325113,2.0027275,2.7293339,-0.000417723,-0.000714354,0.002420639,1.2095819,0.38811236,0.000632791,0.1153895,4.1309591,0.75781777,288.543,288.014,289.468,-3.54,NaN,NaN,NaN,-0.0437719207554323,444.428545142431,41.9466942067883,15.1563554,288.543,288.014,289.468,0.199183168908166+0i,0.000632791,20.865604524468,514.996339179552,27.5390397338547,20.929667807892,9.9e+37,937.376,268.89,-9.9e+37
20260514171209.4,1513.13300170004,9.7878209,0.75516718,2.0027494,2.7293448,-0.000415545,-0.000714354,0.002444596,1.2096366,0.44127818,0.000619071,-0.062781269,4.1309591,0.65120138,288.529,288.023,289.441,-3.59,NaN,NaN,NaN,-0.0423863930341355,444.435708415915,73.120836830611,13.0240276,288.529,288.023,289.441,0.252122631611187+0i,0.000619071,20.865604524468,514.584672442613,28.3865507909218,20.9299628593471,-9.9e+37,368.578,98.464,-9.9e+37
20260514171211.5,1515.18400646746,9.7876788,0.50236195,2.0027385,2.7292355,-0.000417287,-0.000712503,0.002396464,1.2096038,0.16588768,0.000632247,0.00843494,4.131604,0.7197928,288.524,288.033,289.476,-3.63,NaN,NaN,NaN,-0.0430759935894969,444.363878526768,47.8544669337484,14.395856,288.524,288.033,289.476,0.232269307683235+0i,0.000632247,20.8727644739218,514.173005705669,28.3592719958751,20.9289593616454,813.927,684.756,723.864,283.349
20260514171213.6,1517.27300137281,9.7872197,0.65839912,2.002651,2.7296509,-0.000416198,-0.000712721,0.00241356,1.2096475,0.23852542,0.000634425,0.10513613,4.131451,0.73488778,288.543,288.023,289.444,-3.69,NaN,NaN,NaN,-0.0486117778641528,444.63687153639,63.4494483147888,14.6977556,288.543,288.023,289.444,0.209419192338169+0i,0.000634425,20.8710658039475,525.433154537676,28.3865507909218,20.9305239143472,-9.9e+37,395.779,689.404,194.025
20260514171215.6,1519.35600154102,9.7875586,0.67798342,2.0028915,2.7298257,-0.000419683,-0.00071076,0.002426301,1.2096584,0.34228067,0.000617982,-0.10883007,4.1314947,0.55502037,288.524,288.014,289.419,-3.71,NaN,NaN,NaN,-0.0333962793720701,444.751746784541,65.4067819030659,11.1004074,288.524,288.014,289.419,0.177216713998697+0i,0.000617982,20.8715509796199,512.387448156693,27.5390397338547,20.9319112210063,-9.9e+37,-9.9e+37,-9.9e+37,155.553
20260514171217.8,1521.53500802815,9.7880613,0.56954028,2.0027494,2.7298257,-0.000418376,-0.000711849,0.00242445,1.2096803,0.29298326,0.000631485,-0.00677107,4.1311449,0.73684326,288.532,288.02,289.427,-3.8,NaN,NaN,NaN,-0.0423863930341355,444.751746784541,54.568539007469,14.7368652,288.532,288.02,289.427,0.21676699889454+0i,0.000631485,20.8676673537571,514.722311777147,27.5527414117323,20.9300220310153,9.9e+37,574.593,617.747,321.884
20260514171220,1523.73800352216,9.7879739,0.43502434,2.0027166,2.7297602,-0.00041707,-0.000713701,0.002384703,1.2096694,0.12821297,0.000609161,-0.00052346,4.1310029,0.54178919,288.543,288.031,289.455,-3.83,NaN,NaN,NaN,-0.0444615213108221,444.708701425537,41.1244757771941,10.8357838,288.543,288.031,289.455,0.206333560500215+0i,0.000609161,20.8660908103822,513.897727036587,27.5390397338547,20.9293431706029,-9.9e+37,-9.9e+37,-9.9e+37,432.025
20260514171222.1,1525.84000378847,9.7878099,0.68128221,2.0026838,2.7293448,-0.000416089,-0.000710869,0.002441329,1.209571,0.11872361,0.00063094,0.050749475,4.1310247,0.65662587,288.532,288.012,289.482,-3.85,NaN,NaN,NaN,-0.0465366495874946,444.435708415915,65.7364762228871,13.1325174,288.532,288.012,289.482,0.207537056393242+0i,0.00063094,20.8663328430975,512.525087491227,27.5390397338547,20.9309962118449,1247.964,290.93,563.492,660.935
20260514171224.2,1527.89100855589,9.7880504,0.65797791,2.0027494,2.7298585,-0.000417614,-0.000716641,0.002436864,1.2095929,0.43220133,0.000632247,-0.055989797,4.1316258,0.59744848,288.524,288.02,289.468,-3.88,NaN,NaN,NaN,-0.0423863930341355,444.773302323096,63.4073508959013,11.9489696,288.524,288.02,289.468,0.21205429574483+0i,0.000632247,20.8730065066371,514.44703310807,27.5527414117323,20.9307008914278,-9.9e+37,-9.9e+37,-9.9e+37,95.098
20260514171226.2,1529.94100749493,9.7881378,0.56731963,2.0028478,2.7298695,-0.000415981,-0.000713701,0.002428152,1.2096366,0.22189291,0.000630287,-0.11448584,4.1315275,0.5942239,288.538,288.039,289.52,-3.94,NaN,NaN,NaN,-0.036161008204104,444.780531314684,54.3465983288229,11.884478,288.538,288.039,289.52,0.180227756332262+0i,0.000630287,20.8719151389346,524.747460398332,28.3729736737523,20.9309962118449,9.9e+37,-9.9e+37,128.834,566.623
20260514171228.3,1531.98400586843,9.7874602,0.61731214,2.0029789,2.730252,-0.000416961,-0.000712938,0.002436537,1.2096366,0.14621062,0.000630722,0.019106815,4.1313526,0.70021613,288.532,288.006,289.542,-3.92,NaN,NaN,NaN,-0.0278668217080025,445.031903067646,59.3430505372389,14.0043226,288.532,288.006,289.542,0.231726535349839+0i,0.000630722,20.8699733260032,525.846072541292,28.3729736737523,20.9295793193517,9.9e+37,480.448,395.683,699.038
20260514171230.3,1534.05500650406,9.7880941,0.66292664,2.0030117,2.7300334,-0.000418594,-0.000711849,0.002405175,1.2096803,0.43751125,0.00063388,0.10706695,4.1309919,0.70085231,288.527,288.02,289.528,-3.95,NaN,NaN,NaN,-0.02579169343133,444.888243289352,63.9019468451216,14.0170462,288.527,288.02,289.528,0.249358757589406+0i,0.00063388,20.8659686837828,525.433154537676,28.3455703179975,20.9293135847687,-9.9e+37,454.625,82.965,-9.9e+37
20260514171232.4,1536.14900037646,9.7881488,0.59366628,2.0029243,2.730405,-0.000416416,-0.000711958,0.002427172,1.209724,0.41373443,0.000630831,0.10850753,4.1314072,0.75401813,288.529,288.009,289.52,-4.05,NaN,NaN,NaN,-0.0313211510953977,445.132451768831,56.9797883322227,15.0803626,288.529,288.009,289.52,0.223561990904812+0i,0.000630831,20.8705795180333,524.198154326854,28.400252468799,20.9297267105982,-9.9e+37,610.009,445.832,-9.9e+37
20260514171234.5,1538.21500204504,9.788575,0.56893792,2.0029352,2.730405,-0.000416743,-0.000715225,0.002431201,1.2096366,0.42759743,0.000633445,-0.040286431,4.1314728,0.66100826,288.524,288.004,289.485,-4.09,NaN,NaN,NaN,-0.0306315505400363,445.132451768831,54.5083367301226,13.2201652,288.524,288.004,289.485,0.226980987169751+0i,0.000633445,20.8713078366628,523.648848255371,28.400252468799,20.9294612449773,-9.9e+37,344.404,273.496,-9.9e+37
20260514171236.6,1540.31300917268,9.7881378,0.50754968,2.0030336,2.7302301,-0.000416743,-0.000715552,0.002400493,1.2097022,0.15782132,0.000634643,-0.11430965,4.1311559,0.606641,288.54,287.993,289.476,-4.16,NaN,NaN,NaN,-0.0244061657100048,445.017510802575,48.3729495027405,12.13282,288.54,287.993,289.476,0.211484602857091+0i,0.000634643,20.8677894803565,524.883848466193,28.3865507909218,20.9295201476834,839.285,-9.9e+37,434.426,461.159
20260514171238.7,1542.36700125039,9.7884548,0.42472204,2.0026729,2.7300225,-0.000417287,-0.000712503,0.002433488,1.2096475,0.45096284,0.000634098,0.079774603,4.1311122,0.69989312,288.521,288.012,289.427,-4.13,NaN,NaN,NaN,-0.047226250142856,444.881080015869,40.0948225434044,13.9978624,288.521,288.012,289.427,0.16503125728235+0i,0.000634098,20.8673043046841,525.296766469814,28.4139541466766,20.9305828170534,889.667,653.917,-9.9e+37,-9.9e+37
20260514171240.7,1544.43000555038,9.7893401,0.50657084,2.0029789,2.7300006,-0.000419356,-0.000719254,0.002401691,1.2097022,0.36528272,0.000630613,0.11391702,4.130981,0.74972742,288.519,288.004,289.406,-4.2,NaN,NaN,NaN,-0.0278668217080025,444.866687750797,48.2751203023326,14.9945484,288.519,288.004,289.406,0.181628941439805+0i,0.000630613,20.8658476674251,525.846072541292,28.3592719958751,20.9305532312192,-9.9e+37,867.914,570.767,-9.9e+37
20260514171242.8,1546.50000035763,9.7884329,0.5431314,2.0026292,2.7307001,-0.000417178,-0.000716205,0.002393524,1.2096475,0.17107539,0.000633989,-0.11829989,4.1311777,0.58264704,288.54,287.979,289.37,-4.24,NaN,NaN,NaN,-0.0499909789748756,445.326385897718,51.9291294879671,11.6529408,288.54,287.979,289.37,0.18103663205713+0i,0.000633989,20.8680315130718,514.035366371131,28.3592719958751,20.9310551145511,-9.9e+37,-9.9e+37,356.018,424.557
20260514171244.9,1548.58200475574,9.7895477,0.6480237,2.0028915,2.7310608,-0.000418376,-0.000712394,0.002481293,1.2096912,0.44952133,0.000628762,0.10186099,4.131451,0.69260808,288.519,287.979,289.398,-4.27,NaN,NaN,NaN,-0.0333962793720701,445.563431103714,62.4124871745651,13.8521616,288.519,287.979,289.398,0.254620914192849+0i,0.000628762,20.8710658039475,514.584672442613,28.3865507909218,20.9292839989346,842.441,676.962,155.697,-9.9e+37
20260514171247,1550.66400915384,9.7886297,0.49631655,2.002662,2.7306345,-0.00041707,-0.000715661,0.002432726,1.2096147,0.15183481,0.000633771,0.015195067,4.1310684,0.69920128,288.532,287.985,289.4,-4.31,NaN,NaN,NaN,-0.0479158506982031,445.283274820608,47.2502653807406,13.9840256,288.532,287.985,289.4,0.168956971206553+0i,0.000633771,20.8668180187699,514.722311777147,28.3592719958751,20.9311731889255,434.508,607.207,746.498,325.203
20260514171249,1552.75000669062,9.7887936,0.51048726,2.0027822,2.7311045,-0.00041805,-0.000715007,0.002434795,1.2097568,0.37476769,0.000637909,-0.02756407,4.131604,0.59707746,288.502,288.001,289.408,-4.31,NaN,NaN,NaN,-0.0403112647574631,445.592149915751,48.6665430446211,11.9415492,288.502,288.001,289.408,0.1702682680191+0i,0.000637909,20.8727644739218,514.035366371131,28.3318686401203,20.9312323605938,-9.9e+37,-9.9e+37,-9.9e+37,-9.9e+37
20260514171251.1,1554.82000149786,9.788575,0.69870805,2.002651,2.7308531,-0.00041805,-0.000711958,0.002408225,1.2096694,0.36819959,0.000635514,-0.026841438,4.1314291,0.60251834,288.519,287.987,289.406,-4.32,NaN,NaN,NaN,-0.0486117778641528,445.426934598903,67.4780846508596,12.0503668,288.519,287.987,289.406,0.215064510080882+0i,0.000635514,20.8708226609904,514.173005705669,27.5253380559775,20.9308189658022,1105.732,223.914,-9.9e+37,185.503
20260514171253.2,1556.91800862551,9.7886624,0.55634076,2.0030226,2.7307001,-0.000419465,-0.000708909,0.002414105,1.2096912,0.39658248,0.000634207,0.11408983,4.1310247,0.7784966,288.521,288.006,289.449,-4.32,NaN,NaN,NaN,-0.0251020928759687,445.326385897718,53.2493259722757,15.569932,288.521,288.006,289.449,0.178140325270502+0i,0.000634207,20.8663328430975,513.761338968726,27.5390397338547,20.9312616774658,9.9e+37,1018.071,430.273,-9.9e+37
20260514171255.3,1558.99200662971,9.7886515,0.50404138,2.002662,2.7306564,-0.000417723,-0.000712285,0.002417045,1.2096694,0.13222869,0.000631811,-0.11375037,4.1310684,0.59106479,288.54,287.987,289.433,-4.31,NaN,NaN,NaN,-0.0479158506982031,445.29766708568,48.0223159121729,11.8212958,288.54,287.987,289.433,0.210735336979104+0i,0.000631811,20.8668180187699,514.035366371131,26.404416244904,20.9298154681006,-9.9e+37,-9.9e+37,391.631,544.692
20260514171257.4,1561.09000369906,9.7884329,0.42211401,2.0026401,2.730711,-0.000416525,-0.000710325,0.002401037,1.2097568,0.17986526,0.000633663,0.020075877,4.1312214,0.69276303,288.538,287.993,289.425,-4.36,NaN,NaN,NaN,-0.0493013784195284,445.333549171201,39.8341655519248,13.8552606,288.538,287.993,289.425,0.218242351354771+0i,0.000633663,20.8685166887442,513.074393562709,25.297071551,20.928841287271,1483.41,576.663,555.086,517.549
20260514171259.5,1563.17600123584,9.7884329,0.5599811,2.0026401,2.7307329,-0.000417941,-0.000710325,0.002451347,1.2097131,0.35591995,0.000633118,0.11317446,4.1312214,0.71393836,288.535,288.001,289.411,-4.39,NaN,NaN,NaN,-0.0493013784195284,445.347941436272,53.6131561706871,14.2787672,288.535,288.001,289.411,0.231442141522091+0i,0.000633118,20.8685166887442,514.310645040208,25.2833698731229,20.9295497335176,-9.9e+37,420.649,413.374,-9.9e+37
20260514171301.5,1565.25800563395,9.7893729,0.68174054,2.0027931,2.7305908,-0.000418921,-0.000710543,0.002426955,1.209724,0.3420166,0.000611775,0.11118538,4.1309373,0.72958985,288.546,288.033,289.422,-4.38,NaN,NaN,NaN,-0.0396216642021017,445.25455600857,65.7822835636404,14.591797,288.546,288.033,289.422,0.25062812384053+0i,0.000611775,20.8653624917527,525.433154537676,25.297071551,20.9294905618493,-9.9e+37,501.056,636.929,-9.9e+37
20260514171303.6,1567.34400317073,9.7893401,0.52414182,2.0027822,2.7305908,-0.000419139,-0.000710325,0.002432182,1.2096912,0.43619087,0.00063192,-0.057530013,4.1309373,0.71262014,288.532,288.028,289.411,-4.43,NaN,NaN,NaN,-0.0403112647574631,445.25455600857,50.0312346047558,14.2524028,288.532,288.028,289.411,0.188228437957845+0i,0.00063192,20.8653624917527,514.035366371131,25.3244749067544,20.9307893799681,-9.9e+37,263.759,424.133,-9.9e+37
20260514171305.7,1569.4100048393,9.7894056,0.41082631,2.0028478,2.7305908,-0.000418376,-0.000708583,0.002397335,1.2097459,0.37676028,0.000635514,-0.037085886,4.1309482,0.62416178,288.524,288.02,289.408,-4.52,NaN,NaN,NaN,-0.036161008204104,445.25455600857,38.7060274849836,12.4832356,288.524,288.02,289.408,0.13908187288399+0i,0.000635514,20.8654835081104,519.254399683531,25.3107732288772,20.9317339749636,-9.9e+37,-9.9e+37,237.924,-9.9e+37
20260514171307.8,1571.48800604045,9.7895587,0.48543371,2.0030773,2.7307766,-0.000418267,-0.000708365,0.002397335,1.2097677,0.41323465,0.000631376,-0.020368148,4.1311449,0.62335209,288.529,288.017,289.427,-4.56,NaN,NaN,NaN,-0.0216414368779709,445.37666024831,46.1625906480289,12.4670418,288.529,288.017,289.427,0.167673509678454+0i,0.000631376,20.8676673537571,525.708433206753,25.2833698731229,20.931025528717,1157.49,492.994,111.919,-9.9e+37
20260514171309.9,1573.59399944544,9.7894275,0.58098838,2.0027057,2.731028,-0.000418158,-0.00070782,0.002439369,1.2097022,0.4423716,0.000634425,0.009470318,4.131593,0.69668273,288.513,288.014,289.411,-4.67,NaN,NaN,NaN,-0.0451511218661693,445.541875565159,55.7127080945415,13.9336546,288.513,288.014,289.411,0.206751149016949+0i,0.000634425,20.8726423473223,524.747460398332,26.4316950399507,20.9302581797642,1046.291,801.732,196.338,-9.9e+37
20260514171311.9,1575.65200477839,9.7895805,0.55673906,2.0030445,2.7308531,-0.000417941,-0.000710978,0.002442091,1.209735,0.10734319,0.000632465,-0.025661666,4.1311449,0.65183211,288.546,288.004,289.425,-4.68,NaN,NaN,NaN,-0.0237165651546434,445.426934598903,53.2891336737616,13.0366422,288.546,288.004,289.425,0.180176599702695+0i,0.000632465,20.8676673537571,524.198154326854,25.3107732288772,20.9310551145511,1133.895,548.713,668.132,489.207
20260514171314,1577.70299948752,9.7894712,0.54743087,2.0029461,2.7306236,-0.000419465,-0.000711305,0.002405284,1.209735,0.34307291,0.000629742,0.11746461,4.1309591,0.73693929,288.538,287.998,289.436,-4.76,NaN,NaN,NaN,-0.0299419499846891,445.276111547125,52.3588357855008,14.7387858,288.538,287.998,289.436,0.195239001814988+0i,0.000629742,20.865604524468,525.159127135271,25.3244749067544,20.9304647426789,-9.9e+37,713.889,532.926,-9.9e+37
20260514171316.1,1579.80499975383,9.7892636,0.54321542,2.0027275,2.7306017,-0.000416525,-0.000709345,0.002435122,1.209735,0.34655612,0.0006329,-0.084601799,4.1309701,0.5696123,288.519,288.012,289.419,-4.77,NaN,NaN,NaN,-0.0437719207554323,445.261719282053,51.9375267841731,11.392246,288.519,288.012,289.419,0.183969541966459+0i,0.0006329,20.8657266510675,525.570793872214,25.297071551,20.9308189658022,-9.9e+37,-9.9e+37,114.439,-9.9e+37
20260514171318.3,1581.97700567544,9.7894275,0.71260268,2.0028696,2.7306017,-0.000416525,-0.00071076,0.002452545,1.209724,0.30265485,0.000636385,-0.00680272,4.1311887,0.72735174,288.521,287.976,289.406,-4.77,NaN,NaN,NaN,-0.0347818070933954,445.261719282053,68.8667697708631,14.5470348,288.521,287.976,289.406,0.19753137055742+0i,0.000636385,20.8681536396713,526.120099943692,25.2833698731229,20.9312323605938,1538.868,650.808,691.554,290.602
20260514171320.5,1584.16400849819,9.7887827,0.51097068,2.0029789,2.7306345,-0.000418267,-0.000714027,0.002408769,1.209735,0.12599777,0.000637909,-0.001075018,4.1313963,0.56700426,288.532,287.966,289.406,-4.83,NaN,NaN,NaN,-0.0278668217080025,445.283274820608,48.7148579807304,11.3400852,288.532,287.966,289.406,0.169777008729765+0i,0.000637909,20.8704585016756,524.883848466193,27.4980592609309,20.9310551145511,-9.9e+37,329.362,206.029,369.854
20260514171322.5,1586.24199964106,9.7886734,0.58042203,2.0027166,2.7310498,-0.000418812,-0.000709345,0.002402562,1.2096912,0.19056586,0.000622337,-0.11028174,4.131593,0.57982185,288.529,287.982,289.422,-4.87,NaN,NaN,NaN,-0.0444615213108221,445.556202112125,55.6561048012035,11.596437,288.529,287.982,289.422,0.18568938845063+0i,0.000622337,20.8726423473223,524.198154326854,26.4179933620735,20.9309666260108,-9.9e+37,-9.9e+37,274.079,549.064
20260514171324.6,1588.35900686681,9.7888264,0.60437125,2.0030773,2.7307329,-0.000418267,-0.000709236,0.00241454,1.2096694,0.4271533,0.000634207,0.1116864,4.1310903,0.73269876,288.519,287.966,289.438,-4.88,NaN,NaN,NaN,-0.0216414368779709,445.347941436272,58.0496860228473,14.6539752,288.519,287.966,289.438,0.239388812113035+0i,0.000634207,20.867061161727,514.173005705669,27.5800202067785,20.9295201476834,1240.742,763.728,231.682,-9.9e+37
20260514171326.8,1590.47699980438,9.7885313,0.46111454,2.002662,2.7307657,-0.000417287,-0.000705642,0.002420203,1.209571,0.13821846,0.000633336,0.020726854,4.131298,0.70761795,288.532,287.982,289.485,-4.9,NaN,NaN,NaN,-0.0479158506982031,445.369496974827,43.7320351377466,14.152359,288.532,287.982,289.485,0.159951761443028+0i,0.000633336,20.8693671339732,513.623699634191,27.5527414117323,20.9313208491341,-9.9e+37,372.164,701.699,443.774
20260514171328.9,1592.56600476801,9.7884548,0.73875727,2.0026292,2.7308094,-0.000417178,-0.00071283,0.002412689,1.2097568,0.31885524,0.000626584,0.11675712,4.1313307,0.70106074,288.535,287.979,289.504,-4.97,NaN,NaN,NaN,-0.0499909789748756,445.398215786865,71.4807645265918,14.0212148,288.535,287.979,289.504,0.251547249473843+0i,0.000626584,20.8697301830461,512.799114893632,27.5390397338547,20.9299628593471,-9.9e+37,487.041,518.039,78.984
20260514171330.9,1594.64500173926,9.7886952,0.62625803,2.0027931,2.7302301,-0.000416525,-0.000711414,0.002385683,1.2096694,0.23327552,0.000635078,0.090718706,4.1309373,0.70718582,288.529,287.974,289.536,-5.03,NaN,NaN,NaN,-0.0396216642021017,445.017510802575,60.2371387085819,14.1437164,288.529,287.974,289.536,0.2136088746917+0i,0.000635078,20.8653624917527,513.761338968726,28.3865507909218,20.9304647426789,-9.9e+37,325.458,740.743,143.637
20260514171333,1596.72700613737,9.7888264,0.5758454,2.0027822,2.7305143,-0.000417723,-0.000710325,0.002459296,1.2096803,0.12191218,0.00062604,-0.11100546,4.131593,0.58733388,288.54,287.966,289.566,-5.07,NaN,NaN,NaN,-0.0403112647574631,445.204281657978,55.1986980202556,11.7466776,288.54,287.966,289.566,0.202934858791487+0i,0.00062604,20.8726423473223,513.623699634191,26.5957414923546,20.9305828170534,-9.9e+37,-9.9e+37,461.455,615.501
20260514171335.2,1598.92200529575,9.7888592,0.45809184,2.0029461,2.7304159,-0.000419465,-0.000712176,0.002399404,1.2095929,0.2857626,0.000633336,0.00528373,4.1309591,0.57587813,288.54,287.971,289.542,-5.15,NaN,NaN,NaN,-0.0299419499846891,445.139615042314,43.4299343612427,11.5175626,288.54,287.971,289.542,0.17426850242509+0i,0.000633336,20.865604524468,524.609821063793,25.3107732288772,20.9306124028875,673.867,-9.9e+37,-9.9e+37,348.377
20260514171337.4,1601.12500078976,9.7888592,0.47362879,2.0030445,2.7296399,-0.000418158,-0.00071283,0.002406156,1.209724,0.40998388,0.000628544,-0.001010007,4.1310466,0.7814331,288.524,287.96,289.544,-5.23,NaN,NaN,NaN,-0.0237165651546434,444.629642544801,44.982759537245,15.628662,288.524,287.96,289.544,0.156942629963135+0i,0.000628544,20.8665759860546,525.159127135271,24.4631376111024,20.9313797518403,1429.661,655.101,557.659,-9.9e+37
20260514171339.5,1603.2230079174,9.7892745,0.53960346,2.0028368,2.7293448,-0.000417941,-0.000712503,0.002390039,1.2096694,0.21141271,0.000629307,0.05731566,4.1309482,0.75073898,288.521,287.941,289.585,-5.24,NaN,NaN,NaN,-0.0368569353700678,444.435708415915,51.5765329969296,15.0147796,288.521,287.941,289.585,0.172289774762244+0i,0.000629307,20.8654835081104,525.296766469814,25.297071551,20.9312027747597,-9.9e+37,330.054,668.06,271.304
20260514171341.6,1605.31600601971,9.7895368,0.7179639,2.0030445,2.7288312,-0.000418703,-0.000711849,0.002397771,1.2097131,0.30226746,0.00063094,0.1144542,4.1310138,0.73233429,288.527,287.944,289.585,-5.33,NaN,NaN,NaN,-0.0237165651546434,444.098180226839,69.4025916271532,14.6466858,288.527,287.944,289.585,0.268920889995866+0i,0.00063094,20.8662118267399,524.334542394711,26.3770128891492,20.929136338726,-9.9e+37,295.501,610.334,-9.9e+37
20260514171343.7,1607.39099979401,9.7893947,0.47624119,2.0028259,2.7287109,-0.000418703,-0.000713047,0.002376972,1.2096038,0.40014753,0.000633227,-0.002536288,4.1309373,0.6074496,288.521,287.944,289.61,-5.33,NaN,NaN,NaN,-0.0375465359254292,444.019121346103,45.2438532840736,12.148992,288.521,287.944,289.61,0.157656954935046+0i,0.000633227,20.8653624917527,525.846072541292,26.404416244904,20.9312912633,-9.9e+37,-9.9e+37,116.078,-9.9e+37
20260514171345.8,1609.48100052774,9.7892854,0.50475831,2.002651,2.7289514,-0.000417614,-0.000713265,0.002415956,1.2096584,0.17226483,0.000606765,0.009842849,4.1313963,0.74116998,288.535,287.941,289.593,-5.36,NaN,NaN,NaN,-0.0486117778641528,444.17717338947,48.0939687754075,14.8233996,288.535,287.941,289.593,0.213318478914283+0i,0.000606765,20.8704585016756,525.296766469814,26.4179933620735,20.9294905618493,1416.348,522.552,723.029,340.565
20260514171347.8,1611.54700219631,9.7894822,0.53479332,2.0027494,2.7292246,-0.000418267,-0.000708147,0.002438715,1.2096912,0.43764875,0.000633118,0.035613859,4.1316149,0.70145358,288.538,287.936,289.585,-5.34,NaN,NaN,NaN,-0.0423863930341355,444.356715253284,51.0957882888565,14.0290716,288.538,287.936,289.585,0.233183770274824+0i,0.000633118,20.8728854902794,524.472181729254,26.4316950399507,20.9290478501857,-9.9e+37,319.315,308.759,-9.9e+37
20260514171349.9,1613.641006127,9.7884657,0.75294763,2.002662,2.7287656,-0.000415981,-0.000712285,0.002405393,1.2096912,0.36446758,0.000632029,0.10876246,4.1310903,0.76534071,288.527,287.944,289.593,-5.41,NaN,NaN,NaN,-0.0479158506982031,444.05506914973,72.8990060903824,15.3068142,288.527,287.944,289.593,0.267914484390751+0i,0.000632029,20.867061161727,525.982460609158,27.5390397338547,20.9292839989346,-9.9e+37,673.99,668.45,-9.9e+37
20260514171352,1615.74200056493,9.7888155,0.65510252,2.002968,2.7287874,-0.00041903,-0.000714572,0.002383614,1.2096366,0.25878629,0.000630505,0.086883191,4.130981,0.75988129,288.529,287.925,289.61,-5.44,NaN,NaN,NaN,-0.0285564222633639,444.069395696696,63.1199728723622,15.1976258,288.529,287.925,289.61,0.243445132438986+0i,0.000630505,20.8658476674251,513.761338968726,28.2636093721494,20.9296973937262,-9.9e+37,481.231,822.894,-9.9e+37
20260514171354.2,1617.8989995271,9.788422,0.57423256,2.0026401,2.728853,-0.000415545,-0.000712721,0.002404413,1.2098005,0.23911795,0.000631158,-0.0074018,4.131593,0.72867431,288.532,287.908,289.62,-5.46,NaN,NaN,NaN,-0.0493013784195284,444.112506773805,55.037504313842,14.5734862,288.532,287.908,289.62,0.229212111745429+0i,0.000631158,20.8726423473223,514.85995111169,27.5116363780999,20.9296382220579,-9.9e+37,-9.9e+37,855.572,232.16
20260514171356.4,1620.10600827634,9.7888373,0.53780184,2.0029898,2.7291153,-0.00041805,-0.000711087,0.002435448,1.2097459,0.45148881,0.000629851,-0.000816607,4.1310356,0.74615582,288.505,287.908,289.629,-5.49,NaN,NaN,NaN,-0.0271772211526553,444.284885364137,51.3964718592166,14.9231164,288.505,287.908,289.629,0.231221367001278+0i,0.000629851,20.8664538594552,525.570793872214,27.5390397338547,20.9290774360199,-9.9e+37,-9.9e+37,645.044,161.164
20260514171358.5,1622.18800261617,9.7887827,0.52320009,2.0027713,2.7298367,-0.000418921,-0.000709672,0.002397008,1.2096803,0.4191753,0.000633554,-0.026101494,4.131593,0.61842083,288.505,287.933,289.637,-5.54,NaN,NaN,NaN,-0.0410008653128102,444.758975776129,49.9371143267735,12.3684166,288.505,287.933,289.637,0.210392844520324+0i,0.000633554,20.8726423473223,525.708433206753,26.4590983957055,20.9297267105982,-9.9e+37,-9.9e+37,-9.9e+37,-9.9e+37
20260514171400.6,1624.30900298059,9.7885094,0.56540451,2.0026947,2.7293667,-0.000416743,-0.000712612,0.00238307,1.2098552,0.42862864,0.000632138,0.10555473,4.1303471,0.76354673,288.524,287.938,289.653,-5.56,NaN,NaN,NaN,-0.045847049032119,444.450100680986,54.1551935453187,15.2709346,288.524,287.938,289.653,0.182630422505643+0i,0.000632138,20.8588098445709,524.472181729254,27.5663185289013,20.9309370401767,790.509,649.656,385.197,-9.9e+37
20260514171402.7,1626.38300098479,9.7888592,0.58918461,2.0029571,2.7297492,-0.000418485,-0.000710869,0.002439042,1.2097131,0.20058772,0.000633989,0.04499271,4.1313745,0.77711838,288.535,287.919,289.626,-5.6,NaN,NaN,NaN,-0.029246022818711,444.701472433949,56.5318722350135,15.5423676,288.535,287.919,289.626,0.232316136846598+0i,0.000633989,20.8702164689603,524.609821063793,27.5390397338547,20.9294316591432,-9.9e+37,570.849,791.717,-9.9e+37
20260514171404.8,1628.4650053829,9.7886406,0.61551925,2.002815,2.7293339,-0.000415872,-0.000709345,0.002445031,1.2097787,0.32722827,0.000622337,-0.11867133,4.1309373,0.58101566,288.513,287.919,289.612,-5.63,NaN,NaN,NaN,-0.0382361364807764,444.428545142431,59.1638619107837,11.6203132,288.513,287.919,289.612,0.251549890846785+0i,0.000622337,20.8653624917527,524.609821063793,27.5390397338547,20.9289889474796,-9.9e+37,-9.9e+37,125.168,122.109
20260514171406.9,1630.62900491059,9.7889794,0.74008748,2.0030445,2.7294541,-0.000418594,-0.000713483,0.002394613,1.2097568,0.30902217,0.00063388,-0.00698495,4.1303799,0.75725361,288.521,287.911,289.623,-5.69,NaN,NaN,NaN,-0.0237165651546434,444.507538305062,71.613711055825,15.1450722,288.521,287.911,289.623,0.266566723925454+0i,0.00063388,20.8591740038856,513.348420965114,27.5116363780999,20.9295201476834,1302.958,518.706,675.096,250.294
20260514171409.1,1632.83600360155,9.7887608,0.38732774,2.0027603,2.7298695,-0.000418485,-0.000708365,0.002419223,1.2097896,0.3728635,0.000624298,-0.000955666,4.1302487,0.7517571,288.513,287.917,289.65,-5.76,NaN,NaN,NaN,-0.0416967924787883,444.780531314684,36.3574860340519,15.035142,288.513,287.917,289.65,0.18597760419326+0i,0.000624298,20.8577173666266,524.334542394711,26.404416244904,20.9294905618493,-9.9e+37,467.276,614.339,-9.9e+37
20260514171411.2,1634.93000753224,9.7887499,0.49333204,2.0028805,2.7293667,-0.000418485,-0.000707603,0.002414976,1.2098333,0.4424327,0.000628653,0.094936991,4.1302487,0.70228619,288.521,287.922,289.683,-5.81,NaN,NaN,NaN,-0.0340922065380482,444.450100680986,46.9519814661994,14.0457238,288.521,287.922,289.683,0.202107811399017+0i,0.000628653,20.8577173666266,524.334542394711,27.5253380559775,20.9297858822665,-9.9e+37,197.954,407.711,-9.9e+37
20260514171413.3,1637.01200187206,9.7890231,0.66722935,2.0026401,2.7294541,-0.000419139,-0.000712938,0.002397662,1.2097568,0.11388292,0.000631811,-0.093311441,4.1304892,0.6218582,288.529,287.908,289.71,-5.78,NaN,NaN,NaN,-0.0493013784195284,444.507538305062,64.3319769612665,12.437164,288.529,287.908,289.71,0.256152643392894+0i,0.000631811,20.8603874981875,525.159127135271,27.5527414117323,20.9291659245601,-9.9e+37,-9.9e+37,609.238,519.23
20260514171415.4,1639.08599987626,9.7888482,0.50949315,2.0030117,2.7296727,-0.000417614,-0.000709127,0.002410076,1.209724,0.40394392,0.00063584,-0.014463832,4.1305547,0.60769076,288.529,287.933,289.686,-5.84,NaN,NaN,NaN,-0.02579169343133,444.651198083356,48.5671876990921,12.1538152,288.529,287.933,289.686,0.224489704051377+0i,0.00063584,20.8611147065752,524.747460398332,28.3865507909218,20.9290774360199,309.9,-9.9e+37,-9.9e+37,168.589
20260514171417.5,1641.16800427437,9.7885204,0.34100721,2.002662,2.7295962,-0.000417505,-0.000710325,0.002402126,1.2097568,0.44573258,0.000630505,0.089694327,4.1307187,0.73151369,288.508,287.898,289.656,-5.88,NaN,NaN,NaN,-0.0479158506982031,444.600923732763,31.7280262527067,14.6302738,288.508,287.898,289.656,0.185674269600711+0i,0.000630505,20.862935503149,525.708433206753,28.3592719958751,20.9288708731051,1372.692,724.11,166.013,-9.9e+37
20260514171419.6,1643.27700510621,9.7884329,0.54913755,2.002651,2.7294323,-0.000418703,-0.000710325,0.00242151,1.2097787,0.43321727,0.000634751,-0.063359394,4.1304564,0.68113053,288.519,287.911,289.642,-5.94,NaN,NaN,NaN,-0.0486117778641528,444.493211758096,52.5294082383554,13.6226106,288.519,287.911,289.642,0.251969619972755+0i,0.000634751,20.8600233388728,524.198154326854,27.5116363780999,20.9284870641477,-9.9e+37,605.822,213.987,-9.9e+37
20260514171421.6,1645.35600207746,9.7892964,0.54638329,2.0027166,2.7293339,-0.000419683,-0.000711741,0.002386337,1.2098224,0.41500135,0.00063094,-0.032946444,4.1302596,0.68577045,288.51,287.908,289.642,-5.95,NaN,NaN,NaN,-0.0444615213108221,444.428545142431,52.254136433448,13.715409,288.51,287.908,289.642,0.221416487988967+0i,0.00063094,20.8578383829843,525.021487800736,27.5527414117323,20.9294905618493,111.22,656.639,209.179,-9.9e+37
20260514171423.7,1647.43800647557,9.7891324,0.58910167,2.002651,2.7294869,-0.000418376,-0.000712176,0.002421836,1.2098005,0.11774696,0.00061319,-0.090816659,4.1304673,0.63997698,288.524,287.887,289.637,-5.97,NaN,NaN,NaN,-0.0486117778641528,444.529093843616,56.5235828783445,12.7995396,288.524,287.887,289.637,0.237588627480383+0i,0.00061319,20.8601443552304,525.021487800736,28.3182915229509,20.9292250962284,1332.503,441.453,519.529,549.483
20260514171425.8,1649.51200447977,9.7893729,0.71710729,2.002804,2.7293448,-0.000415981,-0.000711958,0.002386663,1.2098115,0.14537474,0.000633771,-0.10782714,4.1302269,0.55234249,288.527,287.873,289.599,-6.03,NaN,NaN,NaN,-0.0389320636467545,444.435708415915,69.3169785837943,11.0468498,288.527,287.873,289.599,0.255299519363638+0i,0.000633771,20.8574753339113,525.570793872214,27.9081131115868,20.9294612449773,1516.714,-9.9e+37,199.639,757.53
20260514171427.9,1651.57800614834,9.7887827,0.55711008,2.0029789,2.7287656,-0.000416416,-0.000711632,0.002410076,1.2098333,0.128333,0.00063388,-0.014080847,4.1302706,0.59664097,288.54,287.87,289.558,-6.03,NaN,NaN,NaN,-0.0278668217080025,444.05506914973,53.326214902497,11.9328194,288.54,287.87,289.558,0.224347728032493+0i,0.00063388,20.8579605095837,524.060514992315,27.5390397338547,20.9294905618493,9.9e+37,-9.9e+37,195.797,870.585
20260514171429.9,1653.64900678396,9.7886515,0.63998462,2.0026729,2.729017,-0.000417614,-0.000713047,0.002417807,1.2098661,0.40309385,0.000611121,-0.029869277,4.1307843,0.60270167,288.516,287.884,289.539,-6.04,NaN,NaN,NaN,-0.047226250142856,444.220284466579,61.6090292361733,12.0540334,288.516,287.884,289.539,0.207551955976793+0i,0.000611121,20.8636638217784,525.159127135271,27.5663185289013,20.9305239143472,1277.778,119.34,-9.9e+37,377.539
20260514171432,1655.71500845253,9.7888701,0.77750576,2.0029898,2.7290716,-0.000418703,-0.000711958,0.002394939,1.209724,0.16109391,0.000631049,0.003769635,4.1306313,0.72885,288.535,287.892,289.514,-6.04,NaN,NaN,NaN,-0.0271772211526553,444.2561665521,75.3534442226759,14.577,288.535,287.892,289.514,0.221445470639401+0i,0.000631049,20.8619651518042,524.883848466193,27.5116363780999,20.9307600630961,9.9e+37,651.367,473.583,580.449
20260514171434.1,1657.78100006282,9.7886187,0.70488333,2.0027385,2.7287219,-0.000418594,-0.000706949,0.002398642,1.2097896,0.34913906,0.000634969,-0.039236136,4.1302596,0.57208066,288.508,287.873,289.485,-6.12,NaN,NaN,NaN,-0.0430759935894969,444.026350337692,68.0952669326372,11.4416132,288.508,287.873,289.485,0.234936275018347+0i,0.000634969,20.8578383829843,525.296766469814,27.5253380559775,20.9300220310153,-9.9e+37,-9.9e+37,-9.9e+37,283.289
20260514171436.2,1659.88700352609,9.7888155,0.63178293,2.0030336,2.7287984,-0.000417614,-0.000714354,0.002376318,1.2098005,0.35481672,0.000613408,-0.055052644,4.1303034,0.5964009,288.505,287.87,289.419,-6.14,NaN,NaN,NaN,-0.0244061657100048,444.076624688284,60.7893194013752,11.928018,288.505,287.87,289.419,0.234413189759985+0i,0.000613408,20.8583246688985,513.486060299648,27.5390397338547,20.9298743708068,9.9e+37,185.686,-9.9e+37,319.087
20260514171438.4,1662.06300258636,9.7884438,0.51964814,2.0026292,2.7288202,-0.000417723,-0.000713483,0.002365429,1.2098661,0.27410281,0.000635623,0.00554562,4.1308936,0.62015479,288.529,287.881,289.373,-6.12,NaN,NaN,NaN,-0.0499909789748756,444.090951235251,49.582118179917,12.4030958,288.529,287.881,289.373,0.201406564945341+0i,0.000635623,20.8648773160803,513.761338968726,27.5663185289013,20.9302285939301,9.9e+37,608.142,-9.9e+37,212.571
20260514171440.4,1664.16000388563,9.7883564,0.47906093,2.002815,2.7292465,-0.000417287,-0.000710652,0.002417481,1.2098224,0.11477227,0.000612646,-0.12765315,4.1308061,0.63979147,288.524,287.889,289.335,-6.14,NaN,NaN,NaN,-0.0382361364807764,444.371107518356,45.5256694231344,12.7958294,288.524,287.889,289.335,0.210098117234423+0i,0.000612646,20.8639058544937,524.747460398332,27.5390397338547,20.9293724874749,9.9e+37,527.571,338.252,635.036
20260514171442.5,1666.23100452125,9.7884876,0.53447249,2.0026401,2.7288639,-0.000417287,-0.000710107,0.002434142,1.2098224,0.22936019,0.000632138,-0.13686205,4.131287,0.57083884,288.538,287.879,289.33,-6.18,NaN,NaN,NaN,-0.0493013784195284,444.119670047288,51.0637232502732,11.4167768,288.538,287.879,289.33,0.212083800739516+0i,0.000632138,20.8692450073737,525.159127135271,27.5116363780999,20.9297267105982,9.9e+37,-9.9e+37,-9.9e+37,719.007
20260514171444.7,1668.40200461447,9.789504,0.61215717,2.0030445,2.7288093,-0.000415763,-0.000709018,0.00237218,1.2098442,0.43849663,0.000626911,-0.003275796,4.130358,0.7168563,288.519,287.906,289.324,-6.21,NaN,NaN,NaN,-0.0237165651546434,444.083787961767,58.8278421342037,14.337126,288.519,287.906,289.324,0.242725654281747+0i,0.000626911,20.8589308609285,524.747460398332,26.4179933620735,20.9292839989346,9.9e+37,94.875,-9.9e+37,479.001
20260514171446.8,1670.50000168383,9.788575,0.69447517,2.0027057,2.7287219,-0.000415654,-0.000709236,0.002359004,1.2098333,0.17331568,0.000631049,0.030411919,4.1303143,0.7166075,288.532,287.903,289.387,-6.31,NaN,NaN,NaN,-0.0451511218661693,444.026350337692,67.0550336253368,14.33215,288.532,287.903,289.387,0.258322611875314+0i,0.000631049,20.8584456852561,524.472181729254,26.4453967178283,20.9293135847687,9.9e+37,480.804,335.923,604.911
20260514171448.9,1672.59400561452,9.7888482,0.55371853,2.0028805,2.7286016,-0.000417723,-0.000710325,0.002401909,1.2097896,0.14963271,0.000635078,-0.11311595,4.1308498,0.55778228,288.535,287.906,289.395,-6.4,NaN,NaN,NaN,-0.0340922065380482,443.947291456957,52.9872497757719,11.1556456,288.535,287.906,289.395,0.226249860877356+0i,0.000635078,20.8643910301661,524.472181729254,26.4316950399507,20.9294316591432,416.387,-9.9e+37,-9.9e+37,761.964
20260514171451,1674.74600560963,9.7890887,0.48606226,2.0030773,2.7283175,-0.000418485,-0.000712176,0.002412689,1.2098224,0.30166401,0.000629633,0.00560019,4.1309482,0.58734916,288.529,287.903,289.408,-6.45,NaN,NaN,NaN,-0.0216414368779709,443.760586319658,46.2254104591486,11.7469832,288.529,287.903,289.408,0.216762847969504+0i,0.000629633,20.8654835081104,526.257739278235,26.4453967178283,20.9291955103943,9.9e+37,-9.9e+37,-9.9e+37,385.757
20260514171453.1,1676.82400681078,9.7888482,0.48454436,2.0029243,2.7285688,-0.000417396,-0.000710216,0.002366953,1.2098333,0.41034289,0.000630287,0.14135575,4.1314072,0.73677778,288.513,287.906,289.436,-6.51,NaN,NaN,NaN,-0.0313211510953977,443.925735918402,46.0737054375933,14.7355556,288.513,287.906,289.436,0.172588257492834+0i,0.000630287,20.8705795180333,523.373569586294,26.4590983957055,20.9308485516364,9.9e+37,845.603,117.33,-9.9e+37
20260514171455.2,1678.91400754452,9.7886297,0.4034976,2.002662,2.7284049,-0.000416089,-0.000710434,0.002391999,1.2098442,0.36405727,0.000629089,0.14664711,4.1315056,0.74873331,288.516,287.933,289.512,-6.48,NaN,NaN,NaN,-0.0479158506982031,443.818023943734,37.9735667770827,14.9746662,288.516,287.933,289.512,0.16428958680698+0i,0.000629089,20.8716719959775,512.799114893632,25.7345287574103,20.9307893799681,-9.9e+37,826.958,459.589,-9.9e+37
20260514171457.3,1681.0000050813,9.7884985,0.63093505,2.002662,2.7281207,-0.000415763,-0.000714681,0.002457772,1.2098552,0.33979813,0.00062996,0.14124117,4.1311122,0.74052397,288.51,287.922,289.512,-6.55,NaN,NaN,NaN,-0.0479158506982031,443.63125308833,60.7045788692741,14.8104794,288.51,287.922,289.512,0.18121795306865+0i,0.00062996,20.8673043046841,524.060514992315,25.3107732288772,20.9314093376744,-9.9e+37,713.848,591.344,-9.9e+37
20260514171459.4,1683.06300938129,9.7887389,0.53106895,2.0027057,2.7285251,-0.000415436,-0.000712067,0.0024422,1.2099426,0.22045903,0.000634098,-0.17238046,4.131604,0.5776263,288.51,287.911,289.528,-6.59,NaN,NaN,NaN,-0.0451511218661693,443.897017106364,50.7235597947989,11.552526,288.51,287.911,289.528,0.158467957890395+0i,0.000634098,20.8727644739218,524.883848466193,25.2560910780758,20.9316454864233,-9.9e+37,-9.9e+37,407.971,355.75
20260514171501.6,1685.2660048753,9.7891761,0.5343219,2.0026838,2.7281207,-0.000413367,-0.000709672,0.00238797,1.2098989,0.37689996,0.000627129,-0.001287146,4.1315384,0.7500024,288.513,287.922,289.512,-6.6,NaN,NaN,NaN,-0.0465366495874946,443.63125308833,51.0486726809366,15.000048,288.513,287.922,289.512,0.189141326306129+0i,0.000627129,20.8720361552923,514.310645040208,25.3107732288772,20.9308189658022,1125.546,751.506,544.391,-9.9e+37
20260514171503.6,1687.35600560904,9.7895477,0.51939279,2.0029024,2.728547,-0.000417832,-0.000708583,0.002436211,1.209888,0.45153792,0.000637909,0.042498023,4.13144,0.65746394,288.508,287.933,289.485,-6.64,NaN,NaN,NaN,-0.032706678816723,443.911409371435,49.5565974754871,13.1492788,288.508,287.933,289.485,0.186557544771389+0i,0.000637909,20.870943677348,514.035366371131,25.3107732288772,20.9308189658022,-9.9e+37,218.536,249.705,-9.9e+37
20260514171505.7,1689.42600041628,9.7895149,0.53202596,2.0030336,2.7282082,-0.000417723,-0.000709127,0.002414758,1.2099535,0.15942324,0.000633554,-0.11274745,4.1303471,0.60332257,288.519,287.919,289.485,-6.69,NaN,NaN,NaN,-0.0244061657100048,443.688756430511,50.8192072173423,12.0664514,288.519,287.919,289.485,0.221213222576684+0i,0.000633554,20.8588098445709,512.799114893632,25.297071551,20.9297267105982,689.83,-9.9e+37,453.971,489.632
20260514171507.8,1691.49200208485,9.7895149,0.6243833,2.0027713,2.7286344,-0.000413694,-0.00070782,0.002389059,1.2099208,0.3149781,0.000634425,-0.094384931,4.1316149,0.58111496,288.5,287.947,289.463,-6.74,NaN,NaN,NaN,-0.0410008653128102,443.968846995511,60.0497706638751,11.6222992,288.5,287.947,289.463,0.25069922205258+0i,0.000634425,20.8728854902794,525.296766469814,26.2129664367453,20.929107021854,1589.961,-9.9e+37,-9.9e+37,474.169
20260514171509.8,1693.55500638485,9.7888264,0.52390393,2.002815,2.7286235,-0.000414238,-0.00070978,0.002444269,1.2099317,0.13257897,0.000631158,-0.012206645,4.1315275,0.63222379,288.548,287.941,289.466,-6.79,NaN,NaN,NaN,-0.0382361364807764,443.961683722028,50.0074589228414,12.6444758,288.548,287.941,289.466,0.210666944922037+0i,0.000631158,20.8719151389346,525.021487800736,25.884873531937,20.9297562964323,9.9e+37,299.232,246.756,779.706
20260514171511.9,1695.633007586,9.7888155,0.45119091,2.0030554,2.7282082,-0.000415327,-0.000708365,0.002460821,1.2099535,0.42987592,0.00063094,0.10984237,4.1310029,0.71297807,288.519,287.957,289.476,-6.81,NaN,NaN,NaN,-0.0230269645992962,443.688756430511,42.740227704413,14.2595614,288.519,287.957,289.476,0.210231264786134+0i,0.00063094,20.8660908103822,524.334542394711,27.2656289798479,20.929136338726,1102.949,650.743,-9.9e+37,-9.9e+37
20260514171514,1697.72700145841,9.7888373,0.59006632,2.0028478,2.7286126,-0.000414456,-0.000712285,0.002412036,1.2099535,0.39482123,0.000635296,0.11191966,4.1314947,0.74655958,288.524,287.957,289.474,-6.89,NaN,NaN,NaN,-0.036161008204104,443.954520448545,56.6199938731685,14.9311916,288.524,287.957,289.474,0.227483467293678+0i,0.000635296,20.8715509796199,524.198154326854,26.5820398144774,20.9296382220579,-9.9e+37,735.505,463.58,-9.9e+37
20260514171516.1,1699.82400275767,9.7893291,0.46551113,2.002651,2.7283721,-0.000415327,-0.000713701,0.002460168,1.209888,0.33674269,0.000633445,0.11291159,4.1313963,0.76635775,288.535,287.966,289.436,-6.94,NaN,NaN,NaN,-0.0486117778641528,443.796468405179,44.171447998093,15.327155,288.535,287.966,289.436,0.202700806965749+0i,0.000633445,20.8704585016756,523.785236323233,27.470655905176,20.9295497335176,-9.9e+37,626.378,691.295,-9.9e+37
20260514171518.3,1701.99200548232,9.7895587,0.34386841,2.0028478,2.7286016,-0.000418921,-0.000712067,0.002418134,1.2100191,0.27799631,0.000633663,-0.00743127,4.1309919,0.7513468,288.524,287.957,289.387,-7.02,NaN,NaN,NaN,-0.036161008204104,443.947291456957,32.0139860706618,15.026936,288.524,287.957,289.387,0.172639467781858+0i,0.000633663,20.8659686837828,524.883848466193,27.5800202067785,20.9295201476834,-9.9e+37,-9.9e+37,803.65,182.728
20260514171520.4,1704.07000668347,9.7888155,0.58783694,2.0030336,2.7281754,-0.00041707,-0.000713483,0.002416936,1.2099317,0.33756984,0.000637801,0.16812689,4.1305657,0.73502527,288.516,287.949,289.365,-7.11,NaN,NaN,NaN,-0.0244061657100048,443.667200891957,56.3971806832647,14.7005054,288.516,287.949,289.365,0.197142708270712+0i,0.000637801,20.8612368331747,525.982460609158,27.5116363780999,20.9305532312192,-9.9e+37,331.842,526.88,-9.9e+37
20260514171522.5,1706.16800375283,9.7885313,0.76214668,2.0026401,2.728241,-0.000414565,-0.00071283,0.00239091,1.2100191,0.12806674,0.000633989,-0.14300785,4.1306859,0.62204698,288.524,287.941,289.362,-7.1,NaN,NaN,NaN,-0.0493013784195284,443.710311969066,73.8183960887607,12.4409396,288.524,287.941,289.362,0.215854439605267+0i,0.000633989,20.8625713438342,524.334542394711,26.3770128891492,20.9309074543425,-9.9e+37,-9.9e+37,563.067,547.16
20260514171524.5,1708.25400128961,9.7887062,0.62695642,2.0028805,2.7280989,-0.000415,-0.000707276,0.002385356,1.209888,0.23730761,0.00063584,-0.15037582,4.1309482,0.57077555,288.521,287.927,289.327,-7.11,NaN,NaN,NaN,-0.0340922065380482,443.616926541364,60.3069386097638,11.415511,288.521,287.927,289.327,0.191870109119487+0i,0.00063584,20.8654835081104,526.395378612774,26.4179933620735,20.9309666260108,879.656,-9.9e+37,-9.9e+37,657.898
20260514171526.6,1710.32000295818,9.7884766,0.54276366,2.002662,2.7281207,-0.000418703,-0.000715007,0.002380456,1.2100628,0.20767198,0.000621031,0.10942525,4.1310903,0.73796613,288.538,287.914,289.302,-7.13,NaN,NaN,NaN,-0.0479158506982031,443.63125308833,51.8923760756035,14.7593226,288.538,287.914,289.302,0.169156196108492+0i,0.000621031,20.867061161727,525.296766469814,26.3907145670269,20.9312912633,9.9e+37,576.592,420.454,418.7
20260514171528.7,1712.39899992943,9.7887608,0.53751266,2.0027166,2.7285907,-0.000418376,-0.000711087,0.002448407,1.2099645,0.34055435,0.000635514,-0.11991305,4.131604,0.58818068,288.51,287.911,289.316,-7.12,NaN,NaN,NaN,-0.0444615213108221,443.940128183473,51.3675700487328,11.7636136,288.51,287.911,289.316,0.17464944880884+0i,0.000635514,20.8727644739218,526.257739278235,26.363311211272,20.9310551145511,-9.9e+37,-9.9e+37,-9.9e+37,303.703
20260514171530.9,1714.64100144804,9.7884438,0.56828973,2.002651,2.7281972,-0.000416634,-0.000711414,0.002439695,1.2100738,0.40730708,0.000634751,-0.000921364,4.1307624,0.77620065,288.51,287.914,289.297,-7.2,NaN,NaN,NaN,-0.0486117778641528,443.681527438923,54.4435540185329,15.524013,288.51,287.914,289.297,0.213938970525541+0i,0.000634751,20.8634206788213,525.021487800736,27.2519273019711,20.9299039566409,9.9e+37,691.108,504.364,146.92
20260514171533,1716.75400547683,9.7886187,0.53171605,2.0027166,2.7280879,-0.000416525,-0.000710325,0.00238307,1.2100301,0.20756504,0.000635514,-0.11375592,4.1307405,0.57898597,288.521,287.908,289.289,-7.26,NaN,NaN,NaN,-0.0444615213108221,443.609697549776,50.7882335674114,11.5797194,288.521,287.908,289.289,0.190310780726186+0i,0.000635514,20.8631775358642,515.133978514095,27.5116363780999,20.9306713055937,137.857,-9.9e+37,89.798,591.129
20260514171535.2,1718.86300630867,9.7885204,0.48503978,2.0026838,2.7281207,-0.000417832,-0.000708909,0.002434686,1.2100738,0.17214698,0.00062212,0.009150601,4.1303034,0.70978731,288.532,287.892,289.294,-7.33,NaN,NaN,NaN,-0.0465366495874946,443.63125308833,46.1232197018919,14.1957462,288.532,287.892,289.294,0.182022461575499+0i,0.00062212,20.8583246688985,513.897727036587,27.5116363780999,20.9306713055937,9.9e+37,460.608,456.287,619.83
20260514171537.3,1720.96899971366,9.7879739,0.55956753,2.0026947,2.7278475,-0.000416634,-0.000710107,0.002436864,1.210041,0.39416431,0.00063584,-0.019864833,4.1308498,0.59935378,288.508,287.911,289.319,-7.31,NaN,NaN,NaN,-0.045847049032119,443.451711224515,53.5718223240802,11.9870756,288.508,287.911,289.319,0.194020099521519+0i,0.00063584,20.8643910301661,514.584672442613,27.5253380559775,20.9307304772619,-9.9e+37,-9.9e+37,-9.9e+37,130.085
20260514171539.3,1723.05500730872,9.7879848,0.49742742,2.002662,2.7274978,-0.000415,-0.000711741,0.002403542,1.2101284,0.44690783,0.000629198,-0.066640191,4.1308389,0.67455478,288.502,287.911,289.316,-7.3,NaN,NaN,NaN,-0.0479158506982031,443.221895010108,47.3612901895522,13.4910956,288.502,287.911,289.316,0.195318525325851+0i,0.000629198,20.8642700138085,524.883848466193,27.4980592609309,20.9300516168495,1315.545,515.335,-9.9e+37,-9.9e+37
20260514171541.4,1725.12100897729,9.7883673,0.6930042,2.0030445,2.7275633,-0.00041707,-0.000711087,0.002420312,1.2100628,0.42603697,0.000631594,0.10942672,4.1304345,0.75189896,288.529,287.917,289.33,-7.22,NaN,NaN,NaN,-0.0237165651546434,443.264940369112,66.9080189764421,15.0379792,288.529,287.917,289.33,0.20062651387984+0i,0.000631594,20.8597801959157,525.159127135271,28.3865507909218,20.9309666260108,735.718,883.875,330.609,-9.9e+37
20260514171543.6,1727.30500437319,9.7886734,0.59264053,2.002804,2.727465,-0.000415763,-0.000709563,0.002435231,1.2100738,0.27816,0.000635296,-0.00725121,4.1305657,0.74294104,288.51,287.938,289.324,-7.31,NaN,NaN,NaN,-0.0389320636467545,443.200339471553,56.8772707580344,14.8588208,288.51,287.938,289.324,0.165871926561694+0i,0.000635296,20.8612368331747,525.433154537676,28.400252468799,20.9315865837171,-9.9e+37,610.21,781.218,217.765
20260514171545.8,1729.49200719595,9.7888155,0.55970175,2.0028259,2.7280005,-0.000417614,-0.000709889,0.002418025,1.2101175,0.43935434,0.000635187,-0.003276777,4.1303252,0.6984898,288.524,287.938,289.335,-7.27,NaN,NaN,NaN,-0.0375465359254292,443.5522599257,53.5852368098784,13.969796,288.524,287.938,289.335,0.18312754982374+0i,0.000635187,20.8585667016137,525.021487800736,28.400252468799,20.9308485516364,-9.9e+37,-9.9e+37,407.617,281.931
20260514171547.9,1731.58600106835,9.7888373,0.52263265,2.002815,2.7279677,-0.000416307,-0.000708583,0.002424994,1.2101066,0.15476804,0.000628218,-0.11077046,4.1315493,0.57115966,288.529,287.936,289.349,-7.34,NaN,NaN,NaN,-0.0382361364807764,443.530704387146,49.8804020944582,11.4231932,288.529,287.936,289.349,0.155188946949573+0i,0.000628218,20.8721571716499,525.846072541292,28.3592719958751,20.9315865837171,9.9e+37,-9.9e+37,-9.9e+37,733.6
20260514171550,1733.74200426042,9.7888482,0.61838591,2.0029898,2.7278366,-0.000416307,-0.000709018,0.002407898,1.2101721,0.21877414,0.000630722,0.00475012,4.1309373,0.58655801,288.54,287.963,289.349,-7.49,NaN,NaN,NaN,-0.0271772211526553,443.444547951032,59.450367423065,11.7311602,288.54,287.963,289.349,0.187392245351185+0i,0.000630722,20.8653624917527,525.159127135271,28.3318686401203,20.931025528717,9.9e+37,346.609,-9.9e+37,402.144
20260514171552.2,1735.9379991889,9.7891324,0.59015689,2.0026292,2.7275524,-0.000415763,-0.000714354,0.002426519,1.2101503,0.10965332,0.000622773,-0.004677827,4.131593,0.67199367,288.543,287.957,289.321,-7.5,NaN,NaN,NaN,-0.0499909789748756,443.257777095629,56.6290458026779,13.4398734,288.543,287.957,289.321,0.181491276581007+0i,0.000622773,20.8726423473223,525.433154537676,29.466492129071,20.931025528717,9.9e+37,984.7,398.959,311.013
20260514171554.4,1738.10600191355,9.7891761,0.50387878,2.002662,2.7275196,-0.000415218,-0.000710107,0.002427063,1.2101721,0.25615097,0.000633227,0.00540704,4.131604,0.57147939,288.543,287.96,289.281,-7.55,NaN,NaN,NaN,-0.0479158506982031,443.236221557074,48.0060650152068,11.4295878,288.543,287.96,289.281,0.214652887535845+0i,0.000633227,20.8727644739218,526.257739278235,29.466492129071,20.9293135847687,-9.9e+37,275.228,122.586,223.03
20260514171556.6,1740.30500426888,9.7889138,0.56764481,2.0029789,2.7275196,-0.000417505,-0.000713592,0.002464959,1.2101393,0.20454779,0.000632574,-0.00043972,4.131298,0.58150889,288.516,287.966,289.275,-7.61,NaN,NaN,NaN,-0.0278668217080025,443.236221557074,54.3790981238749,11.6301778,288.516,287.966,289.275,0.184433595945296+0i,0.000632574,20.8693671339732,524.747460398332,29.507597162703,20.9308189658022,672.712,152.547,-9.9e+37,378.861
20260514171558.7,1742.37900227308,9.7884438,0.51096413,2.002662,2.7275633,-0.000417505,-0.000710543,0.002442309,1.2102268,0.17482158,0.000634098,-0.11723152,4.1311777,0.56145426,288.513,287.976,289.278,-7.64,NaN,NaN,NaN,-0.0479158506982031,443.264940369112,48.714203347427,11.2290852,288.513,287.976,289.278,0.205023003911382+0i,0.000634098,20.8680315130718,525.433154537676,29.4938954848258,20.9297267105982,9.9e+37,237.053,-9.9e+37,670.628
20260514171600.7,1744.45700347424,9.7888264,0.48313449,2.0030554,2.7275961,-0.000416525,-0.000710434,0.002432726,1.2102486,0.42907059,0.00063486,-0.036059874,4.1310684,0.61383657,288.527,287.963,289.251,-7.73,NaN,NaN,NaN,-0.0230269645992962,443.286495907666,45.9327973680629,12.2767314,288.527,287.963,289.251,0.198989544299532+0i,0.00063486,20.8668180187699,524.609821063793,28.3592719958751,20.9297858822665,9.9e+37,535.053,-9.9e+37,218.642
20260514171602.8,1746.53900787234,9.788575,0.70762668,2.0027275,2.7274759,-0.000416416,-0.000710325,0.002451892,1.210194,0.13572826,0.000632138,0.037289764,4.1309919,0.68356944,288.529,287.963,289.256,-7.83,NaN,NaN,NaN,-0.0437719207554323,443.207502745036,68.3694483483324,13.6713888,288.529,287.963,289.256,0.241384128377327+0i,0.000632138,20.8659686837828,525.433154537676,29.0290349226607,20.9297858822665,9.9e+37,721.241,509.732,621.041
20260514171604.9,1748.65200184286,9.7881706,0.45737053,2.0028915,2.7279677,-0.000416634,-0.000707603,0.002462672,1.2103361,0.22995382,0.000630287,-0.11735359,4.1314838,0.55683946,288.513,287.957,289.254,-7.82,NaN,NaN,NaN,-0.0333962793720701,443.530704387146,43.357843743219,11.1367892,288.513,287.957,289.254,0.164927954005758+0i,0.000630287,20.8714299632622,525.846072541292,28.5917022769577,20.9308189658022,469.175,-9.9e+37,-9.9e+37,641.101
20260514171607,1750.72300247848,9.7888373,0.52470599,2.0030554,2.7276726,-0.000416961,-0.000712285,0.002395593,1.2102268,0.20051242,0.000636929,0.07071896,4.1311449,0.72278604,288.519,287.968,289.27,-7.88,NaN,NaN,NaN,-0.0230269645992962,443.336770258259,50.0876200201394,14.4557208,288.519,287.968,289.27,0.182009045471415+0i,0.000636929,20.8676673537571,525.296766469814,28.3318686401203,20.9306713055937,9.9e+37,671.212,412.546,583.051
20260514171609.1,1752.83600650728,9.7888264,0.53319466,2.002968,2.7275196,-0.000417505,-0.000709345,0.002413016,1.2102596,0.44543904,0.000614497,-0.024236222,4.1307515,0.6629812,288.51,287.987,289.21,-7.92,NaN,NaN,NaN,-0.0285564222633639,443.236221557074,50.9360117885866,13.259624,288.51,287.987,289.21,0.177120175552244+0i,0.000614497,20.8632996624637,524.609821063793,28.3729736737523,20.9309074543425,-9.9e+37,248.138,-9.9e+37,-9.9e+37
20260514171611.3,1755.00399917364,9.7886734,0.50541741,2.0026729,2.7278475,-0.000415654,-0.000712938,0.002453634,1.2102705,0.26860845,0.000633118,0.00511459,4.1305657,0.58842838,288.548,287.982,289.215,-7.86,NaN,NaN,NaN,-0.047226250142856,443.451711224515,48.1598418762093,11.7685676,288.548,287.982,289.215,0.187397844429955+0i,0.000633118,20.8612368331747,525.570793872214,28.4139541466766,20.9303466683045,278.495,241.92,-9.9e+37,202.823
20260514171613.4,1757.08600357175,9.7877444,0.65731553,2.002651,2.7281754,-0.000417178,-0.000710216,0.002450803,1.2103142,0.32755782,0.000609379,0.14385466,4.1304564,0.74173196,288.519,287.99,289.221,-7.89,NaN,NaN,NaN,-0.0486117778641528,443.667200891957,63.3411499787277,14.8346392,288.519,287.99,289.221,0.242646311436144+0i,0.000609379,20.8600233388728,525.159127135271,27.5800202067785,20.9295201476834,1041.154,955.016,384.466,-9.9e+37
20260514171615.5,1759.1640047729,9.788728,0.54956641,2.0028368,2.7287219,-0.000416089,-0.000709563,0.002482709,1.2103033,0.28954152,0.000633118,0.12193401,4.1302378,0.75032432,288.527,287.987,289.254,-7.97,NaN,NaN,NaN,-0.0368569353700678,444.026350337692,52.5722702289637,15.0064864,288.527,287.987,289.254,0.18417309966265+0i,0.000633118,20.857596350269,526.120099943692,27.5116363780999,20.9307600630961,-9.9e+37,787.674,658.091,-9.9e+37
20260514171617.6,1761.34000383317,9.7887717,0.59248666,2.0029571,2.7293339,-0.00041805,-0.00071076,0.002426519,1.210347,0.41357838,0.000636929,0.001867883,4.1304564,0.64074738,288.508,287.985,289.283,-8.07,NaN,NaN,NaN,-0.029246022818711,444.428545142431,56.8618923723261,12.8149476,288.508,287.985,289.283,0.188405222665714+0i,0.000636929,20.8600233388728,525.433154537676,28.3865507909218,20.9308485516364,-9.9e+37,-9.9e+37,339.454,-9.9e+37
20260514171619.7,1763.42600136995,9.7887608,0.62268971,2.0027385,2.7298367,-0.000415654,-0.000709998,0.002417045,1.2102486,0.27726737,0.000631485,0.092319578,4.1308936,0.75424074,288.532,287.987,289.308,-8.09,NaN,NaN,NaN,-0.0430759935894969,444.758975776129,59.8805064781871,15.0848148,288.532,287.987,289.308,0.232434868610661+0i,0.000631485,20.8648773160803,523.511208920833,27.5253380559775,20.929667807892,9.9e+37,755.594,533.189,-9.9e+37
20260514171621.8,1765.50800576806,9.7886078,0.51713395,2.0026729,2.730252,-0.000416852,-0.000710652,0.002425866,1.2102705,0.34763098,0.000631702,0.093833116,4.1306859,0.76514319,288.516,287.99,289.319,-8.13,NaN,NaN,NaN,-0.047226250142856,445.031903067646,49.3308399348784,15.3028638,288.516,287.99,289.319,0.210732750334402+0i,0.000631702,20.8625713438342,521.038705965835,27.5527414117323,20.9297267105982,-9.9e+37,499.795,620.832,-9.9e+37
20260514171623.9,1767.60600283742,9.7885094,0.42619084,2.0030226,2.7306782,-0.000415763,-0.000710543,0.002427826,1.2102596,0.10337873,0.000631702,0.011790882,4.1303034,0.67111086,288.527,287.976,289.281,-8.28,NaN,NaN,NaN,-0.0251020928759687,445.311993632646,40.2416203137848,13.4222172,288.527,287.976,289.281,0.201354863430233+0i,0.000631702,20.8583246688985,524.609821063793,27.5253380559775,20.9292250962284,-9.9e+37,-9.9e+37,743.802,463.684
20260514171626,1769.67200450599,9.7880067,0.48214365,2.0028368,2.7306127,-0.000415763,-0.000709672,0.002408987,1.2104126,0.34385423,0.000635949,0.11212525,4.1302378,0.74159774,288.513,287.96,289.292,-8.25,NaN,NaN,NaN,-0.0368569353700678,445.268948273642,45.8337688394655,14.8319548,288.513,287.96,289.292,0.22221361686691+0i,0.000635949,20.857596350269,525.846072541292,27.5527414117323,20.9289297758113,-9.9e+37,357.039,508.239,-9.9e+37
20260514171628.2,1771.87900319695,9.7877334,0.59964186,2.002651,2.7312684,-0.000417178,-0.000709563,0.002391019,1.2103251,0.26641726,0.000631594,-0.00745091,4.1309263,0.74203532,288.54,287.949,289.281,-8.2,NaN,NaN,NaN,-0.0486117778641528,445.699861890419,57.5770117940486,14.8407064,288.54,287.949,289.281,0.222744613224074+0i,0.000631594,20.8652403651533,525.982460609158,27.5116363780999,20.9297858822665,-9.9e+37,-9.9e+37,768.883,238.046
20260514171630.4,1774.10200461745,9.7888701,0.4999056,2.002968,2.7316291,-0.000416634,-0.000711849,0.002399731,1.2104454,0.44537466,0.00063094,-0.001213751,4.130981,0.76579904,288.513,287.949,289.273,-8.24,NaN,NaN,NaN,-0.0285564222633639,445.936907096416,47.6089694505826,15.3159808,288.513,287.949,289.273,0.230587245500218+0i,0.00063094,20.8658476674251,524.609821063793,28.3045898450737,20.9287821156027,-9.9e+37,-9.9e+37,655.387,89.46
20260514171632.5,1776.18800215423,9.7881269,0.66492795,2.0030008,2.7312684,-0.000416198,-0.000710543,0.00236532,1.2103689,0.18758679,0.000633009,0.045677336,4.1309701,0.72324981,288.529,287.93,289.259,-8.14,NaN,NaN,NaN,-0.0264812939866772,445.699861890419,64.101965803346,14.4649962,288.529,287.93,289.259,0.251821345609949+0i,0.000633009,20.8657266510675,525.296766469814,28.3182915229509,20.9292544131004,-9.9e+37,-9.9e+37,664.253,381.282
20260514171634.6,1778.27300392091,9.7887171,0.68004366,2.0028587,2.7312138,-0.000415109,-0.000711958,0.002402017,1.2103907,0.42026656,0.000632029,0.079224461,4.1309373,0.69316242,288.494,287.947,289.251,-8.26,NaN,NaN,NaN,-0.0354714076487426,445.663979804898,65.6126905621404,13.8632484,288.494,287.947,289.251,0.186817960882866+0i,0.000632029,20.8653624917527,525.570793872214,28.3729736737523,20.9313208491341,-9.9e+37,-9.9e+37,259.835,-9.9e+37
20260514171636.7,1780.42599968612,9.7886406,0.78993703,2.0027603,2.7312029,-0.000417178,-0.00070684,0.002461801,1.210347,0.32958423,0.000631049,-0.00689329,4.1313526,0.75588194,288.513,287.911,289.229,-8.36,NaN,NaN,NaN,-0.0416967924787883,445.656816531415,76.5958752677448,15.1176388,288.513,287.911,289.229,0.210251396337913+0i,0.000631049,20.8699733260032,514.173005705669,28.400252468799,20.9313208491341,-9.9e+37,-9.9e+37,722.775,164.578
20260514171638.8,1782.51200728118,9.7888373,0.41949724,2.0030773,2.7313559,-0.00041707,-0.00071076,0.0024422,1.2104126,0.26022562,0.000632465,-0.15906966,4.1310138,0.56746585,288.505,287.898,289.142,-8.45,NaN,NaN,NaN,-0.0216414368779709,445.7573652326,39.5726350497472,11.349317,288.505,287.898,289.142,0.19327159744772+0i,0.000632465,20.8662118267399,513.623699634191,27.8808343165401,20.9296973937262,-9.9e+37,-9.9e+37,-9.9e+37,520.063
20260514171640.9,1784.57800894976,9.7884985,0.54679359,2.0027057,2.7306017,-0.000417505,-0.000712394,0.002423361,1.2103361,0.26874049,0.000631485,0.17509984,4.1310466,0.76702558,288.532,287.908,289.05,-8.36,NaN,NaN,NaN,-0.0451511218661693,445.261719282053,52.2951434631234,15.3405116,288.532,287.908,289.05,0.173936164432491+0i,0.000631485,20.8665759860546,525.159127135271,27.5116363780999,20.9311142862194,9.9e+37,643.141,400.285,181.851
20260514171643.1,1786.81299984455,9.7888482,0.53178043,2.0030554,2.7307329,-0.000414347,-0.000712285,0.002438715,1.2104782,0.1629239,0.000637147,-0.000920493,4.1311996,0.56359743,288.54,287.892,288.99,-8.15,NaN,NaN,NaN,-0.0230269645992962,445.347941436272,50.7946679631474,11.2719486,288.54,287.892,288.99,0.188946690708499+0i,0.000637147,20.8682746560289,526.257739278235,26.4316950399507,20.9305239143472,-9.9e+37,-9.9e+37,-9.9e+37,398.791
20260514171645.2,1788.91400434077,9.788881,0.58743537,2.0029024,2.7304269,-0.000418267,-0.000710434,0.002407898,1.2104126,0.32835441,0.00063388,0.11328934,4.1314619,0.77197758,288.527,287.906,288.974,-8.28,NaN,NaN,NaN,-0.032706678816723,445.146844033902,56.3570461648472,15.4395516,288.527,287.906,288.974,0.183522724308933+0i,0.00063388,20.8711868203051,525.159127135271,26.404416244904,20.9310551145511,9.9e+37,849.855,458.071,-9.9e+37
20260514171647.3,1791.00000187755,9.7888592,0.46236839,2.0029024,2.7298367,-0.000417505,-0.000711305,0.002402235,1.2105219,0.43668192,0.000637365,-0.05093139,4.13144,0.67742035,288.505,287.906,288.965,-8.53,NaN,NaN,NaN,-0.032706678816723,444.758975776129,43.8573499419347,13.548407,288.505,287.906,288.965,0.175177672644237+0i,0.000637365,20.870943677348,514.173005705669,26.4453967178283,20.9307893799681,-9.9e+37,298.627,220.051,-9.9e+37
20260514171649.4,1793.0780030787,9.7878427,0.62096666,2.0026838,2.7293667,-0.000415763,-0.000711632,0.002396573,1.2104235,0.21883525,0.000631485,0.045589893,4.1310138,0.7471161,288.529,287.914,288.995,-8.41,NaN,NaN,NaN,-0.0465366495874946,444.450100680986,59.7082979417941,14.942322,288.529,287.914,288.995,0.200329949821794+0i,0.000631485,20.8662118267399,512.936754228166,27.5116363780999,20.9309074543425,405.535,741.903,761.657,-9.9e+37
20260514171651.5,1795.17200700939,9.7887717,0.59507178,2.0029571,2.7287546,-0.000415872,-0.00071076,0.002436537,1.2103798,0.17482594,0.00063388,0.002255444,4.1309591,0.73824003,288.535,287.917,289.036,-7.14,NaN,NaN,NaN,-0.029246022818711,444.047840158141,57.1202596464041,14.7648006,288.535,287.917,289.036,0.245998111637392+0i,0.00063388,20.865604524468,515.133978514095,27.4843575830532,20.9292250962284,-9.9e+37,230.444,789.029,256.907
20260514171653.5,1797.25000821054,9.7888482,0.4022667,2.0028259,2.7292465,-0.000415436,-0.000709018,0.002398533,1.2104017,0.10387633,0.000633009,-0.033862255,4.1315603,0.63754025,288.543,287.933,289.085,-6.37,NaN,NaN,NaN,-0.0375465359254292,444.371107518356,37.8505456880568,12.750805,288.543,287.933,289.085,0.202940106182993+0i,0.000633009,20.8722792982494,514.173005705669,27.5527414117323,20.929136338726,-9.9e+37,-9.9e+37,579.687,643.03
20260514171655.6,1799.30900931358,9.7886078,0.6955162,2.002651,2.7289842,-0.000415327,-0.000710325,0.002444813,1.2103579,0.11868869,0.000626584,-0.063567493,4.1314838,0.61462662,288.54,287.947,289.156,-6.39,NaN,NaN,NaN,-0.0486117778641528,444.198728928024,67.1590783440862,12.2925324,288.54,287.947,289.156,0.248711006532001+0i,0.000626584,20.8714299632622,513.348420965114,26.4179933620735,20.9298447849726,701.119,-9.9e+37,364.79,786.089
20260514171657.7,1801.40600055456,9.788575,0.39511478,2.002651,2.7289623,-0.000416961,-0.000712721,0.00238013,1.2103579,0.14960107,0.000631267,0.005405247,4.1313745,0.69336539,288.535,287.925,289.191,-6.16,NaN,NaN,NaN,-0.0486117778641528,444.184336662953,37.1357540827061,13.8673078,288.535,287.925,289.191,0.167984714673092+0i,0.000631267,20.8702164689603,513.761338968726,26.3907145670269,20.9305239143472,1197.477,-9.9e+37,450.529,641.43
20260514171659.8,1803.47300805151,9.7888592,0.55159609,2.0028696,2.7291044,-0.000416416,-0.000712176,0.002430221,1.2104017,0.41649415,0.000630287,-0.021756456,4.1314947,0.6076362,288.529,287.911,289.226,-6.09,NaN,NaN,NaN,-0.0347818070933954,444.277722090654,52.7751245989158,12.152724,288.529,287.911,289.226,0.212504692736384+0i,0.000630287,20.8715509796199,524.472181729254,27.5390397338547,20.9298447849726,-9.9e+37,-9.9e+37,-9.9e+37,102.529
20260514171702,1805.6680072099,9.7881378,0.52890613,2.002815,2.7286235,-0.00041707,-0.000713156,0.002389277,1.2104017,0.29311639,0.000630505,-0.00674488,4.1310138,0.76665238,288.505,287.906,289.27,-6.04,NaN,NaN,NaN,-0.0382361364807764,443.961683722028,50.5073988785855,15.3330476,288.505,287.906,289.27,0.166725170694927+0i,0.000630505,20.8662118267399,525.021487800736,27.5663185289013,20.9312616774658,1600.003,483.111,598.428,329.278
20260514171704.1,1807.77300484478,9.7881488,0.42525238,2.0030773,2.7282847,-0.000416525,-0.000711741,0.002419005,1.2103033,0.30443246,0.000633009,0.18122165,4.1303908,0.74664251,288.527,287.917,289.286,-6.15,NaN,NaN,NaN,-0.0216414368779709,443.739030781104,40.1478268527341,14.9328502,288.527,287.917,289.286,0.186319401975119+0i,0.000633009,20.8592950202433,523.922875657772,27.5527414117323,20.9298154681006,-9.9e+37,443.408,500.233,-9.9e+37
20260514171706.2,1809.9340070039,9.788116,0.64945866,2.0027822,2.7286126,-0.000415436,-0.000708583,0.002397008,1.2104126,0.22012944,0.000632465,0.00173612,4.130358,0.59068832,288.535,287.908,289.278,-6.28,NaN,NaN,NaN,-0.0403112647574631,443.954520448545,62.5559028394515,11.8137664,288.535,287.908,289.278,0.209740627120866+0i,0.000632465,20.8589308609285,524.334542394711,27.5253380559775,20.9305239143472,-9.9e+37,-9.9e+37,104.149,100.695
20260514171708.3,1812.0080050081,9.7877334,0.55811947,2.0026401,2.7287874,-0.000417832,-0.000710216,0.002406047,1.2103798,0.15340618,0.000634425,0.014815784,4.1310794,0.73365577,288.532,287.908,289.183,-6.41,NaN,NaN,NaN,-0.0493013784195284,444.069395696696,53.4270973925871,14.6731154,288.532,287.908,289.183,0.222730442336459+0i,0.000634425,20.8669401453694,525.433154537676,27.5663185289013,20.9295201476834,1589.838,556.337,696.433,306.974
20260514171710.4,1814.08600620925,9.7880941,0.68434094,2.0027931,2.7292574,-0.000416634,-0.000708147,0.002391128,1.2104454,0.35607054,0.000635623,-0.091145632,4.131604,0.56748877,288.527,287.887,289.066,-5.92,NaN,NaN,NaN,-0.0396216642021017,444.378270791839,66.0421779822796,11.3497754,288.527,287.887,289.066,0.210846769351942+0i,0.000635623,20.8727644739218,514.173005705669,27.5527414117323,20.9308781374705,-9.9e+37,-9.9e+37,-9.9e+37,138.335
20260514171712.5,1816.16400741041,9.788422,0.4959739,2.0029024,2.7291918,-0.000415218,-0.000708909,0.002375774,1.2102486,0.13503096,0.000638998,-0.072028764,4.1314291,0.63173383,288.546,287.851,289.014,-5.69,NaN,NaN,NaN,-0.032706678816723,444.33515971473,47.2160195637329,12.6346766,288.546,287.851,289.014,0.216796106315834+0i,0.000638998,20.8708226609904,514.310645040208,28.3729736737523,20.9294612449773,9.9e+37,171.931,364.661,672.939
20260514171714.5,1818.23800541461,9.787952,0.53189937,2.0026729,2.7290716,-0.000418485,-0.000712067,0.002366953,1.2103907,0.14731931,0.000638672,-0.10242552,4.1312324,0.58547769,288.524,287.832,288.998,-5.74,NaN,NaN,NaN,-0.047226250142856,444.2561665521,50.8065553043845,11.7095538,288.524,287.832,288.998,0.179188920050406+0i,0.000638672,20.8686388153437,525.570793872214,26.4179933620735,20.9308781374705,9.9e+37,-9.9e+37,-9.9e+37,827.881
20260514171716.6,1820.34000568092,9.7888264,0.56173798,2.0030882,2.7288858,-0.000417287,-0.000711958,0.002431093,1.2103361,0.45696132,0.000635949,0.081992695,4.1304017,0.68663798,288.516,287.827,289.006,-5.73,NaN,NaN,NaN,-0.0209518363226238,444.13406231236,53.788745813134,13.7327596,288.516,287.827,289.006,0.226878531222127+0i,0.000635949,20.8594160366009,524.747460398332,26.4316950399507,20.9294612449773,1375.52,486.459,-9.9e+37,-9.9e+37
20260514171718.7,1822.44500331581,9.7880285,0.44624218,2.0026838,2.729017,-0.000415981,-0.00071773,0.002414214,1.2104235,0.33753165,0.000634969,0.11746287,4.1314619,0.77463363,288.527,287.843,289.017,-5.83,NaN,NaN,NaN,-0.0465366495874946,444.220284466579,42.2456317551927,15.4926726,288.527,287.843,289.017,0.216241063265309+0i,0.000634969,20.8711868203051,524.883848466193,27.5390397338547,20.928841287271,509.916,819.453,493.897,-9.9e+37
20260514171720.8,1824.53100085258,9.7884657,0.59344149,2.0026838,2.7287109,-0.000417178,-0.000711523,0.002415412,1.210347,0.26563813,0.000615804,0.1078681,4.1304017,0.74250564,288.519,287.835,289.063,-5.93,NaN,NaN,NaN,-0.0465366495874946,444.019121346103,56.9573219169151,14.8501128,288.519,287.835,289.063,0.211764991797942+0i,0.000615804,20.8594160366009,525.021487800736,27.1562646782454,20.9301401053898,-9.9e+37,584.71,716.593,-9.9e+37
20260514171722.9,1826.61700844765,9.7880395,0.52680443,2.0028805,2.7287219,-0.000419901,-0.000713374,0.002386119,1.2103798,0.3118921,0.000635187,0.10443147,4.1302378,0.72799557,288.524,287.83,289.104,-6.01,NaN,NaN,NaN,-0.0340922065380482,444.026350337692,50.2973465406168,14.5599114,288.524,287.83,289.104,0.255325732998417+0i,0.000635187,20.857596350269,525.708433206753,27.1699663561226,20.9281624268585,-9.9e+37,452.887,681.654,-9.9e+37
20260514171725,1828.70300598443,9.7879411,0.41241404,2.0027931,2.7287109,-0.000417614,-0.000713374,0.002413234,1.2103579,0.41782108,0.000628436,-0.015104028,4.1302269,0.62702298,288.505,287.835,289.161,-6.02,NaN,NaN,NaN,-0.0396216642021017,444.019121346103,38.864711597161,12.5404596,288.505,287.835,289.161,0.194922731944797+0i,0.000628436,20.8574753339113,526.257739278235,26.5820398144774,20.9293431706029,-9.9e+37,-9.9e+37,283.731,-9.9e+37
20260514171727.2,1830.86700551212,9.7880285,0.50057016,2.0028696,2.7293448,-0.000416961,-0.000712067,0.002443616,1.2104672,0.3331711,0.000635514,-0.00707225,4.131134,0.78246103,288.489,287.827,289.215,-5.97,NaN,NaN,NaN,-0.0347818070933954,444.435708415915,47.6753882457106,15.6492206,288.489,287.827,289.215,0.215278824494247+0i,0.000635514,20.8675463373994,524.198154326854,27.5390397338547,20.9293724874749,390.744,358.767,770.939,127.798
20260514171729.2,1832.9530030489,9.7881597,0.45069331,2.0030663,2.7301427,-0.000415436,-0.000712503,0.002438606,1.2103033,0.25770052,0.00063486,-0.15444829,4.1311231,0.58287184,288.524,287.849,289.232,-5.99,NaN,NaN,NaN,-0.0223373640439348,444.960073178499,42.6904955621599,11.6574368,288.524,287.849,289.232,0.192042527107296+0i,0.00063486,20.8674253210418,525.708433206753,27.5253380559775,20.9297858822665,120.184,-9.9e+37,214.901,509.892
20260514171731.4,1835.14900803566,9.7881597,0.70823122,2.0029243,2.7303941,-0.00041402,-0.000709236,0.002450476,1.2104344,0.14701267,0.000636276,-0.004654197,4.1309373,0.68554238,288.529,287.827,289.218,-6.02,NaN,NaN,NaN,-0.0313211510953977,445.125288495348,68.4298685036332,13.7108476,288.529,287.827,289.218,0.276243056744259+0i,0.000636276,20.8653624917527,533.398718207478,28.3729736737523,20.9286051385221,9.9e+37,803.255,381.64,374.606
20260514171733.5,1837.23399974406,9.7887499,0.617789,2.0027494,2.7311154,-0.000416634,-0.000710325,0.002420747,1.2103251,0.13855456,0.000635405,0.020210581,4.131593,0.67900918,288.527,287.808,289.205,-6.1,NaN,NaN,NaN,-0.0423863930341355,445.599313189235,59.3907098406046,13.5801836,288.527,287.808,289.205,0.258674593443685+0i,0.000635405,20.8726423473223,525.296766469814,29.507597162703,20.9286936270624,-9.9e+37,75.512,702.521,578.853
20260514171735.6,1839.32400047779,9.7888155,0.54143127,2.0027931,2.7317603,-0.000415545,-0.000708583,0.002422708,1.2104563,0.35266154,0.000634207,0.11596153,4.1315821,0.73585024,288.51,287.824,289.207,-6.16,NaN,NaN,NaN,-0.0396216642021017,446.023129250634,51.7592116684158,14.7170048,288.51,287.824,289.207,0.239331101897285+0i,0.000634207,20.8725213309647,525.021487800736,28.3592719958751,20.9288117014368,-9.9e+37,359.31,499.112,-9.9e+37
20260514171737.7,1841.41400121152,9.7880395,0.51167561,2.0027713,2.731804,-0.000415327,-0.000710325,0.002417916,1.2103361,0.10768256,0.000636276,-0.017041497,4.1309373,0.64843291,288.532,287.797,289.183,-6.14,NaN,NaN,NaN,-0.0410008653128102,446.051848062672,48.7853115157755,12.9686582,288.532,287.797,289.183,0.204374830209062+0i,0.000636276,20.8653624917527,525.433154537676,29.4801938069481,20.9297562964323,-9.9e+37,-9.9e+37,616.842,593.167
20260514171739.8,1843.48100870848,9.7887827,0.79297392,2.0029898,2.7318914,-0.000418267,-0.00071076,0.002403106,1.2104891,0.13319006,0.000631702,0.03290258,4.1309919,0.66841225,288.521,287.805,289.172,-6.12,NaN,NaN,NaN,-0.0271772211526553,446.109285686747,76.8993942498326,13.368245,288.521,287.805,289.172,0.282693547509174+0i,0.000631702,20.8659686837828,525.982460609158,29.2067830529413,20.9290182643516,559.19,-9.9e+37,515.251,655.474
20260514171741.9,1845.57400681078,9.7888482,0.58070902,2.0029133,2.7329297,-0.000416634,-0.000712067,0.002405502,1.2103689,0.12270005,0.000630831,0.055295212,4.1314838,0.63507626,288.516,287.819,289.145,-6.18,NaN,NaN,NaN,-0.0320170782613616,446.791636774592,55.6847877342927,12.7015252,288.516,287.819,289.145,0.227008439668031+0i,0.000630831,20.8714299632622,525.982460609158,28.5370201261562,20.9294905618493,479.96,-9.9e+37,429.658,740.299
20260514171743.9,1847.6370010525,9.7884876,0.44232358,2.0027057,2.7324816,-0.000414892,-0.000710978,0.00238993,1.2105,0.33171758,0.000633554,-0.090910091,4.1310029,0.56886481,288.516,287.797,289.15,-6.18,NaN,NaN,NaN,-0.0451511218661693,446.497153944521,41.8539911349498,11.3772962,288.516,287.797,289.15,0.192028321584762+0i,0.000633554,20.8660908103822,525.159127135271,28.3729736737523,20.9296973937262,378.234,-9.9e+37,-9.9e+37,483.416
20260514171746,1849.71900545061,9.7886843,0.51349251,2.0026947,2.7328204,-0.000414783,-0.000710216,0.002398968,1.2103907,0.23555509,0.000631158,0.11473732,4.1309919,0.76644723,288.543,287.838,289.15,-6.32,NaN,NaN,NaN,-0.045847049032119,446.719806885445,48.9668997980496,15.3289446,288.543,287.838,289.15,0.222425544351022+0i,0.000631158,20.8659686837828,525.159127135271,29.452915011902,20.929136338726,9.9e+37,558.121,441.996,416.322
20260514171748.1,1851.81300938129,9.7879957,0.55944967,2.0026729,2.7334325,-0.00041707,-0.000713047,0.002454941,1.2104344,0.38181376,0.000636929,0.11249005,4.1315165,0.73736923,288.527,287.838,289.12,-6.37,NaN,NaN,NaN,-0.047226250142856,447.12206740829,53.5600429223801,14.7473846,288.527,287.838,289.12,0.227308390783519+0i,0.000636929,20.8717930123352,525.570793872214,28.4276558245533,20.9293431706029,-9.9e+37,416.378,339.622,-9.9e+37
20260514171750.2,1853.87100465596,9.7879848,0.70459088,2.0026947,2.7334981,-0.000415109,-0.000710652,0.002397226,1.2103579,0.41838306,0.000636167,-0.008929326,4.1315712,0.63037088,288.497,287.838,289.085,-6.44,NaN,NaN,NaN,-0.045847049032119,447.165178485399,68.0660383052218,12.6074176,288.497,287.838,289.085,0.284586367545007+0i,0.000636167,20.872400314607,526.120099943692,28.3592719958751,20.9284870641477,-9.9e+37,-9.9e+37,-9.9e+37,-9.9e+37
20260514171752.2,1855.95300905406,9.7887171,0.50582335,2.0028587,2.7324707,-0.000417287,-0.000710869,0.002410402,1.2104126,0.33232321,0.000635078,0.11699494,4.1309482,0.79414372,288.516,287.849,289.088,-6.43,NaN,NaN,NaN,-0.0354714076487426,446.489990671038,48.2004131499758,15.8828744,288.516,287.849,289.088,0.238196128080754+0i,0.000635078,20.8654835081104,524.198154326854,29.0427366005374,20.928546235816,890.501,865.025,609.056,-9.9e+37
20260514171754.3,1858.02300386131,9.788105,0.59069705,2.0027166,2.7324707,-0.000417941,-0.000714136,0.002416283,1.2102924,0.39741399,0.000632465,-0.002288442,4.130981,0.62610744,288.502,287.835,289.085,-6.44,NaN,NaN,NaN,-0.0444615213108221,446.489990671038,56.6830315622426,12.5221488,288.502,287.835,289.085,0.255689647418463+0i,0.000632465,20.8658476674251,524.883848466193,29.507597162703,20.9286051385221,-9.9e+37,-9.9e+37,182.201,-9.9e+37
20260514171756.4,1860.12900732458,9.7884766,0.55307034,2.0026401,2.7325144,-0.000417941,-0.000709454,0.002452545,1.2104563,0.15575996,0.000634098,-0.11356884,4.1310684,0.59695088,288.529,287.824,289.123,-6.44,NaN,NaN,NaN,-0.0493013784195284,446.518709483075,52.9224670641823,11.9390176,288.529,287.824,289.123,0.228712667209442+0i,0.000634098,20.8668180187699,526.120099943692,30.5875385008526,20.9291659245601,1581.499,187.855,420.996,525.04
20260514171758.5,1862.21900805831,9.7894384,0.51425529,2.0027275,2.7329079,-0.000417723,-0.000711849,0.002440566,1.2103579,0.42313212,0.000624733,0.1118786,4.131604,0.71511579,288.508,287.846,289.11,-6.5,NaN,NaN,NaN,-0.0437719207554323,446.777310227626,49.0431350944077,14.3023158,288.508,287.846,289.11,0.236670371395481+0i,0.000624733,20.8727644739218,523.922875657772,29.5211742798724,20.9286640412283,1170.162,759.299,262.079,-9.9e+37
20260514171800.6,1864.35600109398,9.7894603,0.59796901,2.0027275,2.7329297,-0.000415981,-0.000710434,0.002406809,1.2103798,0.41229837,0.000634643,-0.022368776,4.131593,0.60960697,288.5,287.838,289.115,-6.56,NaN,NaN,NaN,-0.0437719207554323,446.791636774592,57.4098204472479,12.1921394,288.5,287.838,289.115,0.22233774088602+0i,0.000634643,20.8726423473223,525.846072541292,29.4938954848258,20.9297267105982,-9.9e+37,232.932,100.666,-9.9e+37
20260514171802.7,1866.4179995656,9.7893619,0.54346859,2.0027931,2.7318258,-0.000420227,-0.000711414,0.002365102,1.2103251,0.37739537,0.000635514,0.11429532,4.1309373,0.76665129,288.51,287.838,289.118,-6.57,NaN,NaN,NaN,-0.0396216642021017,446.066174609638,51.9628296106486,15.3330258,288.51,287.838,289.118,0.229059290774305+0i,0.000635514,20.8653624917527,525.296766469814,29.4392133340243,20.929136338726,822.3,978.253,569.099,-9.9e+37
20260514171804.8,1868.52300725877,9.7895587,0.69356945,2.0028805,2.7323505,-0.000416307,-0.000713156,0.002399077,1.2104235,0.14895397,0.000633009,0.011532146,4.1315165,0.69912162,288.527,287.835,289.115,-6.6,NaN,NaN,NaN,-0.0340922065380482,446.410997508407,66.9645123313628,13.9824324,288.527,287.835,289.115,0.201652703213347+0i,0.000633009,20.8717930123352,524.883848466193,29.4938954848258,20.9309074543425,-9.9e+37,520.738,835.201,282.577
20260514171806.9,1870.61700113118,9.7895259,0.60332257,2.0030554,2.731957,-0.000414892,-0.000711632,0.002424014,1.2103142,0.43920702,0.000632356,-0.0270956,4.1311012,0.67272152,288.497,287.851,289.123,-6.65,NaN,NaN,NaN,-0.0230269645992962,446.152396763857,57.9448767323771,13.4544304,288.497,287.851,289.123,0.22012226385593+0i,0.000632356,20.8671821780847,525.021487800736,27.8808343165401,20.9299039566409,-9.9e+37,247.017,317.869,-9.9e+37
20260514171809,1872.72300459445,9.7894603,0.47494481,2.0027385,2.7319023,-0.000417287,-0.000709345,0.002414649,1.2103033,0.40645593,0.000627347,0.10554188,4.131604,0.74155191,288.525,287.858,289.148,-6.73,NaN,NaN,NaN,-0.0430759935894969,446.11644896023,45.1142878608943,14.8310382,288.525,287.858,289.148,0.208857331471118+0i,0.000627347,20.8727644739218,523.785236323233,27.5390397338547,20.929402073309,-9.9e+37,652.898,610.803,-9.9e+37
20260514171811.2,1874.88300092518,9.7895587,0.68172854,2.0029461,2.7316291,-0.000416525,-0.000713374,0.00243033,1.2103033,0.30186589,0.000637038,-0.00746291,4.1309373,0.74068547,288.509,287.861,289.118,-6.77,NaN,NaN,NaN,-0.0299419499846891,445.936907096416,65.781084235451,14.8137094,288.509,287.861,289.118,0.251584804649935+0i,0.000637038,20.8653624917527,525.159127135271,26.3907145670269,20.9294316591432,-9.9e+37,239.002,850.588,150.153
20260514171813.3,1876.96500532329,9.7886406,0.59741247,2.0026729,2.7315526,-0.000414892,-0.00071283,0.002394721,1.2102159,0.33525862,0.000636603,-0.14053949,4.1310575,0.5845065,288.514,287.853,289.11,-6.76,NaN,NaN,NaN,-0.047226250142856,445.886632745823,57.3541976047046,11.69013,288.514,287.853,289.11,0.237746500870038+0i,0.000636603,20.8666970024123,525.021487800736,26.4453967178283,20.9293431706029,-9.9e+37,-9.9e+37,-9.9e+37,229.853
20260514171815.5,1879.18400354683,9.7887608,0.68192496,2.0027494,2.7317165,-0.000416525,-0.000710652,0.002385139,1.2102486,0.12188272,0.000636276,-0.000911346,4.1302706,0.5852649,288.531,287.858,289.093,-6.76,NaN,NaN,NaN,-0.0423863930341355,445.994344720491,65.8007152390309,11.705298,288.531,287.858,289.093,0.273083411584849+0i,0.000636276,20.8579605095837,525.433154537676,25.3244749067544,20.9288117014368,9.9e+37,587.506,-9.9e+37,384.12
20260514171817.6,1881.27300851047,9.7885641,0.64505992,2.0027166,2.7312029,-0.000415981,-0.000714245,0.00242053,1.2102814,0.13425073,0.000637692,-0.09913918,4.1302487,0.60170647,288.519,287.857,289.093,-6.72,NaN,NaN,NaN,-0.0444615213108221,445.656816531415,62.1162750994711,12.0341294,288.519,287.857,289.093,0.263517782824145+0i,0.000637692,20.8577173666266,525.296766469814,26.1856876416987,20.928841287271,1249.875,209.866,426.622,662.638
20260514171819.7,1883.38300511241,9.7886624,0.53142796,2.0029024,2.7310498,-0.000415981,-0.000712503,0.002401364,1.2102814,0.37904313,0.000639652,-0.014582964,4.1307843,0.57800496,288.508,287.835,289.085,-6.71,NaN,NaN,NaN,-0.032706678816723,445.556202112125,50.7594406959048,11.5600992,288.508,287.835,289.085,0.244125911349286+0i,0.000639652,20.8636638217784,525.021487800736,26.4179933620735,20.9286347243563,1206.711,117.495,-9.9e+37,383.803
20260514171821.8,1885.49200594425,9.7884329,0.54199543,2.0026401,2.7306673,-0.000415981,-0.000711523,0.002413343,1.2102814,0.45397463,0.000636712,0.10445575,4.1311559,0.70457233,288.516,287.86,289.118,-6.73,NaN,NaN,NaN,-0.0493013784195284,445.304830359163,51.8155960843593,14.0914466,288.516,287.86,289.118,0.216666104804145+0i,0.000636712,20.8677894803565,524.334542394711,27.5116363780999,20.9296382220579,1596.181,786.569,-9.9e+37,-9.9e+37
20260514171823.9,1887.59000301361,9.7886734,0.60905154,2.0026838,2.7309952,-0.00041707,-0.000713156,0.002373051,1.2103142,0.1442977,0.000638781,-0.11289881,4.1308608,0.59815452,288.527,287.849,289.15,-6.83,NaN,NaN,NaN,-0.0465366495874946,445.520320026604,58.517453000471,11.9630904,288.527,287.849,289.15,0.252494283824753+0i,0.000638781,20.8645131567656,523.922875657772,27.5253380559775,20.9289297758113,1053.618,173.202,328.835,550.392
20260514171826,1889.66800421476,9.7878209,0.57013063,2.0026947,2.7312029,-0.00041707,-0.000711741,0.002399077,1.2102705,0.3074748,0.000628436,-0.10345926,4.1302706,0.56600359,288.508,287.841,289.167,-6.87,NaN,NaN,NaN,-0.045847049032119,445.656816531415,54.6275409571858,11.3200718,288.508,287.841,289.167,0.230807711374017+0i,0.000628436,20.8579605095837,524.198154326854,26.4316950399507,20.929402073309,9.9e+37,99.762,-9.9e+37,532.409
20260514171828,1891.75000861287,9.7877334,0.66619269,2.002651,2.7312903,-0.000419792,-0.000714899,0.002425648,1.2102814,0.12857089,0.000636167,0.043931414,4.1303799,0.62187129,288.551,287.835,289.207,-6.95,NaN,NaN,NaN,-0.0486117778641528,445.714254155491,64.228368997866,12.4374258,288.551,287.835,289.207,0.248693762050136+0i,0.000636167,20.8591740038856,523.648848255371,26.4316950399507,20.9294612449773,9.9e+37,438.126,279.516,800.262
20260514171830.1,1893.81600022316,9.787176,0.56515244,2.0027275,2.7312029,-0.000415,-0.000710652,0.002354539,1.2103033,0.12266186,0.000637801,0.036793854,4.1302269,0.64853767,288.513,287.838,289.254,-7,NaN,NaN,NaN,-0.0437719207554323,445.656816531415,54.1300006572606,12.9707534,288.513,287.838,289.254,0.243332841173003+0i,0.000637801,20.8574753339113,523.511208920833,26.4179933620735,20.9289593616454,1589.942,149.559,291.566,790.964
20260514171832.2,1895.9140073508,9.7879411,0.57004333,2.0027603,2.7312029,-0.000416198,-0.000712176,0.002416501,1.2102486,0.20232168,0.000637909,0.10268326,4.1302487,0.70046384,288.548,287.83,289.259,-6.98,NaN,NaN,NaN,-0.0416967924787883,445.656816531415,54.618815844608,14.0092768,288.548,287.83,289.259,0.242600824642859+0i,0.000637909,20.8577173666266,524.609821063793,27.4980592609309,20.9289593616454,933.492,352.299,396.972,493.725
20260514171834.3,1898.00400808454,9.788105,0.46804387,2.0030226,2.7319461,-0.000416852,-0.000712612,0.002420965,1.2103579,0.21102314,0.000631594,0.085659533,4.1303362,0.70363715,288.532,287.857,289.308,-7.01,NaN,NaN,NaN,-0.0251020928759687,446.145233490374,44.4245802046244,14.072743,288.532,287.857,289.308,0.211805725938508+0i,0.000631594,20.8586888282132,525.570793872214,27.5663185289013,20.9291955103943,-9.9e+37,169.915,541.228,356.844
20260514171836.4,1900.09400881827,9.7880722,0.61261658,2.0030117,2.7319023,-0.000418376,-0.000714136,0.00237414,1.2102268,0.43410335,0.00063584,0.085745887,4.1302815,0.70461052,288.513,287.873,289.308,-7.03,NaN,NaN,NaN,-0.02579169343133,446.11644896023,58.8737574144941,14.0922104,288.513,287.873,289.308,0.252516849586633+0i,0.00063584,20.8580815259414,525.433154537676,26.3770128891492,20.9289593616454,-9.9e+37,-9.9e+37,270.824,-9.9e+37
20260514171838.5,1902.1950032562,9.7881378,0.48324253,2.0030008,2.7321974,-0.000417178,-0.000711087,0.002419223,1.2103142,0.4410774,0.00063388,0.060186692,4.1306203,0.72769766,288.508,287.876,289.335,-7.03,NaN,NaN,NaN,-0.0264812939866772,446.310383089117,45.9435953195279,14.5539532,288.508,287.876,289.335,0.251909123378577+0i,0.00063388,20.8618430252047,524.472181729254,26.404416244904,20.9279262781096,-9.9e+37,393.878,367.134,-9.9e+37
20260514171840.6,1904.27000708878,9.7879848,0.67855413,2.0028368,2.7324488,-0.00041707,-0.000709345,0.002388297,1.2103251,0.12712829,0.000636603,-0.111765,4.1302269,0.62899265,288.543,287.876,289.33,-7.09,NaN,NaN,NaN,-0.0368569353700678,446.475598405966,65.4638209523128,12.579853,288.543,287.876,289.33,0.299402413858823+0i,0.000636603,20.8574753339113,525.982460609158,27.5527414117323,20.9278966922755,226.14,-9.9e+37,515.176,479.147
20260514171842.6,1906.34800828993,9.7879083,0.53338126,2.002662,2.732733,-0.000415981,-0.000708147,0.002410294,1.2102377,0.45065293,0.000635949,0.08368689,4.1307405,0.6884385,288.505,287.892,289.33,-7.15,NaN,NaN,NaN,-0.0479158506982031,446.66236926137,50.9546613419315,13.76877,288.505,287.892,289.33,0.242197170315123+0i,0.000635949,20.8631775358642,524.198154326854,27.5253380559775,20.9286936270624,445.085,522.477,91.918,-9.9e+37
20260514171844.7,1908.44900272787,9.7879192,0.59815015,2.0027494,2.733039,-0.000415654,-0.000711196,0.00245102,1.2102705,0.40086665,0.000633663,0.11056239,4.1302487,0.73918394,288.519,287.895,289.313,-7.22,NaN,NaN,NaN,-0.0423863930341355,446.863466663739,57.4279243062666,14.7836788,288.519,287.895,289.313,0.253614651741449+0i,0.000633663,20.8577173666266,525.433154537676,27.4980592609309,20.9287821156027,-9.9e+37,762.434,512.507,-9.9e+37
20260514171846.8,1910.5390034616,9.7879083,0.5664019,2.0027713,2.7330609,-0.000417723,-0.000711087,0.002414214,1.2103251,0.43314634,0.000638127,-0.046780845,4.1302487,0.67809364,288.494,287.906,289.196,-7.22,NaN,NaN,NaN,-0.0410008653128102,446.877858928811,54.2548767072194,13.5618728,288.494,287.906,289.196,0.255390323540403+0i,0.000638127,20.8577173666266,525.296766469814,27.5253380559775,20.9284870641477,-9.9e+37,441.352,358.232,-9.9e+37
20260514171849,1912.73100525141,9.7871979,0.53415385,2.0027603,2.7330827,-0.000417614,-0.000709889,0.002419223,1.2102924,0.28584226,0.000619942,-0.0073396,4.1306968,0.74019006,288.508,287.884,289.137,-7.26,NaN,NaN,NaN,-0.0416967924787883,446.892185475777,51.0318770890844,14.8038012,288.508,287.884,289.137,0.236142174624871+0i,0.000619942,20.8626923601918,524.609821063793,27.5253380559775,20.9289001899771,-9.9e+37,661.439,837.099,122.629
20260514171851.1,1914.81600701809,9.7874165,0.46510628,2.0030663,2.7333013,-0.00041805,-0.00070978,0.002439478,1.2103033,0.29638465,0.000635732,-0.13854581,4.1304017,0.58319157,288.5,287.881,289.123,-7.31,NaN,NaN,NaN,-0.0223373640439348,447.035845254071,44.1309856633037,11.6638314,288.5,287.881,289.123,0.193189553114817+0i,0.000635732,20.8594160366009,525.159127135271,27.5116363780999,20.9298743708068,-9.9e+37,-9.9e+37,134.03,362.187
20260514171853.3,1917.05100797117,9.7881269,0.59538606,2.0030663,2.7337932,-0.000415109,-0.000712285,0.002396464,1.2103579,0.12463262,0.000631376,-0.000571048,4.130511,0.58590764,288.544,287.893,289.164,-7.33,NaN,NaN,NaN,-0.0223373640439348,447.359112614286,57.151670051684,11.7181528,288.544,287.893,289.164,0.219392549950344+0i,0.000631376,20.8606295309028,524.472181729254,27.4980592609309,20.9299039566409,9.9e+37,605.325,-9.9e+37,412.361
20260514171855.4,1919.12100277841,9.7877334,0.50634496,2.0026401,2.7337604,-0.000414238,-0.000709672,0.002403106,1.2103033,0.38436505,0.000637909,-0.016872056,4.1303689,0.6104745,288.509,287.893,289.235,-7.35,NaN,NaN,NaN,-0.0493013784195284,447.337557075731,48.2525449480478,12.20949,288.509,287.893,289.235,0.216436142385053+0i,0.000637909,20.8590518772861,524.609821063793,28.3455703179975,20.9293431706029,372.244,400.273,-9.9e+37,177.996
20260514171857.5,1921.19900397956,9.7881378,0.49940472,2.0030773,2.7338478,-0.000416743,-0.000710434,0.002458534,1.210347,0.45442422,0.000633009,0.089099431,4.130358,0.70195009,288.512,287.899,289.3,-7.41,NaN,NaN,NaN,-0.0216414368779709,447.394994699807,47.5589094919577,14.0390018,288.512,287.899,289.3,0.248088192378997+0i,0.000633009,20.8589308609285,524.060514992315,28.3455703179975,20.9281624268585,919.052,849.24,173.634,-9.9e+37
20260514171859.6,1923.27700518072,9.7878755,0.63963433,2.0026947,2.7331265,-0.00041707,-0.000710434,0.002412689,1.2102049,0.12471227,0.000637583,-0.10231738,4.1310029,0.602921,288.533,287.891,289.33,-7.38,NaN,NaN,NaN,-0.045847049032119,446.92097000592,61.5740198468851,12.05842,288.533,287.891,289.33,0.277162492606722+0i,0.000637583,20.8660908103822,524.747460398332,28.3865507909218,20.9283100870671,828.548,342.854,509.179,557.135
20260514171901.7,1925.3710091114,9.7880613,0.37488882,2.0027275,2.7335746,-0.000416852,-0.000709998,0.00240964,1.2103142,0.45127711,0.000637692,0.071901892,4.1309045,0.66884655,288.523,287.877,289.313,-7.44,NaN,NaN,NaN,-0.0437719207554323,447.215452835992,35.1142904172623,13.376931,288.523,287.877,289.313,0.183968193774706+0i,0.000637692,20.864998332438,524.472181729254,28.3592719958751,20.9293724874749,250.817,601.093,-9.9e+37,-9.9e+37
20260514171903.8,1927.46500298381,9.7880504,0.55618908,2.0027166,2.7335199,-0.000418376,-0.000709889,0.002373378,1.2103142,0.39310146,0.000638454,-0.010019587,4.1308826,0.61267987,288.505,287.865,289.351,-7.52,NaN,NaN,NaN,-0.0444615213108221,447.179505032366,53.2341664639619,12.2535974,288.505,287.865,289.351,0.244121977132409+0i,0.000638454,20.8647551894809,525.570793872214,28.400252468799,20.9287527987307,-9.9e+37,390.834,-9.9e+37,-9.9e+37
20260514171905.8,1929.53100465238,9.7880176,0.67291903,2.0026947,2.7329625,-0.000417505,-0.000709672,0.002434359,1.2103907,0.23827116,0.000634425,-0.11775192,4.1308608,0.58381575,288.521,287.857,289.351,-7.52,NaN,NaN,NaN,-0.045847049032119,446.813192313147,64.9006264289803,11.676315,288.521,287.857,289.351,0.244631282470912+0i,0.000634425,20.8645131567656,525.433154537676,28.4139541466766,20.9295201476834,9.9e+37,284.707,148.624,502.427
20260514171907.9,1931.60600848496,9.7880395,0.45440457,2.0029243,2.7324816,-0.000418485,-0.000709454,0.002414432,1.2104563,0.45692968,0.000626693,0.078610292,4.1302487,0.68839267,288.517,287.883,289.357,-7.6,NaN,NaN,NaN,-0.0313211510953977,446.497153944521,43.0614137901706,13.7678534,288.517,287.883,289.357,0.206862360736465+0i,0.000626693,20.8577173666266,525.846072541292,28.3592719958751,20.9292250962284,9.9e+37,803.962,-9.9e+37,-9.9e+37
20260514171910,1933.71900245547,9.7881269,0.63876461,2.0027931,2.7329953,-0.00041707,-0.000707711,0.002453089,1.2103907,0.34030119,0.000633663,0.11578392,4.1315493,0.74502858,288.523,287.842,289.392,-7.66,NaN,NaN,NaN,-0.0396216642021017,446.834747851701,61.4870965374793,14.9005716,288.523,287.842,289.392,0.269716677519019+0i,0.000633663,20.8721571716499,525.296766469814,27.7714700149377,20.928546235816,431.7,990.496,552.404,-9.9e+37
20260514171912.1,1935.78500412405,9.7885313,0.49057558,2.0026401,2.7320554,-0.000417723,-0.000709127,0.002403433,1.2104235,0.28164211,0.000634425,0.11366394,4.1313854,0.74249364,288.528,287.844,289.398,-7.68,NaN,NaN,NaN,-0.0493013784195284,446.217063379521,46.6764897844573,14.8498728,288.528,287.844,289.398,0.240704717778938+0i,0.000634425,20.870337485318,524.472181729254,26.5684626973084,20.9283985756074,-9.9e+37,713.504,770.546,-9.9e+37
20260514171914.1,1937.85600475967,9.7887936,0.60999872,2.0030226,2.7319023,-0.000417614,-0.000709454,0.002438389,1.2104454,0.10757889,0.000615695,-0.10957773,4.1310138,0.58464945,288.542,287.858,289.387,-7.74,NaN,NaN,NaN,-0.0251020928759687,446.11644896023,58.6121179733393,11.692989,288.542,287.858,289.387,0.233617313476451+0i,0.000615695,20.8662118267399,525.296766469814,27.4296754322522,20.9295201476834,-9.9e+37,-9.9e+37,559.78,568.499
20260514171916.3,1940.02000428736,9.7887389,0.64942156,2.002804,2.7312029,-0.000417178,-0.000708474,0.002375556,1.2104017,0.29373078,0.000636385,0.00534702,4.1313307,0.56763936,288.523,287.844,289.406,-7.83,NaN,NaN,NaN,-0.0389320636467545,445.656816531415,62.552194916466,11.3527872,288.523,287.844,289.406,0.240256886101894+0i,0.000636385,20.8697301830461,524.334542394711,26.4453967178283,20.9296086362237,384.25,-9.9e+37,-9.9e+37,403.73
20260514171918.4,1942.10200868547,9.7887389,0.456168,2.0029352,2.7312575,-0.000419574,-0.000706949,0.002439151,1.2104017,0.41462051,0.000617002,0.1133384,4.1309482,0.70984406,288.509,287.858,289.373,-8.15,NaN,NaN,NaN,-0.0306315505400363,445.692698616936,43.2376580659209,14.1968812,288.509,287.858,289.373,0.153989267206081+0i,0.000617002,20.8654835081104,525.021487800736,25.3244749067544,20.9313504349683,1052.782,713.45,119.475,-9.9e+37
20260514171920.6,1944.32000108063,9.7880395,0.86228009,2.0027275,2.7316838,-0.000416961,-0.000709018,0.002429786,1.2105765,0.15441775,0.000638345,-0.000714136,4.1309919,0.57263718,288.528,287.864,289.403,-7.9,NaN,NaN,NaN,-0.0437719207554323,445.972854900042,83.8261311980945,11.4527436,288.528,287.864,289.403,0.233938746968864+0i,0.000638345,20.8659686837828,524.883848466193,26.4453967178283,20.9307893799681,524.633,285.294,-9.9e+37,335.594
20260514171922.7,1946.43000774086,9.7881597,0.5501273,2.0029133,2.7313887,-0.000416634,-0.000707385,0.002459841,1.2103689,0.3873201,0.000636603,-0.005603438,4.1314728,0.6099267,288.514,287.844,289.4,-7.53,NaN,NaN,NaN,-0.0320170782613616,445.778920771155,52.6283278279756,12.198534,288.514,287.844,289.4,0.229701020039016+0i,0.000636603,20.8713078366628,525.159127135271,25.2697927559529,20.9293135847687,1292.064,565.545,-9.9e+37,97.076
20260514171924.8,1948.52300584316,9.7881706,0.56710356,2.0029898,2.7309406,-0.000416961,-0.00070782,0.00239581,1.2104126,0.18779522,0.000636603,-0.11645716,4.1313854,0.58496372,288.508,287.8,289.387,-7.64,NaN,NaN,NaN,-0.0271772211526553,445.484437941083,54.3250034253329,11.6992744,288.508,287.8,289.387,0.18961057973243+0i,0.000636603,20.870337485318,524.747460398332,25.297071551,20.9307893799681,9.9e+37,368.777,90.034,626.53
20260514171926.9,1950.60900337994,9.7880941,0.55687219,2.0027603,2.7311264,-0.000417614,-0.000709889,0.002389277,1.2103689,0.1938068,0.000616239,-0.1116536,4.130981,0.56923801,288.525,287.785,289.311,-7.63,NaN,NaN,NaN,-0.0416967924787883,445.606542180823,53.3024392205826,11.3847602,288.525,287.785,289.311,0.227356949751363+0i,0.000616239,20.8658476674251,525.296766469814,26.404416244904,20.929402073309,9.9e+37,232.482,-9.9e+37,760.678
20260514171929,1952.69500091672,9.7878099,0.72430285,2.0026838,2.7305908,-0.000419683,-0.000709889,0.002423143,1.2103251,0.44439583,0.000635623,-0.062603878,4.1302815,0.6318244,288.512,287.804,289.205,-7.63,NaN,NaN,NaN,-0.0465366495874946,445.25455600857,70.0361317459938,12.636488,288.512,287.804,289.205,0.2838372192293+0i,0.000635623,20.8580815259414,524.883848466193,26.4179933620735,20.9287232128965,9.9e+37,658.474,-9.9e+37,174.646
20260514171931.1,1954.77300211787,9.7878755,0.67619272,2.0027166,2.7306017,-0.000414892,-0.000707385,0.002413669,1.210347,0.32287751,0.000640632,-0.10264353,4.1302815,0.58941158,288.514,287.801,289.112,-7.66,NaN,NaN,NaN,-0.0444615213108221,445.261719282053,65.2278121540053,11.7882316,288.514,287.801,289.112,0.238701794101581+0i,0.000640632,20.8580815259414,524.198154326854,26.4316950399507,20.9298154681006,1622.752,354.673,-9.9e+37,384.099
20260514171933.2,1956.86700604856,9.7878209,0.55536738,2.0026838,2.7312247,-0.000415763,-0.000709345,0.002400711,1.2102814,0.16565306,0.000626911,-0.10363981,4.1303143,0.59109644,288.52,287.79,289.131,-7.6,NaN,NaN,NaN,-0.0465366495874946,445.671143078382,53.1520424661939,11.8219288,288.52,287.79,289.131,0.247492681997151+0i,0.000626911,20.8584456852561,525.982460609158,26.4179933620735,20.9286936270624,9.9e+37,360.205,-9.9e+37,743.171
20260514171935.2,1958.94100405276,9.7880176,0.63624497,2.0027166,2.7316619,-0.00041903,-0.000708474,0.002394939,1.2103907,0.38417845,0.000638018,0.11556482,4.1308826,0.72594951,288.516,287.819,289.167,-7.56,NaN,NaN,NaN,-0.0444615213108221,445.95846263497,61.2352735975546,14.5189902,288.516,287.819,289.167,0.260875583453727+0i,0.000638018,20.8647551894809,525.570793872214,27.5253380559775,20.9288117014368,9.9e+37,999.985,213.302,135.168
20260514171937.3,1961.01600788534,9.7880395,0.58494845,2.0027057,2.7316619,-0.000417287,-0.000710434,0.002365429,1.2104672,0.43462714,0.000640632,0.08139671,4.1308936,0.69318534,288.5,287.843,289.199,-7.69,NaN,NaN,NaN,-0.0451511218661693,445.95846263497,56.1084933931189,13.8637068,288.5,287.843,289.199,0.228238646268684+0i,0.000640632,20.8648773160803,525.570793872214,27.5390397338547,20.9295201476834,-9.9e+37,592.955,278.401,-9.9e+37
20260514171939.4,1963.1130091846,9.7870995,0.45920925,2.0026292,2.7313777,-0.000416852,-0.000707167,0.002381436,1.2105,0.42688377,0.000635078,0.096072117,4.1305657,0.73276642,288.497,287.843,289.243,-7.71,NaN,NaN,NaN,-0.0499909789748756,445.771691779566,43.5416128039175,14.6553284,288.497,287.843,289.243,0.218668738819191+0i,0.000635078,20.8612368331747,525.021487800736,27.5527414117323,20.9288708731051,-9.9e+37,734.713,486.415,-9.9e+37
20260514171941.5,1965.21100625396,9.7874602,0.46366368,2.0029243,2.7316619,-0.000414892,-0.000705534,0.002395266,1.2104891,0.12032663,0.000637583,-0.11192257,4.1307296,0.61659956,288.524,287.851,289.321,-7.69,NaN,NaN,NaN,-0.0313211510953977,445.95846263497,43.9868064261368,12.3319912,288.524,287.851,289.321,0.214022734483207+0i,0.000637583,20.8630565195066,525.570793872214,27.5116363780999,20.9290774360199,-9.9e+37,-9.9e+37,498.351,492.826
20260514171943.6,1967.29700379074,9.7877662,0.60197709,2.0026401,2.7313559,-0.000419139,-0.000708038,0.002419876,1.2105765,0.34250329,0.000640087,-0.045524409,4.1305329,0.55762841,288.494,287.862,289.286,-7.53,NaN,NaN,NaN,-0.0493013784195284,445.7573652326,57.8104040580229,11.1525682,288.494,287.862,289.286,0.217218508832181+0i,0.000640087,20.8608726738599,532.987051470539,26.4453967178283,20.9298743708068,835.894,-9.9e+37,-9.9e+37,326.098
20260514171945.7,1969.37100179493,9.7874821,0.47978987,2.0030336,2.731334,-0.00041707,-0.000706187,0.00233374,1.2104344,0.41312553,0.000637801,0.11199948,4.1303471,0.75767919,288.516,287.889,289.262,-7.65,NaN,NaN,NaN,-0.0244061657100048,445.742972967529,45.5985226139985,15.1535838,288.516,287.889,289.262,0.220100123414321+0i,0.000637801,20.8588098445709,533.261078872935,26.4179933620735,20.9288708731051,9.9e+37,943.417,364.564,-9.9e+37
20260514171947.7,1971.45699933171,9.7872416,0.496011,2.0027057,2.7316838,-0.00041805,-0.000712176,0.002401364,1.2104235,0.13705085,0.000632465,0.033886559,4.1315384,0.69245531,288.533,287.88,289.153,-7.64,NaN,NaN,NaN,-0.0451511218661693,445.972854900042,47.2197274867184,13.8491062,288.533,287.88,289.153,0.211335574229336+0i,0.000632465,20.8720361552923,533.536357542013,27.4980592609309,20.9292839989346,-9.9e+37,340.665,705.25,463.265
20260514171949.8,1973.53500053287,9.787952,0.57291217,2.0026401,2.7315198,-0.000418812,-0.000707385,0.002374031,1.2103689,0.20141705,0.000622555,0.03715702,4.1314838,0.71417734,288.528,287.893,289.05,-7.74,NaN,NaN,NaN,-0.0493013784195284,445.865077207268,54.9055392348437,14.2835468,288.528,287.893,289.05,0.250402396733545+0i,0.000622555,20.8714299632622,534.222051681357,27.5390397338547,20.9285166499818,-9.9e+37,290.418,615.984,372.951
20260514171951.9,1975.64100399613,9.7881488,0.71046497,2.0028805,2.7316947,-0.00041903,-0.000707276,0.002386228,1.2103361,0.41095616,0.0006329,-0.028654874,4.1307624,0.60560215,288.523,287.907,288.908,-8.03,NaN,NaN,NaN,-0.0340922065380482,445.980018173525,68.653118448886,12.112043,288.523,287.907,288.908,0.277808471164435+0i,0.0006329,20.8634206788213,541.638309279682,26.7051057939575,20.9284574783135,-9.9e+37,-9.9e+37,-9.9e+37,-9.9e+37
20260514171954,1977.72700153291,9.7880395,0.67918923,2.0029243,2.7312575,-0.000418158,-0.000711849,0.002391564,1.2104672,0.12692968,0.00063192,0.056210915,4.1302487,0.67900372,288.544,287.893,288.879,-7.56,NaN,NaN,NaN,-0.0313211510953977,445.692698616936,65.5272953967359,13.5800744,288.544,287.893,288.879,0.296029597810209+0i,0.00063192,20.8577173666266,541.226642542738,27.3749932814508,20.9276901293608,1284.073,249.637,619.324,504.785
20260514171956.2,1979.90600802004,9.7880941,0.55590973,2.0027603,2.7317275,-0.000416307,-0.000707929,0.002435013,1.2104017,0.26080943,0.000633771,-0.00679835,4.1305329,0.70974803,288.52,287.896,288.881,-7.47,NaN,NaN,NaN,-0.0416967924787883,446.001573712079,53.2062471031532,14.1949606,288.52,287.896,288.881,0.250534297743312+0i,0.000633771,20.8608726738599,534.771357752839,27.5253380559775,20.9283689897732,598.935,212.093,593.075,445.953
20260514171958.4,1982.12500624359,9.7877225,0.41244787,2.002651,2.7312903,-0.000416634,-0.000707603,0.00242151,1.2104235,0.33525207,0.00063388,-0.001254477,4.1307624,0.71308611,288.514,287.883,288.914,-7.54,NaN,NaN,NaN,-0.0486117778641528,445.714254155491,38.8680927032149,14.2617222,288.514,287.883,288.914,0.234375909039537+0i,0.00063388,20.8634206788213,534.497330350434,28.3865507909218,20.9275424691522,-9.9e+37,323.413,562.252,219.221
20260514172000.5,1984.21100378036,9.7881269,0.5090643,2.0030554,2.7307657,-0.000415654,-0.000710652,0.002390257,1.2104344,0.44401935,0.000633445,-0.069201841,4.1304017,0.61876347,288.524,287.881,288.971,-7.69,NaN,NaN,NaN,-0.0230269645992962,445.369496974827,48.5243267079241,12.3752694,288.524,287.881,288.971,0.23476806607353+0i,0.000633445,20.8594160366009,533.672745609879,29.4392133340243,20.9284870641477,-9.9e+37,-9.9e+37,166.564,-9.9e+37
20260514172002.6,1986.33200414479,9.7880941,0.42543025,2.0027603,2.7311154,-0.00041402,-0.000706731,0.002394177,1.2104344,0.44708025,0.00061515,0.10288189,4.1315275,0.73317672,288.494,287.889,288.995,-7.59,NaN,NaN,NaN,-0.0416967924787883,445.599313189235,40.1656038948213,14.6635344,288.494,287.889,288.995,0.236907905954471+0i,0.00061515,20.8719151389346,524.334542394711,28.3592719958751,20.9278082037352,-9.9e+37,611.462,397.719,-9.9e+37
20260514172004.7,1988.43000121415,9.7877553,0.55171176,2.002662,2.7306345,-0.000415327,-0.000710543,0.002406482,1.2104672,0.32749453,0.000635405,0.11659464,4.1310794,0.77743156,288.509,287.912,288.933,-7.52,NaN,NaN,NaN,-0.0479158506982031,445.283274820608,52.7866851232213,15.5486312,288.509,287.912,288.933,0.228885923748391+0i,0.000635405,20.8669401453694,524.609821063793,28.3592719958751,20.9292544131004,-9.9e+37,745.608,742.051,-9.9e+37
20260514172006.8,1990.5080024153,9.7877553,0.60546357,2.002651,2.730711,-0.000411843,-0.00071076,0.002414323,1.2104782,0.42999487,0.000628109,-0.055583835,4.1311777,0.67083586,288.517,287.899,288.832,-7.52,NaN,NaN,NaN,-0.0486117778641528,445.333549171201,58.1588568701661,13.4167172,288.517,287.899,288.832,0.219199894340132+0i,0.000628109,20.8680315130718,529.141908970172,28.3318686401203,20.9298447849726,-9.9e+37,269.38,386.585,-9.9e+37
20260514172008.9,1992.59000681341,9.7881597,0.65360972,2.0030226,2.7309078,-0.000410427,-0.000706405,0.002369349,1.2104563,0.16164062,0.000632029,0.011737305,4.1306203,0.74577826,288.525,287.896,288.794,-7.79,NaN,NaN,NaN,-0.0251020928759687,445.462882402529,62.970776445603,14.9155652,288.525,287.896,288.794,0.189911055861055+0i,0.000632029,20.8618430252047,533.672745609879,28.3592719958751,20.9309370401767,-9.9e+37,491.8,845.616,236.256
20260514172011,1994.66800801456,9.788116,0.5557646,2.0030991,2.7301318,-0.000412605,-0.000708038,0.002379367,1.2105219,0.37061339,0.000627564,0.11087426,4.1304127,0.75364056,288.517,287.899,288.824,-7.79,NaN,NaN,NaN,-0.0202622357672624,444.952909905016,53.1917422281428,15.0728112,288.517,287.899,288.824,0.234273050684566+0i,0.000627564,20.8595381632004,533.948024278961,27.6893845083814,20.9289297758113,-9.9e+37,456.69,599.85,-9.9e+37
20260514172013.1,1996.77000828087,9.7877116,0.45758769,2.0026401,2.7300443,-0.000411843,-0.000709454,0.002362706,1.2104126,0.11750253,0.000636276,-0.11248741,4.131134,0.59076689,288.543,287.881,288.849,-7.83,NaN,NaN,NaN,-0.0493013784195284,444.895406562835,43.3795475856862,11.8153378,288.543,287.881,288.849,0.226327580190865+0i,0.000636276,20.8675463373994,533.536357542013,26.513780546507,20.9284281614415,-9.9e+37,-9.9e+37,514.956,525.63
20260514172015.2,1998.91800507903,9.7877662,0.52849692,2.0026292,2.7301099,-0.000412605,-0.000706296,0.002437408,1.2104126,0.18857544,0.000631158,0.02017715,4.130511,0.72949491,288.532,287.865,288.862,-7.87,NaN,NaN,NaN,-0.0499909789748756,444.938517639944,50.4665007878874,14.5898982,288.532,287.865,288.862,0.277664787541199+0i,0.000631158,20.8606295309028,541.226642542738,26.4453967178283,20.9270997574886,967.716,339.056,589.995,409.809
20260514172017.3,2000.99600628018,9.7880613,0.50895409,2.0029352,2.7300006,-0.000415981,-0.000710434,0.002378605,1.2104454,0.11367231,0.000632356,-0.10186035,4.1309045,0.5958913,288.524,287.843,288.933,-7.93,NaN,NaN,NaN,-0.0306315505400363,444.866687750797,48.5133118779448,11.917826,288.524,287.843,288.933,0.260023126230262+0i,0.000632356,20.864998332438,533.948024278961,26.404416244904,20.9276901293608,-9.9e+37,-9.9e+37,344.187,705.31
20260514172019.4,2003.07800062001,9.7874274,0.58149362,2.0028805,2.7304706,-0.000415981,-0.000711196,0.002377952,1.2102924,0.2143994,0.000634643,-0.11477757,4.1307843,0.55805072,288.513,287.835,288.979,-8.04,NaN,NaN,NaN,-0.0340922065380482,445.17556284594,55.7632038090752,11.1610144,288.513,287.835,288.979,0.282356520590407+0i,0.000634643,20.8636638217784,533.948024278961,26.4179933620735,20.9275720549863,1491.574,-9.9e+37,-9.9e+37,706.046
20260514172021.5,2005.18000088632,9.7870012,0.49846954,2.0026401,2.7300443,-0.000414565,-0.000709889,0.002372725,1.2104782,0.46103815,0.000636276,0.009043013,4.1303908,0.58765143,288.519,287.841,288.99,-8.05,NaN,NaN,NaN,-0.0493013784195284,444.895406562835,47.4654438472788,11.7530286,288.519,287.841,288.99,0.25523142134824+0i,0.000636276,20.8592950202433,533.123439538397,26.3907145670269,20.9277786179011,9.9e+37,278.028,-9.9e+37,162.061
20260514172023.5,2007.25800208747,9.7874165,0.62842958,2.0028805,2.7304487,-0.000415109,-0.000710325,0.002425974,1.2104891,0.16760091,0.000623209,0.000293255,4.1307733,0.72630634,288.532,287.83,289.02,-8.05,NaN,NaN,NaN,-0.0340922065380482,445.161170580869,60.454172136053,14.5261268,288.532,287.83,289.02,0.294098435674828+0i,0.000623209,20.863541695179,532.300106064514,26.363311211272,20.9276016408205,9.9e+37,702.072,532.622,462.976
20260514172025.7,2009.37499925494,9.7880613,0.71567778,2.0028368,2.7304815,-0.000416198,-0.000708147,0.002398206,1.2103907,0.28557381,0.000631485,0.11893568,4.1308061,0.71476005,288.51,287.841,289.05,-8.15,NaN,NaN,NaN,-0.0368569353700678,445.182726119423,69.174107613794,14.295201,288.51,287.841,289.05,0.300368721631503+0i,0.000631485,20.8639058544937,534.085663613495,26.4179933620735,20.9279851808158,-9.9e+37,543.451,511.979,238.709
20260514172027.8,2011.47300638258,9.7870558,0.63097542,2.0026292,2.7307438,-0.000417396,-0.000709998,0.002426628,1.2104454,0.12764335,0.000631702,0.046305012,4.1305766,0.66130616,288.524,287.789,289.126,-8.17,NaN,NaN,NaN,-0.0499909789748756,445.355104709755,60.7086136091912,13.2261232,288.524,287.789,289.126,0.264557139383003+0i,0.000631702,20.8613578495323,525.159127135271,26.8281717734376,20.9286936270624,-9.9e+37,-9.9e+37,674.916,529.611
20260514172029.9,2013.57000768185,9.7874165,0.56539796,2.0028805,2.7314761,-0.000416198,-0.000709018,0.002403869,1.2103798,0.4373563,0.00063192,-0.055239509,4.1312105,0.63013736,288.505,287.808,289.139,-8.25,NaN,NaN,NaN,-0.0340922065380482,445.83635839523,54.1545389120153,12.6027472,288.505,287.808,289.139,0.257394847649495+0i,0.00063192,20.8683956723866,524.609821063793,27.5390397338547,20.9284281614415,-9.9e+37,-9.9e+37,-9.9e+37,-9.9e+37
20260514172031.9,2015.6490046531,9.7870449,0.50679891,2.0026401,2.7313449,-0.00041805,-0.000709345,0.002383614,1.2104672,0.3784375,0.000631811,0.11268432,4.1304892,0.77747194,288.508,287.805,289.142,-8.27,NaN,NaN,NaN,-0.0493013784195284,445.750136241012,48.297914534012,15.5494388,288.508,287.805,289.142,0.232926467491016+0i,0.000631811,20.8603874981875,524.883848466193,27.4980592609309,20.9287821156027,-9.9e+37,699.706,534.514,-9.9e+37
20260514172034.1,2017.84000061452,9.7880941,0.46815845,2.002804,2.7323286,-0.000418158,-0.000709236,0.00237806,1.2105,0.24137681,0.000627347,-0.00724794,4.1303252,0.7308153,288.516,287.792,289.139,-8.32,NaN,NaN,NaN,-0.0389320636467545,446.396605243336,44.4360317899527,14.616306,288.516,287.792,289.139,0.248581476373637+0i,0.000627347,20.8585667016137,525.433154537676,27.5253380559775,20.9278377895694,-9.9e+37,416.925,799.131,155.151
20260514172036.2,2019.94100511074,9.7872635,0.52403815,2.0027931,2.7318368,-0.000416743,-0.000708909,0.00239984,1.2103579,0.45723631,0.000634534,0.10450161,4.1302378,0.6912004,288.505,287.808,289.161,-8.41,NaN,NaN,NaN,-0.0396216642021017,446.073403601227,50.0208734086396,13.824008,288.505,287.808,289.161,0.259991437157227+0i,0.000634534,20.857596350269,524.747460398332,28.3318686401203,20.9279558639438,-9.9e+37,124.98,310.095,-9.9e+37
20260514172038.3,2022.05900810659,9.7876897,0.51902286,2.0029789,2.7328204,-0.000417505,-0.000709672,0.002381218,1.2104672,0.35950467,0.000631702,0.15276782,4.1305875,0.76965763,288.51,287.802,289.158,-8.34,NaN,NaN,NaN,-0.0278668217080025,446.719806885445,49.5196251857289,15.3931526,288.51,287.802,289.158,0.258315101844198+0i,0.000631702,20.8614788658899,525.296766469814,28.3318686401203,20.9279558639438,-9.9e+37,636.857,623.407,-9.9e+37
20260514172040.4,2024.16000254452,9.7880722,0.7489952,2.0029571,2.7325144,-0.000418485,-0.000708256,0.002388514,1.2104454,0.32809361,0.000638236,-0.16219494,4.1302596,0.58305516,288.5,287.8,289.082,-8.36,NaN,NaN,NaN,-0.029246022818711,446.518709483075,72.5039843640856,11.6611032,288.5,287.8,289.082,0.317232798361588+0i,0.000638236,20.8578383829843,524.609821063793,28.3592719958751,20.9278377895694,-9.9e+37,-9.9e+37,286.25,113.813
20260514172042.5,2026.24200694263,9.7880285,0.50023842,2.0027166,2.7328969,-0.000415109,-0.000707929,0.002407136,1.2104126,0.41876609,0.000626911,0.15222984,4.1309045,0.62577898,288.513,287.811,289.08,-8.34,NaN,NaN,NaN,-0.0444615213108221,446.770081236038,47.6422328179151,12.5155796,288.513,287.811,289.08,0.253343350655995+0i,0.000626911,20.864998332438,525.433154537676,27.5116363780999,20.9279851808158,1288.983,727.579,249.708,-9.9e+37
20260514172044.6,2028.33600081503,9.7881597,0.45380549,2.0029352,2.732886,-0.000413694,-0.000708365,0.002366626,1.2104235,0.26335746,0.000631267,-0.17736519,4.1306422,0.59293625,288.497,287.775,289.039,-8.43,NaN,NaN,NaN,-0.0306315505400363,446.762917962555,43.001539329196,11.858725,288.497,287.775,289.039,0.232830706394409+0i,0.000631267,20.8620861681618,532.574133466919,28.3729736737523,20.9281032551902,250.023,-9.9e+37,226.163,280.64
20260514172046.9,2030.56300543249,9.7886843,0.52661455,2.0026838,2.7328532,-0.000416525,-0.000710543,0.002399186,1.2103689,0.39556109,0.000631049,-0.000867788,4.1303362,0.77431499,288.508,287.77,289.061,-8.42,NaN,NaN,NaN,-0.0465366495874946,446.741362424,50.2783691709001,15.4862998,288.508,287.77,289.061,0.257081253079955+0i,0.000631049,20.8586888282132,526.257739278235,27.5800202067785,20.9280739383182,9.9e+37,883.206,590.846,-9.9e+37
20260514172048.9,2032.65600353479,9.7891761,0.38325964,2.002651,2.7326456,-0.000416634,-0.000710434,0.002384703,1.2103579,0.24642701,0.000632682,-0.11679256,4.1305875,0.55479448,288.513,287.775,289.031,-8.46,NaN,NaN,NaN,-0.0486117778641528,446.604931637294,35.9509037834496,11.0958896,288.513,287.775,289.031,0.190310522355258+0i,0.000632682,20.8614788658899,524.883848466193,27.5116363780999,20.9292250962284,-9.9e+37,-9.9e+37,159.24,497.277
20260514172051.1,2034.78500023484,9.7892964,0.61262749,2.002651,2.7327111,-0.000415545,-0.000712394,0.00243926,1.2104344,0.12113086,0.000617002,0.042337184,4.1307187,0.60971173,288.513,287.778,288.998,-8.57,NaN,NaN,NaN,-0.0486117778641528,446.647976996298,58.8748478037063,12.1942346,288.513,287.778,288.998,0.242302638776517+0i,0.000617002,20.862935503149,525.296766469814,27.5390397338547,20.9292544131004,9.9e+37,186.068,353.194,783.388
20260514172053.2,2036.87500096858,9.7894822,0.50245471,2.0027603,2.7329953,-0.000414238,-0.000711305,0.002414432,1.2104563,0.35815482,0.000629307,0.1165255,4.1309045,0.71351605,288.519,287.756,289.017,-8.56,NaN,NaN,NaN,-0.0416967924787883,446.834747851701,47.8637377406523,14.270321,288.519,287.756,289.017,0.214148591581503+0i,0.000629307,20.864998332438,525.570793872214,27.5253380559775,20.929402073309,791.898,630.719,277.307,139.738
20260514172055.2,2038.96100856364,9.7892854,0.55055397,2.0027166,2.7324598,-0.000416634,-0.000712721,0.00240278,1.2103689,0.10638618,0.000627782,0.056570597,4.1302706,0.64526835,288.519,287.775,288.995,-8.76,NaN,NaN,NaN,-0.0444615213108221,446.482827397555,52.6709709411892,12.905367,288.519,287.775,288.995,0.231665448815167+0i,0.000627782,20.8579605095837,525.433154537676,27.5527414117323,20.9291659245601,-9.9e+37,-9.9e+37,564.434,626.735
20260514172057.4,2041.0699993372,9.7895368,0.48955747,2.0030663,2.7319351,-0.000414674,-0.000708691,0.002443398,1.2105,0.12834064,0.000632029,-0.10587291,4.1310247,0.57498005,288.529,287.792,288.982,-8.7,NaN,NaN,NaN,-0.0223373640439348,446.138004498785,46.5747357825496,11.499601,288.529,287.792,288.982,0.215245025113105+0i,0.000632029,20.8663328430975,525.708433206753,27.5800202067785,20.9292544131004,722.558,-9.9e+37,103.534,797.513
20260514172059.4,2043.16000007093,9.7892198,0.62131695,2.002651,2.7320554,-0.000415763,-0.000711196,0.002373922,1.2105765,0.45124656,0.000631594,-0.066662406,4.1306531,0.629547,288.508,287.805,288.976,-8.71,NaN,NaN,NaN,-0.0486117778641528,446.217063379521,59.7433073310823,12.59094,288.508,287.805,288.976,0.266416740967735+0i,0.000631594,20.8622071845194,525.159127135271,28.2908881671965,20.9285166499818,1147.144,212.912,-9.9e+37,153.363
20260514172101.5,2045.24200446904,9.7892308,0.43387419,2.002662,2.7320444,-0.000415545,-0.000709998,0.002356717,1.2103907,0.36886196,0.000615695,-0.013645483,4.1311996,0.60534462,288.494,287.805,288.976,-8.81,NaN,NaN,NaN,-0.0479158506982031,446.209834387932,41.0095251674425,12.1068924,288.494,287.805,288.976,0.210842709752254+0i,0.000615695,20.8682746560289,523.511208920833,28.3865507909218,20.9289297758113,1586.048,308.369,-9.9e+37,259.339
20260514172103.6,2047.34400473535,9.7893073,0.68849634,2.0027275,2.7318477,-0.000415872,-0.000710434,0.002411056,1.2105219,0.41894068,0.00063192,-0.031656468,4.1302706,0.63493549,288.502,287.821,288.995,-8.92,NaN,NaN,NaN,-0.0437719207554323,446.08056687471,66.4574853454596,12.6987098,288.502,287.821,288.995,0.261988137440229+0i,0.00063192,20.8579605095837,525.296766469814,29.4938954848258,20.9290478501857,9.9e+37,569.417,-9.9e+37,-9.9e+37
20260514172105.8,2049.46900829673,9.7895477,0.47434682,2.0030554,2.7314433,-0.000417396,-0.00070684,0.002404304,1.2105219,0.43798812,0.000633336,0.099904909,4.1304345,0.73575421,288.525,287.836,289.033,-9.03,NaN,NaN,NaN,-0.0230269645992962,445.814802856676,45.0545223388969,14.7150842,288.525,287.836,289.033,0.212220847534766+0i,0.000633336,20.8597801959157,533.123439538397,28.4139541466766,20.9290478501857,1541.35,943.276,150.331,-9.9e+37
20260514172107.9,2051.57000273466,9.7892854,0.50192874,2.0026401,2.7314652,-0.000418594,-0.000708365,0.002444813,1.2105,0.20089545,0.000630287,0.044119695,4.1306859,0.74453208,288.533,287.823,289.044,-8.9,NaN,NaN,NaN,-0.0493013784195284,445.829195121747,47.8111701866715,14.8906416,288.533,287.823,289.044,0.240068544515339+0i,0.000630287,20.8625713438342,533.261078872935,28.3455703179975,20.928280501233,269.439,874.037,731.387,100.615
20260514172110.1,2053.7890009582,9.7893838,0.50665814,2.0028259,2.7312029,-0.000415,-0.000708909,0.0024471,1.2105875,-0.001700949,0.00062604,-0.053487925,4.1315165,0.55190273,288.531,287.809,289.052,-8.86,NaN,NaN,NaN,-0.0375465359254292,445.656816531415,48.2838454149104,11.0380546,288.531,287.809,289.052,0.214556112993256+0i,0.00062604,20.8717930123352,534.771357752839,27.6756828305047,20.9292250962284,-9.9e+37,433.925,261.655,303.547
20260514172112.3,2055.98400011659,9.7894931,0.60572983,2.0029898,2.7306673,-0.000416198,-0.0007088,0.002411165,1.2104672,-3.383e-05,0.000628762,-0.057989332,4.130358,0.62312729,288.531,287.804,289.061,-8.84,NaN,NaN,NaN,-0.0271772211526553,445.304830359163,58.1854679638082,12.4625458,288.531,287.804,289.061,0.262334456231183+0i,0.000628762,20.8589308609285,534.3596910159,27.5390397338547,20.9283689897732,-9.9e+37,684.506,344.705,129.55
20260514172114.4,2058.14900547266,9.7891652,0.59391399,2.002651,2.7307547,-0.000417178,-0.000705751,0.002408442,1.2105109,0.2749747,0.000630287,-0.00708862,4.130828,0.72051956,288.539,287.787,289.09,-8.96,NaN,NaN,NaN,-0.0486117778641528,445.362267983239,57.004545464372,14.4103912,288.539,287.787,289.09,0.246250065727213+0i,0.000630287,20.8641489974508,533.123439538397,26.4179933620735,20.9288708731051,-9.9e+37,731.541,810.971,277.448
20260514172116.5,2060.24600677192,9.7893182,0.61525408,2.0027275,2.7300115,-0.000414674,-0.000710869,0.002409096,1.2105656,0.27415737,0.00063682,-0.13854472,4.1303143,0.55522552,288.517,287.766,289.042,-8.94,NaN,NaN,NaN,-0.0437719207554323,444.87385102428,59.1373597561188,11.1045104,288.517,287.766,289.042,0.240618004441633+0i,0.00063682,20.8584456852561,533.398718207478,26.4316950399507,20.9291955103943,-9.9e+37,-9.9e+37,291.025,580.753
20260514172118.7,2062.43400536478,9.7895368,0.41744133,2.0030554,2.7300771,-0.000414783,-0.000709454,0.002395593,1.2105109,0.3299858,0.000632574,-0.004153713,4.130358,0.7330425,288.517,287.796,289.039,-9,NaN,NaN,NaN,-0.0230269645992962,444.91696210139,39.3671591482611,14.66085,288.517,287.796,289.039,0.21048952122048+0i,0.000632574,20.8589308609285,524.883848466193,26.4453967178283,20.9288117014368,1330.048,454.145,538.891,436.217
20260514172120.8,2064.53900299966,9.7895149,0.46190353,2.0027494,2.7304815,-0.000415218,-0.000710216,0.002391128,1.2105,0.41910873,0.000626149,-0.030855652,4.1308936,0.58821778,288.503,287.798,289.071,-8.95,NaN,NaN,NaN,-0.0423863930341355,445.182726119423,43.8108899667583,11.7643556,288.503,287.798,289.071,0.221997883987817+0i,0.000626149,20.8648773160803,530.376909180998,27.5253380559775,20.9286640412283,-9.9e+37,-9.9e+37,-9.9e+37,191.007
20260514172122.9,2066.62100739777,9.7891324,0.51020573,2.0026401,2.7294323,-0.000414238,-0.000706405,0.002413125,1.2105219,0.464768,0.000632138,0.060534504,4.1304127,0.70226982,288.525,287.798,289.09,-8.76,NaN,NaN,NaN,-0.0493013784195284,444.493211758096,48.638405805858,14.0453964,288.525,287.798,289.09,0.249081275744857+0i,0.000632138,20.8595381632004,532.711772801457,27.5663185289013,20.9280739383182,934.431,623.135,104.144,-9.9e+37
20260514172125,2068.71900446713,9.7885969,0.56757388,2.0026401,2.7294651,-0.000413694,-0.000706949,0.002406591,1.2104344,0.34231123,0.000632247,-0.063058733,4.1312105,0.6088071,288.486,287.811,289.12,-9.01,NaN,NaN,NaN,-0.0493013784195284,444.51476729665,54.3720090948355,12.176142,288.486,287.811,289.12,0.271855617234843+0i,0.000632247,20.8683956723866,533.398718207478,27.4980592609309,20.9277786179011,515.464,329.788,-9.9e+37,171.528
20260514172127.1,2070.81600576639,9.7892636,0.60721608,2.0027057,2.7293558,-0.000415545,-0.000708147,0.00240082,1.2105547,0.37050099,0.000630722,-0.004477133,4.1303252,0.60837825,288.505,287.811,289.077,-8.94,NaN,NaN,NaN,-0.0451511218661693,444.442937407503,58.334009757264,12.167565,288.505,287.811,289.077,0.257576869862501+0i,0.000630722,20.8585667016137,525.296766469814,27.5527414117323,20.9287232128965,1602.061,507.73,-9.9e+37,210.041
20260514172129.2,2072.9099996388,9.7888264,0.69026195,2.0030663,2.7288312,-0.000414783,-0.000711087,0.002391237,1.2105437,0.45306673,0.000632247,0.002838361,4.130358,0.68225233,288.513,287.821,289.039,-8.77,NaN,NaN,NaN,-0.0223373640439348,444.098180226839,66.6339474991643,13.6450466,288.513,287.821,289.039,0.31236318601076+0i,0.000632247,20.8589308609285,534.085663613495,26.4316950399507,20.9274539806119,1473.939,838.341,-9.9e+37,-9.9e+37
20260514172131.3,2075.00000037253,9.7888482,0.56459809,2.0030773,2.7289186,-0.000417178,-0.000711414,0.002407789,1.2104782,0.40810695,0.000611012,-0.02899147,4.1304236,0.63041344,288.51,287.843,289.014,-8.83,NaN,NaN,NaN,-0.0216414368779709,444.155617850915,54.0745966921119,12.6082688,288.51,287.843,289.014,0.276230973860152+0i,0.000611012,20.859659179558,542.049976016621,28.3592719958751,20.9273948089436,467.606,629.08,-9.9e+37,-9.9e+37
20260514172133.5,2077.19499953091,9.7884985,0.37378013,2.0026401,2.7288858,-0.000413367,-0.000708909,0.002414758,1.2105,0.30667821,0.000634534,0.00529028,4.1308389,0.61590663,288.521,287.862,289.014,-8.82,NaN,NaN,NaN,-0.0493013784195284,444.13406231236,35.0034834864051,12.3181326,288.521,287.862,289.014,0.237313057437785+0i,0.000634534,20.8642700138085,537.38150004238,28.3455703179975,20.9268636087397,1094.536,595.401,-9.9e+37,78.776
20260514172135.6,2079.31300252676,9.7888373,0.46887866,2.0028805,2.7286454,-0.000416198,-0.000707167,0.002388841,1.2105875,0.19472889,0.00063486,-0.16686431,4.1307624,0.58055843,288.508,287.862,288.96,-8.86,NaN,NaN,NaN,-0.0340922065380482,443.9760759871,44.508012469559,11.6111686,288.508,287.862,288.96,0.254223668849263+0i,0.00063486,20.8634206788213,532.849412135996,27.5116363780999,20.927483566446,9.9e+37,472.08,218.678,583.25
20260514172137.8,2081.52300864458,9.7888264,0.50634823,2.002815,2.7286344,-0.000416852,-0.000707603,0.00239287,1.2105219,0.13427474,0.000631811,-0.004129974,4.1302924,0.66006652,288.51,287.862,288.906,-8.93,NaN,NaN,NaN,-0.0382361364807764,443.968846995511,48.2528717649794,13.2013304,288.51,287.862,288.906,0.303066478324303+0i,0.000631811,20.858202542299,542.324003419026,27.4980592609309,20.9259190137443,9.9e+37,1111.363,351.153,422.831
20260514172139.9,2083.63300524652,9.7888482,0.81337228,2.002968,2.7284923,-0.000415545,-0.00070782,0.002419876,1.2106093,0.37488664,0.000633336,0.115234,4.1306531,0.72766056,288.505,287.879,288.887,-8.71,NaN,NaN,NaN,-0.0285564222633639,443.875461567809,78.9380882635971,14.5532112,288.505,287.879,288.887,0.357972194418156+0i,0.000633336,20.8622071845194,552.075124637801,28.3318686401203,20.9265093856164,-9.9e+37,743.017,601.124,-9.9e+37
20260514172142,2085.7190027833,9.7888592,0.82073263,2.0029243,2.728547,-0.000416089,-0.000707167,0.002421401,1.2106312,0.42509415,0.000631594,0.10175308,4.1307624,0.71603679,288.527,287.884,288.873,-8.67,NaN,NaN,NaN,-0.0313211510953977,443.911409371435,79.6737112001573,14.3207358,288.527,287.884,288.873,0.395511581143015+0i,0.000631594,20.8634206788213,563.335273469807,29.4938954848258,20.9252401533318,-9.9e+37,508.183,541.313,-9.9e+37
20260514172144.1,2087.84799948335,9.7886515,0.59855063,2.0026838,2.7284158,-0.000417396,-0.000706731,0.002391346,1.2105547,0.32434194,0.000632029,0.11424251,4.1307296,0.7735173,288.508,287.889,288.86,-8.74,NaN,NaN,NaN,-0.0465366495874946,443.825187217217,57.4679498857069,15.470346,288.508,287.889,288.86,0.333566078042751+0i,0.000632029,20.8630565195066,554.272348923726,29.466492129071,20.9255056189527,-9.9e+37,599.021,778.31,-9.9e+37
20260514172146.3,2090.02300277352,9.788881,0.52812372,2.0029133,2.7288749,-0.000415109,-0.000710543,0.002407462,1.2106202,0.2732953,0.000632029,-0.00733633,4.1302378,0.71329671,288.497,287.903,288.851,-8.63,NaN,NaN,NaN,-0.0320170782613616,444.126899038877,50.4292016811976,14.2659342,288.497,287.903,288.851,0.32700961549247+0i,0.000632029,20.857596350269,552.624430709283,29.5211742798724,20.9250333214549,-9.9e+37,-9.9e+37,843.628,277.281
20260514172148.4,2092.0980066061,9.7886406,0.61123618,2.002662,2.7290607,-0.000415763,-0.000709018,0.002440675,1.2105656,0.32082272,0.000632791,-0.11712933,4.1308717,0.56635825,288.506,287.883,288.919,-7.54,NaN,NaN,NaN,-0.0479158506982031,444.249003278616,58.7357946951088,11.327165,288.506,287.883,288.919,0.347366285814066+0i,0.000632791,20.8646341731232,550.151927754281,29.4801938069481,20.9252694702038,-9.9e+37,-9.9e+37,-9.9e+37,384.954
20260514172150.6,2094.31600905955,9.7886624,0.53913859,2.0027057,2.7287109,-0.000416634,-0.000710216,0.002386554,1.2105219,0.45412086,0.00063584,-0.000998464,4.1308936,0.78646038,288.512,287.888,289.006,-7.28,NaN,NaN,NaN,-0.0451511218661693,444.019121346103,51.530072022313,15.7292076,288.512,287.888,289.006,0.303326851840495+0i,0.00063584,20.8648773160803,541.089003208199,28.57800059908,20.9262436510334,1261.908,261.661,497.006,158.513
20260514172152.7,2096.41799926758,9.7887389,0.59232298,2.0027166,2.7298039,-0.000416743,-0.00070978,0.002413016,1.210653,0.21830491,0.00063388,0.11863665,4.1308936,0.74717831,288.539,287.902,289.099,-7.38,NaN,NaN,NaN,-0.0444615213108221,444.737420237574,56.8455335358229,14.9435662,288.539,287.902,289.099,0.286469496130288+0i,0.00063388,20.8648773160803,533.948024278961,28.3729736737523,20.9274539806119,622.606,337.273,559.701,178.032
20260514172154.8,2098.50000366569,9.788728,0.59559557,2.0028696,2.7293558,-0.000417505,-0.000711414,0.002381654,1.2104672,0.15688502,0.000612755,-0.11672461,4.1302596,0.571068,288.525,287.896,289.131,-7.39,NaN,NaN,NaN,-0.0347818070933954,444.442937407503,57.1726093224305,11.42136,288.525,287.896,289.131,0.327210757998546+0i,0.000612755,20.8578383829843,533.810384944418,27.5390397338547,20.9261847483273,-9.9e+37,-9.9e+37,201.327,576.015
20260514172156.9,2100.59800073504,9.7887936,0.61561746,2.0030008,2.7300443,-0.000417941,-0.000707711,0.002419005,1.2105219,0.12964684,0.000637147,-0.055292867,4.1302815,0.61807818,288.528,287.915,289.158,-7.3,NaN,NaN,NaN,-0.0264812939866772,444.895406562835,59.1736774125736,12.3615636,288.528,287.915,289.158,0.345810702892783+0i,0.000637147,20.8580815259414,533.672745609879,27.5253380559775,20.9257713535357,9.9e+37,-9.9e+37,234.215,803.294
20260514172159.1,2102.7850035578,9.7887062,0.55271569,2.0028368,2.7299678,-0.000417178,-0.000705642,0.00232982,1.2105,0.2825882,0.000632682,0.00556199,4.1305329,0.58162675,288.516,287.906,289.156,-7.44,NaN,NaN,NaN,-0.0368569353700678,444.845132212243,52.8870219189852,11.632535,288.516,287.906,289.156,0.32933962361693+0i,0.000632682,20.8608726738599,532.574133466919,27.5527414117323,20.9257124508295,9.9e+37,84.298,-9.9e+37,487.552
20260514172201.3,2105.01200817525,9.7888592,0.59312612,2.0028915,2.7310826,-0.000417723,-0.000708691,0.002393415,1.2105765,0.15471893,0.000633771,-0.000897843,4.1302269,0.57261427,288.527,287.911,289.172,-7.55,NaN,NaN,NaN,-0.0333962793720701,445.57775765068,56.9258025726579,11.4522854,288.527,287.911,289.172,0.299202061262746+0i,0.000633771,20.8574753339113,532.849412135996,27.5116363780999,20.9270997574886,9.9e+37,279.322,-9.9e+37,485.286
20260514172203.4,2107.10200890899,9.7887171,0.59278784,2.0026947,2.7310389,-0.000416307,-0.000708147,0.002384268,1.2107186,0.27921412,0.000633989,0.11741866,4.1308936,0.75341686,288.516,287.908,289.172,-7.6,NaN,NaN,NaN,-0.045847049032119,445.549038838642,56.8919935109992,15.0683372,288.516,287.908,289.172,0.251558832801222+0i,0.000633989,20.8648773160803,533.810384944418,28.3592719958751,20.9286051385221,9.9e+37,1003.034,500.758,240.875
20260514172205.5,2109.21900607646,9.7884876,0.36286565,2.0026729,2.7312575,-0.000417723,-0.000710978,0.00240376,1.2106421,0.15822834,0.000631485,0.018108569,4.1303471,0.69631607,288.512,287.896,289.18,-7.7,NaN,NaN,NaN,-0.047226250142856,445.692698616936,33.912646525034,13.9263214,288.512,287.896,289.18,0.206516213186395+0i,0.000631485,20.8588098445709,534.222051681357,28.4139541466766,20.9280739383182,-9.9e+37,344.884,652.908,425.682
20260514172207.6,2111.30900681019,9.7888373,0.44765314,2.0030663,2.7314105,-0.000417505,-0.000706296,0.002390039,1.2105328,0.13103052,0.000633989,-0.11182576,4.1304455,0.56875568,288.536,287.896,289.177,-7.77,NaN,NaN,NaN,-0.0223373640439348,445.793247318121,42.3866487637003,11.3751136,288.536,287.896,289.177,0.224182232747113+0i,0.000633989,20.8599023225151,525.433154537676,28.3592719958751,20.9285166499818,-9.9e+37,-9.9e+37,276.559,698.923
20260514172209.7,2113.39500434697,9.7888592,0.42188376,2.0029898,2.7315745,-0.000415327,-0.000710978,0.002365864,1.2106421,0.12927364,0.000635187,0.040856529,4.1312761,0.62224558,288.531,287.869,289.205,-7.95,NaN,NaN,NaN,-0.0271772211526553,445.901025010895,39.811153442291,12.4449116,288.531,287.869,289.205,0.215668251706913+0i,0.000635187,20.8691239910161,528.043296827216,29.4255116561471,20.9284870641477,1491.271,-9.9e+37,320.515,809.6
20260514172211.8,2115.47300554812,9.7888482,0.72752852,2.0030226,2.7315635,-0.000418594,-0.000709345,0.002410947,1.2105875,0.19254207,0.000634425,0.048390579,4.1313198,0.71971314,288.536,287.869,289.196,-7.89,NaN,NaN,NaN,-0.0251020928759687,445.893796019306,70.3585181593809,14.3942628,288.536,287.869,289.196,0.267608344801143+0i,0.000634425,20.8696091666885,533.536357542013,29.5211742798724,20.9289297758113,989.213,84.191,397.323,550.066
20260514172213.8,2117.54700355232,9.7879848,0.67799543,2.002815,2.7312138,-0.000416525,-0.000708909,0.002342125,1.2106749,0.42949071,0.000629307,-0.045576896,4.1302378,0.60344152,288.517,287.869,289.145,-7.85,NaN,NaN,NaN,-0.0382361364807764,445.663979804898,65.4079822306955,12.0688304,288.517,287.869,289.145,0.313488797325572+0i,0.000629307,20.857596350269,530.78982718461,29.1795042578951,20.9273063204033,-9.9e+37,-9.9e+37,-9.9e+37,-9.9e+37
20260514172215.9,2119.65200118721,9.7879411,0.61631039,2.0026729,2.7315417,-0.000417396,-0.000708038,0.002359766,1.2105765,0.22157427,0.000632029,0.065091021,4.130828,0.77909132,288.533,287.866,289.112,-7.81,NaN,NaN,NaN,-0.047226250142856,445.87946947234,59.2429316194294,15.5818264,288.533,287.866,289.112,0.288942442296141+0i,0.000632029,20.8641489974508,523.922875657772,29.1658025800175,20.9277490320669,1413.207,548.204,605.228,281.673
20260514172218,2121.74200192094,9.7881597,0.51318042,2.0028915,2.7310826,-0.000417396,-0.000709018,0.00238601,1.2105437,0.42531567,0.000619724,-0.040646766,4.1307624,0.62263842,288.498,287.872,289.118,-7.9,NaN,NaN,NaN,-0.0333962793720701,445.57775765068,48.9357082701642,12.4527684,288.498,287.872,289.118,0.257306459770846+0i,0.000619724,20.8634206788213,524.198154326854,28.5233184482786,20.9279558639438,-9.9e+37,-9.9e+37,-9.9e+37,-9.9e+37
20260514172220.1,2123.85600171983,9.7878864,0.54925977,2.0027166,2.7305908,-0.000414674,-0.000708583,0.00242347,1.2105437,0.22867708,0.000635514,0.087836133,4.1302596,0.77611008,288.531,287.872,289.12,-7.94,NaN,NaN,NaN,-0.0444615213108221,445.25455600857,52.5416233959643,15.5222016,288.531,287.872,289.12,0.231476635989425+0i,0.000635514,20.8578383829843,525.159127135271,28.3729736737523,20.929136338726,1030.218,660.875,679.147,116.399
20260514172222.2,2125.95300301909,9.7879192,0.63682659,2.0027494,2.7305908,-0.000417178,-0.000708583,0.002362815,1.2105656,0.39495873,0.000635623,0.1092196,4.1302596,0.72597897,288.505,287.87,289.129,-7.94,NaN,NaN,NaN,-0.0423863930341355,445.25455600857,61.2934030360137,14.5195794,288.505,287.87,289.129,0.249039931180241+0i,0.000635623,20.8578383829843,526.669406015174,28.3729736737523,20.929136338726,-9.9e+37,472.728,493.987,-9.9e+37
20260514172224.3,2128.05100008845,9.7881269,0.62217029,2.0028368,2.7311045,-0.000418267,-0.000711196,0.002370547,1.2105547,0.12563655,0.000635623,0.056602394,4.1308717,0.6732584,288.519,287.865,289.137,-7.99,NaN,NaN,NaN,-0.0368569353700678,445.592149915751,59.8285935575096,13.465168,288.519,287.865,289.137,0.264797308795707+0i,0.000635623,20.8646341731232,524.883848466193,28.3729736737523,20.928575552688,-9.9e+37,86.621,781.085,395.87
20260514172226.4,2130.1490072161,9.7881378,0.46967853,2.0030554,2.7307438,-0.000418267,-0.000710216,0.002404304,1.2104891,0.44678016,0.000637801,-0.017689752,4.1303799,0.65932885,288.498,287.847,289.164,-7.99,NaN,NaN,NaN,-0.0230269645992962,445.355104709755,44.5879546894625,13.186577,288.498,287.847,289.164,0.21720655337404+0i,0.000637801,20.8591740038856,525.296766469814,28.3729736737523,20.9289889474796,-9.9e+37,-9.9e+37,176.967,-9.9e+37
20260514172228.5,2132.2420053184,9.7878974,0.54305392,2.0027166,2.7305908,-0.000415218,-0.00071381,0.002404958,1.2105765,0.12638516,0.000633771,-0.10524219,4.1302706,0.64610968,288.523,287.855,289.175,-8.05,NaN,NaN,NaN,-0.0444615213108221,445.25455600857,51.9213858256243,12.9221936,288.523,287.855,289.175,0.240422921984351+0i,0.000633771,20.8579605095837,525.296766469814,28.3729736737523,20.9287821156027,778.25,-9.9e+37,541.215,539.641
20260514172230.6,2134.34000238776,9.7878209,0.6394259,2.0026838,2.7312138,-0.000418812,-0.000710434,0.002385574,1.2104891,0.22781719,0.000636712,0.11807606,4.1302924,0.74592012,288.531,287.869,289.218,-8.13,NaN,NaN,NaN,-0.0465366495874946,445.663979804898,61.5531885156757,14.9184024,288.531,287.869,289.218,0.266691335185266+0i,0.000636712,20.858202542299,524.747460398332,28.4276558245533,20.9286347243563,923.193,470.721,550.564,311.281
20260514172232.7,2136.45699955523,9.7879629,0.55060744,2.0027931,2.7312138,-0.000416743,-0.000714245,0.002392435,1.2105656,0.36597456,0.000631485,0.11155464,4.1302378,0.72775004,288.506,287.861,289.256,-8.2,NaN,NaN,NaN,-0.0396216642021017,445.663979804898,52.6763149477131,14.5550008,288.506,287.861,289.256,0.237710605399354+0i,0.000631485,20.857596350269,525.296766469814,28.4412329417228,20.9289297758113,-9.9e+37,370.145,524.114,-9.9e+37
20260514172234.9,2138.57000358403,9.7877662,0.65073651,2.002651,2.7313777,-0.000416416,-0.0007088,0.002367824,1.2105,0.17097063,0.000632029,-0.11655963,4.1305657,0.55722357,288.514,287.877,289.264,-8.27,NaN,NaN,NaN,-0.0486117778641528,445.771691779566,62.6836163000184,11.1444714,288.514,287.877,289.264,0.273220608977124+0i,0.000632029,20.8612368331747,524.609821063793,28.3318686401203,20.9285166499818,-9.9e+37,-9.9e+37,374.08,485.365
20260514172237,2140.68000018597,9.787799,0.4275516,2.0026729,2.7312466,-0.000414783,-0.000710107,0.002390475,1.2106093,0.12958464,0.000639216,-0.019230405,4.1303252,0.63203282,288.528,287.866,289.319,-8.25,NaN,NaN,NaN,-0.047226250142856,445.685535343453,40.3776201327002,12.6406564,288.528,287.866,289.319,0.217798551722164+0i,0.000639216,20.8585667016137,524.334542394711,28.4276558245533,20.928575552688,9.9e+37,-9.9e+37,343.605,763.289
20260514172239.1,2142.76600778103,9.7887499,0.5417881,2.0029352,2.7312684,-0.000417178,-0.00070782,0.002421836,1.2105109,0.13001349,0.000637692,-0.072613311,4.130981,0.58910167,288.523,287.864,289.327,-8.33,NaN,NaN,NaN,-0.0306315505400363,445.699861890419,51.7948746915673,11.7820334,288.523,287.864,289.327,0.245994749956038+0i,0.000637692,20.8658476674251,532.574133466919,27.5527414117323,20.9284574783135,1519.822,-9.9e+37,220.662,837.476
20260514172241.2,2144.95700374246,9.7887389,0.56931112,2.0028915,2.7312356,-0.000417178,-0.000708365,0.002388732,1.2106093,0.24792745,0.000629198,0.0052619,4.1311559,0.57584649,288.517,287.891,289.316,-8.37,NaN,NaN,NaN,-0.0333962793720701,445.678306351865,54.5456358368124,11.5169298,288.517,287.891,289.316,0.279525755696362+0i,0.000629198,20.8677894803565,532.987051470539,27.5527414117323,20.9275424691522,1582.107,-9.9e+37,-9.9e+37,483.511
20260514172243.5,2147.176001966,9.7893619,0.6761076,2.0027931,2.7312138,-0.000417832,-0.000708909,0.002407789,1.2105109,0.41401924,0.000639652,-0.001000315,4.1315712,0.77961402,288.491,287.862,289.237,-8.42,NaN,NaN,NaN,-0.0396216642021017,445.663979804898,65.219304919382,15.5922804,288.491,287.862,289.237,0.289240569145604+0i,0.000639652,20.872400314607,534.3596910159,27.4843575830532,20.9280147666499,1347.462,624.26,491.049,112.481
20260514172245.6,2149.27700646222,9.7894822,0.49954768,2.0027385,2.7311591,-0.000416307,-0.000707711,0.002362162,1.210653,0.44453987,0.000632574,0.10344085,4.131593,0.69347452,288.5,287.884,289.21,-8.51,NaN,NaN,NaN,-0.0430759935894969,445.628032001272,47.5731974884539,13.8694904,288.5,287.884,289.21,0.234909090342026+0i,0.000632574,20.8726423473223,532.574133466919,27.5116363780999,20.9284870641477,-9.9e+37,387.045,225.634,-9.9e+37
20260514172247.7,2151.37500353158,9.7893729,0.72725462,2.0027822,2.7305908,-0.000414456,-0.000709889,0.002402017,1.2105109,0.21079726,0.000633663,0.038670122,4.1309373,0.72826073,288.532,287.873,289.118,-8.57,NaN,NaN,NaN,-0.0403112647574631,445.25455600857,70.3311434934583,14.5652146,288.532,287.873,289.118,0.295630582092433+0i,0.000633663,20.8653624917527,534.3596910159,26.4179933620735,20.9281920126927,-9.9e+37,598.595,729.814,139.434
20260514172249.8,2153.48400436342,9.7901489,0.39311892,2.0027166,2.7310717,-0.00041805,-0.000705969,0.002390475,1.2106312,0.123453,0.000623209,-0.11113569,4.131593,0.57588359,288.535,287.873,289.066,-8.54,NaN,NaN,NaN,-0.0444615213108221,445.570594377197,36.9362798193676,11.5176718,288.535,287.873,289.066,0.201793582366695+0i,0.000623209,20.8726423473223,530.514548515533,26.404416244904,20.9287821156027,-9.9e+37,-9.9e+37,464.557,588.8
20260514172251.9,2155.5700019002,9.7891871,0.42205726,2.002651,2.7301318,-0.000417723,-0.000710325,0.002393088,1.2105984,0.14110585,0.000632356,-0.10186166,4.1312214,0.59000521,288.5,287.838,289.055,-8.56,NaN,NaN,NaN,-0.0486117778641528,444.952909905016,39.8284937290291,11.8001042,288.5,287.838,289.055,0.203014843669061+0i,0.000632356,20.8685166887442,525.708433206753,26.4726755128745,20.929136338726,1326.416,-9.9e+37,206.364,793.877
20260514172254,2157.66400583088,9.7892089,0.54860285,2.0026838,2.7299788,-0.000416416,-0.000711632,0.002394395,1.2106421,0.12931729,0.000633009,0.045056414,4.1309919,0.63053893,288.525,287.85,289.047,-8.66,NaN,NaN,NaN,-0.0465366495874946,444.852361203831,52.4759681731169,12.6107786,288.525,287.85,289.047,0.248198292813373+0i,0.000633009,20.8659686837828,525.021487800736,26.404416244904,20.9286347243563,9.9e+37,-9.9e+37,205.175,867.813
20260514172256.1,2159.82800535858,9.7892308,0.52835397,2.002662,2.7300006,-0.00041707,-0.000714463,0.002411709,1.2105547,0.30279561,0.000633663,0.00554999,4.1315712,0.56700644,288.523,287.844,289.036,-8.72,NaN,NaN,NaN,-0.0479158506982031,444.866687750797,50.4522137908314,11.3401288,288.523,287.844,289.036,0.224066272247171+0i,0.000633663,20.872400314607,524.747460398332,26.3907145670269,20.9293135847687,1399.975,-9.9e+37,-9.9e+37,519.849
20260514172258.4,2162.07400001585,9.7891324,0.62015588,2.0026401,2.7300553,-0.000413149,-0.000711523,0.00241454,1.2105875,0.4006735,0.000632791,-0.000839475,4.1314728,0.78354899,288.52,287.855,289.036,-8.97,NaN,NaN,NaN,-0.0493013784195284,444.902635554424,59.6272653326784,15.6709798,288.52,287.855,289.036,0.210958866212599+0i,0.000632791,20.8713078366628,525.021487800736,26.4453967178283,20.9303466683045,9.9e+37,740.265,424.261,138.652
20260514172300.5,2164.16400074959,9.7895587,0.53717111,2.0030008,2.7303176,-0.000416416,-0.000711414,0.002368587,1.2105875,0.4617453,0.000636276,-0.001840662,4.1313526,0.68782742,288.52,287.834,289.061,-8.66,NaN,NaN,NaN,-0.0264812939866772,445.075014144755,51.3334341701425,13.7565484,288.52,287.834,289.061,0.230373586766022+0i,0.000636276,20.8699733260032,525.846072541292,26.4453967178283,20.929136338726,-9.9e+37,322.42,108.042,-9.9e+37
20260514172302.6,2166.33200347424,9.7902472,0.59653949,2.0030226,2.7297164,-0.000419792,-0.000707058,0.002446882,1.2105109,0.2857615,0.000635514,-0.00721302,4.1309482,0.79384472,288.512,287.804,289.096,-8.83,NaN,NaN,NaN,-0.0251020928759687,444.679916895394,57.2669484778073,15.8768944,288.512,287.804,289.096,0.241597827805035+0i,0.000635514,20.8654835081104,525.708433206753,26.404416244904,20.9291955103943,-9.9e+37,480.861,699.376,-9.9e+37
20260514172304.7,2168.45300383866,9.7901926,0.6248678,2.0030445,2.7294541,-0.000417178,-0.000707276,0.00241955,1.2106421,0.21902512,0.000636167,0.14778417,4.1309919,0.74063964,288.542,287.809,289.118,-8.87,NaN,NaN,NaN,-0.0237165651546434,444.507538305062,60.0981935395214,14.8127928,288.542,287.809,289.118,0.251814935634439+0i,0.000636167,20.8659686837828,524.747460398332,26.4453967178283,20.9290774360199,-9.9e+37,383.084,660.376,286.371
20260514172306.8,2170.54700776935,9.789351,0.69713122,2.0026729,2.7296727,-0.000416307,-0.000709998,0.002407027,1.2106421,0.11100972,0.000635732,-0.10075215,4.1315384,0.61989508,288.52,287.779,289.142,-8.84,NaN,NaN,NaN,-0.047226250142856,444.651198083356,67.3204899284543,12.3979016,288.52,287.779,289.142,0.23860699305539+0i,0.000635732,20.8720361552923,525.296766469814,25.7345287574103,20.929933542475,-9.9e+37,-9.9e+37,587.304,638.515
20260514172308.9,2172.65600860119,9.7887499,0.44748618,2.0028915,2.7293558,-0.000413803,-0.000710107,0.002425866,1.2106093,0.31348638,0.000636167,-0.13541942,4.1309482,0.56741238,288.498,287.785,289.118,-8.83,NaN,NaN,NaN,-0.0333962793720701,444.442937407503,42.3699621108254,11.3482476,288.498,287.785,289.118,0.21564090884341+0i,0.000636167,20.8654835081104,525.846072541292,26.3907145670269,20.9289001899771,-9.9e+37,-9.9e+37,-9.9e+37,574.468
20260514172311.2,2174.89500269294,9.7886843,0.60114448,2.002815,2.7293448,-0.000414892,-0.0007088,0.002402017,1.2106202,0.1502689,0.000633227,-0.00076107,4.1315165,0.555913,288.528,287.801,289.12,-8.89,NaN,NaN,NaN,-0.0382361364807764,444.435708415915,57.7271896710428,11.11826,288.528,287.801,289.12,0.234613619210487+0i,0.000633227,20.8717930123352,525.570793872214,26.404416244904,20.9294612449773,9.9e+37,125.254,-9.9e+37,596.247
20260514172313.3,2177.00400352478,9.7887936,0.63421201,2.0030117,2.7294104,-0.000415763,-0.000711741,0.002427063,1.2106202,0.37983973,0.000612101,0.11378427,4.130981,0.74584264,288.505,287.789,289.088,-8.85,NaN,NaN,NaN,-0.02579169343133,444.478819493024,61.0320914112307,14.9168528,288.505,287.789,289.088,0.258842921082764+0i,0.000612101,20.8658476674251,525.570793872214,26.4316950399507,20.9289001899771,9.9e+37,910.931,284.247,-9.9e+37
20260514172315.5,2179.18800897896,9.7892308,0.5714903,2.0027057,2.7293448,-0.000414238,-0.000710434,0.002403542,1.2107295,0.22835735,0.00063486,-0.00719884,4.131451,0.71526093,288.516,287.819,289.033,-8.86,NaN,NaN,NaN,-0.0451511218661693,444.435708415915,54.7634318371239,14.3052186,288.516,287.819,289.033,0.253617189109751+0i,0.00063486,20.8710658039475,534.222051681357,27.5663185289013,20.9283985756074,-9.9e+37,614.371,715.476,276.99
20260514172317.7,2181.42200410366,9.7895477,0.59691596,2.002804,2.7292465,-0.000413803,-0.000710434,0.002409967,1.2106421,0.428908,0.000634969,-0.001090699,4.1309263,0.75271411,288.505,287.824,289.028,-8.92,NaN,NaN,NaN,-0.0389320636467545,444.371107518356,57.3045744014287,15.0542822,288.505,287.824,289.028,0.242793499358619+0i,0.000634969,20.8652403651533,533.398718207478,27.5390397338547,20.9289593616454,-9.9e+37,276.146,666.716,-9.9e+37
20260514172319.8,2183.49600210786,9.7891433,0.62931675,2.0026292,2.7288093,-0.000417505,-0.000711305,0.002417916,1.2106093,0.41540401,0.000611883,-0.021853046,4.131134,0.5887874,288.478,287.824,289.063,-9.03,NaN,NaN,NaN,-0.0499909789748756,444.083787961767,60.5428394685342,11.775748,288.478,287.824,289.063,0.237307011712901+0i,0.000611883,20.8675463373994,533.810384944418,27.5253380559775,20.9293431706029,-9.9e+37,-9.9e+37,-9.9e+37,-9.9e+37
20260514172321.9,2185.59000603855,9.7895259,0.4066949,2.0027713,2.7292355,-0.000415109,-0.000708256,0.002390039,1.2106858,0.17060398,0.00063388,0.000479684,4.131604,0.74576407,288.519,287.83,289.096,-9.12,NaN,NaN,NaN,-0.0410008653128102,444.363878526768,38.2931177787422,14.9152814,288.519,287.83,289.096,0.199558894621784+0i,0.00063388,20.8727644739218,537.793166779319,27.8944114337096,20.9288117014368,1575.533,504.264,671.999,355.349
20260514172324,2187.69500367343,9.7892964,0.50293485,2.0030554,2.7289842,-0.000415218,-0.000705207,0.002418896,1.2105328,0.42038441,0.0006329,-0.046214262,4.1311887,0.63155268,288.5,287.857,289.137,-9.13,NaN,NaN,NaN,-0.0230269645992962,444.198728928024,47.9117248603898,12.6310536,288.5,287.857,289.137,0.228534167423251+0i,0.0006329,20.8681536396713,542.049976016621,27.5527414117323,20.928546235816,-9.9e+37,-9.9e+37,-9.9e+37,-9.9e+37
20260514172326.2,2189.88300226629,9.7884657,0.54007378,2.002651,2.7287656,-0.000413694,-0.000708147,0.002419659,1.2107405,0.24374587,0.000632138,0.00489307,4.1315603,0.62341101,288.516,287.854,289.213,-9.29,NaN,NaN,NaN,-0.0486117778641528,444.05506914973,51.6235386664321,12.4682202,288.516,287.854,289.213,0.257402356292778+0i,0.000632138,20.8722792982494,541.363030610604,27.5390397338547,20.9278671064414,1087.724,453.145,-9.9e+37,-9.9e+37
20260514172328.4,2192.12500378489,9.7888592,0.72047918,2.0030663,2.7289514,-0.000413585,-0.000707711,0.002406047,1.210664,0.15671806,0.000635187,-0.000886627,4.1310794,0.57412998,288.527,287.843,289.275,-9.28,NaN,NaN,NaN,-0.0223373640439348,444.17717338947,69.6539788111691,11.4825996,288.527,287.843,289.275,0.291979609697553+0i,0.000635187,20.8669401453694,541.500669945139,27.5116363780999,20.9280739383182,1516.847,366.36,-9.9e+37,423.698
20260514172330.5,2194.207008183,9.7888155,0.61604959,2.0030336,2.7288312,-0.000416198,-0.000706078,0.002364884,1.2107186,0.40903451,0.000637038,-0.019682103,4.1310029,0.62178836,288.505,287.841,289.283,-9.25,NaN,NaN,NaN,-0.0244061657100048,444.098180226839,59.2168662201135,12.4357672,288.505,287.841,289.283,0.260641663055093+0i,0.000637038,20.8660908103822,533.398718207478,27.5527414117323,20.9285166499818,1594.974,584.813,-9.9e+37,-9.9e+37
20260514172332.6,2196.33600488305,9.7887827,0.56227159,2.0027603,2.7292465,-0.000415872,-0.000707276,0.002398097,1.2107405,0.45039213,0.000635078,-0.049123511,4.1315712,0.67576823,288.51,287.83,289.292,-9.28,NaN,NaN,NaN,-0.0416967924787883,444.371107518356,53.8420769393953,13.5153646,288.51,287.83,289.292,0.248321622968389+0i,0.000635078,20.872400314607,533.672745609879,27.5663185289013,20.9285166499818,1322.099,794.068,-9.9e+37,-9.9e+37
20260514172334.7,2198.41800928116,9.7892964,0.49598809,2.002662,2.7296181,-0.000415109,-0.00070586,0.002375774,1.2108388,0.42181937,0.000633445,-0.023734978,4.131451,0.6182626,288.491,287.811,289.3,-9.27,NaN,NaN,NaN,-0.0479158506982031,444.615315997835,47.2174377693169,12.365252,288.491,287.811,289.3,0.264419531262177+0i,0.000633445,20.8710658039475,541.500669945139,26.4179933620735,20.9272474176972,609.635,621.212,-9.9e+37,-9.9e+37
20260514172336.8,2200.51200315356,9.7892417,0.67989962,2.0027822,2.7298585,-0.000413912,-0.000708365,0.002390801,1.2106858,0.12304051,0.000613517,-0.082794139,4.131593,0.62754895,288.531,287.82,289.297,-9.28,NaN,NaN,NaN,-0.0403112647574631,444.773302323096,65.5982946261072,12.550979,288.531,287.82,289.297,0.3026462359056+0i,0.000613517,20.8726423473223,541.500669945139,27.5390397338547,20.927483566446,9.9e+37,605.629,449.2,600.11
20260514172338.9,2202.61300764978,9.7888482,0.4863307,2.0029571,2.7297602,-0.000415327,-0.00070488,0.002403869,1.2108607,0.35904199,0.0006329,0.11570824,4.1313963,0.74391551,288.503,287.812,289.305,-9.37,NaN,NaN,NaN,-0.029246022818711,444.708701425537,46.2522394307451,14.8783102,288.503,287.812,289.305,0.227560604087874+0i,0.0006329,20.8704585016756,541.089003208199,28.3318686401203,20.9284281614415,459.966,827.538,353.998,-9.9e+37
20260514172341,2204.72700744867,9.7893619,0.62724232,2.0026729,2.7296837,-0.000412496,-0.000707494,0.002379041,1.2107951,0.28763405,0.000631376,0.1144493,4.1314838,0.73342661,288.509,287.831,289.262,-9.36,NaN,NaN,NaN,-0.047226250142856,444.658427074944,60.3355126038758,14.6685322,288.509,287.831,289.262,0.256338037902174+0i,0.000631376,20.8714299632622,533.810384944418,28.3455703179975,20.9286936270624,-9.9e+37,620.728,678.714,-9.9e+37
20260514172343.1,2206.82400874794,9.789504,0.4630395,2.0027385,2.7304487,-0.000414456,-0.00071076,0.002424232,1.2107951,0.40337975,0.000634207,-0.0126223,4.131604,0.59649584,288.503,287.828,289.18,-9.41,NaN,NaN,NaN,-0.0430759935894969,445.161170580869,43.9244233703661,11.9299168,288.503,287.828,289.18,0.235239856410822+0i,0.000634207,20.8727644739218,524.198154326854,28.3729736737523,20.928280501233,-9.9e+37,-9.9e+37,155.471,-9.9e+37
20260514172345.2,2208.93400534987,9.7892308,0.68462139,2.0029571,2.7300115,-0.000412823,-0.00070978,0.002416609,1.2107842,0.26175007,0.00063388,0.11758134,4.130981,0.78957693,288.525,287.836,289.164,-9.46,NaN,NaN,NaN,-0.029246022818711,444.87385102428,66.0702072815056,15.7915386,288.525,287.836,289.164,0.256094005634951+0i,0.00063388,20.8658476674251,525.982460609158,28.3729736737523,20.9292250962284,621.828,754.24,710.218,-9.9e+37
20260514172347.3,2211.03900298476,9.7892636,0.46574465,2.0027057,2.7299678,-0.000415327,-0.000709127,0.002408878,1.210806,0.3570625,0.000636494,-0.084723979,4.130981,0.57733276,288.508,287.819,289.115,-9.45,NaN,NaN,NaN,-0.0451511218661693,444.845132212243,44.1947869246584,11.5466552,288.508,287.819,289.115,0.200826528324308+0i,0.000636494,20.8658476674251,533.948024278961,29.5211742798724,20.9293431706029,-9.9e+37,-9.9e+37,144.734,-9.9e+37
20260514172349.4,2213.13300691545,9.7895477,0.52854603,2.0028696,2.7304706,-0.000409991,-0.000709018,0.002377843,1.2109153,0.42209546,0.000637256,0.11039164,4.1315493,0.72947527,288.494,287.838,289.101,-9.48,NaN,NaN,NaN,-0.0347818070933954,445.17556284594,50.4714090385025,14.5895054,288.494,287.838,289.101,0.226310212506139+0i,0.000637256,20.8721571716499,533.123439538397,28.4139541466766,20.9289889474796,817.084,805.631,408.295,-9.9e+37
20260514172351.5,2215.23100398481,9.7893073,0.50401409,2.0027166,2.7299678,-0.000409774,-0.0007088,0.002386119,1.2108388,0.11908699,0.000627673,0.038297373,4.130981,0.69307949,288.524,287.849,289.115,-9.5,NaN,NaN,NaN,-0.0444615213108221,444.845132212243,48.0195884399823,13.8615898,288.524,287.849,289.115,0.208864236028103+0i,0.000627673,20.8658476674251,533.398718207478,29.4255116561471,20.9293724874749,-9.9e+37,490.308,794.525,325.991
20260514172353.6,2217.35600754619,9.7895696,0.60431668,2.002968,2.7303613,-0.000410427,-0.000708583,0.002444051,1.2107951,0.14341162,0.000635405,-0.11477431,4.1314291,0.60062178,288.521,287.832,289.09,-9.49,NaN,NaN,NaN,-0.0285564222633639,445.103732956793,58.044232077906,12.0124356,288.521,287.832,289.09,0.255825730479598+0i,0.000635405,20.8708226609904,534.085663613495,28.3865507909218,20.928546235816,-9.9e+37,-9.9e+37,446.915,660.493
20260514172355.7,2219.44900564849,9.7894275,0.51073061,2.0026838,2.7303394,-0.000411951,-0.000709889,0.002382307,1.2108716,0.17365505,0.000635296,-0.11057205,4.1315493,0.56369674,288.521,287.849,289.115,-9.57,NaN,NaN,NaN,-0.0465366495874946,445.089340691722,48.6908644208616,11.2739348,288.521,287.849,289.115,0.221580505924827+0i,0.000635296,20.8721571716499,541.500669945139,27.5527414117323,20.9288708731051,1213.062,-9.9e+37,-9.9e+37,798.357
20260514172357.9,2221.63300104439,9.7888373,0.54747998,2.002804,2.7311154,-0.000410536,-0.000705969,0.002395157,1.2108498,0.26400783,0.000635623,0.005598,4.1310356,0.58472365,288.516,287.827,289.126,-9.62,NaN,NaN,NaN,-0.0389320636467545,445.599313189235,52.3637440361159,11.694473,288.516,287.827,289.126,0.220050526197884+0i,0.000635623,20.8664538594552,551.799845968724,27.5116363780999,20.9289889474796,9.9e+37,137.924,-9.9e+37,425.796
20260514172360,2223.70700910687,9.7894494,0.59537842,2.0027057,2.7310717,-0.000408358,-0.00070586,0.002360746,1.2109481,0.40968161,0.000634534,0.11470243,4.1315821,0.7107967,288.512,287.861,289.139,-9.66,NaN,NaN,NaN,-0.0451511218661693,445.570594377197,57.1509064794035,14.215934,288.512,287.861,289.139,0.264956760649585+0i,0.000634534,20.8725213309647,543.422615561982,27.5253380559775,20.9280147666499,1433.27,745.372,-9.9e+37,-9.9e+37
20260514172402.1,2225.80500617623,9.7883455,0.39402682,2.002815,2.7311264,-0.00040716,-0.000704989,0.002369131,1.2108388,0.31454378,0.000634207,-0.16042606,4.1315165,0.59420098,288.498,287.861,289.156,-9.72,NaN,NaN,NaN,-0.0382361364807764,445.606542180823,37.027018991296,11.8840196,288.498,287.861,289.156,0.241382047799494+0i,0.000634207,20.8717930123352,552.486791374744,27.4980592609309,20.926686362697,484.042,-9.9e+37,-9.9e+37,279.506
20260514172404.2,2227.88700051606,9.7888045,0.54425318,2.0027603,2.7317384,-0.000407269,-0.00070978,0.002407027,1.2109372,0.16322726,0.000637909,-0.14849236,4.1315712,0.60729792,288.523,287.855,289.148,-9.77,NaN,NaN,NaN,-0.0416967924787883,446.008736985562,52.0412446859909,12.1459584,288.523,287.855,289.148,0.299542554442259+0i,0.000637909,20.872400314607,563.061246067407,27.470655905176,20.9260075022845,9.9e+37,330.652,226.7,706.162
20260514172406.4,2230.10600879788,9.7886843,0.62163013,2.0026947,2.7316073,-0.000406616,-0.000708691,0.002411491,1.2108279,0.12783977,0.000616239,-0.000581502,4.1310247,0.55660702,288.539,287.853,289.167,-9.86,NaN,NaN,NaN,-0.045847049032119,445.922580549449,59.7746077979449,11.1321404,288.539,287.853,289.167,0.3302944369966+0i,0.000616239,20.8663328430975,564.845552349711,26.3907145670269,20.9257124508295,9.9e+37,583.674,-9.9e+37,542.518
20260514172408.5,2232.18000680208,9.7886187,0.53672261,2.0027385,2.7311919,-0.000407487,-0.000710869,0.00240278,1.2109044,0.12775683,0.000632247,-0.033094433,4.1309482,0.61808254,288.52,287.85,289.196,-9.92,NaN,NaN,NaN,-0.0430759935894969,445.649587539827,51.2886092790643,12.3616508,288.52,287.85,289.196,0.289631807933808+0i,0.000632247,20.8654835081104,564.433885612767,27.5253380559775,20.9262436510334,1323.619,286.628,375.772,741.474
20260514172410.6,2234.29700396955,9.7884438,0.45404774,2.002651,2.7319133,-0.000407269,-0.0007088,0.002400057,1.2108498,0.35500114,0.000630722,0.11784531,4.1310903,0.73656172,288.517,287.85,289.237,-10.01,NaN,NaN,NaN,-0.0486117778641528,446.123677951819,43.0257507670192,14.7312344,288.517,287.85,289.237,0.239624722108502+0i,0.000630722,20.867061161727,552.76081877714,27.470655905176,20.9274539806119,687.671,713.984,320.608,159.67
20260514172412.7,2236.39500103891,9.7887827,0.55901646,2.0029571,2.7318805,-0.000407487,-0.000704989,0.002407136,1.2109481,0.32436703,0.000633554,0.11613053,4.1309591,0.73657263,288.501,287.853,289.232,-10.05,NaN,NaN,NaN,-0.029246022818711,446.102122413264,53.5167461753033,14.7314526,288.501,287.853,289.232,0.311241450023311+0i,0.000633554,20.865604524468,552.211512705667,28.3455703179975,20.9259485995784,-9.9e+37,570.387,574.136,-9.9e+37
20260514172414.8,2238.48100863397,9.7879957,0.6664524,2.0026947,2.7322084,-0.000407051,-0.000706187,0.00238895,1.21097,0.10786261,0.000614061,-0.034273444,4.1315493,0.638243,288.529,287.849,289.237,-10.16,NaN,NaN,NaN,-0.045847049032119,446.317612080706,64.2543254582047,12.76486,288.529,287.849,289.237,0.325837284304612+0i,0.000614061,20.8721571716499,564.845552349711,28.3455703179975,20.9261551624931,-9.9e+37,-9.9e+37,643.433,551.487
20260514172416.9,2240.57799987495,9.7886734,0.52486204,2.0026838,2.7321865,-0.000407378,-0.000708256,0.002385792,1.2109809,0.22658192,0.000628762,0.11253601,4.1314947,0.71879869,288.519,287.83,289.251,-10.11,NaN,NaN,NaN,-0.0465366495874946,446.303219815634,50.1032162838022,14.3759738,288.519,287.83,289.251,0.294337174397817+0i,0.000628762,20.8715509796199,564.57152494731,29.4801938069481,20.9258894279101,-9.9e+37,265.273,551.059,356.859
20260514172419,2242.67600700259,9.7879411,0.59030639,2.002662,2.7321537,-0.000409882,-0.000708474,0.002380892,1.2109044,0.42618975,0.000634098,0.095715266,4.13144,0.70759394,288.501,287.836,289.297,-10.09,NaN,NaN,NaN,-0.0479158506982031,446.281664277079,56.6439874330373,14.1518788,288.501,287.836,289.297,0.270086426257196+0i,0.000634098,20.870943677348,552.486791374744,30.573836822975,20.9275128833181,-9.9e+37,159.241,344.87,-9.9e+37
20260514172421.1,2244.77700144053,9.7881488,0.54775715,2.0028478,2.7323723,-0.000407596,-0.000709454,0.002395266,1.2109918,0.16537589,0.000635187,-0.11546731,4.1315275,0.60513947,288.514,287.839,289.311,-10.12,NaN,NaN,NaN,-0.036161008204104,446.425324055374,52.3914455189701,12.1027894,288.514,287.839,289.311,0.247396374734165+0i,0.000635187,20.8719151389346,542.049976016621,29.507597162703,20.9281920126927,-9.9e+37,-9.9e+37,352.943,461.279
20260514172423.2,2246.87900170684,9.7881378,0.76129989,2.002804,2.7323832,-0.00040618,-0.000710216,0.002392217,1.2109372,0.15516634,0.000637365,0.007874127,4.1315493,0.69253278,288.52,287.815,289.346,-10.13,NaN,NaN,NaN,-0.0389320636467545,446.432487328857,73.7337644956368,13.8506556,288.52,287.815,289.346,0.288563612659621+0i,0.000637365,20.8721571716499,541.363030610604,30.573836822975,20.9283100870671,9.9e+37,402.923,511.219,587.064
20260514172425.3,2248.97300563753,9.7885641,0.50071093,2.0027494,2.7323505,-0.000407269,-0.000707058,0.002357261,1.2109591,0.28608669,0.00062114,0.11837944,4.131604,0.73330439,288.525,287.825,289.373,-10.17,NaN,NaN,NaN,-0.0423863930341355,446.410997508407,47.6894573648122,14.6660878,288.525,287.825,289.373,0.253299955745482+0i,0.00062114,20.8727644739218,543.422615561982,29.5211742798724,20.9275424691522,-9.9e+37,358.536,462.471,115.35
20260514172427.4,2251.11300610006,9.7888373,0.63011444,2.0030336,2.7318914,-0.00040716,-0.000708256,0.002382525,1.2110028,0.13791292,0.000635514,-0.11344296,4.1310466,0.58413766,288.528,287.804,289.395,-10.19,NaN,NaN,NaN,-0.0244061657100048,446.109285686747,60.6225638104833,11.6827532,288.528,287.804,289.395,0.292298754543912+0i,0.000635514,20.8665759860546,541.912336682078,29.4938954848258,20.9273654920716,-9.9e+37,-9.9e+37,343.644,559.81
20260514172429.6,2253.27700562775,9.7887717,0.59456436,2.0029133,2.7318696,-0.000404982,-0.000708147,0.002416283,1.2110028,0.28123617,0.000627455,0.00547688,4.1311559,0.57439079,288.508,287.805,289.446,-10.23,NaN,NaN,NaN,-0.0320170782613616,446.094959139781,57.0695460539161,11.4878158,288.508,287.805,289.446,0.2678612542926+0i,0.000627455,20.8677894803565,542.599282088103,29.466492129071,20.9278671064414,1389.659,-9.9e+37,-9.9e+37,395.561
20260514172431.8,2255.52000291646,9.7894056,0.61268533,2.0028259,2.7318368,-0.000406071,-0.000709563,0.002395266,1.2110028,0.40157159,0.000631485,-0.000846553,4.1314619,0.80328387,288.505,287.8,289.471,-10.46,NaN,NaN,NaN,-0.0375465359254292,446.073403601227,58.8806285655791,16.0656774,288.505,287.8,289.471,0.27492727619814+0i,0.000631485,20.8711868203051,537.930806113858,29.507597162703,20.9278671064414,1575.268,712.922,527.568,-9.9e+37
20260514172433.9,2257.61700421572,9.7895477,0.57794167,2.0028805,2.7323067,-0.000403131,-0.000705642,0.002397226,1.2109044,0.35192387,0.000637256,-0.11650606,4.131451,0.59023328,288.512,287.804,289.436,-10.45,NaN,NaN,NaN,-0.0340922065380482,446.382212978264,55.4082076622187,11.8046656,288.512,287.804,289.436,0.276989504009188+0i,0.000637256,20.8710658039475,534.3596910159,28.742047051484,20.9276309576925,-9.9e+37,-9.9e+37,-9.9e+37,239.402
20260514172436,2259.71900448203,9.789351,0.46320427,2.002815,2.7312029,-0.000406071,-0.000707276,0.002391999,1.2110684,0.37641108,0.000631702,0.11481475,4.1309373,0.77648656,288.514,287.804,289.468,-10.47,NaN,NaN,NaN,-0.0382361364807764,445.656816531415,43.9408911458464,15.5297312,288.514,287.804,289.468,0.244636119388393+0i,0.000631702,20.8653624917527,541.089003208199,29.3024456766666,20.9275424691522,9.9e+37,885.256,394.215,-9.9e+37
20260514172438.1,2261.81300841272,9.7895368,0.50890062,2.0028368,2.7317384,-0.000403784,-0.000713483,0.002388188,1.2109263,0.22367598,0.000634098,0.092342446,4.1315493,0.71877905,288.533,287.801,289.455,-10.5,NaN,NaN,NaN,-0.0368569353700678,446.008736985562,48.5079678714209,14.375581,288.533,287.801,289.455,0.236447628314039+0i,0.000634098,20.8721571716499,534.908997087378,29.452915011902,20.9283985756074,-9.9e+37,614.527,723.392,141.913
20260514172440.2,2263.9099996537,9.7884548,0.67219118,2.0026729,2.7312575,-0.000404547,-0.000705534,0.002412254,1.2109918,0.11163826,0.000636058,0.047241187,4.1310247,0.64654072,288.536,287.812,289.455,-10.53,NaN,NaN,NaN,-0.047226250142856,445.692698616936,64.8278821770935,12.9308144,288.536,287.812,289.455,0.294477342257307+0i,0.000636058,20.8663328430975,532.574133466919,28.3592719958751,20.9278377895694,-9.9e+37,-9.9e+37,684.362,551.031
20260514172442.3,2265.98800085485,9.7887717,0.58445412,2.0029352,2.7306345,-0.000405527,-0.000709127,0.002410838,1.2110137,0.1293162,0.000633009,0.043931959,4.1309919,0.66379417,288.523,287.806,289.457,-10.56,NaN,NaN,NaN,-0.0306315505400363,445.283274820608,56.0590880677974,13.2758834,288.523,287.806,289.457,0.252027865696538+0i,0.000633009,20.8659686837828,534.222051681357,29.3982328611005,20.9284870641477,-9.9e+37,-9.9e+37,535.836,676.348
20260514172444.4,2268.07400844991,9.7895477,0.51262498,2.0029243,2.7310717,-0.00040128,-0.00070978,0.002420312,1.2108826,0.14060825,0.000636385,0.022653981,4.13144,0.67157573,288.517,287.823,289.468,-10.59,NaN,NaN,NaN,-0.0313211510953977,445.570594377197,48.8801953660383,13.4315146,288.517,287.823,289.468,0.229474250442257+0i,0.000636385,20.870943677348,532.711772801457,29.466492129071,20.9287232128965,225.991,-9.9e+37,514.605,680.852
20260514172446.4,2270.15600278974,9.7885313,0.49288027,2.0026947,2.7299678,-0.00040618,-0.000708474,0.00238503,1.2110465,0.23659285,0.000633663,-0.11960433,4.1310029,0.5537229,288.509,287.812,289.446,-10.57,NaN,NaN,NaN,-0.045847049032119,444.845132212243,46.9068297581896,11.074458,288.509,287.812,289.446,0.24726906819672+0i,0.000633663,20.8660908103822,542.049976016621,29.452915011902,20.9277197151949,-9.9e+37,-9.9e+37,-9.9e+37,670.313
20260514172448.5,2272.25000672042,9.788575,0.43867014,2.0027275,2.7299569,-0.000402695,-0.000707167,0.002419876,1.2110246,0.14187517,0.000633771,0.035778294,4.130981,0.67167285,288.523,287.817,289.422,-10.59,NaN,NaN,NaN,-0.0437719207554323,444.83796893876,41.4888516699317,13.433457,288.523,287.817,289.422,0.20961948802577+0i,0.000633771,20.8658476674251,553.310124848623,28.3729736737523,20.9283985756074,9.9e+37,-9.9e+37,281.993,802.11
20260514172450.6,2274.35900755227,9.7885641,0.59262961,2.002662,2.7302083,-0.000403349,-0.000707711,0.002408878,1.2110028,0.45393644,0.000634316,-0.05983979,4.1313417,0.65307174,288.503,287.836,289.408,-10.64,NaN,NaN,NaN,-0.0479158506982031,445.003184255608,56.8761793693821,13.0614348,288.503,287.836,289.408,0.266965639827388+0i,0.000634316,20.8698523096456,553.447764183166,28.3729736737523,20.9276901293608,372.547,-9.9e+37,-9.9e+37,99.917
20260514172452.8,2276.46100781858,9.7888264,0.61415303,2.0030117,2.7302848,-0.000405853,-0.000707711,0.002382634,1.2110028,0.23428599,0.000625495,0.10408213,4.1313307,0.77989883,288.531,287.831,289.417,-10.69,NaN,NaN,NaN,-0.02579169343133,445.053458606201,59.0273163975422,15.5979766,288.531,287.831,289.417,0.282154776137942+0i,0.000625495,20.8697301830461,547.131369994478,27.7714700149377,20.9275128833181,1308.148,657.262,549.399,225.291
20260514172454.9,2278.57800498605,9.7888155,0.48278312,2.0030554,2.7294541,-0.000403458,-0.0007088,0.002397879,1.2109809,0.39962483,0.000636276,-0.004976745,4.1303252,0.60654497,288.502,287.83,289.449,-10.72,NaN,NaN,NaN,-0.0230269645992962,444.507538305062,45.8976800392376,12.1308994,288.502,287.83,289.449,0.300052568071705+0i,0.000636276,20.8585667016137,541.638309279682,28.3592719958751,20.9257417677015,-9.9e+37,-9.9e+37,-9.9e+37,-9.9e+37
20260514172457,2280.67200891674,9.7884766,0.53774728,2.0026729,2.7293776,-0.000403675,-0.000708147,0.002405393,1.2110902,0.18964704,0.000636494,-0.004421378,4.1307515,0.75383698,288.528,287.842,289.479,-10.85,NaN,NaN,NaN,-0.047226250142856,444.457263954469,51.3910189137155,15.0767396,288.528,287.842,289.479,0.310531481042621+0i,0.000636494,20.8632996624637,542.46164275356,27.867132638663,20.9259779164504,9.9e+37,694.427,618.581,330.071
20260514172459.1,2282.78500288725,9.7886406,0.45807438,2.0026838,2.7296946,-0.000405309,-0.00070782,0.002407898,1.2109809,0.33122325,0.000633009,-0.11512713,4.1315165,0.57438315,288.503,287.844,289.457,-10.86,NaN,NaN,NaN,-0.0465366495874946,444.665590348428,43.4281893387271,11.487663,288.503,287.844,289.457,0.252432354949195+0i,0.000633009,20.8717930123352,541.912336682078,26.5820398144774,20.9272767345692,-9.9e+37,-9.9e+37,-9.9e+37,244.644
20260514172501.2,2284.89100635052,9.7888264,0.48412206,2.0030117,2.7300225,-0.000403458,-0.000709236,0.002455376,1.2109809,0.45806783,0.000634098,0.098209952,4.1309701,0.70921987,288.482,287.85,289.452,-10.79,NaN,NaN,NaN,-0.02579169343133,444.881080015869,46.0314990797286,14.1843974,288.482,287.85,289.452,0.279589668645049+0i,0.000634098,20.8657266510675,552.624430709283,27.4159737543746,20.9263028227017,1552.916,700.009,-9.9e+37,-9.9e+37
20260514172503.3,2287.00800351799,9.7888592,0.40950919,2.002968,2.7303394,-0.000403893,-0.000709672,0.00244514,1.2110028,0.44588099,0.000635078,-0.056742917,4.131298,0.67835008,288.512,287.869,289.455,-10.89,NaN,NaN,NaN,-0.0285564222633639,445.089340691722,38.574389222917,13.5670016,288.512,287.869,289.455,0.218679752121379+0i,0.000635078,20.8693671339732,552.76081877714,27.5527414117323,20.9277786179011,-9.9e+37,548.674,150.249,-9.9e+37
20260514172505.4,2289.12500068545,9.788575,0.5724735,2.0027166,2.7299678,-0.000402478,-0.000708365,0.002431093,1.21097,0.24804312,0.000631267,0.11293391,4.1310029,0.76568992,288.514,287.891,289.441,-10.86,NaN,NaN,NaN,-0.0444615213108221,444.845132212243,54.8616967934407,15.3137984,288.514,287.891,289.441,0.330396964562497+0i,0.000631267,20.8660908103822,553.173736780761,28.3455703179975,20.9254171304124,989.998,925.243,707.799,-9.9e+37
20260514172507.5,2291.21900461614,9.7884876,0.61280318,2.0026838,2.7299788,-0.00040128,-0.000705969,0.002402998,1.2110246,0.43689907,0.000634098,-0.057718291,4.1309919,0.62958847,288.498,287.899,289.452,-10.94,NaN,NaN,NaN,-0.0465366495874946,444.852361203831,58.892406967839,12.5917694,288.498,287.899,289.452,0.373680016661133+0i,0.000634098,20.8659686837828,570.887919135989,29.4801938069481,20.9240002379192,-9.9e+37,97.456,196.613,-9.9e+37
20260514172509.6,2293.30900534987,9.7888373,0.6092676,2.0030773,2.7301099,-0.000401062,-0.000708365,0.002408007,1.2109153,0.441276,0.000633336,-0.00024643,4.1310684,0.68385098,288.498,287.904,289.457,-11.01,NaN,NaN,NaN,-0.0216414368779709,444.938517639944,58.5390469045209,13.6770196,288.498,287.904,289.457,0.323726015383128+0i,0.000633336,20.8668180187699,564.433885612767,29.452915011902,20.9257124508295,161.107,680.834,278.787,-9.9e+37
20260514172511.7,2295.41400298476,9.7885641,0.57614112,2.0026401,2.7301973,-0.000403458,-0.000709236,0.002411927,1.2110137,0.31016359,0.00062506,0.10974099,4.1314182,0.75105326,288.506,287.912,289.452,-11.04,NaN,NaN,NaN,-0.0493013784195284,444.99595526402,55.2282534646026,15.0210652,288.506,287.912,289.452,0.325690127622529+0i,0.00062506,20.8707016446327,547.817064133822,29.4938954848258,20.9256828649954,-9.9e+37,970.713,687.924,-9.9e+37
20260514172513.8,2297.51200005412,9.7888155,0.81294997,2.0030226,2.7300553,-0.000403022,-0.000709672,0.002432617,1.21097,0.12395278,0.00063486,0.043244829,4.1310138,0.67652227,288.529,287.887,289.446,-11.06,NaN,NaN,NaN,-0.0251020928759687,444.902635554424,78.8958809062923,13.5304454,288.529,287.887,289.446,0.33402923145673+0i,0.00063486,20.8662118267399,534.085663613495,29.4118099782695,20.9275128833181,-9.9e+37,425.795,860.425,322.482
20260514172515.9,2299.62100088596,9.7888155,0.39233542,2.0030663,2.730099,-0.000403022,-0.000709018,0.002409531,1.2110465,0.35928097,0.000634098,0.10861142,4.1310903,0.71383251,288.494,287.884,289.455,-11.1,NaN,NaN,NaN,-0.0223373640439348,444.931354366461,36.8579736830025,14.2766502,288.494,287.884,289.455,0.231360332677727+0i,0.000634098,20.867061161727,539.303445659218,29.466492129071,20.9272767345692,-9.9e+37,398.18,588.681,-9.9e+37
20260514172518,2301.71500481665,9.7888373,0.50849141,2.0030663,2.7301208,-0.00040324,-0.000706949,0.002419767,1.2110356,0.36791805,0.000632356,-0.11211902,4.1310684,0.58315337,288.486,287.868,289.452,-11.12,NaN,NaN,NaN,-0.0223373640439348,444.945680913427,48.4670697807228,11.6630674,288.486,287.868,289.452,0.257070040990665+0i,0.000632356,20.8668180187699,541.089003208199,28.3865507909218,20.9275720549863,-9.9e+37,-9.9e+37,221.093,-9.9e+37
20260514172520.1,2303.82800884545,9.7884657,0.47027107,2.002662,2.7300006,-0.000401062,-0.000708038,0.002398315,1.2110793,0.34132476,0.000632682,0.11479406,4.1310466,0.77233987,288.516,287.876,289.452,-11.16,NaN,NaN,NaN,-0.0479158506982031,444.866687750797,44.6471755165739,15.4467974,288.516,287.876,289.452,0.248642846669217+0i,0.000632682,20.8665759860546,534.771357752839,28.3455703179975,20.9276309576925,1207.049,828.659,561.756,-9.9e+37
20260514172522.2,2305.9570055455,9.7892745,0.51505297,2.0026947,2.7293339,-0.000401062,-0.000707167,0.002435231,1.2110137,0.40355544,0.000632247,-0.005139435,4.1309919,0.6330182,288.491,287.881,289.466,-11.17,NaN,NaN,NaN,-0.045847049032119,444.428545142431,49.1228584369166,12.660364,288.491,287.881,289.466,0.256838874494834+0i,0.000632247,20.8659686837828,525.982460609158,27.5527414117323,20.9279851808158,-9.9e+37,-9.9e+37,210.824,-9.9e+37
20260514172524.4,2308.07400271297,9.7891761,0.58297005,2.002651,2.7293995,-0.000403349,-0.000708583,0.0024018,1.2110246,0.11596935,0.000634643,0.052478628,4.1311012,0.68122437,288.51,287.87,289.427,-11.17,NaN,NaN,NaN,-0.0486117778641528,444.471656219541,55.910764152296,13.6244874,288.51,287.87,289.427,0.276067183008516+0i,0.000634643,20.8671821780847,525.570793872214,28.3729736737523,20.9278966922755,1485.991,474.169,700.466,454.525
20260514172526.5,2310.16800664365,9.7890231,0.58134848,2.0028478,2.7293339,-0.000400844,-0.000709889,0.002394286,1.2110356,0.17139512,0.000623644,0.00187812,4.1309482,0.73727648,288.521,287.851,289.417,-11.22,NaN,NaN,NaN,-0.036161008204104,444.428545142431,55.7486979346246,14.7455296,288.521,287.851,289.417,0.247991260813612+0i,0.000623644,20.8654835081104,532.574133466919,28.4139541466766,20.9286640412283,529.216,363.976,665.483,445.534
20260514172528.6,2312.26200051606,9.7888592,0.52711761,2.0030554,2.7295088,-0.000399973,-0.00070978,0.002421183,1.21097,0.31744319,0.000628,0.11399869,4.1310684,0.71371575,288.502,287.86,289.425,-11.26,NaN,NaN,NaN,-0.0230269645992962,444.543486108688,50.3286470074793,14.274315,288.502,287.86,289.425,0.257397052477723+0i,0.000628,20.8668180187699,533.123439538397,28.3455703179975,20.9278966922755,-9.9e+37,381.957,569.885,-9.9e+37
20260514172530.7,2314.3710013479,9.7885204,0.57410816,2.002651,2.7295197,-0.000403022,-0.00070684,0.002381436,1.21097,0.15353604,0.000633227,0.013289177,4.131298,0.69918491,288.519,287.86,289.427,-11.31,NaN,NaN,NaN,-0.0486117778641528,444.550649382171,55.0250712782787,13.9836982,288.519,287.86,289.427,0.236512752911256+0i,0.000633227,20.8693671339732,532.849412135996,28.3729736737523,20.9289889474796,-9.9e+37,-9.9e+37,802.439,359.074
20260514172532.8,2316.46500527859,9.7891433,0.51563678,2.0026292,2.7294651,-0.000401606,-0.000706296,0.002378932,1.2110465,0.4054269,0.000635732,0.098755518,4.1312105,0.73551632,288.501,287.866,289.403,-11.34,NaN,NaN,NaN,-0.0499909789748756,444.51476729665,49.1812067527702,14.7103264,288.501,287.866,289.403,0.247556549412358+0i,0.000635732,20.8683956723866,524.883848466193,27.5390397338547,20.9283394039391,-9.9e+37,134.779,463.795,-9.9e+37
20260514172534.8,2318.55500601232,9.7887717,0.45118218,2.0027166,2.7298257,-0.000396706,-0.000709127,0.002366735,1.2109591,0.12575222,0.000634969,-0.11080945,4.131593,0.61716482,288.523,287.883,289.365,-11.37,NaN,NaN,NaN,-0.0444615213108221,444.751746784541,42.7393551931552,12.3432964,288.523,287.883,289.365,0.231445416327557+0i,0.000634969,20.8726423473223,524.747460398332,27.7987488099843,20.9283100870671,-9.9e+37,-9.9e+37,565.757,526.664
20260514172537.1,2320.77700160444,9.7883346,0.59115209,2.002804,2.7293339,-0.000399537,-0.000709127,0.002423143,1.2109591,0.27217786,0.00063094,-0.00726867,4.1313089,0.7573922,288.517,287.877,289.362,-11.42,NaN,NaN,NaN,-0.0389320636467545,444.428545142431,56.728510087184,15.147844,288.517,287.877,289.362,0.261808952590632+0i,0.00063094,20.8694881503308,532.711772801457,28.3455703179975,20.928280501233,856.882,305.653,578.446,386.852
20260514172539.3,2323.00799936056,9.7887171,0.4443249,2.0027057,2.7297492,-0.000398231,-0.000707711,0.002419332,1.2110793,0.38780133,0.000638018,-0.001007938,4.1310138,0.72690652,288.498,287.904,289.365,-11.48,NaN,NaN,NaN,-0.0451511218661693,444.701472433949,42.0540110926144,14.5381304,288.498,287.904,289.365,0.212353980117884+0i,0.000638018,20.8662118267399,533.948024278961,28.3455703179975,20.9287527987307,-9.9e+37,271.86,578.878,-9.9e+37
20260514172541.4,2325.08200742304,9.7887389,0.60571673,2.0027275,2.7298039,-0.000400735,-0.000709018,0.002443942,1.2109153,0.16245249,0.000634425,0.008499298,4.131604,0.69820172,288.506,287.896,289.373,-11.52,NaN,NaN,NaN,-0.0437719207554323,444.737420237574,58.1841586972015,13.9640344,288.506,287.896,289.373,0.238444017063659+0i,0.000634425,20.8727644739218,533.123439538397,27.5390397338547,20.9291659245601,-9.9e+37,-9.9e+37,781.349,430.374
20260514172543.5,2327.1800044924,9.7888482,0.4919298,2.0028915,2.7298257,-0.000400191,-0.000705751,0.002424777,1.2109481,0.41833396,0.000633009,-0.025510083,4.1314728,0.61542759,288.483,287.884,289.398,-11.6,NaN,NaN,NaN,-0.0333962793720701,444.751746784541,46.8118359695094,12.3085518,288.483,287.884,289.398,0.224371205352581+0i,0.000633009,20.8713078366628,525.021487800736,28.3592719958751,20.9289297758113,-9.9e+37,-9.9e+37,-9.9e+37,-9.9e+37
20260514172545.6,2329.26600202918,9.7887389,0.6620111,2.0027385,2.7298257,-0.000399755,-0.000713483,0.002419114,1.2109809,0.30698157,0.000634316,-0.11961228,4.1316149,0.62084663,288.497,287.906,289.408,-11.66,NaN,NaN,NaN,-0.0430759935894969,444.751746784541,63.8104441009126,12.4169326,288.497,287.906,289.408,0.260897226468592+0i,0.000634316,20.8728854902794,525.159127135271,28.3592719958751,20.9289593616454,1238.295,-9.9e+37,-9.9e+37,301.421
20260514172547.6,2331.35600276291,9.7886515,0.64822448,2.0027713,2.7293448,-0.000397577,-0.000709998,0.002357697,1.2109918,0.43438925,0.000633771,-0.040280769,4.1309482,0.64711798,288.491,287.908,289.408,-11.71,NaN,NaN,NaN,-0.0410008653128102,444.435708415915,62.4325539340538,12.9423596,288.491,287.908,289.408,0.258504717716042+0i,0.000633771,20.8654835081104,532.987051470539,28.3318686401203,20.9287821156027,9.9e+37,414.785,-9.9e+37,-9.9e+37
20260514172549.7,2333.45300406218,9.7884657,0.579082,2.0026401,2.7295088,-0.000400191,-0.000706514,0.002385465,1.2110137,0.18203571,0.000637692,0.049753733,4.1312652,0.74161629,288.497,287.892,289.433,-11.77,NaN,NaN,NaN,-0.0493013784195284,444.543486108688,55.5221768217353,14.8323258,288.497,287.892,289.433,0.243818307464953+0i,0.000637692,20.8690029746584,525.296766469814,29.4938954848258,20.9289001899771,9.9e+37,918.022,618.001,373.434
20260514172551.8,2335.55500432849,9.7888482,0.47780711,2.0030336,2.7296399,-0.000400735,-0.000706514,0.002391781,1.2109918,0.1325506,0.000635187,-0.11048385,4.1312652,0.58721821,288.513,287.889,289.449,-11.79,NaN,NaN,NaN,-0.0244061657100048,444.629642544801,45.4003576172668,11.7443642,288.513,287.889,289.449,0.223788236371232+0i,0.000635187,20.8690029746584,525.708433206753,28.3729736737523,20.9288117014368,-9.9e+37,-9.9e+37,303.452,658.911
20260514172553.9,2337.64900825918,9.7894275,0.6511981,2.0027057,2.7297711,-0.000399646,-0.00070782,0.00241258,1.2109918,0.13837451,0.000614606,-0.074867008,4.1315603,0.56205989,288.497,287.892,289.425,-11.83,NaN,NaN,NaN,-0.0451511218661693,444.71586469902,62.7297494582632,11.2411978,288.497,287.892,289.425,0.267809213129751+0i,0.000614606,20.8722792982494,532.711772801457,28.3865507909218,20.9285166499818,1530.065,-9.9e+37,265.432,808.335
20260514172556,2339.75400589406,9.7886187,0.42636652,2.0027603,2.7293339,-0.00039932,-0.000710216,0.0023761,1.2109591,0.17350228,0.000637692,-0.096531469,4.1309591,0.59094039,288.512,287.891,289.417,-11.9,NaN,NaN,NaN,-0.0416967924787883,444.428545142431,40.2591784784774,11.8188078,288.512,287.891,289.417,0.215131195799536+0i,0.000637692,20.865604524468,525.982460609158,28.3729736737523,20.9286347243563,9.9e+37,-9.9e+37,-9.9e+37,832.448
20260514172558.2,2341.87100306153,9.7884766,0.56502694,2.0026292,2.7295525,-0.00040128,-0.000708909,0.002413234,1.2110028,0.46318572,0.000637256,0.077632956,4.1313526,0.66185942,288.506,287.874,289.466,-11.94,NaN,NaN,NaN,-0.0499909789748756,444.572204920726,54.1174576832799,13.2371884,288.506,287.874,289.466,0.252194945288136+0i,0.000637256,20.8699733260032,525.708433206753,28.3729736737523,20.928546235816,9.9e+37,389.592,-9.9e+37,131.682
20260514172600.3,2344.01600249112,9.7888482,0.64152107,2.0030663,2.7294651,-0.000399864,-0.000710107,0.002378605,1.2110246,0.36906602,0.000633336,0.11479428,4.1310794,0.76764758,288.503,287.874,289.493,-11.93,NaN,NaN,NaN,-0.0223373640439348,444.51476729665,61.7625882192214,15.3529516,288.503,287.874,289.493,0.278522137691144+0i,0.000633336,20.8669401453694,524.609821063793,27.5253380559775,20.9283100870671,1231.105,820.087,372.945,-9.9e+37
20260514172602.4,2346.10600322485,9.7888592,0.53465254,2.0029461,2.7297602,-0.000400191,-0.000710434,0.002411709,1.2109809,0.43687834,0.000632029,-0.061492169,4.1314072,0.64183316,288.506,287.866,289.509,-11.98,NaN,NaN,NaN,-0.0299419499846891,444.708701425537,51.0817181703147,12.8366632,288.506,287.866,289.509,0.239712851463754+0i,0.000632029,20.8705795180333,533.123439538397,27.4980592609309,20.9286051385221,-9.9e+37,338.077,152.601,-9.9e+37
20260514172604.5,2348.184004426,9.7884548,0.61327896,2.002662,2.7288093,-0.000397904,-0.000711414,0.002398097,1.211123,0.31722822,0.000633227,0.11396776,4.1310466,0.75561131,288.509,287.866,289.536,-12,NaN,NaN,NaN,-0.0479158506982031,444.083787961767,58.9399583316677,15.1122262,288.509,287.866,289.536,0.262187907366283+0i,0.000633227,20.8665759860546,533.261078872935,26.3907145670269,20.9284870641477,346.042,929.045,614.49,-9.9e+37
20260514172606.6,2350.31300112605,9.7888592,0.56525065,2.0030445,2.7289732,-0.000397577,-0.000708691,0.002414867,1.2110684,0.23227049,0.000635296,0.097170654,4.1312105,0.72965642,288.51,287.846,289.55,-12.01,NaN,NaN,NaN,-0.0237165651546434,444.191499936436,54.1398161590505,14.5931284,288.51,287.846,289.55,0.240618283356665+0i,0.000635296,20.8683956723866,525.021487800736,26.404416244904,20.9290182643516,-9.9e+37,644.037,790.715,-9.9e+37
20260514172608.7,2352.44900844991,9.7881378,0.44735524,2.0030663,2.7289404,-0.000401062,-0.000709672,0.002342343,1.2109263,0.39347466,0.000631376,-0.031521111,4.1311777,0.58714836,288.487,287.842,289.552,-12.01,NaN,NaN,NaN,-0.0223373640439348,444.169944397881,42.3568754413989,11.7429672,288.487,287.842,289.552,0.231463686748772+0i,0.000631376,20.8680315130718,524.747460398332,27.5253380559775,20.928280501233,-9.9e+37,-9.9e+37,201.482,-9.9e+37
20260514172610.8,2354.55100871623,9.7884548,0.62036539,2.0026292,2.72823,-0.000399428,-0.000710652,0.002402126,1.2108826,0.45166341,0.00063192,-0.030556407,4.1312761,0.68851707,288.495,287.864,289.536,-12.03,NaN,NaN,NaN,-0.0499909789748756,443.703082977477,59.6482046034249,13.7703414,288.495,287.864,289.536,0.249901227889582+0i,0.00063192,20.8691239910161,525.296766469814,27.0059199037187,20.9290774360199,559.546,602.904,214.545,-9.9e+37
20260514172612.9,2356.637006253,9.7885641,0.58578978,2.0027275,2.7280879,-0.000399864,-0.000708691,0.002377189,1.2110137,0.37847787,0.000628762,-0.051654672,4.1310029,0.63697936,288.503,287.872,289.52,-12.16,NaN,NaN,NaN,-0.0437719207554323,443.609697549776,56.1925792919167,12.7395872,288.503,287.872,289.52,0.254765261231721+0i,0.000628762,20.8660908103822,525.296766469814,26.4863771907521,20.9286936270624,-9.9e+37,343.978,87.53,-9.9e+37
20260514172615,2358.74200388789,9.7884985,0.53994392,2.0026729,2.7281207,-0.000400082,-0.00070684,0.002389603,1.21097,0.11878145,0.000634098,0.05078356,4.1310356,0.68570607,288.514,287.844,289.539,-12.14,NaN,NaN,NaN,-0.047226250142856,443.63125308833,51.6105599365427,13.7141214,288.514,287.844,289.539,0.248975719640414+0i,0.000634098,20.8664538594552,525.708433206753,27.4022720764979,20.9284870641477,9.9e+37,700.368,610.751,524.376
20260514172617.1,2360.85600368679,9.7887499,0.54084528,2.002968,2.7281317,-0.000398231,-0.000709454,0.002380238,1.2109372,0.17915159,0.000632138,0.094973362,4.1309701,0.69785034,288.52,287.847,289.523,-12.31,NaN,NaN,NaN,-0.0285564222633639,443.638482079919,51.7006454746078,13.9570068,288.52,287.847,289.523,0.274369466017742+0i,0.000632138,20.8657266510675,525.021487800736,27.5390397338547,20.9276309576925,346.029,618.511,604.668,376.805
20260514172619.2,2362.957008183,9.7885094,0.60823311,2.0026401,2.7282847,-0.000400517,-0.000712067,0.002377516,1.2108279,0.10628033,0.00063192,0.033969755,4.1313854,0.6358554,288.506,287.839,289.504,-12.4,NaN,NaN,NaN,-0.0493013784195284,443.739030781104,58.4356558196347,12.717108,288.506,287.839,289.504,0.24744221732207+0i,0.00063192,20.870337485318,524.472181729254,27.4569542272984,20.9290774360199,-9.9e+37,-9.9e+37,644.199,650.85
20260514172621.4,2365.07800854743,9.7895368,0.50135366,2.0028696,2.7285907,-0.000398557,-0.000712938,0.002410838,1.210817,0.34584681,0.000634751,-0.11097137,4.1315165,0.56297325,288.512,287.825,289.506,-12.42,NaN,NaN,NaN,-0.0347818070933954,443.940128183473,47.7536943820757,11.259465,288.512,287.825,289.506,0.24392733033485+0i,0.000634751,20.8717930123352,525.159127135271,27.4980592609309,20.9283394039391,-9.9e+37,-9.9e+37,-9.9e+37,385.366
20260514172623.4,2367.16000288725,9.7895587,0.58140523,2.0028915,2.7291809,-0.000399646,-0.000707167,0.002397117,1.2108716,0.15964912,0.000633445,-0.002184011,4.131451,0.70496081,288.525,287.836,289.514,-12.35,NaN,NaN,NaN,-0.0333962793720701,444.327996441247,55.7543697575202,14.0992162,288.525,287.836,289.514,0.268623217906268+0i,0.000633445,20.8710658039475,525.433154537676,27.5253380559775,20.9281624268585,9.9e+37,590.82,508.57,600.146
20260514172625.6,2369.26600635052,9.7894275,0.58983061,2.0027275,2.72917,-0.000400517,-0.000715225,0.002383396,1.2108498,0.33657355,0.000633989,0.11547368,4.131593,0.7222808,288.512,287.836,289.501,-12.37,NaN,NaN,NaN,-0.0437719207554323,444.320833167764,56.5964360692086,14.445616,288.512,287.836,289.501,0.273470368182315+0i,0.000633989,20.8726423473223,523.785236323233,27.5390397338547,20.9281032551902,-9.9e+37,462.126,422.312,117.695
20260514172627.7,2371.37900032103,9.7895477,0.5845185,2.0030663,2.7295853,-0.0004003,-0.000710978,0.00241454,1.2109153,0.11025459,0.000637038,-0.027173896,4.1311887,0.63864458,288.505,287.849,289.455,-12.41,NaN,NaN,NaN,-0.0223373640439348,444.59376045928,56.0655224635335,12.7728916,288.505,287.849,289.455,0.241943150660025+0i,0.000637038,20.8681536396713,525.021487800736,28.3865507909218,20.9290478501857,-9.9e+37,-9.9e+37,607.332,599.843
20260514172629.8,2373.48100058734,9.7889575,0.6072259,2.0029461,2.7300225,-0.000398775,-0.000710869,0.002385792,1.2109263,0.45198096,0.000636494,-0.060868851,4.130981,0.6636774,288.5,287.838,289.425,-12.44,NaN,NaN,NaN,-0.0299419499846891,444.881080015869,58.334991207499,13.273548,288.5,287.838,289.425,0.241091468217849+0i,0.000636494,20.8658476674251,524.334542394711,28.1542450705465,20.9292544131004,-9.9e+37,-9.9e+37,-9.9e+37,-9.9e+37
20260514172631.9,2375.59400461614,9.7891543,0.42104897,2.0026182,2.7307438,-0.000398557,-0.000708256,0.00240082,1.2109044,0.33233849,0.000633118,0.11456211,4.1312761,0.75844087,288.51,287.854,289.392,-12.55,NaN,NaN,NaN,-0.0506869061408253,445.355104709755,39.7277211773564,15.1688174,288.51,287.854,289.392,0.213069365189235+0i,0.000633118,20.8691239910161,524.198154326854,27.5390397338547,20.9287232128965,583.848,730.386,498.321,-9.9e+37
20260514172634,2377.6910059154,9.7895587,0.63212558,2.0030663,2.7314105,-0.000401171,-0.000710216,0.002391455,1.2107514,0.24799293,0.000631376,0.10897056,4.1311122,0.7335903,288.51,287.862,289.373,-12.55,NaN,NaN,NaN,-0.0223373640439348,445.793247318121,60.8235652183829,14.671806,288.51,287.862,289.373,0.244143492345555+0i,0.000631376,20.8673043046841,525.570793872214,28.3729736737523,20.9292839989346,-9.9e+37,617.303,730.342,-9.9e+37
20260514172636.1,2379.78900298476,9.7893291,0.6123896,2.002662,2.7320991,-0.000399973,-0.000710978,0.002365864,1.2108826,0.23718975,0.000628,0.08976108,4.1314728,0.71763653,288.514,287.874,289.335,-12.51,NaN,NaN,NaN,-0.0479158506982031,446.245782191559,58.8510721217919,14.3527306,288.514,287.874,289.335,0.238194229828253+0i,0.000628,20.8713078366628,534.222051681357,29.2341864086961,20.929136338726,-9.9e+37,422.916,742.894,-9.9e+37
20260514172638.2,2381.8989995867,9.7895587,0.43977119,2.0029024,2.7323067,-0.000399428,-0.00071076,0.002382199,1.2109809,0.12704208,0.000631158,-0.11064741,4.1314182,0.61236232,288.528,287.874,289.316,-12.48,NaN,NaN,NaN,-0.032706678816723,446.382212978264,41.5988950285083,12.2472464,288.528,287.874,289.316,0.193043939757639+0i,0.000631158,20.8707016446327,533.261078872935,28.468636297478,20.9294612449773,-9.9e+37,-9.9e+37,635.964,519.543
20260514172640.3,2383.99600088596,9.7895368,0.55190054,2.0030882,2.7320444,-0.000400953,-0.000712067,0.002395919,1.21097,0.45175398,0.000634534,0.048778029,4.1311996,0.67356722,288.503,287.88,289.281,-12.48,NaN,NaN,NaN,-0.0209518363226238,446.209834387932,52.8055525545206,13.4713444,288.503,287.88,289.281,0.226283703167342+0i,0.000634534,20.8682746560289,534.634969684977,28.3592719958751,20.929136338726,-9.9e+37,228.406,129.813,-9.9e+37
20260514172642.4,2386.12100444734,9.7893182,0.62510678,2.0027385,2.732427,-0.000400082,-0.000708256,0.002427608,1.2111121,0.19390502,0.000609052,0.059873073,4.1309701,0.72666427,288.517,287.891,289.221,-12.61,NaN,NaN,NaN,-0.0430759935894969,446.461271859,60.122078160413,14.5332854,288.517,287.891,289.221,0.239639151092659+0i,0.000609052,20.8657266510675,534.497330350434,28.3729736737523,20.9291955103943,436.992,597.826,717.4,221.824
20260514172644.5,2388.21500837803,9.7898319,0.56761317,2.0030336,2.7325581,-0.000398557,-0.00071381,0.002370329,1.2111011,0.40693061,0.000633771,0.092765069,4.1310356,0.71839384,288.495,287.902,289.21,-12.61,NaN,NaN,NaN,-0.0244061657100048,446.547428295113,54.3759358952155,14.3678768,288.495,287.902,289.21,0.231594283163829+0i,0.000633771,20.8664538594552,534.222051681357,28.3729736737523,20.9290774360199,-9.9e+37,335.018,498.586,-9.9e+37
20260514172646.6,2390.32400920987,9.7898428,0.44305143,2.0026729,2.7325035,-0.000402042,-0.000711632,0.002377189,1.2110356,0.16039661,0.00063388,0.006744445,4.1310903,0.72348443,288.524,287.93,289.199,-12.72,NaN,NaN,NaN,-0.047226250142856,446.511546209592,41.9267353868367,14.4696886,288.524,287.93,289.199,0.211889781799413+0i,0.00063388,20.867061161727,533.810384944418,29.4392133340243,20.9287232128965,-9.9e+37,393.185,835.505,285.145
20260514172648.7,2392.4259994179,9.7891543,0.47382849,2.0026401,2.7319679,-0.000398993,-0.000708691,0.002438497,1.2111449,0.37733426,0.000631158,-0.10648381,4.1311887,0.5801514,288.486,287.947,289.169,-12.76,NaN,NaN,NaN,-0.0493013784195284,446.15956003734,45.0027183571966,11.603028,288.486,287.947,289.169,0.219022095841256+0i,0.000631158,20.8681536396713,541.638309279682,30.4234920484482,20.928546235816,-9.9e+37,-9.9e+37,87.785,96.849
20260514172650.8,2394.52700391412,9.789504,0.59668244,2.0030336,2.7319351,-0.000401389,-0.000711305,0.002428479,1.211123,0.39979507,0.000631811,-0.014822643,4.1310247,0.63173819,288.505,287.96,289.148,-12.79,NaN,NaN,NaN,-0.0244061657100048,446.138004498785,57.2812354748634,12.6347638,288.505,287.96,289.148,0.254986362854379+0i,0.000631811,20.8663328430975,542.18761535116,29.4392133340243,20.9283100870671,1291.775,84.819,-9.9e+37,126.81
20260514172652.9,2396.64900004864,9.7892745,0.43372905,2.002651,2.7320554,-0.000400626,-0.000711849,0.002393959,1.2111449,0.44671905,0.000631485,-0.047542568,4.1313635,0.66283934,288.486,287.982,289.139,-12.94,NaN,NaN,NaN,-0.0486117778641528,446.217063379521,40.995019292992,13.2567868,288.486,287.982,289.139,0.230556822080185+0i,0.000631485,20.8700943423609,536.832193970897,28.8923918260107,20.9278671064414,9.9e+37,544.885,-9.9e+37,-9.9e+37
20260514172655,2398.74200820923,9.7893838,0.5496668,2.0027166,2.7322958,-0.000397686,-0.000709127,0.002389821,1.2110793,0.14686427,0.000630505,-0.003886591,4.1315821,0.72808177,288.512,287.989,289.131,-12.9,NaN,NaN,NaN,-0.0444615213108221,446.375049704781,52.582303608708,14.5616354,288.512,287.989,289.131,0.249519316819781+0i,0.000630505,20.8725213309647,533.948024278961,28.3729736737523,20.9283394039391,9.9e+37,970.593,656.729,368.875
20260514172657.2,2400.86300857365,9.7890778,0.51118128,2.002662,2.7312684,-0.000399537,-0.000712067,0.002355192,1.2110793,0.27241029,0.000634316,0.11666913,4.1303471,0.71540933,288.501,287.967,289.09,-13.05,NaN,NaN,NaN,-0.0479158506982031,445.699861890419,48.735906190454,14.3081866,288.501,287.967,289.09,0.246001709439198+0i,0.000634316,20.8588098445709,534.085663613495,28.3592719958751,20.9281328410244,-9.9e+37,632.367,638.825,99.343
20260514172659.2,2402.94900611043,9.7884766,0.68261134,2.002662,2.7312247,-0.000399755,-0.000711849,0.002411818,1.2110137,0.40625296,0.000635623,-0.00881259,4.1303034,0.60423812,288.484,287.978,288.998,-12.99,NaN,NaN,NaN,-0.0479158506982031,445.671143078382,65.8693148125832,12.0847624,288.484,287.978,288.998,0.296830800784468+0i,0.000635623,20.8583246688985,533.948024278961,28.3455703179975,20.9278082037352,-9.9e+37,-9.9e+37,161.83,-9.9e+37
20260514172701.4,2405.06300590932,9.7888482,0.52290109,2.0030554,2.7314542,-0.000398231,-0.000710216,0.002359548,1.2111011,0.4081386,0.000635187,-0.004717356,4.1305329,0.62858344,288.493,287.959,288.949,-12.99,NaN,NaN,NaN,-0.0230269645992962,445.821966130159,49.9072310660547,12.5716688,288.493,287.959,288.949,0.25326102170514+0i,0.000635187,20.8608726738599,542.46164275356,28.3592719958751,20.9278082037352,787.241,290.4,-9.9e+37,-9.9e+37
20260514172703.5,2407.16800354421,9.7884548,0.59063267,2.0026292,2.7307547,-0.000397359,-0.000711414,0.002382852,1.2109918,0.44260403,0.000633663,-0.049587077,4.130522,0.6665888,288.471,287.978,288.982,-13.35,NaN,NaN,NaN,-0.0499909789748756,445.362267983239,56.6765971665066,13.331776,288.471,287.978,288.982,0.286282065865538+0i,0.000633663,20.8607516575023,542.049976016621,27.5253380559775,20.9273063204033,1398.47,631.072,-9.9e+37,-9.9e+37
20260514172705.6,2409.2730011791,9.7884329,0.45770554,2.002651,2.7306455,-0.000401824,-0.000709889,0.00238601,1.2109918,0.16813998,0.000631267,-0.11280636,4.1303471,0.60094042,288.493,287.994,288.974,-13.04,NaN,NaN,NaN,-0.0486117778641528,445.290503812197,43.3913259879461,12.0188084,288.493,287.994,288.974,0.207508144525403+0i,0.000631267,20.8588098445709,543.010948825042,27.5253380559775,20.9289001899771,9.9e+37,402.315,305.435,544.337
20260514172707.7,2411.39900051057,9.7888155,0.4703922,2.002804,2.7311154,-0.000400844,-0.000710107,0.002395593,1.2110574,0.3495188,0.000634098,-0.095973384,4.1308826,0.5849168,288.505,287.971,288.99,-12.94,NaN,NaN,NaN,-0.0389320636467545,445.599313189235,44.6592817352055,11.698336,288.505,287.971,288.99,0.241415571166391+0i,0.000634098,20.8647551894809,533.536357542013,28.400252468799,20.9279262781096,9.9e+37,167.028,-9.9e+37,407.075
20260514172709.9,2413.59000653028,9.7888373,0.53127628,2.0028368,2.7311045,-0.000400735,-0.000707494,0.002416065,1.2109263,0.25638231,0.000632247,0.00576823,4.1302815,0.58159728,288.513,287.96,289.063,-12.98,NaN,NaN,NaN,-0.0368569353700678,445.592149915751,50.744281187591,11.6319456,288.513,287.96,289.063,0.244555597969535+0i,0.000632247,20.8580815259414,525.159127135271,27.5253380559775,20.928575552688,9.9e+37,501.621,-9.9e+37,462.78
20260514172712.1,2415.83200804889,9.7884438,0.57839453,2.0026292,2.730711,-0.00040128,-0.000709889,0.002379367,1.2109591,0.42557211,0.000633663,-0.000704989,4.1307405,0.76271194,288.501,287.98,289.137,-12.97,NaN,NaN,NaN,-0.0499909789748756,445.333549171201,55.4534683092057,15.2542388,288.501,287.98,289.137,0.251260714591698+0i,0.000633663,20.8631775358642,523.648848255371,28.2771864893189,20.9287232128965,1633.456,663.878,431.981,177.444
20260514172714.3,2418.02000664175,9.7888373,0.45232142,2.0030445,2.7306892,-0.000400191,-0.000713374,0.002420639,1.2109481,0.29303564,0.000634098,-0.00758186,4.130358,0.7602785,288.49,287.961,289.112,-13.07,NaN,NaN,NaN,-0.0237165651546434,445.319222624235,42.8532154136946,15.20557,288.49,287.961,289.112,0.211333074661052+0i,0.000634098,20.8589308609285,525.159127135271,27.5527414117323,20.9290774360199,559.457,539.635,513.987,-9.9e+37
20260514172716.4,2420.11700794101,9.7888592,0.59002813,2.002968,2.7309624,-0.000399428,-0.000710978,0.002417154,1.2109591,0.21587256,0.000629307,0.160784,4.1312652,0.71860009,288.528,287.95,289.071,-13.2,NaN,NaN,NaN,-0.0285564222633639,445.49876448805,56.6161770112058,14.3720018,288.528,287.95,289.071,0.270977550964019+0i,0.000629307,20.8690029746584,524.883848466193,27.5390397338547,20.9281624268585,-9.9e+37,500.006,659.887,252.315
20260514172718.6,2422.35600203276,9.7884985,0.52024613,2.0026838,2.7306017,-0.000401062,-0.000710652,0.002341254,1.2110028,0.14791949,0.00063094,-0.000715879,4.131593,0.53303752,288.49,287.931,289.074,-13.18,NaN,NaN,NaN,-0.0465366495874946,445.261719282053,49.6418837019144,10.6607504,288.49,287.931,289.074,0.241734826391857+0i,0.00063094,20.8726423473223,533.948024278961,27.5116363780999,20.9283985756074,-9.9e+37,-9.9e+37,227.126,541.412
20260514172720.7,2424.45700652897,9.788422,0.48632197,2.0026401,2.730722,-0.000400517,-0.000707929,0.002378387,1.2110465,0.12141022,0.000635405,-0.092999896,4.1312324,0.63309131,288.525,287.937,289.08,-13.3,NaN,NaN,NaN,-0.0493013784195284,445.340778162789,46.2513669194873,12.6618262,288.525,287.937,289.08,0.247636624697255+0i,0.000635405,20.8686388153437,525.982460609158,28.3455703179975,20.9280147666499,1597.265,-9.9e+37,388.584,669.408
20260514172722.8,2426.55900679529,9.7880613,0.53421823,2.0030008,2.7306564,-0.00040128,-0.000706731,0.00239886,1.2109918,0.14406527,0.000635187,0.003132706,4.1309919,0.68182893,288.527,287.936,289.101,-13.3,NaN,NaN,NaN,-0.0264812939866772,445.29766708568,51.0383114848205,13.6365786,288.527,287.936,289.101,0.260902315706619+0i,0.000635187,20.8659686837828,525.570793872214,27.7987488099843,20.9280147666499,1452.352,288.272,479.233,652.38
20260514172725,2428.74599955976,9.7880722,0.4871644,2.0027275,2.7311154,-0.000399537,-0.000712285,0.002352906,1.2110246,0.25321339,0.000632682,0.00553471,4.1311668,0.57381571,288.516,287.952,289.11,-13.34,NaN,NaN,NaN,-0.0437719207554323,445.599313189235,46.3355627567024,11.4763142,288.516,287.952,289.11,0.24073938314513+0i,0.000632682,20.8679104967142,524.334542394711,29.1658025800175,20.928280501233,-9.9e+37,-9.9e+37,-9.9e+37,430.534
20260514172727.3,2430.9840079397,9.7881269,0.51975617,2.0030554,2.7307766,-0.000400735,-0.00070978,0.002386663,1.2111449,0.16186977,0.000611992,-0.000732975,4.1311231,0.56033248,288.513,287.917,289.101,-13.37,NaN,NaN,NaN,-0.0230269645992962,445.37666024831,49.5929151319419,11.2066496,288.513,287.917,289.101,0.243727858888245+0i,0.000611992,20.8674253210418,524.334542394711,29.4801938069481,20.9284574783135,9.9e+37,-9.9e+37,-9.9e+37,579.677
20260514172729.5,2433.17599967122,9.7881378,0.54829185,2.0030445,2.7308313,-0.00039932,-0.000709236,0.002426955,1.2110246,0.27010234,0.000634098,-0.00743891,4.1309591,0.74923527,288.502,287.914,289.11,-13.48,NaN,NaN,NaN,-0.0237165651546434,445.412608051937,52.4448855842087,14.9847054,288.502,287.914,289.11,0.216853889922979+0i,0.000634098,20.865604524468,524.198154326854,29.5211742798724,20.9296086362237,9.9e+37,867.492,443.743,275.519
20260514172731.7,2435.38700155914,9.7878537,0.65488864,2.0026401,2.7307875,-0.00040324,-0.000709672,0.002372834,1.2110684,0.15910242,0.000634098,-0.004504575,4.1314947,0.64415311,288.508,287.917,289.126,-13.49,NaN,NaN,NaN,-0.0493013784195284,445.383823521793,63.0985968462668,12.8830622,288.508,287.917,289.126,0.246901977311411+0i,0.000634098,20.8715509796199,525.982460609158,30.6012401787298,20.9292544131004,-9.9e+37,605.556,402.079,294.396
20260514172733.8,2437.49200925231,9.788105,0.49620852,2.0027931,2.7311154,-0.000403893,-0.000709563,0.002379041,1.2110793,0.28057816,0.000635405,-0.11032192,4.131593,0.59888673,288.516,287.914,289.134,-13.52,NaN,NaN,NaN,-0.0396216642021017,445.599313189235,47.2394684287157,11.9777346,288.516,287.914,289.134,0.214917206002378+0i,0.000635405,20.8726423473223,525.708433206753,29.452915011902,20.9292544131004,-9.9e+37,-9.9e+37,237.27,425.88
20260514172736,2439.69500474632,9.7887717,0.35982331,2.0027385,2.7311154,-0.000402151,-0.000711523,0.002357044,1.2109809,0.27034678,0.000638781,0.00578569,4.1311122,0.57017865,288.516,287.898,289.145,-13.51,NaN,NaN,NaN,-0.0430759935894969,445.599313189235,33.6085828480602,11.403573,288.516,287.898,289.145,0.200679364911692+0i,0.000638781,20.8673043046841,524.334542394711,28.57800059908,20.9284870641477,9.9e+37,89.514,-9.9e+37,518.699
20260514172738.1,2441.78900867701,9.7881269,0.71312867,2.002804,2.7311154,-0.00039932,-0.000713483,0.002381654,1.2109372,0.129888,0.00063192,-0.10863957,4.1308498,0.64542876,288.506,287.893,289.129,-13.55,NaN,NaN,NaN,-0.0389320636467545,445.599313189235,68.9193393237242,12.9085752,288.506,287.893,289.129,0.271907734705164+0i,0.00063192,20.8643910301661,525.433154537676,28.3865507909218,20.9289297758113,9.9e+37,507.183,350.802,665.546
20260514172740.3,2443.98800097406,9.7881488,0.64218017,2.0028478,2.7311045,-0.000402804,-0.000712394,0.002408225,1.21097,0.45345848,0.000628871,0.001628967,4.1305985,0.680897,288.493,287.899,289.126,-13.61,NaN,NaN,NaN,-0.036161008204104,445.592149915751,61.8284613200232,13.61794,288.493,287.899,289.126,0.255725683841345+0i,0.000628871,20.8616009924894,525.296766469814,28.3865507909218,20.9289889474796,549.306,-9.9e+37,91.197,414.748
20260514172742.4,2446.09000124037,9.7883673,0.69548674,2.0028368,2.7311154,-0.000402369,-0.000709563,0.00240572,1.2111121,0.13990005,0.000631811,0.009618307,4.131593,0.70304025,288.528,287.902,289.156,-13.38,NaN,NaN,NaN,-0.0368569353700678,445.599313189235,67.1561339933813,14.060805,288.528,287.902,289.156,0.277751775845637+0i,0.000631811,20.8726423473223,525.982460609158,28.400252468799,20.9286347243563,9.9e+37,421.708,382.569,621.586
20260514172744.5,2448.19900207222,9.7880395,0.56411686,2.0027494,2.7311045,-0.000400735,-0.000712612,0.002384485,1.2110246,0.43784408,0.000636276,-0.019493061,4.131593,0.60295483,288.49,287.91,289.167,-13.56,NaN,NaN,NaN,-0.0423863930341355,445.592149915751,54.0265006333972,12.0590966,288.49,287.91,289.167,0.23308531098374+0i,0.000636276,20.8726423473223,524.060514992315,26.4316950399507,20.9292839989346,-9.9e+37,-9.9e+37,-9.9e+37,77.901
20260514172746.6,2450.30500553548,9.788422,0.51758135,2.0026401,2.730711,-0.000399973,-0.000711741,0.002379803,1.2108607,0.21427609,0.000634751,-0.11355011,4.1312433,0.63508499,288.505,287.914,289.183,-13.64,NaN,NaN,NaN,-0.0493013784195284,445.333549171201,49.3755548875392,12.7016998,288.505,287.914,289.183,0.23782869241627+0i,0.000634751,20.8687598317013,533.672745609879,27.5253380559775,20.9285166499818,9.9e+37,-9.9e+37,-9.9e+37,482.78
20260514172748.7,2452.44500599802,9.7885859,0.52899234,2.0027385,2.7299788,-0.000399102,-0.000709998,0.002380892,1.2108498,0.18474087,0.000628109,0.11024311,4.1309591,0.72366666,288.527,287.933,289.215,-13.67,NaN,NaN,NaN,-0.0430759935894969,444.852361203831,50.5160150521861,14.4733332,288.527,287.933,289.215,0.227913238634775+0i,0.000628109,20.865604524468,533.810384944418,26.4453967178283,20.9289889474796,9.9e+37,753.831,401.685,515.603
20260514172750.8,2454.53899987042,9.7885313,0.33715736,2.0026292,2.7301755,-0.000402042,-0.000708365,0.002436755,1.2108826,0.12445693,0.000635732,-0.050575846,4.1313307,0.62938659,288.513,287.908,289.235,-13.78,NaN,NaN,NaN,-0.0499909789748756,444.981628717054,31.3432567835488,12.5877318,288.513,287.908,289.235,0.179245316356487+0i,0.000635732,20.8697301830461,534.085663613495,27.5527414117323,20.9289593616454,-9.9e+37,-9.9e+37,389.541,701.217
20260514172752.9,2456.63700699806,9.788575,0.61110195,2.0026401,2.7298804,-0.000400844,-0.000710216,0.002442744,1.21097,0.45757896,0.000622773,-0.053015102,4.13144,0.63754134,288.475,287.933,289.194,-13.77,NaN,NaN,NaN,-0.0493013784195284,444.787694588167,58.7223792098704,12.7508268,288.475,287.933,289.194,0.237419081667619+0i,0.000622773,20.870943677348,532.16246672998,28.4139541466766,20.9292250962284,-9.9e+37,-9.9e+37,-9.9e+37,74.285
20260514172755,2458.74200463295,9.7884438,0.60440944,2.002651,2.7294651,-0.000403131,-0.000710434,0.002419441,1.2110137,0.13104034,0.000632138,-0.009295868,4.1312214,0.65592967,288.497,287.936,289.145,-13.79,NaN,NaN,NaN,-0.0486117778641528,444.51476729665,58.05350288481,13.1185934,288.497,287.936,289.145,0.259332463777131+0i,0.000632138,20.8685166887442,533.810384944418,29.4801938069481,20.9283985756074,1608.589,243.987,443.185,564.255
20260514172757.1,2460.85600443184,9.7886843,0.61844811,2.0027166,2.7291809,-0.000402151,-0.000710652,0.002472582,1.2109481,0.36116224,0.000634643,-0.097837448,4.1315821,0.58052351,288.502,287.968,289.137,-13.75,NaN,NaN,NaN,-0.0444615213108221,444.327996441247,59.4565839408466,11.6104702,288.502,287.968,289.137,0.24545471697703+0i,0.000634643,20.8725213309647,534.222051681357,30.5054529942968,20.9289001899771,726.309,-9.9e+37,-9.9e+37,377.233
20260514172759.2,2462.95700892806,9.7888155,0.52723983,2.0030445,2.7288202,-0.000403022,-0.000711414,0.002402126,1.2109372,0.42867993,0.000634098,-0.013578621,4.1310247,0.64680261,288.489,287.982,289.134,-13.82,NaN,NaN,NaN,-0.0237165651546434,444.090951235251,50.3408621650882,12.9360522,288.489,287.982,289.134,0.237036814767083+0i,0.000634098,20.8663328430975,532.300106064514,30.6012401787298,20.928546235816,9.9e+37,188.885,-9.9e+37,204.333
20260514172801.4,2465.07400609553,9.7885969,0.48275366,2.0027275,2.7281098,-0.000403022,-0.000708365,0.002419114,1.2109591,0.40534505,0.000633554,0.11051393,4.1309591,0.73059269,288.489,287.995,289.131,-13.86,NaN,NaN,NaN,-0.0437719207554323,443.624089814847,45.8947356885326,14.6118538,288.489,287.995,289.131,0.233455958127684+0i,0.000633554,20.865604524468,532.437745399057,30.6285189737764,20.928280501233,9.9e+37,950.877,-9.9e+37,-9.9e+37
20260514172803.4,2467.15200729668,9.7884985,0.55910375,2.0026838,2.7280989,-0.000401715,-0.000710652,0.002433706,1.2110137,0.11930196,0.000631049,-0.074755716,4.1310029,0.65545935,288.505,287.993,289.09,-13.9,NaN,NaN,NaN,-0.0465366495874946,443.616926541364,53.5254702884409,13.109187,288.505,287.993,289.09,0.235126577036092+0i,0.000631049,20.8660908103822,533.123439538397,30.6422206516536,20.928841287271,887.784,311.738,510.157,486.952
20260514172805.5,2469.24600116909,9.7888373,0.76610131,2.0028587,2.7285907,-0.000401171,-0.000708583,0.002406809,1.2109918,0.14973747,0.000636058,-0.081676114,4.1315493,0.61021042,288.519,288.001,289.104,-13.99,NaN,NaN,NaN,-0.0354714076487426,443.940128183473,74.2136376918922,12.2042084,288.519,288.001,289.104,0.232782071284062+0i,0.000636058,20.8721571716499,533.398718207478,29.507597162703,20.9301401053898,1144.564,-9.9e+37,308.881,672.758
20260514172807.6,2471.35200463235,9.788422,0.55969629,2.0026401,2.7281645,-0.000401062,-0.000710107,0.002386337,1.2110028,0.14076757,0.000633336,-0.001747774,4.131134,0.68479271,288.516,287.987,289.101,-14.03,NaN,NaN,NaN,-0.0493013784195284,443.660037618474,53.5846911155523,13.6958542,288.516,287.987,289.101,0.238541471008604+0i,0.000633336,20.8675463373994,533.810384944418,29.5622793135044,20.9287527987307,9.9e+37,306.979,435.215,732.21
20260514172809.7,2473.45700226724,9.788422,0.50668215,2.0026401,2.7281863,-0.000403675,-0.000713483,0.002403978,1.21097,0.41666111,0.000635078,-0.011227784,4.1311449,0.59958512,288.484,288.016,289.082,-14.03,NaN,NaN,NaN,-0.0493013784195284,443.67436416544,48.2862450707293,11.9917024,288.484,288.016,289.082,0.230284048556371+0i,0.000635078,20.8676673537571,533.536357542013,28.3729736737523,20.9286640412283,-9.9e+37,-9.9e+37,-9.9e+37,240.637
20260514172811.8,2475.53100027144,9.788575,0.58684937,2.002651,2.7283393,-0.000402478,-0.000709998,0.002383505,1.2110246,0.32515166,0.000633554,0.11623257,4.1314291,0.73942292,288.493,288.018,289.044,-14.08,NaN,NaN,NaN,-0.0486117778641528,443.774912866624,56.298478971599,14.7884584,288.493,288.018,289.044,0.25263173746447+0i,0.000633554,20.8708226609904,532.849412135996,27.4843575830532,20.928575552688,9.9e+37,834.816,341.573,139.269
20260514172813.9,2477.62500420213,9.7881488,0.63000532,2.0028696,2.7286016,-0.000402586,-0.00071076,0.002398968,1.2108716,0.13166125,0.000631376,0.006993489,4.1315384,0.71009722,288.52,288.013,289.009,-14.08,NaN,NaN,NaN,-0.0347818070933954,443.947291456957,60.6116579194812,14.2019444,288.52,288.013,289.009,0.267883315233413+0i,0.000631376,20.8720361552923,533.261078872935,27.0878808495668,20.9283985756074,-9.9e+37,430.382,708.679,421.874
20260514172816,2479.72300127149,9.7887936,0.50927491,2.0027603,2.7286235,-0.00040324,-0.000711196,0.002418025,1.2108826,0.42392654,0.000636494,-0.00094837,4.131604,0.59865866,288.49,287.999,289.012,-14.06,NaN,NaN,NaN,-0.0416967924787883,443.961683722028,48.5453759170879,11.9731732,288.49,287.999,289.012,0.231063710062146+0i,0.000636494,20.8727644739218,533.672745609879,26.4179933620735,20.9287232128965,-9.9e+37,-9.9e+37,-9.9e+37,-9.9e+37
20260514172818.1,2481.84400163591,9.7888482,0.63036761,2.0029789,2.7284814,-0.000403458,-0.000710107,0.002428697,1.2109591,0.41372897,0.000622446,0.10757495,4.1313635,0.72592223,288.497,288.014,289.009,-14.11,NaN,NaN,NaN,-0.0278668217080025,443.868298294326,60.6478666369588,14.5184446,288.497,288.014,289.009,0.271689146111709+0i,0.000622446,20.8700943423609,524.198154326854,27.4433771101294,20.9284574783135,9.9e+37,740.414,274.833,-9.9e+37
20260514172820.2,2483.9380055666,9.7888482,0.66475226,2.0029133,2.728547,-0.000402151,-0.000710325,0.00242837,1.2109591,0.14703013,0.000631376,-0.11175269,4.1314838,0.61851904,288.494,288.014,289.017,-14.13,NaN,NaN,NaN,-0.0320170782613616,443.911409371435,64.0844066392133,12.3703808,288.494,288.014,289.017,0.267561561236261+0i,0.000631376,20.8714299632622,524.609821063793,28.3318686401203,20.9287821156027,401.036,-9.9e+37,508.816,449.329
20260514172822.4,2486.06999963522,9.7881488,0.49343025,2.0029243,2.7285688,-0.000404111,-0.000709672,0.002383396,1.2110574,0.45175725,0.000635405,0.031760046,4.1314728,0.6533511,288.494,288.033,289.074,-14.23,NaN,NaN,NaN,-0.0313211510953977,443.925735918402,46.9617969679893,13.067022,288.494,288.033,289.074,0.240724196002395+0i,0.000635405,20.8713078366628,525.433154537676,27.5663185289013,20.9283689897732,508.577,392.16,-9.9e+37,-9.9e+37
20260514172824.5,2488.17600309849,9.7879739,0.42712929,2.0026729,2.7278584,-0.000402042,-0.000711414,0.002403978,1.21097,0.19077428,0.000632574,-0.11355632,4.1315165,0.61704697,288.497,288.025,289.096,-14.28,NaN,NaN,NaN,-0.047226250142856,443.458874497998,40.3354127753953,12.3409394,288.497,288.025,289.096,0.200970381369972+0i,0.000632574,20.8717930123352,534.222051681357,27.5390397338547,20.9290478501857,886.543,-9.9e+37,296.96,483.278
20260514172826.6,2490.29700346291,9.787799,0.66180158,2.002662,2.7274868,-0.000404438,-0.000708256,0.002399948,1.2110028,0.17021659,0.000635949,0.077543442,4.1309919,0.72963896,288.505,288.047,289.175,-14.38,NaN,NaN,NaN,-0.0479158506982031,443.214666018519,63.789503830726,14.5927792,288.505,288.047,289.175,0.215117829837832+0i,0.000635949,20.8659686837828,534.771357752839,27.5253380559775,20.9301990080959,9.9e+37,692.061,476.739,541.99
20260514172828.7,2492.42200702429,9.7879083,0.62504677,2.002662,2.7277163,-0.000403675,-0.000708691,0.002389059,1.2109809,0.11467515,0.000636058,0.046646073,4.1314182,0.63808587,288.519,288.036,289.191,-14.4,NaN,NaN,NaN,-0.0479158506982031,443.365489070296,60.1160805200259,12.7617174,288.519,288.036,289.191,0.179525291809011+0i,0.000636058,20.8707016446327,526.257739278235,26.4453967178283,20.9313504349683,-9.9e+37,-9.9e+37,479.902,689.791
20260514172830.8,2494.52000409365,9.7878755,0.48636671,2.0027275,2.727465,-0.000402042,-0.000709454,0.002400493,1.2110793,0.29638465,0.000636167,0.11888504,4.1309591,0.71090801,288.513,288.047,289.21,-14.47,NaN,NaN,NaN,-0.0437719207554323,443.200339471553,46.2558384147534,14.2181602,288.513,288.047,289.21,0.219406600413661+0i,0.000636167,20.865604524468,524.334542394711,26.5000788686293,20.929136338726,-9.9e+37,413.194,389.874,312.78
20260514172833,2496.71100005507,9.7886734,0.50331898,2.0028368,2.7268311,-0.000403566,-0.000709345,0.002379694,1.2111011,0.29004567,0.000633554,-0.00747928,4.1312105,0.74817896,288.497,288.039,289.199,-14.49,NaN,NaN,NaN,-0.0368569353700678,442.783752401742,47.9501163551721,14.9635792,288.497,288.039,289.199,0.259022792146613+0i,0.000633554,20.8683956723866,525.296766469814,27.5116363780999,20.9278082037352,-9.9e+37,188.626,676.783,128.93
20260514172835.2,2498.90200607479,9.7885641,0.46915365,2.0027166,2.726842,-0.00040226,-0.00071076,0.00240376,1.2110465,0.46359384,0.000638018,-0.003349954,4.1314947,0.72763,288.486,288.044,289.218,-14.5,NaN,NaN,NaN,-0.0444615213108221,442.790915675225,44.5354960744589,14.5526,288.486,288.044,289.218,0.184457640807848+0i,0.000638018,20.8715509796199,525.021487800736,27.5253380559775,20.9302285939301,-9.9e+37,-9.9e+37,542.241,178.778
20260514172837.3,2501.01600587368,9.7891652,0.63296582,2.002662,2.7270824,-0.000401389,-0.00071076,0.002365646,1.2110246,0.44766296,0.000636494,-0.019551102,4.1313854,0.68788416,288.497,288.05,289.175,-14.47,NaN,NaN,NaN,-0.0479158506982031,442.948902000486,60.9075421782034,13.7576832,288.497,288.05,289.175,0.239498742643081+0i,0.000636494,20.870337485318,534.497330350434,26.4726755128745,20.9293135847687,-9.9e+37,-9.9e+37,-9.9e+37,-9.9e+37
20260514172839.4,2503.11700031161,9.7893838,0.57121859,2.0028368,2.7268311,-0.000403458,-0.000711632,0.0024067,1.2111121,0.35969345,0.000618744,-0.10883693,4.1309482,0.64387157,288.491,288.05,289.08,-14.49,NaN,NaN,NaN,-0.0368569353700678,442.783752401742,54.7362760485958,12.8774314,288.491,288.05,289.08,0.235650667013302+0i,0.000618744,20.8654835081104,524.747460398332,27.4980592609309,20.9291955103943,790.767,-9.9e+37,-9.9e+37,-9.9e+37
20260514172841.5,2505.22300377488,9.7888264,0.63093396,2.0028259,2.7279896,-0.000403675,-0.000711087,0.002366953,1.211123,0.20205106,0.000636603,-0.10981077,4.1308608,0.63354636,288.505,288.036,289.061,-14.47,NaN,NaN,NaN,-0.0375465359254292,443.545096652217,60.7044699302969,12.6709272,288.505,288.036,289.061,0.240473522517256+0i,0.000636603,20.8645131567656,525.159127135271,28.3455703179975,20.929402073309,9.9e+37,197.488,185.533,486.283
20260514172843.6,2507.32000507414,9.788422,0.67236796,2.002651,2.7275524,-0.000401389,-0.000710543,0.002434686,1.2110902,0.1293664,0.000636494,0.017231197,4.1304017,0.67843628,288.516,288.036,289.039,-14.44,NaN,NaN,NaN,-0.0486117778641528,443.257777095629,64.8455502802034,13.5687256,288.516,288.036,289.039,0.287012516245004+0i,0.000636494,20.8594160366009,524.609821063793,29.4938954848258,20.9281920126927,9.9e+37,569.21,426.22,650.85
20260514172845.7,2509.4180021435,9.7887389,0.55966356,2.0027057,2.7285251,-0.000402586,-0.000711196,0.002361508,1.2110684,0.17644533,0.000635732,-0.10547109,4.1308717,0.60521586,288.519,288.033,289.063,-14.51,NaN,NaN,NaN,-0.0451511218661693,443.897017106364,53.5814199479157,12.1043172,288.519,288.033,289.063,0.239118297833944+0i,0.000635732,20.8646341731232,524.472181729254,30.4097903705715,20.9289001899771,340.712,-9.9e+37,198.293,677.457
20260514172847.8,2511.55500523746,9.788116,0.62896209,2.0029243,2.7287546,-0.000402151,-0.000710978,0.002366844,1.2110246,0.15004193,0.000635405,-0.001717936,4.1302487,0.61307817,288.5,288.039,289.088,-14.59,NaN,NaN,NaN,-0.0313211510953977,444.047840158141,60.507393323897,12.2615634,288.5,288.039,289.088,0.253297651741413+0i,0.000635405,20.8577173666266,528.592602898694,29.4938954848258,20.9288708731051,9.9e+37,-9.9e+37,200.205,808.026
20260514172850,2513.7540075928,9.788116,0.58831817,2.0028259,2.7298148,-0.000402042,-0.000709018,0.002355955,1.2110137,0.21210891,0.000631158,0.00603668,4.1309919,0.54341185,288.524,288.044,289.129,-14.57,NaN,NaN,NaN,-0.0375465359254292,444.744583511058,56.4452767419794,10.868237,288.524,288.044,289.129,0.219211417189927+0i,0.000631158,20.8659686837828,533.398718207478,29.4801938069481,20.9296086362237,9.9e+37,-9.9e+37,-9.9e+37,641.101
20260514172852.2,2515.94900675118,9.7877225,0.5768919,2.002662,2.7294541,-0.000401824,-0.000709236,0.002378496,1.2110356,0.4400811,0.000611557,-0.003320117,4.1308717,0.73293338,288.481,288.08,289.129,-14.65,NaN,NaN,NaN,-0.0479158506982031,444.507538305062,55.3032894327714,14.6586676,288.481,288.08,289.129,0.254102648708643+0i,0.000611557,20.8646341731232,525.021487800736,29.4801938069481,20.928546235816,1236.375,-9.9e+37,258.439,342.849
20260514172854.3,2518.03500428796,9.7881269,0.54073834,2.0028478,2.7305034,-0.000401171,-0.000710325,0.002391999,1.2110356,0.45243818,0.000634969,0.001357055,4.1308389,0.65855626,288.497,288.066,289.213,-14.73,NaN,NaN,NaN,-0.036161008204104,445.197118384495,51.6899574615601,13.1711252,288.497,288.066,289.213,0.267348048322175+0i,0.000634969,20.8642700138085,524.747460398332,29.466492129071,20.9278082037352,1450.979,294.305,-9.9e+37,-9.9e+37
20260514172856.4,2520.14100775123,9.7881488,0.64554006,2.0030554,2.7304378,-0.000404873,-0.000712938,0.002376645,1.2111121,0.16868996,0.000629307,0.035696405,4.130511,0.7455371,288.513,288.061,289.248,-14.8,NaN,NaN,NaN,-0.0230269645992962,445.154007307386,62.1642622192086,14.910742,288.513,288.061,289.248,0.269035055945275+0i,0.000629307,20.8606295309028,525.570793872214,29.4801938069481,20.928546235816,9.9e+37,801.824,549.97,334.861
20260514172858.5,2522.24200218916,9.7877334,0.61464081,2.002651,2.7306345,-0.000401497,-0.000712176,0.002390366,1.2109481,0.12940568,0.000632465,0.021377831,4.1310575,0.69002188,288.516,288.069,289.264,-14.87,NaN,NaN,NaN,-0.0486117778641528,445.283274820608,59.0760670895603,13.8004376,288.516,288.069,289.264,0.27617223784582+0i,0.000632465,20.8666970024123,532.849412135996,28.3865507909218,20.9279851808158,-9.9e+37,293.683,638.81,497.459
20260514172900.6,2524.34800565243,9.7881378,0.58093054,2.0027931,2.7311045,-0.000401606,-0.000711958,0.00239581,1.2111121,0.11639166,0.000628218,0.046001191,4.13144,0.62638025,288.521,288.063,289.308,-14.97,NaN,NaN,NaN,-0.0396216642021017,445.592149915751,55.7069273326687,12.527605,288.521,288.063,289.308,0.265711007795758+0i,0.000628218,20.870943677348,534.085663613495,28.3318686401203,20.9280443524841,-9.9e+37,-9.9e+37,554.451,663.158
20260514172902.7,2526.43400318921,9.788728,0.74017478,2.0027385,2.7310936,-0.000400953,-0.000707711,0.0024116,1.2110356,0.4437269,0.000638345,0.06118276,4.131604,0.65724242,288.497,288.066,289.286,-14.99,NaN,NaN,NaN,-0.0430759935894969,445.584986642268,71.6224361684027,13.1448484,288.497,288.066,289.286,0.272922084152258+0i,0.000638345,20.8727644739218,534.085663613495,27.5253380559775,20.9289001899771,-9.9e+37,-9.9e+37,-9.9e+37,-9.9e+37
20260514172904.8,2528.52700129151,9.7888264,0.71104332,2.0030663,2.7312575,-0.000401824,-0.000710543,0.002395048,1.2110246,0.30357912,0.000630613,0.11441325,4.1310466,0.75557857,288.494,288.05,289.286,-15.11,NaN,NaN,NaN,-0.0223373640439348,445.692698616936,68.7109210704134,15.1115714,288.494,288.05,289.286,0.294960654934117+0i,0.000630613,20.8665759860546,532.711772801457,28.3592719958751,20.9280739383182,-9.9e+37,644.656,567.389,-9.9e+37
20260514172906.9,2530.64100109041,9.7887171,0.62755223,2.0027057,2.7316619,-0.000400409,-0.000712176,0.002400275,1.2110137,0.4040574,0.000633989,0.084569161,4.1315712,0.70417294,288.497,288.052,289.305,-15.09,NaN,NaN,NaN,-0.0451511218661693,445.95846263497,60.3664862538068,14.0834588,288.497,288.052,289.305,0.28408410403086+0i,0.000633989,20.872400314607,533.810384944418,28.400252468799,20.9278082037352,-9.9e+37,394.226,446.759,-9.9e+37
20260514172909,2532.74200558662,9.7888045,0.6027726,2.0030336,2.7313231,-0.000403893,-0.000715443,0.002420312,1.2110465,0.33172522,0.000634316,0.10202695,4.1310684,0.74466957,288.502,288.055,289.354,-15.05,NaN,NaN,NaN,-0.0244061657100048,445.735809694046,57.8899105220176,14.8933914,288.502,288.055,289.354,0.257083960629477+0i,0.000634316,20.8668180187699,525.708433206753,28.3729736737523,20.9286640412283,-9.9e+37,638.496,641.014,-9.9e+37
20260514172911.2,2534.87100228667,9.7894494,0.41435534,2.0027275,2.7317056,-0.000398448,-0.000709672,0.002443507,1.2111339,0.43338095,0.000632138,-0.050795488,4.1315821,0.64434735,288.478,288.055,289.349,-15.11,NaN,NaN,NaN,-0.0437719207554323,445.987181447008,39.0587329149983,12.886947,288.478,288.055,289.349,0.196257610863122+0i,0.000632138,20.8725213309647,525.846072541292,28.3318686401203,20.9292544131004,-9.9e+37,266.483,379.019,-9.9e+37
20260514172913.3,2536.98799945414,9.7886297,0.67061325,2.002662,2.7315307,-0.000399646,-0.000711087,0.002375883,1.211123,0.1461517,0.00063584,-0.11015346,4.1315165,0.64303242,288.491,288.047,289.398,-15.14,NaN,NaN,NaN,-0.0479158506982031,445.872240480751,64.6701775162708,12.8606484,288.491,288.047,289.398,0.286254772036311+0i,0.00063584,20.8717930123352,524.198154326854,28.3729736737523,20.9282509153988,469.842,135.066,610.899,370.017
20260514172915.4,2539.12900574505,9.788422,0.4588055,2.002651,2.7318914,-0.000399646,-0.000713918,0.002410076,1.2111339,0.28210042,0.000630831,0.11919953,4.1310903,0.70456578,288.519,288.05,289.4,-15.15,NaN,NaN,NaN,-0.0486117778641528,446.109285686747,43.5012604075456,14.0913156,288.519,288.05,289.4,0.203219483023001+0i,0.000630831,20.867061161727,534.085663613495,28.3865507909218,20.9292250962284,997.24,705.466,526.586,230.799
20260514172917.5,2541.24199971557,9.7887827,0.56904158,2.0027385,2.7323286,-0.000400409,-0.000711196,0.002427063,1.2110465,0.11390365,0.000634207,0.043961796,4.131593,0.65397964,288.51,288.033,289.368,-15.17,NaN,NaN,NaN,-0.0430759935894969,446.396605243336,54.5186969267985,13.0795928,288.51,288.033,289.368,0.239401281406005+0i,0.000634207,20.8726423473223,533.398718207478,28.4139541466766,20.928841287271,-9.9e+37,213.73,783.371,471.027
20260514172919.7,2543.37499961257,9.7887499,0.34970431,2.0027385,2.7323286,-0.000398231,-0.000713265,0.002368369,1.2111011,0.43643421,0.000618962,-0.029283963,4.131593,0.58973131,288.491,288.036,289.376,-15.22,NaN,NaN,NaN,-0.0430759935894969,446.396605243336,32.5972493523633,11.7946262,288.491,288.036,289.376,0.245116968227731+0i,0.000618962,20.8726423473223,534.497330350434,29.4801938069481,20.9261847483273,-9.9e+37,-9.9e+37,-9.9e+37,-9.9e+37
20260514172921.8,2545.49599997699,9.7879411,0.54107116,2.002662,2.7327767,-0.000398557,-0.000712394,0.002354103,1.2111339,0.12639389,0.000637801,0.048703109,4.1315056,0.68659215,288.519,288.044,289.349,-15.21,NaN,NaN,NaN,-0.0479158506982031,446.691088073407,51.7232208288926,13.731843,288.519,288.044,289.349,0.286765287534935+0i,0.000637801,20.8716719959775,532.849412135996,27.5253380559775,20.9270405858203,9.9e+37,421.7,646.993,524.799
20260514172923.9,2547.59400710464,9.7881269,0.53513379,2.0030663,2.7325909,-0.000399428,-0.000712938,0.002389821,1.2111558,0.11893095,0.000612101,0.016730386,4.1310466,0.64546804,288.516,288.047,289.343,-15.27,NaN,NaN,NaN,-0.0223373640439348,446.568983833668,51.1298162279097,12.9093608,288.516,288.047,289.343,0.209566219370011+0i,0.000612101,20.8665759860546,526.531766680631,27.5253380559775,20.9297858822665,467.723,-9.9e+37,523.163,685.655
20260514172926,2549.70700107515,9.7877225,0.39607287,2.002651,2.7325363,-0.0004003,-0.000712285,0.002398533,1.2111995,0.17517295,0.000634207,-0.10260563,4.1311231,0.60212004,288.505,288.028,289.33,-15.42,NaN,NaN,NaN,-0.0486117778641528,446.533101748147,37.2315094447865,12.0424008,288.505,288.028,289.33,0.228096111204774+0i,0.000634207,20.8674253210418,525.708433206753,27.5253380559775,20.9278082037352,684.904,-9.9e+37,305.524,723.234
20260514172928.1,2551.82000510395,9.7884548,0.76577067,2.0026292,2.7326237,-0.00039932,-0.000711632,0.002385901,1.2111449,0.46316935,0.000635732,-0.066976569,4.1312761,0.62899701,288.481,288.05,289.311,-15.39,NaN,NaN,NaN,-0.0499909789748756,446.590539372223,74.1805922025141,12.5799402,288.481,288.05,289.311,0.294813214339058+0i,0.000635732,20.8691239910161,525.021487800736,28.2636093721494,20.928575552688,848.272,-9.9e+37,-9.9e+37,204.744
20260514172930.2,2553.92200537026,9.7888373,0.58274526,2.0029243,2.7329188,-0.000400191,-0.000710543,0.002375556,1.2112104,0.41898979,0.00063486,0.10587477,4.1314728,0.74003947,288.498,288.054,289.286,-15.43,NaN,NaN,NaN,-0.0313211510953977,446.784473501109,55.8882977369884,14.8007894,288.498,288.054,289.286,0.26426003406827+0i,0.00063486,20.8713078366628,534.085663613495,27.5116363780999,20.9281328410244,1639.052,690.331,120.819,-9.9e+37
20260514172932.3,2556.03900253773,9.7888373,0.62554764,2.0030554,2.7326565,-0.000398993,-0.000709672,0.00244612,1.2111121,0.11367668,0.000636385,0.047650852,4.1311559,0.69972616,288.523,288.029,289.27,-15.4,NaN,NaN,NaN,-0.0230269645992962,446.612094910777,60.1661394792106,13.9945232,288.523,288.029,289.27,0.273397097076468+0i,0.000636385,20.8677894803565,533.948024278961,28.3592719958751,20.9281328410244,821.429,487.364,683.077,412.167
20260514172934.4,2558.13300646842,9.7880395,0.52066516,2.0026947,2.7329079,-0.000397359,-0.000711414,0.002401364,1.2109809,0.26415733,0.000633336,0.1175845,4.1315603,0.72134562,288.523,288.024,289.286,-15.39,NaN,NaN,NaN,-0.045847049032119,446.777310227626,49.6837632428475,14.4269124,288.523,288.024,289.286,0.239780567833052+0i,0.000633336,20.8722792982494,534.3596910159,28.3455703179975,20.9284281614415,-9.9e+37,503.4,570.203,177.592
20260514172936.5,2560.23400090635,9.7879848,0.71917735,2.0028368,2.7324488,-0.000399646,-0.00070978,0.002330255,1.2110246,0.28687456,0.000633771,0.11132792,4.1309482,0.73793121,288.512,288.013,289.264,-15.51,NaN,NaN,NaN,-0.0368569353700678,446.475598405966,69.5238686931037,14.7586242,288.512,288.013,289.264,0.297256639382456+0i,0.000633771,20.8654835081104,534.3596910159,29.4801938069481,20.9279851808158,-9.9e+37,407.385,688.833,-9.9e+37
20260514172938.6,2562.34000436962,9.7881488,0.49955859,2.0028696,2.7329625,-0.000399973,-0.000715987,0.002391019,1.2111011,0.39347902,0.000618744,0.088716337,4.1315384,0.70900708,288.493,287.997,289.237,-15.19,NaN,NaN,NaN,-0.0347818070933954,446.813192313147,47.5742878776661,14.1801416,288.493,287.997,289.237,0.227170292133905+0i,0.000618744,20.8720361552923,525.570793872214,29.4801938069481,20.928841287271,-9.9e+37,286.009,578.637,-9.9e+37
20260514172940.8,2564.535003528,9.7880067,0.59938215,2.0027057,2.7328969,-0.000398666,-0.000710434,0.0023761,1.2110246,0.35929406,0.000633118,-0.00771608,4.1312433,0.75538433,288.483,288.017,289.226,-15.31,NaN,NaN,NaN,-0.0451511218661693,446.770081236038,57.5510553337099,15.1076866,288.483,288.017,289.226,0.238494566830682+0i,0.000633118,20.8687598317013,527.768018158139,29.4392133340243,20.9291659245601,-9.9e+37,133.374,818.311,-9.9e+37
20260514172943,2566.68400615454,9.7880285,0.47061372,2.0027057,2.7329079,-0.000399864,-0.000710543,0.00238895,1.2110137,0.33186599,0.000634425,0.16004851,4.131593,0.70654418,288.516,288.031,289.262,-15.36,NaN,NaN,NaN,-0.0451511218661693,446.777310227626,44.6814213335815,14.1308836,288.516,288.031,289.262,0.257986224918643+0i,0.000634425,20.8726423473223,533.398718207478,28.6463844277587,20.9273063204033,-9.9e+37,328.965,541.035,-9.9e+37
20260514172945.2,2568.86700578034,9.7878755,0.70273688,2.0027057,2.7324707,-0.000399755,-0.000711632,0.002367171,1.2110793,0.4041949,0.000630831,0.001519636,4.1315493,0.65620029,288.491,288.039,289.256,-15.46,NaN,NaN,NaN,-0.0451511218661693,446.489990671038,67.8807420999622,13.1240058,288.491,288.039,289.256,0.305525578860648+0i,0.000630831,20.8721571716499,533.398718207478,28.3865507909218,20.9276901293608,-9.9e+37,-9.9e+37,421.056,148.81
20260514172947.3,2570.99600248039,9.7878209,0.53916369,2.0026947,2.7324925,-0.000400191,-0.000710652,0.002388079,1.2110793,0.11618978,0.000631702,0.040212739,4.1310356,0.70898744,288.493,288.051,289.275,-15.48,NaN,NaN,NaN,-0.045847049032119,446.504317218004,51.5325806171092,14.1797488,288.493,288.051,289.275,0.28243304257777+0i,0.000631702,20.8664538594552,533.398718207478,28.400252468799,20.9271293433227,9.9e+37,424.827,593.179,501.157
20260514172949.4,2573.0980027467,9.7881269,0.78805575,2.0030445,2.7319679,-0.000399102,-0.000713483,0.002386228,1.2110356,0.23605378,0.000607963,0.094844538,4.1311122,0.73244887,288.514,288.027,289.278,-15.56,NaN,NaN,NaN,-0.0237165651546434,446.15956003734,76.4078525897346,14.6489774,288.514,288.027,289.278,0.339949343016515+0i,0.000607963,20.8673043046841,533.123439538397,27.5390397338547,20.9272767345692,-9.9e+37,320.808,615.654,310.2
20260514172951.5,2575.19500404596,9.7879302,0.65044406,2.0026838,2.7322193,-0.000398448,-0.000715987,0.002377843,1.21097,0.30112822,0.000633445,0.10529022,4.1315384,0.72503943,288.517,288.013,289.294,-15.56,NaN,NaN,NaN,-0.0465366495874946,446.324775354189,62.654387672603,14.5007886,288.517,288.013,289.294,0.28191252530122+0i,0.000633445,20.8720361552923,532.437745399057,28.3318686401203,20.9280739383182,-9.9e+37,274.803,637.894,-9.9e+37
20260514172953.6,2577.33200713992,9.7880722,0.81070422,2.0027603,2.7323614,-0.000398666,-0.000711632,0.002372071,1.2110902,0.15386559,0.000630831,-0.11385393,4.131593,0.6107353,288.493,288.018,289.302,-15.61,NaN,NaN,NaN,-0.0416967924787883,446.41816078189,78.6714316328501,12.214706,288.493,288.018,289.302,0.316282354313843+0i,0.000630831,20.8726423473223,532.987051470539,29.466492129071,20.9280147666499,-9.9e+37,-9.9e+37,483.206,481.639
20260514172955.7,2579.42600101233,9.7881378,0.72018782,2.0028696,2.7323286,-0.000399102,-0.000709454,0.002343432,1.2111449,0.33415975,0.000633445,0.11609906,4.1315384,0.76219142,288.514,288.002,289.338,-15.64,NaN,NaN,NaN,-0.0347818070933954,446.396605243336,69.6248591227309,15.2438284,288.514,288.002,289.338,0.312287285098521+0i,0.000633445,20.8720361552923,541.500669945139,29.5211742798724,20.9273948089436,613.111,499.44,416.858,89.636
20260514172957.8,2581.52700550854,9.7877334,0.6581656,2.0026401,2.7320226,-0.000398557,-0.000713047,0.002356281,1.2111558,0.38229717,0.000634207,0.10298512,4.131298,0.72680613,288.506,287.986,289.351,-15.69,NaN,NaN,NaN,-0.0493013784195284,446.195507840966,63.4261093882234,14.5361226,288.506,287.986,289.351,0.2962693591557+0i,0.000634207,20.8693671339732,537.243860707837,29.466492129071,20.9275424691522,-9.9e+37,402.952,508.228,-9.9e+37
20260514172959.9,2583.63300897181,9.7877225,0.51783015,2.0026401,2.7319242,-0.000400191,-0.000712285,0.002400493,1.2111121,0.36179516,0.000636167,-0.11343936,4.1311231,0.60457421,288.486,287.99,289.321,-15.78,NaN,NaN,NaN,-0.0493013784195284,446.130841225302,49.4004209586657,12.0914842,288.486,287.99,289.321,0.252361005206273+0i,0.000636167,20.8674253210418,532.849412135996,29.507597162703,20.9279558639438,-9.9e+37,-9.9e+37,201.052,-9.9e+37
20260514173002.1,2585.77000200748,9.7879192,0.61028899,2.002662,2.7321209,-0.000396924,-0.000712938,0.00238209,1.2110902,0.23961665,0.000633771,0.11265612,4.1314291,0.76505371,288.508,287.963,289.37,-15.78,NaN,NaN,NaN,-0.0479158506982031,446.260108738525,58.6411287228003,15.3010742,288.508,287.963,289.37,0.251009280959899+0i,0.000633771,20.8708226609904,532.987051470539,29.507597162703,20.9287232128965,1589.373,821.923,666.693,133.24
20260514173004.2,2587.90200613439,9.7882143,0.68507752,2.0030336,2.7321428,-0.000396488,-0.000711196,0.002395048,1.2111449,0.10712276,0.0006329,-0.062005933,4.1312324,0.6405957,288.521,287.947,289.235,-15.85,NaN,NaN,NaN,-0.0244061657100048,446.274501003596,66.1157947454242,12.811914,288.521,287.947,289.235,0.284967189742734+0i,0.0006329,20.8686388153437,533.123439538397,29.507597162703,20.9281624268585,-9.9e+37,-9.9e+37,685.162,551.376
20260514173006.3,2590.0040064007,9.7874493,0.44175505,2.002968,2.7322302,-0.000394964,-0.000716205,0.002382525,1.2111121,0.38359683,0.000633554,0.10983213,4.1313526,0.71413369,288.513,287.947,289.058,-15.89,NaN,NaN,NaN,-0.0285564222633639,446.331938627672,41.7971699636574,14.2826738,288.513,287.947,289.058,0.212803487234805+0i,0.000633554,20.8699733260032,524.472181729254,29.452915011902,20.9288708731051,-9.9e+37,397.39,376.619,-9.9e+37
20260514173008.4,2592.13300310075,9.7871432,0.59337383,2.0027166,2.7318258,-0.000398013,-0.000714245,0.002433924,1.2112432,0.16761946,0.000632574,-0.001484029,4.1305875,0.75065278,288.521,287.944,289.012,-15.88,NaN,NaN,NaN,-0.0444615213108221,446.066174609638,56.9505597048073,15.0130556,288.521,287.944,289.012,0.271862705969387+0i,0.000632574,20.8614788658899,523.373569586294,28.3592719958751,20.9281624268585,-9.9e+37,268.23,758.887,325.319
20260514173010.5,2594.23100017011,9.7874383,0.55855159,2.0030336,2.7320882,-0.000399755,-0.000717076,0.002380238,1.2112104,0.22122944,0.000631267,0.092483357,4.1311777,0.62137915,288.516,287.919,289.05,-15.89,NaN,NaN,NaN,-0.0244061657100048,446.238618918076,53.4702852006867,12.427583,288.516,287.919,289.05,0.25332960565122+0i,0.000631267,20.8680315130718,532.711772801457,28.3865507909218,20.9283100870671,-9.9e+37,374.555,627.464,184.654
20260514173012.6,2596.32800146937,9.7872853,0.72318761,2.002804,2.7318258,-0.000400953,-0.000710869,0.00239385,1.2111339,0.22295249,0.000613081,-0.11930281,4.1302378,0.56970723,288.502,287.914,289.069,-15.94,NaN,NaN,NaN,-0.0389320636467545,446.066174609638,69.9246701818332,11.3941446,288.502,287.914,289.069,0.296552650651939+0i,0.000613081,20.857596350269,532.987051470539,28.3729736737523,20.9281032551902,-9.9e+37,-9.9e+37,360.107,425.4
20260514173014.8,2598.47700409591,9.7879957,0.44135239,2.0026838,2.7322084,-0.000400191,-0.000711087,0.002385792,1.211123,0.44103593,0.000630505,-0.027340834,4.1308171,0.63970526,288.489,287.925,289.118,-15.92,NaN,NaN,NaN,-0.0465366495874946,446.317612080706,41.7569265062626,12.7941052,288.489,287.925,289.118,0.215715382780052+0i,0.000630505,20.8640279810932,533.536357542013,28.3592719958751,20.9286051385221,898.551,-9.9e+37,-9.9e+37,-9.9e+37
20260514173016.9,2600.5820017308,9.7878427,0.48094111,2.0026292,2.7314433,-0.000400191,-0.000713374,0.002401691,1.2111777,0.14288128,0.000622555,-0.096686536,4.1307187,0.652082,288.505,287.903,289.134,-15.92,NaN,NaN,NaN,-0.0499909789748756,445.814802856676,45.7135821627272,13.04164,288.505,287.903,289.134,0.241060522745877+0i,0.000622555,20.862935503149,534.908997087378,27.5116363780999,20.9280443524841,9.9e+37,232.076,343.72,604.596
20260514173019,2602.67600566149,9.7870558,0.68626259,2.0026401,2.7312466,-0.000398884,-0.000712612,0.002384812,1.2111667,0.14766414,0.000632138,-0.005331744,4.1303471,0.7146913,288.519,287.917,289.142,-16,NaN,NaN,NaN,-0.0493013784195284,445.685535343453,66.2342354002068,14.293826,288.519,287.917,289.142,0.295719590081418+0i,0.000632138,20.8588098445709,533.810384944418,27.5253380559775,20.9278966922755,9.9e+37,473.232,470.884,660.888
20260514173021.1,2604.76999953389,9.7870995,0.59733718,2.0026838,2.7312247,-0.000397795,-0.000706078,0.002419985,1.2110465,0.40766719,0.000633227,0.10525831,4.130981,0.71405839,288.497,287.925,289.186,-16.05,NaN,NaN,NaN,-0.0465366495874946,445.671143078382,57.3466728197564,14.2811678,288.497,287.925,289.186,0.28308027620292+0i,0.000633227,20.8658476674251,534.085663613495,27.5663185289013,20.9276309576925,-9.9e+37,348.753,242.524,-9.9e+37
20260514173023.2,2606.93000592291,9.7877225,0.64300077,2.0026401,2.730864,-0.000399973,-0.00071479,0.002354975,1.2110684,0.12857853,0.000636058,-0.10770779,4.1305001,0.63040798,288.516,287.933,289.191,-16.11,NaN,NaN,NaN,-0.0493013784195284,445.434097872386,61.9104753793738,12.6081596,288.516,287.933,289.191,0.26870607244513+0i,0.000636058,20.8605085145451,525.846072541292,27.5253380559775,20.9286051385221,-9.9e+37,-9.9e+37,469.212,534.446
20260514173025.4,2609.06600318849,9.7880176,0.70767797,2.0029133,2.7306236,-0.00039932,-0.000713265,0.002362271,1.211123,0.12631968,0.000635732,0.056295309,4.1302487,0.6352825,288.516,287.911,289.218,-16.14,NaN,NaN,NaN,-0.0320170782613616,445.276111547125,68.3745744769019,12.70565,288.516,287.911,289.218,0.308730684260357+0i,0.000635732,20.8577173666266,532.300106064514,28.1678221877164,20.9276605435266,1362.118,-9.9e+37,426.079,742.662
20260514173027.5,2611.19499988854,9.7881488,0.62757514,2.002815,2.7311264,-0.000399211,-0.000714899,0.002396682,1.2111667,0.12271423,0.000635623,0.030940933,4.1308826,0.62437784,288.524,287.933,289.27,-16.16,NaN,NaN,NaN,-0.0382361364807764,445.606542180823,60.3687759712084,12.4875568,288.524,287.933,289.27,0.284632379536431+0i,0.000635623,20.8647551894809,534.634969684977,28.3592719958751,20.9277786179011,1123.671,-9.9e+37,344.155,800.929
20260514173029.6,2613.28900381923,9.788116,0.42176045,2.0028259,2.7308203,-0.000397251,-0.000715661,0.002388623,1.2111558,0.44296522,0.000632138,0.10607546,4.1315493,0.68096575,288.5,287.947,289.313,-16.18,NaN,NaN,NaN,-0.0375465359254292,445.405379060348,39.7988293457049,13.619315,288.5,287.947,289.313,0.21927539427258+0i,0.000632138,20.8721571716499,534.085663613495,28.400252468799,20.9282509153988,184.849,187.879,-9.9e+37,100.716
20260514173031.7,2615.4060009867,9.788116,0.6652455,2.0028587,2.7304487,-0.000400082,-0.000713592,0.002364993,1.2110574,0.21713293,0.000635296,-0.11745224,4.1313963,0.60778352,288.516,287.949,289.316,-16.23,NaN,NaN,NaN,-0.0354714076487426,445.161170580869,64.1337030255576,12.1556704,288.516,287.949,289.316,0.275153312105539+0i,0.000635296,20.8704585016756,533.261078872935,27.5253380559775,20.9283985756074,530.605,-9.9e+37,143.529,457.533
20260514173033.8,2617.53100454807,9.7879739,0.65136506,2.0027931,2.7299569,-0.000399864,-0.000713156,0.002392326,1.2111011,0.4454063,0.000636712,-0.054773001,4.1309373,0.65219003,288.497,287.944,289.368,-16.31,NaN,NaN,NaN,-0.0396216642021017,444.83796893876,62.7464361111381,13.0438006,288.497,287.944,289.368,0.308296562088722+0i,0.000636712,20.8653624917527,534.3596910159,28.3729736737523,20.927217831863,9.9e+37,345.58,-9.9e+37,-9.9e+37
20260514173035.9,2619.63300481439,9.7888045,0.46604802,2.0030336,2.7294432,-0.000400735,-0.000711196,0.002416827,1.2111011,0.25838035,0.000635187,-0.11757813,4.1310029,0.61346665,288.489,287.927,289.422,-16.41,NaN,NaN,NaN,-0.0244061657100048,444.500375031579,44.2251069407262,12.269333,288.489,287.927,289.422,0.234575678294255+0i,0.000635187,20.8660908103822,532.300106064514,28.400252468799,20.9281624268585,9.9e+37,126.553,-9.9e+37,417.287
20260514173038,2621.74200564623,9.7879629,0.39745328,2.0027494,2.7293339,-0.000399646,-0.000713918,0.00238307,1.2110356,0.36532419,0.000633227,0.11596077,4.1309591,0.74938259,288.508,287.941,289.43,-16.41,NaN,NaN,NaN,-0.0423863930341355,444.428545142431,37.369473163612,14.9876518,288.508,287.941,289.43,0.220881672851105+0i,0.000633227,20.865604524468,534.3596910159,29.466492129071,20.9278671064414,9.9e+37,1014.404,286.117,-9.9e+37
20260514173040.1,2623.8590028137,9.7881378,0.52577322,2.0030554,2.7295416,-0.000399864,-0.00071076,0.002384376,1.2110356,0.39928764,0.000631702,0.1077751,4.1311231,0.74171232,288.5,287.925,289.444,-16.43,NaN,NaN,NaN,-0.0230269645992962,444.565041647243,50.1942832721023,14.8342464,288.5,287.925,289.444,0.269102782311606+0i,0.000631702,20.8674253210418,533.672745609879,29.466492129071,20.9274243947778,-9.9e+37,689.556,451.845,-9.9e+37
20260514173042.3,2625.96899941564,9.7879848,0.57371641,2.0027057,2.72917,-0.000402586,-0.000715225,0.00236728,1.2110574,0.39198295,0.000636712,0.10005333,4.1315493,0.7071389,288.501,287.923,289.468,-16.44,NaN,NaN,NaN,-0.0451511218661693,444.320833167764,54.9859182100961,14.142778,288.501,287.923,289.468,0.289365095731203+0i,0.000636712,20.8721571716499,532.987051470539,28.4412329417228,20.927217831863,-9.9e+37,635.295,527.973,-9.9e+37
20260514173044.4,2628.08200344443,9.7877444,0.65373848,2.0026401,2.7288202,-0.000400517,-0.00071283,0.002386337,1.2111121,0.42080344,0.000624733,-0.01505557,4.1311887,0.62129185,288.495,287.923,289.466,-16.54,NaN,NaN,NaN,-0.0493013784195284,444.090951235251,62.9836452370751,12.425837,288.495,287.923,289.466,0.297003258352914+0i,0.000624733,20.8681536396713,542.18761535116,27.5253380559775,20.9274539806119,-9.9e+37,201.745,258.956,-9.9e+37
20260514173046.5,2630.19100427628,9.788116,0.723264,2.002815,2.7298585,-0.000398884,-0.000711632,0.002411382,1.2110684,0.27089785,0.000632682,0.11269336,4.1309263,0.7607379,288.509,287.904,289.46,-16.61,NaN,NaN,NaN,-0.0382361364807764,444.773302323096,69.9323049051988,15.214758,288.509,287.904,289.46,0.342903650548131+0i,0.000632682,20.8652403651533,533.672745609879,28.3455703179975,20.9267159485312,697.084,937.16,704.75,-9.9e+37
20260514173048.6,2632.3130004108,9.7877771,0.5051326,2.0026292,2.7295306,-0.000402695,-0.0007088,0.002413125,1.2109481,0.3784746,0.000630722,0.089390617,4.1305985,0.7081592,288.493,287.904,289.419,-16.5,NaN,NaN,NaN,-0.0499909789748756,444.557812655654,48.1313768210745,14.163184,288.493,287.904,289.419,0.254815888286853+0i,0.000630722,20.8616009924894,533.398718207478,27.5253380559775,20.9278082037352,-9.9e+37,547.184,549.869,-9.9e+37
20260514173050.8,2634.51200276613,9.7884438,0.60867179,2.0026401,2.7294104,-0.000402151,-0.000715116,0.00241062,1.2110465,0.32491483,0.000636712,-0.00756658,4.1314838,0.750799,288.489,287.895,289.365,-16.58,NaN,NaN,NaN,-0.0493013784195284,444.478819493024,58.4794992604779,15.01598,288.489,287.895,289.365,0.279063385265758+0i,0.000636712,20.8714299632622,533.398718207478,28.3455703179975,20.9278377895694,-9.9e+37,363.856,849.124,-9.9e+37
20260514173053,2636.74200475216,9.7886515,0.70108147,2.002804,2.729946,-0.0004003,-0.000711523,0.00238013,1.2111011,0.12236068,0.000634969,-0.000547744,4.1315821,0.53955544,288.519,287.876,289.354,-16.62,NaN,NaN,NaN,-0.0389320636467545,444.830805665276,67.7152937767967,10.7911088,288.519,287.876,289.354,0.318605411229559+0i,0.000634969,20.8725213309647,534.085663613495,28.3865507909218,20.9272767345692,-9.9e+37,-9.9e+37,175.472,354.983
20260514173055.2,2638.86300511658,9.7881597,0.64793313,2.0030445,2.7300771,-0.000401062,-0.000713483,0.002423143,1.2110793,0.35468795,0.000623971,0.11419633,4.1310575,0.73168501,288.505,287.87,289.319,-16.65,NaN,NaN,NaN,-0.0237165651546434,444.91696210139,62.4034352450558,14.6337002,288.505,287.87,289.319,0.344190389211344+0i,0.000623971,20.8666970024123,534.3596910159,27.5527414117323,20.9260959908248,-9.9e+37,815.218,567.397,-9.9e+37
20260514173057.3,2640.97300171852,9.7887171,0.46290528,2.0028478,2.7305908,-0.000401062,-0.000711087,0.002359113,1.2110246,0.1490991,0.000636603,-0.11389912,4.1309373,0.60204911,288.505,287.898,289.313,-16.63,NaN,NaN,NaN,-0.036161008204104,445.25455600857,43.9110088845678,12.0409822,288.505,287.898,289.313,0.232298047695629+0i,0.000636603,20.8653624917527,543.422615561982,27.5116363780999,20.9280147666499,-9.9e+37,-9.9e+37,491.821,474.131
20260514173059.4,2643.08600574732,9.7892198,0.49361685,2.0030336,2.7308859,-0.000400735,-0.000713918,0.002390801,1.2110137,0.13035614,0.00061711,-0.034749316,4.1313198,0.62325388,288.516,287.895,289.354,-16.66,NaN,NaN,NaN,-0.0244061657100048,445.448490137457,46.9804465213342,12.4650776,288.516,287.895,289.354,0.254998885339778+0i,0.00061711,20.8696091666885,541.912336682078,27.5800202067785,20.9275128833181,1464.178,-9.9e+37,389.887,752.648
20260514173101.5,2645.23400254548,9.7887827,0.56268953,2.0027494,2.7311045,-0.000401062,-0.000713047,0.002371309,1.2110574,0.21470058,0.000637583,0.11089354,4.131287,0.70777181,288.505,287.908,289.362,-16.68,NaN,NaN,NaN,-0.0423863930341355,445.592149915751,53.8838475413512,14.1554362,288.505,287.908,289.362,0.316677192459054+0i,0.000637583,20.8692450073737,541.912336682078,29.466492129071,20.9259779164504,1321.672,415.149,488.496,528.448
20260514173103.6,2647.35600873828,9.7893291,0.47958253,2.0027603,2.7312138,-0.000399864,-0.000715552,0.002397117,1.2111558,0.13566824,0.000624624,0.01725352,4.1302706,0.6667503,288.532,287.917,289.373,-16.78,NaN,NaN,NaN,-0.0416967924787883,445.663979804898,45.5778002217662,13.335006,288.532,287.917,289.373,0.287850426508602+0i,0.000624624,20.8579605095837,542.18761535116,29.507597162703,20.9260959908248,-9.9e+37,-9.9e+37,639.513,594.12
20260514173105.8,2649.49200600386,9.7884657,0.63338595,2.0026729,2.7312466,-0.000401606,-0.000713483,0.002414758,1.2111558,0.43354791,0.000633554,-0.038241048,4.1303252,0.62187566,288.497,287.919,289.398,-16.79,NaN,NaN,NaN,-0.047226250142856,445.685535343453,60.9495316575539,12.4375132,288.497,287.919,289.398,0.289266596905393+0i,0.000633554,20.8585667016137,541.226642542738,28.2089272213479,20.9275424691522,-9.9e+37,-9.9e+37,-9.9e+37,-9.9e+37
20260514173107.9,2651.59799940884,9.7885313,0.57660271,2.0029898,2.7312794,-0.000401824,-0.000709127,0.002389603,1.2109918,0.37206254,0.000630396,-0.097598749,4.1302815,0.61538175,288.478,287.927,289.419,-16.77,NaN,NaN,NaN,-0.0271772211526553,445.707090882008,55.2743866228474,12.307635,288.478,287.927,289.419,0.313190947400791+0i,0.000630396,20.8580815259414,543.010948825042,27.5663185289013,20.9262732368676,781.573,-9.9e+37,-9.9e+37,171.393
20260514173110,2653.72300297022,9.7887608,0.71305992,2.0029789,2.7321647,-0.000401715,-0.000711741,0.002383941,1.2109809,0.21109407,0.000637692,-0.11487482,4.130675,0.59463638,288.502,287.908,289.446,-16.87,NaN,NaN,NaN,-0.0278668217080025,446.288893268668,68.9124681726392,11.8927276,288.502,287.908,289.446,0.349635069531854+0i,0.000637692,20.8624503274766,541.774697347543,27.5390397338547,20.9263028227017,9.9e+37,143.702,-9.9e+37,622.824
20260514173112.1,2655.83200380206,9.7886734,0.49310288,2.0026947,2.7322193,-0.000398775,-0.000711305,0.002368587,1.2109809,0.13913619,0.000612864,0.010499927,4.1308498,0.63340122,288.527,287.884,289.466,-16.92,NaN,NaN,NaN,-0.045847049032119,446.324775354189,46.9290782955428,12.6680244,288.527,287.884,289.466,0.297608205392308+0i,0.000612864,20.8643910301661,534.634969684977,27.4980592609309,20.926125576659,9.9e+37,298.42,228.465,786.278
20260514173114.2,2657.93400406837,9.7884329,0.54042734,2.002651,2.731957,-0.000402151,-0.00071479,0.002407898,1.2110793,0.1809543,0.000638018,0.079872936,4.1311887,0.69429294,288.527,287.917,289.471,-17.03,NaN,NaN,NaN,-0.0486117778641528,446.152396763857,51.6588748726519,13.8858588,288.527,287.917,289.471,0.300010733341331+0i,0.000638018,20.8681536396713,533.398718207478,27.5527414117323,20.9265682883226,9.9e+37,515.79,407.96,627.665
20260514173116.3,2660.05100123584,9.7884329,0.65154511,2.002651,2.7318914,-0.000403349,-0.000714354,0.002412145,1.2111121,0.42377704,0.000637147,0.10454842,4.1303689,0.70055986,288.483,287.919,289.457,-17.04,NaN,NaN,NaN,-0.0486117778641528,446.109285686747,62.7644310311796,14.0111972,288.483,287.919,289.457,0.303265027908504+0i,0.000637147,20.8590518772861,533.398718207478,27.5390397338547,20.9274243947778,-9.9e+37,267.373,190.84,-9.9e+37
20260514173118.5,2662.18400113285,9.7888373,0.48113754,2.0029352,2.7322849,-0.000403784,-0.000713592,0.00237806,1.2109153,0.29556186,0.000632138,0.11414537,4.1307296,0.76009299,288.505,287.933,289.444,-17.08,NaN,NaN,NaN,-0.0306315505400363,446.367886431298,45.7332141657472,15.2018598,288.505,287.933,289.444,0.240601368091491+0i,0.000632138,20.8630565195066,532.849412135996,27.5116363780999,20.9281032551902,-9.9e+37,594.315,646.356,-9.9e+37
20260514173120.6,2664.30500149727,9.7885204,0.64283163,2.0026838,2.7313559,-0.000403131,-0.000712612,0.00238601,1.2110574,0.12721667,0.00063584,0.03593347,4.1302815,0.68995859,288.51,287.947,289.446,-17.14,NaN,NaN,NaN,-0.0465366495874946,445.7573652326,61.8935708485445,13.7991718,288.51,287.947,289.446,0.290969652464557+0i,0.00063584,20.8580815259414,533.261078872935,28.3318686401203,20.9277197151949,-9.9e+37,-9.9e+37,777.271,441.698
20260514173122.7,2666.43000505865,9.7885969,0.56148918,2.0027057,2.7312138,-0.000404002,-0.000714027,0.002332651,1.2110793,0.43099662,0.00063094,0.087295685,4.1302596,0.70914894,288.497,287.941,289.433,-17.16,NaN,NaN,NaN,-0.0451511218661693,445.663979804898,53.7638797420074,14.1829788,288.497,287.941,289.433,0.252691743405513+0i,0.00063094,20.8578383829843,532.987051470539,29.452915011902,20.9283100870671,-9.9e+37,149.856,341.788,-9.9e+37
20260514173124.8,2668.53500269353,9.7887717,0.50349903,2.002968,2.7312466,-0.000402695,-0.0007088,0.002338967,1.2109044,0.39828152,0.000638454,-0.038016615,4.1302487,0.64215943,288.494,287.957,289.414,-17.17,NaN,NaN,NaN,-0.0285564222633639,445.685535343453,47.9681112752136,12.8431886,288.494,287.957,289.414,0.249225976632223+0i,0.000638454,20.8577173666266,533.398718207478,29.452915011902,20.9279262781096,-9.9e+37,-9.9e+37,-9.9e+37,-9.9e+37
20260514173126.9,2670.651999861,9.7888592,0.4335861,2.0029243,2.7316838,-0.000402369,-0.000714899,0.00235737,1.2110137,0.36347674,0.0006329,-0.11603193,4.1307296,0.63037088,288.491,287.966,289.417,-17.15,NaN,NaN,NaN,-0.0313211510953977,445.972854900042,40.9807322959359,12.6074176,288.491,287.966,289.417,0.212140046982006+0i,0.0006329,20.8630565195066,533.123439538397,29.4801938069481,20.9286347243563,9.9e+37,193.075,-9.9e+37,-9.9e+37
20260514173129.1,2672.85600118339,9.7888045,0.56157648,2.0030554,2.7314324,-0.000404111,-0.000718274,0.002417045,1.2110793,0.24218868,0.000635514,0.00530119,4.1302487,0.59971497,288.505,287.966,289.425,-17.14,NaN,NaN,NaN,-0.0230269645992962,445.807639583193,53.7726048545852,11.9942994,288.505,287.966,289.425,0.285596361133916+0i,0.000635514,20.8577173666266,532.711772801457,28.3455703179975,20.9272474176972,9.9e+37,587.383,-9.9e+37,305.049
20260514173131.4,2675.07800683379,9.7888373,0.49697565,2.0029243,2.7317165,-0.000403131,-0.000717621,0.002370764,1.2110574,0.43022621,0.000633554,-0.003019674,4.1302378,0.73033952,288.481,287.968,289.438,-17.2,NaN,NaN,NaN,-0.0313211510953977,445.994344720491,47.3161384815424,14.6067904,288.481,287.968,289.438,0.240299619741944+0i,0.000633554,20.857596350269,533.398718207478,28.3729736737523,20.9282213295647,1270.288,385.397,386.718,187.962
20260514173133.6,2677.29700505733,9.7886406,0.45898883,2.0026838,2.7321865,-0.000403675,-0.00071675,0.002391237,1.2109918,0.27113574,0.000636929,-0.00738434,4.1313198,0.73905081,288.497,287.952,289.446,-17.25,NaN,NaN,NaN,-0.0465366495874946,446.303219815634,43.5195831439589,14.7810162,288.497,287.952,289.446,0.245590914603937+0i,0.000636929,20.8696091666885,531.75079999304,28.3318686401203,20.9276901293608,9.9e+37,668.019,510.608,288.015
20260514173135.7,2679.44100871682,9.7894166,0.53085616,2.0028478,2.7318368,-0.000403349,-0.000716641,0.002381327,1.2110574,0.24291108,0.00063192,-0.1501292,4.1309373,0.59222695,288.508,287.971,289.441,-17.24,NaN,NaN,NaN,-0.036161008204104,446.073403601227,50.7022927076807,11.844539,288.508,287.971,289.441,0.24042570859533+0i,0.00063192,20.8653624917527,534.634969684977,28.3729736737523,20.9284870641477,-9.9e+37,-9.9e+37,201.282,574.066
20260514173137.8,2681.55500851572,9.7886734,0.43871815,2.0027931,2.7319679,-0.00040422,-0.00071577,0.00235541,1.2110574,0.26208835,0.000633663,0.17876421,4.1303689,0.72603681,288.51,288.001,289.463,-17.24,NaN,NaN,NaN,-0.0396216642021017,446.15956003734,41.4936499821294,14.5207362,288.51,288.001,289.463,0.230324384544855+0i,0.000633663,20.8590518772861,533.536357542013,28.3729736737523,20.9280147666499,9.9e+37,708.995,348.158,280.635
20260514173140,2683.68400521576,9.7885094,0.54652188,2.0026401,2.7326565,-0.000403893,-0.000712721,0.00238307,1.2110356,0.14790421,0.000633663,-0.15354475,4.1306094,0.60321345,288.508,287.979,289.485,-17.22,NaN,NaN,NaN,-0.0493013784195284,446.612094910777,52.2679876745953,12.064269,288.508,287.979,289.485,0.283016590381555+0i,0.000633663,20.861722008847,534.222051681357,27.703086186259,20.9271882460289,-9.9e+37,-9.9e+37,370.036,610.239
20260514173142.2,2685.91000400484,9.7888373,0.4166993,2.0028478,2.7329844,-0.000405962,-0.000714245,0.002387643,1.2110137,0.45663177,0.000635949,-0.001126743,4.1308389,0.75441533,288.494,287.985,289.52,-17.27,NaN,NaN,NaN,-0.036161008204104,446.827584578218,39.2929976902304,15.0883066,288.494,287.985,289.52,0.215063222365689+0i,0.000635949,20.8642700138085,533.672745609879,27.5253380559775,20.9283985756074,630.404,221.811,440.424,205.875
20260514173144.3,2688.0160074681,9.7892636,0.51570007,2.0027822,2.7330827,-0.000406398,-0.000714354,0.002388188,1.2111558,0.44463044,0.00063584,0.059402317,4.1309482,0.68190859,288.497,288.001,289.547,-17.34,NaN,NaN,NaN,-0.0403112647574631,446.892185475777,49.187532209529,13.6381718,288.497,288.001,289.547,0.244345128171566+0i,0.00063584,20.8654835081104,532.987051470539,27.5937218846561,20.928280501233,-9.9e+37,-9.9e+37,-9.9e+37,-9.9e+37
20260514173146.4,2690.12100510299,9.789351,0.50578079,2.002662,2.7333997,-0.000403566,-0.000716423,0.002374031,1.2111011,0.17489032,0.00061417,0.046491985,4.1314947,0.73451676,288.513,288.006,289.577,-17.37,NaN,NaN,NaN,-0.0479158506982031,447.100511869735,48.1961595326641,14.6903352,288.513,288.006,289.577,0.277991533510513+0i,0.00061417,20.8715509796199,532.574133466919,26.4590983957055,20.9270405858203,827.725,590.718,693.766,205.123
20260514173148.6,2692.31600426137,9.7895368,0.52569356,2.002815,2.7336183,-0.000405418,-0.000713483,0.002393741,1.2109918,0.31751957,0.000638345,-0.00722175,4.1310247,0.74196876,288.505,288.004,289.577,-17.48,NaN,NaN,NaN,-0.0382361364807764,447.244171648029,50.1863217318051,14.8393752,288.505,288.004,289.577,0.25168977046008+0i,0.000638345,20.8663328430975,533.810384944418,26.404416244904,20.9281328410244,-9.9e+37,-9.9e+37,722.48,244.843
20260514173150.7,2694.43800039589,9.7895477,0.44957043,2.0030663,2.7332467,-0.000403893,-0.000716641,0.002436211,1.2110028,0.40936952,0.000639434,0.15631649,4.1305766,0.69803803,288.497,287.998,289.601,-17.52,NaN,NaN,NaN,-0.0223373640439348,446.99996316855,42.5782704257188,13.9607606,288.497,287.998,289.601,0.23390221851702+0i,0.000639434,20.8613578495323,532.849412135996,26.4453967178283,20.9280739383182,-9.9e+37,137.649,277.91,-9.9e+37
20260514173152.8,2696.54300808907,9.7893729,0.50936002,2.0026838,2.7334981,-0.000405853,-0.000713592,0.002390583,1.2111011,0.40183457,0.000634098,0.12061798,4.1308936,0.70972839,288.494,288.017,289.585,-17.54,NaN,NaN,NaN,-0.0465366495874946,447.165178485399,48.5538821522711,14.1945678,288.494,288.017,289.585,0.268265666370764+0i,0.000634098,20.8648773160803,533.948024278961,26.4316950399507,20.9273948089436,-9.9e+37,425.467,385.649,-9.9e+37
20260514173154.9,2698.65200892091,9.7894056,0.62673926,2.0028478,2.7330827,-0.000404438,-0.000715334,0.002383941,1.2111339,0.25934063,0.000632356,0.11819218,4.1302378,0.7509485,288.513,288.012,289.523,-17.55,NaN,NaN,NaN,-0.036161008204104,446.892185475777,60.2852347672966,15.01897,288.513,288.012,289.523,0.233394530227957+0i,0.000632356,20.857596350269,533.672745609879,27.1699663561226,20.9294612449773,-9.9e+37,737.54,682.326,-9.9e+37
20260514173157.1,2700.76200552285,9.7895587,0.60605719,2.0029243,2.7335418,-0.000406724,-0.000717403,0.002386228,1.2109809,0.31732424,0.00062898,0.12639171,4.1305766,0.71513216,288.491,288.036,289.531,-17.57,NaN,NaN,NaN,-0.0313211510953977,447.193897297437,58.2181856368146,14.3026432,288.491,288.036,289.531,0.255950439848794+0i,0.00062898,20.8613578495323,534.222051681357,27.5390397338547,20.928575552688,-9.9e+37,552.534,648.586,-9.9e+37
20260514173159.3,2703.02300713956,9.7886624,0.41175603,2.0027822,2.7324598,-0.000406071,-0.000717185,0.002415303,1.2110465,0.11259309,0.000630287,-0.000499177,4.1312324,0.53741773,288.508,288.033,289.533,-17.62,NaN,NaN,NaN,-0.0403112647574631,446.482827397555,38.7989474353363,10.7483546,288.508,288.033,289.533,0.219770773304408+0i,0.000630287,20.8686388153437,533.672745609879,27.4980592609309,20.9281624268585,-9.9e+37,-9.9e+37,346.672,259.929
20260514173201.4,2705.12900054455,9.7888592,0.77081433,2.0028805,2.7329516,-0.000404111,-0.000712285,0.002374031,1.2110465,0.15462509,0.000611121,0.006565638,4.130828,0.71859899,288.527,288.066,289.501,-17.64,NaN,NaN,NaN,-0.0340922065380482,446.806029039664,74.6846758371525,14.3719798,288.527,288.066,289.501,0.292557196274319+0i,0.000611121,20.8641489974508,533.398718207478,27.5253380559775,20.9285166499818,737.185,676.833,774.069,374.247
20260514173203.5,2707.2460077703,9.7884985,0.55484795,2.0026292,2.7320116,-0.000404438,-0.000715225,0.002392326,1.2111121,0.18984564,0.000633554,0.026764787,4.1313089,0.69374732,288.51,288.069,289.539,-17.63,NaN,NaN,NaN,-0.0499909789748756,446.188278849378,53.1001285460763,13.8749464,288.51,288.069,289.539,0.265600260751747+0i,0.000633554,20.8694881503308,533.810384944418,28.3592719958751,20.9278377895694,-9.9e+37,358.416,739.371,366.701
20260514173205.6,2709.34800803661,9.7895587,0.62418797,2.0030663,2.7314652,-0.000401171,-0.000716205,0.002411709,1.2110574,0.11050775,0.000637909,-0.074275925,4.1311449,0.60957969,288.505,288.08,289.523,-17.66,NaN,NaN,NaN,-0.0223373640439348,445.829195121747,60.0302485992724,12.1915938,288.505,288.08,289.523,0.253998304795261+0i,0.000637909,20.8676673537571,532.024827395436,28.3865507909218,20.9287821156027,-9.9e+37,-9.9e+37,607.787,665.486
20260514173207.8,2711.46500520408,9.7889029,0.57556059,2.0029898,2.7315854,-0.000400082,-0.000717512,0.002361617,1.2110028,0.25069699,0.000636712,0.11457703,4.1313854,0.71730916,288.524,288.096,289.495,-17.75,NaN,NaN,NaN,-0.0271772211526553,445.908188284378,55.1702329651208,14.3461832,288.524,288.096,289.495,0.266594305351136+0i,0.000636712,20.870337485318,534.634969684977,28.400252468799,20.9279558639438,-9.9e+37,232.676,549.296,357.969
20260514173209.9,2713.57799917459,9.7893838,0.63224343,2.0028259,2.7305799,-0.000400409,-0.000714572,0.002366191,1.2111995,0.19135263,0.000635078,-0.11563338,4.1309263,0.57932753,288.502,288.11,289.493,-17.83,NaN,NaN,NaN,-0.0375465359254292,445.247392735087,60.8353436206428,11.5865506,288.502,288.11,289.493,0.280703800556838+0i,0.000635078,20.8652403651533,528.043296827216,28.3592719958751,20.9280739383182,-9.9e+37,-9.9e+37,227.847,600.047
20260514173212,2715.71900546551,9.7892089,0.35211156,2.0026947,2.7299788,-0.000403458,-0.000714136,0.002390692,1.2110574,0.36390778,0.00063682,0.11572468,4.1309919,0.75047272,288.491,288.126,289.517,-17.89,NaN,NaN,NaN,-0.045847049032119,444.852361203831,32.8378395843543,15.0094544,288.491,288.126,289.517,0.195303460644084+0i,0.00063682,20.8659686837828,524.609821063793,29.466492129071,20.928575552688,1449.261,574.748,317.098,132.996
20260514173214.1,2717.82800629735,9.7895259,0.5106193,2.002815,2.7301427,-0.000402369,-0.000714245,0.002365864,1.2111011,0.14438936,0.00063486,0.01824066,4.1315384,0.6840103,288.502,288.115,289.539,-17.95,NaN,NaN,NaN,-0.0382361364807764,444.960073178499,48.6797396524649,13.680206,288.502,288.115,289.539,0.210359454821992+0i,0.00063486,20.8720361552923,534.3596910159,29.5211742798724,20.9293431706029,-9.9e+37,247.207,705.127,430.897
20260514173216.2,2719.94500346482,9.7891324,0.4814038,2.002662,2.7294651,-0.000401933,-0.000716641,0.002395702,1.2111667,0.16276349,0.000635405,0.004320321,4.1312105,0.70107165,288.508,288.11,289.539,-17.95,NaN,NaN,NaN,-0.0479158506982031,444.51476729665,45.7598252593893,14.021433,288.508,288.11,289.539,0.235189867805513+0i,0.000635405,20.8683956723866,533.123439538397,30.5328563500511,20.9281920126927,-9.9e+37,-9.9e+37,647.203,517.656
20260514173218.3,2722.05500006676,9.7888482,0.52505191,2.0029352,2.7291372,-0.000405309,-0.000715661,0.002361399,1.2111011,0.16360701,0.000635187,-0.11449466,4.1307952,0.56312712,288.519,288.115,289.523,-17.93,NaN,NaN,NaN,-0.0306315505400363,444.299277629209,50.1221926540787,11.2625424,288.519,288.115,289.523,0.2482876179282+0i,0.000635187,20.8637848381361,532.849412135996,29.466492129071,20.9281624268585,-9.9e+37,-9.9e+37,218.892,646.741
20260514173220.5,2724.17600043118,9.7887608,0.58051915,2.0030117,2.7287984,-0.000401824,-0.000713047,0.002374903,1.211123,0.44199621,0.000634098,0.10638984,4.1310138,0.71001974,288.505,288.118,289.512,-17.94,NaN,NaN,NaN,-0.02579169343133,444.076624688284,55.6658113640162,14.2003948,288.505,288.118,289.512,0.24620478879674+0i,0.000634098,20.8662118267399,533.123439538397,29.5211742798724,20.9286640412283,982.225,384.299,-9.9e+37,-9.9e+37
20260514173222.6,2726.31300352514,9.7894822,0.55479776,2.0030336,2.7287984,-0.000403784,-0.00071675,0.0023761,1.2112869,0.22777245,0.000634207,-0.11904375,4.1309919,0.604165,288.508,288.099,289.509,-18.03,NaN,NaN,NaN,-0.0244061657100048,444.076624688284,53.0951123559242,12.0833,288.508,288.099,289.509,0.249369030159621+0i,0.000634207,20.8659686837828,532.987051470539,29.452915011902,20.9283689897732,469.42,-9.9e+37,184.029,419.673
20260514173224.7,2728.44500765204,9.7895477,0.70072682,2.0030226,2.7284486,-0.000400191,-0.000715661,0.002414976,1.2111339,0.13067805,0.000637583,0.038386559,4.1306531,0.65530985,288.513,288.101,289.547,-18.07,NaN,NaN,NaN,-0.0251020928759687,443.846742755772,67.6798486315996,13.106197,288.513,288.101,289.547,0.285201505065137+0i,0.000637583,20.8622071845194,524.747460398332,29.5211742798724,20.9284281614415,9.9e+37,222.294,327.99,727.802
20260514173226.8,2730.55500425398,9.7888155,0.42920481,2.0030554,2.7281972,-0.000403458,-0.000713374,0.002374031,1.2111121,0.45569877,0.000631158,-0.044498722,4.1309045,0.67067764,288.481,288.101,289.539,-18.11,NaN,NaN,NaN,-0.0230269645992962,443.681527438923,40.5428485790309,13.4135528,288.481,288.101,289.539,0.224261761029747+0i,0.000631158,20.864998332438,525.296766469814,29.4938954848258,20.928280501233,492.64,265.719,-9.9e+37,-9.9e+37
20260514173229,2732.66800828278,9.7887936,0.52869662,2.0030663,2.7282082,-0.000403131,-0.000714354,0.002384268,1.2112104,0.18670071,0.00063584,-0.11489627,4.1310356,0.61507948,288.494,288.077,289.528,-18.14,NaN,NaN,NaN,-0.0223373640439348,443.688756430511,50.4864596078391,12.3015896,288.494,288.077,289.528,0.256097596896131+0i,0.00063584,20.8664538594552,531.613160658497,28.3729736737523,20.9279851808158,1519.293,-9.9e+37,168.828,576.898
20260514173231.1,2734.77300591767,9.7885094,0.6108226,2.0026838,2.7280879,-0.00040324,-0.000714572,0.00240572,1.2112651,0.45760733,0.000637365,0.09121124,4.1302924,0.69466832,288.486,288.104,289.52,-18.16,NaN,NaN,NaN,-0.0465366495874946,443.609697549776,58.6944598490617,13.8933664,288.486,288.104,289.52,0.263315860881747+0i,0.000637365,20.858202542299,532.574133466919,29.452915011902,20.9283394039391,1624.736,633.726,-9.9e+37,-9.9e+37
20260514173233.2,2736.88300251961,9.7886187,0.59496594,2.0026401,2.7288202,-0.000401606,-0.000715225,0.002400711,1.2110902,0.11693727,0.000618417,0.053881964,4.131451,0.67631384,288.505,288.061,289.528,-18.21,NaN,NaN,NaN,-0.0493013784195284,444.090951235251,57.1096815717738,13.5262768,288.505,288.061,289.528,0.27182312240865+0i,0.000618417,20.8710658039475,533.810384944418,28.3865507909218,20.9279558639438,1203.032,427.121,550.505,538.415
20260514173235.4,2739.08200487494,9.7884438,0.67270297,2.002662,2.7287765,-0.000400953,-0.00071675,0.002359222,1.2110684,0.22005306,0.000633445,0.00484615,4.131593,0.55149679,288.502,288.069,289.523,-18.31,NaN,NaN,NaN,-0.0479158506982031,444.062232423213,64.8790325249305,11.0299358,288.502,288.069,289.523,0.247363900212635+0i,0.000633445,20.8726423473223,533.948024278961,28.4139541466766,20.9292544131004,472.672,119.661,-9.9e+37,422.348
20260514173237.5,2741.19900204241,9.7886078,0.43357737,2.002651,2.729006,-0.000400953,-0.000716314,0.002430766,1.2111995,0.22377637,0.000637038,-0.16883287,4.1312652,0.5994007,288.494,288.05,289.523,-18.3,NaN,NaN,NaN,-0.0486117778641528,444.21305547499,40.9798597846782,11.988014,288.494,288.05,289.523,0.239812761055396+0i,0.000637038,20.8690029746584,533.123439538397,28.4276558245533,20.9276016408205,1365.22,-9.9e+37,-9.9e+37,533.95
20260514173239.6,2743.30900870264,9.7881706,0.56374693,2.0029898,2.7290825,-0.000402804,-0.000716096,0.002400057,1.2111339,0.4515903,0.000637474,0.13221668,4.1305657,0.68884335,288.483,288.082,289.509,-18.41,NaN,NaN,NaN,-0.0271772211526553,444.263329825583,53.989528343639,13.776867,288.483,288.082,289.509,0.266120548126619+0i,0.000637474,20.8612368331747,533.672745609879,28.3865507909218,20.9278966922755,9.9e+37,684.56,-9.9e+37,-9.9e+37
20260514173241.8,2745.55900655687,9.7884985,0.58795479,2.0027057,2.7287328,-0.000403458,-0.000715334,0.002408878,1.2111995,0.17874129,0.000639107,-0.000857987,4.1315821,0.57278668,288.529,288.082,289.512,-18.46,NaN,NaN,NaN,-0.0451511218661693,444.033513611175,56.4089590855246,11.4557336,288.529,288.082,289.512,0.273951830669253+0i,0.000639107,20.8725213309647,533.672745609879,28.3182915229509,20.9278377895694,1230.788,189.925,-9.9e+37,454.375
20260514173244,2747.66400419176,9.7888482,0.53512942,2.0028915,2.7298257,-0.000402695,-0.00071479,0.002409749,1.2112432,0.15470475,0.000635514,-0.002532585,4.1314291,0.71796063,288.519,288.085,289.504,-18.53,NaN,NaN,NaN,-0.0333962793720701,444.751746784541,51.1293794725608,14.3592126,288.519,288.085,289.504,0.281073156351512+0i,0.000635514,20.8708226609904,533.810384944418,27.5253380559775,20.9271586601948,9.9e+37,871.572,498.145,529.184
20260514173246.1,2749.78100135922,9.7886406,0.67819185,2.002662,2.7296399,-0.000403675,-0.00071675,0.002415521,1.2111558,0.16008343,0.000638018,0.004114943,4.131451,0.69520739,288.513,288.088,289.523,-18.62,NaN,NaN,NaN,-0.0479158506982031,444.629642544801,65.4276132342754,13.9041478,288.513,288.088,289.523,0.310103747040265+0i,0.000638018,20.8710658039475,533.948024278961,27.5663185289013,20.9273948089436,-9.9e+37,307.113,564.368,507.612
20260514173248.2,2751.89900435507,9.7884438,0.49158933,2.0026401,2.7293995,-0.00040422,-0.000715879,0.002401909,1.211123,0.23194749,0.000615368,0.083593894,4.1310684,0.7107225,288.508,288.088,289.528,-18.7,NaN,NaN,NaN,-0.0493013784195284,444.471656219541,46.7778080304561,14.21445,288.508,288.088,289.528,0.233697198277426+0i,0.000615368,20.8668180187699,533.948024278961,27.4843575830532,20.9284281614415,-9.9e+37,246.962,572.557,330.982
20260514173250.3,2754.03500162065,9.788575,0.60342297,2.002651,2.7295744,-0.000403022,-0.000712721,0.002447971,1.2111886,0.38801851,0.000633009,-0.047806857,4.1313417,0.57904926,288.491,288.066,289.536,-18.68,NaN,NaN,NaN,-0.0486117778641528,444.586597185797,57.9549111115616,11.5809852,288.491,288.066,289.536,0.273515447455899+0i,0.000633009,20.8698523096456,534.3596910159,27.5527414117323,20.9279851808158,-9.9e+37,-9.9e+37,-9.9e+37,85.769
20260514173252.4,2756.12500235438,9.7884766,0.52042837,2.002968,2.7300115,-0.000403566,-0.000716532,0.002366409,1.2111339,0.45937185,0.000612755,0.03002436,4.1309701,0.707164,288.5,288.052,289.539,-18.7,NaN,NaN,NaN,-0.0285564222633639,444.87385102428,49.6600974993505,14.14328,288.5,288.052,289.539,0.303092519634612+0i,0.000612755,20.8657266510675,542.324003419026,27.4980592609309,20.9260666739528,843.031,575.681,134.97,-9.9e+37
20260514173254.5,2758.24600271881,9.7885313,0.46064531,2.0026838,2.7299678,-0.000400517,-0.000712612,0.002409858,1.2110902,0.12732362,0.000635296,-0.10747073,4.1310029,0.63559787,288.505,288.052,289.525,-18.74,NaN,NaN,NaN,-0.0465366495874946,444.845132212243,43.6851384072212,12.7119574,288.505,288.052,289.525,0.230977187547109+0i,0.000635296,20.8660908103822,542.049976016621,26.4726755128745,20.9281032551902,1083.43,184.974,502.944,523.874
20260514173256.6,2760.34399978817,9.7894712,0.46950503,2.0027494,2.7304706,-0.000402369,-0.000715552,0.002422381,1.2111667,0.43720353,0.000636167,-0.050184151,4.131593,0.60356155,288.486,288.006,289.544,-18.72,NaN,NaN,NaN,-0.0423863930341355,445.17556284594,44.5706144027243,12.071231,288.486,288.006,289.544,0.232050592911942+0i,0.000636167,20.8726423473223,533.123439538397,26.4316950399507,20.9283394039391,546.596,210.685,-9.9e+37,-9.9e+37
20260514173258.8,2762.46500015259,9.7892964,0.67859015,2.0027057,2.7299678,-0.000402804,-0.000711523,0.002385248,1.2112432,0.44206278,0.000635732,0.10225171,4.1303471,0.74498603,288.478,287.998,289.528,-18.75,NaN,NaN,NaN,-0.0451511218661693,444.845132212243,65.4674209357613,14.8997206,288.478,287.998,289.528,0.373510479892603+0i,0.000635732,20.8588098445709,533.672745609879,26.4179933620735,20.9255056189527,1084.665,825.584,249.428,-9.9e+37
20260514173300.9,2764.57000784576,9.7891652,0.48232588,2.0026292,2.730099,-0.000403458,-0.000716423,0.00244122,1.2110246,0.15056244,0.00063486,-0.11378217,4.130522,0.60750198,288.497,287.976,289.539,-18.79,NaN,NaN,NaN,-0.0499909789748756,444.931354366461,45.8519816374615,12.1500396,288.497,287.976,289.539,0.2341677224949+0i,0.00063486,20.8607516575023,533.398718207478,27.5390397338547,20.9283394039391,495.816,-9.9e+37,391.001,490.463
20260514173303,2766.67200811207,9.789198,0.64481767,2.0026729,2.7299788,-0.000403458,-0.000715987,0.002379149,1.2111995,0.12639607,0.00063682,-0.059551218,4.1310029,0.64042765,288.519,287.971,289.506,-18.78,NaN,NaN,NaN,-0.047226250142856,444.852361203831,62.0920636616479,12.808553,288.519,287.971,289.506,0.306888398358707+0i,0.00063682,20.8660908103822,532.987051470539,28.1542450705465,20.9272474176972,9.9e+37,113.241,263.902,775.061
20260514173305.1,2768.80900114775,9.789504,0.57715926,2.002804,2.7305143,-0.000400082,-0.000715879,0.002406156,1.2111011,0.389675,0.000634969,-0.005890051,4.1315712,0.56575807,288.483,287.982,289.506,-18.75,NaN,NaN,NaN,-0.0389320636467545,445.204281657978,55.3300104648308,11.3151614,288.483,287.982,289.506,0.286172173352788+0i,0.000634969,20.872400314607,534.085663613495,28.3592719958751,20.9273359062375,1223.901,-9.9e+37,-9.9e+37,411.822
20260514173307.3,2771.01599983871,9.7887827,0.52000606,2.0029898,2.7300115,-0.000403458,-0.000717621,0.002379476,1.2111995,0.29634536,0.000637583,0.00551616,4.130358,0.60615104,288.505,287.982,289.512,-18.76,NaN,NaN,NaN,-0.0271772211526553,444.87385102428,49.6178901420457,12.1230208,288.505,287.982,289.512,0.257147756699285+0i,0.000637583,20.8589308609285,533.261078872935,27.5253380559775,20.9278671064414,9.9e+37,372.497,-9.9e+37,345.442
20260514173309.5,2773.25800135732,9.7894603,0.60835206,2.002968,2.7306455,-0.000404438,-0.000714136,0.002381981,1.2112104,0.38530787,0.000614497,-0.00087345,4.1306422,0.77296514,288.5,288.014,289.468,-18.79,NaN,NaN,NaN,-0.0285564222633639,445.290503812197,58.4475441603119,15.4593028,288.5,288.014,289.468,0.291223172151124+0i,0.000614497,20.8620861681618,534.497330350434,26.404416244904,20.927483566446,9.9e+37,995.597,468.836,-9.9e+37
20260514173311.7,2775.37500858307,9.7893838,0.57574937,2.0026838,2.7309952,-0.000402478,-0.000714463,0.002386119,1.2112323,0.45082316,0.000638236,-0.060649646,4.1308389,0.64472928,288.491,287.995,289.466,-18.86,NaN,NaN,NaN,-0.0465366495874946,445.520320026604,55.1891003964201,12.8945856,288.491,287.995,289.466,0.263186335914557+0i,0.000638236,20.8642700138085,533.672745609879,26.4179933620735,20.9281624268585,-9.9e+37,283.764,-9.9e+37,-9.9e+37
20260514173313.8,2777.49200575054,9.7895477,0.57772233,2.0030554,2.7308422,-0.000401389,-0.000715552,0.002355628,1.2112979,0.175329,0.000636167,-0.004783238,4.1311012,0.7368509,288.51,288.031,289.444,-18.89,NaN,NaN,NaN,-0.0230269645992962,445.41977132542,55.3862859417971,14.737018,288.51,288.031,289.444,0.285064345400684+0i,0.000636167,20.8671821780847,533.398718207478,26.4316950399507,20.9274539806119,985.021,693.504,685.965,297.394
20260514173315.9,2779.63300198317,9.7894384,0.61395879,2.0029243,2.7306017,-0.00040324,-0.000715552,0.00238307,1.2112432,0.42021199,0.000635296,-0.043159963,4.1302706,0.62964194,288.478,288.039,289.438,-18.94,NaN,NaN,NaN,-0.0313211510953977,445.261719282053,59.0079032719167,12.5928388,288.478,288.039,289.438,0.264143184517131+0i,0.000635296,20.8579605095837,534.222051681357,24.9826803240694,20.9284574783135,-9.9e+37,150.446,-9.9e+37,-9.9e+37
20260514173318,2781.75000920892,9.7893401,0.77859917,2.0026729,2.7309406,-0.000398666,-0.000716423,0.002404522,1.2113525,0.34114361,0.000638998,0.11656982,4.1313854,0.76858822,288.51,288.063,289.441,-18.98,NaN,NaN,NaN,-0.047226250142856,445.484437941083,75.462724008972,15.3717644,288.51,288.063,289.441,0.321852436332992+0i,0.000638998,20.870337485318,533.123439538397,25.2833698731229,20.9278082037352,-9.9e+37,850.87,625.692,-9.9e+37
20260514173320.2,2783.87500271201,9.7884985,0.51079281,2.0026729,2.7306127,-0.000401389,-0.000717294,0.002435448,1.2113635,0.32850064,0.000637583,0.10760827,4.1310247,0.74649301,288.494,288.099,289.425,-19.05,NaN,NaN,NaN,-0.047226250142856,445.268948273642,48.6970809386432,14.9298602,288.494,288.099,289.425,0.251482182660261+0i,0.000637583,20.8663328430975,533.672745609879,24.5042426447344,20.9280739383182,-9.9e+37,609.658,677.175,-9.9e+37
20260514173322.3,2785.99600307643,9.7888482,0.62029665,2.0028915,2.7310826,-0.000400191,-0.000717185,0.002420965,1.2112651,0.11321727,0.000635187,0.058880817,4.1314838,0.68688241,288.529,288.074,289.425,-19.07,NaN,NaN,NaN,-0.0333962793720701,445.57775765068,59.6413344517801,13.7376482,288.529,288.074,289.425,0.278055742874849+0i,0.000635187,20.8714299632622,534.222051681357,25.3107732288772,20.9280443524841,-9.9e+37,-9.9e+37,815.535,408.09
20260514173324.4,2788.14500570297,9.7887171,0.63006425,2.0028915,2.7299897,-0.000402913,-0.000717621,0.002427063,1.2112979,0.36786458,0.00063682,-0.083163621,4.1309482,0.57871753,288.489,288.066,289.427,-19.06,NaN,NaN,NaN,-0.0333962793720701,444.859524477314,60.6175476203312,11.5743506,288.489,288.066,289.427,0.290511024134724+0i,0.00063682,20.8654835081104,532.987051470539,25.3107732288772,20.9277490320669,-9.9e+37,-9.9e+37,-9.9e+37,178.915
20260514173326.6,2790.2850061655,9.7891543,0.56805621,2.002651,2.7300006,-0.000402913,-0.000710434,0.002449387,1.2114072,0.20732169,0.000638345,0.090899037,4.1310794,0.72941744,288.516,288.066,289.433,-19.14,NaN,NaN,NaN,-0.0486117778641528,444.866687750797,54.4202150919675,14.5883488,288.516,288.066,289.433,0.243309356158005+0i,0.000638345,20.8669401453694,534.222051681357,26.4179933620735,20.9287527987307,9.9e+37,711.457,636.76,346.971
20260514173328.7,2792.41800606251,9.7895587,0.51117801,2.0030008,2.7302629,-0.000400953,-0.000712612,0.002436428,1.2112651,0.10530586,0.000611012,-0.024046745,4.131287,0.55424559,288.516,288.069,289.433,-19.18,NaN,NaN,NaN,-0.0264812939866772,445.039066341129,48.7355793735224,11.0849118,288.516,288.069,289.433,0.245000324442704+0i,0.000611012,20.8692450073737,534.497330350434,28.3182915229509,20.9281624268585,-9.9e+37,-9.9e+37,628.761,604.32
20260514173330.8,2794.55500915647,9.789504,0.52194408,2.0030336,2.7294323,-0.000402804,-0.000715225,0.002432726,1.2113197,0.42304155,0.000632356,0.1057527,4.1310138,0.72901368,288.486,288.077,289.417,-19.22,NaN,NaN,NaN,-0.0244061657100048,444.493211758096,49.8115836435113,14.5802736,288.486,288.077,289.417,0.256089596166351+0i,0.000632356,20.8662118267399,532.849412135996,28.3865507909218,20.9278966922755,-9.9e+37,257.836,288.074,-9.9e+37
20260514173333,2796.66399993002,9.7891652,0.35468686,2.0026401,2.7293886,-0.000401389,-0.00071577,0.002429132,1.2111339,0.10897894,0.000630396,0.009150057,4.1310903,0.66354864,288.5,288.061,289.362,-19.23,NaN,NaN,NaN,-0.0493013784195284,444.464492946058,33.0952254081973,13.2709728,288.5,288.061,289.362,0.220604316069941+0i,0.000630396,20.867061161727,533.948024278961,28.3865507909218,20.9273654920716,-9.9e+37,-9.9e+37,618.264,567.634
20260514173335.2,2798.87100867927,9.7895587,0.59513398,2.0030008,2.7296509,-0.00040226,-0.000715225,0.002436428,1.2111449,0.25028123,0.000638563,-0.00716937,4.1309373,0.7099139,288.489,288.058,289.368,-19.26,NaN,NaN,NaN,-0.0264812939866772,444.63687153639,57.1264761641857,14.198278,288.489,288.058,289.368,0.336907270696081+0i,0.000638563,20.8653624917527,525.159127135271,28.4139541466766,20.9260075022845,234.023,313.656,565.878,392.026
20260514173337.3,2800.99200904369,9.7894494,0.46790092,2.0027166,2.7291809,-0.000398993,-0.000715661,0.002438715,1.2111777,0.1670673,0.000635296,-0.13435875,4.131604,0.59150892,288.516,288.058,289.392,-19.53,NaN,NaN,NaN,-0.0444615213108221,444.327996441247,44.4102932075684,11.8301784,288.516,288.058,289.392,0.264182844423407+0i,0.000635296,20.8727644739218,525.846072541292,28.3455703179975,20.927217831863,-9.9e+37,-9.9e+37,364.937,714.869
20260514173339.4,2803.11299934983,9.7891871,0.69023576,2.002651,2.7287546,-0.000400844,-0.00071283,0.002404195,1.211276,0.2402812,0.000635187,-0.11522186,4.1310684,0.58483605,288.505,288.047,289.389,-19.42,NaN,NaN,NaN,-0.0486117778641528,444.047840158141,66.6313299653909,11.696721,288.505,288.047,289.389,0.327606774493413+0i,0.000635187,20.8668180187699,525.570793872214,27.5663185289013,20.9271293433227,1200.794,-9.9e+37,-9.9e+37,740.726
20260514173341.6,2805.32400123775,9.7888045,0.57893141,2.0030117,2.7287874,-0.000402804,-0.000716859,0.002398751,1.2111777,0.24925766,0.000638127,-0.004788901,4.130358,0.74350957,288.494,288.042,289.368,-19.43,NaN,NaN,NaN,-0.02579169343133,444.069395696696,55.5071262523987,14.8701914,288.494,288.042,289.368,0.284720003781945+0i,0.000638127,20.8589308609285,525.570793872214,27.5253380559775,20.9276016408205,9.9e+37,590.014,373.124,527.731
20260514173343.8,2807.46100433171,9.7884548,0.81246983,2.0026729,2.7287546,-0.00040128,-0.000719254,0.00241454,1.2113088,0.44803398,0.000635405,0.11046623,4.1303362,0.70725239,288.497,288.074,289.436,-19.5,NaN,NaN,NaN,-0.047226250142856,444.047840158141,78.8478937865548,14.1450478,288.497,288.074,289.436,0.30314440077191+0i,0.000635405,20.8586888282132,532.849412135996,27.5253380559775,20.9284574783135,-9.9e+37,260.869,235.597,-9.9e+37
20260514173345.9,2809.57800149918,9.7885641,0.41567136,2.0026401,2.7295525,-0.000401606,-0.000715007,0.002430113,1.2111995,0.19434696,0.000636494,-0.11699119,4.1305985,0.58546351,288.502,288.063,289.436,-19.55,NaN,NaN,NaN,-0.0493013784195284,444.572204920726,39.1902612386476,11.7092702,288.502,288.063,289.436,0.213139385161095+0i,0.000636494,20.8616009924894,534.085663613495,27.5116363780999,20.9284574783135,-9.9e+37,-9.9e+37,193.586,508.216
20260514173348,2811.71100139618,9.7888264,0.60691381,2.0030554,2.7295306,-0.000404547,-0.000717512,0.002366191,1.2111995,0.45573587,0.000635732,-0.034866923,4.1304455,0.66557287,288.481,288.042,289.387,-19.54,NaN,NaN,NaN,-0.0230269645992962,444.557812655654,58.3037996796136,13.3114574,288.481,288.042,289.387,0.250990162977144+0i,0.000635732,20.8599023225151,533.810384944418,27.5116363780999,20.9287527987307,1338.842,453.407,-9.9e+37,-9.9e+37
20260514173350.1,2813.8320017606,9.788105,0.59752268,2.0030445,2.7299569,-0.000401062,-0.000714245,0.002391128,1.2112542,0.19290763,0.000640523,-0.11440918,4.1310575,0.6064544,288.494,288.02,289.283,-19.54,NaN,NaN,NaN,-0.0237165651546434,444.83796893876,57.3652124346839,12.129088,288.494,288.02,289.283,0.268135040214256+0i,0.000640523,20.8666970024123,533.536357542013,27.5527414117323,20.9281328410244,9.9e+37,92.646,114.579,568.816
20260514173352.2,2815.93000888824,9.7874055,0.60967899,2.0030663,2.7301099,-0.000400626,-0.000717076,0.002415847,1.2111886,0.14728766,0.000629307,0.008243718,4.1310575,0.69161944,288.494,288.033,289.142,-19.55,NaN,NaN,NaN,-0.0223373640439348,444.938517639944,58.5801628731734,13.8323888,288.494,288.033,289.142,0.287739458538528+0i,0.000629307,20.8666970024123,534.497330350434,28.3182915229509,20.9275424691522,9.9e+37,612.868,412.444,684.442
20260514173354.4,2818.06300878525,9.7879083,0.46659036,2.0027603,2.7305799,-0.000402151,-0.000718492,0.002407244,1.211276,0.43426048,0.000636058,-0.051540005,4.1309591,0.62393262,288.481,288.004,288.985,-19.53,NaN,NaN,NaN,-0.0416967924787883,445.247392735087,44.2793105782453,12.4786524,288.481,288.004,288.985,0.25604029981908+0i,0.000636058,20.865604524468,532.16246672998,29.452915011902,20.9273359062375,-9.9e+37,-9.9e+37,-9.9e+37,-9.9e+37
20260514173356.5,2820.16800642014,9.7879411,0.43285498,2.0027931,2.7305799,-0.000399864,-0.000712394,0.00238209,1.2112104,0.30140212,0.000628762,-0.10860629,4.1309373,0.60065125,288.483,287.99,288.895,-19.62,NaN,NaN,NaN,-0.0396216642021017,445.247392735087,40.9076612271175,12.013025,288.483,287.99,288.895,0.246627334560007+0i,0.000628762,20.8653624917527,533.536357542013,30.6148172958992,20.9272474176972,1473.927,109.31,-9.9e+37,370.851
20260514173358.6,2822.26600348949,9.7878537,0.63848635,2.0026947,2.7312247,-0.000400409,-0.000714354,0.002408769,1.2111886,0.14242078,0.000635296,0.010172367,4.1310138,0.70734951,288.502,287.979,288.846,-19.66,NaN,NaN,NaN,-0.045847049032119,445.671143078382,61.4592861156478,14.1469902,288.502,287.979,288.846,0.308456357441881+0i,0.000635296,20.8662118267399,524.609821063793,29.4938954848258,20.9272767345692,9.9e+37,653.045,437.731,655.432
20260514173400.7,2824.36300478876,9.7879411,0.60433633,2.002651,2.7314761,-0.000401171,-0.00071381,0.002411709,1.2112432,0.44301433,0.000637583,-0.049989446,4.1314291,0.64329104,288.491,287.971,288.824,-19.67,NaN,NaN,NaN,-0.0486117778641528,445.83635839523,58.0461959778162,12.8658208,288.491,287.971,288.824,0.298209953744719+0i,0.000637583,20.8708226609904,525.708433206753,29.4801938069481,20.9273063204033,-9.9e+37,328.191,-9.9e+37,-9.9e+37
20260514173402.8,2826.4730013907,9.788728,0.43789209,2.0027166,2.731651,-0.000400409,-0.000712176,0.002374903,1.2111558,0.16174646,0.000637801,-0.11077449,4.1315712,0.60630381,288.508,287.982,288.77,-19.77,NaN,NaN,NaN,-0.0444615213108221,445.951299361487,41.4110902284526,12.1260762,288.508,287.982,288.77,0.251973668155219+0i,0.000637801,20.872400314607,532.574133466919,29.507597162703,20.9271586601948,1362.605,-9.9e+37,268.061,600.042
20260514173404.9,2828.58600541949,9.7888373,0.61995073,2.0029133,2.731651,-0.000401715,-0.00071381,0.002386772,1.2113307,0.3896499,0.00063584,0.11563833,4.1314838,0.75016391,288.508,287.985,288.783,-19.82,NaN,NaN,NaN,-0.0320170782613616,445.951299361487,59.6067618178408,15.0032782,288.508,287.985,288.783,0.268514963445477+0i,0.00063584,20.8714299632622,533.398718207478,29.4801938069481,20.9282213295647,1480.331,791.572,300.121,-9.9e+37
20260514173407,2830.70300258696,9.7886624,0.80994146,2.0027822,2.7311919,-0.000400409,-0.000717621,0.002418787,1.2111886,0.10986174,0.000635732,-0.072191889,4.1309373,0.63042981,288.508,287.985,288.794,-19.89,NaN,NaN,NaN,-0.0403112647574631,445.649587539827,78.5951983353723,12.6085962,288.508,287.985,288.794,0.333362696891365+0i,0.000635732,20.8653624917527,532.987051470539,28.3865507909218,20.9275720549863,-9.9e+37,-9.9e+37,482.263,625.675
20260514173409.1,2832.81600661576,9.7888045,0.47528964,2.002804,2.7317384,-0.000403022,-0.000719145,0.002345827,1.2112323,0.24390518,0.000634316,-0.11480098,4.1315275,0.5598316,288.486,287.96,288.857,-19.91,NaN,NaN,NaN,-0.0389320636467545,446.008736985562,45.1487515558564,11.196632,288.486,287.96,288.857,0.239001738056667+0i,0.000634316,20.8719151389346,533.123439538397,28.3729736737523,20.9280739383182,929.214,-9.9e+37,-9.9e+37,655.184
20260514173411.3,2834.98399928212,9.7884876,0.43671793,2.002651,2.7313777,-0.000399428,-0.000715987,0.002399295,1.2111777,0.26375685,0.000636603,-0.10719958,4.131298,0.57565989,288.491,287.957,288.911,-19.94,NaN,NaN,NaN,-0.0486117778641528,445.771691779566,41.2937399628821,11.5131978,288.491,287.957,288.911,0.221136389393491+0i,0.000636603,20.8693671339732,534.085663613495,28.3729736737523,20.9283394039391,9.9e+37,-9.9e+37,-9.9e+37,670.065
20260514173413.4,2837.09400594234,9.7888264,0.72958985,2.0030663,2.7307657,-0.00040128,-0.000716314,0.002466048,1.2112542,0.45849886,0.000635514,0.01351666,4.1311449,0.68502841,288.486,287.987,288.963,-19.99,NaN,NaN,NaN,-0.0223373640439348,445.369496974827,70.5645357574326,13.7005682,288.486,287.987,288.963,0.364147085006695+0i,0.000635514,20.8676673537571,533.672745609879,29.5348759577496,20.9260959908248,9.9e+37,660.73,-9.9e+37,-9.9e+37
20260514173415.5,2839.22700583935,9.7884657,0.54654588,2.0026292,2.7307547,-0.000400626,-0.000712938,0.002397226,1.2111777,0.35121676,0.00062996,0.11658375,4.131298,0.75067351,288.505,288.006,289.036,-20.01,NaN,NaN,NaN,-0.0499909789748756,445.362267983239,52.270386330974,15.0134702,288.505,288.006,289.036,0.264520170686798+0i,0.00062996,20.8693671339732,541.638309279682,29.466492129071,20.9276016408205,1255.005,971.302,437.853,-9.9e+37
20260514173417.6,2841.34400300682,9.7886843,0.58780093,2.0026947,2.7309843,-0.000401606,-0.000715007,0.002405067,1.2113635,0.34984508,0.000637692,-0.054993732,4.1315165,0.57365639,288.491,288.009,289.096,-20.06,NaN,NaN,NaN,-0.045847049032119,445.513156753121,56.3935816992564,11.4731278,288.491,288.009,289.096,0.289494102598669+0i,0.000637692,20.8717930123352,534.085663613495,29.507597162703,20.9272767345692,-9.9e+37,-9.9e+37,-9.9e+37,-9.9e+37
20260514173419.8,2843.46900656819,9.7881269,0.43334167,2.0028368,2.7311264,-0.000401715,-0.00071577,0.002452872,1.2111995,0.14862988,0.000633771,0.017129489,4.1315493,0.68746513,288.494,287.985,289.142,-20.14,NaN,NaN,NaN,-0.0368569353700678,445.606542180823,40.9563029801584,13.7493026,288.494,287.985,289.142,0.202267718672556+0i,0.000633771,20.8721571716499,532.849412135996,29.4801938069481,20.9290182643516,9.9e+37,736.421,636.875,500.399
20260514173421.9,2845.60900703073,9.7878646,0.50796871,2.0027166,2.7299678,-0.000401933,-0.000717294,0.002401582,1.2113088,0.14277871,0.000636058,-0.10590721,4.1302815,0.57014045,288.5,287.982,289.177,-20.23,NaN,NaN,NaN,-0.0444615213108221,444.845132212243,48.4148290436736,11.402809,288.5,287.982,289.177,0.244028890457558+0i,0.000636058,20.8580815259414,533.261078872935,28.4139541466766,20.9281920126927,-9.9e+37,-9.9e+37,237.698,728.269
20260514173424,2847.70700410008,9.7880941,0.46098905,2.0028478,2.7304706,-0.000402586,-0.000714681,0.002427608,1.2112651,0.41173203,0.000632682,-0.028175518,4.1308608,0.5893963,288.497,287.993,289.221,-20.29,NaN,NaN,NaN,-0.036161008204104,445.17556284594,43.7194931632061,11.787926,288.497,287.993,289.221,0.237283611205521+0i,0.000632682,20.8645131567656,533.672745609879,29.1521009021403,20.9279558639438,1011.691,-9.9e+37,-9.9e+37,282.259
20260514173426.1,2849.81300756335,9.7877662,0.48597824,2.0026292,2.7294213,-0.000401389,-0.000713918,0.002373922,1.2113525,0.45591265,0.000634643,0.093456337,4.1304127,0.70822576,288.481,287.987,289.273,-20.3,NaN,NaN,NaN,-0.0499909789748756,444.485982766507,46.2170131629426,14.1645152,288.481,287.987,289.273,0.239946691496483+0i,0.000634643,20.8595381632004,533.398718207478,28.3592719958751,20.9281328410244,1618.531,747.753,-9.9e+37,-9.9e+37
20260514173428.2,2851.92600153387,9.7877881,0.5252647,2.0026838,2.7293558,-0.000402042,-0.000718601,0.002456901,1.211276,0.40456701,0.000633989,-0.019721741,4.1302924,0.63202737,288.486,287.979,289.3,-20.35,NaN,NaN,NaN,-0.0465366495874946,444.442937407503,50.1434597411969,12.6405474,288.486,287.979,289.3,0.246842074387252+0i,0.000633989,20.858202542299,532.987051470539,28.3592719958751,20.9282509153988,232.692,484.446,-9.9e+37,-9.9e+37
20260514173430.3,2854.03900556266,9.7887171,0.54792411,2.0030445,2.729476,-0.000402369,-0.000712721,0.002433597,1.2112651,0.44166884,0.000634316,-0.061669995,4.1303689,0.67239742,288.489,287.96,289.33,-20.35,NaN,NaN,NaN,-0.0237165651546434,444.521930570133,52.4081321718451,13.4479484,288.489,287.96,289.33,0.273153999596095+0i,0.000634316,20.8590518772861,525.846072541292,28.3455703179975,20.9276901293608,778.255,719.404,-9.9e+37,-9.9e+37
20260514173432.4,2856.14500902593,9.7887717,0.52600019,2.0027603,2.7298367,-0.000401497,-0.000716532,0.002376209,1.2112651,0.44451368,0.000614497,0.052476668,4.131593,0.7163838,288.494,287.974,289.354,-20.41,NaN,NaN,NaN,-0.0416967924787883,444.758975776129,50.2169675653643,14.327676,288.494,287.974,289.354,0.283438352296716+0i,0.000614497,20.8726423473223,524.334542394711,27.5390397338547,20.9271882460289,394.964,898.381,210.103,-9.9e+37
20260514173434.6,2858.2729998976,9.7887608,0.38643184,2.0029571,2.7287656,-0.000402042,-0.000715334,0.002409749,1.2112432,0.16887438,0.000635949,-0.003069984,4.1305766,0.74142096,288.5,287.987,289.346,-20.39,NaN,NaN,NaN,-0.029246022818711,444.05506914973,36.2679461903129,14.8284192,288.5,287.987,289.346,0.200919834564151+0i,0.000635949,20.8613578495323,525.159127135271,27.5116363780999,20.9288117014368,187.202,864.961,762.971,148.453
20260514173436.7,2860.39100289345,9.7885204,0.5037151,2.002662,2.7293558,-0.000400626,-0.000715007,0.002422925,1.211276,0.35040816,0.000633336,-0.087080903,4.1303252,0.5873066,288.478,287.985,289.292,-20.42,NaN,NaN,NaN,-0.0479158506982031,444.442937407503,47.9897061787036,11.746132,288.478,287.985,289.292,0.246021313375816+0i,0.000633336,20.8585667016137,533.672745609879,27.5527414117323,20.9281032551902,-9.9e+37,-9.9e+37,-9.9e+37,-9.9e+37
20260514173438.8,2862.51600645483,9.7880285,0.47042166,2.0028805,2.7293448,-0.00040128,-0.000716859,0.002449605,1.211276,0.30711797,0.000636603,-0.10435938,4.1302487,0.58860189,288.5,287.957,289.243,-20.43,NaN,NaN,NaN,-0.0340922065380482,444.435708415915,44.6622260859105,11.7720378,288.5,287.957,289.243,0.255095983308764+0i,0.000636603,20.8577173666266,533.398718207478,28.3729736737523,20.9274243947778,1596.061,241.235,-9.9e+37,341.485
20260514173440.9,2864.64900635183,9.788116,0.72821927,2.0030445,2.7294432,-0.000398666,-0.000717839,0.002440893,1.2112869,0.13484655,0.00063192,-0.03127185,4.1302815,0.63665308,288.497,287.971,289.229,-20.45,NaN,NaN,NaN,-0.0237165651546434,444.500375031579,70.4275544882823,12.7330616,288.497,287.971,289.229,0.303465263451891+0i,0.00063192,20.8580815259414,532.16246672998,28.0858612418683,20.9279558639438,9.9e+37,415.693,286.834,727.808
20260514173443.1,2866.77000671625,9.7888592,0.48228223,2.0030336,2.7296181,-0.000402478,-0.000715552,0.002470731,1.2111995,0.14427042,0.000633989,-0.000873886,4.1305438,0.62696515,288.516,287.985,289.232,-20.5,NaN,NaN,NaN,-0.0244061657100048,444.615315997835,45.8476190811726,12.539303,288.516,287.985,289.232,0.240683676200706+0i,0.000633989,20.8609936902176,533.261078872935,27.5527414117323,20.9281032551902,9.9e+37,612.446,443.868,626.959
20260514173445.2,2868.87900754809,9.7886297,0.62625694,2.0027275,2.7299569,-0.000400735,-0.00071381,0.002400057,1.211276,0.37192177,0.000639325,-0.005111558,4.1306968,0.57076027,288.497,287.979,289.215,-20.54,NaN,NaN,NaN,-0.0437719207554323,444.83796893876,60.2370297696047,11.4152054,288.497,287.979,289.215,0.261955818626678+0i,0.000639325,20.8626923601918,533.810384944418,26.4179933620735,20.928575552688,-9.9e+37,-9.9e+37,-9.9e+37,272.768
20260514173447.3,2871.00000791252,9.7888155,0.47045985,2.0030773,2.730088,-0.000402586,-0.000715879,0.002473562,1.2112323,0.33731668,0.000637365,-0.064286419,4.1310575,0.5860484,288.478,287.974,289.215,-20.55,NaN,NaN,NaN,-0.0216414368779709,444.924125374873,44.6660429478732,11.720968,288.478,287.974,289.215,0.241995933262487+0i,0.000637365,20.8666970024123,532.987051470539,26.4179933620735,20.9279851808158,9.9e+37,117.089,-9.9e+37,374.622
20260514173449.5,2873.19900020957,9.7885969,0.56143571,2.0027166,2.7299678,-0.00040128,-0.000716859,0.002445249,1.211276,0.28361942,0.000637038,0.00567221,4.13144,0.61041885,288.516,287.976,289.226,-20.6,NaN,NaN,NaN,-0.0444615213108221,444.845132212243,53.7585357354836,12.208377,288.516,287.976,289.226,0.262607523659786+0i,0.000637038,20.870943677348,525.296766469814,25.3244749067544,20.928280501233,9.9e+37,527.584,-9.9e+37,261.757
20260514173451.6,2875.32000057399,9.7877334,0.55303106,2.0026182,2.7306455,-0.00040226,-0.00071871,0.002444487,1.2111886,0.24697918,0.000632465,-0.16191668,4.1312761,0.61018423,288.489,287.974,289.21,-20.59,NaN,NaN,NaN,-0.0506869061408253,445.290503812197,52.9185412632424,12.2036846,288.489,287.974,289.21,0.257821438531916+0i,0.000632465,20.8691239910161,533.536357542013,26.4316950399507,20.9281624268585,9.9e+37,322.21,-9.9e+37,483.063
20260514173453.8,2877.5510083884,9.7888045,0.46282343,2.0030008,2.7306673,-0.000399755,-0.000714027,0.002437517,1.2112104,0.40134024,0.000627129,-0.000986595,4.1313089,0.77009084,288.489,287.968,289.205,-20.59,NaN,NaN,NaN,-0.0264812939866772,445.304830359163,43.9028284668761,15.4018168,288.489,287.968,289.205,0.264495855319455+0i,0.000627129,20.8694881503308,532.711772801457,26.4179933620735,20.9270701716545,9.9e+37,972.855,395.308,169.059
20260514173456,2879.66800555587,9.7880941,0.47621391,2.0030226,2.7306782,-0.000400735,-0.000715116,0.002452218,1.2111886,0.12324785,0.000614279,0.054121099,4.1310356,0.64287528,288.51,287.963,289.196,-20.59,NaN,NaN,NaN,-0.0251020928759687,445.311993632646,45.2411268113231,12.8575056,288.51,287.963,289.196,0.23641765430607+0i,0.000614279,20.8664538594552,532.849412135996,27.224648506924,20.9282213295647,-9.9e+37,-9.9e+37,473.264,673.883
20260514173458.1,2881.82400874794,9.7884438,0.62263079,2.0026292,2.7301755,-0.000399102,-0.000715987,0.002419441,1.2112214,0.35315805,0.000638236,-0.006852907,4.1312105,0.5572574,288.489,287.963,289.202,-20.65,NaN,NaN,NaN,-0.0499909789748756,444.981628717054,59.8746177767772,11.145148,288.489,287.963,289.202,0.291944523178696+0i,0.000638236,20.8683956723866,533.398718207478,26.4179933620735,20.9276016408205,85.575,-9.9e+37,-9.9e+37,398.408
20260514173500.3,2884.02300104499,9.7887827,0.64039055,2.0027713,2.7304924,-0.000399646,-0.000717512,0.002427826,1.2112104,0.25388122,0.000635187,0.00552271,4.1311012,0.60326365,288.502,287.974,289.229,-20.67,NaN,NaN,NaN,-0.0410008653128102,445.189889392907,61.6495995104996,12.065273,288.502,287.974,289.229,0.30960639258265+0i,0.000635187,20.8671821780847,525.570793872214,27.4980592609309,20.9273063204033,9.9e+37,491.185,-9.9e+37,321.465
20260514173502.6,2886.27300895751,9.788728,0.54845008,2.0028368,2.7299788,-0.000402586,-0.000714899,0.002457554,1.2112869,0.10718387,0.000635078,-0.000436453,4.1315493,0.55113996,288.516,287.963,289.248,-20.73,NaN,NaN,NaN,-0.0368569353700678,444.852361203831,52.4606997258259,11.0227992,288.516,287.963,289.248,0.265915143727428+0i,0.000635078,20.8721571716499,533.672745609879,28.400252468799,20.9277786179011,9.9e+37,618.737,-9.9e+37,453.844
20260514173504.7,2888.41000199318,9.7881488,0.51253986,2.0029461,2.7303941,-0.0004003,-0.000715879,0.002393633,1.2112651,0.14903581,0.000635296,0.006962453,4.1314072,0.70021722,288.513,287.976,289.251,-20.74,NaN,NaN,NaN,-0.0299419499846891,445.125288495348,48.871688131415,14.0043444,288.513,287.976,289.251,0.240441522469991+0i,0.000635296,20.8705795180333,533.810384944418,29.4392133340243,20.9283100870671,1525.115,818.636,576.074,565.242
20260514173506.8,2890.5200086534,9.7879629,0.48690796,2.0027603,2.7299569,-0.00040226,-0.000714245,0.00240866,1.211276,0.30598091,0.000635623,-0.10490505,4.1309263,0.55614434,288.486,287.993,289.229,-20.75,NaN,NaN,NaN,-0.0416967924787883,444.83796893876,46.3099331132953,11.1228868,288.486,287.993,289.229,0.244837991727587+0i,0.000635623,20.8652403651533,533.123439538397,30.5601351450978,20.9278966922755,-9.9e+37,-9.9e+37,-9.9e+37,417.107
20260514173508.9,2892.62899942696,9.7880722,0.47876302,2.0029571,2.7300115,-0.000401933,-0.000715661,0.002419441,1.2111558,0.19618132,0.000634534,-0.10555124,4.130981,0.57837488,288.505,287.99,289.226,-20.82,NaN,NaN,NaN,-0.029246022818711,444.87385102428,45.4958951013928,11.5674976,288.505,287.99,289.226,0.242247321039692+0i,0.000634534,20.8658476674251,533.810384944418,30.5875385008526,20.9278966922755,9.9e+37,-9.9e+37,-9.9e+37,703.066
20260514173511,2894.73400712013,9.7881488,0.50497874,2.002968,2.7303504,-0.000399973,-0.000715879,0.002400384,1.2111339,0.15926392,0.000636603,-0.059905454,4.1313198,0.58956544,288.505,287.971,289.243,-20.89,NaN,NaN,NaN,-0.0285564222633639,445.09656968331,48.1159994348063,11.7913088,288.505,287.971,289.243,0.241672989059058+0i,0.000636603,20.8696091666885,533.810384944418,29.7263257659088,20.9281920126927,9.9e+37,141.213,-9.9e+37,849.174
20260514173513.2,2896.94500900805,9.7874602,0.60547666,2.0030117,2.7302739,-0.000398448,-0.000716968,0.002366626,1.2112869,0.21364536,0.000634751,0.00484396,4.1309482,0.59237099,288.51,287.995,289.254,-20.92,NaN,NaN,NaN,-0.02579169343133,445.046295332718,58.1601651373327,11.8474198,288.51,287.995,289.254,0.269059960077058+0i,0.000634751,20.8654835081104,533.261078872935,29.466492129071,20.9281032551902,9.9e+37,507.671,-9.9e+37,467.206
20260514173515.5,2899.2230091244,9.7873946,0.54278875,2.002662,2.7299788,-0.000400191,-0.000715007,0.002392217,1.2111558,0.12141567,0.000634969,-0.001189794,4.1315603,0.56141061,288.508,287.995,289.256,-20.99,NaN,NaN,NaN,-0.0479158506982031,444.852361203831,51.8948836709594,11.2282122,288.508,287.995,289.256,0.258776329416975+0i,0.000634969,20.8722792982494,532.711772801457,29.4938954848258,20.9279558639438,9.9e+37,674.248,-9.9e+37,442.699
20260514173517.8,2901.51200294495,9.7879957,0.56545034,2.0026947,2.7303722,-0.000398013,-0.00071479,0.002433162,1.2112104,0.17140603,0.000636058,-0.10211919,4.1315603,0.57593706,288.51,287.998,289.221,-21.04,NaN,NaN,NaN,-0.045847049032119,445.110896230276,54.159773979562,11.5187412,288.51,287.998,289.221,0.27962058937058+0i,0.000636058,20.8722792982494,534.085663613495,28.3455703179975,20.9274539806119,1050.023,266.697,244.464,669.769
20260514173519.9,2903.62100377679,9.7885641,0.46346835,2.0030663,2.7301099,-0.000400409,-0.000716532,0.002427608,1.2111339,0.46568027,0.000638998,0.10629837,4.1311231,0.69616658,288.489,288.004,289.267,-21.04,NaN,NaN,NaN,-0.0223373640439348,444.938517639944,43.9672843615341,13.9233316,288.489,288.004,289.267,0.218942735933576+0i,0.000638998,20.8674253210418,533.398718207478,28.4139541466766,20.9286936270624,987.542,719.729,-9.9e+37,-9.9e+37
20260514173522,2905.75400367379,9.7883018,0.63874388,2.0027603,2.729946,-0.000400735,-0.000717076,0.002373596,1.2112214,0.12548814,0.000620813,-0.012830508,4.1309373,0.6378076,288.51,287.979,289.267,-21.07,NaN,NaN,NaN,-0.0416967924787883,444.830805665276,61.4850246980321,12.756152,288.51,287.979,289.267,0.285219454408439+0i,0.000620813,20.8653624917527,533.398718207478,28.3729736737523,20.9278671064414,903.851,247.439,463.645,618.834
20260514173524.2,2907.96100236475,9.788728,0.64383011,2.0028478,2.7299569,-0.000400517,-0.000716314,0.002351272,1.2110684,0.23244073,0.000637801,0.00527827,4.1312433,0.57705668,288.502,287.987,289.289,-21.15,NaN,NaN,NaN,-0.036161008204104,444.83796893876,61.9933629494224,11.5411336,288.502,287.987,289.289,0.293604126650967+0i,0.000637801,20.8687598317013,525.570793872214,28.3045898450737,20.9278082037352,738.891,317.88,-9.9e+37,425.406
20260514173526.4,2910.08600592613,9.7888373,0.59792754,2.0029461,2.7310061,-0.000399211,-0.000716314,0.002369349,1.2111558,0.26464074,0.000637909,0.15874231,4.1312761,0.76917749,288.502,287.976,289.324,-21.2,NaN,NaN,NaN,-0.0299419499846891,445.527483300088,57.4056757689134,15.3835498,288.502,287.976,289.324,0.26277649547133+0i,0.000637909,20.8691239910161,533.536357542013,27.4980592609309,20.9283100870671,948.008,864.912,528.623,209.532
20260514173528.6,2912.3130004853,9.7888482,0.78951909,2.0029898,2.7309733,-0.000400953,-0.000716205,0.002423361,1.2110465,0.43988249,0.00063682,-0.002897276,4.1309263,0.69796383,288.478,287.974,289.332,-21.34,NaN,NaN,NaN,-0.0271772211526553,445.505927761533,76.5541046657889,13.9592766,288.478,287.974,289.332,0.33253537582803+0i,0.00063682,20.8652403651533,533.810384944418,27.5116363780999,20.927483566446,-9.9e+37,-9.9e+37,404.262,220.386
20260514173530.7,2914.4260045141,9.7888373,0.6396245,2.0030554,2.7308313,-0.000396053,-0.000714681,0.002391346,1.2111558,0.12778084,0.00063987,-0.056362002,4.1311887,0.63381589,288.502,287.985,289.376,-21.37,NaN,NaN,NaN,-0.0230269645992962,445.412608051937,61.5730373972099,12.6763178,288.502,287.985,289.376,0.295998732826765+0i,0.00063987,20.8681536396713,532.987051470539,28.3729736737523,20.9275424691522,1605.29,-9.9e+37,311.865,706.906
20260514173532.8,2916.54300168157,9.7886624,0.43577402,2.0026838,2.7309515,-0.000398122,-0.000716641,0.002398097,1.2111449,0.14674532,0.000639978,-0.10472015,4.1315165,0.57813372,288.494,287.963,289.368,-21.41,NaN,NaN,NaN,-0.0465366495874946,445.491601214567,41.1994018069454,11.5626744,288.494,287.963,289.368,0.248083862255845+0i,0.000639978,20.8717930123352,532.711772801457,27.9218147894644,20.9273359062375,1627.997,-9.9e+37,-9.9e+37,830.622
20260514173535.1,2918.76600310206,9.7887827,0.73254926,2.0027385,2.7317165,-0.000398775,-0.000715987,0.002394613,1.2112869,0.32278257,0.000636494,0.00551507,4.1311122,0.56817188,288.494,287.971,289.387,-21.44,NaN,NaN,NaN,-0.0430759935894969,445.994344720491,70.8603110771777,11.3634376,288.494,287.971,289.387,0.314611761434355+0i,0.000636494,20.8673043046841,532.987051470539,28.3455703179975,20.9276309576925,9.9e+37,-9.9e+37,-9.9e+37,472.789
20260514173537.3,2921.03500105441,9.7885422,0.58698577,2.0026401,2.7314433,-0.000398122,-0.000715443,0.002375774,1.2110684,0.44252109,0.000635623,-0.000535221,4.1311887,0.77132612,288.491,287.963,289.368,-21.44,NaN,NaN,NaN,-0.0493013784195284,445.814802856676,56.3121113353516,15.4265224,288.491,287.963,289.368,0.288232973486243+0i,0.000635623,20.8681536396713,533.261078872935,28.3318686401203,20.9273654920716,9.9e+37,357.636,313.209,230.152
20260514173539.4,2923.13700132072,9.7885204,0.63959067,2.002651,2.7314105,-0.000397904,-0.000714136,0.002408333,1.2111449,0.1718829,0.000634643,-0.11539718,4.131287,0.58935156,288.497,287.938,289.387,-21.44,NaN,NaN,NaN,-0.0486117778641528,445.793247318121,61.569656291156,11.7870312,288.497,287.938,289.387,0.278225968307159+0i,0.000634643,20.8692450073737,532.987051470539,28.3865507909218,20.9281032551902,9.9e+37,-9.9e+37,-9.9e+37,676.457
20260514173541.6,2925.27000121772,9.7888155,0.48187957,2.0030445,2.7313668,-0.000400517,-0.000716859,0.002429132,1.2111886,0.38662062,0.000621031,-0.009154086,4.1310684,0.60694655,288.478,287.949,289.373,-21.54,NaN,NaN,NaN,-0.0237165651546434,445.764528506083,45.8073756237779,12.138931,288.478,287.949,289.373,0.225140439705834+0i,0.000621031,20.8668180187699,533.536357542013,28.3455703179975,20.9286347243563,9.9e+37,-9.9e+37,-9.9e+37,346.759
20260514173543.7,2927.3950047791,9.788116,0.48056137,2.0030663,2.7307329,-0.000400735,-0.000715987,0.002380238,1.2112542,0.14878701,0.000635949,-0.083733035,4.1310575,0.62357361,288.505,287.941,289.362,-21.56,NaN,NaN,NaN,-0.0223373640439348,445.347941436272,45.6756294221742,12.4714722,288.505,287.941,289.362,0.243571018397143+0i,0.000635949,20.8666970024123,533.123439538397,28.3865507909218,20.9279558639438,9.9e+37,308.502,92.123,736.312
20260514173545.8,2929.52000834048,9.7881488,0.60627871,2.0029898,2.7309296,-0.000399102,-0.000716314,0.002446338,1.2112214,0.14170494,0.00063486,0.014578501,4.1313854,0.68552056,288.51,287.955,289.362,-21.52,NaN,NaN,NaN,-0.0271772211526553,445.477208949495,58.2403252351906,13.7104112,288.51,287.955,289.362,0.25672375212617+0i,0.00063486,20.870337485318,533.261078872935,28.3455703179975,20.928546235816,9.9e+37,406.396,277.044,747.021
20260514173547.9,2931.6410087049,9.7880504,0.51984892,2.0029133,2.730405,-0.000398993,-0.000714245,0.002399513,1.2111777,0.43128798,0.000633989,-0.052484781,4.1309701,0.59214511,288.497,287.938,289.351,-21.49,NaN,NaN,NaN,-0.0320170782613616,445.132451768831,49.6021849394057,11.8429022,288.497,287.938,289.351,0.266007457337143+0i,0.000633989,20.8657266510675,533.536357542013,29.452915011902,20.927483566446,150,-9.9e+37,-9.9e+37,210.091
20260514173550.1,2933.76200906932,9.788105,0.53435464,2.002804,2.7305034,-0.000397686,-0.000716968,0.002402017,1.2112323,0.45559511,0.000632465,0.097262561,4.131604,0.7162092,288.467,287.947,289.327,-21.53,NaN,NaN,NaN,-0.0389320636467545,445.197118384495,51.0519448480133,14.324184,288.467,287.947,289.327,0.24486221972911+0i,0.000632465,20.8727644739218,533.948024278961,28.5370201261562,20.9283689897732,1131.237,720.7,-9.9e+37,-9.9e+37
20260514173552.2,2935.87500303984,9.7877444,0.45043687,2.002662,2.7293995,-0.000396597,-0.000718383,0.002391999,1.2111339,0.4235457,0.000633771,0.10884533,4.1310903,0.74775884,288.491,287.96,289.305,-21.53,NaN,NaN,NaN,-0.0479158506982031,444.471656219541,42.6648659187528,14.9551768,288.491,287.96,289.305,0.245254222463379+0i,0.000633771,20.867061161727,534.908997087378,28.400252468799,20.9275424691522,-9.9e+37,838.576,419.12,-9.9e+37
20260514173554.3,2938.00399973989,9.7876679,0.36998484,2.0027822,2.7298695,-0.000398884,-0.000713918,0.002412907,1.2111558,0.10543245,0.000635405,-0.010750931,4.1315821,0.65282076,288.513,287.966,289.273,-21.57,NaN,NaN,NaN,-0.0403112647574631,444.780531314684,34.6241669627483,13.0564152,288.513,287.966,289.273,0.216550861251455+0i,0.000635405,20.8725213309647,533.536357542013,29.4938954848258,20.9277197151949,-9.9e+37,258.181,668.53,457.195
20260514173556.4,2940.14100283384,9.788116,0.56030302,2.0028259,2.7292465,-0.000397468,-0.000714245,0.002424014,1.2112104,0.36964656,0.00063584,0.11429194,4.1315603,0.72098442,288.491,287.99,289.281,-21.57,NaN,NaN,NaN,-0.0375465359254292,444.371107518356,53.6453301482476,14.4196884,288.491,287.99,289.281,0.266118981752898+0i,0.00063584,20.8722792982494,533.810384944418,28.3592719958751,20.9278671064414,-9.9e+37,580.907,439.744,-9.9e+37
20260514173558.6,2942.26600639522,9.7877116,0.7503385,2.002651,2.7288202,-0.000398884,-0.000715334,0.002422817,1.2111777,0.29933315,0.000631702,0.11415648,4.1311887,0.74498057,288.491,287.985,289.264,-21.56,NaN,NaN,NaN,-0.0486117778641528,444.090951235251,72.6382391604854,14.8996114,288.491,287.985,289.264,0.33739830485171+0i,0.000631702,20.8681536396713,534.771357752839,28.400252468799,20.9270405858203,-9.9e+37,490.714,709.236,-9.9e+37
20260514173600.7,2944.41400319338,9.7881269,0.67008728,2.0028696,2.7285798,-0.000394093,-0.000715443,0.002361073,1.2111339,0.12738582,0.000630722,-0.11373654,4.1315384,0.60395112,288.508,288.004,289.251,-21.58,NaN,NaN,NaN,-0.0347818070933954,443.93296490999,64.61760996229,12.0790224,288.508,288.004,289.251,0.311233819600359+0i,0.000630722,20.8720361552923,532.574133466919,28.3455703179975,20.9273063204033,-9.9e+37,-9.9e+37,384.658,553.367
20260514173602.8,2946.55900262296,9.7881269,0.53437428,2.0030773,2.7282519,-0.000399646,-0.000715443,0.002385139,1.2111339,0.40652904,0.000610903,0.11138705,4.1310684,0.71878232,288.494,287.995,289.243,-21.65,NaN,NaN,NaN,-0.0216414368779709,443.717475242549,51.0539077484832,14.3756464,288.494,287.995,289.243,0.255122852216274+0i,0.000610903,20.8668180187699,534.222051681357,28.3318686401203,20.9280147666499,567.994,576.038,266.014,-9.9e+37
20260514173605,2948.69100674987,9.7878537,0.60816108,2.0027166,2.7275087,-0.000395617,-0.000711196,0.002371636,1.2110574,0.13104143,0.000636167,-0.11126996,4.1309591,0.60679596,288.508,288.006,289.264,-21.67,NaN,NaN,NaN,-0.0444615213108221,443.229058283591,58.4284568521779,12.1359192,288.508,288.006,289.264,0.255634857244271+0i,0.000636167,20.865604524468,534.222051681357,28.3455703179975,20.928575552688,-9.9e+37,-9.9e+37,393.011,569.09
20260514173607.1,2950.80100335181,9.7878755,0.52196809,2.0026292,2.7276945,-0.000395835,-0.00071479,0.002373705,1.2110246,0.44688383,0.000611339,0.10277234,4.1313854,0.68993567,288.478,288.004,289.273,-21.67,NaN,NaN,NaN,-0.0499909789748756,443.35116252333,49.8139832993302,13.7987134,288.478,288.004,289.273,0.276497677057678+0i,0.000611339,20.870337485318,534.085663613495,28.3729736737523,20.9271586601948,562.443,531.481,-9.9e+37,-9.9e+37
20260514173609.2,2952.92600691319,9.7887936,0.6206131,2.0027931,2.7280114,-0.000394528,-0.000717076,0.002370438,1.2111121,0.12530481,0.00063192,-0.087645526,4.1315603,0.63160615,288.505,288.014,289.286,-21.74,NaN,NaN,NaN,-0.0396216642021017,443.559423199183,59.6729617355742,12.632123,288.505,288.014,289.286,0.290115946254758+0i,0.00063192,20.8722792982494,533.536357542013,28.3592719958751,20.9275720549863,776.216,-9.9e+37,514.804,554.431
20260514173611.3,2955.05500361323,9.7884548,0.55260111,2.0026182,2.72823,-0.000397686,-0.000717294,0.002410294,1.2111121,0.14507138,0.000621575,-0.075430541,4.1311887,0.57761539,288.483,288.012,289.264,-21.83,NaN,NaN,NaN,-0.0506869061408253,443.703082977477,52.875570333657,11.5523078,288.483,288.012,289.264,0.244622438365829+0i,0.000621575,20.8681536396713,532.987051470539,29.3982328611005,20.9285166499818,1318.436,-9.9e+37,219.189,770.257
20260514173613.5,2957.18800351024,9.7892198,0.74638826,2.0026838,2.7281098,-0.000394964,-0.000716314,0.002389495,1.2112323,0.14942211,0.000633445,-0.006126354,4.1310356,0.69115785,288.5,288.036,289.311,-21.96,NaN,NaN,NaN,-0.0465366495874946,443.624089814847,72.2434363115831,13.823157,288.5,288.036,289.311,0.285158573584631+0i,0.000633445,20.8664538594552,533.810384944418,29.4801938069481,20.9285166499818,9.9e+37,337.16,416.186,703.669
20260514173615.7,2959.36699993908,9.7891433,0.8789464,2.002651,2.7281207,-0.000394855,-0.000715116,0.002369784,1.2110246,0.44199512,0.000637474,0.096374955,4.1310466,0.67790376,288.5,288.036,289.332,-22.05,NaN,NaN,NaN,-0.0486117778641528,443.63125308833,85.4918291477603,13.5580752,288.5,288.036,289.332,0.330394479228014+0i,0.000637474,20.8665759860546,533.398718207478,29.4938954848258,20.9279851808158,-9.9e+37,153.601,-9.9e+37,-9.9e+37
20260514173617.8,2961.51600256562,9.7893947,0.44315619,2.0028259,2.7287219,-0.000395617,-0.000713701,0.002398315,1.2111558,0.43856974,0.000635296,-0.046963245,4.1309373,0.63785016,288.486,288.042,289.365,-22.06,NaN,NaN,NaN,-0.0375465359254292,444.026350337692,41.93720552193,12.7570032,288.486,288.042,289.365,0.220618128345766+0i,0.000635296,20.8653624917527,533.810384944418,28.3592719958751,20.9284281614415,-9.9e+37,225.005,-9.9e+37,-9.9e+37
20260514173619.9,2963.65600302815,9.7895477,0.62271699,2.0030663,2.7295197,-0.000394855,-0.000714136,0.002399731,1.2111558,0.35995425,0.000637583,-0.092217046,4.1311559,0.62500203,288.486,288.042,289.379,-22.09,NaN,NaN,NaN,-0.0223373640439348,444.550649382171,59.8832329509376,12.5000406,288.486,288.042,289.379,0.290359374182063+0i,0.000637583,20.8677894803565,533.948024278961,28.3455703179975,20.9275720549863,921.298,181.319,-9.9e+37,82.191
20260514173622.1,2965.76599963009,9.7895368,0.52677496,2.002662,2.7296837,-0.000395944,-0.000719581,0.002360202,1.2111777,0.45472976,0.00063889,-0.051127837,4.1314291,0.67142077,288.491,288.023,289.395,-22.17,NaN,NaN,NaN,-0.0479158506982031,444.658427074944,50.2944011904717,13.4284154,288.491,288.023,289.395,0.261002588522701+0i,0.00063889,20.8708226609904,533.948024278961,28.3455703179975,20.9277490320669,9.9e+37,730.637,-9.9e+37,-9.9e+37
20260514173624.2,2967.90200695395,9.7893729,0.48841822,2.0026729,2.7303504,-0.000395726,-0.000719145,0.002416174,1.2111121,0.15682937,0.000638998,-0.1121188,4.1315165,0.61292649,288.524,288.006,289.414,-22.19,NaN,NaN,NaN,-0.047226250142856,445.09656968331,46.4608745625701,12.2585298,288.524,288.006,289.414,0.263770232015854+0i,0.000638998,20.8717930123352,533.672745609879,29.5211742798724,20.9272474176972,9.9e+37,330.928,292.539,550.164
20260514173626.3,2970.02700045705,9.7895368,0.51274283,2.0029352,2.7310061,-0.000394964,-0.000717185,0.002403542,1.2110574,0.44377382,0.000637147,0.10729759,4.1314619,0.71824216,288.489,287.979,289.335,-22.21,NaN,NaN,NaN,-0.0306315505400363,445.527483300088,48.8919737682982,14.3648432,288.489,287.979,289.335,0.279005388688491+0i,0.000637147,20.8711868203051,533.536357542013,29.4801938069481,20.92695209728,1183.555,819.006,101.466,-9.9e+37
20260514173628.4,2972.1450034529,9.7895149,0.5353313,2.0027822,2.7313668,-0.00039627,-0.00071675,0.002395593,1.2111558,0.41890358,0.000633771,-0.022151094,4.1315821,0.62793743,288.481,287.99,289.365,-22.22,NaN,NaN,NaN,-0.0403112647574631,445.764528506083,51.1495561704668,12.5587486,288.481,287.99,289.365,0.249582853704499+0i,0.000633771,20.8725213309647,533.398718207478,29.5348759577496,20.9281920126927,-9.9e+37,391.892,-9.9e+37,-9.9e+37
20260514173630.6,2974.28500391543,9.7893073,0.53085507,2.002651,2.7314652,-0.00039333,-0.000715879,0.002406373,1.2110902,0.31316556,0.000636167,-0.11603858,4.1314291,0.60637038,288.486,287.976,289.392,-22.19,NaN,NaN,NaN,-0.0486117778641528,445.829195121747,50.7021837687035,12.1274076,288.486,287.976,289.392,0.248707394353745+0i,0.000636167,20.8708226609904,533.536357542013,28.400252468799,20.9282213295647,1228.849,369.858,-9.9e+37,177.145
20260514173632.7,2976.4020010829,9.7885531,0.55008037,2.0026947,2.7318368,-0.000393548,-0.000714572,0.002362488,1.2111449,0.28917487,0.000634643,-0.1101099,4.1309919,0.60581931,288.486,287.968,289.419,-22.19,NaN,NaN,NaN,-0.045847049032119,446.073403601227,52.6236374553149,12.1163862,288.486,287.968,289.419,0.260060694286047+0i,0.000634643,20.8659686837828,532.574133466919,28.3729736737523,20.9280147666499,9.9e+37,390.969,-9.9e+37,400.261
20260514173634.8,2978.50000821054,9.7888045,0.58516997,2.0030226,2.7319242,-0.000393984,-0.000716968,0.002423797,1.2111339,0.29312402,0.000637147,-0.07891181,4.1310247,0.58957636,288.494,287.96,289.411,-22.22,NaN,NaN,NaN,-0.0251020928759687,446.130841225302,56.1306329914949,11.7915272,288.494,287.96,289.411,0.267963747211481+0i,0.000637147,20.8663328430975,534.497330350434,29.5211742798724,20.9279558639438,9.9e+37,420.668,-9.9e+37,488.673
20260514173636.9,2980.59400208294,9.7887608,0.52178476,2.002968,2.7319023,-0.000393875,-0.000713047,0.002432617,1.2111011,0.13217849,0.000634425,0.008430802,4.130981,0.68360436,288.516,287.963,289.452,-22.27,NaN,NaN,NaN,-0.0285564222633639,446.11644896023,49.7956605629169,13.6720872,288.516,287.963,289.452,0.253559836006121+0i,0.000634425,20.8658476674251,533.948024278961,29.466492129071,20.9279262781096,9.9e+37,761.347,378.266,696.629
20260514173639,2982.70700611174,9.788422,0.57175329,2.002651,2.7319242,-0.000393766,-0.000714681,0.002386881,1.2111121,0.38190433,0.000633663,-0.001793401,4.1311449,0.57058567,288.491,287.955,289.455,-22.3,NaN,NaN,NaN,-0.0486117778641528,446.130841225302,54.7897161138344,11.4117134,288.491,287.955,289.455,0.277442102606164+0i,0.000633663,20.8676673537571,534.085663613495,28.6189810720039,20.9275720549863,370.285,-9.9e+37,-9.9e+37,357.09
20260514173641.1,2984.83199961483,9.7888264,0.37759398,2.0030554,2.7326018,-0.000394964,-0.000718274,0.002478026,1.2110356,0.44991853,0.000630396,-0.045585934,4.1310356,0.65948598,288.489,287.979,289.455,-22.37,NaN,NaN,NaN,-0.0230269645992962,446.576147107151,35.3846549709948,13.1897196,288.489,287.979,289.455,0.225182312043925+0i,0.000630396,20.8664538594552,534.085663613495,27.5937218846561,20.9275128833181,9.9e+37,640.841,-9.9e+37,-9.9e+37
20260514173643.2,2986.95299997926,9.7885859,0.43398113,2.002651,2.7321319,-0.000396597,-0.00071773,0.002411165,1.211123,0.35246076,0.000633009,0.11459739,4.131451,0.74158356,288.494,287.968,289.493,-22.39,NaN,NaN,NaN,-0.0486117778641528,446.267337730113,41.0202131804903,14.8316712,288.494,287.968,289.493,0.248636794062412+0i,0.000633009,20.8710658039475,534.085663613495,27.470655905176,20.9272767345692,1080.693,983.677,389.618,-9.9e+37
20260514173645.4,2989.09400627017,9.7887827,0.82223307,2.0029789,2.7319023,-0.000394528,-0.000716968,0.002384812,1.2110028,0.15500702,0.000633227,0.002463979,4.130981,0.72311668,288.508,287.968,289.466,-22.36,NaN,NaN,NaN,-0.0278668217080025,446.11644896023,79.8236711991971,14.4623336,288.508,287.968,289.466,0.333666187836041+0i,0.000633227,20.8658476674251,533.123439538397,27.5116363780999,20.9276605435266,-9.9e+37,581.386,759.393,308.595
20260514173647.5,2991.20300710201,9.7887608,0.58873175,2.0029133,2.7318586,-0.000395944,-0.000712503,0.002393959,1.2111995,0.42972969,0.0006329,0.060145639,4.1309373,0.67650917,288.486,287.976,289.433,-22.34,NaN,NaN,NaN,-0.0320170782613616,446.087730148193,56.4866115880265,13.5301834,288.486,287.976,289.433,0.262385734138509+0i,0.0006329,20.8653624917527,533.672745609879,27.5390397338547,20.9282509153988,-9.9e+37,354.731,268.364,-9.9e+37
20260514173649.6,2993.35600286722,9.7884657,0.43079583,2.0028478,2.7317493,-0.000393004,-0.00071381,0.002379803,1.2110246,0.40861219,0.000633336,0.10480672,4.1315384,0.74989219,288.483,287.976,289.433,-22.42,NaN,NaN,NaN,-0.036161008204104,446.015900259046,40.7018615070202,14.9978438,288.483,287.976,289.433,0.256163813062611+0i,0.000633336,20.8720361552923,533.810384944418,27.4980592609309,20.92695209728,-9.9e+37,655.801,554.857,-9.9e+37
20260514173651.8,2995.50000652671,9.7886515,0.56024409,2.0026947,2.7316073,-0.000392459,-0.000714027,0.002384159,1.2112214,0.4361374,0.000634643,-0.044450808,4.1315384,0.69464649,288.491,287.979,289.433,-22.49,NaN,NaN,NaN,-0.045847049032119,445.922580549449,53.6394404473976,13.8929298,288.491,287.979,289.433,0.319864759007561+0i,0.000634643,20.8720361552923,533.123439538397,27.5253380559775,20.9260959908248,-9.9e+37,455.777,413.706,-9.9e+37
20260514173654,2997.71100841463,9.7886734,0.58981315,2.0026838,2.7309733,-0.000393548,-0.000713483,0.002364449,1.211123,0.23316312,0.00063388,-0.00729705,4.131298,0.75488238,288.497,287.96,289.438,-22.53,NaN,NaN,NaN,-0.0465366495874946,445.505927761533,56.594691046693,15.0976476,288.497,287.96,289.438,0.307818732780287+0i,0.00063388,20.8693671339732,533.123439538397,27.5663185289013,20.9267751201994,-9.9e+37,698.871,829.9,-9.9e+37
20260514173656.1,2999.85900521278,9.7888264,0.70607932,2.0028368,2.7310936,-0.000394964,-0.000716423,0.002371636,1.2110902,0.35802605,0.000626911,0.16664499,4.1314619,0.72344842,288.491,287.979,289.493,-22.57,NaN,NaN,NaN,-0.0368569353700678,445.584986642268,68.2147989760722,14.4689684,288.491,287.979,289.493,0.315788306906864+0i,0.000626911,20.8711868203051,533.810384944418,27.5663185289013,20.9274243947778,-9.9e+37,481.723,604.707,-9.9e+37
20260514173658.4,3002.13300213218,9.7884985,0.54859958,2.002662,2.7306017,-0.000394419,-0.000714463,0.002397988,1.2110793,0.17721137,0.000630178,-0.00065958,4.1315821,0.55191037,288.513,287.968,289.523,-22.55,NaN,NaN,NaN,-0.0479158506982031,445.261719282053,52.4756413561853,11.0382074,288.513,287.968,289.523,0.27932267090301+0i,0.000630178,20.8725213309647,534.497330350434,28.3592719958751,20.9273063204033,-9.9e+37,-9.9e+37,300.99,308.654
20260514173700.5,3004.2540024966,9.7877444,0.46063113,2.0026401,2.7300115,-0.000395508,-0.000715225,0.002367933,1.2111449,0.38832297,0.000631594,-0.009527162,4.1311122,0.63839141,288.491,287.966,289.52,-22.57,NaN,NaN,NaN,-0.0493013784195284,444.87385102428,43.6837212010775,12.7678282,288.491,287.966,289.52,0.254267645156721+0i,0.000631594,20.8673043046841,533.948024278961,28.4139541466766,20.9273359062375,1126.25,346.523,-9.9e+37,-9.9e+37
20260514173702.7,3006.39900192618,9.7880067,0.43937835,2.0027057,2.7303831,-0.000393548,-0.000712067,0.002369131,1.2110902,0.16782462,0.000635296,-0.000987684,4.1315603,0.74792252,288.51,287.971,289.517,-22.65,NaN,NaN,NaN,-0.0451511218661693,445.118059503759,41.5596330213486,14.9584504,288.51,287.971,289.517,0.23120338517268+0i,0.000635296,20.8722792982494,533.672745609879,28.3729736737523,20.9279851808158,9.9e+37,771.517,652.594,387.091
20260514173704.8,3008.50800275803,9.7879848,0.39470229,2.0028368,2.7299569,-0.000389628,-0.000713701,0.002411818,1.2110902,0.11572273,0.0006329,-0.10461561,4.1309373,0.60347207,288.51,287.96,289.52,-22.69,NaN,NaN,NaN,-0.0368569353700678,444.83796893876,37.0945281756362,12.0694414,288.51,287.96,289.52,0.21104068406617+0i,0.0006329,20.8653624917527,534.085663613495,28.3455703179975,20.928280501233,-9.9e+37,-9.9e+37,402.593,650.265
20260514173706.9,3010.62499992549,9.7877225,0.792317,2.0026401,2.7300334,-0.00039431,-0.000710978,0.0024018,1.2111449,0.42760289,0.00063388,0.10919651,4.1311012,0.71729279,288.494,287.966,289.509,-22.71,NaN,NaN,NaN,-0.0493013784195284,444.888243289352,76.8337390269852,14.3458558,288.494,287.966,289.509,0.327212716050716+0i,0.00063388,20.8671821780847,531.888439327575,27.5253380559775,20.9276901293608,298.609,504.324,169.444,-9.9e+37
20260514173709,3012.74600028992,9.788116,0.43106209,2.002815,2.7311264,-0.00039431,-0.00071577,0.002389603,1.211123,0.11136982,0.000633009,0.061273361,4.1315603,0.67590354,288.513,287.968,289.487,-22.79,NaN,NaN,NaN,-0.0382361364807764,445.606542180823,40.7284726006623,13.5180708,288.513,287.968,289.487,0.254765757347434+0i,0.000633009,20.8722792982494,533.810384944418,27.4980592609309,20.9270112689483,262.903,-9.9e+37,628.506,533.26
20260514173711.2,3014.95700217783,9.7879192,0.57318825,2.0027931,2.7305689,-0.000392024,-0.000715334,0.002399404,1.2111121,0.31712018,0.000630178,-0.00649499,4.1312761,0.70768342,288.478,287.952,289.466,-22.81,NaN,NaN,NaN,-0.0396216642021017,445.240163743499,54.9331317787208,14.1536684,288.478,287.952,289.466,0.265511571184879+0i,0.000630178,20.8691239910161,532.711772801457,27.5663185289013,20.9280443524841,-9.9e+37,-9.9e+37,527.049,470.781
20260514173713.5,3017.18799993396,9.7881925,0.6879791,2.0030445,2.7306892,-0.000393766,-0.000714354,0.002428697,1.2111011,0.15211963,0.000631376,-0.004904547,4.1310356,0.65182338,288.5,287.955,289.438,-22.93,NaN,NaN,NaN,-0.0237165651546434,445.319222624235,66.4057903027366,13.0364676,288.5,287.955,289.438,0.266426263979492+0i,0.000631376,20.8664538594552,533.536357542013,26.4179933620735,20.928841287271,-9.9e+37,420.271,392.431,401.718
20260514173715.6,3019.28900443017,9.7879083,0.55827442,2.0026729,2.7308859,-0.000394093,-0.000717403,0.002388079,1.2111886,0.20705107,0.000636385,-0.1056511,4.131451,0.55990144,288.516,287.947,289.436,-22.99,NaN,NaN,NaN,-0.047226250142856,445.448490137457,53.4425837178325,11.1980288,288.516,287.947,289.436,0.258114613999429+0i,0.000636385,20.8710658039475,533.810384944418,26.404416244904,20.9281920126927,-9.9e+37,-9.9e+37,243.359,640.632
20260514173717.7,3021.43800705671,9.7878974,0.53869992,2.0027275,2.7305908,-0.000392895,-0.000713918,0.0023761,1.2110246,0.21371847,0.000635296,-0.097261178,4.1309482,0.5759687,288.505,287.952,289.43,-23,NaN,NaN,NaN,-0.0437719207554323,445.25455600857,51.48622958091,11.519374,288.505,287.952,289.43,0.278940648162169+0i,0.000635296,20.8654835081104,532.574133466919,26.404416244904,20.9273359062375,9.9e+37,-9.9e+37,-9.9e+37,741.208
20260514173719.9,3023.57800751925,9.7881378,0.43973627,2.0029133,2.7310608,-0.000392677,-0.000715443,0.002408987,1.2111339,0.37984409,0.000635187,-0.011069994,4.1314619,0.57852438,288.486,287.944,289.411,-22.96,NaN,NaN,NaN,-0.0320170782613616,445.563431103714,41.5954049834772,11.5704876,288.486,287.944,289.411,0.269742803947756+0i,0.000635187,20.8711868203051,532.987051470539,26.4179933620735,20.9265978741567,9.9e+37,98.188,-9.9e+37,429.591
20260514173722,3025.7270000875,9.7879083,0.43581985,2.0027494,2.7299788,-0.000392895,-0.000716859,0.00244318,1.2110028,0.4302644,0.000631702,0.1114831,4.1309591,0.7507368,288.502,287.944,289.408,-23.08,NaN,NaN,NaN,-0.0423863930341355,444.852361203831,41.2039822411887,15.014736,288.502,287.944,289.408,0.248624554662429+0i,0.000631702,20.865604524468,532.574133466919,26.4590983957055,20.9273654920716,9.9e+37,928.158,178.442,-9.9e+37
20260514173724.1,3027.8400041163,9.7881378,0.68447844,2.0029243,2.7303941,-0.000390935,-0.000715443,0.002388732,1.2111995,0.32902988,0.000626258,0.11527353,4.1313526,0.75830665,288.489,287.917,289.395,-23.18,NaN,NaN,NaN,-0.0313211510953977,445.125288495348,66.0559202844496,15.166133,288.489,287.917,289.395,0.30172545584944+0i,0.000626258,20.8699733260032,534.497330350434,27.4159737543746,20.9276901293608,-9.9e+37,840.406,566.866,-9.9e+37
20260514173726.2,3029.94900494814,9.787952,0.45548598,2.0026729,2.7300006,-0.000393548,-0.000712721,0.002362053,1.2110684,0.30686481,0.000633663,0.11352684,4.1315165,0.74804911,288.489,287.917,289.365,-23.19,NaN,NaN,NaN,-0.047226250142856,444.866687750797,43.1694942482773,14.9609822,288.489,287.917,289.365,0.256055428100097+0i,0.000633663,20.8717930123352,534.085663613495,26.4179933620735,20.9272767345692,-9.9e+37,625.071,693.535,-9.9e+37
20260514173728.4,3032.07000531256,9.7885094,0.74208116,2.002662,2.7293667,-0.000392677,-0.000715552,0.002403542,1.2110356,0.33904846,0.000630505,0.1062008,4.1310356,0.7312136,288.497,287.892,289.349,-23.13,NaN,NaN,NaN,-0.0479158506982031,444.450100680986,71.812967441209,14.624272,288.497,287.892,289.349,0.340542927375767+0i,0.000630505,20.8664538594552,533.398718207478,27.5663185289013,20.92695209728,-9.9e+37,500.076,681.903,-9.9e+37
20260514173730.5,3034.18800830841,9.7880832,0.4784422,2.0027603,2.7298585,-0.000393657,-0.000715879,0.002400602,1.2110465,0.10795864,0.00063192,-0.10438955,4.131593,0.61581824,288.505,287.9,289.292,-23.12,NaN,NaN,NaN,-0.0416967924787883,444.773302323096,45.4638310622497,12.3163648,288.505,287.9,289.292,0.244220778068692+0i,0.00063192,20.8726423473223,533.261078872935,27.8944114337096,20.9279262781096,-9.9e+37,-9.9e+37,693.252,498.027
20260514173732.6,3036.3130018115,9.7877553,0.55849594,2.002651,2.7289514,-0.000394964,-0.000714245,0.002451347,1.2110902,0.1495596,0.000637256,-0.1117748,4.1310794,0.57859968,288.491,287.917,289.283,-23.12,NaN,NaN,NaN,-0.0486117778641528,444.17717338947,53.4647233162085,11.5719936,288.491,287.917,289.283,0.256588853838888+0i,0.000637256,20.8669401453694,533.123439538397,28.3729736737523,20.9281920126927,554.645,-9.9e+37,291.895,706.9
20260514173734.7,3038.43000903726,9.7888264,0.51838886,2.0030773,2.7289077,-0.000389628,-0.000713701,0.002425539,1.2110028,0.30187898,0.000637365,-0.10499827,4.1311231,0.55840864,288.483,287.93,289.264,-23.2,NaN,NaN,NaN,-0.0216414368779709,444.148454577432,49.4562606797232,11.1681728,288.483,287.93,289.264,0.284930897012949+0i,0.000637365,20.8674253210418,532.574133466919,28.3592719958751,20.9268636087397,9.9e+37,-9.9e+37,-9.9e+37,584.96
20260514173736.9,3040.58200903237,9.7887062,0.66583804,2.0027166,2.7291809,-0.000391915,-0.00071076,0.002383396,1.2109481,0.35057839,0.000636385,-0.06944152,4.1315821,0.58884414,288.483,287.952,289.273,-23.3,NaN,NaN,NaN,-0.0444615213108221,444.327996441247,64.192923852669,11.7768828,288.483,287.952,289.273,0.301659199994926+0i,0.000636385,20.8725213309647,533.536357542013,29.452915011902,20.9275128833181,9.9e+37,-9.9e+37,-9.9e+37,469.578
20260514173739,3042.70300939679,9.7878974,0.58861717,2.0027275,2.7293448,-0.000392786,-0.000717948,0.002423579,1.2109809,0.42633815,0.000634643,-0.049495061,4.1309591,0.64307279,288.486,287.976,289.294,-23.4,NaN,NaN,NaN,-0.0437719207554323,444.435708415915,56.4751600026982,12.8614558,288.486,287.976,289.294,0.310611998667216+0i,0.000634643,20.865604524468,533.261078872935,30.573836822975,20.9265682883226,9.9e+37,535.328,-9.9e+37,102.964
20260514173741.1,3044.82000656426,9.7878974,0.4931629,2.002651,2.7296071,-0.000392241,-0.000716314,0.002442418,1.2109372,0.20336271,0.000633009,0.076927965,4.1314291,0.76719145,288.516,287.99,289.302,-23.38,NaN,NaN,NaN,-0.0486117778641528,444.608087006247,46.9350769353701,15.343829,288.516,287.99,289.302,0.241668461074177+0i,0.000633009,20.8708226609904,532.711772801457,30.5875385008526,20.9280739383182,9.9e+37,939.778,547.414,339.819
20260514173743.2,3046.94500006735,9.7881269,0.68678748,2.0030445,2.7296071,-0.00039235,-0.000716096,0.002401037,1.2110684,0.22146733,0.000634969,-0.11916832,4.130664,0.55977923,288.502,287.99,289.3,-23.41,NaN,NaN,NaN,-0.0237165651546434,444.608087006247,66.2866950146506,11.1955846,288.502,287.99,289.3,0.311564202836588+0i,0.000634969,20.8623282008771,534.222051681357,30.6012401787298,20.9273063204033,-9.9e+37,-9.9e+37,-9.9e+37,549.44
20260514173745.3,3049.05899986625,9.7888373,0.41389048,2.0030445,2.7295525,-0.000392132,-0.000713047,0.002376645,1.2108935,0.17292284,0.000633554,0.007865633,4.1304236,0.70321484,288.502,288.001,289.316,-23.41,NaN,NaN,NaN,-0.0237165651546434,444.572204920726,39.012272939822,14.0642968,288.502,288.001,289.316,0.23805973833848+0i,0.000633554,20.859659179558,533.123439538397,30.5601351450978,20.9273654920716,9.9e+37,582.606,459.128,612.549
20260514173747.5,3051.18000023067,9.7886734,0.65667825,2.002815,2.729946,-0.000392786,-0.000715116,0.002396028,1.2110465,0.42924082,0.000633989,-0.048619869,4.1302269,0.62143589,288.481,288.014,289.319,-23.43,NaN,NaN,NaN,-0.0382361364807764,444.830805665276,63.2774576563502,12.4287178,288.481,288.014,289.319,0.306551365242627+0i,0.000633989,20.8574753339113,534.222051681357,29.4801938069481,20.9272767345692,-9.9e+37,-9.9e+37,-9.9e+37,-9.9e+37
20260514173749.6,3053.33200022578,9.7888482,0.47079704,2.0028587,2.7304597,-0.000391152,-0.000717185,0.002404195,1.2109809,0.44425397,0.000631267,0.096594815,4.1308498,0.71610554,288.475,288.004,289.327,-23.39,NaN,NaN,NaN,-0.0354714076487426,445.168399572457,44.6997430705547,14.3221108,288.475,288.004,289.327,0.298252279287455+0i,0.000631267,20.8643910301661,534.222051681357,29.5348759577496,20.9257713535357,375.338,672.427,209.214,-9.9e+37
20260514173751.7,3055.45300059021,9.7879957,0.63082592,2.002815,2.7299569,-0.000391915,-0.00071577,0.00235345,1.2110028,0.14075339,0.000633227,0.025707629,4.1302378,0.71657586,288.505,287.993,289.362,-23.41,NaN,NaN,NaN,-0.0382361364807764,444.83796893876,60.6936719788318,14.3315172,288.505,287.993,289.362,0.3233090531083+0i,0.000633227,20.857596350269,533.398718207478,28.3729736737523,20.9265978741567,339.536,510.842,712.88,322.018
20260514173753.9,3057.60200321674,9.7880941,0.5519813,2.0027494,2.7304706,-0.000389628,-0.00071381,0.002379694,1.2110465,0.1460644,0.000637474,-0.11219491,4.1308936,0.56944861,288.502,287.998,289.365,-23.46,NaN,NaN,NaN,-0.0423863930341355,445.17556284594,52.8136240332352,11.3889722,288.502,287.998,289.365,0.303250185536331+0i,0.000637474,20.8648773160803,532.300106064514,28.3592719958751,20.9265682883226,-9.9e+37,-9.9e+37,275.674,659.999
20260514173756,3059.73400734365,9.7880832,0.54262289,2.0027603,2.7304815,-0.000391588,-0.000714027,0.002407136,1.2111667,0.2036879,0.000636276,0.072361431,4.1309045,0.719855,288.516,287.982,289.398,-23.53,NaN,NaN,NaN,-0.0416967924787883,445.182726119423,51.8783069565018,14.3971,288.516,287.982,289.398,0.304065008577032+0i,0.000636276,20.864998332438,533.398718207478,27.5253380559775,20.9264502139481,1481.705,444.486,468.441,484.264
20260514173758.2,3061.87900677323,9.7877444,0.54234244,2.002651,2.7300006,-0.000393221,-0.000720343,0.00240376,1.2110574,0.14224291,0.00061515,0.020030577,4.130358,0.68826063,288.502,287.976,289.398,-23.58,NaN,NaN,NaN,-0.0486117778641528,444.866687750797,51.8502776572758,13.7652126,288.502,287.976,289.398,0.282140486837291+0i,0.00061515,20.8589308609285,532.574133466919,27.5390397338547,20.927217831863,-9.9e+37,-9.9e+37,565.536,598.933
20260514173800.3,3063.9960039407,9.7881597,0.69499132,2.0030773,2.7299788,-0.000391588,-0.000714027,0.002384485,1.2110465,0.11630654,0.000633227,-0.039074971,4.1304455,0.60616632,288.497,287.974,289.43,-23.66,NaN,NaN,NaN,-0.0216414368779709,444.852361203831,67.1066197290826,12.1233264,288.497,287.974,289.43,0.302161863270611+0i,0.000633227,20.8599023225151,534.3596910159,27.5663185289013,20.9277490320669,-9.9e+37,-9.9e+37,337.552,776.875
20260514173802.4,3066.11300110817,9.7877225,0.4784793,2.002662,2.7293886,-0.00039333,-0.000715225,0.002421945,1.21097,0.40589503,0.00061417,-0.01027168,4.1308826,0.58782275,288.489,287.971,289.438,-23.66,NaN,NaN,NaN,-0.0479158506982031,444.464492946058,45.4675389852352,11.756455,288.489,287.971,289.438,0.238991155077248+0i,0.00061417,20.8647551894809,533.123439538397,27.5390397338547,20.9281328410244,493.633,-9.9e+37,-9.9e+37,348.822
20260514173804.6,3068.35600845516,9.7887499,0.73287772,2.0027603,2.7298476,-0.000390717,-0.000716096,0.002398968,1.2110246,0.29695318,0.000630287,0.00555435,4.1311996,0.62200006,288.505,287.982,289.449,-23.72,NaN,NaN,NaN,-0.0416967924787883,444.766139049612,70.8931386886014,12.4400012,288.505,287.982,289.449,0.315686675428281+0i,0.000630287,20.8682746560289,532.849412135996,28.3865507909218,20.9276016408205,9.9e+37,315.08,-9.9e+37,237.494
20260514173806.8,3070.49200572073,9.7877553,0.66041026,2.002662,2.7293995,-0.00038843,-0.000715987,0.002357915,1.2110028,0.32031748,0.000632029,0.15432391,4.131134,0.75497622,288.505,288.001,289.446,-23.72,NaN,NaN,NaN,-0.0479158506982031,444.471656219541,63.6504497226884,15.0995244,288.505,288.001,289.446,0.310562548062928+0i,0.000632029,20.8675463373994,534.085663613495,27.5390397338547,20.9272474176972,9.9e+37,990.457,354.008,-9.9e+37
20260514173808.9,3072.61300608516,9.7877334,0.63271811,2.0026292,2.729476,-0.000389192,-0.000716205,0.002361835,1.2108826,0.34788087,0.000630722,-0.11936198,4.1312652,0.6046386,288.483,287.966,289.444,-23.72,NaN,NaN,NaN,-0.0499909789748756,444.521930570133,60.8827850460541,12.092772,288.483,287.966,289.444,0.354694242458766+0i,0.000630722,20.8690029746584,533.261078872935,27.5663185289013,20.9256532791612,-9.9e+37,-9.9e+37,-9.9e+37,-9.9e+37
20260514173811,3074.73100908101,9.7888045,0.4367714,2.002804,2.7298585,-0.000390281,-0.000714681,0.002397117,1.2109809,0.28905592,0.000631049,0.16198872,4.1315493,0.77780585,288.505,287.979,289.476,-23.78,NaN,NaN,NaN,-0.0389320636467545,444.773302323096,41.299083969406,15.556117,288.505,287.979,289.476,0.2409504660647+0i,0.000631049,20.8721571716499,534.085663613495,27.5390397338547,20.9276016408205,9.9e+37,1002.613,556.902,-9.9e+37
20260514173813.1,3076.8560025841,9.7888592,0.55212097,2.0029789,2.7296727,-0.000389628,-0.000716205,0.002326226,1.210817,0.33713117,0.000631594,-0.14667001,4.1311996,0.58646962,288.486,288.001,289.457,-23.84,NaN,NaN,NaN,-0.0278668217080025,444.651198083356,52.8275832139194,11.7293924,288.486,288.001,289.457,0.27436627835333+0i,0.000631594,20.8682746560289,533.810384944418,27.703086186259,20.9275424691522,-9.9e+37,-9.9e+37,113.11,186.676
20260514173815.4,3079.12500053644,9.7888155,0.51981073,2.0030773,2.7295416,-0.000389519,-0.000716314,0.002386663,1.2109372,0.13606872,0.000636494,-0.000580848,4.1311559,0.5490317,288.508,287.995,289.468,-23.86,NaN,NaN,NaN,-0.0216414368779709,444.565041647243,49.598368077443,10.980634,288.508,287.995,289.468,0.255845293778499+0i,0.000636494,20.8677894803565,533.810384944418,29.343550710299,20.9278377895694,9.9e+37,437.204,-9.9e+37,495.523
20260514173817.5,3081.25000409782,9.7888482,0.44358722,2.002968,2.7292137,-0.000387886,-0.000716859,0.002383179,1.2109153,0.41445573,0.000626802,0.11004394,4.1313745,0.73561017,288.486,288.009,289.46,-23.86,NaN,NaN,NaN,-0.0285564222633639,444.349551979801,41.9802843910525,14.7122034,288.486,288.009,289.46,0.2387421037944+0i,0.000626802,20.8702164689603,534.222051681357,29.5348759577496,20.9276901293608,1133.553,926.212,279.551,-9.9e+37
20260514173819.7,3083.38300399482,9.7877006,0.45295433,2.0026292,2.7287984,-0.000387886,-0.00071283,0.002372289,1.2109481,0.25803553,0.000623971,0.10924889,4.1311449,0.7357684,288.508,288.012,289.493,-23.92,NaN,NaN,NaN,-0.0499909789748756,444.076624688284,42.9164709807231,14.715368,288.508,288.012,289.493,0.252392456739961+0i,0.000623971,20.8676673537571,533.261078872935,28.3455703179975,20.9273359062375,-9.9e+37,837.761,719.47,-9.9e+37
20260514173821.9,3085.5780031532,9.7887389,0.54362791,2.0026947,2.729159,-0.000389301,-0.000715007,0.002402235,1.2108935,0.29425348,0.000635078,-0.00754803,4.1312652,0.71146344,288.491,287.995,289.482,-23.92,NaN,NaN,NaN,-0.045847049032119,444.313604176175,51.978752691243,14.2292688,288.491,287.995,289.482,0.277355277208241+0i,0.000635078,20.8690029746584,533.536357542013,29.466492129071,20.9273063204033,-9.9e+37,138.257,746.759,279.558
20260514173824.1,3087.78900504112,9.7885531,0.50847504,2.0029461,2.7287437,-0.000387994,-0.000714354,0.002355955,1.2108935,0.44995127,0.000634969,-0.003031435,4.1311559,0.69388918,288.491,287.995,289.485,-24.02,NaN,NaN,NaN,-0.0299419499846891,444.040676884658,48.4654336971845,13.8777836,288.491,287.995,289.485,0.294827301231244+0i,0.000634969,20.8677894803565,534.222051681357,29.4938954848258,20.9263321395737,-9.9e+37,-9.9e+37,443.218,296.924
20260514173826.2,3089.91000540555,9.7883346,0.69506444,2.0029461,2.7287437,-0.000388321,-0.000716205,0.002413669,1.2108716,0.13856329,0.00061025,-0.095076417,4.1309591,0.6144433,288.497,287.987,289.506,-24.09,NaN,NaN,NaN,-0.0299419499846891,444.040676884658,67.1139276355166,12.288866,288.497,287.987,289.506,0.320241969806528+0i,0.00061025,20.865604524468,534.634969684977,29.5485776356272,20.9271293433227,1434.404,-9.9e+37,278.143,726.527
20260514173828.3,3092.03500896692,9.7884985,0.6533751,2.0026947,2.7287109,-0.000389192,-0.000714572,0.002421945,1.2108826,0.41366568,0.000628544,0.11085238,4.1309919,0.72920574,288.502,287.976,289.525,-24.13,NaN,NaN,NaN,-0.045847049032119,444.019121346103,62.9473275806203,14.5841148,288.502,287.976,289.525,0.306088342232083+0i,0.000628544,20.8659686837828,533.672745609879,29.452915011902,20.9272767345692,971.464,387.481,-9.9e+37,-9.9e+37
20260514173830.5,3094.20700483024,9.7887062,0.5328291,2.0028368,2.7287109,-0.000387777,-0.000711958,0.002441982,1.2109481,0.41250571,0.000633118,-0.012303997,4.1309373,0.64476311,288.486,287.963,289.406,-24.17,NaN,NaN,NaN,-0.0368569353700678,444.019121346103,50.8994762541774,12.8952622,288.486,287.963,289.406,0.270082071259747+0i,0.000633118,20.8653624917527,532.437745399057,29.452915011902,20.927483566446,-9.9e+37,-9.9e+37,-9.9e+37,-9.9e+37
20260514173832.6,3096.32800519466,9.7885313,0.56147827,2.0026401,2.7289514,-0.00038843,-0.000715334,0.002415629,1.2108388,0.24636918,0.000629416,0.11497014,4.1314072,0.75523811,288.505,287.968,289.335,-24.21,NaN,NaN,NaN,-0.0493013784195284,444.17717338947,53.7627893527952,15.1047622,288.505,287.968,289.335,0.281599933739302+0i,0.000629416,20.8705795180333,533.261078872935,28.3729736737523,20.9273654920716,1609.96,862.312,641.75,-9.9e+37
20260514173834.7,3098.44100922346,9.7888592,0.57762848,2.0030117,2.7290279,-0.000387341,-0.000718383,0.002367607,1.2108388,0.15394743,0.000629851,-0.11525486,4.1312542,0.56927293,288.516,287.93,289.316,-24.22,NaN,NaN,NaN,-0.02579169343133,444.227447740062,55.376906195916,11.3854586,288.516,287.93,289.316,0.254496693604431+0i,0.000629851,20.868880848059,533.398718207478,29.466492129071,20.9283689897732,-9.9e+37,-9.9e+37,341.499,535.435
20260514173836.9,3100.57400912046,9.7887062,0.41892868,2.002815,2.7290607,-0.000387014,-0.000715334,0.002409531,1.2107514,0.42826854,0.000631267,0.11085619,4.1309373,0.70436609,288.497,287.944,289.376,-24.26,NaN,NaN,NaN,-0.0382361364807764,444.249003278616,39.5158108801342,14.0873218,288.497,287.944,289.376,0.231237313398194+0i,0.000631267,20.8653624917527,533.672745609879,29.507597162703,20.9277197151949,840.381,627.727,186.849,-9.9e+37
20260514173839,3102.68800891936,9.7888264,0.62330517,2.0030663,2.7295306,-0.000389083,-0.000715987,0.002379476,1.2108716,0.42217621,0.00063192,0.077079874,4.1311231,0.73064289,288.483,287.933,289.4,-24.28,NaN,NaN,NaN,-0.0223373640439348,444.557812655654,59.9420180221402,14.6128578,288.483,287.933,289.4,0.265604506164964+0i,0.00063192,20.8674253210418,533.398718207478,29.466492129071,20.9283394039391,-9.9e+37,592.243,374.55,-9.9e+37
20260514173841.1,3104.84400205314,9.787799,0.4381529,2.0026401,2.7297164,-0.000388648,-0.00071479,0.002421292,1.210817,0.26628086,0.00063094,0.10375185,4.131298,0.75801092,288.489,287.93,289.438,-24.35,NaN,NaN,NaN,-0.0493013784195284,444.679916895394,41.4371566272087,15.1602184,288.489,287.93,289.438,0.24824239104646+0i,0.00063094,20.8693671339732,533.398718207478,30.5875385008526,20.9272474176972,-9.9e+37,717.628,766.269,-9.9e+37
20260514173843.3,3106.96500241756,9.7885204,0.47252119,2.0026947,2.7299788,-0.000388321,-0.000716423,0.002395157,1.2108388,0.3585673,0.000630613,0.10274511,4.1309919,0.7431211,288.489,287.919,289.493,-24.38,NaN,NaN,NaN,-0.045847049032119,444.852361203831,44.872061545365,14.862422,288.489,287.919,289.493,0.230062162845341+0i,0.000630613,20.8659686837828,533.948024278961,30.5601351450978,20.928280501233,-9.9e+37,490.66,646.843,-9.9e+37
20260514173845.4,3109.07000005245,9.7884548,0.63286652,2.002651,2.7300225,-0.000385817,-0.000715116,0.002455267,1.2107623,0.35500768,0.000637147,-0.10730749,4.1311231,0.57874154,288.494,287.933,289.509,-24.4,NaN,NaN,NaN,-0.0486117778641528,444.881080015869,60.8976177374363,11.5748308,288.494,287.933,289.509,0.284470603127423+0i,0.000637147,20.8674253210418,533.536357542013,29.4801938069481,20.9278082037352,-9.9e+37,-9.9e+37,262.478,-9.9e+37
20260514173847.5,3111.21900267899,9.7887936,0.65234935,2.0027494,2.7304706,-0.00038647,-0.000718819,0.002410511,1.2107842,0.2291845,0.000632682,0.089979088,4.131604,0.76072044,288.502,287.911,289.523,-24.49,NaN,NaN,NaN,-0.0423863930341355,445.17556284594,62.844810006432,15.2144088,288.502,287.911,289.523,0.296367483169099+0i,0.000632682,20.8727644739218,533.672745609879,29.466492129071,20.9275720549863,1172.668,741.266,716.032,107.817
20260514173849.6,3113.34400624037,9.7895368,0.6096288,2.0029243,2.730405,-0.000389846,-0.000713374,0.002420312,1.2107623,0.35276521,0.000635732,-0.080511917,4.1313417,0.60416719,288.486,287.927,289.536,-24.49,NaN,NaN,NaN,-0.0313211510953977,445.132451768831,58.5751466830213,12.0833438,288.486,287.927,289.536,0.286291679212318+0i,0.000635732,20.8698523096456,533.536357542013,29.4801938069481,20.9275720549863,-9.9e+37,-9.9e+37,88.815,-9.9e+37
20260514173851.7,3115.45700021088,9.7888592,0.53793279,2.0030663,2.730088,-0.000387559,-0.000715334,0.002379041,1.2107295,0.12531791,0.000634643,0.049453291,4.1310575,0.68930167,288.513,287.919,289.533,-24.54,NaN,NaN,NaN,-0.0223373640439348,444.924125374873,51.4095595280832,13.7860334,288.513,287.919,289.533,0.314937262656127+0i,0.000634643,20.8666970024123,534.3596910159,29.2888685594976,20.9259485995784,9.9e+37,470.748,625.57,517.026
20260514173853.9,3117.59000010788,9.7887717,0.48525148,2.0029571,2.7300115,-0.00038843,-0.000717621,0.002391237,1.2107295,0.41073355,0.000630505,0.10861382,4.1309701,0.71077051,288.47,287.925,289.517,-24.6,NaN,NaN,NaN,-0.029246022818711,444.87385102428,46.1443778500329,14.2154102,288.47,287.925,289.517,0.268346760639065+0i,0.000630505,20.8657266510675,533.123439538397,28.3318686401203,20.9270997574886,-9.9e+37,497.426,343.246,-9.9e+37
20260514173856.1,3119.81300152838,9.7886843,0.49963934,2.0028478,2.7299569,-0.000387886,-0.000715552,0.002389168,1.2107951,0.30243551,0.000630613,-0.00723376,4.1312214,0.73439236,288.481,287.925,289.498,-24.68,NaN,NaN,NaN,-0.036161008204104,444.83796893876,47.5823583569405,14.6878472,288.481,287.925,289.498,0.283176524546604+0i,0.000630613,20.8685166887442,533.123439538397,28.3455703179975,20.9267159485312,-9.9e+37,239.888,748.735,239.918
20260514173858.2,3121.93000875413,9.7877553,0.65100168,2.002651,2.7294869,-0.000385163,-0.000711196,0.002436864,1.2107405,0.37868739,0.000607963,0.16123468,4.131298,0.72233973,288.481,287.922,289.479,-24.7,NaN,NaN,NaN,-0.0486117778641528,444.529093843616,62.7101184546833,14.4467946,288.481,287.922,289.479,0.305105919023609+0i,0.000607963,20.8693671339732,533.261078872935,28.3865507909218,20.9273359062375,-9.9e+37,348.551,420.001,-9.9e+37
20260514173900.3,3124.05500225723,9.7887389,0.54509561,2.0027275,2.7298257,-0.000387123,-0.000716968,0.002386772,1.210817,0.16997761,0.000629633,-0.16205745,4.1315821,0.61084879,288.497,287.927,289.427,-24.78,NaN,NaN,NaN,-0.0437719207554323,444.751746784541,52.125440523206,12.2169758,288.497,287.927,289.427,0.274873546018837+0i,0.000629633,20.8725213309647,534.497330350434,27.5527414117323,20.9274539806119,-9.9e+37,-9.9e+37,401.725,431.364
20260514173902.6,3126.27700790763,9.7894166,0.56416269,2.0028915,2.7287328,-0.000387123,-0.000713156,0.002438933,1.2107405,0.4410523,0.000634098,-0.003112562,4.1311996,0.7091042,288.502,287.922,289.406,-24.8,NaN,NaN,NaN,-0.0333962793720701,444.033513611175,54.0310810676405,14.182084,288.502,287.922,289.406,0.26995306991607+0i,0.000634098,20.8682746560289,533.536357542013,28.3182915229509,20.9277786179011,897.463,-9.9e+37,342.18,305.885
20260514173904.7,3128.39900404215,9.7894384,0.44881094,2.0026947,2.7291263,-0.000384401,-0.000715552,0.002413452,1.2107405,0.42405748,0.000633663,0.10999297,4.1315384,0.76275231,288.508,287.927,289.403,-24.78,NaN,NaN,NaN,-0.045847049032119,444.292114355726,42.5023639451726,15.2550462,288.508,287.927,289.403,0.227614035262201+0i,0.000633663,20.8720361552923,533.536357542013,27.5800202067785,20.9282509153988,1225.415,483.117,179.382,-9.9e+37
20260514173906.8,3130.53100816905,9.7887171,0.63591323,2.0026292,2.7282628,-0.000383421,-0.000717621,0.002404522,1.2107514,0.42620284,0.000634534,-0.056993594,4.1312433,0.69488329,288.478,287.952,289.433,-24.75,NaN,NaN,NaN,-0.0499909789748756,443.724638516032,61.2021181697591,13.8976658,288.478,287.952,289.433,0.342729662554255+0i,0.000634534,20.8687598317013,532.987051470539,28.3592719958751,20.9260370881187,-9.9e+37,324.089,196.265,-9.9e+37
20260514173908.9,3132.6600048691,9.7886187,0.50822624,2.0027385,2.728077,-0.000385381,-0.00071283,0.002412363,1.210664,0.42838421,0.000633989,-0.048630105,4.1302596,0.69078792,288.491,287.971,289.452,-24.77,NaN,NaN,NaN,-0.0430759935894969,443.602534276292,48.4405676260579,13.8157584,288.491,287.971,289.452,0.271526934289363+0i,0.000633989,20.8578383829843,533.536357542013,28.1678221877164,20.927217831863,-9.9e+37,501.473,195.777,-9.9e+37
20260514173911.1,3134.78500843048,9.7887062,0.66857156,2.0027057,2.7285251,-0.000385708,-0.000715225,0.002386554,1.210653,0.27643695,0.00062996,0.11539309,4.1315821,0.76580559,288.489,287.99,289.487,-24.79,NaN,NaN,NaN,-0.0451511218661693,443.897017106364,64.4661228186891,15.3161118,288.489,287.99,289.487,0.336522501372872+0i,0.00062996,20.8725213309647,533.948024278961,27.6074235625338,20.9265093856164,862.178,942.663,688.21,-9.9e+37
20260514173913.2,3136.91000193357,9.7882362,0.59079526,2.0026729,2.7281207,-0.000386361,-0.000715552,0.002419441,1.210664,0.22142477,0.000635514,0.081509307,4.1303143,0.74136094,288.505,288.001,289.509,-24.85,NaN,NaN,NaN,-0.047226250142856,443.63125308833,56.6928470640326,14.8272188,288.505,288.001,289.509,0.317994310195442+0i,0.000635514,20.8584456852561,533.123439538397,28.3865507909218,20.9264208970761,-9.9e+37,553.565,804.864,-9.9e+37
20260514173915.3,3139.05100822449,9.7884438,0.55089552,2.0026401,2.7281535,-0.00038353,-0.000717294,0.002428915,1.2107405,0.4159158,0.000632682,-0.018092449,4.1304345,0.61539703,288.481,288.001,289.501,-24.91,NaN,NaN,NaN,-0.0493013784195284,443.652808626885,52.7051068197795,12.3079406,288.481,288.001,289.501,0.320617276412074+0i,0.000632682,20.8597801959157,534.497330350434,28.3592719958751,20.9259190137443,-9.9e+37,-9.9e+37,226.862,-9.9e+37
20260514173917.5,3141.17600172758,9.7885859,0.69657251,2.002651,2.7289295,-0.00038745,-0.00071675,0.002418678,1.2106312,0.11172556,0.000629633,-0.00510644,4.130664,0.66296374,288.505,288.02,289.476,-24.98,NaN,NaN,NaN,-0.0486117778641528,444.162781124398,67.2646502073968,13.2592748,288.505,288.02,289.476,0.348693237785752+0i,0.000629633,20.8623282008771,532.711772801457,28.3729736737523,20.9263617254079,1119.213,234.574,645.238,500.773
20260514173919.6,3143.297002092,9.7887062,0.63745732,2.0028587,2.7287,-0.000386905,-0.000714463,0.002422599,1.2106858,0.12229411,0.00063388,-0.10003483,4.1309482,0.59848188,288.516,288.02,289.468,-25.02,NaN,NaN,NaN,-0.0354714076487426,444.01195807262,61.3564407250878,11.9696376,288.516,288.02,289.468,0.321066995136529+0i,0.00063388,20.8654835081104,532.574133466919,28.3182915229509,20.9267455343653,1018.526,-9.9e+37,384.187,715.356
20260514173921.7,3145.43000198901,9.7893729,0.4617584,2.0030226,2.7294213,-0.000383965,-0.000715116,0.002396791,1.2107077,0.15255939,0.000631158,0.005265969,4.1310356,0.70040054,288.521,288.014,289.452,-25.07,NaN,NaN,NaN,-0.0251020928759687,444.485982766507,43.7963850917479,14.0080108,288.521,288.014,289.452,0.287693694387148+0i,0.000631158,20.8664538594552,541.089003208199,28.3865507909218,20.9259485995784,1425.659,197.362,476.456,653.894
20260514173923.8,3147.55500555038,9.7895477,0.60490704,2.0028805,2.7298257,-0.000385272,-0.000714136,0.002394177,1.2106421,0.17829607,0.000629416,0.043448027,4.1314947,0.70502846,288.513,288.023,289.487,-25.14,NaN,NaN,NaN,-0.0340922065380482,444.751746784541,58.103235027063,14.1005692,288.513,288.023,289.487,0.313101360532582+0i,0.000629416,20.8715509796199,533.261078872935,28.9196706210578,20.926686362697,-9.9e+37,-9.9e+37,549.935,518.431
20260514173926,3149.69900920987,9.7884438,0.48059847,2.0026401,2.7300662,-0.000383203,-0.000714354,0.002432073,1.2105547,0.13278194,0.000611557,0.023551932,4.1311668,0.68894265,288.505,288.004,289.504,-25.21,NaN,NaN,NaN,-0.0493013784195284,444.909798827907,45.6793373451597,13.778853,288.505,288.004,289.504,0.25371752393404+0i,0.000611557,20.8679104967142,533.672745609879,28.3592719958751,20.9275720549863,-9.9e+37,-9.9e+37,553.633,607.291
20260514173928.1,3151.8400054425,9.7884438,0.58727823,2.002662,2.7300115,-0.000384945,-0.000711849,0.00238993,1.2105875,0.35505788,0.000632791,0.11396264,4.1310356,0.74478197,288.489,288.009,289.528,-25.24,NaN,NaN,NaN,-0.0479158506982031,444.87385102428,56.3413409622072,14.8956394,288.489,288.009,289.528,0.28497160974735+0i,0.000632791,20.8664538594552,534.222051681357,28.3592719958751,20.9274539806119,-9.9e+37,108.174,395.026,-9.9e+37
20260514173930.3,3153.96500900388,9.7888373,0.53618136,2.0030663,2.7301099,-0.00038647,-0.000711849,0.002422272,1.2106968,0.29997806,0.000631485,0.10510956,4.1310903,0.75345614,288.51,287.99,289.555,-25.23,NaN,NaN,NaN,-0.0223373640439348,444.938517639944,51.2345145805224,15.0691228,288.51,287.99,289.555,0.260958915190762+0i,0.000631485,20.867061161727,532.300106064514,28.3592719958751,20.9278671064414,-9.9e+37,243.686,615.821,-9.9e+37
20260514173932.4,3156.06600344181,9.7888482,0.72249905,2.0030008,2.7309187,-0.000384401,-0.00071076,0.002430004,1.2106312,0.43243049,0.00062898,-0.002438717,4.1313089,0.70032743,288.481,287.982,289.563,-25.31,NaN,NaN,NaN,-0.0264812939866772,445.470045676012,69.8558527303264,14.0065486,288.481,287.982,289.563,0.331479252578314+0i,0.00062898,20.8694881503308,534.085663613495,28.3182915229509,20.9270405858203,-9.9e+37,-9.9e+37,363.186,-9.9e+37
20260514173934.5,3158.18400643766,9.7892964,0.51926293,2.0026947,2.7305908,-0.000385381,-0.000717403,0.00242151,1.2105984,0.15652928,0.000614279,0.029012501,4.130981,0.72374632,288.497,287.979,289.555,-25.36,NaN,NaN,NaN,-0.045847049032119,445.25455600857,49.5436187455977,14.4749264,288.497,287.979,289.555,0.268573605600678+0i,0.000614279,20.8658476674251,533.398718207478,28.3729736737523,20.9274243947778,-9.9e+37,344.47,795.162,265.872
20260514173936.6,3160.30899994075,9.7895587,0.50428363,2.0029461,2.7310171,-0.00038353,-0.000714572,0.002435448,1.2105984,0.11357192,0.000632682,-0.10454657,4.13144,0.60636819,288.505,287.979,289.528,-25.4,NaN,NaN,NaN,-0.0299419499846891,445.534712291676,48.0465273499961,12.1273638,288.505,287.979,289.528,0.255266365317104+0i,0.000632682,20.870943677348,533.672745609879,28.400252468799,20.9277490320669,-9.9e+37,-9.9e+37,459.867,635.802
20260514173938.8,3162.48100586236,9.7894494,0.65060229,2.0027166,2.7305252,-0.00038353,-0.000714136,0.002403324,1.210653,0.13226797,0.00062212,0.050713866,4.1315821,0.65037204,288.489,287.976,289.552,-25.41,NaN,NaN,NaN,-0.0444615213108221,445.211444931461,62.6702018142201,13.0074408,288.489,287.976,289.552,0.293873655633263+0i,0.00062212,20.8725213309647,532.987051470539,27.5253380559775,20.9277197151949,1123.203,-9.9e+37,458.055,720.901
20260514173940.9,3164.61299993098,9.7895368,0.61030754,2.0029352,2.730405,-0.000384619,-0.000716532,0.002449496,1.2106421,0.44505493,0.000635514,-0.064598296,4.1314072,0.65863592,288.47,287.976,289.542,-25.37,NaN,NaN,NaN,-0.0306315505400363,445.132451768831,58.6429826842931,13.1727184,288.47,287.976,289.542,0.338015373969502+0i,0.000635514,20.8705795180333,533.261078872935,27.5527414117323,20.9259779164504,-9.9e+37,-9.9e+37,-9.9e+37,-9.9e+37
20260514173943,3166.73100292683,9.7892964,0.59967132,2.0027385,2.729946,-0.00038549,-0.000714681,0.00239189,1.2106858,0.20863226,0.000634207,0.030916976,4.1309482,0.76944484,288.505,287.976,289.533,-25.34,NaN,NaN,NaN,-0.0430759935894969,444.830805665276,57.5799561447535,15.3888968,288.505,287.976,289.533,0.292893241808498+0i,0.000634207,20.8654835081104,532.16246672998,27.63470235758,20.9273654920716,1068.67,539.729,647.76,240.335
20260514173945.2,3168.87100338936,9.7891215,0.59113354,2.0026401,2.7300771,-0.000383856,-0.000713483,0.002439913,1.2106968,0.38891769,0.000636385,-0.05902852,4.1311996,0.59816652,288.483,287.998,289.476,-25.34,NaN,NaN,NaN,-0.0493013784195284,444.91696210139,56.7266561256913,11.9633304,288.483,287.998,289.476,0.265445883442929+0i,0.000636385,20.8682746560289,532.574133466919,27.5663185289013,20.9281920126927,-9.9e+37,-9.9e+37,-9.9e+37,-9.9e+37
20260514173947.3,3170.98800055683,9.7888264,0.65576162,2.0026729,2.7303394,-0.000387014,-0.000712721,0.002401255,1.2105984,0.15241098,0.000633989,0.008344773,4.1315712,0.72784498,288.502,287.998,289.482,-25.38,NaN,NaN,NaN,-0.047226250142856,445.089340691722,63.1858459731641,14.5568996,288.502,287.998,289.482,0.306420883968217+0i,0.000633989,20.872400314607,532.987051470539,27.5116363780999,20.9273654920716,9.9e+37,581.844,622.581,490.476
20260514173949.4,3173.11700731516,9.7884329,0.46788783,2.0026401,2.7294979,-0.000386034,-0.000713918,0.002410076,1.2107077,0.17298067,0.000629633,-0.005381183,4.1310684,0.70140338,288.51,288.02,289.449,-25.4,NaN,NaN,NaN,-0.0493013784195284,444.536322835205,44.4089849404018,14.0280676,288.51,288.02,289.449,0.25954638384715+0i,0.000629633,20.8668180187699,532.849412135996,26.4590983957055,20.9273063204033,-9.9e+37,314.511,606.676,430.773
20260514173951.5,3175.24200081825,9.7892964,0.58973786,2.002662,2.7293667,-0.00038157,-0.000716532,0.002424341,1.2105547,0.37433557,0.000630505,0.11198597,4.130981,0.73384783,288.494,288.052,289.438,-25.43,NaN,NaN,NaN,-0.0479158506982031,444.450100680986,56.5871662617448,14.6769566,288.494,288.052,289.438,0.338762429026768+0i,0.000630505,20.8658476674251,532.849412135996,26.4316950399507,20.9258009393698,-9.9e+37,303.111,509.95,-9.9e+37
20260514173953.6,3177.359008044,9.7893947,0.49446255,2.0026838,2.7297164,-0.000386034,-0.000716096,0.002409096,1.2106093,0.11817254,0.000635187,-0.10871583,4.1315493,0.62127875,288.5,288.039,289.403,-25.55,NaN,NaN,NaN,-0.0465366495874946,444.679916895394,47.064969175481,12.425575,288.5,288.039,289.403,0.260031512787977+0i,0.000635187,20.8721571716499,533.536357542013,27.5800202067785,20.9275128833181,-9.9e+37,-9.9e+37,532.249,572.607
20260514173955.8,3179.49200794101,9.7894931,0.42588857,2.0027275,2.7298585,-0.000384945,-0.000716096,0.002381981,1.2105437,0.34402009,0.000632138,0.11626535,4.131604,0.71308283,288.481,288.042,289.395,-25.62,NaN,NaN,NaN,-0.0437719207554323,444.773302323096,40.2114102361344,14.2616566,288.481,288.042,289.395,0.273722395361573+0i,0.000632138,20.8727644739218,533.123439538397,27.703086186259,20.9262140651993,270.872,480.204,386.694,105.577
20260514173957.9,3181.59800134599,9.7893182,0.54710023,2.002651,2.729323,-0.000384945,-0.000716859,0.002377516,1.2106312,0.42548372,0.000631049,0.04381054,4.1314838,0.70896125,288.472,288.072,289.395,-25.66,NaN,NaN,NaN,-0.0486117778641528,444.421381868948,52.3257902961227,14.179225,288.472,288.072,289.395,0.319066126432403+0i,0.000631049,20.8714299632622,533.536357542013,28.3729736737523,20.9259485995784,-9.9e+37,273.559,351.1,-9.9e+37
20260514174000.1,3183.81300643086,9.7886843,0.38785917,2.002662,2.7289951,-0.000385163,-0.000717076,0.002444813,1.2105437,0.33642623,0.000633118,-0.00706025,4.1314838,0.75934768,288.483,288.052,289.392,-25.73,NaN,NaN,NaN,-0.0479158506982031,444.205892201507,36.4105992823589,15.1869536,288.483,288.052,289.392,0.226673440086971+0i,0.000633118,20.8714299632622,534.634969684977,28.3865507909218,20.9275424691522,-9.9e+37,156.568,732.977,140.085
20260514174002.2,3185.93000359833,9.7888482,0.50920289,2.0030554,2.7289951,-0.000382767,-0.000716641,0.002408007,1.2105984,0.44474502,0.000637147,0.1185752,4.1311996,0.69473161,288.486,288.044,289.392,-25.77,NaN,NaN,NaN,-0.0230269645992962,444.205892201507,48.5381779490713,13.8946322,288.486,288.044,289.392,0.24480200372188+0i,0.000637147,20.8682746560289,533.810384944418,28.3592719958751,20.9281624268585,-9.9e+37,245.476,205.004,-9.9e+37
20260514174004.5,3188.18800784647,9.7887389,0.50371619,2.0027166,2.7291809,-0.000384074,-0.000714354,0.002400166,1.2105656,0.43101408,0.000633554,-0.000880637,4.1309591,0.77895601,288.478,288.039,289.427,-25.78,NaN,NaN,NaN,-0.0444615213108221,444.327996441247,47.9898151176808,15.5791202,288.478,288.039,289.427,0.259035585681051+0i,0.000633554,20.865604524468,532.437745399057,28.3865507909218,20.9276309576925,-9.9e+37,117.708,657.959,-9.9e+37
20260514174006.6,3190.33200144768,9.7888264,0.52180986,2.0030773,2.7289077,-0.000382332,-0.000716859,0.002450694,1.2105219,0.20702706,0.000635514,0.087721466,4.1311122,0.74072585,288.513,288.009,289.441,-25.82,NaN,NaN,NaN,-0.0216414368779709,444.148454577432,49.798169157713,14.814517,288.513,288.009,289.441,0.267782086492878+0i,0.000635514,20.8673043046841,533.948024278961,29.5211742798724,20.9274243947778,320.312,440.754,612.123,89.709
20260514174008.9,3192.58600249887,9.7887062,0.55161464,2.0028587,2.7287109,-0.00038451,-0.000718819,0.002382852,1.2105875,0.31227621,0.000613517,-0.00753384,4.1311996,0.72837204,288.483,288.017,289.441,-25.85,NaN,NaN,NaN,-0.0354714076487426,444.019121346103,52.7769785604086,14.5674408,288.483,288.017,289.441,0.327387728994285+0i,0.000613517,20.8682746560289,534.497330350434,29.507597162703,20.9256532791612,-9.9e+37,-9.9e+37,749.061,226.121
20260514174011,3194.72300559282,9.7884111,0.46732366,2.002651,2.7287984,-0.000383421,-0.000711414,0.002353777,1.2105328,0.39827388,0.000633445,0.15461745,4.1311777,0.70676788,288.489,287.995,289.449,-25.88,NaN,NaN,NaN,-0.0486117778641528,444.076624688284,44.3525995250182,14.1353576,288.489,287.995,289.449,0.266688404390183+0i,0.000633445,20.8680315130718,534.634969684977,29.4938954848258,20.9268931945739,-9.9e+37,118.936,345.378,-9.9e+37
20260514174013.2,3196.86300605536,9.7884329,0.43744032,2.0026292,2.7288312,-0.000382005,-0.000714681,0.002407136,1.2106312,0.31625593,0.000633336,-0.16236081,4.1312433,0.597036,288.478,287.982,289.417,-25.88,NaN,NaN,NaN,-0.0499909789748756,444.098180226839,41.3659385204428,11.94072,288.478,287.982,289.417,0.278582093061102+0i,0.000633336,20.8687598317013,533.261078872935,28.3729736737523,20.9261551624931,-9.9e+37,-9.9e+37,213.073,264.86
20260514174015.3,3199.00000914931,9.7885531,0.61859651,2.0027057,2.7287109,-0.000383748,-0.000716968,0.002446556,1.2105109,0.17194401,0.000615259,-0.14762374,4.1310029,0.6251177,288.481,287.979,289.395,-25.86,NaN,NaN,NaN,-0.0451511218661693,444.019121346103,59.4714156327887,12.502354,288.481,287.979,289.395,0.277716563488122+0i,0.000615259,20.8660908103822,533.398718207478,28.400252468799,20.9279558639438,9.9e+37,-9.9e+37,290.446,659.583
20260514174017.4,3201.13300904632,9.7888701,0.48163186,2.0030226,2.7295634,-0.000386143,-0.000716532,0.002369893,1.2104891,0.21988501,0.00063584,-0.14129789,4.1312324,0.60039263,288.486,287.966,289.357,-25.89,NaN,NaN,NaN,-0.0251020928759687,444.579368194209,45.7826184916285,12.0078526,288.486,287.966,289.357,0.298020483085581+0i,0.00063584,20.8686388153437,532.711772801457,29.466492129071,20.9259485995784,9.9e+37,-9.9e+37,-9.9e+37,728.135
20260514174019.7,3203.40600013733,9.7877771,0.60258927,2.002651,2.7293995,-0.000385054,-0.000716641,0.002410076,1.2105109,0.4139625,0.000632791,-0.001143077,4.1315056,0.78340495,288.491,287.947,289.319,-25.91,NaN,NaN,NaN,-0.0486117778641528,444.471656219541,57.8715877856043,15.668099,288.491,287.947,289.319,0.330727620085979+0i,0.000632791,20.8716719959775,532.16246672998,29.4938954848258,20.9260959908248,9.9e+37,611.535,360.65,269.285
20260514174021.9,3205.56600652635,9.7880395,0.57293291,2.0029571,2.7293776,-0.000385163,-0.000715443,0.002389059,1.2105109,0.20870974,0.000634969,-0.11130992,4.1309701,0.5819181,288.489,287.963,289.302,-25.99,NaN,NaN,NaN,-0.029246022818711,444.457263954469,54.907612073731,11.638362,288.489,287.963,289.302,0.281399002305661+0i,0.000634969,20.8657266510675,533.810384944418,29.5211742798724,20.9274243947778,367.607,-9.9e+37,93.777,622.798
20260514174024,3207.68399946392,9.7879629,0.44814529,2.0027713,2.7298695,-0.000384728,-0.000715879,0.002420312,1.2105,0.34287758,0.000632356,0.11770668,4.1309263,0.7625428,288.491,287.963,289.289,-26.01,NaN,NaN,NaN,-0.0410008653128102,444.780531314684,42.4358362110674,15.250856,288.491,287.963,289.289,0.280391828433958+0i,0.000632356,20.8652403651533,534.497330350434,29.466492129071,20.9261551624931,9.9e+37,692.821,317.624,221.584
20260514174026.1,3209.82399992645,9.7878537,0.39688366,2.0026838,2.7299678,-0.00038451,-0.000718819,0.002399948,1.2105547,0.32019199,0.000634425,-0.1113953,4.1309591,0.60102881,288.478,287.963,289.294,-26.06,NaN,NaN,NaN,-0.0465366495874946,444.845132212243,37.3125430533423,12.0205762,288.478,287.963,289.294,0.260739887079141+0i,0.000634425,20.865604524468,533.261078872935,29.466492129071,20.9262732368676,-9.9e+37,-9.9e+37,-9.9e+37,195.49
20260514174028.2,3211.9410071522,9.7884766,0.53881559,2.0027166,2.7304487,-0.00038549,-0.00071773,0.002377734,1.2104126,0.41326738,0.000633336,0.11117754,4.131593,0.75494894,288.486,287.974,289.319,-26.11,NaN,NaN,NaN,-0.0444615213108221,445.161170580869,51.4977901052155,15.0989788,288.486,287.974,289.319,0.297951313306464+0i,0.000633336,20.8726423473223,534.085663613495,29.507597162703,20.9265389714506,1551.586,797.505,274.156,-9.9e+37
20260514174030.4,3214.0740070492,9.7888155,0.49169518,2.0030554,2.730099,-0.000385599,-0.000715879,0.002378496,1.2105328,0.11269785,0.000636167,0.05838654,4.1310684,0.69575737,288.497,287.963,289.346,-26.21,NaN,NaN,NaN,-0.0230269645992962,444.931354366461,46.7883871045267,13.9151474,288.497,287.963,289.346,0.251972808891892+0i,0.000636167,20.8668180187699,533.123439538397,29.466492129071,20.9277197151949,335.191,301.471,679,432.83
20260514174032.5,3216.22299961746,9.788881,0.5251403,2.0026729,2.7306455,-0.00038353,-0.000716532,0.002397226,1.2104017,0.32918593,0.000637801,-0.096151646,4.1310247,0.58515251,288.494,287.96,289.332,-26.24,NaN,NaN,NaN,-0.047226250142856,445.290503812197,50.1310267056337,11.7030502,288.494,287.96,289.332,0.287505414534611+0i,0.000637801,20.8663328430975,533.810384944418,29.4938954848258,20.9267751201994,-9.9e+37,-9.9e+37,-9.9e+37,266.582
20260514174034.6,3218.34399998188,9.7892198,0.45626621,2.0026401,2.7307657,-0.000385054,-0.000713701,0.002387208,1.2104126,0.17014021,0.000634643,-0.002807546,4.131287,0.740321,288.51,287.966,289.341,-26.26,NaN,NaN,NaN,-0.0493013784195284,445.369496974827,43.2474735677108,14.80642,288.51,287.966,289.341,0.25642390921284+0i,0.000634643,20.8692450073737,532.987051470539,29.4801938069481,20.9271882460289,9.9e+37,612.905,554.49,478.973
20260514174036.8,3220.46100720763,9.7889794,0.54146291,2.0030663,2.7307985,-0.000387123,-0.000713047,0.002430766,1.2104672,0.14305479,0.000636603,-0.11112295,4.1311887,0.56555619,288.502,287.966,289.338,-26.24,NaN,NaN,NaN,-0.0223373640439348,445.391052513382,51.7623738970752,11.3111238,288.502,287.966,289.338,0.247121784801705+0i,0.000636603,20.8681536396713,532.987051470539,29.4938954848258,20.9283394039391,394.48,-9.9e+37,234.379,705.482
20260514174038.9,3222.60900400579,9.7888264,0.52009336,2.0030226,2.7315635,-0.000385163,-0.000717839,0.002394177,1.2104782,0.19109728,0.000633554,0.083950526,4.1312761,0.70595601,288.5,287.96,289.384,-26.23,NaN,NaN,NaN,-0.0251020928759687,445.893796019306,49.6266152546234,14.1191202,288.5,287.96,289.384,0.25704354527692+0i,0.000633554,20.8691239910161,532.987051470539,29.4801938069481,20.9278082037352,9.9e+37,426.768,434.523,600.911
20260514174041.1,3224.78099986911,9.7887608,0.70487242,2.0027385,2.7317056,-0.000382876,-0.000715661,0.002434142,1.2105,0.30585215,0.00063486,0.11943235,4.131604,0.724197,288.489,287.99,289.408,-26.26,NaN,NaN,NaN,-0.0430759935894969,445.987181447008,68.094176543425,14.48394,288.489,287.99,289.408,0.312566396470621+0i,0.00063486,20.8727644739218,532.437745399057,28.3865507909218,20.9275128833181,-9.9e+37,324.611,484.429,234.246
20260514174043.2,3226.89900286496,9.7888045,0.58817522,2.0030445,2.7313559,-0.000382876,-0.000713483,0.002391999,1.2104672,0.11940672,0.000634643,-0.10066294,4.1310575,0.6223558,288.502,287.995,289.457,-26.35,NaN,NaN,NaN,-0.0237165651546434,445.7573652326,56.4309897449234,12.447116,288.502,287.995,289.457,0.288514302914327+0i,0.000634643,20.8666970024123,532.987051470539,29.452915011902,20.9273359062375,-9.9e+37,-9.9e+37,439.265,638.598
20260514174045.3,3229.02300059795,9.7887062,0.6126886,2.0028478,2.7312138,-0.00038255,-0.000715879,0.00238797,1.2104563,0.44071511,0.000612101,0.10117223,4.1309373,0.71029583,288.489,288.02,289.487,-26.37,NaN,NaN,NaN,-0.036161008204104,445.663979804898,58.8809553825107,14.2059166,288.489,288.02,289.487,0.290617977166497+0i,0.000612101,20.8653624917527,533.398718207478,29.5348759577496,20.9274539806119,-9.9e+37,323.821,88.791,-9.9e+37
20260514174047.4,3231.15600049496,9.7887936,0.62783376,2.0027822,2.7311045,-0.000385163,-0.000713047,0.002402344,1.2105219,0.3357955,0.000636385,0.11226061,4.1316149,0.75631515,288.483,288.033,289.49,-26.4,NaN,NaN,NaN,-0.0403112647574631,445.592149915751,60.3946234925699,15.126303,288.483,288.033,289.49,0.305663857902468+0i,0.000636385,20.8728854902794,533.123439538397,29.4801938069481,20.9270997574886,-9.9e+37,608.21,557.316,-9.9e+37
20260514174049.7,3233.3630092442,9.7888701,0.48052645,2.0029571,2.7310171,-0.000384401,-0.000711741,0.00237316,1.2104891,0.23354396,0.000618199,-0.00730141,4.1309263,0.73966299,288.494,288.012,289.468,-26.43,NaN,NaN,NaN,-0.029246022818711,445.534712291676,45.6721393771431,14.7932598,288.494,288.012,289.468,0.271552270221657+0i,0.000618199,20.8652403651533,533.398718207478,27.5253380559775,20.92695209728,-9.9e+37,393.163,778.968,152.257
20260514174051.9,3235.56600473821,9.7893291,0.66327692,2.0027275,2.7305908,-0.000384619,-0.000712067,0.002419223,1.2105109,0.45380003,0.00063584,-0.003336233,4.1314619,0.69754916,288.481,288.039,289.471,-26.47,NaN,NaN,NaN,-0.0437719207554323,445.25455600857,63.9369552349697,13.9509832,288.481,288.039,289.471,0.300890834075645+0i,0.00063584,20.8711868203051,533.948024278961,27.5253380559775,20.9275720549863,-9.9e+37,-9.9e+37,478.032,240.646
20260514174054,3237.71500736475,9.7898538,0.87688289,2.002651,2.7306455,-0.000384074,-0.000716096,0.002397771,1.2104891,0.14039546,0.000635078,0.033055687,4.1311122,0.68783178,288.513,288.044,289.487,-26.54,NaN,NaN,NaN,-0.0486117778641528,445.290503812197,85.2855936717542,13.7566356,288.513,288.044,289.487,0.410055487791198+0i,0.000635078,20.8673043046841,534.3596910159,27.5116363780999,20.9258894279101,1421.373,-9.9e+37,521.713,594.154
20260514174056.1,3239.84000086784,9.7895477,0.66492795,2.0030773,2.7308203,-0.000387123,-0.000714463,0.002415847,1.2103907,0.12809402,0.000636058,-0.10576554,4.1312214,0.59543516,288.491,288.039,289.46,-26.56,NaN,NaN,NaN,-0.0216414368779709,445.405379060348,64.101965803346,11.9087032,288.491,288.039,289.46,0.280681770967482+0i,0.000636058,20.8685166887442,534.771357752839,27.5527414117323,20.9281920126927,643.887,-9.9e+37,224.92,751.644
20260514174058.3,3241.96900762618,9.7884438,0.42921245,2.0026729,2.7306455,-0.000386143,-0.000717621,0.00244024,1.2104782,0.40527631,0.00063486,-0.017167816,4.1310466,0.58478804,288.494,288.047,289.482,-26.6,NaN,NaN,NaN,-0.047226250142856,445.290503812197,40.5436121513115,11.6957608,288.494,288.047,289.482,0.224752174960502+0i,0.00063486,20.8665759860546,533.398718207478,27.5253380559775,20.9281624268585,1415.805,-9.9e+37,-9.9e+37,339.947
20260514174100.4,3244.10600066185,9.7887936,0.48781259,2.0030554,2.730711,-0.00038353,-0.000714027,0.002432399,1.2103689,0.43174738,0.000639978,-0.040738347,4.1310356,0.65505123,288.489,288.042,289.479,-26.66,NaN,NaN,NaN,-0.0230269645992962,445.333549171201,46.4003454682921,13.1010246,288.489,288.042,289.479,0.223001390480485+0i,0.000639978,20.8664538594552,532.574133466919,27.5116363780999,20.9288117014368,9.9e+37,414.307,-9.9e+37,-9.9e+37
20260514174102.5,3246.23800478876,9.7886406,0.7110957,2.0027057,2.7306017,-0.000387014,-0.000718383,0.002441547,1.2104563,0.21759234,0.000635405,0.11348133,4.1310138,0.74650611,288.508,288.047,289.463,-26.69,NaN,NaN,NaN,-0.0451511218661693,445.261719282053,68.7161561379601,14.9301222,288.508,288.047,289.463,0.301494673445831+0i,0.000635405,20.8662118267399,533.261078872935,27.5253380559775,20.9278966922755,9.9e+37,954.585,592.07,317.995
20260514174104.7,3248.37900102139,9.7888482,0.61311309,2.0030445,2.7307766,-0.000385599,-0.000712503,0.002430548,1.2104235,0.15959347,0.000634969,-0.002099508,4.131134,0.68329336,288.497,288.031,289.463,-26.73,NaN,NaN,NaN,-0.0237165651546434,445.37666024831,58.92338061777,13.6658672,288.497,288.031,289.463,0.304139382651938+0i,0.000634969,20.8675463373994,532.987051470539,27.5390397338547,20.9270997574886,-9.9e+37,432.659,688.259,417.02
20260514174106.8,3250.52700787783,9.7891105,0.46090939,2.0026401,2.7312903,-0.000386143,-0.000713918,0.002390692,1.2104344,0.140043,0.000638781,-0.11208134,4.1304455,0.57846655,288.494,288.058,289.433,-26.81,NaN,NaN,NaN,-0.0493013784195284,445.714254155491,43.7115316229089,11.569331,288.494,288.058,289.433,0.258716634663346+0i,0.000638781,20.8599023225151,533.261078872935,28.3729736737523,20.9271882460289,-9.9e+37,-9.9e+37,301.425,691.183
20260514174108.9,3252.64900401235,9.7888045,0.90967652,2.0027822,2.7317493,-0.000387777,-0.000714136,0.002422381,1.2104563,0.46008333,0.00063682,-0.063418959,4.1308936,0.64377227,288.494,288.025,289.414,-26.9,NaN,NaN,NaN,-0.0403112647574631,446.015900259046,88.5631207460194,12.8754454,288.494,288.025,289.414,0.358054233585645+0i,0.00063682,20.8648773160803,533.398718207478,28.3318686401203,20.9274539806119,578.233,199.08,-9.9e+37,74.786
20260514174111.1,3254.78900447488,9.7887171,0.57875245,2.0028478,2.7318368,-0.000387668,-0.000714899,0.002399404,1.2103798,0.30979366,0.00063388,0.11917307,4.1302269,0.76674732,288.494,288.039,289.419,-26.98,NaN,NaN,NaN,-0.036161008204104,446.073403601227,55.4892402713343,15.3349464,288.494,288.039,289.419,0.256523801594003+0i,0.00063388,20.8574753339113,533.261078872935,27.6893845083814,20.9283689897732,1115.075,816.421,508.654,-9.9e+37
20260514174113.2,3256.92600756884,9.7884111,0.51956957,2.0026182,2.7320116,-0.00038843,-0.000716314,0.002354648,1.2103907,0.1470465,0.000636385,-0.1138915,4.1311777,0.61266787,288.5,288.006,289.398,-27.02,NaN,NaN,NaN,-0.0506869061408253,446.188278849378,49.574265578597,12.2533574,288.5,288.006,289.398,0.264187710382039+0i,0.000636385,20.8680315130718,533.948024278961,27.5116363780999,20.9276016408205,-9.9e+37,-9.9e+37,376.538,445.354
20260514174115.4,3259.08600389957,9.7877225,0.64030325,2.0026401,2.7319351,-0.000386688,-0.000715334,0.002356281,1.2104563,0.1784794,0.000632791,0.00896145,4.1304564,0.70903437,288.521,288.012,289.433,-26.95,NaN,NaN,NaN,-0.0493013784195284,446.138004498785,61.6408743979219,14.1806874,288.521,288.012,289.433,0.344230702499124+0i,0.000632791,20.8600233388728,533.810384944418,27.5663185289013,20.9260370881187,1474.407,469.964,512.378,506.742
20260514174117.5,3261.207004264,9.7877771,0.75514426,2.0026292,2.7320007,-0.000389955,-0.00071675,0.002406591,1.2103142,0.44380984,0.000636167,0.019131534,4.1305438,0.68534378,288.464,288.006,289.463,-26.91,NaN,NaN,NaN,-0.0499909789748756,446.181115575894,73.1185461137693,13.7068756,288.464,288.006,289.463,0.276279903795588+0i,0.000636167,20.8609936902176,533.398718207478,28.3592719958751,20.9288708731051,-9.9e+37,182.202,140.228,-9.9e+37
20260514174119.6,3263.340004161,9.7886406,0.53967875,2.0027713,2.7318258,-0.00038549,-0.000714572,0.002396464,1.2104126,0.44238033,0.000636276,-0.053577437,4.1302487,0.68172636,288.486,287.993,289.457,-26.94,NaN,NaN,NaN,-0.0410008653128102,446.066174609638,51.5840577818778,13.6345272,288.486,287.993,289.457,0.311689589708032+0i,0.000636276,20.8577173666266,533.536357542013,28.400252468799,20.926125576659,-9.9e+37,330.712,176.228,-9.9e+37
20260514174121.7,3265.45700132847,9.7890013,0.47197231,2.0028805,2.7323395,-0.000385708,-0.000717294,0.00235541,1.2105109,0.42774802,0.000633445,0.095354713,4.1308171,0.75577936,288.494,287.952,289.452,-26.94,NaN,NaN,NaN,-0.0340922065380482,446.403768516819,44.8172042739826,15.1155872,288.494,287.952,289.452,0.229850850600245+0i,0.000633445,20.8640279810932,534.771357752839,27.5527414117323,20.9283689897732,93.258,785.215,411.322,-9.9e+37
20260514174123.9,3267.60900132358,9.7895259,0.52772106,2.0030554,2.7319461,-0.000386361,-0.000714463,0.002411382,1.2104782,0.11124651,0.000635405,-0.091194304,4.1303252,0.64732749,288.508,287.938,289.425,-26.96,NaN,NaN,NaN,-0.0230269645992962,446.145233490374,50.3889582238029,12.9465498,288.508,287.938,289.425,0.270167954123315+0i,0.000635405,20.8585667016137,538.891778922279,27.5116363780999,20.9273654920716,-9.9e+37,190.798,636.859,462.121
20260514174126,3269.73400488496,9.7888482,0.52206957,2.0030336,2.7320663,-0.000386252,-0.000714354,0.002415521,1.2104782,0.23114653,0.000634751,0.11445855,4.1304782,0.7428592,288.505,287.949,289.4,-26.99,NaN,NaN,NaN,-0.0244061657100048,446.224226653004,49.8241256180517,14.857184,288.505,287.949,289.4,0.294847485333423+0i,0.000634751,20.860265371588,532.987051470539,27.5390397338547,20.9265682883226,298.359,567.597,589.799,268.436
20260514174128.2,3271.86700478196,9.7880722,0.65683321,2.002968,2.7318805,-0.000386688,-0.000716205,0.002397335,1.2103907,0.38282751,0.000638563,-0.050931825,4.1303471,0.59820362,288.497,287.955,289.389,-27.05,NaN,NaN,NaN,-0.0285564222633639,446.102122413264,63.2929449810358,11.9640724,288.497,287.955,289.389,0.284824153941682+0i,0.000638563,20.8588098445709,533.536357542013,26.4316950399507,20.9280739383182,-9.9e+37,-9.9e+37,-9.9e+37,-9.9e+37
20260514174130.4,3274.12100583315,9.7881488,0.61300942,2.0030226,2.7318368,-0.000386034,-0.000715443,0.002414105,1.2104126,0.26349714,0.000641067,-0.00693039,4.1302269,0.73379545,288.489,287.947,289.381,-27.08,NaN,NaN,NaN,-0.0251020928759687,446.073403601227,58.9130194216539,14.675909,288.489,287.947,289.381,0.283821863822344+0i,0.000641067,20.8574753339113,534.634969684977,27.5253380559775,20.9277197151949,1608.665,659.097,667.003,310.351
20260514174132.5,3276.25800892711,9.7880504,0.51943098,2.0029571,2.7312575,-0.000389192,-0.00071675,0.0024116,1.2104454,0.41042692,0.000634969,0.15738046,4.1302487,0.7140082,288.478,287.963,289.419,-27.1,NaN,NaN,NaN,-0.029246022818711,445.692698616936,49.5604143374498,14.280164,288.478,287.963,289.419,0.263142212459136+0i,0.000634969,20.8577173666266,533.123439538397,26.4316950399507,20.9276901293608,-9.9e+37,384.082,370.459,-9.9e+37
20260514174134.7,3278.39900515974,9.7879192,0.70057951,2.002662,2.730864,-0.000388974,-0.000713265,0.002426955,1.2104235,0.12230939,0.000632682,-0.14067262,4.1304017,0.63799202,288.505,288.006,289.4,-27.19,NaN,NaN,NaN,-0.0479158506982031,445.434097872386,67.6651258786348,12.7598404,288.505,288.006,289.4,0.285578769573256+0i,0.000632682,20.8594160366009,533.672745609879,26.3770128891492,20.9283394039391,-9.9e+37,-9.9e+37,617.822,540.445
20260514174136.8,3280.52700608969,9.7881378,0.5933531,2.002968,2.7309733,-0.000386252,-0.000719472,0.002414214,1.210347,0.2831873,0.000637038,-0.14345852,4.1305329,0.58617935,288.491,288.004,289.4,-27.19,NaN,NaN,NaN,-0.0285564222633639,445.505927761533,56.9484878653601,11.723587,288.491,288.004,289.4,0.286560691796779+0i,0.000637038,20.8608726738599,531.888439327575,26.404416244904,20.9275720549863,554.726,-9.9e+37,-9.9e+37,536.371
20260514174139,3282.74200111628,9.7887827,0.5251654,2.002815,2.7305034,-0.000390717,-0.000718819,0.002373051,1.2104235,0.146562,0.000636276,-0.003755699,4.1303034,0.67813838,288.505,288.028,289.389,-27.3,NaN,NaN,NaN,-0.0382361364807764,445.197118384495,50.1335353004298,13.5627676,288.505,288.028,289.389,0.250440603377622+0i,0.000636276,20.8583246688985,534.222051681357,26.4590983957055,20.9281624268585,9.9e+37,871.275,318.735,429.238
20260514174141.1,3284.85600091517,9.7878099,0.50114087,2.0026838,2.7297383,-0.000387341,-0.000716205,0.002351381,1.2104235,0.16357536,0.000631267,-0.093551882,4.1302924,0.58617062,288.508,288.033,289.392,-27.36,NaN,NaN,NaN,-0.0465366495874946,444.694309160465,47.7324272949574,11.7234124,288.508,288.033,289.392,0.282230209597631+0i,0.000631267,20.858202542299,534.085663613495,27.5390397338547,20.9267751201994,-9.9e+37,-9.9e+37,313.294,671.626
20260514174143.3,3286.98400184512,9.7888373,0.53400763,2.0028696,2.7298367,-0.000387668,-0.000715007,0.002393197,1.2103798,0.39471102,0.00063584,-0.019585404,4.1308389,0.58676752,288.489,288.055,289.43,-27.4,NaN,NaN,NaN,-0.0347818070933954,444.758975776129,51.0172632750968,11.7353504,288.489,288.055,289.43,0.31061727068157+0i,0.00063584,20.8642700138085,533.948024278961,27.5390397338547,20.926125576659,1240.47,-9.9e+37,-9.9e+37,364.323
20260514174145.4,3289.14100080729,9.7879411,0.54581694,2.0027931,2.7293339,-0.00038843,-0.000717185,0.002359657,1.2103361,0.43378689,0.00063486,0.11126236,4.1302269,0.73701022,288.489,288.042,289.455,-27.37,NaN,NaN,NaN,-0.0396216642021017,444.428545142431,52.19753314011,14.7402044,288.489,288.042,289.455,0.305640726007691+0i,0.00063486,20.8574753339113,532.16246672998,27.5937218846561,20.9264502139481,9.9e+37,863.796,222.968,-9.9e+37
20260514174147.6,3291.28900766373,9.7879629,0.44440019,2.0027822,2.7287,-0.000388866,-0.000714899,0.00238013,1.210347,0.30677314,0.000638127,-0.11783752,4.1302378,0.59037077,288.494,288.033,289.471,-27.43,NaN,NaN,NaN,-0.0403112647574631,444.01195807262,42.0615358775626,11.8074154,288.494,288.033,289.471,0.268393219580485+0i,0.000638127,20.857596350269,533.398718207478,27.5527414117323,20.926657045825,-9.9e+37,-9.9e+37,-9.9e+37,227.944
20260514174149.7,3293.41000802815,9.788105,0.66359447,2.0030663,2.728853,-0.000390172,-0.000714136,0.002396028,1.2104017,0.16742631,0.000638236,-0.10238577,4.1303689,0.58607459,288.5,288.025,289.455,-27.47,NaN,NaN,NaN,-0.0223373640439348,444.112506773805,63.9686924571812,11.7214918,288.5,288.025,289.455,0.300396487089815+0i,0.000638236,20.8590518772861,533.948024278961,26.404416244904,20.9276309576925,9.9e+37,257.372,248.914,646.163
20260514174151.9,3295.56600116193,9.7872635,0.73630856,2.002815,2.7287219,-0.000388539,-0.000715116,0.002376536,1.2103798,0.38565707,0.000635949,0.1148129,4.1302487,0.75218159,288.502,288.028,289.449,-27.47,NaN,NaN,NaN,-0.0382361364807764,444.026350337692,71.2360306157065,15.0436318,288.502,288.028,289.449,0.357455583942242+0i,0.000635949,20.8577173666266,533.536357542013,26.4179933620735,20.9264502139481,9.9e+37,819.167,302.557,-9.9e+37
20260514174154.1,3297.79300577939,9.7870777,0.62547998,2.0026838,2.7280989,-0.000390281,-0.00071479,0.002338531,1.2104126,0.2379427,0.000637692,-0.00720102,4.1313745,0.70576504,288.491,288.039,289.411,-27.57,NaN,NaN,NaN,-0.0465366495874946,443.616926541364,60.1593772671028,14.1153008,288.491,288.039,289.411,0.305477818072568+0i,0.000637692,20.8702164689603,534.497330350434,27.4433771101294,20.9271293433227,-9.9e+37,555.166,697.807,286.626
20260514174156.3,3300.01200400293,9.7874165,0.44971993,2.0030773,2.7282847,-0.000388321,-0.000716096,0.00238503,1.2103361,0.15417768,0.000634207,-0.004549657,4.1302706,0.67486142,288.494,288.042,289.392,-27.59,NaN,NaN,NaN,-0.0216414368779709,443.739030781104,42.5932120560782,13.4972284,288.494,288.042,289.392,0.277949122249243+0i,0.000634207,20.8579605095837,533.398718207478,27.4159737543746,20.9263617254079,-9.9e+37,531.305,613.709,313.768
20260514174158.4,3302.13700756431,9.7881269,0.50967648,2.0029024,2.7285688,-0.000390608,-0.000715225,0.00236924,1.2104235,0.20685137,0.000624189,0.11976807,4.13144,0.67991381,288.513,288.042,289.392,-27.62,NaN,NaN,NaN,-0.032706678816723,443.925735918402,48.5855104355054,13.5982762,288.513,288.042,289.392,0.27584822685462+0i,0.000624189,20.870943677348,533.536357542013,27.5390397338547,20.9270997574886,-9.9e+37,248.823,777.68,342.925
20260514174200.6,3304.28500436246,9.7880613,0.67385312,2.0027603,2.7286016,-0.000389628,-0.00070978,0.002373596,1.2104454,0.37494884,0.000636276,0.11271089,4.131604,0.7075001,288.481,288.061,289.357,-27.66,NaN,NaN,NaN,-0.0416967924787883,443.947291456957,64.993983134682,14.150002,288.481,288.061,289.357,0.308458707066549+0i,0.000636276,20.8727644739218,533.536357542013,28.3729736737523,20.9273948089436,-9.9e+37,184.439,552.528,-9.9e+37
20260514174202.7,3306.41000792384,9.7881488,0.7038914,2.002968,2.7284923,-0.000390935,-0.000709563,0.002398424,1.2103907,0.14276998,0.000637583,-0.11239201,4.1313307,0.59332582,288.489,288.061,289.341,-27.75,NaN,NaN,NaN,-0.0285564222633639,443.875461567809,67.9961294650627,11.8665164,288.489,288.061,289.341,0.304667922398252+0i,0.000637583,20.8697301830461,533.672745609879,28.3592719958751,20.9277197151949,-9.9e+37,-9.9e+37,512.874,510.962
20260514174204.8,3308.54700095952,9.7877662,0.40501769,2.0026292,2.728241,-0.000390172,-0.000712721,0.002381218,1.2102924,0.25021903,0.000634534,-0.11609814,4.1312324,0.55242106,288.494,288.052,289.313,-27.82,NaN,NaN,NaN,-0.0499909789748756,443.710311969066,38.1254906760326,11.0484212,288.494,288.052,289.313,0.215331058370864+0i,0.000634534,20.8686388153437,534.222051681357,28.3729736737523,20.9282213295647,1220.01,-9.9e+37,-9.9e+37,646.593
20260514174207,3310.68800725043,9.7878318,0.43544119,2.0026729,2.7280989,-0.00039137,-0.000715443,0.002362706,1.2104017,0.14201376,0.000636603,0.041549432,4.1309701,0.65096785,288.51,288.05,289.311,-27.8,NaN,NaN,NaN,-0.047226250142856,443.616926541364,41.1661374401728,13.019357,288.51,288.05,289.311,0.23106188044219+0i,0.000636603,20.8657266510675,534.3596910159,29.4801938069481,20.9278966922755,9.9e+37,-9.9e+37,229.148,826.67
20260514174209.1,3312.81600818038,9.7881706,0.76067243,2.0026947,2.7284923,-0.000390499,-0.000713918,0.002394068,1.2103361,0.39025662,0.000634098,-0.005615635,4.1315603,0.58813484,288.505,288.055,289.308,-27.83,NaN,NaN,NaN,-0.045847049032119,443.875461567809,73.6710536234943,11.7626968,288.505,288.055,289.308,0.324006405914112+0i,0.000634098,20.8722792982494,533.948024278961,27.5937218846561,20.9275424691522,1365.621,-9.9e+37,-9.9e+37,402.589
20260514174211.2,3314.94900807738,9.7878537,0.57690063,2.0027166,2.7280879,-0.000392459,-0.000717294,0.002378823,1.2104017,0.39972304,0.000635949,-0.013693397,4.1309482,0.60491686,288.467,288.063,289.335,-27.86,NaN,NaN,NaN,-0.0444615213108221,443.609697549776,55.3041619440291,12.0983372,288.467,288.063,289.335,0.257141276961769+0i,0.000635949,20.8654835081104,533.398718207478,27.5390397338547,20.9283394039391,9.9e+37,266.758,-9.9e+37,271.548
20260514174213.4,3317.10200384259,9.7878099,0.5662535,2.0026947,2.7280989,-0.000391915,-0.00071675,0.002424341,1.2104017,0.13314969,0.000636058,0.028089176,4.1309701,0.70154633,288.519,288.066,289.357,-27.89,NaN,NaN,NaN,-0.045847049032119,443.616926541364,54.2400450152774,14.0309266,288.519,288.066,289.357,0.261117294878286+0i,0.000636058,20.8657266510675,534.634969684977,26.4316950399507,20.9281328410244,9.9e+37,697.311,415.989,625.345
20260514174215.5,3319.24200430512,9.788116,0.56608544,2.0028478,2.7286126,-0.00039039,-0.000716641,0.002417698,1.2104235,0.13053292,0.000633989,-0.053770944,4.1315056,0.60820802,288.508,288.058,289.316,-27.88,NaN,NaN,NaN,-0.036161008204104,443.954520448545,54.2232484239851,12.1641604,288.508,288.058,289.316,0.280080915944085+0i,0.000633989,20.8716719959775,533.398718207478,27.5663185289013,20.927483566446,1112.465,-9.9e+37,267.303,770.282
20260514174217.7,3321.38300053775,9.7881378,0.49233901,2.0029461,2.7285361,-0.000389955,-0.00071577,0.002378387,1.2103798,0.3959081,0.00063682,0.11312263,4.1314291,0.7089809,288.486,288.052,289.332,-27.92,NaN,NaN,NaN,-0.0299419499846891,443.904246097952,46.8527340602075,14.179618,288.486,288.052,289.332,0.284043095313943+0i,0.00063682,20.8708226609904,533.398718207478,27.5116363780999,20.9266274599909,819.406,529.061,89.767,173.425
20260514174219.8,3323.50400090218,9.788116,0.70261139,2.0029461,2.7281098,-0.000391261,-0.000717948,0.002362815,1.2103579,0.11199946,0.000636929,0.000922018,4.1309701,0.63868168,288.513,288.061,289.343,-27.93,NaN,NaN,NaN,-0.0299419499846891,443.624089814847,67.8682001254217,12.7736336,288.513,288.061,289.343,0.316406566218641+0i,0.000636929,20.8657266510675,533.261078872935,27.5390397338547,20.9273948089436,184.447,-9.9e+37,506.444,599.729
20260514174221.9,3325.64900033176,9.7880613,0.61791886,2.0030008,2.7287765,-0.000391915,-0.000717076,0.002324157,1.2103689,0.40632716,0.000621575,0.1117586,4.130981,0.68990075,288.502,288.088,289.357,-27.98,NaN,NaN,NaN,-0.0264812939866772,444.062232423213,59.4036885704941,13.798015,288.502,288.088,289.357,0.320115012318733+0i,0.000621575,20.8658476674251,531.475521323954,27.5527414117323,20.926657045825,-9.9e+37,432.783,211.026,-9.9e+37
20260514174224.1,3327.82400362194,9.7876569,0.43755381,2.0027385,2.7287,-0.000390935,-0.000716859,0.002397771,1.2102814,0.13671148,0.00063889,-0.11076219,4.1309482,0.60853648,288.494,288.058,289.36,-27.96,NaN,NaN,NaN,-0.0430759935894969,444.01195807262,41.3772811667939,12.1707296,288.494,288.058,289.36,0.285439732226684+0i,0.00063889,20.8654835081104,533.536357542013,28.2636093721494,20.9258894279101,-9.9e+37,-9.9e+37,347.86,579.861
20260514174226.3,3329.97699938715,9.7878209,0.53124573,2.0026401,2.7295634,-0.000391806,-0.000715987,0.002383614,1.2102486,0.44899972,0.000636058,-0.056092812,4.1314072,0.63017446,288.483,288.058,289.384,-27.95,NaN,NaN,NaN,-0.0493013784195284,444.579368194209,50.7412278979088,12.6034892,288.483,288.058,289.384,0.268925912168866+0i,0.000636058,20.8705795180333,532.574133466919,27.5116363780999,20.9275720549863,754.622,184.248,-9.9e+37,-9.9e+37
20260514174228.4,3332.10600614548,9.7880832,0.51232598,2.0030336,2.7300334,-0.000390063,-0.000714899,0.002388188,1.2104126,0.44380438,0.00063682,0.10106758,4.1308936,0.7385794,288.489,288.08,289.387,-27.97,NaN,NaN,NaN,-0.0244061657100048,444.888243289352,48.8503121053195,14.771588,288.489,288.08,289.387,0.295065231561662+0i,0.00063682,20.8648773160803,533.261078872935,28.3865507909218,20.9264208970761,1157.083,754.166,127.068,-9.9e+37
20260514174230.5,3334.2380002141,9.788105,0.56452716,2.0030445,2.7304924,-0.000388103,-0.000717839,0.002385248,1.2104126,0.22254219,0.000639978,-0.11968067,4.1310247,0.60483393,288.489,288.082,289.389,-28.06,NaN,NaN,NaN,-0.0237165651546434,445.189889392907,54.0675076630725,12.0966786,288.489,288.082,289.389,0.295799034421523+0i,0.000639978,20.8663328430975,534.3596910159,28.3729736737523,20.9268931945739,418.363,-9.9e+37,227.811,349.748
20260514174232.7,3336.41400933266,9.7880941,0.52199646,2.002815,2.7316073,-0.00038745,-0.000716859,0.00234365,1.2103142,0.16377724,0.000631376,-0.10400732,4.1309373,0.59916827,288.486,288.069,289.408,-28.2,NaN,NaN,NaN,-0.0382361364807764,445.922580549449,49.8168187110579,11.9833654,288.486,288.069,289.408,0.274704435618776+0i,0.000631376,20.8653624917527,532.849412135996,27.5527414117323,20.9272767345692,9.9e+37,170.652,96.25,697.566
20260514174234.8,3338.55500556529,9.7874165,0.43426376,2.0030663,2.7317931,-0.000387777,-0.000716859,0.002387643,1.2104126,0.45589301,0.000634316,-0.046526356,4.1303689,0.63495295,288.481,288.05,289.384,-28.21,NaN,NaN,NaN,-0.0223373640439348,446.044684789189,41.0484603576707,12.699059,288.481,288.05,289.384,0.245163584265381+0i,0.000634316,20.8590518772861,533.261078872935,27.703086186259,20.9274243947778,9.9e+37,438.294,-9.9e+37,96.207
20260514174237,3340.71500189602,9.7877662,0.57694974,2.002662,2.7320226,-0.000387777,-0.000714681,0.002409096,1.2104563,0.41344307,0.000632138,0.10946744,4.1313089,0.72521511,288.494,288.066,289.419,-28.27,NaN,NaN,NaN,-0.0479158506982031,446.195507840966,55.3090701946442,14.5043022,288.494,288.066,289.419,0.327792893380063+0i,0.000632138,20.8694881503308,532.574133466919,28.3318686401203,20.9259779164504,1293.938,824.071,165.554,-9.9e+37
20260514174239.2,3342.93400011957,9.7877116,0.59125248,2.0026401,2.73258,-0.000387232,-0.000718601,0.002395048,1.2103689,0.28524754,0.000632465,-0.0072905,4.131604,0.75890791,288.491,288.047,289.406,-28.33,NaN,NaN,NaN,-0.0493013784195284,446.561820560185,56.7385434669284,15.1781582,288.491,288.047,289.406,0.280330438322171+0i,0.000632465,20.8727644739218,533.123439538397,28.3865507909218,20.9276605435266,-9.9e+37,726.872,702.426,-9.9e+37
20260514174241.4,3345.08200697601,9.7880395,0.59012088,2.0027057,2.7334762,-0.000384292,-0.000716641,0.002359439,1.2103142,0.44520443,0.00063682,0.12454641,4.1316149,0.65472277,288.483,288.047,289.476,-28.35,NaN,NaN,NaN,-0.0451511218661693,447.150786220328,56.6254468186696,13.0944554,288.483,288.047,289.476,0.28259039070875+0i,0.00063682,20.8728854902794,533.398718207478,28.4276558245533,20.9275720549863,-9.9e+37,281.47,178.98,-9.9e+37
20260514174243.5,3347.24999964237,9.7880832,0.59245393,2.0030445,2.733192,-0.00038549,-0.00071381,0.002335591,1.2103798,0.26635615,0.000634425,0.15807666,4.130981,0.73430506,288.497,288.028,289.482,-28.37,NaN,NaN,NaN,-0.0237165651546434,446.964015364924,56.8586212046895,14.6861012,288.497,288.028,289.482,0.268609393607183+0i,0.000634425,20.8658476674251,533.672745609879,28.3729736737523,20.9280443524841,-9.9e+37,832.223,614.349,-9.9e+37
20260514174245.7,3349.38700273633,9.788116,0.57503243,2.002815,2.7336183,-0.00038353,-0.000714463,0.002428588,1.2104563,0.34148844,0.000637147,0.14478002,4.1315712,0.72640783,288.489,288.017,289.485,-28.45,NaN,NaN,NaN,-0.0382361364807764,447.244171648029,55.1174465337454,14.5281566,288.489,288.017,289.485,0.286460176734159+0i,0.000637147,20.872400314607,533.948024278961,28.3729736737523,20.9273063204033,-9.9e+37,600.229,623.02,-9.9e+37
20260514174247.8,3351.52700319886,9.788116,0.55297104,2.002804,2.7336183,-0.000381352,-0.000714463,0.002389277,1.2103033,0.29848199,0.000636058,-0.17990341,4.1315165,0.59838367,288.497,288.009,289.449,-28.42,NaN,NaN,NaN,-0.0389320636467545,447.244171648029,52.9125426234151,11.9676734,288.497,288.009,289.449,0.282492719135462+0i,0.000636058,20.8717930123352,533.948024278961,28.3729736737523,20.9272474176972,-9.9e+37,-9.9e+37,314.041,105.71
20260514174250.1,3353.79300378263,9.7881378,0.56513607,2.0028587,2.7335746,-0.000372313,-0.000714681,0.002398968,1.210347,0.17458587,0.000637147,-0.000914722,4.1309482,0.55988398,288.521,288.025,289.452,-28.42,NaN,NaN,NaN,-0.0354714076487426,447.215452835992,54.1283645737222,11.1976796,288.521,288.025,289.452,0.264176373780545+0i,0.000637147,20.8654835081104,533.398718207478,28.3182915229509,20.9279851808158,9.9e+37,137.535,-9.9e+37,495.986
20260514174252.2,3355.95300011337,9.7885531,0.4124446,2.002651,2.7327221,-0.000372749,-0.000712503,0.002376318,1.2103033,0.36102475,0.000635732,0.11357149,4.1313635,0.76098779,288.491,288.02,289.433,-28.4,NaN,NaN,NaN,-0.0486117778641528,446.655205987887,38.8677658862833,15.2197558,288.491,288.02,289.433,0.214291047477333+0i,0.000635732,20.8700943423609,524.472181729254,28.3592719958751,20.928546235816,9.9e+37,981.536,376.569,-9.9e+37
20260514174254.4,3358.10900330544,9.7884766,0.48105569,2.0026292,2.7326018,-0.000379392,-0.000709889,0.002348223,1.2103689,0.395895,0.000636385,-0.005104153,4.1311887,0.60978157,288.478,288.052,289.411,-28.41,NaN,NaN,NaN,-0.0499909789748756,446.576147107151,45.7250337480555,12.1956314,288.478,288.052,289.411,0.241487117290479+0i,0.000636385,20.8681536396713,534.085663613495,28.400252468799,20.9280147666499,-9.9e+37,178.333,109.672,-9.9e+37
20260514174256.5,3360.24999953806,9.7878318,0.51307893,2.0026292,2.7326565,-0.000374927,-0.000714681,0.002375447,1.2102814,0.12593885,0.000634425,0.053869224,4.1305547,0.69025322,288.516,288.061,289.392,-28.46,NaN,NaN,NaN,-0.0499909789748756,446.612094910777,48.9255649520025,13.8050644,288.516,288.061,289.392,0.250704702163026+0i,0.000634425,20.8611147065752,533.948024278961,28.3592719958751,20.9279851808158,1494.714,553.274,630.416,505.055
20260514174258.7,3362.3990021646,9.7879083,0.4742617,2.002662,2.7321647,-0.000379392,-0.000714899,0.002407244,1.2103361,0.427066,0.000634643,0.10193918,4.1306859,0.70512886,288.481,288.093,289.4,-28.47,NaN,NaN,NaN,-0.0479158506982031,446.288893268668,45.0460151042735,14.1025772,288.481,288.093,289.4,0.231693931407842+0i,0.000634643,20.8625713438342,533.948024278961,28.3865507909218,20.9283100870671,-9.9e+37,524.739,281.941,-9.9e+37
20260514174300.9,3364.64100368321,9.7878318,0.69167182,2.0026401,2.7320554,-0.000383856,-0.000714572,0.002422925,1.2102814,0.2646582,0.000637909,-0.00748256,4.1308061,0.73475574,288.497,288.091,289.376,-28.52,NaN,NaN,NaN,-0.0493013784195284,446.217063379521,66.7748555686947,14.6951148,288.497,288.091,289.376,0.303535505137263+0i,0.000637909,20.8639058544937,535.320663824317,28.4139541466766,20.9276309576925,-9.9e+37,462.074,750.655,163.671
20260514174303.1,3366.8050032109,9.7880285,0.63885191,2.0028259,2.7318477,-0.000377867,-0.000712721,0.002443616,1.2104563,0.2229023,0.00063682,-0.14724181,4.1302269,0.57955123,288.497,288.085,289.381,-28.55,NaN,NaN,NaN,-0.0375465359254292,446.08056687471,61.495821650057,11.5910246,288.497,288.085,289.381,0.311383504062064+0i,0.00063682,20.8574753339113,533.536357542013,28.3455703179975,20.9270405858203,-9.9e+37,-9.9e+37,316.899,572.069
20260514174305.2,3368.92600357533,9.7877225,0.56298962,2.0026292,2.7319242,-0.000381352,-0.000715007,0.00237414,1.2103361,0.43417428,0.000639325,0.14882084,4.1304782,0.68976762,288.491,288.104,289.411,-28.62,NaN,NaN,NaN,-0.0499909789748756,446.130841225302,53.9138397410472,13.7953524,288.491,288.104,289.411,0.272808685529969+0i,0.000639325,20.860265371588,533.948024278961,28.3455703179975,20.9276605435266,817.388,435.356,-9.9e+37,-9.9e+37
20260514174307.5,3371.16800509393,9.7880613,0.53996793,2.0030008,2.7319242,-0.000384836,-0.000714572,0.002373487,1.2103251,0.4248639,0.000635514,0.002540641,4.1304455,0.68523357,288.475,288.104,289.452,-28.69,NaN,NaN,NaN,-0.0264812939866772,446.130841225302,51.6129595923616,13.7046714,288.475,288.104,289.452,0.269093611885316+0i,0.000635514,20.8599023225151,534.497330350434,28.4139541466766,20.9275720549863,-9.9e+37,-9.9e+37,195.691,181.139
20260514174309.6,3373.30900132656,9.7880613,0.70948941,2.0030117,2.7319023,-0.000386579,-0.000715661,0.002431855,1.2103907,0.15938068,0.000637038,-0.11391545,4.1302924,0.60976302,288.497,288.088,289.438,-28.69,NaN,NaN,NaN,-0.02579169343133,446.11644896023,68.5556170648498,12.1952604,288.497,288.088,289.438,0.317544292123771+0i,0.000637038,20.858202542299,533.948024278961,28.3729736737523,20.9273654920716,9.9e+37,-9.9e+37,-9.9e+37,643.416
20260514174311.8,3375.46500451863,9.7878974,0.55008256,2.0027494,2.7318368,-0.00038647,-0.000716423,0.002391999,1.2103142,0.4208089,0.000634643,0.11072715,4.1302487,0.76182695,288.5,288.096,289.487,-28.76,NaN,NaN,NaN,-0.0423863930341355,446.073403601227,52.6238563327095,15.236539,288.5,288.096,289.487,0.249936970119155+0i,0.000634643,20.8577173666266,533.261078872935,28.400252468799,20.9283394039391,9.9e+37,716.573,98.833,-9.9e+37
20260514174314,3377.67999954522,9.7879192,0.55037828,2.0027385,2.7318477,-0.000387232,-0.000719363,0.00237512,1.2103579,0.25541658,0.000638018,-0.00733087,4.1307515,0.75644828,288.483,288.074,289.482,-28.75,NaN,NaN,NaN,-0.0430759935894969,446.08056687471,52.6534117770565,15.1289656,288.483,288.074,289.482,0.280143447394184+0i,0.000638018,20.8632996624637,533.672745609879,29.1930813750646,20.9272767345692,-9.9e+37,558.485,661.347,174.034
20260514174316.2,3379.95700389147,9.7880722,0.60468225,2.0027166,2.7323395,-0.000389737,-0.000713918,0.002391346,1.2103907,0.39745546,0.00063889,-0.001008483,4.1302487,0.75981145,288.491,288.069,289.509,-28.75,NaN,NaN,NaN,-0.0444615213108221,446.403768516819,58.0807686117554,15.196229,288.491,288.069,289.509,0.297814683914366+0i,0.00063889,20.8577173666266,532.300106064514,28.3592719958751,20.927217831863,-9.9e+37,388.662,619.244,-9.9e+37
20260514174318.4,3382.09000378847,9.7887062,0.4128178,2.0027275,2.7329297,-0.000388974,-0.000715661,0.002386554,1.2103907,0.16693307,0.000638454,0.03651617,4.1309045,0.70110548,288.513,288.058,289.517,-28.79,NaN,NaN,NaN,-0.0437719207554323,446.791636774592,38.9050649929731,14.0221096,288.513,288.058,289.517,0.220943634348228+0i,0.000638454,20.864998332438,532.849412135996,29.452915011902,20.9280739383182,-9.9e+37,113.99,749.516,352.776
20260514174320.5,3384.2310000211,9.7884876,0.51068259,2.002662,2.7324816,-0.000374491,-0.000715007,0.002363904,1.210347,0.15742302,0.000636712,-0.006414602,4.1310029,0.67898844,288.508,288.055,289.539,-28.86,NaN,NaN,NaN,-0.0479158506982031,446.497153944521,48.6860651092238,13.5797688,288.508,288.055,289.539,0.260648596202383+0i,0.000636712,20.8660908103822,533.948024278961,29.4938954848258,20.9275720549863,-9.9e+37,-9.9e+37,713.029,401.496
20260514174322.7,3386.36300414801,9.7881269,0.49787919,2.0030663,2.7326237,-0.000366542,-0.000714027,0.002367171,1.2103579,0.1770204,0.000636058,0.023847584,4.1310903,0.68938133,288.51,288.072,289.514,-28.92,NaN,NaN,NaN,-0.0223373640439348,446.590539372223,47.406441897562,13.7876266,288.51,288.072,289.514,0.238774918893682+0i,0.000636058,20.867061161727,534.497330350434,29.507597162703,20.9282213295647,-9.9e+37,-9.9e+37,680.269,428.235
20260514174324.9,3388.57400603592,9.7886624,0.50132201,2.0027385,2.7324379,-0.000372422,-0.000713374,0.002396464,1.2104017,0.24966578,0.000635405,-0.00734179,4.1314072,0.73415556,288.494,288.058,289.512,-28.99,NaN,NaN,NaN,-0.0430759935894969,446.468435132483,47.7505311539762,14.6831112,288.494,288.058,289.512,0.227079728614791+0i,0.000635405,20.8705795180333,533.810384944418,28.3865507909218,20.9287232128965,-9.9e+37,-9.9e+37,659.799,269.17
20260514174327.1,3390.82800708711,9.788116,0.58271034,2.0029461,2.7318805,-0.000372313,-0.000709889,0.002372289,1.2103361,0.14595964,0.000636712,-0.000655768,4.1306859,0.52582232,288.502,288.058,289.525,-29.1,NaN,NaN,NaN,-0.0299419499846891,446.102122413264,55.8848076919573,10.5164464,288.502,288.058,289.525,0.248831425164292+0i,0.000636712,20.8625713438342,533.261078872935,28.3592719958751,20.9286347243563,-9.9e+37,-9.9e+37,-9.9e+37,482.37
20260514174329.3,3392.97699965537,9.7884985,0.52779526,2.002651,2.7318586,-0.000366978,-0.000709672,0.002395157,1.2104017,0.25495717,0.000637365,-0.11895859,4.1303362,0.58820796,288.5,288.05,289.504,-29.11,NaN,NaN,NaN,-0.0486117778641528,446.087730148193,50.3963740697739,11.7641592,288.5,288.05,289.504,0.249339725600691+0i,0.000637365,20.8586888282132,533.948024278961,27.5800202067785,20.9281920126927,1502.135,-9.9e+37,-9.9e+37,512.848
20260514174331.4,3395.10900378227,9.7879192,0.49386892,2.002651,2.7320991,-0.000365017,-0.000709672,0.002370982,1.2104126,0.38729064,0.000635514,0.11503047,4.1313635,0.75734418,288.489,288.072,289.523,-29.12,NaN,NaN,NaN,-0.0486117778641528,446.245782191559,47.0056394093924,15.1468836,288.489,288.072,289.523,0.238961310338444+0i,0.000635514,20.8700943423609,532.849412135996,28.3592719958751,20.9282509153988,9.9e+37,832.565,284.4,-9.9e+37
20260514174333.6,3397.33600839972,9.788728,0.62173598,2.0027275,2.7317056,-0.000361206,-0.000710543,0.002410076,1.210347,0.22910593,0.000633989,-0.00720538,4.1311668,0.74186509,288.5,288.052,289.476,-29.14,NaN,NaN,NaN,-0.0437719207554323,445.987181447008,59.7851868720154,14.8373018,288.5,288.052,289.476,0.248464385306967+0i,0.000633989,20.8679104967142,533.948024278961,28.3865507909218,20.9289001899771,-9.9e+37,540.051,697.894,210.651
20260514174335.8,3399.47700463235,9.7888373,0.62858999,2.0028587,2.7317165,-0.000361206,-0.000713156,0.002373922,1.2104782,0.40787125,0.000634425,0.15863865,4.13144,0.70132481,288.486,288.042,289.474,-29.17,NaN,NaN,NaN,-0.0354714076487426,445.994344720491,60.4702041556246,14.0264962,288.486,288.042,289.474,0.269535795917765+0i,0.000634425,20.870943677348,533.810384944418,28.3455703179975,20.928280501233,-9.9e+37,323.257,412.147,-9.9e+37
20260514174337.9,3401.62500143051,9.7888701,0.39440002,2.0029133,2.7316728,-0.000365453,-0.000712721,0.002361835,1.2102814,0.31925899,0.000632682,-0.14760737,4.1313635,0.59723569,288.481,288.039,289.476,-29.22,NaN,NaN,NaN,-0.0320170782613616,445.965625908453,37.0643180979858,11.9447138,288.481,288.039,289.476,0.21318511494756+0i,0.000632682,20.8700943423609,533.536357542013,26.882853924239,20.9282509153988,-9.9e+37,-9.9e+37,224.895,218.041
20260514174340.2,3403.89900840819,9.7888373,0.65714203,2.0028915,2.7316838,-0.000371442,-0.000713265,0.002380674,1.2104235,0.13057875,0.000636385,-0.00050179,4.1309701,0.55447475,288.502,288.042,289.474,-29.3,NaN,NaN,NaN,-0.0333962793720701,445.972854900042,63.3238096919896,11.089495,288.502,288.042,289.474,0.27568882656997+0i,0.000636385,20.8657266510675,534.085663613495,27.5253380559775,20.9283100870671,9.9e+37,397.135,-9.9e+37,502.705
20260514174342.4,3406.07000850141,9.7893729,0.62612272,2.0026729,2.73164,-0.000371225,-0.000713592,0.002364666,1.2104126,0.39447532,0.000637038,0.11213701,4.1315821,0.71719677,288.481,288.052,289.471,-29.35,NaN,NaN,NaN,-0.047226250142856,445.944070369899,60.2236152838064,14.3439354,288.481,288.052,289.471,0.280574352792166+0i,0.000637038,20.8725213309647,532.987051470539,27.5390397338547,20.9279558639438,1309.389,926.687,329.219,-9.9e+37
20260514174344.5,3408.21900106966,9.7884766,0.44092899,2.0026292,2.7313668,-0.000369156,-0.00071381,0.002407244,1.2103361,0.43666009,0.000636385,-0.055665833,4.1312542,0.6405586,288.475,288.05,289.457,-29.35,NaN,NaN,NaN,-0.0499909789748756,445.764528506083,41.7146102099806,12.811172,288.475,288.05,289.457,0.228404934886862+0i,0.000636385,20.868880848059,533.948024278961,27.5390397338547,20.9281328410244,-9.9e+37,471.467,213.423,-9.9e+37
20260514174346.7,3410.37100106478,9.7884438,0.59066431,2.0026401,2.7313449,-0.000371769,-0.000713156,0.002400711,1.2104672,0.21212092,0.000629198,-0.1198206,4.1311777,0.58228148,288.51,288.033,289.468,-29.36,NaN,NaN,NaN,-0.0493013784195284,445.750136241012,56.6797593951659,11.6456296,288.51,288.033,289.468,0.261348614490772+0i,0.000629198,20.8680315130718,533.261078872935,28.3729736737523,20.928280501233,829.186,160.007,259.832,442.071
20260514174348.8,3412.5310074538,9.7884438,0.5384413,2.0026292,2.7313559,-0.000373511,-0.000714572,0.002412145,1.2103689,0.22094354,0.000637147,0.10868972,4.1312324,0.70804026,288.497,288.023,289.441,-29.34,NaN,NaN,NaN,-0.0499909789748756,445.7573652326,51.4603820595485,14.1608052,288.497,288.023,289.441,0.225599889082904+0i,0.000637147,20.8686388153437,533.672745609879,28.3592719958751,20.9290774360199,9.9e+37,902.917,539.723,375.076
20260514174350.9,3414.64900039136,9.7879629,0.45450824,2.0026729,2.7315854,-0.000370136,-0.000711087,0.002383287,1.2104017,0.38876819,0.000636385,-0.003981439,4.1315603,0.59115973,288.478,288.009,289.436,-29.39,NaN,NaN,NaN,-0.047226250142856,445.908188284378,43.0717749862867,11.8231946,288.478,288.009,289.436,0.230678434599897+0i,0.000636385,20.8722792982494,533.672745609879,27.5800202067785,20.9281920126927,-9.9e+37,-9.9e+37,-9.9e+37,-9.9e+37
20260514174353.1,3416.78100451827,9.7880395,0.54635819,2.0029024,2.7312247,-0.000368393,-0.000713592,0.002370111,1.2104126,0.44026551,0.000633009,0.10602602,4.1309591,0.68894593,288.472,288.004,289.436,-29.48,NaN,NaN,NaN,-0.032706678816723,445.671143078382,52.2516278386519,13.7789186,288.472,288.004,289.436,0.232470953405175+0i,0.000633009,20.865604524468,533.810384944418,28.3318686401203,20.9289001899771,1237.778,719.183,186.191,-9.9e+37
20260514174355.2,3418.91400441527,9.787952,0.6984527,2.002662,2.7315635,-0.000367413,-0.000715661,0.002397879,1.2102486,0.25781182,0.000632574,0.11623812,4.1309373,0.72631507,288.494,287.998,289.452,-29.51,NaN,NaN,NaN,-0.0479158506982031,445.893796019306,67.4525639464297,14.5263014,288.494,287.998,289.452,0.269738504981827+0i,0.000632574,20.8653624917527,532.711772801457,28.3592719958751,20.9287527987307,-9.9e+37,907.055,670.291,-9.9e+37
20260514174357.3,3421.0550006479,9.7881488,0.64739297,2.0029461,2.7316182,-0.000367522,-0.000712721,0.002394939,1.2104672,0.16204764,0.000633009,-0.11597259,4.1306968,0.57899361,288.505,288.001,289.457,-29.53,NaN,NaN,NaN,-0.0299419499846891,445.929743822933,62.349449485491,11.5798722,288.505,288.001,289.457,0.233133965393152+0i,0.000633009,20.8626923601918,533.948024278961,28.3592719958751,20.9295497335176,-9.9e+37,-9.9e+37,391.671,470.882
20260514174359.5,3423.24600666761,9.7886406,0.50448441,2.0026838,2.7316073,-0.000373185,-0.000711741,0.002431964,1.2104126,0.1262062,0.000634751,0.027202111,4.1308717,0.62406575,288.494,288.025,289.417,-29.53,NaN,NaN,NaN,-0.0465366495874946,445.922580549449,48.0665941094848,12.481315,288.494,288.025,289.417,0.25099637317966+0i,0.000634751,20.8646341731232,532.574133466919,27.5116363780999,20.9279558639438,1496.513,159.872,424.155,717.818
20260514174401.7,3425.43000206351,9.7888155,0.53412657,2.0028587,2.7317275,-0.000371769,-0.000713918,0.002388406,1.2104782,0.44579915,0.00062898,-0.067037769,4.1315165,0.6262613,288.478,288.001,289.446,-29.57,NaN,NaN,NaN,-0.0354714076487426,446.001573712079,51.0291506163339,12.525226,288.478,288.001,289.446,0.258803743297685+0i,0.00062898,20.8717930123352,533.810384944418,26.5820398144774,20.9279558639438,-9.9e+37,77.988,-9.9e+37,82.771
20260514174403.8,3427.55900882185,9.7888045,0.60434942,2.0030336,2.7313012,-0.000376016,-0.000711958,0.00240376,1.2104454,0.16856229,0.000632356,-0.000917008,4.1310575,0.73648097,288.5,287.995,289.46,-29.66,NaN,NaN,NaN,-0.0244061657100048,445.721417428974,58.0475042449827,14.7296194,288.5,287.995,289.46,0.255025143107845+0i,0.000632356,20.8666970024123,534.085663613495,26.4316950399507,20.9286347243563,1429.955,601.002,601.254,377.945
20260514174406,3429.68800552189,9.7884766,0.43175175,2.0026292,2.7313887,-0.000381678,-0.000714354,0.002408333,1.2104126,0.1336833,0.000633118,-0.10992555,4.131298,0.59226842,288.491,287.979,289.463,-29.67,NaN,NaN,NaN,-0.0499909789748756,445.778920771155,40.7973999905864,11.8453684,288.491,287.979,289.463,0.222831458165771+0i,0.000633118,20.8693671339732,534.085663613495,27.5116363780999,20.9282509153988,-9.9e+37,-9.9e+37,310.329,658.417
20260514174408.1,3431.80900588632,9.7888045,0.54911027,2.0027822,2.7317493,-0.000382332,-0.000715443,0.00240474,1.2104126,0.45477778,0.000632682,0.086809033,4.131593,0.6523308,288.483,288.004,289.504,-29.76,NaN,NaN,NaN,-0.0403112647574631,446.015900259046,52.5266817656049,13.046616,288.483,288.004,289.504,0.234921446758073+0i,0.000632682,20.8726423473223,535.046636421916,28.3455703179975,20.9288117014368,675.131,367.683,-9.9e+37,-9.9e+37
20260514174410.2,3433.94900634885,9.7887936,0.52851547,2.0030554,2.731334,-0.000380263,-0.000712394,0.002347134,1.2104235,0.16900315,0.000634098,0.007147684,4.1310247,0.72287443,288.51,287.979,289.536,-29.82,NaN,NaN,NaN,-0.0230269645992962,445.742972967529,50.4683547493802,14.4574886,288.51,287.979,289.536,0.236515766852463+0i,0.000634098,20.8663328430975,534.3596910159,27.5663185289013,20.9286347243563,973.297,640.61,637.819,311.164
20260514174412.4,3436.08600944281,9.7884001,0.48231825,2.002651,2.7319242,-0.000381461,-0.000712721,0.002374031,1.2104235,0.15861355,0.000633445,-0.1149175,4.1310903,0.57295146,288.508,287.974,289.558,-29.84,NaN,NaN,NaN,-0.0486117778641528,446.130841225302,45.851219064621,11.4590292,288.508,287.974,289.558,0.232958410241217+0i,0.000633445,20.867061161727,533.123439538397,26.4316950399507,20.9284281614415,-9.9e+37,-9.9e+37,310.736,619.837
20260514174414.5,3438.22700567544,9.7886078,0.75771083,2.0027822,2.7323614,-0.000385163,-0.000715116,0.002391346,1.210347,0.44060599,0.000629089,-0.040357976,4.1315821,0.59856918,288.486,287.982,289.555,-29.85,NaN,NaN,NaN,-0.0403112647574631,446.41816078189,73.3750594263546,11.9713836,288.486,287.982,289.555,0.2872012909786+0i,0.000629089,20.8725213309647,533.672745609879,26.363311211272,20.9286347243563,875.407,-9.9e+37,-9.9e+37,166.657
20260514174416.7,3440.44900126755,9.7888264,0.50971686,2.0030663,2.7320226,-0.000384074,-0.000715552,0.002388079,1.2103907,0.26757724,0.000631594,0.00564274,4.1309591,0.60246814,288.5,287.957,289.591,-29.92,NaN,NaN,NaN,-0.0223373640439348,446.195507840966,48.5895461748627,12.0493628,288.5,287.957,289.591,0.254856480839102+0i,0.000631594,20.865604524468,534.3596910159,26.4726755128745,20.9278671064414,9.9e+37,397.283,-9.9e+37,293.35
20260514174419,3442.71500185132,9.7884985,0.43915137,2.002662,2.7318368,-0.000384619,-0.000716641,0.002357588,1.2104563,0.12460752,0.000635296,-0.000580522,4.131593,0.55632112,288.508,287.966,289.604,-29.94,NaN,NaN,NaN,-0.0479158506982031,446.073403601227,41.5369477286464,11.1264224,288.508,287.966,289.604,0.209528398746672+0i,0.000635296,20.8726423473223,532.987051470539,26.404416244904,20.9289001899771,9.9e+37,478.465,-9.9e+37,515.912
20260514174421.1,3444.85200494528,9.7884985,0.63129188,2.0026838,2.7318477,-0.000378194,-0.000716314,0.002412798,1.2104344,0.3948758,0.000633989,-0.023468837,4.1310138,0.60944656,288.481,287.941,289.58,-29.98,NaN,NaN,NaN,-0.0465366495874946,446.08056687471,60.7402418924255,12.1889312,288.481,287.941,289.58,0.271991249920889+0i,0.000633989,20.8662118267399,531.888439327575,25.3380520239239,20.9283689897732,9.9e+37,536.37,-9.9e+37,222.651
20260514174423.4,3447.09400646389,9.7885531,0.36786458,2.002651,2.7320882,-0.00037754,-0.000710216,0.00236728,1.2103142,0.29969871,0.000634425,0.00550307,4.1314619,0.58376228,288.483,287.957,289.585,-30.01,NaN,NaN,NaN,-0.0486117778641528,446.238618918076,34.4122596638466,11.6752456,288.483,287.957,289.585,0.211844901437167+0i,0.000634425,20.8711868203051,533.261078872935,25.2286877223214,20.9280443524841,9.9e+37,560.696,-9.9e+37,365.326
20260514174425.6,3449.35200065374,9.7888482,0.61597211,2.002968,2.7322412,-0.000372967,-0.000710869,0.002396899,1.2102924,0.12582642,0.000633118,-0.000522916,4.1309701,0.54841516,288.497,287.925,289.593,-30.07,NaN,NaN,NaN,-0.0285564222633639,446.33916761926,59.2091225577707,10.9683032,288.497,287.925,289.593,0.278123413221603+0i,0.000633118,20.8657266510675,534.222051681357,25.3107732288772,20.9280147666499,9.9e+37,593.425,-9.9e+37,550.029
20260514174427.8,3451.50000751019,9.7888373,0.60441271,2.002968,2.7322412,-0.000374165,-0.000714354,0.002390148,1.2104017,0.39153991,0.000635405,-0.028775313,4.1313854,0.6030214,288.489,287.922,289.561,-30.06,NaN,NaN,NaN,-0.0285564222633639,446.33916761926,58.0538297017416,12.060428,288.489,287.922,289.561,0.225477329100103+0i,0.000635405,20.870337485318,533.536357542013,26.4316950399507,20.9296086362237,9.9e+37,592.853,-9.9e+37,211.243
20260514174429.9,3453.63700054586,9.7886297,0.51368565,2.0027931,2.7312356,-0.00037754,-0.000714027,0.00240376,1.2103033,0.41506791,0.000635623,0.1110608,4.1309482,0.74958446,288.494,287.936,289.563,-30.06,NaN,NaN,NaN,-0.0396216642021017,445.678306351865,48.9862029852577,14.9916892,288.494,287.936,289.563,0.233466488005603+0i,0.000635623,20.8654835081104,533.672745609879,27.5253380559775,20.9286347243563,9.9e+37,1123.699,291.316,-9.9e+37
20260514174432.1,3455.77000044286,9.7892089,0.5612633,2.002651,2.7314652,-0.000378847,-0.000717185,0.002395157,1.2102268,0.1455417,0.000633445,0.01661953,4.1313963,0.70094834,288.508,287.925,289.563,-30.12,NaN,NaN,NaN,-0.0486117778641528,445.829195121747,53.7413043877226,14.0189668,288.508,287.925,289.563,0.239802674785878+0i,0.000633445,20.8704585016756,532.849412135996,27.5527414117323,20.9288117014368,-9.9e+37,682.727,725.224,397.195
20260514174434.2,3457.89500400424,9.788422,0.56624149,2.0026292,2.7306673,-0.000378085,-0.00071381,0.002407136,1.2104344,0.39395262,0.000631702,0.10135572,4.1304455,0.70022922,288.494,287.919,289.58,-30.16,NaN,NaN,NaN,-0.0499909789748756,445.304830359163,54.2388446876478,14.0045844,288.494,287.919,289.58,0.229958764598438+0i,0.000631702,20.8599023225151,532.16246672998,28.3592719958751,20.9291659245601,-9.9e+37,497.799,429.986,-9.9e+37
20260514174436.3,3460.04700399935,9.7893947,0.33199912,2.0026838,2.7303504,-0.000367849,-0.000713592,0.002382852,1.2103033,0.11519458,0.000634534,-0.10039746,4.1308061,0.61191165,288.5,287.908,289.593,-30.2,NaN,NaN,NaN,-0.0465366495874946,445.09656968331,30.8277215635821,12.238233,288.5,287.908,289.593,0.171062271001427+0i,0.000634534,20.8639058544937,532.849412135996,28.400252468799,20.9292544131004,-9.9e+37,-9.9e+37,593.268,554.861
20260514174438.5,3462.20300719142,9.7892636,0.46059621,2.0028805,2.7299678,-0.000365344,-0.000710216,0.002370547,1.2104672,0.12735199,0.000630396,-0.03637774,4.1302924,0.60744087,288.5,287.906,289.582,-30.18,NaN,NaN,NaN,-0.0340922065380482,444.845132212243,43.6802311560463,12.1488174,288.5,287.906,289.582,0.209888788987082+0i,0.000630396,20.858202542299,532.987051470539,28.3729736737523,20.9290182643516,827.158,-9.9e+37,387.319,736.458
20260514174440.6,3464.3590003252,9.7891433,0.51811605,2.002651,2.7293995,-0.000362622,-0.000712612,0.002359875,1.2103579,0.40089066,0.000633771,-0.002579083,4.1304017,0.58419659,288.489,287.941,289.585,-29.24,NaN,NaN,NaN,-0.0486117778641528,444.471656219541,49.4289949527778,11.6839318,288.489,287.941,289.585,0.251441326681685+0i,0.000633771,20.8594160366009,533.536357542013,27.5663185289013,20.9280443524841,490.488,-9.9e+37,-9.9e+37,343.242
20260514174442.8,3466.5120061487,9.7894494,0.45090282,2.0027385,2.7298039,-0.000361751,-0.000712938,0.002384485,1.2102924,0.34393279,0.000632138,0.1174731,4.1314619,0.76490858,288.497,287.933,289.574,-29.29,NaN,NaN,NaN,-0.0430759935894969,444.737420237574,42.7114348329064,15.2981716,288.497,287.933,289.574,0.226470649606791+0i,0.000632138,20.8711868203051,533.810384944418,28.4139541466766,20.928280501233,9.9e+37,838.221,348.91,-9.9e+37
20260514174445,3468.68000887334,9.7885094,0.48964476,2.0026182,2.7295197,-0.000366651,-0.000712394,0.002382307,1.2103251,0.41351291,0.000629089,-0.010862548,4.1306203,0.63026503,288.489,287.927,289.569,-29.3,NaN,NaN,NaN,-0.0506869061408253,444.550649382171,46.5834598956872,12.6053006,288.489,287.927,289.569,0.240759644190805+0i,0.000629089,20.8618430252047,533.672745609879,28.400252468799,20.9281328410244,-9.9e+37,-9.9e+37,-9.9e+37,-9.9e+37
20260514174447.1,3470.80100923777,9.7877116,0.55160591,2.0026401,2.7294213,-0.000372531,-0.000714899,0.002385792,1.2104235,0.13608836,0.000631594,-0.09791912,4.1304345,0.64603111,288.497,287.927,289.572,-29.22,NaN,NaN,NaN,-0.0493013784195284,444.485982766507,52.7761060491508,12.9206222,288.497,287.927,289.572,0.262497618187597+0i,0.000631594,20.8597801959157,533.398718207478,27.5390397338547,20.9279558639438,9.9e+37,268.896,376.918,573.653
20260514174449.2,3472.94900603592,9.7880285,0.40092667,2.0028696,2.729323,-0.000365998,-0.000713592,0.002418896,1.2103579,0.13945701,0.000629851,0.011374466,4.1302378,0.68589703,288.5,287.908,289.596,-29.3,NaN,NaN,NaN,-0.0347818070933954,444.421381868948,37.7166177085886,13.7179406,288.5,287.908,289.596,0.200090697850068+0i,0.000629851,20.857596350269,534.634969684977,28.2771864893189,20.9287821156027,9.9e+37,455.535,469.928,675.941
20260514174451.4,3475.09000226855,9.7880941,0.56849924,2.0027713,2.7298585,-0.000361315,-0.00071076,0.002366844,1.2102596,0.13405759,0.000630069,0.007316799,4.1308717,0.67434963,288.508,287.917,289.599,-29.39,NaN,NaN,NaN,-0.0410008653128102,444.773302323096,54.4644932892794,13.4869926,288.508,287.917,289.599,0.239996072872424+0i,0.000630069,20.8646341731232,533.810384944418,28.3592719958751,20.9288117014368,231.704,116.804,521.241,649.62
20260514174453.5,3477.24200226367,9.7880395,0.57972801,2.0027057,2.7304269,-0.000359573,-0.000708147,0.002363251,1.2103579,0.42846496,0.000620595,0.097981162,4.1308826,0.57787947,288.494,287.917,289.618,-29.4,NaN,NaN,NaN,-0.0451511218661693,445.146844033902,55.5867416553705,11.5575894,288.494,287.917,289.618,0.239266357355012+0i,0.000620595,20.8647551894809,533.261078872935,28.3865507909218,20.9289297758113,-9.9e+37,-9.9e+37,-9.9e+37,-9.9e+37
20260514174455.7,3479.39500808716,9.7887608,0.67845592,2.0027603,2.7304706,-0.00036578,-0.000711523,0.002369458,1.210347,0.17309634,0.000633009,-0.11480806,4.1308936,0.58916715,288.475,287.908,289.558,-29.44,NaN,NaN,NaN,-0.0416967924787883,445.17556284594,65.4540054505229,11.783343,288.475,287.908,289.558,0.276537248355494+0i,0.000633009,20.8648773160803,533.948024278961,28.400252468799,20.9283985756074,601.566,-9.9e+37,308.554,532.002
20260514174457.8,3481.53100535274,9.7886515,0.57729457,2.0027822,2.7299569,-0.000374818,-0.000711196,0.002376536,1.2103361,0.26533149,0.000632029,-0.11617949,4.1302269,0.58305844,288.486,287.903,289.533,-29.49,NaN,NaN,NaN,-0.0403112647574631,444.83796893876,55.3435338896062,11.6611688,288.486,287.903,289.533,0.254059155943019+0i,0.000632029,20.8574753339113,534.3596910159,28.3729736737523,20.9283985756074,9.9e+37,-9.9e+37,-9.9e+37,627.018
20260514174460,3483.67600478232,9.7887827,0.58926099,2.0027603,2.7311045,-0.000379609,-0.000715987,0.002347788,1.2103798,0.36507321,0.0006329,-0.044315451,4.1308936,0.59846442,288.481,287.914,289.504,-29.59,NaN,NaN,NaN,-0.0416967924787883,445.592149915751,56.5395059589389,11.9692884,288.481,287.914,289.504,0.261647404937485+0i,0.0006329,20.8648773160803,533.810384944418,28.3455703179975,20.9282509153988,9.9e+37,100.879,-9.9e+37,438.923
20260514174502.1,3485.81600524485,9.7884985,0.63677312,2.0026729,2.7306127,-0.000377214,-0.000713374,0.00236826,1.2103033,0.34795507,0.000630396,-0.040796062,4.1303252,0.61526717,288.478,287.887,289.498,-29.63,NaN,NaN,NaN,-0.047226250142856,445.268948273642,61.2880590294898,12.3053434,288.478,287.887,289.498,0.269370337064762+0i,0.000630396,20.8585667016137,534.085663613495,28.400252468799,20.9283394039391,9.9e+37,348.436,-9.9e+37,370.969
20260514174504.4,3488.07800263166,9.7877444,0.53065974,2.0026401,2.730099,-0.000376125,-0.000713047,0.002398206,1.2103579,0.28004782,0.000619506,0.00573768,4.1308826,0.59950327,288.508,287.903,289.485,-29.69,NaN,NaN,NaN,-0.0493013784195284,444.931354366461,50.6826617041008,11.9900654,288.508,287.903,289.485,0.272561048308662+0i,0.000619506,20.8647551894809,533.398718207478,27.5663185289013,20.9274243947778,9.9e+37,573.195,-9.9e+37,371.413
20260514174506.6,3490.32400734723,9.787952,0.52661455,2.002804,2.7299678,-0.000378412,-0.000713592,0.002384159,1.2103689,0.42477115,0.000629307,0.00253781,4.1306531,0.68094502,288.491,287.898,289.479,-29.71,NaN,NaN,NaN,-0.0389320636467545,444.845132212243,50.2783691709001,13.6189004,288.491,287.898,289.479,0.275180854180722+0i,0.000629307,20.8622071845194,532.849412135996,27.5253380559775,20.9273063204033,9.9e+37,326.727,-9.9e+37,300.44
20260514174508.8,3492.47299991548,9.787952,0.56209809,2.0027822,2.7299569,-0.000380372,-0.000714136,0.002387643,1.2102705,0.11503526,0.000632791,-0.041454878,4.1302596,0.6750382,288.497,287.87,289.468,-29.76,NaN,NaN,NaN,-0.0403112647574631,444.83796893876,53.8247366526572,13.500764,288.497,287.87,289.468,0.224903289445415+0i,0.000632791,20.8578383829843,533.261078872935,27.5253380559775,20.9293135847687,9.9e+37,460.292,214.579,695.609
20260514174510.9,3494.64900903404,9.7879629,0.51228015,2.0026947,2.7297492,-0.000377432,-0.000715116,0.00239581,1.2103579,0.25607786,0.000630178,-0.11836174,4.1308608,0.56029647,288.472,287.868,289.49,-29.81,NaN,NaN,NaN,-0.045847049032119,444.701472433949,48.8457316710763,11.2059294,288.472,287.868,289.49,0.242960118102267+0i,0.000630178,20.8645131567656,532.711772801457,27.5800202067785,20.9283100870671,1480.289,-9.9e+37,-9.9e+37,646.187
20260514174513.1,3496.78899943829,9.7880395,0.62038395,2.0029243,2.7293667,-0.000378521,-0.000710652,0.002363904,1.2104126,0.34827153,0.000618853,-0.078139962,4.1308389,0.57103635,288.497,287.868,289.517,-29.85,NaN,NaN,NaN,-0.0313211510953977,444.450100680986,59.6500595643578,11.420727,288.497,287.868,289.517,0.277294196081526+0i,0.000618853,20.8642700138085,533.672745609879,26.527357663676,20.9280443524841,9.9e+37,-9.9e+37,-9.9e+37,491.329
20260514174515.2,3498.93400892615,9.7888155,0.70798351,2.0028696,2.7298476,-0.000376234,-0.000709998,0.002407136,1.2103142,0.20128611,0.000632574,-0.098861388,4.1315056,0.60908755,288.497,287.846,289.498,-29.88,NaN,NaN,NaN,-0.0347818070933954,444.766139049612,68.4051113714839,12.181751,288.497,287.846,289.498,0.279045512695487+0i,0.000632574,20.8716719959775,532.574133466919,26.4316950399507,20.9286051385221,9.9e+37,235.924,-9.9e+37,687.82
20260514174517.4,3501.07400938869,9.7884438,0.55009456,2.0026729,2.7293776,-0.000369918,-0.000713918,0.002361726,1.2104126,0.22366725,0.000633009,-0.092711976,4.1310466,0.59472914,288.486,287.846,289.449,-29.97,NaN,NaN,NaN,-0.047226250142856,444.457263954469,52.6250556608989,11.8945828,288.486,287.846,289.449,0.202518243303783+0i,0.000633009,20.8665759860546,533.672745609879,26.404416244904,20.9300220310153,9.9e+37,-9.9e+37,-9.9e+37,747.372
20260514174519.6,3503.28900441527,9.7886624,0.49622052,2.0026838,2.7296946,-0.00036284,-0.000714136,0.002365102,1.2102159,0.43659789,0.00061515,-0.057089858,4.1315384,0.6156371,288.475,287.862,289.425,-30.04,NaN,NaN,NaN,-0.0465366495874946,444.665590348428,47.2406677569051,12.312742,288.475,287.862,289.425,0.24616529337475+0i,0.00061515,20.8720361552923,533.398718207478,26.4453967178283,20.9280739383182,9.9e+37,418.042,-9.9e+37,256.971
20260514174521.7,3505.43400384486,9.7885094,0.59890637,2.0026729,2.7293448,-0.000356306,-0.000713483,0.002370982,1.2104235,0.3168812,0.000630396,-0.08623664,4.130981,0.605409,288.489,287.846,289.398,-30.05,NaN,NaN,NaN,-0.047226250142856,444.435708415915,57.5035039698812,12.10818,288.489,287.846,289.398,0.279686152874455+0i,0.000630396,20.8658476674251,533.536357542013,26.4316950399507,20.9278082037352,9.9e+37,353.158,-9.9e+37,404.621
20260514174523.9,3507.58600383997,9.7886843,0.63070043,2.0026838,2.7297711,-0.000359028,-0.000713592,0.002391455,1.2103361,0.45605233,0.00063094,0.078480816,4.1315712,0.67339481,288.481,287.846,289.392,-30.1,NaN,NaN,NaN,-0.0465366495874946,444.71586469902,60.6811300042913,13.4678962,288.481,287.846,289.392,0.263705392963568+0i,0.00063094,20.872400314607,525.982460609158,27.0194970208881,20.9286936270624,9.9e+37,824.799,-9.9e+37,-9.9e+37
20260514174526.1,3509.81300845742,9.7895587,0.55651318,2.0030226,2.7302411,-0.000359028,-0.000711196,0.002382961,1.2103689,0.25063261,0.000634751,0.00560564,4.1309373,0.58903838,288.491,287.862,289.4,-30.13,NaN,NaN,NaN,-0.0251020928759687,445.024739794163,53.2665583194768,11.7807676,288.491,287.862,289.4,0.273667299924014+0i,0.000634751,20.8653624917527,523.099542183894,27.5116363780999,20.9278377895694,1577.324,535.637,-9.9e+37,284.558
20260514174528.3,3512.05100677907,9.7891543,0.51313568,2.0026401,2.7300225,-0.000371878,-0.000712938,0.002413125,1.2103907,0.20053534,0.000631485,0.002934625,4.131593,0.57165071,288.489,287.846,289.406,-30.13,NaN,NaN,NaN,-0.0493013784195284,444.881080015869,48.9312367748981,11.4330142,288.489,287.846,289.406,0.220204202939365+0i,0.000631485,20.8726423473223,533.536357542013,28.3592719958751,20.9290774360199,9.9e+37,673.774,-9.9e+37,356.76
20260514174530.5,3514.18799981475,9.7894931,0.52802224,2.0027822,2.7311264,-0.000381678,-0.000715879,0.002381981,1.2103033,0.13015317,0.000632247,0.024230352,4.1315821,0.67196311,288.519,287.843,289.433,-30.17,NaN,NaN,NaN,-0.0403112647574631,445.606542180823,50.4190593624761,13.4392622,288.519,287.843,289.433,0.251288439449079+0i,0.000632247,20.8725213309647,532.437745399057,28.3455703179975,20.9281328410244,9.9e+37,1017.564,570.478,533.86
20260514174532.6,3516.34400300682,9.7894494,0.48653476,2.0028805,2.7305908,-0.000385054,-0.000715879,0.002380456,1.2102377,0.13427038,0.000609923,-0.10136706,4.1309373,0.61130492,288.5,287.838,289.436,-30.22,NaN,NaN,NaN,-0.0340922065380482,445.25455600857,46.2726340066055,12.2260984,288.5,287.838,289.436,0.229977341138335+0i,0.000609923,20.8653624917527,534.222051681357,28.3592719958751,20.9284870641477,-9.9e+37,-9.9e+37,321.067,725.858
20260514174534.8,3518.52000206709,9.7888045,0.47033,2.002804,2.7317275,-0.000382005,-0.000711958,0.002370764,1.2103798,0.13983021,0.000634207,-0.043862774,4.1315821,0.574477,288.5,287.835,289.468,-30.23,NaN,NaN,NaN,-0.0389320636467545,446.001573712079,44.6530652174239,11.48954,288.5,287.835,289.468,0.234135092138156+0i,0.000634207,20.8725213309647,526.257739278235,29.5348759577496,20.9283100870671,1200.844,-9.9e+37,245.36,819.086
20260514174536.9,3520.64900882542,9.7890231,0.60824075,2.0029789,2.7312575,-0.000381896,-0.000711849,0.002377952,1.2102924,0.36427006,0.000633336,-0.017809865,4.1310029,0.58157764,288.483,287.816,289.485,-30.24,NaN,NaN,NaN,-0.0278668217080025,445.692698616936,58.4364193919153,11.6315528,288.483,287.816,289.485,0.258386381124736+0i,0.000633336,20.8660908103822,526.120099943692,29.9313526912365,20.9286051385221,999.759,-9.9e+37,-9.9e+37,459.688
20260514174539.1,3522.81300835311,9.7891433,0.40523375,2.0026729,2.7312247,-0.000382985,-0.000713047,0.002373378,1.2103907,0.41917093,0.000632682,0.11226987,4.1310356,0.73354774,288.478,287.841,289.474,-30.25,NaN,NaN,NaN,-0.047226250142856,445.671143078382,38.1470845800825,14.6709548,288.478,287.841,289.474,0.187060498956388+0i,0.000632682,20.8664538594552,524.472181729254,29.4938954848258,20.9295201476834,9.9e+37,806.219,84.152,-9.9e+37
20260514174541.2,3524.94500242174,9.7895587,0.44661102,2.0030554,2.7314215,-0.000383203,-0.000712176,0.002413343,1.2102596,0.41745225,0.000631376,0.098998573,4.1311559,0.73134455,288.478,287.846,289.476,-30.36,NaN,NaN,NaN,-0.0230269645992962,445.80047630971,42.2824951059737,14.626891,288.478,287.846,289.476,0.234001456873399+0i,0.000631376,20.8677894803565,514.996339179552,29.4801938069481,20.9283100870671,-9.9e+37,658.848,321.388,-9.9e+37
20260514174543.4,3527.12900787592,9.7884329,0.45788341,2.002662,2.7306345,-0.00038745,-0.000715987,0.002370982,1.2103251,0.23985453,0.000618417,0.11139086,4.1310356,0.74608489,288.5,287.849,289.476,-30.34,NaN,NaN,NaN,-0.0479158506982031,445.283274820608,43.4091030300333,14.9216978,288.5,287.849,289.476,0.230158435119678+0i,0.000618417,20.8664538594552,513.212032897248,29.5485776356272,20.9286051385221,-9.9e+37,753.486,710.026,-9.9e+37
20260514174545.6,3529.2850010097,9.7886843,0.44809073,2.0026838,2.7309624,-0.000387341,-0.000713592,0.002393524,1.2103142,0.1235894,0.000631594,-0.11076306,4.1315056,0.59491683,288.497,287.827,289.452,-30.37,NaN,NaN,NaN,-0.0465366495874946,445.49876448805,42.4303832655663,11.8983366,288.497,287.827,289.452,0.22985587333629+0i,0.000631594,20.8716719959775,513.486060299648,29.507597162703,20.9285166499818,-9.9e+37,-9.9e+37,497.141,549.138
20260514174547.7,3531.4570069313,9.7886843,0.57015682,2.002815,2.7305908,-0.000387232,-0.000711196,0.002394395,1.2103907,0.14373244,0.0006329,-0.083812093,4.1309482,0.62446405,288.494,287.83,289.474,-30.39,NaN,NaN,NaN,-0.0382361364807764,445.25455600857,54.6301584909591,12.489281,288.494,287.83,289.474,0.241703324900415+0i,0.0006329,20.8654835081104,514.310645040208,29.5485776356272,20.929136338726,1189.823,-9.9e+37,279.516,761.954
20260514174549.9,3533.59000682831,9.7886952,0.56492983,2.002815,2.7305799,-0.000387559,-0.000714572,0.002393306,1.210347,0.38165771,0.000629307,0.11365915,4.1309373,0.72226443,288.483,287.851,289.463,-30.43,NaN,NaN,NaN,-0.0382361364807764,445.247392735087,54.1077521199074,14.4452886,288.483,287.851,289.463,0.226597865154688+0i,0.000629307,20.8653624917527,514.173005705669,29.466492129071,20.9296086362237,999.158,533.808,197.659,178.83
20260514174552,3535.7150003314,9.7887717,0.86911336,2.0027603,2.7304815,-0.000387777,-0.00071381,0.002362597,1.2103033,0.30718235,0.000632029,0.11656873,4.131604,0.71940432,288.486,287.843,289.433,-30.47,NaN,NaN,NaN,-0.0416967924787883,445.182726119423,84.5090756428164,14.3880864,288.486,287.843,289.433,0.312924511484553+0i,0.000632029,20.8727644739218,514.035366371131,29.4801938069481,20.9288117014368,-9.9e+37,571.154,557.63,-9.9e+37
20260514174554.2,3537.87899985909,9.7886078,0.5496046,2.002651,2.7302301,-0.000387341,-0.000712067,0.002363795,1.2104017,0.43908699,0.00061025,-0.054902042,4.13144,0.66037315,288.472,287.851,289.436,-30.49,NaN,NaN,NaN,-0.0486117778641528,445.017510802575,52.5760870909264,13.207463,288.472,287.851,289.436,0.224954633247758+0i,0.00061025,20.870943677348,525.296766469814,30.5875385008526,20.9292839989346,-9.9e+37,-9.9e+37,246.869,-9.9e+37
20260514174556.4,3540.09400494397,9.7884329,0.47518597,2.0026401,2.730088,-0.000386143,-0.00071076,0.002379694,1.2104563,0.23104614,0.000633009,-0.00724248,4.131604,0.74757333,288.481,287.849,289.427,-30.5,NaN,NaN,NaN,-0.0493013784195284,444.924125374873,45.1383903597402,14.9514666,288.481,287.849,289.427,0.199663660172096+0i,0.000633009,20.8727644739218,525.159127135271,30.573836822975,20.9296086362237,326.238,716.557,735.696,-9.9e+37
20260514174558.7,3542.39900149405,9.7885859,0.45491745,2.0027057,2.7299678,-0.000386252,-0.000713156,0.00238307,1.2103033,0.16841934,0.000635732,-0.000871381,4.131593,0.54571655,288.508,287.851,289.466,-30.53,NaN,NaN,NaN,-0.0451511218661693,444.845132212243,43.1126730769848,10.914331,288.508,287.851,289.466,0.230731504652366+0i,0.000635732,20.8726423473223,525.159127135271,29.4801938069481,20.9283100870671,-9.9e+37,-9.9e+37,203.326,424.847
20260514174600.8,3544.55500468612,9.788728,0.37599424,2.002804,2.7305799,-0.000387123,-0.000709672,0.002397662,1.2103689,0.4057379,0.000635187,-0.006323021,4.1309263,0.6446016,288.47,287.865,289.436,-30.59,NaN,NaN,NaN,-0.0389320636467545,445.247392735087,35.2247705311879,12.892032,288.47,287.865,289.436,0.198005787485508+0i,0.000635187,20.8652403651533,513.623699634191,29.4801938069481,20.9289889474796,877.598,303.425,-9.9e+37,77.772
20260514174603,3546.68800458312,9.7884766,0.53102093,2.0026292,2.7307657,-0.00038451,-0.000712176,0.002382961,1.210347,0.34354213,0.000632465,0.11688572,4.1312652,0.75616893,288.489,287.87,289.455,-30.62,NaN,NaN,NaN,-0.0499909789748756,445.369496974827,50.7187604831611,15.1233786,288.489,287.87,289.455,0.242528313558145+0i,0.000632465,20.8690029746584,514.173005705669,28.400252468799,20.928841287271,9.9e+37,1002.883,446.822,-9.9e+37
20260514174605.1,3548.83600138128,9.7885094,0.49703348,2.0026729,2.7306017,-0.00038941,-0.000717185,0.002415847,1.2103033,0.41514212,0.000630287,-0.025615603,4.1310247,0.65636071,288.497,287.851,289.457,-30.62,NaN,NaN,NaN,-0.047226250142856,445.261719282053,47.3219182439751,13.1272142,288.497,287.851,289.457,0.202901761783773+0i,0.000630287,20.8663328430975,524.198154326854,27.6621057133348,20.9297858822665,-9.9e+37,312.596,194.541,-9.9e+37
20260514174607.3,3550.99200457335,9.7886297,0.50695932,2.0027494,2.7305799,-0.000386143,-0.000710652,0.002416718,1.2103361,0.1554195,0.000632791,-0.11118981,4.1309482,0.62017443,288.486,287.87,289.433,-30.65,NaN,NaN,NaN,-0.0423863930341355,445.247392735087,48.3139465535835,12.4034886,288.486,287.87,289.433,0.242011371878295+0i,0.000632791,20.8654835081104,525.021487800736,27.5527414117323,20.9284574783135,1205.413,252.831,440.318,495.626
20260514174609.4,3553.11300493777,9.7894712,0.6524923,2.0027275,2.7310717,-0.000387777,-0.000712503,0.002361291,1.2103361,0.31401017,0.000633771,-0.11108712,4.1311559,0.55791541,288.475,287.865,289.414,-30.63,NaN,NaN,NaN,-0.0437719207554323,445.570594377197,62.8590970034881,11.1583082,288.475,287.865,289.414,0.258173638795366+0i,0.000633771,20.8677894803565,525.296766469814,26.4590983957055,20.9290478501857,1457.082,-9.9e+37,-9.9e+37,474.992
20260514174611.6,3555.26200756431,9.7884876,0.64503046,2.0026401,2.7314105,-0.000384945,-0.000715007,0.002414214,1.210347,0.1303987,0.000632247,0.046958058,4.1306422,0.64203285,288.505,287.862,289.427,-30.66,NaN,NaN,NaN,-0.0493013784195284,445.793247318121,62.1133307487662,12.840657,288.505,287.862,289.427,0.268782458139181+0i,0.000632247,20.8620861681618,525.433154537676,26.4179933620735,20.9286640412283,9.9e+37,417.422,324.823,749.535
20260514174613.7,3557.43000023067,9.7884329,0.44140586,2.002651,2.7312794,-0.000386579,-0.000712176,0.002386772,1.2103361,0.33666521,0.000611121,0.11760247,4.1303908,0.7184986,288.494,287.881,289.444,-30.73,NaN,NaN,NaN,-0.0486117778641528,445.707090882008,41.7622705127865,14.369972,288.494,287.881,289.444,0.21092485557707+0i,0.000611121,20.8592950202433,525.708433206753,26.4316950399507,20.9290182643516,875.576,664.93,284.473,202.519
20260514174615.9,3559.59000661969,9.7888264,0.57410052,2.0030445,2.731334,-0.000382767,-0.000713156,0.002391781,1.2103142,0.39975032,0.000629307,0.10885012,4.1303471,0.69619822,288.478,287.884,289.406,-30.78,NaN,NaN,NaN,-0.0237165651546434,445.742972967529,55.0243077059981,13.9239644,288.478,287.884,289.406,0.237867071697916+0i,0.000629307,20.8588098445709,524.060514992315,26.404416244904,20.9291955103943,-9.9e+37,497.304,396.315,-9.9e+37
20260514174618,3561.71900331974,9.7884985,0.55241124,2.0026182,2.7313887,-0.000384401,-0.000712721,0.002434033,1.2102924,0.28106048,0.000632465,0.11180913,4.1305766,0.72640783,288.481,287.884,289.384,-30.74,NaN,NaN,NaN,-0.0506869061408253,445.778920771155,52.8565939633804,14.5281566,288.481,287.884,289.384,0.256821125414656+0i,0.000632465,20.8613578495323,525.021487800736,26.4179933620735,20.9283689897732,-9.9e+37,645.888,690.714,-9.9e+37
20260514174620.2,3563.88300284743,9.7884438,0.56225413,2.002651,2.7312356,-0.000384728,-0.000712503,0.002393197,1.2103033,0.42234644,0.000634425,-0.024994135,4.130511,0.63139336,288.483,287.879,289.36,-30.82,NaN,NaN,NaN,-0.0486117778641528,445.678306351865,53.8403319168798,12.6278672,288.483,287.879,289.36,0.233866407525322+0i,0.000634425,20.8606295309028,526.395378612774,26.4179933620735,20.9291955103943,-9.9e+37,-9.9e+37,240.307,-9.9e+37
20260514174622.3,3566.02000594139,9.7879629,0.49263801,2.002651,2.7313887,-0.000384728,-0.000713701,0.002398315,1.210347,0.13403685,0.000634425,0.036118157,4.1305657,0.70296059,288.497,287.876,289.346,-30.86,NaN,NaN,NaN,-0.0486117778641528,445.778920771155,46.8826173209263,14.0592118,288.497,287.876,289.346,0.226608207812721+0i,0.000634425,20.8612368331747,524.609821063793,26.404416244904,20.9289297758113,923.095,539.132,758.035,358.938
20260514174624.5,3568.1720059365,9.7885204,0.49352955,2.0027385,2.7312138,-0.000385054,-0.000712938,0.002358024,1.2103798,0.2435429,0.000633009,0.11821098,4.1304127,0.7442647,288.497,287.884,289.365,-30.92,NaN,NaN,NaN,-0.0430759935894969,445.663979804898,46.9717214087565,14.885294,288.497,287.884,289.365,0.211493292094251+0i,0.000633009,20.8595381632004,525.570793872214,26.4179933620735,20.9294612449773,-9.9e+37,403.55,675.14,244.106
20260514174626.6,3570.30100263655,9.7886952,0.46400414,2.0026838,2.7316291,-0.000383312,-0.000713592,0.002378605,1.2102705,0.1087476,0.000634207,0.011009122,4.1315493,0.62920436,288.502,287.887,289.357,-30.97,NaN,NaN,NaN,-0.0465366495874946,445.936907096416,44.0208333657499,12.5840872,288.502,287.887,289.357,0.194652635129924+0i,0.000634207,20.8721571716499,525.296766469814,26.4179933620735,20.9298447849726,-9.9e+37,-9.9e+37,694.329,600.989
20260514174628.7,3572.44500629604,9.7886843,0.4286832,2.002651,2.7315745,-0.000383203,-0.000715443,0.002381763,1.2102814,0.40550546,0.000608617,0.10860881,4.131134,0.70890124,288.486,287.881,289.387,-31.05,NaN,NaN,NaN,-0.0486117778641528,445.901025010895,40.4907167809589,14.1780248,288.486,287.881,289.387,0.192105915618068+0i,0.000608617,20.8675463373994,525.021487800736,26.4316950399507,20.9296382220579,-9.9e+37,233.592,341.918,-9.9e+37
20260514174630.9,3574.60600845516,9.7887936,0.61866853,2.0027494,2.7316728,-0.00038255,-0.000712503,0.002378496,1.2102814,0.15681191,0.000633336,-0.11414664,4.1309263,0.60192471,288.5,287.887,289.376,-31.1,NaN,NaN,NaN,-0.0423863930341355,445.965625908453,59.4786136008053,12.0384942,288.5,287.887,289.376,0.21261248971708+0i,0.000633336,20.8652403651533,525.982460609158,27.5663185289013,20.9302285939301,-9.9e+37,-9.9e+37,382.197,550.016
20260514174633.1,3576.77300535142,9.7888045,0.52231074,2.0027713,2.7311045,-0.000376669,-0.000713483,0.002328731,1.2103798,0.39649845,0.000630178,0.11368474,4.1309154,0.74481034,288.47,287.895,289.389,-31.12,NaN,NaN,NaN,-0.0410008653128102,445.592149915751,49.8482291163379,14.8962068,288.47,287.895,289.389,0.212211161445136+0i,0.000630178,20.8651193487956,526.120099943692,27.5527414117323,20.9296086362237,869.344,578.496,305.484,-9.9e+37
20260514174635.2,3578.93800064921,9.7888482,0.55581043,2.0029133,2.7309296,-0.00038255,-0.00071675,0.00233864,1.2104344,0.17925853,0.000634643,-0.11605763,4.131298,0.58808574,288.494,287.898,289.368,-31.09,NaN,NaN,NaN,-0.0320170782613616,445.477208949495,53.1963226623861,11.7617148,288.494,287.898,289.368,0.223013614521207+0i,0.000634643,20.8693671339732,524.472181729254,27.470655905176,20.9295201476834,-9.9e+37,-9.9e+37,322.746,501.592
20260514174637.4,3581.10900074244,9.7886297,0.42096712,2.0027494,2.7299569,-0.000383639,-0.000712394,0.002356826,1.2103251,0.37732444,0.000635296,-0.033500504,4.1302924,0.58972476,288.472,287.919,289.36,-31.13,NaN,NaN,NaN,-0.0423863930341355,444.83796893876,39.7195407596647,11.7944952,288.472,287.919,289.36,0.202644555953166+0i,0.000635296,20.858202542299,524.060514992315,27.5390397338547,20.929136338726,1483.686,-9.9e+37,-9.9e+37,335.309
20260514174639.5,3583.25800336897,9.7886734,0.65672954,2.002804,2.7299788,-0.000384292,-0.00071381,0.00236728,1.2103907,0.13017936,0.000631267,0.041128877,4.1302487,0.66977082,288.494,287.925,289.349,-31.18,NaN,NaN,NaN,-0.0389320636467545,444.852361203831,63.2825837849197,13.3954164,288.494,287.925,289.349,0.24160825983123+0i,0.000631267,20.8577173666266,525.433154537676,28.3045898450737,20.9295201476834,9.9e+37,417.449,365.023,685.325
20260514174641.7,3585.42600609362,9.7884548,0.50726159,2.0026292,2.7294979,-0.00038059,-0.000714245,0.00239483,1.210347,0.42766836,0.000631811,-0.043452347,4.1305329,0.60965389,288.472,287.938,289.354,-31.25,NaN,NaN,NaN,-0.0499909789748756,444.536322835205,48.3441566312339,12.1930778,288.472,287.938,289.354,0.200792788996934+0i,0.000631811,20.8608726738599,524.198154326854,29.507597162703,20.9298743708068,698.712,112.394,-9.9e+37,210.885
20260514174643.9,3587.57400289178,9.7884438,0.53934702,2.0026292,2.7294651,-0.00038451,-0.000714572,0.002343758,1.2104235,0.13295654,0.000632029,-0.053046572,4.1304673,0.63967798,288.491,287.919,289.362,-31.25,NaN,NaN,NaN,-0.0499909789748756,444.51476729665,51.5509033535225,12.7935596,288.491,287.919,289.362,0.215106964308433+0i,0.000632029,20.8601443552304,524.747460398332,29.1248221070937,20.9296086362237,9.9e+37,258.546,234.203,698.851
20260514174646,3589.75000195205,9.7887389,0.5773655,2.0029024,2.7293667,-0.000385272,-0.000713701,0.002317297,1.210347,0.12329804,0.000624951,0.049824407,4.1302706,0.65779567,288.5,287.925,289.389,-31.31,NaN,NaN,NaN,-0.032706678816723,444.450100680986,55.3506229186457,13.1559134,288.5,287.925,289.389,0.2084262098174+0i,0.000624951,20.8579605095837,525.021487800736,28.3318686401203,20.9301105195556,9.9e+37,103.111,171.964,819.548
20260514174648.2,3591.88300184906,9.7892198,0.54715697,2.0026401,2.7295088,-0.000384074,-0.000715443,0.002355301,1.2102814,0.31377119,0.000635623,-0.10146789,4.1305438,0.55065218,288.475,287.949,289.422,-31.33,NaN,NaN,NaN,-0.0493013784195284,444.543486108688,52.3314611195782,11.0130436,288.475,287.949,289.422,0.220111100503714+0i,0.000635623,20.8609936902176,524.747460398332,28.3729736737523,20.9295201476834,1487.441,-9.9e+37,-9.9e+37,607.299
20260514174650.3,3594.0310087055,9.7884766,0.52838998,2.002651,2.7294979,-0.000382767,-0.000715443,0.002365646,1.210347,0.1633593,0.000636058,6.9149e-05,4.1305657,0.71037985,288.502,287.927,289.444,-31.36,NaN,NaN,NaN,-0.0486117778641528,444.536322835205,50.4558127748397,14.207597,288.502,287.927,289.444,0.220635530271529+0i,0.000636058,20.8612368331747,525.570793872214,28.3865507909218,20.9293431706029,9.9e+37,594.25,342.039,683.626
20260514174652.5,3596.19100503623,9.7884985,0.53397598,2.0026401,2.7295197,-0.000383421,-0.000711305,0.002307278,1.2104235,0.43938598,0.000635514,0.099770532,4.1305766,0.68407032,288.489,287.944,289.46,-31.38,NaN,NaN,NaN,-0.0493013784195284,444.550649382171,51.0141000469973,13.6814064,288.489,287.944,289.46,0.22552130912661+0i,0.000635514,20.8613578495323,525.021487800736,28.468636297478,20.9292250962284,-9.9e+37,363.273,-9.9e+37,-9.9e+37
20260514174654.6,3598.35900776088,9.7886624,0.58828216,2.0026401,2.7293886,-0.000384074,-0.000708691,0.002369022,1.2103033,0.35133461,0.000634207,-0.092906354,4.1303799,0.60218224,288.486,287.938,289.468,-31.46,NaN,NaN,NaN,-0.0493013784195284,444.464492946058,56.4416777579711,12.0436448,288.486,287.938,289.468,0.230082346521032+0i,0.000634207,20.8591740038856,525.159127135271,28.3865507909218,20.9294612449773,-9.9e+37,-9.9e+37,-9.9e+37,101.145
20260514174656.8,3600.49600079656,9.7887608,0.58797334,2.0029898,2.7293995,-0.000386252,-0.000718928,0.002391346,1.2103579,0.30751518,0.000630178,-0.11421807,4.1302924,0.59464293,288.486,287.919,289.479,-31.46,NaN,NaN,NaN,-0.0271772211526553,444.471656219541,56.4108130470174,11.8928586,288.486,287.919,289.479,0.239992361870188+0i,0.000630178,20.858202542299,525.021487800736,28.3865507909218,20.929136338726,9.9e+37,247.494,-9.9e+37,392.592
20260514174659,3602.73400917649,9.7886187,0.59877979,2.0027494,2.729323,-0.000389301,-0.000716096,0.002403106,1.2103579,0.26371756,0.000632465,0.00573332,4.1306094,0.60419883,288.513,287.917,289.479,-31.48,NaN,NaN,NaN,-0.0423863930341355,444.421381868948,57.4908530563635,12.0839766,288.513,287.917,289.479,0.247351004328127+0i,0.000632465,20.861722008847,525.570793872214,28.3865507909218,20.9289593616454,9.9e+37,592.047,-9.9e+37,304.775
20260514174701.3,3604.99999970198,9.7888373,0.55253346,2.0030663,2.7295088,-0.00038745,-0.000713047,0.002422381,1.2103033,0.4287334,0.000632356,0.002769213,4.1302815,0.67665649,288.47,287.908,289.479,-31.51,NaN,NaN,NaN,-0.0223373640439348,444.543486108688,52.8688091209893,13.5331298,288.47,287.908,289.479,0.230598384780797+0i,0.000632356,20.8580815259414,524.472181729254,29.5348759577496,20.9291659245601,1533.206,292.243,149.149,247.636
20260514174703.4,3607.13299959898,9.7887171,0.61382021,2.0028915,2.7293558,-0.000389519,-0.000714354,0.00239886,1.2103907,0.12014876,0.000635187,0.053745518,4.1302378,0.69728945,288.494,287.922,289.479,-31.55,NaN,NaN,NaN,-0.0333962793720701,444.442937407503,58.9940530302096,13.945789,288.494,287.922,289.479,0.225255477563594+0i,0.000635187,20.857596350269,526.257739278235,28.4276558245533,20.9297562964323,9.9e+37,577.52,361.118,623.517
20260514174705.7,3609.36700478196,9.7888155,0.603854,2.0030663,2.7301099,-0.000384945,-0.000712176,0.002377843,1.2103907,0.2655421,0.000609379,0.00517242,4.1302596,0.56989493,288.508,287.919,289.49,-31.57,NaN,NaN,NaN,-0.0223373640439348,444.938517639944,57.9979899806841,11.3978986,288.508,287.919,289.49,0.244967146514853+0i,0.000609379,20.8578383829843,525.296766469814,28.4139541466766,20.9290774360199,466.626,-9.9e+37,-9.9e+37,361.867
20260514174707.9,3611.59000620246,9.7878318,0.45297179,2.0027166,2.7299569,-0.000389628,-0.000714572,0.002384703,1.2102159,0.10891128,0.000634425,-0.003937554,4.1308171,0.65462893,288.494,287.908,289.531,-31.6,NaN,NaN,NaN,-0.0444615213108221,444.83796893876,42.9182160032386,13.0925786,288.494,287.908,289.531,0.195224188003208+0i,0.000634425,20.8640279810932,525.021487800736,27.5253380559775,20.9296973937262,9.9e+37,954.88,295.969,333.91
20260514174710,3613.73800300062,9.7888373,0.59130814,2.0029789,2.7303394,-0.000386905,-0.000711958,0.002390475,1.2103907,0.12561363,0.000633554,0.050578183,4.1305875,0.66512656,288.491,287.917,289.523,-31.63,NaN,NaN,NaN,-0.0278668217080025,445.089340691722,56.7441063508468,13.3025312,288.491,287.917,289.523,0.245693810634425+0i,0.000633554,20.8614788658899,525.570793872214,27.5390397338547,20.9289889474796,-9.9e+37,293.015,624.616,600.371
20260514174712.2,3615.89100882411,9.788105,0.70634558,2.0030445,2.730088,-0.00038647,-0.000714899,0.002379585,1.2102924,0.45402155,0.000630287,0.006464039,4.1303799,0.65132905,288.475,287.906,289.528,-31.65,NaN,NaN,NaN,-0.0237165651546434,444.924125374873,68.2414100697142,13.026581,288.475,287.906,289.528,0.253694205593382+0i,0.000630287,20.8591740038856,524.198154326854,27.4980592609309,20.9294905618493,-9.9e+37,290.805,-9.9e+37,-9.9e+37
20260514174714.3,3618.05900149047,9.788728,0.705932,2.0029461,2.7299897,-0.000387559,-0.000714899,0.002398968,1.2103142,0.1289681,0.000633227,-0.073690939,4.1309701,0.62466047,288.508,287.922,289.514,-31.64,NaN,NaN,NaN,-0.0299419499846891,444.859524477314,68.2000752236672,12.4932094,288.508,287.922,289.514,0.276788384019707+0i,0.000633227,20.8657266510675,526.257739278235,27.5390397338547,20.9287527987307,800.165,-9.9e+37,502.098,583.538
20260514174716.5,3620.20700834692,9.7884876,0.37116337,2.0026292,2.7295416,-0.000388321,-0.000715007,0.002349748,1.2103689,0.25376882,0.000631485,-0.11548495,4.1313854,0.57911037,288.489,287.925,289.495,-31.68,NaN,NaN,NaN,-0.0499909789748756,444.565041647243,34.7419539836677,11.5822074,288.489,287.925,289.495,0.182818596719343+0i,0.000631485,20.870337485318,524.883848466193,27.4843575830532,20.929402073309,1003.47,-9.9e+37,-9.9e+37,599.635
20260514174718.6,3622.34800457954,9.7886952,0.63535234,2.0028259,2.7293339,-0.00038745,-0.000714572,0.002412798,1.2103689,0.23458172,0.000634969,-0.10737632,4.1302378,0.58626774,288.505,287.922,289.498,-31.75,NaN,NaN,NaN,-0.0375465359254292,444.428545142431,61.1460605707472,11.7253548,288.505,287.922,289.498,0.262286277340212+0i,0.000634969,20.857596350269,524.609821063793,27.5253380559775,20.9287821156027,9.9e+37,-9.9e+37,-9.9e+37,734.909
20260514174720.8,3624.4960013777,9.7888482,0.53115625,2.0030445,2.7295853,-0.000388539,-0.000711414,0.002374031,1.2102596,0.13731602,0.000633989,0.028880629,4.1311559,0.67608141,288.483,287.938,289.533,-31.78,NaN,NaN,NaN,-0.0237165651546434,444.59376045928,50.7322849073767,13.5216282,288.483,287.938,289.533,0.217197520520132+0i,0.000633989,20.8677894803565,525.159127135271,28.4412329417228,20.9294905618493,9.9e+37,414.48,243.487,792.682
20260514174722.9,3626.64100080729,9.7887717,0.51044361,2.0029571,2.7293667,-0.000388974,-0.000713156,0.002406482,1.210347,0.44400407,0.000632029,-0.059443085,4.1309701,0.62373184,288.483,287.941,289.509,-31.82,NaN,NaN,NaN,-0.029246022818711,444.450100680986,48.6621804883322,12.4746368,288.483,287.941,289.509,0.223757641621638+0i,0.000632029,20.8657266510675,525.021487800736,28.3318686401203,20.929107021854,392.797,-9.9e+37,-9.9e+37,202.696
20260514174725.1,3628.77000756562,9.7880176,0.448716,2.0027275,2.729793,-0.000387559,-0.000715987,0.002353559,1.2103689,0.45712173,0.000632574,-0.045802528,4.1315712,0.67357704,288.467,287.933,289.528,-31.68,NaN,NaN,NaN,-0.0437719207554323,444.730256964091,42.4928752603143,13.4715408,288.467,287.933,289.528,0.213521576523112+0i,0.000632574,20.872400314607,533.398718207478,29.4801938069481,20.9287232128965,1255.707,548.602,-9.9e+37,-9.9e+37
20260514174727.2,3630.9260006994,9.7887717,0.53659058,2.0029898,2.7287874,-0.000388212,-0.000713047,0.00235051,1.2103798,0.40240092,0.000627782,0.10949445,4.1309919,0.75930403,288.481,287.938,289.536,-31.71,NaN,NaN,NaN,-0.0271772211526553,444.069395696696,51.2754136706606,15.1860806,288.481,287.938,289.536,0.217127446455791+0i,0.000627782,20.8659686837828,533.810384944418,29.507597162703,20.9293135847687,831.7,910.9,299.509,-9.9e+37
20260514174729.5,3633.17200541496,9.7888482,0.64650689,2.0030226,2.729006,-0.00038647,-0.000715334,0.002358895,1.2103033,0.33528481,0.000627238,-0.00668814,4.1309373,0.75376605,288.461,287.925,289.506,-31.73,NaN,NaN,NaN,-0.0251020928759687,444.21305547499,62.260891091987,15.075321,288.461,287.925,289.506,0.23110948538156+0i,0.000627238,20.8653624917527,532.987051470539,28.8649884702563,20.9296086362237,-9.9e+37,703.732,694.593,-9.9e+37
20260514174731.6,3635.32400541008,9.7880941,0.48531259,2.0030117,2.7287984,-0.000387014,-0.000713265,0.002411927,1.2102705,0.38214658,0.000628,0.15970259,4.1302815,0.71268125,288.478,287.93,289.504,-31.8,NaN,NaN,NaN,-0.02579169343133,444.076624688284,46.1504854288374,14.253625,288.478,287.93,289.504,0.205466622790236+0i,0.000628,20.8580815259414,533.398718207478,29.4801938069481,20.9293431706029,-9.9e+37,484.261,356.563,-9.9e+37
20260514174733.9,3637.5940091908,9.7887171,0.58013504,2.0028696,2.7292028,-0.000388103,-0.000715443,0.002404086,1.2103361,0.42439577,0.000630613,-0.001228016,4.1309701,0.79353372,288.47,287.917,289.525,-31.85,NaN,NaN,NaN,-0.0347818070933954,444.342388706318,55.6274218681142,15.8706744,288.47,287.917,289.525,0.215087194325249+0i,0.000630613,20.8657266510675,532.987051470539,29.507597162703,20.9296973937262,-9.9e+37,401.576,722.27,-9.9e+37
20260514174736,3639.75000232458,9.7894822,0.57330065,2.0030008,2.7287765,-0.000387777,-0.00071381,0.002403869,1.2103689,0.37745321,0.000632356,0.11245259,4.1309919,0.73656936,288.472,287.922,289.525,-31.86,NaN,NaN,NaN,-0.0264812939866772,444.062232423213,54.9443654860947,14.7313872,288.472,287.922,289.525,0.223115659230495+0i,0.000632356,20.8659686837828,525.296766469814,29.4392133340243,20.9295497335176,-9.9e+37,400.585,529.892,-9.9e+37
20260514174738.2,3641.92200824618,9.7892526,0.5700968,2.002662,2.7295962,-0.00038549,-0.000714027,0.002412254,1.210347,0.32775969,0.000633663,0.10834201,4.1313417,0.72633799,288.497,287.889,289.52,-31.81,NaN,NaN,NaN,-0.0479158506982031,444.600923732763,54.6241598511319,14.5267598,288.497,287.889,289.52,0.250981863405015+0i,0.000633663,20.8698523096456,525.296766469814,28.3318686401203,20.9286347243563,-9.9e+37,557.137,661.319,-9.9e+37
20260514174740.4,3644.0740082413,9.7891324,0.711805,2.0026292,2.7294323,-0.000387777,-0.000714899,0.002421074,1.2103689,0.41793675,0.000631811,-0.009682991,4.131134,0.63024757,288.475,287.908,289.501,-31.83,NaN,NaN,NaN,-0.0499909789748756,444.493211758096,68.7870464283542,12.6049514,288.475,287.908,289.501,0.285497866725534+0i,0.000631811,20.8675463373994,534.222051681357,29.0427366005374,20.9283100870671,-9.9e+37,-9.9e+37,291.126,-9.9e+37
20260514174742.6,3646.30900919437,9.7893401,0.68839049,2.0027603,2.7293339,-0.000388103,-0.00071479,0.002381545,1.2102814,0.23617818,0.000631376,-0.0072905,4.1305766,0.75892865,288.489,287.884,289.479,-31.86,NaN,NaN,NaN,-0.0416967924787883,444.428545142431,66.4469062713891,15.178573,288.489,287.884,289.479,0.307504393973642+0i,0.000631376,20.8613578495323,533.810384944418,29.5348759577496,20.927483566446,874.091,787.174,770.74,-9.9e+37
20260514174744.7,3648.44899959862,9.7892417,0.60113575,2.0027057,2.7295306,-0.000389192,-0.000715007,0.002422708,1.2102486,0.50739909,0.000631485,0.13511281,4.1310029,0.7162103,288.47,287.895,289.485,-31.94,NaN,NaN,NaN,-0.0451511218661693,444.557812655654,57.726317159785,14.324206,288.47,287.895,289.485,0.258058560504618+0i,0.000631485,20.8660908103822,534.634969684977,29.466492129071,20.9283985756074,-9.9e+37,352.347,432.338,-9.9e+37
20260514174746.9,3650.60900598764,9.7894603,0.50410467,2.0027385,2.7304378,-0.000388648,-0.000713592,0.002424777,1.2103579,0.25778782,0.000633009,0.15380776,4.1315821,0.7446663,288.489,287.911,289.487,-31.97,NaN,NaN,NaN,-0.0430759935894969,445.154007307386,48.0286413689318,14.893326,288.489,287.911,289.487,0.240729785205769+0i,0.000633009,20.8725213309647,534.634969684977,29.056438278415,20.9282213295647,-9.9e+37,716.496,692.7,-9.9e+37
20260514174749.1,3652.77700871229,9.7892526,0.73862414,2.0026947,2.7299788,-0.000389846,-0.000713483,0.00242151,1.2104126,0.31271925,0.000631267,0.13526449,4.1310247,0.71526311,288.502,287.908,289.493,-31.99,NaN,NaN,NaN,-0.045847049032119,444.852361203831,71.4674589797707,14.3052622,288.502,287.908,289.493,0.307693259083807+0i,0.000631267,20.8663328430975,532.987051470539,28.4412329417228,20.9278671064414,-9.9e+37,532.201,656.716,-9.9e+37
20260514174751.2,3654.9300044775,9.7891871,0.64277925,2.0026292,2.7307657,-0.000388648,-0.000717403,0.002428043,1.2103361,0.10580237,0.000637474,-0.12031026,4.1313745,0.65223695,288.513,287.908,289.479,-32.01,NaN,NaN,NaN,-0.0499909789748756,445.369496974827,61.8883357809978,13.044739,288.513,287.908,289.479,0.252927083182233+0i,0.000637474,20.8702164689603,533.948024278961,28.3729736737523,20.9289001899771,-9.9e+37,-9.9e+37,834.499,416.926
20260514174753.5,3657.19100609422,9.7902472,0.58502592,2.0030773,2.7307875,-0.00038647,-0.00071283,0.002368042,1.2103798,0.12722868,0.000636712,-0.003270678,4.130981,0.63827574,288.489,287.933,289.474,-32.05,NaN,NaN,NaN,-0.0216414368779709,445.383823521793,56.1162360560215,12.7655148,288.489,287.933,289.474,0.242742229704072+0i,0.000636712,20.8658476674251,533.810384944418,28.3455703179975,20.928841287271,-9.9e+37,483.323,496.071,323.935
20260514174755.7,3659.37500149012,9.7899958,0.56258696,2.0027275,2.7312029,-0.000386905,-0.00071577,0.002379149,1.2103907,0.25577886,0.000630396,-0.11827081,4.1309701,0.58660384,288.483,287.919,289.449,-32.03,NaN,NaN,NaN,-0.0437719207554323,445.656816531415,53.8735962836525,11.7320768,288.483,287.919,289.449,0.236611407526813+0i,0.000630396,20.8657266510675,532.987051470539,28.3729736737523,20.9289001899771,-9.9e+37,-9.9e+37,318.684,440.945
20260514174757.9,3661.6090066731,9.7900068,0.43406515,2.0027166,2.7312029,-0.000386034,-0.000713701,0.002419332,1.2103251,0.2955815,0.000634098,0.00566239,4.1314728,0.56443768,288.489,287.941,289.455,-32.08,NaN,NaN,NaN,-0.0444615213108221,445.656816531415,41.0286104766963,11.2887536,288.489,287.941,289.455,0.262341280957158+0i,0.000634098,20.8713078366628,526.395378612774,26.3770128891492,20.92695209728,9.9e+37,-9.9e+37,-9.9e+37,429.428
20260514174800,3663.74599970877,9.7902363,0.52842272,2.0028915,2.7322849,-0.000389301,-0.000712067,0.002448843,1.2103689,0.32946638,0.000632791,0.15497646,4.1314072,0.7573922,288.5,287.955,289.436,-32.16,NaN,NaN,NaN,-0.0333962793720701,446.367886431298,50.4590849419164,15.147844,288.5,287.955,289.436,0.275379912309992+0i,0.000632791,20.8705795180333,526.531766680631,26.4453967178283,20.927483566446,9.9e+37,965.081,411.314,-9.9e+37
20260514174802.3,3666.0350035876,9.7900286,0.73424068,2.0027603,2.7318149,-0.000388103,-0.000713483,0.002401255,1.2104454,0.16100661,0.000631376,-0.000782305,4.131593,0.5537851,288.505,287.944,289.46,-32.27,NaN,NaN,NaN,-0.0416967924787883,446.059011336155,71.0293583843515,11.075702,288.505,287.944,289.46,0.319708148754629+0i,0.000631376,20.8726423473223,533.398718207478,27.5253380559775,20.9275128833181,-9.9e+37,-9.9e+37,153.859,398.952
20260514174804.5,3668.1880094111,9.7894603,0.53833872,2.0029571,2.7318696,-0.000387341,-0.000713047,0.002395484,1.2103907,0.42863955,0.000624842,-0.029835411,4.1302924,0.6378709,288.491,287.966,289.438,-32.33,NaN,NaN,NaN,-0.029246022818711,446.094959139781,51.4501298024096,12.757418,288.491,287.966,289.438,0.273232478127783+0i,0.000624842,20.858202542299,534.222051681357,27.5390397338547,20.9274539806119,1201.813,515.31,-9.9e+37,-9.9e+37
20260514174806.6,3670.32400667667,9.7891215,0.68350833,2.0026401,2.7319133,-0.000388648,-0.000714027,0.002368695,1.2103798,0.30678733,0.000631485,0.11459228,4.1304455,0.75171236,288.497,287.998,289.455,-32.31,NaN,NaN,NaN,-0.0493013784195284,446.123677951819,65.9589635952994,15.0342472,288.497,287.998,289.455,0.304149267834113+0i,0.000631485,20.8599023225151,533.261078872935,27.5116363780999,20.9276309576925,1273.967,1031.923,524.645,-9.9e+37
20260514174808.8,3672.47700244188,9.7892964,0.5169288,2.0027275,2.7318368,-0.000388866,-0.000712612,0.002379041,1.2105,0.43341151,0.000631485,-0.055502491,4.1302378,0.67803689,288.467,287.998,289.468,-32.31,NaN,NaN,NaN,-0.0437719207554323,446.073403601227,49.3103364200407,13.5607378,288.467,287.998,289.468,0.254320507894755+0i,0.000631485,20.857596350269,533.810384944418,27.4980592609309,20.9279262781096,-9.9e+37,464.659,320.013,-9.9e+37
20260514174811,3674.72300715744,9.7886734,0.67687692,2.002804,2.7318368,-0.000385599,-0.000714572,0.002411382,1.2103798,0.22580278,0.000635187,-0.0073647,4.1304892,0.7405087,288.497,288.014,289.463,-32.33,NaN,NaN,NaN,-0.0389320636467545,446.073403601227,65.2961938496033,14.810174,288.497,288.014,289.463,0.309614101673012+0i,0.000635187,20.8603874981875,534.222051681357,27.5663185289013,20.9273948089436,-9.9e+37,777.061,786.118,149.227
20260514174813.3,3676.99600830674,9.7888482,0.49395731,2.0028915,2.7323177,-0.000386579,-0.000714245,0.002385356,1.2104782,0.1313066,0.00062996,-0.001313063,4.1302596,0.54683724,288.502,288.025,289.446,-32.32,NaN,NaN,NaN,-0.0333962793720701,446.389441969853,47.0144734609473,10.9367448,288.502,288.025,289.446,0.208498920627262+0i,0.00062996,20.8578383829843,533.398718207478,27.5116363780999,20.9293724874749,-9.9e+37,237.015,269.215,354.294
20260514174815.4,3679.145000875,9.7888373,0.48270782,2.0030336,2.7321209,-0.000389301,-0.000709236,0.00240376,1.2104563,0.42682593,0.000633445,-0.040534931,4.1305329,0.61598957,288.464,288.036,289.468,-32.33,NaN,NaN,NaN,-0.0244061657100048,446.260108738525,45.8901542548492,12.3197914,288.464,288.036,289.468,0.216920785863341+0i,0.000633445,20.8608726738599,533.948024278961,27.5527414117323,20.9289593616454,-9.9e+37,327.53,108.9,-9.9e+37
20260514174817.6,3681.28900453448,9.7888373,0.47276781,2.0029133,2.7316619,-0.000386905,-0.000714136,0.002361182,1.2105328,0.16366048,0.000633554,-0.10870549,4.1307515,0.61192038,288.481,288.055,289.501,-32.3,NaN,NaN,NaN,-0.0320170782613616,445.95846263497,44.8967097385371,12.2384076,288.481,288.055,289.501,0.298316349527016+0i,0.000633554,20.8632996624637,532.987051470539,27.5390397338547,20.9258894279101,1516.255,254.954,363.708,559.092
20260514174819.8,3683.48400369287,9.7886187,0.60173156,2.0027166,2.7312138,-0.000389083,-0.000710434,0.002374576,1.2103689,0.32831186,0.000635405,-0.068004323,4.1302596,0.59081054,288.47,288.063,289.506,-32.41,NaN,NaN,NaN,-0.0444615213108221,445.663979804898,57.785864803828,11.8162108,288.47,288.063,289.506,0.296000429409877+0i,0.000635405,20.8578383829843,533.123439538397,26.404416244904,20.9273063204033,1578.859,-9.9e+37,-9.9e+37,422.599
20260514174821.9,3685.6330063194,9.7887717,0.44593882,2.0029024,2.7306127,-0.000388757,-0.000711305,0.00242151,1.2103689,0.13588212,0.000633445,0.01939615,4.1302487,0.63369149,288.491,288.05,289.536,-32.47,NaN,NaN,NaN,-0.032706678816723,445.268948273642,42.2153127385651,12.6738298,288.491,288.05,289.536,0.229286381449898+0i,0.000633445,20.8577173666266,533.810384944418,26.4453967178283,20.9281920126927,9.9e+37,376.271,263.301,757.719
20260514174824.1,3687.78100311756,9.7886187,0.56700208,2.0026729,2.7308859,-0.000392241,-0.000709454,0.002351054,1.2104126,0.29657343,0.000630396,-0.086099758,4.1313963,0.5637011,288.475,288.074,289.533,-32.46,NaN,NaN,NaN,-0.047226250142856,445.448490137457,54.3148611066114,11.274022,288.475,288.074,289.533,0.256273680180396+0i,0.000630396,20.8704585016756,534.3596910159,26.4179933620735,20.9283100870671,9.9e+37,-9.9e+37,-9.9e+37,593.621
20260514174826.2,3689.9300057441,9.7886187,0.52753228,2.002662,2.7308859,-0.000389083,-0.000717839,0.00235443,1.2103142,0.1606967,0.000630505,0.009237609,4.1307515,0.69801839,288.497,288.066,289.563,-32.47,NaN,NaN,NaN,-0.0479158506982031,445.448490137457,50.3700907925036,13.9603678,288.497,288.066,289.563,0.2395439598781+0i,0.000630505,20.8632996624637,533.261078872935,27.4843575830532,20.928546235816,9.9e+37,702.213,391.825,645.506
20260514174828.3,3692.05500930548,9.7888264,0.57887358,2.0028259,2.7310936,-0.000389192,-0.000713047,0.002429677,1.2102924,0.36727968,0.000630178,-0.038368783,4.130828,0.56960575,288.472,288.069,289.539,-32.57,NaN,NaN,NaN,-0.0375465359254292,445.584986642268,55.501346489966,11.392115,288.472,288.069,289.539,0.26086731067607+0i,0.000630178,20.8641489974508,533.948024278961,27.4980592609309,20.9282213295647,-9.9e+37,-9.9e+37,-9.9e+37,329.771
20260514174830.5,3694.20699924231,9.7877116,0.49074909,2.0026401,2.7307766,-0.000390172,-0.00071283,0.002387208,1.2104235,0.34823988,0.000638345,-0.027999869,4.1311449,0.61354303,288.461,288.072,289.531,-32.6,NaN,NaN,NaN,-0.0493013784195284,445.37666024831,46.6938310706356,12.2708606,288.461,288.072,289.531,0.24025536960736+0i,0.000638345,20.8676673537571,533.536357542013,28.400252468799,20.9281624268585,9.9e+37,175.261,-9.9e+37,269.581
20260514174832.7,3696.36700563133,9.7881269,0.62057709,2.0030445,2.7313887,-0.000390499,-0.000710978,0.002419985,1.2104017,0.44250145,0.00063192,-0.059523668,4.1303908,0.64463543,288.464,288.072,289.539,-32.67,NaN,NaN,NaN,-0.0237165651546434,445.778920771155,59.6693627515659,12.8927086,288.464,288.072,289.539,0.28295684766037+0i,0.00063192,20.8592950202433,534.3596910159,27.6074235625338,20.9278082037352,9.9e+37,608.941,-9.9e+37,-9.9e+37
20260514174834.8,3698.52700196207,9.7888373,0.564896,2.0030008,2.7315526,-0.000389083,-0.000711849,0.002397662,1.2103798,0.21110935,0.000614824,-0.11114081,4.1305875,0.61352448,288.497,288.044,289.512,-32.7,NaN,NaN,NaN,-0.0264812939866772,445.886632745823,54.1043710138535,12.2704896,288.497,288.044,289.512,0.259201414968427+0i,0.000614824,20.8614788658899,532.711772801457,28.3455703179975,20.9281624268585,9.9e+37,368.714,-9.9e+37,532.556
20260514174836.9,3700.65200552344,9.7884438,0.43455948,2.002651,2.7318696,-0.000391152,-0.00071283,0.002394721,1.2104454,0.41688153,0.000638018,-0.045996688,4.1310356,0.61801816,288.481,288.05,289.504,-32.74,NaN,NaN,NaN,-0.0486117778641528,446.094959139781,41.0780158020177,12.3603632,288.481,288.05,289.504,0.236630158523387+0i,0.000638018,20.8664538594552,533.948024278961,28.3729736737523,20.9277197151949,9.9e+37,563.537,-9.9e+37,206.906
20260514174839.2,3702.87500694394,9.7886952,0.47292277,2.0026729,2.7328641,-0.000390172,-0.000710869,0.002376209,1.2103907,0.26378522,0.000635949,0.00576714,4.1312324,0.57925987,288.494,288.042,289.531,-32.78,NaN,NaN,NaN,-0.047226250142856,446.748525697483,44.9121970632227,11.5851974,288.494,288.042,289.531,0.211525338915742+0i,0.000635949,20.8686388153437,534.771357752839,29.4938954848258,20.9289889474796,9.9e+37,586.786,-9.9e+37,322.842
20260514174841.3,3705.04700280726,9.7891105,0.53997448,2.0028368,2.7324488,-0.00039137,-0.000711741,0.00237806,1.2104563,0.21216238,0.000613626,0.11419938,4.1309263,0.74550218,288.51,288.033,289.533,-32.84,NaN,NaN,NaN,-0.0368569353700678,446.475598405966,51.613614225665,14.9100436,288.51,288.033,289.533,0.249992422607676+0i,0.000613626,20.8652403651533,533.123439538397,29.4801938069481,20.9282213295647,9.9e+37,1140.689,511.184,151.987
20260514174843.6,3707.28500112891,9.7895149,0.55303433,2.0030554,2.7332139,-0.000390172,-0.000713374,0.002360855,1.2103142,0.42375631,0.000633227,0.00250329,4.1303143,0.6447893,288.464,288.023,289.528,-32.86,NaN,NaN,NaN,-0.0230269645992962,446.978407629996,52.918868080174,12.895786,288.464,288.023,289.528,0.254986491407296+0i,0.000633227,20.8584456852561,532.987051470539,29.507597162703,20.9281624268585,-9.9e+37,-9.9e+37,275.734,188.664
20260514174845.7,3709.41800102592,9.7894931,0.54897496,2.0029898,2.7331483,-0.000390499,-0.000710869,0.002384703,1.2104454,0.13827848,0.000634534,-0.11199912,4.1302924,0.60859322,288.497,288.006,289.52,-32.9,NaN,NaN,NaN,-0.0271772211526553,446.935296552886,52.5131583408295,12.1718644,288.497,288.006,289.52,0.230054185318658+0i,0.000634534,20.858202542299,534.085663613495,29.452915011902,20.9289593616454,9.9e+37,-9.9e+37,-9.9e+37,701.124
20260514174847.8,3711.54300458729,9.7886843,0.57143465,2.0028368,2.7337057,-0.000392786,-0.000715661,0.002392544,1.2104235,0.36152672,0.000613626,0.11533146,4.1309263,0.73203748,288.5,287.998,289.514,-32.91,NaN,NaN,NaN,-0.0368569353700678,447.301609272105,54.7578699526457,14.6407496,288.5,287.998,289.514,0.242512366039757+0i,0.000613626,20.8652403651533,533.536357542013,28.3592719958751,20.9287527987307,9.9e+37,755.491,210.562,139.611
20260514174850,3713.7460000813,9.7894275,0.43751671,2.0027057,2.734121,-0.000393113,-0.000713918,0.002370764,1.2103689,0.1664944,0.000632356,-5.8259e-05,4.1315821,0.70250225,288.494,287.987,289.501,-32.93,NaN,NaN,NaN,-0.0451511218661693,447.574536563622,41.3735732438084,14.050045,288.494,287.987,289.501,0.227723672614287+0i,0.000632356,20.8725213309647,533.123439538397,29.452915011902,20.9280739383182,-9.9e+37,449.276,661.05,335.759
20260514174852.2,3715.90200327337,9.7889247,0.53628176,2.0026401,2.7337932,-0.000390172,-0.000714245,0.002394395,1.2104454,0.28536975,0.000635187,0.11279039,4.1311449,0.73055995,288.491,287.957,289.52,-32.95,NaN,NaN,NaN,-0.0493013784195284,447.359112614286,51.2445489597069,14.611199,288.491,287.957,289.52,0.271022896464592+0i,0.000635187,20.8676673537571,533.672745609879,29.4801938069481,20.9274539806119,-9.9e+37,384.019,585.946,-9.9e+37
20260514174854.3,3718.05900223553,9.7893947,0.60204584,2.002815,2.7337057,-0.000391806,-0.000713156,0.002415412,1.2104017,0.40941753,0.000615804,0.095791602,4.1309482,0.71775766,288.486,287.947,289.514,-32.98,NaN,NaN,NaN,-0.0382361364807764,447.301609272105,57.8172752091079,14.3551532,288.486,287.947,289.514,0.260573621399968+0i,0.000615804,20.8654835081104,534.222051681357,28.3729736737523,20.9283689897732,-9.9e+37,268.062,478.516,-9.9e+37
20260514174856.5,3720.19900269806,9.7893619,0.48192322,2.002662,2.7334325,-0.000389846,-0.000713918,0.002430548,1.2103033,0.15912097,0.000633227,0.012258914,4.1315165,0.72223279,288.502,287.949,289.514,-33.02,NaN,NaN,NaN,-0.0479158506982031,447.12206740829,45.8117381800667,14.4446558,288.502,287.949,289.514,0.219303532912258+0i,0.000633227,20.8717930123352,533.672745609879,28.400252468799,20.928841287271,-9.9e+37,250.867,784.792,203.479
20260514174858.6,3722.35900908709,9.7890668,0.57025285,2.0027494,2.7335964,-0.00039137,-0.000711414,0.002348985,1.2104782,0.41925823,0.000631702,-0.014213482,4.131604,0.61767552,288.464,287.955,289.542,-33.07,NaN,NaN,NaN,-0.0423863930341355,447.229779382958,54.6397561147947,12.3535104,288.464,287.955,289.542,0.268412306515441+0i,0.000631702,20.8727644739218,532.711772801457,27.5390397338547,20.9279262781096,-9.9e+37,-9.9e+37,-9.9e+37,-9.9e+37
20260514174900.8,3724.49200898409,9.7884766,0.65374176,2.0026729,2.7330937,-0.000392677,-0.000712067,0.002420965,1.2103798,0.45082753,0.000633336,-0.050836542,4.1310247,0.680562,288.467,287.952,289.555,-33.08,NaN,NaN,NaN,-0.047226250142856,446.899414467366,62.9839730534469,13.61124,288.467,287.952,289.555,0.262744791204208+0i,0.000633336,20.8663328430975,533.948024278961,28.3318686401203,20.9286640412283,339.337,439.132,147.885,-9.9e+37
20260514174902.9,3726.63700841367,9.7884985,0.44685,2.0026182,2.7326783,-0.00039039,-0.000710978,0.002390039,1.2103579,0.11383163,0.000635187,0.043142467,4.1313526,0.70434754,288.5,287.952,289.558,-33.12,NaN,NaN,NaN,-0.0506869061408253,446.626421457743,42.3063797268653,14.0869508,288.5,287.952,289.558,0.228134301775857+0i,0.000635187,20.8699733260032,534.497330350434,28.4276558245533,20.9281624268585,1276.519,611.064,708.577,402.267
20260514174905.1,3728.78500521183,9.7887717,0.55125017,2.0027385,2.7329625,-0.000393984,-0.000716205,0.002367715,1.2104891,0.42180191,0.000633009,-0.015653515,4.1315821,0.60346989,288.489,287.933,289.55,-33.15,NaN,NaN,NaN,-0.0430759935894969,446.813192313147,52.7405519649766,12.0693978,288.489,287.933,289.55,0.208675192614182+0i,0.000633009,20.8725213309647,534.3596910159,27.7987488099843,20.9297562964323,-9.9e+37,-9.9e+37,-9.9e+37,-9.9e+37
20260514174907.2,3730.9410084039,9.7888155,0.49009653,2.0027713,2.7323832,-0.000391261,-0.000714681,0.002377625,1.2103907,0.12628258,0.0006329,-0.071223374,4.1315712,0.6357932,288.51,287.949,289.544,-33.2,NaN,NaN,NaN,-0.0410008653128102,446.432487328857,46.628611603697,12.715864,288.51,287.949,289.544,0.253876505604447+0i,0.0006329,20.872400314607,533.672745609879,27.5800202067785,20.9276901293608,9.9e+37,249.149,439.888,616.282
20260514174909.4,3733.06600190699,9.7885859,0.43724718,2.0027057,2.7318258,-0.000392568,-0.000715007,0.002461148,1.2104672,0.23854833,0.000625822,-0.11502357,4.1309701,0.5794923,288.483,287.936,289.539,-33.26,NaN,NaN,NaN,-0.0451511218661693,446.066174609638,41.3466353332347,11.589846,288.483,287.936,289.539,0.237431651931253+0i,0.000625822,20.8657266510675,533.948024278961,27.5663185289013,20.9277490320669,1493.555,-9.9e+37,-9.9e+37,637.389
20260514174911.6,3735.30100286007,9.7884438,0.56030083,2.0026401,2.7319023,-0.000391261,-0.000713047,0.002410838,1.2104126,0.25171076,0.000636058,0.00568748,4.131593,0.57248769,288.502,287.936,289.536,-33.25,NaN,NaN,NaN,-0.0493013784195284,446.11644896023,53.645111270853,11.4497538,288.502,287.936,289.536,0.228844314520842+0i,0.000636058,20.8726423473223,533.398718207478,27.5253380559775,20.9291659245601,9.9e+37,367.853,-9.9e+37,465.327
20260514174913.9,3737.58200034499,9.7887389,0.50836373,2.0029461,2.7316728,-0.000392568,-0.000714136,0.002360093,1.2104454,0.12806347,0.000634534,-0.000618526,4.1309701,0.55973449,288.51,287.949,289.542,-33.29,NaN,NaN,NaN,-0.0299419499846891,445.965625908453,48.4543089287878,11.1946898,288.51,287.949,289.542,0.249582264463571+0i,0.000634534,20.8657266510675,533.123439538397,28.8923918260107,20.9279851808158,9.9e+37,473.894,-9.9e+37,533.742
20260514174916,3739.75799940526,9.7884657,0.73902026,2.002662,2.7312466,-0.000392459,-0.000713374,0.002423797,1.2103798,0.12167539,0.000631594,0.044908643,4.1310356,0.69018556,288.497,287.952,289.531,-33.36,NaN,NaN,NaN,-0.0479158506982031,445.685535343453,71.5070488033022,13.8037112,288.497,287.952,289.531,0.263458649801714+0i,0.000631594,20.8664538594552,532.437745399057,29.5348759577496,20.929136338726,9.9e+37,690.146,429.194,659.588
20260514174918.2,3741.89900569618,9.7888155,0.54859849,2.0030554,2.7313887,-0.000392786,-0.000712612,0.002396355,1.2104235,0.12118106,0.000633663,0.047099731,4.1311449,0.62334991,288.494,287.96,289.509,-33.38,NaN,NaN,NaN,-0.0230269645992962,445.778920771155,52.4755324172081,12.4669982,288.494,287.96,289.509,0.250829247035048+0i,0.000633663,20.8676673537571,533.948024278961,29.452915011902,20.9282509153988,919.56,102.989,378.124,733.405
20260514174920.3,3744.03900615871,9.7888045,0.60360848,2.0027931,2.7317384,-0.000391261,-0.000714245,0.002390475,1.2104344,0.15947125,0.000637801,0.002999636,4.1315712,0.6751866,288.497,287.971,289.536,-33.43,NaN,NaN,NaN,-0.0396216642021017,446.008736985562,57.9734517259293,13.503732,288.497,287.971,289.536,0.269365995388088+0i,0.000637801,20.872400314607,533.398718207478,29.4938954848258,20.9280739383182,790.409,220.486,464.808,607.286
20260514174922.6,3746.28100767732,9.7887936,0.53750066,2.0030226,2.7313012,-0.000392677,-0.000710978,0.002373922,1.2104672,0.2781349,0.000630831,-0.00700023,4.1310247,0.71745539,288.486,287.982,289.52,-33.45,NaN,NaN,NaN,-0.0251020928759687,445.721417428974,51.3663707205434,14.3491078,288.486,287.982,289.52,0.26132334304499+0i,0.000630831,20.8663328430975,533.261078872935,29.4801938069481,20.9278082037352,-9.9e+37,-9.9e+37,539.35,429.062
20260514174924.8,3748.50800223649,9.7888592,0.55794814,2.0029133,2.7316728,-0.000393548,-0.000712612,0.002408225,1.2105219,0.1584324,0.000635949,-0.003635805,4.1309263,0.64175568,288.491,287.982,289.544,-33.52,NaN,NaN,NaN,-0.0320170782613616,445.965625908453,53.4099739843632,12.8351136,288.491,287.982,289.544,0.259156642532296+0i,0.000635949,20.8652403651533,532.437745399057,29.4938954848258,20.9280739383182,-9.9e+37,324.882,389.089,392.222
20260514174927,3750.72300732136,9.7895259,0.44991417,2.0028259,2.7317384,-0.000393657,-0.000713265,0.002388514,1.2104235,0.29562733,0.000631267,0.00569076,4.1310247,0.58217563,288.505,288.009,289.572,-33.61,NaN,NaN,NaN,-0.0375465359254292,446.008736985562,42.6126251817036,11.6435126,288.505,288.009,289.572,0.196147018578385+0i,0.000631267,20.8663328430975,534.3596910159,29.4938954848258,20.9293724874749,-9.9e+37,-9.9e+37,-9.9e+37,191.173
20260514174929.2,3752.89500318468,9.7895259,0.55672924,2.0028696,2.7317056,-0.000392459,-0.000713156,0.00240964,1.2103579,0.34504148,0.000632247,-0.13646375,4.1314182,0.59879725,288.472,288.009,289.558,-33.59,NaN,NaN,NaN,-0.0347818070933954,445.987181447008,53.2881522235266,11.975945,288.472,288.009,289.558,0.240349180216349+0i,0.000632247,20.8707016446327,533.123439538397,28.4412329417228,20.9287232128965,1113.563,-9.9e+37,-9.9e+37,298.464
20260514174931.4,3755.07399961352,9.7895587,0.52497662,2.0030336,2.7314652,-0.000394201,-0.000714354,0.002391564,1.2104672,0.2389379,0.000631702,0.15657402,4.1311012,0.75141336,288.502,287.998,289.561,-33.66,NaN,NaN,NaN,-0.0244061657100048,445.829195121747,50.1146678691305,15.0282672,288.502,287.998,289.561,0.209463804477354+0i,0.000631702,20.8671821780847,532.987051470539,28.400252468799,20.9295497335176,9.9e+37,934.641,481.945,258.26
20260514174933.7,3757.36300349236,9.7895696,0.62250639,2.0030226,2.7314652,-0.000393221,-0.000709998,0.002417263,1.2104782,0.4436647,0.000635514,-0.001298471,4.1310794,0.76409889,288.47,287.998,289.547,-33.7,NaN,NaN,NaN,-0.0251020928759687,445.829195121747,59.8621847412139,15.2819778,288.47,287.998,289.547,0.260470069274485+0i,0.000635514,20.8669401453694,532.849412135996,27.4980592609309,20.928575552688,-9.9e+37,147.553,649.697,-9.9e+37
20260514174935.8,3759.50800292194,9.7894275,0.53376101,2.0029024,2.7312466,-0.000391806,-0.000713483,0.002416827,1.2104563,0.17544794,0.000635078,0.000910475,4.1309701,0.72691743,288.486,287.995,289.563,-33.76,NaN,NaN,NaN,-0.032706678816723,445.685535343453,50.9926150819247,14.5383486,288.486,287.995,289.563,0.279186034588644+0i,0.000635078,20.8657266510675,532.574133466919,28.113140036915,20.927217831863,-9.9e+37,126.674,627.267,370.077
20260514174937.9,3761.63300648332,9.7895587,0.45034411,2.002968,2.7316182,-0.000394637,-0.000714572,0.00242151,1.2104454,0.20761087,0.00063486,0.047918299,4.1313745,0.71628777,288.486,288.02,289.585,-33.83,NaN,NaN,NaN,-0.0285564222633639,445.929743822933,42.6555951118489,14.3257554,288.486,288.02,289.585,0.228285246303865+0i,0.00063486,20.8702164689603,533.123439538397,27.5253380559775,20.9282509153988,-9.9e+37,-9.9e+37,636.164,366.219
20260514174940.1,3763.7889996171,9.7894931,0.59645765,2.0030117,2.7312794,-0.000391915,-0.000712721,0.002392652,1.210347,0.35045181,0.000636167,-0.11295446,4.1309919,0.57952395,288.494,288.009,289.547,-33.9,NaN,NaN,NaN,-0.02579169343133,445.707090882008,57.2587690595557,11.590479,288.494,288.009,289.547,0.253996626226175+0i,0.000636167,20.8659686837828,534.085663613495,27.5527414117323,20.928575552688,-9.9e+37,-9.9e+37,-9.9e+37,229.492
20260514174942.2,3765.94099961221,9.7892964,0.91580922,2.0027166,2.7312138,-0.000393004,-0.000709236,0.002403869,1.2104235,0.20459908,0.000616348,0.033409379,4.1309482,0.74441639,288.491,287.982,289.539,-33.87,NaN,NaN,NaN,-0.0444615213108221,445.663979804898,89.176047411605,14.8883278,288.491,287.982,289.539,0.265865013365313+0i,0.000616348,20.8654835081104,534.3596910159,27.5937218846561,20.9299039566409,9.9e+37,559.88,560.505,353.106
20260514174944.4,3768.09800863266,9.7901489,0.43774259,2.0029024,2.7312356,-0.000394201,-0.000714463,0.002384594,1.2105984,0.37498812,0.000633336,0.11130919,4.1309482,0.73331312,288.467,287.99,289.544,-33.88,NaN,NaN,NaN,-0.032706678816723,445.678306351865,41.3961485980932,14.6662624,288.467,287.99,289.544,0.220119210259645+0i,0.000633336,20.8654835081104,533.398718207478,27.5390397338547,20.9284281614415,-9.9e+37,400.676,410.255,-9.9e+37
20260514174946.5,3770.23800909519,9.789504,0.49656535,2.0030226,2.7312794,-0.000395835,-0.000711414,0.002388079,1.2104454,0.411349,0.000632682,-0.002478682,4.130981,0.6364152,288.459,287.985,289.566,-33.92,NaN,NaN,NaN,-0.0251020928759687,445.707090882008,47.2751314518671,12.728304,288.459,287.985,289.566,0.18516248289386+0i,0.000632682,20.8658476674251,533.398718207478,28.4412329417228,20.9301990080959,-9.9e+37,-9.9e+37,125.352,-9.9e+37
20260514174948.7,3772.38700166345,9.7891761,0.72469678,2.002804,2.7312029,-0.000391915,-0.000716205,0.002375447,1.2105219,0.13339194,0.00063889,0.043944808,4.1309373,0.6998462,288.481,287.952,289.552,-33.98,NaN,NaN,NaN,-0.0389320636467545,445.656816531415,70.0755026921308,13.996924,288.481,287.952,289.552,0.269117359478563+0i,0.00063889,20.8653624917527,533.948024278961,28.3455703179975,20.9289001899771,1537.633,494.047,681.649,449.013
20260514174950.8,3774.54700805247,9.7893729,0.53669424,2.0026838,2.7315745,-0.000392024,-0.000712721,0.002382961,1.2105109,0.23973995,0.000633118,-0.11989617,4.1308389,0.57048201,288.486,287.952,289.493,-33.98,NaN,NaN,NaN,-0.0465366495874946,445.901025010895,51.2857738673366,11.4096402,288.486,287.952,289.493,0.255138964455993+0i,0.000633118,20.8642700138085,533.810384944418,28.3865507909218,20.9280443524841,186.683,-9.9e+37,-9.9e+37,551.577
20260514174953,3776.70700438321,9.7894275,0.40595505,2.0028805,2.7312247,-0.000393113,-0.000708038,0.00242739,1.2104344,0.34513424,0.000636167,-0.091073543,4.1302269,0.57555513,288.475,287.966,289.463,-34.09,NaN,NaN,NaN,-0.0340922065380482,445.671143078382,38.2191741986659,11.5111026,288.475,287.966,289.463,0.20202951803006+0i,0.000636167,20.8574753339113,533.398718207478,28.3592719958751,20.9287821156027,9.9e+37,-9.9e+37,-9.9e+37,428.436
20260514174955.2,3778.86700071394,9.7895477,0.4507435,2.0029243,2.73164,-0.000393439,-0.000712285,0.002364775,1.2105109,0.2896681,0.000635623,-0.10630163,4.131451,0.59466585,288.483,287.952,289.444,-34.09,NaN,NaN,NaN,-0.0313211510953977,445.944070369899,42.695511752312,11.893317,288.483,287.952,289.444,0.222631329408882+0i,0.000635623,20.8710658039475,532.437745399057,28.3729736737523,20.9284574783135,9.9e+37,190.68,-9.9e+37,553.557
20260514174957.3,3781.00000061095,9.7899521,0.60309342,2.0026292,2.7314652,-0.000393113,-0.000713156,0.002414976,1.2105109,0.23874803,0.000632465,-0.1042225,4.1307515,0.61761986,288.494,287.949,289.403,-34.14,NaN,NaN,NaN,-0.0499909789748756,445.829195121747,57.9219745611607,12.3523972,288.494,287.949,289.403,0.270368109174452+0i,0.000632465,20.8632996624637,533.261078872935,29.4255116561471,20.9280443524841,9.9e+37,212.366,-9.9e+37,646.87
20260514174959.5,3783.18000286818,9.7900396,0.65606062,2.0027713,2.7312029,-0.000394419,-0.000710434,0.00238503,1.2104782,0.17109612,0.000632682,-0.075050605,4.1302378,0.59407986,288.489,287.952,289.392,-34.18,NaN,NaN,NaN,-0.0410008653128102,445.656816531415,63.2157292338829,11.8815972,288.489,287.952,289.392,0.277456139381832+0i,0.000632682,20.857596350269,540.67733647126,29.4392133340243,20.9280443524841,9.9e+37,224.045,-9.9e+37,806.355
20260514175001.7,3785.36700569093,9.7902144,0.60234702,2.002815,2.7317275,-0.000393004,-0.000712067,0.002394613,1.2104782,0.24184604,0.000631158,-0.093632465,4.1308717,0.578161,288.475,287.971,289.4,-34.2,NaN,NaN,NaN,-0.0382361364807764,446.001573712079,57.8473763477811,11.56322,288.475,287.971,289.4,0.259188473601269+0i,0.000631158,20.8646341731232,542.18761535116,28.400252468799,20.9282509153988,9.9e+37,-9.9e+37,-9.9e+37,770.443
20260514175003.8,3787.53900155425,9.7895368,0.59657768,2.0028805,2.7316838,-0.000393439,-0.000710869,0.002323395,1.2105109,0.32341112,0.00063388,0.11940894,4.1307624,0.69351053,288.491,287.993,289.425,-34.22,NaN,NaN,NaN,-0.0340922065380482,445.972854900042,57.2707653397701,13.8702106,288.491,287.993,289.425,0.264494270184341+0i,0.00063388,20.8634206788213,541.638309279682,27.5390397338547,20.9280739383182,9.9e+37,954.774,144.463,304.2
20260514175006,3789.68400098383,9.789351,0.48992739,2.0027713,2.7305689,-0.000392895,-0.00071283,0.00234365,1.2104891,0.10453325,0.000634098,0.050135412,4.1302378,0.6415047,288.497,288.009,289.446,-34.27,NaN,NaN,NaN,-0.0410008653128102,445.240163743499,46.6117070728676,12.830094,288.497,288.009,289.446,0.248463992752959+0i,0.000634098,20.857596350269,543.010948825042,28.3729736737523,20.9276605435266,80.855,74.356,484.633,614.71
20260514175008.1,3791.8400041759,9.7891652,0.56600141,2.002651,2.7306345,-0.000392895,-0.000713701,0.002332978,1.2105,0.44452459,0.0006329,-0.064225329,4.1303689,0.60768749,288.459,287.998,289.436,-34.38,NaN,NaN,NaN,-0.0486117778641528,445.283274820608,54.2148501283389,12.1537498,288.459,287.998,289.436,0.234184429770686+0i,0.0006329,20.8590518772861,542.18761535116,28.400252468799,20.9288117014368,-9.9e+37,-9.9e+37,-9.9e+37,-9.9e+37
20260514175010.3,3793.98400783539,9.7892308,0.59446834,2.0026838,2.7299788,-0.000393004,-0.000714681,0.002430221,1.2105328,0.20007921,0.000631594,-0.11323889,4.1302706,0.59946836,288.461,287.99,289.425,-34.26,NaN,NaN,NaN,-0.0465366495874946,444.852361203831,57.0599494295207,11.9893672,288.461,287.99,289.425,0.273424536873013+0i,0.000631594,20.8579605095837,542.599282088103,28.3455703179975,20.9277197151949,9.9e+37,-9.9e+37,-9.9e+37,583.058
20260514175012.4,3796.12100087106,9.7894494,0.68170126,2.0027385,2.7302083,-0.000393875,-0.000713918,0.002408442,1.2104017,0.44010729,0.000636494,-0.048195177,4.1308826,0.62023881,288.478,287.998,289.463,-34.31,NaN,NaN,NaN,-0.0430759935894969,445.003184255608,65.7783577627005,12.4047762,288.478,287.998,289.463,0.266969505168902+0i,0.000636494,20.8647551894809,541.774697347543,28.3729736737523,20.928546235816,9.9e+37,372.772,-9.9e+37,191.977
20260514175014.8,3798.51200580597,9.7895368,0.50597285,2.0028696,2.7298476,-0.000393875,-0.000711087,0.002397008,1.2105875,0.30123734,0.000633989,0.00559255,4.1302487,0.62239072,288.494,288.042,289.468,-34.33,NaN,NaN,NaN,-0.0347818070933954,444.766139049612,48.2153547803352,12.4478144,288.494,288.042,289.468,0.248122103533776+0i,0.000633989,20.8577173666266,542.324003419026,27.5253380559775,20.9278671064414,9.9e+37,486.028,-9.9e+37,318.779
20260514175017.1,3800.76999999583,9.7894822,0.61407228,2.0027603,2.7292028,-0.000394419,-0.000713265,0.002392435,1.2105656,0.35445771,0.000637801,-0.003791743,4.1303799,0.76540727,288.486,288.036,289.463,-34.41,NaN,NaN,NaN,-0.0416967924787883,444.342388706318,59.0192459182678,15.3081454,288.486,288.036,289.463,0.266144128547923+0i,0.000637801,20.8591740038856,540.951363873656,28.3865507909218,20.9281328410244,9.9e+37,808.17,473.536,259.976
20260514175019.4,3803.06300707161,9.7894384,0.56477378,2.0027603,2.7292355,-0.000392459,-0.000713265,0.002378932,1.2104454,0.27348408,0.000636385,0.00570822,4.1303252,0.56818824,288.472,288.066,289.468,-34.42,NaN,NaN,NaN,-0.0416967924787883,444.363878526768,54.0921558562446,11.3637648,288.472,288.066,289.468,0.267424407196357+0i,0.000636385,20.8585667016137,542.049976016621,28.3455703179975,20.9276901293608,429.334,134.623,-9.9e+37,436.263
20260514175021.7,3805.3670078516,9.7899412,0.38505907,2.002651,2.7283284,-0.00039431,-0.000714136,0.002347896,1.2106421,0.41967074,0.000632247,-0.001122387,4.1304782,0.77944815,288.475,288.077,289.474,-34.46,NaN,NaN,NaN,-0.0486117778641528,443.767749593141,36.130746043768,15.588963,288.475,288.077,289.474,0.212319354730471+0i,0.000632247,20.860265371588,532.849412135996,27.5527414117323,20.9281624268585,915.54,756.892,497.861,-9.9e+37
20260514175023.8,3807.52300098538,9.7893401,0.58552025,2.0027822,2.7280879,-0.000394746,-0.00071577,0.002368587,1.2106312,0.21712529,0.000632791,-0.11700534,4.1302159,0.59182211,288.497,288.055,289.506,-34.48,NaN,NaN,NaN,-0.0403112647574631,443.609697549776,56.165641381343,11.8364422,288.497,288.055,289.506,0.28202783745113+0i,0.000632791,20.8573532073119,534.085663613495,27.4843575830532,20.9275720549863,-9.9e+37,-9.9e+37,177.96,501.956
20260514175026,3809.66800041497,9.7887717,0.56250511,2.0030008,2.7281535,-0.00039333,-0.00071381,0.002361399,1.2105328,0.14071083,0.000633009,0.006527634,4.1303362,0.70471528,288.5,288.044,289.523,-34.53,NaN,NaN,NaN,-0.0264812939866772,443.652808626885,53.8654158659607,14.0943056,288.5,288.044,289.523,0.396923994160917+0i,0.000633009,20.8586888282132,533.261078872935,28.0858612418683,20.9234983545873,9.9e+37,452.05,433.935,653.393
20260514175028.1,3811.84399947524,9.7880832,0.46584832,2.0030117,2.7281645,-0.00039431,-0.000714354,0.002381872,1.2104126,0.4426204,0.000630396,-0.051904805,4.1310029,0.64593399,288.478,288.025,289.509,-34.64,NaN,NaN,NaN,-0.02579169343133,443.660037618474,44.2051481207745,12.9186798,288.478,288.025,289.509,0.412190878255827+0i,0.000630396,20.8660908103822,540.813724539122,27.5937218846561,20.9214026016816,-9.9e+37,-9.9e+37,-9.9e+37,-9.9e+37
20260514175030.3,3814.01200219989,9.7884985,0.48705201,2.0026947,2.7287328,-0.000392241,-0.000713047,0.00241454,1.2104891,0.21788151,0.000632465,0.11335653,4.1310138,0.72643511,288.5,288.009,289.525,-34.68,NaN,NaN,NaN,-0.045847049032119,444.033513611175,46.3243300487687,14.5287022,288.5,288.009,289.525,0.446263055100547+0i,0.000632465,20.8662118267399,542.324003419026,27.5253380559775,20.9204875925203,1269.446,751.107,625.918,278.574
20260514175032.4,3816.15600585938,9.7884438,0.48609282,2.002651,2.7287546,-0.000394419,-0.000714354,0.002398968,1.2105875,0.38442616,0.000635405,-0.012617399,4.1310466,0.59048099,288.481,288.009,289.528,-34.76,NaN,NaN,NaN,-0.0486117778641528,444.047840158141,46.2284647482709,11.8096198,288.481,288.009,289.528,0.436293497263238+0i,0.000635405,20.8665759860546,539.715112396157,26.4453967178283,20.9209303041838,-9.9e+37,-9.9e+37,-9.9e+37,-9.9e+37
20260514175034.6,3818.33200491965,9.789504,0.52666475,2.002804,2.7292465,-0.000392677,-0.000712938,0.002373378,1.2105765,0.44051542,0.000631267,0.10065607,4.131593,0.72510054,288.472,287.979,289.544,-34.78,NaN,NaN,NaN,-0.0389320636467545,444.371107518356,50.2833863604923,14.5020108,288.472,287.979,289.544,0.393757452985408+0i,0.000631267,20.8726423473223,541.500669945139,26.4316950399507,20.9230260570895,839.946,715.506,251.044,-9.9e+37
20260514175036.8,3820.48400491476,9.7891652,0.51909489,2.0026292,2.7288639,-0.000395835,-0.000714899,0.002416392,1.2104563,0.41644504,0.000633336,-0.013452518,4.1312433,0.63955903,288.478,287.985,289.506,-34.84,NaN,NaN,NaN,-0.0499909789748756,444.119670047288,49.5268241531857,12.7911806,288.478,287.985,289.506,0.243259533291184+0i,0.000633336,20.8687598317013,539.16580632468,27.5527414117323,20.9282213295647,-9.9e+37,360.264,109.319,-9.9e+37
20260514175038.9,3822.63700067997,9.7892526,0.46521541,2.0027057,2.7287219,-0.000394528,-0.000717294,0.002413343,1.2105656,0.24926203,0.000628327,-0.11971454,4.1309591,0.60992561,288.478,287.971,289.482,-34.84,NaN,NaN,NaN,-0.0451511218661693,444.026350337692,44.141892553746,12.1985122,288.478,287.971,289.482,0.161541859526203+0i,0.000628327,20.865604524468,534.771357752839,27.5390397338547,20.9308485516364,1573.948,263.842,165.871,373.374
20260514175041.1,3824.78500753641,9.789351,0.52684044,2.0026838,2.7290607,-0.000392677,-0.000713918,0.002408116,1.2106202,0.44284955,0.000633009,0.075050389,4.1315493,0.68651139,288.47,287.966,289.514,-34.9,NaN,NaN,NaN,-0.0465366495874946,444.249003278616,50.3009455246251,13.7302278,288.47,287.966,289.514,0.176462180053255+0i,0.000633009,20.8721571716499,533.672745609879,27.5390397338547,20.9307304772619,9.9e+37,812.552,-9.9e+37,-9.9e+37
20260514175043.2,3826.91800743341,9.7891324,0.58423369,2.0026292,2.7288421,-0.000393439,-0.00071479,0.002376754,1.2105547,0.34966176,0.000634316,-0.054591036,4.1311559,0.61366307,288.481,287.966,289.493,-34.99,NaN,NaN,NaN,-0.0499909789748756,444.105343500322,56.0370574083986,12.2732614,288.481,287.966,289.493,0.182751211059143+0i,0.000634316,20.8677894803565,533.536357542013,27.5800202067785,20.9308485516364,554.191,396.251,-9.9e+37,93.251
20260514175045.4,3829.10200282931,9.7895368,0.44426706,2.0030336,2.7289842,-0.000394201,-0.000713592,0.002396464,1.2105875,0.4268925,0.000632682,-0.03597058,4.1312105,0.63344487,288.467,287.952,289.479,-34.98,NaN,NaN,NaN,-0.0244061657100048,444.198728928024,42.0482303307416,12.6688974,288.467,287.952,289.479,0.149596788727314+0i,0.000632682,20.8683956723866,534.3596910159,26.4316950399507,20.9312027747597,1311.543,584.151,-9.9e+37,-9.9e+37
20260514175047.6,3831.34400434792,9.7893401,0.56188966,2.0027822,2.7287109,-0.000392459,-0.000715116,0.002415738,1.2106968,0.23190166,0.000634207,0.00540595,4.131287,0.6099769,288.5,287.936,289.468,-35.04,NaN,NaN,NaN,-0.0403112647574631,444.019121346103,53.8039053214478,12.199538,288.5,287.936,289.468,0.146292628061428+0i,0.000634207,20.8692450073737,533.261078872935,26.404416244904,20.9319997095466,9.9e+37,707.906,-9.9e+37,147.285
20260514175049.8,3833.49600434303,9.7894822,0.47785948,2.0027713,2.7292355,-0.000393766,-0.000715225,0.002381327,1.2105875,0.25392705,0.000634425,0.14357094,4.1315603,0.74286357,288.494,287.941,289.479,-35.05,NaN,NaN,NaN,-0.0410008653128102,444.363878526768,45.4055916853733,14.8572714,288.494,287.941,289.479,0.16473208137958+0i,0.000634425,20.8722792982494,534.634969684977,27.4843575830532,20.9308189658022,1403.35,1138.85,542.52,-9.9e+37
20260514175052.1,3835.79700775445,9.7886734,0.53523309,2.0027931,2.7287,-0.000392677,-0.000709672,0.002368151,1.2106093,0.13596287,0.000626367,-0.000677765,4.131604,0.52597073,288.502,287.947,289.49,-35.06,NaN,NaN,NaN,-0.0396216642021017,444.01195807262,51.1397406686769,10.5194146,288.502,287.947,289.49,0.218490788325998+0i,0.000626367,20.8727644739218,543.148588159577,26.5820398144774,20.9291659245601,-9.9e+37,-9.9e+37,220.85,403.167
20260514175054.2,3837.94100135565,9.7887062,0.57154486,2.0026838,2.7291044,-0.000393439,-0.000716641,0.00237512,1.2105984,0.10912407,0.000632465,0.030594428,4.1315165,0.65870357,288.521,287.938,289.482,-35.23,NaN,NaN,NaN,-0.0465366495874946,444.277722090654,54.768884782625,13.1740714,288.521,287.938,289.482,0.235131765889927+0i,0.000632465,20.8717930123352,541.638309279682,26.404416244904,20.9289001899771,1501.489,473.019,514.506,637.981
20260514175056.4,3840.09000398219,9.7891215,0.45122037,2.0026401,2.7287984,-0.000396488,-0.000714463,0.002383287,1.2106312,0.22953915,0.000631485,0.10580224,4.1304127,0.70730804,288.5,287.968,289.471,-35.22,NaN,NaN,NaN,-0.0493013784195284,444.076624688284,42.7431720551179,14.1461608,288.5,287.968,289.471,0.217426551942825+0i,0.000631485,20.8595381632004,540.951363873656,26.404416244904,20.928546235816,429.24,556.745,526.493,363.086
20260514175058.5,3842.23400764167,9.788575,0.62912796,2.0026838,2.7287219,-0.000393875,-0.000717294,0.002409858,1.2105875,0.43870397,0.000632574,-0.028154719,4.1302924,0.66726646,288.464,287.968,289.457,-35.23,NaN,NaN,NaN,-0.0465366495874946,444.026350337692,60.5239710377948,13.3453292,288.464,287.968,289.457,0.261066410035752+0i,0.000632574,20.858202542299,533.123439538397,26.4590983957055,20.9286347243563,-9.9e+37,151.887,231.598,-9.9e+37
20260514175100.8,3844.49600502849,9.7886406,0.66344825,2.0027713,2.7287,-0.000394637,-0.000715443,0.002418461,1.2106421,0.25665839,0.000631267,-0.00739198,4.1306203,0.74162939,288.486,287.955,289.46,-35.26,NaN,NaN,NaN,-0.0410008653128102,444.01195807262,63.9540786431936,14.8325878,288.486,287.955,289.46,0.31559919607713+0i,0.000631267,20.8618430252047,533.810384944418,26.4590983957055,20.9271586601948,-9.9e+37,561.367,725.722,179.055
20260514175103.1,3846.7970084399,9.7888264,0.62603433,2.0030554,2.728853,-0.000393548,-0.000715552,0.002422925,1.210664,0.16035733,0.000636385,-0.000843831,4.1304892,0.52355801,288.486,287.947,289.441,-35.36,NaN,NaN,NaN,-0.0230269645992962,444.112506773805,60.2147812322515,10.4711602,288.486,287.947,289.441,0.276903686235737+0i,0.000636385,20.8603874981875,540.67733647126,26.404416244904,20.9279558639438,-9.9e+37,-9.9e+37,-9.9e+37,477.212
20260514175105.3,3848.96500110626,9.7888373,0.64464962,2.0030554,2.7289404,-0.000394528,-0.000714572,0.002365646,1.2105984,0.42497957,0.000634534,-0.037171804,4.1304782,0.62672617,288.461,287.949,289.417,-35.38,NaN,NaN,NaN,-0.0230269645992962,444.169944397881,62.0752680697958,12.5345234,288.461,287.949,289.417,0.297759633153035+0i,0.000634534,20.860265371588,542.46164275356,26.4179933620735,20.9273948089436,859.248,322.526,-9.9e+37,-9.9e+37
20260514175107.5,3851.20299942791,9.7887827,0.54169534,2.0027603,2.7286126,-0.000394419,-0.000716096,0.002347243,1.2106749,0.29749988,0.0006329,-0.00706134,4.1303471,0.75647993,288.481,287.949,289.389,-35.43,NaN,NaN,NaN,-0.0416967924787883,443.954520448545,51.7856038846634,15.1295986,288.481,287.949,289.389,0.260918415305945+0i,0.0006329,20.8588098445709,534.085663613495,25.3107732288772,20.9279851808158,1613.878,820.076,592.14,206.887
20260514175109.8,3853.48800010979,9.7885969,0.65319942,2.0026401,2.7283721,-0.000394637,-0.000715661,0.002427499,1.2106749,0.13807224,0.00063682,-0.000654679,4.1304455,0.54257378,288.497,287.949,289.441,-35.42,NaN,NaN,NaN,-0.0493013784195284,443.796468405179,62.9297694159277,10.8514756,288.497,287.949,289.441,0.275058947515447+0i,0.00063682,20.8599023225151,537.106221373298,26.3907145670269,20.928280501233,-9.9e+37,-9.9e+37,-9.9e+37,421.701
20260514175112,3855.67200556397,9.7894384,0.51113873,2.0026947,2.727924,-0.00039333,-0.000715879,0.002370547,1.2106202,0.36783621,0.000632029,-0.015449009,4.1308717,0.61208515,288.461,287.966,289.433,-35.42,NaN,NaN,NaN,-0.045847049032119,443.501985575107,48.7316535725825,12.241703,288.461,287.966,289.433,0.235256784147214+0i,0.000632029,20.8646341731232,541.500669945139,27.224648506924,20.9283985756074,947.378,320.273,-9.9e+37,251.966
20260514175114.1,3857.84000828862,9.7892964,0.62046033,2.0027275,2.727465,-0.000393984,-0.000716968,0.002405067,1.2106749,0.3562255,0.000631702,-0.077580675,4.1302706,0.63284906,288.478,287.974,289.422,-35.45,NaN,NaN,NaN,-0.0437719207554323,443.200339471553,59.6576932882832,12.6569812,288.478,287.974,289.422,0.249706014199405+0i,0.000631702,20.8579605095837,540.67733647126,26.4179933620735,20.9287821156027,9.9e+37,396.529,-9.9e+37,301.711
20260514175116.3,3860.00800095499,9.7894166,0.61175233,2.0028587,2.7274759,-0.000390717,-0.000711414,0.002389168,1.210653,0.1275364,0.000620377,0.032011812,4.1302269,0.68084899,288.489,287.96,289.419,-35.53,NaN,NaN,NaN,-0.0354714076487426,443.207502745036,58.7873807988546,13.6169798,288.489,287.96,289.419,0.248420689973322+0i,0.000620377,20.8574753339113,542.599282088103,26.4316950399507,20.9287232128965,9.9e+37,682.462,426.901,671.106
20260514175118.5,3862.17200048268,9.7899631,0.5839718,2.0027166,2.7274759,-0.000393875,-0.000716314,0.002399513,1.2106312,0.44801107,0.000635296,-0.015583931,4.1302706,0.64878756,288.481,287.995,289.387,-35.63,NaN,NaN,NaN,-0.0444615213108221,443.207502745036,56.0108830701055,12.9757512,288.481,287.995,289.387,0.289566120805686+0i,0.000635296,20.8579605095837,541.638309279682,26.4316950399507,20.9271882460289,-9.9e+37,406.258,-9.9e+37,-9.9e+37
20260514175120.6,3864.32800367475,9.7892526,0.46377826,2.0026729,2.727465,-0.00039333,-0.00071381,0.002385139,1.2105875,0.13716652,0.000636167,-0.082771819,4.1302706,0.62175562,288.502,287.995,289.36,-35.76,NaN,NaN,NaN,-0.047226250142856,443.200339471553,43.9982580114651,12.4351124,288.502,287.995,289.36,0.284697592398648+0i,0.000636167,20.8579605095837,542.049976016621,27.5527414117323,20.9260959908248,1302.13,159.123,351.316,615.279
20260514175122.8,3866.50800593197,9.7892417,0.49001033,2.002662,2.727465,-0.00039431,-0.000713374,0.002392979,1.2106421,0.39624856,0.000635405,0.11355211,4.1303908,0.70809154,288.483,288.02,289.37,-35.63,NaN,NaN,NaN,-0.0479158506982031,443.200339471553,46.6199964295366,14.1618308,288.483,288.02,289.37,0.309285463115543+0i,0.000635405,20.8592950202433,553.723042852243,26.4590983957055,20.9252990560379,1066.418,713.288,212.735,101.641
20260514175125,3868.66800226271,9.7891543,0.57069698,2.0030445,2.7277273,-0.00039431,-0.000715116,0.002374903,1.2105984,0.42109916,0.00063388,0.092752111,4.1305438,0.70901363,288.481,288.044,289.381,-35.65,NaN,NaN,NaN,-0.0237165651546434,443.372718061885,54.6841442505239,14.1802726,288.481,288.044,289.381,0.319332843260494+0i,0.00063388,20.8609936902176,553.310124848623,26.4453967178283,20.925830525204,-9.9e+37,551.465,345.224,-9.9e+37
20260514175127.2,3870.90600058436,9.7894384,0.65348423,2.0030008,2.7284158,-0.00039333,-0.000715334,0.00242445,1.2105765,0.23711009,0.000633771,-0.00735706,4.1309373,0.7445037,288.472,288.042,289.384,-35.76,NaN,NaN,NaN,-0.0264812939866772,443.825187217217,62.9582344710626,14.890074,288.472,288.042,289.384,0.297627523762874+0i,0.000633771,20.8653624917527,552.624430709283,26.4316950399507,20.9272474176972,-9.9e+37,670.249,740.043,-9.9e+37
20260514175129.5,3873.20300079882,9.7888045,0.55089225,2.0026947,2.7285142,-0.000392459,-0.000714572,0.002401364,1.2106202,0.1270519,0.000625386,-0.000379718,4.1303034,0.53615081,288.5,288.058,289.419,-35.8,NaN,NaN,NaN,-0.045847049032119,443.889853832881,52.7047800028479,10.7230162,288.5,288.058,289.419,0.273938999731763+0i,0.000625386,20.8583246688985,541.774697347543,26.404416244904,20.9274243947778,-9.9e+37,-9.9e+37,216.842,366.767
20260514175131.6,3875.35600662231,9.7884985,0.41452557,2.0026401,2.7282847,-0.000393113,-0.000714899,0.002430657,1.2107405,0.43807651,0.000633336,0.096814675,4.131298,0.6981548,288.47,288.05,289.436,-35.79,NaN,NaN,NaN,-0.0493013784195284,443.739030781104,39.0757463848049,13.963096,288.47,288.05,289.436,0.253575565155143+0i,0.000633336,20.8693671339732,552.898458111684,27.4980592609309,20.9264502139481,-9.9e+37,668.894,308.006,-9.9e+37
20260514175133.8,3877.50400342047,9.7887062,0.55429906,2.0026947,2.7286563,-0.000394528,-0.00071283,0.002371091,1.2107077,0.11320527,0.000638345,0.041638072,4.131593,0.66096461,288.472,288.069,289.452,-35.88,NaN,NaN,NaN,-0.045847049032119,443.983239260583,53.0452702752538,13.2192922,288.472,288.069,289.452,0.364916083481699+0i,0.000638345,20.8726423473223,564.296246278229,27.5253380559775,20.9238525777106,276.687,350.551,712.762,460.071
20260514175136,3879.67599928379,9.7886734,0.48986628,2.0027603,2.7287109,-0.000393984,-0.000716423,0.002370438,1.2106202,0.11858721,0.000635405,0.030751346,4.1309373,0.61834553,288.508,288.063,289.474,-35.88,NaN,NaN,NaN,-0.0416967924787883,444.019121346103,46.6055994940632,12.3669106,288.508,288.063,289.474,0.295801072840272+0i,0.000635405,20.8653624917527,572.399449282566,27.5527414117323,20.9253582277062,318.668,-9.9e+37,528.656,672.978
20260514175138.1,3881.83600567281,9.7888373,0.50589319,2.0029024,2.7291918,-0.00039529,-0.000714572,0.002407462,1.2107186,0.12852397,0.000611339,-0.013083581,4.131451,0.60481538,288.497,288.063,289.495,-35.99,NaN,NaN,NaN,-0.032706678816723,444.33515971473,48.207393240038,12.0963076,288.497,288.063,289.495,0.289150296583886+0i,0.000611339,20.8710658039475,564.296246278229,28.2908881671965,20.9259190137443,858.473,-9.9e+37,361.204,791.074
20260514175140.4,3884.06600765884,9.7888155,0.64901999,2.002804,2.7292355,-0.000391261,-0.000714681,0.002381436,1.2106858,0.29324733,0.000632465,0.00566457,4.1306094,0.56878624,288.483,288.063,289.514,-36.08,NaN,NaN,NaN,-0.0389320636467545,444.363878526768,62.5120603980485,11.3757248,288.483,288.063,289.514,0.314249392784274+0i,0.000632465,20.861722008847,564.159858210367,28.3182915229509,20.926391311242,893.285,-9.9e+37,-9.9e+37,489.166
20260514175142.6,3886.29700541496,9.7886515,0.53163857,2.002662,2.7290388,-0.000391697,-0.000715334,0.00240082,1.2105656,0.43940672,0.000636276,-0.00336422,4.1306422,0.71268016,288.481,288.074,289.509,-36.1,NaN,NaN,NaN,-0.0479158506982031,444.234611013545,50.7804899050686,14.2536032,288.481,288.074,289.509,0.350408835047836+0i,0.000636276,20.8620861681618,556.469573209646,29.4801938069481,20.9241774839619,1512.454,-9.9e+37,245.516,324.135
20260514175144.7,3888.43000531197,9.7888155,0.66880181,2.0030554,2.7288639,-0.000394201,-0.000712721,0.002387099,1.2106312,0.43445472,0.000635405,0.099231173,4.1310794,0.74563203,288.464,288.055,289.523,-36.05,NaN,NaN,NaN,-0.0230269645992962,444.119670047288,64.4891349283228,14.9126406,288.464,288.055,289.523,0.341586022205641+0i,0.000635405,20.8669401453694,551.662206634185,29.4801938069481,20.9259190137443,9.9e+37,546.759,-9.9e+37,-9.9e+37
20260514175147,3890.68400636315,9.7888155,0.57313042,2.0030663,2.7294104,-0.000396379,-0.000714136,0.002414432,1.2106312,0.23219083,0.000636058,-0.00733415,4.1309701,0.75212594,288.483,288.05,289.49,-36.06,NaN,NaN,NaN,-0.0223373640439348,444.478819493024,54.9273520162881,15.0425188,288.483,288.05,289.49,0.322300847095041+0i,0.000636058,20.8657266510675,554.546376326122,29.466492129071,20.9256236933271,478.887,590.039,652.139,153.759
20260514175149.1,3892.83600635827,9.7888373,0.44807545,2.0030445,2.7295962,-0.00039431,-0.000715007,0.002397335,1.2105656,0.27017655,0.000637147,0.17434035,4.1310903,0.7248681,288.5,288.033,289.512,-36.15,NaN,NaN,NaN,-0.0237165651546434,444.600923732763,42.4288561210052,14.497362,288.5,288.033,289.512,0.274070228308302+0i,0.000637147,20.867061161727,541.638309279682,29.4801938069481,20.9262436510334,-9.9e+37,473.519,608.723,-9.9e+37
20260514175151.4,3895.06300091743,9.7885094,0.5125857,2.0026729,2.7293448,-0.000394201,-0.000715334,0.002399513,1.210653,0.11282116,0.000639652,-0.003886809,4.1315603,0.61981651,288.472,288.039,289.504,-36.22,NaN,NaN,NaN,-0.047226250142856,444.435708415915,48.8762695650984,12.3963302,288.472,288.039,289.504,0.31455827350218+0i,0.000639652,20.8722792982494,541.500669945139,28.400252468799,20.9255647906209,-9.9e+37,421.997,529.215,196.619
20260514175153.5,3897.25000374019,9.7885531,0.60900898,2.0026838,2.7287109,-0.000393439,-0.000712721,0.002395375,1.2106968,0.45297616,0.000636276,0.041304961,4.130981,0.65459401,288.481,288.042,289.493,-36.32,NaN,NaN,NaN,-0.0465366495874946,444.019121346103,58.5131993831594,13.0918802,288.481,288.042,289.493,0.33592468927148+0i,0.000636276,20.8658476674251,541.500669945139,28.400252468799,20.925830525204,-9.9e+37,320.442,380.392,-9.9e+37
20260514175155.7,3899.39900636673,9.7884985,0.53046768,2.0026947,2.7287109,-0.000393221,-0.000708909,0.002396573,1.2107186,0.1508418,0.000619506,-0.11163596,4.1310029,0.6087449,288.491,288.039,289.493,-36.33,NaN,NaN,NaN,-0.045847049032119,444.019121346103,50.6634664564297,12.174898,288.491,288.039,289.493,0.271196652106356+0i,0.000619506,20.8660908103822,541.226642542738,28.3455703179975,20.9272767345692,-9.9e+37,-9.9e+37,480.306,509.51
20260514175157.9,3901.57800279558,9.7886843,0.71526311,2.0026401,2.7289077,-0.000393875,-0.000711196,0.002417807,1.2105,0.45669943,0.000636167,0.077981639,4.131287,0.67694675,288.459,288.055,289.504,-36.35,NaN,NaN,NaN,-0.0493013784195284,444.148454577432,69.1326638287697,13.538935,288.459,288.055,289.504,0.303396344679333+0i,0.000636167,20.8692450073737,541.774697347543,28.3865507909218,20.9276605435266,501.278,520.315,-9.9e+37,-9.9e+37
20260514175200.1,3903.82000431418,9.7885531,0.59762962,2.0026838,2.7287219,-0.000393984,-0.000713374,0.002352688,1.2106093,0.31339363,0.000635078,-0.00698932,4.1315384,0.76037125,288.486,288.074,289.476,-36.35,NaN,NaN,NaN,-0.0465366495874946,444.026350337692,57.3759004477316,15.207425,288.486,288.074,289.476,0.269950149639572+0i,0.000635078,20.8720361552923,543.28622749412,27.5253380559775,20.9278671064414,323.641,567.646,676.687,149.776
20260514175202.3,3906.05900846422,9.7887936,0.59113027,2.0030336,2.7288202,-0.000392024,-0.000715116,0.002403978,1.2107077,0.14172458,0.000634969,-0.003822016,4.1310575,0.65825835,288.486,288.063,289.493,-36.4,NaN,NaN,NaN,-0.0244061657100048,444.090951235251,56.7263293087597,13.165167,288.486,288.063,289.493,0.312170629246901+0i,0.000634969,20.8666970024123,541.089003208199,28.3592719958751,20.9264502139481,-9.9e+37,576.031,509.929,263.883
20260514175204.5,3908.19900892675,9.7885859,0.63377224,2.0027603,2.7287109,-0.000391697,-0.000715116,0.002446665,1.2106202,0.41744679,0.000628436,-0.03385485,4.1309373,0.59321015,288.459,288.072,289.463,-36.47,NaN,NaN,NaN,-0.0416967924787883,444.019121346103,60.9881390314103,11.864203,288.459,288.072,289.463,0.296984556436812+0i,0.000628436,20.8653624917527,542.049976016621,28.3592719958751,20.9272767345692,-9.9e+37,-9.9e+37,198.89,-9.9e+37
20260514175206.6,3910.35200469196,9.7888264,0.50393225,2.0030445,2.7287219,-0.000393548,-0.000713483,0.002392652,1.2106858,0.32071797,0.000635187,-0.086443323,4.1311559,0.59298645,288.459,288.085,289.436,-36.53,NaN,NaN,NaN,-0.0237165651546434,444.026350337692,48.0114090217307,11.859729,288.459,288.085,289.436,0.231082887945743+0i,0.000635187,20.8677894803565,554.95804306307,28.3729736737523,20.9281624268585,1217.254,100.682,84.077,368.855
20260514175208.8,3912.48800195754,9.7888155,0.69458429,2.002815,2.7286126,-0.000395073,-0.000710325,0.002364666,1.210653,0.16157842,0.000639652,-0.073866478,4.1315712,0.60951203,288.481,288.101,289.403,-36.57,NaN,NaN,NaN,-0.0382361364807764,443.954520448545,67.0659395163389,12.1902406,288.481,288.101,289.403,0.318385838817469+0i,0.000639652,20.872400314607,543.28622749412,28.3455703179975,20.9270405858203,9.9e+37,272.744,179.92,726.288
20260514175211,3914.66800421476,9.7886624,0.63401122,2.0027931,2.728077,-0.000392459,-0.000717403,0.002371962,1.2106968,0.29602781,0.000637365,-0.079405868,4.1309373,0.57943665,288.47,288.101,289.389,-36.65,NaN,NaN,NaN,-0.0396216642021017,443.602534276292,61.0120236523018,11.588733,288.47,288.101,289.389,0.297159976597015+0i,0.000637365,20.8653624917527,541.912336682078,28.3318686401203,20.9272767345692,9.9e+37,-9.9e+37,-9.9e+37,576.534
20260514175213.2,3916.92600846291,9.7884438,0.57382662,2.0026401,2.7281207,-0.000391479,-0.000711087,0.002403215,1.2105547,0.30366314,0.000634425,0.0057104,4.1315384,0.60795266,288.489,288.115,289.392,-36.67,NaN,NaN,NaN,-0.0493013784195284,443.63125308833,54.9969330400755,12.1590532,288.489,288.115,289.392,0.277088410156592+0i,0.000634425,20.8720361552923,552.624430709283,28.3865507909218,20.927217831863,9.9e+37,413.729,-9.9e+37,384.444
20260514175215.4,3919.0900079906,9.7884111,0.56709047,2.0026182,2.7275961,-0.000394093,-0.000712067,0.002365755,1.2106421,0.13979856,0.000635623,-0.14077737,4.1311996,0.62708846,288.483,288.112,289.389,-36.71,NaN,NaN,NaN,-0.0506869061408253,443.286495907666,54.3236951581663,12.5417692,288.483,288.112,289.389,0.312060308053681+0i,0.000635623,20.8682746560289,541.774697347543,27.5390397338547,20.9262436510334,9.9e+37,417.474,178.971,681.548
20260514175217.6,3921.2730076164,9.7885969,0.66952966,2.0027385,2.727465,-0.000390935,-0.000712285,0.002384921,1.2106858,0.18955756,0.000637909,0.1281715,4.130981,0.71397655,288.5,288.12,289.427,-36.72,NaN,NaN,NaN,-0.0430759935894969,443.200339471553,64.5618791802097,14.279531,288.5,288.12,289.427,0.360962270610398+0i,0.000637909,20.8658476674251,542.599282088103,26.4179933620735,20.9256236933271,9.9e+37,817.739,405.258,541.172
20260514175219.9,3923.57800416648,9.788728,0.62322441,2.0029024,2.7274759,-0.000393548,-0.000713592,0.002413996,1.2106312,0.44324131,0.000636276,-0.000667747,4.1314728,0.73626272,288.478,288.134,289.419,-36.79,NaN,NaN,NaN,-0.032706678816723,443.207502745036,59.9339465434256,14.7252544,288.478,288.134,289.419,0.343391790076293+0i,0.000636276,20.8713078366628,542.18761535116,26.4316950399507,20.9257713535357,-9.9e+37,-9.9e+37,480.351,265.199
20260514175222,3925.73800049722,9.7886843,0.57083556,2.0028259,2.727454,-0.000393657,-0.000715879,0.002383179,1.2105437,0.16485865,0.000634316,-0.003079567,4.1309154,0.70320393,288.475,288.131,289.433,-36.83,NaN,NaN,NaN,-0.0375465359254292,443.193110479964,54.6979944922309,14.0640786,288.475,288.131,289.433,0.309536262296114+0i,0.000634316,20.8651193487956,552.075124637801,26.4179933620735,20.9261847483273,497.858,166.777,507.866,460.831
20260514175224.2,3927.90200002491,9.7884329,0.5487458,2.0026292,2.7275743,-0.00039137,-0.000715116,0.002357479,1.2105219,0.15718184,0.000634643,-0.11181008,4.1305547,0.61159955,288.494,288.15,289.441,-36.83,NaN,NaN,NaN,-0.0499909789748756,443.2721693607,52.4902551701729,12.231991,288.494,288.15,289.441,0.318429403660777+0i,0.000634643,20.8611147065752,552.349152040201,27.5253380559775,20.9256236933271,-9.9e+37,-9.9e+37,206.533,607.863
20260514175226.4,3930.06300218403,9.7888373,0.543617,2.0030554,2.7276398,-0.000393439,-0.000712394,0.002382852,1.2105656,0.17373035,0.000633989,-0.10093681,4.1303908,0.61240052,288.47,288.129,289.425,-36.87,NaN,NaN,NaN,-0.0230269645992962,443.315214719704,51.9776623020308,12.2480104,288.47,288.129,289.425,0.307199440885604+0i,0.000633989,20.8592950202433,552.624430709283,27.5663185289013,20.9259485995784,9.9e+37,-9.9e+37,-9.9e+37,717.141
20260514175228.5,3932.22700171173,9.7886187,0.63936915,2.0027713,2.7274431,-0.000393984,-0.000711632,0.002339403,1.2105875,0.44822713,0.000633771,-0.060122483,4.1302596,0.62321678,288.459,288.158,289.438,-36.9,NaN,NaN,NaN,-0.0410008653128102,443.185947206481,61.54751669278,12.4643356,288.459,288.158,289.438,0.334016229365832+0i,0.000633771,20.8578383829843,553.036097446222,27.5390397338547,20.9259485995784,9.9e+37,-9.9e+37,-9.9e+37,206.494
20260514175230.7,3934.38300490379,9.7888264,0.78642219,2.0029243,2.7285361,-0.000394093,-0.000714463,0.002360964,1.2106202,0.35823775,0.000637365,-0.084517078,4.1314072,0.63104417,288.472,288.139,289.46,-36.98,NaN,NaN,NaN,-0.0313211510953977,443.904246097952,76.244588043314,12.6208834,288.472,288.139,289.46,0.364825109512633+0i,0.000637365,20.8705795180333,553.997070254648,27.5253380559775,20.926125576659,9.9e+37,143.845,-9.9e+37,279.695
20260514175232.9,3936.62100322545,9.7888155,0.47998302,2.0028259,2.7286235,-0.000395399,-0.000713374,0.002413343,1.210653,0.14796423,0.0006329,0.00518661,4.1302924,0.62328771,288.5,288.153,289.49,-37,NaN,NaN,NaN,-0.0375465359254292,443.961683722028,45.6178268006467,12.4657542,288.5,288.153,289.49,0.277965347173395+0i,0.0006329,20.858202542299,545.070533776419,28.0174774131897,20.9264502139481,9.9e+37,845.093,-9.9e+37,388.481
20260514175235.1,3938.77000585198,9.7888373,0.41620061,2.0030663,2.7289295,-0.000391697,-0.00071381,0.002406918,1.2106202,0.18092702,0.000631049,-0.1449295,4.1303908,0.61940402,288.489,288.137,289.498,-37.08,NaN,NaN,NaN,-0.0223373640439348,444.162781124398,39.2431566090002,12.3880804,288.489,288.137,289.498,0.213095653868864+0i,0.000631049,20.8592950202433,541.363030610604,28.3865507909218,20.928280501233,1043.64,318.423,330.376,556.947
20260514175237.3,3941.00000783801,9.7884329,0.60661263,2.0026292,2.7287656,-0.000392024,-0.000710107,0.002408769,1.2106093,0.35542017,0.000637801,-0.00370332,4.1315821,0.74773374,288.478,288.137,289.476,-37.12,NaN,NaN,NaN,-0.0499909789748756,444.05506914973,58.2736985409405,14.9546748,288.478,288.137,289.476,0.28424994272716+0i,0.000637801,20.8725213309647,542.324003419026,29.466492129071,20.9274243947778,1274.889,584.575,440.044,346.023
20260514175239.4,3943.13700087368,9.7886515,0.50672143,2.0027822,2.7293448,-0.000393657,-0.000715116,0.002373922,1.2105656,0.14441992,0.000638454,0.009436996,4.1309373,0.66719443,288.486,288.145,289.476,-37.19,NaN,NaN,NaN,-0.0403112647574631,444.435708415915,48.2901708716692,13.3438886,288.486,288.145,289.476,0.29770499444396+0i,0.000638454,20.8653624917527,542.46164275356,29.466492129071,20.9260370881187,257.646,-9.9e+37,572.79,622.791
20260514175241.6,3945.30100040138,9.7886406,0.5482231,2.0027713,2.729323,-0.000394201,-0.000716532,0.002403215,1.2107186,0.4489517,0.000630505,0.028900121,4.1309263,0.67322894,288.472,288.126,289.49,-37.23,NaN,NaN,NaN,-0.0410008653128102,444.421381868948,52.4380144331237,13.4645788,288.472,288.126,289.49,0.301856329947148+0i,0.000630505,20.8652403651533,553.310124848623,29.466492129071,20.9260959908248,-9.9e+37,-9.9e+37,-9.9e+37,-9.9e+37
20260514175243.7,3947.44100086391,9.7886843,0.56062602,2.002815,2.7299678,-0.000391152,-0.000711632,0.002407789,1.2106202,0.14141467,0.000638563,-0.088131633,4.1309482,0.63427857,288.481,288.137,289.479,-37.23,NaN,NaN,NaN,-0.0382361364807764,444.845132212243,53.6776120653451,12.6855714,288.481,288.137,289.479,0.281889251570983+0i,0.000638563,20.8654835081104,543.28622749412,29.4801938069481,20.9270997574886,1081.072,-9.9e+37,453.408,567.507
20260514175246,3949.69900511205,9.7888155,0.44942639,2.0030554,2.7300553,-0.00039235,-0.000713701,0.002411927,1.2105765,0.21463183,0.000636712,0.00558163,4.1309919,0.5711302,288.475,288.148,289.495,-37.29,NaN,NaN,NaN,-0.0230269645992962,444.902635554424,42.5638744896856,11.422604,288.475,288.148,289.495,0.234917594106901+0i,0.000636712,20.8659686837828,549.87790035188,29.507597162703,20.9275720549863,1378.111,102.359,-9.9e+37,482.019
20260514175248.2,3951.86300463974,9.7879629,0.84800243,2.002651,2.7302411,-0.00039235,-0.000715116,0.002380021,1.2105656,0.27066542,0.000632138,0.16270456,4.1315056,0.7435194,288.489,288.131,289.46,-37.26,NaN,NaN,NaN,-0.0486117778641528,445.024739794163,82.3991645217261,14.870388,288.489,288.131,289.46,0.333451446401621+0i,0.000632138,20.8716719959775,552.486791374744,29.466492129071,20.9273359062375,1422.744,869.836,380.832,-9.9e+37
20260514175250.4,3954.14500795305,9.7881597,0.59449889,2.0030226,2.7308313,-0.000390063,-0.000714681,0.002376427,1.210664,0.1189735,0.000644225,-0.000326904,4.1310575,0.53520144,288.486,288.131,289.414,-37.31,NaN,NaN,NaN,-0.0251020928759687,445.412608051937,57.0630027192028,10.7040288,288.486,288.131,289.414,0.315002770995674+0i,0.000644225,20.8666970024123,554.684015660665,29.466492129071,20.9260666739528,-9.9e+37,86.533,96.465,405.922
20260514175252.6,3956.31300061941,9.7874274,0.55750838,2.0028478,2.7311154,-0.000395073,-0.000714899,0.002378496,1.2106421,0.44480831,0.000636167,0.071845266,4.1315165,0.66983521,288.459,288.142,289.417,-37.39,NaN,NaN,NaN,-0.036161008204104,445.599313189235,53.3660226039829,13.3967042,288.459,288.142,289.417,0.318764540323045+0i,0.000636167,20.8717930123352,541.912336682078,28.3865507909218,20.9258894279101,299.893,721.436,132.74,-9.9e+37
20260514175254.8,3958.46900381148,9.7872525,0.58258048,2.0027822,2.7305908,-0.000394528,-0.000713701,0.002383723,1.2106202,0.26597532,0.000641176,0.11717702,4.1309373,0.75917199,288.481,288.156,289.43,-37.44,NaN,NaN,NaN,-0.0403112647574631,445.25455600857,55.8718289620679,15.1834398,288.481,288.156,289.43,0.304219046935655+0i,0.000641176,20.8653624917527,541.226642542738,28.3865507909218,20.9266274599909,-9.9e+37,905.736,665.991,-9.9e+37
20260514175256.9,3960.63700653613,9.78734,0.54848172,2.0029133,2.7306017,-0.000393004,-0.000713918,0.002395375,1.2105875,0.42016071,0.000637692,-0.00965544,4.1309263,0.6108477,288.475,288.148,289.441,-37.47,NaN,NaN,NaN,-0.0320170782613616,445.261719282053,52.4638619544852,12.216954,288.475,288.148,289.441,0.332803974717385+0i,0.000637692,20.8652403651533,541.500669945139,28.3592719958751,20.9253286418721,-9.9e+37,-9.9e+37,141.829,-9.9e+37
20260514175259.1,3962.79299966991,9.7873509,0.58608769,2.002968,2.7300115,-0.000396053,-0.000714463,0.002379585,1.2107186,0.13229416,0.000639216,-0.082724449,4.1309701,0.65192268,288.478,288.172,289.471,-37.55,NaN,NaN,NaN,-0.0285564222633639,444.87385102428,56.2223536136583,13.0384536,288.478,288.172,289.471,0.344071878780384+0i,0.000639216,20.8657266510675,554.408736991587,29.466492129071,20.9250333214549,1396.071,284.855,530.895,525.589
20260514175301.2,3964.93400596082,9.7870558,0.43899969,2.002662,2.7299788,-0.000391697,-0.000713374,0.002386119,1.2106202,0.44735196,0.000635949,-0.058468363,4.1310247,0.63262318,288.461,288.183,289.452,-37.54,NaN,NaN,NaN,-0.0479158506982031,444.852361203831,41.5217882203326,12.6524636,288.461,288.183,289.452,0.303249040260677+0i,0.000635949,20.8663328430975,553.173736780761,29.507597162703,20.924767855834,402.035,312.608,-9.9e+37,-9.9e+37
20260514175303.4,3967.07799956203,9.7881269,0.68442715,2.0030554,2.7302301,-0.000394855,-0.000715334,0.002443289,1.2104454,0.45270008,0.000638672,-0.061303671,4.1311559,0.56212318,288.478,288.188,289.479,-37.55,NaN,NaN,NaN,-0.0230269645992962,445.017510802575,66.0507941558801,11.2424636,288.478,288.188,289.479,0.412753309951113+0i,0.000638672,20.8677894803565,555.370961066681,30.6148172958992,20.9237640891703,915.487,366.96,-9.9e+37,-9.9e+37
20260514175305.5,3969.25400868058,9.788105,0.55099046,2.0027931,2.7304924,-0.000393657,-0.000711087,0.002433379,1.2105547,0.3416063,0.000639434,-0.097989357,4.131604,0.5920589,288.467,288.213,289.449,-37.57,NaN,NaN,NaN,-0.0396216642021017,445.189889392907,52.7145955046379,11.841178,288.467,288.213,289.449,0.259839841983556+0i,0.000639434,20.8727644739218,553.447764183166,30.5875385008526,20.9275128833181,9.9e+37,420.226,-9.9e+37,270.26
20260514175307.7,3971.41800820827,9.7880395,0.6300326,2.0028696,2.7299788,-0.000392786,-0.000713374,0.002382525,1.2106312,0.45480069,0.000636494,-0.027839575,4.1309373,0.66338386,288.467,288.202,289.46,-37.62,NaN,NaN,NaN,-0.0347818070933954,444.852361203831,60.6143843922317,13.2676772,288.467,288.202,289.46,0.340625313941641+0i,0.000636494,20.8653624917527,552.349152040201,30.6012401787298,20.9255647906209,9.9e+37,768.501,-9.9e+37,-9.9e+37
20260514175309.9,3973.56300763786,9.7879848,0.56446278,2.0026838,2.7302957,-0.000391479,-0.000714354,0.002400384,1.2105875,0.35741497,0.000640087,0.1155572,4.1315384,0.70786675,288.475,288.224,289.506,-37.64,NaN,NaN,NaN,-0.0465366495874946,445.060621879684,54.0610732673364,14.157335,288.475,288.224,289.506,0.323056256787679+0i,0.000640087,20.8720361552923,553.310124848623,29.4938954848258,20.9255352047868,1161.171,1035.363,415.945,-9.9e+37
20260514175312,3975.75000040233,9.7870667,0.5827649,2.002662,2.7300006,-0.000391261,-0.00071577,0.002399077,1.2107077,0.42230279,0.000637147,-0.017208216,4.1310356,0.68036557,288.459,288.237,289.506,-37.74,NaN,NaN,NaN,-0.0479158506982031,444.866687750797,55.8902606374584,13.6073114,288.459,288.237,289.506,0.325829383521127+0i,0.000637147,20.8664538594552,553.310124848623,29.4801938069481,20.9256236933271,-9.9e+37,676.842,374.217,-9.9e+37
20260514175314.2,3977.91000679135,9.7876897,0.46077299,2.002651,2.7300334,-0.000392786,-0.000713918,0.002376863,1.2106968,0.11984321,0.000624515,-0.10575574,4.1311012,0.60359975,288.497,288.245,289.523,-37.8,NaN,NaN,NaN,-0.0486117778641528,444.888243289352,43.6978992591563,12.071995,288.497,288.245,289.523,0.291077573411841+0i,0.000624515,20.8671821780847,553.723042852243,29.4801938069481,20.9255056189527,-9.9e+37,258.769,585.072,455.589
20260514175316.4,3980.09000904858,9.7881269,0.55817948,2.0030336,2.7302411,-0.000391479,-0.000714463,0.002392326,1.2105875,0.15616481,0.000636167,-0.10573244,4.1312214,0.59005759,288.489,288.259,289.542,-37.92,NaN,NaN,NaN,-0.0244061657100048,445.024739794163,53.4330950329741,11.8011518,288.489,288.259,289.542,0.306841992644125+0i,0.000636167,20.8685166887442,553.997070254648,29.507597162703,20.9260075022845,1054.634,-9.9e+37,259.055,674.607
20260514175318.6,3982.27000124753,9.7880285,0.61870564,2.0026401,2.7301427,-0.000393221,-0.000714354,0.002388188,1.2104782,0.18611691,0.000636712,-0.10514081,4.1313089,0.57397066,288.5,288.237,289.517,-37.96,NaN,NaN,NaN,-0.0493013784195284,444.960073178499,59.4823225232309,11.4794132,288.5,288.237,289.517,0.311436912372801+0i,0.000636712,20.8694881503308,553.723042852243,28.3045898450737,20.9264502139481,9.9e+37,-9.9e+37,-9.9e+37,761.299
20260514175320.7,3984.44100134075,9.7888264,0.43495232,2.0028587,2.7304706,-0.000392786,-0.000711849,0.002373487,1.2105656,0.43174084,0.000637474,-0.045863945,4.1314947,0.61150244,288.483,288.259,289.485,-37.96,NaN,NaN,NaN,-0.0354714076487426,445.17556284594,41.1172778091775,12.2300488,288.483,288.259,289.485,0.274400804778578+0i,0.000637474,20.8715509796199,553.173736780761,27.5663185289013,20.9258894279101,9.9e+37,169.67,-9.9e+37,275.05
20260514175322.9,3986.5780044347,9.7879629,0.45354796,2.0026729,2.7296946,-0.000392241,-0.000713592,0.00233864,1.2105328,0.26144016,0.000631485,-0.10586518,4.1315275,0.59838258,288.478,288.251,289.512,-37.95,NaN,NaN,NaN,-0.047226250142856,444.665590348428,42.9758007468117,11.9676516,288.478,288.251,289.512,0.291044506297915+0i,0.000631485,20.8719151389346,552.211512705667,26.9375360750405,20.9255352047868,9.9e+37,177.377,-9.9e+37,529.741
20260514175325,3988.73400762677,9.7877771,0.54972136,2.0026838,2.7293448,-0.000391479,-0.000717512,0.002359657,1.2105,0.16667336,0.000635187,-0.081190223,4.1310138,0.6071386,288.481,288.27,289.501,-38.01,NaN,NaN,NaN,-0.0465366495874946,444.435708415915,52.5877565542091,12.142772,288.481,288.27,289.501,0.316384905173359+0i,0.000635187,20.8662118267399,553.447764183166,28.2499076942722,20.9256532791612,9.9e+37,281.161,-9.9e+37,798.121
20260514175327.2,3990.88300019503,9.7880395,0.71501103,2.0029133,2.7287546,-0.000392024,-0.000714136,0.002393524,1.2105875,0.13386771,0.000636494,0.010736774,4.1309263,0.67619272,288.497,288.237,289.471,-38.06,NaN,NaN,NaN,-0.0320170782613616,444.047840158141,69.1074699412714,13.5238544,288.497,288.237,289.471,0.340923018294092+0i,0.000636494,20.8652403651533,553.036097446222,28.4139541466766,20.9263028227017,9.9e+37,526.039,283.587,776.292
20260514175329.4,3993.06599982083,9.788105,0.90497332,2.002815,2.7292465,-0.000391915,-0.000716859,0.002376863,1.2106202,0.12345736,0.00063584,0.014938292,4.1315603,0.6527913,288.494,288.251,289.468,-38.17,NaN,NaN,NaN,-0.0382361364807764,444.371107518356,88.0930640509941,13.055826,288.494,288.251,289.468,0.363661351898132+0i,0.00063584,20.8722792982494,553.173736780761,28.3182915229509,20.9268636087397,905.897,210.08,402.587,716.996
20260514175331.6,3995.27000114322,9.7880941,0.46190244,2.002815,2.7287984,-0.000392895,-0.00071381,0.002371745,1.2105875,0.45040413,0.000630178,0.039953786,4.1315493,0.64986787,288.497,288.256,289.498,-38.23,NaN,NaN,NaN,-0.0382361364807764,444.076624688284,43.8107810277811,12.9973574,288.497,288.256,289.498,0.298570822109999+0i,0.000630178,20.8721571716499,552.624430709283,28.3865507909218,20.9252990560379,-9.9e+37,-9.9e+37,-9.9e+37,-9.9e+37
20260514175333.7,3997.43400067091,9.7878974,0.70409546,2.0027166,2.7280879,-0.000390281,-0.000714681,0.002342669,1.2105109,0.42548263,0.000614715,0.10608613,4.1309701,0.72538753,288.472,288.251,289.536,-38.24,NaN,NaN,NaN,-0.0444615213108221,443.609697549776,68.0165240409231,14.5077506,288.472,288.251,289.536,0.400022689024699+0i,0.000614715,20.8657266510675,552.898458111684,29.4801938069481,20.9244136327107,-9.9e+37,587.015,301.929,-9.9e+37
20260514175335.9,3999.5780043304,9.7880067,0.49971136,2.0028696,2.7280989,-0.000390499,-0.000715661,0.002399186,1.2106421,0.37879215,0.000633663,-0.099732328,4.1309373,0.61759367,288.456,288.232,289.539,-38.29,NaN,NaN,NaN,-0.0347818070933954,443.616926541364,47.5895563249571,12.3518734,288.456,288.232,289.539,0.317684058419112+0i,0.000633663,20.8653624917527,553.447764183166,30.573836822975,20.9249744187488,-9.9e+37,-9.9e+37,-9.9e+37,-9.9e+37
20260514175338,4001.73800066113,9.7883892,0.58523326,2.0027713,2.728077,-0.000394855,-0.00071283,0.002401582,1.2105437,0.15428135,0.000633554,-5.6299e-05,4.1309591,0.72435304,288.478,288.205,289.563,-38.35,NaN,NaN,NaN,-0.0410008653128102,443.602534276292,56.1369584482537,14.4870608,288.478,288.205,289.563,0.371727764501719+0i,0.000633554,20.865604524468,552.075124637801,29.753604560955,20.9241478981277,9.9e+37,808.733,618.128,407.894
20260514175340.2,4003.92200611532,9.7881269,0.57653833,2.0028368,2.7286126,-0.000392241,-0.000716423,0.002379585,1.2106202,0.11564853,0.000633118,0.052512494,4.1315493,0.64257519,288.494,288.191,289.566,-38.38,NaN,NaN,NaN,-0.0368569353700678,443.954520448545,55.2679522271114,12.8515038,288.494,288.191,289.566,0.360940656882451+0i,0.000633118,20.8721571716499,552.486791374744,29.4938954848258,20.9244136327107,-9.9e+37,-9.9e+37,596.3,599.976
20260514175342.4,4006.08600564301,9.7881378,0.65017344,2.0029243,2.7291372,-0.000392459,-0.000711414,0.002365864,1.2107186,0.4356267,0.000634534,-0.046765273,4.1313745,0.60239067,288.459,288.186,289.569,-38.41,NaN,NaN,NaN,-0.0313211510953977,444.299277629209,62.6273408230521,12.0478134,288.459,288.186,289.569,0.384927970482406+0i,0.000634534,20.8702164689603,551.937485303262,28.3729736737523,20.9244429495828,-9.9e+37,-9.9e+37,-9.9e+37,-9.9e+37
20260514175344.5,4008.22700187564,9.787952,0.56477814,2.0026947,2.7287219,-0.000393221,-0.000714136,0.002437517,1.2105765,0.41407708,0.000633771,0.11177875,4.130981,0.74502531,288.489,288.194,289.539,-38.45,NaN,NaN,NaN,-0.045847049032119,444.026350337692,54.0925916121534,14.9005062,288.489,288.194,289.539,0.355287489123945+0i,0.000633771,20.8658476674251,552.486791374744,29.452915011902,20.9244725354169,876.761,732.02,344.122,-9.9e+37
20260514175346.7,4010.37900187075,9.7880613,0.58667477,2.0029571,2.7293667,-0.000391261,-0.000712176,0.002403542,1.2105328,0.43216532,0.000633663,-0.044548923,4.1309482,0.65563613,288.464,288.21,289.498,-38.47,NaN,NaN,NaN,-0.029246022818711,444.450100680986,56.2810287464435,13.1127226,288.464,288.21,289.498,0.37929016571984+0i,0.000633663,20.8654835081104,553.173736780761,28.3592719958751,20.923941335213,-9.9e+37,358.715,195.952,-9.9e+37
20260514175348.8,4012.5470045954,9.7885422,0.56946935,2.0026292,2.7295744,-0.000393004,-0.000716423,0.002423143,1.2105875,0.33376036,0.000634098,0.11566882,4.1306094,0.7731823,288.489,288.188,289.468,-38.52,NaN,NaN,NaN,-0.0499909789748756,444.586597185797,54.5614499784295,15.463646,288.489,288.188,289.468,0.345145426162523+0i,0.000634098,20.861722008847,551.799845968724,28.3592719958751,20.9249152470805,398.56,943.356,613.262,-9.9e+37
20260514175351,4014.71500732005,9.7887608,0.52351109,2.0029024,2.7300006,-0.000389737,-0.000713047,0.002413016,1.2106421,0.28802253,0.000632791,0.10819849,4.1302596,0.74292795,288.478,288.191,289.452,-38.57,NaN,NaN,NaN,-0.032706678816723,444.866687750797,49.9681969156816,14.858559,288.478,288.191,289.452,0.291770331573746+0i,0.000632791,20.8578383829843,552.76081877714,28.3729736737523,20.9262436510334,-9.9e+37,690.471,695.232,-9.9e+37
20260514175353.2,4016.88700318336,9.7888264,0.52527561,2.0028696,2.730711,-0.000392024,-0.00071675,0.002391019,1.2105,0.36746628,0.000632029,0.10160356,4.1315165,0.73780136,288.483,288.169,289.463,-38.57,NaN,NaN,NaN,-0.0347818070933954,445.333549171201,50.1445501304091,14.7560272,288.483,288.169,289.463,0.308269132432839+0i,0.000632029,20.8717930123352,552.624430709283,29.3982328611005,20.9256532791612,-9.9e+37,531.11,681.435,-9.9e+37
20260514175355.3,4019.03900317848,9.7886734,0.43721771,2.002662,2.7309515,-0.000391261,-0.000712067,0.002380238,1.2106421,0.43105227,0.000635514,-0.041226416,4.1315165,0.66097661,288.483,288.167,289.455,-38.56,NaN,NaN,NaN,-0.0479158506982031,445.491601214567,41.3436899830896,13.2195322,288.483,288.167,289.455,0.299703534468406+0i,0.000635514,20.8717930123352,552.898458111684,29.466492129071,20.9248859302085,-9.9e+37,221.281,418.203,-9.9e+37
20260514175357.5,4021.22300863266,9.7884548,0.56546016,2.0026729,2.7306236,-0.000393439,-0.00071381,0.002370982,1.2105328,0.36676243,0.000634969,-0.098801169,4.1310575,0.59698907,288.481,288.142,289.463,-38.64,NaN,NaN,NaN,-0.047226250142856,445.276111547125,54.160755429797,11.9397814,288.481,288.142,289.463,0.348383382181563+0i,0.000634969,20.8666970024123,552.349152040201,30.6422206516536,20.9246790983316,-9.9e+37,80.089,248.461,-9.9e+37
20260514175359.8,4023.46500009298,9.7888155,0.74331643,2.0030445,2.730722,-0.000391588,-0.000715116,0.002376645,1.2105328,0.31295932,0.000635623,-0.00711481,4.130981,0.76214886,288.464,288.137,289.457,-38.67,NaN,NaN,NaN,-0.0237165651546434,445.340778162789,71.9364252855839,15.2429772,288.464,288.137,289.457,0.371555599466784+0i,0.000635623,20.8658476674251,553.036097446222,30.6012401787298,20.9255352047868,1549.411,721.731,685.105,215.112
20260514175402.1,4025.76200030744,9.7888155,0.52377735,2.0028259,2.7307547,-0.000389083,-0.000715225,0.002406373,1.2105547,0.12207041,0.000635514,-0.000670034,4.1302487,0.54799722,288.497,288.126,289.509,-38.68,NaN,NaN,NaN,-0.0375465359254292,445.362267983239,49.9948080093237,10.9599444,288.497,288.126,289.509,0.31581228086206+0i,0.000635514,20.8577173666266,554.408736991587,30.6285189737764,20.9252990560379,-9.9e+37,247.595,142.298,400.454
20260514175404.3,4028.008005023,9.7885641,0.38438469,2.0026401,2.7301973,-0.000390717,-0.000714354,0.002416174,1.2105984,0.2833739,0.000635078,0.00563401,4.1308061,0.58511104,288.489,288.118,289.523,-38.76,NaN,NaN,NaN,-0.0493013784195284,444.99595526402,36.063345798405,11.7022208,288.489,288.118,289.523,0.261614287521607+0i,0.000635078,20.8639058544937,553.310124848623,30.6012401787298,20.9255943764551,230.381,257.659,-9.9e+37,285.434
20260514175406.6,4030.3320016712,9.7878864,0.71809921,2.0027385,2.7299678,-0.000391044,-0.000714463,0.002410402,1.2105109,0.43038116,0.000632465,-0.00072851,4.1308936,0.74861436,288.467,288.139,289.531,-38.84,NaN,NaN,NaN,-0.0430759935894969,444.845132212243,69.4161150519287,14.9722872,288.467,288.139,289.531,0.338054487173563+0i,0.000632465,20.8648773160803,553.173736780761,30.6012401787298,20.9263321395737,1028.004,521.207,532.481,94.407
20260514175408.8,4032.48400166631,9.7879739,0.72664026,2.0026729,2.7303394,-0.000390499,-0.000708909,0.002389821,1.2105109,0.38857068,0.000630069,0.10489384,4.1315275,0.74141223,288.478,288.123,289.528,-38.9,NaN,NaN,NaN,-0.047226250142856,445.089340691722,70.2697418879225,14.8282446,288.478,288.123,289.528,0.423463933260587+0i,0.000630069,20.8719151389346,554.134709589182,30.6285189737764,20.9238525777106,-9.9e+37,596.951,371.116,-9.9e+37
20260514175410.9,4034.66000072658,9.7878318,0.46662964,2.0026838,2.7299569,-0.000391261,-0.000712721,0.002406809,1.2104782,0.41725037,0.000631594,0.052099562,4.1304345,0.71552064,288.483,288.145,289.533,-38.9,NaN,NaN,NaN,-0.0465366495874946,444.83796893876,44.2832363791852,14.3104128,288.483,288.145,289.533,0.338697643746825+0i,0.000631594,20.8597801959157,552.898458111684,29.507597162703,20.9238232608386,-9.9e+37,489.497,406.677,-9.9e+37
20260514175413.2,4036.92600131035,9.787952,0.47883177,2.0027931,2.729946,-0.000389737,-0.000714463,0.002399077,1.2105109,0.27777479,0.000614715,-0.00760914,4.131287,0.74437601,288.483,288.137,289.512,-38.95,NaN,NaN,NaN,-0.0396216642021017,444.830805665276,45.5027662524778,14.8875202,288.483,288.137,289.512,0.332696419861893+0i,0.000614715,20.8692450073737,553.585403517705,28.400252468799,20.924236386668,-9.9e+37,572.582,791.446,-9.9e+37
20260514175415.4,4039.08600769937,9.7883564,0.61517769,2.0026292,2.7300225,-0.000390826,-0.000714681,0.002385683,1.210653,0.43882618,0.000628109,0.12120507,4.1304455,0.68227524,288.475,288.129,289.547,-38.97,NaN,NaN,NaN,-0.0499909789748756,444.881080015869,59.1297250327532,13.6455048,288.475,288.129,289.547,0.388052522435519+0i,0.000628109,20.8599023225151,552.898458111684,28.3729736737523,20.923970652085,-9.9e+37,241.241,328.075,-9.9e+37
20260514175417.5,4041.25400036573,9.7888264,0.39718047,2.0029133,2.7303941,-0.000391806,-0.000711196,0.002351708,1.2106202,0.30883557,0.000629307,0.15029946,4.1306422,0.72340477,288.494,288.15,289.582,-39.08,NaN,NaN,NaN,-0.0320170782613616,445.125288495348,37.3422074366665,14.4680954,288.494,288.15,289.582,0.300596640251663+0i,0.000629307,20.8620861681618,552.349152040201,28.3729736737523,20.9242955583363,-9.9e+37,698.075,586.205,-9.9e+37
20260514175419.9,4043.5700006783,9.788728,0.67344609,2.0026947,2.730405,-0.000389519,-0.000713483,0.002405938,1.2104563,0.42685649,0.000630505,-0.001229105,4.130981,0.78140254,288.475,288.188,289.569,-39.07,NaN,NaN,NaN,-0.045847049032119,445.132451768831,64.9533029219383,15.6280508,288.475,288.188,289.569,0.409924495607994+0i,0.000630505,20.8658476674251,553.585403517705,28.400252468799,20.9238525777106,-9.9e+37,273.176,805.147,-9.9e+37
20260514175422,4045.73100283742,9.7888373,0.63369476,2.0029571,2.7303394,-0.00039137,-0.000713047,0.002396899,1.2106093,0.35946538,0.000630396,0.10598824,4.1306422,0.71748485,288.478,288.172,289.572,-39.14,NaN,NaN,NaN,-0.029246022818711,445.089340691722,60.9803953690675,14.349697,288.478,288.172,289.572,0.375501462095+0i,0.000630396,20.8620861681618,554.134709589182,28.3592719958751,20.9245317070852,-9.9e+37,359.529,482.314,-9.9e+37
20260514175424.3,4048.01200032234,9.7887608,0.6406459,2.0029461,2.7300006,-0.000390608,-0.000714463,0.002380238,1.2105765,-0.001935836,0.000631376,-0.022406671,4.131298,0.55571984,288.47,288.175,289.561,-39.16,NaN,NaN,NaN,-0.0299419499846891,444.866687750797,61.6751202149296,11.1143968,288.47,288.175,289.561,0.385303863825886+0i,0.000631376,20.8693671339732,553.723042852243,29.4392133340243,20.9242659725022,-9.9e+37,235.415,326.824,194.207
20260514175426.5,4050.24600550532,9.7887936,0.44980177,2.0027603,2.7304815,-0.00039235,-0.00071479,0.00239581,1.2105765,7.639e-05,0.000635078,-0.009899693,4.1311012,0.59096113,288.483,288.175,289.531,-39.24,NaN,NaN,NaN,-0.0416967924787883,445.182726119423,42.6013914743298,11.8192226,288.483,288.175,289.531,0.331495742525844+0i,0.000635078,20.8671821780847,552.898458111684,29.5211742798724,20.9238525777106,-9.9e+37,440.822,208.856,185.032
20260514175428.7,4052.40200869739,9.7885531,0.64492243,2.0027166,2.7299678,-0.000389519,-0.000713265,0.002390692,1.2105656,0.34496182,0.000612646,0.11383262,4.1302815,0.75112855,288.497,288.191,289.536,-39.29,NaN,NaN,NaN,-0.0444615213108221,444.845132212243,62.1025337967413,15.022571,288.497,288.191,289.536,0.391993435687906+0i,0.000612646,20.8580815259414,553.723042852243,29.5348759577496,20.9240887264594,554.787,974.235,618.074,-9.9e+37
20260514175430.8,4054.55100126565,9.7888045,0.54322306,2.0030445,2.729476,-0.000390172,-0.000715116,0.002381654,1.2105,0.427066,0.000628436,0.068185833,4.1303908,0.71548463,288.47,288.172,289.523,-39.31,NaN,NaN,NaN,-0.0237165651546434,444.521930570133,51.9382903564537,14.3096926,288.47,288.172,289.523,0.319158688109927+0i,0.000628436,20.8592950202433,551.662206634185,28.878690148134,20.9255056189527,-9.9e+37,586.072,551.951,-9.9e+37
20260514175433,4056.69900812209,9.7888373,0.73194909,2.0030773,2.7295088,-0.00039039,-0.000715879,0.002389277,1.2105328,0.22611051,0.000629198,-0.11964223,4.1310903,0.59239718,288.481,288.177,289.517,-39.34,NaN,NaN,NaN,-0.0216414368779709,444.543486108688,70.8003276772259,11.8479436,288.481,288.177,289.517,0.338747482400267+0i,0.000629198,20.867061161727,554.546376326122,29.5485776356272,20.9264208970761,-9.9e+37,-9.9e+37,424.088,298.392
20260514175435.1,4058.84400755167,9.7887717,0.69328137,2.0027494,2.7298585,-0.000390717,-0.000714136,0.002375556,1.2106202,0.13917984,0.000632029,-0.020225168,4.131604,0.63029886,288.491,288.161,289.539,-39.34,NaN,NaN,NaN,-0.0423863930341355,444.773302323096,66.9357204592964,12.6059772,288.491,288.161,289.539,0.358956434739838+0i,0.000632029,20.8727644739218,552.624430709283,30.4507708434953,20.9255352047868,9.9e+37,186.205,398.18,681.874
20260514175437.3,4061.01600341499,9.7885313,0.53708381,2.0027166,2.7287,-0.000386905,-0.000717839,0.002405829,1.2105328,0.14505392,0.000632029,-0.09287325,4.1302815,0.58729351,288.489,288.161,289.569,-39.38,NaN,NaN,NaN,-0.0444615213108221,444.01195807262,51.3247090575647,11.7458702,288.489,288.161,289.569,0.312665530989258+0i,0.000632029,20.8580815259414,553.723042852243,30.6148172958992,20.9255647906209,1481.182,-9.9e+37,245.291,789.062
20260514175439.5,4063.1680034101,9.7887936,0.53916915,2.0030226,2.7288093,-0.00038843,-0.000713156,0.002390801,1.2105,0.15316502,0.000610032,0.003808075,4.1302924,0.68416962,288.491,288.148,289.552,-39.45,NaN,NaN,NaN,-0.0251020928759687,444.083787961767,51.5331263114353,13.6833924,288.491,288.148,289.552,0.312581344414419+0i,0.000610032,20.858202542299,553.859430920105,29.4801938069481,20.9256236933271,9.9e+37,254.529,410.576,741.831
20260514175441.6,4065.33200293779,9.7887171,0.51306911,2.0026947,2.7291481,-0.000389301,-0.000710107,0.002413996,1.2105547,0.13556239,0.000628109,0.024643937,4.1308826,0.65966822,288.497,288.169,289.561,-39.45,NaN,NaN,NaN,-0.045847049032119,444.306440902692,48.9245835017675,13.1933644,288.497,288.169,289.561,0.318421012065775+0i,0.000628109,20.8647551894809,553.997070254648,30.6012401787298,20.9250924931232,440.758,-9.9e+37,465.123,712.843
20260514175443.8,4067.48100556433,9.7880395,0.54641494,2.0028915,2.7287219,-0.000388103,-0.000713483,0.002408007,1.2105328,0.12685002,0.000634207,-0.009787966,4.1302378,0.62581499,288.5,288.158,289.561,-39.58,NaN,NaN,NaN,-0.0333962793720701,444.026350337692,52.2572996615475,12.5162998,288.5,288.158,289.561,0.344102381433846+0i,0.000634207,20.857596350269,552.075124637801,30.6012401787298,20.9246201956255,295.418,-9.9e+37,334.025,778.288
20260514175445.9,4069.62100602686,9.7876132,0.54751708,2.0028805,2.7281098,-0.00039039,-0.000713483,0.002373705,1.2105109,0.38446217,0.000632574,0.11490916,4.1302487,0.7016249,288.467,288.156,289.563,-39.62,NaN,NaN,NaN,-0.0340922065380482,443.624089814847,52.3674519591014,14.032498,288.467,288.156,289.563,0.379166934131618+0i,0.000632574,20.8577173666266,553.173736780761,31.4350495579192,20.9233802802128,459.022,289.405,137.99,200.266
20260514175448.1,4071.77300602198,9.7873728,0.59781078,2.0027603,2.7285907,-0.000389083,-0.00071479,0.002406591,1.2105109,0.30149814,0.000631158,0.11573513,4.1309045,0.74033737,288.483,288.156,289.558,-39.63,NaN,NaN,NaN,-0.0416967924787883,443.940128183473,57.3940063056307,14.8067474,288.483,288.156,289.558,0.402364428837253+0i,0.000631158,20.864998332438,551.662206634185,30.6148172958992,20.9232622058384,-9.9e+37,437.146,577.756,-9.9e+37
20260514175450.2,4073.91400225461,9.7881269,0.56792962,2.002968,2.7284923,-0.000388539,-0.000713701,0.00239091,1.2105765,0.18105142,0.000631267,-0.11662835,4.130675,0.57768414,288.497,288.145,289.523,-39.68,NaN,NaN,NaN,-0.0285564222633639,443.875461567809,54.4075631790097,11.5536828,288.497,288.145,289.523,0.35610954040004+0i,0.000631267,20.8624503274766,551.388179231784,29.6305385814749,20.924502121251,-9.9e+37,-9.9e+37,335.304,489.261
20260514175452.4,4076.15200057626,9.7870339,0.58258048,2.0026292,2.7287765,-0.000388212,-0.000712938,0.002345392,1.2104672,0.30402543,0.000636929,-0.00701224,4.1309045,0.74480052,288.456,288.156,289.49,-39.71,NaN,NaN,NaN,-0.0499909789748756,444.062232423213,55.8718289620679,14.8960104,288.456,288.156,289.49,0.359379344989712+0i,0.000636929,20.864998332438,551.937485303262,30.5875385008526,20.924502121251,1330.577,404.585,487.417,332.624
20260514175454.7,4078.45300398767,9.7874165,0.63898395,2.0027931,2.7292355,-0.00038941,-0.000713701,0.002357915,1.2105328,0.40779377,0.000632029,-0.001095163,4.1302378,0.77427134,288.472,288.153,289.506,-39.75,NaN,NaN,NaN,-0.0396216642021017,444.363878526768,61.5090182579008,15.4854268,288.472,288.153,289.506,0.324575540286891+0i,0.000632029,20.857596350269,553.447764183166,30.5875385008526,20.926125576659,-9.9e+37,279.725,575.003,-9.9e+37
20260514175456.9,4080.62100671232,9.7880613,0.76800223,2.0030008,2.7287874,-0.000387559,-0.000713374,0.002392652,1.2105109,0.45075878,0.000630178,-0.061765823,4.1303034,0.62926219,288.478,288.153,289.501,-39.82,NaN,NaN,NaN,-0.0264812939866772,444.069395696696,74.4036232703723,12.5852438,288.478,288.153,289.501,0.381506137924875+0i,0.000630178,20.8583246688985,553.173736780761,30.1500812944414,20.9254467162465,-9.9e+37,-9.9e+37,-9.9e+37,-9.9e+37
20260514175459.1,4082.77000933886,9.7879848,0.44407173,2.0026947,2.7291372,-0.000386797,-0.000712612,0.002357806,1.2104782,0.44690238,0.000634425,-0.056504328,4.1308389,0.67732869,288.472,288.145,289.504,-39.9,NaN,NaN,NaN,-0.045847049032119,444.299277629209,42.0287082661389,13.5465738,288.472,288.145,289.504,0.316103067156465+0i,0.000634425,20.8642700138085,554.272348923726,29.4938954848258,20.9243248752083,611.829,385.942,-9.9e+37,-9.9e+37
20260514175501.2,4084.91400294006,9.788105,0.66209076,2.0027931,2.7292465,-0.000386579,-0.000716205,0.002361073,1.2105219,0.15607096,0.000632356,-0.002829979,4.1308826,0.75095505,288.489,288.129,289.493,-39.87,NaN,NaN,NaN,-0.0396216642021017,444.371107518356,63.8184056412098,15.019101,288.489,288.129,289.493,0.398713608103576+0i,0.000632356,20.8647551894809,554.408736991587,30.5191546721735,20.9240002379192,1547.648,765.407,679.223,296.672
20260514175503.5,4087.17600032687,9.7875258,0.51882426,2.0030336,2.7289842,-0.000388321,-0.000712938,0.002374249,1.2106202,0.2447487,0.000632356,-0.00729486,4.1302269,0.72932796,288.464,288.123,289.482,-39.9,NaN,NaN,NaN,-0.0244061657100048,444.198728928024,49.4997763041946,14.5865592,288.464,288.123,289.482,0.292662615064365+0i,0.000632356,20.8574753339113,551.388179231784,29.507597162703,20.9261551624931,-9.9e+37,456.941,691.154,242.376
20260514175505.8,4089.48100693524,9.7873181,0.48164277,2.0029133,2.7287328,-0.000388212,-0.000712067,0.002333522,1.2105437,0.42717403,0.000636603,-0.001241192,4.1306968,0.76720454,288.478,288.115,289.523,-40.02,NaN,NaN,NaN,-0.0320170782613616,444.033513611175,45.7837088808407,15.3440908,288.478,288.115,289.523,0.354942255225374+0i,0.000636603,20.8626923601918,552.349152040201,30.6148172958992,20.923409866047,-9.9e+37,229.874,675.487,-9.9e+37
20260514175508,4091.67600609362,9.7877553,0.46727128,2.0026401,2.7282191,-0.000386688,-0.000713592,0.002381436,1.2105328,0.41212814,0.000634534,-0.007402174,4.130522,0.61091645,288.47,288.107,289.55,-40.09,NaN,NaN,NaN,-0.0493013784195284,443.695919703994,44.3473644574715,12.218329,288.47,288.107,289.55,0.328661462856112+0i,0.000634534,20.8607516575023,553.173736780761,31.106956653111,20.9241478981277,-9.9e+37,-9.9e+37,133.174,-9.9e+37
20260514175510.2,4093.91800761223,9.7878427,0.57803769,2.002651,2.7283065,-0.000385817,-0.000713701,0.002357806,1.2105,0.22564237,0.000632138,0.00562965,4.1308389,0.59173917,288.475,288.088,289.574,-40.19,NaN,NaN,NaN,-0.0486117778641528,443.75335732807,55.4178042866141,11.8347834,288.475,288.088,289.574,0.333525113006022+0i,0.000632138,20.8642700138085,552.76081877714,30.6285189737764,20.9252990560379,9.9e+37,299.937,-9.9e+37,245.252
20260514175512.4,4096.08600027859,9.7884001,0.49458477,2.0026182,2.7282956,-0.000383421,-0.000710107,0.00237022,1.2105547,0.21834638,0.000632247,-0.16301118,4.1306531,0.63840123,288.47,288.074,289.58,-40.17,NaN,NaN,NaN,-0.0506869061408253,443.746194054587,47.0771843330898,12.7680246,288.47,288.074,289.58,0.353326300942983+0i,0.000632247,20.8622071845194,552.624430709283,30.6285189737764,20.9236460147958,1619.45,178.665,280.436,394.184
20260514175514.7,4098.38700369,9.7888373,0.77670371,2.0028805,2.7286016,-0.000383965,-0.000714245,0.002402126,1.2104891,0.38740194,0.000634098,-0.001235312,4.1309591,0.76212595,288.451,288.088,289.585,-40.22,NaN,NaN,NaN,-0.0340922065380482,443.947291456957,75.273284124818,15.242519,288.451,288.088,289.585,0.434183006387567+0i,0.000634098,20.865604524468,551.388179231784,30.5465580279283,20.9240298237533,9.9e+37,848.437,397.479,-9.9e+37
20260514175516.8,4100.54300688207,9.7888264,0.49600991,2.0030554,2.7282847,-0.000384074,-0.00071773,0.002422708,1.2103907,0.45456062,0.000633227,-0.029927645,4.1311668,0.66661717,288.472,288.077,289.588,-40.26,NaN,NaN,NaN,-0.0230269645992962,443.739030781104,47.2196185477412,13.3323434,288.472,288.077,289.588,0.300755335614828+0i,0.000633227,20.8679104967142,552.624430709283,29.5211742798724,20.9255943764551,-9.9e+37,241.929,192.299,-9.9e+37
20260514175519,4102.67999991775,9.7887389,0.49151622,2.0029352,2.7281098,-0.000380698,-0.000711958,0.002402453,1.2104672,0.19936009,0.000635732,0.11830158,4.1309482,0.75360455,288.47,288.082,289.623,-40.37,NaN,NaN,NaN,-0.0306315505400363,443.624089814847,46.7705011234623,15.072091,288.47,288.082,289.623,0.300928907834744+0i,0.000635732,20.8654835081104,552.624430709283,30.3414065418924,20.9255056189527,847.93,798.019,707.394,185.527
20260514175521.1,4104.82800677419,9.7888482,0.44752547,2.0030008,2.7290388,-0.000374165,-0.000711523,0.002394613,1.2104344,0.43330129,0.000615695,-0.061091978,4.1313198,0.63131043,288.47,288.069,289.637,-40.43,NaN,NaN,NaN,-0.0264812939866772,444.234611013545,42.3738889112055,12.6262086,288.47,288.069,289.637,0.291738097854365+0i,0.000615695,20.8696091666885,553.036097446222,29.4801938069481,20.9253286418721,-9.9e+37,-9.9e+37,241.397,-9.9e+37
20260514175523.3,4107.0310022682,9.7887827,0.59653949,2.0027713,2.7292355,-0.00037068,-0.000710107,0.002356281,1.2105109,0.12626403,0.000637909,-0.079330077,4.131593,0.6479364,288.47,288.072,289.631,-40.47,NaN,NaN,NaN,-0.0410008653128102,444.363878526768,57.2669484778073,12.958728,288.47,288.072,289.631,0.371305822002686+0i,0.000637909,20.8726423473223,552.624430709283,28.3592719958751,20.9243248752083,1007.102,196.826,585.166,484.45
20260514175525.5,4109.21100452542,9.788728,0.58731751,2.0027494,2.7292465,-0.000367849,-0.00071283,0.002369349,1.2104782,0.45031138,0.000636058,-0.01757356,4.131593,0.65812304,288.456,288.077,289.626,-40.5,NaN,NaN,NaN,-0.0423863930341355,444.371107518356,56.3452667631471,13.1624608,288.456,288.077,289.626,0.35605280211239+0i,0.000636058,20.8726423473223,553.447764183166,27.5663185289013,20.9247382699999,204.461,350.318,-9.9e+37,-9.9e+37
20260514175527.7,4111.37500405312,9.7888045,0.56335409,2.0027931,2.7292574,-0.000367087,-0.000713047,0.002341472,1.2104235,0.16816836,0.000636276,0.097230111,4.1315821,0.72015836,288.5,288.074,289.599,-40.55,NaN,NaN,NaN,-0.0396216642021017,444.378270791839,53.9502663364792,14.4031672,288.5,288.074,289.599,0.32512834753653+0i,0.000636276,20.8725213309647,552.76081877714,27.5527414117323,20.9255352047868,986.064,803.708,640.269,266.673
20260514175529.8,4113.52700404823,9.7886843,0.58161256,2.0026838,2.7290825,-0.000366651,-0.000712285,0.002341581,1.2105765,0.40468704,0.000632247,-0.00276671,4.1309045,0.59494738,288.478,288.093,289.58,-40.59,NaN,NaN,NaN,-0.0465366495874946,444.263329825583,55.7750911503123,11.8989476,288.478,288.093,289.58,0.363731163993495+0i,0.000632247,20.864998332438,552.624430709283,27.5663185289013,20.9244429495828,-9.9e+37,-9.9e+37,96.394,-9.9e+37
20260514175532,4115.67600667477,9.7880941,0.51934587,2.0027275,2.7298367,-0.000371769,-0.000717076,0.002357479,1.2105437,0.32456346,0.000636603,0.11573927,4.1315712,0.7256156,288.491,288.085,289.577,-40.66,NaN,NaN,NaN,-0.0437719207554323,444.758975776129,49.5519081022666,14.512312,288.491,288.085,289.577,0.357518483732985+0i,0.000636603,20.872400314607,553.173736780761,27.5800202067785,20.9239117493789,1452.651,881.751,459.873,-9.9e+37
20260514175534.1,4117.82800666988,9.7881488,0.57059768,2.0030117,2.7296181,-0.000373947,-0.000718492,0.002373378,1.2105765,0.15146271,0.000637038,-0.002579846,4.1313307,0.70912712,288.508,288.091,289.547,-40.73,NaN,NaN,NaN,-0.02579169343133,444.615315997835,54.6742198097567,14.1825424,288.508,288.091,289.547,0.368360898687696+0i,0.000637038,20.8697301830461,553.447764183166,28.400252468799,20.9241183122936,-9.9e+37,572.437,773.381,282.892
20260514175536.3,4119.97300609946,9.788422,0.57000296,2.0026182,2.7294213,-0.000379936,-0.000718819,0.002367062,1.2105547,0.36412166,0.000633445,0.11214202,4.1304455,0.70564392,288.464,288.099,289.531,-40.76,NaN,NaN,NaN,-0.0506869061408253,444.485982766507,54.6147811046909,14.1128784,288.464,288.099,289.531,0.381859679133161+0i,0.000633445,20.8599023225151,552.76081877714,28.3592719958751,20.92367560063,-9.9e+37,448.096,670.193,127.281
20260514175538.4,4122.15200252831,9.7888482,0.6129254,2.0030554,2.7295744,-0.000383965,-0.000720888,0.002406156,1.2105219,0.40482672,0.0006329,0.060886891,4.1312105,0.68688678,288.472,288.091,289.542,-40.73,NaN,NaN,NaN,-0.0230269645992962,444.586597185797,58.9046221254479,13.7377356,288.472,288.091,289.542,0.382484812674393+0i,0.0006329,20.8683956723866,553.310124848623,28.3729736737523,20.9241183122936,-9.9e+37,254.718,527.289,-9.9e+37
20260514175540.6,4124.33600798249,9.7886187,0.54879054,2.0027166,2.7293339,-0.000384292,-0.000720017,0.002416065,1.2104672,0.36055225,0.000637038,0.098896646,4.1309591,0.69066134,288.475,288.104,289.506,-40.83,NaN,NaN,NaN,-0.0444615213108221,444.428545142431,52.494726665439,13.8132268,288.475,288.104,289.506,0.345057997138968+0i,0.000637038,20.865604524468,553.310124848623,30.5191546721735,20.9245906097913,-9.9e+37,521.215,579.994,-9.9e+37
20260514175542.8,4126.48400478065,9.788575,0.41166764,2.0027166,2.7293448,-0.000386034,-0.000725026,0.002339729,1.2105,0.12116251,0.000637147,-0.1104722,4.1307187,0.62425126,288.497,288.093,289.49,-40.87,NaN,NaN,NaN,-0.0444615213108221,444.435708415915,38.7901133837814,12.4850252,288.497,288.093,289.49,0.299757356909653+0i,0.000637147,20.862935503149,565.670137090266,30.5875385008526,20.9242068008339,-9.9e+37,-9.9e+37,695.997,427.29
20260514175544.9,4128.64100374281,9.7894931,0.51115619,2.002804,2.7298585,-0.000383421,-0.000721323,0.002353341,1.2105437,0.11416664,0.00062898,0.028922444,4.1315712,0.62529775,288.494,288.096,289.449,-40.86,NaN,NaN,NaN,-0.0389320636467545,444.773302323096,48.7333985950981,12.505955,288.494,288.096,289.449,0.332033764567091+0i,0.00062898,20.872400314607,565.258470353327,30.6148172958992,20.9243544610425,651.807,-9.9e+37,558.447,658.222
20260514175547.1,4130.78900054097,9.7895368,0.43808415,2.0028368,2.7298585,-0.00038549,-0.000719799,0.002381981,1.2105109,0.43731483,0.000635514,-0.033282714,4.130981,0.61599284,288.47,288.115,289.433,-40.88,NaN,NaN,NaN,-0.0368569353700678,444.773302323096,41.4302854761236,12.3198568,288.47,288.115,289.433,0.312953495174564+0i,0.000635514,20.8658476674251,564.159858210367,29.6852207322763,20.9241478981277,-9.9e+37,-9.9e+37,-9.9e+37,125.513
20260514175549.4,4133.06300751865,9.7885531,0.54401311,2.0026947,2.7299678,-0.000384945,-0.000717512,0.002417263,1.2105437,0.33390222,0.000633989,-0.00749674,4.130828,0.78930084,288.47,288.115,289.408,-40.97,NaN,NaN,NaN,-0.045847049032119,444.845132212243,52.0172511261221,15.7860168,288.47,288.115,289.408,0.351742732827791+0i,0.000633989,20.8641489974508,553.585403517705,30.6148172958992,20.9242955583363,1526.242,565.795,576.301,-9.9e+37
20260514175551.6,4135.33600866795,9.7893619,0.54770913,2.002651,2.7303066,-0.000385599,-0.000720343,0.002413343,1.2106202,0.3574859,0.000637147,-0.004106342,4.1305657,0.77442302,288.47,288.123,289.411,-40.98,NaN,NaN,NaN,-0.0486117778641528,445.067785153167,52.3866462073323,15.4884604,288.47,288.123,289.411,0.358543974215922+0i,0.000637147,20.8612368331747,554.408736991587,30.6148172958992,20.9240887264594,-9.9e+37,288.615,646.159,-9.9e+37
20260514175553.8,4137.51200772822,9.7894275,0.53789132,2.0027057,2.7310608,-0.000385708,-0.000720779,0.002436755,1.2105875,0.4503081,0.000633336,0.022493033,4.1308936,0.65408004,288.475,288.107,289.446,-41.05,NaN,NaN,NaN,-0.0451511218661693,445.563431103714,51.4054148497488,13.0816008,288.475,288.107,289.446,0.377310182395295+0i,0.000633336,20.8648773160803,559.078464232505,30.5601351450978,20.9232328889664,-9.9e+37,-9.9e+37,155.597,-9.9e+37
20260514175556,4139.7070068866,9.7891871,0.5189814,2.0026401,2.7307547,-0.000386143,-0.000720234,0.002421074,1.2105875,0.1294897,0.00063682,-0.078786689,4.1305329,0.6476003,288.486,288.107,289.446,-41.08,NaN,NaN,NaN,-0.0493013784195284,445.362267983239,49.5154815068346,12.952006,288.486,288.107,289.446,0.363040203249956+0i,0.00063682,20.8608726738599,564.57152494731,29.507597162703,20.923409866047,1155.798,-9.9e+37,525.154,503.443
20260514175558.2,4141.8910022825,9.7895368,0.72573236,2.0029461,2.7316182,-0.000380916,-0.000719254,0.002368804,1.2105,0.13363746,0.000635296,0.021783793,4.1313089,0.65052591,288.478,288.126,289.433,-41.13,NaN,NaN,NaN,-0.0299419499846891,445.929743822933,70.1790027159941,13.0105182,288.478,288.126,289.433,0.435624603207467+0i,0.000635296,20.8694881503308,564.159858210367,28.5233184482786,20.9233509633408,1383.618,-9.9e+37,402.453,671.582
20260514175600.3,4144.05900500715,9.7895259,0.56868366,2.002804,2.7317493,-0.000380807,-0.00071577,0.002382634,1.2105656,0.43064633,0.000636058,0.10816397,4.1308717,0.68095811,288.47,288.126,289.436,-41.2,NaN,NaN,NaN,-0.0389320636467545,446.015900259046,54.4829249646699,13.6191622,288.47,288.126,289.436,0.355622864586932+0i,0.000636058,20.8646341731232,564.433885612767,28.3455703179975,20.9242955583363,451.256,333.826,-9.9e+37,-9.9e+37
20260514175602.6,4146.32000662386,9.7891433,0.48975061,2.0026401,2.7319679,-0.000377214,-0.000716314,0.002409422,1.2104891,0.29271481,0.000637474,-0.00734506,4.1308717,0.75759626,288.467,288.137,289.417,-41.21,NaN,NaN,NaN,-0.0493013784195284,446.15956003734,46.5940389697577,15.1519252,288.467,288.137,289.417,0.344421701582726+0i,0.000637474,20.8646341731232,564.159858210367,28.3729736737523,20.9237345033361,-9.9e+37,526.983,648.817,-9.9e+37
20260514175604.9,4148.59800674021,9.7894166,0.478703,2.0028915,2.7318586,-0.00037264,-0.000716968,0.002406482,1.2105109,0.17066509,0.000632356,0.003163305,4.1312542,0.54684488,288.502,288.145,289.433,-41.24,NaN,NaN,NaN,-0.0333962793720701,446.087730148193,45.4898964615656,10.9368976,288.502,288.145,289.433,0.330625743032261+0i,0.000632356,20.868880848059,563.472912804346,28.988054449736,20.9240887264594,-9.9e+37,-9.9e+37,-9.9e+37,377.353
20260514175607.1,4150.76599940658,9.7895149,0.67469009,2.0030336,2.7319679,-0.000378629,-0.000721541,0.002373596,1.2105437,0.2607134,0.00063486,-0.11923747,4.1310575,0.61269624,288.483,288.139,289.403,-41.27,NaN,NaN,NaN,-0.0244061657100048,446.15956003734,65.077633277571,12.2539248,288.483,288.139,289.403,0.380154359133181+0i,0.00063486,20.8666970024123,564.159858210367,29.2751668816204,20.9245317070852,1053.13,-9.9e+37,135.812,429.736
20260514175609.2,4152.92200259864,9.7887936,0.47217746,2.0030336,2.7319351,-0.000382005,-0.000717839,0.002388732,1.2105219,0.42998396,0.000633989,0.10863146,4.1310575,0.72393947,288.461,288.134,289.427,-41.34,NaN,NaN,NaN,-0.0244061657100048,446.138004498785,44.8377077888203,14.4787894,288.461,288.134,289.427,0.351620175269532+0i,0.000633989,20.8666970024123,552.624430709283,28.3729736737523,20.9234690377153,9.9e+37,740.098,-9.9e+37,-9.9e+37
20260514175611.4,4155.12900128961,9.7891215,0.54942236,2.0026401,2.7320007,-0.000383421,-0.000719908,0.002392217,1.2105109,0.43433905,0.000636276,-0.037646806,4.1313089,0.64586743,288.47,288.137,289.438,-41.4,NaN,NaN,NaN,-0.0493013784195284,446.181115575894,52.5578732934903,12.9173486,288.47,288.137,289.438,0.321195677728577+0i,0.000636276,20.8694881503308,550.976512494845,28.3729736737523,20.9255352047868,-9.9e+37,301.309,-9.9e+37,-9.9e+37
20260514175613.6,4157.30100721121,9.7890996,0.65146545,2.0026292,2.731957,-0.000381025,-0.000721106,0.002367933,1.2105109,0.17488814,0.000632682,0.072309705,4.1311887,0.72306649,288.486,288.139,289.487,-41.47,NaN,NaN,NaN,-0.0499909789748756,446.152396763857,62.7564694908824,14.4613298,288.486,288.139,289.487,0.398368173476522+0i,0.000632682,20.8681536396713,554.95804306307,28.3592719958751,20.923970652085,9.9e+37,967.485,652.964,312.757
20260514175615.8,4159.46899987757,9.7888482,0.42539315,2.0030445,2.7316728,-0.000381678,-0.000718601,0.002369567,1.2105656,0.26655039,0.000636494,0.11621972,4.1312214,0.70086977,288.491,288.129,289.487,-41.5,NaN,NaN,NaN,-0.0237165651546434,445.965625908453,40.1618959718358,14.0173954,288.491,288.129,289.487,0.337464935037104+0i,0.000636494,20.8685166887442,552.349152040201,28.400252468799,20.9232917916725,-9.9e+37,630.504,641.031,125.149
20260514175617.9,4161.63700260222,9.7892854,0.67609778,2.0027057,2.7315745,-0.000382005,-0.000720017,0.002379585,1.2104891,0.42843768,0.000635405,-0.013881351,4.1315384,0.61265805,288.475,288.129,289.493,-41.54,NaN,NaN,NaN,-0.0451511218661693,445.901025010895,65.218323469147,12.253161,288.475,288.129,289.493,0.370004508792437+0i,0.000635405,20.8720361552923,552.486791374744,29.4801938069481,20.9250924931232,-9.9e+37,-9.9e+37,211.214,-9.9e+37
20260514175620.1,4163.84000815451,9.7886297,0.5146765,2.0027713,2.7311919,-0.000382332,-0.000719799,0.002377625,1.2104235,0.22968537,0.00063987,-0.11779331,4.1308936,0.6114195,288.483,288.118,289.528,-41.6,NaN,NaN,NaN,-0.0410008653128102,445.649587539827,49.0852325132952,12.22839,288.483,288.118,289.528,0.330322100406654+0i,0.00063987,20.8648773160803,552.211512705667,29.5211742798724,20.924767855834,1100.554,-9.9e+37,306.834,388.073
20260514175622.3,4166.01200401783,9.7885313,0.66153205,2.0026947,2.7305908,-0.000383094,-0.000719037,0.002365755,1.2105656,0.4436898,0.000631158,-0.039556833,4.130981,0.64026943,288.451,288.12,289.517,-41.65,NaN,NaN,NaN,-0.045847049032119,445.25455600857,63.7625659201523,12.8053886,288.451,288.12,289.517,0.402510394155486+0i,0.000631158,20.8658476674251,553.173736780761,29.507597162703,20.923941335213,9.9e+37,334.709,-9.9e+37,-9.9e+37
20260514175624.4,4168.16000081599,9.7886187,0.61641515,2.0027385,2.7304815,-0.000382767,-0.000716205,0.002408116,1.2106202,0.16338003,0.000637256,0.085454374,4.1302924,0.72145801,288.494,288.104,289.536,-41.74,NaN,NaN,NaN,-0.0430759935894969,445.182726119423,59.2534017545227,14.4291602,288.494,288.104,289.536,0.400729890605259+0i,0.000637256,20.858202542299,553.447764183166,29.4255116561471,20.9235279404214,9.9e+37,978.437,612.737,360.002
20260514175626.6,4170.34799940884,9.7894275,0.57956869,2.0027603,2.7304815,-0.000382332,-0.00072067,0.002372289,1.2104344,0.27915847,0.000638127,0.11623965,4.1308826,0.7189089,288.489,288.107,289.542,-41.75,NaN,NaN,NaN,-0.0416967924787883,445.182726119423,55.5708185747762,14.378178,288.489,288.107,289.542,0.401237750656951+0i,0.000638127,20.8647551894809,552.211512705667,29.4938954848258,20.923114814592,-9.9e+37,608.469,633.053,113.21
20260514175628.8,4172.51200899482,9.7895259,0.48226478,2.0029133,2.7304269,-0.00038059,-0.000723392,0.002368913,1.2105547,0.10782333,0.000634969,-0.042341397,4.1307843,0.63016027,288.494,288.118,289.533,-41.74,NaN,NaN,NaN,-0.0320170782613616,445.146844033902,45.8458750580972,12.6032054,288.494,288.118,289.533,0.339639593453233+0i,0.000634969,20.8636638217784,551.937485303262,29.466492129071,20.9240298237533,-9.9e+37,-9.9e+37,701.38,544.712
20260514175631,4174.67200532556,9.7894384,0.61169995,2.0027275,2.7298039,-0.00038157,-0.000722303,0.002369349,1.2105,0.43979083,0.000633009,0.0509738,4.1315821,0.64760248,288.461,288.12,289.542,-41.8,NaN,NaN,NaN,-0.0437719207554323,444.737420237574,58.7821457313079,12.9520496,288.461,288.12,289.542,0.397196522992657+0i,0.000633009,20.8725213309647,553.036097446222,28.9743527718592,20.9236164289617,-9.9e+37,-9.9e+37,-9.9e+37,-9.9e+37
20260514175633.1,4176.85200758278,9.7885969,0.54214602,2.0027385,2.7293339,-0.000382659,-0.000719581,0.002440566,1.2104563,0.38423738,0.0006329,-0.089909782,4.1309482,0.59826909,288.47,288.096,289.517,-41.85,NaN,NaN,NaN,-0.0430759935894969,444.428545142431,51.8306466536959,11.9653818,288.47,288.096,289.517,0.346344480913084+0i,0.0006329,20.8654835081104,552.486791374744,29.343550710299,20.9245317070852,-9.9e+37,-9.9e+37,-9.9e+37,-9.9e+37
20260514175635.4,4179.12100553513,9.788892,0.64722928,2.0026729,2.7297274,-0.00038157,-0.000716314,0.002352579,1.2104344,0.33900262,0.000633989,-0.00699805,4.131287,0.79640911,288.483,288.112,289.501,-41.89,NaN,NaN,NaN,-0.047226250142856,444.687145886982,62.3330896495477,15.9281822,288.483,288.112,289.501,0.401737160690912+0i,0.000633989,20.8692450073737,553.310124848623,28.4549346196004,20.9238525777106,9.9e+37,739.836,540.541,-9.9e+37
20260514175637.7,4181.42200894654,9.7887499,0.52199101,2.0029898,2.7293886,-0.000380698,-0.000716423,0.002376754,1.2105219,0.14488151,0.000636058,-0.001098212,4.1313089,0.57748444,288.494,288.104,289.523,-41.93,NaN,NaN,NaN,-0.0271772211526553,444.464492946058,49.8162740161719,11.5496888,288.494,288.104,289.523,0.315772864410219+0i,0.000636058,20.8694881503308,551.525818566323,28.4139541466766,20.9254171304124,261.978,286.576,-9.9e+37,347.292
20260514175640,4183.6800031364,9.7885422,0.60688435,2.0026182,2.7295634,-0.000376887,-0.000718492,0.002400057,1.2105109,0.19549712,0.000614388,0.00532192,4.1315165,0.55661903,288.5,288.099,289.514,-41.97,NaN,NaN,NaN,-0.0506869061408253,444.579368194209,58.3008553289087,11.1323806,288.5,288.099,289.514,0.387808962659992+0i,0.000614388,20.8717930123352,553.447764183166,27.5390397338547,20.9239117493789,644.943,464.317,-9.9e+37,454.875
20260514175642.1,4185.85600219667,9.7885531,0.45463701,2.0027057,2.7298039,-0.000377432,-0.000717839,0.002360964,1.2105656,0.30615442,0.000612864,-0.15759214,4.1306094,0.64227729,288.467,288.088,289.509,-42,NaN,NaN,NaN,-0.0451511218661693,444.737420237574,43.084644777199,12.8455458,288.467,288.088,289.509,0.320563233569027+0i,0.000612864,20.861722008847,564.022218875828,28.2089272213479,20.9241478981277,642.659,153.027,-9.9e+37,373.897
20260514175644.3,4188.05100135505,9.7885204,0.69771176,2.002968,2.7300006,-0.000378521,-0.000720452,0.002384921,1.2104891,0.18872931,0.000634534,0.13259098,4.1302487,0.71715639,288.5,288.104,289.506,-42.06,NaN,NaN,NaN,-0.0285564222633639,444.866687750797,67.3785114273763,14.3431278,288.5,288.104,289.506,0.428379709455524+0i,0.000634534,20.8577173666266,552.211512705667,28.400252468799,20.9235575262556,9.9e+37,1001.727,412.02,389.94
20260514175646.5,4190.23100361228,9.7880941,0.67687473,2.0030226,2.730088,-0.00038255,-0.000719581,0.002377298,1.2105656,0.21905677,0.000632465,-0.15811047,4.1309701,0.62195422,288.486,288.091,289.463,-42.08,NaN,NaN,NaN,-0.0251020928759687,444.924125374873,65.2959749722087,12.4390844,288.486,288.091,289.463,0.387181683426289+0i,0.000632465,20.8657266510675,552.075124637801,27.5390397338547,20.9246497814596,-9.9e+37,-9.9e+37,381.125,470.306
20260514175648.8,4192.53100119531,9.7878646,0.54576675,2.0027166,2.7305799,-0.00037754,-0.000718056,0.002415194,1.2105875,0.3891152,0.000624624,-0.001452232,4.1308936,0.74186182,288.47,288.082,289.452,-42.12,NaN,NaN,NaN,-0.0444615213108221,445.247392735087,52.1925169499579,14.8372364,288.47,288.082,289.452,0.376267050644895+0i,0.000624624,20.8648773160803,552.075124637801,27.5253380559775,20.9236164289617,757.483,629.394,327.514,-9.9e+37
20260514175651,4194.69100758433,9.788116,0.42134032,2.002804,2.7317384,-0.00038157,-0.000718383,0.002409422,1.2105328,0.12698533,0.000632465,0.031158397,4.1308498,0.66343297,288.491,288.077,289.438,-42.17,NaN,NaN,NaN,-0.0389320636467545,446.008736985562,39.7568398663545,13.2686594,288.491,288.077,289.438,0.291429940967623+0i,0.000632465,20.8643910301661,552.76081877714,26.4179933620735,20.9250924931232,-9.9e+37,109.78,659.523,511.437
20260514175653.2,4196.87099978328,9.7877444,0.74281883,2.0026292,2.7313231,-0.000381678,-0.000715879,0.002411491,1.2104782,0.3759484,0.000635405,0.11178985,4.1311996,0.68498804,288.489,288.052,289.436,-42.22,NaN,NaN,NaN,-0.0499909789748756,445.735809694046,71.8866931433308,13.6997608,288.489,288.052,289.436,0.435247366178433+0i,0.000635405,20.8682746560289,552.486791374744,27.5663185289013,20.9237936750044,-9.9e+37,319.198,320.266,-9.9e+37
20260514175655.3,4199.0310061723,9.7880613,0.46441663,2.0027166,2.7320882,-0.000383748,-0.000719908,0.002389603,1.2105765,0.28200112,0.000636276,0.11550428,4.131604,0.70164564,288.478,288.063,289.417,-42.22,NaN,NaN,NaN,-0.0444615213108221,446.238618918076,44.0620592728198,14.0329128,288.478,288.063,289.417,0.305668897668299+0i,0.000636276,20.8727644739218,552.898458111684,27.5390397338547,20.9250924931232,-9.9e+37,574.055,597.93,-9.9e+37
20260514175657.5,4201.23100429773,9.7886734,0.58683627,2.0028259,2.7318258,-0.000381352,-0.000718165,0.002405829,1.2105437,0.43536262,0.000636494,-0.059964149,4.1302815,0.66099735,288.461,288.061,289.381,-42.28,NaN,NaN,NaN,-0.0375465359254292,446.066174609638,56.2971697049923,13.219947,288.461,288.061,289.381,0.346510887250759+0i,0.000636494,20.8580815259414,552.898458111684,28.3318686401203,20.9250333214549,-9.9e+37,131.37,327.497,-9.9e+37
20260514175659.7,4203.40600758791,9.7881269,0.58389105,2.0028915,2.7322958,-0.000382767,-0.000717948,0.002404086,1.2105765,0.24582247,0.000637038,-0.11918466,4.1307405,0.61414539,288.475,288.072,289.376,-42.28,NaN,NaN,NaN,-0.0333962793720701,446.375049704781,56.0028125908311,12.2829078,288.475,288.072,289.376,0.34597052431882+0i,0.000637038,20.8631775358642,553.723042852243,28.3592719958751,20.9250040045829,-9.9e+37,-9.9e+37,330.324,271.423
20260514175701.9,4205.56600391865,9.7881378,0.61824405,2.0028587,2.7323286,-0.000382659,-0.000721214,0.002415303,1.2104782,0.4391852,0.000634316,0.084472462,4.1314947,0.7016631,288.475,288.074,289.373,-42.31,NaN,NaN,NaN,-0.0354714076487426,446.396605243336,59.4361893649862,14.033262,288.475,288.074,289.373,0.347746005728268+0i,0.000634316,20.8715509796199,552.76081877714,28.3865507909218,20.9252990560379,1516.539,641.876,-9.9e+37,-9.9e+37
20260514175704,4207.71899968386,9.7879957,0.44332533,2.0026838,2.7316073,-0.000384836,-0.000719581,0.002431746,1.2104891,0.15461527,0.000637474,-0.1099727,4.1315493,0.63936479,288.472,288.072,289.392,-42.39,NaN,NaN,NaN,-0.0465366495874946,445.922580549449,41.9541100527593,12.7872958,288.472,288.072,289.392,0.327365546445616+0i,0.000637474,20.8721571716499,552.211512705667,28.3182915229509,20.923970652085,860.642,175.942,440.69,443.546
20260514175706.2,4209.87500287592,9.7886843,0.39975251,2.0028368,2.7312138,-0.000382005,-0.000719799,0.002412798,1.2105437,0.14873682,0.000631267,0.010413135,4.1302378,0.68982,288.494,288.072,289.387,-42.47,NaN,NaN,NaN,-0.0368569353700678,445.663979804898,37.5992674430182,13.7964,288.494,288.072,289.387,0.275250755028072+0i,0.000631267,20.857596350269,553.585403517705,29.452915011902,20.9252990560379,9.9e+37,646.511,549.407,558.489
20260514175708.4,4212.09400109947,9.7886734,0.47216873,2.0027931,2.7312138,-0.000383421,-0.000717185,0.002445031,1.2105219,0.2267838,0.000634316,-0.11643299,4.1302487,0.52860604,288.497,288.091,289.403,-42.46,NaN,NaN,NaN,-0.0396216642021017,445.663979804898,44.8368352775625,10.5721208,288.497,288.091,289.403,0.305460304963315+0i,0.000634316,20.8577173666266,553.447764183166,29.5485776356272,20.9251220789574,-9.9e+37,-9.9e+37,356.991,536.937
20260514175710.6,4214.34000581503,9.7888373,0.43819327,2.0029024,2.7310608,-0.000384945,-0.000717948,0.002384485,1.2104017,0.18833974,0.000632029,0.00535139,4.1309591,0.57860077,288.486,288.085,289.438,-42.48,NaN,NaN,NaN,-0.032706678816723,445.563431103714,41.4411913671258,11.5720154,288.486,288.085,289.438,0.278647337639129+0i,0.000632029,20.865604524468,552.898458111684,29.452915011902,20.9257124508295,9.9e+37,-9.9e+37,-9.9e+37,535.998
20260514175712.8,4216.50400534272,9.7886297,0.61461025,2.0027494,2.7305799,-0.00038451,-0.000715552,0.00242249,1.2105,0.33972938,0.000633663,0.15629139,4.1306313,0.72079346,288.481,288.08,289.433,-42.53,NaN,NaN,NaN,-0.0423863930341355,445.247392735087,59.073012800438,14.4158692,288.481,288.08,289.433,0.347966812107524+0i,0.000633663,20.8619651518042,553.447764183166,29.3161473545442,20.9252105674976,1366.855,741.191,236.65,-9.9e+37
20260514175715.1,4218.82400885224,9.7886843,0.51396393,2.0028368,2.7299788,-0.000383421,-0.00071773,0.002385248,1.2105328,0.11434015,0.000634969,-0.001026233,4.1308498,0.54721153,288.483,288.091,289.436,-42.58,NaN,NaN,NaN,-0.0368569353700678,444.852361203831,49.0140154059695,10.9442306,288.483,288.091,289.436,0.300034558197143+0i,0.000634969,20.8643910301661,552.76081877714,28.3592719958751,20.925859842076,-9.9e+37,364.036,107.157,373.174
20260514175717.3,4220.98400518298,9.788422,0.64429497,2.0026401,2.730088,-0.000383965,-0.000717621,0.002402126,1.2104891,0.16539226,0.000620704,0.033650909,4.130522,0.69202537,288.491,288.101,289.441,-42.7,NaN,NaN,NaN,-0.0493013784195284,444.924125374873,62.0398229245988,13.8405074,288.491,288.101,289.441,0.359075409713006+0i,0.000620704,20.8607516575023,552.76081877714,28.3455703179975,20.9251809816635,1209.606,891.379,636.589,454.501
20260514175719.4,4223.1450073421,9.7886187,0.66652551,2.0027385,2.7293776,-0.000382114,-0.000714681,0.002416283,1.2104344,0.43432814,0.000633554,-0.016926395,4.1308936,0.60317744,288.467,288.099,289.433,-42.7,NaN,NaN,NaN,-0.0430759935894969,444.457263954469,64.2616323651986,12.0635488,288.467,288.099,289.433,0.358632889569883+0i,0.000633554,20.8648773160803,552.486791374744,29.5348759577496,20.9253582277062,-9.9e+37,-9.9e+37,-9.9e+37,-9.9e+37
20260514175721.6,4225.30100047588,9.788422,0.51668654,2.0026292,2.7294213,-0.000383748,-0.000721977,0.00240572,1.2106093,0.43631199,0.000633227,0.087189076,4.130828,0.67703624,288.459,288.115,289.427,-42.74,NaN,NaN,NaN,-0.0499909789748756,444.485982766507,49.2861239827774,13.5407248,288.459,288.115,289.427,0.317000091880178+0i,0.000633227,20.8641489974508,540.951363873656,28.3592719958751,20.9255352047868,992.923,691.353,188.692,-9.9e+37
20260514175723.8,4227.49599963427,9.7887717,0.47418314,2.0029352,2.7293667,-0.00038745,-0.000723501,0.002340927,1.2104782,0.20059208,0.000636385,-0.11526825,4.1302596,0.62759915,288.483,288.118,289.419,-42.74,NaN,NaN,NaN,-0.0306315505400363,444.450100680986,45.0381635023937,12.551983,288.483,288.118,289.419,0.262687369640125+0i,0.000636385,20.8578383829843,552.76081877714,28.3729736737523,20.9267751201994,164.858,147.27,399.183,342.515
20260514175725.9,4229.65600602329,9.7888592,0.66568963,2.0029133,2.7297602,-0.000385272,-0.000722521,0.002384485,1.2105,0.2630781,0.000633663,0.11998597,4.1307187,0.71604115,288.478,288.112,289.43,-42.81,NaN,NaN,NaN,-0.0320170782613616,444.708701425537,64.1780911612868,14.320823,288.478,288.112,289.43,0.367929247286939+0i,0.000633663,20.862935503149,554.684015660665,29.0017561276136,20.9250333214549,9.9e+37,848.027,409.333,264.6
20260514175728.1,4231.82000555098,9.7888264,0.61267441,2.0030554,2.7288967,-0.000385708,-0.000718601,0.002381763,1.2105328,0.12053723,0.000633227,0.029711395,4.1303908,0.66155496,288.491,288.123,289.457,-42.87,NaN,NaN,NaN,-0.0230269645992962,444.141225585843,58.8795371769268,13.2310992,288.491,288.123,289.457,0.321755571408891+0i,0.000633227,20.8592950202433,553.447764183166,29.3298490324219,20.9260370881187,-9.9e+37,403.441,740.036,455.512
20260514175730.3,4233.97300131619,9.7888373,0.37857827,2.0029243,2.72917,-0.000383094,-0.000718819,0.002381001,1.2105437,0.40452882,0.000634425,-0.034478385,4.1307187,0.58700105,288.478,288.126,289.463,-42.9,NaN,NaN,NaN,-0.0313211510953977,444.320833167764,35.4830288662888,11.740021,288.478,288.126,289.463,0.244235198918602+0i,0.000634425,20.862935503149,553.036097446222,29.452915011902,20.9262732368676,-9.9e+37,-9.9e+37,-9.9e+37,116.797
20260514175732.4,4236.13700084388,9.7888701,0.64688664,2.0029461,2.7285579,-0.000382114,-0.000721323,0.002392979,1.2105,0.37091457,0.000631049,0.11263173,4.1310575,0.72438251,288.483,288.112,289.528,-42.93,NaN,NaN,NaN,-0.0299419499846891,443.918572644919,62.2988448319802,14.4876502,288.483,288.112,289.528,0.409829693713891+0i,0.000631049,20.8666970024123,551.662206634185,30.6148172958992,20.9235575262556,9.9e+37,763.367,335.742,-9.9e+37
20260514175734.6,4238.32800686359,9.7884438,0.68071149,2.0026401,2.7281426,-0.000385381,-0.00072067,0.002428697,1.2103798,0.42011487,0.000633336,0.001022201,4.1311012,0.63051711,288.459,288.099,289.531,-42.95,NaN,NaN,NaN,-0.0493013784195284,443.645645353402,65.6794361742,12.6103422,288.459,288.099,289.531,0.354938613362378+0i,0.000633336,20.8671821780847,553.310124848623,30.6285189737764,20.9255352047868,-9.9e+37,-9.9e+37,-9.9e+37,-9.9e+37
20260514175736.9,4240.60200378299,9.7887827,0.56034885,2.0028259,2.7280005,-0.000386252,-0.000720997,0.002419223,1.2105437,0.32862504,0.000636603,-0.00756876,4.130981,0.80812892,288.464,288.115,289.544,-42.96,NaN,NaN,NaN,-0.0375465359254292,443.5522599257,53.6499105824909,16.1625784,288.464,288.115,289.544,0.333773250182027+0i,0.000636603,20.8658476674251,553.310124848623,30.6148172958992,20.9250924931232,1163.092,803.931,599.487,-9.9e+37
20260514175739.1,4242.84800849855,9.7888264,0.50844776,2.0028259,2.7279896,-0.000383856,-0.000722303,0.002423143,1.2104891,0.45430091,0.000636058,-0.003724446,4.1309919,0.74617328,288.461,288.101,289.555,-42.98,NaN,NaN,NaN,-0.0375465359254292,443.545096652217,48.4627072244339,14.9234656,288.461,288.101,289.555,0.339949090662891+0i,0.000636058,20.8659686837828,552.898458111684,31.4761545915512,20.9242659725022,-9.9e+37,-9.9e+37,604.055,-9.9e+37
20260514175741.3,4245.00800482929,9.7884766,0.41345071,2.0027494,2.7274322,-0.00038843,-0.000717621,0.002396028,1.2104891,0.23120327,0.000635187,-0.1150705,4.1309373,0.62658758,288.481,288.107,289.569,-43.05,NaN,NaN,NaN,-0.0423863930341355,443.178783932998,38.9683205600016,12.5317516,288.481,288.107,289.569,0.261915975474055+0i,0.000635187,20.8653624917527,553.859430920105,30.6422206516536,20.9259779164504,799.016,-9.9e+37,202.432,410.64
20260514175743.5,4247.25800268352,9.7888482,0.41699066,2.0029789,2.7271917,-0.00038451,-0.000719145,0.00239091,1.2105547,0.21859408,0.000636494,0.00591882,4.1309263,0.57680679,288.483,288.118,289.596,-43.09,NaN,NaN,NaN,-0.0278668217080025,443.020731889633,39.3221173786686,11.5361358,288.483,288.118,289.596,0.277892726848009+0i,0.000636494,20.8652403651533,552.898458111684,31.462452913674,20.9253875445782,9.9e+37,-9.9e+37,-9.9e+37,493.634
20260514175745.7,4249.45700503886,9.7886406,0.4969571,2.0026838,2.7278147,-0.000385381,-0.000720126,0.002368478,1.2103907,0.25889432,0.000637692,-0.16532895,4.1315821,0.65325616,288.461,288.126,289.585,-43.13,NaN,NaN,NaN,-0.0465366495874946,443.430155685961,47.3142845200497,13.0651232,288.461,288.126,289.585,0.283448240602509+0i,0.000637692,20.8725213309647,552.898458111684,30.573836822975,20.9261847483273,9.9e+37,-9.9e+37,-9.9e+37,407.21
20260514175748.1,4251.77700854838,9.7886952,0.58486988,2.0028696,2.727465,-0.000385925,-0.00071871,0.002407571,1.2105437,0.1342049,0.000637365,-0.000580957,4.1314947,0.55600903,288.486,288.107,289.593,-43.16,NaN,NaN,NaN,-0.0347818070933954,443.200339471553,56.1006407917989,11.1201806,288.486,288.107,289.593,0.326786608031001+0i,0.000637365,20.8715509796199,543.148588159577,29.4801938069481,20.925830525204,9.9e+37,181.505,-9.9e+37,714.452
20260514175750.2,4253.94500121474,9.7880504,0.52461324,2.0029352,2.7281207,-0.000386034,-0.000720888,0.002437953,1.2105109,0.1160621,0.000638454,0.051510111,4.1309482,0.67541467,288.486,288.118,289.577,-43.17,NaN,NaN,NaN,-0.0306315505400363,443.63125308833,50.0783502126756,13.5082934,288.486,288.118,289.577,0.301011116950525+0i,0.000638454,20.8654835081104,541.774697347543,29.507597162703,20.926125576659,9.9e+37,581.675,294.236,723.476
20260514175752.4,4256.10900074244,9.7878646,0.63360637,2.0026401,2.7289623,-0.000384836,-0.000717185,0.002420639,1.2104344,0.15775148,0.000632465,0.086753606,4.1313854,0.68746622,288.502,288.104,289.62,-43.19,NaN,NaN,NaN,-0.0493013784195284,444.184336662953,60.9715613175125,13.7493244,288.502,288.104,289.62,0.358445154938236+0i,0.000632465,20.870337485318,541.500669945139,29.4801938069481,20.9252990560379,1231.283,564.728,442.336,550.868
20260514175754.6,4258.29300619662,9.7881269,0.4367965,2.0028805,2.7298148,-0.000388648,-0.00071871,0.002356608,1.2104344,0.18331354,0.000634969,0.11752886,4.131451,0.68512553,288.483,288.129,289.618,-43.25,NaN,NaN,NaN,-0.0340922065380482,444.744583511058,41.3015925642021,13.7025106,288.483,288.129,289.618,0.301052440110523+0i,0.000634969,20.8710658039475,542.049976016621,28.3865507909218,20.9250924931232,-9.9e+37,383.297,621.681,444.689
20260514175756.8,4260.47700159252,9.7881488,0.53739699,2.0029461,2.7303613,-0.000384292,-0.000717839,0.002420965,1.2104563,0.12668961,0.000632791,-0.023936216,4.1313526,0.63666291,288.502,288.129,289.61,-43.34,NaN,NaN,NaN,-0.0299419499846891,445.103732956793,51.3560095244273,12.7332582,288.502,288.129,289.61,0.330445413372405+0i,0.000632791,20.8699733260032,542.324003419026,28.3865507909218,20.9252694702038,-9.9e+37,-9.9e+37,616.964,592.771
20260514175758.9,4262.62900158763,9.7880067,0.58019287,2.0028805,2.7305908,-0.000386905,-0.000719799,0.002383832,1.2105109,0.14200612,0.000622555,0.016704795,4.1309373,0.63265046,288.481,288.112,289.552,-43.38,NaN,NaN,NaN,-0.0340922065380482,445.25455600857,55.6332016305469,12.6530092,288.481,288.112,289.552,0.322088711036792+0i,0.000622555,20.8653624917527,541.638309279682,28.4139541466766,20.9260075022845,79.248,-9.9e+37,451.409,712.703
20260514175801.1,4264.79700431228,9.7888482,0.60075491,2.0028805,2.7310936,-0.000387123,-0.000723392,0.002456247,1.2105765,0.40996969,0.000636494,0.11012855,4.1315275,0.68540271,288.483,288.112,289.58,-43.43,NaN,NaN,NaN,-0.0340922065380482,445.584986642268,57.6882544808146,13.7080542,288.483,288.112,289.58,0.332555016545759+0i,0.000636494,20.8719151389346,542.873309490499,28.4412329417228,20.925830525204,-9.9e+37,103.427,98.302,198.218
20260514175803.2,4266.95700064301,9.7887062,0.42438594,2.0028478,2.7312138,-0.000385054,-0.00072263,0.002410402,1.2105437,0.44258439,0.000635296,-0.054561199,4.1309373,0.65723478,288.467,288.126,289.566,-43.47,NaN,NaN,NaN,-0.036161008204104,445.663979804898,40.0612313597001,13.1446956,288.467,288.126,289.566,0.272858313546261+0i,0.000635296,20.8653624917527,541.089003208199,28.3865507909218,20.9260370881187,-9.9e+37,99.892,-9.9e+37,-9.9e+37
20260514175805.4,4269.1410060972,9.7892308,0.44497309,2.0026182,2.7314215,-0.000384836,-0.000721214,0.002386554,1.2105109,0.43996652,0.000635732,-0.012601174,4.1313635,0.67166303,288.472,288.112,289.558,-43.51,NaN,NaN,NaN,-0.0506869061408253,445.80047630971,42.1187938042041,13.4332606,288.472,288.112,289.558,0.28606063353+0i,0.000635732,20.8700943423609,540.951363873656,28.3729736737523,20.9258009393698,288.441,315.057,-9.9e+37,-9.9e+37
20260514175807.6,4271.30100242794,9.7891324,0.54172153,2.0026401,2.7318805,-0.000384292,-0.000715334,0.002405175,1.2105328,0.18394318,0.000633118,0.094460573,4.1310575,0.73594954,288.5,288.12,289.552,-43.52,NaN,NaN,NaN,-0.0493013784195284,446.102122413264,51.7882214184367,14.7189908,288.5,288.12,289.552,0.307985784218851+0i,0.000633118,20.8666970024123,541.500669945139,29.466492129071,20.9260666739528,9.9e+37,1010.461,613.391,262.702
20260514175809.8,4273.46500195563,9.7888264,0.68187258,2.0030117,2.7320991,-0.000384292,-0.000720234,0.00238797,1.2105328,0.42803174,0.000636385,-0.004421378,4.1311996,0.63914872,288.494,288.11,289.539,-43.52,NaN,NaN,NaN,-0.02579169343133,446.245782191559,65.7954801714842,12.7829744,288.494,288.11,289.539,0.369414438127014+0i,0.000636385,20.8682746560289,542.049976016621,28.3592719958751,20.9254171304124,-9.9e+37,351.908,248.23,-9.9e+37
20260514175812,4275.72699934244,9.7884111,0.59464402,2.0026292,2.7319242,-0.00038353,-0.000719145,0.002428152,1.2104782,0.36566247,0.000632465,-0.00759059,4.131604,0.76185969,288.461,288.11,289.498,-43.56,NaN,NaN,NaN,-0.0499909789748756,446.130841225302,57.0775075942133,15.2371938,288.461,288.11,289.498,0.351778282194572+0i,0.000632465,20.8727644739218,541.089003208199,27.5253380559775,20.9252105674976,-9.9e+37,528.415,691.235,-9.9e+37
20260514175814.3,4278.03900651634,9.7881378,0.48379578,2.0030226,2.7320882,-0.000384292,-0.000719254,0.002393741,1.2104454,0.13148338,0.000632465,-0.000471517,4.1311012,0.53713292,288.489,288.107,289.498,-43.65,NaN,NaN,NaN,-0.0251020928759687,446.238618918076,45.9988893462593,10.7426584,288.489,288.107,289.498,0.285757433710441+0i,0.000632465,20.8671821780847,541.089003208199,29.4938954848258,20.9262436510334,-9.9e+37,-9.9e+37,104.911,484.102
20260514175816.6,4280.31600080431,9.7880285,0.58832035,2.0029133,2.7317493,-0.000383748,-0.000715987,0.002408987,1.2104672,0.20820886,0.000629307,0.00526627,4.1311122,0.54133196,288.494,288.096,289.517,-43.7,NaN,NaN,NaN,-0.0320170782613616,446.015900259046,56.4454946199338,10.8266392,288.494,288.096,289.517,0.322273275416082+0i,0.000629307,20.8673043046841,542.049976016621,29.4392133340243,20.9260370881187,9.9e+37,287.663,-9.9e+37,527.175
20260514175818.8,4282.47299976647,9.7881269,0.56333227,2.0029024,2.7316838,-0.000386579,-0.000720234,0.002451674,1.2105328,0.29613148,0.000616021,-0.17104589,4.13144,0.61762205,288.481,288.091,289.474,-43.7,NaN,NaN,NaN,-0.032706678816723,445.972854900042,53.9480855580549,12.352441,288.481,288.091,289.474,0.303791198129929+0i,0.000616021,20.870943677348,542.736921422637,30.5601351450978,20.9263617254079,1612.834,141.289,-9.9e+37,442.485
20260514175821,4284.66400578618,9.7878864,0.7042024,2.002651,2.7314761,-0.00038647,-0.00071773,0.002429459,1.2105219,0.26049079,0.000637365,0.17098263,4.1314947,0.70372881,288.472,288.074,289.528,-43.7,NaN,NaN,NaN,-0.0486117778641528,445.83635839523,68.0272120539708,14.0745762,288.472,288.074,289.528,0.356105401241272+0i,0.000637365,20.8715509796199,542.18761535116,29.8082867117564,20.9259485995784,9.9e+37,912.716,257.012,337.29
20260514175823.2,4286.96100600064,9.7887608,0.78828709,2.0027275,2.7310608,-0.000386252,-0.000720888,0.002410511,1.2105,0.1564889,0.000637583,-0.000386905,4.1309701,0.54442451,288.494,288.077,289.517,-43.72,NaN,NaN,NaN,-0.0437719207554323,445.563431103714,76.4309736383456,10.8884902,288.494,288.077,289.517,0.380934477750128+0i,0.000637583,20.8657266510675,542.46164275356,29.4801938069481,20.925859842076,-9.9e+37,-9.9e+37,195.093,600.74
20260514175825.4,4289.12500552833,9.7885859,0.69000878,2.002651,2.7308313,-0.000386688,-0.000710216,0.00239581,1.2105328,0.13416016,0.000634643,-0.099403796,4.1313635,0.62069167,288.494,288.058,289.52,-43.77,NaN,NaN,NaN,-0.0486117778641528,445.412608051937,66.6086446726888,12.4138334,288.494,288.058,289.52,0.360209067267537+0i,0.000634643,20.8700943423609,542.324003419026,30.6148172958992,20.9256828649954,9.9e+37,219.411,287.016,712.159
20260514175827.6,4291.30500778556,9.788422,0.49345535,2.0026401,2.7307001,-0.000385817,-0.000709998,0.002470404,1.2105437,0.43853701,0.000635405,-0.005562603,4.1311559,0.60129398,288.461,288.055,289.528,-43.88,NaN,NaN,NaN,-0.0493013784195284,445.326385897718,46.9643055627855,12.0258796,288.461,288.055,289.528,0.283385901559268+0i,0.000635405,20.8677894803565,541.774697347543,29.5211742798724,20.9264208970761,759.772,-9.9e+37,-9.9e+37,297.763
20260514175829.8,4293.48100684583,9.788422,0.55980542,2.0026401,2.7301536,-0.000385708,-0.000712938,0.002424559,1.2105219,0.3766086,0.000637692,0.11250268,4.1311122,0.73343425,288.475,288.05,289.558,-43.95,NaN,NaN,NaN,-0.0493013784195284,444.967236451982,53.5955980059945,14.668685,288.475,288.05,289.558,0.324633797573527+0i,0.000637692,20.8673043046841,540.26441846764,29.4392133340243,20.9257124508295,9.9e+37,881.324,183.636,76.71
20260514175831.9,4295.63699997962,9.7880504,0.69170128,2.0027166,2.7304706,-0.000387777,-0.000714572,0.00242249,1.2103907,0.36061663,0.000634207,0.10298251,4.131593,0.70036672,288.483,288.044,289.558,-43.98,NaN,NaN,NaN,-0.0444615213108221,445.17556284594,66.7777999193996,14.0073344,288.483,288.044,289.558,0.354254419331363+0i,0.000634207,20.8726423473223,542.18761535116,29.4255116561471,20.9259190137443,-9.9e+37,719.251,405.305,-9.9e+37
20260514175834.1,4297.81300909817,9.7884111,0.49225935,2.0026401,2.730088,-0.000385272,-0.000711305,0.002398206,1.2105,0.18536178,0.000630831,-0.11489028,4.1311887,0.61251837,288.489,288.058,289.552,-44.01,NaN,NaN,NaN,-0.0493013784195284,444.924125374873,46.8447725199103,12.2503674,288.489,288.058,289.552,0.305827280631144+0i,0.000630831,20.8681536396713,540.951363873656,28.3865507909218,20.9256532791612,-9.9e+37,-9.9e+37,438.631,361.256
20260514175836.3,4299.98100176454,9.7882253,0.64055642,2.0026838,2.7304159,-0.000383856,-0.000710978,0.002391237,1.2104563,0.27788391,0.000637474,-0.11632976,4.1315712,0.62667488,288.475,288.047,289.555,-44.05,NaN,NaN,NaN,-0.0465366495874946,445.139615042314,61.6661772243974,12.5334976,288.475,288.047,289.555,0.330847016294039+0i,0.000637474,20.872400314607,541.500669945139,27.5116363780999,20.9263028227017,1186.174,-9.9e+37,-9.9e+37,510.86
20260514175838.4,4302.16000825167,9.7884329,0.62858999,2.0026292,2.7301099,-0.000383965,-0.000712721,0.002458643,1.2105765,0.37684103,0.000635514,0.11267485,4.1305657,0.6950939,288.481,288.047,289.569,-44.08,NaN,NaN,NaN,-0.0499909789748756,444.938517639944,60.4702041556246,13.901878,288.481,288.047,289.569,0.3336868108469+0i,0.000635514,20.8612368331747,540.67733647126,27.5116363780999,20.926125576659,9.9e+37,728.592,-9.9e+37,169.236
20260514175840.6,4304.35900054872,9.7888045,0.56211773,2.002804,2.7304924,-0.000385272,-0.000712067,0.002426301,1.2106202,0.40861765,0.000631811,0.075599983,4.1315712,0.70085668,288.467,288.052,289.58,-44.16,NaN,NaN,NaN,-0.0389320636467545,445.189889392907,53.8266995531271,14.0171336,288.467,288.052,289.58,0.326814406007091+0i,0.000631811,20.872400314607,542.46164275356,27.5390397338547,20.9256828649954,-9.9e+37,589.528,284.418,-9.9e+37
20260514175842.8,4306.52300007641,9.7888155,0.65106497,2.0028696,2.7304597,-0.000385708,-0.000713374,0.002430004,1.2104672,0.22348719,0.000637692,0.1079049,4.1308061,0.72772712,288.475,288.061,289.558,-44.23,NaN,NaN,NaN,-0.0347818070933954,445.168399572457,62.7164439114421,14.5545424,288.475,288.061,289.558,0.337193911296609+0i,0.000637692,20.8639058544937,541.774697347543,27.4843575830532,20.9261847483273,-9.9e+37,838.284,702.369,110.751
20260514175845,4308.68800543249,9.7878646,0.63277377,2.0026292,2.7301208,-0.00038549,-0.000714354,0.002409205,1.2104672,0.41502317,0.00063584,-0.020670441,4.1312214,0.60426649,288.453,288.031,289.525,-44.26,NaN,NaN,NaN,-0.0499909789748756,444.945680913427,60.8883479299725,12.0853298,288.453,288.031,289.525,0.341734858883046+0i,0.00063584,20.8685166887442,543.010948825042,27.5390397338547,20.925859842076,-9.9e+37,-9.9e+37,176.882,-9.9e+37
20260514175847.3,4310.96900291741,9.7881378,0.48637108,2.0029461,2.7309406,-0.000386034,-0.000715334,0.002411382,1.2104782,0.29630717,0.00063584,-0.00759932,4.1309154,0.7750352,288.475,288.02,289.501,-44.29,NaN,NaN,NaN,-0.0299419499846891,445.484437941083,46.2562751701023,15.500704,288.475,288.02,289.501,0.303358819315097+0i,0.00063584,20.8651193487956,543.28622749412,27.4433771101294,20.9256532791612,1038.889,760.119,621.117,-9.9e+37
20260514175849.5,4313.23100030422,9.787952,0.55027134,2.0027822,2.7305689,-0.000387123,-0.000710978,0.002405938,1.2104017,0.1564769,0.000634643,-0.004361704,4.1313417,0.67683545,288.47,288.017,289.482,-44.3,NaN,NaN,NaN,-0.0403112647574631,445.240163743499,52.6427237640088,13.536709,288.47,288.017,289.482,0.317456999841163+0i,0.000634643,20.8698523096456,543.835533565602,26.4316950399507,20.9258894279101,-9.9e+37,623.991,581.668,136.637
20260514175851.8,4315.48800878227,9.7880832,0.60026823,2.0027822,2.7311154,-0.000386905,-0.000712938,0.002453416,1.2105109,0.22563801,0.000638236,0.00598648,4.1310903,0.55403826,288.478,288.004,289.487,-44.39,NaN,NaN,NaN,-0.0403112647574631,445.599313189235,57.6396137272139,11.0807652,288.478,288.004,289.487,0.354840668596953+0i,0.000638236,20.867061161727,541.226642542738,26.404416244904,20.9252105674976,-9.9e+37,-9.9e+37,268.344,323.554
20260514175854,4317.67200417817,9.788116,0.56735782,2.0030663,2.7313887,-0.00038647,-0.000711849,0.0024067,1.2105219,0.30841435,0.000632791,0.15663295,4.1310356,0.68798237,288.478,287.99,289.479,-44.44,NaN,NaN,NaN,-0.0223373640439348,445.778920771155,54.3504151907856,13.7596474,288.478,287.99,289.479,0.329359338813367+0i,0.000632791,20.8664538594552,542.46164275356,27.5116363780999,20.9256532791612,620.775,789.349,384.63,-9.9e+37
20260514175856.1,4319.85200643539,9.7878537,0.56407867,2.0026947,2.7312247,-0.000387994,-0.000714463,0.002387861,1.2105328,0.33651244,0.000630613,0.13782016,4.1310247,0.68866766,288.489,287.971,289.46,-44.43,NaN,NaN,NaN,-0.045847049032119,445.671143078382,54.0226837714345,13.7733532,288.489,287.971,289.46,0.276561969367644+0i,0.000630613,20.8663328430975,542.46164275356,28.400252468799,20.9273654920716,-9.9e+37,704.073,507.492,-9.9e+37
20260514175858.3,4322.03100286424,9.7873728,0.44874328,2.0029898,2.7318914,-0.000387014,-0.000714572,0.002393524,1.2104782,0.23986545,0.000630287,-0.16537478,4.1309591,0.61340117,288.47,287.955,289.449,-44.45,NaN,NaN,NaN,-0.0271772211526553,446.109285686747,42.4956017330648,12.2680234,288.47,287.955,289.449,0.279321165181277+0i,0.000630287,20.865604524468,534.497330350434,28.400252468799,20.9262436510334,-9.9e+37,-9.9e+37,531.965,284.88
20260514175900.6,4324.31600354612,9.7879083,0.70210286,2.0026947,2.732263,-0.000387668,-0.000713265,0.002435993,1.2105765,0.13734984,0.000633336,-0.000584551,4.1310138,0.52276141,288.478,287.944,289.463,-44.52,NaN,NaN,NaN,-0.045847049032119,446.353494166226,67.8173755950761,10.4552282,288.478,287.944,289.463,0.340788444786814+0i,0.000633336,20.8662118267399,533.672745609879,28.3455703179975,20.9266274599909,1623.044,-9.9e+37,-9.9e+37,660.202
20260514175902.8,4326.5000090003,9.7885422,0.5169037,2.0026729,2.7318477,-0.000388648,-0.000715879,0.002400166,1.2104891,0.39414358,0.000632574,-0.078506068,4.1303143,0.60555305,288.459,287.925,289.425,-44.6,NaN,NaN,NaN,-0.047226250142856,446.08056687471,49.3078278252446,12.111061,288.459,287.925,289.425,0.249156790327966+0i,0.000632574,20.8584456852561,542.599282088103,28.3592719958751,20.9278966922755,1571.94,116.667,-9.9e+37,324.807
20260514175905,4328.6840043962,9.7895368,0.54321433,2.0030663,2.7326346,-0.000387014,-0.000714027,0.002435993,1.2104782,0.12679764,0.000613517,0.037171068,4.1303908,0.6961633,288.491,287.919,289.449,-44.64,NaN,NaN,NaN,-0.0223373640439348,446.597702645706,51.9374178451959,13.923266,288.491,287.919,289.449,0.30467411689274+0i,0.000613517,20.8592950202433,542.599282088103,28.400252468799,20.9262140651993,9.9e+37,710.269,403.926,599.743
20260514175907.2,4330.89500628412,9.7892089,0.65740828,2.0026292,2.7326674,-0.00039137,-0.000712394,0.00240768,1.2105,0.29699464,0.000632574,0.1178832,4.1306094,0.70918605,288.486,287.903,289.457,-44.7,NaN,NaN,NaN,-0.0499909789748756,446.61925818426,63.3504197861915,14.183721,288.486,287.903,289.457,0.285008889240987+0i,0.000632574,20.861722008847,542.736921422637,28.4549346196004,20.9278082037352,328.548,641.519,403.407,302.002
20260514175909.3,4333.05900581181,9.789351,0.5791562,2.002662,2.732263,-0.00039137,-0.000711958,0.002389277,1.2104672,0.12906194,0.000630287,0.015516526,4.1308171,0.68592759,288.502,287.87,289.417,-44.71,NaN,NaN,NaN,-0.0479158506982031,446.353494166226,55.5295926677063,13.7185518,288.502,287.87,289.417,0.291197413859655+0i,0.000630287,20.8640279810932,540.951363873656,27.5390397338547,20.9270701716545,-9.9e+37,304.668,711.2,479.746
20260514175911.6,4335.313006863,9.7892198,0.67709298,2.002651,2.7320663,-0.000392459,-0.000714027,0.002433379,1.2103907,0.31030763,0.000633554,-0.00771171,4.1307843,0.72389145,288.481,287.887,289.4,-44.74,NaN,NaN,NaN,-0.0486117778641528,446.224226653004,65.3177877536531,14.477829,288.481,287.887,289.4,0.336399110948389+0i,0.000633554,20.8636638217784,532.024827395436,27.5116363780999,20.9266274599909,-9.9e+37,81.059,634.641,116.44
20260514175913.9,4337.59800754488,9.7894931,0.84055043,2.0030008,2.7319023,-0.000389519,-0.000713047,0.002375991,1.2104891,0.14009865,0.000631158,-0.000408576,4.1305438,0.52263701,288.51,287.884,289.395,-44.72,NaN,NaN,NaN,-0.0264812939866772,446.11644896023,81.6543817161195,10.4527402,288.51,287.884,289.395,0.337221788808498+0i,0.000631158,20.8609936902176,534.085663613495,26.4316950399507,20.9276901293608,-9.9e+37,-9.9e+37,-9.9e+37,536.556
20260514175916.1,4339.78500030935,9.7891105,0.55017095,2.002651,2.7312794,-0.000392459,-0.000713047,0.002425648,1.2104563,0.30031198,0.000633009,0.11699821,4.1310684,0.7237365,288.464,287.889,289.379,-44.78,NaN,NaN,NaN,-0.0486117778641528,445.707090882008,52.6326903842644,14.47473,288.464,287.889,289.379,0.296586519725864+0i,0.000633009,20.8668180187699,541.089003208199,26.4726755128745,20.926657045825,1446.116,732.564,387.85,227.819
20260514175918.3,4341.97700209916,9.7895149,0.76859586,2.0028259,2.7317165,-0.00038745,-0.000712176,0.002427826,1.2103907,0.42930629,0.000632682,-0.016167939,4.1315275,0.65612063,288.47,287.917,289.36,-44.83,NaN,NaN,NaN,-0.0375465359254292,445.994344720491,74.4629530364609,13.1224126,288.47,287.917,289.36,0.365063901953479+0i,0.000632682,20.8719151389346,534.3596910159,26.3770128891492,20.9264502139481,-9.9e+37,329.032,258.568,-9.9e+37
20260514175920.4,4344.14900802076,9.7894275,0.61127328,2.0029024,2.7306017,-0.000388757,-0.000711632,0.002408116,1.2105,0.44175287,0.000632356,-0.01000151,4.1302596,0.64398506,288.464,287.911,289.332,-44.9,NaN,NaN,NaN,-0.032706678816723,445.261719282053,58.7395026180943,12.8797012,288.464,287.911,289.332,0.31355527577916+0i,0.000632356,20.8578383829843,532.849412135996,25.3107732288772,20.9268636087397,-9.9e+37,275.569,-9.9e+37,-9.9e+37
20260514175922.6,4346.32400125265,9.7894603,0.56940278,2.0029243,2.7306236,-0.000386579,-0.000713483,0.002418678,1.2104672,0.30186261,0.000638236,0.11239248,4.1302596,0.72778932,288.464,287.944,289.319,-44.91,NaN,NaN,NaN,-0.0313211510953977,445.276111547125,54.5547967052989,14.5557864,288.464,287.944,289.319,0.310273031735912+0i,0.000638236,20.8578383829843,532.437745399057,25.3380520239239,20.9265978741567,1396.169,994.789,411.594,-9.9e+37
20260514175924.8,4348.49600717425,9.7893619,0.57558132,2.0026729,2.7302848,-0.000381461,-0.000713265,0.002428261,1.2104344,0.4251127,0.000611883,-0.006518489,4.1307843,0.63028577,288.472,287.957,289.319,-44.93,NaN,NaN,NaN,-0.047226250142856,445.053458606201,55.1723048045679,12.6057154,288.472,287.957,289.319,0.32190822854565+0i,0.000611883,20.8636638217784,536.55691530182,25.3380520239239,20.9261847483273,-9.9e+37,292.003,168.977,-9.9e+37
20260514175926.9,4350.64900293946,9.7895587,0.49766858,2.0029352,2.7303831,-0.000381134,-0.000713156,0.002373705,1.2104235,0.43403569,0.000635623,-0.002217986,4.1307078,0.63200336,288.475,287.971,289.321,-44.91,NaN,NaN,NaN,-0.0306315505400363,445.118059503759,47.3853926883982,12.6400672,288.475,287.971,289.321,0.317742031312857+0i,0.000635623,20.8628144867913,541.363030610604,25.3107732288772,20.9253875445782,608.834,416.345,-9.9e+37,-9.9e+37
20260514175929.1,4352.81300246716,9.7887171,0.7286132,2.0026947,2.7303941,-0.000383203,-0.000713156,0.002442418,1.2103579,0.13905216,0.000637909,-0.001392775,4.1308608,0.69741058,288.494,287.966,289.327,-44.97,NaN,NaN,NaN,-0.045847049032119,445.125288495348,70.4669254344192,13.9482116,288.494,287.966,289.327,0.333324276604494+0i,0.000637909,20.8645131567656,542.736921422637,25.3107732288772,20.92695209728,9.9e+37,1032.598,612.063,368.398
20260514175931.3,4354.97300885618,9.7895149,0.60113684,2.002804,2.7304815,-0.000382332,-0.000711958,0.002439151,1.2104672,0.1215237,0.00063388,-0.074424348,4.1315384,0.62874385,288.494,287.957,289.302,-45.05,NaN,NaN,NaN,-0.0389320636467545,445.182726119423,57.7264260987622,12.574877,288.494,287.957,289.302,0.270113710325057+0i,0.00063388,20.8720361552923,542.049976016621,26.4590983957055,20.9279558639438,-9.9e+37,-9.9e+37,544.542,595.611
20260514175933.4,4357.1450047195,9.7900614,0.43011927,2.0027822,2.7299569,-0.000385817,-0.000712503,0.002394068,1.210347,0.17245252,0.000635949,0.09245842,4.1309373,0.66018764,288.489,287.976,289.316,-45.12,NaN,NaN,NaN,-0.0403112647574631,444.83796893876,40.6342433837028,13.2037528,288.489,287.976,289.316,0.225746796032326+0i,0.000635949,20.8653624917527,533.810384944418,26.4316950399507,20.9281624268585,493.543,496.333,545.669,504.813
20260514175935.6,4359.32000800967,9.7893401,0.49250269,2.0027822,2.7299569,-0.00038255,-0.00070978,0.002387643,1.2104235,0.1284454,0.000631158,-0.038491508,4.1302487,0.63559896,288.483,287.982,289.297,-45.21,NaN,NaN,NaN,-0.0403112647574631,444.83796893876,46.8690928967107,12.7119792,288.483,287.982,289.297,0.287300844250077+0i,0.000631158,20.8577173666266,533.948024278961,26.4726755128745,20.9265389714506,-9.9e+37,-9.9e+37,567.428,637.784
20260514175937.8,4361.50800660253,9.7892854,0.49813453,2.0027385,2.7299569,-0.000383094,-0.000712503,0.002436211,1.2104126,0.29279338,0.000635732,-0.11659851,4.1309591,0.5948579,288.464,288.004,289.324,-45.19,NaN,NaN,NaN,-0.0430759935894969,444.83796893876,47.4319616025517,11.897158,288.464,288.004,289.324,0.252191475164914+0i,0.000635732,20.865604524468,533.810384944418,26.3907145670269,20.9278671064414,-9.9e+37,-9.9e+37,-9.9e+37,524.342
20260514175940,4363.69100622833,9.788575,0.38828259,2.0026401,2.7301318,-0.000387341,-0.000713047,0.002387534,1.2103907,0.28760568,0.000632029,-0.1080348,4.1312433,0.62395663,288.467,287.99,289.335,-45.19,NaN,NaN,NaN,-0.0493013784195284,444.952909905016,36.4529175775212,12.4791326,288.467,287.99,289.335,0.225094529879342+0i,0.000632029,20.8687598317013,533.948024278961,27.5253380559775,20.9276605435266,9.9e+37,-9.9e+37,-9.9e+37,579.961
20260514175942.1,4365.85900895298,9.7891324,0.49116485,2.0026292,2.7301208,-0.000388974,-0.000714136,0.002394721,1.2105328,0.44726139,0.00063584,-0.031152283,4.1309045,0.63467578,288.453,287.99,289.354,-45.26,NaN,NaN,NaN,-0.0499909789748756,444.945680913427,46.7353837946371,12.6935156,288.453,287.99,289.354,0.253528305099967+0i,0.00063584,20.864998332438,533.536357542013,28.3182915229509,20.9276901293608,9.9e+37,-9.9e+37,-9.9e+37,235.253
20260514175944.3,4368.04700754583,9.789351,0.76298911,2.0026729,2.7302957,-0.000390717,-0.000711305,0.002457119,1.2103907,0.44140258,0.000623753,0.080218243,4.1307952,0.70238003,288.467,287.995,289.376,-45.31,NaN,NaN,NaN,-0.047226250142856,445.060621879684,73.9025919259758,14.0476006,288.467,287.995,289.376,0.310865454539519+0i,0.000623753,20.8637848381361,532.987051470539,28.3865507909218,20.9279262781096,9.9e+37,739.603,-9.9e+37,-9.9e+37
20260514175946.5,4370.21900340915,9.7895914,0.54064776,2.0028259,2.7299569,-0.00039137,-0.000709345,0.002412254,1.2105437,0.18321096,0.00063486,-0.096011062,4.1302269,0.66001087,288.467,288.004,289.389,-45.35,NaN,NaN,NaN,-0.0375465359254292,444.83796893876,51.6809045326106,13.2002174,288.467,288.004,289.389,0.283895274388857+0i,0.00063486,20.8574753339113,533.123439538397,27.5663185289013,20.9271293433227,1399.404,300.779,326.334,339.951
20260514175948.7,4372.38700613379,9.789657,0.5206357,2.0028478,2.7293558,-0.000390826,-0.000710107,0.002419005,1.2103689,0.42639926,0.000634207,-0.00843396,4.1308498,0.63213649,288.451,288.001,289.433,-45.41,NaN,NaN,NaN,-0.036161008204104,444.442937407503,49.6808188921426,12.6427298,288.451,288.001,289.433,0.269771099796904+0i,0.000634207,20.8643910301661,534.908997087378,27.5253380559775,20.9273948089436,1416.157,-9.9e+37,-9.9e+37,166.049
20260514175950.8,4374.54299926758,9.7892964,0.58682754,2.0027275,2.7293339,-0.000390499,-0.00071076,0.002404522,1.2105219,0.44212061,0.000633554,0.04283745,4.1309482,0.67027825,288.464,287.998,289.463,-45.46,NaN,NaN,NaN,-0.0437719207554323,444.428545142431,56.2962971937345,13.405565,288.464,287.998,289.463,0.291238984797104+0i,0.000633554,20.8654835081104,534.085663613495,27.5390397338547,20.9272767345692,9.9e+37,689.656,-9.9e+37,-9.9e+37
20260514175953,4376.70700885355,9.7894822,0.5045488,2.0030445,2.7294869,-0.00038745,-0.00070978,0.002420203,1.2102924,0.10668954,0.000633445,0.04908653,4.1310794,0.69827592,288.5,287.993,289.441,-45.48,NaN,NaN,NaN,-0.0237165651546434,444.529093843616,48.073029504661,13.9655184,288.5,287.993,289.441,0.266257845912227+0i,0.000633445,20.8669401453694,533.810384944418,28.0858612418683,20.9273654920716,9.9e+37,729.148,561.613,468.299
20260514175955.2,4378.88300791383,9.7892526,0.65570051,2.0026947,2.7293448,-0.000386579,-0.000713918,0.002449278,1.2104782,0.11709113,0.000636712,0.018011326,4.1309919,0.65172735,288.478,287.993,289.441,-45.47,NaN,NaN,NaN,-0.045847049032119,444.435708415915,63.1797383943597,13.034547,288.478,287.993,289.441,0.268202784363044+0i,0.000636712,20.8659686837828,533.398718207478,28.3865507909218,20.9285166499818,412.573,442.967,583.073,548.601
20260514175957.4,4381.06300011277,9.789504,0.540196,2.0030445,2.7294323,-0.000387014,-0.000714354,0.002397226,1.2103689,0.42829582,0.000638345,-0.013278503,4.1310575,0.60539045,288.456,287.995,289.419,-45.59,NaN,NaN,NaN,-0.0237165651546434,444.493211758096,51.635753824041,12.107809,288.456,287.995,289.419,0.248943122153918+0i,0.000638345,20.8666970024123,533.948024278961,27.6074235625338,20.9283100870671,-9.9e+37,-9.9e+37,-9.9e+37,-9.9e+37
20260514175959.5,4383.23800340295,9.7884329,0.56999095,2.0026292,2.7300662,-0.000387668,-0.000711741,0.002387317,1.2104672,0.23806492,0.000636603,-0.11291188,4.1311996,0.6395132,288.483,287.998,289.403,-45.63,NaN,NaN,NaN,-0.0499909789748756,444.909798827907,54.6135807770614,12.790264,288.483,287.998,289.403,0.287895785807366+0i,0.000636603,20.8682746560289,533.810384944418,27.5663185289013,20.9272474176972,1636.953,-9.9e+37,185.948,417.383
20260514180001.7,4385.40200293064,9.7887499,0.62677091,2.0027494,2.7304597,-0.000386579,-0.000710652,0.00239581,1.2104782,0.21601442,0.000634534,-0.099951316,4.131593,0.63375696,288.467,287.968,289.395,-45.64,NaN,NaN,NaN,-0.0423863930341355,445.168399572457,60.2883979953961,12.6751392,288.467,287.968,289.395,0.295325606579094+0i,0.000634534,20.8726423473223,533.536357542013,27.5116363780999,20.927483566446,9.9e+37,-9.9e+37,-9.9e+37,608.016
20260514180003.9,4387.59000152349,9.7886297,0.4565663,2.002662,2.7303176,-0.000385272,-0.000710216,0.002455158,1.2104454,0.45567367,0.000635078,-0.057046518,4.1315056,0.63481,288.461,287.99,289.37,-45.66,NaN,NaN,NaN,-0.0479158506982031,445.075014144755,43.2774657674068,12.6962,288.461,287.99,289.37,0.228866975765884+0i,0.000635078,20.8716719959775,533.810384944418,28.3455703179975,20.9282509153988,9.9e+37,79.755,-9.9e+37,242.564
20260514180006,4389.75400105119,9.7887936,0.68124074,2.0030117,2.7300443,-0.000382223,-0.000712176,0.00241857,1.2104344,0.20935792,0.000634969,-0.10007774,4.1302815,0.57606364,288.491,287.985,289.373,-45.65,NaN,NaN,NaN,-0.02579169343133,444.895406562835,65.7323315445526,11.5212728,288.491,287.985,289.373,0.276551667516653+0i,0.000634969,20.8580815259414,533.398718207478,27.5116363780999,20.9284574783135,9.9e+37,310.262,216.347,441.071
20260514180008.2,4391.9060010463,9.7884111,0.51771121,2.0026401,2.7306455,-0.000381025,-0.000710543,0.002434686,1.2104563,0.14736405,0.000634316,0.021262293,4.1304455,0.6745526,288.478,287.979,289.384,-45.68,NaN,NaN,NaN,-0.0493013784195284,445.290503812197,49.3885336174286,13.491052,288.478,287.979,289.384,0.258501305597257+0i,0.000634316,20.8599023225151,534.085663613495,27.5663185289013,20.9277786179011,9.9e+37,109.398,226.025,665.901
20260514180010.4,4394.08200010657,9.788728,0.56281393,2.0029243,2.7306127,-0.000379392,-0.000711632,0.002410185,1.2104672,0.44992072,0.00063682,0.047024593,4.1304455,0.64882466,288.461,287.974,289.381,-45.66,NaN,NaN,NaN,-0.0313211510953977,445.268948273642,53.8962805769145,12.9764932,288.461,287.974,289.381,0.279898965320753+0i,0.00063682,20.8599023225151,533.810384944418,27.5390397338547,20.9274539806119,1093.338,226.01,-9.9e+37,192.229
20260514180012.6,4396.2620023638,9.7885531,0.59761653,2.0026838,2.7312029,-0.000378956,-0.000713265,0.002420421,1.2104891,0.42188048,0.000638672,0.092384153,4.1309701,0.6968104,288.475,287.979,289.408,-45.78,NaN,NaN,NaN,-0.0465366495874946,445.656816531415,57.3745921805651,13.936208,288.475,287.979,289.408,0.268309292784978+0i,0.000638672,20.8657266510675,533.672745609879,26.4316950399507,20.9281624268585,1103.183,655.433,-9.9e+37,-9.9e+37
20260514180014.7,4398.44100885093,9.788575,0.52311497,2.0026292,2.731487,-0.000377976,-0.000712067,0.002416936,1.2104235,0.43280697,0.000635732,-0.039581552,4.1306531,0.68489747,288.453,287.971,289.427,-45.82,NaN,NaN,NaN,-0.0499909789748756,445.843521668714,49.9286070921501,13.6979494,288.453,287.971,289.427,0.257217427890459+0i,0.000635732,20.8622071845194,533.398718207478,26.4316950399507,20.9279262781096,-9.9e+37,625.361,-9.9e+37,-9.9e+37
20260514180016.9,4400.61300471425,9.7877334,0.50886788,2.002662,2.7318586,-0.000378629,-0.000711958,0.002404522,1.2104235,0.12960756,0.000627782,0.012876028,4.1303252,0.72430176,288.478,287.955,289.422,-45.86,NaN,NaN,NaN,-0.0479158506982031,446.087730148193,48.5046957043442,14.4860352,288.478,287.955,289.422,0.248508761424684+0i,0.000627782,20.8585667016137,533.398718207478,26.4453967178283,20.9281032551902,1131.524,914.529,672.723,282.459
20260514180019.1,4402.82400660217,9.7886843,0.63773449,2.0026838,2.7322193,-0.000381461,-0.000711196,0.002410729,1.2104891,0.19768721,0.000636385,0.11475518,4.1308498,0.67826387,288.486,287.941,289.433,-45.97,NaN,NaN,NaN,-0.0465366495874946,446.324775354189,61.384142207942,13.5652774,288.486,287.941,289.433,0.251568451662152+0i,0.000636385,20.8643910301661,534.771357752839,26.4316950399507,20.9289593616454,-9.9e+37,612.862,682.6,247.978
20260514180021.4,4405.07800765336,9.7885531,0.42958019,2.0027166,2.7318477,-0.000377976,-0.000715225,0.002394286,1.2104454,0.38775004,0.000635296,-0.00691512,4.1314072,0.7436427,288.472,287.974,289.446,-46.06,NaN,NaN,NaN,-0.0444615213108221,446.08056687471,40.5803655636751,14.872854,288.472,287.974,289.446,0.205707483007955+0i,0.000635296,20.8705795180333,533.948024278961,26.4316950399507,20.9289297758113,-9.9e+37,-9.9e+37,746.59,-9.9e+37
20260514180023.7,4407.38700740039,9.7879411,0.51305492,2.0027713,2.7324379,-0.000379174,-0.000713374,0.002402562,1.2105328,0.44036372,0.000636494,-0.001183913,4.1315821,0.75692406,288.472,287.949,289.449,-46.1,NaN,NaN,NaN,-0.0410008653128102,446.468435132483,48.9231652961836,15.1384812,288.472,287.949,289.449,0.254425461909274+0i,0.000636494,20.8725213309647,533.948024278961,27.1152842053216,20.9278966922755,-9.9e+37,-9.9e+37,624.451,-9.9e+37
20260514180025.9,4409.60600562394,9.7878537,0.64619152,2.0027057,2.7324488,-0.000375689,-0.000709454,0.002428043,1.2103798,0.44109268,0.000636058,-0.045869498,4.1309591,0.64529999,288.448,287.941,289.433,-46.19,NaN,NaN,NaN,-0.0451511218661693,446.475598405966,62.2293717477299,12.9059998,288.448,287.941,289.433,0.288358188298259+0i,0.000636058,20.865604524468,532.711772801457,27.5116363780999,20.9278671064414,-9.9e+37,-9.9e+37,-9.9e+37,-9.9e+37
20260514180028.1,4411.85200028121,9.7880067,0.48966877,2.0026947,2.7329407,-0.000377976,-0.000715007,0.00239385,1.2105328,0.36491607,0.000634207,-0.00744654,4.1311996,0.8069504,288.459,287.933,289.438,-46.25,NaN,NaN,NaN,-0.045847049032119,446.798865766181,46.5858595515061,16.139008,288.459,287.933,289.438,0.239283037252374+0i,0.000634207,20.8682746560289,526.257739278235,27.5116363780999,20.9283689897732,922.107,496.534,619.186,-9.9e+37
20260514180030.4,4414.145007357,9.7878864,0.63161925,2.0026729,2.7328751,-0.000376778,-0.000713592,0.002383505,1.2104017,0.44501346,0.000638236,-0.001562869,4.1310029,0.81051326,288.461,287.908,289.403,-46.17,NaN,NaN,NaN,-0.047226250142856,446.755754689071,60.772960564872,16.2102652,288.461,287.908,289.403,0.311443081024258+0i,0.000638236,20.8660908103822,524.883848466193,27.5116363780999,20.9271882460289,-9.9e+37,294.024,671.199,-9.9e+37
20260514180032.6,4416.31300002337,9.7881378,0.37086546,2.0028805,2.7329188,-0.000374709,-0.000709345,0.002397226,1.2105109,0.34936494,0.000635187,-0.10958024,4.1314838,0.62753149,288.475,287.895,289.408,-46.19,NaN,NaN,NaN,-0.0340922065380482,446.784473501109,34.7121796619261,12.5506298,288.475,287.895,289.408,0.20713028291678+0i,0.000635187,20.8714299632622,530.926215252481,28.3729736737523,20.9282213295647,-9.9e+37,-9.9e+37,145.485,-9.9e+37
20260514180034.8,4418.5120023787,9.7888045,0.57805406,2.002815,2.7329953,-0.000377867,-0.0007088,0.002426846,1.2104672,0.42236717,0.000616893,0.10433847,4.1315603,0.68603016,288.467,287.879,289.408,-46.25,NaN,NaN,NaN,-0.0382361364807764,446.834747851701,55.4194403701524,13.7206032,288.467,287.879,289.408,0.256271209880985+0i,0.000616893,20.8722792982494,533.948024278961,28.3318686401203,20.9283394039391,9.9e+37,585.688,-9.9e+37,-9.9e+37
20260514180037,4420.67600190639,9.7887499,0.63026176,2.0030008,2.7325253,-0.000378956,-0.000713265,0.002427608,1.2105109,0.425212,0.000635296,-0.026542955,4.1309919,0.65761453,288.448,287.862,289.414,-46.24,NaN,NaN,NaN,-0.0264812939866772,446.525872756558,60.6372875628883,13.1522906,288.448,287.862,289.414,0.280969729198867+0i,0.000635296,20.8659686837828,534.085663613495,28.3729736737523,20.9279262781096,96.96,318.729,-9.9e+37,-9.9e+37
20260514180039.1,4422.84000143409,9.7888373,0.58977933,2.0028259,2.7329953,-0.000380045,-0.000712285,0.002427281,1.2104344,0.10894511,0.000632356,0.042735306,4.1315821,0.72293117,288.5,287.835,289.406,-46.24,NaN,NaN,NaN,-0.0375465359254292,446.834747851701,56.5913109400793,14.4586234,288.5,287.835,289.406,0.287135927175968+0i,0.000632356,20.8725213309647,524.883848466193,28.3865507909218,20.9276016408205,9.9e+37,693.311,581.641,467.819
20260514180041.3,4424.98800829053,9.7887608,0.50803855,2.0027275,2.7329625,-0.000380698,-0.000713483,0.002388841,1.2105765,0.2966891,0.000610468,-0.11930477,4.131593,0.61151226,288.478,287.843,289.398,-46.28,NaN,NaN,NaN,-0.0437719207554323,446.813192313147,48.4218091337358,12.2302452,288.478,287.843,289.398,0.245395344331287+0i,0.000610468,20.8726423473223,525.433154537676,28.3865507909218,20.9283100870671,-9.9e+37,-9.9e+37,-9.9e+37,364.401
20260514180043.4,4427.16000415385,9.7888155,0.44291285,2.0028696,2.7329079,-0.000382223,-0.000712938,0.002402453,1.2104672,0.39077278,0.000632682,-0.048701541,4.13144,0.6287744,288.464,287.849,289.381,-46.38,NaN,NaN,NaN,-0.0347818070933954,446.777310227626,41.9128851451296,12.575488,288.464,287.849,289.381,0.215070504835705+0i,0.000632682,20.870943677348,524.198154326854,28.3729736737523,20.928841287271,9.9e+37,-9.9e+37,-9.9e+37,247.406
20260514180045.6,4429.3280068785,9.7884111,0.55175868,2.0026292,2.732569,-0.00038353,-0.000711087,0.002388623,1.2105437,0.14165365,0.000632029,0.05890619,4.1311996,0.72180175,288.481,287.849,289.395,-46.39,NaN,NaN,NaN,-0.0499909789748756,446.554591568596,52.7913744964418,14.436035,288.481,287.849,289.395,0.240306914814847+0i,0.000632029,20.8682746560289,525.846072541292,28.3729736737523,20.928841287271,9.9e+37,889.206,440.943,486.298
20260514180047.8,4431.50000274181,9.7888045,0.52212959,2.0030117,2.7325581,-0.000381352,-0.000709236,0.002337334,1.2104454,0.4327404,0.000632138,-0.061046895,4.1310356,0.66399713,288.459,287.86,289.419,-46.41,NaN,NaN,NaN,-0.02579169343133,446.547428295113,49.830124257879,13.2799426,288.459,287.86,289.419,0.216680052255465+0i,0.000632138,20.8664538594552,525.708433206753,27.5527414117323,20.9294612449773,-9.9e+37,169.545,-9.9e+37,-9.9e+37
20260514180050,4433.7340079248,9.788105,0.51913963,2.002804,2.7329953,-0.000380698,-0.000711087,0.002387534,1.2105,0.13162196,0.000632465,-0.000593807,4.1315603,0.71967495,288.497,287.851,289.417,-46.52,NaN,NaN,NaN,-0.0389320636467545,446.834747851701,49.5312956484518,14.393499,288.497,287.851,289.417,0.242899685519646+0i,0.000632465,20.8722792982494,525.708433206753,27.5527414117323,20.9285166499818,1317.489,727.839,642.58,370.729
20260514180052.2,4435.90600378811,9.7877225,0.64573648,2.0026292,2.7325144,-0.000383203,-0.000713265,0.002365211,1.2104017,0.43235738,0.000634207,-0.024837979,4.1310794,0.61735688,288.445,287.849,289.422,-46.5,NaN,NaN,NaN,-0.0499909789748756,446.518709483075,62.1838932227885,12.3471376,288.445,287.849,289.422,0.29353279707849+0i,0.000634207,20.8669401453694,524.883848466193,27.5253380559775,20.9278671064414,-9.9e+37,-9.9e+37,-9.9e+37,-9.9e+37
20260514180054.4,4438.11300247908,9.788116,0.47287803,2.0029024,2.7329079,-0.000383203,-0.000710216,0.002396028,1.2105984,0.2303412,0.000633554,-0.11451241,4.1314838,0.63800839,288.467,287.821,289.417,-47.53,NaN,NaN,NaN,-0.032706678816723,446.777310227626,44.9077255679566,12.7601678,288.467,287.821,289.417,0.251522120107888+0i,0.000633554,20.8714299632622,525.433154537676,27.5390397338547,20.9277786179011,1456.078,-9.9e+37,269.258,396.573
20260514180056.7,4440.37900306284,9.787799,0.55716792,2.0026729,2.7324707,-0.00038353,-0.000711414,0.002419441,1.2108607,0.17846194,0.000624406,0.00588827,4.1307952,0.55849703,288.489,287.846,289.427,-41.71,NaN,NaN,NaN,-0.047226250142856,446.489990671038,53.3319956643698,11.1699406,288.489,287.846,289.427,0.278572460754564+0i,0.000624406,20.8637848381361,525.296766469814,27.5527414117323,20.9276309576925,9.9e+37,385.242,-9.9e+37,524.417
20260514180058.8,4442.55100898445,9.7880941,0.43906625,2.0030554,2.7319789,-0.000389519,-0.00070978,0.002397335,1.2106093,0.23384405,0.000623317,-0.1582436,4.130981,0.65228169,288.483,287.813,289.427,-41.85,NaN,NaN,NaN,-0.0230269645992962,446.166789028928,41.528440494023,13.0456338,288.483,287.813,289.427,0.228931690013871+0i,0.000623317,20.8658476674251,525.159127135271,27.5390397338547,20.928280501233,1553.579,217.001,203.102,472.101
20260514180101,4444.70300897956,9.7886843,0.51120311,2.0028805,2.7318368,-0.000387014,-0.000711958,0.002376209,1.2105547,0.34163685,0.000637801,-0.11367777,4.1309263,0.62437784,288.456,287.789,289.398,-41.95,NaN,NaN,NaN,-0.0340922065380482,446.073403601227,48.7380879683185,12.4875568,288.456,287.789,289.398,0.25613839080778+0i,0.000637801,20.8652403651533,524.198154326854,27.5116363780999,20.9280147666499,9.9e+37,-9.9e+37,-9.9e+37,475.368
20260514180103.3,4447.0230024308,9.7887389,0.62720958,2.0026947,2.7316619,-0.000387886,-0.000711958,0.002412798,1.2105656,0.14023833,0.000632138,-0.000426326,4.1309919,0.55082023,288.481,287.756,289.403,-41.96,NaN,NaN,NaN,-0.045847049032119,445.95846263497,60.3322404367991,11.0164046,288.481,287.756,289.403,0.266856761984955+0i,0.000632138,20.8659686837828,525.021487800736,27.5253380559775,20.928575552688,9.9e+37,101.237,-9.9e+37,781.205
20260514180105.5,4449.21100102365,9.7887827,0.59715603,2.0029571,2.7306345,-0.000388757,-0.000711305,0.002388841,1.2106421,0.43789973,0.000629525,-0.044750815,4.1302924,0.63227508,288.451,287.792,289.387,-42.02,NaN,NaN,NaN,-0.029246022818711,445.283274820608,57.3285679612975,12.6455016,288.451,287.792,289.387,0.245247893666729+0i,0.000629525,20.858202542299,525.846072541292,28.2089272213479,20.9290182643516,9.9e+37,405.279,-9.9e+37,280.088
20260514180107.7,4451.37100741267,9.7888264,0.53804627,2.0028915,2.7305689,-0.000387994,-0.000710325,0.002374794,1.2106421,0.13120075,0.000631049,-0.000840237,4.1307952,0.71073013,288.502,287.773,289.398,-41.75,NaN,NaN,NaN,-0.0333962793720701,445.240163743499,51.4209011749942,14.2146026,288.502,287.773,289.398,0.230191904291098+0i,0.000631049,20.8637848381361,525.982460609158,27.5937218846561,20.929107021854,9.9e+37,948.699,423.314,539.648
20260514180109.9,4453.56999970973,9.7886187,0.55316855,2.002651,2.730252,-0.000388212,-0.00071479,0.002379367,1.2106312,0.38082511,0.000632574,-0.095087851,4.1307624,0.59657332,288.464,287.748,289.387,-41.5,NaN,NaN,NaN,-0.0486117778641528,445.031903067646,52.9322825659722,11.9314664,288.464,287.748,289.387,0.243528115593551+0i,0.000632574,20.8634206788213,525.570793872214,28.3592719958751,20.9287527987307,-9.9e+37,-9.9e+37,-9.9e+37,229.147
20260514180112,4455.75000196695,9.7888592,0.53025817,2.0030117,2.7296181,-0.00038843,-0.000708691,0.002374467,1.2105765,0.16532679,0.000632791,-0.060937129,4.1311996,0.66796266,288.478,287.699,289.398,-41.51,NaN,NaN,NaN,-0.02579169343133,444.615315997835,50.6425271856833,13.3592532,288.478,287.699,289.398,0.24213676884611+0i,0.000632791,20.8682746560289,524.609821063793,28.3865507909218,20.9286347243563,9.9e+37,255.56,205.718,481.333
20260514180114.2,4457.90600515902,9.7888482,0.54071106,2.0030226,2.7296399,-0.000389301,-0.000713483,0.002352579,1.2107077,0.36398853,0.000628544,-0.0928555,4.131287,0.61174032,288.459,287.661,289.408,-41.42,NaN,NaN,NaN,-0.0251020928759687,444.629642544801,51.6872309888096,12.2348064,288.459,287.661,289.408,0.235526056734143+0i,0.000628544,20.8692450073737,532.574133466919,28.3865507909218,20.9287821156027,1640.037,-9.9e+37,-9.9e+37,391.527
20260514180116.4,4460.08600741625,9.7888264,0.53729551,2.0029571,2.7297492,-0.000389846,-0.000713047,0.002398751,1.2106421,0.45583081,0.000633554,0.015676603,4.1314072,0.64893706,288.47,287.629,289.417,-41.46,NaN,NaN,NaN,-0.029246022818711,444.701472433949,51.3458672057058,12.9787412,288.47,287.629,289.417,0.270265922837199+0i,0.000633554,20.8705795180333,541.912336682078,28.2771864893189,20.9273654920716,9.9e+37,480.034,-9.9e+37,84.302
20260514180118.5,4462.25800327957,9.7886515,0.63530105,2.002804,2.7293339,-0.00038941,-0.000712721,0.00237806,1.2107514,0.37447525,0.000633663,-0.10030718,4.1309373,0.64293966,288.47,287.588,289.455,-41.52,NaN,NaN,NaN,-0.0389320636467545,444.428545142431,61.1409344421778,12.8587932,288.47,287.588,289.455,0.307687423054255+0i,0.000633663,20.8653624917527,532.711772801457,26.4726755128745,20.927217831863,9.9e+37,260.868,-9.9e+37,181.853
20260514180120.8,4464.46100883186,9.7894275,0.61535338,2.0028915,2.7293558,-0.000389519,-0.000713374,0.002410729,1.210653,0.44282118,0.000633009,0.023049598,4.1309482,0.68559258,288.453,287.566,289.514,-41.22,NaN,NaN,NaN,-0.0333962793720701,444.442937407503,59.1472841968859,13.7118516,288.453,287.566,289.514,0.189287972416943+0i,0.000633009,20.8654835081104,512.525087491227,25.3107732288772,20.9313208491341,9.9e+37,754.587,-9.9e+37,-9.9e+37
20260514180122.9,4466.6410010308,9.7888701,0.63127114,2.002968,2.7300225,-0.000388757,-0.000711087,0.002407136,1.2106421,0.28138458,0.000637038,0.11664299,4.1310029,0.73744671,288.497,287.558,289.536,-36.09,NaN,NaN,NaN,-0.0285564222633639,444.881080015869,60.7381690535382,14.7489342,288.497,287.558,289.536,0.153319881504111+0i,0.000637038,20.8660908103822,486.02075672564,23.711289177761,20.9331508674568,9.9e+37,1122.61,426.849,-9.9e+37
20260514180125.1,4468.8050005585,9.7888264,0.57245495,2.0030663,2.7301318,-0.000389519,-0.000711632,0.002380783,1.2107295,0.10372138,0.000632574,0.019230738,4.1304127,0.69153978,288.486,287.523,289.542,-36.41,NaN,NaN,NaN,-0.0223373640439348,444.952909905016,54.8598428319479,13.8307956,288.486,287.523,289.542,0.209109571257752+0i,0.000632574,20.8595381632004,465.697683347548,22.6997316682905,20.9314978262147,-9.9e+37,587.086,733.901,387.584
20260514180127.3,4470.96500694752,9.7877334,0.48735646,2.002662,2.7306564,-0.000391152,-0.000712176,0.002415412,1.2106749,0.30140866,0.00063486,0.11435826,4.130358,0.68380297,288.491,287.498,289.525,-36.53,NaN,NaN,NaN,-0.0479158506982031,445.29766708568,46.3547580043735,13.6760594,288.491,287.498,289.525,-0.00703200884010005+0i,0.00063486,20.8589308609285,454.436283248869,22.5903673666876,20.9389660976382,-9.9e+37,518.7,524.915,148.406
20260514180129.4,4473.13299961388,9.7878427,0.51498532,2.0027057,2.7305799,-0.000389737,-0.000710869,0.002444704,1.210806,0.11655971,0.000632138,0.021601067,4.1302924,0.67151353,288.486,287.468,289.485,-36.81,NaN,NaN,NaN,-0.0451511218661693,445.247392735087,49.1160972242489,13.4302706,288.486,287.468,289.485,0.0153930790845337+0i,0.000632138,20.858202542299,444.686413296762,22.5082818601313,20.9383757257661,-9.9e+37,314.074,769.909,395.77
20260514180131.6,4475.30100233853,9.7885422,0.50853506,2.0026182,2.7314105,-0.000391044,-0.000711305,0.002405829,1.210664,0.13994042,0.000631049,-0.005085205,4.1306313,0.65168261,288.486,287.457,289.479,-37.03,NaN,NaN,NaN,-0.0506869061408253,445.793247318121,48.4714323370117,13.0336522,288.486,287.457,289.479,0.0176447627151078+0i,0.000631049,20.8619651518042,433.562652532622,21.7154529538666,20.9385527028466,-9.9e+37,214.252,715.409,453.019
20260514180133.8,4477.50400789082,9.7888373,0.59153293,2.002815,2.7322193,-0.000390717,-0.000713047,0.002419332,1.2107733,0.2903774,0.000634969,0.11373952,4.1308389,0.67074638,288.494,287.392,289.479,-37.12,NaN,NaN,NaN,-0.0382361364807764,446.324775354189,56.7665727661544,13.4149276,288.494,287.392,289.479,-0.0132867894033261+0i,0.000634969,20.8642700138085,432.052373652718,22.5903673666876,20.9396153722166,-9.9e+37,256.854,579.005,257.624
20260514180136,4479.67600375414,9.7886843,0.75788107,2.0026838,2.7322084,-0.000391261,-0.000712285,0.002422272,1.210817,0.12048595,0.000615586,-0.001589875,4.130828,0.64095908,288.489,287.365,289.446,-37,NaN,NaN,NaN,-0.0465366495874946,446.317612080706,73.3920738956013,12.8191816,288.489,287.365,289.446,-0.0202333751390587+0i,0.000615586,20.8641489974508,425.049034058018,22.5629640109328,20.9399106926337,-9.9e+37,-9.9e+37,746.725,512.078
20260514180138.1,4481.83200694621,9.7887499,0.48083199,2.0029789,2.7318914,-0.00039333,-0.000711632,0.00240474,1.2106968,0.32966171,0.000634425,0.11219919,4.1308717,0.68153755,288.486,287.343,289.495,-37.07,NaN,NaN,NaN,-0.0278668217080025,446.109285686747,45.7026762717251,13.630751,288.486,287.343,289.495,-0.0322321737327741+0i,0.000634425,20.8646341731232,425.186673392557,21.7291546317433,20.94053065034,-9.9e+37,272.837,404.751,267.4
20260514180140.3,4484.02000553906,9.7888264,0.56201952,2.0030445,2.7325581,-0.000379174,-0.00071283,0.002377298,1.2106968,0.13771977,0.000635296,0.002686343,4.1303143,0.69226107,288.494,287.327,289.495,-37.14,NaN,NaN,NaN,-0.0237165651546434,446.547428295113,53.8168840513372,13.8452214,288.494,287.327,289.495,-0.0470530258609854+0i,0.000635296,20.8584456852561,424.911394723475,21.701751275989,20.9409437761695,-9.9e+37,293.946,740.564,400.994
20260514180142.6,4486.30100302398,9.7888264,0.44432926,2.0028259,2.7329844,-0.000377649,-0.000709672,0.002371962,1.2105437,0.37192395,0.000618853,-0.00778592,4.1303143,0.75039197,288.47,287.316,289.479,-37.32,NaN,NaN,NaN,-0.0375465359254292,446.827584578218,42.0544468485232,15.0078394,288.47,287.316,289.479,-0.0468862644848786+0i,0.000618853,20.8584456852561,424.362088651997,21.8932010841472,20.9411503390842,-9.9e+37,-9.9e+37,698.952,-9.9e+37
20260514180144.9,4488.59000690281,9.788728,0.58421514,2.0027057,2.7329407,-0.000377758,-0.00070782,0.002423688,1.210664,0.45780157,0.000611121,-0.001466279,4.1302596,0.78289643,288.448,287.313,289.498,-37.15,NaN,NaN,NaN,-0.0451511218661693,446.798865766181,56.0352034469059,15.6579286,288.448,287.313,289.498,-0.0608004275806018+0i,0.000611121,20.8578383829843,423.950421915058,21.6880495981118,20.9413864878331,-9.9e+37,-9.9e+37,614.06,-9.9e+37
20260514180147.1,4490.76200276613,9.788422,0.53422915,2.0026292,2.7325144,-0.000380916,-0.000710869,0.002428152,1.2105984,0.25653072,0.000628436,0.11945554,4.1303362,0.73283298,288.486,287.311,289.493,-37.21,NaN,NaN,NaN,-0.0499909789748756,446.518709483075,51.0394028734728,14.6566596,288.486,287.311,289.493,-0.0532451967946811+0i,0.000628436,20.8586888282132,424.911394723475,20.5808294649155,20.9412390965866,-9.9e+37,268.254,659.553,-9.9e+37
20260514180149.2,4492.93400868773,9.7895368,0.54524838,2.0030008,2.7328204,-0.000378085,-0.000712176,0.002390692,1.2106312,0.41227109,0.000634425,-0.018325376,4.1306531,0.61175124,288.456,287.305,289.49,-37.37,NaN,NaN,NaN,-0.0264812939866772,446.719806885445,52.140708970497,12.2350248,288.456,287.305,289.49,-0.060981006271614+0i,0.000634425,20.8622071845194,424.362088651997,19.4460814152567,20.9415341480417,-9.9e+37,-9.9e+37,200.408,-9.9e+37
20260514180151.4,4495.13700418174,9.7888264,0.44718391,2.0030445,2.7325909,-0.000382114,-0.000711741,0.002417154,1.2107623,0.43288335,0.000636058,-0.002484236,4.1303471,0.63582484,288.467,287.286,289.476,-37.43,NaN,NaN,NaN,-0.0237165651546434,446.568983833668,42.339752033175,12.7164968,288.467,287.286,289.476,-0.0460297614492156+0i,0.000636058,20.8588098445709,424.637367321075,20.594406582085,20.9411503390842,1195.178,-9.9e+37,-9.9e+37,-9.9e+37
20260514180153.6,4497.33600653708,9.7892745,0.56780086,2.0027713,2.7335964,-0.000378085,-0.000715552,0.002435993,1.2105765,0.17216989,0.000631158,0.11172484,4.1309045,0.74209207,288.478,287.27,289.457,-37.45,NaN,NaN,NaN,-0.0410008653128102,447.229779382958,54.3946943875376,14.8418414,288.478,287.27,289.457,-0.0578715879996061+0i,0.000631158,20.864998332438,425.323061460419,20.5808294649155,20.9413275851269,9.9e+37,977.786,568.652,296.707
20260514180155.8,4499.49199967086,9.7891215,0.57255098,2.002662,2.7330937,-0.000382441,-0.000713918,0.002440566,1.2105765,0.40572371,0.000635187,-0.04095483,4.1303034,0.61683418,288.456,287.256,289.444,-37.52,NaN,NaN,NaN,-0.0479158506982031,446.899414467366,54.8694404557835,12.3366836,288.456,287.256,289.444,-0.0619274026308486+0i,0.000635187,20.8583246688985,423.950421915058,21.6470691251875,20.9414456595014,-9.9e+37,-9.9e+37,-9.9e+37,-9.9e+37
20260514180157.9,4501.65600925684,9.7887936,0.61347319,2.0030336,2.733192,-0.000379283,-0.00071076,0.002440131,1.2106421,0.15386777,0.000630505,0.025886654,4.1303689,0.72637073,288.494,287.226,289.455,-37.56,NaN,NaN,NaN,-0.0244061657100048,446.964015364924,58.959370457853,14.5274146,288.494,287.226,289.455,-0.0546196648438263+0i,0.000630505,20.8590518772861,424.773755388936,21.6470691251875,20.9411210222122,9.9e+37,843.18,600.998,403.819
20260514180200.1,4503.8240019232,9.7886624,0.53751703,2.0027931,2.7330718,-0.000381243,-0.000711632,0.002411382,1.2107514,0.13198207,0.000632247,-0.004488022,4.1302269,0.67956352,288.478,287.194,289.493,-37.6,NaN,NaN,NaN,-0.0396216642021017,446.885022202294,51.3680068040818,13.5912704,288.478,287.194,289.493,-0.103896260702882+0i,0.000632247,20.8574753339113,424.362088651997,21.6607708030651,20.9429510405349,-9.9e+37,427.946,693.231,448.707
20260514180202.3,4505.98100088537,9.7887717,0.45252548,2.0030117,2.7331592,-0.000382114,-0.000712503,0.002389712,1.2107514,0.24969852,0.000633771,-0.11763813,4.1303034,0.62311093,288.47,287.172,289.471,-37.56,NaN,NaN,NaN,-0.02579169343133,446.942459826369,42.873609989555,12.4622186,288.47,287.172,289.471,-0.0636196958090629+0i,0.000633771,20.8583246688985,425.735979464039,21.701751275989,20.9417407109564,-9.9e+37,-9.9e+37,269.108,344.139
20260514180204.4,4508.15200097859,9.7886297,0.53818595,2.0027713,2.7324488,-0.000379718,-0.000711958,0.002435884,1.2107842,0.31581071,0.000634751,-0.11342009,4.1302378,0.62950663,288.483,287.175,289.474,-37.64,NaN,NaN,NaN,-0.0410008653128102,446.475598405966,51.4348613551186,12.5901326,288.483,287.175,289.474,-0.126559813087247+0i,0.000634751,20.857596350269,424.773755388936,21.6880495981118,20.9437183894876,9.9e+37,-9.9e+37,-9.9e+37,447.695
20260514180206.6,4510.32400690019,9.7887389,0.54671721,2.0029243,2.7324707,-0.000380916,-0.000711414,0.002418243,1.2107623,0.44889169,0.00063486,0.012242253,4.1302596,0.67227084,288.456,287.161,289.468,-37.72,NaN,NaN,NaN,-0.0313211510953977,446.489990671038,52.2875097391979,13.4454168,288.456,287.161,289.468,-0.0538571192313551+0i,0.00063486,20.8578383829843,424.773755388936,20.6081082599621,20.9412390965866,9.9e+37,402.437,-9.9e+37,102.006
20260514180208.8,4512.49600276351,9.7884111,0.51178364,2.002651,2.7325363,-0.000385599,-0.00071381,0.002415847,1.2108279,0.42506032,0.000636385,-0.006498779,4.1304017,0.65431029,288.453,287.145,289.487,-37.71,NaN,NaN,NaN,-0.0486117778641528,446.533101748147,48.7961084678004,13.0862058,288.453,287.145,289.487,-0.0706282508098506+0i,0.000636385,20.8594160366009,424.773755388936,21.6880495981118,20.9418587853308,1580.883,314.725,-9.9e+37,-9.9e+37
20260514180211,4514.66800868511,9.7887499,0.69641974,2.0029571,2.7318696,-0.000382441,-0.000712721,0.002414323,1.2107077,0.12914378,0.000633554,-0.001190774,4.1302815,0.73564072,288.475,287.137,289.476,-37.72,NaN,NaN,NaN,-0.029246022818711,446.094959139781,67.2493817601058,14.7128144,288.475,287.137,289.476,-0.0467485365787385+0i,0.000633554,20.8580815259414,423.950421915058,20.594406582085,20.9408257017951,9.9e+37,972.937,498.6,445.984
20260514180213.1,4516.85900464654,9.7887717,0.61430144,2.0027494,2.7323395,-0.000381787,-0.000709998,0.002449714,1.2107405,0.4395333,0.000635732,-0.036322421,4.1309154,0.62437457,288.453,287.129,289.457,-37.76,NaN,NaN,NaN,-0.0423863930341355,446.403768516819,59.0421490889244,12.4874914,288.453,287.129,289.457,-0.0562001385382875+0i,0.000635732,20.8651193487956,424.637367321075,20.5808294649155,20.9412095107525,-9.9e+37,-9.9e+37,-9.9e+37,-9.9e+37
20260514180215.4,4519.1060051322,9.7885641,0.68789616,2.0026292,2.7320772,-0.000384945,-0.000711087,0.00238797,1.2106749,0.20223438,0.000636385,0.00570276,4.1307952,0.5529132,288.467,287.142,289.438,-37.8,NaN,NaN,NaN,-0.0499909789748756,446.231389926487,66.3975009460677,11.058264,288.467,287.142,289.438,-0.086572191948656+0i,0.000636385,20.8637848381361,424.637367321075,19.4325042980872,20.9420656172077,9.9e+37,415.932,-9.9e+37,429.489
20260514180217.7,4521.41000591218,9.7886406,0.5289476,2.002651,2.7315089,-0.000383421,-0.000711414,0.002413669,1.2106749,0.15975825,0.000633989,0.002440131,4.1306203,0.54190704,288.491,287.118,289.438,-37.86,NaN,NaN,NaN,-0.0486117778641528,445.857913933785,50.51154355692,10.8381408,288.491,287.118,289.438,-0.0567586080074652+0i,0.000633989,20.8618430252047,425.598340129496,20.5124456362364,20.9413571709611,9.9e+37,500.985,-9.9e+37,560.982
20260514180220,4523.67600649595,9.7886734,0.51773849,2.0028587,2.7312138,-0.000381243,-0.00070978,0.002425103,1.210653,0.3599608,0.000634425,-0.00776846,4.1304673,0.77222201,288.448,287.131,289.408,-37.87,NaN,NaN,NaN,-0.0354714076487426,445.663979804898,49.3912600901792,15.4444402,288.448,287.131,289.408,-0.0498231575344304+0i,0.000634425,20.8601443552304,424.911394723475,20.5397244312835,20.9411503390842,1385.476,807.536,463.854,183.922
20260514180222.2,4525.86299926043,9.7886078,0.65642836,2.0027603,2.7312029,-0.000381461,-0.000713156,0.002390801,1.2108279,0.3732738,0.000628436,-0.14625971,4.1302706,0.62842521,288.459,287.099,289.43,-37.89,NaN,NaN,NaN,-0.0416967924787883,445.656816531415,63.2524826462465,12.5685042,288.459,287.099,289.43,-0.0564325277596762+0i,0.000628436,20.8579605095837,425.872367531896,21.6880495981118,20.9410914363781,-9.9e+37,-9.9e+37,-9.9e+37,259.199
20260514180224.3,4528.04300151765,9.7881378,0.50455207,2.0030008,2.7315526,-0.000383748,-0.000713483,0.002451238,1.2107077,0.18786724,0.000634207,0.15315738,4.130522,0.71439449,288.486,287.115,289.441,-37.89,NaN,NaN,NaN,-0.0264812939866772,445.886632745823,48.0733563215926,14.2878898,288.486,287.115,289.441,-0.120369469525617+0i,0.000634207,20.8607516575023,425.598340129496,21.7154529538666,20.9436299009474,9.9e+37,876.425,401.808,380.818
20260514180226.5,4530.22300377488,9.7885531,0.46998189,2.0027275,2.7305799,-0.000385817,-0.000713483,0.00243828,1.2107623,0.36223492,0.000634534,0.13975928,4.1302815,0.64786001,288.467,287.115,289.441,-37.9,NaN,NaN,NaN,-0.0437719207554323,445.247392735087,44.6182737060901,12.9572002,288.467,287.115,289.441,-0.055052550184311+0i,0.000634534,20.8580815259414,423.950421915058,21.6470691251875,20.9414160736672,-9.9e+37,445.39,326.086,-9.9e+37
20260514180228.8,4532.54700042307,9.7886187,0.53067829,2.0027385,2.7305908,-0.00038549,-0.000711087,0.002430439,1.2106312,0.16127833,0.000612864,-0.000216157,4.1308936,0.53852205,288.486,287.115,289.414,-37.85,NaN,NaN,NaN,-0.0430759935894969,445.25455600857,50.6845156655936,10.770441,288.486,287.115,289.414,-0.0800062657878148+0i,0.000612864,20.8648773160803,425.323061460419,21.6880495981118,20.9421245199138,-9.9e+37,-9.9e+37,304.919,547.936
20260514180231,4534.71500314772,9.7879957,0.58650781,2.0027057,2.731028,-0.000384619,-0.00071076,0.002440458,1.2107405,0.44068892,0.00063486,-0.029375654,4.1308936,0.55177178,288.475,287.129,289.408,-37.85,NaN,NaN,NaN,-0.0451511218661693,445.541875565159,56.2643420935685,11.0354356,288.475,287.129,289.408,-0.0844617125357926+0i,0.00063486,20.8648773160803,424.224449317458,21.6607708030651,20.942154105748,1213.006,-9.9e+37,-9.9e+37,289.837
20260514180233.2,4536.87100633979,9.7885531,0.59554756,2.002651,2.7301973,-0.000386579,-0.000720888,0.002412471,1.210664,0.19393448,0.0006329,0.097378535,4.1306531,0.76034943,288.475,287.12,289.395,-37.86,NaN,NaN,NaN,-0.0486117778641528,444.99595526402,57.1678110102328,15.2069886,288.475,287.12,289.395,-0.109434373603585+0i,0.0006329,20.8622071845194,424.224449317458,20.7311742394422,20.942980626369,9.9e+37,915.755,439.338,394.651
20260514180235.3,4539.04700540006,9.7886734,0.53709472,2.0026838,2.7303613,-0.000384183,-0.000720888,0.002355737,1.210664,0.1077895,0.000634425,0.057700499,4.1308608,0.66154733,288.467,287.101,289.387,-37.81,NaN,NaN,NaN,-0.0465366495874946,445.103732956793,51.3257994467769,13.2309466,288.467,287.101,289.387,-0.0504285113894628+0i,0.000634425,20.8645131567656,424.224449317458,20.5808294649155,20.9411503390842,-9.9e+37,235.227,630.991,545.915
20260514180237.5,4541.22700765729,9.7880613,0.43620396,2.0027713,2.7298476,-0.000384183,-0.000715225,0.002384376,1.2107186,0.14374335,0.000636385,-0.090494111,4.1309045,0.62835428,288.481,287.104,289.406,-37.88,NaN,NaN,NaN,-0.0410008653128102,444.766139049612,41.2423717370907,12.5670856,288.481,287.104,289.406,-0.0535143301299177+0i,0.000636385,20.864998332438,423.950421915058,20.5808294649155,20.9414752453355,-9.9e+37,-9.9e+37,413.427,641.151
20260514180239.7,4543.42200681567,9.7888155,0.50941677,2.0030445,2.7294651,-0.000383965,-0.000718383,0.002386228,1.2107514,0.13116256,0.000634751,0.039715304,4.1303252,0.66931033,288.478,287.145,289.406,-37.91,NaN,NaN,NaN,-0.0237165651546434,444.51476729665,48.5595539751667,13.3862066,288.478,287.145,289.406,-0.0732066682145191+0i,0.000634751,20.8585667016137,424.224449317458,20.5671277870379,20.9420064455394,1047.68,-9.9e+37,455.256,686.397
20260514180241.9,4545.62100917101,9.7884329,0.6791303,2.0026401,2.7293667,-0.000384183,-0.000717839,0.002426192,1.2107077,0.15811267,0.000630505,0.026868565,4.1303143,0.69577592,288.481,287.15,289.452,-37.88,NaN,NaN,NaN,-0.0493013784195284,444.450100680986,65.5214056958859,13.9155184,288.481,287.15,289.452,-0.113502329401652+0i,0.000630505,20.8584456852561,424.773755388936,20.5808294649155,20.9428625519946,347.384,-9.9e+37,529.006,603.691
20260514180244.1,4547.79300503433,9.7894822,0.58387031,2.0028368,2.7298476,-0.000386034,-0.000716859,0.002393197,1.2107295,0.39086553,0.000632682,0.10699704,4.1308171,0.65746612,288.459,287.161,289.466,-37.87,NaN,NaN,NaN,-0.0368569353700678,444.766139049612,56.0007397519438,13.1493224,288.459,287.161,289.466,-0.103155906205593+0i,0.000632682,20.8640279810932,423.401115843576,20.5671277870379,20.9428329661605,-9.9e+37,-9.9e+37,279.693,159.469
20260514180246.2,4549.95300136507,9.7892745,0.55019823,2.0027166,2.7293558,-0.000387668,-0.000720017,0.002421945,1.2107405,0.43240758,0.000620704,-0.001084818,4.1302815,0.61517442,288.475,287.183,289.444,-37.87,NaN,NaN,NaN,-0.0444615213108221,444.442937407503,52.635416857015,12.3034884,288.475,287.183,289.444,-0.06958892763494+0i,0.000620704,20.8580815259414,424.773755388936,20.5397244312835,20.9417702967905,-9.9e+37,-9.9e+37,-9.9e+37,-9.9e+37
20260514180248.4,4552.12500728667,9.7894494,0.57338468,2.002968,2.7293886,-0.000387777,-0.000722739,0.002397008,1.2105765,0.15130884,0.00063682,-0.001905781,4.1302706,0.727606,288.491,287.186,289.495,-37.89,NaN,NaN,NaN,-0.0285564222633639,444.464492946058,54.9527637817408,14.55212,288.491,287.186,289.495,-0.0640137207545087+0i,0.00063682,20.8579605095837,427.933203749955,20.348399183833,20.9414752453355,9.9e+37,756.843,597.978,410.378
20260514180250.6,4554.30499948561,9.7887936,0.53796771,2.002815,2.7298585,-0.000387341,-0.000716859,0.002375665,1.2107077,0.43690126,0.000634643,-0.010604902,4.1308389,0.61560764,288.461,287.215,289.49,-37.89,NaN,NaN,NaN,-0.0382361364807764,444.773302323096,51.4130495731143,12.3121528,288.461,287.215,289.49,-0.0530365007494688+0i,0.000634643,20.8642700138085,433.150985795683,19.4325042980872,20.9410914363781,-9.9e+37,-9.9e+37,-9.9e+37,-9.9e+37
20260514180252.8,4556.47700540721,9.7887389,0.64989734,2.0027494,2.7298585,-0.00038549,-0.000715987,0.002454832,1.2106968,0.28133001,0.000627564,0.11641431,4.1308936,0.71094729,288.483,287.207,289.533,-37.94,NaN,NaN,NaN,-0.0423863930341355,444.773302323096,62.5997462802947,14.2189458,288.483,287.207,289.533,-0.0644238982274929+0i,0.000627564,20.8648773160803,432.052373652718,19.4597830931339,20.9412979992928,9.9e+37,922.478,506.861,197.607
20260514180255,4558.73400382698,9.788422,0.55547759,2.0026401,2.7294104,-0.000385163,-0.000719037,0.0024067,1.210806,0.36721967,0.000633554,-0.00759277,4.1308936,0.75733436,288.467,287.21,289.498,-37.96,NaN,NaN,NaN,-0.0493013784195284,444.478819493024,53.1630572961732,15.1466872,288.467,287.21,289.498,-0.0685041280276987+0i,0.000633554,20.8648773160803,443.999467890746,19.4597830931339,20.9413571709611,-9.9e+37,326.552,727.099,-9.9e+37
20260514180257.3,4561.05099990964,9.7885531,0.66827148,2.002651,2.7295197,-0.000387014,-0.000718056,0.002436428,1.2107077,0.4090476,0.000637038,-0.001571145,4.1308608,0.76487148,288.448,287.207,289.49,-37.98,NaN,NaN,NaN,-0.0486117778641528,444.550649382171,64.4361316184333,15.2974296,288.448,287.207,289.49,-0.0647575115397965+0i,0.000637038,20.8645131567656,444.824052631305,20.5808294649155,20.9409733620036,-9.9e+37,387.619,567.451,-9.9e+37
20260514180259.5,4563.22300583124,9.7886734,0.49171919,2.0026838,2.7303831,-0.000387014,-0.000716205,0.002446991,1.2107733,0.38457893,0.0006329,-0.10275242,4.1308826,0.62633987,288.459,287.196,289.485,-38.06,NaN,NaN,NaN,-0.0465366495874946,445.118059503759,46.7907867603456,12.5267974,288.459,287.196,289.485,-0.033981511911154+0i,0.0006329,20.8647551894809,439.330991916505,20.5534261091611,20.9403238184632,-9.9e+37,-9.9e+37,223.366,-9.9e+37
20260514180301.7,4565.42200818658,9.7886843,0.66618941,2.002815,2.729946,-0.000386905,-0.000715661,0.002442962,1.2106749,0.12827735,0.000636712,0.051068866,4.1302378,0.67629311,288.47,287.186,289.463,-38.08,NaN,NaN,NaN,-0.0382361364807764,444.830805665276,64.2280411814943,13.5258622,288.47,287.186,289.463,0.00639450997620706+0i,0.000636712,20.857596350269,444.274746559823,21.6470691251875,20.9387595347235,9.9e+37,327.305,481.265,525.845
20260514180303.9,4567.60600358248,9.7886297,0.61927635,2.002662,2.7302739,-0.000387668,-0.000719581,0.00242445,1.2106858,0.14554934,0.000634207,0.061266283,4.1311231,0.69929404,288.483,287.156,289.501,-38.06,NaN,NaN,NaN,-0.0479158506982031,445.046295332718,59.5393615724778,13.9858808,288.483,287.156,289.501,9.97620031537219e-06+0i,0.000634207,20.8674253210418,443.725440488341,22.5492623330556,20.9389365118041,1201.335,420.987,563.357,512.391
20260514180306.1,4569.79300640523,9.7888373,0.42670153,2.0030117,2.7302739,-0.00038549,-0.000718056,0.002458643,1.210664,0.18420507,0.000626367,0.11993588,4.1313089,0.71172534,288.467,287.158,289.495,-38.04,NaN,NaN,NaN,-0.02579169343133,445.046295332718,40.2926607232045,14.2345068,288.467,287.158,289.495,0.00209461033310953+0i,0.000626367,20.8694881503308,444.13710722528,23.3694945950756,20.9388184374297,-9.9e+37,265.246,662.321,398.677
20260514180308.3,4571.98400236666,9.7886078,0.46550567,2.002662,2.7308968,-0.000387559,-0.000719799,0.002401037,1.2107623,0.43158697,0.000632029,-0.017850374,4.1308061,0.59961021,288.456,287.142,289.479,-38.05,NaN,NaN,NaN,-0.0479158506982031,445.45565341094,44.1709023037669,11.9922042,288.456,287.142,289.479,-0.00964629890850488+0i,0.000632029,20.8639058544937,455.260867989429,23.3694945950756,20.9390250003444,-9.9e+37,-9.9e+37,-9.9e+37,-9.9e+37
20260514180310.5,4574.1840004921,9.7888373,0.59124812,2.0030336,2.7308313,-0.000389955,-0.000720234,0.002431093,1.2107077,0.40888718,0.000633118,-0.06704637,4.130511,0.63996279,288.472,287.123,289.495,-38.06,NaN,NaN,NaN,-0.0244061657100048,445.412608051937,56.7381077110196,12.7992558,288.472,287.123,289.495,-0.0268377576125715+0i,0.000633118,20.8606295309028,463.22518039255,23.3694945950756,20.9393792234677,1084.6,-9.9e+37,-9.9e+37,-9.9e+37
20260514180312.7,4576.39100924134,9.7878864,0.44900845,2.002651,2.7308531,-0.000386905,-0.000714899,0.002419223,1.2106858,0.13215448,0.0006329,0.011429785,4.1307733,0.72288316,288.483,287.129,289.482,-38.03,NaN,NaN,NaN,-0.0486117778641528,445.426934598903,42.5221038877297,14.4576632,288.483,287.129,289.482,-0.00179368281089633+0i,0.0006329,20.863541695179,455.534895391825,23.3422158000294,20.9387299488894,9.9e+37,775.821,531.653,510.011
20260514180314.9,4578.57400886714,9.7888264,0.49306032,2.002815,2.7317275,-0.000386361,-0.000717948,0.002410729,1.2107186,0.11989123,0.000622446,0.041406779,4.1308717,0.67530118,288.483,287.126,289.476,-38.01,NaN,NaN,NaN,-0.0382361364807764,446.001573712079,46.9248246782311,13.5060236,288.483,287.126,289.476,-0.0149038458147672+0i,0.000622446,20.8646341731232,443.999467890746,21.701751275989,20.9394972978421,236.707,203.765,578.563,584.427
20260514180317,4580.74600473046,9.7880832,0.56380259,2.0027385,2.7317165,-0.000387559,-0.000720343,0.002378496,1.2106093,0.34035356,0.000634425,-0.11948433,4.1309045,0.59471604,288.472,287.112,289.425,-38.3,NaN,NaN,NaN,-0.0430759935894969,445.994344720491,53.9950912275574,11.8943208,288.472,287.112,289.425,0.00814021763402917+0i,0.000634425,20.864998332438,444.961691965844,20.7311742394422,20.9387003630552,-9.9e+37,-9.9e+37,-9.9e+37,348.702
20260514180319.2,4582.91400745511,9.7879083,0.50754858,2.002651,2.7315089,-0.000388648,-0.000718492,0.002425974,1.2107077,0.31149598,0.000634207,0.11729147,4.1307733,0.71818651,288.497,287.11,289.452,-38.11,NaN,NaN,NaN,-0.0486117778641528,445.857913933785,48.3728395643232,14.3637302,288.497,287.11,289.452,-0.0578737460335903+0i,0.000634207,20.863541695179,443.999467890746,19.4597830931339,20.9410914363781,9.9e+37,785.88,319.499,248.622
20260514180321.5,4585.17200164497,9.7878646,0.65108025,2.0026838,2.7312138,-0.000388539,-0.000720126,0.002443833,1.2107514,0.31940085,0.000612537,-0.00762769,4.1308061,0.75944043,288.481,287.126,289.425,-38.06,NaN,NaN,NaN,-0.0465366495874946,445.663979804898,62.7179710560033,15.1888086,288.481,287.126,289.425,-0.0505701153117945+0i,0.000612537,20.8639058544937,432.464040389657,18.6122720360677,20.9408848734633,-9.9e+37,430.82,662.603,-9.9e+37
20260514180323.6,4587.35600709915,9.7886952,0.56469303,2.002804,2.7312029,-0.000388974,-0.000718819,0.002397988,1.2106968,0.43935652,0.000633663,0.12739345,4.1302378,0.67648735,288.456,287.142,289.446,-38.05,NaN,NaN,NaN,-0.0389320636467545,445.656816531415,54.0840853769702,13.529747,288.456,287.142,289.446,-0.077000135869386+0i,0.000633663,20.857596350269,432.6016797242,18.6532525089915,20.941888371165,-9.9e+37,148.542,297.401,-9.9e+37
20260514180325.8,4589.53900672495,9.7895368,0.50248526,2.0030226,2.7308968,-0.000387341,-0.000717948,0.002385574,1.2106421,0.1471709,0.000639652,-0.11933361,4.1304782,0.67437582,288.464,287.148,289.411,-38.1,NaN,NaN,NaN,-0.0251020928759687,445.45565341094,47.8667910303345,13.4875164,288.464,287.148,289.411,-0.0728159572629914+0i,0.000639652,20.860265371588,424.911394723475,19.4325042980872,20.9420360313735,261.498,103.013,654.591,393.656
20260514180328,4591.75000861287,9.7898647,0.70083485,2.0026401,2.7307985,-0.000389301,-0.000718274,0.002424014,1.2106968,0.2376568,0.000637692,0.17546977,4.1307187,0.69357054,288.486,287.158,289.433,-38.06,NaN,NaN,NaN,-0.0493013784195284,445.391052513382,67.6906455836246,13.8714108,288.486,287.158,289.433,-0.0751552576395725+0i,0.000637692,20.862935503149,423.950421915058,19.4871864488887,20.9417113940844,586.922,566.997,478.833,292.163
20260514180330.2,4593.93000081182,9.7898428,0.41918621,2.002651,2.7306017,-0.000388757,-0.000718165,0.002426628,1.2105984,0.21308556,0.000631376,-0.15457923,4.1311122,0.63334339,288.464,287.15,289.441,-38.31,NaN,NaN,NaN,-0.0486117778641528,445.261719282053,39.5415494625186,12.6668678,288.464,287.15,289.441,-0.057792256171431+0i,0.000631376,20.8673043046841,424.224449317458,20.5671277870379,20.9416818082502,-9.9e+37,-9.9e+37,522.047,429.782
20260514180333.4,4597.14500047266,9.7895368,0.42987482,2.0029133,2.7309733,-0.000388539,-0.000718819,0.002443724,1.210664,0.36402345,0.000632247,0.15883725,4.1305985,0.67653973,288.461,287.131,289.452,-38.16,NaN,NaN,NaN,-0.0320170782613616,445.505927761533,40.609812069045,13.5307946,288.461,287.131,289.452,-0.0613076469631645+0i,0.000632247,20.8616009924894,424.637367321075,21.6880495981118,20.9417407109564,671.305,431.107,164.481,215.978
20260514180335.9,4599.60900843143,9.7891543,0.66322236,2.002651,2.7306455,-0.000387777,-0.00071871,0.002390148,1.2107405,0.14305806,0.000637909,-0.12205841,4.1304345,0.6570711,288.472,287.145,289.455,-38.1,NaN,NaN,NaN,-0.0486117778641528,445.290503812197,63.9315022894686,13.141422,288.472,287.145,289.455,-0.128654854145986+0i,0.000637909,20.8597801959157,424.773755388936,21.6744724809419,20.9433348494923,-9.9e+37,-9.9e+37,541.912,485.444
20260514180338.7,4602.3950021714,9.7887827,0.53007811,2.0027385,2.7311154,-0.000388866,-0.000719799,0.002395919,1.2105875,0.4536298,0.000633989,-0.001599349,4.1302487,0.79249596,288.456,287.153,289.468,-38.1,NaN,NaN,NaN,-0.0430759935894969,445.599313189235,50.6245312662016,15.8499192,288.456,287.153,289.468,-0.0972797837965103+0i,0.000633989,20.8577173666266,422.989449106637,21.7564334267904,20.9427737944922,-9.9e+37,328.582,496.829,-9.9e+37
20260514180341,4604.68400605023,9.7885313,0.63159197,2.0026947,2.7309952,-0.00039039,-0.000718383,0.002393088,1.2105765,0.1699296,0.000632247,0.084180513,4.1302924,0.6992122,288.486,287.156,289.495,-38.12,NaN,NaN,NaN,-0.045847049032119,445.520320026604,60.7702340921215,13.984244,288.486,287.156,289.495,-0.10204574663967+0i,0.000632247,20.858202542299,424.637367321075,21.701751275989,20.9425968174116,-9.9e+37,288.839,660.76,363.655
20260514180343.2,4606.87900520861,9.7879848,0.50030717,2.0027822,2.7312029,-0.000388321,-0.000718601,0.002347679,1.2106749,0.23339773,0.000638781,-0.11801458,4.1302487,0.62379622,288.47,287.15,289.485,-38.16,NaN,NaN,NaN,-0.0403112647574631,445.656816531415,47.6491039690001,12.4759244,288.47,287.15,289.485,-0.0953779808434309+0i,0.000638781,20.8577173666266,423.401115843576,21.6470691251875,20.9428033803263,-9.9e+37,-9.9e+37,261.104,446.321
20260514180345.4,4609.07000117004,9.7887389,0.59363791,2.0029461,2.7318586,-0.000388321,-0.000721106,0.002417263,1.2106312,0.45283211,0.000634969,0.057634288,4.1309701,0.68363164,288.478,287.169,289.485,-38.16,NaN,NaN,NaN,-0.0299419499846891,446.087730148193,56.9769529204949,13.6726328,288.478,287.169,289.485,-0.0837780132125575+0i,0.000634969,20.8657266510675,423.675143245976,21.7291546317433,20.9421245199138,1306.963,328.145,-9.9e+37,-9.9e+37
20260514180347.6,4611.33200861514,9.7886843,0.64660619,2.0026838,2.7322521,-0.000389301,-0.000719254,0.002360637,1.210664,0.31319284,0.000634534,-0.00748365,4.1312542,0.79776116,288.467,287.169,289.466,-38.15,NaN,NaN,NaN,-0.0465366495874946,446.346330892743,62.2708155327541,15.9552232,288.467,287.169,289.466,-0.115502156681555+0i,0.000634534,20.868880848059,425.049034058018,20.5671277870379,20.943009943241,736.925,601.53,587.843,-9.9e+37
20260514180349.8,4613.51600401103,9.7888592,0.53159056,2.0030336,2.7327767,-0.000392677,-0.00071871,0.002385139,1.2107295,0.19649232,0.000636058,-0.11592897,4.1306968,0.65398401,288.459,287.196,289.474,-38.18,NaN,NaN,NaN,-0.0244061657100048,446.691088073407,50.7756915928709,13.0796802,288.459,287.196,289.474,-0.0663213664182712+0i,0.000636058,20.8626923601918,424.224449317458,20.5534261091611,20.9417113940844,-9.9e+37,-9.9e+37,415.215,454.806
20260514180352.1,4615.77700562775,9.7886078,0.46091266,2.0027275,2.7329079,-0.000387559,-0.00071871,0.002388732,1.2106421,0.18298835,0.000615804,-0.00438577,4.1307187,0.69014519,288.483,287.186,289.449,-38.19,NaN,NaN,NaN,-0.0437719207554323,446.777310227626,43.7118584398405,13.8029038,288.483,287.186,289.449,-0.0566037525862925+0i,0.000615804,20.862935503149,423.401115843576,21.7154529538666,20.9415045622075,1524.262,607.368,295.672,304.609
20260514180354.2,4617.95300468802,9.7887717,0.71346258,2.0029571,2.7331155,-0.000388321,-0.000716314,0.002436755,1.2105656,0.44747527,0.000611992,-0.049252877,4.1309045,0.62891626,288.456,287.205,289.441,-38.2,NaN,NaN,NaN,-0.029246022818711,446.913741014332,68.9527116300339,12.5783252,288.456,287.205,289.441,-0.111232828804216+0i,0.000611992,20.864998332438,423.950421915058,21.7291546317433,20.9426853059519,-9.9e+37,-9.9e+37,-9.9e+37,-9.9e+37
20260514180356.4,4620.13300694525,9.7885422,0.4903748,2.0026292,2.7339462,-0.00039039,-0.000718274,0.002416609,1.2105984,0.33702095,0.000636603,-0.097987833,4.1307187,0.61260676,288.47,287.202,289.452,-38.21,NaN,NaN,NaN,-0.0499909789748756,447.459661315471,46.6564230249686,12.2521352,288.47,287.202,289.452,-0.0862357295237798+0i,0.000636603,20.862935503149,424.773755388936,21.701751275989,20.9424787430371,1401.378,-9.9e+37,-9.9e+37,219.566
