DPT_zero_span_1,DPT_zero_span_2,DPT_calib_V_1,DPT_calib_V_2,O2Inlet_zero_span_1,O2Inlet_zero_span_2,O2Inlet_calib_V_1,O2Inlet_calib_V_2,CO_zero_span_1,CO_zero_span_2,CO_calib_V_1,CO_calib_V_2,CO2_zero_span_1,CO2_zero_span_2,CO2_calib_V_1,CO2_calib_V_2,O2_zero_span_1,O2_zero_span_2,O2_calib_V_1,O2_calib_V_2,desired_heat_flux,heatflux_calib
0,500,0.0235492211,5.02635,0,20.95,2.25158433,4.13856064,0,412,2.00341937,8.5155951,0,2556,2.0530689,5.94240805,0,NaN,2.25310682,2.57879588,15,0.1017
timestamp,test_time,v_data_1,v_data_2,v_data_3,v_data_4,v_data_5,v_data_6,v_data_7,v_data_8,v_data_9,v_data_10,v_data_11,v_data_12,v_data_13,temperatures_1,temperatures_2,temperatures_3,mass,MLR,smooth_MLR,conc_O2,conc_CO,conc_CO2,DPT_Pa,RH_ambient,T_cold_trap,T_duct,T_ambient,Q_OC__O2_CO2_CO,IR_Controller,O2_inlet,conc_CO2_hood,conc_CO_hood,conc_O2_hood,Extra TCs_1,Extra TCs_2,Extra TCs_3,Extra TCs_4
20260514184702.1,0,9.7874165,0.54823511,2.0027931,2.7293339,-0.000389083,-0.000715661,0.002351054,1.2111886,-0.001483811,0.00063584,-0.000806262,4.1302487,-0.000105411,288.406,287.111,289.364,-0.07,NaN,NaN,NaN,-0.0396216642021017,444.428545142431,52.4392147607533,-0.00210822,288.406,287.111,289.364,-0.0221234535778077+0i,0.00063584,20.8577173666266,423.950421915058,21.7974138997142,20.9470244719718,-9.9e+37,421.059,322.374,-9.9e+37
20260514184705.5,3.39399687945843,9.786717,0.77012467,2.0029352,2.7287984,-0.000386579,-0.000715007,0.002384376,1.2111667,0.00220646,0.000635405,-0.11521631,4.130205,0.00252838,288.393,287.122,289.402,-0.14,NaN,NaN,NaN,-0.0306315505400363,444.076624688284,74.6157484472284,0.0505676,288.393,287.122,289.402,-0.00629646708208318+0i,0.000635405,20.8572321909542,424.911394723475,22.5629640109328,20.9464047832276,-9.9e+37,318.239,639.439,-9.9e+37
20260514184707.7,5.57399913668633,9.7866514,0.56624367,2.0026401,2.7283721,-0.000383965,-0.000715552,0.002359657,1.2112651,0.14304388,0.000636058,-0.017686049,4.1307624,0.70486151,288.436,287.139,289.41,-0.06,NaN,NaN,NaN,-0.0493013784195284,443.796468405179,54.2390625656022,14.0972302,288.436,287.139,289.41,0.0107921506068868+0i,0.000636058,20.8634206788213,424.362088651997,21.7564334267904,20.9459028998958,161.732,-9.9e+37,636.033,461.881
20260514184709.8,7.65200033783913,9.7868919,0.51565097,2.0026292,2.7282082,-0.000385925,-0.000715552,0.00241857,1.2110028,0.3230652,0.00063388,0.11737118,4.1304892,0.75821607,288.42,287.171,289.432,-0.1,NaN,NaN,NaN,-0.0499909789748756,443.688756430511,49.1826249583542,15.1643214,288.42,287.171,289.432,0.013842012063148+0i,0.00063388,20.8603874981875,424.088061249597,22.5629640109328,20.9457552396872,719.71,491.903,446.848,202.195
20260514184711.8,9.70299504697323,9.7874055,0.57690936,2.0028805,2.7279568,-0.000384945,-0.000715225,0.002374358,1.2111449,0.13495021,0.000634316,-0.00420043,4.1307733,0.71860009,288.423,287.158,289.413,-0.14,NaN,NaN,NaN,-0.0340922065380482,443.523541113662,55.3050344552869,14.3720018,288.423,287.158,289.413,-0.00239042976706241+0i,0.000634316,20.863541695179,424.499727986536,23.3285141221518,20.9462867088532,-9.9e+37,239.672,753.965,423.896
20260514184713.9,11.7539998143911,9.7873946,0.68504042,2.002804,2.7279787,-0.000386361,-0.000713592,0.00234561,1.2111339,0.44935328,0.000628,-0.051183482,4.1308498,0.64050186,288.385,287.163,289.44,-0.16,NaN,NaN,NaN,-0.0389320636467545,443.537933378734,66.1120868224387,12.8100372,288.385,287.163,289.44,-0.0520535988853386+0i,0.000628,20.8643910301661,424.224449317458,22.4945801822546,20.9478216757209,-9.9e+37,-9.9e+37,90.449,-9.9e+37
20260514184715.9,13.7809954583645,9.7870339,0.66648841,2.0026401,2.7276289,-0.000385599,-0.000717512,0.002374467,1.2111339,0.38032969,0.000630178,-0.11207165,4.1312324,0.62601905,288.395,287.158,289.418,-0.2,NaN,NaN,NaN,-0.0493013784195284,443.308051446221,64.257924442213,12.520381,288.395,287.158,289.418,-0.00878263157739325+0i,0.000630178,20.8686388153437,423.675143245976,22.521983538009,20.9465228576021,562.098,-9.9e+37,-9.9e+37,147.442
20260514184717.9,15.7929942011833,9.7873509,0.5987285,2.0027385,2.7279677,-0.000386252,-0.000716314,0.002391999,1.2111667,0.34896883,0.000634207,0.11631762,4.1308717,0.77586344,288.4,287.175,289.43,-0.25,NaN,NaN,NaN,-0.0430759935894969,443.530704387146,57.485726927794,15.5172688,288.4,287.175,289.43,-0.0559249620409364+0i,0.000634207,20.8646341731232,424.499727986536,22.4673013872075,20.9480578244697,9.9e+37,916.493,390.864,-9.9e+37
20260514184719.9,17.8009998053312,9.7870012,0.43343115,2.002651,2.7275087,-0.000387232,-0.000714572,0.002394286,1.2111339,0.42814632,0.000634098,0.028672421,4.130358,0.69481782,288.391,287.186,289.432,-0.25,NaN,NaN,NaN,-0.0486117778641528,443.229058283591,40.9652459706905,13.8963564,288.391,287.186,289.432,-0.0380215216968091+0i,0.000634098,20.8589308609285,425.735979464039,22.5629640109328,20.9476740155123,-9.9e+37,446.105,320.904,-9.9e+37
20260514184722,19.9059974402189,9.7871432,0.51614202,2.0026947,2.727454,-0.000384728,-0.000717621,0.002361617,1.2110793,0.29787745,0.000634098,-0.00764406,4.1307296,0.77207906,288.391,287.17,289.43,-0.27,NaN,NaN,NaN,-0.045847049032119,443.193110479964,49.2317024673038,15.4415812,288.391,287.17,289.43,-0.025218498762652+0i,0.000634098,20.8630565195066,423.538755178119,22.521983538009,20.9471425463463,-9.9e+37,666.302,747.497,-9.9e+37
20260514184724.1,21.9329930841923,9.7871979,0.6001722,2.0027603,2.7279896,-0.00038647,-0.000717185,0.002394068,1.2111995,0.28630712,0.000632138,0.17396933,4.1302378,0.71098548,288.413,287.184,289.454,-0.28,NaN,NaN,NaN,-0.0416967924787883,443.545096652217,57.6300161033783,14.2197096,288.413,287.184,289.454,-0.0174646909888813+0i,0.000632138,20.857596350269,423.812782580515,22.5082818601313,20.9468179090571,-9.9e+37,536.443,608.187,-9.9e+37
20260514184726.2,24.0509960800409,9.78734,0.70805226,2.0030008,2.7281317,-0.000387232,-0.000717294,0.002357479,1.2111995,0.43638292,0.000618199,-0.001518222,4.1313089,0.77049896,288.416,287.184,289.47,-0.29,NaN,NaN,NaN,-0.0264812939866772,443.638482079919,68.4119825225689,15.4099792,288.416,287.184,289.47,-0.0388377356402035+0i,0.000618199,20.8694881503308,425.049034058018,21.7838367825448,20.9474082809293,-9.9e+37,163.57,781.629,-9.9e+37
20260514184728.2,26.0699953883886,9.787799,0.56591848,2.0026182,2.7282737,-0.000386688,-0.00071675,0.002386772,1.2111449,0.4479445,0.000634643,-0.059691694,4.131298,0.65525747,288.401,287.171,289.492,-0.29,NaN,NaN,NaN,-0.0506869061408253,443.731801789515,54.2065617711101,13.1051494,288.401,287.171,289.492,-0.0485643856461642+0i,0.000634643,20.8693671339732,425.049034058018,22.5356852158861,20.9478509925929,-9.9e+37,-9.9e+37,235.619,-9.9e+37
20260514184730.2,28.0819941312075,9.7877006,0.61101247,2.0026292,2.7288093,-0.000388321,-0.000714245,0.002354321,1.2111995,0.19734675,0.000635623,-0.11628414,4.1304017,0.62884642,288.409,287.171,289.495,-0.32,NaN,NaN,NaN,-0.0499909789748756,444.083787961767,58.7134362193382,12.5769284,288.409,287.171,289.495,-0.00285750967673728+0i,0.000635623,20.8594160366009,424.637367321075,21.9067782013171,20.9463456115594,950.567,-9.9e+37,384.151,373.928
20260514184732.2,30.0970003008842,9.7877225,0.41609367,2.0026292,2.728853,-0.000383856,-0.000712285,0.002405611,1.2112104,0.30819938,0.000634316,0.11820989,4.1311231,0.75090922,288.409,287.179,289.53,-0.38,NaN,NaN,NaN,-0.0499909789748756,444.112506773805,39.2324685959525,15.0181844,288.409,287.179,289.53,-0.04747833441773+0i,0.000634316,20.8674253210418,424.088061249597,22.4673013872075,20.9481167271759,9.9e+37,782.617,448.477,123.914
20260514184734.2,32.1169953793287,9.7873072,0.65458855,2.0026401,2.7296181,-0.000386143,-0.000716641,0.002419767,1.2111011,0.22739598,0.000632791,-0.11937065,4.1307515,0.60268202,288.404,287.166,289.514,-0.42,NaN,NaN,NaN,-0.0493013784195284,444.615315997835,63.0686046465708,12.0536404,288.404,287.166,289.514,-0.00989214364358161+0i,0.000632791,20.8632996624637,424.224449317458,23.2601302934731,20.9465228576021,-9.9e+37,-9.9e+37,311.425,355.742
20260514184736.3,34.1209977865219,9.7880067,0.42062121,2.0028259,2.7293448,-0.000386252,-0.00071479,0.002374794,1.211123,0.21615191,0.000614061,-0.11015967,4.1307515,0.61083897,288.412,287.168,289.5,-0.4,NaN,NaN,NaN,-0.0375465359254292,444.435708415915,39.6849691251656,12.2167794,288.412,287.168,289.5,-0.00794451069214919+0i,0.000614061,20.8632996624637,424.362088651997,23.287533649228,20.9465228576021,9.9e+37,-9.9e+37,-9.9e+37,576.491
20260514184738.3,36.1329965293407,9.7877881,0.73706369,2.002662,2.7293558,-0.000384619,-0.000716096,0.002404849,1.2110684,0.42770764,0.000635405,0.11047527,4.1310029,0.72695235,288.404,287.174,289.514,-0.39,NaN,NaN,NaN,-0.0479158506982031,444.442937407503,71.3115013403439,14.539047,288.404,287.174,289.514,-0.0172822662328834+0i,0.000635405,20.8660908103822,424.773755388936,22.6723283125361,20.9467294205168,9.9e+37,644.048,-9.9e+37,-9.9e+37
20260514184740.3,38.1639953702688,9.7878099,0.48741757,2.0027057,2.7293448,-0.000385272,-0.000716314,0.00240082,1.2110137,0.27001286,0.000633009,-0.11950219,4.130981,0.62194877,288.406,287.179,289.503,-0.39,NaN,NaN,NaN,-0.0451511218661693,444.435708415915,46.3608655831779,12.4389754,288.406,287.179,289.503,-0.0416440873324719+0i,0.000633009,20.8658476674251,425.049034058018,22.521983538009,20.9477329182184,387.698,-9.9e+37,201.147,326.967
20260514184742.3,40.1720009744167,9.7881378,0.51756935,2.0030117,2.7296399,-0.000387123,-0.000716314,0.002417916,1.2109591,0.24038378,0.00063584,-0.10881656,4.1305329,0.62242018,288.414,287.171,289.505,-0.46,NaN,NaN,NaN,-0.02579169343133,444.629642544801,49.3743555593498,12.4484036,288.414,287.171,289.505,-0.0460935306725484+0i,0.00063584,20.8608726738599,424.637367321075,22.521983538009,20.9478509925929,9.9e+37,-9.9e+37,-9.9e+37,534.03
20260514184744.3,42.1679969877005,9.7879302,0.46841598,2.0027713,2.729323,-0.000387232,-0.000715879,0.002435775,1.2110465,0.44868763,0.000633227,0.099168558,4.1302269,0.69128225,288.398,287.171,289.505,-0.51,NaN,NaN,NaN,-0.0410008653128102,444.421381868948,44.461770372337,13.825645,288.398,287.171,289.505,-0.0274555238576451+0i,0.000633227,20.8574753339113,425.186673392557,21.8385189333462,20.9472606207207,9.9e+37,654.949,-9.9e+37,-9.9e+37
20260514184746.3,44.1909994930029,9.7880722,0.52095652,2.0030117,2.7294323,-0.000384836,-0.00071675,0.002361073,1.211123,0.35889795,0.000633118,-0.088512658,4.1302924,0.56754551,288.387,287.174,289.511,-0.52,NaN,NaN,NaN,-0.02579169343133,444.493211758096,49.7128829312857,11.3509102,288.387,287.174,289.511,-0.0114572256242234+0i,0.000633118,20.858202542299,424.224449317458,21.701751275989,20.9466702488485,931.627,-9.9e+37,-9.9e+37,191.246
20260514184748.3,46.198995038867,9.7881378,0.47246991,2.0030336,2.7295744,-0.000385381,-0.00071773,0.002373705,1.2111339,0.12007674,0.00063486,0.046894899,4.1304673,0.68167289,288.431,287.155,289.505,-0.5,NaN,NaN,NaN,-0.0244061657100048,444.586597185797,44.8669364162357,13.6334578,288.431,287.155,289.505,-0.0475204604785944+0i,0.00063486,20.8601443552304,423.812782580515,21.7154529538666,20.9480282386356,9.9e+37,573.916,366.345,648.776
20260514184750.4,48.2219975441694,9.788105,0.56308892,2.0030554,2.7294869,-0.000385163,-0.000718274,0.002401909,1.2111886,0.42912079,0.00063388,0.098387669,4.1303799,0.68122437,288.401,287.141,289.505,-0.52,NaN,NaN,NaN,-0.0230269645992962,444.529093843616,53.9237641818143,13.6244874,288.401,287.141,289.505,0.0158753726223935+0i,0.00063388,20.8591740038856,424.911394723475,21.5786852965089,20.945725653853,217.608,467.083,-9.9e+37,-9.9e+37
20260514184752.4,50.2339962869883,9.7880941,0.48108952,2.0030554,2.7294651,-0.000385163,-0.000716423,0.002388188,1.2111339,0.15103494,0.0006329,-0.10979945,4.1304017,0.64249444,288.428,287.149,289.473,-0.51,NaN,NaN,NaN,-0.0230269645992962,444.51476729665,45.7284148541094,12.8498888,288.428,287.149,289.473,-0.00286130134877949+0i,0.0006329,20.8594160366009,424.499727986536,20.6355116157165,20.9464047832276,840.461,-9.9e+37,288.624,530.125
20260514184754.4,52.2459950298071,9.7879192,0.58830071,2.0027713,2.729323,-0.000386252,-0.000714136,0.002373487,1.2111886,0.45630877,0.000623209,-0.047636327,4.1302159,0.6775131,288.401,287.147,289.47,-0.5,NaN,NaN,NaN,-0.0410008653128102,444.421381868948,56.4435317194639,13.550262,288.401,287.147,289.47,-0.0389138580019509+0i,0.000623209,20.8573532073119,423.950421915058,22.4810030650851,20.9475263553037,1080.662,448.863,-9.9e+37,-9.9e+37
20260514184756.4,54.2459942400455,9.7880067,0.59944544,2.0027057,2.7298039,-0.00038647,-0.00071675,0.002376863,1.2111886,0.38830878,0.000614933,0.11183123,4.1308717,0.71779258,288.417,287.152,289.479,-0.5,NaN,NaN,NaN,-0.0451511218661693,444.737420237574,57.5573807904687,14.3558516,288.417,287.152,289.479,-0.0676205021475032+0i,0.000614933,20.8646341731232,424.088061249597,21.7291546317433,20.9484709502992,927.553,842.21,268.894,-9.9e+37
20260514184758.4,56.2499966472387,9.7877444,0.62800072,2.0026292,2.7301208,-0.000385708,-0.000715879,0.002415303,1.2111777,0.39508968,0.000634534,-0.040621394,4.1306531,0.61614125,288.405,287.151,289.473,-0.18,NaN,NaN,NaN,-0.0499909789748756,444.945680913427,60.4113101454448,12.322825,288.405,287.151,289.473,-0.0164534414085208+0i,0.000634534,20.8622071845194,424.773755388936,20.6081082599621,20.9468179090571,-9.9e+37,-9.9e+37,-9.9e+37,-9.9e+37
20260514184800.4,58.2579921931028,9.7881488,0.55125672,2.0030445,2.7302301,-0.000384619,-0.000714136,0.002397226,1.2110356,0.44433581,0.000638454,-0.036119113,4.1304455,0.68481781,288.386,287.14,289.522,-0.12,NaN,NaN,NaN,-0.0237165651546434,445.017510802575,52.7412065982799,13.6963562,288.386,287.14,289.522,-0.0161812036160528+0i,0.000638454,20.8599023225151,423.263476509037,20.6081082599621,20.9468770807254,1467.287,697.793,-9.9e+37,-9.9e+37
20260514184802.4,60.261994600296,9.7878209,0.60225099,2.0026729,2.7305799,-0.000386143,-0.000715007,0.002445249,1.2110684,0.28748237,0.000633989,0.11673643,4.1302924,0.73501108,288.4,287.14,289.549,0.25,NaN,NaN,NaN,-0.047226250142856,445.247392735087,57.8377787239456,14.7002216,288.4,287.14,289.549,-0.0103176063203708+0i,0.000633989,20.858202542299,424.362088651997,20.5534261091611,20.9466409319765,1035.908,1079.252,536.416,-9.9e+37
20260514184804.4,62.2619938105345,9.7877225,0.68022917,2.0026401,2.730711,-0.000386252,-0.000718056,0.002396573,1.2110137,0.1762871,0.000635514,-0.11540491,4.1305001,0.59565668,288.402,287.135,289.533,0.19,NaN,NaN,NaN,-0.0493013784195284,445.333549171201,65.6312311765081,11.9131336,288.402,287.135,289.533,-0.047554193076754+0i,0.000635514,20.8605085145451,423.950421915058,20.5671277870379,20.9477625040526,-9.9e+37,-9.9e+37,472.042,353.415
20260514184806.4,64.2809931188822,9.7881378,0.48755179,2.0029789,2.7315635,-0.000382659,-0.000716205,0.002376863,1.2111777,0.33222937,0.000640196,-0.11607876,4.1305657,0.60126124,288.402,287.139,289.541,0.16,NaN,NaN,NaN,-0.0278668217080025,445.893796019306,46.3742800689762,12.0252248,288.402,287.139,289.541,0.00238075119888185+0i,0.000640196,20.8612368331747,424.362088651997,19.4734847710115,20.9462571230191,894.371,-9.9e+37,-9.9e+37,376.726
20260514184808.4,66.3079988211393,9.7880722,0.5830508,2.0027822,2.7323505,-0.000384945,-0.00071773,0.002368369,1.2111558,0.12344318,0.000634316,0.042966273,4.1308826,0.65654949,288.409,287.136,289.552,0.1,NaN,NaN,NaN,-0.0403112647574631,446.410997508407,55.9188346315704,13.1309898,288.409,287.136,289.552,-0.00584626992229251+0i,0.000634316,20.8647551894809,425.049034058018,19.4460814152567,20.9465228576021,9.9e+37,519.026,381.765,679.047
20260514184810.5,68.3439966291189,9.7879302,0.57550384,2.002651,2.7327002,-0.000384728,-0.000717621,0.002364993,1.2110793,0.34489308,0.00063486,0.11349102,4.1308389,0.68571916,288.42,287.141,289.543,0.06,NaN,NaN,NaN,-0.0486117778641528,446.640813722815,55.1645611422252,13.7143832,288.42,287.141,289.543,-0.0261651523811609+0i,0.00063486,20.8642700138085,424.911394723475,19.4597830931339,20.9472017180145,286.361,512.657,190.702,224.179
20260514184812.5,70.3869950026274,9.7876023,0.69241602,2.0027931,2.7324488,-0.000383312,-0.000715116,0.002373705,1.2109809,0.40519337,0.000634751,0.098341715,4.1302269,0.70198392,288.393,287.133,289.538,0.01,NaN,NaN,NaN,-0.0396216642021017,446.475598405966,66.8492339052395,14.0396784,288.393,287.133,289.538,-0.0249072429686329+0i,0.000634751,20.8574753339113,424.499727986536,20.5808294649155,20.947054057806,-9.9e+37,514.4,343.054,-9.9e+37
20260514184814.5,72.3939947783947,9.7873946,0.50478014,2.0028587,2.7335636,-0.000385272,-0.000716532,0.002360202,1.2111121,0.422712,0.000631049,-0.057807912,4.1307733,0.6626822,288.382,287.144,289.533,0,NaN,NaN,NaN,-0.0354714076487426,447.208223844403,48.096150553272,13.253644,288.382,287.144,289.533,0.00710013802552308+0i,0.000631049,20.863541695179,424.499727986536,20.5534261091611,20.9460505601043,-9.9e+37,384.454,237.99,-9.9e+37
20260514184816.6,74.4289968162775,9.7877444,0.54093148,2.0026401,2.733356,-0.000384836,-0.000716641,0.002373596,1.2110137,0.37650384,0.000637583,-0.11518147,4.1307515,0.62634096,288.398,287.166,289.505,-0.05,NaN,NaN,NaN,-0.0493013784195284,447.071793057698,51.7092606487682,12.5268192,288.398,287.166,289.505,-0.0612370365189916+0i,0.000637583,20.8632996624637,425.049034058018,21.7154529538666,20.9483528759247,-9.9e+37,174.058,-9.9e+37,-9.9e+37
20260514184818.6,76.4369923621416,9.7878427,0.46644304,2.0027057,2.7336948,-0.000386797,-0.000714463,0.002352906,1.2110793,0.24781724,0.000636167,-0.1180417,4.1302487,0.63400467,288.42,287.139,289.484,-0.08,NaN,NaN,NaN,-0.0451511218661693,447.294445998622,44.2645868258403,12.6800934,288.42,287.139,289.484,0.00256719275576218+0i,0.000636167,20.8577173666266,424.911394723475,20.594406582085,20.9461979513508,9.9e+37,260.968,-9.9e+37,404.091
20260514184820.6,78.4490011632442,9.7873509,0.58424679,2.0027385,2.7342085,-0.000385163,-0.000716423,0.002368804,1.2110028,0.41293565,0.000633445,-0.009878241,4.1308936,0.62371547,288.401,287.155,289.524,-0.16,NaN,NaN,NaN,-0.0430759935894969,447.632039905803,56.0383666750054,12.4743094,288.401,287.155,289.524,-0.0238070666698669+0i,0.000633445,20.8648773160803,424.637367321075,20.594406582085,20.9470836436401,9.9e+37,413.925,-9.9e+37,204.181
20260514184822.6,80.4759968072176,9.7873946,0.42600096,2.0027822,2.7342303,-0.000387668,-0.000713483,0.00234365,1.2110684,0.12875531,0.000635514,0.009077206,4.1308717,0.7149652,288.417,287.155,289.563,-0.06,NaN,NaN,NaN,-0.0403112647574631,447.646366452769,40.2226429440681,14.299304,288.417,287.155,289.563,-0.000434659636414029+0i,0.000635514,20.8646341731232,424.224449317458,21.6880495981118,20.9462867088532,9.9e+37,862.978,488.071,571.289
20260514184824.7,82.5779970735312,9.7871214,0.57154486,2.0026292,2.7339243,-0.000386579,-0.000719145,0.002337769,1.2110028,0.27035223,0.000636712,0.0056984,4.1307952,0.53947688,288.393,287.139,289.552,-0.1,NaN,NaN,NaN,-0.0499909789748756,447.445269050399,54.768884782625,10.7895376,288.393,287.139,289.552,0.0018955644704427+0i,0.000636712,20.8637848381361,424.637367321075,21.6880495981118,20.9461979513508,-9.9e+37,-9.9e+37,-9.9e+37,460.552
20260514184826.7,84.5779962837696,9.788105,0.47485533,2.0030445,2.7339134,-0.000383965,-0.000715661,0.002386881,1.2111339,0.19169528,0.000633554,0.11122796,4.130358,0.6985651,288.417,287.147,289.538,-0.19,NaN,NaN,NaN,-0.0237165651546434,447.438105776916,45.1053448703621,13.971302,288.417,287.147,289.538,-0.00858098025625639+0i,0.000633554,20.8589308609285,424.362088651997,21.701751275989,20.9465817603082,9.9e+37,944.298,461.484,319.905
20260514184828.7,86.5899950265884,9.7873181,0.51958812,2.0027385,2.7335855,-0.000385054,-0.000717185,0.002379694,1.2111121,0.27796357,0.000635405,0.13459229,4.1308826,0.69240402,288.423,287.136,289.535,-0.15,NaN,NaN,NaN,-0.0430759935894969,447.222616109475,49.5761195400898,13.8480804,288.423,287.136,289.535,-0.0337056368967171+0i,0.000635405,20.8647551894809,423.401115843576,21.7154529538666,20.9474674525976,-9.9e+37,631.16,564.415,-9.9e+37
20260514184830.9,88.7219991534948,9.7873618,0.57452501,2.0030117,2.7325581,-0.000385708,-0.000715334,0.002351163,1.2109918,0.10595514,0.000636385,-0.000487307,4.1311559,0.51913308,288.414,287.11,289.538,-0.15,NaN,NaN,NaN,-0.02579169343133,446.547428295113,55.0667329412574,10.3826616,288.414,287.11,289.538,-0.0176392724200077+0i,0.000636385,20.8677894803565,424.637367321075,21.6880495981118,20.9468474948912,-9.9e+37,-9.9e+37,227.217,362.636
20260514184833,90.8509958535433,9.7872853,0.721111,2.002804,2.7320991,-0.000384836,-0.000715225,0.00240474,1.2111121,0.3465092,0.00063682,-0.00753821,4.131298,0.75578372,288.394,287.1,289.514,-0.09,NaN,NaN,NaN,-0.0389320636467545,446.245782191559,69.7171254392204,15.1156744,288.394,287.1,289.514,-0.0171352232507462+0i,0.00063682,20.8693671339732,425.049034058018,21.6880495981118,20.9467590063509,-9.9e+37,648.397,633.772,-9.9e+37
20260514184835,92.8470019251108,9.7874055,0.46863095,2.0029024,2.7321319,-0.000386361,-0.000716096,0.002335156,1.2109372,0.19966018,0.00063486,-0.14143538,4.1313745,0.62375803,288.389,287.1,289.53,-0.03,NaN,NaN,NaN,-0.032706678816723,446.267337730113,44.4832553374097,12.4751606,288.389,287.1,289.53,0.0277865712926816+0i,0.00063486,20.8702164689603,423.675143245976,21.6880495981118,20.9452533563553,-9.9e+37,-9.9e+37,354.516,476.609
20260514184837.1,94.9529953300953,9.7873618,0.40331428,2.0029789,2.7312794,-0.000384074,-0.000719254,0.002417045,1.2111339,0.45361125,0.000634969,0.002785547,4.1311012,0.67851267,288.362,287.081,289.539,-0.03,NaN,NaN,NaN,-0.0278668217080025,445.707090882008,37.9552450401096,13.5702534,288.362,287.081,289.539,-0.0464737594203271+0i,0.000634969,20.8671821780847,424.911394723475,21.6880495981118,20.9481167271759,1049.144,-9.9e+37,107.82,382.32
20260514184839.1,96.9999969005585,9.7871104,0.6389523,2.002662,2.7304487,-0.000386797,-0.000718056,0.0023357,1.2111449,0.17126308,0.000639434,0.064377754,4.1309591,0.73580877,288.4,287.094,289.522,-0.07,NaN,NaN,NaN,-0.0479158506982031,445.161170580869,61.5058550298014,14.7161754,288.4,287.094,289.522,-0.0011634066243605+0i,0.000639434,20.865604524468,425.186673392557,21.6744724809419,20.9462867088532,9.9e+37,490.317,395.415,476.601
20260514184841.2,99.0269925445318,9.7877553,0.40854563,2.002662,2.7294104,-0.000385381,-0.000716532,0.002373705,1.2109918,0.41996429,0.000615368,-0.018248387,4.1310356,0.60345352,288.387,287.108,289.498,-0.12,NaN,NaN,NaN,-0.0479158506982031,444.478819493024,38.4780871670702,12.0690704,288.387,287.108,289.498,-0.0372093109664637+0i,0.000615368,20.8664538594552,425.049034058018,21.6744724809419,20.9477329182184,-9.9e+37,-9.9e+37,-9.9e+37,-9.9e+37
20260514184843.2,101.054994016886,9.7877006,0.44732032,2.0026292,2.7290607,-0.000382332,-0.000715334,0.002379476,1.2109809,0.1215488,0.000636276,0.054618645,4.1311668,0.68268882,288.411,287.11,289.49,-0.13,NaN,NaN,NaN,-0.0499909789748756,444.249003278616,42.3533853963678,13.6537764,288.411,287.11,289.49,-0.00232531299379718+0i,0.000636276,20.8679104967142,424.911394723475,20.7721547123665,20.9463751973935,9.9e+37,391.768,488.009,557.143
20260514184845.3,103.147992119193,9.7870886,0.60179049,2.002651,2.728394,-0.00038647,-0.00071675,0.002381872,1.2110246,0.27065123,0.000638563,0.00562419,4.1315384,0.55302778,288.405,287.132,289.489,-0.1,NaN,NaN,NaN,-0.0486117778641528,443.810860670251,57.791754504678,11.0605556,288.405,287.132,289.489,-0.00332158635004375+0i,0.000638563,20.8720361552923,424.773755388936,20.5671277870379,20.9464047832276,680.255,-9.9e+37,-9.9e+37,462.916
20260514184847.4,105.276998877525,9.7870995,0.56905904,2.0026729,2.7280989,-0.00038647,-0.000714899,0.002368913,1.2110028,0.40560477,0.00063987,-0.000979841,4.1315712,0.77953872,288.394,287.156,289.443,-0.13,NaN,NaN,NaN,-0.047226250142856,443.616926541364,54.5204419493141,15.5907744,288.394,287.156,289.443,0.019310660055555+0i,0.00063987,20.872400314607,432.052373652718,21.6880495981118,20.9454601882322,1533.573,762.604,436.951,-9.9e+37
20260514184849.4,107.29699395597,9.7873618,0.52698121,2.0027713,2.7280005,-0.000383312,-0.000716096,0.002392544,1.2110137,0.45208462,0.000635078,-0.018248932,4.1315712,0.6677335,288.402,287.154,289.427,-0.19,NaN,NaN,NaN,-0.0410008653128102,443.5522599257,50.3150146437267,13.35467,288.402,287.154,289.427,0.0234977476213417+0i,0.000635078,20.872400314607,443.725440488341,22.4535997093299,20.9450172076064,-9.9e+37,289.953,171.313,-9.9e+37
20260514184851.5,109.354999288917,9.7873728,0.47567812,2.0030226,2.7275743,-0.000385817,-0.000711414,0.002376427,1.2109591,0.15755069,0.00063486,-0.000469993,4.1303143,0.70568538,288.436,287.171,289.432,-0.26,NaN,NaN,NaN,-0.0251020928759687,443.2721693607,45.1875778071073,14.1137076,288.436,287.171,289.432,0.0645246835209836+0i,0.00063486,20.8584456852561,455.397256057291,22.5766656888104,20.9432167751179,677.017,699.241,707.442,249.583
20260514184853.5,111.378997564316,9.7872416,0.61124491,2.002662,2.7271699,-0.000386034,-0.000718165,0.002396355,1.2110356,0.11168191,0.000636712,0.055827603,4.1307733,0.66144693,288.414,287.16,289.402,-0.27,NaN,NaN,NaN,-0.0479158506982031,443.006405342666,58.7366672063666,13.2289386,288.414,287.16,289.402,0.0786032772101846+0i,0.000636712,20.863541695179,461.85254084719,22.521983538009,20.9429214547007,-9.9e+37,-9.9e+37,704.387,537.874
20260514184855.5,113.38699311018,9.7871214,0.37997286,2.0026947,2.726842,-0.000385054,-0.00071577,0.002387317,1.2110793,0.13877499,0.000635949,0.016919865,4.1302706,0.67352903,288.428,287.171,289.454,-0.32,NaN,NaN,NaN,-0.045847049032119,442.790915675225,35.622409791258,13.4705806,288.428,287.171,289.454,0.0481677740674551+0i,0.000635949,20.8579605095837,455.260867989429,22.4810030650851,20.9436003151132,-9.9e+37,-9.9e+37,623.985,634.253
20260514184857.6,115.428995713592,9.7872853,0.52217979,2.0026947,2.7272792,-0.000384836,-0.000714354,0.002380347,1.2110028,0.23601559,0.000637583,-0.11847782,4.1308717,0.57049838,288.4,287.156,289.443,-0.33,NaN,NaN,NaN,-0.045847049032119,443.078235231813,49.8351414474712,11.4099676,288.4,287.156,289.443,0.0527211528535826+0i,0.000637583,20.8646341731232,455.397256057291,22.4400225921609,20.9437479753218,-9.9e+37,-9.9e+37,-9.9e+37,622.795
20260514184859.6,117.4610003829,9.7869902,0.44962827,2.0026292,2.7275743,-0.000387668,-0.000713483,0.002351381,1.2109044,0.14421695,0.000638781,-0.011196204,4.1311449,0.63840887,288.416,287.162,289.422,-0.3,NaN,NaN,NaN,-0.0499909789748756,443.2721693607,42.5840511875916,12.7681774,288.416,287.162,289.422,0.0712904441325213+0i,0.000638781,20.8676673537571,455.397256057291,22.521983538009,20.9428918688666,9.9e+37,-9.9e+37,166.07,814.075
20260514184901.6,119.479999691248,9.7872088,0.62730452,2.002651,2.7277491,-0.00038451,-0.000714572,0.002353559,1.2110246,0.43221552,0.000633445,0.11037541,4.1309263,0.70253935,288.392,287.148,289.449,-0.16,NaN,NaN,NaN,-0.0486117778641528,443.387044608851,60.3417291216575,14.050787,288.392,287.148,289.449,0.0854007928362652+0i,0.000633445,20.8652403651533,462.951152990154,21.701751275989,20.9427444776202,1181.183,400.596,-9.9e+37,117.782
20260514184903.6,121.496001631021,9.7870339,0.70854986,2.0026182,2.7281863,-0.000382985,-0.000715443,0.002426846,1.2109481,0.38889477,0.000636929,-0.040492135,4.1305001,0.62859544,288.378,287.154,289.449,-0.06,NaN,NaN,NaN,-0.0506869061408253,443.67436416544,68.4617146648219,12.5719088,288.378,287.154,289.449,0.0640878646827447+0i,0.000636929,20.8605085145451,464.599071204592,22.5629640109328,20.9434822407388,-9.9e+37,-9.9e+37,-9.9e+37,-9.9e+37
20260514184905.7,123.53099361062,9.7863017,0.56670417,2.0026292,2.7281754,-0.000384074,-0.000715987,0.002336354,1.2109918,0.14614951,0.000635949,-0.082086431,4.1304017,0.64942702,288.408,287.137,289.443,-0.03,NaN,NaN,NaN,-0.0499909789748756,443.667200891957,54.2850867848698,12.9885404,288.408,287.137,289.443,0.0696206250823716+0i,0.000635949,20.8594160366009,455.810174060907,21.701751275989,20.943275677824,9.9e+37,299.95,280.232,623.034
20260514184907.7,125.550998747349,9.7873072,0.51297636,2.0027166,2.7291918,-0.000385925,-0.00071577,0.00239287,1.2109918,0.45629895,0.000635296,-0.036966101,4.1308717,0.57413544,288.384,287.14,289.419,-0.05,NaN,NaN,NaN,-0.0444615213108221,444.33515971473,48.9153136943038,11.4827088,288.384,287.14,289.419,0.0515442677332636+0i,0.000635296,20.8646341731232,443.725440488341,21.6744724809419,20.9440432957389,1501.734,209.544,-9.9e+37,217.641
20260514184909.7,127.577994391322,9.787329,0.50519153,2.0028915,2.7287328,-0.000384074,-0.000712394,0.002385792,1.2108607,0.38213021,0.000631811,0.11294861,4.1309373,0.71893182,288.402,287.189,289.427,-0.12,NaN,NaN,NaN,-0.0333962793720701,444.033513611175,48.1372665219245,14.3786364,288.402,287.189,289.427,0.0519395922695612+0i,0.000631811,20.8653624917527,445.510998037322,20.594406582085,20.9440137099048,9.9e+37,930.168,232.644,-9.9e+37
20260514184911.7,129.581996798515,9.7873837,0.65941396,2.0030445,2.729476,-0.000385817,-0.00071479,0.002434142,1.2108935,0.43354682,0.000638127,-0.043299894,4.1311012,0.64828559,288.391,287.175,289.402,-0.5,NaN,NaN,NaN,-0.0237165651546434,444.521930570133,63.5508754997649,12.9657118,288.391,287.175,289.402,0.0425962425190223+0i,0.000638127,20.8671821780847,444.13710722528,20.5124456362364,20.9445744959428,-9.9e+37,421.65,109.987,-9.9e+37
20260514184913.8,131.616998836398,9.787329,0.63964852,2.0027166,2.7298476,-0.000385817,-0.00071381,0.002416609,1.2109372,0.43154332,0.0006231,-0.018751484,4.1315821,0.63419346,288.372,287.194,289.413,-0.51,NaN,NaN,NaN,-0.0444615213108221,444.766139049612,61.575438052469,12.6838692,288.372,287.194,289.413,0.0569014601051521+0i,0.0006231,20.8725213309647,444.13710722528,20.5534261091611,20.9441021984451,235.987,472.503,-9.9e+37,-9.9e+37
20260514184915.8,133.640001341701,9.7870995,0.52549277,2.0026838,2.7299569,-0.000383639,-0.000714572,0.002365102,1.2108279,0.43533425,0.000631594,-0.045732617,4.1309591,0.66700347,288.4,287.173,289.43,-0.47,NaN,NaN,NaN,-0.0465366495874946,444.83796893876,50.1662539728763,13.3400694,288.4,287.173,289.43,0.0826766416762239+0i,0.000631594,20.865604524468,444.13710722528,20.5808294649155,20.943009943241,1061.093,678.641,-9.9e+37,-9.9e+37
20260514184917.8,135.6639996171,9.7871323,0.51093576,2.0026838,2.7299569,-0.000384292,-0.000712612,0.002423905,1.2110137,0.12938495,0.000635949,-0.071684545,4.1302815,0.67525208,288.408,287.162,289.414,-0.49,NaN,NaN,NaN,-0.0465366495874946,444.83796893876,48.7113679356993,13.5050416,288.408,287.162,289.414,0.0414041387686135+0i,0.000635949,20.8580815259414,443.725440488341,20.826836863168,20.9444268357343,1526.917,547.335,476.889,420.757
20260514184919.8,137.671995162964,9.7880504,0.52732603,2.0029898,2.7300115,-0.000384945,-0.000714681,0.002400711,1.2109044,0.13235091,0.000639216,-0.002685692,4.1302706,0.69033942,288.4,287.176,289.43,-0.52,NaN,NaN,NaN,-0.0271772211526553,444.87385102428,50.3494773392486,13.8067884,288.4,287.176,289.43,0.0545636610097209+0i,0.000639216,20.8579605095837,444.548773962228,21.4420421998598,20.9439545382365,1444.489,636.02,564.535,530.648
20260514184921.8,139.694997668266,9.7873837,0.46100105,2.002968,2.7300115,-0.000385272,-0.000711087,0.002391019,1.2109263,0.44243489,0.000636276,-0.031908343,4.1302815,0.64427751,288.389,287.165,289.46,-0.52,NaN,NaN,NaN,-0.0285564222633639,444.87385102428,43.7206924913955,12.8855502,288.389,287.165,289.46,0.071342874724427+0i,0.000636276,20.8580815259414,455.534895391825,21.6880495981118,20.9429510405349,-9.9e+37,111.89,120.881,-9.9e+37
20260514184923.8,141.70299321413,9.788116,0.43101953,2.0030554,2.7301864,-0.000386905,-0.000715225,0.002349421,1.2109044,0.23284012,0.000635732,-0.1173562,4.1304564,0.6139577,288.381,287.173,289.463,-6.26,NaN,NaN,NaN,-0.0230269645992962,444.988791990537,40.7242189833506,12.279154,288.381,287.173,289.463,0.0580243692061294+0i,0.000635732,20.8600233388728,463.087541058012,22.3989175585293,20.9431871892838,566.022,-9.9e+37,264.083,408.907
20260514184925.9,143.729998916388,9.788105,0.57405251,2.002815,2.7298585,-0.000383856,-0.000711958,0.002398206,1.2109044,0.12882405,0.000635078,0.023406557,4.1308498,0.67283064,288.419,287.138,289.455,-8.84,NaN,NaN,NaN,-0.0382361364807764,444.773302323096,55.0195093938004,13.4566128,288.419,287.138,289.455,0.0541885710276104+0i,0.000635078,20.8643910301661,472.563383607718,22.5766656888104,20.9434233380326,9.9e+37,514.015,459.154,662.434
20260514184927.9,145.729998126626,9.7880722,0.62975979,2.0027713,2.7298476,-0.000386252,-0.000713483,0.002445031,1.2109044,0.41520541,0.000635296,0.10759259,4.1308826,0.66749016,288.378,287.151,289.474,-8.37,NaN,NaN,NaN,-0.0410008653128102,444.766139049612,60.5871186652862,13.3498032,288.378,287.151,289.474,0.114685125629251+0i,0.000635296,20.8647551894809,464.186153200972,22.4400225921609,20.9417702967905,-9.9e+37,371.053,164.305,-9.9e+37
20260514184929.9,147.7460000664,9.7874274,0.5950947,2.0029133,2.729782,-0.000383094,-0.00071479,0.002376427,1.2109809,0.11834605,0.000613735,-0.068675444,4.1307296,0.61742999,288.399,287.133,289.482,-7.72,NaN,NaN,NaN,-0.0320170782613616,444.723027972503,57.1225503632458,12.3485998,288.399,287.133,289.482,0.0971725781428551+0i,0.000613735,20.8630565195066,463.774486464033,22.4400225921609,20.9422425942883,146.532,-9.9e+37,563.237,535.166
20260514184931.9,149.745999276638,9.788105,0.53727478,2.0028259,2.7298476,-0.000386034,-0.000709998,0.002407789,1.2110028,0.32129523,0.000632791,0.11647323,4.130828,0.73521514,288.384,287.138,289.495,-7.23,NaN,NaN,NaN,-0.0375465359254292,444.766139049612,51.3437953662586,14.7043028,288.384,287.138,289.495,0.0595345319479548+0i,0.000632791,20.8641489974508,455.123228654886,22.5629640109328,20.9435414124071,182.098,520.245,380.348,176.019
20260514184933.9,151.757998019457,9.7883236,0.54913864,2.0029352,2.7293667,-0.000384074,-0.000713701,0.002316099,1.2109809,0.10693616,0.000636167,0.060617047,4.1302487,0.64839581,288.393,287.141,289.506,-6.44,NaN,NaN,NaN,-0.0306315505400363,444.450100680986,52.5295171773327,12.9679162,288.393,287.141,289.506,0.057898053649396+0i,0.000636167,20.8577173666266,454.711561917946,22.5492623330556,20.9436299009474,-9.9e+37,-9.9e+37,682.553,521.205
20260514184935.9,153.757997229695,9.7877553,0.64334014,2.0026292,2.7294979,-0.000386579,-0.000713374,0.002356935,1.2109263,0.26340656,0.00063388,-0.11922691,4.1305547,0.57852984,288.377,287.143,289.455,-5.68,NaN,NaN,NaN,-0.0499909789748756,444.536322835205,61.9443933800097,11.5705968,288.377,287.143,289.455,0.067956360327134+0i,0.00063388,20.8611147065752,455.672534726368,23.3422158000294,20.9434233380326,-9.9e+37,-9.9e+37,-9.9e+37,509.426
20260514184937.9,155.764997005463,9.7877006,0.61895335,2.0026182,2.7294323,-0.000383748,-0.000713483,0.00235247,1.2108826,0.17678142,0.00063388,0.074529651,4.1304345,0.69796819,288.396,287.127,289.465,-4.74,NaN,NaN,NaN,-0.0506869061408253,444.493211758096,59.5070796553803,13.9593638,288.396,287.127,289.465,0.0673369592009808+0i,0.00063388,20.8597801959157,443.313773751401,22.4535997093299,20.9436890726156,9.9e+37,574.144,427.927,556.57
20260514184939.9,157.772992551327,9.7877225,0.56241127,2.0026292,2.730099,-0.000383965,-0.000710216,0.002367498,1.2108826,0.43539645,0.000639216,-0.037287996,4.130511,0.60123615,288.376,287.154,289.449,-3.98,NaN,NaN,NaN,-0.0499909789748756,444.931354366461,53.8560371195198,12.024723,288.376,287.154,289.449,0.0738231063597721+0i,0.000639216,20.8606295309028,444.412385894362,22.5492623330556,20.9433348494923,-9.9e+37,-9.9e+37,-9.9e+37,-9.9e+37
20260514184942,159.89399291575,9.7880067,0.33782191,2.0027385,2.7304487,-0.000384183,-0.000712721,0.002368913,1.2108716,0.21738937,0.000637474,0.00499128,4.1304455,0.57523649,288.4,287.138,289.441,-3.29,NaN,NaN,NaN,-0.0430759935894969,445.161170580869,31.4096745792367,11.5047298,288.4,287.138,289.441,0.0890022257594141+0i,0.000637474,20.8599023225151,458.693092486167,21.8794994062705,20.941622636582,9.9e+37,354.855,-9.9e+37,369.027
20260514184944.2,162.030996009707,9.7880395,0.07292033,2.002662,2.7309406,-0.000385817,-0.000710325,0.002359766,1.2111011,0.25685918,0.000638345,-0.17208037,4.130828,0.57326246,288.411,287.146,289.408,-2.73,NaN,NaN,NaN,-0.0479158506982031,445.484437941083,4.93434688707083,11.4652492,288.411,287.146,289.408,0.021056478891697+0i,0.000638345,20.8641489974508,464.04976513311,22.4810030650851,20.9430691149093,9.9e+37,224.653,131.399,666.289
20260514184946.3,164.144000038505,9.7884438,0.023174065,2.0026292,2.7307875,-0.000384292,-0.00071577,0.002375011,1.2107514,0.22923797,0.000639107,0.17502127,4.1306859,0.74107395,288.421,287.186,289.389,-2.86,NaN,NaN,NaN,-0.0499909789748756,445.383823521793,-0.0374946071789251,14.821479,288.421,287.186,289.389,0+0.000156659760470897i,0.000639107,20.8625713438342,463.912125798571,22.5629640109328,20.9456075794786,9.9e+37,915.492,388.114,293.768
20260514184948.3,166.203001141548,9.7880395,0.023182777,2.0029461,2.7306345,-0.00038157,-0.000713374,0.002396573,1.2111886,0.29200006,0.000635949,0.15717965,4.1302378,0.70343418,288.423,287.166,289.378,-2.96,NaN,NaN,NaN,-0.0299419499846891,445.283274820608,-0.0366238949134332,14.0686836,288.423,287.166,289.378,0+0.000566250010643033i,0.000635949,20.857596350269,455.534895391825,22.4945801822546,20.9463160257252,-9.9e+37,592.239,498.086,105.217
20260514184950.4,168.249992653728,9.7879192,0.023181252,2.0027385,2.7312029,-0.000385163,-0.000713265,0.00231207,1.2111667,0.19526141,0.00063682,-0.16099241,4.1302269,0.61078986,288.409,287.182,289.345,-3.04,NaN,NaN,NaN,-0.0430759935894969,445.656816531415,-0.0367763095375011,12.2157972,288.409,287.182,289.345,0+0.000461886587043661i,0.00063682,20.8574753339113,455.946562128773,22.5766656888104,20.9461686344788,-9.9e+37,-9.9e+37,446.286,447.688
20260514184952.4,170.288997888565,9.7874711,0.023180817,2.0027931,2.7317384,-0.000382005,-0.000717294,0.00240474,1.2111667,0.30774215,0.000637692,-0.15667005,4.130828,0.59602115,288.401,287.193,289.291,-3.1,NaN,NaN,NaN,-0.0396216642021017,446.008736985562,-0.0368197851843659,11.920423,288.401,287.193,289.291,0+0.000716451874525292i,0.000637692,20.8641489974508,454.711561917946,21.6880495981118,20.9465521744741,1086.46,-9.9e+37,-9.9e+37,510.989
20260514184954.4,172.307997196913,9.7877334,0.023181361,2.0026729,2.7312684,-0.000383203,-0.000715552,0.002386554,1.2111339,0.30212997,0.000635949,-0.12526445,4.1308936,0.61242234,288.4,287.203,289.269,-3.19,NaN,NaN,NaN,-0.047226250142856,445.699861890419,-0.0367654156397808,12.2484468,288.4,287.203,289.269,0+0.00141845886335602i,0.000635949,20.8648773160803,443.313773751401,20.594406582085,20.9477329182184,9.9e+37,-9.9e+37,-9.9e+37,579.837
20260514184956.5,174.362995103002,9.7877116,0.023180708,2.0026292,2.7312794,-0.00038255,-0.000712612,0.002360419,1.2111449,0.20406656,0.000635514,0.16919629,4.1304564,0.72803921,288.411,287.211,289.291,-3.23,NaN,NaN,NaN,-0.0499909789748756,445.707090882008,-0.0368306790820863,14.5607842,288.411,287.211,289.291,0+0.000515172390882201i,0.000635514,20.8600233388728,433.01334646114,20.526147314114,20.9467883232229,9.9e+37,835.399,330.042,487.628
20260514184958.6,176.480002328753,9.7877116,0.023180272,2.0026292,2.7313012,-0.000382441,-0.000710978,0.002382525,1.2111449,0.44205514,0.000615041,-0.003359537,4.1308936,0.69926457,288.395,287.187,289.278,-3.29,NaN,NaN,NaN,-0.0499909789748756,445.721417428974,-0.0368742546729672,13.9852914,288.395,287.187,289.278,0+0.00107892777700117i,0.000615041,20.8648773160803,432.190012987261,20.6218099378393,20.9475263553037,-9.9e+37,-9.9e+37,400.757,276.404
20260514185000.7,178.577999398112,9.7879848,0.023181252,2.0026838,2.7316073,-0.000382114,-0.000712394,0.002320999,1.2111667,0.21993411,0.000633554,0.00496946,4.1305657,0.57217887,288.383,287.206,289.213,-3.35,NaN,NaN,NaN,-0.0465366495874946,445.922580549449,-0.0367763095375011,11.4435774,288.383,287.206,289.213,0+0.000198004103216304i,0.000633554,20.8612368331747,432.190012987261,19.4734847710115,20.9464341000997,1399.668,-9.9e+37,-9.9e+37,389.053
20260514185002.9,180.729999393225,9.7880395,0.023181252,2.0029571,2.7312575,-0.000385163,-0.000712612,0.00234659,1.2111667,0.11639929,0.000628653,-0.000323637,4.1305766,0.55236323,288.393,287.201,289.129,-3.38,NaN,NaN,NaN,-0.029246022818711,445.692698616936,-0.0367763095375011,11.0472646,288.393,287.201,289.129,0+0.000495705600060255i,0.000628653,20.8613578495323,433.562652532622,19.4734847710115,20.9467883232229,9.9e+37,343.923,-9.9e+37,532.372
20260514185004.9,182.753997668624,9.788116,0.023180817,2.0028696,2.7317165,-0.000381352,-0.000711741,0.002413343,1.2111339,0.31143924,0.000635514,0.11534289,4.1307624,0.73216952,288.397,287.238,289.058,-3.4,NaN,NaN,NaN,-0.0347818070933954,445.994344720491,-0.0368197851843659,14.6433904,288.397,287.238,289.058,0+0.000118930851805558i,0.000635514,20.8634206788213,433.01334646114,19.4460814152567,20.9463160257252,9.9e+37,1030.86,389.901,109.251
20260514185007,184.843998402357,9.7881269,0.023181579,2.0030554,2.7314105,-0.000383856,-0.00071577,0.002402998,1.2112104,0.33898298,0.000636712,-0.00760477,4.1302378,0.7407193,288.394,287.252,288.979,-3.43,NaN,NaN,NaN,-0.0230269645992962,445.793247318121,-0.03674362784434,14.814386,288.394,287.252,288.979,0+0.000812055084182061i,0.000636712,20.857596350269,431.914734318184,19.4597830931339,20.9472313038487,-9.9e+37,386.692,669.653,-9.9e+37
20260514185009,186.87900044024,9.7878864,0.023180926,2.0027057,2.7311919,-0.000380154,-0.000715007,0.002432399,1.2111558,0.44332642,0.000632138,0.12896919,4.1302596,0.69517028,288.4,287.276,288.951,-3.47,NaN,NaN,NaN,-0.0451511218661693,445.649587539827,-0.0368088912866456,13.9034056,288.4,287.276,288.951,0+0.00133058234155401i,0.000632138,20.8578383829843,432.739319058744,19.4460814152567,20.947880578427,-9.9e+37,277.607,255.637,-9.9e+37
20260514185011,188.886995986104,9.7874165,0.023180599,2.0028587,2.7311045,-0.000381025,-0.00071479,0.002397444,1.2110902,0.27159514,0.000632138,0.15098475,4.1307405,0.73627909,288.425,287.31,288.959,-3.52,NaN,NaN,NaN,-0.0354714076487426,445.592149915751,-0.0368415729798066,14.7255818,288.425,287.31,288.959,0+0.00166715361390396i,0.000632138,20.8631775358642,433.42626446476,21.291697425333,20.9482348015503,-9.9e+37,700.379,597.361,-9.9e+37
20260514185013.1,191.000000014901,9.7873618,0.023180272,2.0027603,2.7311045,-0.00038059,-0.000712285,0.002379803,1.2111121,0.4283351,0.000632356,-0.003157972,4.1303034,0.69870696,288.395,287.332,288.905,-3.55,NaN,NaN,NaN,-0.0416967924787883,445.592149915751,-0.0368742546729672,13.9741392,288.395,287.332,288.905,0+0.00130125097982051i,0.000632356,20.8583246688985,434.387237273182,22.4400225921609,20.9477036013464,-9.9e+37,-9.9e+37,587.496,-9.9e+37
20260514185015.2,193.047001585364,9.7877006,0.023180599,2.0026292,2.7307329,-0.000384945,-0.000715116,0.002376645,1.2111011,0.37856299,0.000636603,-0.092885446,4.1304455,0.61539376,288.389,287.333,288.843,-3.55,NaN,NaN,NaN,-0.0499909789748756,445.347941436272,-0.0368415729798066,12.3078752,288.389,287.333,288.843,0+0.00126954670978398i,0.000636603,20.8599023225151,432.327652321796,25.0920446256723,20.947614843844,769.481,-9.9e+37,-9.9e+37,134.628
20260514185017.2,195.069994032383,9.788116,0.023180055,2.0028696,2.7310389,-0.000384074,-0.00071675,0.00237806,1.2110793,0.44089953,0.000624298,0.079751191,4.1307515,0.71521946,288.392,287.363,288.827,-3.55,NaN,NaN,NaN,-0.0347818070933954,445.549038838642,-0.0368959425243918,14.3043892,288.392,287.363,288.827,0+0.000837218755844921i,0.000624298,20.8632996624637,433.01334646114,28.2225043385174,20.9469359834315,9.9e+37,716.268,-9.9e+37,-9.9e+37
20260514185019.3,197.187001258135,9.7881269,0.023180708,2.0029024,2.7304378,-0.000382767,-0.000714572,0.002442853,1.2110465,0.24256406,0.000636712,-0.00738762,4.1307078,0.76241512,288.386,287.379,288.821,-3.54,NaN,NaN,NaN,-0.032706678816723,445.154007307386,-0.0368306790820863,15.2483024,288.386,287.379,288.821,0-0.000126904956283749i,0.000636712,20.8628144867913,433.288625130217,33.1985800614398,20.9455190909383,592.902,816.882,685.405,-9.9e+37
20260514185021.5,199.327997490764,9.7885641,0.023180381,2.0026182,2.7302192,-0.000382114,-0.000716205,0.002355628,1.2110902,0.13569989,0.000636385,-0.001230412,4.1304017,0.57110401,288.395,287.401,288.783,-3.5,NaN,NaN,NaN,-0.0506869061408253,445.010347529092,-0.0368633607752469,11.4220802,288.395,287.401,288.783,0+0.000669292107891278i,0.000636385,20.8594160366009,443.863079822884,40.1841936861333,20.9460798769763,-9.9e+37,313.085,287.303,283.732
20260514185023.5,201.358996331692,9.7888045,0.023180708,2.0028259,2.7304924,-0.000380154,-0.000717403,0.002421074,1.2111121,0.3911307,0.000633445,-0.007420251,4.1308936,0.59028566,288.383,287.418,288.745,-3.52,NaN,NaN,NaN,-0.0375465359254292,445.189889392907,-0.0368306790820863,11.8057132,288.383,287.418,288.745,0-0.000732579149456368i,0.000633445,20.8648773160803,443.450161819263,46.3631521659768,20.944072612611,-9.9e+37,-9.9e+37,-9.9e+37,150.384
20260514185025.5,203.382994607091,9.7887608,0.023181144,2.0027275,2.7304597,-0.000383639,-0.000716314,0.00238209,1.2110356,0.19013918,0.000634751,-0.10804319,4.1315821,0.60505108,288.403,287.439,288.723,-3.45,NaN,NaN,NaN,-0.0437719207554323,445.168399572457,-0.0367871034912053,12.1010216,288.403,287.439,288.723,0-6.95411730287063e-05i,0.000634751,20.8725213309647,444.412385894362,53.376044585717,20.9446629844831,9.9e+37,223.912,177.127,595.621
20260514185027.5,205.401993915439,9.7882362,0.023181252,2.0028587,2.7299678,-0.000382659,-0.000711741,0.002381327,1.2110793,0.40538979,0.000638672,-0.012395252,4.1309154,0.61405264,288.392,287.464,288.688,-3.5,NaN,NaN,NaN,-0.0354714076487426,444.845132212243,-0.0367763095375011,12.2810528,288.392,287.464,288.688,0-0.000371299042178102i,0.000638672,20.8651193487956,454.573922583408,60.7444332660211,20.9438071469901,9.9e+37,287.39,-9.9e+37,274.368
20260514185029.6,207.436995953321,9.7887608,0.023180817,2.0027603,2.7304815,-0.00038157,-0.00071381,0.002388841,1.2110356,0.44569548,0.000634643,-0.030301048,4.1315821,0.66405715,288.373,287.51,288.639,-3.53,NaN,NaN,NaN,-0.0416967924787883,445.182726119423,-0.0368197851843659,13.281143,288.373,287.51,288.639,0+0.0006196488731949i,0.000634643,20.8725213309647,454.985589320351,69.2200420795198,20.9447810588576,9.9e+37,657.156,-9.9e+37,-9.9e+37
20260514185031.6,209.460994228721,9.7884329,0.023180817,2.0026292,2.7301208,-0.000382441,-0.000713265,0.002402562,1.2109591,0.42269563,0.000634425,-0.030667372,4.1312433,0.64007519,288.373,287.543,288.615,-3.56,NaN,NaN,NaN,-0.0499909789748756,444.945680913427,-0.0368197851843659,12.8015038,288.373,287.543,288.615,0-0.000830870490234204i,0.000634425,20.8687598317013,455.810174060907,76.2193573820919,20.9426557201177,1232.239,574.399,-9.9e+37,-9.9e+37
20260514185033.6,211.468999832869,9.788116,0.023180708,2.0029133,2.7310389,-0.000385817,-0.000714463,0.002377952,1.2110793,0.33156917,0.000633118,0.11676986,4.13144,0.76148539,288.393,287.605,288.596,-3.57,NaN,NaN,NaN,-0.0320170782613616,445.549038838642,-0.0368306790820863,15.2297078,288.393,287.605,288.596,0-0.001438284354132i,0.000633118,20.870943677348,463.22518039255,83.2595285968791,20.9414752453355,9.9e+37,1151.948,451.105,-9.9e+37
20260514185035.6,213.475999608636,9.7880504,0.023180272,2.0026729,2.7305908,-0.00038451,-0.000712503,0.002379803,1.2110902,0.11840388,0.000617873,0.017122301,4.130981,0.68490292,288.404,287.679,288.534,-3.56,NaN,NaN,NaN,-0.047226250142856,445.25455600857,-0.0368742546729672,13.6980584,288.404,287.679,288.534,0-0.00104214250636759i,0.000617873,20.8658476674251,462.675874321068,94.1138732505906,20.941622636582,-9.9e+37,586.004,771.52,374.226
20260514185037.6,215.51499478519,9.7887499,0.023180708,2.0029024,2.7312029,-0.00038353,-0.000715443,0.002353232,1.2110574,0.2605519,0.000634643,0.11837595,4.1309482,0.7048495,288.404,287.725,288.512,-3.57,NaN,NaN,NaN,-0.032706678816723,445.656816531415,-0.0368306790820863,14.09699,288.404,287.725,288.512,0-0.00209877735347215i,0.000634643,20.8654835081104,464.186153200972,100.798672765523,20.939999181174,-9.9e+37,487.794,640.567,213.127
20260514185039.7,217.534999921918,9.7887936,0.023180926,2.002804,2.7317275,-0.000383856,-0.000716641,0.00242151,1.2109481,0.27010125,0.000633989,0.11021207,4.1315603,0.69214103,288.388,287.817,288.468,-3.57,NaN,NaN,NaN,-0.0389320636467545,446.001573712079,-0.0368088912866456,13.8428206,288.388,287.817,288.468,0-0.00446522424608535i,0.000633989,20.8722792982494,471.876438201693,107.866247336065,20.9365454384813,-9.9e+37,387.033,680.316,79.681
20260514185041.7,219.554995000362,9.7884438,0.023180926,2.0026292,2.7313777,-0.000384401,-0.000713265,0.002404413,1.2110028,0.33980031,0.000633771,0.098595224,4.131287,0.70211268,288.385,287.91,288.425,-3.55,NaN,NaN,NaN,-0.0499909789748756,445.771691779566,-0.0368088912866456,14.0422536,288.385,287.91,288.425,0-0.00876679159677395i,0.000633771,20.8692450073737,510.877169276789,112.623594455782,20.9300220310153,-9.9e+37,332.543,623.447,-9.9e+37
20260514185043.7,221.558001637459,9.7881925,0.023180817,2.0030554,2.7314324,-0.000384183,-0.000713592,0.002415738,1.2109591,0.15458253,0.000632682,0.008136783,4.131134,0.70967164,288.396,287.991,288.379,-3.53,NaN,NaN,NaN,-0.0230269645992962,445.807639583193,-0.0368197851843659,14.1934328,288.396,287.991,288.379,0-0.0131036343943669i,0.000632682,20.8675463373994,610.849623019507,115.863543030938,20.9222291223026,-9.9e+37,248.744,822.769,263.086
20260514185045.7,223.581999912858,9.7888264,0.023180055,2.0028587,2.7323286,-0.000387668,-0.000716096,0.002420965,1.2108498,0.29690734,0.000633771,0.10839635,4.1315493,0.71746193,288.399,288.097,288.357,-3.53,NaN,NaN,NaN,-0.0354714076487426,446.396605243336,-0.0368959425243918,14.3492386,288.399,288.097,288.357,0-0.0180631074647001i,0.000633771,20.8721571716499,727.714176910248,116.957061486257,20.9133738131821,-9.9e+37,261.959,672.32,-9.9e+37
20260514185047.8,225.67900121212,9.7887936,0.02318049,2.0030445,2.7319789,-0.000383421,-0.000715443,0.002380347,1.2109263,0.23108105,0.000632356,-0.00742254,4.1309482,0.7140071,288.388,288.203,288.313,-3.57,NaN,NaN,NaN,-0.0237165651546434,446.166789028928,-0.0368524668775265,14.280142,288.388,288.203,288.313,0-0.0206780058459563i,0.000632356,20.8654835081104,832.492745961746,116.068569956266,20.9078243175837,-9.9e+37,202.05,788.933,93.848
20260514185049.8,227.690999954939,9.7886952,0.02318049,2.0026838,2.7322193,-0.000383421,-0.00071871,0.002349965,1.21097,0.23385823,0.000635296,-0.16190904,4.1315821,0.60785445,288.385,288.315,288.289,-3.6,NaN,NaN,NaN,-0.0465366495874946,446.324775354189,-0.0368524668775265,12.157089,288.385,288.315,288.289,0-0.0285195495433521i,0.000635296,20.8725213309647,901.84169903611,113.963244870061,20.8963415174294,-9.9e+37,-9.9e+37,435.172,482.435
20260514185052,229.831996187568,9.7884111,0.023180708,2.0026182,2.7319023,-0.000384619,-0.000716314,0.002399077,1.2109263,0.14990661,0.000636929,-0.003267085,4.1315821,0.6620973,288.38,288.437,288.273,-3.64,NaN,NaN,NaN,-0.0506869061408253,446.11644896023,-0.0368306790820863,13.241946,288.38,288.437,288.273,0-0.0330376627159318i,0.000636929,20.8725213309647,984.785664562944,109.711863346141,20.8889031008021,1586.064,551.681,318.84,380.712
20260514185054,231.831995397806,9.7886624,0.023180599,2.002815,2.7318368,-0.000383639,-0.000711741,0.002429241,1.2109044,0.16091604,0.000632356,0.015000471,4.1309154,0.7168312,288.403,288.559,288.3,-3.65,NaN,NaN,NaN,-0.0382361364807764,446.073403601227,-0.0368415729798066,14.336624,288.403,288.559,288.3,0-0.0401808772562423i,0.000632356,20.8651193487956,1071.57602385682,104.599019965863,20.8780402583541,-9.9e+37,297.316,730.681,464.297
20260514185056,233.847001567483,9.7885531,0.023175917,2.0026838,2.7318258,-0.000381025,-0.000715007,0.002414432,1.2105875,0.44627929,0.00063889,-0.06635249,4.1309701,0.63157014,288.384,288.698,288.283,-3.74,NaN,NaN,NaN,-0.0465366495874946,446.066174609638,-0.0373095108616974,12.6314028,288.384,288.698,288.283,0-0.0459659845012389i,0.00063889,20.8657266510675,1161.93624698197,99.9921421813806,20.8692142661056,-9.9e+37,-9.9e+37,73.889,-9.9e+37
20260514185058.1,235.983994603157,9.7888264,0.04557521,2.0027931,2.7318258,-0.000381025,-0.000715007,0.002396246,1.2104235,0.21714166,0.000634098,-0.11668378,4.1309263,0.66323,288.384,288.866,288.242,-3.83,NaN,NaN,NaN,-0.0396216642021017,446.066174609638,2.20136578223333,13.2646,288.384,288.866,288.242,0.399858631471941+0i,0.000634098,20.8652403651533,1247.76438220074,95.5356091714257,20.8597389992788,-9.9e+37,-9.9e+37,218.351,166.525
20260514185100.1,238.011996075511,9.7888373,0.38670901,2.0029352,2.7322521,-0.000381896,-0.000716859,0.002393197,1.2105547,0.22712208,0.000636494,-0.11122509,4.131451,0.60897515,288.4,288.869,288.389,-4.09,NaN,NaN,NaN,-0.0306315505400363,446.346330892743,36.2956476731672,12.179503,288.4,288.869,288.389,1.82817473850168+0i,0.000636494,20.8710658039475,1317.93792001566,92.5143891994744,20.8499676051485,9.9e+37,-9.9e+37,-9.9e+37,540.198
20260514185102.2,240.022999048233,9.7884985,0.5188188,2.0026182,2.7320007,-0.000383094,-0.000715661,0.002324484,1.210653,0.31294841,0.00063889,-0.096685883,4.131287,0.61051269,288.381,288.75,288.547,-4.14,NaN,NaN,NaN,-0.0506869061408253,446.181115575894,49.4992306098685,12.2102538,288.381,288.75,288.547,2.33484419408854+0i,0.00063889,20.8692450073737,1381.93145170977,92.1862962946661,20.8416139103978,9.9e+37,-9.9e+37,-9.9e+37,478.245
20260514185104.2,242.039000988007,9.7884329,0.37338293,2.0026292,2.7326128,-0.000381896,-0.000716314,0.002380565,1.2105984,0.13287688,0.000635405,0.016328671,4.1312324,0.68193042,288.407,288.663,288.639,-4.15,NaN,NaN,NaN,-0.0499909789748756,446.583376098739,34.9637857233365,13.6386084,288.407,288.663,288.639,2.14694795471605+0i,0.000635405,20.8686388153437,1429.583440594,92.1590174996199,20.8328764066896,9.9e+37,662.45,363.541,689.05
20260514185106.2,244.061993435025,9.7888373,0.4800845,2.0030663,2.7326783,-0.00038451,-0.000714899,0.002407353,1.2106093,0.24424019,0.000634316,-0.10667275,4.1311449,0.57930134,288.391,288.567,288.751,-4.13,NaN,NaN,NaN,-0.0223373640439348,446.626421457743,45.6279691193683,11.5860268,288.391,288.567,288.751,2.58109522626666+0i,0.000634316,20.8676673537571,1478.19640228666,91.3387852376,20.8272088367167,888.577,-9.9e+37,-9.9e+37,657.032
20260514185108.2,246.089994907379,9.7884438,0.6683555,2.002662,2.7324925,-0.000382985,-0.000717512,0.002386554,1.2106312,0.46174421,0.00062702,0.089439947,4.1310138,0.68431912,288.372,288.481,288.86,-4.15,NaN,NaN,NaN,-0.0479158506982031,446.504317218004,64.4445289146392,13.6863824,288.372,288.481,288.86,2.95742514899353+0i,0.00062702,20.8662118267399,1502.36586943179,86.8548488718902,20.83024945358,9.9e+37,574.764,-9.9e+37,-9.9e+37
20260514185110.3,248.124996945262,9.7884657,0.46626517,2.002662,2.7324816,-0.00038255,-0.000712721,0.002390692,1.2106202,0.26087708,0.000636385,-0.11697496,4.1310138,0.59482735,288.352,288.379,288.98,-4.19,NaN,NaN,NaN,-0.0479158506982031,446.497153944521,44.2468097837532,11.896547,288.352,288.379,288.98,2.04085647954187+0i,0.000636385,20.8662118267399,1363.39268461398,77.7640347216984,20.84875727557,1336.202,-9.9e+37,-9.9e+37,418.956
20260514185112.3,250.171998515725,9.7882471,0.55269387,2.0028368,2.7324598,-0.000383639,-0.000710543,0.002387534,1.2106312,0.15110042,0.000639434,-0.065693564,4.1309154,0.62040795,288.401,288.29,289.072,-4.19,NaN,NaN,NaN,-0.0368569353700678,446.482827397555,52.8848411405609,12.408159,288.401,288.29,289.072,1.84081973275519+0i,0.000639434,20.8651193487956,986.29719470952,69.5891154572519,20.8702180327694,9.9e+37,311.295,168.396,739.925
20260514185114.3,252.202997356653,9.7879739,0.5690765,2.002662,2.7328314,-0.000382659,-0.000714245,0.002410076,1.2106858,0.37307956,0.00063486,-0.005441293,4.1315056,0.56920309,288.355,288.23,289.127,-4.22,NaN,NaN,NaN,-0.0479158506982031,446.727035877033,54.5221869718296,11.3840618,288.355,288.23,289.127,1.57716260970928+0i,0.00063486,20.8716719959775,670.448706141769,61.6466264738888,20.8868958364367,9.9e+37,-9.9e+37,-9.9e+37,433.175
20260514185116.3,254.214996099472,9.7880176,0.48186539,2.0026947,2.7329079,-0.000383421,-0.00071479,0.002419767,1.2105765,0.13076426,0.000636712,0.048057032,4.1315821,0.64390213,288.371,288.151,289.184,-4.25,NaN,NaN,NaN,-0.045847049032119,446.777310227626,45.8059584176341,12.8780426,288.371,288.151,289.184,1.16188721857924+0i,0.000636712,20.8725213309647,530.78982718461,52.6378978302537,20.9005037063687,9.9e+37,457.726,271.833,743.87
20260514185118.4,256.242001801729,9.7880395,0.47963819,2.0029024,2.7324816,-0.000382659,-0.000713592,0.002385574,1.2106749,0.30844381,0.00063486,-0.096458727,4.1302378,0.55987962,288.352,288.14,289.238,-4.27,NaN,NaN,NaN,-0.032706678816723,446.497153944521,45.5833631056847,11.1975924,288.352,288.14,289.238,0.93138737786886+0i,0.00063486,20.857596350269,504.011469016628,45.7753501850393,20.9096543359064,1376.563,-9.9e+37,-9.9e+37,586.839
20260514185120.4,258.264994248748,9.7878427,0.53384285,2.0026401,2.7327002,-0.000382005,-0.000712067,0.002394177,1.2106093,0.45322605,0.00061417,0.10922286,4.1306968,0.70368734,288.36,288.103,289.325,-4.29,NaN,NaN,NaN,-0.0493013784195284,446.640813722815,51.0007945001763,14.0737468,288.36,288.103,289.325,0.745648665503338+0i,0.00061417,20.8626923601918,494.397987132382,37.805457845921,20.9184214254487,9.9e+37,695.429,-9.9e+37,-9.9e+37
20260514185122.4,260.288992524147,9.7881378,0.74593867,2.0029789,2.7322521,-0.000383312,-0.000713592,0.00239091,1.2106749,0.12672344,0.000633118,0.026115552,4.1306968,0.70294313,288.407,288.054,289.354,-4.32,NaN,NaN,NaN,-0.0278668217080025,446.346330892743,72.1985024815278,14.0588626,288.407,288.054,289.354,0.726505274041395+0i,0.000633118,20.8626923601918,494.809653869326,28.6189810720039,20.923409866047,1230.118,520.31,566.168,475.046
20260514185124.4,262.311995029449,9.7881378,0.54165933,2.0030445,2.7320991,-0.000383094,-0.00071577,0.002388514,1.2106749,0.43006034,0.000634751,0.10253636,4.1304892,0.68678748,288.374,288.029,289.419,-4.3,NaN,NaN,NaN,-0.0237165651546434,446.245782191559,51.7820049006551,13.7357496,288.374,288.029,289.419,0.480594208553307+0i,0.000634751,20.8603874981875,484.098811108797,26.4453967178283,20.9283394039391,-9.9e+37,427.661,195.921,-9.9e+37
20260514185126.5,264.339996501803,9.7888045,0.50283009,2.0028259,2.7323614,-0.000384401,-0.000710652,0.002417154,1.2105875,0.44038555,0.000635623,-0.061359207,4.1308717,0.67468464,288.376,288.005,289.428,-4.32,NaN,NaN,NaN,-0.0375465359254292,446.41816078189,47.9012547252965,13.4936928,288.376,288.005,289.428,0.432581183914892+0i,0.000635623,20.8646341731232,482.862559631299,24.5725019127049,20.9294905618493,-9.9e+37,420.871,226.887,-9.9e+37
20260514185128.5,266.374998539686,9.7887936,0.56459045,2.0030445,2.731334,-0.000385599,-0.000714027,0.002362053,1.2105765,0.12676709,0.000634316,0.037638992,4.1303252,0.70542022,288.391,287.958,289.458,-4.33,NaN,NaN,NaN,-0.0237165651546434,445.742972967529,54.0738331198313,14.1084044,288.391,287.958,289.458,0.415229151955031+0i,0.000634316,20.8585667016137,483.82353243972,24.4631376111024,20.9309666260108,872.433,537.973,741.548,394.902
20260514185130.5,268.40199418366,9.7881815,0.5932778,2.0030445,2.7313231,-0.000382332,-0.000712721,0.002377734,1.2106968,0.34269643,0.000630613,0.11572,4.1310466,0.71816032,288.379,287.952,289.477,-4.37,NaN,NaN,NaN,-0.0237165651546434,445.735809694046,56.9409620809717,14.3632064,288.379,287.952,289.477,0.368651604380056+0i,0.000630613,20.8665759860546,483.82353243972,23.3968979508304,20.9328854018359,-9.9e+37,543.902,503.125,-9.9e+37
20260514185132.6,270.425992459059,9.7881269,0.59597314,2.0030445,2.7308094,-0.000381678,-0.000715987,0.002390257,1.2106312,0.43284734,0.000619506,-0.048310715,4.1311012,0.64033927,288.352,287.893,289.521,-4.41,NaN,NaN,NaN,-0.0237165651546434,445.398215786865,57.2103451844693,12.8067854,288.352,287.893,289.521,0.348214381777837+0i,0.000619506,20.8671821780847,502.775217539129,24.4768392889796,20.9331508674568,-9.9e+37,-9.9e+37,230.877,-9.9e+37
20260514185134.7,272.53100015223,9.7881269,0.48092693,2.0030336,2.730875,-0.00038451,-0.000711414,0.002390039,1.2105984,0.31991373,0.00063584,-0.0072654,4.1309263,0.75373004,288.355,287.879,289.548,-4.42,NaN,NaN,NaN,-0.0244061657100048,445.441326863974,45.7121649565834,15.0746008,288.355,287.879,289.548,0.261613295402494+0i,0.00063584,20.8652403651533,503.73619034755,23.3831962729532,20.9349811547416,532.434,554.119,723.03,-9.9e+37
20260514185136.7,274.547002092004,9.7879411,0.52059423,2.0026729,2.7309515,-0.000383421,-0.00071479,0.002387099,1.2105875,0.31381702,0.000638781,-0.13186202,4.1315712,0.60027041,288.357,287.836,289.54,-4.41,NaN,NaN,NaN,-0.047226250142856,445.491601214567,49.6766742138081,12.0054082,288.357,287.836,289.54,0.306433332227724+0i,0.000638781,20.872400314607,503.598551013007,24.408455460301,20.9337708251631,-9.9e+37,-9.9e+37,-9.9e+37,315.219
20260514185138.7,276.566001400352,9.7880941,0.69414126,2.0030445,2.7307001,-0.000382659,-0.000712938,0.0023761,1.2106421,0.42349987,0.000635949,0.15221129,4.1309701,0.74374964,288.368,287.841,289.534,-4.02,NaN,NaN,NaN,-0.0237165651546434,445.326385897718,67.0216613190271,14.8749928,288.368,287.841,289.534,0.252111089606109+0i,0.000635949,20.8657266510675,502.225911467646,24.4495604939334,20.9369292474387,9.9e+37,718.469,224.158,-9.9e+37
20260514185140.9,278.721994534135,9.7880941,0.46363967,2.0030336,2.7307001,-0.000382005,-0.000711741,0.002375774,1.2106749,0.38465968,0.000630287,-0.000936936,4.1312542,0.80123563,288.379,287.838,289.493,-3.2,NaN,NaN,NaN,-0.0244061657100048,445.326385897718,43.9844067703179,16.0247126,288.379,287.838,289.493,0.217290298356212+0i,0.000630287,20.868880848059,502.912856873663,24.4495604939334,20.9364273641068,-9.9e+37,665.414,681.518,-9.9e+37
20260514185142.9,280.745992809534,9.7887936,0.51739693,2.0030226,2.7307001,-0.000382767,-0.00071577,0.002376754,1.2105219,0.11500034,0.000635187,0.054594252,4.1310247,0.66508072,288.384,287.792,289.542,-3.34,NaN,NaN,NaN,-0.0251020928759687,445.326385897718,49.3571232121487,13.3016144,288.384,287.792,289.542,0.199568544535333+0i,0.000635187,20.8663328430975,502.363550802181,24.4221571381786,20.9375196193109,-9.9e+37,-9.9e+37,685.771,519.064
20260514185144.9,282.753998413682,9.7881488,0.44784193,2.0030554,2.7307547,-0.000384292,-0.000709889,0.002422054,1.2105984,0.18686876,0.000635732,0.10648926,4.1310794,0.70949159,288.373,287.781,289.559,-3.43,NaN,NaN,NaN,-0.0230269645992962,445.362267983239,42.4055171944398,14.1898318,288.373,287.781,289.559,0.173317055055831+0i,0.000635732,20.8669401453694,493.848681060904,24.4358588160558,20.9381395770172,-9.9e+37,259.8,591.737,434.373
20260514185146.9,284.79699678719,9.788116,0.65715294,2.0028587,2.7317165,-0.000385272,-0.00071283,0.002381545,1.2105984,0.20843365,0.000631811,0.093028052,4.1315165,0.703456,288.391,287.782,289.572,-3.46,NaN,NaN,NaN,-0.0354714076487426,445.994344720491,63.3249000812017,14.06912,288.391,287.782,289.572,0.225295130047336+0i,0.000631811,20.8717930123352,493.574653658504,24.4358588160558,20.9377261822256,-9.9e+37,88.102,635.919,299.01
20260514185149,286.836002022028,9.7879957,0.41304368,2.0026401,2.731498,-0.000386143,-0.000714027,0.002418134,1.2104891,0.20670297,0.000635514,0.073721427,4.13144,0.72194252,288.384,287.751,289.534,-3.48,NaN,NaN,NaN,-0.0493013784195284,445.850750660302,38.9276403472579,14.4388504,288.384,287.751,289.534,0.136774888239887+0i,0.000635514,20.870943677348,494.260347797844,25.297071551,20.9392611490933,-9.9e+37,-9.9e+37,678.211,285.558
20260514185151,288.858994469047,9.7886187,0.5018829,2.0027713,2.7318368,-0.000382767,-0.000711305,0.002407789,1.2106093,0.1220093,0.0006231,0.050576985,4.1309373,0.68045833,288.399,287.761,289.545,-3.5,NaN,NaN,NaN,-0.0410008653128102,446.073403601227,47.8065887529881,13.6091666,288.399,287.761,289.545,0.168072587861007+0i,0.0006231,20.8653624917527,491.513817440441,25.2833698731229,20.9387299488894,-9.9e+37,-9.9e+37,637.47,551.747
20260514185153.1,290.921998769045,9.7881378,0.72754816,2.0029461,2.732274,-0.000384619,-0.000712067,0.002413996,1.2105875,0.12971995,0.000633336,-0.10044886,4.1313745,0.59966914,288.402,287.75,289.561,-3.1,NaN,NaN,NaN,-0.0299419499846891,446.360723157815,70.3604810598509,11.9933828,288.402,287.75,289.561,0.199322723815959+0i,0.000633336,20.8702164689603,482.450892894359,24.4631376111024,20.9390841720127,-9.9e+37,-9.9e+37,271.674,745.818
20260514185155.1,292.969000339508,9.7877662,0.4658254,2.0026292,2.7326237,-0.000384836,-0.000713592,0.002404413,1.2105875,0.27975646,0.000634425,-0.11653023,4.131287,0.57057258,288.383,287.752,289.577,-3.15,NaN,NaN,NaN,-0.0499909789748756,446.590539372223,44.2028574039328,11.4114516,288.383,287.752,289.577,0.133458869926254+0i,0.000634425,20.8692450073737,482.724920296755,23.3422158000294,20.9400287670082,1526.434,-9.9e+37,-9.9e+37,666.256
20260514185157.1,295.007995516062,9.7876897,0.56796563,2.002651,2.7325253,-0.000384183,-0.000714899,0.002381654,1.2105547,0.19210558,0.000632138,-0.10590569,4.1310903,0.57121313,288.38,287.725,289.577,-3.19,NaN,NaN,NaN,-0.0486117778641528,446.525872756558,54.411162163018,11.4242626,288.38,287.725,289.577,0.155626248292257+0i,0.000632138,20.867061161727,483.274226368238,23.3831962729532,20.9397630324251,9.9e+37,-9.9e+37,-9.9e+37,832.116
20260514185159.2,297.047000750899,9.788105,0.46944392,2.0030554,2.7326565,-0.000382985,-0.000716968,0.002399948,1.2106093,0.42003849,0.000630396,-0.029178008,4.1311668,0.62337828,288.372,287.733,289.563,-3.23,NaN,NaN,NaN,-0.0230269645992962,446.612094910777,44.5645068239199,12.4675656,288.372,287.733,289.563,0.108915961979382+0i,0.000630396,20.8679104967142,483.274226368238,23.3831962729532,20.9409437761695,9.9e+37,243.123,-9.9e+37,357.244
20260514185201.2,299.057993665338,9.7880395,0.58466036,2.0029571,2.7325144,-0.000384945,-0.000715007,0.002388732,1.2106749,0.13801222,0.000621466,-0.00334244,4.1302487,0.52645632,288.38,287.709,289.556,-3.23,NaN,NaN,NaN,-0.029246022818711,446.518709483075,56.0797005216123,10.5291264,288.38,287.709,289.556,0.142389460791517+0i,0.000621466,20.8577173666266,483.961171774259,23.3559174779066,20.940264915757,9.9e+37,576.777,388.835,646.329
20260514185203.3,301.182997226715,9.7879848,0.53453906,2.002804,2.7324379,-0.000384836,-0.000715007,0.002402344,1.2106202,0.2200607,0.000633445,0.00566457,4.1312324,0.59639108,288.388,287.698,289.563,-3.3,NaN,NaN,NaN,-0.0389320636467545,446.468435132483,51.0703765234038,11.9278216,288.388,287.698,289.563,0.139420880445529+0i,0.000633445,20.8686388153437,482.313253559816,23.3559174779066,20.9401764272167,789.666,207.523,-9.9e+37,418.366
20260514185205.3,303.210998699069,9.7872416,0.50800254,2.002651,2.7328204,-0.000384074,-0.000714136,0.002391564,1.2106202,0.13504624,0.000636494,-0.13414159,4.1308608,0.63814479,288.383,287.684,289.572,-3.33,NaN,NaN,NaN,-0.0486117778641528,446.719806885445,48.4182101497275,12.7628958,288.383,287.684,289.572,0.144981919473561+0i,0.000636494,20.8645131567656,493.437014323961,23.3559174779066,20.9396153722166,1613.02,268.116,328.365,671.647
20260514185207.4,305.237994343042,9.78734,0.58434063,2.0027057,2.7323286,-0.000383856,-0.000712285,0.002434251,1.2105765,0.22850466,0.000635514,0.15174861,4.1308826,0.72156605,288.399,287.654,289.604,-3.38,NaN,NaN,NaN,-0.0451511218661693,446.396605243336,56.0477454214464,14.431321,288.399,287.654,289.604,0.180936764409191+0i,0.000635514,20.8647551894809,493.574653658504,23.3422158000294,20.9387888515955,1521.159,651.529,424.479,441.287
20260514185209.5,307.382993772626,9.7872962,0.74432909,2.002651,2.7319461,-0.000384183,-0.000715116,0.002437844,1.2105547,0.1531803,0.000620159,-0.000802342,4.1307515,0.53629594,288.4,287.67,289.639,-3.45,NaN,NaN,NaN,-0.0486117778641528,446.145233490374,72.0376345926056,10.7259188,288.4,287.67,289.639,0.173363972640581+0i,0.000620159,20.8632996624637,483.82353243972,24.4631376111024,20.9398811067996,-9.9e+37,-9.9e+37,-9.9e+37,485.158
20260514185211.5,309.401993080974,9.7877771,0.6560006,2.0026838,2.7318368,-0.000386361,-0.000713592,0.002423361,1.2106421,0.39017697,0.000637801,0.11247546,4.1302924,0.7347983,288.383,287.646,289.61,-3.56,NaN,NaN,NaN,-0.0465366495874946,446.073403601227,63.2097305940556,14.695966,288.383,287.646,289.61,0.184078090597191+0i,0.000637801,20.858202542299,482.588532228898,25.297071551,20.9392022463871,1246.362,777.756,295.666,-9.9e+37
20260514185213.6,311.436995118856,9.7877006,0.55770807,2.002651,2.7312794,-0.000386252,-0.00071381,0.00237512,1.2107077,0.37434102,0.000632574,-0.09204946,4.1308717,0.60161371,288.383,287.649,289.61,-4.17,NaN,NaN,NaN,-0.0486117778641528,445.707090882008,53.3859804244944,12.0322742,288.383,287.649,289.61,0.153508620872063+0i,0.000632574,20.8646341731232,483.961171774259,24.4631376111024,20.939733446591,-9.9e+37,-9.9e+37,-9.9e+37,-9.9e+37
20260514185215.6,313.46499659121,9.7877881,0.60991688,2.0026729,2.7312247,-0.000386143,-0.000713265,0.002415412,1.2105765,0.25123933,0.000632465,-0.11973272,4.130981,0.60337495,288.368,287.613,289.559,-4.18,NaN,NaN,NaN,-0.047226250142856,445.671143078382,58.6039385550877,12.067499,288.368,287.613,289.559,0.130746101471728+0i,0.000632465,20.8658476674251,472.563383607718,24.4495604939334,20.9409437761695,9.9e+37,160.278,-9.9e+37,470.191
20260514185217.6,315.487999096513,9.7878646,0.46665256,2.0027385,2.7306017,-0.000385163,-0.00071283,0.002367933,1.2106093,0.14158272,0.000616239,-0.00322516,4.1309482,0.63909525,288.376,287.591,289.523,-4.12,NaN,NaN,NaN,-0.0430759935894969,445.261719282053,44.285527096027,12.781905,288.376,287.591,289.523,0.147434302336577+0i,0.000616239,20.8654835081104,483.137838300376,24.4631376111024,20.9394679809701,9.9e+37,421.892,283.061,741.694
20260514185219.6,317.511997371912,9.7879302,0.57976511,2.0027822,2.7305799,-0.000385708,-0.000714354,0.002376209,1.2105984,0.1728039,0.000633009,0.039360087,4.1309373,0.69286561,288.376,287.578,289.529,-4.11,NaN,NaN,NaN,-0.0403112647574631,445.247392735087,55.590449578356,13.8573122,288.376,287.578,289.529,0.134590503459985+0i,0.000633009,20.8653624917527,482.588532228898,22.5082818601313,20.940559967212,1604.835,493.492,429.298,621.724
20260514185221.7,319.534999877214,9.7886624,0.56092392,2.0027931,2.7305799,-0.000384945,-0.000713047,0.002400929,1.2105328,0.35332392,0.000633009,0.11461504,4.1309373,0.72432904,288.341,287.567,289.513,-4.14,NaN,NaN,NaN,-0.0396216642021017,445.247392735087,53.7073853876466,14.4865808,288.341,287.567,289.513,0.16826674877762+0i,0.000633009,20.8653624917527,483.687144371858,22.6176461617347,20.9393203207615,-9.9e+37,420.345,392.674,-9.9e+37
20260514185223.7,321.554994955659,9.7887827,0.59517109,2.0027494,2.7305034,-0.000383965,-0.000712721,0.002411165,1.2105437,0.11757237,0.000633989,0.056466275,4.1315821,0.67108903,288.374,287.54,289.486,-4.19,NaN,NaN,NaN,-0.0423863930341355,445.197118384495,57.1301850866114,13.4217806,288.374,287.54,289.486,0.1620657876177+0i,0.000633989,20.8725213309647,483.274226368238,22.645049517489,20.939704129719,-9.9e+37,-9.9e+37,640.961,535.886
20260514185225.7,323.573994264007,9.7884985,0.45448096,2.0026838,2.7299897,-0.000385708,-0.000711741,0.00240768,1.210664,0.20073067,0.000629851,-0.11662432,4.1309919,0.56802129,288.374,287.551,289.475,-4.22,NaN,NaN,NaN,-0.0465366495874946,444.859524477314,43.0690485135362,11.3604258,288.374,287.551,289.475,0.104912108666784+0i,0.000629851,20.8659686837828,483.137838300376,22.4535997093299,20.9410618505439,-9.9e+37,-9.9e+37,-9.9e+37,668.283
20260514185227.7,325.593999400735,9.7884111,0.54962206,2.0026401,2.7300225,-0.000387341,-0.000711958,0.002402344,1.2105437,0.14402926,0.000636276,0.033251263,4.1310356,0.6946705,288.365,287.55,289.464,-5.57,NaN,NaN,NaN,-0.0493013784195284,444.881080015869,52.5778321134419,13.89341,288.365,287.55,289.464,0.154643408337464+0i,0.000636276,20.8664538594552,483.411865702781,22.521983538009,20.939733446591,9.9e+37,-9.9e+37,256.087,788.14
20260514185229.8,327.620995044708,9.7888155,0.67618289,2.0029352,2.7303831,-0.000380807,-0.000710216,0.002398642,1.2105437,0.33470209,0.000635514,-0.065279217,4.131451,0.55270696,288.357,287.542,289.461,-12.93,NaN,NaN,NaN,-0.0306315505400363,445.118059503759,65.2268297043302,11.0541392,288.357,287.542,289.461,0.147533604295737+0i,0.000635514,20.8710658039475,471.464771464754,22.6313478396114,20.9407372132548,1130.893,-9.9e+37,-9.9e+37,516.552
20260514185231.8,329.651993885636,9.7887389,0.62896864,2.002968,2.7300334,-0.000381243,-0.000715334,0.002438715,1.2104454,0.16142564,0.000629633,0.006180909,4.1309919,0.71288204,288.393,287.526,289.466,-13.28,NaN,NaN,NaN,-0.0285564222633639,444.888243289352,60.5080479572004,14.2576408,288.393,287.526,289.466,0.122366201978834+0i,0.000629633,20.8659686837828,471.876438201693,23.3831962729532,20.9413275851269,9.9e+37,498.634,359.967,635.392
20260514185233.8,331.694992259145,9.7886952,0.43193617,2.0027385,2.7304924,-0.000382005,-0.000708583,0.002445685,1.2105437,0.14067373,0.000629307,-0.099188074,4.1315712,0.5958782,288.374,287.518,289.453,-13.04,NaN,NaN,NaN,-0.0430759935894969,445.189889392907,40.8158316659769,11.917564,288.374,287.518,289.453,0.15998313986763+0i,0.000629307,20.872400314607,471.740050133831,24.4495604939334,20.9389956834724,995.972,-9.9e+37,-9.9e+37,757.192
20260514185235.9,333.807996287942,9.7888482,0.61049523,2.0028587,2.7304487,-0.000382005,-0.000714354,0.002435993,1.2105437,0.28607796,0.000628327,0.00567548,4.1304236,0.57210248,288.379,287.526,289.474,-13.75,NaN,NaN,NaN,-0.0354714076487426,445.161170580869,58.6617411766152,11.4420496,288.379,287.526,289.474,0.127933284488786+0i,0.000628327,20.859659179558,472.838662276796,25.2833698731229,20.9410029478378,9.9e+37,-9.9e+37,-9.9e+37,482.56
20260514185238,335.82800142467,9.7887499,0.597359,2.0027385,2.7304378,-0.000382441,-0.000711632,0.0024422,1.2105328,0.38002196,0.000629089,0.15629576,4.1308826,0.73819311,288.382,287.512,289.458,-13.64,NaN,NaN,NaN,-0.0430759935894969,445.154007307386,57.3488535981807,14.7638622,288.382,287.512,289.458,0.172174741693004+0i,0.000629089,20.8647551894809,472.014077536236,25.3380520239239,20.9395268836763,9.9e+37,819.952,159.888,-9.9e+37
20260514185240.1,337.971995025873,9.788728,0.57030414,2.0028805,2.7299897,-0.00038451,-0.000715007,0.002407571,1.2105109,0.11615922,0.00062702,-0.001188922,4.1307952,0.57046673,288.383,287.519,289.485,-13.34,NaN,NaN,NaN,-0.0340922065380482,444.859524477314,54.6448822433641,11.4093346,288.383,287.519,289.485,0.13041686728347+0i,0.00062702,20.8637848381361,471.602410799297,25.3107732288772,20.9407961159609,433.685,508.218,108.266,297.582
20260514185242.1,339.987996965647,9.7881597,0.55356576,2.0029898,2.7302848,-0.000382767,-0.000711305,0.002396573,1.2104891,0.13319879,0.000629633,0.048539875,4.1305985,0.68357708,288.393,287.54,289.485,-13.89,NaN,NaN,NaN,-0.0271772211526553,445.053458606201,52.9719813284809,13.6715416,288.393,287.54,289.485,0.113251307240328+0i,0.000629633,20.8616009924894,479.155056465479,25.3244749067544,20.9411503390842,884.847,537.354,609.77,554.201
20260514185244.2,342.0659981668,9.788116,0.41191535,2.0030554,2.7301755,-0.000382659,-0.000712503,0.002413778,1.2105328,0.37488118,0.000630069,0.11552758,4.1304236,0.70825523,288.385,287.518,289.487,-13.9,NaN,NaN,NaN,-0.0230269645992962,444.981628717054,38.8148705159307,14.1651046,288.385,287.518,289.487,0.110762554501514+0i,0.000630069,20.859659179558,492.476041515539,25.3107732288772,20.9403238184632,-9.9e+37,609.057,428.913,-9.9e+37
20260514185246.2,344.089996442199,9.7881488,0.46241313,2.0029352,2.7303941,-0.000385054,-0.000711305,0.002417154,1.2104344,0.41024468,0.000621575,0.10555287,4.130675,0.71143943,288.378,287.532,289.482,-13.79,NaN,NaN,NaN,-0.0306315505400363,445.125288495348,43.8618214372008,14.2287886,288.378,287.532,289.482,0.15381246647697+0i,0.000621575,20.8624503274766,484.510477845737,26.2266681146225,20.9391137578468,-9.9e+37,448.629,485.31,-9.9e+37
20260514185248.3,346.129001677036,9.7879957,0.67119598,2.0027166,2.7310389,-0.000393875,-0.000715007,0.002414976,1.2105219,0.35414452,0.000630178,0.10458784,4.1308936,0.73716081,288.389,287.537,289.487,-13.8,NaN,NaN,NaN,-0.0444615213108221,445.549038838642,64.7284178925873,14.7432162,288.389,287.537,289.487,0.112205160610549+0i,0.000630178,20.8648773160803,472.425744273175,26.404416244904,20.9416522224161,-9.9e+37,597.427,637.646,-9.9e+37
20260514185250.3,348.163993656635,9.7879083,0.5568842,2.0027385,2.7305908,-0.00039529,-0.000712938,0.002391346,1.2104126,0.12729415,0.000633554,0.058697981,4.1302378,0.67090898,288.396,287.521,289.46,-13.84,NaN,NaN,NaN,-0.0430759935894969,445.25455600857,53.3036395482122,13.4181796,288.396,287.521,289.46,0.11635297403878+0i,0.000633554,20.857596350269,472.838662276796,26.4726755128745,20.9411503390842,-9.9e+37,167.4,813.939,344.733
20260514185252.3,350.198995694518,9.7877116,0.48424209,2.002651,2.7307001,-0.000395617,-0.000712176,0.002424341,1.2104563,0.42815723,0.000632138,0.094076497,4.1304564,0.69208647,288.38,287.497,289.463,-13.84,NaN,NaN,NaN,-0.0486117778641528,445.326385897718,46.0434953599429,13.8417294,288.38,287.497,289.463,0.136545894323649+0i,0.000632138,20.8600233388728,483.137838300376,25.3244749067544,20.9399402784679,-9.9e+37,268.009,395.782,-9.9e+37
20260514185254.4,352.233997732401,9.7881269,0.61778246,2.0029243,2.7310171,-0.000392677,-0.000715879,0.002395266,1.2104454,0.11455621,0.00063192,-0.059800697,4.1306968,0.65548881,288.408,287.486,289.465,-13.87,NaN,NaN,NaN,-0.0313211510953977,445.534712291676,59.3900562067414,13.1097762,288.408,287.486,289.465,0.11210245732611+0i,0.00063192,20.8626923601918,481.352280751399,25.2697927559529,20.9413571709611,-9.9e+37,-9.9e+37,681.655,511.544
20260514185256.4,354.292998835444,9.787799,0.67062962,2.0026838,2.7306127,-0.000394528,-0.000712285,0.002452327,1.2105547,0.41533199,0.000634098,-0.006001233,4.1303143,0.60004998,288.366,287.475,289.444,-13.83,NaN,NaN,NaN,-0.0465366495874946,445.268948273642,64.6718135998091,12.0009996,288.366,287.475,289.444,0.138603791775551+0i,0.000634098,20.8584456852561,482.039226157416,25.3107732288772,20.9406780415865,-9.9e+37,-9.9e+37,-9.9e+37,-9.9e+37
20260514185258.5,356.405992805958,9.7880941,0.49965571,2.0028587,2.7310826,-0.000395399,-0.000715987,0.002386554,1.2104782,0.27656025,0.00063192,0.00508076,4.1302378,0.61766788,288.385,287.456,289.438,-13.77,NaN,NaN,NaN,-0.0354714076487426,445.57775765068,47.5839944404788,12.3533576,288.385,287.456,289.438,0.101505387698849+0i,0.00063192,20.857596350269,472.289356205313,25.3107732288772,20.9415045622075,1596.159,365.135,-9.9e+37,206.426
20260514185300.7,358.585995063186,9.788105,0.51423237,2.0030663,2.7307438,-0.000395726,-0.000713374,0.002441982,1.2105328,0.38609574,0.000631485,-0.000918751,4.1304564,0.77935976,288.388,287.44,289.436,-13.75,NaN,NaN,NaN,-0.0223373640439348,445.355104709755,49.040844377566,15.5871952,288.388,287.44,289.436,0.157583553799285+0i,0.000631485,20.8600233388728,472.014077536236,25.297071551,20.9395860553446,1405.781,889.485,596.354,-9.9e+37
20260514185302.7,360.613000765443,9.7879957,0.52458923,2.002651,2.7308313,-0.00039529,-0.000716205,0.0024067,1.2104891,0.44871273,0.000634425,0.089110756,4.130675,0.71881615,288.377,287.432,289.438,-13.76,NaN,NaN,NaN,-0.0486117778641528,445.412608051937,50.0759505568567,14.376323,288.377,287.432,289.438,0.102652318565422+0i,0.000634425,20.8624503274766,463.362819727093,24.5042426447344,20.9417702967905,-9.9e+37,492.526,394.9,-9.9e+37
20260514185304.8,362.655999138951,9.7877006,0.62760024,2.0026292,2.7300771,-0.000391915,-0.000714899,0.002443942,1.2104891,0.43937944,0.000636385,0.033056122,4.1311231,0.73032752,288.375,287.405,289.439,-13.75,NaN,NaN,NaN,-0.0499909789748756,444.91696210139,60.3712845660045,14.6065504,288.375,287.405,289.439,0.0635854557333592+0i,0.000636385,20.8674253210418,463.636847129494,23.3968979508304,20.9433641663643,-9.9e+37,576.895,463.469,-9.9e+37
20260514185306.8,364.686997979879,9.788116,0.57484583,2.0030445,2.7301973,-0.000395835,-0.000717621,0.002415194,1.2104563,0.1432894,0.00063388,0.013010949,4.1311777,0.73094079,288.391,287.372,289.406,-13.72,NaN,NaN,NaN,-0.0237165651546434,444.99595526402,55.0987969804005,14.6188158,288.391,287.372,289.406,0.120361801570537+0i,0.00063388,20.8680315130718,463.500459061628,22.4673013872075,20.9414160736672,-9.9e+37,566.841,830.065,188.552
20260514185308.9,366.725993156433,9.7877116,0.52858968,2.0026401,2.729476,-0.000393548,-0.000711305,0.002374903,1.2106421,0.34169468,0.00063094,-0.10941896,4.1310575,0.57993425,288.365,287.382,289.379,-13.8,NaN,NaN,NaN,-0.0493013784195284,444.521930570133,50.4757715947914,11.598685,288.365,287.382,289.379,0.110572206349602+0i,0.00063094,20.8666970024123,464.186153200972,23.3285141221518,20.9415341480417,-9.9e+37,-9.9e+37,119.853,120.058
20260514185310.9,368.745998293161,9.7881378,0.62776829,2.0029461,2.7297492,-0.000394746,-0.00071381,0.002441438,1.2105547,0.35377678,0.000610686,0.11713596,4.1307187,0.77877595,288.388,287.388,289.376,-13.79,NaN,NaN,NaN,-0.0299419499846891,444.701472433949,60.3880801578566,15.575519,288.388,287.388,289.376,0.123173043558423+0i,0.000610686,20.862935503149,466.383377486892,22.4535997093299,20.9414456595014,924.3,814.652,583.028,-9.9e+37
20260514185312.9,370.762000232935,9.7877225,0.51797965,2.0026182,2.729476,-0.000397359,-0.000714354,0.002399731,1.2105328,0.10500687,0.000633445,0.015626729,4.1305001,0.67191292,288.382,287.371,289.385,-13.77,NaN,NaN,NaN,-0.0506869061408253,444.521930570133,49.4153625890251,13.4382584,288.382,287.371,289.385,0.112788793651559+0i,0.000633445,20.8605085145451,471.190744062353,22.4535997093299,20.9412979992928,-9.9e+37,-9.9e+37,695.095,508.652
20260514185314.9,372.797002270818,9.7878209,0.41020976,2.0026729,2.7287219,-0.000396162,-0.000716532,0.002437953,1.2104891,0.11591261,0.00063388,0.058368572,4.1303034,0.63624169,288.396,287.361,289.401,-13.78,NaN,NaN,NaN,-0.047226250142856,444.026350337692,38.6444070020533,12.7248338,288.396,287.361,289.401,0.0779625713826084+0i,0.00063388,20.8583246688985,472.838662276796,22.5766656888104,20.9421245199138,424.905,-9.9e+37,543.875,690.821
20260514185316.9,374.816001579165,9.7877225,0.6935018,2.002662,2.7287546,-0.000394746,-0.00071381,0.002435557,1.2105219,0.2163025,0.000631811,0.092624376,4.1303143,0.7061437,288.392,287.325,289.428,-13.75,NaN,NaN,NaN,-0.0479158506982031,444.047840158141,66.9577511186952,14.122874,288.392,287.325,289.428,0.0859773450887985+0i,0.000631811,20.8584456852561,472.975050344657,22.4945801822546,20.9426264032457,-9.9e+37,142.152,519.141,406.381
20260514185319,376.850993558764,9.7877225,0.62808693,2.0026292,2.7288093,-0.00039529,-0.000711087,0.002439804,1.2105765,0.42689904,0.000633989,0.092642344,4.1304455,0.7100252,288.36,287.352,289.453,-13.76,NaN,NaN,NaN,-0.0499909789748756,444.083787961767,60.4199263190454,14.200504,288.36,287.352,289.453,0.12840661382439+0i,0.000633989,20.8599023225151,471.190744062353,23.3285141221518,20.9411503390842,-9.9e+37,76.178,324.306,-9.9e+37
20260514185321,378.870998695493,9.7884548,0.61510786,2.002651,2.7287437,-0.000396488,-0.000714899,0.002431419,1.2105765,0.43720789,0.000635187,0.038684497,4.1303143,0.73182469,288.364,287.364,289.447,-13.78,NaN,NaN,NaN,-0.0486117778641528,444.040676884658,59.1227459421312,14.6364938,288.364,287.364,289.447,0.100877743895334+0i,0.000635187,20.8584456852561,471.190744062353,23.6975874998839,20.9419768597053,-9.9e+37,348.317,397.024,-9.9e+37
20260514185323,380.901997536421,9.7887062,0.41471545,2.0028696,2.7293558,-0.000393113,-0.000713918,0.002356173,1.2105328,0.41081649,0.000632356,0.096953407,4.1302378,0.794805,288.377,287.348,289.469,-13.78,NaN,NaN,NaN,-0.0347818070933954,444.442937407503,39.0947237545215,15.8961,288.377,287.348,289.469,0.0632098805912252+0i,0.000632356,20.857596350269,471.876438201693,23.424176745877,20.942714891786,-9.9e+37,626.015,615.134,-9.9e+37
20260514185325.1,382.928993180394,9.7880067,0.65946743,2.0027603,2.7293339,-0.000391806,-0.000714463,0.00235639,1.2105547,0.402689,0.00062114,-0.000328538,4.1302378,0.63550402,288.361,287.353,289.471,-13.77,NaN,NaN,NaN,-0.0416967924787883,444.428545142431,63.5562195062887,12.7100804,288.361,287.353,289.471,0.116081121769696+0i,0.00062114,20.857596350269,471.876438201693,24.1077659112475,20.9415933197099,-9.9e+37,-9.9e+37,287.662,-9.9e+37
20260514185327.1,384.956994652748,9.7880504,0.56383096,2.0029461,2.7298039,-0.000396815,-0.000711305,0.002398315,1.2105547,0.39210626,0.000635732,-0.013956053,4.1302378,0.64587398,288.375,287.358,289.455,-13.79,NaN,NaN,NaN,-0.0299419499846891,444.737420237574,53.9979266392851,12.9174796,288.375,287.358,289.455,0.101997586648263+0i,0.000635732,20.857596350269,472.289356205313,24.4495604939334,20.9417407109564,657.012,382.89,165.69,-9.9e+37
20260514185329.2,387.081998214126,9.7887171,0.52885266,2.0028696,2.7299678,-0.000397359,-0.00071479,0.002345719,1.2105984,0.2376819,0.000631376,-0.00710826,4.1304127,0.74971541,288.368,287.357,289.477,-13.83,NaN,NaN,NaN,-0.0347818070933954,444.845132212243,50.5020548720617,14.9943082,288.368,287.357,289.477,0.110796799859151+0i,0.000631376,20.8595381632004,471.740050133831,24.4905409668572,20.9413275851269,9.9e+37,951.162,709.224,285.001
20260514185331.3,389.139993488789,9.7878209,0.48293153,2.0026729,2.7299788,-0.00039431,-0.000713265,0.002399731,1.2104891,0.26435593,0.000632247,0.17571093,4.1303362,0.73301413,288.371,287.36,289.466,-13.91,NaN,NaN,NaN,-0.047226250142856,444.852361203831,45.9125127306198,14.6602826,288.371,287.36,289.466,0.120718396250165+0i,0.000632247,20.8586888282132,472.289356205313,24.4905409668572,20.9407667990889,-9.9e+37,601.73,648.665,-9.9e+37
20260514185333.3,391.167994961143,9.788116,0.41869952,2.0028696,2.7310389,-0.00039529,-0.000711523,0.002388841,1.2105547,0.112903,0.000634751,-0.127448,4.1306968,0.61963427,288.39,287.376,289.51,-13.94,NaN,NaN,NaN,-0.0347818070933954,445.549038838642,39.4929077094777,12.3926854,288.39,287.376,289.51,0.0812235592889086+0i,0.000634751,20.8626923601918,472.289356205313,23.588223198281,20.9420064455394,-9.9e+37,-9.9e+37,664.068,578.743
20260514185335.5,393.331994488835,9.7881269,0.61369908,2.0028259,2.7311045,-0.00039529,-0.000713483,0.002353668,1.2105437,0.12487378,0.00063486,-0.00057671,4.1302378,0.52779526,288.377,287.375,289.496,-13.92,NaN,NaN,NaN,-0.0375465359254292,445.592149915751,58.981946811578,10.5559052,288.377,287.375,289.496,0.156437944541599+0i,0.00063486,20.857596350269,483.54950503732,23.3968979508304,20.9399402784679,332.285,-9.9e+37,-9.9e+37,560.414
20260514185337.5,395.359000191092,9.7880395,0.53982934,2.0029024,2.7306236,-0.000396162,-0.00071675,0.002419985,1.2106093,0.33975557,0.000637692,-0.10336125,4.1302378,0.58785112,288.361,287.385,289.487,-13.95,NaN,NaN,NaN,-0.032706678816723,445.276111547125,51.5991083512144,11.7570224,288.361,287.385,289.487,0.121621912006392+0i,0.000637692,20.857596350269,482.862559631299,24.4358588160558,20.9407667990889,1113.647,-9.9e+37,-9.9e+37,362.72
20260514185339.5,397.397995367646,9.7880722,0.61926653,2.0027713,2.7317165,-0.000395182,-0.000710869,0.002414323,1.2105656,0.44272515,0.00062996,0.10876529,4.1308826,0.73059269,288.385,287.407,289.531,-13.92,NaN,NaN,NaN,-0.0410008653128102,445.994344720491,59.5383801222428,14.6118538,288.385,287.407,289.531,0.141364375373179+0i,0.00062996,20.8647551894809,483.274226368238,24.4631376111024,20.9404125759656,9.9e+37,865.601,190.454,-9.9e+37
20260514185341.6,399.437000602484,9.7877334,0.72390018,2.0026729,2.7312575,-0.000393766,-0.000712612,0.002372834,1.2106749,0.19500934,0.000634969,0.025851263,4.1303143,0.738766,288.402,287.372,289.496,-13.93,NaN,NaN,NaN,-0.047226250142856,445.692698616936,69.9958872891589,14.77532,288.402,287.372,289.496,0.186662670801088+0i,0.000634969,20.8584456852561,483.137838300376,23.3694945950756,20.9394679809701,110.731,666.736,707.837,171.597
20260514185343.6,401.465002074838,9.7879957,0.54377086,2.0026947,2.7316728,-0.00039333,-0.000715334,0.002392544,1.2105875,0.37539952,0.000636058,-0.030258687,4.1308608,0.59442469,288.377,287.383,289.485,-14,NaN,NaN,NaN,-0.045847049032119,445.965625908453,51.993039688299,11.8884938,288.377,287.383,289.485,0.122738991009491+0i,0.000636058,20.8645131567656,483.54950503732,23.3694945950756,20.9407667990889,-9.9e+37,-9.9e+37,-9.9e+37,-9.9e+37
20260514185345.6,403.499994054437,9.7880504,0.78291389,2.0027931,2.7317275,-0.000393766,-0.000714354,0.00238993,1.2106312,0.19255517,0.000634751,-0.11470537,4.1315712,0.60007726,288.365,287.368,289.45,-13.94,NaN,NaN,NaN,-0.0396216642021017,446.001573712079,75.8939544527464,12.0015452,288.365,287.368,289.45,0.189705894469148+0i,0.000634751,20.872400314607,483.54950503732,24.4358588160558,20.9395564695104,9.9e+37,-9.9e+37,226.182,521.117
20260514185347.7,405.518993362784,9.7886843,0.53365298,2.0028696,2.731498,-0.000395617,-0.000708038,0.002365864,1.2105219,0.41890904,0.000634643,0.11162586,4.1309154,0.72892529,288.376,287.371,289.439,-13.96,NaN,NaN,NaN,-0.0347818070933954,445.850750660302,50.9818181298998,14.5785058,288.376,287.371,289.439,0.139104696414737+0i,0.000634643,20.8651193487956,494.947293203865,24.4768392889796,20.9398811067996,9.9e+37,804.612,210.174,-9.9e+37
20260514185349.7,407.543001696467,9.7880613,0.55989599,2.0030008,2.7319133,-0.000392241,-0.000707603,0.002358568,1.2106202,0.42402256,0.000632247,0.093549987,4.1310029,0.73115358,288.365,287.365,289.423,-13.95,NaN,NaN,NaN,-0.0264812939866772,446.123677951819,53.6046499355039,14.6230716,288.365,287.365,289.423,0.136712591136072+0i,0.000632247,20.8660908103822,494.67326580146,24.4495604939334,20.9400876697143,-9.9e+37,642.634,406.839,-9.9e+37
20260514185351.7,409.569997340441,9.788116,0.59080072,2.0029789,2.7322302,-0.00039333,-0.000711632,0.00242641,1.2105547,0.38363611,0.000626149,0.10787376,4.1313635,0.76807862,288.369,287.369,289.417,-13.99,NaN,NaN,NaN,-0.0278668217080025,446.331938627672,56.6933927583587,15.3615724,288.369,287.369,289.417,0.174009730418492+0i,0.000626149,20.8700943423609,494.397987132382,24.4905409668572,20.9389956834724,-9.9e+37,734.717,627.507,-9.9e+37
20260514185353.7,411.596992984414,9.7888155,0.42020981,2.0028368,2.7323395,-0.00039529,-0.000710869,0.002379476,1.210664,0.40693497,0.000632138,0.092833782,4.1315603,0.74982781,288.369,287.334,289.393,-13.83,NaN,NaN,NaN,-0.0368569353700678,446.403768516819,39.6438521570729,14.9965562,288.369,287.334,289.393,0.147120468345445+0i,0.000632138,20.8722792982494,494.260347797844,24.4768392889796,20.9389365118041,-9.9e+37,597.359,636.85,-9.9e+37
20260514185355.8,413.636993989348,9.7881925,0.6822927,2.002968,2.7322193,-0.000394419,-0.000711849,0.002364993,1.2106421,0.39287885,0.000633554,-0.006174268,4.1306968,0.63444116,288.376,287.372,289.406,-13.91,NaN,NaN,NaN,-0.0285564222633639,446.324775354189,65.8374686513945,12.6888232,288.376,287.372,289.406,0.174201680432289+0i,0.000633554,20.8626923601918,494.123959729982,24.4768392889796,20.9394088093018,-9.9e+37,157.11,333.146,-9.9e+37
20260514185357.8,415.67899659276,9.7877444,0.57209048,2.002651,2.7320335,-0.000395944,-0.000708147,0.002346263,1.2105765,0.41595072,0.000633989,0.1033277,4.1306531,0.74290394,288.366,287.35,289.398,-13.94,NaN,NaN,NaN,-0.0486117778641528,446.202671114449,54.8234162365159,14.8580788,288.366,287.35,289.398,0.207337575669802+0i,0.000633989,20.8622071845194,486.8453414662,25.7345287574103,20.9379034282683,-9.9e+37,838.794,555.043,-9.9e+37
20260514185359.9,417.80099272728,9.788116,0.54803541,2.0028259,2.7323505,-0.000395399,-0.000710869,0.002329166,1.2106202,0.20414949,0.000631811,-0.00722503,4.1310029,0.73221207,288.372,287.334,289.382,-14.01,NaN,NaN,NaN,-0.0375465359254292,446.410997508407,52.4192559408016,14.6442414,288.372,287.334,289.382,0.116250923425666+0i,0.000631811,20.8660908103822,472.975050344657,26.404416244904,20.9411210222122,-9.9e+37,655.505,867.163,180.879
20260514185401.9,419.811995700002,9.7878537,0.5032142,2.002662,2.7320882,-0.000397033,-0.00071076,0.002360093,1.2106202,0.24755971,0.000635732,-0.15880449,4.1314947,0.57334757,288.38,287.353,289.422,-14.08,NaN,NaN,NaN,-0.0479158506982031,446.238618918076,47.9396442211985,11.4669514,288.38,287.353,289.422,0.093359640136957+0i,0.000635732,20.8715509796199,472.289356205313,26.4453967178283,20.9417702967905,-9.9e+37,-9.9e+37,298.916,464.052
20260514185404,421.846997737885,9.7888373,0.58873502,2.0029789,2.7321647,-0.000396706,-0.000710325,0.002367933,1.210653,0.28559127,0.000636276,0.17956953,4.1312324,0.73565273,288.373,287.354,289.425,-14.1,NaN,NaN,NaN,-0.0278668217080025,446.288893268668,56.4869384049581,14.7130546,288.373,287.354,289.425,0.142320244435242+0i,0.000636276,20.8686388153437,471.876438201693,25.2833698731229,20.9404714786718,1277.677,722.038,458.615,120.258
20260514185406,423.870996013284,9.788422,0.6411555,2.0026073,2.731957,-0.000394419,-0.000714899,0.002343758,1.2106312,0.10909679,0.000635405,-0.11152587,4.1312652,0.63417381,288.391,287.367,289.417,-14.13,NaN,NaN,NaN,-0.0513765066961724,446.152396763857,61.726051685372,12.6834762,288.391,287.367,289.417,0.0908405693318037+0i,0.000635405,20.8690029746584,471.464771464754,25.2833698731229,20.9423014969944,-9.9e+37,-9.9e+37,557.578,588.975
20260514185408.2,426.018992811441,9.7884985,0.44954533,2.002662,2.7318696,-0.000394419,-0.000710325,0.002351381,1.2106202,0.11972972,0.000630722,-0.001022095,4.1315384,0.54075252,288.388,287.361,289.433,-14.15,NaN,NaN,NaN,-0.0479158506982031,446.094959139781,42.5757618309227,10.8150504,288.388,287.361,289.433,0.0919531970823474+0i,0.000630722,20.8720361552923,472.289356205313,26.3770128891492,20.941622636582,964.259,260.412,-9.9e+37,545.941
20260514185410.2,428.046994283795,9.788575,0.63822227,2.0027166,2.7318368,-0.000392568,-0.000715661,0.002381654,1.2105765,0.18057565,0.000632682,0.027883254,4.1309482,0.71888817,288.397,287.38,289.441,-14.16,NaN,NaN,NaN,-0.0444615213108221,446.073403601227,61.4328928999601,14.3777634,288.397,287.38,289.441,0.176905177670582+0i,0.000632682,20.8654835081104,483.54950503732,26.404416244904,20.9392907349274,622.016,579.934,617.719,437.757
20260514185412.2,430.089992657304,9.7888264,0.4680526,2.0030554,2.7320663,-0.00039529,-0.000713918,0.002423252,1.2106749,0.11981921,0.000637474,-0.086539587,4.1312324,0.60058359,288.395,287.388,289.425,-14.16,NaN,NaN,NaN,-0.0230269645992962,446.224226653004,44.4254527158822,12.0116718,288.395,287.388,289.425,0.102592779581934+0i,0.000637474,20.8686388153437,483.687144371858,26.3907145670269,20.9410618505439,-9.9e+37,-9.9e+37,340.618,723.212
20260514185414.3,432.124994695187,9.7888373,0.53356459,2.0029461,2.732263,-0.000395399,-0.000714136,0.002411165,1.2105328,0.12878041,0.000631158,-0.010822257,4.1314728,0.61014931,288.415,287.366,289.403,-14.15,NaN,NaN,NaN,-0.0299419499846891,446.353494166226,50.9729840783448,12.2029862,288.415,287.366,289.403,0.109561530872136+0i,0.000631158,20.8713078366628,471.464771464754,26.4453967178283,20.9413275851269,1399.008,-9.9e+37,234.366,814.294
20260514185416.3,434.152000397444,9.7887062,0.57410925,2.0028915,2.7318477,-0.00039529,-0.000710869,0.002375991,1.2106858,0.41987371,0.000630505,0.11224994,4.1303471,0.73475355,288.374,287.374,289.425,-14.12,NaN,NaN,NaN,-0.0333962793720701,446.08056687471,55.0251802172559,14.695071,288.374,287.374,289.425,0.146580412537+0i,0.000630505,20.8588098445709,472.014077536236,25.2833698731229,20.940264915757,754.958,453.931,104.597,-9.9e+37
20260514185418.3,436.178996041417,9.7884766,0.51238382,2.0026292,2.7326018,-0.00039431,-0.000715552,0.002361617,1.210653,0.14881429,0.000614279,-0.11362165,4.1305657,0.59516127,288.366,287.367,289.439,-14.11,NaN,NaN,NaN,-0.0499909789748756,446.576147107151,48.8560928671924,11.9032254,288.366,287.367,289.439,0.0712581316777737+0i,0.000614279,20.8612368331747,472.014077536236,25.3244749067544,20.9426264032457,271.346,-9.9e+37,265.647,600.606
20260514185420.3,438.194997981191,9.7888045,0.60090987,2.0028587,2.7329734,-0.000395835,-0.000712721,0.002421292,1.2107951,0.35050855,0.000633989,0.11905993,4.1313417,0.73632383,288.383,287.383,289.444,-14.14,NaN,NaN,NaN,-0.0354714076487426,446.82035558663,57.7037418055002,14.7264766,288.383,287.383,289.444,0.105930203694045+0i,0.000633989,20.8698523096456,471.464771464754,24.4631376111024,20.9417407109564,1393.415,682.769,312.017,123.779
20260514185422.3,440.214993059635,9.7884329,0.63617404,2.0026401,2.7325581,-0.000392132,-0.000713047,0.002390257,1.210664,0.11877708,0.000632356,0.058247916,4.1304782,0.66547684,288.388,287.364,289.466,-14.11,NaN,NaN,NaN,-0.0493013784195284,446.547428295113,61.2281845685152,13.3095368,288.388,287.364,289.466,0.0957551298932328+0i,0.000632356,20.860265371588,467.619628964395,24.4905409668572,20.9422425942883,-9.9e+37,-9.9e+37,590.028,543.205
20260514185424.4,442.233992367983,9.7877771,0.44629565,2.0026838,2.7324816,-0.000395508,-0.000714136,0.002410294,1.2107077,0.13232144,0.000635296,0.041841925,4.1302815,0.67414011,288.391,287.369,289.479,-14.18,NaN,NaN,NaN,-0.0465366495874946,446.497153944521,42.2509757617166,13.4828022,288.391,287.369,289.479,0.0833138343605557+0i,0.000635296,20.8580815259414,463.636847129494,24.4631376111024,20.9421836915821,416.768,-9.9e+37,473.804,656.159
20260514185426.4,444.249994307756,9.7887062,0.48950945,2.0027057,2.7328969,-0.000394746,-0.000715879,0.002413452,1.2105656,0.45292705,0.000633771,-0.00851585,4.1315821,0.64996936,288.393,287.364,289.498,-14.14,NaN,NaN,NaN,-0.0451511218661693,446.770081236038,46.5699364709117,12.9993872,288.393,287.364,289.498,0.105268921643903+0i,0.000633771,20.8725213309647,463.912125798571,24.4631376111024,20.9415341480417,-9.9e+37,-9.9e+37,-9.9e+37,-9.9e+37
20260514185428.4,446.272996813059,9.7884001,0.52092924,2.0026182,2.73258,-0.000393548,-0.000709998,0.002423905,1.2107842,0.4343456,0.000633663,0.10292392,4.1311887,0.74206588,288.383,287.364,289.496,-14.14,NaN,NaN,NaN,-0.0506869061408253,446.561820560185,49.7101564585352,14.8413176,288.383,287.364,289.496,0.0928782697958456+0i,0.000633663,20.8681536396713,472.425744273175,23.410599628708,20.9419475428333,-9.9e+37,574.612,370.597,-9.9e+37
20260514185430.5,448.386996611953,9.7885313,0.58368371,2.0026729,2.7324707,-0.000396162,-0.000713918,0.002384376,1.2105437,0.43369304,0.000610468,0.059613792,4.1309701,0.72424829,288.358,287.372,289.515,-14.19,NaN,NaN,NaN,-0.047226250142856,446.489990671038,55.9820901985989,14.4849658,288.358,287.372,289.515,0.0811392104381428+0i,0.000610468,20.8657266510675,471.740050133831,22.5356852158861,20.9425672315774,-9.9e+37,556.145,431.741,-9.9e+37
20260514185432.6,450.42600184679,9.7885094,0.52763922,2.002651,2.7326674,-0.000392786,-0.00071381,0.002405175,1.210653,0.20064665,0.000634207,-0.11870084,4.1314072,0.60683851,288.377,287.366,289.506,-14.21,NaN,NaN,NaN,-0.0486117778641528,446.61925818426,50.3807788055513,12.1367702,288.377,287.366,289.506,0.111549417383985+0i,0.000634207,20.8705795180333,472.15171687077,23.3831962729532,20.9413275851269,-9.9e+37,-9.9e+37,361.127,330.642
20260514185434.6,452.479993924499,9.7887608,0.67330423,2.0030008,2.7325253,-0.00039235,-0.000716423,0.002390039,1.2105547,0.45561038,0.000635187,-0.033070694,4.1309591,0.66336095,288.374,287.364,289.509,-14.21,NaN,NaN,NaN,-0.0264812939866772,446.525872756558,64.9391248638595,13.267219,288.374,287.364,289.509,0.121802980440128+0i,0.000635187,20.865604524468,473.250329013735,24.4358588160558,20.9414160736672,1262.087,557.483,-9.9e+37,-9.9e+37
20260514185436.7,454.518999159336,9.7884111,0.5800652,2.0026401,2.7319351,-0.000396053,-0.000713483,0.002444922,1.2107514,0.11485084,0.000636058,0.011592148,4.1311449,0.66424484,288.38,287.35,289.507,-14.21,NaN,NaN,NaN,-0.0493013784195284,446.138004498785,55.620441778052,13.2848968,288.38,287.35,289.507,0.102567696567674+0i,0.000636058,20.8676673537571,462.538234986534,24.4358588160558,20.9419768597053,1364.495,462.982,591.395,511.334
20260514185438.7,456.550993770361,9.7882471,0.45237162,2.0027603,2.7323505,-0.000393221,-0.000712938,0.002379803,1.2107405,0.43141456,0.000634643,0.1026384,4.131593,0.69709849,288.366,287.366,289.55,-14.24,NaN,NaN,NaN,-0.0416967924787883,446.410997508407,42.8582326032868,13.9419698,288.366,287.366,289.55,0.0679448099999553+0i,0.000634643,20.8726423473223,462.813513655611,24.4495604939334,20.9428033803263,-9.9e+37,550.138,255.629,-9.9e+37
20260514185440.7,458.612992241979,9.7888155,0.52076992,2.0027822,2.7323614,-0.000394419,-0.000711196,0.00239886,1.2107733,0.40256351,0.0006329,-0.007218577,4.1315712,0.60978266,288.377,287.353,289.547,-14.28,NaN,NaN,NaN,-0.0403112647574631,446.41816078189,49.6942333779408,12.1956532,288.377,287.353,289.547,0.0462554598815972+0i,0.0006329,20.872400314607,464.461431870049,23.3968979508304,20.9437479753218,-9.9e+37,152.163,112.794,-9.9e+37
20260514185442.8,460.647994279861,9.7888264,0.44067255,2.0030445,2.7320991,-0.000393221,-0.000713047,0.002393959,1.2106312,0.12788342,0.000634969,-0.085267801,4.1311887,0.64480239,288.388,287.347,289.563,-14.28,NaN,NaN,NaN,-0.0237165651546434,446.245782191559,41.6889805665735,12.8960478,288.388,287.347,289.563,0.0696233548380083+0i,0.000634969,20.8681536396713,461.303234775707,23.3422158000294,20.9427737944922,1599.775,331.763,498.217,579.363
20260514185444.8,462.694995850325,9.7888155,0.52972237,2.0030773,2.7320116,-0.000394528,-0.000715225,0.002402998,1.2107514,0.16440252,0.000633118,-0.006931311,4.1310794,0.70075301,288.393,287.326,289.58,-14.29,NaN,NaN,NaN,-0.0216414368779709,446.188278849378,50.5889771820273,14.0150602,288.393,287.326,289.58,0.10489402857513+0i,0.000633118,20.8669401453694,463.500459061628,24.4221571381786,20.9417113940844,1272.806,493.403,548.369,525.834
20260514185446.9,464.737994223833,9.7888155,0.51585612,2.0030445,2.7320226,-0.000393221,-0.000716314,0.002382307,1.2107733,0.25388558,0.000635732,0.11932291,4.1311012,0.72603572,288.41,287.304,289.604,-14.34,NaN,NaN,NaN,-0.0237165651546434,446.195507840966,49.2031284731918,14.5207144,288.41,287.304,289.604,0.0884998659241015+0i,0.000635732,20.8671821780847,464.599071204592,24.4631376111024,20.9422130084541,-9.9e+37,315.997,585.151,248.249
20260514185448.9,466.796995326877,9.7888264,0.69449918,2.0030663,2.7320772,-0.000395399,-0.000714245,0.002423688,1.2105547,0.35822684,0.000631158,0.10916373,4.1311231,0.73669049,288.385,287.307,289.624,-14.25,NaN,NaN,NaN,-0.0223373640439348,446.231389926487,67.0574332811557,14.7338098,288.385,287.307,289.624,0.0888857535337278+0i,0.000631158,20.8674253210418,464.186153200972,24.4905409668572,20.9426557201177,-9.9e+37,294.543,553.154,-9.9e+37
20260514185451,468.846994265914,9.7891215,0.53411675,2.0026182,2.7319133,-0.000395399,-0.000711523,0.002405502,1.2106421,0.12586573,0.000638454,-0.11230599,4.1311012,0.60582913,288.391,287.296,289.596,-14.33,NaN,NaN,NaN,-0.0506869061408253,446.123677951819,51.0281691660989,12.1165826,288.391,287.296,289.596,0.120963534935353+0i,0.000638454,20.8671821780847,464.873098606993,23.3831962729532,20.9411799249184,-9.9e+37,-9.9e+37,471.974,538.895
20260514185453.1,470.976001024246,9.7894494,0.68807076,2.0029461,2.7318914,-0.000393439,-0.000713918,0.002383396,1.2105437,0.27828767,0.000635732,-0.00696313,4.1310684,0.72164243,288.375,287.285,289.566,-14.34,NaN,NaN,NaN,-0.0299419499846891,446.109285686747,66.4149511712232,14.4328486,288.375,287.285,289.566,0.11072979857903+0i,0.000635732,20.8668180187699,464.04976513311,22.9867195394663,20.9420360313735,1071.864,319.217,540.047,426.211
20260514185455.3,473.136993125081,9.7887936,0.73231574,2.0027713,2.7323614,-0.000394419,-0.000715225,0.002411056,1.2106093,0.4323181,0.000620159,-0.00117139,4.1309373,0.76290181,288.354,287.289,289.537,-14.42,NaN,NaN,NaN,-0.0410008653128102,446.41816078189,70.8369721506123,15.2580362,288.354,287.289,289.537,0.127114882054005+0i,0.000620159,20.8653624917527,463.774486464033,22.5629640109328,20.9416818082502,-9.9e+37,-9.9e+37,603.119,235.364
20260514185457.3,475.178995728493,9.788422,0.46686644,2.0026401,2.7313449,-0.000397142,-0.00071283,0.002362597,1.2106093,0.4458668,0.000636167,-0.063517401,4.1312433,0.63907016,288.372,287.28,289.52,-14.41,NaN,NaN,NaN,-0.0493013784195284,445.750136241012,44.3069031221224,12.7814032,288.372,287.28,289.52,0.106294856295955+0i,0.000636167,20.8687598317013,463.636847129494,23.3285141221518,20.9414456595014,-9.9e+37,-9.9e+37,-9.9e+37,-9.9e+37
20260514185459.4,477.221994102001,9.7887608,0.4609454,2.0027275,2.7316947,-0.000395835,-0.000713374,0.002437082,1.2106312,0.13986513,0.000636712,-0.1078731,4.1309045,0.63383662,288.394,287.288,289.504,-14.37,NaN,NaN,NaN,-0.0437719207554323,445.980018173525,43.7151306069172,12.6767324,288.394,287.288,289.504,0.0928940896271894+0i,0.000636712,20.864998332438,463.636847129494,23.3694945950756,20.9419179569991,1590.621,-9.9e+37,333.965,572.96
20260514185501.4,479.249995574355,9.7878974,0.62876786,2.0026292,2.731334,-0.000394746,-0.000712938,0.002408987,1.2107186,0.20798079,0.000616675,-0.10890313,4.1305329,0.57445954,288.372,287.277,289.477,-14.34,NaN,NaN,NaN,-0.0499909789748756,445.742972967529,60.4879811977117,11.4891908,288.372,287.277,289.477,0.117183142105721+0i,0.000616675,20.8608726738599,462.951152990154,23.3694945950756,20.9416818082502,9.9e+37,-9.9e+37,-9.9e+37,668.288
20260514185503.4,481.311994045973,9.7888155,0.59041224,2.0029133,2.73164,-0.000395726,-0.000717403,0.002411056,1.2106421,0.3754759,0.000633771,0.11610592,4.1307078,0.74192511,288.382,287.3,289.482,-14.37,NaN,NaN,NaN,-0.0320170782613616,445.944070369899,56.6545665071078,14.8385022,288.382,287.3,289.482,0.110921103877649+0i,0.000633771,20.8628144867913,464.04976513311,23.3148124442741,20.9417407109564,9.9e+37,841.638,263.788,165.282
20260514185505.5,483.370995149016,9.7883127,0.45408812,2.0028805,2.7312247,-0.000394093,-0.000715661,0.002397988,1.210664,0.22255201,0.000634207,-0.11929519,4.1309263,0.58822869,288.385,287.29,289.49,-14.32,NaN,NaN,NaN,-0.0340922065380482,445.671143078382,43.0297865063764,11.7645738,288.385,287.29,289.49,0.0491890351959904+0i,0.000634207,20.8652403651533,463.362819727093,23.3559174779066,20.9435414124071,-9.9e+37,-9.9e+37,-9.9e+37,449.403
20260514185507.5,485.382993891835,9.7887171,0.44063218,2.0028587,2.7306564,-0.000395726,-0.00071675,0.002443833,1.2106858,0.14556243,0.000637147,-0.090659523,4.1309373,0.60504453,288.388,287.285,289.488,-14.41,NaN,NaN,NaN,-0.0354714076487426,445.29766708568,41.6849458266564,12.1008906,288.388,287.285,289.488,0.0650571924875872+0i,0.000637147,20.8653624917527,471.053104727814,23.3422158000294,20.9427444776202,9.9e+37,77.616,109.912,770.349
20260514185509.6,487.421999126673,9.788105,0.52287927,2.0030226,2.730711,-0.000395835,-0.000715661,0.002420094,1.2107623,0.14041401,0.000634643,-0.046501311,4.1310029,0.6006698,288.403,287.309,289.501,-14.47,NaN,NaN,NaN,-0.0251020928759687,445.333549171201,49.9050502876303,12.013396,288.403,287.309,289.501,0.107095493354769+0i,0.000634643,20.8660908103822,471.32713213021,24.4495604939334,20.9414456595014,9.9e+37,-9.9e+37,-9.9e+37,867.178
20260514185511.6,489.464997500181,9.7888045,0.49646714,2.0030226,2.7306892,-0.00039529,-0.000714572,0.002412254,1.2106749,0.15197449,0.000624842,-0.005093481,4.1310029,0.68051616,288.396,287.298,289.509,-14.43,NaN,NaN,NaN,-0.0251020928759687,445.319222624235,47.2653159500772,13.6103232,288.396,287.298,289.509,0.112593277053501+0i,0.000624842,20.8660908103822,463.912125798571,24.5042426447344,20.9412979992928,9.9e+37,393.844,328.465,734.855
20260514185513.6,491.479993611574,9.7887717,0.59879507,2.0027931,2.7311154,-0.000396162,-0.000717076,0.00239385,1.210806,0.13496549,0.000633227,-0.088124446,4.1315493,0.58330724,288.4,287.312,289.522,-14.43,NaN,NaN,NaN,-0.0396216642021017,445.599313189235,57.4923802009246,11.6661448,288.4,287.312,289.522,0.143000794288759+0i,0.000633227,20.8721571716499,462.951152990154,24.4631376111024,20.9407076274206,693.136,-9.9e+37,139.049,784.276
20260514185515.6,493.507995083928,9.7877662,0.52619879,2.0026182,2.7307657,-0.000395182,-0.000714354,0.002425866,1.210664,0.28076694,0.000638563,-0.098019848,4.1305985,0.56152847,288.405,287.319,289.495,-14.43,NaN,NaN,NaN,-0.0506869061408253,445.369496974827,50.2368164468986,11.2305694,288.405,287.319,289.495,0.104758222201373+0i,0.000638563,20.8616009924894,463.087541058012,24.4768392889796,20.9417113940844,9.9e+37,-9.9e+37,-9.9e+37,674.05
20260514185517.8,495.639999210835,9.7881378,0.640372,2.0029243,2.7310389,-0.000397033,-0.000710978,0.002355846,1.2106968,0.31707763,0.000636603,0.00566675,4.1306531,0.60310324,288.405,287.32,289.49,-14.45,NaN,NaN,NaN,-0.0313211510953977,445.549038838642,61.6477455490069,12.0620648,288.405,287.32,289.49,0.130890848446589+0i,0.000636603,20.8622071845194,463.362819727093,24.4631376111024,20.9412390965866,9.9e+37,249.909,-9.9e+37,412.424
20260514185519.9,497.808001935482,9.7884548,0.50695496,2.002662,2.7306127,-0.000398448,-0.000714899,0.002425648,1.2107077,0.10432265,0.000618199,-0.001098648,4.1315384,0.58024416,288.4,287.309,289.465,-14.1,NaN,NaN,NaN,-0.0479158506982031,445.268948273642,48.3135107976747,11.6048832,288.4,287.309,289.465,0.119838870628514+0i,0.000618199,20.8720361552923,463.636847129494,24.5042426447344,20.9410914363781,9.9e+37,732.788,-9.9e+37,449.574
20260514185522,499.854993447661,9.7887936,0.60556069,2.0026182,2.7307547,-0.000396706,-0.000711523,0.002347788,1.2107295,0.43425939,0.000634643,0.11035396,4.1312652,0.73130963,288.391,287.322,289.479,-14.14,NaN,NaN,NaN,-0.0506869061408253,445.362267983239,58.1685634329789,14.6261926,288.391,287.322,289.479,0.0730398211842955+0i,0.000634643,20.8690029746584,463.774486464033,25.3244749067544,20.9429510405349,495.803,949.543,284.352,-9.9e+37
20260514185524.1,501.999992877245,9.7887936,0.5409664,2.0027713,2.730711,-0.00039627,-0.000714354,0.002379258,1.2107186,0.26120336,0.000638018,-0.00718356,4.1310903,0.71827272,288.408,287.336,289.446,-14.17,NaN,NaN,NaN,-0.0410008653128102,445.333549171201,51.7127506937993,14.3654544,288.408,287.336,289.446,0.0717793062023699+0i,0.000638018,20.867061161727,463.22518039255,24.4768392889796,20.9428918688666,-9.9e+37,688.255,721.972,262.822
20260514185526.3,504.143996536732,9.7880395,0.47594983,2.0027385,2.7304597,-0.00039529,-0.000713918,0.002393633,1.2107623,0.14292493,0.000632356,-0.001455934,4.1309373,0.56954137,288.4,287.333,289.441,-14.17,NaN,NaN,NaN,-0.0430759935894969,445.168399572457,45.2147335956354,11.3908274,288.4,287.333,289.441,0.101866786838211+0i,0.000632356,20.8653624917527,463.087541058012,23.5472427253571,20.9416522224161,-9.9e+37,400.802,237.987,356.831
20260514185528.3,506.190998107195,9.7885531,0.60457203,2.0027275,2.7299569,-0.000397251,-0.000713374,0.002391019,1.2107405,0.28656138,0.000623209,-0.10038058,4.1309373,0.56037613,288.4,287.336,289.462,-14.21,NaN,NaN,NaN,-0.0437719207554323,444.83796893876,58.069752782336,11.2075226,288.4,287.336,289.462,0.0881190581773282+0i,0.000623209,20.8653624917527,463.362819727093,23.3694945950756,20.9425376457433,-9.9e+37,-9.9e+37,130.124,466.155
20260514185530.4,508.233996480703,9.7888482,0.5812961,2.0029789,2.7303176,-0.000396706,-0.000713047,0.002418461,1.210664,0.46473963,0.000635514,0.018016117,4.1312761,0.65363154,288.4,287.368,289.487,-14.22,NaN,NaN,NaN,-0.0278668217080025,445.075014144755,55.7434628670779,13.0726308,288.4,287.368,289.487,0.117452874789639+0i,0.000635514,20.8691239910161,463.500459061628,23.3831962729532,20.9415045622075,1205.843,614.595,-9.9e+37,-9.9e+37
20260514185532.4,510.245995223522,9.7886952,0.62538396,2.0028478,2.7299678,-0.000395835,-0.000711849,0.002376754,1.2107295,0.14004081,0.000636603,-0.08009561,4.1309263,0.61685819,288.43,287.371,289.479,-14.15,NaN,NaN,NaN,-0.036161008204104,444.845132212243,60.1497806427074,12.3371638,288.43,287.371,289.479,0.111264631665841+0i,0.000636603,20.8652403651533,462.951152990154,23.3694945950756,20.9418587853308,1405.729,289.838,372.991,609.356
20260514185534.4,512.273000925779,9.7888045,0.6335158,2.0030445,2.7294213,-0.000397142,-0.000716423,0.002376536,1.2107186,0.16568253,0.000637256,-0.091105559,4.1310247,0.57182858,288.391,287.39,289.492,-14.15,NaN,NaN,NaN,-0.0237165651546434,444.485982766507,60.9625093880031,11.4365716,288.391,287.39,289.492,0.121726966405532+0i,0.000637256,20.8663328430975,470.915465393271,23.3285141221518,20.9413864878331,9.9e+37,-9.9e+37,-9.9e+37,812.572
20260514185536.5,514.350992068648,9.7887717,0.56434929,2.0027603,2.7298695,-0.000397468,-0.000715661,0.002374467,1.2107623,0.34899829,0.000636385,-0.001301411,4.1315821,0.57051365,288.393,287.402,289.524,-13.99,NaN,NaN,NaN,-0.0416967924787883,444.780531314684,54.0497306209854,11.410273,288.393,287.402,289.524,0.111967729021108+0i,0.000636385,20.8725213309647,472.289356205313,23.3559174779066,20.9414456595014,9.9e+37,-9.9e+37,-9.9e+37,481.31
20260514185538.5,516.401996836066,9.7884329,0.55926635,2.0026401,2.7293886,-0.000398448,-0.000712067,0.002378387,1.2107623,0.46019791,0.00062408,0.10676619,4.1310575,0.72677994,288.395,287.408,289.543,-13.92,NaN,NaN,NaN,-0.0493013784195284,444.464492946058,53.541721185407,14.5355988,288.395,287.408,289.543,0.135874917191718+0i,0.00062408,20.8666970024123,472.289356205313,23.3694945950756,20.9406191388803,9.9e+37,810.446,-9.9e+37,-9.9e+37
20260514185540.6,518.444995209575,9.7877006,0.67143932,2.002662,2.7287874,-0.00039627,-0.000713592,0.002366518,1.2107186,0.41247624,0.000634643,-0.034402921,4.1310466,0.63978492,288.401,287.443,289.53,-13.97,NaN,NaN,NaN,-0.0479158506982031,444.069395696696,64.7527382693877,12.7956984,288.401,287.443,289.53,0.0949780887599131+0i,0.000634643,20.8665759860546,473.250329013735,23.3148124442741,20.9422721801224,344.534,478.808,-9.9e+37,-9.9e+37
20260514185542.6,520.491996780038,9.7880285,0.65517563,2.0029133,2.7287328,-0.00039529,-0.000714463,0.002399622,1.2107842,0.43568999,0.000635949,0.10238946,4.1309373,0.72908243,288.406,287.446,289.565,-14.05,NaN,NaN,NaN,-0.0320170782613616,444.033513611175,63.1272797793561,14.5816486,288.406,287.446,289.565,0.131658623777413+0i,0.000635949,20.8653624917527,471.876438201693,23.3694945950756,20.9411210222122,689.352,870.167,231.916,-9.9e+37
20260514185544.7,522.534995153546,9.7877225,0.52681097,2.0026182,2.7288639,-0.000397033,-0.000718056,0.002392108,1.2106858,0.12121598,0.000636167,-0.10323308,4.1312542,0.60642712,288.416,287.455,289.574,-14.07,NaN,NaN,NaN,-0.0506869061408253,444.119670047288,50.29800017448,12.1285424,288.416,287.455,289.574,0.120474537248203+0i,0.000636167,20.868880848059,463.774486464033,24.4905409668572,20.9411503390842,536.865,313.723,517.391,499.056
20260514185546.7,524.577993527055,9.7879192,0.60012637,2.0026401,2.7290388,-0.000397795,-0.000713483,0.002402562,1.2107405,0.17501909,0.000620922,0.055825534,4.1315056,0.70480913,288.419,287.453,289.598,-14.1,NaN,NaN,NaN,-0.0493013784195284,444.234611013545,57.6254356691351,14.0961826,288.419,287.453,289.598,0.101415907894262+0i,0.000620922,20.8716719959775,463.22518039255,23.3831962729532,20.9420949340797,949.283,594.527,551.474,424.495
20260514185548.7,526.604999229312,9.788116,0.6667514,2.0030336,2.7289732,-0.000399537,-0.000713483,0.002417916,1.2107733,0.41628791,0.000634425,-0.040951019,4.1312652,0.60796466,288.391,287.474,289.612,-14.11,NaN,NaN,NaN,-0.0244061657100048,444.191499936436,64.2842087189235,12.1592932,288.391,287.474,289.612,0.106205050244181+0i,0.000634425,20.8690029746584,463.22518039255,23.3559174779066,20.9421245199138,-9.9e+37,-9.9e+37,-9.9e+37,-9.9e+37
20260514185550.8,528.633000701666,9.7888264,0.49873471,2.0028478,2.7292355,-0.000402042,-0.000718165,0.002432617,1.2107077,0.44655209,0.000634751,-0.065727431,4.1315384,0.64726639,288.381,287.485,289.609,-14.11,NaN,NaN,NaN,-0.036161008204104,444.363878526768,47.4919460019437,12.9453278,288.381,287.485,289.609,0.0940401676017943+0i,0.000634751,20.8720361552923,462.675874321068,23.3831962729532,20.9420360313735,167.208,479.824,-9.9e+37,-9.9e+37
20260514185552.8,530.694999173284,9.7879302,0.40567679,2.0026729,2.7290825,-0.000402042,-0.000714463,0.002406918,1.2107514,0.44187181,0.000634425,0.10013424,4.1315275,0.73812982,288.381,287.48,289.631,-14.12,NaN,NaN,NaN,-0.047226250142856,444.263329825583,38.1913637768345,14.7625964,288.381,287.48,289.631,0.104273470907152+0i,0.000634425,20.8719151389346,472.15171687077,24.4495604939334,20.9410029478378,109.297,819.413,345.874,-9.9e+37
20260514185554.8,532.714994251728,9.788116,0.57068934,2.0030663,2.7295306,-0.000399428,-0.000712067,0.002376972,1.2105765,0.12095081,0.000634207,-0.10439804,4.1310794,0.56401428,288.416,287.483,289.645,-14.12,NaN,NaN,NaN,-0.0223373640439348,444.557812655654,54.6833806782433,11.2802856,288.416,287.483,289.645,0.126781379448759+0i,0.000634207,20.8669401453694,471.876438201693,24.4358588160558,20.9409437761695,-9.9e+37,298.472,640.173,455.705
20260514185556.9,534.745993092656,9.7881378,0.62457645,2.0030554,2.7295853,-0.000401715,-0.000712503,0.002407571,1.2108279,0.11974282,0.000637692,-0.031059069,4.130522,0.60594698,288.413,287.483,289.645,-14.12,NaN,NaN,NaN,-0.0230269645992962,444.59376045928,60.0690748505234,12.1189396,288.413,287.483,289.645,0.150607541713626+0i,0.000637692,20.8607516575023,470.228519987255,24.4495604939334,20.9404125759656,920.181,-9.9e+37,399.147,739.17
20260514185558.9,536.768995597959,9.7888155,0.69075191,2.0028478,2.7298585,-0.000397686,-0.000714899,0.002395266,1.2106968,0.13668529,0.000612755,-0.072196463,4.1315056,0.58232295,288.416,287.483,289.634,-14.13,NaN,NaN,NaN,-0.036161008204104,444.773302323096,66.6829160691368,11.646459,288.416,287.483,289.634,0.125688124390816+0i,0.000612755,20.8716719959775,471.32713213021,24.4768392889796,20.9413864878331,1339.473,-9.9e+37,230.474,860.053
20260514185601,538.882995396852,9.7881488,0.62950445,2.0030773,2.7295088,-0.000398884,-0.000711958,0.002408769,1.2107623,0.2688136,0.00063192,0.00566239,4.1309701,0.58227166,288.411,287.464,289.658,-14.15,NaN,NaN,NaN,-0.0216414368779709,444.543486108688,60.5615989602965,11.6454332,288.411,287.464,289.658,0.125301260333001+0i,0.00063192,20.8657266510675,471.464771464754,24.4495604939334,20.9412095107525,1532.595,92.917,-9.9e+37,522.057
20260514185603.1,540.917997434735,9.7877881,0.6797774,2.0026838,2.7293558,-0.000400409,-0.000715879,0.002358133,1.2106312,0.31407674,0.000633009,-0.12269241,4.1310247,0.5881523,288.402,287.472,289.62,-14.15,NaN,NaN,NaN,-0.0465366495874946,444.442937407503,65.5860794684983,11.763046,288.402,287.472,289.62,0.132521154211258+0i,0.000633009,20.8663328430975,466.932683558374,24.4631376111024,20.9412390965866,9.9e+37,-9.9e+37,-9.9e+37,454.468
20260514185605.1,542.932993546128,9.7879629,0.62366418,2.0030226,2.7296181,-0.000397686,-0.000717621,0.002369893,1.2105984,0.44833298,0.000635078,0.14752228,4.1311449,0.73227646,288.397,287.48,289.609,-14.17,NaN,NaN,NaN,-0.0251020928759687,444.615315997835,59.977898923246,14.6455292,288.397,287.48,289.609,0.126164925866879+0i,0.000635078,20.8676673537571,463.500459061628,24.4631376111024,20.9413275851269,9.9e+37,834.134,-9.9e+37,-9.9e+37
20260514185607.2,545.081996172667,9.7877881,0.72229499,2.0026292,2.7295416,-0.00039627,-0.000711632,0.0023761,1.210817,0.14842145,0.000636276,-0.00072263,4.1307515,0.57785764,288.424,287.474,289.584,-14.21,NaN,NaN,NaN,-0.0499909789748756,444.565041647243,69.835458154466,11.5571528,288.424,287.474,289.584,0.147158435439565+0i,0.000636276,20.8632996624637,463.636847129494,23.5472427253571,20.9410322647098,862.181,383.132,-9.9e+37,334.95
20260514185609.2,547.097002342343,9.7871651,0.58475093,2.0027275,2.7287109,-0.000398993,-0.00071381,0.002366953,1.2106968,0.12209551,0.000633009,0.048460926,4.1302269,0.70992153,288.421,287.455,289.628,-14.25,NaN,NaN,NaN,-0.0437719207554323,444.019121346103,56.0887524511217,14.1984306,288.421,287.455,289.628,0.120041263507402+0i,0.000633009,20.8574753339113,471.32713213021,23.3148124442741,20.9412684134587,9.9e+37,654.212,500.228,583.664
20260514185611.3,549.133000150323,9.7870121,0.56830719,2.0026292,2.7288093,-0.000398339,-0.000713592,0.002402562,1.2107186,0.37016598,0.000630178,0.11509156,4.1304345,0.70822795,288.424,287.453,289.62,-14.3,NaN,NaN,NaN,-0.0499909789748756,444.083787961767,54.4452990410485,14.164559,288.424,287.453,289.62,0.115059979238883+0i,0.000630178,20.8597801959157,472.15171687077,23.3559174779066,20.9413571709611,-9.9e+37,678.71,374.266,-9.9e+37
20260514185613.3,551.178995892406,9.7870558,0.54307466,2.002662,2.7281317,-0.000399537,-0.000717512,0.002405938,1.2107295,0.42367228,0.000636276,0.093592674,4.1303362,0.70467272,288.405,287.455,289.623,-14.33,NaN,NaN,NaN,-0.0479158506982031,443.638482079919,51.9234586645116,14.0934544,288.405,287.455,289.623,0.121850544944028+0i,0.000636276,20.8586888282132,463.636847129494,23.3831962729532,20.9412095107525,-9.9e+37,460.805,424.3,-9.9e+37
20260514185615.3,553.194997832179,9.7877771,0.41458777,2.0028915,2.7280989,-0.000399646,-0.000713483,0.002417372,1.2107186,0.29983293,0.000613626,0.10785906,4.1302706,0.77108714,288.424,287.463,289.598,-14.37,NaN,NaN,NaN,-0.0333962793720701,443.616926541364,39.0819629025865,15.4217428,288.424,287.463,289.598,0.0900296249699168+0i,0.000613626,20.8579605095837,463.636847129494,23.3559174779066,20.9418294684588,-9.9e+37,562.351,729.966,-9.9e+37
20260514185617.4,555.225996673107,9.7880941,0.53176952,2.0030554,2.7276289,-0.000399864,-0.000715007,0.002401364,1.2107405,0.28736888,0.00063388,0.10035029,4.1304236,0.75678002,288.389,287.434,289.596,-14.34,NaN,NaN,NaN,-0.0230269645992962,443.308051446221,50.7935775739352,15.1356004,288.389,287.434,289.596,0.105418752798822+0i,0.00063388,20.859659179558,463.22518039255,22.5356852158861,20.9417702967905,-9.9e+37,375.372,734.151,-9.9e+37
20260514185619.4,557.246001809835,9.7881378,0.47876193,2.0029898,2.7278366,-0.000398013,-0.000716423,0.002454178,1.2107514,0.30800623,0.000631158,0.096091391,4.1306422,0.7381571,288.397,287.434,289.59,-14.35,NaN,NaN,NaN,-0.0271772211526553,443.444547951032,45.4957861624156,14.763142,288.397,287.434,289.59,0.0800443142975065+0i,0.000631158,20.8620861681618,470.915465393271,22.5492623330556,20.9423310828286,-9.9e+37,311.807,700.593,-9.9e+37
20260514185621.4,559.280993789434,9.7881488,0.47841056,2.0030445,2.7277054,-0.000400953,-0.000715879,0.002406809,1.2107186,0.43671247,0.000633009,-0.055039794,4.131134,0.68410305,288.405,287.444,289.601,-14.37,NaN,NaN,NaN,-0.0237165651546434,443.358325796813,45.4606688335903,13.682061,288.405,287.444,289.601,0.102014069737396+0i,0.000633009,20.8675463373994,471.876438201693,22.5766656888104,20.9415045622075,-9.9e+37,-9.9e+37,415.756,-9.9e+37
20260514185623.5,561.319999024272,9.7877334,0.50832117,2.002651,2.7275087,-0.000399973,-0.000714027,0.002403869,1.2106858,0.11286371,0.000635078,-0.071629227,4.1310247,0.66373633,288.413,287.434,289.623,-14.36,NaN,NaN,NaN,-0.0486117778641528,443.229058283591,48.4500553114761,13.2747266,288.413,287.434,289.623,0.108096168763287+0i,0.000635078,20.8663328430975,472.838662276796,23.410599628708,20.9413571709611,-9.9e+37,-9.9e+37,685.591,435.311
20260514185625.6,563.43699619174,9.7881269,0.5496548,2.0030226,2.7277491,-0.000399755,-0.000716423,0.002396464,1.2108388,0.32810998,0.000639107,-0.00645244,4.1309263,0.75107072,288.406,287.435,289.609,-14.38,NaN,NaN,NaN,-0.0251020928759687,443.387044608851,52.5811042805186,15.0214144,288.406,287.435,289.609,0.16857179489087+0i,0.000639107,20.8652403651533,471.740050133831,24.4221571381786,20.939438395136,495.868,-9.9e+37,569.008,412
20260514185627.7,565.581995621324,9.7871651,0.5534741,2.002651,2.7277163,-0.000396379,-0.000715443,0.002406156,1.2106421,0.4561309,0.000637801,-0.001160392,4.1311559,0.7549544,288.404,287.424,289.592,-14.41,NaN,NaN,NaN,-0.0486117778641528,443.365489070296,52.9628204599944,15.099088,288.404,287.424,289.592,0.105349394625513+0i,0.000637801,20.8677894803565,472.15171687077,24.5042426447344,20.9415933197099,-9.9e+37,-9.9e+37,515.879,265.627
20260514185629.8,567.628997191787,9.7877553,0.4909466,2.0026838,2.728077,-0.000400735,-0.000711414,0.002409205,1.2107514,0.43947983,0.000637474,-0.054487041,4.1309701,0.62203825,288.395,287.435,289.592,-14.43,NaN,NaN,NaN,-0.0465366495874946,443.602534276292,46.7135710131927,12.440765,288.395,287.435,289.592,0.16374998224407+0i,0.000637474,20.8657266510675,471.876438201693,24.4358588160558,20.9392611490933,-9.9e+37,-9.9e+37,-9.9e+37,-9.9e+37
20260514185631.8,569.659996032715,9.7879739,0.45235961,2.0026838,2.7284923,-0.000398884,-0.000716205,0.002384703,1.2107405,0.11590606,0.000634316,0.048044182,4.1315493,0.67939002,288.406,287.413,289.568,-14.43,NaN,NaN,NaN,-0.0465366495874946,443.875461567809,42.8570322756573,13.5878004,288.406,287.413,289.568,0.142105862866849+0i,0.000634316,20.8721571716499,472.975050344657,24.4631376111024,20.9397926182593,9.9e+37,223.046,507.884,553.597
20260514185633.9,571.721994504333,9.787952,0.70267578,2.002662,2.7290607,-0.000400517,-0.000715334,0.002408878,1.2107733,0.15969386,0.000637583,0.000867134,4.1315165,0.6977063,288.428,287.413,289.546,-14.55,NaN,NaN,NaN,-0.0479158506982031,444.249003278616,67.8746355205979,13.954126,288.428,287.413,289.546,0.113519046840567+0i,0.000637583,20.8717930123352,472.014077536236,24.4631376111024,20.9417702967905,909.739,272.118,521.505,438.314
20260514185636,573.84699806571,9.7880285,0.5376578,2.0029243,2.7293448,-0.000397468,-0.000713156,0.002394939,1.2106749,0.23126765,0.000639107,-0.00723703,4.1311231,0.70290602,288.417,287.402,289.53,-14.54,NaN,NaN,NaN,-0.0313211510953977,444.435708415915,51.3820759231834,14.0581204,288.417,287.402,289.53,0.107760472226198+0i,0.000639107,20.8674253210418,471.740050133831,23.3559174779066,20.9415045622075,-9.9e+37,152.438,659.697,370.014
20260514185638.1,576.008000224829,9.788728,0.38349862,2.0028696,2.7293558,-0.000401171,-0.000714681,0.002403651,1.2107623,0.12891026,0.000615041,-0.000582373,4.131451,0.55307471,288.408,287.409,289.514,-14.54,NaN,NaN,NaN,-0.0347818070933954,444.442937407503,35.9747884043412,11.0614942,288.408,287.409,289.514,0.0845662784862318+0i,0.000615041,20.8710658039475,472.563383607718,24.4358588160558,20.9416818082502,-9.9e+37,-9.9e+37,88.236,409.635
20260514185640.2,578.050998598337,9.7884548,0.52670076,2.0026729,2.7300006,-0.000402804,-0.000713047,0.002403106,1.2107405,0.44255274,0.000638018,0.10646792,4.1310138,0.73351173,288.392,287.398,289.541,-14.59,NaN,NaN,NaN,-0.047226250142856,444.866687750797,50.2869853445006,14.6702346,288.392,287.398,289.541,0.106080251490656+0i,0.000638018,20.8662118267399,472.15171687077,23.629328231913,20.9415045622075,-9.9e+37,589.352,388.413,-9.9e+37
20260514185642.2,580.081997439265,9.788422,0.60193017,2.002651,2.7306236,-0.000401824,-0.000714572,0.002379912,1.2106312,0.41536909,0.000638236,-0.029403205,4.1310356,0.65071469,288.386,287.409,289.536,-14.6,NaN,NaN,NaN,-0.0486117778641528,445.276111547125,57.8057146848024,13.0142938,288.386,287.409,289.536,0.115774334363922+0i,0.000638236,20.8664538594552,470.915465393271,23.3285141221518,20.9414752453355,-9.9e+37,276.377,232.307,-9.9e+37
20260514185644.2,582.100996747613,9.7877662,0.43854792,2.0026401,2.7312684,-0.000401389,-0.000712612,0.002385356,1.2107951,0.22671505,0.000617219,-0.11948368,4.1312324,0.54703585,288.4,287.39,289.579,-14.64,NaN,NaN,NaN,-0.0493013784195284,445.699861890419,41.4766365123228,10.940717,288.4,287.39,289.579,0.127297993500533+0i,0.000617219,20.8686388153437,472.425744273175,23.3422158000294,20.9403238184632,1118.934,-9.9e+37,317.711,459.74
20260514185646.3,584.147998318076,9.788105,0.74327823,2.002815,2.7317275,-0.000402695,-0.000713483,0.002361835,1.2107186,0.23643681,0.000635405,0.11940393,4.1315821,0.76310696,288.41,287.417,289.595,-14.63,NaN,NaN,NaN,-0.0382361364807764,446.001573712079,71.932607424181,15.2621392,288.41,287.417,289.595,0.124186089725669+0i,0.000635405,20.8725213309647,472.014077536236,23.3968979508304,20.9415933197099,9.9e+37,716.222,538.234,389.987
20260514185648.3,586.183000355959,9.7877881,0.48933267,2.002662,2.7318258,-0.000403131,-0.000713047,0.002364013,1.2108388,0.1636954,0.000638454,-0.11670773,4.130981,0.54747889,288.416,287.415,289.576,-14.64,NaN,NaN,NaN,-0.0479158506982031,446.066174609638,46.5522683678018,10.9495778,288.416,287.415,289.576,0.153684888536036+0i,0.000638454,20.8658476674251,472.289356205313,23.3559174779066,20.9396449580507,-9.9e+37,-9.9e+37,166.533,666.955
20260514185650.4,588.218998163939,9.7887062,0.45420488,2.0027166,2.7323177,-0.000400409,-0.000713047,0.002390583,1.2107623,0.36508739,0.000635514,0.11625424,4.131593,0.75354017,288.428,287.427,289.606,-14.64,NaN,NaN,NaN,-0.0444615213108221,446.389441969853,43.0414559696591,15.0708034,288.428,287.427,289.606,0.119121101211785+0i,0.000635514,20.8726423473223,471.602410799297,23.3012353271051,20.9407372132548,1442.523,683.961,319.533,83.496
20260514185652.4,590.254000201821,9.7881597,0.4970313,2.0029133,2.7329188,-0.000400191,-0.000715116,0.002383287,1.210806,0.41367005,0.000636603,-0.028317843,4.1313963,0.62333572,288.39,287.421,289.582,-14.64,NaN,NaN,NaN,-0.0320170782613616,446.784473501109,47.3217003660207,12.4667144,288.39,287.421,289.582,0.135873617118489+0i,0.000636603,20.8704585016756,472.563383607718,23.3285141221518,20.9403238184632,-9.9e+37,-9.9e+37,-9.9e+37,-9.9e+37
20260514185654.4,592.272999510169,9.7879083,0.4662368,2.0027494,2.7324488,-0.000401062,-0.00071479,0.002401146,1.2107623,0.13786927,0.0006329,0.040495432,4.1309373,0.71444796,288.402,287.439,289.593,-14.69,NaN,NaN,NaN,-0.0423863930341355,446.475598405966,44.2439743720255,14.2889592,288.402,287.439,289.593,0.18295541306112+0i,0.0006329,20.8653624917527,472.563383607718,23.3968979508304,20.9384053116002,1484.311,444.606,651.624,439.892
20260514185656.4,594.304994121194,9.7879302,0.52041418,2.0027603,2.7324488,-0.000403784,-0.000716423,0.002397879,1.2106421,0.16683159,0.000631267,-0.004834528,4.1309263,0.70404745,288.408,287.42,289.604,-14.7,NaN,NaN,NaN,-0.0416967924787883,446.475598405966,49.6586792937666,14.080949,288.408,287.42,289.604,0.130492953218421+0i,0.000631267,20.8652403651533,471.053104727814,24.4905409668572,20.9406191388803,432.617,300.614,617.332,442.403
20260514185658.5,596.323993429542,9.7880941,0.45847922,2.0030226,2.7325581,-0.000401389,-0.00071381,0.002388623,1.2107295,0.11576529,0.000636167,0.038948571,4.1310356,0.62614127,288.408,287.431,289.563,-14.74,NaN,NaN,NaN,-0.0251020928759687,446.547428295113,43.4686506740763,12.5228254,288.408,287.431,289.563,0.0933185504533028+0i,0.000636167,20.8664538594552,471.876438201693,25.297071551,20.9416522224161,-9.9e+37,-9.9e+37,530.424,672.843
20260514185700.5,598.346995934844,9.7880504,0.49283553,2.0027385,2.7329844,-0.00040226,-0.000717621,0.002396028,1.2106968,0.25197921,0.000635405,-0.11893093,4.131593,0.55036191,288.384,287.407,289.555,-14.74,NaN,NaN,NaN,-0.0430759935894969,446.827584578218,46.9023582629235,11.0072382,288.384,287.407,289.555,0.142981550791747+0i,0.000635405,20.8726423473223,471.464771464754,24.5178197619039,20.9400287670082,445.056,-9.9e+37,-9.9e+37,644.255
20260514185702.5,600.374997407198,9.7884548,0.58430462,2.002651,2.7319023,-0.000402042,-0.000714681,0.002387861,1.2106312,0.46779071,0.000637583,0.07412336,4.1310356,0.70043001,288.366,287.429,289.563,-14.78,NaN,NaN,NaN,-0.0486117778641528,446.11644896023,56.0441464374381,14.0086002,288.366,287.429,289.563,0.137232901904455+0i,0.000637583,20.8664538594552,471.876438201693,25.3244749067544,20.9406191388803,9.9e+37,488.183,-9.9e+37,-9.9e+37
20260514185704.5,602.413992583752,9.7886843,0.666962,2.0027057,2.7322412,-0.000401824,-0.00071577,0.002393306,1.210817,0.16308649,0.000634207,-0.11110967,4.1309154,0.61687019,288.393,287.421,289.536,-14.78,NaN,NaN,NaN,-0.0451511218661693,446.33916761926,64.3052569286472,12.3374038,288.393,287.421,289.536,0.14285549229623+0i,0.000634207,20.8651193487956,470.641437990875,26.3770128891492,20.9407372132548,1499.43,-9.9e+37,232.742,584.654
20260514185706.6,604.476001113653,9.7886952,0.69590577,2.0028368,2.7317931,-0.000401824,-0.00071577,0.002391019,1.2107623,0.17391586,0.000635405,0.003118332,4.1315493,0.71027182,288.385,287.399,289.566,-14.81,NaN,NaN,NaN,-0.0368569353700678,446.044684789189,67.1980135343144,14.2054364,288.385,287.399,289.566,0.192245569639574+0i,0.000635405,20.8721571716499,471.740050133831,26.404416244904,20.9393203207615,9.9e+37,534.513,450.378,588.7
20260514185708.6,606.507995724678,9.7877771,0.64480348,2.002651,2.7314324,-0.000401715,-0.000713047,0.002362815,1.210806,0.11758219,0.000631811,-0.030961281,4.1313635,0.60323309,288.385,287.41,289.561,-14.82,NaN,NaN,NaN,-0.0486117778641528,445.807639583193,62.090645456064,12.0646618,288.385,287.41,289.561,0.131788526138454+0i,0.000631811,20.8700943423609,472.15171687077,26.4179933620735,20.9409733620036,483.605,-9.9e+37,343.714,751.921
20260514185710.7,608.554997295141,9.7877116,0.57499315,2.0026292,2.7306782,-0.000401171,-0.000710978,0.00238013,1.210806,0.13227343,0.000637038,-0.037558274,4.1310903,0.60470844,288.412,287.412,289.596,-14.77,NaN,NaN,NaN,-0.0499909789748756,445.311993632646,55.1135207328055,12.0941688,288.412,287.412,289.596,0.122866273090218+0i,0.000637038,20.867061161727,471.464771464754,26.3770128891492,20.9410322647098,1387.987,-9.9e+37,154.351,845.704
20260514185712.8,610.625002160668,9.7883346,0.52114094,2.0026292,2.7306892,-0.000403675,-0.000714899,0.002387099,1.210806,0.16887875,0.000637583,0.00467238,4.1311668,0.70017684,288.4,287.445,289.58,-14.76,NaN,NaN,NaN,-0.0499909789748756,445.319222624235,49.7313146066762,14.0035368,288.4,287.445,289.58,0.162333365725813+0i,0.000637583,20.8679104967142,471.464771464754,25.3791570575559,20.9394679809701,9.9e+37,95.343,322.416,695.026
20260514185714.8,612.663997337222,9.7887717,0.50623802,2.0027603,2.7311045,-0.000403675,-0.000713592,0.002372725,1.2108607,0.44752656,0.000632791,-0.048764373,4.131593,0.62375584,288.4,287.439,289.587,-14.7,NaN,NaN,NaN,-0.0416967924787883,445.592149915751,48.2418569350001,12.4751168,288.4,287.439,289.587,0.136362319881168+0i,0.000632791,20.8726423473223,473.52435641614,25.297071551,20.940264915757,-9.9e+37,-9.9e+37,-9.9e+37,-9.9e+37
20260514185716.8,614.706995710731,9.7887499,0.56880806,2.0029352,2.7300443,-0.000405527,-0.000714354,0.002376645,1.210664,0.12756478,0.000627129,0.029667619,4.130981,0.676232,288.409,287.465,289.59,-14.73,NaN,NaN,NaN,-0.0306315505400363,444.895406562835,54.4953580002331,13.52464,288.409,287.465,289.59,0.107219322587205+0i,0.000627129,20.8658476674251,483.000198965837,25.2833698731229,20.9413275851269,1382.232,-9.9e+37,438.711,596.072
20260514185718.9,616.749994084239,9.788422,0.51336811,2.0026292,2.7300771,-0.00040324,-0.000716205,0.0023761,1.210817,0.45276882,0.000635405,0.086268694,4.1312214,0.69184532,288.406,287.467,289.62,-14.8,NaN,NaN,NaN,-0.0499909789748756,444.91696210139,48.9544667624863,13.8369064,288.406,287.467,289.62,0.152457485911312+0i,0.000635405,20.8685166887442,483.411865702781,25.2151106051519,20.9395268836763,260.042,397.385,-9.9e+37,-9.9e+37
20260514185720.9,618.788999319077,9.7888155,0.60995507,2.0028587,2.7304487,-0.000404002,-0.000718601,0.00242543,1.210817,0.13966107,0.00063584,-0.11067747,4.1315165,0.60319708,288.408,287.472,289.609,-14.87,NaN,NaN,NaN,-0.0354714076487426,445.161170580869,58.6077554170505,12.0639416,288.408,287.472,289.609,0.193776911118062+0i,0.00063584,20.8717930123352,484.098811108797,24.4358588160558,20.9386707772211,918.677,-9.9e+37,315.941,578.035
20260514185723,620.855000987649,9.7884766,0.43007235,2.002651,2.7299897,-0.000404982,-0.000714899,0.002418678,1.210806,0.44855995,0.000633445,-0.068407126,4.1310247,0.63881699,288.389,287.472,289.587,-14.86,NaN,NaN,NaN,-0.0486117778641528,444.859524477314,40.6295540104824,12.7763398,288.389,287.472,289.587,0.0992558998278589+0i,0.000633445,20.8663328430975,480.52769601084,25.2833698731229,20.9411210222122,1146.236,389.484,-9.9e+37,-9.9e+37
20260514185725,622.893996164203,9.7886515,0.55166484,2.0027822,2.7305799,-0.0004052,-0.000717512,0.002353886,1.2108388,0.45552745,0.000633445,-0.01131882,4.1309263,0.68660742,288.384,287.45,289.587,-14.9,NaN,NaN,NaN,-0.0403112647574631,445.247392735087,52.7819957500009,13.7321484,288.384,287.45,289.587,0.131997541460334+0i,0.000633445,20.8652403651533,476.683804777154,25.2833698731229,20.940559967212,824.556,661.772,-9.9e+37,-9.9e+37
20260514185727.1,624.93300139904,9.788575,0.44881639,2.0027166,2.7305799,-0.000403893,-0.000717185,0.002376645,1.2107842,0.36021397,0.000639543,-0.042844058,4.1309482,0.61819603,288.394,287.447,289.585,-14.94,NaN,NaN,NaN,-0.0444615213108221,445.247392735087,42.5029086400586,12.3639206,288.394,287.447,289.585,0.120939135916236+0i,0.000639543,20.8654835081104,482.039226157416,24.4495604939334,20.9403829901315,591.62,397.067,-9.9e+37,92.126
20260514185729.1,626.97999291122,9.7884329,0.56312821,2.0026401,2.7306455,-0.000402042,-0.000720561,0.002381981,1.2108388,0.1600747,0.000634534,-0.10588772,4.1311012,0.60643803,288.386,287.45,289.539,-14.86,NaN,NaN,NaN,-0.0493013784195284,445.290503812197,53.9276909821944,12.1287606,288.386,287.45,289.539,0.0909034021161778+0i,0.000634534,20.8671821780847,481.489920085938,24.4631376111024,20.9419179569991,9.9e+37,391.385,236.2,656.099
20260514185731.2,629.042997211218,9.7887171,0.56451516,2.0028587,2.7305908,-0.000402804,-0.000714681,0.002394504,1.2108716,0.27814035,0.000635623,-0.093118918,4.1309373,0.57445408,288.394,287.445,289.544,-14.86,NaN,NaN,NaN,-0.0354714076487426,445.25455600857,54.0663083348831,11.4890816,288.394,287.445,289.544,0.120693641840013+0i,0.000635623,20.8653624917527,483.274226368238,25.3107732288772,20.9408552876292,9.9e+37,177.754,-9.9e+37,590.868
20260514185733.2,631.089998781681,9.7878099,0.65003592,2.002662,2.7306017,-0.000404438,-0.000715552,0.002415521,1.2108498,0.15100221,0.000638018,0.008606669,4.1310247,0.69984947,288.403,287.426,289.566,-14.94,NaN,NaN,NaN,-0.0479158506982031,445.261719282053,62.6135965220017,13.9969894,288.403,287.426,289.566,0.117167553755602+0i,0.000638018,20.8663328430975,483.82353243972,25.3244749067544,20.9412390965866,9.9e+37,654.049,373.653,700.747
20260514185735.3,633.13299715519,9.7879192,0.51562805,2.002662,2.7309406,-0.000405635,-0.000714463,0.002432835,1.2108498,0.43670702,0.000638018,0.10671664,4.1315384,0.66801067,288.4,287.45,289.568,-14.91,NaN,NaN,NaN,-0.0479158506982031,445.484437941083,49.1803342415124,13.3602134,288.4,287.45,289.568,0.145985468633728+0i,0.000638018,20.8720361552923,482.039226157416,25.3244749067544,20.9397926182593,-9.9e+37,494.264,-9.9e+37,-9.9e+37
20260514185737.3,635.167999193072,9.7884111,0.50321202,2.0026401,2.7307547,-0.000405962,-0.000715879,0.002417045,1.2107295,0.42973187,0.000635078,0.10773448,4.1312214,0.74718922,288.389,287.455,289.563,-14.96,NaN,NaN,NaN,-0.0493013784195284,445.362267983239,47.9394263432441,14.9437844,288.389,287.455,289.563,0.153909049127084+0i,0.000635078,20.8685166887442,483.687144371858,25.3107732288772,20.9394088093018,-9.9e+37,647.53,412.17,-9.9e+37
20260514185739.3,637.182995304465,9.7881597,0.57289362,2.0030008,2.7309406,-0.000403349,-0.000713483,0.0023761,1.2108388,0.12639498,0.00063486,-0.11257387,4.1313417,0.59835748,288.413,287.453,289.53,-15.02,NaN,NaN,NaN,-0.0264812939866772,445.484437941083,54.903685273351,11.9671496,288.413,287.453,289.53,0.154467964221596+0i,0.00063486,20.8698523096456,483.137838300376,25.3244749067544,20.9397630324251,-9.9e+37,-9.9e+37,436.092,516.785
20260514185741.3,639.203000441194,9.7887827,0.58246808,2.0027494,2.7311045,-0.000404547,-0.000714681,0.002383396,1.2108716,0.23333881,0.000636929,-0.11513497,4.131604,0.54918993,288.404,287.429,289.5,-15.12,NaN,NaN,NaN,-0.0423863930341355,445.592149915751,55.860595254694,10.9837986,288.404,287.429,289.5,0.154661755893764+0i,0.000636929,20.8727644739218,483.54950503732,25.3380520239239,20.9397926182593,1625.413,-9.9e+37,-9.9e+37,682.561
20260514185743.4,641.225992888212,9.7888264,0.58810102,2.0029243,2.7303941,-0.0004052,-0.000717076,0.002410511,1.2107842,0.13072607,0.000633445,0.044535785,4.1314619,0.63893812,288.398,287.454,289.435,-15.19,NaN,NaN,NaN,-0.0313211510953977,445.125288495348,56.4235738989524,12.7787624,288.398,287.454,289.435,0.148304410644069+0i,0.000633445,20.8711868203051,483.000198965837,26.4453967178283,20.939999181174,9.9e+37,231.062,206.147,804.76
20260514185745.5,643.346993252635,9.788116,0.59915626,2.0030445,2.7301208,-0.00040324,-0.000714245,0.002395702,1.210806,0.28454369,0.000633118,0.00565475,4.130981,0.57032487,288.414,287.457,289.44,-15.18,NaN,NaN,NaN,-0.0237165651546434,444.945680913427,57.5284789799849,11.4064974,288.414,287.457,289.44,0.176405576966594+0i,0.000633118,20.8658476674251,472.701022942252,26.3907145670269,20.9393499065957,1370.605,105.556,-9.9e+37,417.306
20260514185747.7,645.542998239398,9.7878646,0.46619097,2.0027275,2.7299569,-0.000403675,-0.00071381,0.002381654,1.2107733,0.35206246,0.000635296,-0.001004345,4.1315821,0.74791052,288.395,287.47,289.427,-15.21,NaN,NaN,NaN,-0.0437719207554323,444.83796893876,44.2393939377822,14.9582104,288.395,287.47,289.427,0.113318413484825+0i,0.000635296,20.8725213309647,471.602410799297,25.3244749067544,20.9409437761695,9.9e+37,892.597,461.642,182.322
20260514185749.8,647.616996243596,9.7872853,0.44753202,2.0026947,2.729782,-0.000404438,-0.000714681,0.002397879,1.2107623,0.35296927,0.000634207,0.11879749,4.1308498,0.75136317,288.398,287.495,289.432,-15.2,NaN,NaN,NaN,-0.045847049032119,444.723027972503,42.3745435445088,15.0272634,288.398,287.495,289.432,0.102628161603213+0i,0.000634207,20.8643910301661,483.82353243972,25.2833698731229,20.9410029478378,-9.9e+37,554.08,566.67,-9.9e+37
20260514185751.8,649.651998281479,9.7873728,0.47408383,2.0027822,2.7298695,-0.000403349,-0.000714136,0.002413887,1.2108498,0.43882509,0.000637147,-0.023581326,4.1308826,0.67659101,288.423,287.511,289.448,-15.24,NaN,NaN,NaN,-0.0403112647574631,444.780531314684,45.0282380621864,13.5318202,288.423,287.511,289.448,0.163282916611344+0i,0.000637147,20.8647551894809,481.489920085938,25.2833698731229,20.9389365118041,-9.9e+37,237.597,300.536,-9.9e+37
20260514185753.9,651.729999482632,9.7872635,0.46693409,2.002815,2.7293339,-0.000406071,-0.000713701,0.00242837,1.2108498,0.11834605,0.000637692,0.019898594,4.1302269,0.66751416,288.436,287.484,289.399,-15.26,NaN,NaN,NaN,-0.0382361364807764,444.428545142431,44.31366433479,13.3502832,288.436,287.484,289.399,0.157303507564868+0i,0.000637692,20.8574753339113,482.724920296755,25.297071551,20.9390841720127,222.013,95.28,646.163,434.961
20260514185755.9,653.765001520514,9.7873618,0.57783473,2.0027603,2.7298476,-0.000407487,-0.000716096,0.002382743,1.2107951,0.39300543,0.00063094,-0.015179166,4.1308826,0.594871,288.39,287.516,289.44,-15.21,NaN,NaN,NaN,-0.0416967924787883,444.766139049612,55.397519649171,11.89742,288.39,287.516,289.44,0.18615540200856+0i,0.00063094,20.8647551894809,483.411865702781,25.2833698731229,20.9387299488894,-9.9e+37,-9.9e+37,-9.9e+37,122.542
20260514185757.9,655.788999795914,9.7873618,0.59780205,2.0028587,2.7287219,-0.000403784,-0.00071479,0.002365102,1.210806,0.21941687,0.000632356,0.070371692,4.1308061,0.74137513,288.425,287.5,289.443,-15.33,NaN,NaN,NaN,-0.0354714076487426,444.026350337692,57.3931337943729,14.8275026,288.425,287.5,289.443,0.167926866246078+0i,0.000632356,20.8639058544937,482.588532228898,26.4179933620735,20.9394088093018,1630.788,705.092,632.679,301.937
20260514185760,657.827994972467,9.7874383,0.57343487,2.0029898,2.7290388,-0.000406071,-0.000716205,0.002443507,1.2107842,0.10802193,0.000635296,-0.011952374,4.1312433,0.64312954,288.428,287.486,289.457,-15.24,NaN,NaN,NaN,-0.0271772211526553,444.234611013545,54.9577799718929,12.8625908,288.428,287.486,289.457,0.120312675674616+0i,0.000635296,20.8687598317013,482.175614225282,26.4179933620735,20.9408848734633,-9.9e+37,-9.9e+37,531.293,649.853
20260514185802,659.855000674725,9.7874055,0.58028126,2.0030445,2.7288312,-0.000405962,-0.000714245,0.002387861,1.2107623,0.21359953,0.000637692,0.072925073,4.1310247,0.70059369,288.421,287.499,289.476,-15.31,NaN,NaN,NaN,-0.0237165651546434,444.098180226839,55.6420356821018,14.0118738,288.421,287.499,289.476,0.160538934317466+0i,0.000637692,20.8663328430975,483.137838300376,26.4316950399507,20.9395564695104,388.804,243.994,509.224,486.511
20260514185804,661.893995851278,9.7873509,0.62891408,2.0028805,2.7287328,-0.000406507,-0.000717185,0.002393524,1.2108498,0.38443271,0.000634643,0.11343494,4.1309482,0.74852161,288.408,287.518,289.487,-15.29,NaN,NaN,NaN,-0.0340922065380482,444.033513611175,60.5025950116993,14.9704322,288.408,287.518,289.487,0.161444552050981+0i,0.000634643,20.8654835081104,483.687144371858,26.4316950399507,20.939733446591,-9.9e+37,276.462,445.651,-9.9e+37
20260514185806.1,663.964996486902,9.7874165,0.58782275,2.0028259,2.7292465,-0.000407487,-0.000713483,0.002415521,1.2107842,0.12743165,0.000637147,0.059769078,4.130828,0.68866002,288.413,287.512,289.476,-15.32,NaN,NaN,NaN,-0.0375465359254292,444.371107518356,56.3957624776808,13.7732004,288.413,287.512,289.476,0.110673490759367+0i,0.000637147,20.8641489974508,484.236450443341,26.4179933620735,20.9412095107525,-9.9e+37,-9.9e+37,687.596,460.5
20260514185808.1,665.987998992205,9.7872197,0.6118429,2.0027494,2.7287,-0.000406942,-0.000713156,0.002444813,1.2109153,0.40605326,0.000630613,-0.018913411,4.1308608,0.59925884,288.381,287.51,289.476,-15.31,NaN,NaN,NaN,-0.0423863930341355,444.01195807262,58.796432728364,11.9851768,288.381,287.51,289.476,0.157572391837572+0i,0.000630613,20.8645131567656,472.15171687077,26.404416244904,20.9400287670082,-9.9e+37,-9.9e+37,-9.9e+37,-9.9e+37
20260514185810.2,668.026994168758,9.7872525,0.62452079,2.0026947,2.7284596,-0.000405091,-0.000716859,0.002389059,1.2108607,0.14501136,0.000635405,0.035475562,4.1315165,0.71809921,288.413,287.51,289.503,-15.32,NaN,NaN,NaN,-0.045847049032119,443.85397174736,60.063511966605,14.3619842,288.413,287.51,289.503,0.165125099994607+0i,0.000635405,20.8717930123352,471.602410799297,26.4179933620735,20.9398515209654,1530.463,267.905,572.445,483.631
20260514185812.2,670.069992542267,9.7872525,0.58571449,2.0027931,2.728077,-0.00040716,-0.000713156,0.002415194,1.210817,0.23351886,0.000637038,-0.1197569,4.1303471,0.5622214,288.408,287.507,289.517,-15.38,NaN,NaN,NaN,-0.0396216642021017,443.602534276292,56.1850545069684,11.244428,288.408,287.507,289.517,0.121339110169005+0i,0.000637038,20.8588098445709,483.137838300376,25.297071551,20.9409141903353,840.172,-9.9e+37,-9.9e+37,585.423
20260514185814.2,672.10499458015,9.788116,0.47071738,2.002968,2.7284377,-0.000408358,-0.000715116,0.002373814,1.2109153,0.44413393,0.000635514,-0.05369047,4.1305766,0.63606055,288.389,287.512,289.544,-15.35,NaN,NaN,NaN,-0.0285564222633639,443.839579482289,44.6917815302575,12.721211,288.389,287.512,289.544,0.130683051554045+0i,0.000635514,20.8613578495323,483.961171774259,24.6818662143078,20.9400876697143,9.9e+37,347.788,-9.9e+37,125.184
20260514185816.4,674.229998141527,9.7881269,0.54521892,2.0026401,2.7282519,-0.000405853,-0.00071283,0.002430984,1.2108935,0.32303683,0.000639107,0.00542777,4.130828,0.63668255,288.417,287.53,289.579,-15.32,NaN,NaN,NaN,-0.0493013784195284,443.717475242549,52.1377646197921,12.733651,288.417,287.53,289.579,0.118471310995747+0i,0.000639107,20.8641489974508,483.411865702781,25.2423894001986,20.9408552876292,9.9e+37,393.738,-9.9e+37,102.704
20260514185818.6,676.429000496864,9.7886297,0.51413634,2.002662,2.7284268,-0.000404873,-0.000711523,0.002383505,1.2108826,0.40833939,0.000636167,-0.000962418,4.1310684,0.80464572,288.381,287.51,289.571,-15.34,NaN,NaN,NaN,-0.0479158506982031,443.832416208805,49.0312467537304,16.0929144,288.381,287.51,289.571,0.113969796780246+0i,0.000636167,20.8668180187699,483.274226368238,25.3654553796782,20.9408848734633,9.9e+37,866.152,563.287,-9.9e+37
20260514185820.6,678.471998870373,9.7887936,0.59335092,2.0027713,2.7286126,-0.000405962,-0.000716096,0.002366844,1.2108716,0.12199184,0.000632029,0.043765131,4.1308936,0.64276834,288.4,287.494,289.563,-15.12,NaN,NaN,NaN,-0.0410008653128102,443.954520448545,56.9482699874057,12.8553668,288.4,287.494,289.563,0.166937211264161+0i,0.000632029,20.8648773160803,483.54950503732,24.4768392889796,20.9394679809701,396.514,-9.9e+37,499.982,600.225
20260514185822.6,680.511999875307,9.7879302,0.42914152,2.0026292,2.7282737,-0.0004052,-0.000714027,0.002387208,1.2108388,0.13444606,0.000637692,-0.10343944,4.1305547,0.57772451,288.422,287.494,289.601,-15.15,NaN,NaN,NaN,-0.0499909789748756,443.731801789515,40.5365231222721,11.5544902,288.422,287.494,289.601,0.134873348184747+0i,0.000637692,20.8611147065752,483.411865702781,24.4495604939334,20.939704129719,1040.614,-9.9e+37,164.363,784.842
20260514185824.7,682.550995051861,9.7887171,0.67577587,2.0028696,2.7280989,-0.000408576,-0.000711741,0.00240866,1.2108498,0.34500875,0.000636712,-0.065649135,4.1309482,0.57122077,288.395,287.477,289.58,-15.19,NaN,NaN,NaN,-0.0347818070933954,443.616926541364,65.1861504910266,11.4244154,288.395,287.477,289.58,0.172835582098886+0i,0.000636712,20.8654835081104,483.54950503732,24.4905409668572,20.9396449580507,9.9e+37,-9.9e+37,-9.9e+37,538.058
20260514185826.7,684.593993425369,9.7884657,0.44601957,2.0026729,2.7287328,-0.000406833,-0.000711087,0.002380783,1.2108279,0.13451918,0.0006329,0.04281578,4.1309919,0.66572237,288.397,287.488,289.631,-15.21,NaN,NaN,NaN,-0.047226250142856,444.033513611175,42.2233832178395,13.3144474,288.397,287.488,289.631,0.141371284000884+0i,0.0006329,20.8659686837828,483.54950503732,24.5178197619039,20.9395564695104,9.9e+37,367.833,301.289,744.116
20260514185828.9,686.718996986747,9.788422,0.41700593,2.002651,2.7287437,-0.000407051,-0.000714681,0.002392979,1.2108607,0.25994736,0.000634207,0.00572786,4.1315712,0.57313806,288.408,287.488,289.62,-15.3,NaN,NaN,NaN,-0.0486117778641528,444.040676884658,39.3236435237896,11.4627612,288.408,287.488,289.62,0.115974836848609+0i,0.000634207,20.872400314607,482.724920296755,25.297071551,20.9403534042973,1081.005,147.57,-9.9e+37,412.669
20260514185830.9,688.74599263072,9.7887389,0.52260319,2.0027166,2.729159,-0.000406724,-0.000712176,0.002390148,1.2108388,0.29097321,0.000636167,-0.16238481,4.1315821,0.60229464,288.376,287.475,289.631,-15.33,NaN,NaN,NaN,-0.0444615213108221,444.313604176175,49.8774577437533,12.0458928,288.376,287.475,289.631,0.109941310909906+0i,0.000636167,20.8725213309647,481.901586822877,24.4905409668572,20.9411210222122,9.9e+37,103.064,-9.9e+37,495.139
20260514185833.1,690.917998552322,9.7888264,0.56579735,2.0030008,2.7296509,-0.000408249,-0.000715225,0.002380021,1.2109044,0.19941901,0.000635078,-0.000607528,4.1310466,0.55435254,288.403,287.485,289.642,-15.32,NaN,NaN,NaN,-0.0264812939866772,444.63687153639,54.1944555524785,11.0870508,288.403,287.485,289.642,0.126790249595531+0i,0.000635078,20.8665759860546,482.175614225282,25.3244749067544,20.9406780415865,9.9e+37,340.154,-9.9e+37,621.836
20260514185835.1,692.965000122786,9.7884111,0.55900991,2.0026401,2.7293886,-0.000407378,-0.000715334,0.002403542,1.2108498,0.15392124,0.000638454,-0.11355523,4.1310575,0.59179373,288.4,287.464,289.65,-15.44,NaN,NaN,NaN,-0.0493013784195284,444.464492946058,53.5160915419999,11.8358746,288.4,287.464,289.65,0.0884231132799494+0i,0.000638454,20.8666970024123,483.137838300376,26.404416244904,20.941888371165,9.9e+37,340.901,-9.9e+37,781.114
20260514185837.2,695.108993723989,9.7879629,0.65523128,2.002651,2.7296399,-0.00040716,-0.000717948,0.002408551,1.2108935,0.23568168,0.000637256,0.00466609,4.1314182,0.5941497,288.405,287.464,289.634,-15.42,NaN,NaN,NaN,-0.0486117778641528,444.629642544801,63.1328416638343,11.882994,288.405,287.464,289.634,0.162624013790297+0i,0.000637256,20.8707016446327,483.137838300376,26.3223307383478,20.9398222040934,9.9e+37,653.111,-9.9e+37,405.382
20260514185839.4,697.264996916056,9.7886406,0.74396898,2.0027603,2.729323,-0.00040716,-0.000715225,0.002387317,1.210817,0.1400801,0.00061319,-0.000810073,4.1315712,0.55043721,288.408,287.458,289.598,-15.44,NaN,NaN,NaN,-0.0416967924787883,444.421381868948,72.0016437530824,11.0087442,288.408,287.458,289.598,0.188407709042755+0i,0.00061319,20.872400314607,483.687144371858,26.4179933620735,20.9393792234677,9.9e+37,476.721,-9.9e+37,460.236
20260514185841.5,699.331994354725,9.789351,0.62166614,2.0027713,2.729323,-0.000407596,-0.000717621,0.002417481,1.2109153,0.41555024,0.000636276,0.10763201,4.1309373,0.73448511,288.392,287.485,289.623,-15.47,NaN,NaN,NaN,-0.0410008653128102,444.421381868948,59.7782067819532,14.6897022,288.392,287.485,289.623,0.15805302010313+0i,0.000636276,20.8653624917527,482.175614225282,25.3244749067544,20.9398811067996,1303.119,996.595,225.924,-9.9e+37
20260514185843.6,701.471994817257,9.7885094,0.68763536,2.002651,2.7293886,-0.00040814,-0.00071381,0.00242249,1.210806,0.26505759,0.000617328,-0.00740071,4.1315821,0.72397984,288.389,287.45,289.59,-15.48,NaN,NaN,NaN,-0.0486117778641528,444.464492946058,66.3714355467517,14.4795968,288.389,287.45,289.59,0.165511477157133+0i,0.000617328,20.8725213309647,483.687144371858,25.3244749067544,20.9398811067996,-9.9e+37,713.192,700.061,179.629
20260514185845.7,703.53900231421,9.7888155,0.5978828,2.002815,2.7298476,-0.000405635,-0.000713701,0.002404304,1.2109153,0.43126397,0.000633009,0.15438502,4.1315493,0.70790058,288.378,287.455,289.612,-15.5,NaN,NaN,NaN,-0.0382361364807764,444.766139049612,57.4012042736473,14.1580116,288.378,287.455,289.612,0.131347575734649+0i,0.000633009,20.8721571716499,482.175614225282,25.3244749067544,20.9406487247145,-9.9e+37,443.406,357.328,-9.9e+37
20260514185847.8,705.675995349884,9.7888155,0.52795895,2.0028915,2.7298257,-0.000408467,-0.000716423,0.002415847,1.2107623,0.36674934,0.000637909,-0.003245524,4.1309154,0.75565823,288.384,287.475,289.585,-15.54,NaN,NaN,NaN,-0.0333962793720701,444.751746784541,50.4127339057173,15.1131646,288.384,287.475,289.585,0.0963019516741127+0i,0.000637909,20.8651193487956,483.000198965837,25.297071551,20.9415637338758,-9.9e+37,249.167,723.706,-9.9e+37
20260514185849.8,707.694994658232,9.7888045,0.52192117,2.0030554,2.7294651,-0.000408793,-0.000713701,0.002370764,1.2110028,0.15593783,0.000633771,0.012388282,4.1310247,0.70319847,288.419,287.469,289.574,-15.58,NaN,NaN,NaN,-0.0230269645992962,444.51476729665,49.8092939261097,14.0639694,288.419,287.469,289.574,0.140599193624418+0i,0.000633771,20.8663328430975,482.724920296755,25.3107732288772,20.939999181174,-9.9e+37,-9.9e+37,650.169,489.981
20260514185851.9,709.741996228695,9.788422,0.54649132,2.0026401,2.7288202,-0.000407705,-0.000712394,0.002396899,1.2107623,0.38625397,0.000632682,-0.006422116,4.1311668,0.58741136,288.389,287.474,289.552,-15.63,NaN,NaN,NaN,-0.0493013784195284,444.090951235251,52.264933385473,11.7482272,288.389,287.474,289.552,0.155263830209614+0i,0.000632682,20.8679104967142,493.986320395443,25.3517537018015,20.9393792234677,-9.9e+37,-9.9e+37,-9.9e+37,133.479
20260514185854,711.858993396163,9.7888482,0.71810576,2.0029461,2.7291263,-0.000405309,-0.000714027,0.00239287,1.2109809,0.28406683,0.000635732,0.00549761,4.1309373,0.60547557,288.413,287.472,289.519,-15.59,NaN,NaN,NaN,-0.0299419499846891,444.292114355726,69.416769685232,12.1095114,288.413,287.472,289.519,0.185216739782485+0i,0.000635732,20.8653624917527,482.313253559816,25.3244749067544,20.939438395136,9.9e+37,267.672,-9.9e+37,206.865
20260514185856,713.897998631001,9.7886734,0.59657222,2.0028478,2.7287109,-0.000407813,-0.000712503,0.002387861,1.210806,0.24778778,0.000636603,-0.17475715,4.1309482,0.6051231,288.403,287.48,289.5,-15.6,NaN,NaN,NaN,-0.036161008204104,444.019121346103,57.2702196454439,12.102462,288.403,287.48,289.5,0.224191647058291+0i,0.000636603,20.8654835081104,482.588532228898,25.2833698731229,20.9376081078512,9.9e+37,181.698,-9.9e+37,490.379
20260514185858.2,716.061998158693,9.7881269,0.46121493,2.0029789,2.7290716,-0.000408031,-0.000709127,0.002412036,1.2108935,0.37460947,0.000636712,-0.001022639,4.1304564,0.76640467,288.392,287.466,289.487,-15.6,NaN,NaN,NaN,-0.0278668217080025,444.2561665521,43.7420685174909,15.3280934,288.392,287.466,289.487,0.143796151539211+0i,0.000636712,20.8600233388728,483.82353243972,25.2833698731229,20.9395268836763,9.9e+37,960.393,411.439,144.386
20260514185900.3,718.190994858742,9.7882362,0.57863351,2.0028696,2.7284158,-0.000404764,-0.000715116,0.002396355,1.2108716,0.2499124,0.000619179,0.00501965,4.130664,0.59600697,288.4,287.493,289.492,-15.58,NaN,NaN,NaN,-0.0347818070933954,443.825187217217,55.4773529300972,11.9201394,288.4,287.493,289.492,0.152297445798266+0i,0.000619179,20.8623282008771,483.411865702781,24.5862035905825,20.9398811067996,-9.9e+37,215.813,-9.9e+37,182.649
20260514185902.4,720.230000093579,9.7880176,0.43423538,2.0026947,2.7285142,-0.000407596,-0.000711087,0.002397553,1.2109481,0.11986285,0.000640087,-0.12774481,4.1315165,0.63915309,288.41,287.48,289.484,-15.57,NaN,NaN,NaN,-0.045847049032119,443.889853832881,41.0456239465028,12.7830618,288.41,287.48,289.484,0.13427864310821+0i,0.000640087,20.8717930123352,481.763947488338,24.4768392889796,20.9397926182593,1192.368,283.623,516.997,590.242
20260514185904.4,722.268995270133,9.7883892,0.55207514,2.0026401,2.7281972,-0.00040814,-0.000719908,0.002394068,1.2108826,0.1637074,0.000638672,-0.12441873,4.1305438,0.58717237,288.412,287.492,289.519,-15.56,NaN,NaN,NaN,-0.0493013784195284,443.681527438923,52.8230027796762,11.7434474,288.412,287.492,289.519,0.157252556695384+0i,0.000638672,20.8609936902176,483.687144371858,24.4631376111024,20.9395860553446,1280.254,-9.9e+37,273.919,767.778
20260514185906.6,724.468993395567,9.7888155,0.5057546,2.0030336,2.7281863,-0.000406289,-0.000716314,0.002378714,1.2109809,0.38821712,0.000641721,-0.000945757,4.1312542,0.74160974,288.401,287.497,289.511,-15.55,NaN,NaN,NaN,-0.0244061657100048,443.67436416544,48.1935419988908,14.8321948,288.401,287.497,289.511,0.160990515203161+0i,0.000641721,20.868880848059,483.54950503732,24.4905409668572,20.9392022463871,1126.422,531.65,383.811,264.299
20260514185908.6,726.512001827359,9.7884001,0.55004218,2.0026401,2.7281863,-0.000408685,-0.000710978,0.002358242,1.2109044,0.39531338,0.000636494,0.1144787,4.1311231,0.73776098,288.398,287.492,289.563,-15.61,NaN,NaN,NaN,-0.0493013784195284,443.67436416544,52.6198205933522,14.7552196,288.398,287.492,289.563,0.131580764552373+0i,0.000636494,20.8674253210418,482.588532228898,24.4495604939334,20.9404714786718,-9.9e+37,386.32,444.28,-9.9e+37
20260514185910.7,728.557997569442,9.7888045,0.39925818,2.0030336,2.7275852,-0.000406833,-0.000714245,0.002403869,1.2109591,0.14516959,0.00063192,0.012459827,4.1310794,0.71706473,288.417,287.508,289.584,-15.59,NaN,NaN,NaN,-0.0244061657100048,443.279332634183,37.5498621176967,14.3412946,288.417,287.508,289.584,0.146676034384741+0i,0.00063192,20.8669401453694,481.901586822877,24.4358588160558,20.9390545861785,-9.9e+37,-9.9e+37,736.924,383.476
20260514185912.7,730.593995377421,9.7888045,0.53010212,2.0028368,2.7279787,-0.000407051,-0.000712176,0.002413452,1.2108498,0.11323146,0.000634425,0.056573319,4.1315384,0.64938337,288.425,287.505,289.606,-15.61,NaN,NaN,NaN,-0.0368569353700678,443.537933378734,50.6269309220205,12.9876674,288.425,287.505,289.606,0.164168644978899+0i,0.000634425,20.8720361552923,483.687144371858,24.4221571381786,20.9392318322212,-9.9e+37,-9.9e+37,507.335,649.589
20260514185914.9,732.721996307373,9.7884657,0.64333032,2.0028587,2.7279677,-0.000405527,-0.000715552,0.0023761,1.2110793,0.23819368,0.000634643,0.00509822,4.1309701,0.559023,288.423,287.524,289.601,-15.66,NaN,NaN,NaN,-0.0354714076487426,443.530704387146,61.9434119297748,11.18046,288.423,287.524,289.601,0.15435332865884+0i,0.000634643,20.8657266510675,494.947293203865,25.2697927559529,20.9398222040934,-9.9e+37,-9.9e+37,-9.9e+37,365.276
20260514185916.9,734.754000976682,9.7880504,0.51493512,2.0029898,2.7275196,-0.000405527,-0.000716205,0.002415085,1.2108826,0.26632014,0.000636058,-0.17432394,4.1309482,0.60680469,288.414,287.511,289.622,-15.69,NaN,NaN,NaN,-0.0271772211526553,443.236221557074,49.1110800346567,12.1360938,288.414,287.511,289.622,0.159797346772733+0i,0.000636058,20.8654835081104,493.848681060904,25.3380520239239,20.9390545861785,9.9e+37,-9.9e+37,-9.9e+37,490.956
20260514185918.9,736.79699935019,9.7877771,0.64176877,2.002651,2.7270387,-0.000407705,-0.000709998,0.002388841,1.2109481,0.38209639,0.00062408,0.16519584,4.1313307,0.7444644,288.417,287.511,289.628,-15.72,NaN,NaN,NaN,-0.0486117778641528,442.920183188448,61.7873443519306,14.889288,288.417,287.511,289.628,0.184230805463054+0i,0.00062408,20.8697301830461,494.397987132382,26.3907145670269,20.9388480232638,9.9e+37,823.559,185.745,-9.9e+37
20260514185921.1,738.991998508573,9.7887389,0.56672054,2.002968,2.7268638,-0.000408031,-0.000715007,0.002433597,1.2108826,0.15525473,0.000633445,-0.000799728,4.1313963,0.56382987,288.404,287.514,289.636,-15.74,NaN,NaN,NaN,-0.0285564222633639,442.805242222191,54.2867228684082,11.2765974,288.404,287.514,289.636,0.210604654415851+0i,0.000633445,20.8704585016756,494.535626466921,24.6271840635063,20.9376376936853,208.694,-9.9e+37,-9.9e+37,374.889
20260514185923.2,741.022997349501,9.7884876,0.46873135,2.0026729,2.7268529,-0.000407922,-0.000711196,0.002380347,1.2109809,0.34605088,0.000636276,-0.099498426,4.1309919,0.59781842,288.382,287.524,289.622,-15.77,NaN,NaN,NaN,-0.047226250142856,442.798078948708,44.4932897165942,11.9563684,288.382,287.524,289.622,0.203869047410673+0i,0.000636276,20.8659686837828,484.098811108797,24.4768392889796,20.9373719591023,9.9e+37,389.396,-9.9e+37,246.847
20260514185925.2,743.105001747608,9.7888482,0.63035124,2.0029898,2.7272245,-0.000408576,-0.000716641,0.002378823,1.2109044,0.44375637,0.000631049,0.10868569,4.1313307,0.74768027,288.395,287.511,289.63,-15.8,NaN,NaN,NaN,-0.0271772211526553,443.042287428187,60.6462305534204,14.9536054,288.395,287.511,289.63,0.198669522007075+0i,0.000631049,20.8697301830461,484.372838511202,24.4768392889796,20.9386118745149,1640.126,944.691,238.122,-9.9e+37
20260514185927.3,745.136996358633,9.7886734,0.49415701,2.0028259,2.7268092,-0.000405853,-0.000716968,0.002395266,1.2109372,0.1357981,0.000637038,-0.11198333,4.1309263,0.61897626,288.409,287.522,289.611,-15.8,NaN,NaN,NaN,-0.0375465359254292,442.76936013667,47.034432280899,12.3795252,288.409,287.522,289.611,0.18882399128688+0i,0.000637038,20.8652403651533,494.397987132382,24.5042426447344,20.9379034282683,459.969,172.024,432.123,526.013
20260514185929.3,747.176001593471,9.7887499,0.56420307,2.0029461,2.7262516,-0.000408576,-0.000715879,0.002371636,1.2108826,0.12645609,0.000632791,0.001064562,4.130981,0.62326152,288.414,287.5,289.601,-15.8,NaN,NaN,NaN,-0.0299419499846891,442.402915981241,54.0351168069977,12.4652304,288.414,287.5,289.601,0.163507780023316+0i,0.000632791,20.8658476674251,493.437014323961,24.4495604939334,20.9392318322212,1529.935,154.898,334.628,743.614
20260514185931.3,749.214996770024,9.7881269,0.67895571,2.0030226,2.726536,-0.000407813,-0.000716532,0.002364775,1.2109044,0.1245595,0.000637147,0.019033855,4.1312761,0.59576253,288.4,287.491,289.582,-15.88,NaN,NaN,NaN,-0.0251020928759687,442.589818272855,65.5039564701705,11.9152506,288.4,287.491,289.582,0.119428342884483+0i,0.000637147,20.8691239910161,483.137838300376,25.2697927559529,20.9412684134587,1434.504,-9.9e+37,306.055,810.783
20260514185933.4,751.257995143533,9.7880285,0.55884295,2.0027275,2.726678,-0.00040716,-0.000716968,0.002420421,1.2108716,0.15520671,0.000616021,-0.088326229,4.1315821,0.56762299,288.419,287.507,289.595,-15.87,NaN,NaN,NaN,-0.0437719207554323,442.683137982452,53.4994048891249,11.3524598,288.419,287.507,289.595,0.154559748740725+0i,0.000616021,20.8725213309647,482.588532228898,24.4768392889796,20.939733446591,1451.962,-9.9e+37,-9.9e+37,881.79
20260514185935.5,753.33999954164,9.7884985,0.75217395,2.0026838,2.7262079,-0.000405527,-0.00071479,0.00238797,1.2108607,0.35031104,0.000631702,-0.019875069,4.1309701,0.56193113,288.378,287.485,289.604,-15.83,NaN,NaN,NaN,-0.0465366495874946,442.374197169203,72.8216814042522,11.2386226,288.378,287.485,289.604,0.18207872803536+0i,0.000631702,20.8657266510675,494.260347797844,24.4768392889796,20.939438395136,9.9e+37,-9.9e+37,-9.9e+37,549.313
20260514185937.5,755.375001579523,9.7888264,0.67162374,2.0028587,2.7267108,-0.000408793,-0.000716532,0.002420312,1.2108716,0.42600642,0.000635405,0.11317479,4.1315165,0.74921781,288.389,287.499,289.615,-15.87,NaN,NaN,NaN,-0.0354714076487426,442.704693521006,64.7711699447782,14.9843562,288.389,287.499,289.615,0.181997188176612+0i,0.000635405,20.8717930123352,493.161735654883,24.4905409668572,20.9391430747188,9.9e+37,833.841,140.337,-9.9e+37
20260514185939.6,757.428993657231,9.7888155,0.68659542,2.0028259,2.7267327,-0.000408467,-0.000716423,0.002425757,1.2109591,0.44349447,0.000630722,0.045238487,4.1315712,0.70431371,288.381,287.499,289.596,-15.92,NaN,NaN,NaN,-0.0375465359254292,442.719085786078,66.2674997669795,14.0862742,288.381,287.499,289.596,0.181208021151095+0i,0.000630722,20.872400314607,494.535626466921,24.4905409668572,20.9392022463871,-9.9e+37,567.256,240.47,-9.9e+37
20260514185941.6,759.468994662166,9.7888264,0.55539684,2.0028805,2.7267327,-0.000407487,-0.000716205,0.002368151,1.21097,0.37151038,0.000612755,-0.018226064,4.1315165,0.61292322,288.41,287.512,289.563,-15.93,NaN,NaN,NaN,-0.0340922065380482,442.719085786078,53.1549868168988,12.2584644,288.41,287.512,289.563,0.149843991976068+0i,0.000612755,20.8717930123352,494.947293203865,24.5178197619039,20.9396153722166,-9.9e+37,291.975,75.988,-9.9e+37
20260514185943.7,761.589995026588,9.7889794,0.33208532,2.0027385,2.7262188,-0.000407705,-0.000714572,0.002408878,1.2108716,0.29449355,0.000637909,0.00540158,4.1314182,0.60053667,288.389,287.504,289.574,-15.97,NaN,NaN,NaN,-0.0430759935894969,442.381360442686,30.8363367377425,12.0107334,288.389,287.504,289.574,0.137517259942833+0i,0.000637909,20.8707016446327,494.67326580146,24.4905409668572,20.9385822886808,1441.631,499.2,-9.9e+37,177.588
20260514185945.8,763.620993867517,9.7894712,0.67489525,2.0027494,2.7267327,-0.000409882,-0.000713592,0.002364013,1.2109153,0.10903896,0.000633663,-0.11591152,4.1315493,0.65045934,288.413,287.529,289.568,-15.98,NaN,NaN,NaN,-0.0423863930341355,442.719085786078,65.0981377918488,13.0091868,288.413,287.529,289.568,0.159215240317944+0i,0.000633663,20.8721571716499,494.809653869326,25.3107732288772,20.9397926182593,9.9e+37,555.24,423.888,621.002
20260514185947.9,765.781000256538,9.7889903,0.47356441,2.0027931,2.7273447,-0.000408685,-0.000715552,0.002381218,1.2109372,0.1524339,0.000633989,-0.00089218,4.1309263,0.53728351,288.424,287.521,289.587,-16.01,NaN,NaN,NaN,-0.0396216642021017,443.121280590818,44.976325141509,10.7456702,288.424,287.521,289.587,0.158672892276957+0i,0.000633989,20.8652403651533,495.084932538403,24.4631376111024,20.9388480232638,1277.935,138.191,-9.9e+37,601.566
20260514185950,767.831994965672,9.7886078,0.47173004,2.0026292,2.7270496,-0.000409229,-0.000715552,0.002425321,1.2109481,0.18595213,0.000634643,0.016761857,4.1313307,0.72376815,288.408,287.515,289.582,-16.02,NaN,NaN,NaN,-0.0499909789748756,442.927346461931,44.7929908372792,14.475363,288.408,287.515,289.582,0.16572505749485+0i,0.000634643,20.8697301830461,494.67326580146,25.3107732288772,20.9385527028466,9.9e+37,768.407,462.432,474.932
20260514185952,769.874993339181,9.7887499,0.53473984,2.0027385,2.7273557,-0.000408902,-0.000713483,0.002439695,1.2109591,0.44188927,0.000635623,-0.060040485,4.1315821,0.62115872,288.402,287.512,289.587,-16.03,NaN,NaN,NaN,-0.0430759935894969,443.128509582406,51.0904432828925,12.4231744,288.402,287.512,289.587,0.200128410515166+0i,0.000635623,20.8725213309647,494.67326580146,25.2833698731229,20.9377557680598,-9.9e+37,148.714,-9.9e+37,-9.9e+37
20260514185954.1,771.940995007753,9.7884111,0.5956665,2.002651,2.7268966,-0.0004101,-0.000715552,0.00238993,1.2109481,0.39851724,0.000635949,0.11244029,4.1310794,0.74722414,288.394,287.518,289.59,-16.04,NaN,NaN,NaN,-0.0486117778641528,442.826797760746,57.1796983514699,14.9444828,288.394,287.518,289.59,0.125068829797655+0i,0.000635949,20.8669401453694,494.397987132382,25.297071551,20.9405895530462,288.143,795.667,412.44,-9.9e+37
20260514185956.2,774.082001298666,9.7893073,0.50984671,2.002651,2.7272354,-0.000408793,-0.000713701,0.002398642,1.2110356,0.28316547,0.000634207,-0.00742581,4.1313526,0.74405737,288.414,287.53,289.554,-16.1,NaN,NaN,NaN,-0.0486117778641528,443.04945070167,48.602523905312,14.8811474,288.414,287.53,289.554,0.17199751654674+0i,0.000634207,20.8699733260032,494.397987132382,25.2560910780758,20.9385822886808,-9.9e+37,426.997,737.38,94.735
20260514185958.3,776.136999204755,9.7895368,0.70732659,2.0030226,2.7277819,-0.000408358,-0.000713156,0.002389495,1.2109372,0.35506879,0.000633554,0.16903479,4.1312105,0.73999909,288.395,287.527,289.571,-16.11,NaN,NaN,NaN,-0.0251020928759687,443.408600147406,68.3394561486364,14.7999818,288.395,287.527,289.571,0.183063446948387+0i,0.000633554,20.8683956723866,494.535626466921,25.297071551,20.9392022463871,-9.9e+37,471.506,541.431,-9.9e+37
20260514190000.4,778.307999297976,9.7886406,0.50507368,2.0026401,2.7277491,-0.000406724,-0.000714027,0.002391564,1.2109153,0.14583197,0.000622991,-0.000659797,4.1311231,0.56135387,288.425,287.514,289.552,-16.14,NaN,NaN,NaN,-0.0493013784195284,443.387044608851,48.1254881196646,11.2270774,288.425,287.514,289.552,0.142918762725055+0i,0.000622991,20.8674253210418,494.397987132382,24.5178197619039,20.9396153722166,-9.9e+37,-9.9e+37,183.798,321.221
20260514190002.6,780.425992235541,9.7888373,0.59786207,2.0030336,2.7277273,-0.000408467,-0.000713918,0.002450149,1.2108498,0.25392923,0.00063486,-0.0073025,4.1309263,0.7346357,288.401,287.522,289.533,-16.12,NaN,NaN,NaN,-0.0244061657100048,443.372718061885,57.3991324342001,14.692714,288.401,287.522,289.533,0.181941413643722+0i,0.00063486,20.8652403651533,493.574653658504,24.4768392889796,20.9387888515955,1166.511,644.589,666.354,328.397
20260514190004.7,782.596992328763,9.7886297,0.51617912,2.0026729,2.7284158,-0.000409991,-0.000711196,0.002438062,1.21097,0.37267472,0.000634751,-0.001052259,4.1310575,0.77452887,288.401,287.514,289.519,-16.17,NaN,NaN,NaN,-0.047226250142856,443.825187217217,49.2354103902894,15.4905774,288.401,287.514,289.519,0.159847194001094+0i,0.000634751,20.8666970024123,493.986320395443,24.4905409668572,20.9390841720127,-9.9e+37,374.519,649.082,-9.9e+37
20260514190006.8,784.633000195026,9.7886187,0.49643004,2.0026401,2.7283503,-0.000406724,-0.000711958,0.00237806,1.2108388,0.15160566,0.000631702,-0.097870552,4.1314291,0.57897724,288.431,287.516,289.538,-16.17,NaN,NaN,NaN,-0.0493013784195284,443.782141858213,47.2616080270917,11.5795448,288.431,287.516,289.538,0.161709855818249+0i,0.000631702,20.8708226609904,493.848681060904,25.3244749067544,20.938877609098,-9.9e+37,-9.9e+37,386.031,648.74
20260514190008.8,786.67199537158,9.7894166,0.62961029,2.0027275,2.7285251,-0.000408793,-0.000714354,0.002366953,1.2109591,0.17707169,0.00061515,0.019666755,4.1315493,0.7090802,288.409,287.511,289.571,-16.21,NaN,NaN,NaN,-0.0437719207554323,443.897017106364,60.5721770349268,14.181604,288.409,287.511,289.571,0.227494944595378+0i,0.00061515,20.8721571716499,494.123959729982,25.3107732288772,20.9374607166047,1300.897,205.676,496.731,573.842
20260514190010.9,788.733993843198,9.7884111,0.45986836,2.0026292,2.7281645,-0.000408576,-0.00071479,0.002404849,1.2109372,0.13820209,0.000636276,0.017744421,4.1311559,0.67430162,288.439,287.505,289.576,-16.24,NaN,NaN,NaN,-0.0499909789748756,443.660037618474,43.6074869041595,13.4860324,288.439,287.505,289.576,0.130963165651076+0i,0.000636276,20.8677894803565,493.161735654883,26.4590983957055,20.9397630324251,284.16,-9.9e+37,555.623,614.103
20260514190012.9,790.776992216706,9.7888045,0.69876588,2.0030663,2.7288858,-0.000409774,-0.000716423,0.002420856,1.21097,0.20452487,0.000631049,-0.11747827,4.1310794,0.5532624,288.398,287.519,289.573,-16.23,NaN,NaN,NaN,-0.0223373640439348,444.13406231236,67.4838644132923,11.065248,288.398,287.519,289.573,0.173579028651415+0i,0.000631049,20.8669401453694,494.947293203865,26.3907145670269,20.9394088093018,-9.9e+37,-9.9e+37,-9.9e+37,687.336
20260514190015,792.823993787169,9.7888373,0.60735139,2.0029243,2.729159,-0.000411734,-0.000714572,0.002410729,1.2109263,0.21511961,0.000634098,-0.10520277,4.1314072,0.58205123,288.423,287.516,289.595,-16.27,NaN,NaN,NaN,-0.0313211510953977,444.313604176175,58.3475331820395,11.6410246,288.423,287.516,289.595,0.161643821357237+0i,0.000634098,20.8705795180333,494.535626466921,26.404416244904,20.9394088093018,9.9e+37,-9.9e+37,-9.9e+37,780.51
20260514190017,794.874998554587,9.7885422,0.75581974,2.0026292,2.7289623,-0.000408902,-0.000715007,0.002355846,1.2109809,0.3819458,0.000633663,-0.00732072,4.1313526,0.60480555,288.404,287.527,289.609,-16.29,NaN,NaN,NaN,-0.0499909789748756,444.184336662953,73.1860562975497,12.096111,288.404,287.527,289.609,0.196113765830135+0i,0.000633663,20.8699733260032,500.028687181726,27.5527414117323,20.9388184374297,9.9e+37,122.7,-9.9e+37,449.277
20260514190019,796.905997395515,9.7888264,0.43078819,2.0030554,2.7289514,-0.000409882,-0.000713918,0.002393959,1.2108716,0.34068966,0.000634969,0.1194722,4.1311887,0.78822162,288.417,287.546,289.584,-16.3,NaN,NaN,NaN,-0.0230269645992962,444.17717338947,40.7010979347397,15.7644324,288.417,287.546,289.584,0.182999389798267+0i,0.000634969,20.8681536396713,502.912856873663,26.404416244904,20.9373719591023,9.9e+37,942.7,359.305,118.154
20260514190021.1,798.95699210465,9.7888482,0.57781945,2.0028696,2.7291918,-0.000411189,-0.000716859,0.002393741,1.2109591,0.36116334,0.000632682,0.11445006,4.1314728,0.76262355,288.414,287.543,289.587,-16.34,NaN,NaN,NaN,-0.0347818070933954,444.33515971473,55.3959925046099,15.252471,288.414,287.543,289.587,0.206782917366109+0i,0.000632682,20.8713078366628,494.397987132382,26.0626216622186,20.9377853538939,-9.9e+37,637.623,518.712,-9.9e+37
20260514190023.1,800.991994142532,9.788728,0.5282514,2.0028915,2.7287328,-0.000411298,-0.000714572,0.002433053,1.2109044,0.2161912,0.00063486,-0.11994431,4.1309591,0.57992334,288.406,287.552,289.601,-16.35,NaN,NaN,NaN,-0.0333962793720701,444.033513611175,50.4419625331327,11.5984668,288.406,287.552,289.601,0.163805373120362+0i,0.00063486,20.865604524468,493.711041726361,25.2560910780758,20.9389956834724,-9.9e+37,-9.9e+37,289.387,431.719
20260514190025.2,803.026996180415,9.7885531,0.45798162,2.0027057,2.7287,-0.000409556,-0.000711632,0.002408551,1.2109372,0.18096521,0.000633227,0.003312166,4.1309591,0.70632703,288.398,287.546,289.606,-16.37,NaN,NaN,NaN,-0.0451511218661693,444.01195807262,43.4189185318232,14.1265406,288.398,287.546,289.606,0.139022527293426+0i,0.000633227,20.865604524468,503.462162945145,25.6661449287321,20.9392611490933,9.9e+37,565.274,524.223,514.333
20260514190027.2,805.061998218298,9.7895259,0.57514374,2.0028805,2.7291809,-0.000411843,-0.000712721,0.00242837,1.2109044,0.15296096,0.000638127,-0.11188162,4.1314619,0.57631462,288.408,287.537,289.576,-16.37,NaN,NaN,NaN,-0.0340922065380482,444.327996441247,55.1285713021421,11.5262924,288.408,287.537,289.576,0.145851268572233+0i,0.000638127,20.8711868203051,501.538966061621,25.3107732288772,20.9396745438848,-9.9e+37,-9.9e+37,150.796,726.391
20260514190029.2,807.100993394852,9.7892198,0.70509612,2.0026182,2.7295306,-0.000409991,-0.000714027,0.002422599,1.2109044,0.33141968,0.000632247,-0.081838476,4.1312761,0.57076464,288.375,287.548,289.555,-16.37,NaN,NaN,NaN,-0.0506869061408253,444.557812655654,68.1165340197554,11.4152928,288.375,287.548,289.555,0.172317308681578+0i,0.000632247,20.8691239910161,502.499938870047,25.297071551,20.9393499065957,9.9e+37,-9.9e+37,-9.9e+37,533.233
20260514190031.3,809.159994497895,9.7887936,0.64525743,2.0030445,2.7294432,-0.000408031,-0.000713918,0.002382307,1.2109153,0.45724613,0.000633227,0.10747509,4.1310684,0.76301857,288.402,287.55,289.552,-16.44,NaN,NaN,NaN,-0.0237165651546434,444.500375031579,62.1360150420282,15.2603714,288.402,287.55,289.552,0.192448467435101+0i,0.000633227,20.8668180187699,494.260347797844,26.3086290604706,20.9386118745149,9.9e+37,778.465,-9.9e+37,-9.9e+37
20260514190033.4,811.225996166468,9.7887827,0.51701391,2.0027822,2.7298585,-0.000409556,-0.000716968,0.00241955,1.2107842,0.39584481,0.000630287,0.11275946,4.1315712,0.75269665,288.383,287.55,289.536,-16.44,NaN,NaN,NaN,-0.0403112647574631,444.773302323096,49.3188426552239,15.053933,288.383,287.55,289.536,0.152716591233104+0i,0.000630287,20.872400314607,494.535626466921,26.4316950399507,20.9392611490933,-9.9e+37,769.184,458.647,-9.9e+37
20260514190035.4,813.258000835776,9.7880941,0.44302742,2.0030336,2.7294213,-0.000411407,-0.000713701,0.002420421,1.2109481,0.184264,0.000634534,-0.11618744,4.1310029,0.59112154,288.402,287.548,289.536,-16.5,NaN,NaN,NaN,-0.0244061657100048,444.485982766507,41.9243357310178,11.8224308,288.402,287.548,289.536,0.128804828367846+0i,0.000634534,20.8660908103822,493.437014323961,27.5800202067785,20.939704129719,-9.9e+37,-9.9e+37,388.484,459.89
20260514190037.4,815.304992347956,9.7880832,0.57618259,2.0030663,2.7294869,-0.000406942,-0.000714354,0.002375447,1.2109044,0.13240874,0.000615477,-0.062412331,4.1310903,0.61331388,288.404,287.543,289.546,-16.49,NaN,NaN,NaN,-0.0223373640439348,444.529093843616,55.2323981429371,12.2662776,288.404,287.543,289.546,0.156645041800397+0i,0.000615477,20.867061161727,495.084932538403,27.5116363780999,20.9393792234677,9.9e+37,-9.9e+37,254.724,766.178
20260514190039.6,817.448996007442,9.7888045,0.49475609,2.0030336,2.7288312,-0.000410971,-0.000715334,0.002408878,1.2108826,0.23927946,0.000633009,0.00568967,4.1310356,0.56341302,288.423,287.533,289.541,-16.5,NaN,NaN,NaN,-0.0244061657100048,444.098180226839,47.0943067418736,11.2682604,288.423,287.533,289.541,0.140125689371189+0i,0.000633009,20.8664538594552,494.809653869326,26.4179933620735,20.9395860553446,1565.535,222.14,-9.9e+37,498.355
20260514190041.6,819.495997577906,9.7885422,0.50096846,2.0026838,2.7287219,-0.000412169,-0.000714027,0.002452109,1.2109044,0.3037548,0.000632247,-0.14950939,4.1310466,0.60187888,288.39,287.538,289.546,-16.45,NaN,NaN,NaN,-0.0465366495874946,444.026350337692,47.7151959471965,12.0375776,288.39,287.538,289.546,0.192667844558629+0i,0.000632247,20.8665759860546,495.496599275342,26.404416244904,20.9377261822256,1629.05,-9.9e+37,-9.9e+37,429.697
20260514190043.7,821.534992754459,9.7886078,0.65527493,2.0027494,2.7287109,-0.000409011,-0.000711849,0.00241062,1.2109263,0.22359195,0.000626367,-0.14319663,4.1304017,0.61259366,288.417,287.543,289.524,-16.45,NaN,NaN,NaN,-0.0423863930341355,444.019121346103,63.1372042201232,12.2518732,288.417,287.543,289.524,0.15970320769825+0i,0.000626367,20.8594160366009,494.260347797844,26.4590983957055,20.9396745438848,9.9e+37,219.262,-9.9e+37,703.797
20260514190045.8,823.667992651463,9.7888045,0.53569031,2.0030554,2.728853,-0.000410318,-0.000713156,0.002420639,1.2108826,0.30422076,0.000637474,-0.003942128,4.1303362,0.78350097,288.385,287.538,289.495,-16.54,NaN,NaN,NaN,-0.0230269645992962,444.112506773805,51.1854370715727,15.6700194,288.385,287.538,289.495,0.188617382797024+0i,0.000637474,20.8586888282132,495.084932538403,26.3907145670269,20.9381099911831,9.9e+37,702.085,341.81,462.23
20260514190047.8,825.714994221926,9.7886515,0.91964707,2.0027822,2.7287109,-0.000408793,-0.000714899,0.002429677,1.21097,0.18495475,0.000637474,0.035427975,4.1302269,0.70295513,288.419,287.523,289.495,-16.57,NaN,NaN,NaN,-0.0403112647574631,444.019121346103,89.5596175525735,14.0591026,288.419,287.523,289.495,0.224623892010066+0i,0.000637474,20.8574753339113,493.711041726361,26.404416244904,20.9387888515955,-9.9e+37,220.362,486.732,522.8
20260514190049.9,827.796998620033,9.7888373,0.60905808,2.0030117,2.729017,-0.000410318,-0.000713592,0.002413452,1.2107951,0.11367886,0.000632356,0.053114033,4.1306422,0.64203285,288.419,287.529,289.462,-16.64,NaN,NaN,NaN,-0.02579169343133,444.220284466579,58.5181066343343,12.840657,288.419,287.529,289.462,0.14197989158558+0i,0.000632356,20.8620861681618,494.809653869326,25.1604284543505,20.9400876697143,-9.9e+37,-9.9e+37,307.27,762.039
20260514190052,829.870996624231,9.7886843,0.46598363,2.0028368,2.7287109,-0.000412278,-0.000714681,0.002400493,1.2109481,0.45004293,0.000636276,0.095646227,4.1306968,0.68412597,288.375,287.542,289.427,-16.65,NaN,NaN,NaN,-0.0368569353700678,444.019121346103,44.21867154555,13.6825194,288.375,287.542,289.427,0.137510332949618+0i,0.000636276,20.8626923601918,494.397987132382,23.9163161030892,20.9396153722166,-9.9e+37,259.926,-9.9e+37,-9.9e+37
20260514190054,831.905998662114,9.7887499,0.53804191,2.0027275,2.7285688,-0.000408902,-0.000716859,0.002393088,1.2109153,0.17169957,0.000637909,-0.00315318,4.1308826,0.72463895,288.397,287.537,289.392,-16.65,NaN,NaN,NaN,-0.0437719207554323,443.925735918402,51.4204654190854,14.492779,288.397,287.537,289.392,0.19037403196763+0i,0.000637909,20.8647551894809,494.67326580146,24.4905409668572,20.9381395770172,590.722,371.153,618.346,306.807
20260514190056.1,833.948997035623,9.788422,0.49275913,2.0026401,2.7281207,-0.000410318,-0.00071577,0.002369784,1.2109481,0.11711951,0.000638781,-0.079075806,4.1303362,0.61516133,288.411,287.542,289.403,-16.7,NaN,NaN,NaN,-0.0493013784195284,443.63125308833,46.8947225401178,12.3032266,288.411,287.542,289.403,0.141495559033122+0i,0.000638781,20.8586888282132,495.222571872942,24.408455460301,20.9395860553446,-9.9e+37,-9.9e+37,363.421,680.44
20260514190058.1,835.991995409131,9.7888373,0.54802996,2.0028696,2.7285798,-0.000410862,-0.000714899,0.002408551,1.2108498,0.43899751,0.000626367,-0.046101229,4.1307843,0.6156502,288.393,287.576,289.432,-16.71,NaN,NaN,NaN,-0.0347818070933954,443.93296490999,52.4187112459156,12.313004,288.393,287.576,289.432,0.193958632820648+0i,0.000626367,20.8636638217784,501.814244730707,24.4495604939334,20.9379330141025,491.289,-9.9e+37,-9.9e+37,165.056
20260514190100.2,838.022994250059,9.7884766,0.470665,2.0026292,2.727618,-0.000411734,-0.000713483,0.002376318,1.2109044,0.43211185,0.000635514,0.11136974,4.1305547,0.76175275,288.398,287.579,289.451,-16.7,NaN,NaN,NaN,-0.0499909789748756,443.300888172738,44.6865464627108,15.235055,288.398,287.579,289.451,0.160863245118504+0i,0.000635514,20.8611147065752,502.637578204586,23.7249908556387,20.9386118745149,1001.714,748.644,278.13,-9.9e+37
20260514190102.2,840.065992623568,9.7884329,0.45628694,2.0026401,2.7275196,-0.00041108,-0.000715987,0.002427608,1.2109263,0.43135018,0.000633554,0.084064213,4.1303689,0.73646788,288.404,287.584,289.47,-16.75,NaN,NaN,NaN,-0.0493013784195284,443.236221557074,43.2495454071579,14.7293576,288.404,287.584,289.47,0.18515850191853+0i,0.000633554,20.8590518772861,502.775217539129,23.4515801016319,20.9376081078512,-9.9e+37,625.872,374.094,-9.9e+37
20260514190104.2,842.112994194031,9.7895149,0.61669123,2.0030663,2.7276289,-0.000411843,-0.000715987,0.002397008,1.2108826,0.25785438,0.000639434,0.10833406,4.1310466,0.75645701,288.394,287.594,289.479,-16.74,NaN,NaN,NaN,-0.0223373640439348,443.308051446221,59.2809942983998,15.1291402,288.394,287.594,289.479,0.230845557178965+0i,0.000639434,20.8665759860546,502.499938870047,22.4945801822546,20.9371949820217,-9.9e+37,745.194,738.857,-9.9e+37
20260514190106.4,844.257993623614,9.7884657,0.44837226,2.0026947,2.7274759,-0.000410645,-0.000717076,0.002350183,1.2108607,0.26641617,0.000635623,-0.00749129,4.1315384,0.72586003,288.394,287.591,289.468,-16.77,NaN,NaN,NaN,-0.045847049032119,443.207502745036,42.4585205043294,14.5172006,288.394,287.591,289.468,0.198489957169391+0i,0.000635623,20.8720361552923,502.499938870047,23.3559174779066,20.9370473218131,-9.9e+37,203.421,791.833,200.895
20260514190108.5,846.378993988037,9.7888264,0.53510432,2.0030008,2.7278256,-0.000413585,-0.000715334,0.002352143,1.2108935,0.4476455,0.000634751,-0.002936587,4.1309373,0.70477639,288.397,287.572,289.473,-16.75,NaN,NaN,NaN,-0.0264812939866772,443.437318959444,51.1268708777646,14.0955278,288.397,287.572,289.473,0.217983591166091+0i,0.000634751,20.8653624917527,503.186884276068,24.4905409668572,20.936988419107,-9.9e+37,-9.9e+37,476.609,282.041
20260514190110.5,848.41399602592,9.7889903,0.53259012,2.0026292,2.727618,-0.000412278,-0.000716314,0.002354648,1.2107733,0.38475462,0.000638236,0.11366275,4.1312433,0.7630524,288.376,287.562,289.501,-16.85,NaN,NaN,NaN,-0.0499909789748756,443.300888172738,50.8755916332858,15.261048,288.376,287.562,289.501,0.209055666765857+0i,0.000638236,20.8687598317013,503.324523610602,23.3968979508304,20.9373130563961,320.517,386.998,330.832,-9.9e+37
20260514190112.7,850.605002045631,9.7888264,0.55882113,2.0030554,2.7276289,-0.000412387,-0.000714027,0.002381001,1.2109918,-0.001816596,0.000634643,-0.050610366,4.1310794,0.60529333,288.408,287.564,289.509,-16.88,NaN,NaN,NaN,-0.0230269645992962,443.308051446221,53.4972241107006,12.1058666,288.408,287.564,289.509,0.196515344670966+0i,0.000634643,20.8669401453694,502.775217539129,23.3148124442741,20.9379330141025,-9.9e+37,312.219,293.067,193.504
20260514190114.9,852.738001942635,9.7885969,0.4607708,2.0027494,2.727454,-0.000412169,-0.000720452,0.002392652,1.2108935,0.00207443,0.000638127,-0.11486937,4.1313307,0.66738976,288.394,287.575,289.479,-16.92,NaN,NaN,NaN,-0.0423863930341355,443.193110479964,43.6976803817617,13.3477952,288.394,287.575,289.479,0.205363197011111+0i,0.000638127,20.8697301830461,502.088272133103,25.297071551,20.9368407588984,-9.9e+37,-9.9e+37,300.082,159.298
20260514190117,854.862995445728,9.7885422,0.51886245,2.0027057,2.7280879,-0.000411407,-0.000722739,0.002396682,1.2108935,0.25693338,0.000641285,-0.00696313,4.131451,0.76770324,288.392,287.561,289.484,-16.93,NaN,NaN,NaN,-0.0451511218661693,443.609697549776,49.5035931661574,15.3540648,288.392,287.561,289.484,0.19053308001623+0i,0.000641285,20.8710658039475,502.499938870047,25.3107732288772,20.937814939728,9.9e+37,529.92,513.519,418.609
20260514190119.2,857.073997333646,9.7890887,0.47645507,2.002662,2.7281535,-0.000410318,-0.000721432,0.002344847,1.2109591,0.1457032,0.000627129,-0.000871926,4.1315384,0.53924008,288.412,287.592,289.53,-16.96,NaN,NaN,NaN,-0.0479158506982031,443.652808626885,45.265229310169,10.7848016,288.412,287.592,289.53,0.186507275993674+0i,0.000627129,20.8720361552923,503.598551013007,25.2833698731229,20.9376376936853,316.603,-9.9e+37,-9.9e+37,493.308
20260514190121.3,859.125002101064,9.7886187,0.51508353,2.0026401,2.728383,-0.000412387,-0.000721977,0.002426301,1.2109918,0.43010945,0.000635405,-0.066280836,4.1314619,0.6442295,288.393,287.587,289.53,-16.92,NaN,NaN,NaN,-0.0493013784195284,443.803631678662,49.1259127260389,12.88459,288.393,287.587,289.53,0.218969801621694+0i,0.000635405,20.8711868203051,502.637578204586,25.4338392083573,20.9367815872301,1093.065,508.135,-9.9e+37,-9.9e+37
20260514190123.4,861.272998899221,9.788728,0.53635596,2.0029243,2.7287656,-0.000411298,-0.000721868,0.002356717,1.2110684,0.24616512,0.000638127,0.00497491,4.1311231,0.60700329,288.417,287.59,289.543,-16.99,NaN,NaN,NaN,-0.0313211510953977,444.05506914973,51.2519648056779,12.1400658,288.417,287.59,289.543,0.195032982352058+0i,0.000638127,20.8674253210418,503.462162945145,25.3380520239239,20.9377557680598,1173.044,538.141,-9.9e+37,158.747
20260514190125.5,863.335993140936,9.7894056,0.46282671,2.0029243,2.7287328,-0.000410536,-0.000718383,0.002391237,1.2108607,0.42391453,0.000634751,0.10229733,4.1309373,0.70856186,288.406,287.59,289.568,-17.02,NaN,NaN,NaN,-0.0313211510953977,444.033513611175,43.9031562832478,14.1712372,288.406,287.59,289.568,0.185946381125115+0i,0.000634751,20.8653624917527,502.225911467646,25.297071551,20.9375787909792,710.995,844.541,167.51,-9.9e+37
20260514190127.7,865.531002357602,9.7894494,0.55724648,2.0029133,2.7293448,-0.000408576,-0.000722739,0.002389277,1.2109044,0.42099331,0.000636712,-0.001022421,4.13144,0.7904881,288.406,287.598,289.552,-17.04,NaN,NaN,NaN,-0.0320170782613616,444.435708415915,53.3398472662496,15.809762,288.406,287.598,289.552,0.255917684584208+0i,0.000636712,20.870943677348,503.049244941525,25.2697927559529,20.9358369922347,-9.9e+37,774.249,706.898,-9.9e+37
20260514190129.8,867.655995860696,9.7895149,0.56310966,2.0030445,2.7294432,-0.000412496,-0.000722303,0.002413887,1.210817,0.25890742,0.00063388,-0.0072785,4.1309919,0.71683993,288.404,287.587,289.56,-17,NaN,NaN,NaN,-0.0237165651546434,444.500375031579,53.9258370207017,14.3367986,288.404,287.587,289.56,0.21815192587808+0i,0.00063388,20.8659686837828,502.225911467646,26.363311211272,20.9371358103534,-9.9e+37,413.529,728.279,260.17
20260514190132,869.823998585343,9.7887717,0.57070134,2.0027385,2.7304487,-0.000411734,-0.000722303,0.002422817,1.2109372,0.37807194,0.000616675,-0.000886844,4.1309482,0.72991722,288.398,287.614,289.568,-16.99,NaN,NaN,NaN,-0.0430759935894969,445.161170580869,54.6845800064327,14.5983444,288.398,287.614,289.568,0.22182546306808+0i,0.000616675,20.8654835081104,502.912856873663,26.4179933620735,20.9370473218131,-9.9e+37,323.498,650.77,-9.9e+37
20260514190134,871.874993294477,9.7888373,0.51904469,2.0029243,2.7304269,-0.000413258,-0.000720561,0.00236728,1.2109153,0.13375313,0.000631485,0.031272629,4.131451,0.66522149,288.417,287.606,289.59,-17.06,NaN,NaN,NaN,-0.0313211510953977,445.146844033902,49.5218069635934,13.3044298,288.417,287.606,289.59,0.23063197973706+0i,0.000631485,20.8710658039475,502.637578204586,26.4179933620735,20.9363684614007,-9.9e+37,-9.9e+37,717.606,542.335
20260514190136.2,874.018996953964,9.7882034,0.61227939,2.0029898,2.7302957,-0.000413149,-0.00072067,0.002394395,1.2108607,0.30145013,0.000611121,0.00549106,4.1309263,0.56727052,288.398,287.636,289.625,-17.14,NaN,NaN,NaN,-0.0271772211526553,445.060621879684,58.8400572918126,11.3454104,288.398,287.636,289.625,0.214081547125537+0i,0.000611121,20.8652403651533,502.637578204586,25.3517537018015,20.9376081078512,-9.9e+37,-9.9e+37,-9.9e+37,263.293
20260514190138.3,876.198999211192,9.787799,0.55768516,2.002662,2.7307875,-0.000413258,-0.000722086,0.002404086,1.2108935,0.1186374,0.000637909,-0.000471082,4.130522,0.57069698,288.395,287.622,289.62,-17.3,NaN,NaN,NaN,-0.0479158506982031,445.383823521793,53.3836907070928,11.4139396,288.395,287.622,289.62,0.222277849338594+0i,0.000637909,20.8607516575023,502.637578204586,25.3244749067544,20.936988419107,9.9e+37,326.733,-9.9e+37,388.195
20260514190140.4,878.237994387746,9.788105,0.64517123,2.0030554,2.7307875,-0.000412169,-0.000723392,0.002407571,1.2108826,0.21223659,0.000634643,-0.11978902,4.1304673,0.57001605,288.39,287.625,289.592,-17.41,NaN,NaN,NaN,-0.0230269645992962,445.383823521793,62.1273998678678,11.400321,288.39,287.625,289.592,0.21478044185396+0i,0.000634643,20.8601443552304,503.049244941525,26.404416244904,20.9377261822256,9.9e+37,114.828,-9.9e+37,572.647
20260514190142.4,880.280992761254,9.7880176,0.47550134,2.0029024,2.7305908,-0.000411407,-0.000720997,0.002396464,1.2109591,0.19230418,0.000630069,0.081895452,4.1302487,0.73397113,288.409,287.647,289.603,-17.4,NaN,NaN,NaN,-0.032706678816723,445.25455600857,45.1699097039974,14.6794226,288.409,287.647,289.603,0.204143304204853+0i,0.000630069,20.8577173666266,503.049244941525,25.3244749067544,20.936988419107,9.9e+37,810.349,471.53,545.779
20260514190144.6,882.421999052167,9.7878537,0.46274487,2.0026401,2.7314652,-0.000412931,-0.000722086,0.002370873,1.2107623,0.27750198,0.00063682,-0.00681581,4.1307515,0.70837526,288.398,287.636,289.609,-17.48,NaN,NaN,NaN,-0.0493013784195284,445.829195121747,43.8949768649962,14.1675052,288.398,287.636,289.609,0.207266307939884+0i,0.00063682,20.8632996624637,502.225911467646,25.3244749067544,20.9367815872301,-9.9e+37,279.336,566.951,405.436
20260514190146.6,884.460994228721,9.7881269,0.52044583,2.0028696,2.7317056,-0.000409882,-0.000721977,0.002407462,1.2109372,0.31966929,0.000636603,0.17618016,4.1307405,0.73054468,288.404,287.647,289.606,-17.5,NaN,NaN,NaN,-0.0347818070933954,445.987181447008,49.6618425218661,14.6108936,288.404,287.647,289.606,0.171212908683731+0i,0.000636603,20.8631775358642,502.912856873663,25.3107732288772,20.9384938001405,-9.9e+37,349.945,469.295,-9.9e+37
20260514190148.8,886.652000248432,9.7877116,0.5717642,2.0026292,2.731334,-0.000411843,-0.000722957,0.002413996,1.2108388,0.12918852,0.000630613,-0.000709889,4.1306422,0.54006941,288.417,287.644,289.609,-17.56,NaN,NaN,NaN,-0.0499909789748756,445.742972967529,54.7908065030466,10.8013882,288.417,287.644,289.609,0.201338470273761+0i,0.000630613,20.8620861681618,502.637578204586,25.297071551,20.9377853538939,-9.9e+37,-9.9e+37,95.911,361.702
20260514190150.8,888.706998154521,9.7879411,0.48485864,2.002651,2.7312575,-0.000412169,-0.00072067,0.002363033,1.2109263,0.35173291,0.000632029,0.11529171,4.1310575,0.75412507,288.398,287.647,289.62,-17.62,NaN,NaN,NaN,-0.0486117778641528,445.692698616936,46.1051158428732,15.0825014,288.398,287.647,289.62,0.207724904446033+0i,0.000632029,20.8666970024123,501.814244730707,24.5042426447344,20.936988419107,911.333,782.945,484.245,-9.9e+37
20260514190152.9,890.780996158719,9.7881378,0.56336391,2.0030445,2.7314761,-0.000413912,-0.000721868,0.00238993,1.2108279,0.12796417,0.000631158,0.043301345,4.1311996,0.6895832,288.423,287.647,289.59,-17.61,NaN,NaN,NaN,-0.0237165651546434,445.83635839523,53.9512477867142,13.791664,288.423,287.647,289.59,0.20686970481083+0i,0.000631158,20.8682746560289,502.363550802181,25.3380520239239,20.937549205145,-9.9e+37,202.422,727.482,408.489
20260514190155,892.844000458717,9.7878755,0.59583019,2.0027057,2.7312029,-0.000412605,-0.000716314,0.002429132,1.2109809,0.42814304,0.000634207,-0.039074208,4.1302378,0.5972717,288.395,287.658,289.571,-17.71,NaN,NaN,NaN,-0.0451511218661693,445.656816531415,57.1960581874133,11.945434,288.395,287.658,289.571,0.225562545788234+0i,0.000634207,20.857596350269,503.049244941525,25.0510641527476,20.9371358103534,-9.9e+37,-9.9e+37,-9.9e+37,-9.9e+37
20260514190157,894.886998832226,9.7874165,0.49926941,2.0028368,2.7317275,-0.000410971,-0.000721541,0.00236434,1.2108607,0.29329644,0.000629089,0.11924734,4.130828,0.78906514,288.412,287.658,289.582,-17.73,NaN,NaN,NaN,-0.0368569353700678,446.001573712079,47.5453860671823,15.7813028,288.412,287.658,289.582,0.246307798370173+0i,0.000629089,20.8641489974508,503.324523610602,24.4768392889796,20.9356896009882,875.659,718.152,638.417,-9.9e+37
20260514190159.1,896.936997771263,9.788116,0.55185799,2.0030663,2.7313559,-0.00041108,-0.000720561,0.002392761,1.2109153,0.41610785,0.000629742,-0.025993579,4.1311231,0.63665636,288.404,287.649,289.549,-17.8,NaN,NaN,NaN,-0.0223373640439348,445.7573652326,52.8012999366491,12.7331272,288.404,287.649,289.549,0.192501491273213+0i,0.000629742,20.8674253210418,502.499938870047,24.4221571381786,20.9379919168086,-9.9e+37,75.33,228.06,-9.9e+37
20260514190201.1,898.979996144772,9.7881488,0.54662554,2.0029352,2.7316291,-0.000414129,-0.000720779,0.002374467,1.2108607,0.40468923,0.000633554,-0.005406011,4.1313854,0.62484925,288.395,287.663,289.557,-17.86,NaN,NaN,NaN,-0.0306315505400363,445.936907096416,52.2783478712712,12.496985,288.395,287.663,289.557,0.226317765343405+0i,0.000633554,20.870337485318,502.088272133103,24.4631376111024,20.9368111730643,188.965,314.044,99.691,-9.9e+37
20260514190203.2,901.038997247815,9.7879957,0.55116724,2.0026947,2.7309843,-0.000414674,-0.000723501,0.002363795,1.2108935,0.44865162,0.000634643,-0.044703119,4.1315493,0.67482322,288.395,287.666,289.546,-17.88,NaN,NaN,NaN,-0.045847049032119,445.513156753121,52.7322636077478,13.4964644,288.395,287.666,289.546,0.222593161978305+0i,0.000634643,20.8721571716499,503.049244941525,23.3559174779066,20.936988419107,1028.011,698.666,86.341,-9.9e+37
20260514190205.2,903.090002015233,9.7880941,0.67927762,2.0029789,2.7306345,-0.000412278,-0.000722303,0.002363686,1.2109481,0.1696186,0.000635514,-0.000844375,4.1310029,0.75328809,288.412,287.66,289.573,-17.87,NaN,NaN,NaN,-0.0278668217080025,445.283274820608,65.5361294482909,15.0657618,288.412,287.66,289.573,0.214684530185+0i,0.000635514,20.8660908103822,502.363550802181,23.3968979508304,20.9380215026428,1000.615,819.288,711.099,253.26
20260514190207.4,905.237998813391,9.7880832,0.56783141,2.0030226,2.7306782,-0.000411951,-0.000722412,0.002382852,1.2107951,0.39777737,0.000634643,0.10941583,4.1310029,0.70551843,288.406,287.677,289.579,-17.8,NaN,NaN,NaN,-0.0251020928759687,445.311993632646,54.3977476772198,14.1103686,288.406,287.677,289.579,0.225728334200905+0i,0.000634643,20.8660908103822,503.324523610602,24.3674749873771,20.9369588332728,-9.9e+37,563.738,469.894,-9.9e+37
20260514190209.4,907.307993620634,9.7878099,0.50276462,2.0026292,2.7307766,-0.00041108,-0.000721977,0.002382307,1.2108279,0.10845297,0.000631811,0.055886407,4.1313635,0.66161389,288.431,287.677,289.592,-17.88,NaN,NaN,NaN,-0.0499909789748756,445.37666024831,47.8947113905833,13.2322778,288.431,287.677,289.592,0.202869659496477+0i,0.000631811,20.8700943423609,502.912856873663,24.4768392889796,20.937283470562,-9.9e+37,-9.9e+37,729.144,482.952
20260514190211.5,909.346998855472,9.7888045,0.50805273,2.0030226,2.7306564,-0.000414129,-0.000721977,0.002342016,1.2108388,0.35008515,0.000611992,-0.097384883,4.130981,0.57170964,288.376,287.704,289.549,-17.88,NaN,NaN,NaN,-0.0251020928759687,445.29766708568,48.4232263398796,11.4341928,288.376,287.704,289.549,0.212610935362395+0i,0.000611992,20.8658476674251,502.499938870047,25.297071551,20.9369588332728,-9.9e+37,-9.9e+37,-9.9e+37,270.019
20260514190213.5,911.378993466496,9.7888373,0.73540065,2.0030445,2.7308094,-0.000411298,-0.000720561,0.00240474,1.2110028,0.38638492,0.000634207,-0.006048058,4.1311449,0.60275732,288.387,287.693,289.538,-17.93,NaN,NaN,NaN,-0.0237165651546434,445.398215786865,71.145290444338,12.0551464,288.387,287.693,289.538,0.222518996306335+0i,0.000634207,20.8676673537571,502.363550802181,25.297071551,20.9379919168086,9.9e+37,215.305,-9.9e+37,240.631
20260514190215.6,913.432995602489,9.7886624,0.45355996,2.002651,2.7309515,-0.000410209,-0.000722957,0.002369893,1.2108388,0.42113081,0.000634969,0.11209073,4.1314838,0.77112096,288.398,287.707,289.576,-18.02,NaN,NaN,NaN,-0.0486117778641528,445.491601214567,42.9770000750011,15.4224192,288.398,287.707,289.576,0.204371313781048+0i,0.000634969,20.8714299632622,503.462162945145,25.297071551,20.9367815872301,9.9e+37,968.45,350.547,-9.9e+37
20260514190217.6,915.472000837326,9.7888373,0.5398348,2.0028259,2.7304706,-0.000412931,-0.000720017,0.002382852,1.2108935,0.31371008,0.000633009,-0.11598086,4.1315493,0.5824168,288.382,287.677,289.571,-18,NaN,NaN,NaN,-0.0375465359254292,445.17556284594,51.5996540455405,11.648336,288.382,287.677,289.571,0.192575252406438+0i,0.000633009,20.8721571716499,502.912856873663,25.3380520239239,20.9378738424342,-9.9e+37,-9.9e+37,113.755,182.503
20260514190219.6,917.51200184226,9.7884111,0.69939007,2.0026292,2.7300443,-0.000412931,-0.000720452,0.002398206,1.2108935,0.43005707,0.00063486,0.10199069,4.1311449,0.7230523,288.398,287.696,289.584,-18.07,NaN,NaN,NaN,-0.0499909789748756,444.895406562835,67.5462484685032,14.461046,288.398,287.696,289.584,0.272298315706815+0i,0.00063486,20.8676673537571,502.499938870047,26.4316950399507,20.9362799728604,1295.101,829.513,228.573,-9.9e+37
20260514190221.8,919.643995910883,9.7886952,0.57594579,2.0026838,2.7303613,-0.000413367,-0.000721541,0.002343214,1.2109153,0.26639871,0.000619942,-0.00725121,4.1313307,0.74465538,288.378,287.705,289.56,-18.01,NaN,NaN,NaN,-0.0465366495874946,445.103732956793,55.2087314,14.8931076,288.378,287.705,289.56,0.220848885515029+0i,0.000619942,20.8697301830461,503.186884276068,26.4590983957055,20.9371064934814,311.495,618.702,749.661,250.571
20260514190224,921.843994036317,9.7888155,0.39986054,2.0027822,2.7298695,-0.000411516,-0.00072263,0.002417481,1.2108279,0.15081997,0.000635732,-0.000914177,4.1309373,0.53317938,288.4,287.703,289.563,-18.16,NaN,NaN,NaN,-0.0403112647574631,444.780531314684,37.6100643950431,10.6635876,288.4,287.703,289.563,0.194582078526171+0i,0.000635732,20.8653624917527,503.324523610602,27.5253380559775,20.9365750243154,-9.9e+37,-9.9e+37,-9.9e+37,401.555
20260514190226,923.901999369264,9.7888264,0.39789523,2.0030554,2.7295306,-0.000412605,-0.000722195,0.002344521,1.2108279,0.40280904,0.000633009,-0.025129711,4.1310903,0.60145985,288.394,287.7,289.604,-18.24,NaN,NaN,NaN,-0.0230269645992962,444.557812655654,37.4136434213868,12.029197,288.394,287.7,289.604,0.219220364437718+0i,0.000633009,20.867061161727,501.264938659225,27.5390397338547,20.9356008434858,1051.84,364.098,-9.9e+37,149.211
20260514190228.1,925.937001407146,9.7887499,0.50671816,2.0027385,2.7294104,-0.000412714,-0.000721759,0.002379912,1.2109263,0.43366467,0.000632465,0.10652672,4.131604,0.73598992,288.391,287.711,289.601,-18.21,NaN,NaN,NaN,-0.0430759935894969,444.478819493024,48.2898440547376,14.7197984,288.391,287.711,289.601,0.233290116724686+0i,0.000632465,20.8727644739218,503.049244941525,28.0721595639911,20.9361027268177,1113.317,893.272,267.866,-9.9e+37
20260514190230.1,928.003998845816,9.7887717,0.53732497,2.0029024,2.7287328,-0.000411734,-0.00072165,0.002336354,1.2108498,0.10607736,0.000632356,-0.043060759,4.1309373,0.6469161,288.4,287.713,289.595,-18.2,NaN,NaN,NaN,-0.032706678816723,444.033513611175,51.3488115564107,12.938322,288.4,287.713,289.595,0.220099500146418+0i,0.000632356,20.8653624917527,502.499938870047,28.3729736737523,20.9368111730643,333.404,317.527,641.627,481.911
20260514190232.2,930.042994022369,9.7884329,0.55728031,2.0026401,2.7288312,-0.00041304,-0.000723175,0.002397771,1.2108716,0.44147461,0.000615586,0.089275624,4.1311887,0.6893224,288.395,287.723,289.606,-18.2,NaN,NaN,NaN,-0.0493013784195284,444.098180226839,53.3432283723035,13.786448,288.395,287.723,289.606,0.287222889635476+0i,0.000615586,20.8681536396713,502.775217539129,28.9607756546898,20.9346565174524,-9.9e+37,506.639,207.185,-9.9e+37
20260514190234.2,932.081999257207,9.7885859,0.51725835,2.002651,2.7289404,-0.000412387,-0.000723283,0.00235149,1.21097,0.38189014,0.000632791,-0.046333938,4.1313963,0.60280097,288.398,287.723,289.59,-18.29,NaN,NaN,NaN,-0.0486117778641528,444.169944397881,49.3432729704416,12.0560194,288.398,287.723,289.59,0.214415135717716+0i,0.000632791,20.8704585016756,512.799114893632,29.4938954848258,20.9366046101495,-9.9e+37,-9.9e+37,-9.9e+37,-9.9e+37
20260514190236.2,934.112998098135,9.7886187,0.66471953,2.0027713,2.7287,-0.000413149,-0.000721541,0.002381545,1.2108388,0.44695803,0.000631594,0.090815841,4.1309373,0.73060688,288.393,287.72,289.584,-18.29,NaN,NaN,NaN,-0.0410008653128102,444.01195807262,64.0811354715768,14.6121376,288.393,287.72,289.584,0.27380085565988+0i,0.000631594,20.8653624917527,513.486060299648,28.3318686401203,20.9357189178602,1039.624,818.828,285.395,-9.9e+37
20260514190238.3,936.148000136018,9.7879957,0.70772162,2.0028259,2.7287109,-0.00041304,-0.000720452,0.002331671,1.2109044,0.4226367,0.000632356,-0.046497499,4.1302269,0.65746503,288.402,287.741,289.579,-18.4,NaN,NaN,NaN,-0.0375465359254292,444.019121346103,68.3789370331907,13.1493006,288.402,287.741,289.579,0.269384942483282+0i,0.000632356,20.8574753339113,514.310645040208,28.3865507909218,20.9361027268177,-9.9e+37,539.218,231.307,-9.9e+37
20260514190240.4,938.219000771642,9.7878646,0.56856035,2.0026401,2.7289295,-0.000413476,-0.000722303,0.002392544,1.2109263,0.11981048,0.00063486,0.052904736,4.1306422,0.69362292,288.416,287.722,289.571,-18.37,NaN,NaN,NaN,-0.0493013784195284,444.162781124398,54.4706008680838,13.8724584,288.416,287.722,289.571,0.21972986587687+0i,0.00063486,20.8620861681618,502.225911467646,27.5663185289013,20.9370769076473,1088.641,594.057,704.005,385.967
20260514190242.4,940.30499830842,9.7881597,0.71927992,2.0029461,2.7291372,-0.000413694,-0.000721541,0.002382961,1.2109044,0.41328703,0.000631811,-0.044492515,4.130664,0.60634746,288.391,287.719,289.538,-18.39,NaN,NaN,NaN,-0.0299419499846891,444.299277629209,69.5341199508025,12.1269492,288.391,287.719,289.538,0.232769282560944+0i,0.000631811,20.8623282008771,503.598551013007,26.3907145670269,20.937549205145,-9.9e+37,222.663,-9.9e+37,-9.9e+37
20260514190244.5,942.343993484974,9.7881378,0.58302897,2.0030554,2.7295088,-0.000412823,-0.000722739,0.00240964,1.210806,0.19685897,0.000637365,-0.11816878,4.1304236,0.58028126,288.408,287.703,289.503,-18.43,NaN,NaN,NaN,-0.0230269645992962,444.543486108688,55.9166528537059,11.6056252,288.408,287.703,289.503,0.258620683160911+0i,0.000637365,20.859659179558,503.462162945145,27.4980592609309,20.9358665780688,1475.082,-9.9e+37,234.491,533.734
20260514190246.5,944.374992325902,9.7877881,0.4924765,2.002651,2.7293776,-0.000411516,-0.000723501,0.002391455,1.2108935,0.36766161,0.000638345,0.11697915,4.1303362,0.73782864,288.397,287.716,289.495,-18.43,NaN,NaN,NaN,-0.0486117778641528,444.457263954469,46.8664753629374,14.7565728,288.397,287.716,289.495,0.204304033984321+0i,0.000638345,20.8586888282132,501.401326727087,27.5390397338547,20.9370769076473,9.9e+37,908.433,378.439,-9.9e+37
20260514190248.5,946.409994363785,9.7878646,0.45201478,2.0027166,2.7293448,-0.000410862,-0.000720343,0.002406264,1.2108388,0.3712714,0.000630722,0.11120944,4.1302378,0.7402097,288.401,287.726,289.503,-18.42,NaN,NaN,NaN,-0.0444615213108221,444.435708415915,42.8225685806952,14.804194,288.401,287.726,289.503,0.238818318921873+0i,0.000630722,20.857596350269,502.225911467646,26.4453967178283,20.9354534522393,-9.9e+37,628.305,544.355,-9.9e+37
20260514190250.6,948.479999229312,9.7879411,0.49568036,2.0026838,2.7302957,-0.000410209,-0.000719254,0.002407353,1.21097,0.18789452,0.000613408,-0.11910734,4.1315056,0.57099598,288.423,287.709,289.508,-18.45,NaN,NaN,NaN,-0.0465366495874946,445.060621879684,47.1866819973403,11.4199196,288.423,287.709,289.508,0.243361455937292+0i,0.000613408,20.8716719959775,502.363550802181,26.4179933620735,20.9357189178602,-9.9e+37,-9.9e+37,340.788,436.483
20260514190252.7,950.550999864936,9.7880941,0.52838016,2.0030663,2.730088,-0.000409556,-0.000719145,0.002376863,1.210817,0.43119304,0.000633227,0.1094498,4.1310575,0.71969786,288.395,287.704,289.524,-18.45,NaN,NaN,NaN,-0.0223373640439348,444.924125374873,50.4548313246047,14.3939572,288.395,287.704,289.524,0.216854552494506+0i,0.000633227,20.8666970024123,502.225911467646,26.4179933620735,20.9369292474387,948.748,710.512,262.681,-9.9e+37
20260514190254.7,952.608995139599,9.7887171,0.74202441,2.0029352,2.7299897,-0.000411298,-0.000721432,0.002391455,1.2109591,0.35537543,0.000633771,-0.04554989,4.1309482,0.60081821,288.404,287.712,289.511,-18.47,NaN,NaN,NaN,-0.0306315505400363,444.859524477314,71.8072956183134,12.0163642,288.404,287.712,289.511,0.24596142065837+0i,0.000633771,20.8654835081104,503.186884276068,26.3907145670269,20.937283470562,-9.9e+37,99.989,83.364,-9.9e+37
20260514190256.9,954.733998700976,9.788575,0.42549136,2.0026401,2.7301973,-0.000411189,-0.000723283,0.002422054,1.2108716,0.26166059,0.000634207,0.00518552,4.1314728,0.61306071,288.412,287.698,289.508,-18.51,NaN,NaN,NaN,-0.0493013784195284,444.99595526402,40.1717114736257,12.2612142,288.412,287.698,289.508,0.193683495523311+0i,0.000634207,20.8713078366628,501.538966061621,27.5390397338547,20.9368996616046,1301.749,513.778,-9.9e+37,92.132
20260514190258.9,956.78100027144,9.7888482,0.64578341,2.0030336,2.730252,-0.000412387,-0.00072067,0.002411056,1.2107951,0.18637771,0.00063486,-0.16703781,4.1311668,0.5952322,288.42,287.701,289.473,-18.48,NaN,NaN,NaN,-0.0244061657100048,445.031903067646,62.1885835954491,11.904644,288.42,287.701,289.473,0.22591333010929+0i,0.00063486,20.8679104967142,503.186884276068,26.5410593415536,20.9373719591023,9.9e+37,331.224,231.934,575.432
20260514190301,958.835998177528,9.7885204,0.52182732,2.0026729,2.7299678,-0.000409774,-0.000721541,0.002401691,1.2109044,0.39583717,0.000634643,0.16055593,4.1310356,0.7344742,288.39,287.712,289.495,-18.49,NaN,NaN,NaN,-0.047226250142856,444.845132212243,49.7999141802286,14.689484,288.39,287.712,289.495,0.21768663686886+0i,0.000634643,20.8664538594552,502.637578204586,26.4453967178283,20.9368407588984,1539.713,893.493,225.009,-9.9e+37
20260514190303,960.893993452191,9.7888264,0.49285517,2.002804,2.7298695,-0.000411951,-0.000720779,0.00235639,1.2108826,0.12020987,0.000636167,-0.14631863,4.1315056,0.62029556,288.406,287.688,289.522,-18.63,NaN,NaN,NaN,-0.0389320636467545,444.780531314684,46.9043211633935,12.4059112,288.406,287.688,289.522,0.215277744093163+0i,0.000636167,20.8716719959775,501.538966061621,26.404416244904,20.936722684524,-9.9e+37,-9.9e+37,499.381,573.905
20260514190305.1,962.940995022655,9.788422,0.42661096,2.0026182,2.7294541,-0.000409447,-0.000719472,0.002392217,1.2109372,0.28689202,0.000634098,-0.13803184,4.1306313,0.56674891,288.406,287.677,289.524,-18.61,NaN,NaN,NaN,-0.0506869061408253,444.507538305062,40.2836087936951,11.3349782,288.406,287.677,289.524,0.192443697813679+0i,0.000634098,20.8619651518042,503.049244941525,27.4980592609309,20.9369292474387,826.548,-9.9e+37,-9.9e+37,568.772
20260514190307.1,964.995992928743,9.7888373,0.79346716,2.0030445,2.7294432,-0.000411625,-0.000723392,0.002378823,1.2108826,0.36200031,0.000632465,0.17201603,4.1311777,0.76672986,288.404,287.685,289.508,-18.66,NaN,NaN,NaN,-0.0237165651546434,444.500375031579,76.9486906361768,15.3345972,288.404,287.685,289.508,0.316110672797302+0i,0.000632465,20.8680315130718,503.049244941525,27.5253380559775,20.9355123549455,9.9e+37,855.921,289.208,-9.9e+37
20260514190309.2,967.070000991225,9.7884876,0.58533583,2.0026729,2.7287328,-0.000413149,-0.000716968,0.00242641,1.2109263,0.18141698,0.000637474,-0.16499067,4.1310138,0.58853532,288.417,287.677,289.497,-18.7,NaN,NaN,NaN,-0.047226250142856,444.033513611175,56.1472097059525,11.7707064,288.417,287.677,289.497,0.265760964672532+0i,0.000637474,20.8662118267399,502.912856873663,27.5116363780999,20.9356600151541,-9.9e+37,-9.9e+37,208.887,552.625
20260514190311.4,969.26199272275,9.7884111,0.66813835,2.0026401,2.7288202,-0.000414674,-0.000722303,0.002382852,1.2109044,0.13736403,0.000631594,-0.000678745,4.1314619,0.53475621,288.414,287.663,289.495,-18.71,NaN,NaN,NaN,-0.0493013784195284,444.090951235251,64.4228260716122,10.6951242,288.414,287.663,289.495,0.277902837470648+0i,0.000631594,20.8711868203051,514.310645040208,27.5253380559775,20.9356304293199,9.9e+37,336.744,-9.9e+37,545.374
20260514190313.5,971.331997588277,9.7886952,0.46577303,2.0027057,2.7291918,-0.000413585,-0.000722848,0.002375665,1.2108498,0.42762471,0.000637256,-0.064640221,4.1315712,0.65130395,288.395,287.66,289.492,-18.8,NaN,NaN,NaN,-0.0451511218661693,444.33515971473,44.1976233358263,13.026079,288.395,287.66,289.492,0.242750297536063+0i,0.000637256,20.872400314607,501.814244730707,27.4980592609309,20.9354238664052,1199.778,610.299,-9.9e+37,-9.9e+37
20260514190315.5,973.393996059895,9.7885204,0.53310955,2.0026292,2.7294979,-0.000414456,-0.000722412,0.00240866,1.2110137,0.45409357,0.000637474,-0.059807448,4.1313635,0.66792774,288.379,287.652,289.5,-18.88,NaN,NaN,NaN,-0.0499909789748756,444.536322835205,50.9275055534034,13.3585548,288.379,287.652,289.5,0.232109325672558+0i,0.000637474,20.8700943423609,504.147857084489,26.404416244904,20.9363980472348,706.699,697.114,-9.9e+37,-9.9e+37
20260514190317.7,975.518999621272,9.7887499,0.45955408,2.0027166,2.729793,-0.000412169,-0.000724264,0.002375665,1.2108826,0.24030085,0.000635623,-0.00693803,4.1312105,0.73582405,288.404,287.668,289.467,-18.85,NaN,NaN,NaN,-0.0444615213108221,444.730256964091,43.5760764988796,14.716481,288.404,287.668,289.467,0.188167773454994+0i,0.000635623,20.8683956723866,502.088272133103,26.4590983957055,20.9374311307706,1124.832,943.613,672.191,263.967
20260514190319.9,977.718997746706,9.7885641,0.77696451,2.0026947,2.7293558,-0.000413367,-0.00072165,0.002427281,1.210806,0.41659345,0.000633989,-0.001083512,4.1315712,0.75633807,288.393,287.658,289.495,-18.25,NaN,NaN,NaN,-0.045847049032119,444.442937407503,75.299349524134,15.1267614,288.393,287.658,289.495,0.317799120488767+0i,0.000633989,20.872400314607,502.225911467646,26.404416244904,20.9354238664052,-9.9e+37,436.603,659.524,-9.9e+37
20260514190321.9,979.764993488789,9.7885859,0.69644375,2.0027166,2.7299678,-0.000414129,-0.000721323,0.002418461,1.2109153,0.19203247,0.000636058,-0.1110721,4.1309591,0.55554634,288.398,287.647,289.459,-18.23,NaN,NaN,NaN,-0.0444615213108221,444.845132212243,67.2517814159247,11.1109268,288.398,287.647,289.459,0.237372584719016+0i,0.000636058,20.865604524468,502.775217539129,26.404416244904,20.9373130563961,-9.9e+37,-9.9e+37,224.213,560.121
20260514190324,981.851001083851,9.7885094,0.6345241,2.0026401,2.7301536,-0.000413585,-0.000719254,0.002386228,1.2109044,0.19831904,0.00063094,0.088923783,4.131298,0.71703745,288.42,287.671,289.432,-18.27,NaN,NaN,NaN,-0.0493013784195284,444.967236451982,61.063282939116,14.340749,288.42,287.671,289.432,0.223290321530065+0i,0.00063094,20.8693671339732,514.44703310807,25.3107732288772,20.9371949820217,1642.576,496.116,491.857,446.459
20260514190326.1,983.936998620629,9.7879957,0.64076266,2.0027057,2.7310498,-0.000412714,-0.000722739,0.002389603,1.2108498,0.42579581,0.000634098,0.081528364,4.131593,0.68584575,288.395,287.647,289.435,-18.3,NaN,NaN,NaN,-0.0451511218661693,445.556202112125,61.6867896782123,13.716915,288.395,287.647,289.435,0.232748751616459+0i,0.000634098,20.8726423473223,514.173005705669,26.4726755128745,20.9368996616046,-9.9e+37,240.455,191.621,-9.9e+37
20260514190328.1,985.968993231654,9.7888045,0.53448559,2.0030554,2.7307875,-0.000412714,-0.000721323,0.002380347,1.2110465,0.16122377,0.000635405,-0.11676665,4.1311668,0.56472577,288.412,287.666,289.413,-18.39,NaN,NaN,NaN,-0.0230269645992962,445.383823521793,51.0650325168799,11.2945154,288.412,287.666,289.413,0.19759976138145+0i,0.000635405,20.8679104967142,513.761338968726,26.4179933620735,20.9374015449364,402.989,-9.9e+37,317.046,535.233
20260514190330.1,988.014999032021,9.7884001,0.48464475,2.002651,2.7312575,-0.000415109,-0.000724155,0.002395048,1.2108498,0.43599226,0.000632574,0.11115282,4.1311668,0.72199817,288.406,287.655,289.413,-18.4,NaN,NaN,NaN,-0.0486117778641528,445.692698616936,46.0837388173376,14.4399634,288.406,287.655,289.413,0.19360455709438+0i,0.000632574,20.8679104967142,502.088272133103,27.224648506924,20.9374015449364,1190.741,668.716,177.718,-9.9e+37
20260514190332.2,990.069996938109,9.788116,0.64906473,2.0030663,2.7314433,-0.000414674,-0.000721106,0.002378387,1.2109591,0.11507127,0.000638127,0.058785098,4.1311559,0.65268436,288.42,287.658,289.416,-18.42,NaN,NaN,NaN,-0.0223373640439348,445.814802856676,62.5165318933145,13.0536872,288.42,287.658,289.416,0.258064002124882+0i,0.000638127,20.8677894803565,502.363550802181,27.5390397338547,20.9363684614007,277.717,202.211,627.229,478.949
20260514190334.3,992.121001705527,9.7878646,0.70831961,2.0027166,2.7312138,-0.000413694,-0.000723392,0.002393741,1.21097,0.43747633,0.00063192,0.093236369,4.1309591,0.69160307,288.409,287.666,289.372,-18.54,NaN,NaN,NaN,-0.0444615213108221,445.663979804898,68.4387025551881,13.8320614,288.409,287.666,289.372,0.275341440609538+0i,0.00063192,20.865604524468,503.186884276068,27.5390397338547,20.936191215358,-9.9e+37,385.408,202.651,-9.9e+37
20260514190336.3,994.17899698019,9.7887171,0.57165726,2.0027166,2.7323067,-0.000413476,-0.000721977,0.002452,1.2109044,0.1349393,0.000636494,-0.11214406,4.131593,0.61415194,288.417,287.655,289.416,-18.51,NaN,NaN,NaN,-0.0444615213108221,446.382212978264,54.7801184899989,12.2830388,288.417,287.655,289.416,0.215408941245957+0i,0.000636494,20.8726423473223,503.186884276068,27.5527414117323,20.9372245678559,385.888,-9.9e+37,385.177,554.059
20260514190338.4,996.249997615814,9.7878755,0.44900954,2.002651,2.7320663,-0.000412823,-0.000721214,0.002416174,1.2109044,0.14466435,0.000634098,-0.10025567,4.1313745,0.5834611,288.412,287.685,289.399,-18.59,NaN,NaN,NaN,-0.0486117778641528,446.224226653004,42.5222128267069,11.669222,288.412,287.685,289.399,0.197381676753481+0i,0.000634098,20.8702164689603,503.598551013007,27.5253380559775,20.9369292474387,9.9e+37,-9.9e+37,-9.9e+37,790.754
20260514190340.4,998.276993259788,9.7883673,0.78327182,2.0026838,2.7322193,-0.000413149,-0.000721541,0.002411274,1.2110028,0.30977184,0.000640959,-0.073354234,4.130981,0.56600796,288.382,287.658,289.416,-18.65,NaN,NaN,NaN,-0.0465366495874946,446.324775354189,75.9297274143152,11.3201592,288.382,287.658,289.416,0.23237704031963+0i,0.000640959,20.8658476674251,502.363550802181,27.5527414117323,20.9378442566,9.9e+37,-9.9e+37,-9.9e+37,578.345
20260514190342.4,1000.31599849463,9.7885531,0.65672954,2.002651,2.7327549,-0.000412278,-0.000723175,0.002345936,1.2108388,0.14387648,0.000623426,0.022043404,4.1314619,0.67482868,288.423,287.679,289.394,-18.65,NaN,NaN,NaN,-0.0486117778641528,446.676761526441,63.2825837849197,13.4965736,288.423,287.679,289.394,0.195410695259552+0i,0.000623426,20.8711868203051,512.936754228166,27.5800202067785,20.9381395770172,9.9e+37,489.353,337.166,722.891
20260514190344.5,1002.35899686813,9.7888045,0.54438304,2.0030773,2.7326018,-0.000414892,-0.000718928,0.002369567,1.210817,0.42971114,0.000632682,-0.063983908,4.1310684,0.62944006,288.404,287.668,289.386,-18.64,NaN,NaN,NaN,-0.0216414368779709,446.576147107151,52.0542234158803,12.5888012,288.404,287.668,289.386,0.215923644814468+0i,0.000632682,20.8668180187699,513.212032897248,27.5390397338547,20.9368111730643,291.733,246.121,-9.9e+37,164.673
20260514190346.6,1004.42200116813,9.7885531,0.47171804,2.002651,2.7327111,-0.000413585,-0.000721432,0.002358024,1.21097,0.21868575,0.000636494,0.082556556,4.1313963,0.74776429,288.417,287.682,289.394,-18.62,NaN,NaN,NaN,-0.0486117778641528,446.647976996298,44.7917915090898,14.9552858,288.417,287.682,289.394,0.208243154658202+0i,0.000636494,20.8704585016756,503.324523610602,27.5390397338547,20.936722684524,1296.696,729.429,545.726,277.437
20260514190348.6,1006.46499954164,9.7880504,0.62229796,2.0026401,2.7320554,-0.000413912,-0.000719363,0.002398206,1.2109372,0.24217559,0.000635623,0.10485877,4.131298,0.73561126,288.412,287.668,289.402,-18.65,NaN,NaN,NaN,-0.0493013784195284,446.217063379521,59.8413534100045,14.7122252,288.412,287.668,289.402,0.201257531683389+0i,0.000635623,20.8693671339732,502.912856873663,27.5253380559775,20.9379919168086,-9.9e+37,396.848,608.778,131.678
20260514190350.6,1008.50000157952,9.7880832,0.50549598,2.0030008,2.7319023,-0.000411951,-0.00072459,0.002363686,1.2108935,0.16944728,0.000639434,-0.11739399,4.1310029,0.56687768,288.414,287.666,289.399,-18.67,NaN,NaN,NaN,-0.0264812939866772,446.11644896023,48.1676944775293,11.3375536,288.414,287.666,289.399,0.210481430251013+0i,0.000639434,20.8660908103822,502.912856873663,27.5390397338547,20.9369292474387,-9.9e+37,-9.9e+37,172.732,586.606
20260514190352.7,1010.55499948561,9.7887171,0.52581905,2.0026838,2.731651,-0.000413912,-0.000722086,0.002370111,1.2109481,0.46056565,0.000634207,0.053367106,4.1315712,0.67973921,288.395,287.674,289.405,-18.68,NaN,NaN,NaN,-0.0465366495874946,445.951299361487,50.1988637063456,13.5947842,288.395,287.674,289.405,0.251075601145519+0i,0.000634207,20.872400314607,503.186884276068,27.5116363780999,20.9356600151541,1105.515,484.188,-9.9e+37,-9.9e+37
20260514190354.7,1012.60099522769,9.7886624,0.6134099,2.0026838,2.7310717,-0.000412714,-0.000717294,0.002433924,1.2109372,0.41694592,0.00063486,-0.026944888,4.1315493,0.62737981,288.379,287.682,289.443,-18.75,NaN,NaN,NaN,-0.0465366495874946,445.570594377197,58.9530450010942,12.5475962,288.379,287.682,289.443,0.258782745705204+0i,0.00063486,20.8721571716499,513.761338968726,27.5390397338547,20.9358665780688,294.418,326.601,-9.9e+37,-9.9e+37
20260514190356.8,1014.65199999511,9.7877116,0.48082435,2.0026292,2.7307001,-0.000414129,-0.000722521,0.002425757,1.2108826,0.45185001,0.000638345,0.015705678,4.1311559,0.71178863,288.391,287.662,289.459,-18.75,NaN,NaN,NaN,-0.0499909789748756,445.326385897718,45.7019126994445,14.2357726,288.391,287.662,289.459,0.208698926349703+0i,0.000638345,20.8677894803565,501.950632798569,27.5800202067785,20.9368111730643,1012.01,797.541,151.725,-9.9e+37
20260514190358.9,1016.74200072885,9.7881488,0.50254419,2.002968,2.7303394,-0.000413476,-0.000724699,0.002391564,1.2109372,0.14237495,0.000634207,0.02464557,4.131298,0.7180381,288.413,287.651,289.479,-18.76,NaN,NaN,NaN,-0.0285564222633639,445.089340691722,47.8726807311845,14.360762,288.413,287.651,289.479,0.237788540069554+0i,0.000634207,20.8693671339732,503.049244941525,27.5390397338547,20.9359257497371,731.114,684.27,713.258,341.163
20260514190400.9,1018.78899224102,9.7878099,0.6297587,2.0028478,2.7293558,-0.000413149,-0.000721432,0.002422599,1.2110028,0.43268584,0.000641503,-0.014880684,4.1302269,0.65189649,288.41,287.643,289.495,-18.87,NaN,NaN,NaN,-0.036161008204104,444.442937407503,60.587009726309,13.0379298,288.41,287.643,289.495,0.206126049951019+0i,0.000641503,20.8574753339113,514.44703310807,28.3592719958751,20.9376081078512,-9.9e+37,359.239,194.605,-9.9e+37
20260514190403,1020.8440002054,9.7878318,0.49585496,2.0026729,2.7289514,-0.000411734,-0.000721977,0.002436537,1.2109918,0.11752435,0.000636167,-0.078625741,4.1306531,0.63506098,288.421,287.646,289.489,-19.12,NaN,NaN,NaN,-0.047226250142856,444.17717338947,47.2041322224958,12.7012196,288.421,287.646,289.489,0.194293194444005+0i,0.000636167,20.8622071845194,514.310645040208,27.5527414117323,20.9371949820217,685.501,82.491,545.363,540.596
20260514190405,1022.90599867702,9.7874493,0.54968753,2.0030445,2.7284049,-0.000414238,-0.00072165,0.002391128,1.2108498,0.44966537,0.000638563,-0.008465431,4.1305001,0.66036006,288.408,287.635,289.508,-19.01,NaN,NaN,NaN,-0.0237165651546434,443.818023943734,52.5843754481552,13.2072012,288.408,287.635,289.508,0.218813327251483+0i,0.000638563,20.8605085145451,513.212032897248,27.470655905176,20.9367522703581,116.546,405.963,-9.9e+37,-9.9e+37
20260514190407.1,1024.96499978006,9.7870667,0.55157972,2.002662,2.7274759,-0.000412823,-0.000720997,0.002421183,1.2109481,0.12304488,0.000624406,0.05152895,4.1303034,0.69670455,288.401,287.636,289.511,-18.99,NaN,NaN,NaN,-0.0479158506982031,443.207502745036,52.7734885153775,13.934091,288.401,287.636,289.511,0.195176728965946+0i,0.000624406,20.8583246688985,514.035366371131,27.5390397338547,20.937549205145,1043.742,370.479,598.523,483.56
20260514190409.1,1027.01200135052,9.7880067,0.60026932,2.0028368,2.7270169,-0.000414892,-0.000722086,0.002392652,1.2109044,0.11260946,0.000638781,0.038380461,4.1302378,0.62020062,288.42,287.636,289.524,-19.02,NaN,NaN,NaN,-0.0368569353700678,442.905856641481,57.6397226661911,12.4040124,288.42,287.636,289.524,0.176077977082402+0i,0.000638781,20.857596350269,512.387448156693,28.3592719958751,20.9384642143064,777.347,-9.9e+37,445.615,706.031
20260514190411.2,1029.06200028956,9.7878974,0.63231763,2.0027275,2.7268201,-0.00041206,-0.000722195,0.002435122,1.2108607,0.2155321,0.00063682,0.087860635,4.1302378,0.72738448,288.409,287.633,289.543,-19.06,NaN,NaN,NaN,-0.0437719207554323,442.776523410153,60.8427594666138,14.5476896,288.409,287.633,289.543,0.232621917005417+0i,0.00063682,20.857596350269,514.44703310807,28.3592719958751,20.9367815872301,552.594,236.406,471.095,422.817
20260514190413.2,1031.10499866307,9.7879739,0.63464304,2.0028587,2.726842,-0.000414674,-0.000725897,0.002400384,1.21097,0.25626883,0.000635078,0.11937289,4.1302269,0.73131181,288.414,287.628,289.552,-19.11,NaN,NaN,NaN,-0.0354714076487426,442.790915675225,61.0751702803531,14.6262362,288.414,287.628,289.552,0.221870756649268+0i,0.000635078,20.8574753339113,512.936754228166,27.5527414117323,20.9371949820217,-9.9e+37,164.655,573.892,226.684
20260514190415.3,1033.17599929869,9.7878099,0.50924654,2.0026838,2.7268311,-0.000413585,-0.000722303,0.002368369,1.2108826,0.44155427,0.000628218,-0.032621718,4.1302924,0.68126038,288.387,287.611,289.56,-19.11,NaN,NaN,NaN,-0.0465366495874946,442.783752401742,48.5425405053602,13.6252076,288.387,287.611,289.56,0.203059870215026+0i,0.000628218,20.858202542299,514.035366371131,27.4980592609309,20.936988419107,-9.9e+37,-9.9e+37,232.62,-9.9e+37
20260514190417.4,1035.23799777031,9.788105,0.56697589,2.0030663,2.726995,-0.000413258,-0.000719581,0.00241857,1.2109918,0.35258188,0.000637583,0.11146622,4.1303799,0.79192634,288.406,287.641,289.543,-19.17,NaN,NaN,NaN,-0.0223373640439348,442.89146437641,54.3122435728381,15.8385268,288.406,287.641,289.543,0.24483083107815+0i,0.000637583,20.8591740038856,514.173005705669,26.3907145670269,20.9360142382774,-9.9e+37,585.046,644.151,-9.9e+37
20260514190419.4,1037.28899247944,9.7884548,0.70872664,2.0026401,2.7270278,-0.00041304,-0.000720452,0.002394395,1.2108935,0.11160334,0.000642156,-0.11094959,4.1306313,0.61641078,288.425,287.622,289.519,-19.16,NaN,NaN,NaN,-0.0493013784195284,442.913019914965,68.4793827679318,12.3282156,288.425,287.622,289.519,0.243422180412453+0i,0.000642156,20.8619651518042,514.035366371131,26.4453967178283,20.9369588332728,-9.9e+37,-9.9e+37,586.918,494.613
20260514190421.5,1039.35499414802,9.7886406,0.62090555,2.002651,2.727148,-0.000416961,-0.000721868,0.002430657,1.2109044,0.16372486,0.000637256,0.011059105,4.1307843,0.69041908,288.42,287.636,289.535,-19.25,NaN,NaN,NaN,-0.0486117778641528,442.992013077595,59.7021903629897,13.8083816,288.42,287.636,289.535,0.287204098172654+0i,0.000637256,20.8636638217784,501.401326727087,26.4590983957055,20.9353057920308,858.085,202.923,558.085,542.555
20260514190423.6,1041.42200164497,9.7876897,0.4225254,2.0026292,2.7275743,-0.000414565,-0.000720779,0.002392761,1.2109372,0.14789221,0.000619179,0.023737055,4.1304673,0.68793981,288.414,287.622,289.516,-19.29,NaN,NaN,NaN,-0.0499909789748756,443.2721693607,39.8752815205773,13.7587962,288.414,287.622,289.516,0.197033229623192+0i,0.000619179,20.8601443552304,503.873829682084,25.775509230335,20.9367522703581,-9.9e+37,-9.9e+37,571.131,586.92
20260514190425.6,1043.49599964917,9.7877881,0.48990557,2.0027057,2.727465,-0.000412823,-0.000724264,0.002371091,1.2109372,0.13865495,0.000638236,0.017725255,4.1302706,0.6858392,288.414,287.63,289.511,-19.38,NaN,NaN,NaN,-0.0451511218661693,443.200339471553,46.6095262944432,13.716784,288.414,287.63,289.511,0.184686074249687+0i,0.000638236,20.8579605095837,514.035366371131,24.5178197619039,20.9376081078512,-9.9e+37,-9.9e+37,533.495,609.906
20260514190427.7,1045.53899802268,9.7880176,0.59185812,2.0030554,2.7283284,-0.000415872,-0.000719799,0.002405067,1.2110028,0.1438121,0.000636058,-0.11158848,4.1304782,0.5696745,288.414,287.625,289.503,-19.34,NaN,NaN,NaN,-0.0230269645992962,443.767749593141,56.7990735606465,11.39349,288.414,287.625,289.503,0.262593536594202+0i,0.000636058,20.860265371588,513.897727036587,24.4905409668572,20.9356896009882,-9.9e+37,-9.9e+37,108.857,767.162
20260514190429.7,1047.60499969125,9.7878646,0.59013616,2.002662,2.7290716,-0.000412714,-0.000722195,0.002363469,1.21097,0.38049665,0.000637801,-0.004737175,4.1307405,0.60754127,288.39,287.63,289.484,-19.46,NaN,NaN,NaN,-0.0479158506982031,444.2561665521,56.6269739632307,12.1508254,288.39,287.63,289.484,0.210467437272043+0i,0.000637801,20.8631775358642,513.623699634191,23.3694945950756,20.9374311307706,1336.532,-9.9e+37,-9.9e+37,320.556
20260514190431.8,1049.64000172913,9.7873618,0.72429412,2.0027603,2.7298585,-0.000413585,-0.000722412,0.002406373,1.2108935,0.14712725,0.000637801,-0.077118851,4.1308717,0.63508499,288.406,287.622,289.489,-19.46,NaN,NaN,NaN,-0.0416967924787883,444.773302323096,70.035259234736,12.7016998,288.406,287.622,289.489,0.231495717245237+0i,0.000637801,20.8646341731232,514.722311777147,24.8870177003441,20.9374311307706,9.9e+37,118.377,143.333,717.298
20260514190433.8,1051.68699324131,9.78734,0.64962235,2.0027494,2.7304269,-0.000412278,-0.000720997,0.002403433,1.2109044,0.13020446,0.000637365,0.050662903,4.1308826,0.64558262,288.404,287.636,289.53,-19.5,NaN,NaN,NaN,-0.0423863930341355,445.146844033902,62.5722626753948,12.9116524,288.404,287.636,289.53,0.199140743566401+0i,0.000637365,20.8647551894809,513.761338968726,25.297071551,20.9380510884769,9.9e+37,101.098,193.574,802.491
20260514190435.9,1053.71899791062,9.7877444,0.40787234,2.002651,2.7299897,-0.000414456,-0.000720452,0.0023406,1.2111011,0.25716036,0.00063192,-0.10957697,4.1303362,0.55132219,288.404,287.628,289.522,-19.51,NaN,NaN,NaN,-0.0486117778641528,444.859524477314,38.4107958606844,11.0264438,288.404,287.628,289.522,0.196248748161305+0i,0.00063192,20.8586888282132,512.936754228166,26.4453967178283,20.9364273641068,1626.865,-9.9e+37,-9.9e+37,724.331
20260514190437.9,1055.78899271786,9.7871542,0.57360838,2.0026401,2.730864,-0.000413803,-0.000721868,0.002420421,1.21097,0.16934579,0.000637365,0.012075426,4.1307078,0.71466075,288.423,287.655,289.538,-19.53,NaN,NaN,NaN,-0.0493013784195284,445.434097872386,54.9751212580712,14.293215,288.423,287.655,289.538,0.20469744295351+0i,0.000637365,20.8628144867913,514.173005705669,26.4179933620735,20.9374015449364,9.9e+37,537.341,318.89,648.193
20260514190440,1057.90999308228,9.7871542,0.59117501,2.0026401,2.7314215,-0.00041206,-0.000723719,0.002345827,1.2108716,0.2466409,0.00060927,0.00499019,4.1308061,0.57182313,288.406,287.633,289.538,-19.58,NaN,NaN,NaN,-0.0493013784195284,445.80047630971,56.7308008040257,11.4364626,288.406,287.633,289.538,0.273182098846051+0i,0.00060927,20.8639058544937,513.623699634191,26.4179933620735,20.9352762061966,137.495,-9.9e+37,-9.9e+37,334.934
20260514190442.1,1059.96500104666,9.7870121,0.52575903,2.0026401,2.7313122,-0.000416198,-0.000723283,0.002366409,1.2110356,0.32563398,0.000632574,0.15755396,4.130522,0.77484096,288.409,287.639,289.535,-19.69,NaN,NaN,NaN,-0.0493013784195284,445.728646420563,50.1928650665184,15.4968192,288.409,287.639,289.535,0.237705245189564+0i,0.000632574,20.8607516575023,514.44703310807,26.4316950399507,20.9359257497371,1084.53,813.446,350.761,-9.9e+37
20260514190444.2,1062.01899312437,9.7877006,0.43352936,2.002651,2.7312684,-0.000413476,-0.00071969,0.002379803,1.2109918,0.41746862,0.000634207,0.12201148,4.1304455,0.72762673,288.404,287.641,289.543,-19.73,NaN,NaN,NaN,-0.0486117778641528,445.699861890419,40.9750614724805,14.5525346,288.404,287.641,289.543,0.192052054449398+0i,0.000634207,20.8599023225151,513.761338968726,27.4843575830532,20.9367815872301,-9.9e+37,569.56,392.754,-9.9e+37
20260514190446.2,1064.07400108874,9.7873072,0.5204491,2.0026947,2.7316291,-0.000415654,-0.000721214,0.002333849,1.2109481,0.26566868,0.000626584,-0.18091716,4.1308826,0.5876798,288.393,287.63,289.541,-19.73,NaN,NaN,NaN,-0.045847049032119,445.936907096416,49.6621693387977,11.753596,288.393,287.63,289.541,0.251650927304399+0i,0.000626584,20.8647551894809,514.173005705669,27.5116363780999,20.935364963699,-9.9e+37,-9.9e+37,278.651,318.808
20260514190448.3,1066.12899899483,9.7880285,0.42949508,2.0029024,2.7312356,-0.000413912,-0.00072263,0.00240376,1.2110028,0.4374687,0.000635949,0.1445214,4.1302269,0.73285044,288.406,287.633,289.598,-19.84,NaN,NaN,NaN,-0.032706678816723,445.678306351865,40.5718593284919,14.6570088,288.406,287.633,289.598,0.172622269141184+0i,0.000635949,20.8574753339113,513.074393562709,26.4316950399507,20.937549205145,1251.047,767.202,199.378,-9.9e+37
20260514190450.5,1068.35900098085,9.7873618,0.53366171,2.0028915,2.7312466,-0.000415872,-0.000722195,0.002402017,1.2109263,0.43260945,0.000637474,-0.001185111,4.1314728,0.77574777,288.404,287.641,289.563,-19.91,NaN,NaN,NaN,-0.0333962793720701,445.685535343453,50.9826906411575,15.5149554,288.404,287.641,289.563,0.198323241393269+0i,0.000637474,20.8713078366628,502.225911467646,26.4590983957055,20.9376081078512,-9.9e+37,515.627,692.413,-9.9e+37
20260514190452.5,1070.39399296045,9.7879192,0.77693069,2.0027385,2.7312029,-0.000415763,-0.000722848,0.002388623,1.2110246,0.12945369,0.000636603,-0.10718499,4.1309263,0.61910721,288.398,287.652,289.549,-19.83,NaN,NaN,NaN,-0.0430759935894969,445.656816531415,75.2959694175202,12.3821442,288.398,287.652,289.549,0.251158849595984+0i,0.000636603,20.8652403651533,512.525087491227,26.4453967178283,20.9371064934814,-9.9e+37,-9.9e+37,394.307,590.816
20260514190454.6,1072.48000055552,9.7886515,0.54195178,2.002651,2.7308968,-0.000415981,-0.000720779,0.002395375,1.21097,0.42889054,0.000638563,0.11119311,4.1314619,0.72291044,288.393,287.62,289.557,-19.99,NaN,NaN,NaN,-0.0486117778641528,445.45565341094,51.8112335280705,14.4582088,288.393,287.62,289.557,0.174646407155823+0i,0.000638563,20.8711868203051,514.173005705669,26.4179933620735,20.9382280655575,504.964,545.029,229.284,-9.9e+37
20260514190456.6,1074.51499253511,9.7880504,0.6272445,2.0027166,2.7310498,-0.000414892,-0.000725352,0.00235639,1.2110574,0.39005366,0.00063486,-0.005621188,4.1315712,0.61663012,288.39,287.636,289.584,-19.95,NaN,NaN,NaN,-0.0444615213108221,445.556202112125,60.3357304818302,12.3326024,288.39,287.636,289.584,0.216517158024194+0i,0.00063486,20.872400314607,513.897727036587,25.584183982884,20.9373719591023,-9.9e+37,-9.9e+37,-9.9e+37,-9.9e+37
20260514190458.7,1076.56599730253,9.7877553,0.56205771,2.0026401,2.7306236,-0.000415763,-0.000724808,0.002338096,1.2109809,0.43444927,0.00063388,0.10843044,4.1310029,0.76110456,288.393,287.644,289.617,-19.91,NaN,NaN,NaN,-0.0493013784195284,445.276111547125,53.8207009132999,15.2220912,288.393,287.644,289.617,0.233076757548656+0i,0.00063388,20.8660908103822,514.722311777147,25.3380520239239,20.9363980472348,714.875,839.394,421.272,-9.9e+37
20260514190500.8,1078.62499840558,9.7888264,0.75855326,2.0028259,2.7311045,-0.000412823,-0.000721759,0.002415521,1.2109263,0.10876506,0.000637038,-0.10467964,4.1315712,0.63351362,288.417,287.649,289.614,-19.92,NaN,NaN,NaN,-0.0375465359254292,445.592149915751,73.4592552635698,12.6702724,288.417,287.649,289.614,0.268897158568076+0i,0.000637038,20.872400314607,513.897727036587,25.3244749067544,20.9365161216093,-9.9e+37,-9.9e+37,576.312,493.668
20260514190502.8,1080.67599311471,9.7886734,0.5932789,2.0028259,2.7305908,-0.000413149,-0.000724155,0.002383287,1.2110574,0.44713699,0.000635514,0.032039145,4.1309154,0.6494172,288.406,287.641,289.603,-19.99,NaN,NaN,NaN,-0.0375465359254292,445.25455600857,56.9410720193891,12.988344,288.406,287.641,289.603,0.245336394898549+0i,0.000635514,20.8651193487956,513.212032897248,25.2833698731229,20.9362503870262,-9.9e+37,491.919,-9.9e+37,-9.9e+37
20260514190504.8,1082.71499834955,9.7881378,0.51327208,2.0030117,2.7303941,-0.000415654,-0.000723066,0.002390801,1.2109481,0.38830987,0.000635623,0.11242907,4.1312761,0.7527032,288.39,287.639,289.603,-20.07,NaN,NaN,NaN,-0.02579169343133,445.125288495348,48.9448691386508,15.054064,288.39,287.639,289.603,0.2659372787192+0i,0.000635623,20.8691239910161,514.035366371131,26.404416244904,20.934833494533,-9.9e+37,791.961,541.76,-9.9e+37
20260514190507,1084.85900200903,9.7879848,0.65722496,2.0027931,2.7300443,-0.000414129,-0.000719799,0.00238699,1.21097,0.28528246,0.000635732,-0.00736579,4.1311996,0.75297709,288.379,287.641,289.552,-20.07,NaN,NaN,NaN,-0.0396216642021017,444.895406562835,63.3320980492183,15.0595418,288.379,287.641,289.552,0.276734829378139+0i,0.000635732,20.8682746560289,514.173005705669,26.4179933620735,20.9356304293199,-9.9e+37,263.585,765.674,243.306
20260514190509.1,1086.9259994477,9.7880722,0.45427799,2.0029571,2.7306345,-0.00041402,-0.000723175,0.002394613,1.2109591,0.16680758,0.000636385,-0.15214907,4.1309482,0.57993207,288.387,287.633,289.571,-20.12,NaN,NaN,NaN,-0.029246022818711,445.283274820608,43.0487628766529,11.5986414,288.387,287.633,289.571,0.232160077150583+0i,0.000636385,20.8654835081104,514.173005705669,26.4316950399507,20.9354827691113,-9.9e+37,-9.9e+37,372.381,671.27
20260514190511.2,1089.09400217235,9.7880504,0.53329069,2.0027057,2.7310498,-0.000414783,-0.000722412,0.002388841,1.2109918,0.42731153,0.000634969,-0.001291175,4.1309919,0.75584483,288.39,287.649,289.557,-20.14,NaN,NaN,NaN,-0.0451511218661693,445.556202112125,50.9456094124222,15.1168966,288.39,287.649,289.557,0.268331733272592+0i,0.000634969,20.8659686837828,513.348420965114,26.3907145670269,20.9349515689075,742.716,309.634,476.389,266.815
20260514190513.3,1091.15600064397,9.7883346,0.56225741,2.0026838,2.7306017,-0.000416852,-0.000722739,0.002357697,1.2108935,0.43392875,0.00063486,-0.046774747,4.1309701,0.6268593,288.394,287.635,289.533,-20.16,NaN,NaN,NaN,-0.0465366495874946,445.261719282053,53.8406597332515,12.537186,288.394,287.635,289.533,0.206344157731144+0i,0.00063486,20.8657266510675,513.761338968726,26.4590983957055,20.937283470562,-9.9e+37,-9.9e+37,-9.9e+37,-9.9e+37
20260514190515.3,1093.2069953531,9.7881815,0.44862325,2.0029024,2.7310389,-0.000415436,-0.000723828,0.002427935,1.2110684,0.31549971,0.000637801,0.11953961,4.13144,0.76917094,288.397,287.64,289.552,-20.1,NaN,NaN,NaN,-0.032706678816723,445.549038838642,42.4836054528505,15.3834188,288.397,287.64,289.552,0.218804503841836+0i,0.000637801,20.870943677348,514.310645040208,26.3907145670269,20.9359257497371,1083.132,762.857,535.982,-9.9e+37
20260514190517.5,1095.40199451149,9.7877334,0.62340883,2.002651,2.7306455,-0.000415,-0.000720561,0.002363795,1.2109153,-0.001803964,0.00063584,-0.04856357,4.1315493,0.57380698,288.405,287.654,289.506,-20.15,NaN,NaN,NaN,-0.0486117778641528,445.290503812197,59.9523782188161,11.4761396,288.405,287.654,289.506,0.251866808478702+0i,0.00063584,20.8721571716499,514.035366371131,26.4179933620735,20.936191215358,-9.9e+37,382.217,305.673,206.173
20260514190519.7,1097.56999723613,9.7880613,0.73221644,2.0029789,2.7306345,-0.000414892,-0.00072361,0.002375774,1.2109591,-0.00042667,0.000633554,-0.022066482,4.1310794,0.55615525,288.405,287.665,289.476,-20.17,NaN,NaN,NaN,-0.0278668217080025,445.283274820608,70.8270477098451,11.123105,288.405,287.665,289.476,0.229400273928589+0i,0.000633554,20.8669401453694,514.035366371131,25.652443250855,20.9375196193109,219.864,586.661,277.021,291.882
20260514190521.8,1099.63999204338,9.7880285,0.58593601,2.0026838,2.7310171,-0.000413476,-0.000721432,0.002394939,1.2109591,0.17229975,0.00063682,-0.10761382,4.1315603,0.59301591,288.405,287.665,289.487,-20.28,NaN,NaN,NaN,-0.0465366495874946,445.534712291676,56.2071941053444,11.8603182,288.405,287.665,289.487,0.262398186555317+0i,0.00063682,20.8722792982494,514.85995111169,25.3244749067544,20.9356008434858,260.325,240.027,498.103,630.401
20260514190523.8,1101.68300047517,9.7881269,0.62829208,2.0029898,2.7309515,-0.000413258,-0.000723937,0.002368478,1.2110246,0.44232904,0.000637583,0.11227901,4.1313526,0.72059049,288.406,287.679,289.5,-20.41,NaN,NaN,NaN,-0.0271772211526553,445.491601214567,60.440429833883,14.4118098,288.406,287.679,289.5,0.229925233602995+0i,0.000637583,20.8699733260032,513.761338968726,24.5452231176587,20.936988419107,-9.9e+37,691.352,324.551,-9.9e+37
20260514190526,1103.85099314153,9.7880504,0.54379487,2.0029133,2.7312356,-0.000415,-0.000721214,0.002393741,1.2108935,0.23402628,0.000621902,-0.00715519,4.1311012,0.7389657,288.417,287.698,289.47,-20.46,NaN,NaN,NaN,-0.0320170782613616,445.678306351865,51.9954393441179,14.779314,288.417,287.698,289.47,0.247456919416656+0i,0.000621902,20.8671821780847,513.074393562709,25.2014089272743,20.9358076753626,-9.9e+37,509.046,736.14,279.881
20260514190528.2,1106.03099539876,9.7881488,0.57502697,2.0030554,2.7314542,-0.000413476,-0.000722521,0.002409858,1.2110902,0.13881864,0.000642265,-0.000667856,4.1311012,0.52842272,288.414,287.69,289.465,-20.57,NaN,NaN,NaN,-0.0230269645992962,445.821966130159,55.1169008394193,10.5684544,288.414,287.69,289.465,0.2645588344414+0i,0.000642265,20.8671821780847,514.44703310807,25.3244749067544,20.9354534522393,-9.9e+37,-9.9e+37,173.428,390.337
20260514190530.2,1108.07799696922,9.7878099,0.64563609,2.0026292,2.7313996,-0.00041402,-0.000726006,0.002384921,1.2109263,0.19105145,0.000638454,-0.11237361,4.1313089,0.57427621,288.401,287.701,289.478,-20.57,NaN,NaN,NaN,-0.0499909789748756,445.786084044638,62.1738598430441,11.4855242,288.401,287.701,289.478,0.26256345353946+0i,0.000638454,20.8694881503308,513.761338968726,25.3244749067544,20.9360438241115,646.899,-9.9e+37,307.761,635.05
20260514190532.3,1110.1439986378,9.7878974,0.52826995,2.0027603,2.7305908,-0.000415327,-0.000722521,0.002424668,1.2109809,0.25807917,0.00063486,-0.1019662,4.1309482,0.57215159,288.395,287.709,289.451,-20.55,NaN,NaN,NaN,-0.0416967924787883,445.25455600857,50.4438164946254,11.4430318,288.395,287.709,289.451,0.242752018444892+0i,0.00063486,20.8654835081104,514.722311777147,25.2833698731229,20.9358076753626,9.9e+37,-9.9e+37,-9.9e+37,651.513
20260514190534.4,1112.22599297762,9.7880067,0.66433978,2.0026401,2.7307985,-0.000416743,-0.000723501,0.002399731,1.2109372,0.35512881,0.000640087,0.11849106,4.1313854,0.75623986,288.404,287.734,289.47,-20.59,NaN,NaN,NaN,-0.0493013784195284,445.391052513382,64.0431817315836,15.1247972,288.404,287.734,289.47,0.288673628338035+0i,0.000640087,20.870337485318,514.310645040208,26.404416244904,20.9353057920308,9.9e+37,877.103,355.841,225.474
20260514190536.4,1114.3009968102,9.7882908,0.56779977,2.0030554,2.7307547,-0.000415109,-0.000720343,0.002348659,1.2109918,0.11430523,0.000639325,-0.056477975,4.1311122,0.62711464,288.436,287.728,289.462,-20.61,NaN,NaN,NaN,-0.0230269645992962,445.362267983239,54.3945854485604,12.5422928,288.436,287.728,289.462,0.260400286065252+0i,0.000639325,20.8673043046841,513.623699634191,26.3907145670269,20.9355123549455,-9.9e+37,-9.9e+37,493.904,608.921
20260514190538.5,1116.3749948144,9.7879957,0.62128421,2.0028587,2.7305908,-0.000415218,-0.000724481,0.002374031,1.21097,0.39674616,0.000636712,0.11439006,4.1309482,0.61443784,288.402,287.722,289.446,-20.64,NaN,NaN,NaN,-0.0354714076487426,445.25455600857,59.7400351640056,12.2887568,288.402,287.722,289.446,0.273533040594199+0i,0.000636712,20.8654835081104,514.035366371131,26.4179933620735,20.9354827691113,115.322,449.882,109.644,-9.9e+37
20260514190540.6,1118.42599958181,9.7880176,0.44299687,2.0028368,2.7299569,-0.000413912,-0.000721868,0.002398968,1.2109153,0.43124433,0.000636929,-0.039697635,4.1309263,0.63422401,288.391,287.757,289.424,-20.67,NaN,NaN,NaN,-0.0368569353700678,444.83796893876,41.9212824413356,12.6844802,288.391,287.757,289.424,0.187064347066276+0i,0.000636929,20.8652403651533,513.074393562709,26.4453967178283,20.9371064934814,-9.9e+37,214.499,-9.9e+37,-9.9e+37
20260514190542.6,1120.48000171781,9.7880395,0.40753406,2.0028915,2.7299897,-0.000415327,-0.000719908,0.00240768,1.2109481,0.34022043,0.000635949,-0.10218551,4.1309482,0.60431014,288.383,287.735,289.383,-20.64,NaN,NaN,NaN,-0.0333962793720701,444.859524477314,38.3769867990257,12.0862028,288.383,287.735,289.383,0.174022527288991+0i,0.000635949,20.8654835081104,514.584672442613,25.297071551,20.9373130563961,1000.097,234.085,-9.9e+37,206.315
20260514190544.7,1122.52300009131,9.7886515,0.58822214,2.0026729,2.7297274,-0.000414674,-0.000722957,0.002382199,1.2109591,0.40531013,0.000638127,0.11267779,4.1315165,0.75093322,288.402,287.76,289.37,-20.76,NaN,NaN,NaN,-0.047226250142856,444.687145886982,56.4356791181439,15.0186644,288.402,287.76,289.37,0.274486700798458+0i,0.000638127,20.8717930123352,513.486060299648,25.2697927559529,20.9352468893246,9.9e+37,962.755,283.77,-9.9e+37
20260514190546.7,1124.58599433303,9.7886515,0.77368644,2.0027713,2.729323,-0.000413912,-0.00072361,0.002409749,1.2110246,0.22404699,0.000638781,0.10311133,4.1309482,0.74114816,288.4,287.757,289.386,-20.82,NaN,NaN,NaN,-0.0410008653128102,444.421381868948,74.9717260443198,14.8229632,288.4,287.757,289.386,0.250450257276235+0i,0.000638781,20.8654835081104,514.035366371131,26.4316950399507,20.9370769076473,-9.9e+37,795.552,732.248,119.928
20260514190548.8,1126.63999646902,9.7884985,0.41869188,2.002651,2.7287656,-0.000412605,-0.000721868,0.002403106,1.2108935,0.43404442,0.000639761,0.01580031,4.1309919,0.66755345,288.387,287.755,289.389,-20.64,NaN,NaN,NaN,-0.0486117778641528,444.05506914973,39.4921441371971,13.351069,288.387,287.755,289.389,0.219857615564229+0i,0.000639761,20.8659686837828,513.486060299648,25.3244749067544,20.9356304293199,-9.9e+37,356.862,379.788,-9.9e+37
20260514190550.8,1128.70699390769,9.788105,0.54586605,2.0030554,2.7288421,-0.000415327,-0.000722303,0.002385465,1.2109044,0.41273159,0.000637474,0.098851019,4.1310356,0.72439778,288.409,287.753,289.432,-20.64,NaN,NaN,NaN,-0.0230269645992962,444.105343500322,52.202441390725,14.4879556,288.409,287.753,289.432,0.202871000625085+0i,0.000637474,20.8664538594552,514.173005705669,26.4316950399507,20.937283470562,-9.9e+37,700.498,594.582,-9.9e+37
20260514190552.9,1130.75799867511,9.7879739,0.53796007,2.0026729,2.7291153,-0.000414565,-0.000722521,0.002381763,1.2110137,0.20883523,0.000634316,0.031814058,4.1315493,0.72526749,288.409,287.747,289.465,-20.71,NaN,NaN,NaN,-0.047226250142856,444.284885364137,51.4122860008338,14.5053498,288.409,287.747,289.465,0.203053062985042+0i,0.000634316,20.8721571716499,513.074393562709,25.3791570575559,20.937283470562,-9.9e+37,540.15,837.108,-9.9e+37
20260514190555,1132.90199227631,9.7880832,0.63923166,2.0029898,2.7281426,-0.000414674,-0.000721106,0.002384159,1.2108935,0.20835945,0.000637474,-0.0072283,4.1310575,0.69823555,288.406,287.755,289.492,-20.77,NaN,NaN,NaN,-0.0271772211526553,443.645645353402,61.5337753900502,13.964711,288.406,287.755,289.492,0.293202627328948+0i,0.000637474,20.8666970024123,514.85995111169,25.297071551,20.9350107405757,-9.9e+37,291.246,798.582,279.418
20260514190557.2,1135.08199453354,9.7878755,0.62161922,2.0026401,2.728394,-0.00041206,-0.000720234,0.002387099,1.2109372,0.43012691,0.000632574,-0.001184675,4.1310684,0.76528505,288.385,287.761,289.495,-20.73,NaN,NaN,NaN,-0.0493013784195284,443.810860670251,59.7735174087327,15.305701,288.385,287.761,289.495,0.264811023253478+0i,0.000632574,20.8668180187699,513.212032897248,26.404416244904,20.9357780895285,-9.9e+37,-9.9e+37,738.263,100.012
20260514190559.3,1137.13699243963,9.7880067,0.43181067,2.0028478,2.7280879,-0.000415436,-0.000722195,0.002392544,1.2109918,0.44980941,0.000633554,0.082516265,4.1309482,0.70316792,288.387,287.788,289.451,-20.81,NaN,NaN,NaN,-0.036161008204104,443.609697549776,40.8032886919963,14.0633584,288.387,287.788,289.451,0.220579858350586+0i,0.000633554,20.8654835081104,514.173005705669,26.404416244904,20.9356896009882,-9.9e+37,-9.9e+37,303.98,-9.9e+37
20260514190601.3,1139.17599767447,9.7881269,0.64012975,2.0029024,2.728547,-0.00041304,-0.000720561,0.002401364,1.2109809,0.37839603,0.000632138,0.11031182,4.1314182,0.75804693,288.404,287.804,289.427,-20.83,NaN,NaN,NaN,-0.032706678816723,443.911409371435,61.6235341111837,15.1609386,288.404,287.804,289.427,0.271960118063573+0i,0.000632138,20.8707016446327,514.173005705669,26.4179933620735,20.9356600151541,-9.9e+37,500.369,561.934,-9.9e+37
20260514190603.4,1141.22999981046,9.7880722,0.53009994,2.0027822,2.7286016,-0.000412387,-0.000720561,0.00238503,1.2109372,0.40829465,0.000632574,0.083439371,4.1315821,0.73149295,288.406,287.791,289.429,-20.88,NaN,NaN,NaN,-0.0403112647574631,443.947291456957,50.6267130440661,14.629859,288.406,287.791,289.429,0.241235640414063+0i,0.000632574,20.8725213309647,514.44703310807,26.4453967178283,20.9358369922347,-9.9e+37,479.425,568.788,-9.9e+37
20260514190605.4,1143.29299405217,9.787952,0.66708204,2.0027822,2.728077,-0.000415,-0.00072263,0.002389603,1.2110028,0.13069115,0.000633554,0.03483101,4.1309373,0.71512125,288.409,287.793,289.413,-20.87,NaN,NaN,NaN,-0.0403112647574631,443.602534276292,64.3172542083016,14.302425,288.409,287.793,289.413,0.291139507480413+0i,0.000633554,20.8653624917527,514.44703310807,26.3770128891492,20.9352468893246,-9.9e+37,398.398,864.478,236.64
20260514190607.5,1145.35099938512,9.7881488,0.5988038,2.0029461,2.7284814,-0.000416307,-0.000722086,0.002388623,1.2109044,0.11109156,0.000632465,-0.10566122,4.1313963,0.59021691,288.398,287.799,289.383,-20.93,NaN,NaN,NaN,-0.0299419499846891,443.868298294326,57.4932527121824,11.8043382,288.398,287.799,289.383,0.252917833278647+0i,0.000632465,20.8704585016756,514.035366371131,26.4179933620735,20.9359846524432,-9.9e+37,-9.9e+37,538.994,624.905
20260514190609.6,1147.43299372494,9.7880285,0.67160737,2.0027166,2.7285798,-0.000415654,-0.000721541,0.002454287,1.2109918,0.12311581,0.00063094,-0.055394031,4.1315821,0.62116527,288.398,287.791,289.427,-21.03,NaN,NaN,NaN,-0.0444615213108221,443.93296490999,64.7695338612399,12.4233054,288.398,287.791,289.427,0.250289437543066+0i,0.00063094,20.8725213309647,513.897727036587,27.2382256240935,20.9365161216093,1032.09,-9.9e+37,362.717,770.045
20260514190611.6,1149.48800168931,9.7884876,0.36064282,2.0026947,2.7280989,-0.000412931,-0.000726659,0.00242445,1.2109153,0.17699312,0.000635405,-0.11247967,4.1310138,0.56720614,288.409,287.807,289.448,-21.05,NaN,NaN,NaN,-0.045847049032119,443.616926541364,33.6904879684336,11.3441228,288.409,287.807,289.448,0.16068802212546+0i,0.000635405,20.8662118267399,514.173005705669,27.5937218846561,20.9373426422303,1285.716,-9.9e+37,-9.9e+37,824.887
20260514190613.7,1151.53899639845,9.7883236,0.6585879,2.0027385,2.728077,-0.000414892,-0.000721432,0.002473453,1.2109481,0.132041,0.000638127,0.050102634,4.1309591,0.65505887,288.428,287.793,289.446,-21.15,NaN,NaN,NaN,-0.0430759935894969,443.602534276292,63.4683157460881,13.1011774,288.428,287.793,289.446,0.238202701409417+0i,0.000638127,20.865604524468,513.486060299648,27.5116363780999,20.9368111730643,9.9e+37,-9.9e+37,232.059,843.805
20260514190615.7,1153.59000116587,9.7878646,0.51295235,2.0026401,2.7283175,-0.000415545,-0.000722848,0.002420421,1.2109372,0.44733014,0.00061319,0.10710997,4.1313635,0.70659438,288.39,287.799,289.478,-21.15,NaN,NaN,NaN,-0.0493013784195284,443.760586319658,48.9129140384848,14.1318876,288.39,287.799,289.478,0.197163821276274+0i,0.00061319,20.8700943423609,513.897727036587,28.3455703179975,20.9371949820217,481.52,287.814,-9.9e+37,73.756
20260514190617.9,1155.73399476707,9.7880504,0.52887994,2.0026838,2.7285251,-0.000415218,-0.000723392,0.002406482,1.2109481,0.24684277,0.000636058,-0.00718356,4.1312214,0.75587648,288.401,287.783,289.481,-21.2,NaN,NaN,NaN,-0.0465366495874946,443.897017106364,50.5047813448122,15.1175296,288.401,287.783,289.481,0.207304178560288+0i,0.000636058,20.8685166887442,513.486060299648,27.5527414117323,20.936988419107,581.845,497.269,606.802,220.873
20260514190620.1,1157.92599655688,9.7887389,0.52327102,2.0026947,2.7285361,-0.000412823,-0.000723501,0.002397771,1.2109481,0.15792716,0.000634969,-0.000835881,4.1309919,0.55678489,288.404,287.802,289.524,-21.25,NaN,NaN,NaN,-0.045847049032119,443.904246097952,49.9442033558129,11.1356978,288.404,287.802,289.524,0.208680605739026+0i,0.000634969,20.8659686837828,513.761338968726,28.3318686401203,20.9368703447326,-9.9e+37,-9.9e+37,-9.9e+37,415.551
20260514190622.1,1159.98400188982,9.7887608,0.50128273,2.0026947,2.7291809,-0.000414674,-0.000725461,0.002473017,1.2109918,0.44161428,0.000637038,0.08100926,4.131593,0.70249025,288.385,287.81,289.541,-21.23,NaN,NaN,NaN,-0.045847049032119,444.327996441247,47.7466053530363,14.049805,288.385,287.81,289.541,0.258375176802414+0i,0.000637038,20.8726423473223,513.897727036587,28.3182915229509,20.9349219830733,766.284,641.909,144.674,-9.9e+37
20260514190624.2,1162.06199303269,9.7887062,0.56591957,2.0028368,2.7287,-0.000415436,-0.000725461,0.002423143,1.2110465,0.23387678,0.000632247,0.10341765,4.1302487,0.74014968,288.423,287.815,289.516,-21.21,NaN,NaN,NaN,-0.0368569353700678,444.01195807262,54.2066707100873,14.8029936,288.423,287.815,289.516,0.20711104593546+0i,0.000632247,20.8577173666266,513.074393562709,27.5527414117323,20.9372538847279,258.289,799.495,686.373,-9.9e+37
20260514190626.2,1164.10500146449,9.7880832,0.55500945,2.0029789,2.7287546,-0.000414456,-0.000720779,0.002450367,1.2109372,0.37813304,0.000633227,0.10649144,4.1309154,0.74202769,288.412,287.815,289.486,-21.27,NaN,NaN,NaN,-0.0278668217080025,444.047840158141,53.1162695046251,14.8405538,288.412,287.815,289.486,0.20499054977966+0i,0.000633227,20.8651193487956,514.584672442613,27.5116363780999,20.9372245678559,-9.9e+37,519.792,586.295,-9.9e+37
20260514190628.3,1166.18299260736,9.7881378,0.59279657,2.0029789,2.7290935,-0.000413912,-0.000724917,0.002410185,1.2109918,0.37383033,0.000637256,0.10486727,4.131451,0.75110564,288.385,287.826,289.484,-21.36,NaN,NaN,NaN,-0.0278668217080025,444.270558817171,56.892866022257,15.0221128,288.385,287.826,289.484,0.263713004711392+0i,0.000637256,20.8710658039475,514.173005705669,27.5527414117323,20.9355419407796,-9.9e+37,521.476,665.272,-9.9e+37
20260514190630.5,1168.36699806154,9.788116,0.447149,2.0030663,2.7288749,-0.000417723,-0.000721541,0.002406047,1.2109918,0.27493432,0.000634316,-0.00750874,4.1309482,0.73878892,288.387,287.823,289.446,-21.38,NaN,NaN,NaN,-0.0223373640439348,444.126899038877,42.336262987584,14.7757784,288.387,287.823,289.446,0.220122430688964+0i,0.000634316,20.8654835081104,514.85995111169,27.5527414117323,20.9358076753626,-9.9e+37,240.056,854.028,112.057
20260514190632.6,1170.44499926269,9.7886734,0.53375555,2.0027275,2.7285907,-0.00041402,-0.000720017,0.002442091,1.2108607,0.22104721,0.000635732,-0.15869428,4.131593,0.59491683,288.401,287.818,289.408,-21.38,NaN,NaN,NaN,-0.0437719207554323,443.940128183473,50.9920693875985,11.8983366,288.401,287.818,289.408,0.25481657251015+0i,0.000635732,20.8726423473223,514.310645040208,27.5253380559775,20.935364963699,-9.9e+37,-9.9e+37,372.605,513.042
20260514190634.6,1172.49599397182,9.7882471,0.75702882,2.0029352,2.7285251,-0.00041805,-0.000724372,0.002413452,1.2109809,0.27215822,0.000636385,0.17751255,4.1308826,0.77013995,288.406,287.834,289.413,-21.46,NaN,NaN,NaN,-0.0306315505400363,443.897017106364,73.3068966081512,15.402799,288.406,287.834,289.413,0.327250899611003+0i,0.000636385,20.8647551894809,513.761338968726,27.5390397338547,20.9347450059927,1364.879,528.15,486.672,309.528
20260514190636.8,1174.70299266279,9.7881488,0.56512516,2.0029789,2.7278366,-0.000416525,-0.000722412,0.002423797,1.2108826,0.43314197,0.000621031,-0.000776533,4.1303362,0.74993257,288.398,287.829,289.394,-21.46,NaN,NaN,NaN,-0.0278668217080025,443.444547951032,54.12727418451,14.9986514,288.398,287.829,289.394,0.274159138642712+0i,0.000621031,20.8586888282132,513.897727036587,27.4843575830532,20.9349811547416,-9.9e+37,-9.9e+37,617.61,130.115
20260514190638.9,1176.78499706089,9.7888592,0.7447907,2.0029789,2.7278366,-0.000415327,-0.000723501,0.002407571,1.2109153,0.1851468,0.000634316,-0.11812544,4.1313526,0.56904813,288.398,287.815,289.38,-21.49,NaN,NaN,NaN,-0.0278668217080025,443.444547951032,72.0837697497306,11.3809626,288.398,287.815,289.38,0.296807158027487+0i,0.000634316,20.8699733260032,514.44703310807,27.5253380559775,20.9355419407796,548.633,-9.9e+37,76.531,568.228
20260514190641,1178.86299826205,9.7878537,0.58177624,2.0027275,2.7268201,-0.000415,-0.000722412,0.002414323,1.2109591,0.45185328,0.000633336,0.098485784,4.1309482,0.7252664,288.395,287.81,289.413,-21.5,NaN,NaN,NaN,-0.0437719207554323,442.776523410153,55.7914499868154,14.505328,288.395,287.81,289.413,0.254683537040994+0i,0.000633336,20.8654835081104,514.584672442613,27.5390397338547,20.9357485036944,9.9e+37,488.033,-9.9e+37,-9.9e+37
20260514190643,1180.9019934386,9.7879083,0.7489079,2.0027385,2.7268201,-0.000413694,-0.00072361,0.002435993,1.2108607,0.38030022,0.000635732,-0.029282765,4.1309591,0.62847432,288.387,287.802,289.391,-21.62,NaN,NaN,NaN,-0.0430759935894969,442.776523410153,72.4952592515078,12.5694864,288.387,287.802,289.391,0.285760757749019+0i,0.000635732,20.865604524468,513.897727036587,27.5663185289013,20.9358961639029,365.637,-9.9e+37,-9.9e+37,-9.9e+37
20260514190645.1,1182.97199830413,9.788105,0.40951792,2.0030663,2.726995,-0.000415109,-0.00072263,0.002410402,1.2109809,0.42832964,0.000634534,-0.034874328,4.1310903,0.64812409,288.401,287.791,289.438,-21.62,NaN,NaN,NaN,-0.0223373640439348,442.89146437641,38.5752617341747,12.9624818,288.401,287.791,289.438,0.215676637664256+0i,0.000634534,20.867061161727,512.936754228166,27.5116363780999,20.9356304293199,1625.021,494.429,-9.9e+37,-9.9e+37
20260514190647.2,1185.04699207842,9.7881597,0.52586488,2.002968,2.7272245,-0.000417614,-0.000724046,0.002398968,1.2108826,0.3333206,0.000623862,-0.096611725,4.1313745,0.52858095,288.387,287.807,289.454,-21.62,NaN,NaN,NaN,-0.0285564222633639,443.042287428187,50.2034441405889,10.571619,288.387,287.807,289.454,0.251277726420228+0i,0.000623862,20.8702164689603,513.074393562709,25.6251644558079,20.9355123549455,9.9e+37,338.347,-9.9e+37,301.746
20260514190649.2,1187.11699694395,9.7881378,0.48539661,2.0030336,2.7270606,-0.000414783,-0.000722848,0.002439804,1.2110137,0.12035282,0.000636929,0.04139088,4.1311668,0.65915534,288.409,287.799,289.489,-21.64,NaN,NaN,NaN,-0.0244061657100048,442.934575453519,46.1588827250434,13.1831068,288.409,287.799,289.489,0.245081700442622+0i,0.000636929,20.8679104967142,513.074393562709,25.4611180034035,20.935364963699,9.9e+37,577.305,333.808,699.634
20260514190651.3,1189.18700180948,9.7882362,0.67798124,2.0030336,2.7269403,-0.000416198,-0.000720561,0.002416936,1.2109044,0.3277466,0.000633336,0.11878322,4.1310029,0.74073567,288.386,287.79,289.527,-21.67,NaN,NaN,NaN,-0.0244061657100048,442.855516572784,65.4065640251115,14.8147134,288.386,287.79,289.527,0.234599821125496+0i,0.000633336,20.8660908103822,513.212032897248,26.3223307383478,20.9370769076473,899.624,722.474,339.376,209.851
20260514190653.4,1191.28499887884,9.788105,0.50459135,2.0028368,2.7279787,-0.000413476,-0.000719145,0.002394286,1.2109591,0.28150025,0.000632682,0.11776527,4.1313417,0.72321053,288.392,287.782,289.52,-21.69,NaN,NaN,NaN,-0.0368569353700678,443.537933378734,48.0772821225325,14.4642106,288.392,287.782,289.52,0.231950605266416+0i,0.000632682,20.8698523096456,514.173005705669,26.4316950399507,20.9359550666091,-9.9e+37,561.335,629.143,-9.9e+37
20260514190655.5,1193.36300007999,9.7877116,0.46900197,2.0026401,2.7275633,-0.000415763,-0.00072459,0.002434251,1.2109372,0.16975173,0.000635949,0.001784034,4.1311449,0.71238226,288.403,287.798,289.525,-21.77,NaN,NaN,NaN,-0.0493013784195284,443.264940369112,44.5203365661451,14.2476452,288.403,287.798,289.525,0.257691409489424+0i,0.000635949,20.8676673537571,513.761338968726,26.4453967178283,20.9346858343244,-9.9e+37,183.642,756.036,330.703
20260514190657.6,1195.41799798608,9.7888264,0.6359667,2.0028259,2.7279896,-0.000415109,-0.00071969,0.002376536,1.2109481,0.34986036,0.00064085,-0.10726012,4.1315603,0.56918235,288.375,287.809,289.487,-21.76,NaN,NaN,NaN,-0.0375465359254292,443.545096652217,61.207462176283,11.383647,288.375,287.809,289.487,0.274320531702197+0i,0.00064085,20.8722792982494,513.623699634191,26.4179933620735,20.9355715266138,-9.9e+37,-9.9e+37,-9.9e+37,220.842
20260514190659.6,1197.49199599028,9.7888373,0.40858273,2.0028587,2.7286016,-0.000415872,-0.000724917,0.002445031,1.21097,0.152483,0.000638454,-0.10946209,4.1315165,0.58672715,288.424,287.811,289.495,-21.84,NaN,NaN,NaN,-0.0354714076487426,443.947291456957,38.4817950900557,11.734543,288.424,287.811,289.495,0.221922967076207+0i,0.000638454,20.8717930123352,525.021487800736,26.3770128891492,20.9351581318222,9.9e+37,-9.9e+37,273.376,666.679
20260514190701.7,1199.55099709332,9.7885313,0.51844342,2.0027166,2.728077,-0.000414783,-0.000721759,0.002432726,1.2108826,0.41859367,0.00063486,-0.026866919,4.1309591,0.61560218,288.381,287.803,289.506,-21.89,NaN,NaN,NaN,-0.0444615213108221,443.602534276292,49.4617136252243,12.3120436,288.381,287.803,289.506,0.242454999358863+0i,0.00063486,20.865604524468,524.747460398332,26.4316950399507,20.9354827691113,1595.166,211.271,-9.9e+37,289.14
20260514190703.8,1201.62100195885,9.7879411,0.48407841,2.0026729,2.7284049,-0.000414892,-0.000721214,0.002407898,1.2110356,0.17175741,0.000639216,-0.002235409,4.1314728,0.74311237,288.406,287.818,289.514,-22.01,NaN,NaN,NaN,-0.047226250142856,443.818023943734,46.0271365234397,14.8622474,288.406,287.818,289.514,0.236495149091734+0i,0.000639216,20.8713078366628,513.074393562709,26.404416244904,20.9356304293199,9.9e+37,718.723,520.312,489.951
20260514190705.9,1203.76199819148,9.788116,0.64174259,2.0030773,2.7282847,-0.000416307,-0.000723066,0.002415629,1.2109481,0.29329426,0.000636494,-0.00677217,4.1309373,0.72336112,288.395,287.823,289.538,-21.98,NaN,NaN,NaN,-0.0216414368779709,443.739030781104,61.7847278175974,14.4672224,288.395,287.823,289.538,0.274985278183559+0i,0.000636494,20.8653624917527,512.936754228166,26.4590983957055,20.9356008434858,-9.9e+37,243.658,555.351,377.816
20260514190708,1205.83599619567,9.787952,0.57091741,2.0027713,2.7280552,-0.000416307,-0.000721323,0.002369131,1.2110684,0.32935289,0.000635078,0.17031371,4.1309591,0.7113685,288.412,287.818,289.549,-22.05,NaN,NaN,NaN,-0.0410008653128102,443.588207729326,54.7061749099227,14.22737,288.412,287.818,289.549,0.249761800956829+0i,0.000635078,20.865604524468,514.722311777147,26.3907145670269,20.9358665780688,-9.9e+37,368.927,413.901,-9.9e+37
20260514190710.2,1208.04299488664,9.7881378,0.54253668,2.0030226,2.729017,-0.000414674,-0.000723392,0.002419659,1.2109591,0.19830703,0.000635732,-0.000532281,4.1310029,0.56726725,288.425,287.815,289.552,-22.1,NaN,NaN,NaN,-0.0251020928759687,444.220284466579,51.8696907829013,11.345345,288.425,287.815,289.552,0.234757458809853+0i,0.000635732,20.8660908103822,513.486060299648,25.3517537018015,20.9362208011921,-9.9e+37,-9.9e+37,98.438,339.439
20260514190712.2,1210.10499335825,9.7881378,0.54685798,2.0029243,2.7291263,-0.000417396,-0.000721214,0.002402235,1.2109809,0.43831549,0.000638127,-0.044992019,4.1314291,0.70027833,288.393,287.81,289.565,-22.12,NaN,NaN,NaN,-0.0313211510953977,444.292114355726,52.3015788582995,14.0055666,288.393,287.81,289.565,0.251885039534892+0i,0.000638127,20.8708226609904,515.271617848629,25.3107732288772,20.9356304293199,1362.866,582.724,-9.9e+37,-9.9e+37
20260514190714.3,1212.16799765825,9.7873509,0.47845311,2.0029571,2.7287546,-0.000416634,-0.000720997,0.002374031,1.21097,0.13229089,0.000636167,-0.11011633,4.1309701,0.63762973,288.406,287.815,289.568,-22.14,NaN,NaN,NaN,-0.029246022818711,444.047840158141,45.4649214514619,12.7525946,288.406,287.815,289.568,0.206704300311901+0i,0.000636167,20.8657266510675,513.897727036587,25.2697927559529,20.9366930986898,1229.406,154.394,400.122,537.802
20260514190716.3,1214.21499922872,9.7879083,0.44782883,2.002651,2.7295853,-0.000414456,-0.000720779,0.002403978,1.2109591,0.41168074,0.000634098,-0.012347773,4.1315056,0.60000415,288.395,287.821,289.571,-22.16,NaN,NaN,NaN,-0.0486117778641528,444.59376045928,42.404207927833,12.000083,288.395,287.821,289.571,0.203780777475315+0i,0.000634098,20.8716719959775,526.120099943692,25.2697927559529,20.9362799728604,1067.999,187.938,-9.9e+37,232.954
20260514190718.4,1216.26900136471,9.7881269,0.7153384,2.0029024,2.7298148,-0.000414347,-0.000723501,0.002411818,1.2109809,0.13446789,0.000642919,0.029986465,4.1314619,0.70640123,288.425,287.832,289.56,-22.21,NaN,NaN,NaN,-0.032706678816723,444.744583511058,69.1401886137179,14.1280246,288.425,287.832,289.56,0.273643336071148+0i,0.000642919,20.8711868203051,513.486060299648,26.4453967178283,20.9361027268177,9.9e+37,606.453,474.976,601.845
20260514190720.5,1218.35900209844,9.788116,0.57275831,2.0030554,2.7295306,-0.000415654,-0.000723828,0.002428697,1.2110028,0.43362321,0.00063486,0.080859964,4.1311122,0.69197518,288.398,287.818,289.56,-22.25,NaN,NaN,NaN,-0.0230269645992962,444.557812655654,54.8901618485755,13.8395036,288.398,287.818,289.56,0.258388979828673+0i,0.00063486,20.8673043046841,514.310645040208,26.4179933620735,20.9356008434858,-9.9e+37,459.59,-9.9e+37,-9.9e+37
20260514190722.5,1220.40999680758,9.7873837,0.51777341,2.0030226,2.7300662,-0.000417396,-0.000722412,0.002379258,1.2110137,0.32676886,0.000637365,-0.11805814,4.1310356,0.60016456,288.39,287.821,289.592,-22.3,NaN,NaN,NaN,-0.0251020928759687,444.909798827907,49.3947501352103,12.0032912,288.39,287.821,289.592,0.247156585859668+0i,0.000637365,20.8664538594552,512.387448156693,26.404416244904,20.9355715266138,-9.9e+37,-9.9e+37,-9.9e+37,195.925
20260514190724.6,1222.4800016731,9.7880941,0.45701479,2.0030336,2.7300662,-0.000415763,-0.000719908,0.002389821,1.2110137,0.1419832,0.000624515,-0.096168852,4.1310138,0.63321353,288.417,287.813,289.633,-22.32,NaN,NaN,NaN,-0.0244061657100048,444.909798827907,43.3222896590448,12.6642706,288.417,287.813,289.633,0.217046617229738+0i,0.000624515,20.8662118267399,512.799114893632,26.4316950399507,20.9361027268177,9.9e+37,283.327,266.38,666.101
20260514190726.7,1224.57399554551,9.787799,0.51039887,2.0026292,2.7301427,-0.000415,-0.000720888,0.002403215,1.2110356,0.42584164,0.000636494,-0.042123171,4.131298,0.62441058,288.401,287.818,289.633,-22.35,NaN,NaN,NaN,-0.0499909789748756,444.960073178499,48.6577089930661,12.4882116,288.401,287.818,289.633,0.267247917944903+0i,0.000636494,20.8693671339732,513.212032897248,26.4590983957055,20.9347745918269,1363.506,382.597,-9.9e+37,230.826
20260514190728.9,1226.72999873757,9.7881378,0.52015119,2.0029571,2.7303504,-0.000417614,-0.000724481,0.002420639,1.2110684,0.24483709,0.000634098,0.00514514,4.1302378,0.61586299,288.412,287.818,289.614,-22.36,NaN,NaN,NaN,-0.029246022818711,445.09656968331,49.6323950170561,12.3172598,288.412,287.818,289.614,0.242774707985563+0i,0.000634098,20.857596350269,513.623699634191,26.4316950399507,20.9357189178602,9.9e+37,604.453,-9.9e+37,248.938
20260514190730.9,1228.80499251187,9.788105,0.45878477,2.0030226,2.7300662,-0.000412496,-0.000726115,0.002433488,1.2110028,0.33648407,0.000636712,-0.11354901,4.1309701,0.61060108,288.393,287.834,289.582,-22.38,NaN,NaN,NaN,-0.0251020928759687,444.909798827907,43.4991885680984,12.2120216,288.393,287.834,289.582,0.199690679206799+0i,0.000636712,20.8657266510675,515.133978514095,26.3770128891492,20.936722684524,1360.553,372.297,-9.9e+37,291.706
20260514190733,1230.88699690998,9.7877116,0.55692348,2.0026292,2.7300662,-0.000415763,-0.00072459,0.002373814,1.2110902,0.33835116,0.000630396,0.17218626,4.1311996,0.76990206,288.401,287.818,289.579,-22.39,NaN,NaN,NaN,-0.0499909789748756,444.909798827907,53.3075653491521,15.3980412,288.401,287.818,289.579,0.248750345003829+0i,0.000630396,20.8682746560289,513.897727036587,26.404416244904,20.9358076753626,9.9e+37,1125.567,375.694,-9.9e+37
20260514190735.2,1233.0579970032,9.7881269,0.54883419,2.0029352,2.7303613,-0.000417941,-0.000724155,0.002452545,1.2110028,0.10878252,0.000624733,-0.003900965,4.1309263,0.63890975,288.413,287.817,289.56,-22.42,NaN,NaN,NaN,-0.0306315505400363,445.103732956793,52.4990892217279,12.778195,288.413,287.817,289.56,0.232928477982023+0i,0.000624733,20.8652403651533,514.035366371131,25.6251644558079,20.9363092897324,-9.9e+37,797.996,510.436,190.921
20260514190737.3,1235.14000140131,9.7881488,0.54087692,2.0030008,2.7300334,-0.000415218,-0.000721541,0.002388732,1.2110793,0.45082971,0.000637692,0.005712005,4.1309919,0.65513635,288.381,287.814,289.565,-22.49,NaN,NaN,NaN,-0.0264812939866772,444.888243289352,51.7038077032671,13.102727,288.381,287.814,289.565,0.25848241013654+0i,0.000637692,20.8659686837828,514.85995111169,25.2697927559529,20.935364963699,-9.9e+37,421.324,335.979,-9.9e+37
20260514190739.3,1237.20299564302,9.7887499,0.53126755,2.0027275,2.7304706,-0.000416089,-0.000721868,0.0024422,1.2109918,0.40783633,0.000630505,0.10813936,4.131604,0.72916536,288.397,287.814,289.574,-22.53,NaN,NaN,NaN,-0.0437719207554323,445.17556284594,50.7434086763332,14.5833072,288.397,287.814,289.574,0.261978767726442+0i,0.000630505,20.8727644739218,512.936754228166,26.4453967178283,20.9351581318222,-9.9e+37,783.485,534.478,-9.9e+37
20260514190741.4,1239.26199674606,9.7881597,0.5158583,2.0028805,2.7299788,-0.000416416,-0.000721868,0.002413016,1.2110793,0.11207803,0.000639325,0.061509773,4.1309263,0.68260698,288.4,287.817,289.522,-22.52,NaN,NaN,NaN,-0.0340922065380482,444.852361203831,49.2033463511462,13.6521396,288.4,287.817,289.522,0.196221165528694+0i,0.000639325,20.8652403651533,514.035366371131,26.404416244904,20.9373130563961,-9.9e+37,294.415,775.833,420.814
20260514190743.5,1241.32399521768,9.788105,0.52990242,2.002815,2.7304815,-0.000415545,-0.000721106,0.002412363,1.2110356,0.15427698,0.000637147,-0.11520869,4.1315712,0.54410259,288.404,287.804,289.527,-22.46,NaN,NaN,NaN,-0.0382361364807764,445.182726119423,50.6069721020689,10.8820518,288.404,287.804,289.527,0.237570234259458+0i,0.000637147,20.872400314607,513.623699634191,26.404416244904,20.9359846524432,-9.9e+37,-9.9e+37,251.356,682.368
20260514190745.6,1243.47200207412,9.7881378,0.47716219,2.0030336,2.7302192,-0.000415545,-0.00072067,0.002453525,1.2110028,0.29057928,0.00063682,0.00556199,4.1302378,0.56514152,288.404,287.813,289.527,-22.47,NaN,NaN,NaN,-0.0244061657100048,445.010347529092,45.3359017226087,11.3028304,288.404,287.813,289.527,0.241888918388294+0i,0.00063682,20.857596350269,513.348420965114,26.404416244904,20.935364963699,1458.724,-9.9e+37,-9.9e+37,418.45
20260514190747.7,1245.52299678326,9.7880067,0.41322374,2.002815,2.7299569,-0.000415654,-0.000721214,0.002406809,1.2110356,0.24746259,0.000638454,-0.17312249,4.1302269,0.60082039,288.401,287.799,289.522,-22.57,NaN,NaN,NaN,-0.0382361364807764,444.83796893876,38.9456362667396,12.0164078,288.401,287.799,289.522,0.177800220068043+0i,0.000638454,20.8574753339113,513.623699634191,26.4179933620735,20.9371949820217,9.9e+37,-9.9e+37,-9.9e+37,541.375
20260514190749.7,1247.61299751699,9.7884766,0.62722595,2.0029789,2.7300006,-0.00041805,-0.000722195,0.002370982,1.2110574,0.17879694,0.000639652,-0.13753533,4.1302487,0.61498018,288.414,287.818,289.508,-22.59,NaN,NaN,NaN,-0.0278668217080025,444.866687750797,60.3338765203375,12.2996036,288.414,287.818,289.508,0.247119194971639+0i,0.000639652,20.8577173666266,513.897727036587,26.3907145670269,20.9363684614007,9.9e+37,190.016,-9.9e+37,772.873
20260514190751.9,1249.79299977422,9.7877116,0.60140965,2.0026401,2.7300771,-0.000417505,-0.000721868,0.00240768,1.2110356,0.45893208,0.000636929,0.002131086,4.130828,0.68246075,288.379,287.826,289.546,-22.64,NaN,NaN,NaN,-0.0493013784195284,444.91696210139,57.7536918257076,13.649215,288.379,287.826,289.546,0.291731290966146+0i,0.000636929,20.8641489974508,513.348420965114,27.5116363780999,20.9347154201586,9.9e+37,-9.9e+37,-9.9e+37,468.951
20260514190754,1251.86699777842,9.7880941,0.50120525,2.0030554,2.7300662,-0.000415872,-0.000723501,0.002425757,1.2110356,0.40445134,0.000635296,0.11245662,4.1303362,0.72812651,288.393,287.818,289.571,-22.65,NaN,NaN,NaN,-0.0230269645992962,444.909798827907,47.7388616906935,14.5625302,288.393,287.818,289.571,0.256566549530006+0i,0.000635296,20.8586888282132,525.708433206753,26.404416244904,20.9348039086989,9.9e+37,740.998,-9.9e+37,-9.9e+37
20260514190756.1,1253.9219956845,9.7877881,0.57518957,2.002662,2.7300006,-0.000418267,-0.000721759,0.002410185,1.2110902,0.13936534,0.000633989,-0.11451786,4.1303362,0.59661806,288.428,287.804,289.546,-22.66,NaN,NaN,NaN,-0.0479158506982031,444.866687750797,55.1331517363854,11.9323612,288.428,287.804,289.546,0.236266239254697+0i,0.000633989,20.8586888282132,518.018148206032,26.4316950399507,20.9362799728604,686.178,-9.9e+37,281.561,529.539
20260514190758.2,1256.08199201524,9.7885641,0.65311757,2.0026292,2.7302083,-0.000412605,-0.000724046,0.002419114,1.2110574,0.2618581,0.000633554,0.00550852,4.1308061,0.59396201,288.409,287.815,289.565,-22.66,NaN,NaN,NaN,-0.0499909789748756,445.003184255608,62.921588998236,11.8792402,288.409,287.815,289.565,0.239914995506749+0i,0.000633554,20.8639058544937,514.035366371131,26.4316950399507,20.9367522703581,1637.927,311.364,-9.9e+37,349.442
20260514190800.4,1258.26500169933,9.7880941,0.54059429,2.0030226,2.7300334,-0.000415763,-0.000724699,0.002399948,1.2111667,0.12725596,0.00062702,-0.000549813,4.1306094,0.56378731,288.412,287.804,289.535,-22.67,NaN,NaN,NaN,-0.0251020928759687,444.888243289352,51.6755605260867,11.2757462,288.412,287.804,289.535,0.251796611283453+0i,0.00062702,20.861722008847,514.035366371131,26.4316950399507,20.9355715266138,9.9e+37,492.691,-9.9e+37,454.198
20260514190802.5,1260.331999138,9.788116,0.53724422,2.0030773,2.730099,-0.000415872,-0.000723719,0.002414976,1.2110574,0.36571485,0.000634751,0.11427267,4.1303689,0.68404304,288.395,287.815,289.579,-22.69,NaN,NaN,NaN,-0.0216414368779709,444.931354366461,51.3407410771363,13.6808608,288.395,287.815,289.579,0.258860530771905+0i,0.000634751,20.8590518772861,514.584672442613,27.5527414117323,20.9352468893246,1487.664,956.482,231.408,-9.9e+37
20260514190804.6,1262.41799667478,9.7881488,0.62668797,2.0029789,2.7303394,-0.000416416,-0.000724264,0.002419223,1.2110902,0.4250134,0.000615259,0.072945328,4.1305985,0.69258407,288.393,287.826,289.582,-22.77,NaN,NaN,NaN,-0.0278668217080025,445.089340691722,60.2801086387271,13.8516814,288.393,287.826,289.582,0.223778195328608+0i,0.000615259,20.8616009924894,525.433154537676,26.2266681146225,20.9368703447326,-9.9e+37,756.995,370.809,-9.9e+37
20260514190806.6,1264.47999514639,9.7877444,0.6512603,2.002651,2.730099,-0.000414456,-0.000724046,0.002424232,1.2110574,0.22826023,0.000638563,0.076724984,4.1305438,0.73997945,288.412,287.821,289.592,-22.81,NaN,NaN,NaN,-0.0486117778641528,444.931354366461,62.7359659760448,14.799589,288.412,287.821,289.592,0.25100361739967+0i,0.000638563,20.8609936902176,524.060514992315,25.3244749067544,20.9362208011921,-9.9e+37,951.52,755.241,-9.9e+37
20260514190808.7,1266.55799634755,9.7878755,0.64680698,2.0027166,2.729946,-0.000418376,-0.000724264,0.002463652,1.211123,0.23401646,0.00063889,0.067800232,4.1309591,0.71593421,288.409,287.823,289.609,-22.89,NaN,NaN,NaN,-0.0444615213108221,444.830805665276,62.290883291683,14.3186842,288.409,287.823,289.609,0.212145763641964+0i,0.00063889,20.865604524468,524.060514992315,25.5704823050064,20.9374015449364,-9.9e+37,450.174,739.503,-9.9e+37
20260514190810.7,1268.61299425364,9.7880722,0.46033431,2.0027822,2.7305034,-0.000415545,-0.000724917,0.002424777,1.2110356,0.12539102,0.000633009,-0.11235728,4.1308936,0.58354185,288.414,287.807,289.636,-22.92,NaN,NaN,NaN,-0.0403112647574631,445.197118384495,43.6540558183131,11.670837,288.414,287.807,289.636,0.190283008479346+0i,0.000633009,20.8648773160803,524.472181729254,25.3244749067544,20.9369292474387,-9.9e+37,-9.9e+37,496.609,566.008
20260514190812.8,1270.68299911916,9.7879083,0.53771236,2.0027385,2.729946,-0.000415654,-0.000723501,0.002400166,1.2110684,0.40587321,0.00063682,-0.004881135,4.1302487,0.58964729,288.387,287.818,289.622,-22.98,NaN,NaN,NaN,-0.0430759935894969,444.830805665276,51.3875288686844,11.7929458,288.387,287.818,289.622,0.196384536168799+0i,0.00063682,20.8577173666266,525.570793872214,25.297071551,20.9372538847279,268.875,-9.9e+37,-9.9e+37,248.547
20260514190814.9,1272.74999655783,9.7877771,0.46320209,2.0026182,2.7295306,-0.00041707,-0.000722412,0.002438389,1.2111777,0.16185668,0.000636167,0.005087163,4.1313307,0.71987573,288.409,287.821,289.625,-23.01,NaN,NaN,NaN,-0.0506869061408253,444.557812655654,43.940673267892,14.3975146,288.409,287.821,289.625,0.197780863658762+0i,0.000636167,20.8697301830461,524.472181729254,26.3770128891492,20.9366341959837,9.9e+37,598.99,543.809,514.446
20260514190816.9,1274.80100132525,9.7881488,0.75306112,2.0029461,2.7297602,-0.000416852,-0.000723175,0.002440566,1.2111667,0.37423736,0.000634316,-0.036230404,4.1312324,0.59271146,288.379,287.804,289.601,-23.03,NaN,NaN,NaN,-0.0299419499846891,444.708701425537,72.9103487367335,11.8542292,288.379,287.804,289.601,0.28218789615423+0i,0.000634316,20.8686388153437,524.747460398332,26.3907145670269,20.9358369922347,-9.9e+37,-9.9e+37,-9.9e+37,202.066
20260514190819,1276.87499932945,9.7880067,0.71839166,2.0029571,2.7287656,-0.000417723,-0.000718383,0.002418678,1.2111558,0.14144195,0.000622011,0.024469922,4.1309591,0.69016374,288.431,287.78,289.603,-23.05,NaN,NaN,NaN,-0.029246022818711,444.05506914973,69.4453436793441,13.8032748,288.431,287.78,289.603,0.239481550836206+0i,0.000622011,20.865604524468,524.747460398332,26.4179933620735,20.9368996616046,9.9e+37,515.697,534.862,587.363
20260514190821.1,1278.92900146544,9.7877881,0.47868773,2.0026729,2.7281972,-0.000417941,-0.000721214,0.002461583,1.2111449,0.44297941,0.000632356,0.068114178,4.1309919,0.69233855,288.385,287.788,289.582,-23.09,NaN,NaN,NaN,-0.047226250142856,443.681527438923,45.4883703164446,13.846771,288.385,287.788,289.582,0.219251527343869+0i,0.000632356,20.8659686837828,524.883848466193,27.5527414117323,20.9359257497371,-9.9e+37,279.481,90.771,-9.9e+37
20260514190823.2,1281.10899366438,9.7870449,0.47930318,2.0026292,2.7281426,-0.000416525,-0.00072361,0.002442853,1.2111558,0.28323313,0.000632682,-0.00736579,4.1315821,0.7499784,288.404,287.793,289.59,-23.11,NaN,NaN,NaN,-0.0499909789748756,443.645645353402,45.5498808609576,14.999568,288.404,287.793,289.59,0.256753499728045+0i,0.000632682,20.8725213309647,525.708433206753,27.5800202067785,20.934538443078,403.021,452.43,689.928,175.259
20260514190825.4,1283.27299319208,9.788105,0.61694985,2.0030445,2.727618,-0.000416307,-0.000723501,0.002417807,1.2111011,0.33556198,0.00063388,-0.004225911,4.130981,0.7466938,288.382,287.761,289.592,-23.17,NaN,NaN,NaN,-0.0237165651546434,443.300888172738,59.3068418197613,14.933876,288.382,287.761,289.592,0.193625689860809+0i,0.00063388,20.8658476674251,525.846072541292,28.3729736737523,20.9376968653536,-9.9e+37,128.804,664.618,281.627
20260514190827.5,1285.32399795949,9.7874711,0.70706142,2.0030554,2.7277163,-0.000415872,-0.000720779,0.002443071,1.2111777,0.13541398,0.000633771,-0.011402234,4.1305329,0.61987107,288.414,287.764,289.582,-23.2,NaN,NaN,NaN,-0.0230269645992962,443.365489070296,68.3129539939715,12.3974214,288.414,287.764,289.582,0.270361133833078+0i,0.000633771,20.8608726738599,525.708433206753,29.0701399562922,20.9358076753626,-9.9e+37,-9.9e+37,413.699,696.385
20260514190829.5,1287.39799596369,9.7870012,0.51794037,2.0026292,2.7275524,-0.00041903,-0.000724699,0.002402344,1.2110574,0.39299779,0.000638563,-0.007172188,4.1304236,0.56762408,288.382,287.761,289.56,-23.24,NaN,NaN,NaN,-0.0499909789748756,443.257777095629,49.4114367880852,11.3524816,288.382,287.761,289.56,0.22750404840978+0i,0.000638563,20.859659179558,513.761338968726,28.5642989212033,20.9361618984859,726.087,-9.9e+37,-9.9e+37,388.5
20260514190831.6,1289.44499753416,9.7878318,0.49673558,2.0030554,2.7270059,-0.000417505,-0.00072165,0.002427281,1.211123,0.44993272,0.000637038,0.10830466,4.1304455,0.7484976,288.385,287.78,289.549,-23.32,NaN,NaN,NaN,-0.0230269645992962,442.898627649893,47.2921449216737,14.969952,288.385,287.78,289.549,0.247702525509418+0i,0.000637038,20.8599023225151,514.44703310807,28.3865507909218,20.9352468893246,9.9e+37,680.767,-9.9e+37,-9.9e+37
20260514190833.6,1291.49199910462,9.7873072,0.64881593,2.0027275,2.7279349,-0.000415654,-0.000722412,0.002414649,1.2111558,0.38032423,0.000635187,0.11166724,4.1309045,0.75706592,288.409,287.761,289.516,-23.32,NaN,NaN,NaN,-0.0437719207554323,443.509148848591,62.491665822188,15.1413184,288.409,287.761,289.516,0.262183413144245+0i,0.000635187,20.864998332438,512.936754228166,29.220484730819,20.9359550666091,-9.9e+37,749.471,451.533,-9.9e+37
20260514190835.7,1293.55800077319,9.7877444,0.65955473,2.0026729,2.7274868,-0.000420227,-0.000721759,0.002441982,1.2111121,0.25156343,0.000628762,0.10938087,4.1303143,0.77009412,288.42,287.755,289.514,-23.4,NaN,NaN,NaN,-0.047226250142856,443.214666018519,63.5649446188665,15.4018824,288.42,287.755,289.514,0.227380540598092+0i,0.000628762,20.8584456852561,523.648848255371,29.466492129071,20.9368703447326,-9.9e+37,659.33,741.274,-9.9e+37
20260514190837.8,1295.61700187624,9.7870121,0.52614751,2.0026401,2.7275415,-0.00042001,-0.000723719,0.002427935,1.2112432,0.42285168,0.00063486,-0.033988029,4.1304345,0.63478927,288.395,287.761,289.489,-23.39,NaN,NaN,NaN,-0.0493013784195284,443.250613822145,50.2316913177693,12.6957854,288.395,287.761,289.489,0.231329235770803+0i,0.00063486,20.8597801959157,525.846072541292,29.4938954848258,20.9358076753626,-9.9e+37,-9.9e+37,244.289,-9.9e+37
20260514190839.8,1297.66000024974,9.7874165,0.60430795,2.0030226,2.7283612,-0.000415327,-0.000721323,0.002467573,1.211123,0.27669011,0.000629525,0.1141053,4.1306094,0.77995557,288.409,287.747,289.505,-23.48,NaN,NaN,NaN,-0.0251020928759687,443.789305131696,58.0433595666483,15.5991114,288.409,287.747,289.505,0.20983275830816+0i,0.000629525,20.861722008847,525.708433206753,28.3729736737523,20.9371064934814,292.723,729.897,706.734,-9.9e+37
20260514190841.8,1299.71499815583,9.7863454,0.4994331,2.002662,2.7281535,-0.000416634,-0.000720126,0.002451347,1.2111886,0.13041616,0.000636603,-0.11293518,4.1303471,0.61744527,288.417,287.742,289.5,-23.5,NaN,NaN,NaN,-0.0479158506982031,443.652808626885,47.5617459031256,12.3489054,288.417,287.742,289.5,0.186868700989477+0i,0.000636603,20.8588098445709,525.433154537676,28.3865507909218,20.9372245678559,-9.9e+37,-9.9e+37,528.686,521.417
20260514190843.9,1301.75799652934,9.7873728,0.568604,2.0030117,2.7287874,-0.000418376,-0.000722086,0.002431528,1.2111667,0.21299717,0.000634098,-0.11645292,4.1302815,0.56502804,288.393,287.712,289.527,-23.54,NaN,NaN,NaN,-0.02579169343133,444.069395696696,54.4749634243727,11.3005608,288.393,287.712,289.527,0.247790860496993+0i,0.000634098,20.8580815259414,525.159127135271,27.5663185289013,20.9356600151541,1140.545,-9.9e+37,-9.9e+37,672.738
20260514190846,1303.86299416423,9.788105,0.55841301,2.0030226,2.7293339,-0.000416634,-0.000719472,0.002422708,1.2111667,0.14245243,0.000634425,0.03113749,4.1310356,0.68194569,288.412,287.712,289.533,-23.57,NaN,NaN,NaN,-0.0251020928759687,444.428545142431,53.4564349589797,13.6389138,288.412,287.712,289.533,0.221715194677674+0i,0.000634425,20.8664538594552,525.296766469814,27.5800202067785,20.936456949941,9.9e+37,257.359,355.378,737.449
20260514190848.1,1305.94499856234,9.7877662,0.47516197,2.0026401,2.7294979,-0.000420881,-0.000721432,0.002441547,1.2112104,0.26952945,0.000634316,-0.11839561,4.1312761,0.5499036,288.393,287.707,289.546,-23.56,NaN,NaN,NaN,-0.0493013784195284,444.536322835205,45.1359917033615,10.998072,288.393,287.707,289.546,0.19661783111+0i,0.000634316,20.8691239910161,525.296766469814,27.5253380559775,20.936722684524,949.743,-9.9e+37,-9.9e+37,625.94
20260514190850.2,1308.1010017544,9.7885641,0.77002537,2.0027603,2.7300771,-0.000417832,-0.00072263,0.002455376,1.2111667,0.31957763,0.000616893,0.005574,4.1310466,0.59172608,288.409,287.72,289.565,-23.56,NaN,NaN,NaN,-0.0416967924787883,444.91696210139,74.6058240064613,11.8345216,288.409,287.72,289.565,0.305323237613831+0i,0.000616893,20.8665759860546,525.708433206753,26.4726755128745,20.9352468893246,9.9e+37,-9.9e+37,-9.9e+37,418.568
20260514190852.4,1310.28099395335,9.7887608,0.55435144,2.0027385,2.7304815,-0.000419792,-0.000717294,0.002424886,1.2111667,0.42737045,0.000636385,-0.001348019,4.1309482,0.79982249,288.387,287.723,289.557,-23.69,NaN,NaN,NaN,-0.0430759935894969,445.182726119423,53.0505053428005,15.9964498,288.387,287.723,289.557,0.245617869014005+0i,0.000636385,20.8654835081104,525.433154537676,25.3380520239239,20.9356896009882,9.9e+37,693.189,411.992,127.605
20260514190854.5,1312.37499788404,9.7878974,0.57725965,2.0027166,2.7299569,-0.000417505,-0.000722086,0.002440566,1.2111558,0.45095411,0.000637474,-0.049678658,4.1309482,0.68641973,288.382,287.717,289.541,-23.76,NaN,NaN,NaN,-0.0444615213108221,444.83796893876,55.3400438445752,13.7283946,288.382,287.717,289.541,0.264489251539117+0i,0.000637474,20.8654835081104,525.159127135271,25.2833698731229,20.9352468893246,-9.9e+37,329.902,-9.9e+37,-9.9e+37
20260514190856.6,1314.44499269128,9.7880285,0.66364467,2.0027275,2.7304487,-0.000417505,-0.000720126,0.002421074,1.2111995,0.21925646,0.000636276,0.1123633,4.1315821,0.75885335,288.423,287.704,289.568,-23.79,NaN,NaN,NaN,-0.0437719207554323,445.161170580869,63.9737096467735,15.177067,288.423,287.704,289.568,0.232300036684289+0i,0.000636276,20.8725213309647,514.173005705669,26.363311211272,20.9370473218131,892.077,730.417,646.971,137.105
20260514190858.6,1316.50399379432,9.7881597,0.744352,2.0028696,2.7304487,-0.000417396,-0.000720343,0.002422163,1.2112651,0.42463802,0.000636167,-0.025874992,4.1314619,0.62516135,288.409,287.712,289.568,-23.77,NaN,NaN,NaN,-0.0347818070933954,445.161170580869,72.0399243100071,12.503227,288.409,287.712,289.568,0.277136540908385+0i,0.000636167,20.8711868203051,513.897727036587,26.4179933620735,20.9361618984859,-9.9e+37,-9.9e+37,129.51,-9.9e+37
20260514190900.7,1318.57399865985,9.7878646,0.79368213,2.0027057,2.7299569,-0.000417941,-0.000717948,0.002399186,1.2112104,0.26407985,0.000637474,0.11794342,4.1309591,0.7790684,288.414,287.742,289.571,-23.83,NaN,NaN,NaN,-0.0451511218661693,444.83796893876,76.9701756012495,15.581368,288.414,287.742,289.571,0.297997310943253+0i,0.000637474,20.865604524468,513.761338968726,26.404416244904,20.9358369922347,696.062,773.113,657.947,-9.9e+37
20260514190902.9,1320.73399499059,9.7878099,0.46893977,2.0026182,2.7301755,-0.000419901,-0.000723066,0.002393306,1.2112432,0.26077887,0.000637365,-0.00748801,4.1315165,0.73098008,288.401,287.72,289.527,-23.82,NaN,NaN,NaN,-0.0506869061408253,444.981628717054,44.5141200483634,14.6196016,288.401,287.72,289.527,0.19289418127409+0i,0.000637365,20.8717930123352,513.761338968726,27.5663185289013,20.9370473218131,-9.9e+37,337.792,760.842,123.783
20260514190905.1,1322.93700054288,9.7888264,0.67291466,2.0030445,2.730252,-0.000418703,-0.000723501,0.002446338,1.2112323,0.45555909,0.000638236,-0.001057159,4.1310356,0.74819315,288.387,287.734,289.505,-23.88,NaN,NaN,NaN,-0.0237165651546434,445.031903067646,64.9001896736314,14.963863,288.387,287.734,289.505,0.289202703539016+0i,0.000638236,20.8664538594552,521.588012037313,28.3592719958751,20.9351288149502,-9.9e+37,-9.9e+37,677.383,-9.9e+37
20260514190907.2,1325.0189948827,9.788422,0.51387554,2.002651,2.7300334,-0.000418812,-0.000719908,0.002409967,1.2110574,0.39213463,0.000634425,0.1104866,4.1311012,0.73022822,288.404,287.758,289.47,-23.93,NaN,NaN,NaN,-0.0486117778641528,444.888243289352,49.0051813544145,14.6045644,288.404,287.758,289.47,0.206964293874715+0i,0.000634425,20.8671821780847,525.846072541292,27.5116363780999,20.9366341959837,-9.9e+37,222.493,397.567,-9.9e+37
20260514190909.3,1327.19100080431,9.7888373,0.48059301,2.0028259,2.7304597,-0.000418921,-0.000722303,0.002399948,1.2112104,-0.001889229,0.000631049,-0.030613686,4.1309263,0.58569157,288.39,287.761,289.478,-23.98,NaN,NaN,NaN,-0.0375465359254292,445.168399572457,45.6787916508335,11.7138314,288.39,287.761,289.478,0.192829791539752+0i,0.000631049,20.8652403651533,525.433154537676,27.5390397338547,20.9368996616046,-9.9e+37,162.114,279.895,214.859
20260514190911.5,1329.32400070131,9.7888373,0.71164786,2.0029461,2.7297711,-0.000417832,-0.000723175,0.002431746,1.2111886,0.00218137,0.000632029,-0.1196957,4.1309373,0.65601151,288.376,287.75,289.473,-24.11,NaN,NaN,NaN,-0.0299419499846891,444.71586469902,68.7713412257142,13.1202302,288.376,287.75,289.473,0.273299168964757+0i,0.000632029,20.8653624917527,523.922875657772,27.5390397338547,20.9358369922347,-9.9e+37,-9.9e+37,177.134,137.198
20260514190913.5,1331.37499541044,9.7888264,0.66310124,2.0030336,2.7295525,-0.000418376,-0.000724917,0.002421401,1.2111558,0.16748196,0.000640305,-0.10975306,4.1311231,0.61431235,288.404,287.747,289.459,-24.19,NaN,NaN,NaN,-0.0244061657100048,444.572204920726,63.9193970702771,12.286247,288.404,287.747,289.459,0.235089666827406+0i,0.000640305,20.8674253210418,525.021487800736,27.5116363780999,20.9366930986898,9.9e+37,98.234,111.83,614.718
20260514190915.6,1333.44099707901,9.788422,0.569525,2.0026292,2.7294104,-0.000417832,-0.000723175,0.002386228,1.2112542,0.45608725,0.000633336,-0.021778344,4.1310903,0.66470425,288.387,287.785,289.467,-24.18,NaN,NaN,NaN,-0.0499909789748756,444.478819493024,54.5670118629078,13.294085,288.387,287.785,289.467,0.239428381795804+0i,0.000633336,20.867061161727,513.897727036587,26.3770128891492,20.9362208011921,9.9e+37,537.594,-9.9e+37,-9.9e+37
20260514190917.6,1335.48799864948,9.7879411,0.48600552,2.0027822,2.7293339,-0.000419465,-0.000724699,0.002453852,1.2111667,0.42958128,0.000618526,-0.04497122,4.1309263,0.64407018,288.385,287.785,289.486,-24.19,NaN,NaN,NaN,-0.0403112647574631,444.428545142431,46.2197396356931,12.8814036,288.385,287.785,289.486,0.196659295559997+0i,0.000618526,20.8652403651533,525.296766469814,26.4590983957055,20.9368407588984,969.817,502.204,-9.9e+37,-9.9e+37
20260514190919.7,1337.55499608815,9.7880722,0.64974347,2.0030226,2.7294213,-0.000419792,-0.00072361,0.002467028,1.2111667,0.39552726,0.000636929,-0.009396596,4.1304673,0.62031411,288.385,287.802,289.5,-24.26,NaN,NaN,NaN,-0.0251020928759687,444.485982766507,62.5843678945863,12.4062822,288.385,287.802,289.5,0.256811450037973+0i,0.000636929,20.8601443552304,524.883848466193,25.3517537018015,20.9360142382774,1326.343,504.793,-9.9e+37,-9.9e+37
20260514190921.8,1339.62899409235,9.7888045,0.60010236,2.0030336,2.7291153,-0.00041903,-0.000722739,0.002389603,1.2112214,0.16862231,0.000636494,-0.11129207,4.1310466,0.60893805,288.409,287.78,289.511,-24.23,NaN,NaN,NaN,-0.0244061657100048,444.284885364137,57.6230360133161,12.178761,288.409,287.78,289.511,0.256454845372038+0i,0.000636494,20.8665759860546,524.472181729254,26.4179933620735,20.9356600151541,9.9e+37,415.47,143.72,611.59
20260514190923.8,1341.68699942529,9.7891761,0.58354294,2.002651,2.7287437,-0.000416416,-0.000722086,0.002390801,1.2112214,0.43082857,0.000632356,0.10980262,4.1310247,0.72549993,288.382,287.788,289.522,-24.26,NaN,NaN,NaN,-0.0486117778641528,444.040676884658,55.9680210794973,14.5099986,288.382,287.788,289.522,0.205115181796783+0i,0.000632356,20.8663328430975,513.486060299648,26.4316950399507,20.9374607166047,9.9e+37,898.556,125.103,-9.9e+37
20260514190925.9,1343.78899969161,9.7886406,0.52899343,2.0027713,2.7287,-0.00041707,-0.000721759,0.002437082,1.2112651,0.41483548,0.000634316,-0.029296923,4.1309482,0.58632449,288.376,287.766,289.552,-24.32,NaN,NaN,NaN,-0.0410008653128102,444.01195807262,50.5161239911633,11.7264898,288.376,287.766,289.552,0.253565046586882+0i,0.000634316,20.8654835081104,513.486060299648,26.404416244904,20.9354238664052,-9.9e+37,311.042,-9.9e+37,-9.9e+37
20260514190928,1345.84699496627,9.7885422,0.57827231,2.0026292,2.7289295,-0.000416961,-0.000720561,0.002415412,1.2111886,0.14857859,0.000634316,0.000920275,4.1313963,0.70816902,288.398,287.774,289.554,-24.32,NaN,NaN,NaN,-0.0499909789748756,444.162781124398,55.4412531515968,14.1633804,288.398,287.774,289.554,0.265400427897598+0i,0.000634316,20.8704585016756,513.761338968726,26.3907145670269,20.9354238664052,1573.799,834.443,659.066,346.134
20260514190930.1,1347.98399806023,9.7888482,0.53590528,2.0030117,2.7290388,-0.000415981,-0.000719037,0.002356281,1.2111777,0.31645999,0.000634098,-0.0064688,4.1309263,0.71713238,288.39,287.769,289.546,-24.46,NaN,NaN,NaN,-0.02579169343133,444.234611013545,51.2069220366453,14.3426476,288.39,287.769,289.546,0.223089670642162+0i,0.000634098,20.8652403651533,511.426475348271,26.4453967178283,20.9365750243154,-9.9e+37,227.279,655.859,325.501
20260514190932.2,1350.02699643373,9.7888155,0.652106,2.0030008,2.7287656,-0.000418376,-0.000720779,0.002404413,1.2112214,0.22173686,0.000631158,0.1285949,4.1309591,0.70432899,288.423,287.766,289.541,-24.45,NaN,NaN,NaN,-0.0264812939866772,444.05506914973,62.8204886301915,14.0865798,288.423,287.766,289.541,0.275315398069454+0i,0.000631158,20.865604524468,514.035366371131,26.7460862668813,20.9356304293199,-9.9e+37,380.564,593.817,347.848
20260514190934.3,1352.20699869096,9.7888264,0.49630782,2.0028478,2.7292465,-0.000417723,-0.000721541,0.002402126,1.2111449,0.14921041,0.000637256,-0.000842742,4.1309263,0.51663635,288.414,287.755,289.53,-24.46,NaN,NaN,NaN,-0.036161008204104,444.371107518356,47.2493928694828,10.332727,288.414,287.755,289.53,0.20135909124043+0i,0.000637256,20.8652403651533,513.897727036587,27.4022720764979,20.9369588332728,-9.9e+37,-9.9e+37,99.101,512.15
20260514190936.4,1354.26199659705,9.7895149,0.56208608,2.0029898,2.729017,-0.000417614,-0.000720997,0.004859354,1.2114946,0.30331613,0.000634098,-0.012319134,4.1313198,0.5724855,288.385,287.734,289.511,-24.59,NaN,NaN,NaN,-0.0271772211526553,444.220284466579,53.8235363250276,11.44971,288.385,287.734,289.511,0.249619499014142+0i,0.000634098,20.8696091666885,514.173005705669,27.5663185289013,20.9357780895285,1156.845,160.034,-9.9e+37,194.645
20260514190938.5,1356.37099742889,9.7888592,0.59253795,2.0029461,2.7290825,-0.000420445,-0.000724155,0.004817974,1.2115383,0.32182665,0.000634425,-0.028022302,4.131287,0.61735251,288.39,287.739,289.508,-24.63,NaN,NaN,NaN,-0.0299419499846891,444.263329825583,56.8670185008955,12.3470502,288.39,287.739,289.508,0.192327332567657+0i,0.000634425,20.8692450073737,524.472181729254,27.5390397338547,20.9376672795195,9.9e+37,120.914,-9.9e+37,567.984
20260514190940.5,1358.4139958024,9.7887499,0.63920874,2.0027494,2.7292137,-0.000418921,-0.000724481,0.004879935,1.2115274,0.31122427,0.000633663,-0.017928343,4.1309045,0.58224984,288.39,287.728,289.489,-24.63,NaN,NaN,NaN,-0.0423863930341355,444.349551979801,61.5314846732085,11.6449968,288.39,287.728,289.489,0.211960049844877+0i,0.000633663,20.864998332438,526.395378612774,28.3592719958751,20.9372245678559,9.9e+37,109.437,-9.9e+37,769.702
20260514190942.6,1360.50799973309,9.789198,0.74617328,2.0026292,2.7295306,-0.000415872,-0.000719908,0.002385792,1.2112214,0.14430315,0.000636058,-0.047880143,4.1306203,0.59588693,288.423,287.75,289.47,-24.66,NaN,NaN,NaN,-0.0499909789748756,444.557812655654,72.2219503470704,11.9177386,288.423,287.75,289.47,0.291420650456022+0i,0.000636058,20.8618430252047,523.785236323233,28.3592719958751,20.9354827691113,9.9e+37,202.237,-9.9e+37,855.327
20260514190944.7,1362.58199773729,9.7893182,0.53723331,2.0027713,2.7293339,-0.000418485,-0.00072263,0.002385901,1.2111886,0.19154141,0.000635078,-0.10139537,4.1302378,0.56107342,288.395,287.728,289.443,-24.7,NaN,NaN,NaN,-0.0410008653128102,444.428545142431,51.3396506879241,11.2214684,288.395,287.728,289.443,0.181394804850046+0i,0.000635078,20.857596350269,523.922875657772,27.5390397338547,20.9377261822256,9.9e+37,-9.9e+37,-9.9e+37,854.762
20260514190946.8,1364.64399620891,9.7888264,0.54902516,2.0030554,2.7295416,-0.000416634,-0.000722957,0.00238111,1.2111667,0.26787078,0.000631702,-0.085037487,4.130511,0.57427948,288.395,287.72,289.44,-24.76,NaN,NaN,NaN,-0.0230269645992962,444.565041647243,52.5181755304217,11.4855896,288.395,287.72,289.44,0.242607907868115+0i,0.000631702,20.8606295309028,524.883848466193,27.5527414117323,20.9356896009882,9.9e+37,-9.9e+37,-9.9e+37,723.319
20260514190948.8,1366.70299731195,9.7887717,0.41123552,2.0030445,2.7300662,-0.000415436,-0.000723283,0.002420639,1.2111449,0.15608733,0.000633445,-0.000688981,4.1303362,0.69774122,288.42,287.72,289.451,-24.79,NaN,NaN,NaN,-0.0237165651546434,444.909798827907,38.7469255756817,13.9548244,288.42,287.72,289.451,0.221907672580425+0i,0.000633445,20.8586888282132,524.609821063793,27.4980592609309,20.9351581318222,9.9e+37,644.024,277.897,710.037
20260514190950.9,1368.75400207937,9.7892526,0.42372139,2.0026947,2.7299569,-0.000417832,-0.000723283,0.002402126,1.2112323,0.43835696,0.000635078,-0.052114973,4.1302596,0.63394138,288.404,287.701,289.432,-24.83,NaN,NaN,NaN,-0.045847049032119,444.83796893876,39.9948135640122,12.6788276,288.404,287.701,289.432,0.179154619968997+0i,0.000635078,20.8578383829843,523.648848255371,27.4980592609309,20.936988419107,-9.9e+37,263.493,-9.9e+37,-9.9e+37
20260514190953,1370.83199322224,9.7895259,0.64559353,2.0028478,2.7304597,-0.00041903,-0.000720561,0.002446991,1.2112214,0.33042011,0.000634534,0.11972887,4.1308389,0.77291276,288.417,287.723,289.438,-24.91,NaN,NaN,NaN,-0.036161008204104,445.168399572457,62.1696062257325,15.4582552,288.417,287.723,289.438,0.246034255784344+0i,0.000634534,20.8642700138085,525.159127135271,27.3066094527726,20.9362503870262,783.191,828.021,469.167,-9.9e+37
20260514190955,1372.90199808776,9.7886187,0.6308783,2.0027275,2.729946,-0.000418267,-0.000726224,0.002386772,1.2111886,0.10412077,0.000620813,0.04761949,4.1302378,0.66151131,288.412,287.709,289.408,-24.98,NaN,NaN,NaN,-0.0437719207554323,444.830805665276,60.6989070463784,13.2302262,288.412,287.709,289.408,0.275181055832813+0i,0.000620813,20.857596350269,524.609821063793,26.4590983957055,20.9352762061966,-9.9e+37,206.698,595.159,517.983
20260514190957.1,1374.97999928892,9.7887499,0.67164993,2.0028696,2.7299678,-0.000417287,-0.000719363,0.002410838,1.211276,0.1729894,0.000631485,-0.000911019,4.1309373,0.71226331,288.409,287.698,289.399,-25.01,NaN,NaN,NaN,-0.0347818070933954,444.845132212243,64.7737874785515,14.2452662,288.409,287.698,289.399,0.265886401520488+0i,0.000631485,20.8653624917527,513.623699634191,26.363311211272,20.9360731409835,-9.9e+37,231.161,535.462,480.427
20260514190959.2,1377.0659968257,9.7888373,0.59718222,2.0030117,2.730252,-0.000416961,-0.000720997,0.002433162,1.2111886,0.20980533,0.000633554,0.10084402,4.1312652,0.72512345,288.417,287.717,289.37,-25.05,NaN,NaN,NaN,-0.02579169343133,445.031903067646,57.3311854950708,14.502469,288.417,287.717,289.37,0.238018429590669+0i,0.000633554,20.8690029746584,514.035366371131,26.4453967178283,20.936456949941,-9.9e+37,108.109,565.829,357.03
20260514191001.3,1379.13999482989,9.7893619,0.58275835,2.0026729,2.7303722,-0.000418158,-0.000720452,0.002427826,1.2112214,0.18294252,0.000618744,0.057785982,4.1308936,0.71345713,288.42,287.717,289.351,-25.06,NaN,NaN,NaN,-0.047226250142856,445.110896230276,55.889606004155,14.2691426,288.42,287.717,289.351,0.227534981719008+0i,0.000618744,20.8648773160803,514.584672442613,26.4316950399507,20.9366930986898,-9.9e+37,-9.9e+37,629.143,346.945
20260514191003.4,1381.25399462879,9.7892198,0.70247388,2.0026292,2.7301427,-0.000417505,-0.000721977,0.002379149,1.2112869,0.37876814,0.000630396,0.10703189,4.1305657,0.73586333,288.414,287.715,289.342,-25.1,NaN,NaN,NaN,-0.0499909789748756,444.960073178499,67.8544568238115,14.7172666,288.414,287.715,289.342,0.280883764880612+0i,0.000630396,20.8612368331747,513.348420965114,27.4569542272984,20.9357780895285,-9.9e+37,136.555,460.781,-9.9e+37
20260514191005.4,1383.3159931004,9.7890668,0.55422268,2.0026729,2.7295853,-0.000418921,-0.000721759,0.00241356,1.2112542,0.43860248,0.000630287,-0.044036897,4.1303143,0.69672965,288.387,287.712,289.321,-25.15,NaN,NaN,NaN,-0.047226250142856,444.59376045928,53.0376365513284,13.934593,288.387,287.712,289.321,0.257140668377517+0i,0.000630287,20.8584456852561,514.85995111169,26.4590983957055,20.9354827691113,-9.9e+37,102.046,329.797,-9.9e+37
20260514191007.6,1385.45699939132,9.788422,0.56161685,2.002662,2.7293886,-0.00041707,-0.000718274,0.002386445,1.2113416,0.25799733,0.000611992,-0.00743454,4.1308936,0.76759957,288.387,287.731,289.326,-25.17,NaN,NaN,NaN,-0.0479158506982031,444.464492946058,53.7766395945023,15.3519914,288.387,287.731,289.326,0.231871304978754+0i,0.000611992,20.8648773160803,513.623699634191,25.3517537018015,20.936456949941,-9.9e+37,508.935,775.655,-9.9e+37
20260514191009.7,1387.60499618948,9.7879629,0.52811063,2.0027822,2.7293339,-0.000417178,-0.000725135,0.00236238,1.2112869,0.13692317,0.000632029,-0.003866881,4.1306094,0.67335007,288.425,287.731,289.351,-25.19,NaN,NaN,NaN,-0.0403112647574631,444.428545142431,50.4278934140311,13.4670014,288.425,287.731,289.351,0.179996987474521+0i,0.000632029,20.861722008847,514.44703310807,25.3244749067544,20.9379919168086,-9.9e+37,525.989,587.643,244.176
20260514191011.8,1389.65600095689,9.788105,0.58025834,2.0030663,2.7288749,-0.000416743,-0.000721868,0.004859027,1.2115055,0.23528883,0.000634969,0.008712188,4.1308389,0.71936395,288.398,287.731,289.353,-25.26,NaN,NaN,NaN,-0.0223373640439348,444.126899038877,55.6397449652601,14.387279,288.398,287.731,289.353,0.189759094661762+0i,0.000634969,20.8642700138085,513.348420965114,25.3107732288772,20.9379919168086,-9.9e+37,184.17,814.069,397.273
20260514191013.9,1391.71899519861,9.788258,0.75609145,2.0026729,2.7286563,-0.000416852,-0.000724155,0.002408878,1.2112542,0.12878259,0.000632791,0.02144894,4.1315275,0.62830518,288.425,287.745,289.342,-25.36,NaN,NaN,NaN,-0.047226250142856,443.983239260583,73.2132120860778,12.5661036,288.425,287.745,289.342,0.246931359497166+0i,0.000632791,20.8719151389346,514.035366371131,25.2560910780758,20.9371358103534,-9.9e+37,-9.9e+37,567.679,692.159
20260514191016,1393.8239928335,9.7888264,0.43978101,2.0030663,2.7282737,-0.000417832,-0.000723501,0.002390801,1.2113525,0.36633685,0.000633118,-0.010187395,4.1303908,0.5897575,288.395,287.728,289.326,-25.37,NaN,NaN,NaN,-0.0223373640439348,443.731801789515,41.5998764787433,11.79515,288.395,287.728,289.326,0.153750570495232+0i,0.000633118,20.8592950202433,525.296766469814,25.297071551,20.9381395770172,-9.9e+37,-9.9e+37,-9.9e+37,303.219
20260514191018,1395.88999450207,9.7887717,0.42584601,2.0029571,2.7275087,-0.000420227,-0.000725135,0.002432835,1.2111886,0.14249281,0.00063486,0.000244361,4.1302378,0.71402784,288.417,287.736,289.345,-25.39,NaN,NaN,NaN,-0.029246022818711,443.229058283591,40.2071566188227,14.2805568,288.417,287.736,289.345,0.183939170257532+0i,0.00063486,20.857596350269,524.747460398332,24.4905409668572,20.9368996616046,9.9e+37,544.355,534.022,568.493
20260514191020.1,1397.93699607253,9.7884766,0.51490784,2.002662,2.7274978,-0.000417723,-0.000724155,0.002402562,1.2112979,0.40203645,0.000635949,-0.022328702,4.1309373,0.5946342,288.379,287.75,289.345,-25.39,NaN,NaN,NaN,-0.0479158506982031,443.221895010108,49.1083535619062,11.892684,288.379,287.75,289.345,0.192040960095321+0i,0.000635949,20.8653624917527,524.060514992315,24.4631376111024,20.9373130563961,-9.9e+37,-9.9e+37,-9.9e+37,89.17
20260514191022.1,1399.98800083995,9.7884766,0.51861474,2.0026401,2.7270387,-0.000419247,-0.000723175,0.002386337,1.211276,0.11728755,0.000634316,0.050939498,4.131298,0.6758839,288.395,287.736,289.37,-25.38,NaN,NaN,NaN,-0.0493013784195284,442.920183188448,49.478836034008,13.517678,288.395,287.736,289.37,0.211212891587081+0i,0.000634316,20.8693671339732,524.060514992315,25.3244749067544,20.9366341959837,9.9e+37,416.034,498.812,595.101
20260514191024.2,1402.03899554908,9.7880067,0.56996586,2.0026838,2.7272573,-0.000415872,-0.00072361,0.00238405,1.211276,0.42939032,0.00063192,0.10513232,4.1315712,0.67883785,288.395,287.753,289.351,-25.39,NaN,NaN,NaN,-0.0465366495874946,443.063842966742,54.6110731817054,13.576757,288.395,287.753,289.351,0.219008741078973+0i,0.00063192,20.872400314607,525.846072541292,25.3244749067544,20.9366930986898,-9.9e+37,410.358,96.372,-9.9e+37
20260514191026.2,1404.09700088203,9.7888155,0.6010801,2.0030773,2.7270169,-0.000417287,-0.000722739,0.002429024,1.2113088,0.11741741,0.000631376,0.046077744,4.1304345,0.69629534,288.417,287.734,289.359,-25.43,NaN,NaN,NaN,-0.0216414368779709,442.905856641481,57.7207552753067,13.9259068,288.417,287.734,289.359,0.234874203854524+0i,0.000631376,20.8597801959157,516.507869326128,25.2560910780758,20.9365750243154,601.893,328.67,669.629,445.409
20260514191028.3,1406.17899522185,9.7885204,0.74112087,2.002651,2.7270715,-0.000414892,-0.000719908,0.002385465,1.2112323,0.12119524,0.000632574,-0.082016302,4.1313417,0.60827458,288.417,287.769,289.367,-25.49,NaN,NaN,NaN,-0.0486117778641528,442.941738727002,71.7169922022938,12.1654916,288.417,287.769,289.367,0.266065959229161+0i,0.000632574,20.8698523096456,513.348420965114,25.3107732288772,20.9365161216093,-9.9e+37,-9.9e+37,387.299,706.247
20260514191030.4,1408.23399312794,9.7888264,0.58710144,2.0029133,2.7278912,-0.000418376,-0.000721977,0.002393524,1.211276,0.44190018,0.000630831,-0.059958922,4.1313963,0.61661593,288.385,287.764,289.383,-25.48,NaN,NaN,NaN,-0.0320170782613616,443.480430036553,56.3236718596571,12.3323186,288.385,287.764,289.383,0.18796031543317+0i,0.000630831,20.8704585016756,513.897727036587,25.2697927559529,20.9380804053489,300.841,-9.9e+37,-9.9e+37,161.521
20260514191032.4,1410.28900109231,9.7887608,0.60072327,2.0030008,2.7274978,-0.000417287,-0.000721432,0.002412145,1.2112432,0.14357094,0.000627129,0.014383905,4.1309701,0.70968474,288.409,287.753,289.413,-25.52,NaN,NaN,NaN,-0.0264812939866772,443.221895010108,57.6850922521553,14.1936948,288.409,287.753,289.413,0.279725749685836+0i,0.000627129,20.8657266510675,513.897727036587,26.3770128891492,20.9351288149502,9.9e+37,633.423,559.071,517.287
20260514191034.5,1412.33999580145,9.7887827,0.49946147,2.0027603,2.7285907,-0.000418594,-0.000721977,0.002370547,1.2112869,0.11084167,0.000630178,0.056031129,4.131593,0.64099073,288.42,287.777,289.443,-25.56,NaN,NaN,NaN,-0.0416967924787883,443.940128183473,47.5645813148533,12.8198146,288.42,287.777,289.443,0.210732643529081+0i,0.000630178,20.8726423473223,513.212032897248,26.4179933620735,20.9366930986898,-9.9e+37,-9.9e+37,498.366,694.322
20260514191036.6,1414.4179970026,9.7888155,0.50644317,2.0030554,2.7282082,-0.000415545,-0.00072067,0.002430439,1.2113088,0.4134398,0.000634425,-0.00470124,4.1310466,0.59465275,288.404,287.753,289.459,-25.59,NaN,NaN,NaN,-0.0230269645992962,443.688756430511,48.2623604498377,11.893055,288.404,287.753,289.459,0.237792007156296+0i,0.000634425,20.8665759860546,513.623699634191,26.4179933620735,20.9357780895285,-9.9e+37,-9.9e+37,-9.9e+37,262.364
20260514191038.6,1416.46499857306,9.7888264,0.57815336,2.0030663,2.7289404,-0.000419139,-0.00072067,0.002390801,1.2112979,0.15588,0.000632574,-0.10130902,4.1311668,0.62492782,288.42,287.772,289.448,-25.59,NaN,NaN,NaN,-0.0223373640439348,444.169944397881,55.4293648109196,12.4985564,288.42,287.772,289.448,0.268502442549662+0i,0.000632574,20.8679104967142,525.708433206753,26.4453967178283,20.9350696432819,9.9e+37,-9.9e+37,101.972,694.851
20260514191040.7,1418.60099583864,9.7881269,0.37439995,2.0030663,2.7294869,-0.000415872,-0.00071969,0.002407353,1.2113088,0.25681226,0.000612319,0.00579442,4.1309701,0.56548308,288.406,287.747,289.497,-25.68,NaN,NaN,NaN,-0.0223373640439348,444.529093843616,35.065430786267,11.3096616,288.406,287.747,289.497,0.21565633534982+0i,0.000612319,20.8657266510675,513.212032897248,26.404416244904,20.9352468893246,9.9e+37,266.723,-9.9e+37,518.927
20260514191042.8,1420.68699337542,9.7879083,0.6770155,2.002651,2.729629,-0.000416961,-0.000720452,0.002366082,1.2112432,0.25801479,0.00063388,0.15746012,4.1315384,0.72556867,288.423,287.764,289.5,-25.69,NaN,NaN,NaN,-0.0486117778641528,444.622479271318,65.3100440913103,14.5113734,288.423,287.764,289.5,0.275744099595366+0i,0.00063388,20.8720361552923,513.761338968726,25.3244749067544,20.9358369922347,9.9e+37,976.322,353.253,169.092
20260514191045,1422.82799966633,9.7879848,0.56767428,2.0028478,2.7299569,-0.000416634,-0.000720888,0.002423361,1.2112323,0.21944961,0.000637365,0.002407027,4.1313307,0.53311937,288.409,287.753,289.514,-25.74,NaN,NaN,NaN,-0.036161008204104,444.83796893876,54.38204347402,10.6623874,288.409,287.753,289.514,0.211021117250999+0i,0.000637365,20.8697301830461,513.623699634191,26.4316950399507,20.9371653961876,-9.9e+37,-9.9e+37,-9.9e+37,318.595
20260514191047,1424.90999400616,9.7879083,0.56237417,2.002651,2.7308968,-0.000418921,-0.000722521,0.004839208,1.2114727,0.25195629,0.000633445,-0.016505188,4.13144,0.65812631,288.393,287.742,289.511,-25.77,NaN,NaN,NaN,-0.0486117778641528,445.45565341094,53.8523291965342,13.1625262,288.393,287.742,289.511,0.272022319163325+0i,0.000633445,20.870943677348,513.486060299648,27.5253380559775,20.9350400574478,1474.482,519.211,547.977,584.277
20260514191049.1,1426.97199247777,9.788116,0.63948264,2.002804,2.7311154,-0.000418812,-0.000720343,0.002448734,1.2112542,0.45264988,0.000633771,-0.049280863,4.1315712,0.62566768,288.387,287.742,289.476,-25.75,NaN,NaN,NaN,-0.0389320636467545,445.599313189235,61.5588593391311,12.5133536,288.387,287.742,289.476,0.227292084022829+0i,0.000633771,20.872400314607,514.584672442613,27.5527414117323,20.937017735979,-9.9e+37,171.323,-9.9e+37,-9.9e+37
20260514191051.2,1429.10499237478,9.7880613,0.64778581,2.002968,2.7312466,-0.000416743,-0.00072165,0.00244024,1.2113416,0.30519741,0.000635732,0.1168451,4.1309591,0.74673199,288.406,287.761,289.508,-25.75,NaN,NaN,NaN,-0.0285564222633639,445.685535343453,62.3887114926508,14.9346398,288.406,287.761,289.508,0.248397445764668+0i,0.000635732,20.865604524468,513.897727036587,26.404416244904,20.936456949941,1060.868,866.986,467.996,-9.9e+37
20260514191053.3,1431.1559971422,9.7878537,0.64604203,2.002651,2.7314215,-0.000416852,-0.000722195,0.002450258,1.2112869,0.1032838,0.000635187,0.054109229,4.1309263,0.70072791,288.414,287.736,289.495,-25.77,NaN,NaN,NaN,-0.0486117778641528,445.80047630971,62.2144311168107,14.0145582,288.414,287.736,289.495,0.240334660758782+0i,0.000635187,20.8652403651533,513.761338968726,27.5390397338547,20.9366635128557,-9.9e+37,297.642,733.495,450.116
20260514191055.4,1433.26200060546,9.7881378,0.52986096,2.0028805,2.7317056,-0.000420119,-0.000725679,0.004780949,1.2116476,0.33191728,0.000628871,-0.021511114,4.1308171,0.56193877,288.387,287.734,289.489,-25.83,NaN,NaN,NaN,-0.0340922065380482,445.987181447008,50.6028284231746,11.2387754,288.387,287.734,289.489,0.240039980326699+0i,0.000628871,20.8640279810932,513.486060299648,28.2908881671965,20.9358369922347,-9.9e+37,-9.9e+37,-9.9e+37,210.24
20260514191057.5,1435.33599860966,9.7878537,0.50050141,2.0026947,2.7312138,-0.000416198,-0.000723828,0.002419223,1.2112979,0.42440122,0.000636058,-0.043695293,4.1302924,0.63311423,288.371,287.734,289.503,-25.82,NaN,NaN,NaN,-0.045847049032119,445.663979804898,47.6685170946256,12.6622846,288.371,287.734,289.503,0.206220496501136+0i,0.000636058,20.858202542299,513.897727036587,28.3729736737523,20.9367815872301,9.9e+37,357.959,-9.9e+37,-9.9e+37
20260514191059.6,1437.51499503851,9.7879848,0.52515776,2.0026729,2.7315963,-0.000418812,-0.000724155,0.002483036,1.2112869,0.26659841,0.000635949,0.00522917,4.1305985,0.58049187,288.42,287.747,289.505,-25.89,NaN,NaN,NaN,-0.047226250142856,445.915351557861,50.1327717281492,11.6098374,288.42,287.747,289.505,0.202273800250428+0i,0.000635949,20.8616009924894,513.761338968726,28.3729736737523,20.9371064934814,9.9e+37,477.229,-9.9e+37,193.915
20260514191101.9,1439.73799645901,9.788728,0.46650633,2.0029133,2.7312466,-0.000417941,-0.000719472,0.002419005,1.211276,0.18850124,0.00063889,-0.000497108,4.1306313,0.57488511,288.401,287.731,289.519,-25.88,NaN,NaN,NaN,-0.0320170782613616,445.685535343453,44.2709122825992,11.4977022,288.401,287.731,289.519,0.199796140706253+0i,0.00063889,20.8619651518042,513.486060299648,27.5116363780999,20.9367815872301,9.9e+37,357.987,-9.9e+37,477.571
20260514191103.9,1441.81599766016,9.7884548,0.57097197,2.002662,2.7312247,-0.000416852,-0.000727095,0.004887231,1.2116148,0.29087828,0.000637256,-0.027973734,4.1303034,0.64215725,288.385,287.712,289.497,-26,NaN,NaN,NaN,-0.0479158506982031,445.671143078382,54.7116278554237,12.843145,288.385,287.712,289.497,0.266415532014238+0i,0.000637256,20.8583246688985,512.249808822149,26.404416244904,20.935364963699,9.9e+37,472.26,177.268,721.654
20260514191106,1443.87099556625,9.7888373,0.5479372,2.0030008,2.7315417,-0.000419247,-0.000726224,0.00485184,1.211593,0.2888475,0.000633227,-0.019278864,4.1306094,0.56646629,288.398,287.731,289.481,-26.02,NaN,NaN,NaN,-0.0264812939866772,445.87946947234,52.4094404390117,11.3293258,288.398,287.731,289.481,0.255379162442245+0i,0.000633227,20.861722008847,525.296766469814,26.404416244904,20.9352762061966,9.9e+37,-9.9e+37,-9.9e+37,776.837
20260514191108.1,1445.94100043178,9.7880722,0.52228236,2.0029571,2.7312684,-0.000417614,-0.00072361,0.002448734,1.2111995,0.39629548,0.000633663,0.11283765,4.1309373,0.7184866,288.398,287.728,289.486,-26.11,NaN,NaN,NaN,-0.029246022818711,445.699861890419,49.84539270517,14.369732,288.398,287.728,289.486,0.236287544304821+0i,0.000633663,20.8653624917527,518.84148167991,26.0763233400962,20.9358665780688,9.9e+37,812.135,-9.9e+37,176.445
20260514191110.2,1448.04699383676,9.7885204,0.65567432,2.0026729,2.7312247,-0.000415545,-0.000720017,0.002427063,1.2113307,0.11013892,0.000633227,-0.086337259,4.1303362,0.6256775,288.412,287.723,289.467,-26.1,NaN,NaN,NaN,-0.047226250142856,445.671143078382,63.1771208605863,12.51355,288.412,287.723,289.467,0.283500884293722+0i,0.000633227,20.8586888282132,512.66272682577,26.1036021351424,20.9354534522393,432.159,-9.9e+37,451.588,598.142
20260514191112.2,1450.10900236666,9.788728,0.68667508,2.0027166,2.7316947,-0.000418376,-0.000723719,0.002401146,1.2113197,0.40447207,0.000634316,-0.008424922,4.1313635,0.59273001,288.387,287.704,289.476,-25.73,NaN,NaN,NaN,-0.0444615213108221,445.980018173525,66.2754613072767,11.8546002,288.387,287.704,289.476,0.303107201445378+0i,0.000634316,20.8700943423609,525.159127135271,25.3107732288772,20.934833494533,410.661,-9.9e+37,-9.9e+37,243.936
20260514191114.3,1452.20699943602,9.7880285,0.59786752,2.0027166,2.731028,-0.000415545,-0.000721868,0.002425321,1.2112542,0.14046967,0.000636276,-0.077580675,4.1308826,0.6318495,288.417,287.717,289.462,-25.76,NaN,NaN,NaN,-0.0444615213108221,445.541875565159,57.3996771290862,12.63699,288.417,287.717,289.462,0.273533839529168+0i,0.000636276,20.8647551894809,525.708433206753,25.3244749067544,20.935099229116,9.9e+37,245.199,194.273,708.591
20260514191116.5,1454.32799980044,9.7877334,0.54790883,2.002651,2.7306127,-0.000416198,-0.000726006,0.002397335,1.2111995,0.12399643,0.000634643,0.052233285,4.1303471,0.64100601,288.404,287.698,289.462,-25.84,NaN,NaN,NaN,-0.0486117778641528,445.268948273642,52.4066050272839,12.8201202,288.404,287.698,289.462,0.317966861332485+0i,0.000634643,20.8588098445709,526.531766680631,25.3107732288772,20.9331508674568,9.9e+37,187.907,222.368,796.401
20260514191118.5,1456.37899450958,9.7877444,0.48864411,2.0026292,2.7303394,-0.000417723,-0.000720017,0.002422163,1.2112542,0.42829909,0.000637909,0.11041538,4.130511,0.70354767,288.374,287.679,289.462,-25.92,NaN,NaN,NaN,-0.0499909789748756,445.089340691722,46.483450916295,14.0709534,288.374,287.679,289.462,0.248954755336146+0i,0.000637909,20.8606295309028,525.021487800736,25.3380520239239,20.9350107405757,604.066,482.289,-9.9e+37,-9.9e+37
20260514191120.6,1458.44499617815,9.7880722,0.56752041,2.0030117,2.7300225,-0.000416089,-0.00072361,0.002432073,1.2114072,0.34298015,0.00063584,0.11467667,4.1302924,0.76251224,288.412,287.69,289.481,-25.97,NaN,NaN,NaN,-0.02579169343133,444.881080015869,54.3666650883116,15.2502448,288.412,287.69,289.481,0.278107973462793+0i,0.00063584,20.858202542299,524.883848466193,25.3244749067544,20.9347154201586,-9.9e+37,673.777,478.778,-9.9e+37
20260514191122.7,1460.53499691188,9.7877444,0.543019,2.0026401,2.7300006,-0.00041707,-0.000720234,0.002399622,1.2112869,0.11558742,0.000635405,-0.10674745,4.1303252,0.62136933,288.431,287.674,289.478,-26.01,NaN,NaN,NaN,-0.0493013784195284,444.866687750797,51.9178957805932,12.4273866,288.431,287.674,289.478,0.259879674541332+0i,0.000635405,20.8585667016137,524.883848466193,25.2560910780758,20.9351288149502,-9.9e+37,-9.9e+37,483.813,530.978
20260514191124.7,1462.60899491608,9.787952,0.74698079,2.002804,2.7299569,-0.000417723,-0.000723283,0.00241062,1.2114181,0.15063665,0.00063682,0.003391333,4.1302159,0.69984838,288.412,287.679,289.495,-26.03,NaN,NaN,NaN,-0.0389320636467545,444.83796893876,72.3026561392544,13.9969676,288.412,287.679,289.495,0.310132556431238+0i,0.00063682,20.8573532073119,523.785236323233,26.3907145670269,20.9350107405757,1089.684,372.286,516.448,573.096
20260514191126.8,1464.67199921608,9.7877116,0.61892716,2.002651,2.7300225,-0.000417505,-0.000725244,0.002393959,1.2113744,0.41089505,0.000637365,-0.013527112,4.1303908,0.59686795,288.379,287.674,289.5,-26.08,NaN,NaN,NaN,-0.0486117778641528,444.881080015869,59.5044621216069,11.937359,288.379,287.674,289.5,0.209560889641523+0i,0.000637365,20.8592950202433,525.433154537676,25.3517537018015,20.9373130563961,-9.9e+37,-9.9e+37,-9.9e+37,74.787
20260514191128.9,1466.75799675286,9.7884985,0.56893028,2.0026182,2.7301427,-0.000417287,-0.00072557,0.00240768,1.21144,0.12523606,0.000633554,0.057172027,4.1305547,0.66145239,288.395,287.658,289.5,-26.14,NaN,NaN,NaN,-0.0506869061408253,444.960073178499,54.507573157842,13.2290478,288.395,287.658,289.5,0.277471905079189+0i,0.000633554,20.8611147065752,526.257739278235,26.3907145670269,20.9346858343244,9.9e+37,342.339,490.016,608.268
20260514191131,1468.86299438775,9.7888264,0.50213498,2.0028259,2.7304924,-0.000417178,-0.000721541,0.002401582,1.2113853,0.36949706,0.000631376,-0.03594292,4.1308608,0.57090649,288.401,287.671,289.497,-26.19,NaN,NaN,NaN,-0.0375465359254292,445.189889392907,47.8317826404864,11.4181298,288.401,287.671,289.497,0.223064908740326+0i,0.000631376,20.8645131567656,524.334542394711,26.404416244904,20.9360438241115,472.999,-9.9e+37,-9.9e+37,372.056
20260514191133.1,1470.95699831843,9.7887062,0.66728282,2.0026838,2.7303722,-0.000416416,-0.000723283,0.002380347,1.2112651,0.1989454,0.000614497,-0.10673133,4.1308389,0.59462002,288.42,287.668,289.508,-26.21,NaN,NaN,NaN,-0.0465366495874946,445.110896230276,64.3373209677903,11.8924004,288.42,287.668,289.508,0.264963848315892+0i,0.000614497,20.8642700138085,524.472181729254,27.5663185289013,20.9358076753626,9.9e+37,-9.9e+37,-9.9e+37,680.62
20260514191135.2,1473.05100224912,9.7886515,0.61494308,2.002662,2.7302739,-0.000417941,-0.000721759,0.002391019,1.2113088,0.19587905,0.000634425,0.11336405,4.1307843,0.73495434,288.42,287.649,289.516,-26.21,NaN,NaN,NaN,-0.0479158506982031,445.046295332718,59.1062771672106,14.6990868,288.42,287.649,289.516,0.261919329572211+0i,0.000634425,20.8636638217784,524.883848466193,27.5390397338547,20.9355419407796,9.9e+37,680.468,378.706,570.193
20260514191137.3,1475.13299658895,9.7887608,0.45483888,2.0028805,2.7306017,-0.000414783,-0.000726006,0.002433597,1.21144,0.12225155,0.000636058,0.032056459,4.1302159,0.66628326,288.401,287.666,289.527,-26.22,NaN,NaN,NaN,-0.0340922065380482,445.261719282053,43.1048204756648,13.3256652,288.401,287.666,289.527,0.22345918218081+0i,0.000636058,20.8573532073119,525.296766469814,27.5527414117323,20.9355419407796,286.274,-9.9e+37,509.536,651.692
20260514191139.5,1477.33199894428,9.7881597,0.390309,2.0029243,2.7310061,-0.000417287,-0.000722195,0.002395375,1.2113635,0.22746254,0.000633445,0.00487561,4.1302269,0.55346537,288.417,287.655,289.549,-26.25,NaN,NaN,NaN,-0.0313211510953977,445.527483300088,36.6554451305418,11.0693074,288.417,287.655,289.549,0.198611556874338+0i,0.000633445,20.8574753339113,524.883848466193,26.4179933620735,20.9358961639029,-9.9e+37,-9.9e+37,-9.9e+37,417.139
20260514191141.7,1479.54699397087,9.7880504,0.56030411,2.0027385,2.7310936,-0.000415872,-0.00072361,0.002425757,1.2113744,0.43846608,0.000631267,-0.000546328,4.1302596,0.74791707,288.39,287.663,289.582,-26.31,NaN,NaN,NaN,-0.0430759935894969,445.584986642268,53.6454390872248,14.9583414,288.39,287.663,289.582,0.235810093690535+0i,0.000631267,20.8578383829843,524.883848466193,26.3907145670269,20.9360438241115,850.232,233.805,483.506,169.234
20260514191143.8,1481.62499517202,9.7879083,0.60921849,2.0027713,2.7305689,-0.000419139,-0.000725679,0.002436428,1.2113635,0.44941548,0.000635405,-0.054267725,4.1302378,0.68835339,288.39,287.652,289.557,-26.37,NaN,NaN,NaN,-0.0410008653128102,445.240163743499,58.5341386539058,13.7670678,288.39,287.652,289.557,0.264330459536857+0i,0.000635405,20.857596350269,525.296766469814,26.4316950399507,20.9354534522393,293.182,242.164,-9.9e+37,-9.9e+37
20260514191145.9,1483.8009942323,9.7879739,0.47146269,2.0028368,2.7305908,-0.000418267,-0.000723501,0.002428588,1.2113853,0.25475093,0.000615695,-0.00740071,4.1305001,0.75338194,288.398,287.633,289.563,-26.41,NaN,NaN,NaN,-0.0368569353700678,445.25455600857,44.7662708046599,15.0676388,288.398,287.633,289.563,0.194237285758354+0i,0.000615695,20.8605085145451,513.348420965114,25.2697927559529,20.9371064934814,843.233,706.023,631.423,-9.9e+37
20260514191148.1,1485.99200025201,9.7888264,0.48059847,2.0030336,2.7307985,-0.000417723,-0.000724046,0.002398315,1.2113525,0.12716648,0.00063486,-0.000464439,4.1304017,0.53838237,288.398,287.649,289.576,-26.41,NaN,NaN,NaN,-0.0244061657100048,445.391052513382,45.6793373451597,10.7676474,288.398,287.649,289.576,0.212553869643883+0i,0.00063486,20.8594160366009,522.961902849355,25.3244749067544,20.9363092897324,-9.9e+37,-9.9e+37,111.179,401.429
20260514191150.2,1488.09400051832,9.7888482,0.60835642,2.0030226,2.7308968,-0.00041707,-0.000722521,0.002399948,1.2113635,0.44582315,0.000631485,0.012705607,4.1305657,0.6695755,288.382,287.652,289.573,-26.52,NaN,NaN,NaN,-0.0251020928759687,445.45565341094,58.4479799162208,13.39151,288.382,287.652,289.573,0.271201245997942+0i,0.000631485,20.8612368331747,517.606481469093,25.3517537018015,20.9354238664052,436.267,574.41,90.589,-9.9e+37
20260514191152.4,1490.26899375021,9.7888045,0.51744604,2.0028259,2.7311045,-0.000415872,-0.000723828,0.002420747,1.2113962,0.32816017,0.00063388,-0.00710281,4.1302924,0.76151268,288.395,287.647,289.571,-26.57,NaN,NaN,NaN,-0.0375465359254292,445.592149915751,49.3620314627637,15.2302536,288.395,287.647,289.571,0.264953205844068+0i,0.00063388,20.858202542299,513.348420965114,26.404416244904,20.9349219830733,490.112,634.743,674.017,91.352
20260514191154.5,1492.34699495137,9.7888264,0.80873674,2.0030117,2.7302957,-0.000415981,-0.000725352,0.002424777,1.2113853,0.34755241,0.000630831,0.16908935,4.1305547,0.71830764,288.393,287.658,289.56,-26.63,NaN,NaN,NaN,-0.02579169343133,445.060621879684,78.4747937806796,14.3661528,288.393,287.658,289.56,0.325218771633667+0i,0.000630831,20.8611147065752,513.897727036587,26.404416244904,20.9351581318222,-9.9e+37,537.09,462.274,-9.9e+37
20260514191156.5,1494.40199285746,9.7887499,0.45132622,2.0029243,2.7299897,-0.000416852,-0.000719581,0.002407353,1.2113744,0.1548346,0.000635078,-0.1526052,4.1302269,0.61875256,288.409,287.647,289.53,-26.63,NaN,NaN,NaN,-0.0313211510953977,444.859524477314,42.7537511291884,12.3750512,288.409,287.647,289.53,0.228313112935931+0i,0.000635078,20.8574753339113,525.296766469814,26.404416244904,20.935364963699,-9.9e+37,-9.9e+37,562.419,461.312
20260514191158.7,1496.55099548399,9.7882034,0.63368058,2.0028805,2.7304159,-0.000414238,-0.000722303,0.002391564,1.2113525,0.13791292,0.000633663,-0.003328937,4.1302269,0.64631483,288.404,287.641,289.508,-26.68,NaN,NaN,NaN,-0.0340922065380482,445.139615042314,60.9789781629237,12.9262966,288.404,287.641,289.508,0.287973526841274+0i,0.000633663,20.8574753339113,526.120099943692,26.404416244904,20.9348630803672,1080.52,608.273,307.605,401.21
20260514191200.8,1498.71499501169,9.7886734,0.47072175,2.0026838,2.729782,-0.000414565,-0.000722848,0.002387099,1.2114181,0.22178269,0.000631049,0.00520843,4.1306422,0.57419982,288.417,287.639,289.489,-26.73,NaN,NaN,NaN,-0.0465366495874946,444.723027972503,44.6922182856064,11.4839964,288.417,287.639,289.489,0.226894274887349+0i,0.000631049,20.8620861681618,525.570793872214,26.4316950399507,20.9356008434858,-9.9e+37,156.24,144.16,286.273
20260514191203,1500.9060010314,9.7879739,0.58093818,2.0026947,2.7296727,-0.000416089,-0.000722521,0.002419005,1.2114509,0.39366235,0.000633554,-0.001062059,4.1310684,0.78311904,288.393,287.652,289.462,-26.81,NaN,NaN,NaN,-0.045847049032119,444.651198083356,55.7076909049493,15.6623808,288.393,287.652,289.462,0.279691518577809+0i,0.000633554,20.8668180187699,525.021487800736,25.2833698731229,20.9347745918269,-9.9e+37,800.556,639.724,-9.9e+37
20260514191205.1,1502.95299254358,9.7887717,0.5845938,2.0030554,2.7294651,-0.000415763,-0.000723066,0.002393959,1.2113853,0.45620074,0.000622337,-0.059045072,4.1310575,0.65082272,288.382,287.649,289.443,-26.79,NaN,NaN,NaN,-0.0230269645992962,444.51476729665,56.0730482479219,13.0164544,288.382,287.649,289.443,0.313365385577822+0i,0.000622337,20.8666970024123,525.708433206753,25.2833698731229,20.9336823366228,-9.9e+37,97.952,211.35,-9.9e+37
20260514191207.1,1505.003997311,9.7888264,0.53830162,2.0028478,2.7292137,-0.000417396,-0.000723175,0.002465177,1.2114727,0.41022177,0.000632465,-0.012153286,4.1315493,0.64275415,288.395,287.663,289.443,-26.9,NaN,NaN,NaN,-0.036161008204104,444.349551979801,51.4464218794241,12.855083,288.395,287.663,289.443,0.280865804377443+0i,0.000632465,20.8721571716499,525.021487800736,25.2833698731229,20.9343611970353,-9.9e+37,352.907,-9.9e+37,-9.9e+37
20260514191209.2,1507.05799944699,9.7884548,0.64350274,2.0026292,2.7287656,-0.000415327,-0.000727204,0.002394395,1.2113307,0.4491012,0.000635296,-0.060585506,4.1310794,0.66989741,288.393,287.677,289.457,-26.99,NaN,NaN,NaN,-0.0499909789748756,444.05506914973,61.9606442769759,13.3979482,288.393,287.677,289.457,0.274476280678611+0i,0.000635296,20.8669401453694,517.193563465472,24.7912305159107,20.9356008434858,974.202,637.882,-9.9e+37,-9.9e+37
20260514191211.3,1509.13999378681,9.7877334,0.65232752,2.0026292,2.7287656,-0.000416089,-0.000724808,0.00245701,1.2113197,0.16693307,0.000633445,-0.11328266,4.1310794,0.5982931,288.412,287.682,289.467,-26.99,NaN,NaN,NaN,-0.0499909789748756,444.05506914973,62.8426282285675,11.965862,288.412,287.682,289.467,0.304038776645655+0i,0.000633445,20.8669401453694,513.348420965114,24.4631376111024,20.934833494533,1460.712,379.917,368.759,473.976
20260514191213.4,1511.30799651146,9.7884111,0.55262949,2.0026292,2.7281426,-0.000417614,-0.000723828,0.002451238,1.2113744,0.24386154,0.000631811,0.00563729,4.1315821,0.58156782,288.409,287.685,289.481,-26.98,NaN,NaN,NaN,-0.0499909789748756,443.645645353402,52.8784067448248,11.6313564,288.409,287.685,289.481,0.26356383600881+0i,0.000631811,20.8725213309647,512.936754228166,25.2697927559529,20.9353353778649,9.9e+37,434.172,-9.9e+37,367.368
20260514191215.5,1513.39399404824,9.7885422,0.67339153,2.002651,2.7283393,-0.000417287,-0.000726115,0.00240474,1.2113525,0.21919208,0.000639325,-0.16205308,4.1314947,0.61280427,288.393,287.671,289.451,-27.06,NaN,NaN,NaN,-0.0486117778641528,443.774912866624,64.9478499764373,12.2560854,288.393,287.671,289.451,0.30142322473938+0i,0.000639325,20.8715509796199,525.570793872214,25.5567806271297,20.9347745918269,9.9e+37,279.062,207.46,543.929
20260514191217.7,1515.56199677289,9.7888045,0.41539092,2.0030445,2.7281972,-0.000414783,-0.000724372,0.002387099,1.2113962,0.34864691,0.000636929,-0.004581564,4.1310575,0.76110892,288.39,287.677,289.459,-27.09,NaN,NaN,NaN,-0.0237165651546434,443.681527438923,39.1622329388617,15.2221784,288.39,287.677,289.459,0.218048614690527+0i,0.000636929,20.8666970024123,525.433154537676,26.759787944759,20.935364963699,9.9e+37,678.095,432.039,360.841
20260514191219.8,1517.64400117099,9.7879739,0.58032273,2.0026838,2.7284814,-0.000415109,-0.000723392,0.002419223,1.2113416,0.30692701,0.000631158,-0.094152659,4.1315275,0.56382987,288.401,287.688,289.454,-27.11,NaN,NaN,NaN,-0.0465366495874946,443.868298294326,55.6461803604363,11.2765974,288.401,287.688,289.454,0.275863063411436+0i,0.000631158,20.8719151389346,524.472181729254,27.5527414117323,20.934833494533,-9.9e+37,-9.9e+37,-9.9e+37,416.039
20260514191221.9,1519.74600143731,9.787799,0.54191686,2.0026182,2.7282628,-0.000412714,-0.000724046,0.002415956,1.2113635,0.12809621,0.000635078,0.042338055,4.1312761,0.65883779,288.395,287.69,289.467,-27.13,NaN,NaN,NaN,-0.0506869061408253,443.724638516032,51.8077434830394,13.1767558,288.395,287.69,289.467,0.247803327849782+0i,0.000635078,20.8691239910161,523.785236323233,28.2225043385174,20.9354534522393,9.9e+37,288.966,299.588,745.007
20260514191224,1521.8199994415,9.788116,0.61525408,2.0030663,2.72823,-0.000416307,-0.000726333,0.002441764,1.2113635,0.14994917,0.000635296,-0.085326931,4.1310794,0.58753139,288.412,287.693,289.443,-27.16,NaN,NaN,NaN,-0.0223373640439348,443.703082977477,59.1373597561188,11.7506278,288.412,287.693,289.443,0.278133184734067+0i,0.000635296,20.8669401453694,525.570793872214,27.5527414117323,20.9350107405757,1493.784,-9.9e+37,77.84,788.467
20260514191226.1,1524.00000169873,9.7881378,0.80865162,2.0029898,2.7284486,-0.000416743,-0.000726768,0.002409205,1.2114072,0.19342269,0.000633989,0.00503602,4.1309263,0.56681002,288.398,287.696,289.465,-27.22,NaN,NaN,NaN,-0.0271772211526553,443.846742755772,78.4662865460562,11.3362004,288.398,287.696,289.465,0.275287383747441+0i,0.000633989,20.8652403651533,513.486060299648,29.4255116561471,20.936456949941,9.9e+37,287.643,-9.9e+37,581.015
20260514191228.3,1526.1679943651,9.7879957,0.55539248,2.002804,2.728077,-0.000415654,-0.000725897,0.002453525,1.2114618,0.12688931,0.000631049,-0.004347765,4.131298,0.66283061,288.406,287.701,289.457,-27.22,NaN,NaN,NaN,-0.0389320636467545,443.602534276292,53.15455106099,13.2566122,288.406,287.701,289.457,0.256969260463997+0i,0.000631049,20.8693671339732,513.897727036587,28.3592719958751,20.9354534522393,1565.764,883.735,339.775,362.702
20260514191230.4,1528.24599556625,9.7885859,0.56970723,2.0027275,2.7280879,-0.00041402,-0.000725679,0.002448843,1.2113962,0.45223739,0.00062996,0.098305344,4.1308826,0.6684057,288.39,287.698,289.481,-27.26,NaN,NaN,NaN,-0.0437719207554323,443.609697549776,54.5852246609037,13.368114,288.39,287.698,289.481,0.258353735302328+0i,0.00062996,20.8647551894809,514.310645040208,28.3865507909218,20.9355123549455,-9.9e+37,465.062,249.132,-9.9e+37
20260514191232.4,1530.30799403787,9.7887827,0.54645422,2.0029571,2.7281098,-0.000416525,-0.000722521,0.002444378,1.2113744,0.41054477,0.000632247,-0.00995022,4.1309701,0.63100707,288.379,287.704,289.5,-27.28,NaN,NaN,NaN,-0.029246022818711,443.624089814847,52.2612254624874,12.6201414,288.379,287.704,289.5,0.253190891120866+0i,0.000632247,20.8657266510675,513.761338968726,28.3455703179975,20.9355123549455,-9.9e+37,239.352,-9.9e+37,-9.9e+37
20260514191234.5,1532.37899467349,9.7885531,0.58948033,2.0026947,2.7280989,-0.000414238,-0.000720234,0.002432399,1.2113744,0.1738602,0.000635187,0.076559898,4.1303362,0.74342773,288.412,287.69,289.519,-27.3,NaN,NaN,NaN,-0.045847049032119,443.616926541364,56.5614276793605,14.8685546,288.412,287.69,289.519,0.263535197661761+0i,0.000635187,20.8586888282132,513.348420965114,27.5527414117323,20.9355419407796,9.9e+37,892.336,650.886,342.514
20260514191236.6,1534.43700000644,9.7888482,0.6626451,2.0030008,2.7278366,-0.000416089,-0.000724046,0.002441764,1.2113962,0.13013789,0.00062996,0.023637633,4.1312433,0.69211921,288.417,287.682,289.519,-27.36,NaN,NaN,NaN,-0.0264812939866772,443.444547951032,63.8738086069184,13.8423842,288.417,287.682,289.519,0.291455018482165+0i,0.00062996,20.8687598317013,513.897727036587,26.4453967178283,20.9352173034905,-9.9e+37,231.495,652.163,535.182
20260514191238.6,1536.51500120759,9.7887936,0.71497721,2.0026292,2.727607,-0.000416416,-0.000723066,0.002425103,1.2113635,0.11862977,0.000632029,0.01487829,4.1312542,0.61864016,288.401,287.698,289.524,-27.39,NaN,NaN,NaN,-0.0499909789748756,443.293659181149,69.1040898346576,12.3728032,288.401,287.698,289.524,0.323797361282159+0i,0.000632029,20.868880848059,514.310645040208,26.4179933620735,20.9345973457841,-9.9e+37,-9.9e+37,449.484,739.08
20260514191240.7,1538.58999498188,9.7894275,0.80981051,2.0027166,2.7279349,-0.000416525,-0.000721323,0.00242053,1.211429,0.45827625,0.000633336,0.036658714,4.1315712,0.64173822,288.376,287.696,289.5,-27.41,NaN,NaN,NaN,-0.0444615213108221,443.509148848591,78.5821106665057,12.8347644,288.376,287.696,289.5,0.311726268444091+0i,0.000633336,20.872400314607,514.173005705669,25.3654553796782,20.9355715266138,-9.9e+37,-9.9e+37,-9.9e+37,-9.9e+37
20260514191242.9,1540.73800183833,9.7886843,0.63064587,2.0027057,2.7278803,-0.00041304,-0.000725897,0.002438171,1.2112979,0.25257065,0.000633771,-0.00725994,4.1312433,0.75886972,288.398,287.671,289.511,-27.47,NaN,NaN,NaN,-0.0451511218661693,443.47326676307,60.6756770587903,15.1773944,288.398,287.671,289.511,0.296395762877159+0i,0.000633771,20.8687598317013,514.035366371131,25.2560910780758,20.9348630803672,752.096,572.742,615.848,131.734
20260514191245,1542.81999617815,9.7888373,0.54757164,2.0029024,2.727312,-0.00041707,-0.000721759,0.002410076,1.2114509,0.43534626,0.000635623,0.14825886,4.1313417,0.69619495,288.395,287.668,289.524,-27.5,NaN,NaN,NaN,-0.032706678816723,443.099790770368,52.3729049046024,13.923899,288.395,287.668,289.524,0.255991752613324+0i,0.000635623,20.8698523096456,513.212032897248,25.297071551,20.9355419407796,-9.9e+37,281.29,303.197,-9.9e+37
20260514191247.2,1545.02699486911,9.7886187,0.5831872,2.0027494,2.7274103,-0.000413694,-0.000725788,0.002381218,1.2115055,0.15373246,0.000612101,-0.000790036,4.131593,0.55784884,288.404,287.666,289.497,-27.53,NaN,NaN,NaN,-0.0423863930341355,443.164391667927,55.9324669953231,11.1569768,288.404,287.666,289.497,0.311739714615858+0i,0.000612101,20.8726423473223,526.257739278235,24.4768392889796,20.933741239329,-9.9e+37,-9.9e+37,160.717,366.996
20260514191249.2,1547.10499607027,9.7885422,0.48307884,2.0026292,2.7276945,-0.000415763,-0.00072459,0.002444487,1.2113416,0.13085047,0.000634207,-0.098404902,4.1313963,0.62649483,288.409,287.652,289.5,-27.57,NaN,NaN,NaN,-0.0499909789748756,443.35116252333,45.9272354835846,12.5298966,288.409,287.652,289.5,0.257745996437816+0i,0.000634207,20.8704585016756,525.570793872214,24.4631376111024,20.9346565174524,9.9e+37,295.94,368.688,653.98
20260514191251.4,1549.25800189376,9.7881925,0.42587875,2.0026292,2.7275961,-0.000414674,-0.000722412,0.002430004,1.2113416,0.24596761,0.000634751,0.00563074,4.1308936,0.55415502,288.406,287.647,289.5,-27.61,NaN,NaN,NaN,-0.0499909789748756,443.286495907666,40.2104287858994,11.0831004,288.406,287.647,289.5,0.22293723541867+0i,0.000634751,20.8648773160803,524.334542394711,24.4631376111024,20.9353942805711,1457.57,186.24,-9.9e+37,515.191
20260514191253.5,1551.34399943054,9.7879192,0.53835509,2.0027494,2.7280661,-0.000415109,-0.000723175,0.002412145,1.2114181,0.42279602,0.000631049,0.11545647,4.1309482,0.71512671,288.39,287.649,289.476,-27.65,NaN,NaN,NaN,-0.0423863930341355,443.595371002809,51.4517658859479,14.3025342,288.39,287.649,289.476,0.273404631422947+0i,0.000631049,20.8654835081104,525.846072541292,24.5042426447344,20.9346269316183,1166.237,738.473,-9.9e+37,-9.9e+37
20260514191255.7,1553.5509981215,9.7877553,0.71018125,2.0026292,2.7282737,-0.00041707,-0.00072459,0.002435122,1.2113635,0.14359058,0.000634098,-0.000633336,4.1312214,0.53040985,288.412,287.639,289.476,-27.77,NaN,NaN,NaN,-0.0499909789748756,443.731801789515,68.6247623327284,10.608197,288.412,287.639,289.476,0.282869163053952+0i,0.000634098,20.8685166887442,525.021487800736,25.3107732288772,20.9356008434858,504.002,199.663,-9.9e+37,498.815
20260514191257.8,1555.62899932265,9.7887827,0.63764065,2.0028259,2.7292246,-0.000417287,-0.000724264,0.004853365,1.2116913,0.26562721,0.000632465,-0.023445534,4.1315493,0.61249327,288.395,287.663,289.454,-27.75,NaN,NaN,NaN,-0.0375465359254292,444.356715253284,61.3747634615011,12.2498654,288.395,287.663,289.454,0.264054880687429+0i,0.000632465,20.8721571716499,525.570793872214,26.363311211272,20.9356600151541,9.9e+37,438.102,293.464,715.766
20260514191259.8,1557.70700052381,9.7888155,0.6719402,2.0028805,2.72917,-0.000416852,-0.000720997,0.002373922,1.2113962,0.44563437,0.000630613,0.094884176,4.1314072,0.66827475,288.385,287.639,289.44,-27.76,NaN,NaN,NaN,-0.0340922065380482,444.320833167764,64.8027982280125,13.365495,288.385,287.639,289.44,0.274378049889137+0i,0.000630613,20.8705795180333,525.159127135271,26.4453967178283,20.9355715266138,574.534,546.179,-9.9e+37,-9.9e+37
20260514191301.9,1559.77300219238,9.7892854,0.7148659,2.0026729,2.7294979,-0.000414238,-0.000725135,0.002375883,1.211429,0.42363736,0.000634425,-0.036340933,4.1313526,0.65054118,288.404,287.636,289.429,-27.82,NaN,NaN,NaN,-0.047226250142856,444.536322835205,69.0929650662609,13.0108236,288.404,287.636,289.429,0.351894220124579+0i,0.000634425,20.8699733260032,524.747460398332,27.5253380559775,20.9335050905801,-9.9e+37,440.936,-9.9e+37,-9.9e+37
20260514191303.9,1561.81600056589,9.7893401,0.58089344,2.002804,2.729323,-0.000414238,-0.00072361,0.002436755,1.2113962,0.40904106,0.000632247,-0.00993149,4.1309154,0.61510022,288.385,287.633,289.397,-27.85,NaN,NaN,NaN,-0.0389320636467545,444.421381868948,55.7032194096832,12.3020044,288.385,287.633,289.397,0.263708292157757+0i,0.000632247,20.8651193487956,525.982460609158,26.4453967178283,20.9352468893246,483.436,448.183,-9.9e+37,-9.9e+37
20260514191306,1563.88700120151,9.7892417,0.68405286,2.0026729,2.7293339,-0.000416089,-0.00072557,0.004774524,1.2116585,0.19797202,0.00063192,0.006899185,4.1309482,0.73364704,288.404,287.641,289.397,-27.88,NaN,NaN,NaN,-0.047226250142856,444.428545142431,66.0133861102131,14.6729408,288.404,287.641,289.397,0.274750823199593+0i,0.00063192,20.8654835081104,525.021487800736,26.7051057939575,20.9356304293199,9.9e+37,996.483,599.071,365.14
20260514191308.2,1566.07799716294,9.7888592,0.55575259,2.0030117,2.729629,-0.000414892,-0.00072655,0.002446011,1.21144,0.24502588,0.000635187,0.00523353,4.1309373,0.55049613,288.395,287.633,289.383,-27.94,NaN,NaN,NaN,-0.02579169343133,444.622479271318,53.1905419005132,11.0099226,288.395,287.633,289.383,0.231245880012335+0i,0.000635187,20.8653624917527,524.747460398332,27.5253380559775,20.9361323126518,-9.9e+37,84.142,-9.9e+37,305.364
20260514191310.4,1568.28099265695,9.7884766,0.54326344,2.0026401,2.7293776,-0.000417178,-0.000725135,0.004888538,1.2117241,0.17818256,0.00063192,-0.000706622,4.1315384,0.59569269,288.398,287.644,289.342,-28.03,NaN,NaN,NaN,-0.0493013784195284,444.457263954469,51.9423260958109,11.9138538,288.398,287.644,289.342,0.240385654680906+0i,0.00063192,20.8720361552923,525.296766469814,26.5000788686293,20.9357485036944,1293.104,125.718,223.875,559.67
20260514191312.5,1570.35099752247,9.7891215,0.61673488,2.0026182,2.729476,-0.000415109,-0.000724917,0.002386119,1.211429,0.12060271,0.000635514,-0.10068657,4.1312105,0.6105858,288.39,287.671,289.332,-28.06,NaN,NaN,NaN,-0.0506869061408253,444.521930570133,59.2853568546886,12.211716,288.39,287.671,289.332,0.220631139876864+0i,0.000635514,20.8683956723866,524.472181729254,26.404416244904,20.9369292474387,9.9e+37,312.971,304.377,704.521
20260514191314.6,1572.43699505925,9.7889794,0.57524631,2.002651,2.7294323,-0.000415327,-0.000727313,0.002459732,1.2113307,0.39784612,0.000631485,0.10071585,4.1311449,0.70910857,288.387,287.671,289.288,-28.02,NaN,NaN,NaN,-0.0486117778641528,444.493211758096,55.1388225598409,14.1821714,288.387,287.671,289.288,0.24978463124146+0i,0.000631485,20.8676673537571,524.747460398332,26.4316950399507,20.9356896009882,587.984,501.165,-9.9e+37,123.016
20260514191316.6,1574.5149962604,9.7895477,0.47274708,2.002968,2.7297383,-0.000415872,-0.00072557,0.002397771,1.2113744,0.35982549,0.000632029,0.10339522,4.1313307,0.71381723,288.393,287.69,289.299,-28.17,NaN,NaN,NaN,-0.0285564222633639,444.694309160465,44.89463789909,14.2763446,288.393,287.69,289.299,0.22512015457707+0i,0.000632029,20.8697301830461,525.159127135271,26.4590983957055,20.9356896009882,-9.9e+37,685.24,394.559,-9.9e+37
20260514191318.7,1576.59399323165,9.7891324,0.70473492,2.0026182,2.7294869,-0.000412496,-0.00072263,0.002409858,1.2113635,0.40015626,0.000635078,0.015807388,4.1312214,0.70375173,288.385,287.688,289.283,-28.2,NaN,NaN,NaN,-0.0506869061408253,444.529093843616,68.080434241255,14.0750346,288.385,287.688,289.283,0.285244162194932+0i,0.000635078,20.8685166887442,525.021487800736,26.4316950399507,20.9354534522393,-9.9e+37,541.863,381.338,-9.9e+37
20260514191320.8,1578.67599762976,9.7891652,0.56491782,2.002651,2.7293448,-0.000416961,-0.000722848,0.002427717,1.2115055,0.21734463,0.000633336,-0.11991044,4.1309919,0.61490816,288.393,287.696,289.234,-28.22,NaN,NaN,NaN,-0.0486117778641528,444.435708415915,54.1065517922778,12.2981632,288.393,287.696,289.234,0.269785414531163+0i,0.000633336,20.8659686837828,525.159127135271,27.5663185289013,20.9348926662013,-9.9e+37,-9.9e+37,320.909,281.726
20260514191322.9,1580.76199516654,9.7884985,0.53014249,2.0026838,2.7293448,-0.000415872,-0.000721977,0.00236826,1.2113962,0.27865432,0.000632138,0.11846253,4.1310029,0.76475908,288.401,287.701,289.231,-28.23,NaN,NaN,NaN,-0.0465366495874946,444.435708415915,50.6309656619376,15.2951816,288.401,287.701,289.231,0.265311476912116+0i,0.000632138,20.8660908103822,525.021487800736,28.3318686401203,20.9347154201586,9.9e+37,897.75,485.78,165.65
20260514191325,1582.83200003207,9.7888155,0.42447979,2.0028587,2.7298476,-0.000415872,-0.000720452,0.002417807,1.211429,0.21738282,0.000633336,0.10641554,4.1315275,0.72859901,288.398,287.701,289.242,-28.27,NaN,NaN,NaN,-0.0354714076487426,444.766139049612,40.0706111055812,14.5719802,288.398,287.701,289.242,0.213971864949168+0i,0.000633336,20.8719151389346,513.897727036587,27.5527414117323,20.9358369922347,-9.9e+37,607.263,691.966,105.196
20260514191327,1584.91000123322,9.7884329,0.46052419,2.0026401,2.7293995,-0.000413585,-0.000724264,0.002397117,1.2114727,0.30960816,0.000634643,0.1017007,4.1310466,0.72962368,288.387,287.704,289.288,-28.28,NaN,NaN,NaN,-0.0493013784195284,444.471656219541,43.6730331880297,14.5924736,288.387,287.704,289.288,0.25293848795546+0i,0.000634643,20.8665759860546,513.348420965114,28.3592719958751,20.9347154201586,-9.9e+37,463.829,659.743,-9.9e+37
20260514191329.1,1587.00799830258,9.7880176,0.49066397,2.0027057,2.7297492,-0.000415545,-0.000723501,0.002425648,1.2113962,0.10377921,0.000628327,0.051795199,4.1315493,0.67981341,288.395,287.704,289.296,-28.26,NaN,NaN,NaN,-0.0451511218661693,444.701472433949,46.6853238360122,13.5962682,288.395,287.704,289.296,0.230144815101073+0i,0.000628327,20.8721571716499,514.035366371131,28.3455703179975,20.9358369922347,-9.9e+37,90.765,820.499,404.675
20260514191331.2,1589.08199630678,9.7880832,0.46761284,2.0030336,2.7294323,-0.000413476,-0.000724155,0.002422708,1.21144,0.1074905,0.000616239,0.033423209,4.130981,0.64876464,288.414,287.707,289.291,-28.22,NaN,NaN,NaN,-0.0244061657100048,444.493211758096,44.381501335502,12.9752928,288.414,287.707,289.291,0.23663166874786+0i,0.000616239,20.8658476674251,513.486060299648,28.3729736737523,20.9353942805711,-9.9e+37,-9.9e+37,653.775,643.375
20260514191333.3,1591.15999750793,9.7880067,0.6343124,2.0028696,2.7293448,-0.000414674,-0.000724264,0.00241258,1.211276,0.42702672,0.000630831,-0.027120428,4.1309373,0.59580946,288.385,287.72,289.296,-28.34,NaN,NaN,NaN,-0.0347818070933954,444.435708415915,61.042124790975,11.9161892,288.385,287.72,289.296,0.262889041723703+0i,0.000630831,20.8653624917527,514.44703310807,28.3865507909218,20.9358369922347,-9.9e+37,-9.9e+37,-9.9e+37,115.747
20260514191335.5,1593.32800023258,9.7881269,0.51271228,2.0029352,2.7297383,-0.000413585,-0.000720997,0.002408878,1.2113635,0.29572445,0.000631158,-0.00756003,4.1309263,0.76647451,288.39,287.734,289.31,-28.38,NaN,NaN,NaN,-0.0306315505400363,444.694309160465,48.8889204786161,15.3294902,288.39,287.734,289.31,0.266946739385681+0i,0.000631158,20.8652403651533,512.936754228166,28.400252468799,20.9347450059927,1598.34,611.346,577.673,107.973
20260514191337.6,1595.50399929285,9.7880722,0.55010547,2.0027166,2.7298476,-0.000415981,-0.000719799,0.002416609,1.2113088,0.18282467,0.000630831,0.002967076,4.1310466,0.56075588,288.404,287.717,289.318,-28.46,NaN,NaN,NaN,-0.0444615213108221,444.766139049612,52.626146050111,11.2151176,288.404,287.717,289.318,0.270986182410358+0i,0.000630831,20.8665759860546,525.296766469814,29.4938954848258,20.9346565174524,-9.9e+37,-9.9e+37,-9.9e+37,344.059
20260514191339.7,1597.57799729705,9.7885094,0.69412925,2.0028696,2.7298148,-0.000412496,-0.000719799,0.002445358,1.2113307,0.16958804,0.000625822,-0.11248926,4.1314619,0.62138133,288.387,287.72,289.342,-28.53,NaN,NaN,NaN,-0.0347818070933954,444.744583511058,67.0204609913976,12.4276266,288.387,287.72,289.342,0.302227052216267+0i,0.000625822,20.8711868203051,525.159127135271,28.400252468799,20.9348039086989,1396.703,-9.9e+37,310.931,551.416
20260514191341.8,1599.65199530125,9.7886624,0.53680991,2.002662,2.7296946,-0.000414129,-0.000725461,0.002390257,1.2113197,0.13657507,0.000635732,0.013436077,4.1314947,0.68530777,288.395,287.72,289.356,-28.58,NaN,NaN,NaN,-0.0479158506982031,444.665590348428,51.2973343916421,13.7061554,288.395,287.72,289.356,0.268132825900442+0i,0.000635732,20.8715509796199,513.348420965114,28.3865507909218,20.9349219830733,9.9e+37,412.491,453.77,685.511
20260514191343.9,1601.73399969935,9.7884438,0.62538286,2.0026401,2.7294979,-0.000413367,-0.00072459,0.00238013,1.2113088,0.38575091,0.000635187,0.11157348,4.1312542,0.68688569,288.395,287.717,289.37,-28.64,NaN,NaN,NaN,-0.0493013784195284,444.536322835205,60.14967070429,13.7377138,288.395,287.717,289.37,0.282514070281977+0i,0.000635187,20.868880848059,514.035366371131,28.3592719958751,20.9351581318222,-9.9e+37,384.813,258.162,91.68
20260514191346,1603.82799357176,9.7887827,0.78526003,2.0030117,2.7300334,-0.000417941,-0.000725788,0.002398206,1.2113962,0.37880415,0.000628436,0.099317963,4.1309919,0.7300689,288.409,287.745,289.364,-28.65,NaN,NaN,NaN,-0.02579169343133,444.888243289352,76.1284371059329,14.601378,288.409,287.745,289.364,0.361346945827259+0i,0.000628436,20.8659686837828,525.570793872214,27.5116363780999,20.933711922457,-9.9e+37,478.471,454.686,-9.9e+37
20260514191348,1605.90200163424,9.7884985,0.59946945,2.0026182,2.7301427,-0.000416307,-0.000723392,0.002407898,1.2113635,0.25669004,0.000629198,0.10486084,4.1312761,0.75566369,288.404,287.739,289.394,-28.61,NaN,NaN,NaN,-0.0506869061408253,444.960073178499,57.5597804462876,15.1132738,288.404,287.739,289.394,0.292099191235779+0i,0.000629198,20.8691239910161,524.609821063793,27.5663185289013,20.9344496855756,-9.9e+37,600.966,710.568,-9.9e+37
20260514191350.1,1607.9999987036,9.7888264,0.68410524,2.0029352,2.7304159,-0.000414456,-0.000724046,0.004828863,1.2117132,0.23264479,0.000634969,-0.015140182,4.1314182,0.67184744,288.398,287.715,289.383,-28.61,NaN,NaN,NaN,-0.0306315505400363,445.139615042314,66.0186211777598,13.4369488,288.398,287.715,289.383,0.327389994988968+0i,0.000634969,20.8707016446327,512.525087491227,26.404416244904,20.9343022943291,-9.9e+37,-9.9e+37,820.126,432.575
20260514191352.2,1610.0739967078,9.7887827,0.59522674,2.0027931,2.7304706,-0.000413258,-0.000725135,0.002440458,1.2113744,0.37043006,0.000622882,0.1141139,4.1315821,0.73290064,288.376,287.747,289.399,-28.75,NaN,NaN,NaN,-0.0396216642021017,445.17556284594,57.1357469710897,14.6580128,288.376,287.747,289.399,0.330267536037533+0i,0.000622882,20.8725213309647,513.212032897248,26.3907145670269,20.9334461878739,-9.9e+37,310.293,515.619,-9.9e+37
20260514191354.3,1612.14400157332,9.7881597,0.45998403,2.0029133,2.7303722,-0.000414565,-0.000722412,0.002420312,1.2114072,0.14081777,0.000631485,-0.11442344,4.1313745,0.61434399,288.39,287.742,289.408,-28.78,NaN,NaN,NaN,-0.0320170782613616,445.110896230276,43.619047428465,12.2868798,288.39,287.742,289.408,0.272188852269854+0i,0.000631485,20.8702164689603,524.198154326854,26.4453967178283,20.9338299968314,-9.9e+37,-9.9e+37,496.909,474.273
20260514191356.4,1614.23799544573,9.7878646,0.58888124,2.0026292,2.7302301,-0.000413912,-0.000721323,0.00240278,1.2114181,0.11706385,0.000630287,0.020864607,4.131451,0.64219763,288.425,287.726,289.418,-28.83,NaN,NaN,NaN,-0.0499909789748756,445.017510802575,56.5015522189457,12.8439526,288.425,287.726,289.418,0.325901120981351+0i,0.000630287,20.8710658039475,525.296766469814,27.5253380559775,20.9332396249592,1295.174,-9.9e+37,434.676,706.167
20260514191358.4,1616.30800031126,9.7881488,0.52152614,2.0030117,2.7303066,-0.000414456,-0.000725461,0.002430548,1.21144,0.27476955,0.000630069,-0.1176806,4.131298,0.59470404,288.401,287.736,289.389,-28.85,NaN,NaN,NaN,-0.02579169343133,445.067785153167,49.7698130415554,11.8940808,288.401,287.736,289.389,0.249333671919718+0i,0.000630069,20.8693671339732,524.060514992315,27.5116363780999,20.9352468893246,804.342,-9.9e+37,-9.9e+37,571.743
20260514191400.5,1618.40199418366,9.7887062,0.52479111,2.0026838,2.7303285,-0.000414565,-0.000725897,0.002451347,1.211429,0.17071637,0.000635187,-0.09688832,4.1315384,0.63169563,288.401,287.728,289.378,-28.8,NaN,NaN,NaN,-0.0465366495874946,445.082177418239,50.0961272547628,12.6339126,288.401,287.728,289.378,0.265230026137501+0i,0.000635187,20.8720361552923,525.708433206753,27.4980592609309,20.9346858343244,9.9e+37,-9.9e+37,-9.9e+37,772.201
20260514191402.6,1620.50799764693,9.7888482,0.57405905,2.0029571,2.7303504,-0.000411516,-0.000723501,0.002419114,1.2113635,0.4092593,0.000637038,-0.02083618,4.1313526,0.61386167,288.398,287.736,289.378,-28.87,NaN,NaN,NaN,-0.029246022818711,445.09656968331,55.0201630276637,12.2772334,288.398,287.736,289.378,0.284485490314988+0i,0.000637038,20.8699733260032,523.785236323233,28.3592719958751,20.9344792714097,9.9e+37,-9.9e+37,-9.9e+37,321.65
20260514191404.7,1622.60099574924,9.7880285,0.54613449,2.0026729,2.7303394,-0.00040912,-0.000721323,0.002437953,1.2114618,0.21186448,0.000636603,-0.10592224,4.1315384,0.62781085,288.409,287.717,289.367,-28.91,NaN,NaN,NaN,-0.047226250142856,445.089340691722,52.2292703623215,12.556217,288.409,287.717,289.367,0.270537307150121+0i,0.000636603,20.8720361552923,524.334542394711,29.466492129071,20.9346565174524,9.9e+37,127.618,-9.9e+37,606.898
20260514191406.8,1624.70299601555,9.7880613,0.50524173,2.0029571,2.7300006,-0.000413476,-0.000722412,0.002416174,1.2114727,0.27543301,0.000638345,-0.1049228,4.1309482,0.6175402,288.39,287.731,289.348,-28.95,NaN,NaN,NaN,-0.029246022818711,444.866687750797,48.1422837115167,12.350804,288.39,287.731,289.348,0.218221023424423+0i,0.000638345,20.8654835081104,524.472181729254,29.452915011902,20.9361323126518,9.9e+37,-9.9e+37,-9.9e+37,614.989
20260514191408.9,1626.81199684739,9.7877334,0.62998786,2.0026292,2.7307329,-0.000412496,-0.000724481,0.002416501,1.211429,0.39204406,0.000632465,-0.006835592,4.1312324,0.61873619,288.379,287.755,289.323,-28.9,NaN,NaN,NaN,-0.0499909789748756,445.347941436272,60.6099128969656,12.3747238,288.379,287.755,289.323,0.29603348250757+0i,0.000632465,20.8686388153437,514.85995111169,28.4139541466766,20.9347450059927,9.9e+37,244.398,-9.9e+37,358.943
20260514191411,1628.89799438417,9.7880832,0.61748892,2.0030117,2.7306455,-0.00041108,-0.000724481,0.002406373,1.21144,0.29840888,0.000636712,-0.096067905,4.1310029,0.6217829,288.385,287.75,289.329,-29.02,NaN,NaN,NaN,-0.02579169343133,445.290503812197,59.3607186403488,12.435658,288.385,287.75,289.329,0.265288036730639+0i,0.000636712,20.8660908103822,522.961902849355,28.687364900683,20.9354534522393,9.9e+37,256.398,-9.9e+37,450.912
20260514191413.1,1630.96500188112,9.7877881,0.39591137,2.002651,2.7306017,-0.000412387,-0.000727095,0.00240572,1.2114181,0.4483919,0.000631811,0.03027188,4.1310684,0.67975776,288.39,287.772,289.304,-29.05,NaN,NaN,NaN,-0.0486117778641528,445.261719282053,37.2153684862377,13.5951552,288.39,287.772,289.304,0.221034205203187+0i,0.000631811,20.8668180187699,524.747460398332,28.3592719958751,20.9349811547416,9.9e+37,725.387,-9.9e+37,-9.9e+37
20260514191415.2,1633.03899988532,9.7887717,0.51911889,2.0029898,2.7306564,-0.000413149,-0.000723828,0.002392761,1.2114072,0.37181592,0.000635296,-0.053929713,4.1309701,0.55329513,288.393,287.766,289.264,-29.04,NaN,NaN,NaN,-0.0271772211526553,445.29766708568,49.5292228095645,11.0659026,288.393,287.766,289.264,0.261936865310986+0i,0.000635296,20.8657266510675,514.173005705669,29.507597162703,20.9349219830733,1315.339,260.516,-9.9e+37,220.9
20260514191417.3,1635.12900061905,9.7886624,0.47076321,2.0027931,2.7305799,-0.000413585,-0.000727095,0.002413996,1.2114072,0.32631491,0.00063584,0.11628506,4.1309263,0.71926792,288.395,287.774,289.242,-29.07,NaN,NaN,NaN,-0.0396216642021017,445.247392735087,44.6963619645008,14.3853584,288.395,287.774,289.242,0.24690983158597+0i,0.00063584,20.8652403651533,513.623699634191,28.3729736737523,20.9350400574478,9.9e+37,1103.04,218.658,139.658
20260514191419.4,1637.29300014675,9.7887608,0.85506925,2.0029243,2.7306236,-0.000413912,-0.000721977,0.002455376,1.2114946,0.34032083,0.000635514,-0.00701551,4.1311012,0.76617006,288.395,287.769,289.253,-29.06,NaN,NaN,NaN,-0.0313211510953977,445.276111547125,83.1054508913338,15.3234012,288.395,287.769,289.253,0.288447364775977+0i,0.000635514,20.8671821780847,525.296766469814,28.3592719958751,20.9361027268177,-9.9e+37,517.581,643.175,-9.9e+37
20260514191421.7,1639.52699527144,9.7888155,0.62044833,2.002968,2.7309406,-0.000411516,-0.000724264,0.004856414,1.2117023,0.21057683,0.000634969,-0.000684299,4.1309919,0.5210209,288.39,287.777,289.245,-29.12,NaN,NaN,NaN,-0.0285564222633639,445.484437941083,59.6564939600939,10.420418,288.39,287.777,289.245,0.305465738332444+0i,0.000634969,20.8659686837828,525.159127135271,28.4139541466766,20.9341546341206,-9.9e+37,-9.9e+37,-9.9e+37,533.809
20260514191423.8,1641.62099920213,9.7884329,0.53986426,2.0026401,2.7307329,-0.000412387,-0.000724481,0.004878846,1.2117569,0.21654367,0.000634643,0.014220562,4.1312542,0.66631599,288.401,287.785,289.266,-29.22,NaN,NaN,NaN,-0.0493013784195284,445.347941436272,51.6025983962455,13.3263198,288.401,287.785,289.266,0.242069631287304+0i,0.000634643,20.868880848059,525.021487800736,28.3865507909218,20.9356008434858,1528.635,686.28,-9.9e+37,-9.9e+37
20260514191425.8,1643.71099993587,9.7881488,0.32609448,2.0029461,2.7309952,-0.000413585,-0.000722412,0.004883855,1.2116695,0.21519818,0.00063094,0.010063363,4.1307296,0.71772274,288.382,287.78,289.269,-29.28,NaN,NaN,NaN,-0.0299419499846891,445.520320026604,30.2375881302357,14.3544548,288.382,287.78,289.269,0.187282665572143+0i,0.00063094,20.8630565195066,524.883848466193,28.4276558245533,20.9355123549455,-9.9e+37,867.759,553.592,-9.9e+37
20260514191427.9,1645.79299427569,9.7881269,0.54342712,2.0030554,2.7301864,-0.000412496,-0.000724155,0.004862076,1.2117569,0.26011977,0.000633771,-0.033357198,4.130511,0.60942474,288.391,287.795,289.277,-29.35,NaN,NaN,NaN,-0.0230269645992962,444.988791990537,51.9586849323141,12.1884948,288.391,287.795,289.277,0.258567088496481+0i,0.000633771,20.8606295309028,524.883848466193,28.3318686401203,20.9350696432819,-9.9e+37,-9.9e+37,424.779,448.444
20260514191430,1647.87099547684,9.7879192,0.54328308,2.0027713,2.7299678,-0.000409774,-0.000722957,0.00487645,1.2117569,0.29832703,0.000637365,-0.008210396,4.1302159,0.59465821,288.389,287.79,289.28,-29.33,NaN,NaN,NaN,-0.0410008653128102,444.845132212243,51.9442889962809,11.8931642,288.389,287.79,289.28,0.241998372047476+0i,0.000637365,20.8573532073119,526.395378612774,28.4549346196004,20.9356008434858,520.265,-9.9e+37,-9.9e+37,201.38
20260514191432.1,1649.97999630868,9.7879192,0.43872688,2.0026401,2.7302301,-0.000411516,-0.000725788,0.004885162,1.2117023,0.32223696,0.000636494,0.007478183,4.1307405,0.70003498,288.375,287.792,289.299,-29.37,NaN,NaN,NaN,-0.0493013784195284,445.017510802575,41.4945224933871,14.0006996,288.375,287.792,289.299,0.242622948850548+0i,0.000636494,20.8631775358642,524.747460398332,28.3455703179975,20.9346269316183,9.9e+37,726.324,-9.9e+37,-9.9e+37
20260514191434.2,1652.07799337804,9.7874711,0.60255326,2.002662,2.7303285,-0.000413258,-0.000724155,0.002423688,1.2115055,0.10536806,0.000632356,0.05819826,4.130828,0.69653105,288.405,287.765,289.31,-29.39,NaN,NaN,NaN,-0.0479158506982031,445.082177418239,57.8679888015959,13.930621,288.405,287.765,289.31,0.27623330280354+0i,0.000632356,20.8641489974508,525.159127135271,28.3865507909218,20.9349515689075,1274.507,656.647,668.727,401.37
20260514191436.4,1654.24199290574,9.7878099,0.60619032,2.0026838,2.7299678,-0.0004101,-0.000722412,0.002387425,1.2113962,0.25355603,0.000633771,0.00543759,4.1315275,0.53462854,288.408,287.757,289.343,-29.48,NaN,NaN,NaN,-0.0465366495874946,444.845132212243,58.2314911836356,10.6925708,288.408,287.757,289.343,0.259494341234069+0i,0.000633771,20.8719151389346,525.846072541292,28.3318686401203,20.9355123549455,-9.9e+37,-9.9e+37,-9.9e+37,383.125
20260514191438.6,1656.47599808872,9.787952,0.44255601,2.0027494,2.729946,-0.000411298,-0.00072459,0.004816231,1.2117569,0.36542677,0.000634969,-0.001220502,4.1315493,0.71422972,288.376,287.764,289.359,-29.51,NaN,NaN,NaN,-0.0423863930341355,444.830805665276,41.877221122538,14.2845944,288.376,287.764,289.359,0.181373527933186+0i,0.000634969,20.8721571716499,525.570793872214,27.5800202067785,20.937017735979,1447.614,881.844,395.394,-9.9e+37
20260514191440.7,1658.54299552739,9.7881378,0.58088798,2.0029898,2.7309624,-0.000412278,-0.000723937,0.00485674,1.2116804,0.27381909,0.000636603,0.003614459,4.1306094,0.72205055,288.409,287.742,289.378,-29.59,NaN,NaN,NaN,-0.0271772211526553,445.49876448805,55.702673715357,14.441011,288.409,287.742,289.378,0.259445253886833+0i,0.000636603,20.861722008847,518.018148206032,27.5663185289013,20.9355123549455,-9.9e+37,473.862,754.108,474.129
20260514191442.7,1660.61300039291,9.7888482,0.55635931,2.002968,2.7309624,-0.000409882,-0.000724481,0.004846831,1.211746,0.32092857,0.000633771,-0.00154904,4.1306531,0.61730122,288.398,287.747,289.389,-29.61,NaN,NaN,NaN,-0.0285564222633639,445.49876448805,53.2511799337684,12.3460244,288.398,287.747,289.389,0.204241683855155+0i,0.000633771,20.8622071845194,513.623699634191,28.3182915229509,20.9372538847279,-9.9e+37,-9.9e+37,-9.9e+37,-9.9e+37
20260514191444.9,1662.7189937979,9.788116,0.68307512,2.002804,2.7311154,-0.000410754,-0.000723828,0.002414867,1.211429,0.11715224,0.000634316,-0.084199321,4.1311777,0.63498678,288.409,287.736,289.383,-29.6,NaN,NaN,NaN,-0.0389320636467545,445.599313189235,65.9156668482226,12.6997356,288.409,287.736,289.383,0.245223541216733+0i,0.000634316,20.8680315130718,514.173005705669,27.5116363780999,20.936722684524,1333.746,161.558,478.365,554.304
20260514191446.9,1664.79300186038,9.7880613,0.62047779,2.0027494,2.7310826,-0.00040716,-0.000726006,0.002362053,1.2115274,0.43851846,0.00063388,0.10387534,4.1308826,0.69662162,288.395,287.745,289.438,-29.6,NaN,NaN,NaN,-0.0423863930341355,445.57775765068,59.6594383107988,13.9324324,288.395,287.745,289.438,0.206973292741174+0i,0.00063388,20.8647551894809,514.722311777147,27.5937218846561,20.937549205145,594.073,494.01,106.706,-9.9e+37
20260514191449,1666.90199263394,9.788116,0.57154705,2.0030773,2.7307438,-0.000411298,-0.000722521,0.002388732,1.2114837,0.28217681,0.000633989,0.11449688,4.1303362,0.7197808,288.393,287.734,289.438,-29.76,NaN,NaN,NaN,-0.0216414368779709,445.355104709755,54.7691036600196,14.395616,288.393,287.734,289.438,0.218007416364257+0i,0.000633989,20.8586888282132,526.120099943692,26.4179933620735,20.9366930986898,-9.9e+37,788.71,594.822,-9.9e+37
20260514191451.1,1668.98399703205,9.788105,0.61394133,2.0028368,2.7310936,-0.000409447,-0.000724917,0.004860769,1.2117788,0.34982435,0.000631158,-0.013649621,4.1314947,0.6284143,288.374,287.726,289.424,-29.76,NaN,NaN,NaN,-0.0368569353700678,445.584986642268,59.0061582494011,12.568286,288.374,287.726,289.424,0.220000754901396+0i,0.000631158,20.8715509796199,525.982460609158,26.4179933620735,20.9368996616046,-9.9e+37,-9.9e+37,187.655,-9.9e+37
20260514191453.2,1671.05499766767,9.7880941,0.59268418,2.002804,2.7311045,-0.000406507,-0.000722848,0.002390366,1.2115602,0.11081875,0.0006329,0.035326593,4.131593,0.70380629,288.42,287.704,289.421,-29.81,NaN,NaN,NaN,-0.0389320636467545,445.592149915751,56.8816333143233,14.0761258,288.42,287.704,289.421,0.256308486112247+0i,0.0006329,20.8726423473223,524.883848466193,26.4316950399507,20.9356008434858,1299.016,632.206,708.842,399.402
20260514191455.3,1673.13700206578,9.7880722,0.49043918,2.0027603,2.7311045,-0.000404764,-0.000724155,0.002414432,1.2113853,0.4582708,0.000639325,-0.031377806,4.131604,0.62002821,288.368,287.696,289.397,-29.81,NaN,NaN,NaN,-0.0416967924787883,445.592149915751,46.6628574207046,12.4005642,288.368,287.696,289.397,0.195827732697936+0i,0.000639325,20.8727644739218,525.708433206753,26.404416244904,20.9368996616046,-9.9e+37,-9.9e+37,-9.9e+37,-9.9e+37
20260514191457.4,1675.22199377418,9.7878537,0.47099674,2.0027057,2.7305689,-0.000406616,-0.000723392,0.002393524,1.2115055,0.39892536,0.000615695,-0.092448994,4.1309482,0.63422837,288.387,287.707,289.353,-29.76,NaN,NaN,NaN,-0.0451511218661693,445.240163743499,44.7197018905063,12.6845674,288.387,287.707,289.353,0.19514106975904+0i,0.000615695,20.8654835081104,525.708433206753,25.2833698731229,20.9368111730643,928.84,155.331,-9.9e+37,84.526
20260514191459.4,1677.28900127113,9.7873946,0.53251701,2.0030445,2.7307985,-0.000408031,-0.000723828,0.00240572,1.2114837,0.16882528,0.000631158,-0.086639662,4.1311449,0.63868059,288.404,287.707,289.332,-29.78,NaN,NaN,NaN,-0.0237165651546434,445.391052513382,50.868284726292,12.7736118,288.404,287.707,289.332,0.193159247547157+0i,0.000631158,20.8676673537571,513.761338968726,25.3107732288772,20.9375787909792,9.9e+37,373.73,276.07,599.092
20260514191501.5,1679.37499880791,9.7880504,0.60771586,2.0029352,2.7303613,-0.000407922,-0.000723719,0.002403215,1.2114509,0.43115157,0.000640414,-0.013130515,4.1309591,0.6247565,288.387,287.682,289.342,-29.85,NaN,NaN,NaN,-0.0306315505400363,445.103732956793,58.3839597774715,12.49513,288.387,287.682,289.342,0.2575651696469+0i,0.000640414,20.865604524468,514.584672442613,25.297071551,20.9359257497371,1303.034,109.412,-9.9e+37,257.547
20260514191503.6,1681.46499954164,9.7878427,0.60693018,2.0027057,2.7299678,-0.000406071,-0.000723066,0.00240082,1.2114181,0.41041055,0.000611339,0.11046797,4.130981,0.72607719,288.387,287.701,289.318,-29.89,NaN,NaN,NaN,-0.0451511218661693,444.845132212243,58.305435763152,14.5215438,288.387,287.701,289.318,0.253397605926003+0i,0.000611339,20.8658476674251,513.212032897248,26.3907145670269,20.9360438241115,9.9e+37,917.767,143.835,-9.9e+37
20260514191505.8,1683.6719982326,9.7880941,0.620875,2.0030445,2.7295962,-0.000412496,-0.000723392,0.002426846,1.2115383,0.33138039,0.000634098,-0.00753821,4.130981,0.77633269,288.376,287.688,289.31,-29.96,NaN,NaN,NaN,-0.0237165651546434,444.600923732763,59.6991370733075,15.5266538,288.376,287.688,289.31,0.234837935966702+0i,0.000634098,20.8658476674251,514.85995111169,27.4022720764979,20.9366635128557,-9.9e+37,664.861,662.615,-9.9e+37
20260514191507.9,1685.7459962368,9.7888264,0.46394522,2.0028915,2.7298257,-0.000410645,-0.000724699,0.002411382,1.2115383,0.4122449,0.000632574,0.1701031,4.131451,0.70386085,288.39,287.696,289.307,-30.02,NaN,NaN,NaN,-0.0333962793720701,444.751746784541,44.01494466434,14.077217,288.39,287.696,289.307,0.171111558815638+0i,0.000632574,20.8710658039475,525.296766469814,27.5253380559775,20.9375787909792,-9.9e+37,575.416,531.413,-9.9e+37
20260514191510.1,1687.91799210012,9.7880941,0.48602516,2.0030117,2.7287874,-0.000410754,-0.000722086,0.002446991,1.2115274,0.15516088,0.000632247,0.002514506,4.1310903,0.53078414,288.404,287.696,289.291,-30,NaN,NaN,NaN,-0.02579169343133,444.069395696696,46.2217025361631,10.6156828,288.404,287.696,289.291,0.205671890678108+0i,0.000632247,20.867061161727,524.883848466193,27.5800202067785,20.9364865357751,-9.9e+37,-9.9e+37,232.775,341.579
20260514191512.1,1689.9920001626,9.7884001,0.5696494,2.0026182,2.7288093,-0.000411734,-0.000721541,0.002412798,1.2114727,0.27173919,0.000635514,0.11244617,4.1311559,0.67431362,288.395,287.693,289.288,-30.1,NaN,NaN,NaN,-0.0506869061408253,444.083787961767,54.5794448984711,13.4862724,288.395,287.693,289.288,0.220474806915772+0i,0.000635514,20.8677894803565,525.433154537676,27.5390397338547,20.9365750243154,1039.727,903.17,502.78,217.418
20260514191514.2,1692.08999723196,9.7886843,0.60152314,2.0026838,2.7285033,-0.000407269,-0.000723501,0.00242837,1.21144,0.13770668,0.000633009,0.010665448,4.1315603,0.6854038,288.412,287.712,289.269,-30.02,NaN,NaN,NaN,-0.0465366495874946,443.882690559398,57.7650344720587,13.708076,288.412,287.712,289.269,0.266712373578765+0i,0.000633009,20.8722792982494,514.584672442613,28.1815238655936,20.9354827691113,-9.9e+37,551.617,779.376,399.838
20260514191516.4,1694.25799995661,9.788728,0.48643764,2.0027057,2.7285361,-0.000411189,-0.000720779,0.00240082,1.2113744,0.26640962,0.000635514,-0.00755458,4.1312324,0.72869723,288.387,287.696,289.269,-30.06,NaN,NaN,NaN,-0.0451511218661693,443.904246097952,46.2629274437928,14.5739446,288.387,287.696,289.269,0.192935276162989+0i,0.000635514,20.8686388153437,513.212032897248,28.400252468799,20.9371653961876,-9.9e+37,347.636,706.123,171.342
20260514191518.5,1696.33999429643,9.788422,0.55731305,2.0026292,2.7282191,-0.000409665,-0.000723719,0.00238209,1.211429,0.32788082,0.000630505,0.16584839,4.1312652,0.67836317,288.406,287.698,289.296,-30.1,NaN,NaN,NaN,-0.0499909789748756,443.695919703994,53.3465005393802,13.5672634,288.406,287.698,289.296,0.246964965871617+0i,0.000630505,20.8690029746584,525.021487800736,27.5937218846561,20.9356008434858,-9.9e+37,258.176,544.39,-9.9e+37
20260514191520.6,1698.50000068545,9.7885094,0.67764078,2.0026292,2.7286235,-0.000409447,-0.000722303,0.002483471,1.2115383,0.12028079,0.000636058,-0.004577643,4.1315275,0.64047021,288.409,287.704,289.304,-30.13,NaN,NaN,NaN,-0.0499909789748756,443.961683722028,65.3725370854984,12.8094042,288.409,287.704,289.304,0.274147905677014+0i,0.000636058,20.8719151389346,525.433154537676,27.5390397338547,20.9355715266138,-9.9e+37,483.895,571.924,166.784
20260514191522.7,1700.57800188661,9.7886843,0.56541324,2.002804,2.7287109,-0.000409338,-0.000725461,0.002410185,1.211429,0.3628973,0.000634425,0.11241775,4.1309263,0.7139449,288.406,287.707,289.304,-30.13,NaN,NaN,NaN,-0.0389320636467545,444.019121346103,54.1560660565765,14.278898,288.406,287.707,289.304,0.245051525025086+0i,0.000634425,20.8652403651533,524.060514992315,27.5527414117323,20.9357485036944,-9.9e+37,562.118,631.963,-9.9e+37
20260514191524.9,1702.75400094688,9.7894494,0.53756832,2.0030554,2.7288749,-0.000408902,-0.000721323,0.002384594,1.2114727,0.28056179,0.000635514,-0.00762332,4.1309591,0.75812878,288.39,287.731,289.288,-30.16,NaN,NaN,NaN,-0.0230269645992962,444.126899038877,51.3731329326512,15.1625756,288.39,287.731,289.288,0.242114866982665+0i,0.000635514,20.865604524468,525.433154537676,27.5253380559775,20.9356008434858,-9.9e+37,450.239,815.341,-9.9e+37
20260514191527,1704.82399575412,9.7888264,0.56603633,2.002804,2.7298585,-0.0004101,-0.000724372,0.002403542,1.211593,0.24488074,0.000637365,0.17449639,4.1315165,0.69309368,288.393,287.704,289.274,-30.25,NaN,NaN,NaN,-0.0389320636467545,444.773302323096,54.21834017337,13.8618736,288.393,287.704,289.274,0.238410935291008+0i,0.000637365,20.8717930123352,525.159127135271,26.650423643156,20.9359846524432,-9.9e+37,422.558,705.359,-9.9e+37
20260514191529.2,1707.04299397767,9.7888373,0.6288617,2.0030554,2.7295088,-0.000408685,-0.000722739,0.002385792,1.2114946,0.1127535,0.000632465,-0.000351406,4.1310903,0.53102312,288.398,287.709,289.247,-30.32,NaN,NaN,NaN,-0.0230269645992962,444.543486108688,60.4973599441527,10.6204624,288.398,287.709,289.247,0.251834077485709+0i,0.000632465,20.867061161727,525.708433206753,26.404416244904,20.9359846524432,-9.9e+37,-9.9e+37,345.264,351.696
20260514191531.2,1709.11299884319,9.7887717,0.56499857,2.0029789,2.7300006,-0.000410427,-0.000724699,0.002397662,1.2114946,0.18539451,0.000635405,-0.11132528,4.1309482,0.62498893,288.409,287.704,289.231,-30.36,NaN,NaN,NaN,-0.0278668217080025,444.866687750797,54.1146222715522,12.4997786,288.409,287.704,289.231,0.255668734341979+0i,0.000635405,20.8654835081104,525.708433206753,26.4453967178283,20.9353942805711,605.308,-9.9e+37,436.124,516.233
20260514191533.3,1711.20299957693,9.7879629,0.52690591,2.0027385,2.7299569,-0.000406398,-0.000722739,0.002423579,1.211429,0.45786923,0.000632356,-0.047630882,4.1309482,0.64807062,288.387,287.726,289.207,-30.44,NaN,NaN,NaN,-0.0430759935894969,444.83796893876,50.3074888593383,12.9614124,288.387,287.726,289.207,0.246410680152716+0i,0.000632356,20.8654835081104,524.472181729254,26.4179933620735,20.9354238664052,935.556,130.533,-9.9e+37,165.556
20260514191535.4,1713.27699758112,9.7877225,0.57279869,2.0026292,2.7300771,-0.000407596,-0.000724917,0.002410838,1.2115383,0.35247058,0.000635949,0.11335544,4.1311887,0.68526303,288.393,287.72,289.217,-30.46,NaN,NaN,NaN,-0.0499909789748756,444.91696210139,54.8941975879328,13.7052606,288.393,287.72,289.217,0.182318493424024+0i,0.000635949,20.8681536396713,525.570793872214,26.4316950399507,20.9379034282683,9.9e+37,852.885,290.754,-9.9e+37
20260514191537.5,1715.34399501979,9.7877444,0.59069814,2.0026401,2.7300115,-0.000407269,-0.000722848,0.002419005,1.2115055,0.18948772,0.000633227,-0.11380286,4.1311231,0.63319389,288.398,287.712,289.239,-30.47,NaN,NaN,NaN,-0.0493013784195284,444.87385102428,56.6831405012198,12.6638778,288.398,287.712,289.239,0.267416294703894+0i,0.000633227,20.8674253210418,525.570793872214,25.3244749067544,20.9352468893246,-9.9e+37,-9.9e+37,426.078,341.962
20260514191539.6,1717.4259994179,9.7877334,0.59855063,2.0026401,2.7300662,-0.000409774,-0.000722521,0.002417698,1.2114509,0.44545868,0.000632682,0.087655911,4.1311668,0.68367966,288.39,287.698,289.228,-30.5,NaN,NaN,NaN,-0.0493013784195284,444.909798827907,57.4679498857069,13.6735932,288.39,287.698,289.228,0.273598733738511+0i,0.000632682,20.8679104967142,522.686624180273,26.3770128891492,20.9351288149502,800.971,543.632,-9.9e+37,-9.9e+37
20260514191541.6,1719.49599422514,9.7878537,0.50662868,2.0026947,2.7299569,-0.000408902,-0.000723392,0.002423034,1.2115383,0.1720695,0.000629851,-0.1116548,4.130981,0.64759921,288.409,287.715,289.22,-30.52,NaN,NaN,NaN,-0.045847049032119,444.83796893876,48.2809010642054,12.9519842,288.409,287.715,289.22,0.183957334967926+0i,0.000629851,20.8658476674251,513.486060299648,26.404416244904,20.9376968653536,760.518,80.626,380.2,450.893
20260514191543.7,1721.58599495888,9.7878646,0.42629887,2.0027057,2.7293339,-0.000407051,-0.000719581,0.002435122,1.2114837,0.43785608,0.000632574,0.096143661,4.130981,0.68863493,288.382,287.688,289.234,-30.5,NaN,NaN,NaN,-0.0451511218661693,444.428545142431,40.2524172658097,13.7726986,288.382,287.688,289.234,0.230145237462427+0i,0.000632574,20.8658476674251,513.623699634191,27.1425630003682,20.9352468893246,1065.841,561.57,-9.9e+37,-9.9e+37
20260514191545.8,1723.67599569261,9.7877334,0.52097616,2.0026182,2.7294323,-0.000408249,-0.000724372,0.002421619,1.21144,0.16784644,0.000618635,0.078078338,4.1311449,0.7250307,288.401,287.696,289.245,-30.63,NaN,NaN,NaN,-0.0506869061408253,444.493211758096,49.7148458317557,14.500614,288.401,287.696,289.245,0.251474481135734+0i,0.000618635,20.8676673537571,522.961902849355,27.5253380559775,20.9351877176563,630.988,791.166,646.288,256.303
20260514191547.9,1725.7809933275,9.787952,0.50411449,2.0027713,2.7288421,-0.000404111,-0.000719799,0.002444704,1.2114618,0.43100317,0.000629742,-0.015835808,4.1309373,0.61798652,288.395,287.693,289.274,-30.66,NaN,NaN,NaN,-0.0410008653128102,444.105343500322,48.0296228191668,12.3597304,288.395,287.693,289.274,0.251658947449017+0i,0.000629742,20.8653624917527,525.296766469814,27.5253380559775,20.9349811547416,-9.9e+37,-9.9e+37,75.14,-9.9e+37
20260514191550.1,1727.94899605215,9.7885422,0.66939326,2.0026838,2.7287219,-0.000405744,-0.000721541,0.002395266,1.2114509,0.22157318,0.000632138,0.00525972,4.1314619,0.56058783,288.409,287.677,289.307,-30.69,NaN,NaN,NaN,-0.0465366495874946,444.026350337692,64.548246816457,11.2117566,288.409,287.677,289.307,0.265066314940975+0i,0.000632138,20.8711868203051,513.761338968726,27.5390397338547,20.9360438241115,9.9e+37,387.099,-9.9e+37,347.547
20260514191552.2,1730.04299998283,9.7888045,0.50603614,2.0027603,2.7292465,-0.000402804,-0.000724046,0.002403542,1.2114727,0.34697406,0.000629525,0.13760519,4.1315712,0.69280668,288.395,287.671,289.332,-30.73,NaN,NaN,NaN,-0.0416967924787883,444.371107518356,48.221680237094,13.8561336,288.395,287.671,289.332,0.244150418725041+0i,0.000629525,20.872400314607,513.486060299648,27.5253380559775,20.9355123549455,1415.907,886.2,251.618,-9.9e+37
20260514191554.2,1732.11299479008,9.7887171,0.53511851,2.0028587,2.7280989,-0.000403893,-0.000723719,0.002363251,1.21144,0.35581192,0.000629198,0.10189466,4.1309263,0.69308167,288.382,287.655,289.378,-30.73,NaN,NaN,NaN,-0.0354714076487426,443.616926541364,51.1282890833486,13.8616334,288.382,287.655,289.378,0.215950350514645+0i,0.000629198,20.8652403651533,525.433154537676,28.400252468799,20.936456949941,-9.9e+37,807.045,417.517,-9.9e+37
20260514191556.3,1734.19899232686,9.7881378,0.6659046,2.0030336,2.7281863,-0.000406724,-0.000725135,0.0023761,1.2113962,0.22463408,0.000630396,-0.16457927,4.1309919,0.65263307,288.395,287.666,289.372,-30.74,NaN,NaN,NaN,-0.0244061657100048,443.67436416544,64.1995761263594,13.0526614,288.395,287.666,289.372,0.228423143546097+0i,0.000630396,20.8659686837828,525.708433206753,28.3865507909218,20.9368703447326,-9.9e+37,-9.9e+37,450.408,307.033
20260514191558.4,1736.3079931587,9.7888373,0.58269506,2.0030445,2.7283393,-0.000405309,-0.000722086,0.00239984,1.2115493,0.37946653,0.000635732,0.14841163,4.1310466,0.6633042,288.395,287.671,289.391,-30.78,NaN,NaN,NaN,-0.0237165651546434,443.774912866624,55.8832805473962,13.266084,288.395,287.671,289.391,0.222385585887571+0i,0.000635732,20.8665759860546,513.897727036587,28.3865507909218,20.9368111730643,1172.691,696.562,171.382,187.14
20260514191600.5,1738.40999342501,9.7877771,0.46360039,2.002662,2.7281098,-0.000406071,-0.000719363,0.002419985,1.2114727,0.30004463,0.000630396,0.13437077,4.1310466,0.67694894,288.393,287.647,289.408,-30.86,NaN,NaN,NaN,-0.0479158506982031,443.624089814847,43.980480969378,13.5389788,288.393,287.647,289.408,0.206091568847921+0i,0.000630396,20.8665759860546,513.761338968726,28.3729736737523,20.9364865357751,-9.9e+37,769.462,444.111,-9.9e+37
20260514191602.8,1740.61700217426,9.788116,0.53688957,2.0030663,2.7283393,-0.000402695,-0.000723283,0.002362053,1.2114509,0.43360029,0.000631376,-0.001382974,4.1310575,0.76569647,288.371,287.652,289.427,-30.9,NaN,NaN,NaN,-0.0223373640439348,443.774912866624,51.3052959319393,15.3139294,288.371,287.652,289.427,0.206183345297457+0i,0.000631376,20.8666970024123,513.897727036587,27.5390397338547,20.9370769076473,-9.9e+37,565.79,733.403,-9.9e+37
20260514191604.8,1742.69100017846,9.7874274,0.47027325,2.0029461,2.7285033,-0.00040716,-0.000724046,0.002370111,1.21144,0.20188956,0.000629307,0.089029847,4.1314291,0.70721201,288.395,287.655,289.416,-30.88,NaN,NaN,NaN,-0.0299419499846891,443.882690559398,44.6473933945283,14.1442402,288.395,287.655,289.416,0.197301602687067+0i,0.000629307,20.8708226609904,513.623699634191,27.5527414117323,20.9368996616046,-9.9e+37,456.002,765.057,173.622
20260514191606.9,1744.77299451828,9.7873072,0.44914813,2.0027057,2.7285579,-0.000405309,-0.000723066,0.002348768,1.2115602,0.4172591,0.000635514,-0.01892332,4.1308717,0.5979701,288.395,287.655,289.402,-30.93,NaN,NaN,NaN,-0.0451511218661693,443.918572644919,42.5360640678541,11.959402,288.395,287.655,289.402,0.207151574150601+0i,0.000635514,20.8646341731232,525.433154537676,27.5390397338547,20.9361027268177,-9.9e+37,-9.9e+37,190.543,-9.9e+37
20260514191609,1746.84699252248,9.7879083,0.60352445,2.002651,2.7283612,-0.000404764,-0.000721759,0.002436537,1.2114837,0.14866261,0.000627564,-0.001723817,4.131451,0.71578035,288.409,287.655,289.418,-31.01,NaN,NaN,NaN,-0.0486117778641528,443.789305131696,57.9650534302832,14.315607,288.409,287.655,289.418,0.218420655096484+0i,0.000627564,20.8710658039475,525.159127135271,26.5547610194308,20.9368996616046,9.9e+37,717.501,672.567,365.024
20260514191611.1,1748.92599955201,9.7884438,0.55982178,2.0026292,2.7282191,-0.000403566,-0.000720888,0.002407136,1.2114946,0.41020431,0.000630831,-0.045666408,4.1312324,0.60157552,288.376,287.633,289.378,-31.03,NaN,NaN,NaN,-0.0499909789748756,443.695919703994,53.5972330900927,12.0315104,288.376,287.633,289.378,0.219486059227132+0i,0.000630831,20.8686388153437,525.433154537676,27.470655905176,20.9365454384813,-9.9e+37,-9.9e+37,-9.9e+37,-9.9e+37
20260514191613.1,1751.00400075316,9.788728,0.52973219,2.0028805,2.7280879,-0.000404873,-0.000718601,0.002401037,1.2115602,0.15223639,0.000633009,-0.090512296,4.1309482,0.64305533,288.409,287.641,289.334,-31.02,NaN,NaN,NaN,-0.0340922065380482,443.609697549776,50.5899586322623,12.8611066,288.409,287.641,289.334,0.240997041085302+0i,0.000633009,20.8654835081104,524.334542394711,27.5527414117323,20.9356008434858,9.9e+37,146.362,365.891,556.438
20260514191615.2,1753.1049951911,9.7888264,0.60832369,2.0029133,2.7285251,-0.000404764,-0.000720017,0.002406809,1.2114509,0.27668356,0.000632138,0.11837138,4.1313745,0.70104764,288.395,287.649,289.337,-31.06,NaN,NaN,NaN,-0.0320170782613616,443.897017106364,58.4447087485842,14.0209528,288.395,287.649,289.337,0.240928195779719+0i,0.000632138,20.8702164689603,525.846072541292,26.4453967178283,20.936191215358,9.9e+37,729.449,362.793,342.766
20260514191617.3,1755.20699545741,9.788728,0.55955334,2.0028587,2.7280989,-0.000405635,-0.000721759,0.002386445,1.211582,0.2289728,0.00063192,0.11474538,4.1309263,0.69018993,288.398,287.668,289.296,-31.09,NaN,NaN,NaN,-0.0354714076487426,443.616926541364,53.5704041184962,13.8037986,288.398,287.668,289.296,0.275489994584071+0i,0.00063192,20.8652403651533,524.060514992315,26.4453967178283,20.9347154201586,-9.9e+37,621.787,658.583,302.466
20260514191619.4,1757.27700032294,9.7888264,0.57243421,2.0030445,2.7283393,-0.000404655,-0.000724155,0.002402126,1.2115493,0.39766716,0.000634207,-0.099212685,4.1312542,0.5928675,288.385,287.663,289.291,-31.12,NaN,NaN,NaN,-0.0237165651546434,443.774912866624,54.8577699930606,11.85735,288.385,287.663,289.291,0.247305783529916+0i,0.000634207,20.868880848059,524.747460398332,28.2771864893189,20.9356896009882,-9.9e+37,-9.9e+37,163.063,-9.9e+37
20260514191621.5,1759.37099419534,9.7885641,0.67943257,2.0026947,2.728077,-0.000403458,-0.00071969,0.00241955,1.2114946,0.42023818,0.000631049,-0.028066731,4.130981,0.63093941,288.371,287.679,289.28,-31.15,NaN,NaN,NaN,-0.045847049032119,443.602534276292,65.5516157735363,12.6187882,288.371,287.679,289.28,0.279584770065727+0i,0.000631049,20.8658476674251,525.159127135271,27.5253380559775,20.9354238664052,1087.171,-9.9e+37,-9.9e+37,-9.9e+37
20260514191623.7,1761.54300011694,9.788575,0.65248139,2.0027166,2.728077,-0.000402369,-0.000723828,0.002378932,1.2115711,0.2474615,0.000635949,0.00564165,4.1313745,0.55253346,288.409,287.674,289.272,-31.24,NaN,NaN,NaN,-0.0444615213108221,443.602534276292,62.8580066142759,11.0506692,288.409,287.674,289.272,0.240346560622408+0i,0.000635949,20.8702164689603,525.570793872214,27.5663185289013,20.936456949941,9.9e+37,419.706,-9.9e+37,407.932
20260514191625.9,1763.74999880791,9.7885422,0.69646776,2.0026838,2.728077,-0.000402804,-0.000722957,0.00242543,1.2114837,0.10311902,0.000616021,-0.000172708,4.1315821,0.52192226,288.423,287.693,289.261,-31.3,NaN,NaN,NaN,-0.0465366495874946,443.602534276292,67.2541810717436,10.4384452,288.423,287.693,289.261,0.281558108604848+0i,0.000616021,20.8725213309647,526.120099943692,27.5663185289013,20.9354534522393,9.9e+37,542.727,-9.9e+37,540.211
20260514191628,1765.82399681211,9.7885204,0.58420314,2.0026947,2.7287,-0.000399755,-0.000722848,0.004834308,1.2118225,0.32907899,0.000635514,-0.027950866,4.1309591,0.60713642,288.39,287.682,289.266,-31.3,NaN,NaN,NaN,-0.045847049032119,444.01195807262,56.0340041187165,12.1427284,288.39,287.682,289.266,0.263950127131301+0i,0.000635514,20.865604524468,525.433154537676,26.4316950399507,20.9352762061966,9.9e+37,295.327,-9.9e+37,484.096
20260514191630,1767.90600121021,9.7888264,0.51755734,2.0027603,2.7292137,-0.000401497,-0.00072067,0.002359222,1.2115055,0.27735467,0.000627891,-0.11325468,4.131593,0.61397516,288.387,287.69,289.264,-31.41,NaN,NaN,NaN,-0.0416967924787883,444.349551979801,49.3731552317203,12.2795032,288.387,287.69,289.264,0.193290463503821+0i,0.000627891,20.8726423473223,523.922875657772,26.3770128891492,20.9372245678559,9.9e+37,243.346,-9.9e+37,544.305
20260514191632.1,1769.99600194395,9.7879192,0.52059532,2.0026729,2.7290388,-0.000401171,-0.000721541,0.002429132,1.2115383,0.30271814,0.000631049,0.11665628,4.1315165,0.70720765,288.404,287.701,289.272,-31.46,NaN,NaN,NaN,-0.047226250142856,444.234611013545,49.6767831527853,14.144153,288.404,287.701,289.272,0.249977498270976+0i,0.000631049,20.8717930123352,525.708433206753,26.4316950399507,20.9352173034905,9.9e+37,1020.013,156.033,314.831
20260514191634.3,1772.19100110233,9.7877334,0.58891616,2.002651,2.7293667,-0.000400953,-0.000722086,0.002387752,1.2116148,0.3550306,0.000634425,-0.00724903,4.1315821,0.75355435,288.401,287.709,289.291,-31.49,NaN,NaN,NaN,-0.0486117778641528,444.450100680986,56.5050422639768,15.071087,288.401,287.709,289.291,0.238563931692852+0i,0.000634425,20.8725213309647,525.982460609158,26.4316950399507,20.9361323126518,-9.9e+37,503.57,617.901,-9.9e+37
20260514191636.6,1774.42600205541,9.7881378,0.60801922,2.0030554,2.7296071,-0.000400844,-0.000720343,0.002424777,1.2116258,0.12921035,0.000635732,-0.000168788,4.1310356,0.52100126,288.401,287.704,289.288,-31.43,NaN,NaN,NaN,-0.0230269645992962,444.608087006247,58.4142787940991,10.4200252,288.401,287.704,289.288,0.250166342380476+0i,0.000635732,20.8664538594552,524.334542394711,26.4179933620735,20.9359257497371,-9.9e+37,-9.9e+37,-9.9e+37,437.634
20260514191638.7,1776.51900015771,9.7878318,0.69866876,2.0026292,2.7301864,-0.000401171,-0.000722739,0.002423797,1.2115274,0.41702121,0.000635623,0.099375895,4.1313745,0.65829436,288.404,287.709,289.323,-31.43,NaN,NaN,NaN,-0.0499909789748756,444.988791990537,67.4741578504796,13.1658872,288.404,287.709,289.323,0.303123222606811+0i,0.000635623,20.8702164689603,525.708433206753,26.4453967178283,20.9348630803672,909.446,648.398,91.369,-9.9e+37
20260514191640.7,1778.58199439943,9.7881269,0.60042755,2.0029024,2.7304159,-0.000400191,-0.000722086,0.002424994,1.2115493,0.33018004,0.000637801,0.11188906,4.1314291,0.7184495,288.401,287.712,289.318,-31.49,NaN,NaN,NaN,-0.032706678816723,445.139615042314,57.6555368078083,14.36899,288.401,287.712,289.318,0.226737824444837+0i,0.000637801,20.8708226609904,524.198154326854,26.4179933620735,20.9366341959837,280.584,869.778,458.492,-9.9e+37
20260514191642.8,1780.67599833012,9.7888482,0.6253785,2.002968,2.7309406,-0.000399537,-0.000722848,0.002428043,1.211582,0.11324346,0.000632791,-0.077663653,4.1313417,0.62897846,288.428,287.717,289.332,-31.59,NaN,NaN,NaN,-0.0285564222633639,445.484437941083,60.1492349483812,12.5795692,288.428,287.717,289.332,0.257788010425842+0i,0.000632791,20.8698523096456,525.296766469814,26.4179933620735,20.9357780895285,-9.9e+37,206.758,657.534,433.356
20260514191644.9,1782.74199999869,9.788269,0.45083626,2.0027166,2.7305799,-0.00040128,-0.000721868,0.002425539,1.211582,0.15002337,0.000637038,-0.087815076,4.1309591,0.61933964,288.406,287.688,289.337,-31.65,NaN,NaN,NaN,-0.0444615213108221,445.247392735087,42.704782559216,12.3867928,288.406,287.688,289.337,0.18341735252177+0i,0.000637038,20.865604524468,514.44703310807,26.4179933620735,20.937283470562,-9.9e+37,-9.9e+37,396.279,664.502
20260514191647,1784.82000119984,9.7887499,0.68416089,2.0029461,2.7306345,-0.000398122,-0.000724155,0.002434033,1.2115711,0.3299738,0.000635514,0.11706355,4.1302815,0.72179193,288.395,287.696,289.375,-31.71,NaN,NaN,NaN,-0.0299419499846891,445.283274820608,66.0241830622381,14.4358386,288.395,287.696,289.375,0.264500064016813+0i,0.000635514,20.8580815259414,525.296766469814,25.3107732288772,20.9359846524432,864.768,433.898,257.904,337.451
20260514191649,1786.88999600708,9.7877006,0.50859507,2.002662,2.7306782,-0.000399428,-0.000723501,0.002445031,1.2115711,0.19703139,0.000629089,0.10954715,4.1304345,0.67676015,288.406,287.693,289.372,-31.7,NaN,NaN,NaN,-0.0479158506982031,445.311993632646,48.4774299773988,13.535203,288.406,287.693,289.372,0.204819277370566+0i,0.000629089,20.8597801959157,525.708433206753,25.2833698731229,20.9367522703581,341.472,536.608,576.451,231.656
20260514191651.1,1788.96899297833,9.788105,0.4863929,2.0030554,2.7307329,-0.000399973,-0.000723501,0.002377189,1.2116148,0.35011134,0.000632247,0.10511424,4.1303689,0.66486248,288.39,287.66,289.375,-31.66,NaN,NaN,NaN,-0.0230269645992962,445.347941436272,46.2584559485267,13.2972496,288.39,287.66,289.375,0.232667411433132+0i,0.000632247,20.8590518772861,525.570793872214,25.297071551,20.9355715266138,-9.9e+37,403.248,539.071,-9.9e+37
20260514191653.2,1791.06999747455,9.7877116,0.77930083,2.002651,2.7306345,-0.000400953,-0.000719037,0.002432073,1.2116585,0.24964614,0.000634425,0.092401467,4.130358,0.71795517,288.412,287.685,289.405,-31.83,NaN,NaN,NaN,-0.0486117778641528,445.283274820608,75.5328507270855,14.3591034,288.412,287.685,289.405,0.289138017362264+0i,0.000634425,20.8589308609285,525.296766469814,25.3107732288772,20.9358076753626,-9.9e+37,537.002,722.399,-9.9e+37
20260514191655.3,1793.13999228179,9.788116,0.50578516,2.0030663,2.730722,-0.000399211,-0.000720452,0.002393741,1.211593,0.41572483,0.000637692,0.000543715,4.1303471,0.67770079,288.39,287.696,289.44,-31.84,NaN,NaN,NaN,-0.0223373640439348,445.340778162789,48.1965962880131,13.5540158,288.39,287.696,289.44,0.215158504912805+0i,0.000637692,20.8588098445709,515.545645251034,25.3107732288772,20.9365750243154,-9.9e+37,241.75,468.619,-9.9e+37
20260514191657.4,1795.2219966799,9.7877116,0.46001131,2.0026182,2.7307001,-0.000400191,-0.000723828,0.002435993,1.2116148,0.34248146,0.000631267,0.098325599,4.1304673,0.72060249,288.398,287.698,289.427,-31.86,NaN,NaN,NaN,-0.0506869061408253,445.326385897718,43.6217739012155,14.4120498,288.398,287.698,289.427,0.236132988724198+0i,0.000631267,20.8601443552304,514.310645040208,25.3107732288772,20.9354238664052,-9.9e+37,633.931,626.449,-9.9e+37
20260514191659.5,1797.39799574018,9.7878864,0.72907588,2.0027275,2.729946,-0.000398231,-0.000721977,0.002402344,1.2115383,0.34674599,0.000634751,-0.00795287,4.1306531,0.74867765,288.39,287.704,289.391,-31.87,NaN,NaN,NaN,-0.0437719207554323,444.830805665276,70.5131675316412,14.973553,288.39,287.704,289.391,0.288775591076541+0i,0.000634751,20.8622071845194,525.296766469814,27.5253380559775,20.9354534522393,-9.9e+37,322.084,829.551,-9.9e+37
20260514191701.8,1799.62500035763,9.7881378,0.60686907,2.0030336,2.7302629,-0.000397468,-0.000721977,0.002433815,1.2116148,0.12536156,0.000632138,-0.0003648,4.1303143,0.53755304,288.414,287.696,289.372,-31.93,NaN,NaN,NaN,-0.0244061657100048,445.039066341129,58.2993281843476,10.7510608,288.414,287.696,289.372,0.283737248567478+0i,0.000632138,20.8584456852561,523.785236323233,27.5527414117323,20.9348039086989,-9.9e+37,-9.9e+37,200.885,360.555
20260514191703.8,1801.71500109136,9.7881269,0.63940735,2.0028915,2.7304487,-0.000397686,-0.000724699,0.00243229,1.2116913,0.42563758,0.000630069,-0.008224335,4.1307952,0.60117504,288.393,287.701,289.337,-31.97,NaN,NaN,NaN,-0.0333962793720701,445.161170580869,61.5513345541829,12.0235008,288.393,287.701,289.337,0.27410204424447+0i,0.000630069,20.8637848381361,524.609821063793,27.5253380559775,20.9353353778649,288.828,-9.9e+37,-9.9e+37,-9.9e+37
20260514191705.9,1803.7849958986,9.7877553,0.66756982,2.0026401,2.7295744,-0.000396924,-0.000725461,0.002404522,1.2117351,0.2329165,0.000632682,-0.11515424,4.1305875,0.62925455,288.412,287.707,289.313,-32,NaN,NaN,NaN,-0.0493013784195284,444.586597185797,64.3660049003197,12.585091,288.412,287.707,289.313,0.32593310781954+0i,0.000632682,20.8614788658899,525.159127135271,27.5116363780999,20.9339184853717,9.9e+37,160.027,206.005,450.067
20260514191708,1805.86299709976,9.7887171,0.50596303,2.0027057,2.7298039,-0.000399755,-0.000724264,0.002413125,1.2116804,0.45567477,0.000627564,-0.06452991,4.1308936,0.64137157,288.379,287.701,289.348,-32.06,NaN,NaN,NaN,-0.0451511218661693,444.737420237574,48.2143733301002,12.8274314,288.379,287.701,289.348,0.234589820920528+0i,0.000627564,20.8648773160803,524.060514992315,27.5390397338547,20.9356304293199,9.9e+37,406.526,-9.9e+37,-9.9e+37
20260514191710.1,1807.93699510396,9.7879848,0.49245031,2.0026729,2.7293448,-0.000397359,-0.000724808,0.00239581,1.211582,0.29907125,0.0006329,-0.11985283,4.1303143,0.63431458,288.382,287.704,289.318,-32.04,NaN,NaN,NaN,-0.047226250142856,444.435708415915,46.863857829164,12.6862916,288.382,287.704,289.318,0.288132522454586+0i,0.0006329,20.8584456852561,525.296766469814,27.2109468290469,20.9335642622484,9.9e+37,183.151,-9.9e+37,304.092
20260514191712.1,1810.01499630511,9.7877881,0.45866037,2.0026292,2.7295416,-0.000400517,-0.000721541,0.002378823,1.211593,0.44560382,0.000636929,0.086002118,4.131298,0.66277714,288.379,287.717,289.348,-32.05,NaN,NaN,NaN,-0.0499909789748756,444.565041647243,43.4867555325351,13.2555428,288.379,287.717,289.348,0.241987616647031+0i,0.000636929,20.8693671339732,525.296766469814,26.4590983957055,20.9349219830733,9.9e+37,744.479,-9.9e+37,-9.9e+37
20260514191714.2,1812.09399327636,9.7880176,0.5893592,2.0026838,2.7297602,-0.000397577,-0.000724264,0.00238013,1.2116585,0.11701366,0.000620268,0.025818921,4.1315603,0.70304352,288.423,287.723,289.337,-32.05,NaN,NaN,NaN,-0.0465366495874946,444.708701425537,56.5493214607288,14.0608704,288.423,287.723,289.337,0.26880379190272+0i,0.000620268,20.8722792982494,512.936754228166,25.3380520239239,20.9354534522393,1614.33,747.183,624.11,433.828
20260514191716.3,1814.19099457562,9.7880176,0.54631236,2.0027057,2.7298148,-0.000396379,-0.000723392,0.002408987,1.2116148,0.41496206,0.000633336,-0.011840974,4.1315821,0.5912132,288.382,287.726,289.323,-32.11,NaN,NaN,NaN,-0.0451511218661693,444.744583511058,52.2470474044086,11.824264,288.382,287.726,289.323,0.263423772533622+0i,0.000633336,20.8725213309647,524.609821063793,25.297071551,20.9350400574478,-9.9e+37,-9.9e+37,-9.9e+37,-9.9e+37
20260514191718.4,1816.29699803889,9.7877444,0.67843846,2.002662,2.7293886,-0.000394201,-0.000721214,0.002384159,1.2116367,0.21245374,0.000636494,-0.11470951,4.130358,0.53495264,288.39,287.739,289.31,-32.16,NaN,NaN,NaN,-0.0479158506982031,444.464492946058,65.4522604280073,10.6990528,288.39,287.739,289.31,0.287155337923637+0i,0.000636494,20.8589308609285,525.982460609158,25.297071551,20.9352468893246,1534.252,227.088,362.048,441.598
20260514191720.5,1818.36299970746,9.7878974,0.4800965,2.002662,2.7296399,-0.000397686,-0.000724808,0.002403651,1.2116585,0.45646263,0.000634643,-0.066560915,4.13144,0.65635198,288.382,287.736,289.337,-32.21,NaN,NaN,NaN,-0.0479158506982031,444.629642544801,45.6291684475576,13.1270396,288.382,287.736,289.337,0.232872761184712+0i,0.000634643,20.870943677348,523.785236323233,25.3107732288772,20.9355419407796,1453.391,305.264,-9.9e+37,73.903
20260514191722.6,1820.44499404728,9.7886515,0.56717886,2.002662,2.7296946,-0.000395073,-0.000720126,0.002390039,1.2116913,0.11895386,0.000635732,0.020977096,4.1315165,0.68714758,288.414,287.745,289.304,-32.28,NaN,NaN,NaN,-0.0479158506982031,444.665590348428,54.3325292097213,13.7429516,288.414,287.745,289.304,0.241613073692321+0i,0.000635732,20.8717930123352,525.433154537676,25.3107732288772,20.9359257497371,9.9e+37,742.309,557.905,526.839
20260514191724.6,1822.50399515033,9.7887062,0.67536556,2.0026947,2.7297383,-0.00039627,-0.000720452,0.002375011,1.2116367,0.43535171,0.00063682,-0.044939422,4.1308171,0.62063711,288.382,287.742,289.315,-32.28,NaN,NaN,NaN,-0.045847049032119,444.694309160465,65.1451424619112,12.4127422,288.382,287.742,289.315,0.274834983861817+0i,0.00063682,20.8640279810932,525.570793872214,26.4179933620735,20.9355715266138,-9.9e+37,-9.9e+37,-9.9e+37,-9.9e+37
20260514191726.8,1824.62499551475,9.7888373,0.52191462,2.0029243,2.7297602,-0.000395073,-0.000716532,0.002371309,1.2116913,0.32914774,0.00063584,0.11570617,4.1314182,0.74353467,288.398,287.742,289.31,-32.32,NaN,NaN,NaN,-0.0313211510953977,444.708701425537,49.8086392928063,14.8706934,288.398,287.742,289.31,0.248551357295187+0i,0.00063584,20.8707016446327,525.433154537676,27.4843575830532,20.9352468893246,1301.608,870.774,423.177,-9.9e+37
20260514191728.8,1826.68699398637,9.7881269,0.67411938,2.0030008,2.7296837,-0.000397142,-0.000720561,0.002409422,1.211582,0.15918972,0.0006329,-0.11397208,4.1313089,0.60672175,288.414,287.745,289.277,-32.4,NaN,NaN,NaN,-0.0264812939866772,444.658427074944,65.0205942283241,12.134435,288.414,287.745,289.277,0.27607198324472+0i,0.0006329,20.8694881503308,525.846072541292,27.4980592609309,20.9354827691113,-9.9e+37,-9.9e+37,413.475,430.437
20260514191730.9,1828.80099378526,9.7879302,0.55339225,2.002662,2.7296837,-0.000394419,-0.000719581,0.00237316,1.2116039,0.14593563,0.000616348,0.002386663,4.1315165,0.6737309,288.412,287.745,289.285,-32.41,NaN,NaN,NaN,-0.0479158506982031,444.658427074944,52.9546400423026,13.474618,288.412,287.745,289.285,0.244008654149982+0i,0.000616348,20.8717930123352,525.570793872214,28.400252468799,20.9356304293199,1552.396,560.628,536.293,563.517
20260514191733.1,1830.98000027239,9.7886734,0.48189485,2.0028259,2.7293448,-0.000395726,-0.000718056,0.002388079,1.2116148,0.23922489,0.000634425,0.00552926,4.1312542,0.52833106,288.387,287.723,289.28,-32.44,NaN,NaN,NaN,-0.0375465359254292,444.435708415915,45.808902768339,10.5666212,288.387,287.723,289.28,0.217417912032598+0i,0.000634425,20.868880848059,525.433154537676,28.3865507909218,20.9359846524432,-9.9e+37,-9.9e+37,-9.9e+37,478.495
20260514191735.2,1833.06199461222,9.7880722,0.57954359,2.0030008,2.7293995,-0.000395944,-0.000718819,0.002370656,1.2115055,0.31883996,0.000631594,-0.17758016,4.1309482,0.61885513,288.387,287.72,289.247,-32.42,NaN,NaN,NaN,-0.0264812939866772,444.471656219541,55.56830997998,12.3771026,288.387,287.72,289.247,0.215431277883823+0i,0.000631594,20.8654835081104,515.545645251034,28.3318686401203,20.936988419107,1359.67,-9.9e+37,-9.9e+37,393.565
20260514191737.4,1835.27699969709,9.7881378,0.79106645,2.0029024,2.729782,-0.000396924,-0.000716859,0.002328404,1.2116585,0.13235309,0.000638236,-0.00018436,4.1309591,0.55077003,288.395,287.709,289.217,-32.46,NaN,NaN,NaN,-0.032706678816723,444.723027972503,76.7087540380491,11.0154006,288.395,287.709,289.217,0.253754169270127+0i,0.000638236,20.865604524468,514.722311777147,28.3455703179975,20.936988419107,9.9e+37,433.676,-9.9e+37,596.563
20260514191739.5,1837.34699450433,9.7880613,0.46003095,2.0030226,2.7294104,-0.000394746,-0.000717512,0.002396246,1.2117023,0.20452815,0.000634316,-0.11198399,4.1310029,0.60977175,288.39,287.701,289.209,-32.56,NaN,NaN,NaN,-0.0251020928759687,444.478819493024,43.6237368016855,12.195435,288.39,287.701,289.209,0.259359966077821+0i,0.000634316,20.8660908103822,513.074393562709,28.3318686401203,20.9344792714097,9.9e+37,247.541,-9.9e+37,654.114
20260514191741.6,1839.43699523807,9.7879083,0.68984401,2.0027385,2.729323,-0.000398775,-0.00071969,0.002421183,1.2117897,0.46270122,0.000638018,-0.047257044,4.1309482,0.67723484,288.371,287.715,289.196,-32.69,NaN,NaN,NaN,-0.0430759935894969,444.421381868948,66.5921768972084,13.5446968,288.371,287.715,289.196,0.30171108097487+0i,0.000638018,20.8654835081104,514.584672442613,27.5527414117323,20.9350400574478,9.9e+37,543.804,-9.9e+37,100.122
20260514191743.7,1841.53899550438,9.788116,0.51118783,2.0029243,2.729793,-0.000399537,-0.000720888,0.002376209,1.2117351,0.38331311,0.000612755,-0.021693296,4.1314947,0.6205018,288.385,287.701,289.185,-32.55,NaN,NaN,NaN,-0.0313211510953977,444.730256964091,48.7365608237574,12.410036,288.385,287.701,289.185,0.203219416551825+0i,0.000612755,20.8715509796199,514.85995111169,26.404416244904,20.937017735979,1419.936,334.913,-9.9e+37,194.32
20260514191745.8,1843.6400000006,9.7880722,0.4517387,2.0027822,2.7298695,-0.000395944,-0.000720343,0.00240082,1.2117132,0.14569556,0.000636058,-0.000398013,4.131593,0.70831525,288.412,287.688,289.144,-32.63,NaN,NaN,NaN,-0.0403112647574631,444.780531314684,42.7949760368182,14.166305,288.412,287.688,289.144,0.198476315884844+0i,0.000636058,20.8726423473223,514.310645040208,26.4453967178283,20.936722684524,9.9e+37,954.801,486.142,535.968
20260514191747.9,1845.75799293816,9.7880504,0.60377543,2.0027166,2.72917,-0.000394964,-0.000717839,0.002370438,1.2117241,0.4384879,0.000638236,-0.047518611,4.1315821,0.59811523,288.378,287.735,289.142,-32.61,NaN,NaN,NaN,-0.0444615213108221,444.320833167764,57.9901373793641,11.9623046,288.378,287.735,289.142,0.254051868245637+0i,0.000638236,20.8725213309647,514.035366371131,26.404416244904,20.9359846524432,-9.9e+37,-9.9e+37,-9.9e+37,-9.9e+37
20260514191750,1847.82399460673,9.788116,0.62722922,2.0029024,2.729159,-0.000397359,-0.000719363,0.002392435,1.2116476,0.26570251,0.000637474,0.11825922,4.1313963,0.72580001,288.386,287.732,289.142,-32.57,NaN,NaN,NaN,-0.032706678816723,444.313604176175,60.3342033372691,14.5160002,288.386,287.732,289.142,0.259228822018948+0i,0.000637474,20.8704585016756,514.173005705669,25.3107732288772,20.9360142382774,1468.457,929.402,470.869,-9.9e+37
20260514191752.1,1849.9799977988,9.788116,0.45743928,2.0028478,2.7292246,-0.000395726,-0.000720343,0.002403651,1.2116804,0.33731777,0.000634643,-0.00753493,4.1309701,0.7536602,288.391,287.746,289.136,-32.72,NaN,NaN,NaN,-0.036161008204104,444.356715253284,43.3647148943041,15.073204,288.391,287.746,289.136,0.237527426075641+0i,0.000634643,20.8657266510675,518.979121014453,24.4495604939334,20.9352762061966,-9.9e+37,390.941,714.92,-9.9e+37
20260514191754.2,1852.04699523747,9.7881269,0.65148291,2.0028259,2.7292246,-0.000394419,-0.000716532,0.002426192,1.2116913,0.29395339,0.000629416,0.17092153,4.1314947,0.71894273,288.391,287.746,289.106,-32.78,NaN,NaN,NaN,-0.0375465359254292,444.356715253284,62.758214513398,14.3788546,288.391,287.746,289.106,0.21660806978897+0i,0.000629416,20.8715509796199,525.982460609158,24.5452231176587,20.937283470562,-9.9e+37,483.471,562.393,-9.9e+37
20260514191756.3,1854.12499643862,9.7878209,0.59511762,2.0027057,2.7287109,-0.000395944,-0.000721214,0.002414649,1.2117351,0.27089676,0.000630722,0.14857095,4.1310029,0.69959522,288.391,287.757,289.087,-32.68,NaN,NaN,NaN,-0.0451511218661693,444.019121346103,57.1248410800876,13.9919044,288.391,287.757,289.087,0.280064684727273+0i,0.000630722,20.8660908103822,525.708433206753,25.3107732288772,20.9348630803672,-9.9e+37,440.335,601.978,-9.9e+37
20260514191758.3,1856.18699491024,9.7877334,0.60194763,2.0026401,2.7287656,-0.000395073,-0.000720779,0.002426192,1.2117241,0.18941679,0.000634425,-0.15932064,4.1311122,0.60401114,288.404,287.793,289.071,-32.74,NaN,NaN,NaN,-0.0493013784195284,444.05506914973,57.807459707318,12.0802228,288.404,287.793,289.071,0.239596362003377+0i,0.000634425,20.8673043046841,524.747460398332,26.2676485875468,20.9362208011921,-9.9e+37,-9.9e+37,588.562,400.398
20260514191800.5,1858.39000046253,9.7878318,0.55556162,2.0026292,2.7289514,-0.000396488,-0.000722303,0.002407571,1.2117569,0.45667106,0.000619942,-0.001338109,4.1311449,0.78038661,288.39,287.802,289.038,-32.73,NaN,NaN,NaN,-0.0499909789748756,444.17717338947,53.1714555918194,15.6077322,288.39,287.802,289.038,0.256562001506912+0i,0.000619942,20.8676673537571,534.634969684977,26.3770128891492,20.935099229116,-9.9e+37,207.906,525.147,100.282
20260514191802.6,1860.49599386752,9.7878646,0.66584786,2.0027057,2.7287219,-0.000396053,-0.000722086,0.002450585,1.2116913,0.16942109,0.000632574,-0.10837499,4.1309591,0.62869802,288.404,287.807,289.019,-32.85,NaN,NaN,NaN,-0.0451511218661693,444.026350337692,64.1939053029039,12.5739604,288.404,287.807,289.019,0.262624179436962+0i,0.000632574,20.865604524468,533.123439538397,27.4980592609309,20.9356896009882,-9.9e+37,-9.9e+37,359.94,535.488
20260514191804.7,1862.5899977982,9.7877116,0.61304543,2.002651,2.7287546,-0.000397577,-0.000717294,0.002411274,1.2117023,0.44938492,0.000635187,-0.045167449,4.1310903,0.63114784,288.379,287.823,288.995,-32.83,NaN,NaN,NaN,-0.0486117778641528,444.047840158141,58.9166184056622,12.6229568,288.379,287.823,288.995,0.299168694133652+0i,0.000635187,20.867061161727,533.261078872935,27.5116363780999,20.9341546341206,849.895,-9.9e+37,-9.9e+37,151.141
20260514191806.8,1864.68299590051,9.7887171,0.64025633,2.0026947,2.7291481,-0.000396924,-0.000718601,0.002393741,1.2116258,0.375202,0.000638345,0.1112505,4.1308608,0.74864164,288.382,287.842,289.005,-32.86,NaN,NaN,NaN,-0.045847049032119,444.306440902692,61.6361850247014,14.9728328,288.382,287.842,289.005,0.283579800882514+0i,0.000638345,20.8645131567656,532.987051470539,28.3729736737523,20.934833494533,9.9e+37,781.166,233.694,-9.9e+37
20260514191809,1866.85099862516,9.7884548,0.52158507,2.0026401,2.7288749,-0.000395508,-0.000719908,0.002441764,1.2116913,0.29686588,0.000615259,-0.00760477,4.1315165,0.7666873,288.393,287.851,288.97,-32.91,NaN,NaN,NaN,-0.0493013784195284,444.126899038877,49.7757027424054,15.333746,288.393,287.851,288.97,0.257654275728644+0i,0.000615259,20.8717930123352,533.810384944418,27.5663185289013,20.9347450059927,-9.9e+37,605.307,687.812,-9.9e+37
20260514191811.1,1868.93699616194,9.7887936,0.43191325,2.0030445,2.7294651,-0.000397359,-0.000720343,0.002388406,1.2116585,0.21015125,0.000634751,-0.14156742,4.1310575,0.62000202,288.393,287.851,288.965,-32.96,NaN,NaN,NaN,-0.0237165651546434,444.51476729665,40.8135409491352,12.4000404,288.393,287.851,288.965,0.232286514826768+0i,0.000634751,20.8666970024123,524.609821063793,27.5390397338547,20.9349811547416,-9.9e+37,-9.9e+37,471.261,457.874
20260514191813.1,1871.01499736309,9.7887936,0.50764352,2.0030117,2.7294213,-0.000397577,-0.000718056,0.002420747,1.2117241,0.42958019,0.000616566,0.14469054,4.1310029,0.68446643,288.39,287.878,288.973,-32.93,NaN,NaN,NaN,-0.02579169343133,444.485982766507,48.3823282491815,13.6893286,288.39,287.878,288.973,0.283453131890776+0i,0.000616566,20.8660908103822,524.883848466193,27.5253380559775,20.9338888995375,729.806,304.149,-9.9e+37,-9.9e+37
20260514191815.2,1873.10099489987,9.7884329,0.61433417,2.002651,2.7300334,-0.000395944,-0.000718056,0.002404413,1.2117678,0.28744309,0.000636167,0.16213167,4.1311449,0.72075526,288.393,287.878,289.005,-33.04,NaN,NaN,NaN,-0.0486117778641528,444.888243289352,59.0454202565609,14.4151052,288.393,287.878,289.005,0.322823362769452+0i,0.000636167,20.8676673537571,525.433154537676,28.400252468799,20.9335346764142,941.783,790.787,458.566,-9.9e+37
20260514191817.5,1875.3509927541,9.7894822,0.47682936,2.0029898,2.7300334,-0.000398122,-0.00071773,0.002379912,1.2117132,0.43210094,0.000636712,-0.001442975,4.131287,0.76649852,288.376,287.902,288.992,-33.09,NaN,NaN,NaN,-0.0271772211526553,444.888243289352,45.302637355836,15.3299704,288.376,287.902,288.992,0.286260794447357+0i,0.000636712,20.8692450073737,523.511208920833,28.3729736737523,20.9334461878739,-9.9e+37,395.806,717.088,-9.9e+37
20260514191819.6,1877.42599658668,9.7891871,0.33999237,2.0026729,2.7299678,-0.000397795,-0.000715879,0.002365102,1.2116695,0.43552085,0.000637038,0.01870793,4.1310138,0.688899,288.401,287.897,288.992,-33.1,NaN,NaN,NaN,-0.047226250142856,444.845132212243,31.6265990677306,13.77798,288.401,287.897,288.992,0.201838580363643+0i,0.000637038,20.8662118267399,525.846072541292,27.5253380559775,20.9350696432819,-9.9e+37,214.778,332.493,-9.9e+37
20260514191821.6,1879.51199412346,9.7891433,0.65601588,2.0026073,2.7301318,-0.000396597,-0.000719145,0.0023712,1.2116039,0.14871172,0.000618962,-0.00345983,4.1313089,0.7222186,288.412,287.91,288.995,-33.15,NaN,NaN,NaN,-0.0513765066961724,444.952909905016,63.2112577386168,14.444372,288.412,287.91,288.995,0.279789591518746+0i,0.000618962,20.8694881503308,525.570793872214,27.5390397338547,20.9352468893246,152.372,622.722,775.647,219.804
20260514191823.7,1881.58999532461,9.7891433,0.58529218,2.0026401,2.730099,-0.000399755,-0.000718492,0.002407462,1.211582,0.40162724,0.000634098,-0.019970244,4.1311996,0.60675122,288.368,287.913,288.973,-33.2,NaN,NaN,NaN,-0.0493013784195284,444.931354366461,56.1428471496636,12.1350244,288.368,287.913,288.973,0.317724137331255+0i,0.000634098,20.8682746560289,523.785236323233,27.5116363780999,20.9335050905801,-9.9e+37,-9.9e+37,167.021,-9.9e+37
20260514191825.8,1883.68299342692,9.7884438,0.49988487,2.0026292,2.7301318,-0.00039529,-0.000720234,0.002382199,1.2116039,0.21664188,0.000637583,0.11893393,4.131298,0.73997945,288.406,287.913,289.005,-33.41,NaN,NaN,NaN,-0.0499909789748756,444.952909905016,47.6068976111354,14.799589,288.406,287.913,289.005,0.306201481836365+0i,0.000637583,20.8693671339732,534.085663613495,28.400252468799,20.9327673274615,9.9e+37,838.227,645.008,241.347
20260514191827.9,1885.7579972595,9.7887499,0.64496171,2.0027275,2.7304597,-0.000399428,-0.000720997,0.002417698,1.2116804,0.1371818,0.000621684,-0.11220449,4.131593,0.58875357,288.393,287.921,289.014,-33.24,NaN,NaN,NaN,-0.0437719207554323,445.168399572457,62.1064595976812,11.7750714,288.393,287.921,289.014,0.327454121085118+0i,0.000621684,20.8726423473223,533.810384944418,27.5390397338547,20.9335050905801,-9.9e+37,-9.9e+37,554.214,541.314
20260514191830,1887.84700222313,9.7884329,0.52309206,2.002662,2.7299897,-0.000397142,-0.000718274,0.002375011,1.2116695,0.14447557,0.000640741,-0.003423785,4.1310466,0.69560023,288.409,287.943,289.027,-33.17,NaN,NaN,NaN,-0.0479158506982031,444.859524477314,49.9263173747486,13.9120046,288.409,287.943,289.027,0.27995625835892+0i,0.000640741,20.8665759860546,533.948024278961,27.5116363780999,20.9339773880778,1016.206,308.686,570.164,584.792
20260514191832.1,1890.0149948895,9.789198,0.55959917,2.0026401,2.7301427,-0.000396597,-0.000717948,0.002373378,1.2115602,0.26717676,0.000634534,-0.00742036,4.1315603,0.71779585,288.387,287.935,289.022,-33.15,NaN,NaN,NaN,-0.0493013784195284,444.960073178499,53.5749845527395,14.355917,288.387,287.935,289.022,0.316539864287209+0i,0.000634534,20.8722792982494,533.810384944418,26.4179933620735,20.9331215505848,-9.9e+37,175.881,619.754,269.217
20260514191834.3,1892.17899441719,9.7886624,0.58421187,2.002662,2.729782,-0.000395508,-0.000718383,0.002394177,1.2115165,0.46068023,0.000636712,-0.003627529,4.1311996,0.72698618,288.376,287.973,289.027,-33.26,NaN,NaN,NaN,-0.0479158506982031,444.723027972503,56.0348766299743,14.5397236,288.376,287.973,289.027,0.337099255297608+0i,0.000636712,20.8682746560289,525.296766469814,26.4590983957055,20.9328558160018,-9.9e+37,-9.9e+37,537.608,231.426
20260514191836.4,1894.26500201225,9.7887827,0.57715271,2.0030226,2.7294323,-0.000396053,-0.000720779,0.002395702,1.2113853,0.4401051,0.00062898,-0.03478547,4.1310466,0.63326264,288.382,287.992,289.027,-33.32,NaN,NaN,NaN,-0.0251020928759687,444.493211758096,55.3293558315274,12.6652528,288.382,287.992,289.027,0.323090491890613+0i,0.00062898,20.8665759860546,532.574133466919,27.5527414117323,20.9330623789165,198.671,-9.9e+37,-9.9e+37,-9.9e+37
20260514191838.6,1896.44899740815,9.7879957,0.5578412,2.0026947,2.7297383,-0.000398122,-0.000720561,0.002396682,1.2115055,0.3260421,0.000635187,-0.00708862,4.1305766,0.79632945,288.382,288,289.014,-33.45,NaN,NaN,NaN,-0.045847049032119,444.694309160465,53.3992859713154,15.926589,288.382,288,289.014,0.305333832797752+0i,0.000635187,20.8613578495323,533.536357542013,27.5663185289013,20.9334461878739,9.9e+37,583.127,557.596,-9.9e+37
20260514191840.8,1898.66799563169,9.7879192,0.7156494,2.0027385,2.7293339,-0.000395726,-0.000720126,0.002391455,1.2114618,0.13438823,0.000635078,-0.000724917,4.1308826,0.57462868,288.409,287.978,289.057,-33.44,NaN,NaN,NaN,-0.0430759935894969,444.428545142431,69.171271202626,11.4925736,288.409,287.978,289.057,0.376521800918863+0i,0.000635078,20.8647551894809,533.536357542013,27.5527414117323,20.9325900814188,410.483,83.766,-9.9e+37,382.227
20260514191842.9,1900.76900012791,9.7878209,0.6487821,2.0026292,2.7295306,-0.000396162,-0.000720343,0.002394504,1.2115055,0.13650851,0.000613952,-0.01170823,4.1306203,0.63389446,288.398,287.973,289.101,-33.48,NaN,NaN,NaN,-0.0499909789748756,444.557812655654,62.4882847161341,12.6778892,288.398,287.973,289.101,0.404130269388327+0i,0.000613952,20.8618430252047,533.536357542013,28.3592719958751,20.9311142862194,1144.808,217.449,453.217,639.099
20260514191845.1,1902.92599909008,9.7879083,0.55565437,2.0027275,2.7293339,-0.000393766,-0.000719799,0.002362053,1.2114509,0.21673027,0.000636494,0.00596356,4.1306968,0.5391757,288.401,287.984,289.144,-33.56,NaN,NaN,NaN,-0.0437719207554323,444.428545142431,53.1807253992831,10.783514,288.401,287.984,289.144,0.346824046065044+0i,0.000636494,20.8626923601918,541.912336682078,28.3455703179975,20.931822732466,1208.899,-9.9e+37,-9.9e+37,544.294
20260514191847.2,1905.08199222386,9.788105,0.64754683,2.0030773,2.7295197,-0.000396053,-0.000720017,0.002358568,1.2114181,0.48083527,0.000634643,-0.00320937,4.1303143,0.71212473,288.39,287.986,289.158,-33.62,NaN,NaN,NaN,-0.0216414368779709,444.550649382171,62.3648268717592,14.2424946,288.39,287.986,289.158,0.407138056733268+0i,0.000634643,20.8584456852561,541.226642542738,29.0837170734617,20.9308189658022,1095.338,159.707,330.758,289.822
20260514191849.3,1907.16399662197,9.7877771,0.61824186,2.0026401,2.7295088,-0.000398013,-0.000720234,0.002401473,1.2113416,0.43451256,0.000639434,-0.020540747,4.130511,0.65637707,288.374,287.967,289.171,-33.62,NaN,NaN,NaN,-0.0493013784195284,444.543486108688,59.4359704875916,13.1275414,288.374,287.967,289.171,0.372902163827954+0i,0.000639434,20.8606295309028,541.912336682078,29.3024456766666,20.9315865837171,1384.107,122.774,-9.9e+37,-9.9e+37
20260514191851.4,1909.28099378943,9.7878864,0.74584264,2.0027057,2.7293339,-0.000396815,-0.000720017,0.002357588,1.2113635,0.1554446,0.000618853,-0.10666382,4.1302378,0.62606816,288.409,287.948,289.185,-33.65,NaN,NaN,NaN,-0.0451511218661693,444.428545142431,72.1889048576923,12.5213632,288.409,287.948,289.185,0.393866026297023+0i,0.000618853,20.857596350269,534.3596910159,29.5211742798724,20.9322358582955,9.9e+37,285.653,265.9,598.079
20260514191853.5,1911.39399781823,9.7881269,0.55529863,2.0029024,2.729782,-0.000394637,-0.00072165,0.002392435,1.2113307,0.12286701,0.000635949,0.039039172,4.1314291,0.66878654,288.417,287.927,289.204,-33.69,NaN,NaN,NaN,-0.032706678816723,444.723027972503,53.1451713151089,13.3757308,288.417,287.927,289.204,0.348779134812882+0i,0.000635949,20.8708226609904,533.810384944418,29.452915011902,20.9318816351721,9.9e+37,322.626,341.802,716.356
20260514191855.6,1913.47199901938,9.7879302,0.61089899,2.0027713,2.7293121,-0.000395944,-0.000720234,0.002342125,1.2112979,0.1747561,0.000634643,-0.10735443,4.1309263,0.59811741,288.385,287.908,289.207,-33.72,NaN,NaN,NaN,-0.0410008653128102,444.414218595465,58.7020945724273,11.9623482,288.385,287.908,289.207,0.382475770984958+0i,0.000634643,20.8652403651533,525.159127135271,27.5937218846561,20.9316159005891,1043.874,-9.9e+37,-9.9e+37,758.581
20260514191857.8,1915.63699431717,9.7880395,0.57784782,2.0027057,2.7298039,-0.000397795,-0.00071969,0.002370982,1.2113525,0.15339636,0.000641176,-0.01121036,4.1315712,0.62955901,288.391,287.879,289.196,-33.73,NaN,NaN,NaN,-0.0451511218661693,444.737420237574,55.3988279163376,12.5911802,288.391,287.879,289.196,0.32935616938976+0i,0.000641176,20.872400314607,524.472181729254,27.5527414117323,20.9330327930824,9.9e+37,-9.9e+37,-9.9e+37,854.637
20260514191859.8,1917.71499551833,9.7880504,0.59264162,2.0029461,2.7293667,-0.00039431,-0.000721541,0.00238111,1.2112979,0.19047637,0.000634534,-0.089515363,4.1309373,0.64104966,288.391,287.89,289.207,-33.77,NaN,NaN,NaN,-0.0299419499846891,444.450100680986,56.8773796970116,12.8209932,288.391,287.89,289.207,0.336797394612077+0i,0.000634534,20.8653624917527,525.296766469814,27.5390397338547,20.9329147187079,9.9e+37,-9.9e+37,-9.9e+37,795.71
20260514191901.9,1919.80799362063,9.7874383,0.43589187,2.002968,2.7297274,-0.000394637,-0.000716859,0.002363033,1.2114509,0.15868229,0.000635405,0.056347688,4.1313526,0.71153874,288.394,287.868,289.19,-33.82,NaN,NaN,NaN,-0.0285564222633639,444.687145886982,41.2111802092053,14.2307748,288.394,287.868,289.19,0.251831373507557+0i,0.000635405,20.8699733260032,524.883848466193,26.4316950399507,20.9343022943291,9.9e+37,490.141,283.632,722.182
20260514191904,1921.8940012157,9.7875476,0.54803105,2.0026729,2.7296727,-0.00039431,-0.00072263,0.002353668,1.2114618,0.33706787,0.000637365,0.11604418,4.1315056,0.69786125,288.381,287.863,289.199,-33.85,NaN,NaN,NaN,-0.047226250142856,444.651198083356,52.4188201848928,13.957225,288.381,287.863,289.199,0.30844965707292+0i,0.000637365,20.8716719959775,524.609821063793,26.3907145670269,20.9334757737081,-9.9e+37,400.875,242.051,230.991
20260514191906.1,1923.99600148201,9.7880941,0.51980855,2.0030008,2.7294213,-0.000394855,-0.000718274,0.002385356,1.2115493,0.2696102,0.000632356,0.11504419,4.1309591,0.72746305,288.394,287.855,289.199,-33.86,NaN,NaN,NaN,-0.0264812939866772,444.485982766507,49.5981501994886,14.549261,288.394,287.855,289.199,0.276169145537116+0i,0.000632356,20.865604524468,524.060514992315,25.3244749067544,20.9343611970353,-9.9e+37,519.278,519.503,123.76
20260514191908.2,1926.06999948621,9.7871323,0.6089937,2.0026292,2.7295306,-0.000393984,-0.000719908,0.00236532,1.2115274,0.20728677,0.000635187,0.095289485,4.131287,0.70943485,288.395,287.87,289.212,-33.86,NaN,NaN,NaN,-0.0499909789748756,444.557812655654,58.5116722385982,14.188697,288.395,287.87,289.212,0.302689324889781+0i,0.000635187,20.8692450073737,525.433154537676,24.5042426447344,20.934272708495,-9.9e+37,382.137,692.758,180.069
20260514191910.4,1928.26200127602,9.7877771,0.75125623,2.0026401,2.7295197,-0.000393439,-0.00072165,0.002400602,1.211593,0.3880458,0.000634969,-0.00644916,4.1315384,0.71500558,288.379,287.867,289.245,-33.89,NaN,NaN,NaN,-0.0493013784195284,444.550649382171,72.7299607820889,14.3001116,288.379,287.867,289.245,0.307802994320374+0i,0.000634969,20.8720361552923,525.708433206753,25.297071551,20.935099229116,-9.9e+37,-9.9e+37,701.214,131.913
20260514191912.5,1930.34399561584,9.7870995,0.56501167,2.0026401,2.7301099,-0.000394528,-0.000718274,0.002378169,1.2116039,0.28571458,0.000636603,0.16392674,4.1313307,0.72758635,288.39,287.872,289.302,-33.96,NaN,NaN,NaN,-0.0493013784195284,444.938517639944,54.115931538159,14.551727,288.39,287.872,289.302,0.278630844219023+0i,0.000636603,20.8697301830461,525.708433206753,25.3380520239239,20.9346565174524,-9.9e+37,282.428,511.635,130.986
20260514191914.7,1932.53899477422,9.7874602,0.61451532,2.0028478,2.7304706,-0.000395399,-0.000718928,0.002327424,1.2116585,0.11093769,0.000636385,-0.000429266,4.1309373,0.5360275,288.414,287.875,289.299,-34.05,NaN,NaN,NaN,-0.036161008204104,445.17556284594,59.0635251150198,10.72055,288.414,287.875,289.299,0.285475820680606+0i,0.000636385,20.8653624917527,524.609821063793,25.3654553796782,20.9348630803672,-9.9e+37,-9.9e+37,176.511,355.085
20260514191916.8,1934.63999927044,9.7872088,0.4259344,2.0027385,2.7299569,-0.000394419,-0.000722412,0.002377952,1.2117132,0.13024047,0.000636385,0.036240991,4.1309263,0.69829775,288.398,287.87,289.326,-34.11,NaN,NaN,NaN,-0.0430759935894969,444.83796893876,40.2159906703777,13.965955,288.398,287.87,289.326,0.2088690880158+0i,0.000636385,20.8652403651533,526.257739278235,25.3380520239239,20.9358665780688,1268.836,403.617,650.12,556.296
20260514191918.9,1936.71899624169,9.7879302,0.52075901,2.0027494,2.7305471,-0.000393221,-0.000718383,0.002346916,1.2116695,0.45167214,0.00063682,-0.045620672,4.1309482,0.62448151,288.368,287.891,289.342,-34.16,NaN,NaN,NaN,-0.0423863930341355,445.225837196533,49.6931429887286,12.4896302,288.368,287.891,289.342,0.255215785009758+0i,0.00063682,20.8654835081104,532.849412135996,25.3380520239239,20.9349219830733,-9.9e+37,-9.9e+37,-9.9e+37,-9.9e+37
20260514191920.9,1938.81599754095,9.7870886,0.5074591,2.0026292,2.7307875,-0.000392568,-0.000721323,0.002387752,1.2116913,0.29073969,0.000633554,0.1177595,4.1313526,0.74718594,288.406,287.905,289.364,-34.17,NaN,NaN,NaN,-0.0499909789748756,445.383823521793,48.363896573791,14.9437188,288.406,287.905,289.364,0.257244610601789+0i,0.000633554,20.8699733260032,534.3596910159,26.404416244904,20.9346565174524,1487.511,833.802,534.497,-9.9e+37
20260514191923,1940.8939987421,9.788105,0.59091093,2.0030663,2.7307657,-0.00039333,-0.000723828,0.002360093,1.2116148,0.22278444,0.000635623,0.092655194,4.1311122,0.74005365,288.398,287.899,289.402,-34.21,NaN,NaN,NaN,-0.0223373640439348,445.369496974827,56.7044075883381,14.801073,288.398,287.899,289.402,0.267061874107136+0i,0.000635623,20.8673043046841,525.982460609158,25.3107732288772,20.9352468893246,-9.9e+37,586.703,746.392,122.3
20260514191925.1,1942.98399947584,9.7879739,0.53505522,2.0026729,2.7315963,-0.000389083,-0.000723066,0.002396246,1.2116585,0.31752612,0.000614933,0.10508528,4.1315712,0.71369065,288.379,287.913,289.416,-34.25,NaN,NaN,NaN,-0.047226250142856,445.915351557861,51.1219636265898,14.273813,288.379,287.913,289.416,0.242374705818468+0i,0.000614933,20.872400314607,525.159127135271,25.9258540048609,20.9356304293199,-9.9e+37,412.879,647.196,-9.9e+37
20260514191927.2,1945.05500011146,9.7881269,0.42968822,2.0028805,2.7316728,-0.000391915,-0.00072067,0.00234757,1.2116476,0.12674636,0.000636385,-0.11011241,4.131451,0.61055961,288.395,287.916,289.438,-34.32,NaN,NaN,NaN,-0.0340922065380482,445.965625908453,40.5911625157001,12.2111922,288.395,287.916,289.438,0.236071799079748+0i,0.000636385,20.8710658039475,532.300106064514,25.5704823050064,20.9347154201586,-9.9e+37,-9.9e+37,629.563,510.409
20260514191929.3,1947.1249949187,9.7877662,0.51953029,2.002651,2.7317821,-0.000392459,-0.000721977,0.002370329,1.2116367,0.17219826,0.000636167,-0.10765062,4.1310794,0.59814142,288.406,287.905,289.44,-34.37,NaN,NaN,NaN,-0.0486117778641528,446.0374557976,49.5703397776571,11.9628284,288.406,287.905,289.44,0.252523898218159+0i,0.000636167,20.8669401453694,533.672745609879,26.404416244904,20.9349515689075,672.3,-9.9e+37,333.001,677.411
20260514191931.3,1949.21099245548,9.7873072,0.58450868,2.0028587,2.7318368,-0.000392568,-0.000717621,0.002350946,1.2118006,0.16449418,0.000617219,-0.004850862,4.1309154,0.70711599,288.401,287.905,289.405,-34.35,NaN,NaN,NaN,-0.0354714076487426,446.073403601227,56.0645410132985,14.1423198,288.401,287.905,289.405,0.275052839604184+0i,0.000617219,20.8651193487956,526.120099943692,26.4179933620735,20.9348926662013,9.9e+37,202.612,460.683,687.042
20260514191933.4,1951.30499638617,9.7881378,0.54885056,2.0030117,2.7321209,-0.000392024,-0.000722739,0.002360855,1.2117023,0.31323431,0.000636929,0.11732457,4.1312542,0.73072145,288.39,287.889,289.391,-34.27,NaN,NaN,NaN,-0.02579169343133,446.260108738525,52.5007253052662,14.614429,288.39,287.889,289.391,0.261930064047888+0i,0.000636929,20.868880848059,525.570793872214,27.5116363780999,20.9350107405757,-9.9e+37,296.462,417.11,216.836
20260514191935.5,1953.38999815285,9.7877116,0.37831637,2.0026292,2.7319242,-0.00039137,-0.000720561,0.002364231,1.2117241,0.23185364,0.000635296,0.10127143,4.1311559,0.7182749,288.398,287.894,289.375,-34.24,NaN,NaN,NaN,-0.0499909789748756,446.130841225302,35.4568535285555,14.365498,288.398,287.894,289.375,0.191635794994268+0i,0.000635296,20.8677894803565,525.846072541292,27.5390397338547,20.9359846524432,-9.9e+37,286.89,664.745,188.241
20260514191937.7,1955.6089963764,9.7877225,0.54750726,2.0026292,2.732569,-0.000392677,-0.000720888,0.00235345,1.2116367,0.36999357,0.000635405,-0.00662812,4.131593,0.73713789,288.379,287.886,289.323,-34.38,NaN,NaN,NaN,-0.0499909789748756,446.554591568596,52.3664705088664,14.7427578,288.379,287.886,289.323,0.263271395851544+0i,0.000635405,20.8726423473223,525.570793872214,27.5663185289013,20.9349515689075,-9.9e+37,-9.9e+37,702.293,200.2
20260514191939.8,1957.69499391317,9.7879957,0.43943945,2.0026838,2.7328751,-0.000391152,-0.000720997,0.002334938,1.2116476,0.43045755,0.000628544,0.1411004,4.1315821,0.70370262,288.379,287.894,289.315,-34.5,NaN,NaN,NaN,-0.0465366495874946,446.755754689071,41.5657396007128,14.0740524,288.379,287.894,289.315,0.215864741079188+0i,0.000628544,20.8725213309647,524.609821063793,28.400252468799,20.9356600151541,-9.9e+37,-9.9e+37,241.614,-9.9e+37
20260514191942,1959.89799946547,9.7881378,0.48258015,2.0029789,2.7327986,-0.000389192,-0.000721759,0.002338749,1.2116585,0.13132733,0.00063584,-0.000353692,4.1310138,0.55828533,288.412,287.902,289.329,-34.54,NaN,NaN,NaN,-0.0278668217080025,446.705480338479,45.8773944023543,11.1657066,288.412,287.902,289.329,0.23882020362201+0i,0.00063584,20.8662118267399,525.021487800736,28.3318686401203,20.9352173034905,203.124,-9.9e+37,132.866,425.514
20260514191944.2,1962.06999532878,9.7888155,0.46042816,2.0030445,2.7326237,-0.000388103,-0.000720126,0.002341472,1.2117132,0.3143801,0.000636167,-0.00755458,4.1309591,0.77580234,288.376,287.905,289.332,-34.54,NaN,NaN,NaN,-0.0237165651546434,446.590539372223,43.6634355641942,15.5160468,288.376,287.905,289.332,0.210979516555669+0i,0.000636167,20.865604524468,525.982460609158,28.3865507909218,20.9360142382774,1508.41,586.256,572.579,282.811
20260514191946.4,1964.31199684739,9.7888482,0.52497007,2.0028587,2.7335855,-0.000391479,-0.000722521,0.002360637,1.2117023,0.1517366,0.000640087,-0.000668182,4.1309373,0.56426854,288.409,287.921,289.386,-34.6,NaN,NaN,NaN,-0.0354714076487426,447.222616109475,50.1140132358271,11.2853708,288.409,287.921,289.386,0.252933391056717+0i,0.000640087,20.8653624917527,526.395378612774,27.5390397338547,20.935099229116,208.043,-9.9e+37,-9.9e+37,561.192
20260514191948.6,1966.49600230157,9.7881269,0.50920616,2.0029133,2.7335199,-0.00039039,-0.000719037,0.002348223,1.2117678,0.32383015,0.000634534,-0.00727086,4.1309373,0.77341473,288.393,287.921,289.44,-34.7,NaN,NaN,NaN,-0.0320170782613616,447.179505032366,48.5385047660029,15.4682946,288.393,287.921,289.44,0.224245114903314+0i,0.000634534,20.8653624917527,525.708433206753,27.5527414117323,20.9359846524432,1197.727,607.916,526.091,168.487
20260514191950.9,1968.74600015581,9.7886734,0.44793577,2.0027494,2.7335746,-0.00038745,-0.000716096,0.002370873,1.211746,0.16358082,0.000635078,-0.000823794,4.1309591,0.5501142,288.395,287.91,289.448,-34.81,NaN,NaN,NaN,-0.0423863930341355,447.215452835992,42.4148959408808,11.002284,288.395,287.91,289.448,0.233387657843086+0i,0.000635078,20.865604524468,525.159127135271,27.5390397338547,20.935099229116,92.438,-9.9e+37,-9.9e+37,536.285
20260514191953,1970.85899412632,9.7878864,0.66579657,2.0027166,2.7324598,-0.000390063,-0.00072165,0.002394286,1.2117132,0.28610415,0.000635405,0.1196558,4.1309482,0.70033071,288.406,287.91,289.476,-34.77,NaN,NaN,NaN,-0.0444615213108221,446.482827397555,64.1887791743345,14.0066142,288.406,287.91,289.476,0.274407731814592+0i,0.000635405,20.8654835081104,525.433154537676,27.5253380559775,20.9354827691113,9.9e+37,865.381,457.173,305.875
20260514191955.1,1972.94099852443,9.7880832,0.54087583,2.0027494,2.7329625,-0.000390063,-0.000719581,0.002335156,1.2117897,0.15026781,0.000635514,0.01113446,4.1315821,0.7133982,288.42,287.91,289.503,-34.84,NaN,NaN,NaN,-0.0423863930341355,446.813192313147,51.7036987642899,14.267964,288.42,287.91,289.503,0.233816302602225+0i,0.000635514,20.8725213309647,524.747460398332,27.5116363780999,20.9359257497371,-9.9e+37,322.334,717.357,427.086
20260514191957.3,1975.12499392033,9.788105,0.54497994,2.0030773,2.7320554,-0.000388321,-0.000718601,0.002331018,1.2118006,0.26683739,0.0006329,-0.00746619,4.1309591,0.72042571,288.385,287.894,289.492,-34.77,NaN,NaN,NaN,-0.0216414368779709,446.217063379521,52.1138799989005,14.4085142,288.385,287.894,289.492,0.202334384603365+0i,0.0006329,20.865604524468,525.570793872214,27.5253380559775,20.937017735979,-9.9e+37,170.857,651.604,269.932
20260514191959.4,1977.22599841654,9.7880176,0.5079698,2.002651,2.7321319,-0.000389846,-0.000719908,0.002406156,1.2117788,0.19022757,0.000637256,-0.14364949,4.1315165,0.59786425,288.387,287.878,289.457,-34.75,NaN,NaN,NaN,-0.0486117778641528,446.267337730113,48.4149379826508,11.957285,288.387,287.878,289.457,0.250840307179366+0i,0.000637256,20.8717930123352,525.433154537676,27.5390397338547,20.9350400574478,-9.9e+37,-9.9e+37,425.677,642.494
20260514192001.6,1979.42599654198,9.7877006,0.44943075,2.0026182,2.7312903,-0.000388212,-0.000720126,0.002396355,1.211746,0.16536171,0.000638018,-0.000682883,4.1314182,0.53030509,288.412,287.891,289.438,-34.72,NaN,NaN,NaN,-0.0506869061408253,445.714254155491,42.5643102455944,10.6061018,288.412,287.891,289.438,0.221607674655752+0i,0.000638018,20.8707016446327,526.120099943692,27.5253380559775,20.9355419407796,1422.192,-9.9e+37,-9.9e+37,755.446
20260514192003.7,1981.55499324203,9.7880832,0.37626923,2.0029789,2.7306345,-0.00038745,-0.000718928,0.002369458,1.2116804,0.33035682,0.000628218,0.11691501,4.1310247,0.76717399,288.385,287.897,289.364,-34.86,NaN,NaN,NaN,-0.0278668217080025,445.283274820608,35.2522541360878,15.3434798,288.385,287.897,289.364,0.192083458169592+0i,0.000628218,20.8663328430975,525.159127135271,28.4276558245533,20.9359257497371,9.9e+37,740.33,310.123,206.448
20260514192005.8,1983.64399820566,9.7874274,0.644702,2.0028805,2.7304378,-0.000387123,-0.000720126,0.002392326,1.2116913,0.44657283,0.000639543,-0.060041247,4.1314947,0.67855304,288.382,287.878,289.353,-34.9,NaN,NaN,NaN,-0.0340922065380482,445.154007307386,62.0805031373425,13.5710608,288.382,287.878,289.353,0.25173291308297+0i,0.000639543,20.8715509796199,525.846072541292,27.5253380559775,20.9360438241115,-9.9e+37,276.481,174.819,-9.9e+37
20260514192007.9,1985.74599847198,9.78734,0.64308261,2.0029133,2.7293558,-0.000387014,-0.000719254,0.002396137,1.2116913,0.25566538,0.000630178,0.11400043,4.1309482,0.75438587,288.387,287.891,289.334,-34.93,NaN,NaN,NaN,-0.0320170782613616,444.442937407503,61.9186547976254,15.0877174,288.387,287.891,289.334,0.277849328648633+0i,0.000630178,20.8654835081104,524.472181729254,26.4863771907521,20.9352762061966,377.622,756.509,667.865,-9.9e+37
20260514192010,1987.8279928118,9.7872525,0.39150717,2.0026838,2.729159,-0.000385163,-0.00071773,0.002354539,1.2117569,0.12525462,0.000631267,0.043477974,4.130828,0.65876141,288.412,287.883,289.139,-34.98,NaN,NaN,NaN,-0.0465366495874946,444.313604176175,36.7751950519312,13.1752282,288.412,287.883,289.139,0.215635944201281+0i,0.000631267,20.8641489974508,525.982460609158,26.4179933620735,20.9351877176563,-9.9e+37,259.794,780.006,415.069
20260514192012,1989.90599401295,9.7870012,0.58915405,2.0026401,2.7288093,-0.000384401,-0.00072165,0.002448189,1.2117569,0.30737332,0.000629198,0.11111111,4.1304236,0.71200687,288.393,287.883,289.035,-35.07,NaN,NaN,NaN,-0.0493013784195284,444.083787961767,56.5288179458912,14.2401374,288.393,287.883,289.035,0.267274516373589+0i,0.000629198,20.859659179558,525.708433206753,27.4843575830532,20.9351581318222,-9.9e+37,335.073,568.795,-9.9e+37
20260514192014.1,1991.99999794364,9.7871214,0.62398173,2.0026838,2.7280879,-0.000385708,-0.000717621,0.002411818,1.2118116,0.41999811,0.000615695,-0.021029143,4.1303143,0.61128528,288.393,287.88,288.995,-35.09,NaN,NaN,NaN,-0.0465366495874946,443.609697549776,60.0096361454576,12.2257056,288.393,287.88,288.995,0.322877094002859+0i,0.000615695,20.8584456852561,525.296766469814,27.5116363780999,20.9336527507887,-9.9e+37,-9.9e+37,159.805,-9.9e+37
20260514192016.2,1994.07799914479,9.7877006,0.66365885,2.0026292,2.7281972,-0.000384074,-0.000720343,0.002393741,1.2118553,0.17527553,0.000635949,-0.001169866,4.1311231,0.74046505,288.387,287.891,288.976,-35.09,NaN,NaN,NaN,-0.0499909789748756,443.681527438923,63.9751268529172,14.809301,288.387,287.891,288.976,0.288616603675798+0i,0.000635949,20.8674253210418,524.883848466193,27.5527414117323,20.9350400574478,1637.412,660.312,674.502,312.522
20260514192018.3,1996.15600034595,9.7877116,0.46334613,2.0026182,2.7282191,-0.000384401,-0.000718928,0.00240866,1.2118444,0.39547052,0.000633445,-0.084426804,4.1312324,0.60959169,288.385,287.878,288.989,-35.23,NaN,NaN,NaN,-0.0506869061408253,443.695919703994,43.9550692039253,12.1918338,288.385,287.878,288.989,0.257996496116682+0i,0.000633445,20.8686388153437,524.060514992315,27.5390397338547,20.9343611970353,-9.9e+37,-9.9e+37,-9.9e+37,-9.9e+37
20260514192020.4,1998.24199788272,9.788105,0.61735033,2.0027931,2.7280005,-0.000385925,-0.000720561,0.002360637,1.2117897,0.42631851,0.000618199,0.10496658,4.1308936,0.72971643,288.379,287.872,289.022,-35.26,NaN,NaN,NaN,-0.0396216642021017,443.5522599257,59.3468673992016,14.5943286,288.379,287.872,289.022,0.311520427093415+0i,0.000618199,20.8648773160803,525.708433206753,27.5253380559775,20.9339480712058,1463.926,715.897,243.595,-9.9e+37
20260514192022.5,2000.35500191152,9.7877006,0.51936769,2.0026292,2.7282082,-0.00038353,-0.00071871,0.002391128,1.2117788,0.40586884,0.000635949,-0.03638362,4.1312105,0.62087391,288.36,287.908,289.035,-35.28,NaN,NaN,NaN,-0.0499909789748756,443.688756430511,49.554088880691,12.4174782,288.36,287.908,289.035,0.248301592167438+0i,0.000635949,20.8683956723866,524.747460398332,27.5116363780999,20.9352468893246,-9.9e+37,-9.9e+37,-9.9e+37,-9.9e+37
20260514192024.6,2002.43299305439,9.7883236,0.48524166,2.0030008,2.7281754,-0.000384401,-0.000720997,0.002392108,1.2116804,0.2495763,0.00063682,-0.11774637,4.1309701,0.64044293,288.39,287.897,289.122,-35.41,NaN,NaN,NaN,-0.0264812939866772,443.667200891957,46.143396399798,12.8088586,288.39,287.897,289.122,0.23978591548568+0i,0.00063682,20.8657266510675,525.846072541292,28.3592719958751,20.9351877176563,9.9e+37,167.63,115.674,286.246
20260514192026.7,2004.51900064945,9.7888373,0.4549611,2.0029133,2.728547,-0.00038353,-0.000720888,0.002388188,1.2116913,0.13926932,0.000635078,0.005076165,4.1314619,0.70692502,288.393,287.908,289.144,-35.38,NaN,NaN,NaN,-0.0320170782613616,443.911409371435,43.1170356332737,14.1385004,288.393,287.908,289.144,0.212894955340324+0i,0.000635078,20.8711868203051,524.472181729254,28.3729736737523,20.9359257497371,9.9e+37,761.683,486.471,584.638
20260514192028.8,2006.62100091577,9.7881488,0.4285217,2.0030008,2.7284268,-0.000382767,-0.000720234,0.002384594,1.2117351,0.37536023,0.000634969,-0.075500231,4.1313526,0.49973537,288.376,287.918,289.174,-35.32,NaN,NaN,NaN,-0.0264812939866772,443.832416208805,40.4745758224102,9.9947074,288.376,287.918,289.174,0.251374404338657+0i,0.000634969,20.8699733260032,525.570793872214,28.3729736737523,20.9341546341206,-9.9e+37,-9.9e+37,-9.9e+37,359.429
20260514192030.8,2008.70699845254,9.7878974,0.5415764,2.0027603,2.7286781,-0.000377649,-0.000718274,0.002386445,1.2117569,0.45561475,0.000618526,-0.059924402,4.1309373,0.66559906,288.368,287.927,289.209,-35.41,NaN,NaN,NaN,-0.0416967924787883,443.997565807549,51.7737165434263,13.3119812,288.368,287.927,289.209,0.245989637452804+0i,0.000618526,20.8653624917527,524.747460398332,28.4139541466766,20.9354827691113,9.9e+37,425.322,-9.9e+37,-9.9e+37
20260514192033,2010.82399562001,9.7878318,0.66919575,2.0026947,2.7287109,-0.000375254,-0.000721214,0.002377407,1.2117569,0.14709779,0.000636929,-0.00333754,4.1309591,0.73750782,288.393,287.91,289.209,-35.46,NaN,NaN,NaN,-0.045847049032119,444.019121346103,64.5285068738999,14.7501564,288.393,287.91,289.209,0.289507660204189+0i,0.000636929,20.865604524468,524.060514992315,27.4980592609309,20.9350696432819,9.9e+37,839.021,584.905,428.1
20260514192035.1,2013.00800107419,9.7881378,0.50961865,2.0029243,2.729782,-0.000374927,-0.000717076,0.002396464,1.2118334,0.23621856,0.000635078,0.00540813,4.1309373,0.56685694,288.401,287.929,289.158,-35.47,NaN,NaN,NaN,-0.0313211510953977,444.723027972503,48.5797306730728,11.3371388,288.401,287.929,289.158,0.247707649781157+0i,0.000635078,20.8653624917527,525.846072541292,27.5253380559775,20.9351581318222,-9.9e+37,-9.9e+37,-9.9e+37,334.623
20260514192037.2,2015.08600227535,9.788105,0.48164277,2.0027931,2.7298476,-0.000374927,-0.000718274,0.002386663,1.2118444,0.2844935,0.000633554,-0.17658605,4.1315275,0.61933855,288.385,287.924,289.068,-35.48,NaN,NaN,NaN,-0.0396216642021017,444.766139049612,45.7837088808407,12.386771,288.385,287.924,289.068,0.270598809358025+0i,0.000633554,20.8719151389346,525.159127135271,27.6756828305047,20.9340661455803,1337.504,-9.9e+37,-9.9e+37,361.261
20260514192039.5,2017.33999326825,9.7877444,0.49257581,2.0026292,2.7294651,-0.000374274,-0.000717948,0.002377516,1.2118553,0.14817702,0.000640741,-0.000871381,4.1313417,0.57492222,288.395,287.916,289.052,-35.55,NaN,NaN,NaN,-0.0499909789748756,444.51476729665,46.8764008031447,11.4984444,288.395,287.916,289.052,0.233704545344173+0i,0.000640741,20.8698523096456,522.961902849355,26.513780546507,20.9356008434858,9.9e+37,638.084,-9.9e+37,491.762
20260514192041.6,2019.42199766636,9.7885969,0.50486962,2.0027603,2.729935,-0.000375471,-0.00071773,0.002351708,1.2118444,0.42228642,0.000638672,0.10963492,4.1309482,0.72108045,288.395,287.918,289.068,-35.37,NaN,NaN,NaN,-0.0416967924787883,444.823576673688,48.1050935438041,14.421609,288.395,287.918,289.068,0.260089013217545+0i,0.000638672,20.8654835081104,523.785236323233,27.4843575830532,20.9347154201586,796.792,875.586,230.943,-9.9e+37
20260514192043.7,2021.53899483383,9.7887936,0.60745833,2.002815,2.7304815,-0.00037362,-0.000717839,0.002372834,1.2117897,0.43860903,0.00063682,-0.040962126,4.1315384,0.64884976,288.357,287.924,289.06,-35.43,NaN,NaN,NaN,-0.0382361364807764,445.182726119423,58.3582211950872,12.9769952,288.357,287.924,289.06,0.234081543654297+0i,0.00063682,20.8720361552923,524.747460398332,26.4453967178283,20.9364273641068,-9.9e+37,571.031,195.149,-9.9e+37
20260514192045.8,2023.65199886262,9.787952,0.4105786,2.0026838,2.7303176,-0.000371769,-0.000721214,0.002377189,1.2117569,0.21949435,0.000635405,-0.11755254,4.1315165,0.57967235,288.379,287.891,289.073,-35.45,NaN,NaN,NaN,-0.0465366495874946,445.075014144755,38.6812703528343,11.593447,288.379,287.891,289.073,0.203358466878696+0i,0.000635405,20.8717930123352,525.570793872214,27.5253380559775,20.9358665780688,604.029,200.277,336.776,390.345
20260514192047.9,2025.7379963994,9.7872853,0.56225195,2.0028696,2.7299678,-0.000372967,-0.000717839,0.002366626,1.2118116,0.17955098,0.000637474,-0.10663365,4.1309482,0.59506524,288.395,287.878,289.03,-35.59,NaN,NaN,NaN,-0.0347818070933954,444.845132212243,53.8401140389254,11.9013048,288.395,287.878,289.03,0.19507432169007+0i,0.000637474,20.8654835081104,524.334542394711,27.5527414117323,20.9374015449364,9.9e+37,180.611,167.863,675.593
20260514192050,2027.82799713314,9.7874055,0.76005043,2.0028259,2.7304924,-0.000374274,-0.000715661,0.002395702,1.2117241,0.12663068,0.000635296,0.025314408,4.1315384,0.67679071,288.398,287.878,288.973,-35.58,NaN,NaN,NaN,-0.0375465359254292,445.189889392907,73.6088884456779,13.5358142,288.398,287.878,288.973,0.297204973227999+0i,0.000635296,20.8720361552923,525.159127135271,27.4980592609309,20.9353942805711,9.9e+37,406.402,373.469,746.141
20260514192052.1,2029.93299476802,9.7880504,0.5252025,2.0030008,2.7300225,-0.000372858,-0.000719581,0.002349094,1.2117897,0.2059522,0.000635732,-0.10900288,4.1309701,0.58957963,288.387,287.87,288.954,-35.65,NaN,NaN,NaN,-0.0264812939866772,444.881080015869,50.1372432234153,11.7915926,288.387,287.87,288.954,0.202649863971169+0i,0.000635732,20.8657266510675,524.334542394711,27.5390397338547,20.9368996616046,268.855,-9.9e+37,95.223,681.606
20260514192054.2,2032.11700022221,9.788116,0.44421032,2.0030117,2.7302411,-0.000374274,-0.00071969,0.0023663,1.2117132,0.24295254,0.000634098,0.00600503,4.1309263,0.53361151,288.393,287.861,288.957,-35.69,NaN,NaN,NaN,-0.02579169343133,445.024739794163,42.0425595072861,10.6722302,288.393,287.861,288.957,0.223327989098454+0i,0.000634098,20.8652403651533,524.747460398332,27.5390397338547,20.9354534522393,9.9e+37,-9.9e+37,-9.9e+37,570.884
20260514192056.5,2034.35499854386,9.7877225,0.59086073,2.002968,2.7300006,-0.00037068,-0.000714354,0.002384703,1.2118444,0.122221,0.000625386,-0.001130446,4.1313417,0.56408521,288.387,287.864,288.902,-35.78,NaN,NaN,NaN,-0.0285564222633639,444.866687750797,56.6993903987458,11.2817042,288.387,287.864,288.902,0.26725084669419+0i,0.000625386,20.8698523096456,525.159127135271,28.3182915229509,20.9351581318222,9.9e+37,506.34,-9.9e+37,535.035
20260514192058.6,2036.45699881017,9.788116,0.65036877,2.0027931,2.7305034,-0.000370353,-0.000718492,0.002389603,1.2118553,0.34481123,0.000637474,0.11592135,4.1315712,0.7313871,288.382,287.848,288.962,-35.8,NaN,NaN,NaN,-0.0396216642021017,445.197118384495,62.6468628876548,14.627742,288.382,287.848,288.962,0.266357477936598+0i,0.000637474,20.872400314607,525.433154537676,27.5527414117323,20.9356304293199,1404.95,970.235,332.614,124.155
20260514192100.7,2038.56999278069,9.7879192,0.46240331,2.0027275,2.7299678,-0.000371878,-0.000717185,0.002366735,1.2118225,0.34216719,0.000636494,0.11254123,4.1309373,0.68305656,288.385,287.864,289.049,-35.76,NaN,NaN,NaN,-0.0437719207554323,444.845132212243,43.8608399869658,13.6611312,288.385,287.864,289.049,0.223091351647297+0i,0.000636494,20.8653624917527,525.159127135271,27.4980592609309,20.9356304293199,-9.9e+37,746.735,506.882,-9.9e+37
20260514192102.8,2040.65199717879,9.7877662,0.52053531,2.002651,2.7299897,-0.000368284,-0.000714136,0.002366191,1.2118771,0.15732699,0.000635732,-0.11256037,4.1309919,0.59204253,288.391,287.857,289.076,-35.87,NaN,NaN,NaN,-0.0486117778641528,444.859524477314,49.6707855123982,11.8408506,288.391,287.857,289.076,0.196390732911537+0i,0.000635732,20.8659686837828,525.159127135271,26.4453967178283,20.9371064934814,-9.9e+37,-9.9e+37,513.532,475
20260514192104.9,2042.75800064206,9.7879192,0.59881034,2.0027713,2.729323,-0.000368393,-0.000718383,0.002377189,1.2119536,0.35752191,0.000632029,0.11494455,4.1309263,0.68358799,288.375,287.868,289.101,-35.91,NaN,NaN,NaN,-0.0410008653128102,444.421381868948,57.4939063460456,13.6717598,288.375,287.868,289.101,0.250784096153821+0i,0.000632029,20.8652403651533,525.708433206753,26.404416244904,20.9358076753626,384.105,635.221,300.391,131.412
20260514192107,2044.87499780953,9.7881378,0.63161597,2.0030336,2.7296509,-0.00036676,-0.000718165,0.002402453,1.2118662,0.4294918,0.000637583,-0.006451518,4.1312542,0.60010782,288.364,287.885,289.103,-35.98,NaN,NaN,NaN,-0.0244061657100048,444.63687153639,60.7726327485003,12.0021564,288.364,287.885,289.103,0.252655344918356+0i,0.000637583,20.868880848059,524.747460398332,27.5116363780999,20.9359550666091,-9.9e+37,-9.9e+37,-9.9e+37,-9.9e+37
20260514192109.2,2047.06599377096,9.7878318,0.5948339,2.002651,2.7289514,-0.000369264,-0.000720561,0.002373269,1.2117897,0.28358669,0.00062506,-0.00746182,4.1315056,0.76720018,288.383,287.868,289.123,-36.05,NaN,NaN,NaN,-0.0486117778641528,444.17717338947,57.0964849639299,15.3440036,288.383,287.868,289.123,0.264907106866923+0i,0.00062506,20.8716719959775,524.334542394711,27.5253380559775,20.9353057920308,9.9e+37,826.918,615.866,-9.9e+37
20260514192111.4,2049.29299838841,9.7880285,0.5168535,2.0029243,2.7287437,-0.000367522,-0.00071871,0.002376427,1.2117897,0.13070097,0.000638345,-0.000395726,4.1313963,0.52562263,288.423,287.894,289.166,-36.07,NaN,NaN,NaN,-0.0313211510953977,444.040676884658,49.3028106356523,10.5124526,288.423,287.894,289.166,0.244778863291236+0i,0.000638345,20.8704585016756,525.708433206753,26.513780546507,20.935364963699,-9.9e+37,-9.9e+37,81.22,414.319
20260514192113.5,2051.38699226081,9.788116,0.50525482,2.0028478,2.7291809,-0.000368067,-0.000719799,0.002379258,1.2118334,0.42113954,0.000637147,0.071415565,4.1314838,0.63064805,288.379,287.897,289.174,-36.14,NaN,NaN,NaN,-0.036161008204104,444.327996441247,48.1435919786833,12.612961,288.379,287.897,289.174,0.230425586289797+0i,0.000637147,20.8714299632622,525.159127135271,27.4980592609309,20.9357485036944,395.137,605.073,83.533,-9.9e+37
20260514192115.6,2053.4719940275,9.7881378,0.52896506,2.0029243,2.7285251,-0.000369156,-0.000716968,0.004800441,1.2120302,0.20499956,0.00062212,-0.004203588,4.1313417,0.6846443,288.387,287.897,289.168,-36.1,NaN,NaN,NaN,-0.0313211510953977,443.897017106364,50.5132885794356,13.692886,288.387,287.897,289.168,0.272332893295853+0i,0.00062212,20.8698523096456,525.433154537676,27.4980592609309,20.9344792714097,868.645,654.435,685.441,417.73
20260514192117.7,2055.57000115514,9.787952,0.5833738,2.0027822,2.7280879,-0.000369482,-0.000720779,0.002386881,1.2118334,0.13609164,0.000638998,-0.041279992,4.1309263,0.61706988,288.387,287.889,289.171,-36,NaN,NaN,NaN,-0.0403112647574631,443.609697549776,55.951116548668,12.3413976,288.387,287.889,289.171,0.273542897501562+0i,0.000638998,20.8652403651533,526.257739278235,27.5800202067785,20.9348926662013,-9.9e+37,-9.9e+37,509.159,614.864
20260514192119.8,2057.65199549496,9.7877116,0.50867364,2.002815,2.7286235,-0.000366651,-0.000721977,0.002383396,1.2119209,0.42055028,0.000635949,0.085821896,4.1309373,0.64425896,288.39,287.905,289.163,-36.09,NaN,NaN,NaN,-0.0382361364807764,443.961683722028,48.4852825787187,12.8851792,288.39,287.905,289.163,0.212070147477119+0i,0.000635949,20.8653624917527,532.16246672998,27.5527414117323,20.9362799728604,-9.9e+37,219.302,-9.9e+37,-9.9e+37
20260514192121.9,2059.74599942565,9.7879192,0.51204008,2.002651,2.7289951,-0.000368938,-0.000716205,0.00236434,1.2117678,0.38893078,0.000632356,0.072695522,4.1314619,0.72941635,288.402,287.901,289.166,-36.17,NaN,NaN,NaN,-0.0486117778641528,444.205892201507,48.8217381112075,14.588327,288.402,287.901,289.166,0.253867913829614+0i,0.000632356,20.8711868203051,533.672745609879,26.4179933620735,20.934833494533,129.457,619.104,310.426,-9.9e+37
20260514192124,2061.85500025749,9.7879302,0.55582025,2.0027603,2.7287109,-0.000369047,-0.000718165,0.002408987,1.2117569,0.36579233,0.000637692,-0.11618352,4.1309373,0.61247254,288.378,287.909,289.071,-36.21,NaN,NaN,NaN,-0.0416967924787883,444.019121346103,53.197304112621,12.2494508,288.378,287.909,289.071,0.263071240574217+0i,0.000637692,20.8653624917527,533.672745609879,26.6641253210337,20.9348926662013,-9.9e+37,-9.9e+37,85.587,-9.9e+37
20260514192126.1,2063.95700052381,9.7877444,0.5659032,2.0026182,2.7291372,-0.000366433,-0.000718819,0.002375883,1.2118553,0.43529388,0.000630831,0.005061246,4.1312214,0.6808348,288.386,287.906,289.008,-36.29,NaN,NaN,NaN,-0.0506869061408253,444.299277629209,54.205034626549,13.616696,288.386,287.906,289.008,0.237939504663361+0i,0.000630831,20.8685166887442,524.747460398332,26.404416244904,20.9360142382774,1490.527,686.157,-9.9e+37,-9.9e+37
20260514192128.3,2066.14799648523,9.7879957,0.54288697,2.0028478,2.7293448,-0.000368611,-0.000721106,0.00238111,1.2118116,0.28309017,0.000637801,-0.00765497,4.1311887,0.77861663,288.375,287.893,288.998,-36.33,NaN,NaN,NaN,-0.036161008204104,444.435708415915,51.9047001721895,15.5723326,288.375,287.893,288.998,0.265156584789721+0i,0.000637801,20.8681536396713,525.296766469814,26.3907145670269,20.9348926662013,643.593,861.042,647.564,-9.9e+37
20260514192130.4,2068.23399402201,9.7876241,0.54056047,2.0030554,2.7294869,-0.000366433,-0.000722086,0.002399622,1.2117897,0.26140524,0.000632465,0.17305488,4.1310247,0.70851276,288.391,287.879,289.022,-36.38,NaN,NaN,NaN,-0.0230269645992962,444.529093843616,51.672180419473,14.1702552,288.391,287.879,289.022,0.247991748571052+0i,0.000632465,20.8663328430975,524.334542394711,26.4316950399507,20.9354827691113,-9.9e+37,659.405,597.714,-9.9e+37
20260514192132.7,2070.57399339974,9.7879083,0.42576853,2.0027603,2.7299569,-0.000368502,-0.000717948,0.002389712,1.2117569,-0.001588786,0.000634969,-0.001111389,4.1309591,0.68346687,288.39,287.878,289.057,-36.36,NaN,NaN,NaN,-0.0416967924787883,444.83796893876,40.19941295648,13.6693374,288.39,287.878,289.057,0.217802457850031+0i,0.000634969,20.865604524468,524.747460398332,26.3907145670269,20.9355123549455,-9.9e+37,587.85,790.729,221.362
20260514192134.9,2072.76899255812,9.7881488,0.60829313,2.0030117,2.7302411,-0.000366651,-0.000717076,0.002431637,1.2117132,0.00305326,0.000634969,0.04950469,4.1309373,0.71684103,288.39,287.861,289.103,-36.42,NaN,NaN,NaN,-0.02579169343133,445.024739794163,58.4416544594619,14.3368206,288.39,287.861,289.103,0.255735805738916+0i,0.000634969,20.8653624917527,525.846072541292,25.3107732288772,20.9357485036944,-9.9e+37,-9.9e+37,679.856,167.78
20260514192137,2074.85500015318,9.7870558,0.48810068,2.0026292,2.7301208,-0.000370244,-0.000714572,0.002391672,1.2117241,0.27448255,0.000635732,-0.11979305,4.1312433,0.59915408,288.379,287.859,289.141,-36.47,NaN,NaN,NaN,-0.0499909789748756,444.945680913427,46.4291383397987,11.9830816,288.379,287.859,289.141,0.252671225452837+0i,0.000635732,20.8687598317013,525.433154537676,25.297071551,20.9348630803672,-9.9e+37,-9.9e+37,-9.9e+37,389.856
20260514192139.1,2076.96899995208,9.7881378,0.53037165,2.0029133,2.7299241,-0.000366978,-0.00072067,0.002385792,1.2118334,0.36893399,0.000634643,-0.034157906,4.1314291,0.63292326,288.368,287.861,289.076,-36.43,NaN,NaN,NaN,-0.0320170782613616,444.816413400205,50.6538688325942,12.6584652,288.368,287.861,289.076,0.262149542338923+0i,0.000634643,20.8708226609904,524.060514992315,25.3244749067544,20.9349515689075,9.9e+37,-9.9e+37,-9.9e+37,265.355
20260514192141.3,2079.17599864304,9.788105,0.69750224,2.002815,2.7298695,-0.00036578,-0.000717076,0.002370656,1.2117569,0.19720053,0.000636167,0.00589264,4.1310356,0.59475642,288.395,287.872,288.951,-36.44,NaN,NaN,NaN,-0.0382361364807764,444.780531314684,67.3575711571897,11.8951284,288.395,287.872,288.951,0.305081519425218+0i,0.000636167,20.8664538594552,525.708433206753,25.3380520239239,20.934833494533,9.9e+37,494.889,-9.9e+37,430.67
20260514192143.5,2081.39400109649,9.7880941,0.56639208,2.0030226,2.7293886,-0.00037068,-0.000717948,0.002400602,1.2117569,0.12838865,0.000631702,-0.000621793,4.1312542,0.53186882,288.404,287.856,289.003,-36.46,NaN,NaN,NaN,-0.0251020928759687,444.464492946058,54.2538952569844,10.6373764,288.404,287.856,289.003,0.287332579153747+0i,0.000631702,20.868880848059,532.300106064514,25.3380520239239,20.9342431226608,9.9e+37,382.723,-9.9e+37,619.57
20260514192145.6,2083.48799496889,9.7879957,0.67150043,2.0026947,2.7291481,-0.000370136,-0.000718601,0.002381981,1.2117678,0.39791159,0.000633118,0.10234427,4.1315603,0.7014765,288.379,287.842,288.997,-36.56,NaN,NaN,NaN,-0.045847049032119,444.306440902692,64.7588458481922,14.02953,288.379,287.842,288.997,0.347961737124453+0i,0.000633118,20.8722792982494,532.987051470539,24.4631376111024,20.9332100391251,9.9e+37,942.923,-9.9e+37,-9.9e+37
20260514192147.7,2085.61299853027,9.78734,0.76620716,2.0027494,2.7286891,-0.000367849,-0.000718601,0.002400057,1.2117351,0.1045518,0.000636712,0.038686783,4.131593,0.65884543,288.417,287.837,288.937,-36.59,NaN,NaN,NaN,-0.0423863930341355,444.004794799137,74.2242167659627,13.1769086,288.417,287.837,288.937,0.324344397157495+0i,0.000636712,20.8726423473223,532.849412135996,25.2833698731229,20.93456775995,696.635,551.851,645.34,454.143
20260514192149.8,2087.69899606705,9.7871542,0.53674662,2.0026838,2.7280989,-0.000371442,-0.00071577,0.002372507,1.2117897,0.20584635,0.000638127,0.11082395,4.1310247,0.67292994,288.385,287.823,288.967,-36.65,NaN,NaN,NaN,-0.0465366495874946,443.616926541364,51.2910089348832,13.4585988,288.385,287.823,288.967,0.297732651869886+0i,0.000638127,20.8663328430975,532.574133466919,26.4179933620735,20.9335642622484,-9.9e+37,605.718,608.614,406.756
20260514192152,2089.89000208676,9.7876679,0.44432599,2.0026292,2.7281426,-0.000367631,-0.000717948,0.002412907,1.2117678,0.26830072,0.000634643,-0.00757094,4.1315821,0.71249247,288.395,287.815,289.014,-36.69,NaN,NaN,NaN,-0.0499909789748756,443.645645353402,42.0541200315916,14.2498494,288.395,287.815,289.014,0.269107048535722+0i,0.000634643,20.8725213309647,533.398718207478,26.4316950399507,20.9335642622484,-9.9e+37,259.721,706.58,143.226
20260514192154.1,2091.98399595916,9.7879083,0.6312144,2.0027385,2.7274431,-0.000368611,-0.000713592,0.002371527,1.2118771,0.27698147,0.000636058,0.17523734,4.1309373,0.71238444,288.393,287.793,289.092,-36.66,NaN,NaN,NaN,-0.0430759935894969,443.185947206481,60.7324982300827,14.2476888,288.393,287.793,289.092,0.321072966777299+0i,0.000636058,20.8653624917527,533.123439538397,27.0331986987658,20.9336231649545,-9.9e+37,323.545,605.192,-9.9e+37
20260514192156.2,2094.08999942243,9.7877662,0.60058796,2.002651,2.7274868,-0.000366433,-0.000717948,0.002387099,1.2117351,0.14013466,0.000638781,-0.14266193,4.1303362,0.62890535,288.401,287.793,289.136,-36.79,NaN,NaN,NaN,-0.0486117778641528,443.214666018519,57.6715688273798,12.578107,288.401,287.793,289.136,0.334965806004972+0i,0.000638781,20.8586888282132,533.398718207478,26.623144848109,20.9329147187079,-9.9e+37,-9.9e+37,632.705,508.714
20260514192158.3,2096.17199376225,9.7880285,0.45408921,2.0027275,2.7279568,-0.000368829,-0.000716859,0.002420639,1.2117569,0.27526169,0.000638998,-0.15511285,4.1309154,0.59970515,288.379,287.78,289.16,-36.86,NaN,NaN,NaN,-0.0437719207554323,443.523541113662,43.0298954453536,11.994103,288.379,287.78,289.16,0.298270849329599+0i,0.000638998,20.8651193487956,533.261078872935,26.3907145670269,20.9325900814188,364.133,-9.9e+37,-9.9e+37,545.795
20260514192200.5,2098.39799255133,9.7877225,0.59705564,2.0026292,2.7275415,-0.000369482,-0.000719363,0.002361617,1.211746,0.13997207,0.000621793,-0.000688764,4.1313854,0.52834961,288.404,287.769,289.185,-36.91,NaN,NaN,NaN,-0.0499909789748756,443.250613822145,57.3185345815532,10.5669922,288.404,287.769,289.185,0.253780091462116+0i,0.000621793,20.870337485318,532.987051470539,27.470655905176,20.9355123549455,9.9e+37,-9.9e+37,-9.9e+37,734.817
20260514192202.6,2100.47999694943,9.7877116,0.76484201,2.0026292,2.7275961,-0.000367413,-0.00071773,0.004841168,1.2120629,0.32334783,0.000639325,-0.024040429,4.1311996,0.61840337,288.398,287.758,289.201,-36.93,NaN,NaN,NaN,-0.0499909789748756,443.286495907666,74.0877781928181,12.3680674,288.398,287.758,289.201,0.354674073254237+0i,0.000639325,20.8682746560289,525.296766469814,27.5390397338547,20.9337708251631,9.9e+37,-9.9e+37,-9.9e+37,629.667
20260514192204.8,2102.6760019362,9.7878099,0.53237515,2.0026729,2.727465,-0.00036872,-0.000718601,0.00237218,1.2117569,0.21440595,0.000638236,0.00589045,4.1315165,0.56201952,288.412,287.753,289.201,-36.93,NaN,NaN,NaN,-0.047226250142856,443.200339471553,50.8541066682132,11.2403904,288.412,287.753,289.201,0.306267156114938+0i,0.000638236,20.8717930123352,524.609821063793,27.4980592609309,20.9333576993336,9.9e+37,374.794,-9.9e+37,575.303
20260514192206.9,2104.7690000385,9.787799,0.67913903,2.0026838,2.7280989,-0.000367631,-0.000719908,0.002395266,1.2118116,0.17013693,0.00061025,-0.14594325,4.1310575,0.6572326,288.406,287.739,289.245,-36.95,NaN,NaN,NaN,-0.0465366495874946,443.616926541364,65.5222782071436,13.144652,288.406,287.739,289.245,0.333365998034505+0i,0.00061025,20.8666970024123,525.982460609158,26.404416244904,20.9338004109972,9.9e+37,392.719,234.639,631.057
20260514192209,2106.87899664044,9.7880722,0.54147273,2.0028915,2.7281317,-0.000366106,-0.000719581,0.002326771,1.2117241,0.25750301,0.000633336,0.17918651,4.1309373,0.70596256,288.398,287.747,289.307,-37.02,NaN,NaN,NaN,-0.0333962793720701,443.638482079919,51.7633553473102,14.1192512,288.398,287.747,289.307,0.302419152862714+0i,0.000633336,20.8653624917527,525.708433206753,26.4316950399507,20.9335938480825,9.9e+37,795.273,279.046,377.04
20260514192211.1,2108.98399427533,9.7870339,0.46478001,2.0026401,2.728241,-0.000367631,-0.00071969,0.002374031,1.2118225,0.19488385,0.000637801,0.16990887,4.1313745,0.69302929,288.409,287.753,289.274,-37.09,NaN,NaN,NaN,-0.0493013784195284,443.710311969066,44.0983769292746,13.8605858,288.409,287.753,289.274,0.243437887531457+0i,0.000637801,20.8702164689603,524.334542394711,26.4179933620735,20.9349515689075,-9.9e+37,614.666,616.339,302.122
20260514192213.2,2111.08200140297,9.7877006,0.43249051,2.0026182,2.7288202,-0.000367849,-0.000719908,0.002424777,1.2116476,0.38103789,0.000635405,-0.14216978,4.1310247,0.59192577,288.382,287.715,289.261,-37.16,NaN,NaN,NaN,-0.0506869061408253,444.090951235251,40.8712346316855,11.8385154,288.382,287.715,289.261,0.273694563731232+0i,0.000635405,20.8663328430975,525.159127135271,26.4316950399507,20.9334166020398,-9.9e+37,-9.9e+37,133.427,153.735
20260514192215.4,2113.30499276519,9.788105,0.70398852,2.0028368,2.7292246,-0.000368284,-0.000716532,0.002362706,1.2117023,0.44645279,0.000638998,-0.001398764,4.1302378,0.80384913,288.39,287.72,289.245,-37.03,NaN,NaN,NaN,-0.0368569353700678,444.356715253284,68.0058360278754,16.0769826,288.39,287.72,289.245,0.354340388595982+0i,0.000638998,20.857596350269,524.472181729254,26.4316950399507,20.9333870162057,1514.961,677.839,483.609,-9.9e+37
20260514192217.6,2115.42599312961,9.7879629,0.55951406,2.0026838,2.7290497,-0.000372531,-0.000720779,0.004847702,1.2119099,0.22485123,0.00063486,0.00959435,4.1315056,0.7204268,288.398,287.712,289.264,-37.07,NaN,NaN,NaN,-0.0465366495874946,444.241774287028,53.5664783175563,14.408536,288.398,287.712,289.264,0.305726010798524+0i,0.00063486,20.8716719959775,524.609821063793,26.4179933620735,20.9336823366228,-9.9e+37,382.639,708.798,342.053
20260514192219.7,2117.53100082278,9.7880067,0.54046116,2.0028587,2.7293448,-0.000372205,-0.000721323,0.002398533,1.2116367,0.32632691,0.000617219,0.11498713,4.1309373,0.67556853,288.387,287.696,289.261,-37.2,NaN,NaN,NaN,-0.0354714076487426,444.435708415915,51.6622549792657,13.5113706,288.387,287.696,289.261,0.309692583148808+0i,0.000617219,20.8653624917527,525.021487800736,25.3517537018015,20.9333870162057,-9.9e+37,365.993,535.654,-9.9e+37
20260514192221.8,2119.62100155652,9.7877225,0.60741032,2.0026292,2.7294104,-0.000374056,-0.00071773,0.002341254,1.2116367,0.1239506,0.000631594,-0.000147662,4.1311231,0.69733092,288.409,287.704,289.228,-37.11,NaN,NaN,NaN,-0.0499909789748756,444.478819493024,58.3534228828895,13.9466184,288.409,287.704,289.228,0.352131404868137+0i,0.000631594,20.8674253210418,524.747460398332,25.3244749067544,20.932649253087,-9.9e+37,267.029,782.087,352.693
20260514192223.8,2121.71099223197,9.7874274,0.6222554,2.0030663,2.7294869,-0.000373511,-0.000718928,0.002372071,1.2116913,0.3136086,0.000634751,0.10859432,4.1310575,0.69416854,288.393,287.712,289.22,-37.12,NaN,NaN,NaN,-0.0223373640439348,444.529093843616,59.8370997926928,13.8833708,288.393,287.712,289.22,0.316049477837353+0i,0.000634751,20.8666970024123,525.570793872214,26.4179933620735,20.9338888995375,-9.9e+37,288.004,536.472,-9.9e+37
20260514192225.9,2123.79699982703,9.7879411,0.51518938,2.0028368,2.7298476,-0.000372313,-0.000717076,0.002375774,1.2116476,0.39305454,0.000633118,-0.075249448,4.1315603,0.60029878,288.371,287.717,289.144,-37.13,NaN,NaN,NaN,-0.0368569353700678,444.766139049612,49.1364918001094,12.0059756,288.371,287.717,289.144,0.281943209112564+0i,0.000633118,20.8722792982494,526.120099943692,26.4179933620735,20.9340365597461,-9.9e+37,-9.9e+37,177.923,-9.9e+37
20260514192228,2125.88299736381,9.788116,0.60553886,2.0028696,2.7304706,-0.000373076,-0.000719145,0.002363795,1.2117132,0.2503969,0.000637692,0.118035,4.1308171,0.72854882,288.398,287.723,289.071,-37.22,NaN,NaN,NaN,-0.0347818070933954,445.17556284594,58.1663816551143,14.5709764,288.398,287.723,289.071,0.326526558573112+0i,0.000637692,20.8640279810932,525.021487800736,26.404416244904,20.9334166020398,9.9e+37,864.022,561.506,140.325
20260514192230.1,2127.96899490058,9.7877334,0.76939246,2.0026401,2.7301208,-0.000371116,-0.000722739,0.00236336,1.2117132,0.43181395,0.000635514,-0.046966294,4.1305438,0.63496495,288.401,287.758,288.992,-37.2,NaN,NaN,NaN,-0.0493013784195284,444.945680913427,74.5425684394328,12.699299,288.401,287.758,288.992,0.358746806570146+0i,0.000635514,20.8609936902176,525.433154537676,27.5390397338547,20.9336823366228,-9.9e+37,132.069,246.222,-9.9e+37
20260514192232.3,2130.15199452639,9.7880832,0.75215976,2.0029789,2.7300006,-0.000373511,-0.000720888,0.002400057,1.211593,0.29957867,0.000636712,-0.00771062,4.1303689,0.79834169,288.398,287.772,288.948,-37.21,NaN,NaN,NaN,-0.0278668217080025,444.866687750797,72.8202631986683,15.9668338,288.398,287.772,288.948,0.384788116575731+0i,0.000636712,20.8590518772861,525.846072541292,28.3318686401203,20.9327673274615,-9.9e+37,712.489,687.585,-9.9e+37
20260514192234.5,2132.37099274993,9.788105,0.52400105,2.0028259,2.7304815,-0.000371878,-0.000722957,0.00483115,1.2119318,0.21428155,0.000624406,-0.000648908,4.1302269,0.551272,288.401,287.774,288.878,-37.21,NaN,NaN,NaN,-0.0375465359254292,445.182726119423,50.0171654856541,11.02544,288.401,287.774,288.878,0.294603861585735+0i,0.000624406,20.8574753339113,525.708433206753,28.3865507909218,20.9336231649545,-9.9e+37,-9.9e+37,249.954,481.816
20260514192236.6,2134.47999358177,9.7880941,0.47322613,2.0028368,2.7304706,-0.000372858,-0.000716641,0.002406373,1.2116695,0.151837,0.000636167,-0.096858482,4.1308171,0.64314809,288.398,287.78,288.777,-37.25,NaN,NaN,NaN,-0.0368569353700678,445.17556284594,44.9425160798503,12.8629618,288.398,287.78,288.777,0.275057269373613+0i,0.000636167,20.8640279810932,524.472181729254,28.4276558245533,20.9338004109972,9.9e+37,110.447,335.432,641.57
20260514192238.7,2136.60099394619,9.7880613,0.61219537,2.0027494,2.7304815,-0.000372749,-0.000717948,0.002366082,1.2116476,0.42782986,0.000631158,0.075392429,4.1308717,0.66940417,288.374,287.783,288.687,-37.24,NaN,NaN,NaN,-0.0423863930341355,445.182726119423,58.8316599956066,13.3880834,288.374,287.783,288.687,0.325660301886698+0i,0.000631158,20.8646341731232,533.123439538397,28.3318686401203,20.9332689418312,763.957,380.638,-9.9e+37,-9.9e+37
20260514192240.8,2138.68700154126,9.7880504,0.5788583,2.002968,2.7300006,-0.00037264,-0.000716641,0.002420421,1.2116476,0.42008323,0.000633663,-0.016723305,4.130981,0.69010154,288.382,287.815,288.489,-37.26,NaN,NaN,NaN,-0.0285564222633639,444.866687750797,55.4998193454049,13.8020308,288.382,287.815,288.489,0.378346825690748+0i,0.000633663,20.8658476674251,533.398718207478,28.3729736737523,20.9312027747597,-9.9e+37,523.068,80.105,-9.9e+37
20260514192242.9,2140.7969981432,9.7877662,0.49541301,2.002662,2.7306127,-0.000374383,-0.00071969,0.002369022,1.2117678,0.31353112,0.000633771,0.11239477,4.1310247,0.72866994,288.393,287.815,288.448,-37.32,NaN,NaN,NaN,-0.0479158506982031,445.268948273642,47.159961964721,14.5733988,288.393,287.815,288.448,0.295657223040748+0i,0.000633771,20.8663328430975,533.948024278961,29.507597162703,20.9330623789165,472.637,874.444,467.805,-9.9e+37
20260514192245.1,2142.979997769,9.7880067,0.51648576,2.0028696,2.7306127,-0.000374818,-0.000719908,0.002361073,1.2116913,0.30854857,0.000637038,-0.0078252,4.1304127,0.76961289,288.393,287.815,288.481,-37.35,NaN,NaN,NaN,-0.0347818070933954,445.268948273642,49.2660572232887,15.3922578,288.393,287.815,288.481,0.307886883983085+0i,0.000637038,20.8595381632004,533.261078872935,28.3592719958751,20.9329147187079,-9.9e+37,569.079,766.133,-9.9e+37
20260514192247.2,2145.05799897015,9.7881269,0.43594316,2.0030663,2.7307875,-0.000373294,-0.000718383,0.002415194,1.2117023,0.24134953,0.0006329,0.16685669,4.130358,0.71223057,288.406,287.807,288.576,-37.37,NaN,NaN,NaN,-0.0223373640439348,445.383823521793,41.2163063377748,14.2446114,288.406,287.807,288.576,0.282433706648103+0i,0.0006329,20.8589308609285,526.120099943692,27.5390397338547,20.9330623789165,-9.9e+37,544.255,619.765,-9.9e+37
20260514192249.3,2147.15199284256,9.7887608,0.44041502,2.0030554,2.730722,-0.000374491,-0.000719472,0.002384594,1.211746,0.21308011,0.000637256,-0.16240118,4.1302924,0.63174692,288.378,287.803,288.625,-37.37,NaN,NaN,NaN,-0.0230269645992962,445.340778162789,41.6632419841892,12.6349384,288.378,287.803,288.625,0.287420838701627+0i,0.000637256,20.858202542299,525.570793872214,27.5116363780999,20.9329443045421,-9.9e+37,-9.9e+37,537.797,367.513
20260514192251.6,2149.42899718881,9.7877771,0.61924252,2.0026838,2.7305908,-0.000374165,-0.00071969,0.004829734,1.2119974,0.33370689,0.000628871,-0.001120754,4.1308717,0.74849869,288.351,287.828,288.699,-37.44,NaN,NaN,NaN,-0.0465366495874946,445.25455600857,59.5359804664239,14.9699738,288.351,287.828,288.699,0.361298721348797+0i,0.000628871,20.8646341731232,525.021487800736,27.5527414117323,20.932383518504,342.853,541.913,441.396,-9.9e+37
20260514192253.7,2151.52300111949,9.788116,0.61331278,2.0030663,2.7307875,-0.000374491,-0.00071773,0.002409858,1.211746,0.10298371,0.000613844,0.046523783,4.1304345,0.63884755,288.4,287.836,288.81,-37.52,NaN,NaN,NaN,-0.0223373640439348,445.383823521793,58.9433384382814,12.776951,288.4,287.836,288.81,0.345550557026123+0i,0.000613844,20.8597801959157,524.060514992315,28.3865507909218,20.9328262301676,-9.9e+37,-9.9e+37,672.59,538.959
20260514192255.7,2153.61300185323,9.7880176,0.55767315,2.0028915,2.7306017,-0.000375145,-0.000717294,0.002434468,1.2117788,0.43157497,0.000638236,-0.01775596,4.1302269,0.6099016,288.391,287.841,288.892,-37.63,NaN,NaN,NaN,-0.0333962793720701,445.261719282053,53.3824903794633,12.198032,288.391,287.841,288.892,0.302727785999323+0i,0.000638236,20.8574753339113,525.296766469814,28.4412329417228,20.9336823366228,-9.9e+37,-9.9e+37,-9.9e+37,129.972
20260514192257.9,2155.80100044608,9.7878646,0.5906654,2.0026838,2.7304159,-0.000375254,-0.000718601,0.002373378,1.2117569,0.29397194,0.00063486,0.00570494,4.1315056,0.58590873,288.386,287.866,288.97,-37.69,NaN,NaN,NaN,-0.0465366495874946,445.139615042314,56.6798683341431,11.7181746,288.386,287.866,288.97,0.316951537227772+0i,0.00063486,20.8716719959775,523.235930251755,28.3455703179975,20.9335642622484,9.9e+37,149.163,-9.9e+37,357.885
20260514192300.2,2158.05500149727,9.7880285,0.57513719,2.0029133,2.7299897,-0.000374709,-0.000716205,0.002420312,1.2117351,0.40890682,0.000634425,-0.001064237,4.13144,0.80357959,288.385,287.864,289.052,-37.76,NaN,NaN,NaN,-0.0320170782613616,444.859524477314,55.1279166688387,16.0715918,288.385,287.864,289.052,0.332049444032725+0i,0.000634425,20.870943677348,525.846072541292,28.3592719958751,20.9328558160018,9.9e+37,890.434,493.752,-9.9e+37
20260514192302.3,2160.13999320567,9.7880722,0.58937557,2.0029898,2.7300225,-0.000373511,-0.000719908,0.004846178,1.2119755,0.22542194,0.00063584,0.007737136,4.1310466,0.73294538,288.404,287.837,289.114,-37.79,NaN,NaN,NaN,-0.0271772211526553,444.881080015869,56.5509575442672,14.6589076,288.404,287.837,289.114,0.305542569543947+0i,0.00063584,20.8665759860546,524.883848466193,28.3729736737523,20.9338888995375,-9.9e+37,425.278,701.502,326.886
20260514192304.4,2162.22199760377,9.7881378,0.44015748,2.0030226,2.729629,-0.000376016,-0.000720561,0.002351708,1.2116804,0.43995015,0.000637474,0.087116117,4.1306094,0.67021605,288.398,287.878,289.179,-37.88,NaN,NaN,NaN,-0.0251020928759687,444.622479271318,41.6375024023647,13.404321,288.398,287.878,289.179,0.274900974818853+0i,0.000637474,20.861722008847,532.711772801457,28.3318686401203,20.9332396249592,-9.9e+37,235.144,325.975,-9.9e+37
20260514192306.5,2164.32399787009,9.7881488,0.56668562,2.0028587,2.7287328,-0.000376125,-0.000720343,0.004782583,1.2119864,0.17611359,0.000637256,-0.004009969,4.1302378,0.7217712,288.39,287.864,289.201,-37.89,NaN,NaN,NaN,-0.0354714076487426,444.033513611175,54.283232823377,14.435424,288.39,287.864,289.201,0.292731434514025+0i,0.000637256,20.857596350269,534.085663613495,28.3592719958751,20.9339184853717,-9.9e+37,392.015,758.88,329.802
20260514192308.5,2166.40999540687,9.7877225,0.52028214,2.002651,2.7287656,-0.000375798,-0.000719472,0.002355519,1.2116695,0.25312827,0.000636276,-0.1190493,4.1303689,0.57261972,288.393,287.84,289.255,-37.91,NaN,NaN,NaN,-0.0486117778641528,444.05506914973,49.6454826859227,11.4523944,288.393,287.84,289.255,0.299683665528138+0i,0.000636276,20.8590518772861,533.536357542013,27.5663185289013,20.9332689418312,-9.9e+37,-9.9e+37,178.591,456.966
20260514192310.7,2168.5390021652,9.7879848,0.49131871,2.0028259,2.728077,-0.000376343,-0.000719908,0.002400057,1.2116585,0.10288986,0.000615913,0.039503284,4.1302159,0.65932557,288.391,287.844,289.277,-38.08,NaN,NaN,NaN,-0.0375465359254292,443.602534276292,46.7507611809053,13.1865114,288.391,287.844,289.277,0.285179784207592+0i,0.000615913,20.8573532073119,533.261078872935,27.5800202067785,20.9334757737081,9.9e+37,305.197,461.347,682.952
20260514192312.8,2170.65599933267,9.7880504,0.4387247,2.0027275,2.7285798,-0.000377758,-0.000722848,0.002355846,1.2116148,0.10245774,0.000636276,-0.002129019,4.1308717,0.64617297,288.413,287.83,289.261,-37.99,NaN,NaN,NaN,-0.0437719207554323,443.93296490999,41.4943046154327,12.9234594,288.413,287.83,289.261,0.28706054835664+0i,0.000636276,20.8646341731232,532.16246672998,27.4980592609309,20.9327966443335,1026.529,-9.9e+37,349.434,770.275
20260514192314.9,2172.77299650013,9.7877771,0.46400414,2.0026729,2.7274868,-0.000379174,-0.000717948,0.004826903,1.2119755,0.21905131,0.000619942,0.001141878,4.1310029,0.67722502,288.402,287.841,289.258,-37.87,NaN,NaN,NaN,-0.047226250142856,443.214666018519,44.0208333657499,13.5445004,288.402,287.841,289.258,0.271361680845347+0i,0.000619942,20.8660908103822,532.987051470539,28.400252468799,20.9336527507887,1381.937,-9.9e+37,427.815,739.032
20260514192317,2174.85500089824,9.7881378,0.49586478,2.0030226,2.7277491,-0.000377867,-0.000720017,0.002400929,1.211582,0.14158163,0.000633771,0.006765897,4.1305329,0.62969214,288.383,287.833,288.973,-37.84,NaN,NaN,NaN,-0.0251020928759687,443.387044608851,47.2051136727308,12.5938428,288.383,287.833,288.973,0.30277740893365+0i,0.000633771,20.8608726738599,533.810384944418,28.3455703179975,20.9328558160018,189.088,106.484,488.373,593.825
20260514192319.1,2176.94099843502,9.7882908,0.58201522,2.002662,2.7278366,-0.000374383,-0.000723283,0.002449714,1.2116913,0.17602302,0.00063486,0.10661036,4.1308498,0.73775662,288.398,287.821,288.886,-37.91,NaN,NaN,NaN,-0.0479158506982031,443.444547951032,55.815334607707,14.7551324,288.398,287.821,288.886,0.336279447950223+0i,0.00063486,20.8643910301661,533.810384944418,27.5116363780999,20.932649253087,-9.9e+37,-9.9e+37,619.146,444.473
20260514192321.2,2179.0269959718,9.7884876,0.66560997,2.0026401,2.7277601,-0.000376343,-0.000717512,0.002423797,1.2117132,0.41262356,0.000634316,-0.040832214,4.1314291,0.63477072,288.387,287.832,288.788,-37.92,NaN,NaN,NaN,-0.0493013784195284,443.394273600439,64.1701296209896,12.6954144,288.387,287.832,288.788,0.348592597038776+0i,0.000634316,20.8708226609904,532.849412135996,27.75776833706,20.9330327930824,-9.9e+37,-9.9e+37,-9.9e+37,-9.9e+37
20260514192323.2,2181.11299350858,9.7886952,0.56184274,2.0028805,2.7274759,-0.000377867,-0.000722521,0.002417263,1.2116585,0.43773932,0.00063388,-0.054129428,4.1309591,0.67710498,288.376,287.848,288.622,-38.05,NaN,NaN,NaN,-0.0340922065380482,443.207502745036,53.7992159482273,13.5420996,288.376,287.848,288.622,0.335854823111909+0i,0.00063388,20.865604524468,525.159127135271,28.0858612418683,20.9326196672529,629.561,276.788,-9.9e+37,-9.9e+37
20260514192325.4,2183.21899697185,9.7889357,0.57673149,2.0030663,2.72823,-0.00037754,-0.000719363,0.002362924,1.2117241,0.15378921,0.000638781,-0.11295936,4.1310466,0.61955679,288.395,287.87,288.481,-38.18,NaN,NaN,NaN,-0.0223373640439348,443.703082977477,55.2872574131998,12.3911358,288.395,287.87,288.481,0.33432017331528+0i,0.000638781,20.8665759860546,524.609821063793,28.3865507909218,20.9328262301676,1493.073,213.777,357.613,478.596
20260514192327.4,2185.31599827111,9.7895368,0.63580302,2.002804,2.7286235,-0.000374927,-0.000719363,0.002360202,1.2117351,0.12394187,0.000637474,0.016481015,4.1315493,0.69384226,288.404,287.856,288.326,-38.14,NaN,NaN,NaN,-0.0389320636467545,443.961683722028,61.1911033397798,13.8768452,288.404,287.856,288.326,0.332017495970141+0i,0.000637474,20.8721571716499,526.120099943692,28.3592719958751,20.9334166020398,9.9e+37,507.944,485.585,643.131
20260514192329.6,2187.43699863553,9.7894931,0.48927156,2.0027494,2.7292355,-0.000377214,-0.000718274,0.002379367,1.2117678,0.43224826,0.000630831,0.057212863,4.131604,0.68535033,288.376,287.864,288.25,-38.09,NaN,NaN,NaN,-0.0423863930341355,444.363878526768,46.5461607889974,13.7070066,288.376,287.864,288.25,0.271980676845269+0i,0.000630831,20.8727644739218,532.574133466919,27.5116363780999,20.9339480712058,-9.9e+37,216.709,-9.9e+37,-9.9e+37
20260514192331.7,2189.53099250793,9.7891433,0.50024388,2.002651,2.7287437,-0.000376343,-0.000720343,0.002382634,1.2117569,0.38757326,0.000633336,-0.016601778,4.1310466,0.62857253,288.387,287.867,288.31,-38.14,NaN,NaN,NaN,-0.0486117778641528,444.040676884658,47.6427785122413,12.5714506,288.387,287.867,288.31,0.273376606070961+0i,0.000633336,20.8665759860546,532.849412135996,27.5253380559775,20.934006973912,-9.9e+37,-9.9e+37,-9.9e+37,-9.9e+37
20260514192333.8,2191.62099324167,9.7892745,0.61569166,2.0027057,2.7291372,-0.000377105,-0.000717948,0.002405938,1.2117569,0.11955949,0.000637909,0.03888062,4.1309591,0.68606399,288.39,287.88,288.367,-38.2,NaN,NaN,NaN,-0.0451511218661693,444.299277629209,59.1810932585446,13.7212798,288.39,287.88,288.367,0.331396403128317+0i,0.000637909,20.865604524468,534.085663613495,27.5253380559775,20.9331215505848,9.9e+37,491.54,496.135,550.695
20260514192335.8,2193.70299763978,9.7888373,0.47465127,2.0028478,2.7298476,-0.000378738,-0.000718601,0.002421619,1.2116695,0.1177677,0.000634534,0.045574103,4.1315165,0.64943466,288.4,287.89,288.402,-38,NaN,NaN,NaN,-0.036161008204104,444.766139049612,45.0849502945017,12.9886932,288.4,287.89,288.402,0.308170528472679+0i,0.000634534,20.8717930123352,534.3596910159,29.4392133340243,20.9323539326699,1115.533,-9.9e+37,427.71,696.76
20260514192337.9,2195.78899517655,9.7888264,0.51971689,2.0030117,2.7296618,-0.000379392,-0.000718928,0.004783998,1.2119536,0.34091446,0.000635078,-0.007814017,4.1312542,0.59516345,288.378,287.876,288.481,-38.24,NaN,NaN,NaN,-0.02579169343133,444.644034809873,49.588989331002,11.903269,288.378,287.876,288.481,0.309590089667478+0i,0.000635078,20.868880848059,534.634969684977,29.466492129071,20.9328262301676,-9.9e+37,-9.9e+37,-9.9e+37,197.389
20260514192340,2197.88299910724,9.7888701,0.71891,2.0029571,2.7297383,-0.000376016,-0.000720452,0.002378496,1.2117023,0.11075437,0.000633771,0.028806253,4.1313526,0.71744775,288.405,287.917,288.47,-38.22,NaN,NaN,NaN,-0.029246022818711,444.694309160465,69.4971486604845,14.348955,288.405,287.917,288.47,0.363078569737835+0i,0.000633771,20.8699733260032,533.672745609879,29.466492129071,20.9329443045421,9.9e+37,549.862,501.832,585.85
20260514192342.2,2200.02699270844,9.7887717,0.44396915,2.0027603,2.7304706,-0.000376887,-0.000721106,0.004816013,1.2118553,0.35178529,0.000636385,0.007073309,4.1315712,0.66795393,288.381,287.907,288.411,-38.08,NaN,NaN,NaN,-0.0416967924787883,445.17556284594,42.018456009,13.3590786,288.381,287.907,288.411,0.345756283821063+0i,0.000636385,20.872400314607,533.810384944418,29.466492129071,20.9305239143472,-9.9e+37,288.844,-9.9e+37,-9.9e+37
20260514192344.3,2202.13699936867,9.7887936,0.63005442,2.0030554,2.7301208,-0.000378085,-0.000719799,0.002387861,1.2116585,0.25949668,0.000634643,0.10996651,4.1311449,0.75390573,288.384,287.901,288.5,-38.22,NaN,NaN,NaN,-0.0230269645992962,444.945680913427,60.6165651706561,15.0781146,288.384,287.901,288.5,0.372858687982523+0i,0.000634643,20.8676673537571,541.638309279682,29.466492129071,20.9317046580916,-9.9e+37,700.76,604.651,-9.9e+37
20260514192346.4,2204.31599579751,9.7888592,0.54087147,2.0030117,2.730252,-0.000379718,-0.000721323,0.002366191,1.2117023,0.36866991,0.000623753,-0.00756767,4.1309482,0.77090817,288.389,287.887,288.606,-38.36,NaN,NaN,NaN,-0.02579169343133,445.031903067646,51.7032630083811,15.4181634,288.389,287.887,288.606,0.337827179898516+0i,0.000623753,20.8654835081104,541.089003208199,29.452915011902,20.9319408068404,-9.9e+37,109.402,715.431,-9.9e+37
20260514192348.7,2206.53499402106,9.7885313,0.61075167,2.0026947,2.7306017,-0.000380154,-0.000721541,0.004747192,1.2119974,0.36539949,0.000634643,-0.001155274,4.131593,0.75087975,288.372,287.885,288.734,-38.38,NaN,NaN,NaN,-0.045847049032119,445.261719282053,58.6873708200223,15.017595,288.372,287.885,288.734,0.302778110097985+0i,0.000634643,20.8726423473223,533.261078872935,29.4801938069481,20.9339480712058,-9.9e+37,336.11,567.269,-9.9e+37
20260514192350.8,2208.62899795175,9.7882362,0.51507153,2.0030336,2.7307985,-0.000379936,-0.000720017,0.002398315,1.2116258,0.11329584,0.000637256,0.051422014,4.131134,0.68086754,288.4,287.882,288.796,-38.44,NaN,NaN,NaN,-0.0244061657100048,445.391052513382,49.1247133978495,13.6173508,288.4,287.882,288.796,0.313465716076478+0i,0.000637256,20.8675463373994,532.987051470539,28.3729736737523,20.9327081557932,-9.9e+37,-9.9e+37,729.441,484.791
20260514192352.8,2210.71499548852,9.7881378,0.56950208,2.0028805,2.7311373,-0.000382659,-0.000722303,0.004823854,1.2119864,0.32970317,0.00062996,0.019378618,4.1314838,0.69376806,288.393,287.88,288.905,-38.57,NaN,NaN,NaN,-0.0340922065380482,445.613705454306,54.5647211460661,13.8753612,288.393,287.88,288.905,0.303898753453896+0i,0.00062996,20.8714299632622,532.987051470539,28.3592719958751,20.9335938480825,-9.9e+37,232.703,350.133,-9.9e+37
20260514192354.9,2212.81599998474,9.788105,0.61151771,2.0030445,2.7313122,-0.000381896,-0.000716532,0.002417372,1.2116695,0.14495462,0.000634643,0.016761203,4.1310138,0.71174061,288.417,287.875,288.973,-38.56,NaN,NaN,NaN,-0.0237165651546434,445.728646420563,58.7639319338719,14.2348122,288.417,287.875,288.973,0.341614917416716+0i,0.000634643,20.8662118267399,534.771357752839,28.4139541466766,20.9327081557932,-9.9e+37,285.667,733.741,364.513
20260514192357,2214.89799432456,9.7873946,0.67193038,2.0030226,2.7313231,-0.000381352,-0.000720779,0.002398206,1.2116258,0.43780261,0.000635405,-0.006298084,4.1310356,0.61698695,288.393,287.883,289.065,-38.65,NaN,NaN,NaN,-0.0251020928759687,445.735809694046,64.8018167777776,12.339739,288.393,287.883,289.065,0.341473120164428+0i,0.000635405,20.8664538594552,533.398718207478,28.4139541466766,20.9332689418312,-9.9e+37,-9.9e+37,-9.9e+37,-9.9e+37
20260514192359.1,2216.98400191963,9.788105,0.50167339,2.0030445,2.7320444,-0.000381787,-0.000719254,0.002402126,1.2116913,0.13645285,0.000635732,0.027628221,4.1311449,0.71976879,288.401,287.861,289.082,-38.74,NaN,NaN,NaN,-0.0237165651546434,446.209834387932,47.7856494822416,14.3953758,288.401,287.861,289.082,0.29627989775684+0i,0.000635732,20.8676673537571,539.441084993757,28.3729736737523,20.9330327930824,9.9e+37,512.031,631.127,501.26
20260514192401.2,2219.08600218594,9.7871323,0.65234826,2.0026947,2.7318368,-0.000381134,-0.000717294,0.00236336,1.2115711,0.18435348,0.000635623,-0.11199858,4.1309701,0.60874272,288.393,287.864,289.054,-38.61,NaN,NaN,NaN,-0.045847049032119,446.073403601227,62.8447010674548,12.1748544,288.393,287.864,289.054,0.349297464670146+0i,0.000635623,20.8657266510675,542.324003419026,28.3592719958751,20.9326785699591,-9.9e+37,-9.9e+37,272.817,616.334
20260514192403.3,2221.19099982083,9.7871214,0.59506742,2.0026401,2.7320444,-0.000379283,-0.000718928,0.002370982,1.2116804,0.39169159,0.000632574,-0.060494579,4.1305875,0.58564683,288.398,287.88,289.041,-38.7,NaN,NaN,NaN,-0.0493013784195284,446.209834387932,57.1198238904953,11.7129366,288.398,287.88,289.041,0.327478142800018+0i,0.000632574,20.8614788658899,542.46164275356,28.3865507909218,20.9328558160018,1188.054,-9.9e+37,-9.9e+37,393.897
20260514192405.4,2223.28499369323,9.787023,0.64014284,2.0026292,2.7320444,-0.000382005,-0.000720017,0.004837357,1.2118881,0.2434927,0.000638563,0.021992437,4.130675,0.71841458,288.391,287.863,289.006,-38.82,NaN,NaN,NaN,-0.0499909789748756,446.209834387932,61.6248423783503,14.3682916,288.391,287.863,289.006,0.330915338811417+0i,0.000638563,20.8624503274766,542.049976016621,28.4276558245533,20.9331508674568,9.9e+37,893.444,368.883,370.967
20260514192407.5,2225.3900013864,9.7874383,0.50930001,2.0030445,2.7327002,-0.000379827,-0.000718274,0.002375229,1.2115711,0.24709157,0.000634534,0.11569452,4.1311777,0.70672533,288.4,287.841,288.973,-38.73,NaN,NaN,NaN,-0.0237165651546434,446.640813722815,48.547884511884,14.1345066,288.4,287.841,288.973,0.270944991681156+0i,0.000634534,20.8680315130718,534.222051681357,28.3729736737523,20.9341250482864,-9.9e+37,612.572,622.322,241.186
20260514192409.6,2227.47199572623,9.7879411,0.85360591,2.0026729,2.7322084,-0.000380698,-0.000719908,0.00234757,1.2116695,0.41152142,0.000626584,0.00360161,4.1315712,0.66553577,288.375,287.83,288.943,-38.7,NaN,NaN,NaN,-0.047226250142856,446.317612080706,82.9591988152796,13.3107154,288.375,287.83,288.943,0.394132369598982+0i,0.000626584,20.872400314607,533.261078872935,28.3729736737523,20.9330623789165,-9.9e+37,224.349,360.449,-9.9e+37
20260514192411.7,2229.56999279559,9.7872853,0.58006738,2.0028478,2.7318368,-0.000381243,-0.000719363,0.002375338,1.2116476,0.43300011,0.000638345,-0.039140199,4.1309263,0.65883125,288.381,287.836,288.9,-38.75,NaN,NaN,NaN,-0.036161008204104,446.073403601227,55.6206596560064,13.176625,288.381,287.836,288.9,0.321122809717985+0i,0.000638345,20.8652403651533,534.3596910159,28.3865507909218,20.9330919647506,-9.9e+37,274.45,213.635,-9.9e+37
20260514192413.8,2231.66799992323,9.7874383,0.49155878,2.0029352,2.732274,-0.000381461,-0.000722086,0.002419223,1.2116913,0.23886152,0.000639434,-0.11942412,4.13144,0.62659849,288.359,287.852,288.908,-38.75,NaN,NaN,NaN,-0.0306315505400363,446.360723157815,46.774754740774,12.5319698,288.359,287.852,288.908,0.278683499106832+0i,0.000639434,20.870943677348,525.021487800736,28.3729736737523,20.9338593137034,946.276,-9.9e+37,291.311,308.63
20260514192415.9,2233.8049929589,9.7863126,0.48174099,2.0026292,2.731957,-0.000384074,-0.000719037,0.002352906,1.2116148,0.13059512,0.00063584,0.016827957,4.1312105,0.66962242,288.409,287.859,288.959,-39.06,NaN,NaN,NaN,-0.0499909789748756,446.152396763857,45.7935253820708,13.3924484,288.409,287.859,288.959,0.258936686922679+0i,0.00063584,20.8683956723866,525.982460609158,27.5800202067785,20.9344792714097,9.9e+37,379.318,399.206,636.388
20260514192418,2235.90199425817,9.7863126,0.52027232,2.0026073,2.7313231,-0.000380481,-0.000721106,0.002363469,1.2116695,0.45022408,0.000635623,-0.063417217,4.1311449,0.60888676,288.378,287.86,289.006,-38.98,NaN,NaN,NaN,-0.0513765066961724,445.735809694046,49.6445012356878,12.1777352,288.378,287.86,289.006,0.249642314803116+0i,0.000635623,20.8676673537571,525.708433206753,27.5390397338547,20.9351877176563,-9.9e+37,140.238,-9.9e+37,-9.9e+37
20260514192420.1,2238.00000138581,9.7870449,0.47859934,2.0026401,2.7312356,-0.000383748,-0.000722957,0.004851404,1.2119318,0.25266122,0.00064085,-0.013554444,4.1310466,0.67103119,288.383,287.857,289.03,-38.91,NaN,NaN,NaN,-0.0493013784195284,445.678306351865,45.4795362648896,13.4206238,288.383,287.857,289.03,0.2947256417489+0i,0.00064085,20.8665759860546,525.708433206753,26.4316950399507,20.9331804532909,1604.867,399.206,531.685,529.456
20260514192422.2,2240.08199572563,9.7870995,0.40783524,2.0026838,2.7312356,-0.000382441,-0.000720126,0.002392435,1.2116476,0.45604578,0.000632682,-0.060566014,4.1310138,0.64850493,288.362,287.825,288.981,-38.96,NaN,NaN,NaN,-0.0465366495874946,445.678306351865,38.4070879376989,12.9700986,288.362,287.825,288.981,0.257735125958052+0i,0.000632682,20.8662118267399,532.437745399057,26.404416244904,20.9335642622484,-9.9e+37,143.115,-9.9e+37,-9.9e+37
20260514192424.3,2242.17599965632,9.787023,0.48159149,2.0026401,2.7306236,-0.000382659,-0.000719472,0.002343323,1.211746,0.12575876,0.000629089,-0.00249665,4.1306968,0.73611432,288.419,287.819,288.973,-38.93,NaN,NaN,NaN,-0.0493013784195284,445.276111547125,45.7785837517114,14.7222864,288.419,287.819,288.973,0.296446191249361+0i,0.000629089,20.8626923601918,532.574133466919,27.4296754322522,20.9329738903762,1626.858,675.492,633.693,423.031
20260514192426.5,2244.37500201166,9.7870121,0.50439712,2.0026292,2.7306892,-0.000384074,-0.000721214,0.002340492,1.2116695,0.29737985,0.000635623,-0.00746182,4.1315821,0.75212594,288.362,287.83,288.943,-38.9,NaN,NaN,NaN,-0.0499909789748756,445.319222624235,48.0578699963472,15.0425188,288.362,287.83,288.943,0.287910142460606+0i,0.000635623,20.8725213309647,534.3596910159,26.4316950399507,20.9335346764142,-9.9e+37,293.067,639.013,145.784
20260514192428.7,2246.53900153935,9.7881378,0.53987081,2.0029789,2.7309515,-0.000383312,-0.000721214,0.002397117,1.2116039,0.14426714,0.0006329,-0.003431299,4.1302159,0.67018549,288.404,287.829,288.954,-39.05,NaN,NaN,NaN,-0.0278668217080025,445.491601214567,51.6032530295488,13.4037098,288.404,287.829,288.954,0.298743927933684+0i,0.0006329,20.8573532073119,533.810384944418,26.4179933620735,20.9335346764142,-9.9e+37,378.769,488.422,202.994
20260514192430.8,2248.65599870682,9.7880504,0.59321997,2.0029571,2.7306345,-0.000384945,-0.000720452,0.002394613,1.2116585,0.20634613,0.000636494,-0.10386423,4.1302706,0.60674903,288.387,287.813,288.948,-39.08,NaN,NaN,NaN,-0.029246022818711,445.283274820608,56.9351823185391,12.1349806,288.387,287.813,288.948,0.335281150934781+0i,0.000636494,20.8579605095837,534.085663613495,26.4453967178283,20.9328262301676,-9.9e+37,-9.9e+37,438.562,460.429
20260514192432.9,2250.74599944055,9.787799,0.54011634,2.0026182,2.7301646,-0.000382767,-0.000719799,0.002396137,1.2116039,0.18035522,0.000637692,-0.072655126,4.130675,0.62779012,288.404,287.81,288.927,-39.01,NaN,NaN,NaN,-0.0506869061408253,444.974465443571,51.6277922837438,12.5558024,288.404,287.81,288.927,0.287306493235961+0i,0.000637692,20.8624503274766,532.987051470539,26.4453967178283,20.9339480712058,1386.149,-9.9e+37,230.447,623.421
20260514192435,2252.83199697733,9.7880395,0.6309154,2.0029571,2.7300115,-0.000383748,-0.000718928,0.002382199,1.2116367,0.12588756,0.000632791,0.026316138,4.1307843,0.65952854,288.409,287.84,288.913,-39.01,NaN,NaN,NaN,-0.029246022818711,444.87385102428,60.7026149693639,13.1905708,288.409,287.84,288.913,0.31691468024915+0i,0.000632791,20.8636638217784,534.771357752839,26.3770128891492,20.933741239329,9.9e+37,228.878,390.611,719.589
20260514192437.1,2254.91799451411,9.7879739,0.62677855,2.0028259,2.7299569,-0.000385708,-0.000720779,0.002373596,1.2115165,0.37408895,0.000625931,-0.040448141,4.1302269,0.60638456,288.39,287.821,288.872,-39.19,NaN,NaN,NaN,-0.0375465359254292,444.83796893876,60.2891615676767,12.1276912,288.39,287.821,288.872,0.333947123894403+0i,0.000625931,20.8574753339113,532.574133466919,26.4453967178283,20.9332100391251,-9.9e+37,-9.9e+37,-9.9e+37,373.35
20260514192439.1,2257.0119984448,9.788116,0.51423019,2.0030445,2.7297164,-0.000383965,-0.000719581,0.002378714,1.2116258,0.17439382,0.000633989,0.11384123,4.1310794,0.7354574,288.393,287.826,288.788,-39.17,NaN,NaN,NaN,-0.0237165651546434,444.679916895394,49.0406264996116,14.709148,288.393,287.826,288.788,0.269459370343486+0i,0.000633989,20.8669401453694,533.810384944418,26.404416244904,20.9343022943291,9.9e+37,706.754,445.67,521.296
20260514192441.2,2259.10899974406,9.7881269,0.49153041,2.0030117,2.7296071,-0.000385708,-0.000721214,0.002345719,1.2116148,0.34843958,0.000636385,-0.11410156,4.131287,0.61101684,288.379,287.821,288.693,-39.16,NaN,NaN,NaN,-0.02579169343133,444.608087006247,46.7719193290463,12.2203368,288.379,287.821,288.693,0.297035300636519+0i,0.000636385,20.8692450073737,533.261078872935,26.4179933620735,20.9330919647506,-9.9e+37,-9.9e+37,-9.9e+37,281.276
20260514192443.3,2261.21100001037,9.7879083,0.55775609,2.0027166,2.729323,-0.000384836,-0.000720343,0.002367933,1.2115602,0.37985719,0.000636712,-0.077005055,4.1309701,0.63347652,288.382,287.834,288.614,-39.25,NaN,NaN,NaN,-0.0444615213108221,444.421381868948,53.3907797361322,12.6695304,288.382,287.834,288.614,0.321968872155229+0i,0.000636712,20.8657266510675,534.222051681357,26.4316950399507,20.9329147187079,9.9e+37,-9.9e+37,-9.9e+37,254.761
20260514192445.5,2263.32799717784,9.7877006,0.71310793,2.0026401,2.7294651,-0.00038353,-0.000719472,0.002374903,1.2115493,0.45849014,0.000638236,-0.058865613,4.1312214,0.65375267,288.374,287.837,288.63,-39.35,NaN,NaN,NaN,-0.0493013784195284,444.51476729665,68.9172664848369,13.0750534,288.374,287.837,288.63,0.342898981697466+0i,0.000638236,20.8685166887442,542.324003419026,27.5663185289013,20.9333870162057,9.9e+37,502.018,-9.9e+37,-9.9e+37
20260514192447.6,2265.44499434531,9.7881488,0.57731857,2.0029133,2.729782,-0.000385054,-0.00071871,0.002365429,1.2115711,0.43433796,0.000619071,-0.038737939,4.1314619,0.62324078,288.371,287.845,288.715,-39.35,NaN,NaN,NaN,-0.0320170782613616,444.723027972503,55.345932545985,12.4648156,288.371,287.845,288.715,0.323120668634492+0i,0.000619071,20.8711868203051,542.599282088103,27.5663185289013,20.9328558160018,9.9e+37,513.32,-9.9e+37,-9.9e+37
20260514192449.7,2267.55500100553,9.7881378,0.72476444,2.0030008,2.7296618,-0.000385054,-0.000718383,0.00241857,1.2115274,0.32613922,0.00063584,0.1146122,4.1312761,0.73669812,288.381,287.838,288.788,-39.37,NaN,NaN,NaN,-0.0264812939866772,444.644034809873,70.0822649042385,14.7339624,288.381,287.838,288.788,0.367605139973559+0i,0.00063584,20.8691239910161,532.711772801457,28.3592719958751,20.9329147187079,9.9e+37,1132.536,364.728,-9.9e+37
20260514192451.9,2269.7219979018,9.7873946,0.70337089,2.002815,2.7298695,-0.00038647,-0.000715334,0.002351272,1.2115383,0.24943444,0.000637474,-0.00751202,4.1310247,0.77519343,288.375,287.852,288.862,-39.43,NaN,NaN,NaN,-0.0382361364807764,444.780531314684,67.944107605408,15.5038686,288.375,287.852,288.862,0.414376033981221+0i,0.000637474,20.8663328430975,533.672745609879,27.5116363780999,20.9313504349683,-9.9e+37,763.568,694.278,-9.9e+37
20260514192454.1,2271.98399528861,9.7874165,0.6521442,2.0029243,2.729782,-0.000386252,-0.000720343,0.002356499,1.2115383,0.42449507,0.000631485,-0.001192625,4.1309701,0.81338428,288.356,287.863,288.973,-39.54,NaN,NaN,NaN,-0.0313211510953977,444.723027972503,62.8243064915944,16.2676856,288.356,287.863,288.973,0.37863964640211+0i,0.000631485,20.8657266510675,534.908997087378,27.5253380559775,20.9319408068404,-9.9e+37,475.865,698.938,-9.9e+37
20260514192456.2,2274.08999875188,9.7873618,0.46382191,2.0030226,2.7294651,-0.000387232,-0.000723392,0.004803273,1.2117788,0.3190713,0.000636385,-0.006198879,4.1305438,0.62451206,288.381,287.847,289.065,-39.54,NaN,NaN,NaN,-0.0251020928759687,444.51476729665,44.002620567754,12.4902412,288.381,287.847,289.065,0.286586684044383+0i,0.000636385,20.8609936902176,534.085663613495,27.5253380559775,20.9330919647506,-9.9e+37,-9.9e+37,197.431,-9.9e+37
20260514192458.3,2276.16799995303,9.7866295,0.89219612,2.0027166,2.7298695,-0.00038843,-0.00071969,0.002353015,1.2115711,0.14743716,0.000625713,-0.090991109,4.131593,0.65666625,288.409,287.853,289.128,-39.57,NaN,NaN,NaN,-0.0444615213108221,444.780531314684,86.8160593725458,13.133325,288.409,287.853,289.128,0.452866290821332+0i,0.000625713,20.8726423473223,533.672745609879,27.5663185289013,20.9317635607977,1619.974,157.739,422.68,441.984
20260514192500.4,2278.25399748981,9.7873618,0.5725477,2.0030554,2.7300771,-0.000386034,-0.000716968,0.002369893,1.2115383,0.20857006,0.000633118,-0.099116639,4.1310356,0.62125693,288.412,287.845,289.158,-39.62,NaN,NaN,NaN,-0.0230269645992962,444.91696210139,54.8691126394117,12.4251386,288.412,287.845,289.158,0.359208369306664+0i,0.000633118,20.8664538594552,533.810384944418,28.3045898450737,20.9317635607977,1551.793,-9.9e+37,249.552,559.981
20260514192502.5,2280.36299832165,9.7874165,0.460498,2.0029133,2.7304159,-0.00038647,-0.000718056,0.002355628,1.211429,0.35409324,0.00063486,0.11528028,4.1314291,0.71463347,288.382,287.853,289.187,-39.71,NaN,NaN,NaN,-0.0320170782613616,445.139615042314,43.6704156542564,14.2926694,288.382,287.853,289.187,0.332918476971753+0i,0.00063486,20.8708226609904,533.810384944418,27.5527414117323,20.9313208491341,9.9e+37,620.513,247.156,254.239
20260514192504.6,2282.47600235045,9.7870121,0.50042611,2.002651,2.7306236,-0.000388866,-0.000717512,0.00238405,1.211582,0.4408155,0.00063486,0.004442938,4.1310247,0.68112289,288.379,287.851,289.215,-39.71,NaN,NaN,NaN,-0.0486117778641528,445.276111547125,47.6609913102372,13.6224578,288.379,287.851,289.215,0.332322677411589+0i,0.00063486,20.8663328430975,542.049976016621,27.5116363780999,20.9317046580916,-9.9e+37,306.087,207.659,-9.9e+37
20260514192506.8,2284.67899784446,9.7874055,0.5473152,2.0030554,2.7308094,-0.00038647,-0.000721977,0.002399186,1.2116039,0.318362,0.000636929,-0.00762987,4.1309263,0.80164812,288.385,287.837,289.207,-39.67,NaN,NaN,NaN,-0.0230269645992962,445.398215786865,52.3472752611953,16.0329624,288.385,287.837,289.207,0.305716299122329+0i,0.000636929,20.8652403651533,540.813724539122,27.5527414117323,20.9331804532909,-9.9e+37,644.729,679.997,-9.9e+37
20260514192509,2286.90599240363,9.7872744,0.51288578,2.0026838,2.7310061,-0.00038941,-0.000720888,0.004837575,1.2117788,0.23158957,0.000631811,-0.000560049,4.1310029,0.56982727,288.401,287.807,289.226,-39.7,NaN,NaN,NaN,-0.0465366495874946,445.527483300088,48.9062607653542,11.3965454,288.401,287.807,289.226,0.308444996880763+0i,0.000631811,20.8660908103822,537.65552744478,28.3592719958751,20.9327673274615,-9.9e+37,-9.9e+37,304.02,517.865
20260514192511.1,2288.99599313736,9.7874165,0.69092978,2.002968,2.7309733,-0.000387886,-0.000719908,0.002383396,1.2115383,0.25392814,0.000630287,0.11841015,4.1313526,0.72080219,288.39,287.793,289.242,-39.7,NaN,NaN,NaN,-0.0285564222633639,445.505927761533,66.7006931112239,14.4160438,288.39,287.793,289.242,0.334973507691548+0i,0.000630287,20.8699733260032,541.500669945139,28.3865507909218,20.9334461878739,9.9e+37,736.571,445.556,329.926
20260514192513.2,2291.11699350178,9.7877116,0.46569664,2.0026292,2.7306564,-0.000387014,-0.00071675,0.002366735,1.2115383,0.38987579,0.000631702,0.07668687,4.1310903,0.6851921,288.382,287.791,289.242,-39.71,NaN,NaN,NaN,-0.0499909789748756,445.29766708568,44.1899886124607,13.703842,288.382,287.791,289.242,0.260235674179909+0i,0.000631702,20.867061161727,542.049976016621,29.4801938069481,20.9338593137034,-9.9e+37,326.407,339.864,-9.9e+37
20260514192515.4,2293.2189937681,9.788116,0.61742344,2.0030008,2.7309187,-0.000387994,-0.000720997,0.00236532,1.2114946,0.42281457,0.000628327,-0.021722371,4.1313635,0.61500637,288.371,287.772,289.255,-39.69,NaN,NaN,NaN,-0.0264812939866772,445.470045676012,59.3541743061954,12.3001274,288.371,287.772,289.255,0.340430018085819+0i,0.000628327,20.8700943423609,533.672745609879,28.468636297478,20.9328262301676,-9.9e+37,169.103,157.052,-9.9e+37
20260514192517.5,2295.33999413252,9.7880504,0.51002676,2.0027275,2.7310717,-0.000387886,-0.000719037,0.004829408,1.2118444,0.22788812,0.000635405,-0.015013972,4.1315821,0.68830428,288.382,287.761,289.242,-39.76,NaN,NaN,NaN,-0.0437719207554323,445.570594377197,48.6205188253535,13.7660856,288.382,287.761,289.242,0.293945945371323+0i,0.000635405,20.8725213309647,533.398718207478,29.452915011902,20.9332985276654,1440.979,473.431,629.06,429.797
20260514192519.7,2297.52699695528,9.7879302,0.65653748,2.0027603,2.7305799,-0.000387777,-0.000720126,0.002411491,1.2115274,0.22418667,0.000619179,0.00590355,4.1314182,0.53776692,288.395,287.766,289.236,-39.87,NaN,NaN,NaN,-0.0416967924787883,445.247392735087,63.2633885372486,10.7553384,288.395,287.766,289.236,0.370258620916471+0i,0.000619179,20.8707016446327,525.708433206753,27.5663185289013,20.9324424212102,758.656,-9.9e+37,-9.9e+37,520.09
20260514192521.8,2299.64000098407,9.7878864,0.5511094,2.0026401,2.7308859,-0.000388974,-0.000719799,0.002382961,1.21144,0.26986227,0.000633554,0.15233023,4.1314947,0.70652017,288.395,287.742,289.209,-39.86,NaN,NaN,NaN,-0.0493013784195284,445.448490137457,52.726482845875,14.1304034,288.395,287.742,289.209,0.305393774852117+0i,0.000633554,20.8715509796199,525.021487800736,27.5390397338547,20.9335642622484,9.9e+37,897.866,373.529,259.861
20260514192524,2301.87500193715,9.7873072,0.46543584,2.0028478,2.7305908,-0.000387232,-0.000718492,0.002398424,1.2115055,0.4199501,0.000635623,-0.001303263,4.1315056,0.77116789,288.382,287.747,289.223,-39.98,NaN,NaN,NaN,-0.036161008204104,445.25455600857,44.1639232131448,15.4233578,288.382,287.747,289.223,0.272950200151816+0i,0.000635623,20.8716719959775,525.296766469814,27.5390397338547,20.9338004109972,-9.9e+37,524.598,677.989,-9.9e+37
20260514192526.1,2303.95299308002,9.7878864,0.6416913,2.0027166,2.7299678,-0.000389083,-0.000715987,0.002374358,1.21144,0.41019776,0.000612537,0.086785839,4.1309373,0.68843414,288.381,287.754,289.15,-39.94,NaN,NaN,NaN,-0.0444615213108221,444.845132212243,61.7796016890279,13.7686828,288.381,287.754,289.15,0.328273819901917+0i,0.000612537,20.8653624917527,526.395378612774,27.101582527444,20.9336231649545,-9.9e+37,310.126,423.828,-9.9e+37
20260514192528.2,2306.05499334633,9.7873728,0.61984379,2.0027931,2.7304597,-0.000391806,-0.000720343,0.004881786,1.2118006,0.30127335,0.000634207,-0.014505212,4.1315493,0.62990165,288.372,287.749,289.128,-39.96,NaN,NaN,NaN,-0.0396216642021017,445.168399572457,59.5960738047931,12.598033,288.372,287.749,289.128,0.32265854253976+0i,0.000634207,20.8721571716499,531.475521323954,26.404416244904,20.9335346764142,-9.9e+37,-9.9e+37,191.316,-9.9e+37
20260514192530.3,2308.14399830997,9.7870012,0.54600791,2.0026292,2.7300334,-0.000390499,-0.000721323,0.002389712,1.2115274,0.16787372,0.000631594,-0.11366521,4.1311122,0.65845041,288.389,287.749,289.142,-39.9,NaN,NaN,NaN,-0.0499909789748756,444.888243289352,52.2166194488038,13.1690082,288.389,287.749,289.142,0.283457455884657+0i,0.000631594,20.8673043046841,534.908997087378,26.4453967178283,20.9340954624523,1595.788,213.065,366.801,345.885
20260514192532.4,2310.25399491191,9.7879848,0.60944547,2.0026838,2.7297492,-0.000390717,-0.000720234,0.002408116,1.2114509,0.35308167,0.000633227,-0.11841706,4.1315603,0.59956002,288.383,287.762,289.174,-39.92,NaN,NaN,NaN,-0.0465366495874946,444.701472433949,58.556823946608,11.9912004,288.383,287.762,289.174,0.300939269424138+0i,0.000633227,20.8722792982494,523.648848255371,27.4569542272984,20.934272708495,1542.172,-9.9e+37,-9.9e+37,343.454
20260514192534.5,2312.33599931002,9.7877006,0.49358084,2.0026182,2.7294651,-0.00038843,-0.000720234,0.004865996,1.2118006,0.24700646,0.000631702,0.020308587,4.1311668,0.74893846,288.397,287.754,289.199,-40.04,NaN,NaN,NaN,-0.0506869061408253,444.51476729665,46.9768475373259,14.9787692,288.397,287.754,289.199,0.284994240551947+0i,0.000631702,20.8679104967142,525.433154537676,26.3907145670269,20.933711922457,9.9e+37,902.216,431.288,409.241
20260514192536.7,2314.53899480402,9.7878864,0.61643261,2.0027275,2.729323,-0.000391806,-0.000717948,0.002381981,1.211593,0.38316361,0.000618635,-0.00712354,4.1314072,0.77882179,288.387,287.777,289.204,-40.14,NaN,NaN,NaN,-0.0437719207554323,444.421381868948,59.2551467770382,15.5764358,288.387,287.777,289.204,0.292069482820275+0i,0.000618635,20.8705795180333,524.198154326854,27.5116363780999,20.9345973457841,-9.9e+37,258.258,647.445,120.518
20260514192538.9,2316.7649935931,9.7881378,0.61780646,2.0030554,2.7289295,-0.000391697,-0.000716314,0.004828645,1.211746,0.18875114,0.000633227,-0.000636385,4.1311122,0.55901209,288.387,287.802,289.19,-40.26,NaN,NaN,NaN,-0.0230269645992962,444.162781124398,59.3924548631202,11.1802418,288.387,287.802,289.19,0.270544423032722+0i,0.000633227,20.8673043046841,533.810384944418,27.5663185289013,20.935099229116,-9.9e+37,-9.9e+37,194.267,611.262
20260514192541,2318.86699385941,9.7878209,0.62802473,2.0026401,2.7289295,-0.000391588,-0.000719581,0.002348441,1.2115602,0.44989562,0.000632029,-0.051687232,4.1313089,0.64777053,288.37,287.792,289.188,-40.27,NaN,NaN,NaN,-0.0493013784195284,444.162781124398,60.4137098012637,12.9554106,288.37,287.792,289.188,0.339303790697574+0i,0.000632029,20.8694881503308,531.613160658497,27.5253380559775,20.9330327930824,9.9e+37,208.662,-9.9e+37,90.261
20260514192543.1,2320.95699459314,9.7877334,0.59037841,2.0026182,2.7288858,-0.000389846,-0.00071871,0.002353015,1.2113853,0.17415811,0.000622882,0.11846764,4.1312761,0.70010046,288.397,287.798,289.182,-40.32,NaN,NaN,NaN,-0.0506869061408253,444.13406231236,56.6511854010539,14.0020092,288.397,287.798,289.182,0.255557471072283+0i,0.000622882,20.8691239910161,532.711772801457,27.8534309607853,20.9353942805711,9.9e+37,905.95,536.405,301.02
20260514192545.2,2323.0349957943,9.7875695,0.53440265,2.0029352,2.7287328,-0.000389955,-0.000718601,0.002355955,1.2114509,0.40508534,0.000634316,-0.003607601,4.130981,0.65076816,288.354,287.803,289.185,-40.3,NaN,NaN,NaN,-0.0306315505400363,444.033513611175,51.056743160211,13.0153632,288.354,287.803,289.185,0.317441574953016+0i,0.000634316,20.8658476674251,533.810384944418,28.3455703179975,20.9327673274615,-9.9e+37,337.535,291.638,-9.9e+37
20260514192547.3,2325.12899972498,9.7874055,0.62379513,2.0030554,2.7288749,-0.000394528,-0.000720234,0.004880806,1.2116804,0.20450196,0.000635078,-0.010607515,4.1310575,0.68991275,288.392,287.792,289.153,-40.38,NaN,NaN,NaN,-0.0230269645992962,444.126899038877,59.9909865921127,13.798255,288.392,287.792,289.153,0.323724606132189+0i,0.000635078,20.8666970024123,533.810384944418,28.3455703179975,20.9334166020398,87.079,501.333,724.746,360.799
20260514192549.4,2327.23399735987,9.787187,0.69558932,2.0026292,2.7289842,-0.000391479,-0.000719581,0.002408769,1.2113853,0.2620316,0.000634425,0.1192138,4.13144,0.71699707,288.397,287.787,289.18,-40.37,NaN,NaN,NaN,-0.0499909789748756,444.198728928024,67.1663862505202,14.3399414,288.397,287.787,289.18,0.335831313940833+0i,0.000634425,20.870943677348,534.908997087378,28.3865507909218,20.9335938480825,-9.9e+37,516.062,604.349,181.579
20260514192551.5,2329.34000082314,9.7867279,0.5665143,2.0030445,2.7289842,-0.000393766,-0.00071969,0.004883202,1.2116695,0.19928807,0.000633336,0.0110921,4.1312324,0.69626151,288.386,287.806,289.204,-40.43,NaN,NaN,NaN,-0.0237165651546434,444.198728928024,54.2661104145933,13.9252302,288.386,287.806,289.204,0.307438720629422+0i,0.000633336,20.8686388153437,525.570793872214,29.4938954848258,20.9335642622484,-9.9e+37,381.586,576.614,-9.9e+37
20260514192553.6,2331.45699799061,9.7865203,0.50427272,2.0027494,2.7293339,-0.000392568,-0.000718165,0.002406047,1.2114618,0.31374391,0.000631702,0.1005732,4.1302487,0.70359459,288.395,287.788,289.196,-40.44,NaN,NaN,NaN,-0.0423863930341355,444.428545142431,48.0454369607839,14.0718918,288.395,287.788,289.196,0.284429386138343+0i,0.000631702,20.8577173666266,525.433154537676,29.466492129071,20.933741239329,-9.9e+37,507.591,632.663,-9.9e+37
20260514192555.7,2333.53899233043,9.7873837,0.68398302,2.0027931,2.7298695,-0.000390935,-0.000721432,0.004827665,1.2117569,0.27421411,0.000636167,-0.011189561,4.1308608,0.62487217,288.39,287.799,289.098,-40.38,NaN,NaN,NaN,-0.0396216642021017,444.780531314684,66.0064060201509,12.4974434,288.39,287.799,289.098,0.34794696864359+0i,0.000636167,20.8645131567656,525.433154537676,29.507597162703,20.9332985276654,-9.9e+37,-9.9e+37,288.722,-9.9e+37
20260514192557.8,2335.63299626112,9.7878209,0.53018942,2.0030117,2.7302848,-0.000392895,-0.000720017,0.002376209,1.2113853,0.3344402,0.000632247,0.098508543,4.130511,0.71425263,288.393,287.796,289.062,-40.36,NaN,NaN,NaN,-0.02579169343133,445.053458606201,50.6356560345983,14.2850526,288.393,287.796,289.062,0.293171677161494+0i,0.000632247,20.8606295309028,525.296766469814,28.3592719958751,20.933741239329,685.898,786.34,462.655,-9.9e+37
20260514192559.9,2337.73400075734,9.7870777,0.48330691,2.002662,2.7300006,-0.00039529,-0.000718492,0.002390257,1.2114072,0.42525129,0.000633227,-0.054366493,4.1306859,0.665395,288.387,287.791,289.046,-40.36,NaN,NaN,NaN,-0.0479158506982031,444.866687750797,45.950029715264,13.3079,288.387,287.791,289.046,0.286263468026314+0i,0.000633227,20.8625713438342,525.846072541292,27.5253380559775,20.9335050905801,-9.9e+37,514.526,357.723,-9.9e+37
20260514192602,2339.83600102365,9.7873837,0.67996837,2.002815,2.7304815,-0.00039235,-0.000720017,0.002436864,1.2114181,0.43123887,0.000635187,-0.00145637,4.1308389,0.63293527,288.385,287.793,289.092,-40.38,NaN,NaN,NaN,-0.0382361364807764,445.182726119423,65.6051657771922,12.6587054,288.385,287.793,289.092,0.302294394966094+0i,0.000635187,20.8642700138085,525.021487800736,26.404416244904,20.9347745918269,-9.9e+37,352.894,113.866,-9.9e+37
20260514192604.1,2341.94099865854,9.7870012,0.75060367,2.002651,2.7305471,-0.000394528,-0.00071969,0.002379041,1.2114837,0.15884161,0.000625169,-0.11019288,4.1306094,0.63106599,288.387,287.796,289.068,-40.46,NaN,NaN,NaN,-0.0486117778641528,445.225837196533,72.6647413151503,12.6213198,288.387,287.796,289.068,0.36194006144368+0i,0.000625169,20.861722008847,525.021487800736,26.404416244904,20.9335050905801,1352.926,377.006,431.827,390.983
20260514192606.2,2344.04700212181,9.7872853,0.48779731,2.0028478,2.7306017,-0.000393875,-0.000719472,0.002383505,1.211429,0.37671336,0.000633009,0.10760544,4.1309263,0.68583592,288.391,287.809,289.025,-40.5,NaN,NaN,NaN,-0.036161008204104,445.261719282053,46.3988183237309,13.7167184,288.391,287.809,289.025,0.302661900179079+0i,0.000633009,20.8652403651533,525.570793872214,26.4316950399507,20.9330034762103,1112.926,669.547,206.113,74.174
20260514192608.4,2346.24599441886,9.7874165,0.60591315,2.0029243,2.731028,-0.000393657,-0.000721759,0.002381545,1.2114072,0.32688344,0.000635949,-0.00784812,4.1309373,0.78879124,288.375,287.792,288.992,-40.58,NaN,NaN,NaN,-0.0313211510953977,445.541875565159,58.2037897007813,15.7758248,288.375,287.792,288.992,0.343841811042506+0i,0.000635949,20.8653624917527,525.296766469814,26.2539469096691,20.9328558160018,-9.9e+37,611.416,687.05,-9.9e+37
20260514192610.6,2348.46899583936,9.7879411,0.6203021,2.0027822,2.7299569,-0.000392132,-0.000720234,0.004820478,1.2117351,0.27308033,0.000635405,-0.000812796,4.1310684,0.56788161,288.373,287.771,289.011,-40.69,NaN,NaN,NaN,-0.0403112647574631,444.83796893876,59.6418791466661,11.3576322,288.373,287.771,289.011,0.351851775658438+0i,0.000635405,20.8668180187699,525.570793872214,25.3107732288772,20.9327673274615,-9.9e+37,-9.9e+37,176.008,212.113
20260514192612.7,2350.5779966712,9.7873946,0.52300803,2.0030554,2.730088,-0.000393984,-0.000720452,0.00242543,1.2113853,0.43787245,0.000633445,-0.028770304,4.1303471,0.6194073,288.359,287.793,289.025,-40.68,NaN,NaN,NaN,-0.0230269645992962,444.924125374873,49.9179190791024,12.388146,288.359,287.793,289.025,0.322758748392445+0i,0.000633445,20.8588098445709,525.433154537676,25.3244749067544,20.9327377416273,-9.9e+37,166.751,-9.9e+37,-9.9e+37
20260514192614.8,2352.68299430609,9.7873837,0.61878311,2.0027931,2.7304924,-0.000394855,-0.000720017,0.002398642,1.211429,0.1069187,0.000635078,0.035222707,4.1308717,0.66916847,288.386,287.809,289.014,-40.74,NaN,NaN,NaN,-0.0396216642021017,445.189889392907,59.4900651861335,13.3833694,288.386,287.809,289.014,0.343917411531883+0i,0.000635078,20.8646341731232,531.063854587015,26.2676485875468,20.9328558160018,9.9e+37,715.364,571.607,493.027
20260514192616.9,2354.79300096631,9.7871323,0.55797542,2.0026401,2.7301973,-0.00039235,-0.000718819,0.002387861,1.2113744,0.43743596,0.000634425,-0.059106163,4.1313089,0.6011303,288.373,287.801,289.017,-40.81,NaN,NaN,NaN,-0.0493013784195284,444.99595526402,53.4127004571137,12.022606,288.373,287.801,289.017,0.339164287669983+0i,0.000634425,20.8694881503308,534.3596910159,27.5527414117323,20.9322950299637,-9.9e+37,-9.9e+37,-9.9e+37,-9.9e+37
20260514192619,2356.89399540424,9.7876351,0.65947071,2.0027494,2.7300443,-0.000394855,-0.000719363,0.002405611,1.2114946,0.42100095,0.000634098,0.075015106,4.1315821,0.65493774,288.37,287.822,288.992,-40.87,NaN,NaN,NaN,-0.0423863930341355,444.895406562835,63.5565473226605,13.0987548,288.37,287.822,288.992,0.342014845399639+0i,0.000634098,20.8725213309647,533.398718207478,27.5390397338547,20.9331804532909,1208.525,650.045,103.685,-9.9e+37
20260514192621.1,2358.98399613798,9.7877553,0.40675056,2.0026401,2.7294979,-0.000395508,-0.000719145,0.002360855,1.2114509,0.14612878,0.000634969,-0.11027749,4.1312105,0.63903305,288.397,287.806,288.978,-40.87,NaN,NaN,NaN,-0.0493013784195284,444.536322835205,38.2986806626606,12.780661,288.397,287.806,288.978,0.270530031265354+0i,0.000634969,20.8683956723866,533.672745609879,27.5527414117323,20.9329738903762,788.46,286.009,434.085,415.721
20260514192623.2,2361.07800006866,9.7878427,0.51906433,2.0026401,2.7291918,-0.000394528,-0.000722957,0.002369676,1.2114181,0.41341579,0.000632247,-0.002511895,4.131298,0.59887036,288.367,287.798,288.973,-40.86,NaN,NaN,NaN,-0.0493013784195284,444.33515971473,49.5237698640634,11.9774072,288.367,287.798,288.973,0.313422651119949+0i,0.000632247,20.8693671339732,533.948024278961,27.5116363780999,20.9327673274615,707.85,-9.9e+37,-9.9e+37,176.758
20260514192625.3,2363.17599713802,9.7879411,0.51651522,2.0027603,2.7287,-0.000396162,-0.000717185,0.002364775,1.2113088,0.11417974,0.000621575,0.025737249,4.1309263,0.69716396,288.397,287.782,289.003,-40.96,NaN,NaN,NaN,-0.0416967924787883,444.01195807262,49.2690015739936,13.9432792,288.397,287.782,289.003,0.309431241861774+0i,0.000621575,20.8652403651533,525.021487800736,27.5663185289013,20.9330623789165,9.9e+37,736.391,493.425,557.871
20260514192627.4,2365.27299843729,9.7880285,0.48294462,2.0027822,2.7280879,-0.00039627,-0.000721106,0.002424123,1.2113525,0.34108796,0.000633663,-0.11889521,4.1309154,0.5955181,288.381,287.779,289.006,-40.99,NaN,NaN,NaN,-0.0403112647574631,443.609697549776,45.9138209977863,11.910362,288.381,287.779,289.006,0.300315006510145+0i,0.000633663,20.8651193487956,525.159127135271,27.5663185289013,20.9330034762103,-9.9e+37,-9.9e+37,-9.9e+37,375.763
20260514192629.5,2367.36699230969,9.7878646,0.54136252,2.0027057,2.7277928,-0.000393984,-0.000720561,0.002402998,1.2113416,0.44787794,0.000627455,-0.038903678,4.1309701,0.64934408,288.357,287.776,289.017,-41,NaN,NaN,NaN,-0.0451511218661693,443.415763420889,51.7523405173308,12.9868816,288.357,287.776,289.017,0.324390095608379+0i,0.000627455,20.8657266510675,525.846072541292,27.5800202067785,20.9327966443335,9.9e+37,416.438,-9.9e+37,-9.9e+37
20260514192631.6,2369.48399953544,9.7881269,0.66259054,2.0030663,2.727607,-0.000392459,-0.000720234,0.002391564,1.211429,0.12733344,0.0006329,-0.033923999,4.1310466,0.68319188,288.405,287.765,289.039,-41.06,NaN,NaN,NaN,-0.0223373640439348,443.293659181149,63.8683556614173,13.6638376,288.405,287.765,289.039,0.35764541706517+0i,0.0006329,20.8665759860546,525.708433206753,27.5116363780999,20.9328854018359,9.9e+37,400.43,376.649,492.385
20260514192633.7,2371.60099670291,9.7877444,0.44301869,2.0026401,2.7269841,-0.000394528,-0.00072263,0.002344085,1.2114181,0.14992189,0.000632791,0.085738156,4.1312433,0.67601157,288.408,287.765,289.109,-41.03,NaN,NaN,NaN,-0.0493013784195284,442.884301102927,41.92346321976,13.5202314,288.408,287.765,289.109,0.287595143757984+0i,0.000632791,20.8687598317013,525.433154537676,27.5116363780999,20.9329738903762,9.9e+37,693.107,495.913,516.7
20260514192635.8,2373.71099330485,9.7879302,0.63543091,2.0027494,2.726842,-0.000390935,-0.000721106,0.002388188,1.2113962,0.38902245,0.000631811,-0.091682918,4.1307078,0.60000851,288.378,287.792,289.136,-41.04,NaN,NaN,NaN,-0.0423863930341355,442.790915675225,61.1539131720672,12.0001702,288.378,287.792,289.136,0.332786800860701+0i,0.000631811,20.8628144867913,524.883848466193,28.3865507909218,20.9334166020398,-9.9e+37,-9.9e+37,-9.9e+37,186.976
20260514192637.9,2375.81199780107,9.7877225,0.63887483,2.0026292,2.7262734,-0.000393657,-0.000716205,0.002385574,1.2113525,0.45119418,0.000634643,-0.03929483,4.1304017,0.65732972,288.372,287.792,289.199,-41.11,NaN,NaN,NaN,-0.0499909789748756,442.417242528207,61.4981123668987,13.1465944,288.372,287.792,289.199,0.328650815784273+0i,0.000634643,20.8594160366009,533.948024278961,28.3318686401203,20.9333870162057,9.9e+37,430.114,-9.9e+37,-9.9e+37
20260514192640.1,2377.91800126433,9.7886624,0.50180434,2.002815,2.7261969,-0.000397468,-0.000719254,0.0023761,1.2113307,0.1149305,0.000621248,0.053605588,4.1309263,0.69549874,288.406,287.769,289.25,-41.16,NaN,NaN,NaN,-0.0382361364807764,442.366968177615,47.7987371511082,13.9099748,288.406,287.769,289.25,0.317043150352922+0i,0.000621248,20.8652403651533,525.296766469814,27.5253380559775,20.9326196672529,9.9e+37,636.302,552.177,477.691
20260514192642.3,2380.12099675834,9.7881269,0.5332645,2.002804,2.7261969,-0.000394855,-0.000718928,0.002389168,1.2114072,0.34866328,0.000633989,-0.00693912,4.1312542,0.75223506,288.398,287.774,289.293,-41.24,NaN,NaN,NaN,-0.0389320636467545,442.366968177615,50.9429918786488,15.0447012,288.398,287.774,289.293,0.319250540831858+0i,0.000633989,20.868880848059,524.472181729254,27.5116363780999,20.9329147187079,-9.9e+37,401.978,542.21,100.546
20260514192644.5,2382.34399817884,9.7879302,0.54099805,2.0027713,2.726186,-0.000398231,-0.000721214,0.002376972,1.2112979,0.45409576,0.000635187,-0.001667518,4.1315712,0.78381416,288.382,287.772,289.299,-41.18,NaN,NaN,NaN,-0.0410008653128102,442.359804904132,51.7159139218988,15.6762832,288.382,287.772,289.299,0.322490072060828+0i,0.000635187,20.872400314607,525.846072541292,27.5390397338547,20.9328558160018,-9.9e+37,157.367,604.862,-9.9e+37
20260514192646.6,2384.45700220764,9.7881269,0.59683412,2.0030663,2.7263939,-0.000395182,-0.000720017,0.002382307,1.2113635,0.16589204,0.000636385,0.1023226,4.1311449,0.69665436,288.405,287.798,289.294,-41.22,NaN,NaN,NaN,-0.0223373640439348,442.496432845154,57.2963949831772,13.9330872,288.405,287.798,289.294,0.342499961965005+0i,0.000636385,20.8676673537571,525.433154537676,27.5116363780999,20.9327673274615,-9.9e+37,279.629,696.924,280.136
20260514192648.7,2386.53499335051,9.7884548,0.57911583,2.0026838,2.7271371,-0.000396924,-0.000720017,0.002424559,1.2113525,0.42771201,0.000638672,-0.037348541,4.1308608,0.63993333,288.367,287.798,289.272,-41.22,NaN,NaN,NaN,-0.0465366495874946,442.984849804112,55.5255579277892,12.7986666,288.367,287.798,289.272,0.330055799851854+0i,0.000638672,20.8645131567656,533.948024278961,27.5116363780999,20.9328262301676,-9.9e+37,-9.9e+37,259.569,-9.9e+37
20260514192650.8,2388.62899728119,9.7880395,0.50701497,2.0027166,2.7273338,-0.000397142,-0.000718492,0.002403215,1.2114181,0.18059638,0.000635187,0.10346611,4.1308826,0.72393074,288.378,287.782,289.264,-41.26,NaN,NaN,NaN,-0.0444615213108221,443.114117317334,48.3195084380618,14.4786148,288.378,287.782,289.264,0.296630626325155+0i,0.000635187,20.8647551894809,526.120099943692,27.5663185289013,20.9333870162057,326.628,631.156,679.938,164.553
20260514192652.9,2390.73799811304,9.7882362,0.6996847,2.0030445,2.7269513,-0.000398339,-0.000722739,0.002375338,1.21144,0.17894099,0.000636385,0.088630092,4.1303471,0.71621139,288.384,287.76,289.275,-41.32,NaN,NaN,NaN,-0.0237165651546434,442.862745564372,67.575694973873,14.3242278,288.384,287.76,289.275,0.348586789754914+0i,0.000636385,20.8588098445709,534.085663613495,26.3770128891492,20.9333281134995,-9.9e+37,400.085,763.287,230.555
20260514192655,2392.87500120699,9.7881488,0.60445636,2.0028696,2.7279459,-0.000396053,-0.00072165,0.00239189,1.2113525,0.38512236,0.000634098,-0.11569882,4.130828,0.59001721,288.367,287.774,289.259,-41.32,NaN,NaN,NaN,-0.0347818070933954,443.516377840179,58.0581922580305,11.8003442,288.367,287.774,289.259,0.308834872547764+0i,0.000634098,20.8641489974508,533.261078872935,27.5390397338547,20.9337708251631,-9.9e+37,-9.9e+37,193.504,-9.9e+37
20260514192657.1,2394.98400203884,9.788116,0.40011698,2.0030663,2.728077,-0.000397033,-0.000716859,0.00236434,1.2113962,0.44167976,0.00063388,-0.00541494,4.130981,0.64604203,288.362,287.782,289.286,-41.41,NaN,NaN,NaN,-0.0223373640439348,443.602534276292,37.6356940384502,12.9208406,288.362,287.782,289.286,0.264045996046477+0i,0.00063388,20.8658476674251,533.123439538397,27.5800202067785,20.9331508674568,1253.428,-9.9e+37,-9.9e+37,-9.9e+37
20260514192659.2,2397.06199318171,9.7873072,0.54813144,2.0027057,2.7285579,-0.00039627,-0.000722521,0.002381327,1.2113088,0.157985,0.000633118,-0.098221087,4.1315712,0.65124721,288.392,287.773,289.28,-41.46,NaN,NaN,NaN,-0.0451511218661693,443.918572644919,52.4288535646371,13.0249442,288.392,287.773,289.28,0.336572513538863+0i,0.000633118,20.872400314607,523.648848255371,27.4980592609309,20.9325015928785,9.9e+37,328.918,328.37,461.977
20260514192701.3,2399.14800077677,9.7878099,0.42329253,2.0026401,2.7289514,-0.000398339,-0.000719145,0.002417372,1.2113088,0.41276433,0.00061417,0.10651681,4.1313854,0.68489092,288.365,287.801,289.321,-41.48,NaN,NaN,NaN,-0.0493013784195284,444.17717338947,39.951951573404,13.6978184,288.365,287.801,289.321,0.243555053528362+0i,0.00061417,20.870337485318,525.708433206753,27.5390397338547,20.9344203687036,9.9e+37,602.399,-9.9e+37,-9.9e+37
20260514192703.4,2401.2380015105,9.7877006,0.44874655,2.002651,2.7287765,-0.000398122,-0.000721106,0.002362488,1.2113744,0.1249709,0.000640305,-0.090177334,4.1310794,0.65588602,288.397,287.822,289.348,-41.47,NaN,NaN,NaN,-0.0486117778641528,444.062232423213,42.4959285499964,13.1177204,288.397,287.822,289.348,0.289984709757274+0i,0.000640305,20.8669401453694,524.609821063793,27.5116363780999,20.9329738903762,784.062,206.998,525.038,475.87
20260514192705.5,2403.34000177681,9.787493,0.64448157,2.0027713,2.7298695,-0.000398884,-0.000721977,0.002393741,1.2113088,0.13959778,0.000634643,-0.028753425,4.131593,0.64214525,288.391,287.825,289.269,-41.47,NaN,NaN,NaN,-0.0410008653128102,444.780531314684,62.0584724779436,12.842905,288.391,287.825,289.269,0.342148503305956+0i,0.000634643,20.8726423473223,524.747460398332,26.4179933620735,20.9332689418312,1141.978,-9.9e+37,403.178,647.085
20260514192707.6,2405.45299574733,9.7870012,0.67155936,2.0026292,2.7294432,-0.000398013,-0.000720452,0.00235737,1.2113525,0.34032628,0.000636603,0.11386115,4.1311668,0.69518556,288.383,287.838,289.237,-41.54,NaN,NaN,NaN,-0.0499909789748756,444.500375031579,64.7647355490422,13.9037112,288.383,287.838,289.237,0.355940683889778+0i,0.000636603,20.8679104967142,525.159127135271,26.404416244904,20.9330623789165,910.135,476.501,225.422,303.023
20260514192709.7,2407.55499601364,9.7873946,0.61121544,2.0030554,2.7294869,-0.000400082,-0.000721977,0.002412363,1.2113197,0.42029056,0.000636494,0.000355108,4.1310684,0.60909955,288.393,287.856,289.234,-41.54,NaN,NaN,NaN,-0.0230269645992962,444.529093843616,58.7337218562215,12.181991,288.393,287.856,289.234,0.324727921743496+0i,0.000636494,20.8668180187699,524.609821063793,26.404416244904,20.9335346764142,-9.9e+37,-9.9e+37,-9.9e+37,-9.9e+37
20260514192711.8,2409.6519973129,9.7873728,0.59261106,2.0030445,2.7294323,-0.000398993,-0.000718819,0.00238797,1.2113962,0.3224803,0.000626584,0.11365567,4.1302924,0.73508638,288.389,287.879,289.18,-41.53,NaN,NaN,NaN,-0.0237165651546434,444.493211758096,56.8743254078893,14.7017276,288.389,287.879,289.18,0.308115334457971+0i,0.000626584,20.858202542299,524.472181729254,25.2697927559529,20.9339480712058,9.9e+37,885.659,375.662,-9.9e+37
20260514192713.9,2411.73400171101,9.7874165,0.62369801,2.0030773,2.7295634,-0.00039627,-0.000719037,0.002356499,1.2113962,0.17149333,0.000637256,-0.11177567,4.1304345,0.6543081,288.389,287.885,289.101,-41.57,NaN,NaN,NaN,-0.0216414368779709,444.579368194209,59.9812800292999,13.086162,288.389,287.885,289.101,0.347043701601282+0i,0.000637256,20.8597801959157,525.433154537676,26.363311211272,20.9329147187079,-9.9e+37,-9.9e+37,512.196,324.819
20260514192716,2413.82399238646,9.788105,0.586857,2.0030445,2.7296181,-0.000398884,-0.00072263,0.002353232,1.2113088,0.45695914,0.000639325,-0.055632729,4.1304782,0.63307276,288.359,287.896,289.101,-41.64,NaN,NaN,NaN,-0.0237165651546434,444.615315997835,56.2992415444394,12.6614552,288.359,287.896,289.101,0.3075767315449+0i,0.000639325,20.860265371588,532.300106064514,26.4453967178283,20.933711922457,450.15,133.866,-9.9e+37,-9.9e+37
20260514192718.1,2415.94099961221,9.7879302,0.40384898,2.002662,2.7296509,-0.000398448,-0.000719037,0.002377189,1.2113416,0.21114645,0.000636712,-0.11157672,4.1307733,0.6284885,288.378,287.923,289.128,-41.74,NaN,NaN,NaN,-0.0479158506982031,444.63687153639,38.0086851053482,12.56977,288.378,287.923,289.128,0.264382716717732+0i,0.000636712,20.863541695179,533.948024278961,26.4316950399507,20.9332100391251,1573.808,145.491,208.479,466.114
20260514192720.2,2418.03899668157,9.7876897,0.7079726,2.0026292,2.7294104,-0.000395835,-0.000721432,0.00239287,1.2112542,0.35816027,0.000633445,0.11338016,4.1310794,0.71488663,288.386,287.928,289.15,-41.76,NaN,NaN,NaN,-0.0499909789748756,444.478819493024,68.4040209822717,14.2977326,288.386,287.928,289.15,0.363321798693673+0i,0.000633445,20.8669401453694,532.849412135996,26.3907145670269,20.9329738903762,9.9e+37,756.696,179.7,161.693
20260514192722.3,2420.13699375093,9.7880504,0.55019714,2.0027603,2.7298367,-0.000396706,-0.000718928,0.002416392,1.2113853,0.33980031,0.00062506,0.10975014,4.1315821,0.70659765,288.381,287.92,289.117,-41.81,NaN,NaN,NaN,-0.0416967924787883,444.758975776129,52.6353079180378,14.131953,288.381,287.92,289.117,0.311434306077382+0i,0.00062506,20.8725213309647,533.398718207478,26.404416244904,20.9332100391251,-9.9e+37,671.45,452.16,-9.9e+37
20260514192724.4,2422.23399505019,9.7887499,0.65413351,2.0027713,2.7298695,-0.000397686,-0.000721106,0.002428697,1.2113197,0.10233879,0.000631158,0.047434912,4.1315712,0.67024769,288.394,287.934,289.115,-41.82,NaN,NaN,NaN,-0.0410008653128102,444.780531314684,63.0231261216294,13.4049538,288.394,287.934,289.115,0.36143839589392+0i,0.000631158,20.872400314607,533.398718207478,27.4569542272984,20.9325311787126,-9.9e+37,431.041,758.77,384.603
20260514192726.5,2424.34400171041,9.7880395,0.51157413,2.002662,2.7293667,-0.00039627,-0.000719799,0.002396137,1.2113416,0.35469014,0.000633336,0.10774069,4.1310029,0.66642403,288.381,287.931,289.125,-41.86,NaN,NaN,NaN,-0.0479158506982031,444.450100680986,48.7751691970539,13.3284806,288.381,287.931,289.125,0.316810017769438+0i,0.000633336,20.8660908103822,532.437745399057,27.5253380559775,20.9325900814188,-9.9e+37,350.295,400.401,-9.9e+37
20260514192728.6,2426.47999897599,9.788728,0.67555653,2.0027494,2.7298476,-0.000396488,-0.000720234,0.002384812,1.2113962,0.41363186,0.000634316,0.016318434,4.1315821,0.67010474,288.383,287.95,289.171,-41.85,NaN,NaN,NaN,-0.0423863930341355,444.766139049612,65.1642287706051,13.4020948,288.383,287.95,289.171,0.357270634873178+0i,0.000634316,20.8725213309647,534.085663613495,27.5800202067785,20.9328262301676,-9.9e+37,362.024,360.182,-9.9e+37
20260514192730.7,2428.57799604535,9.7884111,0.43890912,2.0026401,2.7294213,-0.000398993,-0.00072165,0.002340056,1.2113635,0.20390833,0.000632465,-0.11606602,4.1310794,0.60837825,288.391,287.95,289.207,-41.97,NaN,NaN,NaN,-0.0493013784195284,444.485982766507,41.5127362908232,12.167565,288.391,287.95,289.207,0.276066863590407+0i,0.000632465,20.8669401453694,533.261078872935,27.9627952623882,20.9331804532909,-9.9e+37,-9.9e+37,417.929,320.8
20260514192732.8,2430.70299960673,9.7881269,0.62775629,2.0028259,2.7298476,-0.000399537,-0.000719581,0.002403324,1.2113744,0.14891578,0.000635732,-0.064664396,4.1315275,0.64290584,288.41,287.955,289.269,-42.06,NaN,NaN,NaN,-0.0375465359254292,444.766139049612,60.3868808296672,12.8581168,288.41,287.955,289.269,0.319693987348768+0i,0.000635732,20.8719151389346,525.846072541292,28.4139541466766,20.933741239329,1595.659,159.565,389.439,566.463
20260514192734.9,2432.80499987304,9.7881269,0.35480035,2.0030008,2.7296618,-0.000397251,-0.000718928,0.002370764,1.2113744,0.32174263,0.000639652,-0.11739061,4.131298,0.61420323,288.378,287.963,289.299,-41.96,NaN,NaN,NaN,-0.0264812939866772,444.644034809873,33.1065680545484,12.2840646,288.378,287.963,289.299,0.24109972383728+0i,0.000639652,20.8693671339732,525.433154537676,28.3455703179975,20.9335642622484,1149.64,-9.9e+37,-9.9e+37,460.102
20260514192737,2434.90599431098,9.7879411,0.41214342,2.002662,2.7297164,-0.000397033,-0.000717512,0.002350074,1.2114837,0.17470591,0.000636058,0.11567513,4.1315275,0.70930172,288.384,287.95,289.346,-42.19,NaN,NaN,NaN,-0.0479158506982031,444.679916895394,38.8376647476101,14.1860344,288.384,287.95,289.346,0.268074006989992+0i,0.000636058,20.8719151389346,525.846072541292,29.466492129071,20.9332396249592,9.9e+37,750.546,413.564,543.223
20260514192739.1,2437.00799457729,9.7877116,0.57300493,2.0026401,2.7294213,-0.000399102,-0.000723066,0.00238111,1.2112869,0.37986373,0.000633118,-0.090219476,4.1311122,0.60025513,288.344,287.932,289.368,-42.18,NaN,NaN,NaN,-0.0493013784195284,444.485982766507,54.9148100417477,12.0051026,288.344,287.932,289.368,0.303779716414027+0i,0.000633118,20.8673043046841,525.570793872214,28.8103063194549,20.9337708251631,-9.9e+37,-9.9e+37,-9.9e+37,225.289
20260514192741.3,2439.12099860609,9.7880832,0.45865382,2.0030008,2.7294104,-0.000398557,-0.000717512,0.002377407,1.211429,0.12501018,0.00061417,0.037512019,4.1310138,0.7077358,288.388,287.929,289.36,-42.17,NaN,NaN,NaN,-0.0264812939866772,444.478819493024,43.4861008992318,14.154716,288.388,287.929,289.36,0.289904574756391+0i,0.00061417,20.8662118267399,526.395378612774,28.3592719958751,20.9330327930824,9.9e+37,475.392,426.216,608.312
20260514192743.4,2441.2339925766,9.788105,0.55117815,2.0030445,2.729476,-0.000402695,-0.000720017,0.002399404,1.2113088,0.36033509,0.0006329,-0.10959385,4.1310794,0.60705458,288.369,287.899,289.333,-42.17,NaN,NaN,NaN,-0.0237165651546434,444.521930570133,52.73335399696,12.1410916,288.369,287.899,289.333,0.316696803272958+0i,0.0006329,20.8669401453694,525.021487800736,28.3729736737523,20.9331508674568,200.129,-9.9e+37,-9.9e+37,373.875
20260514192745.4,2443.31199377775,9.788116,0.41582632,2.0030336,2.7295853,-0.000399646,-0.000720452,0.002348877,1.2113962,0.36906057,0.000633771,0.11266548,4.1311887,0.72166426,288.374,287.888,289.332,-42.2,NaN,NaN,NaN,-0.0244061657100048,444.59376045928,39.2057485633332,14.4332852,288.374,287.888,289.332,0.258220278036493+0i,0.000633771,20.8681536396713,524.747460398332,28.3455703179975,20.933741239329,9.9e+37,765.238,114.833,201.943
20260514192747.6,2445.44499367476,9.7877553,0.58016232,2.0026401,2.7295853,-0.000397251,-0.000717839,0.002386119,1.2113416,0.38502306,0.000636058,-0.10357403,4.1314182,0.64545058,288.362,287.904,289.319,-42.22,NaN,NaN,NaN,-0.0493013784195284,444.59376045928,55.6301483408647,12.9090116,288.362,287.904,289.319,0.306714876462396+0i,0.000636058,20.8707016446327,533.261078872935,28.3318686401203,20.9335938480825,-9.9e+37,-9.9e+37,-9.9e+37,-9.9e+37
20260514192749.7,2447.55799770355,9.7880176,0.68092974,2.0028805,2.7292355,-0.000398339,-0.000722521,0.00241062,1.2113416,0.12492834,0.000634207,0.052176769,4.1309373,0.70194463,288.378,287.907,289.327,-42.23,NaN,NaN,NaN,-0.0340922065380482,444.363878526768,65.7012489556444,14.0388926,288.378,287.907,289.327,0.35407564979584+0i,0.000634207,20.8653624917527,533.948024278961,28.3592719958751,20.9329443045421,9.9e+37,533.26,417.115,540.522
20260514192751.8,2449.66799430549,9.788105,0.61488415,2.0028368,2.7292465,-0.000398013,-0.000718274,0.002349094,1.2113744,0.38119612,0.000633118,0.11105318,4.1315493,0.66909099,288.369,287.894,289.362,-42.24,NaN,NaN,NaN,-0.0368569353700678,444.371107518356,59.1003874663606,13.3818198,288.369,287.894,289.362,0.369792364137189+0i,0.000633118,20.8721571716499,533.948024278961,28.3865507909218,20.931852049338,501.515,525.469,84.771,107.776
20260514192754,2451.87099985778,9.7877225,0.70419913,2.0026401,2.7287656,-0.000400626,-0.000719254,0.002350292,1.2113307,0.35347778,0.000633445,-0.0076888,4.1315712,0.76596054,288.37,287.898,289.362,-42.32,NaN,NaN,NaN,-0.0493013784195284,444.05506914973,68.0268852370392,15.3192108,288.37,287.898,289.362,0.32578908104719+0i,0.000633445,20.872400314607,533.948024278961,28.3455703179975,20.9339773880778,-9.9e+37,474.06,624.557,-9.9e+37
20260514192756.2,2454.11699451506,9.7877225,0.49680433,2.0026073,2.728853,-0.00039932,-0.000721868,0.002370982,1.211429,0.42117446,0.000636058,-0.001205583,4.131298,0.77395379,288.356,287.926,289.354,-42.33,NaN,NaN,NaN,-0.0513765066961724,444.112506773805,47.2990160727587,15.4790758,288.356,287.926,289.354,0.261630338458697+0i,0.000636058,20.8693671339732,525.708433206753,28.3729736737523,20.9345088572439,-9.9e+37,444.62,541.365,-9.9e+37
20260514192758.4,2456.30800053477,9.7880067,0.54378286,2.0028478,2.7287109,-0.000398666,-0.000717839,0.00236924,1.2114509,0.22601775,0.000636494,0.00607924,4.1311668,0.56232288,288.4,287.92,289.337,-42.39,NaN,NaN,NaN,-0.036161008204104,444.019121346103,51.9942390164884,11.2464576,288.4,287.92,289.337,0.32810277431487+0i,0.000636494,20.8679104967142,525.296766469814,28.3729736737523,20.9326785699591,-9.9e+37,-9.9e+37,208.077,275.144
20260514192800.6,2458.4999922663,9.7887717,0.50970049,2.0030117,2.7287765,-0.000397795,-0.000720888,0.002360093,1.211429,0.11689799,0.000637038,-0.003543897,4.1310684,0.62670216,288.4,287.923,289.313,-42.38,NaN,NaN,NaN,-0.02579169343133,444.062232423213,48.5879100913244,12.5340432,288.4,287.923,289.313,0.312166955183489+0i,0.000637038,20.8668180187699,525.296766469814,28.3318686401203,20.9328558160018,1476.153,743.67,261.782,265.751
20260514192802.7,2460.59699356556,9.7886187,0.59515035,2.0026729,2.7290279,-0.000399973,-0.000719037,0.002389386,1.2113744,0.29693463,0.000633227,0.11525218,4.1314947,0.69550966,288.384,287.931,289.305,-42.46,NaN,NaN,NaN,-0.047226250142856,444.227447740062,57.1281122477241,13.9101932,288.384,287.931,289.305,0.334678829338669+0i,0.000633227,20.8715509796199,525.433154537676,28.3865507909218,20.9329738903762,-9.9e+37,841.495,557.296,136.885
20260514192804.8,2462.71099336445,9.788116,0.54556051,2.0029352,2.729159,-0.000397904,-0.000721323,0.002384376,1.2114181,0.29523558,0.000636494,0.11309018,4.1314182,0.67184199,288.384,287.92,289.3,-42.42,NaN,NaN,NaN,-0.0306315505400363,444.313604176175,52.171904496143,13.4368398,288.384,287.92,289.3,0.354468425782038+0i,0.000636494,20.8707016446327,525.296766469814,28.3592719958751,20.9317931466319,-9.9e+37,663.313,602.947,-9.9e+37
20260514192807,2464.83599692583,9.7880722,0.67921324,2.0027603,2.7292246,-0.000400191,-0.000719037,0.00235051,1.2113744,0.16551339,0.000634425,-0.11144528,4.1315712,0.63405378,288.384,287.934,289.294,-42.48,NaN,NaN,NaN,-0.0416967924787883,444.356715253284,65.5296950525548,12.6810756,288.384,287.934,289.294,0.309659365734929+0i,0.000634425,20.872400314607,524.747460398332,28.3865507909218,20.9344792714097,-9.9e+37,-9.9e+37,638.289,396.104
20260514192809.2,2467.04299561679,9.7882143,0.57238293,2.0026838,2.7293558,-0.000397795,-0.000721106,0.002370656,1.21144,0.24317734,0.000633445,0.00592428,4.1314947,0.53920079,288.374,287.923,289.267,-42.5,NaN,NaN,NaN,-0.0465366495874946,444.442937407503,54.8526448639313,10.7840158,288.374,287.923,289.267,0.332930398300376+0i,0.000633445,20.8715509796199,525.570793872214,27.8808343165401,20.9328262301676,483.882,-9.9e+37,-9.9e+37,565.195
20260514192811.4,2469.24999430776,9.788728,0.56786961,2.0027494,2.7298585,-0.000398339,-0.000720997,0.002382199,1.2113744,0.4330765,0.000611557,-0.003405818,4.1310029,0.70389795,288.345,287.929,289.273,-42.58,NaN,NaN,NaN,-0.0423863930341355,444.773302323096,54.4015655386226,14.077959,288.345,287.929,289.273,0.328288543910739+0i,0.000611557,20.8660908103822,525.570793872214,27.5116363780999,20.9329443045421,1285.73,135.477,306.891,351.332
20260514192813.5,2471.35500200093,9.7888482,0.59342403,2.0030554,2.7295744,-0.000397904,-0.000719145,0.002385901,1.2113962,0.43225262,0.00063486,-0.003572101,4.1311559,0.62587828,288.378,287.942,289.335,-42.61,NaN,NaN,NaN,-0.0230269645992962,444.586597185797,56.9555768943995,12.5175656,288.378,287.942,289.335,0.319331031864569+0i,0.00063486,20.8677894803565,524.747460398332,27.5390397338547,20.9335050905801,1350.845,-9.9e+37,-9.9e+37,-9.9e+37
20260514192815.6,2473.47599230707,9.788728,0.63806732,2.0028696,2.7293558,-0.000399646,-0.000720126,0.002347679,1.2114072,0.44690347,0.000634098,-0.060398968,4.1309482,0.65644473,288.343,287.945,289.373,-41.63,NaN,NaN,NaN,-0.0347818070933954,444.442937407503,61.4174065747147,13.1288946,288.343,287.945,289.373,0.347633679733316+0i,0.000634098,20.8654835081104,524.472181729254,27.5663185289013,20.9330034762103,9.9e+37,518.686,-9.9e+37,-9.9e+37
20260514192817.7,2475.56999623775,9.7880722,0.5517816,2.002815,2.7298695,-0.0004003,-0.000718165,0.00235639,1.211429,0.20973767,0.000635514,-0.11549573,4.1315384,0.64241696,288.366,287.915,289.422,-41.79,NaN,NaN,NaN,-0.0382361364807764,444.780531314684,52.7936652132835,12.8483392,288.366,287.915,289.422,0.312533778509029+0i,0.000635514,20.8720361552923,524.883848466193,27.5663185289013,20.9333281134995,1635.734,302.235,262.305,307.705
20260514192819.8,2477.6789970696,9.7880285,0.46081227,2.0027166,2.7304487,-0.000399428,-0.000720234,0.002406482,1.2114727,0.44202677,0.000632682,0.046445487,4.1309045,0.65998795,288.384,287.953,289.435,-41.94,NaN,NaN,NaN,-0.0444615213108221,445.161170580869,43.7018250600962,13.199759,288.384,287.953,289.435,0.28919068736079+0i,0.000632682,20.864998332438,526.120099943692,27.5253380559775,20.9331215505848,9.9e+37,554.884,-9.9e+37,-9.9e+37
20260514192821.9,2479.78099733591,9.7880613,0.44360141,2.0027166,2.7304597,-0.000402042,-0.000721541,0.002384594,1.2113962,0.17316291,0.000634969,0.1044318,4.1308717,0.69883681,288.4,287.947,289.397,-42,NaN,NaN,NaN,-0.0444615213108221,445.168399572457,41.9817025966364,13.9767362,288.4,287.947,289.397,0.264198909310395+0i,0.000634969,20.8646341731232,525.846072541292,28.4139541466766,20.9338299968314,9.9e+37,990.043,591.98,263.785
20260514192824,2481.88700079918,9.7881488,0.51878934,2.0028915,2.7304269,-0.000398448,-0.000717403,0.002368042,1.2114072,0.10262906,0.000614715,0.055766948,4.1307515,0.66987777,288.388,287.915,289.346,-42.04,NaN,NaN,NaN,-0.0333962793720701,445.146844033902,49.4962862591635,13.3975554,288.388,287.915,289.346,0.334501231852659+0i,0.000614715,20.8632996624637,525.021487800736,27.5116363780999,20.9322062724613,-9.9e+37,245.214,703.815,488.541
20260514192826.1,2483.99999476969,9.7879302,0.55676962,2.0027713,2.729946,-0.000396488,-0.000717403,0.002368913,1.2113853,0.15501356,0.000630287,0.036698025,4.1302378,0.66469334,288.392,287.904,289.384,-41.96,NaN,NaN,NaN,-0.0410008653128102,444.830805665276,53.2921879628839,13.2938668,288.392,287.904,289.384,0.300518473156775+0i,0.000630287,20.857596350269,525.708433206753,28.3182915229509,20.933741239329,-9.9e+37,337.643,636.627,477.512
20260514192828.2,2486.08999550343,9.7882471,0.6107353,2.0026729,2.7306236,-0.000398775,-0.000720017,0.002393524,1.2113962,0.12085915,0.000634751,0.026351965,4.1303362,0.64909419,288.392,287.915,289.387,-41.94,NaN,NaN,NaN,-0.047226250142856,445.276111547125,58.685734736484,12.9818838,288.392,287.915,289.387,0.330321298230792+0i,0.000634751,20.8586888282132,524.747460398332,29.452915011902,20.9332396249592,-9.9e+37,-9.9e+37,652.735,616.243
20260514192830.4,2488.28499466181,9.7877116,0.64615224,2.0026401,2.7306345,-0.000398231,-0.00071969,0.00234561,1.2113853,0.33860869,0.00063388,-0.007452,4.1308826,0.7630273,288.369,287.896,289.381,-41.98,NaN,NaN,NaN,-0.0493013784195284,445.283274820608,62.22544594679,15.260546,288.369,287.896,289.381,0.33885276306323+0i,0.00063388,20.8647551894809,525.296766469814,28.5096167704019,20.9332985276654,-9.9e+37,-9.9e+37,570.067,310.596
20260514192832.6,2490.51499664783,9.7883892,0.67742253,2.0027057,2.7305689,-0.000399646,-0.000720234,0.004807193,1.2117569,0.30637048,0.000613517,-0.000738202,4.1308826,0.76307968,288.384,287.915,289.43,-42.06,NaN,NaN,NaN,-0.0451511218661693,445.240163743499,65.350724304054,15.2615936,288.384,287.915,289.43,0.343224563761991+0i,0.000613517,20.8647551894809,525.296766469814,29.507597162703,20.9333870162057,-9.9e+37,-9.9e+37,581.887,145.6
20260514192834.8,2492.63299964368,9.7885313,0.65864465,2.0027057,2.7305908,-0.000396815,-0.000719799,0.002351708,1.2114181,0.37173408,0.00063584,0.093884623,4.1302706,0.71027837,288.381,287.904,289.389,-42.09,NaN,NaN,NaN,-0.0451511218661693,445.25455600857,63.4739875689837,14.2055674,288.381,287.904,289.389,0.318466504522898+0i,0.00063584,20.8579605095837,525.159127135271,29.466492129071,20.934006973912,-9.9e+37,-9.9e+37,309.432,-9.9e+37
20260514192836.9,2494.73399408162,9.788575,0.4984128,2.002662,2.7308531,-0.000396488,-0.000721432,0.002363686,1.211429,0.3895626,0.000631594,0.072904383,4.1307187,0.70190753,288.367,287.898,289.37,-42.25,NaN,NaN,NaN,-0.0479158506982031,445.426934598903,47.4597730238234,14.0381506,288.367,287.898,289.37,0.26669992662417+0i,0.000631594,20.862935503149,524.472181729254,29.507597162703,20.9343316112011,-9.9e+37,377.924,394.277,-9.9e+37
20260514192839,2496.86300083995,9.7887827,0.49978884,2.0030445,2.730711,-0.000396924,-0.000718165,0.00240376,1.2114181,0.4342703,0.000630287,-0.001067504,4.1303362,0.64043093,288.367,287.89,289.416,-42.29,NaN,NaN,NaN,-0.0237165651546434,445.333549171201,47.5972999872999,12.8086186,288.367,287.89,289.416,0.281753339189681+0i,0.000630287,20.8586888282132,525.296766469814,28.3592719958751,20.9338299968314,-9.9e+37,-9.9e+37,143.456,-9.9e+37
20260514192841.1,2498.97200167179,9.7885204,0.49468843,2.0026292,2.7314105,-0.00040128,-0.000716532,0.002399077,1.2113744,0.25472037,0.000635949,-0.11745856,4.1311996,0.64801824,288.37,287.872,289.373,-42.29,NaN,NaN,NaN,-0.0499909789748756,445.793247318121,47.0875445297658,12.9603648,288.37,287.872,289.373,0.293918607148329+0i,0.000635949,20.8682746560289,524.334542394711,28.3592719958751,20.9333576993336,1552.279,113.474,259.14,276.207
20260514192843.2,2501.0659955442,9.7885094,0.51211319,2.0026838,2.73164,-0.000398013,-0.000716423,0.002399731,1.211429,0.42607189,0.000634643,-7.2415e-05,4.1315603,0.62735362,288.351,287.869,289.387,-42.28,NaN,NaN,NaN,-0.0465366495874946,445.944070369899,48.8290450182013,12.5470724,288.351,287.869,289.387,0.268325643433398+0i,0.000634643,20.8722792982494,524.472181729254,27.5390397338547,20.9344792714097,9.9e+37,119.053,-9.9e+37,152.638
20260514192845.3,2503.16799581051,9.7886734,0.50579934,2.002804,2.7311919,-0.000401171,-0.000721759,0.002413343,1.2113744,0.18947354,0.000633336,-0.10403324,4.1309263,0.66424266,288.365,287.85,289.387,-42.4,NaN,NaN,NaN,-0.0389320636467545,445.649587539827,48.1980134941569,13.2848532,288.365,287.85,289.387,0.307903596671059+0i,0.000633336,20.8652403651533,526.120099943692,27.5253380559775,20.9329738903762,9.9e+37,330.202,141.736,522.607
20260514192847.4,2505.29699251056,9.7888482,0.54893022,2.0030008,2.7315307,-0.000400082,-0.000718383,0.002396791,1.2114837,0.3844589,0.000635949,0.11113474,4.1312214,0.69995969,288.373,287.836,289.4,-42.44,NaN,NaN,NaN,-0.0264812939866772,445.872240480751,52.5086868455634,13.9991938,288.373,287.836,289.4,0.305814367163888+0i,0.000635949,20.8685166887442,525.982460609158,27.5800202067785,20.9335050905801,9.9e+37,737.58,-9.9e+37,196.979
20260514192849.6,2507.42199607193,9.7888264,0.5943363,2.0030336,2.731498,-0.000398884,-0.000715552,0.002392326,1.21144,0.11500361,0.000624624,0.004338071,4.1308498,0.69505025,288.384,287.828,289.365,-42.44,NaN,NaN,NaN,-0.0244061657100048,445.850750660302,57.0467528216769,13.901005,288.384,287.828,289.365,0.318156250561608+0i,0.000624624,20.8643910301661,524.198154326854,27.5253380559775,20.9335642622484,757.413,655.644,676.08,389.367
20260514192851.7,2509.53500010073,9.7888264,0.5193666,2.0030663,2.7313777,-0.000400517,-0.000721106,0.002365538,1.2113853,0.14886558,0.000632138,-0.10452098,4.1311122,0.61552907,288.373,287.828,289.338,-42.44,NaN,NaN,NaN,-0.0223373640439348,445.771691779566,49.5539799417138,12.3105814,288.373,287.828,289.338,0.2880967911715+0i,0.000632138,20.8673043046841,525.708433206753,27.5390397338547,20.9338299968314,-9.9e+37,-9.9e+37,491.286,558.027
20260514192853.8,2511.67599633336,9.7887062,0.66452747,2.0026947,2.731651,-0.000400191,-0.000722521,0.002382416,1.2112542,0.32285241,0.000628653,0.11457594,4.1315821,0.68825954,288.384,287.798,289.327,-42.47,NaN,NaN,NaN,-0.045847049032119,445.951299361487,64.0619402239057,13.7651908,288.384,287.798,289.327,0.306795744115769+0i,0.000628653,20.8725213309647,525.296766469814,27.5253380559775,20.9344792714097,769.875,501.347,287.379,330.869
20260514192856,2513.91399465501,9.7885641,0.50659267,2.0027057,2.7311919,-0.000400626,-0.000718601,0.002363033,1.2113635,0.34870475,0.000631267,-0.00769534,4.13144,0.77510395,288.357,287.793,289.308,-42.52,NaN,NaN,NaN,-0.0451511218661693,445.649587539827,48.2773020801971,15.502079,288.357,287.793,289.308,0.283775581112649+0i,0.000631267,20.870943677348,525.159127135271,27.5390397338547,20.9338593137034,-9.9e+37,297.991,665.225,-9.9e+37
20260514192858.3,2516.19499213994,9.7887936,0.42801319,2.0027494,2.7317275,-0.000400409,-0.000717839,0.002401146,1.2113744,0.13909035,0.000634643,-0.000565167,4.1309263,0.5410657,288.384,287.812,289.281,-42.55,NaN,NaN,NaN,-0.0423863930341355,446.001573712079,40.4237532909449,10.821314,288.384,287.812,289.281,0.283427631597756+0i,0.000634643,20.8652403651533,525.296766469814,28.2225043385174,20.9329147187079,-9.9e+37,-9.9e+37,118.294,556.871
20260514192900.4,2518.29699240625,9.7888155,0.67403863,2.0030445,2.7313887,-0.000400517,-0.000718165,0.00240964,1.2113635,0.25073846,0.000634316,0.11907528,4.1311012,0.72731791,288.392,287.822,289.237,-42.57,NaN,NaN,NaN,-0.0237165651546434,445.778920771155,65.0125237490497,14.5463582,288.392,287.822,289.237,0.32568288409032+0i,0.000634316,20.8671821780847,524.883848466193,28.3729736737523,20.9339480712058,9.9e+37,770.886,419.043,344.976
20260514192902.5,2520.413999632,9.7886843,0.38705056,2.0026947,2.7316073,-0.000402586,-0.000720126,0.00240474,1.2113525,0.42760398,0.00063094,-0.008216276,4.1315493,0.6194684,288.346,287.817,289.204,-42.64,NaN,NaN,NaN,-0.045847049032119,445.922580549449,36.3297835517575,12.389368,288.346,287.817,289.204,0.234824366423581+0i,0.00063094,20.8721571716499,524.883848466193,28.4412329417228,20.9343022943291,-9.9e+37,-9.9e+37,-9.9e+37,-9.9e+37
20260514192904.7,2522.60499559343,9.7888155,0.49372379,2.0030445,2.7313449,-0.000398775,-0.000717185,0.002350074,1.2112323,0.34740291,0.000632465,-0.00743345,4.130981,0.79494904,288.355,287.801,289.18,-42.67,NaN,NaN,NaN,-0.0237165651546434,445.750136241012,46.9911345343819,15.8989808,288.355,287.801,289.18,0.297803780366809+0i,0.000632465,20.8658476674251,525.433154537676,27.5390397338547,20.9332100391251,1288.737,677.62,560.406,-9.9e+37
20260514192907,2524.86299984157,9.7877444,0.58587926,2.002662,2.7306345,-0.000402478,-0.000717403,0.002431746,1.2113853,0.15035729,0.000631485,-0.00094543,4.1308171,0.57083666,288.377,287.817,289.159,-42.72,NaN,NaN,NaN,-0.0479158506982031,445.283274820608,56.2015222824488,11.4167332,288.377,287.817,289.159,0.344475587953576+0i,0.000631485,20.8640279810932,525.708433206753,27.5390397338547,20.9325900814188,-9.9e+37,-9.9e+37,122.5,205.917
20260514192909.1,2526.96899324656,9.7878864,0.63844816,2.0027385,2.7305799,-0.000399973,-0.000720126,0.002370111,1.2113197,0.34102358,0.000630505,-0.11202264,4.1302378,0.61510676,288.362,287.836,289.145,-42.77,NaN,NaN,NaN,-0.0430759935894969,445.247392735087,61.4554692536851,12.3021352,288.362,287.836,289.145,0.326363931719238+0i,0.000630505,20.857596350269,526.120099943692,27.3749932814508,20.9336527507887,493.715,-9.9e+37,88.945,261.811
20260514192911.2,2529.10099737346,9.788116,0.6784221,2.0028915,2.7304597,-0.000402586,-0.000716096,0.002350619,1.2114072,0.15210435,0.000634643,0.1055789,4.1306859,0.72416535,288.396,287.842,289.14,-42.77,NaN,NaN,NaN,-0.0333962793720701,445.168399572457,65.4506253439091,14.483307,288.396,287.842,289.14,0.357531474393113+0i,0.000634643,20.8625713438342,525.570793872214,26.3907145670269,20.9330623789165,9.9e+37,863.354,500.196,488.305
20260514192913.4,2531.22199773788,9.7878974,0.49433924,2.0026292,2.7302629,-0.000400735,-0.000721323,0.002371853,1.2112869,0.43319544,0.000632682,-0.022167864,4.1307843,0.59868922,288.367,287.855,289.139,-42.85,NaN,NaN,NaN,-0.0499909789748756,445.039066341129,47.0526450788949,11.9737844,288.367,287.855,289.139,0.288166278509442+0i,0.000632682,20.8636638217784,523.235930251755,26.4179933620735,20.9336527507887,-9.9e+37,-9.9e+37,-9.9e+37,-9.9e+37
20260514192915.4,2533.31600166857,9.7879192,0.42349878,2.002662,2.7296727,-0.000402804,-0.000720017,0.002380238,1.2113416,0.35962034,0.000632138,0.11218308,4.1307733,0.69993241,288.37,287.874,289.139,-42.87,NaN,NaN,NaN,-0.0479158506982031,444.651198083356,39.972565026659,13.9986482,288.37,287.874,289.139,0.283528310331199+0i,0.000632138,20.863541695179,524.883848466193,26.4179933620735,20.9329147187079,9.9e+37,815.804,292.401,-9.9e+37
20260514192917.6,2535.41800193489,9.7880176,0.55976722,2.0028915,2.7293558,-0.000401715,-0.000720343,0.002395157,1.2113853,0.41069863,0.000625495,-0.010644431,4.1309482,0.6306044,288.367,287.874,289.15,-42.83,NaN,NaN,NaN,-0.0333962793720701,444.442937407503,53.5917801445917,12.612088,288.367,287.874,289.15,0.261396629092812+0i,0.000625495,20.8654835081104,524.198154326854,26.4590983957055,20.9351877176563,-9.9e+37,-9.9e+37,-9.9e+37,-9.9e+37
20260514192919.7,2537.52299956977,9.7878974,0.5792817,2.0027385,2.7293448,-0.00040226,-0.000714463,0.00238405,1.2114727,0.43918738,0.000635078,-0.027472924,4.1302596,0.6756471,288.378,287.852,289.147,-42.95,NaN,NaN,NaN,-0.0430759935894969,444.435708415915,55.5421356416869,13.512942,288.378,287.852,289.147,0.278710345191651+0i,0.000635078,20.8578383829843,524.060514992315,26.3907145670269,20.9347745918269,1514.806,645.05,-9.9e+37,-9.9e+37
20260514192921.8,2539.62099663913,9.7872962,0.48534969,2.002804,2.7287109,-0.000400844,-0.000717403,0.002363686,1.211429,0.15397471,0.000630722,0.042859664,4.1302269,0.76131844,288.4,287.876,289.174,-43,NaN,NaN,NaN,-0.0389320636467545,444.019121346103,46.1541933518229,15.2263688,288.4,287.876,289.174,0.288410132264868+0i,0.000630722,20.8574753339113,526.257739278235,26.4179933620735,20.9334757737081,1626.852,973.715,644.11,273.132
20260514192923.9,2541.72999747097,9.7880504,0.51720815,2.0027166,2.7292028,-0.0004003,-0.000719363,0.002380347,1.2114509,0.39978088,0.000628871,0.072521834,4.1308826,0.66238648,288.37,287.853,289.221,-42.97,NaN,NaN,NaN,-0.0444615213108221,444.342388706318,49.3382557808494,13.2477296,288.37,287.853,289.221,0.303120355458473+0i,0.000628871,20.8647551894809,525.159127135271,26.4179933620735,20.9333281134995,-9.9e+37,481.294,374.707,-9.9e+37
20260514192926,2543.84699463844,9.7883346,0.6021997,2.002815,2.7292246,-0.000403458,-0.000721868,0.002364557,1.2114072,0.25900781,0.000630722,0.10778392,4.1315493,0.70970329,288.37,287.853,289.248,-43.01,NaN,NaN,NaN,-0.0382361364807764,444.356715253284,57.8326525953761,14.1940658,288.37,287.853,289.248,0.301005151285821+0i,0.000630722,20.8721571716499,525.982460609158,27.5253380559775,20.9341546341206,-9.9e+37,813.76,648.652,-9.9e+37
20260514192928.1,2545.94500176609,9.7885641,0.71251866,2.0029898,2.7287656,-0.000402913,-0.000719363,0.002402344,1.2114509,0.31709399,0.000631267,0.0991605,4.1310138,0.69195226,288.381,287.858,289.278,-43.04,NaN,NaN,NaN,-0.0271772211526553,444.05506914973,68.8583724746571,13.8390452,288.381,287.858,289.278,0.367923590791542+0i,0.000631267,20.8662118267399,525.021487800736,27.4022720764979,20.9330034762103,-9.9e+37,583.114,633.068,-9.9e+37
20260514192930.2,2548.04299883544,9.7878537,0.47841165,2.0026947,2.7287,-0.000401824,-0.000719581,0.002390039,1.21144,0.27441272,0.000632682,0.096989125,4.1309591,0.68131167,288.387,287.855,289.308,-43.1,NaN,NaN,NaN,-0.045847049032119,444.01195807262,45.4607777725675,13.6262334,288.387,287.855,289.308,0.281570052695221+0i,0.000632682,20.865604524468,526.120099943692,26.3907145670269,20.9336527507887,-9.9e+37,628.009,696.935,-9.9e+37
20260514192932.3,2550.15999600291,9.7880504,0.5041876,2.0030008,2.7287984,-0.000401062,-0.000718819,0.002415629,1.2113853,0.23146408,0.00061221,-0.11691071,4.1303034,0.60372524,288.376,287.861,289.316,-43.18,NaN,NaN,NaN,-0.0264812939866772,444.076624688284,48.0369297261606,12.0745048,288.376,287.861,289.316,0.289607220778519+0i,0.00061221,20.8583246688985,525.846072541292,26.4316950399507,20.9336527507887,-9.9e+37,-9.9e+37,520.669,302.192
20260514192934.4,2552.2539999336,9.7885422,0.4174326,2.0028805,2.7287219,-0.000401171,-0.00071871,0.002416827,1.2114837,0.42586129,0.000633009,-0.043122394,4.1309263,0.61386385,288.351,287.872,289.349,-43.26,NaN,NaN,NaN,-0.0340922065380482,444.026350337692,39.3662866370033,12.277277,288.351,287.872,289.349,0.257719838259559+0i,0.000633009,20.8652403651533,525.708433206753,26.4453967178283,20.9338299968314,587.905,-9.9e+37,-9.9e+37,196.953
20260514192936.5,2554.36300076544,9.7886734,0.61876674,2.0028368,2.7287219,-0.00040226,-0.000718819,0.002369893,1.2114509,0.37079671,0.000635949,0.11101681,4.1309373,0.73009945,288.372,287.872,289.346,-43.29,NaN,NaN,NaN,-0.0368569353700678,444.026350337692,59.4884291025952,14.601989,288.372,287.872,289.346,0.336790194179882+0i,0.000635949,20.8653624917527,524.609821063793,26.4453967178283,20.9332100391251,9.9e+37,825.727,229,-9.9e+37
20260514192938.6,2556.4609978348,9.7887062,0.49132307,2.0028368,2.7288858,-0.000403131,-0.000718165,0.002416283,1.2114837,0.11834277,0.000630396,0.012257172,4.1309373,0.71359462,288.377,287.861,289.357,-43.32,NaN,NaN,NaN,-0.0368569353700678,444.13406231236,46.7511969368141,14.2718924,288.377,287.861,289.357,0.272133481403301+0i,0.000630396,20.8653624917527,524.747460398332,27.5527414117323,20.9341250482864,248.044,619.785,712.428,337.221
20260514192940.8,2558.66799652576,9.7888155,0.4669832,2.0030336,2.7294541,-0.000402586,-0.00071773,0.002396899,1.2115055,0.33751091,0.000635514,-0.00788958,4.1309919,0.75855435,288.364,287.85,289.368,-43.35,NaN,NaN,NaN,-0.0244061657100048,444.507538305062,44.3185725854051,15.171087,288.364,287.85,289.368,0.280693874806298+0i,0.000635514,20.8659686837828,525.021487800736,27.5390397338547,20.9335346764142,-9.9e+37,254.381,690.628,-9.9e+37
20260514192942.9,2560.77699735761,9.7880941,0.58569376,2.0027822,2.7298695,-0.0004003,-0.000720234,0.002406482,1.2114181,0.29008932,0.000630178,0.16600771,4.1315493,0.66374179,288.383,287.831,289.398,-43.35,NaN,NaN,NaN,-0.0403112647574631,444.780531314684,56.1829826675213,13.2748358,288.383,287.831,289.398,0.327598314407668+0i,0.000630178,20.8721571716499,525.296766469814,27.5253380559775,20.9331508674568,-9.9e+37,325.182,530.53,-9.9e+37
20260514192945,2562.89399452507,9.7885641,0.53778438,2.002651,2.730252,-0.000404329,-0.000722086,0.002400166,1.2113853,0.21145745,0.000635949,-0.15600111,4.1315384,0.64695102,288.374,287.828,289.066,-43.46,NaN,NaN,NaN,-0.0486117778641528,445.031903067646,51.394726836701,12.9390204,288.374,287.828,289.066,0.26398457498609+0i,0.000635949,20.8720361552923,524.747460398332,27.5527414117323,20.9348630803672,-9.9e+37,-9.9e+37,583.353,349.392
20260514192947.2,2565.08999951184,9.7884985,0.56940933,2.0026292,2.7301318,-0.000402478,-0.000718274,0.002433379,1.2114181,0.44866908,0.000629416,-0.003695806,4.1315165,0.72667845,288.348,287.825,289.041,-43.48,NaN,NaN,NaN,-0.0499909789748756,444.952909905016,54.5554513386023,14.533569,288.348,287.825,289.041,0.317548661462283+0i,0.000629416,20.8717930123352,525.159127135271,27.5527414117323,20.9333281134995,208.271,-9.9e+37,429.168,269.981
20260514192949.3,2567.21099987626,9.788422,0.75900721,2.002651,2.7306564,-0.000403458,-0.000720017,0.002386772,1.21144,0.26781294,0.000630722,0.11712725,4.1310794,0.70641869,288.377,287.798,288.998,-43.52,NaN,NaN,NaN,-0.0486117778641528,445.29766708568,73.5046248495339,14.1283738,288.377,287.798,288.998,0.368552685424074+0i,0.000630722,20.8669401453694,523.785236323233,27.5937218846561,20.9333576993336,1323.354,448.398,371.316,215.534
20260514192951.4,2569.31599751115,9.788728,0.54412114,2.0028587,2.7312247,-0.000401606,-0.000718383,0.002390257,1.2115711,0.25583452,0.000630505,-0.11908959,4.1309263,0.62658103,288.356,287.801,288.955,-43.57,NaN,NaN,NaN,-0.0354714076487426,445.671143078382,52.0280480781471,12.5316206,288.356,287.801,288.955,0.308906940091358+0i,0.000630505,20.8652403651533,525.846072541292,27.5527414117323,20.9333576993336,-9.9e+37,-9.9e+37,282.512,290.466
20260514192953.6,2571.42599411309,9.7885313,0.5688037,2.0026401,2.7320663,-0.0004052,-0.000722195,0.002414867,1.2114181,0.1606225,0.000615695,-0.053019893,4.1314182,0.66488867,288.361,287.796,289.036,-43.63,NaN,NaN,NaN,-0.0493013784195284,446.224226653004,54.4949222443243,13.2977734,288.361,287.796,289.036,0.311916960642666+0i,0.000615695,20.8707016446327,525.982460609158,26.4179933620735,20.9335346764142,9.9e+37,-9.9e+37,316.531,584.677
20260514192955.7,2573.5269986093,9.7888155,0.67167066,2.002815,2.7323723,-0.000403893,-0.000717948,0.002424994,1.2115165,0.16223424,0.000636385,-0.070975855,4.1315493,0.67031753,288.369,287.796,289.091,-43.68,NaN,NaN,NaN,-0.0382361364807764,446.425324055374,64.7758593179987,13.4063506,288.369,287.796,289.091,0.348272406722528+0i,0.000636385,20.8721571716499,533.672745609879,26.4179933620735,20.9331215505848,1403.72,-9.9e+37,231.781,635.6
20260514192957.8,2575.63999257982,9.7887062,0.61614343,2.0028368,2.7324598,-0.0004052,-0.000719254,0.002424994,1.211429,0.13052092,0.000634316,0.006867497,4.1309373,0.70412384,288.381,287.806,289.123,-43.75,NaN,NaN,NaN,-0.0368569353700678,446.482827397555,59.2262449665544,14.0824768,288.381,287.806,289.123,0.264092260836612+0i,0.000634316,20.8653624917527,533.536357542013,26.4590983957055,20.9353353778649,9.9e+37,208.665,401.697,690.916
20260514192959.9,2577.77299247682,9.7881269,0.56970396,2.0029133,2.7328751,-0.000402042,-0.00072067,0.00240376,1.2115493,0.44377492,0.000631376,-0.039034897,4.1314072,0.64394796,288.362,287.828,289.188,-43.8,NaN,NaN,NaN,-0.0320170782613616,446.755754689071,54.5848978439721,12.8789592,288.362,287.828,289.188,0.295401178953279+0i,0.000631376,20.8705795180333,525.982460609158,26.4179933620735,20.9340954624523,-9.9e+37,-9.9e+37,-9.9e+37,153.43
20260514193002,2579.90999557078,9.7886843,0.63659852,2.0029352,2.7324925,-0.000404329,-0.00072067,0.002394721,1.2114509,0.44287574,0.000633118,-0.044432841,4.1309482,0.64781418,288.356,287.831,289.196,-43.8,NaN,NaN,NaN,-0.0306315505400363,446.504317218004,61.2706088043343,12.9562836,288.356,287.831,289.196,0.330169961904165+0i,0.000633118,20.8654835081104,525.433154537676,26.404416244904,20.9335642622484,612.513,119.411,-9.9e+37,-9.9e+37
20260514193004.2,2582.01899640262,9.7888264,0.43095515,2.0029571,2.7328641,-0.000404329,-0.000717621,0.002424994,1.2115274,0.1163109,0.000634643,0.039152205,4.1314072,0.69704174,288.4,287.844,289.19,-43.83,NaN,NaN,NaN,-0.029246022818711,446.748525697483,40.7177845876146,13.9408348,288.4,287.844,289.19,0.269426338730524+0i,0.000634643,20.8705795180333,533.261078872935,26.4453967178283,20.9333870162057,9.9e+37,719.466,510.142,489.253
20260514193006.3,2584.15199629962,9.7887608,0.66153641,2.0030008,2.7319023,-0.000403893,-0.000720126,0.002343867,1.2115165,0.12582972,0.000632574,0.023393816,4.1310138,0.64234276,288.378,287.842,289.169,-43.86,NaN,NaN,NaN,-0.0264812939866772,446.11644896023,63.7630016760611,12.8468552,288.378,287.842,289.169,0.337556245250789+0i,0.000632574,20.8662118267399,525.708433206753,26.4316950399507,20.9335346764142,288.331,-9.9e+37,496.146,609.593
20260514193008.4,2586.25799976289,9.7886406,0.41637193,2.0027822,2.7318149,-0.000403349,-0.000718492,0.002417154,1.2114946,0.18125657,0.000635296,-0.09344364,4.1302378,0.63516028,288.367,287.844,289.183,-43.87,NaN,NaN,NaN,-0.0403112647574631,446.059011336155,39.2602790177839,12.7032056,288.367,287.844,289.183,0.244754957598062+0i,0.000635296,20.857596350269,525.570793872214,26.4179933620735,20.9343316112011,435.783,-9.9e+37,289.502,633.594
20260514193010.6,2588.43699619174,9.7888482,0.66893604,2.0028805,2.7316947,-0.000401606,-0.000721432,0.002369458,1.2115165,0.26100148,0.000635078,0.00597993,4.1309373,0.56613782,288.386,287.855,289.215,-43.83,NaN,NaN,NaN,-0.0340922065380482,445.980018173525,64.5025504135612,11.3227564,288.386,287.855,289.215,0.301353663030684+0i,0.000635078,20.8653624917527,524.060514992315,26.4179933620735,20.9347450059927,9.9e+37,-9.9e+37,-9.9e+37,641.448
20260514193012.7,2590.54299965501,9.7885969,0.60465387,2.002651,2.730875,-0.000402369,-0.000719363,0.002377298,1.2115055,0.22133202,0.00063584,-0.158069,4.1315056,0.64655927,288.369,287.839,289.167,-43.86,NaN,NaN,NaN,-0.0486117778641528,445.441326863974,58.0779322005875,12.9311854,288.369,287.839,289.167,0.313728807660452+0i,0.00063584,20.8716719959775,524.609821063793,26.4590983957055,20.9338299968314,9.9e+37,-9.9e+37,-9.9e+37,599.379
20260514193014.9,2592.76199787855,9.7888373,0.51696262,2.002968,2.7303176,-0.000403784,-0.000722521,0.002351708,1.2115383,0.18689713,0.000632247,-0.004507079,4.1309263,0.69851708,288.364,287.828,289.218,-43.93,NaN,NaN,NaN,-0.0285564222633639,445.075014144755,49.3137165266545,13.9703416,288.364,287.828,289.218,0.293891405614081+0i,0.000632247,20.8652403651533,525.021487800736,26.4179933620735,20.9336527507887,9.9e+37,694.029,-9.9e+37,365.52
20260514193017,2594.90600153804,9.788422,0.59292425,2.0026182,2.7295416,-0.000401715,-0.000720779,0.002367824,1.2114509,0.41085904,0.000631158,0.11052656,4.1311996,0.69674493,288.361,287.837,289.229,-44.01,NaN,NaN,NaN,-0.0506869061408253,444.565041647243,56.905626874192,13.9348986,288.361,287.837,289.229,0.304364998664051+0i,0.000631158,20.8682746560289,524.060514992315,27.4980592609309,20.934006973912,-9.9e+37,560.359,294.711,-9.9e+37
20260514193019.2,2597.02700190246,9.7888373,0.59212547,2.0028915,2.729782,-0.000403022,-0.000719908,0.002396899,1.2114837,0.44206823,0.000633445,-0.04298671,4.131451,0.64436481,288.341,287.838,289.246,-43.99,NaN,NaN,NaN,-0.0333962793720701,444.723027972503,56.8257935932658,12.8872962,288.341,287.838,289.246,0.306197571227916+0i,0.000633445,20.8710658039475,524.060514992315,26.4453967178283,20.9339773880778,-9.9e+37,227.75,74.876,-9.9e+37
20260514193021.3,2599.15199540555,9.788116,0.54862686,2.0030117,2.729006,-0.00040324,-0.000722957,0.002341907,1.2114837,0.41578158,0.000632465,0.072456279,4.1312324,0.68821699,288.347,287.834,289.281,-44.07,NaN,NaN,NaN,-0.02579169343133,444.21305547499,52.4783678289358,13.7643398,288.347,287.834,289.281,0.285987041390787+0i,0.000632465,20.8686388153437,533.261078872935,26.4316950399507,20.9340661455803,963.997,753.221,171.75,-9.9e+37
20260514193023.4,2601.26899257302,9.7878974,0.39091354,2.002651,2.729017,-0.000405309,-0.000720888,0.002375011,1.2115383,0.24196498,0.000631702,-0.11779657,4.1314291,0.63055203,288.372,287.831,289.281,-44.09,NaN,NaN,NaN,-0.0486117778641528,444.220284466579,36.7158652858426,12.6110406,288.372,287.831,289.281,0.256869549796091+0i,0.000631702,20.8708226609904,525.708433206753,26.4453967178283,20.9335050905801,-9.9e+37,137.929,275.557,280.331
20260514193025.5,2603.38699556887,9.7878864,0.65624285,2.0027275,2.728077,-0.000405853,-0.000716532,0.002364993,1.21144,0.28819058,0.000636058,0.11867259,4.1309591,0.70518778,288.376,287.825,289.319,-44.09,NaN,NaN,NaN,-0.0437719207554323,443.602534276292,63.2339420318788,14.1037556,288.376,287.825,289.319,0.341631462720884+0i,0.000636058,20.865604524468,524.609821063793,26.404416244904,20.9333870162057,9.9e+37,939.701,351.183,259.415
20260514193027.6,2605.51199913025,9.7875586,0.57897288,2.0029461,2.7281207,-0.000405527,-0.000719363,0.002392652,1.2116585,0.18944625,0.000632682,-0.11322854,4.1309482,0.62103323,288.38,287.823,289.294,-44.13,NaN,NaN,NaN,-0.0299419499846891,443.63125308833,55.5112709307331,12.4206646,288.38,287.823,289.294,0.2635381507737+0i,0.000632682,20.8654835081104,524.060514992315,26.404416244904,20.9352762061966,-9.9e+37,-9.9e+37,438.866,397.956
20260514193029.7,2607.61299356818,9.7880504,0.49236192,2.002968,2.7281426,-0.00040618,-0.000719472,0.002372289,1.2114837,0.43700056,0.000634207,-0.008442454,4.130981,0.61094482,288.359,287.831,289.226,-44.16,NaN,NaN,NaN,-0.0285564222633639,443.645645353402,46.8550237776091,12.2188964,288.359,287.831,289.226,0.250980523152301+0i,0.000634207,20.8658476674251,525.708433206753,26.404416244904,20.9349219830733,645.237,-9.9e+37,-9.9e+37,188.037
20260514193031.9,2609.80799272656,9.788105,0.49510419,2.0030773,2.7282628,-0.000405309,-0.000717403,0.002365973,1.2115383,0.27106371,0.000632465,0.00588827,4.1309482,0.56934931,288.369,287.823,289.159,-44.18,NaN,NaN,NaN,-0.0216414368779709,443.724638516032,47.1290972537673,11.3869862,288.369,287.823,289.159,0.309032436715739+0i,0.000632465,20.8654835081104,525.433154537676,27.5527414117323,20.9328262301676,9.9e+37,208.377,-9.9e+37,460.941
20260514193034.2,2612.02700100839,9.7877006,0.59828655,2.0026401,2.728853,-0.000405744,-0.000719472,0.002386554,1.2114618,0.42237808,0.000629633,-0.001237925,4.1313307,0.79603263,288.342,287.799,289.118,-44.22,NaN,NaN,NaN,-0.0493013784195284,444.112506773805,57.4415566700192,15.9206526,288.342,287.799,289.118,0.321133078511873+0i,0.000629633,20.8697301830461,524.747460398332,27.9355164673416,20.9334757737081,9.9e+37,955.135,366.531,-9.9e+37
20260514193036.3,2614.16399404407,9.7870121,0.51735328,2.0026401,2.7288202,-0.00040422,-0.000720561,0.002408007,1.2115493,0.43908153,0.000632247,0.01111573,4.1311449,0.68307402,288.349,287.803,289.077,-44.3,NaN,NaN,NaN,-0.0493013784195284,444.090951235251,49.3527606558598,13.6614804,288.349,287.803,289.077,0.275036200054241+0i,0.000632247,20.8676673537571,524.198154326854,28.3182915229509,20.934272708495,-9.9e+37,385.43,180.323,-9.9e+37
20260514193038.4,2616.28499440849,9.7870558,0.76176038,2.0026292,2.7288749,-0.000405091,-0.000719472,0.002404958,1.211593,0.34779248,0.000630722,0.10247614,4.1313307,0.69422419,288.363,287.789,289.08,-44.33,NaN,NaN,NaN,-0.0499909789748756,444.126899038877,73.7797877154642,13.8844838,288.363,287.789,289.08,0.316023641242006+0i,0.000630722,20.8697301830461,525.159127135271,28.3729736737523,20.934833494533,223.429,780.764,384.956,-9.9e+37
20260514193040.5,2618.38300153613,9.7877116,0.40882062,2.0030226,2.7288202,-0.000402913,-0.000721759,0.00239385,1.2114837,0.40299782,0.00063192,-0.093767495,4.1309701,0.62002384,288.346,287.795,289.069,-44.42,NaN,NaN,NaN,-0.0251020928759687,444.090951235251,38.50557077197,12.4004768,288.346,287.795,289.069,0.214495550027797+0i,0.00063192,20.8657266510675,524.747460398332,28.3455703179975,20.9353942805711,-9.9e+37,-9.9e+37,142.378,-9.9e+37
20260514193042.6,2620.47999277711,9.788116,0.60067089,2.0030445,2.7295088,-0.000402804,-0.000719472,0.002355628,1.2116367,0.31817104,0.000631158,0.11378787,4.1311231,0.72255579,288.354,287.814,289.126,-44.43,NaN,NaN,NaN,-0.0237165651546434,444.543486108688,57.6798571846086,14.4511158,288.354,287.814,289.126,0.27808860077841+0i,0.000631158,20.8674253210418,524.334542394711,27.5390397338547,20.9349219830733,9.9e+37,1006.767,416.066,-9.9e+37
20260514193044.9,2622.73000068963,9.7880176,0.5527648,2.0030336,2.7296181,-0.000403784,-0.000718383,0.002334176,1.2115602,-0.001826723,0.000631811,-0.002705729,4.1309919,0.53255629,288.353,287.807,289.123,-44.48,NaN,NaN,NaN,-0.0244061657100048,444.615315997835,52.8919301696003,10.6511258,288.353,287.807,289.123,0.246187205927191+0i,0.000631811,20.8659686837828,524.747460398332,27.5253380559775,20.9356008434858,-9.9e+37,292.904,221.982,344.764
20260514193047.1,2624.94099251926,9.7880504,0.73499908,2.0027603,2.7298695,-0.000407705,-0.000720126,0.002376427,1.2115711,0.00206133,0.000631376,0.007685956,4.1311559,0.77322594,288.368,287.8,289.102,-44.53,NaN,NaN,NaN,-0.0416967924787883,444.780531314684,71.1051559259204,15.4645188,288.368,287.8,289.102,0.296401878567253+0i,0.000631376,20.8677894803565,524.747460398332,27.4980592609309,20.9352762061966,449.275,685.372,606.669,-9.9e+37
20260514193049.2,2627.04299278557,9.7880504,0.49450402,2.0027603,2.7304815,-0.000403893,-0.000721541,0.002404631,1.211593,0.40173636,0.000635514,-0.025298173,4.131604,0.62055309,288.339,287.793,289.142,-44.52,NaN,NaN,NaN,-0.0416967924787883,445.182726119423,47.0691138538155,12.4110618,288.339,287.793,289.142,0.266941464761207+0i,0.000635514,20.8727644739218,524.198154326854,27.5253380559775,20.9343611970353,-9.9e+37,-9.9e+37,-9.9e+37,-9.9e+37
20260514193051.3,2629.14800047874,9.7877881,0.45184564,2.0026838,2.7299897,-0.000402804,-0.000718601,0.002332978,1.211582,0.12189909,0.000634751,0.044443006,4.1310138,0.69443261,288.372,287.788,289.142,-44.52,NaN,NaN,NaN,-0.0465366495874946,444.859524477314,42.8056640498659,13.8886522,288.372,287.788,289.142,0.250527279761026+0i,0.000634751,20.8662118267399,524.747460398332,26.4316950399507,20.934538443078,9.9e+37,507.194,508.447,498.304
20260514193053.4,2631.25799708068,9.788116,0.40817352,2.0030445,2.7307766,-0.000403458,-0.00071871,0.002389386,1.2114509,0.34315147,0.000634316,0.11233466,4.1311777,0.68565915,288.383,287.836,289.216,-44.52,NaN,NaN,NaN,-0.0237165651546434,445.37666024831,38.4408969993576,13.713183,288.383,287.836,289.216,0.22899812942877+0i,0.000634316,20.8680315130718,525.159127135271,26.4726755128745,20.9348630803672,324.349,547.672,268.057,231.146
20260514193055.5,2633.37100110948,9.7874383,0.54285859,2.0026292,2.7306782,-0.00040422,-0.000721759,0.002380456,1.2114618,0.42545098,0.000634207,-0.011465829,4.131134,0.61438001,288.365,287.823,289.115,-44.52,NaN,NaN,NaN,-0.0499909789748756,445.311993632646,51.9018637610216,12.2876002,288.365,287.823,289.115,0.26722725149582+0i,0.000634207,20.8675463373994,525.159127135271,25.3927341747253,20.9348630803672,-9.9e+37,-9.9e+37,-9.9e+37,-9.9e+37
20260514193057.6,2635.46499498188,9.7873837,0.63849617,2.0030226,2.7306782,-0.000405091,-0.00072165,0.00235639,1.2115383,0.1428049,0.000624951,-0.068659872,4.1310029,0.67344718,288.366,287.828,289.028,-44.53,NaN,NaN,NaN,-0.0251020928759687,445.311993632646,61.4602675658828,13.4689436,288.366,287.828,289.028,0.273604753066743+0i,0.000624951,20.8660908103822,525.296766469814,26.4316950399507,20.935364963699,1610.002,363.484,474.572,437.501
20260514193059.7,2637.59400174022,9.7870777,0.52601547,2.0026401,2.7307875,-0.000404655,-0.000719581,0.00234953,1.2115055,0.16407078,0.000630396,0.086367571,4.1305985,0.67499782,288.388,287.831,289.015,-44.56,NaN,NaN,NaN,-0.0493013784195284,445.383823521793,50.2184947099255,13.4999564,288.388,287.831,289.015,0.247713563491437+0i,0.000630396,20.8616009924894,525.982460609158,26.4726755128745,20.9353353778649,1534.854,655.631,547.152,459.211
20260514193101.8,2639.71500210464,9.7873181,0.57974438,2.0029461,2.7306127,-0.000404438,-0.000718492,0.002364122,1.2115165,0.4381027,0.000613408,-0.06341199,4.1302596,0.63461358,288.326,287.823,289.028,-44.59,NaN,NaN,NaN,-0.0299419499846891,445.268948273642,55.5883777389089,12.6922716,288.326,287.823,289.028,0.279083971596111+0i,0.000613408,20.8578383829843,525.433154537676,25.3517537018015,20.9347745918269,-9.9e+37,-9.9e+37,153.712,-9.9e+37
20260514193104.1,2641.92599393427,9.7871323,0.7176649,2.002651,2.7308422,-0.000404547,-0.000720997,0.002356281,1.2115493,0.34904412,0.000633771,-0.0077761,4.1307624,0.79191434,288.364,287.842,288.993,-44.65,NaN,NaN,NaN,-0.0486117778641528,445.41977132542,69.3727083664344,15.8382868,288.364,287.842,288.993,0.315288833453597+0i,0.000633771,20.8634206788213,524.609821063793,25.297071551,20.9346858343244,99.317,571.691,642.22,-9.9e+37
20260514193106.3,2644.16799545288,9.7865312,0.51110053,2.002662,2.7309515,-0.000405418,-0.000717948,0.002332107,1.2115493,0.41727438,0.000634969,-0.001223551,4.1310356,0.79291281,288.342,287.869,288.947,-44.69,NaN,NaN,NaN,-0.0479158506982031,445.491601214567,48.7278357111796,15.8582562,288.342,287.869,288.947,0.232457362134639+0i,0.000634969,20.8664538594552,524.334542394711,26.4179933620735,20.9357780895285,-9.9e+37,459.17,622.166,-9.9e+37
20260514193108.4,2646.28499262035,9.7873509,0.48091493,2.0029571,2.7306345,-0.000402913,-0.000718056,0.002372942,1.2114946,0.11718171,0.000634969,0.029039398,4.1309482,0.557468,288.369,287.867,288.952,-44.69,NaN,NaN,NaN,-0.029246022818711,445.283274820608,45.710965628394,11.14936,288.369,287.867,288.952,0.241446518364332+0i,0.000634969,20.8654835081104,532.437745399057,27.4569542272984,20.9349811547416,-9.9e+37,322.016,784.112,245.121
20260514193110.6,2648.42199571431,9.7871542,0.55217444,2.002651,2.730875,-0.000403566,-0.00072165,0.002369458,1.2115711,0.26179044,0.000632138,0.11814695,4.1314838,0.68023244,288.375,287.891,288.977,-44.73,NaN,NaN,NaN,-0.0486117778641528,445.441326863974,52.8329272204433,13.6046488,288.375,287.891,288.977,0.251193441933169+0i,0.000632138,20.8714299632622,533.536357542013,26.4179933620735,20.9352762061966,-9.9e+37,382.343,659.159,210.073
20260514193112.7,2650.55499561131,9.7872307,0.41468271,2.002662,2.7302739,-0.00040716,-0.000721106,0.002403869,1.2115055,0.11072381,0.000629851,0.03537614,4.1314728,0.66220752,288.381,287.91,289.047,-44.74,NaN,NaN,NaN,-0.0479158506982031,445.046295332718,39.0914515874448,13.2441504,288.381,287.91,289.047,0.248728164854759+0i,0.000629851,20.8713078366628,533.398718207478,27.5800202067785,20.9339480712058,-9.9e+37,-9.9e+37,835.838,460.704
20260514193114.8,2652.65199691057,9.7869574,0.41418729,2.002651,2.7300225,-0.00040618,-0.000721106,0.002401037,1.2115383,0.43934124,0.000634751,-0.017158995,4.1310575,0.60081384,288.339,287.894,289.091,-44.82,NaN,NaN,NaN,-0.0486117778641528,444.881080015869,39.0419373231462,12.0162768,288.339,287.894,289.091,0.248596382850697+0i,0.000634751,20.8666970024123,525.021487800736,27.5527414117323,20.9341250482864,-9.9e+37,-9.9e+37,-9.9e+37,-9.9e+37
20260514193116.9,2654.76199351251,9.7868481,0.52384828,2.0027166,2.7299569,-0.00040618,-0.000720561,0.002354212,1.2114837,0.16023075,0.000630178,0.078284368,4.1309482,0.73337969,288.377,287.918,289.12,-44.9,NaN,NaN,NaN,-0.0444615213108221,444.83796893876,50.0018970383631,14.6675938,288.377,287.918,289.12,0.297361462182113+0i,0.000630178,20.8654835081104,524.883848466193,27.5527414117323,20.9335642622484,9.9e+37,650.016,621.438,398.063
20260514193119,2656.85899481177,9.7866842,0.58722476,2.002815,2.7298585,-0.000406289,-0.000720779,0.002329275,1.2115493,0.41860349,0.000633118,0.052421457,4.1315056,0.63532942,288.358,287.918,289.156,-44.97,NaN,NaN,NaN,-0.0382361364807764,444.773302323096,56.3359969556834,12.7065884,288.358,287.918,289.156,0.279591666801022+0i,0.000633118,20.8716719959775,525.296766469814,28.400252468799,20.9347154201586,-9.9e+37,212.925,292.216,-9.9e+37
20260514193121.1,2658.99199470878,9.7865858,0.51250058,2.0026947,2.7297383,-0.000404002,-0.000718601,0.002354757,1.2115274,0.11914592,0.000611121,-0.018419897,4.1315603,0.66997052,288.377,287.905,289.208,-45.01,NaN,NaN,NaN,-0.045847049032119,444.694309160465,48.8677623304751,13.3994104,288.377,287.905,289.208,0.245160885043241+0i,0.000611121,20.8722792982494,525.708433206753,27.4980592609309,20.9352762061966,-9.9e+37,161.581,637.332,491.673
20260514193123.2,2661.10900193453,9.7873728,0.477459,2.0027603,2.7298585,-0.000406071,-0.000719908,0.002341581,1.211593,0.26640308,0.000633009,-0.11644431,4.1315712,0.61250418,288.361,287.915,289.245,-45.03,NaN,NaN,NaN,-0.0416967924787883,444.773302323096,45.3655661059329,12.2500836,288.361,287.915,289.245,0.236764141877017+0i,0.000633009,20.872400314607,533.536357542013,26.4590983957055,20.9351288149502,-9.9e+37,-9.9e+37,204.676,500.97
20260514193125.4,2663.23399543762,9.7871104,0.64891087,2.0026729,2.7293448,-0.000406071,-0.000718819,0.002384921,1.211593,0.17894753,0.00061221,0.11495174,4.1310247,0.71548463,288.378,287.926,289.294,-45.01,NaN,NaN,NaN,-0.047226250142856,444.435708415915,62.5011545070464,14.3096926,288.378,287.926,289.294,0.274389450786443+0i,0.00061221,20.8663328430975,524.472181729254,27.3886949593279,20.9353942805711,9.9e+37,591.515,460.958,558.66
20260514193127.5,2665.32799936831,9.7877006,0.68576063,2.0028805,2.7293448,-0.000406616,-0.00071675,0.002374249,1.2115493,0.39091682,0.000637474,-0.1133051,4.1309373,0.6085332,288.372,287.907,289.297,-45.07,NaN,NaN,NaN,-0.0340922065380482,444.435708415915,66.184067502045,12.170664,288.372,287.907,289.297,0.282472530477975+0i,0.000637474,20.8653624917527,525.570793872214,27.5390397338547,20.935364963699,-9.9e+37,-9.9e+37,-9.9e+37,222.332
20260514193129.7,2667.52299852669,9.7880832,0.64736896,2.0030554,2.7295197,-0.000408467,-0.00072067,0.002377298,1.2115711,0.19670511,0.000630069,0.00563511,4.1309373,0.58329633,288.377,287.904,289.308,-45.17,NaN,NaN,NaN,-0.0230269645992962,444.550649382171,62.3470498296721,11.6659266,288.377,287.904,289.308,0.300586461426351+0i,0.000630069,20.8653624917527,524.198154326854,27.5253380559775,20.93456775995,9.9e+37,335.126,-9.9e+37,464.757
20260514193131.9,2669.72200088203,9.7879739,0.50399663,2.0028368,2.7293448,-0.0004101,-0.000720997,0.002392108,1.2115165,0.1743087,0.00063388,0.003194994,4.1312542,0.55457515,288.383,287.894,289.327,-45.18,NaN,NaN,NaN,-0.0368569353700678,444.435708415915,48.0178434174667,11.091503,288.383,287.894,289.327,0.247528368362558+0i,0.00063388,20.868880848059,525.159127135271,27.5116363780999,20.9351288149502,9.9e+37,422.073,-9.9e+37,567.185
20260514193134,2671.82400114834,9.7872307,0.45495892,2.0027603,2.7293339,-0.000409774,-0.00071871,0.002348441,1.2115165,0.11391566,0.000631594,0.053800075,4.1309373,0.68458319,288.368,287.863,289.303,-45.16,NaN,NaN,NaN,-0.0416967924787883,444.428545142431,43.1168177553193,13.6916638,288.368,287.863,289.303,0.274554995340457+0i,0.000631594,20.8653624917527,525.021487800736,28.3865507909218,20.9335938480825,9.9e+37,760.658,455.519,573.63
20260514193136.1,2673.9219982177,9.7874165,0.46138956,2.0029898,2.7303176,-0.000409882,-0.000721106,0.002370547,1.2115493,0.32667065,0.000634425,0.11344169,4.1313635,0.71492483,288.361,287.853,289.327,-45.16,NaN,NaN,NaN,-0.0271772211526553,445.075014144755,43.7595217409669,14.2984966,288.361,287.853,289.327,0.23357342712965+0i,0.000634425,20.8700943423609,525.708433206753,28.3455703179975,20.9351877176563,-9.9e+37,623.458,398.138,192.695
20260514193138.2,2676.03899538517,9.7874165,0.62905158,2.0029024,2.7304378,-0.000410754,-0.000722848,0.002352797,1.2115383,0.18077316,0.000635514,-0.11521631,4.1314728,0.60367068,288.369,287.856,289.338,-45.18,NaN,NaN,NaN,-0.032706678816723,445.154007307386,60.5163373138694,12.0734136,288.369,287.856,289.338,0.296585463124349+0i,0.000635514,20.8713078366628,525.021487800736,28.3318686401203,20.9345088572439,-9.9e+37,-9.9e+37,387.408,478.373
20260514193140.3,2678.15599255264,9.7879739,0.59959276,2.0028259,2.7305799,-0.000408358,-0.000720017,0.002339185,1.2115274,0.21754651,0.000631811,-0.11268451,4.1309263,0.60708295,288.375,287.85,289.3,-45.29,NaN,NaN,NaN,-0.0375465359254292,445.247392735087,57.5721045428737,12.141659,288.375,287.85,289.3,0.30804356297436+0i,0.000631811,20.8652403651533,525.021487800736,28.5917022769577,20.9338888995375,1444.356,-9.9e+37,99.493,631.332
20260514193142.4,2680.26499338448,9.7878864,0.46604583,2.0026401,2.7308859,-0.00040912,-0.000719254,0.002406809,1.2114946,0.16859612,0.000633227,-0.011948562,4.131451,0.63582157,288.375,287.85,289.297,-45.36,NaN,NaN,NaN,-0.0493013784195284,445.448490137457,44.2248880633316,12.7164314,288.375,287.85,289.297,0.250223014240288+0i,0.000633227,20.8710658039475,523.785236323233,28.3592719958751,20.9346565174524,9.9e+37,-9.9e+37,165.089,753.65
20260514193144.5,2682.38299638033,9.7877881,0.57634845,2.0026292,2.7308094,-0.000408249,-0.000721323,0.002387643,1.2115711,0.4605973,0.00063486,-0.054123983,4.1306968,0.63255879,288.355,287.853,289.341,-45.33,NaN,NaN,NaN,-0.0499909789748756,445.398215786865,55.2489748573947,12.6511758,288.355,287.853,289.341,0.249546297813418+0i,0.00063486,20.8626923601918,526.120099943692,29.452915011902,20.9355715266138,1316.019,-9.9e+37,-9.9e+37,280.038
20260514193146.6,2684.50399674475,9.788116,0.44677143,2.0028915,2.7310608,-0.000410209,-0.000720779,0.00239189,1.211593,0.45005385,0.000628109,-0.040590576,4.1307843,0.64678843,288.353,287.877,289.332,-45.4,NaN,NaN,NaN,-0.0333962793720701,445.563431103714,42.2985271255453,12.9357686,288.353,287.877,289.332,0.223178817245662+0i,0.000628109,20.8636638217784,524.334542394711,29.4801938069481,20.9354238664052,9.9e+37,333.159,-9.9e+37,-9.9e+37
20260514193148.7,2686.59399747849,9.787952,0.60954041,2.0026729,2.7309733,-0.000408685,-0.000719145,0.002376209,1.2115493,0.12554597,0.000634751,0.016822077,4.1315384,0.695131,288.387,287.88,289.359,-45.44,NaN,NaN,NaN,-0.047226250142856,445.505927761533,58.5663126314663,13.90262,288.387,287.88,289.359,0.275440765410274+0i,0.000634751,20.8720361552923,524.609821063793,28.400252468799,20.9350400574478,9.9e+37,889.605,498.68,477.243
20260514193150.8,2688.70299831033,9.7882143,0.62431346,2.0026729,2.7306127,-0.000407269,-0.000718601,0.002352034,1.211582,0.43531788,0.000633227,0.040425085,4.1303034,0.63343505,288.362,287.888,289.343,-45.45,NaN,NaN,NaN,-0.047226250142856,445.268948273642,60.0427905738129,12.668701,288.362,287.888,289.343,0.279936983333688+0i,0.000633227,20.8583246688985,525.846072541292,27.5663185289013,20.9350107405757,-9.9e+37,284.556,-9.9e+37,-9.9e+37
20260514193153,2690.82399867475,9.7887936,0.61669123,2.0030445,2.730722,-0.000408902,-0.000717403,0.00239581,1.2114181,0.21419098,0.000633663,-0.11509446,4.1310466,0.62971942,288.376,287.882,289.343,-45.51,NaN,NaN,NaN,-0.0237165651546434,445.340778162789,59.2809942983998,12.5943884,288.376,287.882,289.343,0.27470441071289+0i,0.000633663,20.8665759860546,524.060514992315,27.5937218846561,20.9351581318222,780.89,-9.9e+37,332.635,353.994
20260514193155.1,2692.95699857175,9.7884548,0.41284181,2.0026292,2.7301318,-0.000407051,-0.000721432,0.002385356,1.2114509,0.13077517,0.000634751,0.011249236,4.131287,0.69324317,288.384,287.874,289.354,-45.59,NaN,NaN,NaN,-0.0499909789748756,444.952909905016,38.907464648792,13.8648634,288.384,287.874,289.354,0.21101853452318+0i,0.000634751,20.8692450073737,524.747460398332,27.5527414117323,20.9356008434858,9.9e+37,497.08,464.12,615.499
20260514193157.2,2695.04699930549,9.7879302,0.487973,2.0027713,2.7299569,-0.000406616,-0.000718819,0.002358133,1.2114727,0.43722535,0.000636167,0.050341335,4.1306968,0.653338,288.365,287.869,289.373,-45.63,NaN,NaN,NaN,-0.0410008653128102,444.83796893876,46.4163774878637,13.06676,288.365,287.869,289.373,0.274124062957689+0i,0.000636167,20.8626923601918,525.296766469814,28.4139541466766,20.9339773880778,-9.9e+37,136.876,-9.9e+37,-9.9e+37
20260514193159.3,2697.18699976802,9.7880067,0.43403242,2.0026838,2.7298039,-0.000406398,-0.000722303,0.002387861,1.2114072,0.40255587,0.000634098,-0.056522514,4.1315821,0.62463646,288.339,287.866,289.376,-45.64,NaN,NaN,NaN,-0.0465366495874946,444.737420237574,41.0253393090597,12.4927292,288.339,287.866,289.376,0.228048369416547+0i,0.000634098,20.8725213309647,525.021487800736,27.5527414117323,20.9351581318222,-9.9e+37,-9.9e+37,-9.9e+37,-9.9e+37
20260514193201.4,2699.30800013244,9.7879739,0.64541021,2.0028478,2.7293339,-0.000409991,-0.000721432,0.002351163,1.2115055,0.20896836,0.000631811,-0.10989342,4.1302269,0.563664,288.35,287.853,289.341,-45.73,NaN,NaN,NaN,-0.036161008204104,444.428545142431,62.1512844887593,11.27328,288.35,287.853,289.341,0.310053248650453+0i,0.000631811,20.8574753339113,524.883848466193,27.5253380559775,20.9342431226608,9.9e+37,331.992,291.314,431.261
20260514193203.5,2701.4059972018,9.7879739,0.60042318,2.0026729,2.7297383,-0.000405853,-0.000718819,0.00237512,1.2114072,0.12641244,0.000634098,0.015876537,4.1308498,0.6862375,288.391,287.847,289.346,-45.69,NaN,NaN,NaN,-0.047226250142856,444.694309160465,57.6551000524593,13.72475,288.391,287.847,289.346,0.278029438051248+0i,0.000634098,20.8643910301661,524.747460398332,26.4316950399507,20.9349515689075,9.9e+37,505.357,460.887,598.552
20260514193205.6,2703.51200066507,9.7872416,0.50015331,2.0027494,2.7287,-0.000406071,-0.000716859,0.002352579,1.2115493,0.36121572,0.000629742,0.11267942,4.1302159,0.65694997,288.359,287.853,289.346,-45.71,NaN,NaN,NaN,-0.0423863930341355,444.01195807262,47.6337265827319,13.1389994,288.359,287.853,289.346,0.243783857734593+0i,0.000629742,20.8573532073119,525.570793872214,27.5116363780999,20.9352173034905,-9.9e+37,402.865,273.023,232.062
20260514193207.7,2705.60499876738,9.7874055,0.52710888,2.0028259,2.7292246,-0.000403784,-0.000713047,0.002352579,1.2113962,0.42830236,0.000632682,-0.006489414,4.1308498,0.60422611,288.355,287.855,289.332,-45.75,NaN,NaN,NaN,-0.0375465359254292,444.356715253284,50.3277744962216,12.0845222,288.355,287.855,289.332,0.24670616025828+0i,0.000632682,20.8643910301661,525.708433206753,27.9490935845106,20.9353353778649,-9.9e+37,-9.9e+37,-9.9e+37,-9.9e+37
20260514193209.8,2707.71499536932,9.7876897,0.50379476,2.0026292,2.7287765,-0.000407813,-0.00071479,0.002347243,1.2115274,0.15258012,0.000613408,-0.088379044,4.1303908,0.6491062,288.377,287.858,289.311,-45.81,NaN,NaN,NaN,-0.0499909789748756,444.062232423213,47.9976677190008,12.982124,288.377,287.858,289.311,0.24286525339293+0i,0.000613408,20.8592950202433,525.846072541292,28.400252468799,20.9352468893246,9.9e+37,285.917,383.396,472.958
20260514193212,2709.83199253678,9.7872416,0.61270279,2.002662,2.7290279,-0.000409447,-0.000713483,0.002381218,1.2114181,0.23540014,0.000629851,-0.10835223,4.1314619,0.61537521,288.365,287.836,289.332,-45.87,NaN,NaN,NaN,-0.0479158506982031,444.227447740062,58.8823735880947,12.3075042,288.365,287.836,289.332,0.260266172828096+0i,0.000629851,20.8711868203051,525.296766469814,28.3592719958751,20.9355419407796,1436.342,-9.9e+37,-9.9e+37,561.061
20260514193214.1,2711.92899383605,9.7876788,0.54302337,2.002651,2.7287546,-0.000408576,-0.000713265,0.002331018,1.2114837,0.33871454,0.000634207,0.11486266,4.1310466,0.68867312,288.37,287.845,289.371,-45.88,NaN,NaN,NaN,-0.0486117778641528,444.047840158141,51.9183325359422,13.7734624,288.37,287.845,289.371,0.280346870076156+0i,0.000634207,20.8665759860546,525.159127135271,29.4392133340243,20.934272708495,9.9e+37,693.95,157.589,323.377
20260514193216.2,2714.05800059438,9.7874165,0.59032276,2.002815,2.7292246,-0.000409011,-0.000722521,0.002361835,1.2113744,0.42856753,0.000635732,0.027325383,4.1315603,0.65377886,288.373,287.853,289.381,-45.91,NaN,NaN,NaN,-0.0382361364807764,444.356715253284,56.6456235165756,13.0755772,288.373,287.853,289.381,0.274653360688265+0i,0.000635732,20.8722792982494,525.433154537676,29.4801938069481,20.9348630803672,-9.9e+37,368.518,167.801,-9.9e+37
20260514193218.4,2716.27299562097,9.7872197,0.59209273,2.0027713,2.7293121,-0.000413258,-0.00071969,0.002349857,1.2115274,0.39303598,0.000631811,-0.00699587,4.1313307,0.78107954,288.337,287.834,289.355,-45.9,NaN,NaN,NaN,-0.0410008653128102,444.414218595465,56.8225214261891,15.6215908,288.337,287.834,289.355,0.263088415987154+0i,0.000631811,20.8697301830461,525.708433206753,29.5211742798724,20.9352468893246,-9.9e+37,557.195,636.038,-9.9e+37
20260514193220.5,2718.38699541986,9.7871542,0.61041448,2.002651,2.7296071,-0.000411843,-0.000722086,0.002361835,1.2114509,0.21503341,0.000631267,-0.13338428,4.1315056,0.60392493,288.361,287.812,289.33,-45.95,NaN,NaN,NaN,-0.0486117778641528,444.608087006247,58.6536706973408,12.0784986,288.361,287.812,289.33,0.279398886741707+0i,0.000631267,20.8716719959775,525.570793872214,29.5211742798724,20.9348630803672,-9.9e+37,-9.9e+37,489.919,334.06
20260514193222.7,2720.61299420893,9.788116,0.5929919,2.0028368,2.7298367,-0.000411625,-0.000719363,0.002336354,1.2114946,0.19690808,0.000632356,-0.004601709,4.1309373,0.71516162,288.355,287.817,289.328,-45.99,NaN,NaN,NaN,-0.0368569353700678,444.758975776129,56.9123880868597,14.3032324,288.355,287.817,289.328,0.288790166340507+0i,0.000632356,20.8653624917527,524.060514992315,29.466492129071,20.9344496855756,935.76,485.463,255.646,168.305
20260514193224.9,2722.72199504077,9.7873509,0.519479,2.0029571,2.7299678,-0.000411516,-0.00071773,0.002374031,1.2114181,0.12932711,0.000619833,0.028416734,4.1309482,0.68027391,288.363,287.841,289.352,-46.02,NaN,NaN,NaN,-0.029246022818711,444.845132212243,49.5652136490877,13.6054782,288.363,287.841,289.352,0.257015735022285+0i,0.000619833,20.8654835081104,525.159127135271,29.5348759577496,20.9348630803672,-9.9e+37,199.976,660.304,496.625
20260514193227,2724.81999211013,9.7874274,0.48586366,2.0030008,2.7302957,-0.000414674,-0.000721214,0.002346916,1.2115711,0.44932272,0.000628544,-0.053414856,4.1306313,0.61278681,288.354,287.852,289.382,-46.05,NaN,NaN,NaN,-0.0264812939866772,445.060621879684,46.2055615776143,12.2557362,288.354,287.852,289.382,0.251181584290968+0i,0.000628544,20.8619651518042,525.708433206753,29.466492129071,20.9347450059927,-9.9e+37,-9.9e+37,-9.9e+37,-9.9e+37
20260514193229.1,2727.0150013268,9.7874383,0.57586176,2.0028805,2.7304487,-0.000413258,-0.000718056,0.002372942,1.2115055,0.20643125,0.00063388,0.00599194,4.1302487,0.56862146,288.376,287.871,289.382,-46.12,NaN,NaN,NaN,-0.0340922065380482,445.161170580869,55.2003331043538,11.3724292,288.376,287.871,289.382,0.238609488361378+0i,0.00063388,20.8577173666266,525.433154537676,28.3592719958751,20.9359846524432,9.9e+37,264.338,-9.9e+37,458.699
20260514193231.4,2729.24199588597,9.7878646,0.43922666,2.0027166,2.7299678,-0.000413803,-0.000721323,0.002363795,1.211582,0.4209824,0.000632356,-0.000992693,4.1315821,0.78937068,288.361,287.875,289.398,-46.19,NaN,NaN,NaN,-0.0444615213108221,444.845132212243,41.5444725135946,15.7874136,288.361,287.875,289.398,0.231799268008939+0i,0.000632356,20.8725213309647,524.883848466193,28.3865507909218,20.9350400574478,1467.457,597.596,471.827,177.852
20260514193233.5,2731.33599981666,9.78734,0.67723157,2.0029352,2.7300006,-0.000411734,-0.000719908,0.002373596,1.2113416,0.1580101,0.000630178,0.046582151,4.130981,0.71157038,288.36,287.863,289.352,-46.25,NaN,NaN,NaN,-0.0306315505400363,444.866687750797,65.3316389948003,14.2314076,288.36,287.863,289.352,0.325318448488086+0i,0.000630178,20.8658476674251,525.159127135271,28.3729736737523,20.9339773880778,791.852,496.132,615.85,338.352
20260514193235.7,2733.53099897504,9.7874383,0.46152705,2.0029461,2.7303504,-0.000413912,-0.000719037,0.00241258,1.2115602,0.38606737,0.000633989,-0.00747164,4.1309263,0.76600965,288.356,287.875,289.379,-46.31,NaN,NaN,NaN,-0.0299419499846891,445.09656968331,43.7732630436968,15.320193,288.356,287.875,289.379,0.246495972473743+0i,0.000633989,20.8652403651533,525.159127135271,28.3729736737523,20.9347154201586,-9.9e+37,-9.9e+37,685.349,-9.9e+37
20260514193237.9,2735.81199645996,9.787646,0.57804206,2.0029352,2.730405,-0.00041206,-0.000717621,0.002395048,1.2114618,0.4640969,0.000633227,-0.001703018,4.1309701,0.77353367,288.343,287.887,289.398,-46.34,NaN,NaN,NaN,-0.0306315505400363,445.132451768831,55.4182410419631,15.4706734,288.343,287.887,289.398,0.271584600249841+0i,0.000633227,20.8657266510675,525.846072541292,28.3592719958751,20.9348926662013,-9.9e+37,-9.9e+37,607.973,-9.9e+37
20260514193240.1,2737.93299682438,9.7879302,0.55236104,2.002815,2.7299678,-0.000411516,-0.000723066,0.002378823,1.2115165,0.27193452,0.000635405,-0.11907217,4.1309263,0.63170982,288.352,287.871,289.395,-46.34,NaN,NaN,NaN,-0.0382361364807764,444.845132212243,52.8515767737882,12.6341964,288.352,287.871,289.395,0.256648423302691+0i,0.000635405,20.8652403651533,525.846072541292,28.3455703179975,20.9351877176563,-9.9e+37,-9.9e+37,174.167,279.169
20260514193242.2,2740.06199352443,9.7871104,0.51762173,2.0026838,2.7299569,-0.000413367,-0.000722521,0.002366191,1.2114509,0.38950368,0.000634207,-0.087499715,4.1310029,0.63542218,288.349,287.865,289.404,-46.44,NaN,NaN,NaN,-0.0465366495874946,444.83796893876,49.3795906268965,12.7084436,288.349,287.865,289.404,0.248949289462466+0i,0.000634207,20.8660908103822,525.708433206753,27.5390397338547,20.9351877176563,9.9e+37,-9.9e+37,-9.9e+37,240.088
20260514193244.3,2742.19100028276,9.7869793,0.50098264,2.0026401,2.7300553,-0.000414565,-0.000720561,0.002442962,1.211593,0.44881094,0.000632138,-0.038847924,4.1310684,0.69891429,288.337,287.853,289.436,-46.53,NaN,NaN,NaN,-0.0493013784195284,444.902635554424,47.7166131533403,13.9782858,288.337,287.853,289.436,0.248025630166395+0i,0.000632138,20.8668180187699,525.708433206753,28.3592719958751,20.9350400574478,9.9e+37,502.147,-9.9e+37,-9.9e+37
20260514193246.4,2744.31200064719,9.7874055,0.57879392,2.0030336,2.7295744,-0.000411951,-0.000717185,0.002422708,1.2115055,0.22940493,0.000632138,-0.113288,4.1311668,0.6550305,288.343,287.854,289.401,-46.45,NaN,NaN,NaN,-0.0244061657100048,444.586597185797,55.4933849496688,13.10061,288.343,287.854,289.401,0.284579739163128+0i,0.000632138,20.8679104967142,525.433154537676,28.3592719958751,20.9344792714097,9.9e+37,265.133,183.972,355.305
20260514193248.5,2746.40599451959,9.7873618,0.52371733,2.0027713,2.7298585,-0.000413258,-0.000716096,0.002378278,1.2115274,0.35037215,0.000628109,0.11397299,4.1315493,0.72132598,288.364,287.842,289.243,-46.46,NaN,NaN,NaN,-0.0410008653128102,444.773302323096,49.9888093694965,14.4265196,288.364,287.842,289.243,0.250935191332297+0i,0.000628109,20.8721571716499,524.883848466193,28.400252468799,20.9351581318222,9.9e+37,853.438,147.137,185.691
20260514193250.7,2748.51899854839,9.78734,0.56807257,2.002968,2.7293995,-0.000413912,-0.000721214,0.00242053,1.2114618,0.38512455,0.000619724,0.10291445,4.1303143,0.71589711,288.364,287.834,289.099,-46.53,NaN,NaN,NaN,-0.0285564222633639,444.471656219541,54.4218501760657,14.3179422,288.364,287.834,289.099,0.260623760339427+0i,0.000619724,20.8584456852561,525.433154537676,28.3865507909218,20.9351877176563,-9.9e+37,691.232,370.846,-9.9e+37
20260514193252.8,2750.70699714124,9.7879083,0.57839671,2.0026838,2.7297492,-0.000415545,-0.000720343,0.002352034,1.2115493,0.35668275,0.000631158,-0.0078383,4.1311887,0.78141454,288.345,287.837,289.039,-46.59,NaN,NaN,NaN,-0.0465366495874946,444.701472433949,55.4536861871601,15.6282908,288.345,287.837,289.039,0.312327342818896+0i,0.000631158,20.8681536396713,524.883848466193,28.3592719958751,20.9335642622484,-9.9e+37,567.978,713.02,-9.9e+37
20260514193255.1,2752.92599536479,9.7878209,0.58958836,2.0026947,2.729323,-0.000413258,-0.000716968,0.002408116,1.2115493,0.16950402,0.000627673,0.003204795,4.1315493,0.44086461,288.384,287.806,289.034,-46.62,NaN,NaN,NaN,-0.045847049032119,444.421381868948,56.5722246313854,8.8172922,288.384,287.806,289.034,0.316560759834166+0i,0.000627673,20.8721571716499,525.021487800736,28.3318686401203,20.9335346764142,-9.9e+37,-9.9e+37,191.067,425.029
20260514193257.2,2755.1170013845,9.788105,0.7186852,2.0030554,2.7294869,-0.000416198,-0.000717621,0.002383179,1.2115165,0.29739949,0.000614824,-0.00763969,4.1309701,0.76809717,288.356,287.818,289.037,-46.68,NaN,NaN,NaN,-0.0230269645992962,444.529093843616,69.4746812457367,15.3619434,288.356,287.818,289.037,0.295369232513508+0i,0.000614824,20.8657266510675,532.574133466919,28.3865507909218,20.9350107405757,1353.962,708.47,519.988,-9.9e+37
20260514193259.5,2757.36299604177,9.7872307,0.470031,2.0026292,2.7296181,-0.00041402,-0.00071675,0.002358895,1.2115493,0.15305153,0.000636058,-0.000218553,4.1311449,0.54652624,288.352,287.809,289.037,-46.76,NaN,NaN,NaN,-0.0499909789748756,444.615315997835,44.6231819567051,10.9305248,288.352,287.809,289.037,0.217313151400216+0i,0.000636058,20.8676673537571,533.261078872935,28.3729736737523,20.9357189178602,-9.9e+37,-9.9e+37,205.578,545.922
20260514193301.6,2759.46899950504,9.788116,0.46913292,2.0028368,2.7298257,-0.000414674,-0.000718601,0.002415738,1.21144,0.29457757,0.000630178,0.11656524,4.1315493,0.70281764,288.363,287.808,289.056,-46.82,NaN,NaN,NaN,-0.0368569353700678,444.751746784541,44.5334242350117,14.0563528,288.363,287.808,289.056,0.233640723201558+0i,0.000630178,20.8721571716499,532.024827395436,28.3865507909218,20.9351288149502,9.9e+37,796.971,337.622,264.599
20260514193303.8,2761.68299876153,9.7877334,0.64964199,2.0026073,2.7294869,-0.000415218,-0.000720888,0.002383832,1.2114509,0.33593845,0.000632465,-0.00787867,4.131593,0.76461395,288.359,287.818,289.045,-46.8,NaN,NaN,NaN,-0.0513765066961724,444.529093843616,62.5742255758648,15.292279,288.359,287.818,289.045,0.308618585521949+0i,0.000632465,20.8726423473223,534.085663613495,27.5116363780999,20.9341250482864,-9.9e+37,400.639,675.709,-9.9e+37
20260514193305.9,2763.79699856043,9.7880395,0.54850901,2.0027057,2.729782,-0.000416852,-0.00071969,0.002360202,1.2115602,0.31625375,0.000627673,-0.14188061,4.131593,0.62691495,288.363,287.822,289.05,-46.76,NaN,NaN,NaN,-0.0451511218661693,444.723027972503,52.4665894266759,12.538299,288.363,287.822,289.05,0.298756438631582+0i,0.000627673,20.8726423473223,524.747460398332,27.5527414117323,20.9337708251631,-9.9e+37,-9.9e+37,279.84,302.958
20260514193308.1,2765.99999405444,9.7881269,0.43830785,2.0029133,2.7297602,-0.000415763,-0.000721868,0.002386881,1.2116258,0.37858918,0.000631702,-0.004109064,4.1302596,0.79026549,288.343,287.849,289.069,-46.76,NaN,NaN,NaN,-0.0320170782613616,444.708701425537,41.452642952454,15.8053098,288.343,287.849,289.069,0.235486510066466+0i,0.000631702,20.8578383829843,525.159127135271,26.4179933620735,20.9349515689075,1539.882,485.449,449.378,-9.9e+37
20260514193310.2,2768.11700128019,9.7879411,0.62481652,2.0027603,2.729323,-0.000416307,-0.000717512,0.002410838,1.2115274,0.15853825,0.000632138,-0.018279422,4.1302269,0.65116864,288.372,287.839,289.153,-46.74,NaN,NaN,NaN,-0.0416967924787883,444.421381868948,60.0930684103921,13.0233728,288.372,287.839,289.153,0.298961880447125+0i,0.000632138,20.8574753339113,524.198154326854,27.3749932814508,20.9344496855756,-9.9e+37,-9.9e+37,490.168,492.247
20260514193312.4,2770.25000117719,9.7882253,0.69988003,2.0029461,2.7297383,-0.000414238,-0.000715334,0.002407571,1.211582,0.32911936,0.000633445,0.11518826,4.1313526,0.71417843,288.369,287.848,289.178,-46.83,NaN,NaN,NaN,-0.0299419499846891,444.694309160465,67.5952170384757,14.2835686,288.369,287.848,289.178,0.357688786011757+0i,0.000633445,20.8699733260032,525.159127135271,26.4316950399507,20.9332396249592,1074.022,449.841,276.64,273.357
20260514193314.5,2772.38300107419,9.7881269,0.60338477,2.0030336,2.7295853,-0.000415763,-0.00071773,0.002396573,1.2116258,0.15207816,0.000633118,0.10968077,4.130511,0.70063407,288.376,287.855,289.194,-46.86,NaN,NaN,NaN,-0.0244061657100048,444.59376045928,57.9510932501587,14.0126814,288.376,287.855,289.194,0.291547020764444+0i,0.000633118,20.8606295309028,524.609821063793,26.4316950399507,20.934538443078,-9.9e+37,525.493,664.463,290.401
20260514193316.6,2774.49599504471,9.7880395,0.49895732,2.0029789,2.7293776,-0.000416961,-0.000721977,0.002429132,1.2116367,0.11409571,0.000631267,0.037869523,4.1302706,0.67820712,288.378,287.88,289.18,-46.94,NaN,NaN,NaN,-0.0278668217080025,444.457263954469,47.5141945392969,13.5641424,288.378,287.88,289.18,0.282388405370049+0i,0.000631267,20.8579605095837,533.948024278961,26.4590983957055,20.9336823366228,-9.9e+37,-9.9e+37,761.586,521.24
20260514193318.7,2776.60499587655,9.7887717,0.57856039,2.0029352,2.7291153,-0.00041805,-0.000720017,0.002409531,1.211582,0.45046087,0.00063192,-0.042511601,4.130675,0.58937884,288.346,287.885,289.205,-46.92,NaN,NaN,NaN,-0.0306315505400363,444.284885364137,55.4700450236633,11.7875768,288.346,287.885,289.205,0.268084140311794+0i,0.00063192,20.8624503274766,533.536357542013,26.4453967178283,20.9349219830733,-9.9e+37,-9.9e+37,-9.9e+37,-9.9e+37
20260514193320.9,2778.74999530613,9.7887717,0.48919409,2.002968,2.7287546,-0.000417505,-0.000718165,0.002423361,1.2115711,0.44338316,0.000635296,-0.056991961,4.1302487,0.65403857,288.331,287.886,289.24,-47.01,NaN,NaN,NaN,-0.0285564222633639,444.047840158141,46.5384181260948,13.0807714,288.331,287.886,289.24,0.286238195036617+0i,0.000635296,20.8577173666266,525.159127135271,26.4179933620735,20.9336231649545,1017.345,286.784,-9.9e+37,-9.9e+37
20260514193323,2780.87499886751,9.7884329,0.51466559,2.002651,2.7288858,-0.000418267,-0.000718383,0.002374249,1.211593,0.39836336,0.000634207,-0.067613933,4.1312433,0.63630826,288.358,287.899,289.27,-47.03,NaN,NaN,NaN,-0.0486117778641528,444.13406231236,49.084142124083,12.7261652,288.358,287.899,289.27,0.245642739308648+0i,0.000634207,20.8687598317013,525.846072541292,28.3455703179975,20.9352468893246,1276.659,196.216,-9.9e+37,-9.9e+37
20260514193325.1,2783.01499933004,9.7879957,0.65420771,2.0027713,2.7287109,-0.000414892,-0.000716859,0.002391346,1.2115274,0.16272639,0.000629633,0.085317275,4.1309154,0.74780467,288.375,287.91,289.3,-47.1,NaN,NaN,NaN,-0.0410008653128102,444.019121346103,63.0305419676005,14.9560934,288.375,287.91,289.3,0.25096773793813+0i,0.000629633,20.8651193487956,525.570793872214,28.3592719958751,20.9361027268177,9.9e+37,991.361,481.919,376.776
20260514193327.3,2785.12099273503,9.7884876,0.69390009,2.0026838,2.7293339,-0.000418921,-0.00071773,0.002382199,1.2115055,0.11657389,0.000633118,0.045855162,4.1309919,0.65964094,288.383,287.932,289.308,-47.18,NaN,NaN,NaN,-0.0465366495874946,444.428545142431,66.997557820741,13.1928188,288.383,287.932,289.308,0.281852089914603+0i,0.000633118,20.8659686837828,526.120099943692,28.3729736737523,20.9353942805711,-9.9e+37,171.834,611.208,513.5
20260514193329.4,2787.23799996078,9.7879629,0.61688656,2.002815,2.7293448,-0.00042001,-0.000718601,0.002399077,1.211582,0.44935328,0.000632791,-0.031025638,4.1309154,0.6064042,288.366,287.94,289.332,-47.23,NaN,NaN,NaN,-0.0382361364807764,444.435708415915,59.3005163630024,12.128084,288.366,287.94,289.332,0.321265634246278+0i,0.000632791,20.8651193487956,525.708433206753,29.507597162703,20.9335642622484,-9.9e+37,-9.9e+37,-9.9e+37,93.516
20260514193331.5,2789.38699252903,9.7879957,0.56612036,2.0028587,2.729782,-0.000416743,-0.000714136,0.002394286,1.2115274,0.28469647,0.000630722,0.11844031,4.1309373,0.73030024,288.374,287.959,289.371,-47.28,NaN,NaN,NaN,-0.0354714076487426,444.723027972503,54.2267384690162,14.6060048,288.374,287.959,289.371,0.27964961211584+0i,0.000630722,20.8653624917527,534.497330350434,29.507597162703,20.9343022943291,9.9e+37,858.82,452.939,190.039
20260514193333.6,2791.51199609041,9.7870449,0.74680292,2.0026292,2.7301208,-0.000418267,-0.000718056,0.002390148,1.2116148,0.3687583,0.000634316,0.10309935,4.1312542,0.7166948,288.369,287.926,289.373,-47.28,NaN,NaN,NaN,-0.0499909789748756,444.945680913427,72.2848790971673,14.333896,288.369,287.926,289.373,0.35694496118341+0i,0.000634316,20.868880848059,533.810384944418,30.3278294247229,20.9332985276654,-9.9e+37,547.752,492.629,-9.9e+37
20260514193335.8,2793.70699524879,9.7872744,0.544562,2.0028915,2.7305908,-0.000420227,-0.000715443,0.002405829,1.2115165,0.27759365,0.000633445,-0.00771499,4.131134,0.76593872,288.34,287.902,289.385,-47.3,NaN,NaN,NaN,-0.0333962793720701,445.25455600857,52.0721093969447,15.3187744,288.34,287.902,289.385,0.255847529368236+0i,0.000633445,20.8675463373994,534.222051681357,30.6285189737764,20.9348926662013,-9.9e+37,566.258,748.875,-9.9e+37
20260514193338,2795.85499204695,9.7873728,0.55181761,2.0027713,2.7311701,-0.000419792,-0.000717403,0.002418025,1.2114072,0.25733168,0.000626911,0.16906971,4.1315165,0.68196315,288.357,287.885,289.396,-47.33,NaN,NaN,NaN,-0.0410008653128102,445.635260992861,52.7972641972918,13.639263,288.357,287.885,289.396,0.267935785540877+0i,0.000626911,20.8717930123352,533.536357542013,29.4938954848258,20.9345973457841,-9.9e+37,491.053,633.644,93.848
20260514193340.1,2797.99599833786,9.7879739,0.70528818,2.0027166,2.7316728,-0.000420336,-0.000723175,0.002386772,1.2115274,0.13267391,0.000635296,-0.1197581,4.1315821,0.66309141,288.348,287.894,289.382,-47.37,NaN,NaN,NaN,-0.0444615213108221,445.965625908453,68.1357292674265,13.2618282,288.348,287.894,289.382,0.331643122139627+0i,0.000635296,20.8725213309647,525.570793872214,29.4938954848258,20.9339480712058,-9.9e+37,-9.9e+37,700.724,444.195
20260514193342.2,2800.09399540722,9.7876897,0.70164127,2.0026401,2.7318258,-0.000419356,-0.000722086,0.00237414,1.2114837,0.369616,0.000633227,0.1552329,4.131134,0.65091111,288.342,287.864,289.412,-47.4,NaN,NaN,NaN,-0.0493013784195284,446.066174609638,67.7712424368314,13.0182222,288.342,287.864,289.412,0.29276782037213+0i,0.000633227,20.8675463373994,524.198154326854,29.1795042578951,20.9351288149502,-9.9e+37,320.333,236.646,180.981
20260514193344.3,2802.21099257469,9.7880613,0.53482606,2.0029571,2.7318914,-0.000415109,-0.00072165,0.002385248,1.2116039,0.29934515,0.000636385,-0.17290752,4.1309373,0.63485692,288.349,287.836,289.407,-47.39,NaN,NaN,NaN,-0.029246022818711,446.109285686747,51.0990604559332,12.6971384,288.349,287.836,289.407,0.302962405376363+0i,0.000636385,20.8653624917527,525.296766469814,27.6074235625338,20.9334757737081,-9.9e+37,-9.9e+37,311.127,273.831
20260514193346.6,2804.44499775767,9.7878427,0.42262907,2.0026401,2.7320882,-0.00042099,-0.000717948,0.002393524,1.21144,0.14221127,0.000616675,-0.000567999,4.1311012,0.57624697,288.36,287.819,289.366,-47.37,NaN,NaN,NaN,-0.0493013784195284,446.238618918076,39.8856427166934,11.5249394,288.36,287.819,289.366,0.223487174013164+0i,0.000616675,20.8671821780847,524.883848466193,27.5253380559775,20.9352173034905,9.9e+37,273.625,-9.9e+37,467.906
20260514193348.8,2806.64400011301,9.7881269,0.56193113,2.0030445,2.7320554,-0.000420881,-0.000718383,0.002396137,1.211582,0.24092285,0.000633009,0.00589809,4.1309482,0.56873386,288.344,287.814,289.336,-47.39,NaN,NaN,NaN,-0.0237165651546434,446.217063379521,53.8080499997822,11.3746772,288.344,287.814,289.336,0.265811861468067+0i,0.000633009,20.8654835081104,525.159127135271,26.4179933620735,20.9350400574478,9.9e+37,314.879,-9.9e+37,551.816
20260514193351.1,2808.9179970324,9.7878755,0.45243163,2.002662,2.7318477,-0.000419356,-0.000712503,0.002390801,1.2114837,0.4151814,0.000633118,-0.000814647,4.1315493,0.75789743,288.328,287.822,289.323,-47.41,NaN,NaN,NaN,-0.0479158506982031,446.08056687471,42.8642302436739,15.1579486,288.328,287.822,289.323,0.252841894372254+0i,0.000633118,20.8721571716499,525.021487800736,26.4316950399507,20.9344496855756,9.9e+37,678.805,431.838,304.041
20260514193353.2,2811.02299466729,9.7886406,0.52107001,2.0028259,2.7312575,-0.000418812,-0.000714136,0.002409422,1.2114946,0.19427494,0.000632465,0.098185668,4.1309045,0.72324436,288.355,287.825,289.276,-47.53,NaN,NaN,NaN,-0.0375465359254292,445.692698616936,49.7242255776368,14.4648872,288.355,287.825,289.276,0.305648095089625+0i,0.000632465,20.864998332438,525.708433206753,26.404416244904,20.9332689418312,658.581,575.064,545.273,313.877
20260514193355.3,2813.14399503171,9.7880832,0.59032603,2.0027713,2.7317384,-0.000418485,-0.000714136,0.002426192,1.2115055,0.43721553,0.000634316,-0.054818519,4.1315603,0.63654178,288.322,287.847,289.271,-47.51,NaN,NaN,NaN,-0.0410008653128102,446.008736985562,56.6459503335072,12.7308356,288.322,287.847,289.271,0.308085976642733+0i,0.000634316,20.8722792982494,524.609821063793,26.4179933620735,20.9338888995375,-9.9e+37,-9.9e+37,154.206,-9.9e+37
20260514193357.4,2815.24199210107,9.7880941,0.69670128,2.0030226,2.7313012,-0.000419683,-0.000712285,0.002391781,1.211429,0.44479521,0.000631702,-0.046438913,4.1310029,0.63535889,288.335,287.882,289.262,-47.55,NaN,NaN,NaN,-0.0251020928759687,445.721417428974,67.277519998309,12.7071778,288.335,287.882,289.262,0.335608684228532+0i,0.000631702,20.8660908103822,524.747460398332,26.4453967178283,20.9338888995375,296.067,383.132,-9.9e+37,-9.9e+37
20260514193359.5,2817.38999895751,9.7880832,0.69324536,2.0027822,2.7316838,-0.000419247,-0.00071283,0.002393959,1.2114727,0.13522957,0.000620377,-0.098687482,4.1309154,0.65165533,288.385,287.883,289.27,-47.61,NaN,NaN,NaN,-0.0403112647574631,445.972854900042,66.9321214752881,13.0331066,288.385,287.883,289.27,0.33552592239908+0i,0.000620377,20.8651193487956,523.648848255371,26.4179933620735,20.9338888995375,1405.284,404.37,477.498,427.734
20260514193401.7,2819.52299885452,9.7887827,0.50339428,2.0030445,2.7308094,-0.00042001,-0.000715116,0.002411927,1.2114727,0.1640064,0.000633445,-0.097815669,4.1305001,0.63349289,288.374,287.894,289.27,-47.62,NaN,NaN,NaN,-0.0237165651546434,445.398215786865,47.9576421395605,12.6698578,288.374,287.894,289.27,0.2994770002858+0i,0.000633445,20.8605085145451,523.648848255371,27.5390397338547,20.9332985276654,1273.841,-9.9e+37,315.054,606.104
20260514193403.8,2821.66000194848,9.788105,0.51724962,2.0028368,2.7310936,-0.000419465,-0.000714354,0.002364884,1.2114509,0.44817912,0.000630722,0.031894096,4.1308389,0.64608022,288.358,287.896,289.248,-47.65,NaN,NaN,NaN,-0.0368569353700678,445.584986642268,49.3424004591839,12.9216044,288.358,287.896,289.248,0.308123218551435+0i,0.000630722,20.8642700138085,524.747460398332,27.5527414117323,20.9331215505848,1009.673,282.748,-9.9e+37,189.053
20260514193405.9,2823.79300184548,9.7880941,0.38980049,2.0028587,2.7310936,-0.000420881,-0.000712067,0.002339076,1.21144,0.25219309,0.000632138,0.11848909,4.1307733,0.70767142,288.345,287.905,289.235,-47.73,NaN,NaN,NaN,-0.0354714076487426,445.584986642268,36.6046225990765,14.1534284,288.345,287.905,289.235,0.26869179113751+0i,0.000632138,20.863541695179,525.296766469814,27.5390397338547,20.9329738903762,1483.513,870.278,438.36,232.339
20260514193408,2825.89799948037,9.7877225,0.71066357,2.0026401,2.7306236,-0.000419901,-0.000713592,0.002383179,1.2114618,0.43329584,0.000632791,-0.014975314,4.1303799,0.59203271,288.352,287.89,289.222,-47.76,NaN,NaN,NaN,-0.0493013784195284,445.276111547125,68.6729673304202,11.8406542,288.352,287.89,289.222,0.34172738217427+0i,0.000632791,20.8591740038856,533.672745609879,26.4590983957055,20.9336231649545,-9.9e+37,-9.9e+37,-9.9e+37,-9.9e+37
20260514193410.1,2828.00799608231,9.7872853,0.56683949,2.002815,2.7299678,-0.000419901,-0.000712503,0.002367062,1.2114181,0.12177905,0.000630505,0.035836118,4.1302159,0.70582506,288.368,287.895,289.211,-47.78,NaN,NaN,NaN,-0.0382361364807764,444.845132212243,54.2986112090854,14.1165012,288.368,287.895,289.211,0.312481070590764+0i,0.000630505,20.8573532073119,524.060514992315,26.404416244904,20.9335346764142,9.9e+37,743.901,623.523,418.676
20260514193412.3,2830.14399334788,9.788116,0.42361772,2.0029898,2.7303394,-0.000420336,-0.000712176,0.002344194,1.2115055,0.43127815,0.00063192,-0.04240815,4.1306531,0.6516215,288.336,287.882,289.219,-47.79,NaN,NaN,NaN,-0.0271772211526553,445.089340691722,39.9844523678961,13.03243,288.336,287.882,289.219,0.29398437278227+0i,0.00063192,20.8622071845194,523.785236323233,26.4316950399507,20.9325311787126,-9.9e+37,222.848,138.922,-9.9e+37
20260514193414.4,2832.23799727857,9.7881269,0.46704976,2.002968,2.7303613,-0.000419247,-0.000716532,0.002406264,1.2112869,0.17394532,0.000629851,0.071499414,4.1306531,0.71249247,288.355,287.876,289.254,-47.83,NaN,NaN,NaN,-0.0285564222633639,445.103732956793,44.3252248590955,14.2498494,288.355,287.876,289.254,0.299065565867883+0i,0.000629851,20.8622071845194,525.846072541292,25.2833698731229,20.9329147187079,708.496,756.972,660.34,251.838
20260514193416.6,2834.43699963391,9.7880832,0.57659398,2.0027931,2.7298804,-0.000421752,-0.000714463,0.002379912,1.2113853,0.30290801,0.000628544,-0.00778701,4.1302924,0.75080882,288.352,287.898,289.265,-47.84,NaN,NaN,NaN,-0.0396216642021017,444.787694588167,55.2735141115896,15.0161764,288.352,287.898,289.265,0.327037360845651+0i,0.000628544,20.858202542299,525.433154537676,25.3244749067544,20.9331508674568,-9.9e+37,355.305,726.406,-9.9e+37
20260514193418.8,2836.71499975026,9.7880832,0.4824492,2.0027931,2.7298695,-0.000419139,-0.000713701,0.002417807,1.2113744,0.45703116,0.000631267,-0.001694851,4.1302159,0.77791825,288.333,287.868,289.32,-47.88,NaN,NaN,NaN,-0.0396216642021017,444.780531314684,45.8643067334877,15.558365,288.333,287.868,289.32,0.306572049425731+0i,0.000631267,20.8573532073119,524.472181729254,25.2833698731229,20.9328558160018,-9.9e+37,149.207,709.817,-9.9e+37
20260514193421,2838.86699974537,9.7879739,0.60802141,2.0026947,2.7291263,-0.000419683,-0.000712503,0.002418352,1.21144,0.34756987,0.000633118,0.11319722,4.130828,0.71179954,288.352,287.876,289.369,-47.91,NaN,NaN,NaN,-0.045847049032119,444.292114355726,58.4144976714937,14.2359908,288.352,287.876,289.369,0.33689165902801+0i,0.000633118,20.8641489974508,524.472181729254,25.297071551,20.9331508674568,-9.9e+37,242.369,562.62,-9.9e+37
20260514193423.1,2841.00399278104,9.787799,0.67073438,2.0026292,2.7289077,-0.000419683,-0.000715225,0.002394286,1.2113525,0.11294665,0.000638454,-0.061235938,4.1305985,0.62854525,288.369,287.87,289.363,-47.96,NaN,NaN,NaN,-0.0499909789748756,444.148454577432,64.6822837349024,12.570905,288.369,287.87,289.363,0.341374010524652+0i,0.000638454,20.8616009924894,525.021487800736,25.5977611000535,20.9335346764142,-9.9e+37,-9.9e+37,742.355,394.783
20260514193425.3,2843.12499314547,9.7888264,0.4265935,2.0030445,2.7289514,-0.000422188,-0.000712721,0.002369893,1.2112979,0.14600001,0.000637147,0.017576722,4.1304345,0.68887936,288.361,287.861,289.379,-47.99,NaN,NaN,NaN,-0.0237165651546434,444.17717338947,40.2818637711795,13.7775872,288.361,287.861,289.379,0.274651012232176+0i,0.000637147,20.8597801959157,525.570793872214,25.2833698731229,20.9333281134995,164.623,298.534,636.341,462.355
20260514193427.4,2845.24200037122,9.7886734,0.52796768,2.0028478,2.7287219,-0.00042099,-0.000709563,0.002405938,1.2113307,0.11613958,0.000636167,0.050446093,4.1302269,0.6654692,288.357,287.855,289.344,-47.99,NaN,NaN,NaN,-0.036161008204104,444.026350337692,50.413606416975,13.309384,288.357,287.855,289.344,0.31514486950406+0i,0.000636167,20.8574753339113,525.159127135271,25.297071551,20.9330623789165,-9.9e+37,-9.9e+37,708.922,608.07
20260514193429.6,2847.44899906218,9.7880067,0.56568059,2.0028805,2.7280879,-0.000422188,-0.000713592,0.002366626,1.2113088,0.35425037,0.000634751,-0.00719447,4.1304673,0.76403232,288.346,287.866,289.369,-48.05,NaN,NaN,NaN,-0.0340922065380482,443.609697549776,54.1827860891958,15.2806464,288.346,287.866,289.369,0.305610090580187+0i,0.000634751,20.8601443552304,525.021487800736,25.3107732288772,20.9337708251631,-9.9e+37,-9.9e+37,590.389,248.411
20260514193431.7,2849.55499246716,9.7881269,0.4411887,2.0029461,2.7290935,-0.000420772,-0.000709454,0.002395266,1.2113635,0.25162017,0.000635514,0.17529954,4.1305547,0.69803039,288.349,287.858,289.412,-48.11,NaN,NaN,NaN,-0.0299419499846891,444.270558817171,41.7405666703193,13.9606078,288.349,287.858,289.412,0.27469023017947+0i,0.000635514,20.8611147065752,525.159127135271,27.5253380559775,20.9334461878739,-9.9e+37,207.22,497.267,234.169
20260514193433.9,2851.7539948225,9.787799,0.59904605,2.002651,2.7287437,-0.000420336,-0.000713156,0.002400166,1.2113635,0.41015629,0.000632682,0.002688957,4.1308826,0.67074966,288.325,287.855,289.434,-48.09,NaN,NaN,NaN,-0.0486117778641528,444.040676884658,57.5174641500056,13.4149932,288.325,287.855,289.434,0.258616613035554+0i,0.000632682,20.8647551894809,524.472181729254,27.5116363780999,20.9355419407796,-9.9e+37,-9.9e+37,400.224,309.605
20260514193436,2853.88300158083,9.7877006,0.56071223,2.0026292,2.7287984,-0.000419247,-0.000714899,0.002403651,1.2115055,0.30370243,0.000630069,0.10964592,4.1304455,0.70257757,288.339,287.869,289.456,-48.19,NaN,NaN,NaN,-0.0499909789748756,444.076624688284,53.6862282389457,14.0515514,288.339,287.869,289.456,0.288533135163914+0i,0.000630069,20.8599023225151,524.472181729254,26.4590983957055,20.934272708495,9.9e+37,557.164,312.158,193.67
20260514193438.2,2856.04700110853,9.7880941,0.47408602,2.0027931,2.7298695,-0.000418812,-0.000715116,0.002436428,1.2113197,0.40625732,0.000632029,0.031453286,4.1308608,0.697619,288.33,287.86,289.445,-48.14,NaN,NaN,NaN,-0.0396216642021017,444.780531314684,45.028456939581,13.95238,288.33,287.86,289.445,0.284904334462031+0i,0.000632029,20.8645131567656,524.060514992315,26.9101327192857,20.9335050905801,-9.9e+37,378.22,347.639,-9.9e+37
20260514193440.3,2858.17599780858,9.7880067,0.51360054,2.0026947,2.7298039,-0.000423385,-0.000718383,0.002393088,1.2113525,0.11099989,0.000634207,0.033332063,4.1308608,0.68732545,288.352,287.866,289.45,-48.24,NaN,NaN,NaN,-0.045847049032119,444.737420237574,48.9776967500745,13.746509,288.352,287.866,289.45,0.29914802973102+0i,0.000634207,20.8645131567656,525.296766469814,27.5253380559775,20.9333870162057,-9.9e+37,350.12,721.823,391.491
20260514193442.5,2860.32799780369,9.7878974,0.47958144,2.0027166,2.729323,-0.000419574,-0.000714027,0.0023712,1.2113853,0.37566468,0.000633554,0.10033635,4.1307952,0.67886732,288.357,287.868,289.48,-48.27,NaN,NaN,NaN,-0.0444615213108221,444.421381868948,45.577691282789,13.5773464,288.357,287.868,289.48,0.297469919499749+0i,0.000633554,20.8637848381361,525.433154537676,28.2771864893189,20.9330327930824,-9.9e+37,369.807,359.911,-9.9e+37
20260514193444.6,2862.46500089765,9.7877444,0.50527665,2.0026401,2.7296399,-0.00042001,-0.000711741,0.002389168,1.2113962,0.32707222,0.000628436,0.098215941,4.1312652,0.70214542,288.357,287.89,289.482,-48.28,NaN,NaN,NaN,-0.0493013784195284,444.629642544801,48.1457737565478,14.0429084,288.357,287.89,289.482,0.321732568277335+0i,0.000628436,20.8690029746584,524.747460398332,28.400252468799,20.9324720070443,-9.9e+37,571.394,555.86,-9.9e+37
20260514193446.7,2864.59699496627,9.7880832,0.54241337,2.0027713,2.7304815,-0.000418703,-0.000709236,0.002364122,1.2113307,0.32207218,0.000630178,0.095121677,4.1309373,0.70338617,288.354,287.887,289.469,-48.36,NaN,NaN,NaN,-0.0410008653128102,445.182726119423,51.8573666863152,14.0677234,288.354,287.887,289.469,0.305753716033995+0i,0.000630178,20.8653624917527,524.334542394711,27.5663185289013,20.9334757737081,-9.9e+37,607.276,633.589,-9.9e+37
20260514193448.9,2866.7260017246,9.7874274,0.61841755,2.0029024,2.7304378,-0.000422079,-0.000711523,0.00240866,1.2113307,0.16261072,0.000632682,0.004515462,4.1308171,0.70572249,288.379,287.901,289.461,-48.36,NaN,NaN,NaN,-0.032706678816723,445.154007307386,59.4535296517243,14.1144498,288.379,287.901,289.461,0.389682352426654+0i,0.000632682,20.8640279810932,524.883848466193,27.5116363780999,20.9314685093427,-9.9e+37,543.624,820.126,193.531
20260514193451,2868.82800199091,9.787176,0.52498644,2.0026401,2.7302411,-0.000424039,-0.000714681,0.00236336,1.2113962,0.43163826,0.000637256,0.000745063,4.1307187,0.60886275,288.358,287.905,289.436,-48.36,NaN,NaN,NaN,-0.0493013784195284,445.024739794163,50.1156493193655,12.177255,288.358,287.905,289.436,0.361915991978714+0i,0.000637256,20.862935503149,525.159127135271,27.5116363780999,20.9313208491341,-9.9e+37,-9.9e+37,255.126,-9.9e+37
20260514193453.1,2870.93699276447,9.787799,0.56133204,2.0026182,2.7301755,-0.00042197,-0.000712176,0.002435993,1.2113416,0.2579024,0.000630287,0.11195363,4.1306968,0.72221751,288.363,287.914,289.425,-48.42,NaN,NaN,NaN,-0.0506869061408253,444.981628717054,53.7481745393675,14.4443502,288.363,287.914,289.425,0.312052809740542+0i,0.000630287,20.8626923601918,524.472181729254,28.4139541466766,20.9334166020398,1392.63,825.16,590.622,129.11
20260514193455.2,2873.05099256337,9.7886515,0.52634938,2.0027057,2.7304378,-0.000421534,-0.000715443,0.002375011,1.2113307,0.11037135,0.000637801,0.058653225,4.1315384,0.69184096,288.357,287.909,289.42,-48.47,NaN,NaN,NaN,-0.0451511218661693,445.154007307386,50.2518670162352,13.8368192,288.357,287.909,289.42,0.33903008780769+0i,0.000637801,20.8720361552923,524.472181729254,28.3865507909218,20.932117783921,-9.9e+37,266.018,790.895,352.292
20260514193457.3,2875.17599612474,9.7888264,0.59040023,2.0030445,2.730099,-0.00042295,-0.000714681,0.002388623,1.2113307,0.13438823,0.000625822,0.008771754,4.1310575,0.69798893,288.368,287.917,289.436,-48.49,NaN,NaN,NaN,-0.0237165651546434,444.931354366461,56.6533661794782,13.9597786,288.368,287.917,289.436,0.339517437458806+0i,0.000625822,20.8666970024123,525.570793872214,28.3592719958751,20.9327673274615,-9.9e+37,169.734,716.292,520.76
20260514193459.4,2877.28900015354,9.7885094,0.59047989,2.0027057,2.7299678,-0.000422514,-0.000714245,0.002404304,1.2113853,0.11127707,0.000634316,0.040221451,4.130522,0.68482545,288.376,287.914,289.431,-48.52,NaN,NaN,NaN,-0.0451511218661693,444.845132212243,56.6613277197754,13.696509,288.376,287.914,289.431,0.348293095058533+0i,0.000634316,20.8607516575023,524.472181729254,27.5527414117323,20.9325311787126,-9.9e+37,-9.9e+37,700.611,629.107
20260514193501.6,2879.42200005054,9.7886624,0.68828464,2.0026729,2.7303613,-0.000421316,-0.000717512,0.002424777,1.2113416,0.13529286,0.000620922,0.028079266,4.1308171,0.65794299,288.355,287.917,289.412,-48.55,NaN,NaN,NaN,-0.047226250142856,445.103732956793,66.4363271973186,13.1588598,288.355,287.917,289.412,0.361631518435214+0i,0.000620922,20.8640279810932,525.846072541292,27.5390397338547,20.9329738903762,-9.9e+37,-9.9e+37,631.283,656.613
20260514193503.7,2881.55099675059,9.7878099,0.47173223,2.002651,2.7300771,-0.000420663,-0.000715552,0.002373814,1.211429,0.4360501,0.000634425,-0.002586815,4.1305547,0.59290024,288.306,287.909,289.429,-48.59,NaN,NaN,NaN,-0.0486117778641528,444.91696210139,44.7932097146737,11.8580048,288.306,287.909,289.429,0.301467822329333+0i,0.000634425,20.8611147065752,525.021487800736,27.5253380559775,20.9328262301676,-9.9e+37,-9.9e+37,-9.9e+37,187.232
20260514193505.8,2883.68699401617,9.7887608,0.65977407,2.0029898,2.7300443,-0.000420119,-0.000712721,0.002381981,1.2113525,0.18820224,0.000622446,-0.10945904,4.1302924,0.64773343,288.352,287.923,289.448,-48.66,NaN,NaN,NaN,-0.0271772211526553,444.895406562835,63.5868663392881,12.9546686,288.352,287.923,289.448,0.322396381132475+0i,0.000622446,20.858202542299,525.846072541292,27.5116363780999,20.9339480712058,9.9e+37,-9.9e+37,215.996,562.438
20260514193507.9,2885.80499701202,9.7886078,0.61753038,2.0027822,2.7299569,-0.000423277,-0.000712721,0.002378605,1.21144,0.33996945,0.000638454,-0.11419924,4.1302269,0.63313933,288.325,287.904,289.464,-48.67,NaN,NaN,NaN,-0.0403112647574631,444.83796893876,59.3648623192431,12.6627866,288.325,287.904,289.464,0.339280238614346+0i,0.000638454,20.8574753339113,524.609821063793,26.4179933620735,20.9331215505848,9.9e+37,-9.9e+37,-9.9e+37,421.111
20260514193510.1,2887.93700113893,9.7887062,0.67975558,2.0028478,2.7299788,-0.000422296,-0.000714136,0.002395919,1.2114618,0.40053274,0.000634425,0.11119605,4.1302378,0.72415226,288.311,287.904,289.467,-48.73,NaN,NaN,NaN,-0.036161008204104,444.852361203831,65.583898690074,14.4830452,288.311,287.904,289.467,0.348579345757991+0i,0.000634425,20.857596350269,524.883848466193,26.4453967178283,20.9333576993336,9.9e+37,762.507,-9.9e+37,134.685
20260514193512.2,2890.05100093782,9.7884329,0.56560093,2.0026182,2.7300771,-0.000423821,-0.000712612,0.002353015,1.2113197,0.36235496,0.000638998,0.10783913,4.1304673,0.72828911,288.344,287.912,289.491,-48.76,NaN,NaN,NaN,-0.0506869061408253,444.91696210139,54.1748245488986,14.5657822,288.344,287.912,289.491,0.349797323618227+0i,0.000638998,20.8601443552304,524.747460398332,26.9238343971629,20.9322358582955,484.336,722.735,337.92,-9.9e+37
20260514193514.3,2892.15599857271,9.7886734,0.76244022,2.002662,2.7303504,-0.00041903,-0.000713918,0.002420203,1.2113307,0.21041751,0.000611557,0.10303205,4.1308608,0.69474689,288.336,287.901,289.502,-48.81,NaN,NaN,NaN,-0.0479158506982031,445.09656968331,73.8477336551533,13.8949378,288.336,287.901,289.502,0.379664167719798+0i,0.000611557,20.8645131567656,525.159127135271,27.5663185289013,20.9330327930824,-9.9e+37,808.195,707.962,112.592
20260514193516.5,2894.35099773109,9.7884001,0.49650096,2.0026292,2.7300553,-0.00042197,-0.00071773,0.002424668,1.2113307,0.36865681,0.000637038,-0.00779137,4.1308936,0.74182363,288.346,287.874,289.507,-48.85,NaN,NaN,NaN,-0.0499909789748756,444.902635554424,47.2686960566909,14.8364726,288.346,287.874,289.507,0.301179355199084+0i,0.000637038,20.8648773160803,525.296766469814,28.4276558245533,20.9330919647506,-9.9e+37,175.368,752.121,-9.9e+37
20260514193518.6,2896.46900072694,9.7881269,0.86579275,2.0028696,2.7304487,-0.000422405,-0.000714245,0.002431528,1.2114072,0.21723223,0.000634207,-0.11559397,4.1307405,0.63063932,288.364,287.867,289.529,-48.89,NaN,NaN,NaN,-0.0347818070933954,445.161170580869,84.1772005445709,12.6127864,288.364,287.867,289.529,0.414376723337739+0i,0.000634207,20.8631775358642,525.021487800736,28.3592719958751,20.9327673274615,-9.9e+37,-9.9e+37,432.337,414.338
20260514193520.9,2898.7259991467,9.7881269,0.60980121,2.0029571,2.7303394,-0.000423168,-0.000714354,0.002414976,1.2114181,0.43376288,0.000635732,-0.001301629,4.1302924,0.78159678,288.35,287.861,289.504,-48.96,NaN,NaN,NaN,-0.029246022818711,445.089340691722,58.5923780307823,15.6319356,288.35,287.861,289.504,0.341036059918398+0i,0.000635732,20.858202542299,525.021487800736,28.3592719958751,20.9329147187079,678.906,441.758,416.584,-9.9e+37
20260514193523,2900.83599574864,9.7879302,0.61886823,2.0026729,2.7296618,-0.000421534,-0.000714354,0.002367498,1.2114072,0.14558644,0.000632029,0.009592717,4.1308061,0.70606404,288.373,287.854,289.501,-49.01,NaN,NaN,NaN,-0.047226250142856,444.644034809873,59.4985724207569,14.1212808,288.373,287.854,289.501,0.350039199871214+0i,0.000632029,20.8639058544937,525.159127135271,28.400252468799,20.9327081557932,-9.9e+37,280.04,708.403,362.801
20260514193525.1,2902.9839925468,9.7881378,0.71226331,2.0029789,2.7297055,-0.000422405,-0.000714899,0.002421728,1.211582,0.13658053,0.000631267,-0.00319957,4.1305766,0.71146344,288.384,287.86,289.461,-49.01,NaN,NaN,NaN,-0.0278668217080025,444.672753621911,68.8328517702272,14.2292688,288.384,287.86,289.461,0.34576271655654+0i,0.000631267,20.8613578495323,526.257739278235,29.452915011902,20.9335642622484,-9.9e+37,87.496,706.126,444.421
20260514193527.2,2905.09699657559,9.7878755,0.4769996,2.0027275,2.7293448,-0.000418703,-0.000716532,0.002404304,1.2114618,0.18193641,0.000631376,0.076467988,4.1302487,0.69730036,288.355,287.841,289.423,-49.03,NaN,NaN,NaN,-0.0437719207554323,444.435708415915,45.3196518250827,13.9460072,288.355,287.841,289.423,0.272193418262061+0i,0.000631376,20.8577173666266,525.433154537676,29.466492129071,20.9338888995375,-9.9e+37,106.171,700.13,408.363
20260514193529.3,2907.21099637449,9.7887936,0.41887412,2.0029461,2.7297274,-0.000419465,-0.00071381,0.002414105,1.2114072,0.41067572,0.000629307,0.082159523,4.1306859,0.65870903,288.352,287.819,289.39,-49.03,NaN,NaN,NaN,-0.0299419499846891,444.687145886982,39.5103579346332,13.1741806,288.352,287.819,289.39,0.26297733599978+0i,0.000629307,20.8625713438342,524.334542394711,29.5211742798724,20.9335642622484,-9.9e+37,-9.9e+37,379.281,-9.9e+37
20260514193531.5,2909.34399627149,9.7887062,0.43012691,2.0028915,2.7293558,-0.000421752,-0.000714572,0.002377625,1.2114837,0.35541908,0.000632682,0.10244511,4.1302487,0.72923847,288.341,287.828,289.404,-49.12,NaN,NaN,NaN,-0.0333962793720701,444.442937407503,40.6350069559834,14.5847694,288.341,287.828,289.404,0.272353689005432+0i,0.000632682,20.8577173666266,525.433154537676,28.4276558245533,20.9333576993336,-9.9e+37,494.887,564.498,-9.9e+37
20260514193533.6,2911.48399673402,9.7885094,0.58712545,2.0026401,2.7289732,-0.000418594,-0.000711958,0.002363469,1.2115165,0.39205715,0.000634207,0.018803431,4.1306313,0.67855741,288.333,287.814,289.374,-49.22,NaN,NaN,NaN,-0.0493013784195284,444.191499936436,56.3260715154761,13.5711482,288.333,287.814,289.374,0.312797626009137+0i,0.000634207,20.8619651518042,525.296766469814,28.3592719958751,20.9336231649545,-9.9e+37,349.649,429.764,-9.9e+37
20260514193535.8,2913.62099982798,9.7888264,0.5761182,2.0029133,2.72917,-0.000421316,-0.000713701,0.002398097,1.2114946,0.40893083,0.000633118,-0.050293045,4.1306859,0.65748249,288.328,287.814,289.358,-49.24,NaN,NaN,NaN,-0.0320170782613616,444.320833167764,55.2259627477609,13.1496498,288.328,287.814,289.358,0.300348743085926+0i,0.000633118,20.8625713438342,524.609821063793,28.4139541466766,20.9339480712058,-9.9e+37,468.984,343.46,-9.9e+37
20260514193537.9,2915.74599333107,9.788105,0.56314567,2.0030663,2.7288858,-0.000420772,-0.000714354,0.002413343,1.2115165,0.26943451,0.000629633,0.098581612,4.1303799,0.71293987,288.353,287.826,289.347,-49.33,NaN,NaN,NaN,-0.0223373640439348,444.13406231236,53.92943600471,14.2587974,288.353,287.826,289.347,0.315877992967358+0i,0.000629633,20.8591740038856,524.883848466193,27.5663185289013,20.9333281134995,227.383,910.728,634.528,-9.9e+37
20260514193540,2917.85499416292,9.7876897,0.48266308,2.0026182,2.7281754,-0.000423277,-0.000714572,0.002384594,1.2114727,0.34370691,0.000630613,0.076653004,4.1304236,0.69937697,288.337,287.853,289.311,-49.38,NaN,NaN,NaN,-0.0506869061408253,443.667200891957,45.8856827595831,13.9875394,288.337,287.853,289.311,0.268397647211577+0i,0.000630613,20.859659179558,525.570793872214,27.4843575830532,20.9341546341206,-9.9e+37,637.117,622.618,-9.9e+37
20260514193542.1,2919.97599452734,9.7888264,0.53418986,2.0030008,2.7284377,-0.000422405,-0.000714245,0.002386228,1.211429,0.43226899,0.000638018,-0.04078343,4.1306203,0.64294294,288.345,287.851,289.29,-49.37,NaN,NaN,NaN,-0.0264812939866772,443.839579482289,51.0354760730928,12.8588588,288.345,287.851,289.29,0.274572296891764+0i,0.000638018,20.8618430252047,524.472181729254,26.4316950399507,20.9345088572439,-9.9e+37,306.901,388.878,-9.9e+37
20260514193544.2,2922.09699489176,9.7885313,0.60139983,2.0026838,2.7274868,-0.00042295,-0.00071283,0.002362271,1.2115383,0.43573801,0.000639107,-0.015609739,4.1302487,0.65634761,288.332,287.878,289.263,-49.34,NaN,NaN,NaN,-0.0465366495874946,443.214666018519,57.7527103754727,13.1269522,288.332,287.878,289.263,0.317290514367274+0i,0.000639107,20.8577173666266,525.159127135271,27.0469003766425,20.9336527507887,-9.9e+37,408.457,238.967,-9.9e+37
20260514193546.4,2924.28100034595,9.7888373,0.54106352,2.0029571,2.7278475,-0.000422841,-0.000714899,0.002404958,1.21144,0.26653839,0.000630831,-0.00760368,4.1302269,0.77669062,288.346,287.879,289.2,-49.34,NaN,NaN,NaN,-0.029246022818711,443.451711224515,51.7224572566121,15.5338124,288.346,287.879,289.2,0.306006971942247+0i,0.000630831,20.8574753339113,533.123439538397,27.5390397338547,20.9332689418312,944.94,946.563,679.176,-9.9e+37
20260514193548.5,2926.40200071037,9.7878646,0.55614871,2.0026401,2.7277163,-0.000422732,-0.000715334,0.002364775,1.2114181,0.2498622,0.000635514,0.16808979,4.1307733,0.72215313,288.344,287.893,289.173,-49.39,NaN,NaN,NaN,-0.0493013784195284,443.365489070296,53.2301317240448,14.4430626,288.344,287.893,289.173,0.301296275059293+0i,0.000635514,20.863541695179,532.437745399057,28.400252468799,20.9335642622484,-9.9e+37,702.725,730.893,-9.9e+37
20260514193550.8,2928.68700139225,9.7881488,0.63686478,2.0028696,2.7268748,-0.000423603,-0.00071283,0.002376754,1.2113962,0.43212713,0.000631594,-0.001613832,4.1307405,0.76375624,288.344,287.915,289.198,-49.55,NaN,NaN,NaN,-0.0347818070933954,442.81247121378,61.2972198979764,15.2751248,288.344,287.915,289.198,0.342598552344513+0i,0.000631594,20.8631775358642,532.849412135996,27.5800202067785,20.9329738903762,-9.9e+37,221.408,811.757,-9.9e+37
20260514193553,2930.82799762487,9.7879848,0.47508122,2.0027166,2.7272792,-0.000422079,-0.00071773,0.002377952,1.211429,0.15619209,0.000632791,-0.11130491,4.1311668,0.61446185,288.33,287.915,289.189,-49.55,NaN,NaN,NaN,-0.0444615213108221,443.078235231813,45.1279212240871,12.289237,288.33,287.915,289.189,0.282494037633091+0i,0.000632791,20.8679104967142,525.021487800736,27.5527414117323,20.9335642622484,-9.9e+37,-9.9e+37,587.179,415.719
20260514193555.1,2932.97599442303,9.7887936,0.64027925,2.0030554,2.7269731,-0.000422841,-0.000712938,0.002409858,1.2114946,0.12445365,0.000617328,0.051569241,4.1310029,0.66821801,288.358,287.923,289.173,-49.52,NaN,NaN,NaN,-0.0230269645992962,442.877072111338,61.6384757415431,13.3643602,288.358,287.923,289.173,0.328205990387862+0i,0.000617328,20.8660908103822,525.021487800736,27.5800202067785,20.9336231649545,1162.565,-9.9e+37,539.646,638.731
20260514193557.2,2935.08999422193,9.7881269,0.47651509,2.0029461,2.7272682,-0.000423712,-0.000713374,0.002376972,1.2114618,0.44779828,0.000631158,-0.039603222,4.1313963,0.62467684,288.322,287.944,289.097,-49.51,NaN,NaN,NaN,-0.0299419499846891,443.071006240225,45.2712279499963,12.4935368,288.322,287.944,289.097,0.289195533293067+0i,0.000631158,20.8704585016756,525.296766469814,27.5527414117323,20.9333281134995,-9.9e+37,-9.9e+37,-9.9e+37,93.141
20260514193559.4,2937.3049993068,9.7877225,0.47997974,2.0026401,2.7268638,-0.000425781,-0.000716096,0.002381218,1.2115055,0.33185835,0.000613081,-0.00724794,4.1315493,0.79910665,288.357,287.96,289.004,-49.56,NaN,NaN,NaN,-0.0493013784195284,442.805242222191,45.617498984275,15.982133,288.357,287.96,289.004,0.29455139901899+0i,0.000613081,20.8721571716499,526.120099943692,27.5527414117323,20.9331508674568,1478.046,552.16,574.375,-9.9e+37
20260514193601.7,2939.57800045609,9.7877225,0.56931439,2.0026401,2.7268857,-0.000422296,-0.000715334,0.002379476,1.2115274,0.4458046,0.000635078,-0.001460508,4.1315165,0.79887421,288.324,287.969,288.996,-49.62,NaN,NaN,NaN,-0.0493013784195284,442.819634487263,54.545962653744,15.9774842,288.324,287.969,288.996,0.300411230316929+0i,0.000635078,20.8717930123352,524.198154326854,28.3592719958751,20.9338888995375,-9.9e+37,350.693,627.983,-9.9e+37
20260514193603.8,2941.70299395919,9.7878646,0.46745679,2.0026401,2.7271043,-0.000422623,-0.000712721,0.002375447,1.21144,0.41150723,0.000636494,-0.003832905,4.1314291,0.63459939,288.346,287.979,289.064,-49.56,NaN,NaN,NaN,-0.0493013784195284,442.963294265557,44.3659050718392,12.6919878,288.346,287.979,289.064,0.292550259979456+0i,0.000636494,20.8708226609904,533.948024278961,28.3729736737523,20.9328854018359,-9.9e+37,-9.9e+37,155.45,-9.9e+37
20260514193605.9,2943.81199479103,9.7880395,0.50403155,2.002968,2.7268966,-0.000420336,-0.000715007,0.002415303,1.2115165,0.20561392,0.000633009,-0.10793843,4.130981,0.65416515,288.341,287.961,289.116,-49.66,NaN,NaN,NaN,-0.0285564222633639,442.826797760746,48.0213334624978,13.083303,288.341,287.961,289.116,0.307078187744814+0i,0.000633009,20.8658476674251,525.159127135271,28.3318686401203,20.9329738903762,9.9e+37,-9.9e+37,235.657,427.631
20260514193608.1,2946.00799977779,9.788105,0.3471312,2.0028368,2.727465,-0.000423385,-0.000714899,0.002375229,1.2115274,0.22871091,0.000632682,0.00607924,4.130981,0.57900998,288.347,287.936,289.162,-49.72,NaN,NaN,NaN,-0.0368569353700678,443.200339471553,32.3400824059148,11.5801996,288.347,287.936,289.162,0.218481111129576+0i,0.000632682,20.8658476674251,525.708433206753,28.3592719958751,20.9344203687036,9.9e+37,235.96,-9.9e+37,508.631
20260514193610.3,2948.151993379,9.7886843,0.67608796,2.002804,2.727465,-0.000422841,-0.000714136,0.00242739,1.2114618,0.36871683,0.000630722,0.12691004,4.1309154,0.68104214,288.333,287.939,289.203,-49.74,NaN,NaN,NaN,-0.0389320636467545,443.200339471553,65.217342018912,13.6208428,288.333,287.939,289.203,0.355524029995107+0i,0.000630722,20.8651193487956,525.296766469814,29.452915011902,20.9330034762103,9.9e+37,751.355,-9.9e+37,-9.9e+37
20260514193612.4,2950.28899647295,9.7888264,0.5241069,2.0028587,2.7279896,-0.000423277,-0.000718492,0.00243632,1.2114618,0.31365116,0.00063682,-0.17791083,4.1314838,0.616533,288.336,287.931,289.238,-49.73,NaN,NaN,NaN,-0.0354714076487426,443.545096652217,50.0277445597247,12.33066,288.336,287.931,289.238,0.289224696331482+0i,0.00063682,20.8714299632622,533.810384944418,30.5191546721735,20.9335642622484,178.751,75.859,195.805,262.442
20260514193614.5,2952.41400003433,9.7886515,0.76386427,2.002804,2.7280661,-0.00042393,-0.000714136,0.002376645,1.2113635,0.2180943,0.000632574,-0.1422167,4.1309263,0.6701975,288.368,287.909,289.244,-49.72,NaN,NaN,NaN,-0.0389320636467545,443.595371002809,73.9900589308275,13.40395,288.368,287.909,289.244,0.370573775391714+0i,0.000632574,20.8652403651533,534.497330350434,30.6422206516536,20.9330034762103,9.9e+37,227.188,129.59,521.781
20260514193616.7,2954.55099307001,9.7887608,0.56866729,2.0030117,2.7281645,-0.000422296,-0.000714463,0.002385792,1.2114837,0.40119293,0.000635078,0.14551224,4.1309701,0.69278813,288.344,287.904,289.241,-49.75,NaN,NaN,NaN,-0.02579169343133,443.660037618474,54.4812888811315,13.8557626,288.344,287.904,289.241,0.301283554112958+0i,0.000635078,20.8657266510675,533.536357542013,29.466492129071,20.9336231649545,9.9e+37,566.155,-9.9e+37,203.618
20260514193618.8,2956.67199343443,9.7879629,0.43901388,2.0027603,2.7287,-0.000423277,-0.00071283,0.00238797,1.2115274,0.25573631,0.000634316,0.16269256,4.1309482,0.7128242,288.352,287.912,289.254,-49.82,NaN,NaN,NaN,-0.0416967924787883,444.01195807262,41.5232064259165,14.256484,288.352,287.912,289.254,0.265282941929879+0i,0.000634316,20.8654835081104,532.574133466919,28.3729736737523,20.9335938480825,992.022,882.676,424.104,189.32
20260514193621.1,2958.91799814999,9.7888155,0.56111598,2.0028587,2.7298367,-0.000422296,-0.000714463,0.002415738,1.2114727,0.43084385,0.000638236,-0.001575719,4.1309482,0.76993262,288.341,287.885,289.255,-49.78,NaN,NaN,NaN,-0.0354714076487426,444.758975776129,53.7265806353176,15.3986524,288.341,287.885,289.255,0.281319205329492+0i,0.000638236,20.8654835081104,533.123439538397,28.3182915229509,20.934272708495,-9.9e+37,456.857,688.857,-9.9e+37
20260514193623.2,2961.03100217879,9.7884766,0.54687325,2.0026292,2.7294869,-0.000422732,-0.000714572,0.002398533,1.2115055,0.11265092,0.000631267,0.058492713,4.1312324,0.67010365,288.347,287.863,289.227,-49.81,NaN,NaN,NaN,-0.0499909789748756,444.529093843616,52.3031050034205,13.402073,288.347,287.863,289.227,0.264628624904299+0i,0.000631267,20.8686388153437,525.296766469814,27.990198618143,20.9348926662013,-9.9e+37,-9.9e+37,684.903,463.908
20260514193625.3,2963.15199248493,9.7888264,0.52369223,2.0030445,2.7301973,-0.000421861,-0.000714681,0.002353777,1.2114618,0.16693635,0.000636712,0.067108854,4.1311996,0.69776959,288.358,287.863,289.219,-49.78,NaN,NaN,NaN,-0.0237165651546434,444.99595526402,49.9863007747004,13.9553918,288.358,287.863,289.219,0.307889094732757+0i,0.000636712,20.8682746560289,524.334542394711,28.3455703179975,20.9331804532909,-9.9e+37,270.77,614.718,445.139
20260514193627.4,2965.30499830842,9.7887936,0.43363194,2.0030554,2.7301099,-0.00042197,-0.000716423,0.002415629,1.2114946,0.16570217,0.000631811,-0.11116324,4.1310903,0.60903408,288.358,287.855,289.23,-49.79,NaN,NaN,NaN,-0.0230269645992962,444.938517639944,40.9853137296194,12.1806816,288.358,287.855,289.23,0.264722493118145+0i,0.000631811,20.867061161727,525.021487800736,27.4843575830532,20.933741239329,-9.9e+37,-9.9e+37,412.944,583.316
20260514193629.6,2967.440995574,9.7878864,0.66804996,2.0027166,2.7299569,-0.000422623,-0.000711305,0.002426301,1.2116367,0.22819257,0.000635187,-0.10869972,4.1309591,0.61870673,288.343,287.851,289.238,-49.94,NaN,NaN,NaN,-0.0444615213108221,444.83796893876,64.4139920200572,12.3741346,288.343,287.851,289.238,0.316667913117557+0i,0.000635187,20.865604524468,526.120099943692,27.5390397338547,20.9341842199547,1166.091,-9.9e+37,172.541,644.037
20260514193631.7,2969.56199593842,9.7879848,0.47088871,2.0026947,2.731028,-0.000421534,-0.000717185,0.002388188,1.2114618,0.1633713,0.0006329,-0.035119234,4.1315493,0.64448921,288.345,287.856,289.246,-50.03,NaN,NaN,NaN,-0.045847049032119,445.541875565159,44.7089049384814,12.8897842,288.345,287.856,289.246,0.261967289316332+0i,0.0006329,20.8721571716499,525.159127135271,27.5253380559775,20.934272708495,9.9e+37,-9.9e+37,156.52,719.814
20260514193633.8,2971.71500176191,9.7888264,0.53001919,2.0029352,2.7309515,-0.00042099,-0.00071076,0.002372616,1.2114727,0.214586,0.000634098,-0.098082681,4.1313089,0.63177093,288.354,287.862,289.276,-50.04,NaN,NaN,NaN,-0.0306315505400363,445.491601214567,50.6186425647917,12.6354186,288.354,287.862,289.276,0.282326028847844+0i,0.000634098,20.8694881503308,523.511208920833,28.3455703179975,20.9341546341206,9.9e+37,-9.9e+37,-9.9e+37,667.713
20260514193636,2973.83600212634,9.7884438,0.62360962,2.0026401,2.7299788,-0.000423385,-0.000713483,0.002396791,1.211582,0.13872043,0.000635514,0.04548568,4.1310029,0.69144593,288.348,287.867,289.312,-50.07,NaN,NaN,NaN,-0.0493013784195284,444.852361203831,59.972445977745,13.8289186,288.348,287.867,289.312,0.278382475791505+0i,0.000635514,20.8660908103822,532.300106064514,28.3318686401203,20.9348926662013,9.9e+37,-9.9e+37,167.9,803.059
20260514193638.1,2975.95699243248,9.7888045,0.6547435,2.0028368,2.7304815,-0.000423277,-0.000714245,0.002403542,1.21144,0.14380228,0.000636494,-0.000395617,4.1315165,0.67975667,288.349,287.885,289.361,-50.11,NaN,NaN,NaN,-0.0368569353700678,445.182726119423,63.0840909718162,13.5951334,288.349,287.885,289.361,0.336242152588217+0i,0.000636494,20.8717930123352,534.3596910159,28.3865507909218,20.9332689418312,9.9e+37,297.902,355.92,680.991
20260514193640.2,2978.08599919081,9.7882471,0.50541851,2.0030554,2.7301973,-0.000422079,-0.000715879,0.002452872,1.2115711,0.14281799,0.000637474,-0.031557047,4.1311668,0.64228383,288.344,287.877,289.371,-50.16,NaN,NaN,NaN,-0.0230269645992962,444.99595526402,48.1599518146267,12.8456766,288.344,287.877,289.371,0.290919410064387+0i,0.000637474,20.8679104967142,533.672745609879,28.3729736737523,20.9333870162057,-9.9e+37,-9.9e+37,298.303,738.491
20260514193642.4,2980.26899881661,9.7884111,0.58913877,2.0026292,2.7298257,-0.00042099,-0.000714681,0.002417481,1.2115165,0.15167331,0.000634751,-0.005325102,4.1310684,0.67173614,288.344,287.869,289.401,-50.18,NaN,NaN,NaN,-0.0499909789748756,444.751746784541,56.52729080133,13.4347228,288.344,287.869,289.401,0.331095949286776+0i,0.000634751,20.8668180187699,525.982460609158,28.1268417147921,20.9330327930824,1369.87,180.763,385.384,663.489
20260514193644.5,2982.40199871361,9.7886515,0.53225293,2.0026838,2.7297164,-0.000423712,-0.000710543,0.002405502,1.2114837,0.12951917,0.000636929,0.05387554,4.1315165,0.64777926,288.341,287.885,289.388,-50.16,NaN,NaN,NaN,-0.0465366495874946,444.679916895394,50.8418915106043,12.9555852,288.341,287.885,289.388,0.274427130765179+0i,0.000636929,20.8717930123352,524.883848466193,28.3455703179975,20.9344203687036,-9.9e+37,-9.9e+37,450.961,698.828
20260514193646.7,2984.53099541366,9.7887608,0.48206945,2.0029789,2.7293995,-0.000422188,-0.000712721,0.002416827,1.2115055,0.16173883,0.000628653,0.0207923,4.1309701,0.6882519,288.341,287.866,289.399,-50.21,NaN,NaN,NaN,-0.0278668217080025,444.471656219541,45.8263529934945,13.765038,288.341,287.866,289.399,0.258651528102182+0i,0.000628653,20.8657266510675,523.922875657772,28.3455703179975,20.9345088572439,556.188,91.352,474.507,612.614
20260514193648.9,2986.76899373531,9.7879192,0.69264082,2.002651,2.7295306,-0.00042197,-0.000711305,0.002410947,1.2116148,0.22853304,0.000634098,0.00544196,4.1315165,0.53556919,288.344,287.841,289.377,-50.29,NaN,NaN,NaN,-0.0486117778641528,444.557812655654,66.8717013199873,10.7113838,288.344,287.841,289.377,0.351728130634345+0i,0.000634098,20.8717930123352,525.159127135271,28.3865507909218,20.9332985276654,-9.9e+37,-9.9e+37,-9.9e+37,551.432
20260514193651.2,2989.02699798346,9.7879848,0.5169528,2.002662,2.7297492,-0.000421534,-0.000712067,0.002407898,1.2115055,0.14844328,0.000634316,-0.000569523,4.1310029,0.55397061,288.358,287.836,289.38,-50.39,NaN,NaN,NaN,-0.0479158506982031,444.701472433949,49.3127350764195,11.0794122,288.358,287.836,289.38,0.250891913155571+0i,0.000634316,20.8660908103822,526.531766680631,27.5116363780999,20.935099229116,9.9e+37,-9.9e+37,-9.9e+37,720.998
20260514193653.3,2991.16400107741,9.7879192,0.58238733,2.002662,2.7296181,-0.000422841,-0.000716096,0.002396682,1.2115274,0.1829447,0.000632791,-0.11290545,4.1314291,0.62078552,288.339,287.814,289.32,-50.34,NaN,NaN,NaN,-0.0479158506982031,444.615315997835,55.8525247754196,12.4157104,288.339,287.814,289.32,0.334750546944461+0i,0.000632791,20.8708226609904,525.159127135271,27.5663185289013,20.9328854018359,9.9e+37,103.817,-9.9e+37,733.237
20260514193655.4,2993.28099824488,9.7881269,0.6290232,2.0029898,2.7296727,-0.000420119,-0.00071381,0.002371636,1.2115165,0.19829939,0.000634098,-0.098254082,4.131134,0.62557165,288.341,287.801,289.285,-50.34,NaN,NaN,NaN,-0.0271772211526553,444.651198083356,60.5135009027015,12.511433,288.341,287.801,289.285,0.333409377414713+0i,0.000634098,20.8675463373994,525.433154537676,27.5527414117323,20.9333576993336,9.9e+37,-9.9e+37,-9.9e+37,730.701
20260514193657.5,2995.40600180626,9.787799,0.54395637,2.0026838,2.7293448,-0.000422079,-0.000713701,0.002431746,1.2115602,0.16571199,0.000633663,-0.028963702,4.1304782,0.6195306,288.347,287.806,289.265,-50.3,NaN,NaN,NaN,-0.0465366495874946,444.435708415915,52.0115803026667,12.390612,288.347,287.806,289.265,0.281099964875386+0i,0.000633663,20.860265371588,533.261078872935,27.5116363780999,20.9341546341206,9.9e+37,-9.9e+37,-9.9e+37,805.284
20260514193659.7,2997.52299897373,9.7870339,0.53221146,2.0026182,2.7294869,-0.000422296,-0.000712067,0.002378714,1.2115055,0.33972174,0.000634425,-0.094164964,4.130522,0.60541555,288.326,287.786,289.225,-50.27,NaN,NaN,NaN,-0.0506869061408253,444.529093843616,50.8377468322699,12.108311,288.326,287.786,289.225,0.287911987063679+0i,0.000634425,20.8607516575023,533.672745609879,28.3592719958751,20.9337708251631,1621.011,-9.9e+37,-9.9e+37,602.446
20260514193701.8,2999.64799247682,9.7870339,0.47055152,2.0026292,2.7294651,-0.000423168,-0.000714572,0.002401364,1.2115274,0.40017481,0.000636929,0.11295253,4.1309263,0.72650931,288.33,287.811,289.244,-50.25,NaN,NaN,NaN,-0.0499909789748756,444.51476729665,44.6752048157999,14.5301862,288.33,287.811,289.244,0.247952308468565+0i,0.000636929,20.8652403651533,525.708433206753,28.3865507909218,20.9347450059927,9.9e+37,728.742,-9.9e+37,220.137
20260514193703.9,3001.78499557078,9.7872197,0.56480761,2.002662,2.7290388,-0.00042197,-0.000713701,0.00238209,1.2115055,0.17898354,0.000638018,0.10336506,4.1308171,0.72533188,288.344,287.801,289.241,-50.22,NaN,NaN,NaN,-0.0479158506982031,444.234611013545,54.0955369622985,14.5066376,288.344,287.801,289.241,0.321742861523557+0i,0.000638018,20.8640279810932,526.257739278235,28.3455703179975,20.9330919647506,802.957,673.581,578.439,328.555
20260514193706.1,3003.98399792612,9.787176,0.57419328,2.0026401,2.7289732,-0.000424583,-0.000714572,0.002396246,1.2114946,0.29094157,0.000637909,-0.00751857,4.1314619,0.74538651,288.328,287.806,289.222,-50.21,NaN,NaN,NaN,-0.0493013784195284,444.191499936436,55.0335785129021,14.9077302,288.328,287.806,289.222,0.300503539070695+0i,0.000637909,20.8711868203051,524.883848466193,28.400252468799,20.9339184853717,-9.9e+37,368.393,660.399,84.752
20260514193708.4,3006.22999258339,9.7880067,0.64008064,2.0028915,2.7281317,-0.000421099,-0.000713592,0.002415738,1.2115383,0.14718836,0.000636058,-0.000566583,4.1314072,0.52305932,288.358,287.825,289.23,-50.3,NaN,NaN,NaN,-0.0333962793720701,443.638482079919,61.6186258605687,10.4611864,288.358,287.825,289.23,0.340023107069678+0i,0.000636058,20.8705795180333,525.433154537676,29.4801938069481,20.9331804532909,-9.9e+37,-9.9e+37,124.126,532.202
20260514193710.5,3008.35499614477,9.7881269,0.45634696,2.0028696,2.7285688,-0.000420119,-0.000714572,0.002421183,1.2114727,0.4523487,0.000632574,-0.066092992,4.1315165,0.64585215,288.325,287.83,289.227,-50.39,NaN,NaN,NaN,-0.0347818070933954,443.925735918402,43.2555440469852,12.917043,288.325,287.83,289.227,0.269335909063111+0i,0.000632574,20.8717930123352,525.021487800736,29.466492129071,20.9337708251631,1077.752,311.397,-9.9e+37,-9.9e+37
20260514193712.6,3010.48399284482,9.7871432,0.61658865,2.0026292,2.7283503,-0.000420772,-0.000713156,0.002369349,1.2115165,0.15624774,0.000631594,-0.088329714,4.1314182,0.647513,288.341,287.83,289.208,-50.38,NaN,NaN,NaN,-0.0499909789748756,443.782141858213,59.2707420412608,12.95026,288.341,287.83,289.208,0.302637524984799+0i,0.000631594,20.8707016446327,524.609821063793,29.4938954848258,20.9341842199547,1463.817,295.08,352.153,512.894
20260514193714.7,3012.61299960315,9.787799,0.66841661,2.0026182,2.7282847,-0.000421643,-0.000716205,0.002467464,1.2115274,0.45332535,0.000632682,0.049902593,4.1306968,0.69160525,288.325,287.877,289.222,-50.36,NaN,NaN,NaN,-0.0506869061408253,443.739030781104,64.4506364934437,13.832105,288.325,287.877,289.222,0.326668502531951+0i,0.000632682,20.8626923601918,525.570793872214,28.3865507909218,20.9338593137034,1102.843,402.154,-9.9e+37,-9.9e+37
20260514193716.9,3014.74999263883,9.7874274,0.73755692,2.0029352,2.7285251,-0.000422732,-0.000712612,0.002419223,1.211582,0.44102175,0.000630722,0.025289362,4.1307187,0.68145571,288.311,287.863,289.195,-50.44,NaN,NaN,NaN,-0.0306315505400363,443.897017106364,71.360796727248,13.6291142,288.311,287.863,289.195,0.349000105319343+0i,0.000630722,20.862935503149,525.296766469814,27.5253380559775,20.933741239329,751.81,609.05,-9.9e+37,-9.9e+37
20260514193719,3016.87899939716,9.7874274,0.51839432,2.0029352,2.7285033,-0.000423494,-0.000711087,0.002407027,1.2115602,0.15993284,0.000633445,0.04737502,4.1306094,0.70310463,288.347,287.86,289.206,-50.52,NaN,NaN,NaN,-0.0306315505400363,443.882690559398,49.4568063740494,14.0620926,288.347,287.86,289.206,0.283025689726289+0i,0.000633445,20.861722008847,533.536357542013,27.5937218846561,20.9338299968314,1060.956,867.981,598.72,324.401
20260514193721.1,3019.00399290025,9.7873837,0.55866399,2.0030445,2.728853,-0.000424366,-0.000716859,0.00243033,1.211582,0.12914378,0.000636929,-0.090797493,4.1303034,0.60666392,288.363,287.871,289.159,-50.54,NaN,NaN,NaN,-0.0237165651546434,444.112506773805,53.4815189080606,12.1332784,288.363,287.871,289.159,0.286589810256201+0i,0.000636929,20.8583246688985,533.536357542013,27.5253380559775,20.9340954624523,-9.9e+37,-9.9e+37,540.047,532.55
20260514193723.4,3021.21899798512,9.7880832,0.60574838,2.0027603,2.7292355,-0.00042491,-0.000712721,0.002404631,1.211429,0.26024199,0.000634098,0.00576605,4.1310794,0.55230321,288.347,287.871,289.17,-50.54,NaN,NaN,NaN,-0.0416967924787883,444.363878526768,58.187321925301,11.0460642,288.347,287.871,289.17,0.31804195815168+0i,0.000634098,20.8669401453694,533.536357542013,27.5800202067785,20.9334757737081,455.936,-9.9e+37,-9.9e+37,540.94
20260514193725.5,3023.31999242306,9.7887827,0.49123687,2.0027603,2.7298039,-0.000426326,-0.000716641,0.002410947,1.211582,0.13054929,0.00063584,-0.10264652,4.1315712,0.66700783,288.341,287.877,289.102,-50.52,NaN,NaN,NaN,-0.0416967924787883,444.737420237574,46.7425817626537,13.3401566,288.341,287.877,289.102,0.31097379311586+0i,0.00063584,20.872400314607,525.296766469814,27.5937218846561,20.9327081557932,9.9e+37,391.062,389.002,640.526
20260514193727.6,3025.43699964881,9.7886297,0.49502017,2.0030663,2.7295306,-0.000425019,-0.000712612,0.002352361,1.2116476,0.23293287,0.000635732,-0.15286601,4.1310466,0.62221394,288.352,287.863,289.094,-50.47,NaN,NaN,NaN,-0.0223373640439348,444.557812655654,47.1206999575613,12.4442788,288.352,287.863,289.094,0.290596854223583+0i,0.000635732,20.8665759860546,524.609821063793,27.5253380559775,20.9335050905801,673.541,-9.9e+37,90.564,583.157
20260514193729.7,3027.58199907839,9.7882253,0.72848225,2.0028915,2.729793,-0.000422405,-0.000713918,0.002398206,1.2116695,0.3450895,0.000632356,0.16323599,4.1313417,0.70427224,288.32,287.863,289.119,-50.47,NaN,NaN,NaN,-0.0333962793720701,444.730256964091,70.4538377655526,14.0854448,288.32,287.863,289.119,0.368011524207224+0i,0.000632356,20.8698523096456,526.395378612774,27.5390397338547,20.9330919647506,9.9e+37,603.051,94.717,306.643
20260514193731.8,3029.68299351633,9.7880285,0.52562044,2.0027494,2.7304815,-0.000423603,-0.000710325,0.002383614,1.2115383,0.24803112,0.000634969,-0.16421262,4.1315712,0.62915307,288.352,287.869,289.116,-50.53,NaN,NaN,NaN,-0.0423863930341355,445.182726119423,50.1790138253712,12.5830614,288.352,287.869,289.116,0.298426333733223+0i,0.000634969,20.872400314607,525.708433206753,28.3182915229509,20.9335050905801,-9.9e+37,-9.9e+37,230.432,385.749
20260514193734,3031.90999813378,9.7880722,0.5140545,2.0027931,2.7304815,-0.000423277,-0.000715225,0.002417807,1.2115383,0.44702896,0.000635732,0.001427292,4.1309701,0.68955374,288.328,287.877,289.151,-50.5,NaN,NaN,NaN,-0.0396216642021017,445.182726119423,49.0230673354788,13.7910748,288.328,287.877,289.151,0.283838358993126+0i,0.000635732,20.8657266510675,524.609821063793,28.3455703179975,20.9339184853717,1507.957,-9.9e+37,159.756,398.095
20260514193736.2,3034.03899483383,9.7879192,0.7336274,2.0027603,2.729935,-0.00042197,-0.000715007,0.002390366,1.211582,0.35861532,0.000634425,-0.11352234,4.1309263,0.60927524,288.328,287.871,289.121,-50.64,NaN,NaN,NaN,-0.0416967924787883,444.823576673688,70.9680647183527,12.1855048,288.328,287.871,289.121,0.328045692878989+0i,0.000634425,20.8652403651533,533.672745609879,28.3592719958751,20.9341250482864,9.9e+37,-9.9e+37,-9.9e+37,313.391
20260514193738.3,3036.19099482894,9.7877662,0.66505344,2.0026729,2.730558,-0.000422079,-0.000714681,0.002408007,1.2114837,0.45019134,0.000634316,0.030478999,4.1310247,0.70161726,288.338,287.895,289.138,-50.6,NaN,NaN,NaN,-0.047226250142856,445.233000470016,64.1145077778865,14.0323452,288.338,287.895,289.138,0.301275334797743+0i,0.000634316,20.8663328430975,533.536357542013,27.5253380559775,20.9344792714097,9.9e+37,617.966,-9.9e+37,-9.9e+37
20260514193740.4,3038.30800205469,9.7881378,0.72718806,2.002662,2.7306236,-0.000424583,-0.000715443,0.00244514,1.2115165,0.15962293,0.000633663,0.048442631,4.1310684,0.72016163,288.34,287.881,289.118,-50.67,NaN,NaN,NaN,-0.0479158506982031,445.276111547125,70.3244912197678,14.4032326,288.34,287.881,289.118,0.338181565740702+0i,0.000633663,20.8668180187699,525.846072541292,26.527357663676,20.934006973912,9.9e+37,921.673,596.007,316.236
20260514193742.6,3040.43299555779,9.7881488,0.52723546,2.0029133,2.7310061,-0.000423168,-0.000717621,0.00236336,1.2116148,0.24647285,0.000634316,0.11621395,4.1314182,0.70056205,288.337,287.9,289.159,-50.74,NaN,NaN,NaN,-0.0320170782613616,445.527483300088,50.3404254097392,14.011241,288.337,287.9,289.159,0.28378143390364+0i,0.000634316,20.8707016446327,524.334542394711,26.3907145670269,20.9341250482864,-9.9e+37,607.367,605.95,154.718
20260514193744.7,3042.61299781501,9.7880722,0.67975449,2.0030117,2.7306564,-0.000422841,-0.000713592,0.002404304,1.2115711,0.15898893,0.000628544,0.021062688,4.130981,0.70900599,288.356,287.891,289.17,-50.79,NaN,NaN,NaN,-0.02579169343133,445.29766708568,65.5837897510968,14.1801198,288.356,287.891,289.17,0.350206688115584+0i,0.000628544,20.8658476674251,524.472181729254,25.2833698731229,20.9333576993336,-9.9e+37,383.484,748.747,314.249
20260514193746.9,3044.75000090897,9.7886734,0.45766517,2.002815,2.7305799,-0.000422732,-0.000713156,0.002400275,1.2115711,0.17386784,0.0006329,-0.1138891,4.1309373,0.59165951,288.359,287.905,289.154,-50.84,NaN,NaN,NaN,-0.0382361364807764,445.247392735087,43.387291248029,11.8331902,288.359,287.905,289.154,0.245947095118154+0i,0.0006329,20.8653624917527,523.785236323233,25.297071551,20.934833494533,-9.9e+37,-9.9e+37,467.677,546.522
20260514193749,3046.86299487948,9.788575,0.49836151,2.0026947,2.7305799,-0.000424366,-0.000712612,0.00239984,1.2114946,0.4193739,0.000611992,-0.008042915,4.1309591,0.59978154,288.319,287.893,289.203,-50.9,NaN,NaN,NaN,-0.045847049032119,445.247392735087,47.4546468952539,11.9956308,288.319,287.893,289.203,0.279294839682079+0i,0.000611992,20.865604524468,525.433154537676,25.297071551,20.934006973912,517.301,-9.9e+37,-9.9e+37,297.357
20260514193751.1,3048.97999204695,9.7888482,0.48288679,2.0029571,2.7309624,-0.000424257,-0.000717185,0.002388079,1.2116148,0.20877084,0.00063987,-0.1089284,4.1313635,0.64850384,288.349,287.898,289.2,-50.87,NaN,NaN,NaN,-0.029246022818711,445.49876448805,45.9080412353537,12.9700768,288.349,287.898,289.2,0.242816119527681+0i,0.00063987,20.8700943423609,525.846072541292,24.5042426447344,20.9351877176563,9.9e+37,-9.9e+37,-9.9e+37,614.301
20260514193753.3,3051.19099393487,9.7886406,0.52822302,2.002662,2.7309078,-0.000422623,-0.000712938,0.002388623,1.2114837,0.19553422,0.000636167,0.00577042,4.1313526,0.57265792,288.364,287.891,289.23,-50.89,NaN,NaN,NaN,-0.0479158506982031,445.462882402529,50.4391261219648,11.4531584,288.364,287.891,289.23,0.293130799664778+0i,0.000636167,20.8699733260032,532.300106064514,25.3244749067544,20.9336823366228,9.9e+37,366.843,-9.9e+37,557.43
20260514193755.6,3053.45699451864,9.7886406,0.67576823,2.0027931,2.7305689,-0.000423277,-0.000712612,0.002437844,1.2115274,0.44358941,0.000636603,-0.00153129,4.1315603,0.79182267,288.329,287.867,289.227,-50.85,NaN,NaN,NaN,-0.0396216642021017,445.240163743499,65.1853869187461,15.8364534,288.329,287.867,289.227,0.3431398011906+0i,0.000636603,20.8722792982494,533.123439538397,25.3107732288772,20.9333576993336,1369.122,757.755,451.642,-9.9e+37
20260514193757.7,3055.58999441564,9.7884329,0.54013161,2.0026182,2.730711,-0.000424366,-0.000711414,0.002401691,1.2116039,0.44115924,0.000640087,-0.026896321,4.1312214,0.63066551,288.324,287.859,289.227,-50.89,NaN,NaN,NaN,-0.0506869061408253,445.333549171201,51.6293184288648,12.6133102,288.324,287.859,289.227,0.291848983554904+0i,0.000640087,20.8685166887442,532.574133466919,26.4179933620735,20.9338004109972,-9.9e+37,-9.9e+37,-9.9e+37,-9.9e+37
20260514193759.9,3057.74599760771,9.7893073,0.60911483,2.002651,2.730864,-0.000424474,-0.000712285,0.002403542,1.2116258,0.3417307,0.00063388,0.11412675,4.13144,0.73959861,288.325,287.848,289.214,-50.98,NaN,NaN,NaN,-0.0486117778641528,445.434097872386,58.5237784572299,14.7919722,288.325,287.848,289.214,0.305679158968434+0i,0.00063388,20.870943677348,534.222051681357,27.5116363780999,20.9338888995375,9.9e+37,887.086,400.928,-9.9e+37
20260514193802,3059.89000126719,9.7887389,0.46689044,2.0028805,2.7305908,-0.000420881,-0.000715334,0.002413452,1.211582,0.42627377,0.000625495,-0.022734882,4.1303143,0.63675566,288.31,287.848,289.225,-51.02,NaN,NaN,NaN,-0.0340922065380482,445.25455600857,44.3093017785012,12.7351132,288.31,287.848,289.225,0.301583483968842+0i,0.000625495,20.8584456852561,524.747460398332,27.5253380559775,20.9327673274615,-9.9e+37,246.751,161.164,-9.9e+37
20260514193804.2,3062.03899383545,9.7887608,0.50847504,2.0029461,2.7302192,-0.000422188,-0.000715879,0.00241062,1.211582,0.14754519,0.000632682,-0.001791441,4.1302596,0.71972078,288.348,287.837,289.233,-51.06,NaN,NaN,NaN,-0.0299419499846891,445.010347529092,48.4654336971845,14.3944156,288.348,287.837,289.233,0.315628483082257+0i,0.000632682,20.8578383829843,525.159127135271,27.8534309607853,20.9327377416273,1577.802,870.357,675.183,296.626
20260514193806.3,3064.17199373245,9.7888264,0.5772411,2.0030663,2.7301427,-0.000424366,-0.000716205,0.002391237,1.2115165,0.38696654,0.000627238,-0.095320669,4.1303799,0.60152423,288.326,287.827,289.217,-51.14,NaN,NaN,NaN,-0.0223373640439348,444.960073178499,55.3381898830824,12.0304846,288.326,287.827,289.217,0.317454371059798+0i,0.000627238,20.8591740038856,524.883848466193,27.5116363780999,20.9334166020398,-9.9e+37,-9.9e+37,-9.9e+37,-9.9e+37
20260514193808.4,3066.30800105631,9.7884766,0.60401332,2.0026729,2.7299788,-0.000421643,-0.000716859,0.002410838,1.2116476,0.42560266,0.000636603,-0.001867341,4.1303034,0.63822991,288.326,287.837,289.214,-51.22,NaN,NaN,NaN,-0.047226250142856,444.852361203831,58.0139130612784,12.7645982,288.326,287.837,289.214,0.319690802526053+0i,0.000636603,20.8583246688985,524.609821063793,27.5390397338547,20.9335938480825,1479.224,287.279,-9.9e+37,-9.9e+37
20260514193810.6,3068.41799765825,9.7888264,0.58834109,2.0028478,2.7304597,-0.000424583,-0.000716859,0.002391346,1.2116804,0.36285365,0.000634969,-0.099512038,4.130828,0.61210152,288.32,287.853,289.241,-51.27,NaN,NaN,NaN,-0.036161008204104,445.168399572457,56.4475674588211,12.2420304,288.32,287.853,289.241,0.313851318531453+0i,0.000634969,20.8641489974508,525.570793872214,27.5390397338547,20.9336231649545,9.9e+37,306.248,-9.9e+37,228.69
20260514193812.7,3070.56200131774,9.7884876,0.50523409,2.0026182,2.7301099,-0.000421425,-0.000714681,0.002391455,1.2115602,0.12398552,0.000632682,0.053738985,4.130522,0.67813729,288.33,287.837,289.263,-51.27,NaN,NaN,NaN,-0.0506869061408253,444.938517639944,48.1415201392362,13.5627458,288.33,287.837,289.263,0.291890194881852+0i,0.000632682,20.8607516575023,524.883848466193,27.5116363780999,20.9335642622484,9.9e+37,621.807,327.652,648.173
20260514193814.8,3072.69899435341,9.7887827,0.5267706,2.0027822,2.7298695,-0.000422623,-0.000714572,0.002373051,1.2115383,0.15287257,0.000636712,-0.06985064,4.1315603,0.61979577,288.339,287.851,289.254,-51.3,NaN,NaN,NaN,-0.0403112647574631,444.780531314684,50.2939654345628,12.3959154,288.339,287.851,289.254,0.291819869553075+0i,0.000636712,20.8722792982494,524.472181729254,27.5390397338547,20.9338004109972,1329.15,-9.9e+37,246.618,667.796
20260514193817,3074.8829998076,9.7884329,0.5839838,2.0026182,2.7294869,-0.000423168,-0.000715443,0.002381327,1.2115711,0.221571,0.000637365,0.00604868,4.1315493,0.52119114,288.341,287.845,289.298,-51.28,NaN,NaN,NaN,-0.0506869061408253,444.529093843616,56.0120823982949,10.4238228,288.341,287.845,289.298,0.261920897695296+0i,0.000637365,20.8721571716499,525.296766469814,27.5253380559775,20.9353057920308,9.9e+37,-9.9e+37,-9.9e+37,619.336
20260514193819.1,3077.00400017202,9.7888482,0.59956438,2.0029352,2.7297492,-0.000421208,-0.000715225,0.002347461,1.2116258,0.32777279,0.000635187,0.15602295,4.131298,0.69995205,288.345,287.829,289.355,-51.34,NaN,NaN,NaN,-0.0306315505400363,444.701472433949,57.5692681317058,13.999041,288.345,287.829,289.355,0.270552397483624+0i,0.000635187,20.8693671339732,525.021487800736,27.990198618143,20.9351288149502,9.9e+37,795.804,132.99,171.207
20260514193821.3,3079.13299687207,9.7887171,0.61745291,2.0026947,2.729782,-0.000423603,-0.000714572,0.002378278,1.2115602,0.33474028,0.000635949,-0.17394528,4.1315821,0.59509579,288.345,287.845,289.396,-51.38,NaN,NaN,NaN,-0.045847049032119,444.723027972503,59.3571196563405,11.9019158,288.345,287.845,289.396,0.305414165882414+0i,0.000635949,20.8725213309647,532.437745399057,27.5253380559775,20.934006973912,-9.9e+37,-9.9e+37,119.396,258.89
20260514193823.4,3081.24999403954,9.7885313,0.60812071,2.002651,2.7295962,-0.000422514,-0.000712721,0.002382199,1.2115274,0.29185493,0.000637147,0.16923776,4.1314619,0.70657364,288.348,287.84,289.374,-51.42,NaN,NaN,NaN,-0.0486117778641528,444.600923732763,58.4244221122608,14.1314728,288.348,287.84,289.374,0.311411767183351+0i,0.000637147,20.8711868203051,526.395378612774,27.5253380559775,20.9338593137034,9.9e+37,936.71,299.264,261.069
20260514193825.5,3083.38699713349,9.7877006,0.51036286,2.0026401,2.7294104,-0.000421643,-0.000716859,0.002388079,1.2116367,0.30972492,0.000633771,-0.17177155,4.131134,0.59927957,288.329,287.843,289.347,-51.49,NaN,NaN,NaN,-0.0493013784195284,444.478819493024,48.6541100090578,11.9855914,288.329,287.843,289.347,0.272559185321004+0i,0.000633771,20.8675463373994,525.021487800736,27.5253380559775,20.9343022943291,-9.9e+37,-9.9e+37,222.587,306.009
20260514193827.7,3085.52299439907,9.7881269,0.61241252,2.0029133,2.7298039,-0.000423821,-0.000715879,0.0023406,1.2115602,0.17762931,0.000638236,-0.11211513,4.1313745,0.65757088,288.357,287.838,289.33,-51.54,NaN,NaN,NaN,-0.0320170782613616,444.737420237574,58.8533628386337,13.1514176,288.357,287.838,289.33,0.285218095921835+0i,0.000638236,20.8702164689603,523.785236323233,26.4316950399507,20.934833494533,9.9e+37,141.679,225.823,606.198
20260514193829.9,3087.80799508095,9.7877116,0.76670804,2.0026182,2.7294213,-0.000422405,-0.000717076,0.002371962,1.2114837,0.16004524,0.000633663,-0.000193725,4.1314072,0.55774954,288.355,287.828,289.304,-51.58,NaN,NaN,NaN,-0.0506869061408253,444.485982766507,74.2742767245875,11.1549908,288.355,287.828,289.304,0.321928149729275+0i,0.000633663,20.8705795180333,524.609821063793,26.4453967178283,20.9347745918269,9.9e+37,-9.9e+37,-9.9e+37,757.364
20260514193832.1,3089.96899724007,9.7878864,0.47277763,2.0027385,2.729323,-0.000423603,-0.000719363,0.00241062,1.211593,0.23169869,0.000638018,-0.11592816,4.1309373,0.60255871,288.358,287.828,289.309,-51.62,NaN,NaN,NaN,-0.0430759935894969,444.421381868948,44.8976911887721,12.0511742,288.358,287.828,289.309,0.216222183849932+0i,0.000638018,20.8653624917527,525.433154537676,26.404416244904,20.9360142382774,9.9e+37,-9.9e+37,-9.9e+37,655.879
20260514193834.2,3092.08599440753,9.7879739,0.58884196,2.002804,2.7293448,-0.000423385,-0.000716532,0.002381981,1.2114946,0.43133817,0.00063682,0.10948977,4.1309373,0.68638372,288.333,287.847,289.29,-51.65,NaN,NaN,NaN,-0.0389320636467545,444.435708415915,56.4976264180058,13.7276744,288.333,287.847,289.29,0.296783047160023+0i,0.00063682,20.8653624917527,526.120099943692,26.4453967178283,20.9342135368267,9.9e+37,696.539,-9.9e+37,216.142
20260514193836.3,3094.19099204242,9.7878537,0.48067922,2.0026947,2.7299678,-0.000419139,-0.000716314,0.002391564,1.211582,0.15016523,0.000622773,0.011200451,4.1309701,0.72006452,288.364,287.848,289.293,-51.62,NaN,NaN,NaN,-0.045847049032119,444.845132212243,45.6874078244341,14.4012904,288.364,287.848,289.293,0.232706909839655+0i,0.000622773,20.8657266510675,523.785236323233,26.4179933620735,20.9355123549455,1085.345,753.676,586.81,358.103
20260514193838.4,3096.30799926817,9.7877116,0.57680351,2.0026292,2.7300443,-0.000423494,-0.000712067,0.002432617,1.2114181,0.17909594,0.000638563,-0.11405266,4.1310903,0.59879179,288.348,287.835,289.26,-51.64,NaN,NaN,NaN,-0.0499909789748756,444.895406562835,55.2944553812164,11.9758358,288.348,287.835,289.26,0.290728420506375+0i,0.000638563,20.867061161727,524.883848466193,27.4569542272984,20.9343022943291,-9.9e+37,-9.9e+37,349.379,516.619
20260514193840.6,3098.41799587011,9.7877116,0.57979348,2.0026292,2.730711,-0.000423712,-0.000712612,0.002380783,1.2115493,0.45111889,0.000632138,-0.041954818,4.1312433,0.60786318,288.309,287.829,289.271,-51.73,NaN,NaN,NaN,-0.0499909789748756,445.333549171201,55.5932849900838,12.1572636,288.309,287.829,289.271,0.307173762970008+0i,0.000632138,20.8687598317013,533.810384944418,27.5253380559775,20.9335938480825,834.991,-9.9e+37,-9.9e+37,203.706
20260514193842.7,3100.52699670196,9.7876897,0.52407307,2.0026073,2.7306564,-0.000421534,-0.000719908,0.002403651,1.2115383,0.15345747,0.000638672,0.011038306,4.1310684,0.73441746,288.344,287.818,289.252,-51.74,NaN,NaN,NaN,-0.0513765066961724,445.29766708568,50.0243634536708,14.6883492,288.344,287.818,289.252,0.256462980577722+0i,0.000638672,20.8668180187699,533.123439538397,26.4453967178283,20.9348630803672,9.9e+37,762.172,497.248,489.112
20260514193844.8,3102.63699330389,9.7878318,0.43697546,2.0026947,2.7305908,-0.000423494,-0.000711958,0.002394939,1.2114946,0.40684877,0.000636929,-0.016274656,4.1302815,0.58887688,288.322,287.829,289.285,-51.76,NaN,NaN,NaN,-0.045847049032119,445.25455600857,41.3194785452664,11.7775376,288.322,287.829,289.285,0.218116018764106+0i,0.000636929,20.8580815259414,533.948024278961,26.4453967178283,20.9354238664052,-9.9e+37,-9.9e+37,-9.9e+37,147.08
20260514193846.9,3104.78500016034,9.7880504,0.56148045,2.002968,2.7312684,-0.000422079,-0.000713374,0.002386445,1.211582,0.14704432,0.000633227,-0.003599651,4.1309482,0.70156707,288.351,287.824,289.287,-51.8,NaN,NaN,NaN,-0.0285564222633639,445.699861890419,53.7630072307497,14.0313414,288.351,287.824,289.287,0.267761055959443+0i,0.000633227,20.8654835081104,534.3596910159,26.4316950399507,20.9347745918269,9.9e+37,775.339,521.406,496.089
20260514193849.1,3106.93299695849,9.788105,0.60893041,2.0030554,2.7314433,-0.000423603,-0.000714899,0.002392761,1.2116258,0.4207085,0.000634643,-0.003369229,4.1304455,0.60808797,288.332,287.837,289.287,-51.82,NaN,NaN,NaN,-0.0230269645992962,445.814802856676,58.5053467818394,12.1617594,288.332,287.837,289.287,0.307114528922493+0i,0.000634643,20.8599023225151,525.846072541292,25.3107732288772,20.9340954624523,-9.9e+37,-9.9e+37,-9.9e+37,-9.9e+37
20260514193851.2,3109.0859927237,9.787952,0.5919596,2.0026729,2.7316073,-0.000427415,-0.000713483,0.002361508,1.211582,0.13309731,0.000636494,0.044258973,4.1315603,0.67692057,288.356,287.835,289.317,-51.9,NaN,NaN,NaN,-0.047226250142856,445.922580549449,56.8092158793681,13.5384114,288.356,287.835,289.317,0.327310913680053+0i,0.000636494,20.8722792982494,524.747460398332,26.4316950399507,20.9332689418312,9.9e+37,369.765,417.649,561.491
20260514193853.3,3111.21499948204,9.788116,0.67441838,2.0029243,2.73164,-0.000423168,-0.000715225,0.002377734,1.2115493,0.19286944,0.000637692,-0.10145396,4.1313526,0.6239108,288.339,287.849,289.293,-51.92,NaN,NaN,NaN,-0.0313211510953977,445.944070369899,65.0504774890429,12.478216,288.339,287.849,289.293,0.302510659916124+0i,0.000637692,20.8699733260032,525.982460609158,25.3244749067544,20.9347450059927,1086.532,-9.9e+37,171.889,605.575
20260514193855.5,3113.35099674761,9.7879302,0.63371877,2.002662,2.7312029,-0.000424039,-0.000713918,0.002387317,1.2115602,0.1453922,0.000637801,0.041011488,4.130981,0.6290854,288.345,287.832,289.304,-51.95,NaN,NaN,NaN,-0.0479158506982031,445.656816531415,60.9827950248864,12.581708,288.345,287.832,289.304,0.336661278677373+0i,0.000637801,20.8658476674251,532.987051470539,24.5725019127049,20.9332396249592,9.9e+37,-9.9e+37,237.711,774.165
20260514193857.6,3115.47600030899,9.7878755,0.5894836,2.0026401,2.7314761,-0.000421861,-0.00071577,0.002405611,1.2116148,0.21939723,0.000634425,-0.099380928,4.1313963,0.62851251,288.344,287.837,289.32,-51.96,NaN,NaN,NaN,-0.0493013784195284,445.83635839523,56.5617544962921,12.5702502,288.344,287.837,289.32,0.31402327770263+0i,0.000634425,20.8704585016756,533.672745609879,24.4631376111024,20.9335642622484,1443.757,-9.9e+37,-9.9e+37,738.957
20260514193859.7,3117.59000010788,9.7879739,0.52646615,2.0026947,2.7316182,-0.000423494,-0.000712612,0.002383723,1.2114946,0.46315189,0.000639761,-0.067674479,4.1315712,0.62929602,288.317,287.84,289.323,-51.97,NaN,NaN,NaN,-0.045847049032119,445.929743822933,50.2635374789581,12.5859204,288.317,287.84,289.323,0.302161212388457+0i,0.000639761,20.872400314607,524.883848466193,25.3107732288772,20.9335050905801,9.9e+37,-9.9e+37,-9.9e+37,236.183
20260514193901.8,3119.70699727535,9.7877553,0.69893393,2.0026292,2.7307875,-0.00042393,-0.000713374,0.002384703,1.2115493,0.12377382,0.000626475,0.035686822,4.131287,0.69826719,288.35,287.829,289.32,-52.02,NaN,NaN,NaN,-0.0499909789748756,445.383823521793,67.5006600051445,13.9653438,288.35,287.829,289.32,0.297928470263407+0i,0.000626475,20.8692450073737,533.536357542013,25.3380520239239,20.9348926662013,9.9e+37,569.599,415.67,568.932
20260514193904,3121.84400036931,9.7875586,0.48541953,2.0026401,2.7308531,-0.000423059,-0.000715225,0.002414976,1.2115165,0.3416434,0.000637909,-0.10453416,4.1314182,0.59344695,288.317,287.829,289.298,-52.05,NaN,NaN,NaN,-0.0493013784195284,445.426934598903,46.1611734418851,11.868939,288.317,287.829,289.298,0.273731735025133+0i,0.000637909,20.8707016446327,534.085663613495,25.3244749067544,20.9338888995375,334.244,-9.9e+37,-9.9e+37,387.323
20260514193906.1,3123.96500073373,9.7872088,0.43783207,2.0027713,2.7300334,-0.00042295,-0.000714899,0.002427172,1.2117023,0.13284414,0.000639325,0.040236043,4.1309373,0.6852292,288.332,287.829,289.29,-52.09,NaN,NaN,NaN,-0.0410008653128102,444.888243289352,41.4050915886253,13.704584,288.332,287.829,289.29,0.240169372788676+0i,0.000639325,20.8653624917527,529.553575707111,25.297071551,20.9347154201586,9.9e+37,407.862,316.462,696.989
20260514193908.2,3126.09399743378,9.7873509,0.65533713,2.0027385,2.7304597,-0.00042295,-0.000712938,0.002431855,1.2116258,0.14454541,0.000637692,0.003022286,4.1315821,0.69493458,288.351,287.835,289.339,-52.12,NaN,NaN,NaN,-0.0430759935894969,445.168399572457,63.1434207379048,13.8986916,288.351,287.835,289.339,0.332726614889988+0i,0.000637692,20.8725213309647,523.785236323233,25.297071551,20.933711922457,1274.194,393.764,439.519,619.468
20260514193910.4,3128.23800109327,9.7870667,0.51667891,2.002651,2.7293667,-0.000422841,-0.000715007,0.002413778,1.2115602,0.408275,0.000630722,0.10785852,4.1310466,0.6726495,288.349,287.836,289.339,-52.16,NaN,NaN,NaN,-0.0486117778641528,444.450100680986,49.285361409937,13.45299,288.349,287.836,289.339,0.28242192301806+0i,0.000630722,20.8665759860546,524.883848466193,25.297071551,20.9340954624523,-9.9e+37,228.778,228.596,109.569
20260514193912.6,3130.45699931681,9.7880941,0.48203453,2.0030554,2.7295197,-0.000421643,-0.000717839,0.002411927,1.211582,0.35751972,0.00063682,-0.0072163,4.1309591,0.76939355,288.313,287.837,289.361,-52.18,NaN,NaN,NaN,-0.0230269645992962,444.550649382171,45.8228629484634,15.387871,288.313,287.837,289.361,0.243169926857528+0i,0.00063682,20.865604524468,534.222051681357,26.4590983957055,20.9349219830733,-9.9e+37,280.187,647.04,-9.9e+37
20260514193914.8,3132.711000368,9.7877553,0.75503405,2.0026292,2.7288967,-0.000421643,-0.000713047,0.002396682,1.2116367,0.13087666,0.000633554,-0.000167699,4.1312105,0.53756177,288.34,287.821,289.371,-52.22,NaN,NaN,NaN,-0.0499909789748756,444.141225585843,73.10753128379,10.7512354,288.34,287.821,289.371,0.370325016058643+0i,0.000633554,20.8683956723866,531.888439327575,26.4453967178283,20.9331508674568,-9.9e+37,-9.9e+37,-9.9e+37,441.326
20260514193917,3134.82000119984,9.7878646,0.74362306,2.0027275,2.7287,-0.000420119,-0.000712285,0.002416718,1.2116148,0.44234868,0.000633663,-0.03138129,4.1309482,0.6240974,288.316,287.802,289.396,-52.26,NaN,NaN,NaN,-0.0437719207554323,444.01195807262,71.9670711191431,12.481948,288.316,287.802,289.396,0.310874280288435+0i,0.000633663,20.8654835081104,525.021487800736,25.2560910780758,20.9349811547416,961.943,189.494,-9.9e+37,142.268
20260514193919.1,3136.94499470294,9.7877116,0.59313594,2.0026182,2.7288421,-0.000420554,-0.000711414,0.002385248,1.2116258,0.43617341,0.000640414,0.092219612,4.1311996,0.67530664,288.336,287.827,289.423,-52.33,NaN,NaN,NaN,-0.0506869061408253,444.105343500322,56.9267840228929,13.5061328,288.336,287.827,289.423,0.333377564595659+0i,0.000640414,20.8682746560289,524.609821063793,25.3517537018015,20.9331215505848,9.9e+37,740.903,-9.9e+37,-9.9e+37
20260514193921.2,3139.08600099385,9.7878755,0.4374676,2.0027385,2.7287219,-0.00042099,-0.000717076,0.002402235,1.2115383,0.12221773,0.000637474,-0.029070528,4.1309701,0.66988213,288.348,287.797,289.426,-52.4,NaN,NaN,NaN,-0.0430759935894969,444.026350337692,41.3686649931933,13.3976426,288.348,287.797,289.426,0.241900975256282+0i,0.000637474,20.8657266510675,533.810384944418,25.8164897032589,20.934538443078,1075.678,473.918,569.569,397.227
20260514193923.3,3141.19099862874,9.7885859,0.60848955,2.0027166,2.7287219,-0.000420881,-0.000717512,0.00241857,1.2115055,0.42172662,0.000632356,-0.007018972,4.1309591,0.60681887,288.332,287.794,289.437,-52.43,NaN,NaN,NaN,-0.0444615213108221,444.026350337692,58.4612854630418,12.1363774,288.332,287.794,289.437,0.272051036608012+0i,0.000632356,20.865604524468,533.261078872935,25.3244749067544,20.9350696432819,-9.9e+37,-9.9e+37,-9.9e+37,123.163
20260514193925.6,3143.42899695039,9.7886734,0.53431644,2.0028368,2.7293448,-0.000420227,-0.000713156,0.002389168,1.211582,0.20363552,0.000638454,0.00562528,4.1311559,0.57787619,288.351,287.802,289.464,-52.48,NaN,NaN,NaN,-0.0368569353700678,444.435708415915,51.0481269866104,11.5575238,288.351,287.802,289.464,0.313452650401852+0i,0.000638454,20.8677894803565,534.222051681357,25.2697927559529,20.9330034762103,9.9e+37,461.123,-9.9e+37,406.814
20260514193927.9,3145.71899659932,9.7886624,0.61740598,2.002804,2.7293339,-0.000421643,-0.000713483,0.002406591,1.2116148,0.1089964,0.000636494,-0.000254053,4.1315275,0.53519817,288.354,287.775,289.461,-52.52,NaN,NaN,NaN,-0.0389320636467545,444.428545142431,59.3524292836799,10.7039634,288.354,287.775,289.461,0.315556724465771+0i,0.000636494,20.8719151389346,534.222051681357,26.4863771907521,20.9336823366228,9.9e+37,494.748,-9.9e+37,575.482
20260514193930.1,3147.92200215161,9.7880395,0.49416246,2.0026401,2.7302083,-0.000421208,-0.000711523,0.002402126,1.2116039,0.24710248,0.000637256,0.00569076,4.1314619,0.56044269,288.34,287.786,289.458,-52.56,NaN,NaN,NaN,-0.0493013784195284,445.003184255608,47.034976975785,11.2088538,288.34,287.786,289.458,0.298327500933522+0i,0.000637256,20.8711868203051,525.021487800736,27.5527414117323,20.9332100391251,9.9e+37,502.322,-9.9e+37,517.324
20260514193932.2,3150.07399208844,9.7877662,0.55394223,2.002662,2.7299788,-0.000420227,-0.000715007,0.002383614,1.2116695,0.27877981,0.000637909,-0.16989355,4.1310356,0.61129074,288.326,287.778,289.412,-52.62,NaN,NaN,NaN,-0.0479158506982031,444.852361203831,53.0096072521023,12.2258148,288.326,287.778,289.412,0.30815543726556+0i,0.000637909,20.8664538594552,526.120099943692,27.5663185289013,20.9334757737081,9.9e+37,354.771,-9.9e+37,545.021
20260514193934.3,3152.20700204372,9.7887608,0.55293285,2.0030117,2.7306782,-0.000418267,-0.000712938,0.002383396,1.2115602,0.25037181,0.000633009,0.17403371,4.1309591,0.70876047,288.343,287.786,289.41,-52.66,NaN,NaN,NaN,-0.02579169343133,445.311993632646,52.9087257614524,14.1752094,288.343,287.786,289.41,0.3160612868456+0i,0.000633009,20.865604524468,525.433154537676,27.5390397338547,20.9332100391251,9.9e+37,988.604,293.885,399.718
20260514193936.6,3154.46499623358,9.7888155,0.70646016,2.002815,2.7311045,-0.000419683,-0.000713592,0.002425866,1.211593,0.44305798,0.000638018,-0.001555355,4.1309373,0.77135558,288.34,287.775,289.418,-52.67,NaN,NaN,NaN,-0.0382361364807764,445.592149915751,68.2528616550425,15.4271116,288.34,287.775,289.418,0.311093659925496+0i,0.000638018,20.8653624917527,526.120099943692,27.5390397338547,20.9346269316183,-9.9e+37,422.032,621.284,-9.9e+37
20260514193938.7,3156.58599659801,9.7887936,0.57433623,2.0030554,2.7307657,-0.000424257,-0.000716096,0.002390801,1.2116258,0.43688925,0.000638127,-0.017444628,4.1311122,0.62556728,288.32,287.784,289.415,-52.74,NaN,NaN,NaN,-0.0230269645992962,445.369496974827,55.0478655099581,12.5113456,288.32,287.784,289.415,0.2799570042504+0i,0.000638127,20.8673043046841,525.433154537676,28.3455703179975,20.9345973457841,-9.9e+37,-9.9e+37,-9.9e+37,-9.9e+37
20260514193940.8,3158.69499742985,9.7888264,0.44928453,2.0029789,2.7309406,-0.000421099,-0.000713483,0.002368913,1.2115602,0.13383498,0.000634316,0.009648907,4.1313417,0.71053917,288.34,287.797,289.263,-52.73,NaN,NaN,NaN,-0.0278668217080025,445.484437941083,42.5496964316067,14.2107834,288.34,287.797,289.263,0.26748070588409+0i,0.000634316,20.8698523096456,525.708433206753,29.4938954848258,20.933741239329,9.9e+37,681.6,615.855,424.785
20260514193943,3160.82000099123,9.7885422,0.61306507,2.0026947,2.7299569,-0.00042393,-0.000718165,0.002420094,1.2115711,0.13184567,0.000633445,0.01353833,4.1309482,0.68760917,288.367,287.805,289.219,-52.81,NaN,NaN,NaN,-0.045847049032119,444.83796893876,58.9185813061321,13.7521834,288.367,287.805,289.219,0.315671663461539+0i,0.000633445,20.8654835081104,526.120099943692,28.400252468799,20.933741239329,-9.9e+37,245.533,644.839,541.667
20260514193945.1,3162.96899355948,9.7887062,0.60433414,2.0027166,2.7304597,-0.000421425,-0.000713047,0.002394286,1.211582,0.16789337,0.000638345,0.0444515,4.131593,0.66835659,288.361,287.797,289.195,-52.84,NaN,NaN,NaN,-0.0444615213108221,445.168399572457,58.0459771004216,13.3671318,288.361,287.797,289.195,0.332936421641836+0i,0.000638345,20.8726423473223,525.433154537676,28.3592719958751,20.9331215505848,-9.9e+37,238.233,627.82,499.519
20260514193947.2,3165.10899402201,9.7880832,0.51695171,2.0027713,2.7304815,-0.000421425,-0.000716314,0.002426301,1.2116585,0.21323288,0.000638781,-0.1154341,4.1315821,0.58126337,288.331,287.802,289.227,-52.87,NaN,NaN,NaN,-0.0410008653128102,445.182726119423,49.3126261374423,11.6252674,288.331,287.802,289.227,0.293038054980751+0i,0.000638781,20.8725213309647,524.747460398332,28.400252468799,20.9336231649545,-9.9e+37,-9.9e+37,351.926,569.715
20260514193949.4,3167.24599711597,9.7880722,0.57300711,2.0030336,2.7294651,-0.000420881,-0.000712612,0.00240474,1.2115602,0.31226093,0.000636929,-0.11428123,4.1310138,0.60795157,288.331,287.824,289.241,-52.88,NaN,NaN,NaN,-0.0244061657100048,444.51476729665,54.9150279197021,12.1590314,288.331,287.824,289.241,0.279432922522952+0i,0.000636929,20.8662118267399,524.198154326854,28.4139541466766,20.9346269316183,1220.305,-9.9e+37,-9.9e+37,545.564
20260514193951.5,3169.39399391413,9.7877662,0.54236645,2.0026292,2.7295197,-0.000421208,-0.000713156,0.002415303,1.211582,0.25175005,0.000637256,-0.10385443,4.131298,0.61052469,288.35,287.813,289.249,-52.99,NaN,NaN,NaN,-0.0499909789748756,444.550649382171,51.8526773130947,12.2104938,288.35,287.813,289.249,0.295210812010827+0i,0.000637256,20.8693671339732,533.398718207478,28.3729736737523,20.9336231649545,9.9e+37,-9.9e+37,-9.9e+37,623.726
20260514193953.7,3171.53099700809,9.7880722,0.55226392,2.0027822,2.7298585,-0.000422188,-0.000715552,0.002394177,1.2115274,0.4021543,0.000634207,-0.00561607,4.1315712,0.63426439,288.331,287.813,289.265,-53.01,NaN,NaN,NaN,-0.0403112647574631,444.773302323096,52.8418702109755,12.6852878,288.331,287.813,289.265,0.264882399172375+0i,0.000634207,20.872400314607,533.810384944418,26.527357663676,20.9348039086989,9.9e+37,-9.9e+37,-9.9e+37,347.775
20260514193955.9,3173.76899532974,9.7880176,0.50223974,2.0027166,2.7292683,-0.000422732,-0.000715987,0.002395266,1.211593,0.28166393,0.000638672,0.0059221,4.1311668,0.61446294,288.35,287.821,289.293,-53,NaN,NaN,NaN,-0.0444615213108221,444.385434065322,47.8422527755797,12.2892588,288.35,287.821,289.293,0.275378102611064+0i,0.000638672,20.8679104967142,523.785236323233,26.4179933620735,20.9341842199547,9.9e+37,386.064,-9.9e+37,449.11
20260514193958.1,3175.97999721766,9.7879411,0.52466889,2.0027822,2.7287,-0.000421534,-0.000712503,0.002432944,1.211582,0.43434451,0.000639216,-0.003235505,4.1314619,0.72642201,288.314,287.827,289.282,-53.03,NaN,NaN,NaN,-0.0403112647574631,444.01195807262,50.0839120971539,14.5284402,288.314,287.827,289.282,0.328118289580031+0i,0.000639216,20.8711868203051,525.296766469814,26.404416244904,20.9325311787126,9.9e+37,391.335,175.305,284.531
20260514194000.2,3178.10500077903,9.7884438,0.58131356,2.0027275,2.7292028,-0.000423494,-0.000714463,0.002403106,1.2116367,0.39964229,0.000634207,-0.026012744,4.131593,0.63175565,288.325,287.832,289.268,-53.04,NaN,NaN,NaN,-0.0437719207554323,444.342388706318,55.7452078895935,12.635113,288.325,287.832,289.268,0.272793100323481+0i,0.000634207,20.8726423473223,533.810384944418,27.5253380559775,20.9347450059927,9.9e+37,-9.9e+37,-9.9e+37,137.56
20260514194002.4,3180.24599701166,9.788105,0.63940189,2.0030336,2.7289295,-0.000421534,-0.00071381,0.002442962,1.2116148,0.44646261,0.00063486,-0.063546258,4.1311449,0.67380074,288.333,287.835,289.285,-53.04,NaN,NaN,NaN,-0.0244061657100048,444.162781124398,61.5507888598567,13.4760148,288.333,287.835,289.285,0.286663405102675+0i,0.00063486,20.8676673537571,534.085663613495,26.4590983957055,20.9347745918269,9.9e+37,590.56,-9.9e+37,-9.9e+37
20260514194004.5,3182.40999653935,9.7878099,0.4315586,2.0026947,2.7287219,-0.000423059,-0.000716423,0.00238601,1.2116367,0.43387528,0.000637147,0.033392718,4.1309701,0.71350077,288.312,287.829,289.271,-53.05,NaN,NaN,NaN,-0.045847049032119,444.026350337692,40.7780958039382,14.2700154,288.312,287.829,289.271,0.241656346713422+0i,0.000637147,20.8657266510675,534.222051681357,26.4316950399507,20.9344496855756,1577.444,814.418,-9.9e+37,-9.9e+37
20260514194006.7,3184.52300056815,9.788105,0.46164491,2.0028696,2.7291918,-0.000423385,-0.000716641,0.002375338,1.211593,0.42802083,0.000638781,-0.029369774,4.1314947,0.64934408,288.329,287.837,289.304,-53.09,NaN,NaN,NaN,-0.0347818070933954,444.33515971473,43.7850424453968,12.9868816,288.329,287.837,289.304,0.261695392645688+0i,0.000638781,20.8715509796199,524.060514992315,26.404416244904,20.9342431226608,150.625,549.474,-9.9e+37,-9.9e+37
20260514194008.8,3186.63999773562,9.7877553,0.61927962,2.0026729,2.7280989,-0.000420663,-0.000712938,0.002364231,1.2116258,0.40294217,0.00063584,-0.002852193,4.1310247,0.63163889,288.321,287.84,289.312,-53.15,NaN,NaN,NaN,-0.047226250142856,443.616926541364,59.5396883894094,12.6327778,288.321,287.84,289.312,0.30738661809104+0i,0.00063584,20.8663328430975,524.883848466193,26.4179933620735,20.9341546341206,1197.949,516.43,-9.9e+37,-9.9e+37
20260514194010.9,3188.76199387014,9.7888045,0.5138308,2.0027713,2.7286126,-0.000424692,-0.000712721,0.002378823,1.2116476,0.43137855,0.000634316,-0.034877377,4.1315821,0.62867401,288.328,287.86,289.328,-53.2,NaN,NaN,NaN,-0.0410008653128102,443.954520448545,49.0007098591484,12.5734802,288.328,287.86,289.328,0.304346270890279+0i,0.000634316,20.8725213309647,525.159127135271,27.5390397338547,20.9332100391251,9.9e+37,644.168,-9.9e+37,-9.9e+37
20260514194013,3190.898001194,9.7887062,0.46005168,2.0028478,2.7280989,-0.000421861,-0.000714245,0.002416174,1.2116039,0.41917966,0.000632356,-0.023061677,4.1309263,0.64277271,288.325,287.866,289.333,-53.21,NaN,NaN,NaN,-0.036161008204104,443.616926541364,43.6258086411326,12.8554542,288.325,287.866,289.333,0.234950992176123+0i,0.000632356,20.8652403651533,525.433154537676,27.5253380559775,20.9351581318222,9.9e+37,645.326,-9.9e+37,-9.9e+37
20260514194015.2,3193.02299469709,9.7879957,0.43416664,2.0027166,2.7285907,-0.000425346,-0.000718165,0.002439478,1.2116804,0.33237341,0.000637909,-0.11487765,4.1308826,0.62766353,288.328,287.869,289.347,-53.27,NaN,NaN,NaN,-0.0444615213108221,443.940128183473,41.038753794858,12.5532706,288.328,287.869,289.347,0.251927028184725+0i,0.000637909,20.8647551894809,524.883848466193,27.4980592609309,20.9342431226608,9.9e+37,456.462,-9.9e+37,104.399
20260514194017.3,3195.16400098801,9.7880832,0.54072306,2.002815,2.7286126,-0.000421316,-0.00071381,0.002380021,1.2116695,0.34447186,0.000632356,0.11485504,4.1308498,0.72724698,288.339,287.89,289.361,-53.32,NaN,NaN,NaN,-0.0382361364807764,443.954520448545,51.688430316999,14.5449396,288.339,287.89,289.361,0.264369355373013+0i,0.000632356,20.8643910301661,525.296766469814,28.3592719958751,20.934833494533,9.9e+37,1134.878,258.587,-9.9e+37
20260514194019.4,3197.30499722064,9.7873618,0.60240049,2.0029571,2.7275961,-0.000423603,-0.000712394,0.002401364,1.2116804,0.21475623,0.000635623,0.11921358,4.1309154,0.72241066,288.343,287.894,289.344,-53.32,NaN,NaN,NaN,-0.029246022818711,443.286495907666,57.8527203543049,14.4482132,288.343,287.894,289.344,0.302769539957216+0i,0.000635623,20.8651193487956,524.747460398332,28.3455703179975,20.9340954624523,-9.9e+37,887.091,659.809,100.693
20260514194021.6,3199.43299815059,9.7875367,0.50774064,2.0027713,2.7279896,-0.000423385,-0.000716968,0.002359766,1.2116695,0.40121257,0.000632247,0.070081266,4.1315712,0.67919032,288.325,287.9,289.363,-53.36,NaN,NaN,NaN,-0.0410008653128102,443.545096652217,48.3920348119942,13.5838064,288.325,287.9,289.363,0.289680861053442+0i,0.000632247,20.872400314607,524.198154326854,27.5253380559775,20.9336823366228,-9.9e+37,453.956,463.906,-9.9e+37
20260514194023.7,3201.55499428511,9.7879957,0.63872751,2.0028915,2.7274759,-0.000422732,-0.00071479,0.002407244,1.2115165,0.34299216,0.000631158,0.10650974,4.1302378,0.7182498,288.339,287.927,289.382,-53.39,NaN,NaN,NaN,-0.0333962793720701,443.207502745036,61.4833886144938,14.364996,288.339,287.927,289.382,0.321712825719873+0i,0.000631158,20.857596350269,525.708433206753,27.5390397338547,20.9338004109972,-9.9e+37,675.117,591.769,-9.9e+37
20260514194025.8,3203.67200151086,9.7870995,0.59194105,2.0026182,2.7270824,-0.000422079,-0.000715225,0.002434795,1.2114946,0.26457745,0.000631485,0.10119542,4.1312324,0.71667625,288.331,287.943,289.369,-53.38,NaN,NaN,NaN,-0.0506869061408253,442.948902000486,56.8073619178753,14.333525,288.331,287.943,289.369,0.325345254666897+0i,0.000631485,20.8686388153437,524.472181729254,28.3729736737523,20.9332689418312,-9.9e+37,670.504,729.032,-9.9e+37
20260514194027.9,3205.81200197339,9.7878974,0.53963838,2.0027057,2.7268201,-0.000422841,-0.000712503,0.0023712,1.2114509,0.40619076,0.000612537,-0.099418606,4.1302487,0.6051482,288.328,287.949,289.344,-53.46,NaN,NaN,NaN,-0.0451511218661693,442.776523410153,51.5800230419607,12.102964,288.328,287.949,289.344,0.308028473367297+0i,0.000612537,20.8577173666266,525.021487800736,27.5253380559775,20.9333576993336,-9.9e+37,-9.9e+37,268.799,-9.9e+37
20260514194030.1,3207.97600150108,9.7873728,0.64782728,2.0027385,2.7273338,-0.000421208,-0.000713701,0.002374467,1.2114618,0.40434767,0.000633445,-0.054177559,4.1315712,0.62403847,288.325,287.938,289.32,-53.58,NaN,NaN,NaN,-0.0430759935894969,443.114117317334,62.3928561709853,12.4807694,288.325,287.938,289.32,0.336597160147276+0i,0.000633445,20.872400314607,524.609821063793,27.183543473292,20.9334461878739,807.692,177.157,-9.9e+37,-9.9e+37
20260514194032.2,3210.09399443865,9.7879302,0.57772997,2.0026838,2.7272354,-0.000422841,-0.000717512,0.002379149,1.211582,0.16663626,0.000631158,0.078840278,4.1314838,0.72504161,288.341,287.943,289.328,-53.54,NaN,NaN,NaN,-0.0465366495874946,443.04945070167,55.3870495140777,14.5008322,288.341,287.943,289.328,0.274037445466041+0i,0.000631158,20.8714299632622,525.021487800736,26.4316950399507,20.9348926662013,9.9e+37,943.885,575.435,319.673
20260514194034.4,3212.22599856555,9.7879848,0.7359801,2.0027931,2.726842,-0.000421425,-0.000713483,0.00236924,1.211582,0.3005706,0.000638998,0.11427038,4.1309154,0.70051731,288.328,287.954,289.342,-53.6,NaN,NaN,NaN,-0.0396216642021017,442.790915675225,71.2032030042828,14.0103462,288.328,287.954,289.342,0.350580388234655+0i,0.000638998,20.8651193487956,524.334542394711,26.3770128891492,20.933741239329,-9.9e+37,632.992,575.199,-9.9e+37
20260514194036.5,3214.37099799514,9.7877881,0.62263952,2.0026947,2.7268529,-0.000422623,-0.000712938,0.002402671,1.211582,0.10377485,0.000635623,-0.02226783,4.130981,0.63139664,288.358,287.96,289.35,-53.6,NaN,NaN,NaN,-0.045847049032119,442.798078948708,59.875490288035,12.6279328,288.358,287.96,289.35,0.283162042428238+0i,0.000635623,20.8658476674251,525.021487800736,26.404416244904,20.9349515689075,-9.9e+37,-9.9e+37,729.511,504.739
20260514194038.7,3216.59699678421,9.787023,0.56931985,2.0026292,2.7269731,-0.000421861,-0.000718819,0.002377843,1.2115493,0.33710607,0.000637365,-0.00732324,4.1315712,0.73709424,288.307,287.976,289.38,-53.63,NaN,NaN,NaN,-0.0499909789748756,442.877072111338,54.5465083480701,14.7418848,288.307,287.976,289.38,0.326645088717575+0i,0.000637365,20.872400314607,525.982460609158,27.5116363780999,20.9330034762103,-9.9e+37,-9.9e+37,601.486,292.784
20260514194040.9,3218.74999254942,9.7870558,0.63679276,2.002662,2.7274759,-0.000421752,-0.000720017,0.00242347,1.2115274,0.25717673,0.000630178,0.17663847,4.1303362,0.70109457,288.351,287.954,289.39,-53.71,NaN,NaN,NaN,-0.0479158506982031,443.207502745036,61.2900219299597,14.0218914,288.351,287.954,289.39,0.341216205844333+0i,0.000630178,20.8586888282132,525.159127135271,27.5253380559775,20.9331804532909,-9.9e+37,309.237,503.097,202.725
20260514194043,3220.87099291384,9.7876897,0.55978032,2.0026401,2.7275305,-0.000423821,-0.000721323,0.00242249,1.2115274,0.13885028,0.000635078,-0.13674528,4.1311887,0.64202521,288.343,287.941,289.377,-53.72,NaN,NaN,NaN,-0.0493013784195284,443.243384830557,53.5930894111984,12.8405042,288.343,287.941,289.377,0.30114386820567+0i,0.000635078,20.8681536396713,524.609821063793,27.4843575830532,20.9338004109972,-9.9e+37,-9.9e+37,623.172,513.742
20260514194045.3,3223.15999679267,9.7885422,0.60566872,2.0026401,2.7283065,-0.000422841,-0.000719037,0.002402453,1.2115602,0.42772947,0.000633554,-0.001255349,4.1311012,0.79778189,288.326,287.954,289.39,-53.77,NaN,NaN,NaN,-0.0493013784195284,443.75335732807,58.1793603850038,15.9556378,288.326,287.954,289.39,0.303598592186054+0i,0.000633554,20.8671821780847,525.982460609158,27.5390397338547,20.9340954624523,-9.9e+37,200.33,502.908,-9.9e+37
20260514194047.4,3225.28500035405,9.7886187,0.46620406,2.002651,2.7284268,-0.000422188,-0.000719799,0.002422708,1.2115383,0.35982767,0.000637692,0.11521701,4.1314619,0.73211605,288.339,287.941,289.415,-53.84,NaN,NaN,NaN,-0.0486117778641528,443.832416208805,44.2407022049488,14.642321,288.339,287.941,289.415,0.287231007320217+0i,0.000637692,20.8711868203051,524.334542394711,28.3182915229509,20.9332689418312,-9.9e+37,281.818,506.57,-9.9e+37
20260514194049.5,3227.40600071847,9.7889466,0.50543706,2.0026729,2.7291044,-0.000425128,-0.000720997,0.00243033,1.2114509,0.13078063,0.000638018,-0.10901518,4.1315384,0.63457429,288.339,287.916,289.407,-53.81,NaN,NaN,NaN,-0.047226250142856,444.277722090654,48.1618057761194,12.6914858,288.339,287.916,289.407,0.282219187768824+0i,0.000638018,20.8720361552923,524.472181729254,27.5253380559775,20.9339184853717,-9.9e+37,-9.9e+37,527.768,478.055
20260514194051.6,3229.51199412346,9.7887717,0.6716041,2.0027494,2.7292355,-0.00042393,-0.000723828,0.002409967,1.2115602,0.45399646,0.0006329,-0.0627388,4.1315821,0.64462343,288.317,287.913,289.442,-53.93,NaN,NaN,NaN,-0.0423863930341355,444.363878526768,64.7692070443083,12.8924686,288.317,287.913,289.442,0.356333907624513+0i,0.0006329,20.8725213309647,532.574133466919,27.5390397338547,20.9328558160018,263.035,-9.9e+37,-9.9e+37,-9.9e+37
20260514194053.8,3231.66399411857,9.7885313,0.71931811,2.0026838,2.7293339,-0.000422732,-0.000722739,0.002397335,1.2115493,0.40863511,0.000634751,-0.002220491,4.1309701,0.65472823,288.316,287.892,289.423,-53.99,NaN,NaN,NaN,-0.0465366495874946,444.428545142431,69.5379368127652,13.0945646,288.316,287.892,289.423,0.349240384589991+0i,0.000634751,20.8657266510675,532.711772801457,27.5116363780999,20.9334461878739,1056.803,240.944,-9.9e+37,-9.9e+37
20260514194056,3233.82799364626,9.7886187,0.59042206,2.0027494,2.7293339,-0.000420663,-0.000724481,0.0024471,1.211593,0.16725171,0.000635732,0.043095642,4.1309263,0.7369131,288.339,287.881,289.429,-54.04,NaN,NaN,NaN,-0.0423863930341355,444.428545142431,56.6555479573428,14.738262,288.339,287.881,289.429,0.322719562406667+0i,0.000635732,20.8652403651533,534.3596910159,25.3244749067544,20.9332396249592,9.9e+37,915.34,559.463,371.231
20260514194058.1,3235.94099767506,9.7886515,0.56748222,2.0027822,2.729323,-0.000423277,-0.000720452,0.00241454,1.211582,0.37829891,0.000635187,-0.046173862,4.1309154,0.60703603,288.32,287.892,289.399,-54.04,NaN,NaN,NaN,-0.0403112647574631,444.421381868948,54.3628482263489,12.1407206,288.32,287.892,289.399,0.323856655187662+0i,0.000635187,20.8651193487956,532.987051470539,26.4316950399507,20.9329738903762,-9.9e+37,-9.9e+37,-9.9e+37,-9.9e+37
20260514194100.2,3238.07800076902,9.7892089,0.49304723,2.002651,2.7293121,-0.000424366,-0.000721541,0.002430657,1.2115274,0.34780776,0.000634316,0.11453129,4.1310029,0.73780681,288.328,287.881,289.361,-54,NaN,NaN,NaN,-0.0486117778641528,444.414218595465,46.9235164110646,14.7561362,288.328,287.881,289.361,0.289152465749878+0i,0.000634316,20.8660908103822,526.257739278235,26.4453967178283,20.9335346764142,9.9e+37,881.892,399.972,-9.9e+37
20260514194102.3,3240.20299427211,9.7892964,0.51021555,2.0026292,2.7296071,-0.000423059,-0.000723501,0.002400166,1.211593,0.12914488,0.000633009,0.011623074,4.131451,0.68724143,288.344,287.865,289.355,-54.12,NaN,NaN,NaN,-0.0499909789748756,444.608087006247,48.639387256093,13.7448286,288.344,287.865,289.355,0.299263242766455+0i,0.000633009,20.8710658039475,525.159127135271,26.4316950399507,20.9333870162057,-9.9e+37,551.242,752.459,355.801
20260514194104.5,3242.36300066113,9.7885313,0.64866752,2.0026947,2.729323,-0.000421534,-0.000719908,0.002427499,1.2116039,0.41210413,0.000632791,0.084970007,4.1309701,0.68929621,288.312,287.862,289.369,-54.13,NaN,NaN,NaN,-0.045847049032119,444.421381868948,62.4768331308058,13.7859242,288.312,287.862,289.369,0.346328825919036+0i,0.000632791,20.8657266510675,524.334542394711,26.4316950399507,20.9331804532909,-9.9e+37,315.892,395.599,-9.9e+37
20260514194106.6,3244.51199322939,9.7895149,0.65321906,2.002815,2.729323,-0.000426217,-0.000717839,0.002422054,1.211593,0.43037353,0.000635732,-0.023690984,4.1315493,0.67483304,288.325,287.862,289.344,-54.12,NaN,NaN,NaN,-0.0382361364807764,444.421381868948,62.9317323163977,13.4966608,288.325,287.862,289.344,0.343240408247662+0i,0.000635732,20.8721571716499,525.159127135271,26.4453967178283,20.9332985276654,-9.9e+37,381.198,359.665,-9.9e+37
20260514194108.8,3246.6439973563,9.7895149,0.63079537,2.002804,2.7292465,-0.000421425,-0.000721106,0.00239886,1.2115165,0.10971334,0.000634098,0.005882426,4.1315384,0.68579555,288.333,287.851,289.333,-54.11,NaN,NaN,NaN,-0.0389320636467545,444.371107518356,60.6906186891496,13.715911,288.333,287.851,289.333,0.273790015080053+0i,0.000634098,20.8720361552923,524.198154326854,25.3244749067544,20.935364963699,273.381,295.602,699.108,409.074
20260514194110.9,3248.78499358892,9.7895477,0.49209785,2.002968,2.7296946,-0.000421316,-0.000721759,0.002376972,1.2115383,0.39572805,0.000637147,-0.030702763,4.1313745,0.59412569,288.32,287.867,289.293,-54.17,NaN,NaN,NaN,-0.0285564222633639,444.665590348428,46.8286315613616,11.8825138,288.32,287.867,289.293,0.314051694537503+0i,0.000637147,20.8702164689603,524.334542394711,25.3107732288772,20.9327081557932,-9.9e+37,-9.9e+37,-9.9e+37,145.477
20260514194113.1,3250.92599987984,9.7884548,0.55575587,2.0026401,2.7294869,-0.000421643,-0.000720452,0.002436211,1.2115165,0.24019609,0.000634643,-0.11629263,4.1312433,0.62374057,288.339,287.892,289.265,-54.21,NaN,NaN,NaN,-0.0493013784195284,444.529093843616,53.190869716885,12.4748114,288.339,287.892,289.265,0.261311292864967+0i,0.000634643,20.8687598317013,524.198154326854,26.4316950399507,20.9351581318222,9.9e+37,-9.9e+37,112.989,480.206
20260514194115.2,3253.04700024426,9.788116,0.49026786,2.0028478,2.7298585,-0.000421534,-0.000725461,0.002408442,1.2114946,0.34221738,0.000633118,-0.10394787,4.1314838,0.61025734,288.331,287.881,289.26,-54.22,NaN,NaN,NaN,-0.036161008204104,444.773302323096,46.6457350119209,12.2051468,288.331,287.881,289.26,0.296848043833281+0i,0.000633118,20.8714299632622,532.437745399057,25.7892109082118,20.9331215505848,9.9e+37,-9.9e+37,-9.9e+37,394.463
20260514194117.3,3255.16800060868,9.7879739,0.76127806,2.002804,2.729323,-0.000423712,-0.000723175,0.002413887,1.2115493,0.40848452,0.000635078,-0.01516501,4.1309045,0.61765369,288.325,287.892,289.279,-54.23,NaN,NaN,NaN,-0.0389320636467545,444.421381868948,73.7315827177722,12.3530738,288.325,287.892,289.279,0.311033144032517+0i,0.000635078,20.864998332438,533.672745609879,26.4179933620735,20.9348630803672,9.9e+37,316.52,-9.9e+37,235.337
20260514194119.4,3257.29299411178,9.7880504,0.74470558,2.0029352,2.7298804,-0.000423603,-0.000722303,0.002352579,1.211593,0.1334956,0.000631702,0.018311442,4.1309701,0.729472,288.358,287.932,289.257,-54.25,NaN,NaN,NaN,-0.0306315505400363,444.787694588167,72.0752625151073,14.58944,288.358,287.932,289.257,0.361625143732055+0i,0.000631702,20.8657266510675,534.3596910159,26.4590983957055,20.9332689418312,9.9e+37,940.08,456.806,495.533
20260514194121.6,3259.45699363947,9.7888592,0.557468,2.0029024,2.7304159,-0.000422405,-0.000722086,0.002364122,1.2114946,0.41829031,0.000631811,0.098494822,4.131298,0.68811987,288.328,287.943,289.279,-54.33,NaN,NaN,NaN,-0.032706678816723,445.139615042314,53.3619868646256,13.7623974,288.328,287.943,289.279,0.300868887045231+0i,0.000631811,20.8693671339732,534.085663613495,26.4726755128745,20.9336231649545,-9.9e+37,482.001,220.663,-9.9e+37
20260514194123.8,3261.61700002849,9.788105,0.49105681,2.0028805,2.7304378,-0.00042197,-0.000719472,0.002420856,1.2116476,0.11165572,0.000634316,0.012586366,4.1307733,0.65115554,288.344,287.971,289.295,-54.35,NaN,NaN,NaN,-0.0340922065380482,445.154007307386,46.724585843172,13.0231108,288.344,287.971,289.295,0.28279329767914+0i,0.000634316,20.863541695179,533.398718207478,26.4316950399507,20.9335938480825,163.649,267.228,653.207,450.385
20260514194125.9,3263.73800039291,9.7878646,0.61005219,2.0026401,2.7302629,-0.000423277,-0.000723392,0.002438606,1.2116039,0.33438563,0.000635187,0.11468451,4.1308061,0.69371786,288.333,287.976,289.301,-54.38,NaN,NaN,NaN,-0.0493013784195284,445.039066341129,58.6174619798632,13.8743572,288.333,287.976,289.301,0.315986121450162+0i,0.000635187,20.8639058544937,532.16246672998,25.297071551,20.9336823366228,-9.9e+37,540.267,453.942,176.976
20260514194128,3265.87899662554,9.7872088,0.58465927,2.0026401,2.7308422,-0.000423821,-0.000720234,0.00242837,1.2115165,0.19711214,0.000630613,-0.11681652,4.1314072,0.57363457,288.322,287.981,289.282,-54.43,NaN,NaN,NaN,-0.0493013784195284,445.41977132542,56.0795915826351,11.4726914,288.322,287.981,289.282,0.260742530882021+0i,0.000630613,20.8705795180333,533.672745609879,25.3380520239239,20.9352468893246,-9.9e+37,-9.9e+37,360.14,496.246
20260514194130.2,3268.01899708807,9.7870886,0.50910359,2.0026838,2.7299788,-0.000423059,-0.000722195,0.002333958,1.2115165,0.16731937,0.000634751,0.048174094,4.130981,0.66162589,288.332,287.979,289.293,-54.51,NaN,NaN,NaN,-0.0465366495874946,444.852361203831,48.5282535083042,13.2325178,288.332,287.979,289.293,0.260638477537738+0i,0.000634751,20.8658476674251,532.16246672998,26.4316950399507,20.9345973457841,9.9e+37,611.068,504.495,487.603
20260514194132.3,3270.17199285328,9.7879192,0.60616959,2.0027822,2.729935,-0.000422405,-0.000723175,0.002370982,1.2114946,0.42626831,0.000618417,-0.013215017,4.1309373,0.61401117,288.313,287.984,289.295,-54.52,NaN,NaN,NaN,-0.0403112647574631,444.823576673688,58.2294193441885,12.2802234,288.313,287.984,289.295,0.320436535661049+0i,0.000618417,20.8653624917527,533.123439538397,26.4453967178283,20.9334461878739,-9.9e+37,-9.9e+37,-9.9e+37,-9.9e+37
20260514194134.4,3272.30499275029,9.7870121,0.46464251,2.0026182,2.7300334,-0.00042197,-0.000725788,0.002404086,1.2115493,0.36481459,0.00063486,0.11374747,4.1303799,0.72714986,288.339,287.984,289.312,-54.6,NaN,NaN,NaN,-0.0506869061408253,444.888243289352,44.0846346271046,14.5429972,288.339,287.984,289.312,0.268777650193726+0i,0.00063486,20.8591740038856,533.948024278961,26.4316950399507,20.9338004109972,1334.913,760.458,361.442,-9.9e+37
20260514194136.6,3274.45299960673,9.7874165,0.59451417,2.0029133,2.729782,-0.000421316,-0.00072263,0.002350728,1.2114509,0.3403121,0.000631158,0.10841334,4.1307515,0.73990088,288.328,287.973,289.317,-54.58,NaN,NaN,NaN,-0.0320170782613616,444.723027972503,57.064529863764,14.7980176,288.328,287.973,289.317,0.312690904557345+0i,0.000631158,20.8632996624637,532.987051470539,26.4590983957055,20.9335938480825,-9.9e+37,732.039,570.099,-9.9e+37
20260514194138.8,3276.67199783027,9.7873509,0.53865518,2.0027713,2.7298695,-0.000422079,-0.000725788,0.002393415,1.2113962,0.24775286,0.000633227,-0.00762769,4.130358,0.74708555,288.336,287.968,289.312,-54.54,NaN,NaN,NaN,-0.0410008653128102,444.780531314684,51.4817580856439,14.941711,288.336,287.968,289.312,0.296814677691396+0i,0.000633227,20.8589308609285,534.771357752839,26.4179933620735,20.9335642622484,-9.9e+37,528.003,774.819,-9.9e+37
20260514194141,3278.90599295497,9.7874274,0.67067,2.0029243,2.7292902,-0.000423712,-0.000723066,0.002375447,1.2113962,0.45265643,0.000629089,-0.003064866,4.1302159,0.74125837,288.328,287.949,289.325,-54.55,NaN,NaN,NaN,-0.0313211510953977,444.399826330394,64.6758493391664,14.8251674,288.328,287.949,289.325,0.262035215073872+0i,0.000629089,20.8573532073119,533.398718207478,27.75776833706,20.9357189178602,-9.9e+37,-9.9e+37,591.923,107.341
20260514194143.2,3281.03899285197,9.7873072,0.60176321,2.0028805,2.7287328,-0.000424583,-0.000721868,0.002419985,1.2114618,0.4308995,0.000631811,0.032197588,4.1309482,0.69841233,288.325,287.952,289.35,-54.61,NaN,NaN,NaN,-0.0340922065380482,444.033513611175,57.7890280319275,13.9682466,288.325,287.952,289.35,0.309773139944666+0i,0.000631811,20.8654835081104,530.376909180998,27.5663185289013,20.9337708251631,-9.9e+37,238.301,-9.9e+37,-9.9e+37
20260514194145.3,3283.17199274898,9.7871214,0.45248619,2.0026947,2.7287219,-0.000421643,-0.000720888,0.002411818,1.2114727,0.16744704,0.000613408,0.062956341,4.1303034,0.74102266,288.333,287.908,289.371,-54.65,NaN,NaN,NaN,-0.045847049032119,444.026350337692,42.869683189175,14.8204532,288.333,287.908,289.371,0.265114723883913+0i,0.000613408,20.8583246688985,524.747460398332,26.8418734513148,20.9339773880778,841.636,623.628,681.859,238.92
20260514194147.6,3285.42200066149,9.7870777,0.54457619,2.002662,2.7281098,-0.000424039,-0.000720126,0.002407136,1.211429,0.34372219,0.00063486,-0.00748365,4.1308608,0.74700916,288.317,287.927,289.355,-54.67,NaN,NaN,NaN,-0.0479158506982031,443.624089814847,52.0735276025286,14.9401832,288.317,287.927,289.355,0.32277329410431+0i,0.00063486,20.8645131567656,524.747460398332,26.404416244904,20.9329443045421,-9.9e+37,-9.9e+37,721.624,171.771
20260514194149.7,3287.5550005585,9.7870777,0.62839575,2.002651,2.7281098,-0.000420227,-0.000718274,0.002354321,1.2113416,0.32677977,0.000632465,0.16647912,4.1310466,0.70650162,288.347,287.911,289.371,-54.69,NaN,NaN,NaN,-0.0486117778641528,443.624089814847,60.4507910299991,14.1300324,288.347,287.911,289.371,0.284843335635107+0i,0.000632465,20.8665759860546,525.433154537676,27.5390397338547,20.9348926662013,-9.9e+37,306.029,448.266,-9.9e+37
20260514194151.9,3289.81600217521,9.7872307,0.49808979,2.0027057,2.72917,-0.000422405,-0.000720888,0.002403215,1.2114727,0.12776775,0.000612864,-0.000548397,4.1309591,0.53853951,288.347,287.908,289.371,-54.76,NaN,NaN,NaN,-0.0451511218661693,444.320833167764,47.4274901072856,10.7707902,288.347,287.908,289.371,0.309779641054659+0i,0.000612864,20.865604524468,525.708433206753,27.5937218846561,20.9328262301676,-9.9e+37,-9.9e+37,215.055,450.159
20260514194154.1,3291.94900207222,9.788105,0.63789818,2.0028368,2.7292246,-0.000421316,-0.00071969,0.002381545,1.2114727,0.18709465,0.000620813,-0.11685529,4.1314728,0.59610081,288.336,287.884,289.363,-54.82,NaN,NaN,NaN,-0.0368569353700678,444.356715253284,61.4005020438854,11.9220162,288.336,287.884,289.363,0.310727660892732+0i,0.000620813,20.8713078366628,523.785236323233,28.3865507909218,20.9341546341206,1597.803,-9.9e+37,175.214,585.119
20260514194156.2,3294.09699887037,9.7881269,0.45068458,2.0030336,2.7295088,-0.000420881,-0.000720343,0.002413452,1.2115055,0.43657934,0.000632682,0.10942487,4.1311559,0.71802828,288.32,287.911,289.361,-54.87,NaN,NaN,NaN,-0.0244061657100048,444.543486108688,42.6896230509022,14.3605656,288.32,287.911,289.361,0.274488217622093+0i,0.000632682,20.8677894803565,525.159127135271,27.6893845083814,20.9335642622484,9.9e+37,672.892,-9.9e+37,-9.9e+37
20260514194158.4,3296.30800075829,9.788116,0.64009374,2.002968,2.7297274,-0.000419574,-0.00072361,0.002432073,1.2115274,0.285289,0.000635732,-0.00744,4.1309373,0.75341468,288.337,287.908,289.352,-54.91,NaN,NaN,NaN,-0.0285564222633639,444.687145886982,61.6199351271754,15.0682936,288.337,287.908,289.352,0.33043148947862+0i,0.000635732,20.8653624917527,524.472181729254,28.3455703179975,20.9335346764142,124.222,537.633,671.575,143.488
20260514194200.6,3298.4609965235,9.7882908,0.65103769,2.0030226,2.7302301,-0.000420336,-0.000722412,0.002363033,1.2114181,0.3462593,0.000636276,0.1685241,4.131134,0.7237365,288.333,287.9,289.342,-54.94,NaN,NaN,NaN,-0.0251020928759687,445.017510802575,62.7137174386916,14.47473,288.333,287.9,289.342,0.337913704906503+0i,0.000636276,20.8675463373994,523.373569586294,28.3318686401203,20.9334166020398,-9.9e+37,446.018,492.816,-9.9e+37
20260514194202.9,3300.7339976728,9.7886952,0.51613111,2.0026947,2.7310171,-0.000424039,-0.000724155,0.002402889,1.2113962,0.4200003,0.000633989,-0.000972654,4.1309701,0.76458994,288.328,287.919,289.355,-54.96,NaN,NaN,NaN,-0.045847049032119,445.534712291676,49.2306120780917,15.2917988,288.328,287.919,289.355,0.311782043839782+0i,0.000633989,20.8657266510675,533.398718207478,28.3729736737523,20.9327673274615,-9.9e+37,-9.9e+37,711.945,-9.9e+37
20260514194205,3302.84700170159,9.788422,0.6386413,2.0026182,2.730722,-0.000423168,-0.000720017,0.002408116,1.2114946,0.21779531,0.000635732,-0.11983018,4.1311996,0.58310863,288.331,287.9,289.361,-54.98,NaN,NaN,NaN,-0.0506869061408253,445.340778162789,61.4747724408932,11.6621726,288.331,287.9,289.361,0.34727848439534+0i,0.000635732,20.8682746560289,533.948024278961,28.3592719958751,20.9327966443335,-9.9e+37,-9.9e+37,129.385,479.821
20260514194207.1,3304.99599426985,9.7887936,0.62515043,2.0027931,2.7316619,-0.000423712,-0.000722521,0.00240572,1.2114181,0.45418524,0.000613735,-0.05656618,4.1315493,0.64898289,288.325,287.922,289.38,-55.04,NaN,NaN,NaN,-0.0396216642021017,445.95846263497,60.1264407167019,12.9796578,288.325,287.922,289.38,0.32803996700725+0i,0.000613735,20.8721571716499,533.810384944418,28.0721595639911,20.9332985276654,9.9e+37,237.25,-9.9e+37,-9.9e+37
20260514194209.3,3307.15999379754,9.7877225,0.59492665,2.0026292,2.7306345,-0.000422079,-0.000721432,0.002384485,1.2114946,0.41884575,0.000632465,-0.027471835,4.1303471,0.65187903,288.32,287.93,289.377,-55.09,NaN,NaN,NaN,-0.0499909789748756,445.283274820608,57.1057547713937,13.0375806,288.32,287.93,289.377,0.337237420019879+0i,0.000632465,20.8588098445709,534.085663613495,26.6641253210337,20.9327673274615,1567.53,381.852,-9.9e+37,-9.9e+37
20260514194211.4,3309.30100008845,9.7878537,0.48200288,2.0027057,2.7306017,-0.000423494,-0.000717948,0.002396355,1.2113853,0.13333956,0.000632029,-0.091741177,4.1308608,0.63443243,288.35,287.916,289.38,-55.16,NaN,NaN,NaN,-0.0451511218661693,445.261719282053,45.8196997203639,12.6886486,288.35,287.916,289.38,0.288685887250092+0i,0.000632029,20.8645131567656,533.948024278961,26.404416244904,20.9332689418312,9.9e+37,450.483,342.392,573.598
20260514194213.6,3311.44100055099,9.788116,0.58837819,2.0028587,2.7309187,-0.000422405,-0.000721432,0.002425866,1.2113744,0.14564646,0.000635623,-0.088150799,4.1315056,0.6087449,288.345,287.922,289.371,-55.19,NaN,NaN,NaN,-0.0354714076487426,445.470045676012,56.4512753818067,12.174898,288.345,287.922,289.371,0.309002262298127+0i,0.000635623,20.8716719959775,525.159127135271,26.3907145670269,20.9338299968314,9.9e+37,-9.9e+37,122.45,763.754
20260514194215.7,3313.58999311924,9.787799,0.405464,2.002662,2.7299678,-0.000421099,-0.000717512,0.002441764,1.2113525,0.19619441,0.000635187,-0.097751965,4.1309919,0.58651872,288.344,287.927,289.382,-55.2,NaN,NaN,NaN,-0.0479158506982031,444.845132212243,38.1700966897162,11.7303744,288.344,287.927,289.382,0.250764799658904+0i,0.000635187,20.8659686837828,525.433154537676,27.5253380559775,20.9339184853717,9.9e+37,-9.9e+37,-9.9e+37,773.183
20260514194217.9,3315.72999358177,9.7880395,0.75662179,2.0030117,2.7289514,-0.000424257,-0.000723719,0.002427172,1.2113525,0.12617346,0.000636603,0.027570507,4.1310029,0.66919029,288.361,287.935,289.388,-55.2,NaN,NaN,NaN,-0.02579169343133,444.17717338947,73.2662163954075,13.3838058,288.361,287.935,289.388,0.384775312948325+0i,0.000636603,20.8660908103822,532.987051470539,27.5527414117323,20.9326785699591,9.9e+37,315.491,241.09,789.687
20260514194220,3317.87499301136,9.7878209,0.47985098,2.0026182,2.728394,-0.000422623,-0.000719472,0.002408225,1.2114727,0.12157608,0.000630178,0.042604305,4.13144,0.62180363,288.336,287.932,289.377,-55.24,NaN,NaN,NaN,-0.0506869061408253,443.810860670251,45.6046301928029,12.4360726,288.336,287.932,289.377,0.306634726016042+0i,0.000630178,20.870943677348,533.398718207478,27.5116363780999,20.9325604955846,1254.796,-9.9e+37,273.949,791.188
20260514194222.2,3320.03899253905,9.7879629,0.54596208,2.0026947,2.7278694,-0.00042491,-0.000722195,0.002403433,1.2114946,0.44426815,0.000628653,0.03213519,4.1315493,0.63913999,288.331,287.965,289.388,-55.28,NaN,NaN,NaN,-0.045847049032119,443.466103489587,52.2120390145606,12.7827998,288.331,287.965,289.388,0.24853574351854+0i,0.000628653,20.8721571716499,533.948024278961,26.4590983957055,20.9353057920308,398.475,-9.9e+37,-9.9e+37,189.786
20260514194224.3,3322.20299206674,9.7880722,0.56297543,2.0027385,2.7273557,-0.000423712,-0.000723066,0.002383614,1.2114946,0.13686425,0.000636276,0.014597013,4.131593,0.7157116,288.344,287.965,289.369,-55.39,NaN,NaN,NaN,-0.0430759935894969,443.128509582406,53.9124215354633,14.314232,288.344,287.965,289.369,0.303185353279204+0i,0.000636276,20.8726423473223,533.948024278961,26.623144848109,20.9335938480825,1604.012,475.031,512.849,514.208
20260514194226.5,3324.33199882507,9.7879302,0.53944632,2.002804,2.7267436,-0.000423712,-0.000719254,0.002438933,1.21144,0.43979738,0.000634751,-0.057264308,4.1315603,0.60911701,288.314,287.968,289.374,-55.46,NaN,NaN,NaN,-0.0389320636467545,442.726249059561,51.5608277942896,12.1823402,288.314,287.968,289.374,0.288189911520073+0i,0.000634751,20.8722792982494,533.948024278961,26.4316950399507,20.9338888995375,-9.9e+37,-9.9e+37,-9.9e+37,-9.9e+37
20260514194228.6,3326.49599835277,9.788116,0.57147066,2.0029133,2.7260439,-0.000421752,-0.000719037,0.002366844,1.2113853,0.1473084,0.000638454,0.009236302,4.1314072,0.70971529,288.336,287.981,289.352,-55.47,NaN,NaN,NaN,-0.0320170782613616,442.26641947643,54.761468936654,14.1943058,288.336,287.981,289.352,0.297539028677086+0i,0.000638454,20.8705795180333,534.3596910159,26.4453967178283,20.9338593137034,9.9e+37,651.954,593.815,440.136
20260514194230.8,3328.64000201225,9.7878427,0.54560743,2.0026947,2.725574,-0.000422623,-0.000721977,0.002398642,1.2113635,0.12065072,0.000634751,-0.043592278,4.1309373,0.60914211,288.347,287.976,289.35,-55.49,NaN,NaN,NaN,-0.045847049032119,441.957610099392,52.1765938693635,12.1828422,288.347,287.976,289.35,0.262468125953601+0i,0.000634751,20.8653624917527,532.711772801457,25.297071551,20.9348926662013,-9.9e+37,-9.9e+37,392.413,697.39
20260514194232.9,3330.77699504793,9.787799,0.50479651,2.0026182,2.7257816,-0.000423059,-0.000719908,0.002389277,1.2115383,0.4185773,0.000612972,-0.018268097,4.1312761,0.59808031,288.322,287.962,289.336,-55.47,NaN,NaN,NaN,-0.0506869061408253,442.094040886098,48.0977866368103,11.9616062,288.322,287.962,289.336,0.251838117599445+0i,0.000612972,20.8691239910161,532.987051470539,25.3107732288772,20.9348926662013,376.738,-9.9e+37,-9.9e+37,292.262
20260514194235.1,3332.92899504304,9.7880941,0.59101351,2.0028368,2.7261095,-0.000422732,-0.000721868,0.002368695,1.2115165,0.40077499,0.000634207,0.11283177,4.1315275,0.75839831,288.325,287.949,289.38,-55.48,NaN,NaN,NaN,-0.0368569353700678,442.309530553539,56.714659845477,15.1679662,288.325,287.949,289.38,0.324642821584252+0i,0.000634207,20.8719151389346,532.849412135996,25.3791570575559,20.9332100391251,9.9e+37,809.146,278.254,-9.9e+37
20260514194237.2,3335.06199494004,9.7880285,0.53647709,2.0029024,2.7262516,-0.000425563,-0.00072067,0.002351817,1.2115055,0.14752773,0.000633118,0.006736822,4.1309373,0.72536789,288.339,287.941,289.374,-55.46,NaN,NaN,NaN,-0.032706678816723,442.402915981241,51.2640710243095,14.5073578,288.339,287.941,289.374,0.295566613881501+0i,0.000633118,20.8653624917527,532.024827395436,25.3107732288772,20.9336823366228,-9.9e+37,495.094,691.575,332.052
20260514194239.3,3337.21099756658,9.788116,0.45142879,2.0030554,2.7270387,-0.000422405,-0.000724046,0.00237512,1.2114618,0.3861132,0.000632247,0.10960128,4.131134,0.72127251,288.328,287.962,289.393,-55.51,NaN,NaN,NaN,-0.0230269645992962,442.920183188448,42.7640023868872,14.4254502,288.328,287.962,289.393,0.270190279943646+0i,0.000632247,20.8675463373994,534.497330350434,25.2560910780758,20.9336231649545,-9.9e+37,398.189,431.993,-9.9e+37
20260514194241.5,3339.331997931,9.788116,0.47535184,2.0029352,2.7277601,-0.000420227,-0.000720343,0.002428588,1.2113635,0.36720766,0.000632465,-0.091486253,4.1313963,0.58905475,288.325,287.96,289.388,-55.59,NaN,NaN,NaN,-0.0306315505400363,443.394273600439,45.154968073638,11.781095,288.325,287.96,289.388,0.2423634943534+0i,0.000632465,20.8704585016756,533.123439538397,25.2833698731229,20.9349515689075,-9.9e+37,-9.9e+37,138.785,-9.9e+37
20260514194243.6,3341.46099463105,9.7878099,0.61934182,2.0026401,2.7282737,-0.000426435,-0.000719908,0.002435884,1.2114727,0.34684202,0.000636276,-0.11052675,4.1314072,0.62082262,288.32,287.954,289.369,-55.68,NaN,NaN,NaN,-0.0493013784195284,443.731801789515,59.5459049071911,12.4164524,288.32,287.954,289.369,0.322840943900491+0i,0.000636276,20.8705795180333,524.198154326854,25.2833698731229,20.933711922457,1633.39,177.95,-9.9e+37,227.351
20260514194245.7,3343.60099509358,9.788105,0.56072096,2.0030445,2.7289077,-0.000423494,-0.000719908,0.002430439,1.2115165,0.45075332,0.000633989,0.080434183,4.1311777,0.70899399,288.327,287.934,289.38,-55.69,NaN,NaN,NaN,-0.0237165651546434,444.148454577432,53.6871007502035,14.1798798,288.327,287.934,289.38,0.242263200524122+0i,0.000633989,20.8680315130718,532.711772801457,26.4590983957055,20.9356600151541,9.9e+37,788.703,-9.9e+37,-9.9e+37
20260514194247.9,3345.7420013845,9.7881269,0.59719532,2.0030554,2.7295525,-0.000421534,-0.000721214,0.002393633,1.2113088,0.19052766,0.000632247,-0.11715943,4.1311559,0.59094803,288.335,287.929,289.35,-55.69,NaN,NaN,NaN,-0.0230269645992962,444.572204920726,57.3324947616776,11.8189606,288.335,287.929,289.35,0.319670378434498+0i,0.000632247,20.8677894803565,533.810384944418,25.3107732288772,20.9334166020398,1034.056,194.848,301.849,428.444
20260514194250,3347.87899442017,9.788105,0.46518594,2.0027822,2.7304597,-0.000422514,-0.00071871,0.002407353,1.2114618,0.13632627,0.000638127,-0.058668076,4.1315821,0.63099834,288.35,287.905,289.336,-55.74,NaN,NaN,NaN,-0.0403112647574631,445.168399572457,44.1389472036009,12.6199668,288.35,287.905,289.336,0.272534872872809+0i,0.000638127,20.8725213309647,533.810384944418,25.3107732288772,20.933711922457,9.9e+37,246.856,218.183,748.644
20260514194252.1,3350.01199431717,9.7880832,0.51322625,2.0030226,2.7300334,-0.000422514,-0.000721214,0.002385248,1.2114509,0.42282221,0.000637801,-0.039099799,4.1309919,0.61026171,288.331,287.922,289.344,-55.81,NaN,NaN,NaN,-0.0251020928759687,444.888243289352,48.9402887044075,12.2052342,288.331,287.922,289.344,0.250092285143882+0i,0.000637801,20.8659686837828,533.948024278961,25.3517537018015,20.9350107405757,1213.817,232.525,-9.9e+37,263.057
20260514194254.3,3352.15599797666,9.7886187,0.63249878,2.0027385,2.7305799,-0.000421861,-0.000720888,0.002394504,1.2113853,0.152148,0.000638998,0.000859838,4.1309482,0.72492157,288.341,287.913,289.352,-55.84,NaN,NaN,NaN,-0.0430759935894969,445.247392735087,60.8608643250727,14.4984314,288.341,287.913,289.352,0.343587827593402+0i,0.000638998,20.8654835081104,533.261078872935,25.3244749067544,20.9329738903762,9.9e+37,714.922,488.835,548.615
20260514194256.4,3354.28100153804,9.7886297,0.56585737,2.002651,2.7309078,-0.00042099,-0.000722412,0.002405829,1.2114072,0.2358781,0.000616348,-0.11775421,4.1314182,0.55709044,288.301,287.913,289.347,-55.84,NaN,NaN,NaN,-0.0486117778641528,445.462882402529,54.2004541923057,11.1418088,288.301,287.913,289.347,0.304836778811602+0i,0.000616348,20.8707016446327,533.672745609879,25.2560910780758,20.9336231649545,-9.9e+37,-9.9e+37,-9.9e+37,575.856
20260514194258.5,3356.41400143504,9.7888264,0.47375101,2.0028915,2.7310717,-0.000423712,-0.000722739,0.002410947,1.2115165,0.41495115,0.000634751,0.11349733,4.1315384,0.74239106,288.322,287.903,289.355,-55.9,NaN,NaN,NaN,-0.0333962793720701,445.570594377197,44.9949746948539,14.8478212,288.322,287.903,289.355,0.273704393476677+0i,0.000634751,20.8720361552923,533.123439538397,26.363311211272,20.933741239329,9.9e+37,786.791,207.232,-9.9e+37
20260514194300.7,3358.54299813509,9.7886952,0.57788929,2.0028478,2.7305908,-0.00042295,-0.000721323,0.002371962,1.2113962,0.12006473,0.000616784,0.043625636,4.1309263,0.68495421,288.341,287.908,289.38,-55.99,NaN,NaN,NaN,-0.036161008204104,445.25455600857,55.4029725946721,13.6990842,288.341,287.908,289.38,0.247871970640747+0i,0.000616784,20.8652403651533,524.334542394711,26.4453967178283,20.9357780895285,-9.9e+37,300.981,642.205,476.16
20260514194302.8,3360.70299446583,9.788575,0.55559872,2.0027057,2.729935,-0.000426217,-0.000727639,0.002409422,1.2114727,0.44124872,0.000634969,-0.063565206,4.1309591,0.62788833,288.32,287.894,289.377,-56.02,NaN,NaN,NaN,-0.0451511218661693,444.823576673688,53.1751635148049,12.5577666,288.32,287.894,289.377,0.315712872104643+0i,0.000634969,20.865604524468,524.883848466193,26.4316950399507,20.9332985276654,-9.9e+37,-9.9e+37,-9.9e+37,-9.9e+37
20260514194305,3362.83200122416,9.7886843,0.61015477,2.0028259,2.7299569,-0.000422188,-0.000720888,0.002382525,1.2115274,0.21952599,0.00063584,-0.11753359,4.1309263,0.61962445,288.317,287.875,289.39,-56.02,NaN,NaN,NaN,-0.0375465359254292,444.83796893876,58.6277142370021,12.392489,288.317,287.875,289.39,0.29703620675998+0i,0.00063584,20.8652403651533,534.3596910159,26.4179933620735,20.9342135368267,1128.285,-9.9e+37,183.661,436.569
20260514194307.1,3364.96899425983,9.7885094,0.52608312,2.0027057,2.7295962,-0.000421861,-0.000723828,0.00235639,1.2114181,0.34622766,0.00063192,0.11674394,4.1303034,0.73671449,288.327,287.871,289.412,-56.09,NaN,NaN,NaN,-0.0451511218661693,444.600923732763,50.2252559225931,14.7342898,288.327,287.871,289.412,0.296940505227464+0i,0.00063192,20.8583246688985,533.948024278961,26.5820398144774,20.9334461878739,9.9e+37,877.435,341.835,161.913
20260514194309.3,3367.13699698448,9.7878318,0.51224087,2.0026838,2.7293558,-0.000423603,-0.000719581,0.002395593,1.2114837,0.34199259,0.000634425,-0.10697863,4.1309482,0.59110735,288.305,287.888,289.41,-56.15,NaN,NaN,NaN,-0.0465366495874946,444.442937407503,48.8418058701363,11.822147,288.305,287.888,289.41,0.298734949057966+0i,0.000634425,20.8654835081104,532.849412135996,26.4179933620735,20.9332689418312,-9.9e+37,-9.9e+37,-9.9e+37,111.61
20260514194311.4,3369.26499791443,9.7870449,0.45689258,2.002662,2.7293448,-0.000422841,-0.000720997,0.002376863,1.2116476,0.15311919,0.000632356,0.002598029,4.1304127,0.72342768,288.335,287.885,289.407,-56.2,NaN,NaN,NaN,-0.0479158506982031,444.435708415915,43.3100755008761,14.4685536,288.335,287.885,289.407,0.274748422925571+0i,0.000632356,20.8595381632004,533.123439538397,26.4590983957055,20.9335050905801,9.9e+37,664.557,554.903,507.805
20260514194313.5,3371.39799781144,9.7870449,0.56173907,2.0026401,2.7295088,-0.000422405,-0.00072067,0.002345283,1.2115274,0.40171345,0.000635187,-0.016141804,4.130522,0.59784024,288.31,287.88,289.39,-56.2,NaN,NaN,NaN,-0.0493013784195284,444.543486108688,53.7888547521112,11.9568048,288.31,287.88,289.39,0.28567928135072+0i,0.000635187,20.8607516575023,533.536357542013,27.4980592609309,20.9341546341206,-9.9e+37,-9.9e+37,-9.9e+37,103.64
20260514194315.7,3373.54700043797,9.7870886,0.51402285,2.0027166,2.7287109,-0.000423603,-0.000719145,0.002392761,1.2114618,0.27462223,0.000639543,-0.11889293,4.1302378,0.59986229,288.338,287.877,289.358,-56.3,NaN,NaN,NaN,-0.0444615213108221,444.019121346103,49.0199041073794,11.9972458,288.338,287.877,289.358,0.283930571477839+0i,0.000639543,20.857596350269,531.613160658497,26.6094431702322,20.9338299968314,9.9e+37,-9.9e+37,-9.9e+37,465.132
20260514194317.8,3375.69900043309,9.787176,0.50082769,2.002651,2.7289951,-0.000424474,-0.000721323,0.002358786,1.2114837,0.45597158,0.000631811,0.067854789,4.1307515,0.71077924,288.308,287.871,289.331,-56.3,NaN,NaN,NaN,-0.0486117778641528,444.205892201507,47.7011268280949,14.2155848,288.308,287.871,289.331,0.307552522155753+0i,0.000631811,20.8632996624637,532.849412135996,26.3907145670269,20.9328262301676,9.9e+37,719.397,-9.9e+37,-9.9e+37
20260514194320,3377.84699723125,9.7872853,0.62811639,2.0028805,2.7287328,-0.000422514,-0.000720452,0.002411709,1.2113744,0.41800986,0.000633663,0.10814045,4.1302378,0.72840696,288.319,287.88,289.287,-56.33,NaN,NaN,NaN,-0.0340922065380482,444.033513611175,60.4228706697503,14.5681392,288.319,287.88,289.287,0.317802455379042+0i,0.000633663,20.857596350269,533.810384944418,25.3927341747253,20.933741239329,294.864,790.602,327.088,-9.9e+37
20260514194322.1,3379.97599393129,9.7869902,0.41739005,2.0026182,2.7288093,-0.000424366,-0.000721106,0.002402344,1.2112869,0.12125854,0.000635078,0.043915951,4.1304127,0.69057513,288.347,287.889,289.293,-56.42,NaN,NaN,NaN,-0.0506869061408253,444.083787961767,39.3620340191318,13.8115026,288.347,287.889,289.293,0.25794318071257+0i,0.000635078,20.8595381632004,534.085663613495,25.3107732288772,20.9336823366228,-9.9e+37,565.781,742.856,376.304
20260514194324.3,3382.13999345899,9.7870667,0.56989165,2.0026729,2.7293558,-0.000420772,-0.000719145,0.002410294,1.2114946,0.38996745,0.000634751,0.11099405,4.1302924,0.6950437,288.325,287.897,289.293,-56.4,NaN,NaN,NaN,-0.047226250142856,444.442937407503,54.6036563362942,13.900874,288.325,287.897,289.293,0.310229565830531+0i,0.000634751,20.858202542299,532.300106064514,25.297071551,20.9335050905801,-9.9e+37,490.607,418.824,-9.9e+37
20260514194326.4,3384.30799618363,9.787329,0.5739914,2.0027385,2.7298476,-0.000422623,-0.000720997,0.002378605,1.2115274,0.15370409,0.000635949,0.008617231,4.1315821,0.69364584,288.347,287.911,289.314,-56.36,NaN,NaN,NaN,-0.0430759935894969,444.766139049612,55.013401814996,13.8729168,288.347,287.911,289.314,0.319946385126524+0i,0.000635949,20.8725213309647,534.085663613495,25.3517537018015,20.9331804532909,-9.9e+37,390.339,758.154,325.986
20260514194328.6,3386.43299974501,9.7872416,0.56574061,2.002662,2.7296946,-0.00042197,-0.000724917,0.00235247,1.2114181,0.41643304,0.000635187,0.080467614,4.1311449,0.6712811,288.32,287.911,289.347,-56.32,NaN,NaN,NaN,-0.0479158506982031,444.665590348428,54.188784729023,13.425622,288.32,287.911,289.347,0.341232785566229+0i,0.000635187,20.8676673537571,532.849412135996,24.4495604939334,20.9324424212102,-9.9e+37,224.697,365.92,-9.9e+37
20260514194330.7,3388.55799324811,9.7873837,0.43077401,2.0030554,2.7301208,-0.00042295,-0.000719472,0.002408551,1.2114946,0.17444401,0.000634207,-0.001093639,4.1304017,0.70793113,288.336,287.889,289.369,-56.41,NaN,NaN,NaN,-0.0230269645992962,444.945680913427,40.6996807285959,14.1586226,288.336,287.889,289.369,0.258452416533372+0i,0.000634207,20.8594160366009,534.085663613495,24.4768392889796,20.9338593137034,-9.9e+37,446.419,753.096,198.814
20260514194332.8,3390.69899953902,9.7870777,0.71719895,2.002651,2.7304924,-0.000421643,-0.00071871,0.002423143,1.2115165,0.14536274,0.000637474,-0.11405582,4.1302924,0.58067301,288.344,287.908,289.347,-56.49,NaN,NaN,NaN,-0.0486117778641528,445.189889392907,69.3261394522809,11.6134602,288.344,287.908,289.347,0.372498410723219+0i,0.000637474,20.858202542299,532.300106064514,25.3107732288772,20.9328262301676,-9.9e+37,-9.9e+37,430.998,558.119
20260514194335,3392.85099953413,9.7872744,0.6659046,2.0027057,2.7309952,-0.000421425,-0.000720779,0.002417481,1.2115383,0.42686412,0.000636058,-0.022892563,4.1313198,0.61403845,288.322,287.913,289.347,-56.55,NaN,NaN,NaN,-0.0451511218661693,445.520320026604,64.1995761263594,12.280769,288.322,287.913,289.347,0.362198183145136+0i,0.000636058,20.8696091666885,533.398718207478,26.404416244904,20.932649253087,548.902,-9.9e+37,-9.9e+37,191.461
20260514194337.1,3394.97999623418,9.7873618,0.70962254,2.0027603,2.7316619,-0.00042197,-0.000720997,0.002397771,1.2114618,0.16632526,0.000636276,0.019432303,4.1315493,0.72527077,288.336,287.922,289.38,-56.6,NaN,NaN,NaN,-0.0416967924787883,445.95846263497,68.5689226116708,14.5054154,288.336,287.922,289.38,0.36989183744259+0i,0.000636276,20.8721571716499,532.574133466919,26.3770128891492,20.9327966443335,9.9e+37,720.985,573.469,457.813
20260514194339.2,3397.10899293423,9.788116,0.58594692,2.0030008,2.731498,-0.000421861,-0.000717948,0.002360311,1.2114837,0.35105416,0.000634643,-0.085694671,4.1312542,0.61096337,288.322,287.916,289.385,-56.63,NaN,NaN,NaN,-0.0264812939866772,445.850750660302,56.2082844945566,12.2192674,288.322,287.916,289.385,0.303855030820745+0i,0.000634643,20.868880848059,533.536357542013,26.4453967178283,20.9338004109972,-9.9e+37,-9.9e+37,-9.9e+37,219.196
20260514194341.4,3399.23799969256,9.7877006,0.67914449,2.0026292,2.7312684,-0.000422079,-0.000717294,0.002338967,1.211582,0.45692095,0.000632791,-0.020781406,4.1303689,0.6866598,288.322,287.908,289.336,-56.64,NaN,NaN,NaN,-0.0499909789748756,445.699861890419,65.5228239014698,13.733196,288.322,287.908,289.336,0.346799964424084+0i,0.000632791,20.8590518772861,533.948024278961,27.5390397338547,20.9331804532909,1234.695,562.507,-9.9e+37,-9.9e+37
20260514194343.5,3401.37099958956,9.7885969,0.5214563,2.0027931,2.7317275,-0.000421534,-0.000722521,0.002403869,1.2115383,0.2720982,0.000631594,0.11967529,4.1315603,0.77399417,288.336,287.908,289.32,-56.67,NaN,NaN,NaN,-0.0396216642021017,446.001573712079,49.7628329514932,15.4798834,288.336,287.908,289.32,0.311924488681961+0i,0.000631594,20.8722792982494,533.123439538397,27.5390397338547,20.9328558160018,786.691,903.687,596.115,-9.9e+37
20260514194345.7,3403.58999781311,9.7887608,0.43890693,2.0030008,2.7315635,-0.000421643,-0.000719581,0.002385139,1.2114727,0.24910925,0.000633989,-0.00744545,4.1302706,0.74096483,288.336,287.881,289.312,-56.71,NaN,NaN,NaN,-0.0264812939866772,445.893796019306,41.5125174134287,14.8192966,288.336,287.881,289.312,0.255961233343998+0i,0.000633989,20.8579605095837,532.574133466919,27.5800202067785,20.9339773880778,-9.9e+37,462.42,744.276,156.322
20260514194347.9,3405.72599507868,9.788116,0.49838988,2.0030226,2.731487,-0.000423603,-0.000716096,0.002390366,1.2114072,0.32544192,0.000633554,0.17112668,4.1307843,0.71405621,288.325,287.913,289.336,-56.74,NaN,NaN,NaN,-0.0251020928759687,445.843521668714,47.4574823069816,14.2811242,288.325,287.913,289.336,0.251245201104226+0i,0.000633554,20.8636638217784,524.747460398332,26.5684626973084,20.9349811547416,-9.9e+37,399.746,560.202,-9.9e+37
20260514194350,3407.86299817264,9.7879629,0.55323403,2.0026729,2.7316073,-0.00042197,-0.000720561,0.002405502,1.2115165,0.3905829,0.000635405,0.13270337,4.1315821,0.6949324,288.331,287.884,289.328,-56.79,NaN,NaN,NaN,-0.047226250142856,445.922580549449,52.9388269001256,13.898648,288.331,287.884,289.328,0.241680963077883+0i,0.000635405,20.8725213309647,525.433154537676,26.3907145670269,20.9357780895285,-9.9e+37,317.039,497.979,-9.9e+37
20260514194352.2,3410.08599959314,9.7880504,0.665395,2.0029461,2.7312356,-0.000420881,-0.000717403,0.002374249,1.2114727,0.21793498,0.000634207,0.001767373,4.1310794,0.5910888,288.333,287.894,289.358,-56.78,NaN,NaN,NaN,-0.0299419499846891,445.678306351865,64.148644655917,11.821776,288.333,287.894,289.358,0.336020539350094+0i,0.000634207,20.8669401453694,525.296766469814,26.404416244904,20.9336231649545,-9.9e+37,-9.9e+37,250.191,-9.9e+37
20260514194354.4,3412.24599592388,9.7879848,0.45685111,2.002662,2.7322084,-0.000423168,-0.000721106,0.002409858,1.2115274,0.21424336,0.000635405,0.063659261,4.1315056,0.74792252,288.329,287.912,289.388,-56.82,NaN,NaN,NaN,-0.0479158506982031,446.317612080706,43.3059308225416,14.9584504,288.329,287.912,289.388,0.286912724313163+0i,0.000635405,20.8716719959775,525.296766469814,26.4726755128745,20.9332100391251,1200.461,808.407,664.499,104.1
20260514194356.6,3414.46499414742,9.788116,0.46265539,2.0028259,2.7323395,-0.000422405,-0.000722303,0.002377516,1.211429,0.23516007,0.000634534,-0.00732433,4.1304892,0.73276642,288.34,287.91,289.407,-56.85,NaN,NaN,NaN,-0.0375465359254292,446.403768516819,43.8860338744641,14.6553284,288.34,287.91,289.407,0.282776265641328+0i,0.000634534,20.8603874981875,533.810384944418,25.297071551,20.9332985276654,-9.9e+37,431.76,756.617,182.863
20260514194358.7,3416.5899977088,9.788116,0.56075369,2.0030554,2.7320882,-0.000422296,-0.000718274,0.002412363,1.2115383,0.43002542,0.000634751,0.14903472,4.1306968,0.69627133,288.317,287.922,289.401,-56.91,NaN,NaN,NaN,-0.0230269645992962,446.238618918076,53.69037191784,13.9254266,288.317,287.922,289.401,0.310301039537245+0i,0.000634751,20.8626923601918,532.16246672998,25.3107732288772,20.9334166020398,-9.9e+37,199.645,416.602,-9.9e+37
20260514194401,3418.87099519372,9.7881269,0.41546185,2.0028478,2.7323177,-0.000421643,-0.000719037,0.002423252,1.2115274,0.41451139,0.000632791,-0.001004889,4.1303034,0.78544445,288.317,287.957,289.404,-56.88,NaN,NaN,NaN,-0.036161008204104,446.389441969853,39.1693219679011,15.708889,288.317,287.957,289.404,0.219250146030653+0i,0.000632791,20.8583246688985,533.398718207478,26.4316950399507,20.9351581318222,-9.9e+37,362.693,752.045,-9.9e+37
20260514194403.2,3421.05099745095,9.7878318,0.47584617,2.0026401,2.7320772,-0.00042099,-0.000720888,0.002417263,1.2115493,0.19428913,0.000638998,-0.11721072,4.1312324,0.58190937,288.322,287.938,289.41,-56.97,NaN,NaN,NaN,-0.0493013784195284,446.231389926487,45.2043733989594,11.6381874,288.322,287.938,289.41,0.287871910719735+0i,0.000638998,20.8686388153437,527.630378823596,26.4863771907521,20.9333576993336,-9.9e+37,-9.9e+37,338.364,442.244
20260514194405.3,3423.21499697864,9.7886187,0.58110077,2.0027385,2.7318258,-0.000421099,-0.000719145,0.00239984,1.2115383,0.1766101,0.000637147,-0.11082622,4.1309263,0.58940613,288.339,287.949,289.448,-56.95,NaN,NaN,NaN,-0.0430759935894969,446.066174609638,55.7239408024753,11.7881226,288.339,287.949,289.448,0.306841052235308+0i,0.000637147,20.8652403651533,525.159127135271,27.4022720764979,20.9338004109972,9.9e+37,-9.9e+37,-9.9e+37,735.494
20260514194407.5,3425.37899650633,9.7884111,0.61479795,2.0026292,2.7319461,-0.000420663,-0.000721323,0.002373051,1.2114181,0.44029498,0.000633009,0.10856775,4.1311668,0.73208658,288.32,287.973,289.458,-56.96,NaN,NaN,NaN,-0.0499909789748756,446.145233490374,59.0917722922002,14.6417316,288.32,287.973,289.458,0.330234574041439+0i,0.000633009,20.8679104967142,532.437745399057,27.5527414117323,20.9331804532909,9.9e+37,644.615,-9.9e+37,-9.9e+37
20260514194409.7,3427.60099209845,9.7877881,0.48765327,2.0026182,2.731957,-0.000421316,-0.000720234,0.002414867,1.2115602,0.29487439,0.000634316,-0.00670233,4.1315821,0.76648106,288.317,287.962,289.461,-56.99,NaN,NaN,NaN,-0.0506869061408253,446.152396763857,46.3844223876977,15.3296212,288.317,287.962,289.461,0.270043487434837+0i,0.000634316,20.8725213309647,533.536357542013,28.3318686401203,20.9339480712058,397.608,424.615,662.932,209.665
20260514194411.9,3429.74600158632,9.7880722,0.5050715,2.0030226,2.7315635,-0.000419574,-0.000717621,0.002388297,1.21144,0.31935829,0.000639978,-0.11298484,4.1309701,0.59776167,288.331,287.973,289.42,-57.06,NaN,NaN,NaN,-0.0251020928759687,445.893796019306,48.1252702417102,11.9552334,288.331,287.973,289.42,0.31273217665233+0i,0.000639978,20.8657266510675,534.3596910159,28.400252468799,20.9325900814188,-9.9e+37,-9.9e+37,-9.9e+37,331.04
20260514194414.1,3432.01499953866,9.7881378,0.48238919,2.0027275,2.7317056,-0.000420445,-0.000721977,0.002361399,1.2115711,0.37589384,0.000635078,-0.000931383,4.1309482,0.76534071,288.322,287.976,289.423,-57.1,NaN,NaN,NaN,-0.0437719207554323,445.987181447008,45.8583090931006,15.3068142,288.322,287.976,289.423,0.282682981231205+0i,0.000635078,20.8654835081104,532.711772801457,28.3729736737523,20.9334461878739,9.9e+37,786.287,492.11,121.772
20260514194416.3,3434.16799530387,9.7880613,0.49753327,2.002968,2.7312466,-0.000420772,-0.000720779,0.002375338,1.2115711,0.45399536,0.000634643,-0.008515305,4.1309373,0.67828024,288.331,287.99,289.429,-57.11,NaN,NaN,NaN,-0.0285564222633639,445.685535343453,47.3718692636227,13.5656048,288.331,287.99,289.429,0.280243166227518+0i,0.000634643,20.8653624917527,533.536357542013,27.5800202067785,20.933711922457,-9.9e+37,205.781,219.913,-9.9e+37
20260514194418.4,3436.2970020622,9.7877662,0.54584204,2.002662,2.7312247,-0.000416961,-0.000720017,0.00239385,1.211593,0.11577511,0.000638345,0.048607608,4.1310029,0.6959025,288.343,288.007,289.431,-57.11,NaN,NaN,NaN,-0.0479158506982031,445.671143078382,52.2000417349061,13.91805,288.343,288.007,289.431,0.301081783647032+0i,0.000638345,20.8660908103822,533.536357542013,28.4139541466766,20.9334461878739,918.606,277.567,656.896,460.101
20260514194420.6,3438.41799236834,9.7873837,0.45342793,2.0030226,2.7306892,-0.000419247,-0.000721214,0.002402235,1.2116148,0.11393966,0.000629851,0.043641317,4.1309919,0.65584237,288.348,287.994,289.453,-57.19,NaN,NaN,NaN,-0.0251020928759687,445.319222624235,42.9638044665974,13.1168474,288.348,287.994,289.453,0.233316477429475+0i,0.000629851,20.8659686837828,532.437745399057,26.4590983957055,20.9350400574478,726.006,-9.9e+37,578.798,642.193
20260514194422.7,3440.58599509299,9.7873509,0.46635247,2.0027494,2.7311045,-0.000422623,-0.000719145,0.002406809,1.2116039,0.11539318,0.000635405,0.026375051,4.1315821,0.61833789,288.338,288.01,289.48,-57.22,NaN,NaN,NaN,-0.0423863930341355,445.592149915751,44.255534896331,12.3667578,288.338,288.01,289.48,0.269025534658933+0i,0.000635405,20.8725213309647,534.085663613495,27.5527414117323,20.9337708251631,484.515,-9.9e+37,403.936,758.418
20260514194424.9,3442.72199235857,9.7878646,0.62782831,2.0027275,2.729935,-0.000419683,-0.000718819,0.002368369,1.211593,0.21185902,0.000633118,-0.11279297,4.1309373,0.54980975,288.327,288.035,289.472,-57.24,NaN,NaN,NaN,-0.0437719207554323,444.823576673688,60.3940787976838,10.996195,288.327,288.035,289.472,0.313134946688955+0i,0.000633118,20.8653624917527,533.536357542013,26.404416244904,20.9338593137034,1137.91,-9.9e+37,-9.9e+37,777.268
20260514194427,3444.86299864948,9.7880067,0.53249955,2.0028805,2.7299788,-0.00042197,-0.000718601,0.002359657,1.2115493,0.13727455,0.000636603,0.036221608,4.1309263,0.67326058,288.335,288.035,289.502,-57.33,NaN,NaN,NaN,-0.0340922065380482,444.852361203831,50.8665397037765,13.4652116,288.335,288.035,289.502,0.288827259058912+0i,0.000636603,20.8652403651533,533.810384944418,26.404416244904,20.9338004109972,9.9e+37,76.492,230.651,811.582
20260514194429.1,3447.01499864459,9.7877006,0.46799477,2.0026401,2.7294323,-0.000419247,-0.000717621,0.002393524,1.2116258,0.41213251,0.000637365,-0.035050085,4.1311012,0.57345015,288.31,288.026,289.467,-57.35,NaN,NaN,NaN,-0.0493013784195284,444.493211758096,44.4196729534496,11.469003,288.31,288.026,289.467,0.306230773330676+0i,0.000637365,20.8671821780847,533.398718207478,25.3244749067544,20.9325015928785,975.091,-9.9e+37,-9.9e+37,357.229
20260514194431.3,3449.20299723744,9.7880832,0.5602299,2.0030336,2.7289514,-0.000419683,-0.000718274,0.002351381,1.2115602,0.45621929,0.000638781,-0.019192945,4.1310794,0.70110766,288.319,288.045,289.45,-57.41,NaN,NaN,NaN,-0.0244061657100048,444.17717338947,53.6380222418136,14.0221532,288.319,288.045,289.45,0.301596922017246+0i,0.000638781,20.8669401453694,533.123439538397,25.3244749067544,20.9336823366228,9.9e+37,599.798,-9.9e+37,-9.9e+37
20260514194433.5,3451.3509940356,9.7879302,0.66869051,2.002651,2.7290279,-0.000422405,-0.00071773,0.002421619,1.2116039,0.43211404,0.000634643,0.10968905,4.131451,0.75646574,288.321,288.059,289.464,-57.42,NaN,NaN,NaN,-0.0486117778641528,444.227447740062,64.4780111593663,15.1293148,288.321,288.059,289.464,0.347182996695186+0i,0.000634643,20.8710658039475,533.810384944418,26.3770128891492,20.9331215505848,563.257,808.43,322.966,-9.9e+37
20260514194435.7,3453.52699309587,9.7880832,0.63336412,2.0027822,2.7286126,-0.000421208,-0.00071577,0.002376536,1.2115602,0.12989237,0.000635623,-0.11024907,4.1315493,0.62424362,288.329,288.062,289.407,-57.49,NaN,NaN,NaN,-0.0403112647574631,443.954520448545,60.9473498796893,12.4848724,288.329,288.062,289.407,0.326289879848016+0i,0.000635623,20.8721571716499,533.948024278961,27.3066094527726,20.9334461878739,155.049,-9.9e+37,473.044,475.542
20260514194437.8,3455.69499582052,9.787799,0.51348159,2.0026729,2.7280879,-0.000423168,-0.000719581,0.002380565,1.211593,0.24967778,0.000636276,-0.11572583,4.1309701,0.5673731,288.327,288.059,289.399,-57.56,NaN,NaN,NaN,-0.047226250142856,443.609697549776,48.9658084093973,11.347462,288.327,288.059,289.399,0.311994573012155+0i,0.000636276,20.8657266510675,531.75079999304,27.5116363780999,20.9327966443335,1418.245,-9.9e+37,-9.9e+37,620.691
20260514194440.1,3457.93299414217,9.7877006,0.5824408,2.0026182,2.7275852,-0.000422623,-0.000719363,0.002417916,1.2115711,0.32878108,0.000636167,0.00558054,4.1315603,0.59211892,288.329,288.073,289.418,-57.59,NaN,NaN,NaN,-0.0506869061408253,443.279332634183,55.8578687819435,11.8423784,288.329,288.073,289.418,0.311321764908986+0i,0.000636167,20.8722792982494,533.810384944418,27.5527414117323,20.9334757737081,9.9e+37,245.647,-9.9e+37,393.725
20260514194442.2,3460.06999723613,9.7873728,0.55307471,2.0030117,2.7269185,-0.000421208,-0.000720779,0.00237512,1.2116258,0.3344391,0.000632682,0.16229754,4.1302596,0.73630746,288.327,288.048,289.418,-57.64,NaN,NaN,NaN,-0.02579169343133,442.841190025817,52.9229038195312,14.7261492,288.327,288.048,289.418,0.3129832636221+0i,0.000632682,20.8578383829843,533.123439538397,27.4980592609309,20.9331508674568,9.9e+37,976.004,258.468,-9.9e+37
20260514194444.4,3462.30799555779,9.7873509,0.82066606,2.0030008,2.7268857,-0.000420772,-0.00071675,0.002358677,1.2116476,0.35923514,0.00063094,-0.004445662,4.1303799,0.74478306,288.319,288.043,289.246,-57.67,NaN,NaN,NaN,-0.0264812939866772,442.819634487263,79.6670579270267,14.8956612,288.319,288.043,289.246,0.396931238875152+0i,0.00063094,20.8591740038856,534.3596910159,28.3455703179975,20.9327377416273,-9.9e+37,459.424,670.264,95.373
20260514194446.7,3464.54699970782,9.787329,0.46360694,2.0027166,2.7267108,-0.000420772,-0.000721323,0.002385139,1.2115165,0.3158118,0.000636276,-0.00697186,4.1304017,0.74172651,288.332,288.013,289.2,-57.72,NaN,NaN,NaN,-0.0444615213108221,442.704693521006,43.9811356026813,14.8345302,288.332,288.013,289.2,0.26497525967307+0i,0.000636276,20.8594160366009,534.085663613495,28.3865507909218,20.9338593137034,-9.9e+37,216.018,639.078,266.987
20260514194448.9,3466.78900122643,9.7872525,0.60781298,2.002804,2.7261751,-0.000419792,-0.000716968,0.002396464,1.2116148,0.3446039,0.000636929,-0.003317177,4.1305985,0.72623214,288.31,288.005,289.173,-57.79,NaN,NaN,NaN,-0.0389320636467545,442.352641630649,58.3936663402842,14.5246428,288.31,288.005,289.173,0.31785579965146+0i,0.000636929,20.8616009924894,532.987051470539,27.5800202067785,20.9335050905801,-9.9e+37,-9.9e+37,619.151,294.516
20260514194451.2,3469.04299221933,9.7878755,0.50645954,2.0027275,2.726186,-0.000419901,-0.000718601,0.002391781,1.2117023,0.28616526,0.00063682,0.00582171,4.1307078,0.57018301,288.335,287.988,289.075,-57.82,NaN,NaN,NaN,-0.0437719207554323,442.359804904132,48.2639965333761,11.4036602,288.335,287.988,289.075,0.278459688822599+0i,0.00063682,20.8628144867913,532.711772801457,27.5800202067785,20.9338888995375,-9.9e+37,-9.9e+37,-9.9e+37,281.978
20260514194453.5,3471.32399976254,9.7874821,0.52380354,2.0030554,2.7264157,-0.000419247,-0.000718819,0.002390148,1.2115602,0.42971332,0.000634098,-0.000510828,4.1304127,0.76885557,288.316,287.969,288.945,-57.89,NaN,NaN,NaN,-0.0230269645992962,442.51075939212,49.9974255430971,15.3771114,288.316,287.969,288.945,0.26664857505044+0i,0.000634098,20.8595381632004,534.085663613495,26.513780546507,20.9344792714097,1088.298,205.835,487.626,84.925
20260514194455.6,3473.46899919212,9.7874165,0.53826561,2.0029898,2.7271808,-0.000419574,-0.000717403,0.002360093,1.211593,0.14539875,0.000636276,-0.11202308,4.1305438,0.6230891,288.34,287.926,288.928,-57.92,NaN,NaN,NaN,-0.0271772211526553,443.01356861615,51.4428228954158,12.461782,288.34,287.926,288.928,0.281020186511156+0i,0.000636276,20.8609936902176,532.574133466919,26.4179933620735,20.9341546341206,1283.537,-9.9e+37,249.772,593.479
20260514194457.8,3475.63299871981,9.7870012,0.58146415,2.0026401,2.7268857,-0.000419247,-0.000717621,0.002424559,1.2116367,0.37229497,0.00063388,-0.022579597,4.1303252,0.60712987,288.305,287.901,288.909,-57.98,NaN,NaN,NaN,-0.0493013784195284,442.819634487263,55.7602584589301,12.1425974,288.305,287.901,288.909,0.275982132671087+0i,0.00063388,20.8585667016137,533.398718207478,26.4590983957055,20.9346858343244,9.9e+37,-9.9e+37,-9.9e+37,364.28
20260514194459.9,3477.79299505055,9.7880832,0.46587014,2.0028259,2.7273557,-0.000421752,-0.000718819,0.002401582,1.211582,0.45288122,0.000636712,0.095758389,4.130828,0.72350407,288.308,287.896,288.904,-58.06,NaN,NaN,NaN,-0.0375465359254292,443.128509582406,44.2073288991989,14.4700814,288.308,287.896,288.904,0.281463578065919+0i,0.000636712,20.8641489974508,533.261078872935,26.4726755128745,20.9333576993336,9.9e+37,715.886,-9.9e+37,-9.9e+37
20260514194502.1,3479.92200180888,9.7876788,0.58600039,2.002651,2.7269076,-0.000422079,-0.000718383,0.002427608,1.211582,0.42052299,0.000633227,0.10481435,4.1303908,0.73145476,288.338,287.874,288.948,-58.05,NaN,NaN,NaN,-0.0486117778641528,442.834026752334,56.2136285010805,14.6290952,288.338,287.874,288.948,0.312764900029391+0i,0.000633227,20.8592950202433,533.672745609879,26.3770128891492,20.9335050905801,106.073,751.697,330.788,-9.9e+37
20260514194504.2,3482.06599541008,9.7878427,0.48359499,2.0026182,2.7270934,-0.000418594,-0.000720126,0.002383832,1.2115711,0.15471566,0.000630396,-0.11478313,4.1306968,0.60744633,288.34,287.877,288.948,-58.06,NaN,NaN,NaN,-0.0506869061408253,442.956130992074,45.9788215873304,12.1489266,288.34,287.877,288.948,0.28472696323353+0i,0.000630396,20.8626923601918,532.849412135996,27.5527414117323,20.9334166020398,213.962,-9.9e+37,437.374,450.361
20260514194506.3,3484.207001701,9.7884657,0.54082563,2.002662,2.7268748,-0.00042099,-0.000719799,0.002398968,1.211593,0.12136548,0.000635732,0.045351303,4.1303252,0.64847983,288.346,287.88,288.996,-58.06,NaN,NaN,NaN,-0.0479158506982031,442.81247121378,51.6986815746977,12.9695966,288.346,287.88,288.996,0.3198406470243+0i,0.000635732,20.8585667016137,532.987051470539,27.5527414117323,20.9327966443335,1623.726,349.927,470.977,671.338
20260514194508.5,3486.35499849916,9.788728,0.59530313,2.0027166,2.7273338,-0.000419792,-0.000717076,0.002380892,1.2116258,0.34448168,0.000632465,-0.063689565,4.1308826,0.55526589,288.313,287.88,289.051,-58.08,NaN,NaN,NaN,-0.0444615213108221,443.114117317334,57.1433816944553,11.1053178,288.313,287.88,289.051,0.325595542935085+0i,0.000632465,20.8647551894809,532.849412135996,27.5390397338547,20.9331508674568,376.495,-9.9e+37,-9.9e+37,458.694
20260514194510.7,3488.53099755943,9.7877444,0.51987184,2.0026292,2.7263611,-0.000419356,-0.000719363,0.002371527,1.2115602,0.22204132,0.000636385,-0.111039,4.1311996,0.58475857,288.327,287.88,289.113,-58.06,NaN,NaN,NaN,-0.0499909789748756,442.474877306599,49.6044756562474,11.6951714,288.327,287.88,289.113,0.303923532645926+0i,0.000636385,20.8682746560289,533.398718207478,26.6094431702322,20.9331508674568,9.9e+37,-9.9e+37,-9.9e+37,693.308
20260514194512.8,3490.69900028408,9.7880722,0.5480867,2.0029789,2.7262625,-0.000420663,-0.000718928,0.002397662,1.2115602,0.23910159,0.000634098,-0.099713271,4.1309701,0.60894787,288.319,287.89,289.143,-58.09,NaN,NaN,NaN,-0.0278668217080025,442.410079254724,52.4243820693711,12.1789574,288.319,287.89,289.143,0.295753502776082+0i,0.000634098,20.8657266510675,533.672745609879,27.5253380559775,20.9336823366228,9.9e+37,-9.9e+37,-9.9e+37,669.344
20260514194515.1,3492.94899813831,9.7879848,0.71311339,2.0028259,2.7256286,-0.000421316,-0.00071871,0.002380783,1.211593,0.28345683,0.000634643,0.00585881,4.1311449,0.59924902,288.335,287.888,289.211,-58.12,NaN,NaN,NaN,-0.0375465359254292,441.993492184913,68.917812179163,11.9849804,288.335,287.888,289.211,0.370758878438181+0i,0.000634643,20.8676673537571,533.810384944418,27.5116363780999,20.9327377416273,9.9e+37,413.662,-9.9e+37,403.91
20260514194517.2,3495.10099813342,9.7880832,0.6209001,2.002804,2.7261095,-0.000420119,-0.000719037,0.002425103,1.2115493,0.30529453,0.000634098,0.16871506,4.1315165,0.75268901,288.34,287.918,289.219,-58.16,NaN,NaN,NaN,-0.0389320636467545,442.309530553539,59.7016456681036,15.0537802,288.34,287.918,289.219,0.32702884225763+0i,0.000634098,20.8717930123352,532.987051470539,27.5116363780999,20.9333281134995,9.9e+37,1019.469,318.289,-9.9e+37
20260514194519.4,3497.24199436605,9.7881488,0.55950205,2.0028915,2.7260221,-0.000420336,-0.000721977,0.002419876,1.2117023,0.29182983,0.00063486,-0.17418317,4.1313635,0.58992009,288.329,287.926,289.227,-58.23,NaN,NaN,NaN,-0.0333962793720701,442.252092929464,53.5652779899268,11.7984018,288.329,287.926,289.227,0.30922374201092+0i,0.00063486,20.8700943423609,535.458303158856,26.650423643156,20.9333281134995,-9.9e+37,-9.9e+37,113.565,309.935
20260514194521.5,3499.39000122249,9.7886843,0.53568376,2.0028478,2.725574,-0.000419356,-0.000721432,0.002400166,1.2115493,0.44187181,0.000633445,0.14381756,4.1309263,0.69372986,288.321,287.929,289.274,-58.27,NaN,NaN,NaN,-0.036161008204104,441.957610099392,51.1847824382693,13.8745972,288.321,287.929,289.274,0.286769632413414+0i,0.000633445,20.8652403651533,534.222051681357,27.4569542272984,20.9338593137034,9.9e+37,754.102,-9.9e+37,-9.9e+37
20260514194523.7,3501.5429969877,9.7875586,0.43374761,2.0028368,2.7255849,-0.000421534,-0.000718383,0.002349857,1.2115274,0.24583339,0.000639325,-0.16747211,4.1309373,0.61282064,288.327,287.942,289.268,-58.35,NaN,NaN,NaN,-0.0368569353700678,441.964773372875,40.9968742539249,12.2564128,288.327,287.942,289.268,0.227679580526201+0i,0.000639325,20.8653624917527,532.574133466919,27.5390397338547,20.9350107405757,633.65,-9.9e+37,214.902,363.463
20260514194525.9,3503.81199494004,9.7872307,0.73528717,2.0027931,2.7255958,-0.000418376,-0.000716968,0.002346045,1.2116367,0.17584733,0.000638236,-0.00050277,4.1315712,0.55508366,288.343,287.945,289.317,-58.41,NaN,NaN,NaN,-0.0396216642021017,441.971936646358,71.1339487974271,11.1016732,288.343,287.945,289.317,0.379019857638338+0i,0.000638236,20.872400314607,534.634969684977,27.5800202067785,20.932649253087,9.9e+37,233.59,-9.9e+37,592.382
20260514194528.1,3505.98799400032,9.7880504,0.45796744,2.0027275,2.7260876,-0.000418921,-0.000718928,0.00235737,1.2116039,0.15035293,0.000638563,0.005862063,4.1315821,0.71635543,288.338,287.945,289.331,-58.45,NaN,NaN,NaN,-0.0437719207554323,442.295138288468,43.4175013256794,14.3271086,288.338,287.945,289.331,0.272802667711421+0i,0.000638563,20.8725213309647,532.574133466919,27.5390397338547,20.9335642622484,9.9e+37,785.83,420.161,570.344
20260514194530.3,3508.14800038934,9.7877444,0.59146309,2.0026401,2.7258363,-0.000420554,-0.000716641,0.002364449,1.2116585,0.34305326,0.000621466,0.11584817,4.131298,0.72104444,288.343,287.939,289.339,-58.47,NaN,NaN,NaN,-0.0493013784195284,442.129988689724,56.7595926760922,14.4208888,288.343,287.939,289.339,0.305600833030928+0i,0.000621466,20.8693671339732,534.085663613495,28.3455703179975,20.933711922457,-9.9e+37,609.281,415.031,145.021
20260514194532.4,3510.27699708939,9.7880832,0.53129156,2.0027603,2.7260986,-0.000421861,-0.000718601,0.002392979,1.2116258,0.18238381,0.000635623,-0.11739094,4.1315821,0.55844465,288.348,287.948,289.347,-58.45,NaN,NaN,NaN,-0.0416967924787883,442.302367280056,50.7458083321521,11.168893,288.348,287.948,289.347,0.259252637327139+0i,0.000635623,20.8725213309647,534.085663613495,28.3729736737523,20.9347450059927,-9.9e+37,-9.9e+37,275.549,561.439
20260514194534.5,3512.40200065076,9.7877225,0.58248009,2.002651,2.7262734,-0.000418921,-0.000715987,0.002390583,1.2115493,0.22725848,0.000631702,-0.11559189,4.1310903,0.57302239,288.32,287.935,289.333,-58.48,NaN,NaN,NaN,-0.0486117778641528,442.417242528207,55.8617955823235,11.4604478,288.32,287.935,289.333,0.291636043894917+0i,0.000631702,20.867061161727,534.085663613495,28.3865507909218,20.9340954624523,1500.677,-9.9e+37,-9.9e+37,683.401
20260514194536.7,3514.55499641597,9.7880395,0.52885266,2.0029461,2.7262625,-0.000420445,-0.00072165,0.002376863,1.2116258,0.17983252,0.00063192,-0.10097689,4.1309482,0.60131144,288.347,287.919,289.323,-58.45,NaN,NaN,NaN,-0.0299419499846891,442.410079254724,50.5020548720617,12.0262288,288.347,287.919,289.323,0.30932624275527+0i,0.00063192,20.8654835081104,534.085663613495,29.452915011902,20.9329443045421,9.9e+37,-9.9e+37,-9.9e+37,813.355
20260514194538.9,3516.80100113153,9.787329,0.59870668,2.0028696,2.7262079,-0.000419139,-0.000721106,0.002382961,1.2115274,0.28155372,0.000634643,0.00575951,4.1304892,0.61000309,288.325,287.938,289.268,-58.49,NaN,NaN,NaN,-0.0347818070933954,442.374197169203,57.4835461493697,12.2000618,288.325,287.938,289.268,0.317450544705253+0i,0.000634643,20.8603874981875,533.398718207478,30.6012401787298,20.9333281134995,9.9e+37,263.842,-9.9e+37,500.459
20260514194541.2,3519.0779954195,9.7877553,0.79093551,2.002651,2.7264048,-0.000419574,-0.000718819,0.002407136,1.2116367,0.11259745,0.000636167,-0.000364255,4.1305001,0.55705334,288.347,287.924,289.203,-58.57,NaN,NaN,NaN,-0.0486117778641528,442.503596118637,76.6956673686227,11.1410668,288.347,287.924,289.203,0.373511895488358+0i,0.000636167,20.8605085145451,532.711772801457,30.6148172958992,20.9331508674568,9.9e+37,536.588,-9.9e+37,535.729
20260514194543.4,3521.22199907899,9.787329,0.52378826,2.0027166,2.7266999,-0.000420119,-0.000719145,0.002305427,1.2115711,0.36128992,0.00063388,-0.056188749,4.1308936,0.59114336,288.319,287.91,289.135,-58.56,NaN,NaN,NaN,-0.0444615213108221,442.697530247523,49.9958983985359,11.8228672,288.319,287.91,289.135,0.277833232749361+0i,0.00063388,20.8648773160803,534.634969684977,29.5211742798724,20.9339773880778,1582.789,405.993,-9.9e+37,343.56
20260514194545.5,3523.35499897599,9.7878646,0.5897084,2.0027275,2.7261969,-0.000420554,-0.000716968,0.002358133,1.2115711,0.4542147,0.000635732,-0.067489466,4.1302269,0.67061762,288.327,287.918,288.988,-58.59,NaN,NaN,NaN,-0.0437719207554323,442.366968177615,56.5842219110399,13.4123524,288.327,287.918,288.988,0.302454532158279+0i,0.000635732,20.8574753339113,532.574133466919,28.4412329417228,20.9338299968314,9.9e+37,784.3,-9.9e+37,-9.9e+37
20260514194547.6,3525.49599520862,9.7872635,0.5153607,2.002662,2.726536,-0.000420227,-0.000719908,0.002363577,1.2115711,0.22072093,0.000638127,0.10661918,4.1307733,0.75747622,288.351,287.95,288.809,-58.63,NaN,NaN,NaN,-0.0479158506982031,442.589818272855,49.1536142088931,15.1495244,288.351,287.95,288.809,0.300723543477159+0i,0.000638127,20.863541695179,533.261078872935,28.400252468799,20.9331508674568,1235.125,946.64,607.182,186.861
20260514194549.8,3527.64400206506,9.7877225,0.47137103,2.0026292,2.7267764,-0.000419356,-0.000718492,0.00240278,1.211582,0.40367329,0.000637909,0.10253756,4.1305438,0.71568869,288.329,287.964,288.706,-58.69,NaN,NaN,NaN,-0.0499909789748756,442.747804598116,44.7571099361733,14.3137738,288.329,287.964,288.706,0.264552506883352+0i,0.000637909,20.8609936902176,533.398718207478,27.5253380559775,20.934006973912,-9.9e+37,581.91,427.555,-9.9e+37
20260514194551.9,3529.79699783027,9.7880832,0.57166163,2.0030445,2.7269513,-0.000418921,-0.000719254,0.002378823,1.2115602,0.25794386,0.000630069,0.1022626,4.130358,0.76151158,288.319,287.969,288.668,-58.75,NaN,NaN,NaN,-0.0237165651546434,442.862745564372,54.7805552453479,15.2302316,288.319,287.969,288.668,0.299132819575553+0i,0.000630069,20.8589308609285,534.222051681357,27.5937218846561,20.9337708251631,-9.9e+37,594.196,730.038,-9.9e+37
20260514194554.1,3531.92900195718,9.7880722,0.62543088,2.0027494,2.7278475,-0.000420881,-0.000719254,0.002412036,1.2115711,0.24202063,0.000617219,0.098012851,4.1308717,0.71136632,288.332,287.999,288.678,-58.89,NaN,NaN,NaN,-0.0423863930341355,443.451711224515,60.1544700159279,14.2273264,288.332,287.999,288.678,0.321177805176233+0i,0.000617219,20.8646341731232,532.849412135996,26.4453967178283,20.9335938480825,-9.9e+37,380.453,726.35,-9.9e+37
20260514194556.2,3534.07799452543,9.7880176,0.5692391,2.0028915,2.7274759,-0.00041805,-0.00072067,0.002355955,1.2115165,0.11504617,0.000630831,-0.10826631,4.1308717,0.61386058,288.343,287.977,288.722,-58.78,NaN,NaN,NaN,-0.0333962793720701,443.207502745036,54.5384378687958,12.2772116,288.343,287.977,288.722,0.339962170598959+0i,0.000630831,20.8646341731232,532.987051470539,25.8301913811356,20.9324720070443,-9.9e+37,-9.9e+37,549.525,568.791
20260514194558.4,3536.25799678266,9.788105,0.4953017,2.0028696,2.7285798,-0.00041805,-0.000717621,0.002410076,1.2116258,0.13825447,0.00063388,-0.087369258,4.1307843,0.59889219,288.34,287.986,288.741,-58.76,NaN,NaN,NaN,-0.0347818070933954,443.93296490999,47.1488371963243,11.9778438,288.34,287.986,288.741,0.270511713724615+0i,0.00063388,20.8636638217784,534.3596910159,26.349734094103,20.9340661455803,751.538,-9.9e+37,300.91,774.685
20260514194600.5,3538.40599358082,9.7880613,0.65196196,2.0030008,2.7287656,-0.000419574,-0.000721214,0.002352143,1.2116258,0.45622802,0.000633989,-0.029216884,4.1302596,0.66438998,288.321,288.016,288.779,-58.72,NaN,NaN,NaN,-0.0264812939866772,444.05506914973,62.8060926941583,13.2877996,288.321,288.016,288.779,0.290941286123167+0i,0.000633989,20.8578383829843,533.398718207478,26.4316950399507,20.9347450059927,555.498,112.89,-9.9e+37,149.81
20260514194602.7,3540.5309971422,9.788116,0.56504222,2.0028368,2.7292028,-0.000421316,-0.000718601,0.002397117,1.2116695,0.45213591,0.000633118,-0.063487781,4.1308061,0.69785252,288.316,288.013,288.812,-58.7,NaN,NaN,NaN,-0.0368569353700678,444.342388706318,54.1189848278411,13.9570504,288.316,288.013,288.812,0.307237575567402+0i,0.000633118,20.8639058544937,534.3596910159,26.4179933620735,20.9334757737081,661.701,457.285,-9.9e+37,-9.9e+37
20260514194604.8,3542.68299713731,9.7877006,0.48574253,2.0026073,2.7294323,-0.000421316,-0.000717185,0.002369131,1.2116039,0.43959114,0.000638127,0.081867683,4.1304782,0.74086225,288.324,288.026,288.842,-58.86,NaN,NaN,NaN,-0.0513765066961724,444.493211758096,46.1934553589826,14.817245,288.324,288.026,288.842,0.242987120374056+0i,0.000638127,20.860265371588,533.398718207478,26.4179933620735,20.9349811547416,437.342,774.595,258.864,-9.9e+37
20260514194607,3544.87099573016,9.7879957,0.69583484,2.0028478,2.729935,-0.000421534,-0.00071969,0.00235443,1.2116804,0.43120832,0.000634643,-0.033568891,4.1309263,0.71174389,288.308,288.018,288.885,-58.97,NaN,NaN,NaN,-0.036161008204104,444.823576673688,67.190924505275,14.2348778,288.308,288.018,288.885,0.353336787429404+0i,0.000634643,20.8652403651533,532.16246672998,27.5390397338547,20.9331508674568,-9.9e+37,697.836,328.823,-9.9e+37
20260514194609.1,3546.99999243021,9.7878755,0.39506021,2.002651,2.7302629,-0.000419901,-0.000720343,0.002377189,1.2116258,0.21855807,0.000629525,0.066249234,4.1314728,0.72312214,288.332,288.016,288.98,-59.05,NaN,NaN,NaN,-0.0486117778641528,445.039066341129,37.1303001377648,14.4624428,288.332,288.016,288.98,0.269465281270229+0i,0.000629525,20.8713078366628,532.987051470539,27.5800202067785,20.9328558160018,-9.9e+37,859.608,780.134,131.57
20260514194611.3,3549.13299232721,9.7872635,0.50338991,2.0028368,2.7299569,-0.000419901,-0.000720234,0.002412798,1.2116476,0.11250033,0.000631811,0.058328607,4.1309373,0.66637492,288.332,288.016,289.059,-59.12,NaN,NaN,NaN,-0.0368569353700678,444.83796893876,47.9572053842115,13.3274984,288.332,288.016,289.059,0.298674151096558+0i,0.000631811,20.8653624917527,533.261078872935,27.5800202067785,20.9331215505848,-9.9e+37,-9.9e+37,728.327,510.464
20260514194613.4,3551.28099918365,9.787799,0.61702951,2.0026292,2.7308094,-0.000418376,-0.000719254,0.002388732,1.211582,0.33578677,0.00063094,-0.093736134,4.131298,0.55350683,288.321,287.999,289.13,-59.16,NaN,NaN,NaN,-0.0499909789748756,445.398215786865,59.3148033600584,11.0701366,288.321,287.999,289.13,0.297359945254352+0i,0.00063094,20.8693671339732,534.634969684977,28.400252468799,20.9341842199547,-9.9e+37,-9.9e+37,-9.9e+37,330.172
20260514194615.6,3553.41799221933,9.7878099,0.56564785,2.0026729,2.7305908,-0.000420772,-0.000721106,0.002429241,1.2116476,0.25366625,0.000634207,-0.11933058,4.130981,0.59283695,288.332,287.969,289.17,-59.11,NaN,NaN,NaN,-0.047226250142856,445.25455600857,54.1795139221191,11.856739,288.332,287.969,289.17,0.302194891604932+0i,0.000634207,20.8658476674251,533.948024278961,27.5527414117323,20.9336231649545,9.9e+37,-9.9e+37,-9.9e+37,532.128
20260514194617.8,3555.67199327052,9.7872307,0.80679653,2.0026182,2.7301318,-0.000422514,-0.000723392,0.002389386,1.2116258,0.2945994,0.000633554,0.00564274,4.1315493,0.58662239,288.335,287.961,289.214,-59.22,NaN,NaN,NaN,-0.0506869061408253,444.952909905016,78.2808814018194,11.7324478,288.335,287.961,289.214,0.320160036324833+0i,0.000633554,20.8721571716499,532.300106064514,28.3592719958751,20.934833494533,9.9e+37,407.352,-9.9e+37,373.261
20260514194620,3557.82399326563,9.7875586,0.47474294,2.002662,2.7302739,-0.00042001,-0.000719908,0.002422272,1.2116148,0.28880822,0.000632574,-0.16258887,4.1315056,0.58935484,288.308,287.956,289.227,-59.32,NaN,NaN,NaN,-0.0479158506982031,445.046295332718,45.0941121624284,11.7870968,288.308,287.956,289.227,0.238658498535156+0i,0.000632574,20.8716719959775,532.849412135996,28.3729736737523,20.9349811547416,9.9e+37,296.183,-9.9e+37,496.59
20260514194622.1,3559.95300002396,9.7874274,0.39397881,2.0029571,2.7303504,-0.000419574,-0.000717839,0.002437191,1.2116585,0.38006997,0.000631485,0.1646786,4.1312542,0.74861873,288.34,287.972,289.244,-59.43,NaN,NaN,NaN,-0.029246022818711,445.09656968331,37.0222206790983,14.9723746,288.34,287.972,289.244,0.213842628789072+0i,0.000631485,20.868880848059,533.123439538397,28.3729736737523,20.9350696432819,9.9e+37,995.011,179.291,-9.9e+37
20260514194624.4,3562.23399750888,9.7874055,0.69200137,2.002968,2.7297055,-0.000418485,-0.000719908,0.002394504,1.2117023,0.3888162,0.000633009,-0.000859076,4.130981,0.77014977,288.319,287.977,289.233,-59.11,NaN,NaN,NaN,-0.0285564222633639,444.672753621911,66.8077921190956,15.4029954,288.319,287.977,289.233,0.323543469097447+0i,0.000633009,20.8658476674251,532.849412135996,28.3729736737523,20.9339773880778,-9.9e+37,688.592,664.021,-9.9e+37
20260514194626.5,3564.40200023353,9.7879302,0.6847687,2.0026838,2.7297492,-0.000418158,-0.000720888,0.002387861,1.2117132,0.23278337,0.000635405,-0.11743994,4.1315384,0.5663899,288.338,287.95,289.217,-59.2,NaN,NaN,NaN,-0.0465366495874946,444.701472433949,66.0849300344704,11.327798,288.338,287.95,289.217,0.346975145144521+0i,0.000635405,20.8720361552923,534.497330350434,27.5663185289013,20.9332100391251,-9.9e+37,-9.9e+37,251.267,492.781
20260514194628.7,3566.55099280179,9.7877225,0.64579759,2.0026401,2.7287546,-0.000417396,-0.000718165,0.002408116,1.2116476,0.18128931,0.000636712,-0.10914901,4.1310247,0.56470503,288.329,287.956,289.233,-59.25,NaN,NaN,NaN,-0.0493013784195284,444.047840158141,62.1900008015929,11.2941006,288.329,287.956,289.233,0.335905964442289+0i,0.000636712,20.8663328430975,532.711772801457,27.5663185289013,20.9332689418312,9.9e+37,-9.9e+37,-9.9e+37,785.027
20260514194630.8,3568.69899965823,9.7880176,0.51088774,2.0029352,2.7287437,-0.000417396,-0.000717948,0.002446338,1.2116148,0.15472657,0.000639978,-0.078100433,4.1309701,0.60006635,288.34,287.95,289.208,-59.33,NaN,NaN,NaN,-0.0306315505400363,444.040676884658,48.7065686240614,12.001327,288.34,287.95,289.208,0.314201102951759+0i,0.000639978,20.8657266510675,534.085663613495,26.4453967178283,20.9326785699591,9.9e+37,-9.9e+37,-9.9e+37,872.382
20260514194633,3570.85099965334,9.7880722,0.64067646,2.0027931,2.7292465,-0.000419247,-0.000720779,0.002385792,1.2116367,0.16077418,0.000637365,-0.086205169,4.1315712,0.59879943,288.34,287.942,289.081,-59.37,NaN,NaN,NaN,-0.0396216642021017,444.371107518356,61.6781745040518,11.9759886,288.34,287.942,289.081,0.339841467091885+0i,0.000637365,20.872400314607,533.672745609879,26.3907145670269,20.9331215505848,9.9e+37,-9.9e+37,-9.9e+37,872.991
20260514194635.1,3572.97599315643,9.7874055,0.67822786,2.0030445,2.728853,-0.000416089,-0.000719363,0.002396028,1.2117569,0.44604685,0.000634207,0.11028133,4.1310684,0.73139802,288.319,287.945,289.037,-59.46,NaN,NaN,NaN,-0.0237165651546434,444.112506773805,65.4312122182837,14.6279604,288.319,287.945,289.037,0.332514213673585+0i,0.000634207,20.8668180187699,523.785236323233,26.4316950399507,20.9338593137034,9.9e+37,601.681,-9.9e+37,99.24
20260514194637.2,3575.10899305344,9.7880504,0.54506288,2.0029789,2.7287656,-0.000419465,-0.000716859,0.002420312,1.2116258,0.24385717,0.000638018,-0.1191093,4.1310138,0.59825709,288.327,287.961,288.999,-59.44,NaN,NaN,NaN,-0.0278668217080025,444.05506914973,52.1221693555695,11.9651418,288.327,287.961,288.999,0.31427175654258+0i,0.000638018,20.8662118267399,525.021487800736,26.363311211272,20.9332396249592,887.246,-9.9e+37,-9.9e+37,464.905
20260514194639.4,3577.24199295044,9.788105,0.42959001,2.0030445,2.7294979,-0.000420663,-0.000718492,0.002400384,1.2116258,0.13014226,0.000634534,0.044002523,4.1310684,0.66858139,288.338,287.975,288.975,-59.42,NaN,NaN,NaN,-0.0237165651546434,444.536322835205,40.5813470139101,13.3716278,288.338,287.975,288.975,0.291163991316094+0i,0.000634534,20.8668180187699,532.987051470539,26.4179933620735,20.9325311787126,9.9e+37,404.175,299.897,739.176
20260514194641.5,3579.40199933946,9.7879957,0.48861137,2.0027057,2.7298257,-0.000420119,-0.000720888,0.002352034,1.2116585,0.12079695,0.000634534,0.049943103,4.1315712,0.62917053,288.343,287.98,288.961,-59.43,NaN,NaN,NaN,-0.0451511218661693,444.751746784541,46.4801787492183,12.5834106,288.343,287.98,288.961,0.302280485747845+0i,0.000634534,20.872400314607,533.398718207478,27.4433771101294,20.9328262301676,1360.94,-9.9e+37,276.034,785.427
20260514194643.7,3581.58999793231,9.7884657,0.42126285,2.002662,2.7293448,-0.000418594,-0.000720452,0.00238699,1.2116258,0.12496544,0.000634316,0.050605516,4.1310138,0.61583461,288.338,287.983,288.92,-59.5,NaN,NaN,NaN,-0.0479158506982031,444.435708415915,39.7490972034519,12.3166922,288.338,287.983,288.92,0.220284813426374+0i,0.000634316,20.8662118267399,534.222051681357,27.5390397338547,20.9351288149502,1320.249,-9.9e+37,241.089,822.576
20260514194645.9,3583.75800065696,9.788728,0.42253631,2.0029352,2.7299897,-0.00041903,-0.000716205,0.002374358,1.2117023,0.14409364,0.000633336,0.010212985,4.1309701,0.66770949,288.335,288.007,288.847,-59.59,NaN,NaN,NaN,-0.0306315505400363,444.859524477314,39.8763719097894,13.3541898,288.335,288.007,288.847,0.269543834702693+0i,0.000633336,20.8657266510675,534.3596910159,28.400252468799,20.9331804532909,1361.365,-9.9e+37,332.772,748.73
20260514194648.1,3585.94100028276,9.7884876,0.51780942,2.0026182,2.7301536,-0.000419901,-0.000719908,0.002392217,1.2117132,0.20824924,0.000636494,-0.11235902,4.1313089,0.56975852,288.31,288.005,288.822,-59.76,NaN,NaN,NaN,-0.0506869061408253,444.967236451982,49.3983491192186,11.3951704,288.31,288.005,288.822,0.285131520393369+0i,0.000636494,20.8694881503308,532.711772801457,28.3729736737523,20.933741239329,705.809,-9.9e+37,-9.9e+37,758.85
20260514194650.2,3588.06599378586,9.7888264,0.5609021,2.0030445,2.7302192,-0.000419465,-0.000720561,0.002403542,1.2116585,0.45563766,0.000633554,-0.067050508,4.1312105,0.63938443,288.316,288.032,288.814,-59.81,NaN,NaN,NaN,-0.0237165651546434,445.010347529092,53.7052046092222,12.7876886,288.316,288.032,288.814,0.248539207192517+0i,0.000633554,20.8683956723866,524.472181729254,28.7967292022854,20.9355419407796,9.9e+37,231.427,-9.9e+37,238.813
20260514194652.3,3590.20700007677,9.7887499,0.60069599,2.0029024,2.7299788,-0.000416852,-0.000720017,0.002397335,1.2116585,0.13295436,0.000633227,0.031044928,4.1309482,0.70723602,288.348,288.01,288.863,-59.63,NaN,NaN,NaN,-0.032706678816723,444.852361203831,57.6823657794047,14.1447204,288.348,288.01,288.863,0.252103487698185+0i,0.000633227,20.8654835081104,525.159127135271,28.3865507909218,20.9357189178602,9.9e+37,463.597,426.707,597.388
20260514194654.5,3592.36699640751,9.7886734,0.56656777,2.0028259,2.7299569,-0.000419574,-0.000718928,0.002417916,1.2117241,0.42413714,0.000634969,0.11152023,4.1309263,0.72372341,288.338,288.048,288.866,-59.87,NaN,NaN,NaN,-0.0375465359254292,444.83796893876,54.2714544211171,14.4744682,288.338,288.048,288.866,0.274598295304923+0i,0.000634969,20.8652403651533,524.883848466193,28.3729736737523,20.9347154201586,-9.9e+37,507.143,198.427,-9.9e+37
20260514194656.7,3594.54699866474,9.7887608,0.43690344,2.0027931,2.7311045,-0.000419139,-0.000719472,0.002417263,1.2116039,0.32598645,0.000633009,0.11509799,4.1315603,0.74649956,288.321,288.043,288.893,-59.86,NaN,NaN,NaN,-0.0396216642021017,445.592149915751,41.3122805772498,14.9299912,288.321,288.043,288.893,0.235303899229903+0i,0.000633009,20.8722792982494,534.085663613495,28.400252468799,20.9346858343244,-9.9e+37,600.556,521.912,-9.9e+37
20260514194658.8,3596.71099819243,9.7887389,0.46053946,2.0027275,2.7310717,-0.000419574,-0.000720779,0.002396246,1.2117132,0.43283316,0.000635623,-0.041067755,4.1315821,0.64514176,288.324,288.056,288.912,-59.83,NaN,NaN,NaN,-0.0437719207554323,445.570594377197,43.6745593331507,12.9028352,288.324,288.056,288.912,0.268214628540757+0i,0.000635623,20.8725213309647,533.672745609879,27.5937218846561,20.933741239329,-9.9e+37,90.953,222.517,-9.9e+37
20260514194701,3598.85899499059,9.7885641,0.4148333,2.0027057,2.7305689,-0.000421099,-0.000722848,0.00242935,1.2116695,0.43767603,0.00063388,0.095437583,4.1309482,0.72050101,288.321,288.054,288.999,-59.88,NaN,NaN,NaN,-0.0451511218661693,445.240163743499,39.1065021567814,14.4100202,288.321,288.054,288.999,0.235165744333758+0i,0.00063388,20.8654835081104,532.16246672998,27.5663185289013,20.9345088572439,-9.9e+37,731.278,380.398,-9.9e+37
20260514194703.2,3601.01900137961,9.7884111,0.56116181,2.0026401,2.7306455,-0.00042295,-0.000717294,0.002417263,1.2116804,0.1933594,0.000635078,-0.11954357,4.1310575,0.5871309,288.324,288.04,289.026,-59.94,NaN,NaN,NaN,-0.0493013784195284,445.290503812197,53.7311610695609,11.742618,288.324,288.04,289.026,0.290663129058775+0i,0.000635078,20.8666970024123,533.536357542013,27.5527414117323,20.9339773880778,-9.9e+37,-9.9e+37,346.477,386.372
20260514194705.4,3603.24599593878,9.7879629,0.66891639,2.0026401,2.7307329,-0.000422079,-0.000720888,0.002429895,1.211593,0.25716691,0.000633554,0.00522808,4.1315603,0.58882341,288.34,288.032,289.034,-60.01,NaN,NaN,NaN,-0.0493013784195284,445.347941436272,64.5005865136511,11.7764682,288.34,288.032,289.034,0.292324122067676+0i,0.000633554,20.8722792982494,534.085663613495,26.5820398144774,20.9348039086989,9.9e+37,433.242,-9.9e+37,239.567
20260514194707.5,3605.41399866343,9.7872525,0.52461979,2.002804,2.7305799,-0.000423603,-0.000721214,0.002395157,1.2116148,0.34249674,0.000633336,0.15078287,4.1307405,0.74489873,288.327,288.056,289.034,-59.99,NaN,NaN,NaN,-0.0389320636467545,445.247392735087,50.079004845979,14.8979746,288.327,288.056,289.034,0.300656429279055+0i,0.000633336,20.8631775358642,534.222051681357,26.404416244904,20.9332985276654,1408.572,942.302,386.392,-9.9e+37
20260514194709.7,3607.54699856043,9.7874055,0.53325686,2.0029243,2.7316291,-0.000422188,-0.000719908,0.002427608,1.2117023,0.32472168,0.000638236,0.12942096,4.1313089,0.75115038,288.335,288.054,289.032,-60.01,NaN,NaN,NaN,-0.0313211510953977,445.936907096416,50.9422283063683,15.0230076,288.335,288.054,289.032,0.288566743585713+0i,0.000638236,20.8694881503308,534.497330350434,26.4179933620735,20.9338004109972,-9.9e+37,808.21,630.904,-9.9e+37
20260514194711.8,3609.71099808812,9.7873509,0.51239473,2.0029461,2.7312466,-0.000422623,-0.000717948,0.002382634,1.2116695,0.20191138,0.00063486,-0.16863864,4.1309263,0.59729462,288.327,288.048,289.026,-60.02,NaN,NaN,NaN,-0.0299419499846891,445.685535343453,48.8571832564046,11.9458924,288.327,288.048,289.026,0.282105037790684+0i,0.00063486,20.8652403651533,532.711772801457,26.404416244904,20.9338593137034,-9.9e+37,-9.9e+37,453.427,388.169
20260514194714,3611.85099855065,9.7873946,0.57843818,2.0028478,2.7317165,-0.000421316,-0.000720343,0.002357915,1.2116585,0.2331533,0.000618853,-0.15426714,4.1314947,0.5843199,288.348,288.048,289.048,-60.11,NaN,NaN,NaN,-0.036161008204104,445.994344720491,55.4578308654946,11.686398,288.348,288.048,289.048,0.329889966378367+0i,0.000618853,20.8715509796199,534.085663613495,26.4453967178283,20.9328558160018,1434.155,-9.9e+37,150.254,642.979
20260514194716.3,3614.17199783027,9.7873509,0.57628843,2.0027494,2.7317165,-0.000420227,-0.000718601,0.002413016,1.2117241,0.14423441,0.000636929,-0.000723828,4.1309263,0.55200967,288.338,288.032,289.078,-60.1,NaN,NaN,NaN,-0.0423863930341355,445.994344720491,55.2429762175675,11.0401934,288.338,288.032,289.078,0.261385971816878+0i,0.000636929,20.8652403651533,532.987051470539,27.5253380559775,20.935099229116,9.9e+37,300.883,-9.9e+37,618.929
20260514194718.6,3616.41799248755,9.7870012,0.76142974,2.0026401,2.7313122,-0.000421861,-0.000717403,0.002397988,1.2116367,0.27924468,0.000635732,0.00550634,4.1315603,0.59370993,288.338,288.045,289.102,-60.08,NaN,NaN,NaN,-0.0493013784195284,445.728646420563,73.746742226086,11.8741986,288.338,288.045,289.102,0.312648087681915+0i,0.000635732,20.8722792982494,525.296766469814,27.5663185289013,20.9349515689075,9.9e+37,393.759,-9.9e+37,335.234
20260514194720.7,3618.54299604893,9.788105,0.49737395,2.0028259,2.7311045,-0.00042295,-0.000717512,0.002343541,1.2116367,0.11933579,0.000638454,-0.11921685,4.1313963,0.65101805,288.351,288.032,289.102,-60.14,NaN,NaN,NaN,-0.0375465359254292,445.592149915751,47.3559461830284,13.020361,288.351,288.032,289.102,0.221327225708667+0i,0.000638454,20.8704585016756,524.609821063793,27.5663185289013,20.9360142382774,9.9e+37,537.888,397.913,654.115
20260514194722.8,3620.69899924099,9.7880941,0.43300557,2.0030554,2.7307547,-0.00042295,-0.000718492,0.002395919,1.211746,0.44370289,0.000637147,0.14012593,4.130358,0.69478508,288.324,288.04,289.119,-60.17,NaN,NaN,NaN,-0.0230269645992962,445.362267983239,40.9227117964541,13.8957016,288.324,288.04,289.119,0.208277606596662+0i,0.000637147,20.8589308609285,533.672745609879,29.466492129071,20.9356600151541,310.504,576.131,-9.9e+37,-9.9e+37
20260514194725.1,3622.99999259412,9.7874165,0.52529198,2.0029024,2.7310171,-0.000421425,-0.000717294,0.002400711,1.211746,0.42251776,0.000634751,-0.0010442,4.1309591,0.79120504,288.313,288.04,289.116,-60.2,NaN,NaN,NaN,-0.032706678816723,445.534712291676,50.1461862139474,15.8241008,288.313,288.04,289.116,0.249187152734273+0i,0.000634751,20.865604524468,532.987051470539,28.9470739768121,20.9350400574478,-9.9e+37,540.824,625.287,-9.9e+37
20260514194727.4,3625.25799684227,9.7872197,0.77654657,2.0026401,2.7308859,-0.000421643,-0.000722086,0.002418243,1.2116804,0.3130979,0.000637801,-0.00680054,4.1314072,0.7246204,288.324,288.051,289.127,-60.28,NaN,NaN,NaN,-0.0493013784195284,445.448490137457,75.2575789221781,14.492408,288.324,288.051,289.127,0.305610290779895+0i,0.000637801,20.8705795180333,533.123439538397,27.75776833706,20.9350696432819,-9.9e+37,152.811,618.444,318.801
20260514194729.7,3627.52300165594,9.7873837,0.53483261,2.0029789,2.7306455,-0.000421861,-0.000717294,0.002413452,1.2116913,0.40847797,0.000637474,-0.00094837,4.131298,0.76608276,288.31,288.059,289.151,-60.35,NaN,NaN,NaN,-0.0278668217080025,445.290503812197,51.0997150892366,15.3216552,288.31,288.059,289.151,0.308347501809231+0i,0.000637474,20.8693671339732,533.123439538397,27.5253380559775,20.9331215505848,-9.9e+37,169.636,568.162,-9.9e+37
20260514194731.8,3629.67899478972,9.7873181,0.61036428,2.0028915,2.7306017,-0.000422079,-0.000717294,0.002404849,1.2117241,0.15862337,0.0006329,-0.002603149,4.1309482,0.71461601,288.335,288.073,289.176,-60.4,NaN,NaN,NaN,-0.0333962793720701,445.261719282053,58.6486535077486,14.2923202,288.335,288.073,289.176,0.370044940388846+0i,0.0006329,20.8654835081104,533.948024278961,27.5390397338547,20.931822732466,-9.9e+37,-9.9e+37,650.456,491.482
20260514194734,3631.82799741626,9.7879848,0.56801365,2.0026729,2.730405,-0.000421752,-0.000715987,0.002351708,1.2117132,0.13314641,0.000636929,-0.10070584,4.1315384,0.58375573,288.359,288.059,289.157,-60.45,NaN,NaN,NaN,-0.047226250142856,445.132451768831,54.4159614746559,11.6751146,288.359,288.059,289.157,0.274212489993755+0i,0.000636929,20.8720361552923,533.536357542013,26.4863771907521,20.9346269316183,-9.9e+37,-9.9e+37,281.956,727.394
20260514194736.1,3633.98400060833,9.7883564,0.64845146,2.0026401,2.7300771,-0.000420336,-0.000719363,0.002393197,1.2116695,0.12746984,0.000637147,0.047687876,4.130522,0.63618495,288.34,288.054,289.151,-60.51,NaN,NaN,NaN,-0.0493013784195284,444.91696210139,62.455239226756,12.723699,288.34,288.054,289.151,0.337017438438109+0i,0.000637147,20.8607516575023,532.437745399057,26.4179933620735,20.9332985276654,1535.42,-9.9e+37,248.24,796.644
20260514194738.3,3636.12499684095,9.7885422,0.47103166,2.0026729,2.7299569,-0.000419901,-0.00071773,0.002384268,1.2117132,0.18654794,0.000637365,0.042330324,4.1302815,0.71956037,288.343,288.045,289.195,-60.47,NaN,NaN,NaN,-0.047226250142856,444.83796893876,44.7231919355374,14.3912074,288.343,288.045,289.195,0.245886949325479+0i,0.000637365,20.8580815259414,532.987051470539,25.3654553796782,20.9347745918269,1390.143,136.112,378.085,592.208
20260514194740.4,3638.27699683607,9.7885313,0.52584524,2.0026947,2.7299678,-0.000419574,-0.00072067,0.002416065,1.2116695,0.43413608,0.000636167,0.10175874,4.1302924,0.69508735,288.335,288.045,289.214,-60.47,NaN,NaN,NaN,-0.045847049032119,444.845132212243,50.2014812401189,13.901747,288.335,288.045,289.214,0.284060014811457+0i,0.000636167,20.858202542299,533.398718207478,25.2697927559529,20.9339480712058,-9.9e+37,-9.9e+37,126.329,-9.9e+37
20260514194742.6,3640.4179930687,9.7886734,0.5344092,2.0028259,2.7299678,-0.00042197,-0.000718274,0.00242151,1.2116804,0.42920045,0.0006329,-0.035704112,4.1302269,0.66431905,288.297,288.024,289.241,-60.6,NaN,NaN,NaN,-0.0375465359254292,444.845132212243,51.0573977935143,13.286381,288.297,288.024,289.241,0.302381216050765+0i,0.0006329,20.8574753339113,533.123439538397,26.623144848109,20.9333576993336,-9.9e+37,117.381,-9.9e+37,-9.9e+37
20260514194744.7,3642.56599992514,9.7886624,0.55230757,2.002804,2.7299569,-0.000419901,-0.00071871,0.002444704,1.2116804,0.17142786,0.000637038,-0.1151598,4.1302269,0.6241225,288.321,287.999,289.274,-60.62,NaN,NaN,NaN,-0.0389320636467545,444.83796893876,52.8462327672643,12.48245,288.321,287.999,289.274,0.277664835160613+0i,0.000637038,20.8574753339113,533.810384944418,28.400252468799,20.9343022943291,1510.969,-9.9e+37,273.809,509.963
20260514194746.9,3644.72999945283,9.7885531,0.69991058,2.002651,2.7302411,-0.000421534,-0.00071675,0.002392761,1.2116913,0.45509751,0.000617873,-0.051382216,4.1307405,0.65947398,288.319,287.988,289.29,-60.58,NaN,NaN,NaN,-0.0486117778641528,445.024739794163,67.5982703281578,13.1894796,288.319,287.988,289.29,0.341441059864705+0i,0.000617873,20.8631775358642,525.570793872214,28.3318686401203,20.9336527507887,1597.062,523.323,-9.9e+37,-9.9e+37
20260514194749,3646.87099568546,9.7888264,0.53165057,2.0029133,2.7303722,-0.000420336,-0.000719581,0.002395593,1.2117241,0.16552757,0.000634207,0.002364231,4.1307078,0.75156941,288.351,287.967,289.287,-60.53,NaN,NaN,NaN,-0.0320170782613616,445.110896230276,50.781689233258,15.0313882,288.351,287.967,289.287,0.276103972712525+0i,0.000634207,20.8628144867913,524.472181729254,28.3592719958751,20.9343611970353,1380.823,685.889,612.436,356.494
20260514194751.1,3649.01200197637,9.7888155,0.6401232,2.0030008,2.7309406,-0.000420336,-0.000716205,0.002419223,1.2117132,0.42925392,0.000635732,0.095024216,4.1306094,0.71335673,288.329,287.967,289.274,-60.66,NaN,NaN,NaN,-0.0264812939866772,445.484437941083,61.6228794778804,14.2671346,288.329,287.967,289.274,0.257453128058457+0i,0.000635732,20.861722008847,525.570793872214,27.5663185289013,20.9358369922347,-9.9e+37,465.594,320.349,-9.9e+37
20260514194753.4,3651.25799663365,9.788116,0.47211198,2.0029352,2.7309843,-0.000421861,-0.000720888,0.002415629,1.2117023,0.32911827,0.000635296,-0.00730141,4.1302269,0.75906505,288.321,287.953,289.217,-60.72,NaN,NaN,NaN,-0.0306315505400363,445.513156753121,44.8311634546669,15.181301,288.321,287.953,289.217,0.250857056449186+0i,0.000635296,20.8574753339113,525.433154537676,27.5390397338547,20.9346858343244,-9.9e+37,261.693,715.292,97.507
20260514194755.5,3653.39000076056,9.7878537,0.58329305,2.002651,2.730864,-0.000422188,-0.000717294,0.002399513,1.2116258,0.26900784,0.000638127,-0.13943298,4.1307843,0.58717237,288.338,287.942,289.181,-60.74,NaN,NaN,NaN,-0.0486117778641528,445.434097872386,55.9430460693936,11.7434474,288.338,287.942,289.181,0.262362615801896+0i,0.000638127,20.8636638217784,532.711772801457,27.4980592609309,20.9351288149502,-9.9e+37,-9.9e+37,-9.9e+37,458.008
20260514194757.8,3655.68299777806,9.7878755,0.59182101,2.002651,2.730875,-0.000421208,-0.000715116,0.002393306,1.2117023,0.14301769,0.000637909,-0.000823358,4.1303799,0.58868046,288.354,287.95,289.14,-60.75,NaN,NaN,NaN,-0.0486117778641528,445.441326863974,56.7953646382208,11.7736092,288.354,287.95,289.14,0.299640623047058+0i,0.000637909,20.8591740038856,532.711772801457,26.4726755128745,20.934006973912,9.9e+37,245.024,-9.9e+37,551.565
20260514194760,3657.84699730575,9.7879739,0.51896721,2.0028368,2.729946,-0.000419139,-0.000720997,0.002399077,1.2116585,0.15391579,0.000634751,-0.005536032,4.1302159,0.73415229,288.346,287.961,289.064,-60.76,NaN,NaN,NaN,-0.0368569353700678,444.830805665276,49.5140633012507,14.6830458,288.346,287.961,289.064,0.266505795817297+0i,0.000634751,20.8573532073119,534.085663613495,25.3654553796782,20.9344792714097,9.9e+37,668.736,523.252,541.999
20260514194802.1,3660.01199260354,9.7887389,0.40521192,2.0029571,2.7300006,-0.000421099,-0.000716641,0.002444922,1.2117023,0.39614926,0.000614061,0.11268802,4.1302596,0.70485387,288.324,287.98,289.086,-60.79,NaN,NaN,NaN,-0.029246022818711,444.866687750797,38.1449028022179,14.0970774,288.324,287.98,289.086,0.210887091931717+0i,0.000614061,20.8578383829843,534.085663613495,26.4179933620735,20.935364963699,-9.9e+37,492.803,308.438,-9.9e+37
20260514194804.3,3662.17899955809,9.7877662,0.65367083,2.0026182,2.7301427,-0.000422188,-0.000720452,0.002380347,1.2116913,0.13048381,0.000636712,0.027017316,4.1311777,0.68643064,288.348,287.975,289.111,-60.85,NaN,NaN,NaN,-0.0506869061408253,444.960073178499,62.9768840244075,13.7286128,288.348,287.975,289.111,0.337183948112904+0i,0.000636712,20.8680315130718,533.398718207478,26.1036021351424,20.9333281134995,-9.9e+37,275.917,706.051,371.414
20260514194806.4,3664.30099569261,9.7880613,0.60916502,2.0029461,2.7293886,-0.000419356,-0.000715661,0.002377298,1.2117897,0.12064308,0.000634643,-0.075103637,4.1302487,0.59396201,288.346,287.969,289.121,-60.91,NaN,NaN,NaN,-0.0299419499846891,444.464492946058,58.528794647382,11.8792402,288.346,287.969,289.121,0.268990993072675+0i,0.000634643,20.8577173666266,533.536357542013,26.3907145670269,20.9351288149502,-9.9e+37,-9.9e+37,479.098,674.095
20260514194808.6,3666.45299568772,9.7884876,0.66240285,2.0027275,2.729323,-0.000422623,-0.000722303,0.002407244,1.2117241,0.43646258,0.000633554,0.10559567,4.1302487,0.70102582,288.332,287.994,289.127,-60.92,NaN,NaN,NaN,-0.0437719207554323,444.421381868948,63.8495971690952,14.0205164,288.332,287.994,289.127,0.29329948809769+0i,0.000633554,20.8577173666266,532.024827395436,26.4316950399507,20.9347745918269,-9.9e+37,300.322,132.939,-9.9e+37
20260514194810.8,3668.62500160933,9.7888155,0.54015889,2.0030336,2.7290279,-0.000420554,-0.000718056,0.00244514,1.2117241,0.43275677,0.000632465,0.079528389,4.1305438,0.72434759,288.346,288.007,289.127,-60.94,NaN,NaN,NaN,-0.0244061657100048,444.227447740062,51.6320449016153,14.4869518,288.346,288.007,289.127,0.306239163062458+0i,0.000632465,20.8609936902176,532.711772801457,26.404416244904,20.9332985276654,-9.9e+37,444.631,349.704,-9.9e+37
20260514194812.9,3670.75800150633,9.7885204,0.44594646,2.0026729,2.7287328,-0.00042197,-0.000720561,0.002385683,1.2117023,0.16246122,0.000629198,0.007641744,4.1302706,0.73173084,288.332,288.024,289.184,-60.97,NaN,NaN,NaN,-0.047226250142856,444.033513611175,42.2160763108457,14.6346168,288.332,288.024,289.184,0.234990916568365+0i,0.000629198,20.8579605095837,532.300106064514,27.5253380559775,20.9348630803672,-9.9e+37,491.378,747.95,227.271
20260514194815.1,3672.94100113213,9.7884111,0.62761443,2.0026401,2.7282956,-0.000422296,-0.000717403,0.002410838,1.2117132,0.42880651,0.000638127,-0.041706318,4.1303908,0.6143058,288.321,288.032,289.208,-61.06,NaN,NaN,NaN,-0.0493013784195284,443.746194054587,60.3727027715884,12.286116,288.321,288.032,289.208,0.283778399843471+0i,0.000638127,20.8592950202433,533.398718207478,27.7987488099843,20.9347450059927,-9.9e+37,-9.9e+37,97.273,-9.9e+37
20260514194817.2,3675.10500065982,9.7884548,0.62255331,2.0026292,2.7282191,-0.000421099,-0.000716314,0.00240376,1.2118444,0.12528517,0.000635187,-0.082265564,4.1312214,0.65211692,288.346,288.035,289.233,-61.1,NaN,NaN,NaN,-0.0499909789748756,443.695919703994,59.8668741144344,13.0423384,288.346,288.035,289.233,0.318782068107407+0i,0.000635187,20.8685166887442,531.888439327575,27.6893845083814,20.9336231649545,1294.837,134.994,519.377,531.358
20260514194819.4,3677.22999416292,9.7885859,0.57143901,2.0026401,2.7283503,-0.000422514,-0.00072263,0.002392217,1.211746,0.39650937,0.000635514,0.11215596,4.1307515,0.73059378,288.327,288.035,289.252,-61.2,NaN,NaN,NaN,-0.0493013784195284,443.782141858213,54.7583057085545,14.6118756,288.327,288.035,289.252,0.238617218797971+0i,0.000635514,20.8632996624637,534.908997087378,27.5116363780999,20.9357780895285,494.68,585.175,290.7,-9.9e+37
20260514194821.5,3679.39799688756,9.7888155,0.68133677,2.0030117,2.7277273,-0.000421099,-0.000716859,0.00239984,1.211746,0.12501673,0.000634969,0.046062281,4.1304892,0.69479927,288.346,288.032,289.211,-61.23,NaN,NaN,NaN,-0.02579169343133,443.372718061885,65.7419291683881,13.8959854,288.346,288.032,289.211,0.280239196161406+0i,0.000634969,20.8603874981875,532.849412135996,27.5800202067785,20.9352468893246,-9.9e+37,221.283,696.336,446.43
20260514194823.7,3681.52699358761,9.7881925,0.46048163,2.0029133,2.7274978,-0.000424148,-0.000716532,0.002415847,1.2118116,0.43519021,0.000627129,-0.062865008,4.1309263,0.65114572,288.324,288.032,289.184,-61.28,NaN,NaN,NaN,-0.0320170782613616,443.221895010108,43.6687795707181,13.0229144,288.324,288.032,289.184,0.225986880483211+0i,0.000627129,20.8652403651533,533.123439538397,28.3455703179975,20.9353057920308,-9.9e+37,118.246,102.55,-9.9e+37
20260514194825.8,3683.65999348462,9.7888482,0.64062844,2.002968,2.7277928,-0.000419683,-0.000717403,0.002397771,1.2117241,0.41071391,0.000634207,-0.004395135,4.131287,0.62621547,288.329,288.002,289.211,-61.32,NaN,NaN,NaN,-0.0285564222633639,443.415763420889,61.673375192414,12.5243094,288.329,288.002,289.211,0.335117969070453+0i,0.000634207,20.8692450073737,533.123439538397,28.400252468799,20.9332100391251,-9.9e+37,-9.9e+37,-9.9e+37,-9.9e+37
20260514194827.9,3685.81199347973,9.7888155,0.60598299,2.0029789,2.7272354,-0.000419683,-0.000721868,0.00239984,1.2118334,0.13366911,0.000625931,-0.082396892,4.1313417,0.65233625,288.343,288.018,289.2,-61.39,NaN,NaN,NaN,-0.0278668217080025,443.04945070167,58.2107697908435,13.046725,288.343,288.018,289.2,0.264304140789524+0i,0.000625931,20.8698523096456,533.398718207478,27.5663185289013,20.9352173034905,9.9e+37,336.585,417.775,586.696
20260514194830.1,3687.96899244189,9.7886952,0.5135187,2.0026947,2.7272792,-0.000418921,-0.000717403,0.002376209,1.2117897,0.12135893,0.000631811,0.053562792,4.1315384,0.65183865,288.34,288.024,289.2,-61.43,NaN,NaN,NaN,-0.045847049032119,443.078235231813,48.9695173318229,13.036773,288.34,288.024,289.2,0.283394506748971+0i,0.000631811,20.8720361552923,532.024827395436,27.5116363780999,20.9338004109972,1590.327,175.864,377.811,710.459
20260514194832.3,3690.12099243701,9.7877006,0.55949332,2.0026292,2.7269513,-0.00042197,-0.000719472,0.002398315,1.211746,0.15970259,0.000632682,-0.001844037,4.131134,0.67711699,288.346,288.013,289.219,-61.41,NaN,NaN,NaN,-0.0499909789748756,442.862745564372,53.564405478669,13.5423398,288.346,288.013,289.219,0.292384063952027+0i,0.000632682,20.8675463373994,534.222051681357,27.5253380559775,20.9338888995375,1046.236,264.588,472.576,575.882
20260514194834.4,3692.28099882603,9.7876897,0.57148048,2.0026401,2.7268748,-0.000421425,-0.000721759,0.002362706,1.2116913,0.42617774,0.000632138,0.10503715,4.1311012,0.71178754,288.338,288.024,289.238,-61.36,NaN,NaN,NaN,-0.0493013784195284,442.81247121378,54.762450386889,14.2357508,288.338,288.024,289.238,0.314192353273143+0i,0.000632138,20.8671821780847,534.222051681357,28.3455703179975,20.9332396249592,-9.9e+37,234.868,265.074,-9.9e+37
20260514194836.6,3694.42199505866,9.7879192,0.42284513,2.002662,2.7271917,-0.000419792,-0.000721541,0.002410511,1.2118116,0.13395829,0.0006329,-0.10938553,4.1315384,0.60059232,288.346,288.021,289.217,-61.37,NaN,NaN,NaN,-0.0479158506982031,443.020731889633,39.9072366207432,12.0118464,288.346,288.021,289.217,0.255524746981231+0i,0.0006329,20.8720361552923,533.948024278961,28.4412329417228,20.933741239329,-9.9e+37,-9.9e+37,430.214,552.44
20260514194838.7,3696.55100181699,9.7885531,0.52442118,2.002662,2.7271371,-0.00042099,-0.000718383,0.002438715,1.2116695,0.19209685,0.000621793,0.058072594,4.1314619,0.7013521,288.343,288.013,289.246,-61.42,NaN,NaN,NaN,-0.0479158506982031,442.984849804112,50.0591549650046,14.027042,288.343,288.013,289.246,0.288782732645705+0i,0.000621793,20.8711868203051,532.437745399057,28.3729736737523,20.9336823366228,1337.516,432.036,486.457,489.232
20260514194840.9,3698.72599504888,9.7892745,0.54878836,2.0027275,2.7273338,-0.000420881,-0.000717512,0.002450149,1.2117678,0.42830673,0.000635623,-0.041362099,4.1315821,0.62574406,288.329,288.018,289.227,-61.46,NaN,NaN,NaN,-0.0437719207554323,443.114117317334,52.4945087874846,12.5148812,288.329,288.018,289.227,0.257689181884926+0i,0.000635623,20.8725213309647,533.810384944418,27.5527414117323,20.9349811547416,-9.9e+37,-9.9e+37,-9.9e+37,-9.9e+37
20260514194843.1,3700.94899646938,9.7894603,0.56188748,2.0029898,2.7269076,-0.000420445,-0.000724155,0.0024422,1.2118116,0.30363695,0.000635296,0.0053492,4.1310247,0.5345085,288.329,288.021,289.222,-61.5,NaN,NaN,NaN,-0.0271772211526553,442.834026752334,53.8036874434934,10.69017,288.329,288.021,289.222,0.320454552503281+0i,0.000635296,20.8663328430975,533.948024278961,27.5253380559775,20.9329738903762,898.011,-9.9e+37,-9.9e+37,208.543
20260514194845.2,3703.08599956334,9.789504,0.52445828,2.0028259,2.7279459,-0.000420445,-0.000721432,0.002434033,1.2116367,0.38398858,0.000625386,0.13113964,4.1315165,0.738431,288.321,288.018,289.217,-61.58,NaN,NaN,NaN,-0.0375465359254292,443.516377840179,50.0628628879901,14.76862,288.321,288.018,289.217,0.28354427399296+0i,0.000625386,20.8717930123352,533.536357542013,27.867132638663,20.9338593137034,9.9e+37,872.853,244.167,-9.9e+37
20260514194847.5,3705.38699291646,9.7893073,0.54543501,2.0027713,2.727454,-0.000419792,-0.000719363,0.002428915,1.2118116,0.13355017,0.000635296,-0.000440155,4.1315712,0.56955664,288.346,288.005,289.2,-61.54,NaN,NaN,NaN,-0.0410008653128102,443.193110479964,52.1593615221624,11.3911328,288.346,288.005,289.2,0.311703824256853+0i,0.000635296,20.872400314607,534.497330350434,27.5390397338547,20.9330919647506,220.513,242.251,129.136,332.08
20260514194849.7,3707.53899291158,9.7889247,0.438812,2.0027931,2.7279787,-0.000422079,-0.000717948,0.002392979,1.2118116,0.15196467,0.000637365,0.017307315,4.1315821,0.69382371,288.346,288.013,289.143,-61.63,NaN,NaN,NaN,-0.0396216642021017,443.537933378734,41.5030297280105,13.8764742,288.346,288.013,289.143,0.221462088980346+0i,0.000637365,20.8725213309647,532.711772801457,26.4453967178283,20.9353353778649,1481.064,771.684,588.145,424.187
20260514194851.8,3709.66799966991,9.7888264,0.77996103,2.0028478,2.7285798,-0.000421425,-0.000717403,0.002431419,1.2118225,0.44152262,0.000635405,-0.025987807,4.1315165,0.67580642,288.319,288.01,289.119,-61.61,NaN,NaN,NaN,-0.036161008204104,443.93296490999,75.5988337663047,13.5161284,288.319,288.01,289.119,0.362356690867538+0i,0.000635405,20.8717930123352,533.948024278961,26.4590983957055,20.9335050905801,-9.9e+37,392.201,221.73,-9.9e+37
20260514194854,3711.84399873018,9.7894712,0.41554914,2.0030008,2.7287109,-0.000420119,-0.000721759,0.00240082,1.2117569,0.13488365,0.00063682,0.043107076,4.1309701,0.6956035,288.335,288.013,289.062,-61.6,NaN,NaN,NaN,-0.0264812939866772,444.019121346103,39.1780460810387,13.91207,288.335,288.013,289.062,0.281060074983453+0i,0.00063682,20.8657266510675,532.574133466919,26.3907145670269,20.9327377416273,149.827,424.511,717.877,383.68
20260514194856.1,3714.00000192225,9.7894166,0.62897737,2.0029024,2.7287328,-0.000422623,-0.000717512,0.002390257,1.2117897,0.44453878,0.000631594,-0.035733296,4.1309373,0.66341442,288.319,288.037,289.051,-61.63,NaN,NaN,NaN,-0.032706678816723,444.033513611175,60.5089204684582,13.2682884,288.319,288.037,289.051,0.320228765376296+0i,0.000631594,20.8653624917527,532.987051470539,25.5432035099598,20.9336823366228,-9.9e+37,224.082,220.815,-9.9e+37
20260514194858.3,3716.13699495792,9.7893729,0.42121592,2.0028259,2.7293339,-0.000419792,-0.000717512,0.002393633,1.2117897,0.18519918,0.000633989,-0.11634413,4.1309263,0.6094411,288.308,288.005,289.021,-61.61,NaN,NaN,NaN,-0.0375465359254292,444.428545142431,39.7444068307912,12.188822,288.308,288.005,289.021,0.282263532317838+0i,0.000633989,20.8652403651533,534.222051681357,26.3907145670269,20.9327377416273,437.788,-9.9e+37,413.99,483.08
20260514194900.4,3718.28500181437,9.7888264,0.52844891,2.0026729,2.7296618,-0.000421861,-0.000717185,0.002405175,1.2118006,0.45566276,0.000636058,-0.057612772,4.1314619,0.66174811,288.321,288.01,289.078,-61.7,NaN,NaN,NaN,-0.047226250142856,444.644034809873,50.4617024756897,13.2349622,288.321,288.01,289.078,0.295178707441378+0i,0.000636058,20.8711868203051,534.497330350434,25.297071551,20.9335642622484,1057.298,459.492,-9.9e+37,-9.9e+37
20260514194902.6,3720.43700180948,9.7886624,0.66397967,2.0026838,2.7303831,-0.000420445,-0.000717403,0.002368151,1.2117569,0.15331125,0.000640632,-0.11300303,4.1315712,0.6315625,288.329,287.991,289.086,-61.81,NaN,NaN,NaN,-0.0465366495874946,445.118059503759,64.0071908920604,12.63125,288.329,287.991,289.086,0.300249410321499+0i,0.000640632,20.872400314607,525.159127135271,26.4590983957055,20.9347154201586,1298.062,100.321,321.026,570.486
20260514194904.8,3722.68699966371,9.7887389,0.560865,2.0027275,2.7304815,-0.000420772,-0.000717948,0.002444487,1.2117132,0.29959722,0.000636385,0.00549325,4.1310794,0.57622951,288.34,288.026,289.078,-61.87,NaN,NaN,NaN,-0.0437719207554323,445.182726119423,53.7014966862367,11.5245902,288.34,288.026,289.078,0.31046705913019+0i,0.000636385,20.8669401453694,526.944684684252,27.5253380559775,20.9334461878739,9.9e+37,216.706,-9.9e+37,391.731
20260514194907.1,3724.97599348426,9.7878864,0.32117519,2.0027275,2.7305252,-0.000422841,-0.000719145,0.00244122,1.2117788,0.16048173,0.000633771,-0.000935412,4.1315821,0.5635265,288.348,288.026,289.089,-61.88,NaN,NaN,NaN,-0.0437719207554323,445.211444931461,29.7459345328401,11.27053,288.348,288.026,289.089,0.197581206403762+0i,0.000633771,20.8725213309647,533.123439538397,27.5527414117323,20.934833494533,9.9e+37,299.703,-9.9e+37,499.376
20260514194909.3,3727.13999301195,9.7880285,0.52304622,2.0029243,2.7306017,-0.000421316,-0.00072165,0.002417481,1.2117569,0.43951366,0.000630287,0.02001544,4.1309482,0.68747058,288.335,288.04,289.075,-61.98,NaN,NaN,NaN,-0.0313211510953977,445.261719282053,49.9217359410651,13.7494116,288.335,288.04,289.075,0.30611649559036+0i,0.000630287,20.8654835081104,531.613160658497,28.003775735312,20.9330919647506,9.9e+37,839.241,-9.9e+37,-9.9e+37
20260514194911.4,3729.27299290895,9.7877444,0.4921655,2.0026292,2.7307438,-0.000421643,-0.00071675,0.00242739,1.2117897,0.1389976,0.000633118,0.039810369,4.1312542,0.70443156,288.34,288.045,289.113,-61.96,NaN,NaN,NaN,-0.0499909789748756,445.355104709755,46.8353927740292,14.0886312,288.34,288.045,289.113,0.302942798861973+0i,0.000633118,20.868880848059,533.948024278961,28.3865507909218,20.9327966443335,967.215,653.53,656.275,353.788
20260514194913.6,3731.51199705899,9.7887936,0.49922467,2.0028478,2.7310717,-0.000420772,-0.000720561,0.002459732,1.2118444,0.33176123,0.000619724,-0.00704825,4.1309373,0.72115902,288.329,288.037,289.138,-61.96,NaN,NaN,NaN,-0.036161008204104,445.570594377197,47.5409145719162,14.4231804,288.329,288.037,289.138,0.234318505877545+0i,0.000619724,20.8653624917527,532.300106064514,29.4801938069481,20.9353353778649,-9.9e+37,182.131,603.471,286.282
20260514194915.9,3733.80499407649,9.7885969,0.73771842,2.0027166,2.730558,-0.000421534,-0.000719254,0.002420312,1.211746,0.45917652,0.00063388,-0.000619288,4.1315712,0.72944363,288.319,288.056,289.143,-62,NaN,NaN,NaN,-0.0444615213108221,445.233000470016,71.3769376857967,14.5888726,288.319,288.056,289.143,0.347599396544024+0i,0.00063388,20.872400314607,532.300106064514,29.4938954848258,20.9335642622484,-9.9e+37,-9.9e+37,514.303,237.369
20260514194918.1,3735.94499453902,9.788575,0.40853362,2.0027385,2.7299569,-0.000420881,-0.000721214,0.002439042,1.2117351,0.1215368,0.000617655,-0.070950809,4.1309373,0.62847868,288.348,288.029,289.168,-62.07,NaN,NaN,NaN,-0.0430759935894969,444.83796893876,38.4768868394406,12.5695736,288.348,288.029,289.168,0.200092958942101+0i,0.000617655,20.8653624917527,533.261078872935,29.343550710299,20.9357485036944,664.283,-9.9e+37,349.251,682.019
20260514194920.2,3738.08600082994,9.7886624,0.69103126,2.002804,2.729946,-0.000419683,-0.000719799,0.002419767,1.2118334,0.17388203,0.000634425,0.081076012,4.1309263,0.72363938,288.359,288.056,289.187,-62.03,NaN,NaN,NaN,-0.0389320636467545,444.830805665276,66.7108354299454,14.4727876,288.359,288.056,289.187,0.342175633437505+0i,0.000634425,20.8652403651533,540.813724539122,28.3592719958751,20.9332396249592,1195.692,199.249,419.148,481.094
20260514194922.4,3740.23800082505,9.7887499,0.60964626,2.0029133,2.7299897,-0.000420881,-0.000720017,0.002461692,1.2118553,0.39403446,0.000632138,0.11000452,4.1309482,0.71773802,288.34,288.081,289.255,-62.07,NaN,NaN,NaN,-0.0320170782613616,444.859524477314,58.5768917055369,14.3547604,288.34,288.081,289.255,0.322778920866369+0i,0.000632138,20.8654835081104,541.774697347543,28.3318686401203,20.9331508674568,-9.9e+37,195.086,332.169,-9.9e+37
20260514194924.5,3742.39799715579,9.7887171,0.5049089,2.0026947,2.7298148,-0.000420881,-0.000721106,0.002420421,1.2118553,0.21978789,0.000635623,0.064286717,4.1315821,0.75244785,288.34,288.067,289.271,-62.08,NaN,NaN,NaN,-0.045847049032119,444.744583511058,48.1090193447441,15.048957,288.34,288.067,289.271,0.293728421756509+0i,0.000635623,20.8725213309647,540.951363873656,27.5663185289013,20.9331508674568,-9.9e+37,321.137,676.121,-9.9e+37
20260514194926.7,3744.55799348652,9.7887936,0.57135608,2.0030336,2.7294432,-0.000422188,-0.000718928,0.002385356,1.2118881,0.13018154,0.000637365,-0.11403557,4.1310029,0.59218876,288.343,288.092,289.26,-62.14,NaN,NaN,NaN,-0.0244061657100048,444.500375031579,54.7500173513257,11.8437752,288.343,288.092,289.26,0.331690291956666+0i,0.000637365,20.8660908103822,542.873309490499,27.5527414117323,20.9325015928785,-9.9e+37,-9.9e+37,400.285,549.171
20260514194928.9,3746.7339925468,9.7888155,0.59238191,2.0030117,2.7295962,-0.000421099,-0.000716314,0.002399295,1.2119099,0.15967968,0.000617655,0.009734934,4.1311559,0.7023593,288.34,288.089,289.276,-62.27,NaN,NaN,NaN,-0.02579169343133,444.600923732763,56.8514232366729,14.047186,288.34,288.089,289.276,0.315667504036998+0i,0.000617655,20.8677894803565,541.089003208199,27.5390397338547,20.9332689418312,1417.112,213.703,483.318,597.469
20260514194931.1,3749.01199266315,9.7884876,0.6518452,2.0026729,2.7293448,-0.000422841,-0.000717621,0.00239385,1.2117678,0.25866189,0.000635949,-0.00713227,4.1314728,0.71099421,288.319,288.105,289.282,-62.32,NaN,NaN,NaN,-0.047226250142856,444.435708415915,62.7944232308756,14.2198842,288.319,288.105,289.282,0.334713020669064+0i,0.000635949,20.8713078366628,543.697894231059,27.5390397338547,20.9331215505848,-9.9e+37,-9.9e+37,560.68,470.439
20260514194933.4,3751.25799737871,9.7888155,0.49394749,2.0028696,2.7304378,-0.000419139,-0.000716096,0.002469533,1.211899,0.34244545,0.000634751,-0.004504466,4.1309263,0.73908792,288.327,288.094,289.314,-62.34,NaN,NaN,NaN,-0.0347818070933954,445.154007307386,47.0134920107124,14.7817584,288.327,288.094,289.314,0.279395183939956+0i,0.000634751,20.8652403651533,542.736921422637,27.6756828305047,20.9335050905801,-9.9e+37,-9.9e+37,564.234,339.385
20260514194935.6,3753.42899747193,9.7886515,0.40257006,2.0026729,2.7303394,-0.000421534,-0.000718928,0.002407244,1.211899,0.15948435,0.000633989,-0.09168771,4.1315165,0.59618702,288.34,288.092,289.342,-62.37,NaN,NaN,NaN,-0.047226250142856,445.089340691722,37.8808647046844,11.9237404,288.34,288.092,289.342,0.258732113080819+0i,0.000633989,20.8717930123352,540.67733647126,28.3318686401203,20.9332100391251,-9.9e+37,-9.9e+37,225.835,726.005
20260514194937.8,3755.61699606478,9.7888045,0.54320015,2.0030554,2.7307547,-0.000420227,-0.000716423,0.002399077,1.2118881,0.40837431,0.000633336,-0.02014121,4.1311012,0.62419343,288.308,288.064,289.371,-62.37,NaN,NaN,NaN,-0.0230269645992962,445.362267983239,51.9360006390521,12.4838686,288.308,288.064,289.371,0.354168268385529+0i,0.000633336,20.8671821780847,542.324003419026,29.452915011902,20.9313797518403,1216.158,-9.9e+37,-9.9e+37,326.463
20260514194939.9,3757.76499286294,9.7888045,0.42919608,2.0030226,2.7306892,-0.000420554,-0.000718819,0.002431419,1.2119209,0.12936858,0.000615913,0.049446757,4.1310138,0.6870461,288.362,288.059,289.377,-62.36,NaN,NaN,NaN,-0.0251020928759687,445.319222624235,40.5419760677732,13.740922,288.362,288.059,289.377,0.273691207477091+0i,0.000615913,20.8662118267399,542.049976016621,28.3729736737523,20.9329443045421,9.9e+37,296.545,326.148,683.792
20260514194942.1,3759.91799868643,9.788728,0.48477025,2.0029133,2.7312356,-0.000420663,-0.000717621,0.002468335,1.2119209,0.40748277,0.000630613,0.11387825,4.130981,0.75640682,288.332,288.037,289.407,-62.4,NaN,NaN,NaN,-0.0320170782613616,445.678306351865,46.0962817913182,15.1281364,288.332,288.037,289.407,0.286630577916489+0i,0.000630613,20.8658476674251,542.599282088103,27.5116363780999,20.9331508674568,690.673,561.113,202.237,-9.9e+37
20260514194944.3,3762.17599287629,9.7887062,0.67264513,2.0028696,2.7312247,-0.000420227,-0.000718274,0.002408116,1.2118334,0.29569935,0.000632029,-0.00732105,4.1311996,0.74249255,288.329,288.062,289.412,-62.44,NaN,NaN,NaN,-0.0347818070933954,445.671143078382,64.8732517630577,14.849851,288.329,288.062,289.412,0.330811276487478+0i,0.000632029,20.8682746560289,542.049976016621,28.3455703179975,20.9334166020398,-9.9e+37,324.717,654.571,177.248
20260514194946.6,3764.44099768996,9.7886843,0.7106974,2.0027057,2.7316619,-0.000419792,-0.000717948,0.002415412,1.2119755,0.34960065,0.000631485,-0.003321424,4.131134,0.75673964,288.335,288.07,289.399,-62.44,NaN,NaN,NaN,-0.0451511218661693,445.95846263497,68.6763484364742,15.1347928,288.335,288.07,289.399,0.337341625535659+0i,0.000631485,20.8675463373994,542.049976016621,28.3865507909218,20.9335050905801,-9.9e+37,-9.9e+37,621.462,270.574
20260514194948.7,3766.61299355328,9.7884001,0.60613794,2.0026292,2.7319351,-0.000420336,-0.000717839,0.00242249,1.2118444,0.15476695,0.000634207,-0.075101133,4.1311777,0.60933198,288.327,288.054,289.39,-62.49,NaN,NaN,NaN,-0.0499909789748756,446.138004498785,58.226256116089,12.1866396,288.327,288.054,289.39,0.325399187363887+0i,0.000634207,20.8680315130718,541.912336682078,28.3865507909218,20.9330327930824,-9.9e+37,-9.9e+37,235.839,682.822
20260514194950.9,3768.76899674535,9.7884876,0.66233083,2.002662,2.7318368,-0.000418703,-0.000718165,0.002419876,1.2119209,0.16075345,0.000635732,0.000839366,4.130981,0.71692069,288.346,288.054,289.382,-62.49,NaN,NaN,NaN,-0.0479158506982031,446.073403601227,63.8423992010786,14.3384138,288.346,288.054,289.382,0.330036676377297+0i,0.000635732,20.8658476674251,540.67733647126,28.3865507909218,20.9333870162057,9.9e+37,226.27,401.033,633.927
20260514194953,3770.91399617493,9.7883892,0.57429585,2.0026401,2.7319679,-0.000422188,-0.000719799,0.002405284,1.2118334,0.42133487,0.000636058,-0.037155034,4.1312324,0.60332476,288.332,288.081,289.385,-62.58,NaN,NaN,NaN,-0.0493013784195284,446.15956003734,55.0438297706008,12.0664952,288.332,288.081,289.385,0.325111439967722+0i,0.000636058,20.8686388153437,542.049976016621,28.4139541466766,20.9327377416273,-9.9e+37,-9.9e+37,-9.9e+37,117.513
20260514194955.2,3773.05499240756,9.7884766,0.49704221,2.002662,2.7312029,-0.000422188,-0.000716205,0.002430548,1.2118553,0.299152,0.000614715,-0.11302568,4.130981,0.61222701,288.319,288.081,289.371,-62.65,NaN,NaN,NaN,-0.0479158506982031,445.656816531415,47.3227907552329,12.2445402,288.319,288.081,289.371,0.297397516091526+0i,0.000614715,20.8658476674251,533.536357542013,28.3865507909218,20.9330623789165,9.9e+37,-9.9e+37,-9.9e+37,401.382
20260514194957.3,3775.202999264,9.7887827,0.55218099,2.0030445,2.731334,-0.00042295,-0.000716532,0.002424123,1.211899,0.29934515,0.000633989,-0.090796622,4.1310575,0.5942239,288.319,288.067,289.363,-62.68,NaN,NaN,NaN,-0.0237165651546434,445.742972967529,52.8335818537467,11.884478,288.319,288.067,289.363,0.315831920168861+0i,0.000633989,20.8666970024123,532.437745399057,28.3592719958751,20.9330327930824,9.9e+37,211.797,-9.9e+37,500.392
20260514194959.5,3777.34399549663,9.7890996,0.36868082,2.0026401,2.7312575,-0.000421425,-0.000722412,0.002436646,1.2118662,0.42833401,0.00063486,0.11260505,4.1310356,0.75766282,288.316,288.089,289.401,-62.74,NaN,NaN,NaN,-0.0493013784195284,445.692698616936,34.4938379672884,15.1532564,288.316,288.089,289.401,0.250644122965964+0i,0.00063486,20.8664538594552,531.475521323954,28.3729736737523,20.9332396249592,9.9e+37,951.712,151.395,-9.9e+37
20260514195001.6,3779.48399595916,9.7895149,0.52228782,2.0030445,2.7313996,-0.000423385,-0.000721432,0.002399948,1.2118334,0.34319512,0.00063682,0.11671879,4.1311122,0.77523599,288.321,288.075,289.412,-62.8,NaN,NaN,NaN,-0.0237165651546434,445.786084044638,49.8459383994961,15.5047198,288.321,288.075,289.412,0.29057716309915+0i,0.00063682,20.8673043046841,533.948024278961,28.3455703179975,20.9335642622484,-9.9e+37,805.305,571.094,-9.9e+37
20260514195003.8,3781.61699585617,9.7883892,0.54616614,2.0026292,2.7306564,-0.000421643,-0.00072067,0.002432073,1.2117788,0.11382727,0.000635514,0.060526119,4.1311231,0.67737343,288.329,288.054,289.439,-62.88,NaN,NaN,NaN,-0.0499909789748756,445.29766708568,52.232433590421,13.5474686,288.329,288.054,289.439,0.309925455649789+0i,0.000635514,20.8674253210418,532.024827395436,28.3455703179975,20.9331804532909,-9.9e+37,-9.9e+37,704.472,447.175
20260514195006,3783.85100103915,9.7887936,0.48841059,2.0028805,2.7310389,-0.000418485,-0.00072067,0.002397553,1.2118881,0.26435484,0.000636712,-0.00718901,4.1309373,0.70945121,288.34,288.045,289.45,-62.86,NaN,NaN,NaN,-0.0340922065380482,445.549038838642,46.4601119897296,14.1890242,288.34,288.045,289.45,0.233778371235237+0i,0.000636712,20.8653624917527,533.261078872935,28.3592719958751,20.9352762061966,-9.9e+37,271.425,593.692,350.982
20260514195008.3,3786.13299429417,9.7884329,0.57924459,2.0026729,2.7300662,-0.000418376,-0.000722086,0.00242347,1.2118662,0.36068974,0.00063486,-0.001216582,4.1315603,0.72886527,288.324,288.037,289.475,-62.9,NaN,NaN,NaN,-0.047226250142856,444.909798827907,55.5384267192612,14.5773054,288.324,288.037,289.475,0.289936133420716+0i,0.00063486,20.8722792982494,533.398718207478,27.75776833706,20.9341546341206,-9.9e+37,295.868,568.79,114.607
20260514195010.5,3788.38699534535,9.7884548,0.45709336,2.002651,2.7300225,-0.000421208,-0.000717076,0.002379476,1.211899,0.25464835,0.000637583,0.00580425,4.1309263,0.56872731,288.346,288.04,289.51,-62.96,NaN,NaN,NaN,-0.0486117778641528,444.881080015869,43.3301422603648,11.3745462,288.346,288.04,289.51,0.264163620933678+0i,0.000637583,20.8652403651533,533.536357542013,27.5527414117323,20.9338593137034,-9.9e+37,-9.9e+37,133.945,222.126
20260514195012.8,3790.63699319959,9.7887499,0.61492671,2.0027057,2.7304597,-0.000420663,-0.000716205,0.002405502,1.2118662,0.1159879,0.000635405,-0.003606294,4.1306422,0.65607371,288.351,288.021,289.515,-63.02,NaN,NaN,NaN,-0.0451511218661693,445.168399572457,59.1046410836723,13.1214742,288.351,288.021,289.515,0.279395966027187+0i,0.000635405,20.8620861681618,534.497330350434,27.5390397338547,20.9347745918269,1367.446,760.737,419.501,276.687
20260514195014.9,3792.79299639165,9.7886624,0.62988638,2.0028368,2.7299678,-0.000422732,-0.000720126,0.002449714,1.2118771,0.15860918,0.00063889,-0.10589425,4.1309154,0.59470295,288.346,287.999,289.532,-63.04,NaN,NaN,NaN,-0.0368569353700678,444.845132212243,60.5997705782441,11.894059,288.346,287.999,289.532,0.316290288356846+0i,0.00063889,20.8651193487956,533.261078872935,27.5663185289013,20.933741239329,-9.9e+37,-9.9e+37,444.429,604.889
20260514195017.1,3794.96500231326,9.7880941,0.58349275,2.0030008,2.7302848,-0.000422188,-0.000719145,0.002418787,1.2119209,0.13335811,0.000639325,0.038230729,4.1312761,0.63592196,288.351,287.996,289.537,-63.13,NaN,NaN,NaN,-0.0264812939866772,445.053458606201,55.9630048893452,12.7184392,288.351,287.996,289.537,0.289583719268453+0i,0.000639325,20.8691239910161,533.398718207478,27.5253380559775,20.9342135368267,1336.742,242.337,459.424,699.306
20260514195019.3,3797.21500016749,9.7880504,0.62008822,2.0027494,2.7304706,-0.000420445,-0.000714245,0.002419223,1.2119099,0.245745,0.000637038,0.00576387,4.1311122,0.56811404,288.346,287.994,289.524,-63.19,NaN,NaN,NaN,-0.0423863930341355,445.17556284594,59.6205031205706,11.3622808,288.346,287.994,289.524,0.313893021609804+0i,0.000637038,20.8673043046841,534.497330350434,28.3865507909218,20.9336823366228,237.123,-9.9e+37,-9.9e+37,411.306
20260514195021.6,3799.48800131679,9.7884657,0.44530154,2.0026182,2.7301208,-0.000422514,-0.000714027,0.00242935,1.2119099,0.44655209,0.000634969,-0.001124021,4.1306203,0.77389159,288.327,287.991,289.526,-63.21,NaN,NaN,NaN,-0.0506869061408253,444.945680913427,42.1516204161876,15.4778318,288.327,287.991,289.526,0.234723286612314+0i,0.000634969,20.8618430252047,533.810384944418,28.400252468799,20.9348039086989,859.054,420.979,517.029,107.208
20260514195023.8,3801.65599398315,9.7885531,0.42438485,2.002651,2.7302629,-0.000420227,-0.000718274,0.00238503,1.2118771,0.17931419,0.000637147,0.002296716,4.1314619,0.72882053,288.338,287.969,289.469,-63.21,NaN,NaN,NaN,-0.0486117778641528,445.039066341129,40.0611224207229,14.5764106,288.338,287.969,289.469,0.258714840331564+0i,0.000637147,20.8711868203051,533.123439538397,28.3865507909218,20.9336527507887,559.885,306.609,592.655,365.298
20260514195026,3803.83599624038,9.7879083,0.56412995,2.0026401,2.7306564,-0.000420663,-0.00072067,0.002398315,1.2119536,0.43387528,0.000636494,0.07114387,4.1311559,0.67723375,288.338,287.961,289.439,-63.2,NaN,NaN,NaN,-0.0493013784195284,445.29766708568,54.0278089005638,13.544675,288.338,287.961,289.439,0.321200352810108+0i,0.000636494,20.8677894803565,532.300106064514,28.3729736737523,20.9329738903762,-9.9e+37,133.632,274.072,-9.9e+37
20260514195028.2,3806.07799775898,9.7877662,0.62938659,2.002651,2.7306017,-0.000420336,-0.000719581,0.002402453,1.2119099,0.24774194,0.000635732,-0.00744109,4.1315165,0.72624196,288.346,287.926,289.415,-63.21,NaN,NaN,NaN,-0.0486117778641528,445.261719282053,60.5498195585964,14.5248392,288.346,287.926,289.415,0.325046731132602+0i,0.000635732,20.8717930123352,532.437745399057,28.3865507909218,20.9334461878739,-9.9e+37,502.705,725.102,96.84
20260514195030.4,3808.2299977541,9.7876788,0.49566945,2.0026292,2.7312903,-0.00042295,-0.000719472,0.002402126,1.2118444,0.4177818,0.000633227,0.1477067,4.1312324,0.67982869,288.321,287.956,289.429,-63.29,NaN,NaN,NaN,-0.0499909789748756,445.714254155491,47.1855916081281,13.5965738,288.321,287.956,289.429,0.256667255896027+0i,0.000633227,20.8686388153437,533.810384944418,28.3455703179975,20.9345088572439,-9.9e+37,226.21,363.011,-9.9e+37
20260514195032.7,3810.53100116551,9.7880285,0.64403744,2.0029133,2.7312356,-0.000420881,-0.000717621,0.002381872,1.2119209,0.43939471,0.00063486,-0.001267654,4.1314072,0.78870503,288.305,287.948,289.431,-63.31,NaN,NaN,NaN,-0.0320170782613616,445.678306351865,62.0140843422144,15.7741006,288.305,287.948,289.431,0.31336103444032+0i,0.00063486,20.8705795180333,532.849412135996,29.4392133340243,20.9338888995375,-9.9e+37,150.941,710.563,-9.9e+37
20260514195034.8,3812.68699429929,9.788422,0.47797952,2.0027166,2.7318258,-0.000421316,-0.000720888,0.002381436,1.2119536,0.24514919,0.000636712,0.11194851,4.1309482,0.75710084,288.335,287.956,289.437,-63.3,NaN,NaN,NaN,-0.0444615213108221,446.066174609638,45.4175889650277,15.1420168,288.335,287.956,289.437,0.275339115259511+0i,0.000636712,20.8654835081104,533.398718207478,28.3455703179975,20.9336527507887,-9.9e+37,378.643,613.475,-9.9e+37
20260514195037,3814.83199372888,9.7887717,0.6573439,2.0030445,2.731957,-0.000419792,-0.000720561,0.002374031,1.2119427,0.42032548,0.000638781,0.063011877,4.1310247,0.69444025,288.321,287.975,289.445,-63.29,NaN,NaN,NaN,-0.0237165651546434,446.152396763857,63.3439853904554,13.888805,288.321,287.975,289.445,0.325586391672759+0i,0.000638781,20.8663328430975,534.222051681357,28.3592719958751,20.9336231649545,-9.9e+37,165.253,393.496,-9.9e+37
20260514195039.1,3816.98000058532,9.7887608,0.48530713,2.0027385,2.7329079,-0.000421643,-0.000717839,0.002402998,1.2118006,0.43931724,0.000612755,-0.04769513,4.1315712,0.68540598,288.321,287.988,289.439,-63.31,NaN,NaN,NaN,-0.0430759935894969,446.777310227626,46.1499397345112,13.7081196,288.321,287.988,289.439,0.266048659228085+0i,0.000612755,20.872400314607,533.536357542013,27.5937218846561,20.9340954624523,-9.9e+37,321.131,326.043,-9.9e+37
20260514195041.3,3819.13699954748,9.7885204,0.57378952,2.0026947,2.7324488,-0.000422732,-0.00071675,0.002400384,1.2119646,0.44032662,0.000632682,-0.055357987,4.1309482,0.70145467,288.316,288.005,289.374,-63.33,NaN,NaN,NaN,-0.045847049032119,446.475598405966,54.99322511709,14.0290934,288.316,288.005,289.374,0.28348551428352+0i,0.000632682,20.8654835081104,540.402057802183,27.5390397338547,20.9341842199547,-9.9e+37,511.854,287.849,-9.9e+37
20260514195043.4,3821.29699587822,9.7884438,0.44727449,2.0026401,2.7324925,-0.000419901,-0.000718601,0.002406809,1.2119099,0.11181613,0.000632682,0.046505162,4.1310575,0.68899285,288.332,288.01,289.385,-63.34,NaN,NaN,NaN,-0.0493013784195284,446.504317218004,42.3488049621245,13.779857,288.332,288.01,289.385,0.309725750310577+0i,0.000632682,20.8666970024123,553.997070254648,28.3182915229509,20.931556997883,1006.782,528.798,716.353,380.942
20260514195045.6,3823.44499267638,9.7884001,0.6819446,2.0026401,2.7325581,-0.000421643,-0.000719908,0.002485758,1.2119536,0.44412411,0.000633663,-0.061777584,4.1311559,0.58803991,288.332,288.037,289.342,-63.42,NaN,NaN,NaN,-0.0493013784195284,446.547428295113,65.8026781395008,11.7607982,288.332,288.037,289.342,0.366508950136077+0i,0.000633663,20.8677894803565,564.159858210367,27.5253380559775,20.9319701237124,-9.9e+37,-9.9e+37,-9.9e+37,-9.9e+37
20260514195047.7,3825.60099586844,9.7886515,0.65289278,2.0026838,2.7328641,-0.000422732,-0.000721106,0.002447862,1.2119209,0.16529405,0.000637692,0.001179446,4.1315493,0.68978508,288.34,288.032,289.347,-63.47,NaN,NaN,NaN,-0.0465366495874946,446.748525697483,62.8991225829284,13.7957016,288.34,288.032,289.347,0.368388635984817+0i,0.000637692,20.8721571716499,564.57152494731,27.5253380559775,20.9316454864233,1424.727,779.317,665.53,287.97
20260514195049.9,3827.73399576545,9.7887717,0.57827886,2.0030663,2.7325909,-0.000423168,-0.000721323,0.002418134,1.2117897,0.12602069,0.00062114,-0.1067921,4.1310903,0.60176976,288.346,288.035,289.323,-63.51,NaN,NaN,NaN,-0.0223373640439348,446.568983833668,55.4419077849002,12.0353952,288.346,288.035,289.323,0.374845362633154+0i,0.00062114,20.867061161727,552.624430709283,28.3455703179975,20.9309074543425,-9.9e+37,-9.9e+37,494.318,620.452
20260514195052,3829.87899519503,9.7883892,0.53850677,2.0026401,2.7322302,-0.00042491,-0.000721432,0.002457445,1.2117569,0.26001174,0.000634425,-0.11746183,4.1311559,0.56095884,288.346,288.029,289.301,-63.59,NaN,NaN,NaN,-0.0493013784195284,446.331938627672,51.4669253942617,11.2191768,288.346,288.029,289.301,0.339802141051671+0i,0.000634425,20.8677894803565,552.624430709283,28.3182915229509,20.9316454864233,1031.069,-9.9e+37,-9.9e+37,645.4
20260514195054.2,3832.02299885452,9.7886297,0.70825305,2.002651,2.7321756,-0.000420772,-0.000719472,0.002427172,1.2118334,0.44228975,0.000635405,0.10927339,4.1315275,0.70522379,288.316,288.064,289.328,-63.65,NaN,NaN,NaN,-0.0486117778641528,446.296056542151,68.4320502814977,14.1044758,288.316,288.064,289.328,0.394478306559191+0i,0.000635405,20.8719151389346,541.500669945139,28.3592719958751,20.9317931466319,9.9e+37,622.234,-9.9e+37,-9.9e+37
20260514195056.4,3834.22200120986,9.7879411,0.55296449,2.002804,2.7318258,-0.000421643,-0.000718601,0.002394177,1.2118662,0.43058632,0.000635296,0.064867892,4.1309154,0.67813619,288.324,288.073,289.339,-63.71,NaN,NaN,NaN,-0.0389320636467545,446.066174609638,52.9118879901118,13.5627238,288.324,288.073,289.339,0.352569619005873+0i,0.000635296,20.8651193487956,542.18761535116,28.3318686401203,20.9315865837171,-9.9e+37,576.028,239.311,-9.9e+37
20260514195058.5,3836.38999387622,9.7880832,0.49500926,2.0028368,2.7317165,-0.000423385,-0.000721868,0.002392544,1.2117788,0.43537463,0.000633663,-0.04923785,4.1314947,0.65504905,288.31,288.075,289.361,-63.7,NaN,NaN,NaN,-0.0368569353700678,445.994344720491,47.1196095683491,13.100981,288.31,288.075,289.361,0.332315425650869+0i,0.000633663,20.8715509796199,542.736921422637,27.5800202067785,20.9316159005891,-9.9e+37,477.466,187.903,-9.9e+37
20260514195100.7,3838.52299377322,9.7880941,0.5230495,2.0028587,2.7315307,-0.000422079,-0.00071969,0.00243828,1.2118334,0.11986613,0.000624515,-0.065366987,4.1314728,0.66535135,288.343,288.067,289.396,-63.78,NaN,NaN,NaN,-0.0354714076487426,445.872240480751,49.9220637574369,13.307027,288.343,288.067,289.396,0.306645900333891+0i,0.000624515,20.8713078366628,532.849412135996,27.5663185289013,20.9330623789165,1301.448,416.643,574.223,458.874
20260514195102.8,3840.67199639976,9.7880941,0.58021797,2.0028805,2.7310608,-0.00042197,-0.000719799,0.002391237,1.2118334,0.38789627,0.000630505,0.11318753,4.1314728,0.72979282,288.34,288.081,289.467,-63.8,NaN,NaN,NaN,-0.0340922065380482,445.563431103714,55.635710225343,14.5958564,288.34,288.081,289.467,0.30967321880314+0i,0.000630505,20.8713078366628,542.324003419026,27.5527414117323,20.9333281134995,262.081,670.594,359.964,-9.9e+37
20260514195104.9,3842.81199686229,9.7885422,0.51726489,2.0027275,2.7299678,-0.000423494,-0.000720343,0.002369567,1.2118116,0.16658934,0.000634098,-0.001454301,4.1309263,0.72792464,288.327,288.073,289.483,-63.84,NaN,NaN,NaN,-0.0437719207554323,444.845132212243,49.3439266043048,14.5584928,288.327,288.073,289.483,0.275579279774811+0i,0.000634098,20.8652403651533,541.089003208199,27.5800202067785,20.9339184853717,-9.9e+37,425.715,739.646,249.644
20260514195107.1,3844.95699629188,9.7888155,0.64892942,2.0029461,2.7303722,-0.000422079,-0.000716641,0.002437953,1.2118225,0.14747863,0.000637147,0.014019759,4.1314072,0.68030556,288.354,288.059,289.526,-63.88,NaN,NaN,NaN,-0.0299419499846891,445.110896230276,62.5030084685391,13.6061112,288.354,288.059,289.526,0.346709906034272+0i,0.000637147,20.8705795180333,543.010948825042,27.5390397338547,20.9327377416273,-9.9e+37,99.085,701.152,424.919
20260514195109.2,3847.10499309003,9.7881269,0.52719181,2.0028587,2.7304597,-0.000424148,-0.000723283,0.002405938,1.2118334,0.41117986,0.000634969,0.090976135,4.1315165,0.70422096,288.327,288.062,289.513,-63.97,NaN,NaN,NaN,-0.0354714076487426,445.168399572457,50.3360628534503,14.0844192,288.327,288.062,289.513,0.330553829488854+0i,0.000634969,20.8717930123352,540.951363873656,27.128861322491,20.932117783921,-9.9e+37,170.248,373.558,-9.9e+37
20260514195111.5,3849.3509978056,9.7880941,0.5521919,2.0028259,2.7304815,-0.000422188,-0.000719908,0.002397988,1.2118553,0.29517775,0.000635078,-0.0075644,4.1310029,0.76366894,288.343,288.056,289.507,-64.01,NaN,NaN,NaN,-0.0375465359254292,445.182726119423,52.8346722429588,15.2733788,288.343,288.056,289.507,0.358765519921231+0i,0.000635078,20.8660908103822,533.398718207478,26.3907145670269,20.9316159005891,-9.9e+37,173.932,733.323,149.931
20260514195113.7,3851.5939950943,9.7880832,0.53483479,2.002804,2.7304924,-0.000422514,-0.000720888,0.002412798,1.211899,0.21982499,0.000630613,0.002997458,4.1309701,0.57754009,288.335,288.054,289.518,-64,NaN,NaN,NaN,-0.0389320636467545,445.189889392907,51.099932967191,11.5508018,288.335,288.054,289.518,0.323398147225936+0i,0.000630613,20.8657266510675,533.810384944418,27.5527414117323,20.9325900814188,-9.9e+37,-9.9e+37,-9.9e+37,271.242
20260514195115.9,3853.77300158143,9.7879629,0.52533127,2.0028259,2.729946,-0.000424583,-0.000715116,0.002428261,1.2118006,0.11851628,0.000635296,0.032731832,4.1309154,0.68875933,288.343,288.045,289.494,-64.12,NaN,NaN,NaN,-0.0375465359254292,444.830805665276,50.1501130143275,13.7751866,288.343,288.045,289.494,0.300340340728691+0i,0.000635296,20.8651193487956,533.261078872935,27.5527414117323,20.9332985276654,1149.989,491.018,665.566,451.662
20260514195118.1,3855.94099424779,9.7878099,0.66095151,2.002662,2.7302083,-0.000423168,-0.000718928,0.002450912,1.2118662,0.18399337,0.000632682,-0.11528263,4.13144,0.59970624,288.329,288.035,289.458,-64.11,NaN,NaN,NaN,-0.0479158506982031,445.003184255608,63.7045444212303,11.9941248,288.329,288.035,289.458,0.392046314151155+0i,0.000632682,20.870943677348,533.123439538397,27.5527414117323,20.9316454864233,-9.9e+37,-9.9e+37,265.658,594.922
20260514195120.2,3858.10100063682,9.788105,0.65623303,2.0029243,2.730405,-0.000423385,-0.000719472,0.002411927,1.2117678,0.45939913,0.000635187,-0.065860283,4.1314291,0.6646104,288.335,288.01,289.453,-64.13,NaN,NaN,NaN,-0.0313211510953977,445.132451768831,63.2329605816438,13.292208,288.335,288.01,289.453,0.348796210157639+0i,0.000635187,20.8708226609904,532.574133466919,27.867132638663,20.9329443045421,1194.597,218.562,-9.9e+37,106.872
20260514195122.4,3860.26199273765,9.7886406,0.59158422,2.0026729,2.7303066,-0.000420445,-0.000720234,0.002388841,1.2118225,0.36745864,0.00063889,-0.056017674,4.1314947,0.60012309,288.313,288.024,289.453,-64.1,NaN,NaN,NaN,-0.047226250142856,445.067785153167,56.7716988947238,12.0024618,288.313,288.024,289.453,0.325006637921482+0i,0.00063889,20.8715509796199,540.402057802183,28.3729736737523,20.9329443045421,1470.036,144.798,-9.9e+37,249.978
20260514195124.5,3862.39399686456,9.7883783,0.60411917,2.0026182,2.7294432,-0.000423059,-0.000721432,0.002420094,1.2118444,0.17219172,0.000636929,-0.10803959,4.1311559,0.62574624,288.343,287.996,289.445,-64.06,NaN,NaN,NaN,-0.0506869061408253,444.500375031579,58.024492135349,12.5149248,288.343,287.996,289.445,0.336006195409231+0i,0.000636929,20.8677894803565,541.500669945139,28.4139541466766,20.9326785699591,9.9e+37,290.649,-9.9e+37,676.024
20260514195126.7,3864.57399912179,9.7886624,0.52593799,2.0026947,2.7297274,-0.000424257,-0.000718165,0.002396137,1.211746,0.44780046,0.000638998,0.10383984,4.1315493,0.68356944,288.321,288.007,289.423,-64.12,NaN,NaN,NaN,-0.045847049032119,444.687145886982,50.2107510475827,13.6713888,288.321,288.007,289.423,0.295352636912159+0i,0.000638998,20.8721571716499,540.539697136717,28.3865507909218,20.9332985276654,9.9e+37,709.078,-9.9e+37,-9.9e+37
20260514195129,3866.82399697602,9.7892198,0.65992138,2.0026182,2.7295744,-0.000421534,-0.000718492,0.002411382,1.2117241,0.26709819,0.000637474,-0.00720866,4.1314947,0.74768027,288.346,287.986,289.401,-64.18,NaN,NaN,NaN,-0.0506869061408253,444.586597185797,63.6015890922529,14.9536054,288.346,287.986,289.401,0.332560953731004+0i,0.000637474,20.8715509796199,533.261078872935,28.3592719958751,20.9334461878739,686.706,741.986,637.205,155.823
20260514195131.2,3869.10100132227,9.7892198,0.51935678,2.0026838,2.7293448,-0.000424801,-0.000717185,0.002413996,1.2116695,0.12901175,0.000637147,-0.000587164,4.131593,0.52426076,288.343,287.991,289.369,-64.24,NaN,NaN,NaN,-0.0465366495874946,444.435708415915,49.5529984914788,10.4852152,288.343,287.991,289.369,0.288895963932014+0i,0.000637147,20.8726423473223,532.849412135996,28.3592719958751,20.9336231649545,-9.9e+37,-9.9e+37,127.717,427.567
20260514195133.4,3871.2419975549,9.7884876,0.47450723,2.0026401,2.7289623,-0.000421425,-0.000718492,0.002410294,1.2118662,0.21352314,0.000635732,-0.11308698,4.1307078,0.56868366,288.338,287.991,289.336,-64.24,NaN,NaN,NaN,-0.0493013784195284,444.184336662953,45.0705543584684,11.3736732,288.338,287.991,289.336,0.283634733596044+0i,0.000635732,20.8628144867913,533.948024278961,28.4139541466766,20.9332985276654,1177.959,-9.9e+37,197.495,559.336
20260514195135.5,3873.38299378753,9.7888045,0.53922044,2.0030336,2.7289842,-0.000424366,-0.000716096,0.002431201,1.2117132,0.4358013,0.000633336,-0.03929189,4.1311449,0.61172068,288.313,288.007,289.314,-64.25,NaN,NaN,NaN,-0.0244061657100048,444.198728928024,51.5382524400048,12.2344136,288.313,288.007,289.314,0.282432980018911+0i,0.000633336,20.8676673537571,531.613160658497,28.3729736737523,20.9340661455803,9.9e+37,304.482,-9.9e+37,243.879
20260514195137.7,3875.54699331522,9.7887608,0.49333749,2.0027494,2.7292137,-0.000423277,-0.00072067,0.002396464,1.2118444,0.33750764,0.00063486,-0.083052221,4.1315821,0.60260018,288.324,288.016,289.298,-64.27,NaN,NaN,NaN,-0.0423863930341355,444.349551979801,46.9525261610854,12.0520036,288.324,288.016,289.298,0.34247011038461+0i,0.00063486,20.8725213309647,533.948024278961,29.452915011902,20.9313504349683,9.9e+37,338.531,-9.9e+37,366.988
20260514195139.9,3877.78500169516,9.7888155,0.58193556,2.0028587,2.7285798,-0.000422296,-0.000719581,0.002395484,1.211746,0.22732832,0.000639761,0.00555981,4.1309591,0.60524314,288.346,288.002,289.271,-64.26,NaN,NaN,NaN,-0.0354714076487426,443.93296490999,55.8073730674098,12.1048628,288.346,288.002,289.271,0.317968668666308+0i,0.000639761,20.865604524468,533.672745609879,30.573836822975,20.9331508674568,9.9e+37,703.908,-9.9e+37,326.979
20260514195142.1,3879.93299849331,9.7888155,0.55230866,2.0028805,2.728547,-0.000420445,-0.000720234,0.00242347,1.2117788,0.3203153,0.000639543,-0.11642548,4.1307078,0.60744742,288.329,288.016,289.285,-64.24,NaN,NaN,NaN,-0.0340922065380482,443.911409371435,52.8463417062415,12.1489484,288.329,288.016,289.285,0.369311535396884+0i,0.000639543,20.8628144867913,533.672745609879,31.4214724407498,20.9310847003852,1588.871,430.792,-9.9e+37,321.05
20260514195144.2,3882.10100121796,9.7894712,0.54582677,2.0030336,2.7281863,-0.000421316,-0.000718492,0.002408878,1.2117132,0.3372883,0.000634969,0.17287155,4.1303034,0.7624424,288.335,288.021,289.306,-64.28,NaN,NaN,NaN,-0.0244061657100048,443.67436416544,52.1985155897851,15.248848,288.335,288.021,289.306,0.318265757463253+0i,0.000634969,20.8583246688985,534.085663613495,30.6559223295312,20.9327673274615,9.9e+37,1090.597,332.766,-9.9e+37
20260514195146.4,3884.25800018013,9.7894056,0.53112024,2.002651,2.7284596,-0.000423494,-0.000719145,0.002371091,1.2117678,0.28593064,0.000633771,0.15245027,4.1315712,0.68200135,288.34,288.018,289.293,-64.31,NaN,NaN,NaN,-0.0486117778641528,443.85397174736,50.7286859233684,13.640027,288.34,288.018,289.293,0.350867130582024+0i,0.000633771,20.872400314607,533.398718207478,30.5875385008526,20.9314978262147,-9.9e+37,763.625,570.918,-9.9e+37
20260514195148.6,3886.43299341202,9.7887936,0.57176311,2.0028587,2.7285798,-0.000421534,-0.00072067,0.002423688,1.2116804,0.16717533,0.000628544,-0.16021545,4.1307515,0.59330072,288.338,288.005,289.285,-64.36,NaN,NaN,NaN,-0.0354714076487426,443.93296490999,54.7906975640694,11.8660144,288.338,288.005,289.285,0.34839478952533+0i,0.000628544,20.8632996624637,534.497330350434,29.466492129071,20.9320588812149,-9.9e+37,-9.9e+37,526.541,441.865
20260514195150.8,3888.6169988662,9.7884438,0.59027911,2.002662,2.7281207,-0.00042099,-0.000720017,0.00241955,1.2117678,0.22238069,0.000633009,-0.15100219,4.1303471,0.57794276,288.299,288.013,289.323,-64.42,NaN,NaN,NaN,-0.0479158506982031,443.63125308833,56.6412609602868,11.5588552,288.299,288.013,289.323,0.325912048238252+0i,0.000633009,20.8588098445709,533.810384944418,29.466492129071,20.9330034762103,1139.319,-9.9e+37,91.427,672.95
20260514195153,3890.88699258864,9.7887827,0.52379372,2.002804,2.7286126,-0.000425781,-0.000720017,0.0024067,1.2117241,0.35625932,0.00063889,-0.003732613,4.1302596,0.74517154,288.324,288.024,289.336,-64.49,NaN,NaN,NaN,-0.0389320636467545,443.954520448545,49.9964440928621,14.9034308,288.324,288.024,289.336,0.362828016865629+0i,0.00063889,20.8578383829843,533.398718207478,29.5211742798724,20.931025528717,9.9e+37,516.309,399.391,384.883
20260514195155.2,3893.05799268186,9.7887936,0.59477715,2.0030663,2.7282737,-0.000420663,-0.000719799,0.002418787,1.2117023,0.45547071,0.000632574,0.088980299,4.1304455,0.66982866,288.316,288.04,289.393,-64.56,NaN,NaN,NaN,-0.0223373640439348,443.731801789515,57.0908131410343,13.3965732,288.316,288.04,289.393,0.327086003657882+0i,0.000632574,20.8599023225151,538.891778922279,28.1268417147921,20.9329443045421,-9.9e+37,177.462,-9.9e+37,-9.9e+37
20260514195157.3,3895.20300216973,9.7885422,0.46298384,2.0026947,2.728077,-0.000424692,-0.000720234,0.002440893,1.2117132,0.21277347,0.000635514,0.11366111,4.1309373,0.75306112,288.34,288.018,289.448,-64.61,NaN,NaN,NaN,-0.045847049032119,443.602534276292,43.9188604864476,15.0612224,288.34,288.018,289.448,0.318754559163835+0i,0.000635514,20.8653624917527,542.18761535116,27.5390397338547,20.9317046580916,483.257,610.395,640.989,133.759
20260514195159.5,3897.36700169742,9.7888264,0.50937857,2.0029571,2.7284814,-0.000423712,-0.00071675,0.00243033,1.2117678,0.2478227,0.000636167,0.11748562,4.1309154,0.73128235,288.343,288.035,289.442,-64.69,NaN,NaN,NaN,-0.029246022818711,443.868298294326,48.5557361137639,14.625647,288.343,288.035,289.442,0.347069179236815+0i,0.000636167,20.8651193487956,533.123439538397,29.357127827468,20.9314093376744,-9.9e+37,410.696,684.473,-9.9e+37
20260514195201.6,3899.5039947331,9.7879302,0.49658499,2.0027494,2.728077,-0.000422514,-0.000722303,0.002428261,1.2117023,0.12176705,0.000636276,0.041018566,4.1302269,0.66561433,288.343,288.018,289.464,-64.71,NaN,NaN,NaN,-0.0423863930341355,443.602534276292,47.2770943523371,13.3122866,288.343,288.018,289.464,0.289363870072752+0i,0.000636276,20.8574753339113,534.3596910159,28.400252468799,20.9333281134995,-9.9e+37,-9.9e+37,754.044,465.592
20260514195203.8,3901.6760006547,9.7881378,0.46336905,2.0030226,2.728383,-0.000424474,-0.000719363,0.002414758,1.2116804,0.23197477,0.000634207,0.1099517,4.1305329,0.72114701,288.343,288.048,289.458,-64.69,NaN,NaN,NaN,-0.0251020928759687,443.803631678662,43.957359920767,14.4229402,288.343,288.048,289.458,0.311422419199045+0i,0.000634207,20.8608726738599,534.3596910159,28.400252468799,20.932117783921,-9.9e+37,144.983,618.408,296.616
20260514195206,3903.87499295175,9.7886078,0.51088884,2.0026401,2.7283612,-0.000420119,-0.000719363,0.002444596,1.2117569,0.3472556,0.000637583,0.11003871,4.1307078,0.7250056,288.313,288.051,289.458,-64.74,NaN,NaN,NaN,-0.0493013784195284,443.789305131696,48.7066785624788,14.500112,288.313,288.051,289.458,0.30981487459775+0i,0.000637583,20.8628144867913,533.398718207478,29.4938954848258,20.9327377416273,-9.9e+37,168.294,558.572,-9.9e+37
20260514195208.2,3906.02699294686,9.7884985,0.50132092,2.002662,2.728077,-0.000419901,-0.000718492,0.002440566,1.2118553,0.43508545,0.000636385,-0.034847976,4.1302815,0.64048222,288.316,288.059,289.48,-64.82,NaN,NaN,NaN,-0.0479158506982031,443.602534276292,47.750422214999,12.8096444,288.316,288.059,289.48,0.338276222961171+0i,0.000636385,20.8580815259414,533.672745609879,28.3592719958751,20.9316454864233,-9.9e+37,-9.9e+37,215.59,-9.9e+37
20260514195210.3,3908.18299613893,9.788728,0.38031114,2.0028805,2.7287109,-0.000421316,-0.000716641,0.002441329,1.2118006,0.20675425,0.000637909,-0.11692117,4.1302159,0.60529006,288.335,288.059,289.456,-64.87,NaN,NaN,NaN,-0.0340922065380482,444.019121346103,35.6562188529167,12.1058012,288.335,288.059,289.456,0.267412245044551+0i,0.000637909,20.8573532073119,533.536357542013,27.5527414117323,20.9327081557932,988.271,-9.9e+37,396.667,380.795
20260514195212.5,3910.34399829805,9.7888264,0.55924452,2.0030117,2.7290497,-0.000421425,-0.000718274,0.002434577,1.2118006,0.12790851,0.000636603,0.054603291,4.1306094,0.67602794,288.343,288.054,289.461,-64.9,NaN,NaN,NaN,-0.02579169343133,444.241774287028,53.5395394075425,13.5205588,288.343,288.054,289.461,0.306297044132067+0i,0.000636603,20.861722008847,533.948024278961,27.6621057133348,20.9334166020398,9.9e+37,274.166,422.599,690.05
20260514195214.7,3912.52699792385,9.7887062,0.40195024,2.0027822,2.7292465,-0.000421099,-0.000717512,0.00244318,1.2117023,0.34020734,0.000637909,0.11792469,4.1308826,0.74052397,288.329,288.078,289.491,-64.98,NaN,NaN,NaN,-0.0403112647574631,444.371107518356,37.8189174048225,14.8104794,288.329,288.078,289.491,0.277568053145368+0i,0.000637909,20.8647551894809,533.810384944418,26.4590983957055,20.932649253087,676.337,497.516,351.923,254.402
20260514195216.8,3914.68300111592,9.7888045,0.73950258,2.0029133,2.7291372,-0.000419574,-0.000720452,0.002447209,1.2118006,0.17722883,0.000636167,-0.11640489,4.1307405,0.58437773,288.332,288.075,289.475,-64.99,NaN,NaN,NaN,-0.0320170782613616,444.299277629209,71.5552538009942,11.6875546,288.332,288.075,289.475,0.40490372852215+0i,0.000636167,20.8631775358642,533.261078872935,25.3107732288772,20.9320292953807,-9.9e+37,-9.9e+37,260.527,306.305
20260514195219,3916.8280005455,9.7886187,0.59547117,2.0027603,2.7286891,-0.000420772,-0.000721541,0.002471928,1.2118662,0.39968922,0.000637147,-0.004949412,4.130205,0.65879196,288.329,288.064,289.472,-65.03,NaN,NaN,NaN,-0.0416967924787883,444.004794799137,57.1601762868672,13.1758392,288.329,288.064,289.472,0.319928705770415+0i,0.000637147,20.8572321909542,533.398718207478,26.4453967178283,20.9333576993336,650.831,-9.9e+37,-9.9e+37,295.087
20260514195221.1,3918.99999640882,9.788575,0.57578756,2.0027166,2.7287,-0.000419792,-0.000718274,0.002444596,1.2118225,0.19193316,0.000615586,0.076773769,4.1302487,0.72437159,288.357,288.081,289.483,-65.08,NaN,NaN,NaN,-0.0444615213108221,444.01195807262,55.1929172583828,14.4874318,288.357,288.081,289.483,0.377330812428876+0i,0.000615586,20.8577173666266,533.810384944418,25.297071551,20.9312912633,9.9e+37,810.035,525.086,429.632
20260514195223.3,3921.16799913347,9.7886078,0.39623547,2.0027275,2.7287109,-0.00042001,-0.000722303,0.002402344,1.211746,0.42327071,0.000640523,-0.034278127,4.1302378,0.64793203,288.313,288.075,289.505,-65.13,NaN,NaN,NaN,-0.0437719207554323,444.019121346103,37.2477603417527,12.9586406,288.313,288.075,289.505,0.262151266813714+0i,0.000640523,20.857596350269,533.261078872935,26.2403697925001,20.9332100391251,-9.9e+37,-9.9e+37,-9.9e+37,-9.9e+37
20260514195225.5,3923.31999912858,9.7887389,0.56767318,2.0026838,2.7280989,-0.000422514,-0.000723719,0.002448298,1.2118225,0.15180099,0.000634751,0.001523012,4.1302596,0.73725029,288.346,288.075,289.502,-65.19,NaN,NaN,NaN,-0.0465366495874946,443.616926541364,54.3819335356026,14.7450058,288.346,288.075,289.502,0.365990627355691+0i,0.000634751,20.8578383829843,532.987051470539,26.404416244904,20.931556997883,1424.23,629.522,647.075,370.994
20260514195227.6,3925.47999545932,9.7892964,0.55034227,2.0027275,2.728077,-0.000420554,-0.000718928,0.002414758,1.2117897,0.44289757,0.000639325,-0.046820483,4.1302378,0.66613485,288.321,288.064,289.483,-65.13,NaN,NaN,NaN,-0.0437719207554323,443.602534276292,52.6498127930482,13.322697,288.321,288.064,289.483,0.303236574452297+0i,0.000639325,20.857596350269,532.574133466919,26.4316950399507,20.9335050905801,-9.9e+37,239.158,189.631,-9.9e+37
20260514195229.8,3927.68300101161,9.7891652,0.68452099,2.002651,2.7281317,-0.00042099,-0.000717839,0.002399186,1.2117788,0.16319562,0.000637909,-0.000411516,4.1303471,0.71470876,288.346,288.059,289.488,-65.16,NaN,NaN,NaN,-0.0486117778641528,443.638482079919,66.0601729023211,14.2941752,288.346,288.059,289.488,0.362543532707362+0i,0.000637909,20.8588098445709,541.500669945139,26.4726755128745,20.9326196672529,411.252,619.37,666.733,323.048
20260514195232,3929.85099367797,9.789198,0.63912799,2.0026947,2.7274759,-0.000421099,-0.000719472,0.002411818,1.2118881,0.43982248,0.000637692,-0.038725089,4.1302706,0.62468884,288.332,288.048,289.48,-65.19,NaN,NaN,NaN,-0.045847049032119,443.207502745036,61.5234141939341,12.4937768,288.332,288.048,289.48,0.331686427559662+0i,0.000637692,20.8579605095837,541.912336682078,27.5116363780999,20.9331508674568,-9.9e+37,-9.9e+37,-9.9e+37,-9.9e+37
20260514195234.2,3932.02699273825,9.7890887,0.44453223,2.0026401,2.7275196,-0.000419574,-0.000715225,0.002406047,1.2119427,0.16325127,0.000614497,-0.003054957,4.1304017,0.7097513,288.338,288.026,289.442,-65.29,NaN,NaN,NaN,-0.0493013784195284,443.236221557074,42.0747324854065,14.195026,288.338,288.026,289.442,0.317806588671361+0i,0.000614497,20.8594160366009,537.243860707837,27.5663185289013,20.9315865837171,1272.262,672.433,675.716,343.089
20260514195236.3,3934.20699499547,9.788422,0.75062768,2.0026182,2.7275743,-0.000420336,-0.000717948,0.002402998,1.2118662,0.38583166,0.00063889,-0.023561507,4.131134,0.59854299,288.319,288.021,289.42,-65.33,NaN,NaN,NaN,-0.0506869061408253,443.2721693607,72.6671409709692,11.9708598,288.319,288.021,289.42,0.351050705936561+0i,0.00063889,20.8675463373994,534.085663613495,28.236206016395,20.9335642622484,-9.9e+37,-9.9e+37,-9.9e+37,-9.9e+37
20260514195238.5,3936.37499772012,9.7894603,0.60820256,2.0027275,2.7273338,-0.000420554,-0.00071969,0.002401473,1.2118334,0.3911558,0.000636058,0.11359599,4.1308936,0.77921245,288.324,288.021,289.388,-65.35,NaN,NaN,NaN,-0.0437719207554323,443.114117317334,58.4326025299525,15.584249,288.324,288.021,289.388,0.318629766233766+0i,0.000636058,20.8648773160803,533.398718207478,28.3592719958751,20.9334461878739,1230.48,799.983,426.538,-9.9e+37
20260514195240.7,3938.54699358344,9.7885313,0.58476839,2.0026182,2.7269185,-0.000421752,-0.000716314,0.002357044,1.2118881,0.43225371,0.000617219,-0.052381548,4.1311668,0.65785569,288.313,288.016,289.306,-65.38,NaN,NaN,NaN,-0.0506869061408253,442.841190025817,56.0904974736372,13.1571138,288.313,288.016,289.306,0.327258657129936+0i,0.000617219,20.8679104967142,533.672745609879,28.400252468799,20.9329443045421,-9.9e+37,346.867,263.22,-9.9e+37
20260514195242.8,3940.71099311113,9.7888045,0.5360395,2.002815,2.7273557,-0.000420881,-0.000719799,0.002415194,1.2118881,0.37378668,0.000635078,0.10989812,4.1312652,0.74596922,288.335,288.051,289.295,-65.44,NaN,NaN,NaN,-0.0382361364807764,443.128509582406,51.2203365224436,14.9193844,288.335,288.051,289.295,0.307945127880453+0i,0.000635078,20.8690029746584,532.987051470539,27.5390397338547,20.9331508674568,-9.9e+37,870.951,555.232,-9.9e+37
20260514195245,3942.88299903274,9.7894384,0.56574061,2.0030336,2.7269622,-0.000421752,-0.00071969,0.002445031,1.2119099,0.1033831,0.000631594,0.038565583,4.1310356,0.65772365,288.34,288.037,289.268,-65.46,NaN,NaN,NaN,-0.0244061657100048,442.869908837855,54.188784729023,13.154473,288.34,288.037,289.268,0.327005661367103+0i,0.000631594,20.8664538594552,533.536357542013,27.5527414117323,20.9327966443335,-9.9e+37,344.138,781.032,373.794
20260514195247.2,3945.04699856043,9.7893729,0.56117927,2.0028368,2.726842,-0.000420881,-0.000720017,0.002385574,1.2119209,0.38794865,0.000619724,-0.051319056,4.1309263,0.58493426,288.319,288.04,289.238,-65.51,NaN,NaN,NaN,-0.0368569353700678,442.790915675225,53.7329060920765,11.6986852,288.319,288.04,289.238,0.309041709545351+0i,0.000619724,20.8652403651533,533.536357542013,27.5527414117323,20.9333576993336,-9.9e+37,-9.9e+37,-9.9e+37,-9.9e+37
20260514195249.3,3947.19099216163,9.7886734,0.48722005,2.002662,2.7272245,-0.000420119,-0.000721432,0.002406264,1.2117351,0.45268698,0.000631485,-0.015154992,4.1315493,0.66825183,288.313,288.029,289.192,-65.49,NaN,NaN,NaN,-0.0479158506982031,443.042287428187,46.3411246411807,13.3650366,288.313,288.029,289.192,0.278800973900935+0i,0.000631485,20.8721571716499,533.536357542013,27.5800202067785,20.9336527507887,1181.636,560.691,-9.9e+37,-9.9e+37
20260514195251.5,3949.35899488628,9.7887936,0.52030942,2.0028368,2.7273666,-0.000419683,-0.00072165,0.00238993,1.2118006,0.14297076,0.000632791,0.010843274,4.1315056,0.7164711,288.338,288.043,289.195,-65.5,NaN,NaN,NaN,-0.0368569353700678,443.135672855889,49.6482091586733,14.329422,288.338,288.043,289.195,0.286798336068025+0i,0.000632791,20.8716719959775,533.672745609879,27.5527414117323,20.933711922457,1142.457,893.411,667.718,229.24
20260514195253.7,3951.52699761093,9.7886952,0.54054191,2.0026838,2.7272792,-0.000421861,-0.000718928,0.002409531,1.2118444,0.41879991,0.000629198,0.09034269,4.1315821,0.57611929,288.327,288.04,289.168,-65.55,NaN,NaN,NaN,-0.0465366495874946,443.078235231813,51.6703254585401,11.5223858,288.327,288.04,289.168,0.312135619927947+0i,0.000629198,20.8725213309647,532.849412135996,27.4843575830532,20.9330623789165,-9.9e+37,288.483,308.332,-9.9e+37
20260514195255.8,3953.69099713862,9.7884766,0.44406955,2.002662,2.7275087,-0.00042099,-0.000719472,0.002405829,1.2119209,0.42848351,0.000636167,-0.033833616,4.1310029,0.62496383,288.321,288.073,289.168,-65.63,NaN,NaN,NaN,-0.0479158506982031,443.229058283591,42.0284903881845,12.4992766,288.321,288.073,289.168,0.283671221675654+0i,0.000636167,20.8660908103822,532.987051470539,27.5253380559775,20.9329738903762,-9.9e+37,388.229,185.418,-9.9e+37
20260514195258,3955.85899986327,9.7888155,0.55189072,2.0029461,2.7278475,-0.00042099,-0.000718274,0.002383941,1.2118553,0.44111996,0.0006329,-0.04362266,4.1313307,0.65391635,288.319,288.094,289.151,-65.64,NaN,NaN,NaN,-0.0299419499846891,443.451711224515,52.8045711042856,13.078327,288.319,288.094,289.151,0.320628014925382+0i,0.0006329,20.8697301830461,532.849412135996,28.3729736737523,20.9328558160018,290.117,542.094,-9.9e+37,-9.9e+37
20260514195300.1,3958.01499299705,9.7886843,0.59056283,2.0028696,2.727465,-0.000421316,-0.000718819,0.002397553,1.2118006,0.28519297,0.000634643,0.11498114,4.1309263,0.73512239,288.332,288.097,289.143,-65.66,NaN,NaN,NaN,-0.0347818070933954,443.200339471553,56.6696170764444,14.7024478,288.332,288.097,289.143,0.340241839074507+0i,0.000634643,20.8652403651533,534.085663613495,27.5663185289013,20.9325900814188,1037.264,1036.761,579.779,-9.9e+37
20260514195302.4,3960.30099950731,9.7884001,0.6463061,2.0026182,2.7281645,-0.000422732,-0.000718274,0.002373487,1.2118771,-0.001607952,0.000637147,-0.02330495,4.131451,0.55882658,288.335,288.089,289.132,-65.66,NaN,NaN,NaN,-0.0506869061408253,443.660037618474,62.2408233330582,11.1765316,288.335,288.089,289.132,0.324311524854125+0i,0.000637147,20.8710658039475,534.771357752839,28.3455703179975,20.9335642622484,-9.9e+37,451.217,331.679,206.003
20260514195304.6,3962.45299950242,9.7881269,0.55434817,2.0027931,2.7286126,-0.000419139,-0.00071675,0.002424232,1.2118662,0.098249807,0.00063682,-0.11367556,4.1315493,0.58375028,288.343,288.089,289.138,-65.9,NaN,NaN,NaN,-0.0396216642021017,443.954520448545,53.0501785258689,11.6750056,288.343,288.089,289.138,0.330578744534527+0i,0.00063682,20.8721571716499,534.908997087378,28.3865507909218,20.9325015928785,297.253,215.321,509.248,582.272
20260514195306.9,3964.72999379039,9.7886952,0.46383391,2.0028915,2.7280989,-0.000422079,-0.000717403,0.002410185,1.2118881,0.00064164,0.000631485,0.024997629,4.1311231,0.71872994,288.348,288.089,289.173,-65.84,NaN,NaN,NaN,-0.0333962793720701,443.616926541364,44.0038198959434,14.3745988,288.348,288.089,289.173,0.329866700748809+0i,0.000631485,20.8674253210418,532.849412135996,28.3729736737523,20.9314685093427,929.527,540.368,559.52,387.77
20260514195309,3966.87899641693,9.7887936,0.46594435,2.0028805,2.7285579,-0.00042099,-0.000716859,0.002358568,1.2118334,0.10994904,0.000623862,0.038300749,4.1307733,0.66714751,288.34,288.081,289.2,-65.79,NaN,NaN,NaN,-0.0340922065380482,443.918572644919,44.2147457446101,13.3429502,288.34,288.081,289.2,0.34032382699083+0i,0.000623862,20.863541695179,534.085663613495,28.3729736737523,20.9310847003852,-9.9e+37,-9.9e+37,646.709,645.017
20260514195311.2,3969.03099641204,9.7888155,0.45797617,2.0030773,2.7282519,-0.000424692,-0.000715879,0.002408442,1.2118334,0.3571116,0.000635623,-0.11279144,4.1308717,0.56455881,288.338,288.075,289.162,-65.84,NaN,NaN,NaN,-0.0216414368779709,443.717475242549,43.4183738369372,11.2911762,288.338,288.075,289.162,0.323962220561426+0i,0.000635623,20.8646341731232,534.085663613495,28.3592719958751,20.9315865837171,-9.9e+37,-9.9e+37,-9.9e+37,399.582
20260514195313.3,3971.1789932102,9.7887171,0.48514999,2.0029024,2.7281098,-0.000424039,-0.000716096,0.002396899,1.2117897,0.33577259,0.000636167,0.11759365,4.1303689,0.72893402,288.332,288.081,289.187,-65.82,NaN,NaN,NaN,-0.032706678816723,443.624089814847,46.1342345318712,14.5786804,288.332,288.081,289.187,0.290051611461275+0i,0.000636167,20.8590518772861,533.948024278961,27.5663185289013,20.9332100391251,9.9e+37,758.149,315.859,198.742
20260514195315.5,3973.32799583673,9.788105,0.42657822,2.0030445,2.7283065,-0.000422188,-0.000716968,0.002428697,1.2118662,0.41201029,0.000633118,-0.011132282,4.1310794,0.61662357,288.308,288.086,289.135,-65.94,NaN,NaN,NaN,-0.0237165651546434,443.75335732807,40.2803366266184,12.3324714,288.308,288.086,289.135,0.278714378239827+0i,0.000633118,20.8669401453694,542.324003419026,27.5663185289013,20.9327377416273,-9.9e+37,-9.9e+37,-9.9e+37,-9.9e+37
20260514195317.6,3975.47999583185,9.7877334,0.53771563,2.002804,2.7286016,-0.00042099,-0.000717512,0.002414649,1.2118225,0.16725608,0.000632574,-0.11328005,4.1313526,0.62752386,288.348,288.081,289.102,-65.93,NaN,NaN,NaN,-0.0389320636467545,443.947291456957,51.387855685616,12.5504772,288.348,288.081,289.102,0.30466751952692+0i,0.000632574,20.8699733260032,541.089003208199,26.4726755128745,20.9331508674568,9.9e+37,198.602,320.492,531.957
20260514195319.9,3977.73399688303,9.7880067,0.5774146,2.0027057,2.7285142,-0.000422188,-0.000718056,0.002431637,1.2117897,0.2656163,0.000627564,0.00573004,4.1312542,0.57850038,288.329,288.067,289.105,-65.95,NaN,NaN,NaN,-0.0451511218661693,443.889853832881,55.3555301698206,11.5700076,288.329,288.067,289.105,0.310267958368278+0i,0.000627564,20.868880848059,541.774697347543,27.5390397338547,20.9332985276654,9.9e+37,278.021,-9.9e+37,385.851
20260514195322,3979.88299950957,9.7878537,0.58652964,2.0026401,2.7289732,-0.000419574,-0.000717839,0.002426192,1.2118225,0.33195656,0.000634098,-0.1546709,4.1314728,0.58243971,288.321,288.056,289.059,-66.1,NaN,NaN,NaN,-0.0493013784195284,444.191499936436,56.2665238714331,11.6487942,288.321,288.056,289.059,0.326961638449337+0i,0.000634098,20.8713078366628,533.672745609879,27.4980592609309,20.9330034762103,9.9e+37,159.475,-9.9e+37,400.611
20260514195324.2,3982.05499537289,9.7885422,0.61553125,2.002815,2.7287109,-0.000420227,-0.000718383,0.002417698,1.2118553,0.23463082,0.000634316,-0.14514338,4.1309373,0.63838377,288.332,288.067,289.029,-66.1,NaN,NaN,NaN,-0.0382361364807764,444.019121346103,59.1650612389731,12.7676754,288.332,288.067,289.029,0.336639829966263+0i,0.000634316,20.8653624917527,534.222051681357,27.5663185289013,20.9329443045421,9.9e+37,258.109,-9.9e+37,644.341
20260514195326.4,3984.21899490058,9.7887827,0.49218733,2.0030445,2.7288421,-0.000422188,-0.000721977,0.002388732,1.2118553,0.17699094,0.000627891,0.10747741,4.1309919,0.72256561,288.354,288.067,289.056,-66.05,NaN,NaN,NaN,-0.0237165651546434,444.105343500322,46.8375745518937,14.4513122,288.354,288.067,289.056,0.275215856556192+0i,0.000627891,20.8659686837828,533.810384944418,27.5390397338547,20.9338299968314,9.9e+37,864.158,360.777,518.456
20260514195328.5,3986.36299856007,9.7880067,0.51862893,2.0027166,2.7287109,-0.000420554,-0.000718819,0.002410076,1.2118881,0.16568034,0.000633554,-0.14819664,4.130981,0.59631579,288.332,288.064,289.048,-66.1,NaN,NaN,NaN,-0.0444615213108221,444.019121346103,49.480254239592,11.9263158,288.332,288.064,289.048,0.280777795580272+0i,0.000633554,20.8658476674251,533.261078872935,27.5253380559775,20.9339184853717,-9.9e+37,-9.9e+37,354.205,662.711
20260514195330.8,3988.63299228251,9.7888045,0.54161896,2.0029352,2.7297383,-0.000418594,-0.000717839,0.00235345,1.2117897,0.14283872,0.000633663,-0.001075889,4.130981,0.5616605,288.348,288.026,289.048,-66.17,NaN,NaN,NaN,-0.0306315505400363,444.694309160465,51.7779701607379,11.23321,288.348,288.026,289.048,0.30638634379326+0i,0.000633663,20.8658476674251,534.3596910159,27.4980592609309,20.9332396249592,227.509,383.431,229.886,283.247
20260514195332.9,3990.8160019666,9.7888155,0.533402,2.0029133,2.729793,-0.000422405,-0.00071773,0.002459732,1.2117678,0.45685657,0.000633771,-0.016700982,4.131451,0.73769442,288.316,288.048,289.034,-66.26,NaN,NaN,NaN,-0.0320170782613616,444.730256964091,50.9567341808188,14.7538884,288.316,288.048,289.034,0.278836326820045+0i,0.000633771,20.8710658039475,533.261078872935,27.5800202067785,20.9341250482864,177.741,416.252,-9.9e+37,-9.9e+37
20260514195335.1,3992.95299500227,9.7884111,0.5634403,2.0026292,2.7294104,-0.000419139,-0.000715225,0.00238013,1.2118334,0.43959768,0.000630069,-0.048733447,4.1311231,0.6618496,288.324,288.062,289.054,-66.28,NaN,NaN,NaN,-0.0499909789748756,444.478819493024,53.9588825100798,13.236992,288.324,288.062,289.054,0.321248430384672+0i,0.000630069,20.8674253210418,533.672745609879,26.404416244904,20.9330034762103,-9.9e+37,382.021,362.15,94.907
20260514195337.3,3995.12500092387,9.7887499,0.58373718,2.0027275,2.7298476,-0.000420881,-0.000717294,0.002411382,1.2118662,0.335646,0.00063486,0.11577575,4.131593,0.76553496,288.329,288.048,289.064,-66.28,NaN,NaN,NaN,-0.0437719207554323,444.766139049612,55.9874342051228,15.3106992,288.329,288.048,289.064,0.322651819477944+0i,0.00063486,20.8726423473223,526.395378612774,25.7345287574103,20.9333281134995,1084.802,538.567,427.064,364.673
20260514195339.4,3997.28099405766,9.7887936,0.620863,2.0028368,2.7300225,-0.000422405,-0.000719908,0.00238993,1.2118225,0.18628277,0.000635732,-0.11601244,4.1315165,0.61101684,288.34,288.054,289.075,-66.26,NaN,NaN,NaN,-0.0368569353700678,444.881080015869,59.6979377451181,12.2203368,288.34,288.054,289.075,0.322654314226304+0i,0.000635732,20.8717930123352,526.395378612774,25.3244749067544,20.9336823366228,-9.9e+37,-9.9e+37,215.051,194.828
20260514195341.6,3999.45699311793,9.7877225,0.47485206,2.0026073,2.730088,-0.000421425,-0.000719363,0.002376972,1.2117678,0.13554275,0.000629525,-0.034694433,4.1305329,0.68943916,288.346,288.056,289.048,-66.27,NaN,NaN,NaN,-0.0513765066961724,444.924125374873,45.1050180534305,13.7887832,288.346,288.056,289.048,0.301982547736083+0i,0.000629525,20.8608726738599,524.747460398332,26.404416244904,20.9328854018359,1358.348,276.44,286.667,341.693
20260514195343.8,4001.70299783349,9.7878646,0.74290722,2.0027275,2.729946,-0.000421099,-0.000718165,0.002452109,1.2117678,0.224382,0.00063388,0.00535357,4.1306531,0.60886166,288.335,288.075,289.056,-66.3,NaN,NaN,NaN,-0.0437719207554323,444.830805665276,71.8955271948858,12.1772332,288.335,288.075,289.056,0.379559096817133+0i,0.00063388,20.8622071845194,524.334542394711,26.4316950399507,20.9329443045421,-9.9e+37,362.599,254.39,310.103
20260514195346.1,4003.97199578583,9.7878318,0.43815835,2.002651,2.7301864,-0.000423277,-0.000717512,0.004894527,1.2120739,0.20633304,0.000635949,-0.000887607,4.1304564,0.63202846,288.34,288.081,289.081,-66.38,NaN,NaN,NaN,-0.0486117778641528,444.988791990537,41.4377013220947,12.6405692,288.34,288.081,289.081,0.265905541774005+0i,0.000635949,20.8600233388728,533.672745609879,27.5390397338547,20.9335642622484,235.037,327.778,347.646,265.022
20260514195348.2,4006.11699521542,9.7888373,0.6554157,2.0030117,2.7302629,-0.00042099,-0.000720779,0.002391455,1.2117132,0.12243052,0.00063486,0.040079887,4.1305329,0.77763562,288.332,288.083,289.121,-66.39,NaN,NaN,NaN,-0.02579169343133,445.039066341129,63.1512733392248,15.5527124,288.332,288.083,289.121,0.317895338760701+0i,0.00063486,20.8608726738599,524.609821063793,26.8965556021158,20.9340954624523,1455.84,308.362,366.536,402.884
20260514195350.5,4008.37499946356,9.7880176,0.5502768,2.0027057,2.7310717,-0.000422188,-0.000720343,0.00241454,1.2116804,0.27281843,0.000635732,0.0056482,4.1304345,0.61185054,288.346,288.086,289.173,-66.43,NaN,NaN,NaN,-0.0451511218661693,445.570594377197,52.643269458335,12.2370108,288.346,288.086,289.173,0.276616805363318+0i,0.000635732,20.8597801959157,533.398718207478,28.2771864893189,20.9343316112011,-9.9e+37,237.037,207.773,300.298
20260514195352.7,4010.5349957943,9.7880941,0.45804273,2.0027931,2.7310936,-0.000421534,-0.000721432,0.002423252,1.2118771,0.10655532,0.000633009,-0.13182382,4.1308171,0.73072909,288.346,288.078,289.203,-66.53,NaN,NaN,NaN,-0.0396216642021017,445.584986642268,43.4250261106276,14.6145818,288.346,288.078,289.203,0.275478277391249+0i,0.000633009,20.8640279810932,533.398718207478,28.3592719958751,20.9334166020398,1638.181,234.842,315.139,310.809
20260514195354.8,4012.68299259245,9.7886515,0.33678634,2.0029789,2.7300225,-0.000422405,-0.000720997,0.002426301,1.2118225,0.32828239,0.000630178,-0.11517057,4.1302487,0.66309578,288.327,288.094,289.206,-66.59,NaN,NaN,NaN,-0.0278668217080025,444.881080015869,31.3061755548134,13.2619156,288.327,288.094,289.206,0.242154012606685+0i,0.000630178,20.8577173666266,533.948024278961,29.466492129071,20.9330034762103,174.042,213.945,213.96,176.023
20260514195357,4014.84399475157,9.7887936,0.47588545,2.0027713,2.7304924,-0.000423277,-0.000718928,0.002384485,1.2117678,0.17615724,0.000634316,-0.12135456,4.1308171,0.704078,288.338,288.083,289.211,-66.56,NaN,NaN,NaN,-0.0410008653128102,445.189889392907,45.2082991998994,14.08156,288.338,288.083,289.211,0.295624410871181+0i,0.000634316,20.8640279810932,534.222051681357,29.4801938069481,20.9328262301676,9.9e+37,293.339,283.376,298.172
20260514195359.3,4017.1249922365,9.7888155,0.46221344,2.0030117,2.730252,-0.000422514,-0.000719908,0.002404958,1.2117678,0.44706606,0.000631267,-0.001393319,4.1303471,0.79983122,288.332,288.089,289.211,-66.58,NaN,NaN,NaN,-0.02579169343133,445.031903067646,43.8418636166893,15.9966244,288.332,288.089,289.211,0.25500576234686+0i,0.000631267,20.8588098445709,533.672745609879,28.6326827498815,20.9342135368267,1410.997,428.61,299.423,344.532
20260514195401.4,4019.2969981581,9.7887936,0.53312046,2.0027603,2.7298913,-0.000420663,-0.00071969,0.002414432,1.2118116,0.11789428,0.000614279,0.021479539,4.1308826,0.63882463,288.354,288.092,289.214,-66.61,NaN,NaN,NaN,-0.0416967924787883,444.79485786165,50.9285959426156,12.7764926,288.354,288.092,289.214,0.321083594352547+0i,0.000614279,20.8647551894809,533.536357542013,29.4392133340243,20.9325900814188,1441.384,150.859,161.813,336.646
20260514195403.6,4021.45300135016,9.7887717,0.43447,2.0027713,2.7298476,-0.000419792,-0.000720997,0.002393959,1.2118334,0.43771968,0.000632029,0.08190743,4.1308826,0.67907356,288.329,288.097,289.195,-66.64,NaN,NaN,NaN,-0.0410008653128102,444.766139049612,41.0690728114856,13.5814712,288.329,288.097,289.195,0.283138782699221+0i,0.000632029,20.8647551894809,533.123439538397,29.4801938069481,20.9327966443335,-9.9e+37,448.605,276.686,237.293
20260514195405.7,4023.60899448395,9.788422,0.33971956,2.0026401,2.7293995,-0.000421208,-0.000717294,0.002372289,1.2118225,0.39872675,0.000633771,-0.005793134,4.1303799,0.60422829,288.327,288.102,289.217,-66.7,NaN,NaN,NaN,-0.0493013784195284,444.471656219541,31.5993333407852,12.0845658,288.327,288.102,289.217,0.243531379865901+0i,0.000633771,20.8591740038856,533.536357542013,29.4392133340243,20.9330034762103,-9.9e+37,210.86,294.388,134.312
20260514195407.9,4025.76900087297,9.788422,0.55904701,2.002651,2.7288858,-0.000423494,-0.000719363,0.002389495,1.2118771,0.1242114,0.000634098,0.022646794,4.1303034,0.73538429,288.343,288.108,289.227,-66.71,NaN,NaN,NaN,-0.0486117778641528,444.13406231236,53.5197994649854,14.7076858,288.343,288.108,289.227,0.318638488365938+0i,0.000634098,20.8583246688985,533.810384944418,27.5116363780999,20.9330034762103,9.9e+37,337.232,359.615,405.745
20260514195410.1,4027.92899720371,9.7883892,0.59114882,2.0026182,2.7288202,-0.000421425,-0.000719581,0.002419985,1.2118225,0.40127804,0.000636385,-0.010297379,4.1304673,0.64724783,288.324,288.102,289.233,-66.76,NaN,NaN,NaN,-0.0506869061408253,444.090951235251,56.7281832702524,12.9449566,288.324,288.102,289.233,0.323907606935798+0i,0.000636385,20.8601443552304,533.398718207478,28.3455703179975,20.9331215505848,-9.9e+37,280.695,226.811,112.417
20260514195412.2,4030.07399663329,9.7884001,0.6416542,2.0026182,2.728853,-0.000422296,-0.000717621,0.002385683,1.2118334,0.13592904,0.000634425,0.019042675,4.1305001,0.72755471,288.357,288.083,289.241,-66.84,NaN,NaN,NaN,-0.0506869061408253,444.112506773805,61.7758937660424,14.5510942,288.357,288.083,289.241,0.342095623230293+0i,0.000634425,20.8605085145451,534.222051681357,27.4980592609309,20.9330034762103,1630.756,347.189,364.434,430.307
20260514195414.4,4032.23399296403,9.7888045,0.48321088,2.0028587,2.7292028,-0.000422623,-0.000718274,0.002397662,1.2118225,0.13412197,0.000630505,-0.10114752,4.1314838,0.61994855,288.348,288.097,289.23,-66.88,NaN,NaN,NaN,-0.0354714076487426,444.342388706318,45.9404320914284,12.398971,288.348,288.097,289.23,0.304467692457025+0i,0.000630505,20.8714299632622,533.536357542013,28.2499076942722,20.932649253087,733.857,115.583,175.885,269.522
20260514195416.5,4034.3899961561,9.7885204,0.68046815,2.002651,2.7287437,-0.000421425,-0.00071969,0.002340818,1.2118006,0.145342,0.000634751,-0.049219664,4.1310356,0.68232872,288.34,288.105,289.244,-66.94,NaN,NaN,NaN,-0.0486117778641528,444.040676884658,65.6551157973997,13.6465744,288.34,288.105,289.244,0.328756907829122+0i,0.000634751,20.8664538594552,533.810384944418,28.3865507909218,20.933711922457,1343.515,233.399,230.522,293.133
20260514195418.7,4036.57799474895,9.7887608,0.60163335,2.0030008,2.7287984,-0.000418921,-0.000718383,0.002413669,1.2118116,0.16579492,0.000617437,0.077493132,4.130981,0.72823018,288.357,288.073,289.271,-66.95,NaN,NaN,NaN,-0.0264812939866772,444.076624688284,57.776049302038,14.5646036,288.357,288.073,289.271,0.324955979397314+0i,0.000617437,20.8658476674251,533.536357542013,28.3318686401203,20.9331804532909,9.9e+37,423.479,271.011,441.688
20260514195420.9,4038.72199840844,9.7888045,0.52434589,2.0028587,2.7292028,-0.000419901,-0.000718601,0.002373922,1.2117788,0.40433021,0.000636167,0.10709592,4.13144,0.66462896,288.338,288.097,289.293,-67.04,NaN,NaN,NaN,-0.0354714076487426,444.342388706318,50.0516301800564,13.2925792,288.338,288.097,289.293,0.312694939375435+0i,0.000636167,20.870943677348,533.261078872935,27.5663185289013,20.9328558160018,-9.9e+37,414.95,256.752,321.685
20260514195423,4040.8789973706,9.7887499,0.60607356,2.0026401,2.7289732,-0.000422296,-0.000719363,0.002347679,1.2117132,0.41724273,0.000633771,-0.007544827,4.1314291,0.60775515,288.335,288.078,289.287,-67.04,NaN,NaN,NaN,-0.0493013784195284,444.191499936436,58.2198217203529,12.155103,288.335,288.078,289.287,0.310870871570739+0i,0.000633771,20.8708226609904,533.398718207478,28.3455703179975,20.9336823366228,-9.9e+37,179.725,279.511,116.522
20260514195425.2,4043.02699416876,9.7884001,0.73959643,2.0026182,2.7288312,-0.000423059,-0.000719472,0.002361617,1.2118006,0.12218499,0.00063682,0.053021036,4.1311887,0.69885209,288.343,288.081,289.312,-67.05,NaN,NaN,NaN,-0.0506869061408253,444.098180226839,71.5646335468753,13.9770418,288.343,288.081,289.312,0.35736459616502+0i,0.00063682,20.8681536396713,532.849412135996,27.2656289798479,20.9333576993336,1570.617,230.275,340.406,359.965
20260514195427.3,4045.1759967953,9.7887717,0.53780948,2.0029789,2.7287765,-0.000423494,-0.000717839,0.002358786,1.211746,0.17064217,0.000630069,0.003428684,4.1310138,0.73468917,288.343,288.07,289.35,-67.1,NaN,NaN,NaN,-0.0278668217080025,444.062232423213,51.3972354314972,14.6937834,288.343,288.07,289.35,0.306673882196295+0i,0.000630069,20.8662118267399,533.536357542013,26.4316950399507,20.9332396249592,1295.186,358.83,262.279,423.845
20260514195429.5,4047.33999632299,9.7888045,0.45714574,2.0028478,2.7292246,-0.000422841,-0.000719581,0.002409313,1.2117788,0.34086753,0.000619288,0.11264958,4.1315056,0.67242689,288.34,288.07,289.371,-67.13,NaN,NaN,NaN,-0.036161008204104,444.356715253284,43.3353773279114,13.4485378,288.34,288.07,289.371,0.269482103563181+0i,0.000619288,20.8716719959775,532.849412135996,26.3907145670269,20.933711922457,-9.9e+37,429.42,262.465,335.32
20260514195431.6,4049.50399585068,9.7892636,0.57076354,2.0030554,2.7288639,-0.000424583,-0.000719254,0.002415194,1.2117788,0.11842571,0.000632465,0.050540178,4.1310903,0.65152001,288.359,288.056,289.369,-67.19,NaN,NaN,NaN,-0.0230269645992962,444.119670047288,54.6907965242143,13.0304002,288.359,288.056,289.369,0.326306275339229+0i,0.000632465,20.867061161727,533.672745609879,25.3244749067544,20.9329443045421,1000.553,130.982,261.204,380.784
20260514195433.8,4051.70299820602,9.7893291,0.46851201,2.002651,2.7284596,-0.000421099,-0.000719799,0.002431419,1.2118116,0.20000282,0.000631811,0.072585211,4.1315056,0.68534269,288.351,288.043,289.371,-67.23,NaN,NaN,NaN,-0.0486117778641528,443.85397174736,44.4713679961726,13.7068538,288.351,288.043,289.371,0.286234231402593+0i,0.000631811,20.8716719959775,525.296766469814,25.3107732288772,20.9334166020398,883.495,371.143,250.137,411.634
20260514195436.1,4053.96499559283,9.7886843,0.52733913,2.002662,2.7284814,-0.000423821,-0.00071773,0.0023761,1.2118662,0.32099295,0.000634643,-0.00745418,4.1313089,0.68180274,288.348,288.054,289.361,-67.29,NaN,NaN,NaN,-0.0479158506982031,443.868298294326,50.3507866058553,13.6360548,288.348,288.054,289.361,0.287898098787242+0i,0.000634643,20.8694881503308,525.846072541292,26.404416244904,20.9339480712058,696.481,201.018,226.255,260.576
20260514195438.4,4056.25399947166,9.7895149,0.57370877,2.0030554,2.7288639,-0.000423168,-0.00071969,0.00242347,1.2118006,0.39171342,0.000610032,-0.001119011,4.1311668,0.72865358,288.324,288.056,289.331,-67.31,NaN,NaN,NaN,-0.0230269645992962,444.119670047288,54.9851546378156,14.5730716,288.324,288.056,289.331,0.31482593978814+0i,0.000610032,20.8679104967142,534.497330350434,26.4453967178283,20.9332985276654,701.665,367.345,252.76,231.538
20260514195440.6,4058.41799899936,9.7884657,0.5357787,2.0026401,2.7287656,-0.000422079,-0.000717512,0.002373269,1.2117351,0.40870277,0.000628653,-0.00891408,4.1311122,0.55941476,288.31,288.045,289.309,-67.42,NaN,NaN,NaN,-0.0493013784195284,444.05506914973,51.1942711231276,11.1882952,288.31,288.045,289.309,0.268327042445987+0i,0.000628653,20.8673043046841,533.672745609879,27.4843575830532,20.9345088572439,-9.9e+37,74.711,201.81,76.397
20260514195442.7,4060.55099889636,9.7888155,0.49441672,2.0030336,2.7288967,-0.000423059,-0.000720452,0.002363142,1.2117788,0.39189129,0.000638236,-0.006485493,4.1311122,0.64359331,288.332,288.024,289.276,-67.48,NaN,NaN,NaN,-0.0244061657100048,444.141225585843,47.0603887412377,12.8718662,288.332,288.024,289.276,0.305551329206104+0i,0.000638236,20.8673043046841,533.672745609879,28.3455703179975,20.9327377416273,-9.9e+37,260.044,341.605,117.082
20260514195444.9,4062.79699355364,9.7892308,0.74765954,2.0029789,2.7287765,-0.000422079,-0.000719145,0.002365102,1.2117241,0.22307471,0.00063192,0.00540704,4.1311231,0.66371123,288.335,288.029,289.271,-67.47,NaN,NaN,NaN,-0.0278668217080025,444.062232423213,72.3704931399663,13.2742246,288.335,288.029,289.271,0.355073060842961+0i,0.00063192,20.8674253210418,532.849412135996,28.3729736737523,20.9334461878739,324.968,415.891,378.526,310.921
20260514195447.2,4065.10900072753,9.7895259,0.55209915,2.0030445,2.7295853,-0.000423385,-0.000718274,0.002374249,1.2118334,0.41703322,0.000631811,-0.001189467,4.1310575,0.83179659,288.329,288.005,289.265,-67.52,NaN,NaN,NaN,-0.0237165651546434,444.59376045928,52.8254024354951,16.6359318,288.329,288.005,289.265,0.310194377590554+0i,0.000631811,20.8666970024123,534.222051681357,28.400252468799,20.9331804532909,1045.806,408.352,414.502,306.375
20260514195449.5,4067.32399575412,9.7895259,0.47584508,2.0028805,2.7304159,-0.000422188,-0.000719254,0.002369458,1.2117351,0.14574467,0.000635949,0.010171931,4.1314947,0.68711484,288.367,287.999,289.244,-67.54,NaN,NaN,NaN,-0.0340922065380482,445.139615042314,45.2042644599822,13.7422968,288.367,287.999,289.244,0.274320919916024+0i,0.000635949,20.8715509796199,525.570793872214,28.3865507909218,20.9338299968314,1104.056,263.709,247.286,413.894
20260514195451.6,4069.46899518371,9.7892089,0.51403922,2.0026729,2.7299678,-0.00042295,-0.000719037,0.002379585,1.2117132,0.13036487,0.000635405,0.015861727,4.1309919,0.67749673,288.351,287.972,289.263,-67.47,NaN,NaN,NaN,-0.047226250142856,444.845132212243,49.0215401909177,13.5499346,288.351,287.972,289.263,0.294070062611542+0i,0.000635405,20.8659686837828,524.060514992315,28.4276558245533,20.9335642622484,1017.167,287.507,219.832,391.447
20260514195453.8,4071.62900157273,9.7895259,0.56156666,2.0028587,2.7310717,-0.000423712,-0.00071773,0.002382743,1.2116367,0.11988141,0.000636712,0.0453378,4.1315056,0.63318079,288.354,287.972,289.26,-67.47,NaN,NaN,NaN,-0.0354714076487426,445.570594377197,53.7716234043502,12.6636158,288.354,287.972,289.26,0.296713500780838+0i,0.000636712,20.8716719959775,525.433154537676,28.3729736737523,20.9339184853717,965.457,197.716,192.914,384.181
20260514195455.9,4073.805000633,9.7901707,0.48315523,2.0030226,2.7306673,-0.000421425,-0.000718383,0.002414432,1.2116367,0.31290585,0.000636712,-0.11916549,4.1310684,0.49217969,288.335,287.991,289.295,-67.51,NaN,NaN,NaN,-0.0251020928759687,445.304830359163,45.9348702069502,9.8435938,288.335,287.991,289.295,0.30207296999246+0i,0.000636712,20.8668180187699,525.021487800736,28.3865507909218,20.9329147187079,-9.9e+37,-9.9e+37,113.634,128.446
20260514195458.1,4075.97199752927,9.7895696,0.65623521,2.0030445,2.7314105,-0.000409011,-0.000717948,0.002382743,1.2116367,0.19997991,0.000620159,0.088088555,4.131134,0.75253733,288.354,287.996,289.29,-67.55,NaN,NaN,NaN,-0.0237165651546434,445.793247318121,63.2331784595982,15.0507466,288.354,287.996,289.29,0.337939486989742+0i,0.000620159,20.8675463373994,525.159127135271,28.4139541466766,20.9334166020398,9.9e+37,448.14,343.344,450.815
20260514195500.3,4078.12499329448,9.7901816,0.53642034,2.0027713,2.7317165,-0.000409229,-0.000720997,0.002371745,1.2117241,0.39231577,0.000634534,0.10994506,4.131593,0.67311872,288.332,287.988,289.276,-67.62,NaN,NaN,NaN,-0.0410008653128102,445.994344720491,51.2583992014139,13.4623744,288.332,287.988,289.276,0.336946382858361+0i,0.000634534,20.8726423473223,530.652187850076,28.3592719958751,20.9321769555893,-9.9e+37,420.609,273.976,319.805
20260514195502.4,4080.28099648654,9.7900614,0.47896053,2.002804,2.7312029,-0.00041108,-0.00071675,0.002393306,1.211746,0.33883676,0.000631485,0.11011472,4.1309263,0.66103227,288.327,287.983,289.265,-67.63,NaN,NaN,NaN,-0.0389320636467545,445.656816531415,45.5156350439499,13.2206454,288.327,287.983,289.265,0.357527252368841+0i,0.000631485,20.8652403651533,533.672745609879,29.3845311832229,20.9306124028875,282.883,376.449,324.335,342.355
20260514195504.6,4082.46099874377,9.7895368,0.40932696,2.0029133,2.731651,-0.000408793,-0.000716859,0.002381001,1.2116367,0.43207366,0.000631376,-0.032703063,4.1313745,0.60058796,288.343,288.007,289.23,-67.68,NaN,NaN,NaN,-0.0320170782613616,445.951299361487,38.556176424921,12.0117592,288.343,288.007,289.23,0.293754569552033+0i,0.000631376,20.8702164689603,540.128030399778,29.452915011902,20.9318816351721,-9.9e+37,267.891,308.587,222.451
20260514195506.8,4084.61700193584,9.7893073,0.53141705,2.0027275,2.7312029,-0.000407922,-0.00071773,0.002370438,1.2116148,0.35924714,0.000631811,0.10297989,4.1309482,0.6807235,288.343,288.01,289.184,-67.72,NaN,NaN,NaN,-0.0437719207554323,445.656816531415,50.7583503066926,13.61447,288.343,288.01,289.184,0.312022085358609+0i,0.000631811,20.8654835081104,541.500669945139,30.6285189737764,20.9326785699591,-9.9e+37,409.282,379.693,333.898
20260514195508.9,4086.7849946022,9.788892,0.4725954,2.0026182,2.730722,-0.0004101,-0.000719145,0.002361835,1.2116585,0.10786698,0.000630831,-0.053505892,4.131134,0.64218781,288.362,288.005,289.165,-67.74,NaN,NaN,NaN,-0.0506869061408253,445.340778162789,44.8794783907762,12.8437562,288.362,288.005,289.165,0.340266842230779+0i,0.000630831,20.8675463373994,543.560254896525,30.6148172958992,20.9309074543425,720.215,-9.9e+37,272.735,345.75
20260514195511.1,4088.95299732685,9.7886515,0.49176284,2.002815,2.7305799,-0.000411516,-0.000716096,0.002372834,1.2116039,0.30615551,0.000632465,0.11614621,4.1309263,0.73507438,288.346,288.01,289.119,-67.77,NaN,NaN,NaN,-0.0382361364807764,445.247392735087,46.7951493166345,14.7014876,288.346,288.01,289.119,0.355807445328815+0i,0.000632465,20.8652403651533,533.261078872935,30.6012401787298,20.9308189658022,435.065,457.694,293.445,375.428
20260514195513.2,4091.09700098634,9.788422,0.58065773,2.0026401,2.7306236,-0.000409774,-0.000716205,0.002372507,1.2116585,0.11337113,0.000632356,-0.091984885,4.1305657,0.61433636,288.362,287.988,289.1,-67.78,NaN,NaN,NaN,-0.0493013784195284,445.276111547125,55.6796616057233,12.2867272,288.362,287.988,289.1,0.365637813508243+0i,0.000632356,20.8612368331747,532.849412135996,29.452915011902,20.9316159005891,-9.9e+37,-9.9e+37,515.517,509.383
20260514195515.4,4093.2539999485,9.7888045,0.47533984,2.0029789,2.7303176,-0.000413149,-0.000719908,0.002368478,1.2116695,0.13158814,0.000624189,-0.034792874,4.1313307,0.62185492,288.343,287.986,289.1,-67.79,NaN,NaN,NaN,-0.0278668217080025,445.075014144755,45.1537687454486,12.4370984,288.343,287.986,289.1,0.29040692521434+0i,0.000624189,20.8697301830461,533.398718207478,29.4801938069481,20.9330327930824,1291.801,96.304,181.497,400.297
20260514195517.5,4095.41399627924,9.7888155,0.66528587,2.0030336,2.7301646,-0.000412278,-0.00071773,0.002403433,1.2117132,0.45439257,0.000629525,-0.065731133,4.1311996,0.65291242,288.332,288.005,289.116,-67.88,NaN,NaN,NaN,-0.0244061657100048,444.974465443571,64.1377377654747,13.0582484,288.332,288.005,289.116,0.348869755410927+0i,0.000629525,20.8682746560289,532.574133466919,28.3318686401203,20.9330034762103,-9.9e+37,365.969,268.36,189.97
20260514195519.7,4097.55799993873,9.7888045,0.59456545,2.0029243,2.7297602,-0.00041402,-0.000718274,0.004868174,1.2119536,0.2611117,0.000629851,-0.019521483,4.1314072,0.64461252,288.343,287.996,289.135,-67.92,NaN,NaN,NaN,-0.0313211510953977,444.708701425537,57.0696549928933,12.8922504,288.343,287.996,289.135,0.350014884131884+0i,0.000629851,20.8705795180333,533.672745609879,28.3592719958751,20.9322950299637,1577.647,142.856,298.682,321.969
20260514195521.8,4099.69099983573,9.7888155,0.63508172,2.0029789,2.7297164,-0.000411951,-0.000718492,0.002388079,1.2117788,0.44804817,0.000629307,0.031636885,4.1313089,0.70557844,288.329,288.007,289.151,-67.98,NaN,NaN,NaN,-0.0278668217080025,444.679916895394,61.1190137211963,14.1115688,288.329,288.007,289.151,0.338221687821041+0i,0.000629307,20.8694881503308,533.123439538397,27.5390397338547,20.9330919647506,-9.9e+37,453.912,306.673,249.387
20260514195524,4101.86299569905,9.7893619,0.52872172,2.0027275,2.7292137,-0.000410971,-0.00072165,0.002424014,1.2116148,0.18708701,0.000636167,-0.1153301,4.1315821,0.62241363,288.327,288.002,289.168,-68.01,NaN,NaN,NaN,-0.0437719207554323,444.349551979801,50.4889682026352,12.4482726,288.327,288.002,289.168,0.280814643835558+0i,0.000636167,20.8725213309647,525.708433206753,26.404416244904,20.9342135368267,807.675,-9.9e+37,279.667,220.685
20260514195526.2,4104.04700115323,9.7894712,0.46499389,2.0030226,2.7287984,-0.000411189,-0.000715225,0.002407898,1.2116148,0.23558565,0.000630505,-0.11036755,4.1310029,0.68448389,288.346,287.988,289.211,-67.99,NaN,NaN,NaN,-0.0251020928759687,444.076624688284,44.11975295537,13.6896778,288.346,287.988,289.211,0.29989120324055+0i,0.000630505,20.8660908103822,525.433154537676,26.4179933620735,20.9328262301676,827.974,231.997,254.453,227.39
20260514195528.3,4106.19499795139,9.7887062,0.5471406,2.0029352,2.7287437,-0.0004101,-0.000720126,0.00235835,1.2116913,0.44337225,0.000639543,0.077267174,4.1309701,0.74642754,288.327,288.002,289.268,-68.05,NaN,NaN,NaN,-0.0306315505400363,444.040676884658,52.3298250360398,14.9285508,288.327,288.002,289.268,0.295935092105154+0i,0.000639543,20.8657266510675,524.609821063793,26.4453967178283,20.9338888995375,368.251,525.528,348.453,250.917
20260514195530.5,4108.33599418402,9.7887827,0.67169685,2.0030336,2.7281972,-0.000409665,-0.000720017,0.002369458,1.2117023,0.11061687,0.000634425,0.014167856,4.1310684,0.68197407,288.351,288.005,289.295,-68.04,NaN,NaN,NaN,-0.0244061657100048,443.681527438923,64.778476851772,13.6394814,288.351,288.005,289.295,0.337019507351749+0i,0.000634425,20.8668180187699,525.982460609158,26.4453967178283,20.9336231649545,1470.573,190.338,314.692,345.891
20260514195532.6,4110.49600057304,9.7884985,0.48165478,2.0026729,2.7281098,-0.000411407,-0.000717621,0.002375338,1.2117132,0.20990681,0.000632138,-0.11121791,4.1309701,0.6620482,288.338,287.991,289.328,-68.12,NaN,NaN,NaN,-0.047226250142856,443.624089814847,45.7849092084702,13.240964,288.338,287.991,289.328,0.238682578193148+0i,0.000632138,20.8657266510675,525.021487800736,26.4179933620735,20.9352762061966,652.014,183.56,201.652,243.52
20260514195534.8,4112.63699680567,9.7887389,0.326926,2.0027385,2.7286126,-0.000410645,-0.000717076,0.002382199,1.2117788,0.2702573,0.000632682,-0.10194921,4.131604,0.67405063,288.335,287.991,289.355,-68.19,NaN,NaN,NaN,-0.0430759935894969,443.954520448545,30.3206935782387,13.4810126,288.335,287.991,289.355,0.242670031160776+0i,0.000632682,20.8727644739218,525.433154537676,26.4453967178283,20.9330919647506,889.016,238.061,238.551,212.199
20260514195536.9,4114.80099633336,9.7888264,0.4315335,2.0029243,2.7284923,-0.000411407,-0.00071773,0.002429568,1.2118006,0.45814422,0.000634425,0.007996961,4.1313417,0.67965409,288.332,287.999,289.407,-68.28,NaN,NaN,NaN,-0.0313211510953977,443.875461567809,40.7755872091421,13.5930818,288.332,287.999,289.407,0.273217524982202+0i,0.000634425,20.8698523096456,525.159127135271,26.3907145670269,20.9334166020398,227.912,469.208,315.577,226.043
20260514195539.2,4117.02300198376,9.7885531,0.53832781,2.0030554,2.7282737,-0.000411407,-0.000716423,0.004865343,1.2120411,0.21739482,0.000633989,0.019874419,4.1310029,0.76318116,288.348,287.98,289.412,-68.31,NaN,NaN,NaN,-0.0230269645992962,443.731801789515,51.4490394131974,15.2636232,288.348,287.98,289.412,0.268122921700651+0i,0.000633989,20.8660908103822,525.159127135271,26.5820398144774,20.9347450059927,9.9e+37,507.076,402.982,439.335
20260514195541.3,4119.17599774897,9.788575,0.42265526,2.0026947,2.728077,-0.00040814,-0.000718383,0.002419767,1.2118006,0.15939487,0.00063192,-0.000627455,4.1302706,0.69478835,288.351,287.958,289.505,-68.35,NaN,NaN,NaN,-0.045847049032119,443.602534276292,39.8882602504667,13.895767,288.351,287.958,289.505,0.239583781444667+0i,0.00063192,20.8579605095837,524.609821063793,26.4179933620735,20.9346269316183,922.676,331.343,272.853,392.606
20260514195543.5,4121.33599407971,9.7880067,0.67943803,2.0028696,2.7287109,-0.000411189,-0.000718928,0.002399948,1.2118006,0.42184447,0.000633445,-0.028878001,4.1302378,0.61546687,288.324,287.939,289.537,-68.36,NaN,NaN,NaN,-0.0347818070933954,444.019121346103,65.5521614678624,12.3093374,288.324,287.939,289.537,0.356340599662332+0i,0.000633445,20.857596350269,524.883848466193,26.404416244904,20.9331215505848,-9.9e+37,226.848,222.93,152.455
20260514195545.6,4123.50399680436,9.7878974,0.43628144,2.0026729,2.7290388,-0.000411734,-0.000715987,0.00238503,1.2117351,0.41507009,0.000638563,-0.012350387,4.1308061,0.61540576,288.31,287.942,289.594,-68.34,NaN,NaN,NaN,-0.047226250142856,444.234611013545,41.2501153994335,12.3081152,288.31,287.942,289.594,0.271698058407311+0i,0.000638563,20.8639058544937,525.296766469814,26.4179933620735,20.9335346764142,-9.9e+37,223.316,333.282,164.868
20260514195547.8,4125.6829932332,9.7878318,0.70662493,2.0026182,2.7289077,-0.000409556,-0.000715225,0.002390039,1.2116367,0.17775807,0.000634751,0.097913212,4.1306203,0.75967941,288.343,287.899,289.635,-68.38,NaN,NaN,NaN,-0.0506869061408253,444.148454577432,68.2693294305229,15.1935882,288.343,287.899,289.635,0.292837093923467+0i,0.000634751,20.8618430252047,515.958563254646,26.4179933620735,20.9354238664052,9.9e+37,487.463,405.652,438.402
20260514195550,4127.84000225365,9.7879302,0.56700644,2.0030336,2.7289295,-0.0004101,-0.000718819,0.002451892,1.2117132,0.24107562,0.000634534,0.11230961,4.1304017,0.70161945,288.346,287.912,289.638,-68.42,NaN,NaN,NaN,-0.0244061657100048,444.162781124398,54.3152968625202,14.032389,288.346,287.912,289.638,0.290721770608945+0i,0.000634534,20.8594160366009,513.897727036587,26.3770128891492,20.9344792714097,446.204,436.595,296.053,380.726
20260514195552.1,4129.97599951923,9.7877116,0.5477757,2.0027494,2.7297055,-0.000413694,-0.000720234,0.00241857,1.2116695,0.41680406,0.000631158,-0.013679676,4.1308717,0.58471165,288.343,287.893,289.602,-68.45,NaN,NaN,NaN,-0.0423863930341355,444.672753621911,52.3932994804629,11.694233,288.343,287.893,289.602,0.268749177366215+0i,0.000631158,20.8646341731232,513.074393562709,26.4590983957055,20.9350696432819,-9.9e+37,127.668,249.64,117.474
20260514195554.3,4132.13999904692,9.7880832,0.61391514,2.0028805,2.729793,-0.000410971,-0.000719908,0.004894418,1.212052,0.23258149,0.000634425,0.013992317,4.1307952,0.72269874,288.346,287.855,289.548,-68.52,NaN,NaN,NaN,-0.0340922065380482,444.730256964091,59.0035407156278,14.4539748,288.346,287.855,289.548,0.334048034091146+0i,0.000634425,20.8637848381361,514.035366371131,26.4453967178283,20.9334757737081,992.221,490.826,416.581,379.797
20260514195556.4,4134.29299481213,9.7870012,0.57198899,2.0026401,2.729476,-0.000410754,-0.00071577,0.002433488,1.211746,0.43279824,0.000633445,-0.012268715,4.130522,0.59137034,288.313,287.869,289.461,-68.54,NaN,NaN,NaN,-0.0493013784195284,444.521930570133,54.8132729183542,11.8274068,288.313,287.869,289.461,0.267149819711604+0i,0.000633445,20.8607516575023,512.799114893632,26.4179933620735,20.9353353778649,-9.9e+37,172.894,287.034,146.187
20260514195558.6,4136.44499480724,9.7871651,0.70178968,2.0026292,2.729629,-0.000412387,-0.000717512,0.004833981,1.2120848,0.19945284,0.000632791,0.014177766,4.1307515,0.72819635,288.34,287.85,289.407,-68.64,NaN,NaN,NaN,-0.0499909789748756,444.622479271318,67.7860751282136,14.563927,288.34,287.85,289.407,0.312747350778938+0i,0.000632791,20.8632996624637,514.173005705669,26.4316950399507,20.934833494533,1103.381,501.808,423.768,392.906
20260514195600.7,4138.59699480236,9.7875476,0.57617058,2.002804,2.729323,-0.000409011,-0.000719363,0.002418896,1.211746,0.43001233,0.000630505,-0.041858989,4.1302269,0.63843833,288.321,287.861,289.366,-68.57,NaN,NaN,NaN,-0.0389320636467545,444.421381868948,55.2311978153076,12.7687666,288.321,287.861,289.366,0.277411862343851+0i,0.000630505,20.8574753339113,514.996339179552,26.4179933620735,20.9349811547416,-9.9e+37,296.792,312.054,224.177
20260514195602.9,4140.76200015843,9.7873837,0.58617717,2.0030336,2.7294869,-0.000410427,-0.000718056,0.002416501,1.2118116,0.15055371,0.000637801,-0.11472247,4.1303689,0.65069505,288.343,287.858,289.304,-68.57,NaN,NaN,NaN,-0.0244061657100048,444.529093843616,56.2312966041904,13.013901,288.343,287.858,289.304,0.321664034705632+0i,0.000637801,20.8590518772861,514.173005705669,26.3907145670269,20.9336231649545,499.434,-9.9e+37,288.697,229.383
20260514195605,4142.91400015354,9.788105,0.6279658,2.0030336,2.7295634,-0.000410862,-0.000715987,0.004836704,1.2120957,0.25905364,0.000636167,0.011520059,4.1304564,0.73404862,288.329,287.861,289.287,-68.75,NaN,NaN,NaN,-0.0244061657100048,444.579368194209,60.4078201004137,14.6809724,288.329,287.861,289.287,0.300455330238732+0i,0.000636167,20.8600233388728,525.021487800736,25.297071551,20.9344792714097,-9.9e+37,518.166,348.871,313.628
20260514195607.2,4145.10899931192,9.7876788,0.72616994,2.0026401,2.7293995,-0.000410645,-0.000716641,0.002417481,1.211593,0.42713148,0.000620595,-0.058183057,4.1303799,0.66292009,288.335,287.842,289.26,-68.75,NaN,NaN,NaN,-0.0493013784195284,444.471656219541,70.22273621842,13.2584018,288.335,287.842,289.26,0.309975102970905+0i,0.000620595,20.8591740038856,524.609821063793,26.4179933620735,20.9348630803672,-9.9e+37,341.606,353.132,220.327
20260514195609.4,4147.26899564266,9.788105,0.57136045,2.0028696,2.7298257,-0.000409991,-0.000720234,0.002388406,1.2116585,0.43902697,0.000636603,-0.044010544,4.1307843,0.58765798,288.34,287.85,289.268,-68.72,NaN,NaN,NaN,-0.0347818070933954,444.751746784541,54.7504541066747,11.7531596,288.34,287.85,289.268,0.255506519372278+0i,0.000636603,20.8636638217784,524.472181729254,25.3380520239239,20.9355123549455,-9.9e+37,231.671,333.445,179.543
20260514195611.6,4149.42900203168,9.7884657,0.64063499,2.0026401,2.7296618,-0.000412605,-0.000715334,0.002391019,1.2116913,0.15955528,0.000639978,-0.11329791,4.1307733,0.69103236,288.329,287.85,289.249,-68.64,NaN,NaN,NaN,-0.0493013784195284,444.644034809873,61.6740298257174,13.8206472,288.329,287.85,289.249,0.31061530083961+0i,0.000639978,20.863541695179,524.334542394711,25.3244749067544,20.934272708495,948.441,178.426,330.742,253.261
20260514195613.7,4151.59399732947,9.7878427,0.38528387,2.0026401,2.7301536,-0.000410862,-0.000720234,0.0048942,1.2119864,0.26311411,0.000632356,0.016322137,4.1305985,0.76615151,288.327,287.866,289.29,-68.72,NaN,NaN,NaN,-0.0493013784195284,444.967236451982,36.1532134585158,15.3230302,288.327,287.866,289.29,0.225674728059648+0i,0.000632356,20.8616009924894,525.159127135271,26.404416244904,20.9347154201586,284.573,548.59,353.109,332.759
20260514195615.9,4153.75399366021,9.7877662,0.5952191,2.002651,2.7299897,-0.000411625,-0.000721868,0.00486371,1.2119974,0.30663237,0.000635623,-0.034586735,4.1303034,0.59992231,288.34,287.869,289.274,-68.74,NaN,NaN,NaN,-0.0486117778641528,444.859524477314,57.1349833988091,11.9984462,288.34,287.869,289.274,0.271466658045387+0i,0.000635623,20.8583246688985,525.982460609158,26.4726755128745,20.935099229116,471.856,-9.9e+37,246.13,208.628
20260514195618,4155.91400004923,9.7881269,0.61003473,2.0030554,2.7301755,-0.000412169,-0.000718819,0.002342452,1.2117788,0.12824679,0.00063388,0.01236683,4.130522,0.77220237,288.34,287.869,289.263,-68.76,NaN,NaN,NaN,-0.0230269645992962,444.981628717054,58.6157169573476,15.4440474,288.34,287.869,289.263,0.324804178164048+0i,0.00063388,20.8607516575023,525.159127135271,26.4316950399507,20.9335050905801,9.9e+37,423.556,297.58,395.671
20260514195620.2,4158.06999318302,9.7879957,0.54472787,2.0028915,2.7305908,-0.000410427,-0.000720343,0.004824616,1.2119864,0.29142498,0.00063584,-0.021681209,4.1302378,0.65269527,288.308,287.874,289.203,-68.79,NaN,NaN,NaN,-0.0333962793720701,445.25455600857,52.0886871108424,13.0539054,288.308,287.874,289.203,0.256850618163308+0i,0.00063584,20.857596350269,518.567454277514,26.4316950399507,20.9353353778649,778.765,132.494,158.674,275.438
20260514195622.4,4160.25800183415,9.7871214,0.61843938,2.0026947,2.7305689,-0.000410318,-0.000717512,0.004847484,1.211899,0.31944559,0.000636058,-0.017045744,4.1309154,0.64025088,288.329,287.882,289.159,-68.82,NaN,NaN,NaN,-0.045847049032119,445.240163743499,59.4557114295888,12.8050176,288.329,287.882,289.159,0.309321795872115+0i,0.000636058,20.8651193487956,522.824263514812,27.3612916035731,20.9340954624523,-9.9e+37,203.187,212.501,136.21
20260514195624.5,4162.3979922384,9.7880832,0.60689417,2.0028368,2.7312684,-0.000411407,-0.000716532,0.002413234,1.2117241,0.17443637,0.000638018,-0.080452242,4.1315603,0.69361856,288.359,287.899,289.179,-68.84,NaN,NaN,NaN,-0.0368569353700678,445.699861890419,58.3018367791437,13.8723712,288.359,287.899,289.179,0.313378353689047+0i,0.000638018,20.8722792982494,525.982460609158,26.4590983957055,20.9338299968314,1618.015,249.419,293.241,277.745
20260514195626.7,4164.55500125885,9.788105,0.58556826,2.0028696,2.7316728,-0.000410971,-0.000717621,0.002421728,1.2116913,0.45699515,0.000636276,-0.053542372,4.1307624,0.67619817,288.324,287.885,289.203,-68.88,NaN,NaN,NaN,-0.0347818070933954,445.965625908453,56.1704396935407,13.5239634,288.324,287.885,289.203,0.26572214892202+0i,0.000636276,20.8634206788213,533.810384944418,27.5253380559775,20.9350107405757,-9.9e+37,383.265,285.373,196.241
20260514195628.8,4166.70700125396,9.788116,0.35780563,2.0030445,2.731334,-0.000409556,-0.000718056,0.002419005,1.2116148,0.42317686,0.000634751,0.10932011,4.1303362,0.71442614,288.329,287.915,289.287,-68.91,NaN,NaN,NaN,-0.0237165651546434,445.742972967529,33.4069278062974,14.2885228,288.329,287.915,289.287,0.241869160606583+0i,0.000634751,20.8586888282132,533.398718207478,26.4316950399507,20.9334757737081,724.153,505.605,407.506,321.232
20260514195631,4168.8669975847,9.7877006,0.36596147,2.0026292,2.7312684,-0.000409991,-0.000717403,0.00240866,1.211746,0.42452126,0.000630831,0.043174155,4.1304345,0.67600175,288.343,287.937,289.328,-68.99,NaN,NaN,NaN,-0.0499909789748756,445.699861890419,34.2220552079719,13.520035,288.343,287.937,289.328,0.228496883622042+0i,0.000630831,20.8597801959157,533.948024278961,26.404416244904,20.9341546341206,-9.9e+37,373.498,363.171,251.888
20260514195633.2,4171.11699543893,9.7888045,0.67861197,2.0030554,2.7313449,-0.000410209,-0.000719799,0.002398424,1.2116258,0.35624296,0.000633445,-0.00677544,4.1302487,0.77164366,288.327,287.931,289.344,-69.06,NaN,NaN,NaN,-0.0230269645992962,445.750136241012,65.4696017141856,15.4328732,288.327,287.931,289.344,0.30785266516748+0i,0.000633445,20.8577173666266,528.866630301095,26.4179933620735,20.9345088572439,918.317,285.128,348.269,279.449
20260514195635.5,4173.39799292386,9.7878318,0.48063994,2.0026838,2.7312029,-0.000411189,-0.00072165,0.004824834,1.2119974,0.33071692,0.000637038,-0.001129139,4.1308936,0.72875943,288.321,287.931,289.35,-69.11,NaN,NaN,NaN,-0.0465366495874946,445.656816531415,45.6834820234942,14.5751886,288.321,287.931,289.35,0.249569805734207+0i,0.000637038,20.8648773160803,525.296766469814,26.3907145670269,20.9348630803672,388.983,450.48,288.586,193.714
20260514195637.7,4175.57799518108,9.7880722,0.41994901,2.0030663,2.7307329,-0.000409991,-0.000721977,0.004876559,1.2120192,0.26426754,0.00063486,0.022312049,4.1303689,0.65318305,288.34,287.942,289.38,-69.14,NaN,NaN,NaN,-0.0223373640439348,445.347941436272,39.617786757757,13.063661,288.34,287.942,289.38,0.269367628022219+0i,0.00063486,20.8590518772861,525.021487800736,26.4590983957055,20.9334166020398,416.323,369.819,313.909,374.721
20260514195639.9,4177.72199884057,9.7880504,0.52774288,2.0027603,2.7310936,-0.000411189,-0.000722412,0.004840297,1.2120411,0.32607375,0.000634425,-0.011119759,4.1308936,0.5558508,288.343,287.939,289.377,-69.09,NaN,NaN,NaN,-0.0416967924787883,445.584986642268,50.3911390022273,11.117016,288.343,287.939,289.377,0.24421895388458+0i,0.000634425,20.8648773160803,525.570793872214,26.4179933620735,20.9354827691113,-9.9e+37,75.51,245.239,136.083
20260514195642,4179.91400063038,9.7877662,0.55212097,2.0026729,2.7300553,-0.00040912,-0.000720234,0.004847484,1.2119536,0.35139572,0.000630722,-0.029265996,4.130981,0.62960593,288.319,287.956,289.39,-69.07,NaN,NaN,NaN,-0.047226250142856,444.902635554424,52.8275832139194,12.5921186,288.319,287.956,289.39,0.299138651836442+0i,0.000630722,20.8658476674251,526.531766680631,25.3107732288772,20.9338299968314,476.684,74.676,308.842,194.271
20260514195644.2,4182.0859964937,9.7880504,0.42615155,2.0029898,2.7300443,-0.000411734,-0.000717512,0.004835179,1.2119974,0.25876337,0.000636712,0.018469558,4.1310466,0.8042758,288.346,287.95,289.401,-69.09,NaN,NaN,NaN,-0.0271772211526553,444.895406562835,40.2376935134047,16.085516,288.346,287.95,289.401,0.212278313351163+0i,0.000636712,20.8665759860546,525.159127135271,26.404416244904,20.9357189178602,9.9e+37,531.687,350.816,446.955
20260514195646.4,4184.25399921834,9.788116,0.39818549,2.0030008,2.7302411,-0.000413694,-0.000720452,0.004734777,1.2119974,0.31937685,0.000635078,-0.025614841,4.1312105,0.61068947,288.329,287.969,289.385,-69.12,NaN,NaN,NaN,-0.0264812939866772,445.024739794163,37.4426531714076,12.2137894,288.329,287.969,289.385,0.228790577914628+0i,0.000635078,20.8683956723866,524.472181729254,25.3244749067544,20.9348039086989,-9.9e+37,-9.9e+37,161.622,106.353
20260514195648.6,4186.45300157368,9.7880504,0.69598325,2.0027385,2.7298476,-0.000411516,-0.000716532,0.004836595,1.2120192,0.23983598,0.000635949,0.015611157,4.1315821,0.7779237,288.338,287.961,289.396,-69.18,NaN,NaN,NaN,-0.0430759935894969,444.766139049612,67.2057571966572,15.558474,288.338,287.961,289.396,0.289485679371424+0i,0.000635949,20.8725213309647,513.623699634191,25.3107732288772,20.9355419407796,9.9e+37,514.794,368.182,439.398
20260514195650.7,4188.61299790442,9.7876788,0.43124651,2.0026292,2.7294323,-0.000411843,-0.000718601,0.004883964,1.2120192,0.29751516,0.000634098,-0.002859271,4.131134,0.60738085,288.332,287.977,289.42,-69.25,NaN,NaN,NaN,-0.0499909789748756,444.493211758096,40.7469042760528,12.147617,288.332,287.977,289.42,0.213313472030004+0i,0.000634098,20.8675463373994,514.996339179552,25.3107732288772,20.9359846524432,-9.9e+37,261.415,244.121,166.61
20260514195652.9,4190.80099649727,9.7879739,0.49680651,2.0028368,2.7293448,-0.000413803,-0.000715334,0.004861205,1.2120192,0.3006699,0.00063486,-0.024097816,4.1309263,0.66851155,288.327,287.977,289.429,-69.23,NaN,NaN,NaN,-0.0368569353700678,444.435708415915,47.2992339507131,13.370231,288.327,287.977,289.429,0.259602011704373+0i,0.00063486,20.8652403651533,513.212032897248,25.2833698731229,20.9349515689075,1406.613,172.806,319.307,287.883
20260514195655.1,4192.96899922192,9.7885641,0.52094888,2.0027275,2.729323,-0.000409011,-0.000719581,0.004803382,1.2120411,0.3254703,0.000616893,-0.016333351,4.1309591,0.63489293,288.324,287.983,289.445,-69.34,NaN,NaN,NaN,-0.0437719207554323,444.421381868948,49.7121193590051,12.6978586,288.324,287.983,289.445,0.26515090738964+0i,0.000616893,20.865604524468,513.486060299648,25.2833698731229,20.9349811547416,-9.9e+37,178.331,217.012,144.128
20260514195657.3,4195.13299874961,9.7876897,0.79011163,2.0026401,2.7293886,-0.00041206,-0.000722195,0.004828101,1.2120739,0.32999126,0.000633227,0.015047296,4.1310684,0.69766483,288.316,287.975,289.472,-69.37,NaN,NaN,NaN,-0.0493013784195284,444.464492946058,76.6133254929003,13.9532966,288.316,287.975,289.472,0.31937407277889+0i,0.000633227,20.8668180187699,513.897727036587,25.3107732288772,20.9352468893246,503.013,508.682,376.509,300.056
20260514195659.4,4197.29699827731,9.7880832,0.43414154,2.0028478,2.7304706,-0.000410536,-0.000717621,0.004811222,1.2120083,0.36427116,0.000628218,0.000234452,4.1315384,0.65159749,288.338,287.991,289.458,-69.41,NaN,NaN,NaN,-0.036161008204104,445.17556284594,41.0362452000618,13.0319498,288.338,287.991,289.458,0.220484499811428+0i,0.000628218,20.8720361552923,514.44703310807,25.2833698731229,20.9357485036944,-9.9e+37,376.425,385.079,226.745
20260514195701.6,4199.45699460804,9.7886734,0.52346417,2.0030663,2.7301208,-0.000413258,-0.000717294,0.004822329,1.212052,0.33229484,0.000636276,0.008879343,4.1310794,0.69706684,288.332,287.972,289.499,-69.45,NaN,NaN,NaN,-0.0223373640439348,444.945680913427,49.9635075424612,13.9413368,288.332,287.972,289.499,0.273301773930802+0i,0.000636276,20.8669401453694,513.623699634191,25.2833698731229,20.9347154201586,189.809,449.04,404.994,326.371
20260514195703.7,4201.59699507058,9.7886952,0.54288697,2.0026947,2.7303941,-0.00041304,-0.000716532,0.004849553,1.2120629,0.37965858,0.000631485,-0.023961262,4.1308498,0.61074621,288.313,287.972,289.499,-69.51,NaN,NaN,NaN,-0.045847049032119,445.125288495348,51.9047001721895,12.2149242,288.313,287.972,289.499,0.24923937841914+0i,0.000631485,20.8643910301661,513.761338968726,25.3244749067544,20.9357189178602,-9.9e+37,155.301,306.627,105.266
20260514195705.9,4203.76200042665,9.7879848,0.69736147,2.0028259,2.7305908,-0.000413585,-0.000716859,0.004865561,1.2119974,0.38215204,0.000631376,-0.028457011,4.1309154,0.68949481,288.329,287.948,289.502,-69.48,NaN,NaN,NaN,-0.0375465359254292,445.25455600857,67.3435020380881,13.7898962,288.329,287.948,289.502,0.263601575045052+0i,0.000631376,20.8651193487956,503.186884276068,26.3223307383478,20.9365161216093,822.809,188.886,327.862,222.457
20260514195708.1,4205.95699958503,9.7876897,0.57785546,2.0026073,2.7306892,-0.000410754,-0.000719581,0.004873728,1.2120302,0.3807389,0.000638454,-0.018277353,4.1311231,0.67728176,288.313,287.945,289.496,-69.46,NaN,NaN,NaN,-0.0513765066961724,445.319222624235,55.3995914886182,13.5456352,288.313,287.945,289.496,0.249471366182564+0i,0.000638454,20.8674253210418,502.499938870047,25.3107732288772,20.9362208011921,431.763,244.147,259.184,189.709
20260514195710.3,4208.12899544835,9.7879957,0.61232522,2.0029133,2.7306236,-0.000412387,-0.000720888,0.004847266,1.2120083,0.28881258,0.000638781,0.01231652,4.1309482,0.80911103,288.338,287.92,289.51,-69.46,NaN,NaN,NaN,-0.0320170782613616,445.276111547125,58.8446377260559,16.1822206,288.338,287.92,289.51,0.22411839196733+0i,0.000638781,20.8654835081104,503.049244941525,27.4980592609309,20.9371949820217,9.9e+37,512.412,342.477,431.831
20260514195712.4,4210.30499450862,9.7877334,0.5018589,2.0026182,2.7307657,-0.000413694,-0.000719908,0.004756012,1.2120411,0.23493091,0.000631702,0.018619398,4.131287,0.72866449,288.338,287.904,289.529,-69.45,NaN,NaN,NaN,-0.0506869061408253,445.369496974827,47.8041900966093,14.5732898,288.338,287.904,289.529,0.257421889943807+0i,0.000631702,20.8692450073737,502.637578204586,26.8281717734376,20.9352468893246,1049.034,448.129,265.332,406.527
20260514195714.6,4212.4799977988,9.7887936,0.52999191,2.0028915,2.7310826,-0.000409774,-0.000720234,0.004879282,1.2119427,0.20473439,0.000634969,0.012933525,4.1314838,0.66894367,288.332,287.904,289.526,-69.48,NaN,NaN,NaN,-0.0333962793720701,445.57775765068,50.6159160920412,13.3788734,288.332,287.904,289.526,0.265520728577592+0i,0.000634969,20.8714299632622,502.363550802181,26.3907145670269,20.9352468893246,447.287,358.417,277.237,382.231
20260514195716.8,4214.62499722838,9.7887062,0.4965086,2.0027166,2.731028,-0.000410862,-0.000719472,0.004717028,1.2119974,0.2874038,0.000634316,-0.03139403,4.1315712,0.56530848,288.335,287.896,289.545,-69.55,NaN,NaN,NaN,-0.0444615213108221,445.541875565159,47.2694596289715,11.3061696,288.335,287.896,289.545,0.209688205221251+0i,0.000634316,20.872400314607,502.637578204586,26.3907145670269,20.9369292474387,-9.9e+37,-9.9e+37,179.457,-9.9e+37
20260514195718.9,4216.76900088787,9.7884329,0.57435041,2.0026182,2.7307329,-0.000408793,-0.000717948,0.004879391,1.2120411,0.22727921,0.000613517,0.016592197,4.1311887,0.77967403,288.346,287.91,289.545,-69.61,NaN,NaN,NaN,-0.0506869061408253,445.347941436272,55.0492827161019,15.5934806,288.346,287.91,289.545,0.24592958874542+0i,0.000613517,20.8681536396713,502.088272133103,26.4590983957055,20.9362799728604,9.9e+37,499.385,368.856,433.178
20260514195721.1,4218.94099675119,9.7878974,0.55531063,2.0026182,2.7308968,-0.000410971,-0.000718601,0.004801748,1.2119318,0.23117054,0.000638454,-0.016550597,4.1314291,0.66547466,288.327,287.893,289.54,-69.6,NaN,NaN,NaN,-0.0506869061408253,445.45565341094,53.1463706432983,13.3094932,288.327,287.893,289.54,0.231456140634599+0i,0.000638454,20.8708226609904,502.225911467646,25.3380520239239,20.9366635128557,897.667,140.71,201.545,335.009
20260514195723.2,4221.10899947584,9.7879083,0.52132536,2.0027713,2.7305799,-0.000411516,-0.000717403,0.004862947,1.2119755,0.20183609,0.000637365,0.020808526,4.1309482,0.67427324,288.324,287.904,289.54,-69.63,NaN,NaN,NaN,-0.0410008653128102,445.247392735087,49.7497462820667,13.4854648,288.324,287.904,289.54,0.253471960230901+0i,0.000637365,20.8654835081104,513.486060299648,25.2833698731229,20.9353942805711,-9.9e+37,449.81,276.846,338.36
20260514195725.4,4223.27700220048,9.7883346,0.52177058,2.0030336,2.7308203,-0.000408467,-0.000719472,0.004811875,1.2119209,0.30360422,0.000626584,-0.033032254,4.1311887,0.5885877,288.343,287.89,289.524,-69.6,NaN,NaN,NaN,-0.0244061657100048,445.405379060348,49.7942433567731,11.771754,288.343,287.89,289.524,0.250855346894565+0i,0.000626584,20.8681536396713,513.897727036587,25.297071551,20.9354827691113,-9.9e+37,-9.9e+37,224.458,132.342
20260514195727.6,4225.46099759638,9.7881269,0.55467772,2.0029352,2.7310171,-0.000408576,-0.000719472,0.004824943,1.2119536,0.27498234,0.000636385,0.017134389,4.1313307,0.69853563,288.34,287.88,289.521,-69.6,NaN,NaN,NaN,-0.0306315505400363,445.534712291676,53.0831150762698,13.9707126,288.34,287.88,289.521,0.259922357039158+0i,0.000636385,20.8697301830461,513.761338968726,25.2697927559529,20.9354534522393,494.637,522.74,376.256,330.01
20260514195729.8,4227.62900032103,9.7879192,0.52586706,2.002651,2.7309406,-0.000411843,-0.000719037,0.004835397,1.2119209,0.31161056,0.000633663,-0.030268379,4.1308171,0.65761562,288.329,287.893,289.483,-69.67,NaN,NaN,NaN,-0.0486117778641528,445.484437941083,50.2036620185433,13.1523124,288.329,287.893,289.483,0.242460383008119+0i,0.000633663,20.8640279810932,514.035366371131,25.2833698731229,20.9358076753626,846.467,-9.9e+37,281.601,238.26
20260514195731.9,4229.78100031614,9.7879957,0.42542589,2.0027057,2.7310608,-0.000411843,-0.000723719,0.004756883,1.2119646,0.32400584,0.00063584,-0.009949023,4.1314072,0.63934296,288.324,287.896,289.469,-69.74,NaN,NaN,NaN,-0.0451511218661693,445.563431103714,40.1651681389125,12.7868592,288.324,287.896,289.469,0.248037539393394+0i,0.00063584,20.8705795180333,513.348420965114,26.4179933620735,20.93456775995,-9.9e+37,243.353,255.474,177.758
20260514195734.1,4231.94099664688,9.7887062,0.80083297,2.0028587,2.7305799,-0.000411625,-0.000717076,0.004811113,1.2119099,0.34125819,0.000640087,-0.020255441,4.1309154,0.7190213,288.327,287.885,289.469,-69.74,NaN,NaN,NaN,-0.0354714076487426,445.247392735087,77.6848592670632,14.380426,288.327,287.885,289.469,0.300221052257941+0i,0.000640087,20.8651193487956,512.525087491227,26.4453967178283,20.9358369922347,9.9e+37,261.082,308.664,247.969
20260514195736.3,4234.14399214089,9.7880941,0.52099799,2.0030554,2.7307329,-0.000411298,-0.000719799,0.004867303,1.211899,0.32706567,0.000633663,0.012617401,4.1310903,0.66549757,288.343,287.885,289.467,-69.78,NaN,NaN,NaN,-0.0230269645992962,445.347941436272,49.7170276096202,13.3099514,288.343,287.885,289.467,0.256010016610855+0i,0.000633663,20.867061161727,512.936754228166,26.3907145670269,20.9352762061966,-9.9e+37,459.868,315.253,250.783
20260514195738.5,4236.32000125945,9.7887717,0.5660025,2.0030554,2.730722,-0.000411951,-0.000720779,0.004923384,1.2120083,0.30015593,0.000611557,0.013585808,4.1310575,0.73007217,288.343,287.904,289.483,-69.8,NaN,NaN,NaN,-0.0230269645992962,445.340778162789,54.2149590673161,14.6014434,288.343,287.904,289.483,0.265367520693978+0i,0.000611557,20.8666970024123,514.584672442613,26.404416244904,20.9353057920308,1198.478,510.868,410.072,380.008
20260514195740.6,4238.47599439323,9.7885094,0.51047417,2.0026401,2.7307766,-0.000410645,-0.000719037,0.004868937,1.2119864,0.33827914,0.00063584,-0.010554374,4.1312761,0.60201201,288.324,287.915,289.458,-69.81,NaN,NaN,NaN,-0.0493013784195284,445.37666024831,48.6652347774545,12.0402402,288.324,287.915,289.458,0.264228893260854+0i,0.00063584,20.8691239910161,514.173005705669,26.404416244904,20.9348630803672,-9.9e+37,189.147,301.152,172.316
20260514195742.8,4240.63699655235,9.7887827,0.54895968,2.0030445,2.7307001,-0.000411298,-0.000719145,0.004833981,1.2119099,0.36608696,0.000639543,-0.031123208,4.1310466,0.66705803,288.34,287.929,289.45,-69.86,NaN,NaN,NaN,-0.0237165651546434,445.326385897718,52.5116311962683,13.3411606,288.34,287.929,289.45,0.2367080943099+0i,0.000639543,20.8665759860546,514.996339179552,26.404416244904,20.9361323126518,516.199,137.022,315.758,211.857
20260514195744.9,4242.804999277,9.7887499,0.45833627,2.0027603,2.7304924,-0.000410971,-0.000716423,0.004874708,1.2118771,0.28280645,0.000638345,0.022478332,4.1314838,0.75804366,288.327,287.931,289.442,-69.93,NaN,NaN,NaN,-0.0416967924787883,445.189889392907,43.4543636770202,15.1608732,288.327,287.931,289.442,0.269655416265842+0i,0.000638345,20.8714299632622,524.747460398332,26.404416244904,20.9338888995375,1217.554,598.357,372.687,383.762
20260514195747.1,4244.96499560773,9.787952,0.5373588,2.0027931,2.7299569,-0.000413694,-0.000720561,0.004877648,1.2119864,0.34097775,0.000634643,-0.013495096,4.1309373,0.61113687,288.319,287.948,289.42,-69.98,NaN,NaN,NaN,-0.0396216642021017,444.83796893876,51.3521926624646,12.2227374,288.319,287.948,289.42,0.305328884593566+0i,0.000634643,20.8653624917527,533.398718207478,25.3107732288772,20.9333281134995,-9.9e+37,213.128,296.092,199.507
20260514195749.3,4247.12500199676,9.7884001,0.53817177,2.002651,2.7294432,-0.000413694,-0.000719254,0.004849662,1.2119099,0.3497054,0.000635405,9.2234e-05,4.1310903,0.64869153,288.329,287.95,289.41,-70.03,NaN,NaN,NaN,-0.0486117778641528,444.500375031579,51.4334441489748,12.9738306,288.329,287.95,289.41,0.308444519935567+0i,0.000635405,20.867061161727,532.849412135996,25.3107732288772,20.9332396249592,-9.9e+37,385.21,394.148,264.939
20260514195751.4,4249.30100105703,9.788575,0.62342302,2.0026401,2.7295962,-0.000410645,-0.000721432,0.004866323,1.2119646,0.33735705,0.000633663,0.004685992,4.1314291,0.68453081,288.335,287.95,289.39,-70.01,NaN,NaN,NaN,-0.0493013784195284,444.600923732763,59.9537964244001,13.6906162,288.335,287.95,289.39,0.341176064334661+0i,0.000633663,20.8708226609904,525.982460609158,25.3244749067544,20.9331215505848,-9.9e+37,442.706,420.299,323.354
20260514195753.6,4251.46899372339,9.7886734,0.52142466,2.002815,2.7287,-0.000409882,-0.000720126,0.004859572,1.2120192,0.37477861,0.000638563,-0.034804308,4.1309263,0.67656155,288.327,287.964,289.407,-70.02,NaN,NaN,NaN,-0.0382361364807764,444.01195807262,49.7596707228339,13.531231,288.327,287.964,289.407,0.267767692075476+0i,0.000638563,20.8652403651533,524.747460398332,25.3107732288772,20.9346565174524,-9.9e+37,-9.9e+37,274.169,162.98
20260514195755.8,4253.64800021052,9.7888373,0.55567401,2.0029133,2.7284705,-0.000411407,-0.000719145,0.004858047,1.211899,0.27399914,0.000636712,0.020479662,4.1313417,0.76205065,288.346,287.958,289.418,-70.04,NaN,NaN,NaN,-0.0320170782613616,443.861135020843,53.1826882997531,15.241013,288.346,287.958,289.418,0.304081353686041+0i,0.000636712,20.8698523096456,524.198154326854,25.3380520239239,20.933741239329,1435.563,594.794,382.423,388.082
20260514195757.9,4255.81599287689,9.7888155,0.37846369,2.0028696,2.7279568,-0.000411516,-0.000721432,0.00486469,1.2119209,0.27076472,0.000634316,-0.019967521,4.1314947,0.69687806,288.338,287.977,289.401,-70.1,NaN,NaN,NaN,-0.0347818070933954,443.523541113662,35.4715772809605,13.9375612,288.338,287.977,289.401,0.247421173599418+0i,0.000634316,20.8715509796199,526.120099943692,25.3107732288772,20.933741239329,797.606,133.817,252.66,322.164
20260514195800.1,4257.97199606895,9.7888155,0.60177194,2.0030554,2.726995,-0.000411298,-0.000720452,0.004862621,1.2120083,0.26104077,0.000636276,-0.018510281,4.1311122,0.66558924,288.346,287.977,289.407,-70.15,NaN,NaN,NaN,-0.0230269645992962,442.89146437641,57.7899005431853,13.3117848,288.346,287.977,289.407,0.285996213288505+0i,0.000636276,20.8673043046841,514.584672442613,25.3517537018015,20.9349515689075,743.364,145.357,176.574,263.154
20260514195802.3,4260.12899503112,9.7893838,0.49005179,2.0027057,2.726689,-0.000409882,-0.000720017,0.004875253,1.2119974,0.22523753,0.000628109,0.025407731,4.1315712,0.71121137,288.346,287.986,289.456,-70.12,NaN,NaN,NaN,-0.0451511218661693,442.69036697404,46.6241401084309,14.2242274,288.346,287.986,289.456,0.245824681315558+0i,0.000628109,20.872400314607,514.310645040208,25.9669590384933,20.9353353778649,857.389,522.195,308.715,367.464
20260514195804.5,4262.3239941895,9.7888155,0.53612789,2.0030445,2.7259456,-0.000410645,-0.00071969,0.004853147,1.2120083,0.27404715,0.000634969,0.004517967,4.1310794,0.61544395,288.316,287.994,289.429,-70.14,NaN,NaN,NaN,-0.0237165651546434,442.201818578871,51.2291705739985,12.308879,288.316,287.994,289.429,0.258277929560976+0i,0.000634969,20.8669401453694,514.035366371131,26.4453967178283,20.9353057920308,-9.9e+37,319.071,323.998,291.861
20260514195806.6,4264.50399644673,9.7893947,0.5532864,2.0026838,2.7260002,-0.000410209,-0.000719145,0.004866977,1.2119755,0.31412148,0.000636276,-0.033584136,4.1315712,0.6339643,288.327,288.007,289.458,-70.27,NaN,NaN,NaN,-0.0465366495874946,442.237700664392,52.9440609682321,12.679286,288.327,288.007,289.458,0.273594805056686+0i,0.000636276,20.872400314607,513.074393562709,26.4179933620735,20.9349515689075,316.633,-9.9e+37,269.973,191.788
20260514195808.8,4266.65199324489,9.7890887,0.71958874,2.0027713,2.725574,-0.000411625,-0.000718819,0.004867848,1.2119536,0.22966137,0.000635405,0.015585348,4.1302269,0.78001995,288.332,287.991,289.461,-70.23,NaN,NaN,NaN,-0.0410008653128102,441.957610099392,69.5649846617563,15.600399,288.332,287.991,289.461,0.305806483178961+0i,0.000635405,20.8574753339113,514.035366371131,26.4726755128745,20.9351581318222,9.9e+37,530.207,333.818,420.893
20260514195811,4268.81999596953,9.7894494,0.58770708,2.0030117,2.7256614,-0.000408576,-0.000721541,0.004873728,1.2119755,0.2918582,0.000640087,-0.027186854,4.1310029,0.61732087,288.343,287.98,289.515,-70.29,NaN,NaN,NaN,-0.02579169343133,442.015047723468,56.3842019533753,12.3464174,288.343,287.98,289.515,0.255371232404251+0i,0.000640087,20.8660908103822,512.799114893632,27.5253380559775,20.9358076753626,-9.9e+37,-9.9e+37,138.4,149.591
20260514195813.1,4270.99200189114,9.7894384,0.41142539,2.0029133,2.7256177,-0.000410209,-0.000719908,0.004839099,1.2120083,0.32817654,0.000636712,-0.008781555,4.1309591,0.63421855,288.332,287.95,289.505,-70.27,NaN,NaN,NaN,-0.0320170782613616,441.98632891143,38.7659019459582,12.684371,288.332,287.95,289.505,0.221467692088088+0i,0.000636712,20.865604524468,513.074393562709,26.4453967178283,20.9354534522393,-9.9e+37,296.226,291.217,184.188
20260514195815.3,4273.16399775445,9.7891105,0.54487082,2.0026292,2.7260549,-0.000410318,-0.00072067,0.004844,1.2120739,0.38264527,0.00061515,-0.015887315,4.1311012,0.57952067,288.321,287.945,289.499,-70.3,NaN,NaN,NaN,-0.0499909789748756,442.273648468018,52.1029741078984,11.5904134,288.321,287.945,289.499,0.207947129956181+0i,0.00061515,20.8671821780847,512.249808822149,27.4980592609309,20.9371064934814,554.595,212.218,317.932,209.956
20260514195817.4,4275.31599774957,9.7893619,0.66522586,2.0027931,2.7261969,-0.000409556,-0.000718928,0.00486175,1.2119755,0.30042219,0.00063486,0.017049124,4.1309263,0.79162625,288.346,287.939,289.496,-70.35,NaN,NaN,NaN,-0.0396216642021017,442.366968177615,64.1317401250876,15.832525,288.346,287.939,289.496,0.213276391838459+0i,0.00063486,20.8652403651533,514.173005705669,26.4316950399507,20.9376376936853,9.9e+37,604.981,381.057,441.056
20260514195819.6,4277.47599408031,9.7900396,0.50588228,2.002662,2.7265797,-0.000410971,-0.000717948,0.004867085,1.2120192,0.28524426,0.000636494,0.010362716,4.1315275,0.64038619,288.329,287.904,289.494,-70.37,NaN,NaN,NaN,-0.0479158506982031,442.618537084893,48.2063028508258,12.8077238,288.329,287.904,289.494,0.197981787113854+0i,0.000636494,20.8719151389346,501.950632798569,26.4316950399507,20.9374311307706,-9.9e+37,383,287.903,307.565
20260514195821.8,4279.64399680495,9.7895149,0.6450381,2.0029352,2.7266234,-0.000410645,-0.000720561,0.0048844,1.2120302,0.28739835,0.000633118,0.006231981,4.1314291,0.67110104,288.332,287.899,289.488,-70.43,NaN,NaN,NaN,-0.0306315505400363,442.647255896931,62.1140943210467,13.4220208,288.332,287.899,289.488,0.243480162437895+0i,0.000633118,20.8708226609904,502.499938870047,26.1582842859439,20.9368407588984,-9.9e+37,375.31,367.537,322.639
20260514195823.9,4281.80099576712,9.7894384,0.59016671,2.0027275,2.7273338,-0.000412823,-0.000720561,0.004857285,1.2119974,0.27075817,0.000630396,-0.019437851,4.1315712,0.7050612,288.332,287.885,289.518,-70.43,NaN,NaN,NaN,-0.0437719207554323,443.114117317334,56.6300272529129,14.101224,288.332,287.885,289.518,0.197770983420162+0i,0.000630396,20.872400314607,502.912856873663,26.4316950399507,20.9379623309745,1054.158,210.903,301.529,341.932
20260514195826.1,4284.00400131941,9.7894822,0.50872602,2.0030226,2.7269403,-0.000411843,-0.00071773,0.004822221,1.2118662,0.19419637,0.000634425,0.009157571,4.1310138,0.75039088,288.321,287.896,289.57,-70.4,NaN,NaN,NaN,-0.0251020928759687,442.855516572784,48.4905176462654,15.0078176,288.321,287.896,289.57,0.23838870166656+0i,0.000634425,20.8662118267399,501.950632798569,26.4726755128745,20.9360142382774,945.574,382.269,253.727,382.464
20260514195828.3,4286.16399765015,9.7898428,0.6008313,2.0026182,2.7269622,-0.000409882,-0.000717403,0.004787156,1.2119974,0.20525272,0.000635732,0.013292553,4.1312105,0.62655594,288.332,287.89,289.575,-70.42,NaN,NaN,NaN,-0.0506869061408253,442.869908837855,57.6958892041802,12.5311188,288.332,287.89,289.575,0.208547449339738+0i,0.000635732,20.8683956723866,502.225911467646,25.3107732288772,20.9377261822256,-9.9e+37,339.059,268.899,324.969
20260514195830.5,4288.33999671042,9.7901926,0.3196933,2.0027713,2.7273447,-0.000409774,-0.000718601,0.00489823,1.2119974,0.24891829,0.000632356,0.002159072,4.1315712,0.6193069,288.332,287.899,289.518,-70.47,NaN,NaN,NaN,-0.0410008653128102,443.121280590818,29.5978284952931,12.386138,288.332,287.899,289.518,0.178902385084656+0i,0.000632356,20.872400314607,502.912856873663,25.3654553796782,20.9363684614007,-9.9e+37,300.149,327.17,287.205
20260514195832.7,4290.53099267185,9.7886952,0.51176073,2.0026292,2.7268748,-0.000409882,-0.000720452,0.004796957,1.2120629,0.29392611,0.000630831,-0.035619501,4.1310684,0.64400689,288.324,287.89,289.502,-70.53,NaN,NaN,NaN,-0.0499909789748756,442.81247121378,48.7938187503988,12.8801378,288.324,287.89,289.502,0.19679120260022+0i,0.000630831,20.8668180187699,503.598551013007,25.3244749067544,20.9375196193109,413.488,-9.9e+37,268.625,207.146
20260514195834.8,4292.70299859345,9.7879302,0.61773772,2.002651,2.7271699,-0.000407596,-0.00072165,0.004884835,1.2118881,0.27880491,0.000622011,-0.019736987,4.1307624,0.69226652,288.346,287.888,289.494,-70.55,NaN,NaN,NaN,-0.0486117778641528,443.006405342666,59.3855847114753,13.8453304,288.346,287.888,289.494,0.228722130754998+0i,0.000622011,20.8634206788213,503.73619034755,26.3907145670269,20.9371064934814,1088.529,228.861,240.996,265.777
20260514195837,4294.86299492419,9.7870339,0.52045237,2.0026401,2.7274759,-0.000408902,-0.000718492,0.004714305,1.2120083,0.27449347,0.000639761,0.017826857,4.1303143,0.67469664,288.34,287.904,289.442,-70.54,NaN,NaN,NaN,-0.0493013784195284,443.207502745036,49.6624961557293,13.4939328,288.34,287.904,289.442,0.205565749607805+0i,0.000639761,20.8584456852561,503.049244941525,25.3380520239239,20.937283470562,-9.9e+37,483.666,306.608,296.298
20260514195839.2,4297.04299718142,9.7869902,0.62123838,2.002651,2.7275196,-0.000411951,-0.000720017,0.004846069,1.2120411,0.25708179,0.00063584,0.010327979,4.1304017,0.71676246,288.338,287.896,289.437,-70.4,NaN,NaN,NaN,-0.0486117778641528,443.236221557074,59.7354547297623,14.3352492,288.338,287.896,289.437,0.203398672041339+0i,0.00063584,20.8594160366009,502.912856873663,25.3107732288772,20.9379919168086,1162.887,459.588,381.769,386.26
20260514195841.4,4299.21899624169,9.78734,0.76981695,2.0027494,2.7280005,-0.00040912,-0.000718928,0.004895507,1.2120083,0.25234368,0.000620159,0.006407413,4.1308826,0.64103001,288.329,287.923,289.401,-70.47,NaN,NaN,NaN,-0.0423863930341355,443.5522599257,74.584993674692,12.8206002,288.329,287.923,289.401,0.239686287347213+0i,0.000620159,20.8647551894809,502.912856873663,25.3107732288772,20.9376376936853,-9.9e+37,333.49,328.209,323.593
20260514195843.5,4301.37899257243,9.7875913,0.57096215,2.0026073,2.7281863,-0.000410645,-0.000720452,0.004855869,1.2120411,0.29676767,0.000639652,-0.036280496,4.1304017,0.62311638,288.335,287.934,289.377,-70.62,NaN,NaN,NaN,-0.0513765066961724,443.67436416544,54.7106464051887,12.4623276,288.335,287.934,289.377,0.210342583076765+0i,0.000639652,20.8594160366009,503.186884276068,25.3791570575559,20.9374607166047,-9.9e+37,-9.9e+37,246.619,190.461
20260514195845.7,4303.54699529707,9.7878427,0.61980123,2.0027057,2.728077,-0.000407487,-0.000719363,0.004862403,1.2120302,0.28478595,0.000639216,0.008643148,4.1302269,0.716446,288.335,287.967,289.35,-70.61,NaN,NaN,NaN,-0.0451511218661693,443.602534276292,59.5918201874814,14.32892,288.335,287.967,289.35,0.231885221738195+0i,0.000639216,20.8574753339113,502.637578204586,25.3107732288772,20.9370769076473,-9.9e+37,472.109,351.126,269.772
20260514195847.8,4305.71499802172,9.7880941,0.53847622,2.0030336,2.7282191,-0.000411407,-0.000720126,0.004795432,1.2120411,0.28256529,0.000640305,-0.019230732,4.1303362,0.70882921,288.346,287.967,289.304,-70.67,NaN,NaN,NaN,-0.0244061657100048,443.695919703994,51.4638721045796,14.1765842,288.346,287.967,289.304,0.159795176117176+0i,0.000640305,20.8586888282132,494.260347797844,25.2833698731229,20.939172660553,1435.621,229.103,321.227,329.82
20260514195850,4307.87899754941,9.788105,0.54711769,2.0030663,2.7288858,-0.00040912,-0.000720234,0.004723343,1.2120302,0.31219546,0.000638998,-0.019266994,4.1304127,0.6284394,288.329,287.999,289.274,-70.68,NaN,NaN,NaN,-0.0223373640439348,444.13406231236,52.3275353186383,12.568788,288.329,287.999,289.274,0.163855063032809+0i,0.000638998,20.8595381632004,495.358959940804,24.5042426447344,20.9390841720127,-9.9e+37,106.126,190.372,120.917
20260514195852.2,4310.06199717522,9.7878427,0.7088183,2.0026729,2.7287109,-0.000410862,-0.000717512,0.004846831,1.2120957,0.3518082,0.000639325,-0.020030245,4.1302596,0.67092207,288.324,288.01,289.271,-70.73,NaN,NaN,NaN,-0.047226250142856,444.019121346103,68.4885436364184,13.4184414,288.324,288.01,289.271,0.219338534798921+0i,0.000639325,20.8578383829843,493.574653658504,24.4905409668572,20.9381691628513,723.458,214.696,289.314,185.341
20260514195854.4,4312.23399303854,9.7879629,0.5090523,2.002662,2.7284923,-0.00041304,-0.000716859,0.004846069,1.2118771,0.32310776,0.000637692,-0.01221307,4.1308608,0.74439129,288.324,288.032,289.285,-70.64,NaN,NaN,NaN,-0.0479158506982031,443.875461567809,48.5231273797347,14.8878258,288.324,288.032,289.285,0.195789877377539+0i,0.000637692,20.8645131567656,494.67326580146,25.1330250985961,20.9377261822256,9.9e+37,415.806,295.902,300.793
20260514195856.5,4314.39799256623,9.7877225,0.47284856,2.002651,2.7281426,-0.000410862,-0.000718274,0.00470788,1.2120192,0.28445967,0.000635514,0.022893006,4.1303471,0.69836213,288.34,288.005,289.265,-70.72,NaN,NaN,NaN,-0.0486117778641528,443.645645353402,44.9047802178115,13.9672426,288.34,288.005,289.265,0.183427472973179+0i,0.000635514,20.8588098445709,503.186884276068,25.2560910780758,20.9377261822256,-9.9e+37,502.587,302.541,315.326
20260514195858.7,4316.55500158668,9.7880613,0.63996825,2.0027603,2.7286016,-0.000409447,-0.000720561,0.004818954,1.2119536,0.33904191,0.000637909,-0.001863421,4.1308826,0.63217796,288.34,287.991,289.265,-70.8,NaN,NaN,NaN,-0.0416967924787883,443.947291456957,61.607393152635,12.6435592,288.34,287.991,289.265,0.227799973842693+0i,0.000637909,20.8647551894809,503.324523610602,24.5042426447344,20.9373426422303,-9.9e+37,305.943,347.641,236.768
20260514195900.8,4318.71099472046,9.787799,0.53017632,2.0026182,2.7276617,-0.000409774,-0.000717621,0.004828101,1.2119646,0.29414435,0.000635405,-0.011925586,4.1306422,0.75963576,288.338,287.975,289.244,-70.76,NaN,NaN,NaN,-0.0506869061408253,443.329606984776,50.6343467679915,15.1927152,288.338,287.975,289.244,0.191590167848257+0i,0.000635405,20.8620861681618,502.637578204586,24.5042426447344,20.9378738424342,1565.614,302.396,362.276,369.838
20260514195903,4320.90599387884,9.7886624,0.57437878,2.0026729,2.7278475,-0.000407596,-0.000720997,0.004734995,1.2118881,0.2687263,0.000639325,-0.015762303,4.1308498,0.69409106,288.332,287.98,289.244,-70.86,NaN,NaN,NaN,-0.047226250142856,443.451711224515,55.0521181278296,13.8818212,288.332,287.98,289.244,0.214894488102213+0i,0.000639325,20.8643910301661,502.637578204586,24.4768392889796,20.9373719591023,839.723,173.632,194.269,278.139
20260514195905.2,4323.06999340653,9.7888373,0.6994108,2.0030226,2.7275743,-0.000408685,-0.000715987,0.004867957,1.2118771,0.21479552,0.000640523,0.00643834,4.1311449,0.73697857,288.34,287.991,289.249,-70.85,NaN,NaN,NaN,-0.0251020928759687,443.2721693607,67.5483203079503,14.7395714,288.34,287.991,289.249,0.25207014207563+0i,0.000640523,20.8676673537571,502.912856873663,24.0256804046921,20.9369588332728,1491.348,367.344,246.225,367.597
20260514195907.4,4325.25800205767,9.7877881,0.36846694,2.0026292,2.7270496,-0.000408249,-0.00071969,0.004763744,1.2119864,0.22891715,0.000632574,0.015612899,4.1313854,0.63941389,288.335,287.977,289.233,-70.9,NaN,NaN,NaN,-0.0499909789748756,442.927346461931,34.472461941193,12.7882778,288.335,287.977,289.233,0.162906506913933+0i,0.000632574,20.870337485318,494.947293203865,23.3422158000294,20.9378738424342,-9.9e+37,367.991,249.54,308.093
20260514195909.6,4327.44499482214,9.7887717,0.55655028,2.0030554,2.7269841,-0.000409556,-0.000720452,0.004788899,1.211899,0.32113045,0.000636603,-0.030534519,4.1310466,0.59843605,288.329,287.975,289.241,-70.97,NaN,NaN,NaN,-0.0230269645992962,442.884301102927,53.2702662424623,11.968721,288.329,287.975,289.241,0.206554405045989+0i,0.000636603,20.8665759860546,493.986320395443,23.3968979508304,20.9377557680598,-9.9e+37,-9.9e+37,258.074,112.467
20260514195911.8,4329.61700074375,9.7884111,0.47297187,2.0026182,2.7262953,-0.000409665,-0.000719363,0.004819825,1.2118334,0.29555859,0.000636603,-0.013786938,4.1311449,0.72413152,288.338,287.975,289.222,-70.9,NaN,NaN,NaN,-0.0506869061408253,442.431634793279,44.9171043143976,14.4826304,288.338,287.975,289.222,0.221891489317236+0i,0.000636603,20.8676673537571,493.437014323961,22.5903673666876,20.9366046101495,9.9e+37,290.571,315.304,288.741
20260514195913.9,4331.80799670517,9.7886843,0.53479441,2.0028478,2.7262188,-0.00040912,-0.000719581,0.004759497,1.2118225,0.27731648,0.000633009,0.019722292,4.1302378,0.70002843,288.34,287.975,289.255,-70.94,NaN,NaN,NaN,-0.036161008204104,442.381360442686,51.0958972278337,14.0005686,288.34,287.975,289.255,0.230463611772101+0i,0.000633009,20.857596350269,493.986320395443,22.4945801822546,20.9368111730643,-9.9e+37,498.157,312.155,317.807
20260514195916.1,4333.97999256849,9.7887827,0.62124711,2.0030336,2.7263064,-0.000410971,-0.000715007,0.004867739,1.2119318,0.24845997,0.000635078,0.001816703,4.1303252,0.73600738,288.346,287.961,289.249,-70.93,NaN,NaN,NaN,-0.0244061657100048,442.438929502973,59.7363272410201,14.7201476,288.346,287.961,289.249,0.26029018720291+0i,0.000635078,20.8585667016137,493.848681060904,23.3968979508304,20.9364273641068,1460.914,350.076,334.477,402.445
20260514195918.3,4336.14400215447,9.7887717,0.49972118,2.0029898,2.7268311,-0.000410754,-0.000720126,0.004809589,1.2118881,0.22605158,0.00063889,-0.013724214,4.1302706,0.69350834,288.343,287.948,289.282,-70.93,NaN,NaN,NaN,-0.0271772211526553,442.783752401742,47.5905377751921,13.8701668,288.343,287.948,289.282,0.206124345313167+0i,0.00063889,20.8579605095837,493.711041726361,23.3422158000294,20.9373719591023,772.391,130.776,193.666,295.958
20260514195920.4,4338.3049942553,9.7884001,0.53347838,2.0026073,2.7269403,-0.000411298,-0.000718601,0.004838337,1.211899,0.17528426,0.000633989,0.009788293,4.1305001,0.7110826,288.351,287.934,289.309,-70.98,NaN,NaN,NaN,-0.0513765066961724,442.855516572784,50.9643679047443,14.221652,288.351,287.934,289.309,0.267536739557166+0i,0.000633989,20.8605085145451,493.848681060904,22.7270104633367,20.9355123549455,1271.87,398.842,241.874,370.992
20260514195922.6,4340.46500064433,9.7879848,0.50174978,2.0028587,2.7268529,-0.000409011,-0.000720452,0.004865996,1.2118662,0.26036966,0.000637147,-0.008128289,4.1302378,0.58638996,288.335,287.934,289.323,-70.99,NaN,NaN,NaN,-0.0354714076487426,442.798078948708,47.7932842056072,11.7277992,288.335,287.934,289.323,0.259549477975772+0i,0.000637147,20.857596350269,494.809653869326,22.5903673666876,20.9354827691113,-9.9e+37,97.64,193.011,137.642
20260514195924.8,4342.63299331069,9.7886952,0.53641925,2.0030554,2.7276508,-0.000409011,-0.000717839,0.004821023,1.2117897,0.23118145,0.000635296,0.01422274,4.1303799,0.73875946,288.34,287.929,289.312,-71.03,NaN,NaN,NaN,-0.0230269645992962,443.322443711293,51.2582902624367,14.7751892,288.34,287.929,289.312,0.216356253211662+0i,0.000635296,20.8591740038856,493.848681060904,23.3694945950756,20.937283470562,9.9e+37,499.132,395.822,418.395
20260514195926.9,4344.80099603534,9.7886515,0.8258734,2.002662,2.7284377,-0.000408902,-0.000718819,0.004806648,1.2117132,0.29953611,0.000635949,-0.015321057,4.1307733,0.58821887,288.335,287.918,289.295,-71.12,NaN,NaN,NaN,-0.0479158506982031,443.839579482289,80.1875003981684,11.7643774,288.335,287.918,289.295,0.266584750857895+0i,0.000635949,20.863541695179,494.67326580146,24.4495604939334,20.9373426422303,-9.9e+37,100.84,234.649,140.141
20260514195929.1,4346.96499556303,9.7884438,0.49947893,2.0026401,2.7281207,-0.000410645,-0.000718056,0.004841168,1.211746,0.24288598,0.000637909,0.00285132,4.1303034,0.76269993,288.335,287.904,289.29,-71.19,NaN,NaN,NaN,-0.0493013784195284,443.63125308833,47.5663263373689,15.2539986,288.335,287.904,289.29,0.232463739349883+0i,0.000637909,20.8583246688985,494.535626466921,24.4905409668572,20.9363684614007,9.9e+37,432.476,381.185,415.441
20260514195931.3,4349.12500195205,9.7887827,0.65742356,2.0030663,2.72823,-0.00040716,-0.000718274,0.0048538,1.2117788,0.2910245,0.000637801,-0.012105699,4.1303799,0.60924687,288.343,287.912,289.257,-71.18,NaN,NaN,NaN,-0.0223373640439348,443.703082977477,63.3519469307526,12.1849374,288.343,287.912,289.257,0.29905314312343+0i,0.000637801,20.8591740038856,494.67326580146,23.3148124442741,20.9354534522393,-9.9e+37,176.852,222.908,149.447
20260514195933.5,4351.37099660933,9.7884001,0.45892554,2.0026401,2.7287656,-0.000409774,-0.000716968,0.004826576,1.2118006,0.32163678,0.00063094,-0.027543597,4.1311012,0.68171217,288.329,287.896,289.249,-71.03,NaN,NaN,NaN,-0.0493013784195284,444.05506914973,43.5132576872,13.6342434,288.329,287.896,289.249,0.21350567611142+0i,0.00063094,20.8671821780847,500.577993253204,24.4768392889796,20.9365750243154,1111.397,168.434,308.61,225.265
20260514195935.7,4353.53499613702,9.7888155,0.45314966,2.0030226,2.7289842,-0.000407705,-0.000719037,0.004792383,1.2118116,0.23716793,0.000636058,0.021199352,4.1311887,0.77400508,288.348,287.88,289.214,-71.05,NaN,NaN,NaN,-0.0251020928759687,444.198728928024,42.9359930453258,15.4801016,288.348,287.88,289.214,0.193465529126238+0i,0.000636058,20.8681536396713,503.049244941525,25.3244749067544,20.9371949820217,9.9e+37,571.777,338.14,411.731
20260514195937.8,4355.68699613214,9.7885422,0.51837904,2.0026182,2.7289295,-0.000411189,-0.00071577,0.004828101,1.2117788,0.30079648,0.000637801,-0.008214098,4.1306531,0.58658747,288.338,287.861,289.176,-70.98,NaN,NaN,NaN,-0.0506869061408253,444.162781124398,49.4552792294882,11.7317494,288.338,287.861,289.176,0.218939730460759+0i,0.000637801,20.8622071845194,502.637578204586,25.2833698731229,20.9368111730643,-9.9e+37,170.439,228.383,175.059
20260514195940,4357.86299519241,9.7887936,0.42700162,2.0030226,2.7288202,-0.000408467,-0.000718056,0.004825705,1.2117788,0.32809361,0.000632791,-0.028366628,4.1310356,0.67301615,288.329,287.877,289.162,-71.09,NaN,NaN,NaN,-0.0251020928759687,444.090951235251,40.3226529229005,13.460323,288.329,287.877,289.162,0.187282472460464+0i,0.000632791,20.8664538594552,503.186884276068,26.3770128891492,20.9371653961876,1043.157,166.036,306.742,233.765
20260514195942.2,4360.05799435079,9.7886187,0.51125985,2.0026401,2.729006,-0.000410318,-0.000720343,0.004825596,1.2117569,0.24118257,0.000633771,0.021424221,4.1314291,0.78431503,288.348,287.89,289.149,-71.15,NaN,NaN,NaN,-0.0493013784195284,444.21305547499,48.743758791774,15.6863006,288.348,287.89,289.149,0.192318730023339+0i,0.000633771,20.8708226609904,502.499938870047,25.2833698731229,20.9376968653536,9.9e+37,570.529,331.676,434.895
20260514195944.4,4362.26499304175,9.7886624,0.4748226,2.002804,2.728077,-0.000409556,-0.00072067,0.004822438,1.2118006,0.31590456,0.000638127,-0.026673521,4.1309373,0.59110189,288.329,287.896,289.132,-71.24,NaN,NaN,NaN,-0.0389320636467545,443.602534276292,45.1020737027256,11.8220378,288.329,287.896,289.132,0.199033669681747+0i,0.000638127,20.8653624917527,501.676605396164,24.5862035905825,20.9372245678559,-9.9e+37,-9.9e+37,167.369,125.771
20260514195946.6,4364.4329957664,9.7887936,0.46540856,2.0030445,2.7282191,-0.000409665,-0.000716641,0.004833763,1.2118334,0.2780476,0.000637909,0.020999528,4.1310466,0.70319957,288.34,287.88,289.119,-71.24,NaN,NaN,NaN,-0.0237165651546434,443.695919703994,44.1611967403943,14.0639914,288.34,287.88,289.119,0.177822376497332+0i,0.000637909,20.8665759860546,494.947293203865,25.2833698731229,20.9380510884769,836.729,533.573,388.222,347.041
20260514195948.7,4366.61299802363,9.7885422,0.46730293,2.0026182,2.7283393,-0.000408576,-0.000717621,0.004842911,1.2118553,0.35596578,0.00063584,-0.03180217,4.1314072,0.59314031,288.332,287.904,289.124,-71.37,NaN,NaN,NaN,-0.0506869061408253,443.774912866624,44.350527685571,11.8628062,288.332,287.904,289.124,0.156259254192111+0i,0.00063584,20.8705795180333,494.397987132382,24.4495604939334,20.93890692597,-9.9e+37,-9.9e+37,265.245,134.523
20260514195950.9,4368.78100074828,9.7891871,0.50574369,2.0026292,2.7282847,-0.000409011,-0.00071969,0.004853473,1.2117788,0.3456111,0.000641612,0.003376305,4.1310138,0.66241158,288.346,287.915,289.127,-71.5,NaN,NaN,NaN,-0.0499909789748756,443.739030781104,48.1924516096786,13.2482316,288.346,287.915,289.127,0.155767358512379+0i,0.000641612,20.8662118267399,495.084932538403,24.5042426447344,20.9391430747188,-9.9e+37,435.539,373.435,246.663
20260514195953.1,4370.95699980855,9.7886515,0.44978104,2.0026729,2.7278694,-0.000411189,-0.000720888,0.004860007,1.2118444,0.3508752,0.000635623,0.003855663,4.1315712,0.65429174,288.343,287.945,289.146,-71.52,NaN,NaN,NaN,-0.047226250142856,443.466103489587,42.5993196348826,13.0858348,288.343,287.945,289.146,0.189697335458272+0i,0.000635623,20.872400314607,494.947293203865,23.3148124442741,20.937549205145,-9.9e+37,432.765,407.548,297.834
20260514195955.3,4373.14399257302,9.7886297,0.61503911,2.0027713,2.727454,-0.000411843,-0.000717621,0.004796739,1.2119536,0.36775982,0.000637365,-0.032471987,4.1309373,0.659546,288.321,287.934,289.173,-71.52,NaN,NaN,NaN,-0.0410008653128102,443.193110479964,59.1158747910462,13.19092,288.321,287.934,289.173,0.227110585253227+0i,0.000637365,20.8653624917527,501.538966061621,24.4768392889796,20.9372538847279,484.738,92.99,305.98,206.901
20260514195957.5,4375.34400075674,9.7884111,0.53667133,2.0026182,2.7275415,-0.000409882,-0.000718056,0.004786503,1.2119209,0.34106505,0.000638563,-0.020410399,4.1310794,0.6914252,288.332,287.931,289.238,-71.52,NaN,NaN,NaN,-0.0506869061408253,443.250613822145,51.283484149935,13.828504,288.332,287.931,289.238,0.162026395381584+0i,0.000638563,20.8669401453694,502.775217539129,24.4631376111024,20.9389365118041,1138.435,265.447,255.166,238.092
20260514195959.7,4377.52299718559,9.788575,0.50990564,2.0026401,2.7277491,-0.000407922,-0.000719145,0.004804362,1.2119099,0.33401571,0.000640959,-0.014071264,4.1310684,0.71778166,288.335,287.931,289.257,-71.46,NaN,NaN,NaN,-0.0493013784195284,443.387044608851,48.608413606162,14.3556332,288.335,287.931,289.257,0.137032287064928+0i,0.000640959,20.8668180187699,502.225911467646,26.3907145670269,20.9396153722166,1367.342,277.789,239.687,246.96
20260514200001.8,4379.70699258149,9.7885422,0.68815042,2.0027057,2.727454,-0.000410754,-0.000720343,0.004858265,1.2119099,0.2850282,0.000618635,0.027470432,4.1302596,0.71943924,288.343,287.923,289.306,-71.45,NaN,NaN,NaN,-0.0451511218661693,443.193110479964,66.4229127115204,14.3887848,288.343,287.923,289.306,0.199291822520664+0i,0.000618635,20.8578383829843,503.73619034755,25.3244749067544,20.9384346284722,1144.062,568.694,328.353,351.003
20260514200004,4381.87899850309,9.7893947,0.40714013,2.0028696,2.727465,-0.000409991,-0.00071969,0.004819063,1.2120192,0.2663998,0.000640305,-0.007863782,4.1302378,0.71579781,288.357,287.899,289.306,-71.41,NaN,NaN,NaN,-0.0347818070933954,443.200339471553,38.3376158528887,14.3159562,288.357,287.899,289.306,0.137260307242661+0i,0.000640305,20.857596350269,495.084932538403,26.4179933620735,20.9391430747188,1288.913,272.402,316.33,370.156
20260514200006.2,4384.05099436641,9.7887936,0.646245,2.0027713,2.7273557,-0.000407596,-0.000717076,0.004730204,1.2119099,0.24412234,0.000638127,0.017159217,4.1308936,0.62635297,288.327,287.901,289.317,-71.41,NaN,NaN,NaN,-0.0410008653128102,443.128509582406,62.2347167536939,12.5270594,288.327,287.901,289.317,0.162834033753402+0i,0.000638127,20.8648773160803,494.809653869326,26.4316950399507,20.9395268836763,-9.9e+37,371,258.572,299.384
20260514200008.4,4386.21899709105,9.7886843,0.45841048,2.002815,2.726842,-0.000409338,-0.000718601,0.004788572,1.2119864,0.33687691,0.000633445,-0.025863122,4.1305547,0.5896451,288.338,287.907,289.323,-71.52,NaN,NaN,NaN,-0.0382361364807764,442.790915675225,43.4617805224314,11.792902,288.338,287.907,289.323,0.135364285945233+0i,0.000633445,20.8611147065752,493.299374989422,26.4179933620735,20.9395860553446,-9.9e+37,-9.9e+37,283.044,129.762
20260514200010.5,4388.41399624944,9.7884657,0.60559124,2.002651,2.7268638,-0.000408576,-0.000717076,0.004828536,1.2120192,0.36861753,0.000641612,-0.016113818,4.1310356,0.63961141,288.324,287.901,289.331,-71.6,NaN,NaN,NaN,-0.0486117778641528,442.805242222191,58.171616722661,12.7922282,288.324,287.901,289.331,0.154669070158016+0i,0.000641612,20.8664538594552,494.397987132382,27.5527414117323,20.9395860553446,-9.9e+37,252.69,343.982,178.128
20260514200012.7,4390.60099907219,9.7880613,0.52038472,2.002651,2.7271589,-0.000409991,-0.000718274,0.004847702,1.2119755,0.40652795,0.000641721,-0.020844347,4.1314947,0.65448379,288.343,287.904,289.38,-71.6,NaN,NaN,NaN,-0.0486117778641528,442.999176351078,49.6557349430616,13.0896758,288.343,287.904,289.38,0.132298730440113+0i,0.000641721,20.8715509796199,493.848681060904,27.5390397338547,20.9399695953399,409.764,249.082,326.199,192.815
20260514200014.9,4392.81599409878,9.7884438,0.61648608,2.0026401,2.7270496,-0.000409556,-0.000717403,0.004824398,1.2119209,0.37198724,0.000638781,0.014398606,4.1312324,0.72985284,288.343,287.915,289.38,-71.58,NaN,NaN,NaN,-0.0493013784195284,442.927346461931,59.2604907835621,14.5970568,288.343,287.915,289.38,0.156559257775266+0i,0.000638781,20.8686388153437,494.123959729982,26.4179933620735,20.9396153722166,713.812,571.964,394.365,309.264
20260514200017.1,4394.99599635601,9.7886952,0.64119151,2.0028368,2.726842,-0.000408467,-0.000718928,0.004866977,1.2120083,0.35522157,0.000614388,-0.02222634,4.1309263,0.72982446,288.343,287.918,289.439,-71.59,NaN,NaN,NaN,-0.0368569353700678,442.790915675225,61.7296506693803,14.5964892,288.343,287.918,289.439,0.186287763752658+0i,0.000614388,20.8652403651533,494.123959729982,25.3517537018015,20.9388184374297,1324.236,220.154,324.415,296.233
20260514200019.3,4397.16799221933,9.7891433,0.62526283,2.002662,2.727465,-0.000408249,-0.000719908,0.004853473,1.2119864,0.30673386,0.000639761,-0.015621282,4.1310029,0.71634124,288.348,287.899,289.437,-71.65,NaN,NaN,NaN,-0.0479158506982031,443.200339471553,60.1376744240757,14.3268248,288.348,287.899,289.437,0.176552765529198+0i,0.000639761,20.8660908103822,493.986320395443,24.5042426447344,20.9390841720127,1077.364,221.429,202.528,266.57
20260514200021.5,4399.35100190341,9.7886515,0.59254123,2.0027713,2.7274759,-0.000408358,-0.00071871,0.004834308,1.2119755,0.34029355,0.000637038,-0.003524296,4.1309154,0.62851033,288.332,287.918,289.45,-71.63,NaN,NaN,NaN,-0.0410008653128102,443.207502745036,56.8673463172673,12.5702066,288.332,287.918,289.45,0.127060221474831+0i,0.000637038,20.8651193487956,494.809653869326,24.4905409668572,20.94053065034,-9.9e+37,269.181,236.452,217.808
20260514200023.7,4401.51899456978,9.7895149,0.48158385,2.0028696,2.7279568,-0.000407051,-0.000718601,0.004844,1.2119427,0.30808807,0.000625713,-0.004649297,4.1314728,0.75336339,288.351,287.901,289.461,-71.69,NaN,NaN,NaN,-0.0347818070933954,443.523541113662,45.7778201794308,15.0672678,288.351,287.901,289.461,0.14641629581748+0i,0.000625713,20.8713078366628,495.084932538403,23.3422158000294,20.9393792234677,9.9e+37,373.357,339.944,348.728
20260514200025.9,4403.71899269521,9.7886515,0.52662219,2.0027385,2.728077,-0.000406507,-0.000719799,0.004865125,1.2119974,0.24842942,0.00063486,0.023452729,4.1309482,0.73070945,288.343,287.874,289.453,-71.72,NaN,NaN,NaN,-0.0430759935894969,443.602534276292,50.2791327431807,14.614189,288.343,287.874,289.453,0.144358517574585+0i,0.00063486,20.8654835081104,493.299374989422,23.3559174779066,20.939733446591,845.933,524.088,295.115,368.776
20260514200028,4405.90599551797,9.788575,0.5094375,2.0026401,2.7283503,-0.000408685,-0.000718492,0.0048134,1.2119536,0.26166495,0.000634534,0.011657594,4.1314182,0.65401456,288.327,287.863,289.475,-71.73,NaN,NaN,NaN,-0.0493013784195284,443.782141858213,48.5616258146139,13.0802912,288.327,287.863,289.475,0.153616221078447+0i,0.000634534,20.8707016446327,494.67326580146,22.4535997093299,20.9393203207615,-9.9e+37,333.561,326.701,315.95
20260514200030.2,4408.10099467635,9.7892964,0.65251522,2.0026729,2.7284268,-0.000409011,-0.000716859,0.004860878,1.2119536,0.23838901,0.000628871,0.006802377,4.1314838,0.68758735,288.343,287.85,289.513,-71.82,NaN,NaN,NaN,-0.047226250142856,443.832416208805,62.8613877203298,13.751747,288.343,287.85,289.513,0.195915407121804+0i,0.000628871,20.8714299632622,493.986320395443,22.5903673666876,20.9386707772211,431.832,397.532,362.221,371.544
20260514200032.4,4410.29699966311,9.7886952,0.58496591,2.0028368,2.7280879,-0.000405635,-0.000719145,0.004817211,1.2119864,0.31080196,0.000637038,-0.024082135,4.1309045,0.55674015,288.327,287.825,289.483,-71.77,NaN,NaN,NaN,-0.0368569353700678,443.609697549776,56.1102384156344,11.134803,288.327,287.825,289.483,0.167909552055026+0i,0.000637038,20.864998332438,494.535626466921,23.3422158000294,20.9392022463871,-9.9e+37,-9.9e+37,249.973,134.444
20260514200034.6,4412.46499232948,9.7886187,0.52655453,2.0026292,2.7289732,-0.000409338,-0.000718274,0.004840406,1.2119099,0.32922085,0.000638454,-0.027302939,4.1314291,0.66079329,288.346,287.831,289.475,-71.84,NaN,NaN,NaN,-0.0499909789748756,444.191499936436,50.2723705310729,13.2158658,288.346,287.831,289.475,0.138759451379917+0i,0.000638454,20.8708226609904,494.260347797844,23.3148124442741,20.9399106926337,1080.348,186.521,313.84,227.086
20260514200036.8,4414.63999561965,9.7888264,0.49193525,2.0029461,2.7291372,-0.00041108,-0.000717294,0.004859463,1.211899,0.28829643,0.000641176,-0.005861847,4.1313198,0.75740856,288.332,287.801,289.461,-71.88,NaN,NaN,NaN,-0.0299419499846891,444.299277629209,46.8123806643954,15.1481712,288.332,287.801,289.461,0.147651587047138+0i,0.000641176,20.8696091666885,493.986320395443,24.4631376111024,20.9393792234677,9.9e+37,353.071,271.116,311.294
20260514200039,4416.83600060642,9.7890996,0.60077128,2.0026401,2.7287656,-0.000410754,-0.000718492,0.004886578,1.2118771,0.22398916,0.000633118,0.023639376,4.1310029,0.76216305,288.335,287.782,289.453,-71.87,NaN,NaN,NaN,-0.0493013784195284,444.05506914973,57.689890564353,15.243261,288.335,287.782,289.453,0.158777191208596+0i,0.000633118,20.8660908103822,493.437014323961,24.5042426447344,20.9395564695104,1385.555,492.62,278.075,418.214
20260514200041.1,4419.01499703526,9.7888155,0.59146746,2.0029461,2.7297274,-0.000407922,-0.000719581,0.004815469,1.2118662,0.28892279,0.000637692,-0.008682133,4.1313745,0.58190828,288.34,287.763,289.442,-71.83,NaN,NaN,NaN,-0.0299419499846891,444.687145886982,56.7600294314411,11.6381656,288.34,287.763,289.442,0.15451311652376+0i,0.000637692,20.8702164689603,493.986320395443,24.5042426447344,20.9396449580507,-9.9e+37,180.755,233.777,168.953
20260514200043.3,4421.19099609554,9.7887827,0.72414898,2.0027494,2.7298585,-0.00040912,-0.000716859,0.004854998,1.2118771,0.24376114,0.000635405,0.006184285,4.1315712,0.71879978,288.346,287.749,289.429,-71.8,NaN,NaN,NaN,-0.0423863930341355,444.773302323096,70.0207533602854,14.3759956,288.346,287.749,289.429,0.142823037665104+0i,0.000635405,20.872400314607,495.084932538403,25.3380520239239,20.9404418928376,9.9e+37,447.225,382.567,415.587
20260514200045.5,4423.37500154972,9.7888264,0.50098046,2.0029571,2.7303394,-0.000408685,-0.000720017,0.004800115,1.2118881,0.19765993,0.000635623,0.006431153,4.131287,0.71393836,288.351,287.725,289.426,-71.68,NaN,NaN,NaN,-0.029246022818711,445.089340691722,47.7163952753859,14.2787672,288.351,287.725,289.426,0.12349577166253+0i,0.000635623,20.8692450073737,495.358959940804,25.3654553796782,20.9402353299229,772.836,358.656,271.909,374.536
20260514200047.7,4425.55800117552,9.7887936,0.58050605,2.0027931,2.7308203,-0.000409447,-0.000720126,0.00485478,1.2118553,0.25767324,0.000636603,-0.028905334,4.1315384,0.60599936,288.335,287.744,289.415,-71.84,NaN,NaN,NaN,-0.0396216642021017,445.405379060348,55.6645020974095,12.1199872,288.335,287.744,289.415,0.154269727328275+0i,0.000636603,20.8720361552923,494.809653869326,24.5042426447344,20.9395860553446,-9.9e+37,-9.9e+37,130.643,143.924
20260514200049.8,4427.71500013769,9.7885313,0.65766254,2.0026838,2.7305908,-0.000407705,-0.000717621,0.004845306,1.211899,0.20229877,0.000636929,0.011045166,4.130981,0.75596487,288.348,287.744,289.352,-71.83,NaN,NaN,NaN,-0.0465366495874946,445.25455600857,63.3758315516442,15.1192974,288.348,287.744,289.352,0.178442338921004+0i,0.000636929,20.8658476674251,493.986320395443,24.4905409668572,20.939172660553,9.9e+37,465.018,318.738,402.243
20260514200052,4429.90199290216,9.7887062,0.67001744,2.0027166,2.731028,-0.000410645,-0.000720017,0.004831803,1.2119646,0.18292179,0.000640196,0.018411734,4.1315603,0.70238658,288.34,287.741,289.312,-71.78,NaN,NaN,NaN,-0.0444615213108221,445.541875565159,64.6106298722278,14.0477316,288.34,287.741,289.312,0.176685199288622+0i,0.000640196,20.8722792982494,483.687144371858,24.4631376111024,20.9394972978421,594.911,421.742,265.796,387.082
20260514200054.2,4432.0900015533,9.7884111,0.52954232,2.0026292,2.7306345,-0.000408576,-0.000720997,0.004851187,1.2118334,0.27211239,0.000641503,-0.031284047,4.1309373,0.55534664,288.329,287.746,289.26,-71.8,NaN,NaN,NaN,-0.0499909789748756,445.283274820608,50.5709822619858,11.1069328,288.329,287.746,289.26,0.163523934356872+0i,0.000641503,20.8653624917527,483.54950503732,23.3285141221518,20.9392907349274,-9.9e+37,-9.9e+37,175.472,117.633
20260514200056.4,4434.25799421966,9.7888045,0.64966272,2.0028696,2.7310608,-0.000408902,-0.000717403,0.004862621,1.2118334,0.22512185,0.000642592,0.002589753,4.1307078,0.74770973,288.338,287.733,289.225,-71.9,NaN,NaN,NaN,-0.0347818070933954,445.563431103714,62.576297415312,14.9541946,288.338,287.733,289.225,0.18455199366197+0i,0.000642592,20.8628144867913,483.687144371858,23.3422158000294,20.9392022463871,9.9e+37,422.931,324.084,379.224
20260514200058.6,4436.45299337804,9.7885204,0.43605555,2.0026838,2.7299678,-0.000407705,-0.000716205,0.004745558,1.2118771,0.20051133,0.000639434,0.019773037,4.1302706,0.69174602,288.34,287.738,289.208,-71.9,NaN,NaN,NaN,-0.0465366495874946,444.845132212243,41.2275390457085,13.8349204,288.34,287.738,289.208,0.187540748995836+0i,0.000639434,20.8579605095837,493.299374989422,23.3422158000294,20.937549205145,337.484,446.946,272.592,363.692
20260514200100.7,4438.61299976707,9.7883892,0.55158736,2.0026401,2.7300006,-0.000409229,-0.000718056,0.004845089,1.2118116,0.17212952,0.000623535,0.002966423,4.1303362,0.69787544,288.335,287.757,289.195,-71.91,NaN,NaN,NaN,-0.0493013784195284,444.866687750797,52.7742520876581,13.9575088,288.335,287.757,289.195,0.227858247895092+0i,0.000623535,20.8586888282132,494.535626466921,23.3831962729532,20.936988419107,854.268,306.01,304.64,395.692
20260514200102.9,4440.78499563038,9.7886734,0.5591605,2.0026838,2.7297055,-0.00040814,-0.000718383,0.004851078,1.2117678,0.15411439,0.000634751,0.009434927,4.130828,0.68095266,288.346,287.757,289.23,-72,NaN,NaN,NaN,-0.0465366495874946,444.672753621911,53.5311421113365,13.6190532,288.346,287.757,289.23,0.147476240211072+0i,0.000634751,20.8641489974508,494.260347797844,23.410599628708,20.9397630324251,455.168,330.857,266.042,388.539
20260514200105.1,4442.95700155199,9.7887608,0.58459598,2.0029461,2.7287546,-0.000409011,-0.000716859,0.004846178,1.2118334,0.21069359,0.000634098,0.000784809,4.1302706,0.58798753,288.338,287.755,289.271,-72.09,NaN,NaN,NaN,-0.0299419499846891,444.047840158141,56.0732661258763,11.7597506,288.338,287.755,289.271,0.179363106623055+0i,0.000634098,20.8579605095837,490.415205297481,23.410599628708,20.93890692597,-9.9e+37,251.986,257.993,269.114
20260514200107.3,4445.1289974153,9.788422,0.60459495,2.0026182,2.7288639,-0.000410318,-0.000720779,0.004841495,1.211899,0.30668475,0.000626802,-0.028721301,4.1305875,0.57609965,288.324,287.79,289.298,-72.03,NaN,NaN,NaN,-0.0506869061408253,444.119670047288,58.0720434991777,11.521993,288.324,287.79,289.298,0.163553731784147+0i,0.000626802,20.8614788658899,483.137838300376,22.5492623330556,20.939704129719,-9.9e+37,-9.9e+37,292.462,147.256
20260514200109.4,4447.292996943,9.7885422,0.60352336,2.0027057,2.7280661,-0.000408902,-0.000722086,0.004857829,1.2118881,0.24165071,0.00063987,0.014045022,4.1302487,0.74865037,288.357,287.785,289.331,-72.11,NaN,NaN,NaN,-0.0451511218661693,443.595371002809,57.964944491306,14.9730074,288.357,287.785,289.331,0.175238120179348+0i,0.00063987,20.8577173666266,483.000198965837,22.5629640109328,20.9393203207615,9.9e+37,565.086,417.327,416.439
20260514200111.6,4449.45699647069,9.7888264,0.61294067,2.0029352,2.7284923,-0.000405635,-0.000720888,0.00483801,1.2118334,0.30503154,0.00064085,-0.016507802,4.1307078,0.59758816,288.329,287.814,289.333,-72.1,NaN,NaN,NaN,-0.0306315505400363,443.875461567809,58.9061482705688,11.9517632,288.329,287.814,289.333,0.176602689522275+0i,0.00064085,20.8628144867913,483.137838300376,22.5766656888104,20.9393203207615,-9.9e+37,145.523,249.26,166.825
20260514200113.8,4451.63699872792,9.7883783,0.60421629,2.0026182,2.7281535,-0.000408576,-0.000716423,0.004852493,1.2118334,0.30208086,0.000634316,-0.02389244,4.1303799,0.70073446,288.346,287.833,289.358,-72.32,NaN,NaN,NaN,-0.0506869061408253,443.652808626885,58.0341986981617,14.0146892,288.346,287.833,289.358,0.176455825682599+0i,0.000634316,20.8591740038856,482.724920296755,21.6880495981118,20.9393203207615,1387.393,212.19,329.785,293.967
20260514200116,4453.83600108325,9.7883892,0.54634837,2.0026401,2.7281426,-0.00040912,-0.000721541,0.00489028,1.2118662,0.32589697,0.000641612,-0.020200993,4.1303908,0.65383451,288.34,287.828,289.227,-73.52,NaN,NaN,NaN,-0.0493013784195284,443.645645353402,52.2506463884169,13.0766902,288.34,287.828,289.227,0.175925977112098+0i,0.000641612,20.8592950202433,483.000198965837,22.5356852158861,20.9389956834724,-9.9e+37,169.732,216.142,151.075
20260514200118.1,4456.0149975121,9.7880613,0.60260782,2.0030117,2.7281645,-0.000409011,-0.000721759,0.004881677,1.2119427,0.25404599,0.000639434,0.018717622,4.1303143,0.77089617,288.354,287.833,289.127,-65.62,NaN,NaN,NaN,-0.02579169343133,443.660037618474,57.873441747097,15.4179234,288.354,287.833,289.127,0.222580498038254+0i,0.000639434,20.8584456852561,484.098811108797,23.3694945950756,20.9377261822256,9.9e+37,590.085,373.331,424.184
20260514200120.3,4458.18699337542,9.787952,0.58494081,2.0028259,2.7287109,-0.000409447,-0.000717076,0.004827992,1.2118553,0.21067831,0.00063388,0.004201517,4.1302269,0.73189671,288.351,287.82,289.043,-65.94,NaN,NaN,NaN,-0.0375465359254292,444.019121346103,56.1077298208383,14.6379342,288.351,287.82,289.043,0.147880521721994+0i,0.00063388,20.8574753339113,492.200762846462,24.1761497399266,20.9398811067996,1018.994,340.032,257.417,389.567
20260514200122.5,4460.35499610007,9.7880067,0.52928806,2.0028696,2.7287328,-0.000407487,-0.000718819,0.004849553,1.2118771,0.23758369,0.000639761,-0.02503595,4.1302269,0.63999662,288.34,287.801,288.972,-66.02,NaN,NaN,NaN,-0.0347818070933954,444.033513611175,50.5455704965331,12.7999324,288.34,287.801,288.972,0.194787507113064+0i,0.000639761,20.8574753339113,494.397987132382,24.5178197619039,20.9379330141025,152.495,-9.9e+37,134.836,218.804
20260514200124.6,4462.50800192356,9.7886187,0.51473979,2.0027494,2.7293121,-0.000407922,-0.000717839,0.004845197,1.2118225,0.28411593,0.000640741,-0.016777643,4.1302159,0.62879295,288.324,287.812,289.002,-66.15,NaN,NaN,NaN,-0.0423863930341355,444.414218595465,49.091557970054,12.575859,288.324,287.812,289.002,0.199623543313998+0i,0.000640741,20.8573532073119,494.260347797844,24.4768392889796,20.9376672795195,-9.9e+37,132.466,205.433,152.821
20260514200126.8,4464.67599458992,9.7887827,0.67408228,2.0030445,2.7294432,-0.000408685,-0.000718819,0.00486665,1.2118444,0.26481534,0.000627782,0.023210872,4.1307515,0.7201158,288.34,287.785,289.013,-66.3,NaN,NaN,NaN,-0.0237165651546434,444.500375031579,65.0168863053386,14.402316,288.34,287.785,289.013,0.106519983301746+0i,0.000627782,20.8632996624637,495.496599275342,24.4768392889796,20.9414160736672,1366.705,561.251,383.072,367.328
20260514200129,4466.86299741268,9.7876897,0.62937895,2.0026182,2.7295744,-0.000410536,-0.000719037,0.004847484,1.211899,0.31626903,0.000638998,-0.003851527,4.1311122,0.6233128,288.324,287.779,289.037,-66.33,NaN,NaN,NaN,-0.0506869061408253,444.586597185797,60.5490559863159,12.466256,288.324,287.779,289.037,0.188917067116411+0i,0.000638998,20.8673043046841,494.67326580146,24.4631376111024,20.9387003630552,-9.9e+37,281.311,332.473,219.989
20260514200131.2,4469.05499920249,9.788728,0.57419982,2.0028587,2.7299678,-0.000409229,-0.000717403,0.004881895,1.2118771,0.27579858,0.00064085,-0.011414648,4.1309263,0.73957242,288.354,287.765,289.1,-66.32,NaN,NaN,NaN,-0.0354714076487426,444.845132212243,55.0342321467653,14.7914484,288.354,287.765,289.1,0.172400414155669+0i,0.00064085,20.8652403651533,494.535626466921,24.2444090078975,20.9389660976382,1539.811,307.235,362.153,364.008
20260514200133.3,4471.21099233627,9.7891433,0.60355828,2.0030445,2.7301318,-0.000408685,-0.000720343,0.004828863,1.2118662,0.31060772,0.000623317,-0.017582381,4.1310903,0.62359107,288.335,287.736,289.165,-66.34,NaN,NaN,NaN,-0.0237165651546434,444.952909905016,57.9684345363371,12.4718214,288.335,287.736,289.165,0.135237605108908+0i,0.000623317,20.867061161727,495.358959940804,23.65660702696,20.9403238184632,-9.9e+37,111.235,193.916,132.647
20260514200135.5,4473.37899506092,9.7893947,0.51661452,2.0027166,2.7310171,-0.000407269,-0.000720343,0.004858047,1.2119427,0.25556389,0.000635949,0.005998291,4.1315712,0.76501006,288.348,287.749,289.249,-66.44,NaN,NaN,NaN,-0.0444615213108221,445.534712291676,49.2789260147608,15.3002012,288.348,287.749,289.249,0.147325560156302+0i,0.000635949,20.872400314607,494.397987132382,23.3422158000294,20.9395564695104,9.9e+37,469.205,367.114,404.492
20260514200137.7,4475.55499412119,9.7894712,0.53241443,2.0027494,2.7311045,-0.000408685,-0.000716641,0.00487253,1.2119974,0.24587376,0.000639761,-0.015520445,4.131593,0.69543109,288.338,287.736,289.249,-66.53,NaN,NaN,NaN,-0.0423863930341355,445.592149915751,50.8580324691531,13.9086218,288.338,287.736,289.249,0.170347563323886+0i,0.000639761,20.8726423473223,495.358959940804,23.410599628708,20.9388184374297,880.479,136.311,184.974,289.535
20260514200139.9,4477.737993747,9.7893729,0.58476403,2.002815,2.7311919,-0.000409011,-0.000718165,0.004881242,1.2119974,0.18387334,0.000620595,0.016373753,4.1309263,0.75849652,288.362,287.736,289.274,-66.58,NaN,NaN,NaN,-0.0382361364807764,445.649587539827,56.0900617177284,15.1699304,288.362,287.736,289.274,0.166096093564536+0i,0.000620595,20.8652403651533,493.986320395443,24.4768392889796,20.9392318322212,1458.497,433.62,259.372,398.187
20260514200142,4479.90199327469,9.7893401,0.48322507,2.0026401,2.7315417,-0.000410318,-0.000716859,0.004857829,1.2120411,0.19386355,0.000637583,0.018088206,4.1314838,0.67145787,288.335,287.749,289.26,-66.61,NaN,NaN,NaN,-0.0493013784195284,445.87946947234,45.9418502970124,13.4291574,288.335,287.749,289.26,0.163411284759211+0i,0.000637583,20.8714299632622,493.711041726361,24.531521439781,20.9387595347235,-9.9e+37,382.038,268.254,351.697
20260514200144.2,4482.08199553192,9.7888264,0.50290211,2.0030336,2.7320554,-0.000409556,-0.000722412,0.004903783,1.2119755,0.24488511,0.000633771,0.0035611,4.1312324,0.61607141,288.354,287.755,289.249,-66.65,NaN,NaN,NaN,-0.0244061657100048,446.217063379521,47.9084526933131,12.3214282,288.354,287.755,289.249,0.146716022344425+0i,0.000633771,20.8686388153437,494.123959729982,25.4748196812811,20.939438395136,-9.9e+37,289.304,310.87,275.858
20260514200146.4,4484.25799459219,9.7887717,0.7486591,2.0030226,2.7321974,-0.000409556,-0.00071969,0.004799244,1.2120083,0.23217228,0.000631158,0.006247335,4.130981,0.68688569,288.343,287.755,289.255,-66.63,NaN,NaN,NaN,-0.0251020928759687,446.310383089117,72.4703931803813,13.7377138,288.343,287.755,289.255,0.183529421299018+0i,0.000631158,20.8658476674251,493.986320395443,26.363311211272,20.9393203207615,426.285,395.512,370.31,365.146
20260514200148.6,4486.44099421799,9.7883892,0.37655731,2.0026292,2.73258,-0.000410209,-0.000718928,0.004860552,1.2121067,0.24550929,0.000634425,0.003197934,4.1311668,0.63366421,288.335,287.741,289.268,-66.72,NaN,NaN,NaN,-0.0499909789748756,446.561820560185,35.2810460081542,12.6732842,288.335,287.741,289.268,0.163505873259007+0i,0.000634425,20.8679104967142,493.986320395443,26.4316950399507,20.9378442566,-9.9e+37,309.645,334.825,298.719
20260514200150.8,4488.64399977028,9.7891215,0.5697858,2.0030336,2.733203,-0.000409991,-0.000719145,0.004832892,1.2120192,0.31487007,0.000636385,-0.037525496,4.1310247,0.62586082,288.327,287.73,289.29,-66.73,NaN,NaN,NaN,-0.0244061657100048,446.971244356513,54.5930772622237,12.5172164,288.327,287.73,289.29,0.127244833884859+0i,0.000636385,20.8663328430975,495.358959940804,27.5253380559775,20.9403238184632,-9.9e+37,-9.9e+37,257.626,102.967
20260514200153,4490.83999469876,9.7887717,0.57027467,2.0030554,2.7332358,-0.000409991,-0.000720452,0.004824725,1.2120957,0.32060775,0.000643136,-0.0021092,4.1310356,0.6525043,288.34,287.736,289.309,-66.74,NaN,NaN,NaN,-0.0230269645992962,446.992799895067,54.641936893219,13.050086,288.34,287.736,289.309,0.163124611596008+0i,0.000643136,20.8664538594552,494.535626466921,27.5390397338547,20.9391430747188,-9.9e+37,381.235,360.348,222.595
20260514200155.2,4493.04300025105,9.7887717,0.46850001,2.0028368,2.7342194,-0.000410862,-0.000719363,0.004866977,1.2120411,0.27718771,0.000616348,-9.9313e-05,4.1315056,0.76584706,288.343,287.706,289.336,-66.18,NaN,NaN,NaN,-0.0368569353700678,447.639203179286,44.4701686679832,15.3169412,288.343,287.706,289.336,0.140223294103392+0i,0.000616348,20.8716719959775,482.862559631299,27.4980592609309,20.9396449580507,9.9e+37,442.95,394.14,404.642
20260514200157.3,4495.20299658179,9.7877006,0.57669328,2.0026401,2.7337494,-0.000411407,-0.00071479,0.004833437,1.2120739,0.2730083,0.000637692,0.002387643,4.1303908,0.62971396,288.313,287.708,289.371,-66.29,NaN,NaN,NaN,-0.0493013784195284,447.330328084143,55.2834385523568,12.5942792,288.313,287.708,289.371,0.134974203245545+0i,0.000637692,20.8592950202433,494.67326580146,26.404416244904,20.9401468413826,-9.9e+37,303.187,260.533,233.293
20260514200159.5,4497.38999940455,9.7880722,0.44489452,2.0030117,2.7337932,-0.000409447,-0.000720234,0.004807411,1.2121394,0.28559782,0.000634425,-0.025770997,4.1303143,0.7004562,288.332,287.7,289.385,-66.42,NaN,NaN,NaN,-0.02579169343133,447.359112614286,42.1109412028841,14.009124,288.332,287.7,289.385,0.130794077529466+0i,0.000634425,20.8584456852561,493.574653658504,26.404416244904,20.9396745438848,1215.626,158.395,314.255,286.318
20260514200201.7,4499.55499470234,9.7885204,0.55224755,2.0026292,2.7336839,-0.000410427,-0.000720779,0.004878193,1.2121285,0.20373264,0.000620486,0.014009087,4.1306203,0.76205392,288.346,287.673,289.396,-66.34,NaN,NaN,NaN,-0.0499909789748756,447.287282725139,52.8402341274371,15.2410784,288.346,287.673,289.396,0.107193120537144+0i,0.000620486,20.8618430252047,483.000198965837,25.3517537018015,20.9412684134587,1409.219,469.352,295.747,410.937
20260514200203.8,4501.71099789441,9.7883455,0.50037919,2.0026838,2.7330827,-0.00041108,-0.000721759,0.004839208,1.2120629,0.28523553,0.000638781,-0.024110557,4.1302596,0.5838474,288.316,287.621,289.371,-66.33,NaN,NaN,NaN,-0.0465366495874946,446.892185475777,47.6563019370167,11.676948,288.316,287.621,289.371,0.144762523116344+0i,0.000638781,20.8578383829843,483.000198965837,24.4905409668572,20.9397630324251,-9.9e+37,-9.9e+37,172.79,113.091
20260514200206,4503.87900061905,9.7879411,0.60232083,2.0027931,2.7324598,-0.000409882,-0.000719799,0.004865452,1.2120302,0.27210584,0.000638998,0.01594819,4.1302269,0.68458865,288.327,287.597,289.374,-66.35,NaN,NaN,NaN,-0.0396216642021017,446.482827397555,57.8447588140078,13.691773,288.327,287.597,289.374,0.125072093929693+0i,0.000638998,20.8574753339113,484.236450443341,24.4495604939334,20.9408552876292,612.817,500.52,386.25,327.127
20260514200208.2,4506.03899694979,9.788105,0.62347758,2.0028587,2.7327986,-0.00040814,-0.000721214,0.004816776,1.212052,0.3472556,0.000630287,-0.033201369,4.1307952,0.61957971,288.346,287.559,289.347,-66.41,NaN,NaN,NaN,-0.0354714076487426,446.705480338479,59.9592493699011,12.3915942,288.346,287.559,289.347,0.168425379027041+0i,0.000630287,20.8637848381361,482.724920296755,22.4945801822546,20.9396449580507,-9.9e+37,-9.9e+37,281.33,138.3
20260514200210.3,4508.21099281311,9.7878099,0.47659584,2.0026401,2.7320663,-0.000409882,-0.000720343,0.004817974,1.2121067,0.2576405,0.000637147,0.020320674,4.1306422,0.77607407,288.354,287.545,289.306,-66.5,NaN,NaN,NaN,-0.0493013784195284,446.224226653004,45.2792984292706,15.5214814,288.354,287.545,289.306,0.107013302698383+0i,0.000637147,20.8620861681618,464.186153200972,22.521983538009,20.9414752453355,9.9e+37,599.976,403.622,411.282
20260514200212.5,4510.40199883282,9.7881269,0.48577636,2.0030445,2.731487,-0.000408576,-0.000721868,0.004847266,1.2120739,0.27685816,0.000633227,0.005403831,4.1305329,0.65286441,288.343,287.513,289.306,-66.48,NaN,NaN,NaN,-0.0237165651546434,445.843521668714,46.1968364650365,13.0572882,288.343,287.513,289.306,0.0747774423554643+0i,0.000633227,20.8608726738599,454.436283248869,21.6470691251875,20.9429214547007,-9.9e+37,337.964,317.192,288.914
20260514200214.7,4512.55499459803,9.7880832,0.59900131,2.002815,2.7311045,-0.000409774,-0.000718819,0.004859354,1.2120739,0.24590104,0.000632465,-0.011713239,4.1315384,0.6942973,288.348,287.524,289.257,-66.61,NaN,NaN,NaN,-0.0382361364807764,445.592149915751,57.5129926547395,13.885946,288.348,287.524,289.257,0.0740397474649943+0i,0.000632465,20.8720361552923,442.215161608441,21.6744724809419,20.9434822407388,1174.733,284.057,328.28,372.716
20260514200216.9,4514.72599469125,9.7888155,0.45126947,2.0029024,2.730405,-0.000411951,-0.000719037,0.004828972,1.2119864,0.23474213,0.000638672,-0.020714871,4.1313854,0.67929617,288.343,287.513,289.252,-66.86,NaN,NaN,NaN,-0.032706678816723,445.132451768831,42.7480793062928,13.5859234,288.343,287.513,289.252,0.0168845720349821+0i,0.000638672,20.870337485318,433.01334646114,21.3326778982569,20.9454601882322,510.665,-9.9e+37,165.961,251.886
20260514200219,4516.90199375153,9.7888045,0.56827663,2.002815,2.7298913,-0.000411734,-0.000717294,0.004812638,1.2119536,0.28967247,0.000637909,-0.011983954,4.130828,0.62246819,288.31,287.502,289.195,-66.64,NaN,NaN,NaN,-0.0382361364807764,444.79485786165,54.4422447519262,12.4493638,288.31,287.502,289.195,-0.0157542427782477+0i,0.000637909,20.8641489974508,431.914734318184,20.690193766518,20.9466702488485,-9.9e+37,192.759,225.803,163.786
20260514200221.2,4519.06599327922,9.7892198,0.51440697,2.0026401,2.7295744,-0.000411298,-0.000717512,0.004857612,1.2118771,0.24825591,0.000640632,0.017788088,4.1306859,0.73249688,288.357,287.494,289.032,-66.78,NaN,NaN,NaN,-0.0493013784195284,444.586597185797,49.0582946027215,14.6499376,288.357,287.494,289.032,-0.0195736718611291+0i,0.000640632,20.8625713438342,431.503067581236,20.526147314114,20.9468474948912,9.9e+37,565.311,391.994,423.448
20260514200223.4,4521.22999280691,9.7878537,0.54867378,2.002662,2.7292137,-0.000410209,-0.000721759,0.004860116,1.2118662,0.30527816,0.000638563,-0.029301605,4.1302815,0.61547669,288.319,287.499,289.07,-66.64,NaN,NaN,NaN,-0.0479158506982031,444.349551979801,52.4830572021563,12.3095338,288.319,287.499,289.07,-0.0507804866776154+0i,0.000638563,20.8580815259414,433.150985795683,20.594406582085,20.9478509925929,-9.9e+37,-9.9e+37,177.304,137.378
20260514200225.6,4523.42599779367,9.7877116,0.60670975,2.0026292,2.7288312,-0.000411734,-0.000722848,0.004810024,1.2118116,0.33582715,0.000639216,-0.017109121,4.131134,0.6522304,288.34,287.472,289.054,-66.67,NaN,NaN,NaN,-0.0499909789748756,444.098180226839,58.2834051037532,13.044608,288.34,287.472,289.054,-0.0417263337495457+0i,0.000639216,20.8675463373994,432.876958393278,21.6880495981118,20.9474378667634,127.259,238.416,280.583,165.474
20260514200227.7,4525.59400051832,9.7877553,0.59378195,2.0026401,2.7287437,-0.000410754,-0.000719037,0.004838555,1.2118881,0.33041902,0.000629525,0.015759365,4.1310466,0.70113931,288.335,287.464,289.037,-66.72,NaN,NaN,NaN,-0.0493013784195284,444.040676884658,56.9913488565282,14.0227862,288.335,287.464,289.037,-0.0148029809190919+0i,0.000629525,20.8665759860546,432.876958393278,20.5671277870379,20.9466113461424,727.4,538.486,389.018,312.662
20260514200229.9,4527.75399684906,9.7880613,0.58982188,2.0030226,2.7288093,-0.000410427,-0.00071969,0.004882984,1.2120083,0.34428854,0.000636167,-0.028000958,4.1310138,0.69479818,288.335,287.426,288.975,-66.74,NaN,NaN,NaN,-0.0251020928759687,444.083787961767,56.5955635579508,13.8959636,288.335,287.426,288.975,0.00928084616578205+0i,0.000636167,20.8662118267399,432.876958393278,21.6607708030651,20.9457848255213,1129.582,153.859,304.159,265.225
20260514200232.1,4529.92599271238,9.7881269,0.51463067,2.0029571,2.7290935,-0.000410971,-0.000719037,0.004815687,1.2118771,0.32968899,0.000638998,0.003974794,4.1312542,0.65636616,288.332,287.407,288.967,-66.85,NaN,NaN,NaN,-0.029246022818711,444.270558817171,49.0806520790519,13.1273232,288.332,287.407,288.967,-0.0262764507787701+0i,0.000638998,20.868880848059,432.327652321796,21.7291546317433,20.9470244719718,-9.9e+37,381.339,287.484,234.001
20260514200234.3,4532.12499506772,9.7872744,0.55770153,2.0027822,2.7287,-0.000410862,-0.000719581,0.004823201,1.2119536,0.39505912,0.00061613,-0.020487933,4.1309154,0.63987549,288.34,287.385,288.972,-66.76,NaN,NaN,NaN,-0.0403112647574631,444.01195807262,53.3853267906312,12.7975098,288.34,287.385,288.972,-0.00885110931367633+0i,0.00061613,20.8651193487956,432.052373652718,21.6880495981118,20.9464047832276,-9.9e+37,204.775,337.265,156.491
20260514200236.4,4534.28899459541,9.7873946,0.59844697,2.0028915,2.7291918,-0.000409882,-0.000720779,0.004872966,1.2119755,0.31106713,0.000638236,0.004617933,4.13144,0.80051979,288.34,287.38,288.991,-66.81,NaN,NaN,NaN,-0.0333962793720701,444.33515971473,57.457589689031,16.0103958,288.34,287.38,288.991,0.00904154121276121+0i,0.000638236,20.870943677348,433.288625130217,21.701751275989,20.9457848255213,9.9e+37,503.725,391.615,397.821
20260514200238.6,4536.48000061512,9.7878646,0.56316094,2.0027057,2.7286781,-0.000410536,-0.00071871,0.004830932,1.211899,0.26292642,0.000632791,0.018143743,4.1309591,0.70650381,288.329,287.38,289.013,-66.82,NaN,NaN,NaN,-0.0451511218661693,443.997565807549,53.930962149831,14.1300762,288.329,287.38,289.013,-0.00396884524667056+0i,0.000632791,20.865604524468,434.111958604104,22.4810030650851,20.9461686344788,-9.9e+37,443.302,292.895,361.829
20260514200240.8,4538.65599967539,9.7881269,0.55666486,2.0029243,2.7284596,-0.000409774,-0.000717185,0.004853909,1.2119536,0.33547032,0.000625822,-0.03172333,4.1313417,0.6018887,288.338,287.38,289.029,-66.91,NaN,NaN,NaN,-0.0313211510953977,443.85397174736,53.2817178277906,12.037774,288.338,287.38,289.029,-0.0873912930398719+0i,0.000625822,20.8698523096456,433.42626446476,22.5492623330556,20.9490021505031,-9.9e+37,-9.9e+37,219.315,149.507
20260514200243,4540.82799553871,9.7879411,0.73435853,2.0028368,2.7280879,-0.000411951,-0.000715987,0.004836812,1.2119755,0.33463771,0.000640305,-0.021342653,4.1309154,0.67436273,288.34,287.361,289.034,-66.88,NaN,NaN,NaN,-0.0368569353700678,443.609697549776,71.0411367866114,13.4872546,288.34,287.361,289.034,-0.0826051569088169+0i,0.000640305,20.8651193487956,431.778346250318,22.5629640109328,20.9485005361333,1150.596,237.245,267.574,232.786
20260514200245.1,4542.9919950664,9.7880285,0.59021254,2.0029352,2.7281098,-0.000409229,-0.000717294,0.004877104,1.2121067,0.35599306,0.000638781,0.000424366,4.1309482,0.56734145,288.335,287.358,289.075,-66.84,NaN,NaN,NaN,-0.0306315505400363,443.624089814847,56.6346076871562,11.346829,288.335,287.358,289.075,-0.00938607017053062+0i,0.000638781,20.8654835081104,432.464040389657,22.5492623330556,20.9463751973935,112.683,311.301,259.561,218.904
20260514200247.3,4545.17600052059,9.7884657,0.44072384,2.0027385,2.7280552,-0.000409882,-0.000718165,0.004762764,1.2120957,0.37044643,0.000617764,0.006434964,4.1309263,0.69571808,288.34,287.347,289.062,-66.85,NaN,NaN,NaN,-0.0430759935894969,443.588207729326,41.6941066951429,13.9143616,288.34,287.347,289.062,-0.0168184808420062+0i,0.000617764,20.8652403651533,432.876958393278,22.603944483857,20.9466998346827,409.539,484.607,382.096,259.119
20260514200249.5,4547.37099967897,9.7877006,0.50696696,2.0026292,2.7275415,-0.000409011,-0.000719799,0.004860769,1.2119646,0.39059381,0.000637692,-0.006424512,4.1311122,0.6355193,288.332,287.344,289.073,-66.87,NaN,NaN,NaN,-0.0499909789748756,443.250613822145,48.3147101258641,12.710386,288.332,287.344,289.073,0.00302803310358669+0i,0.000637692,20.8673043046841,433.700291867165,21.7427317489128,20.9459618026019,-9.9e+37,327.351,371.003,218.365
20260514200251.7,4549.59400109947,9.7880176,0.61822659,2.0027057,2.7279568,-0.00041206,-0.000719581,0.004846069,1.2120411,0.41855766,0.000637909,-0.02257437,4.1315712,0.63727727,288.354,287.361,289.037,-67,NaN,NaN,NaN,-0.0451511218661693,443.523541113662,59.4344443424706,12.7455454,288.354,287.361,289.037,0.0235657384018334+0i,0.000637909,20.872400314607,432.464040389657,21.701751275989,20.9453421138577,-9.9e+37,233.135,360.055,170.903
20260514200253.9,4551.77700072527,9.7886734,0.67825077,2.0028696,2.7279021,-0.000411189,-0.00071577,0.00478879,1.2120848,0.38230699,0.000641503,-0.022125612,4.1302378,0.73748163,288.335,287.323,289.097,-66.93,NaN,NaN,NaN,-0.0347818070933954,443.487593310036,65.4335019356852,14.7496326,288.335,287.323,289.097,0.000706805253773376+0i,0.000641503,20.857596350269,432.190012987261,21.7291546317433,20.9460798769763,9.9e+37,285.318,333.865,264.281
20260514200256.1,4553.94899658859,9.7887827,0.50560183,2.0027931,2.7286344,-0.0004101,-0.000721214,0.004838664,1.212052,0.29530324,0.000622446,0.025369291,4.1308498,0.76247187,288.359,287.328,289.132,-66.88,NaN,NaN,NaN,-0.0396216642021017,443.968846995511,48.1782735515998,15.2494374,288.359,287.328,289.132,0.0402475673757254+0i,0.000622446,20.8643910301661,435.348210081603,21.7154529538666,20.944604081777,1052.334,602.591,358.311,383.184
20260514200258.3,4556.13699518144,9.7886297,0.64057279,2.0026401,2.7284486,-0.000410862,-0.000719037,0.004823745,1.2120411,0.30132027,0.000637583,-0.021190962,4.130828,0.68408996,288.34,287.282,289.127,-67.05,NaN,NaN,NaN,-0.0493013784195284,443.846742755772,61.6678133079357,13.6817992,288.34,287.282,289.127,-0.0105024284173417+0i,0.000637583,20.8641489974508,443.450161819263,21.6607708030651,20.9461979513508,910.962,131.92,265.753,298.533
20260514200300.5,4558.31999480724,9.7884985,0.5044735,2.002662,2.7287328,-0.000411843,-0.000716968,0.004854345,1.2121613,0.28894789,0.000634425,0.009715115,4.1303034,0.62093283,288.332,287.279,289.13,-66.91,NaN,NaN,NaN,-0.0479158506982031,444.033513611175,48.0655037202726,12.4186566,288.332,287.279,289.13,-0.00232314728390134+0i,0.000634425,20.8583246688985,434.387237273182,21.701751275989,20.9461390486446,-9.9e+37,356.952,259.918,249.314
20260514200302.6,4560.50400026143,9.7877553,0.46021646,2.002651,2.7294541,-0.000412605,-0.000717512,0.004838555,1.2120739,0.33530227,0.000636929,-0.002563076,4.1306313,0.61287084,288.343,287.274,289.132,-66.98,NaN,NaN,NaN,-0.0486117778641528,444.507538305062,43.6422774160532,12.2574168,288.343,287.274,289.132,-0.00654063248683212+0i,0.000636929,20.8619651518042,433.700291867165,21.6744724809419,20.9463160257252,-9.9e+37,325.588,365.411,252.3
20260514200304.8,4562.68299669027,9.7877225,0.40703755,2.002662,2.7293667,-0.000413367,-0.000720017,0.004837357,1.2120411,0.28048649,0.00063584,0.002040483,4.1303252,0.762629,288.359,287.271,289.143,-67.07,NaN,NaN,NaN,-0.0479158506982031,444.450100680986,38.3273635957498,15.25258,288.359,287.271,289.143,0.00881037582075287+0i,0.00063584,20.8585667016137,433.837931201699,20.5808294649155,20.9457552396872,1612.417,426.219,398.173,406.6
20260514200307,4564.87099528313,9.788105,0.59040242,2.0028368,2.7304597,-0.000410318,-0.000719908,0.00487057,1.2121176,0.25918459,0.000639107,0.011435556,4.1307624,0.64786547,288.332,287.263,289.111,-67.01,NaN,NaN,NaN,-0.0368569353700678,445.168399572457,56.6535850568728,12.9573094,288.332,287.263,289.111,-0.0152041127851436+0i,0.000639107,20.8634206788213,433.562652532622,20.5671277870379,20.9466113461424,-9.9e+37,371.067,290.491,315.829
20260514200309.2,4567.05500073731,9.7878318,0.51627842,2.0026729,2.7299569,-0.000412931,-0.00071969,0.004876342,1.2120957,0.34091773,0.000637147,-0.033348269,4.1302596,0.59052245,288.329,287.265,289.048,-66.97,NaN,NaN,NaN,-0.047226250142856,444.83796893876,49.2453348310565,11.810449,288.329,287.265,289.048,-0.00755347353748267+0i,0.000637147,20.8578383829843,432.327652321796,20.5534261091611,20.9464047832276,-9.9e+37,-9.9e+37,260.79,127.208
20260514200311.4,4569.23399716616,9.7881269,0.58639978,2.0030226,2.730875,-0.000412278,-0.000720779,0.004866977,1.2120629,0.26310211,0.000624842,0.008398678,4.130511,0.78638073,288.34,287.257,288.953,-66.9,NaN,NaN,NaN,-0.0251020928759687,445.441326863974,56.2535451415436,15.7276146,288.34,287.257,288.953,-0.000738904784040906+0i,0.000624842,20.8606295309028,433.42626446476,20.594406582085,20.9461390486446,9.9e+37,519.256,377.475,405.408
20260514200313.6,4571.42599895597,9.7878974,0.58076686,2.0027494,2.7305799,-0.00041108,-0.000720997,0.004905634,1.2120957,0.2213222,0.000635078,0.0149996,4.1302269,0.72776859,288.343,287.257,288.926,-66.96,NaN,NaN,NaN,-0.0423863930341355,445.247392735087,55.6905684961655,14.5553718,288.343,287.257,288.926,0.00816098726414862+0i,0.000635078,20.8574753339113,444.274746559823,21.7291546317433,20.9455782626066,505.079,419.626,286.388,383.435
20260514200315.7,4573.58999848366,9.7877771,0.50146496,2.0026947,2.7305689,-0.000412931,-0.000718383,0.004875797,1.2120083,0.19794365,0.000634643,-0.005988057,4.1302924,0.69198609,288.343,287.268,288.909,-66.97,NaN,NaN,NaN,-0.045847049032119,445.240163743499,47.7648181510322,13.8397218,288.343,287.268,288.909,0.0463655157911767+0i,0.000634643,20.858202542299,454.298643914326,21.6744724809419,20.9439841240707,770.303,229.902,268.698,363.766
20260514200317.9,4575.76899491251,9.788116,0.52029305,2.0029243,2.731028,-0.000414456,-0.000719472,0.004845415,1.212052,0.20784003,0.000615586,0.010300864,4.1307078,0.6293233,288.365,287.293,288.89,-67.01,NaN,NaN,NaN,-0.0313211510953977,445.541875565159,49.6465730751349,12.586466,288.365,287.293,288.89,0.0408105575357431+0i,0.000615586,20.8628144867913,443.999467890746,21.6607708030651,20.9444268357343,-9.9e+37,328.868,254.824,296.894
20260514200320.1,4577.9720004648,9.7880832,0.38192943,2.0030554,2.7307329,-0.000411843,-0.000721214,0.00487253,1.2120192,0.24863348,0.000631376,0.004250846,4.130358,0.65928847,288.34,287.295,288.88,-66.98,NaN,NaN,NaN,-0.0230269645992962,445.347941436272,35.8179572542164,13.1857694,288.34,287.295,288.88,0.0314989811312693+0i,0.000631376,20.8589308609285,438.50640717594,22.7816926141381,20.9446336676111,-9.9e+37,344.068,353.471,317.776
20260514200322.3,4580.17600178719,9.787952,0.54792738,2.002815,2.7305799,-0.000412278,-0.000720561,0.004844326,1.2120192,0.24225306,0.000629089,0.004285802,4.130205,0.68055763,288.351,287.298,288.896,-66.89,NaN,NaN,NaN,-0.0382361364807764,445.247392735087,52.4084589887767,13.6111526,288.351,287.298,288.896,0.0328745508698817+0i,0.000629089,20.8572321909542,431.914734318184,23.3968979508304,20.9449287190661,121.648,383.301,365.378,353.456
20260514200324.5,4582.36299455166,9.788116,0.62506532,2.0030117,2.730864,-0.000413258,-0.00071969,0.004847811,1.2120192,0.26528348,0.000633445,-0.032368318,4.1311887,0.65869593,288.348,287.301,288.939,-66.96,NaN,NaN,NaN,-0.02579169343133,445.434097872386,60.1179344815187,13.1739186,288.348,287.301,288.939,0.00370151289331067+0i,0.000633445,20.8681536396713,433.150985795683,24.3401961923305,20.9458733140616,210.123,-9.9e+37,245.993,238.682
20260514200326.7,4584.53500047326,9.7884766,0.79237593,2.0026401,2.7306236,-0.000411516,-0.000718492,0.004857938,1.2119536,0.19244386,0.000613952,0.007167068,4.1310138,0.76292582,288.357,287.303,288.999,-67.03,NaN,NaN,NaN,-0.0493013784195284,445.276111547125,76.8396287278352,15.2585164,288.357,287.303,288.999,0.0511477910565225+0i,0.000613952,20.8662118267399,433.150985795683,24.5042426447344,20.9445449101087,1312.005,413.326,296.208,382.474
20260514200328.8,4586.70299313962,9.7892526,0.57816209,2.0026947,2.7305034,-0.000411843,-0.000720017,0.004850207,1.212052,0.25124806,0.000631267,-0.026355111,4.1309701,0.62187784,288.329,287.314,289.037,-67.01,NaN,NaN,NaN,-0.045847049032119,445.197118384495,55.4302373221773,12.4375568,288.329,287.314,289.037,0.0242571012509238+0i,0.000631267,20.8657266510675,444.274746559823,23.3559174779066,20.9449878907344,-9.9e+37,-9.9e+37,124.34,172.734
20260514200331,4588.87499906123,9.7886952,0.48525912,2.0028587,2.7299678,-0.000412823,-0.000719472,0.004849009,1.2119646,0.26906458,0.000633989,0.010348451,4.1309263,0.64318955,288.335,287.301,289.111,-67,NaN,NaN,NaN,-0.0354714076487426,444.845132212243,46.1451414223135,12.863791,288.335,287.301,289.111,0.0455829001951748+0i,0.000633989,20.8652403651533,454.298643914326,22.521983538009,20.9439545382365,-9.9e+37,429.942,314.216,268.317
20260514200333.2,4591.03499539196,9.7885859,0.49120631,2.0026292,2.7302301,-0.000413694,-0.000717839,0.004857612,1.2120957,0.35115128,0.000635187,-0.016895468,4.1314072,0.62998568,288.343,287.309,289.132,-67.08,NaN,NaN,NaN,-0.0499909789748756,445.017510802575,46.7395274735314,12.5997136,288.343,287.309,289.132,0.0506355472241436+0i,0.000635187,20.8705795180333,444.686413296762,22.521983538009,20.9439841240707,-9.9e+37,231.986,338.2,166.054
20260514200335.4,4593.23800094426,9.7888264,0.50377184,2.0030226,2.7302411,-0.000412169,-0.000719799,0.004866868,1.2121176,0.38234519,0.000638998,-0.027306314,4.1312433,0.66351808,288.335,287.323,289.149,-67.09,NaN,NaN,NaN,-0.0251020928759687,445.024739794163,47.9953770021591,13.2703616,288.335,287.323,289.149,-0.00446318707967764+0i,0.000638998,20.8687598317013,445.098080033701,21.6880495981118,20.945991388436,559.707,195.098,327.656,191.862
20260514200337.6,4595.42599953711,9.7885969,0.55027352,2.0027494,2.7299569,-0.000414238,-0.000715007,0.004807629,1.2120629,0.35384989,0.000639107,-0.018968621,4.1309373,0.7340006,288.338,287.298,289.132,-67.13,NaN,NaN,NaN,-0.0423863930341355,444.83796893876,52.6429416419632,14.680012,288.338,287.298,289.132,-0.00574221008484558+0i,0.000639107,20.8653624917527,444.412385894362,20.594406582085,20.9460798769763,1573.311,303.973,288.552,266.385
20260514200339.7,4597.59400226176,9.7888264,0.5054447,2.0029789,2.7303066,-0.000412605,-0.000719254,0.004836595,1.212052,0.27447164,0.000631594,0.026702935,4.1313198,0.77037347,288.338,287.274,289.17,-67.03,NaN,NaN,NaN,-0.0278668217080025,445.067785153167,48.1625693484,15.4074694,288.338,287.274,289.17,0.0403058686907685+0i,0.000631594,20.8696091666885,444.13710722528,20.594406582085,20.9444564215684,1409.222,605.08,342.545,394.673
20260514200341.9,4599.78099502623,9.7883892,0.52639631,2.0026182,2.7294213,-0.000412278,-0.000723066,0.00486469,1.2120739,0.33874618,0.00063682,-0.015138331,4.131134,0.59954256,288.34,287.26,289.146,-67.13,NaN,NaN,NaN,-0.0506869061408253,444.485982766507,50.2565573888958,11.9908512,288.34,287.26,289.146,0.00957872847773702+0i,0.00063682,20.8675463373994,444.548773962228,20.5808294649155,20.9455486767724,-9.9e+37,154.008,270.287,160.134
20260514200344.1,4601.9369982183,9.789351,0.48651512,2.0029571,2.7293667,-0.000411951,-0.000720017,0.004892349,1.212052,0.29161158,0.000638127,-0.009502987,4.1309591,0.75475689,288.354,287.227,289.127,-67.16,NaN,NaN,NaN,-0.029246022818711,444.450100680986,46.2706711061356,15.0951378,288.354,287.227,289.127,-0.00200287719531863+0i,0.000638127,20.865604524468,433.01334646114,20.5397244312835,20.9461979513508,9.9e+37,355.759,357.39,373.951
20260514200346.2,4604.09399718046,9.7890778,0.49588442,2.0026401,2.7293995,-0.00041402,-0.000720561,0.004892785,1.2121067,0.22142368,0.000614606,0.004247688,4.1310903,0.74187928,288.354,287.225,289.105,-67.1,NaN,NaN,NaN,-0.0493013784195284,444.471656219541,47.2070765732008,14.8375856,288.354,287.225,289.105,0.0177850073272242+0i,0.000614606,20.867061161727,431.914734318184,21.1139492950515,20.9454895051042,1182.323,351.032,241.393,389.185
20260514200348.5,4606.33199550211,9.7892964,0.45431946,2.002662,2.7296181,-0.000413367,-0.000719581,0.004858265,1.2121176,0.18326553,0.000641176,0.006786369,4.13144,0.70662493,288.335,287.206,289.116,-67.04,NaN,NaN,NaN,-0.0479158506982031,444.615315997835,43.0529075549874,14.1324986,288.335,287.206,289.116,0.00641790492142733+0i,0.000641176,20.870943677348,433.01334646114,21.701751275989,20.9458437282275,995.845,313.573,221.774,394.835
20260514200350.6,4608.50400142372,9.7892964,0.56259787,2.0027275,2.7299569,-0.000414783,-0.000722303,0.004798372,1.2120739,0.24967451,0.000640087,-0.002674149,4.1302378,0.56568605,288.338,287.203,289.168,-67.02,NaN,NaN,NaN,-0.0437719207554323,444.83796893876,53.8746866728647,11.313721,288.338,287.203,289.168,0.00429620964870067+0i,0.000640087,20.857596350269,432.052373652718,21.6744724809419,20.9459618026019,-9.9e+37,170.476,201.282,161.354
20260514200352.8,4610.69499738514,9.7884657,0.50321639,2.0026182,2.730099,-0.000416525,-0.000722195,0.004836812,1.2121941,0.3231896,0.000633663,-0.008249925,4.1305657,0.60401987,288.338,287.206,289.189,-67.1,NaN,NaN,NaN,-0.0506869061408253,444.931354366461,47.9398630985931,12.0803974,288.338,287.206,289.189,0.00237451134065373+0i,0.000633663,20.8612368331747,432.052373652718,22.5492623330556,20.945991388436,-9.9e+37,291.639,354.409,200.008
20260514200355,4612.88699917495,9.7878864,0.59332691,2.002651,2.7308531,-0.000416198,-0.000718819,0.004854998,1.2121067,0.322393,0.000626475,0.008404232,4.1307078,0.70165437,288.354,287.214,289.192,-66.98,NaN,NaN,NaN,-0.0486117778641528,445.426934598903,56.9458703315868,14.0330874,288.354,287.214,289.192,0.00933685028412553+0i,0.000626475,20.8628144867913,432.876958393278,22.4945801822546,20.9457552396872,268.531,463.607,422.032,306.855
20260514200357.2,4615.08199833333,9.7880832,0.61224665,2.0030663,2.7307438,-0.00041402,-0.000719581,0.004816667,1.2121176,0.371482,0.000637256,-0.024126674,4.1303799,0.61317856,288.329,287.211,289.173,-66.97,NaN,NaN,NaN,-0.0223373640439348,445.355104709755,58.8367851247359,12.2635712,288.329,287.211,289.173,-0.00711594887353544+0i,0.000637256,20.8591740038856,432.876958393278,22.5766656888104,20.9462867088532,-9.9e+37,151.167,323.481,138.684
20260514200359.4,4617.25799739361,9.7877006,0.45004075,2.0026292,2.7314433,-0.000414565,-0.000716968,0.004820587,1.2121504,0.34600176,0.000641939,-0.02525407,4.1305985,0.74170577,288.346,287.2,289.176,-66.99,NaN,NaN,NaN,-0.0499909789748756,445.814802856676,42.6252760952213,14.8341154,288.346,287.2,289.176,-0.0158172914533586+0i,0.000641939,20.8616009924894,433.562652532622,22.5903673666876,20.9466409319765,1357.18,234.033,329.63,259.684
20260514200401.5,4619.41400058568,9.7879083,0.55102756,2.002651,2.7321319,-0.000415654,-0.000720997,0.004796848,1.2120739,0.35859458,0.000636276,-0.015688037,4.1307187,0.67215626,288.338,287.198,289.181,-67,NaN,NaN,NaN,-0.0486117778641528,446.267337730113,52.7183034276234,13.4431252,288.338,287.198,289.181,-0.00401896437489488+0i,0.000636276,20.862935503149,432.6016797242,21.7838367825448,20.9462275371849,-9.9e+37,168.712,260.759,143.472
20260514200403.8,4621.62899561226,9.7881269,0.50039338,2.0030554,2.7320444,-0.000413476,-0.00071871,0.004868065,1.2121941,0.34575406,0.000637038,-0.014721043,4.1303799,0.73738342,288.351,287.208,289.195,-67.07,NaN,NaN,NaN,-0.0230269645992962,446.209834387932,47.6577201426006,14.7476684,288.351,287.208,289.195,0.00543654446391114+0i,0.000637038,20.8591740038856,443.725440488341,21.6880495981118,20.9456667511469,9.9e+37,303.101,313.24,276.102
20260514200406,4623.82000163198,9.7877225,0.62063711,2.0026292,2.7326018,-0.000414565,-0.000719254,0.004865888,1.2121285,0.2547913,0.000635949,0.024747061,4.1305001,0.76601729,288.348,287.2,289.192,-67.32,NaN,NaN,NaN,-0.0499909789748756,446.576147107151,59.6753613913932,15.3203458,288.348,287.2,289.192,0.0034290840969631+0i,0.000635949,20.8605085145451,444.961691965844,21.6880495981118,20.945725653853,9.9e+37,581.131,321.753,427.348
20260514200408.1,4625.99999383092,9.7877444,0.67316237,2.0026182,2.7326018,-0.000414238,-0.000718165,0.004874708,1.2120739,0.24154595,0.000634969,-0.009381895,4.1312324,0.70311227,288.351,287.184,289.176,-67.3,NaN,NaN,NaN,-0.0506869061408253,446.576147107151,64.9249468057807,14.0622454,288.351,287.184,289.176,0.000396057541659138+0i,0.000634969,20.8686388153437,444.412385894362,20.5671277870379,20.9458733140616,1012.581,209.08,216.226,349.441
20260514200410.3,4628.1949929893,9.7878427,0.64664329,2.0026838,2.7330499,-0.000414674,-0.000721759,0.004783672,1.2119755,0.28542213,0.000618853,-0.008256568,4.1302706,0.60741141,288.34,287.178,289.179,-67.12,NaN,NaN,NaN,-0.0465366495874946,446.870629937222,62.2745234557397,12.1482282,288.34,287.178,289.179,0.0181751494031472+0i,0.000618853,20.8579605095837,443.176134416863,20.594406582085,20.9453421138577,-9.9e+37,172.524,183.475,141.245
20260514200412.5,4630.39399534464,9.7878427,0.62151882,2.0027057,2.7324816,-0.000414456,-0.00071675,0.004827774,1.2120302,0.30010792,0.000638345,0.013282643,4.1302487,0.66584022,288.346,287.173,289.132,-67.06,NaN,NaN,NaN,-0.0451511218661693,446.497153944521,59.7634830295482,13.3168044,288.346,287.173,289.132,-0.0230078993363481+0i,0.000638345,20.8577173666266,442.489189010842,19.41880262021,20.9466998346827,502.02,476.079,392.003,311.897
20260514200414.7,4632.57800079882,9.7878755,0.48709456,2.0027494,2.7324488,-0.000414892,-0.000719581,0.004822112,1.2121832,0.26167041,0.000634969,0.007612887,4.1302487,0.75213357,288.354,287.162,289.157,-67.15,NaN,NaN,NaN,-0.0423863930341355,446.475598405966,46.3285826666402,15.0426714,288.354,287.162,289.157,0.0106056081198395+0i,0.000634969,20.8577173666266,444.961691965844,19.705915052094,20.9455190909383,1266.176,421.584,382.427,399.42
20260514200416.9,4634.74999666214,9.7875804,0.64657891,2.0029461,2.7324925,-0.000415327,-0.000718928,0.004870788,1.212052,0.28814038,0.000635078,-0.030419744,4.1302378,0.63085866,288.348,287.165,289.217,-67.06,NaN,NaN,NaN,-0.0299419499846891,446.504317218004,62.2680890600036,12.6171732,288.348,287.165,289.217,-0.0144690228209473+0i,0.000635078,20.857596350269,434.524876607716,20.3621008617101,20.9465521744741,-9.9e+37,-9.9e+37,177.503,164.092
20260514200419,4636.91399618983,9.7881378,0.45433801,2.0029352,2.7324707,-0.000415545,-0.000713592,0.004891151,1.2121285,0.25512849,0.000637909,0.019102023,4.1306531,0.70165437,288.348,287.184,289.244,-67.1,NaN,NaN,NaN,-0.0306315505400363,446.489990671038,43.0547615164802,14.0330874,288.348,287.184,289.244,-0.00593421253846776+0i,0.000637909,20.8622071845194,432.6016797242,21.7291546317433,20.9463160257252,311.159,514.863,342.267,330.72
20260514200421.2,4639.08599205315,9.7879957,0.60906572,2.0026947,2.732263,-0.000414783,-0.00071577,0.004875906,1.2121067,0.28606159,0.000635405,-0.024122644,4.1315165,0.67980359,288.354,287.176,289.219,-67.15,NaN,NaN,NaN,-0.045847049032119,446.353494166226,58.5188702066148,13.5960718,288.354,287.176,289.219,-0.00231151170595587+0i,0.000635405,20.8717930123352,433.01334646114,20.594406582085,20.9461979513508,1063.555,106.609,280.598,282.188
20260514200423.4,4641.31599403918,9.7887171,0.47586035,2.0027275,2.7317165,-0.000414565,-0.000713592,0.004872748,1.2121176,0.2808597,0.000641285,-0.01886125,4.1315821,0.69316897,288.329,287.192,289.219,-67.12,NaN,NaN,NaN,-0.0437719207554323,445.994344720491,45.2057906051032,13.8633794,288.329,287.192,289.219,0.00194378698341156+0i,0.000641285,20.8725213309647,433.150985795683,20.5534261091611,20.9460505601043,1014.42,198.727,203.048,251.923
20260514200426,4643.90600211918,9.7881378,0.59028347,2.0029024,2.7310717,-0.000414347,-0.000715661,0.004860661,1.2120848,0.24111272,0.000636276,0.02567605,4.1314619,0.7549293,288.346,287.187,289.23,-67.18,NaN,NaN,NaN,-0.032706678816723,445.570594377197,56.6416967161956,15.098586,288.346,287.187,289.23,-0.00759851290033975+0i,0.000636276,20.8711868203051,443.038495082324,20.4167830125111,20.9461686344788,1056.662,538.254,310.882,374.883
20260514200428.3,4646.15199677646,9.788575,0.44027861,2.0026401,2.7308859,-0.00041402,-0.000716205,0.004810895,1.2121067,0.26343494,0.000638998,-0.019235523,4.1309263,0.66484829,288.362,287.173,289.265,-67.23,NaN,NaN,NaN,-0.0493013784195284,445.448490137457,41.6496086209964,13.2969658,288.362,287.173,289.265,-0.053288427114058+0i,0.000638998,20.8652403651533,443.313773751401,21.6060886522637,20.9479101642611,1038.568,97.216,245.314,291.354
20260514200430.5,4648.35500232875,9.7883892,0.57288817,2.0026292,2.7300662,-0.00041304,-0.000715007,0.004873619,1.2121067,0.29584449,0.000632247,-0.011568517,4.1311668,0.61765587,288.348,287.181,289.255,-67.24,NaN,NaN,NaN,-0.0499909789748756,444.909798827907,54.903140578465,12.3531174,288.348,287.181,289.255,0.00980065773850485+0i,0.000632247,20.8679104967142,443.038495082324,21.701751275989,20.9455486767724,-9.9e+37,156.514,196.351,157.024
20260514200432.7,4650.5349945277,9.7888045,0.60670211,2.0028478,2.7298476,-0.000414238,-0.000715552,0.00482527,1.2120192,0.34378657,0.000639434,-0.022157627,4.1315165,0.66205911,288.34,287.154,289.244,-67.23,NaN,NaN,NaN,-0.036161008204104,444.766139049612,58.2826415314726,13.2411822,288.34,287.154,289.244,0.017769867081715+0i,0.000639434,20.8717930123352,444.274746559823,20.6081082599621,20.9453125280236,1172.965,197.401,289.46,212.807
20260514200434.8,4652.71499678493,9.7888045,0.62297343,2.0026292,2.7295853,-0.000415545,-0.000715116,0.004838882,1.212052,0.28682654,0.000634425,0.026106296,4.1313526,0.76098779,288.343,287.154,289.225,-67.27,NaN,NaN,NaN,-0.0499909789748756,444.59376045928,59.9088625943447,15.2197558,288.343,287.154,289.225,0.00397865648657517+0i,0.000634425,20.8699733260032,444.548773962228,20.5808294649155,20.9457552396872,1320.151,596.272,367.404,366.622
20260514200437,4654.89399321377,9.7888264,0.58089235,2.0030226,2.7290279,-0.000413803,-0.000714572,0.004868174,1.2121176,0.32201434,0.000636276,0.001395822,4.1313089,0.62620565,288.338,287.165,289.244,-67.22,NaN,NaN,NaN,-0.0251020928759687,444.227447740062,55.703110470706,12.524113,288.338,287.165,289.244,0.0349988419693542+0i,0.000636276,20.8694881503308,444.548773962228,20.6627904107636,20.9447221561514,-9.9e+37,312.091,328.254,226.534
20260514200439.2,4657.10100196302,9.7884657,0.46235093,2.0026073,2.7288749,-0.000415327,-0.000711632,0.004834743,1.2121613,0.33810672,0.000620922,-0.030703525,4.1312433,0.66022365,288.343,287.173,289.257,-67.23,NaN,NaN,NaN,-0.0513765066961724,444.126899038877,43.8556049194191,13.204473,288.343,287.173,289.257,-0.00694576473244394+0i,0.000620922,20.8687598317013,444.548773962228,20.6355116157165,20.9461390486446,795.447,-9.9e+37,292.601,219.106
20260514200441.4,4659.28099416196,9.7885313,0.45357633,2.0027057,2.7287219,-0.000416198,-0.000716096,0.004826903,1.2120411,0.3101505,0.000637474,0.011141756,4.1309482,0.6829278,288.34,287.138,289.268,-67.26,NaN,NaN,NaN,-0.0451511218661693,444.026350337692,42.9786361585394,13.658556,288.34,287.138,289.268,-0.00286470546429847+0i,0.000637474,20.8654835081104,443.999467890746,21.7291546317433,20.9459618026019,-9.9e+37,469.182,336.597,270.997
20260514200443.6,4661.46099641919,9.7884111,0.6962015,2.0026401,2.7281426,-0.000412714,-0.000713592,0.004819607,1.2121067,0.30893705,0.000636167,0.01181473,4.1310794,0.67834025,288.359,287.151,289.268,-67.25,NaN,NaN,NaN,-0.0493013784195284,443.645645353402,67.2275699781016,13.566805,288.359,287.151,289.268,-0.00240822699888323+0i,0.000636167,20.8669401453694,444.274746559823,21.3873600490583,20.9459324857299,318.553,445.236,394.665,342.479
20260514200445.8,4663.64399604499,9.7886624,0.47315738,2.0026838,2.7284814,-0.000415,-0.000719037,0.004718008,1.2120302,0.29864895,0.00063094,0.004967378,4.1315493,0.67083477,288.348,287.132,289.279,-67.21,NaN,NaN,NaN,-0.0465366495874946,443.868298294326,44.9356449287653,13.4166954,288.348,287.132,289.279,-0.0319205989447207+0i,0.00063094,20.8721571716499,442.900855747781,20.8131351852903,20.9470836436401,-9.9e+37,375.118,372.781,323.273
