General information;;time (s);O2;CO2;CO;Pdiff;Light;Mass;Methane;AmbP;AmbH;HFM;TC stack;TC smoke;TC amb.;TC cone;T PK;Soot;TC cone1;TC cone2;TC cone3;TC aux;CH4;CO;CO2;Ethene;H2O;n.u.;n.u.;UOX Bin;n.u.;UOX Hum.;UOX Temp;n.u.;TEext1;TEext2;TEext3;TEext4;TEext5;TEext6;TEext7;TEext8;TEext9;TEext10;TEext11;TEext12;TEext13;TEext14;TEext15;n.u.;n.u.;n.u.;n.u.;n.u.;n.u.;n.u.;n.u.;n.u.;n.u.;n.u.;n.u.;n.u.;n.u.;n.u.;n.u.;n.u.;HRR/a;EHC;SEA;MLR;MLR/a;COY;CO2Y/sh;THR/a;MFR;K;Vstack;Vsmoke;SPR;RSR;TSP;TSR;COP;CO2P;O2C;TOC;ARHE;Mass;HRR;O2/sh;CO2/sh;CO/sh;phi;FU27;FU28;FU29;FU30;FU31;
;;;%;%;%;Pa;-;g;g/s;Pa;%;kW/m²;°C;°C;°C;°C;°C;g/min;°C;°C;°C;°C;ppm;ppm;%;ppm;ppm;no;no;;no;%;°C;no;°C;°C;°C;°C;°C;°C;°C;°C;°C;°C;°C;°C;°C;°C;°C;no;no;no;no;no;no;no;no;no;no;no;no;no;no;no;no;no;kW/m²;MJ/kg;m²/kg;g/s;g/(s*m²);[kg/kg];[kg/kg];MJ/m²;g/s;1/m;l/s;l/s;m²/s;(m²/s)/m²;m²;m²;g/s;g/s;g/s;g;kW/m²;g;kW;[%];[%];%;;;;;;;
Test;;0;20,93300;0,05800;-0,003000;113,325;99,96;0,0000;0,000;101,068;32,200;0,000;324,250;325,650;28,70;846,683;263,190;0,000;573,800;587,400;559,400;313,650;;;;;0,00;0,00;0,00;3,00;4,98;14,948;28,396;0,58;0,57;999998,00;999998,00;999998,00;999998,00;999998,00;999998,00;999998,00;999998,00;999998,00;999998,00;999998,00;999998,00;999998,00;999998,00;999998,00;;;;;;;;;;;;;;;;;0,0000;;;0,00000000;0,00000000;0,00283;Infinity;0,0000;25,834753;0,000241;23,718355;23,820763;0,0001;0,0050;0,00;0,01;0,00;0,00;0,13;;;;0,0000000;20,94300;0,04900;0,02100;-0,0000271;;71,69;0,00;;;
Standard used;ISO 5660-1;1;20,93300;0,05800;0,014000;116,925;99,97;0,0000;0,000;101,076;32,200;0,000;324,250;325,650;28,70;846,717;263,190;0,000;573,900;587,400;559,400;313,650;;;;;0,00;0,00;0,00;3,00;4,98;14,939;28,414;0,58;0,57;999998,00;999998,00;999998,00;999998,00;999998,00;999998,00;999998,00;999998,00;999998,00;999998,00;999998,00;999998,00;999998,00;999998,00;999998,00;;;;;;;;;;;;;;;;;0,0000;;;0,00166829;0,00166829;0,00287;0,61746;0,0000;26,241892;0,000137;24,092141;24,196163;0,0000;0,0029;0,00;0,01;0,00;0,00;0,11;;0,000;0,000;0,0000000;20,94400;0,04800;0,02100;-0,0000748;;71,69;1,00;;;
Date of test;02.07.2026;2;20,93900;0,05600;-0,011000;117,100;99,98;0,0000;0,000;101,068;32,200;0,000;324,250;325,650;28,70;846,083;263,196;0,000;571,900;587,500;559,400;313,750;;;;;0,00;0,00;0,00;3,00;4,99;14,960;28,404;0,58;0,57;999998,00;999998,00;999998,00;999998,00;999998,00;999998,00;999998,00;999998,00;999998,00;999998,00;999998,00;999998,00;999998,00;999998,00;999998,00;;;;;;;;;;;;;;;;;0,0000;;;-0,00835164;-0,00835164;0,00079;-0,07534;0,0000;26,261523;0,000032;24,110164;24,214263;0,0000;0,0007;0,00;0,01;0,00;0,00;0,05;;0,000;0,000;0,0000000;20,94600;0,04700;0,01200;-0,0000691;;71,69;2,00;;;
Time of test;14:06;3;20,93500;0,05700;0,023000;116,600;99,97;0,0200;0,000;101,076;32,200;0,000;324,250;325,550;28,70;845,483;263,190;0,000;570,200;587,400;559,400;313,750;;;;;0,00;0,00;0,00;3,00;4,99;14,948;28,401;0,58;0,57;999998,00;999998,00;999998,00;999998,00;999998,00;999998,00;999998,00;999998,00;999998,00;999998,00;999998,00;999998,00;999998,00;999998,00;999998,00;;;;;;;;;;;;;;;;;0,0000;;;-0,03496297;-0,03496297;0,00032;-0,00650;0,0000;26,205396;0,000172;24,058635;24,155092;0,0000;0,0036;0,00;0,01;0,00;0,00;-0,01;;0,000;0,000;0,0000000;20,94800;0,04600;0,01000;-0,0001519;;71,71;3,00;;;
Heat flux (kW/m²);25;4;20,93400;0,05600;0,003000;115,950;99,96;0,0599;0,000;101,076;32,200;0,000;324,150;325,450;28,70;845,117;263,196;0,000;569,000;587,500;559,400;313,750;;;;;0,00;0,00;0,00;3,00;4,99;14,981;28,414;0,58;0,57;999998,00;999998,00;999998,00;999998,00;999998,00;999998,00;999998,00;999998,00;999998,00;999998,00;999998,00;999998,00;999998,00;999998,00;999998,00;;;;;;;;;;;;;;;;;0,1747;;;-0,02161662;-0,02161662;-0,00198;-0,02897;0,0002;26,136282;0,000225;23,987783;24,083985;0,0000;0,0047;0,00;0,02;0,00;0,00;0,02;;0,022;0,000;0,0017490;20,94700;0,04700;0,00000;0,0000224;;71,75;4,00;;;
Nominal duct flow rate (l/s);24,0;5;20,93400;0,05500;0,001000;118,425;99,98;0,0599;0,000;101,076;32,200;0,000;324,150;325,350;28,70;844,783;263,196;0,000;568,200;587,300;559,400;313,750;;;;;0,00;0,00;0,00;3,00;4,99;14,924;28,425;0,58;0,57;999998,00;999998,00;999998,00;999998,00;999998,00;999998,00;999998,00;999998,00;999998,00;999998,00;999998,00;999998,00;999998,00;999998,00;999998,00;;;;;;;;;;;;;;;;;0,8030;;;0,00249227;0,00249227;-0,00433;0,09185;0,0010;26,413754;0,000086;24,242445;24,332191;0,0000;0,0018;0,00;0,02;0,00;0,00;-0,01;;0,115;0,161;0,0080415;20,94800;0,04600;-0,01000;0,0001013;;71,75;5,00;;;
Sampling interval (s);1;6;20,93600;0,05300;-0,007000;115,375;99,98;0,0599;0,000;101,068;32,200;0,000;324,050;325,350;28,70;844,483;263,196;0,000;567,400;587,300;559,300;313,750;;;;;0,00;0,00;0,00;3,00;4,99;14,987;28,398;0,58;0,57;999998,00;999998,00;999998,00;999998,00;999998,00;999998,00;999998,00;999998,00;999998,00;999998,00;999998,00;999998,00;999998,00;999998,00;999998,00;;;;;;;;;;;;;;;;;1,4592;;;0,00583903;0,00583903;-0,00474;0,03870;0,0024;26,075418;0,000087;23,924539;24,020518;0,0000;0,0018;0,00;0,02;0,00;0,00;0,02;;0,285;0,161;0,0146128;20,94700;0,04600;-0,01200;0,0001870;;71,75;6,00;;;
Separation (mm);25;7;20,93700;0,05200;-0,003000;110,325;99,98;0,0499;0,000;101,072;32,200;0,000;323,950;325,150;28,70;844,283;263,190;0,000;566,700;587,400;559,300;313,750;;;;;0,00;0,00;0,00;3,00;4,99;14,960;28,412;0,58;0,57;999998,00;999998,00;999998,00;999998,00;999998,00;999998,00;999998,00;999998,00;999998,00;999998,00;999998,00;999998,00;999998,00;999998,00;999998,00;;;;;;;;;;;;;;;;;1,5245;;;0,00583903;0,00583903;-0,00508;0,10465;0,0040;25,502303;0,000088;23,391478;23,478126;0,0000;0,0018;0,00;0,02;-0,01;0,00;0,02;;0,457;0,447;0,0152665;20,94700;0,04700;-0,01400;0,0001996;;71,74;7,00;;;
Orientation;hor;8;20,93900;0,05100;0,000000;118,900;99,98;0,0499;0,000;101,076;32,200;0,000;324,050;325,350;28,70;844,250;263,190;0,000;566,700;587,300;559,300;313,750;;;;;0,00;0,00;0,00;3,00;4,99;14,956;28,398;0,58;0,57;999998,00;999998,00;999998,00;999998,00;999998,00;999998,00;999998,00;999998,00;999998,00;999998,00;999998,00;999998,00;999998,00;999998,00;999998,00;;;;;;;;;;;;;;;;;0,6521;;;0,00000000;0,00000000;-0,00177;Infinity;0,0046;26,470757;0,000071;24,287268;24,384701;0,0000;0,0015;0,00;0,02;0,00;0,00;0,05;;0,536;0,447;0,0065304;20,94600;0,04600;0,00100;0,0000828;;71,74;8,00;;;
Edge frame?;N;9;20,94100;0,05100;0,004000;116,650;99,99;0,0499;0,000;101,080;32,200;0,000;324,150;325,450;28,70;844,083;263,190;0,000;566,200;587,300;559,300;313,750;;;;;0,00;0,00;0,00;3,00;4,99;14,939;28,401;0,58;0,57;999998,00;999998,00;999998,00;999998,00;999998,00;999998,00;999998,00;999998,00;999998,00;999998,00;999998,00;999998,00;999998,00;999998,00;999998,00;;;;;;;;;;;;;;;;;0,0751;;;-0,00583903;-0,00583903;-0,00153;-0,03891;0,0047;26,215057;-0,000033;24,060082;24,156574;0,0000;-0,0007;0,00;0,02;0,00;0,00;0,02;;0,517;0,526;0,0007517;20,94700;0,04600;0,00200;0,0000098;;71,74;9,00;;;
Grid?;N;10;20,94100;0,04900;0,009000;118,600;99,97;0,0599;0,000;101,072;32,200;0,000;324,150;325,650;28,70;843,850;263,196;0,000;565,600;587,200;559,300;313,750;;;;;0,00;0,00;0,00;3,00;5,00;14,901;28,404;0,58;0,57;999998,00;999998,00;999998,00;999998,00;999998,00;999998,00;999998,00;999998,00;999998,00;999998,00;999998,00;999998,00;999998,00;999998,00;999998,00;;;;;;;;;;;;;;;;;0,0000;;;-0,00583903;-0,00583903;0,00079;-0,10847;0,0047;26,433263;0,000107;24,260351;24,372615;0,0000;0,0023;0,00;0,03;0,00;0,00;0,02;;0,469;0,526;0,0000000;20,94700;0,04700;0,01200;-0,0001295;;71,75;10,00;;;
Non-scrubbed?;;11;20,94300;0,04800;0,021000;115,600;99,98;0,0599;0,000;101,072;32,200;0,000;324,150;325,650;28,80;843,783;263,196;0,000;565,300;587,300;559,300;313,750;;;;;0,00;0,00;0,00;3,00;5,00;14,939;28,422;0,58;0,57;999998,00;999998,00;999998,00;999998,00;999998,00;999998,00;999998,00;999998,00;999998,00;999998,00;999998,00;999998,00;999998,00;999998,00;999998,00;;;;;;;;;;;;;;;;;0,0000;;;0,00083415;0,00083415;-0,00014;0,74961;0,0047;26,096804;0,000003;23,951550;24,062386;0,0000;0,0001;0,00;0,03;0,00;0,00;-0,04;;0,426;0,437;0,0000000;20,94900;0,04700;0,00800;-0,0001996;;71,75;11,00;;;
Substrate used? {Y/N};;12;20,94300;0,04700;0,021000;114,750;99,99;0,0599;0,000;101,068;32,200;0,000;324,150;325,650;28,70;843,617;263,190;0,000;564,800;587,300;559,300;313,750;;;;;0,00;0,00;0,00;3,00;5,00;14,979;28,385;0,58;0,57;999998,00;999998,00;999998,00;999998,00;999998,00;999998,00;999998,00;999998,00;999998,00;999998,00;999998,00;999998,00;999998,00;999998,00;999998,00;;;;;;;;;;;;;;;;;0,0000;;;-0,00083415;-0,00083415;0,00032;-0,74685;0,0047;26,000684;-0,000014;23,863331;23,973758;0,0000;-0,0003;0,00;0,03;0,00;0,00;-0,01;;0,391;0,437;0,0000000;20,94800;0,04700;0,01000;-0,0001645;;71,75;12,00;;;
Substrate;;13;20,94400;0,04600;0,012000;116,075;99,98;0,0599;0,000;101,080;32,100;0,000;324,250;325,650;28,70;843,483;263,190;0,000;564,400;587,300;559,300;313,750;;;;;0,00;0,00;0,00;3,00;5,00;14,994;28,396;0,58;0,57;999998,00;999998,00;999998,00;999998,00;999998,00;999998,00;999998,00;999998,00;999998,00;999998,00;999998,00;999998,00;999998,00;999998,00;999998,00;;;;;;;;;;;;;;;;;0,0000;;;0,00583903;0,00583903;0,00125;0,03881;0,0047;26,146333;0,000004;24,004410;24,108053;0,0000;0,0001;0,00;0,03;0,00;0,00;0,02;;0,361;0,370;0,0000000;20,94700;0,04600;0,01400;-0,0001421;;71,75;13,00;;;
Additional preparation details;;14;20,94600;0,04700;0,010000;114,850;100,00;0,0499;0,000;101,076;32,200;0,000;324,150;325,650;28,70;843,417;263,190;0,000;564,200;587,300;559,300;313,750;;;;;0,00;0,00;0,00;3,00;5,00;14,994;28,401;0,58;0,57;999998,00;999998,00;999998,00;999998,00;999998,00;999998,00;999998,00;999998,00;999998,00;999998,00;999998,00;999998,00;999998,00;999998,00;999998,00;;;;;;;;;;;;;;;;;0,4442;;;0,00583903;0,00583903;-0,00151;0,10674;0,0051;26,012011;-0,000170;23,873727;23,984202;0,0000;-0,0036;0,00;0,03;0,00;0,00;0,05;;0,351;0,370;0,0044478;20,94600;0,04700;0,00200;0,0000575;;71,74;14,00;;;
;;15;20,94800;0,04600;0,000000;114,475;99,99;0,0499;0,000;101,080;32,200;0,000;324,050;325,550;28,70;843,450;263,196;0,000;564,300;587,300;559,300;313,750;;;;;0,00;0,00;0,00;3,00;5,00;14,960;28,404;0,58;0,57;999998,00;999998,00;999998,00;999998,00;999998,00;999998,00;999998,00;999998,00;999998,00;999998,00;999998,00;999998,00;999998,00;999998,00;999998,00;;;;;;;;;;;;;;;;;1,7970;;;-0,00083415;-0,00083415;-0,00357;-0,74607;0,0069;25,973517;-0,000100;23,831043;23,941355;0,0000;-0,0021;0,00;0,03;0,00;0,00;0,08;;0,402;0,440;0,0179953;20,94500;0,04700;-0,00700;0,0002318;;71,74;15,00;;;
Specimen;;16;20,94700;0,04600;-0,010000;111,600;100,00;0,0499;0,000;101,068;32,200;0,000;324,050;325,450;28,70;843,517;263,196;0,000;564,400;587,400;559,300;313,750;;;;;0,00;0,00;0,00;3,00;5,00;14,956;28,390;0,58;0,57;999998,00;999998,00;999998,00;999998,00;999998,00;999998,00;999998,00;999998,00;999998,00;999998,00;999998,00;999998,00;999998,00;999998,00;999998,00;;;;;;;;;;;;;;;;;0,0000;;;0,00000000;0,00000000;0,00054;Infinity;0,0069;25,645284;-0,000151;23,529886;23,631542;0,0000;-0,0031;0,00;0,03;0,00;0,00;0,05;;0,433;0,440;0,0000000;20,94600;0,04700;0,01100;-0,0000564;;71,74;16,00;;;
Sample description;PMMA_DE_6mm_q25_Al2O3_R3;17;20,94800;0,04700;-0,012000;115,875;100,00;0,0499;0,000;101,072;32,100;0,000;324,050;325,450;28,70;843,350;263,190;0,000;564,000;587,300;559,300;313,750;;;;;0,00;0,00;0,00;3,00;5,00;14,924;28,417;0,58;0,57;999998,00;999998,00;999998,00;999998,00;999998,00;999998,00;999998,00;999998,00;999998,00;999998,00;999998,00;999998,00;999998,00;999998,00;999998,00;;;;;;;;;;;;;;;;;0,5195;;;0,00000000;0,00000000;-0,00060;Infinity;0,0074;26,131858;-0,000168;23,976324;24,079909;0,0000;-0,0035;0,00;0,03;0,00;0,00;0,08;;0,423;0,525;0,0052026;20,94500;0,04700;0,00600;0,0000673;;71,74;17,00;;;
Material name/ID;PMMA_DE_6mm;18;20,94700;0,04600;-0,014000;119,525;100,01;0,0499;0,000;101,072;32,100;0,000;324,050;325,450;28,70;843,383;263,190;0,000;564,000;587,400;559,300;313,750;;;;;0,00;0,00;0,00;3,00;5,01;14,967;28,412;0,58;0,57;999998,00;999998,00;999998,00;999998,00;999998,00;999998,00;999998,00;999998,00;999998,00;999998,00;999998,00;999998,00;999998,00;999998,00;999998,00;;;;;;;;;;;;;;;;;0,2014;;;0,00000000;0,00000000;0,00056;Infinity;0,0077;26,540237;-0,000220;24,351016;24,456220;0,0000;-0,0047;0,00;0,03;0,00;0,00;0,11;;0,419;0,525;0,0020171;20,94400;0,05000;0,01100;0,0000264;;71,74;18,00;;;
Specimen number;R3;19;20,94700;0,04600;0,001000;114,925;100,00;0,0499;0,000;101,080;32,100;0,000;324,050;325,450;28,70;843,517;263,190;0,000;564,400;587,400;559,300;313,750;;;;;0,00;0,00;0,00;3,00;5,01;14,935;28,401;0,58;0,57;999998,00;999998,00;999998,00;999998,00;999998,00;999998,00;999998,00;999998,00;999998,00;999998,00;999998,00;999998,00;999998,00;999998,00;999998,00;;;;;;;;;;;;;;;;;0,6661;;;-0,00083415;-0,00083415;0,00032;-2,65614;0,0083;26,024517;-0,000150;23,877836;23,980996;0,0000;-0,0032;0,00;0,03;0,00;0,00;0,14;;0,420;0,532;0,0066707;20,94300;0,05100;0,01000;0,0000868;;71,74;19,00;;;
E (MJ/kg);13,10;20;20,94600;0,04700;0,002000;117,700;100,00;0,0499;0,000;101,076;32,100;0,000;324,050;325,450;28,70;843,617;263,190;0,000;564,600;587,500;559,300;313,750;;;;;0,00;0,00;0,00;3,00;5,01;14,948;28,412;0,58;0,57;999998,00;999998,00;999998,00;999998,00;999998,00;999998,00;999998,00;999998,00;999998,00;999998,00;999998,00;999998,00;999998,00;999998,00;999998,00;;;;;;;;;;;;;;;;;1,8956;;;0,00667318;0,00667318;0,00056;0,39636;0,0102;26,336839;-0,000114;24,164396;24,268794;0,0000;-0,0024;0,00;0,03;0,00;0,00;0,22;;0,463;0,532;0,0189829;20,94000;0,05200;0,01100;0,0002427;;71,74;20,00;;;
Initial mass (g);71,69;21;20,94700;0,04700;0,012000;116,625;99,99;0,0399;0,000;101,080;32,100;0,000;324,050;325,450;28,70;843,583;263,190;0,000;564,600;587,400;559,300;313,750;;;;;0,00;0,00;0,00;3,00;5,01;14,939;28,420;0,58;0,57;999998,00;999998,00;999998,00;999998,00;999998,00;999998,00;999998,00;999998,00;999998,00;999998,00;999998,00;999998,00;999998,00;999998,00;999998,00;;;;;;;;;;;;;;;;;1,5635;;;0,00000000;0,00000000;0,00217;Infinity;0,0118;26,216292;-0,000061;24,053792;24,157712;0,0000;-0,0013;0,00;0,03;0,00;0,00;0,25;;0,524;0,587;0,0156568;20,93900;0,05300;0,01800;0,0002019;;71,73;21,00;;;
Thickness (mm);6,00;22;20,94700;0,04700;0,008000;116,150;100,01;0,0499;0,000;101,072;32,100;0,000;324,050;325,450;28,70;843,650;263,196;0,000;564,600;587,500;559,400;313,750;;;;;0,00;0,00;0,00;3,00;5,01;14,920;28,414;0,58;0,57;999998,00;999998,00;999998,00;999998,00;999998,00;999998,00;999998,00;999998,00;999998,00;999998,00;999998,00;999998,00;999998,00;999998,00;999998,00;;;;;;;;;;;;;;;;;1,8587;;;-0,00667318;-0,00667318;0,00125;-0,51367;0,0136;26,162849;-0,000271;24,004758;24,108466;-0,0001;-0,0057;0,00;0,03;0,00;0,00;0,25;;0,578;0,587;0,0186129;20,93900;0,05400;0,01400;0,0002398;;71,74;22,00;;;
Surface area (cm²);100,14;23;20,94900;0,04600;0,010000;116,700;100,01;0,0499;0,000;101,080;32,100;0,000;324,050;325,450;28,70;843,617;263,190;0,000;564,600;587,500;559,300;313,750;;;;;0,00;0,00;0,00;3,00;5,01;14,935;28,401;0,58;0,57;999998,00;999998,00;999998,00;999998,00;999998,00;999998,00;999998,00;999998,00;999998,00;999998,00;999998,00;999998,00;999998,00;999998,00;999998,00;;;;;;;;;;;;;;;;;3,2297;;;0,00083415;0,00083415;-0,00083;4,11904;0,0169;26,224719;-0,000305;24,061525;24,165478;-0,0001;-0,0065;0,00;0,03;0,00;0,00;0,28;;0,663;0,745;0,0323419;20,93800;0,05400;0,00500;0,0004141;;71,74;23,00;;;
Sponsor;;24;20,94800;0,04700;0,014000;114,125;100,03;0,0499;0,000;101,064;32,100;0,000;323,950;325,350;28,70;843,650;263,196;0,000;564,600;587,500;559,400;313,750;;;;;0,00;0,00;0,00;3,00;5,01;15,004;28,414;0,58;0,57;999998,00;999998,00;999998,00;999998,00;999998,00;999998,00;999998,00;999998,00;999998,00;999998,00;999998,00;999998,00;999998,00;999998,00;999998,00;;;;;;;;;;;;;;;;;4,3737;;;0,00000000;0,00000000;-0,00334;Infinity;0,0212;25,937782;-0,000409;23,790912;23,893728;-0,0001;-0,0086;0,00;0,03;0,00;0,00;0,28;;0,794;0,745;0,0437979;20,93800;0,05300;-0,00600;0,0005659;;71,74;24,00;;;
Manufacturer;;25;20,94700;0,04700;0,002000;121,100;100,01;0,0499;0,000;101,068;32,100;0,000;323,950;325,350;28,70;843,750;263,190;0,000;564,900;587,600;559,300;313,750;;;;;0,00;0,00;0,00;3,00;5,01;14,966;28,414;0,58;0,57;999998,00;999998,00;999998,00;999998,00;999998,00;999998,00;999998,00;999998,00;999998,00;999998,00;999998,00;999998,00;999998,00;999998,00;999998,00;;;;;;;;;;;;;;;;;4,4302;;;0,00083415;0,00083415;-0,00438;3,70674;0,0257;26,718651;-0,000304;24,507148;24,613060;-0,0001;-0,0066;0,00;0,03;0,00;0,00;0,26;;0,938;0,991;0,0443643;20,93900;0,05300;-0,01000;0,0005562;;71,74;25,00;;;
Test start time (s);60;26;20,94600;0,04700;-0,007000;117,875;100,02;0,0499;0,000;101,072;32,100;0,000;323,950;325,250;28,70;843,783;263,196;0,000;565,000;587,600;559,300;313,750;;;;;0,00;0,00;0,00;3,00;5,02;14,967;28,425;0,58;0,57;999998,00;999998,00;999998,00;999998,00;999998,00;999998,00;999998,00;999998,00;999998,00;999998,00;999998,00;999998,00;999998,00;999998,00;999998,00;;;;;;;;;;;;;;;;;4,2961;;;-0,00583903;-0,00583903;-0,00502;-0,45339;0,0300;26,360479;-0,000391;24,178622;24,275650;-0,0001;-0,0083;0,00;0,03;-0,01;0,00;0,22;;1,070;0,991;0,0430208;20,94000;0,05200;-0,01300;0,0005464;;71,74;26,00;;;
Time to ignition (s);82;27;20,94500;0,04700;0,011000;116,200;100,01;0,0599;0,000;101,072;32,100;0,000;323,850;325,250;28,70;843,750;263,190;0,000;564,900;587,600;559,300;313,750;;;;;0,00;0,00;0,00;3,00;5,02;14,987;28,412;0,58;0,57;999998,00;999998,00;999998,00;999998,00;999998,00;999998,00;999998,00;999998,00;999998,00;999998,00;999998,00;999998,00;999998,00;999998,00;999998,00;;;;;;;;;;;;;;;;;3,9684;;;-0,00583903;-0,00583903;-0,00429;-0,45023;0,0339;26,176558;-0,000303;24,002513;24,106276;-0,0001;-0,0064;0,00;0,03;0,00;0,00;0,22;;1,183;1,229;0,0397399;20,94000;0,05200;-0,01000;0,0005084;;71,75;27,00;;;
Time to flameout (s);494;28;20,94600;0,05000;0,006000;112,925;100,01;0,0599;0,000;101,068;32,100;0,000;323,850;325,150;28,70;843,783;263,190;0,000;565,100;587,500;559,300;313,750;;;;;0,00;0,00;0,00;3,00;5,02;14,952;28,409;0,58;0,57;999998,00;999998,00;999998,00;999998,00;999998,00;999998,00;999998,00;999998,00;999998,00;999998,00;999998,00;999998,00;999998,00;999998,00;999998,00;;;;;;;;;;;;;;;;;3,1535;;;0,00000000;0,00000000;-0,00310;Infinity;0,0371;25,805040;-0,000303;23,661850;23,756834;-0,0001;-0,0063;0,00;0,03;0,00;0,00;0,19;;1,268;1,229;0,0315792;20,94100;0,05000;-0,00500;0,0004101;;71,75;28,00;;;
End of test criteria;User end of test;29;20,94500;0,05100;0,011000;114,625;100,03;0,0599;0,000;101,072;32,100;0,000;323,850;325,150;28,70;843,850;263,190;0,000;565,200;587,600;559,300;313,750;;;;;0,00;0,00;0,00;3,00;5,02;14,996;28,428;0,58;0,57;999998,00;999998,00;999998,00;999998,00;999998,00;999998,00;999998,00;999998,00;999998,00;999998,00;999998,00;999998,00;999998,00;999998,00;999998,00;;;;;;;;;;;;;;;;;1,6253;;;0,00500488;0,00500488;-0,00060;0,36280;0,0387;25,998553;-0,000494;23,839291;23,934987;-0,0001;-0,0104;0,00;0,03;0,00;0,00;0,16;;1,307;1,337;0,0162762;20,94200;0,05000;0,00600;0,0002105;;71,75;29,00;;;
User EOT time (s);585;30;20,94400;0,05200;0,010000;114,625;100,03;0,0499;0,000;101,072;32,100;0,000;323,850;325,150;28,70;843,817;263,190;0,000;565,000;587,700;559,300;313,750;;;;;0,00;0,00;0,00;3,00;5,02;14,979;28,420;0,58;0,57;999998,00;999998,00;999998,00;999998,00;999998,00;999998,00;999998,00;999998,00;999998,00;999998,00;999998,00;999998,00;999998,00;999998,00;999998,00;;;;;;;;;;;;;;;;;0,0987;;;0,01167806;0,01167806;0,00078;0,15549;0,0388;25,998553;-0,000494;23,839291;23,934987;-0,0001;-0,0104;0,00;0,03;0,00;0,00;0,11;;1,292;1,337;0,0009882;20,94400;0,05000;0,01200;0,0000138;;71,74;30,00;;;
MLR EOT mass (g/m²);;31;20,94300;0,05300;0,011000;118,550;100,01;0,0399;0,000;101,072;32,100;0,000;323,850;325,150;28,70;843,817;263,196;0,000;565,100;587,600;559,300;313,750;;;;;0,00;0,00;0,00;3,00;5,02;14,990;28,412;0,58;0,57;999998,00;999998,00;999998,00;999998,00;999998,00;999998,00;999998,00;999998,00;999998,00;999998,00;999998,00;999998,00;999998,00;999998,00;999998,00;;;;;;;;;;;;;;;;;0,0000;;;0,00500488;0,00500488;0,00476;0,36896;0,0388;26,439927;-0,000302;24,244009;24,341329;-0,0001;-0,0064;0,00;0,03;0,00;0,00;0,14;;1,252;1,303;0,0000000;20,94300;0,05000;0,02900;-0,0001411;;71,73;31,00;;;
MLR time period (s);;32;20,94000;0,05400;0,018000;112,800;100,03;0,0399;0,000;101,072;32,100;0,000;323,850;325,150;28,70;843,883;263,190;0,000;565,300;587,600;559,300;313,750;;;;;0,00;0,00;0,00;3,00;5,02;14,983;28,444;0,58;0,57;999998,00;999998,00;999998,00;999998,00;999998,00;999998,00;999998,00;999998,00;999998,00;999998,00;999998,00;999998,00;999998,00;999998,00;999998,00;;;;;;;;;;;;;;;;;2,0036;;;-0,00083415;-0,00083415;-0,00150;-2,15941;0,0408;25,790753;-0,000459;23,648750;23,743681;-0,0001;-0,0095;0,00;0,03;0,00;0,00;0,16;;1,244;1,303;0,0200640;20,94200;0,05000;0,00200;0,0002611;;71,73;32,00;;;
Truncate graphs at EOT;;33;20,93900;0,05400;0,014000;117,150;100,02;0,0399;0,000;101,072;32,100;0,000;323,850;325,250;28,70;843,883;263,190;0,000;565,300;587,600;559,300;313,750;;;;;0,00;0,00;0,00;3,00;5,02;14,952;28,417;0,58;0,57;999998,00;999998,00;999998,00;999998,00;999998,00;999998,00;999998,00;999998,00;999998,00;999998,00;999998,00;999998,00;999998,00;999998,00;999998,00;;;;;;;;;;;;;;;;;0,1728;;;0,00000000;0,00000000;0,00195;Infinity;0,0410;26,283345;-0,000353;24,100431;24,204617;-0,0001;-0,0075;0,00;0,03;0,00;0,00;0,14;;1,239;1,230;0,0017309;20,94300;0,04900;0,01700;0,0000235;;71,73;33,00;;;
Smooth data?;;34;20,93900;0,05300;0,005000;114,800;100,01;0,0399;0,000;101,072;32,100;0,000;323,950;325,350;28,70;843,917;263,190;0,000;565,400;587,600;559,300;313,750;;;;;0,00;0,00;0,00;3,00;5,03;14,958;28,422;0,58;0,57;999998,00;999998,00;999998,00;999998,00;999998,00;999998,00;999998,00;999998,00;999998,00;999998,00;999998,00;999998,00;999998,00;999998,00;999998,00;;;;;;;;;;;;;;;;;0,8619;;;0,00000000;0,00000000;0,00032;Infinity;0,0418;26,014375;-0,000301;23,861165;23,964285;-0,0001;-0,0063;0,00;0,03;0,00;0,00;0,13;;1,218;1,230;0,0086312;20,94300;0,04900;0,01000;0,0001122;;71,73;34,00;;;
Correct O2 for pressure?;;35;20,93800;0,05300;-0,006000;116,125;100,04;0,0399;0,000;101,072;32,200;0,000;323,950;325,350;28,70;843,983;263,190;0,000;565,500;587,700;559,300;313,750;;;;;0,00;0,00;0,00;3,00;5,03;14,966;28,414;0,58;0,57;999998,00;999998,00;999998,00;999998,00;999998,00;999998,00;999998,00;999998,00;999998,00;999998,00;999998,00;999998,00;999998,00;999998,00;999998,00;;;;;;;;;;;;;;;;;1,3889;;;0,00000000;0,00000000;-0,00198;Infinity;0,0432;26,164071;-0,000510;23,998471;24,102184;-0,0001;-0,0108;0,00;0,03;0,00;0,00;0,11;;1,216;1,204;0,0139082;20,94400;0,04900;0,00000;0,0001783;;71,73;35,00;;;
;;36;20,93800;0,05200;-0,010000;112,550;100,01;0,0399;0,000;101,068;32,200;0,000;323,950;325,450;28,70;844,017;263,190;0,000;565,600;587,700;559,300;313,750;;;;;0,00;0,00;0,00;3,00;5,03;14,966;28,417;0,58;0,57;999998,00;999998,00;999998,00;999998,00;999998,00;999998,00;999998,00;999998,00;999998,00;999998,00;999998,00;999998,00;999998,00;999998,00;999998,00;;;;;;;;;;;;;;;;;3,5152;;;0,00000000;0,00000000;-0,00672;Infinity;0,0468;25,758181;-0,000247;23,626177;23,735574;-0,0001;-0,0051;0,00;0,03;-0,01;0,00;0,11;;1,250;1,204;0,0352014;20,94400;0,04800;-0,02100;0,0004566;;71,73;36,00;;;
Apparatus;;37;20,93900;0,05200;-0,013000;116,100;100,01;0,0399;0,000;101,072;32,200;0,000;323,950;325,450;28,70;843,983;263,190;0,000;565,500;587,700;559,300;313,750;;;;;0,00;0,00;0,00;3,00;5,03;14,958;28,428;0,58;0,57;999998,00;999998,00;999998,00;999998,00;999998,00;999998,00;999998,00;999998,00;999998,00;999998,00;999998,00;999998,00;999998,00;999998,00;999998,00;;;;;;;;;;;;;;;;;1,5130;;;0,00000000;0,00000000;-0,00314;Infinity;0,0483;26,161253;-0,000282;23,995886;24,106996;-0,0001;-0,0060;0,00;0,03;0,00;0,00;0,08;;1,284;1,217;0,0151516;20,94500;0,04800;-0,00500;0,0001939;;71,73;37,00;;;
C-factor (SI units);0,0437;38;20,94000;0,05000;-0,010000;114,575;100,03;0,0399;0,000;101,072;32,200;0,000;323,950;325,450;28,70;843,917;263,190;0,000;565,400;587,700;559,200;313,750;;;;;0,00;0,00;0,00;3,00;5,03;14,929;28,401;0,58;0,57;999998,00;999998,00;999998,00;999998,00;999998,00;999998,00;999998,00;999998,00;999998,00;999998,00;999998,00;999998,00;999998,00;999998,00;999998,00;;;;;;;;;;;;;;;;;2,6594;;;-0,00082397;-0,00082397;-0,00449;-0,75573;0,0509;25,988869;-0,000457;23,837770;23,948147;-0,0001;-0,0096;0,00;0,03;0,00;0,00;0,11;;1,305;1,217;0,0266310;20,94400;0,04700;-0,01100;0,0003428;;71,73;38,00;;;
OD correction factor;1;39;20,94000;0,05000;-0,005000;118,500;100,03;0,0399;0,000;101,072;32,200;0,000;323,950;325,450;28,70;843,750;263,190;0,000;564,900;587,700;559,200;313,750;;;;;0,00;0,00;0,00;3,00;5,03;14,973;28,417;0,58;0,57;999998,00;999998,00;999998,00;999998,00;999998,00;999998,00;999998,00;999998,00;999998,00;999998,00;999998,00;999998,00;999998,00;999998,00;999998,00;;;;;;;;;;;;;;;;;0,0000;;;0,00576782;0,00576782;0,00149;0,17988;0,0509;26,430271;-0,000438;24,242638;24,354890;-0,0001;-0,0094;0,00;0,03;0,00;0,00;0,11;;1,306;1,194;0,0000000;20,94400;0,04800;0,01500;0,0000011;;71,73;39,00;;;
Duct diameter (m);0,114;40;20,94100;0,05000;0,006000;119,850;100,03;0,0300;0,000;101,068;32,200;0,000;323,950;325,450;28,70;843,717;263,190;0,000;564,800;587,700;559,200;313,750;;;;;0,00;0,00;0,00;3,00;5,03;14,966;28,417;0,58;0,57;999998,00;999998,00;999998,00;999998,00;999998,00;999998,00;999998,00;999998,00;999998,00;999998,00;999998,00;999998,00;999998,00;999998,00;999998,00;;;;;;;;;;;;;;;;;0,0000;;;0,00576782;0,00576782;0,00220;0,18090;0,0509;26,580397;-0,000456;24,380337;24,493227;-0,0001;-0,0098;0,00;0,03;0,00;0,00;0,11;;1,273;1,194;0,0000000;20,94400;0,04800;0,01800;-0,0000369;;71,72;40,00;;;
O2 delay time (s);12;41;20,94200;0,05000;0,012000;117,750;100,02;0,0300;0,000;101,072;32,200;0,000;323,950;325,450;28,70;843,783;263,190;0,000;565,000;587,700;559,200;313,750;;;;;0,00;0,00;0,00;3,00;5,03;14,998;28,430;0,58;0,57;999998,00;999998,00;999998,00;999998,00;999998,00;999998,00;999998,00;999998,00;999998,00;999998,00;999998,00;999998,00;999998,00;999998,00;999998,00;;;;;;;;;;;;;;;;;0,0000;;;-0,00082397;-0,00082397;0,00358;-1,74416;0,0509;26,346499;-0,000403;24,165799;24,277695;-0,0001;-0,0086;0,00;0,03;0,00;0,00;0,08;;1,242;1,135;0,0000000;20,94500;0,04900;0,02400;-0,0001859;;71,72;41,00;;;
CO2 delay time (s);10;42;20,94400;0,05000;0,029000;113,200;100,03;0,0300;0,000;101,072;32,200;0,000;323,950;325,350;28,70;843,683;263,196;0,000;564,800;587,600;559,200;313,750;;;;;0,00;0,00;0,00;3,00;5,04;14,988;28,430;0,58;0,57;999998,00;999998,00;999998,00;999998,00;999998,00;999998,00;999998,00;999998,00;999998,00;999998,00;999998,00;999998,00;999998,00;999998,00;999998,00;;;;;;;;;;;;;;;;;0,0000;;;0,00000000;0,00000000;0,00283;Infinity;0,0509;25,832454;-0,000420;23,694302;23,796700;-0,0001;-0,0088;0,00;0,03;0,00;0,00;0,13;;1,213;1,135;0,0000000;20,94300;0,04800;0,02100;-0,0000144;;71,72;42,00;;;
CO delay time (s);10;43;20,94300;0,04900;0,002000;122,350;100,02;0,0300;0,000;101,072;32,200;0,000;323,850;325,350;28,70;843,683;263,190;0,000;564,700;587,700;559,200;313,750;;;;;0,00;0,00;0,00;3,00;5,04;14,958;28,417;0,58;0,57;999998,00;999998,00;999998,00;999998,00;999998,00;999998,00;999998,00;999998,00;999998,00;999998,00;999998,00;999998,00;999998,00;999998,00;999998,00;;;;;;;;;;;;;;;;;0,1530;;;0,00000000;0,00000000;-0,00085;Infinity;0,0511;26,860337;-0,000402;24,629502;24,743581;-0,0001;-0,0087;0,00;0,03;0,00;0,00;0,05;;1,186;1,086;0,0015318;20,94600;0,04700;0,00500;0,0000196;;71,72;43,00;;;
;;44;20,94200;0,04900;0,017000;116,375;100,02;0,0300;0,000;101,072;32,200;0,000;323,850;325,250;28,70;843,683;263,190;0,000;564,700;587,700;559,200;313,750;;;;;0,00;0,00;0,00;3,00;5,04;14,969;28,441;0,58;0,57;999998,00;999998,00;999998,00;999998,00;999998,00;999998,00;999998,00;999998,00;999998,00;999998,00;999998,00;999998,00;999998,00;999998,00;999998,00;;;;;;;;;;;;;;;;;0,0000;;;0,00000000;0,00000000;0,00009;Infinity;0,0511;26,196262;-0,000402;24,020581;24,124421;-0,0001;-0,0085;0,00;0,03;0,00;0,00;0,05;;1,161;1,086;0,0000000;20,94600;0,04600;0,00900;-0,0000184;;71,72;44,00;;;
Laboratory;;45;20,94300;0,04900;0,010000;113,150;100,02;0,0300;0,000;101,072;32,200;0,000;323,850;325,250;28,70;843,650;263,190;0,000;564,600;587,700;559,200;313,750;;;;;0,00;0,00;0,00;3,00;5,04;14,981;28,420;0,58;0,57;999998,00;999998,00;999998,00;999998,00;999998,00;999998,00;999998,00;999998,00;999998,00;999998,00;999998,00;999998,00;999998,00;999998,00;999998,00;;;;;;;;;;;;;;;;;1,2242;;;0,00000000;0,00000000;-0,00310;Infinity;0,0523;25,830736;-0,000314;23,685412;23,787804;-0,0001;-0,0065;0,00;0,03;0,00;0,00;0,05;;1,149;1,069;0,0122589;20,94600;0,04600;-0,00500;0,0001588;;71,72;45,00;;;
Laboratory name;FZJ IAS-7;46;20,94300;0,04800;0,000000;118,425;100,02;0,0300;0,000;101,072;32,200;0,000;323,850;325,250;28,70;843,683;263,190;0,000;564,600;587,800;559,200;313,750;;;;;0,00;0,00;0,00;3,00;5,04;14,990;28,436;0,58;0,57;999998,00;999998,00;999998,00;999998,00;999998,00;999998,00;999998,00;999998,00;999998,00;999998,00;999998,00;999998,00;999998,00;999998,00;999998,00;;;;;;;;;;;;;;;;;0,5515;;;0,00000000;0,00000000;-0,00177;Infinity;0,0529;26,425985;-0,000348;24,231225;24,335976;-0,0001;-0,0074;0,00;0,03;0,00;0,00;0,05;;1,143;1,069;0,0055224;20,94600;0,04700;0,00100;0,0000702;;71,72;46,00;;;
Operator;CR;47;20,94400;0,04800;-0,021000;111,725;100,00;0,0300;0,000;101,080;32,200;0,000;323,850;325,250;28,70;843,717;263,190;0,000;564,700;587,800;559,200;313,750;;;;;0,00;0,00;0,00;3,00;5,04;14,967;28,428;0,58;0,57;999998,00;999998,00;999998,00;999998,00;999998,00;999998,00;999998,00;999998,00;999998,00;999998,00;999998,00;999998,00;999998,00;999998,00;999998,00;;;;;;;;;;;;;;;;;0,0488;;;0,00000000;0,00000000;-0,00059;Infinity;0,0529;25,667565;-0,000191;23,535793;23,637538;0,0000;-0,0039;0,00;0,03;0,00;0,00;0,05;;1,125;1,050;0,0004886;20,94600;0,04700;0,00600;0,0000069;;71,72;47,00;;;
Filename;02072026_PMMA_DE_6mm_q25_Al2O3_R3,csv;48;20,94400;0,04700;-0,005000;114,775;100,03;0,0300;0,000;101,080;32,200;0,000;323,850;325,250;28,70;843,650;263,190;0,000;564,500;587,800;559,200;313,750;;;;;0,00;0,00;0,00;3,00;5,04;14,916;28,436;0,58;0,57;999998,00;999998,00;999998,00;999998,00;999998,00;999998,00;999998,00;999998,00;999998,00;999998,00;999998,00;999998,00;999998,00;999998,00;999998,00;;;;;;;;;;;;;;;;;0,0000;;;0,00000000;0,00000000;-0,00060;Infinity;0,0529;26,015557;-0,000452;23,854883;23,958008;-0,0001;-0,0095;0,00;0,03;0,00;0,00;0,02;;1,102;1,050;0,0000000;20,94700;0,04700;0,00600;-0,0000535;;71,72;48,00;;;
Report name;;49;20,94500;0,04800;-0,011000;113,750;100,01;0,0300;0,000;101,080;32,200;0,000;323,850;325,450;28,70;843,683;263,190;0,000;564,600;587,800;559,200;313,750;;;;;0,00;0,00;0,00;3,00;5,04;14,996;28,428;0,58;0,57;999998,00;999998,00;999998,00;999998,00;999998,00;999998,00;999998,00;999998,00;999998,00;999998,00;999998,00;999998,00;999998,00;999998,00;999998,00;;;;;;;;;;;;;;;;;1,0316;;;0,00000000;0,00000000;-0,00288;Infinity;0,0539;25,899130;-0,000277;23,748127;23,865456;-0,0001;-0,0058;0,00;0,03;0,00;0,00;0,05;;1,090;1,029;0,0103308;20,94600;0,04700;-0,00400;0,0001335;;71,72;49,00;;;
;;50;20,94400;0,04800;0,015000;118,150;100,01;0,0300;0,000;101,080;32,200;0,000;323,950;325,550;28,70;843,783;263,190;0,000;564,900;587,800;559,200;313,750;;;;;0,00;0,00;0,00;3,00;5,05;15,025;28,414;0,58;0,57;999998,00;999998,00;999998,00;999998,00;999998,00;999998,00;999998,00;999998,00;999998,00;999998,00;999998,00;999998,00;999998,00;999998,00;999998,00;;;;;;;;;;;;;;;;;0,0241;;;0,00000000;0,00000000;0,00056;Infinity;0,0540;26,391210;-0,000242;24,206810;24,326369;-0,0001;-0,0052;0,00;0,03;0,00;0,00;0,08;;1,079;1,029;0,0002413;20,94500;0,04700;0,01100;0,0000040;;71,72;50,00;;;
Pre-test conditions;;51;20,94400;0,04900;0,018000;120,625;100,01;0,0300;0,000;101,080;32,200;0,000;324,050;325,650;28,70;843,983;263,190;0,000;565,400;587,900;559,200;313,750;;;;;0,00;0,00;0,00;3,00;5,05;15,004;28,417;0,58;0,57;999998,00;999998,00;999998,00;999998,00;999998,00;999998,00;999998,00;999998,00;999998,00;999998,00;999998,00;999998,00;999998,00;999998,00;999998,00;;;;;;;;;;;;;;;;;0,0000;;;0,00000000;0,00000000;0,00409;Infinity;0,0540;26,662084;-0,000242;24,462812;24,583598;-0,0001;-0,0052;0,00;0,03;0,00;0,00;0,08;;1,058;1,009;0,0000000;20,94500;0,04800;0,02600;-0,0001986;;71,72;51,00;;;
Ambient temperature (°C);28,5;52;20,94400;0,04800;0,024000;116,850;100,00;0,0300;0,000;101,080;32,100;0,000;324,150;325,850;28,70;843,983;263,190;0,000;565,400;587,900;559,200;313,750;;;;;0,00;0,00;0,00;3,00;5,05;14,945;28,433;0,57;0,57;999998,00;999998,00;999998,00;999998,00;999998,00;999998,00;999998,00;999998,00;999998,00;999998,00;999998,00;999998,00;999998,00;999998,00;999998,00;;;;;;;;;;;;;;;;;0,0000;;;-0,00083415;-0,00083415;0,00194;-1,23471;0,0540;26,237520;-0,000206;24,080698;24,206989;0,0000;-0,0044;0,00;0,03;0,00;0,00;0,05;;1,038;1,009;0,0000000;20,94600;0,04800;0,01700;-0,0001450;;71,72;52,00;;;
Barometric pressure (Pa);101048;53;20,94500;0,04700;0,021000;115,800;100,01;0,0300;0,000;101,078;32,100;0,000;324,250;325,950;28,70;844,050;263,190;0,000;565,500;588,000;559,200;313,750;;;;;0,00;0,00;0,00;3,00;5,05;14,958;28,438;0,57;0,57;999998,00;999998,00;999998,00;999998,00;999998,00;999998,00;999998,00;999998,00;999998,00;999998,00;999998,00;999998,00;999998,00;999998,00;999998,00;;;;;;;;;;;;;;;;;0,0000;;;0,00500488;0,00500488;0,00170;0,20483;0,0540;26,115343;-0,000294;23,975959;24,101662;-0,0001;-0,0062;0,00;0,03;0,00;0,00;0,11;;1,018;0,971;0,0000000;20,94400;0,04800;0,01600;-0,0000115;;71,72;53,00;;;
Relative hunidity (%);32,0;54;20,94300;0,04600;0,005000;119,325;100,01;0,0200;0,000;101,080;32,100;0,000;324,250;325,950;28,70;844,017;263,190;0,000;565,500;587,900;559,200;313,750;;;;;0,00;0,00;0,00;3,00;5,05;14,929;28,433;0,57;0,57;999998,00;999998,00;999998,00;999998,00;999998,00;999998,00;999998,00;999998,00;999998,00;999998,00;999998,00;999998,00;999998,00;999998,00;999998,00;;;;;;;;;;;;;;;;;1,4333;;;0,01167806;0,01167806;-0,00318;0,12383;0,0554;26,509844;-0,000223;24,338142;24,465744;0,0000;-0,0048;0,00;0,03;0,00;0,00;0,08;;1,012;0,971;0,0143535;20,94500;0,04900;-0,00500;0,0001812;;71,71;54,00;;;
;;55;20,94600;0,04600;0,009000;118,875;100,02;0,0100;0,000;101,080;32,100;0,000;324,150;325,950;28,70;844,183;263,190;0,000;566,000;587,900;559,200;313,750;;;;;0,00;0,00;0,00;3,00;5,05;14,973;28,430;0,57;0,57;999998,00;999998,00;999998,00;999998,00;999998,00;999998,00;999998,00;999998,00;999998,00;999998,00;999998,00;999998,00;999998,00;999998,00;999998,00;;;;;;;;;;;;;;;;;1,2783;;;0,00583903;0,00583903;-0,00061;0,24723;0,0567;26,463890;-0,000363;24,288460;24,423333;-0,0001;-0,0078;0,00;0,03;0,00;0,00;0,14;;1,019;0,959;0,0128013;20,94300;0,04900;0,00600;0,0001628;;71,70;55,00;;;
Conditioning;;56;20,94600;0,04700;-0,005000;117,950;100,03;0,0100;0,000;101,080;32,100;0,000;324,150;325,850;28,70;844,283;263,190;0,000;566,200;587,900;559,300;313,750;;;;;0,00;0,00;0,00;3,00;5,05;14,973;28,433;0,57;0,57;999998,00;999998,00;999998,00;999998,00;999998,00;999998,00;999998,00;999998,00;999998,00;999998,00;999998,00;999998,00;999998,00;999998,00;999998,00;;;;;;;;;;;;;;;;;0,0000;;;-0,00667318;-0,00667318;0,00033;-0,27589;0,0567;26,360728;-0,000432;24,193778;24,320662;-0,0001;-0,0092;0,00;0,03;0,00;0,00;0,08;;1,012;0,959;0,0000000;20,94500;0,05000;0,01000;-0,0000213;;71,70;56,00;;;
Conditionet ? (Y/N);N;57;20,94600;0,04700;0,001000;112,600;100,01;0,0200;0,000;101,080;32,100;0,000;324,150;325,850;28,60;844,250;263,190;0,000;566,100;588,000;559,200;313,750;;;;;0,00;0,00;0,00;3,00;5,05;14,958;28,428;0,57;0,57;999998,00;999998,00;999998,00;999998,00;999998,00;999998,00;999998,00;999998,00;999998,00;999998,00;999998,00;999998,00;999998,00;999998,00;999998,00;;;;;;;;;;;;;;;;;1,8309;;;-0,00583903;-0,00583903;-0,00218;-0,30807;0,0585;25,755952;-0,000240;23,638718;23,762690;0,0000;-0,0050;0,00;0,03;0,00;0,00;0,13;;1,010;0,980;0,0183346;20,94300;0,05000;-0,00100;0,0002387;;71,71;57,00;;;
Conditioning temperature (°C);;58;20,94600;0,04700;0,006000;114,475;100,02;0,0200;0,000;101,072;32,100;0,000;324,150;325,850;28,70;844,250;263,190;0,000;566,100;588,000;559,200;313,750;;;;;0,00;0,00;0,00;3,00;5,06;14,981;28,438;0,57;0,57;999998,00;999998,00;999998,00;999998,00;999998,00;999998,00;999998,00;999998,00;999998,00;999998,00;999998,00;999998,00;999998,00;999998,00;999998,00;;;;;;;;;;;;;;;;;1,6242;;;0,00083415;0,00083415;-0,00082;2,65053;0,0601;25,969510;-0,000344;23,834720;23,959721;-0,0001;-0,0072;0,00;0,03;0,00;0,00;0,16;;1,023;0,980;0,0162646;20,94200;0,05100;0,00500;0,0002105;;71,71;58,00;;;
Conditioning RH (%);;59;20,94600;0,04700;0,006000;116,150;100,03;0,0200;0,000;101,080;32,100;0,000;324,150;325,850;28,60;844,283;263,190;0,000;566,200;588,000;559,200;313,750;;;;;0,00;0,00;0,00;3,00;5,06;14,937;28,438;0,57;0,57;999998,00;999998,00;999998,00;999998,00;999998,00;999998,00;999998,00;999998,00;999998,00;999998,00;999998,00;999998,00;999998,00;999998,00;999998,00;;;;;;;;;;;;;;;;;0,8416;;;0,00000000;0,00000000;0,00125;Infinity;0,0610;26,158813;-0,000432;24,008462;24,134374;-0,0001;-0,0091;0,00;0,03;0,00;0,00;0,16;;1,026;0,992;0,0084274;20,94200;0,05000;0,01400;0,0001093;;71,71;59,00;;;
;;60;20,94700;0,04700;-0,004000;119,575;100,03;0,0200;0,000;101,072;32,100;0,000;324,150;325,750;28,60;844,183;263,190;0,000;565,900;588,000;559,200;313,750;;;;;0,00;0,00;0,00;3,00;5,06;14,988;28,438;0,57;0,57;999998,00;999998,00;999998,00;999998,00;999998,00;999998,00;999998,00;999998,00;999998,00;999998,00;999998,00;999998,00;999998,00;999998,00;999998,00;;;;;;;;;;;;;;;;;1,1559;;;0,00000000;0,00000000;0,00056;Infinity;0,0621;26,541693;-0,000431;24,359868;24,480107;-0,0001;-0,0092;0,00;0,03;0,00;0,00;0,17;;1,026;0,992;0,0115755;20,94200;0,05000;0,01100;0,0001472;;71,71;60,00;;;
Data collected;;61;20,94600;0,04800;0,011000;116,125;100,03;0,0200;0,000;101,072;32,100;0,000;324,150;325,750;28,60;844,317;263,190;0,000;566,200;588,100;559,200;313,750;;;;;0,00;0,00;0,00;3,00;5,06;14,973;28,430;0,57;0,57;999998,00;999998,00;999998,00;999998,00;999998,00;999998,00;999998,00;999998,00;999998,00;999998,00;999998,00;999998,00;999998,00;999998,00;999998,00;;;;;;;;;;;;;;;;;1,5109;;;0,00000000;0,00000000;0,00055;Infinity;0,0636;26,155998;-0,000466;24,005878;24,124370;-0,0001;-0,0098;0,00;0,03;0,00;0,00;0,19;;1,031;0,998;0,0151300;20,94100;0,05100;0,01100;0,0001950;;71,71;61,00;;;
CO/CO2 data collected?;Yes;62;20,94500;0,04800;0,026000;110,825;100,02;0,0200;0,000;101,072;32,100;0,000;324,150;325,750;28,70;844,250;263,190;0,000;566,000;588,100;559,200;313,750;;;;;0,00;0,00;0,00;3,00;5,06;14,987;28,420;0,57;0,57;999998,00;999998,00;999998,00;999998,00;999998,00;999998,00;999998,00;999998,00;999998,00;999998,00;999998,00;999998,00;999998,00;999998,00;999998,00;;;;;;;;;;;;;;;;;0,7251;;;0,00000000;0,00000000;0,00144;Infinity;0,0644;25,552140;-0,000396;23,451660;23,567416;-0,0001;-0,0082;0,00;0,03;0,00;0,00;0,16;;1,032;0,998;0,0072613;20,94200;0,05000;0,01500;0,0000966;;71,71;62,00;;;
Mass data collected?;Yes;63;20,94500;0,04800;0,017000;116,500;100,02;0,0200;0,000;101,072;32,100;0,000;324,150;325,650;28,70;844,283;263,190;0,000;566,200;588,000;559,200;313,750;;;;;0,00;0,00;0,00;3,00;5,06;14,985;28,454;0,57;0,57;999998,00;999998,00;999998,00;999998,00;999998,00;999998,00;999998,00;999998,00;999998,00;999998,00;999998,00;999998,00;999998,00;999998,00;999998,00;;;;;;;;;;;;;;;;;1,5385;;;0,00000000;0,00000000;-0,00037;Infinity;0,0659;26,198196;-0,000343;24,044607;24,155873;-0,0001;-0,0073;0,00;0,03;0,00;0,00;0,16;;1,034;1,015;0,0154061;20,94200;0,05000;0,00700;0,0001979;;71,71;63,00;;;
Smoke data collected;Yes;64;20,94600;0,04900;0,016000;114,275;100,02;0,0200;0,000;101,070;32,100;0,000;324,050;325,650;28,60;844,317;263,190;0,000;566,200;588,100;559,200;313,750;;;;;0,00;0,00;0,00;3,00;5,06;14,950;28,441;0,57;0,57;999998,00;999998,00;999998,00;999998,00;999998,00;999998,00;999998,00;999998,00;999998,00;999998,00;999998,00;999998,00;999998,00;999998,00;999998,00;;;;;;;;;;;;;;;;;2,4097;;;-0,00083415;-0,00083415;-0,00243;-2,17282;0,0683;25,950817;-0,000325;23,810216;23,927779;-0,0001;-0,0068;0,00;0,03;0,00;0,00;0,16;;1,048;1,015;0,0241304;20,94200;0,05000;-0,00200;0,0003118;;71,71;64,00;;;
Soot mass data colelcted;;65;20,94400;0,04900;-0,005000;118,550;100,02;0,0200;0,000;101,070;32,100;0,000;324,150;325,750;28,70;844,217;263,190;0,000;565,900;588,100;559,200;313,750;;;;;0,00;0,00;0,00;3,00;5,06;15,011;28,420;0,57;0,57;999998,00;999998,00;999998,00;999998,00;999998,00;999998,00;999998,00;999998,00;999998,00;999998,00;999998,00;999998,00;999998,00;999998,00;999998,00;;;;;;;;;;;;;;;;;2,0784;;;0,00583903;0,00583903;-0,00247;0,24689;0,0704;26,427689;-0,000343;24,255235;24,374959;-0,0001;-0,0073;0,00;0,03;0,00;0,00;0,14;;1,067;1,039;0,0208132;20,94300;0,04900;-0,00200;0,0002640;;71,71;65,00;;;
Soot mass ratio (1:x);;66;20,94500;0,05000;0,006000;117,600;100,03;0,0100;0,000;101,070;32,100;0,000;324,150;325,750;28,70;844,117;263,190;0,000;565,600;588,100;559,200;313,750;;;;;0,00;0,00;0,00;3,00;5,07;14,966;28,436;0,57;0,57;999998,00;999998,00;999998,00;999998,00;999998,00;999998,00;999998,00;999998,00;999998,00;999998,00;999998,00;999998,00;999998,00;999998,00;999998,00;;;;;;;;;;;;;;;;;1,8957;;;0,00500488;0,00500488;-0,00293;0,20645;0,0723;26,321588;-0,000447;24,157856;24,277099;-0,0001;-0,0095;0,00;0,03;0,00;0,00;0,11;;1,081;1,039;0,0189832;20,94400;0,04800;-0,00400;0,0002416;;71,70;66,00;;;
Soot mass (g);;67;20,94300;0,05000;0,010000;116,000;100,02;0,0100;0,000;101,070;32,100;0,000;324,050;325,650;28,70;844,050;263,190;0,000;565,400;588,100;559,200;313,750;;;;;0,00;0,00;0,00;3,00;5,07;14,983;28,433;0,57;0,57;999998,00;999998,00;999998,00;999998,00;999998,00;999998,00;999998,00;999998,00;999998,00;999998,00;999998,00;999998,00;999998,00;999998,00;999998,00;;;;;;;;;;;;;;;;;1,1162;;;0,00583903;0,00583903;-0,00244;0,24425;0,0734;26,145950;-0,000342;23,989253;24,107700;-0,0001;-0,0072;0,00;0,03;0,00;0,00;0,08;;1,087;1,056;0,0111775;20,94500;0,04900;-0,00200;0,0001432;;71,70;67,00;;;
;;68;20,94500;0,05100;-0,001000;114,275;100,01;0,0000;0,000;101,070;32,100;0,000;324,050;325,650;28,70;844,050;263,190;0,000;565,500;588,000;559,200;313,750;;;;;0,00;0,00;0,00;3,00;5,07;14,937;28,430;0,57;0,57;999998,00;999998,00;999998,00;999998,00;999998,00;999998,00;999998,00;999998,00;999998,00;999998,00;999998,00;999998,00;999998,00;999998,00;999998,00;;;;;;;;;;;;;;;;;0,4182;;;0,00000000;0,00000000;-0,00060;Infinity;0,0738;25,950817;-0,000236;23,810216;23,927779;0,0000;-0,0050;0,00;0,03;0,00;0,00;0,08;;1,082;1,056;0,0041874;20,94500;0,04800;0,00600;0,0000546;;71,69;68,00;;;
Comments;;69;20,94300;0,05000;0,005000;114,675;99,99;0,0100;0,000;101,070;32,100;0,000;324,050;325,650;28,70;844,217;263,190;0,000;565,900;588,100;559,200;313,750;;;;;0,00;0,00;0,00;3,00;5,07;14,966;28,433;0,57;0,57;999998,00;999998,00;999998,00;999998,00;999998,00;999998,00;999998,00;999998,00;999998,00;999998,00;999998,00;999998,00;999998,00;999998,00;999998,00;;;;;;;;;;;;;;;;;0,0000;;;-0,00750732;-0,00750732;0,00147;-0,13593;0,0738;25,996196;-0,000096;23,851852;23,969620;0,0000;-0,0020;0,00;0,03;0,00;0,00;0,08;;1,070;1,041;0,0000000;20,94500;0,04800;0,01500;-0,0000593;;71,70;69,00;;;
Pre-test comments;;70;20,94200;0,05000;0,014000;111,975;99,99;0,0100;0,000;101,072;32,100;0,000;324,150;325,750;28,70;844,150;263,190;0,000;565,700;588,100;559,200;313,750;;;;;0,00;0,00;0,00;3,00;5,07;14,969;28,452;0,57;0,57;999998,00;999998,00;999998,00;999998,00;999998,00;999998,00;999998,00;999998,00;999998,00;999998,00;999998,00;999998,00;999998,00;999998,00;999998,00;;;;;;;;;;;;;;;;;0,0000;;;0,00667318;0,00667318;0,00077;0,09222;0,0738;25,684372;-0,000079;23,573021;23,689377;0,0000;-0,0016;0,00;0,03;0,00;0,00;0,05;;1,055;1,041;0,0000000;20,94600;0,04700;0,01200;-0,0000691;;71,70;70,00;;;
After test comments;;71;20,94200;0,05100;0,011000;117,450;100,00;0,0000;0,000;101,072;32,100;0,000;324,250;325,950;28,70;844,150;263,190;0,000;565,700;588,100;559,200;313,750;;;;;0,00;0,00;0,00;3,00;5,07;14,973;28,433;0,57;0,57;999998,00;999998,00;999998,00;999998,00;999998,00;999998,00;999998,00;999998,00;999998,00;999998,00;999998,00;999998,00;999998,00;999998,00;999998,00;;;;;;;;;;;;;;;;;0,0000;;;0,00583903;0,00583903;0,00334;0,17681;0,0738;26,300740;-0,000183;24,146168;24,272763;0,0000;-0,0039;0,00;0,03;0,00;0,00;0,11;;1,040;1,012;0,0000000;20,94400;0,04800;0,02300;-0,0001002;;71,69;71,00;;;
;;72;20,94200;0,05000;0,011000;112,450;100,00;0,0000;0,000;101,080;32,100;0,000;324,250;326,050;28,70;844,250;263,190;0,000;565,900;588,200;559,200;313,750;;;;;0,00;0,00;0,00;3,00;5,07;14,966;28,438;0,57;0,57;999998,00;999998,00;999998,00;999998,00;999998,00;999998,00;999998,00;999998,00;999998,00;999998,00;999998,00;999998,00;999998,00;999998,00;999998,00;;;;;;;;;;;;;;;;;0,0000;;;-0,00083415;-0,00083415;0,00191;-1,21106;0,0738;25,734822;-0,000148;23,626610;23,757768;0,0000;-0,0031;0,00;0,03;0,00;0,00;0,11;;1,025;1,012;0,0000000;20,94400;0,04800;0,01700;-0,0000242;;71,69;72,00;;;
Events;;73;20,94100;0,05000;0,015000;116,150;100,01;0,0000;0,000;101,078;32,100;0,000;324,350;326,050;28,70;844,317;263,190;0,000;566,100;588,200;559,200;313,750;;;;;0,00;0,00;0,00;3,00;5,07;14,958;28,428;0,57;0,57;999998,00;999998,00;999998,00;999998,00;999998,00;999998,00;999998,00;999998,00;999998,00;999998,00;999998,00;999998,00;999998,00;999998,00;999998,00;;;;;;;;;;;;;;;;;0,0000;;;-0,00166829;-0,00166829;0,00471;-0,61532;0,0738;26,150747;-0,000288;24,015867;24,141740;-0,0001;-0,0061;0,00;0,03;0,00;0,00;0,08;;1,011;0,984;0,0000000;20,94500;0,04800;0,02900;-0,0002366;;71,69;73,00;;;
Number of events;;74;20,94200;0,05000;0,007000;119,725;100,00;0,0000;0,000;101,080;32,100;0,000;324,350;326,150;28,60;844,217;263,190;0,000;565,800;588,200;559,200;313,750;;;;;0,00;0,00;0,00;3,00;5,08;14,981;28,444;0,57;0,57;999998,00;999998,00;999998,00;999998,00;999998,00;999998,00;999998,00;999998,00;999998,00;999998,00;999998,00;999998,00;999998,00;999998,00;999998,00;;;;;;;;;;;;;;;;;1,1066;;;0,01167806;0,01167806;-0,00108;0,08924;0,0749;26,550146;-0,000182;24,382661;24,517974;0,0000;-0,0039;0,00;0,03;0,00;0,00;0,11;;1,005;0,984;0,0110814;20,94400;0,04800;0,00400;0,0001404;;71,69;74,00;;;
Event1;;75;20,94200;0,04900;-0,002000;116,350;100,00;-0,0200;0,000;101,070;32,100;0,000;324,350;326,050;28,60;844,150;263,190;0,000;565,600;588,200;559,200;313,750;;;;;0,00;0,00;0,00;3,00;5,08;14,975;28,468;0,57;0,57;999998,00;999998,00;999998,00;999998,00;999998,00;999998,00;999998,00;999998,00;999998,00;999998,00;999998,00;999998,00;999998,00;999998,00;999998,00;;;;;;;;;;;;;;;;;1,9585;;;0,01167806;0,01167806;-0,00199;0,08798;0,0769;26,173252;-0,000182;24,036534;24,162516;0,0000;-0,0039;0,00;0,03;0,00;0,00;0,14;;1,012;0,984;0,0196122;20,94300;0,04800;0,00000;0,0002514;;71,67;75,00;;;
Event2;;76;20,94200;0,04800;-0,002000;119,200;99,99;-0,0200;0,000;101,080;32,100;0,000;324,250;325,950;28,70;844,250;263,190;0,000;565,900;588,200;559,200;313,750;;;;;0,00;0,00;0,00;3,00;5,08;14,950;28,428;0,57;0,57;999998,00;999998,00;999998,00;999998,00;999998,00;999998,00;999998,00;999998,00;999998,00;999998,00;999998,00;999998,00;999998,00;999998,00;999998,00;;;;;;;;;;;;;;;;;1,8077;;;-0,00166829;-0,00166829;-0,00271;-0,62344;0,0787;26,495954;-0,000060;24,325390;24,452925;0,0000;-0,0013;0,00;0,03;0,00;0,00;0,11;;1,023;0,984;0,0181028;20,94400;0,04800;-0,00300;0,0002289;;71,67;76,00;;;
Event3;;77;20,94300;0,04900;-0,004000;115,625;100,00;-0,0200;0,000;101,080;32,100;0,000;324,250;325,950;28,60;844,250;263,190;0,000;565,900;588,200;559,200;313,750;;;;;0,00;0,00;0,00;3,00;5,08;14,950;28,449;0,57;0,57;999998,00;999998,00;999998,00;999998,00;999998,00;999998,00;999998,00;999998,00;999998,00;999998,00;999998,00;999998,00;999998,00;999998,00;999998,00;;;;;;;;;;;;;;;;;2,0266;;;-0,00083415;-0,00083415;-0,00129;-1,70649;0,0807;26,095602;-0,000182;23,957836;24,083443;0,0000;-0,0038;0,00;0,03;0,00;0,00;0,16;;1,035;1,010;0,0202945;20,94200;0,04900;0,00300;0,0002611;;71,67;77,00;;;
Event4;;78;20,94400;0,04800;-0,002000;116,750;100,00;-0,0200;0,000;101,080;32,100;0,000;324,250;325,950;28,60;844,117;263,190;0,000;565,600;588,200;559,100;313,750;;;;;0,00;0,00;0,00;3,00;5,08;14,981;28,444;0,57;0,57;999998,00;999998,00;999998,00;999998,00;999998,00;999998,00;999998,00;999998,00;999998,00;999998,00;999998,00;999998,00;999998,00;999998,00;999998,00;;;;;;;;;;;;;;;;;0,6705;;;0,00583903;0,00583903;0,00056;0,31365;0,0814;26,222246;-0,000112;24,074104;24,200321;0,0000;-0,0024;0,00;0,03;0,00;0,00;0,14;;1,039;1,010;0,0067147;20,94300;0,05000;0,01100;0,0000868;;71,67;78,00;;;
Event5;;79;20,94500;0,04800;0,006000;115,225;99,99;-0,0300;0,000;101,080;32,100;0,000;324,250;325,850;28,70;844,150;263,190;0,000;565,600;588,200;559,200;313,750;;;;;0,00;0,00;0,00;3,00;5,08;14,926;28,454;0,57;0,57;999998,00;999998,00;999998,00;999998,00;999998,00;999998,00;999998,00;999998,00;999998,00;999998,00;999998,00;999998,00;999998,00;999998,00;999998,00;;;;;;;;;;;;;;;;;3,3325;;;0,00417074;0,00417074;-0,00221;0,81833;0,0847;26,050424;-0,000042;23,916358;24,034373;0,0000;-0,0009;0,00;0,03;0,00;0,00;0,25;;1,051;1,053;0,0333721;20,93900;0,05400;-0,00100;0,0004297;;71,66;79,00;;;
Event6;;80;20,94500;0,04700;0,015000;117,375;99,98;-0,0300;0,000;101,078;32,100;0,000;324,250;325,950;28,60;844,050;263,190;0,000;565,400;588,200;559,100;313,750;;;;;0,00;0,00;0,00;3,00;5,08;14,950;28,449;0,57;0,57;999998,00;999998,00;999998,00;999998,00;999998,00;999998,00;999998,00;999998,00;999998,00;999998,00;999998,00;999998,00;999998,00;999998,00;999998,00;;;;;;;;;;;;;;;;;3,3883;;;0,01000977;0,01000977;0,00334;0,70569;0,0881;26,292340;0,000046;24,138456;24,265011;0,0000;0,0010;0,00;0,03;0,00;0,01;0,46;;1,080;1,053;0,0339302;20,93200;0,06300;0,02300;0,0004349;;71,66;80,00;;;
Event7;;81;20,94500;0,04800;0,012000;116,875;99,98;-0,0500;0,000;101,082;32,100;0,000;324,250;325,850;28,60;843,983;263,190;0,000;565,200;588,200;559,100;313,750;;;;;0,00;0,00;0,00;3,00;5,08;14,958;28,446;0,57;0,57;999998,00;999998,00;999998,00;999998,00;999998,00;999998,00;999998,00;999998,00;999998,00;999998,00;999998,00;999998,00;999998,00;999998,00;999998,00;;;;;;;;;;;;;;;;;13,5731;0,00000;0,0000;0,01669312;0,01669312;-0,00176;0,99914;0,1017;26,236280;0,000011;24,086989;24,205845;0,0000;0,0002;0,00;0,03;0,00;0,02;1,09;;1,172;1,235;0,1359210;20,91000;0,08700;0,00100;0,0017382;;71,64;81,00;;;
Event8;;82;20,94600;0,04800;0,023000;115,625;99,99;-0,0601;0,000;101,078;32,100;0,000;324,250;325,850;28,70;843,917;263,190;0,000;564,900;588,200;559,200;313,750;;;;;0,00;0,00;0,00;3,00;5,09;14,960;28,452;0,57;0,57;999998,00;999998,00;999998,00;999998,00;999998,00;999998,00;999998,00;999998,00;999998,00;999998,00;999998,00;999998,00;999998,00;999998,00;999998,00;;;;;;;;;;;;;;;;;24,7200;0,00000;0,0000;0,00827026;0,00827026;0,00239;3,45363;0,1264;26,095602;-0,000041;23,957836;24,076055;0,0000;-0,0009;0,00;0,03;0,00;0,03;2,07;;1,391;1,235;0,2475464;20,87600;0,11700;0,01900;0,0031848;;71,63;82,00;;;
Event9;;83;20,94400;0,04800;0,017000;111,975;99,98;-0,0699;0,000;101,078;32,100;0,000;324,250;326,050;28,70;844,050;263,190;0,000;565,300;588,300;559,100;313,750;;;;;0,00;0,00;0,00;3,00;5,09;14,962;28,460;0,57;0,57;999998,00;999998,00;999998,00;999998,00;999998,00;999998,00;999998,00;999998,00;999998,00;999998,00;999998,00;999998,00;999998,00;999998,00;999998,00;;;;;;;;;;;;;;;;;40,4799;0,00000;-0,0891;0,01494344;0,01494344;0,00462;3,24766;0,1669;25,680411;-0,000006;23,576657;23,707538;0,0000;-0,0001;0,00;0,03;0,00;0,05;3,39;;1,767;1,857;0,4053653;20,82800;0,16900;0,02900;0,0053004;;71,62;83,00;;;
;;84;20,94400;0,04800;0,029000;114,350;99,98;-0,0900;0,000;101,078;32,100;0,000;324,550;326,650;28,70;844,217;263,190;0,000;565,800;588,300;559,100;313,750;;;;;0,00;0,00;0,00;3,00;5,09;14,950;28,441;0,57;0,57;999998,00;999998,00;999998,00;999998,00;999998,00;999998,00;999998,00;999998,00;999998,00;999998,00;999998,00;999998,00;999998,00;999998,00;999998,00;;;;;;;;;;;;;;;;;65,8335;32,91396;-0,0637;0,02002970;0,02002970;0,00352;3,43771;0,2327;25,939328;-0,000006;23,836397;23,990630;0,0000;-0,0001;0,00;0,03;0,00;0,07;5,23;;2,379;1,857;0,6592569;20,76500;0,21900;0,02400;0,0085352;;71,60;84,00;;;
;;85;20,94500;0,04800;0,004000;115,125;100,00;-0,1100;0,000;101,078;32,100;0,000;325,050;327,650;28,70;844,350;263,190;0,000;566,300;588,200;559,100;313,750;;;;;0,00;0,00;0,00;3,00;5,09;14,981;28,441;0,57;0,57;999998,00;999998,00;999998,00;999998,00;999998,00;999998,00;999998,00;999998,00;999998,00;999998,00;999998,00;999998,00;999998,00;999998,00;999998,00;;;;;;;;;;;;;;;;;93,8477;38,83362;-1,1264;0,02420044;0,02420044;-0,00014;4,00320;0,3266;26,007055;-0,000129;23,935452;24,126906;0,0000;-0,0027;0,00;0,03;0,00;0,10;7,28;;3,290;3,394;0,9397907;20,69400;0,28900;0,00800;0,0121378;;71,58;85,00;;;
;;86;20,94400;0,04800;0,000000;111,000;99,88;-0,1400;0,000;101,080;32,100;0,000;325,650;329,150;28,70;844,550;263,190;0,000;566,800;588,200;559,200;313,750;;;;;0,00;0,00;0,00;3,00;5,09;14,969;28,446;0,57;0,57;999998,00;999998,00;999998,00;999998,00;999998,00;999998,00;999998,00;999998,00;999998,00;999998,00;999998,00;999998,00;999998,00;999998,00;999998,00;;;;;;;;;;;;;;;;;123,0033;35,23028;6,1369;0,03496297;0,03496297;-0,00239;3,37681;0,4496;25,513343;0,001029;23,524409;23,777243;0,0002;0,0214;0,00;0,05;0,00;0,12;9,34;;4,512;3,394;1,2317551;20,61600;0,34800;-0,00200;0,0162223;;71,55;86,00;;;
;;87;20,94300;0,04900;-0,003000;114,525;99,15;-0,1799;0,000;101,078;32,100;0,000;326,550;331,050;28,70;844,750;263,190;0,000;567,400;588,300;559,100;313,750;;;;;0,00;0,00;0,00;3,00;5,09;14,971;28,465;0,57;0,57;999998,00;999998,00;999998,00;999998,00;999998,00;999998,00;999998,00;999998,00;999998,00;999998,00;999998,00;999998,00;999998,00;999998,00;999998,00;;;;;;;;;;;;;;;;;154,7763;35,10699;40,1783;0,04414876;0,04414876;-0,00219;3,22366;0,6043;25,879551;0,008336;23,928017;24,257755;0,0018;0,1771;0,00;0,23;0,00;0,14;11,68;;6,057;6,173;1,5499303;20,53900;0,40500;-0,00100;0,0201323;;71,51;87,00;;;
;;88;20,94400;0,05000;0,003000;105,975;98,06;-0,2300;0,000;101,078;32,100;0,000;327,750;333,550;28,70;844,983;263,190;0,000;568,200;588,200;559,100;313,750;;;;;0,00;0,00;0,00;3,00;5,09;15,000;28,457;0,57;0,56;999998,00;999998,00;999998,00;999998,00;999998,00;999998,00;999998,00;999998,00;999998,00;999998,00;999998,00;999998,00;999998,00;999998,00;999998,00;;;;;;;;;;;;;;;;;173,9954;29,45047;67,6553;0,05916341;0,05916341;-0,00101;2,73378;0,7783;24,849165;0,019444;23,059759;23,467835;0,0040;0,3997;0,01;0,63;0,00;0,16;13,19;;7,856;6,173;1,7423903;20,46700;0,47100;0,00400;0,0235796;;71,46;88,00;;;
;;89;20,94200;0,05400;0,011000;110,075;97,04;-0,2999;0,000;101,078;32,100;0,000;329,150;336,250;28,70;845,017;263,190;0,000;568,200;588,200;559,200;313,750;;;;;0,00;0,00;0,00;3,00;5,09;14,983;28,449;0,57;0,55;999998,00;999998,00;999998,00;999998,00;999998,00;999998,00;999998,00;999998,00;999998,00;999998,00;999998,00;999998,00;999998,00;999998,00;999998,00;;;;;;;;;;;;;;;;;197,8130;24,50054;77,9039;0,08085124;0,08085124;0,00165;2,29264;0,9761;25,271374;0,029844;23,551739;24,059767;0,0063;0,6290;0,01;1,25;0,00;0,19;15,09;;9,857;9,996;1,9808994;20,40700;0,52500;0,01600;0,0263681;;71,39;89,00;;;
;;90;20,94300;0,06300;-0,001000;104,175;96,82;-0,3900;0,000;101,078;32,100;0,000;330,750;339,450;28,70;845,217;263,190;0,000;568,700;588,300;559,200;313,750;;;;;0,00;0,00;0,00;3,00;5,10;14,998;28,468;0,57;0,55;999998,00;999998,00;999998,00;999998,00;999998,00;999998,00;999998,00;999998,00;999998,00;999998,00;999998,00;999998,00;999998,00;999998,00;999998,00;;;;;;;;;;;;;;;;;215,5178;22,31610;68,8354;0,09671021;0,09671021;0,00268;2,10449;1,1917;24,525240;0,032196;22,967482;23,571616;0,0067;0,6648;0,02;1,92;0,00;0,20;16,48;;12,043;9,996;2,1581949;20,33900;0,58800;0,02100;0,0296124;;71,30;90,00;;;
;;91;20,93900;0,08700;0,023000;110,275;96,64;-0,4900;0,000;101,078;32,100;0,000;332,250;342,250;28,70;845,417;263,190;0,000;569,300;588,300;559,200;313,750;;;;;0,00;0,00;0,00;3,00;5,10;14,947;28,460;0,57;0,55;999998,00;999998,00;999998,00;999998,00;999998,00;999998,00;999998,00;999998,00;999998,00;999998,00;999998,00;999998,00;999998,00;999998,00;999998,00;;;;;;;;;;;;;;;;;245,2694;24,56977;72,7645;0,09996541;0,09996541;0,00164;2,26337;1,4369;25,176043;0,033989;23,683873;24,396706;0,0073;0,7264;0,03;2,65;0,00;0,23;18,64;;14,443;14,646;2,4561277;20,27700;0,63300;0,01600;0,0328396;;71,20;91,00;;;
;;92;20,93200;0,11700;0,001000;107,000;96,10;-0,5900;0,000;101,070;32,100;0,000;334,050;345,650;28,70;845,817;263,183;0,000;570,500;588,300;559,200;313,750;;;;;0,00;0,00;0,00;3,00;5,10;14,960;28,454;0,57;0,55;999998,00;999998,00;999998,00;999998,00;999998,00;999998,00;999998,00;999998,00;999998,00;999998,00;999998,00;999998,00;999998,00;999998,00;999998,00;;;;;;;;;;;;;;;;;261,6941;25,16272;80,7901;0,10414632;0,10414632;0,00292;2,31952;1,6986;24,732475;0,039628;23,392645;24,204963;0,0084;0,8402;0,03;3,49;0,00;0,24;19,93;;17,041;14,646;2,6206048;20,21800;0,68400;0,02200;0,0356782;;71,10;92,00;;;
;;93;20,91000;0,16900;0,019000;104,725;96,78;-0,7000;0,000;101,078;32,100;0,000;335,950;349,250;28,70;845,817;263,183;0,000;570,500;588,300;559,200;313,750;;;;;0,00;0,00;0,00;3,00;5,10;14,962;28,438;0,57;0,55;999998,00;999998,00;999998,00;999998,00;999998,00;999998,00;999998,00;999998,00;999998,00;999998,00;999998,00;999998,00;999998,00;999998,00;999998,00;;;;;;;;;;;;;;;;;277,8928;27,37538;67,8226;0,10165405;0,10165405;0,00073;2,47655;1,9765;24,398846;0,032576;23,208347;24,127147;0,0069;0,6885;0,04;4,17;0,00;0,25;21,03;;19,759;19,956;2,7828187;20,16700;0,72000;0,01200;0,0384147;;70,99;93,00;;;
;;94;20,87600;0,21900;0,029000;100,725;96,08;-0,8199;0,000;101,078;32,100;0,000;338,050;352,950;28,70;845,983;263,183;0,000;571,000;588,300;559,200;313,750;;;;;0,00;0,00;0,00;3,00;5,10;14,983;28,449;0,57;0,55;999998,00;999998,00;999998,00;999998,00;999998,00;999998,00;999998,00;999998,00;999998,00;999998,00;999998,00;999998,00;999998,00;999998,00;999998,00;;;;;;;;;;;;;;;;;284,5145;12,80369;37,4599;0,22252401;0,22252401;0,00282;1,16677;2,2610;23,853912;0,039863;22,831835;23,838178;0,0083;0,8324;0,05;5,01;0,00;0,26;21,62;;22,540;19,956;2,8491285;20,12700;0,75700;0,02200;0,0402370;;70,87;94,00;;;
;;95;20,82800;0,28900;0,024000;103,900;96,06;-1,1100;0,000;101,082;32,100;0,000;340,050;356,550;28,70;846,017;263,190;0,000;571,100;588,300;559,200;313,750;;;;;0,00;0,00;0,00;3,00;5,10;14,954;28,452;0,57;0,55;999998,00;999998,00;999998,00;999998,00;999998,00;999998,00;999998,00;999998,00;999998,00;999998,00;999998,00;999998,00;999998,00;999998,00;999998,00;;;;;;;;;;;;;;;;;302,3435;14,95112;42,2631;0,20250448;0,20250448;0,00051;1,34215;2,5634;24,155599;0,040009;23,257384;24,385885;0,0086;0,8546;0,06;5,86;0,00;0,27;22,85;;25,392;25,644;3,0276680;20,09100;0,78100;0,01100;0,0422322;;70,58;95,00;;;
;;96;20,76500;0,34800;0,008000;107,675;96,35;-1,2000;0,000;101,070;32,100;0,000;342,050;360,050;28,70;846,083;263,190;0,000;571,300;588,400;559,100;313,750;;;;;0,00;0,00;0,00;3,00;5,10;15,006;28,460;0,57;0,55;999998,00;999998,00;999998,00;999998,00;999998,00;999998,00;999998,00;999998,00;999998,00;999998,00;999998,00;999998,00;999998,00;999998,00;999998,00;;;;;;;;;;;;;;;;;315,8724;37,23059;95,5848;0,08496094;0,08496094;-0,00143;3,33542;2,8793;24,518510;0,037039;23,745643;24,995231;0,0081;0,8110;0,07;6,67;0,00;0,28;23,82;;28,347;25,644;3,1631461;20,06800;0,80100;0,00200;0,0434737;;70,49;96,00;;;
Auswertung Test;;97;20,69400;0,40500;-0,002000;108,075;96,39;-1,3099;0,000;101,078;32,100;0,000;344,250;363,650;28,70;846,250;263,183;0,000;571,900;588,300;559,100;313,750;;;;;0,00;0,00;0,00;3,00;5,10;14,981;28,444;0,57;0,55;999998,00;999998,00;999998,00;999998,00;999998,00;999998,00;999998,00;999998,00;999998,00;999998,00;999998,00;999998,00;999998,00;999998,00;999998,00;;;;;;;;;;;;;;;;;325,0023;38,26546;95,1718;0,08505249;0,08505249;-0,00164;3,43749;3,2043;24,485394;0,036602;23,866092;25,211051;0,0081;0,8083;0,07;7,48;0,00;0,29;24,52;;31,358;31,582;3,2545725;20,04100;0,82600;0,00100;0,0447969;;70,38;97,00;;;
Software;Logger2025 / 19.09.2025 10:04;98;20,61600;0,47100;-0,001000;106,075;96,27;-1,4000;0,000;101,070;32,100;0,000;346,150;366,850;28,70;846,317;263,183;0,000;572,100;588,300;559,100;313,750;;;;;0,00;0,00;0,00;3,00;5,11;14,969;28,460;0,57;0,55;999998,00;999998,00;999998,00;999998,00;999998,00;999998,00;999998,00;999998,00;999998,00;999998,00;999998,00;999998,00;999998,00;999998,00;999998,00;;;;;;;;;;;;;;;;;330,1856;16,06326;40,5184;0,20584106;0,20584106;-0,00013;1,44106;3,5344;24,191110;0,037839;23,709391;25,127229;0,0083;0,8329;0,08;8,31;0,00;0,30;24,94;;34,381;31,582;3,3064790;20,01400;0,84700;0,00800;0,0460717;;70,29;98,00;;;
Auswertung Test;;99;20,53900;0,52500;0,004000;107,300;96,03;-1,6899;0,000;101,070;32,100;0,000;348,050;370,050;28,70;846,550;263,190;0,000;572,900;588,200;559,100;313,750;;;;;0,00;0,00;0,00;3,00;5,11;14,962;28,449;0,57;0,55;999998,00;999998,00;999998,00;999998,00;999998,00;999998,00;999998,00;999998,00;999998,00;999998,00;999998,00;999998,00;999998,00;999998,00;999998,00;;;;;;;;;;;;;;;;;339,9594;17,17270;45,3514;0,19824219;0,19824219;0,00030;1,53827;3,8744;24,263893;0,040315;23,911256;25,422670;0,0090;0,8978;0,09;9,21;0,00;0,30;25,69;;37,418;37,661;3,4043537;19,98900;0,86700;0,01000;0,0472994;;70,00;99,00;;;
Test start time   [s];60;100;20,46700;0,58800;0,016000;106,075;95,98;-1,7699;0,000;101,078;32,100;0,000;349,850;372,750;28,70;846,617;263,190;0,000;573,100;588,200;559,100;313,750;;;;;0,00;0,00;0,00;3,00;5,11;14,962;28,449;0,57;0,55;999998,00;999998,00;999998,00;999998,00;999998,00;999998,00;999998,00;999998,00;999998,00;999998,00;999998,00;999998,00;999998,00;999998,00;999998,00;;;;;;;;;;;;;;;;;345,1875;41,45518;109,2194;0,08338420;0,08338420;-0,00161;3,68872;4,2196;24,062848;0,040881;23,835769;25,395979;0,0091;0,9094;0,10;10,12;0,00;0,31;26,01;;40,470;37,661;3,4567072;19,96900;0,88100;0,00100;0,0484330;;69,92;100,00;;;
Time to ignition  [s];82;101;20,40700;0,63300;0,021000;101,700;95,61;-1,8900;0,000;101,070;32,100;0,000;351,650;375,650;28,70;846,650;263,183;0,000;573,100;588,300;559,100;313,750;;;;;0,00;0,00;0,00;3,00;5,11;15,019;28,449;0,57;0,55;999998,00;999998,00;999998,00;999998,00;999998,00;999998,00;999998,00;999998,00;999998,00;999998,00;999998,00;999998,00;999998,00;999998,00;999998,00;;;;;;;;;;;;;;;;;340,3101;28,38319;81,6716;0,12006632;0,12006632;0,00444;2,53791;4,5599;23,501014;0,044723;23,399011;24,995986;0,0098;0,9792;0,11;11,10;0,00;0,30;25,82;;43,463;43,651;3,4078654;19,95300;0,89300;0,03000;0,0488950;;69,80;101,00;;;
Time to flame out [s];494;102;20,33900;0,68400;0,016000;102,850;95,34;-2,0000;0,000;101,078;32,100;0,000;353,450;378,450;28,70;846,683;263,190;0,000;573,200;588,300;559,100;313,850;;;;;0,00;0,00;0,00;3,00;5,11;15,006;28,457;0,57;0,54;999998,00;999998,00;999998,00;999998,00;999998,00;999998,00;999998,00;999998,00;999998,00;999998,00;999998,00;999998,00;999998,00;999998,00;999998,00;;;;;;;;;;;;;;;;;346,8303;42,55052;129,2175;0,08162435;0,08162435;0,00279;3,79772;4,9067;23,573257;0,047601;23,591082;25,259711;0,0105;1,0533;0,12;12,15;0,00;0,31;26,26;;46,405;43,651;3,4731582;19,93900;0,90500;0,02200;0,0496825;;69,69;102,00;;;
Time end of test  [s];585;103;20,27700;0,72000;0,022000;103,775;96,05;-2,0900;0,000;101,078;32,000;0,000;355,150;380,750;28,70;846,650;263,183;0,000;573,200;588,200;559,100;313,750;;;;;0,00;0,00;0,00;3,00;5,11;14,992;28,468;0,57;0,55;999998,00;999998,00;999998,00;999998,00;999998,00;999998,00;999998,00;999998,00;999998,00;999998,00;999998,00;999998,00;999998,00;999998,00;999998,00;;;;;;;;;;;;;;;;;351,7709;16,90782;43,0477;0,20834351;0,20834351;0,00425;1,52046;5,2585;23,622285;0,040149;23,753849;25,466079;0,0090;0,8956;0,13;13,05;0,00;0,32;26,71;;49,346;49,522;3,5226335;19,92400;0,92200;0,02900;0,0502894;;69,60;103,00;;;
Masses;;104;20,21800;0,75700;0,012000;102,175;95,24;-2,3900;0,000;101,078;32,000;0,000;356,750;383,050;28,70;846,717;263,183;0,000;573,400;588,200;559,100;313,750;;;;;0,00;0,00;0,00;3,00;5,11;14,969;28,449;0,57;0,54;999998,00;999998,00;999998,00;999998,00;999998,00;999998,00;999998,00;999998,00;999998,00;999998,00;999998,00;999998,00;999998,00;999998,00;999998,00;;;;;;;;;;;;;;;;;356,8370;15,64774;47,3995;0,22836304;0,22836304;-0,00198;1,39059;5,6153;23,386852;0,048649;23,623053;25,364571;0,0108;1,0809;0,14;14,13;0,00;0,32;26,88;;52,278;49,522;3,5733658;19,90700;0,93300;-0,00100;0,0515312;;69,30;104,00;;;
Mass sust.flaming [g];71,63;105;20,16700;0,78100;0,022000;100,700;95,09;-2,5100;0,000;101,078;32,000;0,000;358,150;384,650;28,70;846,750;263,183;0,000;573,600;588,100;559,100;313,750;;;;;0,00;0,00;0,00;3,00;5,11;14,981;28,468;0,57;0,54;999998,00;999998,00;999998,00;999998,00;999998,00;999998,00;999998,00;999998,00;999998,00;999998,00;999998,00;999998,00;999998,00;999998,00;999998,00;;;;;;;;;;;;;;;;;358,2762;36,18476;111,9865;0,09915161;0,09915161;-0,00217;3,20197;5,9736;23,172010;0,050158;23,497893;25,236534;0,0111;1,1088;0,15;15,24;0,00;0,32;26,97;;55,185;55,341;3,5877775;19,89400;0,94100;-0,00200;0,0522224;;69,18;105,00;;;
Mass remaining    [g];0,28;106;20,12700;0,80100;0,011000;103,600;95,73;-2,6200;0,000;101,084;32,000;0,000;359,750;386,950;28,70;846,817;263,183;0,000;573,800;588,100;559,100;313,850;;;;;0,00;0,00;0,00;3,00;5,12;14,962;28,462;0,57;0,55;999998,00;999998,00;999998,00;999998,00;999998,00;999998,00;999998,00;999998,00;999998,00;999998,00;999998,00;999998,00;999998,00;999998,00;999998,00;;;;;;;;;;;;;;;;;363,8209;36,74476;98,7705;0,09915161;0,09915161;-0,00157;3,24779;6,3374;23,450975;0,043453;23,887020;25,693072;0,0098;0,9780;0,16;16,22;0,00;0,32;27,39;;58,071;55,341;3,6433021;19,89000;0,94300;0,00100;0,0524010;;69,07;106,00;;;
Mass loss test    [g];71,35;107;20,09100;0,82600;0,002000;104,675;95,64;-2,7400;0,000;101,082;32,000;0,000;361,450;388,950;28,70;846,917;263,183;0,000;574,100;588,100;559,100;313,850;;;;;0,00;0,00;0,00;3,00;5,12;14,954;28,452;0,57;0,55;999998,00;999998,00;999998,00;999998,00;999998,00;999998,00;999998,00;999998,00;999998,00;999998,00;999998,00;999998,00;999998,00;999998,00;999998,00;;;;;;;;;;;;;;;;;366,0826;16,11203;44,3913;0,22752889;0,22752889;-0,00220;1,42404;6,7035;23,516831;0,044460;24,067296;25,898395;0,0101;1,0086;0,17;17,23;0,00;0,32;27,55;;60,939;61,077;3,6659513;19,88700;0,94600;-0,00200;0,0525799;;68,95;107,00;;;
Mass loss rate test [g/s];0,14;108;20,06800;0,84700;0,001000;105,725;95,26;-3,0400;0,000;101,078;32,000;0,000;362,950;390,750;28,70;847,017;263,183;0,000;574,400;588,100;559,100;313,850;;;;;0,00;0,00;0,00;3,00;5,12;15,000;28,438;0,57;0,54;999998,00;999998,00;999998,00;999998,00;999998,00;999998,00;999998,00;999998,00;999998,00;999998,00;999998,00;999998,00;999998,00;999998,00;999998,00;;;;;;;;;;;;;;;;;369,5460;17,41275;52,1731;0,21252441;0,21252441;-0,00117;1,54773;7,0731;23,585597;0,048441;24,237842;26,094329;0,0111;1,1073;0,18;18,33;0,00;0,33;27,87;;63,780;61,077;3,7006335;19,87800;0,95700;0,00300;0,0529249;;68,65;108,00;;;
Mass loss rate 10/90 [g/s];0,21;109;20,04100;0,86700;0,008000;101,050;94,92;-3,1400;0,000;101,084;32,000;0,000;364,350;392,350;28,70;847,183;263,190;0,000;574,900;588,100;559,100;313,850;;;;;0,00;0,00;0,00;3,00;5,12;14,975;28,468;0,57;0,54;999998,00;999998,00;999998,00;999998,00;999998,00;999998,00;999998,00;999998,00;999998,00;999998,00;999998,00;999998,00;999998,00;999998,00;999998,00;;;;;;;;;;;;;;;;;365,9984;36,68616;116,6786;0,09990438;0,09990438;-0,00154;3,24790;7,4391;23,013899;0,051978;23,741560;25,566079;0,0117;1,1640;0,20;19,50;0,00;0,32;27,57;;66,569;66,672;3,6651081;19,86300;0,96700;0,00100;0,0537232;;68,55;109,00;;;
Values;;110;20,01400;0,88100;0,010000;104,900;94,90;-3,2699;0,000;101,078;32,000;0,000;365,550;393,250;28,70;847,083;263,183;0,000;574,700;588,000;559,100;313,850;;;;;0,00;0,00;0,00;3,00;5,12;14,975;28,449;0,57;0,54;999998,00;999998,00;999998,00;999998,00;999998,00;999998,00;999998,00;999998,00;999998,00;999998,00;999998,00;999998,00;999998,00;999998,00;999998,00;;;;;;;;;;;;;;;;;375,4018;35,52015;112,7258;0,10583496;0,10583496;0,00091;3,15248;7,8145;23,409696;0,052179;24,229410;26,065423;0,0119;1,1914;0,21;20,69;0,00;0,33;28,36;;69,334;66,672;3,7592740;19,85100;0,97700;0,01300;0,0541754;;68,42;110,00;;;
THR   [MJ/m²];170,1;111;19,98900;0,89300;0,001000;107,325;94,73;-3,3800;0,000;101,082;32,000;0,000;366,650;394,450;28,70;846,883;263,183;0,000;574,100;588,000;559,100;313,850;;;;;0,00;0,00;0,00;3,00;5,12;15,011;28,452;0,57;0,54;999998,00;999998,00;999998,00;999998,00;999998,00;999998,00;999998,00;999998,00;999998,00;999998,00;999998,00;999998,00;999998,00;999998,00;999998,00;;;;;;;;;;;;;;;;;381,5562;16,91633;55,3078;0,22587077;0,22587077;-0,00054;1,49669;8,1960;23,643188;0,053933;24,544715;26,405736;0,0125;1,2475;0,22;21,94;0,00;0,34;28,77;;72,119;72,206;3,8209037;19,84600;0,98000;0,00600;0,0545212;;68,31;111,00;;;
TSP   [m²];7,2;112;19,96900;0,90500;0,030000;103,325;94,77;-3,6899;0,000;101,080;32,000;0,000;367,950;395,850;28,70;847,083;263,183;0,000;574,700;588,000;559,100;313,850;;;;;0,00;0,00;0,00;3,00;5,12;15,000;28,444;0,57;0,54;999998,00;999998,00;999998,00;999998,00;999998,00;999998,00;999998,00;999998,00;999998,00;999998,00;999998,00;999998,00;999998,00;999998,00;999998,00;;;;;;;;;;;;;;;;;374,2679;16,97702;55,2365;0,22076416;0,22076416;0,00376;1,51109;8,5703;23,157397;0,053560;24,125639;25,954978;0,0122;1,2177;0,23;23,15;0,00;0,33;28,36;;74,850;72,206;3,7479183;19,83900;0,98700;0,02700;0,0546039;;68,00;112,00;;;
TSR   [m²/m²];714,3;113;19,95300;0,92200;0,022000;102,325;94,12;-3,7899;0,000;101,070;32,000;0,000;369,050;397,050;28,70;846,983;263,183;0,000;574,600;587,900;559,000;313,850;;;;;0,00;0,00;0,00;3,00;5,12;14,990;28,465;0,57;0,54;999998,00;999998,00;999998,00;999998,00;999998,00;999998,00;999998,00;999998,00;999998,00;999998,00;999998,00;999998,00;999998,00;999998,00;999998,00;;;;;;;;;;;;;;;;;376,3380;43,45727;158,2458;0,08672078;0,08672078;0,00272;3,86300;8,9466;23,010694;0,060476;24,044469;25,868735;0,0137;1,3704;0,25;24,52;0,00;0,34;28,48;;77,508;77,635;3,7686486;19,82700;0,99700;0,02200;0,0552593;;67,90;113,00;;;
TSR   [m²/m² (none flaming phase)];64,1;114;19,93900;0,93300;0,029000;102,250;94,06;-3,9000;0,000;101,080;32,000;0,000;370,050;397,950;28,70;847,150;263,183;0,000;575,200;587,800;559,000;313,850;;;;;0,00;0,00;0,00;3,00;5,13;15,011;28,449;0,57;0,54;999998,00;999998,00;999998,00;999998,00;999998,00;999998,00;999998,00;999998,00;999998,00;999998,00;999998,00;999998,00;999998,00;999998,00;999998,00;;;;;;;;;;;;;;;;;379,3927;32,31638;118,0494;0,11756388;0,11756388;0,00353;2,87455;9,3260;22,971158;0,061127;24,068197;25,882824;0,0139;1,3859;0,26;25,91;0,00;0,34;28,74;;80,143;77,635;3,7992386;19,81500;1,00700;0,02600;0,0558072;;67,79;114,00;;;
TSR   [m²/m² (flaming phase)];650,2;115;19,92400;0,94100;-0,001000;105,300;93,74;-4,0200;0,000;101,078;32,000;0,000;371,050;398,650;28,70;847,450;263,183;0,000;576,100;587,800;559,000;313,850;;;;;0,00;0,00;0,00;3,00;5,13;15,034;28,465;0,57;0,54;999998,00;999998,00;999998,00;999998,00;999998,00;999998,00;999998,00;999998,00;999998,00;999998,00;999998,00;999998,00;999998,00;999998,00;999998,00;;;;;;;;;;;;;;;;;389,6453;42,19727;160,7258;0,09246826;0,09246826;-0,00115;3,74233;9,7157;23,279809;0,064478;24,457503;26,276738;0,0149;1,4841;0,27;27,39;0,00;0,35;29,38;;82,790;82,945;3,9019082;19,80500;1,01700;0,00300;0,0565579;;67,67;115,00;;;
MARHE [kW / m²];374,7;116;19,90700;0,94300;-0,002000;102,775;94,47;-4,1200;0,000;101,072;32,000;0,000;371,950;399,550;28,70;847,417;263,183;0,000;576,000;587,800;559,000;313,850;;;;;0,00;0,00;0,00;3,00;5,13;15,011;28,462;0,57;0,54;999998,00;999998,00;999998,00;999998,00;999998,00;999998,00;999998,00;999998,00;999998,00;999998,00;999998,00;999998,00;999998,00;999998,00;999998,00;;;;;;;;;;;;;;;;;388,0972;17,39909;57,9180;0,22336833;0,22336833;0,00008;1,54285;10,1038;22,971158;0,056753;24,191774;25,986889;0,0129;1,2919;0,29;28,69;0,00;0,34;29,30;;85,429;82,945;3,8864055;19,79300;1,02600;0,00900;0,0570938;;67,57;116,00;;;
Results HRR;;117;19,89400;0,94600;0,001000;101,775;93,55;-4,4401;0,000;101,070;32,000;0,000;373,250;400,850;28,70;847,383;263,183;0,000;576,100;587,600;559,000;313,850;;;;;0,00;0,00;0,00;3,00;5,13;15,048;28,454;0,57;0,53;999998,00;999998,00;999998,00;999998,00;999998,00;999998,00;999998,00;999998,00;999998,00;999998,00;999998,00;999998,00;999998,00;999998,00;999998,00;;;;;;;;;;;;;;;;;387,8512;15,53703;60,4136;0,24997965;0,24997965;-0,00052;1,37508;10,4916;22,819287;0,066475;24,115827;25,899074;0,0151;1,5081;0,30;30,19;0,00;0,34;29,25;;88,014;88,173;3,8839419;19,78700;1,03000;0,00600;0,0574391;;67,25;117,00;;;
HRR max [kW/m²];603,8;118;19,89000;0,95700;-0,002000;103,425;93,31;-4,5800;0,000;101,072;32,000;0,000;374,050;401,550;28,70;847,217;263,183;0,000;575,700;587,600;558,900;313,850;;;;;0,00;0,00;0,00;3,00;5,13;14,985;28,460;0,57;0,53;999998,00;999998,00;999998,00;999998,00;999998,00;999998,00;999998,00;999998,00;999998,00;999998,00;999998,00;999998,00;999998,00;999998,00;999998,00;;;;;;;;;;;;;;;;;392,9820;33,51159;134,8070;0,11743164;0,11743164;-0,00174;2,96562;10,8846;22,978907;0,069077;24,336566;26,125779;0,0158;1,5808;0,32;31,77;0,00;0,35;29,61;;90,577;88,173;3,9353213;19,78100;1,03600;0,00000;0,0577963;;67,11;118,00;;;
Max at [s];345;119;19,88700;0,96700;0,003000;100,900;93,67;-4,7000;0,000;101,066;32,000;0,000;375,050;402,650;28,70;847,117;263,183;0,000;575,500;587,500;558,900;313,850;;;;;0,00;0,00;0,00;3,00;5,13;14,975;28,438;0,57;0,53;999998,00;999998,00;999998,00;999998,00;999998,00;999998,00;999998,00;999998,00;999998,00;999998,00;999998,00;999998,00;999998,00;999998,00;999998,00;;;;;;;;;;;;;;;;;391,5293;45,68846;172,4069;0,08581543;0,08581543;-0,00272;4,04750;11,2761;22,666394;0,065270;24,069766;25,841065;0,0148;1,4774;0,33;33,25;0,00;0,35;29,48;;93,112;93,240;3,9207746;19,77000;1,04700;-0,00500;0,0583798;;66,99;119,00;;;
HRR 060s [kW/m²];330,6;120;19,87800;0,97700;0,001000;102,975;93,30;-4,7899;0,000;101,066;32,000;0,000;376,050;403,450;28,70;847,150;263,183;0,000;575,700;587,400;558,900;313,850;;;;;0,00;0,00;0,00;3,00;5,13;15,011;28,428;0,57;0,53;999998,00;999998,00;999998,00;999998,00;999998,00;999998,00;999998,00;999998,00;999998,00;999998,00;999998,00;999998,00;999998,00;999998,00;999998,00;;;;;;;;;;;;;;;;;398,2061;19,29422;76,7235;0,20667521;0,20667521;-0,00052;1,71077;11,6743;22,867809;0,069200;24,348399;26,122488;0,0159;1,5835;0,35;34,84;0,00;0,35;30,05;;95,627;93,240;3,9876363;19,75800;1,05600;0,00600;0,0588562;;66,90;120,00;;;
HRR 120s [kW/m²];372,7;121;19,86300;0,98000;0,013000;96,075;94,35;-5,0900;0,000;101,070;32,000;0,000;376,750;404,050;28,70;847,283;263,183;0,000;576,100;587,400;558,900;313,850;;;;;0,00;0,00;0,00;3,00;5,13;14,992;28,460;0,57;0,54;999998,00;999998,00;999998,00;999998,00;999998,00;999998,00;999998,00;999998,00;999998,00;999998,00;999998,00;999998,00;999998,00;999998,00;999998,00;;;;;;;;;;;;;;;;;386,8974;16,66236;55,2024;0,23252360;0,23252360;0,00241;1,48338;12,0612;22,067849;0,057961;23,540383;25,246162;0,0128;1,2818;0,36;36,12;0,00;0,34;29,29;;98,081;98,132;3,8743909;19,74600;1,06700;0,02100;0,0592615;;66,60;121,00;;;
HRR 180s [kW/m²];408,4;122;19,85100;0,98700;0,006000;101,100;93,51;-5,2200;0,000;101,070;32,000;0,000;377,750;405,450;28,70;847,283;263,183;0,000;576,300;587,300;558,800;313,850;;;;;0,00;0,00;0,00;3,00;5,14;14,975;28,457;0,57;0,53;999998,00;999998,00;999998,00;999998,00;999998,00;999998,00;999998,00;999998,00;999998,00;999998,00;999998,00;999998,00;999998,00;999998,00;999998,00;;;;;;;;;;;;;;;;;398,2579;33,92037;129,5878;0,11757406;0,11757406;0,00347;3,00836;12,4595;22,607616;0,066925;24,180179;25,953286;0,0152;1,5215;0,38;37,64;0,00;0,35;30,16;;100,495;98,132;3,9881549;19,74000;1,06800;0,02600;0,0595473;;66,47;122,00;;;
HRR 240s [kW/m²];448,1;123;19,84600;0,99700;0,027000;102,625;94,10;-5,3501;0,000;101,068;32,000;0,000;378,750;406,450;28,70;847,317;263,183;0,000;576,400;587,300;558,800;313,850;;;;;0,00;0,00;0,00;3,00;5,14;14,964;28,473;0,57;0,54;999998,00;999998,00;999998,00;999998,00;999998,00;999998,00;999998,00;999998,00;999998,00;999998,00;999998,00;999998,00;999998,00;999998,00;999998,00;;;;;;;;;;;;;;;;;399,7650;38,71092;134,5963;0,10341390;0,10341390;0,00329;3,43472;12,8592;22,747397;0,060615;24,394090;26,178160;0,0139;1,3900;0,39;39,03;0,00;0,36;30,27;;102,922;102,932;4,0032469;19,74300;1,06600;0,02500;0,0594044;;66,34;123,00;;;
HRR 300s [kW/m²];469,8;124;19,83900;1,00700;0,022000;100,925;95,54;-5,4601;0,000;101,070;32,000;0,000;379,750;407,350;28,70;847,183;263,183;0,000;576,100;587,200;558,800;313,850;;;;;0,00;0,00;0,00;3,00;5,14;14,967;28,460;0,57;0,55;999998,00;999998,00;999998,00;999998,00;999998,00;999998,00;999998,00;999998,00;999998,00;999998,00;999998,00;999998,00;999998,00;999998,00;999998,00;;;;;;;;;;;;;;;;;396,8665;17,80602;46,3937;0,22319539;0,22319539;0,00227;1,58074;13,2561;22,528482;0,045431;24,223114;25,983635;0,0104;1,0340;0,40;40,06;0,00;0,35;30,03;;105,304;102,932;3,9742210;19,74100;1,06900;0,02000;0,0595472;;66,23;124,00;;;
HRR 360s [kW/m²];456,1;125;19,82700;1,01700;0,026000;95,750;94,40;-5,7699;0,000;101,070;32,000;0,000;380,550;408,250;28,70;847,117;263,183;0,000;576,200;587,000;558,700;313,850;;;;;0,00;0,00;0,00;3,00;5,14;15,017;28,441;0,57;0,54;999998,00;999998,00;999998,00;999998,00;999998,00;999998,00;999998,00;999998,00;999998,00;999998,00;999998,00;999998,00;999998,00;999998,00;999998,00;;;;;;;;;;;;;;;;;387,9950;16,41942;53,9759;0,23663330;0,23663330;0,00162;1,46348;13,6441;21,920223;0,057466;23,618753;25,337948;0,0128;1,2755;0,41;41,34;0,00;0,35;29,36;;107,601;107,588;3,8853821;19,73500;1,07800;0,01700;0,0598331;;65,92;125,00;;;
HRR Test [kW/m²];382,6;126;19,81500;1,02600;0,003000;101,500;94,87;-5,9000;0,000;101,072;32,000;0,000;381,150;408,350;28,70;847,317;263,183;0,000;576,800;587,000;558,700;313,850;;;;;0,00;0,00;0,00;3,00;5,14;15,015;28,468;0,57;0,54;999998,00;999998,00;999998,00;999998,00;999998,00;999998,00;999998,00;999998,00;999998,00;999998,00;999998,00;999998,00;999998,00;999998,00;999998,00;;;;;;;;;;;;;;;;;404,6118;34,70173;102,8844;0,11676025;0,11676025;-0,00131;3,08384;14,0487;22,551036;0,052523;24,336757;26,073500;0,0120;1,1996;0,43;42,54;0,00;0,36;30,53;;109,892;107,588;4,0517830;19,72200;1,08900;0,00200;0,0606541;;65,79;126,00;;;
Results EHC;;127;19,80500;1,03000;0,009000;98,800;94,61;-6,0300;0,000;101,072;32,000;0,000;381,850;408,950;28,70;847,017;263,183;0,000;576,100;586,900;558,600;313,850;;;;;0,00;0,00;0,00;3,00;5,14;14,948;28,489;0,57;0,54;999998,00;999998,00;999998,00;999998,00;999998,00;999998,00;999998,00;999998,00;999998,00;999998,00;999998,00;999998,00;999998,00;999998,00;999998,00;;;;;;;;;;;;;;;;;402,0140;39,60263;122,6444;0,10165405;0,10165405;0,00126;3,52829;14,4507;22,228671;0,055220;24,032921;25,738545;0,0125;1,2450;0,44;43,78;0,00;0,36;30,41;;112,203;112,114;4,0257682;19,70900;1,10000;0,01500;0,0611428;;65,66;127,00;;;
EHC max [MJ/kg];54,8;128;19,79300;1,03600;0,006000;98,100;94,92;-6,1400;0,000;101,070;32,000;0,000;382,650;409,850;28,70;846,717;263,183;0,000;575,400;586,700;558,600;313,850;;;;;0,00;0,00;0,00;3,00;5,14;15,019;28,449;0,57;0,54;999998,00;999998,00;999998,00;999998,00;999998,00;999998,00;999998,00;999998,00;999998,00;999998,00;999998,00;999998,00;999998,00;999998,00;999998,00;;;;;;;;;;;;;;;;;403,8851;17,21322;49,8468;0,23496501;0,23496501;-0,00070;1,52234;14,8546;22,126620;0,052000;23,972707;25,676764;0,0117;1,1696;0,45;44,95;0,00;0,36;30,47;;114,474;112,114;4,0445053;19,70100;1,10200;0,00500;0,0617135;;65,55;128,00;;;
Max at [s];435;129;19,78700;1,04700;0,000000;96,525;94,23;-6,4700;0,000;101,072;32,000;0,000;383,350;410,450;28,70;846,517;263,183;0,000;574,900;586,700;558,500;313,850;;;;;0,00;0,00;0,00;3,00;5,14;15,023;28,478;0,57;0,54;999998,00;999998,00;999998,00;999998,00;999998,00;999998,00;999998,00;999998,00;999998,00;999998,00;999998,00;999998,00;999998,00;999998,00;999998,00;;;;;;;;;;;;;;;;;399,7258;16,01272;52,9701;0,24997965;0,24997965;-0,00050;1,41271;15,2543;21,928232;0,059235;23,801227;25,483797;0,0132;1,3223;0,46;46,27;0,00;0,35;30,15;;116,701;116,591;4,0028544;19,70300;1,09800;0,00600;0,0616301;;65,22;129,00;;;
EHC 060s [MJ/kg];26,4;130;19,78100;1,05600;-0,005000;93,600;93,60;-6,6000;0,000;101,068;32,000;0,000;384,250;411,450;28,70;846,183;263,183;0,000;574,000;586,600;558,500;313,850;;;;;0,00;0,00;0,00;3,00;5,15;14,939;28,465;0,57;0,53;999998,00;999998,00;999998,00;999998,00;999998,00;999998,00;999998,00;999998,00;999998,00;999998,00;999998,00;999998,00;999998,00;999998,00;999998,00;;;;;;;;;;;;;;;;;390,8193;37,87447;140,8491;0,10333252;0,10333252;0,00217;3,35190;15,6452;21,568126;0,066034;23,465324;25,126370;0,0146;1,4534;0,48;47,73;0,00;0,35;29,56;;118,844;116,591;3,9136645;19,70700;1,09500;0,02000;0,0612618;;65,09;130,00;;;
EHC 120s [MJ/kg];27,1;131;19,77000;1,06700;0,006000;93,000;93,50;-6,7100;0,000;101,070;32,100;0,000;384,850;411,850;28,70;846,017;263,183;0,000;573,700;586,500;558,400;313,850;;;;;0,00;0,00;0,00;3,00;5,15;14,988;28,457;0,57;0,53;999998,00;999998,00;999998,00;999998,00;999998,00;999998,00;999998,00;999998,00;999998,00;999998,00;999998,00;999998,00;999998,00;999998,00;999998,00;;;;;;;;;;;;;;;;;388,1338;42,80108;162,2685;0,09081014;0,09081014;0,00178;3,78805;16,0333;21,482121;0,067059;23,408249;25,050506;0,0147;1,4715;0,49;49,20;0,00;0,34;29,34;;120,910;120,825;3,8867720;19,71100;1,09200;0,01800;0,0610831;;64,98;131,00;;;
EHC 180s [MJ/kg];27,0;132;19,75800;1,06800;0,021000;93,000;93,50;-6,8199;0,000;101,070;32,100;0,000;384,850;411,850;28,70;846,083;263,183;0,000;574,000;586,400;558,400;313,850;;;;;0,00;0,00;0,00;3,00;5,15;14,975;28,444;0,57;0,53;999998,00;999998,00;999998,00;999998,00;999998,00;999998,00;999998,00;999998,00;999998,00;999998,00;999998,00;999998,00;999998,00;999998,00;999998,00;;;;;;;;;;;;;;;;;387,0050;16,72626;63,5979;0,23169963;0,23169963;0,00330;1,48749;16,4203;21,482121;0,067059;23,408249;25,050506;0,0147;1,4715;0,51;50,67;0,00;0,34;29,32;;122,930;120,825;3,8754677;19,71200;1,09400;0,02600;0,0609050;;64,87;132,00;;;
EHC 240s [MJ/kg];27,0;133;19,74600;1,06600;0,026000;104,625;94,00;-7,1400;0,000;101,080;32,000;0,000;385,450;412,250;28,70;846,017;263,183;0,000;573,900;586,400;558,300;313,850;;;;;0,00;0,00;0,00;3,00;5,15;14,975;28,465;0,58;0,54;999998,00;999998,00;999998,00;999998,00;999998,00;999998,00;999998,00;999998,00;999998,00;999998,00;999998,00;999998,00;999998,00;999998,00;999998,00;;;;;;;;;;;;;;;;;413,2717;17,48384;60,7826;0,23670451;0,23670451;0,00129;1,55346;16,8336;22,767490;0,061718;24,847544;26,575173;0,0144;1,4367;0,52;52,11;0,00;0,37;31,25;;125,015;125,034;4,1385030;19,70500;1,10100;0,01500;0,0613689;;64,55;133,00;;;
EHC 300s [MJ/kg];27,1;134;19,74000;1,06900;0,025000;99,675;94,08;-7,2600;0,000;101,080;32,000;0,000;385,950;412,650;28,70;846,017;263,183;0,000;574,000;586,300;558,300;313,850;;;;;0,00;0,00;0,00;3,00;5,15;15,013;28,476;0,58;0,54;999998,00;999998,00;999998,00;999998,00;999998,00;999998,00;999998,00;999998,00;999998,00;999998,00;999998,00;999998,00;999998,00;999998,00;999998,00;;;;;;;;;;;;;;;;;407,0009;37,91600;128,7865;0,10749308;0,10749308;0,00008;3,35570;17,2406;22,207979;0,060823;24,268356;25,947240;0,0138;1,3824;0,54;53,49;0,00;0,36;30,73;;127,142;125,034;4,0757072;19,69500;1,10700;0,00900;0,0619638;;64,43;134,00;;;
EHC 360s [MJ/kg];27,3;135;19,74300;1,07800;0,020000;95,900;93,81;-7,3900;0,000;101,080;32,100;0,000;386,550;413,150;28,70;846,250;263,183;0,000;574,700;586,300;558,300;313,850;;;;;0,00;0,00;0,00;3,00;5,15;14,990;28,465;0,58;0,54;999998,00;999998,00;999998,00;999998,00;999998,00;999998,00;999998,00;999998,00;999998,00;999998,00;999998,00;999998,00;999998,00;999998,00;999998,00;;;;;;;;;;;;;;;;;400,8897;32,99409;116,9437;0,12167358;0,12167358;-0,00088;2,91663;17,6415;21,766465;0,063706;23,822857;25,462200;0,0142;1,4209;0,55;54,91;0,00;0,35;30,24;;129,193;129,212;4,0145097;19,69000;1,11100;0,00400;0,0622729;;64,30;135,00;;;
EHC Test [MJ/kg];23,9;136;19,74100;1,08900;0,017000;97,100;93,22;-7,5300;0,000;101,078;32,100;0,000;386,850;413,150;28,70;846,383;263,183;0,000;575,200;586,200;558,300;313,850;;;;;0,00;0,00;0,00;3,00;5,15;14,998;28,457;0,58;0,53;999998,00;999998,00;999998,00;999998,00;999998,00;999998,00;999998,00;999998,00;999998,00;999998,00;999998,00;999998,00;999998,00;999998,00;999998,00;;;;;;;;;;;;;;;;;404,3808;16,75346;65,1398;0,24170939;0,24170939;-0,00012;1,47816;18,0458;21,893730;0,070084;23,980742;25,611073;0,0157;1,5723;0,57;56,48;0,00;0,36;30,51;;131,203;129,212;4,0494692;19,68600;1,11200;0,00800;0,0624516;;64,16;136,00;;;
Results MLR;;137;19,73500;1,10000;0,002000;98,125;92,71;-7,8401;0,000;101,080;32,100;0,000;387,350;413,550;28,70;846,383;263,183;0,000;575,400;586,100;558,200;313,850;;;;;0,00;0,00;0,00;3,00;5,15;14,998;28,465;0,58;0,53;999998,00;999998,00;999998,00;999998,00;999998,00;999998,00;999998,00;999998,00;999998,00;999998,00;999998,00;999998,00;999998,00;999998,00;999998,00;;;;;;;;;;;;;;;;;405,4023;17,84177;74,9612;0,22753906;0,22753906;-0,00264;1,56859;18,4512;21,994773;0,075501;24,122556;25,754183;0,0171;1,7033;0,58;58,19;0,00;0,36;30,51;;133,201;133,211;4,0596990;19,69200;1,10600;-0,00500;0,0623198;;63,85;137,00;;;
MLR max [g/s];0,3483;138;19,72200;1,10200;0,015000;97,725;92,79;-7,9601;0,000;101,080;32,100;0,000;387,950;413,850;28,70;846,383;263,183;0,000;575,400;586,100;558,200;313,850;;;;;0,00;0,00;0,00;3,00;5,16;15,000;28,449;0,58;0,53;999998,00;999998,00;999998,00;999998,00;999998,00;999998,00;999998,00;999998,00;999998,00;999998,00;999998,00;999998,00;999998,00;999998,00;999998,00;;;;;;;;;;;;;;;;;400,5794;35,15843;147,6138;0,11409505;0,11409505;-0,00050;3,11062;18,8518;21,932917;0,074707;24,091977;25,700385;0,0168;1,6818;0,60;59,87;0,00;0,35;30,23;;135,156;133,211;4,0114024;19,70000;1,10300;0,00600;0,0617493;;63,73;138,00;;;
Max at [s];314;139;19,70900;1,09800;0,005000;100,150;93,54;-8,1000;0,000;101,084;32,100;0,000;388,450;414,250;28,70;846,083;263,183;0,000;574,700;586,000;558,100;313,850;;;;;0,00;0,00;0,00;3,00;5,16;14,954;28,449;0,58;0,53;999998,00;999998,00;999998,00;999998,00;999998,00;999998,00;999998,00;999998,00;999998,00;999998,00;999998,00;999998,00;999998,00;999998,00;999998,00;;;;;;;;;;;;;;;;;407,5108;32,02109;119,3212;0,12744141;0,12744141;-0,00168;2,83604;19,2593;22,189083;0,066609;24,404772;26,025684;0,0152;1,5185;0,61;61,39;0,00;0,36;30,73;;137,091;137,143;4,0808132;19,69400;1,11000;0,00000;0,0620943;;63,59;139,00;;;
MLR 060s [g/s];0,1432;140;19,70100;1,09500;0,006000;97,475;94,11;-8,2400;0,000;101,080;32,100;0,000;389,050;414,950;28,70;846,317;263,183;0,000;575,500;585,900;558,100;313,850;;;;;0,00;0,00;0,00;3,00;5,16;14,967;28,460;0,58;0,54;999998,00;999998,00;999998,00;999998,00;999998,00;999998,00;999998,00;999998,00;999998,00;999998,00;999998,00;999998,00;999998,00;999998,00;999998,00;;;;;;;;;;;;;;;;;403,1723;16,70269;56,4496;0,24171956;0,24171956;0,00259;1,48646;19,6625;21,873856;0,060528;24,095228;25,699305;0,0136;1,3626;0,63;62,75;0,00;0,36;30,53;;139,007;137,143;4,0373670;19,68400;1,11900;0,02200;0,0623219;;63,45;140,00;;;
MLR 120s [g/s];0,1597;141;19,70300;1,09200;0,020000;99,925;94,05;-8,5500;0,000;101,072;32,100;0,000;389,450;414,950;28,70;846,450;263,190;0,000;576,000;585,800;558,100;313,850;;;;;0,00;0,00;0,00;3,00;5,16;15,015;28,476;0,58;0,54;999998,00;999998,00;999998,00;999998,00;999998,00;999998,00;999998,00;999998,00;999998,00;999998,00;999998,00;999998,00;999998,00;999998,00;999998,00;;;;;;;;;;;;;;;;;411,0175;18,49572;62,6768;0,22253418;0,22253418;0,00125;1,63851;20,0735;22,135669;0,061139;24,408699;26,006907;0,0139;1,3928;0,64;64,14;0,00;0,36;31,07;;140,908;141,003;4,1159293;19,67700;1,12200;0,01500;0,0627856;;63,14;141,00;;;
MLR 180s [g/s];0,1751;142;19,70700;1,09400;0,018000;99,325;94,48;-8,6600;0,000;101,072;32,100;0,000;389,550;414,450;28,70;846,450;263,190;0,000;576,200;585,700;558,000;313,850;;;;;0,00;0,00;0,00;3,00;5,16;14,971;28,489;0,58;0,54;999998,00;999998,00;999998,00;999998,00;999998,00;999998,00;999998,00;999998,00;999998,00;999998,00;999998,00;999998,00;999998,00;999998,00;999998,00;;;;;;;;;;;;;;;;;409,4968;39,40136;123,6267;0,10407511;0,10407511;0,00261;3,49572;20,4830;22,066279;0,056645;24,338431;25,894142;0,0129;1,2848;0,66;65,43;0,00;0,36;31,00;;142,805;141,003;4,1007009;19,67600;1,12300;0,02200;0,0627503;;63,03;142,00;;;
MLR 240s [g/s];0,1906;143;19,71100;1,10100;0,026000;98,675;94,59;-8,7899;0,000;101,072;32,100;0,000;390,050;415,250;28,70;846,317;263,190;0,000;575,900;585,700;557,900;313,850;;;;;0,00;0,00;0,00;3,00;5,16;14,990;28,462;0,58;0,54;999998,00;999998,00;999998,00;999998,00;999998,00;999998,00;999998,00;999998,00;999998,00;999998,00;999998,00;999998,00;999998,00;999998,00;999998,00;;;;;;;;;;;;;;;;;408,9700;37,22921;114,3234;0,11000570;0,11000570;-0,00050;3,28515;20,8920;21,979857;0,055478;24,274227;25,842515;0,0126;1,2559;0,67;66,68;0,00;0,36;30,85;;144,668;144,765;4,0954255;19,67700;1,12000;0,00600;0,0629157;;62,90;143,00;;;
MLR 300s [g/s];0,1990;144;19,71200;1,10700;0,015000;96,300;93,90;-8,9100;0,000;101,072;32,100;0,000;390,650;415,950;28,70;845,517;263,190;0,000;573,600;585,600;557,900;313,850;;;;;0,00;0,00;0,00;3,00;5,16;15,013;28,476;0,58;0,54;999998,00;999998,00;999998,00;999998,00;999998,00;999998,00;999998,00;999998,00;999998,00;999998,00;999998,00;999998,00;999998,00;999998,00;999998,00;;;;;;;;;;;;;;;;;402,1899;17,01501;59,4407;0,23670451;0,23670451;0,00142;1,50710;21,2942;21,697049;0,062770;23,998758;25,553010;0,0141;1,4050;0,68;68,09;0,00;0,36;30,41;;146,480;144,765;4,0275294;19,67900;1,12000;0,01600;0,0626785;;62,78;144,00;;;
MLR 360s [g/s];0,1928;145;19,70500;1,11100;0,009000;96,850;94,03;-9,2300;0,000;101,072;32,100;0,000;391,150;416,350;28,70;845,250;263,190;0,000;573,000;585,500;557,800;313,850;;;;;0,00;0,00;0,00;3,00;5,16;14,985;28,473;0,58;0,54;999998,00;999998,00;999998,00;999998,00;999998,00;999998,00;999998,00;999998,00;999998,00;999998,00;999998,00;999998,00;999998,00;999998,00;999998,00;;;;;;;;;;;;;;;;;404,4477;17,54406;59,7958;0,23085531;0,23085531;0,00065;1,55014;21,6986;21,745009;0,061390;24,082590;25,634120;0,0138;1,3785;0,70;69,47;0,00;0,36;30,55;;148,251;148,378;4,0501388;19,67600;1,12100;0,01200;0,0628924;;62,46;145,00;;;
MLR Test [g/s];0,1607;146;19,69500;1,11200;0,004000;94,325;93,88;-9,3401;0,000;101,072;32,100;0,000;391,450;416,750;28,70;845,250;263,190;0,000;573,100;585,400;557,800;313,850;;;;;0,00;0,00;0,00;3,00;5,17;14,969;28,452;0,58;0,54;999998,00;999998,00;999998,00;999998,00;999998,00;999998,00;999998,00;999998,00;999998,00;999998,00;999998,00;999998,00;999998,00;999998,00;999998,00;;;;;;;;;;;;;;;;;399,4400;41,34755;144,7020;0,09674072;0,09674072;-0,00239;3,64921;22,0981;21,451452;0,063046;23,775697;25,312356;0,0140;1,3979;0,71;70,86;0,00;0,35;30,09;;149,989;148,378;3,9999922;19,67800;1,12100;-0,00400;0,0629628;;62,35;146,00;;;
Results SEA;;147;19,69000;1,10600;0,008000;93,825;93,00;-9,4601;0,000;101,074;32,100;0,000;391,950;417,050;28,70;845,350;263,190;0,000;573,500;585,400;557,700;313,850;;;;;0,00;0,00;0,00;3,00;5,17;14,985;28,468;0,58;0,53;999998,00;999998,00;999998,00;999998,00;999998,00;999998,00;999998,00;999998,00;999998,00;999998,00;999998,00;999998,00;999998,00;999998,00;999998,00;;;;;;;;;;;;;;;;;397,2268;36,19033;146,0021;0,10991414;0,10991414;0,00008;3,19831;22,4953;21,380871;0,072461;23,727737;25,247232;0,0160;1,6025;0,73;72,47;0,00;0,35;29,99;;151,678;151,812;3,9778290;19,67800;1,12000;0,00900;0,0628208;;62,23;147,00;;;
SEA max [m²/kg];430,5;148;19,68600;1,10300;-0,005000;95,700;94,33;-9,5900;0,000;101,072;32,100;0,000;392,150;416,950;28,70;845,450;263,190;0,000;573,900;585,300;557,700;313,850;;;;;0,00;0,00;0,00;3,00;5,17;14,992;28,476;0,58;0,54;999998,00;999998,00;999998,00;999998,00;999998,00;999998,00;999998,00;999998,00;999998,00;999998,00;999998,00;999998,00;999998,00;999998,00;999998,00;;;;;;;;;;;;;;;;;401,3025;16,51680;53,4854;0,24330648;0,24330648;-0,00240;1,45883;22,8966;21,587945;0,058210;23,969766;25,485640;0,0130;1,2995;0,74;73,77;0,00;0,35;30,23;;153,351;151,812;4,0186433;19,68000;1,12000;-0,00400;0,0628557;;62,10;148,00;;;
Max at [s];498;149;19,69200;1,11000;0,006000;94,600;94,26;-9,9100;0,000;101,080;32,100;0,000;392,650;417,950;28,70;845,517;263,190;0,000;574,200;585,200;557,700;313,850;;;;;0,00;0,00;0,00;3,00;5,17;14,990;28,468;0,58;0,54;999998,00;999998,00;999998,00;999998,00;999998,00;999998,00;999998,00;999998,00;999998,00;999998,00;999998,00;999998,00;999998,00;999998,00;999998,00;;;;;;;;;;;;;;;;;398,3604;17,40424;57,3031;0,22920736;0,22920736;0,00026;1,54726;23,2950;21,449848;0,058988;23,846799;25,383343;0,0131;1,3116;0,75;75,08;0,00;0,35;30,11;;155,005;155,114;3,9891810;19,67700;1,12600;0,01000;0,0627974;;61,78;149,00;;;
SEA 060s [m²/kg];79,4;150;19,70000;1,11900;0,000000;97,875;94,55;-10,0200;0,000;101,080;32,100;0,000;392,950;417,750;28,70;845,683;263,190;0,000;574,800;585,200;557,600;313,850;;;;;0,00;0,00;0,00;3,00;5,17;15,017;28,438;0,58;0,54;999998,00;999998,00;999998,00;999998,00;999998,00;999998,00;999998,00;999998,00;999998,00;999998,00;999998,00;999998,00;999998,00;999998,00;999998,00;;;;;;;;;;;;;;;;;408,3986;39,90018;123,4299;0,10249837;0,10249837;-0,00223;3,53105;23,7034;21,809649;0,055908;24,265332;25,796774;0,0127;1,2634;0,76;76,34;0,00;0,36;30,78;;156,661;155,114;4,0897040;19,67000;1,13000;-0,00300;0,0633201;;61,67;150,00;;;
SEA 120s [m²/kg];89,3;151;19,69400;1,12200;0,022000;92,100;94,99;-10,1500;0,000;101,080;32,100;0,000;393,250;418,250;28,70;845,850;263,190;0,000;575,400;585,100;557,600;313,850;;;;;0,00;0,00;0,00;3,00;5,17;15,019;28,468;0,58;0,54;999998,00;999998,00;999998,00;999998,00;999998,00;999998,00;999998,00;999998,00;999998,00;999998,00;999998,00;999998,00;999998,00;999998,00;999998,00;;;;;;;;;;;;;;;;;396,3087;34,53113;97,9081;0,11492920;0,11492920;0,00231;3,05929;24,0997;21,148369;0,051220;23,547559;25,044543;0,0113;1,1237;0,78;77,47;0,00;0,35;29,99;;158,288;158,322;3,9686350;19,66400;1,13200;0,02100;0,0633693;;61,54;151,00;;;
SEA 180s [m²/kg];93,5;152;19,68400;1,12300;0,015000;95,800;93,99;-10,2799;0,000;101,080;32,100;0,000;393,650;418,450;28,70;845,883;263,190;0,000;575,600;585,000;557,600;313,850;;;;;0,00;0,00;0,00;3,00;5,17;14,960;28,470;0,58;0,54;999998,00;999998,00;999998,00;999998,00;999998,00;999998,00;999998,00;999998,00;999998,00;999998,00;999998,00;999998,00;999998,00;999998,00;999998,00;;;;;;;;;;;;;;;;;403,0061;16,19818;55,6173;0,24914551;0,24914551;0,00217;1,43724;24,5027;21,558030;0,061847;24,028109;25,541883;0,0139;1,3837;0,79;78,85;0,00;0,36;30,50;;159,876;158,322;4,0357030;19,66700;1,13100;0,02000;0,0632145;;61,41;152,00;;;
SEA 240s [m²/kg];96,7;153;19,67700;1,12000;0,022000;94,975;93,58;-10,6100;0,000;101,074;32,100;0,000;393,950;418,750;28,70;845,917;263,190;0,000;575,800;585,000;557,500;313,850;;;;;0,00;0,00;0,00;3,00;5,17;14,990;28,492;0,58;0,53;999998,00;999998,00;999998,00;999998,00;999998,00;999998,00;999998,00;999998,00;999998,00;999998,00;999998,00;999998,00;999998,00;999998,00;999998,00;;;;;;;;;;;;;;;;;399,9115;17,47279;64,4631;0,22919718;0,22919718;0,00405;1,54927;24,9026;21,456829;0,066207;23,933538;25,440206;0,0148;1,4754;0,80;80,32;0,00;0,36;30,31;;161,455;161,457;4,0047143;19,66900;1,12700;0,03000;0,0630246;;61,08;153,00;;;
SEA 300s [m²/kg];99,9;154;19,67600;1,12000;0,006000;93,450;94,26;-10,7100;0,000;101,080;32,100;0,000;394,450;419,250;28,70;845,883;263,190;0,000;575,800;584,900;557,500;313,850;;;;;0,00;0,00;0,00;3,00;5,18;15,042;28,476;0,58;0,54;999998,00;999998,00;999998,00;999998,00;999998,00;999998,00;999998,00;999998,00;999998,00;999998,00;999998,00;999998,00;999998,00;999998,00;999998,00;;;;;;;;;;;;;;;;;395,7688;41,32824;136,2610;0,09589640;0,09589640;0,00083;3,65709;25,2984;21,270373;0,058997;23,755674;25,249249;0,0131;1,3049;0,82;81,63;0,00;0,35;29,90;;162,990;161,457;3,9632292;19,67500;1,12300;0,01300;0,0629163;;60,98;154,00;;;
SEA 360s [m²/kg];110,3;155;19,67700;1,12100;0,016000;96,450;93,48;-10,8401;0,000;101,082;32,100;0,000;394,550;419,250;28,70;845,450;263,190;0,000;574,700;584,800;557,400;313,850;;;;;0,00;0,00;0,00;3,00;5,18;15,023;28,476;0,58;0,53;999998,00;999998,00;999998,00;999998,00;999998,00;999998,00;999998,00;999998,00;999998,00;999998,00;999998,00;999998,00;999998,00;999998,00;999998,00;;;;;;;;;;;;;;;;;402,2473;34,52300;129,6404;0,11667887;0,11667887;0,00027;3,05318;25,7006;21,606356;0,067233;24,137031;25,648081;0,0151;1,5105;0,83;83,14;0,00;0,36;30,37;;164,513;164,549;4,0281046;19,67500;1,12300;0,01000;0,0629518;;60,85;155,00;;;
SEA Test [m²/kg];103,3;156;19,67900;1,12100;0,012000;100,475;92,44;-10,9700;0,000;101,080;32,100;0,000;394,750;419,050;28,70;845,383;263,190;0,000;574,600;584,700;557,400;313,850;;;;;0,00;0,00;0,00;3,00;5,18;15,036;28,473;0,58;0,53;999998,00;999998,00;999998,00;999998,00;999998,00;999998,00;999998,00;999998,00;999998,00;999998,00;999998,00;999998,00;999998,00;999998,00;999998,00;;;;;;;;;;;;;;;;;411,8384;16,95681;73,9930;0,24321493;0,24321493;0,00008;1,49875;26,1124;22,046993;0,078428;24,641763;26,158659;0,0180;1,7971;0,85;84,94;0,00;0,36;31,09;;166,067;164,549;4,1241501;19,67100;1,12600;0,00900;0,0631660;;60,72;156,00;;;
Results SPR;;157;19,67600;1,12000;-0,004000;95,525;94,03;-11,2899;0,000;101,082;32,100;0,000;395,050;419,250;28,60;845,050;263,190;0,000;573,800;584,600;557,300;313,850;;;;;0,00;0,00;0,00;3,00;5,18;15,002;28,476;0,58;0,54;999998,00;999998,00;999998,00;999998,00;999998,00;999998,00;999998,00;999998,00;999998,00;999998,00;999998,00;999998,00;999998,00;999998,00;999998,00;;;;;;;;;;;;;;;;;402,7664;18,12442;61,7496;0,22253418;0,22253418;-0,00182;1,59952;26,5152;21,488887;0,061411;24,036225;25,508638;0,0137;1,3722;0,86;86,31;0,00;0,36;30,35;;167,604;167,580;4,0333025;19,66900;1,12800;-0,00100;0,0633795;;60,40;157,00;;;
SPR max [m²/s];0,033;158;19,67800;1,12000;0,009000;96,625;93,85;-11,3900;0,000;101,072;32,100;0,000;395,150;419,050;28,70;845,083;263,190;0,000;574,000;584,500;557,300;313,850;;;;;0,00;0,00;0,00;3,00;5,18;15,036;28,476;0,58;0,54;999998,00;999998,00;999998,00;999998,00;999998,00;999998,00;999998,00;999998,00;999998,00;999998,00;999998,00;999998,00;999998,00;999998,00;999998,00;;;;;;;;;;;;;;;;;406,7667;39,71316;138,8587;0,10256958;0,10256958;-0,00202;3,51558;26,9220;21,609524;0,063326;24,177281;25,639603;0,0142;1,4223;0,88;87,73;0,00;0,36;30,67;;169,105;167,580;4,0733618;19,66300;1,13600;-0,00200;0,0636534;;60,30;158,00;;;
Max at [s];505;159;19,67800;1,12600;-0,004000;94,650;92,85;-11,5300;0,000;101,074;32,100;0,000;395,350;419,350;28,70;845,317;263,190;0,000;574,700;584,500;557,300;313,850;;;;;0,00;0,00;0,00;3,00;5,18;14,954;28,454;0,58;0,53;999998,00;999998,00;999998,00;999998,00;999998,00;999998,00;999998,00;999998,00;999998,00;999998,00;999998,00;999998,00;999998,00;999998,00;999998,00;;;;;;;;;;;;;;;;;405,1022;33,34079;135,4597;0,12167358;0,12167358;-0,00219;2,94855;27,3271;21,382125;0,074009;23,934970;25,387959;0,0165;1,6459;0,90;89,38;0,00;0,36;30,53;;170,595;170,553;4,0566934;19,65500;1,14200;-0,00300;0,0640698;;60,16;159,00;;;
SPR 060s [m²/s];0,011;160;19,68000;1,13000;0,010000;94,300;92,49;-11,6600;0,000;101,074;32,100;0,000;395,750;419,550;28,70;845,217;263,190;0,000;574,500;584,500;557,200;313,850;;;;;0,00;0,00;0,00;3,00;5,18;14,985;28,460;0,58;0,53;999998,00;999998,00;999998,00;999998,00;999998,00;999998,00;999998,00;999998,00;999998,00;999998,00;999998,00;999998,00;999998,00;999998,00;999998,00;;;;;;;;;;;;;;;;;404,7453;16,43314;70,2372;0,24664307;0,24664307;0,00233;1,46174;27,7318;21,331767;0,077935;23,902758;25,340245;0,0173;1,7299;0,91;91,11;0,00;0,36;30,65;;172,059;170,553;4,0531197;19,64700;1,15000;0,02100;0,0641672;;60,03;160,00;;;
SPR 120s [m²/s];0,013;161;19,67700;1,13200;-0,003000;95,800;93,01;-11,9900;0,000;101,074;32,100;0,000;395,750;419,450;28,70;845,283;263,190;0,000;574,800;584,400;557,200;313,850;;;;;0,00;0,00;0,00;3,00;5,18;14,992;28,465;0,58;0,53;999998,00;999998,00;999998,00;999998,00;999998,00;999998,00;999998,00;999998,00;999998,00;999998,00;999998,00;999998,00;999998,00;999998,00;999998,00;;;;;;;;;;;;;;;;;409,7543;17,03991;67,3007;0,24080404;0,24080404;0,00311;1,51177;28,1416;21,500756;0,072353;24,092115;25,534902;0,0162;1,6184;0,93;92,73;0,00;0,36;31,03;;173,520;173,496;4,1032799;19,64100;1,15200;0,02500;0,0644530;;59,70;161,00;;;
SPR 180s [m²/s];0,015;162;19,67000;1,13100;0,021000;94,400;93,04;-12,1100;0,000;101,080;32,100;0,000;396,150;420,150;28,70;845,250;263,190;0,000;574,800;584,400;557,100;313,850;;;;;0,00;0,00;0,00;3,00;5,19;14,987;28,494;0,58;0,53;999998,00;999998,00;999998,00;999998,00;999998,00;999998,00;999998,00;999998,00;999998,00;999998,00;999998,00;999998,00;999998,00;999998,00;999998,00;;;;;;;;;;;;;;;;;408,1864;37,73362;147,8306;0,10832723;0,10832723;0,00309;3,35835;28,5498;21,332296;0,071939;23,927511;25,377115;0,0160;1,5992;0,94;94,32;0,00;0,36;30,93;;174,973;173,496;4,0875791;19,63500;1,16000;0,02500;0,0647151;;59,58;162,00;;;
SPR 240s [m²/s];0,017;163;19,66400;1,12700;0,020000;93,925;93,92;-12,2400;0,000;101,072;32,100;0,000;396,450;420,250;28,70;845,483;263,190;0,000;575,600;584,300;557,100;313,850;;;;;0,00;0,00;0,00;3,00;5,19;15,027;28,468;0,58;0,54;999998,00;999998,00;999998,00;999998,00;999998,00;999998,00;999998,00;999998,00;999998,00;999998,00;999998,00;999998,00;999998,00;999998,00;999998,00;;;;;;;;;;;;;;;;;410,6470;32,23408;108,8164;0,12757365;0,12757365;0,00176;2,86385;28,9604;21,270506;0,062528;23,876272;25,309631;0,0139;1,3863;0,96;95,71;0,00;0,37;31,08;;176,412;176,400;4,1122188;19,62500;1,16800;0,01800;0,0652977;;59,45;163,00;;;
SPR 300s [m²/s];0,018;164;19,66700;1,12300;0,030000;99,000;93,29;-12,3601;0,000;101,082;32,100;0,000;396,750;420,750;28,60;845,417;263,190;0,000;575,600;584,200;557,000;313,850;;;;;0,00;0,00;0,00;3,00;5,19;15,011;28,476;0,58;0,53;999998,00;999998,00;999998,00;999998,00;999998,00;999998,00;999998,00;999998,00;999998,00;999998,00;999998,00;999998,00;999998,00;999998,00;999998,00;;;;;;;;;;;;;;;;;424,4864;47,63695;177,1978;0,08923340;0,08923340;0,00065;4,22437;29,3849;21,829339;0,069315;24,522107;26,005486;0,0158;1,5790;0,97;97,29;0,00;0,38;32,09;;177,882;176,400;4,2508067;19,61700;1,17400;0,01200;0,0657731;;59,33;164,00;;;
SPR 360s [m²/s];0,018;165;19,66900;1,12300;0,013000;96,650;93,91;-12,4601;0,000;101,082;32,100;0,000;396,950;420,750;28,60;845,517;263,190;0,000;576,000;584,100;557,000;313,850;;;;;0,00;0,00;0,00;3,00;5,19;14,964;28,478;0,58;0,54;999998,00;999998,00;999998,00;999998,00;999998,00;999998,00;999998,00;999998,00;999998,00;999998,00;999998,00;999998,00;999998,00;999998,00;999998,00;;;;;;;;;;;;;;;;;419,5348;17,82387;59,8875;0,23570760;0,23570760;0,00122;1,57136;29,8044;21,563262;0,062643;24,235419;25,688507;0,0141;1,4096;0,99;98,70;0,00;0,37;31,70;;179,362;179,293;4,2012212;19,61700;1,16800;0,01500;0,0658085;;59,23;165,00;;;
SPR Test [m²/s];0,016;166;19,67500;1,12600;0,010000;92,775;93,63;-12,7999;0,000;101,074;32,100;0,000;397,150;421,150;28,70;845,417;263,190;0,000;575,800;584,100;556,900;313,850;;;;;0,00;0,00;0,00;3,00;5,19;14,971;28,478;0,58;0,54;999998,00;999998,00;999998,00;999998,00;999998,00;999998,00;999998,00;999998,00;999998,00;999998,00;999998,00;999998,00;999998,00;999998,00;999998,00;;;;;;;;;;;;;;;;;408,3522;16,03720;56,8475;0,25498454;0,25498454;0,00045;1,41518;30,2128;21,121251;0,065610;23,750594;25,185855;0,0145;1,4475;1,00;100,15;0,00;0,36;30,84;;180,775;179,293;4,0892390;19,62600;1,16200;0,01100;0,0653917;;58,89;166,00;;;
Results COY;;167;19,67500;1,12800;0,009000;97,125;94,53;-12,9301;0,000;101,074;32,100;0,000;397,750;422,050;28,60;845,417;263,190;0,000;576,100;583,900;556,800;313,850;;;;;0,00;0,00;0,00;3,00;5,19;15,021;28,462;0,58;0,54;999998,00;999998,00;999998,00;999998,00;999998,00;999998,00;999998,00;999998,00;999998,00;999998,00;999998,00;999998,00;999998,00;999998,00;999998,00;;;;;;;;;;;;;;;;;415,2376;36,38980;111,0824;0,11426799;0,11426799;0,00027;3,21712;30,6280;21,594436;0,056075;24,319370;25,805128;0,0127;1,2675;1,02;101,41;0,00;0,37;31,36;;182,158;182,145;4,1581890;19,63300;1,15800;0,01000;0,0650348;;58,76;167,00;;;
COY max [kg/kg];0,0392;168;19,67100;1,13600;-0,001000;91,750;94,29;-13,0601;0,000;101,074;32,100;0,000;398,050;422,450;28,60;845,317;263,190;0,000;575,800;583,900;556,800;313,850;;;;;0,00;0,00;0,00;3,00;5,19;14,992;28,465;0,58;0,54;999998,00;999998,00;999998,00;999998,00;999998,00;999998,00;999998,00;999998,00;999998,00;999998,00;999998,00;999998,00;999998,00;999998,00;999998,00;;;;;;;;;;;;;;;;;404,0183;39,18831;124,9403;0,10324097;0,10324097;-0,00215;3,45950;31,0320;20,980492;0,058596;23,645775;25,095234;0,0129;1,2881;1,03;102,70;0,00;0,36;30,45;;183,512;182,145;4,0458393;19,63400;1,15800;-0,00300;0,0651288;;58,63;168,00;;;
Max at [s];444;169;19,66900;1,14200;-0,002000;97,200;94,35;-13,1699;0,000;101,082;32,100;0,000;398,250;422,550;28,60;845,183;263,190;0,000;575,500;583,900;556,700;313,850;;;;;0,00;0,00;0,00;3,00;5,19;14,998;28,478;0,58;0,54;999998,00;999998,00;999998,00;999998,00;999998,00;999998,00;999998,00;999998,00;999998,00;999998,00;999998,00;999998,00;999998,00;999998,00;999998,00;;;;;;;;;;;;;;;;;414,7615;18,67102;59,0583;0,22245280;0,22245280;0,00160;1,65660;31,4468;21,589206;0,057984;24,344044;25,829443;0,0131;1,3119;1,04;104,01;0,00;0,37;31,38;;184,849;184,900;4,1534213;19,63200;1,16100;0,01700;0,0649761;;58,52;169,00;;;
COY 060s [kg/kg];0,0042;170;19,66300;1,15000;-0,003000;93,025;94,39;-13,4800;0,000;101,082;32,100;0,000;398,350;422,450;28,60;845,117;263,190;0,000;575,500;583,700;556,700;313,850;;;;;0,00;0,00;0,00;3,00;5,20;14,985;28,476;0,58;0,54;999998,00;999998,00;999998,00;999998,00;999998,00;999998,00;999998,00;999998,00;999998,00;999998,00;999998,00;999998,00;999998,00;999998,00;999998,00;;;;;;;;;;;;;;;;;407,3281;16,87486;52,7459;0,24171956;0,24171956;-0,00011;1,49395;31,8541;21,117809;0,057541;23,818475;25,259483;0,0127;1,2732;1,05;105,29;0,00;0,36;30,76;;186,179;184,900;4,0789840;19,62900;1,16300;0,00800;0,0652371;;58,21;170,00;;;
COY 120s [kg/kg];0,0036;171;19,65500;1,15200;0,021000;94,475;94,02;-13,6200;0,000;101,082;32,100;0,000;398,650;422,850;28,60;844,717;263,190;0,000;574,400;583,700;556,600;313,850;;;;;0,00;0,00;0,00;3,00;5,20;15,015;28,478;0,58;0,54;999998,00;999998,00;999998,00;999998,00;999998,00;999998,00;999998,00;999998,00;999998,00;999998,00;999998,00;999998,00;999998,00;999998,00;999998,00;;;;;;;;;;;;;;;;;409,8908;32,19012;107,6927;0,12751261;0,12751261;0,00439;2,85802;32,2640;21,273748;0,061463;24,012426;25,470097;0,0137;1,3713;1,07;106,66;0,00;0,36;31,08;;187,480;187,560;4,1046465;19,62500;1,16500;0,03200;0,0651679;;58,07;171,00;;;
COY 180s [kg/kg];0,0037;172;19,64700;1,16000;0,025000;97,625;93,17;-13,7600;0,000;101,074;32,100;0,000;398,850;423,050;28,60;844,517;263,190;0,000;573,900;583,600;556,600;313,850;;;;;0,00;0,00;0,00;3,00;5,20;15,015;28,476;0,58;0,53;999998,00;999998,00;999998,00;999998,00;999998,00;999998,00;999998,00;999998,00;999998,00;999998,00;999998,00;999998,00;999998,00;999998,00;999998,00;;;;;;;;;;;;;;;;;417,6953;37,17776;142,5175;0,11250814;0,11250814;0,00370;3,28897;32,6817;21,620073;0,070584;24,415579;25,896980;0,0160;1,6012;1,08;108,26;0,00;0,37;31,64;;188,796;187,560;4,1828004;19,62300;1,16400;0,02800;0,0653458;;57,93;172,00;;;
COY 240s [kg/kg];0,0039;173;19,64100;1,16800;0,025000;94,250;94,05;-13,8800;0,000;101,074;32,100;0,000;399,250;423,650;28,70;844,583;263,190;0,000;574,200;583,600;556,500;313,850;;;;;0,00;0,00;0,00;3,00;5,20;14,985;28,476;0,58;0,54;999998,00;999998,00;999998,00;999998,00;999998,00;999998,00;999998,00;999998,00;999998,00;999998,00;999998,00;999998,00;999998,00;999998,00;999998,00;;;;;;;;;;;;;;;;;408,4258;16,92603;56,5697;0,24163818;0,24163818;0,00307;1,49988;33,0901;21,232428;0,061185;24,001857;25,468721;0,0137;1,3650;1,10;109,63;0,00;0,36;30,93;;190,092;190,122;4,0899755;19,62900;1,16100;0,02500;0,0650600;;57,81;173,00;;;
COY 300s [kg/kg];0,0044;174;19,63500;1,17400;0,018000;94,325;94,06;-14,2100;0,000;101,082;32,100;0,000;399,550;423,950;28,70;844,683;263,190;0,000;574,600;583,500;556,500;313,850;;;;;0,00;0,00;0,00;3,00;5,20;14,960;28,476;0,58;0,54;999998,00;999998,00;999998,00;999998,00;999998,00;999998,00;999998,00;999998,00;999998,00;999998,00;999998,00;999998,00;999998,00;999998,00;999998,00;;;;;;;;;;;;;;;;;407,7686;17,31800;57,9330;0,23578898;0,23578898;0,00345;1,53988;33,4979;21,232898;0,061098;24,020425;25,487321;0,0137;1,3641;1,11;110,99;0,00;0,36;30,91;;191,345;190,122;4,0833945;19,63000;1,16300;0,02700;0,0649533;;57,48;174,00;;;
COY 360s [kg/kg];0,0050;175;19,62500;1,16800;0,012000;92,275;93,37;-14,3199;0,000;101,074;32,100;0,000;399,850;424,350;28,60;844,550;263,190;0,000;574,300;583,500;556,400;313,950;;;;;0,00;0,00;0,00;3,00;5,20;15,008;28,481;0,58;0,53;999998,00;999998,00;999998,00;999998,00;999998,00;999998,00;999998,00;999998,00;999998,00;999998,00;999998,00;999998,00;999998,00;999998,00;999998,00;;;;;;;;;;;;;;;;;404,4806;39,17140;146,3529;0,10340373;0,10340373;0,00304;3,46857;33,9024;20,993020;0,068398;23,766886;25,223154;0,0151;1,5112;1,13;112,50;0,00;0,36;30,63;;192,572;192,594;4,0504684;19,62700;1,16200;0,02500;0,0651671;;57,37;175,00;;;
COY Test [kg/kg];0,0050;176;19,61700;1,16200;0,015000;94,975;93,14;-14,4501;0,000;101,082;32,100;0,000;400,150;424,450;28,70;844,417;263,190;0,000;574,000;583,400;556,400;313,850;;;;;0,00;0,00;0,00;3,00;5,20;14,992;28,500;0,58;0,53;999998,00;999998,00;999998,00;999998,00;999998,00;999998,00;999998,00;999998,00;999998,00;999998,00;999998,00;999998,00;999998,00;999998,00;999998,00;;;;;;;;;;;;;;;;;411,0199;39,48616;152,6518;0,10423787;0,10423787;0,00083;3,49261;34,3134;21,289952;0,070897;24,121137;25,585947;0,0159;1,5890;1,14;114,09;0,00;0,36;31,06;;193,795;192,594;4,1159533;19,62700;1,16300;0,01300;0,0652969;;57,24;176,00;;;
Results CO2Y;;177;19,61700;1,15800;0,011000;96,025;92,90;-14,5601;0,000;101,086;32,100;0,000;400,150;424,350;28,70;844,417;263,190;0,000;574,100;583,300;556,400;313,850;;;;;0,00;0,00;0,00;3,00;5,20;15,013;28,497;0,58;0,53;999998,00;999998,00;999998,00;999998,00;999998,00;999998,00;999998,00;999998,00;999998,00;999998,00;999998,00;999998,00;999998,00;999998,00;999998,00;;;;;;;;;;;;;;;;;416,2775;18,26079;72,6227;0,22828166;0,22828166;-0,00238;1,61363;34,7297;21,407314;0,073479;24,254106;25,720930;0,0166;1,6555;1,16;115,75;0,00;0,37;31,37;;195,037;195,055;4,1686026;19,62100;1,17000;-0,00400;0,0657714;;57,13;177,00;;;
CO2Y max [kg/kg];4,1385;178;19,62600;1,15800;0,010000;94,525;91,88;-14,8800;0,000;101,078;32,000;0,000;400,250;424,250;28,70;844,283;263,190;0,000;573,800;583,300;556,300;313,850;;;;;0,00;0,00;0,00;3,00;5,21;15,021;28,492;0,58;0,53;999998,00;999998,00;999998,00;999998,00;999998,00;999998,00;999998,00;999998,00;999998,00;999998,00;999998,00;999998,00;999998,00;999998,00;999998,00;;;;;;;;;;;;;;;;;415,4851;16,75585;76,1361;0,24831136;0,24831136;-0,00180;1,48212;35,1452;21,236802;0,084485;24,066932;25,510046;0,0189;1,8879;1,18;117,63;0,00;0,37;31,33;;196,278;195,055;4,1606682;19,61200;1,17800;-0,00100;0,0661763;;56,81;178,00;;;
Max at [s];376;179;19,63300;1,16100;-0,003000;97,225;93,03;-15,0200;0,000;101,080;32,000;0,000;400,450;424,250;28,70;844,083;263,190;0,000;573,300;583,200;556,300;313,850;;;;;0,00;0,00;0,00;3,00;5,21;15,023;28,486;0,58;0,53;999998,00;999998,00;999998,00;999998,00;999998,00;999998,00;999998,00;999998,00;999998,00;999998,00;999998,00;999998,00;999998,00;999998,00;999998,00;;;;;;;;;;;;;;;;;423,8310;35,36115;136,1735;0,12002563;0,12002563;-0,00144;3,13365;35,5690;21,532589;0,072037;24,414331;25,865351;0,0163;1,6321;1,19;119,27;0,00;0,38;31,98;;197,526;197,569;4,2442440;19,60300;1,18700;0,00100;0,0665813;;56,67;179,00;;;
CO2Y 060s [kg/kg];2,0977;180;19,63400;1,16300;0,017000;94,325;92,50;-15,1500;0,000;101,082;32,000;0,000;400,450;423,950;28,70;844,050;263,190;0,000;573,200;583,200;556,300;313,850;;;;;0,00;0,00;0,00;3,00;5,21;14,977;28,486;0,58;0,53;999998,00;999998,00;999998,00;999998,00;999998,00;999998,00;999998,00;999998,00;999998,00;999998,00;999998,00;999998,00;999998,00;999998,00;999998,00;;;;;;;;;;;;;;;;;421,2465;37,80145;155,6021;0,11159261;0,11159261;0,00064;3,37216;35,9903;21,209024;0,077754;24,047463;25,458664;0,0174;1,7340;1,21;121,00;0,00;0,38;31,88;;198,776;197,569;4,2183627;19,58700;1,20500;0,01200;0,0671901;;56,54;180,00;;;
CO2Y 120s [kg/kg];2,0968;181;19,63200;1,16500;0,008000;93,200;91,82;-15,2799;0,000;101,086;32,000;0,000;400,750;424,450;28,70;844,050;263,190;0,000;573,300;583,100;556,300;313,850;;;;;0,00;0,00;0,00;3,00;5,21;15,021;28,497;0,58;0,52;999998,00;999998,00;999998,00;999998,00;999998,00;999998,00;999998,00;999998,00;999998,00;999998,00;999998,00;999998,00;999998,00;999998,00;999998,00;;;;;;;;;;;;;;;;;424,1627;16,76783;74,6617;0,25331624;0,25331624;0,00100;1,49137;36,4144;21,074275;0,085131;23,912580;25,326749;0,0189;1,8887;1,23;122,89;0,00;0,38;32,09;;200,013;200,071;4,2475649;19,56900;1,21700;0,01400;0,0680944;;56,41;181,00;;;
CO2Y 180s [kg/kg];2,0952;182;19,62900;1,16400;0,032000;96,225;92,35;-15,6200;0,000;101,082;32,000;0,000;400,850;424,150;28,70;844,217;263,190;0,000;573,900;583,100;556,200;313,850;;;;;0,00;0,00;0,00;3,00;5,21;15,013;28,478;0,57;0,53;999998,00;999998,00;999998,00;999998,00;999998,00;999998,00;999998,00;999998,00;999998,00;999998,00;999998,00;999998,00;999998,00;999998,00;999998,00;;;;;;;;;;;;;;;;;433,9979;17,73494;73,1338;0,24505615;0,24505615;0,00045;1,56893;36,8484;21,410877;0,079457;24,300578;25,713085;0,0179;1,7897;1,25;124,68;0,00;0,38;32,80;;201,272;200,071;4,3460554;19,56100;1,21900;0,01100;0,0685812;;56,07;182,00;;;
CO2Y 240s [kg/kg];2,1039;183;19,62500;1,16100;0,028000;92,725;92,54;-15,7400;0,000;101,082;32,000;0,000;400,950;424,550;28,70;844,017;263,190;0,000;573,400;583,000;556,200;313,850;;;;;0,00;0,00;0,00;3,00;5,21;15,015;28,489;0,57;0,53;999998,00;999998,00;999998,00;999998,00;999998,00;999998,00;999998,00;999998,00;999998,00;999998,00;999998,00;999998,00;999998,00;999998,00;999998,00;;;;;;;;;;;;;;;;;423,7749;35,60998;143,9247;0,11917114;0,11917114;0,00156;3,13696;37,2722;21,015259;0,077401;23,857517;25,261775;0,0172;1,7128;1,27;126,39;0,00;0,37;32,03;;202,515;202,518;4,2436817;19,56800;1,20800;0,01700;0,0682243;;55,95;183,00;;;
CO2Y 300s [kg/kg];2,1100;184;19,62300;1,16300;0,025000;94,425;93,06;-15,8900;0,000;101,086;32,000;0,000;401,450;425,450;28,70;843,983;263,190;0,000;573,300;583,000;556,200;313,950;;;;;0,00;0,00;0,00;3,00;5,21;15,023;28,476;0,57;0,53;999998,00;999998,00;999998,00;999998,00;999998,00;999998,00;999998,00;999998,00;999998,00;999998,00;999998,00;999998,00;999998,00;999998,00;999998,00;;;;;;;;;;;;;;;;;422,7850;35,52679;134,7989;0,11917114;0,11917114;-0,00030;3,12825;37,6950;21,193818;0,071731;24,090229;25,530422;0,0161;1,6042;1,28;127,99;0,00;0,37;31,90;;203,715;202,518;4,2337687;19,58500;1,19500;0,00700;0,0674855;;55,80;184,00;;;
CO2Y 360s [kg/kg];2,1089;185;19,62900;1,16200;0,027000;92,075;93,27;-16,0100;0,000;101,074;32,000;0,000;401,850;426,250;28,70;844,017;263,190;0,000;573,400;583,000;556,200;313,950;;;;;0,00;0,00;0,00;3,00;5,21;14,998;28,478;0,57;0,53;999998,00;999998,00;999998,00;999998,00;999998,00;999998,00;999998,00;999998,00;999998,00;999998,00;999998,00;999998,00;999998,00;999998,00;999998,00;;;;;;;;;;;;;;;;;413,7078;16,90580;62,8592;0,24505615;0,24505615;0,00100;1,49756;38,1087;20,918008;0,069559;23,800417;25,245559;0,0154;1,5383;1,30;129,53;0,00;0,37;31,28;;204,875;204,856;4,1428696;19,59400;1,19200;0,01400;0,0669038;;55,68;185,00;;;
CO2Y Test [kg/kg];2,1106;186;19,63000;1,16300;0,025000;94,775;93,41;-16,3501;0,000;101,078;32,000;0,000;402,250;426,550;28,70;844,350;263,190;0,000;574,500;582,900;556,200;313,950;;;;;0,00;0,00;0,00;3,00;5,22;15,021;28,478;0,57;0,53;999998,00;999998,00;999998,00;999998,00;999998,00;999998,00;999998,00;999998,00;999998,00;999998,00;999998,00;999998,00;999998,00;999998,00;999998,00;;;;;;;;;;;;;;;;;422,0457;16,68415;60,3000;0,25331624;0,25331624;0,00120;1,48831;38,5307;21,211936;0,067973;24,158871;25,618312;0,0153;1,5254;1,31;131,06;0,00;0,38;31,95;;206,020;204,856;4,2263653;19,58400;1,20700;0,01500;0,0673094;;55,34;186,00;;;
;;187;19,62700;1,17000;0,013000;92,200;92,15;-16,4800;0,000;101,074;32,000;0,000;402,250;426,250;28,70;844,450;263,190;0,000;574,800;583,000;556,100;313,950;;;;;0,00;0,00;0,00;3,00;5,22;14,966;28,516;0,57;0,53;999998,00;999998,00;999998,00;999998,00;999998,00;999998,00;999998,00;999998,00;999998,00;999998,00;999998,00;999998,00;999998,00;999998,00;999998,00;;;;;;;;;;;;;;;;;423,6447;37,73460;160,8455;0,11242676;0,11242676;-0,00233;3,34455;38,9544;20,921791;0,081643;23,828417;25,250125;0,0181;1,8058;1,33;132,86;0,00;0,38;31,96;;207,179;207,143;4,2423785;19,56500;1,22000;-0,00400;0,0685083;;55,21;187,00;;;
;;188;19,62700;1,17800;-0,004000;95,300;93,38;-16,6100;0,000;101,074;32,000;0,000;402,250;425,750;28,70;844,417;263,190;0,000;574,800;582,900;556,100;313,950;;;;;0,00;0,00;0,00;3,00;5,22;14,994;28,486;0,57;0,53;999998,00;999998,00;999998,00;999998,00;999998,00;999998,00;999998,00;999998,00;999998,00;999998,00;999998,00;999998,00;999998,00;999998,00;999998,00;;;;;;;;;;;;;;;;;433,2298;37,99701;134,7019;0,11417643;0,11417643;-0,00161;3,35390;39,3876;21,270606;0,068379;24,225692;25,640990;0,0154;1,5358;1,35;134,40;0,00;0,38;32,68;;208,356;207,143;4,3383634;19,55700;1,22200;0,00000;0,0689127;;55,08;188,00;;;
;;189;19,62100;1,18700;-0,001000;93,325;92,56;-16,7400;0,000;101,074;32,000;0,000;402,250;425,650;28,70;844,583;263,190;0,000;575,300;582,900;556,100;313,950;;;;;0,00;0,00;0,00;3,00;5,22;14,985;28,478;0,57;0,53;999998,00;999998,00;999998,00;999998,00;999998,00;999998,00;999998,00;999998,00;999998,00;999998,00;999998,00;999998,00;999998,00;999998,00;999998,00;;;;;;;;;;;;;;;;;428,2811;17,86621;71,4929;0,24005127;0,24005127;-0,00141;1,58532;39,8159;21,049045;0,077123;23,973351;25,367947;0,0172;1,7138;1,36;136,11;0,00;0,38;32,34;;209,533;209,458;4,2888065;19,55700;1,22700;0,00100;0,0688422;;54,95;189,00;;;
;;190;19,61200;1,20500;0,001000;91,450;93,36;-17,0601;0,000;101,086;32,000;0,000;402,750;426,750;28,70;844,683;263,190;0,000;575,700;582,800;556,100;313,950;;;;;0,00;0,00;0,00;3,00;5,22;15,000;28,497;0,57;0,53;999998,00;999998,00;999998,00;999998,00;999998,00;999998,00;999998,00;999998,00;999998,00;999998,00;999998,00;999998,00;999998,00;999998,00;999998,00;;;;;;;;;;;;;;;;;425,3685;17,27046;61,3345;0,24664307;0,24664307;0,00081;1,53289;40,2412;20,823586;0,068541;23,746048;25,161082;0,0151;1,5107;1,38;137,62;0,00;0,38;32,17;;210,677;209,458;4,2596403;19,54900;1,23200;0,01300;0,0691173;;54,63;190,00;;;
;;191;19,60300;1,21700;0,012000;96,475;93,90;-17,2000;0,000;101,082;32,000;0,000;403,250;427,250;28,70;844,817;263,190;0,000;576,100;582,800;556,100;313,950;;;;;0,00;0,00;0,00;3,00;5,22;15,013;28,494;0,57;0,54;999998,00;999998,00;999998,00;999998,00;999998,00;999998,00;999998,00;999998,00;999998,00;999998,00;999998,00;999998,00;999998,00;999998,00;999998,00;;;;;;;;;;;;;;;;;438,5648;36,36849;117,9597;0,12075806;0,12075806;0,00026;3,21915;40,6798;21,374779;0,062802;24,404858;25,857348;0,0142;1,4225;1,39;139,05;0,00;0,39;33,14;;211,835;211,803;4,3917879;19,54400;1,23400;0,01000;0,0694259;;54,49;191,00;;;
;;192;19,58700;1,21900;0,014000;93,825;93,64;-17,3300;0,000;101,074;32,000;0,000;403,250;427,350;28,70;844,917;263,190;0,000;576,600;582,700;556,000;313,950;;;;;0,00;0,00;0,00;3,00;5,22;15,002;28,492;0,57;0,53;999998,00;999998,00;999998,00;999998,00;999998,00;999998,00;999998,00;999998,00;999998,00;999998,00;999998,00;999998,00;999998,00;999998,00;999998,00;;;;;;;;;;;;;;;;;431,6977;40,81151;138,3846;0,10592651;0,10592651;0,00379;3,62522;41,1115;21,079171;0,065518;24,067345;25,505715;0,0147;1,4638;1,41;140,51;0,00;0,38;32,73;;212,998;211,803;4,3230210;19,54200;1,23600;0,02900;0,0692979;;54,36;192,00;;;
;;193;19,56900;1,20800;0,011000;96,075;93,33;-17,4501;0,000;101,074;32,000;0,000;403,850;428,150;28,70;844,383;263,190;0,000;575,000;582,700;556,000;314,050;;;;;0,00;0,00;0,00;3,00;5,22;15,021;28,502;0,57;0,53;999998,00;999998,00;999998,00;999998,00;999998,00;999998,00;999998,00;999998,00;999998,00;999998,00;999998,00;999998,00;999998,00;999998,00;999998,00;;;;;;;;;;;;;;;;;436,5955;17,72702;63,2631;0,24663289;0,24663289;0,00403;1,57836;41,5481;21,314570;0,068839;24,372324;25,838828;0,0156;1,5581;1,42;142,07;0,00;0,39;33,12;;214,144;214,143;4,3720671;19,54100;1,23900;0,03000;0,0693102;;54,24;193,00;;;
;;194;19,56100;1,19500;0,017000;91,500;93,58;-17,7899;0,000;101,078;32,000;0,000;404,150;428,850;28,70;844,350;263,190;0,000;575,000;582,600;556,000;313,950;;;;;0,00;0,00;0,00;3,00;5,23;15,049;28,486;0,57;0,53;999998,00;999998,00;999998,00;999998,00;999998,00;999998,00;999998,00;999998,00;999998,00;999998,00;999998,00;999998,00;999998,00;999998,00;999998,00;;;;;;;;;;;;;;;;;428,2376;16,87404;57,7066;0,25414022;0,25414022;0,00338;1,50178;41,9763;20,793170;0,066218;23,793786;25,247965;0,0147;1,4645;1,44;143,53;0,00;0,38;32,47;;215,269;214,143;4,2883710;19,53400;1,24500;0,02700;0,0696906;;53,90;194,00;;;
;;195;19,56800;1,19200;0,007000;95,325;93,39;-17,9200;0,000;101,078;32,000;0,000;404,550;429,350;28,70;844,517;263,190;0,000;575,600;582,600;555,900;313,950;;;;;0,00;0,00;0,00;3,00;5,23;15,017;28,513;0,57;0,53;999998,00;999998,00;999998,00;999998,00;999998,00;999998,00;999998,00;999998,00;999998,00;999998,00;999998,00;999998,00;999998,00;999998,00;999998,00;;;;;;;;;;;;;;;;;438,9447;41,17239;144,4825;0,10676066;0,10676066;0,00007;3,64710;42,4153;21,212836;0,068190;24,298038;25,787573;0,0154;1,5403;1,45;145,07;0,00;0,39;33,17;;216,389;216,437;4,3955919;19,53200;1,24500;0,00900;0,0700207;;53,77;195,00;;;
;;196;19,58500;1,20700;0,014000;91,100;93,25;-18,0400;0,000;101,078;32,000;0,000;404,950;429,950;28,70;844,583;263,190;0,000;575,900;582,500;555,900;313,950;;;;;0,00;0,00;0,00;3,00;5,23;15,053;28,505;0,57;0,53;999998,00;999998,00;999998,00;999998,00;999998,00;999998,00;999998,00;999998,00;999998,00;999998,00;999998,00;999998,00;999998,00;999998,00;999998,00;;;;;;;;;;;;;;;;;430,1875;40,10641;143,7791;0,10741170;0,10741170;-0,00267;3,53315;42,8455;20,727166;0,069774;23,765207;25,232376;0,0154;1,5422;1,47;146,62;0,00;0,38;32,41;;217,502;216,437;4,3078974;19,53200;1,24200;-0,00600;0,0702320;;53,65;196,00;;;
;;197;19,59400;1,22000;0,015000;90,075;93,58;-18,1699;0,000;101,070;31,900;0,000;405,250;430,450;28,70;844,583;263,190;0,000;575,900;582,500;555,900;313,950;;;;;0,00;0,00;0,00;3,00;5,23;14,985;28,476;0,57;0,53;999998,00;999998,00;999998,00;999998,00;999998,00;999998,00;999998,00;999998,00;999998,00;999998,00;999998,00;999998,00;999998,00;999998,00;999998,00;;;;;;;;;;;;;;;;;427,8165;17,36986;59,1115;0,24664307;0,24664307;-0,00320;1,52942;43,2733;20,602602;0,066191;23,639885;25,109904;0,0146;1,4559;1,48;148,07;0,00;0,38;32,22;;218,576;218,639;4,2841543;19,53200;1,24200;-0,00900;0,0702672;;53,52;197,00;;;
;;198;19,58400;1,22200;-0,004000;89,200;93,65;-18,5000;0,000;101,074;32,000;0,000;405,750;431,350;28,70;844,783;263,190;0,000;576,700;582,400;555,800;313,950;;;;;0,00;0,00;0,00;3,00;5,23;14,994;28,497;0,57;0,53;999998,00;999998,00;999998,00;999998,00;999998,00;999998,00;999998,00;999998,00;999998,00;999998,00;999998,00;999998,00;999998,00;999998,00;999998,00;;;;;;;;;;;;;;;;;424,5479;16,83241;56,8972;0,25257365;0,25257365;-0,00101;1,48657;43,6978;20,489653;0,065466;23,539292;25,024457;0,0144;1,4351;1,50;149,51;0,00;0,38;32,04;;219,624;218,639;4,2514222;19,53200;1,24300;0,00300;0,0701146;;53,19;198,00;;;
;;199;19,56500;1,22700;0,000000;93,400;93,75;-18,6400;0,000;101,066;31,900;0,000;405,950;431,350;28,70;844,683;263,190;0,000;576,500;582,300;555,800;313,950;;;;;0,00;0,00;0,00;3,00;5,23;15,036;28,497;0,57;0,53;999998,00;999998,00;999998,00;999998,00;999998,00;999998,00;999998,00;999998,00;999998,00;999998,00;999998,00;999998,00;999998,00;999998,00;999998,00;;;;;;;;;;;;;;;;;434,7600;36,30374;120,5991;0,11992391;0,11992391;-0,00178;3,21098;44,1326;20,961319;0,064403;24,093030;25,600513;0,0145;1,4442;1,51;150,95;0,00;0,39;32,80;;220,680;220,776;4,3536870;19,53100;1,24600;-0,00100;0,0701857;;53,05;199,00;;;
;;200;19,55700;1,23200;0,001000;92,075;93,84;-18,7699;0,000;101,074;31,900;0,000;406,250;431,750;28,70;844,317;263,190;0,000;575,500;582,300;555,700;313,950;;;;;0,00;0,00;0,00;3,00;5,23;15,015;28,497;0,57;0,54;999998,00;999998,00;999998,00;999998,00;999998,00;999998,00;999998,00;999998,00;999998,00;999998,00;999998,00;999998,00;999998,00;999998,00;999998,00;;;;;;;;;;;;;;;;;432,9645;40,33093;131,5613;0,10750326;0,10750326;0,00044;3,57885;44,5656;20,804420;0,063397;23,930362;25,432452;0,0141;1,4123;1,53;152,36;0,00;0,38;32,74;;221,745;220,776;4,3357067;19,52300;1,25400;0,01100;0,0704258;;52,92;200,00;;;
;;201;19,55700;1,23400;0,013000;91,125;93,31;-18,8900;0,000;101,078;32,000;0,000;406,550;432,050;28,80;844,217;263,190;0,000;575,300;582,200;555,700;313,950;;;;;0,00;0,00;0,00;3,00;5,23;15,002;28,497;0,57;0,53;999998,00;999998,00;999998,00;999998,00;999998,00;999998,00;999998,00;999998,00;999998,00;999998,00;999998,00;999998,00;999998,00;999998,00;999998,00;;;;;;;;;;;;;;;;;431,5048;18,45026;65,4793;0,23420207;0,23420207;0,00172;1,63366;44,9971;20,689177;0,069075;23,815377;25,309146;0,0153;1,5314;1,54;153,89;0,00;0,38;32,65;;222,793;222,889;4,3210888;19,51900;1,25400;0,01800;0,0705810;;52,80;201,00;;;
;;202;19,54900;1,23600;0,010000;92,350;93,17;-19,2100;0,000;101,074;32,000;0,000;406,950;432,350;28,80;844,183;263,190;0,000;575,300;582,200;555,600;313,950;;;;;0,00;0,00;0,00;3,00;5,24;15,002;28,500;0,57;0,53;999998,00;999998,00;999998,00;999998,00;999998,00;999998,00;999998,00;999998,00;999998,00;999998,00;999998,00;999998,00;999998,00;999998,00;999998,00;;;;;;;;;;;;;;;;;432,0777;17,53780;63,9842;0,24671427;0,24671427;0,00356;1,55269;45,4291;20,817538;0,070617;23,986710;25,483853;0,0158;1,5764;1,56;155,47;0,00;0,38;32,74;;223,827;222,889;4,3268258;19,52400;1,24800;0,02800;0,0702373;;52,48;202,00;;;
;;203;19,54400;1,23900;0,029000;91,875;93,35;-19,3501;0,000;101,078;32,000;0,000;407,250;432,850;28,80;843,883;263,190;0,000;574,500;582,100;555,600;313,950;;;;;0,00;0,00;0,00;3,00;5,24;15,017;28,510;0,57;0,53;999998,00;999998,00;999998,00;999998,00;999998,00;999998,00;999998,00;999998,00;999998,00;999998,00;999998,00;999998,00;999998,00;999998,00;999998,00;;;;;;;;;;;;;;;;;429,9328;34,43717;122,6213;0,12502035;0,12502035;0,00062;3,04997;45,8591;20,756282;0,068701;23,933760;25,438251;0,0153;1,5309;1,57;157,00;0,00;0,38;32,51;;224,848;224,937;4,3053468;19,53000;1,24600;0,01200;0,0700925;;52,34;203,00;;;
;;204;19,54200;1,24500;0,030000;89,625;94,14;-19,4900;0,000;101,074;32,000;0,000;407,750;433,650;28,70;843,883;263,190;0,000;574,600;582,000;555,600;313,950;;;;;0,00;0,00;0,00;3,00;5,24;14,979;28,524;0,57;0,54;999998,00;999998,00;999998,00;999998,00;999998,00;999998,00;999998,00;999998,00;999998,00;999998,00;999998,00;999998,00;999998,00;999998,00;999998,00;;;;;;;;;;;;;;;;;424,6700;34,26937;107,0380;0,12409465;0,12409465;0,00315;3,05070;46,2838;20,487975;0,060195;23,653384;25,155830;0,0133;1,3264;1,59;158,33;0,00;0,38;32,20;;225,840;224,937;4,2526454;19,52500;1,25300;0,02600;0,0701427;;52,20;204,00;;;
;;205;19,54100;1,24500;0,027000;95,175;93,52;-19,6300;0,000;101,086;32,000;0,000;407,950;433,750;28,70;843,683;263,190;0,000;574,100;582,000;555,500;313,950;;;;;0,00;0,00;0,00;3,00;5,24;15,004;28,516;0,57;0,53;999998,00;999998,00;999998,00;999998,00;999998,00;999998,00;999998,00;999998,00;999998,00;999998,00;999998,00;999998,00;999998,00;999998,00;999998,00;;;;;;;;;;;;;;;;;443,0344;17,62356;60,3946;0,25173950;0,25173950;0,00194;1,56472;46,7268;21,107627;0,066861;24,380726;25,922637;0,0152;1,5182;1,60;159,85;0,00;0,39;33,55;;226,855;227,001;4,4365470;19,50900;1,26500;0,01900;0,0710337;;52,06;205,00;;;
;;206;19,53400;1,24200;0,009000;95,000;93,36;-19,9601;0,000;101,074;32,000;0,000;408,050;433,750;28,70;843,650;263,190;0,000;574,000;582,000;555,500;314,050;;;;;0,00;0,00;0,00;3,00;5,24;15,042;28,510;0,57;0,53;999998,00;999998,00;999998,00;999998,00;999998,00;999998,00;999998,00;999998,00;999998,00;999998,00;999998,00;999998,00;999998,00;999998,00;999998,00;;;;;;;;;;;;;;;;;446,4003;18,18588;63,3437;0,24580892;0,24580892;0,00212;1,61655;47,1732;21,085628;0,068546;24,361285;25,895620;0,0156;1,5549;1,62;161,40;0,00;0,40;33,81;;227,913;227,001;4,4702523;19,49600;1,27700;0,02000;0,0716528;;51,73;206,00;;;
;;207;19,53200;1,24200;-0,006000;95,925;92,66;-20,0900;0,000;101,078;32,000;0,000;408,250;433,750;28,70;843,617;263,190;0,000;573,900;582,000;555,500;314,050;;;;;0,00;0,00;0,00;3,00;5,24;15,042;28,500;0,57;0,53;999998,00;999998,00;999998,00;999998,00;999998,00;999998,00;999998,00;999998,00;999998,00;999998,00;999998,00;999998,00;999998,00;999998,00;999998,00;;;;;;;;;;;;;;;;;452,1455;40,27684;154,4445;0,11241659;0,11241659;-0,00011;3,57121;47,6253;21,182843;0,076082;24,485598;26,015011;0,0174;1,7338;1,63;163,14;0,00;0,40;34,18;;228,982;229,132;4,5277854;19,48700;1,28400;0,00800;0,0722453;;51,60;207,00;;;
;;208;19,53200;1,24300;-0,009000;92,600;91,87;-20,2200;0,000;101,078;32,000;0,000;408,550;434,150;28,70;843,783;263,190;0,000;574,400;582,000;555,500;313,950;;;;;0,00;0,00;0,00;3,00;5,24;15,013;28,486;0,57;0,52;999998,00;999998,00;999998,00;999998,00;999998,00;999998,00;999998,00;999998,00;999998,00;999998,00;999998,00;999998,00;999998,00;999998,00;999998,00;;;;;;;;;;;;;;;;;445,3118;37,65114;160,3216;0,11843872;0,11843872;0,00099;3,33452;48,0706;20,804837;0,084642;24,066326;25,574338;0,0190;1,8962;1,65;165,03;0,00;0,39;33,68;;230,038;229,132;4,4593523;19,48200;1,28600;0,01400;0,0724482;;51,47;208,00;;;
;;209;19,53200;1,24600;0,003000;87,100;92,04;-20,3601;0,000;101,074;32,000;0,000;408,750;434,550;28,70;843,783;263,190;0,000;574,500;581,900;555,500;313,950;;;;;0,00;0,00;0,00;3,00;5,24;15,002;28,494;0,57;0,53;999998,00;999998,00;999998,00;999998,00;999998,00;999998,00;999998,00;999998,00;999998,00;999998,00;999998,00;999998,00;999998,00;999998,00;999998,00;;;;;;;;;;;;;;;;;433,5278;16,91592;70,2165;0,25664266;0,25664266;-0,00207;1,49450;48,5042;20,172588;0,082770;23,346386;24,819992;0,0180;1,7995;1,67;166,83;0,00;0,38;32,71;;231,040;231,177;4,3413474;19,48000;1,28800;-0,00300;0,0727424;;51,33;209,00;;;
;;210;19,53200;1,25400;-0,001000;89,675;92,39;-20,7000;0,000;101,078;32,000;0,000;409,150;434,850;28,70;843,817;263,190;0,000;574,600;581,900;555,500;313,950;;;;;0,00;0,00;0,00;3,00;5,25;15,030;28,513;0,57;0,53;999998,00;999998,00;999998,00;999998,00;999998,00;999998,00;999998,00;999998,00;999998,00;999998,00;999998,00;999998,00;999998,00;999998,00;999998,00;;;;;;;;;;;;;;;;;440,2509;16,79546;66,5209;0,26249186;0,26249186;-0,00065;1,48669;48,9444;20,458597;0,079025;23,700564;25,189271;0,0175;1,7437;1,69;168,57;0,00;0,39;33,26;;232,020;231,177;4,4086722;19,47600;1,29200;0,00500;0,0728392;;50,99;210,00;;;
;;211;19,53100;1,25400;0,011000;93,325;92,80;-20,8501;0,000;101,078;32,000;0,000;409,450;435,350;28,70;843,817;263,190;0,000;574,600;581,900;555,500;313,950;;;;;0,00;0,00;0,00;3,00;5,25;15,025;28,510;0,57;0,53;999998,00;999998,00;999998,00;999998,00;999998,00;999998,00;999998,00;999998,00;999998,00;999998,00;999998,00;999998,00;999998,00;999998,00;999998,00;;;;;;;;;;;;;;;;;450,4172;34,24716;127,6295;0,13170369;0,13170369;0,00118;3,03376;49,3948;20,863156;0,074514;24,186952;25,716912;0,0168;1,6786;1,70;170,25;0,00;0,40;34,08;;233,031;233,175;4,5104774;19,46900;1,29700;0,01500;0,0730789;;50,84;211,00;;;
;;212;19,52300;1,24800;0,018000;92,075;91,55;-20,9900;0,000;101,086;32,000;0,000;409,750;435,550;28,70;843,950;263,190;0,000;574,900;581,900;555,600;313,950;;;;;0,00;0,00;0,00;3,00;5,25;15,013;28,513;0,57;0,52;999998,00;999998,00;999998,00;999998,00;999998,00;999998,00;999998,00;999998,00;999998,00;999998,00;999998,00;999998,00;999998,00;999998,00;999998,00;;;;;;;;;;;;;;;;;449,4002;43,24082;189,7751;0,10407511;0,10407511;0,00208;3,84239;49,8442;20,715376;0,088137;24,033225;25,546482;0,0198;1,9723;1,72;172,23;0,00;0,40;34,04;;234,054;233,175;4,5002933;19,46000;1,30700;0,02000;0,0734372;;50,70;212,00;;;
;;213;19,51900;1,24600;0,028000;94,000;92,37;-21,1000;0,000;101,078;32,000;0,000;409,950;435,750;28,70;843,817;263,190;0,000;574,500;581,900;555,600;314,050;;;;;0,00;0,00;0,00;3,00;5,25;15,042;28,497;0,57;0,53;999998,00;999998,00;999998,00;999998,00;999998,00;999998,00;999998,00;999998,00;999998,00;999998,00;999998,00;999998,00;999998,00;999998,00;999998,00;;;;;;;;;;;;;;;;;457,4666;18,75703;73,4688;0,24423218;0,24423218;0,00247;1,66710;50,3017;20,925696;0,079231;24,289081;25,817702;0,0179;1,7918;1,74;174,02;0,00;0,41;34,67;;235,084;235,248;4,5810709;19,44800;1,31700;0,02200;0,0740085;;50,59;213,00;;;
;;214;19,52400;1,25300;0,012000;91,150;92,55;-21,4501;0,000;101,074;32,000;0,000;410,450;436,350;28,70;843,650;263,190;0,000;574,000;581,900;555,600;314,050;;;;;0,00;0,00;0,00;3,00;5,25;15,004;28,502;0,57;0,53;999998,00;999998,00;999998,00;999998,00;999998,00;999998,00;999998,00;999998,00;999998,00;999998,00;999998,00;999998,00;999998,00;999998,00;999998,00;;;;;;;;;;;;;;;;;453,2941;16,86433;64,0381;0,26916504;0,26916504;0,00262;1,50154;50,7550;20,593476;0,077232;23,932616;25,442799;0,0172;1,7213;1,76;175,74;0,00;0,40;34,37;;236,114;235,248;4,5392876;19,43700;1,32800;0,02300;0,0745206;;50,24;214,00;;;
;;215;19,53000;1,26500;0,026000;92,300;91,71;-21,6000;0,000;101,078;32,000;0,000;410,550;436,450;28,70;843,717;263,190;0,000;574,100;581,900;555,700;313,950;;;;;0,00;0,00;0,00;3,00;5,25;15,025;28,508;0,57;0,52;999998,00;999998,00;999998,00;999998,00;999998,00;999998,00;999998,00;999998,00;999998,00;999998,00;999998,00;999998,00;999998,00;999998,00;999998,00;;;;;;;;;;;;;;;;;459,1899;37,80813;159,4648;0,12162272;0,12162272;0,00190;3,35922;51,2142;20,720454;0,086348;24,086050;25,605546;0,0194;1,9367;1,78;177,68;0,00;0,41;34,78;;237,138;237,323;4,5983277;19,42800;1,33400;0,01900;0,0750309;;50,09;215,00;;;
;;216;19,52500;1,27700;0,019000;88,825;92,49;-21,7600;0,000;101,078;32,000;0,000;410,950;437,150;28,70;843,783;263,190;0,000;574,400;581,800;555,700;313,950;;;;;0,00;0,00;0,00;3,00;5,25;15,017;28,510;0,57;0,53;999998,00;999998,00;999998,00;999998,00;999998,00;999998,00;999998,00;999998,00;999998,00;999998,00;999998,00;999998,00;999998,00;999998,00;999998,00;;;;;;;;;;;;;;;;;452,1500;16,02649;60,8041;0,28252157;0,28252157;0,00097;1,42124;51,6663;20,316764;0,077876;23,639800;25,146949;0,0172;1,7154;1,80;179,39;0,00;0,40;34,22;;238,149;237,323;4,5278300;19,42300;1,33700;0,01400;0,0753506;;49,93;216,00;;;
;;217;19,50900;1,28400;0,020000;91,500;93,21;-22,1200;0,000;101,078;32,000;0,000;411,350;437,850;28,70;843,683;263,190;0,000;574,100;581,800;555,700;314,050;;;;;0,00;0,00;0,00;3,00;5,25;15,074;28,502;0,57;0,53;999998,00;999998,00;999998,00;999998,00;999998,00;999998,00;999998,00;999998,00;999998,00;999998,00;999998,00;999998,00;999998,00;999998,00;999998,00;;;;;;;;;;;;;;;;;459,5402;18,91453;64,5936;0,24329631;0,24329631;-0,00047;1,67553;52,1259;20,610391;0,070116;24,004795;25,551233;0,0157;1,5693;1,81;180,96;0,00;0,41;34,74;;239,153;239,370;4,6018351;19,42200;1,33800;0,00600;0,0754916;;49,57;217,00;;;
;;218;19,49600;1,28600;0,008000;87,675;92,42;-22,2200;0,000;101,078;32,000;0,000;411,950;438,750;28,70;843,617;263,190;0,000;573,800;581,800;555,800;314,050;;;;;0,00;0,00;0,00;3,00;5,26;15,029;28,476;0,57;0,53;999998,00;999998,00;999998,00;999998,00;999998,00;999998,00;999998,00;999998,00;999998,00;999998,00;999998,00;999998,00;999998,00;999998,00;999998,00;;;;;;;;;;;;;;;;;450,0701;45,79867;175,5863;0,09840902;0,09840902;0,00043;4,05823;52,5760;20,160303;0,078653;23,514830;25,044621;0,0173;1,7255;1,83;182,69;0,00;0,40;34,05;;240,142;239,370;4,5070024;19,41900;1,34000;0,01100;0,0755877;;49,47;218,00;;;
;;219;19,48700;1,28800;0,014000;91,600;92,25;-22,3601;0,000;101,078;32,000;0,000;412,250;439,050;28,70;843,717;263,190;0,000;574,100;581,800;555,800;313,950;;;;;0,00;0,00;0,00;3,00;5,26;15,004;28,513;0,57;0,53;999998,00;999998,00;999998,00;999998,00;999998,00;999998,00;999998,00;999998,00;999998,00;999998,00;999998,00;999998,00;999998,00;999998,00;999998,00;;;;;;;;;;;;;;;;;459,2991;36,79237;144,7443;0,12501017;0,12501017;0,00189;3,26421;53,0352;20,599128;0,080554;24,044169;25,607258;0,0181;1,8069;1,85;184,49;0,00;0,41;34,79;;241,121;241,379;4,5994211;19,41900;1,34000;0,01900;0,0754944;;49,33;219,00;;;
;;220;19,48200;1,29200;-0,003000;94,075;93,25;-22,5000;0,000;101,086;32,000;0,000;412,650;439,650;28,70;843,617;263,190;0,000;573,800;581,800;555,800;313,950;;;;;0,00;0,00;0,00;3,00;5,26;15,030;28,513;0,57;0,53;999998,00;999998,00;999998,00;999998,00;999998,00;999998,00;999998,00;999998,00;999998,00;999998,00;999998,00;999998,00;999998,00;999998,00;999998,00;;;;;;;;;;;;;;;;;469,3574;17,51623;59,1750;0,26833089;0,26833089;-0,00342;1,54873;53,5046;20,865444;0,069691;24,378655;25,973769;0,0159;1,5856;1,86;186,08;0,00;0,42;35,40;;242,136;241,379;4,7001451;19,41200;1,34700;-0,01000;0,0761658;;49,19;220,00;;;
;;221;19,48000;1,29700;0,005000;90,625;92,26;-22,8601;0,000;101,080;32,000;0,000;413,150;440,350;28,70;843,550;263,190;0,000;573,600;581,800;555,800;313,950;;;;;0,00;0,00;0,00;3,00;5,26;15,000;28,518;0,58;0,53;999998,00;999998,00;999998,00;999998,00;999998,00;999998,00;999998,00;999998,00;999998,00;999998,00;999998,00;999998,00;999998,00;999998,00;999998,00;;;;;;;;;;;;;;;;;462,9123;17,32891;67,2418;0,26750692;0,26750692;0,00134;1,54022;53,9675;20,466876;0,080358;23,941954;25,518188;0,0180;1,7963;1,88;187,87;0,00;0,41;35,06;;243,150;243,368;4,6356036;19,39700;1,36100;0,01600;0,0765884;;48,83;221,00;;;
;;222;19,47600;1,30700;0,015000;91,975;92,60;-23,0000;0,000;101,088;32,000;0,000;413,550;440,550;28,70;843,783;263,190;0,000;574,100;581,900;555,900;313,950;;;;;0,00;0,00;0,00;3,00;5,26;15,049;28,500;0,58;0,53;999998,00;999998,00;999998,00;999998,00;999998,00;999998,00;999998,00;999998,00;999998,00;999998,00;999998,00;999998,00;999998,00;999998,00;999998,00;;;;;;;;;;;;;;;;;468,9984;36,84968;135,7951;0,12745158;0,12745158;0,00262;3,27496;54,4365;20,608782;0,076751;24,131295;25,706787;0,0173;1,7283;1,90;189,60;0,00;0,42;35,55;;244,153;243,368;4,6965503;19,38600;1,36900;0,02300;0,0770655;;48,69;222,00;;;
;;223;19,46900;1,31700;0,020000;92,875;91,92;-23,1500;0,000;101,086;32,000;0,000;413,550;440,550;28,70;843,750;263,190;0,000;574,000;581,900;555,900;314,050;;;;;0,00;0,00;0,00;3,00;5,26;15,084;28,532;0,58;0,53;999998,00;999998,00;999998,00;999998,00;999998,00;999998,00;999998,00;999998,00;999998,00;999998,00;999998,00;999998,00;999998,00;999998,00;999998,00;;;;;;;;;;;;;;;;;472,9563;36,91903;148,4711;0,12828573;0,12828573;0,00464;3,28437;54,9095;20,709368;0,084055;24,249073;25,832255;0,0190;1,9020;1,92;191,50;0,00;0,42;35,91;;245,170;245,382;4,7361846;19,37800;1,37500;0,03400;0,0773415;;48,54;223,00;;;
;;224;19,46000;1,32800;0,022000;87,400;92,06;-23,2899;0,000;101,086;32,000;0,000;414,150;441,350;28,70;843,917;263,190;0,000;574,400;581,900;556,000;314,050;;;;;0,00;0,00;0,00;3,00;5,26;14,985;28,540;0,58;0,53;999998,00;999998,00;999998,00;999998,00;999998,00;999998,00;999998,00;999998,00;999998,00;999998,00;999998,00;999998,00;999998,00;999998,00;999998,00;;;;;;;;;;;;;;;;;459,4536;17,52736;69,2268;0,26250203;0,26250203;0,00485;1,56061;55,3689;20,075128;0,082579;23,540531;25,086595;0,0182;1,8147;1,94;193,32;0,00;0,41;34,90;;246,157;245,382;4,6009686;19,37400;1,37900;0,03600;0,0775087;;48,40;224,00;;;
;;225;19,44800;1,33400;0,023000;90,600;92,58;-23,6400;0,000;101,088;32,000;0,000;414,750;442,350;28,70;844,150;263,190;0,000;575,100;581,900;556,000;313,950;;;;;0,00;0,00;0,00;3,00;5,26;15,000;28,516;0,58;0,53;999998,00;999998,00;999998,00;999998,00;999998,00;999998,00;999998,00;999998,00;999998,00;999998,00;999998,00;999998,00;999998,00;999998,00;999998,00;;;;;;;;;;;;;;;;;469,4209;18,55697;68,1703;0,25331624;0,25331624;0,00224;1,64165;55,8383;20,424542;0,076956;23,984961;25,581066;0,0173;1,7244;1,95;195,04;0,00;0,42;35,55;;247,127;247,389;4,7007809;19,37200;1,37600;0,02100;0,0778367;;48,05;225,00;;;
;;226;19,43700;1,33700;0,019000;90,975;91,96;-23,7699;0,000;101,080;32,000;0,000;414,950;442,650;28,70;844,150;263,190;0,000;575,100;581,900;556,000;314,050;;;;;0,00;0,00;0,00;3,00;5,27;15,023;28,521;0,58;0,53;999998,00;999998,00;999998,00;999998,00;999998,00;999998,00;999998,00;999998,00;999998,00;999998,00;999998,00;999998,00;999998,00;999998,00;999998,00;;;;;;;;;;;;;;;;;469,6991;33,78978;135,1900;0,13920085;0,13920085;0,00079;2,98393;56,3080;20,461835;0,083654;24,040341;25,645154;0,0188;1,8792;1,97;196,92;0,00;0,42;35,53;;248,111;247,389;4,7035664;19,37600;1,37200;0,01300;0,0777394;;47,92;226,00;;;
;;227;19,42800;1,33800;0,014000;90,225;91,55;-23,9501;0,000;101,088;32,000;0,000;415,250;443,050;28,70;844,517;263,190;0,000;576,100;581,900;556,100;314,050;;;;;0,00;0,00;0,00;3,00;5,27;15,059;28,526;0,58;0,52;999998,00;999998,00;999998,00;999998,00;999998,00;999998,00;999998,00;999998,00;999998,00;999998,00;999998,00;999998,00;999998,00;999998,00;999998,00;;;;;;;;;;;;;;;;;467,0899;30,33053;128,0447;0,15421549;0,15421549;-0,00083;2,68334;56,7751;20,369954;0,088095;23,949694;25,553068;0,0197;1,9719;1,99;198,90;0,00;0,41;35,30;;249,082;249,335;4,6774379;19,37900;1,37300;0,00400;0,0776549;;47,74;227,00;;;
;;228;19,42300;1,34000;0,006000;89,600;91,00;-24,1000;0,000;101,080;32,000;0,000;415,650;443,450;28,70;844,617;263,190;0,000;576,400;581,900;556,100;314,050;;;;;0,00;0,00;0,00;3,00;5,27;15,059;28,513;0,58;0,52;999998,00;999998,00;999998,00;999998,00;999998,00;999998,00;999998,00;999998,00;999998,00;999998,00;999998,00;999998,00;999998,00;999998,00;999998,00;;;;;;;;;;;;;;;;;465,1750;18,38912;83,0906;0,25331624;0,25331624;-0,00047;1,62590;57,2403;20,289510;0,094190;23,878091;25,475135;0,0210;2,1019;2,01;201,00;0,00;0,41;35,16;;250,034;249,335;4,6582629;19,37900;1,37200;0,00600;0,0776432;;47,59;228,00;;;
;;229;19,42200;1,34000;0,011000;95,475;91,45;-24,4301;0,000;101,076;32,000;0,000;415,850;443,250;28,70;844,450;263,190;0,000;575,900;581,900;556,100;314,050;;;;;0,00;0,00;0,00;3,00;5,27;15,021;28,510;0,58;0,52;999998,00;999998,00;999998,00;999998,00;999998,00;999998,00;999998,00;999998,00;999998,00;999998,00;999998,00;999998,00;999998,00;999998,00;999998,00;;;;;;;;;;;;;;;;;481,0220;19,20452;82,0050;0,25082397;0,25082397;-0,00067;1,70485;57,7213;20,939095;0,089229;24,654426;26,278885;0,0206;2,0540;2,03;203,05;0,00;0,43;36,38;;251,008;251,298;4,8169546;19,37500;1,38000;0,00500;0,0777987;;47,26;229,00;;;
;;230;19,41900;1,34700;0,019000;90,425;92,08;-24,5699;0,000;101,080;32,000;0,000;416,050;443,750;28,70;844,283;263,190;0,000;575,400;581,900;556,100;314,050;;;;;0,00;0,00;0,00;3,00;5,27;15,015;28,513;0,58;0,53;999998,00;999998,00;999998,00;999998,00;999998,00;999998,00;999998,00;999998,00;999998,00;999998,00;999998,00;999998,00;999998,00;999998,00;999998,00;;;;;;;;;;;;;;;;;473,1985;40,35556;157,4131;0,11742147;0,11742147;-0,00137;3,59902;58,1945;20,372904;0,082319;23,999309;25,597148;0,0185;1,8458;2,05;204,90;0,00;0,42;35,80;;251,991;251,298;4,7386095;19,35700;1,40100;0,00100;0,0786671;;47,12;230,00;;;
;;231;19,41900;1,36100;-0,010000;94,075;93,00;-24,7000;0,000;101,080;32,000;0,000;416,550;444,050;28,70;844,250;263,190;0,000;575,200;581,900;556,200;314,050;;;;;0,00;0,00;0,00;3,00;5,27;15,042;28,510;0,58;0,53;999998,00;999998,00;999998,00;999998,00;999998,00;999998,00;999998,00;999998,00;999998,00;999998,00;999998,00;999998,00;999998,00;999998,00;999998,00;;;;;;;;;;;;;;;;;489,7328;39,99842;135,2655;0,12260946;0,12260946;-0,00084;3,55238;58,6843;20,767536;0,072410;24,493587;26,110616;0,0166;1,6562;2,07;206,55;0,00;0,44;37,04;;252,984;253,324;4,9041841;19,33300;1,41600;0,00400;0,0798791;;46,99;231,00;;;
;;232;19,41200;1,36900;0,016000;88,600;92,44;-24,8501;0,000;101,080;32,000;0,000;416,650;444,350;28,70;844,250;263,190;0,000;575,200;581,900;556,200;314,050;;;;;0,00;0,00;0,00;3,00;5,27;15,015;28,534;0,58;0,53;999998,00;999998,00;999998,00;999998,00;999998,00;999998,00;999998,00;999998,00;999998,00;999998,00;999998,00;999998,00;999998,00;999998,00;999998,00;;;;;;;;;;;;;;;;;476,9085;17,79871;65,0360;0,26832072;0,26832072;0,00203;1,58088;59,1612;20,151743;0,078465;23,773015;25,353508;0,0175;1,7426;2,09;208,30;0,00;0,42;36,15;;253,977;253,324;4,7757617;19,32400;1,42100;0,02000;0,0801681;;46,84;232,00;;;
;;233;19,39700;1,37500;0,023000;86,925;91,98;-25,2000;0,000;101,080;32,000;0,000;417,250;445,350;28,70;844,417;263,190;0,000;575,700;581,900;556,200;314,050;;;;;0,00;0,00;0,00;3,00;5,27;15,046;28,550;0,58;0,53;999998,00;999998,00;999998,00;999998,00;999998,00;999998,00;999998,00;999998,00;999998,00;999998,00;999998,00;999998,00;999998,00;999998,00;999998,00;;;;;;;;;;;;;;;;;470,3809;17,66425;69,0275;0,26666260;0,26666260;0,00341;1,56989;59,6316;19,945990;0,083432;23,564174;25,151120;0,0184;1,8381;2,10;210,13;0,00;0,42;35,69;;254,920;255,270;4,7103942;19,32800;1,41700;0,02800;0,0798848;;46,49;233,00;;;
;;234;19,38600;1,37900;0,034000;86,925;91,98;-25,3501;0,000;101,080;32,000;0,000;417,250;445,350;28,70;844,217;263,190;0,000;575,000;581,900;556,300;314,050;;;;;0,00;0,00;0,00;3,00;5,28;15,002;28,524;0,58;0,53;999998,00;999998,00;999998,00;999998,00;999998,00;999998,00;999998,00;999998,00;999998,00;999998,00;999998,00;999998,00;999998,00;999998,00;999998,00;;;;;;;;;;;;;;;;;471,4060;41,03455;160,0042;0,11504110;0,11504110;0,00060;3,64163;60,1030;19,945990;0,083432;23,564174;25,151120;0,0184;1,8381;2,12;211,97;0,00;0,42;35,69;;255,843;255,270;4,7206595;19,32800;1,41800;0,01200;0,0800590;;46,34;234,00;;;
;;235;19,37800;1,37600;0,036000;87,100;92,58;-25,5000;0,000;101,080;32,000;0,000;417,850;446,350;28,70;844,083;263,190;0,000;574,700;581,800;556,300;314,050;;;;;0,00;0,00;0,00;3,00;5,28;15,030;28,529;0,58;0,53;999998,00;999998,00;999998,00;999998,00;999998,00;999998,00;999998,00;999998,00;999998,00;999998,00;999998,00;999998,00;999998,00;999998,00;999998,00;;;;;;;;;;;;;;;;;473,1512;17,02778;61,1913;0,27825928;0,27825928;0,00201;1,51588;60,5761;19,951718;0,076982;23,604836;25,214834;0,0170;1,7003;2,14;213,67;0,00;0,42;35,88;;256,764;257,113;4,7381365;19,32000;1,42700;0,02000;0,0803353;;46,19;235,00;;;
;;236;19,37400;1,37200;0,021000;89,925;92,31;-25,8700;0,000;101,080;32,000;0,000;418,350;446,950;28,60;844,250;263,190;0,000;575,100;581,900;556,300;314,050;;;;;0,00;0,00;0,00;3,00;5,28;15,044;28,532;0,58;0,53;999998,00;999998,00;999998,00;999998,00;999998,00;999998,00;999998,00;999998,00;999998,00;999998,00;999998,00;999998,00;999998,00;999998,00;999998,00;;;;;;;;;;;;;;;;;485,3281;17,51209;64,7047;0,27752686;0,27752686;-0,00011;1,55793;61,0614;20,260576;0,079843;23,998927;25,639585;0,0180;1,7932;2,16;215,47;0,00;0,43;36,74;;257,707;257,113;4,8600759;19,30600;1,44000;0,00800;0,0811525;;45,82;236,00;;;
;;237;19,37200;1,37300;0,013000;87,575;92,57;-26,0200;0,000;101,080;32,000;0,000;418,450;447,050;28,60;844,517;263,190;0,000;575,900;581,800;556,400;314,050;;;;;0,00;0,00;0,00;3,00;5,28;15,004;28,513;0,58;0,53;999998,00;999998,00;999998,00;999998,00;999998,00;999998,00;999998,00;999998,00;999998,00;999998,00;999998,00;999998,00;999998,00;999998,00;999998,00;;;;;;;;;;;;;;;;;481,4557;35,07384;124,3959;0,13746134;0,13746134;-0,00064;3,11699;61,5429;19,991700;0,077034;23,686100;25,304985;0,0171;1,7076;2,17;217,17;0,00;0,43;36,43;;258,659;258,971;4,8212977;19,29800;1,44600;0,00500;0,0815912;;45,67;237,00;;;
;;238;19,37600;1,37200;0,004000;87,025;93,09;-26,1799;0,000;101,080;32,000;0,000;418,850;447,450;28,60;844,650;263,190;0,000;576,200;581,900;556,400;314,050;;;;;0,00;0,00;0,00;3,00;5,28;14,992;28,518;0,58;0,53;999998,00;999998,00;999998,00;999998,00;999998,00;999998,00;999998,00;999998,00;999998,00;999998,00;999998,00;999998,00;999998,00;999998,00;999998,00;;;;;;;;;;;;;;;;;480,6744;34,80571;114,2786;0,13829549;0,13829549;-0,00134;3,08698;62,0236;19,919305;0,071394;23,622887;25,235910;0,0158;1,5782;2,19;218,75;0,00;0,43;36,35;;259,593;258,971;4,8134734;19,29600;1,44600;0,00100;0,0817559;;45,51;238,00;;;
;;239;19,37900;1,38000;0,006000;91,375;92,01;-26,3300;0,000;101,080;32,000;0,000;419,350;448,150;28,60;844,717;263,190;0,000;576,400;581,900;556,400;314,050;;;;;0,00;0,00;0,00;3,00;5,28;15,015;28,540;0,58;0,53;999998,00;999998,00;999998,00;999998,00;999998,00;999998,00;999998,00;999998,00;999998,00;999998,00;999998,00;999998,00;999998,00;999998,00;999998,00;;;;;;;;;;;;;;;;;491,6097;18,01007;69,0559;0,27334595;0,27334595;-0,00119;1,59714;62,5152;20,398903;0,083136;24,220534;25,883945;0,0189;1,8850;2,21;220,64;0,00;0,44;37,18;;260,541;260,875;4,9229799;19,29800;1,44400;0,00200;0,0816491;;45,36;239,00;;;
;;240;19,37900;1,40100;0,005000;93,750;91,88;-26,6899;0,000;101,080;32,000;0,000;419,750;448,750;28,60;844,650;263,190;0,000;576,100;581,900;556,500;314,050;;;;;0,00;0,00;0,00;3,00;5,28;15,044;28,534;0,58;0,53;999998,00;999998,00;999998,00;999998,00;999998,00;999998,00;999998,00;999998,00;999998,00;999998,00;999998,00;999998,00;999998,00;999998,00;999998,00;;;;;;;;;;;;;;;;;499,7352;19,24828;74,8686;0,25998942;0,25998942;-0,00175;1,71222;63,0149;20,652457;0,084564;24,544981;26,240763;0,0195;1,9438;2,23;222,58;0,00;0,45;37,80;;261,521;260,875;5,0043482;19,29100;1,45400;-0,00100;0,0819822;;45,00;240,00;;;
;;241;19,37500;1,41600;0,001000;89,850;92,55;-26,8199;0,000;101,080;32,000;0,000;420,350;449,650;28,60;844,717;263,190;0,000;576,400;581,800;556,500;314,050;;;;;0,00;0,00;0,00;3,00;5,28;15,023;28,534;0,58;0,53;999998,00;999998,00;999998,00;999998,00;999998,00;999998,00;999998,00;999998,00;999998,00;999998,00;999998,00;999998,00;999998,00;999998,00;999998,00;;;;;;;;;;;;;;;;;495,9245;39,72304;139,3719;0,12502035;0,12502035;0,00007;3,54518;63,5108;20,203888;0,077224;24,046190;25,722302;0,0174;1,7400;2,25;224,32;0,00;0,44;37,58;;262,502;262,808;4,9661882;19,26400;1,47900;0,00900;0,0831746;;44,87;241,00;;;
;;242;19,35700;1,42100;0,004000;89,125;92,00;-26,9800;0,000;101,088;32,000;0,000;420,750;450,050;28,60;844,817;263,190;0,000;576,700;581,800;556,500;314,050;;;;;0,00;0,00;0,00;3,00;5,29;15,006;28,542;0,58;0,53;999998,00;999998,00;999998,00;999998,00;999998,00;999998,00;999998,00;999998,00;999998,00;999998,00;999998,00;999998,00;999998,00;999998,00;999998,00;;;;;;;;;;;;;;;;;500,4000;33,02950;123,3796;0,15171305;0,15171305;0,00185;2,93665;64,0112;20,112643;0,083261;23,960371;25,628912;0,0187;1,8692;2,27;226,19;0,00;0,45;37,94;;263,475;262,808;5,0110058;19,24000;1,49300;0,01900;0,0843168;;44,71;242,00;;;
;;243;19,33300;1,41700;0,020000;95,100;91,07;-27,1500;0,000;101,082;32,000;0,000;420,850;449,950;28,60;844,883;263,190;0,000;576,900;581,800;556,500;314,050;;;;;0,00;0,00;0,00;3,00;5,29;15,017;28,537;0,58;0,52;999998,00;999998,00;999998,00;999998,00;999998,00;999998,00;999998,00;999998,00;999998,00;999998,00;999998,00;999998,00;999998,00;999998,00;999998,00;;;;;;;;;;;;;;;;;519,7174;18,36785;76,5150;0,28334554;0,28334554;0,00099;1,62965;64,5310;20,773422;0,093389;24,753444;26,465041;0,0217;2,1650;2,29;228,35;0,00;0,46;39,37;;264,490;264,825;5,2044497;19,23200;1,49800;0,01400;0,0847899;;44,54;243,00;;;
;;244;19,32400;1,41800;0,028000;86,350;91,71;-27,5100;0,000;101,082;32,000;0,000;421,150;450,450;28,60;844,650;263,190;0,000;576,200;581,800;556,500;314,050;;;;;0,00;0,00;0,00;3,00;5,29;15,067;28,524;0,58;0,53;999998,00;999998,00;999998,00;999998,00;999998,00;999998,00;999998,00;999998,00;999998,00;999998,00;999998,00;999998,00;999998,00;999998,00;999998,00;;;;;;;;;;;;;;;;;494,7785;18,35015;70,7827;0,27000936;0,27000936;0,00129;1,62563;65,0257;19,787649;0,086332;23,595614;25,237194;0,0191;1,9085;2,31;230,26;0,00;0,44;37,48;;265,485;264,825;4,9547123;19,23300;1,49500;0,01600;0,0847423;;44,18;244,00;;;
;;245;19,32800;1,42700;0,012000;87,425;91,48;-27,6600;0,000;101,082;32,000;0,000;421,750;451,250;28,60;844,717;263,190;0,000;576,400;581,800;556,500;314,050;;;;;0,00;0,00;0,00;3,00;5,29;15,009;28,521;0,58;0,52;999998,00;999998,00;999998,00;999998,00;999998,00;999998,00;999998,00;999998,00;999998,00;999998,00;999998,00;999998,00;999998,00;999998,00;999998,00;;;;;;;;;;;;;;;;;495,9735;36,13146;144,2229;0,13746134;0,13746134;0,00200;3,19518;65,5217;19,896272;0,088906;23,758941;25,420799;0,0198;1,9797;2,33;232,24;0,00;0,44;37,58;;266,423;266,808;4,9666790;19,23800;1,48800;0,02000;0,0844813;;44,03;245,00;;;
;;246;19,32800;1,44000;0,020000;88,500;92,60;-27,8199;0,000;101,080;32,000;0,000;422,650;452,650;28,60;844,783;263,190;0,000;576,600;581,700;556,600;314,050;;;;;0,00;0,00;0,00;3,00;5,29;15,048;28,537;0,58;0,53;999998,00;999998,00;999998,00;999998,00;999998,00;999998,00;999998,00;999998,00;999998,00;999998,00;999998,00;999998,00;999998,00;999998,00;999998,00;;;;;;;;;;;;;;;;;495,3105;34,41500;119,5971;0,14412435;0,14412435;0,00413;3,06077;66,0170;19,996898;0,076672;23,930059;25,628632;0,0172;1,7213;2,34;233,96;0,00;0,44;37,61;;267,355;266,808;4,9600394;19,24500;1,48700;0,03200;0,0839401;;43,87;246,00;;;
;;247;19,32000;1,44600;0,008000;85,025;92,95;-27,9800;0,000;101,082;32,000;0,000;422,950;453,250;28,60;844,883;263,190;0,000;576,900;581,700;556,600;314,050;;;;;0,00;0,00;0,00;3,00;5,29;15,015;28,542;0,58;0,53;999998,00;999998,00;999998,00;999998,00;999998,00;999998,00;999998,00;999998,00;999998,00;999998,00;999998,00;999998,00;999998,00;999998,00;999998,00;;;;;;;;;;;;;;;;;487,8880;17,70635;58,3510;0,27592977;0,27592977;0,00145;1,57406;66,5049;19,593420;0,072997;23,463865;25,144808;0,0161;1,6078;2,36;235,57;0,00;0,43;36,99;;268,263;268,631;4,8857102;19,23900;1,49400;0,01700;0,0843875;;43,71;247,00;;;
;;248;19,30600;1,44600;0,005000;90,575;92,03;-28,3401;0,000;101,078;32,000;0,000;423,350;453,850;28,60;845,117;263,190;0,000;577,600;581,700;556,600;314,050;;;;;0,00;0,00;0,00;3,00;5,29;15,048;28,545;0,58;0,53;999998,00;999998,00;999998,00;999998,00;999998,00;999998,00;999998,00;999998,00;999998,00;999998,00;999998,00;999998,00;999998,00;999998,00;999998,00;;;;;;;;;;;;;;;;;508,8533;18,03635;66,8723;0,28252157;0,28252157;-0,00082;1,60130;67,0138;20,213235;0,082919;24,229010;25,974574;0,0189;1,8866;2,38;237,46;0,00;0,45;38,51;;269,191;268,631;5,0956565;19,22300;1,50800;0,00400;0,0853221;;43,35;248,00;;;
;;249;19,29800;1,44400;0,001000;86,725;91,14;-28,5100;0,000;101,076;32,000;0,000;423,550;453,850;28,60;845,150;263,190;0,000;577,700;581,700;556,600;314,050;;;;;0,00;0,00;0,00;3,00;5,29;15,030;28,537;0,58;0,52;999998,00;999998,00;999998,00;999998,00;999998,00;999998,00;999998,00;999998,00;999998,00;999998,00;999998,00;999998,00;999998,00;999998,00;999998,00;;;;;;;;;;;;;;;;;500,9501;37,89330;155,9632;0,13238525;0,13238525;-0,00202;3,35682;67,5147;19,774306;0,092630;23,714076;25,410538;0,0206;2,0618;2,40;239,52;0,00;0,44;37,87;;270,137;270,445;5,0165143;19,21400;1,51400;-0,00300;0,0858656;;43,18;249,00;;;
;;250;19,29600;1,45400;0,002000;88,875;91,39;-28,6699;0,000;101,076;32,000;0,000;423,850;453,950;28,60;845,250;263,190;0,000;578,000;581,700;556,600;314,050;;;;;0,00;0,00;0,00;3,00;5,30;14,996;28,545;0,58;0,52;999998,00;999998,00;999998,00;999998,00;999998,00;999998,00;999998,00;999998,00;999998,00;999998,00;999998,00;999998,00;999998,00;999998,00;999998,00;;;;;;;;;;;;;;;;;509,1062;18,37007;73,0720;0,27752686;0,27752686;-0,00064;1,62704;68,0238;20,010832;0,089885;24,014724;25,720147;0,0203;2,0251;2,42;241,55;0,00;0,45;38,53;;271,077;270,445;5,0981891;19,20500;1,52000;0,00500;0,0862362;;43,02;250,00;;;
;;251;19,29800;1,47900;-0,001000;91,450;92,23;-29,0300;0,000;101,078;32,000;0,000;424,250;454,450;28,60;845,283;263,190;0,000;578,200;581,600;556,600;314,050;;;;;0,00;0,00;0,00;3,00;5,30;15,046;28,526;0,58;0,53;999998,00;999998,00;999998,00;999998,00;999998,00;999998,00;999998,00;999998,00;999998,00;999998,00;999998,00;999998,00;999998,00;999998,00;999998,00;;;;;;;;;;;;;;;;;516,8320;19,53007;69,7552;0,26500448;0,26500448;0,00061;1,73230;68,5406;20,289080;0,080721;24,371625;26,106505;0,0185;1,8460;2,44;243,39;0,00;0,46;39,15;;272,041;272,345;5,1755556;19,20100;1,52400;0,01200;0,0863458;;42,66;251,00;;;
;;252;19,29100;1,49300;0,009000;87,075;91,51;-29,1699;0,000;101,082;32,000;0,000;424,950;455,350;28,60;845,217;263,190;0,000;578,000;581,600;556,600;314,050;;;;;0,00;0,00;0,00;3,00;5,30;15,004;28,534;0,58;0,53;999998,00;999998,00;999998,00;999998,00;999998,00;999998,00;999998,00;999998,00;999998,00;999998,00;999998,00;999998,00;999998,00;999998,00;999998,00;;;;;;;;;;;;;;;;;505,4868;38,46107;150,5741;0,13161214;0,13161214;0,00059;3,41688;69,0461;19,781502;0,088582;23,801119;25,503798;0,0198;1,9790;2,46;245,37;0,00;0,45;38,30;;272,990;272,345;5,0619443;19,19500;1,53100;0,01200;0,0866198;;42,52;252,00;;;
;;253;19,26400;1,49800;0,019000;93,225;91,16;-29,3300;0,000;101,082;32,000;0,000;425,050;455,550;28,60;845,250;263,190;0,000;578,100;581,600;556,600;314,050;;;;;0,00;0,00;0,00;3,00;5,30;15,034;28,529;0,58;0,52;999998,00;999998,00;999998,00;999998,00;999998,00;999998,00;999998,00;999998,00;999998,00;999998,00;999998,00;999998,00;999998,00;999998,00;999998,00;;;;;;;;;;;;;;;;;525,2626;36,68514;149,2888;0,14338175;0,14338175;0,00224;3,26456;69,5714;20,465748;0,092440;24,630199;26,397570;0,0214;2,1375;2,48;247,51;0,00;0,47;39,85;;273,948;274,311;5,2599800;19,18500;1,54000;0,02100;0,0870035;;42,36;253,00;;;
;;254;19,24000;1,49500;0,014000;85,950;91,26;-29,4900;0,000;101,082;32,000;0,000;425,550;456,250;28,70;845,117;263,190;0,000;577,800;581,500;556,600;314,050;;;;;0,00;0,00;0,00;3,00;5,30;15,027;28,534;0,58;0,52;999998,00;999998,00;999998,00;999998,00;999998,00;999998,00;999998,00;999998,00;999998,00;999998,00;999998,00;999998,00;999998,00;999998,00;999998,00;;;;;;;;;;;;;;;;;508,8260;17,61983;70,2632;0,28918457;0,28918457;0,00094;1,57093;70,0802;19,639439;0,091301;23,663552;25,370687;0,0203;2,0291;2,50;249,54;0,00;0,45;38,59;;274,905;274,311;5,0953838;19,16900;1,55700;0,01400;0,0878340;;42,20;254,00;;;
;;255;19,23200;1,48800;0,016000;90,050;91,43;-29,8700;0,000;101,078;32,000;0,000;425,950;456,550;28,70;845,117;263,190;0,000;577,900;581,400;556,600;314,050;;;;;0,00;0,00;0,00;3,00;5,30;15,084;28,550;0,58;0,52;999998,00;999998,00;999998,00;999998,00;999998,00;999998,00;999998,00;999998,00;999998,00;999998,00;999998,00;999998,00;999998,00;999998,00;999998,00;;;;;;;;;;;;;;;;;525,7980;18,63695;72,1447;0,28252157;0,28252157;0,00131;1,65382;70,6060;20,092963;0,089460;24,232760;25,973627;0,0204;2,0354;2,52;251,57;0,00;0,47;39,86;;275,855;276,281;5,2653413;19,15200;1,56500;0,01600;0,0887234;;41,82;255,00;;;
;;256;19,23300;1,48700;0,020000;90,250;92,76;-30,0200;0,000;101,084;32,000;0,000;426,450;457,350;28,70;845,117;263,190;0,000;578,000;581,300;556,600;314,050;;;;;0,00;0,00;0,00;3,00;5,30;15,034;28,537;0,58;0,53;999998,00;999998,00;999998,00;999998,00;999998,00;999998,00;999998,00;999998,00;999998,00;999998,00;999998,00;999998,00;999998,00;999998,00;999998,00;;;;;;;;;;;;;;;;;527,1772;39,11969;126,9769;0,13494873;0,13494873;-0,00046;3,47329;71,1332;20,103468;0,075038;24,273890;26,032743;0,0171;1,7111;2,54;253,28;0,00;0,47;39,93;;276,834;276,281;5,2791525;19,15000;1,56900;0,00600;0,0889105;;41,67;256,00;;;
;;257;19,23800;1,49400;0,032000;87,875;92,17;-30,1799;0,000;101,078;32,000;0,000;426,750;457,650;28,70;845,117;263,190;0,000;578,000;581,300;556,600;314,050;;;;;0,00;0,00;0,00;3,00;5,30;15,065;28,561;0,58;0,53;999998,00;999998,00;999998,00;999998,00;999998,00;999998,00;999998,00;999998,00;999998,00;999998,00;999998,00;999998,00;999998,00;999998,00;999998,00;;;;;;;;;;;;;;;;;520,9130;34,76342;122,2074;0,15005493;0,15005493;0,00007;3,08927;71,6541;19,830211;0,081356;23,960791;25,695737;0,0183;1,8312;2,55;255,11;0,00;0,46;39,47;;277,796;278,204;5,2164230;19,14600;1,57300;0,00900;0,0890664;;41,51;257,00;;;
;;258;19,24500;1,50800;0,017000;86,250;93,13;-30,3501;0,000;101,086;32,000;0,000;427,550;458,850;28,70;845,317;263,190;0,000;578,700;581,200;556,600;314,050;;;;;0,00;0,00;0,00;3,00;5,31;15,019;28,550;0,58;0,53;999998,00;999998,00;999998,00;999998,00;999998,00;999998,00;999998,00;999998,00;999998,00;999998,00;999998,00;999998,00;999998,00;999998,00;999998,00;;;;;;;;;;;;;;;;;517,7745;18,51657;56,7660;0,28001912;0,28001912;-0,00010;1,64820;72,1719;19,627615;0,071063;23,760453;25,499904;0,0159;1,5873;2,57;256,70;0,00;0,46;39,24;;278,733;278,204;5,1849937;19,13800;1,58200;0,00800;0,0894470;;41,34;258,00;;;
;;259;19,23900;1,51400;0,004000;89,775;92,29;-30,7100;0,000;101,082;32,000;0,000;428,050;459,550;28,70;845,550;263,190;0,000;579,400;581,200;556,600;314,050;;;;;0,00;0,00;0,00;3,00;5,31;14,973;28,550;0,58;0,53;999998,00;999998,00;999998,00;999998,00;999998,00;999998,00;999998,00;999998,00;999998,00;999998,00;999998,00;999998,00;999998,00;999998,00;999998,00;;;;;;;;;;;;;;;;;532,0969;18,21993;62,5237;0,29244995;0,29244995;-0,00117;1,62065;72,7040;20,012986;0,080049;24,255301;26,040237;0,0183;1,8259;2,59;258,53;0,00;0,47;40,30;;279,683;280,121;5,3284182;19,12500;1,59300;0,00200;0,0901573;;40,98;259,00;;;
;;260;19,22300;1,52000;-0,003000;87,125;91,72;-30,9000;0,000;101,084;32,000;0,000;428,350;459,550;28,70;845,550;263,190;0,000;579,300;581,200;556,700;314,050;;;;;0,00;0,00;0,00;3,00;5,31;15,025;28,572;0,58;0,53;999998,00;999998,00;999998,00;999998,00;999998,00;999998,00;999998,00;999998,00;999998,00;999998,00;999998,00;999998,00;999998,00;999998,00;999998,00;;;;;;;;;;;;;;;;;527,6933;35,62649;130,7693;0,14832560;0,14832560;-0,00097;3,16712;73,2317;19,708495;0,086226;23,903004;25,644043;0,0194;1,9369;2,61;260,46;0,00;0,47;39,97;;280,646;280,121;5,2843208;19,11200;1,60300;0,00300;0,0907987;;40,79;260,00;;;
;;261;19,21400;1,52400;0,005000;87,425;91,08;-31,0699;0,000;101,084;32,000;0,000;428,850;460,250;28,70;845,483;263,190;0,000;579,200;581,200;556,600;314,050;;;;;0,00;0,00;0,00;3,00;5,31;15,023;28,545;0,58;0,52;999998,00;999998,00;999998,00;999998,00;999998,00;999998,00;999998,00;999998,00;999998,00;999998,00;999998,00;999998,00;999998,00;999998,00;999998,00;;;;;;;;;;;;;;;;;530,6326;18,16474;71,9359;0,29253133;0,29253133;0,00094;1,61285;73,7623;19,730884;0,093300;23,958092;25,712282;0,0210;2,1014;2,63;262,57;0,00;0,47;40,23;;281,598;282,047;5,3137548;19,10200;1,60800;0,01400;0,0912057;;40,62;261,00;;;
;;262;19,20500;1,53100;0,012000;86,775;90,62;-31,4501;0,000;101,084;32,000;0,000;429,050;460,550;28,70;845,417;263,190;0,000;579,100;581,100;556,600;314,050;;;;;0,00;0,00;0,00;3,00;5,31;15,040;28,564;0,58;0,52;999998,00;999998,00;999998,00;999998,00;999998,00;999998,00;999998,00;999998,00;999998,00;999998,00;999998,00;999998,00;999998,00;999998,00;999998,00;;;;;;;;;;;;;;;;;528,7478;18,85215;78,7126;0,28086344;0,28086344;0,00180;1,67535;74,2911;19,652816;0,098343;23,874427;25,627240;0,0221;2,2077;2,65;264,77;0,00;0,47;40,12;;282,545;282,047;5,2948803;19,10000;1,61000;0,01900;0,0912435;;40,24;262,00;;;
;;263;19,20100;1,54000;0,012000;90,675;90,99;-31,6000;0,000;101,084;32,000;0,000;429,550;460,950;28,70;845,517;263,190;0,000;579,400;581,000;556,700;314,050;;;;;0,00;0,00;0,00;3,00;5,31;15,027;28,553;0,58;0,52;999998,00;999998,00;999998,00;999998,00;999998,00;999998,00;999998,00;999998,00;999998,00;999998,00;999998,00;999998,00;999998,00;999998,00;999998,00;;;;;;;;;;;;;;;;;542,0775;38,57937;154,0065;0,14070638;0,14070638;0,00291;3,43178;74,8331;20,077904;0,094273;24,419252;26,204294;0,0217;2,1639;2,67;266,94;0,00;0,48;41,16;;283,506;283,981;5,4283640;19,09200;1,61700;0,02500;0,0915668;;40,09;263,00;;;
;;264;19,19500;1,55700;0,021000;89,150;90,37;-31,7699;0,000;101,080;31,900;0,000;430,050;461,750;28,70;845,350;263,190;0,000;578,900;581,000;556,700;314,050;;;;;0,00;0,00;0,00;3,00;5,31;15,053;28,556;0,58;0,52;999998,00;999998,00;999998,00;999998,00;999998,00;999998,00;999998,00;999998,00;999998,00;999998,00;999998,00;999998,00;999998,00;999998,00;999998,00;;;;;;;;;;;;;;;;;539,5414;35,41597;151,2007;0,15255737;0,15255737;0,00323;3,15461;75,3727;19,896772;0,101089;24,227123;26,012962;0,0231;2,3035;2,70;269,24;0,00;0,48;40,99;;284,481;283,981;5,4029674;19,08300;1,62600;0,02700;0,0919722;;39,92;264,00;;;
;;265;19,18500;1,56500;0,014000;86,325;90,55;-31,9401;0,000;101,084;31,900;0,000;430,550;462,350;28,70;845,183;263,190;0,000;578,500;580,900;556,700;314,050;;;;;0,00;0,00;0,00;3,00;5,31;15,032;28,564;0,58;0,52;999998,00;999998,00;999998,00;999998,00;999998,00;999998,00;999998,00;999998,00;999998,00;999998,00;999998,00;999998,00;999998,00;999998,00;999998,00;;;;;;;;;;;;;;;;;534,9413;17,50856;72,7647;0,30595907;0,30595907;0,00093;1,56064;75,9076;19,567617;0,099079;23,854032;25,615867;0,0223;2,2232;2,72;271,46;0,00;0,48;40,59;;285,435;285,901;5,3569026;19,07000;1,64000;0,01400;0,0927281;;39,75;265,00;;;
;;266;19,16900;1,56900;0,016000;88,075;91,05;-32,3401;0,000;101,080;31,900;0,000;430,750;462,450;28,70;845,017;263,190;0,000;578,100;580,800;556,700;314,050;;;;;0,00;0,00;0,00;3,00;5,32;15,025;28,569;0,58;0,52;999998,00;999998,00;999998,00;999998,00;999998,00;999998,00;999998,00;999998,00;999998,00;999998,00;999998,00;999998,00;999998,00;999998,00;999998,00;;;;;;;;;;;;;;;;;543,1627;18,59949;72,6661;0,29243978;0,29243978;0,00146;1,65818;76,4508;19,760372;0,093630;24,100202;25,873797;0,0213;2,1221;2,74;273,59;0,00;0,48;41,23;;286,388;285,901;5,4392314;19,05900;1,64900;0,01700;0,0932400;;39,35;266,00;;;
;;267;19,15200;1,57300;0,006000;85,225;91,11;-32,4900;0,000;101,086;31,900;0,000;431,250;463,350;28,70;844,950;263,190;0,000;577,900;580,800;556,700;314,050;;;;;0,00;0,00;0,00;3,00;5,32;15,027;28,553;0,58;0,52;999998,00;999998,00;999998,00;999998,00;999998,00;999998,00;999998,00;999998,00;999998,00;999998,00;999998,00;999998,00;999998,00;999998,00;999998,00;;;;;;;;;;;;;;;;;538,6827;38,76941;149,3219;0,13913981;0,13913981;-0,00045;3,44978;76,9895;19,426761;0,092933;23,720824;25,486478;0,0208;2,0748;2,76;275,66;0,00;0,48;40,84;;287,341;287,781;5,3943682;19,04500;1,66000;0,00600;0,0940661;;39,20;267,00;;;
;;268;19,15000;1,58200;0,009000;86,125;90,99;-32,6600;0,000;101,092;31,900;0,000;431,550;463,950;28,70;844,950;263,196;0,000;577,900;580,800;556,700;314,050;;;;;0,00;0,00;0,00;3,00;5,32;15,055;28,550;0,58;0,52;999998,00;999998,00;999998,00;999998,00;999998,00;999998,00;999998,00;999998,00;999998,00;999998,00;999998,00;999998,00;999998,00;999998,00;999998,00;;;;;;;;;;;;;;;;;545,4049;35,62271;138,3415;0,15332031;0,15332031;0,00059;3,17339;77,5349;19,522278;0,094288;23,854036;25,644955;0,0212;2,1181;2,78;277,78;0,00;0,49;41,38;;288,292;287,781;5,4616843;19,02900;1,67400;0,01200;0,0947815;;39,03;268,00;;;
;;269;19,14600;1,59300;0,008000;86,625;91,66;-32,8300;0,000;101,092;31,900;0,000;432,050;464,750;28,70;844,917;263,190;0,000;577,900;580,700;556,700;314,050;;;;;0,00;0,00;0,00;3,00;5,32;15,032;28,548;0,58;0,53;999998,00;999998,00;999998,00;999998,00;999998,00;999998,00;999998,00;999998,00;999998,00;999998,00;999998,00;999998,00;999998,00;999998,00;999998,00;;;;;;;;;;;;;;;;;550,2063;18,62751;66,3638;0,29578654;0,29578654;0,00249;1,65582;78,0851;19,567533;0,086908;23,937034;25,748726;0,0196;1,9602;2,80;279,74;0,00;0,49;41,78;;289,256;289,689;5,5097657;19,01500;1,68100;0,02300;0,0954018;;38,86;269,00;;;
;;270;19,13800;1,60300;0,002000;85,950;90,68;-33,2200;0,000;101,094;31,900;0,000;432,550;465,250;28,70;844,850;263,196;0,000;577,800;580,600;556,700;314,050;;;;;0,00;0,00;0,00;3,00;5,32;15,006;28,561;0,58;0,52;999998,00;999998,00;999998,00;999998,00;999998,00;999998,00;999998,00;999998,00;999998,00;999998,00;999998,00;999998,00;999998,00;999998,00;999998,00;;;;;;;;;;;;;;;;;551,0049;17,46694;69,5901;0,31589762;0,31589762;-0,00079;1,54818;78,6361;19,479877;0,097662;23,857383;25,660959;0,0220;2,1953;2,82;281,93;0,00;0,49;41,74;;290,224;289,689;5,5177634;19,00800;1,68600;0,00400;0,0959743;;38,47;270,00;;;
;;271;19,12500;1,60800;0,003000;85,400;90,63;-33,4200;0,000;101,092;31,900;0,000;432,950;466,150;28,70;844,650;263,196;0,000;577,100;580,600;556,800;314,050;;;;;0,00;0,00;0,00;3,00;5,32;15,011;28,564;0,58;0,52;999998,00;999998,00;999998,00;999998,00;999998,00;999998,00;999998,00;999998,00;999998,00;999998,00;999998,00;999998,00;999998,00;999998,00;999998,00;;;;;;;;;;;;;;;;;548,9950;36,65240;147,1375;0,14999390;0,14999390;-0,00027;3,25260;79,1851;19,408479;0,098216;23,791922;25,616363;0,0221;2,2039;2,85;284,14;0,00;0,49;41,61;;291,183;291,607;5,4976361;19,00700;1,68800;0,00700;0,0959763;;38,27;271,00;;;
;;272;19,11200;1,61000;0,014000;86,025;91,07;-33,5900;0,000;101,086;31,900;0,000;433,550;467,050;28,70;844,783;263,190;0,000;577,500;580,600;556,800;314,050;;;;;0,00;0,00;0,00;3,00;5,32;15,034;28,577;0,58;0,52;999998,00;999998,00;999998,00;999998,00;999998,00;999998,00;999998,00;999998,00;999998,00;999998,00;999998,00;999998,00;999998,00;999998,00;999998,00;;;;;;;;;;;;;;;;;552,4641;18,19094;69,3379;0,30412801;0,30412801;0,00093;1,61968;79,7375;19,465886;0,093389;23,895363;25,741735;0,0211;2,1058;2,87;286,24;0,00;0,49;41,93;;292,137;291,607;5,5323759;18,99800;1,69900;0,01400;0,0963018;;38,10;272,00;;;
;;273;19,10200;1,61700;0,019000;86,850;91,18;-33,9900;0,000;101,094;31,900;0,000;434,150;467,650;28,70;844,617;263,190;0,000;577,000;580,600;556,800;314,050;;;;;0,00;0,00;0,00;3,00;5,32;15,034;28,577;0,58;0,52;999998,00;999998,00;999998,00;999998,00;999998,00;999998,00;999998,00;999998,00;999998,00;999998,00;999998,00;999998,00;999998,00;999998,00;999998,00;;;;;;;;;;;;;;;;;557,6704;19,53526;73,1618;0,28586833;0,28586833;0,00300;1,74589;80,2952;19,545485;0,092127;24,026279;25,880201;0,0209;2,0885;2,89;288,33;0,00;0,50;42,40;;293,100;293,525;5,5845115;18,98400;1,71400;0,02600;0,0968196;;37,70;273,00;;;
;;274;19,10000;1,62600;0,025000;88,975;91,39;-34,1300;0,000;101,086;31,900;0,000;434,650;468,250;28,70;844,817;263,190;0,000;577,800;580,400;556,800;314,050;;;;;0,00;0,00;0,00;3,00;5,33;15,019;28,561;0,58;0,53;999998,00;999998,00;999998,00;999998,00;999998,00;999998,00;999998,00;999998,00;999998,00;999998,00;999998,00;999998,00;999998,00;999998,00;999998,00;;;;;;;;;;;;;;;;;568,5897;41,17167;149,4667;0,13829549;0,13829549;0,00478;3,67256;80,8638;19,771772;0,089895;24,332434;26,213418;0,0207;2,0642;2,91;290,40;0,00;0,51;43,27;;294,086;293,525;5,6938570;18,96700;1,72400;0,03600;0,0975943;;37,56;274,00;;;
;;275;19,09200;1,64000;0,027000;88,625;90,83;-34,3099;0,000;101,086;31,900;0,000;435,050;468,450;28,70;844,750;263,196;0,000;577,600;580,400;556,800;314,050;;;;;0,00;0,00;0,00;3,00;5,33;15,017;28,550;0,58;0,52;999998,00;999998,00;999998,00;999998,00;999998,00;999998,00;999998,00;999998,00;999998,00;999998,00;999998,00;999998,00;999998,00;999998,00;999998,00;;;;;;;;;;;;;;;;;570,2354;34,43648;132,9166;0,16582235;0,16582235;0,00146;3,06275;81,4340;19,723772;0,096045;24,295700;26,160949;0,0220;2,2010;2,93;292,60;0,00;0,51;43,29;;295,087;295,492;5,7103375;18,96100;1,72800;0,01700;0,0981187;;37,38;275,00;;;
;;276;19,08300;1,64900;0,014000;85,525;90,81;-34,4900;0,000;101,090;31,900;0,000;435,450;469,350;28,70;844,550;263,190;0,000;577,100;580,300;556,800;314,050;;;;;0,00;0,00;0,00;3,00;5,33;15,053;28,569;0,58;0,52;999998,00;999998,00;999998,00;999998,00;999998,00;999998,00;999998,00;999998,00;999998,00;999998,00;999998,00;999998,00;999998,00;999998,00;999998,00;;;;;;;;;;;;;;;;;561,1943;18,52425;71,6017;0,30337524;0,30337524;0,00178;1,64769;81,9952;19,366843;0,096217;23,877970;25,736881;0,0217;2,1692;2,95;294,77;0,00;0,50;42,61;;296,068;295,492;5,6197998;18,95600;1,73200;0,01900;0,0983451;;37,20;276,00;;;
;;277;19,07000;1,66000;0,017000;84,950;91,38;-34,8800;0,000;101,086;31,900;0,000;436,050;470,250;28,70;845,150;263,190;0,000;578,800;580,300;556,900;314,050;;;;;0,00;0,00;0,00;3,00;5,33;15,029;28,577;0,58;0,53;999998,00;999998,00;999998,00;999998,00;999998,00;999998,00;999998,00;999998,00;999998,00;999998,00;999998,00;999998,00;999998,00;999998,00;999998,00;;;;;;;;;;;;;;;;;561,3079;18,94472;68,3454;0,29670207;0,29670207;0,00041;1,68489;82,5565;19,288346;0,090014;23,813956;25,681717;0,0203;2,0250;2,97;296,79;0,00;0,50;42,59;;297,025;297,443;5,6209377;18,94900;1,73900;0,01100;0,0987690;;36,81;277,00;;;
;;278;19,05900;1,67400;0,006000;86,525;91,91;-35,0500;0,000;101,086;31,900;0,000;436,650;470,850;28,70;844,450;263,196;0,000;576,900;580,200;556,800;314,050;;;;;0,00;0,00;0,00;3,00;5,33;15,004;28,577;0,58;0,53;999998,00;999998,00;999998,00;999998,00;999998,00;999998,00;999998,00;999998,00;999998,00;999998,00;999998,00;999998,00;999998,00;999998,00;999998,00;;;;;;;;;;;;;;;;;568,0063;36,11877;121,6693;0,15748088;0,15748088;0,00196;3,21664;83,1245;19,452951;0,084226;24,050230;25,933931;0,0192;1,9134;2,99;298,71;0,00;0,51;43,15;;297,988;297,443;5,6880150;18,94000;1,74700;0,02000;0,0991062;;36,64;278,00;;;
;;279;19,04500;1,68100;0,012000;85,775;91,70;-35,2300;0,000;101,078;31,900;0,000;436,950;471,250;28,70;844,283;263,196;0,000;576,400;580,100;556,900;314,050;;;;;0,00;0,00;0,00;3,00;5,33;15,065;28,566;0,58;0,53;999998,00;999998,00;999998,00;999998,00;999998,00;999998,00;999998,00;999998,00;999998,00;999998,00;999998,00;999998,00;999998,00;999998,00;999998,00;;;;;;;;;;;;;;;;;568,9995;36,37223;125,0808;0,15665690;0,15665690;-0,00079;3,23922;83,6935;19,361809;0,086466;23,953994;25,834351;0,0196;1,9567;3,01;300,66;0,00;0,51;43,16;;298,957;299,362;5,6979610;18,93000;1,75800;0,00400;0,0997521;;36,46;279,00;;;
;;280;19,02900;1,68600;0,023000;87,175;90,31;-35,4000;0,000;101,082;31,900;0,000;437,550;472,050;28,70;844,383;263,190;0,000;576,800;580,000;556,900;314,050;;;;;0,00;0,00;0,00;3,00;5,33;15,025;28,556;0,58;0,52;999998,00;999998,00;999998,00;999998,00;999998,00;999998,00;999998,00;999998,00;999998,00;999998,00;999998,00;999998,00;999998,00;999998,00;999998,00;;;;;;;;;;;;;;;;;576,5932;19,24877;77,5651;0,29996745;0,29996745;-0,00096;1,71023;84,2701;19,505791;0,101740;24,165263;26,070649;0,0233;2,3234;3,03;302,99;0,00;0,51;43,72;;299,935;299,362;5,7740042;18,91900;1,76400;0,00300;0,1003433;;36,29;280,00;;;
;;281;19,01500;1,68800;0,004000;84,375;91,83;-35,7999;0,000;101,082;31,900;0,000;437,850;472,750;28,70;844,450;263,190;0,000;576,900;580,100;556,900;314,050;;;;;0,00;0,00;0,00;3,00;5,33;14,981;28,556;0,58;0,53;999998,00;999998,00;999998,00;999998,00;999998,00;999998,00;999998,00;999998,00;999998,00;999998,00;999998,00;999998,00;999998,00;999998,00;999998,00;;;;;;;;;;;;;;;;;568,3183;17,37783;58,5381;0,32749430;0,32749430;-0,00129;1,54328;84,8385;19,183403;0,085112;23,782159;25,677779;0,0192;1,9144;3,05;304,90;0,00;0,51;43,08;;300,905;301,279;5,6911392;18,91500;1,76700;0,00100;0,1005675;;35,89;281,00;;;
;;282;19,00800;1,69900;0,007000;86,075;91,77;-36,0100;0,000;101,082;31,900;0,000;438,350;473,350;28,70;844,483;263,190;0,000;577,100;580,000;556,900;314,050;;;;;0,00;0,00;0,00;3,00;5,34;15,019;28,558;0,58;0,53;999998,00;999998,00;999998,00;999998,00;999998,00;999998,00;999998,00;999998,00;999998,00;999998,00;999998,00;999998,00;999998,00;999998,00;999998,00;;;;;;;;;;;;;;;;;573,5884;36,85703;125,2245;0,15584310;0,15584310;0,00161;3,27375;85,4120;19,364641;0,085721;24,034259;25,953271;0,0195;1,9488;3,07;306,85;0,00;0,51;43,55;;301,863;301,279;5,7439139;18,91200;1,76700;0,01800;0,1005514;;35,68;282,00;;;
;;283;19,00700;1,71400;0,014000;86,975;90,39;-36,1799;0,000;101,082;31,900;0,000;439,050;473,950;28,70;844,417;263,190;0,000;576,900;580,000;556,900;314,050;;;;;0,00;0,00;0,00;3,00;5,34;15,046;28,569;0,58;0,52;999998,00;999998,00;999998,00;999998,00;999998,00;999998,00;999998,00;999998,00;999998,00;999998,00;999998,00;999998,00;999998,00;999998,00;999998,00;;;;;;;;;;;;;;;;;574,6628;19,45549;78,0808;0,29578654;0,29578654;0,00316;1,73046;85,9867;19,450092;0,100873;24,178865;26,100839;0,0231;2,3063;3,10;309,16;0,00;0,51;43,68;;302,825;303,188;5,7546734;18,91500;1,76500;0,02700;0,1002953;;35,51;283,00;;;
;;284;18,99800;1,72400;0,026000;82,375;91,00;-36,5699;0,000;101,086;31,900;0,000;439,450;474,750;28,70;844,017;263,190;0,000;575,800;579,900;556,900;314,050;;;;;0,00;0,00;0,00;3,00;5,34;15,017;28,561;0,58;0,52;999998,00;999998,00;999998,00;999998,00;999998,00;999998,00;999998,00;999998,00;999998,00;999998,00;999998,00;999998,00;999998,00;999998,00;999998,00;;;;;;;;;;;;;;;;;558,8805;19,24146;72,1797;0,29086304;0,29086304;0,00291;1,71480;86,5456;18,920143;0,094106;23,541501;25,432536;0,0210;2,0965;3,12;311,25;0,00;0,50;42,49;;303,754;303,188;5,5966293;18,91500;1,76800;0,02600;0,1002726;;35,12;284,00;;;
;;285;18,98400;1,72800;0,036000;83,350;90,81;-36,7300;0,000;101,086;31,900;0,000;439,750;475,050;28,70;843,717;263,196;0,000;575,000;579,900;556,800;314,050;;;;;0,00;0,00;0,00;3,00;5,34;15,027;28,564;0,58;0,52;999998,00;999998,00;999998,00;999998,00;999998,00;999998,00;999998,00;999998,00;999998,00;999998,00;999998,00;999998,00;999998,00;999998,00;999998,00;;;;;;;;;;;;;;;;;561,9410;35,71463;137,0450;0,15756226;0,15756226;0,00527;3,17760;87,1075;19,025291;0,096194;23,688493;25,590036;0,0216;2,1563;3,14;313,41;0,01;0,50;42,77;;304,655;305,049;5,6272770;18,91300;1,76500;0,04000;0,1002656;;34,96;285,00;;;
;;286;18,96700;1,73200;0,017000;85,275;89,89;-36,9200;0,000;101,086;31,900;0,000;440,250;475,550;28,70;843,983;263,196;0,000;575,700;579,900;556,900;314,050;;;;;0,00;0,00;0,00;3,00;5,34;15,019;28,564;0,58;0,52;999998,00;999998,00;999998,00;999998,00;999998,00;999998,00;999998,00;999998,00;999998,00;999998,00;999998,00;999998,00;999998,00;999998,00;999998,00;;;;;;;;;;;;;;;;;566,9517;34,58613;147,2372;0,16415405;0,16415405;0,00210;3,06534;87,6745;19,232804;0,106398;23,974097;25,896380;0,0242;2,4136;3,16;315,82;0,00;0,50;43,04;;305,563;305,049;5,6774540;18,92200;1,75500;0,02100;0,1000645;;34,77;286,00;;;
;;287;18,96100;1,73900;0,019000;86,075;88,78;-37,0900;0,000;101,084;31,900;0,000;440,350;475,350;28,70;843,950;263,196;0,000;575,700;579,800;556,900;314,050;;;;;0,00;0,00;0,00;3,00;5,34;15,048;28,585;0,58;0,51;999998,00;999998,00;999998,00;999998,00;999998,00;999998,00;999998,00;999998,00;999998,00;999998,00;999998,00;999998,00;999998,00;999998,00;999998,00;;;;;;;;;;;;;;;;;567,7763;19,22235;91,6215;0,29578654;0,29578654;-0,00061;1,70596;88,2423;19,320615;0,118808;24,089025;26,003675;0,0271;2,7063;3,19;318,53;0,00;0,50;43,05;;306,475;306,859;5,6857121;18,93100;1,75200;0,00500;0,0997500;;34,60;287,00;;;
;;288;18,95600;1,74700;0,011000;87,250;89,99;-37,4800;0,000;101,084;31,900;0,000;440,850;475,650;28,70;843,417;263,190;0,000;574,100;579,800;556,900;314,050;;;;;0,00;0,00;0,00;3,00;5,34;14,990;28,588;0,58;0,52;999998,00;999998,00;999998,00;999998,00;999998,00;999998,00;999998,00;999998,00;999998,00;999998,00;999998,00;999998,00;999998,00;999998,00;999998,00;;;;;;;;;;;;;;;;;572,7179;18,90463;79,6992;0,30337524;0,30337524;-0,00199;1,68051;88,8150;19,441006;0,105277;24,266651;26,182222;0,0242;2,4145;3,21;320,94;0,00;0,51;43,40;;307,391;306,859;5,7351970;18,92700;1,75900;-0,00300;0,0999969;;34,21;288,00;;;
;;289;18,94900;1,75800;0,020000;87,075;90,38;-37,6600;0,000;101,090;31,900;0,000;441,250;476,050;28,70;843,617;263,196;0,000;574,700;579,800;556,900;314,050;;;;;0,00;0,00;0,00;3,00;5,34;15,017;28,569;0,58;0,52;999998,00;999998,00;999998,00;999998,00;999998,00;999998,00;999998,00;999998,00;999998,00;999998,00;999998,00;999998,00;999998,00;999998,00;999998,00;;;;;;;;;;;;;;;;;575,3265;39,48691;158,8009;0,14590454;0,14590454;-0,00062;3,51156;89,3903;19,412694;0,100946;24,253298;26,166079;0,0232;2,3137;3,24;323,26;0,00;0,51;43,64;;308,314;308,691;5,7613199;18,91300;1,77000;0,00500;0,1006059;;34,03;289,00;;;
;;290;18,94000;1,76400;0,004000;88,750;90,51;-37,8401;0,000;101,088;31,900;0,000;441,250;475,550;28,70;843,550;263,196;0,000;574,500;579,800;556,900;314,050;;;;;0,00;0,00;0,00;3,00;5,35;15,036;28,561;0,58;0,52;999998,00;999998,00;999998,00;999998,00;999998,00;999998,00;999998,00;999998,00;999998,00;999998,00;999998,00;999998,00;999998,00;999998,00;999998,00;;;;;;;;;;;;;;;;;583,4506;19,75301;77,9076;0,29578654;0,29578654;-0,00166;1,75078;89,9737;19,598519;0,099550;24,485459;26,388804;0,0230;2,3012;3,26;325,56;0,00;0,52;44,21;;309,248;308,691;5,8426744;18,90600;1,77200;-0,00100;0,1010635;;33,85;290,00;;;
;;291;18,93000;1,76700;0,003000;84,700;90,85;-38,2200;0,000;101,088;31,900;0,000;441,650;476,150;28,70;843,917;263,190;0,000;575,700;579,700;556,900;314,050;;;;;0,00;0,00;0,00;3,00;5,35;15,006;28,590;0,58;0,52;999998,00;999998,00;999998,00;999998,00;999998,00;999998,00;999998,00;999998,00;999998,00;999998,00;999998,00;999998,00;999998,00;999998,00;999998,00;;;;;;;;;;;;;;;;;567,1452;18,82864;71,8957;0,30163574;0,30163574;-0,00078;1,66576;90,5409;19,137448;0,095821;23,931093;25,800498;0,0217;2,1656;3,28;327,72;0,00;0,50;42,98;;310,163;310,496;5,6793917;18,91500;1,76100;0,00400;0,1006016;;33,47;291,00;;;
;;292;18,91900;1,76700;0,001000;85,475;91,42;-38,4100;0,000;101,088;31,900;0,000;441,950;476,650;28,70;843,917;263,196;0,000;575,600;579,800;556,900;314,050;;;;;0,00;0,00;0,00;3,00;5,35;15,011;28,577;0,58;0,53;999998,00;999998,00;999998,00;999998,00;999998,00;999998,00;999998,00;999998,00;999998,00;999998,00;999998,00;999998,00;999998,00;999998,00;999998,00;;;;;;;;;;;;;;;;;566,0987;36,37577;130,7588;0,15584310;0,15584310;0,00024;3,22073;91,1070;19,218276;0,089567;24,048491;25,936675;0,0204;2,0349;3,30;329,76;0,00;0,50;42,93;;311,041;310,496;5,6689124;18,92600;1,75200;0,01000;0,0999877;;33,28;292,00;;;
;;293;18,91500;1,76500;0,018000;81,625;90,51;-38,6000;0,000;101,088;31,900;0,000;442,750;478,050;28,70;843,917;263,190;0,000;575,600;579,800;556,900;314,050;;;;;0,00;0,00;0,00;3,00;5,35;15,008;28,588;0,58;0,52;999998,00;999998,00;999998,00;999998,00;999998,00;999998,00;999998,00;999998,00;999998,00;999998,00;999998,00;999998,00;999998,00;999998,00;999998,00;;;;;;;;;;;;;;;;;550,0189;17,03576;68,5978;0,32331340;0,32331340;0,00189;1,51750;91,6570;18,763496;0,099552;23,521911;25,397288;0,0222;2,2148;3,32;331,97;0,00;0,49;41,79;;311,884;312,189;5,5078894;18,93200;1,75400;0,02000;0,0994980;;33,09;293,00;;;
;;294;18,91200;1,76800;0,027000;84,625;91,04;-39,0100;0,000;101,084;31,900;0,000;443,050;478,250;28,70;843,917;263,190;0,000;575,600;579,700;557,000;314,050;;;;;0,00;0,00;0,00;3,00;5,35;15,049;28,577;0,58;0,52;999998,00;999998,00;999998,00;999998,00;999998,00;999998,00;999998,00;999998,00;999998,00;999998,00;999998,00;999998,00;999998,00;999998,00;999998,00;;;;;;;;;;;;;;;;;561,6768;19,73318;74,5552;0,28503418;0,28503418;0,00462;1,76435;92,2187;19,098726;0,093674;23,958378;25,861854;0,0213;2,1221;3,35;334,09;0,00;0,50;42,76;;312,714;312,189;5,6246312;18,92100;1,76600;0,03600;0,0998283;;32,68;294,00;;;
;;295;18,91500;1,76500;0,026000;86,800;91,74;-39,1400;0,000;101,080;31,900;0,000;443,050;477,650;28,70;843,917;263,190;0,000;575,600;579,700;557,000;314,050;;;;;0,00;0,00;0,00;3,00;5,35;15,025;28,566;0,58;0,53;999998,00;999998,00;999998,00;999998,00;999998,00;999998,00;999998,00;999998,00;999998,00;999998,00;999998,00;999998,00;999998,00;999998,00;999998,00;;;;;;;;;;;;;;;;;575,2966;45,80116;156,9753;0,12578328;0,12578328;0,00195;4,08214;92,7940;19,342604;0,086047;24,264310;26,159232;0,0197;1,9717;3,37;336,07;0,00;0,51;43,72;;313,581;313,887;5,7610199;18,90200;1,78000;0,02000;0,1009703;;32,55;295,00;;;
;;296;18,91500;1,75500;0,040000;86,225;90,88;-39,3099;0,000;101,074;31,900;0,000;443,350;477,950;28,70;843,983;263,190;0,000;575,700;579,800;557,000;314,050;;;;;0,00;0,00;0,00;3,00;5,35;15,019;28,569;0,58;0,52;999998,00;999998,00;999998,00;999998,00;999998,00;999998,00;999998,00;999998,00;999998,00;999998,00;999998,00;999998,00;999998,00;999998,00;999998,00;;;;;;;;;;;;;;;;;575,4667;35,83394;135,8029;0,16081746;0,16081746;0,00347;3,18485;93,3695;19,271907;0,095464;24,191994;26,079990;0,0218;2,1809;3,39;338,25;0,00;0,51;43,75;;314,465;313,887;5,7627236;18,89300;1,78200;0,02900;0,1013757;;32,38;296,00;;;
;;297;18,91300;1,75200;0,021000;86,725;91,20;-39,4900;0,000;101,074;31,900;0,000;443,550;478,350;28,70;844,217;263,190;0,000;576,400;579,800;557,000;314,050;;;;;0,00;0,00;0,00;3,00;5,35;15,013;28,582;0,58;0,52;999998,00;999998,00;999998,00;999998,00;999998,00;999998,00;999998,00;999998,00;999998,00;999998,00;999998,00;999998,00;999998,00;999998,00;999998,00;;;;;;;;;;;;;;;;;577,9472;19,07724;69,5548;0,30337524;0,30337524;-0,00096;1,69375;93,9474;19,323345;0,091914;24,267506;26,171484;0,0211;2,1072;3,41;340,35;0,00;0,51;43,82;;315,348;315,656;5,7875633;18,89500;1,78300;0,00300;0,1015412;;32,20;297,00;;;
;;298;18,92200;1,75900;0,005000;82,075;91,08;-39,8800;0,000;101,074;31,900;0,000;444,050;479,450;28,70;844,417;263,190;0,000;577,000;579,700;557,100;314,050;;;;;0,00;0,00;0,00;3,00;5,36;15,042;28,582;0,58;0,52;999998,00;999998,00;999998,00;999998,00;999998,00;999998,00;999998,00;999998,00;999998,00;999998,00;999998,00;999998,00;999998,00;999998,00;999998,00;;;;;;;;;;;;;;;;;563,4861;18,70275;69,1616;0,30170695;0,30170695;-0,00126;1,66353;94,5109;18,787584;0,093270;23,621261;25,504367;0,0209;2,0837;3,43;342,44;0,00;0,50;42,73;;316,205;315,656;5,6427496;18,88900;1,79100;0,00100;0,1018265;;31,81;298,00;;;
;;299;18,93100;1,77000;-0,003000;83,550;89,70;-40,0601;0,000;101,082;31,900;0,000;444,550;479,850;28,70;844,550;263,190;0,000;577,300;579,800;557,100;314,050;;;;;0,00;0,00;0,00;3,00;5,36;15,011;28,577;0,58;0,52;999998,00;999998,00;999998,00;999998,00;999998,00;999998,00;999998,00;999998,00;999998,00;999998,00;999998,00;999998,00;999998,00;999998,00;999998,00;;;;;;;;;;;;;;;;;572,8763;38,67431;165,2587;0,14833577;0,14833577;-0,00395;3,42946;95,0838;18,944989;0,108571;23,845983;25,739501;0,0245;2,4480;3,45;344,89;0,00;0,51;43,36;;317,048;317,394;5,7367835;18,87600;1,80000;-0,01500;0,1026709;;31,63;299,00;;;
;;300;18,92700;1,77200;0,005000;84,400;89,53;-40,2500;0,000;101,074;31,900;0,000;444,650;479,450;28,70;844,317;263,196;0,000;576,600;579,800;557,100;314,050;;;;;0,00;0,00;0,00;3,00;5,36;15,046;28,577;0,58;0,52;999998,00;999998,00;999998,00;999998,00;999998,00;999998,00;999998,00;999998,00;999998,00;999998,00;999998,00;999998,00;999998,00;999998,00;999998,00;;;;;;;;;;;;;;;;;576,1410;17,53207;76,0543;0,32908122;0,32908122;-0,00229;1,55706;95,6599;19,038973;0,110394;23,969672;25,845630;0,0250;2,4993;3,48;347,39;0,00;0,51;43,66;;317,906;317,394;5,7694762;18,87200;1,80400;-0,00500;0,1027480;;31,44;300,00;;;
;;301;18,91300;1,76100;-0,001000;85,650;89,83;-40,6699;0,000;101,074;31,900;0,000;444,750;479,450;28,70;844,183;263,196;0,000;576,300;579,700;557,100;314,050;;;;;0,00;0,00;0,00;3,00;5,36;15,036;28,561;0,58;0,52;999998,00;999998,00;999998,00;999998,00;999998,00;999998,00;999998,00;999998,00;999998,00;999998,00;999998,00;999998,00;999998,00;999998,00;999998,00;;;;;;;;;;;;;;;;;581,4844;19,85373;83,3930;0,29329427;0,29329427;0,00007;1,76375;96,2414;19,177286;0,107104;24,149235;26,033391;0,0245;2,4425;3,50;349,83;0,00;0,52;44,13;;318,773;319,120;5,8229844;18,86500;1,80800;0,00900;0,1029564;;31,02;301,00;;;
;;302;18,90600;1,75200;0,004000;85,500;90,11;-40,8099;0,000;101,074;31,900;0,000;445,250;479,850;28,70;844,283;263,190;0,000;576,600;579,700;557,100;314,050;;;;;0,00;0,00;0,00;3,00;5,36;15,057;28,569;0,58;0,52;999998,00;999998,00;999998,00;999998,00;999998,00;999998,00;999998,00;999998,00;999998,00;999998,00;999998,00;999998,00;999998,00;999998,00;999998,00;;;;;;;;;;;;;;;;;581,3901;37,74765;153,8288;0,15423584;0,15423584;0,00159;3,34912;96,8228;19,149724;0,103958;24,141638;26,017664;0,0237;2,3693;3,53;352,20;0,00;0,52;44,15;;319,643;319,120;5,8220404;18,86100;1,80800;0,01800;0,1030901;;30,88;302,00;;;
;;303;18,91500;1,75400;0,010000;86,400;90,43;-41,0200;0,000;101,076;31,900;0,000;445,650;480,250;28,70;844,350;263,196;0,000;576,800;579,700;557,100;314,050;;;;;0,00;0,00;0,00;3,00;5,36;15,029;28,590;0,58;0,52;999998,00;999998,00;999998,00;999998,00;999998,00;999998,00;999998,00;999998,00;999998,00;999998,00;999998,00;999998,00;999998,00;999998,00;999998,00;;;;;;;;;;;;;;;;;580,1924;31,54658;125,1028;0,18417358;0,18417358;0,00194;2,79899;97,4030;19,241608;0,100390;24,279265;26,164293;0,0230;2,3008;3,55;354,50;0,00;0,52;44,06;;320,505;320,848;5,8100465;18,87500;1,79600;0,02000;0,1023791;;30,67;303,00;;;
;;304;18,92600;1,76600;0,020000;85,100;91,10;-41,2000;0,000;101,082;31,900;0,000;445,850;480,550;28,70;844,383;263,190;0,000;576,900;579,700;557,100;314,050;;;;;0,00;0,00;0,00;3,00;5,36;15,019;28,588;0,58;0,52;999998,00;999998,00;999998,00;999998,00;999998,00;999998,00;999998,00;999998,00;999998,00;999998,00;999998,00;999998,00;999998,00;999998,00;999998,00;;;;;;;;;;;;;;;;;573,1445;19,45897;71,8714;0,29495239;0,29495239;0,00361;1,73316;97,9761;19,092018;0,093030;24,101322;25,977101;0,0212;2,1169;3,57;356,62;0,00;0,51;43,59;;321,347;320,848;5,7394689;18,88100;1,79500;0,03000;0,1019239;;30,49;304,00;;;
;;305;18,93200;1,78000;0,036000;85,325;90,98;-41,5800;0,000;101,082;31,900;0,000;446,150;481,050;28,70;844,317;263,190;0,000;576,800;579,600;557,100;314,050;;;;;0,00;0,00;0,00;3,00;5,36;15,048;28,601;0,58;0,52;999998,00;999998,00;999998,00;999998,00;999998,00;999998,00;999998,00;999998,00;999998,00;999998,00;999998,00;999998,00;999998,00;999998,00;999998,00;;;;;;;;;;;;;;;;;575,3005;19,80678;74,0528;0,29086304;0,29086304;0,00277;1,77032;98,5514;19,110812;0,094333;24,141281;26,029728;0,0215;2,1509;3,59;358,77;0,00;0,51;43,76;;322,176;322,532;5,7610590;18,87500;1,80600;0,02500;0,1022092;;30,11;305,00;;;
;;306;18,92100;1,78200;0,020000;83,375;91,54;-41,7500;0,000;101,084;31,900;0,000;446,550;481,350;28,70;844,383;263,190;0,000;576,900;579,600;557,200;314,050;;;;;0,00;0,00;0,00;3,00;5,37;15,004;28,585;0,58;0,53;999998,00;999998,00;999998,00;999998,00;999998,00;999998,00;999998,00;999998,00;999998,00;999998,00;999998,00;999998,00;999998,00;999998,00;999998,00;;;;;;;;;;;;;;;;;573,3698;41,74194;144,7803;0,13755290;0,13755290;0,00207;3,71557;99,1248;18,882710;0,088218;23,874521;25,735082;0,0199;1,9887;3,61;360,75;0,00;0,51;43,57;;323,000;322,532;5,7417250;18,85900;1,81400;0,02100;0,1031060;;29,94;306,00;;;
;;307;18,90200;1,78300;0,029000;86,500;89,89;-41,9301;0,000;101,084;31,900;0,000;446,450;480,750;28,70;844,450;263,190;0,000;577,000;579,700;557,200;314,050;;;;;0,00;0,00;0,00;3,00;5,37;15,029;28,596;0,58;0,52;999998,00;999998,00;999998,00;999998,00;999998,00;999998,00;999998,00;999998,00;999998,00;999998,00;999998,00;999998,00;999998,00;999998,00;999998,00;;;;;;;;;;;;;;;;;587,1058;18,17988;75,5972;0,32339478;0,32339478;0,00024;1,61446;99,7119;19,235482;0,106444;24,315106;26,183195;0,0244;2,4414;3,64;363,20;0,00;0,52;44,56;;323,838;324,217;5,8792777;18,85100;1,81900;0,01000;0,1036447;;29,76;307,00;;;
;;308;18,89300;1,79100;0,003000;81,400;89,37;-42,3501;0,000;101,082;31,900;0,000;446,750;481,250;28,70;844,350;263,190;0,000;576,800;579,600;557,200;314,050;;;;;0,00;0,00;0,00;3,00;5,37;15,029;28,582;0,58;0,51;999998,00;999998,00;999998,00;999998,00;999998,00;999998,00;999998,00;999998,00;999998,00;999998,00;999998,00;999998,00;999998,00;999998,00;999998,00;;;;;;;;;;;;;;;;;569,8597;18,81470;82,4859;0,30330404;0,30330404;0,00056;1,66932;100,2818;18,653544;0,112210;23,595337;25,417473;0,0250;2,4983;3,66;365,69;0,00;0,51;43,25;;324,665;324,217;5,7065753;18,84900;1,81900;0,01200;0,1037398;;29,34;308,00;;;
;;309;18,89500;1,80000;0,001000;82,400;90,38;-42,5000;0,000;101,084;31,900;0,000;447,050;481,750;28,70;844,283;263,196;0,000;576,700;579,500;557,200;314,050;;;;;0,00;0,00;0,00;3,00;5,37;15,042;28,601;0,58;0,52;999998,00;999998,00;999998,00;999998,00;999998,00;999998,00;999998,00;999998,00;999998,00;999998,00;999998,00;999998,00;999998,00;999998,00;999998,00;;;;;;;;;;;;;;;;;572,0847;41,95556;166,0315;0,13654582;0,13654582;-0,00142;3,71474;100,8538;18,761476;0,100991;23,747799;25,591102;0,0227;2,2639;3,68;367,96;0,00;0,51;43,36;;325,462;325,870;5,7288563;18,85600;1,81200;0,00000;0,1035426;;29,19;309,00;;;
;;310;18,88900;1,80400;-0,015000;83,425;90,06;-42,6699;0,000;101,088;31,900;0,000;447,550;482,250;28,70;843,983;263,190;0,000;575,800;579,500;557,200;314,050;;;;;0,00;0,00;0,00;3,00;5,37;15,051;28,609;0,58;0,52;999998,00;999998,00;999998,00;999998,00;999998,00;999998,00;999998,00;999998,00;999998,00;999998,00;999998,00;999998,00;999998,00;999998,00;999998,00;;;;;;;;;;;;;;;;;571,8323;36,34093;149,8829;0,15757243;0,15757243;0,00107;3,22620;101,4257;18,867257;0,104510;23,908405;25,762101;0,0236;2,3584;3,71;370,32;0,00;0,51;43,41;;326,257;325,870;5,7263286;18,86500;1,80600;0,01500;0,1029112;;29,02;310,00;;;
;;311;18,87600;1,80800;-0,005000;82,050;89,70;-42,8501;0,000;101,088;31,900;0,000;447,850;482,650;28,70;843,750;263,190;0,000;575,000;579,600;557,200;314,050;;;;;0,00;0,00;0,00;3,00;5,37;15,040;28,574;0,58;0,52;999998,00;999998,00;999998,00;999998,00;999998,00;999998,00;999998,00;999998,00;999998,00;999998,00;999998,00;999998,00;999998,00;999998,00;999998,00;;;;;;;;;;;;;;;;;566,3822;18,00251;77,2353;0,31505330;0,31505330;0,00007;1,59878;101,9920;18,704859;0,108522;23,718504;25,561541;0,0243;2,4299;3,73;372,75;0,00;0,50;42,98;;327,038;327,435;5,6717516;18,86800;1,80500;0,00900;0,1028138;;28,84;311,00;;;
;;312;18,87200;1,80800;0,009000;86,225;90,66;-43,2600;0,000;101,088;31,900;0,000;448,150;482,850;28,70;843,750;263,190;0,000;575,000;579,500;557,300;314,050;;;;;0,00;0,00;0,00;3,00;5,37;15,027;28,588;0,58;0,52;999998,00;999998,00;999998,00;999998,00;999998,00;999998,00;999998,00;999998,00;999998,00;999998,00;999998,00;999998,00;999998,00;999998,00;999998,00;;;;;;;;;;;;;;;;;580,6646;18,60910;72,0080;0,31246948;0,31246948;0,00294;1,65664;102,5727;19,168421;0,097880;24,322601;26,205886;0,0225;2,2469;3,76;374,99;0,00;0,52;44,15;;327,828;327,435;5,8147756;18,86300;1,81000;0,02600;0,1028592;;28,43;312,00;;;
;;313;18,86500;1,79600;0,018000;86,500;90,82;-43,4401;0,000;101,080;31,900;0,000;448,450;482,950;28,70;843,817;263,190;0,000;575,300;579,500;557,200;314,050;;;;;0,00;0,00;0,00;3,00;5,37;15,017;28,577;0,58;0,52;999998,00;999998,00;999998,00;999998,00;999998,00;999998,00;999998,00;999998,00;999998,00;999998,00;999998,00;999998,00;999998,00;999998,00;999998,00;;;;;;;;;;;;;;;;;582,6378;38,67814;146,6446;0,15084839;0,15084839;0,00227;3,43591;103,1554;19,192541;0,096090;24,369509;26,244295;0,0221;2,2090;3,78;377,20;0,00;0,52;44,27;;328,639;329,014;5,8345351;18,86000;1,81000;0,02200;0,1030811;;28,25;313,00;;;
;;314;18,86100;1,79500;0,020000;85,375;91,35;-43,6400;0,000;101,080;31,900;0,000;448,450;483,050;28,70;843,950;263,190;0,000;575,500;579,600;557,300;314,050;;;;;0,00;0,00;0,00;3,00;5,38;15,034;28,588;0,58;0,52;999998,00;999998,00;999998,00;999998,00;999998,00;999998,00;999998,00;999998,00;999998,00;999998,00;999998,00;999998,00;999998,00;999998,00;999998,00;;;;;;;;;;;;;;;;;576,8189;16,58575;59,3454;0,34826660;0,34826660;0,00411;1,47433;103,7322;19,067325;0,090349;24,210518;26,078471;0,0207;2,0639;3,80;379,27;0,00;0,51;43,87;;329,439;329,014;5,7762644;18,86500;1,80500;0,03300;0,1027188;;28,05;314,00;;;
;;315;18,87500;1,80600;0,030000;83,200;89,62;-44,0800;0,000;101,080;31,900;0,000;448,650;483,450;28,70;843,817;263,190;0,000;575,100;579,600;557,300;314,050;;;;;0,00;0,00;0,00;3,00;5,38;15,019;28,588;0,58;0,51;999998,00;999998,00;999998,00;999998,00;999998,00;999998,00;999998,00;999998,00;999998,00;999998,00;999998,00;999998,00;999998,00;999998,00;999998,00;;;;;;;;;;;;;;;;;569,7487;19,34301;83,8691;0,29496257;0,29496257;0,00239;1,72588;104,3019;18,818685;0,109479;23,905466;25,759718;0,0247;2,4704;3,82;381,74;0,00;0,51;43,32;;330,213;330,583;5,7054639;18,86400;1,81300;0,02300;0,1028004;;27,61;315,00;;;
;;316;18,88100;1,81400;0,025000;82,350;90,30;-44,2000;0,000;101,080;31,900;0,000;449,050;483,450;28,70;843,950;263,190;0,000;575,600;579,500;557,300;314,050;;;;;0,00;0,00;0,00;3,00;5,38;15,049;28,590;0,58;0,52;999998,00;999998,00;999998,00;999998,00;999998,00;999998,00;999998,00;999998,00;999998,00;999998,00;999998,00;999998,00;999998,00;999998,00;999998,00;;;;;;;;;;;;;;;;;570,7995;46,33498;185,5635;0,12336222;0,12336222;0,00320;4,13849;104,8727;18,713969;0,101874;23,793639;25,616379;0,0229;2,2860;3,85;384,02;0,00;0,51;43,43;;330,973;330,583;5,7159865;18,84700;1,82800;0,02800;0,1035750;;27,49;316,00;;;
;;317;18,87500;1,81900;0,021000;85,075;88,89;-44,3800;0,000;101,080;31,900;0,000;449,050;483,150;28,70;843,983;263,196;0,000;575,700;579,500;557,300;314,050;;;;;0,00;0,00;0,00;3,00;5,38;15,021;28,604;0,58;0,51;999998,00;999998,00;999998,00;999998,00;999998,00;999998,00;999998,00;999998,00;999998,00;999998,00;999998,00;999998,00;999998,00;999998,00;999998,00;;;;;;;;;;;;;;;;;586,9078;35,42594;161,8752;0,16590373;0,16590373;0,00141;3,15937;105,4596;19,021076;0,117659;24,184106;26,020601;0,0269;2,6818;3,87;386,70;0,00;0,52;44,61;;331,754;332,146;5,8772948;18,82500;1,84600;0,01700;0,1047907;;27,31;317,00;;;
;;318;18,85900;1,81900;0,010000;84,900;88,38;-44,5601;0,000;101,080;31,900;0,000;448,950;482,650;28,70;844,183;263,196;0,000;576,300;579,500;557,300;314,050;;;;;0,00;0,00;0,00;3,00;5,38;15,008;28,582;0,58;0,51;999998,00;999998,00;999998,00;999998,00;999998,00;999998,00;999998,00;999998,00;999998,00;999998,00;999998,00;999998,00;999998,00;999998,00;999998,00;;;;;;;;;;;;;;;;;591,6967;18,86195;89,4824;0,31413778;0,31413778;-0,00111;1,67441;106,0513;19,003618;0,123394;24,156530;25,969816;0,0281;2,8071;3,90;389,51;0,00;0,53;44,88;;332,564;332,146;5,9252512;18,81000;1,85400;0,00200;0,1057521;;27,13;318,00;;;
;;319;18,85100;1,81200;0,012000;81,450;89,25;-44,9700;0,000;101,082;31,900;0,000;449,150;483,250;28,70;844,250;263,190;0,000;576,400;579,500;557,400;314,050;;;;;0,00;0,00;0,00;3,00;5,38;15,042;28,598;0,58;0,51;999998,00;999998,00;999998,00;999998,00;999998,00;999998,00;999998,00;999998,00;999998,00;999998,00;999998,00;999998,00;999998,00;999998,00;999998,00;;;;;;;;;;;;;;;;;581,1258;18,47532;80,5453;0,31498210;0,31498210;-0,00207;1,63438;106,6324;18,609353;0,113587;23,665896;25,462640;0,0254;2,5335;3,93;392,05;0,00;0,51;44,03;;333,360;333,726;5,8193937;18,80600;1,85300;-0,00400;0,1060662;;26,72;319,00;;;
;;320;18,84900;1,80600;0,000000;84,875;89,77;-45,1500;0,000;101,080;31,900;0,000;449,550;483,950;28,70;844,117;263,190;0,000;576,000;579,500;557,400;314,050;;;;;0,00;0,00;0,00;3,00;5,38;15,013;28,577;0,58;0,51;999998,00;999998,00;999998,00;999998,00;999998,00;999998,00;999998,00;999998,00;999998,00;999998,00;999998,00;999998,00;999998,00;999998,00;999998,00;;;;;;;;;;;;;;;;;590,8252;43,82954;182,1167;0,13498942;0,13498942;-0,00044;3,88695;107,2233;18,988136;0,107714;24,169106;26,018550;0,0246;2,4549;3,95;394,50;0,00;0,52;44,83;;334,150;333,726;5,9165240;18,81100;1,85100;0,00600;0,1056820;;26,54;320,00;;;
;;321;18,85600;1,80500;0,015000;84,700;90,58;-45,3199;0,000;101,076;31,900;0,000;450,050;484,950;28,70;844,250;263,190;0,000;576,400;579,500;557,400;314,050;;;;;0,00;0,00;0,00;3,00;5,38;15,057;28,588;0,58;0,52;999998,00;999998,00;999998,00;999998,00;999998,00;999998,00;999998,00;999998,00;999998,00;999998,00;999998,00;999998,00;999998,00;999998,00;999998,00;;;;;;;;;;;;;;;;;586,6585;18,50480;71,0501;0,31747437;0,31747437;0,00258;1,64280;107,8099;18,958011;0,098784;24,157600;26,030949;0,0226;2,2525;3,97;396,75;0,00;0,52;44,59;;334,943;335,284;5,8747986;18,81900;1,84300;0,02400;0,1050986;;26,37;321,00;;;
;;322;18,86500;1,81000;0,009000;81,925;91,04;-45,7400;0,000;101,078;31,900;0,000;450,450;485,550;28,70;844,450;263,190;0,000;577,000;579,500;557,400;314,050;;;;;0,00;0,00;0,00;3,00;5,39;15,042;28,580;0,58;0,52;999998,00;999998,00;999998,00;999998,00;999998,00;999998,00;999998,00;999998,00;999998,00;999998,00;999998,00;999998,00;999998,00;999998,00;999998,00;;;;;;;;;;;;;;;;;574,7944;19,45393;71,1577;0,29587809;0,29587809;0,00303;1,72993;108,3847;18,636586;0,093678;23,769127;25,621266;0,0211;2,1025;3,99;398,85;0,00;0,51;43,71;;335,706;335,284;5,7559908;18,82500;1,84000;0,02700;0,1047456;;25,95;322,00;;;
;;323;18,86800;1,81000;0,026000;83,000;90,98;-45,8800;0,000;101,078;31,900;0,000;450,750;485,950;28,70;844,650;263,190;0,000;577,600;579,500;557,400;314,050;;;;;0,00;0,00;0,00;3,00;5,39;15,078;28,585;0,58;0,52;999998,00;999998,00;999998,00;999998,00;999998,00;999998,00;999998,00;999998,00;999998,00;999998,00;999998,00;999998,00;999998,00;999998,00;999998,00;;;;;;;;;;;;;;;;;578,6096;39,51115;145,6745;0,14664714;0,14664714;0,00222;3,51395;108,9633;18,752216;0,094388;23,932530;25,801471;0,0214;2,1333;4,02;400,99;0,00;0,52;43,98;;336,452;336,816;5,7941967;18,82500;1,84100;0,02200;0,1047907;;25,81;323,00;;;
;;324;18,86300;1,80500;0,022000;82,850;91,11;-46,0800;0,000;101,078;31,900;0,000;451,150;486,550;28,70;844,783;263,190;0,000;577,900;579,600;557,400;314,050;;;;;0,00;0,00;0,00;3,00;5,39;15,063;28,598;0,58;0,52;999998,00;999998,00;999998,00;999998,00;999998,00;999998,00;999998,00;999998,00;999998,00;999998,00;999998,00;999998,00;999998,00;999998,00;999998,00;;;;;;;;;;;;;;;;;577,4804;30,44728;110,7669;0,18993123;0,18993123;0,00453;2,71252;109,5408;18,726957;0,092964;23,921502;25,798530;0,0210;2,1009;4,04;403,09;0,00;0,52;43,96;;337,198;336,816;5,7828892;18,82300;1,84300;0,03600;0,1047278;;25,61;324,00;;;
;;325;18,86000;1,81300;0,033000;82,325;90,47;-46,2799;0,000;101,078;31,900;0,000;451,250;486,750;28,70;844,617;263,190;0,000;577,600;579,400;557,400;314,150;;;;;0,00;0,00;0,00;3,00;5,39;15,034;28,590;0,58;0,52;999998,00;999998,00;999998,00;999998,00;999998,00;999998,00;999998,00;999998,00;999998,00;999998,00;999998,00;999998,00;999998,00;999998,00;999998,00;;;;;;;;;;;;;;;;;577,9281;18,76639;73,1557;0,30839030;0,30839030;0,00155;1,67066;110,1187;18,665460;0,099979;23,848232;25,724381;0,0226;2,2529;4,06;405,34;0,00;0,52;43,92;;337,938;338,302;5,7873725;18,81800;1,84900;0,01800;0,1051574;;25,41;325,00;;;
;;326;18,86500;1,82800;0,023000;85,075;90,47;-46,6600;0,000;101,084;31,900;0,000;451,650;487,050;28,70;844,483;263,196;0,000;577,200;579,400;557,400;314,150;;;;;0,00;0,00;0,00;3,00;5,39;15,055;28,606;0,57;0,52;999998,00;999998,00;999998,00;999998,00;999998,00;999998,00;999998,00;999998,00;999998,00;999998,00;999998,00;999998,00;999998,00;999998,00;999998,00;;;;;;;;;;;;;;;;;587,9483;20,77853;80,9838;0,28335571;0,28335571;0,00509;1,85166;110,7067;18,966247;0,100018;24,254018;26,155030;0,0229;2,2915;4,08;407,63;0,01;0,52;44,77;;338,689;338,302;5,8877143;18,81100;1,85300;0,03900;0,1052873;;25,03;326,00;;;
;;327;18,86400;1,84600;0,028000;83,675;90,74;-46,8199;0,000;101,084;31,900;0,000;452,050;487,450;28,70;844,550;263,190;0,000;577,300;579,500;557,400;314,150;;;;;0,00;0,00;0,00;3,00;5,39;15,049;28,601;0,57;0,52;999998,00;999998,00;999998,00;999998,00;999998,00;999998,00;999998,00;999998,00;999998,00;999998,00;999998,00;999998,00;999998,00;999998,00;999998,00;;;;;;;;;;;;;;;;;583,1598;44,36414;167,7518;0,13163249;0,13163249;0,00156;3,94032;111,2899;18,801222;0,097010;24,064276;25,948748;0,0221;2,2051;4,10;409,84;0,00;0,52;44,30;;339,444;339,783;5,8397623;18,81500;1,84800;0,01800;0,1053452;;24,87;327,00;;;
;;328;18,84700;1,85400;0,017000;82,475;90,67;-47,0000;0,000;101,078;31,900;0,000;452,150;487,750;28,70;844,583;263,190;0,000;577,500;579,400;557,400;314,150;;;;;0,00;0,00;0,00;3,00;5,39;15,023;28,615;0,57;0,52;999998,00;999998,00;999998,00;999998,00;999998,00;999998,00;999998,00;999998,00;999998,00;999998,00;999998,00;999998,00;999998,00;999998,00;999998,00;;;;;;;;;;;;;;;;;578,1016;17,94679;68,5134;0,32257080;0,32257080;0,00007;1,59265;111,8680;18,663854;0,097748;23,893740;25,775012;0,0221;2,2070;4,13;412,05;0,00;0,51;43,87;;340,180;339,783;5,7891090;18,82000;1,84400;0,00900;0,1051977;;24,69;328,00;;;
;;329;18,82500;1,85300;0,002000;84,450;90,10;-47,4200;0,000;101,080;31,900;0,000;452,650;488,550;28,70;844,583;263,190;0,000;577,600;579,300;557,400;314,150;;;;;0,00;0,00;0,00;3,00;5,39;15,095;28,617;0,57;0,51;999998,00;999998,00;999998,00;999998,00;999998,00;999998,00;999998,00;999998,00;999998,00;999998,00;999998,00;999998,00;999998,00;999998,00;999998,00;;;;;;;;;;;;;;;;;584,2505;18,67356;76,1013;0,31331380;0,31331380;-0,00110;1,65647;112,4522;18,875567;0,104104;24,191500;26,110145;0,0238;2,3810;4,15;414,43;0,00;0,52;44,31;;340,912;341,266;5,8506849;18,82300;1,84200;0,00200;0,1051228;;24,27;329,00;;;
;;330;18,81000;1,85100;-0,004000;84,625;90,21;-47,5900;0,000;101,084;31,900;0,000;452,850;488,450;28,70;844,617;263,190;0,000;577,800;579,200;557,400;314,150;;;;;0,00;0,00;0,00;3,00;5,40;15,063;28,593;0,57;0,51;999998,00;999998,00;999998,00;999998,00;999998,00;999998,00;999998,00;999998,00;999998,00;999998,00;999998,00;999998,00;999998,00;999998,00;999998,00;;;;;;;;;;;;;;;;;584,9369;36,44208;146,5951;0,16073608;0,16073608;-0,00027;3,23508;113,0371;18,890941;0,102817;24,221901;26,126063;0,0236;2,3530;4,17;416,78;0,00;0,52;44,39;;341,651;341,266;5,8575578;18,82100;1,84400;0,00700;0,1051615;;24,10;330,00;;;
;;331;18,80600;1,84300;0,006000;83,300;90,09;-47,7799;0,000;101,080;31,900;0,000;452,950;488,450;28,70;844,717;263,190;0,000;578,000;579,300;557,400;314,150;;;;;0,00;0,00;0,00;3,00;5,40;15,048;28,606;0,57;0,51;999998,00;999998,00;999998,00;999998,00;999998,00;999998,00;999998,00;999998,00;999998,00;999998,00;999998,00;999998,00;999998,00;999998,00;999998,00;;;;;;;;;;;;;;;;;580,5960;35,58166;144,9235;0,16340129;0,16340129;-0,00010;3,15520;113,6177;18,740398;0,104160;24,034182;25,917863;0,0237;2,3648;4,20;419,14;0,00;0,52;44,05;;342,379;342,723;5,8140888;18,82000;1,84300;0,00800;0,1052203;;23,91;331,00;;;
;;332;18,81100;1,84000;0,024000;82,725;89,62;-47,9501;0,000;101,084;31,900;0,000;453,050;488,350;28,70;844,817;263,190;0,000;578,300;579,300;557,400;314,150;;;;;0,00;0,00;0,00;3,00;5,40;15,049;28,593;0,57;0,51;999998,00;999998,00;999998,00;999998,00;999998,00;999998,00;999998,00;999998,00;999998,00;999998,00;999998,00;999998,00;999998,00;999998,00;999998,00;;;;;;;;;;;;;;;;;576,6765;19,51293;83,7401;0,29594930;0,29594930;0,00105;1,73296;114,1944;18,673544;0,109420;23,953730;25,820118;0,0248;2,4748;4,22;421,62;0,00;0,51;43,79;;343,091;342,723;5,7748383;18,82500;1,84000;0,01500;0,1048810;;23,74;332,00;;;
;;333;18,81900;1,84100;0,027000;80,375;91,27;-48,3401;0,000;101,086;31,900;0,000;453,150;488,650;28,70;844,817;263,190;0,000;578,300;579,300;557,400;314,150;;;;;0,00;0,00;0,00;3,00;5,40;15,034;28,588;0,57;0,52;999998,00;999998,00;999998,00;999998,00;999998,00;999998,00;999998,00;999998,00;999998,00;999998,00;999998,00;999998,00;999998,00;999998,00;999998,00;;;;;;;;;;;;;;;;;567,1839;18,72698;67,1711;0,30329386;0,30329386;0,00266;1,66569;114,7616;18,404370;0,091208;23,613654;25,463560;0,0204;2,0344;4,24;423,65;0,00;0,51;43,12;;343,778;344,112;5,6797794;18,82700;1,83900;0,02500;0,1046617;;23,35;333,00;;;
;;334;18,82500;1,84300;0,022000;81,225;90,41;-48,5200;0,000;101,086;31,900;0,000;453,550;489,150;28,70;844,650;263,190;0,000;577,900;579,200;557,400;314,150;;;;;0,00;0,00;0,00;3,00;5,40;15,078;28,625;0,57;0,51;999998,00;999998,00;999998,00;999998,00;999998,00;999998,00;999998,00;999998,00;999998,00;999998,00;999998,00;999998,00;999998,00;999998,00;999998,00;;;;;;;;;;;;;;;;;569,3726;40,27156;159,8052;0,14158122;0,14158122;0,00398;3,58746;115,3310;18,493270;0,100704;23,748662;25,612740;0,0226;2,2594;4,27;425,91;0,00;0,51;43,33;;344,450;344,112;5,7016969;18,82700;1,84000;0,03300;0,1045601;;23,17;334,00;;;
;;335;18,82500;1,84900;0,036000;83,250;90,16;-48,7000;0,000;101,082;31,900;0,000;453,650;488,850;28,70;844,717;263,190;0,000;578,100;579,200;557,400;314,150;;;;;0,00;0,00;0,00;3,00;5,40;15,021;28,620;0,57;0,51;999998,00;999998,00;999998,00;999998,00;999998,00;999998,00;999998,00;999998,00;999998,00;999998,00;999998,00;999998,00;999998,00;999998,00;999998,00;;;;;;;;;;;;;;;;;578,0207;17,71909;71,9476;0,32667033;0,32667033;0,00221;1,57830;115,9090;18,720313;0,103405;24,045527;25,911288;0,0235;2,3470;4,29;428,26;0,00;0,52;43,95;;345,134;345,476;5,7882994;18,82300;1,84500;0,02200;0,1048633;;22,99;335,00;;;
;;336;18,82300;1,85300;0,018000;83,250;90,16;-49,1300;0,000;101,082;31,900;0,000;453,650;488,850;28,70;844,683;263,190;0,000;578,000;579,200;557,400;314,150;;;;;0,00;0,00;0,00;3,00;5,40;14,992;28,606;0,57;0,51;999998,00;999998,00;999998,00;999998,00;999998,00;999998,00;999998,00;999998,00;999998,00;999998,00;999998,00;999998,00;999998,00;999998,00;999998,00;;;;;;;;;;;;;;;;;578,7192;17,97106;72,8826;0,32247925;0,32247925;0,00535;1,60415;116,4877;18,720313;0,103405;24,045527;25,911288;0,0235;2,3470;4,31;430,61;0,01;0,52;44,09;;345,828;345,476;5,7952945;18,81600;1,85100;0,04100;0,1049930;;22,56;336,00;;;
;;337;18,81800;1,84800;0,039000;83,550;91,53;-49,2999;0,000;101,082;31,900;0,000;453,750;488,950;28,70;844,417;263,190;0,000;577,300;579,100;557,400;314,150;;;;;0,00;0,00;0,00;3,00;5,40;15,067;28,615;0,57;0,52;999998,00;999998,00;999998,00;999998,00;999998,00;999998,00;999998,00;999998,00;999998,00;999998,00;999998,00;999998,00;999998,00;999998,00;999998,00;;;;;;;;;;;;;;;;;584,0077;43,04160;147,9941;0,13587443;0,13587443;-0,00010;3,82422;117,0717;18,751946;0,088303;24,091467;25,960381;0,0201;2,0081;4,33;432,62;0,00;0,52;44,33;;346,527;346,874;5,8482536;18,80800;1,85600;0,00800;0,1057795;;22,39;337,00;;;
;;338;18,81100;1,84400;0,018000;87,500;91,35;-49,4501;0,000;101,082;31,900;0,000;453,850;488,950;28,80;844,517;263,190;0,000;577,600;579,100;557,400;314,150;;;;;0,00;0,00;0,00;3,00;5,41;15,059;28,631;0,57;0,52;999998,00;999998,00;999998,00;999998,00;999998,00;999998,00;999998,00;999998,00;999998,00;999998,00;999998,00;999998,00;999998,00;999998,00;999998,00;;;;;;;;;;;;;;;;;600,2825;41,92465;146,7437;0,14338175;0,14338175;-0,00129;3,72054;117,6720;19,187982;0,090295;24,657094;26,564033;0,0210;2,1011;4,35;434,72;0,00;0,53;45,53;;347,254;346,874;6,0112294;18,80000;1,86200;0,00100;0,1062613;;22,24;338,00;;;
;;339;18,81500;1,84200;0,009000;82,250;90,31;-49,6300;0,000;101,082;31,900;0,000;454,250;489,350;28,70;844,617;263,190;0,000;577,900;579,100;557,400;314,150;;;;;0,00;0,00;0,00;3,00;5,41;15,065;28,615;0,57;0,51;999998,00;999998,00;999998,00;999998,00;999998,00;999998,00;999998,00;999998,00;999998,00;999998,00;999998,00;999998,00;999998,00;999998,00;999998,00;;;;;;;;;;;;;;;;;584,8910;18,16271;71,3201;0,32247925;0,32247925;-0,00453;1,60755;118,2569;18,595245;0,101765;23,916473;25,764503;0,0230;2,2967;4,38;437,01;0,00;0,52;44,27;;347,978;348,275;5,8570986;18,79300;1,86700;-0,01900;0,1068417;;22,06;339,00;;;
;;340;18,82000;1,84400;0,002000;82,425;90,94;-50,0500;0,000;101,082;31,900;0,000;454,550;489,850;28,80;844,517;263,190;0,000;577,700;579,000;557,400;314,150;;;;;0,00;0,00;0,00;3,00;5,41;15,055;28,609;0,57;0,51;999998,00;999998,00;999998,00;999998,00;999998,00;999998,00;999998,00;999998,00;999998,00;999998,00;999998,00;999998,00;999998,00;999998,00;999998,00;;;;;;;;;;;;;;;;;583,9052;18,27333;67,0620;0,31998698;0,31998698;-0,00043;1,61948;118,8408;18,608873;0,094783;23,949806;25,809730;0,0215;2,1429;4,40;439,16;0,00;0,52;44,30;;348,673;348,275;5,8472264;18,79300;1,86500;0,00600;0,1065828;;21,64;340,00;;;
;;341;18,82300;1,84300;0,007000;82,650;90,00;-50,2300;0,000;101,082;31,900;0,000;454,750;489,850;28,80;844,617;263,190;0,000;578,000;579,000;557,400;314,150;;;;;0,00;0,00;0,00;3,00;5,41;15,059;28,620;0,57;0,51;999998,00;999998,00;999998,00;999998,00;999998,00;999998,00;999998,00;999998,00;999998,00;999998,00;999998,00;999998,00;999998,00;999998,00;999998,00;;;;;;;;;;;;;;;;;581,8947;41,37724;169,2984;0,14082845;0,14082845;0,00105;3,66978;119,4227;18,630157;0,105188;23,987749;25,839249;0,0238;2,3809;4,42;441,54;0,00;0,52;44,19;;349,360;349,654;5,8270930;18,80100;1,85800;0,01500;0,1060898;;21,46;341,00;;;
;;342;18,82100;1,84000;0,008000;84,575;89,06;-50,4100;0,000;101,090;31,900;0,000;454,850;489,850;28,80;844,350;263,190;0,000;577,300;578,900;557,400;314,150;;;;;0,00;0,00;0,00;3,00;5,41;15,067;28,617;0,57;0,50;999998,00;999998,00;999998,00;999998,00;999998,00;999998,00;999998,00;999998,00;999998,00;999998,00;999998,00;999998,00;999998,00;999998,00;999998,00;;;;;;;;;;;;;;;;;588,9046;18,67317;83,9965;0,31581624;0,31581624;0,00073;1,66158;120,0116;18,843794;0,115709;24,268158;26,135555;0,0265;2,6490;4,45;444,19;0,00;0,52;44,74;;350,050;349,654;5,8972909;18,79900;1,86500;0,01300;0,1061511;;21,28;342,00;;;
;;343;18,82000;1,83900;0,015000;84,200;90,75;-50,8199;0,000;101,090;31,900;0,000;455,050;490,050;28,80;844,150;263,190;0,000;576,700;578,900;557,400;314,150;;;;;0,00;0,00;0,00;3,00;5,41;15,029;28,596;0,57;0,51;999998,00;999998,00;999998,00;999998,00;999998,00;999998,00;999998,00;999998,00;999998,00;999998,00;999998,00;999998,00;999998,00;999998,00;999998,00;;;;;;;;;;;;;;;;;592,1265;19,60444;73,2686;0,30245972;0,30245972;0,00272;1,75165;120,6037;18,797839;0,096859;24,219619;26,082462;0,0222;2,2130;4,47;446,40;0,00;0,53;45,06;;350,751;351,038;5,9295543;18,77800;1,88700;0,02500;0,1070033;;20,87;343,00;;;
;;344;18,82500;1,84000;0,025000;83,775;90,72;-50,9800;0,000;101,086;31,900;0,000;455,250;490,350;28,80;843,983;263,190;0,000;576,200;578,900;557,400;314,150;;;;;0,00;0,00;0,00;3,00;5,41;15,023;28,609;0,57;0,51;999998,00;999998,00;999998,00;999998,00;999998,00;999998,00;999998,00;999998,00;999998,00;999998,00;999998,00;999998,00;999998,00;999998,00;999998,00;;;;;;;;;;;;;;;;;597,1699;40,07525;148,7493;0,14922078;0,14922078;0,00338;3,57534;121,2009;18,746219;0,097223;24,163726;26,026761;0,0222;2,2165;4,49;448,62;0,00;0,53;45,46;;351,460;351,038;5,9800596;18,75300;1,90500;0,02900;0,1082259;;20,71;344,00;;;
;;345;18,82700;1,84500;0,033000;84,025;89,48;-51,1600;0,000;101,086;31,900;0,000;455,250;489,950;28,80;844,050;263,190;0,000;576,300;578,900;557,500;314,150;;;;;0,00;0,00;0,00;3,00;5,41;15,027;28,612;0,57;0,50;999998,00;999998,00;999998,00;999998,00;999998,00;999998,00;999998,00;999998,00;999998,00;999998,00;999998,00;999998,00;999998,00;999998,00;999998,00;;;;;;;;;;;;;;;;;603,8474;37,19650;155,9950;0,16256714;0,16256714;0,00123;3,30968;121,8047;18,774169;0,111003;24,199754;26,044304;0,0254;2,5324;4,52;451,15;0,00;0,54;45,90;;352,182;352,470;6,0469278;18,73500;1,91800;0,01600;0,1092840;;20,53;345,00;;;
;;346;18,82700;1,85100;0,022000;80,850;91,00;-51,3401;0,000;101,086;31,900;0,000;455,350;490,150;28,80;844,283;263,190;0,000;577,000;578,900;557,500;314,150;;;;;0,00;0,00;0,00;3,00;5,42;15,044;28,617;0,57;0,51;999998,00;999998,00;999998,00;999998,00;999998,00;999998,00;999998,00;999998,00;999998,00;999998,00;999998,00;999998,00;999998,00;999998,00;999998,00;;;;;;;;;;;;;;;;;594,2265;18,99303;67,3876;0,31330363;0,31330363;0,00153;1,68618;122,3990;18,414027;0,094183;23,740747;25,555127;0,0211;2,1083;4,54;453,26;0,00;0,53;45,16;;352,896;352,470;5,9505838;18,72800;1,92000;0,01800;0,1096505;;20,35;346,00;;;
;;347;18,82300;1,85600;0,041000;81,775;89,90;-51,7500;0,000;101,088;31,900;0,000;455,850;490,950;28,80;844,950;263,190;0,000;579,000;578,900;557,500;314,150;;;;;0,00;0,00;0,00;3,00;5,42;15,023;28,612;0,57;0,51;999998,00;999998,00;999998,00;999998,00;999998,00;999998,00;999998,00;999998,00;999998,00;999998,00;999998,00;999998,00;999998,00;999998,00;999998,00;;;;;;;;;;;;;;;;;596,2994;18,66120;74,9713;0,31998698;0,31998698;0,00039;1,65239;122,9953;18,508906;0,106295;23,889275;25,728726;0,0240;2,3956;4,56;455,65;0,00;0,53;45,27;;353,594;353,897;5,9713421;18,73400;1,91200;0,01100;0,1094662;;19,94;347,00;;;
;;348;18,81600;1,86200;0,008000;82,000;89,18;-51,9401;0,000;101,088;31,900;0,000;456,450;491,950;28,80;844,683;263,190;0,000;578,200;578,900;557,500;314,150;;;;;0,00;0,00;0,00;3,00;5,42;15,076;28,609;0,57;0,50;999998,00;999998,00;999998,00;999998,00;999998,00;999998,00;999998,00;999998,00;999998,00;999998,00;999998,00;999998,00;999998,00;999998,00;999998,00;;;;;;;;;;;;;;;;;592,8609;40,02345;174,5284;0,14833577;0,14833577;0,00186;3,55179;123,5881;18,522165;0,114394;23,937855;25,799601;0,0259;2,5853;4,59;458,24;0,00;0,53;45,06;;354,286;353,897;5,9369087;18,74600;1,90400;0,02000;0,1087498;;19,75;348,00;;;
;;349;18,80800;1,86700;0,001000;81,250;87,89;-52,1200;0,000;101,088;31,900;0,000;456,750;492,250;28,80;844,583;263,190;0,000;577,900;578,900;557,500;314,150;;;;;0,00;0,00;0,00;3,00;5,42;15,090;28,633;0,57;0,49;999998,00;999998,00;999998,00;999998,00;999998,00;999998,00;999998,00;999998,00;999998,00;999998,00;999998,00;999998,00;999998,00;999998,00;999998,00;;;;;;;;;;;;;;;;;588,1293;19,10268;94,2212;0,30830892;0,30830892;-0,00042;1,69315;124,1763;18,431210;0,128914;23,835961;25,688565;0,0290;2,9009;4,62;461,14;0,00;0,52;44,63;;354,963;355,263;5,8895265;18,75600;1,89600;0,00600;0,1084092;;19,57;349,00;;;
;;350;18,80000;1,86500;-0,019000;82,275;89,61;-52,5200;0,000;101,088;31,800;0,000;457,050;492,650;28,80;844,383;263,190;0,000;577,300;578,900;557,500;314,150;;;;;0,00;0,00;0,00;3,00;5,42;15,067;28,615;0,56;0,50;999998,00;999998,00;999998,00;999998,00;999998,00;999998,00;999998,00;999998,00;999998,00;999998,00;999998,00;999998,00;999998,00;999998,00;999998,00;;;;;;;;;;;;;;;;;589,1158;19,55805;82,3641;0,30163574;0,30163574;0,00219;1,73528;124,7654;18,541016;0,109510;23,993716;25,862606;0,0248;2,4809;4,64;463,62;0,00;0,52;44,77;;355,631;355,263;5,8994060;18,76200;1,89000;0,02200;0,1079441;;19,17;350,00;;;
;;351;18,79300;1,85800;0,006000;83,300;90,41;-52,6899;0,000;101,088;31,800;0,000;457,150;492,750;28,80;844,083;263,190;0,000;576,500;578,800;557,500;314,150;;;;;0,00;0,00;0,00;3,00;5,42;15,049;28,628;0,56;0,51;999998,00;999998,00;999998,00;999998,00;999998,00;999998,00;999998,00;999998,00;999998,00;999998,00;999998,00;999998,00;999998,00;999998,00;999998,00;;;;;;;;;;;;;;;;;588,9253;41,63059;162,1934;0,14166260;0,14166260;-0,00043;3,68514;125,3543;18,654112;0,100645;24,145353;26,025644;0,0230;2,2945;4,67;465,91;0,00;0,52;44,68;;356,296;356,592;5,8974981;18,78000;1,87400;0,00600;0,1072458;;19,00;351,00;;;
;;352;18,79300;1,86500;0,015000;82,500;91,54;-52,8800;0,000;101,088;31,800;0,000;457,450;493,250;28,80;844,050;263,190;0,000;576,300;578,900;557,500;314,150;;;;;0,00;0,00;0,00;3,00;5,42;15,036;28,631;0,56;0,51;999998,00;999998,00;999998,00;999998,00;999998,00;999998,00;999998,00;999998,00;999998,00;999998,00;999998,00;999998,00;999998,00;999998,00;999998,00;;;;;;;;;;;;;;;;;582,3631;17,76259;61,0700;0,32831828;0,32831828;0,00203;1,57843;125,9367;18,558231;0,088191;24,037013;25,918148;0,0201;2,0022;4,69;467,92;0,00;0,52;44,26;;356,947;356,592;5,8317840;18,78900;1,87000;0,02100;0,1065928;;18,81;352,00;;;
;;353;18,80100;1,88700;0,013000;75,925;90,08;-53,2999;0,000;101,086;31,800;0,000;457,550;493,650;28,80;844,050;263,190;0,000;576,300;578,800;557,600;314,150;;;;;0,00;0,00;0,00;3,00;5,42;15,036;28,625;0,56;0,50;999998,00;999998,00;999998,00;999998,00;999998,00;999998,00;999998,00;999998,00;999998,00;999998,00;999998,00;999998,00;999998,00;999998,00;999998,00;;;;;;;;;;;;;;;;;559,1777;18,25690;74,2010;0,30671183;0,30671183;0,00211;1,62516;126,4958;17,801416;0,104273;23,061809;24,881351;0,0228;2,2727;4,71;470,19;0,00;0,50;42,52;;357,553;357,824;5,5996059;18,78600;1,87500;0,02200;0,1067017;;18,39;353,00;;;
;;354;18,79900;1,90500;0,025000;80,175;90,86;-53,4601;0,000;101,088;31,800;0,000;457,850;494,050;28,80;844,083;263,190;0,000;576,400;578,800;557,600;314,150;;;;;0,00;0,00;0,00;3,00;5,43;15,015;28,620;0,56;0,51;999998,00;999998,00;999998,00;999998,00;999998,00;999998,00;999998,00;999998,00;999998,00;999998,00;999998,00;999998,00;999998,00;999998,00;999998,00;;;;;;;;;;;;;;;;;576,2814;37,41596;139,1413;0,15423584;0,15423584;0,00362;3,33262;127,0721;18,286867;0,095639;23,706247;25,580585;0,0215;2,1431;4,73;472,33;0,00;0,51;43,86;;358,147;357,824;5,7708819;18,77700;1,88200;0,03100;0,1070508;;18,23;354,00;;;
;;355;18,77800;1,91800;0,029000;86,025;90,07;-53,6500;0,000;101,092;31,800;0,000;457,950;493,250;28,80;844,150;263,190;0,000;576,600;578,800;557,600;314,150;;;;;0,00;0,00;0,00;3,00;5,43;15,061;28,636;0,56;0,50;999998,00;999998,00;999998,00;999998,00;999998,00;999998,00;999998,00;999998,00;999998,00;999998,00;999998,00;999998,00;999998,00;999998,00;999998,00;;;;;;;;;;;;;;;;;599,7806;35,34897;142,5499;0,16991170;0,16991170;0,00157;3,14688;127,6719;18,940208;0,104386;24,558570;26,451610;0,0242;2,4187;4,75;474,75;0,00;0,53;45,59;;358,794;359,073;6,0062033;18,76900;1,89000;0,01800;0,1075775;;18,04;355,00;;;
;;356;18,75300;1,92000;0,016000;81,875;90,16;-53,8300;0,000;101,090;31,800;0,000;457,950;493,550;28,80;844,317;263,190;0,000;577,200;578,700;557,600;314,150;;;;;0,00;0,00;0,00;3,00;5,43;15,057;28,628;0,56;0,50;999998,00;999998,00;999998,00;999998,00;999998,00;999998,00;999998,00;999998,00;999998,00;999998,00;999998,00;999998,00;999998,00;999998,00;999998,00;;;;;;;;;;;;;;;;;586,6790;19,58547;78,1012;0,29996745;0,29996745;0,00284;1,74180;128,2586;18,477706;0,103433;23,958874;25,821382;0,0234;2,3395;4,78;477,09;0,00;0,52;44,62;;359,453;359,073;5,8750035;18,76200;1,89300;0,02600;0,1078654;;17,86;356,00;;;
;;357;18,73500;1,91200;0,018000;82,150;91,24;-54,2200;0,000;101,090;31,800;0,000;458,150;493,550;28,80;844,817;263,190;0,000;578,400;578,800;557,800;314,150;;;;;0,00;0,00;0,00;3,00;5,43;15,057;28,620;0,56;0,51;999998,00;999998,00;999998,00;999998,00;999998,00;999998,00;999998,00;999998,00;999998,00;999998,00;999998,00;999998,00;999998,00;999998,00;999998,00;;;;;;;;;;;;;;;;;589,1203;18,82432;66,2778;0,31339518;0,31339518;0,00219;1,67322;128,8477;18,504671;0,091570;24,004316;25,859064;0,0208;2,0742;4,80;479,16;0,00;0,52;44,79;;360,093;360,391;5,8994506;18,75700;1,89700;0,02200;0,1081593;;17,47;357,00;;;
;;358;18,72800;1,90400;0,011000;78,350;89,79;-54,4200;0,000;101,092;31,800;0,000;458,350;494,050;28,80;845,550;263,190;0,000;579,600;578,800;558,800;314,150;;;;;0,00;0,00;0,00;3,00;5,43;15,049;28,620;0,56;0,50;999998,00;999998,00;999998,00;999998,00;999998,00;999998,00;999998,00;999998,00;999998,00;999998,00;999998,00;999998,00;999998,00;999998,00;999998,00;;;;;;;;;;;;;;;;;574,7671;35,41847;146,7112;0,16250610;0,16250610;0,00214;3,14553;129,4225;18,067677;0,107539;23,447677;25,273971;0,0238;2,3808;4,82;481,54;0,00;0,51;43,69;;360,713;360,391;5,7557176;18,75900;1,89400;0,02200;0,1080755;;17,27;358,00;;;
;;359;18,73400;1,89600;0,020000;85,625;88,99;-54,6100;0,000;101,092;31,800;0,000;458,350;493,750;28,80;845,983;263,190;0,000;580,000;578,800;559,700;314,150;;;;;0,00;0,00;0,00;3,00;5,43;15,044;28,615;0,56;0,50;999998,00;999998,00;999998,00;999998,00;999998,00;999998,00;999998,00;999998,00;999998,00;999998,00;999998,00;999998,00;999998,00;999998,00;999998,00;;;;;;;;;;;;;;;;;598,3828;19,48845;87,7332;0,30747477;0,30747477;-0,00060;1,72289;130,0209;18,887875;0,116463;24,512105;26,405263;0,0270;2,6938;4,85;484,24;0,00;0,53;45,38;;361,342;361,691;5,9922054;18,77300;1,87800;0,00500;0,1076236;;17,08;359,00;;;
;;360;18,74600;1,89000;0,006000;82,000;89,19;-55,0000;0,000;101,086;31,800;0,000;458,350;493,250;28,80;846,183;263,190;0,000;579,900;578,800;560,400;314,150;;;;;0,00;0,00;0,00;3,00;5,43;15,029;28,641;0,56;0,50;999998,00;999998,00;999998,00;999998,00;999998,00;999998,00;999998,00;999998,00;999998,00;999998,00;999998,00;999998,00;999998,00;999998,00;999998,00;;;;;;;;;;;;;;;;;579,1973;19,55387;87,2192;0,29662069;0,29662069;-0,00026;1,72674;130,6000;18,483735;0,114251;23,987625;25,814107;0,0259;2,5835;4,88;486,82;0,00;0,51;43,92;;361,973;361,691;5,8000814;18,79700;1,85600;0,00700;0,1064377;;16,69;360,00;;;
;;361;18,75600;1,87400;0,022000;80,175;89,49;-55,1699;0,000;101,080;31,800;0,000;458,550;493,550;28,80;846,217;263,190;0,000;579,800;578,600;560,800;314,150;;;;;0,00;0,00;0,00;3,00;5,43;15,093;28,625;0,56;0,50;999998,00;999998,00;999998,00;999998,00;999998,00;999998,00;999998,00;999998,00;999998,00;999998,00;999998,00;999998,00;999998,00;999998,00;999998,00;;;;;;;;;;;;;;;;;563,2811;37,38307;164,6142;0,15088908;0,15088908;-0,00106;3,28532;131,1633;18,272904;0,110890;23,724362;25,535184;0,0248;2,4804;4,90;489,30;0,00;0,50;42,65;;362,553;362,905;5,6406967;18,83500;1,81800;0,00200;0,1046877;;16,52;361,00;;;
;;362;18,76200;1,87000;0,006000;81,250;89,94;-55,3401;0,000;101,080;31,800;0,000;458,750;493,350;28,80;846,117;263,190;0,000;579,600;578,600;560,700;314,150;;;;;0,00;0,00;0,00;3,00;5,44;15,038;28,628;0,56;0,50;999998,00;999998,00;999998,00;999998,00;999998,00;999998,00;999998,00;999998,00;999998,00;999998,00;999998,00;999998,00;999998,00;999998,00;999998,00;;;;;;;;;;;;;;;;;555,3343;34,92494;149,8322;0,15923055;0,15923055;0,00104;3,08030;131,7187;18,390989;0,105871;23,888090;25,689785;0,0239;2,3825;4,92;491,68;0,00;0,49;42,12;;363,097;362,905;5,5611179;18,87500;1,78800;0,01500;0,1025262;;16,35;362,00;;;
;;363;18,78000;1,87500;0,021000;85,125;89,83;-55,5200;0,000;101,080;31,800;0,000;458,650;493,050;28,80;845,783;263,190;0,000;578,800;578,500;560,600;314,150;;;;;0,00;0,00;0,00;3,00;5,44;15,057;28,617;0,56;0,50;999998,00;999998,00;999998,00;999998,00;999998,00;999998,00;999998,00;999998,00;999998,00;999998,00;999998,00;999998,00;999998,00;999998,00;999998,00;;;;;;;;;;;;;;;;;557,8310;19,04745;84,2093;0,29327393;0,29327393;0,00289;1,68058;132,2765;18,826487;0,107122;24,448429;26,282128;0,0247;2,4662;4,95;494,15;0,00;0,49;42,34;;363,630;363,994;5,5861194;18,91200;1,75600;0,02600;0,1005855;;16,17;363,00;;;
;;364;18,78900;1,88200;0,022000;80,575;90,15;-55,8900;0,000;101,082;31,800;0,000;458,550;492,650;28,80;845,583;263,190;0,000;578,600;578,400;560,300;314,150;;;;;0,00;0,00;0,00;3,00;5,44;15,059;28,625;0,56;0,50;999998,00;999998,00;999998,00;999998,00;999998,00;999998,00;999998,00;999998,00;999998,00;999998,00;999998,00;999998,00;999998,00;999998,00;999998,00;;;;;;;;;;;;;;;;;534,9360;19,12960;82,8442;0,28002930;0,28002930;0,00330;1,69355;132,8114;18,318430;0,103501;23,783470;25,552124;0,0232;2,3166;4,97;496,47;0,00;0,47;40,63;;364,132;363,994;5,3568488;18,94000;1,73700;0,02900;0,0991175;;15,80;364,00;;;
;;365;18,78600;1,89000;0,031000;88,150;90,76;-56,0500;0,000;101,082;31,800;0,000;458,050;491,250;28,80;845,417;263,190;0,000;578,400;578,300;560,100;314,150;;;;;0,00;0,00;0,00;3,00;5,44;15,030;28,623;0,56;0,51;999998,00;999998,00;999998,00;999998,00;999998,00;999998,00;999998,00;999998,00;999998,00;999998,00;999998,00;999998,00;999998,00;999998,00;999998,00;;;;;;;;;;;;;;;;;556,0159;43,11549;175,2540;0,12914022;0,12914022;0,00210;3,80906;133,3674;19,170620;0,096760;24,862758;26,664841;0,0226;2,2601;4,99;498,73;0,00;0,49;42,19;;364,629;365,052;5,5679435;18,95600;1,72200;0,02100;0,0984361;;15,64;365,00;;;
;;366;18,77700;1,89300;0,018000;84,675;90,05;-56,2200;0,000;101,076;31,800;0,000;457,750;490,450;28,80;845,250;263,190;0,000;578,100;578,300;559,900;314,150;;;;;0,00;0,00;0,00;3,00;5,44;15,072;28,639;0,56;0,50;999998,00;999998,00;999998,00;999998,00;999998,00;999998,00;999998,00;999998,00;999998,00;999998,00;999998,00;999998,00;999998,00;999998,00;999998,00;;;;;;;;;;;;;;;;;539,2299;17,85311;79,1811;0,30245972;0,30245972;0,00388;1,58022;133,9067;18,795110;0,104605;24,359787;26,099962;0,0239;2,3916;5,02;501,12;0,00;0,48;40,96;;365,129;365,052;5,3998479;18,97500;1,70700;0,03200;0,0973617;;15,47;366,00;;;
;;367;18,76900;1,89700;0,026000;85,350;89,40;-56,6100;0,000;101,078;31,800;0,000;457,250;489,050;28,80;845,017;263,196;0,000;577,600;578,200;559,800;314,150;;;;;0,00;0,00;0,00;3,00;5,44;15,067;28,628;0,56;0,50;999998,00;999998,00;999998,00;999998,00;999998,00;999998,00;999998,00;999998,00;999998,00;999998,00;999998,00;999998,00;999998,00;999998,00;999998,00;;;;;;;;;;;;;;;;;536,2247;19,58477;93,6216;0,27418009;0,27418009;0,00240;1,73212;134,4429;18,880189;0,111933;24,443328;26,143268;0,0257;2,5633;5,04;503,68;0,00;0,47;40,69;;365,599;366,038;5,3697541;18,99700;1,68900;0,02300;0,0963721;;15,08;367,00;;;
;;368;18,76200;1,89400;0,022000;86,650;89,93;-56,7400;0,000;101,082;31,800;0,000;456,850;487,850;28,80;844,850;263,190;0,000;577,200;578,200;559,700;314,150;;;;;0,00;0,00;0,00;3,00;5,44;15,116;28,625;0,57;0,51;999998,00;999998,00;999998,00;999998,00;999998,00;999998,00;999998,00;999998,00;999998,00;999998,00;999998,00;999998,00;999998,00;999998,00;999998,00;;;;;;;;;;;;;;;;;536,2408;40,01244;182,1592;0,13420614;0,13420614;0,00208;3,53886;134,9791;19,031758;0,106014;24,618002;26,288481;0,0244;2,4413;5,07;506,12;0,00;0,47;40,68;;366,063;366,038;5,3699149;19,01300;1,67600;0,02100;0,0955996;;14,95;368,00;;;
;;369;18,75700;1,87800;0,022000;84,400;90,46;-56,9200;0,000;101,090;31,800;0,000;456,550;487,250;28,80;845,117;263,190;0,000;578,100;578,100;559,700;314,150;;;;;0,00;0,00;0,00;3,00;5,44;15,097;28,649;0,57;0,51;999998,00;999998,00;999998,00;999998,00;999998,00;999998,00;999998,00;999998,00;999998,00;999998,00;999998,00;999998,00;999998,00;999998,00;999998,00;;;;;;;;;;;;;;;;;527,7965;32,36399;139,4099;0,16330973;0,16330973;-0,00060;2,84471;135,5069;18,789209;0,100127;24,288299;25,921529;0,0228;2,2735;5,09;508,40;0,00;0,46;39,93;;366,512;366,938;5,2853543;19,02400;1,66100;0,00500;0,0953046;;14,77;369,00;;;
;;370;18,75900;1,85600;0,005000;79,625;89,09;-57,0900;0,000;101,094;31,800;0,000;456,150;486,450;28,80;845,083;263,190;0,000;578,200;578,000;559,600;314,150;;;;;0,00;0,00;0,00;3,00;5,45;15,049;28,625;0,57;0,50;999998,00;999998,00;999998,00;999998,00;999998,00;999998,00;999998,00;999998,00;999998,00;999998,00;999998,00;999998,00;999998,00;999998,00;999998,00;;;;;;;;;;;;;;;;;507,3177;17,98192;90,0448;0,28252157;0,28252157;-0,00026;1,58402;136,0143;18,257963;0,115325;23,580894;25,147267;0,0254;2,5404;5,12;510,94;0,00;0,45;38,40;;366,921;366,938;5,0802790;19,04400;1,64700;0,00700;0,0942621;;14,60;370,00;;;
;;371;18,77300;1,81800;0,007000;83,475;89,71;-57,4501;0,000;101,094;31,800;0,000;455,550;485,250;28,80;845,050;263,196;0,000;578,100;578,000;559,600;314,150;;;;;0,00;0,00;0,00;3,00;5,45;15,044;28,623;0,57;0,51;999998,00;999998,00;999998,00;999998,00;999998,00;999998,00;999998,00;999998,00;999998,00;999998,00;999998,00;999998,00;999998,00;999998,00;999998,00;;;;;;;;;;;;;;;;;514,8289;19,51581;92,5073;0,26417033;0,26417033;-0,00159;1,71291;136,5291;18,706461;0,108395;24,128368;25,701439;0,0244;2,4404;5,14;513,38;0,00;0,45;38,91;;367,309;367,770;5,1554968;19,06500;1,62600;-0,00100;0,0933548;;14,24;371,00;;;
;;372;18,79700;1,78800;0,002000;84,575;91,28;-57,5900;0,000;101,094;31,800;0,000;455,250;484,550;28,80;845,083;263,190;0,000;578,400;577,900;559,500;314,150;;;;;0,00;0,00;0,00;3,00;5,45;15,065;28,620;0,57;0,52;999998,00;999998,00;999998,00;999998,00;999998,00;999998,00;999998,00;999998,00;999998,00;999998,00;999998,00;999998,00;999998,00;999998,00;999998,00;;;;;;;;;;;;;;;;;509,7436;38,54070;155,8806;0,13244629;0,13244629;0,00206;3,39869;137,0388;18,835514;0,091079;24,278827;25,841417;0,0206;2,0617;5,16;515,44;0,00;0,45;38,64;;367,699;367,770;5,1045725;19,09100;1,60700;0,02100;0,0917863;;14,10;372,00;;;
;;373;18,83500;1,75600;0,015000;80,725;90,34;-57,7500;0,000;101,098;31,800;0,000;454,950;484,050;28,80;845,283;263,190;0,000;579,000;577,900;559,500;314,150;;;;;0,00;0,00;0,00;3,00;5,45;15,051;28,620;0,58;0,52;999998,00;999998,00;999998,00;999998,00;999998,00;999998,00;999998,00;999998,00;999998,00;999998,00;999998,00;999998,00;999998,00;999998,00;999998,00;;;;;;;;;;;;;;;;;491,1420;35,32979;161,1827;0,13921102;0,13921102;0,00169;3,11358;137,5300;18,407874;0,101392;23,711967;25,228656;0,0224;2,2407;5,18;517,68;0,00;0,43;37,21;;368,055;368,495;4,9182962;19,11800;1,58400;0,01900;0,0904789;;13,94;373,00;;;
;;374;18,87500;1,73700;0,026000;83,200;91,01;-57,9000;0,000;101,086;31,800;0,000;454,650;483,150;28,80;845,150;263,190;0,000;578,700;577,800;559,500;314,150;;;;;0,00;0,00;0,00;3,00;5,45;15,061;28,636;0,58;0,52;999998,00;999998,00;999998,00;999998,00;999998,00;999998,00;999998,00;999998,00;999998,00;999998,00;999998,00;999998,00;999998,00;999998,00;999998,00;;;;;;;;;;;;;;;;;491,9261;18,13300;77,6370;0,27166748;0,27166748;0,00419;1,60029;138,0219;18,694098;0,094021;24,064784;25,573299;0,0211;2,1062;5,21;519,79;0,00;0,43;37,34;;368,385;368,495;4,9261477;19,14000;1,56500;0,03400;0,0892255;;13,79;374,00;;;
;;375;18,91200;1,72200;0,029000;84,075;90,64;-58,2600;0,000;101,096;31,800;0,000;454,250;482,350;28,80;845,017;263,190;0,000;578,400;577,700;559,500;314,150;;;;;0,00;0,00;0,00;3,00;5,45;15,025;28,641;0,58;0,52;999998,00;999998,00;999998,00;999998,00;999998,00;999998,00;999998,00;999998,00;999998,00;999998,00;999998,00;999998,00;999998,00;999998,00;999998,00;;;;;;;;;;;;;;;;;488,1132;17,88264;80,8397;0,27333577;0,27333577;0,00222;1,57641;138,5100;18,800414;0,098106;24,180352;25,676153;0,0221;2,2066;5,23;521,99;0,00;0,43;36,99;;368,709;369,141;4,8879656;19,16700;1,54300;0,02200;0,0880212;;13,43;375,00;;;
;;376;18,94000;1,70700;0,021000;82,275;89,56;-58,4100;0,000;101,088;31,800;0,000;453,650;481,250;28,80;844,983;263,190;0,000;578,300;577,700;559,500;314,150;;;;;0,00;0,00;0,00;3,00;5,45;15,032;28,655;0,58;0,52;999998,00;999998,00;999998,00;999998,00;999998,00;999998,00;999998,00;999998,00;999998,00;999998,00;999998,00;999998,00;999998,00;999998,00;999998,00;;;;;;;;;;;;;;;;;477,7024;44,14739;225,9685;0,10835775;0,10835775;0,00335;3,90478;138,9877;18,610367;0,110074;23,904305;25,358639;0,0245;2,4451;5,25;524,44;0,00;0,42;36,24;;369,013;369,141;4,7837114;19,18500;1,53100;0,02900;0,0870150;;13,28;376,00;;;
;;377;18,95600;1,68900;0,032000;85,475;91,51;-58,5500;0,000;101,080;31,800;0,000;453,150;480,150;28,80;845,017;263,196;0,000;578,400;577,700;559,500;314,150;;;;;0,00;0,00;0,00;3,00;5,45;15,021;28,652;0,58;0,53;999998,00;999998,00;999998,00;999998,00;999998,00;999998,00;999998,00;999998,00;999998,00;999998,00;999998,00;999998,00;999998,00;999998,00;999998,00;;;;;;;;;;;;;;;;;484,7680;17,65235;72,8898;0,27500407;0,27500407;0,00157;1,55005;139,4725;18,979292;0,088563;24,351306;25,802228;0,0200;2,0017;5,27;526,44;0,00;0,43;36,69;;369,311;369,763;4,8544669;19,19800;1,51300;0,01800;0,0865808;;13,14;377,00;;;
;;378;18,97500;1,67600;0,023000;85,025;91,78;-58,9200;0,000;101,072;31,800;0,000;452,850;479,550;28,80;844,850;263,196;0,000;578,200;577,500;559,400;314,150;;;;;0,00;0,00;0,00;3,00;5,46;15,067;28,625;0,58;0,53;999998,00;999998,00;999998,00;999998,00;999998,00;999998,00;999998,00;999998,00;999998,00;999998,00;999998,00;999998,00;999998,00;999998,00;999998,00;;;;;;;;;;;;;;;;;475,1748;18,18488;73,8288;0,26166789;0,26166789;0,00341;1,59539;139,9477;18,935535;0,085658;24,279079;25,710572;0,0193;1,9292;5,29;528,37;0,00;0,42;36,00;;369,603;369,763;4,7584002;19,22700;1,48600;0,02900;0,0850510;;12,77;378,00;;;
;;379;18,99700;1,66100;0,021000;83,300;90,51;-59,0400;0,000;101,082;31,900;0,000;452,050;478,050;28,80;844,617;263,190;0,000;577,500;577,500;559,400;314,150;;;;;0,00;0,00;0,00;3,00;5,46;15,088;28,657;0,59;0,53;999998,00;999998,00;999998,00;999998,00;999998,00;999998,00;999998,00;999998,00;999998,00;999998,00;999998,00;999998,00;999998,00;999998,00;999998,00;;;;;;;;;;;;;;;;;461,1887;40,47803;194,2608;0,11409505;0,11409505;-0,00126;3,53421;140,4088;18,759044;0,099511;24,010292;25,391262;0,0222;2,2133;5,31;530,58;0,00;0,40;34,79;;369,863;370,308;4,6183433;19,26900;1,45000;0,00100;0,0833068;;12,65;379,00;;;
;;380;19,01300;1,64700;0,005000;81,000;90,83;-59,1899;0,000;101,086;31,900;0,000;451,650;477,450;28,80;844,383;263,196;0,000;576,900;577,400;559,400;314,150;;;;;0,00;0,00;0,00;3,00;5,46;15,040;28,657;0,59;0,53;999998,00;999998,00;999998,00;999998,00;999998,00;999998,00;999998,00;999998,00;999998,00;999998,00;999998,00;999998,00;999998,00;999998,00;999998,00;;;;;;;;;;;;;;;;;446,8179;32,53124;153,1724;0,13754272;0,13754272;-0,00124;2,85516;140,8557;18,506442;0,096000;23,666020;25,017915;0,0211;2,1038;5,33;532,69;0,00;0,39;33,73;;370,085;370,308;4,4744349;19,29800;1,43200;0,00100;0,0817997;;12,50;380,00;;;
;;381;19,02400;1,62600;0,007000;84,650;91,43;-59,3401;0,000;101,086;31,900;0,000;451,150;476,250;28,80;844,117;263,196;0,000;576,200;577,300;559,400;314,150;;;;;0,00;0,00;0,00;3,00;5,46;15,021;28,647;0,59;0,54;999998,00;999998,00;999998,00;999998,00;999998,00;999998,00;999998,00;999998,00;999998,00;999998,00;999998,00;999998,00;999998,00;999998,00;999998,00;;;;;;;;;;;;;;;;;452,4934;17,65454;78,0261;0,25666300;0,25666300;-0,00060;1,55372;141,3082;18,929295;0,089441;24,179965;25,525233;0,0200;1,9998;5,35;534,69;0,00;0,40;34,19;;370,294;370,762;4,5312685;19,31300;1,42200;0,00500;0,0809817;;12,35;381,00;;;
;;382;19,04400;1,60700;-0,001000;87,400;90,55;-59,6699;0,000;101,086;31,900;0,000;450,350;474,550;28,80;843,950;263,190;0,000;575,700;577,300;559,400;314,150;;;;;0,00;0,00;0,00;3,00;5,46;15,036;28,644;0,59;0,53;999998,00;999998,00;999998,00;999998,00;999998,00;999998,00;999998,00;999998,00;999998,00;999998,00;999998,00;999998,00;999998,00;999998,00;999998,00;;;;;;;;;;;;;;;;;457,9923;18,72866;91,8129;0,24488322;0,24488322;0,00058;1,65134;141,7661;19,251389;0,099088;24,547796;25,866896;0,0225;2,2452;5,38;536,93;0,00;0,40;34,64;;370,516;370,762;4,5863345;19,31900;1,41800;0,01200;0,0805918;;12,02;382,00;;;
;;383;19,06500;1,58400;0,021000;83,675;91,44;-59,7999;0,000;101,082;31,900;0,000;449,250;472,750;28,80;843,917;263,196;0,000;575,700;577,200;559,400;314,150;;;;;0,00;0,00;0,00;3,00;5,46;15,036;28,639;0,59;0,54;999998,00;999998,00;999998,00;999998,00;999998,00;999998,00;999998,00;999998,00;999998,00;999998,00;999998,00;999998,00;999998,00;999998,00;999998,00;;;;;;;;;;;;;;;;;445,3994;39,61138;175,6401;0,11259969;0,11259969;0,00290;3,48239;142,2115;18,859721;0,089310;23,989634;25,244517;0,0198;1,9749;5,40;538,91;0,00;0,39;33,73;;370,728;371,171;4,4602296;19,32900;1,40400;0,02600;0,0799998;;11,89;383,00;;;
;;384;19,09100;1,56500;0,019000;85,100;91,95;-59,9301;0,000;101,084;31,900;0,000;448,750;471,750;28,80;843,850;263,196;0,000;575,500;577,200;559,400;314,150;;;;;0,00;0,00;0,00;3,00;5,46;15,072;28,631;0,59;0,54;999998,00;999998,00;999998,00;999998,00;999998,00;999998,00;999998,00;999998,00;999998,00;999998,00;999998,00;999998,00;999998,00;999998,00;999998,00;;;;;;;;;;;;;;;;;443,5468;37,80059;159,0176;0,11750285;0,11750285;0,00460;3,33997;142,6551;19,030228;0,083800;24,179578;25,418866;0,0187;1,8659;5,42;540,77;0,00;0,39;33,65;;370,920;371,171;4,4416773;19,34700;1,39300;0,03600;0,0789454;;11,76;384,00;;;
;;385;19,11800;1,54300;0,034000;83,775;91,39;-60,0699;0,000;101,084;31,900;0,000;448,250;471,250;28,80;843,783;263,196;0,000;575,200;577,200;559,500;314,150;;;;;0,00;0,00;0,00;3,00;5,46;15,069;28,655;0,60;0,54;999998,00;999998,00;999998,00;999998,00;999998,00;999998,00;999998,00;999998,00;999998,00;999998,00;999998,00;999998,00;999998,00;999998,00;999998,00;;;;;;;;;;;;;;;;;438,3502;16,56567;74,9736;0,26498413;0,26498413;0,00357;1,46593;143,0934;18,892025;0,089847;23,977234;25,207521;0,0199;1,9839;5,44;542,76;0,00;0,39;33,24;;371,102;371,538;4,3896387;19,35500;1,38900;0,03000;0,0785878;;11,62;385,00;;;
;;386;19,14000;1,53100;0,022000;84,825;90,85;-60,4200;0,000;101,084;31,900;0,000;447,650;470,350;28,80;843,750;263,190;0,000;575,100;577,200;559,500;314,150;;;;;0,00;0,00;0,00;3,00;5,47;15,046;28,655;0,60;0,54;999998,00;999998,00;999998,00;999998,00;999998,00;999998,00;999998,00;999998,00;999998,00;999998,00;999998,00;999998,00;999998,00;999998,00;999998,00;;;;;;;;;;;;;;;;;439,5308;17,54232;84,8569;0,25090535;0,25090535;0,00460;1,54962;143,5330;19,022784;0,095809;24,110873;25,333518;0,0213;2,1261;5,46;544,88;0,00;0,39;33,35;;371,278;371,538;4,4014616;19,36100;1,38100;0,03600;0,0782557;;11,27;386,00;;;
;;387;19,16700;1,51300;0,029000;85,725;91,39;-60,5400;0,000;101,076;31,900;0,000;446,850;468,650;28,80;843,683;263,190;0,000;574,800;577,200;559,600;314,150;;;;;0,00;0,00;0,00;3,00;5,47;15,053;28,644;0,60;0,54;999998,00;999998,00;999998,00;999998,00;999998,00;999998,00;999998,00;999998,00;999998,00;999998,00;999998,00;999998,00;999998,00;999998,00;999998,00;;;;;;;;;;;;;;;;;439,2999;39,42151;179,4612;0,11159261;0,11159261;0,00209;3,46372;143,9723;19,140545;0,089889;24,216777;25,398215;0,0200;1,9999;5,48;546,88;0,00;0,39;33,24;;371,454;371,886;4,3991492;19,37600;1,36500;0,02100;0,0777278;;11,15;387,00;;;
;;388;19,18500;1,48600;0,018000;84,350;90,77;-60,6799;0,000;101,084;31,900;0,000;446,050;467,550;28,80;843,617;263,196;0,000;574,600;577,100;559,700;314,150;;;;;0,00;0,00;0,00;3,00;5,47;15,061;28,663;0,60;0,54;999998,00;999998,00;999998,00;999998,00;999998,00;999998,00;999998,00;999998,00;999998,00;999998,00;999998,00;999998,00;999998,00;999998,00;999998,00;;;;;;;;;;;;;;;;;430,7256;36,21569;179,1490;0,11909993;0,11909993;0,00158;3,18551;144,4030;19,003440;0,096687;24,000264;25,157098;0,0213;2,1307;5,50;549,01;0,00;0,38;32,58;;371,618;371,886;4,3132866;19,39600;1,35000;0,01800;0,0767525;;11,01;388,00;;;
;;389;19,19800;1,45000;0,029000;82,475;90,62;-60,8099;0,000;101,072;31,900;0,000;445,450;466,850;28,80;843,650;263,196;0,000;574,700;577,100;559,700;314,150;;;;;0,00;0,00;0,00;3,00;5,47;15,046;28,655;0,60;0,54;999998,00;999998,00;999998,00;999998,00;999998,00;999998,00;999998,00;999998,00;999998,00;999998,00;999998,00;999998,00;999998,00;999998,00;999998,00;;;;;;;;;;;;;;;;;422,5226;16,80762;85,1416;0,25173950;0,25173950;-0,00060;1,47867;144,8255;18,803691;0,098305;23,716050;24,855399;0,0214;2,1404;5,52;551,15;0,00;0,37;31,90;;371,759;372,189;4,2311417;19,41200;1,33900;0,00500;0,0760842;;10,88;389,00;;;
;;390;19,22700;1,43200;0,001000;87,175;92,47;-61,1500;0,000;101,076;31,800;0,000;445,050;466,050;28,80;843,617;263,196;0,000;574,600;577,100;559,700;314,150;;;;;0,00;0,00;0,00;3,00;5,47;15,030;28,657;0,60;0,55;999998,00;999998,00;999998,00;999998,00;999998,00;999998,00;999998,00;999998,00;999998,00;999998,00;999998,00;999998,00;999998,00;999998,00;999998,00;;;;;;;;;;;;;;;;;433,0433;17,23309;69,5491;0,25163778;0,25163778;-0,00061;1,51916;145,2586;19,340737;0,078175;24,371490;25,521476;0,0175;1,7477;5,54;552,90;0,00;0,38;32,71;;371,903;372,189;4,3364957;19,41700;1,33700;0,00500;0,0758113;;10,54;390,00;;;
;;391;19,26900;1,42200;0,001000;87,225;92,20;-61,2799;0,000;101,076;31,800;0,000;444,450;465,350;28,80;843,683;263,196;0,000;574,800;577,100;559,700;314,150;;;;;0,00;0,00;0,00;3,00;5,47;15,046;28,665;0,60;0,55;999998,00;999998,00;999998,00;999998,00;999998,00;999998,00;999998,00;999998,00;999998,00;999998,00;999998,00;999998,00;999998,00;999998,00;999998,00;;;;;;;;;;;;;;;;;432,5816;36,09735;151,2075;0,12000529;0,12000529;0,00007;3,17375;145,6911;19,359337;0,081098;24,362040;25,507650;0,0181;1,8120;5,55;554,71;0,00;0,38;32,67;;372,058;372,472;4,3318726;19,42000;1,33100;0,00900;0,0756568;;10,41;391,00;;;
;;392;19,29800;1,41800;0,005000;86,375;91,11;-61,4200;0,000;101,080;31,800;0,000;443,850;464,350;28,80;843,650;263,196;0,000;574,700;577,000;559,800;314,150;;;;;0,00;0,00;0,00;3,00;5,47;15,046;28,652;0,60;0,55;999998,00;999998,00;999998,00;999998,00;999998,00;999998,00;999998,00;999998,00;999998,00;999998,00;999998,00;999998,00;999998,00;999998,00;999998,00;;;;;;;;;;;;;;;;;428,8850;39,61728;190,6470;0,10840861;0,10840861;0,00109;3,49028;146,1200;19,277795;0,092960;24,226677;25,345629;0,0207;2,0639;5,58;556,78;0,00;0,38;32,43;;372,208;372,472;4,2948539;19,42500;1,32800;0,01500;0,0753255;;10,27;392,00;;;
;;393;19,31300;1,40400;0,012000;81,950;91,15;-61,5300;0,000;101,076;31,900;0,000;443,150;463,650;28,80;843,550;263,196;0,000;574,400;577,000;559,800;314,150;;;;;0,00;0,00;0,00;3,00;5,47;15,025;28,663;0,60;0,55;999998,00;999998,00;999998,00;999998,00;999998,00;999998,00;999998,00;999998,00;999998,00;999998,00;999998,00;999998,00;999998,00;999998,00;999998,00;;;;;;;;;;;;;;;;;418,8043;18,23270;87,0474;0,23002116;0,23002116;0,00007;1,60979;146,5388;18,792326;0,092525;23,579336;24,670110;0,0200;1,9995;5,60;558,78;0,00;0,37;31,65;;372,340;372,743;4,1939065;19,42300;1,33300;0,00900;0,0754557;;10,16;393,00;;;
;;394;19,31900;1,39300;0,026000;86,200;90,70;-61,8501;0,000;101,076;31,900;0,000;442,750;463,250;28,80;843,450;263,196;0,000;574,000;577,000;559,900;314,150;;;;;0,00;0,00;0,00;3,00;5,48;15,040;28,657;0,61;0,55;999998,00;999998,00;999998,00;999998,00;999998,00;999998,00;999998,00;999998,00;999998,00;999998,00;999998,00;999998,00;999998,00;999998,00;999998,00;;;;;;;;;;;;;;;;;430,3298;18,66513;93,6168;0,23087565;0,23087565;0,00194;1,64563;146,9692;19,282164;0,097424;24,172113;25,291319;0,0216;2,1584;5,62;560,93;0,00;0,38;32,56;;372,472;372,743;4,3093229;19,41900;1,33300;0,02000;0,0755644;;9,84;394,00;;;
;;395;19,32900;1,38900;0,036000;87,750;90,19;-61,9601;0,000;101,080;31,900;0,000;442,150;462,050;28,80;843,383;263,196;0,000;573,700;577,000;560,000;314,150;;;;;0,00;0,00;0,00;3,00;5,48;15,042;28,673;0,61;0,54;999998,00;999998,00;999998,00;999998,00;999998,00;999998,00;999998,00;999998,00;999998,00;999998,00;999998,00;999998,00;999998,00;999998,00;999998,00;;;;;;;;;;;;;;;;;432,0294;42,24243;224,8272;0,10241699;0,10241699;0,00282;3,70471;147,4012;19,467948;0,103066;24,371939;25,468855;0,0230;2,2994;5,64;563,23;0,00;0,38;32,68;;372,621;373,010;4,3263424;19,42800;1,31900;0,02500;0,0751360;;9,73;395,00;;;
;;396;19,34700;1,38100;0,030000;86,225;89,49;-62,0900;0,000;101,078;31,900;0,000;441,650;461,550;28,80;843,383;263,196;0,000;573,700;577,000;560,000;314,150;;;;;0,00;0,00;0,00;3,00;5,48;15,059;28,665;0,61;0,54;999998,00;999998,00;999998,00;999998,00;999998,00;999998,00;999998,00;999998,00;999998,00;999998,00;999998,00;999998,00;999998,00;999998,00;999998,00;;;;;;;;;;;;;;;;;421,3724;37,52880;218,3544;0,11243693;0,11243693;0,00331;3,30232;147,8226;19,308962;0,110917;24,145568;25,233526;0,0246;2,4517;5,66;565,69;0,00;0,37;31,91;;372,757;373,010;4,2196234;19,45200;1,30200;0,02800;0,0738766;;9,60;396,00;;;
;;397;19,35500;1,36500;0,036000;85,875;89,32;-62,2200;0,000;101,076;31,800;0,000;441,350;461,350;28,80;843,283;263,196;0,000;573,300;577,000;560,100;314,150;;;;;0,00;0,00;0,00;3,00;5,48;15,095;28,641;0,61;0,54;999998,00;999998,00;999998,00;999998,00;999998,00;999998,00;999998,00;999998,00;999998,00;999998,00;999998,00;999998,00;999998,00;999998,00;999998,00;;;;;;;;;;;;;;;;;415,8177;15,61464;93,4622;0,26667277;0,26667277;0,00126;1,37783;148,2384;19,276281;0,112841;24,088327;25,179902;0,0249;2,4889;5,69;568,17;0,00;0,37;31,45;;372,873;373,266;4,1639985;19,47100;1,29100;0,01600;0,0730188;;9,47;397,00;;;
;;398;19,36100;1,35000;0,021000;85,550;91,41;-62,5800;0,000;101,078;31,800;0,000;440,850;460,650;28,80;843,183;263,196;0,000;573,000;577,000;560,100;314,150;;;;;0,00;0,00;0,00;3,00;5,48;15,017;28,663;0,61;0,55;999998,00;999998,00;999998,00;999998,00;999998,00;999998,00;999998,00;999998,00;999998,00;999998,00;999998,00;999998,00;999998,00;999998,00;999998,00;;;;;;;;;;;;;;;;;416,1375;16,95301;80,2984;0,24580892;0,24580892;0,00126;1,49518;148,6545;19,250677;0,089617;24,029079;25,108303;0,0197;1,9710;5,71;570,15;0,00;0,37;31,47;;372,981;373,266;4,1672010;19,46800;1,29300;0,01600;0,0731733;;9,11;398,00;;;
;;399;19,37600;1,33900;0,018000;84,900;91,81;-62,6799;0,000;101,076;31,800;0,000;440,450;460,050;28,80;843,283;263,196;0,000;573,300;576,900;560,200;314,150;;;;;0,00;0,00;0,00;3,00;5,48;15,025;28,663;0,61;0,56;999998,00;999998,00;999998,00;999998,00;999998,00;999998,00;999998,00;999998,00;999998,00;999998,00;999998,00;999998,00;999998,00;999998,00;999998,00;;;;;;;;;;;;;;;;;417,7392;42,90789;191,8178;0,09749349;0,09749349;-0,00213;3,77219;149,0723;19,186112;0,085305;23,926759;24,991497;0,0187;1,8675;5,73;572,01;0,00;0,37;31,49;;373,091;373,484;4,1832399;19,46200;1,29800;-0,00400;0,0737045;;9,01;399,00;;;
;;400;19,39600;1,33700;0,005000;89,025;90,23;-62,8199;0,000;101,080;31,800;0,000;439,750;458,850;28,80;843,317;263,196;0,000;573,300;577,000;560,200;314,150;;;;;0,00;0,00;0,00;3,00;5,48;15,021;28,652;0,61;0,55;999998,00;999998,00;999998,00;999998,00;999998,00;999998,00;999998,00;999998,00;999998,00;999998,00;999998,00;999998,00;999998,00;999998,00;999998,00;;;;;;;;;;;;;;;;;429,2115;31,83085;170,3723;0,13503011;0,13503011;-0,00115;2,80898;149,5015;19,662308;0,102667;24,481647;25,544977;0,0230;2,2973;5,75;574,31;0,00;0,38;32,40;;373,217;373,484;4,2981236;19,45600;1,30600;0,00200;0,0738965;;8,87;400,00;;;
;;401;19,41200;1,33100;0,005000;87,825;89,46;-62,9700;0,000;101,088;31,800;0,000;439,150;458,050;28,80;843,350;263,196;0,000;573,400;577,000;560,200;314,150;;;;;0,00;0,00;0,00;3,00;5,48;15,040;28,663;0,61;0,54;999998,00;999998,00;999998,00;999998,00;999998,00;999998,00;999998,00;999998,00;999998,00;999998,00;999998,00;999998,00;999998,00;999998,00;999998,00;;;;;;;;;;;;;;;;;429,5360;17,44039;100,2628;0,24663289;0,24663289;0,00110;1,53946;149,9310;19,542678;0,111224;24,299494;25,345288;0,0247;2,4694;5,78;576,78;0,00;0,38;32,49;;373,357;373,735;4,3013735;19,44300;1,31500;0,01500;0,0744102;;8,72;401,00;;;
;;402;19,41700;1,32800;0,009000;82,750;88,61;-63,2799;0,000;101,088;31,800;0,000;438,750;457,550;28,80;843,450;263,196;0,000;573,600;577,000;560,300;314,150;;;;;0,00;0,00;0,00;3,00;5,49;15,023;28,639;0,61;0,54;999998,00;999998,00;999998,00;999998,00;999998,00;999998,00;999998,00;999998,00;999998,00;999998,00;999998,00;999998,00;999998,00;999998,00;999998,00;;;;;;;;;;;;;;;;;416,0596;18,24473;114,0627;0,22836304;0,22836304;0,00023;1,59679;150,3471;18,978281;0,120775;23,576225;24,586442;0,0260;2,6011;5,80;579,38;0,00;0,36;31,40;;373,480;373,735;4,1664212;19,45000;1,30100;0,01000;0,0742172;;8,41;402,00;;;
;;403;19,42000;1,33300;0,015000;87,625;90,82;-63,4000;0,000;101,080;31,800;0,000;438,250;456,850;28,80;843,550;263,196;0,000;573,900;577,000;560,300;314,150;;;;;0,00;0,00;0,00;3,00;5,49;15,059;28,655;0,61;0,55;999998,00;999998,00;999998,00;999998,00;999998,00;999998,00;999998,00;999998,00;999998,00;999998,00;999998,00;999998,00;999998,00;999998,00;999998,00;;;;;;;;;;;;;;;;;419,2581;40,60251;206,1577;0,10340373;0,10340373;0,00283;3,54126;150,7663;19,540447;0,096146;24,246926;25,276002;0,0213;2,1288;5,82;581,51;0,00;0,37;31,68;;373,590;373,986;4,1984509;19,48000;1,27000;0,02500;0,0726254;;8,29;403,00;;;
;;404;19,42500;1,33300;0,009000;84,950;90,56;-63,5200;0,000;101,090;31,800;0,000;438,050;456,950;28,80;843,450;263,196;0,000;573,600;577,000;560,300;314,150;;;;;0,00;0,00;0,00;3,00;5,49;15,067;28,652;0,61;0,55;999998,00;999998,00;999998,00;999998,00;999998,00;999998,00;999998,00;999998,00;999998,00;999998,00;999998,00;999998,00;999998,00;999998,00;999998,00;;;;;;;;;;;;;;;;;404,5221;37,68507;201,1397;0,10749308;0,10749308;0,00363;3,31381;151,1708;19,244263;0,098995;23,868506;24,898331;0,0216;2,1591;5,84;583,67;0,00;0,36;30,63;;373,685;373,986;4,0508845;19,50700;1,25500;0,03000;0,0711407;;8,17;404,00;;;
;;405;19,42300;1,31900;0,020000;86,600;89,71;-63,6500;0,000;101,082;31,800;0,000;437,850;456,650;28,80;844,317;263,196;0,000;576,100;577,100;560,300;314,150;;;;;0,00;0,00;0,00;3,00;5,49;15,055;28,676;0,61;0,54;999998,00;999998,00;999998,00;999998,00;999998,00;999998,00;999998,00;999998,00;999998,00;999998,00;999998,00;999998,00;999998,00;999998,00;999998,00;;;;;;;;;;;;;;;;;407,9887;15,97068;93,4418;0,25581868;0,25581868;0,00281;1,41552;151,5788;19,434694;0,108447;24,093690;25,128203;0,0239;2,3871;5,87;586,06;0,00;0,36;30,91;;373,765;374,182;4,0855985;19,50800;1,26300;0,02500;0,0710462;;8,04;405,00;;;
;;406;19,41900;1,30200;0,025000;90,225;87,33;-63,9900;0,000;101,082;31,800;0,000;437,050;455,050;28,80;845,017;263,196;0,000;578,200;577,100;560,300;314,150;;;;;0,00;0,00;0,00;3,00;5,49;15,097;28,687;0,61;0,53;999998,00;999998,00;999998,00;999998,00;999998,00;999998,00;999998,00;999998,00;999998,00;999998,00;999998,00;999998,00;999998,00;999998,00;999998,00;;;;;;;;;;;;;;;;;421,4644;18,02643;129,6843;0,23413086;0,23413086;0,00375;1,59698;152,0003;19,855431;0,135304;24,570314;25,582248;0,0304;3,0321;5,90;589,09;0,00;0,37;31,95;;373,866;374,182;4,2205441;19,49100;1,27600;0,03000;0,0718440;;7,70;406,00;;;
;;407;19,42800;1,29100;0,028000;88,675;86,81;-64,0900;0,000;101,082;31,800;0,000;435,950;453,150;28,80;845,717;263,196;0,000;580,200;577,100;560,400;314,150;;;;;0,00;0,00;0,00;3,00;5,49;15,051;28,665;0,61;0,53;999998,00;999998,00;999998,00;999998,00;999998,00;999998,00;999998,00;999998,00;999998,00;999998,00;999998,00;999998,00;999998,00;999998,00;999998,00;;;;;;;;;;;;;;;;;423,3669;41,70612;308,3291;0,10165405;0,10165405;0,00233;3,68070;152,4237;19,708959;0,141299;24,327677;25,287503;0,0313;3,1299;5,93;592,22;0,00;0,37;32,04;;373,985;374,386;4,2395960;19,47600;1,28600;0,02200;0,0727105;;7,60;407,00;;;
;;408;19,45200;1,29300;0,016000;87,800;88,50;-64,2300;0,000;101,090;31,800;0,000;435,150;451,950;28,80;845,883;263,196;0,000;580,700;577,100;560,400;314,150;;;;;0,00;0,00;0,00;3,00;5,49;15,055;28,679;0,61;0,54;999998,00;999998,00;999998,00;999998,00;999998,00;999998,00;999998,00;999998,00;999998,00;999998,00;999998,00;999998,00;999998,00;999998,00;999998,00;;;;;;;;;;;;;;;;;423,7801;36,60723;231,8450;0,11592611;0,11592611;0,00232;3,22490;152,8474;19,629498;0,121979;24,185132;25,118857;0,0269;2,6839;5,96;594,90;0,00;0,37;32,07;;374,107;374,386;4,2437341;19,46900;1,29000;0,02200;0,0730789;;7,46;408,00;;;
;;409;19,47100;1,29800;0,016000;82,450;89,02;-64,3501;0,000;101,084;31,800;0,000;434,850;452,150;28,80;845,783;263,196;0,000;580,400;577,100;560,400;314,150;;;;;0,00;0,00;0,00;3,00;5,49;15,061;28,697;0,61;0,54;999998,00;999998,00;999998,00;999998,00;999998,00;999998,00;999998,00;999998,00;999998,00;999998,00;999998,00;999998,00;999998,00;999998,00;999998,00;;;;;;;;;;;;;;;;;411,0017;17,09179;103,0859;0,24080404;0,24080404;0,00124;1,50256;153,2585;19,028609;0,116166;23,428624;24,360704;0,0248;2,4789;5,98;597,38;0,00;0,36;31,06;;374,213;374,595;4,1157714;19,47000;1,28800;0,01600;0,0731132;;7,34;409,00;;;
;;410;19,46800;1,30600;-0,004000;86,650;88,43;-64,6799;0,000;101,090;31,800;0,000;434,550;451,650;28,80;846,250;263,196;0,000;581,900;577,100;560,300;314,150;;;;;0,00;0,00;0,00;3,00;5,50;15,017;28,679;0,61;0,54;999998,00;999998,00;999998,00;999998,00;999998,00;999998,00;999998,00;999998,00;999998,00;999998,00;999998,00;999998,00;999998,00;999998,00;999998,00;;;;;;;;;;;;;;;;;419,9804;17,41148;111,2917;0,24154663;0,24154663;-0,00028;1,52502;153,6784;19,513980;0,122806;24,009652;24,954458;0,0269;2,6845;6,01;600,06;0,00;0,37;31,68;;374,313;374,595;4,2056837;19,47800;1,27900;0,00700;0,0728493;;7,01;410,00;;;
;;411;19,46200;1,31500;0,002000;85,825;88,99;-64,7999;0,000;101,092;31,800;0,000;434,350;451,650;28,80;845,783;263,196;0,000;580,500;577,100;560,300;314,150;;;;;0,00;0,00;0,00;3,00;5,50;15,063;28,676;0,61;0,54;999998,00;999998,00;999998,00;999998,00;999998,00;999998,00;999998,00;999998,00;999998,00;999998,00;999998,00;999998,00;999998,00;999998,00;999998,00;;;;;;;;;;;;;;;;;414,2821;38,26478;234,0192;0,10841878;0,10841878;0,00093;3,35201;154,0927;19,425331;0,116437;23,889581;24,841094;0,0254;2,5337;6,03;602,60;0,00;0,36;31,28;;374,417;374,780;4,1486211;19,49000;1,26800;0,01400;0,0721845;;6,89;411,00;;;
;;412;19,45600;1,30100;0,015000;86,925;89,29;-64,9301;0,000;101,084;31,800;0,000;434,150;451,750;28,80;847,217;263,196;0,000;584,900;577,000;560,300;314,150;;;;;0,00;0,00;0,00;3,00;5,50;15,055;28,673;0,61;0,54;999998,00;999998,00;999998,00;999998,00;999998,00;999998,00;999998,00;999998,00;999998,00;999998,00;999998,00;999998,00;999998,00;999998,00;999998,00;;;;;;;;;;;;;;;;;412,2494;37,50694;225,4943;0,11006673;0,11006673;0,00093;3,28291;154,5050;19,553922;0,113126;24,036651;25,011073;0,0248;2,4785;6,06;605,08;0,00;0,36;31,12;;374,512;374,780;4,1282660;19,50700;1,25300;0,01400;0,0713517;;6,76;412,00;;;
;;413;19,44300;1,27000;0,010000;86,125;90,37;-65,0500;0,000;101,084;31,800;0,000;433,950;451,450;28,80;847,783;263,196;0,000;586,600;577,000;560,300;314,150;;;;;0,00;0,00;0,00;3,00;5,50;15,040;28,684;0,61;0,55;999998,00;999998,00;999998,00;999998,00;999998,00;999998,00;999998,00;999998,00;999998,00;999998,00;999998,00;999998,00;999998,00;999998,00;999998,00;;;;;;;;;;;;;;;;;403,9166;17,52025;95,6410;0,23086548;0,23086548;-0,00113;1,52990;154,9089;19,468218;0,101151;23,920275;24,884913;0,0221;2,2049;6,08;607,28;0,00;0,35;30,43;;374,593;374,946;4,0448204;19,53300;1,23100;0,00200;0,0702079;;6,64;413,00;;;
;;414;19,45000;1,25500;0,025000;87,825;91,82;-65,3601;0,000;101,088;31,800;0,000;433,550;451,250;28,80;847,650;263,196;0,000;586,300;576,900;560,300;314,150;;;;;0,00;0,00;0,00;3,00;5,50;15,074;28,647;0,61;0,56;999998,00;999998,00;999998,00;999998,00;999998,00;999998,00;999998,00;999998,00;999998,00;999998,00;999998,00;999998,00;999998,00;999998,00;999998,00;;;;;;;;;;;;;;;;;400,0478;17,87462;83,7330;0,22412109;0,22412109;0,00371;1,56394;155,3089;19,668486;0,085133;24,144064;25,129764;0,0188;1,8740;6,10;609,16;0,00;0,35;30,26;;374,659;374,946;4,0060788;19,55500;1,21000;0,03000;0,0688198;;6,33;414,00;;;
;;415;19,48000;1,26300;0,030000;86,500;91,14;-65,4700;0,000;101,088;31,800;0,000;433,450;451,250;28,80;847,050;263,196;0,000;584,600;576,800;560,300;314,150;;;;;0,00;0,00;0,00;3,00;5,50;15,063;28,668;0,61;0,55;999998,00;999998,00;999998,00;999998,00;999998,00;999998,00;999998,00;999998,00;999998,00;999998,00;999998,00;999998,00;999998,00;999998,00;999998,00;;;;;;;;;;;;;;;;;390,6532;37,58457;194,6809;0,10408529;0,10408529;0,00214;3,27930;155,6996;19,521806;0,092615;23,958480;24,942356;0,0203;2,0235;6,12;611,18;0,00;0,34;29,50;;374,709;375,054;3,9120008;19,58000;1,18800;0,02100;0,0677000;;6,22;415,00;;;
;;416;19,50700;1,27600;0,025000;86,175;92,84;-65,6000;0,000;101,088;31,800;0,000;432,950;450,450;28,80;846,283;263,196;0,000;582,500;576,700;560,200;314,150;;;;;0,00;0,00;0,00;3,00;5,50;15,048;28,692;0,61;0,56;999998,00;999998,00;999998,00;999998,00;999998,00;999998,00;999998,00;999998,00;999998,00;999998,00;999998,00;999998,00;999998,00;999998,00;999998,00;;;;;;;;;;;;;;;;;382,2477;34,27681;144,8153;0,11167399;0,11167399;0,00351;3,00705;156,0818;19,496345;0,074143;23,899633;24,865665;0,0162;1,6149;6,14;612,79;0,00;0,34;28,92;;374,737;375,054;3,8278286;19,60500;1,17100;0,02900;0,0663210;;6,09;416,00;;;
;;417;19,50800;1,28600;0,030000;84,225;92,89;-65,7200;0,000;101,090;31,800;0,000;432,550;449,950;28,80;845,683;263,196;0,000;580,700;576,700;560,200;314,150;;;;;0,00;0,00;0,00;3,00;5,50;15,023;28,684;0,61;0,56;999998,00;999998,00;999998,00;999998,00;999998,00;999998,00;999998,00;999998,00;999998,00;999998,00;999998,00;999998,00;999998,00;999998,00;999998,00;;;;;;;;;;;;;;;;;373,2206;16,54751;70,2168;0,22586060;0,22586060;0,00296;1,45096;156,4550;19,283408;0,073593;23,616763;24,566784;0,0159;1,5837;6,15;614,38;0,00;0,33;28,22;;374,744;375,087;3,7374315;19,62300;1,15600;0,02600;0,0654638;;5,97;417,00;;;
;;418;19,49100;1,29000;0,022000;86,825;91,73;-66,0200;0,000;101,090;31,800;0,000;432,050;449,150;28,80;845,050;263,196;0,000;579,000;576,600;560,100;314,150;;;;;0,00;0,00;0,00;3,00;5,51;15,051;28,668;0,61;0,55;999998,00;999998,00;999998,00;999998,00;999998,00;999998,00;999998,00;999998,00;999998,00;999998,00;999998,00;999998,00;999998,00;999998,00;999998,00;;;;;;;;;;;;;;;;;375,8712;17,71163;88,5644;0,21251424;0,21251424;0,00301;1,55673;156,8309;19,590108;0,086124;23,964651;24,913142;0,0188;1,8795;6,17;616,26;0,00;0,33;28,43;;374,744;375,087;3,7639743;19,63400;1,14900;0,02600;0,0648927;;5,67;418,00;;;
;;419;19,47600;1,28800;0,022000;84,500;92,95;-66,1200;0,000;101,090;31,800;0,000;431,650;448,450;28,80;844,617;263,196;0,000;577,900;576,500;560,000;314,150;;;;;0,00;0,00;0,00;3,00;5,51;15,048;28,689;0,61;0,56;999998,00;999998,00;999998,00;999998,00;999998,00;999998,00;999998,00;999998,00;999998,00;999998,00;999998,00;999998,00;999998,00;999998,00;999998,00;;;;;;;;;;;;;;;;;368,7444;37,24203;158,5294;0,09915161;0,09915161;0,00041;3,25731;157,1997;19,334989;0,072989;23,630665;24,550380;0,0157;1,5696;6,19;617,83;0,00;0,32;27,80;;374,738;375,067;3,6926069;19,64600;1,13700;0,01100;0,0644984;;5,57;419,00;;;
;;420;19,46900;1,27900;0,016000;89,950;91,39;-66,2500;0,000;101,092;31,700;0,000;431,050;447,550;28,80;844,583;263,196;0,000;577,900;576,400;560,000;314,150;;;;;0,00;0,00;0,00;3,00;5,51;15,048;28,684;0,61;0,55;999998,00;999998,00;999998,00;999998,00;999998,00;999998,00;999998,00;999998,00;999998,00;999998,00;999998,00;999998,00;999998,00;999998,00;999998,00;;;;;;;;;;;;;;;;;378,5508;29,16125;153,3733;0,12999471;0,12999471;-0,00187;2,53926;157,5782;19,962650;0,089850;24,363861;25,296476;0,0199;1,9910;6,21;619,82;0,00;0,33;28,46;;374,736;375,067;3,7908077;19,65700;1,12600;-0,00200;0,0641282;;5,44;420,00;;;
;;421;19,47000;1,26800;0,007000;86,475;91,42;-66,3700;0,000;101,092;31,700;0,000;430,650;447,150;28,80;844,217;263,196;0,000;576,900;576,300;560,000;314,150;;;;;0,00;0,00;0,00;3,00;5,51;15,090;28,700;0,60;0,55;999998,00;999998,00;999998,00;999998,00;999998,00;999998,00;999998,00;999998,00;999998,00;999998,00;999998,00;999998,00;999998,00;999998,00;999998,00;;;;;;;;;;;;;;;;;366,7530;42,75670;226,6350;0,08589681;0,08589681;-0,00183;3,72431;157,9450;19,582336;0,089514;23,877520;24,792368;0,0195;1,9440;6,23;621,76;0,00;0,32;27,58;;374,731;375,033;3,6726644;19,67300;1,11300;-0,00200;0,0633309;;5,32;421,00;;;
;;422;19,47800;1,25300;0,014000;84,950;91,97;-66,4601;0,000;101,092;31,700;0,000;430,250;446,550;28,80;843,983;263,196;0,000;576,300;576,200;560,000;314,250;;;;;0,00;0,00;0,00;3,00;5,51;15,069;28,681;0,60;0,55;999998,00;999998,00;999998,00;999998,00;999998,00;999998,00;999998,00;999998,00;999998,00;999998,00;999998,00;999998,00;999998,00;999998,00;999998,00;;;;;;;;;;;;;;;;;359,6693;16,88835;84,4120;0,21326701;0,21326701;-0,00267;1,47210;158,3046;19,417919;0,083591;23,655048;24,551218;0,0180;1,7977;6,24;623,56;0,00;0,31;27,02;;374,703;375,033;3,6017284;19,68800;1,10200;-0,00700;0,0626286;;5,23;422,00;;;
;;423;19,49000;1,23100;0,014000;87,275;91,58;-66,7699;0,000;101,092;31,700;0,000;429,750;445,750;28,80;843,783;263,196;0,000;575,700;576,200;560,000;314,150;;;;;0,00;0,00;0,00;3,00;5,51;15,082;28,708;0,60;0,55;999998,00;999998,00;999998,00;999998,00;999998,00;999998,00;999998,00;999998,00;999998,00;999998,00;999998,00;999998,00;999998,00;999998,00;999998,00;;;;;;;;;;;;;;;;;358,7050;15,23426;81,2211;0,23578898;0,23578898;0,00129;1,33120;158,6633;19,693296;0,087839;23,962635;24,854787;0,0192;1,9124;6,26;625,47;0,00;0,31;27,06;;374,667;374,974;3,5920716;19,70400;1,08700;0,01600;0,0615825;;4,92;423,00;;;
;;424;19,50700;1,21000;0,002000;92,000;91,71;-66,8900;0,000;101,088;31,700;0,000;429,350;445,050;28,80;843,717;263,196;0,000;575,500;576,200;560,000;314,250;;;;;0,00;0,00;0,00;3,00;5,51;15,055;28,700;0,60;0,55;999998,00;999998,00;999998,00;999998,00;999998,00;999998,00;999998,00;999998,00;999998,00;999998,00;999998,00;999998,00;999998,00;999998,00;999998,00;;;;;;;;;;;;;;;;;365,1343;41,36297;218,4671;0,08839925;0,08839925;0,00025;3,62276;159,0285;20,228777;0,086370;24,591292;25,490520;0,0193;1,9285;6,28;627,40;0,00;0,32;27,52;;374,637;374,974;3,6564553;19,71600;1,08000;0,01000;0,0610229;;4,80;424,00;;;
;;425;19,53300;1,18800;0,030000;83,200;91,96;-66,9800;0,000;101,088;31,700;0,000;428,850;444,550;28,80;843,550;263,196;0,000;575,000;576,200;560,000;314,250;;;;;0,00;0,00;0,00;3,00;5,51;15,055;28,692;0,60;0,55;999998,00;999998,00;999998,00;999998,00;999998,00;999998,00;999998,00;999998,00;999998,00;999998,00;999998,00;999998,00;999998,00;999998,00;999998,00;;;;;;;;;;;;;;;;;343,5222;46,41351;239,8551;0,07411702;0,07411702;0,00431;4,08756;159,3720;19,248212;0,083649;23,372011;24,227649;0,0178;1,7752;6,30;629,18;0,00;0,30;26,02;;374,589;374,862;3,4400313;19,72400;1,07400;0,03400;0,0603334;;4,71;425,00;;;
;;426;19,55500;1,17100;0,021000;89,850;92,21;-67,0800;0,000;101,090;31,600;0,000;428,350;443,650;28,80;843,550;263,196;0,000;575,000;576,200;560,000;314,250;;;;;0,00;0,00;0,00;3,00;5,52;15,055;28,703;0,60;0,55;999998,00;999998,00;999998,00;999998,00;999998,00;999998,00;999998,00;999998,00;999998,00;999998,00;999998,00;999998,00;999998,00;999998,00;999998,00;;;;;;;;;;;;;;;;;355,0953;15,45843;77,6423;0,23003133;0,23003133;0,00290;1,35480;159,7271;20,014332;0,080986;24,273932;25,140960;0,0179;1,7835;6,32;630,96;0,00;0,31;26,83;;374,529;374,862;3,5559242;19,73400;1,06300;0,02500;0,0599757;;4,61;426,00;;;
;;427;19,58000;1,15600;0,029000;88,125;90,75;-67,4000;0,000;101,082;31,600;0,000;427,750;442,750;28,80;843,417;263,196;0,000;574,800;576,100;559,900;314,250;;;;;0,00;0,00;0,00;3,00;5,52;15,063;28,703;0,60;0,54;999998,00;999998,00;999998,00;999998,00;999998,00;999998,00;999998,00;999998,00;999998,00;999998,00;999998,00;999998,00;999998,00;999998,00;999998,00;;;;;;;;;;;;;;;;;347,5401;15,69881;95,3703;0,22168986;0,22168986;0,00375;1,37676;160,0746;19,835173;0,096932;24,022947;24,865365;0,0211;2,1113;6,34;633,07;0,00;0,31;26,29;;374,475;374,725;3,4802664;19,74800;1,05100;0,03000;0,0592256;;4,29;427,00;;;
;;428;19,60500;1,14900;0,026000;89,525;89,89;-67,4900;0,000;101,082;31,600;0,000;427,250;442,250;28,80;843,350;263,196;0,000;574,600;576,100;559,900;314,250;;;;;0,00;0,00;0,00;3,00;5,52;15,061;28,700;0,60;0,53;999998,00;999998,00;999998,00;999998,00;999998,00;999998,00;999998,00;999998,00;999998,00;999998,00;999998,00;999998,00;999998,00;999998,00;999998,00;;;;;;;;;;;;;;;;;348,6767;42,77171;286,5369;0,08163452;0,08163452;0,00254;3,76305;160,4233;20,003803;0,106458;24,198860;25,048440;0,0234;2,3359;6,36;635,41;0,00;0,31;26,36;;374,413;374,725;3,4916481;19,75500;1,04900;0,02300;0,0589159;;4,20;428,00;;;
;;429;19,62300;1,13700;0,026000;93,250;91,20;-67,6000;0,000;101,094;31,600;0,000;426,850;441,450;28,80;843,383;263,196;0,000;574,700;576,100;559,900;314,250;;;;;0,00;0,00;0,00;3,00;5,52;15,055;28,703;0,60;0,54;999998,00;999998,00;999998,00;999998,00;999998,00;999998,00;999998,00;999998,00;999998,00;999998,00;999998,00;999998,00;999998,00;999998,00;999998,00;;;;;;;;;;;;;;;;;357,5315;33,31060;191,6152;0,10748291;0,10748291;-0,00047;2,92120;160,7808;20,425289;0,091965;24,685605;25,529953;0,0206;2,0567;6,38;637,46;0,00;0,31;26,93;;374,364;374,621;3,5803208;19,75400;1,05000;0,00600;0,0591656;;4,09;429,00;;;
;;430;19,63400;1,12600;0,011000;89,550;91,02;-67,7000;0,000;101,086;31,600;0,000;426,150;440,350;28,80;843,450;263,196;0,000;574,900;576,100;559,900;314,250;;;;;0,00;0,00;0,00;3,00;5,52;15,044;28,705;0,60;0,54;999998,00;999998,00;999998,00;999998,00;999998,00;999998,00;999998,00;999998,00;999998,00;999998,00;999998,00;999998,00;999998,00;999998,00;999998,00;;;;;;;;;;;;;;;;;349,4621;44,22938;260,0913;0,07912191;0,07912191;-0,00064;3,86483;161,1303;20,032400;0,093928;24,171063;24,976481;0,0206;2,0550;6,40;639,52;0,00;0,31;26,31;;374,315;374,621;3,4995131;19,75900;1,04300;0,00500;0,0589631;;3,99;430,00;;;
;;431;19,64600;1,11300;-0,002000;89,950;93,08;-67,7899;0,000;101,094;31,600;0,000;425,650;439,650;28,80;843,383;263,196;0,000;574,700;576,100;559,900;314,250;;;;;0,00;0,00;0,00;3,00;5,52;15,040;28,703;0,60;0,55;999998,00;999998,00;999998,00;999998,00;999998,00;999998,00;999998,00;999998,00;999998,00;999998,00;999998,00;999998,00;999998,00;999998,00;999998,00;;;;;;;;;;;;;;;;;346,7907;18,11164;81,8222;0,19174194;0,19174194;-0,00117;1,56724;161,4771;20,088879;0,071520;24,210770;25,007084;0,0157;1,5667;6,42;641,09;0,00;0,30;26,05;;374,255;374,517;3,4727616;19,77400;1,02300;0,00200;0,0583438;;3,90;431,00;;;
;;432;19,65700;1,10200;-0,002000;86,800;92,20;-68,0601;0,000;101,094;31,600;0,000;425,250;439,450;28,80;843,317;263,196;0,000;574,500;576,100;559,900;314,250;;;;;0,00;0,00;0,00;3,00;5,52;15,042;28,716;0,60;0,55;999998,00;999998,00;999998,00;999998,00;999998,00;999998,00;999998,00;999998,00;999998,00;999998,00;999998,00;999998,00;999998,00;999998,00;999998,00;;;;;;;;;;;;;;;;;333,9840;15,86237;82,7862;0,21084595;0,21084595;-0,00237;1,37350;161,8111;19,743273;0,081003;23,771891;24,565685;0,0175;1,7431;6,44;642,83;0,00;0,29;25,05;;374,176;374,517;3,3445156;19,79900;1,00400;-0,00500;0,0571652;;3,63;432,00;;;
;;433;19,67300;1,08700;-0,007000;90,525;91,85;-68,1799;0,000;101,088;31,600;0,000;424,950;438,850;28,80;843,250;263,196;0,000;574,400;576,100;559,800;314,250;;;;;0,00;0,00;0,00;3,00;5,52;15,013;28,700;0,59;0,54;999998,00;999998,00;999998,00;999998,00;999998,00;999998,00;999998,00;999998,00;999998,00;999998,00;999998,00;999998,00;999998,00;999998,00;999998,00;;;;;;;;;;;;;;;;;332,0670;31,95427;179,2664;0,10406494;0,10406494;0,00203;2,76581;162,1431;20,169577;0,084858;24,268051;25,061852;0,0187;1,8629;6,46;644,69;0,00;0,29;25,01;;374,081;374,355;3,3253190;19,82500;0,97800;0,02000;0,0556290;;3,51;433,00;;;
;;434;19,68800;1,08000;0,016000;88,775;90,32;-68,2899;0,000;101,096;31,600;0,000;424,350;437,850;28,80;843,217;263,196;0,000;574,300;576,100;559,800;314,250;;;;;0,00;0,00;0,00;3,00;5,53;15,055;28,700;0,59;0,53;999998,00;999998,00;999998,00;999998,00;999998,00;999998,00;999998,00;999998,00;999998,00;999998,00;999998,00;999998,00;999998,00;999998,00;999998,00;;;;;;;;;;;;;;;;;318,6315;31,62912;219,0828;0,10088094;0,10088094;0,00254;2,75462;162,4618;19,987785;0,101679;24,015363;24,779372;0,0221;2,2070;6,48;646,90;0,00;0,28;24,04;;373,969;374,355;3,1907759;19,85900;0,95400;0,02300;0,0538540;;3,40;434,00;;;
;;435;19,70400;1,07400;0,010000;90,925;91,62;-68,3800;0,000;101,086;31,600;0,000;423,750;436,950;28,80;843,217;263,196;0,000;574,300;576,200;559,700;314,250;;;;;0,00;0,00;0,00;3,00;5,53;15,032;28,716;0,59;0,54;999998,00;999998,00;999998,00;999998,00;999998,00;999998,00;999998,00;999998,00;999998,00;999998,00;999998,00;999998,00;999998,00;999998,00;999998,00;;;;;;;;;;;;;;;;;315,4502;54,83565;333,3187;0,05760701;0,05760701;0,00311;4,79933;162,7772;20,242691;0,087406;24,287243;25,043801;0,0192;1,9175;6,50;648,82;0,00;0,28;23,83;;373,838;374,122;3,1589179;19,88200;0,93800;0,02600;0,0526386;;3,31;435,00;;;
;;436;19,71600;1,06300;0,034000;91,600;91,45;-68,4501;0,000;101,096;31,600;0,000;423,150;436,050;28,80;843,250;263,196;0,000;574,400;576,100;559,800;314,250;;;;;0,00;0,00;0,00;3,00;5,53;15,053;28,708;0,59;0,54;999998,00;999998,00;999998,00;999998,00;999998,00;999998,00;999998,00;999998,00;999998,00;999998,00;999998,00;999998,00;999998,00;999998,00;999998,00;;;;;;;;;;;;;;;;;313,8478;14,73820;92,1525;0,21324666;0,21324666;0,00294;1,29201;163,0911;20,332089;0,089243;24,359963;25,102591;0,0197;1,9624;6,52;650,78;0,00;0,28;23,71;;373,702;374,122;3,1428719;19,89200;0,93100;0,02500;0,0521381;;3,24;436,00;;;
;;437;19,72400;1,05100;0,025000;93,700;87,13;-68,7699;0,000;101,088;31,600;0,000;422,350;434,350;28,80;843,617;263,196;0,000;575,400;576,200;559,800;314,250;;;;;0,00;0,00;0,00;3,00;5,53;15,082;28,716;0,59;0,51;999998,00;999998,00;999998,00;999998,00;999998,00;999998,00;999998,00;999998,00;999998,00;999998,00;999998,00;999998,00;999998,00;999998,00;999998,00;;;;;;;;;;;;;;;;;317,0084;14,48381;139,3676;0,21917725;0,21917725;0,00207;1,26539;163,4081;20,583299;0,137565;24,614315;25,313668;0,0305;3,0503;6,55;653,83;0,00;0,28;23,91;;373,569;373,857;3,1745223;19,89600;0,92600;0,02000;0,0520194;;2,92;437,00;;;
;;438;19,73400;1,04900;0,030000;93,700;87,13;-68,8501;0,000;101,088;31,600;0,000;422,350;434,350;28,80;843,550;263,196;0,000;575,200;576,200;559,800;314,250;;;;;0,00;0,00;0,00;3,00;5,53;15,019;28,716;0,59;0,51;999998,00;999998,00;999998,00;999998,00;999998,00;999998,00;999998,00;999998,00;999998,00;999998,00;999998,00;999998,00;999998,00;999998,00;999998,00;;;;;;;;;;;;;;;;;315,8532;44,57793;430,5109;0,07095337;0,07095337;0,00207;3,89108;163,7239;20,583299;0,137565;24,614315;25,313668;0,0305;3,0503;6,58;656,88;0,00;0,28;23,82;;373,438;373,857;3,1629541;19,90000;0,92200;0,02000;0,0518288;;2,84;438,00;;;
;;439;19,74800;1,05000;0,023000;92,125;89,65;-68,9501;0,000;101,088;31,600;0,000;421,150;432,650;28,80;843,650;263,196;0,000;575,500;576,200;559,800;314,250;;;;;0,00;0,00;0,00;3,00;5,53;15,029;28,716;0,59;0,52;999998,00;999998,00;999998,00;999998,00;999998,00;999998,00;999998,00;999998,00;999998,00;999998,00;999998,00;999998,00;999998,00;999998,00;999998,00;;;;;;;;;;;;;;;;;311,1248;31,69906;243,8146;0,09828695;0,09828695;0,00188;2,76057;164,0351;20,438630;0,109112;24,371870;25,037373;0,0240;2,3930;6,60;659,27;0,00;0,27;23,45;;373,302;373,585;3,1156038;19,90900;0,91300;0,01900;0,0514120;;2,74;439,00;;;
;;440;19,75500;1,04300;0,006000;85,700;89,31;-69,0400;0,000;101,086;31,600;0,000;420,550;431,950;28,80;843,917;263,196;0,000;576,200;576,300;559,800;314,250;;;;;0,00;0,00;0,00;3,00;5,53;15,053;28,700;0,59;0,52;999998,00;999998,00;999998,00;999998,00;999998,00;999998,00;999998,00;999998,00;999998,00;999998,00;999998,00;999998,00;999998,00;999998,00;999998,00;;;;;;;;;;;;;;;;;297,6774;47,73391;382,5302;0,06244914;0,06244914;-0,00080;4,13552;164,3327;19,727090;0,112876;23,489887;24,126636;0,0239;2,3855;6,63;661,66;0,00;0,26;22,35;;373,145;373,585;2,9809417;19,92200;0,90100;0,00400;0,0509604;;2,65;440,00;;;
;;441;19,75400;1,02300;0,005000;90,150;88,73;-69,1100;0,000;101,086;31,500;0,000;419,950;430,950;28,80;843,950;263,196;0,000;576,200;576,300;559,900;314,250;;;;;0,00;0,00;0,00;3,00;5,53;15,042;28,721;0,59;0,52;999998,00;999998,00;999998,00;999998,00;999998,00;999998,00;999998,00;999998,00;999998,00;999998,00;999998,00;999998,00;999998,00;999998,00;999998,00;;;;;;;;;;;;;;;;;298,7741;16,32085;141,1269;0,18331909;0,18331909;0,00007;1,40369;164,6315;20,247225;0,119379;24,074837;24,705444;0,0259;2,5835;6,65;664,24;0,00;0,26;22,43;;372,975;373,274;2,9919234;19,94500;0,87600;0,00900;0,0498287;;2,58;441,00;;;
;;442;19,75900;1,00400;0,002000;91,425;86,41;-69,3800;0,000;101,088;31,500;0,000;419,250;429,750;28,80;843,983;263,196;0,000;576,300;576,300;559,900;314,250;;;;;0,00;0,00;0,00;3,00;5,54;15,042;28,703;0,59;0,50;999998,00;999998,00;999998,00;999998,00;999998,00;999998,00;999998,00;999998,00;999998,00;999998,00;999998,00;999998,00;999998,00;999998,00;999998,00;;;;;;;;;;;;;;;;;293,6959;15,08263;162,9428;0,19499715;0,19499715;-0,00263;1,29640;164,9252;20,406916;0,145873;24,224272;24,830962;0,0318;3,1729;6,68;667,41;0,00;0,25;21,97;;372,802;373,274;2,9410706;19,97300;0,85500;-0,00600;0,0485910;;2,31;442,00;;;
;;443;19,77400;0,97800;-0,005000;91,100;87,32;-69,4700;0,000;101,088;31,500;0,000;418,450;428,550;28,80;844,350;263,196;0,000;577,300;576,300;560,000;314,250;;;;;0,00;0,00;0,00;3,00;5,54;15,053;28,703;0,59;0,51;999998,00;999998,00;999998,00;999998,00;999998,00;999998,00;999998,00;999998,00;999998,00;999998,00;999998,00;999998,00;999998,00;999998,00;999998,00;;;;;;;;;;;;;;;;;285,0468;32,94643;339,1822;0,08663940;0,08663940;0,00151;2,85773;165,2103;20,390076;0,135404;24,158095;24,741191;0,0294;2,9345;6,71;670,35;0,00;0,25;21,46;;372,613;372,906;2,8544590;19,99500;0,83900;0,01700;0,0471940;;2,22;443,00;;;
;;444;19,79900;0,95400;0,020000;90,800;88,89;-69,5800;0,000;101,088;31,500;0,000;417,750;427,650;28,80;844,817;263,196;0,000;578,600;576,400;560,000;314,250;;;;;0,00;0,00;0,00;3,00;5,54;15,084;28,727;0,58;0,52;999998,00;999998,00;999998,00;999998,00;999998,00;999998,00;999998,00;999998,00;999998,00;999998,00;999998,00;999998,00;999998,00;999998,00;999998,00;;;;;;;;;;;;;;;;;281,4456;27,73092;250,3550;0,10163371;0,10163371;0,00205;2,41573;165,4917;20,373523;0,117583;24,098103;24,669189;0,0254;2,5409;6,74;672,89;0,00;0,25;21,22;;372,412;372,906;2,8183964;20,00500;0,83300;0,02000;0,0466332;;2,11;444,00;;;
;;445;19,82500;0,93800;0,023000;90,350;85,60;-69,6699;0,000;101,084;31,500;0,000;416,850;425,950;28,80;845,017;263,196;0,000;579,200;576,400;560,000;314,250;;;;;0,00;0,00;0,00;3,00;5,54;15,065;28,713;0,58;0,50;999998,00;999998,00;999998,00;999998,00;999998,00;999998,00;999998,00;999998,00;999998,00;999998,00;999998,00;999998,00;999998,00;999998,00;999998,00;;;;;;;;;;;;;;;;;277,8867;32,09623;385,6950;0,08670044;0,08670044;0,00528;2,77755;165,7696;20,344903;0,155366;24,012407;24,536607;0,0334;3,3393;6,77;676,23;0,01;0,24;21,01;;372,204;372,495;2,7827574;20,01300;0,81900;0,03800;0,0461073;;2,02;445,00;;;
;;446;19,85900;0,93100;0,026000;93,550;88,92;-69,7600;0,000;101,096;31,500;0,000;415,650;423,950;28,80;845,617;263,196;0,000;580,800;576,500;560,100;314,250;;;;;0,00;0,00;0,00;3,00;5,54;15,055;28,729;0,58;0,51;999998,00;999998,00;999998,00;999998,00;999998,00;999998,00;999998,00;999998,00;999998,00;999998,00;999998,00;999998,00;999998,00;999998,00;999998,00;;;;;;;;;;;;;;;;;277,3696;27,76280;255,9525;0,10004679;0,10004679;0,00209;2,38304;166,0470;20,731916;0,117304;24,398746;24,885958;0,0256;2,5571;6,80;678,79;0,00;0,24;20,86;;371,992;372,495;2,7775795;20,03700;0,79700;0,02000;0,0451564;;1,93;446,00;;;
;;447;19,88200;0,92600;0,025000;92,475;87,29;-69,8700;0,000;101,088;31,500;0,000;414,650;422,450;28,80;845,617;263,196;0,000;580,900;576,400;560,100;314,250;;;;;0,00;0,00;0,00;3,00;5,54;15,019;28,713;0,58;0,50;999998,00;999998,00;999998,00;999998,00;999998,00;999998,00;999998,00;999998,00;999998,00;999998,00;999998,00;999998,00;999998,00;999998,00;999998,00;;;;;;;;;;;;;;;;;265,6552;23,65156;261,4591;0,11247762;0,11247762;0,00280;2,01172;166,3126;20,637295;0,135815;24,228957;24,684729;0,0294;2,9367;6,83;681,72;0,00;0,23;19,96;;371,767;372,045;2,6602707;20,07200;0,76200;0,02400;0,0434402;;1,82;447,00;;;
;;448;19,89200;0,92200;0,020000;90,525;86,65;-69,9800;0,000;101,088;31,500;0,000;413,850;421,450;28,80;848,417;263,196;0,000;589,400;576,400;560,000;314,250;;;;;0,00;0,00;0,00;3,00;5,54;15,055;28,700;0,58;0,50;999998,00;999998,00;999998,00;999998,00;999998,00;999998,00;999998,00;999998,00;999998,00;999998,00;999998,00;999998,00;999998,00;999998,00;999998,00;;;;;;;;;;;;;;;;;251,5225;23,99252;291,7590;0,10498047;0,10498047;0,00188;2,04820;166,5641;20,438274;0,143168;23,949004;24,388807;0,0306;3,0586;6,86;684,78;0,00;0,22;18,89;;371,514;372,045;2,5187461;20,11100;0,73300;0,01900;0,0415211;;1,71;448,00;;;
;;449;19,89600;0,91300;0,020000;92,100;87,01;-70,0800;0,000;101,088;31,500;0,000;413,050;420,350;28,80;849,083;263,196;0,000;591,500;576,300;560,000;314,250;;;;;0,00;0,00;0,00;3,00;5,54;15,015;28,729;0,58;0,50;999998,00;999998,00;999998,00;999998,00;999998,00;999998,00;999998,00;999998,00;999998,00;999998,00;999998,00;999998,00;999998,00;999998,00;999998,00;;;;;;;;;;;;;;;;;243,2070;24,56566;302,0571;0,09914144;0,09914144;0,00153;2,07826;166,8073;20,635260;0,139004;24,133084;24,559598;0,0299;2,9905;6,89;687,77;0,00;0,21;18,23;;371,238;371,521;2,4354751;20,14800;0,69800;0,01700;0,0397577;;1,61;449,00;;;
;;450;19,90000;0,90100;0,019000;92,425;88,52;-70,1799;0,000;101,090;31,500;0,000;412,050;418,650;28,80;851,550;263,196;0,000;598,900;576,300;560,000;314,250;;;;;0,00;0,00;0,00;3,00;5,55;15,078;28,716;0,58;0,51;999998,00;999998,00;999998,00;999998,00;999998,00;999998,00;999998,00;999998,00;999998,00;999998,00;999998,00;999998,00;999998,00;999998,00;999998,00;;;;;;;;;;;;;;;;;232,7354;23,31418;262,1404;0,09996541;0,09996541;-0,00157;1,97539;167,0401;20,696705;0,121769;24,146344;24,533108;0,0262;2,6168;6,91;690,39;0,00;0,20;17,37;;370,942;371,521;2,3306121;20,18800;0,66900;0,00000;0,0379242;;1,51;450,00;;;
;;451;19,90900;0,87600;0,004000;93,950;89,36;-70,2799;0,000;101,090;31,500;0,000;410,950;416,950;28,80;850,683;263,196;0,000;596,300;576,300;560,000;314,250;;;;;0,00;0,00;0,00;3,00;5,55;15,032;28,719;0,58;0,51;999998,00;999998,00;999998,00;999998,00;999998,00;999998,00;999998,00;999998,00;999998,00;999998,00;999998,00;999998,00;999998,00;999998,00;999998,00;;;;;;;;;;;;;;;;;222,6084;22,09734;241,0533;0,10088094;0,10088094;-0,00195;1,84940;167,2627;20,894662;0,112385;24,312219;24,667185;0,0243;2,4284;6,94;692,82;0,00;0,19;16,56;;370,624;370,906;2,2292005;20,23000;0,62900;-0,00200;0,0359227;;1,41;451,00;;;
;;452;19,92200;0,85500;0,009000;89,075;88,81;-70,3800;0,000;101,086;31,500;0,000;409,850;415,150;28,80;849,817;263,196;0,000;593,800;576,300;559,900;314,250;;;;;0,00;0,00;0,00;3,00;5,55;15,021;28,727;0,58;0,51;999998,00;999998,00;999998,00;999998,00;999998,00;999998,00;999998,00;999998,00;999998,00;999998,00;999998,00;999998,00;999998,00;999998,00;999998,00;;;;;;;;;;;;;;;;;201,7625;21,07579;259,6361;0,09586589;0,09586589;0,00223;1,79672;167,4644;20,372620;0,118490;23,641340;23,947059;0,0249;2,4855;6,96;695,30;0,00;0,17;15,16;;370,273;370,906;2,0204492;20,27400;0,59800;0,02100;0,0333861;;1,31;452,00;;;
;;453;19,94500;0,83900;-0,006000;91,475;91,61;-70,4700;0,000;101,086;31,500;0,000;408,550;413,150;28,80;848,950;263,196;0,000;591,400;576,100;559,900;314,250;;;;;0,00;0,00;0,00;3,00;5,55;15,034;28,721;0,58;0,53;999998,00;999998,00;999998,00;999998,00;999998,00;999998,00;999998,00;999998,00;999998,00;999998,00;999998,00;999998,00;999998,00;999998,00;999998,00;;;;;;;;;;;;;;;;;193,4760;23,01364;220,5422;0,08418783;0,08418783;0,00299;1,94883;167,6579;20,678072;0,087504;23,919689;24,189009;0,0186;1,8541;6,98;697,16;0,00;0,16;14,54;;369,892;370,187;1,9374685;20,31100;0,56400;0,02500;0,0315364;;1,22;453,00;;;
;;454;19,97300;0,83300;0,017000;97,725;92,81;-70,5500;0,000;101,092;31,500;0,000;407,550;411,550;28,80;849,283;263,196;0,000;592,600;576,000;559,800;314,250;;;;;0,00;0,00;0,00;3,00;5,55;15,021;28,743;0,58;0,53;999998,00;999998,00;999998,00;999998,00;999998,00;999998,00;999998,00;999998,00;999998,00;999998,00;999998,00;999998,00;999998,00;999998,00;999998,00;;;;;;;;;;;;;;;;;191,2857;24,18816;205,5753;0,07919312;0,07919312;0,00404;2,07368;167,8492;21,399018;0,074430;24,693065;24,935421;0,0163;1,6257;7,00;698,78;0,00;0,16;14,43;;369,501;370,187;1,9155354;20,33700;0,54700;0,03000;0,0301250;;1,14;454,00;;;
;;455;19,99500;0,81900;0,020000;91,025;89,97;-70,6300;0,000;101,092;31,500;0,000;406,250;409,650;28,80;850,983;263,196;0,000;597,900;575,900;559,700;314,250;;;;;0,00;0,00;0,00;3,00;5,55;15,078;28,727;0,58;0,52;999998,00;999998,00;999998,00;999998,00;999998,00;999998,00;999998,00;999998,00;999998,00;999998,00;999998,00;999998,00;999998,00;999998,00;999998,00;;;;;;;;;;;;;;;;;178,9414;22,41415;277,9734;0,07994588;0,07994588;0,00245;1,90646;168,0282;20,685456;0,105591;23,793522;23,992656;0,0222;2,2192;7,02;701,00;0,00;0,15;13,45;;369,096;369,378;1,7919190;20,35900;0,52700;0,02200;0,0291495;;1,06;455,00;;;
;;456;20,00500;0,79700;0,038000;94,150;91,02;-70,7100;0,000;101,090;31,600;0,000;404,850;407,450;28,80;851,450;263,196;0,000;599,600;575,700;559,600;314,250;;;;;0,00;0,00;0,00;3,00;5,55;15,084;28,729;0,58;0,52;999998,00;999998,00;999998,00;999998,00;999998,00;999998,00;999998,00;999998,00;999998,00;999998,00;999998,00;999998,00;999998,00;999998,00;999998,00;;;;;;;;;;;;;;;;;173,7997;21,54802;248,1489;0,08076986;0,08076986;0,00361;1,83460;168,2020;21,073881;0,093983;24,156774;24,311912;0,0200;2,0015;7,04;703,00;0,00;0,15;13,10;;368,673;369,378;1,7404303;20,38500;0,50500;0,02800;0,0277867;;0,98;456,00;;;
;;457;20,01300;0,76200;0,020000;95,850;91,49;-70,7899;0,000;101,090;31,600;0,000;403,550;405,250;28,80;850,317;263,196;0,000;596,400;575,600;559,500;314,250;;;;;0,00;0,00;0,00;3,00;5,55;15,070;28,732;0,58;0,52;999998,00;999998,00;999998,00;999998,00;999998,00;999998,00;999998,00;999998,00;999998,00;999998,00;999998,00;999998,00;999998,00;999998,00;999998,00;;;;;;;;;;;;;;;;;164,1742;21,65270;250,7871;0,07592773;0,07592773;0,00515;1,86071;168,3661;21,297510;0,088830;24,334725;24,437238;0,0190;1,9015;7,06;704,90;0,01;0,14;12,44;;368,236;368,513;1,6440403;20,41900;0,47900;0,03600;0,0259681;;0,90;457,00;;;
;;458;20,03700;0,73300;0,024000;96,350;91,35;-70,8601;0,000;101,090;31,600;0,000;402,350;403,550;28,80;849,183;263,196;0,000;593,300;575,400;559,400;314,250;;;;;0,00;0,00;0,00;3,00;5,56;15,027;28,727;0,58;0,52;999998,00;999998,00;999998,00;999998,00;999998,00;999998,00;999998,00;999998,00;999998,00;999998,00;999998,00;999998,00;999998,00;999998,00;999998,00;;;;;;;;;;;;;;;;;157,5257;24,55206;301,2194;0,06424967;0,06424967;0,00102;2,02968;168,5237;21,384805;0,090293;24,361811;24,434469;0,0194;1,9326;7,08;706,84;0,00;0,13;11,76;;367,784;368,513;1,5774621;20,45000;0,44400;0,01400;0,0248100;;0,83;458,00;;;
;;459;20,07200;0,69800;0,019000;96,150;92,40;-70,9200;0,000;101,082;31,600;0,000;401,150;401,850;28,80;848,350;263,196;0,000;591,100;575,300;559,200;314,250;;;;;0,00;0,00;0,00;3,00;5,56;15,044;28,753;0,57;0,53;999998,00;999998,00;999998,00;999998,00;999998,00;999998,00;999998,00;999998,00;999998,00;999998,00;999998,00;999998,00;999998,00;999998,00;999998,00;;;;;;;;;;;;;;;;;146,2910;24,79960;285,3246;0,05907186;0,05907186;-0,00238;2,05896;168,6699;21,394526;0,078933;24,300194;24,342597;0,0169;1,6831;7,10;708,52;0,00;0,12;10,84;;367,313;367,583;1,4649585;20,48900;0,41700;-0,00400;0,0230243;;0,77;459,00;;;
;;460;20,11100;0,66900;0,017000;98,375;93,04;-70,9800;0,000;101,082;31,600;0,000;399,950;400,150;28,80;848,150;263,196;0,000;590,800;575,100;559,100;314,250;;;;;0,00;0,00;0,00;3,00;5,56;15,006;28,753;0,57;0,53;999998,00;999998,00;999998,00;999998,00;999998,00;999998,00;999998,00;999998,00;999998,00;999998,00;999998,00;999998,00;999998,00;999998,00;999998,00;;;;;;;;;;;;;;;;;135,9590;22,37757;254,7778;0,06084188;0,06084188;0,00065;1,85067;168,8059;21,673096;0,071966;24,542959;24,555232;0,0155;1,5479;7,11;710,07;0,00;0,11;10,14;;366,822;367,583;1,3614935;20,52400;0,38500;0,01200;0,0211203;;0,71;460,00;;;
;;461;20,14800;0,62900;0,000000;97,275;95,61;-71,0400;0,000;101,082;31,600;0,000;398,750;398,250;28,80;847,717;263,196;0,000;590,000;574,800;558,900;314,250;;;;;0,00;0,00;0,00;3,00;5,56;15,008;28,732;0,57;0,55;999998,00;999998,00;999998,00;999998,00;999998,00;999998,00;999998,00;999998,00;999998,00;999998,00;999998,00;999998,00;999998,00;999998,00;999998,00;;;;;;;;;;;;;;;;;123,8610;22,21771;170,9682;0,05582682;0,05582682;-0,00011;1,86073;168,9298;21,583989;0,044707;24,368718;24,338161;0,0095;0,9531;7,12;711,02;0,00;0,10;9,24;;366,308;366,575;1,2403444;20,56000;0,36000;0,00800;0,0193165;;0,65;461,00;;;
;;462;20,18800;0,59800;-0,002000;93,125;95,22;-71,0900;0,000;101,090;31,600;0,000;397,350;396,250;28,80;846,750;263,196;0,000;587,500;574,600;558,700;314,250;;;;;0,00;0,00;0,00;3,00;5,56;15,021;28,745;0,57;0,54;999998,00;999998,00;999998,00;999998,00;999998,00;999998,00;999998,00;999998,00;999998,00;999998,00;999998,00;999998,00;999998,00;999998,00;999998,00;;;;;;;;;;;;;;;;;110,0190;24,95496;230,4880;0,04414876;0,04414876;0,00007;2,05695;169,0398;21,155728;0,048874;23,801343;23,735453;0,0102;1,0162;7,13;712,04;0,00;0,09;8,19;;365,768;366,575;1,1017305;20,59700;0,32600;0,00900;0,0175019;;0,60;462,00;;;
;;463;20,23000;0,56400;0,021000;97,850;96,34;-71,1300;0,000;101,092;31,600;0,000;396,050;394,450;28,80;846,117;263,196;0,000;585,900;574,500;558,500;314,250;;;;;0,00;0,00;0,00;3,00;5,56;15,044;28,756;0,57;0,55;999998,00;999998,00;999998,00;999998,00;999998,00;999998,00;999998,00;999998,00;999998,00;999998,00;999998,00;999998,00;999998,00;999998,00;999998,00;;;;;;;;;;;;;;;;;99,8317;25,53949;201,7763;0,03914388;0,03914388;0,00142;2,15273;169,1396;21,721351;0,037116;24,357748;24,259345;0,0079;0,7887;7,14;712,83;0,00;0,08;7,50;;365,205;365,474;0,9997146;20,63500;0,29900;0,01600;0,0154652;;0,56;463,00;;;
;;464;20,27400;0,54700;0,025000;95,625;96,78;-71,1699;0,000;101,092;31,600;0,000;394,750;392,650;28,80;845,650;263,196;0,000;584,800;574,300;558,400;314,250;;;;;0,00;0,00;0,00;3,00;5,56;15,029;28,737;0,57;0,55;999998,00;999998,00;999998,00;999998,00;999998,00;999998,00;999998,00;999998,00;999998,00;999998,00;999998,00;999998,00;999998,00;999998,00;999998,00;;;;;;;;;;;;;;;;;90,1986;22,59939;171,1899;0,03996785;0,03996785;-0,00030;1,86536;169,2298;21,508300;0,032620;24,039670;23,911783;0,0068;0,6833;7,15;713,51;0,00;0,07;6,72;;364,622;365,474;0,9032492;20,66500;0,27200;0,00700;0,0141086;;0,52;464,00;;;
;;465;20,31100;0,52700;0,030000;94,800;98,22;-71,2100;0,000;101,092;31,600;0,000;393,450;390,850;28,80;845,283;263,196;0,000;584,200;574,000;558,200;314,250;;;;;0,00;0,00;0,00;3,00;5,56;15,046;28,740;0,57;0,56;999998,00;999998,00;999998,00;999998,00;999998,00;999998,00;999998,00;999998,00;999998,00;999998,00;999998,00;999998,00;999998,00;999998,00;999998,00;;;;;;;;;;;;;;;;;78,4275;18,82137;88,6538;0,04172770;0,04172770;0,00197;1,53808;169,3082;21,450668;0,017765;23,896300;23,738387;0,0037;0,3694;7,15;713,88;0,00;0,06;5,89;;364,019;364,286;0,7853726;20,69900;0,24100;0,01900;0,0122991;;0,48;465,00;;;
;;466;20,33700;0,50500;0,022000;99,675;99,20;-71,2500;0,000;101,096;31,600;0,000;392,150;388,950;28,80;844,917;263,196;0,000;583,500;573,800;558,000;314,250;;;;;0,00;0,00;0,00;3,00;5,57;15,027;28,751;0,57;0,57;999998,00;999998,00;999998,00;999998,00;999998,00;999998,00;999998,00;999998,00;999998,00;999998,00;999998,00;999998,00;999998,00;999998,00;999998,00;;;;;;;;;;;;;;;;;70,8604;23,68630;56,0362;0,02995809;0,02995809;0,00124;1,95283;169,3791;22,031723;0,007888;24,462506;24,262889;0,0017;0,1676;7,15;714,05;0,00;0,06;5,32;;363,398;364,286;0,7095963;20,72900;0,21900;0,01500;0,0108176;;0,44;466,00;;;
;;467;20,35900;0,47900;0,028000;99,425;99,39;-71,2699;0,000;101,088;31,600;0,000;390,750;386,950;28,80;844,317;263,196;0,000;581,900;573,700;557,900;314,250;;;;;0,00;0,00;0,00;3,00;5,57;15,044;28,729;0,57;0,57;999998,00;999998,00;999998,00;999998,00;999998,00;999998,00;999998,00;999998,00;999998,00;999998,00;999998,00;999998,00;999998,00;999998,00;999998,00;;;;;;;;;;;;;;;;;61,6382;0,00000;65,8821;0,01911418;0,01911418;0,00202;2,69181;169,4407;22,043459;0,005944;24,388158;24,150986;0,0013;0,1258;7,15;714,17;0,00;0,05;4,67;;362,762;363,026;0,6172446;20,75600;0,19800;0,01900;0,0094038;;0,42;467,00;;;
;;468;20,38500;0,44400;0,036000;97,200;99,36;-71,2899;0,000;101,096;31,600;0,000;389,350;385,050;28,80;843,683;263,196;0,000;580,400;573,500;557,700;314,250;;;;;0,00;0,00;0,00;3,00;5,57;15,027;28,753;0,57;0,57;999998,00;999998,00;999998,00;999998,00;999998,00;999998,00;999998,00;999998,00;999998,00;999998,00;999998,00;999998,00;999998,00;999998,00;999998,00;;;;;;;;;;;;;;;;;55,7199;0,00000;91,8633;0,01419067;0,01419067;-0,00243;3,19118;169,4965;21,834562;0,006243;24,070490;23,804654;0,0013;0,1302;7,15;714,30;0,00;0,05;4,09;;362,112;363,026;0,5579794;20,77800;0,18100;-0,00400;0,0085796;;0,40;468,00;;;
;;469;20,41900;0,41700;0,014000;96,300;99,83;-71,2999;0,000;101,088;31,600;0,000;387,950;383,050;28,80;843,283;263,196;0,000;579,600;573,300;557,500;314,250;;;;;0,00;0,00;0,00;3,00;5,57;15,029;28,761;0,57;0,57;999998,00;999998,00;999998,00;999998,00;999998,00;999998,00;999998,00;999998,00;999998,00;999998,00;999998,00;999998,00;999998,00;999998,00;999998,00;;;;;;;;;;;;;;;;;49,2056;0,00000;22,0052;0,01417033;0,01417033;-0,00165;2,78703;169,5457;21,772420;0,001505;23,915680;23,613613;0,0003;0,0311;7,15;714,33;0,00;0,04;3,62;;361,452;361,714;0,4927452;20,79700;0,16400;0,00000;0,0075977;;0,39;469,00;;;
;;470;20,45000;0,38500;-0,004000;97,750;100,07;-71,3199;0,000;101,090;31,600;0,000;386,550;381,250;28,80;842,317;263,196;0,000;577,000;573,100;557,400;314,250;;;;;0,00;0,00;0,00;3,00;5,57;15,057;28,769;0,57;0,57;999998,00;999998,00;999998,00;999998,00;999998,00;999998,00;999998,00;999998,00;999998,00;999998,00;999998,00;999998,00;999998,00;999998,00;999998,00;;;;;;;;;;;;;;;;;44,2407;20,36058;-8,5942;0,02175903;0,02175903;-0,00380;1,61562;169,5899;21,975410;-0,000899;24,051542;23,721771;-0,0002;-0,0187;7,15;714,33;0,00;0,04;3,20;;360,783;361,714;0,4430265;20,81600;0,15000;-0,01100;0,0067665;;0,37;470,00;;;
;;471;20,48900;0,36000;0,012000;100,750;99,93;-71,3401;0,000;101,090;31,500;0,000;385,250;379,650;28,80;841,717;263,196;0,000;575,600;572,900;557,200;314,250;;;;;0,00;0,00;0,00;3,00;5,57;15,072;28,767;0,57;0,57;999998,00;999998,00;999998,00;999998,00;999998,00;999998,00;999998,00;999998,00;999998,00;999998,00;999998,00;999998,00;999998,00;999998,00;999998,00;;;;;;;;;;;;;;;;;38,9284;0,00000;7,7416;0,01508586;0,01508586;-0,00248;2,00714;169,6288;22,347690;0,000554;24,376736;24,022395;0,0001;0,0117;7,15;714,34;0,00;0,03;2,83;;360,105;360,365;0,3898294;20,83300;0,13400;-0,00400;0,0058547;;0,35;471,00;;;
;;472;20,52400;0,32600;0,008000;97,225;100,08;-71,3501;0,000;101,086;31,500;0,000;384,050;378,050;28,80;841,017;263,196;0,000;573,800;572,800;557,000;314,250;;;;;0,00;0,00;0,00;3,00;5,57;15,051;28,764;0,57;0,57;999998,00;999998,00;999998,00;999998,00;999998,00;999998,00;999998,00;999998,00;999998,00;999998,00;999998,00;999998,00;999998,00;999998,00;999998,00;;;;;;;;;;;;;;;;;32,2546;0,00000;0,0000;0,00917562;0,00917562;-0,00186;2,84353;169,6611;21,987534;-0,000937;23,909173;23,535641;-0,0002;-0,0193;7,15;714,34;0,00;0,03;2,37;;359,417;360,365;0,3229972;20,85000;0,12300;-0,00100;0,0049302;;0,34;472,00;;;
;;473;20,56000;0,29900;0,009000;98,225;100,13;-71,3601;0,000;101,086;31,500;0,000;382,850;376,650;28,80;840,417;263,196;0,000;572,200;572,700;556,900;314,250;;;;;0,00;0,00;0,00;3,00;5,57;15,036;28,764;0,57;0,57;999998,00;999998,00;999998,00;999998,00;999998,00;999998,00;999998,00;999998,00;999998,00;999998,00;999998,00;999998,00;999998,00;999998,00;999998,00;;;;;;;;;;;;;;;;;28,8057;0,00000;0,0000;0,00993856;0,00993856;-0,00344;2,30211;169,6899;22,134929;-0,001464;23,994243;23,605673;-0,0003;-0,0303;7,15;714,34;0,00;0,02;2,07;;358,722;358,984;0,2884603;20,86300;0,11300;-0,00900;0,0043727;;0,33;473,00;;;
;;474;20,59700;0,27200;0,016000;99,500;100,10;-71,3700;0,000;101,084;31,500;0,000;381,750;375,350;28,80;839,850;263,196;0,000;570,900;572,500;556,700;314,250;;;;;0,00;0,00;0,00;3,00;5,57;14,996;28,743;0,57;0,57;999998,00;999998,00;999998,00;999998,00;999998,00;999998,00;999998,00;999998,00;999998,00;999998,00;999998,00;999998,00;999998,00;999998,00;999998,00;;;;;;;;;;;;;;;;;25,0041;0,00000;-21,5477;0,01077271;0,01077271;-0,00051;1,82384;169,7149;22,310200;-0,001116;24,114751;23,710470;-0,0002;-0,0232;7,15;714,34;0,00;0,02;1,87;;358,022;358,984;0,2503906;20,87200;0,10300;0,00600;0,0037668;;0,32;474,00;;;
;;475;20,63500;0,24100;0,007000;101,350;100,10;-71,3800;0,000;101,084;31,500;0,000;380,550;373,950;28,80;839,417;263,196;0,000;569,900;572,400;556,500;314,250;;;;;0,00;0,00;0,00;3,00;5,58;15,038;28,753;0,58;0,57;999998,00;999998,00;999998,00;999998,00;999998,00;999998,00;999998,00;999998,00;999998,00;999998,00;999998,00;999998,00;999998,00;999998,00;999998,00;;;;;;;;;;;;;;;;;21,8192;0,00000;0,0000;0,00501506;0,00501506;-0,00052;3,47864;169,7367;22,552124;-0,001206;24,299618;23,878182;-0,0003;-0,0252;7,15;714,34;0,00;0,02;1,64;;357,317;357,580;0,2184977;20,88200;0,09600;0,00600;0,0032516;;0,31;475,00;;;
;;476;20,66500;0,21900;0,019000;99,125;100,13;-71,3800;0,000;101,084;31,500;0,000;379,350;372,550;28,80;839,017;263,196;0,000;568,900;572,300;556,400;314,250;;;;;0,00;0,00;0,00;3,00;5,58;15,046;28,767;0,58;0,57;999998,00;999998,00;999998,00;999998,00;999998,00;999998,00;999998,00;999998,00;999998,00;999998,00;999998,00;999998,00;999998,00;999998,00;999998,00;;;;;;;;;;;;;;;;;18,3153;0,00000;0,0000;-0,00083415;-0,00083415;0,00106;-17,84823;169,7550;22,338448;-0,001418;23,993486;23,563393;-0,0003;-0,0293;7,15;714,34;0,00;0,01;1,42;;356,609;357,580;0,1834092;20,89000;0,08900;0,01400;0,0027562;;0,31;476,00;;;
;;477;20,69900;0,19800;0,015000;97,150;100,11;-71,3800;0,000;101,086;31,500;0,000;378,250;371,350;28,80;838,650;263,196;0,000;568,000;572,200;556,300;314,250;;;;;0,00;0,00;0,00;3,00;5,58;15,008;28,748;0,58;0,57;999998,00;999998,00;999998,00;999998,00;999998,00;999998,00;999998,00;999998,00;999998,00;999998,00;999998,00;999998,00;999998,00;999998,00;999998,00;;;;;;;;;;;;;;;;;16,3552;0,00000;0,0000;-0,00083415;-0,00083415;0,00066;-15,66429;169,7714;22,146922;-0,001263;23,718793;23,286117;-0,0003;-0,0258;7,15;714,34;0,00;0,01;1,26;;355,898;356,160;0,1637809;20,89600;0,08400;0,01200;0,0024824;;0,31;477,00;;;
;;478;20,72900;0,18100;0,019000;98,525;100,11;-71,3800;0,000;101,086;31,500;0,000;377,250;370,150;28,80;838,350;263,196;0,000;567,200;572,200;556,200;314,250;;;;;0,00;0,00;0,00;3,00;5,58;15,067;28,748;0,58;0,57;999998,00;999998,00;999998,00;999998,00;999998,00;999998,00;999998,00;999998,00;999998,00;999998,00;999998,00;999998,00;999998,00;999998,00;999998,00;;;;;;;;;;;;;;;;;14,3373;0,00000;0,0000;0,00583903;0,00583903;0,00067;2,08098;169,7857;22,332638;-0,001213;23,854458;23,405507;-0,0002;-0,0249;7,15;714,34;0,00;0,01;1,13;;355,185;356,160;0,1435734;20,90200;0,08100;0,01200;0,0021580;;0,31;478,00;;;
;;479;20,75600;0,16400;-0,004000;102,025;100,07;-71,3900;0,000;101,086;31,500;0,000;376,250;369,050;28,80;837,883;263,196;0,000;566,000;572,100;556,100;314,250;;;;;0,00;0,00;0,00;3,00;5,58;15,036;28,785;0,58;0,57;999998,00;999998,00;999998,00;999998,00;999998,00;999998,00;999998,00;999998,00;999998,00;999998,00;999998,00;999998,00;999998,00;999998,00;999998,00;;;;;;;;;;;;;;;;;14,5864;0,00000;0,0000;0,00583903;0,00583903;-0,00153;1,94157;169,8003;22,756029;-0,000832;24,242269;23,778364;-0,0002;-0,0173;7,15;714,34;0,00;0,01;1,07;;354,474;354,738;0,1460686;20,90500;0,07800;0,00100;0,0021538;;0,30;479,00;;;
;;480;20,77800;0,15000;0,000000;100,625;100,08;-71,3900;0,000;101,090;31,500;0,000;375,250;368,050;28,80;837,550;263,196;0,000;565,100;572,100;556,000;314,250;;;;;0,00;0,00;0,00;3,00;5,58;15,008;28,785;0,58;0,57;999998,00;999998,00;999998,00;999998,00;999998,00;999998,00;999998,00;999998,00;999998,00;999998,00;999998,00;999998,00;999998,00;999998,00;999998,00;;;;;;;;;;;;;;;;;13,0061;0,00000;0,0000;-0,00083415;-0,00083415;0,00048;-12,68529;169,8133;22,629451;-0,000922;24,043351;23,582026;-0,0002;-0,0190;7,15;714,34;0,00;0,01;1,02;;353,764;354,738;0,1302435;20,90700;0,07600;0,01100;0,0019320;;0,30;480,00;;;
;;481;20,79700;0,13400;-0,011000;102,825;100,08;-71,3900;0,000;101,082;31,500;0,000;374,250;366,850;28,80;837,783;263,196;0,000;565,900;572,100;555,900;314,250;;;;;0,00;0,00;0,00;3,00;5,58;14,987;28,759;0,58;0,57;999998,00;999998,00;999998,00;999998,00;999998,00;999998,00;999998,00;999998,00;999998,00;999998,00;999998,00;999998,00;999998,00;999998,00;999998,00;;;;;;;;;;;;;;;;;13,7498;0,00000;0,0000;0,00000000;0,00000000;-0,00335;Infinity;169,8271;22,906034;-0,000924;24,272358;23,792424;-0,0002;-0,0193;7,15;714,34;0,00;0,01;0,95;;353,057;353,322;0,1376907;20,91000;0,07400;-0,00800;0,0020161;;0,30;481,00;;;
;;482;20,81600;0,12300;-0,004000;99,375;100,07;-71,3900;0,000;101,082;31,500;0,000;373,350;366,050;28,80;837,783;263,196;0,000;566,000;572,100;555,800;314,250;;;;;0,00;0,00;0,00;3,00;5,58;15,067;28,767;0,58;0,57;999998,00;999998,00;999998,00;999998,00;999998,00;999998,00;999998,00;999998,00;999998,00;999998,00;999998,00;999998,00;999998,00;999998,00;999998,00;;;;;;;;;;;;;;;;;12,7219;0,00000;0,0000;-0,00083415;-0,00083415;-0,00271;-10,57085;169,8398;22,545607;-0,000857;23,832981;23,366982;-0,0002;-0,0175;7,15;714,34;0,00;0,01;0,89;;352,352;353,322;0,1273968;20,91200;0,07100;-0,00500;0,0018954;;0,30;482,00;;;
;;483;20,83300;0,11300;-0,001000;102,950;100,11;-71,3900;0,000;101,082;31,500;0,000;372,550;365,250;28,80;837,750;263,196;0,000;565,900;572,100;555,800;314,250;;;;;0,00;0,00;0,00;3,00;5,59;15,048;28,788;0,58;0,57;999998,00;999998,00;999998,00;999998,00;999998,00;999998,00;999998,00;999998,00;999998,00;999998,00;999998,00;999998,00;999998,00;999998,00;999998,00;;;;;;;;;;;;;;;;;12,7232;0,00000;0,0000;0,00583903;0,00583903;-0,00296;1,47850;169,8525;22,972187;-0,001208;24,231884;23,757068;-0,0003;-0,0251;7,15;714,34;0,00;0,01;0,88;;351,648;351,913;0,1274104;20,91300;0,07000;-0,00600;0,0018603;;0,30;483,00;;;
;;484;20,85000;0,10300;-0,009000;103,075;100,09;-71,4000;0,000;101,082;31,500;0,000;371,750;364,550;28,80;837,683;263,196;0,000;565,800;572,100;555,700;314,250;;;;;0,00;0,00;0,00;3,00;5,59;15,069;28,791;0,58;0,57;999998,00;999998,00;999998,00;999998,00;999998,00;999998,00;999998,00;999998,00;999998,00;999998,00;999998,00;999998,00;999998,00;999998,00;999998,00;;;;;;;;;;;;;;;;;9,6089;0,00000;0,0000;0,00583903;0,00583903;0,00089;1,36042;169,8621;23,010847;-0,001018;24,220542;23,751442;-0,0002;-0,0212;7,15;714,34;0,00;0,01;0,78;;350,945;351,913;0,0962238;20,91700;0,06800;0,01300;0,0014040;;0,29;484,00;;;
;;485;20,86300;0,09600;0,006000;100,275;100,09;-71,4000;0,000;101,084;31,500;0,000;370,850;363,650;28,80;837,683;263,196;0,000;565,700;572,200;555,700;314,250;;;;;0,00;0,00;0,00;3,00;5,59;15,048;28,788;0,58;0,57;999998,00;999998,00;999998,00;999998,00;999998,00;999998,00;999998,00;999998,00;999998,00;999998,00;999998,00;999998,00;999998,00;999998,00;999998,00;;;;;;;;;;;;;;;;;7,4664;0,00000;0,0000;-0,00166829;-0,00166829;0,00389;-4,49366;169,8696;22,723678;-0,001107;23,860370;23,397125;-0,0002;-0,0227;7,15;714,34;0,00;0,01;0,72;;350,239;350,504;0,0747688;20,91900;0,06700;0,02800;0,0011063;;0,29;485,00;;;
;;486;20,87200;0,08900;0,006000;101,975;100,11;-71,4000;0,000;101,084;31,500;0,000;370,050;362,950;28,70;837,583;263,196;0,000;565,400;572,300;555,600;314,250;;;;;0,00;0,00;0,00;3,00;5,59;15,008;28,793;0,58;0,57;999998,00;999998,00;999998,00;999998,00;999998,00;999998,00;999998,00;999998,00;999998,00;999998,00;999998,00;999998,00;999998,00;999998,00;999998,00;;;;;;;;;;;;;;;;;7,0817;0,00000;0,0000;0,00583903;0,00583903;0,00251;1,17594;169,8767;22,940247;-0,001231;24,035811;23,574646;-0,0003;-0,0254;7,15;714,34;0,00;0,01;0,65;;349,533;350,504;0,0709163;20,92200;0,06500;0,02100;0,0010389;;0,29;486,00;;;
;;487;20,88200;0,08400;0,014000;100,900;100,07;-71,4100;0,000;101,084;31,500;0,000;369,350;362,250;28,80;837,550;263,196;0,000;565,300;572,300;555,600;314,250;;;;;0,00;0,00;0,00;3,00;5,59;15,029;28,788;0,58;0,57;999998,00;999998,00;999998,00;999998,00;999998,00;999998,00;999998,00;999998,00;999998,00;999998,00;999998,00;999998,00;999998,00;999998,00;999998,00;;;;;;;;;;;;;;;;;6,9638;0,00000;0,0000;0,00583903;0,00583903;0,00290;1,11099;169,8836;22,840624;-0,000902;23,886160;23,426997;-0,0002;-0,0185;7,15;714,34;0,00;0,01;0,65;;348,830;349,094;0,0697358;20,92200;0,06400;0,02300;0,0010262;;0,28;487,00;;;
;;488;20,89000;0,08100;0,012000;96,900;100,08;-71,4100;0,000;101,092;31,500;0,000;368,550;361,550;28,80;837,483;263,196;0,000;565,100;572,300;555,600;314,250;;;;;0,00;0,00;0,00;3,00;5,59;15,040;28,785;0,58;0,58;999998,00;999998,00;999998,00;999998,00;999998,00;999998,00;999998,00;999998,00;999998,00;999998,00;999998,00;999998,00;999998,00;999998,00;999998,00;;;;;;;;;;;;;;;;;6,2804;0,00000;0,0000;-0,00083415;-0,00083415;0,00245;-7,21852;169,8899;22,407589;-0,000955;23,382547;22,938434;-0,0002;-0,0192;7,15;714,34;0,00;0,01;0,59;;348,129;349,094;0,0628921;20,92400;0,06300;0,02100;0,0009434;;0,28;488,00;;;
;;489;20,89600;0,07800;0,012000;101,000;100,07;-71,4100;0,000;101,098;31,500;0,000;367,950;361,050;28,80;837,550;263,196;0,000;565,100;572,500;555,600;314,250;;;;;0,00;0,00;0,00;3,00;5,59;15,009;28,788;0,58;0,58;999998,00;999998,00;999998,00;999998,00;999998,00;999998,00;999998,00;999998,00;999998,00;999998,00;999998,00;999998,00;999998,00;999998,00;999998,00;;;;;;;;;;;;;;;;;6,6352;0,00000;0,0000;0,00000000;0,00000000;0,00008;Infinity;169,8965;22,895373;-0,000886;23,852659;23,405361;-0,0002;-0,0182;7,15;714,34;0,00;0,01;0,55;;347,430;347,694;0,0664452;20,92600;0,06300;0,00900;0,0009744;;0,28;489,00;;;
;;490;20,90200;0,07600;0,001000;98,300;100,06;-71,4100;0,000;101,098;31,500;0,000;367,350;360,550;28,80;837,617;263,196;0,000;565,300;572,500;555,600;314,250;;;;;0,00;0,00;0,00;3,00;5,59;15,019;28,791;0,58;0,58;999998,00;999998,00;999998,00;999998,00;999998,00;999998,00;999998,00;999998,00;999998,00;999998,00;999998,00;999998,00;999998,00;999998,00;999998,00;;;;;;;;;;;;;;;;;6,9790;0,00000;0,0000;0,00000000;0,00000000;-0,00072;Infinity;169,9035;22,605712;-0,000731;23,512483;23,077245;-0,0001;-0,0148;7,15;714,34;0,00;0,01;0,54;;346,735;347,694;0,0698875;20,92600;0,06200;0,00500;0,0010376;;0,28;490,00;;;
;;491;20,90500;0,07400;0,011000;102,000;100,09;-71,4100;0,000;101,094;31,500;0,000;366,650;359,950;28,80;837,683;263,196;0,000;565,400;572,600;555,600;314,250;;;;;0,00;0,00;0,00;3,00;5,60;15,030;28,767;0,58;0,58;999998,00;999998,00;999998,00;999998,00;999998,00;999998,00;999998,00;999998,00;999998,00;999998,00;999998,00;999998,00;999998,00;999998,00;999998,00;;;;;;;;;;;;;;;;;7,8132;0,00000;0,0000;0,00000000;0,00000000;-0,00195;Infinity;169,9113;23,049191;-0,001061;23,928069;23,490818;-0,0002;-0,0218;7,15;714,34;0,00;0,01;0,55;;346,044;346,307;0,0782419;20,92600;0,06000;-0,00100;0,0011387;;0,28;491,00;;;
;;492;20,90700;0,07100;-0,008000;102,700;100,08;-71,4100;0,000;101,100;31,500;0,000;366,050;359,450;28,80;837,750;263,196;0,000;565,400;572,800;555,600;314,250;;;;;0,00;0,00;0,00;3,00;5,60;15,059;28,796;0,58;0,58;999998,00;999998,00;999998,00;999998,00;999998,00;999998,00;999998,00;999998,00;999998,00;999998,00;999998,00;999998,00;999998,00;999998,00;999998,00;;;;;;;;;;;;;;;;;6,7058;0,00000;0,0000;0,00000000;0,00000000;0,00090;Infinity;169,9180;23,147093;-0,000974;23,990380;23,557826;-0,0002;-0,0201;7,15;714,34;0,00;0,00;0,55;;345,355;346,307;0,0671521;20,92600;0,05900;0,01300;0,0009744;;0,28;492,00;;;
;;493;20,91000;0,07000;-0,005000;103,450;100,15;-71,4100;0,000;101,100;31,500;0,000;365,450;358,850;28,80;837,850;263,196;0,000;565,600;572,900;555,600;314,350;;;;;0,00;0,00;0,00;3,00;5,60;15,029;28,791;0,58;0,58;999998,00;999998,00;999998,00;999998,00;999998,00;999998,00;999998,00;999998,00;999998,00;999998,00;999998,00;999998,00;999998,00;999998,00;999998,00;;;;;;;;;;;;;;;;;7,3315;0,00000;0,0000;0,00000000;0,00000000;-0,00320;Infinity;169,9254;23,250522;-0,001669;24,058079;23,623592;-0,0003;-0,0345;7,15;714,34;0,00;0,00;0,48;;344,669;344,933;0,0734181;20,92900;0,05800;-0,00700;0,0010588;;0,28;493,00;;;
;;494;20,91200;0,06800;-0,006000;103,225;100,12;-71,4100;0,000;101,104;31,500;0,000;364,750;358,350;28,80;837,917;263,196;0,000;565,800;572,900;555,600;314,250;;;;;0,00;0,00;0,00;3,00;5,60;15,040;28,796;0,58;0,58;999998,00;999998,00;999998,00;999998,00;999998,00;999998,00;999998,00;999998,00;999998,00;999998,00;999998,00;999998,00;999998,00;999998,00;999998,00;;;;;;;;;;;;;;;;;4,5557;0,00000;0,0000;0,00000000;0,00000000;0,00172;Infinity;169,9299;23,247498;-0,001390;24,008874;23,587608;-0,0003;-0,0287;7,15;714,34;0,00;0,00;0,43;;343,983;344,933;0,0456205;20,93100;0,05600;0,01700;0,0006598;;0,28;494,00;;;
;;495;20,91300;0,06700;0,013000;103,425;100,13;-71,4100;0,000;101,096;31,500;0,000;364,250;357,850;28,80;837,983;263,196;0,000;565,800;573,100;555,600;314,250;;;;;0,00;0,00;0,00;3,00;5,60;14,977;28,796;0,58;0,58;999998,00;999998,00;999998,00;999998,00;999998,00;999998,00;999998,00;999998,00;999998,00;999998,00;999998,00;999998,00;999998,00;999998,00;999998,00;;;;;;;;;;;;;;;;;4,5205;0,00000;0,0000;0,00000000;0,00000000;-0,00012;Infinity;169,9345;23,285974;-0,001410;24,015644;23,593681;-0,0003;-0,0291;7,15;714,34;0,00;0,00;0,38;;343,297;343,563;0,0452681;20,93300;0,05600;0,00800;0,0006528;;0,28;495,00;;;
;;496;20,91700;0,06500;0,028000;101,675;100,15;-71,4100;0,000;101,096;31,500;0,000;363,550;357,250;28,70;837,783;263,196;0,000;565,100;573,200;555,600;314,250;;;;;0,00;0,00;0,00;3,00;5,60;15,015;28,788;0,58;0,58;999998,00;999998,00;999998,00;999998,00;999998,00;999998,00;999998,00;999998,00;999998,00;999998,00;999998,00;999998,00;999998,00;999998,00;999998,00;;;;;;;;;;;;;;;;;3,7199;0,00000;0,0000;0,00083415;0,00083415;0,00090;4,05435;169,9382;23,110347;-0,001620;23,788709;23,376472;-0,0003;-0,0332;7,15;714,34;0,00;0,00;0,35;;342,614;343,563;0,0372512;20,93400;0,05500;0,01300;0,0005418;;0,28;496,00;;;
;;497;20,91900;0,06400;0,021000;106,350;100,18;-71,4100;0,000;101,088;31,500;0,000;363,050;356,750;28,80;837,850;263,196;0,000;565,000;573,400;555,700;314,250;;;;;0,00;0,00;0,00;3,00;5,60;15,048;28,796;0,58;0,58;999998,00;999998,00;999998,00;999998,00;999998,00;999998,00;999998,00;999998,00;999998,00;999998,00;999998,00;999998,00;999998,00;999998,00;999998,00;;;;;;;;;;;;;;;;;3,8962;0,00000;0,0000;-0,00667318;-0,00667318;0,00092;-0,46445;169,9421;23,651950;-0,001986;24,312727;23,890828;-0,0004;-0,0416;7,15;714,34;0,00;0,00;0,36;;341,932;342,198;0,0390162;20,93400;0,05400;0,01300;0,0005545;;0,28;497,00;;;
;;498;20,92200;0,06300;0,023000;104,700;100,15;-71,4000;0,000;101,096;31,500;0,000;362,550;356,450;28,70;837,850;263,196;0,000;564,900;573,500;555,700;314,350;;;;;0,00;0,00;0,00;3,00;5,60;15,029;28,791;0,58;0,58;999998,00;999998,00;999998,00;999998,00;999998,00;999998,00;999998,00;999998,00;999998,00;999998,00;999998,00;999998,00;999998,00;999998,00;999998,00;;;;;;;;;;;;;;;;;1,5984;0,00000;0,0000;0,00000000;0,00000000;0,00443;Infinity;169,9437;23,483932;-0,001657;24,106769;23,701166;-0,0003;-0,0344;7,15;714,34;0,00;0,00;0,30;;341,251;342,198;0,0160064;20,93600;0,05300;0,03000;0,0002312;;0,29;498,00;;;
;;499;20,92200;0,06300;0,021000;103,125;100,15;-71,4100;0,000;101,096;31,500;0,000;362,050;356,150;28,70;837,983;263,196;0,000;565,000;573,700;555,800;314,350;;;;;0,00;0,00;0,00;3,00;5,61;15,032;28,796;0,58;0,58;999998,00;999998,00;999998,00;999998,00;999998,00;999998,00;999998,00;999998,00;999998,00;999998,00;999998,00;999998,00;999998,00;999998,00;999998,00;;;;;;;;;;;;;;;;;2,5829;0,00000;0,0000;0,00667318;0,00667318;0,00132;0,35106;169,9463;23,322717;-0,001622;23,908260;23,518649;-0,0003;-0,0334;7,15;714,34;0,00;0,00;0,28;;340,571;340,839;0,0258648;20,93700;0,05200;0,01500;0,0003733;;0,28;499,00;;;
;;500;20,92400;0,06200;0,009000;102,675;100,24;-71,4100;0,000;101,098;31,500;0,000;361,650;355,950;28,70;838,383;263,196;0,000;566,100;573,800;555,800;314,350;;;;;0,00;0,00;0,00;3,00;5,61;15,059;28,812;0,58;0,58;999998,00;999998,00;999998,00;999998,00;999998,00;999998,00;999998,00;999998,00;999998,00;999998,00;999998,00;999998,00;999998,00;999998,00;999998,00;;;;;;;;;;;;;;;;;3,1307;0,00000;0,0000;-0,00083415;-0,00083415;-0,00074;-2,37693;169,9494;23,284642;-0,002542;23,842857;23,467068;-0,0005;-0,0522;7,15;714,34;0,00;0,00;0,25;;339,896;340,839;0,0313504;20,93800;0,05100;0,00500;0,0004521;;0,28;500,00;;;
;;501;20,92600;0,06000;0,005000;99,325;100,20;-71,4100;0,000;101,090;31,500;0,000;361,250;355,650;28,70;838,550;263,196;0,000;566,500;573,900;555,800;314,350;;;;;0,00;0,00;0,00;3,00;5,61;15,029;28,785;0,58;0,58;999998,00;999998,00;999998,00;999998,00;999998,00;999998,00;999998,00;999998,00;999998,00;999998,00;999998,00;999998,00;999998,00;999998,00;999998,00;;;;;;;;;;;;;;;;;3,4278;0,00000;0,0000;0,00000000;0,00000000;-0,00133;Infinity;169,9528;22,914310;-0,002142;23,437696;23,074371;-0,0004;-0,0433;7,15;714,34;0,00;0,00;0,25;;339,224;339,491;0,0343258;20,93800;0,05000;0,00200;0,0005027;;0,28;501,00;;;
;;502;20,92600;0,05900;-0,001000;102,950;100,19;-71,4100;0,000;101,086;31,500;0,000;360,850;355,450;28,70;838,783;263,196;0,000;566,800;574,200;555,900;314,350;;;;;0,00;0,00;0,00;3,00;5,61;15,009;28,815;0,58;0,58;999998,00;999998,00;999998,00;999998,00;999998,00;999998,00;999998,00;999998,00;999998,00;999998,00;999998,00;999998,00;999998,00;999998,00;999998,00;;;;;;;;;;;;;;;;;2,7411;0,00000;0,0000;0,00000000;0,00000000;-0,00156;Infinity;169,9556;23,341635;-0,002089;23,848345;23,491463;-0,0004;-0,0430;7,15;714,34;0,00;0,00;0,20;;338,554;339,491;0,0274489;20,94000;0,05000;0,00100;0,0003946;;0,28;502,00;;;
;;503;20,92600;0,05800;0,013000;103,375;100,22;-71,4100;0,000;101,080;31,500;0,000;360,450;355,150;28,70;838,417;263,196;0,000;565,500;574,300;556,000;314,350;;;;;0,00;0,00;0,00;3,00;5,61;15,025;28,799;0,58;0,58;999998,00;999998,00;999998,00;999998,00;999998,00;999998,00;999998,00;999998,00;999998,00;999998,00;999998,00;999998,00;999998,00;999998,00;999998,00;;;;;;;;;;;;;;;;;2,9027;0,00000;0,0000;0,00000000;0,00000000;-0,00095;Infinity;169,9585;23,402738;-0,002348;23,884271;23,533080;-0,0005;-0,0484;7,15;714,34;0,00;0,00;0,22;;337,887;338,153;0,0290678;20,93900;0,05000;0,00400;0,0004170;;0,28;503,00;;;
;;504;20,92600;0,05600;-0,007000;103,825;100,23;-71,4100;0,000;101,080;31,500;0,000;360,150;354,950;28,70;838,617;263,196;0,000;565,800;574,500;556,100;314,350;;;;;0,00;0,00;0,00;3,00;5,61;15,032;28,807;0,58;0,58;999998,00;999998,00;999998,00;999998,00;999998,00;999998,00;999998,00;999998,00;999998,00;999998,00;999998,00;999998,00;999998,00;999998,00;999998,00;;;;;;;;;;;;;;;;;1,3079;0,00000;0,0000;-0,00083415;-0,00083415;0,00298;-1,53462;169,9598;23,463387;-0,002485;23,926236;23,580779;-0,0005;-0,0513;7,15;714,34;0,00;0,00;0,23;;337,220;338,153;0,0130975;20,93900;0,04900;0,02300;0,0001892;;0,28;504,00;;;
;;505;20,92900;0,05600;0,017000;100,025;100,27;-71,4100;0,000;101,088;31,500;0,000;359,750;354,750;28,70;838,883;263,196;0,000;566,400;574,700;556,100;314,350;;;;;0,00;0,00;0,00;3,00;5,61;15,040;28,804;0,58;0,58;999998,00;999998,00;999998,00;999998,00;999998,00;999998,00;999998,00;999998,00;999998,00;999998,00;999998,00;999998,00;999998,00;999998,00;999998,00;;;;;;;;;;;;;;;;;2,5080;0,00000;0,0000;0,00583903;0,00583903;0,00008;0,21530;169,9623;23,042804;-0,002865;23,471259;23,145043;-0,0006;-0,0581;7,15;714,34;0,00;0,00;0,22;;336,556;336,825;0,0251151;20,93900;0,04900;0,00900;0,0003664;;0,28;505,00;;;
;;506;20,93100;0,05500;0,008000;106,025;100,30;-71,4200;0,000;101,086;31,500;0,000;359,350;354,550;28,70;839,183;263,196;0,000;567,100;574,800;556,200;314,350;;;;;0,00;0,00;0,00;3,00;5,61;15,019;28,793;0,58;0,58;999998,00;999998,00;999998,00;999998,00;999998,00;999998,00;999998,00;999998,00;999998,00;999998,00;999998,00;999998,00;999998,00;999998,00;999998,00;;;;;;;;;;;;;;;;;1,7073;0,00000;0,0000;0,00667318;0,00667318;0,00092;0,24848;169,9640;23,737050;-0,003140;24,151531;23,828928;-0,0007;-0,0655;7,15;714,34;0,00;0,00;0,20;;335,896;336,825;0,0170969;20,94000;0,05000;0,01300;0,0002427;;0,27;506,00;;;
;;507;20,93300;0,05400;0,013000;101,800;100,28;-71,4200;0,000;101,090;31,400;0,000;359,050;354,250;28,70;839,450;263,196;0,000;567,600;575,100;556,200;314,350;;;;;0,00;0,00;0,00;3,00;5,62;15,019;28,815;0,58;0,58;999998,00;999998,00;999998,00;999998,00;999998,00;999998,00;999998,00;999998,00;999998,00;999998,00;999998,00;999998,00;999998,00;999998,00;999998,00;;;;;;;;;;;;;;;;;2,0260;0,00000;0,0000;-0,00667318;-0,00667318;0,00029;-0,19024;169,9660;23,269008;-0,002963;23,655551;23,339309;-0,0006;-0,0606;7,15;714,34;0,00;0,00;0,20;;335,237;335,505;0,0202888;20,94000;0,04900;0,01000;0,0002933;;0,27;507,00;;;
;;508;20,93400;0,05300;0,013000;103,900;100,29;-71,4100;0,000;101,090;31,400;0,000;358,650;354,050;28,70;839,583;263,196;0,000;567,800;575,200;556,300;314,450;;;;;0,00;0,00;0,00;3,00;5,62;15,004;28,817;0,58;0,57;999998,00;999998,00;999998,00;999998,00;999998,00;999998,00;999998,00;999998,00;999998,00;999998,00;999998,00;999998,00;999998,00;999998,00;999998,00;;;;;;;;;;;;;;;;;2,4048;0,00000;0,0000;-0,00583903;-0,00583903;-0,00054;-0,21977;169,9684;23,520892;-0,003030;23,884980;23,578635;-0,0006;-0,0626;7,15;714,34;0,00;0,00;0,20;;334,581;335,505;0,0240813;20,94000;0,04900;0,00600;0,0003440;;0,28;508,00;;;
;;509;20,93400;0,05200;0,030000;105,775;100,30;-71,4100;0,000;101,090;31,400;0,000;358,350;353,750;28,70;839,717;263,196;0,000;567,900;575,400;556,400;314,350;;;;;0,00;0,00;0,00;3,00;5,62;15,048;28,804;0,58;0,57;999998,00;999998,00;999998,00;999998,00;999998,00;999998,00;999998,00;999998,00;999998,00;999998,00;999998,00;999998,00;999998,00;999998,00;999998,00;;;;;;;;;;;;;;;;;2,1806;0,00000;0,0000;0,00083415;0,00083415;-0,00096;1,55284;169,9706;23,742107;-0,003166;24,089453;23,780226;-0,0007;-0,0660;7,15;714,34;0,00;0,00;0,18;;333,928;334,195;0,0218368;20,94100;0,04900;0,00400;0,0003089;;0,28;509,00;;;
;;510;20,93600;0,05100;0,015000;105,825;100,37;-71,4100;0,000;101,086;31,400;0,000;358,050;353,650;28,70;839,917;263,190;0,000;568,200;575,600;556,500;314,350;;;;;0,00;0,00;0,00;3,00;5,62;15,038;28,801;0,58;0,57;999998,00;999998,00;999998,00;999998,00;999998,00;999998,00;999998,00;999998,00;999998,00;999998,00;999998,00;999998,00;999998,00;999998,00;999998,00;;;;;;;;;;;;;;;;;2,8126;0,00000;0,0000;0,00000000;0,00000000;-0,00243;Infinity;169,9734;23,757664;-0,003825;24,085057;23,789081;-0,0008;-0,0797;7,15;714,34;0,00;0,00;0,18;;333,278;334,195;0,0281657;20,94100;0,04900;-0,00300;0,0003974;;0,28;510,00;;;
;;511;20,93700;0,05000;0,005000;106,050;100,35;-71,4100;0,000;101,088;31,400;0,000;357,750;353,350;28,70;840,150;263,196;0,000;568,600;575,800;556,600;314,350;;;;;0,00;0,00;0,00;3,00;5,62;15,061;28,836;0,57;0,57;999998,00;999998,00;999998,00;999998,00;999998,00;999998,00;999998,00;999998,00;999998,00;999998,00;999998,00;999998,00;999998,00;999998,00;999998,00;;;;;;;;;;;;;;;;;3,1770;0,00000;0,0000;0,00000000;0,00000000;-0,00306;Infinity;169,9766;23,792876;-0,003613;24,100544;23,804130;-0,0008;-0,0753;7,15;714,34;0,00;0,00;0,18;;332,632;332,897;0,0318145;20,94100;0,04800;-0,00600;0,0004480;;0,28;511,00;;;
;;512;20,93800;0,05000;0,002000;105,650;100,36;-71,4100;0,000;101,080;31,400;0,000;357,450;353,150;28,70;839,983;263,190;0,000;568,000;575,900;556,600;314,350;;;;;0,00;0,00;0,00;3,00;5,62;15,011;28,812;0,57;0,57;999998,00;999998,00;999998,00;999998,00;999998,00;999998,00;999998,00;999998,00;999998,00;999998,00;999998,00;999998,00;999998,00;999998,00;999998,00;;;;;;;;;;;;;;;;;3,4192;0,00000;0,0000;0,00000000;0,00000000;-0,00264;Infinity;169,9800;23,757927;-0,003732;24,044963;23,755710;-0,0008;-0,0777;7,15;714,34;0,00;0,00;0,20;;331,989;332,897;0,0342401;20,94000;0,04800;-0,00400;0,0004831;;0,28;512,00;;;
;;513;20,93800;0,05000;0,001000;107,000;100,32;-71,4100;0,000;101,076;31,400;0,000;357,150;353,050;28,70;840,150;263,190;0,000;568,200;576,100;556,700;314,350;;;;;0,00;0,00;0,00;3,00;5,62;14,996;28,823;0,57;0,57;999998,00;999998,00;999998,00;999998,00;999998,00;999998,00;999998,00;999998,00;999998,00;999998,00;999998,00;999998,00;999998,00;999998,00;999998,00;;;;;;;;;;;;;;;;;2,8305;0,00000;0,0000;0,00000000;0,00000000;-0,00203;Infinity;169,9828;23,919274;-0,003308;24,187942;23,910270;-0,0007;-0,0693;7,15;714,34;0,00;0,00;0,18;;331,348;331,611;0,0283450;20,94100;0,04700;-0,00100;0,0003974;;0,28;513,00;;;
;;514;20,94000;0,04900;0,004000;104,850;100,37;-71,4100;0,000;101,080;31,400;0,000;356,850;352,850;28,70;840,383;263,190;0,000;568,600;576,300;556,800;314,450;;;;;0,00;0,00;0,00;3,00;5,62;15,042;28,812;0,57;0,57;999998,00;999998,00;999998,00;999998,00;999998,00;999998,00;999998,00;999998,00;999998,00;999998,00;999998,00;999998,00;999998,00;999998,00;999998,00;;;;;;;;;;;;;;;;;1,1436;0,00000;0,0000;0,00000000;0,00000000;-0,00033;Infinity;169,9840;23,687695;-0,003812;23,933641;23,665364;-0,0008;-0,0790;7,15;714,34;0,00;0,00;0,12;;330,707;331,611;0,0114523;20,94300;0,04800;0,00700;0,0001628;;0,28;514,00;;;
;;515;20,93900;0,04900;0,023000;106,100;100,36;-71,4100;0,000;101,080;31,300;0,000;356,650;352,750;28,70;840,383;263,190;0,000;568,500;576,400;556,800;314,350;;;;;0,00;0,00;0,00;3,00;5,63;14,988;28,801;0,57;0,57;999998,00;999998,00;999998,00;999998,00;999998,00;999998,00;999998,00;999998,00;999998,00;999998,00;999998,00;999998,00;999998,00;999998,00;999998,00;;;;;;;;;;;;;;;;;0,8795;0,00000;0,0000;0,00000000;0,00000000;0,00029;Infinity;169,9849;23,835157;-0,003738;24,069137;23,805939;-0,0008;-0,0780;7,15;714,34;0,00;0,00;0,12;;330,067;330,331;0,0088075;20,94300;0,04800;0,01000;0,0001248;;0,28;515,00;;;
;;516;20,93900;0,05000;0,009000;100,475;100,34;-71,4100;0,000;101,084;31,300;0,000;356,350;352,550;28,70;840,550;263,190;0,000;568,700;576,600;556,900;314,350;;;;;0,00;0,00;0,00;3,00;5,63;14,988;28,804;0,57;0,57;999998,00;999998,00;999998,00;999998,00;999998,00;999998,00;999998,00;999998,00;999998,00;999998,00;999998,00;999998,00;999998,00;999998,00;999998,00;;;;;;;;;;;;;;;;;0,8985;0,00000;0,0000;0,00000000;0,00000000;0,00213;Infinity;169,9857;23,204491;-0,003524;23,412570;23,162906;-0,0007;-0,0715;7,15;714,34;0,00;0,00;0,17;;329,429;330,331;0,0089976;20,94100;0,04800;0,01900;0,0001317;;0,28;516,00;;;
;;517;20,93900;0,04900;0,013000;101,525;100,36;-71,4100;0,000;101,084;31,300;0,000;356,150;352,450;28,70;840,683;263,190;0,000;568,800;576,800;557,000;314,450;;;;;0,00;0,00;0,00;3,00;5,63;15,002;28,801;0,57;0,57;999998,00;999998,00;999998,00;999998,00;999998,00;999998,00;999998,00;999998,00;999998,00;999998,00;999998,00;999998,00;999998,00;999998,00;999998,00;;;;;;;;;;;;;;;;;0,6379;0,00000;0,0000;0,00000000;0,00000000;0,00276;Infinity;169,9864;23,331973;-0,003766;23,527982;23,283553;-0,0008;-0,0768;7,15;714,34;0,00;0,00;0,17;;328,793;329,056;0,0063879;20,94100;0,04800;0,02200;0,0000937;;0,28;517,00;;;
;;518;20,94000;0,04900;0,010000;106,775;100,37;-71,4100;0,000;101,084;31,300;0,000;355,950;352,250;28,70;840,883;263,190;0,000;569,200;576,900;557,100;314,450;;;;;0,00;0,00;0,00;3,00;5,63;15,025;28,817;0,57;0,57;999998,00;999998,00;999998,00;999998,00;999998,00;999998,00;999998,00;999998,00;999998,00;999998,00;999998,00;999998,00;999998,00;999998,00;999998,00;;;;;;;;;;;;;;;;;0,6786;0,00000;0,0000;-0,00083415;-0,00083415;0,00156;-1,56540;169,9871;23,934355;-0,003815;24,121872;23,871131;-0,0008;-0,0798;7,15;714,34;0,00;0,00;0,15;;328,160;329,056;0,0067954;20,94200;0,04900;0,01600;0,0000966;;0,28;518,00;;;
;;519;20,94000;0,04900;0,006000;107,075;100,37;-71,4100;0,000;101,086;31,300;0,000;355,650;352,050;28,70;841,083;263,190;0,000;569,500;577,100;557,200;314,450;;;;;0,00;0,00;0,00;3,00;5,63;14,994;28,801;0,57;0,57;999998,00;999998,00;999998,00;999998,00;999998,00;999998,00;999998,00;999998,00;999998,00;999998,00;999998,00;999998,00;999998,00;999998,00;999998,00;;;;;;;;;;;;;;;;;2,6563;0,00000;0,0000;0,00583903;0,00583903;-0,00182;0,16122;169,9897;23,978062;-0,003828;24,145553;23,901145;-0,0008;-0,0802;7,15;714,34;0,00;0,00;0,18;;327,531;327,794;0,0266001;20,94100;0,04800;0,00000;0,0003721;;0,28;519,00;;;
;;520;20,94000;0,04900;0,004000;107,800;100,39;-71,4200;0,000;101,086;31,300;0,000;355,350;351,850;28,70;841,150;263,190;0,000;569,600;577,200;557,200;314,450;;;;;0,00;0,00;0,00;3,00;5,63;15,011;28,817;0,57;0,57;999998,00;999998,00;999998,00;999998,00;999998,00;999998,00;999998,00;999998,00;999998,00;999998,00;999998,00;999998,00;999998,00;999998,00;999998,00;;;;;;;;;;;;;;;;;4,2181;0,00000;0,0000;0,00667318;0,00667318;-0,00565;0,19678;169,9939;24,069256;-0,004036;24,216939;23,978415;-0,0008;-0,0848;7,15;714,34;-0,01;0,00;0,18;;326,907;327,794;0,0422396;20,94100;0,04900;-0,01800;0,0005872;;0,27;520,00;;;
;;521;20,94100;0,04800;-0,003000;102,225;100,41;-71,4200;0,000;101,084;31,300;0,000;355,150;351,650;28,70;841,450;263,190;0,000;570,200;577,400;557,300;314,450;;;;;0,00;0,00;0,00;3,00;5,63;15,004;28,839;0,57;0,57;999998,00;999998,00;999998,00;999998,00;999998,00;999998,00;999998,00;999998,00;999998,00;999998,00;999998,00;999998,00;999998,00;999998,00;999998,00;;;;;;;;;;;;;;;;;3,4401;0,00000;0,0000;-0,00667318;-0,00667318;-0,00178;-0,13793;169,9974;23,445208;-0,004209;23,575786;23,343446;-0,0009;-0,0861;7,15;714,34;0,00;0,00;0,23;;326,287;326,547;0,0344492;20,93900;0,04800;0,00000;0,0004929;;0,27;521,00;;;
;;522;20,94100;0,04800;-0,006000;108,375;100,38;-71,4100;0,000;101,084;31,300;0,000;354,850;351,450;28,70;841,650;263,190;0,000;570,500;577,600;557,400;314,450;;;;;0,00;0,00;0,00;3,00;5,63;15,009;28,841;0,57;0,56;999998,00;999998,00;999998,00;999998,00;999998,00;999998,00;999998,00;999998,00;999998,00;999998,00;999998,00;999998,00;999998,00;999998,00;999998,00;;;;;;;;;;;;;;;;;2,9501;0,00000;0,0000;-0,00583903;-0,00583903;-0,00247;-0,16238;170,0003;24,150360;-0,003994;24,264351;24,031862;-0,0008;-0,0841;7,15;714,34;0,00;0,00;0,18;;325,668;326,547;0,0295419;20,94100;0,04800;-0,00300;0,0004101;;0,28;522,00;;;
;;523;20,94100;0,04700;-0,004000;106,100;100,37;-71,4100;0,000;101,084;31,300;0,000;354,650;351,250;28,70;841,783;263,190;0,000;570,700;577,700;557,500;314,450;;;;;0,00;0,00;0,00;3,00;5,64;15,042;28,831;0,57;0,56;999998,00;999998,00;999998,00;999998,00;999998,00;999998,00;999998,00;999998,00;999998,00;999998,00;999998,00;999998,00;999998,00;999998,00;999998,00;;;;;;;;;;;;;;;;;2,1047;0,00000;0,0000;0,00083415;0,00083415;-0,00076;1,56330;170,0024;23,902270;-0,003813;24,001556;23,771455;-0,0008;-0,0794;7,15;714,34;0,00;0,00;0,18;;325,050;325,309;0,0210764;20,94100;0,04900;0,00500;0,0002962;;0,28;523,00;;;
;;524;20,94000;0,04800;-0,001000;105,775;100,38;-71,4100;0,000;101,086;31,400;0,000;354,450;351,150;28,70;841,883;263,190;0,000;570,700;577,900;557,600;314,450;;;;;0,00;0,00;0,00;3,00;5,64;15,002;28,828;0,56;0,56;999998,00;999998,00;999998,00;999998,00;999998,00;999998,00;999998,00;999998,00;999998,00;999998,00;999998,00;999998,00;999998,00;999998,00;999998,00;;;;;;;;;;;;;;;;;2,3730;0,00000;0,0000;0,00000000;0,00000000;-0,00118;Infinity;170,0048;23,872366;-0,003952;23,958009;23,734955;-0,0008;-0,0822;7,15;714,34;0,00;0,00;0,18;;324,434;325,309;0,0237635;20,94100;0,04800;0,00300;0,0003342;;0,28;524,00;;;
;;525;20,94100;0,04800;0,007000;107,850;100,37;-71,4100;0,000;101,086;31,400;0,000;354,150;350,850;28,70;841,983;263,190;0,000;570,900;578,000;557,600;314,350;;;;;0,00;0,00;0,00;3,00;5,64;14,987;28,804;0,56;0,56;999998,00;999998,00;999998,00;999998,00;999998,00;999998,00;999998,00;999998,00;999998,00;999998,00;999998,00;999998,00;999998,00;999998,00;999998,00;;;;;;;;;;;;;;;;;1,8479;0,00000;0,0000;0,00000000;0,00000000;0,00030;Infinity;170,0067;24,115589;-0,003842;24,181620;23,956294;-0,0008;-0,0806;7,15;714,34;0,00;0,00;0,18;;323,820;324,078;0,0185047;20,94100;0,04700;0,01000;0,0002583;;0,28;525,00;;;
;;526;20,94300;0,04800;0,010000;105,700;100,35;-71,4100;0,000;101,086;31,400;0,000;353,950;350,650;28,70;842,117;263,190;0,000;571,000;578,200;557,700;314,350;;;;;0,00;0,00;0,00;3,00;5,64;14,981;28,815;0,56;0,56;999998,00;999998,00;999998,00;999998,00;999998,00;999998,00;999998,00;999998,00;999998,00;999998,00;999998,00;999998,00;999998,00;999998,00;999998,00;;;;;;;;;;;;;;;;;1,6494;0,00000;0,0000;0,00000000;0,00000000;0,00051;Infinity;170,0083;23,880750;-0,003679;23,932615;23,709483;-0,0008;-0,0764;7,15;714,34;0,00;0,00;0,18;;323,208;324,078;0,0165167;20,94100;0,04800;0,01100;0,0002330;;0,28;526,00;;;
;;527;20,94300;0,04800;0,019000;108,050;100,36;-71,4100;0,000;101,090;31,400;0,000;353,750;350,550;28,70;842,183;263,190;0,000;571,000;578,300;557,800;314,450;;;;;0,00;0,00;0,00;3,00;5,64;14,990;28,820;0,56;0,56;999998,00;999998,00;999998,00;999998,00;999998,00;999998,00;999998,00;999998,00;999998,00;999998,00;999998,00;999998,00;999998,00;999998,00;999998,00;;;;;;;;;;;;;;;;;0,5925;0,00000;0,0000;0,00000000;0,00000000;0,00200;Infinity;170,0089;24,151583;-0,003801;24,190360;23,971536;-0,0008;-0,0798;7,15;714,34;0,00;0,00;0,15;;322,597;322,852;0,0059334;20,94200;0,04800;0,01800;0,0000840;;0,28;527,00;;;
;;528;20,94100;0,04900;0,022000;108,900;100,33;-71,4100;0,000;101,090;31,400;0,000;353,450;350,250;28,70;842,217;263,190;0,000;570,900;578,500;557,800;314,450;;;;;0,00;0,00;0,00;3,00;5,64;15,042;28,828;0,56;0,56;999998,00;999998,00;999998,00;999998,00;999998,00;999998,00;999998,00;999998,00;999998,00;999998,00;999998,00;999998,00;999998,00;999998,00;999998,00;;;;;;;;;;;;;;;;;0,4104;0,00000;0,0000;0,00000000;0,00000000;0,00265;Infinity;170,0093;24,256682;-0,003426;24,275023;24,055246;-0,0007;-0,0722;7,15;714,34;0,00;0,00;0,15;;321,987;322,852;0,0041099;20,94200;0,04700;0,02100;0,0000586;;0,28;528,00;;;
;;529;20,94100;0,04800;0,016000;105,425;100,37;-71,4100;0,000;101,082;31,400;0,000;353,150;349,950;28,70;842,283;263,190;0,000;570,900;578,600;557,900;314,450;;;;;0,00;0,00;0,00;3,00;5,64;15,004;28,831;0,56;0,56;999998,00;999998,00;999998,00;999998,00;999998,00;999998,00;999998,00;999998,00;999998,00;999998,00;999998,00;999998,00;999998,00;999998,00;999998,00;;;;;;;;;;;;;;;;;2,1018;0,00000;0,0000;0,00000000;0,00000000;-0,00055;Infinity;170,0114;23,876664;-0,003852;23,874436;23,658103;-0,0008;-0,0798;7,15;714,34;0,00;0,00;0,18;;321,381;321,637;0,0210477;20,94100;0,04800;0,00600;0,0002962;;0,28;529,00;;;
;;530;20,94200;0,04900;0,000000;102,825;100,39;-71,4100;0,000;101,082;31,400;0,000;352,950;349,850;28,70;842,450;263,190;0,000;571,200;578,700;558,000;314,450;;;;;0,00;0,00;0,00;3,00;5,64;15,038;28,823;0,56;0,56;999998,00;999998,00;999998,00;999998,00;999998,00;999998,00;999998,00;999998,00;999998,00;999998,00;999998,00;999998,00;999998,00;999998,00;999998,00;;;;;;;;;;;;;;;;;2,9038;0,00000;0,0000;0,00083415;0,00083415;-0,00325;0,67762;170,0143;23,587081;-0,004030;23,571524;23,364492;-0,0008;-0,0825;7,15;714,34;0,00;0,00;0,15;;320,779;321,637;0,0290787;20,94200;0,04700;-0,00700;0,0004130;;0,28;530,00;;;
;;531;20,94100;0,04800;-0,018000;108,325;100,35;-71,4100;0,000;101,082;31,400;0,000;352,850;349,750;28,70;842,417;263,190;0,000;571,000;578,800;558,000;314,450;;;;;0,00;0,00;0,00;3,00;5,65;15,002;28,831;0,56;0,56;999998,00;999998,00;999998,00;999998,00;999998,00;999998,00;999998,00;999998,00;999998,00;999998,00;999998,00;999998,00;999998,00;999998,00;999998,00;;;;;;;;;;;;;;;;;2,0866;0,00000;0,0000;-0,00583903;-0,00583903;-0,00226;-0,09937;170,0164;24,213118;-0,003691;24,190292;23,977766;-0,0008;-0,0775;7,15;714,34;0,00;0,00;0,13;;320,180;320,433;0,0208956;20,94300;0,04700;-0,00200;0,0002893;;0,28;531,00;;;
;;532;20,94100;0,04800;0,000000;105,750;100,38;-71,4000;0,000;101,084;31,400;0,000;352,650;349,550;28,70;842,250;263,190;0,000;570,200;579,000;558,100;314,450;;;;;0,00;0,00;0,00;3,00;5,65;15,002;28,801;0,56;0,56;999998,00;999998,00;999998,00;999998,00;999998,00;999998,00;999998,00;999998,00;999998,00;999998,00;999998,00;999998,00;999998,00;999998,00;999998,00;;;;;;;;;;;;;;;;;2,0623;0,00000;0,0000;-0,00583903;-0,00583903;-0,00224;-0,09821;170,0185;23,930385;-0,003960;23,894275;23,684230;-0,0008;-0,0821;7,15;714,34;0,00;0,00;0,12;;319,582;320,433;0,0206516;20,94300;0,04700;-0,00200;0,0002893;;0,29;532,00;;;
;;533;20,93900;0,04900;-0,003000;108,500;100,37;-71,4000;0,000;101,084;31,400;0,000;352,350;349,350;28,70;842,417;263,190;0,000;570,400;579,200;558,200;314,450;;;;;0,00;0,00;0,00;3,00;5,65;15,021;28,823;0,56;0,56;999998,00;999998,00;999998,00;999998,00;999998,00;999998,00;999998,00;999998,00;999998,00;999998,00;999998,00;999998,00;999998,00;999998,00;999998,00;;;;;;;;;;;;;;;;;3,0767;0,00000;0,0000;0,00000000;0,00000000;-0,00334;Infinity;170,0215;24,249856;-0,003872;24,192665;23,986682;-0,0008;-0,0814;7,15;714,34;0,00;0,00;0,15;;318,987;319,241;0,0308102;20,94200;0,04600;-0,00700;0,0004256;;0,29;533,00;;;
;;534;20,94100;0,04800;0,005000;109,075;100,37;-71,4000;0,000;101,084;31,400;0,000;352,250;349,250;28,70;842,550;263,190;0,000;570,800;579,200;558,200;314,450;;;;;0,00;0,00;0,00;3,00;5,65;15,017;28,823;0,56;0,56;999998,00;999998,00;999998,00;999998,00;999998,00;999998,00;999998,00;999998,00;999998,00;999998,00;999998,00;999998,00;999998,00;999998,00;999998,00;;;;;;;;;;;;;;;;;3,6628;0,00000;0,0000;0,00583903;0,00583903;-0,00592;0,09980;170,0252;24,317479;-0,003875;24,253243;24,046686;-0,0008;-0,0816;7,15;714,34;-0,01;0,00;0,13;;318,396;319,241;0,0366794;20,94300;0,04700;-0,01900;0,0005044;;0,29;534,00;;;
;;535;20,94100;0,04700;0,003000;107,000;100,40;-71,4100;0,000;101,086;31,500;0,000;352,050;349,050;28,70;842,717;263,190;0,000;571,000;579,400;558,300;314,450;;;;;0,00;0,00;0,00;3,00;5,65;14,996;28,844;0,56;0,56;999998,00;999998,00;999998,00;999998,00;999998,00;999998,00;999998,00;999998,00;999998,00;999998,00;999998,00;999998,00;999998,00;999998,00;999998,00;;;;;;;;;;;;;;;;;1,0949;0,00000;0,0000;0,00583903;0,00583903;-0,00098;0,09887;170,0263;24,091905;-0,004146;24,014623;23,809982;-0,0009;-0,0865;7,15;714,34;0,00;0,00;0,10;;317,805;318,055;0,0109643;20,94400;0,04700;0,00400;0,0001530;;0,28;535,00;;;
;;536;20,94100;0,04800;0,010000;105,175;100,37;-71,4100;0,000;101,086;31,500;0,000;351,950;349,150;28,70;842,883;263,190;0,000;571,200;579,600;558,400;314,450;;;;;0,00;0,00;0,00;3,00;5,65;15,009;28,841;0,57;0,57;999998,00;999998,00;999998,00;999998,00;999998,00;999998,00;999998,00;999998,00;999998,00;999998,00;999998,00;999998,00;999998,00;999998,00;999998,00;;;;;;;;;;;;;;;;;1,2198;0,00000;0,0000;-0,00083415;-0,00083415;0,00072;-0,68629;170,0275;23,888958;-0,003875;23,805563;23,616173;-0,0008;-0,0802;7,15;714,34;0,00;0,00;0,15;;317,214;318,055;0,0122151;20,94200;0,04700;0,01200;0,0001726;;0,28;536,00;;;
;;537;20,94100;0,04800;0,011000;103,000;100,36;-71,4100;0,000;101,094;31,500;0,000;351,850;349,150;28,70;843,150;263,190;0,000;571,800;579,700;558,500;314,450;;;;;0,00;0,00;0,00;3,00;5,65;15,006;28,849;0,57;0,57;999998,00;999998,00;999998,00;999998,00;999998,00;999998,00;999998,00;999998,00;999998,00;999998,00;999998,00;999998,00;999998,00;999998,00;999998,00;;;;;;;;;;;;;;;;;1,0273;0,00000;0,0000;0,00000000;0,00000000;0,00133;Infinity;170,0285;23,644018;-0,003764;23,554783;23,374030;-0,0008;-0,0771;7,15;714,34;0,00;0,00;0,15;;316,626;316,874;0,0102876;20,94200;0,04600;0,01500;0,0001472;;0,28;537,00;;;
;;538;20,94100;0,04700;0,018000;108,375;100,38;-71,4100;0,000;101,094;31,500;0,000;351,650;349,050;28,70;843,183;263,190;0,000;571,800;579,800;558,500;314,450;;;;;0,00;0,00;0,00;3,00;5,65;14,981;28,839;0,57;0,57;999998,00;999998,00;999998,00;999998,00;999998,00;999998,00;999998,00;999998,00;999998,00;999998,00;999998,00;999998,00;999998,00;999998,00;999998,00;;;;;;;;;;;;;;;;;0,1337;0,00000;0,0000;0,00000000;0,00000000;0,00351;Infinity;170,0287;24,259994;-0,003951;24,154696;23,976104;-0,0008;-0,0830;7,15;714,34;0,00;0,00;0,15;;316,038;316,874;0,0013390;20,94200;0,04600;0,02500;0,0000207;;0,28;538,00;;;
;;539;20,94200;0,04800;0,021000;106,950;100,40;-71,4100;0,000;101,084;31,500;0,000;351,550;348,950;28,70;843,317;263,190;0,000;571,900;580,000;558,600;314,450;;;;;0,00;0,00;0,00;3,00;5,65;15,019;28,833;0,57;0,57;999998,00;999998,00;999998,00;999998,00;999998,00;999998,00;999998,00;999998,00;999998,00;999998,00;999998,00;999998,00;999998,00;999998,00;999998,00;;;;;;;;;;;;;;;;;0,0652;0,00000;0,0000;0,00000000;0,00000000;0,00264;Infinity;170,0287;24,103399;-0,004154;23,991956;23,814516;-0,0009;-0,0866;7,15;714,34;0,00;0,00;0,13;;315,452;315,701;0,0006530;20,94300;0,04600;0,02100;0,0000109;;0,28;539,00;;;
;;540;20,94200;0,04700;0,006000;106,950;100,40;-71,4100;0,000;101,084;31,500;0,000;351,550;348,950;28,70;843,450;263,190;0,000;572,100;580,100;558,700;314,450;;;;;0,00;0,00;0,00;3,00;5,66;15,009;28,828;0,57;0,57;999998,00;999998,00;999998,00;999998,00;999998,00;999998,00;999998,00;999998,00;999998,00;999998,00;999998,00;999998,00;999998,00;999998,00;999998,00;;;;;;;;;;;;;;;;;0,1567;0,00000;0,0000;0,00000000;0,00000000;0,00242;Infinity;170,0289;24,103399;-0,004154;23,991956;23,814516;-0,0009;-0,0866;7,15;714,34;0,00;0,00;0,13;;314,868;315,701;0,0015688;20,94300;0,04600;0,02000;0,0000235;;0,28;540,00;;;
;;541;20,94100;0,04700;-0,007000;104,000;100,36;-71,4100;0,000;101,084;31,500;0,000;351,350;348,850;28,70;843,417;263,190;0,000;571,900;580,200;558,700;314,450;;;;;0,00;0,00;0,00;3,00;5,66;15,021;28,823;0,58;0,58;999998,00;999998,00;999998,00;999998,00;999998,00;999998,00;999998,00;999998,00;999998,00;999998,00;999998,00;999998,00;999998,00;999998,00;999998,00;;;;;;;;;;;;;;;;;0,8328;0,00000;0,0000;0,00000000;0,00000000;-0,00117;Infinity;170,0297;23,775416;-0,003798;23,652026;23,483733;-0,0008;-0,0781;7,15;714,34;0,00;0,00;0,07;;314,287;314,535;0,0083398;20,94500;0,04600;0,00300;0,0001179;;0,28;541,00;;;
;;542;20,94200;0,04700;-0,002000;106,625;100,40;-71,4100;0,000;101,086;31,500;0,000;351,250;348,650;28,70;843,550;263,190;0,000;572,100;580,300;558,800;314,450;;;;;0,00;0,00;0,00;3,00;5,66;15,034;28,852;0,58;0,58;999998,00;999998,00;999998,00;999998,00;999998,00;999998,00;999998,00;999998,00;999998,00;999998,00;999998,00;999998,00;999998,00;999998,00;999998,00;;;;;;;;;;;;;;;;;1,8484;0,00000;0,0000;0,00000000;0,00000000;-0,00374;Infinity;170,0316;24,077023;-0,004172;23,945251;23,768005;-0,0009;-0,0869;7,15;714,34;0,00;0,00;0,07;;313,710;314,535;0,0185098;20,94500;0,04700;-0,00900;0,0002571;;0,28;542,00;;;
;;543;20,94300;0,04600;-0,002000;106,950;100,41;-71,4100;0,000;101,084;31,500;0,000;350,950;348,450;28,70;843,617;263,190;0,000;572,200;580,300;558,900;314,450;;;;;0,00;0,00;0,00;3,00;5,66;15,013;28,847;0,58;0,58;999998,00;999998,00;999998,00;999998,00;999998,00;999998,00;999998,00;999998,00;999998,00;999998,00;999998,00;999998,00;999998,00;999998,00;999998,00;;;;;;;;;;;;;;;;;1,3702;0,00000;0,0000;0,00000000;0,00000000;-0,00140;Infinity;170,0330;24,123994;-0,004250;23,971473;23,800712;-0,0009;-0,0886;7,15;714,34;0,00;0,00;0,10;;313,135;313,381;0,0137214;20,94400;0,04600;0,00200;0,0001910;;0,28;543,00;;;
;;544;20,94300;0,04700;-0,007000;111,000;100,42;-71,4100;0,000;101,086;31,500;0,000;350,850;348,350;28,70;843,650;263,190;0,000;572,100;580,400;559,000;314,450;;;;;0,00;0,00;0,00;3,00;5,66;15,006;28,849;0,58;0,58;999998,00;999998,00;999998,00;999998,00;999998,00;999998,00;999998,00;999998,00;999998,00;999998,00;999998,00;999998,00;999998,00;999998,00;999998,00;;;;;;;;;;;;;;;;;0,8374;0,00000;0,0000;0,00000000;0,00000000;-0,00035;Infinity;170,0338;24,580017;-0,004396;24,417653;24,243664;-0,0009;-0,0933;7,15;714,34;0,00;0,00;0,10;;312,561;313,381;0,0083856;20,94400;0,04700;0,00700;0,0001150;;0,28;544,00;;;
;;545;20,94200;0,04700;-0,019000;105,750;100,40;-71,4100;0,000;101,086;31,500;0,000;350,650;348,150;28,70;843,750;263,190;0,000;572,200;580,600;559,000;314,450;;;;;0,00;0,00;0,00;3,00;5,66;15,013;28,847;0,59;0,58;999998,00;999998,00;999998,00;999998,00;999998,00;999998,00;999998,00;999998,00;999998,00;999998,00;999998,00;999998,00;999998,00;999998,00;999998,00;;;;;;;;;;;;;;;;;1,9098;0,00000;0,0000;0,00000000;0,00000000;-0,00288;Infinity;170,0357;23,998534;-0,004164;23,826422;23,656549;-0,0009;-0,0863;7,15;714,34;0,00;0,00;0,10;;311,990;312,237;0,0191243;20,94400;0,04700;-0,00500;0,0002669;;0,28;545,00;;;
;;546;20,94300;0,04700;0,004000;106,225;100,43;-71,4100;0,000;101,086;31,500;0,000;350,550;348,150;28,70;843,850;263,183;0,000;572,400;580,700;559,000;314,450;;;;;0,00;0,00;0,00;3,00;5,66;15,002;28,831;0,59;0,59;999998,00;999998,00;999998,00;999998,00;999998,00;999998,00;999998,00;999998,00;999998,00;999998,00;999998,00;999998,00;999998,00;999998,00;999998,00;;;;;;;;;;;;;;;;;1,3190;0,00000;0,0000;0,00000000;0,00000000;0,00072;Infinity;170,0370;24,055800;-0,004427;23,876466;23,712999;-0,0009;-0,0920;7,15;714,34;0,00;0,00;0,15;;311,422;312,237;0,0132080;20,94200;0,04600;0,01200;0,0001852;;0,28;546,00;;;
;;547;20,94400;0,04600;0,012000;102,925;100,44;-71,4100;0,000;101,090;31,500;0,000;350,350;348,050;28,70;843,983;263,183;0,000;572,700;580,700;559,100;314,450;;;;;0,00;0,00;0,00;3,00;5,66;15,040;28,841;0,59;0,59;999998,00;999998,00;999998,00;999998,00;999998,00;999998,00;999998,00;999998,00;999998,00;999998,00;999998,00;999998,00;999998,00;999998,00;999998,00;;;;;;;;;;;;;;;;;0,3571;0,00000;0,0000;0,00000000;0,00000000;0,00092;Infinity;170,0374;23,685950;-0,004519;23,495960;23,341713;-0,0009;-0,0924;7,15;714,34;0,00;0,00;0,10;;310,854;311,099;0,0035757;20,94400;0,04600;0,01300;0,0000518;;0,28;547,00;;;
;;548;20,94200;0,04600;0,015000;108,175;100,43;-71,4100;0,000;101,090;31,500;0,000;350,250;347,950;28,70;843,983;263,183;0,000;572,500;580,900;559,100;314,450;;;;;0,00;0,00;0,00;3,00;5,67;15,027;28,833;0,59;0,59;999998,00;999998,00;999998,00;999998,00;999998,00;999998,00;999998,00;999998,00;999998,00;999998,00;999998,00;999998,00;999998,00;999998,00;999998,00;;;;;;;;;;;;;;;;;0,0000;0,00000;0,0000;0,00000000;0,00000000;0,00330;Infinity;170,0374;24,285990;-0,004457;24,084311;23,926156;-0,0009;-0,0934;7,15;714,34;0,00;0,00;0,10;;310,287;311,099;0,0000000;20,94400;0,04600;0,02400;-0,0000875;;0,28;548,00;;;
;;549;20,94200;0,04600;0,025000;107,425;100,43;-71,4100;0,000;101,090;31,500;0,000;350,150;347,950;28,70;844,083;263,183;0,000;572,700;580,900;559,200;314,450;;;;;0,00;0,00;0,00;3,00;5,67;15,019;28,863;0,59;0,59;999998,00;999998,00;999998,00;999998,00;999998,00;999998,00;999998,00;999998,00;999998,00;999998,00;999998,00;999998,00;999998,00;999998,00;999998,00;;;;;;;;;;;;;;;;;1,0762;0,00000;0,0000;0,00000000;0,00000000;0,00009;Infinity;170,0385;24,205110;-0,004446;23,997249;23,846474;-0,0009;-0,0929;7,15;714,34;0,00;0,00;0,13;;309,723;309,968;0,0107769;20,94300;0,04700;0,00900;0,0001501;;0,28;549,00;;;
;;550;20,94200;0,04600;0,021000;107,025;100,43;-71,4100;0,000;101,096;31,500;0,000;350,050;347,850;28,70;844,217;263,183;0,000;573,000;581,000;559,200;314,450;;;;;0,00;0,00;0,00;3,00;5,67;15,013;28,855;0,59;0,59;999998,00;999998,00;999998,00;999998,00;999998,00;999998,00;999998,00;999998,00;999998,00;999998,00;999998,00;999998,00;999998,00;999998,00;999998,00;;;;;;;;;;;;;;;;;0,4327;0,00000;0,0000;0,00000000;0,00000000;0,00158;Infinity;170,0389;24,163454;-0,004452;23,949109;23,798593;-0,0009;-0,0928;7,15;714,34;0,00;0,00;0,13;;309,161;309,968;0,0043330;20,94300;0,04700;0,01600;0,0000615;;0,28;550,00;;;
;;551;20,94300;0,04600;0,020000;108,500;100,43;-71,4100;0,000;101,086;31,500;0,000;349,850;347,650;28,70;844,183;263,183;0,000;572,900;581,000;559,200;314,450;;;;;0,00;0,00;0,00;3,00;5,67;14,988;28,852;0,60;0,59;999998,00;999998,00;999998,00;999998,00;999998,00;999998,00;999998,00;999998,00;999998,00;999998,00;999998,00;999998,00;999998,00;999998,00;999998,00;;;;;;;;;;;;;;;;;1,8437;0,00000;0,0000;0,00000000;0,00000000;-0,00249;Infinity;170,0407;24,336345;-0,004474;24,106686;23,955093;-0,0009;-0,0939;7,15;714,34;0,00;0,00;0,10;;308,602;308,849;0,0184632;20,94400;0,04600;-0,00300;0,0002542;;0,28;551,00;;;
;;552;20,94300;0,04700;0,003000;109,425;100,43;-71,4100;0,000;101,088;31,600;0,000;349,750;347,550;28,70;844,283;263,183;0,000;573,000;581,100;559,300;314,450;;;;;0,00;0,00;0,00;3,00;5,67;15,002;28,844;0,60;0,60;999998,00;999998,00;999998,00;999998,00;999998,00;999998,00;999998,00;999998,00;999998,00;999998,00;999998,00;999998,00;999998,00;999998,00;999998,00;;;;;;;;;;;;;;;;;1,7598;0,00000;0,0000;0,00000000;0,00000000;-0,00250;Infinity;170,0425;24,443357;-0,004412;24,205767;24,053508;-0,0009;-0,0930;7,15;714,34;0,00;0,00;0,10;;308,046;308,849;0,0176224;20,94400;0,04700;-0,00300;0,0002416;;0,28;552,00;;;
;;553;20,94500;0,04600;-0,009000;107,825;100,43;-71,4100;0,000;101,084;31,600;0,000;349,650;347,450;28,70;844,283;263,183;0,000;572,900;581,200;559,300;314,450;;;;;0,00;0,00;0,00;3,00;5,67;15,009;28,828;0,60;0,60;999998,00;999998,00;999998,00;999998,00;999998,00;999998,00;999998,00;999998,00;999998,00;999998,00;999998,00;999998,00;999998,00;999998,00;999998,00;;;;;;;;;;;;;;;;;3,1954;0,00000;0,0000;0,00000000;0,00000000;-0,00484;Infinity;170,0457;24,267464;-0,004433;24,024713;23,873549;-0,0009;-0,0927;7,15;714,34;0,00;0,00;0,13;;307,494;307,741;0,0319984;20,94300;0,04700;-0,01400;0,0004411;;0,28;553,00;;;
;;554;20,94500;0,04700;0,002000;105,425;100,41;-71,4100;0,000;101,088;31,600;0,000;349,550;347,350;28,70;844,283;263,183;0,000;572,900;581,200;559,300;314,450;;;;;0,00;0,00;0,00;3,00;5,67;15,057;28,855;0,60;0,60;999998,00;999998,00;999998,00;999998,00;999998,00;999998,00;999998,00;999998,00;999998,00;999998,00;999998,00;999998,00;999998,00;999998,00;999998,00;;;;;;;;;;;;;;;;;1,1817;0,00000;0,0000;0,00000000;0,00000000;-0,00119;Infinity;170,0469;23,999301;-0,004271;23,752437;23,602944;-0,0009;-0,0883;7,15;714,34;0,00;0,00;0,10;;306,943;307,741;0,0118337;20,94400;0,04700;0,00300;0,0001657;;0,28;554,00;;;
;;555;20,94400;0,04700;0,007000;110,225;100,43;-71,4100;0,000;101,090;31,600;0,000;349,350;347,150;28,70;844,350;263,183;0,000;573,000;581,300;559,300;314,450;;;;;0,00;0,00;0,00;3,00;5,67;14,988;28,844;0,60;0,60;999998,00;999998,00;999998,00;999998,00;999998,00;999998,00;999998,00;999998,00;999998,00;999998,00;999998,00;999998,00;999998,00;999998,00;999998,00;;;;;;;;;;;;;;;;;1,7430;0,00000;0,0000;0,00000000;0,00000000;-0,00143;Infinity;170,0486;24,546587;-0,004409;24,280193;24,127291;-0,0009;-0,0932;7,15;714,34;0,00;0,00;0,13;;306,392;306,641;0,0174549;20,94300;0,04700;0,00200;0,0002387;;0,28;555,00;;;
;;556;20,94400;0,04600;-0,005000;106,525;100,43;-71,4100;0,000;101,086;31,600;0,000;349,150;347,050;28,70;844,317;263,183;0,000;572,900;581,300;559,300;314,450;;;;;0,00;0,00;0,00;3,00;5,68;14,981;28,852;0,60;0,60;999998,00;999998,00;999998,00;999998,00;999998,00;999998,00;999998,00;999998,00;999998,00;999998,00;999998,00;999998,00;999998,00;999998,00;999998,00;;;;;;;;;;;;;;;;;0,0000;0,00000;0,0000;0,00000000;0,00000000;0,00285;Infinity;170,0486;24,137994;-0,004446;23,862366;23,718843;-0,0009;-0,0924;7,15;714,34;0,00;0,00;0,10;;305,843;306,641;0,0000000;20,94400;0,04700;0,02200;-0,0000748;;0,28;556,00;;;
;;557;20,94400;0,04600;0,012000;106,075;100,43;-71,4100;0,000;101,086;31,600;0,000;349,050;346,950;28,70;844,350;263,183;0,000;572,800;581,400;559,400;314,450;;;;;0,00;0,00;0,00;3,00;5,68;14,973;28,849;0,60;0,60;999998,00;999998,00;999998,00;999998,00;999998,00;999998,00;999998,00;999998,00;999998,00;999998,00;999998,00;999998,00;999998,00;999998,00;999998,00;;;;;;;;;;;;;;;;;0,0000;0,00000;0,0000;0,00000000;0,00000000;0,00476;Infinity;170,0486;24,090408;-0,004450;23,808501;23,665262;-0,0009;-0,0922;7,15;714,34;0,00;0,00;0,13;;305,294;305,543;0,0000000;20,94300;0,04600;0,03100;-0,0001157;;0,28;557,00;;;
;;558;20,94200;0,04600;0,013000;105,950;100,42;-71,4100;0,000;101,092;31,600;0,000;348,950;346,850;28,70;844,383;263,183;0,000;572,800;581,500;559,400;314,450;;;;;0,00;0,00;0,00;3,00;5,68;15,002;28,839;0,60;0,60;999998,00;999998,00;999998,00;999998,00;999998,00;999998,00;999998,00;999998,00;999998,00;999998,00;999998,00;999998,00;999998,00;999998,00;999998,00;;;;;;;;;;;;;;;;;0,0000;0,00000;0,0000;0,00000000;0,00000000;0,00455;Infinity;170,0486;24,079658;-0,004387;23,791060;23,647884;-0,0009;-0,0909;7,15;714,34;0,00;0,00;0,12;;304,747;305,543;0,0000000;20,94300;0,04600;0,03000;-0,0001031;;0,28;558,00;;;
;;559;20,94400;0,04700;0,024000;105,900;100,40;-71,4100;0,000;101,092;31,600;0,000;348,750;346,750;28,70;844,383;263,183;0,000;572,800;581,500;559,400;314,450;;;;;0,00;0,00;0,00;3,00;5,68;14,988;28,849;0,61;0,60;999998,00;999998,00;999998,00;999998,00;999998,00;999998,00;999998,00;999998,00;999998,00;999998,00;999998,00;999998,00;999998,00;999998,00;999998,00;;;;;;;;;;;;;;;;;0,0000;0,00000;0,0000;0,00000000;0,00000000;0,00221;Infinity;170,0486;24,080877;-0,004142;23,778627;23,642263;-0,0009;-0,0858;7,15;714,34;0,00;0,00;0,07;;304,201;304,450;0,0000000;20,94500;0,04600;0,01900;-0,0000846;;0,28;559,00;;;
;;560;20,94400;0,04700;0,009000;105,875;100,40;-71,4100;0,000;101,092;31,600;0,000;348,650;346,550;28,70;844,383;263,183;0,000;572,700;581,600;559,400;314,450;;;;;0,00;0,00;0,00;3,00;5,68;15,013;28,860;0,61;0,61;999998,00;999998,00;999998,00;999998,00;999998,00;999998,00;999998,00;999998,00;999998,00;999998,00;999998,00;999998,00;999998,00;999998,00;999998,00;;;;;;;;;;;;;;;;;0,0000;0,00000;0,0000;0,00000000;0,00000000;0,00306;Infinity;170,0486;24,081487;-0,004195;23,772412;23,629225;-0,0009;-0,0868;7,15;714,34;0,00;0,00;0,10;;303,658;304,450;0,0000000;20,94400;0,04600;0,02300;-0,0000748;;0,28;560,00;;;
;;561;20,94300;0,04600;0,016000;107,775;100,39;-71,4100;0,000;101,088;31,600;0,000;348,450;346,350;28,70;844,383;263,183;0,000;572,600;581,700;559,400;314,450;;;;;0,00;0,00;0,00;3,00;5,68;15,032;28,849;0,61;0,61;999998,00;999998,00;999998,00;999998,00;999998,00;999998,00;999998,00;999998,00;999998,00;999998,00;999998,00;999998,00;999998,00;999998,00;999998,00;;;;;;;;;;;;;;;;;0,5508;0,00000;0,0000;0,00000000;0,00000000;0,00051;Infinity;170,0492;24,303578;-0,004033;23,977890;23,833382;-0,0008;-0,0842;7,15;714,34;0,00;0,00;0,10;;303,117;303,365;0,0055154;20,94400;0,04600;0,01100;0,0000771;;0,28;561,00;;;
;;562;20,94300;0,04700;-0,003000;111,700;100,41;-71,4100;0,000;101,088;31,600;0,000;348,250;346,150;28,70;844,317;263,183;0,000;572,500;581,600;559,400;314,450;;;;;0,00;0,00;0,00;3,00;5,68;14,988;28,852;0,61;0,61;999998,00;999998,00;999998,00;999998,00;999998,00;999998,00;999998,00;999998,00;999998,00;999998,00;999998,00;999998,00;999998,00;999998,00;999998,00;;;;;;;;;;;;;;;;;1,1492;0,00000;0,0000;0,00000000;0,00000000;-0,00210;Infinity;170,0503;24,749274;-0,004283;24,403598;24,256441;-0,0009;-0,0910;7,15;714,34;0,00;0,00;0,07;;302,580;303,365;0,0115078;20,94500;0,04700;-0,00100;0,0001559;;0,28;562,00;;;
;;563;20,94400;0,04700;-0,003000;110,025;100,40;-71,4100;0,000;101,088;31,600;0,000;348,050;345,950;28,70;844,350;263,183;0,000;572,500;581,700;559,400;314,450;;;;;0,00;0,00;0,00;3,00;5,68;14,967;28,857;0,61;0,61;999998,00;999998,00;999998,00;999998,00;999998,00;999998,00;999998,00;999998,00;999998,00;999998,00;999998,00;999998,00;999998,00;999998,00;999998,00;;;;;;;;;;;;;;;;;2,6308;0,00000;0,0000;0,00000000;0,00000000;-0,00533;Infinity;170,0529;24,570066;-0,004186;24,212979;24,066887;-0,0009;-0,0883;7,15;714,34;-0,01;0,00;0,07;;302,046;302,293;0,0263453;20,94500;0,04600;-0,01600;0,0003583;;0,28;563,00;;;
;;564;20,94400;0,04700;-0,014000;111,575;100,39;-71,4100;0,000;101,084;31,600;0,000;347,950;345,850;28,70;844,483;263,183;0,000;572,700;581,800;559,500;314,450;;;;;0,00;0,00;0,00;3,00;5,69;14,996;28,844;0,61;0,61;999998,00;999998,00;999998,00;999998,00;999998,00;999998,00;999998,00;999998,00;999998,00;999998,00;999998,00;999998,00;999998,00;999998,00;999998,00;;;;;;;;;;;;;;;;;1,8748;0,00000;0,0000;0,00000000;0,00000000;-0,00253;Infinity;170,0548;24,746083;-0,004057;24,379432;24,232293;-0,0009;-0,0861;7,15;714,34;0,00;0,00;0,10;;301,514;302,293;0,0187740;20,94400;0,04600;-0,00300;0,0002542;;0,28;564,00;;;
;;565;20,94300;0,04700;0,003000;112,025;100,39;-71,4100;0,000;101,092;31,600;0,000;347,850;345,750;28,70;844,517;263,183;0,000;572,900;581,800;559,400;314,450;;;;;0,00;0,00;0,00;3,00;5,69;14,981;28,847;0,61;0,61;999998,00;999998,00;999998,00;999998,00;999998,00;999998,00;999998,00;999998,00;999998,00;999998,00;999998,00;999998,00;999998,00;999998,00;999998,00;;;;;;;;;;;;;;;;;1,0568;0,00000;0,0000;0,00083415;0,00083415;-0,00166;0,25769;170,0559;24,799500;-0,004026;24,425035;24,277579;-0,0009;-0,0856;7,15;714,34;0,00;0,00;0,07;;300,983;301,230;0,0105829;20,94500;0,04600;0,00100;0,0001432;;0,28;565,00;;;
;;566;20,94400;0,04700;0,002000;107,075;100,38;-71,4100;0,000;101,092;31,600;0,000;347,750;345,650;28,70;844,250;263,183;0,000;572,000;581,800;559,500;314,450;;;;;0,00;0,00;0,00;3,00;5,69;14,998;28,852;0,61;0,61;999998,00;999998,00;999998,00;999998,00;999998,00;999998,00;999998,00;999998,00;999998,00;999998,00;999998,00;999998,00;999998,00;999998,00;999998,00;;;;;;;;;;;;;;;;;1,3540;0,00000;0,0000;-0,00583903;-0,00583903;-0,00056;-0,09952;170,0572;24,248893;-0,003979;23,875877;23,731695;-0,0008;-0,0827;7,15;714,34;0,00;0,00;0,13;;300,453;301,230;0,0135595;20,94300;0,04700;0,00600;0,0001881;;0,28;566,00;;;
;;567;20,94300;0,04600;0,022000;105,850;100,40;-71,4000;0,000;101,086;31,500;0,000;347,650;345,550;28,70;844,350;263,183;0,000;572,200;581,900;559,500;314,450;;;;;0,00;0,00;0,00;3,00;5,69;15,011;28,868;0,61;0,61;999998,00;999998,00;999998,00;999998,00;999998,00;999998,00;999998,00;999998,00;999998,00;999998,00;999998,00;999998,00;999998,00;999998,00;999998,00;;;;;;;;;;;;;;;;;1,5525;0,00000;0,0000;-0,00667318;-0,00667318;-0,00183;-0,03132;170,0588;24,113250;-0,004161;23,735493;23,592117;-0,0009;-0,0860;7,15;714,34;0,00;0,00;0,10;;299,926;300,172;0,0155468;20,94400;0,04600;0,00000;0,0002163;;0,29;567,00;;;
;;568;20,94400;0,04600;0,031000;107,175;100,39;-71,4000;0,000;101,094;31,500;0,000;347,450;345,450;28,70;844,550;263,183;0,000;572,800;581,900;559,500;314,450;;;;;0,00;0,00;0,00;3,00;5,69;15,004;28,871;0,61;0,61;999998,00;999998,00;999998,00;999998,00;999998,00;999998,00;999998,00;999998,00;999998,00;999998,00;999998,00;999998,00;999998,00;999998,00;999998,00;;;;;;;;;;;;;;;;;0,0000;0,00000;0,0000;0,00667318;0,00667318;0,00158;0,03152;170,0588;24,270684;-0,004080;23,876717;23,739277;-0,0008;-0,0848;7,15;714,34;0,00;0,00;0,07;;299,399;300,172;0,0000000;20,94500;0,04600;0,01600;-0,0000466;;0,29;568,00;;;
;;569;20,94300;0,04600;0,030000;109,950;100,41;-71,4100;0,000;101,086;31,500;0,000;347,350;345,350;28,70;844,650;263,183;0,000;573,000;582,000;559,500;314,450;;;;;0,00;0,00;0,00;3,00;5,69;15,019;28,868;0,61;0,61;999998,00;999998,00;999998,00;999998,00;999998,00;999998,00;999998,00;999998,00;999998,00;999998,00;999998,00;999998,00;999998,00;999998,00;999998,00;;;;;;;;;;;;;;;;;1,2094;0,00000;0,0000;0,00583903;0,00583903;-0,00078;-0,02791;170,0600;24,586426;-0,004245;24,180372;24,041144;-0,0009;-0,0894;7,15;714,34;0,00;0,00;0,10;;298,874;299,121;0,0121106;20,94400;0,04500;0,00500;0,0001657;;0,28;569,00;;;
;;570;20,94300;0,04600;0,019000;103,275;100,43;-71,4100;0,000;101,088;31,500;0,000;347,250;345,350;28,70;844,583;263,183;0,000;572,800;582,000;559,500;314,450;;;;;0,00;0,00;0,00;3,00;5,69;14,952;28,839;0,61;0,61;999998,00;999998,00;999998,00;999998,00;999998,00;999998,00;999998,00;999998,00;999998,00;999998,00;999998,00;999998,00;999998,00;999998,00;999998,00;;;;;;;;;;;;;;;;;0,9246;0,00000;0,0000;-0,00166829;-0,00166829;-0,00118;0,09468;170,0609;23,831859;-0,004426;23,431519;23,303312;-0,0009;-0,0903;7,15;714,34;0,00;0,00;0,07;;298,352;299,121;0,0092587;20,94500;0,04500;0,00300;0,0001306;;0,28;570,00;;;
;;571;20,94500;0,04600;0,023000;107,650;100,40;-71,4100;0,000;101,096;31,500;0,000;347,150;345,150;28,70;844,550;263,183;0,000;572,600;582,100;559,500;314,450;;;;;0,00;0,00;0,00;3,00;5,69;14,975;28,852;0,61;0,61;999998,00;999998,00;999998,00;999998,00;999998,00;999998,00;999998,00;999998,00;999998,00;999998,00;999998,00;999998,00;999998,00;999998,00;999998,00;;;;;;;;;;;;;;;;;2,0276;0,00000;0,0000;0,00583903;0,00583903;-0,00270;-0,02762;170,0629;24,334917;-0,004180;23,919236;23,781433;-0,0009;-0,0871;7,15;714,34;0,00;0,00;0,10;;297,832;298,079;0,0203040;20,94400;0,04500;-0,00400;0,0002795;;0,28;571,00;;;
;;572;20,94400;0,04700;0,011000;107,250;100,41;-71,4200;0,000;101,088;31,400;0,000;346,950;344,950;28,70;844,517;263,183;0,000;572,500;582,100;559,500;314,450;;;;;0,00;0,00;0,00;3,00;5,70;15,034;28,876;0,61;0,61;999998,00;999998,00;999998,00;999998,00;999998,00;999998,00;999998,00;999998,00;999998,00;999998,00;999998,00;999998,00;999998,00;999998,00;999998,00;;;;;;;;;;;;;;;;;1,5637;0,00000;0,0000;0,00583903;0,00583903;-0,00163;-0,02758;170,0645;24,296664;-0,004246;23,867878;23,730291;-0,0009;-0,0883;7,15;714,34;0,00;0,00;0,10;;297,314;298,079;0,0156589;20,94400;0,04500;0,00100;0,0002163;;0,27;572,00;;;
;;573;20,94400;0,04600;-0,001000;106,700;100,37;-71,4200;0,000;101,088;31,400;0,000;346,850;344,950;28,70;844,617;263,183;0,000;572,800;582,100;559,500;314,450;;;;;0,00;0,00;0,00;3,00;5,70;14,964;28,866;0,61;0,61;999998,00;999998,00;999998,00;999998,00;999998,00;999998,00;999998,00;999998,00;999998,00;999998,00;999998,00;999998,00;999998,00;999998,00;999998,00;;;;;;;;;;;;;;;;;2,5028;0,00000;0,0000;0,00000000;0,00000000;-0,00483;-Infinity;170,0670;24,237777;-0,003835;23,803168;23,672777;-0,0008;-0,0795;7,15;714,34;0,00;0,00;0,07;;296,799;297,047;0,0250627;20,94500;0,04500;-0,01400;0,0003457;;0,27;573,00;;;
;;574;20,94500;0,04600;-0,016000;106,350;100,42;-71,4200;0,000;101,088;31,400;0,000;346,750;344,850;28,70;844,617;263,183;0,000;572,800;582,100;559,500;314,450;;;;;0,00;0,00;0,00;3,00;5,70;15,019;28,866;0,61;0,61;999998,00;999998,00;999998,00;999998,00;999998,00;999998,00;999998,00;999998,00;999998,00;999998,00;999998,00;999998,00;999998,00;999998,00;999998,00;;;;;;;;;;;;;;;;;1,0313;0,00000;0,0000;-0,00583903;-0,00583903;-0,00162;-0,03592;170,0680;24,201481;-0,004327;23,760670;23,630474;-0,0009;-0,0896;7,15;714,34;0,00;0,00;0,07;;296,285;297,047;0,0103277;20,94500;0,04600;0,00100;0,0001432;;0,27;574,00;;;
;;575;20,94500;0,04600;-0,003000;110,125;100,39;-71,4100;0,000;101,086;31,400;0,000;346,650;344,850;28,70;844,583;263,183;0,000;572,600;582,200;559,500;314,450;;;;;0,00;0,00;0,00;3,00;5,70;15,008;28,876;0,61;0,61;999998,00;999998,00;999998,00;999998,00;999998,00;999998,00;999998,00;999998,00;999998,00;999998,00;999998,00;999998,00;999998,00;999998,00;999998,00;;;;;;;;;;;;;;;;;1,0496;0,00000;0,0000;-0,00583903;-0,00583903;-0,00165;-0,03656;170,0691;24,630816;-0,004096;24,175211;24,049679;-0,0009;-0,0863;7,15;714,34;0,00;0,00;0,07;;295,771;296,020;0,0105109;20,94500;0,04600;0,00100;0,0001432;;0,28;575,00;;;
;;576;20,94400;0,04700;0,001000;110,775;100,42;-71,4100;0,000;101,086;31,400;0,000;346,550;344,750;28,70;844,550;263,183;0,000;572,500;582,200;559,500;314,450;;;;;0,00;0,00;0,00;3,00;5,70;14,975;28,874;0,61;0,61;999998,00;999998,00;999998,00;999998,00;999998,00;999998,00;999998,00;999998,00;999998,00;999998,00;999998,00;999998,00;999998,00;999998,00;999998,00;;;;;;;;;;;;;;;;;1,0529;0,00000;0,0000;0,00083415;0,00083415;-0,00166;0,25673;170,0701;24,706963;-0,004325;24,242954;24,117034;-0,0009;-0,0914;7,15;714,34;0,00;0,00;0,07;;295,260;296,020;0,0105434;20,94500;0,04600;0,00100;0,0001432;;0,28;576,00;;;
;;577;20,94500;0,04600;0,006000;106,825;100,38;-71,4100;0,000;101,090;31,400;0,000;346,450;344,650;28,70;844,650;263,183;0,000;572,700;582,300;559,500;314,450;;;;;0,00;0,00;0,00;3,00;5,70;14,992;28,866;0,61;0,61;999998,00;999998,00;999998,00;999998,00;999998,00;999998,00;999998,00;999998,00;999998,00;999998,00;999998,00;999998,00;999998,00;999998,00;999998,00;;;;;;;;;;;;;;;;;1,0341;0,00000;0,0000;0,00000000;0,00000000;-0,00163;Infinity;170,0712;24,265967;-0,003914;23,803370;23,679698;-0,0008;-0,0812;7,15;714,34;0,00;0,00;0,07;;294,750;294,997;0,0103552;20,94500;0,04600;0,00100;0,0001432;;0,28;577,00;;;
;;578;20,94300;0,04600;0,000000;109,825;100,39;-71,4100;0,000;101,090;31,400;0,000;346,350;344,650;28,70;844,583;263,183;0,000;572,500;582,300;559,500;314,450;;;;;0,00;0,00;0,00;3,00;5,70;14,967;28,860;0,61;0,61;999998,00;999998,00;999998,00;999998,00;999998,00;999998,00;999998,00;999998,00;999998,00;999998,00;999998,00;999998,00;999998,00;999998,00;999998,00;;;;;;;;;;;;;;;;;1,0486;0,00000;0,0000;0,00000000;0,00000000;-0,00165;Infinity;170,0722;24,607894;-0,004093;24,131810;24,013363;-0,0009;-0,0861;7,15;714,34;0,00;0,00;0,07;;294,242;294,997;0,0105011;20,94500;0,04600;0,00100;0,0001432;;0,28;578,00;;;
;;579;20,94400;0,04500;0,016000;110,200;100,40;-71,4100;0,000;101,090;31,400;0,000;346,250;344,450;28,70;844,617;263,183;0,000;572,600;582,300;559,500;314,450;;;;;0,00;0,00;0,00;3,00;5,70;15,000;28,892;0,61;0,61;999998,00;999998,00;999998,00;999998,00;999998,00;999998,00;999998,00;999998,00;999998,00;999998,00;999998,00;999998,00;999998,00;999998,00;999998,00;;;;;;;;;;;;;;;;;1,0506;0,00000;0,0000;0,00000000;0,00000000;-0,00165;Infinity;170,0733;24,653430;-0,004190;24,169485;24,043839;-0,0009;-0,0882;7,15;714,34;0,00;0,00;0,07;;293,735;293,982;0,0105206;20,94500;0,04600;0,00100;0,0001432;;0,28;579,00;;;
;;580;20,94500;0,04500;0,005000;111,250;100,40;-71,4100;0,000;101,090;31,400;0,000;346,150;344,450;28,70;844,650;263,183;0,000;572,700;582,300;559,500;314,450;;;;;0,00;0,00;0,00;3,00;5,71;14,977;28,860;0,61;0,61;999998,00;999998,00;999998,00;999998,00;999998,00;999998,00;999998,00;999998,00;999998,00;999998,00;999998,00;999998,00;999998,00;999998,00;999998,00;;;;;;;;;;;;;;;;;1,0557;0,00000;0,0000;0,00000000;0,00000000;-0,00166;Infinity;170,0743;24,774179;-0,004188;24,280850;24,161603;-0,0009;-0,0886;7,15;714,34;0,00;0,00;0,07;;293,231;293,982;0,0105721;20,94500;0,04600;0,00100;0,0001432;;0,28;580,00;;;
;;581;20,94400;0,04500;0,003000;108,650;100,41;-71,4100;0,000;101,092;31,300;0,000;346,050;344,350;28,70;844,683;263,183;0,000;572,700;582,400;559,500;314,450;;;;;0,00;0,00;0,00;3,00;5,71;15,021;28,882;0,61;0,61;999998,00;999998,00;999998,00;999998,00;999998,00;999998,00;999998,00;999998,00;999998,00;999998,00;999998,00;999998,00;999998,00;999998,00;999998,00;;;;;;;;;;;;;;;;;1,0435;0,00000;0,0000;0,00000000;0,00000000;-0,00164;Infinity;170,0754;24,486509;-0,004236;23,991975;23,874112;-0,0009;-0,0886;7,15;714,34;0,00;0,00;0,07;;292,728;292,974;0,0104493;20,94500;0,04600;0,00100;0,0001432;;0,28;581,00;;;
;;582;20,94500;0,04500;-0,004000;111,000;100,42;-71,4100;0,000;101,088;31,300;0,000;345,850;344,150;28,70;844,383;263,183;0,000;571,800;582,400;559,500;314,450;;;;;0,00;0,00;0,00;3,00;5,71;14,964;28,879;0,61;0,61;999998,00;999998,00;999998,00;999998,00;999998,00;999998,00;999998,00;999998,00;999998,00;999998,00;999998,00;999998,00;999998,00;999998,00;999998,00;;;;;;;;;;;;;;;;;1,0550;0,00000;0,0000;0,00000000;0,00000000;-0,00166;Infinity;170,0764;24,757058;-0,004382;24,243040;24,123875;-0,0009;-0,0926;7,15;714,34;0,00;0,00;0,07;;292,227;292,974;0,0105648;20,94500;0,04600;0,00100;0,0001432;;0,28;582,00;;;
;;583;20,94400;0,04500;0,001000;105,650;100,40;-71,4100;0,000;101,092;31,300;0,000;345,750;343,950;28,70;844,483;263,183;0,000;572,100;582,400;559,500;314,450;;;;;0,00;0,00;0,00;3,00;5,71;14,926;28,884;0,61;0,61;999998,00;999998,00;999998,00;999998,00;999998,00;999998,00;999998,00;999998,00;999998,00;999998,00;999998,00;999998,00;999998,00;999998,00;999998,00;;;;;;;;;;;;;;;;;1,0294;0,00000;0,0000;0,00083415;0,00083415;-0,00162;0,25101;170,0775;24,156560;-0,004149;23,648171;23,525057;-0,0009;-0,0855;7,15;714,34;0,00;0,00;0,07;;291,727;291,972;0,0103085;20,94500;0,04600;0,00100;0,0001432;;0,28;583,00;;;
;;584;20,94400;0,04600;-0,014000;110,075;100,40;-71,4100;0,000;101,092;31,300;0,000;345,650;343,850;28,70;844,583;263,183;0,000;572,400;582,400;559,500;314,450;;;;;0,00;0,00;0,00;3,00;5,71;14,977;28,876;0,61;0,61;999998,00;999998,00;999998,00;999998,00;999998,00;999998,00;999998,00;999998,00;999998,00;999998,00;999998,00;999998,00;999998,00;999998,00;999998,00;;;;;;;;;;;;;;;;;1,0509;0,00000;0,0000;0,00000000;0,00000000;-0,00165;Infinity;170,0785;24,660820;-0,004196;24,134835;24,009151;-0,0009;-0,0882;7,15;714,34;0,00;0,00;0,07;;291,229;291,972;0,0105237;20,94500;0,04600;0,00100;0,0001432;;0,28;584,00;;;
;;585;20,94500;0,04600;0,001000;105,425;100,41;-71,4000;0,000;101,090;31,200;0,000;345,550;343,850;28,70;844,517;263,183;0,000;572,300;582,400;559,400;314,450;;;;;0,00;0,00;0,00;3,00;5,71;15,013;28,890;0,61;0,60;999998,00;999998,00;999998,00;999998,00;999998,00;999998,00;999998,00;999998,00;999998,00;999998,00;999998,00;999998,00;999998,00;999998,00;999998,00;;;;;;;;;;;;;;;;;;;;;;;;;24,137807;-0,004335;23,616143;23,499959;;;;;;;;;;;;20,94500;0,04600;0,00100;0,0001432;;0,29;585,00;;;
