General information;;time (s);O2;CO2;CO;Pdiff;Light;Mass;Methane;AmbP;AmbH;HFM;TC stack;TC smoke;TC amb.;TC cone;T PK;Soot;TC cone1;TC cone2;TC cone3;TC aux;CH4;CO;CO2;Ethene;H2O;n.u.;n.u.;UOX Bin;n.u.;UOX Hum.;UOX Temp;n.u.;TEext1;TEext2;TEext3;TEext4;TEext5;TEext6;TEext7;TEext8;TEext9;TEext10;TEext11;TEext12;TEext13;TEext14;TEext15;n.u.;n.u.;n.u.;n.u.;n.u.;n.u.;n.u.;n.u.;n.u.;n.u.;n.u.;n.u.;n.u.;n.u.;n.u.;n.u.;n.u.;HRR/a;EHC;SEA;MLR;MLR/a;COY;CO2Y/sh;THR/a;MFR;K;Vstack;Vsmoke;SPR;RSR;TSP;TSR;COP;CO2P;O2C;TOC;ARHE;Mass;HRR;O2/sh;CO2/sh;CO/sh;phi;FU27;FU28;FU29;FU30;FU31;
;;;%;%;%;Pa;-;g;g/s;Pa;%;kW/m²;°C;°C;°C;°C;°C;g/min;°C;°C;°C;°C;ppm;ppm;%;ppm;ppm;no;no;;no;%;°C;no;°C;°C;°C;°C;°C;°C;°C;°C;°C;°C;°C;°C;°C;°C;°C;no;no;no;no;no;no;no;no;no;no;no;no;no;no;no;no;no;kW/m²;MJ/kg;m²/kg;g/s;g/(s*m²);[kg/kg];[kg/kg];MJ/m²;g/s;1/m;l/s;l/s;m²/s;(m²/s)/m²;m²;m²;g/s;g/s;g/s;g;kW/m²;g;kW;[%];[%];%;;;;;;;
Test;;0;20,94700;0,04900;-0,004000;113,575;100,03;0,0000;0,000;101,052;35,600;0,005;322,150;323,750;27,00;849,250;263,190;0,000;585,200;585,900;557,200;313,050;;;;;0,00;0,00;0,00;3,00;2,46;15,835;27,130;0,59;0,58;999998,00;999998,00;999998,00;999998,00;999998,00;999998,00;999998,00;999998,00;999998,00;999998,00;999998,00;999998,00;999998,00;999998,00;999998,00;;;;;;;;;;;;;;;;;1,6402;;;0,00000000;0,00000000;-0,00129;Infinity;0,0016;25,947394;0,000004;23,667487;23,785034;0,0000;0,0001;0,00;0,00;0,00;0,00;0,12;;;;0,0164892;20,94800;0,04900;-0,00200;0,0002130;;71,22;0,00;;;
Standard used;ISO 5660-1;1;20,94700;0,04900;0,015000;112,825;100,04;0,0000;0,000;101,052;35,600;0,005;322,050;323,750;27,00;849,183;263,190;0,000;585,300;585,700;557,100;313,050;;;;;0,00;0,00;0,00;3,00;2,46;15,812;27,130;0,59;0,58;999998,00;999998,00;999998,00;999998,00;999998,00;999998,00;999998,00;999998,00;999998,00;999998,00;999998,00;999998,00;999998,00;999998,00;999998,00;;;;;;;;;;;;;;;;;0,9759;;;-0,00084432;-0,00084432;-0,00060;-2,04583;0,0026;25,865595;-0,000100;23,585552;23,710052;0,0000;-0,0021;0,00;0,00;0,00;0,00;0,09;;0,488;0,976;0,0098102;20,94900;0,04800;0,00100;0,0001273;;71,22;1,00;;;
Date of test;02.07.2026;2;20,94400;0,04800;-0,001000;116,525;100,04;0,0000;0,000;101,052;35,700;0,005;322,050;323,650;27,00;847,550;263,190;0,000;580,700;585,500;557,000;313,050;;;;;0,00;0,00;0,00;3,00;2,46;15,807;27,127;0,59;0,58;999998,00;999998,00;999998,00;999998,00;999998,00;999998,00;999998,00;999998,00;999998,00;999998,00;999998,00;999998,00;999998,00;999998,00;999998,00;;;;;;;;;;;;;;;;;0,6672;;;0,00758870;0,00758870;0,00148;0,17835;0,0033;26,286293;-0,000048;23,969166;24,088248;0,0000;-0,0010;0,00;0,00;0,00;0,00;0,12;;0,655;0,976;0,0067071;20,94800;0,04700;0,01000;0,0000865;;71,22;2,00;;;
Time of test;11:01;3;20,94600;0,05000;0,006000;114,425;100,05;-0,0101;0,000;101,060;35,600;0,005;322,050;323,750;27,00;846,117;263,190;0,000;576,700;585,400;556,800;313,050;;;;;0,00;0,00;0,00;3,00;2,47;15,839;27,108;0,59;0,58;999998,00;999998,00;999998,00;999998,00;999998,00;999998,00;999998,00;999998,00;999998,00;999998,00;999998,00;999998,00;999998,00;999998,00;999998,00;;;;;;;;;;;;;;;;;0,0000;;;-0,00583903;-0,00583903;0,00376;-0,22969;0,0033;26,048351;-0,000202;23,752198;23,877579;0,0000;-0,0042;0,00;0,00;0,00;0,00;0,12;;0,548;0,651;0,0000000;20,94800;0,04700;0,02000;-0,0000401;;71,21;3,00;;;
Heat flux (kW/m²);25;4;20,94400;0,05000;0,003000;116,050;100,02;0,0100;0,000;101,052;35,600;0,005;322,050;323,650;27,00;845,050;263,190;0,000;573,800;585,200;556,700;313,050;;;;;0,00;0,00;0,00;3,00;2,47;15,856;27,130;0,58;0,58;999998,00;999998,00;999998,00;999998,00;999998,00;999998,00;999998,00;999998,00;999998,00;999998,00;999998,00;999998,00;999998,00;999998,00;999998,00;;;;;;;;;;;;;;;;;0,0000;;;-0,01259359;-0,01259359;0,00286;-0,10725;0,0033;26,232661;0,000125;23,920262;24,039102;0,0000;0,0026;0,00;0,00;0,00;0,00;0,09;;0,411;0,651;0,0000000;20,94900;0,04700;0,01600;-0,0000499;;71,23;4,00;;;
Nominal duct flow rate (l/s);24,0;5;20,94500;0,05100;0,021000;118,825;100,02;0,0100;0,000;101,052;35,600;0,005;322,050;323,650;27,00;844,183;263,190;0,000;571,400;585,100;556,600;313,050;;;;;0,00;0,00;0,00;3,00;2,47;15,751;27,119;0,58;0,58;999998,00;999998,00;999998,00;999998,00;999998,00;999998,00;999998,00;999998,00;999998,00;999998,00;999998,00;999998,00;999998,00;999998,00;999998,00;;;;;;;;;;;;;;;;;0,5734;;;0,00084432;0,00084432;0,00172;1,61872;0,0039;26,544448;0,000125;24,204564;24,324817;0,0000;0,0027;0,00;0,01;0,00;0,00;0,12;;0,386;0,505;0,0057645;20,94800;0,04700;0,01100;0,0000738;;71,23;5,00;;;
Sampling interval (s);1;6;20,94500;0,05000;0,011000;120,475;100,03;0,0100;0,000;101,060;35,600;0,005;322,050;323,650;27,00;843,450;263,190;0,000;569,700;584,800;556,400;313,050;;;;;0,00;0,00;0,00;3,00;2,47;15,856;27,119;0,58;0,58;999998,00;999998,00;999998,00;999998,00;999998,00;999998,00;999998,00;999998,00;999998,00;999998,00;999998,00;999998,00;999998,00;999998,00;999998,00;;;;;;;;;;;;;;;;;0,5781;;;0,00499471;0,00499471;0,00150;0,35737;0,0044;26,728110;-0,000029;24,372037;24,493121;0,0000;-0,0006;0,00;0,01;0,00;0,00;0,12;;0,418;0,505;0,0058113;20,94800;0,04800;0,01000;0,0000738;;71,23;6,00;;;
Separation (mm);25;7;20,94300;0,05000;0,009000;114,300;100,05;0,0000;0,000;101,052;35,600;0,005;322,050;323,650;27,00;842,917;263,190;0,000;568,300;584,700;556,300;313,050;;;;;0,00;0,00;0,00;3,00;2,47;15,824;27,119;0,58;0,58;999998,00;999998,00;999998,00;999998,00;999998,00;999998,00;999998,00;999998,00;999998,00;999998,00;999998,00;999998,00;999998,00;999998,00;999998,00;;;;;;;;;;;;;;;;;1,1789;;;0,01174927;0,01174927;-0,00106;0,14797;0,0056;26,034120;-0,000218;23,739222;23,857163;0,0000;-0,0045;0,00;0,01;0,00;0,00;0,09;;0,483;0,611;0,0118518;20,94900;0,04800;-0,00100;0,0001526;;71,22;7,00;;;
Orientation;hor;8;20,94400;0,04900;0,000000;114,950;100,02;-0,0101;0,000;101,060;35,600;0,005;322,050;323,650;27,00;842,483;263,190;0,000;567,200;584,600;556,200;313,050;;;;;0,00;0,00;0,00;3,00;2,47;15,820;27,132;0,58;0,58;999998,00;999998,00;999998,00;999998,00;999998,00;999998,00;999998,00;999998,00;999998,00;999998,00;999998,00;999998,00;999998,00;999998,00;999998,00;;;;;;;;;;;;;;;;;2,4893;;;0,00592041;0,00592041;-0,00498;0,22705;0,0081;26,108039;0,000109;23,806625;23,924901;0,0000;0,0023;0,00;0,01;0,00;0,00;0,06;;0,652;0,611;0,0250250;20,95000;0,04700;-0,01800;0,0003200;;71,21;8,00;;;
Edge frame?;N;9;20,94500;0,04900;-0,005000;112,450;100,02;-0,0101;0,000;101,060;35,600;0,005;322,050;323,650;27,00;842,117;263,190;0,000;566,200;584,600;556,100;313,050;;;;;0,00;0,00;0,00;3,00;2,47;15,832;27,122;0,58;0,58;999998,00;999998,00;999998,00;999998,00;999998,00;999998,00;999998,00;999998,00;999998,00;999998,00;999998,00;999998,00;999998,00;999998,00;999998,00;;;;;;;;;;;;;;;;;3,0933;;;-0,00675456;-0,00675456;-0,00402;-0,13837;0,0112;25,822573;0,000075;23,546322;23,663304;0,0000;0,0015;0,00;0,01;0,00;0,00;0,12;;0,890;0,950;0,0310970;20,94800;0,04600;-0,01400;0,0004028;;71,21;9,00;;;
Grid?;N;10;20,94400;0,04900;-0,004000;116,600;100,01;0,0000;0,000;101,060;35,600;0,005;321,950;323,650;27,00;841,817;263,196;0,000;565,400;584,500;556,100;313,050;;;;;0,00;0,00;0,00;3,00;2,47;15,843;27,114;0,58;0,58;999998,00;999998,00;999998,00;999998,00;999998,00;999998,00;999998,00;999998,00;999998,00;999998,00;999998,00;999998,00;999998,00;999998,00;999998,00;;;;;;;;;;;;;;;;;1,0909;0,00000;0,0000;-0,00675456;-0,00675456;-0,00061;-0,20047;0,0123;26,298835;0,000161;23,973156;24,099742;0,0000;0,0034;0,00;0,01;0,00;0,00;0,09;;1,010;0,950;0,0109667;20,94900;0,04700;0,00100;0,0001400;;71,22;10,00;;;
Non-scrubbed?;;11;20,94600;0,04800;-0,002000;114,200;100,02;0,0000;0,000;101,054;35,700;0,005;322,050;323,650;27,00;841,517;263,196;0,000;564,700;584,400;556,000;313,050;;;;;0,00;0,00;0,00;3,00;2,48;15,812;27,138;0,58;0,58;999998,00;999998,00;999998,00;999998,00;999998,00;999998,00;999998,00;999998,00;999998,00;999998,00;999998,00;999998,00;999998,00;999998,00;999998,00;;;;;;;;;;;;;;;;;0,0000;0,00000;0,0000;0,00675456;0,00675456;0,00169;0,25728;0,0123;26,022729;0,000110;23,728835;23,846724;0,0000;0,0023;0,00;0,01;0,00;0,00;0,06;;0,968;1,058;0,0000000;20,95000;0,04800;0,01100;-0,0000597;;71,22;11,00;;;
Substrate used? {Y/N};;12;20,94800;0,04700;0,001000;114,700;100,01;-0,0101;0,000;101,060;35,700;0,005;322,050;323,650;27,00;841,350;263,196;0,000;564,200;584,400;556,000;313,050;;;;;0,00;0,00;0,00;3,00;2,48;15,786;27,149;0,58;0,58;999998,00;999998,00;999998,00;999998,00;999998,00;999998,00;999998,00;999998,00;999998,00;999998,00;999998,00;999998,00;999998,00;999998,00;999998,00;;;;;;;;;;;;;;;;;0,0000;0,00000;0,0000;0,00591024;0,00591024;0,00307;0,22720;0,0123;26,079634;0,000196;23,780724;23,898870;0,0000;0,0041;0,00;0,02;0,00;0,00;0,06;;0,887;1,058;0,0000000;20,95000;0,04700;0,01700;-0,0001230;;71,21;12,00;;;
Substrate;;13;20,94900;0,04700;0,010000;114,800;100,00;-0,0101;0,000;101,060;35,700;0,005;321,950;323,650;27,00;841,217;263,196;0,000;563,800;584,400;556,000;313,050;;;;;0,00;0,00;0,00;3,00;2,48;15,780;27,116;0,58;0,58;999998,00;999998,00;999998,00;999998,00;999998,00;999998,00;999998,00;999998,00;999998,00;999998,00;999998,00;999998,00;999998,00;999998,00;999998,00;;;;;;;;;;;;;;;;;1,5497;0,00000;0,0000;-0,00084432;-0,00084432;-0,00061;-1,59131;0,0138;26,095053;0,000352;23,787394;23,913000;0,0001;0,0073;0,00;0,03;0,00;0,00;0,12;;0,879;1,015;0,0155787;20,94800;0,04700;0,00100;0,0002004;;71,21;13,00;;;
Additional preparation details;;14;20,94800;0,04700;0,020000;119,950;100,01;-0,0101;0,000;101,064;35,700;0,005;321,950;323,650;27,00;840,883;263,196;0,000;562,800;584,500;555,900;313,050;;;;;0,00;0,00;0,00;3,00;2,48;15,782;27,146;0,58;0,58;999998,00;999998,00;999998,00;999998,00;999998,00;999998,00;999998,00;999998,00;999998,00;999998,00;999998,00;999998,00;999998,00;999998,00;999998,00;;;;;;;;;;;;;;;;;0,6025;0,00000;0,0000;0,00000000;0,00000000;0,00056;Infinity;0,0144;26,673951;0,000197;24,315099;24,443491;0,0000;0,0042;0,00;0,03;0,00;0,00;0,09;;0,893;1,015;0,0060572;20,94900;0,04700;0,00600;0,0000767;;71,21;14,00;;;
;;15;20,94800;0,04700;0,016000;119,675;100,02;-0,0101;0,000;101,060;35,700;0,005;321,950;323,550;27,00;840,883;263,196;0,000;562,900;584,400;555,900;313,050;;;;;0,00;0,00;0,00;3,00;2,48;15,790;27,143;0,58;0,58;999998,00;999998,00;999998,00;999998,00;999998,00;999998,00;999998,00;999998,00;999998,00;999998,00;999998,00;999998,00;999998,00;999998,00;999998,00;;;;;;;;;;;;;;;;;0,2998;0,00000;0,0000;0,00084432;0,00084432;0,00126;1,62475;0,0147;26,643357;0,000111;24,287210;24,407911;0,0000;0,0024;0,00;0,03;0,00;0,00;0,09;;0,863;1,003;0,0030139;20,94900;0,04700;0,00900;0,0000387;;71,21;15,00;;;
Specimen;;16;20,94900;0,04800;0,011000;118,725;100,03;-0,0101;0,000;101,052;35,700;0,005;321,950;323,550;27,00;841,017;263,196;0,000;563,100;584,600;555,900;313,050;;;;;0,00;0,00;0,00;3,00;2,48;15,841;27,119;0,58;0,58;999998,00;999998,00;999998,00;999998,00;999998,00;999998,00;999998,00;999998,00;999998,00;999998,00;999998,00;999998,00;999998,00;999998,00;999998,00;;;;;;;;;;;;;;;;;0,3727;0,00000;0,0000;-0,00591024;-0,00591024;0,00219;-0,23118;0,0151;26,537396;-0,000009;24,190620;24,310841;0,0000;-0,0002;0,00;0,03;0,00;0,00;0,12;;0,830;1,003;0,0037467;20,94800;0,04700;0,01300;0,0000485;;71,21;16,00;;;
Sample description;PMMA_DE_6mm_q25_Al2O3_R1;17;20,94800;0,04800;0,010000;115,725;100,04;0,0000;0,000;101,054;35,700;0,005;321,950;323,650;27,00;841,017;263,196;0,000;563,200;584,500;555,900;313,050;;;;;0,00;0,00;0,00;3,00;2,48;15,786;27,154;0,58;0,58;999998,00;999998,00;999998,00;999998,00;999998,00;999998,00;999998,00;999998,00;999998,00;999998,00;999998,00;999998,00;999998,00;999998,00;999998,00;;;;;;;;;;;;;;;;;0,4928;0,00000;0,0000;-0,00591024;-0,00591024;0,00078;-0,22824;0,0156;26,199971;-0,000129;23,883035;24,009145;0,0000;-0,0027;0,00;0,03;0,00;0,00;0,09;;0,807;0,931;0,0049543;20,94900;0,04700;0,00700;0,0000640;;71,22;17,00;;;
Material name/ID;PMMA_DE_6mm;18;20,94800;0,04700;-0,001000;119,175;100,05;0,0000;0,000;101,062;35,700;0,005;322,050;323,850;27,00;841,117;263,196;0,000;563,300;584,600;556,000;313,050;;;;;0,00;0,00;0,00;3,00;2,48;15,820;27,151;0,58;0,58;999998,00;999998,00;999998,00;999998,00;999998,00;999998,00;999998,00;999998,00;999998,00;999998,00;999998,00;999998,00;999998,00;999998,00;999998,00;;;;;;;;;;;;;;;;;2,0058;0,00000;0,0000;0,00084432;0,00084432;-0,00249;1,13959;0,0176;26,583512;-0,000197;24,240185;24,375668;0,0000;-0,0042;0,00;0,03;0,00;0,00;0,09;;0,832;0,931;0,0201646;20,94900;0,04600;-0,00700;0,0002539;;71,22;18,00;;;
Specimen number;R1;19;20,94900;0,04600;-0,018000;118,875;100,05;0,0000;0,000;101,062;35,700;0,005;322,150;323,950;27,00;841,217;263,196;0,000;563,500;584,700;556,000;313,050;;;;;0,00;0,00;0,00;3,00;2,49;15,820;27,141;0,58;0,58;999998,00;999998,00;999998,00;999998,00;999998,00;999998,00;999998,00;999998,00;999998,00;999998,00;999998,00;999998,00;999998,00;999998,00;999998,00;;;;;;;;;;;;;;;;;1,2269;0,00000;0,0000;0,00000000;0,00000000;-0,00179;Infinity;0,0188;26,545911;-0,000145;24,213414;24,348706;0,0000;-0,0031;0,00;0,03;0,00;0,00;0,07;;0,873;0,924;0,0123342;20,95000;0,04600;-0,00400;0,0001555;;71,22;19,00;;;
E (MJ/kg);13,10;20;20,95000;0,04700;-0,014000;117,500;100,04;0,0000;0,000;101,064;35,700;0,005;322,150;324,050;27,00;841,183;263,203;0,000;563,300;584,800;556,000;313,050;;;;;0,00;0,00;0,00;3,00;2,49;15,814;27,141;0,58;0,58;999998,00;999998,00;999998,00;999998,00;999998,00;999998,00;999998,00;999998,00;999998,00;999998,00;999998,00;999998,00;999998,00;999998,00;999998,00;;;;;;;;;;;;;;;;;0,0000;0,00000;0,0000;0,00000000;0,00000000;0,00102;Infinity;0,0188;26,391939;-0,000042;24,072972;24,214951;0,0000;-0,0009;0,00;0,03;0,00;0,00;0,04;;0,860;0,924;0,0000000;20,95100;0,04500;0,00800;-0,0000441;;71,22;20,00;;;
Initial mass (g);71,22;21;20,94800;0,04800;0,001000;117,500;100,04;0,0000;0,000;101,064;35,700;0,005;322,150;324,050;27,00;841,083;263,203;0,000;563,000;584,800;556,000;313,050;;;;;0,00;0,00;0,00;3,00;2,49;15,807;27,151;0,58;0,58;999998,00;999998,00;999998,00;999998,00;999998,00;999998,00;999998,00;999998,00;999998,00;999998,00;999998,00;999998,00;999998,00;999998,00;999998,00;;;;;;;;;;;;;;;;;0,0000;0,00000;0,0000;-0,00084432;-0,00084432;0,00055;-0,65333;0,0188;26,391939;-0,000042;24,072972;24,214951;0,0000;-0,0009;0,00;0,03;0,00;0,00;0,04;;0,819;0,894;0,0000000;20,95100;0,04500;0,00600;-0,0000188;;71,22;21,00;;;
Thickness (mm);5,98;22;20,94900;0,04700;0,011000;114,000;100,03;0,0000;0,000;101,062;35,700;0,005;322,150;324,150;27,00;841,117;263,203;0,000;563,000;584,900;556,000;313,050;;;;;0,00;0,00;0,00;3,00;2,49;15,856;27,127;0,58;0,58;999998,00;999998,00;999998,00;999998,00;999998,00;999998,00;999998,00;999998,00;999998,00;999998,00;999998,00;999998,00;999998,00;999998,00;999998,00;;;;;;;;;;;;;;;;;0,0000;0,00000;0,0000;0,00591024;0,00591024;0,00306;0,15920;0,0188;25,995897;0,000045;23,711728;23,858937;0,0000;0,0009;0,00;0,03;0,00;0,00;0,01;;0,782;0,894;0,0000000;20,95200;0,04600;0,01700;-0,0002311;;71,22;22,00;;;
Surface area (cm²);100,53;23;20,95000;0,04700;0,017000;114,500;100,05;-0,0101;0,000;101,062;35,700;0,005;322,150;324,150;27,00;841,183;263,203;0,000;563,200;584,900;556,000;313,050;;;;;0,00;0,00;0,00;3,00;2,49;15,849;27,146;0,58;0,58;999998,00;999998,00;999998,00;999998,00;999998,00;999998,00;999998,00;999998,00;999998,00;999998,00;999998,00;999998,00;999998,00;999998,00;999998,00;;;;;;;;;;;;;;;;;0,0000;0,00000;0,0000;0,00591024;0,00591024;0,00422;0,15955;0,0188;26,052843;-0,000144;23,763671;23,911202;0,0000;-0,0030;0,00;0,03;0,00;0,00;0,06;;0,748;0,817;0,0000000;20,95000;0,04600;0,02200;-0,0001736;;71,21;23,00;;;
Sponsor;;24;20,95000;0,04700;0,001000;119,750;100,05;-0,0101;0,000;101,054;35,800;0,005;322,150;324,050;27,00;841,283;263,203;0,000;563,300;585,000;556,100;313,050;;;;;0,00;0,00;0,00;3,00;2,49;15,814;27,135;0,58;0,58;999998,00;999998,00;999998,00;999998,00;999998,00;999998,00;999998,00;999998,00;999998,00;999998,00;999998,00;999998,00;999998,00;999998,00;999998,00;;;;;;;;;;;;;;;;;0,0000;0,00000;0,0000;0,00000000;0,00000000;0,00596;Infinity;0,0188;26,643430;-0,000212;24,302365;24,445698;0,0000;-0,0045;0,00;0,03;0,01;0,00;0,07;;0,717;0,817;0,0000000;20,95000;0,04500;0,02900;-0,0002496;;71,21;24,00;;;
Manufacturer;;25;20,94800;0,04700;0,006000;117,000;100,05;-0,0101;0,000;101,054;35,800;0,005;322,150;324,050;27,00;841,317;263,203;0,000;563,300;585,100;556,100;313,050;;;;;0,00;0,00;0,00;3,00;2,49;15,820;27,130;0,58;0,58;999998,00;999998,00;999998,00;999998,00;999998,00;999998,00;999998,00;999998,00;999998,00;999998,00;999998,00;999998,00;999998,00;999998,00;999998,00;;;;;;;;;;;;;;;;;0,0000;0,00000;0,0000;-0,00675456;-0,00675456;0,00334;-0,08149;0,0188;26,335726;-0,000194;24,021698;24,163375;0,0000;-0,0041;0,00;0,03;0,00;0,00;0,04;;0,688;0,751;0,0000000;20,95100;0,04500;0,01800;-0,0001707;;71,21;25,00;;;
Test start time (s);60;26;20,94900;0,04700;0,009000;113,850;100,04;0,0000;0,000;101,064;35,800;0,005;322,150;323,950;27,00;841,317;263,203;0,000;563,300;585,100;556,100;313,050;;;;;0,00;0,00;0,00;3,00;2,49;15,828;27,141;0,58;0,58;999998,00;999998,00;999998,00;999998,00;999998,00;999998,00;999998,00;999998,00;999998,00;999998,00;999998,00;999998,00;999998,00;999998,00;999998,00;;;;;;;;;;;;;;;;;0,0000;0,00000;0,0000;0,00000000;0,00000000;0,00077;Infinity;0,0188;25,978788;-0,000125;23,696123;23,828524;0,0000;-0,0026;0,00;0,03;0,00;0,00;0,04;;0,661;0,751;0,0000000;20,95100;0,04500;0,00700;-0,0000314;;71,22;26,00;;;
Time to ignition (s);85;27;20,94900;0,04700;0,013000;116,550;100,07;-0,0101;0,000;101,054;35,800;0,005;322,150;323,950;27,00;841,350;263,203;0,000;563,100;585,300;556,200;313,050;;;;;0,00;0,00;0,00;3,00;2,50;15,828;27,141;0,58;0,58;999998,00;999998,00;999998,00;999998,00;999998,00;999998,00;999998,00;999998,00;999998,00;999998,00;999998,00;999998,00;999998,00;999998,00;999998,00;;;;;;;;;;;;;;;;;0,8429;0,00000;0,0000;0,00675456;0,00675456;-0,00177;0,08134;0,0197;26,285032;-0,000348;23,975458;24,109420;-0,0001;-0,0073;0,00;0,03;0,00;0,00;0,04;;0,653;0,727;0,0084735;20,95100;0,04500;-0,00400;0,0001078;;71,21;27,00;;;
Time to flameout (s);511;28;20,94800;0,04600;0,007000;121,125;100,03;-0,0101;0,000;101,056;35,800;0,005;322,150;323,850;27,00;841,417;263,203;0,000;563,200;585,400;556,200;313,050;;;;;0,00;0,00;0,00;3,00;2,50;15,826;27,138;0,58;0,58;999998,00;999998,00;999998,00;999998,00;999998,00;999998,00;999998,00;999998,00;999998,00;999998,00;999998,00;999998,00;999998,00;999998,00;999998,00;;;;;;;;;;;;;;;;;0,8593;0,00000;0,0000;-0,00084432;-0,00084432;-0,00180;-0,66333;0,0205;26,795956;0,000014;24,441490;24,570468;0,0000;0,0003;0,00;0,03;0,00;0,00;0,04;;0,660;0,727;0,0086382;20,95100;0,04500;-0,00400;0,0001078;;71,21;28,00;;;
End of test criteria;User end of test;29;20,94900;0,04600;-0,007000;114,825;100,03;-0,0101;0,000;101,054;35,800;0,005;322,150;323,950;27,00;841,517;263,203;0,000;563,500;585,400;556,200;313,050;;;;;0,00;0,00;0,00;3,00;2,50;15,812;27,143;0,58;0,58;999998,00;999998,00;999998,00;999998,00;999998,00;999998,00;999998,00;999998,00;999998,00;999998,00;999998,00;999998,00;999998,00;999998,00;999998,00;;;;;;;;;;;;;;;;;1,0816;0,00000;0,0000;0,00000000;0,00000000;-0,00038;Infinity;0,0216;26,089791;0,000015;23,797372;23,930339;0,0000;0,0003;0,00;0,03;0,00;0,00;0,09;;0,670;0,743;0,0108729;20,94900;0,04600;0,00200;0,0001400;;71,21;29,00;;;
User EOT time (s);666;30;20,94900;0,04500;-0,004000;118,425;100,02;-0,0101;0,000;101,054;35,800;0,005;322,150;324,050;27,00;841,617;263,203;0,000;563,600;585,500;556,300;313,050;;;;;0,00;0,00;0,00;3,00;2,50;15,830;27,157;0,58;0,58;999998,00;999998,00;999998,00;999998,00;999998,00;999998,00;999998,00;999998,00;999998,00;999998,00;999998,00;999998,00;999998,00;999998,00;999998,00;;;;;;;;;;;;;;;;;1,4988;0,00000;0,0000;0,00000000;0,00000000;-0,00132;Infinity;0,0231;26,495619;0,000067;24,167542;24,310079;0,0000;0,0014;0,00;0,04;0,00;0,00;0,09;;0,691;0,743;0,0150671;20,94900;0,04600;-0,00200;0,0001906;;71,21;30,00;;;
MLR EOT mass (g/m²);;31;20,95000;0,04500;0,008000;115,850;100,02;-0,0101;0,000;101,056;35,800;0,005;322,150;324,050;27,00;841,850;263,203;0,000;564,200;585,600;556,300;313,050;;;;;0,00;0,00;0,00;3,00;2,50;15,812;27,154;0,58;0,58;999998,00;999998,00;999998,00;999998,00;999998,00;999998,00;999998,00;999998,00;999998,00;999998,00;999998,00;999998,00;999998,00;999998,00;999998,00;;;;;;;;;;;;;;;;;0,0000;0,00000;0,0000;-0,00083415;-0,00083415;0,00263;-1,61757;0,0231;26,205979;0,000086;23,903351;24,044330;0,0000;0,0018;0,00;0,04;0,00;0,00;0,09;;0,693;0,730;0,0000000;20,94900;0,04700;0,01500;-0,0000372;;71,21;31,00;;;
MLR time period (s);;32;20,95100;0,04600;0,006000;119,925;100,03;-0,0101;0,000;101,052;35,800;0,005;322,250;324,150;27,00;841,950;263,203;0,000;564,200;585,800;556,400;313,050;;;;;0,00;0,00;0,00;3,00;2,50;15,833;27,143;0,58;0,58;999998,00;999998,00;999998,00;999998,00;999998,00;999998,00;999998,00;999998,00;999998,00;999998,00;999998,00;999998,00;999998,00;999998,00;999998,00;;;;;;;;;;;;;;;;;0,0978;0,00000;0,0000;0,00583903;0,00583903;0,00197;0,16525;0,0232;26,658754;0,000001;24,323890;24,467305;0,0000;0,0000;0,00;0,04;0,00;0,00;0,09;;0,673;0,730;0,0009832;20,94900;0,04600;0,01200;0,0000134;;71,21;32,00;;;
Truncate graphs at EOT;;33;20,95100;0,04600;0,017000;114,325;100,02;-0,0201;0,000;101,056;35,800;0,005;322,250;324,150;27,00;842,017;263,203;0,000;564,400;585,800;556,400;313,050;;;;;0,00;0,00;0,00;3,00;2,50;15,826;27,159;0,58;0,58;999998,00;999998,00;999998,00;999998,00;999998,00;999998,00;999998,00;999998,00;999998,00;999998,00;999998,00;999998,00;999998,00;999998,00;999998,00;;;;;;;;;;;;;;;;;0,3656;0,00000;0,0000;0,00583903;0,00583903;0,00215;0,22952;0,0236;26,028886;0,000140;23,749189;23,889215;0,0000;0,0029;0,00;0,04;0,00;0,00;0,12;;0,659;0,697;0,0036749;20,94800;0,04700;0,01300;0,0000485;;71,20;33,00;;;
Smooth data?;;34;20,95200;0,04500;0,022000;119,575;100,02;-0,0201;0,000;101,056;35,800;0,005;322,250;324,050;27,00;842,050;263,209;0,000;564,300;585,900;556,500;313,050;;;;;0,00;0,00;0,00;3,00;2,50;15,854;27,151;0,58;0,58;999998,00;999998,00;999998,00;999998,00;999998,00;999998,00;999998,00;999998,00;999998,00;999998,00;999998,00;999998,00;999998,00;999998,00;999998,00;;;;;;;;;;;;;;;;;0,0000;0,00000;0,0000;-0,00083415;-0,00083415;0,00384;-1,64311;0,0236;26,619824;0,000106;24,288370;24,424039;0,0000;0,0023;0,00;0,04;0,00;0,00;0,12;;0,645;0,697;0,0000000;20,94800;0,04700;0,02000;-0,0000401;;71,20;34,00;;;
Correct O2 for pressure?;;35;20,95000;0,04500;0,029000;118,200;100,00;-0,0201;0,000;101,056;35,800;0,005;322,150;323,950;27,00;842,150;263,209;0,000;564,500;586,000;556,500;313,050;;;;;0,00;0,00;0,00;3,00;2,51;15,812;27,143;0,58;0,58;999998,00;999998,00;999998,00;999998,00;999998,00;999998,00;999998,00;999998,00;999998,00;999998,00;999998,00;999998,00;999998,00;999998,00;999998,00;;;;;;;;;;;;;;;;;0,0000;0,00000;0,0000;0,00000000;0,00000000;0,00242;Infinity;0,0236;26,470436;0,000280;24,144572;24,279479;0,0001;0,0059;0,00;0,05;0,00;0,00;0,09;;0,627;0,667;0,0000000;20,94900;0,04700;0,01400;-0,0000246;;71,20;35,00;;;
;;36;20,95000;0,04500;0,018000;114,900;100,02;-0,0201;0,000;101,056;35,800;0,005;322,150;323,850;27,00;842,317;263,209;0,000;564,800;586,100;556,600;313,050;;;;;0,00;0,00;0,00;3,00;2,51;15,797;27,157;0,58;0,58;999998,00;999998,00;999998,00;999998,00;999998,00;999998,00;999998,00;999998,00;999998,00;999998,00;999998,00;999998,00;999998,00;999998,00;999998,00;;;;;;;;;;;;;;;;;0,9582;0,00000;0,0000;0,00000000;0,00000000;0,00077;Infinity;0,0245;26,098310;0,000143;23,805142;23,930763;0,0000;0,0030;0,00;0,05;0,00;0,00;0,12;;0,623;0,667;0,0096332;20,94800;0,04700;0,00700;0,0001244;;71,20;36,00;;;
Apparatus;;37;20,95100;0,04500;0,007000;119,525;100,01;-0,0201;0,000;101,052;35,800;0,005;322,050;323,750;27,00;842,483;263,209;0,000;565,200;586,200;556,600;313,050;;;;;0,00;0,00;0,00;3,00;2,51;15,856;27,138;0,58;0,58;999998,00;999998,00;999998,00;999998,00;999998,00;999998,00;999998,00;999998,00;999998,00;999998,00;999998,00;999998,00;999998,00;999998,00;999998,00;;;;;;;;;;;;;;;;;1,7078;0,00000;0,0000;0,00000000;0,00000000;-0,00203;Infinity;0,0262;26,622519;0,000231;24,275754;24,403898;0,0000;0,0049;0,00;0,06;0,00;0,00;0,09;;0,642;0,678;0,0171681;20,94900;0,04700;-0,00500;0,0002159;;71,20;37,00;;;
C-factor (SI units);0,0437;38;20,95100;0,04500;-0,004000;116,225;100,00;-0,0201;0,000;101,056;35,800;0,005;322,050;323,850;27,00;842,583;263,209;0,000;565,300;586,300;556,700;313,050;;;;;0,00;0,00;0,00;3,00;2,51;15,845;27,151;0,58;0,58;999998,00;999998,00;999998,00;999998,00;999998,00;999998,00;999998,00;999998,00;999998,00;999998,00;999998,00;999998,00;999998,00;999998,00;999998,00;;;;;;;;;;;;;;;;;1,3858;0,00000;0,0000;0,00000000;0,00000000;-0,00107;Infinity;0,0276;26,252433;0,000267;23,938290;24,072086;0,0001;0,0056;0,00;0,06;0,00;0,00;0,09;;0,666;0,678;0,0139319;20,94900;0,04600;-0,00100;0,0001779;;71,20;38,00;;;
OD correction factor;1;39;20,95100;0,04600;-0,004000;117,300;100,01;-0,0201;0,000;101,052;35,800;0,005;322,150;323,950;27,00;842,617;263,209;0,000;565,400;586,300;556,700;313,050;;;;;0,00;0,00;0,00;3,00;2,51;15,864;27,157;0,58;0,58;999998,00;999998,00;999998,00;999998,00;999998,00;999998,00;999998,00;999998,00;999998,00;999998,00;999998,00;999998,00;999998,00;999998,00;999998,00;;;;;;;;;;;;;;;;;2,1895;0,00000;0,0000;0,00000000;0,00000000;-0,00317;Infinity;0,0298;26,369469;0,000182;24,052476;24,186868;0,0000;0,0038;0,00;0,07;0,00;0,00;0,09;;0,695;0,743;0,0220115;20,94900;0,04700;-0,01000;0,0002792;;71,20;39,00;;;
Duct diameter (m);0,114;40;20,95100;0,04600;0,002000;117,700;100,02;-0,0201;0,000;101,056;35,800;0,005;322,150;323,950;27,00;842,617;263,209;0,000;565,200;586,400;556,800;313,050;;;;;0,00;0,00;0,00;3,00;2,51;15,828;27,119;0,58;0,58;999998,00;999998,00;999998,00;999998,00;999998,00;999998,00;999998,00;999998,00;999998,00;999998,00;999998,00;999998,00;999998,00;999998,00;999998,00;;;;;;;;;;;;;;;;;1,7935;0,00000;0,0000;0,00000000;0,00000000;-0,00201;Infinity;0,0316;26,414391;0,000080;24,093451;24,228072;0,0000;0,0017;0,00;0,07;0,00;0,00;0,09;;0,727;0,743;0,0180303;20,94900;0,04600;-0,00500;0,0002286;;71,20;40,00;;;
O2 delay time (s);12;41;20,94900;0,04700;-0,002000;113,275;100,01;-0,0201;0,000;101,056;35,800;0,005;322,150;323,850;27,00;842,650;263,209;0,000;565,200;586,500;556,800;313,050;;;;;0,00;0,00;0,00;3,00;2,51;15,799;27,146;0,58;0,58;999998,00;999998,00;999998,00;999998,00;999998,00;999998,00;999998,00;999998,00;999998,00;999998,00;999998,00;999998,00;999998,00;999998,00;999998,00;;;;;;;;;;;;;;;;;0,5379;0,00000;0,0000;0,00000000;0,00000000;-0,00129;Infinity;0,0322;25,913102;0,000219;23,636208;23,760937;0,0000;0,0045;0,00;0,07;0,00;0,00;0,04;;0,738;0,773;0,0054075;20,95100;0,04600;-0,00200;0,0000698;;71,20;41,00;;;
CO2 delay time (s);10;42;20,94900;0,04600;0,015000;111,450;100,04;-0,0201;0,000;101,056;35,800;0,005;322,050;323,850;27,00;842,750;263,209;0,000;565,400;586,600;556,800;313,050;;;;;0,00;0,00;0,00;3,00;2,51;15,805;27,154;0,58;0,58;999998,00;999998,00;999998,00;999998,00;999998,00;999998,00;999998,00;999998,00;999998,00;999998,00;999998,00;999998,00;999998,00;999998,00;999998,00;;;;;;;;;;;;;;;;;0,0000;0,00000;0,0000;-0,00083415;-0,00083415;0,00167;-0,64415;0,0322;25,707498;-0,000108;23,441392;23,572410;0,0000;-0,0022;0,00;0,07;0,00;0,00;0,06;;0,727;0,773;0,0000000;20,95000;0,04500;0,01100;-0,0000217;;71,20;42,00;;;
CO delay time (s);10;43;20,94900;0,04700;0,012000;118,950;100,03;-0,0201;0,000;101,052;35,800;0,005;322,050;323,750;27,00;842,817;263,209;0,000;565,500;586,600;556,900;313,050;;;;;0,00;0,00;0,00;3,00;2,52;15,774;27,162;0,58;0,58;999998,00;999998,00;999998,00;999998,00;999998,00;999998,00;999998,00;999998,00;999998,00;999998,00;999998,00;999998,00;999998,00;999998,00;999998,00;;;;;;;;;;;;;;;;;0,0000;0,00000;0,0000;0,00583903;0,00583903;0,00079;0,09507;0,0322;26,558406;0,000050;24,217292;24,345128;0,0000;0,0011;0,00;0,07;0,00;0,00;0,04;;0,710;0,750;0,0000000;20,95100;0,04500;0,00700;-0,0000314;;71,20;43,00;;;
;;44;20,94900;0,04700;0,013000;116,500;100,02;-0,0302;0,000;101,058;35,800;0,005;322,050;323,550;27,00;842,850;263,209;0,000;565,500;586,700;556,900;313,050;;;;;0,00;0,00;0,00;3,00;2,52;15,805;27,162;0,58;0,58;999998,00;999998,00;999998,00;999998,00;999998,00;999998,00;999998,00;999998,00;999998,00;999998,00;999998,00;999998,00;999998,00;999998,00;999998,00;;;;;;;;;;;;;;;;;0,0000;0,00000;0,0000;0,00583903;0,00583903;0,00333;0,09408;0,0322;26,283473;0,000137;23,966594;24,078223;0,0000;0,0029;0,00;0,08;0,00;0,00;0,01;;0,694;0,750;0,0000000;20,95200;0,04500;0,01800;-0,0002311;;71,19;44,00;;;
Laboratory;;45;20,94800;0,04700;0,020000;118,425;100,02;-0,0302;0,000;101,056;35,800;0,005;321,950;323,650;27,00;842,883;263,209;0,000;565,400;586,800;557,000;313,050;;;;;0,00;0,00;0,00;3,00;2,52;15,822;27,162;0,58;0,58;999998,00;999998,00;999998,00;999998,00;999998,00;999998,00;999998,00;999998,00;999998,00;999998,00;999998,00;999998,00;999998,00;999998,00;999998,00;;;;;;;;;;;;;;;;;0,0000;0,00000;0,0000;-0,00083415;-0,00083415;0,00172;-0,66410;0,0322;26,503848;0,000138;24,160039;24,287612;0,0000;0,0029;0,00;0,08;0,00;0,00;0,04;;0,678;0,716;0,0000000;20,95100;0,04500;0,01100;-0,0000821;;71,19;45,00;;;
Laboratory name;FZJ IAS-7;46;20,94800;0,04700;0,014000;115,575;100,01;-0,0302;0,000;101,058;35,800;0,005;322,050;323,650;27,00;842,917;263,209;0,000;565,400;586,800;557,100;313,050;;;;;0,00;0,00;0,00;3,00;2,52;15,837;27,173;0,58;0,58;999998,00;999998,00;999998,00;999998,00;999998,00;999998,00;999998,00;999998,00;999998,00;999998,00;999998,00;999998,00;999998,00;999998,00;999998,00;;;;;;;;;;;;;;;;;0,0000;0,00000;0,0000;0,00000000;0,00000000;0,00516;Infinity;0,0322;26,178920;0,000209;23,871258;23,989854;0,0000;0,0044;0,00;0,08;0,01;0,00;0,06;;0,663;0,716;0,0000000;20,95000;0,04500;0,02600;-0,0002116;;71,19;46,00;;;
Operator;MF;47;20,94900;0,04700;0,007000;117,425;100,01;-0,0302;0,000;101,054;35,800;0,005;322,050;323,650;27,00;842,950;263,209;0,000;565,400;586,900;557,100;313,050;;;;;0,00;0,00;0,00;3,00;2,52;15,828;27,167;0,58;0,58;999998,00;999998,00;999998,00;999998,00;999998,00;999998,00;999998,00;999998,00;999998,00;999998,00;999998,00;999998,00;999998,00;999998,00;999998,00;;;;;;;;;;;;;;;;;0,0000;0,00000;0,0000;0,00000000;0,00000000;0,00171;Infinity;0,0322;26,387611;0,000193;24,061553;24,181095;0,0000;0,0041;0,00;0,09;0,00;0,00;0,06;;0,649;0,686;0,0000000;20,95000;0,04500;0,01100;-0,0000217;;71,19;47,00;;;
Filename;02072026_PMMA_DE_6mm_q25_Al2O3_R1,csv;48;20,94800;0,04600;-0,005000;119,225;100,02;-0,0302;0,000;101,054;35,800;0,005;321,950;323,550;27,00;843,017;263,209;0,000;565,500;587,000;557,100;313,050;;;;;0,00;0,00;0,00;3,00;2,52;15,828;27,143;0,58;0,58;999998,00;999998,00;999998,00;999998,00;999998,00;999998,00;999998,00;999998,00;999998,00;999998,00;999998,00;999998,00;999998,00;999998,00;999998,00;;;;;;;;;;;;;;;;;0,3241;0,00000;0,0000;0,00000000;0,00000000;0,00056;Infinity;0,0325;26,593217;0,000159;24,241505;24,361978;0,0000;0,0034;0,00;0,09;0,00;0,00;0,07;;0,639;0,686;0,0032585;20,95000;0,04500;0,00600;0,0000416;;71,19;48,00;;;
Report name;;49;20,94900;0,04700;-0,001000;117,650;100,01;-0,0302;0,000;101,052;35,800;0,005;321,950;323,550;27,00;843,083;263,209;0,000;565,500;587,100;557,200;313,050;;;;;0,00;0,00;0,00;3,00;2,52;15,820;27,138;0,58;0,58;999998,00;999998,00;999998,00;999998,00;999998,00;999998,00;999998,00;999998,00;999998,00;999998,00;999998,00;999998,00;999998,00;999998,00;999998,00;;;;;;;;;;;;;;;;;1,2203;0,00000;0,0000;0,00000000;0,00000000;-0,00155;Infinity;0,0337;26,416981;0,000230;24,080854;24,200529;0,0000;0,0049;0,00;0,10;0,00;0,00;0,06;;0,642;0,683;0,0122675;20,95000;0,04500;-0,00300;0,0001555;;71,19;49,00;;;
;;50;20,94900;0,04600;-0,010000;118,175;100,03;-0,0302;0,000;101,058;35,800;0,005;321,950;323,650;27,00;843,083;263,209;0,000;565,500;587,100;557,200;313,050;;;;;0,00;0,00;0,00;3,00;2,52;15,822;27,162;0,58;0,58;999998,00;999998,00;999998,00;999998,00;999998,00;999998,00;999998,00;999998,00;999998,00;999998,00;999998,00;999998,00;999998,00;999998,00;999998,00;;;;;;;;;;;;;;;;;0,9229;0,00000;0,0000;-0,00082397;-0,00082397;-0,00085;-0,67159;0,0346;26,475857;0,000006;24,134523;24,261961;0,0000;0,0001;0,00;0,10;0,00;0,00;0,07;;0,650;0,683;0,0092782;20,95000;0,04500;0,00000;0,0001176;;71,19;50,00;;;
Pre-test conditions;;51;20,94900;0,04600;-0,005000;120,175;100,02;-0,0302;0,000;101,054;35,800;0,005;321,950;323,650;27,00;843,150;263,209;0,000;565,500;587,200;557,300;313,050;;;;;0,00;0,00;0,00;3,00;2,53;15,822;27,154;0,58;0,58;999998,00;999998,00;999998,00;999998,00;999998,00;999998,00;999998,00;999998,00;999998,00;999998,00;999998,00;999998,00;999998,00;999998,00;999998,00;;;;;;;;;;;;;;;;;0,7296;0,00000;0,0000;0,00576782;0,00576782;-0,00062;0,16754;0,0354;26,698956;0,000146;24,337893;24,466405;0,0000;0,0031;0,00;0,10;0,00;0,00;0,07;;0,654;0,694;0,0073350;20,95000;0,04600;0,00100;0,0000922;;71,19;51,00;;;
Ambient temperature (°C);26,8;52;20,94900;0,04500;-0,002000;114,300;100,02;-0,0400;0,000;101,054;35,800;0,005;321,950;323,650;27,00;843,250;263,209;0,000;565,600;587,300;557,400;313,050;;;;;0,00;0,00;0,00;3,00;2,53;15,826;27,159;0,58;0,58;999998,00;999998,00;999998,00;999998,00;999998,00;999998,00;999998,00;999998,00;999998,00;999998,00;999998,00;999998,00;999998,00;999998,00;999998,00;;;;;;;;;;;;;;;;;0,2930;0,00000;0,0000;0,00576782;0,00576782;0,00123;0,23244;0,0356;26,038163;0,000112;23,735536;23,860868;0,0000;0,0023;0,00;0,10;0,00;0,00;0,09;;0,651;0,694;0,0029454;20,94900;0,04700;0,00900;0,0000387;;71,18;52,00;;;
Barometric pressure (Pa);101058;53;20,95100;0,04500;0,011000;117,675;100,02;-0,0400;0,000;101,052;35,800;0,005;321,950;323,650;27,00;843,350;263,209;0,000;565,800;587,400;557,400;313,050;;;;;0,00;0,00;0,00;3,00;2,53;15,851;27,165;0,58;0,58;999998,00;999998,00;999998,00;999998,00;999998,00;999998,00;999998,00;999998,00;999998,00;999998,00;999998,00;999998,00;999998,00;999998,00;999998,00;;;;;;;;;;;;;;;;;0,0000;0,00000;0,0000;-0,00082397;-0,00082397;0,00544;-1,65090;0,0356;26,419788;0,000061;24,083412;24,210581;0,0000;0,0013;0,00;0,10;0,01;0,00;0,09;;0,642;0,682;0,0000000;20,94900;0,04700;0,02700;-0,0001892;;71,18;53,00;;;
Relative hunidity (%);36,1;54;20,95000;0,04500;0,007000;119,675;100,01;-0,0400;0,000;101,050;35,900;0,005;321,950;323,650;27,00;843,483;263,215;0,000;566,000;587,500;557,500;313,050;;;;;0,00;0,00;0,00;3,00;2,53;15,851;27,162;0,58;0,58;999998,00;999998,00;999998,00;999998,00;999998,00;999998,00;999998,00;999998,00;999998,00;999998,00;999998,00;999998,00;999998,00;999998,00;999998,00;;;;;;;;;;;;;;;;;0,7513;0,00000;0,0000;0,00000000;0,00000000;0,00220;Infinity;0,0364;26,643357;0,000201;24,287210;24,415455;0,0000;0,0043;0,00;0,11;0,00;0,00;0,15;;0,637;0,682;0,0075529;20,94700;0,04800;0,01300;0,0000962;;71,18;54,00;;;
;;55;20,95100;0,04500;0,018000;116,075;100,01;-0,0400;0,000;101,054;35,800;0,005;321,950;323,550;27,00;843,550;263,215;0,000;566,100;587,500;557,600;313,050;;;;;0,00;0,00;0,00;3,00;2,53;15,858;27,165;0,58;0,58;999998,00;999998,00;999998,00;999998,00;999998,00;999998,00;999998,00;999998,00;999998,00;999998,00;999998,00;999998,00;999998,00;999998,00;999998,00;;;;;;;;;;;;;;;;;0,4165;0,00000;0,0000;0,00000000;0,00000000;0,00402;Infinity;0,0368;26,239561;0,000184;23,919123;24,037995;0,0000;0,0039;0,00;0,11;0,00;0,00;0,18;;0,636;0,665;0,0041875;20,94600;0,04800;0,02100;0,0000553;;71,18;55,00;;;
Conditioning;;56;20,95200;0,04500;0,011000;118,500;100,00;-0,0400;0,000;101,052;35,900;0,005;321,950;323,550;27,00;843,617;263,215;0,000;566,200;587,600;557,600;313,050;;;;;0,00;0,00;0,00;3,00;2,53;15,835;27,162;0,58;0,58;999998,00;999998,00;999998,00;999998,00;999998,00;999998,00;999998,00;999998,00;999998,00;999998,00;999998,00;999998,00;999998,00;999998,00;999998,00;;;;;;;;;;;;;;;;;0,4477;0,00000;0,0000;0,00000000;0,00000000;0,00266;Infinity;0,0373;26,512238;0,000272;24,167687;24,287794;0,0001;0,0058;0,00;0,12;0,00;0,00;0,15;;0,632;0,665;0,0045009;20,94700;0,04900;0,01500;0,0000582;;71,18;56,00;;;
Conditionet ? (Y/N);N;57;20,95100;0,04500;0,026000;120,475;100,00;-0,0400;0,000;101,054;35,800;0,005;321,850;323,450;27,00;843,750;263,215;0,000;566,500;587,700;557,600;313,050;;;;;0,00;0,00;0,00;3,00;2,53;15,814;27,175;0,58;0,58;999998,00;999998,00;999998,00;999998,00;999998,00;999998,00;999998,00;999998,00;999998,00;999998,00;999998,00;999998,00;999998,00;999998,00;999998,00;;;;;;;;;;;;;;;;;1,4354;0,00000;0,0000;0,00000000;0,00000000;0,00150;Infinity;0,0387;26,736413;0,000325;24,364468;24,485590;0,0001;0,0069;0,00;0,12;0,00;0,00;0,18;;0,638;0,674;0,0144304;20,94600;0,04900;0,01000;0,0001819;;71,18;57,00;;;
Conditioning temperature (°C);;58;20,95000;0,04500;0,011000;117,225;100,01;-0,0400;0,000;101,054;35,800;0,005;321,850;323,450;27,00;843,883;263,215;0,000;566,700;587,800;557,700;313,050;;;;;0,00;0,00;0,00;3,00;2,53;15,814;27,178;0,58;0,58;999998,00;999998,00;999998,00;999998,00;999998,00;999998,00;999998,00;999998,00;999998,00;999998,00;999998,00;999998,00;999998,00;999998,00;999998,00;;;;;;;;;;;;;;;;;2,3604;0,00000;0,0000;0,00000000;0,00000000;0,00148;Infinity;0,0411;26,373319;0,000240;24,033586;24,153063;0,0001;0,0051;0,00;0,13;0,00;0,00;0,24;;0,659;0,674;0,0237292;20,94400;0,04900;0,01000;0,0003027;;71,18;58,00;;;
Conditioning RH (%);;59;20,95000;0,04500;0,006000;115,600;100,02;-0,0400;0,000;101,058;35,800;0,005;321,850;323,450;27,00;843,917;263,215;0,000;566,700;587,900;557,700;313,050;;;;;0,00;0,00;0,00;3,00;2,54;15,828;27,183;0,58;0,58;999998,00;999998,00;999998,00;999998,00;999998,00;999998,00;999998,00;999998,00;999998,00;999998,00;999998,00;999998,00;999998,00;999998,00;999998,00;;;;;;;;;;;;;;;;;3,0886;0,00000;0,0000;-0,00083415;-0,00083415;-0,00269;-3,05708;0,0441;26,189885;0,000102;23,866425;23,985071;0,0000;0,0021;0,00;0,13;0,00;0,00;0,18;;0,694;0,728;0,0310493;20,94600;0,05000;-0,00800;0,0003970;;71,18;59,00;;;
;;60;20,95000;0,04500;-0,003000;116,975;100,03;-0,0400;0,000;101,056;35,700;0,005;321,850;323,550;27,00;843,883;263,215;0,000;566,500;587,900;557,800;313,050;;;;;0,00;0,00;0,00;3,00;2,54;15,835;27,167;0,58;0,58;999998,00;999998,00;999998,00;999998,00;999998,00;999998,00;999998,00;999998,00;999998,00;999998,00;999998,00;999998,00;999998,00;999998,00;999998,00;;;;;;;;;;;;;;;;;2,3102;0,00000;0,0000;0,00583903;0,00583903;-0,00061;0,37031;0,0465;26,345182;0,000000;24,007945;24,134755;0,0000;0,0000;0,00;0,13;0,00;0,00;0,18;;0,728;0,728;0,0232242;20,94600;0,04900;0,00100;0,0002958;;71,18;60,00;;;
Data collected;;61;20,95000;0,04600;0,000000;116,950;100,01;-0,0500;0,000;101,054;35,700;0,005;321,950;323,650;27,00;843,950;263,215;0,000;566,600;588,000;557,800;313,050;;;;;0,00;0,00;0,00;3,00;2,54;15,835;27,157;0,58;0,58;999998,00;999998,00;999998,00;999998,00;999998,00;999998,00;999998,00;999998,00;999998,00;999998,00;999998,00;999998,00;999998,00;999998,00;999998,00;;;;;;;;;;;;;;;;;1,8373;0,00000;0,0000;0,00583903;0,00583903;-0,00038;0,30123;0,0483;26,338276;0,000209;24,009109;24,135885;0,0000;0,0044;0,00;0,14;0,00;0,00;0,15;;0,750;0,784;0,0184708;20,94700;0,04800;0,00200;0,0002354;;71,17;61,00;;;
CO/CO2 data collected?;Yes;62;20,95000;0,04700;0,001000;119,150;100,01;-0,0500;0,000;101,056;35,700;0,005;321,950;323,750;27,00;843,983;263,215;0,000;566,700;588,000;557,800;313,050;;;;;0,00;0,00;0,00;3,00;2,54;15,835;27,175;0,58;0,58;999998,00;999998,00;999998,00;999998,00;999998,00;999998,00;999998,00;999998,00;999998,00;999998,00;999998,00;999998,00;999998,00;999998,00;999998,00;;;;;;;;;;;;;;;;;0,9761;0,00000;0,0000;-0,00083415;-0,00083415;0,00079;-1,64095;0,0493;26,584852;0,000245;24,233880;24,369369;0,0001;0,0052;0,00;0,14;0,00;0,00;0,12;;0,760;0,784;0,0098128;20,94800;0,04700;0,00700;0,0001244;;71,17;62,00;;;
Mass data collected?;Yes;63;20,95000;0,04700;0,009000;115,250;100,01;-0,0500;0,000;101,050;35,700;0,005;322,050;323,850;27,00;844,050;263,215;0,000;566,700;588,100;557,900;313,050;;;;;0,00;0,00;0,00;3,00;2,54;15,828;27,173;0,58;0,58;999998,00;999998,00;999998,00;999998,00;999998,00;999998,00;999998,00;999998,00;999998,00;999998,00;999998,00;999998,00;999998,00;999998,00;999998,00;;;;;;;;;;;;;;;;;0,0000;0,00000;0,0000;0,00083415;0,00083415;0,00308;1,61362;0,0493;26,142086;0,000176;23,837671;23,970904;0,0000;0,0037;0,00;0,14;0,00;0,00;0,12;;0,756;0,789;0,0000000;20,94800;0,04700;0,01700;-0,0000022;;71,17;63,00;;;
Smoke data collected;Yes;64;20,94900;0,04800;0,027000;117,800;100,00;-0,0500;0,000;101,054;35,700;0,005;322,050;323,950;27,00;843,983;263,215;0,000;566,500;588,100;557,900;313,050;;;;;0,00;0,00;0,00;3,00;2,54;15,811;27,199;0,58;0,58;999998,00;999998,00;999998,00;999998,00;999998,00;999998,00;999998,00;999998,00;999998,00;999998,00;999998,00;999998,00;999998,00;999998,00;999998,00;;;;;;;;;;;;;;;;;0,0000;0,00000;0,0000;-0,00583903;-0,00583903;0,00382;-0,23305;0,0493;26,429712;0,000264;24,099943;24,242125;0,0001;0,0056;0,00;0,15;0,00;0,00;0,06;;0,744;0,789;0,0000000;20,95000;0,04700;0,02000;-0,0001609;;71,17;64,00;;;
Soot mass data colelcted;;65;20,94900;0,04800;0,013000;116,325;100,00;-0,0400;0,000;101,054;35,700;0,005;322,050;323,950;27,00;843,950;263,215;0,000;566,300;588,200;557,900;313,050;;;;;0,00;0,00;0,00;3,00;2,54;15,828;27,162;0,58;0,58;999998,00;999998,00;999998,00;999998,00;999998,00;999998,00;999998,00;999998,00;999998,00;999998,00;999998,00;999998,00;999998,00;999998,00;999998,00;;;;;;;;;;;;;;;;;0,0000;0,00000;0,0000;-0,00583903;-0,00583903;0,00588;-0,16280;0,0493;26,263725;0,000265;23,948587;24,089876;0,0001;0,0056;0,00;0,16;0,01;0,00;0,04;;0,733;0,764;0,0000000;20,95100;0,04600;0,02900;-0,0003227;;71,18;65,00;;;
Soot mass ratio (1:x);;66;20,94700;0,04900;0,021000;114,475;100,00;-0,0400;0,000;101,056;35,700;0,005;322,150;324,050;27,00;844,050;263,215;0,000;566,500;588,200;558,000;313,050;;;;;0,00;0,00;0,00;3,00;2,54;15,828;27,173;0,58;0,58;999998,00;999998,00;999998,00;999998,00;999998,00;999998,00;999998,00;999998,00;999998,00;999998,00;999998,00;999998,00;999998,00;999998,00;999998,00;;;;;;;;;;;;;;;;;0,0000;0,00000;0,0000;0,00000000;0,00000000;0,00399;Infinity;0,0493;26,049999;0,000353;23,761076;23,901216;0,0001;0,0074;0,00;0,16;0,00;0,00;0,04;;0,722;0,764;0,0000000;20,95100;0,04600;0,02100;-0,0002214;;71,18;66,00;;;
Soot mass (g);;67;20,94600;0,04900;0,015000;115,150;100,00;-0,0400;0,000;101,054;35,700;0,005;322,150;324,150;27,00;844,083;263,215;0,000;566,600;588,200;558,000;313,050;;;;;0,00;0,00;0,00;3,00;2,55;15,851;27,173;0,58;0,58;999998,00;999998,00;999998,00;999998,00;999998,00;999998,00;999998,00;999998,00;999998,00;999998,00;999998,00;999998,00;999998,00;999998,00;999998,00;;;;;;;;;;;;;;;;;0,0000;0,00000;0,0000;0,00583903;0,00583903;0,00170;0,16195;0,0493;26,126687;0,000319;23,831027;23,978977;0,0001;0,0067;0,00;0,17;0,00;0,00;0,06;;0,711;0,742;0,0000000;20,95000;0,04600;0,01100;-0,0000343;;71,18;67,00;;;
;;68;20,94700;0,04900;0,010000;115,775;100,00;-0,0500;0,000;101,054;35,700;0,005;322,150;324,050;27,00;844,083;263,215;0,000;566,400;588,300;558,100;313,050;;;;;0,00;0,00;0,00;3,00;2,55;15,835;27,175;0,58;0,58;999998,00;999998,00;999998,00;999998,00;999998,00;999998,00;999998,00;999998,00;999998,00;999998,00;999998,00;999998,00;999998,00;999998,00;999998,00;;;;;;;;;;;;;;;;;2,1488;0,00000;0,0000;0,00583903;0,00583903;-0,00176;0,16239;0,0514;26,197496;0,000354;23,895613;24,036547;0,0001;0,0074;0,00;0,18;0,00;0,00;0,12;;0,716;0,742;0,0216023;20,94800;0,04600;-0,00400;0,0002763;;71,17;68,00;;;
Comments;;69;20,94600;0,05000;0,010000;120,625;100,01;-0,0500;0,000;101,054;35,700;0,005;322,150;324,050;27,00;844,183;263,215;0,000;566,600;588,400;558,100;313,050;;;;;0,00;0,00;0,00;3,00;2,55;15,837;27,197;0,58;0,58;999998,00;999998,00;999998,00;999998,00;999998,00;999998,00;999998,00;999998,00;999998,00;999998,00;999998,00;999998,00;999998,00;999998,00;999998,00;;;;;;;;;;;;;;;;;0,8318;0,00000;0,0000;-0,00083415;-0,00083415;-0,00086;-1,16030;0,0523;26,740593;0,000217;24,390991;24,534846;0,0000;0,0046;0,00;0,18;0,00;0,00;0,07;;0,727;0,732;0,0083621;20,95000;0,04600;0,00000;0,0001049;;71,17;69,00;;;
Pre-test comments;;70;20,94400;0,04900;-0,008000;116,300;100,00;-0,0500;0,000;101,058;35,700;0,005;322,050;323,950;27,00;844,150;263,215;0,000;566,400;588,400;558,200;313,050;;;;;0,00;0,00;0,00;3,00;2,55;15,797;27,178;0,58;0,58;999998,00;999998,00;999998,00;999998,00;999998,00;999998,00;999998,00;999998,00;999998,00;999998,00;999998,00;999998,00;999998,00;999998,00;999998,00;;;;;;;;;;;;;;;;;0,0000;0,00000;0,0000;0,00000000;0,00000000;0,00171;Infinity;0,0523;26,260903;0,000287;23,946014;24,087288;0,0001;0,0060;0,00;0,19;0,00;0,00;0,06;;0,723;0,732;0,0000000;20,95000;0,04500;0,01100;-0,0000217;;71,17;70,00;;;
After test comments;;71;20,94600;0,04800;0,001000;113,650;100,01;-0,0500;0,000;101,056;35,700;0,005;322,050;323,950;27,00;844,117;263,215;0,000;566,200;588,500;558,200;313,050;;;;;0,00;0,00;0,00;3,00;2,55;15,835;27,165;0,58;0,58;999998,00;999998,00;999998,00;999998,00;999998,00;999998,00;999998,00;999998,00;999998,00;999998,00;999998,00;999998,00;999998,00;999998,00;999998,00;;;;;;;;;;;;;;;;;0,0000;0,00000;0,0000;-0,00083415;-0,00083415;0,00306;-0,65047;0,0523;25,959990;0,000235;23,671626;23,811281;0,0000;0,0049;0,00;0,19;0,00;0,00;0,04;;0,713;0,723;0,0000000;20,95100;0,04500;0,01700;-0,0001580;;71,17;71,00;;;
;;72;20,94600;0,04700;0,002000;117,950;100,00;-0,0500;0,000;101,056;35,700;0,005;322,050;323,850;27,00;844,117;263,215;0,000;566,200;588,500;558,200;313,050;;;;;0,00;0,00;0,00;3,00;2,55;15,809;27,165;0,58;0,58;999998,00;999998,00;999998,00;999998,00;999998,00;999998,00;999998,00;999998,00;999998,00;999998,00;999998,00;999998,00;999998,00;999998,00;999998,00;;;;;;;;;;;;;;;;;0,1970;0,00000;0,0000;0,00500488;0,00500488;0,00172;0,19126;0,0524;26,446534;0,000288;24,115282;24,250067;0,0001;0,0061;0,00;0,20;0,00;0,00;0,09;;0,704;0,723;0,0019802;20,94900;0,04600;0,01100;0,0000261;;71,17;72,00;;;
Events;;73;20,94700;0,04700;0,007000;114,125;99,98;-0,0601;0,000;101,054;35,700;0,005;322,050;323,950;27,00;844,183;263,215;0,000;566,300;588,500;558,300;313,050;;;;;0,00;0,00;0,00;3,00;2,55;15,837;27,202;0,58;0,58;999998,00;999998,00;999998,00;999998,00;999998,00;999998,00;999998,00;999998,00;999998,00;999998,00;999998,00;999998,00;999998,00;999998,00;999998,00;;;;;;;;;;;;;;;;;0,0954;0,00000;0,0000;0,01167806;0,01167806;0,00192;0,08063;0,0525;26,014182;0,000480;23,721041;23,860988;0,0001;0,0100;0,00;0,21;0,00;0,00;0,09;;0,697;0,705;0,0009595;20,94900;0,04600;0,01200;0,0000134;;71,16;73,00;;;
Number of events;;74;20,94800;0,04700;0,017000;117,550;100,00;-0,0701;0,000;101,056;35,700;0,005;322,050;323,950;27,00;844,283;263,215;0,000;566,500;588,600;558,300;313,050;;;;;0,00;0,00;0,00;3,00;2,55;15,832;27,189;0,58;0,58;999998,00;999998,00;999998,00;999998,00;999998,00;999998,00;999998,00;999998,00;999998,00;999998,00;999998,00;999998,00;999998,00;999998,00;999998,00;;;;;;;;;;;;;;;;;0,0000;0,00000;0,0000;0,00417074;0,00417074;0,00241;0,22912;0,0525;26,401652;0,000307;24,074356;24,216387;0,0001;0,0065;0,00;0,21;0,00;0,00;0,09;;0,688;0,705;0,0000000;20,94900;0,04600;0,01400;-0,0000119;;71,15;74,00;;;
Event1;;75;20,94800;0,04600;0,020000;121,250;99,98;-0,0701;0,000;101,056;35,700;0,005;322,050;323,950;27,00;844,350;263,215;0,000;566,700;588,600;558,300;313,050;;;;;0,00;0,00;0,00;3,00;2,56;15,811;27,202;0,58;0,58;999998,00;999998,00;999998,00;999998,00;999998,00;999998,00;999998,00;999998,00;999998,00;999998,00;999998,00;999998,00;999998,00;999998,00;999998,00;;;;;;;;;;;;;;;;;0,0000;0,00000;0,0000;0,00500488;0,00500488;0,00411;0,19391;0,0525;26,813942;0,000498;24,450303;24,594552;0,0001;0,0107;0,00;0,23;0,00;0,00;0,10;;0,679;0,687;0,0000000;20,94900;0,04600;0,02100;-0,0001005;;71,15;75,00;;;
Event2;;76;20,95000;0,04600;0,029000;114,425;99,98;-0,0801;0,000;101,056;35,700;0,005;322,150;324,050;27,00;844,650;263,215;0,000;567,400;588,700;558,400;313,050;;;;;0,00;0,00;0,00;3,00;2,56;15,837;27,173;0,58;0,58;999998,00;999998,00;999998,00;999998,00;999998,00;999998,00;999998,00;999998,00;999998,00;999998,00;999998,00;999998,00;999998,00;999998,00;999998,00;;;;;;;;;;;;;;;;;0,0000;0,00000;0,0000;0,00583903;0,00583903;0,00330;0,22966;0,0525;26,044308;0,000464;23,755886;23,895995;0,0001;0,0097;0,00;0,24;0,00;0,00;0,09;;0,670;0,687;0,0000000;20,94900;0,04700;0,01800;-0,0000752;;71,14;76,00;;;
Event3;;77;20,95100;0,04600;0,021000;115,050;99,99;-0,0801;0,000;101,056;35,700;0,005;322,150;324,050;27,00;844,517;263,215;0,000;567,000;588,700;558,400;313,050;;;;;0,00;0,00;0,00;3,00;2,56;15,793;27,181;0,58;0,58;999998,00;999998,00;999998,00;999998,00;999998,00;999998,00;999998,00;999998,00;999998,00;999998,00;999998,00;999998,00;999998,00;999998,00;999998,00;;;;;;;;;;;;;;;;;2,0441;0,00000;0,0000;-0,00166829;-0,00166829;-0,00176;-0,80599;0,0546;26,115340;0,000430;23,820676;23,961168;0,0001;0,0090;0,00;0,24;0,00;0,00;0,12;;0,674;0,696;0,0205496;20,94800;0,04700;-0,00400;0,0002636;;71,14;77,00;;;
Event4;;78;20,95100;0,04600;0,011000;115,925;99,99;-0,0801;0,000;101,056;35,700;0,005;322,150;323,950;26,90;844,583;263,215;0,000;567,100;588,800;558,400;313,050;;;;;0,00;0,00;0,00;3,00;2,56;15,847;27,183;0,58;0,58;999998,00;999998,00;999998,00;999998,00;999998,00;999998,00;999998,00;999998,00;999998,00;999998,00;999998,00;999998,00;999998,00;999998,00;999998,00;;;;;;;;;;;;;;;;;2,9436;0,00000;0,0000;0,00583903;0,00583903;-0,00408;0,29982;0,0575;26,214460;0,000396;23,911087;24,044689;0,0001;0,0083;0,00;0,25;0,00;0,00;0,12;;0,698;0,696;0,0295920;20,94800;0,04800;-0,01400;0,0003775;;71,14;78,00;;;
Event5;;79;20,95000;0,04600;-0,004000;118,300;99,98;-0,0901;0,000;101,056;35,700;0,005;322,150;324,050;27,00;844,650;263,215;0,000;567,200;588,800;558,500;313,050;;;;;0,00;0,00;0,00;3,00;2,56;15,780;27,183;0,58;0,58;999998,00;999998,00;999998,00;999998,00;999998,00;999998,00;999998,00;999998,00;999998,00;999998,00;999998,00;999998,00;999998,00;999998,00;999998,00;;;;;;;;;;;;;;;;;1,9481;0,00000;0,0000;0,00500488;0,00500488;-0,00085;0,43427;0,0595;26,481632;0,000466;24,154784;24,297246;0,0001;0,0099;0,00;0,26;0,00;0,00;0,15;;0,720;0,729;0,0195838;20,94700;0,04900;0,00000;0,0002481;;71,13;79,00;;;
Event6;;80;20,94800;0,04500;0,000000;115,625;99,98;-0,0901;0,000;101,056;35,700;0,005;322,150;324,150;27,00;844,683;263,215;0,000;567,300;588,800;558,500;313,050;;;;;0,00;0,00;0,00;3,00;2,56;15,818;27,189;0,58;0,58;999998,00;999998,00;999998,00;999998,00;999998,00;999998,00;999998,00;999998,00;999998,00;999998,00;999998,00;999998,00;999998,00;999998,00;999998,00;;;;;;;;;;;;;;;;;2,0979;0,00000;0,0000;0,00500488;0,00500488;-0,00015;0,42933;0,0616;26,180519;0,000554;23,880128;24,028383;0,0001;0,0116;0,00;0,27;0,00;0,00;0,18;;0,736;0,729;0,0210907;20,94600;0,04900;0,00300;0,0002705;;71,13;80,00;;;
Event7;;81;20,95000;0,04500;0,011000;115,800;99,98;-0,1001;0,000;101,056;35,700;0,005;322,250;324,250;26,90;844,717;263,215;0,000;567,300;588,900;558,500;313,050;;;;;0,00;0,00;0,00;3,00;2,56;15,814;27,183;0,58;0,58;999998,00;999998,00;999998,00;999998,00;999998,00;999998,00;999998,00;999998,00;999998,00;999998,00;999998,00;999998,00;999998,00;999998,00;999998,00;;;;;;;;;;;;;;;;;1,4064;0,00000;0,0000;0,00500488;0,00500488;0,00147;0,42959;0,0630;26,196258;0,000519;23,901902;24,050246;0,0001;0,0109;0,00;0,28;0,00;0,00;0,18;;0,749;0,752;0,0141389;20,94600;0,04900;0,01000;0,0001819;;71,12;81,00;;;
Event8;;82;20,95000;0,04600;0,017000;115,275;99,97;-0,1001;0,000;101,064;35,700;0,005;322,250;324,250;27,00;844,717;263,215;0,000;567,200;588,900;558,600;313,050;;;;;0,00;0,00;0,00;3,00;2,56;15,822;27,165;0,58;0,58;999998,00;999998,00;999998,00;999998,00;999998,00;999998,00;999998,00;999998,00;999998,00;999998,00;999998,00;999998,00;999998,00;999998,00;999998,00;;;;;;;;;;;;;;;;;1,5513;0,00000;0,0000;0,00500488;0,00500488;0,00262;0,66822;0,0645;26,136807;0,000642;23,847657;23,995665;0,0001;0,0134;0,00;0,30;0,00;0,00;0,24;;0,758;0,752;0,0155948;20,94400;0,05200;0,01500;0,0002014;;71,12;82,00;;;
Event9;;83;20,95100;0,04600;0,011000;112,250;99,95;-0,1101;0,000;101,060;35,700;0,005;322,250;324,350;27,00;844,717;263,215;0,000;567,200;588,900;558,600;313,050;;;;;0,00;0,00;0,00;3,00;2,57;15,818;27,210;0,58;0,57;999998,00;999998,00;999998,00;999998,00;999998,00;999998,00;999998,00;999998,00;999998,00;999998,00;999998,00;999998,00;999998,00;999998,00;999998,00;;;;;;;;;;;;;;;;;5,8385;0,00000;0,0000;0,00500488;0,00500488;0,00190;1,52632;0,0704;25,791592;0,000799;23,532677;23,686033;0,0002;0,0165;0,00;0,31;0,00;0,01;0,55;;0,793;0,821;0,0586942;20,93300;0,06300;0,01200;0,0007645;;71,11;83,00;;;
;;84;20,94900;0,04600;0,012000;116,750;99,99;-0,1101;0,000;101,060;35,700;0,005;322,250;324,250;26,90;844,750;263,215;0,000;567,300;588,900;558,600;313,050;;;;;0,00;0,00;0,00;3,00;2,57;15,845;27,194;0,58;0,58;999998,00;999998,00;999998,00;999998,00;999998,00;999998,00;999998,00;999998,00;999998,00;999998,00;999998,00;999998,00;999998,00;999998,00;999998,00;;;;;;;;;;;;;;;;;13,3741;0,00000;0,0000;0,00417074;0,00417074;0,00287;3,89340;0,0837;26,303492;0,000416;23,999744;24,148695;0,0001;0,0088;0,00;0,32;0,00;0,02;1,16;;0,898;0,821;0,1344501;20,91200;0,08400;0,01600;0,0017164;;71,11;84,00;;;
;;85;20,94900;0,04600;0,014000;113,625;99,98;-0,1201;0,000;101,060;35,700;0,005;322,250;324,250;27,00;844,783;263,215;0,000;567,400;588,900;558,600;313,050;;;;;0,00;0,00;0,00;3,00;2,57;15,852;27,194;0,58;0,58;999998,00;999998,00;999998,00;999998,00;999998,00;999998,00;999998,00;999998,00;999998,00;999998,00;999998,00;999998,00;999998,00;999998,00;999998,00;;;;;;;;;;;;;;;;;22,6496;0,00000;0,0000;0,00918579;0,00918579;0,00466;3,38565;0,1064;25,949077;0,000469;23,676369;23,823314;0,0001;0,0098;0,00;0,33;0,00;0,03;2,00;;1,099;1,137;0,2276959;20,88200;0,12200;0,02400;0,0029465;;71,10;85,00;;;
;;86;20,94900;0,04700;0,021000;117,825;99,98;-0,1301;0,000;101,056;35,700;0,005;322,250;324,350;26,90;844,917;263,215;0,000;567,700;589,000;558,600;313,050;;;;;0,00;0,00;0,00;3,00;2,57;15,793;27,178;0,58;0,58;999998,00;999998,00;999998,00;999998,00;999998,00;999998,00;999998,00;999998,00;999998,00;999998,00;999998,00;999998,00;999998,00;999998,00;999998,00;;;;;;;;;;;;;;;;;43,4885;21,03647;5,6988;0,02078247;0,02078247;0,00428;2,37945;0,1499;26,424313;0,000556;24,109982;24,267100;0,0001;0,0118;0,00;0,35;0,00;0,05;3,55;;1,471;1,137;0,4371898;20,83000;0,16600;0,02200;0,0055553;;71,09;86,00;;;
;;87;20,94900;0,04700;0,018000;112,125;99,97;-0,1600;0,000;101,052;35,700;0,005;322,550;325,150;27,00;845,083;263,215;0,000;568,200;589,000;558,600;313,050;;;;;0,00;0,00;0,00;3,00;2,57;15,818;27,183;0,58;0,57;999998,00;999998,00;999998,00;999998,00;999998,00;999998,00;999998,00;999998,00;999998,00;999998,00;999998,00;999998,00;999998,00;999998,00;999998,00;;;;;;;;;;;;;;;;;66,7527;26,89293;4,9317;0,02495321;0,02495321;0,00213;2,99033;0,2166;25,765237;0,000591;23,530516;23,720190;0,0001;0,0122;0,00;0,36;0,00;0,07;5,31;;2,088;2,139;0,6710649;20,76500;0,23300;0,01300;0,0087463;;71,06;87,00;;;
;;88;20,94900;0,04800;-0,004000;113,250;99,97;-0,1801;0,000;101,056;35,700;0,005;323,050;326,250;27,00;845,183;263,215;0,000;568,400;589,000;558,700;313,050;;;;;0,00;0,00;0,00;3,00;2,57;15,824;27,207;0,58;0,57;999998,00;999998,00;999998,00;999998,00;999998,00;999998,00;999998,00;999998,00;999998,00;999998,00;999998,00;999998,00;999998,00;999998,00;999998,00;;;;;;;;;;;;;;;;;97,1067;34,39629;4,2430;0,02838135;0,02838135;0,00122;3,42105;0,3137;25,874125;0,000574;23,666590;23,901021;0,0001;0,0120;0,00;0,37;0,00;0,10;7,49;;2,995;2,139;0,9762132;20,68900;0,28900;0,00900;0,0126743;;71,04;88,00;;;
;;89;20,94800;0,04900;-0,014000;109,175;99,74;-0,2201;0,000;101,056;35,700;0,005;323,750;327,850;27,00;845,183;263,215;0,000;568,400;589,000;558,700;313,050;;;;;0,00;0,00;0,00;3,00;2,57;15,832;27,207;0,58;0,57;999998,00;999998,00;999998,00;999998,00;999998,00;999998,00;999998,00;999998,00;999998,00;999998,00;999998,00;999998,00;999998,00;999998,00;999998,00;;;;;;;;;;;;;;;;;125,4450;27,53076;13,2737;0,04580688;0,04580688;-0,00193;2,57034;0,4392;25,376875;0,002942;23,262061;23,556654;0,0006;0,0605;0,00;0,43;0,00;0,12;9,47;;4,212;4,250;1,2610981;20,61300;0,34700;-0,00500;0,0166994;;71,00;89,00;;;
;;90;20,94800;0,04900;0,000000;110,325;98,37;-0,2700;0,000;101,060;35,700;0,005;324,950;330,450;26,90;845,350;263,209;0,000;568,900;589,000;558,700;313,050;;;;;0,00;0,00;0,00;3,00;2,57;15,818;27,199;0,58;0,57;999998,00;999998,00;999998,00;999998,00;999998,00;999998,00;999998,00;999998,00;999998,00;999998,00;999998,00;999998,00;999998,00;999998,00;999998,00;;;;;;;;;;;;;;;;;152,3574;28,28084;64,4652;0,05415853;0,05415853;-0,00239;2,66316;0,5915;25,463033;0,016706;23,427553;23,824081;0,0035;0,3473;0,01;0,78;0,00;0,14;11,52;;5,708;4,250;1,5316488;20,54100;0,41400;-0,00700;0,0202208;;70,95;90,00;;;
;;91;20,94700;0,04900;0,003000;109,850;97,34;-0,3301;0,000;101,056;35,700;0,005;326,350;333,350;26,90;845,450;263,209;0,000;569,200;589,000;558,700;313,050;;;;;0,00;0,00;0,00;3,00;2,58;15,839;27,191;0,58;0,56;999998,00;999998,00;999998,00;999998,00;999998,00;999998,00;999998,00;999998,00;999998,00;999998,00;999998,00;999998,00;999998,00;999998,00;999998,00;;;;;;;;;;;;;;;;;177,3452;25,16316;80,8210;0,07085164;0,07085164;-0,00104;2,31158;0,7689;25,353601;0,027280;23,427370;23,929872;0,0057;0,5696;0,01;1,35;0,00;0,16;13,39;;7,457;7,484;1,7828514;20,47200;0,46600;-0,00100;0,0236479;;70,89;91,00;;;
;;92;20,94600;0,05200;0,010000;110,700;97,21;-0,4100;0,000;101,060;35,700;0,005;327,750;336,450;27,00;845,583;263,209;0,000;569,500;589,000;558,800;313,050;;;;;0,00;0,00;0,00;3,00;2,58;15,818;27,191;0,58;0,56;999998,00;999998,00;999998,00;999998,00;999998,00;999998,00;999998,00;999998,00;999998,00;999998,00;999998,00;999998,00;999998,00;999998,00;999998,00;;;;;;;;;;;;;;;;;201,3981;25,32855;75,9957;0,07993571;0,07993571;0,00031;2,35858;0,9703;25,397087;0,028624;23,568225;24,193835;0,0061;0,6043;0,02;1,95;0,00;0,19;15,29;;9,434;7,484;2,0246554;20,40500;0,52900;0,00500;0,0268186;;70,81;92,00;;;
;;93;20,94600;0,06300;0,015000;111,750;96,40;-0,4900;0,000;101,056;35,700;0,005;329,250;339,550;27,00;845,750;263,209;0,000;569,900;589,100;558,800;313,050;;;;;0,00;0,00;0,00;3,00;2,58;15,839;27,191;0,58;0,55;999998,00;999998,00;999998,00;999998,00;999998,00;999998,00;999998,00;999998,00;999998,00;999998,00;999998,00;999998,00;999998,00;999998,00;999998,00;;;;;;;;;;;;;;;;;228,0560;25,46338;88,0884;0,09003703;0,09003703;0,00076;2,31968;1,1983;25,459057;0,036940;23,733859;24,476331;0,0079;0,7889;0,03;2,74;0,00;0,21;17,26;;11,642;11,682;2,2926469;20,33600;0,58000;0,00700;0,0303057;;70,73;93,00;;;
;;94;20,94400;0,08400;0,012000;105,675;96,44;-0,5901;0,000;101,056;35,700;0,005;330,950;342,950;27,00;845,883;263,209;0,000;570,300;589,100;558,800;313,050;;;;;0,00;0,00;0,00;3,00;2,58;15,828;27,178;0,58;0,55;999998,00;999998,00;999998,00;999998,00;999998,00;999998,00;999998,00;999998,00;999998,00;999998,00;999998,00;999998,00;999998,00;999998,00;999998,00;;;;;;;;;;;;;;;;;241,8623;24,30304;76,9445;0,10004679;0,10004679;0,00596;2,25894;1,4402;24,693712;0,036599;23,139237;23,978248;0,0077;0,7657;0,04;3,51;0,01;0,23;18,50;;14,017;11,682;2,4314413;20,27100;0,64200;0,03100;0,0331484;;70,63;94,00;;;
;;95;20,93300;0,12200;0,016000;107,050;95,95;-0,6901;0,000;101,060;35,700;0,005;332,750;346,350;26,90;846,150;263,209;0,000;571,100;589,100;558,800;313,050;;;;;0,00;0,00;0,00;3,00;2,58;15,809;27,207;0,58;0,55;999998,00;999998,00;999998,00;999998,00;999998,00;999998,00;999998,00;999998,00;999998,00;999998,00;999998,00;999998,00;999998,00;999998,00;999998,00;;;;;;;;;;;;;;;;;264,3211;28,47965;95,1235;0,09330241;0,09330241;0,00380;2,58578;1,7045;24,786530;0,041625;23,352537;24,306990;0,0089;0,8828;0,04;4,39;0,00;0,24;20,07;;16,534;16,619;2,6572204;20,21600;0,68000;0,02100;0,0361009;;70,53;95,00;;;
;;96;20,91200;0,16600;0,024000;107,150;96,38;-0,8101;0,000;101,060;35,700;0,005;334,650;350,050;27,00;846,317;263,209;0,000;571,600;589,100;558,800;313,050;;;;;0,00;0,00;0,00;3,00;2,58;15,818;27,189;0,58;0,55;999998,00;999998,00;999998,00;999998,00;999998,00;999998,00;999998,00;999998,00;999998,00;999998,00;999998,00;999998,00;999998,00;999998,00;999998,00;;;;;;;;;;;;;;;;;280,0921;11,64939;33,0485;0,24170939;0,24170939;0,00379;1,05994;1,9846;24,727608;0,037157;23,430050;24,508259;0,0080;0,7946;0,05;5,18;0,00;0,26;21,28;;19,197;16,619;2,8157662;20,17000;0,72100;0,02100;0,0383550;;70,41;96,00;;;
Auswertung Test;;97;20,88200;0,23300;0,022000;105,900;95,50;-1,1301;0,000;101,052;35,700;0,005;336,650;353,950;27,00;846,650;263,209;0,000;572,500;589,100;558,900;313,050;;;;;0,00;0,00;0,00;3,00;2,58;15,818;27,191;0,58;0,55;999998,00;999998,00;999998,00;999998,00;999998,00;999998,00;999998,00;999998,00;999998,00;999998,00;999998,00;999998,00;999998,00;999998,00;999998,00;;;;;;;;;;;;;;;;;291,7402;13,64017;46,4269;0,21501668;0,21501668;0,00159;1,24383;2,2764;24,509819;0,046330;23,362482;24,563050;0,0100;0,9930;0,06;6,18;0,00;0,27;22,11;;21,947;22,009;2,9328640;20,13200;0,75700;0,01100;0,0403123;;70,09;97,00;;;
Software;Logger2025 / 19.09.2025 10:04;98;20,83000;0,28900;0,013000;102,750;95,39;-1,2101;0,000;101,060;35,700;0,005;338,750;357,750;26,90;846,717;263,209;0,000;572,700;589,100;558,900;313,050;;;;;0,00;0,00;0,00;3,00;2,58;15,780;27,189;0,58;0,55;999998,00;999998,00;999998,00;999998,00;999998,00;999998,00;999998,00;999998,00;999998,00;999998,00;999998,00;999998,00;999998,00;999998,00;999998,00;;;;;;;;;;;;;;;;;303,8691;44,19406;147,0560;0,06912231;0,06912231;0,00135;3,95918;2,5802;24,067595;0,047533;23,084064;24,378816;0,0102;1,0111;0,07;7,19;0,00;0,27;22,96;;24,762;22,009;3,0547958;20,08500;0,78700;0,01000;0,0427706;;70,01;98,00;;;
Auswertung Test;;99;20,76500;0,34700;0,009000;109,650;95,16;-1,3101;0,000;101,060;35,700;0,005;340,550;360,750;26,90;847,050;263,209;0,000;573,700;589,100;558,900;313,050;;;;;0,00;0,00;0,00;3,00;2,59;15,799;27,194;0,58;0,55;999998,00;999998,00;999998,00;999998,00;999998,00;999998,00;999998,00;999998,00;999998,00;999998,00;999998,00;999998,00;999998,00;999998,00;999998,00;;;;;;;;;;;;;;;;;324,6360;29,89949;101,6197;0,10915120;0,10915120;0,00008;2,68054;2,9049;24,796781;0,049924;23,909829;25,328059;0,0111;1,1033;0,08;8,29;0,00;0,29;24,50;;27,686;27,791;3,2635657;20,05400;0,81500;0,00400;0,0443567;;69,91;99,00;;;
Test start time   [s];60;100;20,68900;0,41400;-0,005000;107,075;95,60;-1,4200;0,000;101,056;35,700;0,005;342,450;364,150;26,90;847,217;263,209;0,000;574,200;589,100;558,900;313,050;;;;;0,00;0,00;0,00;3,00;2,59;15,858;27,210;0,58;0,55;999998,00;999998,00;999998,00;999998,00;999998,00;999998,00;999998,00;999998,00;999998,00;999998,00;999998,00;999998,00;999998,00;999998,00;999998,00;;;;;;;;;;;;;;;;;329,9326;42,36142;127,7851;0,07829793;0,07829793;-0,00121;3,77317;3,2348;24,435819;0,045272;23,693234;25,194601;0,0100;0,9953;0,09;9,29;0,00;0,30;24,84;;30,682;27,791;3,3168120;20,02800;0,83400;-0,00200;0,0457525;;69,80;100,00;;;
Time to ignition  [s];85;101;20,61300;0,46600;-0,007000;108,700;95,30;-1,5000;0,000;101,056;35,700;0,005;344,350;367,550;26,90;847,350;263,209;0,000;574,600;589,100;558,900;313,050;;;;;0,00;0,00;0,00;3,00;2,59;15,852;27,199;0,58;0,55;999998,00;999998,00;999998,00;999998,00;999998,00;999998,00;999998,00;999998,00;999998,00;999998,00;999998,00;999998,00;999998,00;999998,00;999998,00;;;;;;;;;;;;;;;;;336,6235;17,13460;54,9540;0,19749959;0,19749959;0,00376;1,54487;3,5714;24,552525;0,048424;23,938477;25,551291;0,0109;1,0796;0,10;10,37;0,00;0,31;25,53;;33,678;33,787;3,3840763;20,00700;0,85600;0,02100;0,0464639;;69,72;101,00;;;
Time to flame out [s];511;102;20,54100;0,52900;-0,001000;105,900;95,59;-1,7900;0,000;101,056;35,700;0,005;346,250;370,550;26,90;847,550;263,209;0,000;575,200;589,100;558,900;313,050;;;;;0,00;0,00;0,00;3,00;2,59;15,820;27,218;0,58;0,55;999998,00;999998,00;999998,00;999998,00;999998,00;999998,00;999998,00;999998,00;999998,00;999998,00;999998,00;999998,00;999998,00;999998,00;999998,00;;;;;;;;;;;;;;;;;341,4308;15,78052;46,4618;0,21750895;0,21750895;0,00136;1,40967;3,9129;24,167655;0,045436;23,693246;25,356050;0,0101;1,0053;0,11;11,37;0,00;0,31;25,79;;36,672;33,787;3,4324039;19,98200;0,87300;0,01000;0,0478841;;69,43;102,00;;;
Time end of test  [s];666;103;20,47200;0,58000;0,005000;107,125;95,05;-1,9000;0,000;101,056;35,600;0,005;348,050;373,450;26,90;847,550;263,209;0,000;575,200;589,100;558,900;313,050;;;;;0,00;0,00;0,00;3,00;2,59;15,824;27,189;0,58;0,55;999998,00;999998,00;999998,00;999998,00;999998,00;999998,00;999998,00;999998,00;999998,00;999998,00;999998,00;999998,00;999998,00;999998,00;999998,00;;;;;;;;;;;;;;;;;351,2432;37,14856;120,9521;0,09505208;0,09505208;0,00179;3,31406;4,2641;24,244098;0,051126;23,891749;25,635322;0,0115;1,1436;0,13;12,51;0,00;0,32;26,54;;39,678;39,810;3,5310478;19,95700;0,89300;0,01200;0,0491113;;69,32;103,00;;;
Masses;;104;20,40500;0,64200;0,007000;102,450;95,45;-2,0101;0,000;101,056;35,600;0,005;349,750;376,150;26,90;847,617;263,209;0,000;575,500;589,000;558,900;313,050;;;;;0,00;0,00;0,00;3,00;2,59;15,811;27,199;0,58;0,55;999998,00;999998,00;999998,00;999998,00;999998,00;999998,00;999998,00;999998,00;999998,00;999998,00;999998,00;999998,00;999998,00;999998,00;999998,00;;;;;;;;;;;;;;;;;348,5192;37,51488;110,9354;0,09339396;0,09339396;0,00362;3,34861;4,6126;23,651492;0,046889;23,421599;25,189519;0,0104;1,0306;0,14;13,54;0,00;0,31;26,39;;42,661;39,810;3,5036633;19,93800;0,90800;0,02100;0,0499566;;69,21;104,00;;;
Mass sust.flaming [g];71,10;105;20,33600;0,68000;0,031000;104,475;95,16;-2,1201;0,000;101,056;35,600;0,005;351,450;378,550;26,90;847,817;263,209;0,000;576,100;589,000;558,900;313,050;;;;;0,00;0,00;0,00;3,00;2,59;15,835;27,189;0,58;0,55;999998,00;999998,00;999998,00;999998,00;999998,00;999998,00;999998,00;999998,00;999998,00;999998,00;999998,00;999998,00;999998,00;999998,00;999998,00;;;;;;;;;;;;;;;;;358,0083;15,94060;49,5248;0,22577922;0,22577922;0,00365;1,42285;4,9706;23,826259;0,049915;23,709352;25,537559;0,0112;1,1123;0,15;14,66;0,00;0,32;27,11;;45,619;45,806;3,5990571;19,91800;0,92500;0,02100;0,0509456;;69,10;105,00;;;
Mass remaining    [g];0,08;106;20,27100;0,72100;0,021000;103,425;94,77;-2,4301;0,000;101,060;35,600;0,005;353,250;381,050;26,90;848,183;263,209;0,000;577,300;588,900;558,900;313,050;;;;;0,00;0,00;0,00;3,00;2,59;15,818;27,199;0,58;0,55;999998,00;999998,00;999998,00;999998,00;999998,00;999998,00;999998,00;999998,00;999998,00;999998,00;999998,00;999998,00;999998,00;999998,00;999998,00;;;;;;;;;;;;;;;;;359,8389;15,56148;52,0354;0,23246257;0,23246257;0,00404;1,39172;5,3305;23,645751;0,054053;23,650240;25,511462;0,0121;1,2033;0,16;15,86;0,00;0,32;27,27;;48,575;45,806;3,6174609;19,90400;0,93800;0,02300;0,0516007;;68,79;106,00;;;
Mass loss test    [g];71,02;107;20,21600;0,75700;0,021000;107,875;95,03;-2,5500;0,000;101,056;35,600;0,005;354,950;383,250;26,90;848,483;263,209;0,000;578,200;588,900;558,900;313,050;;;;;0,00;0,00;0,00;3,00;2,60;15,837;27,205;0,58;0,55;999998,00;999998,00;999998,00;999998,00;999998,00;999998,00;999998,00;999998,00;999998,00;999998,00;999998,00;999998,00;999998,00;999998,00;999998,00;;;;;;;;;;;;;;;;;372,6102;37,46002;117,5223;0,09999593;0,09999593;0,00135;3,32214;5,7031;24,091189;0,051247;24,211723;26,142112;0,0118;1,1690;0,17;17,03;0,00;0,33;28,13;;51,543;51,778;3,7458499;19,89100;0,94500;0,01000;0,0524476;;68,67;107,00;;;
Mass loss rate test [g/s];0,12;108;20,17000;0,78700;0,011000;105,400;94,58;-2,6600;0,000;101,056;35,600;0,005;356,650;385,550;26,90;848,483;263,209;0,000;578,400;588,800;558,800;313,050;;;;;0,00;0,00;0,00;3,00;2,60;15,845;27,218;0,58;0,54;999998,00;999998,00;999998,00;999998,00;999998,00;999998,00;999998,00;999998,00;999998,00;999998,00;999998,00;999998,00;999998,00;999998,00;999998,00;;;;;;;;;;;;;;;;;370,4219;42,98104;147,2165;0,08663940;0,08663940;0,00092;3,80621;6,0735;23,756399;0,056068;23,989606;25,933528;0,0128;1,2688;0,18;18,30;0,00;0,33;27,94;;54,506;51,778;3,7238514;19,88300;0,95100;0,00800;0,0528765;;68,56;108,00;;;
Mass loss rate 10/90 [g/s];0,21;109;20,13200;0,81500;0,010000;106,150;94,47;-2,7600;0,000;101,058;35,600;0,005;358,150;387,450;26,90;848,550;263,209;0,000;578,600;588,800;558,800;313,050;;;;;0,00;0,00;0,00;3,00;2,60;15,780;27,207;0,58;0,54;999998,00;999998,00;999998,00;999998,00;999998,00;999998,00;999998,00;999998,00;999998,00;999998,00;999998,00;999998,00;999998,00;999998,00;999998,00;;;;;;;;;;;;;;;;;373,9606;16,89447;58,8565;0,22252401;0,22252401;-0,00160;1,49391;6,4475;23,790795;0,057207;24,125381;26,099062;0,0131;1,3028;0,20;19,60;0,00;0,33;28,14;;57,421;57,677;3,7594262;19,87700;0,95700;-0,00400;0,0533059;;68,46;109,00;;;
Values;;110;20,08500;0,83400;0,004000;106,250;95,34;-3,0701;0,000;101,056;35,600;0,005;359,750;389,450;26,90;848,717;263,209;0,000;579,200;588,700;558,800;313,050;;;;;0,00;0,00;0,00;3,00;2,60;15,803;27,205;0,58;0,55;999998,00;999998,00;999998,00;999998,00;999998,00;999998,00;999998,00;999998,00;999998,00;999998,00;999998,00;999998,00;999998,00;999998,00;999998,00;;;;;;;;;;;;;;;;;376,1236;17,65396;51,5494;0,21418254;0,21418254;-0,00160;1,55956;6,8236;23,749010;0,048063;24,190597;26,187708;0,0110;1,0983;0,21;20,70;0,00;0,33;28,30;;60,308;57,677;3,7811708;19,86900;0,96300;-0,00400;0,0537108;;68,15;110,00;;;
THR   [MJ/m²];168,3;111;20,05400;0,85600;-0,002000;104,875;95,09;-3,1600;0,000;101,056;35,700;0,005;360,950;390,650;26,90;848,450;263,209;0,000;578,600;588,600;558,700;313,050;;;;;0,00;0,00;0,00;3,00;2,60;15,824;27,207;0,58;0,55;999998,00;999998,00;999998,00;999998,00;999998,00;999998,00;999998,00;999998,00;999998,00;999998,00;999998,00;999998,00;999998,00;999998,00;999998,00;;;;;;;;;;;;;;;;;374,1326;41,04080;126,4569;0,09164429;0,09164429;-0,00221;3,61519;7,1977;23,555585;0,050707;24,073610;26,054455;0,0116;1,1528;0,22;21,85;0,00;0,33;28,12;;63,144;63,378;3,7611550;19,86700;0,96300;-0,00700;0,0538658;;68,06;111,00;;;
TSP   [m²];7,5;112;20,02800;0,87300;0,021000;101,750;95,23;-3,2900;0,000;101,050;35,700;0,005;362,450;392,450;26,90;848,217;263,209;0,000;578,000;588,500;558,700;313,050;;;;;0,00;0,00;0,00;3,00;2,60;15,786;27,213;0,58;0,55;999998,00;999998,00;999998,00;999998,00;999998,00;999998,00;999998,00;999998,00;999998,00;999998,00;999998,00;999998,00;999998,00;999998,00;999998,00;;;;;;;;;;;;;;;;;366,4406;26,95459;81,2579;0,13666789;0,13666789;0,00191;2,39844;7,5642;23,153923;0,049207;23,761451;25,728188;0,0111;1,1047;0,23;22,96;0,00;0,33;27,69;;65,887;63,378;3,6838272;19,86500;0,96900;0,01300;0,0536742;;67,93;112,00;;;
TSR   [m²/m²];744,8;113;20,00700;0,89300;0,010000;104,225;95,09;-3,4200;0,000;101,056;35,700;0,005;363,850;393,850;26,90;848,083;263,209;0,000;577,800;588,400;558,600;313,050;;;;;0,00;0,00;0,00;3,00;2,60;15,839;27,197;0,58;0,55;999998,00;999998,00;999998,00;999998,00;999998,00;999998,00;999998,00;999998,00;999998,00;999998,00;999998,00;999998,00;999998,00;999998,00;999998,00;;;;;;;;;;;;;;;;;375,4592;41,52743;127,5277;0,09089152;0,09089152;0,00358;3,69022;7,9396;23,388706;0,050664;24,095106;26,081785;0,0116;1,1530;0,24;24,11;0,00;0,34;28,41;;68,586;68,890;3,7744913;19,84800;0,98100;0,02100;0,0544482;;67,80;113,00;;;
TSR   [m²/m² (none flaming phase)];67,5;114;19,98200;0,90800;0,012000;100,950;94,75;-3,5101;0,000;101,050;35,700;0,005;365,150;395,050;26,90;848,050;263,209;0,000;577,800;588,300;558,600;313,050;;;;;0,00;0,00;0,00;3,00;2,60;15,780;27,205;0,58;0,55;999998,00;999998,00;999998,00;999998,00;999998,00;999998,00;999998,00;999998,00;999998,00;999998,00;999998,00;999998,00;999998,00;999998,00;999998,00;;;;;;;;;;;;;;;;;372,1416;17,13263;56,0321;0,21836344;0,21836344;0,00413;1,52671;8,3118;22,977297;0,054271;23,755847;25,701074;0,0122;1,2171;0,25;25,33;0,00;0,33;28,19;;71,264;68,890;3,7411397;19,83700;0,99200;0,02400;0,0549364;;67,71;114,00;;;
TSR   [m²/m² (flaming phase)];677,3;115;19,95700;0,92500;0,021000;99,600;94,78;-3,8301;0,000;101,056;35,700;0,005;366,150;395,750;26,90;848,183;263,203;0,000;578,400;588,200;558,500;313,050;;;;;0,00;0,00;0,00;3,00;2,61;15,839;27,207;0,58;0,55;999998,00;999998,00;999998,00;999998,00;999998,00;999998,00;999998,00;999998,00;999998,00;999998,00;999998,00;999998,00;999998,00;999998,00;999998,00;;;;;;;;;;;;;;;;;373,3641;15,70182;50,5148;0,23904419;0,23904419;0,00229;1,39214;8,6851;22,791955;0,053901;23,628758;25,538935;0,0121;1,2012;0,27;26,53;0,00;0,33;28,22;;73,885;74,203;3,7534292;19,82700;0,99800;0,01500;0,0555680;;67,39;115,00;;;
MARHE [kW / m²];376,2;116;19,93800;0,93800;0,021000;101,350;94,92;-3,9500;0,000;101,046;35,700;0,005;367,450;397,550;26,90;848,417;263,203;0,000;579,300;588,100;558,400;313,050;;;;;0,00;0,00;0,00;3,00;2,61;15,811;27,205;0,58;0,55;999998,00;999998,00;999998,00;999998,00;999998,00;999998,00;999998,00;999998,00;999998,00;999998,00;999998,00;999998,00;999998,00;999998,00;999998,00;;;;;;;;;;;;;;;;;378,8532;36,56267;114,0644;0,10416667;0,10416667;0,00048;3,22709;9,0640;22,950608;0,052432;23,877712;25,833677;0,0119;1,1819;0,28;27,71;0,00;0,34;28,56;;76,491;74,203;3,8086117;19,82100;1,00100;0,00600;0,0559969;;67,27;116,00;;;
Results HRR;;117;19,91800;0,94500;0,023000;102,675;94,55;-4,0701;0,000;101,058;35,700;0,005;368,650;398,750;26,90;848,283;263,203;0,000;579,000;588,000;558,400;313,050;;;;;0,00;0,00;0,00;3,00;2,61;15,809;27,207;0,58;0,54;999998,00;999998,00;999998,00;999998,00;999998,00;999998,00;999998,00;999998,00;999998,00;999998,00;999998,00;999998,00;999998,00;999998,00;999998,00;;;;;;;;;;;;;;;;;381,3416;39,28908;131,8780;0,09757487;0,09757487;0,00130;3,47276;9,4453;23,062516;0,056339;24,072499;26,038001;0,0129;1,2800;0,29;28,99;0,00;0,34;28,78;;79,085;79,385;3,8336271;19,81800;1,00400;0,01000;0,0560921;;67,15;117,00;;;
HRR max [kW/m²];676,5;118;19,90400;0,95100;0,010000;104,425;93,36;-4,1801;0,000;101,050;35,700;0,005;369,650;399,350;26,90;848,450;263,203;0,000;579,600;588,000;558,300;313,050;;;;;0,00;0,00;0,00;3,00;2,61;15,839;27,199;0,58;0,54;999998,00;999998,00;999998,00;999998,00;999998,00;999998,00;999998,00;999998,00;999998,00;999998,00;999998,00;999998,00;999998,00;999998,00;999998,00;;;;;;;;;;;;;;;;;384,5454;16,69128;68,6554;0,23160807;0,23160807;0,00069;1,47654;9,8299;23,226744;0,069023;24,309684;26,262877;0,0159;1,5817;0,31;30,57;0,00;0,34;29,01;;81,661;79,385;3,8658349;19,81700;1,00600;0,00700;0,0561635;;67,04;118,00;;;
Max at [s];350;119;19,89100;0,95700;0,008000;100,650;93,82;-4,5000;0,000;101,050;35,700;0,005;370,650;400,250;26,90;848,517;263,203;0,000;580,000;587,800;558,300;313,050;;;;;0,00;0,00;0,00;3,00;2,61;15,790;27,205;0,58;0,54;999998,00;999998,00;999998,00;999998,00;999998,00;999998,00;999998,00;999998,00;999998,00;999998,00;999998,00;999998,00;999998,00;999998,00;999998,00;;;;;;;;;;;;;;;;;379,4874;16,52399;62,8333;0,23087565;0,23087565;-0,00033;1,46583;10,2093;22,772271;0,064082;23,898498;25,807025;0,0145;1,4430;0,32;32,01;0,00;0,34;28,62;;84,185;84,444;3,8149866;19,81000;1,01500;0,00200;0,0565327;;66,72;119,00;;;
HRR 060s [kW/m²];330,1;120;19,88300;0,96300;-0,004000;100,425;94,50;-4,6101;0,000;101,058;35,700;0,005;371,550;400,950;26,90;848,750;263,203;0,000;580,900;587,700;558,200;313,050;;;;;0,00;0,00;0,00;3,00;2,61;15,778;27,210;0,58;0,54;999998,00;999998,00;999998,00;999998,00;999998,00;999998,00;999998,00;999998,00;999998,00;999998,00;999998,00;999998,00;999998,00;999998,00;999998,00;;;;;;;;;;;;;;;;;382,4059;37,20346;124,4982;0,10333252;0,10333252;0,00047;3,29439;10,5918;22,719236;0,056862;23,900735;25,791952;0,0129;1,2797;0,33;33,29;0,00;0,34;28,85;;86,658;84,444;3,8443269;19,79800;1,02300;0,00600;0,0571042;;66,61;120,00;;;
HRR 120s [kW/m²];374,6;121;19,87700;0,96300;-0,004000;108,350;93,45;-4,7400;0,000;101,050;35,700;0,005;372,450;401,350;26,90;848,617;263,203;0,000;580,700;587,600;558,100;313,050;;;;;0,00;0,00;0,00;3,00;2,61;15,799;27,199;0,58;0,54;999998,00;999998,00;999998,00;999998,00;999998,00;999998,00;999998,00;999998,00;999998,00;999998,00;999998,00;999998,00;999998,00;999998,00;999998,00;;;;;;;;;;;;;;;;;398,9421;36,21334;144,4379;0,11074829;0,11074829;0,00257;3,21497;10,9907;23,570125;0,068083;24,855937;26,784616;0,0160;1,5912;0,35;34,89;0,00;0,36;30,16;;89,170;89,482;4,0105654;19,78900;1,03100;0,01600;0,0574257;;66,48;121,00;;;
HRR 180s [kW/m²];414,9;122;19,86900;0,96900;-0,007000;103,500;94,03;-4,8600;0,000;101,050;35,700;0,005;373,250;402,150;26,90;848,450;263,203;0,000;580,400;587,500;558,000;313,050;;;;;0,00;0,00;0,00;3,00;2,61;15,818;27,197;0,58;0,54;999998,00;999998,00;999998,00;999998,00;999998,00;999998,00;999998,00;999998,00;999998,00;999998,00;999998,00;999998,00;999998,00;999998,00;999998,00;;;;;;;;;;;;;;;;;391,4979;17,04696;61,6270;0,23087565;0,23087565;0,00332;1,51481;11,3822;23,011859;0,061903;24,319340;26,202338;0,0142;1,4153;0,36;36,30;0,00;0,35;29,63;;91,679;89,482;3,9357281;19,78200;1,03700;0,02000;0,0577234;;66,36;122,00;;;
HRR 240s [kW/m²];456,2;123;19,86700;0,98100;0,013000;103,500;94,03;-5,1700;0,000;101,050;35,700;0,005;373,250;402,150;26,90;848,050;263,203;0,000;579,500;587,300;557,900;313,050;;;;;0,00;0,00;0,00;3,00;2,62;15,837;27,215;0,58;0,54;999998,00;999998,00;999998,00;999998,00;999998,00;999998,00;999998,00;999998,00;999998,00;999998,00;999998,00;999998,00;999998,00;999998,00;999998,00;;;;;;;;;;;;;;;;;394,0691;17,60494;63,2289;0,22502645;0,22502645;0,00231;1,55888;11,7763;23,011859;0,061903;24,319340;26,202338;0,0142;1,4153;0,38;37,72;0,00;0,35;29,78;;94,127;94,474;3,9615771;19,77600;1,04000;0,01500;0,0581044;;66,05;123,00;;;
HRR 300s [kW/m²];479,0;124;19,86500;0,99200;0,021000;97,600;94,41;-5,2800;0,000;101,050;35,700;0,005;374,350;403,450;26,90;847,883;263,203;0,000;579,200;587,200;557,800;313,050;;;;;0,00;0,00;0,00;3,00;2,62;15,862;27,237;0,58;0,54;999998,00;999998,00;999998,00;999998,00;999998,00;999998,00;999998,00;999998,00;999998,00;999998,00;999998,00;999998,00;999998,00;999998,00;999998,00;;;;;;;;;;;;;;;;;382,1058;39,40890;132,6042;0,09747314;0,09747314;0,00381;3,49663;12,1584;22,313486;0,057808;23,650784;25,489271;0,0129;1,2857;0,39;39,00;0,00;0,34;28,92;;96,497;94,474;3,8413095;19,77400;1,04200;0,02300;0,0581044;;65,94;124,00;;;
HRR 360s [kW/m²];455,1;125;19,84800;0,99800;0,024000;98,625;94,76;-5,4000;0,000;101,058;35,700;0,005;375,350;404,250;26,90;847,517;263,203;0,000;578,400;587,000;557,700;313,050;;;;;0,00;0,00;0,00;3,00;2,62;15,793;27,205;0,58;0,55;999998,00;999998,00;999998,00;999998,00;999998,00;999998,00;999998,00;999998,00;999998,00;999998,00;999998,00;999998,00;999998,00;999998,00;999998,00;;;;;;;;;;;;;;;;;384,9258;35,15089;110,6597;0,11008708;0,11008708;0,00284;3,11740;12,5433;22,400449;0,054166;23,806383;25,639351;0,0122;1,2118;0,40;40,21;0,00;0,34;29,11;;98,794;99,195;3,8696590;19,77100;1,04500;0,01800;0,0583068;;65,82;125,00;;;
HRR Test [kW/m²];322,2;126;19,83700;1,00100;0,015000;101,025;94,29;-5,5302;0,000;101,050;35,700;0,005;376,250;405,350;26,90;847,217;263,203;0,000;577,600;586,900;557,700;313,050;;;;;0,00;0,00;0,00;3,00;2,62;15,830;27,226;0,58;0,54;999998,00;999998,00;999998,00;999998,00;999998,00;999998,00;999998,00;999998,00;999998,00;999998,00;999998,00;999998,00;999998,00;999998,00;999998,00;;;;;;;;;;;;;;;;;391,8037;16,18865;55,3471;0,24330648;0,24330648;0,00127;1,43156;12,9351;22,644233;0,059070;24,123171;25,988910;0,0135;1,3395;0,42;41,55;0,00;0,35;29,58;;101,092;99,195;3,9388024;19,76500;1,04900;0,01000;0,0587115;;65,69;126,00;;;
Results EHC;;127;19,82700;1,00400;0,006000;98,625;93,99;-5,8500;0,000;101,050;35,700;0,005;377,150;406,150;26,90;847,050;263,203;0,000;577,300;586,800;557,600;313,050;;;;;0,00;0,00;0,00;3,00;2,62;15,801;27,226;0,58;0,54;999998,00;999998,00;999998,00;999998,00;999998,00;999998,00;999998,00;999998,00;999998,00;999998,00;999998,00;999998,00;999998,00;999998,00;999998,00;;;;;;;;;;;;;;;;;387,7538;17,08188;61,5740;0,22820028;0,22820028;-0,00032;1,50479;13,3228;22,346931;0,062332;23,863397;25,698313;0,0141;1,3977;0,43;42,95;0,00;0,34;29,21;;103,365;103,717;3,8980891;19,76400;1,04800;0,00200;0,0588780;;65,37;127,00;;;
EHC max [MJ/kg];53,1;128;19,82100;1,00600;0,010000;100,925;94,45;-5,9600;0,000;101,050;35,600;0,005;377,950;406,550;26,90;847,117;263,203;0,000;577,700;586,700;557,500;313,050;;;;;0,00;0,00;0,00;3,00;2,62;15,818;27,239;0,58;0,54;999998,00;999998,00;999998,00;999998,00;999998,00;999998,00;999998,00;999998,00;999998,00;999998,00;999998,00;999998,00;999998,00;999998,00;999998,00;;;;;;;;;;;;;;;;;391,2026;36,27379;120,8441;0,10841878;0,10841878;0,00027;3,20062;13,7141;22,582064;0,057459;24,165638;25,994284;0,0131;1,3033;0,44;44,25;0,00;0,35;29,50;;105,600;103,717;3,9327599;19,76500;1,04800;0,00500;0,0587828;;65,26;128,00;;;
Max at [s];424;129;19,81800;1,01500;0,007000;100,125;93,98;-6,1001;0,000;101,052;35,700;0,005;378,650;407,250;26,90;847,083;263,203;0,000;577,900;586,500;557,400;313,050;;;;;0,00;0,00;0,00;3,00;2,62;15,809;27,234;0,58;0,54;999998,00;999998,00;999998,00;999998,00;999998,00;999998,00;999998,00;999998,00;999998,00;999998,00;999998,00;999998,00;999998,00;999998,00;999998,00;;;;;;;;;;;;;;;;;390,3843;32,01372;115,6542;0,12258911;0,12258911;0,00106;2,83645;14,1044;22,471585;0,062377;24,091949;25,911651;0,0142;1,4103;0,46;45,66;0,00;0,35;29,48;;107,811;108,141;3,9245330;19,76000;1,05500;0,00900;0,0589496;;65,12;129,00;;;
EHC 060s [MJ/kg];26,8;130;19,81700;1,02300;0,002000;99,000;93,77;-6,2301;0,000;101,050;35,700;0,005;379,350;408,050;26,90;847,317;263,203;0,000;578,700;586,400;557,400;313,050;;;;;0,00;0,00;0,00;3,00;2,62;15,790;27,231;0,58;0,54;999998,00;999998,00;999998,00;999998,00;999998,00;999998,00;999998,00;999998,00;999998,00;999998,00;999998,00;999998,00;999998,00;999998,00;999998,00;;;;;;;;;;;;;;;;;392,3450;16,66889;61,7970;0,23662313;0,23662313;-0,00111;1,47142;14,4968;22,324359;0,064630;23,978354;25,792453;0,0146;1,4546;0,47;47,12;0,00;0,35;29,55;;109,992;108,141;3,9442442;19,74900;1,06300;-0,00200;0,0596398;;64,99;130,00;;;
EHC 120s [MJ/kg];27,1;131;19,81000;1,03100;0,006000;102,150;94,20;-6,5400;0,000;101,052;35,700;0,005;380,050;408,250;26,90;847,250;263,203;0,000;578,700;586,300;557,300;313,050;;;;;0,00;0,00;0,00;3,00;2,63;15,837;27,218;0,58;0,54;999998,00;999998,00;999998,00;999998,00;999998,00;999998,00;999998,00;999998,00;999998,00;999998,00;999998,00;999998,00;999998,00;999998,00;999998,00;;;;;;;;;;;;;;;;;400,4622;18,51407;63,4524;0,21744792;0,21744792;-0,00193;1,63292;14,8972;22,655845;0,060062;24,379302;26,188265;0,0138;1,3725;0,49;48,49;0,00;0,36;30,14;;112,178;112,527;4,0258468;19,74300;1,06800;-0,00600;0,0599848;;64,68;131,00;;;
EHC 180s [MJ/kg];27,2;132;19,79800;1,03700;0,016000;103,400;93,78;-6,6400;0,000;101,050;35,700;0,005;380,550;408,350;26,90;847,083;263,203;0,000;578,400;586,200;557,200;313,050;;;;;0,00;0,00;0,00;3,00;2,63;15,820;27,223;0,58;0,54;999998,00;999998,00;999998,00;999998,00;999998,00;999998,00;999998,00;999998,00;999998,00;999998,00;999998,00;999998,00;999998,00;999998,00;999998,00;;;;;;;;;;;;;;;;;404,3832;41,69780;152,8710;0,09749349;0,09749349;-0,00013;3,67616;15,3016;22,779062;0,064511;24,544141;26,337143;0,0149;1,4825;0,50;49,97;0,00;0,36;30,48;;114,377;112,527;4,0652645;19,73600;1,07200;0,00300;0,0602469;;64,58;132,00;;;
EHC 240s [MJ/kg];27,2;133;19,78900;1,04000;0,020000;101,425;94,03;-6,7700;0,000;101,052;35,600;0,005;381,250;409,250;26,90;847,183;263,196;0,000;579,000;586,000;557,100;313,050;;;;;0,00;0,00;0,00;3,00;2,63;15,830;27,223;0,58;0,54;999998,00;999998,00;999998,00;999998,00;999998,00;999998,00;999998,00;999998,00;999998,00;999998,00;999998,00;999998,00;999998,00;999998,00;999998,00;;;;;;;;;;;;;;;;;399,0309;34,38332;121,4722;0,11666870;0,11666870;0,00206;3,03378;15,7007;22,539746;0,061858;24,330954;26,117883;0,0142;1,4097;0,52;51,38;0,00;0,35;30,14;;116,538;116,846;4,0114576;19,73700;1,07000;0,01400;0,0600806;;64,45;133,00;;;
EHC 300s [MJ/kg];27,2;134;19,78200;1,04200;0,015000;98,025;94,23;-6,9000;0,000;101,050;35,600;0,005;382,050;409,750;26,90;847,350;263,196;0,000;579,600;586,000;557,000;313,050;;;;;0,00;0,00;0,00;3,00;2,63;15,830;27,210;0,58;0,54;999998,00;999998,00;999998,00;999998,00;999998,00;999998,00;999998,00;999998,00;999998,00;999998,00;999998,00;999998,00;999998,00;999998,00;999998,00;;;;;;;;;;;;;;;;;390,0976;16,11344;55,3064;0,24337769;0,24337769;0,00300;1,41849;16,0908;22,135521;0,059752;23,944746;25,680826;0,0135;1,3389;0,53;52,72;0,00;0,35;29,47;;118,612;116,846;3,9216515;19,74200;1,06300;0,01900;0,0598069;;64,32;134,00;;;
EHC 360s [MJ/kg];27,4;135;19,77600;1,04500;0,023000;96,100;93,34;-7,2201;0,000;101,058;35,600;0,005;382,650;410,350;26,90;847,150;263,196;0,000;579,300;585,800;556,900;313,050;;;;;0,00;0,00;0,00;3,00;2,63;15,830;27,218;0,58;0,54;999998,00;999998,00;999998,00;999998,00;999998,00;999998,00;999998,00;999998,00;999998,00;999998,00;999998,00;999998,00;999998,00;999998,00;999998,00;;;;;;;;;;;;;;;;;381,5141;17,04404;68,7151;0,22502645;0,22502645;0,00413;1,49849;16,4723;21,899907;0,069278;23,727078;25,444679;0,0155;1,5381;0,55;54,26;0,00;0,34;28,85;;120,592;120,896;3,8353608;19,75500;1,05000;0,02500;0,0591164;;64,00;135,00;;;
EHC Test [MJ/kg];23,8;136;19,77400;1,04900;0,018000;102,525;93,53;-7,3201;0,000;101,060;35,700;0,005;383,150;410,650;26,90;847,250;263,196;0,000;579,800;585,700;556,800;313,050;;;;;0,00;0,00;0,00;3,00;2,63;15,826;27,231;0,58;0,54;999998,00;999998,00;999998,00;999998,00;999998,00;999998,00;999998,00;999998,00;999998,00;999998,00;999998,00;999998,00;999998,00;999998,00;999998,00;;;;;;;;;;;;;;;;;389,5510;46,54502;184,0745;0,08413696;0,08413696;0,00287;4,12042;16,8618;22,605385;0,067174;24,523419;26,283549;0,0155;1,5406;0,56;55,80;0,00;0,35;29,45;;122,540;120,896;3,9161567;19,76800;1,04600;0,01800;0,0584735;;63,90;136,00;;;
Results MLR;;137;19,77100;1,04800;0,010000;97,500;93,24;-7,4301;0,000;101,050;35,700;0,005;383,650;410,850;26,90;847,983;263,196;0,000;582,200;585,600;556,700;313,050;;;;;0,00;0,00;0,00;3,00;2,63;15,788;27,223;0,58;0,54;999998,00;999998,00;999998,00;999998,00;999998,00;999998,00;999998,00;999998,00;999998,00;999998,00;999998,00;999998,00;999998,00;999998,00;999998,00;;;;;;;;;;;;;;;;;382,8649;29,79731;122,3282;0,12917074;0,12917074;0,00260;2,65212;17,2447;22,030084;0,070290;23,930492;25,627114;0,0158;1,5718;0,58;57,37;0,00;0,34;28,97;;124,464;124,711;3,8489407;19,75700;1,06000;0,01700;0,0589736;;63,79;137,00;;;
MLR max [g/s];0,3616;138;19,76500;1,04800;0,002000;101,750;93,23;-7,5701;0,000;101,052;35,700;0,005;384,050;410,650;26,90;847,617;263,196;0,000;581,300;585,500;556,600;313,050;;;;;0,00;0,00;0,00;3,00;2,63;15,854;27,242;0,58;0,54;999998,00;999998,00;999998,00;999998,00;999998,00;999998,00;999998,00;999998,00;999998,00;999998,00;999998,00;999998,00;999998,00;999998,00;999998,00;;;;;;;;;;;;;;;;;397,2789;39,61366;160,1869;0,10081991;0,10081991;-0,00231;3,51714;17,6420;22,493382;0,070397;24,459231;26,153321;0,0162;1,6065;0,59;58,98;0,00;0,35;29,93;;126,389;124,711;3,9938452;19,74300;1,07400;-0,00800;0,0599373;;63,65;138,00;;;
Max at [s];346;139;19,76400;1,05500;0,005000;102,825;94,68;-7,6700;0,000;101,060;35,700;0,005;384,250;409,850;26,90;847,050;263,196;0,000;579,900;585,300;556,500;313,050;;;;;0,00;0,00;0,00;3,00;2,63;15,801;27,221;0,58;0,55;999998,00;999998,00;999998,00;999998,00;999998,00;999998,00;999998,00;999998,00;999998,00;999998,00;999998,00;999998,00;999998,00;999998,00;999998,00;;;;;;;;;;;;;;;;;405,0953;16,50596;51,2473;0,24672445;0,24672445;-0,00092;1,46404;18,0471;22,606007;0,054946;24,594501;26,233067;0,0126;1,2577;0,61;60,24;0,00;0,36;30,55;;128,366;128,585;4,0724234;19,72400;1,08800;-0,00100;0,0608183;;63,55;139,00;;;
MLR 060s [g/s];0,1462;140;19,76500;1,06300;0,009000;97,375;93,32;-8,0302;0,000;101,060;35,700;0,005;384,050;409,250;26,90;846,850;263,196;0,000;579,400;585,200;556,500;313,050;;;;;0,00;0,00;0,00;3,00;2,64;15,812;27,253;0,58;0,54;999998,00;999998,00;999998,00;999998,00;999998,00;999998,00;999998,00;999998,00;999998,00;999998,00;999998,00;999998,00;999998,00;999998,00;999998,00;;;;;;;;;;;;;;;;;398,8391;15,27487;59,1971;0,26249186;0,26249186;-0,00168;1,34589;18,4459;22,004489;0,069474;23,927610;25,497655;0,0155;1,5457;0,62;61,78;0,00;0,35;30,03;;130,320;128,585;4,0095294;19,71200;1,09300;-0,00500;0,0615200;;63,19;140,00;;;
MLR 120s [g/s];0,1632;141;19,76000;1,06800;-0,002000;97,025;93,14;-8,1500;0,000;101,060;35,700;0,005;384,650;409,850;26,90;846,817;263,196;0,000;579,500;585,100;556,400;313,050;;;;;0,00;0,00;0,00;3,00;2,64;15,790;27,221;0,58;0,54;999998,00;999998,00;999998,00;999998,00;999998,00;999998,00;999998,00;999998,00;999998,00;999998,00;999998,00;999998,00;999998,00;999998,00;999998,00;;;;;;;;;;;;;;;;;397,3507;42,08809;167,9549;0,09490967;0,09490967;-0,00090;3,70214;18,8432;21,947770;0,071350;23,903220;25,469217;0,0159;1,5857;0,64;63,37;0,00;0,35;29,92;;132,219;132,453;3,9945663;19,71300;1,09000;-0,00100;0,0614487;;63,07;141,00;;;
MLR 180s [g/s];0,1800;142;19,74900;1,07200;-0,006000;95,075;93,64;-8,2600;0,000;101,052;35,700;0,005;385,350;410,650;26,90;846,383;263,196;0,000;578,500;584,900;556,300;313,050;;;;;0,00;0,00;0,00;3,00;2,64;15,833;27,239;0,58;0,54;999998,00;999998,00;999998,00;999998,00;999998,00;999998,00;999998,00;999998,00;999998,00;999998,00;999998,00;999998,00;999998,00;999998,00;999998,00;;;;;;;;;;;;;;;;;390,4050;42,05557;156,7269;0,09332275;0,09332275;0,00218;3,71657;19,2337;21,706356;0,066066;23,683318;25,238237;0,0146;1,4549;0,65;64,82;0,00;0,35;29,50;;134,062;132,453;3,9247418;19,71700;1,08800;0,01500;0,0610449;;62,96;142,00;;;
MLR 240s [g/s];0,1956;143;19,74300;1,07000;0,003000;96,500;94,03;-8,3700;0,000;101,052;35,700;0,005;385,850;411,350;26,90;846,283;263,196;0,000;578,400;584,800;556,200;313,050;;;;;0,00;0,00;0,00;3,00;2,64;15,805;27,231;0,58;0,54;999998,00;999998,00;999998,00;999998,00;999998,00;999998,00;999998,00;999998,00;999998,00;999998,00;999998,00;999998,00;999998,00;999998,00;999998,00;;;;;;;;;;;;;;;;;392,9881;17,95601;62,7968;0,22002157;0,22002157;0,00296;1,59018;19,6266;21,854247;0,061881;23,875618;25,453506;0,0138;1,3744;0,67;66,20;0,00;0,35;29,73;;135,864;136,127;3,9507093;19,71600;1,09000;0,01900;0,0610332;;62,85;143,00;;;
MLR 300s [g/s];0,2037;144;19,73600;1,06300;0,014000;101,025;94,41;-8,6700;0,000;101,052;35,700;0,005;386,450;412,050;26,90;845,517;263,196;0,000;576,300;584,700;556,100;313,050;;;;;0,00;0,00;0,00;3,00;2,64;15,811;27,247;0,58;0,54;999998,00;999998,00;999998,00;999998,00;999998,00;999998,00;999998,00;999998,00;999998,00;999998,00;999998,00;999998,00;999998,00;999998,00;999998,00;;;;;;;;;;;;;;;;;403,7296;17,96991;58,5774;0,22586060;0,22586060;0,00342;1,58828;20,0304;22,343398;0,057860;24,447970;26,067501;0,0132;1,3161;0,68;67,51;0,00;0,36;30,54;;137,687;136,127;4,0586940;19,71000;1,09300;0,02100;0,0613308;;62,55;144,00;;;
MLR 360s [g/s];0,1931;145;19,73700;1,05000;0,019000;102,275;92,72;-8,7900;0,000;101,052;35,700;0,005;386,850;412,450;26,90;845,417;263,196;0,000;576,300;584,500;556,000;313,050;;;;;0,00;0,00;0,00;3,00;2,64;15,820;27,221;0,58;0,53;999998,00;999998,00;999998,00;999998,00;999998,00;999998,00;999998,00;999998,00;999998,00;999998,00;999998,00;999998,00;999998,00;999998,00;999998,00;;;;;;;;;;;;;;;;;406,6361;47,63046;203,5415;0,08582560;0,08582560;0,00344;4,21139;20,4370;22,469576;0,075894;24,611480;26,240158;0,0175;1,7377;0,70;69,25;0,00;0,36;30,76;;139,531;139,764;4,0879128;19,70800;1,09500;0,02100;0,0614261;;62,43;145,00;;;
MLR Test [g/s];0,1360;146;19,74200;1,04600;0,025000;100,250;91,16;-8,9100;0,000;101,060;35,600;0,005;387,150;412,650;26,90;845,183;263,190;0,000;575,800;584,400;555,900;313,050;;;;;0,00;0,00;0,00;3,00;2,64;15,765;27,221;0,58;0,53;999998,00;999998,00;999998,00;999998,00;999998,00;999998,00;999998,00;999998,00;999998,00;999998,00;999998,00;999998,00;999998,00;999998,00;999998,00;;;;;;;;;;;;;;;;;402,9758;15,83589;82,7543;0,25581868;0,25581868;0,00537;1,40894;20,8400;22,237399;0,092888;24,376061;25,981613;0,0212;2,1058;0,72;71,36;0,01;0,36;30,56;;141,348;139,764;4,0511153;19,70300;1,10300;0,03100;0,0615101;;62,31;146,00;;;
Results SEA;;147;19,75500;1,06000;0,018000;94,650;91,40;-9,2600;0,000;101,052;35,600;0,005;387,450;412,950;26,90;845,083;263,190;0,000;575,700;584,300;555,800;313,050;;;;;0,00;0,00;0,00;3,00;2,64;15,790;27,215;0,58;0,53;999998,00;999998,00;999998,00;999998,00;999998,00;999998,00;999998,00;999998,00;999998,00;999998,00;999998,00;999998,00;999998,00;999998,00;999998,00;;;;;;;;;;;;;;;;;395,6241;16,40273;82,4621;0,24247233;0,24247233;0,00274;1,45336;21,2356;21,599013;0,090259;23,694625;25,254086;0,0200;1,9889;0,74;73,35;0,00;0,35;29,92;;143,103;143,320;3,9772091;19,69300;1,11000;0,01800;0,0621760;;61,96;147,00;;;
SEA max [m²/kg];344,4;148;19,76800;1,07400;0,017000;98,175;92,18;-9,3600;0,000;101,052;35,600;0,005;387,750;413,150;26,90;844,983;263,190;0,000;575,700;584,100;555,700;313,050;;;;;0,00;0,00;0,00;3,00;2,65;15,805;27,245;0,58;0,53;999998,00;999998,00;999998,00;999998,00;999998,00;999998,00;999998,00;999998,00;999998,00;999998,00;999998,00;999998,00;999998,00;999998,00;999998,00;;;;;;;;;;;;;;;;;405,9086;46,64952;210,8609;0,08747355;0,08747355;0,00046;4,10522;21,6415;21,989026;0,081745;24,141156;25,722550;0,0184;1,8348;0,76;75,18;0,00;0,36;30,61;;144,844;143,320;4,0805990;19,68700;1,11100;0,00600;0,0626629;;61,86;148,00;;;
Max at [s];491;149;19,75700;1,08800;-0,008000;94,875;93,22;-9,4800;0,000;101,052;35,600;0,005;387,950;413,250;26,90;844,983;263,190;0,000;575,900;584,000;555,600;313,050;;;;;0,00;0,00;0,00;3,00;2,65;15,805;27,245;0,58;0,54;999998,00;999998,00;999998,00;999998,00;999998,00;999998,00;999998,00;999998,00;999998,00;999998,00;999998,00;999998,00;999998,00;999998,00;999998,00;;;;;;;;;;;;;;;;;396,6660;34,39849;134,8369;0,11592611;0,11592611;0,00160;3,02725;22,0382;21,610731;0,070471;23,738074;25,286143;0,0156;1,5549;0,77;76,74;0,00;0,35;29,94;;146,565;146,714;3,9876831;19,69300;1,10500;0,01200;0,0623062;;61,74;149,00;;;
SEA 060s [m²/kg];85,8;150;19,74300;1,09300;-0,001000;95,700;94,28;-9,6201;0,000;101,052;35,600;0,005;388,450;413,950;26,80;844,983;263,190;0,000;576,000;584,000;555,500;313,050;;;;;0,00;0,00;0,00;3,00;2,65;15,774;27,226;0,58;0,54;999998,00;999998,00;999998,00;999998,00;999998,00;999998,00;999998,00;999998,00;999998,00;999998,00;999998,00;999998,00;999998,00;999998,00;999998,00;;;;;;;;;;;;;;;;;395,6395;15,54821;51,6268;0,25580851;0,25580851;-0,00089;1,36527;22,4338;21,690514;0,059221;23,856418;25,422485;0,0132;1,3137;0,78;78,05;0,00;0,35;29,79;;148,229;146,714;3,9773638;19,70400;1,09600;-0,00100;0,0619128;;61,60;150,00;;;
SEA 120s [m²/kg];101,3;151;19,72400;1,09000;-0,005000;98,475;94,18;-9,9500;0,000;101,046;35,600;0,005;389,050;414,650;26,80;844,917;263,190;0,000;576,100;583,800;555,400;313,050;;;;;0,00;0,00;0,00;3,00;2,65;15,841;27,229;0,58;0,54;999998,00;999998,00;999998,00;999998,00;999998,00;999998,00;999998,00;999998,00;999998,00;999998,00;999998,00;999998,00;999998,00;999998,00;999998,00;;;;;;;;;;;;;;;;;397,5030;17,44139;59,5727;0,22911580;0,22911580;-0,00167;1,53040;22,8313;21,985772;0,060281;24,218510;25,812119;0,0136;1,3577;0,80;79,41;0,00;0,35;29,90;;149,874;150,030;3,9960978;19,71600;1,08600;-0,00500;0,0613652;;61,27;151,00;;;
SEA 180s [m²/kg];104,0;152;19,71200;1,08800;-0,001000;95,300;93,92;-10,0500;0,000;101,050;35,600;0,005;389,550;415,450;26,80;844,850;263,190;0,000;575,900;583,800;555,400;313,050;;;;;0,00;0,00;0,00;3,00;2,65;15,809;27,239;0,58;0,54;999998,00;999998,00;999998,00;999998,00;999998,00;999998,00;999998,00;999998,00;999998,00;999998,00;999998,00;999998,00;999998,00;999998,00;999998,00;;;;;;;;;;;;;;;;;387,8561;43,29103;156,1008;0,09006755;0,09006755;-0,00241;3,80163;23,2192;21,614554;0,063040;23,840193;25,425255;0,0141;1,3985;0,81;80,81;0,00;0,34;29,16;;151,471;150,030;3,8991171;19,72600;1,07900;-0,00900;0,0609009;;61,17;152,00;;;
SEA 240s [m²/kg];105,7;153;19,71300;1,09000;0,015000;98,200;93,26;-10,1700;0,000;101,050;35,600;0,005;389,950;415,550;26,80;844,883;263,190;0,000;576,200;583,700;555,300;313,050;;;;;0,00;0,00;0,00;3,00;2,65;15,826;27,245;0,58;0,54;999998,00;999998,00;999998,00;999998,00;999998,00;999998,00;999998,00;999998,00;999998,00;999998,00;999998,00;999998,00;999998,00;999998,00;999998,00;;;;;;;;;;;;;;;;;391,8237;35,81389;144,1960;0,10998535;0,10998535;0,00259;3,17687;23,6110;21,929701;0,070071;24,212627;25,802172;0,0159;1,5776;0,83;82,38;0,00;0,35;29,64;;153,029;153,228;3,9390035;19,72400;1,08500;0,01700;0,0606404;;61,05;153,00;;;
SEA 300s [m²/kg];109,3;154;19,71700;1,09300;0,019000;95,075;91,99;-10,3000;0,000;101,058;35,600;0,005;390,150;415,550;26,80;844,617;263,190;0,000;575,600;583,600;555,200;313,050;;;;;0,00;0,00;0,00;3,00;2,65;15,788;27,242;0,58;0,53;999998,00;999998,00;999998,00;999998,00;999998,00;999998,00;999998,00;999998,00;999998,00;999998,00;999998,00;999998,00;999998,00;999998,00;999998,00;;;;;;;;;;;;;;;;;389,9526;15,62546;74,3680;0,25088501;0,25088501;0,00178;1,38843;24,0010;21,572416;0,083800;23,830364;25,381796;0,0187;1,8559;0,85;84,24;0,00;0,35;29,48;;154,574;153,228;3,9201937;19,71000;1,09900;0,01300;0,0613545;;60,92;154,00;;;
SEA 360s [m²/kg];122,0;155;19,71600;1,09500;0,021000;95,025;92,34;-10,6301;0,000;101,052;35,600;0,005;390,150;414,750;26,80;844,283;263,190;0,000;574,800;583,500;555,100;313,050;;;;;0,00;0,00;0,00;3,00;2,65;15,830;27,229;0,58;0,53;999998,00;999998,00;999998,00;999998,00;999998,00;999998,00;999998,00;999998,00;999998,00;999998,00;999998,00;999998,00;999998,00;999998,00;999998,00;;;;;;;;;;;;;;;;;394,2057;17,80828;79,8946;0,22253418;0,22253418;0,00388;1,58122;24,3952;21,566744;0,080029;23,824097;25,326271;0,0178;1,7686;0,86;86,01;0,00;0,35;29,86;;156,106;156,322;3,9629500;19,69400;1,11000;0,02400;0,0620454;;60,59;155,00;;;
SEA Test [m²/kg];94,2;156;19,71000;1,10300;0,021000;97,925;91,57;-10,7201;0,000;101,052;35,600;0,005;389,950;414,150;26,80;843,983;263,190;0,000;574,000;583,400;555,100;313,050;;;;;0,00;0,00;0,00;3,00;2,66;15,824;27,210;0,58;0,53;999998,00;999998,00;999998,00;999998,00;999998,00;999998,00;999998,00;999998,00;999998,00;999998,00;999998,00;999998,00;999998,00;999998,00;999998,00;;;;;;;;;;;;;;;;;403,3287;42,72129;209,8749;0,09490967;0,09490967;0,00297;3,76457;24,7985;21,898974;0,088429;24,178701;25,679212;0,0199;1,9814;0,88;87,99;0,00;0,36;30,48;;157,661;156,322;4,0546633;19,68700;1,11000;0,01900;0,0625209;;60,50;156,00;;;
Results SPR;;157;19,70800;1,11000;0,031000;100,625;91,95;-10,8600;0,000;101,050;35,600;0,005;390,050;414,050;26,80;843,650;263,190;0,000;573,100;583,400;555,000;313,050;;;;;0,00;0,00;0,00;3,00;2,66;15,805;27,239;0,58;0,53;999998,00;999998,00;999998,00;999998,00;999998,00;999998,00;999998,00;999998,00;999998,00;999998,00;999998,00;999998,00;999998,00;999998,00;999998,00;;;;;;;;;;;;;;;;;406,3244;27,70458;130,3314;0,14744059;0,14744059;0,00340;2,44466;25,2048;22,195975;0,084187;24,512905;26,021198;0,0192;1,9115;0,90;89,90;0,00;0,36;30,73;;159,236;159,429;4,0847793;19,69400;1,10500;0,02100;0,0621402;;60,36;157,00;;;
SPR max [m²/s];0,036;158;19,70300;1,11100;0,018000;95,200;92,29;-11,0000;0,000;101,046;35,600;0,005;390,650;414,950;26,80;843,450;263,190;0,000;572,600;583,300;555,000;313,050;;;;;0,00;0,00;0,00;3,00;2,66;15,805;27,237;0,58;0,53;999998,00;999998,00;999998,00;999998,00;999998,00;999998,00;999998,00;999998,00;999998,00;999998,00;999998,00;999998,00;999998,00;999998,00;999998,00;;;;;;;;;;;;;;;;;393,5650;38,88628;176,0141;0,10174561;0,10174561;0,00178;3,43015;25,5984;21,572774;0,080550;23,861300;25,345569;0,0179;1,7814;0,92;91,68;0,00;0,35;29,72;;160,759;159,429;3,9565085;19,70000;1,10100;0,01300;0,0619255;;60,22;158,00;;;
Max at [s];420;159;19,69300;1,10500;0,006000;95,125;93,21;-11,1001;0,000;101,050;35,600;0,005;390,950;415,250;26,80;843,250;263,183;0,000;572,200;583,200;554,900;313,050;;;;;0,00;0,00;0,00;3,00;2,66;15,839;27,231;0,58;0,54;999998,00;999998,00;999998,00;999998,00;999998,00;999998,00;999998,00;999998,00;999998,00;999998,00;999998,00;999998,00;999998,00;999998,00;999998,00;;;;;;;;;;;;;;;;;392,8113;17,88014;71,1451;0,22085571;0,22085571;0,00045;1,58348;25,9912;21,555999;0,070677;23,861056;25,344170;0,0157;1,5630;0,94;93,25;0,00;0,35;29,65;;162,221;162,450;3,9489321;19,70200;1,10400;0,00600;0,0618540;;60,12;159,00;;;
SPR 060s [m²/s];0,011;160;19,68700;1,09600;0,012000;98,075;93,66;-11,4200;0,000;101,046;35,700;0,005;391,250;415,450;26,80;843,217;263,183;0,000;572,100;583,200;554,900;313,050;;;;;0,00;0,00;0,00;3,00;2,66;15,803;27,221;0,58;0,54;999998,00;999998,00;999998,00;999998,00;999998,00;999998,00;999998,00;999998,00;999998,00;999998,00;999998,00;999998,00;999998,00;999998,00;999998,00;;;;;;;;;;;;;;;;;404,1138;15,88124;58,0492;0,25580851;0,25580851;-0,00012;1,40333;26,3953;21,879300;0,065775;24,237512;25,736676;0,0148;1,4771;0,95;94,72;0,00;0,36;30,48;;163,698;162,450;4,0625563;19,68600;1,11600;0,00300;0,0626987;;59,80;160,00;;;
SPR 120s [m²/s];0,015;161;19,69300;1,08600;-0,001000;98,500;94,11;-11,5701;0,000;101,050;35,700;0,005;391,350;415,450;26,80;842,550;263,183;0,000;570,200;583,200;554,800;313,050;;;;;0,00;0,00;0,00;3,00;2,66;15,788;27,226;0,58;0,54;999998,00;999998,00;999998,00;999998,00;999998,00;999998,00;999998,00;999998,00;999998,00;999998,00;999998,00;999998,00;999998,00;999998,00;999998,00;;;;;;;;;;;;;;;;;409,9766;33,87054;113,3541;0,12168376;0,12168376;-0,00244;2,98647;26,8053;21,923853;0,060973;24,293075;25,789084;0,0138;1,3721;0,97;96,09;0,00;0,36;30,86;;165,209;165,418;4,1214948;19,67300;1,12700;-0,00900;0,0634832;;59,65;161,00;;;
SPR 180s [m²/s];0,016;162;19,70400;1,07900;-0,005000;97,025;93,48;-11,6901;0,000;101,050;35,700;0,005;391,550;415,550;26,80;842,117;263,183;0,000;569,000;583,100;554,800;313,050;;;;;0,00;0,00;0,00;3,00;2,66;15,826;27,234;0,58;0,54;999998,00;999998,00;999998,00;999998,00;999998,00;999998,00;999998,00;999998,00;999998,00;999998,00;999998,00;999998,00;999998,00;999998,00;999998,00;;;;;;;;;;;;;;;;;408,2296;43,20799;160,2170;0,09498088;0,09498088;0,00103;3,82439;27,2135;21,753525;0,067779;24,116659;25,594886;0,0152;1,5137;0,98;97,61;0,00;0,36;30,83;;166,715;165,418;4,1039325;19,66400;1,13500;0,00900;0,0637107;;59,53;162,00;;;
SPR 240s [m²/s];0,018;163;19,71600;1,08500;-0,009000;95,400;92,85;-11,8000;0,000;101,050;35,600;0,005;391,750;415,750;26,80;842,483;263,183;0,000;570,100;583,100;554,800;313,050;;;;;0,00;0,00;0,00;3,00;2,66;15,822;27,253;0,58;0,54;999998,00;999998,00;999998,00;999998,00;999998,00;999998,00;999998,00;999998,00;999998,00;999998,00;999998,00;999998,00;999998,00;999998,00;999998,00;;;;;;;;;;;;;;;;;406,5705;17,89725;72,6250;0,22837321;0,22837321;0,00026;1,58257;27,6201;21,565082;0,074482;23,919957;25,385379;0,0166;1,6498;1,00;99,26;0,00;0,36;30,68;;168,191;168,398;4,0872533;19,65900;1,13900;0,00500;0,0640079;;59,42;163,00;;;
SPR 300s [m²/s];0,020;164;19,72600;1,09900;0,017000;92,950;93,48;-12,1201;0,000;101,050;35,600;0,005;392,250;416,750;26,80;842,750;263,183;0,000;570,900;583,100;554,800;313,050;;;;;0,00;0,00;0,00;3,00;2,67;15,818;27,247;0,58;0,54;999998,00;999998,00;999998,00;999998,00;999998,00;999998,00;999998,00;999998,00;999998,00;999998,00;999998,00;999998,00;999998,00;999998,00;999998,00;;;;;;;;;;;;;;;;;401,8755;15,89631;58,6463;0,25415039;0,25415039;0,00326;1,41304;28,0220;21,272800;0,067692;23,625873;25,101550;0,0149;1,4826;1,01;100,74;0,00;0,36;30,43;;169,630;168,398;4,0400542;19,65200;1,14700;0,02100;0,0641403;;59,10;164,00;;;
SPR 360s [m²/s];0,020;165;19,72400;1,11000;0,013000;97,400;93,17;-12,2700;0,000;101,050;35,600;0,005;392,650;417,450;26,80;842,950;263,183;0,000;571,500;583,100;554,800;313,050;;;;;0,00;0,00;0,00;3,00;2,67;15,797;27,247;0,58;0,54;999998,00;999998,00;999998,00;999998,00;999998,00;999998,00;999998,00;999998,00;999998,00;999998,00;999998,00;999998,00;999998,00;999998,00;999998,00;;;;;;;;;;;;;;;;;413,8997;32,43747;125,0121;0,12827555;0,12827555;0,00430;2,87479;28,4359;21,764972;0,071062;24,197137;25,725443;0,0160;1,5951;1,03;102,34;0,00;0,37;31,35;;171,074;171,329;4,1609339;19,64300;1,15100;0,02600;0,0645689;;58,95;165,00;;;
SPR Test [m²/s];0,014;166;19,71000;1,11000;0,024000;94,800;93,73;-12,4000;0,000;101,050;35,600;0,005;392,850;417,850;26,90;843,150;263,183;0,000;572,100;583,100;554,800;313,050;;;;;0,00;0,00;0,00;3,00;2,67;15,812;27,242;0,58;0,54;999998,00;999998,00;999998,00;999998,00;999998,00;999998,00;999998,00;999998,00;999998,00;999998,00;999998,00;999998,00;999998,00;999998,00;999998,00;;;;;;;;;;;;;;;;;409,9514;43,38558;152,6148;0,09499105;0,09499105;0,00272;3,82898;28,8458;21,467043;0,065072;23,878072;25,397613;0,0145;1,4421;1,04;103,78;0,00;0,36;30,99;;172,525;171,329;4,1212418;19,64000;1,15100;0,01800;0,0648417;;58,82;166,00;;;
Results COY;;167;19,69400;1,10500;0,019000;97,175;93,20;-12,5000;0,000;101,054;35,600;0,005;393,350;418,350;26,90;843,350;263,183;0,000;572,700;583,100;554,800;313,050;;;;;0,00;0,00;0,00;3,00;2,67;15,818;27,237;0,58;0,54;999998,00;999998,00;999998,00;999998,00;999998,00;999998,00;999998,00;999998,00;999998,00;999998,00;999998,00;999998,00;999998,00;999998,00;999998,00;;;;;;;;;;;;;;;;;414,1114;18,56832;71,2004;0,22420247;0,22420247;0,00505;1,64440;29,2599;21,720466;0,070732;24,190707;25,728187;0,0160;1,5879;1,06;105,37;0,01;0,37;31,38;;173,959;174,235;4,1630623;19,63900;1,15300;0,03000;0,0647357;;58,72;167,00;;;
COY max [kg/kg];0,0596;168;19,68700;1,10100;0,021000;93,175;93,86;-12,8201;0,000;101,050;35,600;0,005;393,850;419,250;26,90;843,650;263,183;0,000;573,500;583,200;554,800;313,050;;;;;0,00;0,00;0,00;3,00;2,67;15,803;27,255;0,58;0,54;999998,00;999998,00;999998,00;999998,00;999998,00;999998,00;999998,00;999998,00;999998,00;999998,00;999998,00;999998,00;999998,00;999998,00;999998,00;;;;;;;;;;;;;;;;;406,3501;17,20325;59,3973;0,23745728;0,23745728;0,00157;1,51662;29,6663;21,255225;0,063726;23,702646;25,231267;0,0141;1,4030;1,07;106,77;0,00;0,36;30,69;;175,366;174,235;4,0850377;19,64000;1,15100;0,01200;0,0649125;;58,40;168,00;;;
Max at [s];154;169;19,69400;1,10400;0,013000;99,600;93,14;-12,9399;0,000;101,050;35,600;0,005;394,450;419,950;26,90;843,550;263,183;0,000;573,200;583,200;554,800;313,050;;;;;0,00;0,00;0,00;3,00;2,67;15,791;27,255;0,58;0,54;999998,00;999998,00;999998,00;999998,00;999998,00;999998,00;999998,00;999998,00;999998,00;999998,00;999998,00;999998,00;999998,00;999998,00;999998,00;;;;;;;;;;;;;;;;;419,1200;38,59803;149,8518;0,10916138;0,10916138;-0,00109;3,40218;30,0854;21,959130;0,071420;24,524906;26,110367;0,0164;1,6272;1,09;108,40;0,00;0,37;31,58;;176,770;177,104;4,2134138;19,64500;1,14900;-0,00200;0,0648044;;58,28;169,00;;;
COY 060s [kg/kg];0,0097;170;19,70000;1,11600;0,006000;98,875;92,57;-13,0701;0,000;101,050;35,600;0,005;394,750;420,250;26,90;844,283;263,183;0,000;575,500;583,100;554,800;313,050;;;;;0,00;0,00;0,00;3,00;2,67;15,782;27,226;0,58;0,53;999998,00;999998,00;999998,00;999998,00;999998,00;999998,00;999998,00;999998,00;999998,00;999998,00;999998,00;999998,00;999998,00;999998,00;999998,00;;;;;;;;;;;;;;;;;417,4362;39,31117;165,7450;0,10675049;0,10675049;0,00123;3,49010;30,5028;21,870747;0,077507;24,444774;26,023854;0,0177;1,7600;1,11;110,16;0,00;0,37;31,55;;178,191;177,104;4,1964862;19,64100;1,15700;0,01000;0,0648059;;58,15;170,00;;;
COY 120s [kg/kg];0,0090;171;19,70200;1,12700;0,003000;96,175;92,41;-13,1901;0,000;101,046;35,600;0,005;395,150;420,650;26,80;844,017;263,183;0,000;574,600;583,200;554,800;313,050;;;;;0,00;0,00;0,00;3,00;2,67;15,805;27,234;0,58;0,53;999998,00;999998,00;999998,00;999998,00;999998,00;999998,00;999998,00;999998,00;999998,00;999998,00;999998,00;999998,00;999998,00;999998,00;999998,00;;;;;;;;;;;;;;;;;418,2432;16,70893;70,9266;0,25163778;0,25163778;-0,00069;1,48570;30,9211;21,559146;0,079239;24,120916;25,677498;0,0178;1,7754;1,13;111,93;0,00;0,37;31,58;;179,592;179,929;4,2045992;19,62100;1,17700;0,00000;0,0658761;;58,03;171,00;;;
COY 180s [kg/kg];0,0094;172;19,68600;1,13500;-0,009000;97,850;92,43;-13,5400;0,000;101,050;35,600;0,005;395,250;420,450;26,80;844,350;263,183;0,000;575,600;583,200;554,800;313,050;;;;;0,00;0,00;0,00;3,00;2,68;15,839;27,245;0,58;0,53;999998,00;999998,00;999998,00;999998,00;999998,00;999998,00;999998,00;999998,00;999998,00;999998,00;999998,00;999998,00;999998,00;999998,00;999998,00;;;;;;;;;;;;;;;;;426,8827;16,19451;67,7424;0,26499430;0,26499430;0,00103;1,43417;31,3480;21,743323;0,079061;24,333135;25,884545;0,0180;1,7857;1,14;113,72;0,00;0,38;32,25;;181,005;179,929;4,2914519;19,60400;1,18600;0,00900;0,0666737;;57,68;172,00;;;
COY 240s [kg/kg];0,0084;173;19,67300;1,13900;0,009000;94,600;92,72;-13,6801;0,000;101,054;35,600;0,005;395,250;420,250;26,80;843,950;263,177;0,000;574,500;583,100;554,800;313,050;;;;;0,00;0,00;0,00;3,00;2,68;15,843;27,255;0,58;0,54;999998,00;999998,00;999998,00;999998,00;999998,00;999998,00;999998,00;999998,00;999998,00;999998,00;999998,00;999998,00;999998,00;999998,00;999998,00;;;;;;;;;;;;;;;;;421,3674;35,54254;142,1679;0,11918132;0,11918132;0,00158;3,13541;31,7693;21,379181;0,075930;23,925621;25,438944;0,0169;1,6854;1,16;115,40;0,00;0,37;31,83;;182,410;182,702;4,2360066;19,59900;1,18600;0,01200;0,0669353;;57,54;173,00;;;
COY 300s [kg/kg];0,0088;174;19,66400;1,14700;0,005000;93,275;92,80;-13,8101;0,000;101,054;35,600;0,005;395,650;420,850;26,80;843,983;263,177;0,000;574,700;583,100;554,700;313,050;;;;;0,00;0,00;0,00;3,00;2,68;15,761;27,242;0,58;0,54;999998,00;999998,00;999998,00;999998,00;999998,00;999998,00;999998,00;999998,00;999998,00;999998,00;999998,00;999998,00;999998,00;999998,00;999998,00;;;;;;;;;;;;;;;;;417,4560;41,96856;166,3207;0,09999593;0,09999593;0,00213;3,69910;32,1868;21,218197;0,074989;23,769493;25,283435;0,0166;1,6544;1,18;117,06;0,00;0,37;31,55;;183,772;182,702;4,1966849;19,60100;1,18300;0,01500;0,0668165;;57,41;174,00;;;
COY 360s [kg/kg];0,0090;175;19,65900;1,15100;0,021000;91,700;93,07;-13,9200;0,000;101,054;35,600;0,005;396,350;421,950;26,80;844,150;263,177;0,000;575,200;583,100;554,700;313,050;;;;;0,00;0,00;0,00;3,00;2,68;15,805;27,255;0,58;0,54;999998,00;999998,00;999998,00;999998,00;999998,00;999998,00;999998,00;999998,00;999998,00;999998,00;999998,00;999998,00;999998,00;999998,00;999998,00;;;;;;;;;;;;;;;;;411,5051;17,12006;65,7409;0,24163818;0,24163818;0,00415;1,51247;32,5983;21,019708;0,072114;23,588797;25,112384;0,0159;1,5802;1,19;118,64;0,00;0,37;31,16;;185,091;185,374;4,1368608;19,60500;1,18000;0,02600;0,0664846;;57,30;175,00;;;
COY Test [kg/kg];0,0105;176;19,65200;1,15100;0,026000;95,300;93,98;-14,2600;0,000;101,050;35,600;0,005;396,950;422,850;26,80;843,950;263,177;0,000;574,600;583,100;554,700;313,050;;;;;0,00;0,00;0,00;3,00;2,68;15,774;27,237;0,58;0,54;999998,00;999998,00;999998,00;999998,00;999998,00;999998,00;999998,00;999998,00;999998,00;999998,00;999998,00;999998,00;999998,00;999998,00;999998,00;;;;;;;;;;;;;;;;;419,2624;16,97473;56,5591;0,24830119;0,24830119;0,00290;1,50069;33,0175;21,412135;0,062451;24,065565;25,635783;0,0140;1,3970;1,21;120,03;0,00;0,37;31,72;;186,399;185,374;4,2148448;19,60600;1,18100;0,01900;0,0664959;;56,96;176,00;;;
Results CO2Y;;177;19,64300;1,15300;0,018000;91,400;93,50;-14,3800;0,000;101,050;35,600;0,005;397,250;423,250;26,80;843,950;263,177;0,000;574,600;583,100;554,700;313,050;;;;;0,00;0,00;0,00;3,00;2,68;15,805;27,266;0,58;0,54;999998,00;999998,00;999998,00;999998,00;999998,00;999998,00;999998,00;999998,00;999998,00;999998,00;999998,00;999998,00;999998,00;999998,00;999998,00;;;;;;;;;;;;;;;;;411,5341;38,75534;139,2914;0,10675049;0,10675049;0,00284;3,43217;33,4291;20,961511;0,067481;23,576903;25,120011;0,0149;1,4791;1,22;121,51;0,00;0,37;31,14;;187,693;187,929;4,1371519;19,60200;1,18600;0,01900;0,0666746;;56,84;177,00;;;
CO2Y max [kg/kg];4,4388;178;19,64000;1,15100;0,030000;95,600;93,03;-14,5101;0,000;101,054;35,600;0,005;397,650;423,750;26,80;844,283;263,177;0,000;575,600;583,100;554,700;313,050;;;;;0,00;0,00;0,00;3,00;2,68;15,818;27,253;0,58;0,54;999998,00;999998,00;999998,00;999998,00;999998,00;999998,00;999998,00;999998,00;999998,00;999998,00;999998,00;999998,00;999998,00;999998,00;999998,00;;;;;;;;;;;;;;;;;423,8772;37,05083;142,2579;0,11501058;0,11501058;0,00139;3,28491;33,8530;21,426927;0,072552;24,124657;25,708094;0,0164;1,6275;1,24;123,14;0,00;0,38;32,05;;188,985;187,929;4,2612377;19,59300;1,19600;0,01100;0,0671856;;56,71;178,00;;;
Max at [s];355;179;19,63900;1,14900;0,012000;97,525;93,29;-14,6400;0,000;101,054;35,600;0,005;397,850;423,950;26,80;844,350;263,177;0,000;575,800;583,100;554,700;313,050;;;;;0,00;0,00;0,00;3,00;2,68;15,778;27,226;0,58;0,54;999998,00;999998,00;999998,00;999998,00;999998,00;999998,00;999998,00;999998,00;999998,00;999998,00;999998,00;999998,00;999998,00;999998,00;999998,00;;;;;;;;;;;;;;;;;431,9237;18,03865;65,9876;0,24071248;0,24071248;-0,00069;1,59033;34,2849;21,636138;0,069722;24,372460;25,971357;0,0159;1,5800;1,25;124,72;0,00;0,38;32,57;;190,320;190,541;4,3421285;19,58400;1,20000;0,00000;0,0678024;;56,58;179,00;;;
CO2Y 060s [kg/kg];2,0822;180;19,64000;1,15700;-0,002000;96,500;93,14;-14,9600;0,000;101,054;35,600;0,005;398,150;424,350;26,80;844,317;263,177;0,000;575,700;583,100;554,700;313,050;;;;;0,00;0,00;0,00;3,00;2,69;15,818;27,242;0,58;0,54;999998,00;999998,00;999998,00;999998,00;999998,00;999998,00;999998,00;999998,00;999998,00;999998,00;999998,00;999998,00;999998,00;999998,00;999998,00;;;;;;;;;;;;;;;;;430,4546;18,02682;67,4622;0,24005127;0,24005127;-0,00183;1,58297;34,7153;21,514028;0,071421;24,253182;25,849147;0,0162;1,6109;1,27;126,33;0,00;0,38;32,41;;191,658;190,541;4,3273603;19,58300;1,19800;-0,00600;0,0679559;;56,26;180,00;;;
CO2Y 120s [kg/kg];2,0777;181;19,64500;1,17700;0,010000;95,725;93,52;-15,0901;0,000;101,050;35,600;0,005;398,550;424,950;26,80;844,417;263,177;0,000;576,000;583,100;554,700;313,050;;;;;0,00;0,00;0,00;3,00;2,69;15,780;27,253;0,58;0,54;999998,00;999998,00;999998,00;999998,00;999998,00;999998,00;999998,00;999998,00;999998,00;999998,00;999998,00;999998,00;999998,00;999998,00;999998,00;;;;;;;;;;;;;;;;;427,5398;36,03857;127,5195;0,11926270;0,11926270;-0,00182;3,16630;35,1429;21,416708;0,067281;24,167727;25,768600;0,0152;1,5128;1,29;127,84;0,00;0,38;32,19;;192,969;193,184;4,2980574;19,58600;1,19600;-0,00600;0,0678013;;56,13;181,00;;;
CO2Y 180s [kg/kg];2,0883;182;19,64100;1,18600;0,000000;92,975;94,39;-15,2301;0,000;101,054;35,600;0,005;399,150;425,950;26,80;844,383;263,177;0,000;576,000;583,000;554,700;313,050;;;;;0,00;0,00;0,00;3,00;2,69;15,763;27,266;0,58;0,55;999998,00;999998,00;999998,00;999998,00;999998,00;999998,00;999998,00;999998,00;999998,00;999998,00;999998,00;999998,00;999998,00;999998,00;999998,00;;;;;;;;;;;;;;;;;419,4981;33,53305;103,0668;0,12576294;0,12576294;-0,00105;2,94929;35,5624;21,090966;0,058093;23,835972;25,436383;0,0130;1,2894;1,30;129,13;0,00;0,37;31,61;;194,236;193,184;4,2172147;19,59000;1,19300;-0,00200;0,0675521;;55,99;182,00;;;
CO2Y 240s [kg/kg];2,0931;183;19,62100;1,18600;0,009000;93,800;93,06;-15,3700;0,000;101,054;35,600;0,005;399,650;426,350;26,80;844,383;263,177;0,000;576,100;582,900;554,700;313,050;;;;;0,00;0,00;0,00;3,00;2,69;15,782;27,274;0,58;0,54;999998,00;999998,00;999998,00;999998,00;999998,00;999998,00;999998,00;999998,00;999998,00;999998,00;999998,00;999998,00;999998,00;999998,00;999998,00;;;;;;;;;;;;;;;;;420,8751;17,27140;66,0838;0,24497477;0,24497477;0,00044;1,52644;35,9832;21,171077;0,072212;23,956482;25,556977;0,0162;1,6104;1,31;130,74;0,00;0,37;31,78;;195,471;195,709;4,2310571;19,58800;1,19800;0,00600;0,0675178;;55,85;183,00;;;
CO2Y 300s [kg/kg];2,1035;184;19,60400;1,18300;0,012000;95,725;92,31;-15,6901;0,000;101,050;35,600;0,005;399,950;426,550;26,80;844,550;263,177;0,000;576,500;583,000;554,700;313,050;;;;;0,00;0,00;0,00;3,00;2,69;15,769;27,258;0,58;0,53;999998,00;999998,00;999998,00;999998,00;999998,00;999998,00;999998,00;999998,00;999998,00;999998,00;999998,00;999998,00;999998,00;999998,00;999998,00;;;;;;;;;;;;;;;;;425,9797;17,35619;73,6921;0,24673462;0,24673462;0,00233;1,53311;36,4092;21,379191;0,080278;24,210137;25,820312;0,0182;1,8087;1,33;132,55;0,00;0,38;32,21;;196,710;195,709;4,2823739;19,58300;1,20000;0,01600;0,0676735;;55,53;184,00;;;
CO2Y 360s [kg/kg];2,1017;185;19,59900;1,18000;0,015000;95,900;91,38;-15,8301;0,000;101,050;35,600;0,005;400,150;426,650;26,80;844,417;263,177;0,000;576,100;583,000;554,700;313,050;;;;;0,00;0,00;0,00;3,00;2,69;15,763;27,258;0,58;0,53;999998,00;999998,00;999998,00;999998,00;999998,00;999998,00;999998,00;999998,00;999998,00;999998,00;999998,00;999998,00;999998,00;999998,00;999998,00;;;;;;;;;;;;;;;;;425,7448;37,79236;180,9748;0,11325073;0,11325073;0,00536;3,34522;36,8350;21,393376;0,090409;24,238315;25,843501;0,0205;2,0387;1,35;134,59;0,01;0,38;32,28;;197,948;198,170;4,2800122;19,58100;1,20100;0,03200;0,0675921;;55,39;185,00;;;
CO2Y Test [kg/kg];2,1025;186;19,60100;1,18100;0,026000;95,575;91,61;-15,9500;0,000;101,050;35,600;0,005;400,250;426,250;26,80;844,283;263,177;0,000;575,800;583,000;554,600;313,050;;;;;0,00;0,00;0,00;3,00;2,69;15,822;27,258;0,58;0,53;999998,00;999998,00;999998,00;999998,00;999998,00;999998,00;999998,00;999998,00;999998,00;999998,00;999998,00;999998,00;999998,00;999998,00;999998,00;;;;;;;;;;;;;;;;;424,4481;37,37178;174,1314;0,11417643;0,11417643;0,00553;3,30061;37,2594;21,354427;0,087944;24,200232;25,772265;0,0199;1,9777;1,37;136,57;0,01;0,38;32,17;;199,170;198,170;4,2669763;19,58300;1,19700;0,03300;0,0675086;;55,27;186,00;;;
;;187;19,60500;1,18600;0,019000;92,200;91,78;-16,0901;0,000;101,050;35,600;0,005;400,450;426,650;26,80;844,217;263,177;0,000;575,700;582,900;554,600;313,050;;;;;0,00;0,00;0,00;3,00;2,69;15,814;27,279;0,58;0,53;999998,00;999998,00;999998,00;999998,00;999998,00;999998,00;999998,00;999998,00;999998,00;999998,00;999998,00;999998,00;999998,00;999998,00;999998,00;;;;;;;;;;;;;;;;;414,6662;17,30549;79,4277;0,24088542;0,24088542;0,00451;1,52820;37,6741;20,968760;0,086108;23,775043;25,330558;0,0191;1,9032;1,39;138,47;0,00;0,37;31,41;;200,348;200,544;4,1686398;19,59100;1,19100;0,02800;0,0671630;;55,13;187,00;;;
;;188;19,60600;1,19600;0,019000;92,175;91,54;-16,4000;0,000;101,050;35,600;0,005;400,650;426,650;26,80;844,317;263,177;0,000;576,000;582,900;554,600;313,050;;;;;0,00;0,00;0,00;3,00;2,70;15,805;27,261;0,58;0,53;999998,00;999998,00;999998,00;999998,00;999998,00;999998,00;999998,00;999998,00;999998,00;999998,00;999998,00;999998,00;999998,00;999998,00;999998,00;;;;;;;;;;;;;;;;;413,6286;17,45009;82,6955;0,23829142;0,23829142;0,00118;1,53751;38,0877;20,960683;0,088719;23,777755;25,320802;0,0197;1,9602;1,41;140,43;0,00;0,37;31,23;;201,485;200,544;4,1582079;19,59800;1,18600;0,01000;0,0670182;;54,82;188,00;;;
;;189;19,60200;1,20000;0,011000;95,125;92,37;-16,5400;0,000;101,052;35,600;0,005;400,850;426,750;26,80;845,150;263,177;0,000;578,500;582,900;554,600;313,050;;;;;0,00;0,00;0,00;3,00;2,70;15,772;27,255;0,58;0,53;999998,00;999998,00;999998,00;999998,00;999998,00;999998,00;999998,00;999998,00;999998,00;999998,00;999998,00;999998,00;999998,00;999998,00;999998,00;;;;;;;;;;;;;;;;;422,4627;32,04627;135,7112;0,13252767;0,13252767;0,00063;2,83475;38,5102;21,288146;0,079711;24,161283;25,722409;0,0180;1,7891;1,43;142,22;0,00;0,38;31,91;;202,631;202,852;4,2470173;19,59000;1,19700;0,00700;0,0673991;;54,68;189,00;;;
;;190;19,59300;1,19800;0,000000;95,750;90,64;-16,6901;0,000;101,050;35,600;0,005;400,850;426,250;26,80;845,083;263,177;0,000;578,300;582,900;554,600;313,050;;;;;0,00;0,00;0,00;3,00;2,70;15,826;27,247;0,58;0,52;999998,00;999998,00;999998,00;999998,00;999998,00;999998,00;999998,00;999998,00;999998,00;999998,00;999998,00;999998,00;999998,00;999998,00;999998,00;;;;;;;;;;;;;;;;;430,0172;35,28434;181,9284;0,12251790;0,12251790;-0,00068;3,14042;38,9402;21,357966;0,098578;24,240526;25,776536;0,0223;2,2172;1,45;144,44;0,00;0,38;32,48;;203,808;202,852;4,3229633;19,57000;1,22100;0,00000;0,0683865;;54,53;190,00;;;
;;191;19,58400;1,19600;-0,006000;96,350;90,36;-16,8201;0,000;101,052;35,600;0,005;400,750;425,350;26,80;844,583;263,177;0,000;576,800;582,900;554,600;313,050;;;;;0,00;0,00;0,00;3,00;2,70;15,774;27,282;0,58;0,52;999998,00;999998,00;999998,00;999998,00;999998,00;999998,00;999998,00;999998,00;999998,00;999998,00;999998,00;999998,00;999998,00;999998,00;999998,00;;;;;;;;;;;;;;;;;438,4903;17,17551;89,7125;0,25665283;0,25665283;0,00064;1,52061;39,3787;21,427452;0,101715;24,313324;25,805795;0,0230;2,2904;1,48;146,73;0,00;0,39;33,13;;205,015;205,235;4,4081430;19,54700;1,23400;0,00700;0,0695166;;54,40;191,00;;;
;;192;19,58300;1,19300;-0,006000;96,025;90,53;-17,1700;0,000;101,044;35,600;0,005;400,550;424,750;26,80;844,483;263,177;0,000;576,500;582,900;554,600;313,050;;;;;0,00;0,00;0,00;3,00;2,70;15,790;27,271;0,58;0,52;999998,00;999998,00;999998,00;999998,00;999998,00;999998,00;999998,00;999998,00;999998,00;999998,00;999998,00;999998,00;999998,00;999998,00;999998,00;;;;;;;;;;;;;;;;;441,7943;17,24818;87,5182;0,25749715;0,25749715;-0,00087;1,51980;39,8205;21,396623;0,099838;24,266226;25,732317;0,0225;2,2417;1,50;148,97;0,00;0,39;33,32;;206,239;205,235;4,4413580;19,53700;1,23900;-0,00100;0,0701452;;54,05;192,00;;;
;;193;19,58600;1,19800;-0,002000;95,700;90,73;-17,3000;0,000;101,052;35,600;0,005;400,850;425,450;26,80;844,317;263,177;0,000;576,000;582,900;554,600;313,050;;;;;0,00;0,00;0,00;3,00;2,70;15,843;27,261;0,58;0,53;999998,00;999998,00;999998,00;999998,00;999998,00;999998,00;999998,00;999998,00;999998,00;999998,00;999998,00;999998,00;999998,00;999998,00;999998,00;;;;;;;;;;;;;;;;;439,1035;37,32531;186,0868;0,11826579;0,11826579;0,00176;3,28838;40,2596;21,352389;0,097540;24,234196;25,721439;0,0220;2,1892;1,52;151,16;0,00;0,39;33,18;;207,453;207,655;4,4143074;19,54000;1,23400;0,01300;0,0698616;;53,92;193,00;;;
;;194;19,59000;1,20000;0,006000;93,350;91,70;-17,4399;0,000;101,052;35,500;0,005;401,050;425,750;26,80;844,217;263,177;0,000;575,700;582,900;554,600;313,050;;;;;0,00;0,00;0,00;3,00;2,70;15,805;27,285;0,58;0,53;999998,00;999998,00;999998,00;999998,00;999998,00;999998,00;999998,00;999998,00;999998,00;999998,00;999998,00;999998,00;999998,00;999998,00;999998,00;;;;;;;;;;;;;;;;;430,1969;38,15671;170,9868;0,11334229;0,11334229;0,00137;3,35384;40,6898;21,083336;0,086929;23,940771;25,415243;0,0194;1,9278;1,54;153,09;0,00;0,38;32,48;;208,624;207,655;4,3247690;19,55200;1,22200;0,01100;0,0693138;;53,78;194,00;;;
;;195;19,58800;1,20100;0,016000;92,775;92,64;-17,5601;0,000;101,052;35,500;0,005;401,450;426,350;26,80;844,283;263,177;0,000;575,900;582,900;554,600;313,050;;;;;0,00;0,00;0,00;3,00;2,70;15,774;27,250;0,58;0,54;999998,00;999998,00;999998,00;999998,00;999998,00;999998,00;999998,00;999998,00;999998,00;999998,00;999998,00;999998,00;999998,00;999998,00;999998,00;;;;;;;;;;;;;;;;;426,1070;17,84550;71,1470;0,24004110;0,24004110;0,00322;1,57794;41,1159;21,007829;0,076771;23,878823;25,359910;0,0171;1,6988;1,56;154,79;0,00;0,38;32,25;;209,750;209,963;4,2836539;19,55700;1,22200;0,02100;0,0688995;;53,66;195,00;;;
;;196;19,58300;1,19700;0,032000;91,750;91,68;-17,8900;0,000;101,052;35,500;0,005;401,550;426,450;26,80;844,117;263,177;0,000;575,300;582,900;554,700;313,050;;;;;0,00;0,00;0,00;3,00;2,70;15,763;27,269;0,58;0,53;999998,00;999998,00;999998,00;999998,00;999998,00;999998,00;999998,00;999998,00;999998,00;999998,00;999998,00;999998,00;999998,00;999998,00;999998,00;;;;;;;;;;;;;;;;;424,6447;17,42103;78,7326;0,24504598;0,24504598;0,00578;1,54740;41,5405;20,888856;0,087202;23,749505;25,222205;0,0193;1,9191;1,58;156,71;0,01;0,38;32,23;;210,850;209,963;4,2689537;19,55000;1,23000;0,03500;0,0690565;;53,33;196,00;;;
;;197;19,58100;1,19100;0,033000;95,550;90,67;-18,0201;0,000;101,052;35,500;0,005;401,650;426,150;26,80;844,317;263,177;0,000;575,900;582,900;554,700;313,050;;;;;0,00;0,00;0,00;3,00;2,71;15,803;27,282;0,58;0,53;999998,00;999998,00;999998,00;999998,00;999998,00;999998,00;999998,00;999998,00;999998,00;999998,00;999998,00;999998,00;999998,00;999998,00;999998,00;;;;;;;;;;;;;;;;;440,1104;34,02747;170,4338;0,13002523;0,13002523;0,00270;3,02579;41,9806;21,314389;0,098232;24,239348;25,717909;0,0222;2,2044;1,60;158,91;0,00;0,39;33,33;;211,974;212,228;4,4244294;19,53100;1,25000;0,01800;0,0701491;;53,20;197,00;;;
;;198;19,58300;1,18600;0,028000;95,350;88,80;-18,1801;0,000;101,052;35,500;0,005;401,350;425,150;26,80;844,383;263,170;0,000;576,100;582,900;554,700;313,050;;;;;0,00;0,00;0,00;3,00;2,71;15,820;27,274;0,58;0,51;999998,00;999998,00;999998,00;999998,00;999998,00;999998,00;999998,00;999998,00;999998,00;999998,00;999998,00;999998,00;999998,00;999998,00;999998,00;;;;;;;;;;;;;;;;;447,2142;32,90837;196,0171;0,13661702;0,13661702;0,00195;2,92317;42,4279;21,300027;0,119064;24,204922;25,640271;0,0268;2,6638;1,62;161,57;0,00;0,40;33,85;;213,144;212,228;4,4958440;19,50800;1,26900;0,01400;0,0713379;;53,04;198,00;;;
;;199;19,59100;1,19700;0,010000;93,725;91,07;-18,3201;0,000;101,052;35,500;0,005;401,450;425,350;26,80;844,517;263,177;0,000;576,400;583,000;554,700;313,050;;;;;0,00;0,00;0,00;3,00;2,71;15,803;27,258;0,58;0,53;999998,00;999998,00;999998,00;999998,00;999998,00;999998,00;999998,00;999998,00;999998,00;999998,00;999998,00;999998,00;999998,00;999998,00;999998,00;;;;;;;;;;;;;;;;;451,9809;18,23665;83,9892;0,24915568;0,24915568;0,00025;1,61615;42,8798;21,115114;0,093812;24,000769;25,429635;0,0209;2,0816;1,65;163,66;0,00;0,40;34,16;;214,333;214,578;4,5437642;19,48200;1,29000;0,00500;0,0727395;;52,90;199,00;;;
;;200;19,59800;1,22100;0,007000;91,200;89,52;-18,6500;0,000;101,044;35,500;0,005;401,550;425,450;26,80;844,550;263,177;0,000;576,500;583,000;554,700;313,050;;;;;0,00;0,00;0,00;3,00;2,71;15,849;27,285;0,58;0,52;999998,00;999998,00;999998,00;999998,00;999998,00;999998,00;999998,00;999998,00;999998,00;999998,00;999998,00;999998,00;999998,00;999998,00;999998,00;;;;;;;;;;;;;;;;;450,6427;18,06245;97,4331;0,25081380;0,25081380;0,00117;1,60001;43,3305;20,826152;0,111047;23,678214;25,087526;0,0244;2,4309;1,67;166,09;0,00;0,40;34,08;;215,518;214,578;4,5303110;19,46500;1,30300;0,01000;0,0735370;;52,57;200,00;;;
;;201;19,59000;1,23400;0,000000;92,975;90,66;-18,7900;0,000;101,052;35,500;0,005;401,950;426,050;26,80;844,450;263,177;0,000;576,200;583,000;554,700;313,050;;;;;0,00;0,00;0,00;3,00;2,71;15,835;27,269;0,58;0,53;999998,00;999998,00;999998,00;999998,00;999998,00;999998,00;999998,00;999998,00;999998,00;999998,00;999998,00;999998,00;999998,00;999998,00;999998,00;;;;;;;;;;;;;;;;;460,3957;43,72344;206,7277;0,10585531;0,10585531;-0,00049;3,87754;43,7909;21,017377;0,098396;23,919430;25,353583;0,0219;2,1768;1,69;168,26;0,00;0,41;34,79;;216,712;216,982;4,6283581;19,44800;1,32000;0,00100;0,0744512;;52,43;201,00;;;
;;202;19,57000;1,23900;0,007000;91,175;90,87;-18,9301;0,000;101,054;35,500;0,005;402,450;427,050;26,80;844,417;263,177;0,000;576,000;583,100;554,700;313,050;;;;;0,00;0,00;0,00;3,00;2,71;15,812;27,282;0,58;0,53;999998,00;999998,00;999998,00;999998,00;999998,00;999998,00;999998,00;999998,00;999998,00;999998,00;999998,00;999998,00;999998,00;999998,00;999998,00;;;;;;;;;;;;;;;;;459,1766;17,14971;78,6941;0,26916504;0,26916504;0,00190;1,51862;44,2501;20,800001;0,096012;23,701485;25,150252;0,0212;2,1070;1,71;170,37;0,00;0,41;34,75;;217,915;216,982;4,6161028;19,43400;1,32800;0,01400;0,0750358;;52,29;202,00;;;
;;203;19,54700;1,23400;-0,001000;92,300;90,12;-19,2900;0,000;101,054;35,500;0,005;402,850;427,650;26,80;844,717;263,177;0,000;576,800;583,100;554,800;313,050;;;;;0,00;0,00;0,00;3,00;2,71;15,862;27,269;0,58;0,52;999998,00;999998,00;999998,00;999998,00;999998,00;999998,00;999998,00;999998,00;999998,00;999998,00;999998,00;999998,00;999998,00;999998,00;999998,00;;;;;;;;;;;;;;;;;465,3222;17,93505;88,8309;0,26082357;0,26082357;0,00062;1,58587;44,7154;20,917540;0,104284;23,859110;25,327910;0,0232;2,3047;1,74;172,68;0,00;0,41;35,17;;219,119;219,404;4,6778845;19,42400;1,33600;0,00700;0,0756168;;51,93;203,00;;;
;;204;19,53700;1,22200;0,013000;92,475;89,61;-19,4200;0,000;101,052;35,500;0,005;403,250;428,550;26,80;844,550;263,177;0,000;576,400;583,000;554,800;313,050;;;;;0,00;0,00;0,00;3,00;2,71;15,803;27,253;0,58;0,52;999998,00;999998,00;999998,00;999998,00;999998,00;999998,00;999998,00;999998,00;999998,00;999998,00;999998,00;999998,00;999998,00;999998,00;999998,00;;;;;;;;;;;;;;;;;467,9281;37,37412;194,6664;0,12586466;0,12586466;0,00081;3,30308;45,1833;20,926973;0,110000;23,893572;25,392659;0,0245;2,4372;1,76;175,11;0,00;0,42;35,37;;220,332;219,404;4,7040814;19,41600;1,34200;0,00800;0,0760091;;51,80;204,00;;;
;;205;19,54000;1,22200;0,011000;92,275;90,70;-19,5801;0,000;101,054;35,500;0,005;403,750;429,550;26,80;844,983;263,177;0,000;577,700;583,000;554,800;313,050;;;;;0,00;0,00;0,00;3,00;2,72;15,822;27,269;0,58;0,53;999998,00;999998,00;999998,00;999998,00;999998,00;999998,00;999998,00;999998,00;999998,00;999998,00;999998,00;999998,00;999998,00;999998,00;999998,00;;;;;;;;;;;;;;;;;466,7773;32,00310;148,8686;0,14662679;0,14662679;0,00265;2,83055;45,6501;20,891383;0,097935;23,882512;25,408626;0,0218;2,1713;1,78;177,28;0,00;0,42;35,34;;221,537;221,811;4,6925119;19,41500;1,34200;0,01800;0,0759518;;51,64;205,00;;;
;;206;19,55200;1,23000;0,021000;94,925;91,42;-19,7400;0,000;101,052;35,500;0,005;404,150;430,250;26,80;845,250;263,177;0,000;578,500;583,000;554,800;313,050;;;;;0,00;0,00;0,00;3,00;2,72;15,776;27,279;0,58;0,53;999998,00;999998,00;999998,00;999998,00;999998,00;999998,00;999998,00;999998,00;999998,00;999998,00;999998,00;999998,00;999998,00;999998,00;999998,00;;;;;;;;;;;;;;;;;473,2622;17,35313;74,3347;0,27416992;0,27416992;0,00138;1,52989;46,1233;21,178756;0,090052;24,235015;25,800112;0,0204;2,0273;1,80;179,31;0,00;0,42;35,78;;222,743;221,811;4,7577054;19,41700;1,33800;0,01100;0,0759616;;51,48;206,00;;;
;;207;19,55700;1,25000;0,035000;96,475;92,26;-20,0901;0,000;101,046;35,500;0,005;404,750;431,150;26,80;845,117;263,177;0,000;578,000;583,100;554,800;313,050;;;;;0,00;0,00;0,00;3,00;2,72;15,793;27,279;0,58;0,53;999998,00;999998,00;999998,00;999998,00;999998,00;999998,00;999998,00;999998,00;999998,00;999998,00;999998,00;999998,00;999998,00;999998,00;999998,00;;;;;;;;;;;;;;;;;474,9803;19,15838;74,1378;0,24923706;0,24923706;0,00082;1,69143;46,5983;21,335135;0,080879;24,450206;26,044982;0,0185;1,8380;1,82;181,15;0,00;0,42;35,90;;223,957;224,217;4,7749772;19,42300;1,33500;0,00800;0,0756760;;51,13;207,00;;;
;;208;19,55000;1,26900;0,018000;92,150;93,00;-20,2101;0,000;101,046;35,500;0,005;405,350;432,050;26,80;845,050;263,177;0,000;577,900;583,000;554,800;313,050;;;;;0,00;0,00;0,00;3,00;2,72;15,797;27,271;0,58;0,54;999998,00;999998,00;999998,00;999998,00;999998,00;999998,00;999998,00;999998,00;999998,00;999998,00;999998,00;999998,00;999998,00;999998,00;999998,00;;;;;;;;;;;;;;;;;463,3559;42,05653;147,1331;0,11075846;0,11075846;0,00025;3,70276;47,0617;20,835984;0,072886;23,913573;25,488736;0,0163;1,6210;1,84;182,77;0,00;0,41;34,99;;225,136;224,217;4,6581170;19,42600;1,33000;0,00500;0,0755916;;51,01;208,00;;;
;;209;19,53100;1,29000;0,014000;90,675;93,23;-20,3500;0,000;101,046;35,500;0,005;405,950;433,250;26,80;845,083;263,177;0,000;578,000;583,000;554,800;313,050;;;;;0,00;0,00;0,00;3,00;2,72;15,803;27,271;0,58;0,54;999998,00;999998,00;999998,00;999998,00;999998,00;999998,00;999998,00;999998,00;999998,00;999998,00;999998,00;999998,00;999998,00;999998,00;999998,00;;;;;;;;;;;;;;;;;457,1445;36,78335;125,2931;0,12493896;0,12493896;0,00007;3,24361;47,5188;20,653276;0,070437;23,738964;25,335402;0,0157;1,5571;1,85;184,33;0,00;0,41;34,53;;226,261;226,531;4,5956740;19,43300;1,32600;0,00400;0,0752351;;50,87;209,00;;;
;;210;19,50800;1,30300;0,005000;94,175;92,99;-20,4900;0,000;101,046;35,500;0,005;406,250;433,850;26,80;845,350;263,177;0,000;578,800;583,000;554,800;313,050;;;;;0,00;0,00;0,00;3,00;2,72;15,790;27,263;0,58;0,54;999998,00;999998,00;999998,00;999998,00;999998,00;999998,00;999998,00;999998,00;999998,00;999998,00;999998,00;999998,00;999998,00;999998,00;999998,00;;;;;;;;;;;;;;;;;466,0767;18,30903;64,6681;0,25591024;0,25591024;-0,00030;1,61577;47,9849;21,040330;0,072994;24,201719;25,845946;0,0165;1,6462;1,87;185,97;0,00;0,41;35,20;;227,382;226,531;4,6854689;19,43200;1,32800;0,00200;0,0752944;;50,73;210,00;;;
;;211;19,48200;1,32000;0,010000;92,125;91,80;-20,8301;0,000;101,046;35,500;0,005;406,850;434,950;26,80;845,583;263,177;0,000;579,600;582,900;554,800;313,050;;;;;0,00;0,00;0,00;3,00;2,72;15,786;27,309;0,58;0,53;999998,00;999998,00;999998,00;999998,00;999998,00;999998,00;999998,00;999998,00;999998,00;999998,00;999998,00;999998,00;999998,00;999998,00;999998,00;;;;;;;;;;;;;;;;;462,4428;17,76794;73,6991;0,26164754;0,26164754;0,00062;1,56798;48,4473;20,794717;0,085840;23,954528;25,609001;0,0193;1,9182;1,89;187,89;0,00;0,41;34,94;;228,505;228,743;4,6489371;19,42500;1,33300;0,00700;0,0755925;;50,39;211,00;;;
;;212;19,46500;1,32800;0,001000;92,650;91,42;-20,9800;0,000;101,054;35,500;0,005;407,250;435,250;26,80;846,283;263,177;0,000;581,700;582,900;554,800;313,050;;;;;0,00;0,00;0,00;3,00;2,72;15,851;27,271;0,58;0,53;999998,00;999998,00;999998,00;999998,00;999998,00;999998,00;999998,00;999998,00;999998,00;999998,00;999998,00;999998,00;999998,00;999998,00;999998,00;;;;;;;;;;;;;;;;;466,3470;34,93538;151,0883;0,13419596;0,13419596;-0,00067;3,08337;48,9137;20,843642;0,089983;24,034493;25,686957;0,0203;2,0169;1,91;189,91;0,00;0,41;35,21;;229,617;228,743;4,6881865;19,41700;1,34100;0,00000;0,0760548;;50,24;212,00;;;
;;213;19,44800;1,33600;0,014000;88,075;89,67;-21,1301;0,000;101,048;35,500;0,005;407,450;435,450;26,80;846,183;263,177;0,000;581,500;582,900;554,700;313,050;;;;;0,00;0,00;0,00;3,00;2,73;15,814;27,282;0,58;0,52;999998,00;999998,00;999998,00;999998,00;999998,00;999998,00;999998,00;999998,00;999998,00;999998,00;999998,00;999998,00;999998,00;999998,00;999998,00;;;;;;;;;;;;;;;;;456,9098;34,65663;181,3185;0,13253784;0,13253784;0,00060;3,06660;49,3706;20,317515;0,109365;23,439330;25,050083;0,0240;2,3905;1,93;192,30;0,00;0,41;34,55;;230,707;230,911;4,5933143;19,40700;1,35100;0,00700;0,0764491;;50,09;213,00;;;
;;214;19,43400;1,34200;0,007000;91,425;90,25;-21,2800;0,000;101,046;35,500;0,005;407,850;435,950;26,90;845,883;263,177;0,000;580,600;582,900;554,700;313,050;;;;;0,00;0,00;0,00;3,00;2,73;15,822;27,263;0,58;0,52;999998,00;999998,00;999998,00;999998,00;999998,00;999998,00;999998,00;999998,00;999998,00;999998,00;999998,00;999998,00;999998,00;999998,00;999998,00;;;;;;;;;;;;;;;;;466,8825;17,17656;84,3988;0,27325439;0,27325439;0,00354;1,52280;49,8375;20,690152;0,102946;23,892656;25,538809;0,0231;2,2941;1,96;194,59;0,00;0,42;35,38;;231,787;230,911;4,6935697;19,39800;1,35800;0,02300;0,0767143;;49,94;214,00;;;
;;215;19,42400;1,34200;0,008000;93,250;90,83;-21,6400;0,000;101,048;35,500;0,005;408,050;436,250;26,90;845,583;263,177;0,000;579,800;582,800;554,700;313,050;;;;;0,00;0,00;0,00;3,00;2,73;15,849;27,277;0,58;0,53;999998,00;999998,00;999998,00;999998,00;999998,00;999998,00;999998,00;999998,00;999998,00;999998,00;999998,00;999998,00;999998,00;999998,00;999998,00;;;;;;;;;;;;;;;;;474,0150;17,86936;81,9280;0,26667277;0,26667277;0,00357;1,58628;50,3115;20,890516;0,096523;24,135862;25,803872;0,0218;2,1733;1,98;196,77;0,00;0,42;35,93;;232,897;233,093;4,7652730;19,38900;1,36700;0,02300;0,0771426;;49,58;215,00;;;
;;216;19,41600;1,33800;0,018000;89,375;92,13;-21,7800;0,000;101,042;35,500;0,005;408,750;437,350;26,90;845,317;263,170;0,000;579,100;582,700;554,700;313,050;;;;;0,00;0,00;0,00;3,00;2,73;15,835;27,279;0,58;0,53;999998,00;999998,00;999998,00;999998,00;999998,00;999998,00;999998,00;999998,00;999998,00;999998,00;999998,00;999998,00;999998,00;999998,00;999998,00;;;;;;;;;;;;;;;;;464,5874;36,62480;143,2281;0,12752279;0,12752279;0,00475;3,24478;50,7761;20,434338;0,082287;23,649318;25,304046;0,0183;1,8169;2,00;198,58;0,00;0,41;35,24;;233,991;233,093;4,6704968;19,38500;1,36700;0,03000;0,0772981;;49,44;216,00;;;
;;217;19,41500;1,33500;0,011000;89,075;92,78;-21,9301;0,000;101,048;35,500;0,005;409,250;438,150;26,90;844,950;263,177;0,000;578,200;582,600;554,600;313,050;;;;;0,00;0,00;0,00;3,00;2,73;15,807;27,271;0,58;0,54;999998,00;999998,00;999998,00;999998,00;999998,00;999998,00;999998,00;999998,00;999998,00;999998,00;999998,00;999998,00;999998,00;999998,00;999998,00;;;;;;;;;;;;;;;;;463,7250;35,85326;128,4714;0,13002523;0,13002523;0,00276;3,17025;51,2398;20,387548;0,075292;23,624029;25,292286;0,0167;1,6616;2,01;200,24;0,00;0,41;35,11;;235,052;235,266;4,6618277;19,38700;1,36500;0,01900;0,0773310;;49,29;217,00;;;
;;218;19,41700;1,33000;0,008000;89,025;92,40;-22,0701;0,000;101,048;35,500;0,005;410,050;439,150;26,90;844,850;263,177;0,000;577,900;582,600;554,600;313,050;;;;;0,00;0,00;0,00;3,00;2,73;15,790;27,269;0,58;0,54;999998,00;999998,00;999998,00;999998,00;999998,00;999998,00;999998,00;999998,00;999998,00;999998,00;999998,00;999998,00;999998,00;999998,00;999998,00;;;;;;;;;;;;;;;;;463,1429;18,81376;71,1850;0,24747721;0,24747721;0,00258;1,66483;51,7030;20,361934;0,079323;23,640470;25,318163;0,0176;1,7524;2,03;202,00;0,00;0,41;35,07;;236,100;235,266;4,6559759;19,38700;1,36600;0,01800;0,0773310;;49,15;218,00;;;
;;219;19,42300;1,32600;0,005000;95,825;92,11;-22,4000;0,000;101,048;35,500;0,005;410,650;440,150;26,90;844,983;263,177;0,000;578,300;582,600;554,600;313,050;;;;;0,00;0,00;0,00;3,00;2,73;15,776;27,279;0,58;0,53;999998,00;999998,00;999998,00;999998,00;999998,00;999998,00;999998,00;999998,00;999998,00;999998,00;999998,00;999998,00;999998,00;999998,00;999998,00;;;;;;;;;;;;;;;;;482,8478;18,08986;70,9785;0,26833089;0,26833089;-0,00049;1,59787;52,1858;21,109840;0,082531;24,544660;26,307883;0,0190;1,8945;2,05;203,89;0,00;0,43;36,47;;237,181;237,440;4,8540686;19,38200;1,37100;0,00100;0,0777668;;48,82;219,00;;;
;;220;19,42600;1,32800;0,004000;93,350;91,44;-22,5701;0,000;101,044;35,600;0,005;410,850;439,950;26,90;844,983;263,177;0,000;578,400;582,500;554,600;313,050;;;;;0,00;0,00;0,00;3,00;2,73;15,807;27,274;0,58;0,53;999998,00;999998,00;999998,00;999998,00;999998,00;999998,00;999998,00;999998,00;999998,00;999998,00;999998,00;999998,00;999998,00;999998,00;999998,00;;;;;;;;;;;;;;;;;477,9049;33,90206;144,1684;0,14171346;0,14171346;0,00044;2,99671;52,6637;20,830368;0,089761;24,231512;25,947800;0,0204;2,0323;2,07;205,92;0,00;0,42;36,13;;238,287;237,440;4,8043778;19,37600;1,37600;0,00600;0,0780058;;48,65;220,00;;;
;;221;19,43300;1,33300;0,002000;91,950;91,90;-22,7101;0,000;101,044;35,600;0,005;411,250;440,650;26,90;844,617;263,177;0,000;577,300;582,500;554,600;313,050;;;;;0,00;0,00;0,00;3,00;2,74;15,833;27,274;0,58;0,53;999998,00;999998,00;999998,00;999998,00;999998,00;999998,00;999998,00;999998,00;999998,00;999998,00;999998,00;999998,00;999998,00;999998,00;999998,00;;;;;;;;;;;;;;;;;475,5058;40,13655;161,0516;0,11909993;0,11909993;0,00007;3,54246;53,1392;20,663522;0,084817;24,060826;25,780918;0,0192;1,9080;2,09;207,83;0,00;0,42;35,93;;239,366;239,627;4,7802601;19,37200;1,37800;0,00400;0,0782427;;48,51;221,00;;;
;;222;19,43200;1,34100;0,007000;93,175;91,86;-22,8500;0,000;101,048;35,600;0,005;411,550;440,950;26,90;844,617;263,177;0,000;577,300;582,500;554,600;313,050;;;;;0,00;0,00;0,00;3,00;2,74;15,776;27,266;0,58;0,53;999998,00;999998,00;999998,00;999998,00;999998,00;999998,00;999998,00;999998,00;999998,00;999998,00;999998,00;999998,00;999998,00;999998,00;999998,00;;;;;;;;;;;;;;;;;477,9870;17,96291;72,4952;0,26750692;0,26750692;0,00043;1,58707;53,6172;20,793128;0,085161;24,229403;25,960285;0,0194;1,9291;2,11;209,76;0,00;0,42;36,13;;240,435;239,627;4,8052031;19,37300;1,37800;0,00600;0,0781602;;48,37;222,00;;;
;;223;19,42500;1,35100;0,000000;89,675;92,07;-23,2101;0,000;101,048;35,600;0,005;412,150;441,850;26,90;844,583;263,177;0,000;577,300;582,400;554,600;313,050;;;;;0,00;0,00;0,00;3,00;2,74;15,790;27,269;0,58;0,53;999998,00;999998,00;999998,00;999998,00;999998,00;999998,00;999998,00;999998,00;999998,00;999998,00;999998,00;999998,00;999998,00;999998,00;999998,00;;;;;;;;;;;;;;;;;469,1575;17,30793;68,0654;0,27250163;0,27250163;0,00151;1,53420;54,0864;20,384003;0,082915;23,787295;25,501434;0,0185;1,8450;2,13;211,61;0,00;0,42;35,51;;241,480;241,714;4,7164404;19,36900;1,38400;0,01200;0,0782575;;48,01;223,00;;;
;;224;19,41700;1,35800;0,007000;92,075;91,60;-23,3600;0,000;101,044;35,500;0,005;412,550;442,150;26,90;844,683;263,177;0,000;577,600;582,400;554,600;313,050;;;;;0,00;0,00;0,00;3,00;2,74;15,782;27,279;0,58;0,53;999998,00;999998,00;999998,00;999998,00;999998,00;999998,00;999998,00;999998,00;999998,00;999998,00;999998,00;999998,00;999998,00;999998,00;999998,00;;;;;;;;;;;;;;;;;477,9628;40,02939;166,3418;0,12003581;0,12003581;0,00262;3,55381;54,5643;20,644958;0,088071;24,115200;25,845439;0,0200;1,9862;2,15;213,59;0,00;0,43;36,22;;242,516;241,714;4,8049605;19,35800;1,39400;0,01800;0,0787228;;47,86;224,00;;;
;;225;19,40700;1,36700;0,023000;92,075;91,60;-23,5201;0,000;101,044;35,500;0,005;412,550;442,150;26,90;844,883;263,177;0,000;578,300;582,400;554,500;313,050;;;;;0,00;0,00;0,00;3,00;2,74;15,803;27,269;0,58;0,53;999998,00;999998,00;999998,00;999998,00;999998,00;999998,00;999998,00;999998,00;999998,00;999998,00;999998,00;999998,00;999998,00;999998,00;999998,00;;;;;;;;;;;;;;;;;479,4687;16,91181;70,0562;0,28501383;0,28501383;0,00389;1,49893;55,0438;20,644958;0,088071;24,115200;25,845439;0,0200;1,9862;2,17;215,58;0,00;0,43;36,35;;243,566;243,782;4,8200988;19,35200;1,39600;0,02500;0,0789735;;47,70;225,00;;;
;;226;19,39800;1,36700;0,023000;88,700;92,38;-23,8900;0,000;101,048;35,500;0,005;412,850;442,350;26,90;844,950;263,177;0,000;578,400;582,400;554,600;313,050;;;;;0,00;0,00;0,00;3,00;2,74;15,814;27,279;0,58;0,54;999998,00;999998,00;999998,00;999998,00;999998,00;999998,00;999998,00;999998,00;999998,00;999998,00;999998,00;999998,00;999998,00;999998,00;999998,00;;;;;;;;;;;;;;;;;471,1383;17,48808;65,4092;0,27083333;0,27083333;0,00471;1,55339;55,5149;20,255693;0,079604;23,677708;25,369588;0,0177;1,7622;2,18;217,34;0,00;0,42;35,76;;244,592;243,782;4,7363537;19,34800;1,40100;0,03000;0,0790941;;47,33;226,00;;;
;;227;19,38900;1,36500;0,030000;90,775;90,58;-24,0302;0,000;101,048;35,500;0,005;413,150;442,850;26,90;844,683;263,177;0,000;577,700;582,400;554,500;313,050;;;;;0,00;0,00;0,00;3,00;2,74;15,807;27,290;0,58;0,53;999998,00;999998,00;999998,00;999998,00;999998,00;999998,00;999998,00;999998,00;999998,00;999998,00;999998,00;999998,00;999998,00;999998,00;999998,00;;;;;;;;;;;;;;;;;479,2815;36,35352;168,6615;0,13253784;0,13253784;0,00459;3,22421;55,9942;20,483808;0,099219;23,961760;25,684292;0,0224;2,2236;2,21;219,56;0,00;0,43;36,36;;245,608;245,857;4,8182164;19,33900;1,40700;0,02900;0,0795690;;47,19;227,00;;;
;;228;19,38500;1,36600;0,019000;90,875;91,46;-24,1901;0,000;101,052;35,500;0,005;413,550;443,250;26,90;844,717;263,177;0,000;577,900;582,300;554,500;313,050;;;;;0,00;0,00;0,00;3,00;2,74;15,797;27,271;0,58;0,53;999998,00;999998,00;999998,00;999998,00;999998,00;999998,00;999998,00;999998,00;999998,00;999998,00;999998,00;999998,00;999998,00;999998,00;999998,00;;;;;;;;;;;;;;;;;481,3678;36,53700;152,4720;0,13244629;0,13244629;0,00404;3,23613;56,4756;20,485173;0,089546;23,986558;25,709206;0,0202;2,0088;2,23;221,57;0,00;0,43;36,50;;246,637;245,857;4,8391905;19,33300;1,41100;0,02600;0,0799126;;47,03;228,00;;;
;;229;19,38700;1,37100;0,018000;92,350;92,19;-24,3301;0,000;101,048;35,500;0,005;413,950;443,550;26,90;844,617;263,177;0,000;577,600;582,300;554,500;313,050;;;;;0,00;0,00;0,00;3,00;2,75;15,841;27,277;0,58;0,53;999998,00;999998,00;999998,00;999998,00;999998,00;999998,00;999998,00;999998,00;999998,00;999998,00;999998,00;999998,00;999998,00;999998,00;999998,00;;;;;;;;;;;;;;;;;487,0693;17,91322;67,9200;0,27334595;0,27334595;-0,00012;1,57878;56,9626;20,640772;0,081648;24,192130;25,922017;0,0186;1,8468;2,25;223,42;0,00;0,43;36,80;;247,675;247,930;4,8965073;19,33200;1,41000;0,00300;0,0802504;;46,89;229,00;;;
;;230;19,38700;1,37600;0,001000;90,275;92,41;-24,7001;0,000;101,052;35,500;0,005;414,250;443,850;26,90;844,383;263,177;0,000;576,900;582,300;554,500;313,050;;;;;0,00;0,00;0,00;3,00;2,75;15,799;27,306;0,58;0,54;999998,00;999998,00;999998,00;999998,00;999998,00;999998,00;999998,00;999998,00;999998,00;999998,00;999998,00;999998,00;999998,00;999998,00;999998,00;;;;;;;;;;;;;;;;;479,1518;18,00668;66,6091;0,26750692;0,26750692;0,00331;1,59210;57,4418;20,400176;0,079232;23,927467;25,637190;0,0178;1,7724;2,26;225,19;0,00;0,43;36,30;;248,698;247,930;4,8169127;19,33500;1,40800;0,02200;0,0798755;;46,52;230,00;;;
;;231;19,38200;1,37800;0,006000;90,800;92,76;-24,8301;0,000;101,052;35,500;0,005;414,750;444,750;26,90;845,150;263,177;0,000;579,300;582,200;554,500;313,050;;;;;0,00;0,00;0,00;3,00;2,75;15,807;27,282;0,58;0,54;999998,00;999998,00;999998,00;999998,00;999998,00;999998,00;999998,00;999998,00;999998,00;999998,00;999998,00;999998,00;999998,00;999998,00;999998,00;;;;;;;;;;;;;;;;;481,9385;40,39659;142,1579;0,11993408;0,11993408;-0,00029;3,57493;57,9237;20,447073;0,075487;24,011419;25,748231;0,0170;1,6960;2,28;226,89;0,00;0,43;36,43;;249,702;249,978;4,8449280;19,33300;1,41400;0,00200;0,0801564;;46,39;231,00;;;
;;232;19,37600;1,37800;0,004000;87,500;92,79;-24,9800;0,000;101,052;35,500;0,005;415,250;445,350;26,90;845,150;263,177;0,000;579,300;582,200;554,500;313,050;;;;;0,00;0,00;0,00;3,00;2,75;15,833;27,282;0,58;0,54;999998,00;999998,00;999998,00;999998,00;999998,00;999998,00;999998,00;999998,00;999998,00;999998,00;999998,00;999998,00;999998,00;999998,00;999998,00;;;;;;;;;;;;;;;;;476,3746;36,13581;125,7619;0,13252767;0,13252767;0,00113;3,21104;58,4001;20,059987;0,075115;23,585254;25,294865;0,0167;1,6579;2,30;228,55;0,00;0,43;36,07;;250,691;249,978;4,7889942;19,31800;1,43000;0,01000;0,0807657;;46,24;232,00;;;
;;233;19,37200;1,38400;0,006000;92,750;92,33;-25,1301;0,000;101,048;35,500;0,005;415,750;445,650;26,90;845,750;263,177;0,000;581,100;582,200;554,500;313,050;;;;;0,00;0,00;0,00;3,00;2,75;15,828;27,282;0,58;0,54;999998,00;999998,00;999998,00;999998,00;999998,00;999998,00;999998,00;999998,00;999998,00;999998,00;999998,00;999998,00;999998,00;999998,00;999998,00;;;;;;;;;;;;;;;;;496,0421;17,49076;64,2197;0,28510539;0,28510539;0,00171;1,56351;58,8961;20,640597;0,080142;24,297120;26,044525;0,0183;1,8213;2,32;230,37;0,00;0,45;37,62;;251,702;252,030;4,9867110;19,29600;1,45500;0,01300;0,0817430;;46,09;233,00;;;
;;234;19,37300;1,39400;0,012000;95,275;90,75;-25,5101;0,000;101,048;35,500;0,005;415,750;445,350;26,90;846,817;263,177;0,000;584,400;582,100;554,500;313,050;;;;;0,00;0,00;0,00;3,00;2,75;15,769;27,285;0,58;0,53;999998,00;999998,00;999998,00;999998,00;999998,00;999998,00;999998,00;999998,00;999998,00;999998,00;999998,00;999998,00;999998,00;999998,00;999998,00;;;;;;;;;;;;;;;;;510,6299;18,50359;81,2493;0,27742513;0,27742513;0,00173;1,64121;59,4068;20,919668;0,097412;24,625628;26,378890;0,0225;2,2422;2,34;232,61;0,00;0,46;38,68;;252,777;252,030;5,1333620;19,27200;1,46600;0,01300;0,0830356;;45,71;234,00;;;
;;235;19,36900;1,39600;0,018000;91,700;89,50;-25,6500;0,000;101,050;35,500;0,005;415,950;445,250;26,90;846,483;263,177;0,000;583,400;582,200;554,400;313,050;;;;;0,00;0,00;0,00;3,00;2,75;15,820;27,293;0,58;0,52;999998,00;999998,00;999998,00;999998,00;999998,00;999998,00;999998,00;999998,00;999998,00;999998,00;999998,00;999998,00;999998,00;999998,00;999998,00;;;;;;;;;;;;;;;;;502,9760;38,90623;194,2107;0,12996419;0,12996419;0,00423;3,43860;59,9098;20,518497;0,111238;24,165008;25,867219;0,0252;2,5107;2,36;235,12;0,00;0,45;38,14;;253,858;254,136;5,0564173;19,26300;1,46700;0,02700;0,0833944;;45,57;235,00;;;
;;236;19,35800;1,40100;0,025000;86,500;89,96;-25,8101;0,000;101,052;35,500;0,005;416,150;445,450;26,90;845,950;263,177;0,000;581,900;582,100;554,400;313,050;;;;;0,00;0,00;0,00;3,00;2,75;15,805;27,285;0,58;0,52;999998,00;999998,00;999998,00;999998,00;999998,00;999998,00;999998,00;999998,00;999998,00;999998,00;999998,00;999998,00;999998,00;999998,00;999998,00;;;;;;;;;;;;;;;;;488,0389;34,23513;163,2132;0,14331055;0,14331055;0,00393;3,01943;60,3978;19,923450;0,106114;23,475492;25,128339;0,0234;2,3267;2,39;237,45;0,00;0,43;36,99;;254,882;254,136;4,9062547;19,26500;1,46300;0,02600;0,0833339;;45,41;236,00;;;
;;237;19,35200;1,40700;0,030000;91,650;89,61;-25,9700;0,000;101,050;35,500;0,005;416,650;446,250;26,90;845,383;263,177;0,000;580,200;582,100;554,400;313,050;;;;;0,00;0,00;0,00;3,00;2,76;15,820;27,293;0,58;0,52;999998,00;999998,00;999998,00;999998,00;999998,00;999998,00;999998,00;999998,00;999998,00;999998,00;999998,00;999998,00;999998,00;999998,00;999998,00;;;;;;;;;;;;;;;;;499,3028;17,41252;86,6951;0,28826904;0,28826904;0,00513;1,54202;60,8971;20,495664;0,110016;24,178739;25,896465;0,0250;2,4860;2,41;239,93;0,01;0,44;37,89;;255,889;256,221;5,0194910;19,27200;1,46100;0,03200;0,0828736;;45,25;237,00;;;
;;238;19,34800;1,41100;0,029000;90,900;89,60;-26,3500;0,000;101,050;35,500;0,005;417,050;446,650;26,90;845,117;263,177;0,000;579,600;582,000;554,300;313,050;;;;;0,00;0,00;0,00;3,00;2,76;15,830;27,290;0,58;0,52;999998,00;999998,00;999998,00;999998,00;999998,00;999998,00;999998,00;999998,00;999998,00;999998,00;999998,00;999998,00;999998,00;999998,00;999998,00;;;;;;;;;;;;;;;;;497,1650;17,22793;85,9341;0,29011027;0,29011027;0,00421;1,53383;61,3943;20,401839;0,110153;24,091160;25,801023;0,0249;2,4799;2,44;242,41;0,00;0,44;37,74;;256,908;256,221;4,9979996;19,27100;1,46900;0,02700;0,0828980;;44,87;238,00;;;
;;239;19,33900;1,41000;0,026000;87,675;92,03;-26,5101;0,000;101,050;35,500;0,005;417,350;447,050;26,90;845,183;263,177;0,000;579,900;581,900;554,300;313,050;;;;;0,00;0,00;0,00;3,00;2,76;15,828;27,279;0,58;0,53;999998,00;999998,00;999998,00;999998,00;999998,00;999998,00;999998,00;999998,00;999998,00;999998,00;999998,00;999998,00;999998,00;999998,00;999998,00;;;;;;;;;;;;;;;;;493,0892;37,64062;140,8200;0,13169352;0,13169352;0,00448;3,35448;61,8874;20,029454;0,083389;23,668449;25,352773;0,0185;1,8447;2,46;244,26;0,00;0,44;37,45;;257,904;258,229;4,9570262;19,25300;1,48500;0,02900;0,0837546;;44,71;239,00;;;
;;240;19,33300;1,40800;0,003000;87,975;92,69;-26,6500;0,000;101,050;35,500;0,005;417,650;447,550;26,90;844,983;263,177;0,000;579,300;581,900;554,300;313,050;;;;;0,00;0,00;0,00;3,00;2,76;15,778;27,290;0,58;0,54;999998,00;999998,00;999998,00;999998,00;999998,00;999998,00;999998,00;999998,00;999998,00;999998,00;999998,00;999998,00;999998,00;999998,00;999998,00;;;;;;;;;;;;;;;;;501,7057;42,94964;144,7882;0,11743164;0,11743164;0,00042;3,81400;62,3891;20,056485;0,076265;23,717428;25,415383;0,0170;1,6913;2,47;245,95;0,00;0,45;37,99;;258,902;258,229;5,0436471;19,23100;1,50300;0,00600;0,0851133;;44,57;240,00;;;
;;241;19,33200;1,41400;0,022000;93,100;92,00;-26,7900;0,000;101,050;35,500;0,005;417,950;447,950;26,90;845,217;263,177;0,000;580,000;581,900;554,300;313,050;;;;;0,00;0,00;0,00;3,00;2,76;15,774;27,295;0,58;0,53;999998,00;999998,00;999998,00;999998,00;999998,00;999998,00;999998,00;999998,00;999998,00;999998,00;999998,00;999998,00;999998,00;999998,00;999998,00;;;;;;;;;;;;;;;;;519,5554;18,43232;67,7692;0,28336589;0,28336589;0,00061;1,62873;62,9086;20,625007;0,083687;24,407242;26,159168;0,0192;1,9102;2,49;247,86;0,00;0,46;39,31;;259,947;260,288;5,2230909;19,22000;1,50600;0,00700;0,0857174;;44,43;241,00;;;
;;242;19,33500;1,43000;0,002000;87,925;90,90;-27,1801;0,000;101,054;35,500;0,005;418,450;448,650;26,90;845,117;263,177;0,000;579,900;581,800;554,200;313,050;;;;;0,00;0,00;0,00;3,00;2,76;15,799;27,293;0,58;0,53;999998,00;999998,00;999998,00;999998,00;999998,00;999998,00;999998,00;999998,00;999998,00;999998,00;999998,00;999998,00;999998,00;999998,00;999998,00;;;;;;;;;;;;;;;;;503,6644;16,74054;70,6599;0,30245972;0,30245972;0,00378;1,48303;63,4123;20,031609;0,095746;23,733385;25,446249;0,0214;2,1259;2,51;249,99;0,00;0,45;38,20;;260,987;260,288;5,0633379;19,21900;1,50700;0,02500;0,0855573;;44,04;242,00;;;
;;243;19,33300;1,45500;0,010000;88,725;91,46;-27,3500;0,000;101,050;35,500;0,005;418,950;449,350;26,90;845,183;263,177;0,000;580,100;581,800;554,200;313,050;;;;;0,00;0,00;0,00;3,00;2,76;15,820;27,290;0,58;0,53;999998,00;999998,00;999998,00;999998,00;999998,00;999998,00;999998,00;999998,00;999998,00;999998,00;999998,00;999998,00;999998,00;999998,00;999998,00;;;;;;;;;;;;;;;;;506,3098;41,84668;165,3856;0,12163289;0,12163289;0,00007;3,69221;63,9186;20,110522;0,089628;23,855351;25,586351;0,0201;2,0010;2,53;251,99;0,00;0,45;38,29;;261,991;262,367;5,0899322;19,22200;1,50300;0,00400;0,0856684;;43,87;243,00;;;
;;244;19,31800;1,46600;0,013000;92,650;92,25;-27,5000;0,000;101,050;35,500;0,005;419,650;450,650;26,90;845,283;263,177;0,000;580,400;581,800;554,200;313,050;;;;;0,00;0,00;0,00;3,00;2,76;15,778;27,306;0,58;0,53;999998,00;999998,00;999998,00;999998,00;999998,00;999998,00;999998,00;999998,00;999998,00;999998,00;999998,00;999998,00;999998,00;999998,00;999998,00;;;;;;;;;;;;;;;;;514,5483;17,78478;63,9893;0,29085286;0,29085286;0,00079;1,57113;64,4331;20,533384;0,080981;24,397652;26,199933;0,0186;1,8513;2,55;253,84;0,00;0,46;38,94;;263,009;262,367;5,1727544;19,22900;1,49800;0,00800;0,0852662;;43,72;244,00;;;
;;245;19,29600;1,46700;0,013000;87,800;93,23;-27,8900;0,000;101,050;35,500;0,005;420,050;451,050;26,90;845,117;263,177;0,000;580,000;581,700;554,200;313,050;;;;;0,00;0,00;0,00;3,00;2,76;15,782;27,279;0,58;0,54;999998,00;999998,00;999998,00;999998,00;999998,00;999998,00;999998,00;999998,00;999998,00;999998,00;999998,00;999998,00;999998,00;999998,00;999998,00;;;;;;;;;;;;;;;;;501,1419;18,42598;57,6650;0,27341715;0,27341715;-0,00011;1,62957;64,9343;19,979205;0,070443;23,761807;25,515446;0,0158;1,5683;2,57;255,41;0,00;0,45;37,91;;264,008;264,337;5,0379795;19,22800;1,50100;0,00300;0,0853484;;43,33;245,00;;;
;;246;19,27200;1,46300;0,027000;86,050;92,80;-28,0101;0,000;101,052;35,500;0,005;420,450;451,650;27,00;845,017;263,183;0,000;579,900;581,600;554,100;313,050;;;;;0,00;0,00;0,00;3,00;2,77;15,824;27,306;0,58;0,54;999998,00;999998,00;999998,00;999998,00;999998,00;999998,00;999998,00;999998,00;999998,00;999998,00;999998,00;999998,00;999998,00;999998,00;999998,00;;;;;;;;;;;;;;;;;495,3810;46,68704;156,0135;0,10666911;0,10666911;0,00495;4,14451;65,4297;19,769683;0,075042;23,535007;25,281450;0,0166;1,6554;2,58;257,06;0,00;0,44;37,62;;264,961;264,337;4,9800651;19,22300;1,50500;0,03200;0,0852631;;43,21;246,00;;;
;;247;19,26300;1,46100;0,026000;87,775;92,81;-28,1500;0,000;101,054;35,500;0,005;421,050;452,450;27,00;845,317;263,177;0,000;580,800;581,600;554,100;313,050;;;;;0,00;0,00;0,00;3,00;2,77;15,774;27,290;0,58;0,54;999998,00;999998,00;999998,00;999998,00;999998,00;999998,00;999998,00;999998,00;999998,00;999998,00;999998,00;999998,00;999998,00;999998,00;999998,00;;;;;;;;;;;;;;;;;500,5920;39,74852;132,6277;0,12660726;0,12660726;0,00552;3,53138;65,9302;19,952625;0,074890;23,786687;25,560591;0,0168;1,6703;2,60;258,73;0,01;0,45;38,03;;265,904;266,253;5,0324514;19,22000;1,50800;0,03500;0,0853712;;43,07;247,00;;;
;;248;19,26500;1,46900;0,032000;91,700;91,23;-28,3000;0,000;101,052;35,500;0,005;421,350;452,550;27,00;844,683;263,183;0,000;579,000;581,600;554,000;313,050;;;;;0,00;0,00;0,00;3,00;2,77;15,774;27,287;0,58;0,53;999998,00;999998,00;999998,00;999998,00;999998,00;999998,00;999998,00;999998,00;999998,00;999998,00;999998,00;999998,00;999998,00;999998,00;999998,00;;;;;;;;;;;;;;;;;514,5620;17,93834;73,2048;0,28837077;0,28837077;0,00276;1,59172;66,4448;20,386591;0,092126;24,321361;26,122301;0,0211;2,0999;2,62;260,83;0,00;0,46;39,02;;266,879;266,253;5,1728918;19,21300;1,51500;0,01900;0,0858889;;42,92;248,00;;;
;;249;19,27200;1,48500;0,027000;87,900;91,78;-28,6901;0,000;101,052;35,500;0,005;421,850;453,450;27,00;845,150;263,183;0,000;580,500;581,500;554,000;313,050;;;;;0,00;0,00;0,00;3,00;2,77;15,833;27,282;0,58;0,53;999998,00;999998,00;999998,00;999998,00;999998,00;999998,00;999998,00;999998,00;999998,00;999998,00;999998,00;999998,00;999998,00;999998,00;999998,00;;;;;;;;;;;;;;;;;506,7464;16,56935;62,8833;0,30745443;0,30745443;0,00306;1,47669;66,9516;19,947885;0,086059;23,826221;25,611000;0,0193;1,9232;2,64;262,75;0,00;0,45;38,46;;267,858;268,159;5,0943211;19,20000;1,53100;0,02100;0,0864498;;42,53;249,00;;;
;;250;19,27100;1,50300;0,029000;87,100;90,30;-28,8700;0,000;101,052;35,500;0,005;422,550;454,150;27,00;845,450;263,183;0,000;581,400;581,500;554,000;313,050;;;;;0,00;0,00;0,00;3,00;2,77;15,793;27,295;0,58;0,52;999998,00;999998,00;999998,00;999998,00;999998,00;999998,00;999998,00;999998,00;999998,00;999998,00;999998,00;999998,00;999998,00;999998,00;999998,00;;;;;;;;;;;;;;;;;510,6739;40,51325;180,7121;0,12671916;0,12671916;0,00234;3,61626;67,4622;19,840447;0,102325;23,737219;25,512384;0,0229;2,2779;2,66;265,03;0,00;0,46;38,76;;268,821;268,159;5,1338046;19,17700;1,55300;0,01700;0,0876017;;42,35;250,00;;;
;;251;19,25300;1,50600;0,006000;91,700;90,59;-29,0201;0,000;101,048;35,500;0,005;422,750;454,250;26,90;845,150;263,183;0,000;580,700;581,400;553,900;313,050;;;;;0,00;0,00;0,00;3,00;2,77;15,805;27,303;0,58;0,52;999998,00;999998,00;999998,00;999998,00;999998,00;999998,00;999998,00;999998,00;999998,00;999998,00;999998,00;999998,00;999998,00;999998,00;999998,00;;;;;;;;;;;;;;;;;531,0194;18,04298;76,9737;0,29586792;0,29586792;0,00150;1,60251;67,9933;20,352806;0,099180;24,361733;26,176978;0,0228;2,2654;2,69;267,30;0,00;0,47;40,25;;269,825;270,157;5,3383378;19,15500;1,56600;0,01200;0,0888094;;42,20;251,00;;;
;;252;19,23100;1,50700;0,007000;92,450;90,90;-29,4200;0,000;101,048;35,500;0,005;422,950;454,250;26,90;845,183;263,183;0,000;580,900;581,300;553,900;313,050;;;;;0,00;0,00;0,00;3,00;2,77;15,805;27,293;0,58;0,53;999998,00;999998,00;999998,00;999998,00;999998,00;999998,00;999998,00;999998,00;999998,00;999998,00;999998,00;999998,00;999998,00;999998,00;999998,00;;;;;;;;;;;;;;;;;537,2776;19,52794;79,7824;0,27659098;0,27659098;0,00043;1,72757;68,5305;20,431035;0,095734;24,466941;26,277593;0,0221;2,1951;2,71;269,49;0,00;0,48;40,68;;270,874;270,157;5,4012515;19,14300;1,57200;0,00600;0,0895181;;41,80;252,00;;;
;;253;19,22000;1,50300;0,025000;85,300;91,61;-29,5400;0,000;101,052;35,500;0,005;423,250;454,850;26,90;845,183;263,183;0,000;580,900;581,300;553,900;313,050;;;;;0,00;0,00;0,00;3,00;2,77;15,786;27,287;0,58;0,53;999998,00;999998,00;999998,00;999998,00;999998,00;999998,00;999998,00;999998,00;999998,00;999998,00;999998,00;999998,00;999998,00;999998,00;999998,00;;;;;;;;;;;;;;;;;516,9713;42,41217;158,9545;0,12253825;0,12253825;-0,00080;3,74675;69,0475;19,618123;0,087887;23,510112;25,265385;0,0195;1,9375;2,73;271,43;0,00;0,46;39,10;;271,887;272,164;5,1971126;19,14100;1,57300;-0,00100;0,0897051;;41,68;253,00;;;
;;254;19,21900;1,49800;0,004000;85,425;91,62;-29,7101;0,000;101,052;35,500;0,005;424,150;456,250;26,90;845,117;263,183;0,000;580,800;581,300;553,800;313,050;;;;;0,00;0,00;0,00;3,00;2,78;15,799;27,306;0,58;0,53;999998,00;999998,00;999998,00;999998,00;999998,00;999998,00;999998,00;999998,00;999998,00;999998,00;999998,00;999998,00;999998,00;999998,00;999998,00;;;;;;;;;;;;;;;;;515,7375;34,57082;130,2274;0,14997355;0,14997355;0,00110;3,06034;69,5632;19,611653;0,087883;23,552333;25,334792;0,0195;1,9428;2,75;273,37;0,00;0,46;39,07;;272,849;272,164;5,1847088;19,14200;1,57300;0,01000;0,0895197;;41,51;254,00;;;
;;255;19,22200;1,50100;0,008000;88,375;92,25;-29,8700;0,000;101,048;35,500;0,005;424,650;457,250;26,90;845,183;263,183;0,000;581,100;581,200;553,800;313,050;;;;;0,00;0,00;0,00;3,00;2,78;15,833;27,293;0,58;0,53;999998,00;999998,00;999998,00;999998,00;999998,00;999998,00;999998,00;999998,00;999998,00;999998,00;999998,00;999998,00;999998,00;999998,00;999998,00;;;;;;;;;;;;;;;;;523,9381;17,90827;62,3188;0,29411825;0,29411825;0,00306;1,59043;70,0872;19,935659;0,080958;23,969666;25,809796;0,0183;1,8232;2,77;275,20;0,00;0,47;39,76;;273,818;274,111;5,2671501;19,14000;1,57700;0,02100;0,0894655;;41,35;255,00;;;
;;256;19,22900;1,50500;0,003000;86,775;92,00;-30,2600;0,000;101,050;35,500;0,005;425,350;458,150;26,90;844,950;263,183;0,000;580,500;581,200;553,700;313,050;;;;;0,00;0,00;0,00;3,00;2,78;15,801;27,317;0,58;0,53;999998,00;999998,00;999998,00;999998,00;999998,00;999998,00;999998,00;999998,00;999998,00;999998,00;999998,00;999998,00;999998,00;999998,00;999998,00;;;;;;;;;;;;;;;;;519,6522;18,11643;65,1773;0,28836060;0,28836060;0,00581;1,60716;70,6068;19,738108;0,083680;23,771262;25,604334;0,0188;1,8695;2,79;277,07;0,01;0,46;39,49;;274,787;274,111;5,2240634;19,13400;1,57800;0,03700;0,0896246;;40,96;256,00;;;
;;257;19,22800;1,50800;0,032000;89,125;91,06;-30,4100;0,000;101,050;35,500;0,005;425,750;458,650;26,90;844,683;263,183;0,000;579,800;581,100;553,700;313,050;;;;;0,00;0,00;0,00;3,00;2,78;15,837;27,303;0,58;0,53;999998,00;999998,00;999998,00;999998,00;999998,00;999998,00;999998,00;999998,00;999998,00;999998,00;999998,00;999998,00;999998,00;999998,00;999998,00;;;;;;;;;;;;;;;;;526,1922;47,00438;190,2530;0,11253866;0,11253866;0,00642;4,17151;71,1330;19,994193;0,094005;24,102318;25,964834;0,0214;2,1298;2,81;279,20;0,01;0,47;40,00;;275,752;276,064;5,2898100;19,13400;1,57800;0,04000;0,0895901;;40,81;257,00;;;
;;258;19,22300;1,51500;0,035000;93,375;90,99;-30,5701;0,000;101,050;35,500;0,005;426,150;459,050;26,90;844,450;263,183;0,000;579,200;581,000;553,700;313,050;;;;;0,00;0,00;0,00;3,00;2,78;15,843;27,306;0,58;0,53;999998,00;999998,00;999998,00;999998,00;999998,00;999998,00;999998,00;999998,00;999998,00;999998,00;999998,00;999998,00;999998,00;999998,00;999998,00;;;;;;;;;;;;;;;;;540,5156;16,93825;68,8980;0,32080078;0,32080078;0,00368;1,50693;71,6735;20,455755;0,094770;24,681882;26,587393;0,0221;2,1986;2,83;281,39;0,00;0,48;41,04;;276,751;276,064;5,4338034;19,12900;1,58800;0,02400;0,0899544;;40,65;258,00;;;
;;259;19,22000;1,53100;0,019000;88,675;91,24;-31,0000;0,000;101,050;35,500;0,005;426,650;460,050;26,90;844,250;263,183;0,000;578,700;581,000;553,600;313,050;;;;;0,00;0,00;0,00;3,00;2,78;15,809;27,317;0,58;0,53;999998,00;999998,00;999998,00;999998,00;999998,00;999998,00;999998,00;999998,00;999998,00;999998,00;999998,00;999998,00;999998,00;999998,00;999998,00;;;;;;;;;;;;;;;;;531,8043;17,86814;69,9973;0,29920451;0,29920451;0,00235;1,59805;72,2053;19,922606;0,092003;24,066790;25,950842;0,0209;2,0833;2,85;283,48;0,00;0,48;40,39;;277,752;278,017;5,3462287;19,11000;1,61200;0,01700;0,0908812;;40,22;259,00;;;
;;260;19,21300;1,55300;0,021000;87,575;91,18;-31,1301;0,000;101,050;35,500;0,005;427,050;460,450;26,90;844,350;263,183;0,000;579,100;580,900;553,600;313,050;;;;;0,00;0,00;0,00;3,00;2,78;15,793;27,290;0,58;0,53;999998,00;999998,00;999998,00;999998,00;999998,00;999998,00;999998,00;999998,00;999998,00;999998,00;999998,00;999998,00;999998,00;999998,00;999998,00;;;;;;;;;;;;;;;;;537,5142;42,92860;166,6218;0,12587484;0,12587484;0,00024;3,82368;72,7429;19,789378;0,092675;23,928261;25,799714;0,0210;2,0863;2,87;285,56;0,00;0,48;40,75;;278,740;278,017;5,4036303;19,08100;1,63300;0,00500;0,0924898;;40,09;260,00;;;
;;261;19,20000;1,56600;0,017000;92,700;90,48;-31,3000;0,000;101,042;35,500;0,005;427,150;460,150;26,90;844,283;263,183;0,000;578,900;580,900;553,600;313,050;;;;;0,00;0,00;0,00;3,00;2,78;15,784;27,295;0,58;0,52;999998,00;999998,00;999998,00;999998,00;999998,00;999998,00;999998,00;999998,00;999998,00;999998,00;999998,00;999998,00;999998,00;999998,00;999998,00;;;;;;;;;;;;;;;;;559,8150;37,54579;155,7998;0,14989217;0,14989217;0,00007;3,31987;73,3027;20,357812;0,100374;24,621345;26,523497;0,0234;2,3230;2,89;287,89;0,00;0,50;42,39;;279,774;280,069;5,6278206;19,06000;1,64100;0,00400;0,0936487;;39,92;261,00;;;
;;262;19,17700;1,57200;0,012000;88,300;91,81;-31,4600;0,000;101,050;35,500;0,005;427,650;460,750;26,90;844,117;263,183;0,000;578,400;580,900;553,600;313,050;;;;;0,00;0,00;0,00;3,00;2,79;15,788;27,319;0,58;0,53;999998,00;999998,00;999998,00;999998,00;999998,00;999998,00;999998,00;999998,00;999998,00;999998,00;999998,00;999998,00;999998,00;999998,00;999998,00;;;;;;;;;;;;;;;;;544,2667;19,03431;67,8324;0,28745524;0,28745524;0,00077;1,68010;73,8469;19,857179;0,085808;24,043977;25,904975;0,0195;1,9396;2,91;289,83;0,00;0,48;41,22;;280,814;280,069;5,4715135;19,06600;1,63300;0,00800;0,0933405;;39,76;262,00;;;
;;263;19,15500;1,57300;0,006000;85,300;90,90;-31,8400;0,000;101,050;35,500;0,005;428,250;462,050;26,90;844,150;263,183;0,000;578,600;580,800;553,600;313,050;;;;;0,00;0,00;0,00;3,00;2,79;15,749;27,306;0,58;0,52;999998,00;999998,00;999998,00;999998,00;999998,00;999998,00;999998,00;999998,00;999998,00;999998,00;999998,00;999998,00;999998,00;999998,00;999998,00;;;;;;;;;;;;;;;;;532,6967;18,67926;74,7198;0,28669230;0,28669230;0,00144;1,65352;74,3796;19,503262;0,095711;23,648571;25,515054;0,0214;2,1309;2,94;291,96;0,00;0,47;40,37;;281,793;282,094;5,3551998;19,07100;1,63200;0,01200;0,0930112;;39,38;263,00;;;
;;264;19,14300;1,57300;-0,001000;83,850;90,91;-32,0000;0,000;101,050;35,500;0,005;428,950;463,050;26,90;844,083;263,183;0,000;578,400;580,800;553,600;313,050;;;;;0,00;0,00;0,00;3,00;2,79;15,770;27,317;0,58;0,52;999998,00;999998,00;999998,00;999998,00;999998,00;999998,00;999998,00;999998,00;999998,00;999998,00;999998,00;999998,00;999998,00;999998,00;999998,00;;;;;;;;;;;;;;;;;529,4795;40,15796;160,3447;0,13254801;0,13254801;0,00194;3,57872;74,9091;19,321002;0,095648;23,465866;25,331318;0,0213;2,1141;2,96;294,07;0,00;0,47;40,19;;282,738;282,094;5,3228578;19,06200;1,64800;0,01500;0,0933249;;39,22;264,00;;;
;;265;19,14100;1,57700;0,010000;91,375;91,08;-32,1801;0,000;101,040;35,500;0,005;429,550;463,750;26,90;844,450;263,183;0,000;579,600;580,700;553,600;313,050;;;;;0,00;0,00;0,00;3,00;2,79;15,814;27,285;0,58;0,52;999998,00;999998,00;999998,00;999998,00;999998,00;999998,00;999998,00;999998,00;999998,00;999998,00;999998,00;999998,00;999998,00;999998,00;999998,00;;;;;;;;;;;;;;;;;557,9341;17,66276;68,5211;0,31755575;0,31755575;0,00362;1,57866;75,4670;20,155254;0,093730;24,513327;26,465035;0,0218;2,1645;2,98;296,24;0,00;0,50;42,41;;283,722;284,080;5,6089113;19,04000;1,66900;0,02400;0,0942799;;39,04;265,00;;;
;;266;19,14200;1,57800;0,021000;91,875;89,89;-32,5901;0,000;101,040;35,500;0,005;429,450;463,050;26,90;844,983;263,183;0,000;581,200;580,800;553,500;313,050;;;;;0,00;0,00;0,00;3,00;2,79;15,835;27,306;0,58;0,52;999998,00;999998,00;999998,00;999998,00;999998,00;999998,00;999998,00;999998,00;999998,00;999998,00;999998,00;999998,00;999998,00;999998,00;999998,00;;;;;;;;;;;;;;;;;569,9870;18,94493;82,1628;0,30245972;0,30245972;0,00381;1,69183;76,0370;20,212675;0,106904;24,577442;26,500371;0,0249;2,4720;3,00;298,71;0,00;0,51;43,33;;284,776;284,080;5,7300796;19,00400;1,69800;0,02500;0,0960608;;38,63;266,00;;;
;;267;19,14000;1,57800;0,037000;88,925;88,48;-32,7500;0,000;101,048;35,500;0,005;429,750;463,350;26,90;845,450;263,183;0,000;582,700;580,700;553,500;313,050;;;;;0,00;0,00;0,00;3,00;2,79;15,812;27,301;0,58;0,51;999998,00;999998,00;999998,00;999998,00;999998,00;999998,00;999998,00;999998,00;999998,00;999998,00;999998,00;999998,00;999998,00;999998,00;999998,00;;;;;;;;;;;;;;;;;570,1947;38,43496;188,1812;0,14913940;0,14913940;0,00182;3,41517;76,6072;19,878584;0,122681;24,188091;26,079236;0,0281;2,7917;3,03;301,50;0,00;0,51;43,27;;285,845;286,178;5,7321673;18,97400;1,71800;0,01400;0,0977268;;38,47;267,00;;;
;;268;19,13400;1,58800;0,040000;85,000;90,35;-32,9301;0,000;101,048;35,500;0,005;430,050;463,750;26,90;845,850;263,183;0,000;583,900;580,700;553,500;313,050;;;;;0,00;0,00;0,00;3,00;2,79;15,814;27,309;0,58;0,52;999998,00;999998,00;999998,00;999998,00;999998,00;999998,00;999998,00;999998,00;999998,00;999998,00;999998,00;999998,00;999998,00;999998,00;999998,00;;;;;;;;;;;;;;;;;558,2896;34,34787;139,4075;0,16340129;0,16340129;0,00384;3,04282;77,1655;19,428149;0,101796;23,656508;25,510304;0,0228;2,2659;3,05;303,77;0,00;0,50;42,40;;286,883;286,178;5,6124857;18,96900;1,71600;0,02600;0,0979077;;38,29;268,00;;;
;;269;19,13400;1,61200;0,024000;81,425;90,24;-33,1101;0,000;101,044;35,500;0,005;430,350;464,450;26,90;846,017;263,183;0,000;584,500;580,600;553,500;313,050;;;;;0,00;0,00;0,00;3,00;2,79;15,814;27,309;0,58;0,52;999998,00;999998,00;999998,00;999998,00;999998,00;999998,00;999998,00;999998,00;999998,00;999998,00;999998,00;999998,00;999998,00;999998,00;999998,00;;;;;;;;;;;;;;;;;544,1324;17,73838;73,2051;0,30838013;0,30838013;0,00342;1,57182;77,7096;19,008569;0,102954;23,161756;24,997044;0,0226;2,2456;3,08;306,01;0,00;0,48;41,32;;287,866;288,192;5,4701629;18,97700;1,71000;0,02400;0,0975272;;38,11;269,00;;;
;;270;19,12900;1,63300;0,017000;86,575;91,23;-33,5101;0,000;101,048;35,500;0,005;431,550;466,750;26,90;845,583;263,183;0,000;583,400;580,500;553,400;313,050;;;;;0,00;0,00;0,00;3,00;2,80;15,784;27,311;0,58;0,52;999998,00;999998,00;999998,00;999998,00;999998,00;999998,00;999998,00;999998,00;999998,00;999998,00;999998,00;999998,00;999998,00;999998,00;999998,00;;;;;;;;;;;;;;;;;560,5489;18,27777;67,7489;0,30830892;0,30830892;0,00145;1,62181;78,2702;19,573213;0,092055;23,916274;25,867040;0,0209;2,0777;3,10;308,09;0,00;0,50;42,52;;288,845;288,192;5,6351986;18,97800;1,71300;0,01200;0,0975707;;37,71;270,00;;;
;;271;19,11000;1,64100;0,005000;84,125;91,71;-33,6901;0,000;101,048;35,500;0,005;432,250;467,850;26,90;845,217;263,183;0,000;582,300;580,500;553,400;313,050;;;;;0,00;0,00;0,00;3,00;2,80;15,763;27,314;0,58;0,53;999998,00;999998,00;999998,00;999998,00;999998,00;999998,00;999998,00;999998,00;999998,00;999998,00;999998,00;999998,00;999998,00;999998,00;999998,00;;;;;;;;;;;;;;;;;554,6182;38,69680;135,0365;0,14408366;0,14408366;0,00006;3,42836;78,8248;19,278643;0,086853;23,594553;25,537793;0,0195;1,9354;3,12;310,02;0,00;0,49;42,03;;289,837;290,120;5,5755767;18,97100;1,71800;0,00400;0,0980173;;37,53;271,00;;;
;;272;19,08100;1,63300;0,004000;88,775;90,94;-33,8700;0,000;101,052;35,500;0,005;432,750;468,350;26,90;844,783;263,183;0,000;581,200;580,400;553,300;313,050;;;;;0,00;0,00;0,00;3,00;2,80;15,809;27,319;0,58;0,52;999998,00;999998,00;999998,00;999998,00;999998,00;999998,00;999998,00;999998,00;999998,00;999998,00;999998,00;999998,00;999998,00;999998,00;999998,00;;;;;;;;;;;;;;;;;570,9439;18,87201;72,1239;0,30413818;0,30413818;-0,00186;1,66550;79,3958;19,792846;0,095274;24,251890;26,246961;0,0219;2,1820;3,14;312,21;0,00;0,51;43,20;;290,841;290,120;5,7396991;18,96900;1,71600;-0,00700;0,0982830;;37,35;272,00;;;
;;273;19,06000;1,63200;0,008000;90,625;88,65;-34,2600;0,000;101,052;35,500;0,005;433,050;468,450;26,90;844,583;263,183;0,000;580,700;580,300;553,300;313,050;;;;;0,00;0,00;0,00;3,00;2,80;15,807;27,325;0,58;0,51;999998,00;999998,00;999998,00;999998,00;999998,00;999998,00;999998,00;999998,00;999998,00;999998,00;999998,00;999998,00;999998,00;999998,00;999998,00;;;;;;;;;;;;;;;;;574,2946;19,84915;96,5613;0,29086304;0,29086304;0,00112;1,75685;79,9701;19,991088;0,120753;24,511773;26,515507;0,0281;2,7938;3,17;315,00;0,00;0,51;43,54;;291,873;292,130;5,7733840;18,97300;1,71400;0,01000;0,0978767;;36,96;273,00;;;
;;274;19,06600;1,64800;0,012000;86,825;91,08;-34,4200;0,000;101,044;35,500;0,005;433,450;468,550;26,90;845,217;263,183;0,000;582,700;580,200;553,300;313,050;;;;;0,00;0,00;0,00;3,00;2,80;15,807;27,322;0,58;0,52;999998,00;999998,00;999998,00;999998,00;999998,00;999998,00;999998,00;999998,00;999998,00;999998,00;999998,00;999998,00;999998,00;999998,00;999998,00;;;;;;;;;;;;;;;;;564,1045;37,58352;141,3276;0,15088908;0,15088908;0,00075;3,34109;80,5342;19,558445;0,093691;24,003447;25,947202;0,0213;2,1212;3,19;317,12;0,00;0,50;42,79;;292,885;292,130;5,6709428;18,96400;1,72800;0,00800;0,0982706;;36,80;274,00;;;
;;275;19,07100;1,66900;0,015000;86,425;90,01;-34,6001;0,000;101,044;35,500;0,005;433,950;469,350;26,90;844,883;263,183;0,000;581,700;580,200;553,300;313,050;;;;;0,00;0,00;0,00;3,00;2,80;15,811;27,351;0,58;0,52;999998,00;999998,00;999998,00;999998,00;999998,00;999998,00;999998,00;999998,00;999998,00;999998,00;999998,00;999998,00;999998,00;999998,00;999998,00;;;;;;;;;;;;;;;;;567,8845;34,42807;144,6972;0,16582235;0,16582235;0,00282;3,06385;81,1020;19,502096;0,105543;23,961900;25,916621;0,0240;2,3868;3,21;319,51;0,00;0,51;43,14;;293,878;294,158;5,7089433;18,94200;1,74600;0,02000;0,0992258;;36,62;275,00;;;
;;276;19,06200;1,69800;0,024000;91,575;88,87;-34,7800;0,000;101,052;35,500;0,005;434,150;469,150;26,90;844,550;263,183;0,000;580,900;580,100;553,200;313,050;;;;;0,00;0,00;0,00;3,00;2,80;15,795;27,327;0,58;0,51;999998,00;999998,00;999998,00;999998,00;999998,00;999998,00;999998,00;999998,00;999998,00;999998,00;999998,00;999998,00;999998,00;999998,00;999998,00;;;;;;;;;;;;;;;;;591,1774;20,43838;95,1733;0,29078166;0,29078166;0,00077;1,81816;81,6932;20,070121;0,118338;24,671189;26,660113;0,0277;2,7529;3,24;322,26;0,00;0,53;44,86;;294,913;294,158;5,9431064;18,92100;1,76500;0,00800;0,1003833;;36,44;276,00;;;
;;277;19,04000;1,71800;0,025000;85,850;89,27;-35,1500;0,000;101,052;35,500;0,005;434,350;469,250;26,90;844,383;263,183;0,000;580,400;580,100;553,200;313,050;;;;;0,00;0,00;0,00;3,00;2,80;15,830;27,298;0,58;0,51;999998,00;999998,00;999998,00;999998,00;999998,00;999998,00;999998,00;999998,00;999998,00;999998,00;999998,00;999998,00;999998,00;999998,00;999998,00;;;;;;;;;;;;;;;;;575,6864;20,01204;89,0942;0,28919474;0,28919474;0,00229;1,77480;82,2689;19,428160;0,113791;23,893060;25,812866;0,0258;2,5630;3,27;324,82;0,00;0,51;43,71;;295,955;296,163;5,7873758;18,90800;1,77000;0,01700;0,1009900;;36,07;277,00;;;
;;278;19,00400;1,71600;0,014000;83,475;88,21;-35,3301;0,000;101,046;35,500;0,005;434,750;470,050;26,90;844,083;263,183;0,000;579,500;580,100;553,200;313,050;;;;;0,00;0,00;0,00;3,00;2,81;15,822;27,317;0,58;0,50;999998,00;999998,00;999998,00;999998,00;999998,00;999998,00;999998,00;999998,00;999998,00;999998,00;999998,00;999998,00;999998,00;999998,00;999998,00;;;;;;;;;;;;;;;;;568,2722;36,63851;180,2326;0,15592448;0,15592448;0,00310;3,24817;82,8372;19,148724;0,125710;23,571093;25,484973;0,0281;2,7955;3,29;327,62;0,00;0,51;43,16;;296,947;296,163;5,7128408;18,90400;1,77200;0,02200;0,1011462;;35,89;278,00;;;
;;279;18,97400;1,71000;0,026000;84,550;89,36;-35,5302;0,000;101,046;35,400;0,005;435,650;471,750;26,90;843,917;263,183;0,000;579,100;580,000;553,200;313,050;;;;;0,00;0,00;0,00;3,00;2,81;15,807;27,338;0,57;0,51;999998,00;999998,00;999998,00;999998,00;999998,00;999998,00;999998,00;999998,00;999998,00;999998,00;999998,00;999998,00;999998,00;999998,00;999998,00;;;;;;;;;;;;;;;;;572,9354;17,37087;76,7568;0,33157349;0,33157349;-0,00079;1,53836;83,4101;19,251713;0,112829;23,746924;25,714706;0,0255;2,5316;3,32;330,15;0,00;0,51;43,41;;297,928;298,157;5,7597193;18,90300;1,77500;-0,00100;0,1014317;;35,69;279,00;;;
;;280;18,96900;1,71300;0,024000;84,950;88,82;-35,9500;0,000;101,046;35,400;0,005;436,150;472,350;26,90;844,017;263,183;0,000;579,400;580,000;553,200;313,050;;;;;0,00;0,00;0,00;3,00;2,81;15,784;27,327;0,57;0,51;999998,00;999998,00;999998,00;999998,00;999998,00;999998,00;999998,00;999998,00;999998,00;999998,00;999998,00;999998,00;999998,00;999998,00;999998,00;;;;;;;;;;;;;;;;;574,1187;18,13156;84,5242;0,31831868;0,31831868;0,00108;1,60714;83,9842;19,286134;0,118916;23,816686;25,793446;0,0269;2,6764;3,35;332,83;0,00;0,51;43,56;;298,913;298,157;5,7716150;18,90000;1,77700;0,01000;0,1014610;;35,27;280,00;;;
;;281;18,97700;1,71800;0,012000;86,450;90,10;-36,1301;0,000;101,046;35,400;0,005;436,650;473,050;26,90;843,850;263,183;0,000;579,100;579,900;553,100;313,050;;;;;0,00;0,00;0,00;3,00;2,81;15,826;27,322;0,57;0,51;999998,00;999998,00;999998,00;999998,00;999998,00;999998,00;999998,00;999998,00;999998,00;999998,00;999998,00;999998,00;999998,00;999998,00;999998,00;;;;;;;;;;;;;;;;;580,3248;36,44317;149,2741;0,16008504;0,16008504;-0,00182;3,22008;84,5646;19,444519;0,104601;24,039805;26,043809;0,0239;2,3771;3,37;335,20;0,00;0,52;43,94;;299,903;300,139;5,8340057;18,89900;1,77600;-0,00700;0,1017238;;35,09;281,00;;;
;;282;18,97800;1,71600;0,004000;83,375;89,57;-36,3101;0,000;101,046;35,400;0,005;437,050;473,250;26,90;844,050;263,183;0,000;579,700;579,900;553,100;313,050;;;;;0,00;0,00;0,00;3,00;2,81;15,786;27,303;0,57;0,51;999998,00;999998,00;999998,00;999998,00;999998,00;999998,00;999998,00;999998,00;999998,00;999998,00;999998,00;999998,00;999998,00;999998,00;999998,00;;;;;;;;;;;;;;;;;568,8467;35,21220;152,5359;0,16240438;0,16240438;-0,00162;3,09952;85,1334;19,086830;0,110421;23,619200;25,575533;0,0248;2,4642;3,39;337,67;0,00;0,50;43,04;;300,877;300,139;5,7186154;18,90300;1,76700;-0,00600;0,1015789;;34,91;282,00;;;
;;283;18,97100;1,71400;-0,007000;85,675;89,67;-36,4900;0,000;101,056;35,400;0,005;437,650;473,950;26,90;845,083;263,183;0,000;582,800;579,900;553,100;313,050;;;;;0,00;0,00;0,00;3,00;2,81;15,837;27,333;0,57;0,51;999998,00;999998,00;999998,00;999998,00;999998,00;999998,00;999998,00;999998,00;999998,00;999998,00;999998,00;999998,00;999998,00;999998,00;999998,00;;;;;;;;;;;;;;;;;572,4458;19,02602;82,3176;0,30246989;0,30246989;-0,00181;1,67413;85,7059;19,335038;0,109396;23,959195;25,946443;0,0249;2,4767;3,42;340,15;0,00;0,51;43,30;;301,830;302,091;5,7547976;18,91700;1,75500;-0,00700;0,1009022;;34,73;283,00;;;
;;284;18,96900;1,72800;0,010000;84,250;90,39;-36,8800;0,000;101,046;35,500;0,005;438,050;474,650;26,90;845,517;263,183;0,000;584,200;579,800;553,100;313,050;;;;;0,00;0,00;0,00;3,00;2,81;15,767;27,322;0,57;0,51;999998,00;999998,00;999998,00;999998,00;999998,00;999998,00;999998,00;999998,00;999998,00;999998,00;999998,00;999998,00;999998,00;999998,00;999998,00;;;;;;;;;;;;;;;;;564,2969;18,75014;75,6450;0,30255127;0,30255127;0,00091;1,66088;86,2701;19,164812;0,101299;23,769963;25,755994;0,0229;2,2766;3,44;342,42;0,00;0,50;42,80;;302,769;302,091;5,6728772;18,92300;1,75700;0,00900;0,1003449;;34,34;284,00;;;
;;285;18,97300;1,74600;0,008000;88,825;89,99;-37,0601;0,000;101,046;35,500;0,005;438,550;474,850;26,90;845,217;263,190;0,000;583,300;579,800;553,100;313,050;;;;;0,00;0,00;0,00;3,00;2,81;15,780;27,343;0,57;0,51;999998,00;999998,00;999998,00;999998,00;999998,00;999998,00;999998,00;999998,00;999998,00;999998,00;999998,00;999998,00;999998,00;999998,00;999998,00;;;;;;;;;;;;;;;;;580,5108;40,95737;172,1663;0,14248657;0,14248657;0,00336;3,66344;86,8507;19,667062;0,105762;24,420743;26,442115;0,0245;2,4402;3,47;344,86;0,00;0,52;44,16;;303,715;304,017;5,8358751;18,91200;1,77800;0,02300;0,1005957;;34,16;285,00;;;
;;286;18,96400;1,76500;0,020000;90,175;90,90;-37,2400;0,000;101,056;35,500;0,005;438,850;474,950;26,90;844,950;263,190;0,000;582,500;579,800;553,100;313,050;;;;;0,00;0,00;0,00;3,00;2,82;15,811;27,338;0,57;0,52;999998,00;999998,00;999998,00;999998,00;999998,00;999998,00;999998,00;999998,00;999998,00;999998,00;999998,00;999998,00;999998,00;999998,00;999998,00;;;;;;;;;;;;;;;;;592,5337;18,42405;69,1701;0,32331340;0,32331340;0,00321;1,64118;87,4432;19,809179;0,095705;24,614036;26,638798;0,0224;2,2246;3,49;347,09;0,00;0,53;45,04;;304,704;304,017;5,9567413;18,88600;1,79400;0,02200;0,1019568;;33,98;286,00;;;
;;287;18,94200;1,77000;0,008000;85,650;90,42;-37,6600;0,000;101,048;35,400;0,005;438,950;474,950;26,90;844,650;263,190;0,000;581,800;579,700;553,000;313,050;;;;;0,00;0,00;0,00;3,00;2,82;15,803;27,349;0,57;0,51;999998,00;999998,00;999998,00;999998,00;999998,00;999998,00;999998,00;999998,00;999998,00;999998,00;999998,00;999998,00;999998,00;999998,00;999998,00;;;;;;;;;;;;;;;;;581,4019;19,75419;77,7778;0,29587809;0,29587809;0,00466;1,75357;88,0246;19,303568;0,101062;23,991253;25,958869;0,0230;2,2891;3,51;349,38;0,00;0,52;44,21;;305,687;305,947;5,8448332;18,87100;1,80000;0,03100;0,1026700;;33,56;287,00;;;
;;288;18,92100;1,77200;0,017000;80,850;91,18;-37,8000;0,000;101,048;35,400;0,005;439,550;475,850;27,00;844,683;263,190;0,000;581,900;579,700;553,000;313,050;;;;;0,00;0,00;0,00;3,00;2,82;15,868;27,335;0,57;0,52;999998,00;999998,00;999998,00;999998,00;999998,00;999998,00;999998,00;999998,00;999998,00;999998,00;999998,00;999998,00;999998,00;999998,00;999998,00;;;;;;;;;;;;;;;;;564,5509;39,83702;143,9742;0,14246623;0,14246623;0,00469;3,53191;88,5891;18,742059;0,092601;23,325226;25,251527;0,0205;2,0403;3,53;351,42;0,00;0,50;42,93;;306,615;305,947;5,6754307;18,87100;1,79800;0,03200;0,1026813;;33,42;288,00;;;
;;289;18,90800;1,77500;0,022000;83,350;90,86;-37,9900;0,000;101,044;35,400;0,005;440,150;477,150;27,00;844,383;263,190;0,000;581,100;579,600;553,000;313,050;;;;;0,00;0,00;0,00;3,00;2,82;15,801;27,319;0,57;0,52;999998,00;999998,00;999998,00;999998,00;999998,00;999998,00;999998,00;999998,00;999998,00;999998,00;999998,00;999998,00;999998,00;999998,00;999998,00;;;;;;;;;;;;;;;;;571,2377;33,61673;126,9068;0,17082723;0,17082723;0,00375;2,98019;89,1604;19,016645;0,096196;23,699264;25,691478;0,0217;2,1565;3,55;353,57;0,00;0,51;43,41;;307,519;307,818;5,7426521;18,87800;1,79300;0,02600;0,1023938;;33,23;289,00;;;
;;290;18,90400;1,77700;-0,001000;86,550;91,57;-38,1700;0,000;101,048;35,400;0,005;440,850;478,150;27,00;844,417;263,190;0,000;581,200;579,600;553,000;313,050;;;;;0,00;0,00;0,00;3,00;2,82;15,816;27,317;0,57;0,52;999998,00;999998,00;999998,00;999998,00;999998,00;999998,00;999998,00;999998,00;999998,00;999998,00;999998,00;999998,00;999998,00;999998,00;999998,00;;;;;;;;;;;;;;;;;582,1823;19,08138;66,2953;0,30672201;0,30672201;0,00006;1,68809;89,7426;19,362862;0,088430;24,169111;26,214042;0,0203;2,0227;3,57;355,60;0,00;0,52;44,13;;308,448;307,818;5,8526789;18,88100;1,79100;0,00400;0,1024888;;33,05;290,00;;;
;;291;18,90300;1,77600;0,010000;85,300;90,40;-38,5701;0,000;101,044;35,400;0,005;441,450;479,150;27,00;844,150;263,190;0,000;580,600;579,500;552,900;313,050;;;;;0,00;0,00;0,00;3,00;2,82;15,757;27,319;0,57;0,51;999998,00;999998,00;999998,00;999998,00;999998,00;999998,00;999998,00;999998,00;999998,00;999998,00;999998,00;999998,00;999998,00;999998,00;999998,00;;;;;;;;;;;;;;;;;577,2928;18,47386;73,6892;0,31414795;0,31414795;-0,00011;1,63046;90,3199;19,209461;0,101264;24,010266;26,060752;0,0231;2,3027;3,60;357,90;0,00;0,51;43,74;;309,380;309,649;5,8035244;18,88300;1,78600;0,00300;0,1024390;;32,65;291,00;;;
;;292;18,90000;1,76700;-0,007000;86,900;91,45;-38,7600;0,000;101,048;35,400;0,005;441,850;479,350;27,00;843,683;263,190;0,000;579,200;579,500;552,900;313,050;;;;;0,00;0,00;0,00;3,00;2,82;15,807;27,330;0,57;0,52;999998,00;999998,00;999998,00;999998,00;999998,00;999998,00;999998,00;999998,00;999998,00;999998,00;999998,00;999998,00;999998,00;999998,00;999998,00;;;;;;;;;;;;;;;;;580,9411;39,39311;139,6250;0,14825439;0,14825439;-0,00011;3,46957;90,9008;19,380006;0,089716;24,245382;26,303098;0,0207;2,0591;3,62;359,96;0,00;0,51;44,00;;310,304;309,649;5,8402012;18,88900;1,77800;0,00300;0,1021764;;32,46;292,00;;;
;;293;18,89900;1,75500;-0,006000;87,200;91,03;-38,9399;0,000;101,046;35,400;0,005;442,250;479,550;27,00;843,450;263,190;0,000;578,500;579,500;552,900;313,050;;;;;0,00;0,00;0,00;3,00;2,82;15,780;27,330;0,57;0,51;999998,00;999998,00;999998,00;999998,00;999998,00;999998,00;999998,00;999998,00;999998,00;999998,00;999998,00;999998,00;999998,00;999998,00;999998,00;;;;;;;;;;;;;;;;;579,7984;18,50550;69,2027;0,31497192;0,31497192;-0,00199;1,63423;91,4806;19,404648;0,094310;24,298188;26,347531;0,0218;2,1682;3,64;362,13;0,00;0,51;43,89;;311,225;311,484;5,8287133;18,89700;1,77700;-0,00800;0,1018415;;32,28;293,00;;;
;;294;18,90300;1,75700;-0,007000;83,775;89,87;-39,3500;0,000;101,046;35,400;0,005;442,650;479,950;27,00;843,117;263,190;0,000;577,700;579,400;552,800;313,050;;;;;0,00;0,00;0,00;3,00;2,83;15,811;27,338;0,57;0,51;999998,00;999998,00;999998,00;999998,00;999998,00;999998,00;999998,00;999998,00;999998,00;999998,00;999998,00;999998,00;999998,00;999998,00;999998,00;;;;;;;;;;;;;;;;;570,0975;18,83458;79,7666;0,30429077;0,30429077;-0,00044;1,66686;92,0507;19,011151;0,107105;23,826989;25,834775;0,0243;2,4144;3,66;364,54;0,00;0,51;43,21;;312,122;311,484;5,7311904;18,88700;1,78700;0,00100;0,1022149;;31,87;294,00;;;
;;295;18,91700;1,77800;0,009000;86,575;90,16;-39,5101;0,000;101,046;35,400;0,005;442,850;479,450;27,00;842,983;263,190;0,000;577,300;579,400;552,800;313,050;;;;;0,00;0,00;0,00;3,00;2,83;15,788;27,341;0,57;0,51;999998,00;999998,00;999998,00;999998,00;999998,00;999998,00;999998,00;999998,00;999998,00;999998,00;999998,00;999998,00;999998,00;999998,00;999998,00;;;;;;;;;;;;;;;;;585,3433;50,06626;203,3433;0,11753337;0,11753337;-0,00045;4,43880;92,6360;19,321879;0,103873;24,227371;26,229678;0,0239;2,3774;3,69;366,92;0,00;0,52;44,38;;313,023;313,322;5,8844560;18,86500;1,80800;0,00100;0,1032720;;31,71;295,00;;;
;;296;18,92300;1,79400;0,023000;87,600;90,05;-39,6700;0,000;101,038;35,400;0,005;443,050;479,350;27,00;842,983;263,190;0,000;577,300;579,400;552,800;313,050;;;;;0,00;0,00;0,00;3,00;2,83;15,786;27,343;0,57;0,51;999998,00;999998,00;999998,00;999998,00;999998,00;999998,00;999998,00;999998,00;999998,00;999998,00;999998,00;999998,00;999998,00;999998,00;999998,00;;;;;;;;;;;;;;;;;593,3929;19,09108;77,7938;0,31246948;0,31246948;0,00281;1,69433;93,2294;19,431535;0,105075;24,375870;26,373035;0,0243;2,4180;3,71;369,34;0,00;0,53;45,08;;313,956;313,322;5,9653790;18,84400;1,82400;0,02000;0,1041121;;31,55;296,00;;;
;;297;18,91200;1,80000;0,022000;87,100;89,71;-40,0901;0,000;101,046;35,400;0,005;443,150;479,550;27,00;843,250;263,190;0,000;578,100;579,400;552,800;313,050;;;;;0,00;0,00;0,00;3,00;2,83;15,749;27,341;0,57;0,51;999998,00;999998,00;999998,00;999998,00;999998,00;999998,00;999998,00;999998,00;999998,00;999998,00;999998,00;999998,00;999998,00;999998,00;999998,00;;;;;;;;;;;;;;;;;595,1009;19,77833;83,0811;0,30248006;0,30248006;0,00400;1,75097;93,8245;19,373814;0,108907;24,308948;26,305665;0,0251;2,4998;3,74;371,84;0,00;0,53;45,23;;314,900;315,187;5,9825491;18,83100;1,83000;0,02700;0,1047301;;31,13;297,00;;;
;;298;18,88600;1,79800;0,031000;86,150;90,00;-40,2400;0,000;101,046;35,400;0,005;443,850;480,250;27,00;843,283;263,190;0,000;578,100;579,500;552,800;313,050;;;;;0,00;0,00;0,00;3,00;2,83;15,812;27,375;0,57;0,51;999998,00;999998,00;999998,00;999998,00;999998,00;999998,00;999998,00;999998,00;999998,00;999998,00;999998,00;999998,00;999998,00;999998,00;999998,00;;;;;;;;;;;;;;;;;591,1886;38,78658;158,4473;0,15322876;0,15322876;0,00465;3,43295;94,4157;19,252670;0,105723;24,195102;26,179336;0,0243;2,4151;3,76;374,25;0,00;0,53;44,94;;315,834;315,187;5,9432194;18,83100;1,82900;0,03100;0,1046963;;30,98;298,00;;;
;;299;18,87100;1,79300;0,032000;82,750;89,31;-40,4399;0,000;101,050;35,300;0,005;444,250;481,250;27,00;843,450;263,190;0,000;578,600;579,400;552,900;313,050;;;;;0,00;0,00;0,00;3,00;2,83;15,788;27,349;0,57;0,50;999998,00;999998,00;999998,00;999998,00;999998,00;999998,00;999998,00;999998,00;999998,00;999998,00;999998,00;999998,00;999998,00;999998,00;999998,00;;;;;;;;;;;;;;;;;578,6663;31,86066;140,0331;0,18258667;0,18258667;0,00223;2,82387;94,9944;18,860435;0,113418;23,723536;25,699385;0,0256;2,5433;3,79;376,79;0,00;0,52;43,94;;316,734;317,004;5,8173327;18,83500;1,83000;0,01700;0,1046077;;30,78;299,00;;;
;;300;18,87100;1,79100;0,026000;82,750;89,59;-40,6301;0,000;101,050;35,300;0,005;444,750;481,850;27,00;843,550;263,190;0,000;578,800;579,500;552,900;313,050;;;;;0,00;0,00;0,00;3,00;2,83;15,845;27,343;0,57;0,50;999998,00;999998,00;999998,00;999998,00;999998,00;999998,00;999998,00;999998,00;999998,00;999998,00;999998,00;999998,00;999998,00;999998,00;999998,00;;;;;;;;;;;;;;;;;581,0702;19,09242;81,3153;0,30595907;0,30595907;-0,00144;1,68802;95,5755;18,849831;0,110286;23,736883;25,716957;0,0249;2,4748;3,81;379,27;0,00;0,52;44,02;;317,611;317,004;5,8414983;18,83000;1,83400;-0,00500;0,1051049;;30,59;300,00;;;
;;301;18,87800;1,78600;0,004000;87,675;90,07;-41,0201;0,000;101,042;35,400;0,005;444,950;481,850;27,00;843,817;263,190;0,000;579,600;579,500;552,900;313,050;;;;;0,00;0,00;0,00;3,00;2,83;15,826;27,343;0,57;0,51;999998,00;999998,00;999998,00;999998,00;999998,00;999998,00;999998,00;999998,00;999998,00;999998,00;999998,00;999998,00;999998,00;999998,00;999998,00;;;;;;;;;;;;;;;;;598,3195;19,66965;79,6135;0,30579631;0,30579631;-0,00062;1,73806;96,1738;19,398302;0,104869;24,438537;26,465240;0,0243;2,4217;3,84;381,69;0,00;0,53;45,35;;318,515;318,808;6,0149063;18,82800;1,83400;0,00000;0,1051661;;30,20;301,00;;;
;;302;18,88100;1,77800;0,003000;84,525;90,75;-41,2101;0,000;101,050;35,300;0,005;445,150;481,850;27,00;843,750;263,190;0,000;579,400;579,500;552,900;313,150;;;;;0,00;0,00;0,00;3,00;2,83;15,801;27,346;0,57;0,51;999998,00;999998,00;999998,00;999998,00;999998,00;999998,00;999998,00;999998,00;999998,00;999998,00;999998,00;999998,00;999998,00;999998,00;999998,00;;;;;;;;;;;;;;;;;585,7148;36,43665;137,3671;0,16160075;0,16160075;0,00006;3,22136;96,7595;19,042363;0,097409;24,000898;25,979630;0,0222;2,2082;3,86;383,90;0,00;0,52;44,41;;319,421;318,808;5,8881904;18,83300;1,83000;0,00400;0,1048720;;30,01;302,00;;;
;;303;18,88300;1,77700;0,003000;83,875;90,06;-41,4100;0,000;101,050;35,300;0,005;445,450;482,350;27,00;843,583;263,190;0,000;578,900;579,500;552,900;313,050;;;;;0,00;0,00;0,00;3,00;2,84;15,774;27,365;0,57;0,51;999998,00;999998,00;999998,00;999998,00;999998,00;999998,00;999998,00;999998,00;999998,00;999998,00;999998,00;999998,00;999998,00;999998,00;999998,00;;;;;;;;;;;;;;;;;581,3059;18,16753;74,1769;0,32166545;0,32166545;0,00056;1,60438;97,3408;18,962615;0,105031;23,916491;25,897675;0,0239;2,3734;3,88;386,27;0,00;0,52;44,08;;320,292;320,597;5,8438679;18,84000;1,82200;0,00700;0,1045168;;29,81;303,00;;;
;;304;18,88900;1,78700;-0,008000;83,825;90,93;-41,8101;0,000;101,044;35,400;0,005;445,950;483,050;27,00;843,483;263,190;0,000;578,600;579,500;552,900;313,050;;;;;0,00;0,00;0,00;3,00;2,84;15,807;27,338;0,57;0,51;999998,00;999998,00;999998,00;999998,00;999998,00;999998,00;999998,00;999998,00;999998,00;999998,00;999998,00;999998,00;999998,00;999998,00;999998,00;;;;;;;;;;;;;;;;;578,3190;20,10850;75,0168;0,28912354;0,28912354;0,00023;1,77340;97,9191;18,946332;0,095418;23,922776;25,912988;0,0217;2,1575;3,90;388,43;0,00;0,51;43,83;;321,146;320,597;5,8138412;18,85000;1,81200;0,00500;0,1040640;;29,41;304,00;;;
;;305;18,89700;1,80800;0,001000;85,000;90,96;-41,9600;0,000;101,050;35,400;0,005;446,550;483,850;27,00;843,550;263,190;0,000;578,800;579,500;552,900;313,050;;;;;0,00;0,00;0,00;3,00;2,84;15,849;27,354;0,57;0,51;999998,00;999998,00;999998,00;999998,00;999998,00;999998,00;999998,00;999998,00;999998,00;999998,00;999998,00;999998,00;999998,00;999998,00;999998,00;;;;;;;;;;;;;;;;;576,4042;40,20266;151,0591;0,14413452;0,14413452;0,00141;3,54535;98,4955;19,065836;0,095028;24,106059;26,119621;0,0218;2,1658;3,93;390,60;0,00;0,51;43,71;;321,986;322,290;5,7945919;18,86900;1,79500;0,01200;0,1030592;;29,26;305,00;;;
;;306;18,88700;1,82400;0,001000;86,850;90,05;-42,1400;0,000;101,052;35,400;0,005;446,650;483,750;27,00;843,717;263,190;0,000;579,300;579,500;552,900;313,050;;;;;0,00;0,00;0,00;3,00;2,84;15,759;27,370;0,57;0,51;999998,00;999998,00;999998,00;999998,00;999998,00;999998,00;999998,00;999998,00;999998,00;999998,00;999998,00;999998,00;999998,00;999998,00;999998,00;;;;;;;;;;;;;;;;;576,7633;35,30421;148,1108;0,16423543;0,16423543;0,00261;3,11962;99,0723;19,270043;0,105064;24,369706;26,393922;0,0243;2,4197;3,95;393,01;0,00;0,51;43,78;;322,818;322,290;5,7982015;18,88800;1,78100;0,01900;0,1020202;;29,08;306,00;;;
;;307;18,86500;1,83000;0,020000;84,450;90,12;-42,3201;0,000;101,052;35,400;0,005;446,750;483,750;27,00;843,250;263,190;0,000;577,900;579,500;552,900;313,050;;;;;0,00;0,00;0,00;3,00;2,84;15,811;27,338;0,57;0,51;999998,00;999998,00;999998,00;999998,00;999998,00;999998,00;999998,00;999998,00;999998,00;999998,00;999998,00;999998,00;999998,00;999998,00;999998,00;;;;;;;;;;;;;;;;;568,7111;18,58991;77,4211;0,30754598;0,30754598;0,00291;1,65486;99,6410;18,999798;0,104305;24,033323;26,023771;0,0238;2,3685;3,97;395,38;0,00;0,51;43,22;;323,632;323,921;5,7172524;18,88500;1,79400;0,02100;0,1020270;;28,90;307,00;;;
;;308;18,84400;1,82900;0,027000;87,350;89,60;-42,7201;0,000;101,052;35,400;0,005;446,750;483,150;27,00;843,217;263,190;0,000;577,800;579,500;552,900;313,050;;;;;0,00;0,00;0,00;3,00;2,84;15,809;27,362;0,57;0,50;999998,00;999998,00;999998,00;999998,00;999998,00;999998,00;999998,00;999998,00;999998,00;999998,00;999998,00;999998,00;999998,00;999998,00;999998,00;;;;;;;;;;;;;;;;;585,0833;18,77362;81,5314;0,31330363;0,31330363;0,00399;1,67948;100,2261;19,323269;0,110162;24,442490;26,433998;0,0255;2,5409;4,00;397,92;0,00;0,53;44,53;;324,454;323,921;5,8818423;18,85800;1,82300;0,02700;0,1032203;;28,50;308,00;;;
;;309;18,83100;1,83000;0,031000;85,425;89,79;-42,9100;0,000;101,054;35,400;0,005;446,450;481,950;27,00;843,183;263,190;0,000;577,800;579,400;552,900;313,150;;;;;0,00;0,00;0,00;3,00;2,84;15,803;27,357;0,57;0,50;999998,00;999998,00;999998,00;999998,00;999998,00;999998,00;999998,00;999998,00;999998,00;999998,00;999998,00;999998,00;999998,00;999998,00;999998,00;;;;;;;;;;;;;;;;;586,0266;38,42240;161,1544;0,15333049;0,15333049;0,00462;3,42534;100,8121;19,115582;0,107991;24,163543;26,084936;0,0247;2,4580;4,03;400,38;0,00;0,53;44,60;;325,299;325,561;5,8913256;18,83200;1,83900;0,03100;0,1045245;;28,31;309,00;;;
;;310;18,83100;1,83400;0,017000;78,725;88,46;-43,1001;0,000;101,054;35,400;0,005;446,250;481,550;27,00;843,250;263,190;0,000;577,900;579,500;552,900;313,050;;;;;0,00;0,00;0,00;3,00;2,84;15,795;27,375;0,57;0,50;999998,00;999998,00;999998,00;999998,00;999998,00;999998,00;999998,00;999998,00;999998,00;999998,00;999998,00;999998,00;999998,00;999998,00;999998,00;;;;;;;;;;;;;;;;;565,8363;17,40933;82,6133;0,32674154;0,32674154;0,00395;1,54602;101,3779;18,354757;0,122961;23,191410;25,025934;0,0270;2,6851;4,05;403,07;0,00;0,51;43,03;;326,108;325,561;5,6883523;18,82200;1,84200;0,02800;0,1051129;;28,12;310,00;;;
;;311;18,83500;1,83400;-0,005000;82,625;90,08;-43,5201;0,000;101,054;35,400;0,005;446,650;482,150;27,00;843,317;263,190;0,000;578,100;579,500;552,900;313,050;;;;;0,00;0,00;0,00;3,00;2,85;15,816;27,367;0,57;0,51;999998,00;999998,00;999998,00;999998,00;999998,00;999998,00;999998,00;999998,00;999998,00;999998,00;999998,00;999998,00;999998,00;999998,00;999998,00;;;;;;;;;;;;;;;;;581,4394;18,95894;76,4862;0,30830892;0,30830892;0,00089;1,67966;101,9594;18,795484;0,104770;23,769558;25,658777;0,0236;2,3457;4,08;405,41;0,00;0,52;44,12;;326,904;327,222;5,8452103;18,81900;1,84400;0,00900;0,1054811;;27,70;311,00;;;
;;312;18,83000;1,83000;0,000000;83,050;89,37;-43,6801;0,000;101,046;35,400;0,005;447,150;483,050;27,00;843,483;263,190;0,000;578,600;579,500;552,900;313,150;;;;;0,00;0,00;0,00;3,00;2,85;15,809;27,362;0,57;0,50;999998,00;999998,00;999998,00;999998,00;999998,00;999998,00;999998,00;999998,00;999998,00;999998,00;999998,00;999998,00;999998,00;999998,00;999998,00;;;;;;;;;;;;;;;;;583,9285;48,62381;210,9191;0,12072754;0,12072754;0,00206;4,31716;102,5433;18,833222;0,112696;23,843947;25,758288;0,0255;2,5329;4,10;407,95;0,00;0,52;44,36;;327,723;327,222;5,8702333;18,81200;1,85200;0,01600;0,1057236;;27,54;312,00;;;
;;313;18,82800;1,82200;0,004000;83,575;90,01;-43,8500;0,000;101,054;35,400;0,005;447,550;483,350;27,00;843,817;263,190;0,000;579,600;579,500;552,900;313,050;;;;;0,00;0,00;0,00;3,00;2,85;15,793;27,335;0,57;0,51;999998,00;999998,00;999998,00;999998,00;999998,00;999998,00;999998,00;999998,00;999998,00;999998,00;999998,00;999998,00;999998,00;999998,00;999998,00;;;;;;;;;;;;;;;;;588,0388;17,86881;72,3455;0,33083089;0,33083089;0,00173;1,58668;103,1313;18,884211;0,105575;23,929888;25,844066;0,0239;2,3808;4,13;410,33;0,00;0,52;44,67;;328,549;328,867;5,9115545;18,80300;1,86000;0,01400;0,1061853;;27,37;313,00;;;
;;314;18,83300;1,81200;0,007000;85,475;89,78;-44,2900;0,000;101,054;35,400;0,005;447,750;483,650;27,00;844,150;263,190;0,000;580,600;579,500;552,900;313,150;;;;;0,00;0,00;0,00;3,00;2,85;15,816;27,365;0,57;0,51;999998,00;999998,00;999998,00;999998,00;999998,00;999998,00;999998,00;999998,00;999998,00;999998,00;999998,00;999998,00;999998,00;999998,00;999998,00;;;;;;;;;;;;;;;;;597,0488;19,35869;79,9819;0,31004842;0,31004842;0,00090;1,72310;103,7284;19,093397;0,108121;24,205779;26,146566;0,0248;2,4668;4,15;412,79;0,00;0,53;45,35;;329,389;328,867;6,0021315;18,79400;1,87200;0,00900;0,1066356;;26,93;314,00;;;
;;315;18,84000;1,79500;0,005000;86,650;89,21;-44,4301;0,000;101,052;35,400;0,005;448,050;484,350;27,00;844,083;263,190;0,000;580,300;579,500;553,000;313,150;;;;;0,00;0,00;0,00;3,00;2,85;15,803;27,378;0,57;0,50;999998,00;999998,00;999998,00;999998,00;999998,00;999998,00;999998,00;999998,00;999998,00;999998,00;999998,00;999998,00;999998,00;999998,00;999998,00;;;;;;;;;;;;;;;;;603,2291;46,93656;204,8136;0,12920125;0,12920125;0,00396;4,18013;104,3316;19,217748;0,114464;24,379749;26,354941;0,0265;2,6323;4,18;415,43;0,00;0,54;45,90;;330,249;330,561;6,0642626;18,78200;1,88000;0,02700;0,1070484;;26,79;315,00;;;
;;316;18,85000;1,78100;0,012000;86,125;89,97;-44,6001;0,000;101,056;35,400;0,005;448,650;485,150;26,90;844,083;263,190;0,000;580,300;579,600;552,900;313,050;;;;;0,00;0,00;0,00;3,00;2,85;15,769;27,354;0,57;0,51;999998,00;999998,00;999998,00;999998,00;999998,00;999998,00;999998,00;999998,00;999998,00;999998,00;999998,00;999998,00;999998,00;999998,00;999998,00;;;;;;;;;;;;;;;;;605,4074;38,24186;153,7006;0,15914917;0,15914917;0,00378;3,40676;104,9370;19,146624;0,106027;24,322049;26,300773;0,0245;2,4332;4,20;417,86;0,00;0,54;46,07;;331,116;330,561;6,0861608;18,76600;1,89400;0,02600;0,1078429;;26,62;316,00;;;
;;317;18,86900;1,79400;0,019000;80,300;90,20;-44,7800;0,000;101,052;35,300;0,005;449,050;486,150;26,90;844,217;263,190;0,000;580,600;579,600;553,000;313,150;;;;;0,00;0,00;0,00;3,00;2,85;15,761;27,378;0,57;0,51;999998,00;999998,00;999998,00;999998,00;999998,00;999998,00;999998,00;999998,00;999998,00;999998,00;999998,00;999998,00;999998,00;999998,00;999998,00;;;;;;;;;;;;;;;;;589,3953;19,27049;75,0505;0,30747477;0,30747477;0,00365;1,71571;105,5264;18,479570;0,103420;23,495616;25,436797;0,0231;2,2954;4,22;420,15;0,00;0,53;44,85;;331,956;332,237;5,9251906;18,74700;1,90900;0,02600;0,1087911;;26,44;317,00;;;
;;318;18,88800;1,82300;0,021000;82,450;88,83;-45,1801;0,000;101,052;35,300;0,005;449,450;486,750;26,90;843,717;263,190;0,000;579,200;579,600;552,900;313,150;;;;;0,00;0,00;0,00;3,00;2,85;15,816;27,359;0,57;0,50;999998,00;999998,00;999998,00;999998,00;999998,00;999998,00;999998,00;999998,00;999998,00;999998,00;999998,00;999998,00;999998,00;999998,00;999998,00;;;;;;;;;;;;;;;;;599,3233;18,87809;84,2103;0,31915283;0,31915283;0,00303;1,67596;106,1258;18,716993;0,118775;23,818682;25,795403;0,0269;2,6734;4,25;422,83;0,00;0,53;45,57;;332,781;332,237;6,0249970;18,74000;1,91100;0,02200;0,1092249;;26,04;318,00;;;
;;319;18,88500;1,83900;0,027000;87,000;89,75;-45,3800;0,000;101,056;35,300;0,005;449,850;487,050;27,00;843,717;263,190;0,000;579,300;579,500;552,900;313,050;;;;;0,00;0,00;0,00;3,00;2,86;15,797;27,365;0,57;0,51;999998,00;999998,00;999998,00;999998,00;999998,00;999998,00;999998,00;999998,00;999998,00;999998,00;999998,00;999998,00;999998,00;999998,00;999998,00;;;;;;;;;;;;;;;;;614,7218;38,62040;157,5466;0,16001383;0,16001383;0,00396;3,43224;106,7405;19,217956;0,108440;24,477958;26,502144;0,0252;2,5077;4,28;425,34;0,00;0,55;46,77;;333,641;333,929;6,1797978;18,74100;1,91100;0,02700;0,1091100;;25,84;319,00;;;
;;320;18,85800;1,84200;0,031000;86,125;90,40;-45,5701;0,000;101,056;35,300;0,005;450,550;488,250;27,00;843,617;263,190;0,000;579,000;579,500;552,900;313,050;;;;;0,00;0,00;0,00;3,00;2,86;15,809;27,365;0,58;0,52;999998,00;999998,00;999998,00;999998,00;999998,00;999998,00;999998,00;999998,00;999998,00;999998,00;999998,00;999998,00;999998,00;999998,00;999998,00;;;;;;;;;;;;;;;;;612,9381;19,35754;73,6929;0,31831868;0,31831868;0,00175;1,71531;107,3534;19,106210;0,101246;24,373495;26,412960;0,0235;2,3334;4,30;427,67;0,00;0,55;46,56;;334,517;333,929;6,1618666;18,73800;1,91100;0,01400;0,1094323;;25,65;320,00;;;
;;321;18,83200;1,84400;0,028000;79,875;89,91;-45,9800;0,000;101,050;35,300;0,005;451,250;489,550;27,00;843,750;263,190;0,000;579,300;579,600;552,900;313,050;;;;;0,00;0,00;0,00;3,00;2,86;15,826;27,375;0,58;0,52;999998,00;999998,00;999998,00;999998,00;999998,00;999998,00;999998,00;999998,00;999998,00;999998,00;999998,00;999998,00;999998,00;999998,00;999998,00;;;;;;;;;;;;;;;;;589,3511;18,96042;76,3050;0,31247965;0,31247965;0,00006;1,67876;107,9428;18,385619;0,106661;23,490688;25,484468;0,0238;2,3718;4,32;430,04;0,00;0,52;44,72;;335,347;335,600;5,9247461;18,74200;1,90800;0,00400;0,1093432;;25,24;321,00;;;
;;322;18,82200;1,85200;0,009000;81,850;89,69;-46,1600;0,000;101,050;35,300;0,005;451,250;489,350;27,00;843,750;263,190;0,000;579,400;579,500;552,900;313,050;;;;;0,00;0,00;0,00;3,00;2,86;15,795;27,389;0,58;0,52;999998,00;999998,00;999998,00;999998,00;999998,00;999998,00;999998,00;999998,00;999998,00;999998,00;999998,00;999998,00;999998,00;999998,00;999998,00;;;;;;;;;;;;;;;;;595,7377;41,06710;169,2734;0,14583333;0,14583333;-0,00093;3,62959;108,5385;18,611534;0,109131;23,779332;25,787071;0,0247;2,4556;4,35;432,50;0,00;0,53;45,17;;336,146;335,600;5,9889514;18,74700;1,90200;-0,00200;0,1091842;;25,06;322,00;;;
;;323;18,81900;1,86000;0,016000;81,175;89,89;-46,3500;0,000;101,050;35,300;0,005;451,850;490,350;27,00;844,483;263,183;0,000;581,500;579,600;552,900;313,150;;;;;0,00;0,00;0,00;3,00;2,86;15,841;27,370;0,58;0,52;999998,00;999998,00;999998,00;999998,00;999998,00;999998,00;999998,00;999998,00;999998,00;999998,00;999998,00;999998,00;999998,00;999998,00;999998,00;;;;;;;;;;;;;;;;;590,9020;17,86572;72,5159;0,33249919;0,33249919;-0,00108;1,57748;109,1294;18,522322;0,106887;23,696816;25,715909;0,0241;2,3984;4,37;434,89;0,00;0,52;44,79;;336,942;337,176;5,9403381;18,75500;1,89400;-0,00300;0,1088153;;24,87;323,00;;;
;;324;18,81200;1,87200;0,014000;87,550;90,20;-46,7800;0,000;101,054;35,300;0,005;452,050;489,850;27,00;844,683;263,190;0,000;582,100;579,600;552,900;313,150;;;;;0,00;0,00;0,00;3,00;2,86;15,820;27,370;0,58;0,52;999998,00;999998,00;999998,00;999998,00;999998,00;999998,00;999998,00;999998,00;999998,00;999998,00;999998,00;999998,00;999998,00;999998,00;999998,00;;;;;;;;;;;;;;;;;609,9256;19,21267;75,8731;0,31914266;0,31914266;-0,00045;1,70275;109,7393;19,231638;0,103490;24,615180;26,673479;0,0242;2,4087;4,40;437,30;0,00;0,54;46,27;;337,755;337,176;6,1315825;18,76600;1,89000;0,00100;0,1081690;;24,44;324,00;;;
;;325;18,80300;1,88000;0,009000;87,275;90,33;-46,9500;0,000;101,054;35,300;0,005;452,150;489,850;27,00;844,717;263,190;0,000;582,300;579,500;552,900;313,150;;;;;0,00;0,00;0,00;3,00;2,86;15,816;27,365;0,58;0,52;999998,00;999998,00;999998,00;999998,00;999998,00;999998,00;999998,00;999998,00;999998,00;999998,00;999998,00;999998,00;999998,00;999998,00;999998,00;;;;;;;;;;;;;;;;;610,0717;39,55281;153,6627;0,15505981;0,15505981;0,00159;3,51953;110,3494;19,199287;0,102006;24,579209;26,628608;0,0238;2,3701;4,42;439,67;0,00;0,55;46,36;;338,593;338,796;6,1330512;18,75800;1,90100;0,01300;0,1083806;;24,27;325,00;;;
;;326;18,79400;1,89400;0,027000;82,300;90,65;-47,1301;0,000;101,054;35,300;0,005;452,550;490,250;26,90;844,650;263,190;0,000;582,000;579,600;552,900;313,150;;;;;0,00;0,00;0,00;3,00;2,86;15,799;27,381;0,58;0,53;999998,00;999998,00;999998,00;999998,00;999998,00;999998,00;999998,00;999998,00;999998,00;999998,00;999998,00;999998,00;999998,00;999998,00;999998,00;;;;;;;;;;;;;;;;;596,1037;39,93625;148,8909;0,15005493;0,15005493;0,00269;3,56250;110,9455;18,635801;0,098459;23,878932;25,868185;0,0223;2,2224;4,44;441,90;0,00;0,53;45,35;;339,404;338,796;5,9926307;18,74100;1,91800;0,02000;0,1091100;;24,09;326,00;;;
;;327;18,78200;1,90900;0,026000;82,300;90,65;-47,2900;0,000;101,054;35,300;0,005;452,550;490,250;26,90;844,483;263,190;0,000;581,500;579,600;552,900;313,150;;;;;0,00;0,00;0,00;3,00;2,87;15,778;27,365;0,58;0,53;999998,00;999998,00;999998,00;999998,00;999998,00;999998,00;999998,00;999998,00;999998,00;999998,00;999998,00;999998,00;999998,00;999998,00;999998,00;;;;;;;;;;;;;;;;;600,2825;20,00706;74,0714;0,30162557;0,30162557;0,00417;1,78270;111,5458;18,635801;0,098459;23,878932;25,868185;0,0223;2,2224;4,46;444,12;0,00;0,54;45,70;;340,196;340,425;6,0346398;18,72400;1,92900;0,02900;0,1098845;;23,93;327,00;;;
;;328;18,76600;1,91100;0,026000;84,900;89,79;-47,7001;0,000;101,054;35,300;0,005;452,550;490,050;26,90;844,217;263,190;0,000;580,700;579,600;552,900;313,150;;;;;0,00;0,00;0,00;3,00;2,87;15,774;27,378;0,59;0,52;999998,00;999998,00;999998,00;999998,00;999998,00;999998,00;999998,00;999998,00;999998,00;999998,00;999998,00;999998,00;999998,00;999998,00;999998,00;;;;;;;;;;;;;;;;;611,5132;19,11221;77,3306;0,32165527;0,32165527;0,00524;1,69879;112,1573;18,927881;0,107970;24,253188;26,262899;0,0249;2,4743;4,49;446,59;0,01;0,55;46,56;;341,006;340,425;6,1475421;18,71700;1,93000;0,03500;0,1102173;;23,52;328,00;;;
;;329;18,74700;1,91100;0,022000;76,750;89,38;-47,8900;0,000;101,054;35,300;0,005;452,750;490,650;27,00;843,917;263,190;0,000;579,800;579,600;552,900;313,150;;;;;0,00;0,00;0,00;3,00;2,87;15,803;27,373;0,59;0,52;999998,00;999998,00;999998,00;999998,00;999998,00;999998,00;999998,00;999998,00;999998,00;999998,00;999998,00;999998,00;999998,00;999998,00;999998,00;;;;;;;;;;;;;;;;;580,9514;39,82004;168,3585;0,14666748;0,14666748;0,00276;3,53961;112,7383;17,992495;0,112619;23,064823;24,995594;0,0247;2,4563;4,51;449,05;0,00;0,52;44,18;;341,782;341,946;5,8403048;18,72100;1,92900;0,02100;0,1101505;;23,33;329,00;;;
;;330;18,74000;1,91100;0,027000;82,750;90,50;-48,0701;0,000;101,056;35,300;0,005;453,150;491,250;26,90;843,683;263,190;0,000;579,000;579,600;553,000;313,150;;;;;0,00;0,00;0,00;3,00;2,87;15,791;27,392;0,59;0,53;999998,00;999998,00;999998,00;999998,00;999998,00;999998,00;999998,00;999998,00;999998,00;999998,00;999998,00;999998,00;999998,00;999998,00;999998,00;;;;;;;;;;;;;;;;;603,8605;19,02101;71,4513;0,31915283;0,31915283;0,00237;1,69186;113,3421;18,674305;0,100084;23,959993;25,974505;0,0228;2,2684;4,54;451,32;0,00;0,54;45,92;;342,541;341,946;6,0706097;18,71800;1,93300;0,01800;0,1103155;;23,15;330,00;;;
;;331;18,74100;1,90800;0,014000;83,025;90,82;-48,4900;0,000;101,056;35,400;0,005;453,750;492,450;26,90;843,217;263,190;0,000;577,700;579,600;552,900;313,150;;;;;0,00;0,00;0,00;3,00;2,87;15,803;27,378;0,59;0,53;999998,00;999998,00;999998,00;999998,00;999998,00;999998,00;999998,00;999998,00;999998,00;999998,00;999998,00;999998,00;999998,00;999998,00;999998,00;;;;;;;;;;;;;;;;;606,8893;19,06658;69,0595;0,31998698;0,31998698;0,00155;1,69540;113,9490;18,692938;0,096654;24,015657;26,063934;0,0221;2,1982;4,56;453,52;0,00;0,54;46,13;;343,335;343,469;6,1010578;18,71000;1,94000;0,01300;0,1107630;;22,73;331,00;;;
;;332;18,73800;1,90200;0,004000;80,550;90,72;-48,6700;0,000;101,048;35,400;0,005;454,450;493,150;26,90;843,217;263,190;0,000;577,700;579,600;552,900;313,150;;;;;0,00;0,00;0,00;3,00;2,87;15,782;27,378;0,59;0,53;999998,00;999998,00;999998,00;999998,00;999998,00;999998,00;999998,00;999998,00;999998,00;999998,00;999998,00;999998,00;999998,00;999998,00;999998,00;;;;;;;;;;;;;;;;;598,4208;43,49092;159,0787;0,13832601;0,13832601;0,00071;3,85396;114,5474;18,398023;0,097650;23,673231;25,689193;0,0220;2,1889;4,58;455,70;0,00;0,53;45,44;;344,116;343,469;6,0159247;18,70800;1,93700;0,00800;0,1109702;;22,55;332,00;;;
;;333;18,74200;1,89400;-0,002000;85,275;89,62;-48,8500;0,000;101,048;35,400;0,005;454,550;493,050;26,90;842,617;263,190;0,000;575,900;579,600;552,900;313,150;;;;;0,00;0,00;0,00;3,00;2,87;15,826;27,378;0,59;0,53;999998,00;999998,00;999998,00;999998,00;999998,00;999998,00;999998,00;999998,00;999998,00;999998,00;999998,00;999998,00;999998,00;999998,00;999998,00;;;;;;;;;;;;;;;;;614,7983;18,49542;76,2497;0,33416748;0,33416748;0,00006;1,63866;115,1622;18,927858;0,109930;24,360343;26,423643;0,0255;2,5346;4,61;458,24;0,00;0,55;46,67;;344,904;345,075;6,1805669;18,71200;1,93400;0,00400;0,1108137;;22,37;333,00;;;
;;334;18,74700;1,89000;-0,003000;80,525;89,82;-49,2900;0,000;101,044;35,400;0,005;454,950;494,050;26,90;841,983;263,190;0,000;573,900;579,700;552,900;313,150;;;;;0,00;0,00;0,00;3,00;2,87;15,805;27,402;0,59;0,53;999998,00;999998,00;999998,00;999998,00;999998,00;999998,00;999998,00;999998,00;999998,00;999998,00;999998,00;999998,00;999998,00;999998,00;999998,00;;;;;;;;;;;;;;;;;596,3015;19,28700;78,1502;0,31081136;0,31081136;0,00055;1,71218;115,7585;18,385056;0,107670;23,682574;25,717937;0,0243;2,4162;4,63;460,65;0,00;0,53;45,29;;345,685;345,075;5,9946195;18,71400;1,93500;0,00700;0,1106514;;21,93;334,00;;;
;;335;18,75500;1,90100;0,001000;81,500;89,47;-49,4399;0,000;101,048;35,400;0,005;455,450;494,350;26,90;842,417;263,190;0,000;575,100;579,700;553,000;313,150;;;;;0,00;0,00;0,00;3,00;2,88;15,812;27,373;0,59;0,53;999998,00;999998,00;999998,00;999998,00;999998,00;999998,00;999998,00;999998,00;999998,00;999998,00;999998,00;999998,00;999998,00;999998,00;999998,00;;;;;;;;;;;;;;;;;600,7836;36,97835;155,0664;0,16333008;0,16333008;0,00071;3,28475;116,3593;18,485870;0,111587;23,838606;25,874662;0,0253;2,5193;4,66;463,17;0,00;0,54;45,64;;346,440;346,643;6,0396772;18,70900;1,94000;0,00800;0,1108778;;21,78;335,00;;;
;;336;18,76600;1,91800;0,013000;87,700;89,87;-49,6600;0,000;101,046;35,400;0,005;455,650;494,350;26,90;842,483;263,190;0,000;575,300;579,700;553,000;313,150;;;;;0,00;0,00;0,00;3,00;2,88;15,822;27,397;0,60;0,53;999998,00;999998,00;999998,00;999998,00;999998,00;999998,00;999998,00;999998,00;999998,00;999998,00;999998,00;999998,00;999998,00;999998,00;999998,00;;;;;;;;;;;;;;;;;624,2165;32,31441;129,8733;0,19419352;0,19419352;0,00412;2,88639;116,9835;19,171918;0,107142;24,734162;26,834923;0,0252;2,5088;4,68;465,68;0,00;0,56;47,54;;347,231;346,643;6,2752488;18,69900;1,95400;0,02800;0,1110842;;21,56;336,00;;;
;;337;18,75800;1,92900;0,020000;84,300;89,90;-49,8500;0,000;101,046;35,400;0,005;455,650;494,350;26,90;842,483;263,190;0,000;575,200;579,800;553,000;313,150;;;;;0,00;0,00;0,00;3,00;2,88;15,791;27,389;0,60;0,53;999998,00;999998,00;999998,00;999998,00;999998,00;999998,00;999998,00;999998,00;999998,00;999998,00;999998,00;999998,00;999998,00;999998,00;999998,00;;;;;;;;;;;;;;;;;616,8506;20,44549;81,2233;0,30330404;0,30330404;0,00537;1,82324;117,6004;18,796610;0,106745;24,249968;26,309606;0,0246;2,4505;4,71;468,13;0,01;0,55;47,00;;348,042;348,199;6,2011994;18,68000;1,96600;0,03600;0,1119762;;21,37;337,00;;;
;;338;18,74100;1,93000;0,029000;77,875;90,80;-50,2400;0,000;101,046;35,400;0,005;455,850;494,650;26,90;843,017;263,190;0,000;576,700;579,800;553,100;313,150;;;;;0,00;0,00;0,00;3,00;2,88;15,828;27,402;0,60;0,54;999998,00;999998,00;999998,00;999998,00;999998,00;999998,00;999998,00;999998,00;999998,00;999998,00;999998,00;999998,00;999998,00;999998,00;999998,00;;;;;;;;;;;;;;;;;594,6178;19,13048;68,7912;0,31246948;0,31246948;0,00612;1,70415;118,1950;18,062152;0,096867;23,312654;25,296927;0,0215;2,1382;4,73;470,27;0,01;0,53;45,33;;348,805;348,199;5,9776925;18,67200;1,97000;0,04200;0,1123341;;20,98;338,00;;;
;;339;18,72400;1,92900;0,035000;86,950;89,57;-50,4399;0,000;101,046;35,400;0,005;456,150;494,550;26,90;843,450;263,190;0,000;577,900;579,900;553,100;313,150;;;;;0,00;0,00;0,00;3,00;2,88;15,788;27,375;0,60;0,53;999998,00;999998,00;999998,00;999998,00;999998,00;999998,00;999998,00;999998,00;999998,00;999998,00;999998,00;999998,00;999998,00;999998,00;999998,00;;;;;;;;;;;;;;;;;629,7010;39,33890;160,8541;0,16091919;0,16091919;0,00427;3,50087;118,8247;19,079298;0,110452;24,641682;26,716088;0,0259;2,5748;4,75;472,85;0,00;0,56;47,94;;349,582;349,822;6,3303841;18,66900;1,97300;0,02900;0,1126222;;20,78;339,00;;;
;;340;18,71700;1,93300;0,021000;85,975;89,79;-50,6301;0,000;101,046;35,400;0,005;456,450;495,050;26,90;843,983;263,190;0,000;579,300;580,000;553,200;313,150;;;;;0,00;0,00;0,00;3,00;2,88;15,812;27,392;0,60;0,53;999998,00;999998,00;999998,00;999998,00;999998,00;999998,00;999998,00;999998,00;999998,00;999998,00;999998,00;999998,00;999998,00;999998,00;999998,00;;;;;;;;;;;;;;;;;629,2312;19,86766;79,1439;0,31838989;0,31838989;0,00224;1,76434;119,4539;18,965790;0,108059;24,511191;26,583996;0,0252;2,5066;4,78;475,35;0,00;0,56;47,84;;350,405;349,822;6,3256612;18,66000;1,97900;0,01700;0,1132177;;20,59;340,00;;;
;;341;18,72100;1,94000;0,018000;82,975;89,45;-51,0400;0,000;101,040;35,400;0,005;457,050;496,050;26,90;844,117;263,190;0,000;579,700;580,000;553,200;313,150;;;;;0,00;0,00;0,00;3,00;2,88;15,805;27,397;0,60;0,53;999998,00;999998,00;999998,00;999998,00;999998,00;999998,00;999998,00;999998,00;999998,00;999998,00;999998,00;999998,00;999998,00;999998,00;999998,00;;;;;;;;;;;;;;;;;620,3936;19,95976;82,0933;0,31246948;0,31246948;-0,00027;1,77227;120,0743;18,619723;0,111820;24,095569;26,151640;0,0257;2,5516;4,80;477,90;0,00;0,55;47,12;;351,210;351,436;6,2368168;18,65300;1,98700;0,00200;0,1137067;;20,18;341,00;;;
;;342;18,71800;1,93700;0,013000;83,575;87,76;-51,2201;0,000;101,048;35,400;0,005;457,150;495,650;26,90;843,950;263,190;0,000;579,100;580,100;553,200;313,150;;;;;0,00;0,00;0,00;3,00;2,88;15,776;27,405;0,60;0,52;999998,00;999998,00;999998,00;999998,00;999998,00;999998,00;999998,00;999998,00;999998,00;999998,00;999998,00;999998,00;999998,00;999998,00;999998,00;;;;;;;;;;;;;;;;;627,8581;43,52724;207,6717;0,14500936;0,14500936;-0,00043;3,88947;120,7022;18,684878;0,130922;24,185176;26,221990;0,0301;2,9956;4,83;480,90;0,00;0,56;47,73;;352,008;351,436;6,3118574;18,63100;2,01600;0,00100;0,1146851;;20,00;342,00;;;
;;343;18,71000;1,93400;0,008000;81,975;89,40;-51,4100;0,000;101,040;35,400;0,005;457,450;496,050;26,90;844,483;263,190;0,000;580,700;580,100;553,200;313,150;;;;;0,00;0,00;0,00;3,00;2,89;15,805;27,402;0,60;0,54;999998,00;999998,00;999998,00;999998,00;999998,00;999998,00;999998,00;999998,00;999998,00;999998,00;999998,00;999998,00;999998,00;999998,00;999998,00;;;;;;;;;;;;;;;;;631,7141;18,77512;75,6810;0,33824666;0,33824666;0,00071;1,67514;121,3339;18,499089;0,112318;23,960410;25,982208;0,0256;2,5464;4,86;483,45;0,00;0,57;48,05;;352,817;353,037;6,3506215;18,59200;2,04500;0,00800;0,1165717;;19,81;343,00;;;
;;344;18,70800;1,93500;0,004000;81,350;88,38;-51,8500;0,000;101,044;35,400;0,005;457,950;496,750;26,90;844,383;263,190;0,000;580,300;580,200;553,200;313,150;;;;;0,00;0,00;0,00;3,00;2,89;15,805;27,402;0,60;0,53;999998,00;999998,00;999998,00;999998,00;999998,00;999998,00;999998,00;999998,00;999998,00;999998,00;999998,00;999998,00;999998,00;999998,00;999998,00;;;;;;;;;;;;;;;;;636,4350;19,83466;87,2139;0,32257080;0,32257080;-0,00092;1,76724;121,9703;18,418369;0,123802;23,881935;25,905342;0,0281;2,7984;4,89;486,25;0,00;0,57;48,37;;353,635;353,037;6,3980808;18,56600;2,06600;-0,00200;0,1179739;;19,37;344,00;;;
;;345;18,71200;1,94000;0,007000;82,975;87,73;-52,0201;0,000;101,052;35,300;0,005;457,950;496,350;26,90;844,550;263,190;0,000;580,600;580,300;553,300;313,150;;;;;0,00;0,00;0,00;3,00;2,89;15,784;27,392;0,60;0,53;999998,00;999998,00;999998,00;999998,00;999998,00;999998,00;999998,00;999998,00;999998,00;999998,00;999998,00;999998,00;999998,00;999998,00;999998,00;;;;;;;;;;;;;;;;;648,4748;44,42363;205,1228;0,14674886;0,14674886;0,00252;3,98334;122,6188;18,601417;0,131268;24,119282;26,141730;0,0301;2,9943;4,92;489,24;0,00;0,58;49,42;;354,472;354,701;6,5191175;18,53800;2,09700;0,01900;0,1190377;;19,20;345,00;;;
;;346;18,71400;1,95400;0,008000;83,825;89,01;-52,2301;0,000;101,044;35,300;0,005;458,150;496,650;26,90;844,350;263,190;0,000;579,600;580,700;553,300;313,150;;;;;0,00;0,00;0,00;3,00;2,89;15,791;27,392;0,61;0,54;999998,00;999998,00;999998,00;999998,00;999998,00;999998,00;999998,00;999998,00;999998,00;999998,00;999998,00;999998,00;999998,00;999998,00;999998,00;;;;;;;;;;;;;;;;;660,5724;18,36421;74,4171;0,36161296;0,36161296;0,00419;1,64498;123,2794;18,692370;0,116710;24,247800;26,285430;0,0269;2,6768;4,95;491,92;0,00;0,59;50,38;;355,339;354,701;6,6407346;18,50300;2,12300;0,02900;0,1206899;;18,99;346,00;;;
;;347;18,70900;1,96600;0,028000;80,500;88,95;-52,6901;0,000;101,044;35,300;0,005;458,750;497,650;26,90;844,317;263,183;0,000;579,000;581,100;553,400;313,150;;;;;0,00;0,00;0,00;3,00;2,89;15,805;27,413;0,61;0,54;999998,00;999998,00;999998,00;999998,00;999998,00;999998,00;999998,00;999998,00;999998,00;999998,00;999998,00;999998,00;999998,00;999998,00;999998,00;;;;;;;;;;;;;;;;;654,7074;19,40947;78,3471;0,33910116;0,33910116;0,00571;1,73527;123,9341;18,305910;0,117420;23,777582;25,793817;0,0266;2,6428;4,97;494,56;0,01;0,59;49,97;;356,211;356,413;6,5817736;18,47200;2,14400;0,03900;0,1221631;;18,53;347,00;;;
;;348;18,69900;1,97000;0,036000;79,625;90,35;-52,8700;0,000;101,052;35,300;0,005;459,450;498,950;26,90;844,383;263,183;0,000;577,900;582,400;553,400;313,150;;;;;0,00;0,00;0,00;3,00;2,89;15,801;27,421;0,61;0,54;999998,00;999998,00;999998,00;999998,00;999998,00;999998,00;999998,00;999998,00;999998,00;999998,00;999998,00;999998,00;999998,00;999998,00;999998,00;;;;;;;;;;;;;;;;;656,5920;45,52246;158,2528;0,14499919;0,14499919;0,00423;4,06757;124,5907;18,192275;0,101784;23,666038;25,700663;0,0229;2,2826;4,99;496,84;0,00;0,59;50,08;;357,071;356,413;6,6007192;18,45100;2,16200;0,03000;0,1232936;;18,35;348,00;;;
;;349;18,68000;1,97300;0,042000;80,600;89,93;-53,0701;0,000;101,046;35,300;0,005;459,850;500,150;26,90;849,250;263,190;0,000;591,500;583,300;553,500;313,150;;;;;0,00;0,00;0,00;3,00;2,89;15,769;27,410;0,61;0,54;999998,00;999998,00;999998,00;999998,00;999998,00;999998,00;999998,00;999998,00;999998,00;999998,00;999998,00;999998,00;999998,00;999998,00;999998,00;;;;;;;;;;;;;;;;;667,4335;18,98432;68,4585;0,35343424;0,35343424;0,00652;1,69643;125,2581;18,295356;0,106463;23,820853;25,908448;0,0242;2,4068;5,02;499,25;0,01;0,60;50,97;;357,945;358,158;6,7097090;18,42100;2,18500;0,04400;0,1246419;;18,15;349,00;;;
;;350;18,67200;1,97900;0,029000;81,525;86,81;-53,5302;0,000;101,054;35,300;0,005;460,750;501,450;26,90;854,083;263,183;0,000;605,000;584,300;553,500;313,150;;;;;0,00;0,00;0,00;3,00;2,89;15,774;27,381;0,61;0,52;999998,00;999998,00;999998,00;999998,00;999998,00;999998,00;999998,00;999998,00;999998,00;999998,00;999998,00;999998,00;999998,00;999998,00;999998,00;;;;;;;;;;;;;;;;;676,4986;19,38331;92,4881;0,35086060;0,35086060;0,00671;1,72901;125,9346;18,382060;0,141743;23,980586;26,098893;0,0325;3,2279;5,05;502,48;0,01;0,61;51,65;;358,842;358,158;6,8008405;18,39900;2,20000;0,04500;0,1257534;;17,69;350,00;;;
;;351;18,66900;1,98700;0,017000;79,825;88,95;-53,7301;0,000;101,046;35,300;0,005;461,150;501,950;26,90;857,750;263,183;0,000;614,700;585,400;553,700;313,150;;;;;0,00;0,00;0,00;3,00;2,90;15,769;27,416;0,61;0,54;999998,00;999998,00;999998,00;999998,00;999998,00;999998,00;999998,00;999998,00;999998,00;999998,00;999998,00;999998,00;999998,00;999998,00;999998,00;;;;;;;;;;;;;;;;;672,0106;41,18540;162,1799;0,16403198;0,16403198;0,00375;3,65796;126,6066;18,181504;0,117365;23,739539;25,839882;0,0266;2,6462;5,08;505,12;0,00;0,60;51,21;;359,741;359,934;6,7557230;18,39300;2,20000;0,02700;0,1263028;;17,49;351,00;;;
;;352;18,66000;2,01600;0,002000;80,450;88,60;-53,9399;0,000;101,048;35,300;0,005;461,350;502,550;26,90;860,650;263,190;0,000;622,300;586,400;553,800;313,150;;;;;0,00;0,00;0,00;3,00;2,90;15,849;27,416;0,61;0,54;999998,00;999998,00;999998,00;999998,00;999998,00;999998,00;999998,00;999998,00;999998,00;999998,00;999998,00;999998,00;999998,00;999998,00;999998,00;;;;;;;;;;;;;;;;;671,5051;19,42951;79,5735;0,34744263;0,34744263;0,00457;1,71084;127,2781;18,248585;0,121380;23,837460;25,966220;0,0276;2,7501;5,11;507,87;0,00;0,59;51,12;;360,627;359,934;6,7506403;18,40700;2,17200;0,03200;0,1257369;;17,28;352,00;;;
;;353;18,65300;2,04500;0,001000;80,600;87,90;-54,3800;0,000;101,048;35,400;0,005;462,150;503,950;26,90;861,250;263,190;0,000;624,600;585,900;553,800;313,150;;;;;0,00;0,00;0,00;3,00;2,90;15,849;27,400;0,61;0,53;999998,00;999998,00;999998,00;999998,00;999998,00;999998,00;999998,00;999998,00;999998,00;999998,00;999998,00;999998,00;999998,00;999998,00;999998,00;;;;;;;;;;;;;;;;;661,4280;20,29799;90,1303;0,32758586;0,32758586;0,00199;1,78227;127,9395;18,249773;0,129257;23,880351;26,040253;0,0295;2,9370;5,14;510,81;0,00;0,58;50,26;;361,493;361,672;6,6493354;18,45000;2,13400;0,01600;0,1238159;;16,84;353,00;;;
;;354;18,63100;2,06600;0,008000;81,400;88,69;-54,5601;0,000;101,048;35,400;0,005;462,650;504,450;26,80;858,783;263,183;0,000;617,700;585,400;553,800;313,150;;;;;0,00;0,00;0,00;3,00;2,90;15,790;27,418;0,61;0,54;999998,00;999998,00;999998,00;999998,00;999998,00;999998,00;999998,00;999998,00;999998,00;999998,00;999998,00;999998,00;999998,00;999998,00;999998,00;;;;;;;;;;;;;;;;;651,9254;44,18526;186,3947;0,14832560;0,14832560;0,00071;3,85903;128,5915;18,330206;0,120384;24,011550;26,180971;0,0276;2,7501;5,16;513,56;0,00;0,57;49,45;;362,327;361,672;6,5538058;18,50100;2,08400;0,00800;0,1214714;;16,66;354,00;;;
;;355;18,59200;2,09700;-0,002000;78,600;87,60;-54,7600;0,000;101,048;35,400;0,005;463,150;505,450;26,90;856,650;263,190;0,000;611,900;584,900;553,700;313,150;;;;;0,00;0,00;0,00;3,00;2,90;15,784;27,405;0,61;0,53;999998,00;999998,00;999998,00;999998,00;999998,00;999998,00;999998,00;999998,00;999998,00;999998,00;999998,00;999998,00;999998,00;999998,00;999998,00;;;;;;;;;;;;;;;;;624,8424;18,29523;87,3559;0,34334310;0,34334310;0,00276;1,59960;129,2163;18,002461;0,132713;23,607707;25,763826;0,0300;2,9835;5,19;516,54;0,00;0,55;47,44;;363,105;363,258;6,2815402;18,55800;2,03700;0,02100;0,1185094;;16,46;355,00;;;
;;356;18,56600;2,12300;0,019000;84,100;87,11;-55,2001;0,000;101,050;35,400;0,005;463,550;505,150;26,90;855,317;263,190;0,000;608,500;584,400;553,600;313,150;;;;;0,00;0,00;0,00;3,00;2,90;15,776;27,402;0,61;0,53;999998,00;999998,00;999998,00;999998,00;999998,00;999998,00;999998,00;999998,00;999998,00;999998,00;999998,00;999998,00;999998,00;999998,00;999998,00;;;;;;;;;;;;;;;;;627,8648;19,17571;98,1389;0,32916260;0,32916260;0,00154;1,68015;129,8442;18,613633;0,138326;24,430255;26,622680;0,0323;3,2133;5,23;519,76;0,00;0,55;47,63;;363,844;363,258;6,3119249;18,62700;1,98500;0,01300;0,1151316;;16,02;356,00;;;
;;357;18,53800;2,14400;0,029000;83,750;87,43;-55,3800;0,000;101,050;35,400;0,005;463,450;504,550;26,90;854,183;263,190;0,000;605,800;583,900;553,400;313,150;;;;;0,00;0,00;0,00;3,00;2,90;15,812;27,421;0,61;0,53;999998,00;999998,00;999998,00;999998,00;999998,00;999998,00;999998,00;999998,00;999998,00;999998,00;999998,00;999998,00;999998,00;999998,00;999998,00;;;;;;;;;;;;;;;;;609,3150;37,31290;190,8543;0,16416423;0,16416423;0,00367;3,26519;130,4535;18,576864;0,134589;24,376737;26,538531;0,0313;3,1166;5,26;522,87;0,00;0,54;46,25;;364,558;364,680;6,1254434;18,69000;1,92900;0,02600;0,1119151;;15,84;357,00;;;
;;358;18,50300;2,16200;0,039000;80,500;88,36;-55,5701;0,000;101,050;35,400;0,005;463,550;504,250;26,90;853,450;263,190;0,000;604,200;583,500;553,200;313,150;;;;;0,00;0,00;0,00;3,00;2,90;15,845;27,429;0,61;0,54;999998,00;999998,00;999998,00;999998,00;999998,00;999998,00;999998,00;999998,00;999998,00;999998,00;999998,00;999998,00;999998,00;999998,00;999998,00;;;;;;;;;;;;;;;;;584,3523;34,89764;168,0662;0,16833496;0,16833496;0,00504;3,07023;131,0378;18,210886;0,124046;23,901653;26,000235;0,0283;2,8142;5,28;525,69;0,01;0,52;44,42;;365,207;364,680;5,8744933;18,73600;1,89800;0,03500;0,1094600;;15,65;358,00;;;
;;359;18,47200;2,18500;0,030000;85,275;89,50;-55,7500;0,000;101,050;35,400;0,005;463,450;503,450;26,90;852,583;263,190;0,000;602,300;583,000;553,000;313,150;;;;;0,00;0,00;0,00;3,00;2,90;15,822;27,418;0,61;0,55;999998,00;999998,00;999998,00;999998,00;999998,00;999998,00;999998,00;999998,00;999998,00;999998,00;999998,00;999998,00;999998,00;999998,00;999998,00;;;;;;;;;;;;;;;;;590,9217;19,69507;86,4295;0,30162557;0,30162557;0,00552;1,72760;131,6288;18,745233;0,111221;24,597672;26,720678;0,0261;2,5932;5,31;528,28;0,01;0,52;44,90;;365,826;365,991;5,9405360;18,77600;1,86000;0,03700;0,1075137;;15,47;359,00;;;
;;360;18,45100;2,20000;0,044000;84,475;85,69;-56,1400;0,000;101,058;35,300;0,005;462,850;501,350;26,90;851,983;263,190;0,000;601,200;582,600;552,700;313,150;;;;;0,00;0,00;0,00;3,00;2,91;15,858;27,413;0,61;0,52;999998,00;999998,00;999998,00;999998,00;999998,00;999998,00;999998,00;999998,00;999998,00;999998,00;999998,00;999998,00;999998,00;999998,00;999998,00;;;;;;;;;;;;;;;;;579,8377;19,21354;118,5802;0,30338542;0,30338542;0,00484;1,68141;132,2086;18,669187;0,154755;24,466167;26,501270;0,0360;3,5786;5,35;531,86;0,00;0,51;44,02;;366,436;365,991;5,8291086;18,81000;1,82900;0,03300;0,1059089;;15,08;360,00;;;
;;361;18,42100;2,20000;0,045000;84,075;87,90;-56,3201;0,000;101,046;35,300;0,005;462,150;499,550;26,90;852,150;263,190;0,000;602,300;582,200;552,500;313,150;;;;;0,00;0,00;0,00;3,00;2,91;15,784;27,418;0,61;0,54;999998,00;999998,00;999998,00;999998,00;999998,00;999998,00;999998,00;999998,00;999998,00;999998,00;999998,00;999998,00;999998,00;999998,00;999998,00;;;;;;;;;;;;;;;;;569,6828;36,17484;188,8614;0,15831502;0,15831502;0,00088;3,16648;132,7783;18,639034;0,129291;24,389710;26,363474;0,0299;2,9742;5,38;534,83;0,00;0,50;43,14;;367,013;367,179;5,7270208;18,84900;1,80100;0,00900;0,1042019;;14,90;361,00;;;
;;362;18,39900;2,17200;0,027000;80,100;89,06;-56,4900;0,000;101,052;35,300;0,005;461,850;498,850;26,90;851,017;263,190;0,000;599,400;581,900;552,300;313,150;;;;;0,00;0,00;0,00;3,00;2,91;15,799;27,400;0,61;0,54;999998,00;999998,00;999998,00;999998,00;999998,00;999998,00;999998,00;999998,00;999998,00;999998,00;999998,00;999998,00;999998,00;999998,00;999998,00;;;;;;;;;;;;;;;;;548,3248;38,02414;180,7150;0,14496867;0,14496867;-0,00042;3,32640;133,3266;18,198987;0,116187;23,798437;25,704991;0,0262;2,6060;5,40;537,44;0,00;0,48;41,48;;367,544;367,179;5,5123087;18,88100;1,77500;0,00100;0,1027037;;14,73;362,00;;;
;;363;18,39300;2,13400;0,032000;83,250;89,14;-56,6500;0,000;101,050;35,300;0,005;461,450;497,450;26,90;852,117;263,190;0,000;603,300;581,500;552,100;313,150;;;;;0,00;0,00;0,00;3,00;2,91;15,791;27,418;0,61;0,54;999998,00;999998,00;999998,00;999998,00;999998,00;999998,00;999998,00;999998,00;999998,00;999998,00;999998,00;999998,00;999998,00;999998,00;999998,00;;;;;;;;;;;;;;;;;552,9914;19,00385;90,3443;0,29253133;0,29253133;-0,00109;1,66865;133,8796;18,561422;0,115244;24,251364;26,143333;0,0264;2,6289;5,43;540,07;0,00;0,49;41,84;;368,048;368,248;5,5592225;18,90400;1,76200;-0,00300;0,1015427;;14,57;363,00;;;
;;364;18,40700;2,08400;0,016000;84,900;89,23;-57,0400;0,000;101,052;35,400;0,005;460,850;495,750;26,90;854,883;263,190;0,000;612,100;581,200;551,900;313,150;;;;;0,00;0,00;0,00;3,00;2,91;15,832;27,429;0,61;0,54;999998,00;999998,00;999998,00;999998,00;999998,00;999998,00;999998,00;999998,00;999998,00;999998,00;999998,00;999998,00;999998,00;999998,00;999998,00;;;;;;;;;;;;;;;;;554,3756;18,57473;87,9816;0,30003866;0,30003866;0,00122;1,62965;134,4340;18,756659;0,114302;24,474586;26,328038;0,0264;2,6259;5,46;542,69;0,00;0,49;41,99;;368,558;368,248;5,5731383;18,91800;1,74700;0,01100;0,1007300;;14,18;364,00;;;
;;365;18,45000;2,03700;0,008000;88,275;86,82;-57,2101;0,000;101,048;35,400;0,005;460,050;493,450;26,90;852,850;263,190;0,000;606,600;580,800;551,700;313,150;;;;;0,00;0,00;0,00;3,00;2,91;15,822;27,424;0,61;0,53;999998,00;999998,00;999998,00;999998,00;999998,00;999998,00;999998,00;999998,00;999998,00;999998,00;999998,00;999998,00;999998,00;999998,00;999998,00;;;;;;;;;;;;;;;;;560,1789;43,89098;259,0126;0,12830607;0,12830607;0,00108;3,85727;134,9942;19,142462;0,141655;24,934639;26,744915;0,0332;3,3058;5,49;546,00;0,00;0,49;42,43;;369,075;369,280;5,6314787;18,93800;1,73300;0,01000;0,0997225;;14,01;365,00;;;
;;366;18,50100;1,98500;0,021000;78,200;88,69;-57,3700;0,000;101,052;35,400;0,005;459,350;492,050;26,90;853,217;263,190;0,000;608,200;580,500;551,500;313,150;;;;;0,00;0,00;0,00;3,00;2,91;15,814;27,424;0,61;0,54;999998,00;999998,00;999998,00;999998,00;999998,00;999998,00;999998,00;999998,00;999998,00;999998,00;999998,00;999998,00;999998,00;999998,00;999998,00;;;;;;;;;;;;;;;;;522,1464;18,36797;92,7607;0,28577677;0,28577677;0,00308;1,61771;135,5163;18,030715;0,120302;23,450761;25,120163;0,0265;2,6369;5,52;548,64;0,00;0,46;39,61;;369,545;369,280;5,2491382;18,95600;1,71900;0,02300;0,0986737;;13,85;366,00;;;
;;367;18,55800;1,92900;0,013000;84,725;89,38;-57,7500;0,000;101,048;35,400;0,005;458,850;490,650;26,90;852,150;263,190;0,000;605,600;580,200;551,200;313,150;;;;;0,00;0,00;0,00;3,00;2,91;15,830;27,413;0,61;0,55;999998,00;999998,00;999998,00;999998,00;999998,00;999998,00;999998,00;999998,00;999998,00;999998,00;999998,00;999998,00;999998,00;999998,00;999998,00;;;;;;;;;;;;;;;;;540,2124;18,15065;86,1334;0,29920451;0,29920451;0,00222;1,59570;136,0565;18,778109;0,112621;24,396238;26,086987;0,0258;2,5636;5,54;551,20;0,00;0,48;40,94;;369,986;370,266;5,4307556;18,97100;1,70500;0,01700;0,0980173;;13,47;367,00;;;
;;368;18,62700;1,89800;0,026000;83,350;89,49;-57,9301;0,000;101,050;35,400;0,005;458,350;489,750;26,90;850,283;263,190;0,000;600,400;580,000;551,000;313,150;;;;;0,00;0,00;0,00;3,00;2,92;15,822;27,421;0,61;0,55;999998,00;999998,00;999998,00;999998,00;999998,00;999998,00;999998,00;999998,00;999998,00;999998,00;999998,00;999998,00;999998,00;999998,00;999998,00;;;;;;;;;;;;;;;;;530,4985;33,49296;158,5261;0,15923055;0,15923055;0,00319;2,92367;136,5870;18,635267;0,111358;24,184278;25,841061;0,0252;2,5109;5,57;553,71;0,00;0,47;40,18;;370,435;370,266;5,3331017;18,99300;1,67600;0,02300;0,0969827;;13,29;368,00;;;
;;369;18,69000;1,86000;0,035000;83,625;89,25;-58,1001;0,000;101,048;35,400;0,005;457,750;488,250;26,90;848,650;263,190;0,000;596,000;579,800;550,700;313,150;;;;;0,00;0,00;0,00;3,00;2,92;15,835;27,416;0,61;0,54;999998,00;999998,00;999998,00;999998,00;999998,00;999998,00;999998,00;999998,00;999998,00;999998,00;999998,00;999998,00;999998,00;999998,00;999998,00;;;;;;;;;;;;;;;;;522,3270;35,40882;174,1322;0,14829508;0,14829508;0,00303;3,10215;137,1093;18,678213;0,114007;24,208281;25,821285;0,0258;2,5687;5,59;556,28;0,00;0,46;39,57;;370,858;371,139;5,2509538;19,02700;1,65300;0,02200;0,0952521;;13,12;369,00;;;
;;370;18,73600;1,82900;0,037000;81,050;89,26;-58,2600;0,000;101,050;35,400;0,005;457,250;487,350;26,90;847,250;263,190;0,000;592,300;579,500;550,500;313,150;;;;;0,00;0,00;0,00;3,00;2,92;15,801;27,429;0,61;0,54;999998,00;999998,00;999998,00;999998,00;999998,00;999998,00;999998,00;999998,00;999998,00;999998,00;999998,00;999998,00;999998,00;999998,00;999998,00;;;;;;;;;;;;;;;;;507,3320;18,88901;93,9291;0,27000936;0,27000936;0,00250;1,65843;137,6167;18,398444;0,113884;23,819634;25,387640;0,0254;2,5228;5,62;558,80;0,00;0,45;38,43;;371,247;371,139;5,1002086;19,05400;1,63400;0,01900;0,0939111;;12,96;370,00;;;
;;371;18,77600;1,80100;0,033000;82,275;88,80;-58,6101;0,000;101,052;35,300;0,005;456,950;486,550;26,90;846,417;263,190;0,000;590,400;579,200;550,200;313,150;;;;;0,00;0,00;0,00;3,00;2,92;15,778;27,442;0,61;0,54;999998,00;999998,00;999998,00;999998,00;999998,00;999998,00;999998,00;999998,00;999998,00;999998,00;999998,00;999998,00;999998,00;999998,00;999998,00;;;;;;;;;;;;;;;;;504,7698;18,73573;98,5022;0,27084351;0,27084351;0,00121;1,64012;138,1214;18,543045;0,119059;23,991091;25,545169;0,0267;2,6538;5,64;561,46;0,00;0,44;38,19;;371,610;371,907;5,0744505;19,08100;1,60900;0,01100;0,0926958;;12,61;371,00;;;
;;372;18,81000;1,77500;0,009000;82,925;88,67;-58,7700;0,000;101,052;35,300;0,005;455,950;484,650;26,90;845,350;263,190;0,000;587,700;578,900;550,000;313,150;;;;;0,00;0,00;0,00;3,00;2,92;15,801;27,421;0,61;0,54;999998,00;999998,00;999998,00;999998,00;999998,00;999998,00;999998,00;999998,00;999998,00;999998,00;999998,00;999998,00;999998,00;999998,00;999998,00;;;;;;;;;;;;;;;;;500,1080;34,68293;186,5882;0,14495850;0,14495850;0,00088;3,03856;138,6216;18,636552;0,120570;24,059304;25,573729;0,0270;2,6905;5,67;564,15;0,00;0,44;37,82;;371,962;371,907;5,0275853;19,10800;1,58800;0,00900;0,0913661;;12,45;372,00;;;
;;373;18,84900;1,76200;0,001000;81,450;87,75;-58,9301;0,000;101,050;35,300;0,005;455,050;482,750;26,90;844,317;263,190;0,000;585,200;578,600;549,700;313,150;;;;;0,00;0,00;0,00;3,00;2,92;15,816;27,437;0,61;0,53;999998,00;999998,00;999998,00;999998,00;999998,00;999998,00;999998,00;999998,00;999998,00;999998,00;999998,00;999998,00;999998,00;999998,00;999998,00;;;;;;;;;;;;;;;;;489,1478;35,53630;209,8620;0,13837687;0,13837687;-0,00043;3,10050;139,1107;18,488319;0,131003;23,820826;25,270858;0,0290;2,8887;5,70;567,04;0,00;0,43;36,93;;372,291;372,577;4,9174025;19,13700;1,56000;0,00100;0,0900674;;12,29;373,00;;;
;;374;18,88100;1,74700;-0,003000;85,100;88,02;-59,0801;0,000;101,052;35,400;0,005;454,550;481,950;26,90;843,550;263,190;0,000;583,400;578,300;549,500;313,150;;;;;0,00;0,00;0,00;3,00;2,92;15,782;27,424;0,61;0,54;999998,00;999998,00;999998,00;999998,00;999998,00;999998,00;999998,00;999998,00;999998,00;999998,00;999998,00;999998,00;999998,00;999998,00;999998,00;;;;;;;;;;;;;;;;;489,4167;18,45068;108,5670;0,26666260;0,26666260;-0,00077;1,61074;139,6001;18,908426;0,127911;24,335334;25,802254;0,0290;2,8798;5,73;569,92;0,00;0,43;36,94;;372,604;372,577;4,9201063;19,17700;1,52800;-0,00100;0,0880965;;12,14;374,00;;;
;;375;18,90400;1,73300;0,011000;82,650;91,36;-59,4301;0,000;101,054;35,300;0,005;453,950;480,650;26,90;842,750;263,190;0,000;581,600;577,900;549,300;313,150;;;;;0,00;0,00;0,00;3,00;2,92;15,816;27,458;0,61;0,56;999998,00;999998,00;999998,00;999998,00;999998,00;999998,00;999998,00;999998,00;999998,00;999998,00;999998,00;999998,00;999998,00;999998,00;999998,00;;;;;;;;;;;;;;;;;472,2149;18,14269;77,0917;0,26165771;0,26165771;0,00319;1,57846;140,0723;18,646565;0,090619;23,966640;25,376286;0,0202;2,0065;5,75;571,92;0,00;0,41;35,71;;372,892;373,154;4,7471760;19,21200;1,49100;0,02300;0,0861787;;11,79;375,00;;;
;;376;18,91800;1,71900;0,010000;82,375;91,58;-59,5701;0,000;101,054;35,300;0,005;453,350;479,850;26,90;841,883;263,190;0,000;579,600;577,600;549,000;313,150;;;;;0,00;0,00;0,00;3,00;2,93;15,816;27,434;0,61;0,56;999998,00;999998,00;999998,00;999998,00;999998,00;999998,00;999998,00;999998,00;999998,00;999998,00;999998,00;999998,00;999998,00;999998,00;999998,00;;;;;;;;;;;;;;;;;460,7857;43,41834;183,5902;0,10668945;0,10668945;0,00203;3,79249;140,5331;18,627833;0,088228;23,910917;25,308599;0,0196;1,9484;5,77;573,87;0,00;0,40;34,83;;373,141;373,154;4,6322785;19,25300;1,46300;0,01600;0,0841592;;11,65;376,00;;;
;;377;18,93800;1,70500;0,023000;86,975;92,37;-59,7101;0,000;101,052;35,300;0,005;452,950;478,950;26,90;841,183;263,190;0,000;578,000;577,300;548,800;313,150;;;;;0,00;0,00;0,00;3,00;2,93;15,793;27,442;0,61;0,56;999998,00;999998,00;999998,00;999998,00;999998,00;999998,00;999998,00;999998,00;999998,00;999998,00;999998,00;999998,00;999998,00;999998,00;999998,00;;;;;;;;;;;;;;;;;463,9896;18,53577;72,0784;0,25164795;0,25164795;0,00091;1,60980;140,9971;19,149327;0,079627;24,558626;25,968327;0,0181;1,8043;5,79;575,67;0,00;0,41;35,01;;373,378;373,657;4,6644873;19,29100;1,42600;0,00900;0,0824210;;11,51;377,00;;;
;;378;18,95600;1,67600;0,017000;84,550;92,08;-60,0400;0,000;101,054;35,300;0,005;452,050;477,550;26,90;840,683;263,190;0,000;576,900;577,100;548,600;313,150;;;;;0,00;0,00;0,00;3,00;2,93;15,801;27,418;0,61;0,56;999998,00;999998,00;999998,00;999998,00;999998,00;999998,00;999998,00;999998,00;999998,00;999998,00;999998,00;999998,00;999998,00;999998,00;999998,00;;;;;;;;;;;;;;;;;446,4280;18,32001;75,8002;0,24497477;0,24497477;0,00223;1,60017;141,4435;18,899269;0,082839;24,189770;25,554308;0,0186;1,8471;5,81;577,52;0,00;0,39;33,74;;373,594;373,657;4,4879411;19,33000;1,39900;0,01700;0,0803339;;11,18;378,00;;;
;;379;18,97100;1,65300;0,023000;87,250;90,95;-60,1700;0,000;101,050;35,300;0,005;451,250;475,750;26,90;840,283;263,196;0,000;576,100;576,800;548,500;313,150;;;;;0,00;0,00;0,00;3,00;2,93;15,765;27,445;0,61;0,55;999998,00;999998,00;999998,00;999998,00;999998,00;999998,00;999998,00;999998,00;999998,00;999998,00;999998,00;999998,00;999998,00;999998,00;999998,00;;;;;;;;;;;;;;;;;445,4604;37,83638;182,5533;0,11835734;0,11835734;0,00413;3,32025;141,8890;19,215670;0,095160;24,551217;25,884192;0,0216;2,1493;5,83;579,67;0,00;0,39;33,73;;373,785;374,085;4,4782129;19,35700;1,38000;0,02800;0,0788285;;11,05;379,00;;;
;;380;18,99300;1,63400;0,022000;86,250;91,72;-60,3101;0,000;101,054;35,300;0,005;450,550;474,550;26,90;840,050;263,196;0,000;575,800;576,600;548,300;313,150;;;;;0,00;0,00;0,00;3,00;2,93;15,784;27,434;0,61;0,55;999998,00;999998,00;999998,00;999998,00;999998,00;999998,00;999998,00;999998,00;999998,00;999998,00;999998,00;999998,00;999998,00;999998,00;999998,00;;;;;;;;;;;;;;;;;439,1277;35,33366;156,3845;0,12493896;0,12493896;0,00192;3,10626;142,3281;19,120071;0,086701;24,391177;25,690452;0,0195;1,9436;5,85;581,61;0,00;0,39;33,21;;373,966;374,085;4,4145503;19,37400;1,37000;0,01500;0,0780893;;10,91;380,00;;;
;;381;19,02700;1,60900;0,019000;85,075;91,85;-60,4500;0,000;101,054;35,300;0,005;449,450;472,450;26,90;839,783;263,196;0,000;575,200;576,500;548,200;313,150;;;;;0,00;0,00;0,00;3,00;2,93;15,822;27,456;0,61;0,55;999998,00;999998,00;999998,00;999998,00;999998,00;999998,00;999998,00;999998,00;999998,00;999998,00;999998,00;999998,00;999998,00;999998,00;999998,00;;;;;;;;;;;;;;;;;433,5541;17,20584;75,1900;0,25331624;0,25331624;0,00090;1,50965;142,7617;19,012609;0,085375;24,194875;25,433015;0,0190;1,8946;5,87;583,51;0,00;0,38;32,75;;374,129;374,429;4,3585194;19,38700;1,35800;0,00900;0,0775289;;10,77;381,00;;;
;;382;19,05400;1,58800;0,011000;88,775;90,97;-60,7800;0,000;101,054;35,300;0,005;448,350;470,450;26,90;839,617;263,196;0,000;575,100;576,300;548,000;313,150;;;;;0,00;0,00;0,00;3,00;2,93;15,830;27,437;0,61;0,55;999998,00;999998,00;999998,00;999998,00;999998,00;999998,00;999998,00;999998,00;999998,00;999998,00;999998,00;999998,00;999998,00;999998,00;999998,00;;;;;;;;;;;;;;;;;437,4966;18,84644;92,4005;0,23336792;0,23336792;0,00264;1,65431;143,1992;19,445459;0,094905;24,685142;25,901919;0,0216;2,1450;5,89;585,65;0,00;0,39;33,09;;374,290;374,429;4,3981537;19,40600;1,34100;0,01900;0,0764850;;10,44;382,00;;;
;;383;19,08100;1,56000;0,009000;85,875;92,12;-60,8900;0,000;101,048;35,300;0,005;447,450;468,950;26,90;839,383;263,196;0,000;574,700;576,100;547,900;313,150;;;;;0,00;0,00;0,00;3,00;2,93;15,799;27,445;0,61;0,55;999998,00;999998,00;999998,00;999998,00;999998,00;999998,00;999998,00;999998,00;999998,00;999998,00;999998,00;999998,00;999998,00;999998,00;999998,00;;;;;;;;;;;;;;;;;428,8469;40,07641;170,7175;0,10757446;0,10757446;-0,00112;3,50599;143,6280;19,144435;0,082361;24,254221;25,419638;0,0184;1,8268;5,91;587,48;0,00;0,38;32,32;;374,444;374,725;4,3111979;19,41800;1,33100;-0,00300;0,0761472;;10,33;383,00;;;
;;384;19,10800;1,52800;0,001000;84,675;91,08;-61,0302;0,000;101,048;35,300;0,005;446,750;468,050;26,90;839,250;263,196;0,000;574,600;576,000;547,700;313,150;;;;;0,00;0,00;0,00;3,00;2,94;15,843;27,461;0,61;0,55;999998,00;999998,00;999998,00;999998,00;999998,00;999998,00;999998,00;999998,00;999998,00;999998,00;999998,00;999998,00;999998,00;999998,00;999998,00;;;;;;;;;;;;;;;;;423,1430;30,56360;148,9956;0,13918050;0,13918050;0,00073;2,67201;144,0512;19,025092;0,093764;24,065317;25,212695;0,0207;2,0628;5,93;589,54;0,00;0,37;31,93;;374,578;374,725;4,2538571;19,42700;1,32100;0,00800;0,0756023;;10,19;384,00;;;
;;385;19,13700;1,49100;-0,001000;83,975;91,67;-61,1600;0,000;101,048;35,300;0,005;445,950;466,850;26,90;839,683;263,196;0,000;576,000;576,000;547,600;313,150;;;;;0,00;0,00;0,00;3,00;2,94;15,770;27,445;0,60;0,55;999998,00;999998,00;999998,00;999998,00;999998,00;999998,00;999998,00;999998,00;999998,00;999998,00;999998,00;999998,00;999998,00;999998,00;999998,00;;;;;;;;;;;;;;;;;418,5444;41,08737;187,5107;0,10240682;0,10240682;0,00023;3,59703;144,4697;18,963275;0,087331;23,944170;25,066343;0,0192;1,9101;5,95;591,45;0,00;0,37;31,58;;374,698;374,979;4,2076268;19,43900;1,31300;0,00500;0,0750197;;10,06;385,00;;;
;;386;19,17700;1,46300;0,023000;86,625;90,50;-61,2700;0,000;101,048;35,300;0,005;445,050;465,350;26,90;839,383;263,196;0,000;575,300;575,900;547,500;313,150;;;;;0,00;0,00;0,00;3,00;2,94;15,793;27,429;0,60;0,54;999998,00;999998,00;999998,00;999998,00;999998,00;999998,00;999998,00;999998,00;999998,00;999998,00;999998,00;999998,00;999998,00;999998,00;999998,00;;;;;;;;;;;;;;;;;421,2551;19,10183;100,5993;0,22170003;0,22170003;0,00227;1,67859;144,8910;19,279629;0,100089;24,294487;25,402628;0,0223;2,2185;5,97;593,67;0,00;0,37;31,85;;374,815;374,979;4,2348772;19,45100;1,30500;0,01700;0,0742617;;9,95;386,00;;;
;;387;19,21200;1,42600;0,016000;84,375;89,99;-61,5801;0,000;101,050;35,300;0,005;444,350;464,250;26,90;839,217;263,196;0,000;574,900;575,800;547,500;313,150;;;;;0,00;0,00;0,00;3,00;2,94;15,791;27,456;0,60;0,54;999998,00;999998,00;999998,00;999998,00;999998,00;999998,00;999998,00;999998,00;999998,00;999998,00;999998,00;999998,00;999998,00;999998,00;999998,00;;;;;;;;;;;;;;;;;413,9646;16,81051;93,8564;0,24755859;0,24755859;0,00342;1,47888;145,3049;19,042578;0,105820;23,958035;25,030984;0,0232;2,3112;5,99;595,98;0,00;0,37;31,33;;374,926;375,193;4,1615864;19,45700;1,30000;0,02400;0,0738827;;9,64;387,00;;;
;;388;19,25300;1,39900;0,009000;86,425;89,81;-61,7301;0,000;101,048;35,300;0,005;443,550;463,150;26,90;839,750;263,196;0,000;576,600;575,800;547,400;313,250;;;;;0,00;0,00;0,00;3,00;2,94;15,772;27,437;0,60;0,54;999998,00;999998,00;999998,00;999998,00;999998,00;999998,00;999998,00;999998,00;999998,00;999998,00;999998,00;999998,00;999998,00;999998,00;999998,00;;;;;;;;;;;;;;;;;417,3316;31,67650;180,5073;0,13244629;0,13244629;0,00381;2,78451;145,7223;19,289894;0,107743;24,225497;25,295996;0,0239;2,3781;6,02;598,36;0,00;0,37;31,59;;375,031;375,193;4,1954350;19,46400;1,29300;0,02600;0,0735261;;9,49;388,00;;;
;;389;19,29100;1,38000;0,017000;87,725;88,86;-61,8700;0,000;101,050;35,300;0,005;442,450;461,150;26,90;839,583;263,203;0,000;576,200;575,800;547,300;313,150;;;;;0,00;0,00;0,00;3,00;2,94;15,772;27,448;0,60;0,53;999998,00;999998,00;999998,00;999998,00;999998,00;999998,00;999998,00;999998,00;999998,00;999998,00;999998,00;999998,00;999998,00;999998,00;999998,00;;;;;;;;;;;;;;;;;418,3478;35,56101;223,1296;0,11826579;0,11826579;0,00367;3,13304;146,1406;19,458575;0,118404;24,376733;25,407007;0,0264;2,6249;6,04;600,99;0,00;0,37;31,67;;375,141;375,403;4,2056505;19,47300;1,28800;0,02500;0,0730626;;9,35;389,00;;;
;;390;19,33000;1,37000;0,028000;88,050;90,31;-62,0000;0,000;101,050;35,300;0,005;441,650;459,950;26,90;839,383;263,203;0,000;575,600;575,800;547,300;313,250;;;;;0,00;0,00;0,00;3,00;2,94;15,852;27,440;0,60;0,54;999998,00;999998,00;999998,00;999998,00;999998,00;999998,00;999998,00;999998,00;999998,00;999998,00;999998,00;999998,00;999998,00;999998,00;999998,00;;;;;;;;;;;;;;;;;418,2179;17,39348;94,3002;0,24171956;0,24171956;0,00471;1,53465;146,5588;19,512234;0,102261;24,399757;25,410774;0,0228;2,2674;6,06;603,25;0,00;0,37;31,70;;375,251;375,403;4,2043447;19,47600;1,28600;0,03100;0,0728379;;9,22;390,00;;;
;;391;19,35700;1,35800;0,015000;85,550;92,64;-62,3201;0,000;101,052;35,200;0,005;441,050;459,150;26,90;839,017;263,203;0,000;574,600;575,800;547,200;313,150;;;;;0,00;0,00;0,00;3,00;2,94;15,816;27,458;0,60;0,55;999998,00;999998,00;999998,00;999998,00;999998,00;999998,00;999998,00;999998,00;999998,00;999998,00;999998,00;999998,00;999998,00;999998,00;999998,00;;;;;;;;;;;;;;;;;413,9152;18,08923;73,2196;0,23003133;0,23003133;0,00227;1,59449;146,9727;19,246312;0,076739;24,034529;25,020869;0,0168;1,6754;6,08;604,93;0,00;0,37;31,31;;375,356;375,612;4,1610898;19,47400;1,28900;0,01700;0,0730852;;8,90;391,00;;;
;;392;19,37400;1,34100;0,009000;85,575;92,22;-62,4301;0,000;101,050;35,200;0,005;440,450;458,450;26,90;838,850;263,203;0,000;574,100;575,800;547,200;313,150;;;;;0,00;0,00;0,00;3,00;2,95;15,784;27,437;0,60;0,55;999998,00;999998,00;999998,00;999998,00;999998,00;999998,00;999998,00;999998,00;999998,00;999998,00;999998,00;999998,00;999998,00;999998,00;999998,00;;;;;;;;;;;;;;;;;415,0501;43,17160;184,4997;0,09664917;0,09664917;0,00125;3,77981;147,3878;19,262231;0,081302;24,021685;25,003387;0,0178;1,7738;6,10;606,70;0,00;0,37;31,33;;375,456;375,612;4,1724991;19,47400;1,28300;0,01100;0,0732256;;8,79;392,00;;;
;;393;19,38700;1,33100;0,019000;83,300;89,04;-62,5500;0,000;101,052;35,200;0,005;439,850;458,150;26,90;839,650;263,203;0,000;576,400;575,900;547,200;313,150;;;;;0,00;0,00;0,00;3,00;2,95;15,784;27,458;0,59;0,53;999998,00;999998,00;999998,00;999998,00;999998,00;999998,00;999998,00;999998,00;999998,00;999998,00;999998,00;999998,00;999998,00;999998,00;999998,00;;;;;;;;;;;;;;;;;407,5899;37,82522;232,4230;0,10832723;0,10832723;-0,00128;3,31067;147,7954;19,017422;0,116349;23,684079;24,669458;0,0252;2,5045;6,12;609,21;0,00;0,36;30,70;;375,547;375,790;4,0975012;19,48500;1,27600;-0,00400;0,0728308;;8,67;393,00;;;
;;394;19,40600;1,32100;-0,003000;86,450;88,64;-62,6801;0,000;101,052;35,200;0,005;439,250;457,350;26,90;840,050;263,203;0,000;577,600;575,900;547,200;313,150;;;;;0,00;0,00;0,00;3,00;2,95;15,784;27,440;0,59;0,52;999998,00;999998,00;999998,00;999998,00;999998,00;999998,00;999998,00;999998,00;999998,00;999998,00;999998,00;999998,00;999998,00;999998,00;999998,00;;;;;;;;;;;;;;;;;413,0935;16,28205;104,3685;0,25505575;0,25505575;0,00126;1,42877;148,2085;19,386885;0,120879;24,111270;25,104813;0,0266;2,6479;6,15;611,86;0,00;0,36;31,19;;375,635;375,790;4,1528293;19,49000;1,27200;0,01100;0,0724056;;8,54;394,00;;;
;;395;19,41800;1,31300;0,008000;86,150;90,07;-63,0201;0,000;101,052;35,200;0,005;438,850;456,950;26,90;841,617;263,203;0,000;582,300;575,900;547,200;313,150;;;;;0,00;0,00;0,00;3,00;2,95;15,767;27,464;0,59;0,53;999998,00;999998,00;999998,00;999998,00;999998,00;999998,00;999998,00;999998,00;999998,00;999998,00;999998,00;999998,00;999998,00;999998,00;999998,00;;;;;;;;;;;;;;;;;411,2165;17,10230;95,3682;0,24171956;0,24171956;0,00040;1,49953;148,6197;19,362036;0,104906;24,058437;25,050707;0,0231;2,2931;6,17;614,15;0,00;0,36;31,03;;375,728;375,961;4,1339595;19,49600;1,26700;0,00600;0,0721669;;8,20;395,00;;;
;;396;19,42700;1,30500;0,005000;84,625;91,07;-63,1301;0,000;101,048;35,200;0,005;438,150;455,850;26,90;842,450;263,203;0,000;584,800;576,000;547,100;313,150;;;;;0,00;0,00;0,00;3,00;2,95;15,793;27,450;0,59;0,53;999998,00;999998,00;999998,00;999998,00;999998,00;999998,00;999998,00;999998,00;999998,00;999998,00;999998,00;999998,00;999998,00;999998,00;999998,00;;;;;;;;;;;;;;;;;403,6847;42,75900;214,9594;0,09490967;0,09490967;0,00159;3,74477;149,0234;19,205224;0,093827;23,825524;24,788006;0,0204;2,0294;6,19;616,18;0,00;0,36;30,48;;375,808;375,961;4,0582422;19,51000;1,25300;0,01300;0,0714186;;8,09;396,00;;;
;;397;19,43900;1,30000;0,017000;87,475;90,46;-63,2500;0,000;101,048;35,200;0,005;437,150;454,650;27,00;842,017;263,203;0,000;583,400;576,100;547,100;313,150;;;;;0,00;0,00;0,00;3,00;2,95;15,803;27,453;0,59;0,53;999998,00;999998,00;999998,00;999998,00;999998,00;999998,00;999998,00;999998,00;999998,00;999998,00;999998,00;999998,00;999998,00;999998,00;999998,00;;;;;;;;;;;;;;;;;407,9043;37,30441;201,9847;0,10992432;0,10992432;0,00058;3,26380;149,4313;19,548263;0,100585;24,195741;25,164345;0,0222;2,2086;6,22;618,39;0,00;0,36;30,77;;375,883;376,130;4,1006622;19,52200;1,24300;0,00700;0,0708943;;7,97;397,00;;;
;;398;19,45100;1,29300;0,024000;87,075;90,38;-63,3800;0,000;101,048;35,100;0,005;436,850;454,250;26,90;841,750;263,203;0,000;582,700;576,000;547,100;313,150;;;;;0,00;0,00;0,00;3,00;2,95;15,799;27,440;0,59;0,53;999998,00;999998,00;999998,00;999998,00;999998,00;999998,00;999998,00;999998,00;999998,00;999998,00;999998,00;999998,00;999998,00;999998,00;999998,00;;;;;;;;;;;;;;;;;403,5920;16,67014;91,7374;0,24338786;0,24338786;0,00282;1,46384;149,8349;19,510213;0,101436;24,132072;25,093268;0,0223;2,2210;6,24;620,61;0,00;0,36;30,51;;375,958;376,130;4,0573100;19,53100;1,23700;0,02000;0,0702782;;7,84;398,00;;;
;;399;19,45700;1,28800;0,026000;86,825;89,95;-63,7001;0,000;101,050;35,100;0,005;436,050;453,150;26,90;841,550;263,203;0,000;581,900;576,200;547,100;313,150;;;;;0,00;0,00;0,00;3,00;2,95;15,822;27,461;0,59;0,53;999998,00;999998,00;999998,00;999998,00;999998,00;999998,00;999998,00;999998,00;999998,00;999998,00;999998,00;999998,00;999998,00;999998,00;999998,00;;;;;;;;;;;;;;;;;401,2118;17,59709;101,7393;0,22920736;0,22920736;0,00282;1,54317;150,2361;19,500048;0,106254;24,075330;25,019461;0,0233;2,3196;6,26;622,93;0,00;0,35;30,32;;376,025;376,272;4,0333817;19,53900;1,22900;0,02000;0,0698974;;7,52;399,00;;;
;;400;19,46400;1,28600;0,025000;88,650;90,49;-63,8101;0,000;101,050;35,100;0,005;435,450;452,450;27,00;841,317;263,203;0,000;581,300;576,100;547,100;313,250;;;;;0,00;0,00;0,00;3,00;2,95;15,803;27,456;0,59;0,53;999998,00;999998,00;999998,00;999998,00;999998,00;999998,00;999998,00;999998,00;999998,00;999998,00;999998,00;999998,00;999998,00;999998,00;999998,00;;;;;;;;;;;;;;;;;401,7743;39,12242;215,1287;0,10324097;0,10324097;0,00285;3,41162;150,6379;19,717491;0,100238;24,310295;25,259370;0,0222;2,2093;6,28;625,14;0,00;0,35;30,34;;376,088;376,272;4,0390368;19,55400;1,21100;0,02000;0,0692186;;7,41;400,00;;;
;;401;19,47300;1,28900;0,031000;83,150;89,40;-63,9399;0,000;101,050;35,200;0,005;434,950;452,050;26,90;840,983;263,209;0,000;580,200;576,200;547,100;313,250;;;;;0,00;0,00;0,00;3,00;2,96;15,791;27,456;0,59;0,52;999998,00;999998,00;999998,00;999998,00;999998,00;999998,00;999998,00;999998,00;999998,00;999998,00;999998,00;999998,00;999998,00;999998,00;999998,00;;;;;;;;;;;;;;;;;383,4213;34,77571;217,5313;0,11083984;0,11083984;0,00040;3,03449;151,0213;19,107017;0,112394;23,530573;24,455674;0,0241;2,3984;6,31;627,54;0,00;0,34;28,89;;376,129;376,352;3,8545342;19,57800;1,19400;0,00600;0,0681586;;7,28;401,00;;;
;;402;19,47600;1,28300;0,017000;84,650;91,07;-64,0601;0,000;101,050;35,200;0,005;434,750;452,050;26,90;840,417;263,209;0,000;578,500;576,200;547,100;313,250;;;;;0,00;0,00;0,00;3,00;2,96;15,784;27,464;0,58;0,53;999998,00;999998,00;999998,00;999998,00;999998,00;999998,00;999998,00;999998,00;999998,00;999998,00;999998,00;999998,00;999998,00;999998,00;999998,00;;;;;;;;;;;;;;;;;380,1134;16,49166;87,7044;0,23170980;0,23170980;0,00091;1,43820;151,4014;19,283023;0,093866;23,736408;24,680950;0,0203;2,0215;6,33;629,56;0,00;0,33;28,65;;376,144;376,352;3,8212799;19,60200;1,17300;0,00900;0,0669456;;7,16;402,00;;;
;;403;19,47400;1,27600;0,011000;84,825;92,30;-64,3700;0,000;101,052;35,200;0,005;434,350;451,650;26,90;840,150;263,209;0,000;577,800;576,200;547,000;313,150;;;;;0,00;0,00;0,00;3,00;2,96;15,780;27,461;0,58;0,54;999998,00;999998,00;999998,00;999998,00;999998,00;999998,00;999998,00;999998,00;999998,00;999998,00;999998,00;999998,00;999998,00;999998,00;999998,00;;;;;;;;;;;;;;;;;375,6422;17,10573;78,8982;0,22076416;0,22076416;-0,00147;1,49034;151,7770;19,311832;0,080403;23,749997;24,695951;0,0174;1,7326;6,35;631,29;0,00;0,33;28,25;;376,148;376,368;3,7763314;19,62300;1,15700;-0,00500;0,0660521;;6,85;403,00;;;
;;404;19,47400;1,27200;-0,004000;88,625;92,37;-64,4700;0,000;101,044;35,200;0,005;433,750;450,950;26,90;839,850;263,209;0,000;576,800;576,300;547,000;313,250;;;;;0,00;0,00;0,00;3,00;2,96;15,774;27,461;0,58;0,53;999998,00;999998,00;999998,00;999998,00;999998,00;999998,00;999998,00;999998,00;999998,00;999998,00;999998,00;999998,00;999998,00;999998,00;999998,00;;;;;;;;;;;;;;;;;379,4850;46,21393;213,6546;0,08255005;0,08255005;0,00076;4,00716;152,1565;19,753307;0,079720;24,259373;25,221359;0,0176;1,7544;6,36;633,04;0,00;0,33;28,57;;376,151;376,368;3,8149623;19,63800;1,13800;0,00800;0,0652320;;6,75;404,00;;;
;;405;19,48500;1,26700;0,011000;87,450;90,92;-64,5701;0,000;101,054;35,200;0,005;433,350;450,450;26,90;839,750;263,209;0,000;576,500;576,300;547,000;313,250;;;;;0,00;0,00;0,00;3,00;2,96;15,759;27,466;0,58;0,53;999998,00;999998,00;999998,00;999998,00;999998,00;999998,00;999998,00;999998,00;999998,00;999998,00;999998,00;999998,00;999998,00;999998,00;999998,00;;;;;;;;;;;;;;;;;371,3994;46,16218;259,3181;0,08088175;0,08088175;0,00041;4,03105;152,5279;19,630979;0,095499;24,086906;25,037376;0,0210;2,0864;6,38;635,13;0,00;0,33;27,98;;376,150;376,354;3,7336782;19,65700;1,12900;0,00600;0,0642331;;6,65;405,00;;;
;;406;19,49000;1,25300;0,006000;86,775;91,12;-64,6700;0,000;101,046;35,200;0,005;432,750;449,750;26,90;840,017;263,209;0,000;577,100;576,400;547,100;313,250;;;;;0,00;0,00;0,00;3,00;2,96;15,793;27,472;0,58;0,53;999998,00;999998,00;999998,00;999998,00;999998,00;999998,00;999998,00;999998,00;999998,00;999998,00;999998,00;999998,00;999998,00;999998,00;999998,00;;;;;;;;;;;;;;;;;368,3832;15,81884;87,0766;0,23411051;0,23411051;0,00041;1,39080;152,8963;19,568620;0,093260;23,977150;24,919060;0,0204;2,0278;6,41;637,16;0,00;0,33;27,78;;376,134;376,354;3,7033567;19,66200;1,13100;0,00600;0,0639123;;6,55;406,00;;;
;;407;19,49600;1,24300;0,013000;86,900;89,91;-65,0000;0,000;101,046;35,200;0,005;431,950;448,650;26,90;840,417;263,209;0,000;578,200;576,500;547,100;313,150;;;;;0,00;0,00;0,00;3,00;2,96;15,791;27,461;0,58;0,52;999998,00;999998,00;999998,00;999998,00;999998,00;999998,00;999998,00;999998,00;999998,00;999998,00;999998,00;999998,00;999998,00;999998,00;999998,00;;;;;;;;;;;;;;;;;370,2861;15,95115;99,8785;0,23336792;0,23336792;0,00145;1,40395;153,2666;19,600836;0,106718;23,972225;24,899036;0,0233;2,3186;6,43;639,48;0,00;0,33;27,96;;376,117;376,327;3,7224861;19,65600;1,13600;0,01200;0,0641389;;6,22;407,00;;;
;;408;19,51000;1,23700;0,007000;90,450;90,90;-65,1001;0,000;101,046;35,200;0,005;431,250;447,350;26,90;840,550;263,209;0,000;578,500;576,600;547,100;313,150;;;;;0,00;0,00;0,00;3,00;2,96;15,824;27,485;0,58;0,52;999998,00;999998,00;999998,00;999998,00;999998,00;999998,00;999998,00;999998,00;999998,00;999998,00;999998,00;999998,00;999998,00;999998,00;999998,00;;;;;;;;;;;;;;;;;379,4047;44,84472;250,3107;0,08505249;0,08505249;0,00377;3,96203;153,6460;20,013413;0,095742;24,437150;25,349469;0,0213;2,1177;6,45;641,59;0,00;0,34;28,72;;376,114;376,327;3,8141550;19,64800;1,14400;0,02500;0,0643662;;6,12;408,00;;;
;;409;19,52200;1,22900;0,020000;88,900;91,70;-65,2101;0,000;101,046;35,200;0,005;430,550;446,550;26,90;840,650;263,209;0,000;578,800;576,600;547,100;313,250;;;;;0,00;0,00;0,00;3,00;2,97;15,809;27,469;0,58;0,53;999998,00;999998,00;999998,00;999998,00;999998,00;999998,00;999998,00;999998,00;999998,00;999998,00;999998,00;999998,00;999998,00;999998,00;999998,00;;;;;;;;;;;;;;;;;378,3794;32,14972;161,8223;0,11831665;0,11831665;0,00462;2,83104;154,0244;19,857315;0,086936;24,207190;25,106772;0,0191;1,9045;6,47;643,50;0,00;0,33;28,65;;376,121;376,317;3,8038477;19,64100;1,14600;0,03000;0,0646996;;6,01;409,00;;;
;;410;19,53100;1,21100;0,020000;85,950;91,89;-65,3301;0,000;101,048;35,100;0,005;430,450;446,750;26,90;840,983;263,209;0,000;579,500;576,800;547,200;313,250;;;;;0,00;0,00;0,00;3,00;2,97;15,793;27,477;0,58;0,53;999998,00;999998,00;999998,00;999998,00;999998,00;999998,00;999998,00;999998,00;999998,00;999998,00;999998,00;999998,00;999998,00;999998,00;999998,00;;;;;;;;;;;;;;;;;371,9526;43,15359;212,3779;0,08664958;0,08664958;0,00299;3,77040;154,3963;19,527337;0,084932;23,799400;24,700620;0,0184;1,8305;6,49;645,33;0,00;0,33;28,09;;376,119;376,317;3,7392399;19,64500;1,13700;0,02100;0,0646745;;5,89;410,00;;;
;;411;19,53900;1,19400;0,020000;83,825;89,99;-65,4200;0,000;101,048;35,100;0,005;429,850;445,950;26,90;841,183;263,209;0,000;580,000;576,900;547,200;313,250;;;;;0,00;0,00;0,00;3,00;2,97;15,793;27,469;0,58;0,52;999998,00;999998,00;999998,00;999998,00;999998,00;999998,00;999998,00;999998,00;999998,00;999998,00;999998,00;999998,00;999998,00;999998,00;999998,00;;;;;;;;;;;;;;;;;363,9543;16,76195;103,5808;0,21828206;0,21828206;0,00091;1,46018;154,7603;19,297887;0,105781;23,486968;24,366671;0,0226;2,2491;6,51;647,58;0,00;0,32;27,42;;376,099;376,292;3,6588330;19,66100;1,12300;0,00900;0,0640309;;5,80;411,00;;;
;;412;19,55400;1,17300;0,006000;89,225;90,57;-65,7400;0,000;101,052;35,100;0,005;429,250;445,150;26,90;841,183;263,209;0,000;579,900;576,900;547,300;313,250;;;;;0,00;0,00;0,00;3,00;2,97;15,818;27,474;0,58;0,52;999998,00;999998,00;999998,00;999998,00;999998,00;999998,00;999998,00;999998,00;999998,00;999998,00;999998,00;999998,00;999998,00;999998,00;999998,00;;;;;;;;;;;;;;;;;370,2071;15,03852;88,4408;0,24747721;0,24747721;0,00059;1,30750;155,1305;19,923680;0,099361;24,214758;25,111705;0,0219;2,1772;6,53;649,76;0,00;0,32;27,87;;376,077;376,292;3,7216915;19,68100;1,10500;0,00700;0,0630788;;5,48;412,00;;;
;;413;19,57800;1,15700;0,009000;84,900;92,67;-65,8700;0,000;101,044;35,100;0,005;429,150;445,250;26,90;841,017;263,209;0,000;579,200;577,000;547,400;313,250;;;;;0,00;0,00;0,00;3,00;2,97;15,862;27,458;0,58;0,53;999998,00;999998,00;999998,00;999998,00;999998,00;999998,00;999998,00;999998,00;999998,00;999998,00;999998,00;999998,00;999998,00;999998,00;999998,00;;;;;;;;;;;;;;;;;356,1579;38,03059;174,4218;0,09414673;0,09414673;-0,00011;3,31510;155,4866;19,437067;0,076397;23,617837;24,503884;0,0164;1,6335;6,55;651,39;0,00;0,31;26,80;;376,046;376,214;3,5804558;19,69900;1,09300;0,00300;0,0621982;;5,35;413,00;;;
;;414;19,60200;1,13800;-0,005000;85,800;91,67;-65,9600;0,000;101,048;35,100;0,005;428,650;444,450;26,90;840,650;263,209;0,000;578,000;577,100;547,400;313,250;;;;;0,00;0,00;0,00;3,00;2,97;15,795;27,477;0,58;0,53;999998,00;999998,00;999998,00;999998,00;999998,00;999998,00;999998,00;999998,00;999998,00;999998,00;999998,00;999998,00;999998,00;999998,00;999998,00;;;;;;;;;;;;;;;;;353,9591;50,80612;268,9263;0,07003784;0,07003784;-0,00045;4,41833;155,8406;19,551212;0,087272;23,728854;24,603498;0,0188;1,8736;6,57;653,26;0,00;0,31;26,62;;375,995;376,214;3,5583510;19,71500;1,07800;0,00100;0,0614483;;5,26;414,00;;;
;;415;19,62300;1,12900;0,008000;84,675;91,08;-66,0500;0,000;101,048;35,100;0,005;428,350;444,250;27,00;840,850;263,209;0,000;578,400;577,200;547,500;313,250;;;;;0,00;0,00;0,00;3,00;2,97;15,801;27,485;0,58;0,52;999998,00;999998,00;999998,00;999998,00;999998,00;999998,00;999998,00;999998,00;999998,00;999998,00;999998,00;999998,00;999998,00;999998,00;999998,00;;;;;;;;;;;;;;;;;347,0816;16,88341;97,1909;0,20666504;0,20666504;0,00075;1,46932;156,1877;19,429412;0,093694;23,564525;24,439222;0,0201;1,9980;6,59;655,26;0,00;0,30;26,13;;375,934;376,095;3,4892112;19,73000;1,06500;0,00800;0,0606275;;5,17;415,00;;;
;;416;19,63800;1,13100;0,006000;85,750;91,39;-66,3400;0,000;101,050;35,100;0,005;427,850;443,550;26,90;840,783;263,209;0,000;578,100;577,300;547,500;313,250;;;;;0,00;0,00;0,00;3,00;2,97;15,811;27,493;0,58;0,52;999998,00;999998,00;999998,00;999998,00;999998,00;999998,00;999998,00;999998,00;999998,00;999998,00;999998,00;999998,00;999998,00;999998,00;999998,00;;;;;;;;;;;;;;;;;343,6817;16,85408;94,9495;0,20499674;0,20499674;0,00300;1,46523;156,5314;19,563778;0,090313;23,699792;24,569458;0,0195;1,9362;6,61;657,20;0,00;0,30;25,92;;375,860;376,095;3,4550325;19,74800;1,04700;0,02100;0,0596161;;4,88;416,00;;;
;;417;19,65700;1,13600;0,006000;88,725;92,18;-66,4301;0,000;101,046;35,100;0,005;427,650;443,550;26,90;840,850;263,209;0,000;578,200;577,400;547,500;313,250;;;;;0,00;0,00;0,00;3,00;2,98;15,814;27,464;0,58;0,53;999998,00;999998,00;999998,00;999998,00;999998,00;999998,00;999998,00;999998,00;999998,00;999998,00;999998,00;999998,00;999998,00;999998,00;999998,00;;;;;;;;;;;;;;;;;341,9716;41,22892;214,9066;0,08338420;0,08338420;0,00287;3,59928;156,8733;19,904909;0,081721;24,101771;24,997873;0,0179;1,7825;6,62;658,98;0,00;0,30;25,81;;375,781;375,944;3,4378406;19,77400;1,02900;0,02000;0,0582948;;4,79;417,00;;;
;;418;19,66200;1,14400;0,012000;88,425;92,57;-66,5400;0,000;101,050;35,100;0,005;427,150;442,950;26,90;840,883;263,209;0,000;578,100;577,500;547,600;313,250;;;;;0,00;0,00;0,00;3,00;2,98;15,809;27,477;0,58;0,53;999998,00;999998,00;999998,00;999998,00;999998,00;999998,00;999998,00;999998,00;999998,00;999998,00;999998,00;999998,00;999998,00;999998,00;999998,00;;;;;;;;;;;;;;;;;332,7131;29,51825;149,6776;0,11331177;0,11331177;0,00357;2,57590;157,2061;19,882856;0,077536;24,046919;24,936399;0,0170;1,6871;6,64;660,67;0,00;0,29;25,12;;375,689;375,944;3,3447646;19,80400;1,00300;0,02400;0,0567708;;4,68;418,00;;;
;;419;19,65600;1,14600;0,025000;89,400;91,32;-66,6500;0,000;101,050;35,200;0,005;426,650;442,350;26,90;840,783;263,209;0,000;577,700;577,600;547,600;313,250;;;;;0,00;0,00;0,00;3,00;2,98;15,816;27,461;0,58;0,52;999998,00;999998,00;999998,00;999998,00;999998,00;999998,00;999998,00;999998,00;999998,00;999998,00;999998,00;999998,00;999998,00;999998,00;999998,00;;;;;;;;;;;;;;;;;329,2912;39,74378;240,3525;0,08329264;0,08329264;0,00430;3,46679;157,5353;20,003884;0,091092;24,164974;25,054204;0,0200;1,9914;6,66;662,66;0,00;0,29;24,88;;375,582;375,751;3,3103641;19,82200;0,98700;0,02800;0,0558419;;4,57;419,00;;;
;;420;19,64800;1,13700;0,030000;92,425;90,20;-66,7400;0,000;101,048;35,200;0,005;425,950;440,850;26,90;840,750;263,209;0,000;577,400;577,700;547,700;313,250;;;;;0,00;0,00;0,00;3,00;2,98;15,816;27,461;0,58;0,52;999998,00;999998,00;999998,00;999998,00;999998,00;999998,00;999998,00;999998,00;999998,00;999998,00;999998,00;999998,00;999998,00;999998,00;999998,00;;;;;;;;;;;;;;;;;331,0474;16,22806;112,4504;0,20507813;0,20507813;0,00258;1,41309;157,8664;20,356207;0,103466;24,550240;25,409023;0,0231;2,2940;6,68;664,95;0,00;0,29;24,96;;375,474;375,751;3,3280199;19,83800;0,97400;0,01800;0,0551633;;4,48;420,00;;;
;;421;19,64100;1,12300;0,021000;87,825;89,16;-67,0302;0,000;101,048;35,200;0,005;424,950;439,050;26,90;840,883;263,209;0,000;577,500;577,900;547,800;313,250;;;;;0,00;0,00;0,00;3,00;2,98;15,755;27,461;0,58;0,51;999998,00;999998,00;999998,00;999998,00;999998,00;999998,00;999998,00;999998,00;999998,00;999998,00;999998,00;999998,00;999998,00;999998,00;999998,00;;;;;;;;;;;;;;;;;320,5977;15,71581;121,4794;0,20507813;0,20507813;-0,00029;1,36723;158,1870;19,866511;0,114998;23,903401;24,696525;0,0249;2,4781;6,71;667,43;0,00;0,28;24,09;;375,356;375,510;3,2229686;19,85000;0,96600;0,00200;0,0547351;;4,19;421,00;;;
;;422;19,64500;1,10500;0,009000;90,050;89,98;-67,1201;0,000;101,042;35,100;0,005;424,050;437,650;26,90;840,950;263,209;0,000;577,500;578,000;547,900;313,250;;;;;0,00;0,00;0,00;3,00;2,98;15,767;27,488;0,58;0,52;999998,00;999998,00;999998,00;999998,00;999998,00;999998,00;999998,00;999998,00;999998,00;999998,00;999998,00;999998,00;999998,00;999998,00;999998,00;;;;;;;;;;;;;;;;;322,4499;38,15388;272,6839;0,08496094;0,08496094;-0,00082;3,30538;158,5094;20,137927;0,105838;24,178652;24,954103;0,0232;2,3045;6,73;669,73;0,00;0,28;24,20;;375,229;375,510;3,2415890;19,86000;0,95500;-0,00100;0,0543067;;4,10;422,00;;;
;;423;19,66100;1,09300;0,007000;91,450;91,29;-67,2301;0,000;101,050;35,100;0,005;423,350;436,450;26,90;841,350;263,209;0,000;578,500;578,100;548,000;313,250;;;;;0,00;0,00;0,00;3,00;2,98;15,805;27,496;0,58;0,53;999998,00;999998,00;999998,00;999998,00;999998,00;999998,00;999998,00;999998,00;999998,00;999998,00;999998,00;999998,00;999998,00;999998,00;999998,00;;;;;;;;;;;;;;;;;320,6086;31,19747;194,8765;0,10331217;0,10331217;-0,00137;2,70545;158,8300;20,310635;0,091445;24,345760;25,099108;0,0201;2,0027;6,75;671,74;0,00;0,28;24,05;;375,102;375,250;3,2230786;19,87600;0,94300;-0,00400;0,0535328;;3,99;423,00;;;
;;424;19,68100;1,07800;0,003000;92,175;91,77;-67,3201;0,000;101,048;35,100;0,005;422,650;435,250;26,90;841,217;263,209;0,000;578,000;578,200;548,000;313,250;;;;;0,00;0,00;0,00;3,00;2,98;15,797;27,493;0,58;0,53;999998,00;999998,00;999998,00;999998,00;999998,00;999998,00;999998,00;999998,00;999998,00;999998,00;999998,00;999998,00;999998,00;999998,00;999998,00;;;;;;;;;;;;;;;;;316,3568;53,05272;317,2469;0,05994670;0,05994670;0,00151;4,63278;159,1464;20,407865;0,086205;24,421859;25,149921;0,0190;1,8918;6,77;673,63;0,00;0,28;23,83;;374,968;375,250;3,1803352;19,89100;0,93300;0,01200;0,0525673;;3,90;424,00;;;
;;425;19,69900;1,06500;0,001000;89,600;92,73;-67,3900;0,000;101,050;35,100;0,005;421,950;434,450;26,90;841,483;263,209;0,000;578,600;578,300;548,100;313,250;;;;;0,00;0,00;0,00;3,00;2,99;15,801;27,482;0,58;0,53;999998,00;999998,00;999998,00;999998,00;999998,00;999998,00;999998,00;999998,00;999998,00;999998,00;999998,00;999998,00;999998,00;999998,00;999998,00;;;;;;;;;;;;;;;;;311,4030;16,05426;84,4777;0,19499715;0,19499715;-0,00082;1,39587;159,4578;20,137472;0,075811;24,058371;24,771085;0,0165;1,6386;6,79;675,27;0,00;0,27;23,38;;374,825;374,972;3,1305345;19,89700;0,92700;-0,00100;0,0524371;;3,83;425,00;;;
;;426;19,71500;1,04700;0,008000;91,200;90,68;-67,6801;0,000;101,050;35,100;0,005;421,350;433,350;26,90;842,483;263,209;0,000;581,400;578,400;548,200;313,250;;;;;0,00;0,00;0,00;3,00;2,99;15,833;27,466;0,58;0,52;999998,00;999998,00;999998,00;999998,00;999998,00;999998,00;999998,00;999998,00;999998,00;999998,00;999998,00;999998,00;999998,00;999998,00;999998,00;;;;;;;;;;;;;;;;;308,6942;14,95500;103,5316;0,20750936;0,20750936;0,00330;1,29732;159,7665;20,330935;0,098179;24,254963;24,945742;0,0215;2,1371;6,81;677,40;0,00;0,27;23,27;;374,673;374,972;3,1033023;19,91200;0,90900;0,02200;0,0514832;;3,54;426,00;;;
;;427;19,73000;1,02900;0,021000;87,925;89,45;-67,7700;0,000;101,042;35,100;0,005;420,350;431,650;26,90;843,083;263,209;0,000;582,900;578,600;548,300;313,250;;;;;0,00;0,00;0,00;3,00;2,99;15,809;27,472;0,58;0,52;999998,00;999998,00;999998,00;999998,00;999998,00;999998,00;999998,00;999998,00;999998,00;999998,00;999998,00;999998,00;999998,00;999998,00;999998,00;;;;;;;;;;;;;;;;;297,2378;37,36742;299,6642;0,07996623;0,07996623;0,00465;3,23674;160,0637;19,986286;0,111836;23,787205;24,426661;0,0240;2,3837;6,83;679,79;0,00;0,26;22,44;;374,505;374,641;2,9881320;19,93200;0,89000;0,03000;0,0504225;;3,45;427,00;;;
;;428;19,74800;1,00300;0,020000;85,975;89,42;-67,8700;0,000;101,050;35,100;0,005;419,650;430,750;26,90;843,017;263,209;0,000;582,500;578,700;548,400;313,250;;;;;0,00;0,00;0,00;3,00;2,99;15,814;27,466;0,58;0,52;999998,00;999998,00;999998,00;999998,00;999998,00;999998,00;999998,00;999998,00;999998,00;999998,00;999998,00;999998,00;999998,00;999998,00;999998,00;;;;;;;;;;;;;;;;;287,3264;38,97205;320,1616;0,07411702;0,07411702;0,00408;3,36218;160,3511;19,779892;0,112135;23,502357;24,124009;0,0237;2,3604;6,86;682,15;0,00;0,25;21,66;;374,313;374,641;2,8884927;19,95700;0,86700;0,02700;0,0492435;;3,35;428,00;;;
;;429;19,77400;0,98700;0,024000;85,975;89,42;-67,9500;0,000;101,050;35,100;0,005;419,650;430,750;26,90;842,883;263,209;0,000;581,900;578,800;548,500;313,250;;;;;0,00;0,00;0,00;3,00;2,99;15,782;27,496;0,58;0,52;999998,00;999998,00;999998,00;999998,00;999998,00;999998,00;999998,00;999998,00;999998,00;999998,00;999998,00;999998,00;999998,00;999998,00;999998,00;;;;;;;;;;;;;;;;;280,2693;14,44390;121,6467;0,19506836;0,19506836;0,00408;1,24955;160,6313;19,779892;0,112135;23,502357;24,124009;0,0237;2,3604;6,88;684,51;0,00;0,24;21,14;;374,102;374,240;2,8175472;19,98100;0,84900;0,02700;0,0480279;;3,27;429,00;;;
;;430;19,80400;0,97400;0,028000;94,950;86,19;-68,2301;0,000;101,052;35,100;0,005;418,750;429,250;27,00;843,083;263,209;0,000;582,300;578,900;548,600;313,250;;;;;0,00;0,00;0,00;3,00;2,99;15,767;27,485;0,58;0,50;999998,00;999998,00;999998,00;999998,00;999998,00;999998,00;999998,00;999998,00;999998,00;999998,00;999998,00;999998,00;999998,00;999998,00;999998,00;;;;;;;;;;;;;;;;;287,9418;14,77612;168,5985;0,19590251;0,19590251;0,00337;1,27645;160,9193;20,809014;0,148880;24,672128;25,290772;0,0330;3,2855;6,91;687,79;0,00;0,25;21,69;;373,892;374,240;2,8946785;20,00500;0,82900;0,02200;0,0468965;;2,99;430,00;;;
;;431;19,82200;0,96600;0,018000;98,125;90,10;-68,3101;0,000;101,054;35,100;0,005;417,650;427,450;27,00;843,017;263,209;0,000;581,900;579,000;548,700;313,250;;;;;0,00;0,00;0,00;3,00;2,99;15,818;27,493;0,58;0,52;999998,00;999998,00;999998,00;999998,00;999998,00;999998,00;999998,00;999998,00;999998,00;999998,00;999998,00;999998,00;999998,00;999998,00;999998,00;;;;;;;;;;;;;;;;;286,4407;42,17448;344,4415;0,06827799;0,06827799;0,00156;3,65678;161,2057;21,181905;0,104580;25,048273;25,636021;0,0235;2,3394;6,94;690,13;0,00;0,25;21,54;;373,691;373,818;2,8795889;20,02800;0,81400;0,01200;0,0458248;;2,91;431,00;;;
;;432;19,83800;0,95500;0,002000;92,650;89,48;-68,4000;0,000;101,044;35,100;0,005;416,650;425,850;26,90;843,717;263,209;0,000;583,900;579,100;548,700;313,250;;;;;0,00;0,00;0,00;3,00;2,99;15,786;27,480;0,58;0,52;999998,00;999998,00;999998,00;999998,00;999998,00;999998,00;999998,00;999998,00;999998,00;999998,00;999998,00;999998,00;999998,00;999998,00;999998,00;;;;;;;;;;;;;;;;;273,4797;29,46967;260,4262;0,09329224;0,09329224;0,00098;2,55297;161,4792;20,607175;0,111470;24,310289;24,847081;0,0243;2,4168;6,96;692,55;0,00;0,24;20,55;;373,474;373,818;2,7492917;20,04600;0,79900;0,00900;0,0449673;;2,82;432,00;;;
;;433;19,85000;0,94300;-0,001000;93,225;89,76;-68,4900;0,000;101,054;35,100;0,005;415,750;424,250;27,00;845,050;263,209;0,000;587,800;579,100;548,800;313,250;;;;;0,00;0,00;0,00;3,00;3,00;15,841;27,496;0,58;0,52;999998,00;999998,00;999998,00;999998,00;999998,00;999998,00;999998,00;999998,00;999998,00;999998,00;999998,00;999998,00;999998,00;999998,00;999998,00;;;;;;;;;;;;;;;;;271,2421;38,03818;329,6448;0,07168579;0,07168579;-0,00194;3,28332;161,7504;20,693383;0,108375;24,359257;24,857282;0,0236;2,3506;6,99;694,90;0,00;0,24;20,29;;373,241;373,380;2,7267968;20,06100;0,78700;-0,00700;0,0444096;;2,73;433,00;;;
;;434;19,86000;0,93300;-0,004000;89,950;88,38;-68,5500;0,000;101,054;35,000;0,005;414,550;422,450;27,00;844,817;263,209;0,000;586,900;579,200;548,900;313,250;;;;;0,00;0,00;0,00;3,00;3,00;15,809;27,480;0,58;0,51;999998,00;999998,00;999998,00;999998,00;999998,00;999998,00;999998,00;999998,00;999998,00;999998,00;999998,00;999998,00;999998,00;999998,00;999998,00;;;;;;;;;;;;;;;;;262,9023;33,72884;337,5656;0,07835897;0,07835897;-0,00119;2,87920;162,0133;20,356053;0,123846;23,893004;24,348328;0,0265;2,6312;7,01;697,53;0,00;0,23;19,65;;372,996;373,380;2,6429571;20,07500;0,76800;-0,00300;0,0437548;;2,67;434,00;;;
;;435;19,87600;0,92700;0,012000;93,250;87,51;-68,6500;0,000;101,046;35,000;0,005;413,550;420,850;27,00;843,917;263,209;0,000;584,000;579,300;549,000;313,250;;;;;0,00;0,00;0,00;3,00;3,00;15,816;27,504;0,58;0,51;999998,00;999998,00;999998,00;999998,00;999998,00;999998,00;999998,00;999998,00;999998,00;999998,00;999998,00;999998,00;999998,00;999998,00;999998,00;;;;;;;;;;;;;;;;;260,7464;26,89518;297,4876;0,09746297;0,09746297;-0,00231;2,29786;162,2741;20,751135;0,133673;24,297978;24,726887;0,0290;2,8841;7,04;700,42;0,00;0,22;19,46;;372,740;372,886;2,6212840;20,10000;0,74900;-0,00900;0,0425640;;2,57;435,00;;;
;;436;19,89100;0,90900;-0,001000;92,625;91,15;-68,7400;0,000;101,056;35,000;0,005;412,650;419,550;27,00;843,250;263,209;0,000;582,000;579,300;549,000;313,250;;;;;0,00;0,00;0,00;3,00;3,00;15,828;27,501;0,58;0,53;999998,00;999998,00;999998,00;999998,00;999998,00;999998,00;999998,00;999998,00;999998,00;999998,00;999998,00;999998,00;999998,00;999998,00;999998,00;;;;;;;;;;;;;;;;;250,9866;27,04291;214,9922;0,09330241;0,09330241;0,00080;2,32357;162,5251;20,704018;0,092978;24,190049;24,594535;0,0201;1,9954;7,06;702,41;0,00;0,22;18,82;;372,472;372,886;2,5231683;20,12600;0,72800;0,00800;0,0410590;;2,48;436,00;;;
;;437;19,89700;0,89000;0,022000;92,200;91,40;-68,8400;0,000;101,048;35,000;0,005;411,850;418,750;26,90;843,183;263,209;0,000;581,700;579,300;549,100;313,250;;;;;0,00;0,00;0,00;3,00;3,00;15,786;27,498;0,58;0,53;999998,00;999998,00;999998,00;999998,00;999998,00;999998,00;999998,00;999998,00;999998,00;999998,00;999998,00;999998,00;999998,00;999998,00;999998,00;;;;;;;;;;;;;;;;;244,0398;23,00604;181,9473;0,10663859;0,10663859;0,00207;1,99764;162,7691;20,676516;0,090226;24,111082;24,515032;0,0194;1,9300;7,08;704,34;0,00;0,21;18,36;;372,186;372,335;2,4533321;20,14500;0,71700;0,01500;0,0399717;;2,38;437,00;;;
;;438;19,91200;0,86700;0,030000;94,425;90,26;-68,9500;0,000;101,048;35,000;0,005;411,150;417,750;27,00;843,350;263,209;0,000;582,100;579,400;549,100;313,250;;;;;0,00;0,00;0,00;3,00;3,00;15,790;27,496;0,58;0,52;999998,00;999998,00;999998,00;999998,00;999998,00;999998,00;999998,00;999998,00;999998,00;999998,00;999998,00;999998,00;999998,00;999998,00;999998,00;;;;;;;;;;;;;;;;;243,6490;22,95169;209,2077;0,10671997;0,10671997;0,00229;1,99775;163,0128;20,942319;0,102751;24,379531;24,770885;0,0223;2,2209;7,10;706,56;0,00;0,21;18,35;;371,893;372,335;2,4494037;20,15600;0,70900;0,01600;0,0393990;;2,27;438,00;;;
;;439;19,93200;0,84900;0,027000;92,775;92,52;-69,0500;0,000;101,048;35,000;0,005;410,250;416,450;26,90;844,283;263,209;0,000;584,800;579,400;549,200;313,250;;;;;0,00;0,00;0,00;3,00;3,00;15,828;27,514;0,58;0,54;999998,00;999998,00;999998,00;999998,00;999998,00;999998,00;999998,00;999998,00;999998,00;999998,00;999998,00;999998,00;999998,00;999998,00;999998,00;;;;;;;;;;;;;;;;;238,8623;25,49198;178,2149;0,09419759;0,09419759;0,00245;2,20878;163,2516;20,781295;0,078100;24,139123;24,503931;0,0168;1,6699;7,12;708,23;0,00;0,21;17,98;;371,596;371,738;2,4012827;20,16600;0,69800;0,01700;0,0389224;;2,17;439,00;;;
;;440;19,95700;0,82900;0,027000;93,275;91,31;-69,1400;0,000;101,052;35,000;0,005;409,250;414,950;26,90;844,183;263,209;0,000;584,300;579,500;549,300;313,250;;;;;0,00;0,00;0,00;3,00;3,00;15,765;27,493;0,58;0,53;999998,00;999998,00;999998,00;999998,00;999998,00;999998,00;999998,00;999998,00;999998,00;999998,00;999998,00;999998,00;999998,00;999998,00;999998,00;;;;;;;;;;;;;;;;;233,5120;26,81793;223,9557;0,08753459;0,08753459;0,00264;2,29504;163,4851;20,862662;0,091176;24,174566;24,511267;0,0196;1,9501;7,14;710,18;0,00;0,20;17,54;;371,288;371,738;2,3474961;20,18800;0,67300;0,01800;0,0378982;;2,08;440,00;;;
;;441;19,98100;0,81400;0,022000;92,500;90,51;-69,2301;0,000;101,048;35,000;0,005;408,350;413,950;26,90;843,583;263,209;0,000;582,400;579,600;549,300;313,250;;;;;0,00;0,00;0,00;3,00;3,00;15,811;27,493;0,58;0,52;999998,00;999998,00;999998,00;999998,00;999998,00;999998,00;999998,00;999998,00;999998,00;999998,00;999998,00;999998,00;999998,00;999998,00;999998,00;;;;;;;;;;;;;;;;;224,9304;22,24878;210,3714;0,10163371;0,10163371;0,00190;1,88292;163,7101;20,798692;0,099987;24,047440;24,377220;0,0214;2,1268;7,16;712,31;0,00;0,19;16,85;;370,966;371,104;2,2612257;20,21600;0,64500;0,01400;0,0366125;;1,99;441,00;;;
;;442;20,00500;0,79900;0,012000;87,825;89,32;-69,3400;0,000;101,050;35,100;0,005;407,650;413,150;26,90;843,717;263,209;0,000;582,700;579,600;549,400;313,250;;;;;0,00;0,00;0,00;3,00;3,01;15,795;27,477;0,58;0,52;999998,00;999998,00;999998,00;999998,00;999998,00;999998,00;999998,00;999998,00;999998,00;999998,00;999998,00;999998,00;999998,00;999998,00;999998,00;;;;;;;;;;;;;;;;;208,7983;20,48699;230,0020;0,10245768;0,10245768;-0,00137;1,70643;163,9189;20,283682;0,113221;23,411784;23,727655;0,0236;2,3441;7,18;714,65;0,00;0,17;15,52;;370,617;371,104;2,0990492;20,25700;0,60700;-0,00400;0,0348416;;1,88;442,00;;;
;;443;20,02800;0,78700;0,009000;90,450;89,82;-69,4301;0,000;101,050;35,100;0,005;406,950;412,250;26,90;843,450;263,209;0,000;581,800;579,600;549,500;313,250;;;;;0,00;0,00;0,00;3,00;3,01;15,811;27,512;0,58;0,52;999998,00;999998,00;999998,00;999998,00;999998,00;999998,00;999998,00;999998,00;999998,00;999998,00;999998,00;999998,00;999998,00;999998,00;999998,00;;;;;;;;;;;;;;;;;198,6662;24,17582;274,9015;0,08261108;0,08261108;0,00025;2,03896;164,1175;20,602276;0,107657;23,738677;24,047843;0,0227;2,2590;7,21;716,91;0,00;0,17;14,83;;370,241;370,385;1,9971911;20,29800;0,57800;0,00500;0,0326315;;1,79;443,00;;;
;;444;20,04600;0,76800;-0,007000;96,250;90,93;-69,5101;0,000;101,042;35,100;0,005;406,150;410,950;26,90;843,183;263,209;0,000;580,900;579,700;549,500;313,250;;;;;0,00;0,00;0,00;3,00;3,01;15,790;27,504;0,58;0,53;999998,00;999998,00;999998,00;999998,00;999998,00;999998,00;999998,00;999998,00;999998,00;999998,00;999998,00;999998,00;999998,00;999998,00;999998,00;;;;;;;;;;;;;;;;;193,7245;22,90599;243,6205;0,08502197;0,08502197;-0,00068;1,90403;164,3113;21,273482;0,095394;24,463878;24,753000;0,0207;2,0604;7,23;718,97;0,00;0,16;14,40;;369,849;370,385;1,9475120;20,33700;0,54100;0,00000;0,0308096;;1,71;444,00;;;
;;445;20,06100;0,74900;-0,003000;95,025;91,90;-69,6001;0,000;101,044;35,100;0,005;404,950;409,150;26,90;843,283;263,209;0,000;581,100;579,700;549,600;313,250;;;;;0,00;0,00;0,00;3,00;3,01;15,824;27,482;0,58;0,53;999998,00;999998,00;999998,00;999998,00;999998,00;999998,00;999998,00;999998,00;999998,00;999998,00;999998,00;999998,00;999998,00;999998,00;999998,00;;;;;;;;;;;;;;;;;180,7886;20,78217;208,6156;0,08745321;0,08745321;-0,00124;1,74570;164,4920;21,168968;0,084810;24,271765;24,523503;0,0182;1,8148;7,25;720,79;0,00;0,15;13,44;;369,438;369,573;1,8174676;20,37500;0,51500;-0,00300;0,0288881;;1,62;445,00;;;
;;446;20,07500;0,72800;-0,009000;92,350;93,88;-69,6801;0,000;101,052;35,100;0,005;403,850;407,350;26,90;843,450;263,209;0,000;581,600;579,700;549,600;313,250;;;;;0,00;0,00;0,00;3,00;3,01;15,835;27,498;0,58;0,54;999998,00;999998,00;999998,00;999998,00;999998,00;999998,00;999998,00;999998,00;999998,00;999998,00;999998,00;999998,00;999998,00;999998,00;999998,00;;;;;;;;;;;;;;;;;168,5856;24,82562;196,6661;0,06826782;0,06826782;0,00044;2,11391;164,6606;20,897284;0,063503;23,895174;24,102263;0,0134;1,3355;7,26;722,12;0,00;0,14;12,60;;369,002;369,573;1,6947912;20,40400;0,49500;0,00600;0,0272846;;1,54;446,00;;;
;;447;20,10000;0,71700;0,008000;92,600;94,70;-69,7400;0,000;101,054;35,100;0,005;402,750;405,850;26,90;844,017;263,209;0,000;583,200;579,700;549,700;313,250;;;;;0,00;0,00;0,00;3,00;3,01;15,805;27,493;0,58;0,55;999998,00;999998,00;999998,00;999998,00;999998,00;999998,00;999998,00;999998,00;999998,00;999998,00;999998,00;999998,00;999998,00;999998,00;999998,00;;;;;;;;;;;;;;;;;160,9687;25,54638;182,5063;0,06334432;0,06334432;0,00284;2,18824;164,8216;20,954107;0,054734;23,894887;24,078807;0,0116;1,1500;7,27;723,27;0,00;0,14;12,11;;368,545;368,684;1,6182181;20,42700;0,47600;0,01900;0,0259788;;1,48;447,00;;;
;;448;20,12600;0,70900;0,015000;93,450;95,42;-69,8101;0,000;101,054;35,100;0,005;401,650;403,950;26,90;844,417;263,209;0,000;584,300;579,700;549,800;313,250;;;;;0,00;0,00;0,00;3,00;3,01;15,805;27,504;0,58;0,55;999998,00;999998,00;999998,00;999998,00;999998,00;999998,00;999998,00;999998,00;999998,00;999998,00;999998,00;999998,00;999998,00;999998,00;999998,00;;;;;;;;;;;;;;;;;155,4244;21,79625;139,3416;0,07168579;0,07168579;0,00509;1,90012;164,9770;21,078864;0,047233;23,971502;24,108772;0,0100;0,9936;7,28;724,27;0,01;0,14;11,79;;368,075;368,684;1,5624816;20,44400;0,46600;0,03100;0,0249339;;1,41;448,00;;;
;;449;20,14500;0,69800;0,016000;96,950;94,36;-69,8800;0,000;101,046;35,100;0,005;400,250;401,750;26,90;844,183;263,209;0,000;583,600;579,700;549,800;313,250;;;;;0,00;0,00;0,00;3,00;3,01;15,797;27,496;0,58;0,54;999998,00;999998,00;999998,00;999998,00;999998,00;999998,00;999998,00;999998,00;999998,00;999998,00;999998,00;999998,00;999998,00;999998,00;999998,00;;;;;;;;;;;;;;;;;155,8863;24,45701;195,3261;0,06407674;0,06407674;0,00386;2,10735;165,1329;21,507487;0,058320;24,373690;24,465035;0,0125;1,2450;7,29;725,51;0,00;0,14;11,77;;367,602;367,747;1,5671253;20,45500;0,45400;0,02400;0,0245080;;1,34;449,00;;;
;;450;20,15600;0,67300;0,017000;96,775;95,47;-69,9399;0,000;101,042;35,000;0,005;399,050;400,050;26,90;844,117;263,209;0,000;583,400;579,700;549,800;313,250;;;;;0,00;0,00;0,00;3,00;3,02;15,788;27,506;0,58;0,55;999998,00;999998,00;999998,00;999998,00;999998,00;999998,00;999998,00;999998,00;999998,00;999998,00;999998,00;999998,00;999998,00;999998,00;999998,00;;;;;;;;;;;;;;;;;153,8080;23,75755;153,4272;0,06508382;0,06508382;0,00216;2,04055;165,2867;21,520352;0,046700;24,315150;24,376083;0,0100;0,9933;7,30;726,51;0,00;0,13;11,56;;367,129;367,747;1,5462318;20,46400;0,44700;0,01500;0,0241652;;1,28;450,00;;;
;;451;20,16600;0,64500;0,018000;95,425;93,92;-70,0101;0,000;101,048;35,000;0,009;397,950;398,550;27,00;843,883;263,209;0,000;582,600;579,700;549,900;313,250;;;;;0,00;0,00;0,00;3,00;3,02;15,791;27,530;0,58;0,54;999998,00;999998,00;999998,00;999998,00;999998,00;999998,00;999998,00;999998,00;999998,00;999998,00;999998,00;999998,00;999998,00;999998,00;999998,00;;;;;;;;;;;;;;;;;149,5537;22,81162;202,4911;0,06590780;0,06590780;0,00177;1,96395;165,4363;21,399236;0,063004;24,111657;24,148011;0,0133;1,3275;7,32;727,83;0,00;0,13;11,24;;366,652;366,794;1,5034634;20,47500;0,43900;0,01300;0,0236283;;1,21;451,00;;;
;;452;20,18800;0,60700;0,014000;92,825;94,50;-70,0701;0,000;101,044;35,100;0,009;396,850;397,050;26,90;844,017;263,209;0,000;583,000;579,700;549,900;313,250;;;;;0,00;0,00;0,00;3,00;3,02;15,790;27,506;0,58;0,54;999998,00;999998,00;999998,00;999998,00;999998,00;999998,00;999998,00;999998,00;999998,00;999998,00;999998,00;999998,00;999998,00;999998,00;999998,00;;;;;;;;;;;;;;;;;144,7051;24,59241;200,4323;0,05915324;0,05915324;-0,00049;2,06824;165,5810;21,134926;0,056886;23,748018;23,759987;0,0119;1,1794;7,33;729,01;0,00;0,12;10,77;;366,166;366,794;1,4547207;20,48900;0,42200;0,00100;0,0231460;;1,15;452,00;;;
;;453;20,21600;0,57800;-0,004000;94,825;94,58;-70,1301;0,000;101,044;35,000;0,009;395,950;395,950;26,90;844,117;263,209;0,000;583,300;579,700;549,900;313,250;;;;;0,00;0,00;0,00;3,00;3,02;15,803;27,506;0,57;0,54;999998,00;999998,00;999998,00;999998,00;999998,00;999998,00;999998,00;999998,00;999998,00;999998,00;999998,00;999998,00;999998,00;999998,00;999998,00;;;;;;;;;;;;;;;;;138,8242;23,25700;196,5637;0,06000773;0,06000773;-0,00163;1,96483;165,7198;21,385661;0,056086;23,975259;23,975259;0,0118;1,1733;7,34;730,19;0,00;0,12;10,31;;365,671;365,811;1,3955998;20,51400;0,40400;-0,00500;0,0219417;;1,09;453,00;;;
;;454;20,25700;0,54100;0,005000;95,150;93,61;-70,1901;0,000;101,044;35,000;0,009;394,950;394,650;26,90;843,983;263,209;0,000;582,900;579,700;549,900;313,250;;;;;0,00;0,00;0,00;3,00;3,02;15,828;27,512;0,57;0,53;999998,00;999998,00;999998,00;999998,00;999998,00;999998,00;999998,00;999998,00;999998,00;999998,00;999998,00;999998,00;999998,00;999998,00;999998,00;;;;;;;;;;;;;;;;;131,5333;22,06923;232,9199;0,05991618;0,05991618;-0,00144;1,84224;165,8513;21,449381;0,066379;23,985963;23,967743;0,0140;1,3882;7,35;731,57;0,00;0,11;9,75;;365,163;365,811;1,3223038;20,53900;0,38000;-0,00400;0,0207250;;1,03;454,00;;;
;;455;20,29800;0,51500;0,000000;95,075;94,02;-70,2500;0,000;101,044;35,100;0,009;393,950;393,350;26,90;843,783;263,209;0,000;582,300;579,600;550,000;313,250;;;;;0,00;0,00;0,00;3,00;3,02;15,782;27,493;0,57;0,53;999998,00;999998,00;999998,00;999998,00;999998,00;999998,00;999998,00;999998,00;999998,00;999998,00;999998,00;999998,00;999998,00;999998,00;999998,00;;;;;;;;;;;;;;;;;125,9860;20,81687;213,4555;0,06084188;0,06084188;-0,00201;1,72401;165,9773;21,468122;0,061921;23,946135;23,909664;0,0130;1,2919;7,37;732,87;0,00;0,10;9,31;;364,643;364,785;1,2665375;20,55800;0,36300;-0,00700;0,0198315;;0,97;455,00;;;
;;456;20,33700;0,49500;-0,003000;96,900;95,25;-70,3101;0,000;101,040;35,000;0,009;392,950;392,050;26,90;843,917;263,209;0,000;582,700;579,600;550,000;313,250;;;;;0,00;0,00;0,00;3,00;3,02;15,811;27,506;0,57;0,54;999998,00;999998,00;999998,00;999998,00;999998,00;999998,00;999998,00;999998,00;999998,00;999998,00;999998,00;999998,00;999998,00;999998,00;999998,00;;;;;;;;;;;;;;;;;118,6872;21,37256;185,4095;0,05582682;0,05582682;-0,00089;1,76246;166,0960;21,700747;0,048985;24,144168;24,088869;0,0104;1,0296;7,38;733,90;0,00;0,10;8,79;;364,112;364,785;1,1931622;20,58400;0,34000;-0,00100;0,0184802;;0,91;456,00;;;
;;457;20,37500;0,47600;0,006000;98,400;96,66;-70,3600;0,000;101,042;35,000;0,009;391,850;390,450;26,90;844,283;263,209;0,000;583,900;579,500;550,000;313,250;;;;;0,00;0,00;0,00;3,00;3,02;15,782;27,504;0,57;0,55;999998,00;999998,00;999998,00;999998,00;999998,00;999998,00;999998,00;999998,00;999998,00;999998,00;999998,00;999998,00;999998,00;999998,00;999998,00;;;;;;;;;;;;;;;;;110,3294;25,60664;167,9528;0,04331462;0,04331462;0,00374;2,15306;166,2063;21,898737;0,034256;24,296246;24,209441;0,0073;0,7236;7,39;734,62;0,00;0,09;8,32;;363,566;363,706;1,1091417;20,60700;0,32200;0,02300;0,0170230;;0,86;457,00;;;
;;458;20,40400;0,46600;0,019000;99,200;94,84;-70,4000;0,000;101,044;35,000;0,009;390,650;388,750;26,90;846,750;263,209;0,000;591,300;579,500;550,000;313,250;;;;;0,00;0,00;0,00;3,00;3,03;15,795;27,522;0,57;0,54;999998,00;999998,00;999998,00;999998,00;999998,00;999998,00;999998,00;999998,00;999998,00;999998,00;999998,00;999998,00;999998,00;999998,00;999998,00;;;;;;;;;;;;;;;;;104,8244;23,42667;252,0911;0,04498291;0,04498291;0,00221;1,98744;166,3112;22,021321;0,053333;24,357430;24,238963;0,0113;1,1280;7,40;735,75;0,00;0,09;7,88;;363,007;363,706;1,0537998;20,62700;0,30900;0,01500;0,0160814;;0,82;458,00;;;
;;459;20,42700;0,45400;0,031000;100,100;95,36;-70,4500;0,000;101,042;35,000;0,009;389,450;387,050;26,90;848,750;263,209;0,000;597,400;579,400;550,000;313,250;;;;;0,00;0,00;0,00;3,00;3,03;15,795;27,504;0,57;0,54;999998,00;999998,00;999998,00;999998,00;999998,00;999998,00;999998,00;999998,00;999998,00;999998,00;999998,00;999998,00;999998,00;999998,00;999998,00;;;;;;;;;;;;;;;;;101,3850;22,25539;222,4029;0,04579671;0,04579671;0,00281;1,88255;166,4125;22,155044;0,047823;24,430064;24,279512;0,0102;1,0132;7,41;736,76;0,00;0,09;7,63;;362,441;362,582;1,0192236;20,63900;0,29800;0,01800;0,0154592;;0,77;459,00;;;
;;460;20,44400;0,44700;0,024000;101,425;95,58;-70,4900;0,000;101,044;35,000;0,009;388,250;385,250;26,90;847,617;263,209;0,000;594,000;579,400;550,000;313,250;;;;;0,00;0,00;0,00;3,00;3,03;15,790;27,493;0,57;0,54;999998,00;999998,00;999998,00;999998,00;999998,00;999998,00;999998,00;999998,00;999998,00;999998,00;999998,00;999998,00;999998,00;999998,00;999998,00;;;;;;;;;;;;;;;;;99,2964;24,87446;242,4174;0,04013062;0,04013062;0,00224;2,12327;166,5118;22,335630;0,045520;24,553304;24,363581;0,0097;0,9677;7,42;737,73;0,00;0,09;7,48;;361,871;362,582;0,9982272;20,64800;0,29300;0,01500;0,0150174;;0,73;460,00;;;
;;461;20,45500;0,43900;0,015000;100,175;97,25;-70,5302;0,000;101,044;35,000;0,009;386,850;383,350;27,00;846,950;263,209;0,000;592,200;579,200;550,000;313,250;;;;;0,00;0,00;0,00;3,00;3,03;15,805;27,504;0,57;0,55;999998,00;999998,00;999998,00;999998,00;999998,00;999998,00;999998,00;999998,00;999998,00;999998,00;999998,00;999998,00;999998,00;999998,00;999998,00;;;;;;;;;;;;;;;;;96,0394;28,23050;174,5315;0,03420003;0,03420003;0,00203;2,40094;166,6079;22,237698;0,028192;24,357499;24,137126;0,0060;0,5938;7,42;738,32;0,00;0,08;7,22;;361,298;361,437;0,9654839;20,65700;0,28500;0,01400;0,0145880;;0,69;461,00;;;
;;462;20,46400;0,42200;0,013000;93,975;96,82;-70,5601;0,000;101,044;35,000;0,009;385,750;382,050;26,90;849,283;263,209;0,000;599,300;579,200;549,900;313,250;;;;;0,00;0,00;0,00;3,00;3,03;15,824;27,488;0,57;0,54;999998,00;999998,00;999998,00;999998,00;999998,00;999998,00;999998,00;999998,00;999998,00;999998,00;999998,00;999998,00;999998,00;999998,00;999998,00;;;;;;;;;;;;;;;;;89,7597;26,43964;195,9445;0,03412882;0,03412882;0,00026;2,22726;166,6976;21,569230;0,032674;23,558132;23,332169;0,0067;0,6652;7,43;738,99;0,00;0,08;6,70;;360,717;361,437;0,9023538;20,67000;0,27400;0,00500;0,0140552;;0,66;462,00;;;
;;463;20,47500;0,40400;0,001000;98,125;95,51;-70,6001;0,000;101,038;35,000;0,009;384,750;380,650;26,90;848,117;263,203;0,000;595,900;579,100;549,900;313,250;;;;;0,00;0,00;0,00;3,00;3,03;15,788;27,528;0,56;0,54;999998,00;999998,00;999998,00;999998,00;999998,00;999998,00;999998,00;999998,00;999998,00;999998,00;999998,00;999998,00;999998,00;999998,00;999998,00;;;;;;;;;;;;;;;;;85,6001;20,66299;231,6117;0,04164632;0,04164632;0,00007;1,75401;166,7832;22,068964;0,046231;24,041461;23,785268;0,0096;0,9595;7,44;739,95;0,00;0,07;6,39;;360,127;360,268;0,8605377;20,68900;0,26000;0,00400;0,0130990;;0,62;463,00;;;
;;464;20,48900;0,38000;-0,005000;93,350;96,17;-70,6400;0,000;101,038;35,000;0,009;383,750;379,550;26,90;846,783;263,209;0,000;592,200;578,900;549,800;313,250;;;;;0,00;0,00;0,00;3,00;3,03;15,788;27,514;0,56;0,54;999998,00;999998,00;999998,00;999998,00;999998,00;999998,00;999998,00;999998,00;999998,00;999998,00;999998,00;999998,00;999998,00;999998,00;999998,00;;;;;;;;;;;;;;;;;79,6807;22,91082;228,4870;0,03496297;0,03496297;-0,00145;1,89901;166,8629;21,553331;0,039318;23,418715;23,162406;0,0080;0,7946;7,45;740,74;0,00;0,07;5,89;;359,529;360,268;0,8010302;20,70400;0,24500;-0,00400;0,0124834;;0,58;464,00;;;
;;465;20,51400;0,36300;-0,004000;99,425;97,13;-70,6700;0,000;101,046;35,000;0,009;382,850;378,550;26,90;845,883;263,203;0,000;589,700;578,800;549,700;313,250;;;;;0,00;0,00;0,00;3,00;3,03;15,826;27,520;0,56;0,54;999998,00;999998,00;999998,00;999998,00;999998,00;999998,00;999998,00;999998,00;999998,00;999998,00;999998,00;999998,00;999998,00;999998,00;999998,00;;;;;;;;;;;;;;;;;75,9923;26,15793;211,2752;0,02920532;0,02920532;0,00322;2,29061;166,9389;22,269728;0,029470;24,140365;23,869231;0,0062;0,6138;7,45;741,35;0,00;0,07;5,79;;358,923;359,066;0,7639507;20,71600;0,24000;0,02000;0,0115234;;0,55;465,00;;;
;;466;20,53900;0,34000;-0,007000;99,825;97,48;-70,7001;0,000;101,050;35,000;0,005;381,950;377,450;26,90;844,950;263,203;0,000;587,100;578,600;549,700;313,250;;;;;0,00;0,00;0,00;3,00;3,04;15,807;27,520;0,57;0,55;999998,00;999998,00;999998,00;999998,00;999998,00;999998,00;999998,00;999998,00;999998,00;999998,00;999998,00;999998,00;999998,00;999998,00;999998,00;;;;;;;;;;;;;;;;;75,9716;25,42463;180,0410;0,03003947;0,03003947;0,00106;2,17721;167,0149;22,340755;0,025823;24,160429;23,875779;0,0054;0,5380;7,46;741,89;0,00;0,07;5,71;;358,316;359,066;0,7637424;20,72000;0,23500;0,00900;0,0114827;;0,52;466,00;;;
;;467;20,55800;0,32200;-0,001000;105,050;98,10;-70,7301;0,000;101,050;34,900;0,005;380,850;376,150;26,90;844,117;263,209;0,000;584,900;578,400;549,600;313,250;;;;;0,00;0,00;0,00;3,00;3,04;15,769;27,514;0,57;0,55;999998,00;999998,00;999998,00;999998,00;999998,00;999998,00;999998,00;999998,00;999998,00;999998,00;999998,00;999998,00;999998,00;999998,00;999998,00;;;;;;;;;;;;;;;;;76,3243;25,61204;139,2119;0,02995809;0,02995809;0,00190;2,20759;167,0912;22,951046;0,019451;24,748946;24,443524;0,0042;0,4149;7,46;742,31;0,00;0,07;5,76;;357,712;357,855;0,7672879;20,72400;0,23200;0,01300;0,0112293;;0,49;467,00;;;
;;468;20,58400;0,30900;0,023000;96,500;98,34;-70,7600;0,000;101,042;34,900;0,005;379,950;375,250;26,90;843,350;263,203;0,000;582,800;578,300;549,500;313,250;;;;;0,00;0,00;0,00;3,00;3,04;15,774;27,498;0,57;0,56;999998,00;999998,00;999998,00;999998,00;999998,00;999998,00;999998,00;999998,00;999998,00;999998,00;999998,00;999998,00;999998,00;999998,00;999998,00;;;;;;;;;;;;;;;;;71,0454;23,84062;116,9450;0,02995809;0,02995809;0,00260;2,05087;167,1623;22,023274;0,017069;23,692375;23,399299;0,0035;0,3485;7,47;742,66;0,00;0,06;5,38;;357,105;357,855;0,7142195;20,73000;0,22600;0,01700;0,0108929;;0,46;468,00;;;
;;469;20,60700;0,29800;0,015000;98,825;98,26;-70,7900;0,000;101,052;34,900;0,005;379,250;374,650;26,90;842,917;263,203;0,000;581,700;578,100;549,500;313,250;;;;;0,00;0,00;0,00;3,00;3,04;15,811;27,512;0,57;0,56;999998,00;999998,00;999998,00;999998,00;999998,00;999998,00;999998,00;999998,00;999998,00;999998,00;999998,00;999998,00;999998,00;999998,00;999998,00;;;;;;;;;;;;;;;;;69,4438;23,23217;123,7142;0,03004964;0,03004964;0,00243;1,99151;167,2317;22,307559;0,017910;23,953992;23,663449;0,0037;0,3698;7,47;743,03;0,00;0,06;5,26;;356,493;356,640;0,6981184;20,73800;0,21900;0,01600;0,0105112;;0,43;469,00;;;
;;470;20,62700;0,29300;0,018000;100,575;98,24;-70,8201;0,000;101,044;34,900;0,005;378,550;373,950;26,90;842,350;263,203;0,000;580,300;577,900;549,400;313,250;;;;;0,00;0,00;0,00;3,00;3,04;15,761;27,528;0,58;0,56;999998,00;999998,00;999998,00;999998,00;999998,00;999998,00;999998,00;999998,00;999998,00;999998,00;999998,00;999998,00;999998,00;999998,00;999998,00;;;;;;;;;;;;;;;;;65,7646;21,47073;122,6486;0,03079224;0,03079224;0,00484;1,87290;167,2975;22,525002;0,018052;24,142840;23,849465;0,0038;0,3757;7,47;743,40;0,00;0,06;5,06;;355,879;356,640;0,6611318;20,74800;0,21100;0,02800;0,0098587;;0,40;470,00;;;
;;471;20,63900;0,28500;0,015000;98,675;98,64;-70,8500;0,000;101,042;34,900;0,005;377,750;373,150;26,90;841,950;263,203;0,000;579,100;577,900;549,400;313,250;;;;;0,00;0,00;0,00;3,00;3,04;15,818;27,520;0,58;0,57;999998,00;999998,00;999998,00;999998,00;999998,00;999998,00;999998,00;999998,00;999998,00;999998,00;999998,00;999998,00;999998,00;999998,00;999998,00;;;;;;;;;;;;;;;;;61,9055;24,94013;115,8139;0,02495321;0,02495321;0,00480;2,11364;167,3594;22,334836;0,013961;23,888425;23,597527;0,0029;0,2875;7,48;743,69;0,00;0,05;4,75;;355,259;355,404;0,6223361;20,75900;0,19800;0,02800;0,0093588;;0,37;471,00;;;
;;472;20,64800;0,27400;0,014000;99,975;98,73;-70,8700;0,000;101,054;34,900;0,005;376,950;372,250;26,90;841,650;263,203;0,000;578,300;577,800;549,400;313,250;;;;;0,00;0,00;0,00;3,00;3,04;15,788;27,506;0,58;0,57;999998,00;999998,00;999998,00;999998,00;999998,00;999998,00;999998,00;999998,00;999998,00;999998,00;999998,00;999998,00;999998,00;999998,00;999998,00;;;;;;;;;;;;;;;;;57,8841;0,00000;147,8724;0,01836141;0,01836141;0,00246;2,68810;167,4173;22,505323;0,013049;24,019794;23,720303;0,0027;0,2701;7,48;743,96;0,00;0,05;4,39;;354,633;355,404;0,5819089;20,77500;0,18700;0,01600;0,0086831;;0,35;472,00;;;
;;473;20,65700;0,26000;0,005000;102,850;99,05;-70,8900;0,000;101,046;34,900;0,005;376,150;371,550;26,90;841,383;263,203;0,000;577,600;577,700;549,400;313,250;;;;;0,00;0,00;0,00;3,00;3,04;15,769;27,522;0,59;0,58;999998,00;999998,00;999998,00;999998,00;999998,00;999998,00;999998,00;999998,00;999998,00;999998,00;999998,00;999998,00;999998,00;999998,00;999998,00;;;;;;;;;;;;;;;;;54,9579;20,69824;77,8564;0,02669271;0,02669271;-0,00013;1,69414;167,4722;22,850887;0,009855;24,336851;24,039232;0,0021;0,2067;7,48;744,17;0,00;0,05;4,08;;354,002;354,148;0,5524921;20,79000;0,17300;0,00300;0,0081180;;0,33;473,00;;;
;;474;20,67000;0,24500;0,004000;100,075;99,75;-70,9200;0,000;101,046;34,900;0,005;375,450;370,750;26,90;840,983;263,203;0,000;576,500;577,600;549,400;313,250;;;;;0,00;0,00;0,00;3,00;3,04;15,748;27,538;0,59;0,58;999998,00;999998,00;999998,00;999998,00;999998,00;999998,00;999998,00;999998,00;999998,00;999998,00;999998,00;999998,00;999998,00;999998,00;999998,00;;;;;;;;;;;;;;;;;49,9522;25,07124;29,0741;0,02002970;0,02002970;-0,00033;2,05680;167,5222;22,561511;0,002803;23,983942;23,683703;0,0006;0,0579;7,48;744,22;0,00;0,04;3,70;;353,366;354,148;0,5021696;20,80300;0,16300;0,00200;0,0074726;;0,30;474,00;;;
;;475;20,68900;0,24000;-0,004000;98,825;99,92;-70,9301;0,000;101,048;34,900;0,005;374,650;369,950;26,90;840,517;263,203;0,000;575,300;577,500;549,300;313,250;;;;;0,00;0,00;0,00;3,00;3,05;15,830;27,530;0,59;0,59;999998,00;999998,00;999998,00;999998,00;999998,00;999998,00;999998,00;999998,00;999998,00;999998,00;999998,00;999998,00;999998,00;999998,00;999998,00;;;;;;;;;;;;;;;;;46,3938;0,00000;17,9964;0,01327515;0,01327515;-0,00211;2,85440;167,5686;22,444088;0,001158;23,808277;23,509602;0,0002;0,0238;7,48;744,25;0,00;0,04;3,39;;352,724;352,871;0,4663965;20,81500;0,15400;-0,00700;0,0069755;;0,29;475,00;;;
;;476;20,70400;0,23500;0,020000;100,575;99,58;-70,9500;0,000;101,048;34,900;0,005;373,850;369,250;26,90;840,183;263,203;0,000;574,200;577,500;549,400;313,250;;;;;0,00;0,00;0,00;3,00;3,05;15,818;27,544;0,59;0,59;999998,00;999998,00;999998,00;999998,00;999998,00;999998,00;999998,00;999998,00;999998,00;999998,00;999998,00;999998,00;999998,00;999998,00;999998,00;;;;;;;;;;;;;;;;;43,1887;20,08527;43,9126;0,02161662;0,02161662;-0,00013;1,69007;167,6117;22,666150;0,004567;23,992495;23,697282;0,0009;0,0944;7,48;744,34;0,00;0,04;3,22;;352,077;352,871;0,4341757;20,82300;0,14900;0,00300;0,0064304;;0,27;476,00;;;
;;477;20,71600;0,23200;0,009000;100,475;99,69;-70,9700;0,000;101,048;34,900;0,005;373,150;368,450;26,90;840,050;263,203;0,000;573,800;577,500;549,400;313,250;;;;;0,00;0,00;0,00;3,00;3,05;15,809;27,546;0,60;0,59;999998,00;999998,00;999998,00;999998,00;999998,00;999998,00;999998,00;999998,00;999998,00;999998,00;999998,00;999998,00;999998,00;999998,00;999998,00;;;;;;;;;;;;;;;;;40,6252;0,00000;50,0262;0,01419067;0,01419067;0,00047;2,42894;167,6524;22,676118;0,003421;23,958103;23,656339;0,0007;0,0706;7,48;744,41;0,00;0,03;3,05;;351,426;351,573;0,4084046;20,83000;0,14300;0,00600;0,0060461;;0,25;477,00;;;
;;478;20,72000;0,22600;0,013000;100,200;99,91;-70,9800;0,000;101,044;34,900;0,005;372,350;367,650;26,90;839,883;263,203;0,000;573,300;577,500;549,400;313,250;;;;;0,00;0,00;0,00;3,00;3,05;15,795;27,517;0,60;0,59;999998,00;999998,00;999998,00;999998,00;999998,00;999998,00;999998,00;999998,00;999998,00;999998,00;999998,00;999998,00;999998,00;999998,00;999998,00;;;;;;;;;;;;;;;;;37,6459;0,00000;17,1355;0,01500448;0,01500448;0,00027;2,13473;167,6900;22,669379;0,001242;23,899634;23,597960;0,0003;0,0256;7,48;744,44;0,00;0,03;2,82;;350,773;351,573;0,3784538;20,83900;0,13600;0,00500;0,0056041;;0,24;478,00;;;
;;479;20,72400;0,21900;0,017000;101,300;99,80;-71,0000;0,000;101,050;34,900;0,005;371,750;367,050;26,90;839,983;263,203;0,000;573,400;577,600;549,500;313,250;;;;;0,00;0,00;0,00;3,00;3,05;15,797;27,536;0,60;0,59;999998,00;999998,00;999998,00;999998,00;999998,00;999998,00;999998,00;999998,00;999998,00;999998,00;999998,00;999998,00;999998,00;999998,00;999998,00;;;;;;;;;;;;;;;;;35,3491;0,00000;28,2606;0,01675415;0,01675415;0,00148;1,81967;167,7254;22,811859;0,002277;24,011093;23,707523;0,0005;0,0471;7,48;744,49;0,00;0,03;2,69;;350,117;350,264;0,3553646;20,84500;0,13100;0,01100;0,0052296;;0,22;479,00;;;
;;480;20,73000;0,21100;0,016000;100,875;99,90;-71,0101;0,000;101,050;34,900;0,005;371,150;366,650;26,90;839,850;263,203;0,000;573,100;577,500;549,500;313,250;;;;;0,00;0,00;0,00;3,00;3,05;15,818;27,520;0,60;0,60;999998,00;999998,00;999998,00;999998,00;999998,00;999998,00;999998,00;999998,00;999998,00;999998,00;999998,00;999998,00;999998,00;999998,00;999998,00;;;;;;;;;;;;;;;;;32,7518;0,00000;0,0000;0,00257365;0,00257365;0,00369;11,15341;167,7581;22,782348;0,001278;23,941327;23,651051;0,0003;0,0264;7,48;744,51;0,00;0,03;2,56;;349,459;350,264;0,3292542;20,85000;0,12600;0,02200;0,0048525;;0,21;480,00;;;
;;481;20,73800;0,19800;0,028000;102,600;99,94;-71,0101;0,000;101,046;34,900;0,005;370,550;366,150;26,90;839,783;263,203;0,000;572,700;577,600;549,600;313,250;;;;;0,00;0,00;0,00;3,00;3,05;15,805;27,530;0,60;0,60;999998,00;999998,00;999998,00;999998,00;999998,00;999998,00;999998,00;999998,00;999998,00;999998,00;999998,00;999998,00;999998,00;999998,00;999998,00;;;;;;;;;;;;;;;;;30,9350;0,00000;0,0000;0,00917562;0,00917562;0,00373;3,00423;167,7891;22,994909;0,000939;24,125637;23,839163;0,0002;0,0195;7,48;744,53;0,00;0,03;2,43;;348,798;348,946;0,3109896;20,85600;0,12200;0,02200;0,0045409;;0,21;481,00;;;
;;482;20,74800;0,18700;0,028000;100,450;100,06;-71,0302;0,000;101,050;34,900;0,005;369,950;365,550;26,90;839,717;263,203;0,000;572,400;577,700;549,600;313,250;;;;;0,00;0,00;0,00;3,00;3,05;15,788;27,525;0,60;0,60;999998,00;999998,00;999998,00;999998,00;999998,00;999998,00;999998,00;999998,00;999998,00;999998,00;999998,00;999998,00;999998,00;999998,00;999998,00;;;;;;;;;;;;;;;;;29,8602;12,89179;-2,1777;0,02328491;0,02328491;0,00228;1,12744;167,8189;22,771146;-0,000245;23,852186;23,568500;-0,0001;-0,0050;7,48;744,53;0,00;0,03;2,31;;348,138;348,946;0,3001843;20,86000;0,11900;0,01500;0,0044256;;0,19;482,00;;;
;;483;20,75900;0,17300;0,016000;100,675;100,04;-71,0500;0,000;101,038;34,900;0,005;369,350;364,950;26,90;840,050;263,203;0,000;573,300;577,700;549,700;313,250;;;;;0,00;0,00;0,00;3,00;3,06;15,784;27,554;0,61;0,60;999998,00;999998,00;999998,00;999998,00;999998,00;999998,00;999998,00;999998,00;999998,00;999998,00;999998,00;999998,00;999998,00;999998,00;999998,00;;;;;;;;;;;;;;;;;30,4282;0,00000;0,0000;0,00910441;0,00910441;-0,00194;2,73571;167,8493;22,815144;-0,000127;23,859513;23,575280;0,0000;-0,0026;7,48;744,53;0,00;0,02;2,21;;347,479;347,628;0,3058943;20,86400;0,11500;-0,00600;0,0044993;;0,17;483,00;;;
;;484;20,77500;0,16300;0,003000;99,500;100,06;-71,0500;0,000;101,038;34,900;0,005;368,750;364,250;26,90;840,317;263,203;0,000;574,000;577,800;549,700;313,250;;;;;0,00;0,00;0,00;3,00;3,06;15,805;27,536;0,61;0,60;999998,00;999998,00;999998,00;999998,00;999998,00;999998,00;999998,00;999998,00;999998,00;999998,00;999998,00;999998,00;999998,00;999998,00;999998,00;;;;;;;;;;;;;;;;;29,8447;0,00000;0,0000;0,00334676;0,00334676;-0,00413;7,09330;167,8792;22,700058;-0,000289;23,700596;23,411369;-0,0001;-0,0059;7,48;744,53;0,00;0,02;2,10;;346,824;347,628;0,3000290;20,86800;0,11200;-0,01700;0,0044344;;0,17;484,00;;;
;;485;20,79000;0,15400;0,002000;101,450;100,04;-71,0601;0,000;101,048;34,900;0,005;368,050;363,450;26,90;840,383;263,203;0,000;574,100;577,800;549,800;313,250;;;;;0,00;0,00;0,00;3,00;3,06;15,799;27,541;0,61;0,60;999998,00;999998,00;999998,00;999998,00;999998,00;999998,00;999998,00;999998,00;999998,00;999998,00;999998,00;999998,00;999998,00;999998,00;999998,00;;;;;;;;;;;;;;;;;28,1975;0,00000;-2,4000;0,01167806;0,01167806;-0,00316;1,87429;167,9074;22,943203;-0,000135;23,908985;23,610163;0,0000;-0,0028;7,48;744,53;0,00;0,02;2,00;;346,168;346,315;0,2834698;20,87300;0,10600;-0,01200;0,0041455;;0,16;485,00;;;
;;486;20,80300;0,14900;-0,007000;101,950;100,11;-71,0701;0,000;101,048;34,900;0,005;367,450;362,950;26,90;840,550;263,203;0,000;574,500;577,900;549,800;313,250;;;;;0,00;0,00;0,00;3,00;3,06;15,795;27,530;0,61;0,61;999998,00;999998,00;999998,00;999998,00;999998,00;999998,00;999998,00;999998,00;999998,00;999998,00;999998,00;999998,00;999998,00;999998,00;999998,00;;;;;;;;;;;;;;;;;23,7845;0,00000;0,0000;0,00417074;0,00417074;0,00048;4,92751;167,9312;23,018441;-0,000756;23,948286;23,655002;-0,0002;-0,0156;7,48;744,53;0,00;0,02;1,80;;345,510;346,315;0,2391058;20,88100;0,10200;0,00600;0,0034864;;0,15;486,00;;;
;;487;20,81500;0,14300;0,003000;102,775;100,14;-71,0701;0,000;101,040;34,900;0,009;366,950;362,450;26,90;840,417;263,203;0,000;574,000;577,900;549,900;313,250;;;;;0,00;0,00;0,00;3,00;3,06;15,805;27,541;0,61;0,61;999998,00;999998,00;999998,00;999998,00;999998,00;999998,00;999998,00;999998,00;999998,00;999998,00;999998,00;999998,00;999998,00;999998,00;999998,00;;;;;;;;;;;;;;;;;23,1967;0,00000;0,0000;0,00417074;0,00417074;-0,00054;4,44183;167,9544;23,127129;-0,001061;24,028623;23,733954;-0,0002;-0,0220;7,48;744,53;0,00;0,02;1,71;;344,848;344,998;0,2331961;20,88500;0,09600;0,00100;0,0033838;;0,15;487,00;;;
;;488;20,82300;0,13600;0,006000;102,775;100,07;-71,0801;0,000;101,046;34,900;0,009;366,350;361,950;26,90;840,250;263,203;0,000;573,400;578,000;549,900;313,250;;;;;0,00;0,00;0,00;3,00;3,06;15,791;27,530;0,61;0,61;999998,00;999998,00;999998,00;999998,00;999998,00;999998,00;999998,00;999998,00;999998,00;999998,00;999998,00;999998,00;999998,00;999998,00;999998,00;;;;;;;;;;;;;;;;;20,7744;0,00000;-6,9046;0,01084391;0,01084391;0,00191;1,61184;167,9751;23,146060;-0,000360;24,008970;23,720614;-0,0001;-0,0074;7,48;744,53;0,00;0,02;1,61;;344,187;344,998;0,2088454;20,88900;0,09300;0,01300;0,0030289;;0,14;488,00;;;
;;489;20,83000;0,13100;0,005000;98,550;100,07;-71,0901;0,000;101,050;34,900;0,009;365,850;361,350;26,90;840,283;263,203;0,000;573,500;578,000;549,900;313,250;;;;;0,00;0,00;0,00;3,00;3,06;15,799;27,533;0,61;0,61;999998,00;999998,00;999998,00;999998,00;999998,00;999998,00;999998,00;999998,00;999998,00;999998,00;999998,00;999998,00;999998,00;999998,00;999998,00;;;;;;;;;;;;;;;;;18,6035;0,00000;-7,1144;0,01000977;0,01000977;0,00127;1,53775;167,9937;22,680793;-0,000350;23,494248;23,205266;-0,0001;-0,0071;7,48;744,53;0,00;0,02;1,43;;343,523;343,673;0,1870210;20,89500;0,08800;0,01000;0,0027678;;0,13;489,00;;;
;;490;20,83900;0,12600;0,011000;103,950;100,07;-71,1001;0,000;101,046;34,900;0,009;365,250;360,850;26,90;840,283;263,203;0,000;573,300;578,100;550,000;313,250;;;;;0,00;0,00;0,00;3,00;3,06;15,805;27,544;0,61;0,61;999998,00;999998,00;999998,00;999998,00;999998,00;999998,00;999998,00;999998,00;999998,00;999998,00;999998,00;999998,00;999998,00;999998,00;999998,00;;;;;;;;;;;;;;;;;16,2664;0,00000;-7,1551;0,01084391;0,01084391;0,00295;1,32749;168,0100;23,313022;-0,000371;24,109548;23,819112;-0,0001;-0,0077;7,48;744,53;0,00;0,01;1,31;;342,858;343,673;0,1635262;20,90100;0,08400;0,01800;0,0023552;;0,12;490,00;;;
;;491;20,84500;0,12200;0,022000;101,650;100,03;-71,1101;0,000;101,046;34,900;0,009;364,750;360,150;26,90;840,050;263,203;0,000;572,500;578,200;550,000;313,250;;;;;0,00;0,00;0,00;3,00;3,07;15,835;27,536;0,61;0,61;999998,00;999998,00;999998,00;999998,00;999998,00;999998,00;999998,00;999998,00;999998,00;999998,00;999998,00;999998,00;999998,00;999998,00;999998,00;;;;;;;;;;;;;;;;;14,7904;0,00000;0,0000;0,00500488;0,00500488;0,00313;2,49362;168,0248;23,069463;0,000019;23,825008;23,524542;0,0000;0,0004;7,48;744,53;0,00;0,01;1,20;;342,191;342,341;0,1486881;20,90500;0,07900;0,01900;0,0021642;;0,11;491,00;;;
;;492;20,85000;0,11900;0,022000;106,775;100,04;-71,1101;0,000;101,052;34,900;0,009;364,150;359,650;26,90;840,050;263,203;0,000;572,400;578,300;550,000;313,250;;;;;0,00;0,00;0,00;3,00;3,07;15,761;27,549;0,61;0,61;999998,00;999998,00;999998,00;999998,00;999998,00;999998,00;999998,00;999998,00;999998,00;999998,00;999998,00;999998,00;999998,00;999998,00;999998,00;;;;;;;;;;;;;;;;;13,4764;0,00000;0,0000;-0,00166829;-0,00166829;0,00363;-7,23949;168,0383;23,663342;-0,000115;24,398137;24,096636;0,0000;-0,0024;7,48;744,53;0,00;0,01;1,13;;341,524;342,341;0,1354781;20,90900;0,07700;0,02100;0,0019228;;0,11;492,00;;;
;;493;20,85600;0,11500;0,015000;101,675;99,99;-71,1101;0,000;101,048;34,900;0,009;363,550;359,050;26,90;840,050;263,196;0,000;572,300;578,300;550,100;313,250;;;;;0,00;0,00;0,00;3,00;3,07;15,805;27,544;0,61;0,61;999998,00;999998,00;999998,00;999998,00;999998,00;999998,00;999998,00;999998,00;999998,00;999998,00;999998,00;999998,00;999998,00;999998,00;999998,00;;;;;;;;;;;;;;;;;13,7060;0,00000;0,0000;0,00583903;0,00583903;-0,00196;1,83846;168,0520;23,110347;0,000442;23,788709;23,494254;0,0001;0,0091;7,48;744,54;0,00;0,01;0,97;;340,859;341,010;0,1377861;20,91400;0,07400;-0,00600;0,0020000;;0,11;493,00;;;
;;494;20,86000;0,11200;-0,006000;104,975;100,04;-71,1201;0,000;101,048;34,900;0,009;363,050;358,450;26,90;840,050;263,196;0,000;572,100;578,400;550,200;313,250;;;;;0,00;0,00;0,00;3,00;3,07;15,784;27,544;0,61;0,61;999998,00;999998,00;999998,00;999998,00;999998,00;999998,00;999998,00;999998,00;999998,00;999998,00;999998,00;999998,00;999998,00;999998,00;999998,00;;;;;;;;;;;;;;;;;13,0943;0,00000;0,0000;0,00667318;0,00667318;-0,00158;1,52794;168,0651;23,498555;-0,000083;24,155046;23,848992;0,0000;-0,0017;7,48;744,54;0,00;0,01;0,94;;340,196;341,010;0,1316371;20,91600;0,07200;-0,00400;0,0018793;;0,10;494,00;;;
;;495;20,86400;0,10600;-0,017000;105,050;100,00;-71,1201;0,000;101,044;34,900;0,009;362,550;357,950;26,90;839,883;263,196;0,000;571,600;578,400;550,200;313,250;;;;;0,00;0,00;0,00;3,00;3,07;15,818;27,536;0,61;0,61;999998,00;999998,00;999998,00;999998,00;999998,00;999998,00;999998,00;999998,00;999998,00;999998,00;999998,00;999998,00;999998,00;999998,00;999998,00;;;;;;;;;;;;;;;;;12,1985;0,00000;0,0000;-0,00667318;-0,00667318;-0,00179;-1,36777;168,0773;23,523151;0,000328;24,147028;23,840653;0,0001;0,0068;7,48;744,55;0,00;0,01;0,86;;339,534;339,684;0,1226315;20,91900;0,06900;-0,00500;0,0017487;;0,10;495,00;;;
;;496;20,86800;0,10200;-0,012000;105,975;99,99;-71,1101;0,000;101,046;34,900;0,009;362,050;357,550;26,90;840,017;263,196;0,000;571,700;578,600;550,300;313,250;;;;;0,00;0,00;0,00;3,00;3,07;15,778;27,538;0,61;0,61;999998,00;999998,00;999998,00;999998,00;999998,00;999998,00;999998,00;999998,00;999998,00;999998,00;999998,00;999998,00;999998,00;999998,00;999998,00;;;;;;;;;;;;;;;;;10,9904;0,00000;0,0000;-0,00667318;-0,00667318;-0,00138;-1,26634;168,0883;23,642798;0,000429;24,236377;23,935138;0,0001;0,0090;7,49;744,56;0,00;0,01;0,79;;338,873;339,684;0,1104863;20,92200;0,06700;-0,00300;0,0015677;;0,11;496,00;;;
;;497;20,87300;0,09600;0,006000;106,175;99,97;-71,1101;0,000;101,052;34,900;0,009;361,550;357,050;26,90;840,050;263,196;0,000;571,700;578,600;550,400;313,250;;;;;0,00;0,00;0,00;3,00;3,07;15,805;27,525;0,61;0,61;999998,00;999998,00;999998,00;999998,00;999998,00;999998,00;999998,00;999998,00;999998,00;999998,00;999998,00;999998,00;999998,00;999998,00;999998,00;;;;;;;;;;;;;;;;;10,4499;0,00000;0,0000;0,00501506;0,00501506;-0,00243;1,47109;168,0987;23,681455;0,000597;24,242479;23,940747;0,0001;0,0125;7,49;744,57;0,00;0,01;0,71;;338,213;338,363;0,1050529;20,92500;0,06400;-0,00800;0,0014877;;0,11;497,00;;;
;;498;20,88100;0,09300;0,001000;103,650;99,97;-71,1201;0,000;101,046;34,900;0,009;361,150;356,650;26,90;840,083;263,196;0,000;571,600;578,700;550,500;313,250;;;;;0,00;0,00;0,00;3,00;3,07;15,809;27,560;0,61;0,61;999998,00;999998,00;999998,00;999998,00;999998,00;999998,00;999998,00;999998,00;999998,00;999998,00;999998,00;999998,00;999998,00;999998,00;999998,00;;;;;;;;;;;;;;;;;6,2456;0,00000;7,5393;0,01744588;0,01744588;0,00462;0,37700;168,1050;23,411125;0,000634;23,939230;23,640942;0,0001;0,0131;7,49;744,58;0,00;0,01;0,62;;337,551;338,363;0,0627868;20,92800;0,06200;0,02600;0,0009020;;0,10;498,00;;;
;;499;20,88500;0,08800;0,013000;102,675;99,97;-71,1400;0,000;101,048;34,800;0,009;360,650;356,250;26,90;840,117;263,196;0,000;571,600;578,800;550,500;313,250;;;;;0,00;0,00;0,00;3,00;3,08;15,769;27,546;0,61;0,61;999998,00;999998,00;999998,00;999998,00;999998,00;999998,00;999998,00;999998,00;999998,00;999998,00;999998,00;999998,00;999998,00;999998,00;999998,00;;;;;;;;;;;;;;;;;6,2426;0,00000;10,9970;0,01077271;0,01077271;0,00378;0,57497;168,1112;23,316901;0,000574;23,809871;23,519385;0,0001;0,0118;7,49;744,59;0,00;0,01;0,60;;336,887;337,040;0,0627565;20,92900;0,06100;0,02200;0,0009048;;0,08;499,00;;;
;;500;20,88900;0,08400;0,010000;104,275;99,95;-71,1400;0,000;101,048;34,800;0,009;360,350;356,050;26,90;840,317;263,196;0,000;571,900;579,000;550,600;313,250;;;;;0,00;0,00;0,00;3,00;3,08;15,805;27,541;0,61;0,61;999998,00;999998,00;999998,00;999998,00;999998,00;999998,00;999998,00;999998,00;999998,00;999998,00;999998,00;999998,00;999998,00;999998,00;999998,00;;;;;;;;;;;;;;;;;6,6257;0,00000;0,0000;-0,00165812;-0,00165812;0,00402;-3,76611;168,1178;23,507654;0,000762;23,984688;23,698483;0,0002;0,0158;7,49;744,61;0,00;0,01;0,63;;336,226;337,040;0,0666085;20,92800;0,06100;0,02300;0,0009526;;0,08;500,00;;;
;;501;20,89500;0,07900;0,018000;99,775;99,96;-71,1400;0,000;101,050;34,800;0,009;359,950;355,750;26,90;840,517;263,196;0,000;572,300;579,100;550,700;313,250;;;;;0,00;0,00;0,00;3,00;3,08;15,799;27,541;0,61;0,61;999998,00;999998,00;999998,00;999998,00;999998,00;999998,00;999998,00;999998,00;999998,00;999998,00;999998,00;999998,00;999998,00;999998,00;999998,00;;;;;;;;;;;;;;;;;6,3777;0,00000;0,0000;0,00000000;0,00000000;0,00150;Infinity;168,1242;23,007594;0,000688;23,448424;23,174821;0,0001;0,0139;7,49;744,62;0,00;0,01;0,54;;335,568;335,720;0,0641149;20,93100;0,06000;0,01100;0,0009359;;0,08;501,00;;;
;;502;20,90100;0,07700;0,019000;104,700;99,94;-71,1400;0,000;101,048;34,800;0,009;359,550;355,350;26,90;840,683;263,196;0,000;572,600;579,200;550,800;313,250;;;;;0,00;0,00;0,00;3,00;3,08;15,799;27,541;0,61;0,61;999998,00;999998,00;999998,00;999998,00;999998,00;999998,00;999998,00;999998,00;999998,00;999998,00;999998,00;999998,00;999998,00;999998,00;999998,00;;;;;;;;;;;;;;;;;8,1616;0,00000;0,0000;0,00000000;0,00000000;-0,00325;Infinity;168,1324;23,581701;0,000862;24,006823;23,726393;0,0002;0,0178;7,49;744,64;0,00;0,01;0,52;;334,914;335,720;0,0820482;20,93200;0,06000;-0,01200;0,0011663;;0,08;502,00;;;
;;503;20,90500;0,07400;0,021000;106,475;99,96;-71,1400;0,000;101,050;34,800;0,009;359,050;354,950;26,90;840,683;263,196;0,000;572,400;579,300;550,900;313,250;;;;;0,00;0,00;0,00;3,00;3,08;15,772;27,560;0,61;0,60;999998,00;999998,00;999998,00;999998,00;999998,00;999998,00;999998,00;999998,00;999998,00;999998,00;999998,00;999998,00;999998,00;999998,00;999998,00;;;;;;;;;;;;;;;;;7,2710;0,00000;0,0000;-0,00083415;-0,00083415;-0,00181;-6,70573;168,1396;23,797306;0,000740;24,192625;23,916369;0,0002;0,0154;7,49;744,66;0,00;0,01;0,50;;334,263;334,412;0,0730953;20,93300;0,05900;-0,00500;0,0010301;;0,08;503,00;;;
;;504;20,90900;0,07200;-0,006000;102,775;99,94;-71,1400;0,000;101,050;34,800;0,009;358,650;354,450;26,90;840,750;263,196;0,000;572,500;579,400;550,900;313,250;;;;;0,00;0,00;0,00;3,00;3,08;15,769;27,541;0,61;0,60;999998,00;999998,00;999998,00;999998,00;999998,00;999998,00;999998,00;999998,00;999998,00;999998,00;999998,00;999998,00;999998,00;999998,00;999998,00;;;;;;;;;;;;;;;;;7,5000;0,00000;0,0000;0,00583903;0,00583903;-0,00240;0,88041;168,1471;23,393206;0,000866;23,755318;23,477130;0,0002;0,0177;7,49;744,67;0,00;0,01;0,49;;333,615;334,412;0,0753976;20,93300;0,05800;-0,00800;0,0010806;;0,08;504,00;;;
;;505;20,91400;0,06900;-0,004000;106,475;99,96;-71,1500;0,000;101,054;34,800;0,009;358,250;354,050;26,90;840,950;263,196;0,000;572,900;579,500;551,000;313,250;;;;;0,00;0,00;0,00;3,00;3,08;15,769;27,562;0,61;0,60;999998,00;999998,00;999998,00;999998,00;999998,00;999998,00;999998,00;999998,00;999998,00;999998,00;999998,00;999998,00;999998,00;999998,00;999998,00;;;;;;;;;;;;;;;;;7,0313;0,00000;0,0000;0,00583903;0,00583903;-0,00181;0,83421;168,1542;23,823862;0,000745;24,165658;23,882349;0,0002;0,0155;7,49;744,69;0,00;0,00;0,48;;332,968;333,116;0,0706861;20,93400;0,05700;-0,00500;0,0009950;;0,07;505,00;;;
;;506;20,91600;0,06700;-0,005000;103,950;99,97;-71,1500;0,000;101,054;34,800;0,009;357,850;353,750;26,90;841,083;263,196;0,000;573,100;579,600;551,100;313,250;;;;;0,00;0,00;0,00;3,00;3,08;15,822;27,552;0,61;0,60;999998,00;999998,00;999998,00;999998,00;999998,00;999998,00;999998,00;999998,00;999998,00;999998,00;999998,00;999998,00;999998,00;999998,00;999998,00;;;;;;;;;;;;;;;;;7,5291;0,00000;0,0000;-0,00083415;-0,00083415;-0,00470;-4,90922;168,1617;23,552835;0,000592;23,864068;23,590650;0,0001;0,0122;7,49;744,70;0,00;0,00;0,42;;332,325;333,116;0,0756905;20,93600;0,05500;-0,01900;0,0010765;;0,07;506,00;;;
;;507;20,91900;0,06400;-0,003000;103,025;99,96;-71,1500;0,000;101,054;34,800;0,009;357,450;353,350;27,00;841,283;263,196;0,000;573,500;579,700;551,200;313,250;;;;;0,00;0,00;0,00;3,00;3,08;15,799;27,568;0,60;0,60;999998,00;999998,00;999998,00;999998,00;999998,00;999998,00;999998,00;999998,00;999998,00;999998,00;999998,00;999998,00;999998,00;999998,00;999998,00;;;;;;;;;;;;;;;;;5,2200;0,00000;0,0000;0,00000000;0,00000000;-0,00013;Infinity;168,1669;23,460923;0,000754;23,744371;23,472020;0,0002;0,0154;7,49;744,72;0,00;0,00;0,39;;331,682;331,826;0,0524765;20,93700;0,05400;0,00300;0,0007507;;0,07;507,00;;;
;;508;20,92200;0,06200;-0,008000;103,000;99,96;-71,1500;0,000;101,050;34,900;0,009;357,050;352,950;27,00;841,150;263,196;0,000;572,900;579,800;551,300;313,250;;;;;0,00;0,00;0,00;3,00;3,09;15,807;27,568;0,60;0,60;999998,00;999998,00;999998,00;999998,00;999998,00;999998,00;999998,00;999998,00;999998,00;999998,00;999998,00;999998,00;999998,00;999998,00;999998,00;;;;;;;;;;;;;;;;;3,9153;0,00000;0,0000;0,00083415;0,00083415;0,00215;4,03139;168,1708;23,471213;0,000701;23,728203;23,455732;0,0001;0,0144;7,49;744,73;0,00;0,00;0,37;;331,038;331,826;0,0393601;20,93800;0,05300;0,01400;0,0005638;;0,07;508,00;;;
;;509;20,92500;0,06100;0,026000;108,825;99,97;-71,1500;0,000;101,050;34,900;0,009;356,650;352,550;27,00;841,283;263,196;0,000;573,200;579,900;551,300;313,350;;;;;0,00;0,00;0,00;3,00;3,09;15,801;27,576;0,60;0,60;999998,00;999998,00;999998,00;999998,00;999998,00;999998,00;999998,00;999998,00;999998,00;999998,00;999998,00;999998,00;999998,00;999998,00;999998,00;;;;;;;;;;;;;;;;;1,5201;0,00000;0,0000;-0,00583903;-0,00583903;0,00625;-0,52907;168,1724;24,139299;0,000598;24,376264;24,096038;0,0001;0,0126;7,49;744,74;0,01;0,00;0,32;;330,393;330,536;0,0152811;20,94000;0,05200;0,03300;0,0002152;;0,07;509,00;;;
;;510;20,92800;0,06100;0,022000;104,725;99,97;-71,1400;0,000;101,048;34,900;0,009;356,350;352,250;27,00;841,283;263,196;0,000;573,000;580,000;551,400;313,250;;;;;0,00;0,00;0,00;3,00;3,09;15,839;27,554;0,60;0,60;999998,00;999998,00;999998,00;999998,00;999998,00;999998,00;999998,00;999998,00;999998,00;999998,00;999998,00;999998,00;999998,00;999998,00;999998,00;;;;;;;;;;;;;;;;;2,4991;0,00000;0,0000;-0,00583903;-0,00583903;0,00300;-0,45717;168,1749;23,690173;0,000596;23,902607;23,627594;0,0001;0,0123;7,49;744,76;0,00;0,00;0,29;;329,749;330,536;0,0251234;20,94100;0,05100;0,01800;0,0003573;;0,08;510,00;;;
;;511;20,92900;0,06000;0,023000;105,350;99,97;-71,1400;0,000;101,048;34,900;0,009;355,950;352,050;27,00;841,517;263,196;0,000;573,500;580,100;551,500;313,350;;;;;0,00;0,00;0,00;3,00;3,09;15,801;27,562;0,60;0,60;999998,00;999998,00;999998,00;999998,00;999998,00;999998,00;999998,00;999998,00;999998,00;999998,00;999998,00;999998,00;999998,00;999998,00;999998,00;;;;;;;;;;;;;;;;;1,2067;0,00000;0,0000;0,00083415;0,00083415;0,00427;2,77555;168,1761;23,774106;0,000611;23,960367;23,697843;0,0001;0,0126;7,49;744,77;0,00;0,00;0,24;;329,107;329,247;0,0121313;20,94300;0,05000;0,02400;0,0001732;;0,08;511,00;;;
;;512;20,92800;0,06000;0,011000;102,650;99,96;-71,1400;0,000;101,050;34,900;0,009;355,750;351,950;27,00;841,450;263,196;0,000;573,200;580,100;551,600;313,350;;;;;0,00;0,00;0,00;3,00;3,09;15,824;27,586;0,60;0,59;999998,00;999998,00;999998,00;999998,00;999998,00;999998,00;999998,00;999998,00;999998,00;999998,00;999998,00;999998,00;999998,00;999998,00;999998,00;;;;;;;;;;;;;;;;;1,8349;0,00000;0,0000;0,00000000;0,00000000;0,00194;Infinity;168,1779;23,474074;0,000693;23,644691;23,392127;0,0001;0,0141;7,49;744,78;0,00;0,00;0,21;;328,467;329,247;0,0184461;20,94400;0,04900;0,01300;0,0002647;;0,08;512,00;;;
;;513;20,93100;0,05900;-0,012000;106,425;99,97;-71,1400;0,000;101,050;34,900;0,009;355,450;351,650;27,00;841,483;263,196;0,000;573,000;580,300;551,700;313,250;;;;;0,00;0,00;0,00;3,00;3,09;15,790;27,565;0,60;0,59;999998,00;999998,00;999998,00;999998,00;999998,00;999998,00;999998,00;999998,00;999998,00;999998,00;999998,00;999998,00;999998,00;999998,00;999998,00;;;;;;;;;;;;;;;;;1,5083;0,00000;0,0000;0,00082397;0,00082397;0,00261;2,82609;168,1794;23,911896;0,000625;24,065385;23,808109;0,0001;0,0130;7,49;744,80;0,00;0,00;0,22;;327,830;327,969;0,0151634;20,94400;0,05000;0,01600;0,0002141;;0,08;513,00;;;
;;514;20,93200;0,05800;-0,005000;108,375;99,96;-71,1400;0,000;101,044;34,900;0,005;355,050;351,250;27,00;841,483;263,196;0,000;572,800;580,400;551,800;313,250;;;;;0,00;0,00;0,00;3,00;3,09;15,790;27,570;0,60;0,59;999998,00;999998,00;999998,00;999998,00;999998,00;999998,00;999998,00;999998,00;999998,00;999998,00;999998,00;999998,00;999998,00;999998,00;999998,00;;;;;;;;;;;;;;;;;1,8878;0,00000;0,0000;-0,00576782;-0,00576782;0,00178;-0,40764;168,1813;24,143556;0,000742;24,271188;24,011420;0,0002;0,0156;7,49;744,81;0,00;0,00;0,22;;327,196;327,969;0,0189784;20,94400;0,05000;0,01200;0,0002647;;0,08;514,00;;;
;;515;20,93300;0,05700;-0,008000;104,925;99,97;-71,1301;0,000;101,044;34,900;0,005;354,750;350,950;27,00;841,350;263,196;0,000;572,400;580,400;551,800;313,350;;;;;0,00;0,00;0,00;3,00;3,09;15,786;27,568;0,59;0,59;999998,00;999998,00;999998,00;999998,00;999998,00;999998,00;999998,00;999998,00;999998,00;999998,00;999998,00;999998,00;999998,00;999998,00;999998,00;;;;;;;;;;;;;;;;;3,0912;0,00000;0,0000;-0,00576782;-0,00576782;0,00008;-0,33824;168,1844;23,766199;0,000588;23,871648;23,615941;0,0001;0,0121;7,49;744,82;0,00;0,00;0,24;;326,565;326,704;0,0310758;20,94300;0,04900;0,00400;0,0004390;;0,09;515,00;;;
;;516;20,93300;0,05500;-0,005000;106,550;100,01;-71,1301;0,000;101,044;34,900;0,005;354,350;350,650;27,00;841,217;263,196;0,000;571,700;580,600;551,900;313,350;;;;;0,00;0,00;0,00;3,00;3,10;15,820;27,560;0,59;0,59;999998,00;999998,00;999998,00;999998,00;999998,00;999998,00;999998,00;999998,00;999998,00;999998,00;999998,00;999998,00;999998,00;999998,00;999998,00;;;;;;;;;;;;;;;;;4,3836;0,00000;0,0000;0,00082397;0,00082397;-0,00288;2,38729;168,1888;23,963041;0,000163;24,042224;23,791184;0,0000;0,0034;7,49;744,83;0,00;0,00;0,24;;325,940;326,704;0,0440680;20,94300;0,04900;-0,01000;0,0006161;;0,09;516,00;;;
;;517;20,93400;0,05400;-0,019000;104,525;100,02;-71,1301;0,000;101,044;35,000;0,005;354,050;350,450;27,00;840,817;263,196;0,000;570,300;580,700;552,000;313,250;;;;;0,00;0,00;0,00;3,00;3,10;15,780;27,568;0,59;0,59;999998,00;999998,00;999998,00;999998,00;999998,00;999998,00;999998,00;999998,00;999998,00;999998,00;999998,00;999998,00;999998,00;999998,00;999998,00;;;;;;;;;;;;;;;;;2,8426;0,00000;0,0000;0,00000000;0,00000000;-0,00034;Infinity;168,1916;23,744292;0,000126;23,802583;23,560557;0,0000;0,0026;7,49;744,83;0,00;0,00;0,22;;325,316;325,452;0,0285768;20,94400;0,04900;0,00200;0,0004039;;0,09;517,00;;;
;;518;20,93600;0,05300;0,003000;104,100;100,03;-71,1301;0,000;101,044;35,000;0,005;353,750;350,050;27,00;840,850;263,196;0,000;570,200;580,800;552,100;313,350;;;;;0,00;0,00;0,00;3,00;3,10;15,793;27,586;0,59;0,59;999998,00;999998,00;999998,00;999998,00;999998,00;999998,00;999998,00;999998,00;999998,00;999998,00;999998,00;999998,00;999998,00;999998,00;999998,00;;;;;;;;;;;;;;;;;1,5843;0,00000;0,0000;0,00000000;0,00000000;0,00259;Infinity;168,1932;23,706017;0,000005;23,744078;23,495730;0,0000;0,0001;7,49;744,83;0,00;0,00;0,21;;324,693;325,452;0,0159272;20,94400;0,04900;0,01600;0,0002268;;0,09;518,00;;;
;;519;20,93700;0,05200;0,014000;104,200;99,98;-71,1301;0,000;101,046;35,000;0,005;353,350;349,650;27,00;840,950;263,196;0,000;570,300;580,900;552,200;313,250;;;;;0,00;0,00;0,00;3,00;3,10;15,799;27,594;0,59;0,58;999998,00;999998,00;999998,00;999998,00;999998,00;999998,00;999998,00;999998,00;999998,00;999998,00;999998,00;999998,00;999998,00;999998,00;999998,00;;;;;;;;;;;;;;;;;2,9067;0,00000;0,0000;0,00000000;0,00000000;0,00070;Infinity;168,1961;23,730820;0,000497;23,742044;23,493437;0,0001;0,0102;7,49;744,84;0,00;0,00;0,24;;324,071;324,209;0,0292214;20,94300;0,04800;0,00700;0,0004137;;0,09;519,00;;;
;;520;20,93800;0,05100;0,033000;105,650;100,02;-71,1301;0,000;101,046;35,000;0,005;353,050;349,350;27,00;840,683;263,196;0,000;569,300;581,000;552,300;313,350;;;;;0,00;0,00;0,00;3,00;3,10;15,770;27,578;0,59;0,58;999998,00;999998,00;999998,00;999998,00;999998,00;999998,00;999998,00;999998,00;999998,00;999998,00;999998,00;999998,00;999998,00;999998,00;999998,00;;;;;;;;;;;;;;;;;1,5964;0,00000;0,0000;-0,00082397;-0,00082397;0,00303;-1,49401;168,1977;23,905514;0,000083;23,896515;23,646077;0,0000;0,0017;7,49;744,84;0,00;0,00;0,22;;323,452;324,209;0,0160490;20,94400;0,04700;0,01800;0,0002268;;0,09;520,00;;;
;;521;20,94000;0,05000;0,018000;107,975;100,07;-71,1301;0,000;101,042;35,000;0,005;352,750;349,150;27,00;840,883;263,196;0,000;569,600;581,200;552,400;313,350;;;;;0,00;0,00;0,00;3,00;3,10;15,791;27,584;0,59;0,58;999998,00;999998,00;999998,00;999998,00;999998,00;999998,00;999998,00;999998,00;999998,00;999998,00;999998,00;999998,00;999998,00;999998,00;999998,00;;;;;;;;;;;;;;;;;1,5232;0,00000;0,0000;0,00576782;0,00576782;0,00328;0,21586;168,1992;24,177396;-0,000367;24,147758;23,901318;-0,0001;-0,0077;7,49;744,84;0,00;0,00;0,22;;322,835;322,973;0,0153132;20,94400;0,04700;0,01900;0,0002141;;0,09;521,00;;;
;;522;20,94100;0,04900;0,024000;102,200;100,03;-71,1400;0,000;101,050;35,000;0,005;352,550;348,850;27,00;841,383;263,196;0,000;570,900;581,300;552,500;313,250;;;;;0,00;0,00;0,00;3,00;3,10;15,786;27,568;0,58;0,58;999998,00;999998,00;999998,00;999998,00;999998,00;999998,00;999998,00;999998,00;999998,00;999998,00;999998,00;999998,00;999998,00;999998,00;999998,00;;;;;;;;;;;;;;;;;2,8162;0,00000;0,0000;0,00576782;0,00576782;-0,00013;0,27246;168,2020;23,528624;0,000058;23,486457;23,239968;0,0000;0,0012;7,49;744,84;0,00;0,00;0,21;;322,220;322,973;0,0283112;20,94400;0,04800;0,00300;0,0004039;;0,08;522,00;;;
;;523;20,94300;0,05000;0,013000;107,775;100,09;-71,1400;0,000;101,050;34,900;0,005;352,350;348,850;27,00;841,650;263,196;0,000;571,300;581,500;552,700;313,350;;;;;0,00;0,00;0,00;3,00;3,10;15,799;27,592;0,58;0,58;999998,00;999998,00;999998,00;999998,00;999998,00;999998,00;999998,00;999998,00;999998,00;999998,00;999998,00;999998,00;999998,00;999998,00;999998,00;;;;;;;;;;;;;;;;;2,0943;0,00000;0,0000;-0,00082397;-0,00082397;0,00093;-1,51045;168,2041;24,168702;-0,000620;24,111702;23,872193;-0,0001;-0,0129;7,49;744,84;0,00;0,00;0,19;;321,609;321,745;0,0210543;20,94500;0,04700;0,00800;0,0002929;;0,08;523,00;;;
;;524;20,94400;0,05000;0,016000;110,200;100,07;-71,1400;0,000;101,050;34,900;0,005;352,050;348,650;27,00;841,883;263,196;0,000;571,800;581,600;552,800;313,350;;;;;0,00;0,00;0,00;3,00;3,11;15,778;27,568;0,58;0,58;999998,00;999998,00;999998,00;999998,00;999998,00;999998,00;999998,00;999998,00;999998,00;999998,00;999998,00;999998,00;999998,00;999998,00;999998,00;;;;;;;;;;;;;;;;;2,6044;0,00000;0,0000;-0,00083415;-0,00083415;-0,00121;-1,50937;168,2067;24,449505;-0,000438;24,371075;24,135706;-0,0001;-0,0092;7,49;744,84;0,00;0,00;0,17;;321,000;321,745;0,0261825;20,94600;0,04700;-0,00200;0,0003591;;0,08;524,00;;;
;;525;20,94400;0,04900;0,012000;107,425;100,04;-71,1400;0,000;101,048;34,900;0,005;351,850;348,550;27,00;842,150;263,196;0,000;572,400;581,700;552,900;313,350;;;;;0,00;0,00;0,00;3,00;3,11;15,814;27,578;0,58;0,58;999998,00;999998,00;999998,00;999998,00;999998,00;999998,00;999998,00;999998,00;999998,00;999998,00;999998,00;999998,00;999998,00;999998,00;999998,00;;;;;;;;;;;;;;;;;2,2074;0,00000;0,0000;0,00583903;0,00583903;-0,00035;0,21295;168,2089;24,146564;-0,000065;24,055433;23,829817;0,0000;-0,0013;7,49;744,84;0,00;0,00;0,17;;320,393;320,527;0,0221906;20,94600;0,04700;0,00200;0,0003085;;0,08;525,00;;;
;;526;20,94400;0,04900;0,004000;107,425;100,07;-71,1500;0,000;101,048;34,800;0,005;351,650;348,350;27,00;842,250;263,196;0,000;572,500;581,800;553,000;313,350;;;;;0,00;0,00;0,00;3,00;3,11;15,793;27,589;0,58;0,58;999998,00;999998,00;999998,00;999998,00;999998,00;999998,00;999998,00;999998,00;999998,00;999998,00;999998,00;999998,00;999998,00;999998,00;999998,00;;;;;;;;;;;;;;;;;2,9378;0,00000;0,0000;0,00583903;0,00583903;-0,00205;0,21301;168,2119;24,153430;-0,000419;24,048595;23,822915;-0,0001;-0,0087;7,49;744,84;0,00;0,00;0,17;;319,789;320,527;0,0295335;20,94600;0,04700;-0,00600;0,0004097;;0,07;526,00;;;
;;527;20,94300;0,04900;-0,010000;105,575;100,10;-71,1500;0,000;101,048;34,800;0,005;351,450;348,250;27,00;842,383;263,196;0,000;572,700;581,900;553,100;313,350;;;;;0,00;0,00;0,00;3,00;3,11;15,799;27,584;0,58;0,58;999998,00;999998,00;999998,00;999998,00;999998,00;999998,00;999998,00;999998,00;999998,00;999998,00;999998,00;999998,00;999998,00;999998,00;999998,00;;;;;;;;;;;;;;;;;2,3705;0,00000;0,0000;0,00000000;0,00000000;-0,00077;Infinity;168,2143;23,951361;-0,000688;23,833840;23,616829;-0,0001;-0,0142;7,49;744,84;0,00;0,00;0,16;;319,187;319,319;0,0238302;20,94600;0,04700;0,00000;0,0003338;;0,07;527,00;;;
;;528;20,94300;0,04900;0,002000;104,100;100,06;-71,1500;0,000;101,050;34,800;0,005;351,250;348,150;27,00;842,650;263,196;0,000;573,200;582,100;553,200;313,350;;;;;0,00;0,00;0,00;3,00;3,11;15,772;27,584;0,58;0,58;999998,00;999998,00;999998,00;999998,00;999998,00;999998,00;999998,00;999998,00;999998,00;999998,00;999998,00;999998,00;999998,00;999998,00;999998,00;;;;;;;;;;;;;;;;;1,0292;0,00000;0,0000;-0,00583903;-0,00583903;0,00155;-0,14749;168,2153;23,790230;-0,000282;23,660028;23,451213;-0,0001;-0,0058;7,49;744,84;0,00;0,00;0,14;;318,585;319,319;0,0103468;20,94700;0,04600;0,01100;0,0001468;;0,07;528,00;;;
;;529;20,94400;0,04800;0,016000;103,775;100,14;-71,1400;0,000;101,050;34,800;0,005;351,050;347,850;27,00;842,617;263,203;0,000;572,900;582,200;553,300;313,350;;;;;0,00;0,00;0,00;3,00;3,11;15,749;27,554;0,58;0,58;999998,00;999998,00;999998,00;999998,00;999998,00;999998,00;999998,00;999998,00;999998,00;999998,00;999998,00;999998,00;999998,00;999998,00;999998,00;;;;;;;;;;;;;;;;;0,0000;0,00000;0,0000;-0,00583903;-0,00583903;0,00427;-0,14730;168,2153;23,759830;-0,001092;23,616339;23,401064;-0,0002;-0,0223;7,49;744,84;0,00;0,00;0,14;;317,984;318,117;0,0000000;20,94700;0,04600;0,02400;-0,0000177;;0,08;529,00;;;
;;530;20,94400;0,04700;0,007000;103,425;100,10;-71,1400;0,000;101,048;34,700;0,005;350,750;347,650;27,00;842,817;263,196;0,000;573,300;582,300;553,400;313,350;;;;;0,00;0,00;0,00;3,00;3,11;15,816;27,602;0,58;0,57;999998,00;999998,00;999998,00;999998,00;999998,00;999998,00;999998,00;999998,00;999998,00;999998,00;999998,00;999998,00;999998,00;999998,00;999998,00;;;;;;;;;;;;;;;;;0,7348;0,00000;0,0000;0,00083415;0,00083415;0,00301;1,46493;168,2160;23,729870;-0,000687;23,566403;23,358118;-0,0001;-0,0140;7,49;744,84;0,00;0,00;0,16;;317,385;318,117;0,0073871;20,94600;0,04700;0,01800;0,0001060;;0,08;530,00;;;
;;531;20,94300;0,04700;0,018000;103,425;100,10;-71,1400;0,000;101,048;34,700;0,005;350,750;347,650;27,00;842,850;263,203;0,000;573,200;582,400;553,500;313,350;;;;;0,00;0,00;0,00;3,00;3,11;15,793;27,578;0,58;0,57;999998,00;999998,00;999998,00;999998,00;999998,00;999998,00;999998,00;999998,00;999998,00;999998,00;999998,00;999998,00;999998,00;999998,00;999998,00;;;;;;;;;;;;;;;;;0,0402;0,00000;0,0000;0,00000000;0,00000000;0,00384;Infinity;168,2161;23,729870;-0,000687;23,566403;23,358118;-0,0001;-0,0140;7,49;744,84;0,00;0,00;0,14;;316,788;316,919;0,0004040;20,94700;0,04600;0,02200;0,0000076;;0,08;531,00;;;
;;532;20,94400;0,04800;0,019000;109,825;100,14;-71,1400;0,000;101,048;34,700;0,005;350,550;347,450;27,00;842,917;263,203;0,000;573,200;582,500;553,600;313,350;;;;;0,00;0,00;0,00;3,00;3,12;15,786;27,581;0,58;0,57;999998,00;999998,00;999998,00;999998,00;999998,00;999998,00;999998,00;999998,00;999998,00;999998,00;999998,00;999998,00;999998,00;999998,00;999998,00;;;;;;;;;;;;;;;;;0,0000;0,00000;0,0000;0,00000000;0,00000000;0,00288;Infinity;168,2161;24,460034;-0,001082;24,277686;24,062993;-0,0002;-0,0227;7,49;744,84;0,00;0,00;0,11;;316,193;316,919;0,0000000;20,94800;0,04700;0,01700;-0,0000022;;0,08;532,00;;;
;;533;20,94400;0,04700;0,003000;107,400;100,14;-71,1400;0,000;101,056;34,700;0,005;350,350;347,450;27,00;843,050;263,203;0,000;573,400;582,600;553,700;313,350;;;;;0,00;0,00;0,00;3,00;3,12;15,763;27,576;0,58;0,57;999998,00;999998,00;999998,00;999998,00;999998,00;999998,00;999998,00;999998,00;999998,00;999998,00;999998,00;999998,00;999998,00;999998,00;999998,00;;;;;;;;;;;;;;;;;0,0000;0,00000;0,0000;0,00000000;0,00000000;0,00520;Infinity;168,2161;24,195385;-0,001079;24,001308;23,802639;-0,0002;-0,0224;7,49;744,84;0,01;0,00;0,14;;315,599;315,729;0,0000000;20,94700;0,04600;0,02800;-0,0000684;;0,08;533,00;;;
;;534;20,94400;0,04700;0,008000;110,575;100,18;-71,1400;0,000;101,052;34,700;0,005;350,150;347,250;27,00;843,083;263,203;0,000;573,400;582,700;553,700;313,350;;;;;0,00;0,00;0,00;3,00;3,12;15,793;27,586;0,58;0,57;999998,00;999998,00;999998,00;999998,00;999998,00;999998,00;999998,00;999998,00;999998,00;999998,00;999998,00;999998,00;999998,00;999998,00;999998,00;;;;;;;;;;;;;;;;;2,3377;0,00000;0,0000;0,00000000;0,00000000;-0,00057;Infinity;168,2184;24,557426;-0,001529;24,346540;24,144898;-0,0003;-0,0322;7,49;744,84;0,00;0,00;0,17;;315,010;315,729;0,0235007;20,94600;0,04700;0,00100;0,0003211;;0,08;534,00;;;
;;535;20,94500;0,04700;-0,002000;108,550;100,15;-71,1400;0,000;101,052;34,600;0,005;350,050;347,150;27,00;843,150;263,203;0,000;573,400;582,800;553,800;313,350;;;;;0,00;0,00;0,00;3,00;3,12;15,786;27,584;0,58;0,57;999998,00;999998,00;999998,00;999998,00;999998,00;999998,00;999998,00;999998,00;999998,00;999998,00;999998,00;999998,00;999998,00;999998,00;999998,00;;;;;;;;;;;;;;;;;2,9592;0,00000;0,0000;0,00000000;0,00000000;-0,00185;Infinity;168,2214;24,334998;-0,001161;24,119132;23,919316;-0,0002;-0,0242;7,49;744,84;0,00;0,00;0,17;;314,427;314,555;0,0297493;20,94600;0,04600;-0,00500;0,0004097;;0,08;535,00;;;
;;536;20,94600;0,04700;0,002000;108,900;100,17;-71,1400;0,000;101,052;34,600;0,005;349,850;347,050;27,00;843,183;263,203;0,000;573,400;582,800;553,900;313,350;;;;;0,00;0,00;0,00;3,00;3,12;15,759;27,608;0,58;0,57;999998,00;999998,00;999998,00;999998,00;999998,00;999998,00;999998,00;999998,00;999998,00;999998,00;999998,00;999998,00;999998,00;999998,00;999998,00;;;;;;;;;;;;;;;;;2,1159;0,00000;0,0000;0,00000000;0,00000000;-0,00293;Infinity;168,2235;24,381165;-0,001369;24,151082;23,957791;-0,0003;-0,0286;7,49;744,84;0,00;0,00;0,09;;313,845;314,555;0,0212713;20,94900;0,04600;-0,01000;0,0002918;;0,08;536,00;;;
;;537;20,94600;0,04700;-0,006000;107,400;100,19;-71,1400;0,000;101,052;34,600;0,005;349,650;346,850;27,00;843,150;263,203;0,000;573,100;582,900;554,000;313,350;;;;;0,00;0,00;0,00;3,00;3,12;15,809;27,594;0,58;0,57;999998,00;999998,00;999998,00;999998,00;999998,00;999998,00;999998,00;999998,00;999998,00;999998,00;999998,00;999998,00;999998,00;999998,00;999998,00;;;;;;;;;;;;;;;;;1,4377;0,00000;0,0000;0,00000000;0,00000000;-0,00035;Infinity;168,2249;24,219592;-0,001577;23,977319;23,785308;-0,0003;-0,0327;7,49;744,84;0,00;0,00;0,11;;313,264;313,391;0,0144529;20,94800;0,04600;0,00200;0,0002004;;0,08;537,00;;;
;;538;20,94600;0,04600;0,000000;108,975;100,20;-71,1400;0,000;101,050;34,600;0,005;349,350;346,650;27,00;843,083;263,203;0,000;572,800;583,000;554,000;313,350;;;;;0,00;0,00;0,00;3,00;3,12;15,734;27,581;0,58;0,57;999998,00;999998,00;999998,00;999998,00;999998,00;999998,00;999998,00;999998,00;999998,00;999998,00;999998,00;999998,00;999998,00;999998,00;999998,00;;;;;;;;;;;;;;;;;1,4488;0,00000;0,0000;0,00000000;0,00000000;-0,00035;Infinity;168,2264;24,407006;-0,001681;24,142126;23,955541;-0,0004;-0,0351;7,49;744,84;0,00;0,00;0,11;;312,684;313,391;0,0145647;20,94800;0,04600;0,00200;0,0002004;;0,08;538,00;;;
;;539;20,94600;0,04600;0,011000;107,400;100,15;-71,1400;0,000;101,050;34,600;0,005;349,250;346,550;27,00;843,217;263,203;0,000;573,000;583,100;554,100;313,350;;;;;0,00;0,00;0,00;3,00;3,12;15,780;27,562;0,58;0,57;999998,00;999998,00;999998,00;999998,00;999998,00;999998,00;999998,00;999998,00;999998,00;999998,00;999998,00;999998,00;999998,00;999998,00;999998,00;;;;;;;;;;;;;;;;;0,6576;0,00000;0,0000;-0,00166829;-0,00166829;0,00371;-0,30365;168,2270;24,233457;-0,001194;23,963600;23,778341;-0,0002;-0,0248;7,49;744,84;0,00;0,00;0,17;;312,106;312,232;0,0066109;20,94600;0,04500;0,02100;0,0000933;;0,08;539,00;;;
;;540;20,94700;0,04700;0,024000;107,250;100,19;-71,1400;0,000;101,044;34,600;0,005;349,050;346,350;27,00;843,150;263,203;0,000;572,700;583,100;554,200;313,350;;;;;0,00;0,00;0,00;3,00;3,12;15,803;27,605;0,58;0,57;999998,00;999998,00;999998,00;999998,00;999998,00;999998,00;999998,00;999998,00;999998,00;999998,00;999998,00;999998,00;999998,00;999998,00;999998,00;;;;;;;;;;;;;;;;;0,0000;0,00000;-27,8452;0,01167806;0,01167806;0,00307;0,07509;168,2270;24,223465;-0,001561;23,940002;23,754819;-0,0003;-0,0323;7,49;744,84;0,00;0,00;0,11;;311,528;312,232;0,0000000;20,94800;0,04600;0,01800;-0,0000022;;0,08;540,00;;;
;;541;20,94700;0,04600;0,018000;107,150;100,20;-71,1600;0,000;101,052;34,600;0,005;348,850;346,150;27,00;843,183;263,203;0,000;572,700;583,200;554,200;313,350;;;;;0,00;0,00;0,00;3,00;3,13;15,757;27,589;0,58;0,57;999998,00;999998,00;999998,00;999998,00;999998,00;999998,00;999998,00;999998,00;999998,00;999998,00;999998,00;999998,00;999998,00;999998,00;999998,00;;;;;;;;;;;;;;;;;0,2474;0,00000;-27,0768;0,01334635;0,01334635;0,00264;0,03793;168,2273;24,219109;-0,001736;23,921982;23,736833;-0,0004;-0,0359;7,49;744,84;0,00;0,00;0,11;;310,953;311,080;0,0024869;20,94800;0,04500;0,01600;0,0000358;;0,06;541,00;;;
;;542;20,94600;0,04700;0,022000;107,150;100,18;-71,1600;0,000;101,044;34,600;0,005;348,650;345,950;27,00;843,417;263,203;0,000;573,200;583,300;554,300;313,350;;;;;0,00;0,00;0,00;3,00;3,13;15,782;27,594;0,58;0,57;999998,00;999998,00;999998,00;999998,00;999998,00;999998,00;999998,00;999998,00;999998,00;999998,00;999998,00;999998,00;999998,00;999998,00;999998,00;;;;;;;;;;;;;;;;;0,5221;0,00000;0,0000;-0,01252238;-0,01252238;0,00200;-0,04044;168,2278;24,226054;-0,001442;23,915124;23,729921;-0,0003;-0,0298;7,49;744,84;0,00;0,00;0,11;;310,380;311,080;0,0052487;20,94800;0,04500;0,01300;0,0000738;;0,06;542,00;;;
;;543;20,94700;0,04600;0,017000;107,625;100,20;-71,1400;0,000;101,044;34,600;0,005;348,450;345,850;27,00;843,450;263,203;0,000;573,100;583,400;554,400;313,350;;;;;0,00;0,00;0,00;3,00;3,13;15,809;27,608;0,58;0,57;999998,00;999998,00;999998,00;999998,00;999998,00;999998,00;999998,00;999998,00;999998,00;999998,00;999998,00;999998,00;999998,00;999998,00;999998,00;;;;;;;;;;;;;;;;;0,4077;0,00000;0,0000;-0,01826986;-0,01826986;0,00329;-0,02779;168,2282;24,286659;-0,001652;23,961198;23,782408;-0,0003;-0,0343;7,49;744,84;0,00;0,00;0,14;;309,809;309,935;0,0040982;20,94700;0,04500;0,01900;0,0000582;;0,08;543,00;;;
;;544;20,94800;0,04700;0,028000;107,125;100,18;-71,1301;0,000;101,046;34,500;0,005;348,350;345,950;27,00;843,550;263,203;0,000;573,400;583,400;554,400;313,350;;;;;0,00;0,00;0,00;3,00;3,13;15,757;27,594;0,58;0,57;999998,00;999998,00;999998,00;999998,00;999998,00;999998,00;999998,00;999998,00;999998,00;999998,00;999998,00;999998,00;999998,00;999998,00;999998,00;;;;;;;;;;;;;;;;;2,6284;0,00000;0,0000;0,00166829;0,00166829;-0,00313;0,52583;168,2308;24,233657;-0,001532;23,902043;23,737368;-0,0003;-0,0317;7,49;744,84;0,00;0,00;0,11;;309,242;309,935;0,0264236;20,94800;0,04600;-0,01100;0,0003648;;0,09;544,00;;;
;;545;20,94700;0,04600;0,001000;109,000;100,19;-71,1400;0,000;101,046;34,500;0,005;348,250;345,950;27,00;843,650;263,203;0,000;573,400;583,600;554,500;313,350;;;;;0,00;0,00;0,00;3,00;3,13;15,774;27,594;0,58;0,57;999998,00;999998,00;999998,00;999998,00;999998,00;999998,00;999998,00;999998,00;999998,00;999998,00;999998,00;999998,00;999998,00;999998,00;999998,00;;;;;;;;;;;;;;;;;2,8357;0,00000;0,0000;0,00824992;0,00824992;-0,00337;0,06195;168,2337;24,448325;-0,001622;24,106852;23,947640;-0,0003;-0,0339;7,49;744,84;0,00;0,00;0,11;;308,680;308,804;0,0285077;20,94800;0,04500;-0,01200;0,0003901;;0,08;545,00;;;
;;546;20,94600;0,04600;-0,005000;111,300;100,19;-71,1400;0,000;101,050;34,500;0,005;348,150;345,850;27,00;843,783;263,203;0,000;573,700;583,600;554,600;313,350;;;;;0,00;0,00;0,00;3,00;3,13;15,799;27,594;0,58;0,58;999998,00;999998,00;999998,00;999998,00;999998,00;999998,00;999998,00;999998,00;999998,00;999998,00;999998,00;999998,00;999998,00;999998,00;999998,00;;;;;;;;;;;;;;;;;2,8417;0,00000;0,0000;-0,01326497;-0,01326497;-0,00232;-0,03894;168,2365;24,708468;-0,001607;24,356365;24,195459;-0,0003;-0,0339;7,49;744,84;0,00;0,00;0,14;;308,120;308,804;0,0285673;20,94700;0,04500;-0,00700;0,0003873;;0,08;546,00;;;
;;547;20,94600;0,04600;-0,010000;106,875;100,22;-71,1201;0,000;101,050;34,500;0,005;347,950;345,650;27,00;843,483;263,203;0,000;572,700;583,700;554,600;313,350;;;;;0,00;0,00;0,00;3,00;3,13;15,757;27,594;0,58;0,58;999998,00;999998,00;999998,00;999998,00;999998,00;999998,00;999998,00;999998,00;999998,00;999998,00;999998,00;999998,00;999998,00;999998,00;999998,00;;;;;;;;;;;;;;;;;0,7295;0,00000;0,0000;-0,00742594;-0,00742594;0,00029;-0,11806;168,2372;24,219271;-0,001852;23,860425;23,702704;-0,0004;-0,0383;7,49;744,84;0,00;0,00;0,09;;307,560;307,681;0,0073336;20,94900;0,04600;0,00500;0,0001020;;0,10;547,00;;;
;;548;20,94900;0,04600;0,002000;105,350;100,18;-71,1301;0,000;101,050;34,600;0,005;347,850;345,650;27,00;843,717;263,203;0,000;573,200;583,800;554,700;313,350;;;;;0,00;0,00;0,00;3,00;3,13;15,774;27,600;0,58;0,58;999998,00;999998,00;999998,00;999998,00;999998,00;999998,00;999998,00;999998,00;999998,00;999998,00;999998,00;999998,00;999998,00;999998,00;999998,00;;;;;;;;;;;;;;;;;0,7244;0,00000;-15,7329;0,01910400;0,01910400;0,00029;0,04557;168,2379;24,049315;-0,001456;23,686177;23,536373;-0,0003;-0,0299;7,49;744,84;0,00;0,00;0,09;;307,000;307,681;0,0072821;20,94900;0,04600;0,00500;0,0001020;;0,09;548,00;;;
;;549;20,94800;0,04500;0,002000;108,425;100,18;-71,1500;0,000;101,048;34,600;0,005;347,750;345,550;27,00;843,917;263,203;0,000;573,700;583,800;554,800;313,350;;;;;0,00;0,00;0,00;3,00;3,14;15,809;27,613;0,58;0,58;999998,00;999998,00;999998,00;999998,00;999998,00;999998,00;999998,00;999998,00;999998,00;999998,00;999998,00;999998,00;999998,00;999998,00;999998,00;;;;;;;;;;;;;;;;;0,0000;0,00000;-27,5696;0,01160685;0,01160685;0,00288;0,04395;168,2379;24,401279;-0,001528;24,025918;23,873921;-0,0003;-0,0318;7,49;744,84;0,00;0,00;0,09;;306,441;306,562;0,0000000;20,94900;0,04500;0,01700;-0,0000372;;0,07;549,00;;;
;;550;20,94800;0,04600;0,021000;108,925;100,21;-71,1500;0,000;101,050;34,600;0,005;347,550;345,450;27,00;843,850;263,203;0,000;573,400;583,900;554,800;313,350;;;;;0,00;0,00;0,00;3,00;3,14;15,788;27,608;0,58;0,58;999998,00;999998,00;999998,00;999998,00;999998,00;999998,00;999998,00;999998,00;999998,00;999998,00;999998,00;999998,00;999998,00;999998,00;999998,00;;;;;;;;;;;;;;;;;1,3598;0,00000;0,0000;-0,00749715;-0,00749715;-0,00014;-0,11812;168,2393;24,464513;-0,001756;24,074326;23,928862;-0,0004;-0,0367;7,49;744,84;0,00;0,00;0,11;;305,885;306,562;0,0136699;20,94800;0,04600;0,00300;0,0001877;;0,07;550,00;;;
;;551;20,94600;0,04500;0,018000;103,800;100,15;-71,1400;0,000;101,052;34,600;0,005;347,450;345,350;27,00;843,783;263,203;0,000;573,100;583,900;554,900;313,350;;;;;0,00;0,00;0,00;3,00;3,14;15,795;27,626;0,58;0,58;999998,00;999998,00;999998,00;999998,00;999998,00;999998,00;999998,00;999998,00;999998,00;999998,00;999998,00;999998,00;999998,00;999998,00;999998,00;;;;;;;;;;;;;;;;;0,0640;0,00000;0,0000;-0,00583903;-0,00583903;0,00282;-0,14808;168,2394;23,885479;-0,001169;23,497765;23,355743;-0,0002;-0,0238;7,49;744,84;0,00;0,00;0,11;;305,332;305,449;0,0006438;20,94800;0,04600;0,01700;0,0000105;;0,08;551,00;;;
;;552;20,94800;0,04500;0,016000;110,625;100,19;-71,1400;0,000;101,050;34,600;0,005;347,350;345,250;27,00;843,817;263,203;0,000;573,100;584,000;554,900;313,350;;;;;0,00;0,00;0,00;3,00;3,14;15,772;27,608;0,58;0,58;999998,00;999998,00;999998,00;999998,00;999998,00;999998,00;999998,00;999998,00;999998,00;999998,00;999998,00;999998,00;999998,00;999998,00;999998,00;;;;;;;;;;;;;;;;;0,0000;0,00000;0,0000;0,00000000;0,00000000;0,00356;Infinity;168,2394;24,661780;-0,001553;24,254481;24,107844;-0,0003;-0,0327;7,49;744,84;0,00;0,00;0,11;;304,779;305,449;0,0000000;20,94800;0,04600;0,02000;-0,0000275;;0,08;552,00;;;
;;553;20,94800;0,04500;0,013000;105,200;100,19;-71,1400;0,000;101,050;34,600;0,005;347,150;345,150;27,00;843,950;263,203;0,000;573,300;584,100;555,000;313,350;;;;;0,00;0,00;0,00;3,00;3,14;15,780;27,613;0,58;0,58;999998,00;999998,00;999998,00;999998,00;999998,00;999998,00;999998,00;999998,00;999998,00;999998,00;999998,00;999998,00;999998,00;999998,00;999998,00;;;;;;;;;;;;;;;;;0,0000;0,00000;0,0000;0,00500488;0,00500488;0,00369;0,24751;168,2394;24,056404;-0,001607;23,645481;23,509255;-0,0003;-0,0330;7,49;744,84;0,00;0,00;0,11;;304,227;304,344;0,0000000;20,94800;0,04700;0,02100;-0,0000528;;0,08;553,00;;;
;;554;20,94800;0,04600;0,019000;109,150;100,17;-71,1500;0,000;101,050;34,600;0,005;347,050;345,050;27,00;844,050;263,203;0,000;573,400;584,200;555,100;313,350;;;;;0,00;0,00;0,00;3,00;3,14;15,782;27,597;0,58;0,58;999998,00;999998,00;999998,00;999998,00;999998,00;999998,00;999998,00;999998,00;999998,00;999998,00;999998,00;999998,00;999998,00;999998,00;999998,00;;;;;;;;;;;;;;;;;0,5530;0,00000;-24,0975;0,01251221;0,01251221;0,00073;0,07090;168,2399;24,507402;-0,001436;24,081836;23,943056;-0,0003;-0,0300;7,49;744,84;0,00;0,00;0,09;;303,679;304,344;0,0055590;20,94900;0,04600;0,00700;0,0000767;;0,07;554,00;;;
;;555;20,94700;0,04500;-0,011000;107,825;100,22;-71,1600;0,000;101,052;34,500;0,005;346,950;344,950;26,90;844,083;263,203;0,000;573,500;584,200;555,100;313,350;;;;;0,00;0,00;0,00;3,00;3,14;15,765;27,589;0,58;0,58;999998,00;999998,00;999998,00;999998,00;999998,00;999998,00;999998,00;999998,00;999998,00;999998,00;999998,00;999998,00;999998,00;999998,00;999998,00;;;;;;;;;;;;;;;;;1,6535;0,00000;0,0000;0,00000000;0,00000000;-0,00164;Infinity;168,2416;24,361707;-0,001852;23,931774;23,793818;-0,0004;-0,0385;7,49;744,84;0,00;0,00;0,09;;303,134;303,251;0,0166229;20,94900;0,04500;-0,00400;0,0002286;;0,06;555,00;;;
;;556;20,94800;0,04500;-0,012000;109,800;100,20;-71,1500;0,000;101,050;34,500;0,005;346,750;344,650;26,90;844,117;263,203;0,000;573,400;584,300;555,200;313,350;;;;;0,00;0,00;0,00;3,00;3,14;15,772;27,629;0,58;0,58;999998,00;999998,00;999998,00;999998,00;999998,00;999998,00;999998,00;999998,00;999998,00;999998,00;999998,00;999998,00;999998,00;999998,00;999998,00;;;;;;;;;;;;;;;;;0,6478;0,00000;0,0000;-0,01251221;-0,01251221;0,00051;-0,07114;168,2422;24,590897;-0,001646;24,142993;23,996777;-0,0003;-0,0345;7,49;744,84;0,00;0,00;0,09;;302,590;303,251;0,0065120;20,94900;0,04600;0,00600;0,0000893;;0,07;556,00;;;
;;557;20,94800;0,04600;-0,007000;110,075;100,21;-71,1400;0,000;101,052;34,500;0,005;346,550;344,450;26,90;843,950;263,203;0,000;572,900;584,300;555,200;313,350;;;;;0,00;0,00;0,00;3,00;3,15;15,818;27,616;0,58;0,58;999998,00;999998,00;999998,00;999998,00;999998,00;999998,00;999998,00;999998,00;999998,00;999998,00;999998,00;999998,00;999998,00;999998,00;999998,00;;;;;;;;;;;;;;;;;0,0000;0,00000;0,0000;-0,00500488;-0,00500488;0,00203;-0,17813;168,2422;24,628776;-0,001751;24,166236;24,019795;-0,0004;-0,0367;7,49;744,84;0,00;0,00;0,09;;302,048;302,165;0,0000000;20,94900;0,04600;0,01300;0,0000007;;0,08;557,00;;;
;;558;20,94700;0,04600;0,005000;108,575;100,24;-71,1400;0,000;101,046;34,500;0,005;346,350;344,350;26,90;844,050;263,203;0,000;573,000;584,400;555,300;313,350;;;;;0,00;0,00;0,00;3,00;3,15;15,788;27,602;0,58;0,58;999998,00;999998,00;999998,00;999998,00;999998,00;999998,00;999998,00;999998,00;999998,00;999998,00;999998,00;999998,00;999998,00;999998,00;999998,00;;;;;;;;;;;;;;;;;1,4524;0,00000;0,0000;0,00083415;0,00083415;-0,00035;1,06179;168,2437;24,467453;-0,002097;23,994087;23,855533;-0,0004;-0,0436;7,49;744,84;0,00;0,00;0,11;;301,508;302,165;0,0146008;20,94800;0,04600;0,00200;0,0002004;;0,08;558,00;;;
;;559;20,94900;0,04500;0,005000;112,525;100,20;-71,1400;0,000;101,044;34,500;0,005;346,350;344,250;26,90;844,017;263,203;0,000;572,900;584,400;555,300;313,350;;;;;0,00;0,00;0,00;3,00;3,15;15,795;27,626;0,58;0,58;999998,00;999998,00;999998,00;999998,00;999998,00;999998,00;999998,00;999998,00;999998,00;999998,00;999998,00;999998,00;999998,00;999998,00;999998,00;;;;;;;;;;;;;;;;;0,0668;0,00000;0,0000;0,00000000;0,00000000;0,00294;Infinity;168,2437;24,908545;-0,001665;24,426645;24,278541;-0,0004;-0,0353;7,49;744,84;0,00;0,00;0,12;;300,970;301,084;0,0006714;20,94800;0,04600;0,01700;0,0000105;;0,08;559,00;;;
;;560;20,94900;0,04600;0,017000;107,275;100,21;-71,1400;0,000;101,046;34,500;0,005;346,250;344,450;26,90;843,783;263,203;0,000;572,000;584,500;555,400;313,350;;;;;0,00;0,00;0,00;3,00;3,15;15,790;27,637;0,58;0,58;999998,00;999998,00;999998,00;999998,00;999998,00;999998,00;999998,00;999998,00;999998,00;999998,00;999998,00;999998,00;999998,00;999998,00;999998,00;;;;;;;;;;;;;;;;;1,0523;0,00000;0,0000;-0,00083415;-0,00083415;0,00158;-1,05557;168,2448;24,324046;-0,001786;23,846567;23,722599;-0,0004;-0,0370;7,49;744,84;0,00;0,00;0,14;;300,433;301,084;0,0105789;20,94700;0,04600;0,01100;0,0001468;;0,08;560,00;;;
;;561;20,94900;0,04600;0,003000;110,050;100,21;-71,1400;0,000;101,050;34,500;0,005;346,250;344,350;26,90;843,950;263,203;0,000;572,400;584,600;555,400;313,350;;;;;0,00;0,00;0,00;3,00;3,15;15,816;27,594;0,58;0,58;999998,00;999998,00;999998,00;999998,00;999998,00;999998,00;999998,00;999998,00;999998,00;999998,00;999998,00;999998,00;999998,00;999998,00;999998,00;;;;;;;;;;;;;;;;;0,2523;0,00000;0,0000;0,00583903;0,00583903;0,00247;0,15273;168,2451;24,636646;-0,001785;24,153030;24,020494;-0,0004;-0,0374;7,49;744,84;0,00;0,00;0,11;;299,899;300,011;0,0025361;20,94800;0,04600;0,01500;0,0000358;;0,08;561,00;;;
;;562;20,94800;0,04600;0,017000;107,000;100,22;-71,1500;0,000;101,050;34,500;0,005;346,050;344,150;26,90;843,883;263,203;0,000;572,200;584,600;555,400;313,350;;;;;0,00;0,00;0,00;3,00;3,15;15,784;27,643;0,58;0,58;999998,00;999998,00;999998,00;999998,00;999998,00;999998,00;999998,00;999998,00;999998,00;999998,00;999998,00;999998,00;999998,00;999998,00;999998,00;;;;;;;;;;;;;;;;;1,2582;0,00000;0,0000;0,00583903;0,00583903;0,00029;0,08699;168,2463;24,299867;-0,001890;23,809102;23,678377;-0,0004;-0,0390;7,49;744,84;0,00;0,00;0,11;;299,367;300,011;0,0126488;20,94800;0,04500;0,00500;0,0001750;;0,07;562,00;;;
;;563;20,94800;0,04700;0,020000;106,575;100,22;-71,1500;0,000;101,050;34,600;0,005;345,950;344,150;26,90;844,117;263,203;0,000;572,700;584,700;555,500;313,350;;;;;0,00;0,00;0,00;3,00;3,15;15,751;27,618;0,58;0,58;999998,00;999998,00;999998,00;999998,00;999998,00;999998,00;999998,00;999998,00;999998,00;999998,00;999998,00;999998,00;999998,00;999998,00;999998,00;;;;;;;;;;;;;;;;;1,0726;0,00000;0,0000;-0,00083415;-0,00083415;0,00072;-0,60783;168,2474;24,255065;-0,001857;23,758338;23,634722;-0,0004;-0,0383;7,49;744,84;0,00;0,00;0,11;;298,837;298,948;0,0107830;20,94800;0,04500;0,00700;0,0001497;;0,07;563,00;;;
;;564;20,94800;0,04600;0,021000;109,275;100,23;-71,1500;0,000;101,050;34,600;0,005;345,850;344,050;26,90;844,283;263,203;0,000;573,000;584,800;555,600;313,350;;;;;0,00;0,00;0,00;3,00;3,15;15,734;27,605;0,58;0,58;999998,00;999998,00;999998,00;999998,00;999998,00;999998,00;999998,00;999998,00;999998,00;999998,00;999998,00;999998,00;999998,00;999998,00;999998,00;;;;;;;;;;;;;;;;;3,4749;0,00000;0,0000;0,00000000;0,00000000;-0,00404;Infinity;168,2509;24,563936;-0,001996;24,053928;23,928738;-0,0004;-0,0417;7,49;744,84;0,00;0,00;0,14;;298,311;298,948;0,0349336;20,94700;0,04600;-0,01500;0,0004758;;0,07;564,00;;;
;;565;20,94800;0,04500;0,007000;108,500;100,22;-71,1500;0,000;101,050;34,600;0,005;345,750;343,950;26,90;844,283;263,203;0,000;573,000;584,800;555,600;313,350;;;;;0,00;0,00;0,00;3,00;3,15;15,776;27,643;0,58;0,58;999998,00;999998,00;999998,00;999998,00;999998,00;999998,00;999998,00;999998,00;999998,00;999998,00;999998,00;999998,00;999998,00;999998,00;999998,00;;;;;;;;;;;;;;;;;3,0243;0,00000;0,0000;0,00000000;0,00000000;-0,00381;Infinity;168,2539;24,480214;-0,001911;23,965013;23,840249;-0,0004;-0,0398;7,49;744,84;0,00;0,00;0,11;;297,789;297,897;0,0304035;20,94800;0,04500;-0,01400;0,0004154;;0,07;565,00;;;
;;566;20,94900;0,04600;-0,004000;108,200;100,22;-71,1500;0,000;101,044;34,600;0,005;345,650;343,950;26,90;844,283;263,203;0,000;573,000;584,800;555,600;313,350;;;;;0,00;0,00;0,00;3,00;3,16;15,797;27,637;0,58;0,58;999998,00;999998,00;999998,00;999998,00;999998,00;999998,00;999998,00;999998,00;999998,00;999998,00;999998,00;999998,00;999998,00;999998,00;999998,00;;;;;;;;;;;;;;;;;0,6682;0,00000;0,0000;-0,00083415;-0,00083415;-0,00057;-1,06103;168,2545;24,449882;-0,001877;23,928397;23,810711;-0,0004;-0,0390;7,49;744,84;0,00;0,00;0,06;;297,266;297,897;0,0067171;20,95000;0,04600;0,00100;0,0000922;;0,07;566,00;;;
;;567;20,94900;0,04600;0,006000;109,675;100,23;-71,1500;0,000;101,048;34,600;0,005;345,450;343,750;26,90;844,150;263,203;0,000;572,400;584,900;555,700;313,350;;;;;0,00;0,00;0,00;3,00;3,16;15,793;27,621;0,58;0,58;999998,00;999998,00;999998,00;999998,00;999998,00;999998,00;999998,00;999998,00;999998,00;999998,00;999998,00;999998,00;999998,00;999998,00;999998,00;;;;;;;;;;;;;;;;;1,5546;0,00000;0,0000;0,00500488;0,00500488;-0,00057;0,17809;168,2561;24,623095;-0,002015;24,083972;23,965452;-0,0004;-0,0421;7,49;744,84;0,00;0,00;0,11;;296,744;296,854;0,0156288;20,94800;0,04600;0,00100;0,0002130;;0,07;567,00;;;
;;568;20,94900;0,04600;0,013000;108,825;100,22;-71,1600;0,000;101,050;34,600;0,005;345,450;343,750;26,90;843,883;263,203;0,000;571,600;584,900;555,700;313,350;;;;;0,00;0,00;0,00;3,00;3,16;15,744;27,616;0,58;0,58;999998,00;999998,00;999998,00;999998,00;999998,00;999998,00;999998,00;999998,00;999998,00;999998,00;999998,00;999998,00;999998,00;999998,00;999998,00;;;;;;;;;;;;;;;;;0,5971;0,00000;-35,8847;0,01084391;0,01084391;0,00289;0,04728;168,2567;24,527493;-0,001858;23,990464;23,872403;-0,0004;-0,0387;7,49;744,84;0,00;0,00;0,14;;296,223;296,854;0,0060025;20,94700;0,04500;0,01700;0,0000836;;0,06;568,00;;;
;;569;20,94900;0,04600;0,002000;107,875;100,23;-71,1700;0,000;101,046;34,600;0,005;345,350;343,650;26,90;843,617;263,203;0,000;570,600;585,000;555,800;313,350;;;;;0,00;0,00;0,00;3,00;3,16;15,753;27,613;0,58;0,58;999998,00;999998,00;999998,00;999998,00;999998,00;999998,00;999998,00;999998,00;999998,00;999998,00;999998,00;999998,00;999998,00;999998,00;999998,00;;;;;;;;;;;;;;;;;0,3177;0,00000;-33,2400;0,01251221;0,01251221;0,00353;0,04080;168,2570;24,423736;-0,001995;23,882062;23,764502;-0,0004;-0,0414;7,49;744,84;0,00;0,00;0,14;;295,703;295,814;0,0031935;20,94700;0,04500;0,02000;0,0000456;;0,05;569,00;;;
;;570;20,94800;0,04600;0,017000;108,550;100,23;-71,1801;0,000;101,046;34,600;0,005;345,250;343,550;26,90;843,583;263,203;0,000;570,500;585,000;555,800;313,350;;;;;0,00;0,00;0,00;3,00;3,16;15,793;27,629;0,58;0,58;999998,00;999998,00;999998,00;999998,00;999998,00;999998,00;999998,00;999998,00;999998,00;999998,00;999998,00;999998,00;999998,00;999998,00;999998,00;;;;;;;;;;;;;;;;;0,0000;0,00000;0,0000;-0,00583903;-0,00583903;0,00246;-0,08772;168,2570;24,503579;-0,001941;23,953196;23,835252;-0,0004;-0,0404;7,49;744,84;0,00;0,00;0,09;;295,185;295,814;0,0000000;20,94900;0,04500;0,01500;-0,0000119;;0,04;570,00;;;
;;571;20,94800;0,04600;0,011000;108,525;100,24;-71,1600;0,000;101,048;34,600;0,005;345,050;343,450;26,90;843,883;263,203;0,000;571,300;585,100;555,800;313,350;;;;;0,00;0,00;0,00;3,00;3,16;15,801;27,616;0,58;0,58;999998,00;999998,00;999998,00;999998,00;999998,00;999998,00;999998,00;999998,00;999998,00;999998,00;999998,00;999998,00;999998,00;999998,00;999998,00;;;;;;;;;;;;;;;;;0,0000;0,00000;0,0000;-0,01751709;-0,01751709;0,00375;-0,02925;168,2570;24,507855;-0,002060;23,943499;23,832473;-0,0004;-0,0428;7,49;744,84;0,00;0,00;0,11;;294,668;294,778;0,0000000;20,94800;0,04500;0,02100;-0,0000275;;0,06;571,00;;;
;;572;20,94700;0,04500;0,015000;110,550;100,22;-71,1500;0,000;101,048;34,600;0,005;344,950;343,250;26,90;843,950;263,203;0,000;571,400;585,100;555,900;313,350;;;;;0,00;0,00;0,00;3,00;3,16;15,709;27,629;0,58;0,58;999998,00;999998,00;999998,00;999998,00;999998,00;999998,00;999998,00;999998,00;999998,00;999998,00;999998,00;999998,00;999998,00;999998,00;999998,00;;;;;;;;;;;;;;;;;2,4715;0,00000;0,0000;-0,01000977;-0,01000977;-0,00145;-0,05166;168,2595;24,739034;-0,001867;24,162350;24,043271;-0,0004;-0,0392;7,49;744,84;0,00;0,00;0,14;;294,155;294,778;0,0248456;20,94700;0,04500;-0,00300;0,0003367;;0,07;572,00;;;
;;573;20,94800;0,04500;0,005000;108,425;100,23;-71,1400;0,000;101,048;34,600;0,005;344,750;342,950;26,90;843,883;263,203;0,000;571,100;585,200;555,900;313,350;;;;;0,00;0,00;0,00;3,00;3,16;15,759;27,624;0,58;0,58;999998,00;999998,00;999998,00;999998,00;999998,00;999998,00;999998,00;999998,00;999998,00;999998,00;999998,00;999998,00;999998,00;999998,00;999998,00;;;;;;;;;;;;;;;;;1,1770;0,00000;0,0000;-0,00583903;-0,00583903;0,00030;-0,15193;168,2607;24,507218;-0,002037;23,922059;23,797158;-0,0004;-0,0423;7,49;744,84;0,00;0,00;0,11;;293,645;293,751;0,0118322;20,94800;0,04600;0,00500;0,0001624;;0,08;573,00;;;
;;574;20,94800;0,04600;0,007000;110,350;100,22;-71,1400;0,000;101,052;34,500;0,005;344,550;342,750;26,90;843,917;263,203;0,000;571,000;585,300;556,000;313,350;;;;;0,00;0,00;0,00;3,00;3,17;15,782;27,640;0,58;0,58;999998,00;999998,00;999998,00;999998,00;999998,00;999998,00;999998,00;999998,00;999998,00;999998,00;999998,00;999998,00;999998,00;999998,00;999998,00;;;;;;;;;;;;;;;;;2,6581;0,00000;0,0000;0,00667318;0,00667318;-0,00210;0,13415;168,2633;24,730989;-0,001929;24,126483;24,000441;-0,0004;-0,0404;7,49;744,84;0,00;0,00;0,14;;293,137;293,751;0,0267218;20,94700;0,04600;-0,00600;0,0003620;;0,08;574,00;;;
;;575;20,94800;0,04500;-0,015000;105,525;100,22;-71,1500;0,000;101,052;34,500;0,005;344,350;342,550;26,90;843,917;263,203;0,000;571,000;585,300;556,000;313,350;;;;;0,00;0,00;0,00;3,00;3,17;15,736;27,616;0,58;0,58;999998,00;999998,00;999998,00;999998,00;999998,00;999998,00;999998,00;999998,00;999998,00;999998,00;999998,00;999998,00;999998,00;999998,00;999998,00;;;;;;;;;;;;;;;;;2,8498;0,00000;0,0000;0,00583903;0,00583903;-0,00142;0,08660;168,2662;24,191292;-0,001856;23,586279;23,462988;-0,0004;-0,0380;7,49;744,84;0,00;0,00;0,17;;292,631;292,737;0,0286490;20,94600;0,04500;-0,00300;0,0003970;;0,07;575,00;;;
;;576;20,94700;0,04600;-0,014000;108,575;100,22;-71,1500;0,000;101,048;34,500;0,005;344,250;342,450;26,90;844,217;263,203;0,000;571,800;585,400;556,000;313,350;;;;;0,00;0,00;0,00;3,00;3,17;15,790;27,635;0,58;0,58;999998,00;999998,00;999998,00;999998,00;999998,00;999998,00;999998,00;999998,00;999998,00;999998,00;999998,00;999998,00;999998,00;999998,00;999998,00;;;;;;;;;;;;;;;;;2,4283;0,00000;0,0000;-0,00083415;-0,00083415;-0,00057;-1,06502;168,2686;24,541968;-0,001904;23,921235;23,796157;-0,0004;-0,0395;7,49;744,84;0,00;0,00;0,17;;292,128;292,737;0,0244116;20,94600;0,04600;0,00100;0,0003338;;0,07;576,00;;;
;;577;20,94800;0,04600;0,001000;109,975;100,21;-71,1500;0,000;101,054;34,500;0,005;344,250;342,450;26,90;844,450;263,203;0,000;572,400;585,400;556,100;313,350;;;;;0,00;0,00;0,00;3,00;3,17;15,795;27,653;0,58;0,57;999998,00;999998,00;999998,00;999998,00;999998,00;999998,00;999998,00;999998,00;999998,00;999998,00;999998,00;999998,00;999998,00;999998,00;999998,00;;;;;;;;;;;;;;;;;2,9339;0,00000;0,0000;0,00000000;0,00000000;-0,00253;Infinity;168,2715;24,699687;-0,001812;24,074965;23,949083;-0,0004;-0,0379;7,49;744,84;0,00;0,00;0,14;;291,626;291,732;0,0294948;20,94700;0,04500;-0,00800;0,0003999;;0,07;577,00;;;
;;578;20,95000;0,04500;0,001000;107,400;100,22;-71,1500;0,000;101,054;34,600;0,005;344,150;342,450;26,90;844,783;263,203;0,000;573,300;585,500;556,100;313,350;;;;;0,00;0,00;0,00;3,00;3,17;15,795;27,645;0,58;0,57;999998,00;999998,00;999998,00;999998,00;999998,00;999998,00;999998,00;999998,00;999998,00;999998,00;999998,00;999998,00;999998,00;999998,00;999998,00;;;;;;;;;;;;;;;;;2,2790;0,00000;0,0000;0,00000000;0,00000000;-0,00229;Infinity;168,2738;24,412356;-0,001859;23,787990;23,670484;-0,0004;-0,0384;7,49;744,84;0,00;0,00;0,11;;291,126;291,732;0,0229111;20,94800;0,04600;-0,00700;0,0003142;;0,07;578,00;;;
;;579;20,94800;0,04500;0,017000;109,225;100,21;-71,1500;0,000;101,050;34,500;0,005;344,050;342,450;26,90;845,017;263,203;0,000;574,000;585,500;556,100;313,350;;;;;0,00;0,00;0,00;3,00;3,17;15,753;27,653;0,58;0,57;999998,00;999998,00;999998,00;999998,00;999998,00;999998,00;999998,00;999998,00;999998,00;999998,00;999998,00;999998,00;999998,00;999998,00;999998,00;;;;;;;;;;;;;;;;;1,4616;0,00000;0,0000;0,00000000;0,00000000;-0,00035;Infinity;168,2753;24,622474;-0,001766;23,985762;23,874217;-0,0004;-0,0368;7,49;744,84;0,00;0,00;0,11;;290,627;290,732;0,0146933;20,94800;0,04600;0,00200;0,0002004;;0,07;579,00;;;
;;580;20,94700;0,04500;0,020000;108,650;100,15;-71,1500;0,000;101,052;34,500;0,005;344,050;342,550;26,90;845,050;263,203;0,000;573,900;585,600;556,200;313,350;;;;;0,00;0,00;0,00;3,00;3,17;15,746;27,648;0,58;0,57;999998,00;999998,00;999998,00;999998,00;999998,00;999998,00;999998,00;999998,00;999998,00;999998,00;999998,00;999998,00;999998,00;999998,00;999998,00;;;;;;;;;;;;;;;;;0,9690;0,00000;0,0000;0,00000000;0,00000000;0,00203;Infinity;168,2762;24,557577;-0,001166;23,922543;23,818245;-0,0002;-0,0242;7,49;744,84;0,00;0,00;0,14;;290,128;290,732;0,0097414;20,94700;0,04500;0,01300;0,0001342;;0,07;580,00;;;
;;581;20,94700;0,04500;0,015000;108,525;100,18;-71,1500;0,000;101,052;34,500;0,005;344,050;342,650;26,90;844,983;263,203;0,000;573,800;585,600;556,100;313,350;;;;;0,00;0,00;0,00;3,00;3,17;15,723;27,632;0,57;0,57;999998,00;999998,00;999998,00;999998,00;999998,00;999998,00;999998,00;999998,00;999998,00;999998,00;999998,00;999998,00;999998,00;999998,00;999998,00;;;;;;;;;;;;;;;;;0,4126;0,00000;0,0000;0,00000000;0,00000000;0,00311;Infinity;168,2767;24,543446;-0,001527;23,908778;23,811489;-0,0003;-0,0317;7,49;744,84;0,00;0,00;0,14;;289,630;289,734;0,0041478;20,94700;0,04600;0,01800;0,0000582;;0,07;581,00;;;
;;582;20,94900;0,04500;0,021000;105,600;100,18;-71,1500;0,000;101,052;34,500;0,005;343,950;342,650;26,90;844,683;263,203;0,000;572,900;585,600;556,100;313,350;;;;;0,00;0,00;0,00;3,00;3,18;15,772;27,637;0,57;0,57;999998,00;999998,00;999998,00;999998,00;999998,00;999998,00;999998,00;999998,00;999998,00;999998,00;999998,00;999998,00;999998,00;999998,00;999998,00;;;;;;;;;;;;;;;;;0,0649;0,00000;0,0000;0,00000000;0,00000000;0,00285;Infinity;168,2767;24,213956;-0,001537;23,580952;23,491825;-0,0003;-0,0315;7,49;744,84;0,00;0,00;0,11;;289,132;289,734;0,0006527;20,94800;0,04600;0,01700;0,0000105;;0,07;582,00;;;
;;583;20,94800;0,04600;-0,003000;107,725;100,21;-71,1500;0,000;101,056;34,500;0,005;343,850;342,550;26,90;844,383;263,203;0,000;571,900;585,600;556,200;313,350;;;;;0,00;0,00;0,00;3,00;3,18;15,782;27,645;0,57;0,57;999998,00;999998,00;999998,00;999998,00;999998,00;999998,00;999998,00;999998,00;999998,00;999998,00;999998,00;999998,00;999998,00;999998,00;999998,00;;;;;;;;;;;;;;;;;1,4519;0,00000;0,0000;0,00000000;0,00000000;-0,00035;Infinity;168,2782;24,459929;-0,001759;23,813569;23,723536;-0,0004;-0,0364;7,49;744,84;0,00;0,00;0,11;;288,638;288,744;0,0145963;20,94800;0,04600;0,00200;0,0002004;;0,07;583,00;;;
;;584;20,94700;0,04600;0,005000;110,125;100,17;-71,1500;0,000;101,052;34,500;0,005;343,850;342,550;26,90;844,617;263,203;0,000;572,600;585,600;556,200;313,350;;;;;0,00;0,00;0,00;3,00;3,18;15,727;27,637;0,57;0,57;999998,00;999998,00;999998,00;999998,00;999998,00;999998,00;999998,00;999998,00;999998,00;999998,00;999998,00;999998,00;999998,00;999998,00;999998,00;;;;;;;;;;;;;;;;;1,4674;0,00000;0,0000;0,00000000;0,00000000;-0,00014;Infinity;168,2796;24,730898;-0,001383;24,077377;23,986348;-0,0003;-0,0290;7,49;744,84;0,00;0,00;0,12;;288,146;288,744;0,0147517;20,94800;0,04500;0,00300;0,0002004;;0,07;584,00;;;
;;585;20,94800;0,04500;-0,006000;110,450;100,19;-71,1500;0,000;101,054;34,500;0,005;343,750;342,350;26,90;844,617;263,203;0,000;572,600;585,600;556,200;313,350;;;;;0,00;0,00;0,00;3,00;3,18;15,790;27,653;0,57;0,57;999998,00;999998,00;999998,00;999998,00;999998,00;999998,00;999998,00;999998,00;999998,00;999998,00;999998,00;999998,00;999998,00;999998,00;999998,00;;;;;;;;;;;;;;;;;2,4298;0,00000;0,0000;0,00000000;0,00000000;-0,00342;Infinity;168,2821;24,770966;-0,001552;24,109373;24,011182;-0,0003;-0,0325;7,49;744,84;0,00;0,00;0,09;;287,657;287,763;0,0244265;20,94900;0,04500;-0,01200;0,0003298;;0,07;585,00;;;
;;586;20,94700;0,04600;-0,003000;108,925;100,19;-71,1500;0,000;101,054;34,500;0,005;343,550;342,150;26,90;844,450;263,196;0,000;572,100;585,600;556,200;313,350;;;;;0,00;0,00;0,00;3,00;3,18;15,776;27,637;0,57;0,57;999998,00;999998,00;999998,00;999998,00;999998,00;999998,00;999998,00;999998,00;999998,00;999998,00;999998,00;999998,00;999998,00;999998,00;999998,00;;;;;;;;;;;;;;;;;0,9259;0,00000;0,0000;0,00000000;0,00000000;0,00030;Infinity;168,2830;24,606523;-0,001563;23,935388;23,837849;-0,0003;-0,0325;7,49;744,84;0,00;0,00;0,09;;287,169;287,763;0,0093076;20,94900;0,04400;0,00500;0,0001273;;0,07;586,00;;;
;;587;20,94600;0,04500;0,001000;112,300;100,19;-71,1500;0,000;101,054;34,500;0,005;343,450;342,050;26,90;844,417;263,196;0,000;572,000;585,600;556,200;313,350;;;;;0,00;0,00;0,00;3,00;3,18;15,774;27,653;0,57;0,57;999998,00;999998,00;999998,00;999998,00;999998,00;999998,00;999998,00;999998,00;999998,00;999998,00;999998,00;999998,00;999998,00;999998,00;999998,00;;;;;;;;;;;;;;;;;0,6823;0,00000;0,0000;0,00000000;0,00000000;-0,00036;Infinity;168,2837;24,988463;-0,001556;24,299836;24,200783;-0,0003;-0,0329;7,49;744,84;0,00;0,00;0,06;;286,681;286,788;0,0068587;20,95000;0,04500;0,00200;0,0000922;;0,07;587,00;;;
;;588;20,94600;0,04600;-0,008000;112,550;100,16;-71,1500;0,000;101,048;34,600;0,005;343,350;341,950;26,90;844,717;263,196;0,000;572,800;585,700;556,200;313,350;;;;;0,00;0,00;0,00;3,00;3,18;15,755;27,643;0,57;0,57;999998,00;999998,00;999998,00;999998,00;999998,00;999998,00;999998,00;999998,00;999998,00;999998,00;999998,00;999998,00;999998,00;999998,00;999998,00;;;;;;;;;;;;;;;;;0,0000;0,00000;0,0000;0,00000000;0,00000000;0,00207;Infinity;168,2837;25,019905;-0,001302;24,323327;24,224150;-0,0003;-0,0275;7,49;744,84;0,00;0,00;0,06;;286,194;286,788;0,0000000;20,95000;0,04500;0,01300;-0,0000470;;0,07;588,00;;;
;;589;20,94700;0,04600;-0,007000;110,075;100,13;-71,1500;0,000;101,056;34,600;0,005;343,250;341,950;26,90;844,750;263,196;0,000;573,000;585,600;556,200;313,350;;;;;0,00;0,00;0,00;3,00;3,18;15,755;27,635;0,57;0,56;999998,00;999998,00;999998,00;999998,00;999998,00;999998,00;999998,00;999998,00;999998,00;999998,00;999998,00;999998,00;999998,00;999998,00;999998,00;;;;;;;;;;;;;;;;;0,0000;0,00000;0,0000;0,00000000;0,00000000;0,00597;Infinity;168,2837;24,746884;-0,000994;24,050900;23,959812;-0,0002;-0,0208;7,49;744,84;0,01;0,00;0,12;;285,708;285,815;0,0000000;20,94800;0,04500;0,03100;-0,0001541;;0,07;589,00;;;
;;590;20,94800;0,04500;0,002000;111,175;100,14;-71,1500;0,000;101,048;34,600;0,005;343,150;341,850;26,90;844,750;263,196;0,000;572,900;585,700;556,200;313,350;;;;;0,00;0,00;0,00;3,00;3,18;15,765;27,640;0,57;0,56;999998,00;999998,00;999998,00;999998,00;999998,00;999998,00;999998,00;999998,00;999998,00;999998,00;999998,00;999998,00;999998,00;999998,00;999998,00;;;;;;;;;;;;;;;;;0,0000;0,00000;0,0000;0,00000000;0,00000000;0,00425;Infinity;168,2837;24,873850;-0,001094;24,167253;24,075697;-0,0002;-0,0230;7,49;744,84;0,00;0,00;0,06;;285,224;285,815;0,0000000;20,95000;0,04400;0,02300;-0,0001609;;0,07;590,00;;;
;;591;20,94800;0,04600;0,013000;103,950;100,11;-71,1500;0,000;101,060;34,600;0,005;343,050;341,850;26,90;844,750;263,196;0,000;572,900;585,700;556,200;313,350;;;;;0,00;0,00;0,00;3,00;3,19;15,769;27,632;0,57;0,56;999998,00;999998,00;999998,00;999998,00;999998,00;999998,00;999998,00;999998,00;999998,00;999998,00;999998,00;999998,00;999998,00;999998,00;999998,00;;;;;;;;;;;;;;;;;0,0000;0,00000;0,0000;0,00000000;0,00000000;0,00326;Infinity;168,2837;24,055533;-0,000804;23,365371;23,283638;-0,0002;-0,0163;7,49;744,84;0,00;0,00;0,09;;284,741;284,848;0,0000000;20,94900;0,04400;0,01900;-0,0000499;;0,07;591,00;;;
;;592;20,94700;0,04600;0,018000;110,150;100,10;-71,1500;0,000;101,050;34,600;0,005;342,950;341,650;26,90;844,817;263,196;0,000;573,100;585,700;556,200;313,350;;;;;0,00;0,00;0,00;3,00;3,19;15,755;27,651;0,57;0,56;999998,00;999998,00;999998,00;999998,00;999998,00;999998,00;999998,00;999998,00;999998,00;999998,00;999998,00;999998,00;999998,00;999998,00;999998,00;;;;;;;;;;;;;;;;;2,2173;0,00000;0,0000;0,00000000;0,00000000;-0,00167;Infinity;168,2859;24,766137;-0,000709;24,048575;23,957416;-0,0001;-0,0148;7,49;744,84;0,00;0,00;0,12;;284,262;284,848;0,0222901;20,94800;0,04400;-0,00400;0,0003016;;0,07;592,00;;;
;;593;20,94700;0,04600;0,017000;112,525;100,15;-71,1500;0,000;101,052;34,600;0,005;342,850;341,550;26,90;844,783;263,196;0,000;573,100;585,600;556,200;313,350;;;;;0,00;0,00;0,00;3,00;3,19;15,761;27,656;0,57;0,56;999998,00;999998,00;999998,00;999998,00;999998,00;999998,00;999998,00;999998,00;999998,00;999998,00;999998,00;999998,00;999998,00;999998,00;999998,00;;;;;;;;;;;;;;;;;1,5095;0,00000;0,0000;0,00000000;0,00000000;-0,00102;Infinity;168,2874;25,035362;-0,001219;24,302911;24,210761;-0,0003;-0,0258;7,49;744,84;0,00;0,00;0,09;;283,786;283,890;0,0151747;20,94900;0,04400;-0,00100;0,0002033;;0,07;593,00;;;
;;594;20,94800;0,04500;0,002000;111,175;100,05;-71,1500;0,000;101,050;34,600;0,005;342,650;341,350;26,90;844,817;263,196;0,000;573,100;585,700;556,200;313,350;;;;;0,00;0,00;0,00;3,00;3,19;15,740;27,656;0,56;0,56;999998,00;999998,00;999998,00;999998,00;999998,00;999998,00;999998,00;999998,00;999998,00;999998,00;999998,00;999998,00;999998,00;999998,00;999998,00;;;;;;;;;;;;;;;;;1,5008;0,00000;0,0000;0,00000000;0,00000000;-0,00102;Infinity;168,2889;24,891992;-0,000218;24,149640;24,058017;0,0000;-0,0046;7,49;744,84;0,00;0,00;0,09;;283,311;283,890;0,0150878;20,94900;0,04400;-0,00100;0,0002033;;0,07;594,00;;;
;;595;20,94800;0,04500;0,003000;108,400;100,13;-71,1500;0,000;101,052;34,600;0,005;342,650;341,350;26,90;844,750;263,196;0,000;572,900;585,700;556,200;313,350;;;;;0,00;0,00;0,00;3,00;3,19;15,774;27,643;0,56;0,56;999998,00;999998,00;999998,00;999998,00;999998,00;999998,00;999998,00;999998,00;999998,00;999998,00;999998,00;999998,00;999998,00;999998,00;999998,00;;;;;;;;;;;;;;;;;2,5032;0,00000;0,0000;0,00083415;0,00083415;-0,00339;0,16525;168,2914;24,579368;-0,000945;23,846340;23,755867;-0,0002;-0,0196;7,49;744,84;0,00;0,00;0,09;;282,838;282,942;0,0251644;20,94900;0,04400;-0,01200;0,0003424;;0,07;595,00;;;
;;596;20,94800;0,04400;-0,012000;109,800;100,10;-71,1500;0,000;101,050;34,600;0,005;342,650;341,350;26,90;844,683;263,196;0,000;572,700;585,700;556,200;313,350;;;;;0,00;0,00;0,00;3,00;3,19;15,776;27,656;0,56;0,56;999998,00;999998,00;999998,00;999998,00;999998,00;999998,00;999998,00;999998,00;999998,00;999998,00;999998,00;999998,00;999998,00;999998,00;999998,00;;;;;;;;;;;;;;;;;2,1949;0,00000;0,0000;-0,00501506;-0,00501506;-0,00494;-0,10311;168,2936;24,737581;-0,000710;23,999834;23,908780;-0,0001;-0,0148;7,49;744,84;0,00;0,00;0,03;;282,367;282,942;0,0220648;20,95100;0,04500;-0,01900;0,0002976;;0,07;596,00;;;
;;597;20,94900;0,04500;0,005000;111,725;100,11;-71,1400;0,000;101,048;34,500;0,005;342,550;341,350;26,90;844,617;263,196;0,000;572,600;585,600;556,200;313,350;;;;;0,00;0,00;0,00;3,00;3,19;15,767;27,653;0,56;0,56;999998,00;999998,00;999998,00;999998,00;999998,00;999998,00;999998,00;999998,00;999998,00;999998,00;999998,00;999998,00;999998,00;999998,00;999998,00;;;;;;;;;;;;;;;;;1,5757;0,00000;0,0000;-0,01077271;-0,01077271;-0,00058;-0,08386;168,2952;24,957130;-0,000798;24,205769;24,120972;-0,0002;-0,0168;7,49;744,84;0,00;0,00;0,12;;281,897;282,001;0,0158408;20,94800;0,04600;0,00100;0,0002130;;0,08;597,00;;;
;;598;20,94900;0,04500;0,002000;109,875;100,08;-71,1301;0,000;101,052;34,500;0,005;342,450;341,350;26,90;844,583;263,196;0,000;572,500;585,600;556,200;313,350;;;;;0,00;0,00;0,00;3,00;3,19;15,774;27,661;0,56;0,56;999998,00;999998,00;999998,00;999998,00;999998,00;999998,00;999998,00;999998,00;999998,00;999998,00;999998,00;999998,00;999998,00;999998,00;999998,00;;;;;;;;;;;;;;;;;0,4399;0,00000;0,0000;-0,01160685;-0,01160685;0,00226;-0,04458;168,2956;24,753254;-0,000512;24,001023;23,923927;-0,0001;-0,0107;7,49;744,84;0,00;0,00;0,12;;281,428;282,001;0,0044226;20,94800;0,04500;0,01400;0,0000611;;0,09;598,00;;;
;;599;20,95000;0,04500;0,013000;109,550;100,11;-71,1201;0,000;101,048;34,500;0,005;342,450;341,250;26,90;844,617;263,196;0,000;572,600;585,600;556,200;313,350;;;;;0,00;0,00;0,00;3,00;3,20;15,814;27,669;0,56;0,56;999998,00;999998,00;999998,00;999998,00;999998,00;999998,00;999998,00;999998,00;999998,00;999998,00;999998,00;999998,00;999998,00;999998,00;999998,00;;;;;;;;;;;;;;;;;0,8372;0,00000;0,0000;-0,00083415;-0,00083415;0,00030;-0,61938;168,2965;24,716618;-0,000834;23,965500;23,881521;-0,0002;-0,0174;7,49;744,84;0,00;0,00;0,09;;280,959;281,064;0,0084167;20,94900;0,04500;0,00500;0,0001147;;0,10;599,00;;;
;;600;20,95000;0,04400;0,031000;107,725;100,12;-71,1301;0,000;101,042;34,500;0,005;342,350;341,050;26,90;844,783;263,196;0,000;573,100;585,600;556,200;313,350;;;;;0,00;0,00;0,00;3,00;3,20;15,740;27,664;0,56;0,56;999998,00;999998,00;999998,00;999998,00;999998,00;999998,00;999998,00;999998,00;999998,00;999998,00;999998,00;999998,00;999998,00;999998,00;999998,00;;;;;;;;;;;;;;;;;0,0000;0,00000;-10,8019;0,01744588;0,01744588;0,00311;0,05086;168,2965;24,513455;-0,000908;23,761570;23,671341;-0,0002;-0,0187;7,49;744,84;0,00;0,00;0,03;;280,491;281,064;0,0000000;20,95100;0,04600;0,01800;-0,0001834;;0,09;600,00;;;
;;601;20,94800;0,04400;0,023000;109,175;100,08;-71,1500;0,000;101,050;34,500;0,005;342,150;340,850;26,90;844,817;263,196;0,000;573,200;585,600;556,200;313,350;;;;;0,00;0,00;0,00;3,00;3,20;15,763;27,669;0,56;0,56;999998,00;999998,00;999998,00;999998,00;999998,00;999998,00;999998,00;999998,00;999998,00;999998,00;999998,00;999998,00;999998,00;999998,00;999998,00;;;;;;;;;;;;;;;;;0,0000;0,00000;-6,4345;0,01744588;0,01744588;0,00313;0,02958;168,2965;24,685092;-0,000537;23,913964;23,823103;-0,0001;-0,0112;7,49;744,84;0,00;0,00;0,09;;280,025;280,130;0,0000000;20,94900;0,04500;0,01800;-0,0000499;;0,07;601,00;;;
;;602;20,95000;0,04400;0,019000;107,950;100,13;-71,1600;0,000;101,050;34,500;0,005;342,050;340,750;26,90;844,250;263,190;0,000;571,500;585,600;556,200;313,350;;;;;0,00;0,00;0,00;3,00;3,20;15,757;27,659;0,57;0,56;999998,00;999998,00;999998,00;999998,00;999998,00;999998,00;999998,00;999998,00;999998,00;999998,00;999998,00;999998,00;999998,00;999998,00;999998,00;;;;;;;;;;;;;;;;;1,6173;0,00000;0,0000;-0,00082397;-0,00082397;0,00073;-0,16709;168,2981;24,549800;-0,001025;23,775947;23,685584;-0,0002;-0,0212;7,49;744,84;0,00;0,00;0,14;;279,561;280,130;0,0162592;20,94700;0,04400;0,00700;0,0002228;;0,06;602,00;;;
;;603;20,94900;0,04400;-0,004000;107,950;100,13;-71,1500;0,000;101,054;34,400;0,005;341,950;340,750;26,90;844,350;263,190;0,000;571,800;585,600;556,200;313,350;;;;;0,00;0,00;0,00;3,00;3,20;15,738;27,677;0,57;0,56;999998,00;999998,00;999998,00;999998,00;999998,00;999998,00;999998,00;999998,00;999998,00;999998,00;999998,00;999998,00;999998,00;999998,00;999998,00;;;;;;;;;;;;;;;;;1,2021;0,00000;0,0000;-0,01251221;-0,01251221;-0,00035;-0,01101;168,2993;24,553390;-0,000992;23,772472;23,689047;-0,0002;-0,0205;7,49;744,84;0,00;0,00;0,09;;279,100;279,203;0,0120852;20,94900;0,04400;0,00200;0,0001653;;0,07;603,00;;;
;;604;20,94800;0,04400;-0,001000;108,950;100,12;-71,1400;0,000;101,050;34,400;0,005;341,950;340,850;26,90;844,350;263,190;0,000;571,900;585,600;556,100;313,350;;;;;0,00;0,00;0,00;3,00;3,20;15,757;27,664;0,57;0,57;999998,00;999998,00;999998,00;999998,00;999998,00;999998,00;999998,00;999998,00;999998,00;999998,00;999998,00;999998,00;999998,00;999998,00;999998,00;;;;;;;;;;;;;;;;;1,7431;0,00000;0,0000;-0,00500488;-0,00500488;-0,00079;-0,10302;168,3010;24,666853;-0,000873;23,882326;23,805500;-0,0002;-0,0181;7,49;744,84;0,00;0,00;0,11;;278,640;279,203;0,0175238;20,94800;0,04500;0,00000;0,0002383;;0,08;604,00;;;
;;605;20,94900;0,04400;-0,001000;109,425;100,07;-71,1400;0,000;101,054;34,400;0,005;341,950;340,950;26,90;844,317;263,190;0,000;571,800;585,600;556,100;313,350;;;;;0,00;0,00;0,00;3,00;3,20;15,786;27,664;0,57;0,57;999998,00;999998,00;999998,00;999998,00;999998,00;999998,00;999998,00;999998,00;999998,00;999998,00;999998,00;999998,00;999998,00;999998,00;999998,00;;;;;;;;;;;;;;;;;1,7713;0,00000;0,0000;0,00083415;0,00083415;-0,00188;0,61948;168,3028;24,720566;-0,000384;23,934331;23,864337;-0,0001;-0,0080;7,49;744,84;0,00;0,00;0,09;;278,182;278,285;0,0178065;20,94900;0,04500;-0,00500;0,0002412;;0,08;605,00;;;
;;606;20,94900;0,04500;-0,012000;114,075;100,14;-71,1400;0,000;101,054;34,400;0,005;341,950;340,950;26,90;844,317;263,190;0,000;571,800;585,600;556,100;313,350;;;;;0,00;0,00;0,00;3,00;3,20;15,748;27,659;0,57;0,57;999998,00;999998,00;999998,00;999998,00;999998,00;999998,00;999998,00;999998,00;999998,00;999998,00;999998,00;999998,00;999998,00;999998,00;999998,00;;;;;;;;;;;;;;;;;0,2821;0,00000;0,0000;-0,00083415;-0,00083415;0,00186;-0,16970;168,3031;25,240350;-0,001054;24,437583;24,366118;-0,0002;-0,0224;7,49;744,84;0,00;0,00;0,09;;277,725;278,285;0,0028359;20,94900;0,04400;0,01200;0,0000387;;0,08;606,00;;;
;;607;20,94900;0,04600;-0,019000;109,775;100,16;-71,1400;0,000;101,046;34,400;0,005;341,850;340,750;26,90;844,350;263,190;0,000;571,900;585,600;556,100;313,350;;;;;0,00;0,00;0,00;3,00;3,20;15,709;27,680;0,58;0,57;999998,00;999998,00;999998,00;999998,00;999998,00;999998,00;999998,00;999998,00;999998,00;999998,00;999998,00;999998,00;999998,00;999998,00;999998,00;;;;;;;;;;;;;;;;;0,7697;0,00000;0,0000;0,00583903;0,00583903;-0,00058;0,08865;168,3038;24,763691;-0,001334;23,969072;23,891945;-0,0003;-0,0278;7,49;744,84;0,00;0,00;0,06;;277,268;277,372;0,0077376;20,95000;0,04500;0,00100;0,0001049;;0,08;607,00;;;
;;608;20,95100;0,04500;0,001000;110,575;100,10;-71,1500;0,000;101,052;34,400;0,005;341,650;340,650;26,90;844,483;263,190;0,000;572,300;585,600;556,100;313,350;;;;;0,00;0,00;0,00;3,00;3,21;15,738;27,643;0,58;0,58;999998,00;999998,00;999998,00;999998,00;999998,00;999998,00;999998,00;999998,00;999998,00;999998,00;999998,00;999998,00;999998,00;999998,00;999998,00;;;;;;;;;;;;;;;;;1,5935;0,00000;0,0000;0,00583903;0,00583903;-0,00145;0,08900;168,3054;24,861035;-0,000691;24,049215;23,978823;-0,0001;-0,0144;7,49;744,84;0,00;0,00;0,09;;276,814;277,372;0,0160195;20,94900;0,04500;-0,00300;0,0002159;;0,07;608,00;;;
;;609;20,94800;0,04500;0,014000;110,625;100,12;-71,1500;0,000;101,056;34,300;0,005;341,550;340,450;26,90;844,350;263,190;0,000;572,000;585,500;556,100;313,350;;;;;0,00;0,00;0,00;3,00;3,21;15,709;27,672;0,58;0,58;999998,00;999998,00;999998,00;999998,00;999998,00;999998,00;999998,00;999998,00;999998,00;999998,00;999998,00;999998,00;999998,00;999998,00;999998,00;;;;;;;;;;;;;;;;;0,1852;0,00000;0,0000;-0,00083415;-0,00083415;0,00162;-1,07925;168,3056;24,870295;-0,000865;24,051130;23,973671;-0,0002;-0,0181;7,49;744,84;0,00;0,00;0,09;;276,361;276,463;0,0018621;20,94900;0,04600;0,01100;0,0000261;;0,07;609,00;;;
;;610;20,94800;0,04600;0,005000;110,800;100,16;-71,1500;0,000;101,054;34,400;0,005;341,450;340,350;26,90;844,150;263,190;0,000;571,400;585,500;556,100;313,350;;;;;0,00;0,00;0,00;3,00;3,21;15,778;27,672;0,58;0,58;999998,00;999998,00;999998,00;999998,00;999998,00;999998,00;999998,00;999998,00;999998,00;999998,00;999998,00;999998,00;999998,00;999998,00;999998,00;;;;;;;;;;;;;;;;;0,0000;0,00000;0,0000;0,00000000;0,00000000;0,00337;Infinity;168,3056;24,893603;-0,001280;24,066622;23,989090;-0,0003;-0,0268;7,49;744,84;0,00;0,00;0,06;;275,908;276,463;0,0000000;20,95000;0,04500;0,01900;-0,0001230;;0,07;610,00;;;
;;611;20,94900;0,04500;0,018000;110,200;100,15;-71,1500;0,000;101,054;34,400;0,005;341,350;340,350;26,90;843,950;263,190;0,000;570,800;585,500;556,100;313,350;;;;;0,00;0,00;0,00;3,00;3,21;15,738;27,659;0,58;0,58;999998,00;999998,00;999998,00;999998,00;999998,00;999998,00;999998,00;999998,00;999998,00;999998,00;999998,00;999998,00;999998,00;999998,00;999998,00;;;;;;;;;;;;;;;;;0,0000;0,00000;0,0000;0,00083415;0,00083415;0,00161;0,16694;168,3056;24,829747;-0,001192;23,997857;23,927554;-0,0003;-0,0249;7,49;744,84;0,00;0,00;0,06;;275,457;275,558;0,0000000;20,95000;0,04400;0,01100;-0,0000090;;0,07;611,00;;;
;;612;20,95100;0,04400;0,018000;114,550;100,15;-71,1500;0,000;101,054;34,400;0,005;341,250;340,150;26,90;843,783;263,183;0,000;570,300;585,500;556,100;313,350;;;;;0,00;0,00;0,00;3,00;3,21;15,738;27,672;0,59;0,58;999998,00;999998,00;999998,00;999998,00;999998,00;999998,00;999998,00;999998,00;999998,00;999998,00;999998,00;999998,00;999998,00;999998,00;999998,00;;;;;;;;;;;;;;;;;0,6657;0,00000;0,0000;-0,00501506;-0,00501506;0,00098;-0,02831;168,3063;25,318773;-0,001155;24,463330;24,384474;-0,0002;-0,0246;7,49;744,84;0,00;0,00;0,09;;275,007;275,558;0,0066919;20,94900;0,04400;0,00800;0,0000893;;0,07;612,00;;;
;;613;20,94900;0,04400;0,007000;109,850;100,13;-71,1400;0,000;101,054;34,400;0,005;341,150;339,950;26,90;843,750;263,183;0,000;570,200;585,500;556,100;313,350;;;;;0,00;0,00;0,00;3,00;3,21;15,757;27,667;0,59;0,58;999998,00;999998,00;999998,00;999998,00;999998,00;999998,00;999998,00;999998,00;999998,00;999998,00;999998,00;999998,00;999998,00;999998,00;999998,00;;;;;;;;;;;;;;;;;0,8638;0,00000;0,0000;-0,01160685;-0,01160685;-0,00058;-0,01198;168,3072;24,797550;-0,001016;23,952697;23,868443;-0,0002;-0,0212;7,49;744,84;0,00;0,00;0,06;;274,560;274,660;0,0086837;20,95000;0,04400;0,00100;0,0001176;;0,08;613,00;;;
;;614;20,94700;0,04500;0,002000;111,100;100,11;-71,1301;0,000;101,054;34,500;0,005;341,050;339,750;26,90;843,717;263,183;0,000;570,100;585,500;556,100;313,350;;;;;0,00;0,00;0,00;3,00;3,21;15,755;27,677;0,59;0,59;999998,00;999998,00;999998,00;999998,00;999998,00;999998,00;999998,00;999998,00;999998,00;999998,00;999998,00;999998,00;999998,00;999998,00;999998,00;;;;;;;;;;;;;;;;;2,8930;0,00000;0,0000;-0,00659180;-0,00659180;-0,00344;-0,07909;168,3100;24,941894;-0,000825;24,085062;23,993255;-0,0002;-0,0173;7,49;744,84;0,00;0,00;0,12;;274,116;274,660;0,0290833;20,94800;0,04500;-0,01200;0,0003901;;0,09;614,00;;;
;;615;20,94900;0,04500;0,000000;107,575;100,11;-71,1301;0,000;101,048;34,500;0,005;340,750;339,450;26,90;843,750;263,183;0,000;570,200;585,500;556,100;313,350;;;;;0,00;0,00;0,00;3,00;3,21;15,786;27,680;0,59;0,59;999998,00;999998,00;999998,00;999998,00;999998,00;999998,00;999998,00;999998,00;999998,00;999998,00;999998,00;999998,00;999998,00;999998,00;999998,00;;;;;;;;;;;;;;;;;3,0093;0,00000;-13,1303;0,01243083;0,01243083;-0,00274;0,04129;168,3131;24,553827;-0,000788;23,689469;23,599091;-0,0002;-0,0162;7,49;744,84;0,00;0,00;0,14;;273,675;273,773;0,0302528;20,94700;0,04500;-0,00900;0,0004126;;0,09;615,00;;;
;;616;20,94800;0,04400;-0,005000;114,425;100,11;-71,1500;0,000;101,060;34,500;0,005;340,650;339,250;26,90;843,983;263,183;0,000;570,900;585,500;556,100;313,350;;;;;0,00;0,00;0,00;3,00;3,22;15,753;27,667;0,59;0,59;999998,00;999998,00;999998,00;999998,00;999998,00;999998,00;999998,00;999998,00;999998,00;999998,00;999998,00;999998,00;999998,00;999998,00;999998,00;;;;;;;;;;;;;;;;;2,1011;0,00000;-14,4321;0,01160685;0,01160685;-0,00238;0,01224;168,3152;25,327230;-0,000785;24,428475;24,328079;-0,0002;-0,0167;7,49;744,84;0,00;0,00;0,09;;273,235;273,773;0,0211221;20,94900;0,04400;-0,00700;0,0002792;;0,07;616,00;;;
;;617;20,94900;0,04500;0,012000;109,800;100,11;-71,1500;0,000;101,048;34,500;0,005;340,650;339,450;26,90;843,817;263,183;0,000;570,400;585,500;556,100;313,350;;;;;0,00;0,00;0,00;3,00;3,22;15,738;27,669;0,59;0,59;999998,00;999998,00;999998,00;999998,00;999998,00;999998,00;999998,00;999998,00;999998,00;999998,00;999998,00;999998,00;999998,00;999998,00;999998,00;;;;;;;;;;;;;;;;;2,6204;0,00000;0,0000;-0,00165812;-0,00165812;-0,00364;-0,08391;168,3178;24,810094;-0,000781;23,929690;23,845393;-0,0002;-0,0163;7,49;744,84;0,00;0,00;0,09;;272,796;272,895;0,0263425;20,94900;0,04400;-0,01300;0,0003551;;0,07;617,00;;;
;;618;20,94900;0,04500;0,001000;110,125;100,09;-71,1500;0,000;101,060;34,500;0,005;340,650;339,650;26,90;843,750;263,183;0,000;570,200;585,500;556,100;313,350;;;;;0,00;0,00;0,00;3,00;3,22;15,729;27,672;0,60;0,59;999998,00;999998,00;999998,00;999998,00;999998,00;999998,00;999998,00;999998,00;999998,00;999998,00;999998,00;999998,00;999998,00;999998,00;999998,00;;;;;;;;;;;;;;;;;1,5913;0,00000;0,0000;0,00083415;0,00083415;-0,00102;-0,28854;168,3194;24,846785;-0,000574;23,965079;23,894728;-0,0001;-0,0120;7,49;744,84;0,00;0,00;0,09;;272,357;272,895;0,0159977;20,94900;0,04300;-0,00100;0,0002159;;0,07;618,00;;;
;;619;20,95000;0,04600;-0,003000;108,525;100,13;-71,1500;0,000;101,060;34,500;0,005;340,650;339,650;26,90;843,583;263,177;0,000;569,600;585,600;556,100;313,350;;;;;0,00;0,00;0,00;3,00;3,22;15,742;27,669;0,60;0,59;999998,00;999998,00;999998,00;999998,00;999998,00;999998,00;999998,00;999998,00;999998,00;999998,00;999998,00;999998,00;999998,00;999998,00;999998,00;;;;;;;;;;;;;;;;;0,1142;0,00000;0,0000;-0,00501506;-0,00501506;0,00095;-0,10281;168,3195;24,665625;-0,000940;23,790348;23,720510;-0,0002;-0,0195;7,49;744,84;0,00;0,00;0,06;;271,919;272,018;0,0011483;20,95000;0,04500;0,00800;0,0000163;;0,07;619,00;;;
;;620;20,94900;0,04500;0,011000;109,925;100,09;-71,1400;0,000;101,060;34,400;0,005;340,650;339,850;26,90;843,483;263,177;0,000;569,300;585,600;556,100;313,350;;;;;0,00;0,00;0,00;3,00;3,22;15,755;27,680;0,60;0,59;999998,00;999998,00;999998,00;999998,00;999998,00;999998,00;999998,00;999998,00;999998,00;999998,00;999998,00;999998,00;999998,00;999998,00;999998,00;;;;;;;;;;;;;;;;;0,0000;0,00000;0,0000;-0,01243083;-0,01243083;0,00205;-0,04174;168,3195;24,824212;-0,000581;23,943307;23,887078;-0,0001;-0,0121;7,49;744,84;0,00;0,00;0,06;;271,480;272,018;0,0000000;20,95000;0,04500;0,01300;-0,0000470;;0,08;620,00;;;
;;621;20,94900;0,04400;0,019000;107,875;100,10;-71,1301;0,000;101,052;34,400;0,000;340,650;339,750;27,00;843,583;263,177;0,000;569,600;585,600;556,100;313,350;;;;;0,00;0,00;0,00;3,00;3,22;15,749;27,675;0,60;0,60;999998,00;999998,00;999998,00;999998,00;999998,00;999998,00;999998,00;999998,00;999998,00;999998,00;999998,00;999998,00;999998,00;999998,00;999998,00;;;;;;;;;;;;;;;;;0,0000;0,00000;0,0000;-0,00083415;-0,00083415;0,00312;-0,61624;168,3195;24,591648;-0,000692;23,718996;23,656330;-0,0001;-0,0143;7,49;744,84;0,00;0,00;0,09;;271,043;271,142;0,0000000;20,94900;0,04500;0,01800;-0,0000499;;0,09;621,00;;;
;;622;20,95000;0,04400;0,011000;113,300;100,09;-71,1400;0,000;101,052;34,400;0,000;340,550;339,650;27,00;843,750;263,177;0,000;570,000;585,700;556,100;313,350;;;;;0,00;0,00;0,00;3,00;3,22;15,757;27,680;0,60;0,60;999998,00;999998,00;999998,00;999998,00;999998,00;999998,00;999998,00;999998,00;999998,00;999998,00;999998,00;999998,00;999998,00;999998,00;999998,00;;;;;;;;;;;;;;;;;0,0000;0,00000;-7,3880;0,01826986;0,01826986;0,00364;0,02884;168,3195;25,206116;-0,000635;24,304523;24,240291;-0,0001;-0,0134;7,49;744,84;0,00;0,00;0,09;;270,607;271,142;0,0000000;20,94900;0,04500;0,02000;-0,0000752;;0,08;622,00;;;
;;623;20,95000;0,04400;0,008000;112,175;100,10;-71,1600;0,000;101,054;34,400;0,000;340,550;339,650;27,00;843,617;263,177;0,000;569,600;585,700;556,100;313,350;;;;;0,00;0,00;0,00;3,00;3,22;15,727;27,693;0,60;0,60;999998,00;999998,00;999998,00;999998,00;999998,00;999998,00;999998,00;999998,00;999998,00;999998,00;999998,00;999998,00;999998,00;999998,00;999998,00;;;;;;;;;;;;;;;;;0,0000;0,00000;-12,5697;0,01168823;0,01168823;0,00318;0,04485;168,3195;25,080665;-0,000694;24,183558;24,119646;-0,0001;-0,0146;7,49;744,84;0,00;0,00;0,09;;270,173;270,271;0,0000000;20,94900;0,04500;0,01800;-0,0000499;;0,06;623,00;;;
;;624;20,94900;0,04500;0,001000;108,550;100,05;-71,1600;0,000;101,054;34,400;0,000;340,550;339,750;27,00;843,750;263,177;0,000;570,000;585,700;556,100;313,350;;;;;0,00;0,00;0,00;3,00;3,23;15,721;27,680;0,60;0,60;999998,00;999998,00;999998,00;999998,00;999998,00;999998,00;999998,00;999998,00;999998,00;999998,00;999998,00;999998,00;999998,00;999998,00;999998,00;;;;;;;;;;;;;;;;;1,2080;0,00000;0,0000;-0,00750732;-0,00750732;-0,00036;-0,01843;168,3207;24,672089;-0,000168;23,789596;23,733711;0,0000;-0,0035;7,49;744,84;0,00;0,00;0,09;;269,741;270,271;0,0121436;20,94900;0,04400;0,00200;0,0001653;;0,06;624,00;;;
;;625;20,95000;0,04500;-0,012000;108,450;100,07;-71,1500;0,000;101,054;34,400;0,000;340,450;339,850;27,00;843,883;263,177;0,000;570,400;585,700;556,100;313,350;;;;;0,00;0,00;0,00;3,00;3,23;15,734;27,685;0,60;0,60;999998,00;999998,00;999998,00;999998,00;999998,00;999998,00;999998,00;999998,00;999998,00;999998,00;999998,00;999998,00;999998,00;999998,00;999998,00;;;;;;;;;;;;;;;;;1,2076;0,00000;0,0000;-0,00583903;-0,00583903;-0,00036;-0,02369;168,3219;24,664343;-0,000394;23,775144;23,733243;-0,0001;-0,0082;7,49;744,84;0,00;0,00;0,09;;269,311;269,408;0,0121398;20,94900;0,04400;0,00200;0,0001653;;0,07;625,00;;;
;;626;20,94800;0,04400;-0,009000;107,650;100,09;-71,1500;0,000;101,048;34,400;0,000;340,450;339,850;27,00;843,917;263,177;0,000;570,500;585,700;556,100;313,350;;;;;0,00;0,00;0,00;3,00;3,23;15,742;27,691;0,60;0,60;999998,00;999998,00;999998,00;999998,00;999998,00;999998,00;999998,00;999998,00;999998,00;999998,00;999998,00;999998,00;999998,00;999998,00;999998,00;;;;;;;;;;;;;;;;;2,3417;0,00000;0,0000;0,00083415;0,00083415;-0,00426;0,61578;168,3242;24,573204;-0,000585;23,687291;23,645545;-0,0001;-0,0121;7,49;744,84;0,00;0,00;0,06;;268,884;269,408;0,0235413;20,95000;0,04500;-0,01600;0,0003200;;0,07;626,00;;;
;;627;20,94700;0,04400;-0,007000;108,275;100,10;-71,1500;0,000;101,052;34,400;0,000;340,450;339,850;27,00;844,050;263,177;0,000;570,800;585,800;556,100;313,350;;;;;0,00;0,00;0,00;3,00;3,23;15,740;27,691;0,60;0,60;999998,00;999998,00;999998,00;999998,00;999998,00;999998,00;999998,00;999998,00;999998,00;999998,00;999998,00;999998,00;999998,00;999998,00;999998,00;;;;;;;;;;;;;;;;;2,8827;0,00000;0,0000;0,00000000;0,00000000;-0,00449;Infinity;168,3271;24,644435;-0,000659;23,755954;23,714087;-0,0001;-0,0136;7,49;744,84;0,00;0,00;0,09;;268,459;268,556;0,0289796;20,94900;0,04500;-0,01700;0,0003930;;0,07;627,00;;;
;;628;20,94900;0,04300;-0,013000;108,875;100,07;-71,1500;0,000;101,052;34,400;0,000;340,350;339,750;27,00;843,950;263,177;0,000;570,600;585,700;556,100;313,350;;;;;0,00;0,00;0,00;3,00;3,23;15,749;27,675;0,61;0,60;999998,00;999998,00;999998,00;999998,00;999998,00;999998,00;999998,00;999998,00;999998,00;999998,00;999998,00;999998,00;999998,00;999998,00;999998,00;;;;;;;;;;;;;;;;;0,2762;0,00000;0,0000;0,00000000;0,00000000;0,00182;Infinity;168,3274;24,716254;-0,000351;23,818186;23,776197;-0,0001;-0,0073;7,49;744,84;0,00;0,00;0,09;;268,034;268,556;0,0027770;20,94900;0,04400;0,01200;0,0000387;;0,07;628,00;;;
;;629;20,94900;0,04500;-0,001000;109,850;100,10;-71,1500;0,000;101,054;34,300;0,000;340,250;339,650;27,00;844,017;263,170;0,000;570,700;585,800;556,100;313,350;;;;;0,00;0,00;0,00;3,00;3,23;15,755;27,688;0,61;0,60;999998,00;999998,00;999998,00;999998,00;999998,00;999998,00;999998,00;999998,00;999998,00;999998,00;999998,00;999998,00;999998,00;999998,00;999998,00;;;;;;;;;;;;;;;;;0,4897;0,00000;0,0000;0,00000000;0,00000000;0,00030;Infinity;168,3279;24,830324;-0,000656;23,921080;23,878898;-0,0001;-0,0137;7,49;744,84;0,00;0,00;0,06;;267,609;267,707;0,0049226;20,95000;0,04400;0,00500;0,0000669;;0,07;629,00;;;
;;630;20,94900;0,04500;0,008000;111,350;100,09;-71,1500;0,000;101,050;34,300;0,000;340,150;339,450;27,10;844,150;263,170;0,000;571,100;585,800;556,100;313,350;;;;;0,00;0,00;0,00;3,00;3,23;15,711;27,699;0,61;0,60;999998,00;999998,00;999998,00;999998,00;999998,00;999998,00;999998,00;999998,00;999998,00;999998,00;999998,00;999998,00;999998,00;999998,00;999998,00;;;;;;;;;;;;;;;;;0,0000;0,00000;0,0000;0,00000000;0,00000000;0,00493;Infinity;168,3279;25,002954;-0,000629;24,080310;24,030754;-0,0001;-0,0132;7,49;744,84;0,00;0,00;0,06;;267,185;267,707;0,0000000;20,95000;0,04400;0,02600;-0,0001989;;0,07;630,00;;;
;;631;20,95000;0,04500;0,013000;109,300;100,09;-71,1500;0,000;101,050;34,300;0,000;340,050;339,350;27,00;843,683;263,170;0,000;569,700;585,800;556,100;313,350;;;;;0,00;0,00;0,00;3,00;3,23;15,784;27,696;0,61;0,60;999998,00;999998,00;999998,00;999998,00;999998,00;999998,00;999998,00;999998,00;999998,00;999998,00;999998,00;999998,00;999998,00;999998,00;999998,00;;;;;;;;;;;;;;;;;0,3950;0,00000;0,0000;0,00000000;0,00000000;0,00052;Infinity;168,3283;24,775369;-0,000551;23,854108;23,805003;-0,0001;-0,0115;7,49;744,84;0,00;0,00;0,06;;266,761;266,860;0,0039706;20,95000;0,04400;0,00600;0,0000543;;0,07;631,00;;;
;;632;20,95000;0,04500;0,018000;113,225;100,07;-71,1500;0,000;101,052;34,300;0,000;340,050;339,350;27,00;843,750;263,170;0,000;569,900;585,800;556,100;313,350;;;;;0,00;0,00;0,00;3,00;3,23;15,727;27,693;0,61;0,60;999998,00;999998,00;999998,00;999998,00;999998,00;999998,00;999998,00;999998,00;999998,00;999998,00;999998,00;999998,00;999998,00;999998,00;999998,00;;;;;;;;;;;;;;;;;0,0000;0,00000;0,0000;0,00000000;0,00000000;0,00186;Infinity;168,3283;25,216291;-0,000358;24,278635;24,228656;-0,0001;-0,0076;7,49;744,84;0,00;0,00;0,06;;266,340;266,860;0,0000000;20,95000;0,04400;0,01200;-0,0000217;;0,07;632,00;;;
;;633;20,94900;0,04500;0,020000;113,225;100,07;-71,1500;0,000;101,052;34,300;0,000;340,050;339,350;27,00;843,483;263,170;0,000;569,100;585,800;556,100;313,350;;;;;0,00;0,00;0,00;3,00;3,24;15,719;27,693;0,61;0,60;999998,00;999998,00;999998,00;999998,00;999998,00;999998,00;999998,00;999998,00;999998,00;999998,00;999998,00;999998,00;999998,00;999998,00;999998,00;;;;;;;;;;;;;;;;;0,0000;0,00000;0,0000;0,00000000;0,00000000;0,00208;Infinity;168,3283;25,216291;-0,000358;24,278635;24,228656;-0,0001;-0,0076;7,49;744,84;0,00;0,00;0,03;;265,919;266,017;0,0000000;20,95100;0,04500;0,01300;-0,0001074;;0,07;633,00;;;
;;634;20,94900;0,04400;0,018000;110,225;100,05;-71,1500;0,000;101,052;34,300;0,000;339,950;339,150;27,10;843,350;263,170;0,000;568,600;585,900;556,100;313,350;;;;;0,00;0,00;0,00;3,00;3,24;15,744;27,715;0,61;0,60;999998,00;999998,00;999998,00;999998,00;999998,00;999998,00;999998,00;999998,00;999998,00;999998,00;999998,00;999998,00;999998,00;999998,00;999998,00;;;;;;;;;;;;;;;;;1,0548;0,00000;0,0000;0,00000000;0,00000000;-0,00102;Infinity;168,3293;24,883644;-0,000164;23,951311;23,894947;0,0000;-0,0034;7,49;744,84;0,00;0,00;0,06;;265,500;266,017;0,0106041;20,95000;0,04400;-0,00100;0,0001429;;0,07;634,00;;;
;;635;20,94900;0,04400;0,002000;110,550;100,06;-71,1500;0,000;101,052;34,200;0,000;339,850;339,050;27,10;843,683;263,170;0,000;569,700;585,800;556,100;313,350;;;;;0,00;0,00;0,00;3,00;3,24;15,719;27,680;0,61;0,60;999998,00;999998,00;999998,00;999998,00;999998,00;999998,00;999998,00;999998,00;999998,00;999998,00;999998,00;999998,00;999998,00;999998,00;999998,00;;;;;;;;;;;;;;;;;1,1261;0,00000;0,0000;0,00000000;0,00000000;-0,00014;Infinity;168,3305;24,923968;-0,000334;23,983067;23,926612;-0,0001;-0,0070;7,49;744,84;0,00;0,00;0,09;;265,084;265,181;0,0113209;20,94900;0,04400;0,00300;0,0001526;;0,07;635,00;;;
;;636;20,94900;0,04500;0,002000;110,825;100,04;-71,1500;0,000;101,052;34,200;0,000;339,750;339,050;27,10;844,017;263,164;0,000;570,600;585,900;556,100;313,350;;;;;0,00;0,00;0,00;3,00;3,24;15,721;27,683;0,61;0,61;999998,00;999998,00;999998,00;999998,00;999998,00;999998,00;999998,00;999998,00;999998,00;999998,00;999998,00;999998,00;999998,00;999998,00;999998,00;;;;;;;;;;;;;;;;;2,5418;0,00000;0,0000;0,00083415;0,00083415;-0,00344;0,16780;168,3330;24,958620;-0,000058;24,009344;23,959877;0,0000;-0,0012;7,49;744,84;0,00;0,00;0,09;;264,670;265,181;0,0255527;20,94900;0,04400;-0,01200;0,0003424;;0,07;636,00;;;
;;637;20,94900;0,04500;-0,016000;109,350;100,02;-71,1500;0,000;101,052;34,200;0,000;339,650;338,950;27,00;843,917;263,164;0,000;570,300;585,900;556,100;313,350;;;;;0,00;0,00;0,00;3,00;3,24;15,734;27,696;0,61;0,61;999998,00;999998,00;999998,00;999998,00;999998,00;999998,00;999998,00;999998,00;999998,00;999998,00;999998,00;999998,00;999998,00;999998,00;999998,00;;;;;;;;;;;;;;;;;1,0761;0,00000;0,0000;-0,00667318;-0,00667318;-0,00233;-0,07767;168,3341;24,795622;0,000103;23,845526;23,796382;0,0000;0,0021;7,49;744,85;0,00;0,00;0,03;;264,257;264,352;0,0108185;20,95100;0,04500;-0,00700;0,0001458;;0,07;637,00;;;
;;638;20,95000;0,04400;-0,017000;112,650;100,07;-71,1400;0,000;101,056;34,200;0,000;339,650;338,850;27,10;844,083;263,164;0,000;570,700;586,000;556,100;313,350;;;;;0,00;0,00;0,00;3,00;3,24;15,742;27,699;0,61;0,61;999998,00;999998,00;999998,00;999998,00;999998,00;999998,00;999998,00;999998,00;999998,00;999998,00;999998,00;999998,00;999998,00;999998,00;999998,00;;;;;;;;;;;;;;;;;1,2818;0,00000;0,0000;0,00000000;0,00000000;-0,00258;Infinity;168,3354;25,166988;-0,000346;24,202661;24,145655;-0,0001;-0,0073;7,49;744,85;0,00;0,00;0,03;;263,845;264,352;0,0128856;20,95100;0,04400;-0,00800;0,0001711;;0,08;638,00;;;
;;639;20,94900;0,04400;0,012000;110,750;100,08;-71,1500;0,000;101,056;34,200;0,000;339,550;338,750;27,10;843,983;263,164;0,000;570,400;586,000;556,100;313,350;;;;;0,00;0,00;0,00;3,00;3,24;15,742;27,680;0,61;0,61;999998,00;999998,00;999998,00;999998,00;999998,00;999998,00;999998,00;999998,00;999998,00;999998,00;999998,00;999998,00;999998,00;999998,00;999998,00;;;;;;;;;;;;;;;;;0,0000;0,00000;0,0000;0,00667318;0,00667318;0,00250;0,02097;168,3354;24,957521;-0,000498;23,994154;23,937622;-0,0001;-0,0104;7,49;744,85;0,00;0,00;0,06;;263,433;263,526;0,0000000;20,95000;0,04400;0,01500;-0,0000597;;0,07;639,00;;;
;;640;20,94900;0,04400;0,005000;111,400;100,03;-71,1500;0,000;101,058;34,200;0,000;339,450;338,650;27,10;843,917;263,164;0,000;570,300;585,900;556,100;313,350;;;;;0,00;0,00;0,00;3,00;3,24;15,730;27,696;0,61;0,61;999998,00;999998,00;999998,00;999998,00;999998,00;999998,00;999998,00;999998,00;999998,00;999998,00;999998,00;999998,00;999998,00;999998,00;999998,00;;;;;;;;;;;;;;;;;0,0000;0,00000;0,0000;-0,00083415;-0,00083415;0,00229;-0,16831;168,3354;25,034339;0,000043;24,060919;24,004213;0,0000;0,0009;7,49;744,85;0,00;0,00;0,03;;263,021;263,526;0,0000000;20,95100;0,04400;0,01400;-0,0001074;;0,07;640,00;;;
;;641;20,95000;0,04400;0,026000;109,000;100,07;-71,1500;0,000;101,058;34,200;0,000;339,350;338,550;27,10;843,650;263,164;0,000;569,300;586,000;556,200;313,350;;;;;0,00;0,00;0,00;3,00;3,25;15,742;27,691;0,61;0,61;999998,00;999998,00;999998,00;999998,00;999998,00;999998,00;999998,00;999998,00;999998,00;999998,00;999998,00;999998,00;999998,00;999998,00;999998,00;;;;;;;;;;;;;;;;;0,0000;0,00000;0,0000;0,00083415;0,00083415;0,00248;0,16651;168,3354;24,766849;-0,000355;23,796817;23,740718;-0,0001;-0,0074;7,49;744,85;0,00;0,00;0,06;;262,611;262,704;0,0000000;20,95000;0,04400;0,01500;-0,0000597;;0,07;641,00;;;
;;642;20,95000;0,04400;0,006000;114,175;100,05;-71,1500;0,000;101,050;34,200;0,000;339,250;338,450;27,10;843,683;263,164;0,000;569,600;585,900;556,100;313,350;;;;;0,00;0,00;0,00;3,00;3,25;15,719;27,707;0,61;0,61;999998,00;999998,00;999998,00;999998,00;999998,00;999998,00;999998,00;999998,00;999998,00;999998,00;999998,00;999998,00;999998,00;999998,00;999998,00;;;;;;;;;;;;;;;;;0,8587;0,00000;0,0000;-0,00583903;-0,00583903;0,00031;-0,09076;168,3362;25,351696;-0,000209;24,351580;24,294156;0,0000;-0,0044;7,49;744,85;0,00;0,00;0,09;;262,203;262,704;0,0086330;20,94900;0,04500;0,00500;0,0001147;;0,07;642,00;;;
;;643;20,95000;0,04500;0,012000;110,675;100,02;-71,1400;0,000;101,058;34,200;0,000;339,250;338,450;27,00;843,750;263,164;0,000;569,600;586,000;556,200;313,350;;;;;0,00;0,00;0,00;3,00;3,25;15,721;27,693;0,61;0,61;999998,00;999998,00;999998,00;999998,00;999998,00;999998,00;999998,00;999998,00;999998,00;999998,00;999998,00;999998,00;999998,00;999998,00;999998,00;;;;;;;;;;;;;;;;;0,0000;0,00000;0,0000;-0,00583903;-0,00583903;0,00228;-0,02397;168,3362;24,960098;0,000068;23,975430;23,918893;0,0000;0,0014;7,49;744,85;0,00;0,00;0,06;;261,796;261,887;0,0000000;20,95000;0,04400;0,01400;-0,0000470;;0,08;643,00;;;
;;644;20,95000;0,04400;0,013000;108,725;100,03;-71,1400;0,000;101,052;34,200;0,000;339,150;338,450;27,00;843,950;263,164;0,000;570,200;586,000;556,200;313,350;;;;;0,00;0,00;0,00;3,00;3,25;15,713;27,691;0,61;0,61;999998,00;999998,00;999998,00;999998,00;999998,00;999998,00;999998,00;999998,00;999998,00;999998,00;999998,00;999998,00;999998,00;999998,00;999998,00;;;;;;;;;;;;;;;;;0,0205;0,00000;0,0000;0,00000000;0,00000000;0,00139;Infinity;168,3362;24,742880;-0,000016;23,759776;23,710736;0,0000;-0,0003;7,49;744,85;0,00;0,00;0,06;;261,389;261,887;0,0002056;20,95000;0,04400;0,01000;0,0000036;;0,08;644,00;;;
;;645;20,95100;0,04400;-0,001000;113,500;100,08;-71,1400;0,000;101,052;34,200;0,000;339,050;338,250;27,00;843,917;263,164;0,000;570,100;586,000;556,200;313,350;;;;;0,00;0,00;0,00;3,00;3,25;15,711;27,707;0,61;0,61;999998,00;999998,00;999998,00;999998,00;999998,00;999998,00;999998,00;999998,00;999998,00;999998,00;999998,00;999998,00;999998,00;999998,00;999998,00;;;;;;;;;;;;;;;;;1,6449;0,00000;0,0000;0,00583903;0,00583903;-0,00237;0,02428;168,3379;25,284100;-0,000495;24,272333;24,215061;-0,0001;-0,0105;7,49;744,85;0,00;0,00;0,06;;260,985;261,078;0,0165359;20,95000;0,04400;-0,00700;0,0002188;;0,08;645,00;;;
;;646;20,95000;0,04400;0,003000;107,200;100,02;-71,1500;0,000;101,052;34,200;0,000;338,950;338,050;27,00;844,017;263,164;0,000;570,300;586,100;556,200;313,350;;;;;0,00;0,00;0,00;3,00;3,25;15,719;27,701;0,61;0,61;999998,00;999998,00;999998,00;999998,00;999998,00;999998,00;999998,00;999998,00;999998,00;999998,00;999998,00;999998,00;999998,00;999998,00;999998,00;;;;;;;;;;;;;;;;;1,3889;0,00000;0,0000;0,00583903;0,00583903;-0,00079;0,02360;168,3393;24,575989;0,000063;23,585599;23,522973;0,0000;0,0013;7,49;744,85;0,00;0,00;0,09;;260,584;261,078;0,0139630;20,94900;0,04400;0,00000;0,0001906;;0,07;646,00;;;
;;647;20,94900;0,04500;-0,012000;113,400;100,04;-71,1500;0,000;101,052;34,100;0,000;338,850;337,950;27,00;844,217;263,170;0,000;571,000;586,000;556,200;313,350;;;;;0,00;0,00;0,00;3,00;3,25;15,736;27,707;0,61;0,61;999998,00;999998,00;999998,00;999998,00;999998,00;999998,00;999998,00;999998,00;999998,00;999998,00;999998,00;999998,00;999998,00;999998,00;999998,00;;;;;;;;;;;;;;;;;2,1678;0,00000;0,0000;-0,00083415;-0,00083415;-0,00148;-0,16996;168,3414;25,280416;-0,000103;24,254480;24,190060;0,0000;-0,0022;7,49;744,85;0,00;0,00;0,12;;260,183;260,276;0,0217931;20,94800;0,04400;-0,00300;0,0002889;;0,07;647,00;;;
;;648;20,94900;0,04400;-0,007000;114,350;100,10;-71,1500;0,000;101,052;34,200;0,000;338,750;337,850;27,00;844,217;263,170;0,000;570,900;586,100;556,200;313,450;;;;;0,00;0,00;0,00;3,00;3,25;15,698;27,691;0,61;0,61;999998,00;999998,00;999998,00;999998,00;999998,00;999998,00;999998,00;999998,00;999998,00;999998,00;999998,00;999998,00;999998,00;999998,00;999998,00;;;;;;;;;;;;;;;;;0,2135;0,00000;0,0000;0,00000000;0,00000000;0,00075;Infinity;168,3417;25,389835;-0,000647;24,352270;24,287570;-0,0001;-0,0137;7,49;744,85;0,00;0,00;0,06;;259,784;260,276;0,0021466;20,95000;0,04500;0,00700;0,0000290;;0,07;648,00;;;
;;649;20,95100;0,04400;-0,008000;109,850;100,04;-71,1500;0,000;101,054;34,200;0,000;338,550;337,650;27,00;844,217;263,170;0,000;570,900;586,100;556,200;313,350;;;;;0,00;0,00;0,00;3,00;3,26;15,713;27,688;0,61;0,61;999998,00;999998,00;999998,00;999998,00;999998,00;999998,00;999998,00;999998,00;999998,00;999998,00;999998,00;999998,00;999998,00;999998,00;999998,00;;;;;;;;;;;;;;;;;0,6551;0,00000;0,0000;0,00000000;0,00000000;0,00074;Infinity;168,3423;24,892588;-0,000138;23,861247;23,797814;0,0000;-0,0029;7,49;744,85;0,00;0,00;0,09;;259,384;259,479;0,0065856;20,94900;0,04500;0,00700;0,0000893;;0,07;649,00;;;
;;650;20,95100;0,04400;0,015000;111,700;100,04;-71,1500;0,000;101,054;34,200;0,000;338,450;337,550;27,00;844,083;263,170;0,000;570,500;586,100;556,200;313,450;;;;;0,00;0,00;0,00;3,00;3,26;15,721;27,715;0,61;0,61;999998,00;999998,00;999998,00;999998,00;999998,00;999998,00;999998,00;999998,00;999998,00;999998,00;999998,00;999998,00;999998,00;999998,00;999998,00;;;;;;;;;;;;;;;;;0,0000;0,00000;0,0000;0,00000000;0,00000000;0,00385;Infinity;168,3423;25,105031;-0,000139;24,057781;23,993807;0,0000;-0,0029;7,49;744,85;0,00;0,00;0,06;;258,986;259,479;0,0000000;20,95000;0,04400;0,02100;-0,0001356;;0,07;650,00;;;
;;651;20,95000;0,04400;0,014000;109,300;100,02;-71,1500;0,000;101,054;34,200;0,000;338,450;337,450;27,00;844,150;263,170;0,000;570,700;586,100;556,200;313,350;;;;;0,00;0,00;0,00;3,00;3,26;15,723;27,712;0,61;0,61;999998,00;999998,00;999998,00;999998,00;999998,00;999998,00;999998,00;999998,00;999998,00;999998,00;999998,00;999998,00;999998,00;999998,00;999998,00;;;;;;;;;;;;;;;;;0,0000;0,00000;0,0000;0,00000000;0,00000000;0,00468;Infinity;168,3423;24,833861;0,000156;23,797923;23,727608;0,0000;0,0032;7,49;744,85;0,00;0,00;0,06;;258,588;258,683;0,0000000;20,95000;0,04400;0,02500;-0,0001863;;0,07;651,00;;;
;;652;20,95100;0,04500;0,015000;112,500;100,01;-71,1500;0,000;101,058;34,200;0,000;338,350;337,550;27,00;844,250;263,170;0,000;571,000;586,100;556,200;313,350;;;;;0,00;0,00;0,00;3,00;3,26;15,734;27,699;0,61;0,61;999998,00;999998,00;999998,00;999998,00;999998,00;999998,00;999998,00;999998,00;999998,00;999998,00;999998,00;999998,00;999998,00;999998,00;999998,00;;;;;;;;;;;;;;;;;0,0000;0,00000;0,0000;0,00000000;0,00000000;0,00342;Infinity;168,3423;25,198496;0,000254;24,140211;24,083134;0,0001;0,0053;7,49;744,86;0,00;0,00;0,06;;258,191;258,683;0,0000000;20,95000;0,04500;0,01900;-0,0001230;;0,07;652,00;;;
;;653;20,95000;0,04400;0,005000;106,250;100,03;-71,1500;0,000;101,054;34,200;0,000;338,350;337,550;27,00;844,183;263,177;0,000;570,600;586,200;556,300;313,350;;;;;0,00;0,00;0,00;3,00;3,26;15,721;27,693;0,61;0,61;999998,00;999998,00;999998,00;999998,00;999998,00;999998,00;999998,00;999998,00;999998,00;999998,00;999998,00;999998,00;999998,00;999998,00;999998,00;;;;;;;;;;;;;;;;;0,0650;0,00000;0,0000;0,00000000;0,00000000;0,00310;Infinity;168,3424;24,488536;0,000024;23,460068;23,404599;0,0000;0,0005;7,49;744,86;0,00;0,00;0,11;;257,796;257,890;0,0006538;20,94800;0,04500;0,01800;0,0000105;;0,07;653,00;;;
;;654;20,94900;0,04400;0,014000;112,000;100,03;-71,1500;0,000;101,054;34,200;0,000;338,250;337,450;27,00;844,350;263,177;0,000;571,100;586,200;556,300;313,450;;;;;0,00;0,00;0,00;3,00;3,26;15,677;27,699;0,61;0,61;999998,00;999998,00;999998,00;999998,00;999998,00;999998,00;999998,00;999998,00;999998,00;999998,00;999998,00;999998,00;999998,00;999998,00;999998,00;;;;;;;;;;;;;;;;;0,5909;0,00000;0,0000;0,00083415;0,00083415;0,00008;0,16906;168,3430;25,146153;-0,000026;24,082947;24,025988;0,0000;-0,0005;7,49;744,86;0,00;0,00;0,06;;257,402;257,890;0,0059404;20,95000;0,04400;0,00400;0,0000796;;0,07;654,00;;;
;;655;20,95000;0,04400;0,010000;115,075;100,01;-71,1500;0,000;101,054;34,200;0,000;338,250;337,450;27,00;844,483;263,177;0,000;571,500;586,200;556,300;313,350;;;;;0,00;0,00;0,00;3,00;3,26;15,763;27,701;0,61;0,61;999998,00;999998,00;999998,00;999998,00;999998,00;999998,00;999998,00;999998,00;999998,00;999998,00;999998,00;999998,00;999998,00;999998,00;999998,00;;;;;;;;;;;;;;;;;0,4063;0,00000;0,0000;-0,00583903;-0,00583903;0,00053;-0,02448;168,3434;25,489013;0,000172;24,411311;24,353575;0,0000;0,0036;7,49;744,86;0,00;0,00;0,06;;257,010;257,104;0,0040850;20,95000;0,04400;0,00600;0,0000543;;0,07;655,00;;;
;;656;20,95000;0,04400;-0,007000;109,650;99,99;-71,1400;0,000;101,056;34,300;0,000;338,150;337,350;27,00;843,950;263,177;0,000;569,900;586,200;556,300;313,450;;;;;0,00;0,00;0,00;3,00;3,26;15,692;27,715;0,61;0,61;999998,00;999998,00;999998,00;999998,00;999998,00;999998,00;999998,00;999998,00;999998,00;999998,00;999998,00;999998,00;999998,00;999998,00;999998,00;;;;;;;;;;;;;;;;;0,3033;0,00000;0,0000;-0,00583903;-0,00583903;0,00052;-0,08908;168,3437;24,884622;0,000451;23,825428;23,769061;0,0001;0,0094;7,49;744,87;0,00;0,00;0,06;;256,619;257,104;0,0030492;20,95000;0,04500;0,00600;0,0000416;;0,08;656,00;;;
;;657;20,95000;0,04400;0,000000;109,500;100,01;-71,1400;0,000;101,056;34,300;0,000;338,150;337,350;27,00;843,217;263,177;0,000;567,600;586,200;556,400;313,450;;;;;0,00;0,00;0,00;3,00;3,26;15,723;27,712;0,61;0,61;999998,00;999998,00;999998,00;999998,00;999998,00;999998,00;999998,00;999998,00;999998,00;999998,00;999998,00;999998,00;999998,00;999998,00;999998,00;;;;;;;;;;;;;;;;;0,3031;0,00000;0,0000;0,00083415;0,00083415;0,00052;0,62315;168,3440;24,867595;0,000188;23,809126;23,752798;0,0000;0,0039;7,49;744,88;0,00;0,00;0,06;;256,229;256,322;0,0030471;20,95000;0,04500;0,00600;0,0000416;;0,08;657,00;;;
;;658;20,94900;0,04500;-0,003000;112,075;99,98;-71,1400;0,000;101,056;34,300;0,000;338,050;337,350;27,00;842,983;263,183;0,000;567,000;586,200;556,300;313,450;;;;;0,00;0,00;0,00;3,00;3,27;15,727;27,709;0,61;0,61;999998,00;999998,00;999998,00;999998,00;999998,00;999998,00;999998,00;999998,00;999998,00;999998,00;999998,00;999998,00;999998,00;999998,00;999998,00;;;;;;;;;;;;;;;;;0,3067;0,00000;0,0000;0,00000000;0,00000000;0,00053;Infinity;168,3443;25,162011;0,000484;24,083885;24,034015;0,0001;0,0102;7,49;744,89;0,00;0,00;0,06;;255,840;256,322;0,0030832;20,95000;0,04500;0,00600;0,0000416;;0,08;658,00;;;
;;659;20,94800;0,04500;0,007000;112,025;100,02;-71,1400;0,000;101,054;34,300;0,000;338,050;337,350;27,00;842,850;263,183;0,000;566,600;586,200;556,300;313,450;;;;;0,00;0,00;0,00;3,00;3,27;15,708;27,712;0,61;0,61;999998,00;999998,00;999998,00;999998,00;999998,00;999998,00;999998,00;999998,00;999998,00;999998,00;999998,00;999998,00;999998,00;999998,00;999998,00;;;;;;;;;;;;;;;;;0,3066;0,00000;0,0000;0,00000000;0,00000000;0,00053;Infinity;168,3446;25,156398;0,000156;24,078513;24,028653;0,0000;0,0033;7,49;744,89;0,00;0,00;0,06;;255,452;255,545;0,0030825;20,95000;0,04500;0,00600;0,0000416;;0,08;659,00;;;
;;660;20,95000;0,04400;0,007000;112,500;100,02;-71,1400;0,000;101,052;34,300;0,000;337,950;337,250;27,00;842,883;263,183;0,000;566,400;586,300;556,500;313,450;;;;;0,00;0,00;0,00;3,00;3,27;15,732;27,728;0,61;0,61;999998,00;999998,00;999998,00;999998,00;999998,00;999998,00;999998,00;999998,00;999998,00;999998,00;999998,00;999998,00;999998,00;999998,00;999998,00;;;;;;;;;;;;;;;;;0,3073;0,00000;0,0000;0,00000000;0,00000000;0,00053;Infinity;168,3449;25,213404;0,000157;24,125938;24,075965;0,0000;0,0033;7,49;744,89;0,00;0,00;0,06;;255,065;255,545;0,0030895;20,95000;0,04500;0,00600;0,0000416;;0,08;660,00;;;
;;661;20,94900;0,04400;0,021000;114,025;100,04;-71,1400;0,000;101,054;34,400;0,000;337,850;337,150;27,00;843,017;263,183;0,000;566,900;586,300;556,400;313,450;;;;;0,00;0,00;0,00;3,00;3,27;15,730;27,707;0,61;0,61;999998,00;999998,00;999998,00;999998,00;999998,00;999998,00;999998,00;999998,00;999998,00;999998,00;999998,00;999998,00;999998,00;999998,00;999998,00;;;;;;;;;;;;;;;;;0,3094;0,00000;0,0000;0,00000000;0,00000000;0,00053;Infinity;168,3452;25,387476;-0,000089;24,285313;24,234996;0,0000;-0,0019;7,49;744,89;0,00;0,00;0,06;;254,680;254,773;0,0031108;20,95000;0,04500;0,00600;0,0000416;;0,08;661,00;;;
;;662;20,95000;0,04500;0,025000;114,375;100,07;-71,1400;0,000;101,054;34,400;0,000;337,850;337,150;27,00;842,717;263,183;0,000;565,800;586,400;556,500;313,450;;;;;0,00;0,00;0,00;3,00;3,27;15,715;27,712;0,61;0,61;999998,00;999998,00;999998,00;999998,00;999998,00;999998,00;999998,00;999998,00;999998,00;999998,00;999998,00;999998,00;999998,00;999998,00;999998,00;;;;;;;;;;;;;;;;;0,3099;0,00000;0,0000;0,00000000;0,00000000;0,00053;Infinity;168,3455;25,426409;-0,000384;24,322556;24,272162;-0,0001;-0,0081;7,49;744,89;0,00;0,00;0,06;;254,296;254,773;0,0031156;20,95000;0,04500;0,00600;0,0000416;;0,08;662,00;;;
;;663;20,95000;0,04500;0,019000;110,100;100,07;-71,1400;0,000;101,056;34,400;0,000;337,750;337,150;27,00;842,817;263,190;0,000;565,900;586,500;556,600;313,450;;;;;0,00;0,00;0,00;3,00;3,27;15,700;27,720;0,61;0,61;999998,00;999998,00;999998,00;999998,00;999998,00;999998,00;999998,00;999998,00;999998,00;999998,00;999998,00;999998,00;999998,00;999998,00;999998,00;;;;;;;;;;;;;;;;;0,3041;0,00000;0,0000;0,00000000;0,00000000;0,00052;Infinity;168,3458;24,950395;-0,000399;23,860143;23,817757;-0,0001;-0,0083;7,49;744,89;0,00;0,00;0,06;;253,913;254,005;0,0030572;20,95000;0,04500;0,00600;0,0000416;;0,08;663,00;;;
;;664;20,95000;0,04400;0,018000;111,300;100,11;-71,1400;0,000;101,056;34,400;0,000;337,650;336,950;27,00;843,017;263,190;0,000;566,500;586,500;556,600;313,450;;;;;0,00;0,00;0,00;3,00;3,27;15,751;27,723;0,61;0,61;999998,00;999998,00;999998,00;999998,00;999998,00;999998,00;999998,00;999998,00;999998,00;999998,00;999998,00;999998,00;999998,00;999998,00;999998,00;;;;;;;;;;;;;;;;;0,3058;0,00000;0,0000;-0,00083415;-0,00083415;0,00052;-0,62872;168,3461;25,089710;-0,000744;23,986267;23,936540;-0,0002;-0,0155;7,49;744,89;0,00;0,00;0,06;;253,531;254,005;0,0030743;20,95000;0,04500;0,00600;0,0000416;;0,08;664,00;;;
;;665;20,94800;0,04400;0,004000;113,200;100,08;-71,1400;0,000;101,052;34,400;0,000;337,650;336,950;27,00;843,383;263,190;0,000;567,500;586,500;556,700;313,450;;;;;0,00;0,00;0,00;3,00;3,27;15,744;27,723;0,61;0,61;999998,00;999998,00;999998,00;999998,00;999998,00;999998,00;999998,00;999998,00;999998,00;999998,00;999998,00;999998,00;999998,00;999998,00;999998,00;;;;;;;;;;;;;;;;;0,3084;0,00000;0,0000;0,00000000;0,00000000;0,00053;Infinity;168,3464;25,302957;-0,000496;24,190135;24,139986;-0,0001;-0,0105;7,49;744,89;0,00;0,00;0,06;;253,150;253,242;0,0031004;20,95000;0,04500;0,00600;0,0000416;;0,08;665,00;;;
;;666;20,95000;0,04500;0,006000;113,575;100,06;-71,1500;0,000;101,052;34,400;0,000;337,550;336,850;27,00;843,783;263,190;0,000;568,600;586,600;556,700;313,450;;;;;0,00;0,00;0,00;3,00;3,28;15,694;27,717;0,61;0,61;999998,00;999998,00;999998,00;999998,00;999998,00;999998,00;999998,00;999998,00;999998,00;999998,00;999998,00;999998,00;999998,00;999998,00;999998,00;;;;;;;;;;;;;;;;;;;;;;;;;25,348587;-0,000313;24,226581;24,176341;;;;;;;;;;253,242;;20,95000;0,04500;0,00600;0,0000416;;0,07;666,00;;;
