General information;;time (s);O2;CO2;CO;Pdiff;Light;Mass;Methane;AmbP;AmbH;HFM;TC stack;TC smoke;TC amb.;TC cone;T PK;Soot;TC cone1;TC cone2;TC cone3;TC aux;CH4;CO;CO2;Ethene;H2O;n.u.;n.u.;UOX Bin;n.u.;UOX Hum.;UOX Temp;n.u.;TEext1;TEext2;TEext3;TEext4;TEext5;TEext6;TEext7;TEext8;TEext9;TEext10;TEext11;TEext12;TEext13;TEext14;TEext15;n.u.;n.u.;n.u.;n.u.;n.u.;n.u.;n.u.;n.u.;n.u.;n.u.;n.u.;n.u.;n.u.;n.u.;n.u.;n.u.;n.u.;HRR/a;EHC;SEA;MLR;MLR/a;COY;CO2Y/sh;THR/a;MFR;K;Vstack;Vsmoke;SPR;RSR;TSP;TSR;COP;CO2P;O2C;TOC;ARHE;Mass;HRR;O2/sh;CO2/sh;CO/sh;phi;FU27;FU28;FU29;FU30;FU31;
;;;%;%;%;Pa;-;g;g/s;Pa;%;kW/m²;°C;°C;°C;°C;°C;g/min;°C;°C;°C;°C;ppm;ppm;%;ppm;ppm;no;no;;no;%;°C;no;°C;°C;°C;°C;°C;°C;°C;°C;°C;°C;°C;°C;°C;°C;°C;no;no;no;no;no;no;no;no;no;no;no;no;no;no;no;no;no;kW/m²;MJ/kg;m²/kg;g/s;g/(s*m²);[kg/kg];[kg/kg];MJ/m²;g/s;1/m;l/s;l/s;m²/s;(m²/s)/m²;m²;m²;g/s;g/s;g/s;g;kW/m²;g;kW;[%];[%];%;;;;;;;
Test;;0;20,92600;0,06300;0,021000;116,325;100,00;0,0000;0,000;101,008;33,900;0,005;319,250;320,750;28,30;846,617;263,196;0,000;575,000;589,800;555,600;308,850;;;;;0,00;0,00;0,00;3,00;3,73;15,238;27,648;0,58;0,57;999998,00;999998,00;999998,00;999998,00;999998,00;999998,00;999998,00;999998,00;999998,00;999998,00;999998,00;999998,00;999998,00;999998,00;999998,00;;;;;;;;;;;;;;;;;0,0000;;;0,00000000;0,00000000;0,00271;Infinity;0,0000;26,378647;0,000016;23,844251;23,956284;0,0000;0,0003;0,00;0,00;0,00;0,00;-0,07;;;;0,0000000;20,94000;0,04800;0,02100;-0,0004073;;71,38;0,00;;;
Standard used;ISO 5660-1;1;20,92500;0,06100;0,024000;119,750;100,01;0,0000;0,000;101,008;33,900;0,005;319,250;320,750;28,40;847,183;263,196;0,000;576,600;589,900;555,600;308,950;;;;;0,00;0,00;0,00;3,00;3,73;15,185;27,637;0,58;0,57;999998,00;999998,00;999998,00;999998,00;999998,00;999998,00;999998,00;999998,00;999998,00;999998,00;999998,00;999998,00;999998,00;999998,00;999998,00;;;;;;;;;;;;;;;;;0,0000;;;0,00166829;0,00166829;0,00227;-0,23718;0,0000;26,764168;-0,000054;24,192733;24,306403;0,0000;-0,0012;0,00;0,00;0,00;0,00;-0,10;;0,000;0,000;0,0000000;20,94100;0,04700;0,01900;-0,0004297;;71,38;1,00;;;
Date of test;02.07.2026;2;20,92700;0,06000;0,012000;120,075;100,01;0,0000;0,000;101,008;33,900;0,005;319,250;320,650;28,40;846,617;263,196;0,000;574,900;589,900;555,600;308,850;;;;;0,00;0,00;0,00;3,00;3,74;15,160;27,659;0,58;0,57;999998,00;999998,00;999998,00;999998,00;999998,00;999998,00;999998,00;999998,00;999998,00;999998,00;999998,00;999998,00;999998,00;999998,00;999998,00;;;;;;;;;;;;;;;;;0,0000;;;-0,00834147;-0,00834147;0,00015;0,04750;0,0000;26,800463;-0,000054;24,225540;24,331776;0,0000;-0,0012;0,00;0,00;0,00;0,00;-0,07;;0,000;0,000;0,0000000;20,94000;0,04700;0,01000;-0,0002553;;71,38;2,00;;;
Time of test;13:27;3;20,92600;0,05900;0,006000;118,325;100,00;0,0200;0,000;101,008;33,900;0,005;319,250;320,750;28,40;845,983;263,196;0,000;573,000;590,000;555,500;308,950;;;;;0,00;0,00;0,00;3,00;3,74;15,177;27,648;0,58;0,57;999998,00;999998,00;999998,00;999998,00;999998,00;999998,00;999998,00;999998,00;999998,00;999998,00;999998,00;999998,00;999998,00;999998,00;999998,00;;;;;;;;;;;;;;;;;0,0000;;;-0,03503418;-0,03503418;-0,00149;0,01123;0,0000;26,604447;-0,000002;24,048357;24,161349;0,0000;0,0000;0,00;0,00;0,00;0,00;-0,07;;0,000;0,000;0,0000000;20,94000;0,04700;0,00300;-0,0001667;;71,40;3,00;;;
Heat flux (kW/m²);25;4;20,92800;0,05600;-0,018000;121,050;100,01;0,0601;0,000;101,008;33,900;0,005;319,250;320,650;28,30;845,483;263,196;0,000;571,600;589,900;555,500;308,950;;;;;0,00;0,00;0,00;3,00;3,74;15,194;27,664;0,58;0,57;999998,00;999998,00;999998,00;999998,00;999998,00;999998,00;999998,00;999998,00;999998,00;999998,00;999998,00;999998,00;999998,00;999998,00;999998,00;;;;;;;;;;;;;;;;;1,9015;;;-0,02168783;-0,02168783;-0,00816;-0,00063;0,0019;26,909052;-0,000089;24,323696;24,430362;0,0000;-0,0019;0,00;0,00;-0,01;0,00;-0,04;;0,238;0,000;0,0190266;20,93900;0,04800;-0,02500;0,0002354;;71,44;4,00;;;
Nominal duct flow rate (l/s);24,0;5;20,92900;0,05300;-0,009000;113,350;100,00;0,0601;0,000;101,008;33,800;0,005;319,250;320,850;28,30;845,117;263,196;0,000;570,500;589,900;555,500;308,950;;;;;0,00;0,00;0,00;3,00;3,74;15,172;27,645;0,58;0,57;999998,00;999998,00;999998,00;999998,00;999998,00;999998,00;999998,00;999998,00;999998,00;999998,00;999998,00;999998,00;999998,00;999998,00;999998,00;;;;;;;;;;;;;;;;;0,5310;;;0,00333659;0,00333659;-0,00353;-0,11538;0,0024;26,039147;-0,000019;23,537370;23,655333;0,0000;-0,0004;0,00;0,00;0,00;0,00;-0,01;;0,433;0,106;0,0053136;20,93800;0,04700;-0,00600;0,0000680;;71,44;5,00;;;
Sampling interval (s);1;6;20,93000;0,05200;-0,007000;118,075;100,00;0,0601;0,000;101,008;33,800;0,005;319,250;320,750;28,30;844,850;263,196;0,000;569,700;589,900;555,500;308,950;;;;;0,00;0,00;0,00;3,00;3,74;15,202;27,656;0,58;0,57;999998,00;999998,00;999998,00;999998,00;999998,00;999998,00;999998,00;999998,00;999998,00;999998,00;999998,00;999998,00;999998,00;999998,00;999998,00;;;;;;;;;;;;;;;;;0,1650;;;-0,00084432;-0,00084432;-0,00384;0,46537;0,0026;26,576327;0,000033;24,022938;24,135810;0,0000;0,0007;0,00;0,00;0,00;0,00;-0,04;;0,419;0,106;0,0016512;20,93900;0,04700;-0,00700;0,0000203;;71,44;6,00;;;
Separation (mm);25;7;20,93200;0,05100;0,010000;113,125;100,00;0,0601;0,000;101,008;33,800;0,005;319,150;320,750;28,30;844,683;263,196;0,000;569,200;589,900;555,500;308,950;;;;;0,00;0,00;0,00;3,00;3,74;15,179;27,669;0,58;0,57;999998,00;999998,00;999998,00;999998,00;999998,00;999998,00;999998,00;999998,00;999998,00;999998,00;999998,00;999998,00;999998,00;999998,00;999998,00;;;;;;;;;;;;;;;;;0,0000;;;0,00591024;0,00591024;-0,00054;0,00224;0,0026;26,017364;0,000016;23,510313;23,628178;0,0000;0,0003;0,00;0,00;0,00;0,00;-0,04;;0,371;0,152;0,0000000;20,93900;0,04800;0,00700;-0,0001696;;71,44;7,00;;;
Orientation;hor;8;20,93400;0,05000;0,012000;114,925;100,01;0,0499;0,000;101,008;33,800;0,005;319,150;320,550;28,30;844,583;263,196;0,000;568,800;590,000;555,500;308,950;;;;;0,00;0,00;0,00;3,00;3,74;15,210;27,661;0,58;0,57;999998,00;999998,00;999998,00;999998,00;999998,00;999998,00;999998,00;999998,00;999998,00;999998,00;999998,00;999998,00;999998,00;999998,00;999998,00;;;;;;;;;;;;;;;;;0,0000;;;0,00675456;0,00675456;0,00408;-0,05740;0,0026;26,223537;-0,000037;23,696619;23,800568;0,0000;-0,0008;0,00;0,00;0,00;0,00;-0,04;;0,325;0,152;0,0000000;20,93900;0,04700;0,02700;-0,0004102;;71,43;8,00;;;
Edge frame?;N;9;20,93500;0,04900;0,016000;121,450;100,01;0,0499;0,000;101,008;33,800;0,005;319,050;320,450;28,30;844,483;263,196;0,000;568,600;589,900;555,500;308,950;;;;;0,00;0,00;0,00;3,00;3,74;15,181;27,656;0,58;0,57;999998,00;999998,00;999998,00;999998,00;999998,00;999998,00;999998,00;999998,00;999998,00;999998,00;999998,00;999998,00;999998,00;999998,00;999998,00;;;;;;;;;;;;;;;;;0,0000;;;-0,00675456;-0,00675456;0,00348;-0,00203;0,0026;26,961920;-0,000054;24,356217;24,463093;0,0000;-0,0012;0,00;0,00;0,00;0,00;-0,07;;0,289;0,118;0,0000000;20,94000;0,04800;0,02400;-0,0004453;;71,43;9,00;;;
Grid?;N;10;20,93600;0,04800;0,011000;119,375;100,02;0,0601;0,000;101,008;33,800;0,005;319,150;320,550;28,30;844,383;263,196;0,000;568,300;589,900;555,500;308,950;;;;;0,00;0,00;0,00;3,00;3,75;15,210;27,672;0,58;0,57;999998,00;999998,00;999998,00;999998,00;999998,00;999998,00;999998,00;999998,00;999998,00;999998,00;999998,00;999998,00;999998,00;999998,00;999998,00;;;;;;;;;;;;;;;;;0,0000;;;-0,00591024;-0,00591024;0,00109;-0,00231;0,0026;26,726414;-0,000159;24,151039;24,256981;0,0000;-0,0034;0,00;0,00;0,00;0,00;-0,07;;0,260;0,118;0,0000000;20,94000;0,04800;0,01400;-0,0003186;;71,44;10,00;;;
Non-scrubbed?;;11;20,93800;0,04700;0,021000;114,700;100,01;0,0601;0,000;101,010;33,800;0,005;319,150;320,550;28,30;844,383;263,196;0,000;568,200;590,000;555,500;308,950;;;;;0,00;0,00;0,00;3,00;3,75;15,238;27,648;0,58;0,57;999998,00;999998,00;999998,00;999998,00;999998,00;999998,00;999998,00;999998,00;999998,00;999998,00;999998,00;999998,00;999998,00;999998,00;999998,00;;;;;;;;;;;;;;;;;0,0000;;;0,00000000;0,00000000;0,00061;Infinity;0,0026;26,197854;-0,000107;23,673411;23,777258;0,0000;-0,0022;0,00;0,00;0,00;0,00;-0,07;;0,236;0,097;0,0000000;20,94000;0,04900;0,01200;-0,0003060;;71,44;11,00;;;
Substrate used? {Y/N};;12;20,94000;0,04700;0,019000;118,950;100,02;0,0601;0,000;101,010;33,800;0,005;319,150;320,650;28,30;844,283;263,196;0,000;567,900;590,000;555,500;308,950;;;;;0,00;0,00;0,00;3,00;3,75;15,244;27,640;0,58;0,57;999998,00;999998,00;999998,00;999998,00;999998,00;999998,00;999998,00;999998,00;999998,00;999998,00;999998,00;999998,00;999998,00;999998,00;999998,00;;;;;;;;;;;;;;;;;0,0000;;;0,00591024;0,00591024;0,00015;0,20942;0,0026;26,678797;-0,000159;24,108010;24,221317;0,0000;-0,0034;0,00;0,00;0,00;0,00;-0,01;;0,216;0,097;0,0000000;20,93800;0,05100;0,01000;-0,0001851;;71,44;12,00;;;
Substrate;;13;20,94100;0,04700;0,010000;121,275;100,01;0,0499;0,000;101,008;33,800;0,005;319,150;320,650;28,30;844,250;263,196;0,000;567,800;590,000;555,500;308,950;;;;;0,00;0,00;0,00;3,00;3,75;15,221;27,643;0,58;0,57;999998,00;999998,00;999998,00;999998,00;999998,00;999998,00;999998,00;999998,00;999998,00;999998,00;999998,00;999998,00;999998,00;999998,00;999998,00;;;;;;;;;;;;;;;;;2,5909;;;0,00591024;0,00591024;-0,00484;0,21145;0,0052;26,938267;-0,000055;24,342477;24,456887;0,0000;-0,0012;0,00;0,00;0,00;0,00;0,11;;0,299;0,281;0,0259249;20,93400;0,05100;-0,01100;0,0003223;;71,43;13,00;;;
Additional preparation details;;14;20,94000;0,04800;0,003000;118,600;100,02;0,0499;0,000;101,008;33,800;0,005;319,150;320,650;28,30;844,150;263,196;0,000;567,500;590,000;555,500;308,950;;;;;0,00;0,00;0,00;3,00;3,75;15,214;27,651;0,58;0,57;999998,00;999998,00;999998,00;999998,00;999998,00;999998,00;999998,00;999998,00;999998,00;999998,00;999998,00;999998,00;999998,00;999998,00;999998,00;;;;;;;;;;;;;;;;;2,3863;;;-0,00084432;-0,00084432;-0,00549;-1,46376;0,0076;26,639518;-0,000159;24,072516;24,185656;0,0000;-0,0034;0,00;0,00;-0,01;0,00;0,08;;0,456;0,281;0,0238771;20,93500;0,05100;-0,01400;0,0002999;;71,43;14,00;;;
;;15;20,94000;0,04700;-0,025000;119,375;100,00;0,0499;0,000;101,010;33,800;0,005;319,150;320,650;28,30;844,183;263,196;0,000;567,400;590,100;555,600;308,950;;;;;0,00;0,00;0,00;3,00;3,75;15,187;27,659;0,58;0,57;999998,00;999998,00;999998,00;999998,00;999998,00;999998,00;999998,00;999998,00;999998,00;999998,00;999998,00;999998,00;999998,00;999998,00;999998,00;;;;;;;;;;;;;;;;;0,7994;;;0,00000000;0,00000000;-0,00292;Infinity;0,0084;26,726414;-0,000002;24,151039;24,264548;0,0000;0,0000;0,00;0,00;0,00;0,00;0,05;;0,532;0,470;0,0079992;20,93600;0,05100;-0,00300;0,0001003;;71,43;15,00;;;
Specimen;;16;20,93900;0,04700;-0,006000;115,500;100,00;0,0499;0,000;101,008;33,800;0,005;319,150;320,650;28,30;844,083;263,196;0,000;567,300;590,000;555,500;308,950;;;;;0,00;0,00;0,00;3,00;3,75;15,189;27,653;0,58;0,57;999998,00;999998,00;999998,00;999998,00;999998,00;999998,00;999998,00;999998,00;999998,00;999998,00;999998,00;999998,00;999998,00;999998,00;999998,00;;;;;;;;;;;;;;;;;1,2332;;;0,00000000;0,00000000;-0,00171;Infinity;0,0096;26,289057;0,000051;23,755826;23,867478;0,0000;0,0011;0,00;0,00;0,00;0,00;0,11;;0,562;0,470;0,0123399;20,93400;0,05100;0,00200;0,0001578;;71,43;16,00;;;
Sample description;PMMA_DE_6mm_q25_Al2O3_R2;17;20,93800;0,04800;-0,007000;115,300;100,00;0,0499;0,000;101,010;33,800;0,005;319,150;320,650;28,30;844,083;263,196;0,000;567,200;590,000;555,600;308,950;;;;;0,00;0,00;0,00;3,00;3,76;15,202;27,653;0,58;0,57;999998,00;999998,00;999998,00;999998,00;999998,00;999998,00;999998,00;999998,00;999998,00;999998,00;999998,00;999998,00;999998,00;999998,00;999998,00;;;;;;;;;;;;;;;;;0,0886;;;0,00000000;0,00000000;-0,00124;Infinity;0,0097;26,266286;-0,000002;23,735249;23,846804;0,0000;0,0000;0,00;0,00;0,00;0,00;0,05;;0,568;0,467;0,0008868;20,93600;0,05100;0,00400;0,0000117;;71,43;17,00;;;
Material name/ID;PMMA_DE_6mm;18;20,93900;0,04700;0,007000;121,175;100,01;0,0499;0,000;101,010;33,800;0,005;319,050;320,550;28,30;844,083;263,196;0,000;567,100;590,100;555,600;308,950;;;;;0,00;0,00;0,00;3,00;3,76;15,189;27,653;0,58;0,57;999998,00;999998,00;999998,00;999998,00;999998,00;999998,00;999998,00;999998,00;999998,00;999998,00;999998,00;999998,00;999998,00;999998,00;999998,00;;;;;;;;;;;;;;;;;0,0000;;;0,00000000;0,00000000;0,00110;Infinity;0,0097;26,931378;-0,000089;24,328626;24,443006;0,0000;-0,0019;0,00;0,00;0,00;0,00;0,05;;0,539;0,467;0,0000000;20,93600;0,05100;0,01400;-0,0001149;;71,43;18,00;;;
Specimen number;R2;19;20,93900;0,04800;0,027000;119,400;100,00;0,0499;0,000;101,006;33,800;0,005;319,050;320,550;28,40;843,983;263,196;0,000;566,900;590,000;555,600;308,950;;;;;0,00;0,00;0,00;3,00;3,76;15,231;27,656;0,58;0,57;999998,00;999998,00;999998,00;999998,00;999998,00;999998,00;999998,00;999998,00;999998,00;999998,00;999998,00;999998,00;999998,00;999998,00;999998,00;;;;;;;;;;;;;;;;;0,0000;;;-0,00083415;-0,00083415;0,00180;-1,48683;0,0097;26,733402;0,000033;24,149784;24,263323;0,0000;0,0007;0,00;0,00;0,00;0,00;0,08;;0,510;0,422;0,0000000;20,93500;0,05100;0,01700;-0,0000924;;71,43;19,00;;;
E (MJ/kg);13,10;20;20,93900;0,04800;0,024000;116,450;100,01;0,0499;0,000;101,010;33,800;0,005;319,050;320,450;28,40;843,950;263,196;0,000;566,800;590,000;555,600;308,950;;;;;0,00;0,00;0,00;3,00;3,76;15,210;27,669;0,58;0,57;999998,00;999998,00;999998,00;999998,00;999998,00;999998,00;999998,00;999998,00;999998,00;999998,00;999998,00;999998,00;999998,00;999998,00;999998,00;;;;;;;;;;;;;;;;;0,0000;;;0,00583903;0,00583903;0,00364;0,07146;0,0097;26,401087;-0,000090;23,849586;23,954238;0,0000;-0,0019;0,00;0,00;0,00;0,00;0,05;;0,485;0,422;0,0000000;20,93600;0,04900;0,02500;-0,0002289;;71,43;20,00;;;
Initial mass (g);71,38;21;20,94000;0,04900;0,014000;117,800;100,00;0,0399;0,000;101,010;33,800;0,005;319,050;320,550;28,40;843,917;263,196;0,000;566,700;590,000;555,600;308,950;;;;;0,00;0,00;0,00;3,00;3,76;15,202;27,669;0,58;0,57;999998,00;999998,00;999998,00;999998,00;999998,00;999998,00;999998,00;999998,00;999998,00;999998,00;999998,00;999998,00;999998,00;999998,00;999998,00;;;;;;;;;;;;;;;;;0,0000;;;0,00583903;0,00583903;0,00132;0,14142;0,0097;26,553680;0,000051;23,987431;24,100207;0,0000;0,0011;0,00;0,00;0,00;0,00;0,02;;0,462;0,382;0,0000000;20,93700;0,05000;0,01500;-0,0001753;;71,42;21,00;;;
Thickness (mm);6,02;22;20,94000;0,05100;0,012000;119,700;100,00;0,0399;0,000;101,010;33,800;0,005;319,050;320,550;28,40;844,017;263,196;0,000;566,900;590,100;555,600;308,950;;;;;0,00;0,00;0,00;3,00;3,76;15,231;27,669;0,58;0,57;999998,00;999998,00;999998,00;999998,00;999998,00;999998,00;999998,00;999998,00;999998,00;999998,00;999998,00;999998,00;999998,00;999998,00;999998,00;;;;;;;;;;;;;;;;;0,0000;;;-0,00083415;-0,00083415;0,00157;-0,50714;0,0097;26,766965;0,000033;24,180103;24,293785;0,0000;0,0007;0,00;0,00;0,00;0,00;0,02;;0,441;0,382;0,0000000;20,93700;0,04900;0,01600;-0,0001753;;71,42;22,00;;;
Surface area (cm²);100,06;23;20,94000;0,05100;0,010000;117,800;100,00;0,0399;0,000;101,010;33,800;0,005;319,050;320,550;28,30;844,050;263,196;0,000;567,100;590,000;555,600;308,950;;;;;0,00;0,00;0,00;3,00;3,76;15,244;27,659;0,58;0,57;999998,00;999998,00;999998,00;999998,00;999998,00;999998,00;999998,00;999998,00;999998,00;999998,00;999998,00;999998,00;999998,00;999998,00;999998,00;;;;;;;;;;;;;;;;;0,0000;;;0,00000000;0,00000000;0,00155;Infinity;0,0097;26,553680;0,000051;23,987431;24,100207;0,0000;0,0011;0,00;0,01;0,00;0,00;-0,04;;0,422;0,349;0,0000000;20,93900;0,04900;0,01600;-0,0002962;;71,42;23,00;;;
Sponsor;;24;20,93800;0,05100;-0,011000;117,925;100,01;0,0399;0,000;101,008;33,800;0,005;319,050;320,650;28,40;844,117;263,196;0,000;567,200;590,100;555,600;308,950;;;;;0,00;0,00;0,00;3,00;3,76;15,200;27,626;0,58;0,57;999998,00;999998,00;999998,00;999998,00;999998,00;999998,00;999998,00;999998,00;999998,00;999998,00;999998,00;999998,00;999998,00;999998,00;999998,00;;;;;;;;;;;;;;;;;0,0000;;;0,00000000;0,00000000;-0,00243;Infinity;0,0097;26,567765;-0,000072;24,000154;24,120512;0,0000;-0,0015;0,00;0,01;0,00;0,00;-0,01;;0,404;0,349;0,0000000;20,93800;0,04900;-0,00100;-0,0000206;;71,42;24,00;;;
Manufacturer;;25;20,93400;0,05100;-0,014000;121,225;100,00;0,0399;0,000;101,010;33,800;0,005;319,050;320,550;28,40;844,050;263,196;0,000;567,100;590,000;555,600;308,950;;;;;0,00;0,00;0,00;3,00;3,77;15,210;27,672;0,58;0,57;999998,00;999998,00;999998,00;999998,00;999998,00;999998,00;999998,00;999998,00;999998,00;999998,00;999998,00;999998,00;999998,00;999998,00;999998,00;;;;;;;;;;;;;;;;;0,0000;;;0,00000000;0,00000000;-0,00294;Infinity;0,0097;26,936934;0,000068;24,333646;24,448050;0,0000;0,0014;0,00;0,01;0,00;0,00;-0,01;;0,388;0,321;0,0000000;20,93800;0,05000;-0,00300;-0,0000079;;71,42;25,00;;;
Test start time (s);60;26;20,93500;0,05100;-0,003000;121,200;99,99;0,0399;0,000;101,008;33,800;0,005;319,050;320,550;28,40;843,950;263,196;0,000;566,800;590,000;555,600;308,950;;;;;0,00;0,00;0,00;3,00;3,77;15,238;27,656;0,58;0,57;999998,00;999998,00;999998,00;999998,00;999998,00;999998,00;999998,00;999998,00;999998,00;999998,00;999998,00;999998,00;999998,00;999998,00;999998,00;;;;;;;;;;;;;;;;;0,6271;;;0,00000000;0,00000000;-0,00341;Infinity;0,0103;26,934155;0,000120;24,331136;24,445528;0,0000;0,0026;0,00;0,01;0,00;0,00;0,02;;0,385;0,321;0,0062748;20,93700;0,05000;-0,00500;0,0000778;;71,42;26,00;;;
Time to ignition (s);81;27;20,93600;0,05100;0,002000;114,450;100,00;0,0399;0,000;101,010;33,800;0,005;319,050;320,550;28,30;843,950;263,196;0,000;566,800;590,000;555,600;308,950;;;;;0,00;0,00;0,00;3,00;3,77;15,206;27,653;0,58;0,57;999998,00;999998,00;999998,00;999998,00;999998,00;999998,00;999998,00;999998,00;999998,00;999998,00;999998,00;999998,00;999998,00;999998,00;999998,00;;;;;;;;;;;;;;;;;0,7324;;;0,00000000;0,00000000;-0,00078;Infinity;0,0111;26,173388;0,000050;23,643892;23,755053;0,0000;0,0010;0,00;0,01;0,00;0,00;0,11;;0,396;0,324;0,0073282;20,93400;0,05200;0,00600;0,0000946;;71,42;27,00;;;
Time to flameout (s);486;28;20,93400;0,05100;0,004000;116,225;100,01;0,0399;0,000;101,010;33,800;0,005;319,050;320,650;28,40;843,983;263,196;0,000;566,900;590,000;555,600;308,950;;;;;0,00;0,00;0,00;3,00;3,77;15,252;27,667;0,58;0,57;999998,00;999998,00;999998,00;999998,00;999998,00;999998,00;999998,00;999998,00;999998,00;999998,00;999998,00;999998,00;999998,00;999998,00;999998,00;;;;;;;;;;;;;;;;;1,5386;;;0,00000000;0,00000000;-0,00288;Infinity;0,0126;26,375569;-0,000055;23,826533;23,946020;0,0000;-0,0011;0,00;0,01;0,00;0,00;0,11;;0,422;0,324;0,0153950;20,93400;0,05300;-0,00300;0,0001958;;71,42;28,00;;;
End of test criteria;User end of test;29;20,93600;0,05100;0,014000;113,075;100,00;0,0399;0,000;101,010;33,800;0,005;319,150;320,750;28,40;843,983;263,196;0,000;567,000;589,900;555,600;308,950;;;;;0,00;0,00;0,00;3,00;3,77;15,215;27,667;0,58;0,57;999998,00;999998,00;999998,00;999998,00;999998,00;999998,00;999998,00;999998,00;999998,00;999998,00;999998,00;999998,00;999998,00;999998,00;999998,00;;;;;;;;;;;;;;;;;0,1858;;;0,00000000;0,00000000;0,00198;Infinity;0,0128;26,011614;0,000050;23,505118;23,622956;0,0000;0,0010;0,00;0,01;0,00;0,00;0,16;;0,437;0,333;0,0018591;20,93200;0,05500;0,01800;0,0000255;;71,42;29,00;;;
User EOT time (s);537;30;20,93600;0,04900;0,017000;113,500;100,01;0,0399;0,000;101,010;33,800;0,005;319,150;320,750;28,40;843,950;263,196;0,000;567,000;589,900;555,500;308,950;;;;;0,00;0,00;0,00;3,00;3,77;15,238;27,656;0,58;0,57;999998,00;999998,00;999998,00;999998,00;999998,00;999998,00;999998,00;999998,00;999998,00;999998,00;999998,00;999998,00;999998,00;999998,00;999998,00;;;;;;;;;;;;;;;;;1,9630;;;0,00000000;0,00000000;0,00175;Infinity;0,0147;26,060452;-0,000054;23,549249;23,667309;0,0000;-0,0011;0,00;0,01;0,00;0,00;0,28;;0,459;0,333;0,0196414;20,92800;0,05700;0,01700;0,0002546;;71,42;30,00;;;
MLR EOT mass (g/m²);;31;20,93500;0,05000;0,025000;114,975;100,00;0,0399;0,000;101,010;33,800;0,005;319,150;320,750;28,40;843,917;263,196;0,000;566,900;589,900;555,500;308,950;;;;;0,00;0,00;0,00;3,00;3,77;15,246;27,669;0,58;0,57;999998,00;999998,00;999998,00;999998,00;999998,00;999998,00;999998,00;999998,00;999998,00;999998,00;999998,00;999998,00;999998,00;999998,00;999998,00;;;;;;;;;;;;;;;;;2,4479;;;0,00000000;0,00000000;0,00153;Infinity;0,0172;26,229241;0,000050;23,701774;23,820598;0,0000;0,0010;0,00;0,01;0,00;0,00;0,31;;0,515;0,397;0,0244938;20,92700;0,05800;0,01600;0,0003150;;71,42;31,00;;;
MLR time period (s);;32;20,93600;0,04900;0,015000;119,050;100,01;0,0399;0,000;101,010;33,800;0,005;319,150;320,850;28,40;843,983;263,196;0,000;567,000;590,000;555,500;308,950;;;;;0,00;0,00;0,00;3,00;3,77;15,244;27,661;0,58;0,57;999998,00;999998,00;999998,00;999998,00;999998,00;999998,00;999998,00;999998,00;999998,00;999998,00;999998,00;999998,00;999998,00;999998,00;999998,00;;;;;;;;;;;;;;;;;3,7806;;;-0,00083415;-0,00083415;-0,00056;-5,39936;0,0210;26,690008;-0,000037;24,118141;24,246610;0,0000;-0,0008;0,00;0,01;0,00;0,00;0,34;;0,596;0,397;0,0378291;20,92600;0,05900;0,00700;0,0004767;;71,42;32,00;;;
Truncate graphs at EOT;;33;20,93700;0,04900;0,016000;119,300;100,00;0,0399;0,000;101,010;33,800;0,005;319,150;320,850;28,40;843,950;263,196;0,000;567,000;589,900;555,500;308,950;;;;;0,00;0,00;0,00;3,00;3,78;15,231;27,653;0,58;0,57;999998,00;999998,00;999998,00;999998,00;999998,00;999998,00;999998,00;999998,00;999998,00;999998,00;999998,00;999998,00;999998,00;999998,00;999998,00;;;;;;;;;;;;;;;;;4,2396;;;0,00583903;0,00583903;0,00038;0,84213;0,0252;26,718018;-0,000002;24,143451;24,272055;0,0000;0,0000;0,00;0,01;0,00;0,00;0,40;;0,700;0,576;0,0424213;20,92400;0,06000;0,01100;0,0005343;;71,42;33,00;;;
Smooth data?;;34;20,93700;0,04900;0,016000;116,250;100,01;0,0299;0,000;101,010;33,800;0,005;319,150;320,750;28,40;843,883;263,196;0,000;566,800;589,900;555,500;308,950;;;;;0,00;0,00;0,00;3,00;3,78;15,236;27,672;0,58;0,57;999998,00;999998,00;999998,00;999998,00;999998,00;999998,00;999998,00;999998,00;999998,00;999998,00;999998,00;999998,00;999998,00;999998,00;999998,00;;;;;;;;;;;;;;;;;5,6590;;;0,00583903;0,00583903;-0,00218;0,90038;0,0309;26,374272;-0,000037;23,832829;23,952311;0,0000;-0,0008;0,00;0,01;0,00;0,01;0,43;;0,825;0,576;0,0566238;20,92300;0,06100;0,00000;0,0007211;;71,41;34,00;;;
Correct O2 for pressure?;;35;20,93900;0,05000;-0,001000;120,125;100,01;0,0299;0,000;101,006;33,800;0,005;319,150;320,850;28,40;843,917;263,196;0,000;567,000;589,800;555,500;308,950;;;;;0,00;0,00;0,00;3,00;3,78;15,246;27,669;0,58;0,57;999998,00;999998,00;999998,00;999998,00;999998,00;999998,00;999998,00;999998,00;999998,00;999998,00;999998,00;999998,00;999998,00;999998,00;999998,00;;;;;;;;;;;;;;;;;5,7785;;;-0,00083415;-0,00083415;-0,00340;-6,40683;0,0366;26,810241;-0,000107;24,226788;24,355835;0,0000;-0,0023;0,00;0,01;0,00;0,01;0,40;;0,965;0,829;0,0578195;20,92400;0,06100;-0,00500;0,0007240;;71,41;35,00;;;
;;36;20,93800;0,05000;-0,003000;123,125;100,01;0,0299;0,000;101,010;33,800;0,005;319,150;320,850;28,40;843,917;263,196;0,000;567,000;589,800;555,500;308,950;;;;;0,00;0,00;0,00;3,00;3,78;15,172;27,669;0,58;0,57;999998,00;999998,00;999998,00;999998,00;999998,00;999998,00;999998,00;999998,00;999998,00;999998,00;999998,00;999998,00;999998,00;999998,00;999998,00;;;;;;;;;;;;;;;;;6,1323;;;0,00000000;0,00000000;-0,00296;Infinity;0,0428;27,142955;-0,000055;24,527442;24,658091;0,0000;-0,0012;0,00;0,01;0,00;0,01;0,44;;1,103;0,829;0,0613603;20,92300;0,06100;-0,00300;0,0007591;;71,41;36,00;;;
Apparatus;;37;20,93800;0,05200;-0,005000;119,075;100,01;0,0299;0,000;101,010;33,800;0,005;319,150;320,850;28,40;843,850;263,196;0,000;566,700;589,800;555,600;308,950;;;;;0,00;0,00;0,00;3,00;3,78;15,217;27,653;0,58;0,57;999998,00;999998,00;999998,00;999998,00;999998,00;999998,00;999998,00;999998,00;999998,00;999998,00;999998,00;999998,00;999998,00;999998,00;999998,00;;;;;;;;;;;;;;;;;5,5768;;;0,00000000;0,00000000;-0,00409;Infinity;0,0484;26,692811;-0,000037;24,120674;24,249156;0,0000;-0,0008;0,00;0,01;0,00;0,01;0,37;;1,232;1,091;0,0558016;20,92500;0,06100;-0,00800;0,0007015;;71,41;37,00;;;
C-factor (SI units);0,0437;38;20,93700;0,05300;0,006000;119,400;100,01;0,0299;0,000;101,010;33,800;0,005;319,150;320,750;28,40;843,750;263,196;0,000;566,500;589,800;555,500;308,950;;;;;0,00;0,00;0,00;3,00;3,78;15,294;27,653;0,58;0,57;999998,00;999998,00;999998,00;999998,00;999998,00;999998,00;999998,00;999998,00;999998,00;999998,00;999998,00;999998,00;999998,00;999998,00;999998,00;;;;;;;;;;;;;;;;;4,0388;;;0,00000000;0,00000000;0,00086;Infinity;0,0524;26,729214;-0,000090;24,153569;24,274658;0,0000;-0,0019;0,00;0,01;0,00;0,00;0,40;;1,326;1,091;0,0404121;20,92400;0,06000;0,01300;0,0005089;;71,41;38,00;;;
OD correction factor;1;39;20,93400;0,05500;-0,003000;116,375;100,01;0,0299;0,000;101,018;33,800;0,005;319,150;320,750;28,40;843,783;263,196;0,000;566,600;589,800;555,500;308,950;;;;;0,00;0,00;0,00;3,00;3,78;15,227;27,688;0,58;0,57;999998,00;999998,00;999998,00;999998,00;999998,00;999998,00;999998,00;999998,00;999998,00;999998,00;999998,00;999998,00;999998,00;999998,00;999998,00;;;;;;;;;;;;;;;;;2,5384;;;0,00000000;0,00000000;0,00201;Infinity;0,0549;26,388448;-0,000037;23,845640;23,965185;0,0000;-0,0008;0,00;0,01;0,00;0,00;0,34;;1,376;1,243;0,0253995;20,92600;0,06000;0,01800;0,0003248;;71,41;39,00;;;
Duct diameter (m);0,114;40;20,93400;0,05700;0,018000;120,650;99,99;0,0299;0,000;101,010;33,800;0,005;319,150;320,850;28,40;843,717;263,196;0,000;566,400;589,800;555,500;308,950;;;;;0,00;0,00;0,00;3,00;3,78;15,244;27,669;0,58;0,57;999998,00;999998,00;999998,00;999998,00;999998,00;999998,00;999998,00;999998,00;999998,00;999998,00;999998,00;999998,00;999998,00;999998,00;999998,00;;;;;;;;;;;;;;;;;1,1340;;;0,00000000;0,00000000;0,00252;Infinity;0,0561;26,868763;0,000085;24,279671;24,409000;0,0000;0,0018;0,00;0,01;0,00;0,00;0,26;;1,388;1,243;0,0113464;20,92900;0,05800;0,02000;0,0001436;;71,41;40,00;;;
O2 delay time (s);12;41;20,93200;0,05800;0,017000;119,950;100,00;0,0299;0,000;101,012;33,800;0,005;319,150;320,750;28,40;843,750;263,196;0,000;566,600;589,700;555,500;308,950;;;;;0,00;0,00;0,00;3,00;3,79;15,238;27,653;0,58;0,57;999998,00;999998,00;999998,00;999998,00;999998,00;999998,00;999998,00;999998,00;999998,00;999998,00;999998,00;999998,00;999998,00;999998,00;999998,00;;;;;;;;;;;;;;;;;1,8664;;;0,00000000;0,00000000;0,00015;Infinity;0,0579;26,790705;0,000068;24,209134;24,330502;0,0000;0,0014;0,00;0,02;0,00;0,00;0,23;;1,390;1,290;0,0186757;20,93000;0,05600;0,01000;0,0002350;;71,41;41,00;;;
CO2 delay time (s);10;42;20,92800;0,05900;0,016000;116,250;100,00;0,0299;0,000;101,010;33,800;0,005;319,150;320,750;28,40;843,817;263,196;0,000;566,800;589,700;555,500;308,950;;;;;0,00;0,00;0,00;3,00;3,79;15,236;27,680;0,58;0,57;999998,00;999998,00;999998,00;999998,00;999998,00;999998,00;999998,00;999998,00;999998,00;999998,00;999998,00;999998,00;999998,00;999998,00;999998,00;;;;;;;;;;;;;;;;;1,9133;;;0,00000000;0,00000000;-0,00288;Infinity;0,0598;26,374272;0,000015;23,832829;23,952311;0,0000;0,0003;0,00;0,02;0,00;0,00;0,14;;1,402;1,290;0,0191444;20,93300;0,05400;-0,00300;0,0002436;;71,41;42,00;;;
CO delay time (s);10;43;20,92700;0,06000;0,007000;117,475;99,99;0,0299;0,000;101,012;33,800;0,005;319,150;320,750;28,40;843,817;263,196;0,000;566,800;589,700;555,500;308,950;;;;;0,00;0,00;0,00;3,00;3,79;15,223;27,669;0,58;0,57;999998,00;999998,00;999998,00;999998,00;999998,00;999998,00;999998,00;999998,00;999998,00;999998,00;999998,00;999998,00;999998,00;999998,00;999998,00;;;;;;;;;;;;;;;;;2,6002;;;0,00000000;0,00000000;-0,00313;Infinity;0,0624;26,512870;0,000085;23,958072;24,078181;0,0000;0,0018;0,00;0,02;0,00;0,00;0,17;;1,422;1,334;0,0260175;20,93200;0,05300;-0,00400;0,0003293;;71,41;43,00;;;
;;44;20,92600;0,06100;0,011000;118,500;100,02;0,0299;0,000;101,012;33,800;0,005;319,150;320,750;28,40;843,883;263,196;0,000;567,000;589,700;555,500;308,950;;;;;0,00;0,00;0,00;3,00;3,79;15,265;27,669;0,58;0,57;999998,00;999998,00;999998,00;999998,00;999998,00;999998,00;999998,00;999998,00;999998,00;999998,00;999998,00;999998,00;999998,00;999998,00;999998,00;;;;;;;;;;;;;;;;;1,0740;;;0,00000000;0,00000000;-0,00267;Infinity;0,0635;26,628284;-0,000124;24,062365;24,182997;0,0000;-0,0026;0,00;0,02;0,00;0,00;0,08;;1,431;1,334;0,0107462;20,93500;0,05200;-0,00200;0,0001354;;71,41;44,00;;;
Laboratory;;45;20,92400;0,06100;0,000000;114,825;100,01;0,0299;0,000;101,012;33,800;0,005;319,150;320,750;28,40;843,917;263,196;0,000;567,000;589,700;555,600;308,950;;;;;0,00;0,00;0,00;3,00;3,79;15,236;27,667;0,58;0,57;999998,00;999998,00;999998,00;999998,00;999998,00;999998,00;999998,00;999998,00;999998,00;999998,00;999998,00;999998,00;999998,00;999998,00;999998,00;;;;;;;;;;;;;;;;;0,9572;;;0,00000000;0,00000000;-0,00217;Infinity;0,0645;26,212126;-0,000107;23,686308;23,805054;0,0000;-0,0022;0,00;0,02;0,00;0,00;0,08;;1,422;1,354;0,0095774;20,93500;0,05100;0,00000;0,0001227;;71,41;45,00;;;
Laboratory name;FZJ IAS-7;46;20,92300;0,06100;-0,005000;116,150;100,01;0,0299;0,000;101,012;33,800;0,005;319,150;320,850;28,40;843,917;263,196;0,000;566,900;589,800;555,600;308,950;;;;;0,00;0,00;0,00;3,00;3,79;15,240;27,683;0,58;0,57;999998,00;999998,00;999998,00;999998,00;999998,00;999998,00;999998,00;999998,00;999998,00;999998,00;999998,00;999998,00;999998,00;999998,00;999998,00;;;;;;;;;;;;;;;;;0,1631;;;0,00000000;0,00000000;-0,00032;Infinity;0,0646;26,362927;-0,000038;23,822577;23,949472;0,0000;-0,0008;0,00;0,02;0,00;0,00;0,08;;1,404;1,354;0,0016319;20,93500;0,05100;0,00800;0,0000215;;71,41;46,00;;;
Operator;CR;47;20,92400;0,06100;-0,003000;116,250;100,01;0,0299;0,000;101,018;33,800;0,005;319,250;320,950;28,40;843,883;263,196;0,000;567,000;589,600;555,600;308,950;;;;;0,00;0,00;0,00;3,00;3,79;15,217;27,669;0,58;0,57;999998,00;999998,00;999998,00;999998,00;999998,00;999998,00;999998,00;999998,00;999998,00;999998,00;999998,00;999998,00;999998,00;999998,00;999998,00;;;;;;;;;;;;;;;;;0,3638;;;0,00000000;0,00000000;-0,00102;Infinity;0,0650;26,370141;-0,000107;23,836563;23,963492;0,0000;-0,0022;0,00;0,02;0,00;0,00;0,08;;1,379;1,324;0,0036399;20,93500;0,05200;0,00500;0,0000468;;71,41;47,00;;;
Filename;02072026_PMMA_DE_6mm_q25_Al2O3_R2,csv;48;20,92300;0,06000;-0,008000;114,750;100,01;0,0299;0,000;101,012;33,800;0,005;319,250;321,050;28,40;843,917;263,196;0,000;567,000;589,700;555,600;308,950;;;;;0,00;0,00;0,00;3,00;3,80;15,208;27,672;0,58;0,57;999998,00;999998,00;999998,00;999998,00;999998,00;999998,00;999998,00;999998,00;999998,00;999998,00;999998,00;999998,00;999998,00;999998,00;999998,00;;;;;;;;;;;;;;;;;0,4351;;;0,00000000;0,00000000;-0,00008;Infinity;0,0654;26,199459;-0,000037;23,682279;23,815805;0,0000;-0,0008;0,00;0,02;0,00;0,00;0,11;;1,359;1,324;0,0043538;20,93400;0,05200;0,00900;0,0000566;;71,41;48,00;;;
Report name;;49;20,92500;0,06000;0,013000;118,225;100,00;0,0299;0,000;101,012;33,800;0,005;319,350;321,050;28,40;843,850;263,196;0,000;566,900;589,700;555,500;308,950;;;;;0,00;0,00;0,00;3,00;3,80;15,223;27,667;0,58;0,57;999998,00;999998,00;999998,00;999998,00;999998,00;999998,00;999998,00;999998,00;999998,00;999998,00;999998,00;999998,00;999998,00;999998,00;999998,00;;;;;;;;;;;;;;;;;0,0000;;;-0,00082397;-0,00082397;0,00414;-1,99060;0,0654;26,589038;-0,000002;24,041957;24,169940;0,0000;0,0000;0,00;0,02;0,00;0,00;0,05;;1,336;1,277;0,0000000;20,93600;0,05200;0,02700;-0,0002922;;71,41;49,00;;;
;;50;20,92400;0,05800;0,018000;122,425;100,02;0,0299;0,000;101,010;33,800;0,005;319,350;321,050;28,40;843,850;263,196;0,000;566,900;589,600;555,600;308,950;;;;;0,00;0,00;0,00;3,00;3,80;15,225;27,656;0,58;0,57;999998,00;999998,00;999998,00;999998,00;999998,00;999998,00;999998,00;999998,00;999998,00;999998,00;999998,00;999998,00;999998,00;999998,00;999998,00;;;;;;;;;;;;;;;;;0,0000;;;0,00576782;0,00576782;0,00182;0,36112;0,0654;27,057211;-0,000142;24,465282;24,595518;0,0000;-0,0031;0,00;0,02;0,00;0,00;0,05;;1,309;1,277;0,0000000;20,93600;0,05300;0,01700;-0,0001782;;71,41;50,00;;;
Pre-test conditions;;51;20,92600;0,05600;0,020000;122,425;100,02;0,0200;0,000;101,010;33,800;0,005;319,350;321,050;28,40;843,917;263,196;0,000;567,000;589,700;555,600;308,950;;;;;0,00;0,00;0,00;3,00;3,80;15,255;27,680;0,58;0,57;999998,00;999998,00;999998,00;999998,00;999998,00;999998,00;999998,00;999998,00;999998,00;999998,00;999998,00;999998,00;999998,00;999998,00;999998,00;;;;;;;;;;;;;;;;;0,0000;;;0,00576782;0,00576782;0,00278;0,36112;0,0654;27,057211;-0,000142;24,465282;24,595518;0,0000;-0,0031;0,00;0,02;0,00;0,00;0,08;;1,283;1,227;0,0000000;20,93500;0,05300;0,02100;-0,0001684;;71,40;51,00;;;
Ambient temperature (°C);28,5;52;20,92900;0,05400;0,010000;118,400;100,01;0,0200;0,000;101,012;33,800;0,005;319,350;321,050;28,40;843,817;263,196;0,000;566,800;589,700;555,500;308,950;;;;;0,00;0,00;0,00;3,00;3,80;15,233;27,683;0,58;0,57;999998,00;999998,00;999998,00;999998,00;999998,00;999998,00;999998,00;999998,00;999998,00;999998,00;999998,00;999998,00;999998,00;999998,00;999998,00;;;;;;;;;;;;;;;;;0,9217;;;-0,00082397;-0,00082397;-0,00056;-2,97987;0,0664;26,608710;-0,000090;24,059744;24,187822;0,0000;-0,0019;0,00;0,02;0,00;0,00;0,14;;1,267;1,227;0,0092221;20,93300;0,05400;0,00700;0,0001170;;71,40;52,00;;;
Barometric pressure (Pa);101006;53;20,93000;0,05300;-0,003000;116,875;100,01;0,0200;0,000;101,006;33,800;0,005;319,350;321,150;28,40;843,783;263,196;0,000;566,600;589,700;555,600;309,050;;;;;0,00;0,00;0,00;3,00;3,80;15,246;27,653;0,58;0,57;999998,00;999998,00;999998,00;999998,00;999998,00;999998,00;999998,00;999998,00;999998,00;999998,00;999998,00;999998,00;999998,00;999998,00;999998,00;;;;;;;;;;;;;;;;;1,7918;;;0,00000000;0,00000000;-0,00148;Infinity;0,0682;26,436794;-0,000090;23,904297;24,039032;0,0000;-0,0019;0,00;0,02;0,00;0,00;0,17;;1,269;1,215;0,0179291;20,93200;0,05400;0,00300;0,0002280;;71,40;53,00;;;
Relative hunidity (%);34,0;54;20,93300;0,05200;-0,004000;119,100;100,00;0,0200;0,000;101,012;33,800;0,005;319,350;321,050;28,40;843,750;263,196;0,000;566,500;589,700;555,600;309,050;;;;;0,00;0,00;0,00;3,00;3,80;15,233;27,688;0,58;0,57;999998,00;999998,00;999998,00;999998,00;999998,00;999998,00;999998,00;999998,00;999998,00;999998,00;999998,00;999998,00;999998,00;999998,00;999998,00;;;;;;;;;;;;;;;;;2,7704;;;0,00000000;0,00000000;-0,00574;Infinity;0,0709;26,687252;0,000015;24,130763;24,259219;0,0000;0,0003;0,00;0,02;-0,01;0,00;0,11;;1,288;1,215;0,0277207;20,93400;0,05300;-0,01500;0,0003476;;71,40;54,00;;;
;;55;20,93200;0,05100;-0,002000;118,775;100,01;0,0200;0,000;101,008;33,800;0,005;319,350;321,050;28,40;843,817;263,196;0,000;566,700;589,700;555,600;309,050;;;;;0,00;0,00;0,00;3,00;3,80;15,259;27,669;0,58;0,57;999998,00;999998,00;999998,00;999998,00;999998,00;999998,00;999998,00;999998,00;999998,00;999998,00;999998,00;999998,00;999998,00;999998,00;999998,00;;;;;;;;;;;;;;;;;0,9745;;;0,00000000;0,00000000;-0,00267;Infinity;0,0719;26,650815;-0,000037;24,097816;24,226097;0,0000;-0,0008;0,00;0,02;0,00;0,00;0,08;;1,298;1,221;0,0097513;20,93500;0,05300;-0,00200;0,0001227;;71,40;55,00;;;
Conditioning;;56;20,93500;0,05100;0,000000;114,700;100,00;0,0200;0,000;101,010;33,800;0,005;319,350;321,050;28,40;843,817;263,196;0,000;566,700;589,700;555,600;309,050;;;;;0,00;0,00;0,00;3,00;3,81;15,267;27,653;0,58;0,57;999998,00;999998,00;999998,00;999998,00;999998,00;999998,00;999998,00;999998,00;999998,00;999998,00;999998,00;999998,00;999998,00;999998,00;999998,00;;;;;;;;;;;;;;;;;0,4869;;;0,00000000;0,00000000;-0,00263;Infinity;0,0724;26,189649;0,000032;23,680828;23,806888;0,0000;0,0007;0,00;0,02;0,00;0,00;0,05;;1,288;1,221;0,0048716;20,93600;0,05300;-0,00200;0,0000623;;71,40;56,00;;;
Conditionet ? (Y/N);N;57;20,93500;0,05200;0,008000;116,625;100,00;0,0200;0,000;101,010;33,800;0,005;319,350;321,050;28,40;843,883;263,196;0,000;566,900;589,700;555,600;309,050;;;;;0,00;0,00;0,00;3,00;3,81;15,238;27,669;0,58;0,57;999998,00;999998,00;999998,00;999998,00;999998,00;999998,00;999998,00;999998,00;999998,00;999998,00;999998,00;999998,00;999998,00;999998,00;999998,00;;;;;;;;;;;;;;;;;0,0000;;;0,00000000;0,00000000;0,00178;Infinity;0,0724;26,408505;0,000015;23,878718;24,005832;0,0000;0,0003;0,00;0,02;0,00;0,00;0,08;;1,270;1,195;0,0000000;20,93500;0,05200;0,01700;-0,0001051;;71,40;57,00;;;
Conditioning temperature (°C);;58;20,93500;0,05200;0,005000;117,275;100,00;0,0200;0,000;101,012;33,800;0,005;319,350;321,050;28,40;843,917;263,196;0,000;566,900;589,700;555,700;309,050;;;;;0,00;0,00;0,00;3,00;3,81;15,265;27,675;0,58;0,57;999998,00;999998,00;999998,00;999998,00;999998,00;999998,00;999998,00;999998,00;999998,00;999998,00;999998,00;999998,00;999998,00;999998,00;999998,00;;;;;;;;;;;;;;;;;0,0000;;;0,00000000;0,00000000;-0,00102;Infinity;0,0724;26,481995;-0,000003;23,945168;24,072636;0,0000;-0,0001;0,00;0,02;0,00;0,00;0,02;;1,248;1,195;0,0000000;20,93700;0,05200;0,00500;-0,0000741;;71,40;58,00;;;
Conditioning RH (%);;59;20,93500;0,05200;0,009000;112,025;100,00;0,0200;0,000;101,012;33,800;0,005;319,350;321,050;28,40;843,950;263,196;0,000;567,000;589,700;555,700;309,050;;;;;0,00;0,00;0,00;3,00;3,81;15,248;27,688;0,58;0,57;999998,00;999998,00;999998,00;999998,00;999998,00;999998,00;999998,00;999998,00;999998,00;999998,00;999998,00;999998,00;999998,00;999998,00;999998,00;;;;;;;;;;;;;;;;;0,0000;;;0,00000000;0,00000000;0,00585;Infinity;0,0724;25,882454;0,000032;23,403060;23,527642;0,0000;0,0007;0,00;0,02;0,01;0,00;0,05;;1,227;1,155;0,0000000;20,93600;0,05100;0,03500;-0,0003808;;71,40;59,00;;;
;;60;20,93400;0,05300;0,027000;120,300;100,01;0,0200;0,000;101,008;33,800;0,005;319,350;321,150;28,40;843,917;263,196;0,000;566,900;589,700;555,700;309,050;;;;;0,00;0,00;0,00;3,00;3,81;15,282;27,680;0,58;0,57;999998,00;999998,00;999998,00;999998,00;999998,00;999998,00;999998,00;999998,00;999998,00;999998,00;999998,00;999998,00;999998,00;999998,00;999998,00;;;;;;;;;;;;;;;;;0,0000;;;-0,00083415;-0,00083415;0,00133;-0,99995;0,0724;26,821360;-0,000072;24,252024;24,388719;0,0000;-0,0015;0,00;0,02;0,00;0,00;0,02;;1,206;1,155;0,0000000;20,93700;0,05000;0,01500;-0,0001753;;71,40;60,00;;;
Data collected;;61;20,93600;0,05300;0,017000;119,750;99,99;0,0200;0,000;101,012;33,800;0,005;319,350;321,050;28,40;843,917;263,196;0,000;566,900;589,700;555,700;309,050;;;;;0,00;0,00;0,00;3,00;3,81;15,210;27,669;0,58;0,57;999998,00;999998,00;999998,00;999998,00;999998,00;999998,00;999998,00;999998,00;999998,00;999998,00;999998,00;999998,00;999998,00;999998,00;999998,00;;;;;;;;;;;;;;;;;0,0000;;;0,00583903;0,00583903;-0,00150;0,14252;0,0724;26,759978;0,000155;24,196521;24,325327;0,0000;0,0033;0,00;0,02;0,00;0,00;0,02;;1,187;1,117;0,0000000;20,93700;0,05000;0,00300;-0,0000234;;71,40;61,00;;;
CO/CO2 data collected?;Yes;62;20,93600;0,05400;0,021000;120,275;99,99;0,0100;0,000;101,012;33,800;0,005;319,350;320,950;28,40;843,917;263,196;0,000;566,900;589,700;555,700;309,050;;;;;0,00;0,00;0,00;3,00;3,81;15,252;27,659;0,58;0,57;999998,00;999998,00;999998,00;999998,00;999998,00;999998,00;999998,00;999998,00;999998,00;999998,00;999998,00;999998,00;999998,00;999998,00;999998,00;;;;;;;;;;;;;;;;;1,5131;;;0,00583903;0,00583903;-0,00434;0,14283;0,0739;26,818573;0,000120;24,249504;24,370998;0,0000;0,0026;0,00;0,03;0,00;0,00;0,05;;1,180;1,117;0,0151400;20,93600;0,05000;-0,00900;0,0001888;;71,39;62,00;;;
Mass data collected?;Yes;63;20,93500;0,05400;0,007000;118,275;100,01;0,0100;0,000;101,008;33,800;0,005;319,250;320,850;28,40;843,883;263,196;0,000;566,800;589,700;555,700;309,050;;;;;0,00;0,00;0,00;3,00;3,81;15,267;27,669;0,58;0,57;999998,00;999998,00;999998,00;999998,00;999998,00;999998,00;999998,00;999998,00;999998,00;999998,00;999998,00;999998,00;999998,00;999998,00;999998,00;;;;;;;;;;;;;;;;;1,6763;;;-0,00083415;-0,00083415;-0,00361;-0,99165;0,0756;26,598826;-0,000038;24,043276;24,163775;0,0000;-0,0008;0,00;0,03;0,00;0,00;0,08;;1,186;1,108;0,0167735;20,93500;0,05000;-0,00600;0,0002113;;71,39;63,00;;;
Smoke data collected;Yes;64;20,93300;0,05300;0,003000;118,075;100,00;0,0100;0,000;101,008;33,800;0,005;319,250;320,950;28,40;843,917;263,196;0,000;566,900;589,700;555,700;309,050;;;;;0,00;0,00;0,00;3,00;3,82;15,219;27,675;0,58;0,57;999998,00;999998,00;999998,00;999998,00;999998,00;999998,00;999998,00;999998,00;999998,00;999998,00;999998,00;999998,00;999998,00;999998,00;999998,00;;;;;;;;;;;;;;;;;0,0000;;;0,00000000;0,00000000;0,00038;Infinity;0,0756;26,576327;0,000068;24,022938;24,150860;0,0000;0,0014;0,00;0,03;0,00;0,00;0,02;;1,181;1,108;0,0000000;20,93700;0,05000;0,01100;-0,0001247;;71,39;64,00;;;
Soot mass data colelcted;;65;20,93200;0,05300;-0,015000;114,600;99,99;0,0100;0,000;101,008;33,800;0,005;319,350;320,950;28,40;843,917;263,196;0,000;566,900;589,700;555,700;309,050;;;;;0,00;0,00;0,00;3,00;3,82;15,236;27,683;0,58;0,57;999998,00;999998,00;999998,00;999998,00;999998,00;999998,00;999998,00;999998,00;999998,00;999998,00;999998,00;999998,00;999998,00;999998,00;999998,00;;;;;;;;;;;;;;;;;0,0134;;;0,00000000;0,00000000;-0,00170;Infinity;0,0756;26,178230;0,000155;23,670502;23,789095;0,0000;0,0032;0,00;0,03;0,00;0,00;0,02;;1,163;1,100;0,0001338;20,93700;0,04900;0,00200;0,0000019;;71,39;65,00;;;
Soot mass ratio (1:x);;66;20,93400;0,05300;-0,002000;118,825;99,99;0,0100;0,000;101,008;33,700;0,005;319,350;320,950;28,40;843,883;263,196;0,000;566,800;589,700;555,700;309,050;;;;;0,00;0,00;0,00;3,00;3,82;15,215;27,683;0,58;0,57;999998,00;999998,00;999998,00;999998,00;999998,00;999998,00;999998,00;999998,00;999998,00;999998,00;999998,00;999998,00;999998,00;999998,00;999998,00;;;;;;;;;;;;;;;;;0,0000;;;0,00000000;0,00000000;-0,00150;Infinity;0,0756;26,656424;0,000120;24,102888;24,223647;0,0000;0,0025;0,00;0,03;0,00;0,00;0,02;;1,145;1,100;0,0000000;20,93700;0,05000;0,00300;-0,0000234;;71,39;66,00;;;
Soot mass (g);;67;20,93500;0,05200;-0,002000;118,050;100,00;0,0100;0,000;101,012;33,800;0,005;319,350;320,950;28,40;843,950;263,196;0,000;566,900;589,700;555,800;309,050;;;;;0,00;0,00;0,00;3,00;3,82;15,273;27,675;0,58;0,57;999998,00;999998,00;999998,00;999998,00;999998,00;999998,00;999998,00;999998,00;999998,00;999998,00;999998,00;999998,00;999998,00;999998,00;999998,00;;;;;;;;;;;;;;;;;0,0000;;;-0,00083415;-0,00083415;0,00179;-0,99055;0,0756;26,569352;0,000050;24,024157;24,144522;0,0000;0,0011;0,00;0,03;0,00;0,00;0,02;;1,128;1,067;0,0000000;20,93700;0,05000;0,01700;-0,0002007;;71,39;67,00;;;
;;68;20,93600;0,05200;0,017000;122,000;100,00;0,0100;0,000;101,004;33,700;0,005;319,350;321,050;28,40;843,850;263,196;0,000;566,700;589,600;555,800;309,050;;;;;0,00;0,00;0,00;3,00;3,82;15,225;27,688;0,58;0,57;999998,00;999998,00;999998,00;999998,00;999998,00;999998,00;999998,00;999998,00;999998,00;999998,00;999998,00;999998,00;999998,00;999998,00;999998,00;;;;;;;;;;;;;;;;;0,0000;;;0,00583903;0,00583903;0,00396;0,14386;0,0756;27,010205;0,000050;24,422779;24,552789;0,0000;0,0011;0,00;0,04;0,00;0,00;0,05;;1,112;1,067;0,0000000;20,93600;0,05000;0,02600;-0,0002542;;71,39;68,00;;;
Comments;;69;20,93500;0,05100;0,005000;121,075;99,99;0,0000;0,000;101,000;33,800;0,005;319,350;321,050;28,40;843,850;263,196;0,000;566,600;589,700;555,800;309,050;;;;;0,00;0,00;0,00;3,00;3,82;15,273;27,683;0,58;0,57;999998,00;999998,00;999998,00;999998,00;999998,00;999998,00;999998,00;999998,00;999998,00;999998,00;999998,00;999998,00;999998,00;999998,00;999998,00;;;;;;;;;;;;;;;;;0,0000;;;0,00583903;0,00583903;0,00134;0,07283;0,0756;26,907616;0,000102;24,330017;24,459533;0,0000;0,0022;0,00;0,04;0,00;0,00;0,02;;1,096;1,036;0,0000000;20,93700;0,04900;0,01500;-0,0001627;;71,38;69,00;;;
Pre-test comments;;70;20,93700;0,05000;0,035000;115,050;99,99;0,0000;0,000;101,008;33,800;0,005;319,350;321,050;28,40;843,783;263,196;0,000;566,500;589,600;555,800;309,050;;;;;0,00;0,00;0,00;3,00;3,82;15,238;27,677;0,58;0,57;999998,00;999998,00;999998,00;999998,00;999998,00;999998,00;999998,00;999998,00;999998,00;999998,00;999998,00;999998,00;999998,00;999998,00;999998,00;;;;;;;;;;;;;;;;;0,0000;;;-0,00083415;-0,00083415;0,00269;-0,01603;0,0756;26,229577;0,000102;23,716930;23,843183;0,0000;0,0021;0,00;0,04;0,00;0,00;-0,04;;1,080;1,036;0,0000000;20,93900;0,04800;0,02100;-0,0003469;;71,38;70,00;;;
After test comments;;71;20,93600;0,05000;0,015000;118,725;100,00;0,0000;0,000;101,000;33,800;0,005;319,350;320,950;28,40;843,817;263,196;0,000;566,500;589,700;555,800;309,050;;;;;0,00;0,00;0,00;3,00;3,83;15,252;27,669;0,58;0,57;999998,00;999998,00;999998,00;999998,00;999998,00;999998,00;999998,00;999998,00;999998,00;999998,00;999998,00;999998,00;999998,00;999998,00;999998,00;;;;;;;;;;;;;;;;;0,0000;;;-0,00083415;-0,00083415;0,00038;0,47226;0,0756;26,645204;0,000050;24,092743;24,213452;0,0000;0,0011;0,00;0,04;0,00;0,00;-0,10;;1,065;1,007;0,0000000;20,94100;0,04700;0,01100;-0,0003284;;71,38;71,00;;;
;;72;20,93700;0,05000;0,003000;115,975;99,99;0,0000;0,000;101,008;33,800;0,005;319,350;321,050;28,40;843,783;263,196;0,000;566,400;589,700;555,800;309,050;;;;;0,00;0,00;0,00;3,00;3,83;15,246;27,693;0,58;0,57;999998,00;999998,00;999998,00;999998,00;999998,00;999998,00;999998,00;999998,00;999998,00;999998,00;999998,00;999998,00;999998,00;999998,00;999998,00;;;;;;;;;;;;;;;;;0,0000;;;0,00583903;0,00583903;0,00015;-0,06668;0,0756;26,334809;0,000120;23,812082;23,938841;0,0000;0,0025;0,00;0,04;0,00;0,00;-0,07;;1,050;1,007;0,0000000;20,94000;0,04700;0,01000;-0,0002553;;71,38;72,00;;;
Events;;73;20,93700;0,05000;-0,009000;116,975;100,00;-0,0100;0,000;101,008;33,700;0,005;319,350;321,050;28,40;843,783;263,196;0,000;566,300;589,700;555,900;309,050;;;;;0,00;0,00;0,00;3,00;3,83;15,233;27,680;0,58;0,57;999998,00;999998,00;999998,00;999998,00;999998,00;999998,00;999998,00;999998,00;999998,00;999998,00;999998,00;999998,00;999998,00;999998,00;999998,00;;;;;;;;;;;;;;;;;0,0000;;;0,00583903;0,00583903;-0,00242;-0,06697;0,0756;26,448102;0,000067;23,914522;24,041826;0,0000;0,0014;0,00;0,04;0,00;0,00;-0,10;;1,035;0,980;0,0000000;20,94100;0,04700;-0,00100;-0,0001765;;71,37;73,00;;;
Number of events;;74;20,93600;0,05000;-0,006000;116,200;99,99;-0,0100;0,000;101,008;33,700;0,005;319,350;321,050;28,40;843,783;263,196;0,000;566,400;589,700;555,800;309,050;;;;;0,00;0,00;0,00;3,00;3,83;15,238;27,704;0,58;0,57;999998,00;999998,00;999998,00;999998,00;999998,00;999998,00;999998,00;999998,00;999998,00;999998,00;999998,00;999998,00;999998,00;999998,00;999998,00;;;;;;;;;;;;;;;;;0,0000;;;-0,00083415;-0,00083415;-0,00148;1,43386;0,0756;26,360342;0,000154;23,835169;23,962051;0,0000;0,0032;0,00;0,05;0,00;0,00;-0,13;;1,021;0,980;0,0000000;20,94200;0,04500;0,00300;-0,0002622;;71,37;74,00;;;
Event1;;75;20,93500;0,04900;0,011000;118,750;100,00;-0,0100;0,000;101,008;33,700;0,005;319,450;321,150;28,40;843,917;263,196;0,000;566,600;589,800;555,900;309,050;;;;;0,00;0,00;0,00;3,00;3,83;15,236;27,685;0,58;0,57;999998,00;999998,00;999998,00;999998,00;999998,00;999998,00;999998,00;999998,00;999998,00;999998,00;999998,00;999998,00;999998,00;999998,00;999998,00;;;;;;;;;;;;;;;;;0,0000;;;0,00000000;0,00000000;-0,00314;-Infinity;0,0756;26,643840;0,000014;24,099053;24,227299;0,0000;0,0003;0,00;0,05;0,00;0,00;-0,13;;1,008;0,953;0,0000000;20,94200;0,04600;-0,00400;-0,0001863;;71,37;75,00;;;
Event2;;76;20,93700;0,05000;0,002000;120,225;99,99;-0,0100;0,000;101,012;33,700;0,005;319,350;321,050;28,40;843,917;263,196;0,000;566,600;589,800;555,900;309,050;;;;;0,00;0,00;0,00;3,00;3,83;15,210;27,669;0,58;0,57;999998,00;999998,00;999998,00;999998,00;999998,00;999998,00;999998,00;999998,00;999998,00;999998,00;999998,00;999998,00;999998,00;999998,00;999998,00;;;;;;;;;;;;;;;;;0,0000;;;-0,00083415;-0,00083415;-0,00245;0,96686;0,0756;26,812998;0,000172;24,244463;24,373524;0,0000;0,0037;0,00;0,05;0,00;0,00;-0,13;;0,995;0,953;0,0000000;20,94200;0,04600;-0,00100;-0,0002243;;71,37;76,00;;;
Event3;;77;20,93700;0,05000;0,003000;118,525;99,99;-0,0100;0,000;101,012;33,700;0,005;319,350;320,950;28,40;843,983;263,196;0,000;566,800;589,800;555,900;309,050;;;;;0,00;0,00;0,00;3,00;3,83;15,254;27,685;0,58;0,57;999998,00;999998,00;999998,00;999998,00;999998,00;999998,00;999998,00;999998,00;999998,00;999998,00;999998,00;999998,00;999998,00;999998,00;999998,00;;;;;;;;;;;;;;;;;0,0000;;;0,00500488;0,00500488;-0,00126;-0,07864;0,0756;26,622752;0,000154;24,072442;24,193049;0,0000;0,0033;0,00;0,06;0,00;0,00;-0,10;;0,982;0,929;0,0000000;20,94100;0,04700;0,00400;-0,0002398;;71,37;77,00;;;
Event4;;78;20,93700;0,05000;0,017000;118,850;100,00;-0,0200;0,000;101,016;33,700;0,005;319,350;320,950;28,40;843,983;263,196;0,000;566,800;589,800;555,900;309,050;;;;;0,00;0,00;0,00;3,00;3,83;15,269;27,680;0,58;0,57;999998,00;999998,00;999998,00;999998,00;999998,00;999998,00;999998,00;999998,00;999998,00;999998,00;999998,00;999998,00;999998,00;999998,00;999998,00;;;;;;;;;;;;;;;;;0,0157;;;0,01084391;0,01084391;-0,00244;0,15165;0,0756;26,659228;0,000032;24,105423;24,226195;0,0000;0,0007;0,00;0,06;0,00;0,00;0,02;;0,969;0,929;0,0001567;20,93700;0,05200;-0,00100;0,0000019;;71,36;78,00;;;
Event5;;79;20,93700;0,04900;0,026000;121,300;99,99;-0,0300;0,000;101,012;33,700;0,005;319,350;320,950;28,40;844,017;263,196;0,000;566,800;589,800;556,000;309,050;;;;;0,00;0,00;0,00;3,00;3,84;15,275;27,693;0,58;0,57;999998,00;999998,00;999998,00;999998,00;999998,00;999998,00;999998,00;999998,00;999998,00;999998,00;999998,00;999998,00;999998,00;999998,00;999998,00;;;;;;;;;;;;;;;;;4,0482;;;0,01084391;0,01084391;0,00039;0,72300;0,0797;26,932606;0,000102;24,352613;24,474624;0,0000;0,0022;0,00;0,06;0,00;0,01;0,44;;0,983;0,956;0,0405059;20,92300;0,06700;0,01100;0,0005061;;71,35;79,00;;;
Event6;;80;20,93600;0,04800;0,015000;117,775;99,99;-0,0400;0,000;101,012;33,700;0,005;319,350;320,950;28,40;844,117;263,196;0,000;567,200;589,700;556,000;309,050;;;;;0,00;0,00;0,00;3,00;3,84;15,233;27,691;0,58;0,57;999998,00;999998,00;999998,00;999998,00;999998,00;999998,00;999998,00;999998,00;999998,00;999998,00;999998,00;999998,00;999998,00;999998,00;999998,00;;;;;;;;;;;;;;;;;9,5482;;;0,00333659;0,00333659;0,00366;4,86994;0,0892;26,538388;0,000136;23,996159;24,116384;0,0000;0,0029;0,00;0,06;0,00;0,02;0,99;;1,055;0,956;0,0955397;20,90400;0,08800;0,02500;0,0012115;;71,34;80,00;;;
Event7;;81;20,93700;0,04700;0,021000;118,175;99,98;-0,0400;0,000;101,016;33,700;0,005;319,450;321,150;28,40;844,250;263,196;0,000;567,500;589,800;556,000;309,050;;;;;0,00;0,00;0,00;3,00;3,84;15,290;27,685;0,58;0,57;999998,00;999998,00;999998,00;999998,00;999998,00;999998,00;999998,00;999998,00;999998,00;999998,00;999998,00;999998,00;999998,00;999998,00;999998,00;;;;;;;;;;;;;;;;;23,9134;0,00000;0,0000;0,00918579;0,00918579;-0,00032;3,36481;0,1131;26,579254;0,000189;24,040636;24,168572;0,0000;0,0040;0,00;0,07;0,00;0,03;1,99;;1,249;1,278;0,2392777;20,87000;0,12400;0,00800;0,0030253;;71,34;81,00;;;
Event8;;82;20,93900;0,04700;0,011000;113,150;99,99;-0,0601;0,000;101,012;33,700;0,005;319,550;321,350;28,40;844,383;263,196;0,000;567,900;589,800;556,000;309,050;;;;;0,00;0,00;0,00;3,00;3,84;15,227;27,691;0,58;0,57;999998,00;999998,00;999998,00;999998,00;999998,00;999998,00;999998,00;999998,00;999998,00;999998,00;999998,00;999998,00;999998,00;999998,00;999998,00;;;;;;;;;;;;;;;;;42,1955;19,53164;1,1413;0,02161662;0,02161662;-0,00123;2,15324;0,1553;26,003950;0,000119;23,527642;23,660172;0,0000;0,0025;0,00;0,07;0,00;0,05;3,32;;1,637;1,278;0,4222080;20,82200;0,16500;0,00400;0,0054568;;71,32;82,00;;;
Event9;;83;20,94100;0,04700;0,010000;118,500;99,99;-0,0800;0,000;101,012;33,700;0,005;319,750;322,050;28,40;844,350;263,196;0,000;567,800;589,800;556,000;309,050;;;;;0,00;0,00;0,00;3,00;3,84;15,267;27,685;0,58;0,57;999998,00;999998,00;999998,00;999998,00;999998,00;999998,00;999998,00;999998,00;999998,00;999998,00;999998,00;999998,00;999998,00;999998,00;999998,00;;;;;;;;;;;;;;;;;68,1717;0,00000;1,3207;0,01911418;0,01911418;-0,00454;3,76850;0,2235;26,603289;0,000119;24,084973;24,258219;0,0000;0,0025;0,00;0,07;0,00;0,07;5,22;;2,282;2,357;0,6821264;20,76000;0,22500;-0,01000;0,0086189;;71,30;83,00;;;
;;84;20,94000;0,04500;-0,001000;112,525;100,00;-0,1000;0,000;101,008;33,700;0,005;320,250;322,950;28,40;844,517;263,196;0,000;568,300;589,800;556,000;309,050;;;;;0,00;0,00;0,00;3,00;3,84;15,233;27,707;0,58;0,57;999998,00;999998,00;999998,00;999998,00;999998,00;999998,00;999998,00;999998,00;999998,00;999998,00;999998,00;999998,00;999998,00;999998,00;999998,00;;;;;;;;;;;;;;;;;93,7776;40,14032;0,4342;0,02337646;0,02337646;-0,00214;3,88166;0,3173;25,903675;0,000049;23,488257;23,686285;0,0000;0,0010;0,00;0,07;0,00;0,09;7,15;;3,219;2,357;0,9383387;20,68800;0,27700;0,00000;0,0121822;;71,28;84,00;;;
;;85;20,94100;0,04600;0,003000;109,950;99,89;-0,1300;0,000;101,008;33,700;0,005;320,850;324,350;28,40;844,617;263,196;0,000;568,600;589,800;556,000;309,050;;;;;0,00;0,00;0,00;3,00;3,84;15,282;27,688;0,58;0,57;999998,00;999998,00;999998,00;999998,00;999998,00;999998,00;999998,00;999998,00;999998,00;999998,00;999998,00;999998,00;999998,00;999998,00;999998,00;;;;;;;;;;;;;;;;;119,6707;29,34721;5,7216;0,04080200;0,04080200;-0,00414;2,82917;0,4369;25,581619;0,001133;23,239691;23,493201;0,0002;0,0233;0,00;0,09;0,00;0,12;9,06;;4,436;4,511;1,1974247;20,61700;0,34300;-0,00900;0,0157467;;71,25;85,00;;;
;;86;20,94200;0,04600;-0,004000;112,350;99,14;-0,1799;0,000;101,016;33,700;0,000;321,750;326,350;28,40;844,750;263,196;0,000;568,900;589,800;556,100;309,050;;;;;0,00;0,00;0,00;3,00;3,84;15,240;27,683;0,58;0,57;999998,00;999998,00;999998,00;999998,00;999998,00;999998,00;999998,00;999998,00;999998,00;999998,00;999998,00;999998,00;999998,00;999998,00;999998,00;;;;;;;;;;;;;;;;;148,2504;29,67511;36,0654;0,04998779;0,04998779;-0,00282;2,75778;0,5852;25,823120;0,008613;23,524886;23,861217;0,0018;0,1802;0,00;0,27;0,00;0,14;11,20;;5,943;4,511;1,4833931;20,54500;0,39700;-0,00300;0,0193329;;71,20;86,00;;;
;;87;20,94200;0,04700;-0,001000;107,375;97,94;-0,2300;0,000;101,012;33,700;0,000;322,950;328,850;28,40;844,817;263,196;0,000;569,100;589,800;556,100;309,050;;;;;0,00;0,00;0,00;3,00;3,85;15,297;27,675;0,58;0,56;999998,00;999998,00;999998,00;999998,00;999998,00;999998,00;999998,00;999998,00;999998,00;999998,00;999998,00;999998,00;999998,00;999998,00;999998,00;;;;;;;;;;;;;;;;;169,7705;29,11794;73,4891;0,05833944;0,05833944;-0,00119;2,74184;0,7550;25,197959;0,020832;23,040979;23,461917;0,0043;0,4285;0,01;0,70;0,00;0,16;12,91;;7,702;7,734;1,6987240;20,47400;0,46300;0,00400;0,0226972;;71,15;87,00;;;
;;88;20,94200;0,05200;0,004000;111,175;97,22;-0,2999;0,000;101,012;33,700;0,000;324,350;331,550;28,40;844,817;263,196;0,000;569,100;589,800;556,100;309,050;;;;;0,00;0,00;0,00;3,00;3,85;15,261;27,688;0,58;0,56;999998,00;999998,00;999998,00;999998,00;999998,00;999998,00;999998,00;999998,00;999998,00;999998,00;999998,00;999998,00;999998,00;999998,00;999998,00;;;;;;;;;;;;;;;;;191,7873;23,51629;72,8743;0,08160400;0,08160400;0,00127;2,22526;0,9467;25,584567;0,028227;23,495908;24,017476;0,0059;0,5943;0,01;1,30;0,00;0,18;14,66;;9,669;7,734;1,9190234;20,41900;0,51200;0,01500;0,0252609;;71,08;88,00;;;
;;89;20,94100;0,06700;-0,001000;111,650;96,99;-0,3899;0,000;101,008;33,700;0,000;325,750;334,350;28,40;844,983;263,196;0,000;569,600;589,800;556,100;309,050;;;;;0,00;0,00;0,00;3,00;3,85;15,269;27,699;0,58;0,56;999998,00;999998,00;999998,00;999998,00;999998,00;999998,00;999998,00;999998,00;999998,00;999998,00;999998,00;999998,00;999998,00;999998,00;999998,00;;;;;;;;;;;;;;;;;213,9281;23,55604;71,5034;0,09087118;0,09087118;0,00217;2,21795;1,1607;25,584008;0,030584;23,596809;24,219779;0,0065;0,6494;0,02;1,95;0,00;0,20;16,36;;11,839;11,872;2,1405646;20,35900;0,56300;0,01900;0,0281865;;70,99;89,00;;;
;;90;20,93700;0,08800;0,011000;105,775;96,49;-0,4800;0,000;101,012;33,700;0,000;327,350;337,350;28,40;845,417;263,196;0,000;570,800;589,800;556,200;309,050;;;;;0,00;0,00;0,00;3,00;3,85;15,290;27,699;0,58;0,55;999998,00;999998,00;999998,00;999998,00;999998,00;999998,00;999998,00;999998,00;999998,00;999998,00;999998,00;999998,00;999998,00;999998,00;999998,00;;;;;;;;;;;;;;;;;226,4163;23,83708;78,2491;0,09504191;0,09504191;0,00255;2,19899;1,3871;24,840869;0,035732;23,023927;23,727270;0,0074;0,7432;0,03;2,69;0,00;0,21;17,26;;14,154;11,872;2,2655215;20,30900;0,59800;0,02100;0,0307326;;70,90;90,00;;;
;;91;20,92300;0,12400;0,025000;104,700;96,77;-0,5800;0,000;101,012;33,800;0,005;329,050;340,950;28,40;845,683;263,196;0,000;571,600;589,800;556,200;309,050;;;;;0,00;0,00;0,00;3,00;3,85;15,254;27,691;0,58;0,55;999998,00;999998,00;999998,00;999998,00;999998,00;999998,00;999998,00;999998,00;999998,00;999998,00;999998,00;999998,00;999998,00;999998,00;999998,00;;;;;;;;;;;;;;;;;242,0869;24,43549;69,2588;0,09913127;0,09913127;0,00144;2,26333;1,6292;24,650392;0,032891;22,966033;23,796594;0,0069;0,6862;0,03;3,38;0,00;0,22;18,43;;16,573;16,622;2,4223215;20,26100;0,64300;0,01600;0,0331213;;70,80;91,00;;;
;;92;20,90400;0,16500;0,008000;109,775;96,90;-0,6799;0,000;101,016;33,800;0,005;331,050;344,450;28,40;845,783;263,196;0,000;571,800;589,900;556,200;309,050;;;;;0,00;0,00;0,00;3,00;3,85;15,236;27,688;0,58;0,55;999998,00;999998,00;999998,00;999998,00;999998,00;999998,00;999998,00;999998,00;999998,00;999998,00;999998,00;999998,00;999998,00;999998,00;999998,00;;;;;;;;;;;;;;;;;266,7694;27,15256;69,0241;0,09830729;0,09830729;0,00103;2,47091;1,8959;25,164387;0,031519;23,587408;24,542162;0,0068;0,6782;0,04;4,05;0,00;0,24;20,24;;19,158;16,622;2,6692950;20,21000;0,67900;0,01400;0,0357624;;70,70;92,00;;;
;;93;20,87000;0,22500;0,004000;111,425;96,73;-0,7999;0,000;101,014;33,800;0,000;332,950;347,750;28,40;846,017;263,196;0,000;572,500;589,900;556,200;309,050;;;;;0,00;0,00;0,00;3,00;3,85;15,267;27,691;0,58;0,55;999998,00;999998,00;999998,00;999998,00;999998,00;999998,00;999998,00;999998,00;999998,00;999998,00;999998,00;999998,00;999998,00;999998,00;999998,00;;;;;;;;;;;;;;;;;286,7434;13,99055;35,4419;0,20507813;0,20507813;-0,00254;1,26726;2,1827;25,280360;0,033288;23,832112;24,891476;0,0073;0,7264;0,05;4,78;0,00;0,26;21,64;;21,928;21,951;2,8691548;20,16300;0,72000;-0,00200;0,0382723;;70,58;93,00;;;
;;94;20,82200;0,27700;-0,010000;110,025;95,80;-1,0601;0,000;101,012;33,800;0,000;334,650;350,650;28,40;846,083;263,196;0,000;572,700;589,900;556,200;309,050;;;;;0,00;0,00;0,00;3,00;3,85;15,248;27,720;0,58;0,55;999998,00;999998,00;999998,00;999998,00;999998,00;999998,00;999998,00;999998,00;999998,00;999998,00;999998,00;999998,00;999998,00;999998,00;999998,00;;;;;;;;;;;;;;;;;297,8983;15,47922;48,6444;0,19256592;0,19256592;-0,00318;1,39345;2,4806;25,057153;0,042925;23,742302;24,877448;0,0094;0,9362;0,06;5,72;0,00;0,27;22,45;;24,805;21,951;2,9807704;20,12700;0,74800;-0,00500;0,0401228;;70,32;94,00;;;
;;95;20,76000;0,34300;0,000000;107,400;95,56;-1,1600;0,000;101,012;33,800;0,000;336,450;353,950;28,40;846,117;263,196;0,000;572,700;589,900;556,300;309,050;;;;;0,00;0,00;0,00;3,00;3,86;15,276;27,701;0,58;0,55;999998,00;999998,00;999998,00;999998,00;999998,00;999998,00;999998,00;999998,00;999998,00;999998,00;999998,00;999998,00;999998,00;999998,00;999998,00;;;;;;;;;;;;;;;;;306,4897;37,57133;120,8936;0,08162435;0,08162435;-0,00422;3,38276;2,7871;24,690127;0,045463;23,520369;24,743750;0,0099;0,9862;0,07;6,70;0,00;0,28;23,08;;27,724;27,733;3,0667355;20,09200;0,77900;-0,01000;0,0419010;;70,22;95,00;;;
;;96;20,68800;0,39700;-0,009000;108,725;95,84;-1,2500;0,000;101,012;33,800;0,000;338,350;357,150;28,40;846,250;263,196;0,000;573,100;589,900;556,300;309,050;;;;;0,00;0,00;0,00;3,00;3,86;15,261;27,691;0,58;0,55;999998,00;999998,00;999998,00;999998,00;999998,00;999998,00;999998,00;999998,00;999998,00;999998,00;999998,00;999998,00;999998,00;999998,00;999998,00;;;;;;;;;;;;;;;;;315,4136;43,55612;129,0057;0,07245890;0,07245890;-0,00139;3,93321;3,1025;24,772114;0,042539;23,731736;25,050361;0,0093;0,9342;0,08;7,64;0,00;0,28;23,84;;30,675;27,733;3,1560287;20,06700;0,80000;0,00300;0,0429843;;70,13;96,00;;;
Auswertung Test;;97;20,61700;0,46300;-0,003000;107,250;96,40;-1,3400;0,000;101,012;33,800;0,000;340,250;360,450;28,40;846,417;263,196;0,000;573,600;589,900;556,300;309,050;;;;;0,00;0,00;0,00;3,00;3,86;15,250;27,723;0,58;0,55;999998,00;999998,00;999998,00;999998,00;999998,00;999998,00;999998,00;999998,00;999998,00;999998,00;999998,00;999998,00;999998,00;999998,00;999998,00;;;;;;;;;;;;;;;;;322,6634;15,68477;39,1079;0,20584106;0,20584106;-0,00181;1,41324;3,4251;24,534716;0,036650;23,636297;25,039539;0,0081;0,8045;0,08;8,44;0,00;0,29;24,37;;33,648;33,648;3,2285702;20,03900;0,82300;0,00100;0,0444042;;70,04;97,00;;;
Software;Logger2025 / 19.09.2025 10:04;98;20,54500;0,51200;0,004000;107,325;96,24;-1,6300;0,000;101,004;33,800;0,000;341,950;363,350;28,40;846,583;263,196;0,000;574,100;589,900;556,300;309,050;;;;;0,00;0,00;0,00;3,00;3,86;15,257;27,701;0,58;0,55;999998,00;999998,00;999998,00;999998,00;999998,00;999998,00;999998,00;999998,00;999998,00;999998,00;999998,00;999998,00;999998,00;999998,00;999998,00;;;;;;;;;;;;;;;;;329,6946;15,64613;40,1695;0,21084595;0,21084595;0,00208;1,40697;3,7548;24,482208;0,038335;23,703554;25,186975;0,0085;0,8465;0,09;9,29;0,00;0,30;24,99;;36,633;33,648;3,2989240;20,01400;0,84000;0,01900;0,0454757;;69,75;98,00;;;
Auswertung Test;;99;20,47400;0,56300;0,015000;99,500;96,15;-1,7300;0,000;101,012;33,800;0,000;343,850;366,550;28,40;846,917;263,196;0,000;575,000;589,900;556,400;309,050;;;;;0,00;0,00;0,00;3,00;3,86;15,238;27,715;0,58;0,55;999998,00;999998,00;999998,00;999998,00;999998,00;999998,00;999998,00;999998,00;999998,00;999998,00;999998,00;999998,00;999998,00;999998,00;999998,00;;;;;;;;;;;;;;;;;326,3527;36,63665;94,3991;0,08913167;0,08913167;-0,00298;3,28056;4,0812;23,507610;0,039315;22,886415;24,397312;0,0084;0,8409;0,10;10,13;0,00;0,29;24,60;;39,576;39,524;3,2654856;19,99100;0,86100;-0,00500;0,0468858;;69,65;99,00;;;
Test start time   [s];60;100;20,41900;0,59800;0,019000;108,525;95,86;-1,8400;0,000;101,012;33,800;0,000;345,850;369,350;28,40;847,117;263,196;0,000;575,600;589,900;556,400;309,050;;;;;0,00;0,00;0,00;3,00;3,86;15,297;27,691;0,58;0,55;999998,00;999998,00;999998,00;999998,00;999998,00;999998,00;999998,00;999998,00;999998,00;999998,00;999998,00;999998,00;999998,00;999998,00;999998,00;;;;;;;;;;;;;;;;;344,5419;35,95011;99,1867;0,09589640;0,09589640;0,00186;3,24165;4,4257;24,479494;0,042356;23,971239;25,600050;0,0095;0,9506;0,11;11,08;0,00;0,31;26,13;;42,535;39,524;3,4474859;19,97200;0,87800;0,01800;0,0475390;;69,54;100,00;;;
Time to ignition  [s];81;101;20,35900;0,64300;0,021000;109,050;95,57;-1,9501;0,000;101,014;33,800;0,000;347,550;372,050;28,40;847,283;263,196;0,000;576,100;589,900;556,400;309,050;;;;;0,00;0,00;0,00;3,00;3,86;15,246;27,707;0,58;0,55;999998,00;999998,00;999998,00;999998,00;999998,00;999998,00;999998,00;999998,00;999998,00;999998,00;999998,00;999998,00;999998,00;999998,00;999998,00;;;;;;;;;;;;;;;;;353,9112;16,28011;47,1398;0,21751912;0,21751912;0,00078;1,45664;4,7796;24,478547;0,045332;24,088136;25,786192;0,0103;1,0248;0,12;12,10;0,00;0,32;26,78;;45,571;45,476;3,5412355;19,94800;0,89400;0,01300;0,0488398;;69,43;101,00;;;
Time to flame out [s];486;102;20,30900;0,67900;0,016000;106,350;94,76;-2,2400;0,000;101,012;33,800;0,000;349,350;374,450;28,40;847,283;263,196;0,000;576,100;589,900;556,400;309,050;;;;;0,00;0,00;0,00;3,00;3,87;15,299;27,696;0,58;0,54;999998,00;999998,00;999998,00;999998,00;999998,00;999998,00;999998,00;999998,00;999998,00;999998,00;999998,00;999998,00;999998,00;999998,00;999998,00;;;;;;;;;;;;;;;;;353,0915;17,97213;61,3988;0,19658407;0,19658407;0,00035;1,60449;5,1327;24,111254;0,053827;23,849585;25,563123;0,0121;1,2063;0,13;13,31;0,00;0,32;26,70;;48,590;45,476;3,5330340;19,93600;0,90300;0,01100;0,0494721;;69,14;102,00;;;
Time end of test  [s];537;103;20,26100;0,72000;0,014000;109,000;95,48;-2,3199;0,000;101,014;33,800;0,000;351,050;376,850;28,40;847,217;263,196;0,000;576,000;589,800;556,400;309,150;;;;;0,00;0,00;0,00;3,00;3,87;15,296;27,707;0,58;0,55;999998,00;999998,00;999998,00;999998,00;999998,00;999998,00;999998,00;999998,00;999998,00;999998,00;999998,00;999998,00;999998,00;999998,00;999998,00;;;;;;;;;;;;;;;;;358,8236;43,10045;126,6668;0,08330282;0,08330282;-0,00072;3,86429;5,4916;24,350629;0,046297;24,203571;25,982383;0,0106;1,0545;0,14;14,37;0,00;0,32;27,12;;51,574;51,513;3,5903891;19,93000;0,91200;0,00600;0,0497821;;69,06;103,00;;;
Masses;;104;20,21000;0,74800;-0,002000;101,050;95,55;-2,4399;0,000;101,014;33,800;0,000;352,750;379,250;28,40;847,317;263,196;0,000;576,300;589,800;556,400;309,050;;;;;0,00;0,00;0,00;3,00;3,87;15,299;27,707;0,58;0,55;999998,00;999998,00;999998,00;999998,00;999998,00;999998,00;999998,00;999998,00;999998,00;999998,00;999998,00;999998,00;999998,00;999998,00;999998,00;;;;;;;;;;;;;;;;;348,2715;29,02400;83,5073;0,12006632;0,12006632;-0,00090;2,59612;5,8398;23,389239;0,045510;23,360567;25,115507;0,0100;1,0020;0,15;15,37;0,00;0,31;26,31;;54,478;51,513;3,4848051;19,92000;0,91900;0,00500;0,0503069;;68,94;104,00;;;
Mass sust.flaming [g];71,34;105;20,16300;0,77900;-0,005000;104,825;95,63;-2,5500;0,000;101,014;33,800;0,000;354,650;381,750;28,40;847,417;263,196;0,000;576,700;589,700;556,400;309,050;;;;;0,00;0,00;0,00;3,00;3,87;15,255;27,693;0,58;0,55;999998,00;999998,00;999998,00;999998,00;999998,00;999998,00;999998,00;999998,00;999998,00;999998,00;999998,00;999998,00;999998,00;999998,00;999998,00;;;;;;;;;;;;;;;;;358,2807;44,32900;124,4714;0,08087158;0,08087158;-0,00301;3,94217;6,1981;23,758220;0,044687;23,856906;25,679893;0,0101;1,0060;0,16;16,37;0,00;0,32;26,99;;57,324;57,361;3,5849564;19,91000;0,92500;-0,00500;0,0509515;;68,83;105,00;;;
Mass remaining    [g];0,13;106;20,12700;0,80000;-0,010000;105,225;95,43;-2,6400;0,000;101,014;33,800;0,000;355,950;383,250;28,40;847,517;263,196;0,000;577,000;589,700;556,400;309,150;;;;;0,00;0,00;0,00;3,00;3,87;15,267;27,709;0,58;0,55;999998,00;999998,00;999998,00;999998,00;999998,00;999998,00;999998,00;999998,00;999998,00;999998,00;999998,00;999998,00;999998,00;999998,00;999998,00;;;;;;;;;;;;;;;;;359,4587;16,79369;49,3690;0,21417236;0,21417236;0,00013;1,49887;6,5576;23,759998;0,046751;23,946148;25,782726;0,0106;1,0567;0,17;17,43;0,00;0,32;27,18;;60,168;57,361;3,5967437;19,90300;0,93100;0,01000;0,0511174;;68,74;106,00;;;
Mass loss test    [g];71,21;107;20,09200;0,82300;0,003000;105,800;95,66;-2,9501;0,000;101,014;33,800;0,000;357,350;384,950;28,40;847,717;263,196;0,000;577,700;589,600;556,400;309,150;;;;;0,00;0,00;0,00;3,00;3,87;15,307;27,712;0,58;0,55;999998,00;999998,00;999998,00;999998,00;999998,00;999998,00;999998,00;999998,00;999998,00;999998,00;999998,00;999998,00;999998,00;999998,00;999998,00;;;;;;;;;;;;;;;;;362,2413;15,47565;43,0564;0,23421224;0,23421224;-0,00092;1,37945;6,9198;23,778113;0,044358;24,058660;25,916836;0,0101;1,0078;0,18;18,44;0,00;0,32;27,35;;62,978;63,023;3,6245864;19,89700;0,93600;0,00500;0,0514753;;68,43;107,00;;;
Mass loss rate test [g/s];0,15;108;20,06700;0,84000;0,001000;101,425;94,16;-3,0701;0,000;101,018;33,800;0,000;358,750;386,550;28,40;847,583;263,196;0,000;577,300;589,600;556,400;309,150;;;;;0,00;0,00;0,00;3,00;3,87;15,269;27,693;0,58;0,54;999998,00;999998,00;999998,00;999998,00;999998,00;999998,00;999998,00;999998,00;999998,00;999998,00;999998,00;999998,00;999998,00;999998,00;999998,00;;;;;;;;;;;;;;;;;355,1935;36,17508;136,6075;0,09824626;0,09824626;0,00095;3,23525;7,2750;23,235819;0,060163;23,602074;25,431029;0,0134;1,3413;0,20;19,78;0,00;0,32;26,88;;65,717;63,023;3,5540660;19,89100;0,94200;0,01400;0,0516536;;68,31;108,00;;;
Mass loss rate 10/90 [g/s];0,21;109;20,03900;0,86100;0,019000;105,675;93,82;-3,1799;0,000;101,014;33,800;0,000;359,950;387,650;28,40;847,650;263,196;0,000;577,600;589,500;556,400;309,150;;;;;0,00;0,00;0,00;3,00;3,87;15,269;27,736;0,58;0,54;999998,00;999998,00;999998,00;999998,00;999998,00;999998,00;999998,00;999998,00;999998,00;999998,00;999998,00;999998,00;999998,00;999998,00;999998,00;;;;;;;;;;;;;;;;;364,9400;36,85482;146,9013;0,09908040;0,09908040;0,00201;3,30200;7,6399;23,678079;0,063846;24,131756;25,988818;0,0146;1,4546;0,21;21,23;0,00;0,33;27,66;;68,417;68,538;3,6515900;19,88100;0,95100;0,01900;0,0520824;;68,20;109,00;;;
Values;;110;20,01400;0,87800;-0,005000;105,575;93,78;-3,2999;0,000;101,014;33,800;0,000;361,050;388,750;28,40;847,517;263,196;0,000;577,300;589,400;556,400;309,150;;;;;0,00;0,00;0,00;3,00;3,88;15,297;27,725;0,58;0,54;999998,00;999998,00;999998,00;999998,00;999998,00;999998,00;999998,00;999998,00;999998,00;999998,00;999998,00;999998,00;999998,00;999998,00;999998,00;;;;;;;;;;;;;;;;;366,7708;16,18804;64,6098;0,22670492;0,22670492;0,00451;1,45142;8,0067;23,630793;0,064197;24,157162;26,010516;0,0146;1,4639;0,23;22,70;0,00;0,33;27,86;;71,121;68,538;3,6699082;19,87100;0,95800;0,03100;0,0524515;;68,08;110,00;;;
THR   [MJ/m²];167,9;111;19,99100;0,89400;0,018000;101,050;94,53;-3,6000;0,000;101,018;33,800;0,000;362,050;389,550;28,40;847,317;263,196;0,000;576,700;589,400;556,400;309,150;;;;;0,00;0,00;0,00;3,00;3,88;15,292;27,712;0,58;0,54;999998,00;999998,00;999998,00;999998,00;999998,00;999998,00;999998,00;999998,00;999998,00;999998,00;999998,00;999998,00;999998,00;999998,00;999998,00;;;;;;;;;;;;;;;;;362,8791;16,56559;57,3099;0,21918742;0,21918742;0,00094;1,48438;8,3696;23,086884;0,056237;23,666506;25,464127;0,0126;1,2554;0,24;23,95;0,00;0,33;27,48;;73,767;73,860;3,6309684;19,86100;0,96900;0,01400;0,0531198;;67,78;111,00;;;
TSP   [m²];7,1;112;19,97200;0,90300;0,013000;104,825;94,46;-3,7100;0,000;101,018;33,800;0,000;363,150;390,650;28,40;847,383;263,196;0,000;577,000;589,300;556,400;309,150;;;;;0,00;0,00;0,00;3,00;3,88;15,276;27,720;0,58;0,54;999998,00;999998,00;999998,00;999998,00;999998,00;999998,00;999998,00;999998,00;999998,00;999998,00;999998,00;999998,00;999998,00;999998,00;999998,00;;;;;;;;;;;;;;;;;372,4122;37,26888;129,8528;0,09998576;0,09998576;0,00096;3,32362;8,7420;23,478527;0,056995;24,141106;25,969223;0,0130;1,2976;0,25;25,25;0,00;0,33;28,18;;76,391;73,860;3,7263568;19,85200;0,97300;0,01400;0,0536086;;67,67;112,00;;;
TSR   [m²/m²];707,0;113;19,94800;0,91200;0,011000;105,550;95,36;-3,8300;0,000;101,018;33,800;0,000;364,350;391,950;28,40;847,450;263,196;0,000;577,300;589,200;556,400;309,150;;;;;0,00;0,00;0,00;3,00;3,88;15,267;27,712;0,58;0,55;999998,00;999998,00;999998,00;999998,00;999998,00;999998,00;999998,00;999998,00;999998,00;999998,00;999998,00;999998,00;999998,00;999998,00;999998,00;;;;;;;;;;;;;;;;;375,0713;37,53498;108,8579;0,09998576;0,09998576;-0,00153;3,34042;9,1171;23,520750;0,047536;24,264436;26,102500;0,0109;1,0878;0,26;26,34;0,00;0,33;28,31;;79,023;79,083;3,7529639;19,84900;0,97600;0,00200;0,0538951;;67,55;113,00;;;
TSR   [m²/m² (none flaming phase)];64,1;114;19,93600;0,91900;0,006000;101,700;94,40;-3,9399;0,000;101,014;33,800;0,000;365,450;392,850;28,40;847,483;263,196;0,000;577,600;589,100;556,300;309,150;;;;;0,00;0,00;0,00;3,00;3,88;15,263;27,720;0,58;0,54;999998,00;999998,00;999998,00;999998,00;999998,00;999998,00;999998,00;999998,00;999998,00;999998,00;999998,00;999998,00;999998,00;999998,00;999998,00;;;;;;;;;;;;;;;;;369,7177;16,87777;59,2097;0,21918742;0,21918742;-0,00231;1,49832;9,4868;23,053025;0,057698;23,853723;25,642181;0,0130;1,2970;0,28;27,64;0,00;0,33;27,87;;81,596;79,083;3,6993952;19,84400;0,97900;-0,00200;0,0542051;;67,44;114,00;;;
TSR   [m²/m² (flaming phase)];643,0;115;19,93000;0,92500;0,005000;105,475;94,36;-4,2400;0,000;101,018;33,800;0,000;366,550;394,150;28,40;847,350;263,196;0,000;577,200;589,100;556,300;309,150;;;;;0,00;0,00;0,00;3,00;3,88;15,242;27,733;0,58;0,54;999998,00;999998,00;999998,00;999998,00;999998,00;999998,00;999998,00;999998,00;999998,00;999998,00;999998,00;999998,00;999998,00;999998,00;999998,00;;;;;;;;;;;;;;;;;376,8565;16,69537;59,0528;0,22586060;0,22586060;-0,00277;1,48810;9,8637;23,441726;0,058121;24,328935;26,160823;0,0133;1,3330;0,29;28,97;0,00;0,34;28,42;;84,132;84,246;3,7708257;19,84100;0,98500;-0,00400;0,0543361;;67,14;115,00;;;
MARHE [kW / m²];370,0;116;19,92000;0,93100;-0,005000;103,300;94,05;-4,3600;0,000;101,014;33,800;0,000;367,450;394,750;28,40;847,383;263,196;0,000;577,400;589,000;556,300;309,150;;;;;0,00;0,00;0,00;3,00;3,88;15,269;27,717;0,58;0,54;999998,00;999998,00;999998,00;999998,00;999998,00;999998,00;999998,00;999998,00;999998,00;999998,00;999998,00;999998,00;999998,00;999998,00;999998,00;;;;;;;;;;;;;;;;;375,4127;35,77824;132,8589;0,10499064;0,10499064;-0,00130;3,18786;10,2391;23,170344;0,061403;24,106325;25,897324;0,0139;1,3941;0,30;30,36;0,00;0,33;28,35;;86,650;84,246;3,7563799;19,83100;0,99200;0,00300;0,0547650;;67,02;116,00;;;
Results HRR;;117;19,91000;0,93600;0,010000;107,175;94,72;-4,4800;0,000;101,018;33,800;0,000;368,350;395,550;28,40;847,283;263,196;0,000;577,300;588,900;556,200;309,150;;;;;0,00;0,00;0,00;3,00;3,88;15,275;27,712;0,58;0,54;999998,00;999998,00;999998,00;999998,00;999998,00;999998,00;999998,00;999998,00;999998,00;999998,00;999998,00;999998,00;999998,00;999998,00;999998,00;;;;;;;;;;;;;;;;;384,8950;36,67837;119,5845;0,10500081;0,10500081;-0,00091;3,26688;10,6240;23,572077;0,054222;24,584353;26,399731;0,0126;1,2549;0,32;31,62;0,00;0,34;29,07;;89,158;89,317;3,8512589;19,82200;0,99900;0,00500;0,0551939;;66,90;117,00;;;
HRR max [kW/m²];653,7;118;19,90300;0,94200;0,005000;101,225;94,77;-4,6000;0,000;101,018;33,800;0,000;369,350;396,650;28,40;846,883;263,196;0,000;576,200;588,800;556,200;309,150;;;;;0,00;0,00;0,00;3,00;3,89;15,227;27,723;0,58;0,54;999998,00;999998,00;999998,00;999998,00;999998,00;999998,00;999998,00;999998,00;999998,00;999998,00;999998,00;999998,00;999998,00;999998,00;999998,00;;;;;;;;;;;;;;;;;373,7848;16,56526;53,6259;0,22577922;0,22577922;0,00134;1,47608;10,9977;22,877380;0,053722;23,924598;25,692952;0,0121;1,2100;0,33;32,83;0,00;0,33;28,29;;91,617;89,317;3,7400909;19,81900;1,00000;0,01600;0,0552295;;66,78;118,00;;;
Max at [s];358;119;19,89700;0,95100;0,014000;106,025;94,04;-4,8999;0,000;101,018;33,800;0,000;370,250;397,350;28,40;846,883;263,196;0,000;576,300;588,700;556,200;309,150;;;;;0,00;0,00;0,00;3,00;3,89;15,330;27,736;0,58;0,54;999998,00;999998,00;999998,00;999998,00;999998,00;999998,00;999998,00;999998,00;999998,00;999998,00;999998,00;999998,00;999998,00;999998,00;999998,00;;;;;;;;;;;;;;;;;384,3002;17,61049;64,9344;0,21835327;0,21835327;-0,00090;1,55851;11,3820;23,385036;0,061437;24,515083;26,309435;0,0142;1,4170;0,34;34,24;0,00;0,34;29,00;;94,033;94,280;3,8453079;19,81600;0,99900;0,00500;0,0555515;;66,48;119,00;;;
HRR 060s [kW/m²];319,4;120;19,89100;0,95800;0,019000;102,675;94,10;-5,0100;0,000;101,012;33,800;0,000;371,150;398,550;28,40;846,817;263,196;0,000;576,300;588,600;556,100;309,150;;;;;0,00;0,00;0,00;3,00;3,89;15,227;27,723;0,58;0,54;999998,00;999998,00;999998,00;999998,00;999998,00;999998,00;999998,00;999998,00;999998,00;999998,00;999998,00;999998,00;999998,00;999998,00;999998,00;;;;;;;;;;;;;;;;;374,8116;35,69328;131,6633;0,10507202;0,10507202;0,00175;3,19341;11,7569;22,984712;0,060804;24,153985;25,937144;0,0138;1,3826;0,36;35,63;0,00;0,34;28,40;;96,412;94,280;3,7503647;19,82000;1,00200;0,01800;0,0551222;;66,37;120,00;;;
HRR 120s [kW/m²];361,3;121;19,88100;0,96900;0,031000;101,975;93,22;-5,1400;0,000;101,012;33,800;0,000;372,050;399,050;28,40;846,617;263,196;0,000;575,800;588,500;556,100;309,150;;;;;0,00;0,00;0,00;3,00;3,89;15,315;27,696;0,58;0,53;999998,00;999998,00;999998,00;999998,00;999998,00;999998,00;999998,00;999998,00;999998,00;999998,00;999998,00;999998,00;999998,00;999998,00;999998,00;;;;;;;;;;;;;;;;;374,2765;33,54132;142,5335;0,11165365;0,11165365;0,00356;3,01010;12,1311;22,878505;0,070184;24,100676;25,849684;0,0159;1,5905;0,37;37,22;0,00;0,34;28,42;;98,711;98,991;3,7450110;19,81400;1,00800;0,02700;0,0553008;;66,24;121,00;;;
HRR 180s [kW/m²];398,4;122;19,87100;0,97300;0,014000;103,275;94,37;-5,2600;0,000;101,012;33,800;0,000;372,750;399,450;28,40;846,617;263,196;0,000;575,700;588,600;556,100;309,150;;;;;0,00;0,00;0,00;3,00;3,89;15,276;27,717;0,58;0,54;999998,00;999998,00;999998,00;999998,00;999998,00;999998,00;999998,00;999998,00;999998,00;999998,00;999998,00;999998,00;999998,00;999998,00;999998,00;;;;;;;;;;;;;;;;;379,7693;16,82441;58,5518;0,22586060;0,22586060;0,00338;1,50076;12,5109;23,002245;0,057950;24,276616;26,015545;0,0132;1,3217;0,39;38,54;0,00;0,34;28,80;;100,992;98,991;3,7999719;19,80500;1,01100;0,02600;0,0558134;;66,12;122,00;;;
HRR 240s [kW/m²];438,0;123;19,86100;0,97600;0,014000;97,275;93,96;-5,5601;0,000;101,014;33,800;0,000;373,250;399,650;28,40;846,617;263,196;0,000;576,000;588,400;556,000;309,150;;;;;0,00;0,00;0,00;3,00;3,89;15,269;27,733;0,58;0,54;999998,00;999998,00;999998,00;999998,00;999998,00;999998,00;999998,00;999998,00;999998,00;999998,00;999998,00;999998,00;999998,00;999998,00;999998,00;;;;;;;;;;;;;;;;;369,7421;17,40807;64,9824;0,21252441;0,21252441;0,00032;1,55009;12,8806;22,309105;0,062366;23,576657;25,244236;0,0138;1,3802;0,40;39,92;0,00;0,33;27,96;;103,218;103,430;3,6996398;19,80400;1,01300;0,01100;0,0560281;;65,82;123,00;;;
HRR 300s [kW/m²];464,3;124;19,85200;0,97900;0,002000;103,850;93,27;-5,6600;0,000;101,012;33,800;0,000;373,850;400,150;28,40;846,950;263,196;0,000;577,100;588,300;556,000;309,150;;;;;0,00;0,00;0,00;3,00;3,89;15,278;27,728;0,58;0,53;999998,00;999998,00;999998,00;999998,00;999998,00;999998,00;999998,00;999998,00;999998,00;999998,00;999998,00;999998,00;999998,00;999998,00;999998,00;;;;;;;;;;;;;;;;;381,1569;38,81935;162,3879;0,09824626;0,09824626;0,00196;3,45823;13,2618;23,032230;0,069697;24,379997;26,095107;0,0160;1,5944;0,42;41,51;0,00;0,34;28,87;;105,413;103,430;3,8138558;19,80400;1,01200;0,01900;0,0559446;;65,72;124,00;;;
HRR 360s [kW/m²];448,9;125;19,84900;0,98500;-0,002000;99,825;93,40;-5,7899;0,000;101,012;33,800;0,000;374,650;400,750;28,40;847,183;263,196;0,000;578,000;588,200;555,900;309,150;;;;;0,00;0,00;0,00;3,00;3,89;15,276;27,720;0,58;0,53;999998,00;999998,00;999998,00;999998,00;999998,00;999998,00;999998,00;999998,00;999998,00;999998,00;999998,00;999998,00;999998,00;999998,00;999998,00;;;;;;;;;;;;;;;;;374,7346;27,61877;112,9117;0,13576253;0,13576253;-0,00246;2,44846;13,6365;22,557358;0,068275;23,928432;25,595407;0,0153;1,5320;0,43;43,05;0,00;0,33;28,25;;107,593;107,731;3,7495945;19,80500;1,01100;-0,00300;0,0561592;;65,59;125,00;;;
HRR Test [kW/m²];422,5;126;19,84400;0,99200;-0,004000;105,300;93,88;-5,9199;0,000;101,012;33,800;0,000;375,250;401,150;28,40;847,117;263,196;0,000;577,800;588,200;555,900;309,150;;;;;0,00;0,00;0,00;3,00;3,90;15,284;27,715;0,58;0,54;999998,00;999998,00;999998,00;999998,00;999998,00;999998,00;999998,00;999998,00;999998,00;999998,00;999998,00;999998,00;999998,00;999998,00;999998,00;;;;;;;;;;;;;;;;;385,1416;42,00896;158,8009;0,09173584;0,09173584;-0,00518;3,72248;14,0217;23,149162;0,063162;24,595533;26,293133;0,0146;1,4559;0,45;44,50;-0,01;0,34;28,96;;109,755;107,731;3,8537269;19,80600;1,01200;-0,01600;0,0562427;;65,46;126,00;;;
Results EHC;;127;19,84100;0,99900;0,003000;103,450;94,07;-6,0100;0,000;101,012;33,800;0,000;375,950;401,550;28,40;846,817;263,196;0,000;577,100;588,100;555,800;309,150;;;;;0,00;0,00;0,00;3,00;3,90;15,315;27,739;0,58;0,54;999998,00;999998,00;999998,00;999998,00;999998,00;999998,00;999998,00;999998,00;999998,00;999998,00;999998,00;999998,00;999998,00;999998,00;999998,00;;;;;;;;;;;;;;;;;382,9077;18,10070;66,0120;0,21166992;0,21166992;-0,00311;1,60751;14,4046;22,923538;0,061117;24,401246;26,062828;0,0140;1,3964;0,46;45,90;0,00;0,34;28,86;;111,914;112,000;3,8313744;19,79900;1,01800;-0,00600;0,0564690;;65,37;127,00;;;
EHC max [MJ/kg];49,9;128;19,83100;1,00000;0,005000;100,750;93,96;-6,3199;0,000;101,012;33,800;0,000;376,550;401,950;28,40;846,617;263,196;0,000;576,600;588,000;555,800;309,150;;;;;0,00;0,00;0,00;3,00;3,90;15,246;27,720;0,58;0,54;999998,00;999998,00;999998,00;999998,00;999998,00;999998,00;999998,00;999998,00;999998,00;999998,00;999998,00;999998,00;999998,00;999998,00;999998,00;;;;;;;;;;;;;;;;;380,9014;15,93374;58,8162;0,23919678;0,23919678;-0,00267;1,41862;14,7855;22,604382;0,062344;24,099918;25,725566;0,0141;1,4060;0,47;47,30;0,00;0,34;28,73;;114,024;112,000;3,8112992;19,78800;1,02900;-0,00400;0,0569694;;65,06;128,00;;;
Max at [s];439;129;19,82200;0,99900;0,016000;102,025;93,37;-6,4501;0,000;101,012;33,800;0,000;376,950;402,150;28,40;846,417;263,196;0,000;576,100;588,000;555,700;309,150;;;;;0,00;0,00;0,00;3,00;3,90;15,263;27,736;0,58;0,53;999998,00;999998,00;999998,00;999998,00;999998,00;999998,00;999998,00;999998,00;999998,00;999998,00;999998,00;999998,00;999998,00;999998,00;999998,00;;;;;;;;;;;;;;;;;384,7656;34,70900;140,4158;0,11092122;0,11092122;0,00013;3,09255;15,1703;22,734890;0,068589;24,264810;25,886969;0,0156;1,5566;0,49;48,86;0,00;0,34;29,10;;116,108;116,214;3,8499643;19,78000;1,03400;0,01000;0,0572197;;64,93;129,00;;;
EHC 060s [MJ/kg];26,0;130;19,81900;1,00200;0,005000;99,750;93,92;-6,5701;0,000;101,012;33,800;0,000;377,550;402,450;28,40;846,583;263,196;0,000;576,800;587,800;555,700;309,150;;;;;0,00;0,00;0,00;3,00;3,90;15,280;27,747;0,58;0,54;999998,00;999998,00;999998,00;999998,00;999998,00;999998,00;999998,00;999998,00;999998,00;999998,00;999998,00;999998,00;999998,00;999998,00;999998,00;;;;;;;;;;;;;;;;;380,3815;39,41374;145,8028;0,09656779;0,09656779;0,00151;3,50960;15,5506;22,462115;0,062711;24,011837;25,595455;0,0141;1,4071;0,50;50,27;0,00;0,34;28,80;;118,157;116,214;3,8060974;19,77800;1,03400;0,01700;0,0572555;;64,81;130,00;;;
EHC 120s [MJ/kg];26,6;131;19,81600;1,00800;0,018000;98,700;94,35;-6,6799;0,000;101,008;33,800;0,000;378,150;403,250;28,40;846,650;263,196;0,000;577,200;587,700;555,600;309,150;;;;;0,00;0,00;0,00;3,00;3,90;15,242;27,733;0,58;0,54;999998,00;999998,00;999998,00;999998,00;999998,00;999998,00;999998,00;999998,00;999998,00;999998,00;999998,00;999998,00;999998,00;999998,00;999998,00;;;;;;;;;;;;;;;;;376,5798;16,38570;56,5943;0,22996012;0,22996012;0,00446;1,46337;15,9272;22,325848;0,058203;23,904096;25,490750;0,0130;1,3007;0,52;51,57;0,00;0,34;28,60;;120,144;120,252;3,7680575;19,77900;1,03300;0,03200;0,0570291;;64,70;131,00;;;
EHC 180s [MJ/kg];26,7;132;19,82000;1,01100;0,027000;98,775;93,78;-7,0000;0,000;101,008;33,800;0,000;378,750;403,850;28,40;846,450;263,203;0,000;576,600;587,700;555,600;309,150;;;;;0,00;0,00;0,00;3,00;3,90;15,286;27,725;0,58;0,54;999998,00;999998,00;999998,00;999998,00;999998,00;999998,00;999998,00;999998,00;999998,00;999998,00;999998,00;999998,00;999998,00;999998,00;999998,00;;;;;;;;;;;;;;;;;377,2132;15,45477;58,8935;0,24422201;0,24422201;0,00190;1,38155;16,3044;22,316631;0,064255;23,932140;25,518138;0,0144;1,4374;0,53;53,01;0,00;0,34;28,59;;122,090;120,252;3,7743957;19,77900;1,03600;0,01900;0,0571483;;64,38;132,00;;;
EHC 240s [MJ/kg];26,7;133;19,81400;1,01300;0,026000;97,375;94,14;-7,1300;0,000;101,012;33,800;0,000;379,350;404,250;28,40;846,417;263,203;0,000;576,700;587,600;555,500;309,150;;;;;0,00;0,00;0,00;3,00;3,91;15,254;27,707;0,58;0,54;999998,00;999998,00;999998,00;999998,00;999998,00;999998,00;999998,00;999998,00;999998,00;999998,00;999998,00;999998,00;999998,00;999998,00;999998,00;;;;;;;;;;;;;;;;;377,1823;35,94688;127,9416;0,10499064;0,10499064;0,00169;3,21410;16,6816;22,140383;0,060427;23,780746;25,341682;0,0134;1,3425;0,54;54,35;0,00;0,34;28,58;;124,008;124,111;3,7740865;19,77000;1,04400;0,01800;0,0576011;;64,25;133,00;;;
EHC 300s [MJ/kg];26,8;134;19,80500;1,01200;0,011000;102,450;94,15;-7,2400;0,000;101,014;33,800;0,000;379,750;404,350;28,40;846,517;263,203;0,000;577,100;587,500;555,500;309,150;;;;;0,00;0,00;0,00;3,00;3,91;15,292;27,725;0,58;0,54;999998,00;999998,00;999998,00;999998,00;999998,00;999998,00;999998,00;999998,00;999998,00;999998,00;999998,00;999998,00;999998,00;999998,00;999998,00;;;;;;;;;;;;;;;;;390,9820;45,59355;160,0844;0,08580526;0,08580526;-0,00108;4,05205;17,0726;22,698048;0,060259;24,405436;25,986407;0,0137;1,3728;0,56;55,72;0,00;0,35;29,53;;125,949;124,111;3,9121664;19,76100;1,04900;0,00400;0,0582442;;64,14;134,00;;;
EHC 360s [MJ/kg];27,0;135;19,80400;1,01100;0,019000;101,225;93,56;-7,3400;0,000;101,008;33,800;0,000;380,150;404,450;28,40;846,650;263,203;0,000;577,700;587,400;555,400;309,150;;;;;0,00;0,00;0,00;3,00;3,91;15,305;27,723;0,58;0,54;999998,00;999998,00;999998,00;999998,00;999998,00;999998,00;999998,00;999998,00;999998,00;999998,00;999998,00;999998,00;999998,00;999998,00;999998,00;;;;;;;;;;;;;;;;;388,3553;17,66138;68,5538;0,22002157;0,22002157;-0,00167;1,56837;17,4610;22,550067;0,066587;24,271862;25,823372;0,0151;1,5074;0,57;57,23;0,00;0,35;29,31;;127,902;127,943;3,8858834;19,76200;1,04800;0,00100;0,0582322;;64,04;135,00;;;
EHC Test [MJ/kg];23,6;136;19,80400;1,01200;-0,003000;100,975;94,24;-7,6500;0,000;101,012;33,800;0,000;380,550;405,150;28,40;846,617;263,203;0,000;577,700;587,300;555,400;309,150;;;;;0,00;0,00;0,00;3,00;3,91;15,299;27,712;0,58;0,54;999998,00;999998,00;999998,00;999998,00;999998,00;999998,00;999998,00;999998,00;999998,00;999998,00;999998,00;999998,00;999998,00;999998,00;999998,00;;;;;;;;;;;;;;;;;388,6198;16,72170;57,7754;0,23254395;0,23254395;-0,00266;1,48575;17,8496;22,510364;0,059314;24,254622;25,822520;0,0134;1,3427;0,59;58,57;0,00;0,35;29,31;;129,818;127,943;3,8885295;19,76000;1,05100;-0,00400;0,0583751;;63,73;136,00;;;
Results MLR;;137;19,80500;1,01800;-0,016000;99,075;93,76;-7,7700;0,000;101,012;33,800;0,000;381,250;406,050;28,40;846,750;263,203;0,000;578,300;587,200;555,300;309,150;;;;;0,00;0,00;0,00;3,00;3,91;15,284;27,733;0,58;0,54;999998,00;999998,00;999998,00;999998,00;999998,00;999998,00;999998,00;999998,00;999998,00;999998,00;999998,00;999998,00;999998,00;999998,00;999998,00;;;;;;;;;;;;;;;;;385,7602;37,08779;139,1879;0,10407511;0,10407511;-0,00145;3,29845;18,2353;22,277095;0,064478;24,047430;25,611696;0,0145;1,4477;0,60;60,02;0,00;0,34;29,13;;131,697;131,726;3,8599164;19,75500;1,05500;0,00200;0,0585539;;63,61;137,00;;;
MLR max [g/s];0,3451;138;19,80600;1,02900;-0,006000;103,650;94,85;-7,8899;0,000;101,008;33,800;0,000;381,650;406,150;28,40;846,550;263,203;0,000;577,900;587,100;555,200;309,150;;;;;0,00;0,00;0,00;3,00;3,91;15,263;27,723;0,58;0,54;999998,00;999998,00;999998,00;999998,00;999998,00;999998,00;999998,00;999998,00;999998,00;999998,00;999998,00;999998,00;999998,00;999998,00;999998,00;;;;;;;;;;;;;;;;;396,0335;38,04202;116,7164;0,10416667;0,10416667;-0,00128;3,37906;18,6314;22,773693;0,052923;24,609285;26,189077;0,0122;1,2151;0,61;61,23;0,00;0,35;29,90;;133,575;131,726;3,9627108;19,75000;1,05800;0,00300;0,0588041;;63,49;138,00;;;
Max at [s];350;139;19,79900;1,03400;-0,004000;97,100;93,79;-8,0100;0,000;101,012;33,900;0,000;381,950;406,350;28,40;846,483;263,203;0,000;577,800;587,000;555,200;309,150;;;;;0,00;0,00;0,00;3,00;3,91;15,309;27,736;0,58;0,54;999998,00;999998,00;999998,00;999998,00;999998,00;999998,00;999998,00;999998,00;999998,00;999998,00;999998,00;999998,00;999998,00;999998,00;999998,00;;;;;;;;;;;;;;;;;382,4614;16,57563;61,8221;0,23087565;0,23087565;0,00362;1,48087;19,0138;22,033718;0,064186;23,828384;25,350605;0,0143;1,4265;0,63;62,66;0,00;0,34;29,03;;135,414;135,357;3,8269087;19,74600;1,06200;0,02800;0,0586976;;63,37;139,00;;;
MLR 060s [g/s];0,1396;140;19,78800;1,03400;0,010000;92,775;93,70;-8,3199;0,000;101,010;33,800;0,000;382,450;406,850;28,40;846,183;263,203;0,000;577,100;586,900;555,100;309,150;;;;;0,00;0,00;0,00;3,00;3,91;15,269;27,744;0,58;0,54;999998,00;999998,00;999998,00;999998,00;999998,00;999998,00;999998,00;999998,00;999998,00;999998,00;999998,00;999998,00;999998,00;999998,00;999998,00;;;;;;;;;;;;;;;;;375,3381;16,27408;61,3162;0,23077393;0,23077393;0,00240;1,45149;19,3892;21,523336;0,065061;23,306900;24,793861;0,0142;1,4142;0,64;64,07;0,00;0,33;28,45;;137,154;135,357;3,7556326;19,74200;1,06500;0,02200;0,0589715;;63,06;140,00;;;
MLR 120s [g/s];0,1564;141;19,78000;1,03300;0,017000;98,825;92,99;-8,4399;0,000;101,010;33,800;0,000;382,950;407,350;28,40;846,017;263,203;0,000;576,700;586,800;555,100;309,150;;;;;0,00;0,00;0,00;3,00;3,92;15,309;27,728;0,58;0,53;999998,00;999998,00;999998,00;999998,00;999998,00;999998,00;999998,00;999998,00;999998,00;999998,00;999998,00;999998,00;999998,00;999998,00;999998,00;;;;;;;;;;;;;;;;;388,6126;37,30005;156,5847;0,10424805;0,10424805;-0,00086;3,30761;19,7778;22,199531;0,072679;24,070557;25,604234;0,0163;1,6314;0,66;65,71;0,00;0,34;29,35;;138,890;138,906;3,8884578;19,74200;1,06300;0,00500;0,0591972;;62,94;141,00;;;
MLR 180s [g/s];0,1723;142;19,77800;1,03600;0,032000;96,150;92,88;-8,5601;0,000;101,008;33,900;0,000;383,350;407,650;28,40;845,783;263,203;0,000;576,200;586,700;555,000;309,150;;;;;0,00;0,00;0,00;3,00;3,92;15,301;27,749;0,58;0,53;999998,00;999998,00;999998,00;999998,00;999998,00;999998,00;999998,00;999998,00;999998,00;999998,00;999998,00;999998,00;999998,00;999998,00;999998,00;;;;;;;;;;;;;;;;;381,5807;36,65730;157,1018;0,10415649;0,10415649;0,00128;3,26049;20,1594;21,885594;0,073846;23,754948;25,260740;0,0164;1,6353;0,67;67,34;0,00;0,34;28,88;;140,624;138,906;3,8180961;19,74400;1,06200;0,01600;0,0589593;;62,82;142,00;;;
MLR 240s [g/s];0,1882;143;19,77900;1,04400;0,019000;100,325;93,25;-8,6799;0,000;101,008;33,900;0,000;383,750;408,050;28,40;845,683;263,203;0,000;576,000;586,600;555,000;309,150;;;;;0,00;0,00;0,00;3,00;3,92;15,219;27,723;0,58;0,53;999998,00;999998,00;999998,00;999998,00;999998,00;999998,00;999998,00;999998,00;999998,00;999998,00;999998,00;999998,00;999998,00;999998,00;999998,00;;;;;;;;;;;;;;;;;390,0470;16,85018;68,4022;0,23161825;0,23161825;-0,00066;1,49545;20,5494;22,344047;0,069964;24,277865;25,815199;0,0158;1,5834;0,69;68,93;0,00;0,35;29,46;;142,338;142,408;3,9028102;19,74500;1,06100;0,00600;0,0590305;;62,70;143,00;;;
MLR 300s [g/s];0,1984;144;19,77900;1,04900;0,018000;95,925;93,01;-8,9900;0,000;101,010;33,900;0,000;384,050;408,250;28,40;845,550;263,203;0,000;575,800;586,500;554,900;309,150;;;;;0,00;0,00;0,00;3,00;3,92;15,347;27,733;0,58;0,53;999998,00;999998,00;999998,00;999998,00;999998,00;999998,00;999998,00;999998,00;999998,00;999998,00;999998,00;999998,00;999998,00;999998,00;999998,00;;;;;;;;;;;;;;;;;380,4071;16,91437;71,3600;0,22503662;0,22503662;-0,00026;1,50298;20,9298;21,840042;0,072516;23,748791;25,245265;0,0161;1,6049;0,71;70,53;0,00;0,34;28,75;;144,025;142,408;3,8063535;19,74700;1,06000;0,00800;0,0588995;;62,39;144,00;;;
MLR 360s [g/s];0,1910;145;19,77000;1,04800;0,004000;96,675;94,08;-9,1000;0,000;101,014;33,900;0,000;384,350;408,450;28,40;845,517;263,203;0,000;575,800;586,400;554,900;309,150;;;;;0,00;0,00;0,00;3,00;3,92;15,292;27,709;0,58;0,54;999998,00;999998,00;999998,00;999998,00;999998,00;999998,00;999998,00;999998,00;999998,00;999998,00;999998,00;999998,00;999998,00;999998,00;999998,00;;;;;;;;;;;;;;;;;382,7442;39,28609;139,1566;0,09748332;0,09748332;-0,00239;3,49209;21,3126;21,916696;0,061013;23,850761;25,346282;0,0136;1,3557;0,72;71,89;0,00;0,34;28,87;;145,663;145,774;3,8297387;19,74600;1,06300;-0,00300;0,0590541;;62,28;145,00;;;
MLR Test [g/s];0,1795;146;19,76100;1,05100;0,001000;101,050;93,39;-9,2200;0,000;101,008;33,900;0,000;384,750;408,550;28,40;845,583;263,203;0,000;576,000;586,400;554,900;309,150;;;;;0,00;0,00;0,00;3,00;3,92;15,263;27,731;0,58;0,53;999998,00;999998,00;999998,00;999998,00;999998,00;999998,00;999998,00;999998,00;999998,00;999998,00;999998,00;999998,00;999998,00;999998,00;999998,00;;;;;;;;;;;;;;;;;392,2799;35,15151;139,1570;0,11166382;0,11166382;-0,00146;3,13056;21,7048;22,395475;0,068378;24,397155;25,906322;0,0155;1,5529;0,73;73,44;0,00;0,35;29,63;;147,320;145,774;3,9251523;19,74100;1,06800;0,00200;0,0592330;;62,16;146,00;;;
Results SEA;;147;19,76200;1,05500;-0,004000;97,100;94,03;-9,3500;0,000;101,014;33,900;0,000;385,250;409,150;28,40;845,417;263,203;0,000;575,700;586,300;554,800;309,150;;;;;0,00;0,00;0,00;3,00;3,92;15,280;27,749;0,58;0,54;999998,00;999998,00;999998,00;999998,00;999998,00;999998,00;999998,00;999998,00;999998,00;999998,00;999998,00;999998,00;999998,00;999998,00;999998,00;;;;;;;;;;;;;;;;;385,5919;16,65187;59,2155;0,23169963;0,23169963;-0,00123;1,48088;22,0904;21,939147;0,061541;23,931099;25,415728;0,0137;1,3712;0,75;74,81;0,00;0,34;29,12;;148,963;149,017;3,8582321;19,73700;1,07000;0,00300;0,0594355;;62,03;147,00;;;
SEA max [m²/kg];360,2;148;19,76000;1,05800;0,002000;96,675;93,96;-9,6500;0,000;101,014;33,900;0,000;385,450;409,350;28,40;845,350;263,203;0,000;575,600;586,200;554,800;309,150;;;;;0,00;0,00;0,00;3,00;3,92;15,292;27,731;0,58;0,54;999998,00;999998,00;999998,00;999998,00;999998,00;999998,00;999998,00;999998,00;999998,00;999998,00;999998,00;999998,00;999998,00;999998,00;999998,00;;;;;;;;;;;;;;;;;387,0211;17,80235;63,7120;0,21752930;0,21752930;-0,00065;1,58273;22,4774;21,885401;0,062287;23,884867;25,365859;0,0139;1,3851;0,76;76,19;0,00;0,34;29,25;;150,567;149,017;3,8725331;19,72900;1,07600;0,00600;0,0598049;;61,73;148,00;;;
Max at [s];506;149;19,75500;1,06200;0,003000;96,200;93,86;-9,7600;0,000;101,014;33,900;0,000;385,950;409,950;28,40;845,317;263,203;0,000;575,700;586,100;554,700;309,150;;;;;0,00;0,00;0,00;3,00;3,93;15,301;27,741;0,58;0,54;999998,00;999998,00;999998,00;999998,00;999998,00;999998,00;999998,00;999998,00;999998,00;999998,00;999998,00;999998,00;999998,00;999998,00;999998,00;;;;;;;;;;;;;;;;;385,2038;36,73984;134,2559;0,10490926;0,10490926;0,00185;3,27160;22,8627;21,817423;0,063404;23,841565;25,324135;0,0141;1,4076;0,78;77,60;0,00;0,34;29,18;;152,148;152,190;3,8543494;19,72800;1,07600;0,01900;0,0597100;;61,62;149,00;;;
SEA 060s [m²/kg];81,7;150;19,75000;1,06500;0,028000;97,775;93,52;-9,8899;0,000;101,014;33,900;0,000;386,450;410,350;28,40;845,217;263,203;0,000;575,500;586,000;554,700;309,150;;;;;0,00;0,00;0,00;3,00;3,93;15,324;27,763;0,58;0,54;999998,00;999998,00;999998,00;999998,00;999998,00;999998,00;999998,00;999998,00;999998,00;999998,00;999998,00;999998,00;999998,00;999998,00;999998,00;;;;;;;;;;;;;;;;;388,1692;35,04174;135,3565;0,11083984;0,11083984;0,00206;3,11371;23,2508;21,981063;0,066969;24,051506;25,538971;0,0150;1,4994;0,79;79,10;0,00;0,35;29,40;;153,712;152,190;3,8840207;19,72800;1,07400;0,02000;0,0597219;;61,49;150,00;;;
SEA 120s [m²/kg];93,4;151;19,74600;1,06300;0,022000;95,375;93,78;-10,0100;0,000;101,012;33,900;0,000;386,750;410,850;28,40;845,350;263,203;0,000;575,900;586,000;554,700;309,150;;;;;0,00;0,00;0,00;3,00;3,93;15,294;27,749;0,58;0,54;999998,00;999998,00;999998,00;999998,00;999998,00;999998,00;999998,00;999998,00;999998,00;999998,00;999998,00;999998,00;999998,00;999998,00;999998,00;;;;;;;;;;;;;;;;;380,7924;16,50329;61,6388;0,23087565;0,23087565;0,00395;1,47150;23,6316;21,701190;0,064264;23,763705;25,244520;0,0142;1,4222;0,81;80,52;0,00;0,34;28,90;;155,240;155,247;3,8102086;19,73300;1,07100;0,03000;0,0593410;;61,37;151,00;;;
SEA 180s [m²/kg];95,3;152;19,74200;1,06200;0,005000;102,625;94,04;-10,3199;0,000;101,014;33,900;0,000;387,150;410,850;28,40;845,250;263,203;0,000;575,800;585,900;554,600;309,150;;;;;0,00;0,00;0,00;3,00;3,93;15,299;27,725;0,58;0,54;999998,00;999998,00;999998,00;999998,00;999998,00;999998,00;999998,00;999998,00;999998,00;999998,00;999998,00;999998,00;999998,00;999998,00;999998,00;;;;;;;;;;;;;;;;;395,0356;17,76964;63,4328;0,22244263;0,22244263;0,00251;1,58345;24,0266;22,499269;0,061459;24,663115;26,172907;0,0141;1,4102;0,82;81,93;0,00;0,35;29,94;;156,771;155,247;3,9527264;19,73400;1,07100;0,02200;0,0593765;;61,06;152,00;;;
SEA 240s [m²/kg];98,6;153;19,74200;1,06100;0,016000;102,625;94,04;-10,4299;0,000;101,014;33,900;0,005;387,150;410,850;28,40;844,783;263,203;0,000;574,500;585,800;554,600;309,150;;;;;0,00;0,00;0,00;3,00;3,93;15,278;27,728;0,58;0,54;999998,00;999998,00;999998,00;999998,00;999998,00;999998,00;999998,00;999998,00;999998,00;999998,00;999998,00;999998,00;999998,00;999998,00;999998,00;;;;;;;;;;;;;;;;;396,3803;34,23705;121,8023;0,11584473;0,11584473;-0,00047;3,04943;24,4230;22,499269;0,061459;24,663115;26,172907;0,0141;1,4102;0,83;83,34;0,00;0,35;29,97;;158,332;158,297;3,9661812;19,73300;1,07400;0,00700;0,0595786;;60,95;153,00;;;
SEA 300s [m²/kg];100,7;154;19,74400;1,06000;0,006000;98,075;94,18;-10,5800;0,000;101,010;33,800;0,005;387,450;411,150;28,40;844,717;263,203;0,000;574,400;585,700;554,600;309,150;;;;;0,00;0,00;0,00;3,00;3,93;15,269;27,747;0,58;0,54;999998,00;999998,00;999998,00;999998,00;999998,00;999998,00;999998,00;999998,00;999998,00;999998,00;999998,00;999998,00;999998,00;999998,00;999998,00;;;;;;;;;;;;;;;;;387,9571;31,26126;108,3747;0,12417603;0,12417603;0,00070;2,78269;24,8110;21,986331;0,059940;24,119522;25,594894;0,0135;1,3449;0,85;84,69;0,00;0,35;29,36;;159,851;158,297;3,8818991;19,73000;1,07500;0,01300;0,0596741;;60,80;154,00;;;
SEA 360s [m²/kg];109,6;155;19,74500;1,06300;0,008000;98,850;94,18;-10,7000;0,000;101,014;33,900;0,005;387,750;411,450;28,40;844,883;263,203;0,000;575,000;585,700;554,500;309,150;;;;;0,00;0,00;0,00;3,00;3,93;15,255;27,733;0,58;0,54;999998,00;999998,00;999998,00;999998,00;999998,00;999998,00;999998,00;999998,00;999998,00;999998,00;999998,00;999998,00;999998,00;999998,00;999998,00;;;;;;;;;;;;;;;;;390,2662;18,02157;62,4163;0,21668498;0,21668498;-0,00143;1,59879;25,2013;22,064489;0,059982;24,224006;25,704622;0,0135;1,3517;0,86;86,04;0,00;0,35;29,46;;161,330;161,330;3,9050040;19,73000;1,07400;0,00200;0,0598166;;60,68;155,00;;;
SEA Test [m²/kg];119,2;156;19,74700;1,06800;-0,003000;94,375;94,32;-10,9900;0,000;101,010;33,900;0,000;388,050;411,750;28,40;844,950;263,203;0,000;575,300;585,600;554,500;309,150;;;;;0,00;0,00;0,00;3,00;3,93;15,305;27,723;0,58;0,54;999998,00;999998,00;999998,00;999998,00;999998,00;999998,00;999998,00;999998,00;999998,00;999998,00;999998,00;999998,00;999998,00;999998,00;999998,00;;;;;;;;;;;;;;;;;380,8786;17,38727;58,8015;0,21918742;0,21918742;0,00050;1,54977;25,5821;21,550933;0,058480;23,678492;25,124647;0,0129;1,2881;0,87;87,33;0,00;0,34;28,82;;162,767;161,330;3,8110709;19,72800;1,07800;0,01200;0,0597694;;60,39;156,00;;;
Results SPR;;157;19,74600;1,07000;0,002000;97,000;94,16;-11,1100;0,000;101,014;33,800;0,000;388,350;411,950;28,40;844,817;263,203;0,000;575,000;585,500;554,500;309,150;;;;;0,00;0,00;0,00;3,00;3,94;15,265;27,744;0,58;0,54;999998,00;999998,00;999998,00;999998,00;999998,00;999998,00;999998,00;999998,00;999998,00;999998,00;999998,00;999998,00;999998,00;999998,00;999998,00;;;;;;;;;;;;;;;;;388,8236;36,76425;127,0954;0,10582479;0,10582479;-0,00277;3,26881;25,9710;21,840152;0,060190;24,014814;25,474193;0,0134;1,3442;0,89;88,67;0,00;0,35;29,33;;164,182;164,237;3,8905687;19,72300;1,08300;-0,00500;0,0602095;;60,27;157,00;;;
SPR max [m²/s];0,029;158;19,74100;1,07600;0,003000;95,825;93,74;-11,2300;0,000;101,010;33,800;0,005;388,750;412,650;28,40;844,950;263,203;0,000;575,600;585,400;554,400;309,250;;;;;0,00;0,00;0,00;3,00;3,94;15,273;27,744;0,58;0,54;999998,00;999998,00;999998,00;999998,00;999998,00;999998,00;999998,00;999998,00;999998,00;999998,00;999998,00;999998,00;999998,00;999998,00;999998,00;;;;;;;;;;;;;;;;;387,8560;37,56097;139,0657;0,10332235;0,10332235;-0,00198;3,34201;26,3588;21,696298;0,064618;23,881209;25,349405;0,0144;1,4360;0,90;90,11;0,00;0,35;29,28;;165,601;164,237;3,8808871;19,71700;1,08800;-0,00100;0,0604598;;60,15;158,00;;;
Max at [s];502;159;19,73700;1,07600;0,006000;102,000;93,48;-11,3500;0,000;101,014;33,800;0,005;388,950;412,550;28,40;844,983;263,203;0,000;575,700;585,400;554,400;309,250;;;;;0,00;0,00;0,00;3,00;3,94;15,284;27,736;0,58;0,53;999998,00;999998,00;999998,00;999998,00;999998,00;999998,00;999998,00;999998,00;999998,00;999998,00;999998,00;999998,00;999998,00;999998,00;999998,00;;;;;;;;;;;;;;;;;403,7329;16,88810;64,7016;0,23920695;0,23920695;0,00072;1,50898;26,7625;22,378689;0,067497;24,644992;26,140356;0,0155;1,5468;0,92;91,66;0,00;0,36;30,57;;167,048;167,156;4,0397517;19,70200;1,10200;0,01300;0,0610204;;60,03;159,00;;;
SPR 060s [m²/s];0,011;160;19,72900;1,07400;0,019000;95,575;94,31;-11,6700;0,000;101,010;33,800;0,005;389,250;413,050;28,40;844,817;263,203;0,000;575,400;585,200;554,400;309,250;;;;;0,00;0,00;0,00;3,00;3,94;15,317;27,765;0,58;0,54;999998,00;999998,00;999998,00;999998,00;999998,00;999998,00;999998,00;999998,00;999998,00;999998,00;999998,00;999998,00;999998,00;999998,00;999998,00;;;;;;;;;;;;;;;;;392,4747;17,91581;59,3900;0,21919759;0,21919759;0,00375;1,60097;27,1550;21,654057;0,058602;23,865370;25,324575;0,0130;1,3010;0,93;92,96;0,00;0,35;29,80;;168,492;167,156;3,9271023;19,69300;1,10700;0,02900;0,0613071;;59,71;160,00;;;
SPR 120s [m²/s];0,013;161;19,72800;1,07100;0,020000;96,925;94,53;-11,7600;0,000;101,014;33,800;0,005;389,750;413,750;28,40;844,950;263,203;0,000;575,900;585,200;554,300;309,250;;;;;0,00;0,00;0,00;3,00;3,94;15,311;27,765;0,58;0,54;999998,00;999998,00;999998,00;999998,00;999998,00;999998,00;999998,00;999998,00;999998,00;999998,00;999998,00;999998,00;999998,00;999998,00;999998,00;;;;;;;;;;;;;;;;;395,5923;46,62869;148,4053;0,08488973;0,08488973;0,00531;4,17608;27,5506;21,792461;0,056255;24,048759;25,529633;0,0126;1,2591;0,94;94,22;0,01;0,35;30,09;;169,893;170,044;3,9582966;19,68900;1,11100;0,03700;0,0614029;;59,62;161,00;;;
SPR 180s [m²/s];0,015;162;19,72800;1,07100;0,030000;97,200;94,34;-11,8799;0,000;101,014;33,800;0,005;389,950;413,850;28,40;844,350;263,203;0,000;574,200;585,100;554,300;309,250;;;;;0,00;0,00;0,00;3,00;3,94;15,273;27,744;0,58;0,54;999998,00;999998,00;999998,00;999998,00;999998,00;999998,00;999998,00;999998,00;999998,00;999998,00;999998,00;999998,00;999998,00;999998,00;999998,00;;;;;;;;;;;;;;;;;397,8108;35,91213;118,0188;0,11083984;0,11083984;0,00224;3,21112;27,9484;21,817757;0,058331;24,089029;25,565443;0,0131;1,3073;0,96;95,52;0,00;0,36;30,17;;171,293;170,044;3,9804952;19,68700;1,11400;0,02100;0,0616761;;59,50;162,00;;;
SPR 240s [m²/s];0,017;163;19,73300;1,07400;0,022000;95,150;94,51;-12,0100;0,000;101,012;33,800;0,005;390,650;414,750;28,40;843,650;263,203;0,000;572,200;585,100;554,200;309,250;;;;;0,00;0,00;0,00;3,00;3,94;15,294;27,760;0,58;0,54;999998,00;999998,00;999998,00;999998,00;999998,00;999998,00;999998,00;999998,00;999998,00;999998,00;999998,00;999998,00;999998,00;999998,00;999998,00;;;;;;;;;;;;;;;;;394,9764;15,91148;50,5686;0,24838257;0,24838257;0,00069;1,41649;28,3434;21,567108;0,056536;23,855033;25,326699;0,0126;1,2553;0,97;96,78;0,00;0,35;29,89;;172,674;172,808;3,9521338;19,68400;1,11400;0,01300;0,0619494;;59,37;163,00;;;
SPR 300s [m²/s];0,018;164;19,73400;1,07500;0,007000;96,450;94,24;-12,3400;0,000;101,016;33,800;0,005;391,050;415,250;28,40;843,650;263,203;0,000;572,400;584,900;554,200;309,250;;;;;0,00;0,00;0,00;3,00;3,95;15,301;27,755;0,58;0,54;999998,00;999998,00;999998,00;999998,00;999998,00;999998,00;999998,00;999998,00;999998,00;999998,00;999998,00;999998,00;999998,00;999998,00;999998,00;;;;;;;;;;;;;;;;;396,8549;16,54271;55,2942;0,24004110;0,24004110;-0,00007;1,47079;28,7403;21,702832;0,059298;24,029734;25,516807;0,0133;1,3265;0,98;98,11;0,00;0,35;30,01;;174,036;172,808;3,9709304;19,68700;1,11100;0,00900;0,0618538;;59,04;164,00;;;
SPR 360s [m²/s];0,018;165;19,73300;1,07400;0,013000;95,525;93,21;-12,4601;0,000;101,014;33,800;0,005;391,150;415,350;28,40;843,817;263,203;0,000;572,800;585,000;554,200;309,250;;;;;0,00;0,00;0,00;3,00;3,95;15,265;27,752;0,58;0,53;999998,00;999998,00;999998,00;999998,00;999998,00;999998,00;999998,00;999998,00;999998,00;999998,00;999998,00;999998,00;999998,00;999998,00;999998,00;;;;;;;;;;;;;;;;;394,2933;34,05679;135,2410;0,11584473;0,11584473;-0,00159;3,02117;29,1345;21,595750;0,070325;23,917286;25,397021;0,0157;1,5658;1,00;99,67;0,00;0,35;29,77;;175,378;175,497;3,9452990;19,69100;1,10700;0,00100;0,0617580;;58,92;165,00;;;
SPR Test [m²/s];0,018;166;19,73000;1,07800;0,002000;100,575;92,24;-12,6000;0,000;101,020;33,800;0,005;391,350;415,450;28,40;843,750;263,203;0,000;572,800;584,900;554,100;309,250;;;;;0,00;0,00;0,00;3,00;3,95;15,276;27,747;0,58;0,53;999998,00;999998,00;999998,00;999998,00;999998,00;999998,00;999998,00;999998,00;999998,00;999998,00;999998,00;999998,00;999998,00;999998,00;999998,00;;;;;;;;;;;;;;;;;405,1002;39,90672;181,9512;0,10157267;0,10157267;-0,00418;3,53468;29,5396;22,153573;0,080849;24,547620;26,059305;0,0185;1,8470;1,02;101,52;0,00;0,36;30,51;;176,730;175,497;4,0534323;19,69200;1,10700;-0,01200;0,0618525;;58,78;166,00;;;
Results COY;;167;19,73000;1,08300;0,012000;97,625;92,70;-12,7000;0,000;101,020;33,800;0,005;391,750;415,650;28,40;843,783;263,203;0,000;572,900;584,900;554,100;309,250;;;;;0,00;0,00;0,00;3,00;3,95;15,299;27,765;0,58;0,53;999998,00;999998,00;999998,00;999998,00;999998,00;999998,00;999998,00;999998,00;999998,00;999998,00;999998,00;999998,00;999998,00;999998,00;999998,00;;;;;;;;;;;;;;;;;398,1439;16,82966;72,1353;0,23671468;0,23671468;0,00166;1,50059;29,9378;21,815112;0,075822;24,197290;25,673525;0,0171;1,7065;1,03;103,22;0,00;0,36;30,17;;178,076;178,140;3,9838282;19,68700;1,11200;0,01800;0,0617353;;58,68;167,00;;;
COY max [kg/kg];0,0433;168;19,72800;1,08800;-0,005000;94,625;92,49;-13,0400;0,000;101,016;33,800;0,005;391,950;415,750;28,40;843,650;263,203;0,000;572,500;584,900;554,100;309,250;;;;;0,00;0,00;0,00;3,00;3,95;15,294;27,757;0,58;0,53;999998,00;999998,00;999998,00;999998,00;999998,00;999998,00;999998,00;999998,00;999998,00;999998,00;999998,00;999998,00;999998,00;999998,00;999998,00;;;;;;;;;;;;;;;;;393,5326;16,57704;72,9060;0,23753866;0,23753866;0,00050;1,47739;30,3313;21,471829;0,078109;23,828680;25,275606;0,0173;1,7308;1,05;104,96;0,00;0,35;29,79;;179,372;178,140;3,9376868;19,68300;1,11600;0,01200;0,0619970;;58,34;168,00;;;
Max at [s];482;169;19,72300;1,10200;-0,001000;100,350;93,26;-13,1400;0,000;101,016;33,800;0,005;392,150;415,750;28,40;843,783;263,203;0,000;573,000;584,800;554,100;309,250;;;;;0,00;0,00;0,00;3,00;3,95;15,276;27,747;0,58;0,53;999998,00;999998,00;999998,00;999998,00;999998,00;999998,00;999998,00;999998,00;999998,00;999998,00;999998,00;999998,00;999998,00;999998,00;999998,00;;;;;;;;;;;;;;;;;407,2471;42,89787;167,7498;0,09499105;0,09499105;0,00090;3,82493;30,7386;22,106196;0,069808;24,545196;26,022353;0,0159;1,5925;1,07;106,55;0,00;0,36;30,84;;180,680;180,797;4,0749141;19,67600;1,12200;0,01400;0,0623188;;58,24;169,00;;;
COY 060s [kg/kg];-0,0022;170;19,71700;1,10700;0,013000;97,075;93,20;-13,2700;0,000;101,014;33,800;0,005;392,350;415,950;28,40;844,217;263,203;0,000;574,300;584,800;554,100;309,250;;;;;0,00;0,00;0,00;3,00;3,95;15,358;27,757;0,58;0,53;999998,00;999998,00;999998,00;999998,00;999998,00;999998,00;999998,00;999998,00;999998,00;999998,00;999998,00;999998,00;999998,00;999998,00;999998,00;;;;;;;;;;;;;;;;;402,8795;34,57374;135,7518;0,11659749;0,11659749;0,00185;3,10118;31,1415;21,736935;0,070486;24,147504;25,599985;0,0158;1,5819;1,08;108,13;0,00;0,36;30,56;;182,000;180,797;4,0312120;19,66600;1,13500;0,01900;0,0627006;;58,11;170,00;;;
COY 120s [kg/kg];0,0002;171;19,70200;1,11100;0,029000;94,825;93,73;-13,3999;0,000;101,016;33,800;0,005;392,650;416,350;28,40;844,183;263,203;0,000;574,200;584,800;554,100;309,250;;;;;0,00;0,00;0,00;3,00;3,95;15,317;27,771;0,58;0,54;999998,00;999998,00;999998,00;999998,00;999998,00;999998,00;999998,00;999998,00;999998,00;999998,00;999998,00;999998,00;999998,00;999998,00;999998,00;;;;;;;;;;;;;;;;;401,0330;16,54925;59,3642;0,24247233;0,24247233;0,00164;1,47467;31,5425;21,475340;0,064818;23,875140;25,316222;0,0144;1,4386;1,10;109,57;0,00;0,36;30,38;;183,286;183,410;4,0127364;19,65800;1,13600;0,01800;0,0631766;;57,98;171,00;;;
COY 180s [kg/kg];0,0011;172;19,69300;1,11400;0,037000;96,525;93,69;-13,7200;0,000;101,012;33,800;0,000;392,850;416,650;28,40;844,250;263,203;0,000;574,600;584,700;554,000;309,250;;;;;0,00;0,00;0,00;3,00;3,96;15,244;27,747;0,58;0,54;999998,00;999998,00;999998,00;999998,00;999998,00;999998,00;999998,00;999998,00;999998,00;999998,00;999998,00;999998,00;999998,00;999998,00;999998,00;;;;;;;;;;;;;;;;;403,7494;17,62638;63,7405;0,22919718;0,22919718;0,00184;1,56493;31,9462;21,661472;0,065173;24,094338;25,554043;0,0146;1,4600;1,11;111,03;0,00;0,36;30,58;;184,560;183,410;4,0399168;19,66100;1,13000;0,01900;0,0630573;;57,66;172,00;;;
COY 240s [kg/kg];0,0022;173;19,68900;1,11400;0,021000;97,800;93,61;-13,8300;0,000;101,012;33,800;0,000;392,950;416,650;28,40;844,383;263,203;0,000;575,000;584,700;554,000;309,250;;;;;0,00;0,00;0,00;3,00;3,96;15,299;27,749;0,58;0,54;999998,00;999998,00;999998,00;999998,00;999998,00;999998,00;999998,00;999998,00;999998,00;999998,00;999998,00;999998,00;999998,00;999998,00;999998,00;;;;;;;;;;;;;;;;;403,6110;39,37358;145,2894;0,10256958;0,10256958;0,00070;3,49348;32,3498;21,801291;0,066055;24,256033;25,718987;0,0149;1,4893;1,13;112,52;0,00;0,36;30,53;;185,827;185,940;4,0385313;19,67100;1,12200;0,01300;0,0626281;;57,55;173,00;;;
COY 300s [kg/kg];0,0028;174;19,68700;1,11100;0,013000;93,025;93,78;-13,9601;0,000;101,016;33,800;0,000;393,550;417,850;28,40;844,683;263,203;0,000;576,000;584,600;554,000;309,250;;;;;0,00;0,00;0,00;3,00;3,96;15,288;27,757;0,58;0,54;999998,00;999998,00;999998,00;999998,00;999998,00;999998,00;999998,00;999998,00;999998,00;999998,00;999998,00;999998,00;999998,00;999998,00;999998,00;;;;;;;;;;;;;;;;;390,3626;34,20993;124,1369;0,11417643;0,11417643;0,00199;3,05276;32,7402;21,246202;0,064281;23,674537;25,136337;0,0142;1,4165;1,14;113,93;0,00;0,35;29,59;;187,040;185,940;3,9059681;19,67800;1,12000;0,02000;0,0621524;;57,42;174,00;;;
COY 360s [kg/kg];0,0029;175;19,68400;1,10700;0,009000;94,850;93,59;-14,0900;0,000;101,012;33,800;0,005;394,050;418,250;28,40;844,717;263,203;0,000;576,100;584,600;554,000;309,250;;;;;0,00;0,00;0,00;3,00;3,96;15,297;27,744;0,58;0,54;999998,00;999998,00;999998,00;999998,00;999998,00;999998,00;999998,00;999998,00;999998,00;999998,00;999998,00;999998,00;999998,00;999998,00;999998,00;;;;;;;;;;;;;;;;;396,3257;15,60912;58,1016;0,25405884;0,25405884;-0,00196;1,38962;33,1365;21,439983;0,066278;23,920819;25,389881;0,0148;1,4752;1,15;115,41;0,00;0,35;29,93;;188,219;188,386;3,9656350;19,67500;1,12400;-0,00100;0,0625322;;57,29;175,00;;;
COY Test [kg/kg];0,0031;176;19,68700;1,10700;0,001000;98,000;93,40;-14,4299;0,000;101,012;33,800;0,005;394,050;417,950;28,40;844,517;263,203;0,000;575,600;584,500;554,000;309,250;;;;;0,00;0,00;0,00;3,00;3,96;15,299;27,771;0,58;0,53;999998,00;999998,00;999998,00;999998,00;999998,00;999998,00;999998,00;999998,00;999998,00;999998,00;999998,00;999998,00;999998,00;999998,00;999998,00;;;;;;;;;;;;;;;;;405,2148;16,77390;63,9164;0,24171956;0,24171956;-0,00199;1,49013;33,5417;21,793090;0,068294;24,314784;25,789529;0,0154;1,5441;1,17;116,95;0,00;0,36;30,59;;189,427;188,386;4,0545794;19,66800;1,12800;-0,00100;0,0629012;;56,95;176,00;;;
Results CO2Y;;177;19,69100;1,11200;-0,012000;91,025;93,34;-14,5400;0,000;101,012;33,800;0,005;394,150;417,850;28,40;844,317;263,203;0,000;575,000;584,500;554,000;309,250;;;;;0,00;0,00;0,00;3,00;3,96;15,259;27,755;0,58;0,53;999998,00;999998,00;999998,00;999998,00;999998,00;999998,00;999998,00;999998,00;999998,00;999998,00;999998,00;999998,00;999998,00;999998,00;999998,00;;;;;;;;;;;;;;;;;392,0951;40,90755;156,7713;0,09590658;0,09590658;-0,00377;3,62914;33,9338;21,000567;0,068987;23,436503;24,845726;0,0150;1,5026;1,19;118,46;0,00;0,35;29,55;;190,609;190,712;3,9233031;19,66500;1,13100;-0,01100;0,0631624;;56,84;177,00;;;
CO2Y max [kg/kg];4,0255;178;19,69200;1,11600;0,018000;95,075;92,98;-14,6600;0,000;101,012;33,800;0,005;394,350;417,950;28,30;844,283;263,203;0,000;575,000;584,500;553,900;309,250;;;;;0,00;0,00;0,00;3,00;3,96;15,288;27,760;0,58;0,53;999998,00;999998,00;999998,00;999998,00;999998,00;999998,00;999998,00;999998,00;999998,00;999998,00;999998,00;999998,00;999998,00;999998,00;999998,00;;;;;;;;;;;;;;;;;401,5207;33,04449;133,4670;0,12158203;0,12158203;-0,00121;2,93580;34,3354;21,457231;0,072853;23,958289;25,392080;0,0162;1,6217;1,20;120,08;0,00;0,36;30,33;;191,767;190,712;4,0176156;19,65900;1,13500;0,00300;0,0633064;;56,72;178,00;;;
Max at [s];402;179;19,68700;1,12200;0,012000;94,825;94,33;-14,7799;0,000;101,012;33,800;0,005;394,550;418,250;28,30;844,183;263,203;0,000;574,800;584,400;553,900;309,250;;;;;0,00;0,00;0,00;3,00;3,96;15,276;27,747;0,58;0,54;999998,00;999998,00;999998,00;999998,00;999998,00;999998,00;999998,00;999998,00;999998,00;999998,00;999998,00;999998,00;999998,00;999998,00;999998,00;;;;;;;;;;;;;;;;;401,8666;41,27903;133,4773;0,09741211;0,09741211;0,00031;3,68878;34,7372;21,423570;0,058425;23,932835;25,370444;0,0130;1,2995;1,21;121,38;0,00;0,36;30,43;;192,940;193,017;4,0210771;19,65300;1,14400;0,01100;0,0634622;;56,60;179,00;;;
CO2Y 060s [kg/kg];2,0830;180;19,68300;1,13500;0,014000;96,075;94,11;-14,8899;0,000;101,016;33,800;0,005;394,750;418,450;28,30;844,183;263,203;0,000;574,800;584,400;553,900;309,250;;;;;0,00;0,00;0,00;3,00;3,97;15,288;27,765;0,58;0,54;999998,00;999998,00;999998,00;999998,00;999998,00;999998,00;999998,00;999998,00;999998,00;999998,00;999998,00;999998,00;999998,00;999998,00;999998,00;;;;;;;;;;;;;;;;;409,4547;17,80985;59,1808;0,23004150;0,23004150;-0,00140;1,58910;35,1467;21,558848;0,060761;24,096167;25,542853;0,0136;1,3606;1,23;122,74;0,00;0,37;30,96;;194,122;193,017;4,0970037;19,63900;1,15600;0,00200;0,0642593;;56,49;180,00;;;
CO2Y 120s [kg/kg];2,0816;181;19,67600;1,13600;0,019000;93,550;93,40;-15,2100;0,000;101,012;33,800;0,005;394,850;418,450;28,40;844,083;263,203;0,000;574,500;584,400;553,900;309,250;;;;;0,00;0,00;0,00;3,00;3,97;15,280;27,765;0,58;0,53;999998,00;999998,00;999998,00;999998,00;999998,00;999998,00;999998,00;999998,00;999998,00;999998,00;999998,00;999998,00;999998,00;999998,00;999998,00;;;;;;;;;;;;;;;;;406,2163;16,75893;62,2502;0,24253337;0,24253337;0,00256;1,49250;35,5529;21,270969;0,068294;23,780428;25,201774;0,0151;1,5089;1,24;124,25;0,00;0,36;30,80;;195,303;195,349;4,0646000;19,62800;1,16000;0,02300;0,0646181;;56,17;181,00;;;
CO2Y 180s [kg/kg];2,0828;182;19,66600;1,13000;0,018000;89,900;91,96;-15,3400;0,000;101,012;33,800;0,005;395,150;418,750;28,40;843,950;263,203;0,000;574,200;584,300;553,900;309,250;;;;;0,00;0,00;0,00;3,00;3,97;15,294;27,771;0,58;0,53;999998,00;999998,00;999998,00;999998,00;999998,00;999998,00;999998,00;999998,00;999998,00;999998,00;999998,00;999998,00;999998,00;999998,00;999998,00;;;;;;;;;;;;;;;;;397,0385;34,52125;158,0388;0,11508179;0,11508179;-0,00044;3,05456;35,9499;20,843963;0,083896;23,320751;24,713564;0,0182;1,8176;1,26;126,06;0,00;0,35;30,00;;196,436;195,349;3,9727669;19,63600;1,15000;0,00700;0,0644495;;56,04;182,00;;;
CO2Y 240s [kg/kg];2,0944;183;19,65800;1,12200;0,019000;100,125;91,14;-15,4701;0,000;101,020;33,800;0,005;395,250;418,650;28,40;843,917;263,203;0,000;574,100;584,300;553,900;309,250;;;;;0,00;0,00;0,00;3,00;3,97;15,318;27,771;0,58;0,52;999998,00;999998,00;999998,00;999998,00;999998,00;999998,00;999998,00;999998,00;999998,00;999998,00;999998,00;999998,00;999998,00;999998,00;999998,00;;;;;;;;;;;;;;;;;413,4194;38,47953;197,3644;0,10750326;0,10750326;0,00168;3,40657;36,3634;21,994635;0,092774;24,614380;26,071626;0,0212;2,1205;1,28;128,18;0,00;0,37;31,29;;197,577;197,692;4,1366748;19,65100;1,13600;0,01800;0,0635930;;55,91;183,00;;;
CO2Y 300s [kg/kg];2,1016;184;19,66100;1,12000;0,013000;94,725;92,21;-15,5900;0,000;101,016;33,800;0,005;395,750;419,150;28,40;843,983;263,203;0,000;574,300;584,300;553,900;309,250;;;;;0,00;0,00;0,00;3,00;3,97;15,299;27,771;0,58;0,53;999998,00;999998,00;999998,00;999998,00;999998,00;999998,00;999998,00;999998,00;999998,00;999998,00;999998,00;999998,00;999998,00;999998,00;999998,00;;;;;;;;;;;;;;;;;397,4554;16,63683;75,5493;0,23904419;0,23904419;0,00163;1,48782;36,7608;21,379782;0,081141;23,956561;25,373070;0,0181;1,8049;1,30;129,99;0,00;0,36;30,13;;198,707;197,692;3,9769386;19,66300;1,13500;0,01800;0,0628910;;55,79;184,00;;;
CO2Y 360s [kg/kg];2,1001;185;19,67100;1,12400;0,020000;94,375;92,41;-15,9199;0,000;101,020;33,800;0,005;395,950;419,550;28,40;843,883;263,203;0,000;574,000;584,300;553,900;309,250;;;;;0,00;0,00;0,00;3,00;3,97;15,326;27,784;0,58;0,53;999998,00;999998,00;999998,00;999998,00;999998,00;999998,00;999998,00;999998,00;999998,00;999998,00;999998,00;999998,00;999998,00;999998,00;999998,00;;;;;;;;;;;;;;;;;401,0247;15,52808;67,9463;0,25841268;0,25841268;0,00163;1,39363;37,1618;21,334858;0,078979;23,918303;25,343917;0,0176;1,7548;1,32;131,74;0,00;0,36;30,42;;199,791;199,958;4,0126531;19,64800;1,15100;0,01800;0,0635940;;55,46;185,00;;;
CO2Y Test [kg/kg];2,0978;186;19,67800;1,12800;-0,001000;97,875;92,25;-16,0701;0,000;101,020;33,800;0,005;395,850;418,950;28,40;843,983;263,203;0,000;574,300;584,300;553,900;309,250;;;;;0,00;0,00;0,00;3,00;3,97;15,318;27,763;0,58;0,53;999998,00;999998,00;999998,00;999998,00;999998,00;999998,00;999998,00;999998,00;999998,00;999998,00;999998,00;999998,00;999998,00;999998,00;999998,00;;;;;;;;;;;;;;;;;418,2479;37,19384;162,1637;0,11251831;0,11251831;-0,00084;3,34556;37,5801;21,729613;0,080699;24,354707;25,775937;0,0182;1,8235;1,34;133,57;0,00;0,38;31,68;;200,919;199,958;4,1849880;19,61900;1,18000;0,00500;0,0651296;;55,31;186,00;;;
;;187;19,67500;1,13100;-0,001000;102,125;93,14;-16,2100;0,000;101,020;33,800;0,005;395,650;418,050;28,40;843,883;263,203;0,000;574,000;584,300;553,900;309,250;;;;;0,00;0,00;0,00;3,00;3,98;15,309;27,781;0,58;0,53;999998,00;999998,00;999998,00;999998,00;999998,00;999998,00;999998,00;999998,00;999998,00;999998,00;999998,00;999998,00;999998,00;999998,00;999998,00;;;;;;;;;;;;;;;;;439,1279;16,52977;61,6740;0,26581828;0,26581828;-0,00203;1,47760;38,0192;22,201990;0,071117;24,871578;26,279699;0,0164;1,6384;1,35;135,21;0,00;0,39;33,20;;202,137;202,312;4,3939141;19,58500;1,20400;-0,00100;0,0669383;;55,17;187,00;;;
;;188;19,66800;1,13500;-0,011000;94,025;92,54;-16,5601;0,000;101,016;33,800;0,005;395,550;417,950;28,40;843,817;263,203;0,000;573,900;584,200;553,900;309,250;;;;;0,00;0,00;0,00;3,00;3,98;15,242;27,773;0,58;0,53;999998,00;999998,00;999998,00;999998,00;999998,00;999998,00;999998,00;999998,00;999998,00;999998,00;999998,00;999998,00;999998,00;999998,00;999998,00;;;;;;;;;;;;;;;;;429,0012;18,32697;73,2444;0,23422241;0,23422241;-0,00026;1,64266;38,4482;21,306024;0,077568;23,861848;25,213145;0,0172;1,7145;1,37;136,92;0,00;0,38;32,50;;203,371;202,312;4,2925865;19,55800;1,22800;0,00800;0,0681540;;54,82;188,00;;;
;;189;19,66500;1,14400;0,003000;91,875;92,26;-16,6500;0,000;101,028;33,800;0,005;395,950;418,650;28,40;843,517;263,196;0,000;572,900;584,300;553,900;309,250;;;;;0,00;0,00;0,00;3,00;3,98;15,280;27,773;0,58;0,53;999998,00;999998,00;999998,00;999998,00;999998,00;999998,00;999998,00;999998,00;999998,00;999998,00;999998,00;999998,00;999998,00;999998,00;999998,00;;;;;;;;;;;;;;;;;428,7746;48,62295;199,8258;0,08823649;0,08823649;-0,00025;4,33731;38,8770;21,050380;0,080555;23,599378;24,952341;0,0176;1,7621;1,39;138,68;0,00;0,38;32,46;;204,564;204,763;4,2903183;19,54300;1,23600;0,00800;0,0689510;;54,73;189,00;;;
;;190;19,65900;1,15600;0,011000;97,400;91,86;-16,7799;0,000;101,022;33,800;0,005;396,250;418,950;28,40;843,783;263,196;0,000;573,700;584,200;554,000;309,250;;;;;0,00;0,00;0,00;3,00;3,98;15,309;27,773;0,58;0,53;999998,00;999998,00;999998,00;999998,00;999998,00;999998,00;999998,00;999998,00;999998,00;999998,00;999998,00;999998,00;999998,00;999998,00;999998,00;;;;;;;;;;;;;;;;;441,0908;38,40238;166,6385;0,11492920;0,11492920;0,00414;3,42733;39,3181;21,665878;0,084952;24,307810;25,700333;0,0192;1,9140;1,41;140,60;0,00;0,39;33,50;;205,777;204,763;4,4135550;19,53900;1,23600;0,03100;0,0689182;;54,60;190,00;;;
;;191;19,65300;1,16000;0,002000;92,075;92,59;-16,9099;0,000;101,020;33,800;0,005;396,850;420,350;28,40;843,983;263,203;0,000;574,300;584,200;554,000;309,250;;;;;0,00;0,00;0,00;3,00;3,98;15,267;27,781;0,58;0,53;999998,00;999998,00;999998,00;999998,00;999998,00;999998,00;999998,00;999998,00;999998,00;999998,00;999998,00;999998,00;999998,00;999998,00;999998,00;;;;;;;;;;;;;;;;;429,2003;16,56560;65,2928;0,25924683;0,25924683;0,00272;1,47990;39,7473;21,049371;0,077025;23,651885;25,052463;0,0169;1,6917;1,42;142,29;0,00;0,38;32,57;;206,977;207,111;4,2945781;19,53800;1,23900;0,02400;0,0690246;;54,47;191,00;;;
;;192;19,63900;1,15000;0,023000;91,900;92,74;-17,2600;0,000;101,020;33,800;0,005;397,550;421,550;28,40;844,083;263,196;0,000;574,600;584,200;554,000;309,250;;;;;0,00;0,00;0,00;3,00;3,98;15,311;27,784;0,58;0,53;999998,00;999998,00;999998,00;999998,00;999998,00;999998,00;999998,00;999998,00;999998,00;999998,00;999998,00;999998,00;999998,00;999998,00;999998,00;;;;;;;;;;;;;;;;;428,6347;17,04402;65,8795;0,25163778;0,25163778;0,00308;1,52187;40,1759;21,010835;0,075360;23,650229;25,077987;0,0166;1,6568;1,44;143,95;0,00;0,38;32,54;;208,133;207,111;4,2889186;19,53700;1,23900;0,02600;0,0690605;;54,12;192,00;;;
;;193;19,62800;1,13600;0,007000;95,575;93,01;-17,3799;0,000;101,016;33,800;0,005;398,050;422,250;28,40;843,983;263,196;0,000;574,300;584,200;554,000;309,250;;;;;0,00;0,00;0,00;3,00;3,98;15,338;27,776;0,58;0,53;999998,00;999998,00;999998,00;999998,00;999998,00;999998,00;999998,00;999998,00;999998,00;999998,00;999998,00;999998,00;999998,00;999998,00;999998,00;;;;;;;;;;;;;;;;;436,9135;39,15106;145,8345;0,11166382;0,11166382;-0,00007;3,48356;40,6128;21,413358;0,072514;24,133631;25,600869;0,0163;1,6275;1,46;145,57;0,00;0,39;33,07;;209,297;209,452;4,3717568;19,54100;1,23500;0,00900;0,0690698;;54,00;193,00;;;
;;194;19,63600;1,13500;0,018000;94,300;92,32;-17,5200;0,000;101,018;33,800;0,005;398,350;422,750;28,40;844,050;263,203;0,000;574,500;584,200;554,000;309,250;;;;;0,00;0,00;0,00;3,00;3,98;15,267;27,800;0,58;0,53;999998,00;999998,00;999998,00;999998,00;999998,00;999998,00;999998,00;999998,00;999998,00;999998,00;999998,00;999998,00;999998,00;999998,00;999998,00;;;;;;;;;;;;;;;;;433,8230;36,39724;149,6321;0,11926270;0,11926270;-0,00176;3,23583;41,0467;21,262037;0,079937;23,981148;25,450058;0,0178;1,7835;1,47;147,36;0,00;0,39;32,79;;210,463;209,452;4,3408327;19,54300;1,23400;0,00000;0,0690685;;53,86;194,00;;;
;;195;19,65100;1,15100;0,018000;90,500;92,85;-17,6500;0,000;101,016;33,800;0,005;398,750;423,550;28,40;844,250;263,203;0,000;575,000;584,200;554,100;309,250;;;;;0,00;0,00;0,00;3,00;3,99;15,299;27,776;0,58;0,53;999998,00;999998,00;999998,00;999998,00;999998,00;999998,00;999998,00;999998,00;999998,00;999998,00;999998,00;999998,00;999998,00;999998,00;999998,00;;;;;;;;;;;;;;;;;423,1100;16,76875;64,3700;0,25247192;0,25247192;-0,00062;1,49290;41,4698;20,818785;0,074206;23,504789;24,966654;0,0163;1,6242;1,49;148,98;0,00;0,38;32,01;;211,581;211,715;4,2336389;19,54700;1,23100;0,00600;0,0687957;;53,73;195,00;;;
;;196;19,66300;1,18000;0,018000;94,825;93,19;-17,9900;0,000;101,016;33,800;0,005;399,250;424,250;28,40;844,383;263,203;0,000;575,400;584,200;554,100;309,250;;;;;0,00;0,00;0,00;3,00;3,99;15,259;27,755;0,58;0,53;999998,00;999998,00;999998,00;999998,00;999998,00;999998,00;999998,00;999998,00;999998,00;999998,00;999998,00;999998,00;999998,00;999998,00;999998,00;;;;;;;;;;;;;;;;;432,0868;17,58870;64,3982;0,24580892;0,24580892;0,00012;1,56329;41,9018;21,297096;0,070540;24,074961;25,582473;0,0158;1,5820;1,51;150,56;0,00;0,38;32,70;;212,683;211,715;4,3234603;19,54900;1,22700;0,01000;0,0686769;;53,39;196,00;;;
;;197;19,64800;1,20400;0,005000;92,950;92,78;-18,1100;0,000;101,018;33,800;0,005;399,650;424,850;28,40;844,517;263,196;0,000;575,800;584,200;554,100;309,250;;;;;0,00;0,00;0,00;3,00;3,99;15,318;27,792;0,58;0,53;999998,00;999998,00;999998,00;999998,00;999998,00;999998,00;999998,00;999998,00;999998,00;999998,00;999998,00;999998,00;999998,00;999998,00;999998,00;;;;;;;;;;;;;;;;;425,7361;37,85975;148,2346;0,11251831;0,11251831;-0,00118;3,35664;42,3276;21,074934;0,075002;23,847689;25,351409;0,0167;1,6669;1,52;152,23;0,00;0,38;32,17;;213,780;213,874;4,2599153;19,55700;1,21900;0,00300;0,0683781;;53,27;197,00;;;
;;198;19,61900;1,22800;-0,001000;95,375;92,91;-18,2500;0,000;101,016;33,800;0,005;400,250;425,650;28,40;844,483;263,203;0,000;575,700;584,200;554,100;309,250;;;;;0,00;0,00;0,00;3,00;3,99;15,296;27,792;0,58;0,53;999998,00;999998,00;999998,00;999998,00;999998,00;999998,00;999998,00;999998,00;999998,00;999998,00;999998,00;999998,00;999998,00;999998,00;999998,00;;;;;;;;;;;;;;;;;428,3274;35,48817;137,4405;0,12076823;0,12076823;0,00050;3,15470;42,7559;21,332072;0,073601;24,174898;25,709045;0,0166;1,6588;1,54;153,89;0,00;0,38;32,42;;214,857;213,874;4,2858437;19,56300;1,21500;0,01200;0,0679628;;53,13;198,00;;;
;;199;19,58500;1,23600;0,008000;93,525;92,66;-18,3799;0,000;101,010;33,800;0,005;400,550;426,050;28,40;844,617;263,203;0,000;576,100;584,200;554,100;309,250;;;;;0,00;0,00;0,00;3,00;3,99;15,242;27,789;0,58;0,53;999998,00;999998,00;999998,00;999998,00;999998,00;999998,00;999998,00;999998,00;999998,00;999998,00;999998,00;999998,00;999998,00;999998,00;999998,00;;;;;;;;;;;;;;;;;422,3766;17,55079;70,7506;0,24080404;0,24080404;0,00273;1,56614;43,1783;21,116256;0,076247;23,948258;25,472863;0,0170;1,7027;1,56;155,59;0,00;0,38;32,05;;215,915;215,986;4,2263000;19,56500;1,21500;0,02400;0,0677028;;53,00;199,00;;;
;;200;19,55800;1,23600;0,008000;92,825;93,63;-18,7000;0,000;101,018;33,800;0,005;400,950;426,550;28,40;844,383;263,196;0,000;575,500;584,100;554,100;309,250;;;;;0,00;0,00;0,00;3,00;3,99;15,303;27,771;0,58;0,54;999998,00;999998,00;999998,00;999998,00;999998,00;999998,00;999998,00;999998,00;999998,00;999998,00;999998,00;999998,00;999998,00;999998,00;999998,00;;;;;;;;;;;;;;;;;422,6336;18,05651;62,6337;0,23420207;0,23420207;0,00012;1,60483;43,6009;21,026588;0,065851;23,870378;25,394462;0,0147;1,4660;1,57;157,06;0,00;0,38;31,98;;216,948;215,986;4,2288720;19,56200;1,21600;0,01000;0,0680340;;52,68;200,00;;;
;;201;19,54300;1,23900;0,031000;96,350;93,51;-18,8199;0,000;101,018;33,800;0,005;401,150;426,650;28,40;844,183;263,196;0,000;574,900;584,100;554,100;309,250;;;;;0,00;0,00;0,00;3,00;3,99;15,275;27,787;0,58;0,54;999998,00;999998,00;999998,00;999998,00;999998,00;999998,00;999998,00;999998,00;999998,00;999998,00;999998,00;999998,00;999998,00;999998,00;999998,00;;;;;;;;;;;;;;;;;430,5525;37,98586;134,2523;0,11341349;0,11341349;0,00182;3,37552;44,0315;21,416766;0,067091;24,325455;25,871757;0,0152;1,5217;1,59;158,58;0,00;0,38;32,62;;217,991;218,081;4,3081086;19,56000;1,21600;0,01900;0,0680469;;52,56;201,00;;;
;;202;19,53900;1,23900;0,024000;93,725;92,93;-18,9601;0,000;101,018;33,800;0,005;401,450;427,050;28,40;844,150;263,196;0,000;574,900;584,000;554,100;309,250;;;;;0,00;0,00;0,00;3,00;3,99;15,334;27,803;0,58;0,53;999998,00;999998,00;999998,00;999998,00;999998,00;999998,00;999998,00;999998,00;999998,00;999998,00;999998,00;999998,00;999998,00;999998,00;999998,00;;;;;;;;;;;;;;;;;423,2401;33,87401;131,3069;0,12502035;0,12502035;0,00366;3,02418;44,4547;21,115114;0,073299;24,000769;25,531270;0,0164;1,6406;1,60;160,22;0,00;0,38;32,14;;219,025;218,081;4,2349405;19,56100;1,21800;0,02900;0,0678463;;52,42;202,00;;;
;;203;19,53800;1,23500;0,026000;94,975;93,20;-19,1000;0,000;101,018;33,800;0,005;401,750;427,650;28,40;844,217;263,203;0,000;575,100;584,000;554,100;309,350;;;;;0,00;0,00;0,00;3,00;4,00;15,320;27,781;0,58;0,53;999998,00;999998,00;999998,00;999998,00;999998,00;999998,00;999998,00;999998,00;999998,00;999998,00;999998,00;999998,00;999998,00;999998,00;999998,00;;;;;;;;;;;;;;;;;427,9722;16,52987;61,3751;0,25906372;0,25906372;0,00274;1,47737;44,8827;21,247515;0,070454;24,169313;25,727459;0,0159;1,5891;1,62;161,81;0,00;0,38;32,48;;220,043;220,161;4,2822897;19,55500;1,22500;0,02400;0,0681793;;52,28;203,00;;;
;;204;19,53700;1,23400;0,009000;94,275;93,14;-19,4399;0,000;101,018;33,800;0,005;402,150;427,950;28,40;844,183;263,196;0,000;575,000;584,000;554,100;309,350;;;;;0,00;0,00;0,00;3,00;4,00;15,275;27,781;0,58;0,53;999998,00;999998,00;999998,00;999998,00;999998,00;999998,00;999998,00;999998,00;999998,00;999998,00;999998,00;999998,00;999998,00;999998,00;999998,00;;;;;;;;;;;;;;;;;430,9070;18,02326;66,8220;0,23922729;0,23922729;0,00031;1,61212;45,3136;21,158539;0,071081;24,092065;25,637695;0,0160;1,5976;1,64;163,41;0,00;0,39;32,65;;221,069;220,161;4,3116555;19,54200;1,23900;0,01100;0,0689398;;51,94;204,00;;;
;;205;19,54100;1,23100;0,000000;94,550;92,84;-19,5500;0,000;101,018;33,800;0,005;402,350;428,050;28,40;844,250;263,196;0,000;575,200;584,000;554,100;309,350;;;;;0,00;0,00;0,00;3,00;4,00;15,301;27,784;0,58;0,53;999998,00;999998,00;999998,00;999998,00;999998,00;999998,00;999998,00;999998,00;999998,00;999998,00;999998,00;999998,00;999998,00;999998,00;999998,00;;;;;;;;;;;;;;;;;437,1852;41,33298;158,1831;0,10583496;0,10583496;-0,00269;3,67292;45,7508;21,184109;0,074334;24,133176;25,674676;0,0167;1,6731;1,65;165,08;0,00;0,39;33,02;;222,108;222,234;4,3744747;19,52800;1,24700;-0,00500;0,0698652;;51,83;205,00;;;
;;206;19,54300;1,22700;0,006000;92,475;92,35;-19,6899;0,000;101,010;33,800;0,005;402,550;428,150;28,40;843,917;263,203;0,000;574,300;583,900;554,100;309,350;;;;;0,00;0,00;0,00;3,00;4,00;15,280;27,795;0,58;0,53;999998,00;999998,00;999998,00;999998,00;999998,00;999998,00;999998,00;999998,00;999998,00;999998,00;999998,00;999998,00;999998,00;999998,00;999998,00;;;;;;;;;;;;;;;;;434,3016;34,78196;141,9314;0,12493896;0,12493896;-0,00118;3,08647;46,1851;20,945161;0,079616;23,872824;25,391007;0,0177;1,7722;1,67;166,85;0,00;0,39;32,83;;223,145;222,234;4,3456220;19,52000;1,25100;0,00300;0,0701993;;51,69;206,00;;;
;;207;19,54700;1,21900;0,010000;88,175;92,63;-19,8300;0,000;101,020;33,800;0,005;402,850;428,650;28,40;843,917;263,196;0,000;574,300;583,900;554,100;309,350;;;;;0,00;0,00;0,00;3,00;4,00;15,339;27,797;0,58;0,53;999998,00;999998,00;999998,00;999998,00;999998,00;999998,00;999998,00;999998,00;999998,00;999998,00;999998,00;999998,00;999998,00;999998,00;999998,00;;;;;;;;;;;;;;;;;424,0793;16,11377;63,2734;0,26333618;0,26333618;0,00029;1,44127;46,6092;20,444782;0,076551;23,319870;24,813360;0,0167;1,6652;1,69;168,52;0,00;0,38;32,14;;224,141;224,247;4,2433375;19,51600;1,26100;0,01100;0,0702255;;51,55;207,00;;;
;;208;19,54900;1,21500;0,003000;91,725;91,55;-20,1799;0,000;101,018;33,800;0,005;403,250;429,250;28,40;843,983;263,203;0,000;574,400;584,000;554,100;309,350;;;;;0,00;0,00;0,00;3,00;4,00;15,282;27,784;0,58;0,52;999998,00;999998,00;999998,00;999998,00;999998,00;999998,00;999998,00;999998,00;999998,00;999998,00;999998,00;999998,00;999998,00;999998,00;999998,00;;;;;;;;;;;;;;;;;434,2843;16,98711;76,7158;0,25580851;0,25580851;0,00159;1,51999;47,0434;20,841939;0,088319;23,796482;25,330788;0,0196;1,9613;1,71;170,48;0,00;0,39;32,95;;225,126;224,247;4,3454484;19,50800;1,26700;0,01800;0,0705480;;51,20;208,00;;;
;;209;19,55700;1,21500;0,012000;96,850;92,81;-20,3099;0,000;101,018;33,800;0,005;403,650;429,650;28,40;844,283;263,196;0,000;575,300;583,900;554,200;309,350;;;;;0,00;0,00;0,00;3,00;4,00;15,290;27,827;0,58;0,53;999998,00;999998,00;999998,00;999998,00;999998,00;999998,00;999998,00;999998,00;999998,00;999998,00;999998,00;999998,00;999998,00;999998,00;999998,00;;;;;;;;;;;;;;;;;448,6447;36,36890;138,0977;0,12343343;0,12343343;0,00125;3,25387;47,4921;21,405667;0,074624;24,464368;26,040173;0,0170;1,7036;1,72;172,18;0,00;0,40;34,03;;226,162;226,277;4,4891385;19,50000;1,27400;0,01600;0,0709643;;51,07;209,00;;;
;;210;19,56300;1,21600;0,024000;92,450;92,63;-20,4601;0,000;101,020;33,800;0,005;403,750;429,750;28,40;844,350;263,196;0,000;575,500;583,900;554,200;309,350;;;;;0,00;0,00;0,00;3,00;4,00;15,301;27,789;0,58;0,53;999998,00;999998,00;999998,00;999998,00;999998,00;999998,00;999998,00;999998,00;999998,00;999998,00;999998,00;999998,00;999998,00;999998,00;999998,00;;;;;;;;;;;;;;;;;440,6919;35,03700;135,7887;0,12585449;0,12585449;0,00344;3,13027;47,9328;20,911184;0,076567;23,905148;25,444550;0,0171;1,7079;1,74;173,89;0,00;0,39;33,47;;227,202;226,277;4,4095632;19,49000;1,27900;0,02800;0,0713587;;50,92;210,00;;;
;;211;19,56500;1,21600;0,010000;94,775;93,17;-20,5900;0,000;101,020;33,800;0,005;404,250;430,350;28,40;844,583;263,203;0,000;576,200;583,900;554,200;309,350;;;;;0,00;0,00;0,00;3,00;4,01;15,273;27,803;0,58;0,53;999998,00;999998,00;999998,00;999998,00;999998,00;999998,00;999998,00;999998,00;999998,00;999998,00;999998,00;999998,00;999998,00;999998,00;999998,00;;;;;;;;;;;;;;;;;446,5099;18,69017;66,9580;0,23904419;0,23904419;0,00329;1,66491;48,3793;21,159399;0,070772;24,218856;25,782522;0,0160;1,5996;1,76;175,49;0,00;0,40;33,89;;228,228;228,375;4,4677776;19,48900;1,27700;0,02700;0,0714533;;50,79;211,00;;;
;;212;19,56200;1,21800;0,019000;92,075;93,41;-20,9099;0,000;101,020;33,800;0,005;404,750;431,050;28,40;844,717;263,203;0,000;576,600;583,900;554,200;309,350;;;;;0,00;0,00;0,00;3,00;4,01;15,303;27,816;0,58;0,54;999998,00;999998,00;999998,00;999998,00;999998,00;999998,00;999998,00;999998,00;999998,00;999998,00;999998,00;999998,00;999998,00;999998,00;999998,00;;;;;;;;;;;;;;;;;438,4543;18,27521;63,3926;0,24006144;0,24006144;0,00416;1,63174;48,8177;20,842935;0,068199;23,886142;25,438224;0,0152;1,5209;1,77;177,01;0,00;0,39;33,32;;229,238;228,375;4,3871736;19,49200;1,27600;0,03200;0,0712282;;50,47;212,00;;;
;;213;19,56000;1,22500;0,029000;92,150;93,04;-21,0400;0,000;101,018;33,800;0,005;405,150;431,950;28,40;844,850;263,203;0,000;577,000;583,900;554,200;309,350;;;;;0,00;0,00;0,00;3,00;4,01;15,317;27,781;0,58;0,53;999998,00;999998,00;999998,00;999998,00;999998,00;999998,00;999998,00;999998,00;999998,00;999998,00;999998,00;999998,00;999998,00;999998,00;999998,00;;;;;;;;;;;;;;;;;440,0853;37,20827;136,3442;0,11834717;0,11834717;0,00140;3,32849;49,2578;20,841126;0,072168;23,907673;25,489126;0,0161;1,6126;1,79;178,62;0,00;0,39;33,38;;230,224;230,393;4,4034939;19,48900;1,28300;0,01700;0,0715001;;50,34;213,00;;;
;;214;19,56100;1,23900;0,024000;94,725;93,18;-21,1799;0,000;101,010;33,800;0,005;405,550;432,450;28,40;844,717;263,196;0,000;576,600;583,900;554,200;309,350;;;;;0,00;0,00;0,00;3,00;4,01;15,265;27,779;0,58;0,53;999998,00;999998,00;999998,00;999998,00;999998,00;999998,00;999998,00;999998,00;999998,00;999998,00;999998,00;999998,00;999998,00;999998,00;999998,00;;;;;;;;;;;;;;;;;449,5764;34,40037;122,6297;0,13076782;0,13076782;0,00049;3,06747;49,7074;21,119885;0,070693;24,251366;25,859952;0,0160;1,6026;1,80;180,23;0,00;0,40;34,06;;231,227;230,393;4,4984610;19,47900;1,28900;0,01200;0,0720820;;50,20;214,00;;;
;;215;19,55500;1,24700;0,011000;92,250;92,95;-21,3300;0,000;101,012;33,800;0,005;405,850;432,950;28,40;844,550;263,196;0,000;576,200;583,800;554,200;309,350;;;;;0,00;0,00;0,00;3,00;4,01;15,311;27,808;0,58;0,53;999998,00;999998,00;999998,00;999998,00;999998,00;999998,00;999998,00;999998,00;999998,00;999998,00;999998,00;999998,00;999998,00;999998,00;999998,00;;;;;;;;;;;;;;;;;447,3546;17,49141;64,0043;0,25591024;0,25591024;-0,00007;1,56496;50,1548;20,834441;0,073111;23,941297;25,539940;0,0164;1,6370;1,82;181,86;0,00;0,40;33,90;;232,238;232,377;4,4762304;19,46600;1,30400;0,00900;0,0727130;;50,05;215,00;;;
;;216;19,54200;1,25100;-0,005000;93,725;92,47;-21,6600;0,000;101,012;33,800;0,005;406,050;432,950;28,40;844,450;263,196;0,000;575,900;583,800;554,200;309,350;;;;;0,00;0,00;0,00;3,00;4,01;15,282;27,819;0,58;0,53;999998,00;999998,00;999998,00;999998,00;999998,00;999998,00;999998,00;999998,00;999998,00;999998,00;999998,00;999998,00;999998,00;999998,00;999998,00;;;;;;;;;;;;;;;;;456,9399;17,87330;69,1085;0,25580851;0,25580851;-0,00414;1,59399;50,6117;20,995171;0,078306;24,137884;25,736971;0,0177;1,7668;1,84;183,63;0,00;0,41;34,51;;233,256;232,377;4,5721411;19,45100;1,31700;-0,01300;0,0737081;;49,72;216,00;;;
;;217;19,52800;1,26100;0,003000;95,875;92,80;-21,8099;0,000;101,012;33,800;0,005;406,550;433,650;28,40;844,617;263,203;0,000;576,400;583,800;554,200;309,350;;;;;0,00;0,00;0,00;3,00;4,01;15,280;27,792;0,58;0,53;999998,00;999998,00;999998,00;999998,00;999998,00;999998,00;999998,00;999998,00;999998,00;999998,00;999998,00;999998,00;999998,00;999998,00;999998,00;;;;;;;;;;;;;;;;;465,0651;35,78876;131,4735;0,13002523;0,13002523;0,00068;3,19727;51,0768;21,221552;0,074792;24,428195;26,056541;0,0171;1,7085;1,85;185,34;0,00;0,42;35,26;;234,305;234,440;4,6534417;19,43500;1,32800;0,01300;0,0742248;;49,57;217,00;;;
;;218;19,52000;1,26700;0,011000;92,125;92,88;-21,9501;0,000;101,012;33,800;0,005;406,850;433,950;28,40;844,717;263,203;0,000;576,700;583,800;554,200;309,350;;;;;0,00;0,00;0,00;3,00;4,02;15,284;27,808;0,58;0,53;999998,00;999998,00;999998,00;999998,00;999998,00;999998,00;999998,00;999998,00;999998,00;999998,00;999998,00;999998,00;999998,00;999998,00;999998,00;;;;;;;;;;;;;;;;;460,5535;37,86794;135,9843;0,12169393;0,12169393;-0,00245;3,37361;51,5373;20,794717;0,073836;23,954528;25,550123;0,0165;1,6539;1,87;186,99;0,00;0,41;34,83;;235,353;234,440;4,6082986;19,42300;1,33800;-0,00400;0,0750182;;49,43;218,00;;;
;;219;19,51600;1,27400;0,018000;91,525;93,05;-22,0900;0,000;101,012;33,800;0,005;407,350;434,850;28,40;844,850;263,203;0,000;577,200;583,700;554,200;309,350;;;;;0,00;0,00;0,00;3,00;4,02;15,303;27,827;0,58;0,53;999998,00;999998,00;999998,00;999998,00;999998,00;999998,00;999998,00;999998,00;999998,00;999998,00;999998,00;999998,00;999998,00;999998,00;999998,00;;;;;;;;;;;;;;;;;459,8674;17,48036;61,1962;0,26323446;0,26323446;0,00103;1,56082;51,9972;20,714166;0,072005;23,891061;25,503935;0,0161;1,6099;1,89;188,60;0,00;0,41;34,88;;236,380;236,523;4,6014334;19,41500;1,34400;0,01500;0,0752008;;49,29;219,00;;;
;;220;19,50800;1,27900;0,016000;94,300;92,77;-22,4399;0,000;101,012;33,700;0,005;407,850;435,550;28,40;844,850;263,196;0,000;577,200;583,700;554,200;309,350;;;;;0,00;0,00;0,00;3,00;4,02;15,320;27,808;0,58;0,53;999998,00;999998,00;999998,00;999998,00;999998,00;999998,00;999998,00;999998,00;999998,00;999998,00;999998,00;999998,00;999998,00;999998,00;999998,00;;;;;;;;;;;;;;;;;467,9649;18,29726;66,7084;0,25591024;0,25591024;0,00160;1,63116;52,4652;21,012951;0,075101;24,265419;25,913456;0,0171;1,7061;1,90;190,31;0,00;0,42;35,49;;237,414;236,523;4,6824569;19,41000;1,34600;0,01800;0,0754390;;48,94;220,00;;;
;;221;19,50000;1,27700;0,028000;91,550;93,51;-22,5701;0,000;101,012;33,700;0,005;408,450;436,550;28,40;844,750;263,196;0,000;577,000;583,600;554,200;309,350;;;;;0,00;0,00;0,00;3,00;4,02;15,275;27,797;0,58;0,54;999998,00;999998,00;999998,00;999998,00;999998,00;999998,00;999998,00;999998,00;999998,00;999998,00;999998,00;999998,00;999998,00;999998,00;999998,00;;;;;;;;;;;;;;;;;460,9685;37,64716;122,9055;0,12251790;0,12251790;0,00212;3,35202;52,9261;20,689079;0,067127;23,926564;25,572631;0,0151;1,5049;1,92;191,81;0,00;0,41;34,97;;238,442;238,549;4,6124512;19,40900;1,34500;0,02100;0,0754749;;48,81;221,00;;;
;;222;19,49000;1,27600;0,027000;90,625;92,76;-22,7200;0,000;101,012;33,700;0,005;409,050;437,450;28,40;844,683;263,203;0,000;576,800;583,600;554,200;309,350;;;;;0,00;0,00;0,00;3,00;4,02;15,296;27,797;0,58;0,53;999998,00;999998,00;999998,00;999998,00;999998,00;999998,00;999998,00;999998,00;999998,00;999998,00;999998,00;999998,00;999998,00;999998,00;999998,00;;;;;;;;;;;;;;;;;457,9406;35,72118;131,0187;0,12827555;0,12827555;0,00193;3,18548;53,3841;20,569193;0,075203;23,822861;25,476862;0,0168;1,6796;1,94;193,49;0,00;0,41;34,75;;239,437;238,549;4,5821538;19,41000;1,34600;0,02000;0,0754156;;48,66;222,00;;;
;;223;19,48900;1,28300;0,032000;92,700;93,21;-22,8600;0,000;101,022;33,700;0,005;409,450;438,150;28,40;844,683;263,203;0,000;576,800;583,600;554,200;309,350;;;;;0,00;0,00;0,00;3,00;4,02;15,320;27,808;0,58;0,54;999998,00;999998,00;999998,00;999998,00;999998,00;999998,00;999998,00;999998,00;999998,00;999998,00;999998,00;999998,00;999998,00;999998,00;999998,00;;;;;;;;;;;;;;;;;464,4342;17,37200;59,5309;0,26750692;0,26750692;-0,00117;1,54534;53,8485;20,793177;0,070378;24,105825;25,795500;0,0159;1,5915;1,95;195,08;0,00;0,41;35,15;;240,432;240,559;4,6471291;19,40900;1,34700;0,00300;0,0756616;;48,52;223,00;;;
;;224;19,49200;1,28900;0,017000;89,175;93,63;-23,2200;0,000;101,014;33,700;0,005;409,950;438,650;28,40;844,417;263,196;0,000;576,100;583,500;554,200;309,350;;;;;0,00;0,00;0,00;3,00;4,02;15,313;27,813;0,58;0,54;999998,00;999998,00;999998,00;999998,00;999998,00;999998,00;999998,00;999998,00;999998,00;999998,00;999998,00;999998,00;999998,00;999998,00;999998,00;;;;;;;;;;;;;;;;;454,7505;16,95755;54,5155;0,26833089;0,26833089;-0,00025;1,51242;54,3032;20,381566;0,065878;23,657493;25,313719;0,0146;1,4619;1,97;196,55;0,00;0,41;34,45;;241,410;240,559;4,5502335;19,40900;1,34900;0,00800;0,0755799;;48,16;224,00;;;
;;225;19,48900;1,30400;0,012000;91,325;93,04;-23,3600;0,000;101,014;33,700;0,005;410,350;439,350;28,40;844,350;263,196;0,000;575,900;583,500;554,200;309,350;;;;;0,00;0,00;0,00;3,00;4,02;15,303;27,821;0,58;0,53;999998,00;999998,00;999998,00;999998,00;999998,00;999998,00;999998,00;999998,00;999998,00;999998,00;999998,00;999998,00;999998,00;999998,00;999998,00;;;;;;;;;;;;;;;;;460,6968;37,62497;132,5738;0,12251790;0,12251790;-0,00007;3,36078;54,7639;20,615746;0,072202;23,952661;25,645429;0,0162;1,6233;1,98;198,17;0,00;0,41;34,92;;242,372;242,532;4,6097326;19,40600;1,35300;0,00900;0,0756995;;48,02;225,00;;;
;;226;19,47900;1,31700;0,009000;91,075;92,82;-23,5000;0,000;101,014;33,700;0,005;410,850;439,750;28,40;844,550;263,196;0,000;576,500;583,500;554,200;309,350;;;;;0,00;0,00;0,00;3,00;4,03;15,303;27,821;0,58;0,53;999998,00;999998,00;999998,00;999998,00;999998,00;999998,00;999998,00;999998,00;999998,00;999998,00;999998,00;999998,00;999998,00;999998,00;999998,00;;;;;;;;;;;;;;;;;461,9995;39,61957;143,4593;0,11667887;0,11667887;-0,00206;3,53549;55,2259;20,574978;0,074487;23,934422;25,618017;0,0167;1,6729;2,00;199,84;0,00;0,41;34,96;;243,340;242,532;4,6227668;19,40100;1,35800;-0,00200;0,0760659;;47,88;226,00;;;
;;227;19,46600;1,32800;-0,013000;88,775;92,69;-23,6300;0,000;101,014;33,700;0,005;411,250;440,350;28,40;844,383;263,203;0,000;576,000;583,500;554,200;309,350;;;;;0,00;0,00;0,00;3,00;4,03;15,280;27,813;0,58;0,53;999998,00;999998,00;999998,00;999998,00;999998,00;999998,00;999998,00;999998,00;999998,00;999998,00;999998,00;999998,00;999998,00;999998,00;999998,00;;;;;;;;;;;;;;;;;457,4078;17,94941;66,0976;0,25498454;0,25498454;0,00065;1,60745;55,6834;20,303636;0,075898;23,641771;25,314660;0,0169;1,6844;2,02;201,53;0,00;0,41;34,70;;244,294;244,440;4,5768225;19,39200;1,36700;0,01300;0,0763197;;47,75;227,00;;;
;;228;19,45100;1,33800;0,013000;93,000;92,98;-23,9800;0,000;101,014;33,700;0,005;411,650;440,650;28,40;844,550;263,196;0,000;576,500;583,500;554,200;309,350;;;;;0,00;0,00;0,00;3,00;4,03;15,280;27,795;0,58;0,53;999998,00;999998,00;999998,00;999998,00;999998,00;999998,00;999998,00;999998,00;999998,00;999998,00;999998,00;999998,00;999998,00;999998,00;999998,00;;;;;;;;;;;;;;;;;472,3359;17,34308;60,7237;0,27251180;0,27251180;-0,00153;1,54569;56,1557;20,771069;0,072794;24,209579;25,915100;0,0165;1,6538;2,03;203,18;0,00;0,42;35,75;;245,261;244,440;4,7261929;19,38100;1,37300;0,00100;0,0770417;;47,40;228,00;;;
;;229;19,43500;1,34400;-0,004000;91,200;92,45;-24,1400;0,000;101,014;33,700;0,005;411,950;440,950;28,40;844,350;263,196;0,000;576,000;583,400;554,200;309,350;;;;;0,00;0,00;0,00;3,00;4,03;15,313;27,816;0,58;0,53;999998,00;999998,00;999998,00;999998,00;999998,00;999998,00;999998,00;999998,00;999998,00;999998,00;999998,00;999998,00;999998,00;999998,00;999998,00;;;;;;;;;;;;;;;;;468,8729;35,19516;132,6405;0,13330078;0,13330078;0,00030;3,14457;56,6246;20,561585;0,078518;23,982882;25,671203;0,0177;1,7670;2,05;204,95;0,00;0,42;35,55;;246,245;246,350;4,6915421;19,37400;1,38000;0,01100;0,0772586;;47,24;229,00;;;
;;230;19,42300;1,34600;0,015000;90,875;92,98;-24,3099;0,000;101,014;33,700;0,005;412,550;441,550;28,40;844,417;263,196;0,000;576,200;583,400;554,200;309,350;;;;;0,00;0,00;0,00;3,00;4,03;15,282;27,800;0,58;0,54;999998,00;999998,00;999998,00;999998,00;999998,00;999998,00;999998,00;999998,00;999998,00;999998,00;999998,00;999998,00;999998,00;999998,00;999998,00;;;;;;;;;;;;;;;;;470,6905;16,38074;56,9419;0,28751628;0,28751628;-0,00007;1,45972;57,0952;20,509985;0,072787;23,957539;25,641623;0,0164;1,6362;2,07;206,58;0,00;0,42;35,67;;247,217;246,350;4,7097294;19,36500;1,38500;0,00900;0,0777571;;47,07;230,00;;;
;;231;19,41500;1,34500;0,018000;88,025;92,55;-24,6700;0,000;101,014;33,700;0,005;412,850;442,150;28,40;844,317;263,196;0,000;575,900;583,400;554,200;309,350;;;;;0,00;0,00;0,00;3,00;4,03;15,303;27,819;0,58;0,53;999998,00;999998,00;999998,00;999998,00;999998,00;999998,00;999998,00;999998,00;999998,00;999998,00;999998,00;999998,00;999998,00;999998,00;999998,00;;;;;;;;;;;;;;;;;463,5265;19,25335;71,2500;0,24089559;0,24089559;0,00225;1,72816;57,5588;20,178474;0,077457;23,587444;25,261447;0,0172;1,7154;2,08;208,30;0,00;0,42;35,22;;248,169;248,254;4,6380460;19,35900;1,39600;0,02200;0,0778333;;46,71;231,00;;;
;;232;19,41000;1,34600;0,021000;93,075;92,49;-24,7700;0,000;101,010;33,700;0,005;413,150;442,250;28,40;844,450;263,196;0,000;576,300;583,400;554,200;309,350;;;;;0,00;0,00;0,00;3,00;4,03;15,284;27,821;0,58;0,53;999998,00;999998,00;999998,00;999998,00;999998,00;999998,00;999998,00;999998,00;999998,00;999998,00;999998,00;999998,00;999998,00;999998,00;999998,00;;;;;;;;;;;;;;;;;481,3540;44,15089;163,1865;0,10909017;0,10909017;-0,00007;3,93724;58,0401;20,741687;0,078138;24,263425;25,972407;0,0178;1,7791;2,10;210,08;0,00;0,43;36,48;;249,136;248,254;4,8164278;19,34700;1,40100;0,00900;0,0786376;;46,61;232,00;;;
;;233;19,40900;1,34700;0,020000;90,575;92,39;-24,9299;0,000;101,014;33,700;0,005;413,650;442,850;28,40;844,317;263,196;0,000;576,000;583,300;554,200;309,350;;;;;0,00;0,00;0,00;3,00;4,03;15,303;27,819;0,58;0,53;999998,00;999998,00;999998,00;999998,00;999998,00;999998,00;999998,00;999998,00;999998,00;999998,00;999998,00;999998,00;999998,00;999998,00;999998,00;;;;;;;;;;;;;;;;;474,0716;33,69299;126,4915;0,14078776;0,14078776;0,00210;3,00773;58,5142;20,448860;0,079178;23,949828;25,640472;0,0178;1,7798;2,12;211,86;0,00;0,42;35,99;;250,117;250,147;4,7435601;19,34600;1,40100;0,02100;0,0785573;;46,45;233,00;;;
;;234;19,41000;1,34900;0,003000;88,750;92,83;-25,0800;0,000;101,018;33,700;0,005;414,050;443,050;28,40;844,383;263,203;0,000;576,200;583,300;554,200;309,350;;;;;0,00;0,00;0,00;3,00;4,04;15,240;27,821;0,58;0,53;999998,00;999998,00;999998,00;999998,00;999998,00;999998,00;999998,00;999998,00;999998,00;999998,00;999998,00;999998,00;999998,00;999998,00;999998,00;;;;;;;;;;;;;;;;;469,5944;16,48079;58,1564;0,28510539;0,28510539;0,00011;1,46732;58,9838;20,232019;0,074476;23,718776;25,380036;0,0166;1,6571;2,14;213,51;0,00;0,42;35,59;;251,064;250,147;4,6987615;19,34700;1,39900;0,01000;0,0786492;;46,30;234,00;;;
;;235;19,40900;1,35300;0,008000;88,050;93,04;-25,4601;0,000;101,014;33,700;0,005;414,550;443,750;28,40;844,583;263,203;0,000;576,800;583,300;554,200;309,350;;;;;0,00;0,00;0,00;3,00;4,04;15,259;27,808;0,58;0,54;999998,00;999998,00;999998,00;999998,00;999998,00;999998,00;999998,00;999998,00;999998,00;999998,00;999998,00;999998,00;999998,00;999998,00;999998,00;;;;;;;;;;;;;;;;;467,6547;17,17183;58,7832;0,27250163;0,27250163;-0,00184;1,52594;59,4515;20,139916;0,072166;23,639313;25,304415;0,0160;1,6009;2,15;215,12;0,00;0,42;35,38;;251,990;252,025;4,6793527;19,34900;1,39700;-0,00100;0,0786818;;45,92;235,00;;;
;;236;19,40900;1,35800;0,009000;92,625;92,69;-25,5900;0,000;101,026;33,700;0,005;414,950;444,350;28,40;844,650;263,196;0,000;577,000;583,300;554,200;309,350;;;;;0,00;0,00;0,00;3,00;4,04;15,303;27,835;0,58;0,53;999998,00;999998,00;999998,00;999998,00;999998,00;999998,00;999998,00;999998,00;999998,00;999998,00;999998,00;999998,00;999998,00;999998,00;999998,00;;;;;;;;;;;;;;;;;479,9846;40,60611;146,2852;0,11827596;0,11827596;-0,00316;3,60147;59,9314;20,646558;0,075933;24,257370;25,976050;0,0173;1,7292;2,17;216,84;0,00;0,43;36,27;;252,930;252,025;4,8027263;19,34900;1,39600;-0,00800;0,0787748;;45,79;236,00;;;
;;237;19,40600;1,36700;-0,002000;90,650;92,56;-25,7400;0,000;101,026;33,700;0,005;415,250;444,550;28,40;844,883;263,196;0,000;577,700;583,300;554,200;309,350;;;;;0,00;0,00;0,00;3,00;4,04;15,305;27,819;0,58;0,53;999998,00;999998,00;999998,00;999998,00;999998,00;999998,00;999998,00;999998,00;999998,00;999998,00;999998,00;999998,00;999998,00;999998,00;999998,00;;;;;;;;;;;;;;;;;476,2418;33,84478;123,8156;0,14079793;0,14079793;-0,00259;3,01407;60,4077;20,417874;0,077329;24,006035;25,699898;0,0174;1,7423;2,19;218,59;0,00;0,42;36,03;;253,880;253,881;4,7652751;19,34200;1,40600;-0,00500;0,0790384;;45,64;237,00;;;
;;238;19,40100;1,37300;0,013000;93,400;92,22;-25,8999;0,000;101,018;33,700;0,005;415,650;444,750;28,40;844,850;263,203;0,000;577,700;583,200;554,200;309,350;;;;;0,00;0,00;0,00;3,00;4,04;15,286;27,840;0,58;0,53;999998,00;999998,00;999998,00;999998,00;999998,00;999998,00;999998,00;999998,00;999998,00;999998,00;999998,00;999998,00;999998,00;999998,00;999998,00;;;;;;;;;;;;;;;;;486,5180;17,80930;67,7914;0,27334595;0,27334595;-0,00080;1,59717;60,8942;20,715288;0,080981;24,379177;26,085984;0,0185;1,8519;2,21;220,44;0,00;0,44;36,89;;254,836;253,881;4,8680988;19,32700;1,42500;0,00500;0,0795900;;45,48;238,00;;;
;;239;19,39200;1,38000;0,001000;93,850;93,07;-26,2500;0,000;101,018;33,700;0,005;415,850;444,950;28,40;844,850;263,203;0,000;577,700;583,200;554,200;309,350;;;;;0,00;0,00;0,00;3,00;4,04;15,334;27,837;0,58;0,54;999998,00;999998,00;999998,00;999998,00;999998,00;999998,00;999998,00;999998,00;999998,00;999998,00;999998,00;999998,00;999998,00;999998,00;999998,00;;;;;;;;;;;;;;;;;493,1358;19,16336;64,0311;0,25748698;0,25748698;0,00012;1,71526;61,3873;20,760137;0,071864;24,443714;26,154216;0,0165;1,6477;2,22;222,09;0,00;0,44;37,41;;255,819;255,813;4,9343167;19,30800;1,43800;0,01000;0,0805065;;45,13;239,00;;;
;;240;19,38100;1,38500;0,011000;90,050;92,44;-26,3899;0,000;101,014;33,700;0,005;416,150;445,150;28,40;844,583;263,196;0,000;577,000;583,100;554,200;309,350;;;;;0,00;0,00;0,00;3,00;4,04;15,284;27,835;0,58;0,53;999998,00;999998,00;999998,00;999998,00;999998,00;999998,00;999998,00;999998,00;999998,00;999998,00;999998,00;999998,00;999998,00;999998,00;999998,00;;;;;;;;;;;;;;;;;484,9560;33,26480;121,0863;0,14587402;0,14587402;0,00514;2,98172;61,8723;20,328173;0,078591;23,952371;25,621526;0,0177;1,7653;2,24;223,85;0,01;0,43;36,92;;256,791;255,813;4,8524695;19,29500;1,44600;0,03800;0,0808588;;44,99;240,00;;;
;;241;19,37400;1,39600;0,009000;90,950;92,00;-26,5701;0,000;101,018;33,700;0,005;416,650;446,050;28,40;844,450;263,196;0,000;576,600;583,100;554,200;309,350;;;;;0,00;0,00;0,00;3,00;4,04;15,305;27,808;0,58;0,53;999998,00;999998,00;999998,00;999998,00;999998,00;999998,00;999998,00;999998,00;999998,00;999998,00;999998,00;999998,00;999998,00;999998,00;999998,00;;;;;;;;;;;;;;;;;488,7119;33,33183;128,5291;0,14670817;0,14670817;0,00498;2,98416;62,3610;20,417243;0,083364;24,086226;25,785817;0,0189;1,8845;2,26;225,74;0,00;0,44;37,20;;257,745;257,764;4,8900516;19,29000;1,44900;0,03700;0,0811318;;44,81;241,00;;;
;;242;19,36500;1,40100;0,022000;91,150;92,08;-26,7100;0,000;101,018;33,700;0,005;417,150;446,750;28,40;844,617;263,196;0,000;577,200;583,000;554,200;309,350;;;;;0,00;0,00;0,00;3,00;4,05;15,284;27,829;0,58;0,53;999998,00;999998,00;999998,00;999998,00;999998,00;999998,00;999998,00;999998,00;999998,00;999998,00;999998,00;999998,00;999998,00;999998,00;999998,00;;;;;;;;;;;;;;;;;488,3112;19,41618;74,3487;0,25164795;0,25164795;0,00444;1,73688;62,8493;20,427426;0,082545;24,127158;25,839166;0,0187;1,8698;2,28;227,61;0,00;0,44;37,15;;258,699;257,764;4,8860418;19,29300;1,44600;0,03400;0,0810236;;44,67;242,00;;;
;;243;19,35900;1,40100;0,009000;89,300;90,61;-27,0500;0,000;101,018;33,700;0,005;417,350;446,950;28,40;844,650;263,196;0,000;577,300;583,000;554,200;309,350;;;;;0,00;0,00;0,00;3,00;4,05;15,315;27,835;0,58;0,52;999998,00;999998,00;999998,00;999998,00;999998,00;999998,00;999998,00;999998,00;999998,00;999998,00;999998,00;999998,00;999998,00;999998,00;999998,00;;;;;;;;;;;;;;;;;483,4007;18,13799;82,9755;0,26667277;0,26667277;0,00101;1,61728;63,3327;20,214219;0,098609;23,886782;25,580921;0,0221;2,2114;2,30;229,82;0,00;0,43;36,67;;259,634;259,643;4,8369077;19,29700;1,44200;0,01500;0,0810535;;44,33;243,00;;;
;;244;19,34700;1,39900;0,021000;92,125;92,48;-27,2100;0,000;101,020;33,700;0,000;417,750;447,750;28,40;844,683;263,196;0,000;577,400;583,000;554,200;309,350;;;;;0,00;0,00;0,00;3,00;4,05;15,311;27,829;0,58;0,53;999998,00;999998,00;999998,00;999998,00;999998,00;999998,00;999998,00;999998,00;999998,00;999998,00;999998,00;999998,00;999998,00;999998,00;999998,00;;;;;;;;;;;;;;;;;491,0430;38,80178;140,9141;0,12662760;0,12662760;0,00193;3,46021;63,8238;20,521635;0,078188;24,273292;26,016437;0,0178;1,7833;2,32;231,60;0,00;0,44;37,28;;260,567;259,643;4,9133762;19,29500;1,44300;0,02000;0,0811024;;44,17;244,00;;;
;;245;19,34600;1,39700;0,010000;92,150;92,66;-27,3700;0,000;101,016;33,600;0,000;418,250;448,150;28,40;844,583;263,196;0,000;577,300;582,900;554,100;309,350;;;;;0,00;0,00;0,00;3,00;4,05;15,334;27,832;0,58;0,53;999998,00;999998,00;999998,00;999998,00;999998,00;999998,00;999998,00;999998,00;999998,00;999998,00;999998,00;999998,00;999998,00;999998,00;999998,00;;;;;;;;;;;;;;;;;492,7206;16,99827;60,0543;0,29003906;0,29003906;-0,00206;1,51540;64,3165;20,512148;0,076291;24,291110;26,027641;0,0174;1,7408;2,33;233,34;0,00;0,44;37,30;;261,511;261,507;4,9301619;19,29300;1,44800;-0,00200;0,0814179;;44,01;245,00;;;
;;246;19,34700;1,39600;-0,001000;90,450;93,48;-27,7500;0,000;101,016;33,600;0,000;418,350;448,150;28,40;844,683;263,196;0,000;577,600;582,900;554,100;309,350;;;;;0,00;0,00;0,00;3,00;4,05;15,303;27,837;0,58;0,54;999998,00;999998,00;999998,00;999998,00;999998,00;999998,00;999998,00;999998,00;999998,00;999998,00;999998,00;999998,00;999998,00;999998,00;999998,00;;;;;;;;;;;;;;;;;489,6599;17,66075;55,0171;0,27742513;0,27742513;-0,00060;1,57504;64,8061;20,319632;0,067485;24,068880;25,783360;0,0153;1,5254;2,35;234,87;0,00;0,44;37,11;;262,444;261,507;4,8995369;19,28600;1,45300;0,00600;0,0816816;;43,63;246,00;;;
;;247;19,34900;1,40600;-0,008000;88,025;92,81;-27,8899;0,000;101,018;33,600;0,000;418,750;448,650;28,40;844,683;263,196;0,000;577,700;582,800;554,100;309,450;;;;;0,00;0,00;0,00;3,00;4,05;15,297;27,835;0,58;0,54;999998,00;999998,00;999998,00;999998,00;999998,00;999998,00;999998,00;999998,00;999998,00;999998,00;999998,00;999998,00;999998,00;999998,00;999998,00;;;;;;;;;;;;;;;;;485,3315;39,10120;134,1699;0,12419637;0,12419637;-0,00042;3,48888;65,2915;20,035817;0,074637;23,755389;25,451594;0,0167;1,6653;2,37;236,53;0,00;0,43;36,79;;263,355;263,349;4,8562272;19,27700;1,46100;0,00700;0,0821102;;43,49;247,00;;;
;;248;19,34900;1,42500;-0,005000;87,600;91,57;-28,0400;0,000;101,020;33,600;0,000;419,150;449,050;28,40;844,517;263,196;0,000;577,200;582,800;554,100;309,350;;;;;0,00;0,00;0,00;3,00;4,05;15,297;27,843;0,58;0,53;999998,00;999998,00;999998,00;999998,00;999998,00;999998,00;999998,00;999998,00;999998,00;999998,00;999998,00;999998,00;999998,00;999998,00;999998,00;;;;;;;;;;;;;;;;;487,6742;35,26620;141,8506;0,13836670;0,13836670;-0,00130;3,14683;65,7791;19,977850;0,088089;23,709287;25,400585;0,0196;1,9616;2,39;238,49;0,00;0,44;36,95;;264,255;263,349;4,8796682;19,26500;1,47200;0,00200;0,0827510;;43,34;248,00;;;
;;249;19,34200;1,43800;0,005000;90,350;91,45;-28,2000;0,000;101,016;33,600;0,000;419,250;448,950;28,40;844,583;263,196;0,000;577,300;582,800;554,200;309,350;;;;;0,00;0,00;0,00;3,00;4,06;15,311;27,827;0,58;0,53;999998,00;999998,00;999998,00;999998,00;999998,00;999998,00;999998,00;999998,00;999998,00;999998,00;999998,00;999998,00;999998,00;999998,00;999998,00;;;;;;;;;;;;;;;;;499,6674;17,54186;70,9938;0,28501383;0,28501383;-0,00060;1,57092;66,2788;20,286587;0,089451;24,081433;25,787380;0,0202;2,0222;2,41;240,52;0,00;0,45;37,90;;265,177;265,190;4,9996716;19,24800;1,49000;0,00600;0,0835026;;43,18;249,00;;;
;;250;19,32700;1,44600;0,010000;88,275;92,08;-28,5701;0,000;101,018;33,600;0,000;419,650;449,450;28,40;844,717;263,196;0,000;577,900;582,700;554,100;309,350;;;;;0,00;0,00;0,00;3,00;4,06;15,282;27,837;0,58;0,53;999998,00;999998,00;999998,00;999998,00;999998,00;999998,00;999998,00;999998,00;999998,00;999998,00;999998,00;999998,00;999998,00;999998,00;999998,00;;;;;;;;;;;;;;;;;498,6168;18,53429;68,5970;0,26918538;0,26918538;0,00188;1,65470;66,7774;20,042722;0,082532;23,814649;25,505765;0,0185;1,8454;2,43;242,36;0,00;0,45;37,87;;266,112;265,190;4,9891598;19,22900;1,50000;0,02000;0,0843495;;42,81;250,00;;;
;;251;19,30800;1,44900;0,038000;92,775;91,76;-28,7100;0,000;101,020;33,600;0,000;420,050;449,850;28,40;844,717;263,196;0,000;577,900;582,700;554,100;309,450;;;;;0,00;0,00;0,00;3,00;4,06;15,322;27,824;0,58;0,53;999998,00;999998,00;999998,00;999998,00;999998,00;999998,00;999998,00;999998,00;999998,00;999998,00;999998,00;999998,00;999998,00;999998,00;999998,00;;;;;;;;;;;;;;;;;512,9342;36,04868;138,5859;0,14237467;0,14237467;0,00193;3,23223;67,2904;20,537445;0,085989;24,425737;26,158595;0,0197;1,9719;2,44;244,33;0,00;0,46;38,99;;267,067;267,111;5,1324198;19,22100;1,51200;0,02000;0,0846843;;42,67;251,00;;;
;;252;19,29500;1,44600;0,037000;92,600;91,69;-28,8899;0,000;101,018;33,600;0,000;420,350;450,350;28,40;844,750;263,196;0,000;578,100;582,600;554,100;309,450;;;;;0,00;0,00;0,00;3,00;4,06;15,290;27,843;0,58;0,53;999998,00;999998,00;999998,00;999998,00;999998,00;999998,00;999998,00;999998,00;999998,00;999998,00;999998,00;999998,00;999998,00;999998,00;999998,00;;;;;;;;;;;;;;;;;516,3383;32,78797;126,3818;0,15757243;0,15757243;0,00337;2,93661;67,8067;20,510743;0,086804;24,411402;26,153622;0,0199;1,9902;2,46;246,32;0,00;0,46;39,27;;268,050;267,111;5,1664806;19,20600;1,52200;0,02800;0,0853639;;42,49;252,00;;;
;;253;19,29000;1,44200;0,034000;88,925;92,21;-29,0500;0,000;101,014;33,700;0,000;420,950;451,350;28,50;844,717;263,196;0,000;578,000;582,600;554,100;309,450;;;;;0,00;0,00;0,00;3,00;4,06;15,286;27,851;0,58;0,53;999998,00;999998,00;999998,00;999998,00;999998,00;999998,00;999998,00;999998,00;999998,00;999998,00;999998,00;999998,00;999998,00;999998,00;999998,00;;;;;;;;;;;;;;;;;509,9292;18,89766;67,6898;0,26999919;0,26999919;0,00064;1,68738;68,3166;20,085291;0,081171;23,939160;25,667989;0,0183;1,8265;2,48;248,15;0,00;0,46;38,70;;269,018;269,043;5,1023519;19,19500;1,53000;0,01300;0,0860954;;42,33;253,00;;;
;;254;19,29300;1,44300;0,015000;84,250;91,79;-29,3999;0,000;101,014;33,700;0,000;421,150;451,750;28,40;844,717;263,196;0,000;578,000;582,600;554,100;309,450;;;;;0,00;0,00;0,00;3,00;4,06;15,307;27,837;0,58;0,53;999998,00;999998,00;999998,00;999998,00;999998,00;999998,00;999998,00;999998,00;999998,00;999998,00;999998,00;999998,00;999998,00;999998,00;999998,00;;;;;;;;;;;;;;;;;497,1800;18,83245;71,1793;0,26416016;0,26416016;0,00149;1,67947;68,8138;19,545554;0,085739;23,306930;25,000370;0,0188;1,8791;2,50;250,03;0,00;0,44;37,75;;269,942;269,043;4,9747829;19,19100;1,53100;0,01800;0,0862628;;41,98;254,00;;;
;;255;19,29700;1,44800;0,020000;84,250;91,79;-29,5500;0,000;101,014;33,700;0,000;421,150;451,750;28,40;844,417;263,196;0,000;577,200;582,500;554,100;309,450;;;;;0,00;0,00;0,00;3,00;4,06;15,320;27,835;0,58;0,53;999998,00;999998,00;999998,00;999998,00;999998,00;999998,00;999998,00;999998,00;999998,00;999998,00;999998,00;999998,00;999998,00;999998,00;999998,00;;;;;;;;;;;;;;;;;498,8800;34,61089;130,3699;0,14422607;0,14422607;0,00063;3,09681;69,3127;19,545554;0,085739;23,306930;25,000370;0,0188;1,8791;2,52;251,91;0,00;0,45;37,88;;270,836;270,889;4,9917931;19,18500;1,54100;0,01300;0,0865600;;41,83;255,00;;;
;;256;19,29500;1,45300;-0,002000;86,450;91,43;-29,7200;0,000;101,018;33,700;0,000;421,650;452,550;28,40;844,650;263,196;0,000;577,900;582,500;554,100;309,450;;;;;0,00;0,00;0,00;3,00;4,06;15,307;27,851;0,58;0,53;999998,00;999998,00;999998,00;999998,00;999998,00;999998,00;999998,00;999998,00;999998,00;999998,00;999998,00;999998,00;999998,00;999998,00;999998,00;;;;;;;;;;;;;;;;;512,2596;34,38942;133,7405;0,14904785;0,14904785;-0,00024;3,07435;69,8249;19,787361;0,089627;23,623283;25,354480;0,0199;1,9922;2,54;253,90;0,00;0,46;38,87;;271,753;270,889;5,1256698;19,16100;1,56100;0,00800;0,0878062;;41,66;256,00;;;
;;257;19,29300;1,46100;0,006000;89,725;91,55;-29,8799;0,000;101,018;33,700;0,000;422,250;453,250;28,40;844,717;263,196;0,000;578,100;582,500;554,100;309,450;;;;;0,00;0,00;0,00;3,00;4,07;15,320;27,824;0,58;0,53;999998,00;999998,00;999998,00;999998,00;999998,00;999998,00;999998,00;999998,00;999998,00;999998,00;999998,00;999998,00;999998,00;999998,00;999998,00;;;;;;;;;;;;;;;;;528,6864;18,83490;71,3268;0,28086344;0,28086344;-0,00291;1,68508;70,3536;20,144354;0,088341;24,083703;25,851838;0,0200;2,0021;2,56;255,90;0,00;0,47;40,07;;272,721;272,779;5,2900357;19,13900;1,58300;-0,00700;0,0890260;;41,50;257,00;;;
;;258;19,28600;1,47200;0,007000;90,675;91,00;-30,2500;0,000;101,014;33,700;0,000;422,650;453,450;28,50;844,450;263,196;0,000;577,400;582,400;554,100;309,450;;;;;0,00;0,00;0,00;3,00;4,07;15,299;27,845;0,58;0,52;999998,00;999998,00;999998,00;999998,00;999998,00;999998,00;999998,00;999998,00;999998,00;999998,00;999998,00;999998,00;999998,00;999998,00;999998,00;;;;;;;;;;;;;;;;;535,3743;18,57728;74,5519;0,28836060;0,28836060;-0,00132;1,65667;70,8890;20,241131;0,094305;24,222331;25,987498;0,0215;2,1485;2,58;258,05;0,00;0,48;40,59;;273,726;272,779;5,3569557;19,12400;1,59000;0,00200;0,0897285;;41,13;258,00;;;
;;259;19,27700;1,49000;0,002000;90,475;91,57;-30,4199;0,000;101,018;33,700;0,000;422,750;453,850;28,40;844,550;263,203;0,000;577,700;582,400;554,100;309,450;;;;;0,00;0,00;0,00;3,00;4,07;15,303;27,848;0,58;0,53;999998,00;999998,00;999998,00;999998,00;999998,00;999998,00;999998,00;999998,00;999998,00;999998,00;999998,00;999998,00;999998,00;999998,00;999998,00;;;;;;;;;;;;;;;;;534,3189;41,94509;157,4328;0,12746175;0,12746175;0,00029;3,74822;71,4233;20,216404;0,088057;24,198465;25,978647;0,0201;2,0055;2,60;260,06;0,00;0,48;40,57;;274,734;274,777;5,3463947;19,12300;1,59200;0,01100;0,0896612;;40,96;259,00;;;
;;260;19,26500;1,50000;0,006000;87,375;90,61;-30,5800;0,000;101,018;33,700;0,000;423,350;454,950;28,50;844,583;263,196;0,000;577,900;582,300;554,100;309,450;;;;;0,00;0,00;0,00;3,00;4,07;15,297;27,840;0,58;0,52;999998,00;999998,00;999998,00;999998,00;999998,00;999998,00;999998,00;999998,00;999998,00;999998,00;999998,00;999998,00;999998,00;999998,00;999998,00;;;;;;;;;;;;;;;;;526,2916;17,16945;72,1589;0,30671183;0,30671183;0,00064;1,52967;71,9496;19,852959;0,098659;23,797158;25,573443;0,0221;2,2119;2,62;262,27;0,00;0,47;39,95;;275,717;274,777;5,2660741;19,11800;1,59200;0,01300;0,0899337;;40,80;260,00;;;
;;261;19,24800;1,51200;0,020000;90,500;92,31;-30,9900;0,000;101,014;33,700;0,000;424,250;456,350;28,50;844,417;263,203;0,000;577,500;582,300;554,000;309,450;;;;;0,00;0,00;0,00;3,00;4,07;15,286;27,861;0,58;0,53;999998,00;999998,00;999998,00;999998,00;999998,00;999998,00;999998,00;999998,00;999998,00;999998,00;999998,00;999998,00;999998,00;999998,00;999998,00;;;;;;;;;;;;;;;;;535,4521;18,31508;62,5959;0,29253133;0,29253133;-0,00078;1,62736;72,4851;20,183422;0,080044;24,244706;26,079132;0,0183;1,8300;2,64;264,10;0,00;0,48;40,59;;276,695;276,770;5,3577333;19,11900;1,58900;0,00500;0,0900009;;40,39;261,00;;;
;;262;19,22900;1,52200;0,020000;87,575;91,92;-31,1300;0,000;101,016;33,700;0,000;424,850;457,150;28,50;844,483;263,196;0,000;577,700;582,300;554,000;309,450;;;;;0,00;0,00;0,00;3,00;4,07;15,317;27,856;0,58;0,53;999998,00;999998,00;999998,00;999998,00;999998,00;999998,00;999998,00;999998,00;999998,00;999998,00;999998,00;999998,00;999998,00;999998,00;999998,00;;;;;;;;;;;;;;;;;523,5043;37,87675;137,2067;0,13829549;0,13829549;0,00239;3,38163;73,0086;19,840550;0,084232;23,866547;25,681045;0,0190;1,8964;2,66;265,99;0,00;0,47;39,79;;277,660;276,770;5,2381840;19,12400;1,58800;0,02300;0,0895103;;40,25;262,00;;;
;;263;19,22100;1,53000;0,028000;86,275;90,22;-31,3099;0,000;101,016;33,700;0,000;425,150;457,350;28,50;845,083;263,196;0,000;579,500;582,200;554,100;309,450;;;;;0,00;0,00;0,00;3,00;4,07;15,255;27,856;0,58;0,52;999998,00;999998,00;999998,00;999998,00;999998,00;999998,00;999998,00;999998,00;999998,00;999998,00;999998,00;999998,00;999998,00;999998,00;999998,00;;;;;;;;;;;;;;;;;522,7494;32,02690;140,9583;0,16331991;0,16331991;-0,00024;2,86144;73,5313;19,685789;0,102952;23,697104;25,491875;0,0230;2,3007;2,68;268,30;0,00;0,47;39,68;;278,593;278,689;5,2306305;19,11500;1,59900;0,00800;0,0900880;;40,07;263,00;;;
;;264;19,20600;1,53100;0,013000;87,850;89,91;-31,4800;0,000;101,020;33,700;0,000;425,650;458,150;28,40;844,817;263,203;0,000;578,700;582,200;554,100;309,450;;;;;0,00;0,00;0,00;3,00;4,07;15,282;27,840;0,58;0,52;999998,00;999998,00;999998,00;999998,00;999998,00;999998,00;999998,00;999998,00;999998,00;999998,00;999998,00;999998,00;999998,00;999998,00;999998,00;;;;;;;;;;;;;;;;;532,6889;19,44009;87,6749;0,27418009;0,27418009;-0,00059;1,73225;74,0640;19,852993;0,106410;23,926485;25,753363;0,0240;2,4024;2,71;270,70;0,00;0,47;40,41;;279,537;278,689;5,3300847;19,09700;1,61100;0,00600;0,0910365;;39,90;264,00;;;
;;265;19,19500;1,54100;0,018000;91,150;90,89;-31,8300;0,000;101,020;33,700;0,000;426,050;458,250;28,50;844,783;263,203;0,000;578,600;582,200;554,100;309,450;;;;;0,00;0,00;0,00;3,00;4,08;15,276;27,875;0,58;0,52;999998,00;999998,00;999998,00;999998,00;999998,00;999998,00;999998,00;999998,00;999998,00;999998,00;999998,00;999998,00;999998,00;999998,00;999998,00;;;;;;;;;;;;;;;;;546,0656;19,86855;79,8964;0,27500407;0,27500407;-0,00060;1,77187;74,6101;20,212941;0,095508;24,383179;26,226012;0,0220;2,1959;2,73;272,89;0,00;0,49;41,43;;280,517;280,619;5,4639322;19,08400;1,62300;0,00600;0,0916668;;39,55;265,00;;;
;;266;19,19100;1,56100;0,013000;85,750;91,37;-32,0000;0,000;101,016;33,700;0,000;426,450;458,950;28,50;844,817;263,196;0,000;578,800;582,100;554,100;309,450;;;;;0,00;0,00;0,00;3,00;4,08;15,299;27,859;0,58;0,53;999998,00;999998,00;999998,00;999998,00;999998,00;999998,00;999998,00;999998,00;999998,00;999998,00;999998,00;999998,00;999998,00;999998,00;999998,00;;;;;;;;;;;;;;;;;531,1517;39,11189;148,3268;0,13588460;0,13588460;-0,00145;3,48529;75,1412;19,595865;0,090233;23,660986;25,464203;0,0202;2,0143;2,75;274,91;0,00;0,47;40,28;;281,487;280,619;5,3147036;19,07900;1,62700;0,00100;0,0919735;;39,38;266,00;;;
;;267;19,18500;1,58300;0,008000;87,300;89,90;-32,1700;0,000;101,016;33,700;0,000;426,950;459,950;28,50;844,917;263,203;0,000;579,100;582,100;554,100;309,450;;;;;0,00;0,00;0,00;3,00;4,08;15,294;27,835;0,58;0,52;999998,00;999998,00;999998,00;999998,00;999998,00;999998,00;999998,00;999998,00;999998,00;999998,00;999998,00;999998,00;999998,00;999998,00;999998,00;;;;;;;;;;;;;;;;;536,3821;17,54636;78,6280;0,30587769;0,30587769;-0,00059;1,56530;75,6776;19,760597;0,106541;23,887865;25,734216;0,0241;2,4036;2,77;277,31;0,00;0,48;40,70;;282,432;282,571;5,3670393;19,07500;1,63100;0,00600;0,0921066;;39,21;267,00;;;
;;268;19,16100;1,59000;-0,007000;89,925;91,14;-32,5701;0,000;101,018;33,700;0,000;427,650;460,950;28,50;845,117;263,196;0,000;579,700;582,100;554,100;309,450;;;;;0,00;0,00;0,00;3,00;4,08;15,292;27,864;0,58;0,53;999998,00;999998,00;999998,00;999998,00;999998,00;999998,00;999998,00;999998,00;999998,00;999998,00;999998,00;999998,00;999998,00;999998,00;999998,00;;;;;;;;;;;;;;;;;545,2653;18,65528;72,7621;0,29246012;0,29246012;-0,00042;1,66543;76,2229;20,039064;0,092757;24,264211;26,153603;0,0213;2,1267;2,80;279,44;0,00;0,49;41,39;;283,396;282,571;5,4559244;19,07000;1,63600;0,00700;0,0923331;;38,81;268,00;;;
;;269;19,13900;1,59200;0,002000;85,425;91,00;-32,7200;0,000;101,020;33,700;0,000;428,150;461,550;28,50;845,383;263,196;0,000;580,500;582,100;554,100;309,450;;;;;0,00;0,00;0,00;3,00;4,08;15,305;27,875;0,58;0,53;999998,00;999998,00;999998,00;999998,00;999998,00;999998,00;999998,00;999998,00;999998,00;999998,00;999998,00;999998,00;999998,00;999998,00;999998,00;;;;;;;;;;;;;;;;;533,0033;38,35526;151,7436;0,13904826;0,13904826;0,00235;3,43793;76,7559;19,519827;0,094294;23,663129;25,509091;0,0211;2,1087;2,82;281,55;0,00;0,48;40,55;;284,347;284,445;5,3332315;19,05900;1,64800;0,02300;0,0926621;;38,66;269,00;;;
;;270;19,12400;1,59200;0,011000;87,325;90,46;-32,8899;0,000;101,016;33,700;0,000;428,550;461,950;28,50;845,617;263,203;0,000;581,400;581,900;554,100;309,450;;;;;0,00;0,00;0,00;3,00;4,08;15,305;27,869;0,58;0,52;999998,00;999998,00;999998,00;999998,00;999998,00;999998,00;999998,00;999998,00;999998,00;999998,00;999998,00;999998,00;999998,00;999998,00;999998,00;;;;;;;;;;;;;;;;;544,6483;35,33388;147,0947;0,15423584;0,15423584;0,00063;3,16549;77,3005;19,726498;0,100240;23,936010;25,801516;0,0227;2,2674;2,84;283,81;0,00;0,49;41,40;;285,290;284,445;5,4497510;19,04000;1,66500;0,01300;0,0937039;;38,49;270,00;;;
;;271;19,12300;1,58900;0,013000;92,800;90,54;-33,0601;0,000;101,020;33,700;0,000;428,850;461,850;28,50;845,583;263,196;0,000;581,300;581,900;554,100;309,450;;;;;0,00;0,00;0,00;3,00;4,08;15,284;27,851;0,58;0,52;999998,00;999998,00;999998,00;999998,00;999998,00;999998,00;999998,00;999998,00;999998,00;999998,00;999998,00;999998,00;999998,00;999998,00;999998,00;;;;;;;;;;;;;;;;;566,4906;19,43215;79,4498;0,29169718;0,29169718;0,00209;1,73870;77,8670;20,328378;0,099386;24,683595;26,582997;0,0232;2,3161;2,86;286,13;0,00;0,51;43,09;;286,287;286,403;5,6683046;19,02100;1,67800;0,02100;0,0945854;;38,32;271,00;;;
;;272;19,11800;1,58800;0,005000;88,100;91,11;-33,4399;0,000;101,018;33,700;0,000;429,150;462,450;28,50;845,317;263,196;0,000;580,500;581,900;554,100;309,450;;;;;0,00;0,00;0,00;3,00;4,08;15,309;27,891;0,58;0,53;999998,00;999998,00;999998,00;999998,00;999998,00;999998,00;999998,00;999998,00;999998,00;999998,00;999998,00;999998,00;999998,00;999998,00;999998,00;;;;;;;;;;;;;;;;;552,0560;18,67520;71,5765;0,29578654;0,29578654;0,00448;1,66702;78,4191;19,799983;0,093094;24,058814;25,925664;0,0212;2,1159;2,88;288,25;0,00;0,49;42,03;;287,291;286,403;5,5238722;19,01800;1,67500;0,03500;0,0946369;;37,94;272,00;;;
;;273;19,11900;1,59900;0,023000;88,100;91,51;-33,6200;0,000;101,022;33,700;0,000;429,750;463,350;28,50;845,150;263,196;0,000;580,100;581,800;554,100;309,450;;;;;0,00;0,00;0,00;3,00;4,09;15,299;27,872;0,58;0,53;999998,00;999998,00;999998,00;999998,00;999998,00;999998,00;999998,00;999998,00;999998,00;999998,00;999998,00;999998,00;999998,00;999998,00;999998,00;;;;;;;;;;;;;;;;;550,8395;35,36698;129,6560;0,15584310;0,15584310;0,00291;3,16371;78,9699;19,786156;0,088739;24,075627;25,957979;0,0202;2,0194;2,90;290,27;0,00;0,49;41,92;;288,258;288,398;5,5117002;19,02200;1,67600;0,02600;0,0944921;;37,76;273,00;;;
;;274;19,12400;1,61100;0,008000;86,250;90,49;-33,8199;0,000;101,022;33,700;0,000;430,250;464,250;28,50;844,917;263,196;0,000;579,400;581,800;554,100;309,450;;;;;0,00;0,00;0,00;3,00;4,09;15,305;27,848;0,58;0,52;999998,00;999998,00;999998,00;999998,00;999998,00;999998,00;999998,00;999998,00;999998,00;999998,00;999998,00;999998,00;999998,00;999998,00;999998,00;;;;;;;;;;;;;;;;;548,2225;16,66557;68,5117;0,32915243;0,32915243;0,00149;1,49126;79,5181;19,565932;0,099957;23,835359;25,718920;0,0226;2,2537;2,93;292,52;0,00;0,49;41,69;;289,212;288,398;5,4855140;19,01100;1,68700;0,01800;0,0951071;;37,56;274,00;;;
;;275;19,11500;1,62300;0,006000;84,850;91,99;-34,2300;0,000;101,022;33,700;0,000;431,050;465,450;28,50;844,683;263,196;0,000;578,900;581,600;554,100;309,450;;;;;0,00;0,00;0,00;3,00;4,09;15,338;27,861;0,58;0,53;999998,00;999998,00;999998,00;999998,00;999998,00;999998,00;999998,00;999998,00;999998,00;999998,00;999998,00;999998,00;999998,00;999998,00;999998,00;;;;;;;;;;;;;;;;;546,1176;18,89541;64,7570;0,28919474;0,28919474;-0,00006;1,68807;80,0643;19,388470;0,083554;23,663090;25,551526;0,0187;1,8716;2,95;294,39;0,00;0,49;41,48;;290,150;290,289;5,4644524;19,00300;1,69300;0,00900;0,0956133;;37,15;275,00;;;
;;276;19,09700;1,62700;0,006000;84,125;90,31;-34,3700;0,000;101,018;33,700;0,000;431,250;465,350;28,50;844,650;263,196;0,000;578,800;581,600;554,100;309,450;;;;;0,00;0,00;0,00;3,00;4,09;15,278;27,861;0,58;0,52;999998,00;999998,00;999998,00;999998,00;999998,00;999998,00;999998,00;999998,00;999998,00;999998,00;999998,00;999998,00;999998,00;999998,00;999998,00;;;;;;;;;;;;;;;;;543,6504;39,31124;164,3606;0,13837687;0,13837687;0,00096;3,49918;80,6079;19,300982;0,101955;23,567244;25,430764;0,0227;2,2730;2,97;296,66;0,00;0,48;41,29;;291,073;290,289;5,4397658;19,00300;1,68700;0,01500;0,0956133;;37,01;276,00;;;
;;277;19,08400;1,63100;0,001000;89,125;90,18;-34,5500;0,000;101,022;33,700;0,000;431,450;465,250;28,50;844,517;263,203;0,000;578,500;581,500;554,100;309,450;;;;;0,00;0,00;0,00;3,00;4,09;15,286;27,856;0,58;0,52;999998,00;999998,00;999998,00;999998,00;999998,00;999998,00;999998,00;999998,00;999998,00;999998,00;999998,00;999998,00;999998,00;999998,00;999998,00;;;;;;;;;;;;;;;;;557,4871;34,68663;147,5997;0,16081746;0,16081746;-0,00164;3,08514;81,1654;19,861680;0,103424;24,263124;26,163909;0,0237;2,3722;2,99;299,04;0,00;0,50;42,27;;292,010;292,178;5,5782160;19,01300;1,68000;0,00000;0,0952743;;36,83;277,00;;;
;;278;19,07900;1,63600;0,006000;89,200;91,20;-34,7200;0,000;101,022;33,700;0,000;432,050;466,450;28,50;844,517;263,203;0,000;578,500;581,500;554,100;309,450;;;;;0,00;0,00;0,00;3,00;4,09;15,299;27,851;0,58;0,53;999998,00;999998,00;999998,00;999998,00;999998,00;999998,00;999998,00;999998,00;999998,00;999998,00;999998,00;999998,00;999998,00;999998,00;999998,00;;;;;;;;;;;;;;;;;557,3362;19,12347;72,6756;0,29161580;0,29161580;-0,00234;1,70507;81,7227;19,856233;0,092130;24,290203;26,224199;0,0212;2,1181;3,01;301,15;0,00;0,50;42,26;;292,964;292,178;5,5767063;19,01300;1,68400;-0,00400;0,0952743;;36,66;278,00;;;
;;279;19,07500;1,64800;0,007000;90,025;90,59;-35,1000;0,000;101,026;33,700;0,000;432,750;466,850;28,40;844,617;263,203;0,000;578,800;581,500;554,100;309,450;;;;;0,00;0,00;0,00;3,00;4,09;15,336;27,875;0,58;0,52;999998,00;999998,00;999998,00;999998,00;999998,00;999998,00;999998,00;999998,00;999998,00;999998,00;999998,00;999998,00;999998,00;999998,00;999998,00;;;;;;;;;;;;;;;;;561,9633;19,27686;78,3122;0,29169718;0,29169718;-0,00094;1,72258;82,2847;19,931706;0,098843;24,422033;26,346449;0,0228;2,2830;3,04;303,44;0,00;0,50;42,66;;293,920;294,095;5,6230050;19,00200;1,69500;0,00400;0,0957066;;36,28;279,00;;;
;;280;19,07000;1,66500;0,023000;86,100;90,54;-35,2700;0,000;101,022;33,700;0,000;433,150;467,150;28,50;844,783;263,196;0,000;579,400;581,400;554,100;309,450;;;;;0,00;0,00;0,00;3,00;4,10;15,299;27,861;0,58;0,52;999998,00;999998,00;999998,00;999998,00;999998,00;999998,00;999998,00;999998,00;999998,00;999998,00;999998,00;999998,00;999998,00;999998,00;999998,00;;;;;;;;;;;;;;;;;552,0153;39,67112;161,4674;0,13923136;0,13923136;-0,00092;3,53844;82,8367;19,483360;0,099450;23,894747;25,770359;0,0225;2,2468;3,06;305,68;0,00;0,49;41,90;;294,860;294,095;5,5234648;18,99300;1,70000;0,00400;0,0961804;;36,11;280,00;;;
;;281;19,05900;1,67800;0,013000;85,700;89,84;-35,4501;0,000;101,022;33,700;0,000;433,150;466,650;28,40;844,750;263,196;0,000;579,300;581,400;554,100;309,450;;;;;0,00;0,00;0,00;3,00;4,10;15,299;27,867;0,58;0,52;999998,00;999998,00;999998,00;999998,00;999998,00;999998,00;999998,00;999998,00;999998,00;999998,00;999998,00;999998,00;999998,00;999998,00;999998,00;;;;;;;;;;;;;;;;;550,2186;17,71385;77,7172;0,31080119;0,31080119;0,00165;1,57953;83,3869;19,438050;0,107216;23,839178;25,682910;0,0242;2,4140;3,08;308,10;0,00;0,49;41,82;;295,772;295,960;5,5054870;18,99200;1,69800;0,01900;0,0960913;;35,93;281,00;;;
;;282;19,04000;1,67500;0,021000;84,700;90,26;-35,8500;0,000;101,022;33,700;0,000;433,450;467,050;28,50;844,717;263,196;0,000;579,300;581,300;554,100;309,450;;;;;0,00;0,00;0,00;3,00;4,10;15,276;27,872;0,58;0,52;999998,00;999998,00;999998,00;999998,00;999998,00;999998,00;999998,00;999998,00;999998,00;999998,00;999998,00;999998,00;999998,00;999998,00;999998,00;;;;;;;;;;;;;;;;;546,0150;18,41827;77,3979;0,29663086;0,29663086;0,00215;1,64374;83,9329;19,317621;0,102455;23,707891;25,545669;0,0230;2,2945;3,11;310,39;0,00;0,49;41,52;;296,666;295,960;5,4634261;18,99400;1,69700;0,02200;0,0959505;;35,53;282,00;;;
;;283;19,02100;1,67600;0,035000;86,025;90,10;-36,0100;0,000;101,024;33,700;0,000;433,850;467,250;28,40;844,683;263,196;0,000;579,200;581,300;554,100;309,450;;;;;0,00;0,00;0,00;3,00;4,10;15,317;27,872;0,58;0,52;999998,00;999998,00;999998,00;999998,00;999998,00;999998,00;999998,00;999998,00;999998,00;999998,00;999998,00;999998,00;999998,00;999998,00;999998,00;;;;;;;;;;;;;;;;;549,8307;42,59844;182,3600;0,12915039;0,12915039;0,00286;3,81220;84,4828;19,459155;0,104293;23,903629;25,743854;0,0236;2,3538;3,13;312,75;0,00;0,49;41,85;;297,554;297,756;5,5016056;18,99300;1,70100;0,02600;0,0959182;;35,37;283,00;;;
;;284;19,01800;1,68700;0,026000;84,275;91,82;-36,1899;0,000;101,022;33,700;0,000;434,350;468,050;28,40;844,750;263,203;0,000;579,400;581,300;554,100;309,450;;;;;0,00;0,00;0,00;3,00;4,10;15,330;27,883;0,58;0,53;999998,00;999998,00;999998,00;999998,00;999998,00;999998,00;999998,00;999998,00;999998,00;999998,00;999998,00;999998,00;999998,00;999998,00;999998,00;;;;;;;;;;;;;;;;;547,2960;16,55351;57,7122;0,33082072;0,33082072;0,00232;1,48289;85,0301;19,249121;0,085322;23,672875;25,509587;0,0191;1,9081;3,15;314,65;0,00;0,49;41,65;;298,438;297,756;5,4762434;18,98100;1,71300;0,02300;0,0965236;;35,19;284,00;;;
;;285;19,02200;1,69300;0,018000;88,825;90,89;-36,6200;0,000;101,014;33,700;0,000;434,450;467,850;28,50;844,517;263,196;0,000;578,800;581,200;554,100;309,450;;;;;0,00;0,00;0,00;3,00;4,10;15,315;27,880;0,58;0,52;999998,00;999998,00;999998,00;999998,00;999998,00;999998,00;999998,00;999998,00;999998,00;999998,00;999998,00;999998,00;999998,00;999998,00;999998,00;;;;;;;;;;;;;;;;;566,9332;18,69811;72,3310;0,30338542;0,30338542;0,00220;1,67084;85,5970;19,759645;0,095574;24,306320;26,174961;0,0219;2,1931;3,17;316,85;0,00;0,51;43,13;;299,346;299,585;5,6727334;18,96400;1,72400;0,02200;0,0974125;;34,76;285,00;;;
;;286;19,01100;1,68700;0,009000;83,800;90,53;-36,7600;0,000;101,024;33,700;0,000;434,850;468,450;28,40;844,350;263,203;0,000;578,300;581,200;554,100;309,450;;;;;0,00;0,00;0,00;3,00;4,10;15,315;27,875;0,58;0,52;999998,00;999998,00;999998,00;999998,00;999998,00;999998,00;999998,00;999998,00;999998,00;999998,00;999998,00;999998,00;999998,00;999998,00;999998,00;;;;;;;;;;;;;;;;;551,3800;42,45431;170,8274;0,12995402;0,12995402;0,00095;3,78022;86,1484;19,183759;0,099461;23,619650;25,444693;0,0222;2,2186;3,19;319,07;0,00;0,49;41,89;;300,254;299,585;5,5171079;18,96300;1,72100;0,01500;0,0975853;;34,62;286,00;;;
;;287;19,00300;1,68000;0,015000;85,775;90,11;-36,9299;0,000;101,016;33,700;0,000;435,150;468,650;28,50;844,317;263,203;0,000;578,200;581,200;554,100;309,450;;;;;0,00;0,00;0,00;3,00;4,10;15,297;27,910;0,58;0,52;999998,00;999998,00;999998,00;999998,00;999998,00;999998,00;999998,00;999998,00;999998,00;999998,00;999998,00;999998,00;999998,00;999998,00;999998,00;;;;;;;;;;;;;;;;;555,1606;34,90396;147,8149;0,15914917;0,15914917;0,00079;3,10878;86,7035;19,401812;0,104168;23,904604;25,744899;0,0235;2,3511;3,22;321,42;0,00;0,49;42,17;;301,136;301,407;5,5549366;18,97200;1,71400;0,01400;0,0971456;;34,45;287,00;;;
;;288;19,00300;1,68400;0,000000;88,900;88,94;-37,1100;0,000;101,018;33,700;0,000;435,650;469,350;28,40;844,150;263,203;0,000;577,800;581,100;554,100;309,450;;;;;0,00;0,00;0,00;3,00;4,11;15,301;27,902;0,58;0,51;999998,00;999998,00;999998,00;999998,00;999998,00;999998,00;999998,00;999998,00;999998,00;999998,00;999998,00;999998,00;999998,00;999998,00;999998,00;;;;;;;;;;;;;;;;;565,4548;18,19961;86,8091;0,31088257;0,31088257;-0,00146;1,62316;87,2690;19,740741;0,117275;24,350139;26,233760;0,0270;2,6971;3,24;324,11;0,00;0,50;42,91;;302,036;301,407;5,6579406;18,97200;1,71800;0,00100;0,0972481;;34,27;288,00;;;
;;289;19,01300;1,69500;-0,004000;86,200;89,74;-37,5100;0,000;101,014;33,700;0,000;436,050;469,950;28,40;844,117;263,196;0,000;577,700;581,100;554,100;309,450;;;;;0,00;0,00;0,00;3,00;4,11;15,294;27,886;0,58;0,51;999998,00;999998,00;999998,00;999998,00;999998,00;999998,00;999998,00;999998,00;999998,00;999998,00;999998,00;999998,00;999998,00;999998,00;999998,00;;;;;;;;;;;;;;;;;559,1966;18,85838;82,7636;0,29670207;0,29670207;0,00011;1,68598;87,8282;19,429737;0,108279;23,988521;25,853470;0,0246;2,4541;3,27;326,57;0,00;0,50;42,49;;302,936;303,177;5,5953209;18,96000;1,73000;0,01000;0,0977167;;33,87;289,00;;;
;;290;19,01300;1,70000;0,004000;86,550;89,23;-37,6700;0,000;101,012;33,700;0,000;436,250;469,950;28,50;844,083;263,203;0,000;577,600;581,100;554,100;309,450;;;;;0,00;0,00;0,00;3,00;4,11;15,347;27,891;0,58;0,51;999998,00;999998,00;999998,00;999998,00;999998,00;999998,00;999998,00;999998,00;999998,00;999998,00;999998,00;999998,00;999998,00;999998,00;999998,00;;;;;;;;;;;;;;;;;563,6657;42,84355;196,6896;0,13164266;0,13164266;0,00234;3,83166;88,3919;19,464679;0,113968;24,042685;25,899965;0,0259;2,5877;3,29;329,16;0,00;0,50;42,89;;303,828;303,177;5,6400394;18,94500;1,74100;0,02300;0,0983282;;33,71;290,00;;;
;;291;19,00200;1,69800;0,004000;91,075;89,88;-37,8500;0,000;101,012;33,700;0,000;436,350;469,650;28,40;844,117;263,203;0,000;577,800;581,000;554,100;309,450;;;;;0,00;0,00;0,00;3,00;4,11;15,315;27,878;0,58;0,51;999998,00;999998,00;999998,00;999998,00;999998,00;999998,00;999998,00;999998,00;999998,00;999998,00;999998,00;999998,00;999998,00;999998,00;999998,00;;;;;;;;;;;;;;;;;581,1251;18,65818;79,7528;0,31164551;0,31164551;0,00311;1,66796;88,9730;19,964735;0,106727;24,666004;26,548387;0,0249;2,4840;3,32;331,64;0,00;0,52;44,24;;304,751;305,012;5,8147377;18,93400;1,74900;0,02700;0,0988404;;33,53;291,00;;;
;;292;18,99300;1,69700;0,019000;89,775;90,54;-38,2500;0,000;101,012;33,700;0,000;436,850;470,650;28,40;844,117;263,196;0,000;577,800;581,000;554,100;309,450;;;;;0,00;0,00;0,00;3,00;4,11;15,286;27,875;0,58;0,52;999998,00;999998,00;999998,00;999998,00;999998,00;999998,00;999998,00;999998,00;999998,00;999998,00;999998,00;999998,00;999998,00;999998,00;999998,00;;;;;;;;;;;;;;;;;577,7208;19,48777;77,6067;0,29663086;0,29663086;0,00256;1,74089;89,5507;19,810388;0,099410;24,503357;26,399233;0,0230;2,3007;3,34;333,94;0,00;0,52;43,96;;305,691;305,012;5,7806745;18,93100;1,75100;0,02400;0,0990286;;33,13;292,00;;;
;;293;18,99200;1,70100;0,022000;80,675;91,27;-38,4099;0,000;101,014;33,700;0,000;437,450;471,850;28,50;844,183;263,203;0,000;578,000;581,000;554,100;309,450;;;;;0,00;0,00;0,00;3,00;4,11;15,326;27,888;0,58;0,52;999998,00;999998,00;999998,00;999998,00;999998,00;999998,00;999998,00;999998,00;999998,00;999998,00;999998,00;999998,00;999998,00;999998,00;999998,00;;;;;;;;;;;;;;;;;548,5640;36,59933;133,9648;0,14997355;0,14997355;0,00126;3,26571;90,0993;18,766648;0,091352;23,244243;25,072113;0,0201;2,0079;3,36;335,95;0,00;0,49;41,71;;306,570;306,785;5,4889317;18,92800;1,75300;0,01700;0,0992622;;32,97;293,00;;;
;;294;18,99400;1,71300;0,026000;85,025;91,07;-38,5900;0,000;101,018;33,700;0,000;438,050;472,750;28,50;844,117;263,203;0,000;577,800;581,000;554,100;309,450;;;;;0,00;0,00;0,00;3,00;4,11;15,307;27,896;0,58;0,52;999998,00;999998,00;999998,00;999998,00;999998,00;999998,00;999998,00;999998,00;999998,00;999998,00;999998,00;999998,00;999998,00;999998,00;999998,00;;;;;;;;;;;;;;;;;563,5088;34,33162;128,7433;0,16423543;0,16423543;0,00198;3,05938;90,6628;19,252756;0,093534;23,879040;25,770612;0,0211;2,1132;3,38;338,06;0,00;0,50;42,85;;307,418;306,785;5,6384687;18,92500;1,75300;0,02100;0,0993936;;32,79;294,00;;;
;;295;18,99300;1,72400;0,023000;87,725;90,88;-38,7700;0,000;101,018;33,700;0,000;438,450;473,150;28,50;844,150;263,203;0,000;577,900;581,000;554,100;309,450;;;;;0,00;0,00;0,00;3,00;4,11;15,338;27,899;0,57;0,52;999998,00;999998,00;999998,00;999998,00;999998,00;999998,00;999998,00;999998,00;999998,00;999998,00;999998,00;999998,00;999998,00;999998,00;999998,00;;;;;;;;;;;;;;;;;569,9010;18,90056;72,8429;0,30170695;0,30170695;0,00287;1,68391;91,2327;19,547134;0,095674;24,266293;26,186786;0,0220;2,1964;3,40;340,26;0,00;0,51;43,36;;308,297;308,497;5,7024296;18,93200;1,74600;0,02600;0,0990037;;32,61;295,00;;;
;;296;18,98100;1,72100;0,022000;85,600;89,95;-39,1600;0,000;101,018;33,700;0,000;438,850;473,650;28,50;844,317;263,203;0,000;578,500;580,900;554,100;309,450;;;;;0,00;0,00;0,00;3,00;4,12;15,318;27,910;0,57;0,51;999998,00;999998,00;999998,00;999998,00;999998,00;999998,00;999998,00;999998,00;999998,00;999998,00;999998,00;999998,00;999998,00;999998,00;999998,00;;;;;;;;;;;;;;;;;560,4758;18,04408;77,4018;0,31080119;0,31080119;0,00079;1,60923;91,7932;19,300131;0,105955;23,981516;25,883207;0,0241;2,4042;3,43;342,66;0,00;0,50;42,59;;309,165;308,497;5,6081211;18,94200;1,74100;0,01400;0,0986074;;32,22;296,00;;;
;;297;18,96400;1,71400;0,015000;84,925;89,92;-39,3500;0,000;101,016;33,700;0,000;439,050;473,850;28,50;844,417;263,203;0,000;578,700;580,900;554,200;309,450;;;;;0,00;0,00;0,00;3,00;4,12;15,347;27,899;0,57;0,51;999998,00;999998,00;999998,00;999998,00;999998,00;999998,00;999998,00;999998,00;999998,00;999998,00;999998,00;999998,00;999998,00;999998,00;999998,00;;;;;;;;;;;;;;;;;556,0762;42,80585;184,8413;0,12998454;0,12998454;0,00113;3,81813;92,3492;19,219506;0,106221;23,892218;25,785965;0,0240;2,4012;3,45;345,06;0,00;0,50;42,27;;310,004;310,211;5,5640980;18,94900;1,73500;0,01600;0,0982402;;32,03;297,00;;;
;;298;18,96300;1,71800;0,014000;84,500;91,05;-39,5000;0,000;101,014;33,700;0,000;439,550;474,550;28,40;844,517;263,203;0,000;579,000;580,900;554,200;309,450;;;;;0,00;0,00;0,00;3,00;4,12;15,324;27,899;0,57;0,52;999998,00;999998,00;999998,00;999998,00;999998,00;999998,00;999998,00;999998,00;999998,00;999998,00;999998,00;999998,00;999998,00;999998,00;999998,00;;;;;;;;;;;;;;;;;554,8813;17,91145;68,3602;0,30997721;0,30997721;-0,00091;1,59995;92,9041;19,160448;0,093832;23,845927;25,744704;0,0212;2,1177;3,47;347,18;0,00;0,50;42,14;;310,828;310,211;5,5521420;18,94900;1,73900;0,00400;0,0983311;;31,88;298,00;;;
;;299;18,97200;1,73000;0,001000;86,825;89,47;-39,9299;0,000;101,012;33,700;0,000;439,650;474,350;28,40;844,350;263,203;0,000;578,500;580,900;554,200;309,450;;;;;0,00;0,00;0,00;3,00;4,12;15,315;27,902;0,57;0,51;999998,00;999998,00;999998,00;999998,00;999998,00;999998,00;999998,00;999998,00;999998,00;999998,00;999998,00;999998,00;999998,00;999998,00;999998,00;;;;;;;;;;;;;;;;;565,8892;18,21836;81,9536;0,31080119;0,31080119;-0,00109;1,62593;93,4700;19,420048;0,111328;24,174508;26,082515;0,0255;2,5456;3,50;349,73;0,00;0,51;42,97;;311,662;311,888;5,6622876;18,93700;1,74800;0,00300;0,0989476;;31,45;299,00;;;
;;300;18,97200;1,74100;0,010000;85,725;90,64;-40,0800;0,000;101,016;33,700;0,000;439,850;474,450;28,40;844,017;263,203;0,000;577,600;580,800;554,200;309,450;;;;;0,00;0,00;0,00;3,00;4,12;15,315;27,878;0,57;0,52;999998,00;999998,00;999998,00;999998,00;999998,00;999998,00;999998,00;999998,00;999998,00;999998,00;999998,00;999998,00;999998,00;999998,00;999998,00;;;;;;;;;;;;;;;;;562,8925;39,50891;156,7481;0,14255778;0,14255778;-0,00125;3,52149;94,0329;19,292251;0,098293;24,026348;25,916337;0,0223;2,2332;3,52;351,96;0,00;0,50;42,73;;312,505;311,888;5,6323022;18,93500;1,74800;0,00200;0,0990768;;31,30;300,00;;;
;;301;18,96000;1,74900;0,023000;84,000;91,14;-40,2600;0,000;101,004;33,700;0,000;440,050;474,450;28,40;843,983;263,203;0,000;577,500;580,800;554,200;309,450;;;;;0,00;0,00;0,00;3,00;4,12;15,326;27,888;0,57;0,52;999998,00;999998,00;999998,00;999998,00;999998,00;999998,00;999998,00;999998,00;999998,00;999998,00;999998,00;999998,00;999998,00;999998,00;999998,00;;;;;;;;;;;;;;;;;555,7986;35,12819;131,8789;0,15831502;0,15831502;0,00247;3,13452;94,5887;19,092820;0,092799;23,788791;25,648431;0,0209;2,0866;3,54;354,05;0,00;0,50;42,29;;313,325;313,542;5,5613206;18,93500;1,74600;0,02400;0,0988496;;31,12;301,00;;;
;;302;18,94500;1,75100;0,027000;86,150;90,34;-40,4299;0,000;101,012;33,700;0,000;440,350;474,950;28,50;843,983;263,203;0,000;577,500;580,800;554,200;309,450;;;;;0,00;0,00;0,00;3,00;4,12;15,326;27,883;0,57;0,51;999998,00;999998,00;999998,00;999998,00;999998,00;999998,00;999998,00;999998,00;999998,00;999998,00;999998,00;999998,00;999998,00;999998,00;999998,00;;;;;;;;;;;;;;;;;561,8804;18,53706;76,3584;0,30329386;0,30329386;0,00318;1,65447;95,1506;19,329031;0,101570;24,099518;25,993110;0,0232;2,3145;3,57;356,36;0,00;0,50;42,77;;314,138;313,542;5,6221755;18,93700;1,74400;0,02800;0,0987089;;30,95;302,00;;;
;;303;18,93400;1,75300;0,024000;82,300;91,74;-40,8300;0,000;101,012;33,700;0,000;440,850;475,550;28,40;843,783;263,203;0,000;577,000;580,700;554,200;309,450;;;;;0,00;0,00;0,00;3,00;4,13;15,339;27,899;0,57;0,52;999998,00;999998,00;999998,00;999998,00;999998,00;999998,00;999998,00;999998,00;999998,00;999998,00;999998,00;999998,00;999998,00;999998,00;999998,00;;;;;;;;;;;;;;;;;548,4930;18,04093;63,2459;0,30420939;0,30420939;0,00377;1,61320;95,6991;18,881476;0,086274;23,568234;25,423327;0,0192;1,9228;3,58;358,28;0,00;0,49;41,78;;314,933;315,117;5,4882213;18,93700;1,74600;0,03200;0,0986407;;30,55;303,00;;;
;;304;18,93100;1,75300;0,017000;85,350;91,40;-41,0000;0,000;101,016;33,700;0,000;441,050;475,550;28,40;843,850;263,203;0,000;577,100;580,700;554,300;309,450;;;;;0,00;0,00;0,00;3,00;4,13;15,280;27,910;0,57;0,52;999998,00;999998,00;999998,00;999998,00;999998,00;999998,00;999998,00;999998,00;999998,00;999998,00;999998,00;999998,00;999998,00;999998,00;999998,00;;;;;;;;;;;;;;;;;559,5052;43,04622;157,1079;0,13005575;0,13005575;0,00350;3,85538;96,2586;19,223802;0,089990;24,006419;25,884259;0,0204;2,0421;3,61;360,33;0,00;0,50;42,62;;315,720;315,117;5,5984087;18,93300;1,75200;0,03000;0,0988311;;30,38;304,00;;;
;;305;18,92800;1,74600;0,021000;88,800;90,90;-41,1700;0,000;101,012;33,700;0,000;441,450;476,150;28,40;844,083;263,203;0,000;577,900;580,600;554,300;309,450;;;;;0,00;0,00;0,00;3,00;4,13;15,309;27,902;0,57;0,51;999998,00;999998,00;999998,00;999998,00;999998,00;999998,00;999998,00;999998,00;999998,00;999998,00;999998,00;999998,00;999998,00;999998,00;999998,00;;;;;;;;;;;;;;;;;573,8798;18,13491;69,8284;0,31664022;0,31664022;0,00201;1,62208;96,8324;19,599598;0,095392;24,497905;26,423553;0,0221;2,2097;3,63;362,54;0,00;0,51;43,67;;316,543;316,731;5,7422410;18,92300;1,76000;0,02100;0,0994320;;30,21;305,00;;;
;;306;18,92500;1,74100;0,026000;86,225;91,00;-41,5900;0,000;101,020;33,700;0,000;441,850;476,250;28,40;844,217;263,203;0,000;578,200;580,700;554,300;309,450;;;;;0,00;0,00;0,00;3,00;4,13;15,303;27,918;0,57;0,51;999998,00;999998,00;999998,00;999998,00;999998,00;999998,00;999998,00;999998,00;999998,00;999998,00;999998,00;999998,00;999998,00;999998,00;999998,00;;;;;;;;;;;;;;;;;568,0367;18,38558;69,6711;0,30914307;0,30914307;0,00130;1,64311;97,4005;19,304591;0,094324;24,151035;26,031301;0,0215;2,1525;3,65;364,69;0,00;0,51;43,20;;317,374;316,731;5,6837748;18,91400;1,76700;0,01700;0,0999285;;29,79;306,00;;;
;;307;18,93200;1,73500;0,014000;84,950;90,80;-41,7500;0,000;101,020;33,700;0,000;442,150;476,850;28,40;844,283;263,203;0,000;578,500;580,600;554,300;309,550;;;;;0,00;0,00;0,00;3,00;4,13;15,286;27,899;0,57;0,51;999998,00;999998,00;999998,00;999998,00;999998,00;999998,00;999998,00;999998,00;999998,00;999998,00;999998,00;999998,00;999998,00;999998,00;999998,00;;;;;;;;;;;;;;;;;567,2309;37,84219;145,9994;0,14998372;0,14998372;-0,00141;3,37219;97,9677;19,154830;0,096525;23,979947;25,861896;0,0219;2,1884;3,67;366,88;0,00;0,51;43,06;;318,189;318,384;5,6757125;18,90500;1,77300;0,00100;0,1005722;;29,63;307,00;;;
;;308;18,94200;1,73900;0,016000;85,950;90,02;-41,9299;0,000;101,020;33,700;0,000;442,350;476,950;28,40;844,450;263,203;0,000;578,900;580,700;554,300;309,550;;;;;0,00;0,00;0,00;3,00;4,13;15,301;27,886;0,57;0,51;999998,00;999998,00;999998,00;999998,00;999998,00;999998,00;999998,00;999998,00;999998,00;999998,00;999998,00;999998,00;999998,00;999998,00;999998,00;;;;;;;;;;;;;;;;;570,4824;37,64295;158,2761;0,15164185;0,15164185;-0,00159;3,34442;98,5382;19,262886;0,105183;24,126130;26,013242;0,0240;2,3987;3,69;369,28;0,00;0,51;43,28;;319,003;318,384;5,7082471;18,90600;1,76800;0,00000;0,1005814;;29,45;308,00;;;
;;309;18,94900;1,74800;0,004000;84,500;90,84;-42,0900;0,000;101,018;33,700;0,000;442,850;477,850;28,40;844,350;263,203;0,000;578,600;580,700;554,300;309,550;;;;;0,00;0,00;0,00;3,00;4,13;15,280;27,896;0,57;0,51;999998,00;999998,00;999998,00;999998,00;999998,00;999998,00;999998,00;999998,00;999998,00;999998,00;999998,00;999998,00;999998,00;999998,00;999998,00;;;;;;;;;;;;;;;;;560,2069;18,83949;73,1357;0,29753621;0,29753621;0,00044;1,67537;99,0984;19,088925;0,096051;23,935273;25,826962;0,0218;2,1747;3,72;371,45;0,00;0,50;42,55;;319,800;319,972;5,6054301;18,92200;1,75400;0,01200;0,0996613;;29,29;309,00;;;
;;310;18,94900;1,74800;0,003000;85,425;90,66;-42,4900;0,000;101,018;33,700;0,000;443,050;478,150;28,40;844,250;263,203;0,000;578,400;580,600;554,300;309,550;;;;;0,00;0,00;0,00;3,00;4,13;15,278;27,902;0,57;0,51;999998,00;999998,00;999998,00;999998,00;999998,00;999998,00;999998,00;999998,00;999998,00;999998,00;999998,00;999998,00;999998,00;999998,00;999998,00;;;;;;;;;;;;;;;;;560,1797;18,42533;73,4306;0,30420939;0,30420939;0,00163;1,64527;99,6586;19,188789;0,098026;24,071357;25,978376;0,0223;2,2325;3,74;373,68;0,00;0,50;42,60;;320,576;319,972;5,6051582;18,93000;1,75200;0,01900;0,0991330;;28,89;310,00;;;
;;311;18,93700;1,74600;0,002000;83,025;90,75;-42,6600;0,000;101,018;33,700;0,000;443,550;478,950;28,40;844,183;263,203;0,000;578,200;580,600;554,300;309,550;;;;;0,00;0,00;0,00;3,00;4,14;15,347;27,899;0,57;0,51;999998,00;999998,00;999998,00;999998,00;999998,00;999998,00;999998,00;999998,00;999998,00;999998,00;999998,00;999998,00;999998,00;999998,00;999998,00;;;;;;;;;;;;;;;;;554,3229;35,40805;139,3575;0,15664673;0,15664673;0,00311;3,16663;100,2129;18,906650;0,097063;23,744195;25,639234;0,0218;2,1817;3,76;375,87;0,00;0,50;42,21;;321,337;321,498;5,5465549;18,91900;1,76200;0,02800;0,0995656;;28,72;311,00;;;
;;312;18,93500;1,74400;0,024000;89,250;89,97;-42,8400;0,000;101,022;33,700;0,005;443,750;478,850;28,40;844,050;263,203;0,000;577,900;580,500;554,300;309,550;;;;;0,00;0,00;0,00;3,00;4,14;15,315;27,902;0,57;0,51;999998,00;999998,00;999998,00;999998,00;999998,00;999998,00;999998,00;999998,00;999998,00;999998,00;999998,00;999998,00;999998,00;999998,00;999998,00;;;;;;;;;;;;;;;;;576,3798;36,61958;156,4169;0,15749105;0,15749105;0,00478;3,27438;100,7893;19,598208;0,105689;24,623796;26,571503;0,0246;2,4619;3,79;378,33;0,00;0,52;43,93;;322,119;321,498;5,7672560;18,91100;1,76700;0,03700;0,0998783;;28,54;312,00;;;
;;313;18,93500;1,74600;0,028000;87,450;89,71;-43,0100;0,000;101,022;33,700;0,005;443,850;478,550;28,40;843,983;263,203;0,000;577,700;580,500;554,300;309,550;;;;;0,00;0,00;0,00;3,00;4,14;15,267;27,894;0,57;0,50;999998,00;999998,00;999998,00;999998,00;999998,00;999998,00;999998,00;999998,00;999998,00;999998,00;999998,00;999998,00;999998,00;999998,00;999998,00;;;;;;;;;;;;;;;;;570,4747;19,24334;84,3889;0,29663086;0,29663086;0,00439;1,72266;101,3598;19,397387;0,108576;24,376970;26,282751;0,0250;2,5017;3,81;380,83;0,00;0,51;43,48;;322,922;323,037;5,7081694;18,91100;1,76900;0,03500;0,0998783;;28,37;313,00;;;
;;314;18,93700;1,75200;0,032000;84,775;90,87;-43,3999;0,000;101,022;33,700;0,005;444,150;478,950;28,40;844,083;263,203;0,000;578,000;580,500;554,300;309,550;;;;;0,00;0,00;0,00;3,00;4,14;15,345;27,907;0,57;0,51;999998,00;999998,00;999998,00;999998,00;999998,00;999998,00;999998,00;999998,00;999998,00;999998,00;999998,00;999998,00;999998,00;999998,00;999998,00;;;;;;;;;;;;;;;;;562,6159;18,56132;71,7317;0,30329386;0,30329386;0,00381;1,66407;101,9224;19,091959;0,095794;24,009352;25,890531;0,0218;2,1743;3,83;383,00;0,00;0,50;42,88;;323,698;323,037;5,6295345;18,90700;1,77500;0,03200;0,1000800;;27,98;314,00;;;
;;315;18,93700;1,76000;0,030000;81,200;90,06;-43,5800;0,000;101,016;33,700;0,005;444,650;479,850;28,40;844,217;263,203;0,000;578,400;580,500;554,300;309,550;;;;;0,00;0,00;0,00;3,00;4,14;15,328;27,920;0,57;0,51;999998,00;999998,00;999998,00;999998,00;999998,00;999998,00;999998,00;999998,00;999998,00;999998,00;999998,00;999998,00;999998,00;999998,00;999998,00;;;;;;;;;;;;;;;;;554,3855;38,68271;162,5225;0,14340210;0,14340210;0,00373;3,46648;102,4768;18,674557;0,104717;23,510880;25,372080;0,0233;2,3292;3,86;385,33;0,00;0,50;42,25;;324,443;324,557;5,5471818;18,89200;1,78700;0,03200;0,1008280;;27,80;315,00;;;
;;316;18,93300;1,76700;0,021000;85,975;91,35;-43,7600;0,000;101,018;33,700;0,005;444,850;479,750;28,40;844,317;263,203;0,000;578,700;580,500;554,300;309,550;;;;;0,00;0,00;0,00;3,00;4,14;15,349;27,920;0,56;0,51;999998,00;999998,00;999998,00;999998,00;999998,00;999998,00;999998,00;999998,00;999998,00;999998,00;999998,00;999998,00;999998,00;999998,00;999998,00;;;;;;;;;;;;;;;;;577,0975;18,32845;65,7476;0,31505330;0,31505330;-0,00074;1,63626;103,0539;19,211476;0,090488;24,197729;26,096123;0,0207;2,0702;3,88;387,40;0,00;0,52;43,84;;325,207;324,557;5,7744377;18,87400;1,80100;0,00500;0,1020358;;27,62;316,00;;;
;;317;18,92300;1,77300;0,017000;83,150;90,59;-44,1700;0,000;101,008;33,700;0,005;444,950;479,850;28,40;844,450;263,203;0,000;579,100;580,500;554,300;309,550;;;;;0,00;0,00;0,00;3,00;4,14;15,332;27,915;0,56;0,51;999998,00;999998,00;999998,00;999998,00;999998,00;999998,00;999998,00;999998,00;999998,00;999998,00;999998,00;999998,00;999998,00;999998,00;999998,00;;;;;;;;;;;;;;;;;572,6455;18,53536;71,9890;0,30913289;0,30913289;-0,00039;1,65756;103,6265;18,891087;0,098845;23,799533;25,666268;0,0223;2,2241;3,90;389,63;0,00;0,51;43,53;;325,994;326,065;5,7298908;18,85400;1,82000;0,00700;0,1029760;;27,21;317,00;;;
;;318;18,91400;1,76800;0,001000;83,750;89,80;-44,3400;0,000;101,016;33,700;0,005;445,250;480,250;28,40;844,450;263,203;0,000;579,100;580,500;554,300;309,550;;;;;0,00;0,00;0,00;3,00;4,14;15,311;27,915;0,56;0,50;999998,00;999998,00;999998,00;999998,00;999998,00;999998,00;999998,00;999998,00;999998,00;999998,00;999998,00;999998,00;999998,00;999998,00;999998,00;;;;;;;;;;;;;;;;;578,5309;38,81191;163,0391;0,14914958;0,14914958;-0,00240;3,45646;104,2050;18,952735;0,107567;23,893297;25,771490;0,0243;2,4303;3,92;392,06;0,00;0,52;43,90;;326,779;326,065;5,7887801;18,84300;1,82500;-0,00500;0,1037028;;27,04;318,00;;;
;;319;18,90500;1,75400;0,000000;86,525;89,89;-44,5100;0,000;101,004;33,700;0,005;445,550;480,550;28,40;844,117;263,203;0,000;578,100;580,400;554,400;309,550;;;;;0,00;0,00;0,00;3,00;4,15;15,317;27,923;0,56;0,50;999998,00;999998,00;999998,00;999998,00;999998,00;999998,00;999998,00;999998,00;999998,00;999998,00;999998,00;999998,00;999998,00;999998,00;999998,00;;;;;;;;;;;;;;;;;586,9555;37,29149;155,5397;0,15749105;0,15749105;0,00113;3,32232;104,7920;19,257682;0,106576;24,294095;26,202508;0,0245;2,4481;3,95;394,50;0,00;0,52;44,63;;327,582;327,656;5,8730764;18,84200;1,82300;0,01600;0,1035469;;26,87;319,00;;;
;;320;18,90600;1,75200;0,012000;85,375;92,29;-44,6899;0,000;101,008;33,700;0,005;446,150;481,650;28,40;844,750;263,203;0,000;580,000;580,400;554,400;309,550;;;;;0,00;0,00;0,00;3,00;4,15;15,280;27,910;0,56;0,52;999998,00;999998,00;999998,00;999998,00;999998,00;999998,00;999998,00;999998,00;999998,00;999998,00;999998,00;999998,00;999998,00;999998,00;999998,00;;;;;;;;;;;;;;;;;580,4689;19,15031;60,4925;0,30329386;0,30329386;0,00078;1,70770;105,3725;19,116410;0,080229;24,148353;26,069829;0,0183;1,8336;3,97;396,34;0,00;0,52;44,14;;328,382;327,656;5,8081714;18,85000;1,81800;0,01400;0,1031550;;26,69;320,00;;;
;;321;18,92200;1,76200;0,019000;81,775;89,67;-45,0800;0,000;101,004;33,700;0,005;446,750;482,750;28,40;844,583;263,203;0,000;579,600;580,400;554,300;309,550;;;;;0,00;0,00;0,00;3,00;4,15;15,349;27,915;0,56;0,50;999998,00;999998,00;999998,00;999998,00;999998,00;999998,00;999998,00;999998,00;999998,00;999998,00;999998,00;999998,00;999998,00;999998,00;999998,00;;;;;;;;;;;;;;;;;566,2983;18,72866;80,8389;0,30255127;0,30255127;0,00093;1,67051;105,9388;18,696462;0,109104;23,649626;25,555359;0,0245;2,4443;3,99;398,78;0,00;0,51;43,06;;329,145;329,207;5,6663805;18,85500;1,81400;0,01500;0,1028945;;26,30;321,00;;;
;;322;18,93000;1,76700;0,028000;86,875;90,34;-45,2600;0,000;101,006;33,700;0,005;446,850;482,450;28,40;844,650;263,203;0,000;579,700;580,400;554,400;309,550;;;;;0,00;0,00;0,00;3,00;4,15;15,311;27,920;0,56;0,51;999998,00;999998,00;999998,00;999998,00;999998,00;999998,00;999998,00;999998,00;999998,00;999998,00;999998,00;999998,00;999998,00;999998,00;999998,00;;;;;;;;;;;;;;;;;582,6213;40,20794;161,8698;0,14498901;0,14498901;0,00062;3,58643;106,5214;19,268503;0,101649;24,378670;26,320889;0,0235;2,3455;4,01;401,13;0,00;0,52;44,29;;329,907;329,207;5,8297089;18,85900;1,81100;0,01300;0,1027155;;26,12;322,00;;;
;;323;18,91900;1,76900;0,037000;81,850;91,66;-45,4399;0,000;101,010;33,700;0,005;447,250;483,050;28,50;844,683;263,203;0,000;579,800;580,400;554,400;309,550;;;;;0,00;0,00;0,00;3,00;4,15;15,280;27,915;0,56;0,51;999998,00;999998,00;999998,00;999998,00;999998,00;999998,00;999998,00;999998,00;999998,00;999998,00;999998,00;999998,00;999998,00;999998,00;999998,00;;;;;;;;;;;;;;;;;564,6458;18,67966;64,6356;0,30245972;0,30245972;0,00258;1,66612;107,0860;18,694575;0,087164;23,673704;25,568659;0,0195;1,9538;4,03;403,08;0,00;0,50;42,98;;330,662;330,670;5,6498460;18,85900;1,80900;0,02500;0,1026024;;25,94;323,00;;;
;;324;18,91100;1,77500;0,035000;84,650;90,07;-45,8300;0,000;101,008;33,700;0,005;447,350;483,050;28,50;844,483;263,203;0,000;579,400;580,300;554,300;309,550;;;;;0,00;0,00;0,00;3,00;4,15;15,324;27,904;0,56;0,50;999998,00;999998,00;999998,00;999998,00;999998,00;999998,00;999998,00;999998,00;999998,00;999998,00;999998,00;999998,00;999998,00;999998,00;999998,00;;;;;;;;;;;;;;;;;573,3576;19,01455;79,0733;0,30171712;0,30171712;0,00178;1,69546;107,6594;19,009522;0,104610;24,077917;25,999414;0,0239;2,3843;4,06;405,47;0,00;0,51;43,62;;331,397;330,670;5,7370163;18,86300;1,80600;0,02000;0,1024573;;25,55;324,00;;;
;;325;18,91100;1,78700;0,032000;86,725;90,70;-46,0100;0,000;101,006;33,700;0,005;447,750;483,350;28,50;844,483;263,203;0,000;579,300;580,300;554,400;309,550;;;;;0,00;0,00;0,00;3,00;4,15;15,341;27,912;0,56;0,51;999998,00;999998,00;999998,00;999998,00;999998,00;999998,00;999998,00;999998,00;999998,00;999998,00;999998,00;999998,00;999998,00;999998,00;999998,00;;;;;;;;;;;;;;;;;579,9683;38,90569;151,1003;0,14915975;0,14915975;0,00214;3,47965;108,2394;19,232502;0,097617;24,382131;26,320721;0,0225;2,2525;4,08;407,72;0,00;0,52;44,15;;332,152;332,157;5,8031624;18,86200;1,81100;0,02200;0,1024370;;25,37;325,00;;;
;;326;18,90700;1,80100;0,032000;83,600;91,99;-46,2000;0,000;101,006;33,700;0,005;448,050;483,850;28,40;844,317;263,203;0,000;579,000;580,200;554,300;309,550;;;;;0,00;0,00;0,00;3,00;4,15;15,303;27,923;0,56;0,51;999998,00;999998,00;999998,00;999998,00;999998,00;999998,00;999998,00;999998,00;999998,00;999998,00;999998,00;999998,00;999998,00;999998,00;999998,00;;;;;;;;;;;;;;;;;572,0128;17,84035;59,0606;0,32082113;0,32082113;0,00094;1,59146;108,8114;18,876494;0,083528;23,946833;25,860228;0,0189;1,8937;4,10;409,61;0,00;0,51;43,50;;332,900;332,157;5,7235604;18,85400;1,81500;0,01500;0,1029421;;25,18;326,00;;;
;;327;18,89200;1,82000;0,005000;80,250;91,82;-46,6100;0,000;101,014;33,700;0,005;448,450;484,350;28,50;844,150;263,203;0,000;578,500;580,200;554,300;309,550;;;;;0,00;0,00;0,00;3,00;4,16;15,318;27,899;0,56;0,51;999998,00;999998,00;999998,00;999998,00;999998,00;999998,00;999998,00;999998,00;999998,00;999998,00;999998,00;999998,00;999998,00;999998,00;999998,00;;;;;;;;;;;;;;;;;561,6618;18,27849;61,7471;0,30746460;0,30746460;0,00059;1,63454;109,3730;18,486170;0,085371;23,472602;25,351666;0,0190;1,8974;4,12;411,51;0,00;0,50;42,72;;333,615;333,617;5,6199877;18,84800;1,82400;0,01300;0,1032163;;24,77;327,00;;;
;;328;18,87400;1,82500;0,007000;85,000;91,97;-46,7799;0,000;101,010;33,700;0,005;448,650;484,650;28,40;844,050;263,203;0,000;578,200;580,200;554,300;309,550;;;;;0,00;0,00;0,00;3,00;4,16;15,341;27,923;0,56;0,52;999998,00;999998,00;999998,00;999998,00;999998,00;999998,00;999998,00;999998,00;999998,00;999998,00;999998,00;999998,00;999998,00;999998,00;999998,00;;;;;;;;;;;;;;;;;582,2874;36,97820;121,7192;0,15756226;0,15756226;-0,00174;3,30410;109,9553;19,021163;0,083763;24,162675;26,101505;0,0192;1,9167;4,14;413,43;0,00;0,52;44,23;;334,342;333,617;5,8263682;18,83500;1,83600;-0,00100;0,1040042;;24,60;328,00;;;
;;329;18,85400;1,82300;-0,005000;83,075;90,96;-46,9601;0,000;101,014;33,700;0,005;449,050;485,250;28,40;844,283;263,203;0,000;578,900;580,200;554,300;309,550;;;;;0,00;0,00;0,00;3,00;4,16;15,326;27,934;0,56;0,51;999998,00;999998,00;999998,00;999998,00;999998,00;999998,00;999998,00;999998,00;999998,00;999998,00;999998,00;999998,00;999998,00;999998,00;999998,00;;;;;;;;;;;;;;;;;579,1886;40,18531;148,8607;0,14421590;0,14421590;0,00027;3,58713;110,5345;18,796165;0,094768;23,898147;25,824688;0,0215;2,1455;4,16;415,57;0,00;0,52;44,04;;335,091;335,056;5,7953612;18,81900;1,84600;0,01100;0,1046977;;24,42;329,00;;;
;;330;18,84300;1,81800;0,016000;81,925;91,00;-47,1100;0,000;101,014;33,700;0,005;449,250;485,250;28,40;844,017;263,203;0,000;578,100;580,200;554,300;309,550;;;;;0,00;0,00;0,00;3,00;4,16;15,353;27,902;0,57;0,51;999998,00;999998,00;999998,00;999998,00;999998,00;999998,00;999998,00;999998,00;999998,00;999998,00;999998,00;999998,00;999998,00;999998,00;999998,00;;;;;;;;;;;;;;;;;574,8067;19,44482;71,7138;0,29578654;0,29578654;-0,00171;1,73161;111,1093;18,661460;0,094314;23,737445;25,639611;0,0212;2,1199;4,18;417,69;0,00;0,51;43,64;;335,824;335,056;5,7515160;18,82300;1,84100;-0,00100;0,1046541;;24,27;330,00;;;
;;331;18,84200;1,81400;0,014000;81,725;90,22;-47,5200;0,000;101,014;33,700;0,005;449,550;485,650;28,40;844,050;263,203;0,000;578,200;580,200;554,300;309,550;;;;;0,00;0,00;0,00;3,00;4,16;15,324;27,920;0,57;0,51;999998,00;999998,00;999998,00;999998,00;999998,00;999998,00;999998,00;999998,00;999998,00;999998,00;999998,00;999998,00;999998,00;999998,00;999998,00;;;;;;;;;;;;;;;;;569,5200;17,67015;71,7132;0,32249959;0,32249959;0,00175;1,57510;111,6788;18,632447;0,102906;23,716367;25,620852;0,0231;2,3114;4,20;420,00;0,00;0,51;43,33;;336,538;336,502;5,6986174;18,83500;1,82900;0,02000;0,1038461;;23,86;331,00;;;
;;332;18,85000;1,81100;0,015000;85,725;90,39;-47,7100;0,000;101,010;33,700;0,005;450,050;486,750;28,40;843,417;263,203;0,000;576,300;580,200;554,300;309,550;;;;;0,00;0,00;0,00;3,00;4,16;15,338;27,923;0,57;0,51;999998,00;999998,00;999998,00;999998,00;999998,00;999998,00;999998,00;999998,00;999998,00;999998,00;999998,00;999998,00;999998,00;999998,00;999998,00;;;;;;;;;;;;;;;;;582,2502;39,51964;158,0880;0,14742025;0,14742025;0,00179;3,52906;112,2611;19,072376;0,101076;24,303333;26,285185;0,0233;2,3291;4,23;422,33;0,00;0,52;44,31;;337,259;336,502;5,8259955;18,83700;1,83000;0,02000;0,1037170;;23,67;332,00;;;
;;333;18,85500;1,80900;0,013000;83,875;91,05;-47,8899;0,000;101,010;33,700;0,005;450,550;487,350;28,40;843,617;263,203;0,000;577,000;580,100;554,300;309,550;;;;;0,00;0,00;0,00;3,00;4,16;15,326;27,915;0,57;0,52;999998,00;999998,00;999998,00;999998,00;999998,00;999998,00;999998,00;999998,00;999998,00;999998,00;999998,00;999998,00;999998,00;999998,00;999998,00;;;;;;;;;;;;;;;;;575,7339;18,24155;67,7506;0,31580607;0,31580607;0,00427;1,63684;112,8368;18,854986;0,093750;24,053012;26,017613;0,0214;2,1383;4,25;424,47;0,00;0,52;43,91;;337,985;337,920;5,7607930;18,83200;1,83900;0,03500;0,1037402;;23,49;333,00;;;
;;334;18,85900;1,80600;0,025000;82,100;90,61;-48,2999;0,000;101,014;33,700;0,005;450,450;486,550;28,40;843,650;263,203;0,000;577,000;580,200;554,300;309,550;;;;;0,00;0,00;0,00;3,00;4,17;15,324;27,923;0,57;0,52;999998,00;999998,00;999998,00;999998,00;999998,00;999998,00;999998,00;999998,00;999998,00;999998,00;999998,00;999998,00;999998,00;999998,00;999998,00;;;;;;;;;;;;;;;;;572,5651;19,35834;75,1704;0,29594930;0,29594930;0,00406;1,73406;113,4094;18,656481;0,098676;23,794500;25,701441;0,0222;2,2233;4,27;426,69;0,00;0,51;43,65;;338,692;337,920;5,7290859;18,82200;1,84500;0,03400;0,1042726;;23,08;334,00;;;
;;335;18,85900;1,81100;0,020000;85,225;90,99;-48,4501;0,000;101,016;33,700;0,005;450,550;486,650;28,40;843,917;263,203;0,000;577,900;580,100;554,300;309,550;;;;;0,00;0,00;0,00;3,00;4,17;15,324;27,915;0,58;0,52;999998,00;999998,00;999998,00;999998,00;999998,00;999998,00;999998,00;999998,00;999998,00;999998,00;999998,00;999998,00;999998,00;999998,00;999998,00;;;;;;;;;;;;;;;;;585,8681;39,28539;145,3822;0,14922078;0,14922078;0,00178;3,50166;113,9952;19,006119;0,094435;24,245811;26,188490;0,0217;2,1681;4,29;428,86;0,00;0,52;44,58;;339,410;339,370;5,8621963;18,81700;1,84400;0,02000;0,1047364;;22,93;335,00;;;
;;336;18,86300;1,81500;0,022000;85,625;89,70;-48,6400;0,000;101,026;33,700;0,005;450,950;487,150;28,40;843,917;263,203;0,000;577,800;580,200;554,300;309,550;;;;;0,00;0,00;0,00;3,00;4,17;15,303;27,926;0,58;0,51;999998,00;999998,00;999998,00;999998,00;999998,00;999998,00;999998,00;999998,00;999998,00;999998,00;999998,00;999998,00;999998,00;999998,00;999998,00;;;;;;;;;;;;;;;;;586,5458;34,71175;148,0813;0,16907756;0,16907756;-0,00090;3,09112;114,5818;19,042218;0,108670;24,313428;26,265187;0,0250;2,5022;4,32;431,36;0,00;0,52;44,55;;340,144;339,370;5,8689773;18,82200;1,84100;0,00400;0,1046565;;22,74;336,00;;;
;;337;18,86200;1,82400;0,015000;82,050;90,28;-48,8199;0,000;101,018;33,700;0,005;451,150;487,450;28,40;844,117;263,203;0,000;578,400;580,200;554,300;309,550;;;;;0,00;0,00;0,00;3,00;4,17;15,355;27,926;0,58;0,52;999998,00;999998,00;999998,00;999998,00;999998,00;999998,00;999998,00;999998,00;999998,00;999998,00;999998,00;999998,00;999998,00;999998,00;999998,00;;;;;;;;;;;;;;;;;572,3830;18,32784;73,8694;0,31248983;0,31248983;-0,00006;1,63320;115,1542;18,636324;0,102309;23,805729;25,721163;0,0231;2,3070;4,34;433,67;0,00;0,51;43,50;;340,855;340,793;5,7272643;18,82700;1,83700;0,00900;0,1043509;;22,56;337,00;;;
;;338;18,85400;1,83600;0,013000;85,200;90,82;-49,2300;0,000;101,018;33,700;0,005;451,650;488,050;28,40;844,417;263,203;0,000;579,300;580,200;554,300;309,550;;;;;0,00;0,00;0,00;3,00;4,17;15,349;27,926;0,58;0,52;999998,00;999998,00;999998,00;999998,00;999998,00;999998,00;999998,00;999998,00;999998,00;999998,00;999998,00;999998,00;999998,00;999998,00;999998,00;;;;;;;;;;;;;;;;;583,0695;18,23260;69,2199;0,31998698;0,31998698;-0,00040;1,62437;115,7372;18,980175;0,096273;24,271829;26,227978;0,0221;2,2136;4,36;435,89;0,00;0,52;44,30;;341,555;340,793;5,8341939;18,82700;1,83700;0,00700;0,1043735;;22,15;338,00;;;
;;339;18,84800;1,84600;-0,001000;81,750;90,58;-49,4199;0,000;101,012;33,700;0,005;451,850;488,350;28,40;844,650;263,203;0,000;580,000;580,200;554,300;309,550;;;;;0,00;0,00;0,00;3,00;4,17;15,286;27,923;0,58;0,52;999998,00;999998,00;999998,00;999998,00;999998,00;999998,00;999998,00;999998,00;999998,00;999998,00;999998,00;999998,00;999998,00;999998,00;999998,00;;;;;;;;;;;;;;;;;571,2366;39,19675;152,9971;0,14582316;0,14582316;0,00027;3,50635;116,3085;18,587808;0,098959;23,780595;25,701569;0,0223;2,2297;4,38;438,11;0,00;0,51;43,45;;342,250;342,156;5,7157937;18,82400;1,84500;0,01100;0,1044146;;21,96;339,00;;;
;;340;18,83500;1,84100;0,011000;83,925;90,05;-49,6000;0,000;101,018;33,700;0,005;452,050;488,150;28,40;844,750;263,203;0,000;580,200;580,200;554,400;309,550;;;;;0,00;0,00;0,00;3,00;4,17;15,347;27,920;0,58;0,52;999998,00;999998,00;999998,00;999998,00;999998,00;999998,00;999998,00;999998,00;999998,00;999998,00;999998,00;999998,00;999998,00;999998,00;999998,00;;;;;;;;;;;;;;;;;584,7909;17,81798;72,8643;0,32839966;0,32839966;0,00094;1,59650;116,8933;18,829287;0,104818;24,100199;26,024803;0,0239;2,3914;4,41;440,51;0,00;0,52;44,51;;342,944;342,156;5,8514180;18,80000;1,86700;0,01500;0,1055339;;21,78;340,00;;;
;;341;18,81900;1,82900;-0,001000;84,025;90,31;-50,0300;0,000;101,018;33,700;0,005;452,150;488,250;28,40;844,783;263,203;0,000;580,300;580,200;554,400;309,550;;;;;0,00;0,00;0,00;3,00;4,17;15,328;27,931;0,59;0,53;999998,00;999998,00;999998,00;999998,00;999998,00;999998,00;999998,00;999998,00;999998,00;999998,00;999998,00;999998,00;999998,00;999998,00;999998,00;;;;;;;;;;;;;;;;;593,9648;19,64431;76,9990;0,30254110;0,30254110;0,00310;1,76335;117,4872;18,838418;0,101973;24,117220;26,042757;0,0233;2,3281;4,43;442,83;0,00;0,53;45,29;;343,666;343,566;5,9432122;18,76400;1,89800;0,02800;0,1071567;;21,35;341,00;;;
;;342;18,82300;1,83000;0,020000;85,800;91,02;-50,1700;0,000;101,018;33,700;0,005;452,450;488,150;28,40;844,483;263,203;0,000;579,600;580,100;554,300;309,550;;;;;0,00;0,00;0,00;3,00;4,18;15,379;27,952;0,59;0,53;999998,00;999998,00;999998,00;999998,00;999998,00;999998,00;999998,00;999998,00;999998,00;999998,00;999998,00;999998,00;999998,00;999998,00;999998,00;;;;;;;;;;;;;;;;;606,3395;44,95467;160,8538;0,13495890;0,13495890;0,00111;4,02553;118,0936;19,030044;0,094090;24,378706;26,302277;0,0217;2,1696;4,45;445,00;0,00;0,54;46,17;;344,416;343,566;6,0670330;18,74400;1,91300;0,01600;0,1082995;;21,21;342,00;;;
;;343;18,83500;1,83900;0,020000;81,375;90,52;-50,3500;0,000;101,014;33,700;0,005;452,550;488,750;28,40;844,250;263,203;0,000;578,900;580,100;554,300;309,550;;;;;0,00;0,00;0,00;3,00;4,18;15,320;27,936;0,59;0,53;999998,00;999998,00;999998,00;999998,00;999998,00;999998,00;999998,00;999998,00;999998,00;999998,00;999998,00;999998,00;999998,00;999998,00;999998,00;;;;;;;;;;;;;;;;;592,9332;34,72828;131,1498;0,17083740;0,17083740;0,00190;3,10664;118,6865;18,530778;0,099603;23,744361;25,643701;0,0224;2,2392;4,48;447,24;0,00;0,53;45,16;;345,160;345,023;5,9328899;18,73400;1,91900;0,02100;0,1087640;;21,03;343,00;;;
;;344;18,83700;1,84500;0,035000;81,650;90,39;-50,5400;0,000;101,020;33,700;0,005;453,350;490,150;28,40;844,717;263,203;0,000;580,200;580,100;554,400;309,550;;;;;0,00;0,00;0,00;3,00;4,18;15,328;27,926;0,59;0,53;999998,00;999998,00;999998,00;999998,00;999998,00;999998,00;999998,00;999998,00;999998,00;999998,00;999998,00;999998,00;999998,00;999998,00;999998,00;;;;;;;;;;;;;;;;;593,2599;18,94637;72,8016;0,31331380;0,31331380;0,00207;1,68714;119,2798;18,545678;0,101031;23,805462;25,737834;0,0228;2,2796;4,50;449,52;0,00;0,53;45,16;;345,881;345,023;5,9361587;18,73600;1,91000;0,02200;0,1087362;;20,84;344,00;;;
;;345;18,83200;1,84400;0,034000;83,775;90,97;-50,9399;0,000;101,016;33,700;0,005;453,950;491,050;28,40;844,450;263,203;0,000;579,600;580,000;554,300;309,550;;;;;0,00;0,00;0,00;3,00;4,18;15,339;27,950;0,59;0,53;999998,00;999998,00;999998,00;999998,00;999998,00;999998,00;999998,00;999998,00;999998,00;999998,00;999998,00;999998,00;999998,00;999998,00;999998,00;;;;;;;;;;;;;;;;;596,7985;19,05938;69,1755;0,31331380;0,31331380;0,00325;1,69957;119,8766;18,773042;0,094662;24,129201;26,101209;0,0217;2,1661;4,52;451,69;0,00;0,53;45,46;;346,603;346,472;5,9715654;18,74800;1,90100;0,02900;0,1080530;;20,44;345,00;;;
;;346;18,82200;1,84100;0,020000;80,175;90,74;-51,1300;0,000;101,016;33,700;0,005;454,250;491,450;28,40;844,450;263,203;0,000;579,500;580,100;554,300;309,550;;;;;0,00;0,00;0,00;3,00;4,18;15,339;27,928;0,59;0,53;999998,00;999998,00;999998,00;999998,00;999998,00;999998,00;999998,00;999998,00;999998,00;999998,00;999998,00;999998,00;999998,00;999998,00;999998,00;;;;;;;;;;;;;;;;;583,3172;39,12767;145,9885;0,14916992;0,14916992;0,00205;3,49483;120,4599;18,359187;0,097179;23,612864;25,546597;0,0218;2,1764;4,54;453,87;0,00;0,52;44,42;;347,307;346,472;5,8366715;18,75000;1,90300;0,02200;0,1079915;;20,25;346,00;;;
;;347;18,81700;1,83700;0,004000;81,250;91,22;-51,3099;0,000;101,008;33,700;0,005;454,750;492,150;28,40;844,417;263,203;0,000;579,300;580,100;554,400;309,550;;;;;0,00;0,00;0,00;3,00;4,18;15,341;27,963;0,59;0,54;999998,00;999998,00;999998,00;999998,00;999998,00;999998,00;999998,00;999998,00;999998,00;999998,00;999998,00;999998,00;999998,00;999998,00;999998,00;;;;;;;;;;;;;;;;;588,2932;19,09274;67,3132;0,30830892;0,30830892;0,00124;1,70862;121,0482;18,471696;0,091915;23,783718;25,739762;0,0208;2,0741;4,56;455,94;0,00;0,53;44,79;;347,994;347,890;5,8864616;18,74500;1,91100;0,01700;0,1082519;;20,07;347,00;;;
;;348;18,82200;1,83700;0,009000;87,950;89,96;-51,7100;0,000;101,016;33,700;0,005;454,950;492,050;28,40;844,383;263,203;0,000;579,400;580,000;554,300;309,550;;;;;0,00;0,00;0,00;3,00;4,18;15,309;27,923;0,60;0,53;999998,00;999998,00;999998,00;999998,00;999998,00;999998,00;999998,00;999998,00;999998,00;999998,00;999998,00;999998,00;999998,00;999998,00;999998,00;;;;;;;;;;;;;;;;;616,9460;20,63683;83,0585;0,29913330;0,29913330;-0,00040;1,84556;121,6651;19,213989;0,105810;24,750357;26,768684;0,0248;2,4831;4,59;458,42;0,00;0,55;46,93;;348,726;347,890;6,1731621;18,72900;1,92500;0,00700;0,1091478;;19,67;348,00;;;
;;349;18,82700;1,84500;0,007000;82,925;90,88;-51,8799;0,000;101,018;33,700;0,005;455,250;492,450;28,40;843,783;263,203;0,000;577,600;580,000;554,300;309,550;;;;;0,00;0,00;0,00;3,00;4,18;15,297;27,923;0,60;0,54;999998,00;999998,00;999998,00;999998,00;999998,00;999998,00;999998,00;999998,00;999998,00;999998,00;999998,00;999998,00;999998,00;999998,00;999998,00;;;;;;;;;;;;;;;;;602,9448;37,90340;137,1355;0,15916951;0,15916951;0,00027;3,39907;122,2681;18,650875;0,095687;24,040829;26,005285;0,0218;2,1815;4,61;460,60;0,00;0,54;45,91;;349,474;349,310;6,0330657;18,71200;1,94300;0,01100;0,1099003;;19,50;349,00;;;
;;350;18,82700;1,86700;0,011000;83,250;90,94;-52,1000;0,000;101,018;33,700;0,005;455,750;493,250;28,50;844,417;263,203;0,000;579,100;580,000;554,700;309,550;;;;;0,00;0,00;0,00;3,00;4,19;15,326;27,960;0,60;0,54;999998,00;999998,00;999998,00;999998,00;999998,00;999998,00;999998,00;999998,00;999998,00;999998,00;999998,00;999998,00;999998,00;999998,00;999998,00;;;;;;;;;;;;;;;;;609,0798;17,66033;62,9614;0,34509277;0,34509277;0,00109;1,58076;122,8772;18,677134;0,094959;24,101117;26,084204;0,0217;2,1715;4,63;462,78;0,00;0,55;46,39;;350,207;349,310;6,0944526;18,69200;1,95600;0,01600;0,1108741;;19,28;350,00;;;
;;351;18,82400;1,89800;0,015000;82,275;89,88;-52,5200;0,000;101,020;33,700;0,005;455,850;493,350;28,40;845,217;263,203;0,000;581,000;579,900;555,300;309,650;;;;;0,00;0,00;0,00;3,00;4,19;15,364;27,958;0,60;0,54;999998,00;999998,00;999998,00;999998,00;999998,00;999998,00;999998,00;999998,00;999998,00;999998,00;999998,00;999998,00;999998,00;999998,00;999998,00;;;;;;;;;;;;;;;;;609,0708;19,66068;78,3559;0,30997721;0,30997721;0,00273;1,76673;123,4862;18,565404;0,106769;23,962197;25,933421;0,0243;2,4274;4,65;465,20;0,00;0,55;46,46;;350,945;350,772;6,0943625;18,67500;1,97500;0,02600;0,1115484;;18,86;351,00;;;
;;352;18,80000;1,91300;0,028000;81,450;90,27;-52,6899;0,000;101,022;33,700;0,005;456,150;493,350;28,40;845,917;263,203;0,000;582,200;580,000;556,100;309,650;;;;;0,00;0,00;0,00;3,00;4,19;15,326;27,939;0,60;0,54;999998,00;999998,00;999998,00;999998,00;999998,00;999998,00;999998,00;999998,00;999998,00;999998,00;999998,00;999998,00;999998,00;999998,00;999998,00;;;;;;;;;;;;;;;;;611,9778;38,69630;146,4306;0,15824382;0,15824382;0,00499;3,48689;124,0982;18,466013;0,102408;23,849600;25,794585;0,0232;2,3158;4,68;467,52;0,00;0,55;46,76;;351,682;350,772;6,1234495;18,64800;2,00000;0,04000;0,1126987;;18,69;352,00;;;
;;353;18,76400;1,91900;0,016000;82,675;90,51;-52,8799;0,000;101,018;33,700;0,005;456,350;493,750;28,40;846,417;263,203;0,000;583,000;579,900;556,900;309,650;;;;;0,00;0,00;0,00;3,00;4,19;15,351;27,958;0,60;0,54;999998,00;999998,00;999998,00;999998,00;999998,00;999998,00;999998,00;999998,00;999998,00;999998,00;999998,00;999998,00;999998,00;999998,00;999998,00;;;;;;;;;;;;;;;;;627,2595;35,19229;127,5104;0,17834473;0,17834473;0,00421;3,17387;124,7255;18,600282;0,099697;24,033545;26,003206;0,0227;2,2727;4,70;469,79;0,00;0,57;47,92;;352,441;352,287;6,2763587;18,60800;2,03600;0,03500;0,1147024;;18,50;353,00;;;
;;354;18,74400;1,91000;0,021000;80,450;90,83;-53,0800;0,000;101,014;33,700;0,005;456,650;494,050;28,40;846,850;263,203;0,000;583,600;579,900;557,600;309,650;;;;;0,00;0,00;0,00;3,00;4,19;15,351;27,944;0,60;0,54;999998,00;999998,00;999998,00;999998,00;999998,00;999998,00;999998,00;999998,00;999998,00;999998,00;999998,00;999998,00;999998,00;999998,00;999998,00;;;;;;;;;;;;;;;;;628,1453;19,13835;65,9335;0,32840983;0,32840983;0,00107;1,71763;125,3536;18,342255;0,096206;23,715728;25,658064;0,0217;2,1640;4,72;471,96;0,00;0,56;47,89;;353,219;352,287;6,2852219;18,57700;2,05700;0,01600;0,1165002;;18,30;354,00;;;
;;355;18,73400;1,90100;0,022000;81,225;91,03;-53,5000;0,000;101,022;33,700;0,005;456,950;494,750;28,40;847,083;263,203;0,000;583,700;579,900;558,200;309,650;;;;;0,00;0,00;0,00;3,00;4,19;15,334;27,936;0,60;0,55;999998,00;999998,00;999998,00;999998,00;999998,00;999998,00;999998,00;999998,00;999998,00;999998,00;999998,00;999998,00;999998,00;999998,00;999998,00;;;;;;;;;;;;;;;;;635,1011;19,06446;63,8387;0,33333333;0,33333333;0,00189;1,71253;125,9887;18,424341;0,093992;23,837511;25,809408;0,0213;2,1267;4,74;474,08;0,00;0,57;48,45;;354,003;353,859;6,3548216;18,56000;2,07200;0,02100;0,1172754;;17,88;355,00;;;
;;356;18,73600;1,90300;0,029000;81,500;89,45;-53,7100;0,000;101,022;33,700;0,005;457,650;496,150;28,50;847,350;263,203;0,000;583,800;579,900;558,900;309,650;;;;;0,00;0,00;0,00;3,00;4,19;15,351;27,942;0,61;0,54;999998,00;999998,00;999998,00;999998,00;999998,00;999998,00;999998,00;999998,00;999998,00;999998,00;999998,00;999998,00;999998,00;999998,00;999998,00;;;;;;;;;;;;;;;;;638,2063;36,67672;145,5315;0,17411296;0,17411296;0,00271;3,30757;126,6269;18,441384;0,111503;23,896112;25,906382;0,0253;2,5324;4,77;476,61;0,00;0,58;48,74;;354,797;353,859;6,3858926;18,54800;2,08800;0,02600;0,1177460;;17,67;356,00;;;
;;357;18,74800;1,91100;0,022000;81,500;89,45;-53,9199;0,000;101,022;33,700;0,005;457,650;496,150;28,50;847,450;263,203;0,000;583,700;579,800;559,400;309,650;;;;;0,00;0,00;0,00;3,00;4,19;15,343;27,942;0,61;0,54;999998,00;999998,00;999998,00;999998,00;999998,00;999998,00;999998,00;999998,00;999998,00;999998,00;999998,00;999998,00;999998,00;999998,00;999998,00;;;;;;;;;;;;;;;;;645,1961;19,03408;74,7081;0,33917236;0,33917236;0,00141;1,70792;127,2721;18,441384;0,111503;23,896112;25,906382;0,0253;2,5324;4,79;479,15;0,00;0,58;49,21;;355,601;355,462;6,4558326;18,52500;2,10000;0,01800;0,1190510;;17,46;357,00;;;
;;358;18,75000;1,92500;0,017000;83,875;90,68;-54,3500;0,000;101,014;33,600;0,005;458,150;496,750;28,40;847,517;263,203;0,000;583,400;579,800;559,900;309,650;;;;;0,00;0,00;0,00;3,00;4,20;15,336;27,958;0,61;0,55;999998,00;999998,00;999998,00;999998,00;999998,00;999998,00;999998,00;999998,00;999998,00;999998,00;999998,00;999998,00;999998,00;999998,00;999998,00;;;;;;;;;;;;;;;;;653,6964;19,61787;67,7056;0,33341471;0,33341471;-0,00039;1,74613;127,9258;18,697944;0,097855;24,255030;26,298562;0,0226;2,2561;4,82;481,40;0,00;0,58;49,75;;356,422;355,462;6,5408858;18,53200;2,08200;0,00700;0,1189624;;17,03;358,00;;;
;;359;18,74500;1,94300;0,007000;79,525;90,37;-54,5500;0,000;101,022;33,600;0,005;458,550;497,350;28,40;847,583;263,203;0,000;583,300;579,700;560,300;309,650;;;;;0,00;0,00;0,00;3,00;4,20;15,326;27,944;0,61;0,54;999998,00;999998,00;999998,00;999998,00;999998,00;999998,00;999998,00;999998,00;999998,00;999998,00;999998,00;999998,00;999998,00;999998,00;999998,00;;;;;;;;;;;;;;;;;624,8314;38,47279;140,1538;0,16250610;0,16250610;0,00155;3,40118;128,5506;18,198682;0,101316;23,627996;25,627268;0,0228;2,2762;4,84;483,68;0,00;0,55;47,53;;357,210;357,020;6,2520631;18,57600;2,03200;0,01900;0,1168038;;16,83;359,00;;;
;;360;18,72900;1,95600;0,011000;82,825;90,50;-54,7500;0,000;101,024;33,600;0,005;458,950;497,750;28,40;847,650;263,203;0,000;583,300;579,600;560,600;309,650;;;;;0,00;0,00;0,00;3,00;4,20;15,322;27,963;0,61;0,55;999998,00;999998,00;999998,00;999998,00;999998,00;999998,00;999998,00;999998,00;999998,00;999998,00;999998,00;999998,00;999998,00;999998,00;999998,00;;;;;;;;;;;;;;;;;621,7679;18,94874;69,7613;0,32832845;0,32832845;-0,00055;1,68002;129,1724;18,564338;0,099801;24,123766;26,163209;0,0229;2,2891;4,86;485,97;0,00;0,55;47,26;;357,949;357,020;6,2214101;18,63600;1,98900;0,00600;0,1139065;;16,63;360,00;;;
;;361;18,71200;1,97500;0,016000;81,575;90,22;-55,1700;0,000;101,022;33,600;0,005;459,950;499,850;28,40;847,583;263,203;0,000;582,900;579,500;560,900;309,650;;;;;0,00;0,00;0,00;3,00;4,20;15,341;27,963;0,61;0,55;999998,00;999998,00;999998,00;999998,00;999998,00;999998,00;999998,00;999998,00;999998,00;999998,00;999998,00;999998,00;999998,00;999998,00;999998,00;;;;;;;;;;;;;;;;;601,8102;18,15601;70,8792;0,33166504;0,33166504;0,00108;1,60627;129,7742;18,403680;0,102891;23,967104;26,046215;0,0235;2,3494;4,89;488,32;0,00;0,53;45,75;;358,652;358,440;6,0217126;18,69000;1,93900;0,01600;0,1111821;;16,21;361,00;;;
;;362;18,69200;2,00000;0,026000;82,325;89,82;-55,3700;0,000;101,024;33,600;0,005;460,150;499,750;28,40;847,450;263,203;0,000;582,700;579,200;561,000;309,650;;;;;0,00;0,00;0,00;3,00;4,20;15,343;27,958;0,61;0,54;999998,00;999998,00;999998,00;999998,00;999998,00;999998,00;999998,00;999998,00;999998,00;999998,00;999998,00;999998,00;999998,00;999998,00;999998,00;;;;;;;;;;;;;;;;;591,8949;42,05472;174,8799;0,14082845;0,14082845;0,00141;3,72913;130,3661;18,484069;0,107346;24,082262;26,154756;0,0246;2,4613;4,91;490,78;0,00;0,53;45,01;;359,310;358,440;5,9225004;18,73600;1,90400;0,01800;0,1088486;;16,01;362,00;;;
;;363;18,67500;2,03600;0,040000;82,275;91,12;-55,5300;0,000;101,018;33,600;0,005;459,950;498,650;28,40;847,317;263,203;0,000;582,500;579,100;560,900;309,650;;;;;0,00;0,00;0,00;3,00;4,20;15,303;27,942;0,61;0,55;999998,00;999998,00;999998,00;999998,00;999998,00;999998,00;999998,00;999998,00;999998,00;999998,00;999998,00;999998,00;999998,00;999998,00;999998,00;;;;;;;;;;;;;;;;;578,6913;19,14367;70,4302;0,30246989;0,30246989;0,00174;1,69308;130,9448;18,482473;0,093066;24,069716;26,094932;0,0213;2,1290;4,93;492,91;0,00;0,51;43,98;;359,932;359,717;5,7903847;18,78600;1,85800;0,02000;0,1064028;;15,85;363,00;;;
;;364;18,64800;2,05700;0,035000;81,675;90,16;-55,9399;0,000;101,022;33,600;0,005;459,650;497,350;28,40;847,183;263,203;0,000;582,300;579,000;560,800;309,650;;;;;0,00;0,00;0,00;3,00;4,20;15,364;27,968;0,61;0,55;999998,00;999998,00;999998,00;999998,00;999998,00;999998,00;999998,00;999998,00;999998,00;999998,00;999998,00;999998,00;999998,00;999998,00;999998,00;;;;;;;;;;;;;;;;;567,1361;18,65850;77,5314;0,30413818;0,30413818;0,00108;1,64573;131,5119;18,420965;0,103628;23,973967;25,940286;0,0236;2,3566;4,96;495,26;0,00;0,50;43,06;;360,517;359,717;5,6747637;18,82400;1,82300;0,01600;0,1046065;;15,44;364,00;;;
;;365;18,60800;2,07200;0,016000;88,200;89,17;-56,1000;0,000;101,022;33,600;0,005;459,350;495,650;28,40;846,683;263,203;0,000;581,300;578,700;560,600;309,650;;;;;0,00;0,00;0,00;3,00;4,21;15,328;27,971;0,61;0,54;999998,00;999998,00;999998,00;999998,00;999998,00;999998,00;999998,00;999998,00;999998,00;999998,00;999998,00;999998,00;999998,00;999998,00;999998,00;;;;;;;;;;;;;;;;;577,4879;38,52909;180,2297;0,14997355;0,14997355;0,00045;3,39309;132,0894;19,148902;0,114664;24,905076;26,873192;0,0270;2,7013;4,98;497,97;0,00;0,51;43,81;;361,098;360,914;5,7783442;18,86900;1,78400;0,01200;0,1024434;;15,28;365,00;;;
;;366;18,57700;2,08800;0,021000;83,850;89,12;-56,2799;0,000;101,022;33,600;0,005;458,850;494,750;28,40;846,150;263,203;0,000;580,000;578,600;560,400;309,650;;;;;0,00;0,00;0,00;3,00;4,21;15,349;27,966;0,61;0,54;999998,00;999998,00;999998,00;999998,00;999998,00;999998,00;999998,00;999998,00;999998,00;999998,00;999998,00;999998,00;999998,00;999998,00;999998,00;;;;;;;;;;;;;;;;;552,3302;34,89105;167,0273;0,15839640;0,15839640;-0,00023;3,07997;132,6418;18,680892;0,115253;24,269935;26,168793;0,0265;2,6441;5,01;500,61;0,00;0,49;41,89;;361,655;360,914;5,5266161;18,91000;1,75400;0,00800;0,1004138;;15,10;366,00;;;
;;367;18,56000;2,10000;0,026000;85,750;89,97;-56,4501;0,000;101,018;33,600;0,005;458,350;492,950;28,40;845,750;263,203;0,000;579,200;578,400;560,200;309,650;;;;;0,00;0,00;0,00;3,00;4,21;15,343;27,968;0,61;0,55;999998,00;999998,00;999998,00;999998,00;999998,00;999998,00;999998,00;999998,00;999998,00;999998,00;999998,00;999998,00;999998,00;999998,00;999998,00;;;;;;;;;;;;;;;;;549,4443;18,42589;81,9891;0,29837036;0,29837036;0,00077;1,62335;133,1912;18,901657;0,105709;24,529991;26,381715;0,0245;2,4448;5,03;503,05;0,00;0,48;41,68;;362,170;362,017;5,4977392;18,94400;1,72200;0,01400;0,0987054;;14,93;367,00;;;
;;368;18,54800;2,08200;0,018000;83,750;89,79;-56,8400;0,000;101,018;33,600;0,005;457,650;491,150;28,40;845,383;263,203;0,000;578,400;578,200;560,100;309,650;;;;;0,00;0,00;0,00;3,00;4,21;15,349;27,982;0,61;0,55;999998,00;999998,00;999998,00;999998,00;999998,00;999998,00;999998,00;999998,00;999998,00;999998,00;999998,00;999998,00;999998,00;999998,00;999998,00;;;;;;;;;;;;;;;;;532,4849;18,21928;84,0234;0,29243978;0,29243978;0,00027;1,61069;133,7237;18,694210;0,107751;24,223721;25,996898;0,0246;2,4557;5,06;505,51;0,00;0,47;40,39;;362,656;362,017;5,3280435;18,98400;1,69400;0,01100;0,0966999;;14,54;368,00;;;
;;369;18,52500;2,03200;0,007000;84,750;89,82;-57,0000;0,000;101,020;33,600;0,005;457,250;489,650;28,40;845,117;263,203;0,000;577,800;578,100;560,000;309,650;;;;;0,00;0,00;0,00;3,00;4,21;15,357;27,960;0,61;0,55;999998,00;999998,00;999998,00;999998,00;999998,00;999998,00;999998,00;999998,00;999998,00;999998,00;999998,00;999998,00;999998,00;999998,00;999998,00;;;;;;;;;;;;;;;;;525,8695;35,86113;167,5389;0,14672852;0,14672852;0,00177;3,17183;134,2496;18,813710;0,107442;24,357260;26,083175;0,0246;2,4568;5,08;507,97;0,00;0,47;39,92;;363,107;362,969;5,2618504;19,01900;1,66400;0,02000;0,0948747;;14,38;369,00;;;
;;370;18,53200;1,98900;0,019000;86,350;90,43;-57,1700;0,000;101,020;33,600;0,005;456,550;488,150;28,40;844,883;263,203;0,000;577,100;578,000;560,100;309,650;;;;;0,00;0,00;0,00;3,00;4,21;15,336;27,971;0,61;0,55;999998,00;999998,00;999998,00;999998,00;999998,00;999998,00;999998,00;999998,00;999998,00;999998,00;999998,00;999998,00;999998,00;999998,00;999998,00;;;;;;;;;;;;;;;;;527,1076;35,56339;156,2583;0,14830526;0,14830526;-0,00056;3,14254;134,7767;19,005025;0,100573;24,567278;26,267697;0,0232;2,3160;5,11;510,28;0,00;0,47;39,95;;363,549;362,969;5,2742384;19,03700;1,65000;0,00600;0,0941323;;14,21;370,00;;;
;;371;18,57600;1,93900;0,006000;79,850;89,83;-57,3300;0,000;101,020;33,600;0,005;455,950;486,750;28,40;844,750;263,203;0,000;576,800;577,900;560,100;309,650;;;;;0,00;0,00;0,00;3,00;4,21;15,336;27,984;0,61;0,55;999998,00;999998,00;999998,00;999998,00;999998,00;999998,00;999998,00;999998,00;999998,00;999998,00;999998,00;999998,00;999998,00;999998,00;999998,00;;;;;;;;;;;;;;;;;501,7216;17,82712;84,2567;0,28160604;0,28160604;0,00172;1,57562;135,2784;18,287750;0,107321;23,609010;25,203829;0,0237;2,3713;5,13;512,65;0,00;0,44;38,08;;363,956;363,782;5,0202259;19,05500;1,63300;0,02000;0,0931043;;14,05;371,00;;;
;;372;18,63600;1,90400;0,016000;84,625;90,11;-57,7000;0,000;101,012;33,600;0,005;455,150;484,750;28,40;844,817;263,203;0,000;577,100;577,800;560,100;309,650;;;;;0,00;0,00;0,00;3,00;4,21;15,402;27,982;0,61;0,55;999998,00;999998,00;999998,00;999998,00;999998,00;999998,00;999998,00;999998,00;999998,00;999998,00;999998,00;999998,00;999998,00;999998,00;999998,00;;;;;;;;;;;;;;;;;510,6884;17,98075;83,1659;0,28418986;0,28418986;0,00127;1,59246;135,7891;18,843150;0,104181;24,283334;25,862565;0,0236;2,3621;5,15;515,02;0,00;0,45;38,75;;364,338;363,782;5,1099477;19,07800;1,61700;0,01700;0,0919638;;13,68;372,00;;;
;;373;18,69000;1,85800;0,018000;84,225;90,33;-57,8600;0,000;101,024;33,600;0,005;454,450;483,250;28,40;844,817;263,203;0,000;577,000;577,700;560,300;309,650;;;;;0,00;0,00;0,00;3,00;4,22;15,358;27,990;0,61;0,55;999998,00;999998,00;999998,00;999998,00;999998,00;999998,00;999998,00;999998,00;999998,00;999998,00;999998,00;999998,00;999998,00;999998,00;999998,00;;;;;;;;;;;;;;;;;505,1292;44,91188;204,0192;0,11253866;0,11253866;0,00260;3,98936;136,2942;18,813036;0,101683;24,207239;25,741332;0,0230;2,2946;5,18;517,31;0,00;0,45;38,38;;364,723;364,531;5,0543225;19,09300;1,60700;0,02500;0,0911008;;13,52;373,00;;;
;;374;18,73600;1,82300;0,020000;82,900;89,78;-58,0000;0,000;101,016;33,600;0,005;453,850;481,950;28,40;845,050;263,203;0,000;577,700;577,600;560,400;309,650;;;;;0,00;0,00;0,00;3,00;4,22;15,351;27,960;0,61;0,55;999998,00;999998,00;999998,00;999998,00;999998,00;999998,00;999998,00;999998,00;999998,00;999998,00;999998,00;999998,00;999998,00;999998,00;999998,00;;;;;;;;;;;;;;;;;498,1033;17,91143;86,5953;0,27825928;0,27825928;0,00357;1,58737;136,7923;18,676803;0,107781;24,000215;25,486182;0,0241;2,4081;5,20;519,72;0,00;0,44;37,85;;365,089;364,531;4,9840217;19,10500;1,59300;0,03100;0,0904837;;13,38;374,00;;;
;;375;18,78600;1,78400;0,016000;85,300;89,34;-58,3799;0,000;101,016;33,600;0,005;453,150;480,550;28,40;844,850;263,203;0,000;577,100;577,500;560,500;309,650;;;;;0,00;0,00;0,00;3,00;4,22;15,328;27,979;0,61;0,54;999998,00;999998,00;999998,00;999998,00;999998,00;999998,00;999998,00;999998,00;999998,00;999998,00;999998,00;999998,00;999998,00;999998,00;999998,00;;;;;;;;;;;;;;;;;497,9361;17,84670;91,3981;0,27917480;0,27917480;0,00345;1,57287;137,2902;18,959852;0,112757;24,326364;25,797273;0,0255;2,5501;5,23;522,27;0,00;0,44;37,80;;365,443;365,262;4,9823482;19,13500;1,56100;0,03000;0,0890900;;13,00;375,00;;;
;;376;18,82400;1,75400;0,012000;85,700;90,59;-58,5200;0,000;101,024;33,600;0,005;452,250;478,850;28,40;844,450;263,203;0,000;575,800;577,500;560,600;309,650;;;;;0,00;0,00;0,00;3,00;4,22;15,357;27,968;0,61;0,55;999998,00;999998,00;999998,00;999998,00;999998,00;999998,00;999998,00;999998,00;999998,00;999998,00;999998,00;999998,00;999998,00;999998,00;999998,00;;;;;;;;;;;;;;;;;489,0661;38,85470;177,4945;0,12594604;0,12594604;-0,00040;3,42179;137,7793;19,023155;0,098808;24,359109;25,791839;0,0224;2,2341;5,25;524,50;0,00;0,43;37,02;;365,784;365,262;4,8935957;19,17800;1,52800;0,00700;0,0871927;;12,86;376,00;;;
;;377;18,86900;1,72200;0,008000;83,775;89,87;-58,6700;0,000;101,016;33,600;0,005;451,750;478,450;28,40;844,083;263,203;0,000;574,900;577,300;560,600;309,650;;;;;0,00;0,00;0,00;3,00;4,22;15,349;27,958;0,61;0,55;999998,00;999998,00;999998,00;999998,00;999998,00;999998,00;999998,00;999998,00;999998,00;999998,00;999998,00;999998,00;999998,00;999998,00;999998,00;;;;;;;;;;;;;;;;;471,7713;37,04385;187,3979;0,12743123;0,12743123;-0,00139;3,25514;138,2511;18,818698;0,106787;24,070661;25,493320;0,0239;2,3866;5,27;526,89;0,00;0,41;35,66;;366,088;365,896;4,7205438;19,22400;1,48800;0,00100;0,0850032;;12,71;377,00;;;
;;378;18,91000;1,69400;0,014000;88,000;91,08;-58,8099;0,000;101,026;33,600;0,005;451,450;477,550;28,40;844,083;263,203;0,000;574,800;577,300;560,700;309,650;;;;;0,00;0,00;0,00;3,00;4,22;15,336;27,963;0,61;0,55;999998,00;999998,00;999998,00;999998,00;999998,00;999998,00;999998,00;999998,00;999998,00;999998,00;999998,00;999998,00;999998,00;999998,00;999998,00;;;;;;;;;;;;;;;;;474,8870;17,59835;79,2474;0,27000936;0,27000936;-0,00398;1,54880;138,7260;19,293807;0,093504;24,661976;26,087776;0,0214;2,1385;5,29;529,03;0,00;0,42;35,84;;366,372;365,896;4,7517190;19,25800;1,46400;-0,01400;0,0834428;;12,57;378,00;;;
;;379;18,94400;1,66400;0,011000;83,925;92,23;-59,1700;0,000;101,014;33,600;0,005;450,950;476,750;28,40;844,050;263,203;0,000;574,800;577,200;560,700;309,650;;;;;0,00;0,00;0,00;3,00;4,22;15,349;27,976;0,61;0,56;999998,00;999998,00;999998,00;999998,00;999998,00;999998,00;999998,00;999998,00;999998,00;999998,00;999998,00;999998,00;999998,00;999998,00;999998,00;;;;;;;;;;;;;;;;;457,9292;18,32890;72,2322;0,24998983;0,24998983;-0,00222;1,60914;139,1839;18,852238;0,080892;24,070859;25,448014;0,0181;1,8046;5,31;530,83;0,00;0,40;34,58;;366,636;366,418;4,5820397;19,27900;1,44200;-0,00400;0,0823391;;12,21;379,00;;;
;;380;18,98400;1,65000;0,020000;83,075;91,41;-59,2799;0,000;101,018;33,600;0,005;450,150;475,450;28,40;844,017;263,203;0,000;574,700;577,100;560,800;309,650;;;;;0,00;0,00;0,00;3,00;4,22;15,328;27,979;0,61;0,55;999998,00;999998,00;999998,00;999998,00;999998,00;999998,00;999998,00;999998,00;999998,00;999998,00;999998,00;999998,00;999998,00;999998,00;999998,00;;;;;;;;;;;;;;;;;448,9064;40,86605;181,2160;0,10991414;0,10991414;-0,00155;3,60527;139,6328;18,773186;0,089849;23,927400;25,272203;0,0199;1,9906;5,33;532,82;0,00;0,40;33,94;;366,864;366,418;4,4917572;19,30300;1,42700;0,00000;0,0810461;;12,10;380,00;;;
;;381;19,01900;1,63300;0,006000;85,650;91,86;-59,4299;0,000;101,018;33,600;0,005;449,250;473,550;28,40;843,850;263,203;0,000;574,200;577,100;560,800;309,650;;;;;0,00;0,00;0,00;3,00;4,23;15,330;27,979;0,61;0,56;999998,00;999998,00;999998,00;999998,00;999998,00;999998,00;999998,00;999998,00;999998,00;999998,00;999998,00;999998,00;999998,00;999998,00;999998,00;;;;;;;;;;;;;;;;;450,7601;34,44272;145,5213;0,13095093;0,13095093;-0,00040;3,03332;140,0836;19,080998;0,084913;24,271099;25,583926;0,0191;1,9045;5,35;534,73;0,00;0,40;34,09;;367,082;366,880;4,5103058;19,32200;1,40800;0,00700;0,0800603;;11,95;381,00;;;
;;382;19,03700;1,61700;0,020000;82,175;92,28;-59,5701;0,000;101,018;33,600;0,005;448,350;472,450;28,40;843,783;263,203;0,000;574,000;577,000;560,900;309,650;;;;;0,00;0,00;0,00;3,00;4,23;15,345;27,995;0,61;0,56;999998,00;999998,00;999998,00;999998,00;999998,00;999998,00;999998,00;999998,00;999998,00;999998,00;999998,00;999998,00;999998,00;999998,00;999998,00;;;;;;;;;;;;;;;;;436,2491;16,52511;66,8368;0,26414998;0,26414998;0,00143;1,46031;140,5198;18,708661;0,080422;23,749810;25,026426;0,0177;1,7644;5,37;536,49;0,00;0,39;33,05;;367,282;366,880;4,3651086;19,34000;1,39500;0,01800;0,0790174;;11,81;382,00;;;
;;383;19,05500;1,60700;0,017000;85,225;91,05;-59,9199;0,000;101,016;33,600;0,005;447,750;471,450;28,40;843,650;263,203;0,000;573,700;576,900;560,900;309,650;;;;;0,00;0,00;0,00;3,00;4,23;15,360;27,990;0,61;0,55;999998,00;999998,00;999998,00;999998,00;999998,00;999998,00;999998,00;999998,00;999998,00;999998,00;999998,00;999998,00;999998,00;999998,00;999998,00;;;;;;;;;;;;;;;;;439,6601;17,83720;84,9315;0,24663289;0,24663289;0,00196;1,57728;140,9595;19,065454;0,093830;24,170354;25,449723;0,0209;2,0934;5,39;538,59;0,00;0,39;33,33;;367,466;367,289;4,3992394;19,35700;1,38100;0,02100;0,0781381;;11,46;383,00;;;
;;384;19,07800;1,59300;0,025000;87,025;91,37;-60,0300;0,000;101,020;33,600;0,005;447,150;470,350;28,40;843,883;263,203;0,000;574,400;576,900;560,900;309,650;;;;;0,00;0,00;0,00;3,00;4,23;15,345;27,995;0,61;0,55;999998,00;999998,00;999998,00;999998,00;999998,00;999998,00;999998,00;999998,00;999998,00;999998,00;999998,00;999998,00;999998,00;999998,00;999998,00;;;;;;;;;;;;;;;;;440,6181;47,19646;217,6961;0,09341431;0,09341431;0,00147;4,18563;141,4001;19,278659;0,090296;24,407895;25,674278;0,0203;2,0324;5,41;540,62;0,00;0,39;33,40;;367,656;367,289;4,4088250;19,37100;1,37300;0,01800;0,0774364;;11,35;384,00;;;
;;385;19,09300;1,56100;0,031000;83,375;91,25;-60,1500;0,000;101,020;33,600;0,005;446,550;469,150;28,40;843,917;263,203;0,000;574,600;576,800;560,900;309,650;;;;;0,00;0,00;0,00;3,00;4,23;15,345;27,982;0,61;0,55;999998,00;999998,00;999998,00;999998,00;999998,00;999998,00;999998,00;999998,00;999998,00;999998,00;999998,00;999998,00;999998,00;999998,00;999998,00;;;;;;;;;;;;;;;;;428,8076;37,88628;177,9198;0,11325073;0,11325073;0,00311;3,34840;141,8289;18,882710;0,091579;23,874521;25,082817;0,0201;2,0137;5,43;542,63;0,00;0,38;32,53;;367,830;367,637;4,2906493;19,38000;1,36000;0,02800;0,0769379;;11,23;385,00;;;
;;386;19,10500;1,52800;0,030000;83,175;92,23;-60,2899;0,000;101,020;33,600;0,005;445,850;468,250;28,40;844,150;263,203;0,000;575,300;576,800;560,900;309,650;;;;;0,00;0,00;0,00;3,00;4,23;15,341;27,987;0,60;0,55;999998,00;999998,00;999998,00;999998,00;999998,00;999998,00;999998,00;999998,00;999998,00;999998,00;999998,00;999998,00;999998,00;999998,00;999998,00;;;;;;;;;;;;;;;;;425,9227;15,93209;66,4318;0,26749674;0,26749674;0,00061;1,40730;142,2548;18,874848;0,080954;23,827172;25,024276;0,0178;1,7760;5,45;544,41;0,00;0,38;32,24;;367,984;367,637;4,2617829;19,39300;1,35100;0,01300;0,0764469;;11,09;386,00;;;
;;387;19,13500;1,48800;0,007000;83,475;92,65;-60,6400;0,000;101,020;33,600;0,005;445,150;467,050;28,40;844,450;263,203;0,000;576,300;576,700;560,900;309,650;;;;;0,00;0,00;0,00;3,00;4,23;15,345;27,995;0,60;0,56;999998,00;999998,00;999998,00;999998,00;999998,00;999998,00;999998,00;999998,00;999998,00;999998,00;999998,00;999998,00;999998,00;999998,00;999998,00;;;;;;;;;;;;;;;;;422,9334;17,68975;70,1119;0,23922729;0,23922729;0,00011;1,55951;142,6778;18,923718;0,076408;23,851358;25,024770;0,0168;1,6763;5,46;546,08;0,00;0,37;31,99;;368,130;367,938;4,2318720;19,40900;1,33600;0,01000;0,0757083;;10,74;387,00;;;
;;388;19,17800;1,46400;0,001000;86,075;90,38;-60,7400;0,000;101,022;33,600;0,005;444,550;466,350;28,40;844,250;263,203;0,000;575,800;576,600;560,900;309,650;;;;;0,00;0,00;0,00;3,00;4,23;15,315;28,003;0,60;0,54;999998,00;999998,00;999998,00;999998,00;999998,00;999998,00;999998,00;999998,00;999998,00;999998,00;999998,00;999998,00;999998,00;999998,00;999998,00;;;;;;;;;;;;;;;;;425,4716;42,97223;227,4490;0,09907023;0,09907023;-0,00125;3,80279;143,1032;19,229131;0,101172;24,203631;25,390538;0,0225;2,2520;5,49;548,34;0,00;0,38;32,17;;368,274;367,938;4,2572690;19,42500;1,32800;0,00200;0,0749463;;10,64;388,00;;;
;;389;19,22400;1,44200;-0,014000;88,425;91,30;-60,8799;0,000;101,018;33,600;0,005;443,850;464,950;28,40;844,217;263,203;0,000;575,700;576,600;560,900;309,650;;;;;0,00;0,00;0,00;3,00;4,24;15,322;27,971;0,60;0,55;999998,00;999998,00;999998,00;999998,00;999998,00;999998,00;999998,00;999998,00;999998,00;999998,00;999998,00;999998,00;999998,00;999998,00;999998,00;;;;;;;;;;;;;;;;;429,6828;33,93679;161,8227;0,12668864;0,12668864;-0,00006;3,00703;143,5329;19,505220;0,091017;24,512485;25,677774;0,0205;2,0489;5,51;550,39;0,00;0,38;32,52;;368,427;368,238;4,2994057;19,43000;1,32400;0,00900;0,0746148;;10,50;389,00;;;
;;390;19,25800;1,42700;-0,004000;85,600;92,02;-61,0200;0,000;101,022;33,600;0,005;443,150;463,950;28,40;844,117;263,203;0,000;575,500;576,500;560,900;309,650;;;;;0,00;0,00;0,00;3,00;4,24;15,370;27,987;0,60;0,55;999998,00;999998,00;999998,00;999998,00;999998,00;999998,00;999998,00;999998,00;999998,00;999998,00;999998,00;999998,00;999998,00;999998,00;999998,00;;;;;;;;;;;;;;;;;421,7567;16,22736;70,8314;0,26006063;0,26006063;0,00011;1,43564;143,9547;19,206266;0,083232;24,098719;25,229834;0,0184;1,8409;5,53;552,23;0,00;0,37;31,92;;368,574;368,238;4,2200977;19,43500;1,31800;0,01000;0,0743766;;10,36;390,00;;;
;;391;19,27900;1,40800;0,000000;87,850;92,96;-61,3600;0,000;101,020;33,600;0,005;442,450;462,650;28,40;843,983;263,203;0,000;575,100;576,500;560,900;309,650;;;;;0,00;0,00;0,00;3,00;4,24;15,360;27,990;0,60;0,55;999998,00;999998,00;999998,00;999998,00;999998,00;999998,00;999998,00;999998,00;999998,00;999998,00;999998,00;999998,00;999998,00;999998,00;999998,00;;;;;;;;;;;;;;;;;423,5985;18,09773;69,7618;0,23420207;0,23420207;0,00148;1,59841;144,3783;19,472433;0,073020;24,394094;25,507803;0,0163;1,6329;5,54;553,86;0,00;0,37;32,08;;368,712;368,537;4,2385265;19,44800;1,30400;0,01800;0,0736757;;10,02;391,00;;;
;;392;19,30300;1,39500;0,007000;84,100;92,01;-61,4601;0,000;101,020;33,600;0,005;441,750;462,150;28,40;843,750;263,203;0,000;574,600;576,400;560,800;309,650;;;;;0,00;0,00;0,00;3,00;4,24;15,343;28,008;0,60;0,55;999998,00;999998,00;999998,00;999998,00;999998,00;999998,00;999998,00;999998,00;999998,00;999998,00;999998,00;999998,00;999998,00;999998,00;999998,00;;;;;;;;;;;;;;;;;410,5275;43,24342;191,9212;0,09499105;0,09499105;0,00044;3,81285;144,7888;19,067386;0,083298;23,848880;24,950220;0,0182;1,8220;5,56;555,68;0,00;0,36;31,05;;368,836;368,537;4,1077378;19,46500;1,28900;0,01200;0,0729127;;9,92;392,00;;;
;;393;19,32200;1,38100;0,018000;83,575;92,10;-61,5900;0,000;101,020;33,600;0,005;441,450;461,850;28,40;843,550;263,203;0,000;574,100;576,300;560,800;309,650;;;;;0,00;0,00;0,00;3,00;4,24;15,360;28,000;0,60;0,55;999998,00;999998,00;999998,00;999998,00;999998,00;999998,00;999998,00;999998,00;999998,00;999998,00;999998,00;999998,00;999998,00;999998,00;999998,00;;;;;;;;;;;;;;;;;402,2945;34,77536;155,1067;0,11575317;0,11575317;0,00346;3,06743;145,1911;19,014235;0,082317;23,766250;24,864520;0,0180;1,7943;5,58;557,48;0,00;0,36;30,50;;368,931;368,763;4,0253586;19,48700;1,26800;0,03000;0,0716423;;9,79;393,00;;;
;;394;19,34000;1,37300;0,021000;83,750;93,07;-61,7200;0,000;101,016;33,600;0,005;440,950;461,450;28,50;843,550;263,203;0,000;574,100;576,300;560,800;309,650;;;;;0,00;0,00;0,00;3,00;4,24;15,389;27,992;0,60;0,55;999998,00;999998,00;999998,00;999998,00;999998,00;999998,00;999998,00;999998,00;999998,00;999998,00;999998,00;999998,00;999998,00;999998,00;999998,00;;;;;;;;;;;;;;;;;396,3664;15,86030;62,7271;0,25006104;0,25006104;0,00246;1,40472;145,5874;19,044921;0,071862;23,777643;24,883078;0,0157;1,5676;5,59;559,04;0,00;0,35;30,05;;369,008;368,763;3,9660420;19,51100;1,25300;0,02400;0,0704637;;9,66;394,00;;;
;;395;19,35700;1,36000;0,018000;88,225;92,41;-62,0500;0,000;101,024;33,600;0,005;440,650;461,050;28,40;843,417;263,203;0,000;573,900;576,200;560,700;309,650;;;;;0,00;0,00;0,00;3,00;4,24;15,294;27,984;0,59;0,55;999998,00;999998,00;999998,00;999998,00;999998,00;999998,00;999998,00;999998,00;999998,00;999998,00;999998,00;999998,00;999998,00;999998,00;999998,00;;;;;;;;;;;;;;;;;402,7886;18,04413;79,1036;0,22335815;0,22335815;0,00097;1,59457;145,9902;19,553765;0,078909;24,396326;25,525760;0,0177;1,7658;5,61;560,81;0,00;0,36;30,48;;369,086;368,934;4,0303031;19,52800;1,23800;0,01500;0,0697360;;9,33;395,00;;;
;;396;19,37100;1,35100;0,028000;80,575;92,44;-62,1400;0,000;101,020;33,600;0,005;440,050;460,150;28,40;843,617;263,203;0,000;574,500;576,200;560,700;309,650;;;;;0,00;0,00;0,00;3,00;4,24;15,328;27,990;0,59;0,54;999998,00;999998,00;999998,00;999998,00;999998,00;999998,00;999998,00;999998,00;999998,00;999998,00;999998,00;999998,00;999998,00;999998,00;999998,00;;;;;;;;;;;;;;;;;381,8656;42,46149;186,7642;0,08998617;0,08998617;0,00159;3,75958;146,3721;18,699525;0,078640;23,298764;24,362973;0,0168;1,6796;5,63;562,49;0,00;0,34;28,92;;369,144;368,934;3,8209468;19,53900;1,23000;0,01900;0,0691298;;9,24;396,00;;;
;;397;19,38000;1,33600;0,013000;88,750;91,54;-62,2700;0,000;101,024;33,600;0,005;439,350;459,150;28,40;843,383;263,203;0,000;574,000;576,100;560,600;309,750;;;;;0,00;0,00;0,00;3,00;4,25;15,372;27,990;0,59;0,54;999998,00;999998,00;999998,00;999998,00;999998,00;999998,00;999998,00;999998,00;999998,00;999998,00;999998,00;999998,00;999998,00;999998,00;999998,00;;;;;;;;;;;;;;;;;399,9156;29,65688;146,7996;0,13492839;0,13492839;-0,00076;2,61349;146,7720;19,640851;0,088434;24,432685;25,533783;0,0198;1,9796;5,65;564,47;0,00;0,35;30,20;;369,199;369,097;4,0015554;19,54700;1,22100;0,00500;0,0689250;;9,11;397,00;;;
;;398;19,39300;1,32800;0,010000;85,250;92,09;-62,3999;0,000;101,024;33,600;0,005;438,550;457,850;28,50;843,283;263,203;0,000;573,800;576,000;560,600;309,750;;;;;0,00;0,00;0,00;3,00;4,25;15,353;28,000;0,59;0,54;999998,00;999998,00;999998,00;999998,00;999998,00;999998,00;999998,00;999998,00;999998,00;999998,00;999998,00;999998,00;999998,00;999998,00;999998,00;;;;;;;;;;;;;;;;;388,6771;37,94307;176,2279;0,10249837;0,10249837;-0,00125;3,35190;147,1607;19,267221;0,082443;23,924257;24,977132;0,0181;1,8052;5,67;566,27;0,00;0,34;29,35;;369,262;369,097;3,8891026;19,56000;1,21300;0,00200;0,0682822;;8,98;398,00;;;
;;399;19,40900;1,32400;0,002000;85,625;90,50;-62,5100;0,000;101,018;33,600;0,005;437,850;456,750;28,50;843,250;263,203;0,000;573,700;576,000;560,600;309,750;;;;;0,00;0,00;0,00;3,00;4,25;15,332;28,003;0,59;0,53;999998,00;999998,00;999998,00;999998,00;999998,00;999998,00;999998,00;999998,00;999998,00;999998,00;999998,00;999998,00;999998,00;999998,00;999998,00;;;;;;;;;;;;;;;;;387,2776;16,84596;95,1483;0,23003133;0,23003133;-0,00092;1,48645;147,5480;19,324980;0,099838;23,957675;24,991820;0,0219;2,1874;5,69;568,46;0,00;0,34;29,25;;369,309;369,220;3,8750992;19,56900;1,20400;0,00400;0,0678300;;8,87;399,00;;;
;;400;19,42500;1,31800;0,009000;86,075;92,57;-62,8300;0,000;101,018;33,600;0,005;437,050;455,450;28,40;843,017;263,203;0,000;573,100;576,000;560,500;309,750;;;;;0,00;0,00;0,00;3,00;4,25;15,320;27,995;0,59;0,54;999998,00;999998,00;999998,00;999998,00;999998,00;999998,00;999998,00;999998,00;999998,00;999998,00;999998,00;999998,00;999998,00;999998,00;999998,00;;;;;;;;;;;;;;;;;387,4292;16,37745;71,5484;0,23670451;0,23670451;-0,00246;1,44590;147,9354;19,393420;0,077200;23,998593;25,008945;0,0169;1,6926;5,70;570,15;0,00;0,34;29,22;;369,354;369,220;3,8766164;19,57500;1,20100;-0,00500;0,0676148;;8,55;400,00;;;
;;401;19,43000;1,30400;0,010000;88,875;90,06;-62,9501;0,000;101,026;33,600;0,005;436,350;454,250;28,40;843,017;263,203;0,000;573,100;576,000;560,500;309,750;;;;;0,00;0,00;0,00;3,00;4,25;15,345;27,995;0,59;0,52;999998,00;999998,00;999998,00;999998,00;999998,00;999998,00;999998,00;999998,00;999998,00;999998,00;999998,00;999998,00;999998,00;999998,00;999998,00;;;;;;;;;;;;;;;;;394,1338;35,84999;211,9004;0,11000570;0,11000570;-0,00198;3,16392;148,3295;19,722127;0,104762;24,366267;25,365824;0,0233;2,3296;5,73;572,48;0,00;0,35;29,74;;369,408;369,327;3,9437029;19,57400;1,20100;-0,00200;0,0676389;;8,43;401,00;;;
;;402;19,43500;1,28900;0,018000;84,175;89,79;-63,0800;0,000;101,026;33,600;0,005;435,550;452,850;28,50;842,983;263,203;0,000;573,000;576,000;560,500;309,750;;;;;0,00;0,00;0,00;3,00;4,25;15,307;28,006;0,59;0,52;999998,00;999998,00;999998,00;999998,00;999998,00;999998,00;999998,00;999998,00;999998,00;999998,00;999998,00;999998,00;999998,00;999998,00;999998,00;;;;;;;;;;;;;;;;;383,0534;37,12511;225,3785;0,10324097;0,10324097;-0,00057;3,28387;148,7126;19,211178;0,107686;23,691485;24,632508;0,0233;2,3254;5,75;574,81;0,00;0,34;28,95;;369,455;369,327;3,8328327;19,57500;1,20100;0,00600;0,0674853;;8,30;402,00;;;
;;403;19,44800;1,26800;0,012000;91,050;90,59;-63,1899;0,000;101,024;33,600;0,005;434,750;451,550;28,40;842,950;263,203;0,000;573,000;575,900;560,500;309,750;;;;;0,00;0,00;0,00;3,00;4,25;15,294;27,995;0,58;0,53;999998,00;999998,00;999998,00;999998,00;999998,00;999998,00;999998,00;999998,00;999998,00;999998,00;999998,00;999998,00;999998,00;999998,00;999998,00;;;;;;;;;;;;;;;;;397,1518;17,27471;96,3921;0,23004150;0,23004150;0,00241;1,52886;149,1097;19,998693;0,098866;24,617360;25,568645;0,0222;2,2161;5,77;577,02;0,00;0,35;30,09;;369,507;369,458;3,9739012;19,57700;1,19700;0,02300;0,0672134;;8,19;403,00;;;
;;404;19,46500;1,25300;0,030000;87,875;89,60;-63,5100;0,000;101,016;33,600;0,005;434,150;450,750;28,40;843,017;263,203;0,000;573,100;575,900;560,600;309,750;;;;;0,00;0,00;0,00;3,00;4,26;15,381;28,022;0,58;0,52;999998,00;999998,00;999998,00;999998,00;999998,00;999998,00;999998,00;999998,00;999998,00;999998,00;999998,00;999998,00;999998,00;999998,00;999998,00;;;;;;;;;;;;;;;;;388,9947;16,44363;102,1376;0,23670451;0,23670451;0,00289;1,45815;149,4987;19,660484;0,109842;24,167642;25,091708;0,0242;2,4162;5,80;579,44;0,00;0,35;29,49;;369,565;369,458;3,8922811;19,58100;1,19500;0,02600;0,0669639;;7,87;404,00;;;
;;405;19,48700;1,23800;0,024000;88,425;88,11;-63,6300;0,000;101,024;33,600;0,005;433,450;449,650;28,40;843,017;263,203;0,000;573,100;575,900;560,600;309,750;;;;;0,00;0,00;0,00;3,00;4,26;15,307;28,008;0,58;0,51;999998,00;999998,00;999998,00;999998,00;999998,00;999998,00;999998,00;999998,00;999998,00;999998,00;999998,00;999998,00;999998,00;999998,00;999998,00;;;;;;;;;;;;;;;;;389,6962;35,18282;251,7234;0,11082967;0,11082967;0,00220;3,11558;149,8884;19,737833;0,126564;24,223603;25,128949;0,0279;2,7882;5,83;582,23;0,00;0,35;29,52;;369,614;369,576;3,8993002;19,58500;1,19100;0,02200;0,0668205;;7,75;405,00;;;
;;406;19,51100;1,23000;0,015000;85,400;89,46;-63,7600;0,000;101,018;33,600;0,005;432,850;449,250;28,40;843,017;263,203;0,000;573,000;576,000;560,600;309,750;;;;;0,00;0,00;0,00;3,00;4,26;15,345;27,998;0,58;0,52;999998,00;999998,00;999998,00;999998,00;999998,00;999998,00;999998,00;999998,00;999998,00;999998,00;999998,00;999998,00;999998,00;999998,00;999998,00;;;;;;;;;;;;;;;;;382,6946;38,94773;245,4142;0,09831746;0,09831746;0,00028;3,45085;150,2711;19,410721;0,111405;23,789174;24,690508;0,0241;2,4114;5,85;584,64;0,00;0,34;28,95;;369,655;369,576;3,8292423;19,58900;1,19000;0,01100;0,0667241;;7,62;406,00;;;
;;407;19,52800;1,22100;0,019000;88,050;91,31;-63,8600;0,000;101,018;33,600;0,005;432,250;448,450;28,50;842,950;263,203;0,000;572,800;575,900;560,700;309,850;;;;;0,00;0,00;0,00;3,00;4,26;15,315;28,000;0,58;0,53;999998,00;999998,00;999998,00;999998,00;999998,00;999998,00;999998,00;999998,00;999998,00;999998,00;999998,00;999998,00;999998,00;999998,00;999998,00;;;;;;;;;;;;;;;;;389,2675;17,76941;91,1367;0,21919759;0,21919759;-0,00041;1,56999;150,6604;19,723256;0,090937;24,138701;25,043378;0,0200;1,9965;5,87;586,64;0,00;0,34;29,41;;369,695;369,674;3,8950109;19,58900;1,18800;0,00700;0,0667948;;7,52;407,00;;;
;;408;19,53900;1,21300;0,005000;87,500;90,70;-64,1700;0,000;101,018;33,600;0,005;431,750;447,950;28,40;842,883;263,203;0,000;572,600;575,900;560,700;309,850;;;;;0,00;0,00;0,00;3,00;4,26;15,391;28,008;0,58;0,52;999998,00;999998,00;999998,00;999998,00;999998,00;999998,00;999998,00;999998,00;999998,00;999998,00;999998,00;999998,00;999998,00;999998,00;999998,00;;;;;;;;;;;;;;;;;387,3791;17,04104;93,9975;0,22745768;0,22745768;-0,00163;1,50249;151,0478;19,672941;0,097684;24,049270;24,951640;0,0214;2,1368;5,89;588,77;0,00;0,34;29,23;;369,740;369,674;3,8761148;19,59400;1,18300;0,00000;0,0666391;;7,21;408,00;;;
;;409;19,54700;1,20400;0,002000;86,875;90,30;-64,2799;0,000;101,018;33,600;0,005;431,350;447,250;28,50;842,817;263,203;0,000;572,300;576,000;560,700;309,750;;;;;0,00;0,00;0,00;3,00;4,26;15,334;28,024;0,58;0,52;999998,00;999998,00;999998,00;999998,00;999998,00;999998,00;999998,00;999998,00;999998,00;999998,00;999998,00;999998,00;999998,00;999998,00;999998,00;;;;;;;;;;;;;;;;;383,2930;41,50813;240,6377;0,09239705;0,09239705;-0,00093;3,64823;151,4311;19,611642;0,102062;23,952123;24,835024;0,0222;2,2221;5,91;591,00;0,00;0,34;28,92;;369,779;369,755;3,8352294;19,60400;1,17100;0,00400;0,0661392;;7,10;409,00;;;
;;410;19,56000;1,20100;0,004000;83,900;90,43;-64,3899;0,000;101,018;33,600;0,005;430,750;446,750;28,50;843,083;263,203;0,000;573,000;576,000;560,800;309,850;;;;;0,00;0,00;0,00;3,00;4,26;15,351;28,003;0,58;0,52;999998,00;999998,00;999998,00;999998,00;999998,00;999998,00;999998,00;999998,00;999998,00;999998,00;999998,00;999998,00;999998,00;999998,00;999998,00;;;;;;;;;;;;;;;;;372,8927;37,59619;216,9635;0,09924316;0,09924316;-0,00074;3,30750;151,8040;19,286338;0,100618;23,522059;24,395774;0,0215;2,1519;5,94;593,15;0,00;0,33;28,14;;369,799;369,755;3,7311644;19,61800;1,16000;0,00500;0,0654251;;6,99;410,00;;;
;;411;19,56900;1,20100;-0,005000;86,975;90,21;-64,5100;0,000;101,022;33,500;0,005;430,350;446,250;28,50;843,417;263,203;0,000;574,000;576,000;560,800;309,850;;;;;0,00;0,00;0,00;3,00;4,26;15,338;28,011;0,58;0,52;999998,00;999998,00;999998,00;999998,00;999998,00;999998,00;999998,00;999998,00;999998,00;999998,00;999998,00;999998,00;999998,00;999998,00;999998,00;;;;;;;;;;;;;;;;;376,0660;16,18223;96,4506;0,23253377;0,23253377;-0,00006;1,42627;152,1800;19,645711;0,103003;23,938108;24,822542;0,0224;2,2415;5,96;595,39;0,00;0,33;28,41;;369,810;369,803;3,7629160;19,63000;1,15100;0,00900;0,0647708;;6,87;411,00;;;
;;412;19,57500;1,20100;-0,002000;86,650;91,99;-64,8199;0,000;101,022;33,500;0,005;429,750;445,650;28,40;843,483;263,203;0,000;574,200;576,000;560,800;309,850;;;;;0,00;0,00;0,00;3,00;4,27;15,345;27,998;0,58;0,53;999998,00;999998,00;999998,00;999998,00;999998,00;999998,00;999998,00;999998,00;999998,00;999998,00;999998,00;999998,00;999998,00;999998,00;999998,00;;;;;;;;;;;;;;;;;373,0874;16,59641;80,6174;0,22493490;0,22493490;0,00201;1,46604;152,5531;19,622655;0,083491;23,876680;24,760075;0,0181;1,8123;5,98;597,20;0,00;0,33;28,24;;369,822;369,803;3,7331126;19,63600;1,14600;0,02100;0,0643314;;6,56;412,00;;;
;;413;19,57400;1,19700;0,006000;91,400;92,07;-64,9299;0,000;101,018;33,500;0,005;429,350;445,150;28,40;843,483;263,203;0,000;574,100;576,000;560,900;309,850;;;;;0,00;0,00;0,00;3,00;4,27;15,353;27,990;0,58;0,53;999998,00;999998,00;999998,00;999998,00;999998,00;999998,00;999998,00;999998,00;999998,00;999998,00;999998,00;999998,00;999998,00;999998,00;999998,00;;;;;;;;;;;;;;;;;381,9486;38,51318;185,7023;0,09923299;0,09923299;0,00243;3,42391;152,9351;20,162706;0,082665;24,510972;25,412972;0,0184;1,8417;5,99;599,04;0,00;0,34;28,95;;369,840;369,848;3,8217778;19,63900;1,14900;0,02300;0,0640939;;6,45;413,00;;;
;;414;19,57500;1,19500;0,023000;89,325;90,54;-65,0500;0,000;101,018;33,500;0,005;428,750;444,150;28,50;843,450;263,203;0,000;574,000;576,000;560,900;309,850;;;;;0,00;0,00;0,00;3,00;4,27;15,330;28,014;0,58;0,52;999998,00;999998,00;999998,00;999998,00;999998,00;999998,00;999998,00;999998,00;999998,00;999998,00;999998,00;999998,00;999998,00;999998,00;999998,00;;;;;;;;;;;;;;;;;379,0385;38,22366;220,3524;0,09922282;0,09922282;0,00451;3,40599;153,3141;19,946462;0,099366;24,214209;25,083943;0,0219;2,1851;6,02;601,23;0,00;0,34;28,80;;369,866;369,848;3,7926595;19,63200;1,15500;0,03500;0,0642975;;6,33;414,00;;;
;;415;19,57700;1,19100;0,026000;90,225;90,04;-65,1600;0,000;101,020;33,600;0,005;428,250;443,550;28,40;843,483;263,203;0,000;574,100;576,000;560,900;309,850;;;;;0,00;0,00;0,00;3,00;4,27;15,366;28,000;0,58;0,51;999998,00;999998,00;999998,00;999998,00;999998,00;999998,00;999998,00;999998,00;999998,00;999998,00;999998,00;999998,00;999998,00;999998,00;999998,00;;;;;;;;;;;;;;;;;384,8092;16,98572;102,3494;0,22668457;0,22668457;0,00100;1,50327;153,6989;20,058395;0,104996;24,321695;25,190630;0,0232;2,3187;6,04;603,55;0,00;0,34;29,11;;369,895;369,913;3,8504011;19,62500;1,15800;0,01500;0,0649146;;6,22;415,00;;;
;;416;19,58100;1,19000;0,022000;90,200;90,42;-65,4701;0,000;101,018;33,500;0,005;427,750;442,950;28,40;843,617;263,203;0,000;574,400;576,000;561,000;309,850;;;;;0,00;0,00;0,00;3,00;4,27;15,334;28,022;0,58;0,52;999998,00;999998,00;999998,00;999998,00;999998,00;999998,00;999998,00;999998,00;999998,00;999998,00;999998,00;999998,00;999998,00;999998,00;999998,00;;;;;;;;;;;;;;;;;383,8569;17,45599;101,0971;0,22003174;0,22003174;0,00224;1,54103;154,0828;20,067335;0,100759;24,304125;25,167766;0,0222;2,2231;6,06;605,77;0,00;0,34;29,06;;369,930;369,913;3,8408721;19,62800;1,15200;0,02200;0,0647244;;5,91;416,00;;;
;;417;19,58500;1,18800;0,011000;87,600;90,72;-65,5701;0,000;101,020;33,500;0,005;427,550;442,950;28,40;843,750;263,203;0,000;574,700;576,100;561,000;309,850;;;;;0,00;0,00;0,00;3,00;4,27;15,338;28,011;0,58;0,52;999998,00;999998,00;999998,00;999998,00;999998,00;999998,00;999998,00;999998,00;999998,00;999998,00;999998,00;999998,00;999998,00;999998,00;999998,00;;;;;;;;;;;;;;;;;374,2214;40,15878;227,4392;0,09324137;0,09324137;0,00011;3,52615;154,4570;19,780626;0,097450;23,945682;24,808186;0,0212;2,1194;6,08;607,89;0,00;0,33;28,25;;369,952;369,959;3,7444598;19,64600;1,13400;0,01000;0,0640085;;5,81;417,00;;;
;;418;19,58900;1,18300;0,007000;85,875;90,59;-65,6899;0,000;101,024;33,500;0,005;427,250;443,250;28,40;843,783;263,203;0,000;574,800;576,100;561,000;309,850;;;;;0,00;0,00;0,00;3,00;4,27;15,324;28,006;0,58;0,52;999998,00;999998,00;999998,00;999998,00;999998,00;999998,00;999998,00;999998,00;999998,00;999998,00;999998,00;999998,00;999998,00;999998,00;999998,00;;;;;;;;;;;;;;;;;365,2393;35,97640;209,9028;0,10158285;0,10158285;-0,00197;3,16437;154,8222;19,591774;0,098860;23,700424;24,587976;0,0213;2,1310;6,10;610,02;0,00;0,32;27,53;;369,951;369,959;3,6545846;19,66700;1,12000;-0,00200;0,0630671;;5,69;418,00;;;
;;419;19,58900;1,17100;0,000000;85,725;92,64;-65,7999;0,000;101,016;33,500;0,005;427,150;443,250;28,40;843,650;263,203;0,000;574,400;576,100;561,000;309,850;;;;;0,00;0,00;0,00;3,00;4,27;15,362;28,014;0,58;0,53;999998,00;999998,00;999998,00;999998,00;999998,00;999998,00;999998,00;999998,00;999998,00;999998,00;999998,00;999998,00;999998,00;999998,00;999998,00;;;;;;;;;;;;;;;;;359,9644;16,68575;76,3328;0,21586100;0,21586100;-0,00127;1,46580;155,1822;19,576948;0,076453;23,676945;24,569369;0,0165;1,6467;6,12;611,67;0,00;0,32;27,14;;369,934;369,945;3,6018034;19,68400;1,10400;0,00200;0,0621981;;5,58;419,00;;;
;;420;19,59400;1,16000;0,004000;86,325;92,62;-66,0900;0,000;101,020;33,500;0,005;426,850;443,050;28,40;843,483;263,203;0,000;574,000;576,000;561,000;309,850;;;;;0,00;0,00;0,00;3,00;4,28;15,349;27,974;0,58;0,53;999998,00;999998,00;999998,00;999998,00;999998,00;999998,00;999998,00;999998,00;999998,00;999998,00;999998,00;999998,00;999998,00;999998,00;999998,00;;;;;;;;;;;;;;;;;356,2621;17,53114;81,5056;0,20333862;0,20333862;-0,00093;1,54282;155,5385;19,652241;0,076638;23,751314;24,652734;0,0166;1,6563;6,14;613,32;0,00;0,31;26,87;;369,906;369,945;3,5647581;19,70100;1,09100;0,00400;0,0613170;;5,29;420,00;;;
;;421;19,60400;1,15100;0,005000;91,325;93,40;-66,1799;0,000;101,018;33,500;0,005;426,550;442,550;28,50;843,550;263,203;0,000;574,100;576,100;561,000;309,850;;;;;0,00;0,00;0,00;3,00;4,28;15,368;28,032;0,58;0,53;999998,00;999998,00;999998,00;999998,00;999998,00;999998,00;999998,00;999998,00;999998,00;999998,00;999998,00;999998,00;999998,00;999998,00;999998,00;;;;;;;;;;;;;;;;;360,9733;43,35867;182,1622;0,08330282;0,08330282;-0,00078;3,81169;155,8994;20,220473;0,068276;24,420892;25,336926;0,0152;1,5166;6,15;614,84;0,00;0,32;27,23;;369,879;369,900;3,6118992;19,72000;1,07400;0,00500;0,0603762;;5,20;421,00;;;
;;422;19,61800;1,14600;0,009000;90,225;90,97;-66,2899;0,000;101,018;33,500;0,005;426,150;442,350;28,40;843,017;263,196;0,000;572,600;576,100;560,900;309,850;;;;;0,00;0,00;0,00;3,00;4,28;15,324;28,022;0,58;0,52;999998,00;999998,00;999998,00;999998,00;999998,00;999998,00;999998,00;999998,00;999998,00;999998,00;999998,00;999998,00;999998,00;999998,00;999998,00;;;;;;;;;;;;;;;;;352,6181;31,13795;184,6664;0,11331177;0,11331177;0,00490;2,76759;156,2520;20,107757;0,094719;24,261989;25,184303;0,0209;2,0912;6,17;616,93;0,00;0,31;26,78;;369,848;369,900;3,5282965;19,73300;1,06700;0,03700;0,0593054;;5,09;422,00;;;
;;423;19,63000;1,14900;0,021000;91,425;92,72;-66,3999;0,000;101,022;33,500;0,005;425,850;441,850;28,50;843,083;263,203;0,000;572,700;576,200;560,900;309,850;;;;;0,00;0,00;0,00;3,00;4,28;15,355;28,016;0,58;0,53;999998,00;999998,00;999998,00;999998,00;999998,00;999998,00;999998,00;999998,00;999998,00;999998,00;999998,00;999998,00;999998,00;999998,00;999998,00;;;;;;;;;;;;;;;;;353,8049;42,45615;201,3505;0,08338420;0,08338420;0,00440;3,77230;156,6058;20,248162;0,075558;24,414201;25,331489;0,0168;1,6779;6,19;618,61;0,00;0,31;26,86;;369,808;369,841;3,5401716;19,73800;1,06300;0,03400;0,0590908;;4,98;423,00;;;
;;424;19,63600;1,15500;0,023000;88,025;92,79;-66,4900;0,000;101,020;33,500;0,005;425,350;441,150;28,50;842,983;263,196;0,000;572,500;576,100;560,900;309,850;;;;;0,00;0,00;0,00;3,00;4,28;15,330;28,027;0,58;0,53;999998,00;999998,00;999998,00;999998,00;999998,00;999998,00;999998,00;999998,00;999998,00;999998,00;999998,00;999998,00;999998,00;999998,00;999998,00;;;;;;;;;;;;;;;;;346,8819;17,13987;80,5038;0,20250448;0,20250448;0,00345;1,52053;156,9527;19,879765;0,074844;23,941863;24,831205;0,0163;1,6293;6,21;620,24;0,00;0,31;26,30;;369,762;369,841;3,4709006;19,74100;1,06000;0,02900;0,0590072;;4,89;424,00;;;
;;425;19,63900;1,15800;0,035000;88,600;92,32;-66,7799;0,000;101,020;33,500;0,005;424,750;440,350;28,40;843,217;263,203;0,000;573,100;576,200;560,900;309,850;;;;;0,00;0,00;0,00;3,00;4,28;15,330;28,030;0,58;0,53;999998,00;999998,00;999998,00;999998,00;999998,00;999998,00;999998,00;999998,00;999998,00;999998,00;999998,00;999998,00;999998,00;999998,00;999998,00;;;;;;;;;;;;;;;;;346,4414;15,64314;78,7779;0,22159831;0,22159831;0,00328;1,38399;157,2992;19,958670;0,079973;24,002986;24,884555;0,0175;1,7447;6,22;621,98;0,00;0,31;26,25;;369,708;369,748;3,4664929;19,74800;1,05200;0,02800;0,0586973;;4,60;425,00;;;
;;426;19,63200;1,15200;0,015000;93,350;91,27;-66,8999;0,000;101,020;33,500;0,005;424,550;439,950;28,40;843,517;263,203;0,000;574,000;576,200;560,900;309,850;;;;;0,00;0,00;0,00;3,00;4,28;15,347;28,040;0,58;0,52;999998,00;999998,00;999998,00;999998,00;999998,00;999998,00;999998,00;999998,00;999998,00;999998,00;999998,00;999998,00;999998,00;999998,00;999998,00;;;;;;;;;;;;;;;;;353,1835;32,59847;188,7110;0,10840861;0,10840861;0,00102;2,86984;157,6524;20,491520;0,091367;24,632205;25,525706;0,0205;2,0446;6,24;624,03;0,00;0,31;26,68;;369,661;369,748;3,5339544;19,76000;1,04000;0,01500;0,0582800;;4,48;426,00;;;
;;427;19,62500;1,13400;0,022000;86,050;91,69;-67,0200;0,000;101,028;33,500;0,005;423,950;439,350;28,40;843,583;263,203;0,000;574,200;576,200;560,900;309,850;;;;;0,00;0,00;0,00;3,00;4,28;15,372;28,022;0,58;0,53;999998,00;999998,00;999998,00;999998,00;999998,00;999998,00;999998,00;999998,00;999998,00;999998,00;999998,00;999998,00;999998,00;999998,00;999998,00;;;;;;;;;;;;;;;;;335,2013;37,94614;210,9724;0,08838908;0,08838908;-0,00128;3,34088;157,9876;19,687907;0,086800;23,632762;24,491222;0,0186;1,8636;6,26;625,89;0,00;0,30;25,27;;369,602;369,613;3,3540241;19,77700;1,02800;0,00200;0,0575650;;4,36;427,00;;;
;;428;19,62800;1,12000;0,010000;88,525;92,61;-67,1100;0,000;101,020;33,500;0,005;423,650;438,850;28,40;843,883;263,203;0,000;575,000;576,300;560,900;309,850;;;;;0,00;0,00;0,00;3,00;4,29;15,360;28,035;0,58;0,53;999998,00;999998,00;999998,00;999998,00;999998,00;999998,00;999998,00;999998,00;999998,00;999998,00;999998,00;999998,00;999998,00;999998,00;999998,00;;;;;;;;;;;;;;;;;335,7020;16,39230;81,6361;0,20491536;0,20491536;-0,00200;1,44277;158,3233;19,976105;0,076831;23,961736;24,821451;0,0167;1,6718;6,28;627,56;0,00;0,30;25,28;;369,522;369,613;3,3590342;19,79300;1,01500;-0,00200;0,0568145;;4,27;428,00;;;
;;429;19,64600;1,10400;-0,002000;87,800;91,66;-67,3999;0,000;101,020;33,500;0,005;423,150;438,150;28,40;843,817;263,203;0,000;574,800;576,300;560,900;309,850;;;;;0,00;0,00;0,00;3,00;4,29;15,372;28,014;0,58;0,53;999998,00;999998,00;999998,00;999998,00;999998,00;999998,00;999998,00;999998,00;999998,00;999998,00;999998,00;999998,00;999998,00;999998,00;999998,00;;;;;;;;;;;;;;;;;332,3573;16,62767;94,4058;0,20000203;0,20000203;-0,00094;1,45778;158,6556;19,905887;0,087163;23,849328;24,694749;0,0189;1,8870;6,30;629,45;0,00;0,29;25,04;;369,439;369,446;3,3255669;19,80000;1,00500;0,00400;0,0564452;;3,98;429,00;;;
;;430;19,66700;1,09100;0,002000;87,700;92,58;-67,4800;0,000;101,026;33,500;0,005;422,550;437,350;28,40;843,883;263,203;0,000;575,000;576,300;560,900;309,850;;;;;0,00;0,00;0,00;3,00;4,29;15,334;28,030;0,58;0,53;999998,00;999998,00;999998,00;999998,00;999998,00;999998,00;999998,00;999998,00;999998,00;999998,00;999998,00;999998,00;999998,00;999998,00;999998,00;;;;;;;;;;;;;;;;;329,2698;45,94689;232,6872;0,07170614;0,07170614;-0,00252;4,01983;158,9849;19,908667;0,077155;23,818837;24,653103;0,0167;1,6675;6,31;631,12;0,00;0,29;24,76;;369,349;369,446;3,2946740;19,81300;0,99400;-0,00500;0,0559091;;3,90;430,00;;;
;;431;19,68400;1,07400;0,004000;90,575;92,17;-67,5800;0,000;101,026;33,500;0,005;422,150;436,650;28,40;843,817;263,203;0,000;574,900;576,300;560,800;309,850;;;;;0,00;0,00;0,00;3,00;4,29;15,299;28,006;0,58;0,53;999998,00;999998,00;999998,00;999998,00;999998,00;999998,00;999998,00;999998,00;999998,00;999998,00;999998,00;999998,00;999998,00;999998,00;999998,00;;;;;;;;;;;;;;;;;331,0892;30,35694;163,9686;0,10913086;0,10913086;-0,00114;2,65428;159,3160;20,241944;0,081513;24,194647;25,025684;0,0179;1,7883;6,33;632,91;0,00;0,29;24,93;;369,259;369,271;3,3128789;19,82400;0,98300;0,00300;0,0552895;;3,80;431,00;;;
;;432;19,70100;1,06700;0,005000;89,450;90,65;-67,6899;0,000;101,030;33,400;0,005;421,650;436,050;28,40;843,850;263,203;0,000;574,900;576,400;560,800;309,850;;;;;0,00;0,00;0,00;3,00;4,29;15,339;28,035;0,58;0,52;999998,00;999998,00;999998,00;999998,00;999998,00;999998,00;999998,00;999998,00;999998,00;999998,00;999998,00;999998,00;999998,00;999998,00;999998,00;;;;;;;;;;;;;;;;;323,2876;40,41629;267,5203;0,08003743;0,08003743;0,00100;3,54864;159,6393;20,127765;0,098225;24,029677;24,850327;0,0214;2,1399;6,35;635,05;0,00;0,28;24,41;;369,161;369,271;3,2348158;19,84100;0,97000;0,01500;0,0542883;;3,69;432,00;;;
;;433;19,72000;1,06300;0,037000;91,850;92,28;-67,7700;0,000;101,026;33,400;0,005;421,150;435,050;28,40;843,950;263,203;0,000;575,200;576,400;560,800;309,850;;;;;0,00;0,00;0,00;3,00;4,29;15,357;28,054;0,58;0,53;999998,00;999998,00;999998,00;999998,00;999998,00;999998,00;999998,00;999998,00;999998,00;999998,00;999998,00;999998,00;999998,00;999998,00;999998,00;;;;;;;;;;;;;;;;;321,7113;17,31667;95,3623;0,18589274;0,18589274;0,00029;1,51388;159,9610;20,408102;0,080390;24,335467;25,138656;0,0177;1,7717;6,37;636,82;0,00;0,28;24,25;;369,053;369,073;3,2190436;19,86300;0,94900;0,01100;0,0532756;;3,61;433,00;;;
;;434;19,73300;1,06000;0,034000;89,850;91,00;-68,0400;0,000;101,026;33,400;0,005;420,550;434,450;28,40;844,817;263,203;0,000;577,800;576,400;560,800;309,850;;;;;0,00;0,00;0,00;3,00;4,29;15,368;28,030;0,58;0,52;999998,00;999998,00;999998,00;999998,00;999998,00;999998,00;999998,00;999998,00;999998,00;999998,00;999998,00;999998,00;999998,00;999998,00;999998,00;;;;;;;;;;;;;;;;;310,9705;14,99558;99,0992;0,20749919;0,20749919;0,00172;1,31554;160,2719;20,199084;0,094345;24,051910;24,846873;0,0206;2,0551;6,39;638,87;0,00;0,27;23,49;;368,932;369,073;3,1115713;19,88600;0,93100;0,01900;0,0520237;;3,34;434,00;;;
;;435;19,73800;1,05200;0,029000;88,550;92,27;-68,1500;0,000;101,018;33,400;0,005;420,050;433,550;28,40;844,783;263,203;0,000;577,800;576,400;560,700;309,850;;;;;0,00;0,00;0,00;3,00;4,30;15,330;28,022;0,58;0,53;999998,00;999998,00;999998,00;999998,00;999998,00;999998,00;999998,00;999998,00;999998,00;999998,00;999998,00;999998,00;999998,00;999998,00;999998,00;;;;;;;;;;;;;;;;;301,0122;34,76395;200,5745;0,08663940;0,08663940;0,00188;3,02687;160,5730;20,064356;0,080432;23,863079;24,630015;0,0174;1,7367;6,41;640,61;0,00;0,26;22,71;;368,787;368,807;3,0119282;19,91400;0,90200;0,02000;0,0506889;;3,23;435,00;;;
;;436;19,74100;1,04000;0,028000;89,775;90,08;-68,2400;0,000;101,020;33,500;0,005;419,450;432,650;28,40;844,517;263,196;0,000;576,900;576,500;560,700;309,850;;;;;0,00;0,00;0,00;3,00;4,30;15,326;28,048;0,58;0,52;999998,00;999998,00;999998,00;999998,00;999998,00;999998,00;999998,00;999998,00;999998,00;999998,00;999998,00;999998,00;999998,00;999998,00;999998,00;;;;;;;;;;;;;;;;;295,9161;40,39860;309,6659;0,07329305;0,07329305;0,00297;3,53351;160,8689;20,217109;0,104473;24,010407;24,766009;0,0227;2,2683;6,43;642,88;0,00;0,26;22,37;;368,626;368,807;2,9609366;19,93700;0,88500;0,02600;0,0494484;;3,14;436,00;;;
;;437;19,74800;1,02800;0,015000;91,000;91,28;-68,3300;0,000;101,020;33,400;0,005;418,750;431,550;28,40;843,850;263,203;0,000;574,900;576,500;560,700;309,850;;;;;0,00;0,00;0,00;3,00;4,30;15,334;28,032;0,58;0,53;999998,00;999998,00;999998,00;999998,00;999998,00;999998,00;999998,00;999998,00;999998,00;999998,00;999998,00;999998,00;999998,00;999998,00;999998,00;;;;;;;;;;;;;;;;;293,9738;14,95766;101,2728;0,19665527;0,19665527;0,00011;1,30321;161,1628;20,371580;0,091211;24,153486;24,891789;0,0199;1,9904;6,45;644,87;0,00;0,26;22,13;;368,457;368,481;2,9415021;19,95500;0,87000;0,01000;0,0487464;;3,05;437,00;;;
;;438;19,76000;1,01500;0,002000;91,125;91,83;-68,6000;0,000;101,020;33,500;0,005;418,050;430,450;28,40;843,983;263,196;0,000;575,400;576,500;560,600;309,950;;;;;0,00;0,00;0,00;3,00;4,30;15,389;28,032;0,58;0,53;999998,00;999998,00;999998,00;999998,00;999998,00;999998,00;999998,00;999998,00;999998,00;999998,00;999998,00;999998,00;999998,00;999998,00;999998,00;;;;;;;;;;;;;;;;;290,1995;15,76195;100,9304;0,18422445;0,18422445;-0,00079;1,37461;161,4530;20,402627;0,085244;24,149858;24,866180;0,0186;1,8583;6,47;646,73;0,00;0,25;21,83;;368,283;368,481;2,9037362;19,97000;0,85900;0,00500;0,0480434;;2,78;438,00;;;
;;439;19,77700;1,00500;-0,002000;91,725;91,16;-68,6700;0,000;101,028;33,500;0,005;417,150;428,650;28,40;843,850;263,203;0,000;575,000;576,500;560,600;309,950;;;;;0,00;0,00;0,00;3,00;4,30;15,353;28,030;0,58;0,53;999998,00;999998,00;999998,00;999998,00;999998,00;999998,00;999998,00;999998,00;999998,00;999998,00;999998,00;999998,00;999998,00;999998,00;999998,00;;;;;;;;;;;;;;;;;286,8737;49,90760;350,9945;0,05751546;0,05751546;-0,00260;4,33491;161,7399;20,491756;0,092535;24,203139;24,870372;0,0202;2,0176;6,49;648,74;0,00;0,25;21,52;;368,101;368,125;2,8704585;19,98800;0,84300;-0,00500;0,0472816;;2,71;439,00;;;
;;440;19,79300;0,99400;0,004000;90,700;90,41;-68,7500;0,000;101,028;33,500;0,005;416,350;427,750;28,50;843,883;263,203;0,000;575,200;576,500;560,500;309,850;;;;;0,00;0,00;0,00;3,00;4,30;15,374;28,032;0,58;0,52;999998,00;999998,00;999998,00;999998,00;999998,00;999998,00;999998,00;999998,00;999998,00;999998,00;999998,00;999998,00;999998,00;999998,00;999998,00;;;;;;;;;;;;;;;;;278,2816;31,83972;249,8865;0,08745321;0,08745321;0,00047;2,78057;162,0182;20,396507;0,100850;24,044438;24,702795;0,0219;2,1840;6,51;650,93;0,00;0,24;20,97;;367,907;368,125;2,7844856;20,00800;0,82700;0,01200;0,0460753;;2,63;440,00;;;
;;441;19,80000;0,98300;-0,005000;93,350;88,03;-68,8400;0,000;101,014;33,400;0,005;415,750;426,450;28,40;843,883;263,203;0,000;575,100;576,600;560,500;309,950;;;;;0,00;0,00;0,00;3,00;4,30;15,345;28,032;0,58;0,51;999998,00;999998,00;999998,00;999998,00;999998,00;999998,00;999998,00;999998,00;999998,00;999998,00;999998,00;999998,00;999998,00;999998,00;999998,00;;;;;;;;;;;;;;;;;276,3428;35,32411;357,3397;0,07827759;0,07827759;-0,00025;3,06880;162,2945;20,707252;0,127536;24,375582;25,002927;0,0280;2,7955;6,54;653,72;0,00;0,24;20,78;;367,702;367,733;2,7650865;20,03000;0,80600;0,00800;0,0450626;;2,54;441,00;;;
;;442;19,81300;0,97000;0,003000;88,825;87,16;-68,9099;0,000;101,018;33,400;0,005;414,750;424,950;28,50;844,050;263,196;0,000;575,600;576,600;560,500;309,950;;;;;0,00;0,00;0,00;3,00;4,30;15,355;28,027;0,58;0,50;999998,00;999998,00;999998,00;999998,00;999998,00;999998,00;999998,00;999998,00;999998,00;999998,00;999998,00;999998,00;999998,00;999998,00;999998,00;;;;;;;;;;;;;;;;;261,7501;32,05893;359,1167;0,08169556;0,08169556;0,00350;2,80729;162,5563;20,223478;0,137450;23,748846;24,332904;0,0293;2,9321;6,57;656,66;0,00;0,23;19,80;;367,478;367,733;2,6190720;20,05200;0,78900;0,02900;0,0436997;;2,47;442,00;;;
;;443;19,82400;0,94900;0,015000;96,475;88,04;-69,0100;0,000;101,018;33,400;0,005;413,850;423,450;28,40;844,317;263,203;0,000;576,300;576,700;560,500;309,950;;;;;0,00;0,00;0,00;3,00;4,31;15,362;28,032;0,58;0,51;999998,00;999998,00;999998,00;999998,00;999998,00;999998,00;999998,00;999998,00;999998,00;999998,00;999998,00;999998,00;999998,00;999998,00;999998,00;;;;;;;;;;;;;;;;;266,7851;25,61173;271,2086;0,10422770;0,10422770;0,00310;2,22753;162,8231;21,099266;0,127386;24,723535;25,297043;0,0283;2,8250;6,60;659,48;0,00;0,23;20,15;;367,245;367,299;2,6694512;20,07400;0,76700;0,02600;0,0426867;;2,37;443,00;;;
;;444;19,84100;0,93100;0,011000;93,125;89,15;-69,1300;0,000;101,020;33,400;0,005;412,850;421,850;28,40;844,217;263,196;0,000;576,000;576,700;560,500;309,950;;;;;0,00;0,00;0,00;3,00;4,31;15,326;28,038;0,58;0,51;999998,00;999998,00;999998,00;999998,00;999998,00;999998,00;999998,00;999998,00;999998,00;999998,00;999998,00;999998,00;999998,00;999998,00;999998,00;;;;;;;;;;;;;;;;;255,8656;13,96654;136,3236;0,18330892;0,18330892;0,00231;1,20948;163,0789;20,754795;0,114917;24,261129;24,790013;0,0250;2,4974;6,62;661,98;0,00;0,22;19,29;;367,007;367,299;2,5601912;20,09700;0,74600;0,02200;0,0416141;;2,25;444,00;;;
;;445;19,86300;0,90200;0,019000;92,400;89,84;-69,3500;0,000;101,020;33,400;0,005;411,950;420,350;28,40;844,183;263,203;0,000;575,900;576,800;560,400;309,950;;;;;0,00;0,00;0,00;3,00;4,31;15,332;28,051;0,58;0,52;999998,00;999998,00;999998,00;999998,00;999998,00;999998,00;999998,00;999998,00;999998,00;999998,00;999998,00;999998,00;999998,00;999998,00;999998,00;;;;;;;;;;;;;;;;;246,1089;15,55784;146,2382;0,15828451;0,15828451;0,00249;1,35272;163,3251;20,696417;0,107127;24,140149;24,632386;0,0231;2,3133;6,65;664,29;0,00;0,21;18,57;;366,746;366,801;2,4625657;20,12600;0,72400;0,02300;0,0401341;;2,03;445,00;;;
;;446;19,88600;0,88500;0,020000;92,275;89,08;-69,4299;0,000;101,016;33,400;0,005;411,150;419,250;28,50;844,383;263,203;0,000;576,500;576,800;560,400;309,950;;;;;0,00;0,00;0,00;3,00;4,31;15,368;28,035;0,58;0,51;999998,00;999998,00;999998,00;999998,00;999998,00;999998,00;999998,00;999998,00;999998,00;999998,00;999998,00;999998,00;999998,00;999998,00;999998,00;;;;;;;;;;;;;;;;;236,4180;34,18815;360,1739;0,06919352;0,06919352;0,00231;2,95797;163,5615;20,702525;0,115607;24,100379;24,575177;0,0249;2,4907;6,67;666,78;0,00;0,20;17,82;;366,465;366,801;2,3655984;20,15900;0,69400;0,02200;0,0385360;;1,95;446,00;;;
;;447;19,91400;0,87000;0,026000;94,600;88,56;-69,5100;0,000;101,020;33,400;0,005;410,150;417,450;28,40;844,517;263,196;0,000;576,900;576,800;560,400;309,950;;;;;0,00;0,00;0,00;3,00;4,31;15,360;28,038;0,58;0,51;999998,00;999998,00;999998,00;999998,00;999998,00;999998,00;999998,00;999998,00;999998,00;999998,00;999998,00;999998,00;999998,00;999998,00;999998,00;;;;;;;;;;;;;;;;;229,5443;30,96361;356,4806;0,07417806;0,07417806;0,00123;2,70188;163,7910;20,987256;0,121522;24,372419;24,806209;0,0264;2,6427;6,70;669,42;0,00;0,20;17,30;;366,166;366,224;2,2968202;20,19200;0,67200;0,01600;0,0369012;;1,87;447,00;;;
;;448;19,93700;0,85900;0,010000;95,100;88,82;-69,5800;0,000;101,020;33,400;0,005;409,050;415,650;28,40;844,517;263,196;0,000;576,900;576,900;560,300;309,950;;;;;0,00;0,00;0,00;3,00;4,31;15,364;28,046;0,57;0,51;999998,00;999998,00;999998,00;999998,00;999998,00;999998,00;999998,00;999998,00;999998,00;999998,00;999998,00;999998,00;999998,00;999998,00;999998,00;;;;;;;;;;;;;;;;;222,4745;30,00995;347,7010;0,07417806;0,07417806;-0,00174;2,59961;164,0135;21,070920;0,118570;24,403952;24,797709;0,0258;2,5776;6,72;672,00;0,00;0,19;16,67;;365,853;366,224;2,2260799;20,22200;0,64600;0,00000;0,0356166;;1,80;448,00;;;
;;449;19,95500;0,84300;0,005000;93,175;90,54;-69,6600;0,000;101,020;33,400;0,005;407,850;413,850;28,40;844,683;263,196;0,000;577,500;576,800;560,300;309,950;;;;;0,00;0,00;0,00;3,00;4,31;15,334;28,072;0,57;0,52;999998,00;999998,00;999998,00;999998,00;999998,00;999998,00;999998,00;999998,00;999998,00;999998,00;999998,00;999998,00;999998,00;999998,00;999998,00;;;;;;;;;;;;;;;;;213,0128;26,63350;266,7042;0,08002726;0,08002726;-0,00099;2,32068;164,2265;20,887233;0,099414;24,120241;24,475081;0,0213;2,1331;6,75;674,14;0,00;0,19;16,00;;365,523;365,578;2,1314063;20,24500;0,62900;0,00400;0,0343977;;1,72;449,00;;;
;;450;19,97000;0,82700;-0,005000;93,650;91,43;-69,7400;0,000;101,022;33,400;0,005;406,750;412,050;28,40;844,483;263,196;0,000;576,800;576,900;560,300;309,950;;;;;0,00;0,00;0,00;3,00;4,31;15,374;28,051;0,57;0,52;999998,00;999998,00;999998,00;999998,00;999998,00;999998,00;999998,00;999998,00;999998,00;999998,00;999998,00;999998,00;999998,00;999998,00;999998,00;;;;;;;;;;;;;;;;;208,0699;24,26939;224,1585;0,08578491;0,08578491;-0,00062;2,12098;164,4346;20,968702;0,089609;24,149013;24,463677;0,0192;1,9218;6,76;676,06;0,00;0,18;15,64;;365,179;365,578;2,0819473;20,26300;0,61500;0,00600;0,0334658;;1,64;450,00;;;
;;451;19,98800;0,80600;0,012000;92,775;90,80;-69,8300;0,000;101,020;33,400;0,005;405,650;410,350;28,40;844,617;263,196;0,000;577,200;576,900;560,300;309,950;;;;;0,00;0,00;0,00;3,00;4,32;15,339;28,048;0,57;0,52;999998,00;999998,00;999998,00;999998,00;999998,00;999998,00;999998,00;999998,00;999998,00;999998,00;999998,00;999998,00;999998,00;999998,00;999998,00;;;;;;;;;;;;;;;;;203,7580;23,76645;239,7901;0,08578491;0,08578491;-0,00044;2,08780;164,6383;20,898792;0,096576;24,003409;24,281520;0,0206;2,0558;6,79;678,11;0,00;0,18;15,33;;364,826;364,881;2,0388024;20,27400;0,60800;0,00700;0,0328800;;1,55;451,00;;;
;;452;20,00800;0,78900;0,008000;88,725;91,89;-69,9099;0,000;101,022;33,500;0,005;404,550;408,650;28,40;844,583;263,203;0,000;577,200;576,900;560,200;309,950;;;;;0,00;0,00;0,00;3,00;4,32;15,345;28,062;0,57;0,52;999998,00;999998,00;999998,00;999998,00;999998,00;999998,00;999998,00;999998,00;999998,00;999998,00;999998,00;999998,00;999998,00;999998,00;999998,00;;;;;;;;;;;;;;;;;198,7401;25,11391;221,7970;0,07918294;0,07918294;-0,00043;2,19911;164,8371;20,465311;0,084552;23,441792;23,679368;0,0176;1,7552;6,80;679,87;0,00;0,17;14,95;;364,464;364,881;1,9885936;20,27700;0,60400;0,00700;0,0327492;;1,47;452,00;;;
;;453;20,03000;0,76700;0,029000;95,525;90,63;-69,9900;0,000;101,022;33,400;0,005;403,550;407,150;28,40;844,383;263,196;0,000;576,600;576,900;560,200;309,950;;;;;0,00;0,00;0,00;3,00;4,32;15,362;28,070;0,57;0,51;999998,00;999998,00;999998,00;999998,00;999998,00;999998,00;999998,00;999998,00;999998,00;999998,00;999998,00;999998,00;999998,00;999998,00;999998,00;;;;;;;;;;;;;;;;;204,6620;26,11046;269,8705;0,07843018;0,07843018;0,00049;2,28168;165,0417;21,261372;0,098446;24,293434;24,510152;0,0212;2,1153;6,82;681,98;0,00;0,18;15,41;;364,105;364,172;2,0478482;20,28200;0,59800;0,01200;0,0324617;;1,39;453,00;;;
;;454;20,05200;0,74600;0,026000;92,400;91,09;-70,0701;0,000;101,014;33,400;0,005;402,550;405,850;28,40;844,317;263,196;0,000;576,400;576,900;560,200;309,950;;;;;0,00;0,00;0,00;3,00;4,32;15,349;28,051;0,57;0,51;999998,00;999998,00;999998,00;999998,00;999998,00;999998,00;999998,00;999998,00;999998,00;999998,00;999998,00;999998,00;999998,00;999998,00;999998,00;;;;;;;;;;;;;;;;;196,7166;21,46620;214,9021;0,09169515;0,09169515;0,00233;1,86938;165,2385;20,936665;0,093372;23,863141;24,058765;0,0197;1,9694;6,84;683,95;0,00;0,17;14,85;;363,745;364,172;1,9683467;20,29600;0,58300;0,02200;0,0316837;;1,31;454,00;;;
;;455;20,07400;0,72400;0,022000;93,475;91,08;-70,1700;0,000;101,016;33,400;0,005;401,750;404,850;28,40;844,350;263,203;0,000;576,600;576,800;560,200;309,950;;;;;0,00;0,00;0,00;3,00;4,32;15,364;28,059;0,57;0,51;999998,00;999998,00;999998,00;999998,00;999998,00;999998,00;999998,00;999998,00;999998,00;999998,00;999998,00;999998,00;999998,00;999998,00;999998,00;;;;;;;;;;;;;;;;;191,4290;21,09751;218,2556;0,09078979;0,09078979;0,00254;1,84045;165,4299;21,079060;0,093489;23,977693;24,162710;0,0198;1,9803;6,86;685,93;0,00;0,17;14,46;;363,372;363,441;1,9154384;20,31700;0,56600;0,02300;0,0306205;;1,21;455,00;;;
;;456;20,09700;0,69400;0,023000;97,350;91,10;-70,2500;0,000;101,016;33,400;0,005;400,950;403,850;28,50;844,250;263,196;0,000;576,200;576,900;560,200;309,950;;;;;0,00;0,00;0,00;3,00;4,32;15,322;28,043;0,56;0,51;999998,00;999998,00;999998,00;999998,00;999998,00;999998,00;999998,00;999998,00;999998,00;999998,00;999998,00;999998,00;999998,00;999998,00;999998,00;;;;;;;;;;;;;;;;;188,7824;22,23323;237,0946;0,08496094;0,08496094;0,00221;1,95477;165,6187;21,532988;0,093266;24,445268;24,622076;0,0201;2,0132;6,88;687,95;0,00;0,17;14,28;;362,992;363,441;1,8889563;20,33800;0,55200;0,02100;0,0295572;;1,13;456,00;;;
;;457;20,12600;0,67200;0,022000;96,700;93,19;-70,3400;0,000;101,018;33,400;0,005;399,950;402,650;28,40;843,950;263,196;0,000;575,300;576,900;560,200;309,950;;;;;0,00;0,00;0,00;3,00;4,32;15,364;28,038;0,56;0,52;999998,00;999998,00;999998,00;999998,00;999998,00;999998,00;999998,00;999998,00;999998,00;999998,00;999998,00;999998,00;999998,00;999998,00;999998,00;;;;;;;;;;;;;;;;;185,9170;23,51466;191,5265;0,07911174;0,07911174;-0,00064;2,06578;165,8046;21,487793;0,070511;24,333120;24,497389;0,0152;1,5143;6,90;689,46;0,00;0,16;13,98;;362,607;362,677;1,8602857;20,34900;0,54500;0,00600;0,0291674;;1,04;457,00;;;
;;458;20,15900;0,64600;0,016000;95,650;92,74;-70,4099;0,000;101,018;33,400;0,005;399,050;401,250;28,40;843,883;263,196;0,000;575,100;576,900;560,200;309,950;;;;;0,00;0,00;0,00;3,00;4,32;15,376;28,070;0,56;0,52;999998,00;999998,00;999998,00;999998,00;999998,00;999998,00;999998,00;999998,00;999998,00;999998,00;999998,00;999998,00;999998,00;999998,00;999998,00;;;;;;;;;;;;;;;;;183,3020;22,92160;200,9462;0,08001709;0,08001709;-0,00064;2,00902;165,9879;21,394900;0,075412;24,173406;24,306677;0,0161;1,6069;6,91;691,07;0,00;0,16;13,78;;362,219;362,677;1,8341199;20,35500;0,53900;0,00600;0,0288811;;0,97;458,00;;;
;;459;20,19200;0,62900;0,000000;95,650;92,74;-70,5000;0,000;101,018;33,400;0,005;399,050;401,250;28,40;843,917;263,203;0,000;575,200;576,900;560,200;309,950;;;;;0,00;0,00;0,00;3,00;4,33;15,362;28,062;0,56;0,52;999998,00;999998,00;999998,00;999998,00;999998,00;999998,00;999998,00;999998,00;999998,00;999998,00;999998,00;999998,00;999998,00;999998,00;999998,00;;;;;;;;;;;;;;;;;180,0711;22,03574;196,6462;0,08176676;0,08176676;-0,00177;1,92198;166,1680;21,394900;0,075412;24,173406;24,306677;0,0161;1,6069;6,93;692,67;0,00;0,16;13,50;;361,826;361,894;1,8017910;20,36700;0,52800;0,00000;0,0283700;;0,88;459,00;;;
;;460;20,22200;0,61500;0,004000;93,900;94,85;-70,5701;0,000;101,018;33,400;0,005;398,050;400,050;28,50;844,150;263,203;0,000;575,800;576,900;560,300;309,950;;;;;0,00;0,00;0,00;3,00;4,33;15,360;28,048;0,56;0,53;999998,00;999998,00;999998,00;999998,00;999998,00;999998,00;999998,00;999998,00;999998,00;999998,00;999998,00;999998,00;999998,00;999998,00;999998,00;;;;;;;;;;;;;;;;;175,3438;25,67333;163,1913;0,06833903;0,06833903;-0,00119;2,21481;166,3433;21,224889;0,052882;23,921220;24,041412;0,0112;1,1146;6,94;693,79;0,00;0,15;13,13;;361,425;361,894;1,7544902;20,37800;0,51400;0,00300;0,0278452;;0,81;460,00;;;
;;461;20,24500;0,60800;0,006000;92,950;94,51;-70,6400;0,000;101,018;33,400;0,005;397,350;399,250;28,40;844,250;263,196;0,000;576,100;576,900;560,300;309,950;;;;;0,00;0,00;0,00;3,00;4,33;15,378;28,059;0,56;0,53;999998,00;999998,00;999998,00;999998,00;999998,00;999998,00;999998,00;999998,00;999998,00;999998,00;999998,00;999998,00;999998,00;999998,00;999998,00;;;;;;;;;;;;;;;;;168,5651;24,11718;169,4092;0,06993612;0,06993612;-0,00119;2,06728;166,5119;21,135840;0,056530;23,778968;23,892672;0,0118;1,1841;6,95;694,97;0,00;0,14;12,61;;361,014;361,080;1,6866619;20,39800;0,49500;0,00300;0,0268788;;0,74;461,00;;;
;;462;20,26300;0,60400;0,007000;94,500;93,52;-70,7100;0,000;101,018;33,400;0,005;396,550;398,350;28,40;844,283;263,196;0,000;576,200;576,900;560,300;309,950;;;;;0,00;0,00;0,00;3,00;4,33;15,362;28,059;0,56;0,52;999998,00;999998,00;999998,00;999998,00;999998,00;999998,00;999998,00;999998,00;999998,00;999998,00;999998,00;999998,00;999998,00;999998,00;999998,00;;;;;;;;;;;;;;;;;162,7944;23,29156;202,3736;0,06993612;0,06993612;0,00106;1,99318;166,6747;21,332824;0,067057;23,952265;24,060987;0,0142;1,4145;6,97;696,39;0,00;0,14;12,23;;360,591;361,080;1,6289209;20,41900;0,47500;0,01500;0,0257169;;0,67;462,00;;;
;;463;20,27400;0,59800;0,007000;96,850;93,05;-70,7799;0,000;101,018;33,400;0,005;395,650;396,950;28,40;844,417;263,196;0,000;576,500;576,900;560,400;309,950;;;;;0,00;0,00;0,00;3,00;4,33;15,370;28,070;0,56;0,52;999998,00;999998,00;999998,00;999998,00;999998,00;999998,00;999998,00;999998,00;999998,00;999998,00;999998,00;999998,00;999998,00;999998,00;999998,00;;;;;;;;;;;;;;;;;153,8294;21,72451;216,6754;0,07085164;0,07085164;0,00184;1,83990;166,8285;21,620994;0,072020;24,220723;24,300306;0,0154;1,5343;6,98;697,92;0,00;0,13;11,56;;360,155;360,216;1,5392169;20,45400;0,44200;0,01900;0,0239728;;0,60;463,00;;;
;;464;20,27700;0,58300;0,012000;97,750;92,35;-70,8500;0,000;101,022;33,300;0,005;394,650;395,850;28,40;844,417;263,196;0,000;576,400;576,800;560,600;309,950;;;;;0,00;0,00;0,00;3,00;4,33;15,349;28,059;0,57;0,52;999998,00;999998,00;999998,00;999998,00;999998,00;999998,00;999998,00;999998,00;999998,00;999998,00;999998,00;999998,00;999998,00;999998,00;999998,00;;;;;;;;;;;;;;;;;141,5680;21,51917;258,6345;0,06582642;0,06582642;0,00223;1,83533;166,9701;21,748723;0,079621;24,302231;24,376126;0,0170;1,7015;7,00;699,62;0,00;0,12;10,67;;359,697;360,216;1,4165299;20,49400;0,41100;0,02100;0,0219280;;0,53;464,00;;;
;;465;20,28200;0,56600;0,022000;95,450;93,09;-70,9099;0,000;101,022;33,300;0,005;393,650;394,350;28,40;844,217;263,196;0,000;575,800;576,800;560,600;309,950;;;;;0,00;0,00;0,00;3,00;4,33;15,332;28,051;0,57;0,53;999998,00;999998,00;999998,00;999998,00;999998,00;999998,00;999998,00;999998,00;999998,00;999998,00;999998,00;999998,00;999998,00;999998,00;999998,00;;;;;;;;;;;;;;;;;124,7929;23,38541;282,5982;0,05339559;0,05339559;0,00392;2,02898;167,0948;21,518613;0,071595;23,984176;24,026825;0,0151;1,5080;7,02;701,13;0,00;0,11;9,48;;359,210;359,266;1,2486777;20,53900;0,37700;0,03000;0,0195324;;0,47;465,00;;;
;;466;20,29600;0,55200;0,023000;97,500;94,86;-70,9601;0,000;101,024;33,400;0,005;392,650;392,950;28,40;843,917;263,196;0,000;574,900;576,700;560,700;309,950;;;;;0,00;0,00;0,00;3,00;4,33;15,355;28,062;0,58;0,54;999998,00;999998,00;999998,00;999998,00;999998,00;999998,00;999998,00;999998,00;999998,00;999998,00;999998,00;999998,00;999998,00;999998,00;999998,00;;;;;;;;;;;;;;;;;113,3622;20,29234;200,5621;0,05589803;0,05589803;0,00262;1,72290;167,2082;21,776142;0,052751;24,209556;24,228053;0,0112;1,1204;7,03;702,25;0,00;0,10;8,56;;358,694;359,266;1,1343021;20,58200;0,33700;0,02300;0,0175295;;0,42;466,00;;;
;;467;20,31700;0,54500;0,021000;95,750;96,35;-71,0200;0,000;101,024;33,400;0,005;391,550;391,450;28,40;843,683;263,196;0,000;574,200;576,700;560,700;309,950;;;;;0,00;0,00;0,00;3,00;4,34;15,355;28,070;0,58;0,56;999998,00;999998,00;999998,00;999998,00;999998,00;999998,00;999998,00;999998,00;999998,00;999998,00;999998,00;999998,00;999998,00;999998,00;999998,00;;;;;;;;;;;;;;;;;102,7421;19,90549;151,5339;0,05164591;0,05164591;0,00069;1,64564;167,3109;21,610122;0,037249;23,957678;23,951559;0,0078;0,7821;7,03;703,03;0,00;0,08;7,68;;358,158;358,215;1,0280373;20,61600;0,30500;0,01300;0,0160061;;0,36;467,00;;;
;;468;20,33800;0,53900;0,006000;98,275;96,58;-71,0601;0,000;101,024;33,400;0,005;390,450;389,750;28,40;843,383;263,196;0,000;573,400;576,600;560,700;309,950;;;;;0,00;0,00;0,00;3,00;4,34;15,324;28,062;0,58;0,56;999998,00;999998,00;999998,00;999998,00;999998,00;999998,00;999998,00;999998,00;999998,00;999998,00;999998,00;999998,00;999998,00;999998,00;999998,00;;;;;;;;;;;;;;;;;91,7245;27,55741;221,7765;0,03330485;0,03330485;0,00051;2,25655;167,4027;21,924023;0,034803;24,237395;24,193942;0,0074;0,7382;7,04;703,77;0,00;0,08;6,85;;357,600;358,215;0,9177954;20,65500;0,27200;0,01200;0,0140823;;0,32;468,00;;;
;;469;20,34900;0,52800;0,006000;101,475;96,32;-71,0900;0,000;101,020;33,400;0,005;389,150;387,850;28,40;843,083;263,203;0,000;572,500;576,600;560,700;309,950;;;;;0,00;0,00;0,00;3,00;4,34;15,332;28,051;0,59;0,56;999998,00;999998,00;999998,00;999998,00;999998,00;999998,00;999998,00;999998,00;999998,00;999998,00;999998,00;999998,00;999998,00;999998,00;999998,00;;;;;;;;;;;;;;;;;82,3881;28,30577;277,0487;0,02912394;0,02912394;-0,00165;2,33342;167,4851;22,315286;0,037536;24,587805;24,505667;0,0081;0,8064;7,05;704,58;0,00;0,07;6,11;;357,023;357,082;0,8243757;20,69000;0,24700;0,00100;0,0124241;;0,29;469,00;;;
;;470;20,35500;0,51400;0,000000;96,900;97,21;-71,1200;0,000;101,022;33,400;0,005;387,950;386,050;28,40;842,750;263,196;0,000;571,600;576,500;560,700;309,950;;;;;0,00;0,00;0,00;3,00;4,34;15,357;28,062;0,59;0,57;999998,00;999998,00;999998,00;999998,00;999998,00;999998,00;999998,00;999998,00;999998,00;999998,00;999998,00;999998,00;999998,00;999998,00;999998,00;;;;;;;;;;;;;;;;;69,7395;22,60227;192,1276;0,03087362;0,03087362;-0,00026;1,91617;167,5548;21,840142;0,028326;23,990068;23,872576;0,0059;0,5928;7,06;705,17;0,00;0,06;5,23;;356,425;357,082;0,6978138;20,72100;0,22500;0,00800;0,0107442;;0,26;470,00;;;
;;471;20,36700;0,49500;0,003000;97,475;97,45;-71,1500;0,000;101,022;33,400;0,005;386,650;384,150;28,40;842,417;263,196;0,000;570,600;576,500;560,700;309,950;;;;;0,00;0,00;0,00;3,00;4,34;15,347;28,070;0,59;0,57;999998,00;999998,00;999998,00;999998,00;999998,00;999998,00;999998,00;999998,00;999998,00;999998,00;999998,00;999998,00;999998,00;999998,00;999998,00;;;;;;;;;;;;;;;;;61,9773;25,62534;223,7779;0,02420044;0,02420044;-0,00046;2,10907;167,6168;21,941638;0,025869;24,020792;23,865479;0,0054;0,5412;7,06;705,71;0,00;0,05;4,62;;355,808;355,872;0,6201445;20,74700;0,20000;0,00700;0,0095029;;0,23;471,00;;;
;;472;20,37800;0,47500;0,003000;99,825;97,81;-71,1700;0,000;101,020;33,400;0,005;385,450;382,350;28,40;842,183;263,196;0,000;569,800;576,500;560,800;309,950;;;;;0,00;0,00;0,00;3,00;4,34;15,339;28,051;0,60;0,58;999998,00;999998,00;999998,00;999998,00;999998,00;999998,00;999998,00;999998,00;999998,00;999998,00;999998,00;999998,00;999998,00;999998,00;999998,00;;;;;;;;;;;;;;;;;52,4070;21,01473;187,2309;0,02495321;0,02495321;0,00150;1,81407;167,6692;22,239094;0,022122;24,270873;24,075673;0,0047;0,4669;7,07;706,18;0,00;0,05;4,00;;355,176;355,872;0,5243849;20,77500;0,18100;0,01700;0,0079277;;0,21;472,00;;;
;;473;20,39800;0,44200;0,015000;101,850;98,32;-71,2000;0,000;101,020;33,400;0,005;384,150;380,650;28,40;842,017;263,196;0,000;569,400;576,400;560,800;309,950;;;;;0,00;0,00;0,00;3,00;4,34;15,332;28,054;0,60;0,58;999998,00;999998,00;999998,00;999998,00;999998,00;999998,00;999998,00;999998,00;999998,00;999998,00;999998,00;999998,00;999998,00;999998,00;999998,00;;;;;;;;;;;;;;;;;45,2549;17,00957;135,6364;0,02662150;0,02662150;-0,00146;1,43592;167,7144;22,501504;0,016974;24,474433;24,251446;0,0036;0,3609;7,07;706,54;0,00;0,04;3,37;;354,528;354,594;0,4528204;20,80200;0,15900;0,00200;0,0067641;;0,18;473,00;;;
;;474;20,41900;0,41100;0,019000;99,425;98,83;-71,2200;0,000;101,022;33,400;0,005;382,850;378,750;28,40;841,950;263,196;0,000;569,200;576,400;560,800;309,950;;;;;0,00;0,00;0,00;3,00;4,34;15,364;28,088;0,60;0,59;999998,00;999998,00;999998,00;999998,00;999998,00;999998,00;999998,00;999998,00;999998,00;999998,00;999998,00;999998,00;999998,00;999998,00;999998,00;;;;;;;;;;;;;;;;;36,4979;0,00000;174,1576;0,01419067;0,01419067;0,00091;2,23380;167,7509;22,269728;0,011797;24,140365;23,881842;0,0025;0,2470;7,07;706,79;0,00;0,03;2,80;;353,866;354,594;0,3651980;20,82400;0,14100;0,01400;0,0055123;;0,16;474,00;;;
;;475;20,45400;0,37700;0,021000;100,975;99,30;-71,2300;0,000;101,020;33,400;0,005;381,650;377,050;28,40;841,883;263,196;0,000;568,900;576,500;560,800;309,950;;;;;0,00;0,00;0,00;3,00;4,35;15,349;28,070;0,60;0,59;999998,00;999998,00;999998,00;999998,00;999998,00;999998,00;999998,00;999998,00;999998,00;999998,00;999998,00;999998,00;999998,00;999998,00;999998,00;;;;;;;;;;;;;;;;;31,6871;0,00000;0,0000;0,00917562;0,00917562;0,00013;2,69987;167,7826;22,477901;0,007010;24,289651;23,996890;0,0015;0,1475;7,07;706,93;0,00;0,02;2,38;;353,193;353,263;0,3170612;20,84200;0,12000;0,01000;0,0047408;;0,15;475,00;;;
;;476;20,49400;0,33700;0,030000;99,150;99,67;-71,2400;0,000;101,018;33,400;0,005;380,450;375,450;28,40;841,783;263,203;0,000;568,500;576,500;560,900;310,050;;;;;0,00;0,00;0,00;3,00;4,35;15,349;28,075;0,60;0,60;999998,00;999998,00;999998,00;999998,00;999998,00;999998,00;999998,00;999998,00;999998,00;999998,00;999998,00;999998,00;999998,00;999998,00;999998,00;;;;;;;;;;;;;;;;;23,9802;0,00000;63,6381;0,01084391;0,01084391;-0,00007;1,79518;167,8066;22,308943;0,003317;24,031277;23,715450;0,0007;0,0690;7,07;707,00;0,00;0,02;1,82;;352,510;353,263;0,2399456;20,86400;0,10500;0,00900;0,0036146;;0,14;476,00;;;
;;477;20,53900;0,30500;0,023000;96,950;99,88;-71,2500;0,000;101,010;33,400;0,005;379,250;373,850;28,40;841,650;263,196;0,000;568,100;576,500;560,900;310,050;;;;;0,00;0,00;0,00;3,00;4,35;15,349;28,070;0,61;0,60;999998,00;999998,00;999998,00;999998,00;999998,00;999998,00;999998,00;999998,00;999998,00;999998,00;999998,00;999998,00;999998,00;999998,00;999998,00;;;;;;;;;;;;;;;;;18,4386;0,00000;0,0000;0,00417074;0,00417074;-0,00163;3,48792;167,8250;22,094926;0,001275;23,725666;23,387845;0,0003;0,0261;7,07;707,03;0,00;0,01;1,36;;351,815;351,887;0,1844967;20,88200;0,09100;0,00100;0,0028055;;0,13;477,00;;;
;;478;20,58200;0,27200;0,013000;101,725;100,09;-71,2500;0,000;101,010;33,400;0,005;377,950;372,150;28,40;841,550;263,196;0,000;567,900;576,400;560,900;310,050;;;;;0,00;0,00;0,00;3,00;4,35;15,362;28,064;0,61;0,60;999998,00;999998,00;999998,00;999998,00;999998,00;999998,00;999998,00;999998,00;999998,00;999998,00;999998,00;999998,00;999998,00;999998,00;999998,00;;;;;;;;;;;;;;;;;15,1863;0,00000;0,0000;0,00500488;0,00500488;-0,00447;2,35867;167,8402;22,671388;-0,000916;24,261225;23,888914;-0,0002;-0,0192;7,07;707,03;0,00;0,01;1,04;;351,114;351,887;0,1519537;20,89600;0,08200;-0,01300;0,0022506;;0,13;478,00;;;
;;479;20,61600;0,24700;0,012000;102,875;100,15;-71,2600;0,000;101,010;33,400;0,005;376,650;370,450;28,40;841,517;263,203;0,000;567,800;576,400;560,900;310,050;;;;;0,00;0,00;0,00;3,00;4,35;15,341;28,083;0,61;0,60;999998,00;999998,00;999998,00;999998,00;999998,00;999998,00;999998,00;999998,00;999998,00;999998,00;999998,00;999998,00;999998,00;999998,00;999998,00;;;;;;;;;;;;;;;;;11,9701;0,00000;0,0000;0,00583903;0,00583903;-0,00491;1,61771;167,8522;22,838489;-0,001472;24,355980;23,955059;-0,0003;-0,0309;7,07;707,03;0,00;0,01;0,80;;350,410;350,481;0,1197728;20,90600;0,07500;-0,01500;0,0017605;;0,12;479,00;;;
;;480;20,65500;0,22500;0,001000;100,600;100,24;-71,2600;0,000;101,018;33,400;0,005;375,550;368,950;28,40;841,450;263,203;0,000;567,600;576,400;560,900;310,050;;;;;0,00;0,00;0,00;3,00;4,35;15,320;28,086;0,61;0,61;999998,00;999998,00;999998,00;999998,00;999998,00;999998,00;999998,00;999998,00;999998,00;999998,00;999998,00;999998,00;999998,00;999998,00;999998,00;;;;;;;;;;;;;;;;;6,7387;0,00000;0,0000;-0,00083415;-0,00083415;-0,00027;-8,72533;167,8589;22,617601;-0,002355;24,049972;23,627313;-0,0005;-0,0488;7,07;707,03;0,00;0,01;0,57;;349,699;350,481;0,0674270;20,91500;0,06900;0,00800;0,0010021;;0,12;480,00;;;
;;481;20,69000;0,20000;0,008000;97,675;100,24;-71,2600;0,000;101,014;33,400;0,005;374,350;367,550;28,40;841,350;263,196;0,000;567,300;576,400;560,900;310,050;;;;;0,00;0,00;0,00;3,00;4,35;15,351;28,091;0,61;0,61;999998,00;999998,00;999998,00;999998,00;999998,00;999998,00;999998,00;999998,00;999998,00;999998,00;999998,00;999998,00;999998,00;999998,00;999998,00;;;;;;;;;;;;;;;;;4,2824;0,00000;0,0000;0,00000000;0,00000000;0,00229;Infinity;167,8632;22,322058;-0,002409;23,659869;23,230092;-0,0005;-0,0491;7,07;707,03;0,00;0,01;0,46;;348,984;349,058;0,0428499;20,91900;0,06500;0,02100;0,0006466;;0,12;481,00;;;
;;482;20,72100;0,18100;0,007000;96,750;100,21;-71,2600;0,000;101,022;33,400;0,005;373,150;366,050;28,40;841,283;263,196;0,000;567,100;576,400;560,900;310,050;;;;;0,00;0,00;0,00;3,00;4,36;15,387;28,086;0,61;0,61;999998,00;999998,00;999998,00;999998,00;999998,00;999998,00;999998,00;999998,00;999998,00;999998,00;999998,00;999998,00;999998,00;999998,00;999998,00;;;;;;;;;;;;;;;;;3,9942;0,00000;0,0000;0,00000000;0,00000000;0,00091;Infinity;167,8672;22,251803;-0,002035;23,509799;23,062474;-0,0004;-0,0411;7,07;707,03;0,00;0,00;0,39;;348,268;349,058;0,0399656;20,92200;0,06100;0,01400;0,0006045;;0,12;482,00;;;
;;483;20,74700;0,15900;0,017000;104,725;100,15;-71,2600;0,000;101,024;33,400;0,005;372,150;364,750;28,40;841,317;263,196;0,000;567,100;576,500;560,900;310,050;;;;;0,00;0,00;0,00;3,00;4,36;15,338;28,086;0,61;0,61;999998,00;999998,00;999998,00;999998,00;999998,00;999998,00;999998,00;999998,00;999998,00;999998,00;999998,00;999998,00;999998,00;999998,00;999998,00;;;;;;;;;;;;;;;;;2,7340;0,00000;0,0000;0,00000000;0,00000000;0,00177;Infinity;167,8700;23,181824;-0,001429;24,426762;23,941049;-0,0003;-0,0300;7,07;707,03;0,00;0,00;0,32;;347,554;347,627;0,0273566;20,92500;0,05900;0,01800;0,0003979;;0,12;483,00;;;
;;484;20,77500;0,14100;0,002000;105,950;100,20;-71,2600;0,000;101,024;33,400;0,005;371,050;363,550;28,40;841,250;263,203;0,000;567,000;576,400;560,900;310,050;;;;;0,00;0,00;0,00;3,00;4,36;15,358;28,102;0,61;0,61;999998,00;999998,00;999998,00;999998,00;999998,00;999998,00;999998,00;999998,00;999998,00;999998,00;999998,00;999998,00;999998,00;999998,00;999998,00;;;;;;;;;;;;;;;;;3,3304;0,00000;0,0000;0,00000000;0,00000000;-0,00152;Infinity;167,8733;23,351550;-0,002006;24,532873;24,036992;-0,0004;-0,0423;7,07;707,03;0,00;0,00;0,28;;346,842;347,627;0,0333245;20,92700;0,05900;0,00200;0,0004795;;0,12;484,00;;;
;;485;20,80200;0,12000;0,014000;101,675;100,17;-71,2600;0,000;101,024;33,400;0,005;370,050;362,450;28,40;841,250;263,203;0,000;567,000;576,500;560,800;310,050;;;;;0,00;0,00;0,00;3,00;4,36;15,385;28,072;0,61;0,61;999998,00;999998,00;999998,00;999998,00;999998,00;999998,00;999998,00;999998,00;999998,00;999998,00;999998,00;999998,00;999998,00;999998,00;999998,00;;;;;;;;;;;;;;;;;2,2687;0,00000;0,0000;0,00000000;0,00000000;-0,00068;Infinity;167,8755;22,906478;-0,001693;24,000429;23,507514;-0,0003;-0,0349;7,07;707,03;0,00;0,00;0,22;;346,133;346,204;0,0227005;20,92900;0,05700;0,00600;0,0003334;;0,12;485,00;;;
;;486;20,82400;0,10500;0,010000;103,875;100,11;-71,2600;0,000;101,026;33,500;0,005;369,150;361,450;28,40;841,217;263,196;0,000;567,000;576,400;560,800;310,050;;;;;0,00;0,00;0,00;3,00;4,36;15,328;28,094;0,61;0,61;999998,00;999998,00;999998,00;999998,00;999998,00;999998,00;999998,00;999998,00;999998,00;999998,00;999998,00;999998,00;999998,00;999998,00;999998,00;;;;;;;;;;;;;;;;;1,2635;0,00000;0,0000;0,00000000;0,00000000;0,00095;Infinity;167,8768;23,181179;-0,001067;24,229177;23,723787;-0,0002;-0,0222;7,07;707,03;0,00;0,00;0,20;;345,424;346,204;0,0126422;20,93000;0,05600;0,01400;0,0001844;;0,12;486,00;;;
;;487;20,84200;0,09100;0,009000;101,450;100,12;-71,2600;0,000;101,026;33,500;0,005;368,250;360,650;28,40;841,250;263,196;0,000;567,100;576,400;560,800;310,050;;;;;0,00;0,00;0,00;3,00;4,36;15,326;28,080;0,61;0,61;999998,00;999998,00;999998,00;999998,00;999998,00;999998,00;999998,00;999998,00;999998,00;999998,00;999998,00;999998,00;999998,00;999998,00;999998,00;;;;;;;;;;;;;;;;;2,0762;0,00000;0,0000;0,00000000;0,00000000;-0,00250;Infinity;167,8789;22,936972;-0,001129;23,915480;23,421909;-0,0002;-0,0232;7,07;707,03;0,00;0,00;0,14;;344,718;344,791;0,0207747;20,93200;0,05400;-0,00300;0,0003040;;0,12;487,00;;;
;;488;20,86400;0,08200;0,001000;104,550;100,13;-71,2600;0,000;101,018;33,400;0,005;367,450;359,750;28,40;841,217;263,203;0,000;567,000;576,400;560,800;310,050;;;;;0,00;0,00;0,00;3,00;4,36;15,366;28,099;0,61;0,61;999998,00;999998,00;999998,00;999998,00;999998,00;999998,00;999998,00;999998,00;999998,00;999998,00;999998,00;999998,00;999998,00;999998,00;999998,00;;;;;;;;;;;;;;;;;1,3370;0,00000;0,0000;0,00000000;0,00000000;-0,00152;Infinity;167,8802;23,310110;-0,001273;24,251737;23,743536;-0,0003;-0,0265;7,07;707,03;0,00;0,00;0,12;;344,015;344,791;0,0133780;20,93300;0,05300;0,00200;0,0001929;;0,12;488,00;;;
;;489;20,88200;0,07500;-0,013000;99,850;100,08;-71,2600;0,000;101,016;33,400;0,005;366,650;358,950;28,40;841,117;263,203;0,000;566,600;576,500;560,800;310,050;;;;;0,00;0,00;0,00;3,00;4,36;15,351;28,099;0,61;0,61;999998,00;999998,00;999998,00;999998,00;999998,00;999998,00;999998,00;999998,00;999998,00;999998,00;999998,00;999998,00;999998,00;999998,00;999998,00;;;;;;;;;;;;;;;;;1,0710;0,00000;0,0000;0,00000000;0,00000000;-0,00188;Infinity;167,8813;22,804977;-0,000755;23,674542;23,177355;-0,0002;-0,0153;7,07;707,03;0,00;0,00;0,09;;343,314;343,387;0,0107161;20,93400;0,05300;0,00000;0,0001578;;0,12;489,00;;;
;;490;20,89600;0,06900;-0,015000;99,875;100,09;-71,2600;0,000;101,020;33,400;0,005;365,850;358,250;28,40;841,050;263,196;0,000;566,600;576,400;560,700;310,050;;;;;0,00;0,00;0,00;3,00;4,37;15,313;28,099;0,61;0,60;999998,00;999998,00;999998,00;999998,00;999998,00;999998,00;999998,00;999998,00;999998,00;999998,00;999998,00;999998,00;999998,00;999998,00;999998,00;;;;;;;;;;;;;;;;;0,7484;0,00000;0,0000;0,00000000;0,00000000;-0,00209;Infinity;167,8820;22,832755;-0,000862;23,651660;23,160332;-0,0002;-0,0175;7,07;707,03;0,00;0,00;0,07;;342,616;343,387;0,0074882;20,93500;0,05300;-0,00100;0,0001101;;0,12;490,00;;;
;;491;20,90600;0,06500;0,008000;104,375;100,06;-71,2600;0,000;101,016;33,400;0,005;365,050;357,550;28,40;841,117;263,196;0,000;566,700;576,500;560,700;310,050;;;;;0,00;0,00;0,00;3,00;4,37;15,334;28,096;0,61;0,60;999998,00;999998,00;999998,00;999998,00;999998,00;999998,00;999998,00;999998,00;999998,00;999998,00;999998,00;999998,00;999998,00;999998,00;999998,00;;;;;;;;;;;;;;;;;1,4516;0,00000;0,0000;0,00000000;0,00000000;-0,00276;Infinity;167,8835;23,367029;-0,000571;24,152168;23,655959;-0,0001;-0,0119;7,07;707,03;0,00;0,00;0,09;;341,920;341,994;0,0145252;20,93400;0,05300;-0,00400;0,0002084;;0,12;491,00;;;
;;492;20,91500;0,06100;0,021000;100,825;100,03;-71,2600;0,000;101,024;33,400;0,005;364,350;356,950;28,40;841,050;263,203;0,000;566,500;576,500;560,700;310,050;;;;;0,00;0,00;0,00;3,00;4,37;15,351;28,115;0,61;0,60;999998,00;999998,00;999998,00;999998,00;999998,00;999998,00;999998,00;999998,00;999998,00;999998,00;999998,00;999998,00;999998,00;999998,00;999998,00;;;;;;;;;;;;;;;;;0,1203;0,00000;0,0000;0,00000000;0,00000000;0,00053;Infinity;167,8836;22,988264;-0,000277;23,715114;23,233457;-0,0001;-0,0057;7,07;707,03;0,00;0,00;0,09;;341,227;341,994;0,0012036;20,93400;0,05200;0,01200;0,0000186;;0,12;492,00;;;
;;493;20,91900;0,05900;0,014000;102,575;100,05;-71,2600;0,000;101,024;33,400;0,005;363,650;356,450;28,40;840,983;263,196;0,000;566,300;576,500;560,700;310,050;;;;;0,00;0,00;0,00;3,00;4,37;15,376;28,086;0,60;0,60;999998,00;999998,00;999998,00;999998,00;999998,00;999998,00;999998,00;999998,00;999998,00;999998,00;999998,00;999998,00;999998,00;999998,00;999998,00;;;;;;;;;;;;;;;;;0,0000;0,00000;0,0000;0,00000000;0,00000000;0,00136;Infinity;167,8836;23,209212;-0,000447;23,897048;23,423905;-0,0001;-0,0092;7,07;707,03;0,00;0,00;0,09;;340,535;340,609;0,0000000;20,93400;0,05300;0,01600;-0,0000447;;0,12;493,00;;;
;;494;20,92200;0,05900;0,018000;103,125;100,04;-71,2600;0,000;101,024;33,400;0,005;362,950;355,850;28,40;840,950;263,196;0,000;566,200;576,600;560,600;310,050;;;;;0,00;0,00;0,00;3,00;4,37;15,362;28,083;0,60;0,60;999998,00;999998,00;999998,00;999998,00;999998,00;999998,00;999998,00;999998,00;999998,00;999998,00;999998,00;999998,00;999998,00;999998,00;999998,00;;;;;;;;;;;;;;;;;0,0000;0,00000;0,0000;0,00000000;0,00000000;0,00198;Infinity;167,8836;23,293783;-0,000366;23,937958;23,469685;-0,0001;-0,0075;7,07;707,03;0,00;0,00;0,04;;339,845;340,609;0,0000000;20,93600;0,05300;0,01900;-0,0002035;;0,12;494,00;;;
;;495;20,92500;0,05700;0,002000;100,675;100,03;-71,2600;0,000;101,020;33,400;0,005;362,350;355,450;28,40;840,950;263,196;0,000;566,200;576,600;560,600;310,050;;;;;0,00;0,00;0,00;3,00;4,37;15,330;28,102;0,60;0,60;999998,00;999998,00;999998,00;999998,00;999998,00;999998,00;999998,00;999998,00;999998,00;999998,00;999998,00;999998,00;999998,00;999998,00;999998,00;;;;;;;;;;;;;;;;;0,0000;0,00000;0,0000;0,00000000;0,00000000;0,00277;Infinity;167,8836;23,034465;-0,000300;23,632337;23,182322;-0,0001;-0,0061;7,07;707,03;0,00;0,00;0,07;;339,159;339,233;0,0000000;20,93500;0,05200;0,02300;-0,0001811;;0,12;495,00;;;
;;496;20,92700;0,05600;0,006000;101,300;100,05;-71,2600;0,000;101,020;33,400;0,005;361,850;355,050;28,40;840,983;263,196;0,000;566,300;576,600;560,600;310,050;;;;;0,00;0,00;0,00;3,00;4,37;15,379;28,107;0,60;0,60;999998,00;999998,00;999998,00;999998,00;999998,00;999998,00;999998,00;999998,00;999998,00;999998,00;999998,00;999998,00;999998,00;999998,00;999998,00;;;;;;;;;;;;;;;;;0,1436;0,00000;0,0000;0,00000000;0,00000000;-0,00048;Infinity;167,8838;23,121813;-0,000451;23,689218;23,244043;-0,0001;-0,0092;7,07;707,03;0,00;0,00;0,07;;338,475;339,233;0,0014372;20,93500;0,05200;0,00700;0,0000215;;0,12;496,00;;;
;;497;20,92900;0,05400;0,014000;104,650;100,04;-71,2600;0,000;101,022;33,400;0,005;361,350;354,650;28,40;841,083;263,196;0,000;566,500;576,700;560,600;310,050;;;;;0,00;0,00;0,00;3,00;4,37;15,326;28,096;0,60;0,59;999998,00;999998,00;999998,00;999998,00;999998,00;999998,00;999998,00;999998,00;999998,00;999998,00;999998,00;999998,00;999998,00;999998,00;999998,00;;;;;;;;;;;;;;;;;0,0000;0,00000;0,0000;0,00000000;0,00000000;0,00034;Infinity;167,8838;23,517277;-0,000383;24,061093;23,614963;-0,0001;-0,0079;7,07;707,03;0,00;0,00;0,07;;337,794;337,868;0,0000000;20,93500;0,05100;0,01100;-0,0000165;;0,12;497,00;;;
;;498;20,93000;0,05300;-0,003000;104,725;100,04;-71,2600;0,000;101,022;33,400;0,005;360,750;354,250;28,50;841,083;263,196;0,000;566,500;576,700;560,600;310,050;;;;;0,00;0,00;0,00;3,00;4,38;15,349;28,102;0,60;0,59;999998,00;999998,00;999998,00;999998,00;999998,00;999998,00;999998,00;999998,00;999998,00;999998,00;999998,00;999998,00;999998,00;999998,00;999998,00;;;;;;;;;;;;;;;;;0,7705;0,00000;0,0000;0,00000000;0,00000000;-0,00174;Infinity;167,8845;23,545257;-0,000399;24,049722;23,616393;-0,0001;-0,0083;7,07;707,03;0,00;0,00;0,07;;337,117;337,868;0,0077099;20,93500;0,05100;0,00100;0,0001101;;0,12;498,00;;;
;;499;20,93200;0,05300;0,002000;104,725;100,03;-71,2600;0,000;101,014;33,400;0,005;360,250;353,850;28,40;841,117;263,203;0,000;566,500;576,800;560,600;310,050;;;;;0,00;0,00;0,00;3,00;4,38;15,366;28,104;0,59;0,59;999998,00;999998,00;999998,00;999998,00;999998,00;999998,00;999998,00;999998,00;999998,00;999998,00;999998,00;999998,00;999998,00;999998,00;999998,00;;;;;;;;;;;;;;;;;0,5930;0,00000;0,0000;0,00000000;0,00000000;-0,00153;Infinity;167,8851;23,561591;-0,000296;24,033049;23,606091;-0,0001;-0,0061;7,07;707,03;0,00;0,00;0,07;;336,443;336,515;0,0059337;20,93500;0,05200;0,00200;0,0000848;;0,12;499,00;;;
;;500;20,93300;0,05300;0,000000;105,075;100,03;-71,2600;0,000;101,016;33,400;0,005;359,650;353,350;28,40;841,083;263,196;0,000;566,500;576,800;560,500;310,050;;;;;0,00;0,00;0,00;3,00;4,38;15,358;28,102;0,59;0,59;999998,00;999998,00;999998,00;999998,00;999998,00;999998,00;999998,00;999998,00;999998,00;999998,00;999998,00;999998,00;999998,00;999998,00;999998,00;;;;;;;;;;;;;;;;;0,4835;0,00000;0,0000;0,00083415;0,00083415;-0,00383;0,88082;167,8856;23,620609;-0,000277;24,053121;23,631781;-0,0001;-0,0057;7,07;707,03;0,00;0,00;-0,01;;335,771;336,515;0,0048381;20,93800;0,05000;-0,00900;0,0000680;;0,12;500,00;;;
;;501;20,93400;0,05300;-0,001000;103,050;100,03;-71,2600;0,000;101,016;33,400;0,005;359,150;353,050;28,40;841,150;263,196;0,000;566,700;576,800;560,500;310,050;;;;;0,00;0,00;0,00;3,00;4,38;15,351;28,096;0,59;0,59;999998,00;999998,00;999998,00;999998,00;999998,00;999998,00;999998,00;999998,00;999998,00;999998,00;999998,00;999998,00;999998,00;999998,00;999998,00;;;;;;;;;;;;;;;;;0,5444;0,00000;0,0000;-0,00583903;-0,00583903;-0,00276;-0,06337;167,8862;23,408172;-0,000308;23,803654;23,399360;-0,0001;-0,0063;7,07;707,03;0,00;0,00;0,02;;335,102;335,174;0,0054474;20,93700;0,04900;-0,00400;0,0000778;;0,12;501,00;;;
;;502;20,93500;0,05200;-0,004000;106,325;100,04;-71,2500;0,000;101,018;33,400;0,005;358,750;352,750;28,50;841,150;263,196;0,000;566,500;577,000;560,500;310,050;;;;;0,00;0,00;0,00;3,00;4,38;15,328;28,112;0,59;0,59;999998,00;999998,00;999998,00;999998,00;999998,00;999998,00;999998,00;999998,00;999998,00;999998,00;999998,00;999998,00;999998,00;999998,00;999998,00;;;;;;;;;;;;;;;;;0,0000;0,00000;0,0000;-0,00583903;-0,00583903;-0,00092;-0,06441;167,8862;23,790479;-0,000409;24,165476;23,761315;-0,0001;-0,0085;7,07;707,03;0,00;0,00;-0,01;;334,435;335,174;0,0000000;20,93800;0,04900;0,00500;-0,0000965;;0,13;502,00;;;
;;503;20,93400;0,05300;0,012000;103,725;100,02;-71,2500;0,000;101,014;33,400;0,005;358,250;352,450;28,50;841,217;263,196;0,000;566,800;576,900;560,500;310,050;;;;;0,00;0,00;0,00;3,00;4,38;15,338;28,112;0,59;0,58;999998,00;999998,00;999998,00;999998,00;999998,00;999998,00;999998,00;999998,00;999998,00;999998,00;999998,00;999998,00;999998,00;999998,00;999998,00;;;;;;;;;;;;;;;;;0,0000;0,00000;0,0000;0,00083415;0,00083415;0,00179;0,44561;167,8862;23,514192;-0,000202;23,851545;23,465394;0,0000;-0,0041;7,07;707,03;0,00;0,00;-0,01;;333,770;333,842;0,0000000;20,93800;0,04900;0,01800;-0,0002611;;0,13;503,00;;;
;;504;20,93400;0,05300;0,016000;99,600;100,03;-71,2500;0,000;101,018;33,400;0,005;357,850;352,150;28,50;841,217;263,196;0,000;566,800;576,900;560,500;310,050;;;;;0,00;0,00;0,00;3,00;4,38;15,330;28,112;0,59;0,58;999998,00;999998,00;999998,00;999998,00;999998,00;999998,00;999998,00;999998,00;999998,00;999998,00;999998,00;999998,00;999998,00;999998,00;999998,00;;;;;;;;;;;;;;;;;0,0000;0,00000;0,0000;-0,00083415;-0,00083415;0,00338;-0,43690;167,8862;23,054759;-0,000286;23,359411;22,987331;-0,0001;-0,0058;7,07;707,03;0,00;0,00;-0,01;;333,107;333,842;0,0000000;20,93800;0,04900;0,02600;-0,0003624;;0,13;504,00;;;
;;505;20,93400;0,05200;0,019000;106,250;100,03;-71,2500;0,000;101,014;33,400;0,005;357,450;351,950;28,50;841,250;263,196;0,000;566,800;577,100;560,400;310,050;;;;;0,00;0,00;0,00;3,00;4,38;15,357;28,115;0,58;0,58;999998,00;999998,00;999998,00;999998,00;999998,00;999998,00;999998,00;999998,00;999998,00;999998,00;999998,00;999998,00;999998,00;999998,00;999998,00;;;;;;;;;;;;;;;;;0,0000;0,00000;0,0000;0,00583903;0,00583903;0,00308;0,00208;167,8862;23,825294;-0,000285;24,113144;23,742121;-0,0001;-0,0059;7,07;707,03;0,00;0,00;-0,04;;332,448;332,520;0,0000000;20,93900;0,04800;0,02400;-0,0003848;;0,13;505,00;;;
;;506;20,93600;0,05200;0,023000;105,200;100,04;-71,2600;0,000;101,014;33,400;0,005;357,150;351,650;28,50;841,183;263,196;0,000;566,600;577,100;560,400;310,050;;;;;0,00;0,00;0,00;3,00;4,39;15,318;28,115;0,58;0,58;999998,00;999998,00;999998,00;999998,00;999998,00;999998,00;999998,00;999998,00;999998,00;999998,00;999998,00;999998,00;999998,00;999998,00;999998,00;;;;;;;;;;;;;;;;;0,0000;0,00000;0,0000;0,00583903;0,00583903;-0,00070;0,06421;167,8862;23,717230;-0,000406;23,983629;23,614289;-0,0001;-0,0084;7,07;707,03;0,00;0,00;-0,03;;331,791;332,520;0,0000000;20,93900;0,04900;0,00600;-0,0001696;;0,12;506,00;;;
;;507;20,93500;0,05100;0,007000;106,500;100,07;-71,2600;0,000;101,014;33,400;0,005;356,650;351,350;28,50;841,117;263,196;0,000;566,300;577,200;560,400;310,050;;;;;0,00;0,00;0,00;3,00;4,39;15,357;28,118;0,58;0,58;999998,00;999998,00;999998,00;999998,00;999998,00;999998,00;999998,00;999998,00;999998,00;999998,00;999998,00;999998,00;999998,00;999998,00;999998,00;;;;;;;;;;;;;;;;;0,0000;0,00000;0,0000;-0,00083415;-0,00083415;-0,00134;-0,01460;167,8862;23,880044;-0,000719;24,114465;23,756111;-0,0001;-0,0150;7,07;707,03;0,00;0,00;-0,04;;331,136;331,208;0,0000000;20,93900;0,04800;0,00300;-0,0001190;;0,12;507,00;;;
;;508;20,93500;0,05100;0,011000;103,800;100,07;-71,2600;0,000;101,018;33,400;0,005;356,350;351,150;28,50;841,217;263,203;0,000;566,600;577,200;560,400;310,050;;;;;0,00;0,00;0,00;3,00;4,39;15,364;28,104;0,58;0,58;999998,00;999998,00;999998,00;999998,00;999998,00;999998,00;999998,00;999998,00;999998,00;999998,00;999998,00;999998,00;999998,00;999998,00;999998,00;;;;;;;;;;;;;;;;;0,0000;0,00000;0,0000;0,00083415;0,00083415;-0,00278;-0,41812;167,8862;23,585318;-0,000671;23,796812;23,449559;-0,0001;-0,0138;7,07;707,03;0,00;0,00;-0,03;;330,485;331,208;0,0000000;20,93900;0,04700;-0,00400;-0,0000177;;0,12;508,00;;;
;;509;20,93500;0,05200;0,001000;102,950;100,07;-71,2600;0,000;101,018;33,400;0,005;355,950;351,050;28,50;841,350;263,196;0,000;566,900;577,300;560,400;310,050;;;;;0,00;0,00;0,00;3,00;4,39;15,343;28,104;0,58;0,58;999998,00;999998,00;999998,00;999998,00;999998,00;999998,00;999998,00;999998,00;999998,00;999998,00;999998,00;999998,00;999998,00;999998,00;999998,00;;;;;;;;;;;;;;;;;0,0000;0,00000;0,0000;-0,00583903;-0,00583903;-0,00049;-0,00205;167,8862;23,501746;-0,000641;23,685873;23,359814;-0,0001;-0,0131;7,07;707,03;0,00;0,00;-0,09;;329,835;329,907;0,0000000;20,94100;0,04800;0,00700;-0,0002904;;0,12;509,00;;;
;;510;20,93500;0,05000;0,002000;106,350;100,14;-71,2500;0,000;101,016;33,400;0,005;355,650;350,950;28,50;841,417;263,196;0,000;567,100;577,300;560,400;310,050;;;;;0,00;0,00;0,00;3,00;4,39;15,313;28,115;0,58;0,57;999998,00;999998,00;999998,00;999998,00;999998,00;999998,00;999998,00;999998,00;999998,00;999998,00;999998,00;999998,00;999998,00;999998,00;999998,00;;;;;;;;;;;;;;;;;0,0000;0,00000;0,0000;-0,00583903;-0,00583903;-0,00113;0,06052;167,8862;23,896746;-0,001326;24,063670;23,745663;-0,0003;-0,0276;7,07;707,03;0,00;0,00;-0,11;;329,189;329,907;0,0000000;20,94200;0,04700;0,00400;-0,0003002;;0,13;510,00;;;
;;511;20,93500;0,04900;-0,009000;105,400;100,09;-71,2500;0,000;101,014;33,400;0,005;355,350;350,750;28,50;841,583;263,196;0,000;567,400;577,500;560,400;310,050;;;;;0,00;0,00;0,00;3,00;4,39;15,336;28,112;0,58;0,57;999998,00;999998,00;999998,00;999998,00;999998,00;999998,00;999998,00;999998,00;999998,00;999998,00;999998,00;999998,00;999998,00;999998,00;999998,00;;;;;;;;;;;;;;;;;0,0000;0,00000;0,0000;0,00083415;0,00083415;-0,00428;-0,42192;167,8862;23,799815;-0,000899;23,945845;23,635866;-0,0002;-0,0186;7,07;707,03;0,00;0,00;-0,09;;328,544;328,616;0,0000000;20,94100;0,04700;-0,01100;-0,0000499;;0,13;511,00;;;
;;512;20,93800;0,04900;-0,004000;105,200;100,10;-71,2500;0,000;101,016;33,400;0,005;355,050;350,650;28,50;841,617;263,196;0,000;567,500;577,500;560,400;310,050;;;;;0,00;0,00;0,00;3,00;4,39;15,330;28,126;0,58;0,57;999998,00;999998,00;999998,00;999998,00;999998,00;999998,00;999998,00;999998,00;999998,00;999998,00;999998,00;999998,00;999998,00;999998,00;999998,00;;;;;;;;;;;;;;;;;0,0000;0,00000;0,0000;0,00000000;0,00000000;-0,00134;Infinity;167,8862;23,787267;-0,000926;23,913015;23,616670;-0,0002;-0,0192;7,07;707,03;0,00;0,00;-0,06;;327,903;328,616;0,0000000;20,94000;0,04800;0,00300;-0,0001794;;0,13;512,00;;;
;;513;20,93700;0,04900;0,005000;103,675;100,13;-71,2500;0,000;101,018;33,400;0,005;354,750;350,350;28,50;841,683;263,196;0,000;567,500;577,700;560,400;310,050;;;;;0,00;0,00;0,00;3,00;4,39;15,290;28,102;0,58;0,57;999998,00;999998,00;999998,00;999998,00;999998,00;999998,00;999998,00;999998,00;999998,00;999998,00;999998,00;999998,00;999998,00;999998,00;999998,00;;;;;;;;;;;;;;;;;0,0000;0,00000;0,0000;0,00000000;0,00000000;-0,00091;-Infinity;167,8862;23,624208;-0,001253;23,729027;23,434713;-0,0003;-0,0257;7,07;707,03;0,00;0,00;-0,09;;327,263;327,334;0,0000000;20,94100;0,04700;0,00500;-0,0002525;;0,13;513,00;;;
;;514;20,93800;0,04900;0,018000;105,000;100,12;-71,2500;0,000;101,018;33,300;0,005;354,450;350,250;28,50;841,717;263,196;0,000;567,600;577,700;560,400;310,050;;;;;0,00;0,00;0,00;3,00;4,40;15,330;28,126;0,57;0,57;999998,00;999998,00;999998,00;999998,00;999998,00;999998,00;999998,00;999998,00;999998,00;999998,00;999998,00;999998,00;999998,00;999998,00;999998,00;;;;;;;;;;;;;;;;;0,0000;0,00000;0,0000;0,00000000;0,00000000;0,00265;-Infinity;167,8862;23,784750;-0,001161;23,870079;23,587234;-0,0002;-0,0240;7,07;707,03;0,00;0,00;-0,09;;326,627;327,334;0,0000000;20,94100;0,04600;0,02200;-0,0004551;;0,13;514,00;;;
;;515;20,93800;0,04800;0,026000;108,050;100,12;-71,2500;0,000;101,018;33,300;0,005;354,250;350,050;28,50;841,750;263,196;0,000;567,600;577,800;560,400;310,050;;;;;0,00;0,00;0,00;3,00;4,40;15,351;28,107;0,57;0,57;999998,00;999998,00;999998,00;999998,00;999998,00;999998,00;999998,00;999998,00;999998,00;999998,00;999998,00;999998,00;999998,00;999998,00;999998,00;;;;;;;;;;;;;;;;;0,0000;0,00000;0,0000;-0,00083415;-0,00083415;0,00120;0,42785;167,8862;24,134533;-0,001211;24,207449;23,920445;-0,0003;-0,0254;7,07;707,03;0,00;0,00;-0,06;;325,993;326,063;0,0000000;20,94000;0,04700;0,01500;-0,0003186;;0,13;515,00;;;
;;516;20,93800;0,04900;0,024000;100,000;100,13;-71,2500;0,000;101,020;33,300;0,005;353,950;349,850;28,50;841,717;263,196;0,000;567,500;577,800;560,400;310,150;;;;;0,00;0,00;0,00;3,00;4,40;15,374;28,123;0,57;0,57;999998,00;999998,00;999998,00;999998,00;999998,00;999998,00;999998,00;999998,00;999998,00;999998,00;999998,00;999998,00;999998,00;999998,00;999998,00;;;;;;;;;;;;;;;;;0,0000;0,00000;0,0000;0,00583903;0,00583903;0,00320;0,00203;167,8862;23,227929;-0,001262;23,278376;23,008729;-0,0003;-0,0255;7,07;707,03;0,00;0,00;-0,06;;325,361;326,063;0,0000000;20,94000;0,04800;0,02500;-0,0004580;;0,13;516,00;;;
;;517;20,93900;0,04800;0,006000;103,275;100,13;-71,2600;0,000;101,020;33,300;0,005;353,650;349,550;28,50;841,917;263,196;0,000;568,000;577,900;560,400;310,050;;;;;0,00;0,00;0,00;3,00;4,40;15,358;28,129;0,57;0,57;999998,00;999998,00;999998,00;999998,00;999998,00;999998,00;999998,00;999998,00;999998,00;999998,00;999998,00;999998,00;999998,00;999998,00;999998,00;;;;;;;;;;;;;;;;;0,0000;0,00000;0,0000;0,00583903;0,00583903;0,00034;0,00206;167,8862;23,615232;-0,001297;23,646461;23,372319;-0,0003;-0,0266;7,07;707,03;0,00;0,00;-0,06;;324,731;324,802;0,0000000;20,94000;0,04800;0,01100;-0,0002807;;0,12;517,00;;;
;;518;20,93900;0,04700;0,003000;106,000;100,14;-71,2600;0,000;101,020;33,300;0,005;353,350;349,350;28,50;842,050;263,196;0,000;568,300;578,000;560,400;310,050;;;;;0,00;0,00;0,00;3,00;4,40;15,336;28,112;0,57;0,57;999998,00;999998,00;999998,00;999998,00;999998,00;999998,00;999998,00;999998,00;999998,00;999998,00;999998,00;999998,00;999998,00;999998,00;999998,00;;;;;;;;;;;;;;;;;0,0000;0,00000;0,0000;-0,00083415;-0,00083415;-0,00029;-0,01463;167,8862;23,934911;-0,001403;23,946232;23,675155;-0,0003;-0,0291;7,07;707,03;0,00;0,00;-0,09;;324,105;324,802;0,0000000;20,94100;0,04800;0,00800;-0,0003031;;0,12;518,00;;;
;;519;20,93900;0,04800;-0,004000;105,325;100,14;-71,2600;0,000;101,020;33,300;0,005;353,050;349,150;28,50;841,783;263,196;0,000;567,500;578,000;560,400;310,150;;;;;0,00;0,00;0,00;3,00;4,40;15,336;28,126;0,57;0,57;999998,00;999998,00;999998,00;999998,00;999998,00;999998,00;999998,00;999998,00;999998,00;999998,00;999998,00;999998,00;999998,00;999998,00;999998,00;;;;;;;;;;;;;;;;;0,0000;0,00000;0,0000;0,00000000;0,00000000;-0,00281;Infinity;167,8862;23,868716;-0,001405;23,859731;23,596163;-0,0003;-0,0291;7,07;707,03;0,00;0,00;-0,09;;323,480;323,550;0,0000000;20,94100;0,04800;-0,00400;-0,0001512;;0,12;519,00;;;
;;520;20,93900;0,04700;0,007000;105,000;100,16;-71,2600;0,000;101,022;33,200;0,005;352,750;348,950;28,50;841,750;263,196;0,000;567,200;578,200;560,400;310,150;;;;;0,00;0,00;0,00;3,00;4,40;15,338;28,112;0,57;0,57;999998,00;999998,00;999998,00;999998,00;999998,00;999998,00;999998,00;999998,00;999998,00;999998,00;999998,00;999998,00;999998,00;999998,00;999998,00;;;;;;;;;;;;;;;;;0,0000;0,00000;0,0000;0,00000000;0,00000000;-0,00155;Infinity;167,8862;23,841994;-0,001600;23,812767;23,556244;-0,0003;-0,0330;7,07;707,03;0,00;0,00;-0,06;;322,858;323,550;0,0000000;20,94000;0,04800;0,00200;-0,0001667;;0,12;520,00;;;
;;521;20,94100;0,04700;0,004000;104,575;100,13;-71,2600;0,000;101,018;33,200;0,005;352,450;348,750;28,50;841,783;263,196;0,000;567,200;578,200;560,500;310,150;;;;;0,00;0,00;0,00;3,00;4,41;15,338;28,139;0,58;0,57;999998,00;999998,00;999998,00;999998,00;999998,00;999998,00;999998,00;999998,00;999998,00;999998,00;999998,00;999998,00;999998,00;999998,00;999998,00;;;;;;;;;;;;;;;;;0,0000;0,00000;0,0000;0,00000000;0,00000000;-0,00323;Infinity;167,8862;23,803817;-0,001254;23,754418;23,505045;-0,0003;-0,0258;7,07;707,03;0,00;0,00;-0,06;;322,238;322,308;0,0000000;20,94000;0,04800;-0,00600;-0,0000655;;0,12;521,00;;;
;;522;20,94200;0,04800;-0,011000;106,075;100,13;-71,2600;0,000;101,010;33,200;0,005;352,250;348,550;28,50;841,983;263,196;0,000;567,600;578,400;560,500;310,150;;;;;0,00;0,00;0,00;3,00;4,41;15,328;28,118;0,58;0,57;999998,00;999998,00;999998,00;999998,00;999998,00;999998,00;999998,00;999998,00;999998,00;999998,00;999998,00;999998,00;999998,00;999998,00;999998,00;;;;;;;;;;;;;;;;;0,0000;0,00000;0,0000;0,00000000;0,00000000;0,00013;Infinity;167,8862;23,980734;-0,001310;23,917387;23,666162;-0,0003;-0,0272;7,07;707,03;0,00;0,00;-0,06;;321,621;322,308;0,0000000;20,94000;0,04800;0,01000;-0,0002680;;0,12;522,00;;;
;;523;20,94100;0,04700;0,003000;107,650;100,20;-71,2600;0,000;101,014;33,200;0,005;352,050;348,350;28,50;842,017;263,196;0,000;567,700;578,400;560,500;310,150;;;;;0,00;0,00;0,00;3,00;4,41;15,357;28,123;0,58;0,57;999998,00;999998,00;999998,00;999998,00;999998,00;999998,00;999998,00;999998,00;999998,00;999998,00;999998,00;999998,00;999998,00;999998,00;999998,00;;;;;;;;;;;;;;;;;0,0000;0,00000;0,0000;0,00000000;0,00000000;0,00205;Infinity;167,8862;24,164971;-0,001977;24,087454;23,834298;-0,0004;-0,0413;7,07;707,03;0,00;0,00;-0,04;;321,006;321,076;0,0000000;20,93900;0,04800;0,01900;-0,0003215;;0,12;523,00;;;
;;524;20,94000;0,04600;0,005000;105,450;100,17;-71,2600;0,000;101,014;33,200;0,005;351,850;348,350;28,50;842,150;263,196;0,000;568,000;578,500;560,500;310,150;;;;;0,00;0,00;0,00;3,00;4,41;15,360;28,129;0,58;0,57;999998,00;999998,00;999998,00;999998,00;999998,00;999998,00;999998,00;999998,00;999998,00;999998,00;999998,00;999998,00;999998,00;999998,00;999998,00;;;;;;;;;;;;;;;;;0,0000;0,00000;0,0000;0,00000000;0,00000000;0,00161;Infinity;167,8862;23,923568;-0,001719;23,833278;23,596199;-0,0004;-0,0356;7,07;707,03;0,00;0,00;-0,06;;320,393;321,076;0,0000000;20,94000;0,04800;0,01700;-0,0003566;;0,12;524,00;;;
;;525;20,94100;0,04700;0,022000;110,075;100,18;-71,2600;0,000;101,022;33,200;0,005;351,550;348,150;28,50;842,283;263,196;0,000;568,300;578,600;560,500;310,150;;;;;0,00;0,00;0,00;3,00;4,41;15,379;28,131;0,58;0,57;999998,00;999998,00;999998,00;999998,00;999998,00;999998,00;999998,00;999998,00;999998,00;999998,00;999998,00;999998,00;999998,00;999998,00;999998,00;;;;;;;;;;;;;;;;;0,0000;0,00000;0,0000;0,00000000;0,00000000;0,00208;Infinity;167,8862;24,453005;-0,001740;24,339946;24,104543;-0,0004;-0,0368;7,07;707,03;0,00;0,00;-0,06;;319,783;319,852;0,0000000;20,94000;0,04800;0,01900;-0,0003820;;0,12;525,00;;;
;;526;20,94100;0,04800;0,015000;110,950;100,15;-71,2600;0,000;101,014;33,200;0,005;351,350;347,950;28,50;842,350;263,196;0,000;568,400;578,700;560,500;310,150;;;;;0,00;0,00;0,00;3,00;4,41;15,332;28,131;0,58;0,57;999998,00;999998,00;999998,00;999998,00;999998,00;999998,00;999998,00;999998,00;999998,00;999998,00;999998,00;999998,00;999998,00;999998,00;999998,00;;;;;;;;;;;;;;;;;0,0000;0,00000;0,0000;0,00000000;0,00000000;0,00014;Infinity;167,8862;24,556989;-0,001483;24,429542;24,193139;-0,0003;-0,0315;7,07;707,03;0,00;0,00;-0,06;;319,175;319,852;0,0000000;20,94000;0,04800;0,01000;-0,0002680;;0,12;526,00;;;
;;527;20,94000;0,04800;0,025000;104,775;100,16;-71,2600;0,000;101,014;33,200;0,005;351,150;347,850;28,50;842,417;263,196;0,000;568,400;578,800;560,600;310,150;;;;;0,00;0,00;0,00;3,00;4,41;15,351;28,134;0,58;0,57;999998,00;999998,00;999998,00;999998,00;999998,00;999998,00;999998,00;999998,00;999998,00;999998,00;999998,00;999998,00;999998,00;999998,00;999998,00;;;;;;;;;;;;;;;;;0,0000;0,00000;0,0000;0,00000000;0,00000000;0,00013;-Infinity;167,8862;23,870633;-0,001574;23,733232;23,510194;-0,0003;-0,0324;7,07;707,03;0,00;0,00;-0,06;;318,570;318,639;0,0000000;20,94000;0,04700;0,01000;-0,0002553;;0,12;527,00;;;
;;528;20,94000;0,04800;0,011000;109,150;100,17;-71,2600;0,000;101,016;33,200;0,005;350,950;347,650;28,50;842,417;263,196;0,000;568,300;578,900;560,600;310,150;;;;;0,00;0,00;0,00;3,00;4,41;15,320;28,137;0,58;0,58;999998,00;999998,00;999998,00;999998,00;999998,00;999998,00;999998,00;999998,00;999998,00;999998,00;999998,00;999998,00;999998,00;999998,00;999998,00;;;;;;;;;;;;;;;;;0,0000;0,00000;0,0000;0,00000000;0,00000000;0,00014;-Infinity;167,8862;24,370850;-0,001629;24,216769;23,989057;-0,0003;-0,0343;7,07;707,03;0,00;0,00;-0,06;;317,966;318,639;0,0000000;20,94000;0,04700;0,01000;-0,0002553;;0,12;528,00;;;
;;529;20,94000;0,04800;0,008000;106,100;100,18;-71,2600;0,000;101,024;33,100;0,005;350,650;347,450;28,50;842,450;263,196;0,000;568,300;579,000;560,600;310,150;;;;;0,00;0,00;0,00;3,00;4,42;15,345;28,137;0,58;0,58;999998,00;999998,00;999998,00;999998,00;999998,00;999998,00;999998,00;999998,00;999998,00;999998,00;999998,00;999998,00;999998,00;999998,00;999998,00;;;;;;;;;;;;;;;;;0,0000;0,00000;0,0000;0,00083415;0,00083415;0,00013;-0,42614;167,8862;24,038215;-0,001770;23,865818;23,648021;-0,0004;-0,0367;7,07;707,03;0,00;0,00;-0,06;;317,365;317,434;0,0000000;20,94000;0,04700;0,01000;-0,0002553;;0,12;529,00;;;
;;530;20,94100;0,04800;-0,004000;109,400;100,15;-71,2600;0,000;101,016;33,100;0,005;350,450;347,250;28,50;842,483;263,196;0,000;568,300;579,100;560,600;310,150;;;;;0,00;0,00;0,00;3,00;4,42;15,345;28,137;0,58;0,58;999998,00;999998,00;999998,00;999998,00;999998,00;999998,00;999998,00;999998,00;999998,00;999998,00;999998,00;999998,00;999998,00;999998,00;999998,00;;;;;;;;;;;;;;;;;0,0000;0,00000;0,0000;-0,00583903;-0,00583903;0,00014;0,06183;167,8862;24,416144;-0,001425;24,227210;24,005988;-0,0003;-0,0300;7,07;707,03;0,00;0,00;-0,06;;316,766;317,434;0,0000000;20,94000;0,04700;0,01000;-0,0002553;;0,12;530,00;;;
;;531;20,94100;0,04800;0,002000;107,675;100,22;-71,2500;0,000;101,018;33,100;0,005;350,250;347,150;28,50;842,483;263,196;0,000;568,200;579,200;560,600;310,150;;;;;0,00;0,00;0,00;3,00;4,42;15,320;28,139;0,58;0,58;999998,00;999998,00;999998,00;999998,00;999998,00;999998,00;999998,00;999998,00;999998,00;999998,00;999998,00;999998,00;999998,00;999998,00;999998,00;;;;;;;;;;;;;;;;;0,0000;0,00000;0,0000;-0,00667318;-0,00667318;0,00014;0,05369;167,8862;24,229798;-0,002154;24,028586;23,815913;-0,0005;-0,0450;7,07;707,03;0,00;0,00;-0,06;;316,170;316,238;0,0000000;20,94000;0,04700;0,01000;-0,0002553;;0,13;531,00;;;
;;532;20,94000;0,04800;-0,006000;108,750;100,20;-71,2500;0,000;101,018;33,100;0,005;350,050;346,950;28,50;842,550;263,196;0,000;568,400;579,200;560,600;310,150;;;;;0,00;0,00;0,00;3,00;4,42;15,353;28,131;0,58;0,58;999998,00;999998,00;999998,00;999998,00;999998,00;999998,00;999998,00;999998,00;999998,00;999998,00;999998,00;999998,00;999998,00;999998,00;999998,00;;;;;;;;;;;;;;;;;0,0000;0,00000;0,0000;0,00667318;0,00667318;0,00014;-0,05397;167,8862;24,357406;-0,001946;24,141341;23,927548;-0,0004;-0,0408;7,07;707,03;0,00;0,00;-0,06;;315,575;316,238;0,0000000;20,94000;0,04700;0,01000;-0,0002553;;0,13;532,00;;;
;;533;20,94000;0,04800;0,010000;107,475;100,22;-71,2600;0,000;101,014;33,100;0,005;349,850;346,850;28,50;842,650;263,196;0,000;568,600;579,300;560,600;310,150;;;;;0,00;0,00;0,00;3,00;4,42;15,399;28,150;0,58;0,58;999998,00;999998,00;999998,00;999998,00;999998,00;999998,00;999998,00;999998,00;999998,00;999998,00;999998,00;999998,00;999998,00;999998,00;999998,00;;;;;;;;;;;;;;;;;0,0000;0,00000;0,0000;0,00583903;0,00583903;0,00014;-0,06134;167,8862;24,221120;-0,002171;23,992548;23,786809;-0,0005;-0,0453;7,07;707,03;0,00;0,00;-0,06;;314,983;315,052;0,0000000;20,94000;0,04700;0,01000;-0,0002553;;0,12;533,00;;;
;;534;20,94000;0,04800;0,019000;104,000;100,22;-71,2600;0,000;101,016;33,100;0,005;349,750;346,750;28,50;842,783;263,196;0,000;568,900;579,400;560,600;310,150;;;;;0,00;0,00;0,00;3,00;4,42;15,379;28,137;0,58;0,58;999998,00;999998,00;999998,00;999998,00;999998,00;999998,00;999998,00;999998,00;999998,00;999998,00;999998,00;999998,00;999998,00;999998,00;999998,00;;;;;;;;;;;;;;;;;0,0000;0,00000;0,0000;0,00000000;0,00000000;0,00013;-Infinity;167,8862;23,829737;-0,002174;23,598111;23,395697;-0,0004;-0,0446;7,07;707,03;0,00;0,00;-0,06;;314,394;315,052;0,0000000;20,94000;0,04700;0,01000;-0,0002553;;0,12;534,00;;;
;;535;20,93900;0,04800;0,017000;107,125;100,24;-71,2600;0,000;101,016;33,100;0,005;349,550;346,550;28,50;842,783;263,196;0,000;568,800;579,500;560,600;310,150;;;;;0,00;0,00;0,00;3,00;4,42;15,370;28,150;0,58;0,58;999998,00;999998,00;999998,00;999998,00;999998,00;999998,00;999998,00;999998,00;999998,00;999998,00;999998,00;999998,00;999998,00;999998,00;999998,00;;;;;;;;;;;;;;;;;0,0000;0,00000;0,0000;-0,00583903;-0,00583903;0,00014;0,06127;167,8862;24,192024;-0,002332;23,943177;23,737686;-0,0005;-0,0485;7,07;707,03;0,00;0,00;-0,06;;313,806;313,874;0,0000000;20,94000;0,04700;0,01000;-0,0002553;;0,12;535,00;;;
;;536;20,94000;0,04800;0,019000;106,900;100,24;-71,2500;0,000;101,016;33,100;0,005;349,350;346,450;28,50;842,850;263,196;0,000;568,800;579,600;560,700;310,150;;;;;0,00;0,00;0,00;3,00;4,42;15,395;28,139;0,58;0,58;999998,00;999998,00;999998,00;999998,00;999998,00;999998,00;999998,00;999998,00;999998,00;999998,00;999998,00;999998,00;999998,00;999998,00;999998,00;;;;;;;;;;;;;;;;;0,0000;0,00000;0,0000;-0,00166829;-0,00166829;0,00014;0,21427;167,8862;24,173522;-0,002366;23,911176;23,712687;-0,0005;-0,0492;7,07;707,03;0,00;0,00;-0,06;;313,220;313,874;0,0000000;20,94000;0,04700;0,01000;-0,0002553;;0,13;536,00;;;
;;537;20,94000;0,04700;0,010000;102,400;100,27;-71,2500;0,000;101,016;33,100;0,005;349,250;346,350;28,50;842,883;263,196;0,000;568,800;579,700;560,700;310,150;;;;;0,00;0,00;0,00;3,00;4,43;15,301;28,145;0,58;0,58;999998,00;999998,00;999998,00;999998,00;999998,00;999998,00;999998,00;999998,00;999998,00;999998,00;999998,00;999998,00;999998,00;999998,00;999998,00;;;;;;;;;;;;;;;;;;;;;;;;;23,662640;-0,002584;23,399140;23,204844;;;;;;;;;;;;20,94000;0,04700;0,01000;-0,0002553;;0,13;537,00;;;
