General information;;time (s);O2;CO2;CO;Pdiff;Light;Mass;Methane;AmbP;AmbH;HFM;TC stack;TC smoke;TC amb.;TC cone;T PK;Soot;TC cone1;TC cone2;TC cone3;TC aux;CH4;CO;CO2;Ethene;H2O;n.u.;n.u.;UOX Bin;n.u.;UOX Hum.;UOX Temp;n.u.;TEext1;TEext2;TEext3;TEext4;TEext5;TEext6;TEext7;TEext8;TEext9;TEext10;TEext11;TEext12;TEext13;TEext14;TEext15;n.u.;n.u.;n.u.;n.u.;n.u.;n.u.;n.u.;n.u.;n.u.;n.u.;n.u.;n.u.;n.u.;n.u.;n.u.;n.u.;n.u.;HRR/a;EHC;SEA;MLR;MLR/a;COY;CO2Y/sh;THR/a;MFR;K;Vstack;Vsmoke;SPR;RSR;TSP;TSR;COP;CO2P;O2C;TOC;ARHE;Mass;HRR;O2/sh;CO2/sh;CO/sh;phi;FU27;FU28;FU29;FU30;FU31;
;;;%;%;%;Pa;-;g;g/s;Pa;%;kW/m²;°C;°C;°C;°C;°C;g/min;°C;°C;°C;°C;ppm;ppm;%;ppm;ppm;no;no;;no;%;°C;no;°C;°C;°C;°C;°C;°C;°C;°C;°C;°C;°C;°C;°C;°C;°C;no;no;no;no;no;no;no;no;no;no;no;no;no;no;no;no;no;kW/m²;MJ/kg;m²/kg;g/s;g/(s*m²);[kg/kg];[kg/kg];MJ/m²;g/s;1/m;l/s;l/s;m²/s;(m²/s)/m²;m²;m²;g/s;g/s;g/s;g;kW/m²;g;kW;[%];[%];%;;;;;;;
Test;;0;20,93900;0,06600;0,014000;116,575;100,00;0,0000;0,000;100,992;27,500;0,000;342,050;344,750;25,10;1137,717;263,170;0,000;854,800;879,600;859,300;324,750;;;;;0,00;0,00;0,00;3,00;2,20;15,204;24,649;0,58;0,57;999998,00;999998,00;999998,00;999998,00;999998,00;999998,00;999998,00;999998,00;999998,00;999998,00;999998,00;999998,00;999998,00;999998,00;999998,00;;;;;;;;;;;;;;;;;0,0000;;;0,00000000;0,00000000;0,00192;Infinity;0,0000;24,869526;0,001015;24,085595;24,275716;0,0002;0,0215;0,00;0,02;0,00;0,00;0,07;;;;0,0000000;20,95400;0,05000;0,01400;-0,0000444;;71,79;0,00;;;
Standard used;ISO 5660-1;1;20,93800;0,06300;0,000000;115,225;100,04;0,0000;0,000;100,992;27,500;0,000;342,150;344,850;25,10;1137,450;263,170;0,000;854,400;879,300;859,200;324,750;;;;;0,00;0,00;0,00;3,00;2,20;15,164;24,625;0,58;0,57;999998,00;999998,00;999998,00;999998,00;999998,00;999998,00;999998,00;999998,00;999998,00;999998,00;999998,00;999998,00;999998,00;999998,00;999998,00;;;;;;;;;;;;;;;;;1,0705;;;-0,00166829;-0,00166829;-0,00114;-0,24179;0,0011;24,721492;0,000635;23,949227;24,138217;0,0001;0,0134;0,00;0,03;0,00;0,00;0,07;;0,535;1,071;0,0107664;20,95400;0,04900;0,00000;0,0001455;;71,79;1,00;;;
Date of test;17.03.2026;2;20,94100;0,06100;-0,011000;115,525;100,08;0,0000;0,000;100,992;27,400;0,000;342,050;344,750;25,10;1135,083;263,170;0,000;847,600;879,100;859,100;324,750;;;;;0,00;0,00;0,00;3,00;2,20;15,172;24,638;0,58;0,57;999998,00;999998,00;999998,00;999998,00;999998,00;999998,00;999998,00;999998,00;999998,00;999998,00;999998,00;999998,00;999998,00;999998,00;999998,00;;;;;;;;;;;;;;;;;1,2845;;;0,01251221;0,01251221;-0,00267;0,03229;0,0024;24,757272;0,000254;23,976879;24,166143;0,0001;0,0054;0,00;0,04;0,00;0,00;0,04;;0,856;1,071;0,0129179;20,95500;0,04900;-0,00700;0,0001737;;71,79;2,00;;;
Time of test;16:07;3;20,94100;0,05800;-0,010000;111,700;100,04;-0,0200;0,000;100,988;27,400;0,000;342,050;344,750;25,10;1133,083;263,170;0,000;842,000;878,900;858,900;324,750;;;;;0,00;0,00;0,00;3,00;2,20;15,172;24,636;0,58;0,57;999998,00;999998,00;999998,00;999998,00;999998,00;999998,00;999998,00;999998,00;999998,00;999998,00;999998,00;999998,00;999998,00;999998,00;999998,00;;;;;;;;;;;;;;;;;1,1223;;;0,00583903;0,00583903;-0,00026;0,06803;0,0035;24,343969;0,000609;23,576605;23,762708;0,0001;0,0126;0,00;0,05;0,00;0,00;0,10;;0,972;1,088;0,0112872;20,95300;0,04900;0,00400;0,0001552;;71,77;3,00;;;
Heat flux (kW/m²);75;4;20,94300;0,05700;-0,003000;119,175;100,02;-0,0100;0,000;100,996;27,400;0,000;341,850;344,650;25,10;1131,583;263,170;0,000;838,000;878,700;858,600;324,750;;;;;0,00;0,00;0,00;3,00;2,20;15,145;24,646;0,58;0,57;999998,00;999998,00;999998,00;999998,00;999998,00;999998,00;999998,00;999998,00;999998,00;999998,00;999998,00;999998,00;999998,00;999998,00;999998,00;;;;;;;;;;;;;;;;;1,5911;;;-0,00750732;-0,00750732;-0,00338;-0,05467;0,0051;25,152687;0,000789;24,345586;24,544994;0,0002;0,0169;0,00;0,07;0,00;0,00;0,05;;1,068;1,088;0,0160020;20,95500;0,04900;-0,01000;0,0002117;;71,78;4,00;;;
Nominal duct flow rate (l/s);24,0;5;20,94500;0,05500;-0,010000;114,775;100,03;-0,0100;0,000;100,992;27,500;0,000;341,750;344,450;25,10;1130,250;263,170;0,000;834,400;878,500;858,400;324,750;;;;;0,00;0,00;0,00;3,00;2,20;15,151;24,641;0,57;0,57;999998,00;999998,00;999998,00;999998,00;999998,00;999998,00;999998,00;999998,00;999998,00;999998,00;999998,00;999998,00;999998,00;999998,00;999998,00;;;;;;;;;;;;;;;;;0,0000;;;0,00000000;0,00000000;0,00060;Infinity;0,0051;24,687606;0,000723;23,888439;24,077170;0,0002;0,0152;0,00;0,08;0,00;0,00;0,04;;1,014;0,877;0,0000000;20,95500;0,04900;0,00800;-0,0000162;;71,78;5,00;;;
Sampling interval (s);1;6;20,94700;0,05300;0,011000;115,725;100,01;-0,0100;0,000;100,996;27,500;0,000;341,650;344,350;25,10;1128,883;263,170;0,000;830,900;878,200;858,100;324,750;;;;;0,00;0,00;0,00;3,00;2,20;15,128;24,630;0,57;0,57;999998,00;999998,00;999998,00;999998,00;999998,00;999998,00;999998,00;999998,00;999998,00;999998,00;999998,00;999998,00;999998,00;999998,00;999998,00;;;;;;;;;;;;;;;;;0,6281;;;0,00583903;0,00583903;-0,00114;0,06928;0,0057;24,793194;0,000886;23,983589;24,173127;0,0002;0,0187;0,00;0,10;0,00;0,00;0,04;;0,897;0,877;0,0063168;20,95500;0,04900;0,00000;0,0000851;;71,78;6,00;;;
Separation (mm);25;7;20,94900;0,05200;0,009000;115,975;99,99;-0,0200;0,000;100,990;27,500;0,000;341,650;344,350;25,10;1128,317;263,170;0,000;829,600;878,000;857,900;324,750;;;;;0,00;0,00;0,00;3,00;2,20;15,160;24,660;0,57;0,57;999998,00;999998,00;999998,00;999998,00;999998,00;999998,00;999998,00;999998,00;999998,00;999998,00;999998,00;999998,00;999998,00;999998,00;999998,00;;;;;;;;;;;;;;;;;0,0000;;;0,00583903;0,00583903;0,00148;0,00433;0,0057;24,819960;0,001101;24,009481;24,199224;0,0002;0,0232;0,00;0,13;0,00;0,00;0,02;;0,814;0,627;0,0000000;20,95600;0,04800;0,01200;-0,0001145;;71,77;7,00;;;
Orientation;hor;8;20,95100;0,05100;0,022000;120,425;100,02;-0,0200;0,000;100,992;27,500;0,000;341,650;344,250;25,10;1127,683;263,170;0,000;828,200;877,800;857,600;324,750;;;;;0,00;0,00;0,00;3,00;2,20;15,175;24,646;0,57;0,57;999998,00;999998,00;999998,00;999998,00;999998,00;999998,00;999998,00;999998,00;999998,00;999998,00;999998,00;999998,00;999998,00;999998,00;999998,00;;;;;;;;;;;;;;;;;0,0000;;;-0,00166829;-0,00166829;0,00129;-0,01546;0,0057;25,291653;0,000824;24,465771;24,651959;0,0002;0,0177;0,00;0,14;0,00;0,00;0,05;;0,712;0,627;0,0000000;20,95500;0,04800;0,01100;-0,0000415;;71,77;8,00;;;
Edge frame?;N;9;20,95200;0,05000;0,015000;115,200;100,02;-0,0200;0,000;100,992;27,500;0,000;341,550;344,250;25,10;1127,283;263,170;0,000;827,200;877,700;857,500;324,750;;;;;0,00;0,00;0,00;3,00;2,20;15,151;24,652;0,57;0,57;999998,00;999998,00;999998,00;999998,00;999998,00;999998,00;999998,00;999998,00;999998,00;999998,00;999998,00;999998,00;999998,00;999998,00;999998,00;;;;;;;;;;;;;;;;;0,0000;;;0,00583903;0,00583903;0,00300;0,00432;0,0057;24,740513;0,000775;23,925623;24,114758;0,0002;0,0163;0,00;0,16;0,00;0,00;0,04;;0,633;0,487;0,0000000;20,95500;0,04800;0,01900;-0,0001428;;71,77;9,00;;;
Grid?;N;10;20,95200;0,05000;0,014000;113,125;100,00;-0,0300;0,000;100,992;27,500;0,000;341,450;344,150;25,10;1126,983;263,170;0,000;826,500;877,600;857,400;324,750;;;;;0,00;0,00;0,00;3,00;2,20;15,173;24,646;0,57;0,57;999998,00;999998,00;999998,00;999998,00;999998,00;999998,00;999998,00;999998,00;999998,00;999998,00;999998,00;999998,00;999998,00;999998,00;999998,00;;;;;;;;;;;;;;;;;0,0000;;;0,00500488;0,00500488;-0,00027;0,07994;0,0057;24,520274;0,001025;23,705696;23,893148;0,0002;0,0214;0,00;0,18;0,00;0,00;0,02;;0,570;0,487;0,0000000;20,95600;0,04900;0,00400;-0,0000259;;71,76;10,00;;;
Non-scrubbed?;;11;20,95400;0,04900;0,014000;117,550;100,03;-0,0300;0,000;100,992;27,500;0,000;341,450;344,150;25,10;1126,783;263,170;0,000;826,200;877,500;857,200;324,750;;;;;0,00;0,00;0,00;3,00;2,20;15,194;24,652;0,57;0,57;999998,00;999998,00;999998,00;999998,00;999998,00;999998,00;999998,00;999998,00;999998,00;999998,00;999998,00;999998,00;999998,00;999998,00;999998,00;;;;;;;;;;;;;;;;;0,1882;;;0,00417074;0,00417074;-0,00005;1,38126;0,0059;24,995242;0,000696;24,164885;24,355968;0,0001;0,0148;0,00;0,20;0,00;0,01;0,13;;0,526;0,416;0,0018929;20,95200;0,06300;0,00500;0,0000257;;71,76;11,00;;;
Substrate used? {Y/N};;12;20,95400;0,04900;0,000000;111,400;99,99;-0,0400;0,000;100,992;27,500;0,000;341,450;344,150;25,10;1126,817;263,170;0,000;826,400;877,500;857,100;324,750;;;;;0,00;0,00;0,00;3,00;2,21;15,194;24,652;0,57;0,57;999998,00;999998,00;999998,00;999998,00;999998,00;999998,00;999998,00;999998,00;999998,00;999998,00;999998,00;999998,00;999998,00;999998,00;999998,00;;;;;;;;;;;;;;;;;13,8040;;;0,00999959;0,00999959;-0,00348;2,19868;0,0197;24,332607;0,001122;23,524263;23,710280;0,0002;0,0232;0,00;0,22;0,00;0,02;1,11;;1,066;0,416;0,1388267;20,91500;0,10700;-0,01100;0,0019054;;71,75;12,00;;;
Substrate;;13;20,95400;0,04900;-0,007000;116,550;99,97;-0,0500;0,000;100,992;27,500;0,000;341,450;344,050;25,10;1126,583;263,170;0,000;825,800;877,500;857,000;324,750;;;;;0,00;0,00;0,00;3,00;2,21;15,175;24,649;0,57;0,57;999998,00;999998,00;999998,00;999998,00;999998,00;999998,00;999998,00;999998,00;999998,00;999998,00;999998,00;999998,00;999998,00;999998,00;999998,00;;;;;;;;;;;;;;;;;50,4596;0,00000;0,0000;0,01426188;0,01426188;-0,00356;5,23410;0,0701;24,888698;0,001302;24,061880;24,245102;0,0003;0,0275;0,00;0,25;0,00;0,07;4,15;;3,455;4,248;0,5074719;20,80500;0,24400;-0,01100;0,0068152;;71,74;13,00;;;
Additional preparation details;;14;20,95500;0,04900;0,004000;114,625;99,97;-0,0702;0,000;100,994;27,500;0,000;341,450;344,050;25,10;1126,617;263,170;0,000;826,000;877,500;856,900;324,750;;;;;0,00;0,00;0,00;3,00;2,21;15,214;24,638;0,57;0,57;999998,00;999998,00;999998,00;999998,00;999998,00;999998,00;999998,00;999998,00;999998,00;999998,00;999998,00;999998,00;999998,00;999998,00;999998,00;;;;;;;;;;;;;;;;;108,6905;46,80144;11,4763;0,02335612;0,02335612;-0,00397;6,17642;0,1788;24,682306;0,001271;23,862345;24,044046;0,0003;0,0267;0,00;0,27;0,00;0,14;8,76;;8,892;4,248;1,0931001;20,63400;0,43000;-0,01300;0,0148162;;71,72;14,00;;;
;;15;20,95300;0,04900;-0,010000;114,625;99,97;-0,1001;0,000;100,994;27,500;0,000;341,450;344,050;25,10;1126,783;263,170;0,000;826,500;877,500;856,900;324,750;;;;;0,00;0,00;0,00;3,00;2,21;15,160;24,652;0,57;0,57;999998,00;999998,00;999998,00;999998,00;999998,00;999998,00;999998,00;999998,00;999998,00;999998,00;999998,00;999998,00;999998,00;999998,00;999998,00;;;;;;;;;;;;;;;;;208,4899;89,93113;11,4964;0,02331543;0,02331543;0,00104;10,85108;0,3873;24,682306;0,001271;23,862345;24,044046;0,0003;0,0267;0,00;0,30;0,00;0,25;16,65;;18,872;20,945;2,0967830;20,34300;0,71800;0,01000;0,0284641;;71,69;15,00;;;
Specimen;;16;20,95500;0,04900;0,008000;113,050;99,58;-0,1602;0,000;100,996;27,500;0,000;341,850;344,450;25,10;1126,983;263,170;0,000;827,100;877,600;856,800;324,750;;;;;0,00;0,00;0,00;3,00;2,21;15,164;24,649;0,57;0,56;999998,00;999998,00;999998,00;999998,00;999998,00;999998,00;999998,00;999998,00;999998,00;999998,00;999998,00;999998,00;999998,00;999998,00;999998,00;;;;;;;;;;;;;;;;;327,7083;15,51437;5,1100;0,21243286;0,21243286;0,00276;1,60543;0,7150;24,497800;0,005180;23,711714;23,892058;0,0011;0,1079;0,00;0,41;0,00;0,34;25,39;;34,449;20,945;3,2957627;20,01400;0,95800;0,01800;0,0451563;;71,63;16,00;;;
Sample description;PMMA_DE_6mm_q75_R9;17;20,95500;0,04800;0,000000;103,400;95,17;-0,4900;0,000;100,992;27,500;0,000;342,850;345,650;25,10;1127,317;263,170;0,000;828,100;877,700;856,700;324,750;;;;;0,00;0,00;0,00;3,00;2,21;15,204;24,644;0,57;0,54;999998,00;999998,00;999998,00;999998,00;999998,00;999998,00;999998,00;999998,00;999998,00;999998,00;999998,00;999998,00;999998,00;999998,00;999998,00;;;;;;;;;;;;;;;;;419,0648;16,21041;39,0361;0,25998942;0,25998942;0,00387;1,62024;1,1341;23,394716;0,050533;22,710265;22,895736;0,0101;1,0091;0,01;1,42;0,00;0,42;32,30;;54,386;55,396;4,2145351;19,70100;1,22500;0,02400;0,0605647;;71,30;17,00;;;
Material name/ID;PMMA_DE_6mm;18;20,95500;0,04800;0,012000;94,575;92,97;-0,6401;0,000;100,992;27,500;0,000;345,250;348,450;25,10;1127,783;263,177;0,000;829,400;877,800;856,700;324,750;;;;;0,00;0,00;0,00;3,00;2,21;15,158;24,638;0,57;0,53;999998,00;999998,00;999998,00;999998,00;999998,00;999998,00;999998,00;999998,00;999998,00;999998,00;999998,00;999998,00;999998,00;999998,00;999998,00;;;;;;;;;;;;;;;;;486,9499;33,00108;96,1076;0,14839681;0,14839681;0,00428;3,09155;1,6211;22,296204;0,073912;21,795402;21,997416;0,0143;1,4181;0,03;2,84;0,00;0,46;37,14;;76,532;55,396;4,8972551;19,44200;1,39300;0,02700;0,0739459;;71,15;18,00;;;
Specimen number;R9;19;20,95600;0,04800;0,011000;93,375;91,67;-0,8201;0,000;100,992;27,500;0,000;348,950;352,950;25,10;1128,083;263,177;0,000;830,300;877,900;856,600;324,750;;;;;0,00;0,00;0,00;3,00;2,21;15,214;24,636;0,57;0,52;999998,00;999998,00;999998,00;999998,00;999998,00;999998,00;999998,00;999998,00;999998,00;999998,00;999998,00;999998,00;999998,00;999998,00;999998,00;;;;;;;;;;;;;;;;;547,2580;31,76813;98,1284;0,17324829;0,17324829;0,00287;2,94228;2,1683;22,036535;0,088006;21,772424;22,022001;0,0170;1,6904;0,05;4,53;0,00;0,51;41,65;;99,720;100,424;5,5037740;19,23800;1,56000;0,02000;0,0841720;;70,97;19,00;;;
E (MJ/kg);13,10;20;20,95500;0,04900;0,019000;93,000;90,50;-1,0200;0,000;100,992;27,500;0,000;353,050;358,150;25,10;1128,417;263,177;0,000;831,200;878,000;856,600;324,750;;;;;0,00;0,00;0,00;3,00;2,21;15,173;24,660;0,57;0,51;999998,00;999998,00;999998,00;999998,00;999998,00;999998,00;999998,00;999998,00;999998,00;999998,00;999998,00;999998,00;999998,00;999998,00;999998,00;;;;;;;;;;;;;;;;;596,8283;17,87273;58,4027;0,33583577;0,33583577;0,00439;1,61757;2,7651;21,864168;0,100848;21,855938;22,171659;0,0196;1,9503;0,07;6,48;0,00;0,54;45,31;;123,336;100,424;6,0023020;19,07200;1,67200;0,02800;0,0926016;;70,77;20,00;;;
Initial mass (g);71,79;21;20,95500;0,06300;0,004000;91,525;89,80;-1,4501;0,000;100,988;27,500;0,000;357,650;364,150;25,10;1128,883;263,177;0,000;832,500;878,100;856,600;324,750;;;;;0,00;0,00;0,00;3,00;2,21;15,160;24,657;0,57;0,51;999998,00;999998,00;999998,00;999998,00;999998,00;999998,00;999998,00;999998,00;999998,00;999998,00;999998,00;999998,00;999998,00;999998,00;999998,00;;;;;;;;;;;;;;;;;629,4209;18,98562;63,4638;0,33341471;0,33341471;0,00338;1,70289;3,3946;21,550153;0,108564;21,822719;22,219329;0,0212;2,1040;0,09;8,58;0,00;0,57;47,72;;146,659;146,892;6,3300865;18,94300;1,77000;0,02300;0,0991484;;70,34;21,00;;;
Thickness (mm);6,06;22;20,95600;0,10700;0,005000;91,050;89,11;-1,6501;0,000;100,992;27,500;0,000;361,950;369,950;25,10;1129,683;263,177;0,000;834,800;878,200;856,600;324,750;;;;;0,00;0,00;0,00;3,00;2,21;15,202;24,649;0,57;0,50;999998,00;999998,00;999998,00;999998,00;999998,00;999998,00;999998,00;999998,00;999998,00;999998,00;999998,00;999998,00;999998,00;999998,00;999998,00;;;;;;;;;;;;;;;;;651,2907;39,89432;139,1131;0,16418457;0,16418457;0,00090;3,53422;4,0458;21,366101;0,116342;21,896471;22,380438;0,0228;2,2711;0,11;10,85;0,00;0,58;49,24;;169,100;146,892;6,5500310;18,86100;1,82300;0,01000;0,1035230;;70,14;22,00;;;
Surface area (cm²);100,57;23;20,95200;0,24400;-0,011000;96,150;87,34;-1,8601;0,000;100,992;27,500;0,000;366,350;375,650;25,10;1129,817;263,177;0,000;835,100;878,300;856,600;324,750;;;;;0,00;0,00;0,00;3,00;2,21;15,189;24,657;0,57;0,49;999998,00;999998,00;999998,00;999998,00;999998,00;999998,00;999998,00;999998,00;999998,00;999998,00;999998,00;999998,00;999998,00;999998,00;999998,00;;;;;;;;;;;;;;;;;679,7967;18,94988;76,9832;0,36077881;0,36077881;0,00130;1,69935;4,7256;21,824090;0,136402;22,637716;23,212387;0,0278;2,7616;0,14;13,61;0,00;0,61;51,52;;190,685;191,041;6,8367149;18,81000;1,88400;0,01200;0,1058118;;69,93;23,00;;;
Sponsor;;24;20,91500;0,43000;-0,011000;94,825;86,88;-2,3301;0,000;100,992;27,500;0,000;370,650;381,350;25,10;1129,817;263,177;0,000;835,000;878,400;856,600;324,750;;;;;0,00;0,00;0,00;3,00;2,22;15,185;24,641;0,57;0,49;999998,00;999998,00;999998,00;999998,00;999998,00;999998,00;999998,00;999998,00;999998,00;999998,00;999998,00;999998,00;999998,00;999998,00;999998,00;;;;;;;;;;;;;;;;;695,1768;20,02045;82,8053;0,34921265;0,34921265;-0,00195;1,78345;5,4208;21,547110;0,141690;22,612745;23,265535;0,0289;2,8753;0,17;16,49;0,00;0,62;52,58;;211,385;191,041;6,9913926;18,73800;1,93700;-0,00500;0,1096387;;69,46;24,00;;;
Manufacturer;;25;20,80500;0,71800;-0,013000;100,000;86,70;-2,5602;0,000;100,990;27,500;0,000;374,950;386,950;25,10;1129,817;263,177;0,000;834,900;878,400;856,700;324,750;;;;;0,00;0,00;0,00;3,00;2,22;15,214;24,641;0,57;0,49;999998,00;999998,00;999998,00;999998,00;999998,00;999998,00;999998,00;999998,00;999998,00;999998,00;999998,00;999998,00;999998,00;999998,00;999998,00;;;;;;;;;;;;;;;;;731,8634;19,75568;81,5422;0,37256877;0,37256877;0,00170;1,76647;6,1527;22,000013;0,143686;23,355897;24,103386;0,0304;3,0208;0,20;19,51;0,00;0,66;55,50;;231,470;232,224;7,3603499;18,66300;2,00300;0,01400;0,1130907;;69,23;25,00;;;
Test start time (s);60;26;20,63400;0,95800;0,010000;95,450;86,30;-3,0602;0,000;100,992;27,500;0,000;378,650;392,050;25,10;1130,117;263,177;0,000;835,700;878,500;856,700;324,750;;;;;0,00;0,00;0,00;3,00;2,22;15,246;24,646;0,57;0,49;999998,00;999998,00;999998,00;999998,00;999998,00;999998,00;999998,00;999998,00;999998,00;999998,00;999998,00;999998,00;999998,00;999998,00;999998,00;;;;;;;;;;;;;;;;;734,4306;21,05646;88,0602;0,35077922;0,35077922;0,00033;1,87074;6,8871;21,388414;0,148319;22,930674;23,742165;0,0309;3,0715;0,23;22,58;0,00;0,66;55,63;;250,765;232,224;7,3861685;18,59200;2,05300;0,00700;0,1167765;;68,73;26,00;;;
Time to ignition (s);14;27;20,34300;1,22500;0,018000;94,525;85,35;-3,2301;0,000;100,996;27,500;0,000;382,550;397,050;25,10;1130,317;263,177;0,000;836,100;878,600;856,800;324,750;;;;;0,00;0,00;0,00;3,00;2,22;15,225;24,654;0,57;0,48;999998,00;999998,00;999998,00;999998,00;999998,00;999998,00;999998,00;999998,00;999998,00;999998,00;999998,00;999998,00;999998,00;999998,00;999998,00;;;;;;;;;;;;;;;;;746,1455;46,66741;207,1080;0,16079712;0,16079712;0,00369;4,15542;7,6333;21,175752;0,159476;22,936509;23,805884;0,0333;3,3114;0,26;25,89;0,00;0,67;56,64;;268,896;269,763;7,5039850;18,52500;2,11000;0,02500;0,1198707;;68,56;27,00;;;
Time to flameout (s);202;28;20,01400;1,39300;0,024000;95,150;85,42;-3,4801;0,000;100,996;27,500;0,000;386,350;402,050;25,10;1130,417;263,177;0,000;836,300;878,700;856,800;324,750;;;;;0,00;0,00;0,00;3,00;2,22;15,254;24,646;0,57;0,48;999998,00;999998,00;999998,00;999998,00;999998,00;999998,00;999998,00;999998,00;999998,00;999998,00;999998,00;999998,00;999998,00;999998,00;999998,00;;;;;;;;;;;;;;;;;763,6452;18,73475;81,7025;0,40993245;0,40993245;0,00462;1,66048;8,3969;21,140903;0,158653;23,126224;24,065997;0,0335;3,3303;0,29;29,22;0,00;0,68;57,97;;286,253;269,763;7,6799801;18,46400;2,15200;0,03000;0,1229236;;68,31;28,00;;;
End of test criteria;User end of test;29;19,70100;1,56000;0,027000;96,450;85,92;-3,9900;0,000;100,992;27,500;0,000;390,250;406,950;25,10;1130,517;263,177;0,000;836,600;878,700;856,800;324,750;;;;;0,00;0,00;0,00;3,00;2,22;15,189;24,652;0,57;0,48;999998,00;999998,00;999998,00;999998,00;999998,00;999998,00;999998,00;999998,00;999998,00;999998,00;999998,00;999998,00;999998,00;999998,00;999998,00;;;;;;;;;;;;;;;;;782,3423;20,13164;83,6748;0,39082845;0,39082845;0,00482;1,79120;9,1793;21,178210;0,152776;23,400893;24,402290;0,0327;3,2517;0,33;32,47;0,00;0,70;59,44;;303,037;303,866;7,8680166;18,40500;2,20800;0,03100;0,1257482;;67,80;29,00;;;
User EOT time (s);306;30;19,44200;1,67200;0,020000;94,675;86,01;-4,2201;0,000;100,996;27,500;0,000;394,150;411,850;25,10;1130,450;263,177;0,000;836,500;878,700;856,700;324,750;;;;;0,00;0,00;0,00;3,00;2,22;15,261;24,657;0,57;0,48;999998,00;999998,00;999998,00;999998,00;999998,00;999998,00;999998,00;999998,00;999998,00;999998,00;999998,00;999998,00;999998,00;999998,00;999998,00;;;;;;;;;;;;;;;;;786,3255;42,16039;172,7557;0,18757121;0,18757121;0,00493;3,75439;9,9656;20,878365;0,151729;23,300127;24,346460;0,0324;3,2220;0,36;35,70;0,00;0,70;59,77;;319,080;303,866;7,9080752;18,35400;2,25200;0,03200;0,1282367;;67,57;30,00;;;
MLR EOT mass (g/m²);;31;19,23800;1,77000;0,028000;97,050;85,34;-4,4601;0,000;100,992;27,500;0,000;398,150;416,850;25,10;1130,383;263,177;0,000;836,100;878,800;856,800;324,750;;;;;0,00;0,00;0,00;3,00;2,22;15,246;24,657;0,57;0,48;999998,00;999998,00;999998,00;999998,00;999998,00;999998,00;999998,00;999998,00;999998,00;999998,00;999998,00;999998,00;999998,00;999998,00;999998,00;;;;;;;;;;;;;;;;;810,1800;19,75629;84,2247;0,41242472;0,41242472;0,00144;1,75290;10,7758;21,032166;0,159524;23,709969;24,823561;0,0347;3,4539;0,39;39,15;0,00;0,72;61,49;;334,538;335,633;8,1479804;18,29900;2,29400;0,01300;0,1311993;;67,33;31,00;;;
MLR time period (s);;32;19,07200;1,82300;0,023000;95,525;84,58;-4,9900;0,000;100,994;27,500;0,000;401,950;421,650;25,10;1130,717;263,177;0,000;837,000;878,900;856,800;324,750;;;;;0,00;0,00;0,00;3,00;2,22;15,259;24,668;0,57;0,48;999998,00;999998,00;999998,00;999998,00;999998,00;999998,00;999998,00;999998,00;999998,00;999998,00;999998,00;999998,00;999998,00;999998,00;999998,00;;;;;;;;;;;;;;;;;811,5316;20,88275;93,7401;0,39082845;0,39082845;0,00069;1,84766;11,5873;20,767399;0,168454;23,634935;24,793308;0,0366;3,6429;0,43;42,79;0,00;0,72;61,56;;349,423;335,633;8,1615736;18,26200;2,32000;0,00900;0,1331198;;66,80;32,00;;;
Truncate graphs at EOT;;33;18,94300;1,88400;0,010000;93,950;83,82;-5,2001;0,000;100,990;27,500;0,000;405,550;426,250;25,10;1130,883;263,177;0,000;837,500;878,900;856,800;324,750;;;;;0,00;0,00;0,00;3,00;2,22;15,238;24,665;0,57;0,47;999998,00;999998,00;999998,00;999998,00;999998,00;999998,00;999998,00;999998,00;999998,00;999998,00;999998,00;999998,00;999998,00;999998,00;999998,00;;;;;;;;;;;;;;;;;811,3090;45,52444;214,9391;0,17922974;0,17922974;0,00141;4,03574;12,3986;20,503868;0,177472;23,544012;24,745741;0,0385;3,8305;0,47;46,62;0,00;0,72;61,59;;363,422;364,428;8,1593342;18,22600;2,35300;0,01300;0,1348178;;66,59;33,00;;;
Smooth data?;;34;18,86100;1,93700;0,012000;93,725;86,10;-5,4501;0,000;100,992;27,500;0,000;409,350;431,050;25,10;1130,983;263,177;0,000;837,700;879,000;856,800;324,750;;;;;0,00;0,00;0,00;3,00;2,22;15,252;24,660;0,57;0,48;999998,00;999998,00;999998,00;999998,00;999998,00;999998,00;999998,00;999998,00;999998,00;999998,00;999998,00;999998,00;999998,00;999998,00;999998,00;;;;;;;;;;;;;;;;;817,4571;19,42305;77,6610;0,42326864;0,42326864;-0,00112;1,71074;13,2161;20,384024;0,150628;23,625717;24,878136;0,0329;3,2685;0,50;49,89;0,00;0,72;61,95;;376,686;364,428;8,2211662;18,19400;2,36900;-0,00100;0,1366630;;66,34;34,00;;;
Correct O2 for pressure?;;35;18,81000;2,00300;-0,005000;97,925;85,16;-5,9900;0,000;100,996;27,500;0,000;412,850;435,450;25,10;1130,350;263,177;0,000;835,800;879,000;856,800;324,750;;;;;0,00;0,00;0,00;3,00;2,22;15,244;24,652;0,57;0,48;999998,00;999998,00;999998,00;999998,00;999998,00;999998,00;999998,00;999998,00;999998,00;999998,00;999998,00;999998,00;999998,00;999998,00;999998,00;;;;;;;;;;;;;;;;;835,5488;20,36988;87,9456;0,41252645;0,41252645;0,00307;1,79738;14,0516;20,747236;0,161686;24,252293;25,579898;0,0363;3,6074;0,54;53,50;0,00;0,74;63,45;;389,538;390,656;8,4031140;18,17700;2,38300;0,02200;0,1372525;;65,80;35,00;;;
;;36;18,73800;2,05300;0,014000;97,650;84,25;-6,2301;0,000;100,996;27,500;0,000;416,250;439,650;25,10;1130,583;263,177;0,000;836,500;879,000;856,800;324,750;;;;;0,00;0,00;0,00;3,00;2,23;15,208;24,638;0,57;0,47;999998,00;999998,00;999998,00;999998,00;999998,00;999998,00;999998,00;999998,00;999998,00;999998,00;999998,00;999998,00;999998,00;999998,00;999998,00;;;;;;;;;;;;;;;;;840,4821;40,73620;187,2420;0,20749919;0,20749919;0,00105;3,60857;14,8921;20,633296;0,172444;24,317735;25,684786;0,0389;3,8632;0,58;57,36;0,00;0,75;63,82;;401,996;390,656;8,4527285;18,14500;2,41900;0,01100;0,1388472;;65,56;36,00;;;
Apparatus;;37;18,66300;2,11000;0,007000;91,250;84,80;-6,4900;0,000;100,996;27,500;0,000;419,650;443,750;25,10;1130,817;263,177;0,000;837,200;879,000;856,800;324,850;;;;;0,00;0,00;0,00;3,00;2,23;15,252;24,665;0,57;0,48;999998,00;999998,00;999998,00;999998,00;999998,00;999998,00;999998,00;999998,00;999998,00;999998,00;999998,00;999998,00;999998,00;999998,00;999998,00;;;;;;;;;;;;;;;;;827,3625;21,66053;94,5148;0,38414510;0,38414510;0,00031;1,92095;15,7194;19,864719;0,165836;23,603148;24,958649;0,0363;3,6102;0,61;60,97;0,00;0,74;62,85;;413,669;414,483;8,3207848;18,08100;2,47500;0,00700;0,1420142;;65,30;37,00;;;
C-factor (SI units);0,0426;38;18,59200;2,15200;0,025000;91,875;84,62;-6,9601;0,000;100,996;27,500;0,000;422,850;447,750;25,10;1130,650;263,177;0,000;836,500;879,100;856,900;324,750;;;;;0,00;0,00;0,00;3,00;2,23;15,233;24,670;0,57;0,48;999998,00;999998,00;999998,00;999998,00;999998,00;999998,00;999998,00;999998,00;999998,00;999998,00;999998,00;999998,00;999998,00;999998,00;999998,00;;;;;;;;;;;;;;;;;836,7830;23,48092;103,5438;0,35839844;0,35839844;0,00469;2,08193;16,5562;19,857067;0,168052;23,773970;25,173927;0,0371;3,6900;0,65;64,66;0,00;0,75;63,68;;424,680;414,483;8,4155264;18,04200;2,50300;0,03200;0,1437140;;64,83;38,00;;;
OD correction factor;1;39;18,52500;2,20800;0,030000;97,925;84,61;-7,2201;0,000;100,992;27,500;0,000;425,550;451,050;25,10;1130,883;263,177;0,000;837,200;879,100;856,900;324,850;;;;;0,00;0,00;0,00;3,00;2,23;15,280;24,657;0,57;0,48;999998,00;999998,00;999998,00;999998,00;999998,00;999998,00;999998,00;999998,00;999998,00;999998,00;999998,00;999998,00;999998,00;999998,00;999998,00;;;;;;;;;;;;;;;;;870,6109;21,09617;92,7142;0,41503906;0,41503906;0,00357;1,86149;17,4268;20,435304;0,168087;24,622489;26,097929;0,0385;3,8262;0,69;68,49;0,00;0,77;66,18;;435,680;436,766;8,7557341;18,01300;2,51800;0,02500;0,1453163;;64,57;39,00;;;
Duct diameter (m);0,114;40;18,46400;2,25200;0,031000;87,925;84,49;-7,7701;0,000;100,996;27,500;0,000;428,450;454,550;25,10;1131,150;263,177;0,000;837,900;879,200;856,900;324,850;;;;;0,00;0,00;0,00;3,00;2,23;15,259;24,665;0,57;0,47;999998,00;999998,00;999998,00;999998,00;999998,00;999998,00;999998,00;999998,00;999998,00;999998,00;999998,00;999998,00;999998,00;999998,00;999998,00;;;;;;;;;;;;;;;;;824,3744;20,43252;91,0141;0,40576172;0,40576172;0,00354;1,79812;18,2512;19,298151;0,169507;23,410793;24,836914;0,0369;3,6721;0,73;72,16;0,00;0,73;62,65;;445,976;436,766;8,2907337;18,00600;2,51800;0,02600;0,1457130;;64,02;40,00;;;
O2 delay time (s);12;41;18,40500;2,29400;0,032000;95,075;84,99;-7,9900;0,000;100,992;27,500;0,000;431,850;458,750;25,10;1131,250;263,177;0,000;838,200;879,100;857,000;324,850;;;;;0,00;0,00;0,00;3,00;2,23;15,225;24,662;0,57;0,48;999998,00;999998,00;999998,00;999998,00;999998,00;999998,00;999998,00;999998,00;999998,00;999998,00;999998,00;999998,00;999998,00;999998,00;999998,00;;;;;;;;;;;;;;;;;855,8150;44,71493;193,5720;0,19248454;0,19248454;0,00190;3,94359;19,1070;19,988320;0,163603;24,440467;25,962867;0,0373;3,7048;0,76;75,87;0,00;0,76;65,02;;455,588;457,568;8,6069317;18,00000;2,52900;0,01600;0,1460514;;63,80;41,00;;;
CO2 delay time (s);10;42;18,35400;2,32000;0,013000;94,575;84,35;-8,2501;0,000;100,996;27,500;0,000;434,550;462,150;25,10;1131,550;263,177;0,000;839,000;879,200;857,000;324,850;;;;;0,00;0,00;0,00;3,00;2,23;15,261;24,665;0,57;0,47;999998,00;999998,00;999998,00;999998,00;999998,00;999998,00;999998,00;999998,00;999998,00;999998,00;999998,00;999998,00;999998,00;999998,00;999998,00;;;;;;;;;;;;;;;;;856,9811;21,27536;96,4105;0,40510050;0,40510050;0,00206;1,88186;19,9640;19,873662;0,171211;24,452199;26,005255;0,0391;3,8835;0,80;79,75;0,00;0,76;65,15;;465,131;457,568;8,6186588;17,97700;2,55400;0,01700;0,1471103;;63,54;42,00;;;
CO delay time (s);10;43;18,29900;2,35300;0,009000;91,925;85,51;-8,7501;0,000;100,996;27,500;0,000;437,350;465,350;25,10;1131,717;263,177;0,000;839,500;879,200;857,000;324,850;;;;;0,00;0,00;0,00;3,00;2,23;15,273;24,673;0,57;0,48;999998,00;999998,00;999998,00;999998,00;999998,00;999998,00;999998,00;999998,00;999998,00;999998,00;999998,00;999998,00;999998,00;999998,00;999998,00;;;;;;;;;;;;;;;;;854,4223;23,60209;97,6994;0,36407471;0,36407471;0,00168;2,09801;20,8184;19,530432;0,157578;24,184731;25,733084;0,0356;3,5368;0,84;83,29;0,00;0,76;65,02;;474,214;476,059;8,5929249;17,93100;2,60300;0,01500;0,1492820;;63,04;43,00;;;
;;44;18,26200;2,36900;0,013000;91,875;84,03;-8,9900;0,000;100,996;27,500;0,000;439,650;468,250;25,10;1131,950;263,177;0,000;840,200;879,200;857,000;324,850;;;;;0,00;0,00;0,00;3,00;2,23;15,263;24,673;0,57;0,47;999998,00;999998,00;999998,00;999998,00;999998,00;999998,00;999998,00;999998,00;999998,00;999998,00;999998,00;999998,00;999998,00;999998,00;999998,00;;;;;;;;;;;;;;;;;863,0930;21,79376;99,5393;0,39828491;0,39828491;0,00202;1,93474;21,6815;19,473980;0,175049;24,241645;25,818606;0,0396;3,9420;0,88;87,23;0,00;0,77;65,69;;482,954;476,059;8,6801266;17,89100;2,63300;0,01700;0,1512652;;62,80;44,00;;;
Laboratory;;45;18,22600;2,38300;-0,001000;93,500;82,42;-9,5400;0,000;100,994;27,500;0,000;442,150;471,150;25,10;1131,217;263,177;0,000;838,100;879,200;856,900;324,850;;;;;0,00;0,00;0,00;3,00;2,23;15,255;24,673;0,57;0,46;999998,00;999998,00;999998,00;999998,00;999998,00;999998,00;999998,00;999998,00;999998,00;999998,00;999998,00;999998,00;999998,00;999998,00;999998,00;;;;;;;;;;;;;;;;;878,5002;20,82790;105,0180;0,42419434;0,42419434;0,00342;1,84365;22,5600;19,589826;0,194332;24,524518;26,133047;0,0445;4,4296;0,92;91,66;0,00;0,78;66,88;;491,573;493,410;8,8350761;17,85400;2,65600;0,02500;0,1530844;;62,25;45,00;;;
Laboratory name;FZJ IAS-7;46;18,19400;2,41900;0,022000;87,625;84,34;-9,7900;0,000;100,994;27,500;0,000;444,350;473,850;25,10;1130,017;263,183;0,000;834,500;879,200;856,900;324,850;;;;;0,00;0,00;0,00;3,00;2,23;15,223;24,657;0,57;0,47;999998,00;999998,00;999998,00;999998,00;999998,00;999998,00;999998,00;999998,00;999998,00;999998,00;999998,00;999998,00;999998,00;999998,00;999998,00;;;;;;;;;;;;;;;;;856,9988;40,54293;179,4560;0,21258545;0,21258545;0,00263;3,60026;23,4170;18,917382;0,171354;23,800522;25,380617;0,0381;3,7934;0,96;95,45;0,00;0,77;65,27;;499,751;493,410;8,6188366;17,82100;2,69100;0,02100;0,1546711;;62,00;46,00;;;
Operator;DK + CR;47;18,17700;2,47500;0,011000;89,225;84,29;-10,0602;0,000;100,994;27,500;0,000;447,050;477,150;25,10;1129,817;263,183;0,000;834,000;879,100;856,900;324,850;;;;;0,00;0,00;0,00;3,00;2,23;15,275;24,676;0,57;0,47;999998,00;999998,00;999998,00;999998,00;999998,00;999998,00;999998,00;999998,00;999998,00;999998,00;999998,00;999998,00;999998,00;999998,00;999998,00;;;;;;;;;;;;;;;;;872,4033;20,20653;89,3107;0,43420410;0,43420410;0,00383;1,79012;24,2894;19,031579;0,171938;24,089689;25,711655;0,0388;3,8559;1,00;99,31;0,00;0,78;66,46;;507,515;509,667;8,7737604;17,78300;2,71600;0,02800;0,1565373;;61,73;47,00;;;
Filename;17032026_PMMA_DE_6mm_q75_R9,csv;48;18,14500;2,50300;0,007000;92,675;83,83;-10,6001;0,000;100,994;27,500;0,000;449,350;480,150;25,10;1130,050;263,183;0,000;834,600;879,200;856,900;324,850;;;;;0,00;0,00;0,00;3,00;2,24;15,259;24,657;0,57;0,47;999998,00;999998,00;999998,00;999998,00;999998,00;999998,00;999998,00;999998,00;999998,00;999998,00;999998,00;999998,00;999998,00;999998,00;999998,00;;;;;;;;;;;;;;;;;893,9364;22,95901;104,5365;0,39158122;0,39158122;0,00525;2,02840;25,1834;19,346327;0,177427;24,614076;26,301210;0,0409;4,0703;1,04;103,38;0,01;0,79;68,11;;515,342;509,667;8,9903181;17,75700;2,73000;0,03600;0,1578129;;61,19;48,00;;;
Report name;;49;18,08100;2,51800;0,032000;91,200;83,48;-10,8101;0,000;100,994;27,500;0,000;451,550;482,950;25,10;1131,850;263,183;0,000;840,000;879,200;856,900;324,850;;;;;0,00;0,00;0,00;3,00;2,24;15,275;24,657;0,57;0,47;999998,00;999998,00;999998,00;999998,00;999998,00;999998,00;999998,00;999998,00;999998,00;999998,00;999998,00;999998,00;999998,00;999998,00;999998,00;;;;;;;;;;;;;;;;;885,7856;44,72782;209,3707;0,19916789;0,19916789;0,00723;3,94801;26,0692;19,144944;0,181586;24,477114;26,179210;0,0417;4,1464;1,08;107,52;0,01;0,79;67,53;;522,985;524,746;8,9083456;17,75100;2,73100;0,04800;0,1580233;;60,98;49,00;;;
;;50;18,04200;2,51800;0,025000;83,775;83,93;-11,0901;0,000;100,994;27,500;0,000;454,050;485,750;25,10;1134,150;263,177;0,000;846,800;879,300;856,900;324,950;;;;;0,00;0,00;0,00;3,00;2,24;15,280;24,657;0,57;0,47;999998,00;999998,00;999998,00;999998,00;999998,00;999998,00;999998,00;999998,00;999998,00;999998,00;999998,00;999998,00;999998,00;999998,00;999998,00;;;;;;;;;;;;;;;;;847,4365;20,53563;93,7048;0,41501872;0,41501872;0,00465;1,81428;26,9166;18,298479;0,176160;23,524420;25,166804;0,0389;3,8669;1,12;111,39;0,00;0,75;64,57;;529,857;524,746;8,5226691;17,75000;2,73600;0,03400;0,1581766;;60,70;50,00;;;
Pre-test conditions;;51;18,01300;2,52900;0,026000;90,425;83,04;-11,5901;0,000;100,994;27,500;0,000;456,350;488,650;25,10;1132,817;263,177;0,000;842,800;879,300;856,900;324,950;;;;;0,00;0,00;0,00;3,00;2,24;15,276;24,684;0,57;0,47;999998,00;999998,00;999998,00;999998,00;999998,00;999998,00;999998,00;999998,00;999998,00;999998,00;999998,00;999998,00;999998,00;999998,00;999998,00;;;;;;;;;;;;;;;;;882,4682;23,50910;113,8887;0,37751261;0,37751261;0,00431;2,08004;27,7991;18,962904;0,186816;24,502092;26,236325;0,0430;4,2751;1,16;115,67;0,00;0,79;67,24;;536,428;538,839;8,8749831;17,73400;2,75300;0,03100;0,1589566;;60,20;51,00;;;
Ambient temperature (°C);25,1;52;18,00600;2,55400;0,016000;86,125;82,84;-11,8601;0,000;100,994;27,500;0,000;458,250;490,950;25,10;1131,717;263,177;0,000;839,500;879,300;856,900;324,950;;;;;0,00;0,00;0,00;3,00;2,24;15,231;24,668;0,57;0,46;999998,00;999998,00;999998,00;999998,00;999998,00;999998,00;999998,00;999998,00;999998,00;999998,00;999998,00;999998,00;999998,00;999998,00;999998,00;;;;;;;;;;;;;;;;;865,0568;20,03919;98,1902;0,43414307;0,43414307;0,00192;1,77001;28,6641;18,468132;0,189298;23,962147;25,672047;0,0426;4,2387;1,21;119,90;0,00;0,77;65,86;;542,915;538,839;8,6998764;17,71600;2,76600;0,01700;0,1600111;;59,93;52,00;;;
Barometric pressure (Pa);100994;53;18,00000;2,60300;0,017000;88,000;85,20;-12,4401;0,000;100,990;27,500;0,000;460,050;492,950;25,10;1131,550;263,183;0,000;838,900;879,400;856,900;324,950;;;;;0,00;0,00;0,00;3,00;2,24;15,301;24,676;0,57;0,48;999998,00;999998,00;999998,00;999998,00;999998,00;999998,00;999998,00;999998,00;999998,00;999998,00;999998,00;999998,00;999998,00;999998,00;999998,00;;;;;;;;;;;;;;;;;875,9583;20,36665;84,9819;0,43254598;0,43254598;0,00243;1,79952;29,5401;18,631526;0,161143;24,269103;26,004683;0,0368;3,6550;1,24;123,56;0,00;0,78;66,71;;549,096;551,683;8,8095126;17,70300;2,77700;0,02000;0,1606169;;59,35;53,00;;;
Relative hunidity (%);27,5;54;17,97700;2,63300;0,015000;88,325;84,04;-12,6802;0,000;100,994;27,500;0,000;461,850;495,050;25,10;1131,183;263,177;0,000;837,800;879,400;856,900;324,950;;;;;0,00;0,00;0,00;3,00;2,24;15,303;24,692;0,57;0,47;999998,00;999998,00;999998,00;999998,00;999998,00;999998,00;999998,00;999998,00;999998,00;999998,00;999998,00;999998,00;999998,00;999998,00;999998,00;;;;;;;;;;;;;;;;;879,5653;42,11839;190,7152;0,21002197;0,21002197;0,00194;3,71801;30,4196;18,629489;0,174866;24,361395;26,112610;0,0401;3,9827;1,28;127,54;0,00;0,78;66,97;;555,182;551,683;8,8457878;17,69000;2,78600;0,01700;0,1613072;;59,11;54,00;;;
;;55;17,93100;2,65600;0,017000;82,200;83,91;-12,9601;0,000;100,994;27,500;0,000;463,850;497,550;25,10;1131,683;263,177;0,000;839,200;879,400;857,000;324,950;;;;;0,00;0,00;0,00;3,00;2,24;15,280;24,657;0,57;0,47;999998,00;999998,00;999998,00;999998,00;999998,00;999998,00;999998,00;999998,00;999998,00;999998,00;999998,00;999998,00;999998,00;999998,00;999998,00;;;;;;;;;;;;;;;;;848,6438;19,70099;90,2475;0,43321737;0,43321737;0,00281;1,73639;31,2683;17,933156;0,176422;23,552367;25,263512;0,0391;3,8875;1,32;131,43;0,00;0,75;64,62;;560,799;562,978;8,5348108;17,68200;2,78800;0,02300;0,1616864;;58,83;55,00;;;
Conditioning;;56;17,89100;2,69100;0,025000;90,975;81,95;-13,5000;0,000;100,990;27,500;0,000;465,550;499,650;25,10;1132,217;263,183;0,000;840,700;879,400;857,100;324,950;;;;;0,00;0,00;0,00;3,00;2,24;15,276;24,692;0,57;0,46;999998,00;999998,00;999998,00;999998,00;999998,00;999998,00;999998,00;999998,00;999998,00;999998,00;999998,00;999998,00;999998,00;999998,00;999998,00;;;;;;;;;;;;;;;;;889,9219;21,31026;111,3524;0,41998291;0,41998291;0,00645;1,88497;32,1582;18,831610;0,200116;24,822988;26,641190;0,0468;4,6501;1,37;136,08;0,01;0,79;67,88;;566,308;562,978;8,9499447;17,68100;2,79400;0,04400;0,1614596;;58,29;56,00;;;
Conditionet ? (Y/N);N;57;17,85400;2,71600;0,021000;88,025;83,56;-13,8000;0,000;100,990;27,500;0,000;467,150;501,550;25,10;1132,783;263,177;0,000;842,200;879,500;857,200;324,950;;;;;0,00;0,00;0,00;3,00;2,24;15,318;24,676;0,57;0,47;999998,00;999998,00;999998,00;999998,00;999998,00;999998,00;999998,00;999998,00;999998,00;999998,00;999998,00;999998,00;999998,00;999998,00;999998,00;;;;;;;;;;;;;;;;;879,5688;20,21573;95,0729;0,43757121;0,43757121;0,00568;1,80247;33,0378;18,492024;0,180597;24,459134;26,260255;0,0416;4,1365;1,41;140,22;0,01;0,79;67,17;;571,894;573,544;8,8458234;17,65600;2,83400;0,04000;0,1625294;;57,99;57,00;;;
Conditioning temperature (°C);;58;17,82100;2,73000;0,028000;86,600;81,38;-14,3601;0,000;100,994;27,500;0,000;468,950;503,650;25,10;1133,517;263,177;0,000;844,400;879,500;857,200;324,950;;;;;0,00;0,00;0,00;3,00;2,24;15,273;24,660;0,57;0,46;999998,00;999998,00;999998,00;999998,00;999998,00;999998,00;999998,00;999998,00;999998,00;999998,00;999998,00;999998,00;999998,00;999998,00;999998,00;;;;;;;;;;;;;;;;;886,6450;21,52902;114,4562;0,41418457;0,41418457;0,00546;1,91898;33,9244;18,306498;0,207016;24,307040;26,105642;0,0474;4,7137;1,46;144,93;0,01;0,79;67,72;;577,260;573,544;8,9169886;17,59500;2,88400;0,03900;0,1655488;;57,43;58,00;;;
Conditioning RH (%);;59;17,78300;2,73100;0,036000;88,900;81,98;-14,5901;0,000;100,994;27,500;0,000;470,050;504,950;25,10;1133,617;263,183;0,000;844,700;879,500;857,200;324,950;;;;;0,00;0,00;0,00;3,00;2,24;15,259;24,657;0,57;0,46;999998,00;999998,00;999998,00;999998,00;999998,00;999998,00;999998,00;999998,00;999998,00;999998,00;999998,00;999998,00;999998,00;999998,00;999998,00;;;;;;;;;;;;;;;;;912,7460;46,87690;236,9375;0,19582113;0,19582113;0,00569;4,16121;34,8372;18,526290;0,199692;24,656576;26,487264;0,0464;4,6134;1,50;149,54;0,01;0,81;69,70;;582,725;584,480;9,1794866;17,53800;2,92100;0,04000;0,1684508;;57,20;59,00;;;
;;60;17,75700;2,73600;0,048000;83,150;81,14;-14,8501;0,000;100,994;27,500;0,000;471,250;506,250;25,10;1133,317;263,177;0,000;843,800;879,500;857,200;324,950;;;;;0,00;0,00;0,00;3,00;2,25;15,305;24,692;0,57;0,46;999998,00;999998,00;999998,00;999998,00;999998,00;999998,00;999998,00;999998,00;999998,00;999998,00;999998,00;999998,00;999998,00;999998,00;999998,00;;;;;;;;;;;;;;;;;887,4547;21,59217;114,3263;0,41335042;0,41335042;0,00344;1,90675;35,7246;17,894313;0,210034;23,876281;25,649585;0,0473;4,6989;1,55;154,24;0,00;0,79;67,67;;588,015;584,480;8,9251316;17,52000;2,92500;0,02700;0,1695863;;56,94;60,00;;;
Data collected;;61;17,75100;2,75300;0,034000;83,350;82,44;-15,3701;0,000;100,994;27,500;0,000;472,550;507,850;25,10;1132,550;263,183;0,000;841,800;879,400;857,000;324,950;;;;;0,00;0,00;0,00;3,00;2,25;15,301;24,673;0,57;0,46;999998,00;999998,00;999998,00;999998,00;999998,00;999998,00;999998,00;999998,00;999998,00;999998,00;999998,00;999998,00;999998,00;999998,00;999998,00;;;;;;;;;;;;;;;;;885,7258;21,37702;105,1112;0,41669718;0,41669718;0,00312;1,88257;36,6103;17,891161;0,194089;23,937928;25,726117;0,0438;4,3551;1,60;158,60;0,00;0,78;67,50;;592,909;594,800;8,9077443;17,52800;2,91200;0,02500;0,1692802;;56,42;61,00;;;
CO/CO2 data collected?;Yes;62;17,75000;2,76600;0,031000;85,025;84,97;-15,6401;0,000;100,994;27,500;0,000;474,550;510,150;25,10;1131,917;263,183;0,000;840,100;879,300;856,900;324,950;;;;;0,00;0,00;0,00;3,00;2,25;15,311;24,681;0,57;0,48;999998,00;999998,00;999998,00;999998,00;999998,00;999998,00;999998,00;999998,00;999998,00;999998,00;999998,00;999998,00;999998,00;999998,00;999998,00;;;;;;;;;;;;;;;;;888,9883;39,74551;166,4603;0,22494507;0,22494507;0,00331;3,51603;37,4993;18,031918;0,163890;24,228369;26,045943;0,0374;3,7232;1,63;162,32;0,00;0,79;67,80;;597,659;594,800;8,9405555;17,54000;2,91300;0,02600;0,1685651;;56,15;62,00;;;
Mass data collected?;Yes;63;17,73400;2,77700;0,017000;83,925;84,23;-15,9100;0,000;100,990;27,500;0,000;476,350;512,450;25,10;1131,283;263,183;0,000;838,400;879,200;856,800;324,950;;;;;0,00;0,00;0,00;3,00;2,25;15,275;24,657;0,57;0,47;999998,00;999998,00;999998,00;999998,00;999998,00;999998,00;999998,00;999998,00;999998,00;999998,00;999998,00;999998,00;999998,00;999998,00;999998,00;;;;;;;;;;;;;;;;;884,2015;20,24971;89,4398;0,43913778;0,43913778;0,00249;1,79286;38,3835;17,881016;0,172581;24,116742;25,944420;0,0393;3,9054;1,67;166,23;0,00;0,79;67,43;;602,245;604,012;8,8924145;17,53000;2,92400;0,02100;0,1690810;;55,88;63,00;;;
Smoke data collected;Yes;64;17,71600;2,78600;0,020000;81,775;84,95;-16,4701;0,000;100,990;27,500;0,000;477,650;514,150;25,10;1131,117;263,177;0,000;838,100;879,100;856,700;324,950;;;;;0,00;0,00;0,00;3,00;2,25;15,276;24,684;0,57;0,48;999998,00;999998,00;999998,00;999998,00;999998,00;999998,00;999998,00;999998,00;999998,00;999998,00;999998,00;999998,00;999998,00;999998,00;999998,00;;;;;;;;;;;;;;;;;875,0784;21,07682;88,4673;0,41755168;0,41755168;0,00168;1,86259;39,2586;17,626456;0,164113;23,838287;25,659908;0,0369;3,6730;1,71;169,90;0,00;0,78;66,70;;606,579;604,012;8,8006630;17,51800;2,93000;0,01600;0,1697646;;55,32;64,00;;;
Soot mass data colelcted;;65;17,70300;2,78800;0,017000;86,150;83,54;-16,7401;0,000;100,994;27,500;0,000;479,050;515,750;25,10;1130,983;263,177;0,000;837,800;879,100;856,600;324,950;;;;;0,00;0,00;0,00;3,00;2,25;15,255;24,689;0,57;0,47;999998,00;999998,00;999998,00;999998,00;999998,00;999998,00;999998,00;999998,00;999998,00;999998,00;999998,00;999998,00;999998,00;999998,00;999998,00;;;;;;;;;;;;;;;;;896,7325;22,59126;104,8114;0,39920044;0,39920044;0,00267;1,99812;40,1553;18,065368;0,180808;24,503489;26,380701;0,0418;4,1604;1,75;174,06;0,00;0,80;68,38;;610,877;612,826;9,0184390;17,51700;2,93200;0,02200;0,1697389;;55,05;65,00;;;
Soot mass ratio (1:x);;66;17,69000;2,79400;0,023000;80,500;83,82;-17,2701;0,000;100,994;27,500;0,000;480,350;517,250;25,10;1131,217;263,177;0,000;838,600;879,000;856,600;324,950;;;;;0,00;0,00;0,00;3,00;2,25;15,255;24,673;0,57;0,47;999998,00;999998,00;999998,00;999998,00;999998,00;999998,00;999998,00;999998,00;999998,00;999998,00;999998,00;999998,00;999998,00;999998,00;999998,00;;;;;;;;;;;;;;;;;868,2425;22,83235;103,9810;0,38243612;0,38243612;0,00443;2,02460;41,0236;17,439284;0,177496;23,718472;25,540501;0,0398;3,9541;1,79;178,01;0,00;0,77;66,28;;614,992;612,826;8,7319146;17,50300;2,94800;0,03400;0,1702564;;54,52;66,00;;;
Soot mass (g);;67;17,68200;2,83400;0,044000;83,750;82,09;-17,5200;0,000;100,990;27,500;0,000;481,750;519,050;25,10;1131,383;263,183;0,000;839,100;879,000;856,600;324,950;;;;;0,00;0,00;0,00;3,00;2,25;15,311;24,676;0,57;0,46;999998,00;999998,00;999998,00;999998,00;999998,00;999998,00;999998,00;999998,00;999998,00;999998,00;999998,00;999998,00;999998,00;999998,00;999998,00;;;;;;;;;;;;;;;;;891,2402;20,68499;104,8558;0,43331909;0,43331909;0,00435;1,83625;41,9148;17,761971;0,198429;24,227754;26,103612;0,0454;4,5179;1,84;182,53;0,00;0,80;68,06;;618,943;621,219;8,9632031;17,47500;2,97400;0,03300;0,1716150;;54,27;67,00;;;
;;68;17,68100;2,88400;0,040000;86,400;82,63;-18,1201;0,000;100,990;27,400;0,000;482,550;520,150;25,10;1131,417;263,183;0,000;839,100;879,000;856,700;324,950;;;;;0,00;0,00;0,00;3,00;2,25;15,282;24,695;0,57;0,46;999998,00;999998,00;999998,00;999998,00;999998,00;999998,00;999998,00;999998,00;999998,00;999998,00;999998,00;999998,00;999998,00;999998,00;999998,00;;;;;;;;;;;;;;;;;910,0114;21,11768;103,0532;0,43338013;0,43338013;0,00617;1,87219;42,8248;18,025832;0,191783;24,628497;26,547534;0,0447;4,4408;1,88;186,97;0,01;0,81;69,52;;623,086;621,219;9,1519842;17,45200;2,98800;0,04400;0,1726845;;53,67;68,00;;;
Comments;;69;17,65600;2,92100;0,039000;80,300;83,48;-18,3401;0,000;100,994;27,400;0,000;483,350;521,050;25,10;1131,283;263,183;0,000;838,800;878,900;856,700;324,950;;;;;0,00;0,00;0,00;3,00;2,25;15,297;24,678;0,57;0,47;999998,00;999998,00;999998,00;999998,00;999998,00;999998,00;999998,00;999998,00;999998,00;999998,00;999998,00;999998,00;999998,00;999998,00;999998,00;;;;;;;;;;;;;;;;;880,1723;43,18065;198,9980;0,20499674;0,20499674;0,00502;3,83847;43,7050;17,363470;0,181545;23,762849;25,616287;0,0408;4,0563;1,92;191,03;0,01;0,79;67,25;;627,028;628,885;8,8518932;17,43700;3,00800;0,03800;0,1734060;;53,45;69,00;;;
Pre-test comments;;70;17,59500;2,92500;0,040000;82,300;84,71;-18,6301;0,000;100,994;27,400;0,000;484,650;522,550;25,10;1131,283;263,183;0,000;838,800;878,900;856,700;324,950;;;;;0,00;0,00;0,00;3,00;2,25;15,297;24,689;0,57;0,48;999998,00;999998,00;999998,00;999998,00;999998,00;999998,00;999998,00;999998,00;999998,00;999998,00;999998,00;999998,00;999998,00;999998,00;999998,00;;;;;;;;;;;;;;;;;893,7140;21,10509;89,3258;0,42587280;0,42587280;0,00554;1,87246;44,5987;17,554781;0,166970;24,089284;25,973084;0,0380;3,7826;1,96;194,81;0,01;0,80;68,29;;630,741;628,885;8,9880818;17,42200;3,01500;0,04100;0,1741690;;53,16;70,00;;;
After test comments;;71;17,53800;2,91200;0,027000;77,625;86,01;-19,1401;0,000;100,994;27,400;0,000;486,150;524,350;25,10;1131,317;263,183;0,000;838,900;878,900;856,700;324,950;;;;;0,00;0,00;0,00;3,00;2,25;15,322;24,684;0,57;0,48;999998,00;999998,00;999998,00;999998,00;999998,00;999998,00;999998,00;999998,00;999998,00;999998,00;999998,00;999998,00;999998,00;999998,00;999998,00;;;;;;;;;;;;;;;;;870,0848;21,47663;82,5295;0,40744019;0,40744019;0,00357;1,90104;45,4688;17,022575;0,151681;23,431269;25,272418;0,0336;3,3435;1,99;198,15;0,00;0,77;66,42;;634,278;635,821;8,7504427;17,41100;3,02000;0,02900;0,1748772;;52,65;71,00;;;
;;72;17,52000;2,91300;0,025000;79,550;84,26;-19,4100;0,000;100,994;27,400;0,000;487,450;525,950;25,10;1131,450;263,183;0,000;839,300;878,900;856,700;324,950;;;;;0,00;0,00;0,00;3,00;2,26;15,276;24,678;0,57;0,47;999998,00;999998,00;999998,00;999998,00;999998,00;999998,00;999998,00;999998,00;999998,00;999998,00;999998,00;999998,00;999998,00;999998,00;999998,00;;;;;;;;;;;;;;;;;880,6157;37,82815;165,4183;0,23412069;0,23412069;0,00240;3,34470;46,3494;17,209358;0,172274;23,751717;25,627686;0,0387;3,8508;2,03;202,01;0,00;0,78;67,19;;637,627;635,821;8,8563525;17,40900;3,02000;0,02100;0,1750757;;52,38;72,00;;;
Events;;73;17,52800;2,92400;0,026000;83,525;83,51;-19,6901;0,000;100,994;27,400;0,000;488,950;527,650;25,10;1131,483;263,183;0,000;839,400;878,800;856,800;324,950;;;;;0,00;0,00;0,00;3,00;2,26;15,273;24,676;0,57;0,47;999998,00;999998,00;999998,00;999998,00;999998,00;999998,00;999998,00;999998,00;999998,00;999998,00;999998,00;999998,00;999998,00;999998,00;999998,00;;;;;;;;;;;;;;;;;902,0551;21,30155;98,1874;0,42588298;0,42588298;0,00027;1,88751;47,2515;17,607010;0,181225;24,375321;26,304608;0,0418;4,1579;2,07;206,16;0,00;0,80;68,80;;641,102;642,678;9,0719681;17,40600;3,03000;0,00700;0,1752904;;52,10;73,00;;;
Number of events;;74;17,54000;2,93000;0,021000;78,375;83,12;-20,2201;0,000;100,990;27,400;0,000;489,850;528,850;25,10;1131,717;263,183;0,000;840,200;878,800;856,700;324,950;;;;;0,00;0,00;0,00;3,00;2,26;15,334;24,692;0,57;0,47;999998,00;999998,00;999998,00;999998,00;999998,00;999998,00;999998,00;999998,00;999998,00;999998,00;999998,00;999998,00;999998,00;999998,00;999998,00;;;;;;;;;;;;;;;;;878,0739;21,71721;102,3052;0,40662638;0,40662638;0,00087;1,92862;48,1296;17,039891;0,185865;23,633617;25,515236;0,0416;4,1364;2,11;210,30;0,00;0,78;67,02;;644,466;642,678;8,8307893;17,38300;3,05400;0,01100;0,1763284;;51,57;74,00;;;
Event1;;75;17,53000;2,93200;0,016000;86,900;84,42;-20,5100;0,000;100,994;27,400;0,000;491,050;530,150;25,10;1131,650;263,183;0,000;840,000;878,800;856,700;324,950;;;;;0,00;0,00;0,00;3,00;2,26;15,311;24,684;0,57;0,47;999998,00;999998,00;999998,00;999998,00;999998,00;999998,00;999998,00;999998,00;999998,00;999998,00;999998,00;999998,00;999998,00;999998,00;999998,00;;;;;;;;;;;;;;;;;929,7964;21,09261;90,6726;0,44332886;0,44332886;0,00218;1,87155;49,0593;17,920769;0,170353;24,916246;26,900210;0,0402;3,9970;2,16;214,30;0,00;0,83;70,99;;647,926;649,964;9,3509629;17,35700;3,07200;0,01900;0,1775604;;51,28;75,00;;;
Event2;;76;17,51800;2,94800;0,022000;79,500;85,47;-21,0901;0,000;100,990;27,400;0,000;491,950;531,250;25,10;1131,517;263,177;0,000;839,600;878,800;856,700;324,950;;;;;0,00;0,00;0,00;3,00;2,26;15,315;24,697;0,57;0,48;999998,00;999998,00;999998,00;999998,00;999998,00;999998,00;999998,00;999998,00;999998,00;999998,00;999998,00;999998,00;999998,00;999998,00;999998,00;;;;;;;;;;;;;;;;;892,8294;20,92029;83,1635;0,42920939;0,42920939;0,00374;1,85340;49,9522;17,125083;0,157970;23,853599;25,759172;0,0357;3,5492;2,19;217,85;0,00;0,80;68,20;;651,392;649,964;8,9791853;17,33800;3,08200;0,03000;0,1784400;;50,70;76,00;;;
Event3;;77;17,51700;2,97400;0,034000;79,075;84,73;-21,3301;0,000;100,994;27,400;0,000;493,050;532,450;25,10;1131,017;263,177;0,000;838,300;878,700;856,600;324,950;;;;;0,00;0,00;0,00;3,00;2,26;15,328;24,697;0,57;0,48;999998,00;999998,00;999998,00;999998,00;999998,00;999998,00;999998,00;999998,00;999998,00;999998,00;999998,00;999998,00;999998,00;999998,00;999998,00;;;;;;;;;;;;;;;;;889,9865;40,52875;170,3028;0,22084554;0,22084554;0,00494;3,58604;50,8422;17,060185;0,166706;23,816336;25,719517;0,0376;3,7397;2,23;221,59;0,00;0,79;68,00;;654,509;656,716;8,9505939;17,33500;3,08000;0,03800;0,1785512;;50,46;77,00;;;
Event4;;78;17,50300;2,98800;0,033000;75,050;84,35;-21,6301;0,000;100,990;27,400;0,000;494,550;534,250;25,10;1131,083;263,177;0,000;838,500;878,700;856,600;324,950;;;;;0,00;0,00;0,00;3,00;2,26;15,320;24,697;0,57;0,47;999998,00;999998,00;999998,00;999998,00;999998,00;999998,00;999998,00;999998,00;999998,00;999998,00;999998,00;999998,00;999998,00;999998,00;999998,00;;;;;;;;;;;;;;;;;865,2177;19,26254;83,4680;0,45173136;0,45173136;0,00392;1,70201;51,7074;16,595099;0,171230;23,237549;25,102944;0,0377;3,7491;2,27;225,34;0,00;0,77;66,07;;657,369;656,716;8,7014945;17,33900;3,07400;0,03200;0,1784443;;50,16;78,00;;;
Event5;;79;17,47500;3,00800;0,044000;82,475;85,22;-22,1802;0,000;100,996;27,400;0,000;495,750;535,650;25,10;1131,150;263,177;0,000;838,800;878,600;856,600;324,950;;;;;0,00;0,00;0,00;3,00;2,26;15,322;24,695;0,57;0,48;999998,00;999998,00;999998,00;999998,00;999998,00;999998,00;999998,00;999998,00;999998,00;999998,00;999998,00;999998,00;999998,00;999998,00;999998,00;;;;;;;;;;;;;;;;;903,2727;21,54438;88,2223;0,42165120;0,42165120;0,00610;1,90856;52,6107;17,375583;0,160922;24,389472;26,352436;0,0372;3,6988;2,30;229,03;0,01;0,80;69,04;;660,241;662,789;9,0842138;17,34600;3,07300;0,04500;0,1779162;;49,61;79,00;;;
Event6;;80;17,45200;3,01500;0,038000;84,000;83,42;-22,4701;0,000;100,996;27,400;0,000;496,850;536,950;25,10;1131,083;263,183;0,000;838,600;878,600;856,600;324,950;;;;;0,00;0,00;0,00;3,00;2,26;15,328;24,703;0,57;0,47;999998,00;999998,00;999998,00;999998,00;999998,00;999998,00;999998,00;999998,00;999998,00;999998,00;999998,00;999998,00;999998,00;999998,00;999998,00;;;;;;;;;;;;;;;;;912,2915;22,61442;104,9511;0,40571086;0,40571086;0,00399;2,00554;53,5229;17,516067;0,182280;24,641218;26,629972;0,0426;4,2338;2,35;233,27;0,00;0,81;69,70;;663,335;662,789;9,1749156;17,34100;3,08200;0,03100;0,1782565;;49,32;80,00;;;
Event7;;81;17,43700;3,02000;0,041000;81,100;82,40;-22,9900;0,000;100,994;27,400;0,000;497,450;537,850;25,10;1131,017;263,183;0,000;838,500;878,600;856,500;324,950;;;;;0,00;0,00;0,00;3,00;2,26;15,309;24,668;0,57;0,46;999998,00;999998,00;999998,00;999998,00;999998,00;999998,00;999998,00;999998,00;999998,00;999998,00;999998,00;999998,00;999998,00;999998,00;999998,00;;;;;;;;;;;;;;;;;898,5082;22,54236;111,5122;0,40085856;0,40085856;0,00376;1,99656;54,4215;17,200668;0,194541;24,226742;26,194297;0,0447;4,4447;2,39;237,71;0,00;0,80;68,63;;666,323;668,668;9,0362969;17,33100;3,08700;0,03000;0,1787923;;48,80;81,00;;;
Event8;;82;17,42200;3,02000;0,029000;80,175;83,78;-23,2401;0,000;100,992;27,400;0,000;498,050;538,450;25,10;1131,183;263,183;0,000;839,000;878,600;856,500;324,950;;;;;0,00;0,00;0,00;3,00;2,26;15,322;24,697;0,57;0,47;999998,00;999998,00;999998,00;999998,00;999998,00;999998,00;999998,00;999998,00;999998,00;999998,00;999998,00;999998,00;999998,00;999998,00;999998,00;;;;;;;;;;;;;;;;;894,5097;39,53997;178,7818;0,22751872;0,22751872;0,00298;3,50812;55,3160;17,091989;0,177954;24,102707;26,057830;0,0407;4,0446;2,43;241,76;0,00;0,80;68,33;;669,131;668,668;8,9960837;17,32400;3,09800;0,02500;0,1791343;;48,55;82,00;;;
Event9;;83;17,41100;3,03000;0,021000;81,400;83,04;-23,5300;0,000;100,990;27,400;0,000;498,850;539,350;25,10;1131,583;263,183;0,000;840,200;878,600;856,500;324,950;;;;;0,00;0,00;0,00;3,00;2,26;15,318;24,684;0,57;0,47;999998,00;999998,00;999998,00;999998,00;999998,00;999998,00;999998,00;999998,00;999998,00;999998,00;999998,00;999998,00;999998,00;999998,00;999998,00;;;;;;;;;;;;;;;;;904,1040;20,98109;99,3754;0,43336995;0,43336995;0,00209;1,86706;56,2201;17,208254;0,186825;24,305640;26,278936;0,0431;4,2822;2,47;246,04;0,00;0,81;69,08;;671,904;674,274;9,0925744;17,30900;3,11900;0,01900;0,1798451;;48,26;83,00;;;
;;84;17,40900;3,05400;0,007000;79,975;83,16;-24,0602;0,000;100,990;27,400;0,000;499,650;540,150;25,10;1131,417;263,177;0,000;839,700;878,600;856,500;324,950;;;;;0,00;0,00;0,00;3,00;2,27;15,315;24,689;0,57;0,47;999998,00;999998,00;999998,00;999998,00;999998,00;999998,00;999998,00;999998,00;999998,00;999998,00;999998,00;999998,00;999998,00;999998,00;999998,00;;;;;;;;;;;;;;;;;903,1785;22,24185;103,8301;0,40838623;0,40838623;0,00192;1,98274;57,1232;17,043304;0,185452;24,111262;26,065642;0,0424;4,2162;2,52;250,26;0,00;0,81;69,04;;674,663;674,274;9,0832662;17,27600;3,15100;0,01800;0,1814293;;47,73;84,00;;;
;;85;17,40600;3,07200;0,011000;83,275;82,62;-24,3501;0,000;100,990;27,400;0,000;500,050;540,650;25,10;1131,283;263,177;0,000;839,300;878,600;856,500;324,950;;;;;0,00;0,00;0,00;3,00;2,27;15,286;24,711;0,57;0,46;999998,00;999998,00;999998,00;999998,00;999998,00;999998,00;999998,00;999998,00;999998,00;999998,00;999998,00;999998,00;999998,00;999998,00;999998,00;;;;;;;;;;;;;;;;;928,6421;22,11107;106,0815;0,42238363;0,42238363;0,00273;1,96737;58,0519;17,384420;0,191944;24,613530;26,611949;0,0448;4,4553;2,56;254,71;0,00;0,83;70,99;;677,501;679,970;9,3393535;17,24600;3,17000;0,02300;0,1829124;;47,44;85,00;;;
;;86;17,38300;3,08200;0,019000;80,775;83,54;-24,9000;0,000;100,990;27,400;0,000;500,950;541,550;25,10;1131,417;263,177;0,000;839,600;878,600;856,600;324,950;;;;;0,00;0,00;0,00;3,00;2,27;15,334;24,689;0,57;0,47;999998,00;999998,00;999998,00;999998,00;999998,00;999998,00;999998,00;999998,00;999998,00;999998,00;999998,00;999998,00;999998,00;999998,00;999998,00;;;;;;;;;;;;;;;;;918,6062;21,23489;95,6673;0,43505859;0,43505859;0,00495;1,89032;58,9705;17,106095;0,180895;24,263058;26,229482;0,0416;4,1385;2,60;258,85;0,00;0,82;70,29;;680,363;679,970;9,2384221;17,22300;3,18800;0,03800;0,1838995;;46,89;86,00;;;
;;87;17,35700;3,08000;0,030000;82,400;83,15;-25,1802;0,000;100,990;27,400;0,000;501,850;542,550;25,10;1131,183;263,183;0,000;838,900;878,500;856,700;324,950;;;;;0,00;0,00;0,00;3,00;2,27;15,334;24,692;0,57;0,47;999998,00;999998,00;999998,00;999998,00;999998,00;999998,00;999998,00;999998,00;999998,00;999998,00;999998,00;999998,00;999998,00;999998,00;999998,00;;;;;;;;;;;;;;;;;934,4252;37,70666;173,1641;0,24922689;0,24922689;0,00332;3,35848;59,9049;17,261806;0,185537;24,527904;26,517115;0,0432;4,2913;2,65;263,14;0,00;0,84;71,48;;683,192;685,754;9,3975146;17,19400;3,21500;0,02700;0,1854068;;46,61;87,00;;;
;;88;17,33800;3,07400;0,038000;77,725;82,68;-25,4801;0,000;100,992;27,400;0,000;502,650;543,450;25,10;1131,150;263,177;0,000;838,700;878,500;856,800;324,950;;;;;0,00;0,00;0,00;3,00;2,27;15,320;24,695;0,57;0,46;999998,00;999998,00;999998,00;999998,00;999998,00;999998,00;999998,00;999998,00;999998,00;999998,00;999998,00;999998,00;999998,00;999998,00;999998,00;;;;;;;;;;;;;;;;;912,1006;21,50538;101,3491;0,42654419;0,42654419;0,00677;1,91637;60,8170;16,751632;0,191193;23,840923;25,776086;0,0432;4,2985;2,69;267,44;0,01;0,82;69,87;;685,920;685,754;9,1729961;17,16700;3,23500;0,05100;0,1865121;;46,31;88,00;;;
;;89;17,33500;3,07300;0,032000;79,925;84,10;-26,0000;0,000;100,992;27,500;0,000;503,250;544,150;25,10;1130,917;263,183;0,000;838,000;878,500;856,800;325,050;;;;;0,00;0,00;0,00;3,00;2,27;15,328;24,684;0,57;0,47;999998,00;999998,00;999998,00;999998,00;999998,00;999998,00;999998,00;999998,00;999998,00;999998,00;999998,00;999998,00;999998,00;999998,00;999998,00;;;;;;;;;;;;;;;;;930,9231;21,73048;92,7669;0,43083700;0,43083700;0,00551;1,93366;61,7479;16,976925;0,174194;24,190402;26,156398;0,0400;3,9741;2,73;271,41;0,01;0,83;71,27;;688,567;691,302;9,3622937;17,14200;3,25300;0,04200;0,1878602;;45,79;89,00;;;
;;90;17,33900;3,08200;0,045000;75,075;83,72;-26,3401;0,000;100,992;27,500;0,000;504,450;545,550;25,10;1131,150;263,183;0,000;838,700;878,500;856,800;325,050;;;;;0,00;0,00;0,00;3,00;2,27;15,338;24,716;0,57;0,47;999998,00;999998,00;999998,00;999998,00;999998,00;999998,00;999998,00;999998,00;999998,00;999998,00;999998,00;999998,00;999998,00;999998,00;999998,00;;;;;;;;;;;;;;;;;903,2424;20,03780;87,7919;0,45333862;0,45333862;0,00693;1,78005;62,6512;16,434186;0,178731;23,472892;25,385343;0,0398;3,9574;2,77;275,37;0,01;0,81;69,18;;691,106;691,302;9,0839092;17,13200;3,25500;0,05300;0,1883033;;45,45;90,00;;;
;;91;17,34600;3,08700;0,031000;75,600;82,98;-26,8900;0,000;100,990;27,500;0,000;505,150;546,650;25,10;1131,517;263,183;0,000;839,800;878,500;856,800;325,050;;;;;0,00;0,00;0,00;3,00;2,27;15,370;24,700;0,57;0,47;999998,00;999998,00;999998,00;999998,00;999998,00;999998,00;999998,00;999998,00;999998,00;999998,00;999998,00;999998,00;999998,00;999998,00;999998,00;;;;;;;;;;;;;;;;;905,7947;21,30690;98,1591;0,42754110;0,42754110;0,00433;1,88978;63,5570;16,480118;0,187561;23,571159;25,507620;0,0420;4,1729;2,81;279,54;0,00;0,81;69,30;;693,451;696,293;9,1095769;17,13600;3,25000;0,03500;0,1883077;;44,90;91,00;;;
;;92;17,34100;3,09800;0,030000;80,925;84,61;-27,1602;0,000;100,992;27,500;0,000;506,150;547,850;25,10;1131,650;263,183;0,000;840,200;878,400;856,900;325,050;;;;;0,00;0,00;0,00;3,00;2,27;15,341;24,695;0,57;0,47;999998,00;999998,00;999998,00;999998,00;999998,00;999998,00;999998,00;999998,00;999998,00;999998,00;999998,00;999998,00;999998,00;999998,00;999998,00;;;;;;;;;;;;;;;;;936,3273;42,15939;174,4645;0,22335815;0,22335815;0,00388;3,74121;64,4933;17,033792;0,168128;24,411296;26,422462;0,0390;3,8747;2,85;283,42;0,00;0,84;71,63;;695,925;696,293;9,4166438;17,13600;3,25200;0,03100;0,1883281;;44,63;92,00;;;
;;93;17,33100;3,11900;0,025000;77,700;82,55;-27,4301;0,000;100,992;27,500;0,000;507,050;548,850;25,10;1131,883;263,183;0,000;840,900;878,400;856,900;325,050;;;;;0,00;0,00;0,00;3,00;2,27;15,357;24,719;0,57;0,46;999998,00;999998,00;999998,00;999998,00;999998,00;999998,00;999998,00;999998,00;999998,00;999998,00;999998,00;999998,00;999998,00;999998,00;999998,00;;;;;;;;;;;;;;;;;917,5317;21,37902;101,5644;0,43162028;0,43162028;0,00129;1,89834;65,4108;16,676109;0,192841;23,941192;25,914848;0,0438;4,3589;2,89;287,78;0,00;0,82;70,14;;698,409;700,924;9,2276167;17,13500;3,25700;0,01400;0,1885080;;44,36;93,00;;;
;;94;17,32400;3,15100;0,019000;78,825;83,78;-27,9801;0,000;100,992;27,500;0,000;507,450;549,350;25,10;1131,917;263,177;0,000;841,000;878,400;856,900;325,050;;;;;0,00;0,00;0,00;3,00;2,27;15,357;24,703;0,57;0,47;999998,00;999998,00;999998,00;999998,00;999998,00;999998,00;999998,00;999998,00;999998,00;999998,00;999998,00;999998,00;999998,00;999998,00;999998,00;;;;;;;;;;;;;;;;;925,8328;22,21000;97,2859;0,41923014;0,41923014;0,00174;1,97145;66,3367;16,789778;0,178038;24,123399;26,115261;0,0408;4,0554;2,93;291,83;0,00;0,83;70,78;;700,785;700,924;9,3111005;17,12600;3,26300;0,01700;0,1889342;;43,81;94,00;;;
;;95;17,30900;3,17000;0,018000;76,325;84,48;-28,2701;0,000;100,992;27,500;0,000;508,050;550,250;25,10;1132,150;263,177;0,000;841,900;878,300;856,800;325,050;;;;;0,00;0,00;0,00;3,00;2,27;15,341;24,695;0,57;0,47;999998,00;999998,00;999998,00;999998,00;999998,00;999998,00;999998,00;999998,00;999998,00;999998,00;999998,00;999998,00;999998,00;999998,00;999998,00;;;;;;;;;;;;;;;;;912,0104;20,92536;87,3404;0,43832397;0,43832397;0,00172;1,86875;67,2487;16,511623;0,169654;23,751798;25,724687;0,0383;3,8066;2,97;295,64;0,00;0,82;69,79;;703,081;705,426;9,1720891;17,11600;3,28800;0,01700;0,1892550;;43,52;95,00;;;
;;96;17,27600;3,18800;0,023000;77,400;83,35;-28,8501;0,000;100,996;27,500;0,000;508,750;551,250;25,10;1132,083;263,183;0,000;841,700;878,300;856,800;325,050;;;;;0,00;0,00;0,00;3,00;2,28;15,343;24,735;0,57;0,47;999998,00;999998,00;999998,00;999998,00;999998,00;999998,00;999998,00;999998,00;999998,00;999998,00;999998,00;999998,00;999998,00;999998,00;999998,00;;;;;;;;;;;;;;;;;924,9782;20,52046;91,8873;0,45332845;0,45332845;0,00363;1,83854;68,1737;16,616053;0,183103;23,934952;25,934432;0,0417;4,1419;3,01;299,78;0,00;0,83;70,88;;705,325;705,426;9,3025062;17,08100;3,32400;0,03000;0,1907705;;42,94;96,00;;;
Auswertung Test;;97;17,24600;3,21500;0,038000;76,650;83,82;-29,1301;0,000;100,992;27,500;0,000;509,550;552,050;25,10;1131,983;263,183;0,000;841,600;878,200;856,700;325,050;;;;;0,00;0,00;0,00;3,00;2,28;15,322;24,708;0,57;0,47;999998,00;999998,00;999998,00;999998,00;999998,00;999998,00;999998,00;999998,00;999998,00;999998,00;999998,00;999998,00;999998,00;999998,00;999998,00;;;;;;;;;;;;;;;;;932,1335;39,33866;168,7587;0,23830160;0,23830160;0,00609;3,52875;69,1058;16,522367;0,177520;23,837425;25,825632;0,0402;3,9988;3,06;303,78;0,01;0,84;71,51;;707,626;709,893;9,3744661;17,02400;3,37200;0,04700;0,1933898;;42,66;97,00;;;
Software;Logger2025 / 19.09.2025 10:04;98;17,22300;3,23500;0,027000;79,025;84,40;-29,4200;0,000;100,992;27,500;0,000;510,250;552,750;25,10;1132,283;263,183;0,000;842,600;878,100;856,700;325,050;;;;;0,00;0,00;0,00;3,00;2,28;15,336;24,697;0,57;0,47;999998,00;999998,00;999998,00;999998,00;999998,00;999998,00;999998,00;999998,00;999998,00;999998,00;999998,00;999998,00;999998,00;999998,00;999998,00;;;;;;;;;;;;;;;;;957,5061;21,88643;89,2706;0,43998210;0,43998210;0,00441;1,95154;70,0633;16,764876;0,170655;24,220529;26,237918;0,0393;3,9055;3,09;307,69;0,00;0,86;73,37;;710,046;709,893;9,6296386;16,98000;3,39300;0,03500;0,1958284;;42,37;98,00;;;
Auswertung Test;;99;17,19400;3,25300;0,051000;75,325;83,88;-29,9701;0,000;100,992;27,500;0,000;511,250;553,850;25,10;1132,150;263,183;0,000;842,200;878,100;856,700;325,050;;;;;0,00;0,00;0,00;3,00;2,28;15,343;24,700;0,57;0,47;999998,00;999998,00;999998,00;999998,00;999998,00;999998,00;999998,00;999998,00;999998,00;999998,00;999998,00;999998,00;999998,00;999998,00;999998,00;;;;;;;;;;;;;;;;;936,9090;21,57827;91,0754;0,43666585;0,43666585;0,00502;1,92421;71,0002;16,351685;0,176807;23,669882;25,642180;0,0398;3,9544;3,13;311,64;0,01;0,84;71,82;;712,442;714,431;9,4224933;16,96600;3,40400;0,04000;0,1964712;;41,82;99,00;;;
Test start time   [s];60;100;17,16700;3,25500;0,042000;73,525;84,23;-30,2900;0,000;100,992;27,500;0,000;512,450;555,350;25,10;1131,783;263,183;0,000;841,200;878,000;856,700;325,050;;;;;0,00;0,00;0,00;3,00;2,28;15,347;24,681;0,57;0,47;999998,00;999998,00;999998,00;999998,00;999998,00;999998,00;999998,00;999998,00;999998,00;999998,00;999998,00;999998,00;999998,00;999998,00;999998,00;;;;;;;;;;;;;;;;;927,9154;21,04994;86,6874;0,44332886;0,44332886;0,00396;1,87533;71,9281;16,136203;0,172671;23,412788;25,372801;0,0384;3,8213;3,17;315,46;0,00;0,83;71,10;;714,642;714,431;9,3320454;16,95300;3,41300;0,03300;0,1971979;;41,50;100,00;;;
Time to ignition  [s];14;101;17,14200;3,25000;0,053000;79,175;83,33;-30,8501;0,000;100,992;27,500;0,000;513,350;556,550;25,10;1131,250;263,183;0,000;839,700;877,900;856,700;325,050;;;;;0,00;0,00;0,00;3,00;2,28;15,378;24,705;0,57;0,47;999998,00;999998,00;999998,00;999998,00;999998,00;999998,00;999998,00;999998,00;999998,00;999998,00;999998,00;999998,00;999998,00;999998,00;999998,00;;;;;;;;;;;;;;;;;963,9048;23,07740;100,9263;0,42006429;0,42006429;0,00528;2,05509;72,8920;16,730035;0,183326;24,317039;26,363393;0,0424;4,2155;3,21;319,68;0,01;0,86;73,89;;716,931;719,104;9,6939906;16,94400;3,41800;0,04100;0,1975838;;40,94;101,00;;;
Time to flame out [s];202;102;17,13200;3,25200;0,035000;79,375;84,81;-31,1401;0,000;100,992;27,500;0,000;514,450;557,750;25,10;1131,017;263,183;0,000;839,200;877,800;856,600;325,050;;;;;0,00;0,00;0,00;3,00;2,28;15,393;24,697;0,57;0,48;999998,00;999998,00;999998,00;999998,00;999998,00;999998,00;999998,00;999998,00;999998,00;999998,00;999998,00;999998,00;999998,00;999998,00;999998,00;;;;;;;;;;;;;;;;;966,0644;21,67071;85,7005;0,44833374;0,44833374;0,00336;1,93274;73,8581;16,733234;0,165756;24,373804;26,425288;0,0384;3,8205;3,25;323,50;0,00;0,87;74,03;;719,363;719,104;9,7157095;16,93700;3,43000;0,02800;0,1979959;;40,65;102,00;;;
Time end of test  [s];306;103;17,13600;3,25700;0,031000;80,275;84,32;-31,7301;0,000;100,992;27,500;0,000;515,250;558,750;25,10;1131,250;263,183;0,000;840,000;877,700;856,600;325,050;;;;;0,00;0,00;0,00;3,00;2,28;15,420;24,700;0,57;0,47;999998,00;999998,00;999998,00;999998,00;999998,00;999998,00;999998,00;999998,00;999998,00;999998,00;999998,00;999998,00;999998,00;999998,00;999998,00;;;;;;;;;;;;;;;;;974,9112;23,20883;94,7451;0,42245483;0,42245483;0,00412;2,06845;74,8330;16,814763;0,171527;24,530648;26,601649;0,0400;3,9799;3,29;327,48;0,00;0,87;74,72;;721,801;723,964;9,8046817;16,91900;3,44200;0,03300;0,1988583;;40,06;103,00;;;
Masses;;104;17,13600;3,26300;0,014000;74,125;84,56;-31,9501;0,000;100,992;27,500;0,000;516,350;560,050;25,10;1131,417;263,183;0,000;840,600;877,700;856,500;325,050;;;;;0,00;0,00;0,00;3,00;2,28;15,385;24,695;0,57;0,48;999998,00;999998,00;999998,00;999998,00;999998,00;999998,00;999998,00;999998,00;999998,00;999998,00;999998,00;999998,00;999998,00;999998,00;999998,00;;;;;;;;;;;;;;;;;938,9103;43,91368;176,1388;0,21502686;0,21502686;0,00267;3,91352;75,7719;16,140607;0,168696;23,597409;25,594517;0,0379;3,7660;3,33;331,24;0,00;0,84;71,94;;724,062;723,964;9,4426207;16,90700;3,45300;0,02400;0,1995270;;39,84;104,00;;;
Mass sust.flaming [g];71,72;105;17,13500;3,28800;0,017000;78,525;83,62;-32,2601;0,000;100,992;27,500;0,000;516,850;560,750;25,10;1131,217;263,183;0,000;840,200;877,600;856,400;325,050;;;;;0,00;0,00;0,00;3,00;2,28;15,379;24,695;0,57;0,47;999998,00;999998,00;999998,00;999998,00;999998,00;999998,00;999998,00;999998,00;999998,00;999998,00;999998,00;999998,00;999998,00;999998,00;999998,00;;;;;;;;;;;;;;;;;969,8040;21,59486;92,0904;0,45164998;0,45164998;0,00319;1,92690;76,7417;16,604711;0,179854;24,299431;26,363367;0,0416;4,1357;3,37;335,38;0,00;0,87;74,34;;726,255;728,695;9,7533192;16,88900;3,47100;0,02700;0,2003491;;39,53;105,00;;;
Mass remaining    [g];-0,05;106;17,12600;3,32400;0,017000;73,250;85,28;-32,8000;0,000;100,994;27,500;0,000;518,050;562,250;25,10;1130,817;263,183;0,000;839,000;877,600;856,400;325,050;;;;;0,00;0,00;0,00;3,00;2,28;15,420;24,711;0,57;0,48;999998,00;999998,00;999998,00;999998,00;999998,00;999998,00;999998,00;999998,00;999998,00;999998,00;999998,00;999998,00;999998,00;999998,00;999998,00;;;;;;;;;;;;;;;;;943,7324;22,33321;84,3507;0,42497762;0,42497762;0,00393;2,00155;77,6855;16,018711;0,160252;23,496302;25,501006;0,0358;3,5644;3,41;338,94;0,00;0,85;72,42;;728,430;728,695;9,4911165;16,84900;3,51600;0,03300;0,2021328;;38,99;106,00;;;
Mass loss test    [g];71,77;107;17,11600;3,37200;0,030000;78,050;85,15;-33,1101;0,000;100,992;27,500;0,000;518,750;563,150;25,10;1130,750;263,183;0,000;839,000;877,500;856,300;325,050;;;;;0,00;0,00;0,00;3,00;2,28;15,379;24,724;0,57;0,48;999998,00;999998,00;999998,00;999998,00;999998,00;999998,00;999998,00;999998,00;999998,00;999998,00;999998,00;999998,00;999998,00;999998,00;999998,00;;;;;;;;;;;;;;;;;983,7966;23,14008;87,4527;0,42757161;0,42757161;0,00551;2,06637;78,6692;16,524069;0,161788;24,270313;26,347617;0,0374;3,7180;3,45;342,66;0,01;0,88;75,51;;730,629;733,333;9,8940426;16,80500;3,54000;0,04300;0,2043163;;38,68;107,00;;;
Mass loss rate test [g/s];0,29;108;17,08100;3,39300;0,047000;77,825;83,48;-33,6501;0,000;100,992;27,500;0,000;519,650;564,050;25,10;1132,283;263,183;0,000;843,800;877,400;856,200;325,050;;;;;0,00;0,00;0,00;3,00;2,29;15,374;24,737;0,57;0,47;999998,00;999998,00;999998,00;999998,00;999998,00;999998,00;999998,00;999998,00;999998,00;999998,00;999998,00;999998,00;999998,00;999998,00;999998,00;;;;;;;;;;;;;;;;;986,2418;24,74724;104,6327;0,40079753;0,40079753;0,00433;2,20626;79,6555;16,485940;0,181579;24,256320;26,328831;0,0419;4,1699;3,49;346,83;0,00;0,88;75,66;;732,985;733,333;9,9186341;16,78700;3,55100;0,03500;0,2053183;;38,14;108,00;;;
Mass loss rate 10/90 [g/s];0,43;109;17,02400;3,40400;0,035000;75,225;83,51;-33,9301;0,000;100,994;27,500;0,000;520,550;565,150;25,10;1133,950;263,183;0,000;848,900;877,400;856,100;325,050;;;;;0,00;0,00;0,00;3,00;2,29;15,366;24,716;0,57;0,47;999998,00;999998,00;999998,00;999998,00;999998,00;999998,00;999998,00;999998,00;999998,00;999998,00;999998,00;999998,00;999998,00;999998,00;999998,00;;;;;;;;;;;;;;;;;969,5371;21,43299;90,5651;0,45493571;0,45493571;0,00426;1,90986;80,6250;16,194199;0,181256;23,868339;25,913345;0,0412;4,0968;3,53;350,93;0,00;0,87;74,37;;735,232;737,798;9,7506348;16,78400;3,55200;0,03500;0,2054803;;37,86;109,00;;;
Values;;110;16,98000;3,41300;0,040000;74,425;84,80;-34,5500;0,000;100,994;27,500;0,000;521,650;566,750;25,10;1135,417;263,183;0,000;853,300;877,400;856,100;325,050;;;;;0,00;0,00;0,00;3,00;2,29;15,381;24,721;0,57;0,48;999998,00;999998,00;999998,00;999998,00;999998,00;999998,00;999998,00;999998,00;999998,00;999998,00;999998,00;999998,00;999998,00;999998,00;999998,00;;;;;;;;;;;;;;;;;964,7095;19,93466;77,1837;0,48669434;0,48669434;0,00466;1,78347;81,5897;16,090866;0,165850;23,766153;25,820890;0,0376;3,7352;3,57;354,66;0,00;0,87;74,06;;737,340;737,798;9,7020839;16,77500;3,57100;0,03800;0,2057767;;37,24;110,00;;;
THR   [MJ/m²];171,9;111;16,96600;3,41800;0,033000;76,450;83,30;-34,8501;0,000;100,994;27,500;0,000;522,450;567,750;25,10;1134,383;263,183;0,000;850,400;877,300;856,000;325,050;;;;;0,00;0,00;0,00;3,00;2,29;15,378;24,695;0,57;0,47;999998,00;999998,00;999998,00;999998,00;999998,00;999998,00;999998,00;999998,00;999998,00;999998,00;999998,00;999998,00;999998,00;999998,00;999998,00;;;;;;;;;;;;;;;;;980,8636;37,44976;160,3185;0,26340739;0,26340739;0,00500;3,33254;82,5706;16,295811;0,183774;24,105769;26,195904;0,0422;4,1990;3,61;358,86;0,01;0,88;75,25;;739,461;742,075;9,8645448;16,76100;3,56600;0,04000;0,2066089;;36,94;111,00;;;
TSP   [m²];7,2;112;16,95300;3,43000;0,041000;75,225;83,17;-35,1702;0,000;100,994;27,500;0,000;523,150;568,550;25,10;1133,717;263,183;0,000;848,500;877,300;855,900;325,050;;;;;0,00;0,00;0,00;3,00;2,29;15,400;24,721;0,57;0,47;999998,00;999998,00;999998,00;999998,00;999998,00;999998,00;999998,00;999998,00;999998,00;999998,00;999998,00;999998,00;999998,00;999998,00;999998,00;;;;;;;;;;;;;;;;;968,2451;21,05417;91,4139;0,46250407;0,46250407;0,00225;1,86540;83,5388;16,153907;0,185347;23,927872;26,004381;0,0423;4,2040;3,65;363,07;0,00;0,86;74,17;;741,560;742,075;9,7376407;16,78500;3,53600;0,02100;0,2057222;;36,62;112,00;;;
TSR   [m²/m²];713,8;113;16,94400;3,44200;0,028000;75,050;85,85;-35,7301;0,000;100,994;27,500;0,000;523,950;569,350;25,10;1132,783;263,183;0,000;846,000;877,100;855,800;325,050;;;;;0,00;0,00;0,00;3,00;2,29;15,391;24,697;0,57;0,49;999998,00;999998,00;999998,00;999998,00;999998,00;999998,00;999998,00;999998,00;999998,00;999998,00;999998,00;999998,00;999998,00;999998,00;999998,00;;;;;;;;;;;;;;;;;959,9213;22,15524;80,3773;0,43574015;0,43574015;0,00395;1,98069;84,4988;16,122784;0,153619;23,918291;25,990799;0,0350;3,4825;3,69;366,55;0,00;0,86;73,66;;743,529;746,116;9,6539286;16,80600;3,54400;0,03300;0,2043189;;36,06;113,00;;;
TSR   [m²/m² (none flaming phase)];206,2;114;16,93700;3,45300;0,033000;76,225;84,54;-36,0400;0,000;100,994;27,500;0,000;525,150;570,850;25,10;1132,783;263,183;0,000;846,200;877,000;855,700;325,050;;;;;0,00;0,00;0,00;3,00;2,29;15,349;24,687;0,57;0,48;999998,00;999998,00;999998,00;999998,00;999998,00;999998,00;999998,00;999998,00;999998,00;999998,00;999998,00;999998,00;999998,00;999998,00;999998,00;;;;;;;;;;;;;;;;;972,6236;23,05721;91,6192;0,42423503;0,42423503;0,00355;2,06375;85,4714;16,229929;0,168911;24,132386;26,232454;0,0389;3,8648;3,73;370,41;0,00;0,88;74,65;;745,483;746,116;9,7816756;16,77800;3,57100;0,03000;0,2056845;;35,75;114,00;;;
TSR   [m²/m² (flaming phase)];507,6;115;16,91900;3,47100;0,024000;77,200;82,46;-36,5802;0,000;100,994;27,500;0,000;525,450;571,050;25,10;1132,117;263,183;0,000;844,500;876,900;855,500;325,050;;;;;0,00;0,00;0,00;3,00;2,29;15,395;24,716;0,57;0,47;999998,00;999998,00;999998,00;999998,00;999998,00;999998,00;999998,00;999998,00;999998,00;999998,00;999998,00;999998,00;999998,00;999998,00;999998,00;;;;;;;;;;;;;;;;;984,9053;23,96024;108,6421;0,41340129;0,41340129;0,00242;2,13617;86,4563;16,328735;0,193931;24,293172;26,401400;0,0449;4,4658;3,77;374,88;0,00;0,88;75,53;;747,512;750,052;9,9051924;16,75400;3,58000;0,02200;0,2070498;;35,21;115,00;;;
MARHE [kW / m²];900,5;116;16,90700;3,51600;0,027000;76,725;81,21;-36,8801;0,000;100,992;27,500;0,000;525,550;570,950;25,10;1131,817;263,183;0,000;843,700;876,800;855,500;325,050;;;;;0,00;0,00;0,00;3,00;2,29;15,358;24,724;0,57;0,46;999998,00;999998,00;999998,00;999998,00;999998,00;999998,00;999998,00;999998,00;999998,00;999998,00;999998,00;999998,00;999998,00;999998,00;999998,00;;;;;;;;;;;;;;;;;983,3359;21,35085;104,1989;0,46318563;0,46318563;0,00327;1,90697;87,4396;16,276875;0,209100;24,220624;26,312939;0,0483;4,7990;3,82;379,68;0,00;0,88;75,45;;749,551;750,052;9,8894091;16,74500;3,59200;0,02800;0,2073862;;34,91;116,00;;;
Results HRR;;117;16,88900;3,54000;0,033000;76,725;81,21;-37,4900;0,000;100,992;27,500;0,000;525,550;570,950;25,10;1131,583;263,183;0,000;843,300;876,700;855,300;325,050;;;;;0,00;0,00;0,00;3,00;2,29;15,431;24,713;0,57;0,46;999998,00;999998,00;999998,00;999998,00;999998,00;999998,00;999998,00;999998,00;999998,00;999998,00;999998,00;999998,00;999998,00;999998,00;999998,00;;;;;;;;;;;;;;;;;987,2547;21,50632;104,5410;0,46166992;0,46166992;0,00385;1,93051;88,4269;16,276875;0,209100;24,220624;26,312939;0,0483;4,7990;3,87;384,48;0,00;0,89;75,83;;751,566;754,087;9,9288204;16,72400;3,62400;0,03200;0,2082311;;34,30;117,00;;;
HRR max [kW/m²];1417,7;118;16,84900;3,55100;0,043000;73,825;83,01;-37,7601;0,000;100,988;27,500;0,000;526,450;571,950;25,10;1131,283;263,183;0,000;842,700;876,500;855,200;325,050;;;;;0,00;0,00;0,00;3,00;2,29;15,410;24,724;0,57;0,47;999998,00;999998,00;999998,00;999998,00;999998,00;999998,00;999998,00;999998,00;999998,00;999998,00;999998,00;999998,00;999998,00;999998,00;999998,00;;;;;;;;;;;;;;;;;979,4391;39,64283;170,7521;0,24847412;0,24847412;0,00293;3,56955;89,4063;15,952647;0,187224;23,778813;25,833966;0,0424;4,2187;3,91;388,70;0,00;0,89;75,27;;753,531;754,087;9,8502186;16,67000;3,67900;0,02600;0,2108372;;34,03;118,00;;;
Max at [s];173;119;16,80500;3,55200;0,035000;73,350;83,51;-38,0802;0,000;100,994;27,400;0,000;527,050;572,650;25,10;1130,817;263,183;0,000;841,600;876,400;855,000;325,050;;;;;0,00;0,00;0,00;3,00;2,29;15,364;24,732;0,58;0,48;999998,00;999998,00;999998,00;999998,00;999998,00;999998,00;999998,00;999998,00;999998,00;999998,00;999998,00;999998,00;999998,00;999998,00;999998,00;;;;;;;;;;;;;;;;;987,1068;21,98015;90,7141;0,45164998;0,45164998;0,00488;1,96766;90,3934;15,892190;0,181263;23,715694;25,767559;0,0410;4,0739;3,95;392,77;0,00;0,89;75,86;;755,461;758,004;9,9273332;16,62000;3,70000;0,04000;0,2133524;;33,71;119,00;;;
HRR 060s [kW/m²];779,8;120;16,78700;3,57100;0,035000;73,925;83,26;-38,6201;0,000;100,994;27,400;0,000;527,450;573,150;25,10;1130,883;263,183;0,000;842,000;876,300;854,900;325,050;;;;;0,00;0,00;0,00;3,00;2,30;15,393;24,697;0,58;0,48;999998,00;999998,00;999998,00;999998,00;999998,00;999998,00;999998,00;999998,00;999998,00;999998,00;999998,00;999998,00;999998,00;999998,00;999998,00;;;;;;;;;;;;;;;;;996,1473;23,34837;97,4471;0,42907715;0,42907715;0,00391;2,09442;91,3896;15,948308;0,184173;23,817501;25,881127;0,0418;4,1575;3,99;396,93;0,00;0,90;76,56;;757,429;758,004;10,0182538;16,59500;3,72800;0,03300;0,2145751;;33,17;120,00;;;
HRR 120s [kW/m²];869,6;121;16,78400;3,56600;0,038000;74,500;83,57;-38,9501;0,000;100,994;27,400;0,000;528,050;573,950;25,10;1131,083;263,183;0,000;842,800;876,200;854,800;325,050;;;;;0,00;0,00;0,00;3,00;2,30;15,391;24,721;0,58;0,48;999998,00;999998,00;999998,00;999998,00;999998,00;999998,00;999998,00;999998,00;999998,00;999998,00;999998,00;999998,00;999998,00;999998,00;999998,00;;;;;;;;;;;;;;;;;1008,8466;20,91709;84,9021;0,48505656;0,48505656;0,00463;1,87653;92,3984;16,001114;0,180547;23,923544;26,003065;0,0412;4,0949;4,03;401,02;0,00;0,91;77,57;;759,455;761,971;10,1459706;16,55200;3,76300;0,03800;0,2166398;;32,84;121,00;;;
HRR 180s [kW/m²];941,9;122;16,77500;3,53600;0,040000;75,125;82,86;-39,5702;0,000;100,994;27,400;0,000;528,850;575,150;25,10;1131,417;263,183;0,000;843,900;876,200;854,700;325,050;;;;;0,00;0,00;0,00;3,00;2,30;15,395;24,724;0,58;0,48;999998,00;999998,00;999998,00;999998,00;999998,00;999998,00;999998,00;999998,00;999998,00;999998,00;999998,00;999998,00;999998,00;999998,00;999998,00;;;;;;;;;;;;;;;;;1022,6799;22,85411;96,3458;0,45003255;0,45003255;0,00252;2,04808;93,4211;16,055935;0,189045;24,041877;26,146706;0,0434;4,3113;4,08;405,33;0,00;0,92;78,60;;761,555;761,971;10,2850920;16,50900;3,79700;0,02300;0,2189102;;32,22;122,00;;;
HRR 240s [kW/m²];712,2;123;16,76100;3,54400;0,021000;75,800;84,07;-39,8601;0,000;100,994;27,400;0,000;529,850;576,250;25,10;1130,483;263,183;0,000;841,300;876,100;854,600;325,050;;;;;0,00;0,00;0,00;3,00;2,30;15,452;24,727;0,58;0,48;999998,00;999998,00;999998,00;999998,00;999998,00;999998,00;999998,00;999998,00;999998,00;999998,00;999998,00;999998,00;999998,00;999998,00;999998,00;;;;;;;;;;;;;;;;;1032,2631;22,09439;85,6766;0,46986898;0,46986898;0,00409;1,98168;94,4534;16,112678;0,174568;24,172465;26,289295;0,0403;4,0029;4,12;409,34;0,00;0,93;79,39;;763,717;766,175;10,3814700;16,48000;3,82200;0,03400;0,2202138;;31,93;123,00;;;
HRR 300s [kW/m²];--;124;16,78500;3,57100;0,033000;75,550;83,39;-40,5000;0,000;100,994;27,400;0,000;530,250;576,950;25,10;1130,083;263,183;0,000;840,400;876,000;854,400;325,050;;;;;0,00;0,00;0,00;3,00;2,30;15,420;24,721;0,58;0,48;999998,00;999998,00;999998,00;999998,00;999998,00;999998,00;999998,00;999998,00;999998,00;999998,00;999998,00;999998,00;999998,00;999998,00;999998,00;;;;;;;;;;;;;;;;;1038,2092;22,33384;90,0289;0,46750895;0,46750895;0,00508;2,00608;95,4916;16,080017;0,182664;24,141678;26,267875;0,0421;4,1851;4,16;413,52;0,01;0,94;79,90;;765,907;766,175;10,4412696;16,44200;3,85700;0,04100;0,2219727;;31,29;124,00;;;
HRR 360s [kW/m²];--;125;16,80600;3,58000;0,030000;73,125;84,84;-40,7501;0,000;100,992;27,400;0,000;531,350;578,250;25,10;1130,217;263,183;0,000;840,800;876,000;854,400;325,050;;;;;0,00;0,00;0,00;3,00;2,30;15,391;24,721;0,58;0,49;999998,00;999998,00;999998,00;999998,00;999998,00;999998,00;999998,00;999998,00;999998,00;999998,00;999998,00;999998,00;999998,00;999998,00;999998,00;;;;;;;;;;;;;;;;;1027,3814;43,32880;157,4673;0,23846436;0,23846436;0,00429;3,89168;96,5190;15,803460;0,165444;23,775691;25,874270;0,0376;3,7338;4,20;417,25;0,00;0,93;79,07;;768,042;770,394;10,3323752;16,41100;3,88300;0,03600;0,2235371;;31,04;125,00;;;
HRR Test [kW/m²];736,5;126;16,77800;3,59200;0,022000;74,625;83,10;-41,0802;0,000;100,994;27,400;0,000;532,350;579,550;25,10;1130,150;263,183;0,000;840,800;875,900;854,300;325,050;;;;;0,00;0,00;0,00;3,00;2,30;15,416;24,727;0,58;0,48;999998,00;999998,00;999998,00;999998,00;999998,00;999998,00;999998,00;999998,00;999998,00;999998,00;999998,00;999998,00;999998,00;999998,00;999998,00;;;;;;;;;;;;;;;;;1042,1051;22,21990;90,5921;0,47166951;0,47166951;0,00405;1,98627;97,5611;15,949723;0,186118;24,040898;26,172446;0,0427;4,2487;4,24;421,50;0,00;0,94;80,15;;770,159;770,394;10,4804511;16,39100;3,88400;0,03400;0,2246878;;30,71;126,00;;;
Results EHC;;127;16,75400;3,62400;0,028000;70,550;83,70;-41,6401;0,000;100,992;27,400;0,000;533,150;580,650;25,10;1130,583;263,183;0,000;842,300;875,800;854,200;325,050;;;;;0,00;0,00;0,00;3,00;2,30;15,437;24,703;0,58;0,48;999998,00;999998,00;999998,00;999998,00;999998,00;999998,00;999998,00;999998,00;999998,00;999998,00;999998,00;999998,00;999998,00;999998,00;999998,00;;;;;;;;;;;;;;;;;1010,7181;23,41675;92,1321;0,43408203;0,43408203;0,00558;2,09694;98,5718;15,496492;0,178953;23,392847;25,476989;0,0400;3,9766;4,28;425,48;0,01;0,91;77,79;;772,177;774,309;10,1647915;16,39600;3,88400;0,04600;0,2242858;;30,15;127,00;;;
EHC max [MJ/kg];89,9;128;16,74500;3,67900;0,032000;71,800;84,18;-41,9601;0,000;100,994;27,400;0,000;534,350;582,050;25,10;1130,683;263,183;0,000;842,600;875,800;854,200;325,050;;;;;0,00;0,00;0,00;3,00;2,30;15,414;24,716;0,58;0,49;999998,00;999998,00;999998,00;999998,00;999998,00;999998,00;999998,00;999998,00;999998,00;999998,00;999998,00;999998,00;999998,00;999998,00;999998,00;;;;;;;;;;;;;;;;;1021,9778;21,59744;82,1766;0,47589111;0,47589111;0,00452;1,93797;99,5938;15,615608;0,173237;23,625717;25,734721;0,0391;3,8885;4,32;429,37;0,00;0,92;78,66;;774,084;774,309;10,2780305;16,38000;3,90500;0,03800;0,2250719;;29,83;128,00;;;
Max at [s];15;129;16,72400;3,70000;0,026000;72,625;83,82;-42,5802;0,000;100,992;27,400;0,000;535,450;583,650;25,10;1130,717;263,183;0,000;842,600;875,800;854,300;325,050;;;;;0,00;0,00;0,00;3,00;2,30;15,452;24,721;0,58;0,49;999998,00;999998,00;999998,00;999998,00;999998,00;999998,00;999998,00;999998,00;999998,00;999998,00;999998,00;999998,00;999998,00;999998,00;999998,00;;;;;;;;;;;;;;;;;1029,5852;22,43042;87,4265;0,46162923;0,46162923;0,00703;2,00983;100,6233;15,688926;0,177458;23,785506;25,926624;0,0404;4,0130;4,36;433,38;0,01;0,93;79,29;;776,035;778,121;10,3545380;16,36500;3,91000;0,05600;0,2257038;;29,21;129,00;;;
EHC 060s [MJ/kg];26,7;130;16,67000;3,72800;0,040000;73,875;84,49;-42,8900;0,000;100,988;27,400;0,000;536,650;585,150;25,10;1131,183;263,183;0,000;844,100;875,700;854,300;325,050;;;;;0,00;0,00;0,00;3,00;2,30;15,448;24,721;0,59;0,49;999998,00;999998,00;999998,00;999998,00;999998,00;999998,00;999998,00;999998,00;999998,00;999998,00;999998,00;999998,00;999998,00;999998,00;999998,00;;;;;;;;;;;;;;;;;1039,9800;21,49588;80,0463;0,48656209;0,48656209;0,00527;1,92850;101,6633;15,805666;0,169552;24,016194;26,186670;0,0389;3,8727;4,40;437,25;0,01;0,94;80,07;;778,026;778,121;10,4590785;16,35400;3,92500;0,04300;0,2263117;;28,90;130,00;;;
EHC 120s [MJ/kg];25,8;131;16,62000;3,76300;0,033000;71,100;84,16;-43,5400;0,000;100,988;27,400;0,000;537,250;585,950;25,10;1131,083;263,183;0,000;843,800;875,700;854,300;325,050;;;;;0,00;0,00;0,00;3,00;2,30;15,465;24,732;0,59;0,49;999998,00;999998,00;999998,00;999998,00;999998,00;999998,00;999998,00;999998,00;999998,00;999998,00;999998,00;999998,00;999998,00;999998,00;999998,00;;;;;;;;;;;;;;;;;1024,0914;21,71964;82,4975;0,47419230;0,47419230;0,00640;1,95172;102,6874;15,497305;0,173453;23,573979;25,710884;0,0391;3,8898;4,44;441,14;0,01;0,93;78,90;;779,965;781,918;10,2992874;16,33100;3,94800;0,05200;0,2273125;;28,25;131,00;;;
EHC 180s [MJ/kg];26,1;132;16,59500;3,79700;0,038000;73,275;83,77;-43,8000;0,000;100,992;27,400;0,000;538,450;587,250;25,10;1130,750;263,183;0,000;842,900;875,600;854,300;325,050;;;;;0,00;0,00;0,00;3,00;2,31;15,437;24,743;0,59;0,49;999998,00;999998,00;999998,00;999998,00;999998,00;999998,00;999998,00;999998,00;999998,00;999998,00;999998,00;999998,00;999998,00;999998,00;999998,00;;;;;;;;;;;;;;;;;1047,8175;39,87980;154,4686;0,26424154;0,26424154;0,00496;3,59536;103,7352;15,715016;0,178077;23,958546;26,129923;0,0408;4,0586;4,48;445,20;0,00;0,95;80,76;;781,904;781,918;10,5379009;16,28800;3,99600;0,04100;0,2294050;;27,99;132,00;;;
EHC 240s [MJ/kg];19,7;133;16,55200;3,82200;0,023000;75,550;83,20;-44,1702;0,000;100,988;27,400;0,000;539,150;588,350;25,10;1130,417;263,183;0,000;842,000;875,600;854,200;325,150;;;;;0,00;0,00;0,00;3,00;2,31;15,437;24,735;0,59;0,49;999998,00;999998,00;999998,00;999998,00;999998,00;999998,00;999998,00;999998,00;999998,00;999998,00;999998,00;999998,00;999998,00;999998,00;999998,00;;;;;;;;;;;;;;;;;1075,3168;21,20273;84,5140;0,51005046;0,51005046;0,00461;1,90640;104,8106;15,946744;0,184986;24,343438;26,564893;0,0431;4,2862;4,52;449,49;0,00;0,97;82,86;;784,007;785,945;10,8144609;16,23600;4,03000;0,03800;0,2320676;;27,62;133,00;;;
EHC 300s [MJ/kg];--;134;16,50900;3,85700;0,034000;73,550;83,96;-44,7601;0,000;100,988;27,400;0,000;540,050;589,450;25,10;1130,283;263,183;0,000;841,700;875,500;854,200;325,150;;;;;0,00;0,00;0,00;3,00;2,31;15,482;24,735;0,59;0,49;999998,00;999998,00;999998,00;999998,00;999998,00;999998,00;999998,00;999998,00;999998,00;999998,00;999998,00;999998,00;999998,00;999998,00;999998,00;;;;;;;;;;;;;;;;;1066,3726;23,19047;87,5278;0,46245321;0,46245321;0,00219;2,07963;105,8769;15,721137;0,175868;24,039100;26,238028;0,0405;4,0248;4,56;453,51;0,00;0,96;82,10;;786,147;785,945;10,7245091;16,21200;4,04300;0,02100;0,2334721;;27,03;134,00;;;
EHC 360s [MJ/kg];--;135;16,48000;3,88300;0,041000;75,875;84,24;-45,1001;0,000;100,988;27,400;0,000;540,850;590,450;25,10;1131,283;263,183;0,000;844,800;875,500;854,100;325,150;;;;;0,00;0,00;0,00;3,00;2,31;15,458;24,732;0,59;0,49;999998,00;999998,00;999998,00;999998,00;999998,00;999998,00;999998,00;999998,00;999998,00;999998,00;999998,00;999998,00;999998,00;999998,00;999998,00;;;;;;;;;;;;;;;;;1084,7753;23,37931;86,4856;0,46663411;0,46663411;0,00208;2,09963;106,9617;15,955872;0,172473;24,434173;26,674969;0,0404;4,0128;4,60;457,53;0,00;0,98;83,54;;788,291;790,302;10,9095850;16,20000;4,05800;0,02000;0,2340202;;26,69;135,00;;;
EHC Test [MJ/kg];24,1;136;16,44200;3,88400;0,036000;73,900;84,47;-45,6901;0,000;100,996;27,400;0,000;541,950;591,850;25,10;1131,450;263,183;0,000;845,400;875,400;854,100;325,150;;;;;0,00;0,00;0,00;3,00;2,31;15,496;24,740;0,59;0,50;999998,00;999998,00;999998,00;999998,00;999998,00;999998,00;999998,00;999998,00;999998,00;999998,00;999998,00;999998,00;999998,00;999998,00;999998,00;;;;;;;;;;;;;;;;;1074,1973;23,96583;87,1001;0,45077515;0,45077515;0,00261;2,15461;108,0359;15,730851;0,169793;24,138579;26,361138;0,0393;3,9040;4,64;461,43;0,00;0,97;82,76;;790,432;790,302;10,8032026;16,17700;4,08000;0,02400;0,2350789;;26,10;136,00;;;
Results MLR;;137;16,41100;3,88400;0,034000;69,025;84,96;-46,0100;0,000;100,988;27,400;0,000;543,050;593,450;25,10;1130,983;263,183;0,000;844,100;875,400;854,000;325,150;;;;;0,00;0,00;0,00;3,00;2,31;15,460;24,724;0,59;0,50;999998,00;999998,00;999998,00;999998,00;999998,00;999998,00;999998,00;999998,00;999998,00;999998,00;999998,00;999998,00;999998,00;999998,00;999998,00;;;;;;;;;;;;;;;;;1042,1902;22,18058;77,6733;0,47254435;0,47254435;0,00372;1,99818;109,0781;15,187731;0,163961;23,352479;25,519802;0,0367;3,6496;4,68;465,08;0,00;0,94;80,35;;792,387;794,290;10,4813064;16,15000;4,10800;0,03300;0,2362598;;25,78;137,00;;;
MLR max [g/s];0,8133;138;16,39100;3,90500;0,046000;72,725;82,89;-46,6301;0,000;100,992;27,500;0,000;544,150;594,750;25,10;1130,583;263,183;0,000;843,000;875,300;854,000;325,150;;;;;0,00;0,00;0,00;3,00;2,31;15,481;24,724;0,59;0,49;999998,00;999998,00;999998,00;999998,00;999998,00;999998,00;999998,00;999998,00;999998,00;999998,00;999998,00;999998,00;999998,00;999998,00;999998,00;;;;;;;;;;;;;;;;;1078,9837;23,29258;93,1785;0,46587118;0,46587118;0,00396;2,10493;110,1571;15,573713;0,188695;23,994464;26,225687;0,0434;4,3163;4,72;469,40;0,00;0,98;83,25;;794,330;794,290;10,8513394;16,10000;4,16000;0,03400;0,2385957;;25,16;138,00;;;
Max at [s];177;139;16,39600;3,91000;0,038000;73,825;85,00;-46,9501;0,000;100,992;27,500;0,000;544,750;595,450;25,10;1130,550;263,183;0,000;842,900;875,300;854,000;325,150;;;;;0,00;0,00;0,00;3,00;2,31;15,488;24,737;0,59;0,50;999998,00;999998,00;999998,00;999998,00;999998,00;999998,00;999998,00;999998,00;999998,00;999998,00;999998,00;999998,00;999998,00;999998,00;999998,00;;;;;;;;;;;;;;;;;1098,0659;21,97695;75,5037;0,50249227;0,50249227;0,00523;1,98140;111,2551;15,682406;0,163585;24,188571;26,439806;0,0379;3,7725;4,76;473,17;0,01;1,00;84,75;;796,447;798,259;11,0432485;16,04700;4,19400;0,04300;0,2411974;;24,84;139,00;;;
MLR 060s [g/s];0,3358;140;16,38000;3,92500;0,056000;73,950;84,51;-47,6201;0,000;100,992;27,500;0,000;545,950;596,850;25,10;1130,650;263,183;0,000;843,300;875,200;854,000;325,150;;;;;0,00;0,00;0,00;3,00;2,31;15,448;24,719;0,60;0,50;999998,00;999998,00;999998,00;999998,00;999998,00;999998,00;999998,00;999998,00;999998,00;999998,00;999998,00;999998,00;999998,00;999998,00;999998,00;;;;;;;;;;;;;;;;;1104,9690;22,26385;78,8357;0,49913534;0,49913534;0,00426;2,00769;112,3601;15,678418;0,169308;24,235690;26,495232;0,0393;3,9127;4,80;477,08;0,00;1,00;85,28;;798,626;798,259;11,1126727;16,01500;4,22200;0,03600;0,2428150;;24,17;140,00;;;
MLR 120s [g/s];0,3743;141;16,36500;3,94800;0,043000;72,675;83,26;-47,9000;0,000;100,992;27,500;0,000;546,450;597,750;25,10;1130,383;263,183;0,000;842,500;875,200;854,000;325,150;;;;;0,00;0,00;0,00;3,00;2,31;15,498;24,732;0,60;0,49;999998,00;999998,00;999998,00;999998,00;999998,00;999998,00;999998,00;999998,00;999998,00;999998,00;999998,00;999998,00;999998,00;999998,00;999998,00;;;;;;;;;;;;;;;;;1103,8316;43,96663;168,2655;0,25249227;0,25249227;0,00614;3,98266;113,4639;15,535560;0,184205;24,036853;26,293401;0,0425;4,2245;4,84;481,31;0,01;1,01;85,31;;800,794;802,552;11,1012346;15,96800;4,27500;0,05000;0,2448477;;23,89;141,00;;;
MLR 180s [g/s];0,3962;142;16,35400;3,99600;0,052000;66,275;84,54;-48,2401;0,000;100,992;27,500;0,000;547,750;599,350;25,10;1130,283;263,183;0,000;842,300;875,200;853,900;325,150;;;;;0,00;0,00;0,00;3,00;2,31;15,461;24,745;0,60;0,50;999998,00;999998,00;999998,00;999998,00;999998,00;999998,00;999998,00;999998,00;999998,00;999998,00;999998,00;999998,00;999998,00;999998,00;999998,00;;;;;;;;;;;;;;;;;1067,0516;20,80121;72,2571;0,51589966;0,51589966;0,00416;1,89482;114,5310;14,818126;0,168996;22,981371;25,146298;0,0373;3,7066;4,88;485,01;0,00;0,98;82,53;;802,799;802,552;10,7313380;15,89700;4,35600;0,03700;0,2482337;;23,55;142,00;;;
MLR 240s [g/s];0,2979;143;16,33100;4,03000;0,041000;72,275;82,50;-48,8801;0,000;100,998;27,500;0,000;548,750;600,650;25,10;1130,317;263,183;0,000;842,500;875,100;853,900;325,150;;;;;0,00;0,00;0,00;3,00;2,31;15,473;24,716;0,60;0,49;999998,00;999998,00;999998,00;999998,00;999998,00;999998,00;999998,00;999998,00;999998,00;999998,00;999998,00;999998,00;999998,00;999998,00;999998,00;;;;;;;;;;;;;;;;;1132,0809;21,92923;85,8831;0,51918538;0,51918538;0,00461;1,98859;115,6631;15,460245;0,193329;24,021006;26,292878;0,0446;4,4337;4,92;489,45;0,00;1,03;87,55;;804,874;806,964;11,3853379;15,81200;4,40900;0,03900;0,2525347;;22,91;143,00;;;
MLR 300s [g/s];--;144;16,28800;4,04300;0,038000;76,725;82,84;-49,2701;0,000;100,992;27,500;0,000;549,550;601,650;25,10;1130,083;263,183;0,000;841,900;875,100;853,800;325,150;;;;;0,00;0,00;0,00;3,00;2,32;15,496;24,737;0,60;0,49;999998,00;999998,00;999998,00;999998,00;999998,00;999998,00;999998,00;999998,00;999998,00;999998,00;999998,00;999998,00;999998,00;999998,00;999998,00;;;;;;;;;;;;;;;;;1178,9323;22,95100;87,1410;0,51660156;0,51660156;0,00404;2,06991;116,8420;15,917485;0,189263;24,767486;27,115563;0,0450;4,4762;4,97;493,92;0,00;1,07;91,12;;807,309;806,964;11,8565225;15,75600;4,43500;0,03400;0,2555087;;22,52;144,00;;;
MLR 360s [g/s];--;145;16,23600;4,05800;0,021000;70,625;84,07;-49,9100;0,000;100,994;27,500;0,000;550,750;602,950;25,10;1130,450;263,183;0,000;843,000;875,100;853,800;325,150;;;;;0,00;0,00;0,00;3,00;2,32;15,496;24,743;0,60;0,50;999998,00;999998,00;999998,00;999998,00;999998,00;999998,00;999998,00;999998,00;999998,00;999998,00;999998,00;999998,00;999998,00;999998,00;999998,00;;;;;;;;;;;;;;;;;1130,3436;22,58456;79,2239;0,50334676;0,50334676;0,00374;2,02812;117,9723;15,254978;0,174556;23,788461;26,043127;0,0399;3,9651;5,01;497,89;0,00;1,02;87,31;;809,705;811,436;11,3678656;15,75700;4,41800;0,03300;0,2556201;;21,88;145,00;;;
MLR Test [g/s];0,3083;146;16,21200;4,08000;0,020000;71,450;83,90;-50,2802;0,000;100,994;27,500;0,000;552,350;605,150;25,10;1129,983;263,183;0,000;841,700;875,100;853,700;325,150;;;;;0,00;0,00;0,00;3,00;2,32;15,509;24,759;0,60;0,50;999998,00;999998,00;999998,00;999998,00;999998,00;999998,00;999998,00;999998,00;999998,00;999998,00;999998,00;999998,00;999998,00;999998,00;999998,00;;;;;;;;;;;;;;;;;1128,8231;22,25952;79,7299;0,51000977;0,51000977;0,00416;1,99887;119,1012;15,321579;0,176578;23,961730;26,252269;0,0407;4,0433;5,05;501,93;0,00;1,02;87,19;;811,896;811,436;11,3525741;15,78700;4,39300;0,03600;0,2541281;;21,51;146,00;;;
Results SEA;;147;16,20000;4,10800;0,024000;69,175;85,40;-50,9200;0,000;100,994;27,500;0,000;553,750;607,150;25,10;1129,683;263,183;0,000;840,900;875,000;853,700;325,150;;;;;0,00;0,00;0,00;3,00;2,32;15,465;24,745;0,60;0,51;999998,00;999998,00;999998,00;999998,00;999998,00;999998,00;999998,00;999998,00;999998,00;999998,00;999998,00;999998,00;999998,00;999998,00;999998,00;;;;;;;;;;;;;;;;;1106,5340;22,55929;73,0842;0,49329631;0,49329631;0,00369;2,03086;120,2077;15,056614;0,158786;23,607028;25,883534;0,0361;3,5848;5,08;505,52;0,00;1,00;85,48;;813,976;815,613;11,1284128;15,79900;4,39300;0,03300;0,2534769;;20,87;147,00;;;
SEA max [m²/kg];656,0;148;16,17700;4,16000;0,033000;71,700;86,45;-51,2301;0,000;100,994;27,500;0,000;555,250;609,050;25,10;1129,617;263,183;0,000;840,800;875,000;853,600;325,150;;;;;0,00;0,00;0,00;3,00;2,32;15,479;24,727;0,60;0,52;999998,00;999998,00;999998,00;999998,00;999998,00;999998,00;999998,00;999998,00;999998,00;999998,00;999998,00;999998,00;999998,00;999998,00;999998,00;;;;;;;;;;;;;;;;;1126,3763;39,85913;119,4904;0,28420003;0,28420003;0,00389;3,59551;121,3341;15,308227;0,146651;24,066544;26,398430;0,0340;3,3767;5,12;508,89;0,00;1,02;87,04;;816,020;815,613;11,3279660;15,79100;4,40700;0,03400;0,2537894;;20,56;148,00;;;
Max at [s];251;149;16,15000;4,19400;0,034000;68,225;83,93;-51,5901;0,000;100,994;27,500;0,000;556,150;610,350;25,10;1129,750;263,183;0,000;841,200;875,000;853,600;325,150;;;;;0,00;0,00;0,00;3,00;2,32;15,536;24,721;0,60;0,50;999998,00;999998,00;999998,00;999998,00;999998,00;999998,00;999998,00;999998,00;999998,00;999998,00;999998,00;999998,00;999998,00;999998,00;999998,00;;;;;;;;;;;;;;;;;1100,4419;21,01374;75,6546;0,52666219;0,52666219;0,00577;1,89804;122,4345;14,920570;0,176160;23,495117;25,784851;0,0398;3,9619;5,16;512,85;0,01;1,00;85,10;;818,015;819,477;11,0671445;15,77500;4,42300;0,04900;0,2544053;;20,20;149,00;;;
SEA 060s [m²/kg];108,0;150;16,10000;4,22200;0,043000;75,300;83,74;-52,2301;0,000;100,994;27,400;0,000;556,950;611,350;25,10;1129,317;263,183;0,000;839,900;874,900;853,700;325,150;;;;;0,00;0,00;0,00;3,00;2,32;15,490;24,732;0,60;0,50;999998,00;999998,00;999998,00;999998,00;999998,00;999998,00;999998,00;999998,00;999998,00;999998,00;999998,00;999998,00;999998,00;999998,00;999998,00;;;;;;;;;;;;;;;;;1160,7433;23,11581;84,0798;0,50500488;0,50500488;0,00619;2,09515;123,5953;15,663867;0,178527;24,701053;27,113725;0,0425;4,2220;5,20;517,08;0,01;1,06;89,83;;820,099;819,477;11,6735959;15,74700;4,45900;0,05000;0,2556447;;19,56;150,00;;;
SEA 120s [m²/kg];106,6;151;16,04700;4,27500;0,036000;67,900;84,77;-52,6001;0,000;100,996;27,400;0,000;557,950;612,650;25,10;1129,117;263,183;0,000;839,100;875,000;853,800;325,150;;;;;0,00;0,00;0,00;3,00;2,32;15,517;24,732;0,61;0,51;999998,00;999998,00;999998,00;999998,00;999998,00;999998,00;999998,00;999998,00;999998,00;999998,00;999998,00;999998,00;999998,00;999998,00;999998,00;;;;;;;;;;;;;;;;;1110,9114;21,87055;73,5877;0,51084391;0,51084391;0,00483;1,98019;124,7062;14,860960;0,166241;23,476989;25,778614;0,0376;3,7379;5,24;520,81;0,00;1,01;85,96;;822,190;823,268;11,1724358;15,70200;4,49300;0,04200;0,2579486;;19,19;151,00;;;
SEA 180s [m²/kg];111,3;152;16,01500;4,35600;0,050000;74,625;83,92;-53,2501;0,000;100,996;27,400;0,000;558,850;613,950;25,10;1129,317;263,183;0,000;839,600;875,000;853,900;325,150;;;;;0,00;0,00;0,00;3,00;2,32;15,490;24,732;0,61;0,50;999998,00;999998,00;999998,00;999998,00;999998,00;999998,00;999998,00;999998,00;999998,00;999998,00;999998,00;999998,00;999998,00;999998,00;999998,00;;;;;;;;;;;;;;;;;1172,0159;22,99841;81,6610;0,51251221;0,51251221;0,00492;2,07496;125,8782;15,566972;0,176314;24,632000;27,060599;0,0419;4,1615;5,28;524,98;0,00;1,06;90,66;;824,291;823,268;11,7869644;15,66600;4,50900;0,04100;0,2598448;;18,54;152,00;;;
SEA 240s [m²/kg];84,3;153;15,96800;4,40900;0,037000;73,575;84,94;-53,6201;0,000;100,988;27,400;0,000;559,850;615,150;25,10;1129,683;263,183;0,000;840,600;875,000;854,000;325,150;;;;;0,00;0,00;0,00;3,00;2,32;15,521;24,761;0,61;0,51;999998,00;999998,00;999998,00;999998,00;999998,00;999998,00;999998,00;999998,00;999998,00;999998,00;999998,00;999998,00;999998,00;999998,00;999998,00;;;;;;;;;;;;;;;;;1165,5797;23,92341;79,0999;0,48999023;0,48999023;0,00447;2,15840;127,0438;15,443257;0,164266;24,479968;26,898012;0,0388;3,8539;5,32;528,83;0,00;1,06;90,16;;826,542;827,385;11,7222354;15,65300;4,52000;0,03800;0,2605054;;18,17;153,00;;;
SEA 300s [m²/kg];--;154;15,89700;4,43500;0,039000;67,700;83,94;-54,2401;0,000;100,988;27,400;0,000;560,750;616,350;25,10;1129,983;263,183;0,000;841,300;875,100;854,100;325,150;;;;;0,00;0,00;0,00;3,00;2,32;15,555;24,735;0,61;0,51;999998,00;999998,00;999998,00;999998,00;999998,00;999998,00;999998,00;999998,00;999998,00;999998,00;999998,00;999998,00;999998,00;999998,00;999998,00;;;;;;;;;;;;;;;;;1123,5381;22,11913;78,1022;0,51084391;0,51084391;0,00454;2,00518;128,1673;14,801962;0,176080;23,501135;25,831341;0,0399;3,9672;5,36;532,80;0,00;1,02;86,99;;828,607;827,385;11,2994228;15,61800;4,56700;0,04000;0,2620294;;17,55;154,00;;;
SEA 360s [m²/kg];--;155;15,81200;4,41800;0,034000;71,000;83,49;-54,6401;0,000;100,988;27,500;0,000;561,950;617,850;25,10;1130,217;263,183;0,000;842,000;875,100;854,100;325,150;;;;;0,00;0,00;0,00;3,00;2,33;15,553;24,748;0,61;0,50;999998,00;999998,00;999998,00;999998,00;999998,00;999998,00;999998,00;999998,00;999998,00;999998,00;999998,00;999998,00;999998,00;999998,00;999998,00;;;;;;;;;;;;;;;;;1164,2395;22,30136;80,3164;0,52502441;0,52502441;0,00425;2,02503;129,3316;15,142234;0,181474;24,092834;26,489471;0,0422;4,1929;5,40;536,99;0,00;1,06;90,19;;830,641;831,740;11,7087563;15,54600;4,63300;0,03700;0,2655143;;17,15;155,00;;;
SEA Test [m²/kg];87,2;156;15,75600;4,39300;0,033000;72,775;79,37;-55,2802;0,000;100,998;27,500;0,000;562,350;618,550;25,10;1130,817;263,183;0,000;843,700;875,100;854,200;325,150;;;;;0,00;0,00;0,00;3,00;2,33;15,496;24,751;0,61;0,48;999998,00;999998,00;999998,00;999998,00;999998,00;999998,00;999998,00;999998,00;999998,00;999998,00;999998,00;999998,00;999998,00;999998,00;999998,00;;;;;;;;;;;;;;;;;1194,9907;24,31955;110,5752;0,49417114;0,49417114;0,00362;2,23060;130,5265;15,324889;0,232096;24,400815;26,839377;0,0546;5,4333;5,46;542,42;0,00;1,10;92,72;;832,878;831,740;12,0180211;15,46000;4,74500;0,03200;0,2693852;;16,51;156,00;;;
Results SPR;;157;15,75700;4,39300;0,036000;67,925;80,41;-55,6401;0,000;100,990;27,500;0,000;562,750;619,050;25,10;1130,683;263,183;0,000;843,200;875,100;854,300;325,150;;;;;0,00;0,00;0,00;3,00;2,33;15,523;24,724;0,61;0,49;999998,00;999998,00;999998,00;999998,00;999998,00;999998,00;999998,00;999998,00;999998,00;999998,00;999998,00;999998,00;999998,00;999998,00;999998,00;;;;;;;;;;;;;;;;;1178,7688;22,80055;95,8679;0,51993815;0,51993815;0,00363;2,08147;131,7053;14,800169;0,219047;23,582098;25,941355;0,0498;4,9563;5,50;547,38;0,00;1,08;91,47;;835,133;836,069;11,8548774;15,34200;4,82300;0,03300;0,2753160;;16,15;157,00;;;
SPR max [m²/s];0,063;158;15,78700;4,40700;0,033000;72,250;81,18;-56,3101;0,000;100,986;27,500;0,000;563,350;619,950;25,10;1130,383;263,183;0,000;842,300;875,100;854,300;325,150;;;;;0,00;0,00;0,00;3,00;2,33;15,517;24,740;0,61;0,49;999998,00;999998,00;999998,00;999998,00;999998,00;999998,00;999998,00;999998,00;999998,00;999998,00;999998,00;999998,00;999998,00;999998,00;999998,00;;;;;;;;;;;;;;;;;1234,6999;25,21280;99,9574;0,49250285;0,49250285;0,00563;2,30162;132,9400;15,255954;0,209571;24,334249;26,779120;0,0492;4,8950;5,55;552,27;0,01;1,13;95,90;;837,485;836,069;12,4173771;15,24600;4,90000;0,04700;0,2798957;;15,48;158,00;;;
Max at [s];246;159;15,79900;4,42300;0,034000;71,175;80,78;-56,6401;0,000;100,990;27,500;0,000;564,250;621,150;25,10;1130,450;263,183;0,000;842,600;875,100;854,200;325,150;;;;;0,00;0,00;0,00;3,00;2,33;15,544;24,721;0,61;0,49;999998,00;999998,00;999998,00;999998,00;999998,00;999998,00;999998,00;999998,00;999998,00;999998,00;999998,00;999998,00;999998,00;999998,00;999998,00;;;;;;;;;;;;;;;;;1238,3749;23,24097;93,4069;0,53587850;0,53587850;0,00585;2,11299;134,1784;15,129952;0,214445;24,171823;26,609353;0,0501;4,9771;5,60;557,25;0,01;1,13;96,18;;839,995;840,754;12,4543361;15,18200;4,93500;0,04900;0,2831611;;15,15;159,00;;;
SPR 060s [m²/s];0,034;160;15,79100;4,45900;0,049000;68,825;83,95;-57,3701;0,000;100,990;27,500;0,000;566,050;623,450;25,10;1130,550;263,183;0,000;842,900;875,100;854,200;325,150;;;;;0,00;0,00;0,00;3,00;2,33;15,563;24,735;0,61;0,51;999998,00;999998,00;999998,00;999998,00;999998,00;999998,00;999998,00;999998,00;999998,00;999998,00;999998,00;999998,00;999998,00;999998,00;999998,00;;;;;;;;;;;;;;;;;1221,8461;23,48263;77,3276;0,52328491;0,52328491;0,00797;2,14227;135,4002;14,854407;0,175922;23,807312;26,221480;0,0405;4,0235;5,64;561,28;0,01;1,12;95,00;;842,433;840,754;12,2881067;15,14700;4,97600;0,06600;0,2846076;;14,42;160,00;;;
SPR 120s [m²/s];0,038;161;15,77500;4,49300;0,050000;70,525;85,63;-57,6901;0,000;100,990;27,500;0,000;567,450;625,650;25,10;1130,083;263,183;0,000;841,700;875,000;854,100;325,150;;;;;0,00;0,00;0,00;3,00;2,33;15,561;24,743;0,61;0,52;999998,00;999998,00;999998,00;999998,00;999998,00;999998,00;999998,00;999998,00;999998,00;999998,00;999998,00;999998,00;999998,00;999998,00;999998,00;;;;;;;;;;;;;;;;;1248,0424;23,60974;68,5642;0,53162638;0,53162638;0,00567;2,15398;136,6483;15,018182;0,156192;24,129327;26,604131;0,0365;3,6244;5,68;564,90;0,01;1,15;97,02;;844,871;845,754;12,5515622;15,08800;5,02700;0,04800;0,2876262;;14,10;161,00;;;
SPR 180s [m²/s];0,040;162;15,74700;4,50900;0,042000;69,900;84,45;-58,4301;0,000;100,988;27,500;0,000;568,950;627,850;25,10;1130,017;263,183;0,000;841,500;875,000;854,100;325,150;;;;;0,00;0,00;0,00;3,00;2,33;15,555;24,740;0,61;0,51;999998,00;999998,00;999998,00;999998,00;999998,00;999998,00;999998,00;999998,00;999998,00;999998,00;999998,00;999998,00;999998,00;999998,00;999998,00;;;;;;;;;;;;;;;;;1253,2017;24,04319;75,5390;0,52420044;0,52420044;0,00577;2,20028;137,9015;14,931765;0,170062;24,053900;26,544058;0,0396;3,9373;5,72;568,84;0,01;1,15;97,50;;847,376;845,754;12,6034498;15,02500;5,09200;0,04900;0,2905741;;13,36;162,00;;;
SPR 240s [m²/s];0,030;163;15,70200;4,52000;0,041000;69,250;82,53;-58,7401;0,000;100,988;27,500;0,000;570,450;629,750;25,10;1130,883;263,190;0,000;844,100;875,000;854,100;325,150;;;;;0,00;0,00;0,00;3,00;2,33;15,561;24,721;0,61;0,50;999998,00;999998,00;999998,00;999998,00;999998,00;999998,00;999998,00;999998,00;999998,00;999998,00;999998,00;999998,00;999998,00;999998,00;999998,00;;;;;;;;;;;;;;;;;1265,1127;24,38813;85,8837;0,52169800;0,52169800;0,00351;2,23773;139,1666;14,842624;0,192999;23,973340;26,465442;0,0448;4,4551;5,77;573,29;0,00;1,17;98,47;;849,902;850,794;12,7232389;14,93000;5,18400;0,03200;0,2952362;;13,05;163,00;;;
SPR 300s [m²/s];--;164;15,66600;4,56700;0,038000;66,400;82,94;-59,4801;0,000;100,988;27,500;0,000;571,650;631,150;25,10;1130,883;263,190;0,000;844,100;875,000;854,100;325,150;;;;;0,00;0,00;0,00;3,00;2,33;15,568;24,743;0,61;0,50;999998,00;999998,00;999998,00;999998,00;999998,00;999998,00;999998,00;999998,00;999998,00;999998,00;999998,00;999998,00;999998,00;999998,00;999998,00;;;;;;;;;;;;;;;;;1255,4027;23,20289;78,6763;0,54413859;0,54413859;0,00279;2,11457;140,4220;14,518727;0,188103;23,499522;25,945461;0,0428;4,2568;5,81;577,55;0,00;1,15;97,66;;852,404;850,794;12,6255853;14,84600;5,22300;0,02700;0,2996399;;12,31;164,00;;;
SPR 360s [m²/s];--;165;15,65300;4,63300;0,040000;72,350;82,62;-59,8301;0,000;100,992;27,400;0,000;573,250;633,350;25,10;1130,917;263,183;0,000;844,200;875,000;854,100;325,150;;;;;0,00;0,00;0,00;3,00;2,33;15,564;24,743;0,61;0,50;999998,00;999998,00;999998,00;999998,00;999998,00;999998,00;999998,00;999998,00;999998,00;999998,00;999998,00;999998,00;999998,00;999998,00;999998,00;;;;;;;;;;;;;;;;;1314,7119;23,06130;79,7037;0,57334391;0,57334391;0,00197;2,09799;141,7367;15,134108;0,191954;24,564118;27,139440;0,0457;4,5439;5,85;582,09;0,00;1,20;102,25;;855,026;856,117;13,2220571;14,81900;5,23800;0,02000;0,3010798;;11,96;165,00;;;
SPR Test [m²/s];0,031;166;15,61800;4,74500;0,037000;65,500;84,61;-60,6201;0,000;100,988;27,400;0,000;574,450;635,350;25,10;1130,517;263,183;0,000;843,100;874,900;854,100;325,150;;;;;0,00;0,00;0,00;3,00;2,33;15,574;24,732;0,61;0,52;999998,00;999998,00;999998,00;999998,00;999998,00;999998,00;999998,00;999998,00;999998,00;999998,00;999998,00;999998,00;999998,00;999998,00;999998,00;;;;;;;;;;;;;;;;;1253,7280;20,75433;62,8117;0,60752360;0,60752360;0,00289;1,89463;142,9904;14,384810;0,168109;23,396809;25,877210;0,0382;3,7943;5,89;585,89;0,00;1,15;97,59;;857,612;856,117;12,6087426;14,79400;5,27300;0,02800;0,3021017;;11,17;166,00;;;
Results COY;;167;15,54600;4,82300;0,032000;65,550;82,56;-60,9801;0,000;100,992;27,400;0,000;576,350;638,050;25,10;1130,150;263,183;0,000;841,700;874,900;854,400;325,150;;;;;0,00;0,00;0,00;3,00;2,34;15,555;24,745;0,61;0,50;999998,00;999998,00;999998,00;999998,00;999998,00;999998,00;999998,00;999998,00;999998,00;999998,00;999998,00;999998,00;999998,00;999998,00;999998,00;;;;;;;;;;;;;;;;;1266,9590;38,91542;133,9293;0,32742310;0,32742310;0,00479;3,58691;144,2574;14,366560;0,192611;23,444413;25,954207;0,0439;4,3603;5,94;590,25;0,00;1,17;98,82;;860,023;861,323;12,7418069;14,70800;5,38600;0,04300;0,3057938;;10,81;167,00;;;
COY max [kg/kg];0,0363;168;15,46000;4,90000;0,033000;71,050;79,81;-61,3900;0,000;100,992;27,400;0,000;577,850;640,150;25,10;1130,950;263,190;0,000;843,900;874,900;854,600;325,150;;;;;0,00;0,00;0,00;3,00;2,34;15,555;24,759;0,61;0,49;999998,00;999998,00;999998,00;999998,00;999998,00;999998,00;999998,00;999998,00;999998,00;999998,00;999998,00;999998,00;999998,00;999998,00;999998,00;;;;;;;;;;;;;;;;;1345,8566;23,91868;95,1015;0,56588745;0,56588745;0,00577;2,20116;145,6032;14,937712;0,226598;24,439903;27,074852;0,0538;5,3512;5,99;595,60;0,01;1,25;105,05;;862,680;861,323;13,5352797;14,56800;5,49300;0,04900;0,3126341;;10,40;168,00;;;
Max at [s];109;169;15,34200;4,93500;0,047000;65,400;82,42;-62,0602;0,000;100,994;27,400;0,000;578,050;640,850;25,10;1130,950;263,190;0,000;843,800;874,900;854,700;325,150;;;;;0,00;0,00;0,00;3,00;2,34;15,568;24,732;0,61;0,50;999998,00;999998,00;999998,00;999998,00;999998,00;999998,00;999998,00;999998,00;999998,00;999998,00;999998,00;999998,00;999998,00;999998,00;999998,00;;;;;;;;;;;;;;;;;1313,8538;24,61918;82,5652;0,53671265;0,53671265;0,00642;2,26181;146,9171;14,328996;0,194299;23,452084;25,999945;0,0443;4,4063;6,03;600,00;0,01;1,21;102,62;;865,445;866,401;13,2134272;14,45100;5,58000;0,05600;0,3183508;;9,73;169,00;;;
COY 060s [kg/kg];0,0089;170;15,24600;4,97600;0,049000;70,875;80,17;-62,4701;0,000;100,998;27,400;0,000;579,550;642,950;25,10;1131,350;263,190;0,000;844,900;874,800;854,900;325,150;;;;;0,00;0,00;0,00;3,00;2,34;15,584;24,737;0,61;0,49;999998,00;999998,00;999998,00;999998,00;999998,00;999998,00;999998,00;999998,00;999998,00;999998,00;999998,00;999998,00;999998,00;999998,00;999998,00;;;;;;;;;;;;;;;;;1382,9497;24,72636;93,8849;0,56248983;0,56248983;0,00497;2,27704;148,3000;14,897407;0,221987;24,445665;27,119904;0,0528;5,2510;6,09;605,26;0,00;1,28;108,07;;868,286;866,401;13,9083250;14,36700;5,66200;0,04300;0,3224402;;9,32;170,00;;;
COY 120s [kg/kg];0,0095;171;15,18200;5,02700;0,066000;65,600;82,56;-63,1802;0,000;100,986;27,400;0,000;581,350;645,250;25,10;1132,350;263,190;0,000;847,600;874,800;855,200;325,150;;;;;0,00;0,00;0,00;3,00;2,34;15,582;24,743;0,61;0,50;999998,00;999998,00;999998,00;999998,00;999998,00;999998,00;999998,00;999998,00;999998,00;999998,00;999998,00;999998,00;999998,00;999998,00;999998,00;;;;;;;;;;;;;;;;;1348,6086;24,04019;78,3123;0,56417847;0,56417847;0,00503;2,23085;149,6487;14,310100;0,192655;23,554866;26,143936;0,0442;4,3932;6,13;609,65;0,01;1,26;105,56;;871,195;871,838;13,5629565;14,25600;5,79100;0,04500;0,3275068;;8,61;171,00;;;
COY 180s [kg/kg];0,0091;172;15,14700;5,09200;0,048000;64,675;81,17;-63,6001;0,000;100,994;27,400;0,000;583,050;647,550;25,10;1132,950;263,190;0,000;849,200;874,700;855,500;325,150;;;;;0,00;0,00;0,00;3,00;2,34;15,545;24,743;0,61;0,49;999998,00;999998,00;999998,00;999998,00;999998,00;999998,00;999998,00;999998,00;999998,00;999998,00;999998,00;999998,00;999998,00;999998,00;999998,00;;;;;;;;;;;;;;;;;1361,1954;23,81076;83,1987;0,57493083;0,57493083;0,00260;2,18030;151,0099;14,188122;0,209623;23,422378;26,013483;0,0478;4,7562;6,18;614,41;0,00;1,25;106,39;;874,007;871,838;13,6895416;14,14500;5,81700;0,02600;0,3336103;;8,19;172,00;;;
COY 240s [kg/kg];0,0092;173;15,08800;5,18400;0,049000;70,425;81,10;-64,3301;0,000;100,986;27,400;0,000;584,150;649,150;25,10;1132,883;263,190;0,000;848,900;874,700;855,600;325,150;;;;;0,00;0,00;0,00;3,00;2,34;15,606;24,756;0,61;0,49;999998,00;999998,00;999998,00;999998,00;999998,00;999998,00;999998,00;999998,00;999998,00;999998,00;999998,00;999998,00;999998,00;999998,00;999998,00;;;;;;;;;;;;;;;;;1417,7351;24,33646;85,6602;0,58587646;0,58587646;0,00310;2,21625;152,4276;14,791453;0,210443;24,464452;27,186680;0,0502;4,9902;6,23;619,40;0,00;1,30;110,74;;876,987;877,749;14,2581618;14,15600;5,78000;0,02900;0,3332837;;7,46;173,00;;;
COY 300s [kg/kg];--;174;15,02500;5,22300;0,032000;57,875;83,38;-64,7701;0,000;100,988;27,400;0,000;585,550;651,150;25,10;1136,950;263,190;0,000;861,200;874,600;855,600;325,150;;;;;0,00;0,00;0,00;3,00;2,34;15,610;24,756;0,61;0,51;999998,00;999998,00;999998,00;999998,00;999998,00;999998,00;999998,00;999998,00;999998,00;999998,00;999998,00;999998,00;999998,00;999998,00;999998,00;;;;;;;;;;;;;;;;;1277,3016;21,74347;67,0101;0,59078979;0,59078979;0,00352;1,99001;153,7049;13,392853;0,182778;22,204314;24,691895;0,0396;3,9365;6,27;623,33;0,00;1,18;99,82;;879,691;877,749;12,8458227;14,18600;5,78000;0,03500;0,3315701;;7,02;174,00;;;
COY 360s [kg/kg];--;175;14,93000;5,23800;0,027000;66,100;81,32;-65,5100;0,000;100,988;27,300;0,000;587,250;654,050;25,10;1141,017;263,190;0,000;873,300;874,600;855,700;325,150;;;;;0,00;0,00;0,00;3,00;2,34;15,547;24,732;0,61;0,49;999998,00;999998,00;999998,00;999998,00;999998,00;999998,00;999998,00;999998,00;999998,00;999998,00;999998,00;999998,00;999998,00;999998,00;999998,00;;;;;;;;;;;;;;;;;1365,3264;23,30774;81,9035;0,58912150;0,58912150;0,00199;2,13190;155,0702;14,292191;0,207827;23,764141;26,467324;0,0483;4,7978;6,32;628,13;0,00;1,26;106,67;;882,215;883,621;13,7310881;14,17700;5,78600;0,02100;0,3321361;;6,28;175,00;;;
COY Test [kg/kg];0,0091;176;14,84600;5,27300;0,020000;67,800;80,15;-65,9501;0,000;100,996;27,300;0,000;587,950;655,050;25,10;1141,250;263,190;0,000;873,800;874,600;855,900;325,150;;;;;0,00;0,00;0,00;3,00;2,34;15,564;24,751;0,61;0,49;999998,00;999998,00;999998,00;999998,00;999998,00;999998,00;999998,00;999998,00;999998,00;999998,00;999998,00;999998,00;999998,00;999998,00;999998,00;;;;;;;;;;;;;;;;;1381,8764;24,41531;91,8895;0,56921387;0,56921387;0,00125;2,22360;156,4521;14,466193;0,222237;24,082131;26,830513;0,0523;5,2008;6,37;633,33;0,00;1,27;107,89;;885,007;883,621;13,8975310;14,18200;5,76100;0,01500;0,3321176;;5,84;176,00;;;
Results CO2Y;;177;14,81900;5,38600;0,028000;69,200;80,59;-66,7001;0,000;100,986;27,300;0,000;588,250;655,150;25,10;1142,117;263,190;0,000;876,300;874,500;856,100;325,150;;;;;0,00;0,00;0,00;3,00;2,34;15,578;24,756;0,61;0,49;999998,00;999998,00;999998,00;999998,00;999998,00;999998,00;999998,00;999998,00;999998,00;999998,00;999998,00;999998,00;999998,00;999998,00;999998,00;;;;;;;;;;;;;;;;;1386,2682;17,14142;63,3923;0,81333415;0,81333415;0,00320;1,55472;157,8384;14,611059;0,216864;24,335703;27,103333;0,0516;5,1267;6,42;638,46;0,00;1,26;108,18;;887,826;889,182;13,9416994;14,23100;5,69900;0,03000;0,3297932;;5,09;177,00;;;
CO2Y max [kg/kg];4,1612;178;14,79400;5,49300;0,043000;66,650;79,89;-67,4601;0,000;100,986;27,300;0,000;589,650;656,550;25,10;1145,450;263,190;0,000;886,300;874,300;856,300;325,150;;;;;0,00;0,00;0,00;3,00;2,34;15,584;24,735;0,61;0,48;999998,00;999998,00;999998,00;999998,00;999998,00;999998,00;999998,00;999998,00;999998,00;999998,00;999998,00;999998,00;999998,00;999998,00;999998,00;;;;;;;;;;;;;;;;;1334,8330;23,65558;92,8149;0,56749471;0,56749471;0,00528;2,11810;159,1732;14,322292;0,225530;23,911516;26,624447;0,0527;5,2373;6,47;643,69;0,01;1,20;103,96;;890,482;889,182;13,4244152;14,36300;5,52800;0,04700;0,3237626;;4,33;178,00;;;
Max at [s];119;179;14,70800;5,58000;0,049000;70,525;78,95;-67,8301;0,000;100,982;27,300;0,000;590,350;657,550;25,10;1143,383;263,190;0,000;880,400;874,000;856,300;325,150;;;;;0,00;0,00;0,00;3,00;2,35;15,584;24,743;0,61;0,48;999998,00;999998,00;999998,00;999998,00;999998,00;999998,00;999998,00;999998,00;999998,00;999998,00;999998,00;999998,00;999998,00;999998,00;999998,00;;;;;;;;;;;;;;;;;1324,8938;44,16059;189,1651;0,30172729;0,30172729;0,00556;3,94155;160,4981;14,724019;0,237359;24,611394;27,412927;0,0571;5,6753;6,53;649,37;0,01;1,19;103,00;;892,937;894,393;13,3244566;14,60200;5,32200;0,04800;0,3122179;;3,96;179,00;;;
CO2Y 060s [kg/kg];2,1159;180;14,56800;5,66200;0,056000;63,900;81,02;-68,1802;0,000;100,986;27,300;0,000;590,850;658,150;25,10;1140,350;263,190;0,000;871,900;873,600;856,100;325,150;;;;;0,00;0,00;0,00;3,00;2,35;15,603;24,761;0,61;0,49;999998,00;999998,00;999998,00;999998,00;999998,00;999998,00;999998,00;999998,00;999998,00;999998,00;999998,00;999998,00;999998,00;999998,00;999998,00;;;;;;;;;;;;;;;;;1219,5327;23,17729;91,5214;0,52917480;0,52917480;0,00455;2,01874;161,7176;14,009460;0,211485;23,436833;26,106374;0,0484;4,8156;6,58;654,19;0,00;1,07;94,38;;895,044;894,393;12,2648399;14,83700;5,02700;0,04200;0,3017249;;3,61;180,00;;;
CO2Y 120s [kg/kg];2,1120;181;14,45100;5,79100;0,043000;68,850;78,85;-68,8401;0,000;100,986;27,300;0,000;591,250;658,450;25,10;1138,050;263,190;0,000;865,900;873,000;855,800;325,150;;;;;0,00;0,00;0,00;3,00;2,35;15,553;24,743;0,61;0,48;999998,00;999998,00;999998,00;999998,00;999998,00;999998,00;999998,00;999998,00;999998,00;999998,00;999998,00;999998,00;999998,00;999998,00;999998,00;;;;;;;;;;;;;;;;;1199,6610;23,69893;111,4107;0,50909424;0,50909424;0,00588;2,05713;162,9173;14,537040;0,238578;24,335900;27,101857;0,0567;5,6397;6,64;659,82;0,01;1,05;92,64;;896,781;898,458;12,0649905;15,16800;4,75200;0,05100;0,2855672;;2,95;181,00;;;
CO2Y 180s [kg/kg];2,1350;182;14,36700;5,81700;0,045000;74,100;77,60;-69,1901;0,000;100,994;27,300;0,000;591,050;657,850;25,10;1136,083;263,190;0,000;860,800;872,500;855,500;325,150;;;;;0,00;0,00;0,00;3,00;2,35;15,603;24,745;0,61;0,47;999998,00;999998,00;999998,00;999998,00;999998,00;999998,00;999998,00;999998,00;999998,00;999998,00;999998,00;999998,00;999998,00;999998,00;999998,00;;;;;;;;;;;;;;;;;1169,7137;24,46642;130,4933;0,48081462;0,48081462;0,00503;2,07697;164,0870;15,083655;0,254587;25,242425;28,095305;0,0627;6,2387;6,70;666,06;0,01;1,00;89,84;;898,363;898,458;11,7638108;15,54600;4,37100;0,04300;0,2678635;;2,60;182,00;;;
CO2Y 240s [kg/kg];2,1448;183;14,25600;5,78000;0,026000;73,525;79,29;-69,8000;0,000;100,994;27,300;0,000;590,450;656,350;25,10;1134,350;263,190;0,000;856,400;871,900;855,300;325,150;;;;;0,00;0,00;0,00;3,00;2,35;15,593;24,753;0,61;0,48;999998,00;999998,00;999998,00;999998,00;999998,00;999998,00;999998,00;999998,00;999998,00;999998,00;999998,00;999998,00;999998,00;999998,00;999998,00;;;;;;;;;;;;;;;;;1077,9848;22,98444;121,1063;0,47167969;0,47167969;0,00395;1,95921;165,1650;15,032650;0,233103;25,131531;27,936457;0,0571;5,6800;6,76;671,74;0,00;0,92;82,61;;899,596;901,085;10,8412926;15,96500;4,06200;0,03500;0,2471714;;1,99;183,00;;;
CO2Y 300s [kg/kg];--;184;14,14500;5,78000;0,029000;72,400;79,52;-70,0901;0,000;100,988;27,300;0,000;589,450;654,450;25,10;1132,250;263,190;0,000;851,000;871,200;855,100;325,150;;;;;0,00;0,00;0,00;3,00;2,35;15,584;24,743;0,61;0,48;999998,00;999998,00;999998,00;999998,00;999998,00;999998,00;999998,00;999998,00;999998,00;999998,00;999998,00;999998,00;999998,00;999998,00;999998,00;;;;;;;;;;;;;;;;;981,4335;40,00691;226,4318;0,24671427;0,24671427;0,00142;3,41055;166,1464;14,929849;0,230200;24,917395;27,665093;0,0559;5,5547;6,81;677,30;0,00;0,84;74,96;;900,303;901,085;9,8702767;16,39600;3,72800;0,01600;0,2260925;;1,70;184,00;;;
CO2Y 360s [kg/kg];--;185;14,15600;5,78600;0,035000;75,525;79,38;-70,3801;0,000;100,996;27,300;0,000;587,950;651,750;25,10;1130,550;263,190;0,000;846,700;870,700;854,800;325,150;;;;;0,00;0,00;0,00;3,00;2,35;15,643;24,759;0,61;0,48;999998,00;999998,00;999998,00;999998,00;999998,00;999998,00;999998,00;999998,00;999998,00;999998,00;999998,00;999998,00;999998,00;999998,00;999998,00;;;;;;;;;;;;;;;;;904,1912;22,22361;140,0798;0,40917969;0,40917969;0,00280;1,83610;167,0506;15,268092;0,231915;25,417067;28,175141;0,0573;5,6993;6,87;683,00;0,00;0,75;68,59;;900,532;902,058;9,0934511;16,87600;3,26100;0,02600;0,2032065;;1,41;185,00;;;
CO2Y Test [kg/kg];2,1448;186;14,18600;5,76100;0,021000;75,325;77,53;-70,8701;0,000;100,988;27,300;0,000;585,550;647,750;25,10;1128,950;263,190;0,000;842,700;870,100;854,600;325,150;;;;;0,00;0,00;0,00;3,00;2,35;15,626;24,743;0,60;0,46;999998,00;999998,00;999998,00;999998,00;999998,00;999998,00;999998,00;999998,00;999998,00;999998,00;999998,00;999998,00;999998,00;999998,00;999998,00;;;;;;;;;;;;;;;;;815,3618;20,54287;157,3452;0,39916992;0,39916992;0,00213;1,63142;167,8660;15,279079;0,255512;25,331530;28,022371;0,0628;6,2451;6,93;689,24;0,00;0,65;61,34;;900,313;902,058;8,2000939;17,31000;2,83100;0,02100;0,1827256;;0,92;186,00;;;
;;187;14,17700;5,69900;0,015000;70,250;81,90;-71,1301;0,000;100,996;27,300;0,000;583,250;643,850;25,00;1127,983;263,190;0,000;840,400;869,700;854,400;325,150;;;;;0,00;0,00;0,00;3,00;2,35;15,622;24,761;0,60;0,49;999998,00;999998,00;999998,00;999998,00;999998,00;999998,00;999998,00;999998,00;999998,00;999998,00;999998,00;999998,00;999998,00;999998,00;999998,00;;;;;;;;;;;;;;;;;663,9110;36,42863;258,7951;0,18328857;0,18328857;0,00193;2,72513;168,5299;14,784457;0,200635;24,415206;26,951960;0,0474;4,7165;6,98;693,96;0,00;0,50;49,34;;899,454;900,796;6,6769526;17,92500;2,25400;0,02000;0,1532966;;0,66;187,00;;;
;;188;14,18200;5,52800;0,030000;76,725;79,32;-71,3000;0,000;100,988;27,300;0,000;579,950;638,650;25,10;1127,117;263,190;0,000;838,300;869,400;854,200;325,150;;;;;0,00;0,00;0,00;3,00;2,35;15,635;24,769;0,60;0,47;999998,00;999998,00;999998,00;999998,00;999998,00;999998,00;999998,00;999998,00;999998,00;999998,00;999998,00;999998,00;999998,00;999998,00;999998,00;;;;;;;;;;;;;;;;;555,5782;21,35404;218,5597;0,26165771;0,26165771;0,00024;1,59614;169,0855;15,494686;0,232682;25,443309;28,018570;0,0572;5,6864;7,04;699,65;0,00;0,42;41,07;;897,913;900,796;5,5874503;18,54900;1,80800;0,00700;0,1220060;;0,49;188,00;;;
;;189;14,23100;5,32200;0,047000;83,800;82,58;-71,6201;0,000;100,990;27,300;0,000;575,850;632,250;25,00;1126,350;263,190;0,000;836,400;869,100;854,100;325,250;;;;;0,00;0,00;0,00;3,00;2,35;15,584;24,759;0,60;0,49;999998,00;999998,00;999998,00;999998,00;999998,00;999998,00;999998,00;999998,00;999998,00;999998,00;999998,00;999998,00;999998,00;999998,00;999998,00;;;;;;;;;;;;;;;;;448,2459;24,03489;261,8615;0,18756104;0,18756104;0,00284;1,72367;169,5337;16,250881;0,192466;26,496381;29,091494;0,0491;4,8837;7,09;704,53;0,00;0,32;32,87;;895,818;897,148;4,5080091;19,11900;1,34700;0,02500;0,0935803;;0,17;189,00;;;
;;190;14,36300;5,02700;0,048000;88,600;87,04;-71,6501;0,000;100,990;27,300;0,000;570,350;624,250;25,10;1126,517;263,190;0,000;837,200;868,900;854,000;325,250;;;;;0,00;0,00;0,00;3,00;2,35;15,614;24,769;0,60;0,52;999998,00;999998,00;999998,00;999998,00;999998,00;999998,00;999998,00;999998,00;999998,00;999998,00;999998,00;999998,00;999998,00;999998,00;999998,00;;;;;;;;;;;;;;;;;349,0619;0,00000;0,0000;0,00503540;0,00503540;0,00041;51,67870;169,8828;16,790195;0,139760;27,114242;29,676629;0,0364;3,6176;7,12;708,15;0,00;0,26;25,59;;893,201;897,148;3,5105158;19,57200;1,06000;0,00800;0,0703617;;0,14;190,00;;;
;;191;14,60200;4,75200;0,042000;94,775;91,67;-71,6802;0,000;100,986;27,300;0,000;563,650;614,850;25,00;1126,450;263,190;0,000;837,100;868,700;854,100;325,150;;;;;0,00;0,00;0,00;3,00;2,36;15,582;24,748;0,60;0,54;999998,00;999998,00;999998,00;999998,00;999998,00;999998,00;999998,00;999998,00;999998,00;999998,00;999998,00;999998,00;999998,00;999998,00;999998,00;;;;;;;;;;;;;;;;;276,9535;77,80855;655,9674;0,03579712;0,03579712;0,00243;5,62742;170,1597;17,468344;0,088027;27,877994;30,410335;0,0235;2,3349;7,15;710,48;0,00;0,20;20,24;;890,164;891,551;2,7853218;19,90400;0,80100;0,02100;0,0535666;;0,11;191,00;;;
;;192;14,83700;4,37100;0,051000;90,450;94,46;-71,7201;0,000;100,992;27,300;0,000;556,750;605,050;25,00;1126,150;263,190;0,000;836,300;868,600;854,100;325,250;;;;;0,00;0,00;0,00;3,00;2,36;15,622;24,759;0,60;0,56;999998,00;999998,00;999998,00;999998,00;999998,00;999998,00;999998,00;999998,00;999998,00;999998,00;999998,00;999998,00;999998,00;999998,00;999998,00;;;;;;;;;;;;;;;;;210,9245;59,25805;417,9062;0,03579712;0,03579712;0,00042;4,43693;170,3706;17,170533;0,057977;27,067258;29,415437;0,0150;1,4875;7,16;711,97;0,00;0,16;15,43;;886,798;891,551;2,1212675;20,14000;0,65200;0,00800;0,0414500;;0,07;192,00;;;
;;193;15,16800;4,06200;0,043000;89,275;96,05;-71,7501;0,000;100,988;27,300;0,000;550,150;595,650;25,00;1126,017;263,190;0,000;835,900;868,500;854,200;325,250;;;;;0,00;0,00;0,00;3,00;2,36;15,597;24,740;0,59;0,57;999998,00;999998,00;999998,00;999998,00;999998,00;999998,00;999998,00;999998,00;999998,00;999998,00;999998,00;999998,00;999998,00;999998,00;999998,00;;;;;;;;;;;;;;;;;176,2398;60,66794;359,4421;0,02921549;0,02921549;0,00087;4,21899;170,5469;17,160659;0,041364;26,731010;28,941790;0,0105;1,0442;7,17;713,01;0,00;0,12;12,76;;883,206;884,660;1,7724440;20,28100;0,51700;0,01100;0,0346295;;0,04;193,00;;;
;;194;15,54600;3,72800;0,035000;86,050;98,43;-71,7802;0,000;100,988;27,300;0,000;543,650;586,650;25,00;1125,717;263,190;0,000;835,000;868,500;854,200;325,250;;;;;0,00;0,00;0,00;3,00;2,36;15,618;24,756;0,59;0,58;999998,00;999998,00;999998,00;999998,00;999998,00;999998,00;999998,00;999998,00;999998,00;999998,00;999998,00;999998,00;999998,00;999998,00;999998,00;;;;;;;;;;;;;;;;;139,4162;44,33352;131,4768;0,03162638;0,03162638;-0,00258;3,17618;170,6863;16,948269;0,016838;26,088254;28,151704;0,0042;0,4135;7,17;713,43;0,00;0,10;10,05;;879,467;884,660;1,4021090;20,41800;0,43500;-0,01200;0,0277155;;0,01;194,00;;;
;;195;15,96500;3,26100;0,016000;83,575;99,08;-71,8101;0,000;100,992;27,300;0,000;537,550;578,150;25,00;1125,183;263,190;0,000;833,400;868,500;854,200;325,250;;;;;0,00;0,00;0,00;3,00;2,36;15,610;24,753;0,59;0,58;999998,00;999998,00;999998,00;999998,00;999998,00;999998,00;999998,00;999998,00;999998,00;999998,00;999998,00;999998,00;999998,00;999998,00;999998,00;;;;;;;;;;;;;;;;;111,1524;0,00000;124,2122;0,01994832;0,01994832;-0,00137;3,98491;170,7974;16,797256;0,010273;25,565688;27,496610;0,0025;0,2464;7,18;713,67;0,00;0,08;8,02;;875,599;877,061;1,1178600;20,52300;0,35700;-0,00400;0,0222832;;-0,02;195,00;;;
;;196;16,39600;2,83100;0,026000;84,900;99,76;-71,8201;0,000;100,992;27,300;0,000;531,650;569,950;25,00;1124,850;263,190;0,000;832,400;868,500;854,200;325,250;;;;;0,00;0,00;0,00;3,00;2,36;15,605;24,767;0,59;0,58;999998,00;999998,00;999998,00;999998,00;999998,00;999998,00;999998,00;999998,00;999998,00;999998,00;999998,00;999998,00;999998,00;999998,00;999998,00;;;;;;;;;;;;;;;;;90,6060;0,00000;0,0000;0,00835164;0,00835164;0,00042;8,02325;170,8881;17,023566;0,003392;25,625753;27,471828;0,0008;0,0813;7,18;713,75;0,00;0,07;6,61;;871,647;877,061;0,9112250;20,60400;0,30500;0,00800;0,0179155;;-0,03;196,00;;;
;;197;16,87600;2,25400;0,021000;86,125;100,03;-71,8301;0,000;100,994;27,300;0,000;526,050;562,150;25,00;1124,983;263,190;0,000;832,600;868,600;854,300;325,250;;;;;0,00;0,00;0,00;3,00;2,36;15,620;24,772;0,59;0,58;999998,00;999998,00;999998,00;999998,00;999998,00;999998,00;999998,00;999998,00;999998,00;999998,00;999998,00;999998,00;999998,00;999998,00;999998,00;;;;;;;;;;;;;;;;;74,6784;0,00000;15,7317;0,01084391;0,01084391;0,00042;5,25872;170,9627;17,236961;0,000709;25,673672;27,435519;0,0002;0,0170;7,18;713,77;0,00;0,06;5,48;;867,642;869,100;0,7510406;20,66800;0,26400;0,00800;0,0145783;;-0,04;197,00;;;
;;198;17,31000;1,80800;0,020000;83,200;100,27;-71,8401;0,000;100,994;27,300;0,000;520,550;554,750;25,00;1124,817;263,190;0,000;832,000;868,700;854,300;325,250;;;;;0,00;0,00;0,00;3,00;2,36;15,593;24,767;0,59;0,58;999998,00;999998,00;999998,00;999998,00;999998,00;999998,00;999998,00;999998,00;999998,00;999998,00;999998,00;999998,00;999998,00;999998,00;999998,00;;;;;;;;;;;;;;;;;61,8385;0,00000;0,0000;0,00500488;0,00500488;0,00027;9,12133;171,0246;17,030996;-0,001724;25,101678;26,750852;-0,0004;-0,0402;7,18;713,77;0,00;0,05;4,51;;863,604;869,100;0,6219102;20,71600;0,22300;0,00700;0,0122148;;-0,05;198,00;;;
;;199;17,92500;1,34700;0,007000;83,725;100,29;-71,8401;0,000;100,994;27,300;0,000;515,350;547,650;25,00;1124,617;263,190;0,000;831,300;868,800;854,300;325,250;;;;;0,00;0,00;0,00;3,00;2,36;15,595;24,780;0,59;0,58;999998,00;999998,00;999998,00;999998,00;999998,00;999998,00;999998,00;999998,00;999998,00;999998,00;999998,00;999998,00;999998,00;999998,00;999998,00;;;;;;;;;;;;;;;;;51,2129;0,00000;0,0000;-0,00166829;-0,00166829;0,00118;-23,80577;171,0758;17,170622;-0,001916;25,054664;26,624986;-0,0004;-0,0445;7,18;713,77;0,00;0,04;3,79;;859,549;860,998;0,5150481;20,75600;0,19900;0,01300;0,0100320;;-0,05;199,00;;;
;;200;18,54900;1,06000;0,025000;82,425;100,31;-71,8401;0,000;100,994;27,300;0,000;510,350;540,850;25,00;1124,283;263,190;0,000;830,200;868,900;854,300;325,250;;;;;0,00;0,00;0,00;3,00;2,36;15,582;24,751;0,58;0,58;999998,00;999998,00;999998,00;999998,00;999998,00;999998,00;999998,00;999998,00;999998,00;999998,00;999998,00;999998,00;999998,00;999998,00;999998,00;;;;;;;;;;;;;;;;;42,6308;0,00000;0,0000;0,00583903;0,00583903;0,00299;5,70411;171,1184;17,120049;-0,002092;24,738502;26,216948;-0,0005;-0,0478;7,18;713,77;0,00;0,03;3,22;;855,486;860,998;0,4287375;20,78600;0,17500;0,02500;0,0083753;;-0,05;200,00;;;
;;201;19,11900;0,80100;0,008000;82,850;100,29;-71,8501;0,000;100,986;27,300;0,000;505,550;534,450;25,00;1124,550;263,190;0,000;830,800;869,000;854,400;325,250;;;;;0,00;0,00;0,00;3,00;2,36;15,606;24,759;0,58;0,58;999998,00;999998,00;999998,00;999998,00;999998,00;999998,00;999998,00;999998,00;999998,00;999998,00;999998,00;999998,00;999998,00;999998,00;999998,00;;;;;;;;;;;;;;;;;39,3066;0,00000;0,0000;0,00583903;0,00583903;0,00133;5,11272;171,1577;17,245421;-0,001856;24,685287;26,096433;-0,0004;-0,0422;7,18;713,77;0,00;0,03;2,92;;851,433;852,881;0,3953065;20,80300;0,16100;0,01400;0,0076647;;-0,06;201,00;;;
;;202;19,57200;0,65200;0,021000;81,800;100,27;-71,8501;0,000;100,988;27,300;0,000;500,950;528,450;25,00;1124,150;263,190;0,000;829,500;869,100;854,400;325,250;;;;;0,00;0,00;0,00;3,00;2,36;15,521;24,761;0,58;0,58;999998,00;999998,00;999998,00;999998,00;999998,00;999998,00;999998,00;999998,00;999998,00;999998,00;999998,00;999998,00;999998,00;999998,00;999998,00;;;;;;;;;;;;;;;;;33,7445;0,00000;0,0000;-0,00083415;-0,00083415;0,00300;-31,93235;171,1915;17,214288;-0,001637;24,416517;25,756879;-0,0004;-0,0368;7,18;713,77;0,00;0,03;2,57;;847,399;852,881;0,3393682;20,82100;0,14900;0,02500;0,0065924;;-0,06;202,00;;;
;;203;19,90400;0,51700;0,008000;82,600;100,33;-71,8501;0,000;100,990;27,400;0,000;496,650;522,750;25,00;1123,850;263,190;0,000;828,500;869,200;854,400;325,250;;;;;0,00;0,00;0,00;3,00;2,37;15,612;24,785;0,58;0,58;999998,00;999998,00;999998,00;999998,00;999998,00;999998,00;999998,00;999998,00;999998,00;999998,00;999998,00;999998,00;999998,00;999998,00;999998,00;;;;;;;;;;;;;;;;;32,2783;0,00000;0,0000;0,00083415;0,00083415;-0,00050;29,99415;171,2237;17,372984;-0,002233;24,430093;25,713946;-0,0005;-0,0501;7,18;713,77;0,00;0,03;2,36;;843,387;844,831;0,3246224;20,83300;0,14200;0,00200;0,0062463;;-0,06;203,00;;;
;;204;20,14000;0,43500;0,011000;80,700;100,30;-71,8501;0,000;100,990;27,400;0,000;492,550;517,350;25,00;1123,717;263,190;0,000;827,900;869,400;854,400;325,250;;;;;0,00;0,00;0,00;3,00;2,37;15,585;24,769;0,58;0,58;999998,00;999998,00;999998,00;999998,00;999998,00;999998,00;999998,00;999998,00;999998,00;999998,00;999998,00;999998,00;999998,00;999998,00;999998,00;;;;;;;;;;;;;;;;;29,7082;0,00000;0,0000;-0,00583903;-0,00583903;-0,00064;-3,98157;171,2535;17,243333;-0,001946;24,047604;25,258406;-0,0004;-0,0429;7,18;713,77;0,00;0,02;2,18;;839,405;844,831;0,2987750;20,84200;0,13600;0,00100;0,0057918;;-0,06;204,00;;;
;;205;20,28100;0,35700;-0,012000;81,975;100,28;-71,8401;0,000;100,990;27,400;0,000;488,750;512,350;25,00;1123,850;263,190;0,000;828,000;869,600;854,500;325,250;;;;;0,00;0,00;0,00;3,00;2,37;15,624;24,791;0,58;0,58;999998,00;999998,00;999998,00;999998,00;999998,00;999998,00;999998,00;999998,00;999998,00;999998,00;999998,00;999998,00;999998,00;999998,00;999998,00;;;;;;;;;;;;;;;;;29,0336;0,00000;0,0000;-0,00583903;-0,00583903;-0,00173;-3,75395;171,2825;17,446444;-0,001765;24,143152;25,308939;-0,0004;-0,0390;7,18;713,77;0,00;0,02;2,09;;835,454;836,888;0,2919907;20,84800;0,13000;-0,00600;0,0055937;;-0,05;205,00;;;
;;206;20,41800;0,30500;-0,004000;82,500;100,26;-71,8401;0,000;100,988;27,400;0,000;485,150;507,550;25,00;1123,717;263,190;0,000;827,400;869,800;854,500;325,250;;;;;0,00;0,00;0,00;3,00;2,37;15,555;24,769;0,58;0,57;999998,00;999998,00;999998,00;999998,00;999998,00;999998,00;999998,00;999998,00;999998,00;999998,00;999998,00;999998,00;999998,00;999998,00;999998,00;;;;;;;;;;;;;;;;;27,6899;0,00000;0,0000;0,00083415;0,00083415;-0,00252;24,84683;171,3102;17,567038;-0,001603;24,130974;25,245132;-0,0004;-0,0353;7,18;713,77;0,00;0,02;1,96;;831,536;836,888;0,2784769;20,85500;0,12500;-0,01100;0,0052975;;-0,05;206,00;;;
;;207;20,52300;0,26400;0,008000;82,550;100,24;-71,8401;0,000;100,984;27,400;0,000;481,650;503,050;25,00;1124,017;263,190;0,000;828,000;870,000;854,600;325,250;;;;;0,00;0,00;0,00;3,00;2,37;15,605;24,772;0,58;0,57;999998,00;999998,00;999998,00;999998,00;999998,00;999998,00;999998,00;999998,00;999998,00;999998,00;999998,00;999998,00;999998,00;999998,00;999998,00;;;;;;;;;;;;;;;;;23,7375;0,00000;0,0000;0,00083415;0,00083415;0,00183;23,32579;171,3339;17,636092;-0,001424;24,051058;25,119661;-0,0003;-0,0312;7,18;713,77;0,00;0,02;1,82;;827,643;829,057;0,2387280;20,86300;0,12000;0,01700;0,0045255;;-0,05;207,00;;;
;;208;20,60400;0,22300;0,008000;83,275;100,26;-71,8401;0,000;100,984;27,400;0,000;478,250;498,650;25,00;1124,017;263,190;0,000;827,700;870,200;854,700;325,250;;;;;0,00;0,00;0,00;3,00;2,37;15,570;24,769;0,58;0,57;999998,00;999998,00;999998,00;999998,00;999998,00;999998,00;999998,00;999998,00;999998,00;999998,00;999998,00;999998,00;999998,00;999998,00;999998,00;;;;;;;;;;;;;;;;;23,0844;0,00000;0,0000;-0,00583903;-0,00583903;-0,00004;-3,17226;171,3570;17,776221;-0,001560;24,071031;25,097792;-0,0003;-0,0342;7,18;713,77;0,00;0,02;1,71;;823,776;829,057;0,2321595;20,86900;0,11600;0,00500;0,0043652;;-0,05;208,00;;;
;;209;20,66800;0,19900;0,007000;82,500;100,18;-71,8301;0,000;100,992;27,400;0,000;475,050;494,450;25,00;1124,383;263,190;0,000;828,500;870,400;854,800;325,250;;;;;0,00;0,00;0,00;3,00;2,37;15,605;24,775;0,58;0,57;999998,00;999998,00;999998,00;999998,00;999998,00;999998,00;999998,00;999998,00;999998,00;999998,00;999998,00;999998,00;999998,00;999998,00;999998,00;;;;;;;;;;;;;;;;;21,6440;0,00000;0,0000;-0,00583903;-0,00583903;0,00106;-2,93532;171,3786;17,752802;-0,000809;23,878470;24,853615;-0,0002;-0,0175;7,18;713,77;0,00;0,02;1,63;;819,942;821,340;0,2176737;20,87300;0,11100;0,01200;0,0040988;;-0,04;209,00;;;
;;210;20,71600;0,17500;0,013000;81,600;100,26;-71,8301;0,000;100,988;27,400;0,000;471,850;490,450;25,10;1124,683;263,190;0,000;829,000;870,700;854,900;325,250;;;;;0,00;0,00;0,00;3,00;2,37;15,578;24,769;0,58;0,57;999998,00;999998,00;999998,00;999998,00;999998,00;999998,00;999998,00;999998,00;999998,00;999998,00;999998,00;999998,00;999998,00;999998,00;999998,00;;;;;;;;;;;;;;;;;20,1414;0,00000;0,0000;0,00000000;0,00000000;0,00137;Infinity;171,3988;17,715471;-0,001576;23,667747;24,600714;-0,0003;-0,0338;7,18;713,77;0,00;0,02;1,53;;816,137;821,340;0,2025618;20,87800;0,10700;0,01400;0,0038224;;-0,04;210,00;;;
;;211;20,75600;0,16100;0,025000;81,000;100,29;-71,8301;0,000;100,988;27,400;0,000;468,950;486,750;25,10;1124,783;263,190;0,000;829,000;870,900;855,000;325,250;;;;;0,00;0,00;0,00;3,00;2,37;15,555;24,775;0,58;0,57;999998,00;999998,00;999998,00;999998,00;999998,00;999998,00;999998,00;999998,00;999998,00;999998,00;999998,00;999998,00;999998,00;999998,00;999998,00;;;;;;;;;;;;;;;;;17,8362;0,00000;0,0000;0,00583903;0,00583903;0,00231;2,50955;171,4166;17,704711;-0,001892;23,507998;24,400295;-0,0004;-0,0403;7,18;713,77;0,00;0,01;1,40;;812,359;813,742;0,1793785;20,88500;0,10200;0,02000;0,0033875;;-0,04;211,00;;;
;;212;20,78600;0,14900;0,014000;84,450;100,25;-71,8401;0,000;100,988;27,400;0,000;466,050;483,150;25,00;1125,183;263,190;0,000;829,900;871,100;855,100;325,250;;;;;0,00;0,00;0,00;3,00;2,37;15,578;24,764;0,58;0,57;999998,00;999998,00;999998,00;999998,00;999998,00;999998,00;999998,00;999998,00;999998,00;999998,00;999998,00;999998,00;999998,00;999998,00;999998,00;;;;;;;;;;;;;;;;;16,9998;0,00000;0,0000;0,00583903;0,00583903;0,00124;2,42774;171,4336;18,133982;-0,001459;23,929077;24,807067;-0,0003;-0,0316;7,18;713,77;0,00;0,01;1,31;;808,609;813,742;0,1709668;20,89100;0,09900;0,01300;0,0031516;;-0,05;212,00;;;
;;213;20,80300;0,14200;0,025000;84,950;100,21;-71,8401;0,000;100,990;27,400;0,000;463,250;479,550;25,00;1125,383;263,196;0,000;830,200;871,300;855,200;325,250;;;;;0,00;0,00;0,00;3,00;2,37;15,595;24,783;0,58;0,57;999998,00;999998,00;999998,00;999998,00;999998,00;999998,00;999998,00;999998,00;999998,00;999998,00;999998,00;999998,00;999998,00;999998,00;999998,00;;;;;;;;;;;;;;;;;16,9104;0,00000;0,0000;-0,00083415;-0,00083415;-0,00149;-15,75657;171,4505;18,242467;-0,001132;23,927607;24,769528;-0,0002;-0,0245;7,18;713,77;0,00;0,01;1,22;;804,892;806,265;0,1700676;20,89600;0,09500;-0,00400;0,0031150;;-0,05;213,00;;;
;;214;20,82100;0,13600;0,002000;84,975;100,21;-71,8401;0,000;100,986;27,400;0,000;460,550;476,250;25,10;1125,517;263,196;0,000;830,400;871,500;855,200;325,250;;;;;0,00;0,00;0,00;3,00;2,37;15,574;24,761;0,58;0,57;999998,00;999998,00;999998,00;999998,00;999998,00;999998,00;999998,00;999998,00;999998,00;999998,00;999998,00;999998,00;999998,00;999998,00;999998,00;;;;;;;;;;;;;;;;;16,1146;0,00000;0,0000;0,00083415;0,00083415;-0,00149;15,13323;171,4666;18,298555;-0,001102;23,861286;24,674710;-0,0002;-0,0237;7,18;713,77;0,00;0,01;1,16;;801,208;806,265;0,1620650;20,89900;0,09300;-0,00400;0,0029592;;-0,05;214,00;;;
;;215;20,83300;0,13000;0,001000;85,225;100,21;-71,8401;0,000;100,988;27,400;0,000;458,050;473,050;25,10;1125,517;263,196;0,000;830,200;871,600;855,300;325,250;;;;;0,00;0,00;0,00;3,00;2,38;15,620;24,759;0,58;0,58;999998,00;999998,00;999998,00;999998,00;999998,00;999998,00;999998,00;999998,00;999998,00;999998,00;999998,00;999998,00;999998,00;999998,00;999998,00;;;;;;;;;;;;;;;;;15,5389;0,00000;0,0000;-0,00583903;-0,00583903;-0,00182;-2,02643;171,4822;18,375394;-0,001056;23,831415;24,611834;-0,0002;-0,0227;7,18;713,77;0,00;0,01;1,10;;797,555;798,915;0,1562746;20,90200;0,09000;-0,00600;0,0028413;;-0,05;215,00;;;
;;216;20,84200;0,12500;-0,006000;85,800;100,20;-71,8301;0,000;100,988;27,400;0,000;455,650;470,050;25,10;1125,550;263,196;0,000;829,900;871,900;855,400;325,250;;;;;0,00;0,00;0,00;3,00;2,38;15,606;24,783;0,58;0,58;999998,00;999998,00;999998,00;999998,00;999998,00;999998,00;999998,00;999998,00;999998,00;999998,00;999998,00;999998,00;999998,00;999998,00;999998,00;;;;;;;;;;;;;;;;;14,0069;0,00000;0,0000;-0,00583903;-0,00583903;-0,00004;-1,94166;171,4962;18,485771;-0,000993;23,848947;24,602650;-0,0002;-0,0213;7,18;713,77;0,00;0,01;1,05;;793,931;798,915;0,1408679;20,90500;0,08800;0,00500;0,0025467;;-0,04;216,00;;;
;;217;20,84800;0,12000;-0,011000;83,475;100,26;-71,8301;0,000;100,990;27,400;0,000;453,450;467,250;25,10;1125,817;263,196;0,000;830,500;872,100;855,400;325,250;;;;;0,00;0,00;0,00;3,00;2,38;15,641;24,793;0,58;0,58;999998,00;999998,00;999998,00;999998,00;999998,00;999998,00;999998,00;999998,00;999998,00;999998,00;999998,00;999998,00;999998,00;999998,00;999998,00;;;;;;;;;;;;;;;;;13,9700;0,00000;0,0000;0,00166829;0,00166829;-0,00230;6,38385;171,5102;18,277766;-0,001554;23,466741;24,180913;-0,0003;-0,0328;7,18;713,77;0,00;0,01;0,98;;790,337;791,688;0,1404962;20,90800;0,08600;-0,00900;0,0025677;;-0,04;217,00;;;
;;218;20,85500;0,11600;0,017000;84,900;100,19;-71,8301;0,000;100,990;27,400;0,000;451,250;464,550;25,10;1126,117;263,196;0,000;831,200;872,200;855,500;325,250;;;;;0,00;0,00;0,00;3,00;2,38;15,614;24,783;0,58;0,58;999998,00;999998,00;999998,00;999998,00;999998,00;999998,00;999998,00;999998,00;999998,00;999998,00;999998,00;999998,00;999998,00;999998,00;999998,00;;;;;;;;;;;;;;;;;13,2314;0,00000;0,0000;-0,00667318;-0,00667318;-0,00069;-1,52866;171,5234;18,477995;-0,000865;23,608714;24,304549;-0,0002;-0,0183;7,18;713,77;0,00;0,01;0,97;;786,774;791,688;0,1330686;20,90900;0,08400;0,00100;0,0024064;;-0,04;218,00;;;
;;219;20,86300;0,11100;0,005000;84,900;100,19;-71,8201;0,000;100,990;27,400;0,000;451,250;464,550;25,10;1126,283;263,196;0,000;831,400;872,500;855,500;325,250;;;;;0,00;0,00;0,00;3,00;2,38;15,595;24,807;0,58;0,58;999998,00;999998,00;999998,00;999998,00;999998,00;999998,00;999998,00;999998,00;999998,00;999998,00;999998,00;999998,00;999998,00;999998,00;999998,00;;;;;;;;;;;;;;;;;12,3053;0,00000;0,0000;-0,00083415;-0,00083415;-0,00053;-11,55114;171,5357;18,477995;-0,000865;23,608714;24,304549;-0,0002;-0,0183;7,18;713,77;0,00;0,01;0,91;;783,240;784,578;0,1237540;20,91200;0,08200;0,00200;0,0022380;;-0,03;219,00;;;
;;220;20,86900;0,10700;0,012000;85,575;100,17;-71,8301;0,000;100,990;27,400;0,000;449,050;461,950;25,10;1126,517;263,196;0,000;831,900;872,600;855,600;325,250;;;;;0,00;0,00;0,00;3,00;2,38;15,614;24,777;0,58;0,58;999998,00;999998,00;999998,00;999998,00;999998,00;999998,00;999998,00;999998,00;999998,00;999998,00;999998,00;999998,00;999998,00;999998,00;999998,00;;;;;;;;;;;;;;;;;11,0823;0,00000;-12,4766;0,01251221;0,01251221;0,00128;0,72952;171,5468;18,596692;-0,000732;23,644529;24,323774;-0,0002;-0,0155;7,18;713,77;0,00;0,01;0,87;;779,733;784,578;0,1114546;20,91400;0,08000;0,01300;0,0020036;;-0,04;220,00;;;
;;221;20,87300;0,10200;0,014000;86,275;100,23;-71,8401;0,000;100,986;27,400;0,000;447,050;459,450;25,10;1126,650;263,196;0,000;832,000;872,800;855,700;325,250;;;;;0,00;0,00;0,00;3,00;2,38;15,601;24,785;0,58;0,58;999998,00;999998,00;999998,00;999998,00;999998,00;999998,00;999998,00;999998,00;999998,00;999998,00;999998,00;999998,00;999998,00;999998,00;999998,00;;;;;;;;;;;;;;;;;9,7363;0,00000;0,0000;0,00500488;0,00500488;0,00178;1,72084;171,5565;18,714319;-0,001255;23,688109;24,345156;-0,0003;-0,0266;7,18;713,77;0,00;0,01;0,80;;776,252;777,577;0,0979179;20,91800;0,07800;0,01600;0,0017496;;-0,05;221,00;;;
;;222;20,87800;0,09900;0,020000;86,625;100,18;-71,8401;0,000;100,994;27,400;0,000;445,150;457,050;25,00;1126,717;263,196;0,000;832,000;873,000;855,700;325,250;;;;;0,00;0,00;0,00;3,00;2,38;15,614;24,777;0,58;0,58;999998,00;999998,00;999998,00;999998,00;999998,00;999998,00;999998,00;999998,00;999998,00;999998,00;999998,00;999998,00;999998,00;999998,00;999998,00;;;;;;;;;;;;;;;;;10,7010;0,00000;0,0000;-0,00083415;-0,00083415;-0,00020;-10,02308;171,5672;18,792218;-0,000789;23,685616;24,318793;-0,0002;-0,0167;7,18;713,77;0,00;0,01;0,80;;772,801;777,577;0,1076204;20,91800;0,07700;0,00400;0,0019138;;-0,05;222,00;;;
;;223;20,88500;0,09500;0,013000;86,350;100,20;-71,8401;0,000;100,988;27,400;0,000;443,250;454,750;25,10;1126,883;263,196;0,000;832,300;873,200;855,700;325,250;;;;;0,00;0,00;0,00;3,00;2,38;15,614;24,796;0,58;0,58;999998,00;999998,00;999998,00;999998,00;999998,00;999998,00;999998,00;999998,00;999998,00;999998,00;999998,00;999998,00;999998,00;999998,00;999998,00;;;;;;;;;;;;;;;;;10,2447;0,00000;0,0000;0,00000000;0,00000000;-0,00054;Infinity;171,5775;18,802534;-0,000963;23,597468;24,209698;-0,0002;-0,0203;7,18;713,77;0,00;0,01;0,76;;769,383;770,693;0,1030309;20,92000;0,07600;0,00200;0,0018310;;-0,05;223,00;;;
;;224;20,89100;0,09300;-0,004000;88,500;100,15;-71,8401;0,000;100,996;27,400;0,000;441,350;452,550;25,00;1126,950;263,196;0,000;832,300;873,300;855,800;325,250;;;;;0,00;0,00;0,00;3,00;2,38;15,616;24,785;0,58;0,58;999998,00;999998,00;999998,00;999998,00;999998,00;999998,00;999998,00;999998,00;999998,00;999998,00;999998,00;999998,00;999998,00;999998,00;999998,00;;;;;;;;;;;;;;;;;9,7799;0,00000;0,0000;0,00000000;0,00000000;-0,00038;Infinity;171,5872;19,076103;-0,000529;23,838178;24,443112;-0,0001;-0,0113;7,18;713,77;0,00;0,01;0,73;;765,993;770,693;0,0983565;20,92200;0,07400;0,00300;0,0017230;;-0,05;224,00;;;
;;225;20,89600;0,09000;-0,004000;90,450;100,23;-71,8401;0,000;100,990;27,400;0,000;439,650;450,350;25,00;1127,083;263,196;0,000;832,500;873,500;855,800;325,250;;;;;0,00;0,00;0,00;3,00;2,38;15,622;24,796;0,58;0,58;999998,00;999998,00;999998,00;999998,00;999998,00;999998,00;999998,00;999998,00;999998,00;999998,00;999998,00;999998,00;999998,00;999998,00;999998,00;;;;;;;;;;;;;;;;;10,9481;0,00000;0,0000;-0,00083415;-0,00083415;-0,00345;-8,88736;171,5982;19,322368;-0,001240;24,052914;24,638302;-0,0003;-0,0267;7,18;713,77;0,00;0,01;0,72;;762,634;763,937;0,1101054;20,92300;0,07300;-0,01500;0,0019027;;-0,05;225,00;;;
;;226;20,89900;0,08800;-0,006000;88,900;100,20;-71,8401;0,000;100,990;27,400;0,000;437,950;448,250;25,00;1127,183;263,196;0,000;832,600;873,700;855,800;325,250;;;;;0,00;0,00;0,00;3,00;2,38;15,637;24,817;0,58;0,58;999998,00;999998,00;999998,00;999998,00;999998,00;999998,00;999998,00;999998,00;999998,00;999998,00;999998,00;999998,00;999998,00;999998,00;999998,00;;;;;;;;;;;;;;;;;10,7473;0,00000;0,0000;0,00583903;0,00583903;-0,00360;1,16051;171,6089;19,193236;-0,001019;23,799784;24,359523;-0,0002;-0,0216;7,18;713,77;0,00;0,01;0,69;;759,308;763,937;0,1080856;20,92400;0,07100;-0,01600;0,0018802;;-0,05;226,00;;;
;;227;20,90200;0,08600;0,005000;89,250;100,16;-71,8501;0,000;100,990;27,400;0,000;436,350;446,350;25,00;1127,283;263,196;0,000;832,700;873,800;855,900;325,250;;;;;0,00;0,00;0,00;3,00;2,39;15,648;24,788;0,58;0,58;999998,00;999998,00;999998,00;999998,00;999998,00;999998,00;999998,00;999998,00;999998,00;999998,00;999998,00;999998,00;999998,00;999998,00;999998,00;;;;;;;;;;;;;;;;;8,9109;0,00000;0,0000;0,00583903;0,00583903;-0,00004;1,16491;171,6178;19,266207;-0,000603;23,802987;24,348489;-0,0001;-0,0128;7,18;713,77;0,00;0,01;0,67;;756,006;757,294;0,0896168;20,92500;0,07100;0,00500;0,0015545;;-0,06;227,00;;;
;;228;20,90500;0,08400;-0,009000;89,025;100,28;-71,8501;0,000;100,988;27,400;0,000;434,750;444,350;25,00;1127,450;263,196;0,000;833,000;874,000;855,900;325,250;;;;;0,00;0,00;0,00;3,00;2,39;15,656;24,775;0,58;0,58;999998,00;999998,00;999998,00;999998,00;999998,00;999998,00;999998,00;999998,00;999998,00;999998,00;999998,00;999998,00;999998,00;999998,00;999998,00;;;;;;;;;;;;;;;;;8,6428;0,00000;0,0000;0,00000000;0,00000000;-0,00021;Infinity;171,6265;19,277282;-0,001742;23,729340;24,253323;-0,0004;-0,0368;7,18;713,77;0,00;0,01;0,65;;752,729;757,294;0,0869206;20,92600;0,07100;0,00400;0,0015068;;-0,06;228,00;;;
;;229;20,90800;0,08200;0,001000;88,200;100,14;-71,8501;0,000;100,992;27,300;0,000;433,250;442,450;25,00;1127,583;263,196;0,000;833,100;874,200;856,000;325,250;;;;;0,00;0,00;0,00;3,00;2,39;15,650;24,796;0,58;0,58;999998,00;999998,00;999998,00;999998,00;999998,00;999998,00;999998,00;999998,00;999998,00;999998,00;999998,00;999998,00;999998,00;999998,00;999998,00;;;;;;;;;;;;;;;;;6,4887;0,00000;0,0000;-0,00500488;-0,00500488;0,00267;-1,23829;171,6330;19,220939;-0,000420;23,578352;24,079035;-0,0001;-0,0088;7,18;713,77;0,00;0,01;0,58;;749,475;750,747;0,0652572;20,92900;0,06900;0,02100;0,0011361;;-0,06;229,00;;;
;;230;20,90900;0,08000;0,002000;90,700;100,20;-71,8401;0,000;100,992;27,300;0,000;431,650;440,650;25,00;1127,617;263,196;0,000;833,100;874,300;856,000;325,250;;;;;0,00;0,00;0,00;3,00;2,39;15,671;24,796;0,58;0,58;999998,00;999998,00;999998,00;999998,00;999998,00;999998,00;999998,00;999998,00;999998,00;999998,00;999998,00;999998,00;999998,00;999998,00;999998,00;;;;;;;;;;;;;;;;;6,6848;0,00000;0,0000;-0,01167806;-0,01167806;0,00186;-0,51356;171,6397;19,527532;-0,000964;23,865986;24,363597;-0,0002;-0,0205;7,18;713,77;0,00;0,01;0,57;;746,245;750,747;0,0672294;20,93000;0,06800;0,01600;0,0011516;;-0,05;230,00;;;
;;231;20,91200;0,07800;0,013000;91,050;100,19;-71,8301;0,000;100,980;27,300;0,000;430,250;438,850;25,00;1127,683;263,196;0,000;833,100;874,500;856,000;325,250;;;;;0,00;0,00;0,00;3,00;2,39;15,700;24,791;0,58;0,58;999998,00;999998,00;999998,00;999998,00;999998,00;999998,00;999998,00;999998,00;999998,00;999998,00;999998,00;999998,00;999998,00;999998,00;999998,00;;;;;;;;;;;;;;;;;6,8758;0,00000;0,0000;-0,00500488;-0,00500488;0,00082;-1,14264;171,6465;19,596979;-0,000847;23,873181;24,350366;-0,0002;-0,0180;7,18;713,77;0,00;0,01;0,55;;743,044;744,305;0,0691496;20,93100;0,06700;0,01000;0,0011797;;-0,04;231,00;;;
;;232;20,91400;0,07700;0,016000;89,225;100,16;-71,8301;0,000;100,990;27,300;0,000;428,950;437,250;25,00;1127,750;263,196;0,000;833,200;874,600;856,000;325,250;;;;;0,00;0,00;0,00;3,00;2,39;15,595;24,791;0,58;0,57;999998,00;999998,00;999998,00;999998,00;999998,00;999998,00;999998,00;999998,00;999998,00;999998,00;999998,00;999998,00;999998,00;999998,00;999998,00;;;;;;;;;;;;;;;;;6,3391;0,00000;0,0000;0,00083415;0,00083415;0,00047;6,44050;171,6529;19,428959;-0,000535;23,596983;24,053575;-0,0001;-0,0112;7,18;713,77;0,00;0,01;0,51;;739,869;744,305;0,0637525;20,93300;0,06600;0,00800;0,0010970;;-0,04;232,00;;;
;;233;20,91800;0,07600;0,004000;91,600;100,22;-71,8301;0,000;100,990;27,300;0,000;427,550;435,550;25,00;1127,883;263,196;0,000;833,300;874,800;856,100;325,250;;;;;0,00;0,00;0,00;3,00;2,39;15,664;24,799;0,58;0,57;999998,00;999998,00;999998,00;999998,00;999998,00;999998,00;999998,00;999998,00;999998,00;999998,00;999998,00;999998,00;999998,00;999998,00;999998,00;;;;;;;;;;;;;;;;;7,6646;0,00000;0,0000;-0,00083415;-0,00083415;-0,00074;-6,53628;171,6605;19,718046;-0,001145;23,869925;24,316562;-0,0002;-0,0243;7,18;713,77;0,00;0,01;0,56;;736,724;737,978;0,0770830;20,93100;0,06600;0,00100;0,0013062;;-0,04;233,00;;;
;;234;20,91800;0,07400;0,002000;88,825;100,19;-71,8301;0,000;100,990;27,300;0,000;426,250;434,050;25,00;1127,983;263,196;0,000;833,500;874,900;856,100;325,250;;;;;0,00;0,00;0,00;3,00;2,39;15,673;24,793;0,57;0,57;999998,00;999998,00;999998,00;999998,00;999998,00;999998,00;999998,00;999998,00;999998,00;999998,00;999998,00;999998,00;999998,00;999998,00;999998,00;;;;;;;;;;;;;;;;;7,5040;0,00000;0,0000;0,00500488;0,00500488;-0,00124;1,01491;171,6680;19,446659;-0,000863;23,469815;23,899292;-0,0002;-0,0180;7,18;713,77;0,00;0,01;0,53;;733,608;737,978;0,0754673;20,93200;0,06500;-0,00200;0,0012964;;-0,04;234,00;;;
;;235;20,92000;0,07300;0,003000;91,875;100,23;-71,8401;0,000;100,992;27,300;0,000;424,950;432,550;25,00;1128,150;263,196;0,000;833,800;875,100;856,100;325,250;;;;;0,00;0,00;0,00;3,00;2,39;15,650;24,807;0,57;0,57;999998,00;999998,00;999998,00;999998,00;999998,00;999998,00;999998,00;999998,00;999998,00;999998,00;999998,00;999998,00;999998,00;999998,00;999998,00;;;;;;;;;;;;;;;;;7,1376;0,00000;-23,9771;0,01167806;0,01167806;-0,00091;0,44304;171,6752;19,807942;-0,001316;23,832931;24,259170;-0,0003;-0,0278;7,18;713,77;0,00;0,01;0,52;;730,518;731,761;0,0717826;20,93300;0,06500;0,00000;0,0012108;;-0,05;235,00;;;
;;236;20,92200;0,07100;-0,015000;91,900;100,23;-71,8501;0,000;100,992;27,300;0,000;423,850;431,150;25,00;1128,217;263,196;0,000;833,900;875,200;856,100;325,250;;;;;0,00;0,00;0,00;3,00;2,39;15,683;24,804;0,57;0,57;999998,00;999998,00;999998,00;999998,00;999998,00;999998,00;999998,00;999998,00;999998,00;999998,00;999998,00;999998,00;999998,00;999998,00;999998,00;;;;;;;;;;;;;;;;;6,2839;0,00000;0,0000;0,00500488;0,00500488;-0,00022;0,91392;171,6815;19,836327;-0,001278;23,805303;24,215304;-0,0003;-0,0270;7,18;713,77;0,00;0,00;0,47;;727,451;731,761;0,0631974;20,93500;0,06300;0,00400;0,0010647;;-0,06;236,00;;;
;;237;20,92300;0,07100;-0,016000;94,050;100,23;-71,8501;0,000;100,986;27,300;0,000;422,650;429,750;25,00;1128,317;263,196;0,000;834,000;875,400;856,100;325,250;;;;;0,00;0,00;0,00;3,00;2,39;15,709;24,809;0,57;0,56;999998,00;999998,00;999998,00;999998,00;999998,00;999998,00;999998,00;999998,00;999998,00;999998,00;999998,00;999998,00;999998,00;999998,00;999998,00;;;;;;;;;;;;;;;;;6,1770;0,00000;0,0000;0,00000000;0,00000000;-0,00146;Infinity;171,6876;20,095488;-0,001257;24,048041;24,452019;-0,0003;-0,0268;7,18;713,77;0,00;0,00;0,43;;724,407;725,642;0,0621223;20,93700;0,06300;-0,00300;0,0010325;;-0,06;237,00;;;
;;238;20,92400;0,07100;0,005000;91,275;100,12;-71,8501;0,000;100,986;27,300;0,000;421,550;428,350;25,00;1128,417;263,196;0,000;834,200;875,500;856,100;325,250;;;;;0,00;0,00;0,00;3,00;2,39;15,650;24,809;0,57;0,56;999998,00;999998,00;999998,00;999998,00;999998,00;999998,00;999998,00;999998,00;999998,00;999998,00;999998,00;999998,00;999998,00;999998,00;999998,00;;;;;;;;;;;;;;;;;5,4723;0,00000;0,0000;-0,00583903;-0,00583903;0,00101;-0,73085;171,6931;19,822616;-0,000209;23,659760;24,041414;0,0000;-0,0044;7,18;713,77;0,00;0,00;0,45;;721,388;725,642;0,0550353;20,93600;0,06200;0,01100;0,0009285;;-0,06;238,00;;;
;;239;20,92500;0,06900;0,004000;94,850;100,21;-71,8401;0,000;100,986;27,300;0,000;420,450;427,050;25,00;1128,483;263,196;0,000;834,200;875,700;856,100;325,250;;;;;0,00;0,00;0,00;3,00;2,39;15,652;24,796;0,57;0,56;999998,00;999998,00;999998,00;999998,00;999998,00;999998,00;999998,00;999998,00;999998,00;999998,00;999998,00;999998,00;999998,00;999998,00;999998,00;;;;;;;;;;;;;;;;;5,8925;0,00000;0,0000;-0,00583903;-0,00583903;0,00032;-0,74600;171,6990;20,233504;-0,001046;24,087167;24,465274;-0,0002;-0,0223;7,18;713,77;0,00;0,00;0,46;;718,394;719,620;0,0592604;20,93600;0,06200;0,00700;0,0009791;;-0,05;239,00;;;
;;240;20,92600;0,06800;0,021000;95,450;100,21;-71,8401;0,000;100,986;27,300;0,000;419,350;425,850;25,00;1128,483;263,203;0,000;834,100;875,800;856,100;325,250;;;;;0,00;0,00;0,00;3,00;2,40;15,645;24,809;0,56;0,56;999998,00;999998,00;999998,00;999998,00;999998,00;999998,00;999998,00;999998,00;999998,00;999998,00;999998,00;999998,00;999998,00;999998,00;999998,00;;;;;;;;;;;;;;;;;4,0895;0,00000;0,0000;0,00000000;0,00000000;0,00390;Infinity;171,7031;20,324003;-0,001108;24,131602;24,505646;-0,0002;-0,0237;7,18;713,77;0,00;0,00;0,44;;715,421;719,620;0,0411282;20,93700;0,06100;0,02700;0,0006784;;-0,05;240,00;;;
;;241;20,92900;0,06700;0,016000;94,300;100,21;-71,8401;0,000;100,988;27,300;0,000;418,250;424,550;25,00;1128,517;263,196;0,000;834,000;875,900;856,200;325,250;;;;;0,00;0,00;0,00;3,00;2,40;15,652;24,796;0,56;0,56;999998,00;999998,00;999998,00;999998,00;999998,00;999998,00;999998,00;999998,00;999998,00;999998,00;999998,00;999998,00;999998,00;999998,00;999998,00;;;;;;;;;;;;;;;;;3,9766;0,00000;0,0000;0,00583903;0,00583903;0,00157;0,69276;171,7071;20,227745;-0,001069;23,954312;24,315129;-0,0002;-0,0227;7,18;713,77;0,00;0,00;0,37;;712,469;713,689;0,0399927;20,94000;0,06100;0,01400;0,0006617;;-0,05;241,00;;;
;;242;20,93000;0,06600;0,010000;93,000;100,22;-71,8501;0,000;100,988;27,300;0,000;417,250;423,250;25,00;1128,683;263,203;0,000;834,300;876,100;856,200;325,250;;;;;0,00;0,00;0,00;3,00;2,40;15,664;24,825;0,56;0,56;999998,00;999998,00;999998,00;999998,00;999998,00;999998,00;999998,00;999998,00;999998,00;999998,00;999998,00;999998,00;999998,00;999998,00;999998,00;;;;;;;;;;;;;;;;;6,2764;0,00000;0,0000;0,00583903;0,00583903;-0,00199;0,63607;171,7134;20,111891;-0,001182;23,760169;24,101837;-0,0002;-0,0248;7,18;713,77;0,00;0,00;0,41;;709,546;713,689;0,0631220;20,93800;0,06000;-0,00600;0,0010481;;-0,06;242,00;;;
;;243;20,93100;0,06600;0,008000;92,575;100,26;-71,8501;0,000;100,988;27,300;0,000;416,350;422,150;25,00;1128,817;263,196;0,000;834,600;876,200;856,200;325,350;;;;;0,00;0,00;0,00;3,00;2,40;15,664;24,817;0,57;0,56;999998,00;999998,00;999998,00;999998,00;999998,00;999998,00;999998,00;999998,00;999998,00;999998,00;999998,00;999998,00;999998,00;999998,00;999998,00;;;;;;;;;;;;;;;;;5,8883;0,00000;0,0000;-0,00083415;-0,00083415;-0,00111;-4,44710;171,7192;20,087560;-0,001609;23,680235;24,010115;-0,0003;-0,0337;7,18;713,77;0,00;0,00;0,41;;706,651;707,855;0,0592190;20,93800;0,06000;-0,00100;0,0009848;;-0,06;243,00;;;
;;244;20,93300;0,06500;0,001000;95,375;100,28;-71,8501;0,000;100,988;27,300;0,000;415,350;421,050;25,00;1128,483;263,203;0,000;833,500;876,300;856,200;325,350;;;;;0,00;0,00;0,00;3,00;2,40;15,666;24,801;0,57;0,57;999998,00;999998,00;999998,00;999998,00;999998,00;999998,00;999998,00;999998,00;999998,00;999998,00;999998,00;999998,00;999998,00;999998,00;999998,00;;;;;;;;;;;;;;;;;4,5337;0,00000;0,0000;0,00000000;0,00000000;0,00158;Infinity;171,7238;20,413608;-0,001806;24,006799;24,336253;-0,0004;-0,0383;7,18;713,77;0,00;0,00;0,40;;703,777;707,855;0,0455950;20,93900;0,05900;0,01400;0,0007474;;-0,06;244,00;;;
;;245;20,93100;0,06500;-0,002000;95,350;100,28;-71,8501;0,000;100,990;27,300;0,000;414,350;419,950;25,00;1128,317;263,203;0,000;833,000;876,400;856,100;325,350;;;;;0,00;0,00;0,00;3,00;2,40;15,683;24,796;0,58;0,58;999998,00;999998,00;999998,00;999998,00;999998,00;999998,00;999998,00;999998,00;999998,00;999998,00;999998,00;999998,00;999998,00;999998,00;999998,00;;;;;;;;;;;;;;;;;5,4880;0,00000;0,0000;0,00000000;0,00000000;-0,00149;Infinity;171,7293;20,435548;-0,001806;23,974739;24,298762;-0,0004;-0,0383;7,18;713,77;0,00;0,00;0,37;;700,925;702,124;0,0551924;20,94000;0,05900;-0,00300;0,0009020;;-0,06;245,00;;;
;;246;20,93200;0,06300;0,000000;93,975;100,20;-71,8501;0,000;100,986;27,300;0,000;413,450;418,850;25,00;1128,550;263,196;0,000;833,600;876,500;856,100;325,350;;;;;0,00;0,00;0,00;3,00;2,40;15,688;24,812;0,58;0,58;999998,00;999998,00;999998,00;999998,00;999998,00;999998,00;999998,00;999998,00;999998,00;999998,00;999998,00;999998,00;999998,00;999998,00;999998,00;;;;;;;;;;;;;;;;;4,7045;0,00000;0,0000;-0,00083415;-0,00083415;-0,00058;-4,12361;171,7340;20,309735;-0,000993;23,775384;24,085910;-0,0002;-0,0209;7,18;713,77;0,00;0,00;0,35;;698,096;702,124;0,0473134;20,94100;0,05900;0,00200;0,0007785;;-0,06;246,00;;;
;;247;20,93300;0,06300;0,004000;93,100;100,24;-71,8501;0,000;100,988;27,300;0,000;412,650;417,950;25,00;1128,850;263,196;0,000;834,200;876,700;856,200;325,450;;;;;0,00;0,00;0,00;3,00;2,40;15,713;24,815;0,59;0,59;999998,00;999998,00;999998,00;999998,00;999998,00;999998,00;999998,00;999998,00;999998,00;999998,00;999998,00;999998,00;999998,00;999998,00;999998,00;;;;;;;;;;;;;;;;;5,4903;0,00000;0,0000;0,00583903;0,00583903;-0,00058;0,53387;171,7395;20,234548;-0,001385;23,641533;23,945180;-0,0003;-0,0289;7,18;713,77;0,00;0,00;0,39;;695,290;696,483;0,0552156;20,93900;0,05800;0,00200;0,0009118;;-0,06;247,00;;;
;;248;20,93500;0,06200;-0,003000;94,200;100,26;-71,8601;0,000;100,992;27,300;0,000;411,950;417,050;25,00;1128,917;263,203;0,000;834,300;876,800;856,200;325,350;;;;;0,00;0,00;0,00;3,00;2,40;15,671;24,807;0,59;0,59;999998,00;999998,00;999998,00;999998,00;999998,00;999998,00;999998,00;999998,00;999998,00;999998,00;999998,00;999998,00;999998,00;999998,00;999998,00;;;;;;;;;;;;;;;;;4,1772;0,00000;0,0000;0,00667318;0,00667318;0,00104;0,42357;171,7436;20,371021;-0,001580;23,760610;24,054769;-0,0003;-0,0331;7,18;713,77;0,00;0,00;0,35;;692,506;696,483;0,0420103;20,94100;0,05700;0,01100;0,0006899;;-0,07;248,00;;;
;;249;20,93700;0,06200;0,011000;92,500;100,25;-71,8601;0,000;100,990;27,300;0,000;411,150;416,050;25,00;1128,950;263,203;0,000;834,300;876,900;856,200;325,350;;;;;0,00;0,00;0,00;3,00;2,40;15,723;24,780;0,60;0,59;999998,00;999998,00;999998,00;999998,00;999998,00;999998,00;999998,00;999998,00;999998,00;999998,00;999998,00;999998,00;999998,00;999998,00;999998,00;;;;;;;;;;;;;;;;;4,0101;0,00000;0,0000;-0,00667318;-0,00667318;0,00049;-0,42013;171,7476;20,205999;-0,001466;23,522359;23,802694;-0,0003;-0,0304;7,18;713,77;0,00;0,00;0,33;;689,742;690,927;0,0403297;20,94200;0,05700;0,00800;0,0006675;;-0,07;249,00;;;
;;250;20,93600;0,06100;0,007000;91,250;100,22;-71,8501;0,000;100,994;27,300;0,000;410,250;415,050;25,00;1128,917;263,203;0,000;834,100;877,000;856,200;325,350;;;;;0,00;0,00;0,00;3,00;2,40;15,688;24,823;0,60;0,60;999998,00;999998,00;999998,00;999998,00;999998,00;999998,00;999998,00;999998,00;999998,00;999998,00;999998,00;999998,00;999998,00;999998,00;999998,00;;;;;;;;;;;;;;;;;2,6360;0,00000;0,0000;-0,00583903;-0,00583903;0,00280;-0,47742;171,7503;20,091009;-0,001214;23,337300;23,610350;-0,0003;-0,0250;7,18;713,77;0,00;0,00;0,30;;686,996;690,927;0,0265105;20,94300;0,05700;0,02100;0,0004426;;-0,06;250,00;;;
;;251;20,93600;0,06100;0,027000;97,975;100,20;-71,8501;0,000;100,990;27,300;0,000;409,450;414,150;25,00;1128,983;263,203;0,000;834,200;877,100;856,200;325,450;;;;;0,00;0,00;0,00;3,00;2,40;15,683;24,807;0,60;0,60;999998,00;999998,00;999998,00;999998,00;999998,00;999998,00;999998,00;999998,00;999998,00;999998,00;999998,00;999998,00;999998,00;999998,00;999998,00;;;;;;;;;;;;;;;;;2,4180;0,00000;0,0000;0,00083415;0,00083415;0,00364;3,46626;171,7527;20,838517;-0,001028;24,158388;24,435697;-0,0002;-0,0219;7,18;713,77;0,00;0,00;0,31;;684,269;685,447;0,0243177;20,94300;0,05700;0,02500;0,0003920;;-0,06;251,00;;;
;;252;20,93700;0,06000;0,014000;97,475;100,26;-71,8501;0,000;100,990;27,300;0,000;408,750;413,250;25,00;1128,917;263,203;0,000;833,800;877,200;856,300;325,450;;;;;0,00;0,00;0,00;3,00;2,41;15,709;24,817;0,61;0,60;999998,00;999998,00;999998,00;999998,00;999998,00;999998,00;999998,00;999998,00;999998,00;999998,00;999998,00;999998,00;999998,00;999998,00;999998,00;;;;;;;;;;;;;;;;;3,7926;0,00000;0,0000;-0,00083415;-0,00083415;0,00216;-3,46035;171,7565;20,803065;-0,001569;24,076057;24,341115;-0,0003;-0,0333;7,18;713,77;0,00;0,00;0,36;;681,566;685,447;0,0381426;20,94100;0,05700;0,01700;0,0006140;;-0,06;252,00;;;
;;253;20,94000;0,06000;-0,006000;94,475;100,25;-71,8501;0,000;100,990;27,200;0,000;408,050;412,450;25,00;1129,150;263,203;0,000;834,400;877,300;856,300;325,450;;;;;0,00;0,00;0,00;3,00;2,41;15,725;24,820;0,61;0,60;999998,00;999998,00;999998,00;999998,00;999998,00;999998,00;999998,00;999998,00;999998,00;999998,00;999998,00;999998,00;999998,00;999998,00;999998,00;;;;;;;;;;;;;;;;;3,6993;0,00000;0,0000;0,00583903;0,00583903;0,00068;0,43336;171,7602;20,497994;-0,001441;23,682362;23,937729;-0,0003;-0,0301;7,18;713,77;0,00;0,00;0,31;;678,887;680,052;0,0372034;20,94300;0,05600;0,00900;0,0006071;;-0,06;253,00;;;
;;254;20,93800;0,05900;-0,001000;99,400;100,29;-71,8601;0,000;100,990;27,200;0,000;407,250;411,650;25,10;1129,483;263,203;0,000;835,200;877,500;856,300;325,450;;;;;0,00;0,00;0,00;3,00;2,41;15,702;24,825;0,61;0,61;999998,00;999998,00;999998,00;999998,00;999998,00;999998,00;999998,00;999998,00;999998,00;999998,00;999998,00;999998,00;999998,00;999998,00;999998,00;;;;;;;;;;;;;;;;;3,7392;0,00000;0,0000;0,00667318;0,00667318;-0,00004;0,38933;171,7639;21,046130;-0,001838;24,267979;24,530174;-0,0004;-0,0393;7,18;713,77;0,00;0,00;0,29;;676,229;680,052;0,0376047;20,94400;0,05600;0,00500;0,0005973;;-0,07;254,00;;;
;;255;20,93800;0,05900;0,014000;97,875;100,29;-71,8601;0,000;100,984;27,200;0,000;406,550;410,750;25,00;1129,450;263,203;0,000;835,000;877,500;856,400;325,450;;;;;0,00;0,00;0,00;3,00;2,41;15,711;24,801;0,61;0,61;999998,00;999998,00;999998,00;999998,00;999998,00;999998,00;999998,00;999998,00;999998,00;999998,00;999998,00;999998,00;999998,00;999998,00;999998,00;;;;;;;;;;;;;;;;;4,9805;0,00000;0,0000;-0,00667318;-0,00667318;-0,00281;-0,33873;171,7689;20,902032;-0,001900;24,060394;24,308958;-0,0004;-0,0403;7,18;713,77;0,00;0,00;0,29;;673,594;674,753;0,0500889;20,94400;0,05500;-0,01000;0,0007997;;-0,07;255,00;;;
;;256;20,93900;0,05900;-0,003000;98,400;100,25;-71,8501;0,000;100,984;27,200;0,000;405,950;409,950;25,00;1129,417;263,203;0,000;834,700;877,700;856,400;325,450;;;;;0,00;0,00;0,00;3,00;2,41;15,694;24,809;0,61;0,61;999998,00;999998,00;999998,00;999998,00;999998,00;999998,00;999998,00;999998,00;999998,00;999998,00;999998,00;999998,00;999998,00;999998,00;999998,00;;;;;;;;;;;;;;;;;4,9175;0,00000;0,0000;-0,00583903;-0,00583903;-0,00245;-0,33347;171,7738;20,973498;-0,001531;24,107029;24,344566;-0,0003;-0,0325;7,18;713,77;0,00;0,00;0,29;;670,982;674,753;0,0494555;20,94400;0,05400;-0,00800;0,0007871;;-0,06;256,00;;;
;;257;20,94000;0,05800;0,002000;94,925;100,29;-71,8501;0,000;100,982;27,200;0,000;405,250;409,150;25,10;1129,517;263,203;0,000;834,900;877,800;856,400;325,450;;;;;0,00;0,00;0,00;3,00;2,41;15,694;24,820;0,61;0,61;999998,00;999998,00;999998,00;999998,00;999998,00;999998,00;999998,00;999998,00;999998,00;999998,00;999998,00;999998,00;999998,00;999998,00;999998,00;;;;;;;;;;;;;;;;;4,7762;0,00000;0,0000;0,00083415;0,00083415;-0,00314;2,29469;171,7786;20,617613;-0,001930;23,657110;23,884778;-0,0004;-0,0402;7,18;713,77;0,00;0,00;0,26;;668,390;669,540;0,0480347;20,94500;0,05400;-0,01200;0,0007773;;-0,06;257,00;;;
;;258;20,94100;0,05700;0,002000;95,875;100,30;-71,8501;0,000;100,986;27,200;0,000;404,650;408,350;25,10;1129,517;263,203;0,000;834,900;877,800;856,400;325,450;;;;;0,00;0,00;0,00;3,00;2,41;15,696;24,809;0,61;0,61;999998,00;999998,00;999998,00;999998,00;999998,00;999998,00;999998,00;999998,00;999998,00;999998,00;999998,00;999998,00;999998,00;999998,00;999998,00;;;;;;;;;;;;;;;;;2,6239;0,00000;0,0000;0,00000000;0,00000000;0,00087;Infinity;171,7812;20,735882;-0,001997;23,757587;23,974819;-0,0004;-0,0418;7,18;713,77;0,00;0,00;0,24;;665,814;669,540;0,0263883;20,94600;0,05500;0,01000;0,0004260;;-0,06;258,00;;;
;;259;20,93900;0,05700;0,011000;96,750;100,29;-71,8501;0,000;100,986;27,200;0,000;404,050;407,750;25,10;1129,617;263,203;0,000;834,900;878,000;856,500;325,450;;;;;0,00;0,00;0,00;3,00;2,41;15,748;24,823;0,61;0,61;999998,00;999998,00;999998,00;999998,00;999998,00;999998,00;999998,00;999998,00;999998,00;999998,00;999998,00;999998,00;999998,00;999998,00;999998,00;;;;;;;;;;;;;;;;;3,8811;0,00000;0,0000;0,00000000;0,00000000;-0,00096;Infinity;171,7851;20,845751;-0,001832;23,848052;24,066436;-0,0004;-0,0385;7,18;713,77;0,00;0,00;0,27;;663,255;664,403;0,0390322;20,94500;0,05400;0,00000;0,0006255;;-0,06;259,00;;;
;;260;20,94100;0,05700;0,008000;98,950;100,31;-71,8501;0,000;100,984;27,200;0,000;403,450;406,950;25,10;1129,750;263,203;0,000;835,300;878,000;856,500;325,450;;;;;0,00;0,00;0,00;3,00;2,41;15,688;24,831;0,61;0,61;999998,00;999998,00;999998,00;999998,00;999998,00;999998,00;999998,00;999998,00;999998,00;999998,00;999998,00;999998,00;999998,00;999998,00;999998,00;;;;;;;;;;;;;;;;;2,6690;0,00000;0,0000;0,00000000;0,00000000;0,00107;Infinity;171,7878;21,097094;-0,002090;24,099755;24,308824;-0,0004;-0,0443;7,18;713,77;0,00;0,00;0,25;;660,717;664,403;0,0268426;20,94600;0,05400;0,01100;0,0004260;;-0,06;260,00;;;
;;261;20,94200;0,05700;0,021000;97,700;100,25;-71,8501;0,000;100,986;27,100;0,000;402,750;406,250;25,10;1129,817;263,203;0,000;835,400;878,100;856,500;325,450;;;;;0,00;0,00;0,00;3,00;2,41;15,713;24,823;0,61;0,61;999998,00;999998,00;999998,00;999998,00;999998,00;999998,00;999998,00;999998,00;999998,00;999998,00;999998,00;999998,00;999998,00;999998,00;999998,00;;;;;;;;;;;;;;;;;2,5749;0,00000;0,0000;0,00000000;0,00000000;0,00125;Infinity;171,7904;20,981624;-0,001507;23,926266;24,134191;-0,0003;-0,0317;7,18;713,77;0,00;0,00;0,25;;658,196;659,337;0,0258955;20,94600;0,05400;0,01200;0,0004133;;-0,06;261,00;;;
;;262;20,94300;0,05700;0,025000;97,925;100,27;-71,8501;0,000;100,986;27,100;0,000;402,250;405,550;25,10;1130,083;263,203;0,000;836,100;878,200;856,500;325,450;;;;;0,00;0,00;0,00;3,00;2,41;15,730;24,809;0,61;0,61;999998,00;999998,00;999998,00;999998,00;999998,00;999998,00;999998,00;999998,00;999998,00;999998,00;999998,00;999998,00;999998,00;999998,00;999998,00;;;;;;;;;;;;;;;;;2,8982;0,00000;0,0000;0,00000000;0,00000000;0,00051;Infinity;171,7933;21,018821;-0,001677;23,938928;24,135318;-0,0004;-0,0353;7,18;713,77;0,00;0,00;0,25;;655,694;659,337;0,0291475;20,94600;0,05400;0,00800;0,0004640;;-0,06;262,00;;;
;;263;20,94300;0,05600;0,017000;98,475;100,28;-71,8501;0,000;100,986;27,100;0,000;401,650;404,950;25,10;1130,017;263,203;0,000;835,700;878,300;856,600;325,450;;;;;0,00;0,00;0,00;3,00;2,41;15,713;24,812;0,61;0,61;999998,00;999998,00;999998,00;999998,00;999998,00;999998,00;999998,00;999998,00;999998,00;999998,00;999998,00;999998,00;999998,00;999998,00;999998,00;;;;;;;;;;;;;;;;;3,0893;0,00000;0,0000;0,00000000;0,00000000;-0,00079;Infinity;171,7963;21,093503;-0,001829;23,988150;24,185239;-0,0004;-0,0386;7,18;713,77;0,00;0,00;0,22;;653,212;654,344;0,0310694;20,94700;0,05400;0,00100;0,0004922;;-0,06;263,00;;;
;;264;20,94100;0,05600;0,009000;99,050;100,37;-71,8501;0,000;100,986;27,100;0,000;401,150;404,450;25,10;1129,583;263,203;0,000;834,300;878,400;856,600;325,450;;;;;0,00;0,00;0,00;3,00;2,42;15,706;24,823;0,61;0,60;999998,00;999998,00;999998,00;999998,00;999998,00;999998,00;999998,00;999998,00;999998,00;999998,00;999998,00;999998,00;999998,00;999998,00;999998,00;;;;;;;;;;;;;;;;;4,4610;0,00000;0,0000;0,00083415;0,00083415;-0,00042;2,35591;171,8008;21,168176;-0,002724;24,043103;24,240890;-0,0006;-0,0576;7,18;713,77;0,00;0,00;0,32;;650,752;654,344;0,0448644;20,94300;0,05400;0,00300;0,0007083;;-0,06;264,00;;;
;;265;20,94300;0,05500;0,005000;98,450;100,34;-71,8501;0,000;100,990;27,100;0,000;400,650;403,850;25,10;1129,183;263,203;0,000;833,100;878,400;856,600;325,450;;;;;0,00;0,00;0,00;3,00;2,42;15,723;24,817;0,61;0,60;999998,00;999998,00;999998,00;999998,00;999998,00;999998,00;999998,00;999998,00;999998,00;999998,00;999998,00;999998,00;999998,00;999998,00;999998,00;;;;;;;;;;;;;;;;;3,6910;0,00000;0,0000;-0,00583903;-0,00583903;-0,00023;-0,28040;171,8045;21,117129;-0,002427;23,955227;24,146558;-0,0005;-0,0511;7,18;713,77;0,00;0,00;0,27;;648,312;649,431;0,0371199;20,94500;0,05300;0,00400;0,0005876;;-0,06;265,00;;;
;;266;20,94400;0,05400;-0,010000;99,075;100,33;-71,8401;0,000;100,992;27,100;0,000;400,250;403,350;25,10;1129,617;263,203;0,000;834,300;878,500;856,600;325,450;;;;;0,00;0,00;0,00;3,00;2,42;15,709;24,823;0,60;0,60;999998,00;999998,00;999998,00;999998,00;999998,00;999998,00;999998,00;999998,00;999998,00;999998,00;999998,00;999998,00;999998,00;999998,00;999998,00;;;;;;;;;;;;;;;;;3,0832;0,00000;0,0000;-0,00583903;-0,00583903;0,00014;-0,33698;171,8076;21,194636;-0,002293;24,019147;24,205179;-0,0005;-0,0484;7,18;713,77;0,00;0,00;0,25;;645,887;649,431;0,0310076;20,94600;0,05400;0,00600;0,0004893;;-0,05;266,00;;;
;;267;20,94400;0,05400;-0,008000;99,150;100,31;-71,8401;0,000;100,988;27,100;0,000;399,750;402,750;25,10;1129,917;263,203;0,000;835,100;878,600;856,600;325,450;;;;;0,00;0,00;0,00;3,00;2,42;15,727;24,836;0,60;0,60;999998,00;999998,00;999998,00;999998,00;999998,00;999998,00;999998,00;999998,00;999998,00;999998,00;999998,00;999998,00;999998,00;999998,00;999998,00;;;;;;;;;;;;;;;;;4,2711;0,00000;0,0000;0,00083415;0,00083415;-0,00154;1,97200;171,8118;21,215912;-0,002123;24,013223;24,193435;-0,0005;-0,0448;7,18;713,77;0,00;0,00;0,27;;643,482;644,596;0,0429547;20,94500;0,05300;-0,00300;0,0006761;;-0,05;267,00;;;
;;268;20,94400;0,05500;-0,012000;95,250;100,35;-71,8401;0,000;100,990;27,100;0,000;399,250;402,250;25,10;1130,050;263,203;0,000;835,500;878,600;856,600;325,450;;;;;0,00;0,00;0,00;3,00;2,42;15,742;24,823;0,60;0,60;999998,00;999998,00;999998,00;999998,00;999998,00;999998,00;999998,00;999998,00;999998,00;999998,00;999998,00;999998,00;999998,00;999998,00;999998,00;;;;;;;;;;;;;;;;;3,2630;0,00000;0,0000;0,00000000;0,00000000;-0,00023;Infinity;171,8151;20,807487;-0,002455;23,521489;23,698232;-0,0005;-0,0507;7,18;713,77;0,00;0,00;0,24;;641,095;644,596;0,0328159;20,94600;0,05300;0,00400;0,0005272;;-0,05;268,00;;;
;;269;20,94500;0,05400;0,010000;100,050;100,37;-71,8401;0,000;100,990;27,100;0,000;398,750;401,650;25,10;1130,317;263,203;0,000;836,100;878,700;856,700;325,450;;;;;0,00;0,00;0,00;3,00;2,42;15,725;24,812;0,60;0,59;999998,00;999998,00;999998,00;999998,00;999998,00;999998,00;999998,00;999998,00;999998,00;999998,00;999998,00;999998,00;999998,00;999998,00;999998,00;;;;;;;;;;;;;;;;;3,8316;0,00000;0,0000;-0,00083415;-0,00083415;-0,00136;-1,98340;171,8189;21,338692;-0,002721;24,091773;24,266986;-0,0006;-0,0576;7,18;713,77;0,00;0,00;0,25;;638,725;639,834;0,0385346;20,94600;0,05300;-0,00200;0,0006031;;-0,05;269,00;;;
;;270;20,94600;0,05400;0,000000;95,775;100,34;-71,8401;0,000;100,990;27,100;0,000;398,250;401,150;25,10;1130,617;263,203;0,000;836,900;878,800;856,700;325,450;;;;;0,00;0,00;0,00;3,00;2,42;15,706;24,823;0,59;0,59;999998,00;999998,00;999998,00;999998,00;999998,00;999998,00;999998,00;999998,00;999998,00;999998,00;999998,00;999998,00;999998,00;999998,00;999998,00;;;;;;;;;;;;;;;;;1,8502;0,00000;0,0000;0,00583903;0,00583903;0,00309;0,27740;171,8208;20,890931;-0,002363;23,556667;23,728203;-0,0005;-0,0489;7,18;713,77;0,00;0,00;0,24;;636,370;639,834;0,0186071;20,94600;0,05300;0,02200;0,0002994;;-0,05;270,00;;;
;;271;20,94500;0,05400;0,011000;100,975;100,37;-71,8501;0,000;100,992;27,100;0,000;397,750;400,550;25,10;1130,650;263,203;0,000;837,000;878,800;856,700;325,450;;;;;0,00;0,00;0,00;3,00;2,42;15,742;24,828;0,59;0,59;999998,00;999998,00;999998,00;999998,00;999998,00;999998,00;999998,00;999998,00;999998,00;999998,00;999998,00;999998,00;999998,00;999998,00;999998,00;;;;;;;;;;;;;;;;;1,7588;0,00000;0,0000;0,00583903;0,00583903;0,00280;0,22875;171,8226;21,464039;-0,002648;24,172519;24,342684;-0,0006;-0,0562;7,18;713,77;0,00;0,00;0,23;;634,028;635,133;0,0176887;20,94700;0,05200;0,02000;0,0002770;;-0,06;271,00;;;
;;272;20,94600;0,05400;0,012000;98,700;100,39;-71,8501;0,000;100,992;27,100;0,000;397,250;399,950;25,10;1130,683;263,203;0,000;837,100;878,800;856,700;325,450;;;;;0,00;0,00;0,00;3,00;2,42;15,711;24,839;0,59;0,59;999998,00;999998,00;999998,00;999998,00;999998,00;999998,00;999998,00;999998,00;999998,00;999998,00;999998,00;999998,00;999998,00;999998,00;999998,00;;;;;;;;;;;;;;;;;2,2448;0,00000;0,0000;-0,00083415;-0,00083415;0,00052;-1,97367;171,8248;21,234215;-0,002833;23,883633;24,045964;-0,0006;-0,0594;7,18;713,77;0,00;0,00;0,20;;631,705;635,133;0,0225758;20,94800;0,05300;0,00800;0,0003559;;-0,06;272,00;;;
;;273;20,94600;0,05400;0,008000;99,475;100,35;-71,8501;0,000;100,992;27,100;0,000;396,650;399,350;25,10;1130,650;263,203;0,000;836,900;878,900;856,700;325,450;;;;;0,00;0,00;0,00;3,00;2,42;15,709;24,820;0,59;0,58;999998,00;999998,00;999998,00;999998,00;999998,00;999998,00;999998,00;999998,00;999998,00;999998,00;999998,00;999998,00;999998,00;999998,00;999998,00;;;;;;;;;;;;;;;;;2,6386;0,00000;0,0000;0,00000000;0,00000000;0,00052;Infinity;171,8274;21,333535;-0,002508;23,959103;24,122193;-0,0005;-0,0528;7,18;713,77;0,00;0,00;0,23;;629,400;630,496;0,0265367;20,94700;0,05300;0,00800;0,0004162;;-0,06;273,00;;;
;;274;20,94600;0,05400;0,001000;99,925;100,34;-71,8501;0,000;100,984;27,100;0,000;396,250;398,950;25,20;1130,683;263,203;0,000;837,100;878,900;856,600;325,450;;;;;0,00;0,00;0,00;3,00;2,42;15,763;24,831;0,58;0,58;999998,00;999998,00;999998,00;999998,00;999998,00;999998,00;999998,00;999998,00;999998,00;999998,00;999998,00;999998,00;999998,00;999998,00;999998,00;;;;;;;;;;;;;;;;;1,7535;0,00000;0,0000;0,00000000;0,00000000;0,00260;Infinity;171,8292;21,392524;-0,002335;24,001124;24,164665;-0,0005;-0,0492;7,18;713,77;0,00;0,00;0,23;;627,111;630,496;0,0176352;20,94700;0,05300;0,01900;0,0002770;;-0,06;274,00;;;
;;275;20,94700;0,05300;0,003000;95,650;100,35;-71,8501;0,000;100,986;27,100;0,000;395,850;398,450;25,10;1130,583;263,203;0,000;836,800;878,900;856,600;325,450;;;;;0,00;0,00;0,00;3,00;2,42;15,769;24,844;0,58;0,58;999998,00;999998,00;999998,00;999998,00;999998,00;999998,00;999998,00;999998,00;999998,00;999998,00;999998,00;999998,00;999998,00;999998,00;999998,00;;;;;;;;;;;;;;;;;3,4834;0,00000;0,0000;0,00000000;0,00000000;-0,00226;Infinity;171,8327;20,940486;-0,002457;23,470248;23,624404;-0,0005;-0,0506;7,18;713,77;0,00;0,00;0,20;;624,840;625,933;0,0350329;20,94800;0,05200;-0,00700;0,0005583;;-0,06;275,00;;;
;;276;20,94300;0,05400;0,004000;101,600;100,38;-71,8501;0,000;100,980;27,100;0,000;395,450;397,950;25,20;1130,717;263,203;0,000;837,200;878,900;856,600;325,450;;;;;0,00;0,00;0,00;3,00;2,43;15,759;24,825;0,58;0,58;999998,00;999998,00;999998,00;999998,00;999998,00;999998,00;999998,00;999998,00;999998,00;999998,00;999998,00;999998,00;999998,00;999998,00;999998,00;;;;;;;;;;;;;;;;;4,4708;0,00000;0,0000;0,00000000;0,00000000;-0,00347;Infinity;171,8371;21,592884;-0,002754;24,177005;24,329850;-0,0006;-0,0584;7,18;713,77;0,00;0,00;0,23;;622,590;625,933;0,0449633;20,94700;0,05200;-0,01300;0,0006946;;-0,06;276,00;;;
;;277;20,94500;0,05300;0,006000;101,750;100,36;-71,8501;0,000;100,986;27,100;0,000;394,950;397,450;25,20;1130,717;263,203;0,000;837,200;878,900;856,600;325,450;;;;;0,00;0,00;0,00;3,00;2,43;15,723;24,820;0,58;0,58;999998,00;999998,00;999998,00;999998,00;999998,00;999998,00;999998,00;999998,00;999998,00;999998,00;999998,00;999998,00;999998,00;999998,00;999998,00;;;;;;;;;;;;;;;;;4,1492;0,00000;0,0000;0,00000000;0,00000000;-0,00272;Infinity;171,8413;21,622492;-0,002604;24,179545;24,332600;-0,0006;-0,0553;7,18;713,77;0,00;0,00;0,23;;620,358;621,441;0,0417286;20,94700;0,05200;-0,00900;0,0006440;;-0,06;277,00;;;
;;278;20,94600;0,05300;-0,003000;102,675;100,34;-71,8501;0,000;100,984;27,100;0,000;394,550;396,950;25,20;1130,717;263,203;0,000;837,200;878,900;856,600;325,450;;;;;0,00;0,00;0,00;3,00;2,43;15,751;24,825;0,58;0,58;999998,00;999998,00;999998,00;999998,00;999998,00;999998,00;999998,00;999998,00;999998,00;999998,00;999998,00;999998,00;999998,00;999998,00;999998,00;;;;;;;;;;;;;;;;;3,1602;0,00000;0,0000;0,00000000;0,00000000;0,00053;Infinity;171,8445;21,731562;-0,002334;24,276901;24,424575;-0,0005;-0,0497;7,18;713,77;0,00;0,00;0,25;;618,140;621,441;0,0317820;20,94600;0,05200;0,00800;0,0004893;;-0,06;278,00;;;
;;279;20,94500;0,05300;0,004000;101,200;100,36;-71,8501;0,000;100,984;27,100;0,000;394,050;396,450;25,20;1130,617;263,203;0,000;837,000;878,900;856,500;325,450;;;;;0,00;0,00;0,00;3,00;2,43;15,761;24,849;0,58;0,57;999998,00;999998,00;999998,00;999998,00;999998,00;999998,00;999998,00;999998,00;999998,00;999998,00;999998,00;999998,00;999998,00;999998,00;999998,00;;;;;;;;;;;;;;;;;2,2389;0,00000;0,0000;0,00000000;0,00000000;0,00262;Infinity;171,8467;21,588586;-0,002536;24,086616;24,233318;-0,0005;-0,0536;7,18;713,77;0,00;0,00;0,25;;615,934;617,009;0,0225168;20,94600;0,05200;0,01900;0,0003501;;-0,06;279,00;;;
;;280;20,94600;0,05300;-0,002000;102,900;100,36;-71,8501;0,000;100,986;27,100;0,000;393,650;395,950;25,20;1130,683;263,203;0,000;837,200;878,900;856,500;325,450;;;;;0,00;0,00;0,00;3,00;2,43;15,727;24,836;0,58;0,57;999998,00;999998,00;999998,00;999998,00;999998,00;999998,00;999998,00;999998,00;999998,00;999998,00;999998,00;999998,00;999998,00;999998,00;999998,00;;;;;;;;;;;;;;;;;1,8064;0,00000;0,0000;0,00000000;0,00000000;0,00188;Infinity;171,8485;21,780215;-0,002584;24,275751;24,417589;-0,0006;-0,0550;7,18;713,77;0,00;0,00;0,21;;613,741;617,009;0,0181665;20,94800;0,05200;0,01500;0,0002799;;-0,06;280,00;;;
;;281;20,94600;0,05200;0,022000;100,000;100,35;-71,8501;0,000;100,986;27,100;0,000;393,250;395,450;25,20;1130,783;263,203;0,000;837,500;878,900;856,500;325,450;;;;;0,00;0,00;0,00;3,00;2,43;15,761;24,849;0,58;0,57;999998,00;999998,00;999998,00;999998,00;999998,00;999998,00;999998,00;999998,00;999998,00;999998,00;999998,00;999998,00;999998,00;999998,00;999998,00;;;;;;;;;;;;;;;;;2,2704;0,00000;0,0000;0,00000000;0,00000000;0,00071;Infinity;171,8508;21,482026;-0,002476;23,919068;24,052881;-0,0005;-0,0519;7,18;713,77;0,00;0,00;0,20;;611,565;612,633;0,0228338;20,94800;0,05200;0,00900;0,0003559;;-0,06;281,00;;;
;;282;20,94600;0,05300;0,020000;98,700;100,37;-71,8501;0,000;100,986;27,100;0,000;392,850;395,050;25,20;1130,650;263,203;0,000;837,100;879,000;856,400;325,450;;;;;0,00;0,00;0,00;3,00;2,43;15,753;24,836;0,58;0,57;999998,00;999998,00;999998,00;999998,00;999998,00;999998,00;999998,00;999998,00;999998,00;999998,00;999998,00;999998,00;999998,00;999998,00;999998,00;;;;;;;;;;;;;;;;;3,2670;0,00000;0,0000;0,00000000;0,00000000;0,00014;Infinity;171,8540;21,352798;-0,002633;23,750996;23,884004;-0,0006;-0,0548;7,18;713,77;0,00;0,00;0,25;;609,406;612,633;0,0328564;20,94600;0,05200;0,00600;0,0005146;;-0,06;282,00;;;
;;283;20,94700;0,05300;0,008000;100,450;100,35;-71,8501;0,000;100,990;27,100;0,000;392,450;394,550;25,20;1130,650;263,203;0,000;837,200;878,900;856,400;325,450;;;;;0,00;0,00;0,00;3,00;2,43;15,730;24,823;0,58;0,57;999998,00;999998,00;999998,00;999998,00;999998,00;999998,00;999998,00;999998,00;999998,00;999998,00;999998,00;999998,00;999998,00;999998,00;999998,00;;;;;;;;;;;;;;;;;2,7895;0,00000;0,0000;0,00000000;0,00000000;-0,00138;Infinity;171,8568;21,552239;-0,002477;23,948427;24,076575;-0,0005;-0,0520;7,18;713,77;0,00;0,00;0,18;;607,263;608,322;0,0280540;20,94900;0,05200;-0,00200;0,0004347;;-0,06;283,00;;;
;;284;20,94800;0,05300;0,008000;100,150;100,38;-71,8501;0,000;100,982;27,100;0,000;392,050;394,250;25,20;1130,617;263,203;0,000;837,100;878,900;856,400;325,450;;;;;0,00;0,00;0,00;3,00;2,43;15,698;24,833;0,58;0,57;999998,00;999998,00;999998,00;999998,00;999998,00;999998,00;999998,00;999998,00;999998,00;999998,00;999998,00;999998,00;999998,00;999998,00;999998,00;;;;;;;;;;;;;;;;;2,5413;0,00000;0,0000;0,00083415;0,00083415;-0,00061;1,21125;171,8594;21,531008;-0,002742;23,900451;24,034568;-0,0006;-0,0575;7,18;713,77;0,00;0,00;0,18;;605,134;608,322;0,0255579;20,94900;0,05100;0,00200;0,0003967;;-0,06;284,00;;;
;;285;20,94700;0,05200;0,019000;101,650;100,36;-71,8501;0,000;100,984;27,100;0,000;391,750;393,750;25,20;1130,517;263,203;0,000;836,900;878,900;856,300;325,450;;;;;0,00;0,00;0,00;3,00;2,43;15,725;24,833;0,58;0,57;999998,00;999998,00;999998,00;999998,00;999998,00;999998,00;999998,00;999998,00;999998,00;999998,00;999998,00;999998,00;999998,00;999998,00;999998,00;;;;;;;;;;;;;;;;;2,2929;0,00000;0,0000;-0,00583903;-0,00583903;0,00091;-0,17439;171,8617;21,699953;-0,002606;24,069556;24,192438;-0,0006;-0,0550;7,18;713,77;0,00;0,00;0,21;;603,019;604,071;0,0230598;20,94800;0,05100;0,01000;0,0003559;;-0,06;285,00;;;
;;286;20,94700;0,05200;-0,007000;101,375;100,34;-71,8401;0,000;100,984;27,100;0,000;391,250;393,250;25,20;1130,517;263,203;0,000;836,900;878,900;856,300;325,450;;;;;0,00;0,00;0,00;3,00;2,43;15,742;24,833;0,58;0,58;999998,00;999998,00;999998,00;999998,00;999998,00;999998,00;999998,00;999998,00;999998,00;999998,00;999998,00;999998,00;999998,00;999998,00;999998,00;;;;;;;;;;;;;;;;;2,5385;0,00000;0,0000;-0,00583903;-0,00583903;0,00015;-0,23109;171,8642;21,684422;-0,002368;24,021630;24,144425;-0,0005;-0,0499;7,18;713,77;0,00;0,00;0,21;;600,919;604,071;0,0255297;20,94800;0,05200;0,00600;0,0003938;;-0,05;286,00;;;
;;287;20,94800;0,05200;-0,013000;100,250;100,35;-71,8401;0,000;100,986;27,100;0,000;390,850;392,850;25,20;1130,483;263,203;0,000;836,800;878,900;856,300;325,450;;;;;0,00;0,00;0,00;3,00;2,43;15,755;24,836;0,58;0,58;999998,00;999998,00;999998,00;999998,00;999998,00;999998,00;999998,00;999998,00;999998,00;999998,00;999998,00;999998,00;999998,00;999998,00;999998,00;;;;;;;;;;;;;;;;;2,7101;0,00000;0,0000;0,00083415;0,00083415;-0,00100;1,21370;171,8669;21,574798;-0,002460;23,875755;23,997928;-0,0005;-0,0515;7,18;713,77;0,00;0,00;0,18;;598,835;599,878;0,0272552;20,94900;0,05100;0,00000;0,0004220;;-0,05;287,00;;;
;;288;20,94700;0,05200;-0,009000;100,650;100,36;-71,8401;0,000;100,988;27,100;0,000;390,550;392,450;25,20;1130,450;263,203;0,000;836,800;878,900;856,200;325,450;;;;;0,00;0,00;0,00;3,00;2,44;15,729;24,855;0,58;0,58;999998,00;999998,00;999998,00;999998,00;999998,00;999998,00;999998,00;999998,00;999998,00;999998,00;999998,00;999998,00;999998,00;999998,00;999998,00;;;;;;;;;;;;;;;;;2,8591;0,00000;0,0000;0,00000000;0,00000000;-0,00043;Infinity;171,8698;21,626099;-0,002570;23,914158;24,030499;-0,0005;-0,0539;7,18;713,77;0,00;0,00;0,21;;596,765;599,878;0,0287540;20,94800;0,05100;0,00300;0,0004444;;-0,05;288,00;;;
;;289;20,94700;0,05200;0,008000;101,575;100,36;-71,8401;0,000;100,986;27,100;0,000;390,250;392,150;25,20;1130,517;263,203;0,000;837,000;878,900;856,200;325,450;;;;;0,00;0,00;0,00;3,00;2,44;15,761;24,833;0,58;0,58;999998,00;999998,00;999998,00;999998,00;999998,00;999998,00;999998,00;999998,00;999998,00;999998,00;999998,00;999998,00;999998,00;999998,00;999998,00;;;;;;;;;;;;;;;;;3,1814;0,00000;0,0000;0,00000000;0,00000000;-0,00024;Infinity;171,8729;21,733594;-0,002557;24,014566;24,131485;-0,0005;-0,0538;7,18;713,77;0,00;0,00;0,23;;594,711;595,747;0,0319955;20,94700;0,05100;0,00400;0,0004922;;-0,05;289,00;;;
;;290;20,94600;0,05200;0,019000;99,050;100,37;-71,8401;0,000;100,988;27,100;0,000;389,850;391,750;25,20;1130,483;263,203;0,000;837,000;878,900;856,100;325,450;;;;;0,00;0,00;0,00;3,00;2,44;15,763;24,844;0,58;0,58;999998,00;999998,00;999998,00;999998,00;999998,00;999998,00;999998,00;999998,00;999998,00;999998,00;999998,00;999998,00;999998,00;999998,00;999998,00;;;;;;;;;;;;;;;;;2,5733;0,00000;0,0000;-0,00083415;-0,00083415;0,00109;-1,20796;171,8755;21,472770;-0,002717;23,702048;23,817564;-0,0006;-0,0564;7,18;713,77;0,00;0,00;0,23;;592,670;595,747;0,0258801;20,94700;0,05100;0,01100;0,0004036;;-0,05;290,00;;;
;;291;20,94600;0,05200;0,015000;102,700;100,37;-71,8401;0,000;100,990;27,100;0,000;389,550;391,350;25,20;1130,450;263,209;0,000;836,900;878,900;856,100;325,450;;;;;0,00;0,00;0,00;3,00;2,44;15,732;24,849;0,58;0,58;999998,00;999998,00;999998,00;999998,00;999998,00;999998,00;999998,00;999998,00;999998,00;999998,00;999998,00;999998,00;999998,00;999998,00;999998,00;;;;;;;;;;;;;;;;;1,8352;0,00000;0,0000;0,00583903;0,00583903;0,00111;0,17578;171,8774;21,873245;-0,002650;24,125521;24,236998;-0,0006;-0,0560;7,18;713,77;0,00;0,00;0,18;;590,641;591,670;0,0184567;20,94900;0,05100;0,01100;0,0002828;;-0,05;291,00;;;
;;292;20,94800;0,05200;0,009000;100,425;100,38;-71,8501;0,000;100,990;27,100;0,000;389,150;390,950;25,20;1130,417;263,209;0,000;836,900;878,900;856,000;325,450;;;;;0,00;0,00;0,00;3,00;2,44;15,732;24,844;0,58;0,58;999998,00;999998,00;999998,00;999998,00;999998,00;999998,00;999998,00;999998,00;999998,00;999998,00;999998,00;999998,00;999998,00;999998,00;999998,00;;;;;;;;;;;;;;;;;0,5844;0,00000;0,0000;0,00667318;0,00667318;0,00397;0,15218;171,8779;21,640735;-0,002807;23,844559;23,954852;-0,0006;-0,0587;7,18;713,77;0,00;0,00;0,18;;588,622;591,670;0,0058769;20,94900;0,05100;0,02600;0,0000929;;-0,06;292,00;;;
;;293;20,94800;0,05200;0,006000;100,175;100,36;-71,8501;0,000;100,986;27,100;0,000;388,850;390,550;25,20;1130,483;263,209;0,000;837,100;878,900;856,000;325,450;;;;;0,00;0,00;0,00;3,00;2,44;15,776;24,841;0,58;0,58;999998,00;999998,00;999998,00;999998,00;999998,00;999998,00;999998,00;999998,00;999998,00;999998,00;999998,00;999998,00;999998,00;999998,00;999998,00;;;;;;;;;;;;;;;;;2,6732;0,00000;0,0000;-0,00750732;-0,00750732;0,00091;-0,13515;171,8806;21,622118;-0,002548;23,805681;23,909756;-0,0005;-0,0531;7,18;713,77;0,00;0,00;0,23;;586,619;587,647;0,0268846;20,94700;0,05100;0,01000;0,0004162;;-0,06;293,00;;;
;;294;20,94600;0,05100;-0,002000;101,700;100,38;-71,8401;0,000;100,990;27,100;0,000;388,450;390,250;25,20;1130,483;263,209;0,000;837,100;878,900;856,000;325,450;;;;;0,00;0,00;0,00;3,00;2,44;15,719;24,841;0,58;0,58;999998,00;999998,00;999998,00;999998,00;999998,00;999998,00;999998,00;999998,00;999998,00;999998,00;999998,00;999998,00;999998,00;999998,00;999998,00;;;;;;;;;;;;;;;;;2,7991;0,00000;0,0000;0,00000000;0,00000000;-0,00024;Infinity;171,8834;21,797291;-0,002807;23,973857;24,084947;-0,0006;-0,0590;7,18;713,77;0,00;0,00;0,21;;584,633;587,647;0,0281505;20,94800;0,05100;0,00400;0,0004318;;-0,05;294,00;;;
;;295;20,94900;0,05100;0,002000;97,050;100,37;-71,8501;0,000;100,986;27,100;0,000;388,250;389,950;25,20;1130,383;263,209;0,000;836,900;878,900;855,900;325,450;;;;;0,00;0,00;0,00;3,00;2,44;15,740;24,839;0,58;0,58;999998,00;999998,00;999998,00;999998,00;999998,00;999998,00;999998,00;999998,00;999998,00;999998,00;999998,00;999998,00;999998,00;999998,00;999998,00;;;;;;;;;;;;;;;;;3,4617;0,00000;0,0000;0,00750732;0,00750732;-0,00192;0,13313;171,8869;21,298628;-0,002637;23,413340;23,515858;-0,0005;-0,0541;7,18;713,77;0,00;0,00;0,20;;582,662;583,684;0,0348147;20,94800;0,05100;-0,00500;0,0005457;;-0,06;295,00;;;
;;296;20,94900;0,05200;0,010000;105,025;100,39;-71,8501;0,000;100,988;27,100;0,000;387,850;389,550;25,20;1130,317;263,209;0,000;836,700;878,900;855,900;325,450;;;;;0,00;0,00;0,00;3,00;2,44;15,719;24,841;0,58;0,58;999998,00;999998,00;999998,00;999998,00;999998,00;999998,00;999998,00;999998,00;999998,00;999998,00;999998,00;999998,00;999998,00;999998,00;999998,00;;;;;;;;;;;;;;;;;3,6865;0,00000;0,0000;-0,00750732;-0,00750732;-0,00200;-0,09338;171,8906;22,167874;-0,002914;24,343785;24,450488;-0,0006;-0,0621;7,18;713,77;0,00;0,00;0,21;;580,705;583,684;0,0370749;20,94800;0,05000;-0,00500;0,0005583;;-0,06;296,00;;;
;;297;20,94800;0,05100;0,006000;102,350;100,34;-71,8401;0,000;100,984;27,100;0,000;387,450;389,150;25,20;1130,317;263,209;0,000;836,700;878,900;855,900;325,450;;;;;0,00;0,00;0,00;3,00;2,44;15,776;24,847;0,58;0,58;999998,00;999998,00;999998,00;999998,00;999998,00;999998,00;999998,00;999998,00;999998,00;999998,00;999998,00;999998,00;999998,00;999998,00;999998,00;;;;;;;;;;;;;;;;;3,6411;0,00000;0,0000;0,00000000;0,00000000;-0,00198;Infinity;171,8942;21,895037;-0,002428;24,019371;24,124760;-0,0005;-0,0511;7,18;713,77;0,00;0,00;0,21;;578,762;579,777;0,0366186;20,94800;0,05000;-0,00500;0,0005583;;-0,05;297,00;;;
;;298;20,94800;0,05100;0,000000;97,850;100,36;-71,8501;0,000;100,988;27,100;0,000;387,150;388,750;25,20;1130,350;263,209;0,000;836,800;878,900;855,900;325,450;;;;;0,00;0,00;0,00;3,00;2,44;15,727;24,847;0,58;0,58;999998,00;999998,00;999998,00;999998,00;999998,00;999998,00;999998,00;999998,00;999998,00;999998,00;999998,00;999998,00;999998,00;999998,00;999998,00;;;;;;;;;;;;;;;;;3,5615;0,00000;0,0000;0,00667318;0,00667318;-0,00193;0,10149;171,8978;21,416593;-0,002596;23,476314;23,573336;-0,0005;-0,0534;7,18;713,77;0,00;0,00;0,20;;576,832;579,777;0,0358185;20,94800;0,05000;-0,00500;0,0005583;;-0,06;298,00;;;
;;299;20,94900;0,05100;0,003000;99,625;100,38;-71,8501;0,000;100,986;27,100;0,000;386,850;388,550;25,20;1130,250;263,209;0,000;836,600;878,900;855,800;325,450;;;;;0,00;0,00;0,00;3,00;2,44;15,727;24,847;0,58;0,58;999998,00;999998,00;999998,00;999998,00;999998,00;999998,00;999998,00;999998,00;999998,00;999998,00;999998,00;999998,00;999998,00;999998,00;999998,00;;;;;;;;;;;;;;;;;3,5951;0,00000;0,0000;-0,00166829;-0,00166829;-0,00195;-0,40978;171,9014;21,618346;-0,002797;23,679107;23,783165;-0,0006;-0,0580;7,18;713,77;0,00;0,00;0,21;;574,915;575,923;0,0361559;20,94800;0,05000;-0,00500;0,0005583;;-0,06;299,00;;;
;;300;20,94800;0,05100;0,004000;101,875;100,38;-71,8501;0,000;100,990;27,100;0,000;386,550;388,150;25,20;1130,250;263,209;0,000;836,500;879,000;855,800;325,450;;;;;0,00;0,00;0,00;3,00;2,45;15,763;24,833;0,58;0,58;999998,00;999998,00;999998,00;999998,00;999998,00;999998,00;999998,00;999998,00;999998,00;999998,00;999998,00;999998,00;999998,00;999998,00;999998,00;;;;;;;;;;;;;;;;;3,6369;0,00000;0,0000;0,00583903;0,00583903;-0,00197;0,11844;171,9050;21,869586;-0,002736;23,935721;24,034795;-0,0006;-0,0573;7,18;713,77;0,00;0,00;0,21;;573,011;575,923;0,0365761;20,94800;0,05000;-0,00500;0,0005583;;-0,06;300,00;;;
;;301;20,94700;0,05100;0,011000;104,900;100,38;-71,8601;0,000;100,988;27,100;0,000;386,250;387,850;25,20;1129,850;263,209;0,000;835,300;879,000;855,800;325,450;;;;;0,00;0,00;0,00;3,00;2,45;15,742;24,863;0,58;0,57;999998,00;999998,00;999998,00;999998,00;999998,00;999998,00;999998,00;999998,00;999998,00;999998,00;999998,00;999998,00;999998,00;999998,00;999998,00;;;;;;;;;;;;;;;;;3,6919;0,00000;0,0000;0,00750732;0,00750732;-0,00200;0,09351;171,9087;22,200517;-0,002793;24,279059;24,379632;-0,0006;-0,0594;7,18;713,77;0,00;0,00;0,21;;571,119;572,121;0,0371295;20,94800;0,05000;-0,00500;0,0005583;;-0,07;301,00;;;
;;302;20,94700;0,05100;0,011000;102,750;100,34;-71,8601;0,000;100,992;27,100;0,000;385,950;387,550;25,20;1129,650;263,209;0,000;834,700;879,000;855,800;325,450;;;;;0,00;0,00;0,00;3,00;2,45;15,801;24,849;0,58;0,57;999998,00;999998,00;999998,00;999998,00;999998,00;999998,00;999998,00;999998,00;999998,00;999998,00;999998,00;999998,00;999998,00;999998,00;999998,00;;;;;;;;;;;;;;;;;3,6553;0,00000;0,0000;-0,01251221;-0,01251221;-0,00198;-0,05555;171,9123;21,980369;-0,002397;24,019629;24,119205;-0,0005;-0,0504;7,18;713,77;0,00;0,00;0,21;;569,240;572,121;0,0367614;20,94800;0,05000;-0,00500;0,0005583;;-0,07;302,00;;;
;;303;20,94900;0,05100;0,026000;103,775;100,36;-71,8401;0,000;100,988;27,000;0,000;385,650;387,150;25,20;1128,817;263,209;0,000;832,200;879,000;855,800;325,450;;;;;0,00;0,00;0,00;3,00;2,45;15,786;24,868;0,57;0,57;999998,00;999998,00;999998,00;999998,00;999998,00;999998,00;999998,00;999998,00;999998,00;999998,00;999998,00;999998,00;999998,00;999998,00;999998,00;;;;;;;;;;;;;;;;;3,6749;0,00000;0,0000;-0,01167806;-0,01167806;-0,00200;-0,05984;171,9160;22,098323;-0,002574;24,129755;24,223609;-0,0005;-0,0544;7,18;713,77;0,00;0,00;0,21;;567,374;568,369;0,0369586;20,94800;0,05000;-0,00500;0,0005583;;-0,05;303,00;;;
;;304;20,94900;0,05100;0,010000;98,075;100,34;-71,8401;0,000;100,992;27,000;0,000;385,350;386,950;25,20;1129,350;263,209;0,000;833,900;879,000;855,700;325,450;;;;;0,00;0,00;0,00;3,00;2,45;15,749;24,871;0,57;0,57;999998,00;999998,00;999998,00;999998,00;999998,00;999998,00;999998,00;999998,00;999998,00;999998,00;999998,00;999998,00;999998,00;999998,00;999998,00;;;;;;;;;;;;;;;;;3,5740;0,00000;0,0000;0,00083415;0,00083415;-0,00194;0,81474;171,9196;21,491221;-0,002364;23,448589;23,545949;-0,0005;-0,0486;7,18;713,77;0,00;0,00;0,20;;565,519;568,369;0,0359433;20,94800;0,05000;-0,00500;0,0005583;;-0,05;304,00;;;
;;305;20,94700;0,05100;0,004000;104,150;100,38;-71,8401;0,000;100,984;27,000;0,000;385,050;386,650;25,20;1129,750;263,209;0,000;835,000;879,100;855,700;325,450;;;;;0,00;0,00;0,00;3,00;2,45;15,769;24,833;0,57;0,57;999998,00;999998,00;999998,00;999998,00;999998,00;999998,00;999998,00;999998,00;999998,00;999998,00;999998,00;999998,00;999998,00;999998,00;999998,00;;;;;;;;;;;;;;;;;3,6844;0,00000;0,0000;0,00834147;0,00834147;-0,00200;0,08399;171,9233;22,155455;-0,002735;24,154501;24,254871;-0,0006;-0,0579;7,18;713,77;0,00;0,00;0,21;;563,677;564,666;0,0370542;20,94800;0,05000;-0,00500;0,0005583;;-0,05;305,00;;;
;;306;20,94800;0,05000;-0,005000;103,450;100,35;-71,8501;0,000;100,986;27,000;0,000;384,750;386,350;25,20;1130,017;263,209;0,000;835,700;879,100;855,800;325,450;;;;;0,00;0,00;0,00;3,00;2,45;15,793;24,855;0,57;0,56;999998,00;999998,00;999998,00;999998,00;999998,00;999998,00;999998,00;999998,00;999998,00;999998,00;999998,00;999998,00;999998,00;999998,00;999998,00;;;;;;;;;;;;;;;;;;;;;;;;;22,089483;-0,002841;24,063813;24,163883;;;;;;;;;;564,666;;20,94800;0,05000;-0,00500;0,0005583;;-0,06;306,00;;;
