General information;;time (s);O2;CO2;CO;Pdiff;Light;Mass;Methane;AmbP;AmbH;HFM;TC stack;TC smoke;TC amb.;TC cone;T PK;Soot;TC cone1;TC cone2;TC cone3;TC aux;CH4;CO;CO2;Ethene;H2O;n.u.;n.u.;UOX Bin;n.u.;UOX Hum.;UOX Temp;n.u.;TEext1;TEext2;TEext3;TEext4;TEext5;TEext6;TEext7;TEext8;TEext9;TEext10;TEext11;TEext12;TEext13;TEext14;TEext15;n.u.;n.u.;n.u.;n.u.;n.u.;n.u.;n.u.;n.u.;n.u.;n.u.;n.u.;n.u.;n.u.;n.u.;n.u.;n.u.;n.u.;HRR/a;EHC;SEA;MLR;MLR/a;COY;CO2Y/sh;THR/a;MFR;K;Vstack;Vsmoke;SPR;RSR;TSP;TSR;COP;CO2P;O2C;TOC;ARHE;Mass;HRR;O2/sh;CO2/sh;CO/sh;phi;FU27;FU28;FU29;FU30;FU31;
;;;%;%;%;Pa;-;g;g/s;Pa;%;kW/m²;°C;°C;°C;°C;°C;g/min;°C;°C;°C;°C;ppm;ppm;%;ppm;ppm;no;no;;no;%;°C;no;°C;°C;°C;°C;°C;°C;°C;°C;°C;°C;°C;°C;°C;°C;°C;no;no;no;no;no;no;no;no;no;no;no;no;no;no;no;no;no;kW/m²;MJ/kg;m²/kg;g/s;g/(s*m²);[kg/kg];[kg/kg];MJ/m²;g/s;1/m;l/s;l/s;m²/s;(m²/s)/m²;m²;m²;g/s;g/s;g/s;g;kW/m²;g;kW;[%];[%];%;;;;;;;
Test;;0;20,93400;0,05500;0,007000;115,550;100,13;0,0000;0,000;101,020;30,200;0,000;338,950;341,950;24,90;1139,883;263,183;0,000;860,100;881,600;858,500;319,950;;;;;0,00;0,00;0,00;3,00;1,81;15,463;24,107;0,61;0,61;999998,00;999998,00;999998,00;999998,00;999998,00;999998,00;999998,00;999998,00;999998,00;999998,00;999998,00;999998,00;999998,00;999998,00;999998,00;;;;;;;;;;;;;;;;;0,5051;0,00000;0,0000;-0,00083415;-0,00083415;-0,00108;-1,03384;0,0005;24,872919;-0,000706;23,870563;24,081838;-0,0001;-0,0149;0,00;0,00;0,00;0,00;0,04;;;;0,0050533;20,93900;0,05100;0,00000;0,0000680;;73,44;0,00;;;
Standard used;ISO 5660-1;1;20,93300;0,05500;0,013000;114,825;100,12;0,0000;0,000;101,020;30,200;0,000;338,950;341,950;24,90;1139,750;263,183;0,000;860,000;881,500;858,300;319,950;;;;;0,00;0,00;0,00;3,00;1,81;15,482;24,091;0,61;0,61;999998,00;999998,00;999998,00;999998,00;999998,00;999998,00;999998,00;999998,00;999998,00;999998,00;999998,00;999998,00;999998,00;999998,00;999998,00;;;;;;;;;;;;;;;;;0,5042;0,00000;0,0000;0,00417074;0,00417074;-0,00130;0,29705;0,0010;24,794766;-0,000676;23,795560;24,006171;-0,0001;-0,0142;0,00;0,00;0,00;0,00;0,04;;0,252;0,504;0,0050437;20,93900;0,05200;-0,00100;0,0000680;;73,44;1,00;;;
Date of test;17.03.2026;2;20,93100;0,05300;-0,040000;116,850;100,18;-0,0100;0,000;101,020;30,200;0,000;339,150;342,150;24,90;1137,083;263,183;0,000;852,200;881,400;858,200;319,950;;;;;0,00;0,00;0,00;3,00;1,81;15,467;24,099;0,61;0,61;999998,00;999998,00;999998,00;999998,00;999998,00;999998,00;999998,00;999998,00;999998,00;999998,00;999998,00;999998,00;999998,00;999998,00;999998,00;;;;;;;;;;;;;;;;;0,0000;0,00000;0,0000;0,01918538;0,01918538;0,00068;0,02525;0,0010;25,005068;-0,001187;24,011547;24,223944;-0,0003;-0,0252;0,00;0,00;0,00;0,00;0,04;;0,252;0,504;0,0000000;20,93900;0,05000;0,00800;-0,0000206;;73,43;2,00;;;
Time of test;15:37;3;20,93500;0,05300;-0,009000;110,350;100,13;-0,0300;0,000;101,020;30,200;0,000;339,250;342,350;24,90;1134,850;263,183;0,000;845,900;881,200;858,000;319,950;;;;;0,00;0,00;0,00;3,00;1,81;15,498;24,107;0,61;0,61;999998,00;999998,00;999998,00;999998,00;999998,00;999998,00;999998,00;999998,00;999998,00;999998,00;999998,00;999998,00;999998,00;999998,00;999998,00;;;;;;;;;;;;;;;;;0,0000;0,00000;0,0000;-0,00083415;-0,00083415;-0,00191;-1,00987;0,0010;24,296060;-0,000762;23,337588;23,550843;-0,0002;-0,0157;0,00;0,00;0,00;0,00;-0,01;;0,168;0,336;0,0000000;20,94100;0,05100;-0,00400;-0,0000022;;73,41;3,00;;;
Heat flux (kW/m²);75;4;20,93900;0,05200;-0,007000;117,325;100,15;-0,0100;0,000;101,022;30,200;0,000;339,350;342,350;24,90;1133,183;263,183;0,000;841,400;881,000;857,700;319,950;;;;;0,00;0,00;0,00;3,00;1,81;15,503;24,118;0,61;0,61;999998,00;999998,00;999998,00;999998,00;999998,00;999998,00;999998,00;999998,00;999998,00;999998,00;999998,00;999998,00;999998,00;999998,00;999998,00;;;;;;;;;;;;;;;;;0,0000;0,00000;0,0000;-0,01418050;-0,01418050;-0,00065;-0,06124;0,0010;25,048456;-0,000977;24,067395;24,280161;-0,0002;-0,0208;0,00;0,00;0,00;0,00;-0,01;;0,126;0,336;0,0000000;20,94100;0,05100;0,00200;-0,0000782;;73,43;4,00;;;
Nominal duct flow rate (l/s);24,0;5;20,93800;0,05200;-0,002000;116,600;100,12;-0,0100;0,000;101,014;30,200;0,000;339,350;342,350;24,90;1131,917;263,183;0,000;838,100;880,800;857,400;319,950;;;;;0,00;0,00;0,00;3,00;1,81;15,503;24,091;0,61;0,61;999998,00;999998,00;999998,00;999998,00;999998,00;999998,00;999998,00;999998,00;999998,00;999998,00;999998,00;999998,00;999998,00;999998,00;999998,00;;;;;;;;;;;;;;;;;0,0000;0,00000;0,0000;0,00583903;0,00583903;0,00046;0,14827;0,0010;24,970944;-0,000602;23,992919;24,205026;-0,0001;-0,0128;0,00;0,00;0,00;0,00;-0,01;;0,101;0,202;0,0000000;20,94100;0,05100;0,00700;-0,0001415;;73,43;5,00;;;
Sampling interval (s);1;6;20,93700;0,05100;0,009000;118,250;100,12;-0,0200;0,000;101,012;30,200;0,000;339,350;342,350;24,90;1130,917;263,183;0,000;835,600;880,600;857,100;319,950;;;;;0,00;0,00;0,00;3,00;1,81;15,460;24,107;0,61;0,61;999998,00;999998,00;999998,00;999998,00;999998,00;999998,00;999998,00;999998,00;999998,00;999998,00;999998,00;999998,00;999998,00;999998,00;999998,00;;;;;;;;;;;;;;;;;0,0000;0,00000;0,0000;0,01751709;0,01751709;0,00490;0,04977;0,0010;25,147004;-0,000621;24,162083;24,375687;-0,0001;-0,0133;0,00;0,00;0,00;0,00;0,02;;0,084;0,202;0,0000000;20,94000;0,05100;0,02700;-0,0003343;;73,42;6,00;;;
Separation (mm);25;7;20,93800;0,05200;0,014000;115,675;100,14;-0,0400;0,000;101,022;30,200;0,000;339,250;342,350;24,90;1130,250;263,183;0,000;834,200;880,300;856,800;319,950;;;;;0,00;0,00;0,00;3,00;1,81;15,505;24,112;0,61;0,61;999998,00;999998,00;999998,00;999998,00;999998,00;999998,00;999998,00;999998,00;999998,00;999998,00;999998,00;999998,00;999998,00;999998,00;999998,00;;;;;;;;;;;;;;;;;0,0000;0,00000;0,0000;0,01084391;0,01084391;0,00221;0,07953;0,0010;24,875363;-0,000853;23,894038;24,112377;-0,0002;-0,0180;0,00;0,00;0,00;0,00;0,02;;0,072;0,144;0,0000000;20,94000;0,05100;0,01500;-0,0001823;;73,40;7,00;;;
Orientation;hor;8;20,94000;0,05100;0,024000;115,800;100,13;-0,0400;0,000;101,014;30,200;0,000;339,250;342,350;24,90;1129,650;263,183;0,000;832,900;880,100;856,500;319,950;;;;;0,00;0,00;0,00;3,00;1,82;15,498;24,110;0,61;0,61;999998,00;999998,00;999998,00;999998,00;999998,00;999998,00;999998,00;999998,00;999998,00;999998,00;999998,00;999998,00;999998,00;999998,00;999998,00;;;;;;;;;;;;;;;;;0,0000;0,00000;0,0000;-0,00166829;-0,00166829;0,00177;-0,28905;0,0010;24,888800;-0,000773;23,906945;24,125402;-0,0002;-0,0163;0,00;0,00;0,00;0,00;-0,01;;0,063;0,144;0,0000000;20,94100;0,05000;0,01300;-0,0002048;;73,40;8,00;;;
Edge frame?;N;9;20,93900;0,05100;0,018000;113,525;100,13;-0,0400;0,000;101,014;30,200;0,000;339,250;342,350;24,90;1129,150;263,183;0,000;831,900;879,900;856,200;319,950;;;;;0,00;0,00;0,00;3,00;1,82;15,488;24,099;0,62;0,61;999998,00;999998,00;999998,00;999998,00;999998,00;999998,00;999998,00;999998,00;999998,00;999998,00;999998,00;999998,00;999998,00;999998,00;999998,00;;;;;;;;;;;;;;;;;0,4309;0,00000;0,0000;0,00000000;0,00000000;-0,00194;Infinity;0,0014;24,643105;-0,000775;23,670943;23,887243;-0,0002;-0,0162;0,00;0,00;0,00;0,00;0,02;;0,080;0,160;0,0043109;20,94000;0,05100;-0,00400;0,0000582;;73,40;9,00;;;
Grid?;N;10;20,94000;0,05100;0,013000;116,975;100,15;-0,0400;0,000;101,022;30,200;0,000;339,250;342,250;24,90;1128,650;263,183;0,000;830,700;879,800;856,000;319,950;;;;;0,00;0,00;0,00;3,00;1,82;15,517;24,107;0,62;0,61;999998,00;999998,00;999998,00;999998,00;999998,00;999998,00;999998,00;999998,00;999998,00;999998,00;999998,00;999998,00;999998,00;999998,00;999998,00;;;;;;;;;;;;;;;;;0,0000;0,00000;0,0000;0,00000000;0,00000000;-0,00021;Infinity;0,0014;25,014752;-0,000956;24,027928;24,240408;-0,0002;-0,0203;0,00;0,00;0,00;0,00;0,04;;0,094;0,160;0,0000000;20,93900;0,05600;0,00400;-0,0000459;;73,40;10,00;;;
Non-scrubbed?;;11;20,93800;0,05200;0,000000;117,400;100,11;-0,0400;0,000;101,022;30,200;0,000;339,250;342,250;24,90;1128,383;263,183;0,000;830,100;879,700;855,900;319,950;;;;;0,00;0,00;0,00;3,00;1,82;15,482;24,094;0,62;0,61;999998,00;999998,00;999998,00;999998,00;999998,00;999998,00;999998,00;999998,00;999998,00;999998,00;999998,00;999998,00;999998,00;999998,00;999998,00;;;;;;;;;;;;;;;;;5,5228;0,00000;0,0000;0,00000000;0,00000000;-0,00396;Infinity;0,0070;25,060153;-0,000581;24,071538;24,284403;-0,0001;-0,0124;0,00;0,00;0,00;0,01;0,43;;0,336;0,672;0,0552501;20,92500;0,07800;-0,01300;0,0007365;;73,40;11,00;;;
Substrate used? {Y/N};;12;20,93900;0,05000;-0,001000;116,750;100,11;-0,0400;0,000;101,022;30,200;0,000;339,150;342,250;24,90;1128,117;263,183;0,000;829,600;879,600;855,700;319,950;;;;;0,00;0,00;0,00;3,00;1,82;15,477;24,110;0,62;0,61;999998,00;999998,00;999998,00;999998,00;999998,00;999998,00;999998,00;999998,00;999998,00;999998,00;999998,00;999998,00;999998,00;999998,00;999998,00;;;;;;;;;;;;;;;;;20,6255;0,00000;0,0000;-0,00167847;-0,00167847;-0,00109;-24,88857;0,0276;24,994366;-0,000550;24,001270;24,220653;-0,0001;-0,0117;0,00;0,00;0,00;0,04;1,90;;1,398;0,672;0,2063373;20,87200;0,15800;0,00000;0,0027627;;73,40;12,00;;;
Substrate;;13;20,93900;0,05100;0,008000;121,425;100,10;-0,0400;0,000;101,014;30,200;0,000;339,050;342,150;24,90;1128,017;263,183;0,000;829,500;879,500;855,600;319,950;;;;;0,00;0,00;0,00;3,00;1,82;15,502;24,099;0,62;0,61;999998,00;999998,00;999998,00;999998,00;999998,00;999998,00;999998,00;999998,00;999998,00;999998,00;999998,00;999998,00;999998,00;999998,00;999998,00;;;;;;;;;;;;;;;;;64,0126;0,00000;0,0000;0,00842285;0,00842285;-0,00246;10,98480;0,0916;25,493636;-0,000421;24,473484;24,697250;-0,0001;-0,0091;0,00;0,00;0,00;0,09;5,29;;4,545;5,918;0,6403824;20,75300;0,28600;-0,00600;0,0084107;;73,40;13,00;;;
Additional preparation details;;14;20,93900;0,05100;-0,004000;120,025;100,11;-0,0602;0,000;101,022;30,200;0,000;339,050;342,050;24,90;1128,083;263,183;0,000;829,800;879,500;855,500;319,950;;;;;0,00;0,00;0,00;3,00;1,82;15,538;24,107;0,62;0,61;999998,00;999998,00;999998,00;999998,00;999998,00;999998,00;999998,00;999998,00;999998,00;999998,00;999998,00;999998,00;999998,00;999998,00;999998,00;;;;;;;;;;;;;;;;;138,1482;48,73010;-4,3237;0,02836100;0,02836100;-0,00066;6,38762;0,2297;25,346242;-0,000569;24,331988;24,547284;-0,0001;-0,0123;0,00;0,00;0,00;0,18;11,22;;11,441;5,918;1,3820345;20,54000;0,51600;0,00200;0,0182771;;73,38;14,00;;;
;;15;20,94100;0,05100;0,002000;110,050;99,96;-0,1001;0,000;101,022;30,200;0,000;339,350;342,450;24,90;1128,117;263,190;0,000;830,000;879,500;855,400;319,950;;;;;0,00;0,00;0,00;3,00;1,82;15,513;24,120;0,62;0,61;999998,00;999998,00;999998,00;999998,00;999998,00;999998,00;999998,00;999998,00;999998,00;999998,00;999998,00;999998,00;999998,00;999998,00;999998,00;;;;;;;;;;;;;;;;;234,3562;58,61487;4,8339;0,03999837;0,03999837;0,00087;6,32032;0,4641;24,259436;0,000937;23,309278;23,522211;0,0002;0,0193;0,00;0,02;0,00;0,25;18,28;;23,095;25,020;2,3444996;20,25900;0,73000;0,00900;0,0324431;;73,34;15,00;;;
Specimen;;16;20,94100;0,05100;0,007000;105,375;96,34;-0,1802;0,000;101,024;30,200;0,000;340,250;343,450;24,90;1128,283;263,190;0,000;830,500;879,600;855,300;319,950;;;;;0,00;0,00;0,00;3,00;1,82;15,502;24,102;0,62;0,59;999998,00;999998,00;999998,00;999998,00;999998,00;999998,00;999998,00;999998,00;999998,00;999998,00;999998,00;999998,00;999998,00;999998,00;999998,00;;;;;;;;;;;;;;;;;326,5158;14,25682;33,3767;0,22911580;0,22911580;0,00106;1,47712;0,7906;23,707148;0,037815;22,839034;23,053832;0,0076;0,7644;0,01;0,78;0,00;0,34;25,28;;39,179;25,020;3,2664639;19,97600;0,98200;0,01000;0,0463211;;73,26;16,00;;;
Sample description;PMMA_DE_6mm_q75_R8;17;20,94100;0,05100;0,027000;96,625;94,66;-0,5200;0,000;101,022;30,200;0,000;342,350;345,850;24,90;1128,683;263,190;0,000;831,800;879,600;855,200;319,950;;;;;0,00;0,00;0,00;3,00;1,82;15,502;24,115;0,62;0,58;999998,00;999998,00;999998,00;999998,00;999998,00;999998,00;999998,00;999998,00;999998,00;999998,00;999998,00;999998,00;999998,00;999998,00;999998,00;;;;;;;;;;;;;;;;;397,4881;15,05326;40,7870;0,26416016;0,26416016;0,00540;1,44979;1,1881;22,631805;0,055423;21,937634;22,161912;0,0108;1,0770;0,02;1,86;0,01;0,38;30,49;;58,168;59,244;3,9764714;19,72200;1,15500;0,03200;0,0591498;;72,92;17,00;;;
Material name/ID;PMMA_DE_6mm;18;20,94000;0,05000;0,015000;96,425;92,81;-0,6702;0,000;101,016;30,200;0,000;345,450;349,650;24,90;1129,083;263,190;0,000;832,900;879,700;855,200;319,950;;;;;0,00;0,00;0,00;3,00;1,82;15,521;24,107;0,62;0,57;999998,00;999998,00;999998,00;999998,00;999998,00;999998,00;999998,00;999998,00;999998,00;999998,00;999998,00;999998,00;999998,00;999998,00;999998,00;;;;;;;;;;;;;;;;;451,6959;35,19632;114,4241;0,12838745;0,12838745;0,00478;3,35538;1,6398;22,506700;0,075162;22,013916;22,281562;0,0147;1,4685;0,03;3,33;0,00;0,43;34,57;;78,525;59,244;4,5187660;19,55100;1,30000;0,02900;0,0676493;;72,77;18,00;;;
Specimen number;R8;19;20,94000;0,05100;0,013000;95,575;90,46;-0,8501;0,000;101,022;30,200;0,000;349,150;354,450;24,90;1129,383;263,190;0,000;833,800;879,700;855,200;319,950;;;;;0,00;0,00;0,00;3,00;1,83;15,519;24,118;0,62;0,55;999998,00;999998,00;999998,00;999998,00;999998,00;999998,00;999998,00;999998,00;999998,00;999998,00;999998,00;999998,00;999998,00;999998,00;999998,00;;;;;;;;;;;;;;;;;508,0163;15,44025;60,1223;0,32915243;0,32915243;0,00355;1,45564;2,1478;22,288237;0,100857;22,033731;22,368197;0,0198;1,9781;0,05;5,31;0,00;0,48;38,80;;99,648;100,666;5,0821953;19,36600;1,45400;0,02300;0,0769033;;72,59;19,00;;;
E (MJ/kg);13,10;20;20,94100;0,05600;-0,004000;96,150;89,04;-1,2802;0,000;101,016;30,200;0,000;353,150;359,650;24,90;1129,717;263,190;0,000;834,800;879,700;855,200;319,950;;;;;0,00;0,00;0,00;3,00;1,83;15,519;24,112;0,62;0,54;999998,00;999998,00;999998,00;999998,00;999998,00;999998,00;999998,00;999998,00;999998,00;999998,00;999998,00;999998,00;999998,00;999998,00;999998,00;;;;;;;;;;;;;;;;;561,1337;17,63510;72,7421;0,31831868;0,31831868;0,00119;1,61868;2,7090;22,228217;0,116619;22,226143;22,635233;0,0232;2,3146;0,08;7,62;0,00;0,52;42,62;;121,394;100,666;5,6135812;19,20600;1,56400;0,01100;0,0852463;;72,16;20,00;;;
Initial mass (g);73,44;21;20,94000;0,07800;0,004000;95,700;87,79;-1,4501;0,000;101,014;30,200;0,000;356,850;364,750;24,90;1130,050;263,190;0,000;835,800;879,800;855,100;319,950;;;;;0,00;0,00;0,00;3,00;1,83;15,519;24,118;0,62;0,54;999998,00;999998,00;999998,00;999998,00;999998,00;999998,00;999998,00;999998,00;999998,00;999998,00;999998,00;999998,00;999998,00;999998,00;999998,00;;;;;;;;;;;;;;;;;600,4744;42,65577;185,6677;0,14082845;0,14082845;0,00196;3,91889;3,3094;22,060874;0,130832;22,289929;22,783387;0,0261;2,6137;0,10;10,24;0,00;0,55;45,67;;143,271;143,864;6,0071457;19,06800;1,68400;0,01500;0,0919795;;71,99;21,00;;;
Thickness (mm);6,19;22;20,93900;0,15800;-0,013000;98,925;87,76;-1,6501;0,000;101,016;30,200;0,000;360,550;369,550;24,90;1130,317;263,190;0,000;836,600;879,800;855,100;319,950;;;;;0,00;0,00;0,00;3,00;1,83;15,517;24,110;0,62;0,54;999998,00;999998,00;999998,00;999998,00;999998,00;999998,00;999998,00;999998,00;999998,00;999998,00;999998,00;999998,00;999998,00;999998,00;999998,00;;;;;;;;;;;;;;;;;648,8251;17,98664;74,3924;0,36087036;0,36087036;0,00060;1,61977;3,9583;22,314126;0,131079;22,779577;23,348197;0,0268;2,6835;0,13;12,92;0,00;0,58;49,18;;165,152;143,864;6,4908459;18,94700;1,76100;0,00800;0,0983219;;71,79;22,00;;;
Surface area (cm²);100,04;23;20,92500;0,28600;0,000000;98,275;86,45;-2,1201;0,000;101,016;30,200;0,000;364,450;374,750;24,90;1130,550;263,190;0,000;837,400;879,800;855,000;320,050;;;;;0,00;0,00;0,00;3,00;1,83;15,498;24,112;0,62;0,53;999998,00;999998,00;999998,00;999998,00;999998,00;999998,00;999998,00;999998,00;999998,00;999998,00;999998,00;999998,00;999998,00;999998,00;999998,00;;;;;;;;;;;;;;;;;673,7011;19,35158;86,3902;0,34827677;0,34827677;-0,00155;1,74066;4,6320;22,121376;0,146130;22,827081;23,472214;0,0301;3,0076;0,16;15,93;0,00;0,61;51,03;;186,722;186,753;6,7397062;18,85400;1,84000;-0,00300;0,1030306;;71,32;23,00;;;
Sponsor;;24;20,87200;0,51600;-0,006000;96,525;86,87;-2,3101;0,000;101,016;30,300;0,000;368,550;380,050;24,90;1130,583;263,190;0,000;837,500;879,800;855,000;319,950;;;;;0,00;0,00;0,00;3,00;1,83;15,549;24,107;0,62;0,53;999998,00;999998,00;999998,00;999998,00;999998,00;999998,00;999998,00;999998,00;999998,00;999998,00;999998,00;999998,00;999998,00;999998,00;999998,00;;;;;;;;;;;;;;;;;689,6795;35,39023;149,1623;0,19495646;0,19495646;0,00174;3,16389;5,3216;21,801245;0,141312;22,749821;23,459692;0,0291;2,9069;0,19;18,83;0,00;0,62;52,29;;207,345;186,753;6,8995535;18,77100;1,89800;0,01400;0,1070693;;71,13;24,00;;;
Manufacturer;;25;20,75300;0,73000;0,002000;97,325;85,53;-2,5500;0,000;101,016;30,300;0,000;372,550;385,550;24,90;1130,617;263,190;0,000;837,600;879,800;855,000;320,050;;;;;0,00;0,00;0,00;3,00;1,83;15,557;24,118;0,62;0,52;999998,00;999998,00;999998,00;999998,00;999998,00;999998,00;999998,00;999998,00;999998,00;999998,00;999998,00;999998,00;999998,00;999998,00;999998,00;;;;;;;;;;;;;;;;;712,0341;35,16840;161,4354;0,20254517;0,20254517;0,00501;3,15012;6,0337;21,773564;0,156825;22,967534;23,768978;0,0327;3,2685;0,22;22,10;0,01;0,64;54,11;;227,086;227,242;7,1231888;18,69300;1,96400;0,03100;0,1107237;;70,89;25,00;;;
Test start time (s);60;26;20,54000;0,98200;0,009000;101,125;86,30;-2,7501;0,000;101,020;30,300;0,000;376,750;390,850;24,90;1130,483;263,190;0,000;837,200;879,700;855,100;320,050;;;;;0,00;0,00;0,00;3,00;1,83;15,526;24,118;0,62;0,53;999998,00;999998,00;999998,00;999998,00;999998,00;999998,00;999998,00;999998,00;999998,00;999998,00;999998,00;999998,00;999998,00;999998,00;999998,00;;;;;;;;;;;;;;;;;742,3587;21,52490;91,8358;0,34502157;0,34502157;0,00702;1,91370;6,7760;22,070503;0,147891;23,543214;24,424327;0,0317;3,1673;0,25;25,27;0,01;0,66;56,41;;246,321;227,242;7,4265560;18,62900;2,00400;0,04100;0,1139248;;70,69;26,00;;;
Time to ignition (s);13;27;20,25900;1,15500;0,010000;98,800;85,71;-3,2101;0,000;101,016;30,300;0,000;380,650;395,950;24,90;1130,517;263,190;0,000;837,400;879,700;855,000;320,050;;;;;0,00;0,00;0,00;3,00;1,83;15,540;24,139;0,62;0,52;999998,00;999998,00;999998,00;999998,00;999998,00;999998,00;999998,00;999998,00;999998,00;999998,00;999998,00;999998,00;999998,00;999998,00;999998,00;;;;;;;;;;;;;;;;;742,8714;21,23549;94,4166;0,34996541;0,34996541;0,00480;1,90276;7,5189;21,703269;0,154815;23,391133;24,331325;0,0330;3,3029;0,29;28,57;0,00;0,67;56,48;;264,702;264,295;7,4316854;18,58700;2,05400;0,03000;0,1159559;;70,23;27,00;;;
Time to flameout (s);213;28;19,97600;1,30000;0,032000;97,575;86,84;-3,4501;0,000;101,016;30,300;0,000;384,750;401,150;24,90;1130,717;263,190;0,000;837,900;879,800;855,000;320,050;;;;;0,00;0,00;0,00;3,00;1,83;15,555;24,126;0,62;0,53;999998,00;999998,00;999998,00;999998,00;999998,00;999998,00;999998,00;999998,00;999998,00;999998,00;999998,00;999998,00;999998,00;999998,00;999998,00;;;;;;;;;;;;;;;;;750,9079;19,98830;80,5393;0,37582397;0,37582397;0,00512;1,78552;8,2698;21,453076;0,141612;23,370525;24,366696;0,0303;3,0256;0,32;31,60;0,01;0,67;57,09;;281,923;264,295;7,5120829;18,53400;2,09300;0,03200;0,1186101;;69,99;28,00;;;
End of test criteria;User end of test;29;19,72200;1,45400;0,029000;95,525;85,67;-3,9501;0,000;101,016;30,200;0,000;388,750;406,350;24,90;1130,817;263,190;0,000;838,200;879,800;855,000;320,050;;;;;0,00;0,00;0,00;3,00;1,83;15,563;24,142;0,62;0,52;999998,00;999998,00;999998,00;999998,00;999998,00;999998,00;999998,00;999998,00;999998,00;999998,00;999998,00;999998,00;999998,00;999998,00;999998,00;;;;;;;;;;;;;;;;;755,7957;20,20427;88,4292;0,37422689;0,37422689;0,00430;1,79532;9,0256;21,117034;0,155275;23,243611;24,295926;0,0331;3,3079;0,35;34,91;0,00;0,67;57,41;;298,179;297,746;7,5609806;18,48200;2,12800;0,02800;0,1213155;;69,49;29,00;;;
User EOT time (s);323;30;19,55100;1,56400;0,023000;99,650;85,73;-4,1602;0,000;101,020;30,200;0,000;392,450;411,050;24,90;1130,883;263,190;0,000;838,400;879,800;855,000;320,050;;;;;0,00;0,00;0,00;3,00;1,84;15,576;24,118;0,62;0,52;999998,00;999998,00;999998,00;999998,00;999998,00;999998,00;999998,00;999998,00;999998,00;999998,00;999998,00;999998,00;999998,00;999998,00;999998,00;;;;;;;;;;;;;;;;;781,9258;44,07726;190,7665;0,17746989;0,17746989;0,00418;3,91691;9,8075;21,466244;0,154483;23,852872;24,983368;0,0339;3,3842;0,38;38,29;0,00;0,70;59,40;;313,869;297,746;7,8223858;18,43800;2,16500;0,02700;0,1234957;;69,28;30,00;;;
MLR EOT mass (g/m²);;31;19,36600;1,68400;0,011000;97,325;86,27;-4,4000;0,000;101,020;30,200;0,000;396,250;415,950;24,90;1130,717;263,190;0,000;838,100;879,700;854,900;320,050;;;;;0,00;0,00;0,00;3,00;1,84;15,570;24,120;0,62;0,53;999998,00;999998,00;999998,00;999998,00;999998,00;999998,00;999998,00;999998,00;999998,00;999998,00;999998,00;999998,00;999998,00;999998,00;999998,00;;;;;;;;;;;;;;;;;780,9129;19,09675;79,0688;0,40908813;0,40908813;0,00281;1,68942;10,5884;21,112379;0,148302;23,686818;24,864434;0,0323;3,2333;0,42;41,52;0,00;0,69;59,27;;328,951;328,107;7,8122531;18,40200;2,18800;0,02000;0,1254275;;69,04;31,00;;;
MLR time period (s);;32;19,20600;1,76100;0,015000;95,250;86,34;-4,9200;0,000;101,016;30,200;0,000;399,950;420,850;24,90;1130,750;263,190;0,000;838,200;879,700;854,900;320,050;;;;;0,00;0,00;0,00;3,00;1,84;15,544;24,142;0,62;0,53;999998,00;999998,00;999998,00;999998,00;999998,00;999998,00;999998,00;999998,00;999998,00;999998,00;999998,00;999998,00;999998,00;999998,00;999998,00;;;;;;;;;;;;;;;;;777,9313;20,47651;84,3200;0,38006592;0,38006592;-0,00017;1,81156;11,3664;20,789270;0,147478;23,542100;24,772329;0,0320;3,2034;0,45;44,73;0,00;0,69;58,98;;343,028;328,107;7,7824246;18,37500;2,21300;0,00400;0,1269086;;68,52;32,00;;;
Truncate graphs at EOT;;33;19,06800;1,84000;0,008000;95,850;86,29;-5,1201;0,000;101,016;30,200;0,000;403,650;425,550;24,90;1130,883;263,183;0,000;838,600;879,700;854,900;320,050;;;;;0,00;0,00;0,00;3,00;1,84;15,570;24,120;0,62;0,53;999998,00;999998,00;999998,00;999998,00;999998,00;999998,00;999998,00;999998,00;999998,00;999998,00;999998,00;999998,00;999998,00;999998,00;999998,00;;;;;;;;;;;;;;;;;784,7099;45,72011;189,0826;0,17170207;0,17170207;0,00239;4,04298;12,1511;20,758845;0,147971;23,725120;25,012324;0,0325;3,2453;0,48;47,97;0,00;0,69;59,56;;356,310;355,665;7,8502373;18,34600;2,23400;0,01800;0,1282207;;68,32;33,00;;;
Smooth data?;;34;18,94700;1,89800;-0,003000;95,475;85,67;-5,3601;0,000;101,028;30,200;0,000;407,050;429,850;24,90;1130,750;263,183;0,000;838,300;879,600;854,900;320,050;;;;;0,00;0,00;0,00;3,00;1,84;15,547;24,118;0,62;0,52;999998,00;999998,00;999998,00;999998,00;999998,00;999998,00;999998,00;999998,00;999998,00;999998,00;999998,00;999998,00;999998,00;999998,00;999998,00;;;;;;;;;;;;;;;;;788,0346;20,00102;86,7717;0,39415487;0,39415487;0,00202;1,77686;12,9391;20,631488;0,155275;23,778178;25,110060;0,0342;3,4188;0,51;51,39;0,00;0,70;59,86;;368,959;355,665;7,8834977;18,31700;2,26700;0,01600;0,1295768;;68,08;34,00;;;
Correct O2 for pressure?;;35;18,85400;1,96400;0,014000;96,700;85,58;-5,8601;0,000;101,020;30,200;0,000;410,350;433,850;24,90;1130,583;263,183;0,000;837,700;879,700;854,900;320,050;;;;;0,00;0,00;0,00;3,00;1,84;15,549;24,120;0,62;0,52;999998,00;999998,00;999998,00;999998,00;999998,00;999998,00;999998,00;999998,00;999998,00;999998,00;999998,00;999998,00;999998,00;999998,00;999998,00;;;;;;;;;;;;;;;;;804,5148;20,20498;87,4192;0,39833577;0,39833577;0,00238;1,80049;13,7436;20,679766;0,156270;24,027043;25,403028;0,0348;3,4808;0,55;54,87;0,00;0,72;61,17;;381,168;380,748;8,0483659;18,26600;2,31500;0,01800;0,1320113;;67,58;35,00;;;
;;36;18,77100;2,00400;0,031000;96,725;84,39;-6,1101;0,000;101,016;30,200;0,000;413,550;437,650;24,90;1130,717;263,183;0,000;838,200;879,600;854,900;320,050;;;;;0,00;0,00;0,00;3,00;1,84;15,597;24,123;0,62;0,52;999998,00;999998,00;999998,00;999998,00;999998,00;999998,00;999998,00;999998,00;999998,00;999998,00;999998,00;999998,00;999998,00;999998,00;999998,00;;;;;;;;;;;;;;;;;816,1349;40,99572;191,4173;0,19915771;0,19915771;0,00583;3,66055;14,5598;20,602264;0,170232;24,123662;25,529491;0,0381;3,8107;0,59;58,68;0,01;0,73;62,17;;393,089;380,748;8,1646133;18,21200;2,36100;0,03700;0,1344574;;67,33;36,00;;;
Apparatus;;37;18,69300;2,05400;0,041000;98,700;84,33;-6,3401;0,000;101,020;30,200;0,000;416,550;441,450;24,90;1130,750;263,183;0,000;838,400;879,600;854,800;320,050;;;;;0,00;0,00;0,00;3,00;1,84;15,572;24,152;0,62;0,51;999998,00;999998,00;999998,00;999998,00;999998,00;999998,00;999998,00;999998,00;999998,00;999998,00;999998,00;999998,00;999998,00;999998,00;999998,00;;;;;;;;;;;;;;;;;839,0757;22,94766;106,2920;0,36579386;0,36579386;0,00276;2,03898;15,3988;20,736459;0,171012;24,456934;25,918890;0,0389;3,8865;0,63;62,57;0,00;0,75;63,81;;404,832;404,588;8,3941137;18,15800;2,39900;0,02000;0,1373824;;67,10;37,00;;;
C-factor (SI units);0,0426;38;18,62900;2,09300;0,030000;92,600;85,00;-6,8101;0,000;101,012;30,200;0,000;419,450;445,050;24,90;1131,150;263,183;0,000;839,600;879,600;854,800;320,050;;;;;0,00;0,00;0,00;3,00;1,84;15,542;24,112;0,62;0,52;999998,00;999998,00;999998,00;999998,00;999998,00;999998,00;999998,00;999998,00;999998,00;999998,00;999998,00;999998,00;999998,00;999998,00;999998,00;;;;;;;;;;;;;;;;;819,2978;22,60605;99,5125;0,36256917;0,36256917;0,00496;2,00340;16,2181;20,015894;0,163076;23,771438;25,222263;0,0361;3,6066;0,66;66,18;0,00;0,73;62,35;;416,000;404,588;8,1962551;18,12400;2,42000;0,03300;0,1389976;;66,63;38,00;;;
OD correction factor;1;39;18,58700;2,12800;0,032000;92,025;85,83;-7,0702;0,000;101,020;30,200;0,000;422,850;449,250;24,90;1131,750;263,183;0,000;841,400;879,600;854,800;320,050;;;;;0,00;0,00;0,00;3,00;1,84;15,614;24,160;0,62;0,52;999998,00;999998,00;999998,00;999998,00;999998,00;999998,00;999998,00;999998,00;999998,00;999998,00;999998,00;999998,00;999998,00;999998,00;999998,00;;;;;;;;;;;;;;;;;820,7820;20,35671;84,3003;0,40336100;0,40336100;0,00229;1,79629;17,0389;19,873270;0,153345;23,793369;25,278873;0,0340;3,3990;0,70;69,57;0,00;0,72;62,37;;426,360;426,401;8,2111031;18,10300;2,43100;0,01800;0,1402658;;66,37;39,00;;;
Duct diameter (m);0,114;40;18,53400;2,16500;0,028000;93,300;86,83;-7,6001;0,000;101,016;30,200;0,000;425,850;452,950;24,90;1132,083;263,190;0,000;842,600;879,500;854,700;320,050;;;;;0,00;0,00;0,00;3,00;1,84;15,614;24,123;0,62;0,53;999998,00;999998,00;999998,00;999998,00;999998,00;999998,00;999998,00;999998,00;999998,00;999998,00;999998,00;999998,00;999998,00;999998,00;999998,00;;;;;;;;;;;;;;;;;826,4886;21,02531;80,8449;0,39324951;0,39324951;0,00353;1,85255;17,8654;19,939860;0,141727;24,042466;25,572468;0,0318;3,1779;0,73;72,75;0,00;0,73;62,82;;436,292;426,401;8,2681922;18,09200;2,43600;0,02500;0,1407774;;65,84;40,00;;;
O2 delay time (s);12;41;18,48200;2,18800;0,027000;91,625;84,44;-7,8201;0,000;101,016;30,200;0,000;428,950;456,750;24,90;1132,083;263,183;0,000;842,700;879,500;854,600;320,050;;;;;0,00;0,00;0,00;3,00;1,85;15,597;24,139;0,62;0,52;999998,00;999998,00;999998,00;999998,00;999998,00;999998,00;999998,00;999998,00;999998,00;999998,00;999998,00;999998,00;999998,00;999998,00;999998,00;;;;;;;;;;;;;;;;;817,7166;41,24582;191,1567;0,19833374;0,19833374;0,00192;3,63301;18,6831;19,688528;0,169746;23,912236;25,461975;0,0379;3,7898;0,77;76,54;0,00;0,72;62,11;;445,702;445,564;8,1804369;18,08800;2,44000;0,01600;0,1410647;;65,62;41,00;;;
CO2 delay time (s);10;42;18,43800;2,21300;0,020000;87,675;85,69;-8,0901;0,000;101,016;30,200;0,000;431,650;460,050;24,90;1132,217;263,183;0,000;843,100;879,500;854,600;320,050;;;;;0,00;0,00;0,00;3,00;1,85;15,551;24,142;0,62;0,52;999998,00;999998,00;999998,00;999998,00;999998,00;999998,00;999998,00;999998,00;999998,00;999998,00;999998,00;999998,00;999998,00;999998,00;999998,00;;;;;;;;;;;;;;;;;797,1489;18,79958;80,1320;0,42419434;0,42419434;0,00221;1,65781;19,4803;19,199133;0,154949;23,464625;25,008458;0,0340;3,3978;0,80;79,94;0,00;0,70;60,57;;454,314;445,564;7,9746773;18,08800;2,44200;0,01800;0,1410214;;65,35;42,00;;;
CO delay time (s);10;43;18,40200;2,23400;0,004000;92,000;85,24;-8,6101;0,000;101,020;30,200;0,000;434,050;463,050;24,90;1132,083;263,183;0,000;842,700;879,500;854,600;320,050;;;;;0,00;0,00;0,00;3,00;1,85;15,606;24,128;0,62;0,52;999998,00;999998,00;999998,00;999998,00;999998,00;999998,00;999998,00;999998,00;999998,00;999998,00;999998,00;999998,00;999998,00;999998,00;999998,00;;;;;;;;;;;;;;;;;816,4183;21,07773;93,3149;0,38749186;0,38749186;0,00053;1,86865;20,2967;19,612531;0,160309;24,103142;25,713535;0,0362;3,6144;0,84;83,55;0,00;0,72;62,05;;462,511;462,843;8,1674487;18,08000;2,46100;0,00800;0,1413906;;64,83;43,00;;;
;;44;18,37500;2,26700;0,018000;92,000;85,32;-8,8301;0,000;101,020;30,200;0,000;436,450;465,950;24,90;1131,583;263,183;0,000;841,400;879,400;854,500;320,050;;;;;0,00;0,00;0,00;3,00;1,85;15,576;24,128;0,62;0,52;999998,00;999998,00;999998,00;999998,00;999998,00;999998,00;999998,00;999998,00;999998,00;999998,00;999998,00;999998,00;999998,00;999998,00;999998,00;;;;;;;;;;;;;;;;;823,1090;42,41186;185,7675;0,19415283;0,19415283;0,00105;3,78091;21,1198;19,558532;0,159346;24,169687;25,803336;0,0361;3,6053;0,87;87,16;0,00;0,73;62,64;;470,631;462,843;8,2343825;18,04500;2,50100;0,01100;0,1429664;;64,61;44,00;;;
Laboratory;;45;18,34600;2,31500;0,016000;95,725;84,23;-9,0901;0,000;101,016;30,200;0,000;438,750;468,550;24,90;1133,850;263,183;0,000;848,400;879,300;854,400;320,050;;;;;0,00;0,00;0,00;3,00;1,85;15,563;24,128;0,62;0,51;999998,00;999998,00;999998,00;999998,00;999998,00;999998,00;999998,00;999998,00;999998,00;999998,00;999998,00;999998,00;999998,00;999998,00;999998,00;;;;;;;;;;;;;;;;;850,3842;20,83344;97,6438;0,40834554;0,40834554;0,00511;1,85353;21,9702;19,898197;0,172190;24,719013;26,397933;0,0399;3,9856;0,91;91,15;0,01;0,76;64,80;;478,766;479,312;8,5072439;17,99600;2,53400;0,03400;0,1452183;;64,35;45,00;;;
Laboratory name;FZJ IAS-7;46;18,31700;2,36100;0,018000;90,075;83,04;-9,6001;0,000;101,020;30,200;0,000;440,750;470,950;24,90;1133,350;263,183;0,000;847,100;879,200;854,300;320,050;;;;;0,00;0,00;0,00;3,00;1,85;15,576;24,123;0,62;0,51;999998,00;999998,00;999998,00;999998,00;999998,00;999998,00;999998,00;999998,00;999998,00;999998,00;999998,00;999998,00;999998,00;999998,00;999998,00;;;;;;;;;;;;;;;;;834,5140;20,23794;101,7855;0,41251628;0,41251628;0,00358;1,79579;22,8047;19,258195;0,186398;24,033010;25,679742;0,0420;4,1971;0,95;95,34;0,00;0,74;63,55;;486,673;479,312;8,3484782;17,95700;2,56200;0,02600;0,1472747;;63,84;46,00;;;
Operator;DK + CR;47;18,26600;2,39900;0,037000;91,975;84,02;-9,8701;0,000;101,020;30,200;0,000;442,950;473,550;24,90;1133,217;263,183;0,000;846,800;879,200;854,200;320,050;;;;;0,00;0,00;0,00;3,00;1,85;15,591;24,139;0,62;0,51;999998,00;999998,00;999998,00;999998,00;999998,00;999998,00;999998,00;999998,00;999998,00;999998,00;999998,00;999998,00;999998,00;999998,00;999998,00;;;;;;;;;;;;;;;;;846,9704;38,51206;181,3255;0,22001139;0,22001139;0,00687;3,41422;23,6517;19,411860;0,174733;24,345692;26,027548;0,0399;3,9878;0,99;99,33;0,01;0,75;64,57;;494,206;495,030;8,4730918;17,93300;2,57700;0,04500;0,1483072;;63,57;47,00;;;
Filename;17032026_PMMA_DE_6mm_q75_R8,csv;48;18,21200;2,42000;0,020000;88,350;84,61;-10,1201;0,000;101,022;30,200;0,000;445,350;476,450;24,90;1132,517;263,183;0,000;844,800;879,100;854,200;320,050;;;;;0,00;0,00;0,00;3,00;1,85;15,597;24,142;0,62;0,52;999998,00;999998,00;999998,00;999998,00;999998,00;999998,00;999998,00;999998,00;999998,00;999998,00;999998,00;999998,00;999998,00;999998,00;999998,00;;;;;;;;;;;;;;;;;834,4603;21,59000;97,3707;0,38665771;0,38665771;0,00537;1,92297;24,4861;18,974142;0,167680;23,925657;25,596451;0,0376;3,7634;1,03;103,09;0,01;0,74;63,64;;501,425;495,030;8,3479407;17,90800;2,60900;0,03700;0,1495052;;63,32;48,00;;;
Report name;;49;18,15800;2,43100;0,033000;82,750;84,43;-10,6101;0,000;101,022;30,200;0,000;447,550;479,050;24,90;1132,150;263,183;0,000;843,900;879,000;854,100;320,050;;;;;0,00;0,00;0,00;3,00;1,85;15,643;24,142;0,62;0,51;999998,00;999998,00;999998,00;999998,00;999998,00;999998,00;999998,00;999998,00;999998,00;999998,00;999998,00;999998,00;999998,00;999998,00;999998,00;;;;;;;;;;;;;;;;;816,2453;21,67822;98,2314;0,37667847;0,37667847;0,00438;1,92351;25,3024;18,317779;0,169774;23,212111;24,845854;0,0370;3,6987;1,07;106,79;0,00;0,72;62,21;;508,036;508,768;8,1657176;17,87000;2,63300;0,03200;0,1515128;;62,83;49,00;;;
;;50;18,12400;2,43600;0,018000;89,425;83,90;-10,8801;0,000;101,018;30,200;0,000;449,450;481,450;24,90;1131,817;263,183;0,000;843,000;879,000;854,000;320,050;;;;;0,00;0,00;0,00;3,00;1,85;15,643;24,144;0,62;0,51;999998,00;999998,00;999998,00;999998,00;999998,00;999998,00;999998,00;999998,00;999998,00;999998,00;999998,00;999998,00;999998,00;999998,00;999998,00;;;;;;;;;;;;;;;;;853,2909;20,48917;96,0157;0,41662598;0,41662598;0,00555;1,81312;26,1557;19,001959;0,176053;24,181322;25,902987;0,0400;3,9987;1,11;110,79;0,01;0,76;65,04;;514,570;508,768;8,5363222;17,84600;2,64600;0,03800;0,1527057;;62,56;50,00;;;
Pre-test conditions;;51;18,10300;2,44000;0,025000;88,550;85,42;-11,4301;0,000;101,016;30,200;0,000;451,250;483,750;24,90;1130,717;263,183;0,000;839,900;878,900;853,900;320,050;;;;;0,00;0,00;0,00;3,00;1,85;15,578;24,120;0,62;0,52;999998,00;999998,00;999998,00;999998,00;999998,00;999998,00;999998,00;999998,00;999998,00;999998,00;999998,00;999998,00;999998,00;999998,00;999998,00;;;;;;;;;;;;;;;;;851,5698;20,20171;85,0143;0,42170207;0,42170207;0,00368;1,78992;27,0072;18,871016;0,158120;24,110863;25,847380;0,0359;3,5836;1,14;114,37;0,00;0,75;64,88;;521,195;521,519;8,5191040;17,83200;2,66200;0,02700;0,1534663;;62,01;51,00;;;
Ambient temperature (°C);24,8;52;18,09200;2,44200;0,016000;86,950;83,34;-11,6802;0,000;101,016;30,200;0,000;453,750;486,650;24,90;1130,617;263,183;0,000;839,800;878,800;853,800;320,050;;;;;0,00;0,00;0,00;3,00;1,86;15,568;24,152;0,62;0,51;999998,00;999998,00;999998,00;999998,00;999998,00;999998,00;999998,00;999998,00;999998,00;999998,00;999998,00;999998,00;999998,00;999998,00;999998,00;;;;;;;;;;;;;;;;;845,3049;39,79039;193,8610;0,21252441;0,21252441;0,00297;3,52184;27,8525;18,648164;0,182789;23,958134;25,695263;0,0412;4,1184;1,19;118,49;0,00;0,75;64,39;;527,488;521,519;8,4564300;17,81900;2,67100;0,02300;0,1541686;;61,76;52,00;;;
Barometric pressure (Pa);101022;53;18,08800;2,46100;0,018000;89,550;83,11;-11,9501;0,000;101,018;30,200;0,000;455,650;489,050;24,90;1130,650;263,183;0,000;840,100;878,700;853,700;320,050;;;;;0,00;0,00;0,00;3,00;1,86;15,587;24,142;0,62;0,51;999998,00;999998,00;999998,00;999998,00;999998,00;999998,00;999998,00;999998,00;999998,00;999998,00;999998,00;999998,00;999998,00;999998,00;999998,00;;;;;;;;;;;;;;;;;860,3678;19,94518;98,6406;0,43153890;0,43153890;0,00051;1,76456;28,7129;18,885422;0,185567;24,364547;26,150514;0,0426;4,2550;1,23;122,75;0,00;0,76;65,48;;533,627;534,139;8,6071195;17,80600;2,68300;0,00800;0,1549557;;61,49;53,00;;;
Relative hunidity (%);30,3;54;18,08800;2,50100;0,008000;86,075;85,01;-12,4900;0,000;101,016;30,200;0,000;457,350;491,150;24,90;1130,850;263,183;0,000;840,700;878,700;853,700;320,050;;;;;0,00;0,00;0,00;3,00;1,86;15,629;24,155;0,62;0,52;999998,00;999998,00;999998,00;999998,00;999998,00;999998,00;999998,00;999998,00;999998,00;999998,00;999998,00;999998,00;999998,00;999998,00;999998,00;;;;;;;;;;;;;;;;;844,9482;20,61502;89,5804;0,41003418;0,41003418;0,00148;1,83320;29,5579;18,480928;0,162930;23,931655;25,700300;0,0367;3,6716;1,26;126,42;0,00;0,75;64,38;;539,535;534,139;8,4528613;17,79100;2,70600;0,01400;0,1555189;;60,95;54,00;;;
;;55;18,08000;2,53400;0,011000;92,025;85,01;-12,7301;0,000;101,018;30,200;0,000;459,150;493,450;24,90;1131,050;263,190;0,000;841,400;878,700;853,600;320,050;;;;;0,00;0,00;0,00;3,00;1,86;15,597;24,152;0,61;0,52;999998,00;999998,00;999998,00;999998,00;999998,00;999998,00;999998,00;999998,00;999998,00;999998,00;999998,00;999998,00;999998,00;999998,00;999998,00;;;;;;;;;;;;;;;;;882,6820;42,90100;185,0546;0,20583089;0,20583089;0,00220;3,82111;30,4405;19,071516;0,162962;24,793628;26,645792;0,0381;3,8075;1,30;130,23;0,00;0,79;67,31;;545,431;546,408;8,8303504;17,75000;2,74300;0,01800;0,1574650;;60,71;55,00;;;
Conditioning;;56;18,04500;2,56200;0,034000;85,800;85,83;-13,0000;0,000;101,018;30,200;0,000;461,250;495,850;24,90;1131,583;263,190;0,000;843,000;878,700;853,600;320,050;;;;;0,00;0,00;0,00;3,00;1,86;15,612;24,144;0,61;0,52;999998,00;999998,00;999998,00;999998,00;999998,00;999998,00;999998,00;999998,00;999998,00;999998,00;999998,00;999998,00;999998,00;999998,00;999998,00;;;;;;;;;;;;;;;;;858,1957;19,47342;78,7154;0,44087728;0,44087728;0,00569;1,72757;31,2987;18,373211;0,153372;23,995053;25,795007;0,0347;3,4690;1,34;133,70;0,01;0,76;65,49;;551,235;546,408;8,5853903;17,71800;2,75700;0,04000;0,1589417;;60,44;56,00;;;
Conditionet ? (Y/N);N;57;17,99600;2,57700;0,026000;86,350;84,52;-13,5602;0,000;101,018;30,200;0,000;462,450;497,450;24,90;1131,350;263,183;0,000;842,400;878,600;853,600;320,050;;;;;0,00;0,00;0,00;3,00;1,86;15,582;24,179;0,61;0,51;999998,00;999998,00;999998,00;999998,00;999998,00;999998,00;999998,00;999998,00;999998,00;999998,00;999998,00;999998,00;999998,00;999998,00;999998,00;;;;;;;;;;;;;;;;;861,8210;20,28344;90,3195;0,42505900;0,42505900;0,00489;1,79328;32,1606;18,408075;0,168802;24,103129;25,927347;0,0384;3,8376;1,38;137,53;0,00;0,76;65,72;;556,652;557,841;8,6216571;17,71300;2,75400;0,03500;0,1593165;;59,88;57,00;;;
Conditioning temperature (°C);;58;17,95700;2,60900;0,045000;88,450;84,64;-13,8401;0,000;101,016;30,200;0,000;464,450;499,750;24,90;1130,850;263,183;0,000;841,000;878,600;853,500;320,050;;;;;0,00;0,00;0,00;3,00;1,86;15,605;24,139;0,61;0,51;999998,00;999998,00;999998,00;999998,00;999998,00;999998,00;999998,00;999998,00;999998,00;999998,00;999998,00;999998,00;999998,00;999998,00;999998,00;;;;;;;;;;;;;;;;;871,1764;22,11408;98,0056;0,39410400;0,39410400;0,00559;1,95981;33,0317;18,590413;0,167388;24,447152;26,305231;0,0386;3,8609;1,41;141,39;0,01;0,77;66,47;;561,994;557,841;8,7152482;17,70800;2,76300;0,03900;0,1594692;;59,60;58,00;;;
Conditioning RH (%);;59;17,93300;2,63300;0,037000;86,550;85,14;-14,3501;0,000;101,018;30,200;0,000;466,250;501,950;24,90;1130,917;263,183;0,000;841,300;878,500;853,500;320,150;;;;;0,00;0,00;0,00;3,00;1,86;15,616;24,155;0,61;0,52;999998,00;999998,00;999998,00;999998,00;999998,00;999998,00;999998,00;999998,00;999998,00;999998,00;999998,00;999998,00;999998,00;999998,00;999998,00;;;;;;;;;;;;;;;;;862,8448;22,03855;94,2802;0,39167277;0,39167277;0,00584;1,94979;33,8946;18,354126;0,161382;24,229968;26,085217;0,0369;3,6912;1,45;145,09;0,01;0,76;65,83;;567,164;568,163;8,6318989;17,69800;2,76700;0,04100;0,1599862;;59,09;59,00;;;
;;60;17,90800;2,64600;0,032000;87,100;83,11;-14,5901;0,000;101,018;30,200;0,000;467,550;503,650;24,90;1130,917;263,183;0,000;841,300;878,500;853,500;320,150;;;;;0,00;0,00;0,00;3,00;1,86;15,616;24,155;0,61;0,51;999998,00;999998,00;999998,00;999998,00;999998,00;999998,00;999998,00;999998,00;999998,00;999998,00;999998,00;999998,00;999998,00;999998,00;999998,00;;;;;;;;;;;;;;;;;865,4187;41,22458;203,2851;0,21001180;0,21001180;0,00456;3,65089;34,7600;18,386736;0,185618;24,340695;26,220064;0,0427;4,2675;1,49;149,35;0,00;0,77;66,01;;572,113;568,163;8,6576491;17,69500;2,77300;0,03300;0,1601814;;58,85;60,00;;;
Data collected;;61;17,87000;2,66200;0,038000;91,100;84,48;-14,8601;0,000;101,018;30,200;0,000;468,750;504,950;24,90;1130,817;263,183;0,000;841,000;878,500;853,500;320,150;;;;;0,00;0,00;0,00;3,00;1,86;15,585;24,150;0,61;0,51;999998,00;999998,00;999998,00;999998,00;999998,00;999998,00;999998,00;999998,00;999998,00;999998,00;999998,00;999998,00;999998,00;999998,00;999998,00;;;;;;;;;;;;;;;;;887,2561;20,56463;92,3305;0,43162028;0,43162028;0,00382;1,82307;35,6473;18,780111;0,169202;24,925260;26,850155;0,0399;3,9836;1,53;153,34;0,00;0,79;67,67;;577,100;578,225;8,8761104;17,68300;2,78600;0,02800;0,1607931;;58,58;61,00;;;
CO/CO2 data collected?;Yes;62;17,84600;2,67100;0,027000;88,525;84,82;-15,4000;0,000;101,018;30,200;0,000;470,450;506,950;24,90;1130,617;263,183;0,000;840,400;878,400;853,600;320,150;;;;;0,00;0,00;0,00;3,00;1,86;15,664;24,150;0,61;0,52;999998,00;999998,00;999998,00;999998,00;999998,00;999998,00;999998,00;999998,00;999998,00;999998,00;999998,00;999998,00;999998,00;999998,00;999998,00;;;;;;;;;;;;;;;;;879,7240;22,42076;97,9376;0,39252726;0,39252726;0,00132;1,99704;36,5270;18,479314;0,165224;24,614985;26,524746;0,0384;3,8428;1,57;157,18;0,00;0,78;67,10;;582,042;578,225;8,8007594;17,65800;2,82000;0,01300;0,1620428;;58,04;62,00;;;
Mass data collected?;Yes;63;17,83200;2,68300;0,023000;84,100;84,60;-15,6501;0,000;101,018;30,200;0,000;471,650;508,250;24,90;1130,617;263,183;0,000;840,400;878,400;853,600;320,150;;;;;0,00;0,00;0,00;3,00;1,87;15,608;24,152;0,61;0,51;999998,00;999998,00;999998,00;999998,00;999998,00;999998,00;999998,00;999998,00;999998,00;999998,00;999998,00;999998,00;999998,00;999998,00;999998,00;;;;;;;;;;;;;;;;;868,4689;21,62833;94,8799;0,40170288;0,40170288;0,00128;1,92155;37,3954;17,988613;0,167845;24,022477;25,886620;0,0381;3,8098;1,61;160,99;0,00;0,77;66,23;;586,678;587,737;8,6881627;17,61200;2,85200;0,01300;0,1643729;;57,79;63,00;;;
Smoke data collected;Yes;64;17,81900;2,70600;0,008000;84,775;84,62;-16,2001;0,000;101,016;30,200;0,000;472,950;509,750;24,90;1130,650;263,183;0,000;840,500;878,400;853,600;320,150;;;;;0,00;0,00;0,00;3,00;1,87;15,616;24,160;0,61;0,51;999998,00;999998,00;999998,00;999998,00;999998,00;999998,00;999998,00;999998,00;999998,00;999998,00;999998,00;999998,00;999998,00;999998,00;999998,00;;;;;;;;;;;;;;;;;876,7594;21,09597;92,0535;0,41577148;0,41577148;0,00160;1,87867;38,2722;18,035820;0,167613;24,151905;26,031152;0,0383;3,8258;1,65;164,82;0,00;0,78;66,91;;591,146;587,737;8,7711010;17,58700;2,87800;0,01500;0,1655276;;57,24;64,00;;;
Soot mass data colelcted;;65;17,80600;2,74300;0,014000;80,500;84,00;-16,4401;0,000;101,016;30,200;0,000;474,150;511,350;24,90;1130,650;263,183;0,000;840,500;878,400;853,600;320,150;;;;;0,00;0,00;0,00;3,00;1,87;15,593;24,144;0,61;0,51;999998,00;999998,00;999998,00;999998,00;999998,00;999998,00;999998,00;999998,00;999998,00;999998,00;999998,00;999998,00;999998,00;999998,00;999998,00;;;;;;;;;;;;;;;;;858,7832;39,04739;177,2316;0,22002157;0,22002157;0,00466;3,47949;39,1310;17,552932;0,174921;23,564905;25,413717;0,0390;3,8979;1,69;168,71;0,00;0,77;65,62;;595,401;596,226;8,5912671;17,56100;2,89800;0,03500;0,1666145;;57,00;65,00;;;
Soot mass ratio (1:x);;66;17,79100;2,75700;0,018000;79,950;83,89;-16,7301;0,000;101,016;30,200;0,000;475,850;513,250;24,90;1130,617;263,183;0,000;840,400;878,300;853,700;320,150;;;;;0,00;0,00;0,00;3,00;1,87;15,614;24,166;0,61;0,51;999998,00;999998,00;999998,00;999998,00;999998,00;999998,00;999998,00;999998,00;999998,00;999998,00;999998,00;999998,00;999998,00;999998,00;999998,00;;;;;;;;;;;;;;;;;863,5311;20,20569;91,7585;0,42754110;0,42754110;0,00433;1,80131;39,9945;17,461590;0,176245;23,526327;25,375407;0,0392;3,9215;1,73;172,63;0,00;0,77;65,99;;599,428;596,226;8,6387648;17,52400;2,93000;0,03300;0,1684436;;56,71;66,00;;;
Soot mass (g);;67;17,75000;2,75400;0,040000;83,250;84,63;-17,2501;0,000;101,014;30,200;0,000;477,150;514,850;24,90;1130,650;263,183;0,000;840,400;878,300;853,800;320,150;;;;;0,00;0,00;0,00;3,00;1,87;15,593;24,150;0,61;0,51;999998,00;999998,00;999998,00;999998,00;999998,00;999998,00;999998,00;999998,00;999998,00;999998,00;999998,00;999998,00;999998,00;999998,00;999998,00;;;;;;;;;;;;;;;;;887,3580;21,78648;93,4772;0,40746053;0,40746053;0,00535;1,94480;40,8819;17,794028;0,167394;24,039723;25,939121;0,0381;3,8073;1,77;176,44;0,01;0,79;67,86;;603,548;604,490;8,8771295;17,49300;2,95800;0,03900;0,1698833;;56,19;67,00;;;
;;68;17,71800;2,76300;0,035000;80,300;82,51;-17,5500;0,000;101,018;30,200;0,000;478,450;516,450;24,90;1131,050;263,183;0,000;841,500;878,300;853,900;320,150;;;;;0,00;0,00;0,00;3,00;1,87;15,622;24,166;0,61;0,50;999998,00;999998,00;999998,00;999998,00;999998,00;999998,00;999998,00;999998,00;999998,00;999998,00;999998,00;999998,00;999998,00;999998,00;999998,00;;;;;;;;;;;;;;;;;877,7907;19,92035;97,9374;0,44082642;0,44082642;0,00648;1,77943;41,7597;17,452156;0,192861;23,642093;25,519823;0,0432;4,3156;1,81;180,76;0,01;0,78;67,17;;607,651;604,490;8,7814182;17,46100;2,98500;0,04700;0,1713706;;55,89;68,00;;;
Comments;;69;17,71300;2,76700;0,039000;85,200;84,59;-18,1101;0,000;101,016;30,200;0,000;479,850;518,150;24,90;1131,150;263,183;0,000;841,800;878,300;853,900;320,150;;;;;0,00;0,00;0,00;3,00;1,87;15,635;24,158;0,61;0,51;999998,00;999998,00;999998,00;999998,00;999998,00;999998,00;999998,00;999998,00;999998,00;999998,00;999998,00;999998,00;999998,00;999998,00;999998,00;;;;;;;;;;;;;;;;;910,5365;22,77171;96,9510;0,40001424;0,40001424;0,00540;2,02385;42,6702;17,950504;0,167880;24,388350;26,334945;0,0388;3,8766;1,85;184,63;0,01;0,81;69,61;;611,803;613,025;9,1090068;17,43500;2,99500;0,03900;0,1728541;;55,33;69,00;;;
Pre-test comments;;70;17,70800;2,77300;0,041000;88,225;84,30;-18,3201;0,000;101,012;30,200;0,000;481,350;519,850;24,90;1130,950;263,183;0,000;841,200;878,300;853,900;320,150;;;;;0,00;0,00;0,00;3,00;1,87;15,612;24,147;0,61;0,51;999998,00;999998,00;999998,00;999998,00;999998,00;999998,00;999998,00;999998,00;999998,00;999998,00;999998,00;999998,00;999998,00;999998,00;999998,00;;;;;;;;;;;;;;;;;927,9629;46,22579;200,8612;0,20082601;0,20082601;0,00452;4,10133;43,5982;18,237905;0,171304;24,856283;26,844373;0,0403;4,0322;1,89;188,67;0,00;0,82;70,90;;616,195;613,025;9,2833406;17,42600;2,99900;0,03300;0,1733954;;55,12;70,00;;;
After test comments;;71;17,69800;2,78600;0,033000;81,200;84,31;-18,6101;0,000;101,018;30,200;0,000;482,750;521,650;24,90;1130,650;263,183;0,000;840,300;878,300;853,900;320,150;;;;;0,00;0,00;0,00;3,00;1,87;15,614;24,150;0,61;0,51;999998,00;999998,00;999998,00;999998,00;999998,00;999998,00;999998,00;999998,00;999998,00;999998,00;999998,00;999998,00;999998,00;999998,00;999998,00;;;;;;;;;;;;;;;;;889,5874;20,26194;88,2224;0,43921916;0,43921916;0,00202;1,79159;44,4878;17,471350;0,171182;23,880809;25,805124;0,0387;3,8733;1,93;192,54;0,00;0,79;67,89;;620,316;621,110;8,8994319;17,42800;2,99100;0,01800;0,1735187;;54,83;71,00;;;
;;72;17,69500;2,82000;0,028000;80,825;84,20;-19,1401;0,000;101,016;30,200;0,000;484,250;523,450;24,90;1130,650;263,183;0,000;840,300;878,300;853,900;320,150;;;;;0,00;0,00;0,00;3,00;1,87;15,652;24,163;0,61;0,51;999998,00;999998,00;999998,00;999998,00;999998,00;999998,00;999998,00;999998,00;999998,00;999998,00;999998,00;999998,00;999998,00;999998,00;999998,00;;;;;;;;;;;;;;;;;881,9310;21,39155;94,6396;0,41244507;0,41244507;0,00231;1,89408;45,3697;17,403942;0,172513;23,862588;25,794262;0,0390;3,9018;1,97;196,44;0,00;0,78;67,32;;624,003;621,110;8,8228377;17,44400;2,98100;0,02000;0,1726768;;54,30;72,00;;;
Events;;73;17,68300;2,85200;0,013000;82,125;85,24;-19,4000;0,000;101,016;30,200;0,000;485,250;524,750;24,90;1130,550;263,183;0,000;840,100;878,200;853,900;320,150;;;;;0,00;0,00;0,00;3,00;1,87;15,622;24,163;0,61;0,52;999998,00;999998,00;999998,00;999998,00;999998,00;999998,00;999998,00;999998,00;999998,00;999998,00;999998,00;999998,00;999998,00;999998,00;999998,00;;;;;;;;;;;;;;;;;887,9539;38,35229;158,0193;0,23161825;0,23161825;0,00341;3,41022;46,2576;17,525262;0,160240;24,078550;26,038577;0,0366;3,6586;2,00;200,10;0,00;0,79;67,84;;627,578;628,444;8,8830908;17,44100;2,99300;0,02700;0,1726527;;54,04;73,00;;;
Number of events;;74;17,65800;2,87800;0,013000;81,825;84,55;-19,6901;0,000;101,018;30,200;0,000;486,550;526,350;24,90;1130,417;263,183;0,000;839,700;878,200;853,900;320,150;;;;;0,00;0,00;0,00;3,00;1,88;15,637;24,158;0,61;0,51;999998,00;999998,00;999998,00;999998,00;999998,00;999998,00;999998,00;999998,00;999998,00;999998,00;999998,00;999998,00;999998,00;999998,00;999998,00;;;;;;;;;;;;;;;;;889,1020;20,25041;87,5637;0,43922933;0,43922933;0,00325;1,80481;47,1467;17,469838;0,168406;24,066704;26,035371;0,0385;3,8445;2,04;203,94;0,00;0,79;67,96;;631,104;628,444;8,8945759;17,42400;3,01300;0,02600;0,1734383;;53,75;74,00;;;
Event1;;75;17,61200;2,89800;0,015000;81,825;84,82;-20,2301;0,000;101,014;30,200;0,000;487,550;527,450;24,90;1130,817;263,190;0,000;840,800;878,200;854,000;320,150;;;;;0,00;0,00;0,00;3,00;1,88;15,637;24,176;0,61;0,51;999998,00;999998,00;999998,00;999998,00;999998,00;999998,00;999998,00;999998,00;999998,00;999998,00;999998,00;999998,00;999998,00;999998,00;999998,00;;;;;;;;;;;;;;;;;897,5755;22,12794;93,0987;0,40579224;0,40579224;0,00309;1,98049;48,0443;17,451912;0,165245;24,091423;26,063011;0,0378;3,7764;2,08;207,72;0,00;0,80;68,66;;634,600;635,492;8,9793457;17,38400;3,05700;0,02500;0,1753047;;53,21;75,00;;;
Event2;;76;17,58700;2,93000;0,035000;79,150;84,27;-20,5100;0,000;101,018;30,200;0,000;488,750;528,650;24,90;1130,583;263,190;0,000;840,100;878,200;854,000;320,150;;;;;0,00;0,00;0,00;3,00;1,88;15,635;24,168;0,61;0,51;999998,00;999998,00;999998,00;999998,00;999998,00;999998,00;999998,00;999998,00;999998,00;999998,00;999998,00;999998,00;999998,00;999998,00;999998,00;;;;;;;;;;;;;;;;;891,9332;20,47375;88,6536;0,43582153;0,43582153;0,00379;1,82225;48,9363;17,143191;0,171652;23,723498;25,660209;0,0386;3,8622;2,12;211,58;0,00;0,79;68,21;;638,023;635,492;8,9229002;17,34400;3,07500;0,03000;0,1773782;;52,93;76,00;;;
Event3;;77;17,56100;2,95800;0,033000;81,725;84,28;-21,0901;0,000;101,018;30,200;0,000;489,850;530,050;24,90;1130,583;263,183;0,000;840,000;878,200;854,100;320,150;;;;;0,00;0,00;0,00;3,00;1,88;15,658;24,176;0,61;0,51;999998,00;999998,00;999998,00;999998,00;999998,00;999998,00;999998,00;999998,00;999998,00;999998,00;999998,00;999998,00;999998,00;999998,00;999998,00;;;;;;;;;;;;;;;;;907,6019;20,83049;90,1754;0,43588257;0,43588257;0,00708;1,84688;49,8439;17,400251;0,171589;24,133421;26,113953;0,0393;3,9290;2,16;215,51;0,01;0,81;69,44;;641,423;642,430;9,0796490;17,33300;3,07100;0,05100;0,1778379;;52,35;77,00;;;
Event4;;78;17,52400;2,98500;0,039000;79,475;82,65;-21,3401;0,000;101,018;30,200;0,000;491,150;531,450;24,90;1130,817;263,183;0,000;840,600;878,200;854,200;320,150;;;;;0,00;0,00;0,00;3,00;1,88;15,606;24,168;0,61;0,50;999998,00;999998,00;999998,00;999998,00;999998,00;999998,00;999998,00;999998,00;999998,00;999998,00;999998,00;999998,00;999998,00;999998,00;999998,00;;;;;;;;;;;;;;;;;893,1172;39,27037;189,9508;0,22751872;0,22751872;0,00531;3,50076;50,7370;17,136329;0,191066;23,830449;25,785792;0,0432;4,3200;2,20;219,83;0,01;0,80;68,35;;644,742;642,430;8,9347446;17,33500;3,08500;0,04000;0,1776913;;52,10;78,00;;;
Event5;;79;17,49300;2,99500;0,047000;79,475;82,65;-21,6401;0,000;101,018;30,200;0,000;491,150;531,450;24,90;1131,250;263,190;0,000;841,900;878,200;854,200;320,150;;;;;0,00;0,00;0,00;3,00;1,88;15,660;24,166;0,61;0,50;999998,00;999998,00;999998,00;999998,00;999998,00;999998,00;999998,00;999998,00;999998,00;999998,00;999998,00;999998,00;999998,00;999998,00;999998,00;;;;;;;;;;;;;;;;;900,6450;20,20679;96,9233;0,44589233;0,44589233;0,00576;1,81275;51,6376;17,136329;0,191066;23,830449;25,785792;0,0432;4,3200;2,24;224,15;0,01;0,81;69,01;;647,934;649,055;9,0100530;17,30000;3,13000;0,04300;0,1792175;;51,80;79,00;;;
Event6;;80;17,46100;2,99900;0,039000;79,325;83,01;-22,1802;0,000;101,014;30,200;0,000;492,350;533,150;24,90;1131,517;263,183;0,000;842,600;878,200;854,300;320,150;;;;;0,00;0,00;0,00;3,00;1,88;15,603;24,182;0,61;0,50;999998,00;999998,00;999998,00;999998,00;999998,00;999998,00;999998,00;999998,00;999998,00;999998,00;999998,00;999998,00;999998,00;999998,00;999998,00;;;;;;;;;;;;;;;;;910,0027;22,52635;104,6492;0,40413411;0,40413411;0,00575;2,00740;52,5476;17,099274;0,186784;23,837016;25,812339;0,0423;4,2275;2,28;228,38;0,01;0,81;69,68;;651,151;649,055;9,1036671;17,25700;3,14800;0,04300;0,1815149;;51,26;80,00;;;
Event7;;81;17,43500;2,99100;0,033000;80,725;83,41;-22,4601;0,000;101,018;30,200;0,000;492,950;534,050;24,90;1131,417;263,190;0,000;842,200;878,200;854,400;320,150;;;;;0,00;0,00;0,00;3,00;1,88;15,639;24,166;0,61;0,50;999998,00;999998,00;999998,00;999998,00;999998,00;999998,00;999998,00;999998,00;999998,00;999998,00;999998,00;999998,00;999998,00;999998,00;999998,00;;;;;;;;;;;;;;;;;921,1142;20,86741;94,2454;0,44158936;0,44158936;0,00260;1,84857;53,4687;17,239005;0,182008;24,061092;26,067200;0,0416;4,1601;2,33;232,54;0,00;0,82;70,40;;654,416;655,520;9,2148265;17,24900;3,14200;0,02200;0,1822541;;50,98;81,00;;;
Event8;;82;17,42600;2,98100;0,018000;79,450;83,02;-23,0500;0,000;101,022;30,200;0,000;493,650;534,650;24,90;1131,450;263,190;0,000;842,200;878,200;854,500;320,150;;;;;0,00;0,00;0,00;3,00;1,88;15,666;24,171;0,61;0,50;999998,00;999998,00;999998,00;999998,00;999998,00;999998,00;999998,00;999998,00;999998,00;999998,00;999998,00;999998,00;999998,00;999998,00;999998,00;;;;;;;;;;;;;;;;;911,6153;20,64936;95,9134;0,44165039;0,44165039;0,00167;1,83414;54,3803;17,090193;0,186658;23,887263;25,871214;0,0424;4,2343;2,37;236,77;0,00;0,81;69,68;;657,610;655,520;9,1197999;17,25500;3,14500;0,01600;0,1819388;;50,39;82,00;;;
Event9;;83;17,42800;2,99300;0,020000;80,525;82,37;-23,3000;0,000;101,018;30,200;0,000;495,050;536,250;24,90;1131,283;263,183;0,000;841,700;878,200;854,500;320,150;;;;;0,00;0,00;0,00;3,00;1,88;15,593;24,152;0,61;0,50;999998,00;999998,00;999998,00;999998,00;999998,00;999998,00;999998,00;999998,00;999998,00;999998,00;999998,00;999998,00;999998,00;999998,00;999998,00;;;;;;;;;;;;;;;;;921,6410;40,97339;197,8201;0,22502645;0,22502645;0,00047;3,64700;55,3020;17,181079;0,194532;24,082400;26,086632;0,0445;4,4497;2,41;241,22;0,00;0,82;70,45;;660,731;661,926;9,2200969;17,23400;3,16900;0,00800;0,1829857;;50,14;83,00;;;
;;84;17,44400;3,01300;0,027000;78,700;81,86;-23,6001;0,000;101,014;30,200;0,000;495,950;537,650;24,90;1131,317;263,183;0,000;841,800;878,100;854,600;320,150;;;;;0,00;0,00;0,00;3,00;1,88;15,599;24,139;0,61;0,49;999998,00;999998,00;999998,00;999998,00;999998,00;999998,00;999998,00;999998,00;999998,00;999998,00;999998,00;999998,00;999998,00;999998,00;999998,00;;;;;;;;;;;;;;;;;918,2339;20,07563;99,4053;0,45757039;0,45757039;0,00226;1,78967;56,2202;16,969850;0,200722;23,829569;25,833184;0,0455;4,5467;2,46;245,77;0,00;0,82;70,26;;663,817;661,926;9,1860118;17,19800;3,20100;0,02000;0,1846104;;49,84;84,00;;;
;;85;17,44100;3,05700;0,026000;82,850;82,96;-24,1602;0,000;101,018;30,200;0,000;496,650;538,450;24,90;1131,950;263,183;0,000;843,700;878,100;854,600;320,150;;;;;0,00;0,00;0,00;3,00;1,89;15,614;24,176;0,61;0,50;999998,00;999998,00;999998,00;999998,00;999998,00;999998,00;999998,00;999998,00;999998,00;999998,00;999998,00;999998,00;999998,00;999998,00;999998,00;;;;;;;;;;;;;;;;;946,4809;22,77133;104,8373;0,41581217;0,41581217;0,00262;2,03461;57,1667;17,399255;0,187345;24,467035;26,526276;0,0436;4,3575;2,50;250,13;0,00;0,85;72,46;;666,976;668,329;9,4685950;17,17600;3,22500;0,02200;0,1856125;;49,28;85,00;;;
;;86;17,42400;3,07500;0,025000;82,825;83,04;-24,4401;0,000;101,018;30,200;0,000;497,450;539,250;24,90;1131,883;263,183;0,000;843,500;878,100;854,600;320,150;;;;;0,00;0,00;0,00;3,00;1,89;15,652;24,176;0,61;0,50;999998,00;999998,00;999998,00;999998,00;999998,00;999998,00;999998,00;999998,00;999998,00;999998,00;999998,00;999998,00;999998,00;999998,00;999998,00;;;;;;;;;;;;;;;;;953,3930;21,72177;98,8201;0,43908691;0,43908691;0,00308;1,94310;58,1201;17,382634;0,186378;24,483038;26,540312;0,0434;4,3373;2,55;254,47;0,00;0,85;73,03;;670,266;668,329;9,5377431;17,14300;3,25500;0,02500;0,1871772;;49,00;86,00;;;
;;87;17,38400;3,07100;0,030000;78,775;82,59;-25,0300;0,000;101,018;30,200;0,000;498,350;540,450;24,90;1133,050;263,190;0,000;847,100;878,000;854,600;320,150;;;;;0,00;0,00;0,00;3,00;1,89;15,635;24,171;0,61;0,50;999998,00;999998,00;999998,00;999998,00;999998,00;999998,00;999998,00;999998,00;999998,00;999998,00;999998,00;999998,00;999998,00;999998,00;999998,00;;;;;;;;;;;;;;;;;935,4988;20,91386;97,4639;0,44748942;0,44748942;0,00659;1,86875;59,0556;16,937003;0,191840;23,898536;25,917455;0,0436;4,3597;2,59;258,83;0,01;0,84;71,73;;673,418;674,597;9,3587301;17,11200;3,27400;0,04900;0,1885247;;48,41;87,00;;;
;;88;17,34400;3,08500;0,051000;82,675;80,72;-25,2900;0,000;101,018;30,200;0,000;499,550;541,750;24,90;1133,117;263,190;0,000;847,300;878,000;854,600;320,350;;;;;0,00;0,00;0,00;3,00;1,89;15,666;24,166;0,60;0,48;999998,00;999998,00;999998,00;999998,00;999998,00;999998,00;999998,00;999998,00;999998,00;999998,00;999998,00;999998,00;999998,00;999998,00;999998,00;;;;;;;;;;;;;;;;;963,3837;42,35620;220,0366;0,22753906;0,22753906;0,00552;3,79319;60,0190;17,330346;0,214709;24,512435;26,583149;0,0501;5,0047;2,64;263,83;0,01;0,86;73,88;;676,554;674,597;9,6376902;17,08700;3,30200;0,04100;0,1897611;;48,15;88,00;;;
;;89;17,33300;3,13000;0,040000;78,850;82,94;-25,5901;0,000;101,018;30,200;0,000;500,150;542,450;24,90;1133,017;263,190;0,000;847,200;877,900;854,500;320,350;;;;;0,00;0,00;0,00;3,00;1,89;15,652;24,190;0,60;0,50;999998,00;999998,00;999998,00;999998,00;999998,00;999998,00;999998,00;999998,00;999998,00;999998,00;999998,00;999998,00;999998,00;999998,00;999998,00;;;;;;;;;;;;;;;;;948,3084;19,69542;88,7683;0,48167928;0,48167928;0,00763;1,76284;60,9673;16,914545;0,187629;23,953052;25,978872;0,0428;4,2741;2,68;268,10;0,01;0,85;72,78;;679,692;680,604;9,4868775;17,05100;3,32800;0,05600;0,1914174;;47,85;89,00;;;
;;90;17,33500;3,14800;0,043000;78,750;83,28;-26,1901;0,000;101,018;30,200;0,000;501,450;543,950;24,90;1132,883;263,183;0,000;846,800;877,900;854,500;320,250;;;;;0,00;0,00;0,00;3,00;1,89;15,681;24,179;0,60;0,50;999998,00;999998,00;999998,00;999998,00;999998,00;999998,00;999998,00;999998,00;999998,00;999998,00;999998,00;999998,00;999998,00;999998,00;999998,00;;;;;;;;;;;;;;;;;955,0849;22,43872;98,3240;0,42581177;0,42581177;0,00463;2,00303;61,9224;16,881890;0,183570;23,968948;26,000417;0,0419;4,1851;2,72;272,29;0,00;0,85;73,22;;682,715;680,604;9,5546691;17,02000;3,34900;0,03600;0,1931917;;47,25;90,00;;;
;;91;17,30000;3,14200;0,043000;77,875;83,14;-26,4501;0,000;101,018;30,200;0,000;502,250;545,150;24,90;1132,283;263,183;0,000;845,100;877,800;854,500;320,350;;;;;0,00;0,00;0,00;3,00;1,89;15,669;24,198;0,60;0,50;999998,00;999998,00;999998,00;999998,00;999998,00;999998,00;999998,00;999998,00;999998,00;999998,00;999998,00;999998,00;999998,00;999998,00;999998,00;;;;;;;;;;;;;;;;;953,0524;21,78872;96,1092;0,43758138;0,43758138;0,00253;1,93970;62,8754;16,774464;0,185167;23,854421;25,891961;0,0421;4,2039;2,77;276,49;0,00;0,85;73,00;;685,697;686,540;9,5343361;17,00700;3,35400;0,02200;0,1940307;;46,99;91,00;;;
;;92;17,25700;3,14500;0,022000;78,000;83,46;-27,0602;0,000;101,018;30,200;0,000;503,150;546,250;24,90;1132,217;263,183;0,000;845,100;877,700;854,400;320,350;;;;;0,00;0,00;0,00;3,00;1,89;15,706;24,179;0,60;0,50;999998,00;999998,00;999998,00;999998,00;999998,00;999998,00;999998,00;999998,00;999998,00;999998,00;999998,00;999998,00;999998,00;999998,00;999998,00;;;;;;;;;;;;;;;;;953,0262;21,22704;91,9201;0,44914754;0,44914754;0,00386;1,89015;63,8285;16,772900;0,181428;23,894938;25,941787;0,0413;4,1269;2,81;280,62;0,00;0,85;73,03;;688,603;686,540;9,5340742;17,00500;3,35500;0,03100;0,1940445;;46,38;92,00;;;
;;93;17,24900;3,16900;0,016000;79,150;82,86;-27,3000;0,000;101,018;30,200;0,000;504,450;547,850;24,90;1132,350;263,183;0,000;845,600;877,600;854,400;320,350;;;;;0,00;0,00;0,00;3,00;1,89;15,658;24,190;0,60;0,49;999998,00;999998,00;999998,00;999998,00;999998,00;999998,00;999998,00;999998,00;999998,00;999998,00;999998,00;999998,00;999998,00;999998,00;999998,00;;;;;;;;;;;;;;;;;959,6601;43,81641;197,6229;0,21910604;0,21910604;0,00284;3,91222;64,7881;16,874309;0,188586;24,101518;26,175076;0,0433;4,3283;2,85;284,95;0,00;0,86;73,54;;691,481;692,342;9,6004401;17,00100;3,36700;0,02400;0,1942239;;46,14;93,00;;;
;;94;17,25500;3,20100;0,008000;77,975;83,04;-27,6001;0,000;101,018;30,200;0,000;505,450;549,250;24,90;1132,217;263,183;0,000;845,400;877,500;854,300;320,350;;;;;0,00;0,00;0,00;3,00;1,89;15,608;24,174;0,60;0,50;999998,00;999998,00;999998,00;999998,00;999998,00;999998,00;999998,00;999998,00;999998,00;999998,00;999998,00;999998,00;999998,00;999998,00;999998,00;;;;;;;;;;;;;;;;;956,3960;21,45712;95,4528;0,44590251;0,44590251;0,00119;1,91421;65,7445;16,732013;0,186473;23,945651;26,020673;0,0426;4,2546;2,89;289,20;0,00;0,85;73,26;;694,317;692,342;9,5677856;16,98300;3,38100;0,01300;0,1952287;;45,84;94,00;;;
;;95;17,23400;3,22500;0,020000;77,775;83,83;-28,1401;0,000;101,020;30,200;0,000;506,450;550,450;24,90;1131,983;263,183;0,000;844,900;877,400;854,200;320,350;;;;;0,00;0,00;0,00;3,00;1,89;15,610;24,193;0,60;0,50;999998,00;999998,00;999998,00;999998,00;999998,00;999998,00;999998,00;999998,00;999998,00;999998,00;999998,00;999998,00;999998,00;999998,00;999998,00;;;;;;;;;;;;;;;;;958,0820;23,33126;98,3019;0,41080729;0,41080729;0,00163;2,08174;66,7026;16,694035;0,176940;23,938568;26,018332;0,0404;4,0367;2,93;293,24;0,00;0,86;73,40;;697,085;697,953;9,5846526;16,96600;3,39500;0,01600;0,1960343;;45,30;95,00;;;
;;96;17,19800;3,25500;0,022000;79,350;83,29;-28,4301;0,000;101,020;30,200;0,000;507,350;551,350;24,90;1131,583;263,183;0,000;843,900;877,300;854,100;320,350;;;;;0,00;0,00;0,00;3,00;1,90;15,645;24,179;0,60;0,50;999998,00;999998,00;999998,00;999998,00;999998,00;999998,00;999998,00;999998,00;999998,00;999998,00;999998,00;999998,00;999998,00;999998,00;999998,00;;;;;;;;;;;;;;;;;968,8684;21,99131;96,0254;0,44074504;0,44074504;0,00328;1,96108;67,6715;16,847258;0,183452;24,201215;26,300069;0,0423;4,2306;2,98;297,47;0,00;0,86;74,26;;699,860;697,953;9,6925591;16,95600;3,40000;0,02700;0,1964476;;45,01;96,00;;;
Auswertung Test;;97;17,17600;3,27400;0,025000;80,725;83,51;-29,0100;0,000;101,020;30,200;0,000;508,550;552,850;24,90;1131,583;263,183;0,000;844,100;877,200;854,000;320,350;;;;;0,00;0,00;0,00;3,00;1,90;15,698;24,193;0,60;0,50;999998,00;999998,00;999998,00;999998,00;999998,00;999998,00;999998,00;999998,00;999998,00;999998,00;999998,00;999998,00;999998,00;999998,00;999998,00;;;;;;;;;;;;;;;;;977,5390;22,18094;95,5336;0,44088745;0,44088745;0,00391;1,97857;68,6490;16,972538;0,180732;24,438848;26,567727;0,0421;4,2103;3,02;301,68;0,00;0,87;74,95;;702,678;703,517;9,7793000;16,94900;3,40600;0,03100;0,1967491;;44,43;97,00;;;
Software;Logger2025 / 19.09.2025 10:04;98;17,14300;3,30200;0,049000;75,050;84,40;-29,2701;0,000;101,020;30,200;0,000;509,550;554,150;24,90;1131,583;263,183;0,000;844,300;877,100;853,900;320,350;;;;;0,00;0,00;0,00;3,00;1,90;15,666;24,142;0,60;0,50;999998,00;999998,00;999998,00;999998,00;999998,00;999998,00;999998,00;999998,00;999998,00;999998,00;999998,00;999998,00;999998,00;999998,00;999998,00;;;;;;;;;;;;;;;;;942,4958;40,82639;165,8350;0,23094686;0,23094686;0,00420;3,62758;69,5915;16,349013;0,170206;23,587321;25,651878;0,0383;3,8284;3,06;305,51;0,00;0,84;72,23;;705,303;703,517;9,4287276;16,94700;3,39600;0,03400;0,1969346;;44,17;98,00;;;
Auswertung Test;;99;17,11200;3,32800;0,041000;78,375;84,72;-29,5702;0,000;101,020;30,200;0,000;510,750;555,550;24,90;1131,317;263,183;0,000;843,700;877,000;853,800;320,350;;;;;0,00;0,00;0,00;3,00;1,90;15,646;24,182;0,60;0,50;999998,00;999998,00;999998,00;999998,00;999998,00;999998,00;999998,00;999998,00;999998,00;999998,00;999998,00;999998,00;999998,00;999998,00;999998,00;;;;;;;;;;;;;;;;;955,5659;20,81962;83,4161;0,45915731;0,45915731;0,00487;1,84570;70,5471;16,687612;0,166341;24,132529;26,249292;0,0383;3,8286;3,09;309,34;0,00;0,85;73,21;;707,765;708,831;9,5594810;16,97500;3,36600;0,03800;0,1955876;;43,87;99,00;;;
Test start time   [s];60;100;17,08700;3,34900;0,056000;71,450;85,27;-30,1401;0,000;101,012;30,200;0,000;511,750;556,750;24,90;1131,217;263,183;0,000;843,500;877,000;853,700;320,350;;;;;0,00;0,00;0,00;3,00;1,90;15,662;24,193;0,60;0,51;999998,00;999998,00;999998,00;999998,00;999998,00;999998,00;999998,00;999998,00;999998,00;999998,00;999998,00;999998,00;999998,00;999998,00;999998,00;;;;;;;;;;;;;;;;;901,5430;20,19469;78,7866;0,44660441;0,44660441;0,00437;1,79204;71,4486;15,917754;0,159859;23,064281;25,092405;0,0352;3,5172;3,13;312,85;0,00;0,80;69,06;;709,973;708,831;9,0190359;17,01900;3,33300;0,03600;0,1934113;;43,30;100,00;;;
Time to ignition  [s];13;101;17,05100;3,35400;0,036000;77,600;82,58;-30,4601;0,000;101,020;30,200;0,000;512,650;557,850;24,90;1130,917;263,183;0,000;842,800;876,900;853,600;320,350;;;;;0,00;0,00;0,00;3,00;1,90;15,666;24,187;0,60;0,49;999998,00;999998,00;999998,00;999998,00;999998,00;999998,00;999998,00;999998,00;999998,00;999998,00;999998,00;999998,00;999998,00;999998,00;999998,00;;;;;;;;;;;;;;;;;936,4029;20,82001;97,9473;0,44994100;0,44994100;0,00294;1,85661;72,3850;16,574101;0,191913;24,057540;26,178677;0,0441;4,4053;3,17;317,26;0,00;0,84;71,74;;712,043;713,527;9,3677749;17,02800;3,34100;0,02500;0,1929240;;42,98;101,00;;;
Time to flame out [s];213;102;17,02000;3,35500;0,022000;76,075;84,54;-31,0300;0,000;101,022;30,200;0,000;513,650;558,950;24,90;1130,817;263,183;0,000;842,600;876,800;853,600;320,350;;;;;0,00;0,00;0,00;3,00;1,90;15,669;24,193;0,60;0,50;999998,00;999998,00;999998,00;999998,00;999998,00;999998,00;999998,00;999998,00;999998,00;999998,00;999998,00;999998,00;999998,00;999998,00;999998,00;;;;;;;;;;;;;;;;;929,6305;21,50420;88,7025;0,43247477;0,43247477;0,00305;1,92169;73,3146;16,394453;0,168551;23,843197;25,945984;0,0384;3,8346;3,21;321,09;0,00;0,83;71,25;;714,209;713,527;9,3000240;17,01200;3,36000;0,02600;0,1936418;;42,41;102,00;;;
Time end of test  [s];323;103;17,00700;3,36700;0,031000;82,175;83,89;-31,2900;0,000;101,022;30,200;0,000;514,150;559,550;24,90;1131,050;263,183;0,000;843,400;876,800;853,500;320,350;;;;;0,00;0,00;0,00;3,00;1,90;15,698;24,195;0,60;0,50;999998,00;999998,00;999998,00;999998,00;999998,00;999998,00;999998,00;999998,00;999998,00;999998,00;999998,00;999998,00;999998,00;999998,00;999998,00;;;;;;;;;;;;;;;;;971,7030;41,95482;180,0441;0,23169963;0,23169963;0,00272;3,75312;74,2863;17,030780;0,176253;24,792746;26,981972;0,0417;4,1699;3,25;325,26;0,00;0,87;74,49;;716,505;718,198;9,7209169;16,98700;3,38400;0,02300;0,1948673;;42,15;103,00;;;
Masses;;104;17,00500;3,38100;0,024000;76,125;83,33;-31,5901;0,000;101,014;30,200;0,000;514,350;559,850;24,90;1131,183;263,183;0,000;843,900;876,700;853,500;320,350;;;;;0,00;0,00;0,00;3,00;1,90;15,696;24,193;0,60;0,49;999998,00;999998,00;999998,00;999998,00;999998,00;999998,00;999998,00;999998,00;999998,00;999998,00;999998,00;999998,00;999998,00;999998,00;999998,00;;;;;;;;;;;;;;;;;943,0115;20,46809;90,4339;0,46090698;0,46090698;0,00175;1,83626;75,2293;16,388677;0,182908;23,867278;25,978606;0,0417;4,1665;3,30;329,43;0,00;0,85;72,32;;718,821;718,198;9,4338867;16,95200;3,42200;0,01700;0,1965564;;41,85;104,00;;;
Mass sust.flaming [g];73,40;105;17,00100;3,39500;0,013000;73,675;83,00;-32,1602;0,000;101,022;30,200;0,000;515,150;560,450;24,90;1130,917;263,183;0,000;843,200;876,700;853,400;320,350;;;;;0,00;0,00;0,00;3,00;1,90;15,690;24,193;0,60;0,49;999998,00;999998,00;999998,00;999998,00;999998,00;999998,00;999998,00;999998,00;999998,00;999998,00;999998,00;999998,00;999998,00;999998,00;999998,00;;;;;;;;;;;;;;;;;936,3727;21,57591;96,5095;0,43416341;0,43416341;0,00428;1,93728;76,1657;16,110270;0,186848;23,498319;25,564656;0,0419;4,1884;3,34;333,62;0,00;0,84;71,89;;720,924;722,690;9,3674726;16,90700;3,45900;0,03500;0,1985885;;41,28;105,00;;;
Mass remaining    [g];-0,02;106;16,98300;3,40000;0,016000;80,375;81,95;-32,4601;0,000;101,022;30,200;0,000;515,950;561,250;24,90;1130,917;263,183;0,000;843,400;876,600;853,300;320,350;;;;;0,00;0,00;0,00;3,00;1,90;15,687;24,176;0,60;0,48;999998,00;999998,00;999998,00;999998,00;999998,00;999998,00;999998,00;999998,00;999998,00;999998,00;999998,00;999998,00;999998,00;999998,00;999998,00;;;;;;;;;;;;;;;;;987,1720;22,36392;105,9743;0,44158936;0,44158936;0,00357;1,99546;77,1529;16,813816;0,199665;24,562591;26,719167;0,0468;4,6778;3,38;338,30;0,00;0,88;75,72;;723,196;722,690;9,8756691;16,87000;3,47200;0,02900;0,2006437;;40,98;106,00;;;
Mass loss test    [g];73,42;107;16,96600;3,40600;0,027000;75,075;83,55;-33,0400;0,000;101,022;30,200;0,000;516,650;561,950;24,90;1131,050;263,190;0,000;843,900;876,600;853,200;320,350;;;;;0,00;0,00;0,00;3,00;1,91;15,704;24,187;0,59;0,49;999998,00;999998,00;999998,00;999998,00;999998,00;999998,00;999998,00;999998,00;999998,00;999998,00;999998,00;999998,00;999998,00;999998,00;999998,00;;;;;;;;;;;;;;;;;952,7578;20,90992;89,6651;0,45583089;0,45583089;0,00474;1,86048;78,1057;16,238991;0,180333;23,755039;25,837887;0,0409;4,0856;3,43;342,38;0,00;0,85;73,08;;725,503;726,837;9,5313888;16,87300;3,46000;0,03800;0,2005015;;40,40;107,00;;;
Mass loss rate test [g/s];0,28;108;16,95600;3,39600;0,031000;76,375;83,57;-33,3301;0,000;101,016;30,200;0,000;517,450;562,850;24,90;1130,817;263,190;0,000;843,400;876,500;853,100;320,350;;;;;0,00;0,00;0,00;3,00;1,91;15,687;24,182;0,59;0,49;999998,00;999998,00;999998,00;999998,00;999998,00;999998,00;999998,00;999998,00;999998,00;999998,00;999998,00;999998,00;999998,00;999998,00;999998,00;;;;;;;;;;;;;;;;;956,5686;36,56126;157,3457;0,26173910;0,26173910;0,00565;3,26841;79,0622;16,366319;0,180005;23,978371;26,082185;0,0412;4,1167;3,47;346,50;0,01;0,86;73,43;;727,624;726,837;9,5695118;16,88500;3,46300;0,04400;0,1997219;;40,11;108,00;;;
Mass loss rate 10/90 [g/s];0,43;109;16,94900;3,36600;0,034000;76,900;83,08;-33,6501;0,000;101,014;30,200;0,000;518,650;564,350;24,90;1131,117;263,190;0,000;844,300;876,500;853,100;320,350;;;;;0,00;0,00;0,00;3,00;1,91;15,639;24,222;0,59;0,49;999998,00;999998,00;999998,00;999998,00;999998,00;999998,00;999998,00;999998,00;999998,00;999998,00;999998,00;999998,00;999998,00;999998,00;999998,00;;;;;;;;;;;;;;;;;963,7859;21,07482;93,4716;0,45749919;0,45749919;0,00551;1,90707;80,0260;16,403464;0,185990;24,088526;26,211048;0,0428;4,2746;3,51;350,77;0,01;0,87;74,12;;729,758;731,084;9,6417145;16,85600;3,52300;0,04300;0,2007952;;39,79;109,00;;;
Values;;110;16,94700;3,33300;0,038000;78,425;82,03;-34,2001;0,000;101,016;30,200;0,000;519,450;565,250;24,90;1131,017;263,190;0,000;844,100;876,400;853,100;320,350;;;;;0,00;0,00;0,00;3,00;1,91;15,666;24,179;0,59;0,48;999998,00;999998,00;999998,00;999998,00;999998,00;999998,00;999998,00;999998,00;999998,00;999998,00;999998,00;999998,00;999998,00;999998,00;999998,00;;;;;;;;;;;;;;;;;990,6197;23,46133;109,3083;0,42240397;0,42240397;0,00439;2,11189;81,0166;16,552553;0,198692;24,344957;26,491456;0,0462;4,6154;3,56;355,39;0,00;0,89;76,13;;732,007;731,084;9,9101594;16,78300;3,56900;0,03500;0,2046062;;39,24;110,00;;;
THR   [MJ/m²];175,4;111;16,97500;3,34100;0,036000;73,925;83,46;-34,5100;0,000;101,016;30,200;0,000;519,950;565,650;24,90;1130,917;263,190;0,000;843,900;876,400;853,000;320,350;;;;;0,00;0,00;0,00;3,00;1,91;15,687;24,187;0,59;0,49;999998,00;999998,00;999998,00;999998,00;999998,00;999998,00;999998,00;999998,00;999998,00;999998,00;999998,00;999998,00;999998,00;999998,00;999998,00;;;;;;;;;;;;;;;;;972,9961;20,31197;85,3958;0,47921753;0,47921753;0,00214;1,81928;81,9896;16,062919;0,181343;23,647559;25,726016;0,0409;4,0907;3,60;359,48;0,00;0,87;74,70;;734,258;735,360;9,7338530;16,73700;3,59400;0,02000;0,2071448;;38,93;111,00;;;
TSP   [m²];7,4;112;17,01900;3,36000;0,025000;75,025;83,69;-35,1401;0,000;101,016;30,200;0,000;520,150;566,150;24,90;1130,850;263,190;0,000;843,800;876,400;852,900;320,350;;;;;0,00;0,00;0,00;3,00;1,91;15,706;24,238;0,59;0,49;999998,00;999998,00;999998,00;999998,00;999998,00;999998,00;999998,00;999998,00;999998,00;999998,00;999998,00;999998,00;999998,00;999998,00;999998,00;;;;;;;;;;;;;;;;;983,4897;21,66222;89,4887;0,45419312;0,45419312;0,00372;1,93338;82,9731;16,178875;0,178662;23,827429;25,934632;0,0406;4,0629;3,64;363,54;0,00;0,88;75,51;;736,436;735,360;9,8388314;16,72200;3,59400;0,03100;0,2078951;;38,30;112,00;;;
TSR   [m²/m²];743,3;113;17,02800;3,38400;0,026000;78,900;84,18;-35,4200;0,000;101,012;30,200;0,000;521,350;567,550;24,90;1130,317;263,190;0,000;842,300;876,300;852,900;320,350;;;;;0,00;0,00;0,00;3,00;1,91;15,717;24,195;0,59;0,49;999998,00;999998,00;999998,00;999998,00;999998,00;999998,00;999998,00;999998,00;999998,00;999998,00;999998,00;999998,00;999998,00;999998,00;999998,00;;;;;;;;;;;;;;;;;1008,5478;22,67683;90,6978;0,44492594;0,44492594;0,00147;2,03020;83,9817;16,572324;0,172743;24,463189;26,631021;0,0404;4,0338;3,68;367,58;0,00;0,90;77,42;;738,733;739,880;10,0895122;16,71800;3,60900;0,01500;0,2081343;;38,02;113,00;;;
TSR   [m²/m² (none flaming phase)];196,4;114;17,01200;3,42200;0,023000;73,750;83,15;-36,0300;0,000;101,024;30,200;0,000;522,650;569,250;24,90;1130,517;263,190;0,000;843,000;876,300;852,800;320,350;;;;;0,00;0,00;0,00;3,00;1,91;15,677;24,206;0,59;0,49;999998,00;999998,00;999998,00;999998,00;999998,00;999998,00;999998,00;999998,00;999998,00;999998,00;999998,00;999998,00;999998,00;999998,00;999998,00;;;;;;;;;;;;;;;;;977,4954;21,37460;91,5560;0,45749919;0,45749919;0,00114;1,92044;84,9592;16,002400;0,185137;23,680799;25,792204;0,0419;4,1870;3,72;371,76;0,00;0,88;75,07;;740,964;739,880;9,7788639;16,70000;3,63500;0,01300;0,2089273;;37,41;114,00;;;
TSR   [m²/m² (flaming phase)];546,9;115;16,98700;3,45900;0,017000;76,975;83,68;-36,2900;0,000;101,016;30,200;0,000;523,450;570,250;24,90;1130,750;263,190;0,000;843,700;876,300;852,800;320,350;;;;;0,00;0,00;0,00;3,00;1,91;15,692;24,225;0,59;0,49;999998,00;999998,00;999998,00;999998,00;999998,00;999998,00;999998,00;999998,00;999998,00;999998,00;999998,00;999998,00;999998,00;999998,00;999998,00;;;;;;;;;;;;;;;;;1007,5198;41,98959;172,2450;0,24004110;0,24004110;0,00203;3,77820;85,9667;16,336042;0,178700;24,211535;26,376211;0,0413;4,1329;3,76;375,90;0,00;0,91;77,44;;743,151;744,544;10,0792277;16,65600;3,67500;0,01900;0,2109918;;37,15;115,00;;;
MARHE [kW / m²];903,3;116;16,95200;3,47200;0,035000;77,600;83,88;-36,6101;0,000;101,016;30,200;0,000;524,250;571,150;24,90;1130,583;263,190;0,000;843,200;876,200;852,900;320,350;;;;;0,00;0,00;0,00;3,00;1,91;15,755;24,184;0,59;0,49;999998,00;999998,00;999998,00;999998,00;999998,00;999998,00;999998,00;999998,00;999998,00;999998,00;999998,00;999998,00;999998,00;999998,00;999998,00;;;;;;;;;;;;;;;;;1018,7681;21,64191;87,0621;0,47092692;0,47092692;0,00450;1,94281;86,9854;16,389709;0,176346;24,328199;26,504627;0,0410;4,0983;3,80;379,99;0,00;0,91;78,34;;745,479;744,544;10,1917558;16,62000;3,69500;0,03600;0,2126872;;36,83;116,00;;;
Results HRR;;117;16,90700;3,46000;0,029000;71,650;83,02;-37,1802;0,000;101,014;30,200;0,000;524,750;571,750;24,90;1130,650;263,190;0,000;843,400;876,200;852,900;320,350;;;;;0,00;0,00;0,00;3,00;1,91;15,677;24,203;0,59;0,48;999998,00;999998,00;999998,00;999998,00;999998,00;999998,00;999998,00;999998,00;999998,00;999998,00;999998,00;999998,00;999998,00;999998,00;999998,00;;;;;;;;;;;;;;;;;982,7598;22,09751;93,7820;0,44491577;0,44491577;0,00585;1,98263;87,9682;15,741331;0,186661;23,388059;25,482845;0,0417;4,1708;3,84;384,17;0,01;0,88;75,61;;747,661;748,827;9,8315290;16,59900;3,70900;0,04700;0,2136425;;36,26;117,00;;;
HRR max [kW/m²];1451,7;118;16,87000;3,46300;0,038000;77,400;83,88;-37,5000;0,000;101,014;30,200;0,000;525,550;572,850;24,90;1130,617;263,190;0,000;843,300;876,200;852,900;320,350;;;;;0,00;0,00;0,00;3,00;1,92;15,761;24,206;0,59;0,49;999998,00;999998,00;999998,00;999998,00;999998,00;999998,00;999998,00;999998,00;999998,00;999998,00;999998,00;999998,00;999998,00;999998,00;999998,00;;;;;;;;;;;;;;;;;1025,9222;23,02012;91,9872;0,44584147;0,44584147;0,00564;2,07053;88,9941;16,348317;0,176319;24,326933;26,516381;0,0410;4,0995;3,88;388,27;0,01;0,92;78,96;;749,836;748,827;10,2633261;16,57500;3,73700;0,04400;0,2147696;;35,94;118,00;;;
Max at [s];178;119;16,87300;3,52300;0,044000;74,075;83,66;-38,0702;0,000;101,014;30,200;0,000;526,450;573,950;24,90;1130,750;263,190;0,000;843,600;876,200;853,000;320,350;;;;;0,00;0,00;0,00;3,00;1,92;15,721;24,214;0,59;0,49;999998,00;999998,00;999998,00;999998,00;999998,00;999998,00;999998,00;999998,00;999998,00;999998,00;999998,00;999998,00;999998,00;999998,00;999998,00;;;;;;;;;;;;;;;;;1009,9370;23,22093;93,6937;0,43509928;0,43509928;0,00664;2,08112;90,0041;15,979635;0,178963;23,819041;25,968160;0,0408;4,0750;3,92;392,34;0,01;0,91;77,73;;752,089;752,987;10,1034093;16,54400;3,75000;0,05200;0,2163366;;35,37;119,00;;;
HRR 060s [kW/m²];750,1;120;16,88500;3,56900;0,043000;72,300;83,68;-38,3801;0,000;101,014;30,200;0,000;527,350;575,150;24,90;1130,850;263,190;0,000;843,900;876,200;853,000;320,350;;;;;0,00;0,00;0,00;3,00;1,92;15,719;24,203;0,59;0,49;999998,00;999998,00;999998,00;999998,00;999998,00;999998,00;999998,00;999998,00;999998,00;999998,00;999998,00;999998,00;999998,00;999998,00;999998,00;;;;;;;;;;;;;;;;;999,7326;21,28535;85,7065;0,46986898;0,46986898;0,00433;1,90175;91,0038;15,773543;0,178725;23,552038;25,686839;0,0403;4,0255;3,97;396,37;0,00;0,89;76,86;;754,195;752,987;10,0013250;16,53600;3,74900;0,03600;0,2169614;;35,06;120,00;;;
HRR 120s [kW/m²];859,7;121;16,85600;3,59400;0,035000;75,225;82,03;-39,0000;0,000;101,014;30,200;0,000;528,050;575,950;24,90;1131,250;263,190;0,000;845,000;876,200;853,100;320,450;;;;;0,00;0,00;0,00;3,00;1,92;15,740;24,214;0,59;0,48;999998,00;999998,00;999998,00;999998,00;999998,00;999998,00;999998,00;999998,00;999998,00;999998,00;999998,00;999998,00;999998,00;999998,00;999998,00;;;;;;;;;;;;;;;;;1018,5834;22,35658;100,2181;0,45579020;0,45579020;0,00256;1,99574;92,0224;16,078783;0,198599;24,039669;26,220334;0,0457;4,5660;4,01;400,93;0,00;0,91;78,26;;756,302;757,306;10,1899087;16,54100;3,74400;0,02300;0,2168524;;34,44;121,00;;;
HRR 180s [kW/m²];955,1;122;16,78300;3,59400;0,020000;76,100;82,59;-39,3000;0,000;101,014;30,200;0,000;528,650;576,750;24,90;1131,683;263,190;0,000;846,300;876,100;853,200;320,450;;;;;0,00;0,00;0,00;3,00;1,92;15,740;24,203;0,59;0,48;999998,00;999998,00;999998,00;999998,00;999998,00;999998,00;999998,00;999998,00;999998,00;999998,00;999998,00;999998,00;999998,00;999998,00;999998,00;;;;;;;;;;;;;;;;;1024,4687;20,98470;90,9280;0,48839315;0,48839315;0,00144;1,88188;93,0468;16,162845;0,191808;24,192810;26,394029;0,0444;4,4391;4,06;405,37;0,00;0,92;78,74;;758,476;757,306;10,2487850;16,53700;3,76300;0,01500;0,2169730;;34,14;122,00;;;
HRR 240s [kW/m²];727,3;123;16,73700;3,60900;0,031000;81,225;82,57;-39,9601;0,000;101,014;30,200;0,000;529,650;577,950;24,90;1132,350;263,183;0,000;848,300;876,100;853,200;320,450;;;;;0,00;0,00;0,00;3,00;1,92;15,763;24,201;0,59;0,48;999998,00;999998,00;999998,00;999998,00;999998,00;999998,00;999998,00;999998,00;999998,00;999998,00;999998,00;999998,00;999998,00;999998,00;999998,00;;;;;;;;;;;;;;;;;1064,0913;22,56864;97,5170;0,47167969;0,47167969;-0,00043;2,03233;94,1109;16,682455;0,192080;25,017806;27,299237;0,0460;4,5978;4,10;409,97;0,00;0,96;81,81;;760,800;761,924;10,6451698;16,50800;3,80200;0,00200;0,2183755;;33,48;123,00;;;
HRR 300s [kW/m²];582,4;124;16,72200;3,63500;0,015000;75,925;81,81;-40,2001;0,000;101,018;30,200;0,000;530,150;578,650;24,90;1132,950;263,190;0,000;850,200;876,000;853,200;320,450;;;;;0,00;0,00;0,00;3,00;1,92;15,732;24,203;0,58;0,47;999998,00;999998,00;999998,00;999998,00;999998,00;999998,00;999998,00;999998,00;999998,00;999998,00;999998,00;999998,00;999998,00;999998,00;999998,00;;;;;;;;;;;;;;;;;1041,3047;44,65220;199,9324;0,23329671;0,23329671;0,00214;4,03531;95,1522;16,121395;0,201316;24,199235;26,413067;0,0466;4,6625;4,15;414,63;0,00;0,94;80,18;;763,154;761,924;10,4172123;16,44500;3,86300;0,02000;0,2212021;;33,24;124,00;;;
HRR 360s [kW/m²];--;125;16,71800;3,67500;0,013000;75,550;82,27;-40,5400;0,000;101,022;30,200;0,000;530,550;579,050;24,90;1133,083;263,183;0,000;850,600;876,000;853,200;320,450;;;;;0,00;0,00;0,00;3,00;1,92;15,736;24,225;0,58;0,48;999998,00;999998,00;999998,00;999998,00;999998,00;999998,00;999998,00;999998,00;999998,00;999998,00;999998,00;999998,00;999998,00;999998,00;999998,00;;;;;;;;;;;;;;;;;1053,0824;21,06836;90,4702;0,50004069;0,50004069;0,00356;1,89456;96,2053;16,075470;0,195675;24,148506;26,356031;0,0452;4,5221;4,19;419,15;0,00;0,95;81,09;;765,426;766,671;10,5350366;16,38100;3,89800;0,03000;0,2244180;;32,90;125,00;;;
HRR Test [kW/m²];698,4;126;16,70000;3,69500;0,019000;72,225;82,96;-41,1401;0,000;101,018;30,200;0,000;531,150;579,750;24,90;1133,083;263,183;0,000;850,700;875,900;853,200;320,450;;;;;0,00;0,00;0,00;3,00;1,92;15,763;24,198;0,58;0,48;999998,00;999998,00;999998,00;999998,00;999998,00;999998,00;999998,00;999998,00;999998,00;999998,00;999998,00;999998,00;999998,00;999998,00;999998,00;;;;;;;;;;;;;;;;;1033,9369;22,08388;90,4786;0,46837362;0,46837362;0,00264;1,97345;97,2393;15,708864;0,187352;23,624478;25,786108;0,0424;4,2361;4,24;423,39;0,00;0,92;79,54;;767,633;766,671;10,3435046;16,36400;3,89200;0,02400;0,2255047;;32,30;126,00;;;
Results EHC;;127;16,65600;3,70900;0,036000;75,300;83,69;-41,4801;0,000;101,018;30,200;0,000;532,050;580,750;24,90;1133,117;263,190;0,000;851,100;875,800;853,000;320,450;;;;;0,00;0,00;0,00;3,00;1,92;15,748;24,203;0,58;0,48;999998,00;999998,00;999998,00;999998,00;999998,00;999998,00;999998,00;999998,00;999998,00;999998,00;999998,00;999998,00;999998,00;999998,00;999998,00;;;;;;;;;;;;;;;;;1047,6472;21,53708;84,8507;0,48663330;0,48663330;0,00567;1,92568;98,2869;16,026211;0,178625;24,142575;26,352411;0,0413;4,1275;4,28;427,52;0,01;0,94;80,65;;769,784;771,139;10,4806624;16,39200;3,86800;0,04500;0,2239361;;31,96;127,00;;;
EHC max [MJ/kg];58,6;128;16,62000;3,73700;0,047000;74,100;84,15;-42,1001;0,000;101,020;30,200;0,000;533,050;582,250;24,90;1132,650;263,183;0,000;850,000;875,600;852,900;320,450;;;;;0,00;0,00;0,00;3,00;1,92;15,797;24,193;0,58;0,49;999998,00;999998,00;999998,00;999998,00;999998,00;999998,00;999998,00;999998,00;999998,00;999998,00;999998,00;999998,00;999998,00;999998,00;999998,00;;;;;;;;;;;;;;;;;1035,5315;23,45408;90,0418;0,44169108;0,44169108;0,00422;2,11038;99,3224;15,883080;0,173150;23,971927;26,184513;0,0398;3,9755;4,32;431,49;0,00;0,93;79,75;;771,908;771,139;10,3594572;16,40200;3,88200;0,03500;0,2233262;;31,34;128,00;;;
Max at [s];15;129;16,59900;3,75000;0,044000;76,075;82,20;-42,3801;0,000;101,018;30,200;0,000;533,950;583,450;24,90;1132,217;263,183;0,000;848,900;875,500;852,800;320,450;;;;;0,00;0,00;0,00;3,00;1,93;15,746;24,206;0,58;0,47;999998,00;999998,00;999998,00;999998,00;999998,00;999998,00;999998,00;999998,00;999998,00;999998,00;999998,00;999998,00;999998,00;999998,00;999998,00;;;;;;;;;;;;;;;;;1058,5402;22,41368;96,9721;0,47246297;0,47246297;0,00597;2,02498;100,3810;16,079787;0,196623;24,309786;26,563432;0,0458;4,5797;4,36;436,07;0,01;0,96;81,63;;774,040;775,510;10,5896358;16,35200;3,93500;0,04700;0,2255481;;31,06;129,00;;;
EHC 060s [MJ/kg];26,0;130;16,57500;3,74900;0,052000;74,375;83,41;-43,0400;0,000;101,020;30,200;0,000;534,250;583,850;24,90;1131,917;263,183;0,000;848,200;875,400;852,700;320,450;;;;;0,00;0,00;0,00;3,00;1,93;15,757;24,222;0,58;0,48;999998,00;999998,00;999998,00;999998,00;999998,00;999998,00;999998,00;999998,00;999998,00;999998,00;999998,00;999998,00;999998,00;999998,00;999998,00;;;;;;;;;;;;;;;;;1065,0889;21,17075;83,3457;0,50329590;0,50329590;0,00408;1,91241;101,4461;15,894645;0,181995;24,043386;26,275585;0,0419;4,1931;4,40;440,27;0,00;0,96;82,13;;776,254;775,510;10,6551498;16,27000;4,00400;0,03400;0,2296831;;30,40;130,00;;;
EHC 120s [MJ/kg];25,5;131;16,54400;3,74400;0,036000;71,200;83,11;-43,3301;0,000;101,018;30,200;0,000;534,650;584,150;24,90;1132,117;263,183;0,000;849,200;875,200;852,500;320,450;;;;;0,00;0,00;0,00;3,00;1,93;15,782;24,209;0,58;0,48;999998,00;999998,00;999998,00;999998,00;999998,00;999998,00;999998,00;999998,00;999998,00;999998,00;999998,00;999998,00;999998,00;999998,00;999998,00;;;;;;;;;;;;;;;;;1051,1278;41,35849;164,6591;0,25425212;0,25425212;0,00372;3,71942;102,4972;15,545862;0,185616;23,533399;25,712213;0,0419;4,1848;4,45;444,45;0,00;0,95;81,02;;778,406;779,774;10,5154824;16,23000;4,02200;0,03200;0,2318083;;30,11;131,00;;;
EHC 180s [MJ/kg];25,5;132;16,53600;3,76300;0,023000;71,975;82,21;-43,6602;0,000;101,020;30,200;0,000;535,450;585,050;24,90;1131,817;263,183;0,000;848,600;875,000;852,400;320,450;;;;;0,00;0,00;0,00;3,00;1,93;15,763;24,206;0,58;0,47;999998,00;999998,00;999998,00;999998,00;999998,00;999998,00;999998,00;999998,00;999998,00;999998,00;999998,00;999998,00;999998,00;999998,00;999998,00;;;;;;;;;;;;;;;;;1058,2354;20,82741;87,6915;0,50830078;0,50830078;0,00318;1,87480;103,5554;15,618559;0,196403;23,678825;25,872251;0,0446;4,4556;4,49;448,91;0,00;0,95;81,57;;780,499;779,774;10,5865865;16,22000;4,03400;0,02800;0,2323008;;29,78;132,00;;;
EHC 240s [MJ/kg];20,3;133;16,54100;3,80200;0,015000;71,500;83,81;-44,2900;0,000;101,020;30,200;0,000;536,750;586,650;24,90;1131,150;263,183;0,000;846,800;874,900;852,300;320,450;;;;;0,00;0,00;0,00;3,00;1,93;15,774;24,179;0,58;0,48;999998,00;999998,00;999998,00;999998,00;999998,00;999998,00;999998,00;999998,00;999998,00;999998,00;999998,00;999998,00;999998,00;999998,00;999998,00;;;;;;;;;;;;;;;;;1059,1593;21,96151;83,2025;0,48247274;0,48247274;0,00179;1,98698;104,6146;15,548074;0,177198;23,629195;25,825928;0,0401;4,0127;4,53;452,92;0,00;0,96;81,68;;782,590;783,915;10,5958297;16,19200;4,07600;0,01800;0,2335876;;29,15;133,00;;;
EHC 300s [MJ/kg];16,2;134;16,53700;3,86300;0,002000;72,400;83,64;-44,6201;0,000;101,012;30,200;0,000;538,250;588,750;24,90;1130,750;263,183;0,000;845,800;874,800;852,200;320,450;;;;;0,00;0,00;0,00;3,00;1,93;15,769;24,217;0,58;0,48;999998,00;999998,00;999998,00;999998,00;999998,00;999998,00;999998,00;999998,00;999998,00;999998,00;999998,00;999998,00;999998,00;999998,00;999998,00;;;;;;;;;;;;;;;;;1079,2915;23,30109;88,3831;0,46337891;0,46337891;0,00373;2,11405;105,6939;15,623807;0,179264;23,810646;26,044622;0,0410;4,0938;4,57;457,01;0,00;0,98;83,34;;784,729;783,915;10,7972325;16,11900;4,14400;0,03200;0,2369568;;28,82;134,00;;;
EHC 360s [MJ/kg];--;135;16,50800;3,89800;0,020000;76,425;82,28;-45,2201;0,000;101,018;30,200;0,000;538,950;589,650;24,90;1130,417;263,183;0,000;845,000;874,700;852,100;320,450;;;;;0,00;0,00;0,00;3,00;1,93;15,765;24,209;0,58;0,47;999998,00;999998,00;999998,00;999998,00;999998,00;999998,00;999998,00;999998,00;999998,00;999998,00;999998,00;999998,00;999998,00;999998,00;999998,00;;;;;;;;;;;;;;;;;1120,8259;24,73703;101,3796;0,45327759;0,45327759;0,00539;2,22657;106,8147;16,041800;0,195601;24,479460;26,782288;0,0460;4,5935;4,62;461,61;0,01;1,01;86,52;;787,065;788,450;11,2127421;16,06600;4,15800;0,04300;0,2397328;;28,22;135,00;;;
EHC Test [MJ/kg];23,9;136;16,44500;3,89200;0,030000;71,050;82,24;-45,5400;0,000;101,012;30,200;0,000;539,650;590,550;24,90;1130,317;263,183;0,000;844,900;874,600;852,000;320,450;;;;;0,00;0,00;0,00;3,00;1,93;15,791;24,201;0,58;0,47;999998,00;999998,00;999998,00;999998,00;999998,00;999998,00;999998,00;999998,00;999998,00;999998,00;999998,00;999998,00;999998,00;999998,00;999998,00;;;;;;;;;;;;;;;;;1076,5000;21,32558;88,0612;0,50499471;0,50499471;0,00533;1,91402;107,8912;15,457368;0,196148;23,618265;25,845949;0,0445;4,4453;4,66;466,05;0,01;0,97;83,06;;789,356;788,450;10,7693063;16,08400;4,13300;0,04400;0,2389383;;27,90;136,00;;;
Results MLR;;137;16,38100;3,86800;0,024000;72,025;85,57;-46,2101;0,000;101,018;30,200;0,000;540,850;592,250;24,90;1129,983;263,183;0,000;844,100;874,500;851,900;320,450;;;;;0,00;0,00;0,00;3,00;1,93;15,782;24,209;0,58;0,49;999998,00;999998,00;999998,00;999998,00;999998,00;999998,00;999998,00;999998,00;999998,00;999998,00;999998,00;999998,00;999998,00;999998,00;999998,00;;;;;;;;;;;;;;;;;1077,1091;21,87705;72,5956;0,49254354;0,49254354;0,00838;1,97460;108,9683;15,545790;0,156366;23,806192;26,068627;0,0358;3,5742;4,70;469,62;0,01;0,97;83,22;;791,454;792,983;10,7753999;16,10200;4,13500;0,06600;0,2376850;;27,23;137,00;;;
MLR max [g/s];0,6116;138;16,36400;3,88200;0,045000;72,825;85,45;-46,4801;0,000;101,010;30,200;0,000;542,550;594,650;24,90;1129,983;263,183;0,000;844,100;874,500;851,900;320,450;;;;;0,00;0,00;0,00;3,00;1,93;15,790;24,217;0,58;0,49;999998,00;999998,00;999998,00;999998,00;999998,00;999998,00;999998,00;999998,00;999998,00;999998,00;999998,00;999998,00;999998,00;999998,00;999998,00;;;;;;;;;;;;;;;;;1087,9392;42,96332;143,6427;0,25332642;0,25332642;0,00538;3,90917;110,0563;15,607379;0,157862;23,975629;26,277961;0,0364;3,6374;4,73;473,26;0,01;0,99;84,10;;793,564;792,983;10,8837441;16,07000;4,19300;0,04400;0,2391618;;26,96;138,00;;;
Max at [s];176;139;16,39200;3,93500;0,035000;76,700;85,32;-46,8301;0,000;101,010;30,200;0,000;543,250;595,850;24,90;1129,617;263,183;0,000;843,200;874,400;851,800;320,450;;;;;0,00;0,00;0,00;3,00;1,93;15,790;24,209;0,58;0,49;999998,00;999998,00;999998,00;999998,00;999998,00;999998,00;999998,00;999998,00;999998,00;999998,00;999998,00;999998,00;999998,00;999998,00;999998,00;;;;;;;;;;;;;;;;;1132,0684;21,74483;72,4559;0,52082316;0,52082316;0,00764;1,97408;111,1883;16,006907;0,159303;24,621098;27,005028;0,0377;3,7722;4,77;477,03;0,01;1,03;87,57;;795,840;797,466;11,3252126;15,99600;4,24400;0,05900;0,2427414;;26,61;139,00;;;
MLR 060s [g/s];0,3253;140;16,40200;4,00400;0,047000;73,400;84,95;-47,4601;0,000;101,018;30,200;0,000;543,950;596,550;24,90;1129,583;263,183;0,000;843,200;874,400;851,700;320,450;;;;;0,00;0,00;0,00;3,00;1,94;15,782;24,214;0,58;0,49;999998,00;999998,00;999998,00;999998,00;999998,00;999998,00;999998,00;999998,00;999998,00;999998,00;999998,00;999998,00;999998,00;999998,00;999998,00;;;;;;;;;;;;;;;;;1119,7463;23,13728;78,3747;0,48415120;0,48415120;0,00429;2,08895;112,3081;15,648696;0,163658;24,101129;26,431710;0,0379;3,7930;4,81;480,83;0,00;1,01;86,51;;798,198;797,466;11,2019423;15,94400;4,27000;0,03600;0,2456668;;25,98;140,00;;;
MLR 120s [g/s];0,3712;141;16,35200;4,02200;0,034000;70,425;85,35;-47,8000;0,000;101,012;30,200;0,000;545,050;597,850;24,90;1129,783;263,183;0,000;843,800;874,400;851,700;320,450;;;;;0,00;0,00;0,00;3,00;1,94;15,776;24,203;0,58;0,49;999998,00;999998,00;999998,00;999998,00;999998,00;999998,00;999998,00;999998,00;999998,00;999998,00;999998,00;999998,00;999998,00;999998,00;999998,00;;;;;;;;;;;;;;;;;1098,7966;22,62690;74,4218;0,48580933;0,48580933;0,00447;2,04342;113,4069;15,312809;0,159010;23,631510;25,920739;0,0362;3,6140;4,85;484,44;0,00;0,99;84,91;;800,404;801,977;10,9923609;15,92900;4,28300;0,03800;0,2463765;;25,64;141,00;;;
MLR 180s [g/s];0,4043;142;16,27000;4,03400;0,032000;73,375;84,35;-48,4301;0,000;101,010;30,200;0,000;546,750;599,950;24,90;1129,783;263,183;0,000;843,800;874,400;851,700;320,450;;;;;0,00;0,00;0,00;3,00;1,94;15,776;24,209;0,58;0,48;999998,00;999998,00;999998,00;999998,00;999998,00;999998,00;999998,00;999998,00;999998,00;999998,00;999998,00;999998,00;999998,00;999998,00;999998,00;;;;;;;;;;;;;;;;;1126,2483;23,80071;83,8772;0,47338867;0,47338867;0,00180;2,15485;114,5331;15,605915;0,170751;24,158965;26,509685;0,0397;3,9691;4,89;488,41;0,00;1,02;87,02;;802,602;801,977;11,2669879;15,90100;4,31800;0,01800;0,2478238;;25,01;142,00;;;
MLR 240s [g/s];0,3055;143;16,23000;4,07600;0,028000;70,100;84,55;-48,7601;0,000;101,012;30,200;0,000;547,950;601,750;24,90;1130,283;263,183;0,000;845,100;874,400;851,900;320,450;;;;;0,00;0,00;0,00;3,00;1,94;15,816;24,238;0,58;0,49;999998,00;999998,00;999998,00;999998,00;999998,00;999998,00;999998,00;999998,00;999998,00;999998,00;999998,00;999998,00;999998,00;999998,00;999998,00;;;;;;;;;;;;;;;;;1109,5974;21,34614;73,7589;0,52001953;0,52001953;0,00203;1,92871;115,6427;15,236954;0,168432;23,639558;25,960588;0,0384;3,8341;4,92;492,24;0,00;1,00;85,73;;804,807;806,203;11,1004119;15,85500;4,34800;0,02000;0,2501314;;24,68;143,00;;;
MLR 300s [g/s];0,2437;144;16,22000;4,14400;0,018000;71,700;82,65;-49,4601;0,000;101,012;30,200;0,000;548,550;602,550;24,90;1130,383;263,183;0,000;845,300;874,400;852,000;320,450;;;;;0,00;0,00;0,00;3,00;1,94;15,820;24,203;0,58;0,47;999998,00;999998,00;999998,00;999998,00;999998,00;999998,00;999998,00;999998,00;999998,00;999998,00;999998,00;999998,00;999998,00;999998,00;999998,00;;;;;;;;;;;;;;;;;1127,6488;21,48995;83,9425;0,52494303;0,52494303;0,00205;1,94337;116,7704;15,401431;0,191181;23,920902;26,275708;0,0441;4,4047;4,97;496,65;0,00;1,02;87,15;;806,986;806,203;11,2809987;15,82600;4,37500;0,02000;0,2515218;;23,98;144,00;;;
MLR 360s [g/s];--;145;16,19200;4,15800;0,032000;73,800;84,48;-49,8000;0,000;101,020;30,200;0,000;549,550;603,550;24,90;1130,150;263,183;0,000;844,600;874,400;852,000;320,450;;;;;0,00;0,00;0,00;3,00;1,94;15,776;24,214;0,58;0,48;999998,00;999998,00;999998,00;999998,00;999998,00;999998,00;999998,00;999998,00;999998,00;999998,00;999998,00;999998,00;999998,00;999998,00;999998,00;;;;;;;;;;;;;;;;;1148,6977;23,33349;80,4153;0,49249268;0,49249268;0,00304;2,11468;117,9191;15,611124;0,169237;24,290791;26,677658;0,0396;3,9588;5,01;500,61;0,00;1,04;88,84;;809,270;810,658;11,4915720;15,79700;4,40600;0,02700;0,2528090;;23,64;145,00;;;
MLR Test [g/s];0,2928;146;16,11900;4,13300;0,043000;67,575;84,09;-50,4501;0,000;101,012;30,200;0,000;551,050;605,350;24,90;1130,317;263,183;0,000;845,000;874,400;852,100;320,450;;;;;0,00;0,00;0,00;3,00;1,94;15,814;24,203;0,58;0,48;999998,00;999998,00;999998,00;999998,00;999998,00;999998,00;999998,00;999998,00;999998,00;999998,00;999998,00;999998,00;999998,00;999998,00;999998,00;;;;;;;;;;;;;;;;;1106,2468;21,80419;76,8035;0,50755819;0,50755819;0,00278;1,97835;119,0253;14,917881;0,173803;23,275467;25,569012;0,0390;3,8967;5,05;504,50;0,00;1,00;85,59;;811,450;810,658;11,0668930;15,75500;4,44500;0,02600;0,2548329;;22,99;146,00;;;
Results SEA;;147;16,06600;4,13500;0,044000;73,925;82,51;-50,7701;0,000;101,020;30,200;0,000;551,850;606,450;24,90;1130,417;263,183;0,000;845,300;874,400;852,100;320,450;;;;;0,00;0,00;0,00;3,00;1,94;15,786;24,214;0,58;0,47;999998,00;999998,00;999998,00;999998,00;999998,00;999998,00;999998,00;999998,00;999998,00;999998,00;999998,00;999998,00;999998,00;999998,00;999998,00;;;;;;;;;;;;;;;;;1164,1511;40,15520;156,0982;0,29002889;0,29002889;0,00441;3,63584;120,1895;15,591745;0,192776;24,362175;26,772566;0,0453;4,5255;5,09;509,03;0,00;1,05;90,09;;813,652;815,362;11,6461677;15,71800;4,46600;0,03700;0,2566295;;22,67;147,00;;;
SEA max [m²/kg];549,6;148;16,08400;4,19300;0,066000;66,950;83,43;-51,1301;0,000;101,012;30,200;0,000;552,750;607,250;24,90;1130,383;263,183;0,000;845,100;874,400;852,200;320,450;;;;;0,00;0,00;0,00;3,00;1,94;15,799;24,214;0,58;0,48;999998,00;999998,00;999998,00;999998,00;999998,00;999998,00;999998,00;999998,00;999998,00;999998,00;999998,00;999998,00;999998,00;999998,00;999998,00;;;;;;;;;;;;;;;;;1110,4192;21,36321;78,1257;0,51998901;0,51998901;0,00446;1,93137;121,2999;14,825881;0,181679;23,203288;25,491084;0,0406;4,0608;5,13;513,09;0,00;1,00;85,93;;815,839;815,362;11,1086341;15,70200;4,47300;0,03900;0,2574514;;22,31;148,00;;;
Max at [s];254;149;16,10200;4,24400;0,044000;74,150;82,37;-51,7601;0,000;101,012;30,200;0,000;554,050;608,650;24,90;1130,217;263,183;0,000;844,700;874,300;852,200;320,450;;;;;0,00;0,00;0,00;3,00;1,94;15,812;24,222;0,58;0,47;999998,00;999998,00;999998,00;999998,00;999998,00;999998,00;999998,00;999998,00;999998,00;999998,00;999998,00;999998,00;999998,00;999998,00;999998,00;;;;;;;;;;;;;;;;;1169,3276;23,63198;92,5885;0,49500529;0,49500529;0,00551;2,14327;122,4692;15,584422;0,194542;24,447808;26,857068;0,0458;4,5813;5,18;517,67;0,01;1,06;90,55;;818,014;820,079;11,6979533;15,68900;4,49500;0,04500;0,2579267;;21,68;149,00;;;
SEA 060s [m²/kg];105,8;150;16,07000;4,27000;0,059000;71,350;84,80;-52,1301;0,000;101,022;30,200;0,000;554,950;609,950;24,90;1130,250;263,183;0,000;844,700;874,300;852,300;320,450;;;;;0,00;0,00;0,00;3,00;1,94;15,812;24,206;0,58;0,49;999998,00;999998,00;999998,00;999998,00;999998,00;999998,00;999998,00;999998,00;999998,00;999998,00;999998,00;999998,00;999998,00;999998,00;999998,00;;;;;;;;;;;;;;;;;1157,2777;21,30964;70,4734;0,54329427;0,54329427;0,00433;1,93939;123,6265;15,274945;0,165459;24,001246;26,379962;0,0383;3,8273;5,22;521,50;0,00;1,05;89,67;;820,316;820,079;11,5774065;15,63500;4,55400;0,03700;0,2605086;;21,31;150,00;;;
SEA 120s [m²/kg];107,3;151;15,99600;4,28300;0,036000;69,225;83,88;-52,8301;0,000;101,014;30,200;0,000;555,850;610,950;24,90;1130,250;263,183;0,000;844,500;874,300;852,500;320,450;;;;;0,00;0,00;0,00;3,00;1,95;15,805;24,230;0,58;0,48;999998,00;999998,00;999998,00;999998,00;999998,00;999998,00;999998,00;999998,00;999998,00;999998,00;999998,00;999998,00;999998,00;999998,00;999998,00;;;;;;;;;;;;;;;;;1149,3217;22,32434;78,0922;0,51503499;0,51503499;0,00479;2,02823;124,7758;15,033575;0,176312;23,660295;26,005679;0,0402;4,0204;5,26;525,52;0,00;1,04;89,07;;822,521;824,572;11,4978144;15,58600;4,58700;0,04100;0,2629370;;20,61;151,00;;;
SEA 180s [m²/kg];107,5;152;15,94400;4,31800;0,038000;74,175;80,58;-53,1702;0,000;101,014;30,200;0,000;556,350;611,750;24,90;1130,417;263,183;0,000;845,000;874,300;852,500;320,550;;;;;0,00;0,00;0,00;3,00;1,95;15,852;24,227;0,58;0,46;999998,00;999998,00;999998,00;999998,00;999998,00;999998,00;999998,00;999998,00;999998,00;999998,00;999998,00;999998,00;999998,00;999998,00;999998,00;;;;;;;;;;;;;;;;;1197,4734;22,08369;94,2929;0,54246012;0,54246012;0,00427;2,00168;125,9733;15,554796;0,216428;24,502630;26,942542;0,0512;5,1130;5,31;530,63;0,00;1,09;92,77;;824,829;824,572;11,9795239;15,55000;4,60800;0,03600;0,2648238;;20,27;152,00;;;
SEA 240s [m²/kg];94,2;153;15,92900;4,34800;0,018000;72,200;82,66;-53,9000;0,000;101,014;30,200;0,000;557,450;612,950;24,90;1130,150;263,183;0,000;844,100;874,300;852,600;320,450;;;;;0,00;0,00;0,00;3,00;1,95;15,757;24,243;0,58;0,48;999998,00;999998,00;999998,00;999998,00;999998,00;999998,00;999998,00;999998,00;999998,00;999998,00;999998,00;999998,00;999998,00;999998,00;999998,00;;;;;;;;;;;;;;;;;1186,9580;22,61759;84,9063;0,52500407;0,52500407;0,00258;2,04566;127,1602;15,331168;0,190988;24,198109;26,607284;0,0446;4,4558;5,35;535,09;0,00;1,07;91,91;;827,230;829,063;11,8743278;15,52200;4,62400;0,02400;0,2663682;;19,54;153,00;;;
SEA 300s [m²/kg];75,3;154;15,90100;4,37500;0,020000;65,975;83,35;-54,1802;0,000;101,016;30,200;0,000;558,850;614,650;24,90;1130,417;263,183;0,000;844,800;874,300;852,700;320,550;;;;;0,00;0,00;0,00;3,00;1,95;15,824;24,222;0,58;0,48;999998,00;999998,00;999998,00;999998,00;999998,00;999998,00;999998,00;999998,00;999998,00;999998,00;999998,00;999998,00;999998,00;999998,00;999998,00;;;;;;;;;;;;;;;;;1133,9474;38,01730;136,7685;0,29839071;0,29839071;0,00234;3,43177;128,2942;14,636986;0,182640;23,160461;25,472983;0,0408;4,0794;5,39;539,17;0,00;1,02;87,79;;829,394;829,063;11,3440093;15,52000;4,61800;0,02300;0,2665454;;19,26;154,00;;;
SEA 360s [m²/kg];--;155;15,85500;4,40600;0,020000;71,700;83,06;-54,6101;0,000;101,016;30,200;0,000;559,750;615,850;24,90;1130,517;263,183;0,000;844,900;874,300;852,900;320,550;;;;;0,00;0,00;0,00;3,00;1,95;15,843;24,230;0,58;0,48;999998,00;999998,00;999998,00;999998,00;999998,00;999998,00;999998,00;999998,00;999998,00;999998,00;999998,00;999998,00;999998,00;999998,00;999998,00;;;;;;;;;;;;;;;;;1178,6562;20,21468;74,4231;0,58330282;0,58330282;0,00364;1,82585;129,4728;15,246569;0,186148;24,163870;26,585654;0,0434;4,3394;5,44;543,51;0,00;1,07;91,27;;831,503;833,627;11,7912768;15,53000;4,61100;0,03200;0,2659625;;18,83;155,00;;;
SEA Test [m²/kg];90,4;156;15,82600;4,44500;0,027000;70,200;84,05;-55,2701;0,000;101,016;30,200;0,000;560,950;617,250;25,00;1130,517;263,183;0,000;844,800;874,200;853,100;320,550;;;;;0,00;0,00;0,00;3,00;1,95;15,805;24,238;0,58;0,48;999998,00;999998,00;999998,00;999998,00;999998,00;999998,00;999998,00;999998,00;999998,00;999998,00;999998,00;999998,00;999998,00;999998,00;999998,00;;;;;;;;;;;;;;;;;1162,8167;23,18780;80,2981;0,50167847;0,50167847;0,00467;2,10065;130,6357;15,070098;0,174365;23,935390;26,337677;0,0403;4,0268;5,48;547,53;0,00;1,05;90,10;;833,678;833,627;11,6328178;15,53700;4,61600;0,04000;0,2654476;;18,17;156,00;;;
Results SPR;;157;15,79700;4,46600;0,026000;73,625;82,86;-55,6201;0,000;101,016;30,200;0,000;561,750;618,650;24,90;1130,783;263,183;0,000;845,500;874,200;853,200;320,550;;;;;0,00;0,00;0,00;3,00;1,95;15,822;24,235;0,58;0,48;999998,00;999998,00;999998,00;999998,00;999998,00;999998,00;999998,00;999998,00;999998,00;999998,00;999998,00;999998,00;999998,00;999998,00;999998,00;;;;;;;;;;;;;;;;;1193,9220;24,92766;93,2899;0,47914632;0,47914632;0,00409;2,26564;131,8296;15,422355;0,188630;24,529803;27,014441;0,0447;4,4682;5,52;552,00;0,00;1,09;92,55;;835,873;838,120;11,9439962;15,51700;4,64600;0,03500;0,2663472;;17,82;157,00;;;
SPR max [m²/s];0,055;158;15,75500;4,47300;0,037000;68,300;84,14;-56,2401;0,000;101,016;30,200;0,000;562,150;619,350;24,90;1130,717;263,183;0,000;845,300;874,100;853,300;320,550;;;;;0,00;0,00;0,00;3,00;1,95;15,879;24,238;0,58;0,49;999998,00;999998,00;999998,00;999998,00;999998,00;999998,00;999998,00;999998,00;999998,00;999998,00;999998,00;999998,00;999998,00;999998,00;999998,00;;;;;;;;;;;;;;;;;1159,8543;23,24514;79,2908;0,49916585;0,49916585;0,00565;2,11714;132,9894;14,848885;0,173277;23,634495;26,039358;0,0396;3,9563;5,56;555,96;0,01;1,06;89,99;;838,032;838,120;11,6031822;15,46300;4,69700;0,04800;0,2688087;;17,20;158,00;;;
Max at [s];238;159;15,71800;4,49500;0,039000;72,025;81,05;-56,6201;0,000;101,018;30,200;0,000;563,150;620,350;24,90;1130,617;263,183;0,000;844,700;874,100;853,600;320,550;;;;;0,00;0,00;0,00;3,00;1,95;15,812;24,230;0,58;0,47;999998,00;999998,00;999998,00;999998,00;999998,00;999998,00;999998,00;999998,00;999998,00;999998,00;999998,00;999998,00;999998,00;999998,00;999998,00;;;;;;;;;;;;;;;;;1207,6572;23,15830;94,7894;0,52168783;0,52168783;0,00727;2,12401;134,1971;15,234885;0,210668;24,292015;26,759393;0,0495;4,9431;5,61;560,90;0,01;1,11;93,87;;840,206;842,682;12,0814025;15,37200;4,79900;0,05900;0,2729113;;16,82;159,00;;;
SPR 060s [m²/s];0,033;160;15,70200;4,55400;0,045000;67,650;83,01;-57,2802;0,000;101,014;30,200;0,000;563,650;621,050;24,90;1130,850;263,183;0,000;845,300;874,100;853,700;320,550;;;;;0,00;0,00;0,00;3,00;1,95;15,791;24,219;0,58;0,48;999998,00;999998,00;999998,00;999998,00;999998,00;999998,00;999998,00;999998,00;999998,00;999998,00;999998,00;999998,00;999998,00;999998,00;999998,00;;;;;;;;;;;;;;;;;1187,3471;22,37485;80,0928;0,53087362;0,53087362;0,00509;2,05390;135,3844;14,758382;0,186777;23,553125;25,951686;0,0425;4,2502;5,65;565,15;0,01;1,09;92,30;;842,439;842,682;11,8782202;15,28800;4,87400;0,04400;0,2771020;;16,16;160,00;;;
SPR 120s [m²/s];0,037;161;15,68900;4,58700;0,037000;66,100;81,39;-57,6802;0,000;101,014;30,200;0,000;564,250;621,650;24,90;1130,917;263,183;0,000;845,400;874,000;853,900;320,550;;;;;0,00;0,00;0,00;3,00;1,95;15,870;24,219;0,58;0,47;999998,00;999998,00;999998,00;999998,00;999998,00;999998,00;999998,00;999998,00;999998,00;999998,00;999998,00;999998,00;999998,00;999998,00;999998,00;;;;;;;;;;;;;;;;;1191,7058;22,14719;86,3567;0,53829956;0,53829956;0,00503;2,02024;136,5761;14,580571;0,206493;23,294124;25,663788;0,0465;4,6467;5,70;569,80;0,01;1,09;92,61;;844,595;847,117;11,9218246;15,20000;4,92000;0,04400;0,2816412;;15,76;161,00;;;
SPR 180s [m²/s];0,040;162;15,63500;4,60800;0,041000;73,050;82,72;-58,3501;0,000;101,018;30,200;0,000;565,650;623,350;24,90;1130,750;263,190;0,000;844,800;874,000;854,000;320,550;;;;;0,00;0,00;0,00;3,00;1,96;15,816;24,241;0,58;0,48;999998,00;999998,00;999998,00;999998,00;999998,00;999998,00;999998,00;999998,00;999998,00;999998,00;999998,00;999998,00;999998,00;999998,00;999998,00;;;;;;;;;;;;;;;;;1262,9678;24,45644;87,2987;0,51662191;0,51662191;0,00325;2,22742;137,8391;15,308964;0,190286;24,518498;27,019546;0,0451;4,5082;5,75;574,31;0,00;1,15;98,12;;846,958;847,117;12,6347302;15,14800;4,95800;0,02900;0,2843587;;15,09;162,00;;;
SPR 240s [m²/s];0,031;163;15,58600;4,62400;0,036000;64,225;82,72;-58,7201;0,000;101,014;30,200;0,000;566,850;625,050;24,90;1130,683;263,190;0,000;844,800;873,800;854,000;320,550;;;;;0,00;0,00;0,00;3,00;1,96;15,843;24,243;0,58;0,48;999998,00;999998,00;999998,00;999998,00;999998,00;999998,00;999998,00;999998,00;999998,00;999998,00;999998,00;999998,00;999998,00;999998,00;999998,00;;;;;;;;;;;;;;;;;1189,0642;22,65992;80,6612;0,52495321;0,52495321;0,00393;2,06118;139,0282;14,339287;0,190216;23,014206;25,377135;0,0423;4,2326;5,79;578,54;0,00;1,08;92,40;;849,283;851,329;11,8953982;15,11700;4,97700;0,03600;0,2858679;;14,72;163,00;;;
SPR 300s [m²/s];0,024;164;15,55000;4,61800;0,024000;70,600;80,26;-59,4000;0,000;101,014;30,200;0,000;568,250;627,050;24,90;1130,450;263,183;0,000;844,000;873,800;854,100;320,550;;;;;0,00;0,00;0,00;3,00;1,96;15,852;24,241;0,58;0,46;999998,00;999998,00;999998,00;999998,00;999998,00;999998,00;999998,00;999998,00;999998,00;999998,00;999998,00;999998,00;999998,00;999998,00;999998,00;;;;;;;;;;;;;;;;;1251,0907;23,76230;97,8763;0,52671305;0,52671305;0,00332;2,16472;140,2793;15,015584;0,220451;24,159167;26,659050;0,0516;5,1532;5,84;583,69;0,00;1,14;97,24;;851,544;851,329;12,5159113;15,08800;5,00800;0,03000;0,2872736;;14,04;164,00;;;
SPR 360s [m²/s];--;165;15,52200;4,61100;0,023000;70,125;82,52;-59,7802;0,000;101,016;30,200;0,000;569,350;628,550;24,90;1130,383;263,190;0,000;843,700;873,800;854,200;320,550;;;;;0,00;0,00;0,00;3,00;1,96;15,852;24,214;0,58;0,48;999998,00;999998,00;999998,00;999998,00;999998,00;999998,00;999998,00;999998,00;999998,00;999998,00;999998,00;999998,00;999998,00;999998,00;999998,00;;;;;;;;;;;;;;;;;1251,5006;22,35767;80,2879;0,55998739;0,55998739;0,00265;2,03790;141,5308;14,950522;0,192636;24,101051;26,607034;0,0450;4,4942;5,88;588,19;0,00;1,14;97,28;;853,967;855,801;12,5200124;15,06000;5,03400;0,02500;0,2886586;;13,66;165,00;;;
SPR Test [m²/s];0,029;166;15,52000;4,61600;0,032000;68,500;82,26;-60,5100;0,000;101,016;30,200;0,000;570,650;630,250;25,00;1130,317;263,190;0,000;843,500;873,700;854,300;320,550;;;;;0,00;0,00;0,00;3,00;1,96;15,872;24,230;0,58;0,48;999998,00;999998,00;999998,00;999998,00;999998,00;999998,00;999998,00;999998,00;999998,00;999998,00;999998,00;999998,00;999998,00;999998,00;999998,00;;;;;;;;;;;;;;;;;1244,1054;22,56205;82,0425;0,55163574;0,55163574;0,00457;2,06485;142,7749;14,759443;0,195890;23,847347;26,338019;0,0453;4,5239;5,93;592,71;0,00;1,14;96,82;;856,339;855,801;12,4460305;15,01200;5,08900;0,04000;0,2907305;;12,93;166,00;;;
Results COY;;167;15,53000;4,64600;0,040000;70,875;81,82;-60,8801;0,000;101,020;30,200;0,000;571,750;631,750;24,90;1130,617;263,190;0,000;844,300;873,700;854,400;320,550;;;;;0,00;0,00;0,00;3,00;1,96;15,851;24,230;0,58;0,47;999998,00;999998,00;999998,00;999998,00;999998,00;999998,00;999998,00;999998,00;999998,00;999998,00;999998,00;999998,00;999998,00;999998,00;999998,00;;;;;;;;;;;;;;;;;1277,9590;24,00281;88,8804;0,53263346;0,53263346;0,00517;2,19647;144,0528;14,998680;0,201160;24,280604;26,828635;0,0473;4,7322;5,98;597,44;0,01;1,17;99,50;;858,763;860,698;12,7847023;14,94500;5,14300;0,04400;0,2939756;;12,56;167,00;;;
COY max [kg/kg];0,0372;168;15,53700;4,69700;0,035000;72,125;80,13;-61,5802;0,000;101,012;30,200;0,000;572,950;633,150;25,00;1130,283;263,190;0,000;843,200;873,700;854,500;320,550;;;;;0,00;0,00;0,00;3,00;1,96;15,858;24,235;0,58;0,46;999998,00;999998,00;999998,00;999998,00;999998,00;999998,00;999998,00;999998,00;999998,00;999998,00;999998,00;999998,00;999998,00;999998,00;999998,00;;;;;;;;;;;;;;;;;1300,0305;24,54063;99,5795;0,52995809;0,52995809;0,00642;2,24776;145,3529;15,114513;0,222032;24,519473;27,095741;0,0528;5,2752;6,03;602,72;0,01;1,19;101,29;;861,323;860,698;13,0055047;14,88400;5,19600;0,05300;0,2968485;;11,86;168,00;;;
Max at [s];78;169;15,51700;4,79900;0,048000;67,575;79,57;-61,9501;0,000;101,012;30,200;0,000;573,950;634,650;25,00;1130,550;263,190;0,000;843,900;873,700;854,600;320,550;;;;;0,00;0,00;0,00;3,00;1,96;15,862;24,227;0,58;0,46;999998,00;999998,00;999998,00;999998,00;999998,00;999998,00;999998,00;999998,00;999998,00;999998,00;999998,00;999998,00;999998,00;999998,00;999998,00;;;;;;;;;;;;;;;;;1270,2897;22,16782;92,0874;0,57326253;0,57326253;0,00491;2,03186;146,6232;14,617248;0,229118;23,754173;26,266376;0,0528;5,2769;6,08;608,00;0,00;1,16;98,99;;863,831;865,591;12,7079783;14,82000;5,25300;0,04300;0,3000210;;11,49;169,00;;;
COY 060s [kg/kg];0,0101;170;15,46300;4,87400;0,059000;68,075;81,68;-62,7101;0,000;101,020;30,200;0,000;574,950;636,250;25,00;1131,050;263,190;0,000;845,300;873,700;854,700;320,550;;;;;0,00;0,00;0,00;3,00;1,96;15,879;24,243;0,58;0,47;999998,00;999998,00;999998,00;999998,00;999998,00;999998,00;999998,00;999998,00;999998,00;999998,00;999998,00;999998,00;999998,00;999998,00;999998,00;;;;;;;;;;;;;;;;;1285,8439;23,85882;87,1894;0,53915405;0,53915405;0,00493;2,19855;147,9090;14,658461;0,202939;23,862653;26,406842;0,0470;4,6990;6,13;612,69;0,00;1,19;100,31;;866,268;865,591;12,8635821;14,75600;5,33000;0,04300;0,3029304;;10,73;170,00;;;
COY 120s [kg/kg];0,0094;171;15,37200;4,92000;0,044000;69,025;80,04;-63,0400;0,000;101,014;30,200;0,000;576,150;638,050;25,00;1131,083;263,190;0,000;845,300;873,700;854,800;320,550;;;;;0,00;0,00;0,00;3,00;1,96;15,843;24,257;0,58;0,46;999998,00;999998,00;999998,00;999998,00;999998,00;999998,00;999998,00;999998,00;999998,00;999998,00;999998,00;999998,00;999998,00;999998,00;999998,00;;;;;;;;;;;;;;;;;1310,6790;23,38004;93,0120;0,56082153;0,56082153;0,00496;2,14542;149,2197;14,745009;0,223238;24,053643;26,637902;0,0522;5,2142;6,18;617,91;0,00;1,20;102,24;;868,794;870,560;13,1120323;14,67400;5,37800;0,04300;0,3070990;;10,40;171,00;;;
COY 180s [kg/kg];0,0091;172;15,28800;4,95800;0,044000;64,800;79,41;-63,8301;0,000;101,014;30,200;0,000;577,250;639,350;25,00;1130,783;263,190;0,000;844,200;873,700;855,000;320,550;;;;;0,00;0,00;0,00;3,00;1,96;15,873;24,233;0,58;0,46;999998,00;999998,00;999998,00;999998,00;999998,00;999998,00;999998,00;999998,00;999998,00;999998,00;999998,00;999998,00;999998,00;999998,00;999998,00;;;;;;;;;;;;;;;;;1280,0247;22,26658;91,0737;0,57509359;0,57509359;0,00429;2,04991;150,4997;14,272995;0,231091;23,328099;25,837713;0,0524;5,2355;6,23;623,14;0,00;1,18;99,91;;871,274;870,560;12,8053670;14,61400;5,44300;0,03900;0,3099236;;9,61;172,00;;;
COY 240s [kg/kg];0,0091;173;15,20000;4,97700;0,029000;68,475;82,11;-64,1802;0,000;101,022;30,200;0,000;578,650;641,350;25,00;1130,717;263,190;0,000;843,900;873,600;855,200;320,550;;;;;0,00;0,00;0,00;3,00;1,97;15,851;24,243;0,58;0,47;999998,00;999998,00;999998,00;999998,00;999998,00;999998,00;999998,00;999998,00;999998,00;999998,00;999998,00;999998,00;999998,00;999998,00;999998,00;;;;;;;;;;;;;;;;;1331,2700;24,32626;84,2602;0,54747518;0,54747518;0,00415;2,24529;151,8310;14,654387;0,197619;24,009542;26,611112;0,0461;4,6112;6,28;627,76;0,00;1,23;104,00;;873,785;875,767;13,3180253;14,52700;5,52700;0,03700;0,3140747;;9,26;173,00;;;
COY 300s [kg/kg];0,0090;174;15,14800;5,00800;0,036000;66,225;80,06;-64,9301;0,000;101,012;30,200;0,000;580,150;643,550;25,00;1130,850;263,190;0,000;844,100;873,600;855,400;320,550;;;;;0,00;0,00;0,00;3,00;1,97;15,864;24,259;0,58;0,46;999998,00;999998,00;999998,00;999998,00;999998,00;999998,00;999998,00;999998,00;999998,00;999998,00;999998,00;999998,00;999998,00;999998,00;999998,00;;;;;;;;;;;;;;;;;1331,2231;24,70177;95,1151;0,53913371;0,53913371;0,00395;2,28638;153,1622;14,392970;0,222904;23,642369;26,226056;0,0513;5,1259;6,33;632,88;0,00;1,23;104,10;;876,414;875,767;13,3175558;14,40400;5,64200;0,03600;0,3199590;;8,51;174,00;;;
COY 360s [kg/kg];--;175;15,11700;5,03400;0,030000;69,475;79,82;-65,2701;0,000;101,012;30,200;0,000;581,050;644,950;25,00;1131,417;263,190;0,000;845,600;873,600;855,600;320,550;;;;;0,00;0,00;0,00;3,00;1,97;15,873;24,241;0,58;0,46;999998,00;999998,00;999998,00;999998,00;999998,00;999998,00;999998,00;999998,00;999998,00;999998,00;999998,00;999998,00;999998,00;999998,00;999998,00;;;;;;;;;;;;;;;;;1385,3901;24,09903;92,7271;0,57510376;0,57510376;0,00313;2,22188;154,5476;14,730488;0,226003;24,234323;26,899452;0,0533;5,3306;6,38;638,21;0,00;1,28;108,33;;879,168;881,282;13,8594426;14,29400;5,71400;0,02900;0,3255321;;8,17;175,00;;;
COY Test [kg/kg];0,0092;176;15,08800;5,08900;0,025000;66,025;80,68;-66,0802;0,000;101,012;30,100;0,000;582,150;646,850;25,00;1131,450;263,190;0,000;845,500;873,600;855,800;320,550;;;;;0,00;0,00;0,00;3,00;1,97;15,851;24,259;0,58;0,47;999998,00;999998,00;999998,00;999998,00;999998,00;999998,00;999998,00;999998,00;999998,00;999998,00;999998,00;999998,00;999998,00;999998,00;999998,00;;;;;;;;;;;;;;;;;1365,7758;22,33891;81,1127;0,61163330;0,61163330;0,00394;2,06526;155,9134;14,346513;0,215246;23,647298;26,275453;0,0496;4,9591;6,43;643,17;0,00;1,26;106,91;;881,988;881,282;13,6632211;14,20600;5,79900;0,03600;0,3296509;;7,36;176,00;;;
Results CO2Y;;177;15,06000;5,14300;0,040000;69,000;79,47;-66,4801;0,000;101,010;30,100;0,000;583,650;649,050;25,00;1130,983;263,190;0,000;843,800;873,600;856,100;320,550;;;;;0,00;0,00;0,00;3,00;1,97;15,852;24,230;0,58;0,46;999998,00;999998,00;999998,00;999998,00;999998,00;999998,00;999998,00;999998,00;999998,00;999998,00;999998,00;999998,00;999998,00;999998,00;999998,00;;;;;;;;;;;;;;;;;1408,3370;23,51572;90,7648;0,59913127;0,59913127;0,00661;2,16155;157,3217;14,647311;0,230308;24,205310;26,917599;0,0544;5,4358;6,49;648,61;0,01;1,30;110,25;;884,842;887,108;14,0890032;14,13800;5,82300;0,05600;0,3330598;;6,96;177,00;;;
CO2Y max [kg/kg];4,1013;178;15,01200;5,19600;0,044000;73,525;80,00;-67,2701;0,000;101,010;30,100;0,000;585,250;651,050;25,00;1131,083;263,190;0,000;844,000;873,600;856,200;320,550;;;;;0,00;0,00;0,00;3,00;1,97;15,883;24,270;0,58;0,46;999998,00;999998,00;999998,00;999998,00;999998,00;999998,00;999998,00;999998,00;999998,00;999998,00;999998,00;999998,00;999998,00;999998,00;999998,00;;;;;;;;;;;;;;;;;1451,6612;26,16639;98,4084;0,55500285;0,55500285;0,00561;2,37752;158,7734;15,099286;0,223698;25,020622;27,833704;0,0546;5,4595;6,54;654,07;0,01;1,32;113,45;;887,905;887,108;14,5224188;14,15000;5,75600;0,04700;0,3330274;;6,17;178,00;;;
Max at [s];130;179;14,94500;5,25300;0,053000;63,925;79,42;-67,6001;0,000;101,018;30,100;0,000;586,450;652,850;25,00;1132,917;263,190;0,000;849,300;873,800;856,200;320,550;;;;;0,00;0,00;0,00;3,00;1,97;15,843;24,230;0,58;0,46;999998,00;999998,00;999998,00;999998,00;999998,00;999998,00;999998,00;999998,00;999998,00;999998,00;999998,00;999998,00;999998,00;999998,00;999998,00;;;;;;;;;;;;;;;;;1328,1917;24,04971;95,3655;0,55249023;0,55249023;0,00436;2,16583;160,1015;14,064668;0,231035;23,353971;25,998194;0,0527;5,2667;6,60;659,33;0,00;1,20;103,59;;890,709;892,484;13,2872298;14,28400;5,60500;0,04000;0,3269130;;5,84;179,00;;;
CO2Y 060s [kg/kg];2,1152;180;14,88400;5,33000;0,043000;66,450;82,22;-68,3801;0,000;101,010;30,100;0,000;588,150;655,350;25,00;1135,117;263,190;0,000;855,800;873,800;856,300;320,550;;;;;0,00;0,00;0,00;3,00;1,97;15,851;24,251;0,58;0,47;999998,00;999998,00;999998,00;999998,00;999998,00;999998,00;999998,00;999998,00;999998,00;999998,00;999998,00;999998,00;999998,00;999998,00;999998,00;;;;;;;;;;;;;;;;;1321,2242;22,05965;76,3755;0,59917196;0,59917196;0,00469;1,99223;161,4228;14,319011;0,196347;23,845224;26,569698;0,0458;4,5744;6,64;663,91;0,00;1,19;103,00;;893,120;892,484;13,2175265;14,44000;5,49300;0,04200;0,3191709;;5,06;180,00;;;
CO2Y 120s [kg/kg];2,1041;181;14,82000;5,37800;0,043000;66,450;82,22;-68,7301;0,000;101,010;30,100;0,000;588,150;655,350;25,00;1134,917;263,190;0,000;854,800;873,900;856,600;320,550;;;;;0,00;0,00;0,00;3,00;1,97;15,868;24,257;0,58;0,47;999998,00;999998,00;999998,00;999998,00;999998,00;999998,00;999998,00;999998,00;999998,00;999998,00;999998,00;999998,00;999998,00;999998,00;999998,00;;;;;;;;;;;;;;;;;1291,5940;41,12931;145,6657;0,31415812;0,31415812;0,00355;3,66843;162,7144;14,319011;0,196347;23,845224;26,569698;0,0458;4,5744;6,69;668,48;0,00;1,15;100,41;;895,404;897,096;12,9211059;14,60300;5,30500;0,03300;0,3117780;;4,71;181,00;;;
CO2Y 180s [kg/kg];2,1277;182;14,75600;5,44300;0,043000;67,025;81,55;-69,1201;0,000;101,014;30,100;0,000;588,850;656,550;25,00;1133,617;263,190;0,000;850,600;874,100;856,700;320,550;;;;;0,00;0,00;0,00;3,00;1,97;15,894;24,251;0,58;0,47;999998,00;999998,00;999998,00;999998,00;999998,00;999998,00;999998,00;999998,00;999998,00;999998,00;999998,00;999998,00;999998,00;999998,00;999998,00;;;;;;;;;;;;;;;;;1260,0910;23,56191;89,6005;0,53501383;0,53501383;0,00445;2,07572;163,9745;14,372280;0,204544;23,962417;26,717372;0,0479;4,7918;6,74;673,27;0,00;1,11;97,72;;897,494;897,096;12,6059502;14,79600;5,09500;0,04000;0,3027693;;4,32;182,00;;;
CO2Y 240s [kg/kg];2,1380;183;14,67400;5,52700;0,039000;68,925;80,54;-69,7501;0,000;101,020;30,100;0,000;588,950;656,450;25,00;1132,983;263,190;0,000;848,700;874,100;856,700;320,550;;;;;0,00;0,00;0,00;3,00;1,97;15,908;24,259;0,58;0,46;999998,00;999998,00;999998,00;999998,00;999998,00;999998,00;999998,00;999998,00;999998,00;999998,00;999998,00;999998,00;999998,00;999998,00;999998,00;;;;;;;;;;;;;;;;;1217,5510;24,40147;103,2738;0,49916585;0,49916585;0,00220;2,11823;165,1920;14,573329;0,216960;24,301745;27,086986;0,0516;5,1530;6,79;678,43;0,00;1,06;94,02;;899,359;901,003;12,1803797;15,11000;4,78700;0,02200;0,2880794;;3,69;183,00;;;
CO2Y 300s [kg/kg];2,1388;184;14,61400;5,64200;0,037000;68,525;81,91;-70,1201;0,000;101,016;30,100;0,000;589,450;656,850;25,00;1133,350;263,190;0,000;850,000;874,000;856,600;320,650;;;;;0,00;0,00;0,00;3,00;1,98;15,835;24,235;0,58;0,47;999998,00;999998,00;999998,00;999998,00;999998,00;999998,00;999998,00;999998,00;999998,00;999998,00;999998,00;999998,00;999998,00;999998,00;999998,00;;;;;;;;;;;;;;;;;1145,0868;22,98807;95,1298;0,49832153;0,49832153;0,00180;1,99514;166,3371;14,524816;0,200057;24,241409;27,013267;0,0474;4,7386;6,83;683,17;0,00;0,99;88,23;;900,892;901,003;11,4554483;15,45100;4,51900;0,01900;0,2713760;;3,32;184,00;;;
CO2Y 360s [kg/kg];--;185;14,52700;5,71400;0,036000;70,450;80,18;-70,7401;0,000;101,016;30,100;0,000;590,250;657,450;25,00;1133,150;263,190;0,000;849,500;873,900;856,600;320,550;;;;;0,00;0,00;0,00;3,00;1,98;15,900;24,230;0,57;0,46;999998,00;999998,00;999998,00;999998,00;999998,00;999998,00;999998,00;999998,00;999998,00;999998,00;999998,00;999998,00;999998,00;999998,00;999998,00;;;;;;;;;;;;;;;;;1087,7657;23,11013;113,0133;0,47087606;0,47087606;0,00157;1,96140;167,4249;14,717434;0,221435;24,596220;27,396501;0,0532;5,3194;6,89;688,48;0,00;0,92;83,37;;902,057;903,724;10,8820080;15,82100;4,14700;0,01700;0,2539651;;2,70;185,00;;;
CO2Y Test [kg/kg];2,1383;186;14,40400;5,79900;0,029000;74,175;80,50;-71,0602;0,000;101,016;30,100;0,000;589,450;655,950;25,00;1133,150;263,190;0,000;849,600;873,800;856,600;320,650;;;;;0,00;0,00;0,00;3,00;1,98;15,883;24,262;0,57;0,46;999998,00;999998,00;999998,00;999998,00;999998,00;999998,00;999998,00;999998,00;999998,00;999998,00;999998,00;999998,00;999998,00;999998,00;999998,00;;;;;;;;;;;;;;;;;1027,5694;23,27481;121,2141;0,44167074;0,44167074;0,00214;1,97999;168,4524;15,111755;0,217456;25,220990;28,066347;0,0535;5,3515;6,94;693,84;0,00;0,87;78,58;;902,893;903,724;10,2798039;16,24100;3,82800;0,02100;0,2331539;;2,38;186,00;;;
;;187;14,29400;5,82300;0,036000;73,525;81,61;-71,6201;0,000;101,016;30,100;0,000;588,650;653,950;25,00;1132,417;263,190;0,000;847,600;873,600;856,600;320,650;;;;;0,00;0,00;0,00;3,00;1,98;15,860;24,257;0,57;0,46;999998,00;999998,00;999998,00;999998,00;999998,00;999998,00;999998,00;999998,00;999998,00;999998,00;999998,00;999998,00;999998,00;999998,00;999998,00;;;;;;;;;;;;;;;;;933,2778;22,18824;118,4309;0,42078654;0,42078654;0,00267;1,84645;169,3857;15,055616;0,203793;25,093195;27,876827;0,0498;4,9814;6,99;698,82;0,00;0,78;70,98;;903,308;904,866;9,3365111;16,68000;3,41900;0,02500;0,2120905;;1,82;187,00;;;
;;188;14,20600;5,75600;0,056000;73,400;82,32;-71,8601;0,000;101,014;30,100;0,000;587,150;651,350;25,00;1131,817;263,190;0,000;846,000;873,500;856,500;320,650;;;;;0,00;0,00;0,00;3,00;1,98;15,893;24,246;0,57;0,46;999998,00;999998,00;999998,00;999998,00;999998,00;999998,00;999998,00;999998,00;999998,00;999998,00;999998,00;999998,00;999998,00;999998,00;999998,00;;;;;;;;;;;;;;;;;837,2192;43,69986;248,0532;0,19166056;0,19166056;0,00427;3,65604;170,2229;15,062016;0,195112;25,039891;27,777797;0,0475;4,7523;7,04;703,57;0,00;0,70;63,57;;903,212;904,866;8,3755405;17,12600;3,08700;0,03700;0,1897448;;1,58;188,00;;;
;;189;14,13800;5,60500;0,047000;71,375;84,03;-72,0901;0,000;101,018;30,100;0,000;585,550;648,350;25,00;1131,517;263,190;0,000;845,300;873,300;856,500;320,650;;;;;0,00;0,00;0,00;3,00;1,98;15,883;24,270;0,57;0,47;999998,00;999998,00;999998,00;999998,00;999998,00;999998,00;999998,00;999998,00;999998,00;999998,00;999998,00;999998,00;999998,00;999998,00;999998,00;;;;;;;;;;;;;;;;;730,4146;20,63528;118,0811;0,35410563;0,35410563;0,00434;1,68454;170,9533;14,873072;0,174585;24,658401;27,303006;0,0418;4,1796;7,08;707,75;0,00;0,60;55,12;;902,580;904,093;7,3070677;17,59100;2,66800;0,03800;0,1672542;;1,35;189,00;;;
;;190;14,15000;5,49300;0,040000;75,125;81,91;-72,5200;0,000;101,020;30,100;0,000;582,750;643,950;25,00;1131,183;263,190;0,000;844,500;873,200;856,400;320,650;;;;;0,00;0,00;0,00;3,00;1,98;15,896;24,275;0,57;0,46;999998,00;999998,00;999998,00;999998,00;999998,00;999998,00;999998,00;999998,00;999998,00;999998,00;999998,00;999998,00;999998,00;999998,00;999998,00;;;;;;;;;;;;;;;;;674,1037;22,79227;165,4788;0,29587809;0,29587809;0,00420;1,81840;171,6274;15,295395;0,200146;25,237321;27,887727;0,0490;4,8942;7,13;712,64;0,00;0,54;50,60;;901,526;904,093;6,7437334;17,95100;2,34600;0,03600;0,1498280;;0,92;190,00;;;
;;191;14,28400;5,30500;0,042000;78,300;83,01;-72,6501;0,000;101,014;30,100;0,000;579,550;638,750;25,00;1130,617;263,190;0,000;843,200;873,000;856,200;320,650;;;;;0,00;0,00;0,00;3,00;1,98;15,883;24,251;0,57;0,47;999998,00;999998,00;999998,00;999998,00;999998,00;999998,00;999998,00;999998,00;999998,00;999998,00;999998,00;999998,00;999998,00;999998,00;999998,00;;;;;;;;;;;;;;;;;596,6645;53,44564;415,5450;0,11168416;0,11168416;0,00208;4,08152;172,2241;15,658315;0,186826;25,694265;28,318889;0,0464;4,6391;7,18;717,28;0,00;0,46;44,35;;900,132;901,574;5,9690312;18,38100;1,95000;0,02000;0,1292662;;0,79;191,00;;;
;;192;14,44000;5,09500;0,033000;77,425;84,92;-72,7900;0,000;101,016;30,100;0,000;576,050;633,050;25,00;1130,317;263,190;0,000;842,400;872,900;856,200;320,650;;;;;0,00;0,00;0,00;3,00;1,98;15,875;24,270;0,57;0,48;999998,00;999998,00;999998,00;999998,00;999998,00;999998,00;999998,00;999998,00;999998,00;999998,00;999998,00;999998,00;999998,00;999998,00;999998,00;;;;;;;;;;;;;;;;;499,7085;37,51373;302,2883;0,13326009;0,13326009;0,00139;2,87525;172,7238;15,617810;0,164047;25,473028;27,993577;0,0403;4,0267;7,22;721,31;0,00;0,38;37,04;;898,299;901,574;4,9990835;18,79700;1,65100;0,01500;0,1083058;;0,65;192,00;;;
;;193;14,60300;4,78700;0,040000;79,475;84,75;-72,9100;0,000;101,008;30,000;0,000;571,650;626,450;25,00;1130,617;263,190;0,000;843,300;872,900;856,200;320,650;;;;;0,00;0,00;0,00;3,00;1,98;15,883;24,254;0,57;0,48;999998,00;999998,00;999998,00;999998,00;999998,00;999998,00;999998,00;999998,00;999998,00;999998,00;999998,00;999998,00;999998,00;999998,00;999998,00;;;;;;;;;;;;;;;;;417,5539;41,09652;403,6665;0,10164388;0,10164388;-0,00069;3,01069;173,1414;15,883996;0,166021;25,709300;28,173866;0,0410;4,1014;7,26;725,41;0,00;0,31;30,63;;896,021;897,487;4,1772094;19,19800;1,30700;0,00000;0,0888020;;0,53;193,00;;;
;;194;14,79600;4,51900;0,022000;85,600;80,91;-73,0000;0,000;101,020;30,100;0,000;566,850;619,150;25,00;1130,383;263,190;0,000;842,800;872,800;856,100;320,650;;;;;0,00;0,00;0,00;3,00;1,98;15,854;24,259;0,57;0,45;999998,00;999998,00;999998,00;999998,00;999998,00;999998,00;999998,00;999998,00;999998,00;999998,00;999998,00;999998,00;999998,00;999998,00;999998,00;;;;;;;;;;;;;;;;;347,1376;35,30004;549,5706;0,09837850;0,09837850;-0,00131;2,63897;173,4885;16,554360;0,212383;26,569344;29,020744;0,0541;5,4044;7,31;730,82;0,00;0,26;25,45;;893,373;897,487;3,4727650;19,55100;1,07300;-0,00400;0,0707031;;0,44;194,00;;;
;;195;15,11000;4,14700;0,019000;87,550;83,72;-73,1101;0,000;101,012;30,100;0,000;561,250;611,050;25,00;1130,250;263,190;0,000;842,400;872,800;856,100;320,650;;;;;0,00;0,00;0,00;3,00;1,99;15,900;24,257;0,57;0,47;999998,00;999998,00;999998,00;999998,00;999998,00;999998,00;999998,00;999998,00;999998,00;999998,00;999998,00;999998,00;999998,00;999998,00;999998,00;;;;;;;;;;;;;;;;;280,7776;25,33266;410,3866;0,11088053;0,11088053;-0,00103;1,82209;173,7693;16,825171;0,178204;26,737212;29,109618;0,0455;4,5486;7,36;735,36;0,00;0,20;20,43;;890,402;891,863;2,8088989;19,84300;0,83300;-0,00200;0,0561817;;0,33;195,00;;;
;;196;15,45100;3,82800;0,017000;87,250;89,79;-73,2101;0,000;101,014;30,000;0,000;555,250;602,450;25,00;1131,150;263,190;0,000;845,300;872,700;856,000;320,650;;;;;0,00;0,00;0,00;3,00;1,99;15,917;24,270;0,58;0,51;999998,00;999998,00;999998,00;999998,00;999998,00;999998,00;999998,00;999998,00;999998,00;999998,00;999998,00;999998,00;999998,00;999998,00;999998,00;;;;;;;;;;;;;;;;;220,9959;29,14896;360,6507;0,07584635;0,07584635;-0,00059;2,17916;173,9903;16,886826;0,108257;26,548309;28,805094;0,0274;2,7343;7,38;738,10;0,00;0,17;16,15;;887,139;891,863;2,2108425;20,07600;0,68800;0,00100;0,0440026;;0,23;196,00;;;
;;197;15,82100;3,41900;0,021000;88,300;93,65;-73,2601;0,000;101,014;30,100;0,000;548,950;593,650;25,00;1130,950;263,190;0,000;844,800;872,600;856,000;320,650;;;;;0,00;0,00;0,00;3,00;1,99;15,900;24,257;0,58;0,54;999998,00;999998,00;999998,00;999998,00;999998,00;999998,00;999998,00;999998,00;999998,00;999998,00;999998,00;999998,00;999998,00;999998,00;999998,00;;;;;;;;;;;;;;;;;178,1383;52,20117;488,2742;0,03413900;0,03413900;0,00061;3,86384;174,1684;17,085337;0,066171;26,555630;28,718007;0,0167;1,6663;7,40;739,76;0,00;0,13;13,02;;883,649;885,138;1,7820957;20,25200;0,55300;0,00900;0,0350249;;0,18;197,00;;;
;;198;16,24100;3,08700;0,025000;88,050;96,26;-73,2900;0,000;101,014;30,100;0,000;542,650;584,850;25,00;1130,683;263,190;0,000;844,200;872,500;855,900;320,650;;;;;0,00;0,00;0,00;3,00;1,99;15,889;24,270;0,58;0,56;999998,00;999998,00;999998,00;999998,00;999998,00;999998,00;999998,00;999998,00;999998,00;999998,00;999998,00;999998,00;999998,00;999998,00;999998,00;;;;;;;;;;;;;;;;;144,5277;35,43589;236,0813;0,04080200;0,04080200;0,00213;2,73181;174,3129;17,159885;0,038645;26,365405;28,415752;0,0096;0,9629;7,41;740,73;0,00;0,11;10,66;;880,001;885,138;1,4458551;20,37900;0,47300;0,01900;0,0282741;;0,15;198,00;;;
;;199;16,68000;2,66800;0,037000;88,175;97,86;-73,3401;0,000;101,016;30,100;0,000;536,450;576,250;25,00;1130,517;263,190;0,000;843,900;872,400;855,800;320,650;;;;;0,00;0,00;0,00;3,00;1,99;15,875;24,257;0,59;0,57;999998,00;999998,00;999998,00;999998,00;999998,00;999998,00;999998,00;999998,00;999998,00;999998,00;999998,00;999998,00;999998,00;999998,00;999998,00;;;;;;;;;;;;;;;;;121,1397;33,00993;149,7773;0,03671265;0,03671265;0,00154;2,52273;174,4341;17,271009;0,022245;26,232955;28,179217;0,0055;0,5497;7,42;741,28;0,00;0,09;8,92;;876,246;877,746;1,2118818;20,47400;0,39900;0,01500;0,0235344;;0,10;199,00;;;
;;200;17,12600;2,34600;0,038000;85,925;97,49;-73,3601;0,000;101,016;30,100;0,000;530,550;568,050;25,00;1129,483;263,190;0,000;841,000;872,300;855,700;320,650;;;;;0,00;0,00;0,00;3,00;1,99;15,881;24,262;0,59;0,57;999998,00;999998,00;999998,00;999998,00;999998,00;999998,00;999998,00;999998,00;999998,00;999998,00;999998,00;999998,00;999998,00;999998,00;999998,00;;;;;;;;;;;;;;;;;101,2749;0,00000;358,7474;0,01752726;0,01752726;0,00152;4,58620;174,5354;17,143765;0,025996;25,753295;27,573573;0,0063;0,6285;7,42;741,91;0,00;0,08;7,50;;872,421;877,746;1,0131541;20,54500;0,35500;0,01500;0,0198137;;0,08;200,00;;;
;;201;17,59100;1,95000;0,036000;83,925;98,71;-73,3801;0,000;101,010;30,100;0,000;524,950;560,350;25,00;1129,517;263,190;0,000;841,400;872,200;855,500;320,650;;;;;0,00;0,00;0,00;3,00;1,99;15,883;24,262;0,60;0,58;999998,00;999998,00;999998,00;999998,00;999998,00;999998,00;999998,00;999998,00;999998,00;999998,00;999998,00;999998,00;999998,00;999998,00;999998,00;;;;;;;;;;;;;;;;;87,3755;42,05971;154,2794;0,02078247;0,02078247;0,00031;3,30330;174,6227;17,033202;0,013526;25,317133;27,024394;0,0032;0,3205;7,43;742,23;0,00;0,07;6,44;;868,550;870,050;0,8741047;20,59900;0,31200;0,00700;0,0172001;;0,06;201,00;;;
;;202;17,95100;1,65100;0,020000;83,400;98,44;-73,4000;0,000;101,014;30,100;0,000;519,650;553,050;25,00;1129,017;263,190;0,000;840,100;872,100;855,400;320,650;;;;;0,00;0,00;0,00;3,00;1,99;15,814;24,267;0,60;0,58;999998,00;999998,00;999998,00;999998,00;999998,00;999998,00;999998,00;999998,00;999998,00;999998,00;999998,00;999998,00;999998,00;999998,00;999998,00;;;;;;;;;;;;;;;;;74,9452;0,00000;254,9320;0,01494344;0,01494344;0,00046;4,09584;174,6977;17,066213;0,016251;25,110095;26,724022;0,0038;0,3808;7,43;742,61;0,00;0,06;5,56;;864,652;870,050;0,7497514;20,64600;0,28300;0,00800;0,0147210;;0,04;202,00;;;
;;203;18,38100;1,30700;0,015000;83,575;98,67;-73,4100;0,000;101,014;30,100;0,000;514,550;546,150;25,00;1128,483;263,190;0,000;838,800;872,000;855,200;320,650;;;;;0,00;0,00;0,00;3,00;1,99;15,868;24,270;0,60;0,59;999998,00;999998,00;999998,00;999998,00;999998,00;999998,00;999998,00;999998,00;999998,00;999998,00;999998,00;999998,00;999998,00;999998,00;999998,00;;;;;;;;;;;;;;;;;67,7397;0,00000;0,0000;0,00835164;0,00835164;-0,00151;6,39686;174,7654;17,168565;0,013996;25,012773;26,548880;0,0033;0,3258;7,43;742,93;0,00;0,05;4,95;;860,744;862,242;0,6776683;20,68000;0,25200;-0,00500;0,0132232;;0,03;203,00;;;
;;204;18,79700;1,07300;0,000000;82,475;98,96;-73,4200;0,000;101,012;30,100;0,000;509,750;539,650;25,00;1128,117;263,190;0,000;837,900;871,900;855,100;320,650;;;;;0,00;0,00;0,00;3,00;1,99;15,875;24,257;0,61;0,59;999998,00;999998,00;999998,00;999998,00;999998,00;999998,00;999998,00;999998,00;999998,00;999998,00;999998,00;999998,00;999998,00;999998,00;999998,00;;;;;;;;;;;;;;;;;58,6729;0,00000;151,4834;0,01668294;0,01668294;-0,00120;2,86588;174,8241;17,135317;0,011004;24,731454;26,182107;0,0025;0,2526;7,43;743,19;0,00;0,05;4,31;;856,835;862,242;0,5869640;20,71300;0,23100;-0,00300;0,0114736;;0,02;204,00;;;
;;205;19,19800;0,83300;-0,004000;82,500;99,79;-73,4401;0,000;101,004;30,100;0,000;505,050;533,450;25,00;1127,717;263,190;0,000;836,800;871,900;855,000;320,650;;;;;0,00;0,00;0,00;3,00;1,99;15,860;24,283;0,61;0,60;999998,00;999998,00;999998,00;999998,00;999998,00;999998,00;999998,00;999998,00;999998,00;999998,00;999998,00;999998,00;999998,00;999998,00;999998,00;;;;;;;;;;;;;;;;;53,5645;0,00000;56,7411;0,01084391;0,01084391;-0,00090;3,84678;174,8777;17,217472;0,002697;24,620906;26,005389;0,0006;0,0615;7,44;743,25;0,00;0,04;3,92;;852,929;854,421;0,5358588;20,73500;0,20700;-0,00100;0,0104236;;0,00;205,00;;;
;;206;19,55100;0,68800;-0,002000;80,775;99,69;-73,4401;0,000;101,016;30,100;0,000;500,650;527,650;25,00;1127,450;263,190;0,000;836,100;871,900;854,900;320,650;;;;;0,00;0,00;0,00;3,00;2,00;15,847;24,267;0,61;0,60;999998,00;999998,00;999998,00;999998,00;999998,00;999998,00;999998,00;999998,00;999998,00;999998,00;999998,00;999998,00;999998,00;999998,00;999998,00;;;;;;;;;;;;;;;;;45,9191;0,00000;0,0000;-0,00166829;-0,00166829;-0,00180;-21,86618;174,9236;17,111220;0,003668;24,255792;25,563904;0,0008;0,0822;7,44;743,33;0,00;0,04;3,34;;849,030;854,421;0,4593751;20,76400;0,18800;-0,00700;0,0089894;;0,00;206,00;;;
;;207;19,84300;0,55300;0,001000;81,225;100,06;-73,4401;0,000;101,016;30,100;0,000;496,550;522,150;25,00;1127,250;263,190;0,000;835,700;871,900;854,700;320,650;;;;;0,00;0,00;0,00;3,00;2,00;15,864;24,251;0,61;0,61;999998,00;999998,00;999998,00;999998,00;999998,00;999998,00;999998,00;999998,00;999998,00;999998,00;999998,00;999998,00;999998,00;999998,00;999998,00;;;;;;;;;;;;;;;;;38,0784;0,00000;0,0000;-0,00083415;-0,00083415;0,00275;-38,02652;174,9617;17,229512;-0,000072;24,223463;25,472321;0,0000;-0,0016;7,44;743,33;0,00;0,03;2,91;;845,131;846,609;0,3809361;20,78800;0,16900;0,02300;0,0074045;;0,00;207,00;;;
;;208;20,07600;0,47300;0,009000;82,500;100,29;-73,4401;0,000;101,016;30,100;0,000;492,550;516,850;25,00;1126,983;263,190;0,000;834,900;871,900;854,700;320,650;;;;;0,00;0,00;0,00;3,00;2,00;15,860;24,278;0,61;0,61;999998,00;999998,00;999998,00;999998,00;999998,00;999998,00;999998,00;999998,00;999998,00;999998,00;999998,00;999998,00;999998,00;999998,00;999998,00;;;;;;;;;;;;;;;;;33,3193;0,00000;0,0000;0,00583903;0,00583903;0,00155;4,90275;174,9950;17,434577;-0,002297;24,314313;25,513862;-0,0005;-0,0514;7,44;743,33;0,00;0,03;2,54;;841,239;846,609;0,3333267;20,80900;0,15600;0,01500;0,0064018;;0,00;208,00;;;
;;209;20,25200;0,39900;0,019000;81,275;100,43;-73,4501;0,000;101,014;30,100;0,000;488,550;511,750;25,00;1126,850;263,190;0,000;834,600;871,900;854,600;320,650;;;;;0,00;0,00;0,00;3,00;2,00;15,854;24,270;0,61;0,61;999998,00;999998,00;999998,00;999998,00;999998,00;999998,00;999998,00;999998,00;999998,00;999998,00;999998,00;999998,00;999998,00;999998,00;999998,00;;;;;;;;;;;;;;;;;28,9169;0,00000;0,0000;0,00583903;0,00583903;0,00216;4,20277;175,0239;17,375351;-0,003767;24,034931;25,176289;-0,0008;-0,0832;7,44;743,33;0,00;0,02;2,22;;837,363;838,828;0,2892848;20,82500;0,14100;0,01900;0,0055749;;-0,01;209,00;;;
;;210;20,37900;0,35500;0,015000;82,725;100,46;-73,4501;0,000;101,018;30,000;0,000;484,750;506,750;25,00;1126,683;263,190;0,000;834,100;872,000;854,500;320,650;;;;;0,00;0,00;0,00;3,00;2,00;15,877;24,297;0,62;0,61;999998,00;999998,00;999998,00;999998,00;999998,00;999998,00;999998,00;999998,00;999998,00;999998,00;999998,00;999998,00;999998,00;999998,00;999998,00;;;;;;;;;;;;;;;;;25,7117;0,00000;0,0000;-0,00166829;-0,00166829;0,00172;-13,28349;175,0496;17,598233;-0,003987;24,153895;25,250100;-0,0009;-0,0883;7,44;743,33;0,00;0,02;1,98;;833,506;838,828;0,2572203;20,83900;0,13100;0,01600;0,0048938;;-0,01;210,00;;;
;;211;20,47400;0,31200;0,015000;83,675;100,47;-73,4501;0,000;101,016;30,000;0,000;481,050;501,950;25,00;1126,750;263,190;0,000;834,300;872,100;854,400;320,650;;;;;0,00;0,00;0,00;3,00;2,00;15,881;24,278;0,62;0,61;999998,00;999998,00;999998,00;999998,00;999998,00;999998,00;999998,00;999998,00;999998,00;999998,00;999998,00;999998,00;999998,00;999998,00;999998,00;;;;;;;;;;;;;;;;;21,8761;0,00000;0,0000;0,00500488;0,00500488;0,00236;3,92683;175,0715;17,766929;-0,004138;24,199302;25,250681;-0,0009;-0,0916;7,44;743,33;0,00;0,02;1,72;;829,668;831,118;0,2188485;20,85300;0,12100;0,02000;0,0041244;;-0,01;211,00;;;
;;212;20,54500;0,28300;0,007000;81,350;100,47;-73,4601;0,000;101,016;30,000;0,000;477,550;497,450;25,00;1126,850;263,190;0,000;834,600;872,200;854,300;320,650;;;;;0,00;0,00;0,00;3,00;2,00;15,839;24,265;0,62;0,61;999998,00;999998,00;999998,00;999998,00;999998,00;999998,00;999998,00;999998,00;999998,00;999998,00;999998,00;999998,00;999998,00;999998,00;999998,00;;;;;;;;;;;;;;;;;19,8606;0,00000;-71,8562;0,01251221;0,01251221;0,00079;1,42535;175,0913;17,582432;-0,004139;23,773770;24,764448;-0,0009;-0,0899;7,44;743,33;0,00;0,02;1,53;;825,853;831,118;0,1986859;20,86200;0,11500;0,01000;0,0037829;;-0,02;212,00;;;
;;213;20,59900;0,25200;0,008000;84,050;100,45;-73,4701;0,000;101,008;30,000;0,000;474,250;493,150;25,00;1126,817;263,190;0,000;834,400;872,300;854,300;320,650;;;;;0,00;0,00;0,00;3,00;2,00;15,852;24,281;0,62;0,61;999998,00;999998,00;999998,00;999998,00;999998,00;999998,00;999998,00;999998,00;999998,00;999998,00;999998,00;999998,00;999998,00;999998,00;999998,00;;;;;;;;;;;;;;;;;19,3354;0,00000;0,0000;-0,00083415;-0,00083415;-0,00062;-19,83278;175,1107;17,933902;-0,003942;24,081437;25,041140;-0,0009;-0,0866;7,44;743,33;0,00;0,02;1,44;;822,068;823,507;0,1934311;20,86800;0,10900;0,00100;0,0036099;;-0,03;213,00;;;
;;214;20,64600;0,23100;-0,005000;84,675;100,46;-73,4601;0,000;101,016;30,000;0,000;471,050;489,150;25,00;1126,817;263,190;0,000;834,400;872,400;854,200;320,650;;;;;0,00;0,00;0,00;3,00;2,00;15,852;24,281;0,62;0,61;999998,00;999998,00;999998,00;999998,00;999998,00;999998,00;999998,00;999998,00;999998,00;999998,00;999998,00;999998,00;999998,00;999998,00;999998,00;;;;;;;;;;;;;;;;;17,8089;0,00000;0,0000;-0,00583903;-0,00583903;-0,00142;-2,66399;175,1285;18,061495;-0,003986;24,089122;25,014742;-0,0009;-0,0874;7,44;743,33;0,00;0,02;1,31;;818,313;823,507;0,1781603;20,87500;0,10500;-0,00400;0,0033009;;-0,02;214,00;;;
;;215;20,68000;0,20700;-0,003000;83,800;100,48;-73,4601;0,000;101,010;30,000;0,000;468,050;485,350;25,00;1126,917;263,190;0,000;834,600;872,500;854,200;320,650;;;;;0,00;0,00;0,00;3,00;2,00;15,852;24,257;0,61;0,61;999998,00;999998,00;999998,00;999998,00;999998,00;999998,00;999998,00;999998,00;999998,00;999998,00;999998,00;999998,00;999998,00;999998,00;999998,00;;;;;;;;;;;;;;;;;16,3517;0,00000;0,0000;-0,00583903;-0,00583903;-0,00110;-2,42239;175,1448;18,025424;-0,004241;23,887901;24,770843;-0,0009;-0,0921;7,44;743,33;0,00;0,01;1,21;;814,587;816,013;0,1635827;20,88000;0,10000;-0,00200;0,0030369;;-0,02;215,00;;;
;;216;20,71300;0,18800;-0,001000;83,750;100,43;-73,4501;0,000;101,018;30,000;0,000;465,150;481,750;25,00;1126,950;263,190;0,000;834,700;872,600;854,100;320,650;;;;;0,00;0,00;0,00;3,00;2,00;15,875;24,281;0,61;0,61;999998,00;999998,00;999998,00;999998,00;999998,00;999998,00;999998,00;999998,00;999998,00;999998,00;999998,00;999998,00;999998,00;999998,00;999998,00;;;;;;;;;;;;;;;;;15,2306;0,00000;0,0000;0,00000000;0,00000000;-0,00111;Infinity;175,1601;18,076132;-0,003691;23,806678;24,656277;-0,0008;-0,0798;7,44;743,33;0,00;0,01;1,13;;810,889;816,013;0,1523672;20,88400;0,09800;-0,00200;0,0028207;;-0,01;216,00;;;
;;217;20,73500;0,16900;-0,007000;83,900;100,47;-73,4601;0,000;101,014;30,000;0,000;462,350;478,250;25,00;1126,917;263,190;0,000;834,500;872,700;854,100;320,650;;;;;0,00;0,00;0,00;3,00;2,01;15,866;24,278;0,61;0,61;999998,00;999998,00;999998,00;999998,00;999998,00;999998,00;999998,00;999998,00;999998,00;999998,00;999998,00;999998,00;999998,00;999998,00;999998,00;;;;;;;;;;;;;;;;;13,3083;0,00000;0,0000;0,00667318;0,00667318;0,00033;1,88410;175,1734;18,147013;-0,004122;23,756162;24,573125;-0,0009;-0,0888;7,44;743,33;0,00;0,01;1,04;;807,218;808,629;0,1331362;20,88900;0,09400;0,00700;0,0024557;;-0,02;217,00;;;
;;218;20,76400;0,15600;0,023000;86,025;100,46;-73,4601;0,000;101,016;30,000;0,000;459,750;474,950;25,00;1126,750;263,190;0,000;834,000;872,800;854,000;320,750;;;;;0,00;0,00;0,00;3,00;2,01;15,854;24,270;0,61;0,61;999998,00;999998,00;999998,00;999998,00;999998,00;999998,00;999998,00;999998,00;999998,00;999998,00;999998,00;999998,00;999998,00;999998,00;999998,00;;;;;;;;;;;;;;;;;12,1137;0,00000;0,0000;-0,00083415;-0,00083415;0,00082;-14,62921;175,1855;18,427273;-0,003992;23,987395;24,780452;-0,0009;-0,0867;7,44;743,33;0,00;0,01;0,97;;803,573;808,629;0,1211858;20,89300;0,09200;0,01000;0,0022015;;-0,02;218,00;;;
;;219;20,78800;0,14100;0,015000;85,725;100,42;-73,4601;0,000;101,016;30,000;0,000;457,250;471,750;25,00;1126,750;263,190;0,000;833,900;872,900;854,000;320,750;;;;;0,00;0,00;0,00;3,00;2,01;15,906;24,283;0,61;0,61;999998,00;999998,00;999998,00;999998,00;999998,00;999998,00;999998,00;999998,00;999998,00;999998,00;999998,00;999998,00;999998,00;999998,00;999998,00;;;;;;;;;;;;;;;;;10,6357;0,00000;0,0000;-0,00083415;-0,00083415;0,00245;-13,62805;175,1961;18,445333;-0,003629;23,880339;24,637616;-0,0008;-0,0784;7,44;743,33;0,00;0,01;0,91;;799,956;801,353;0,1063994;20,89600;0,08900;0,02000;0,0019319;;-0,02;219,00;;;
;;220;20,80900;0,13100;0,019000;85,075;100,43;-73,4601;0,000;101,016;30,000;0,000;454,750;468,750;25,00;1126,850;263,190;0,000;834,200;873,000;853,900;320,650;;;;;0,00;0,00;0,00;3,00;2,01;15,896;24,283;0,61;0,60;999998,00;999998,00;999998,00;999998,00;999998,00;999998,00;999998,00;999998,00;999998,00;999998,00;999998,00;999998,00;999998,00;999998,00;999998,00;;;;;;;;;;;;;;;;;10,3959;0,00000;0,0000;0,00583903;0,00583903;0,00115;1,79988;175,2065;18,425710;-0,003725;23,724508;24,454894;-0,0008;-0,0799;7,44;743,33;0,00;0,01;0,85;;796,367;801,353;0,1040002;20,89900;0,08600;0,01200;0,0018897;;-0,02;220,00;;;
;;221;20,82500;0,12100;0,016000;87,200;100,44;-73,4701;0,000;101,014;30,000;0,000;452,450;465,850;25,00;1126,883;263,190;0,000;834,200;873,100;853,900;320,750;;;;;0,00;0,00;0,00;3,00;2,01;15,883;24,267;0,60;0,60;999998,00;999998,00;999998,00;999998,00;999998,00;999998,00;999998,00;999998,00;999998,00;999998,00;999998,00;999998,00;999998,00;999998,00;999998,00;;;;;;;;;;;;;;;;;10,5869;0,00000;0,0000;0,00667318;0,00667318;-0,00032;1,55558;175,2171;18,701763;-0,003820;23,958158;24,667715;-0,0008;-0,0826;7,44;743,33;0,00;0,01;0,82;;792,811;794,197;0,1059117;20,90100;0,08500;0,00300;0,0018953;;-0,03;221,00;;;
;;222;20,83900;0,11500;0,020000;88,175;100,46;-73,4701;0,000;101,018;30,000;0,000;450,150;463,150;25,00;1126,850;263,190;0,000;834,000;873,200;853,900;320,750;;;;;0,00;0,00;0,00;3,00;2,01;15,896;24,273;0,60;0,60;999998,00;999998,00;999998,00;999998,00;999998,00;999998,00;999998,00;999998,00;999998,00;999998,00;999998,00;999998,00;999998,00;999998,00;999998,00;;;;;;;;;;;;;;;;;9,3830;0,00000;0,0000;-0,00667318;-0,00667318;0,00001;-1,43851;175,2265;18,854009;-0,004066;24,030412;24,724393;-0,0009;-0,0881;7,44;743,33;0,00;0,01;0,74;;789,285;794,197;0,0938680;20,90500;0,08200;0,00500;0,0016664;;-0,03;222,00;;;
;;223;20,85300;0,10900;0,010000;85,825;100,47;-73,4601;0,000;101,012;30,000;0,000;447,950;460,450;25,00;1126,850;263,190;0,000;833,900;873,400;853,800;320,750;;;;;0,00;0,00;0,00;3,00;2,01;15,927;24,291;0,60;0,60;999998,00;999998,00;999998,00;999998,00;999998,00;999998,00;999998,00;999998,00;999998,00;999998,00;999998,00;999998,00;999998,00;999998,00;999998,00;;;;;;;;;;;;;;;;;8,2169;0,00000;0,0000;-0,00583903;-0,00583903;-0,00032;-1,52816;175,2347;18,646689;-0,004127;23,650022;24,309974;-0,0009;-0,0880;7,44;743,33;0,00;0,01;0,65;;785,785;787,159;0,0822020;20,90900;0,08000;0,00300;0,0014753;;-0,02;223,00;;;
;;224;20,86200;0,10500;0,001000;85,925;100,43;-73,4601;0,000;101,012;30,000;0,000;445,750;457,850;25,00;1126,817;263,190;0,000;833,700;873,500;853,800;320,750;;;;;0,00;0,00;0,00;3,00;2,01;15,931;24,278;0,60;0,59;999998,00;999998,00;999998,00;999998,00;999998,00;999998,00;999998,00;999998,00;999998,00;999998,00;999998,00;999998,00;999998,00;999998,00;999998,00;;;;;;;;;;;;;;;;;8,4012;0,00000;0,0000;0,00166829;0,00166829;-0,00114;5,02166;175,2431;18,703535;-0,003768;23,605615;24,246395;-0,0008;-0,0801;7,44;743,33;0,00;0,01;0,63;;782,314;787,159;0,0840454;20,91000;0,07800;-0,00200;0,0015034;;-0,02;224,00;;;
;;225;20,86800;0,10000;-0,004000;86,900;100,39;-73,4601;0,000;101,016;30,000;0,000;443,850;455,450;25,00;1127,050;263,190;0,000;834,300;873,600;853,800;320,750;;;;;0,00;0,00;0,00;3,00;2,01;15,940;24,294;0,59;0,59;999998,00;999998,00;999998,00;999998,00;999998,00;999998,00;999998,00;999998,00;999998,00;999998,00;999998,00;999998,00;999998,00;999998,00;999998,00;;;;;;;;;;;;;;;;;8,6993;0,00000;0,0000;-0,00583903;-0,00583903;-0,00232;-1,39654;175,2518;18,849567;-0,003337;23,688517;24,307615;-0,0007;-0,0711;7,44;743,33;0,00;0,01;0,62;;778,875;780,237;0,0870280;20,91100;0,07700;-0,00900;0,0015441;;-0,02;225,00;;;
;;226;20,87500;0,09800;-0,002000;89,450;100,41;-73,4501;0,000;101,016;30,000;0,000;442,050;453,250;25,00;1127,283;263,190;0,000;834,900;873,700;853,800;320,750;;;;;0,00;0,00;0,00;3,00;2,01;15,923;24,299;0,59;0,59;999998,00;999998,00;999998,00;999998,00;999998,00;999998,00;999998,00;999998,00;999998,00;999998,00;999998,00;999998,00;999998,00;999998,00;999998,00;;;;;;;;;;;;;;;;;7,5696;0,00000;0,0000;-0,00667318;-0,00667318;-0,00083;-1,19834;175,2594;19,163026;-0,003500;23,984780;24,592471;-0,0008;-0,0755;7,44;743,33;0,00;0,01;0,58;;775,465;780,237;0,0757259;20,91300;0,07600;0,00000;0,0013222;;-0,01;226,00;;;
;;227;20,88000;0,09400;-0,002000;85,800;100,38;-73,4501;0,000;101,016;30,000;0,000;440,250;451,050;25,00;1127,383;263,196;0,000;835,000;873,900;853,800;320,750;;;;;0,00;0,00;0,00;3,00;2,01;15,912;24,294;0,59;0,59;999998,00;999998,00;999998,00;999998,00;999998,00;999998,00;999998,00;999998,00;999998,00;999998,00;999998,00;999998,00;999998,00;999998,00;999998,00;;;;;;;;;;;;;;;;;6,3201;0,00000;0,0000;0,00583903;0,00583903;0,00051;1,24544;175,2657;18,806309;-0,003220;23,442461;24,017540;-0,0007;-0,0678;7,44;743,33;0,00;0,01;0,53;;772,079;773,429;0,0632265;20,91500;0,07400;0,00800;0,0011256;;-0,01;227,00;;;
;;228;20,88400;0,09200;0,007000;87,100;100,39;-73,4601;0,000;101,010;30,000;0,000;438,550;448,850;25,00;1127,450;263,196;0,000;835,200;874,000;853,700;320,750;;;;;0,00;0,00;0,00;3,00;2,02;15,877;24,289;0,59;0,58;999998,00;999998,00;999998,00;999998,00;999998,00;999998,00;999998,00;999998,00;999998,00;999998,00;999998,00;999998,00;999998,00;999998,00;999998,00;;;;;;;;;;;;;;;;;4,6113;0,00000;-60,7357;0,01167806;0,01167806;0,00319;0,60375;175,2703;18,984935;-0,003351;23,573740;24,127405;-0,0007;-0,0709;7,44;743,33;0,00;0,01;0,50;;768,717;773,429;0,0461315;20,91700;0,07300;0,02400;0,0008151;;-0,02;228,00;;;
;;229;20,88900;0,08900;0,010000;90,800;100,36;-73,4701;0,000;101,010;30,000;0,000;436,850;446,850;25,00;1127,483;263,196;0,000;835,200;874,100;853,700;320,750;;;;;0,00;0,00;0,00;3,00;2,02;15,906;24,297;0,58;0,58;999998,00;999998,00;999998,00;999998,00;999998,00;999998,00;999998,00;999998,00;999998,00;999998,00;999998,00;999998,00;999998,00;999998,00;999998,00;;;;;;;;;;;;;;;;;4,8831;0,00000;0,0000;0,00500488;0,00500488;0,00241;1,32237;175,2752;19,421660;-0,003038;24,022542;24,572445;-0,0007;-0,0655;7,44;743,33;0,00;0,01;0,49;;765,381;766,723;0,0488503;20,91800;0,07100;0,01900;0,0008432;;-0,03;229,00;;;
;;230;20,89300;0,08600;0,020000;89,675;100,42;-73,4701;0,000;101,010;30,000;0,000;435,150;444,750;25,00;1127,583;263,196;0,000;835,400;874,200;853,700;320,750;;;;;0,00;0,00;0,00;3,00;2,02;15,933;24,281;0,58;0,58;999998,00;999998,00;999998,00;999998,00;999998,00;999998,00;999998,00;999998,00;999998,00;999998,00;999998,00;999998,00;999998,00;999998,00;999998,00;;;;;;;;;;;;;;;;;4,6787;0,00000;0,0000;0,00000000;0,00000000;0,00138;Infinity;175,2799;19,338634;-0,003658;23,826764;24,352415;-0,0008;-0,0781;7,44;743,33;0,00;0,01;0,44;;762,074;766,723;0,0468053;20,92000;0,07000;0,01300;0,0008109;;-0,03;230,00;;;
;;231;20,89600;0,08500;0,012000;90,250;100,43;-73,4701;0,000;101,012;30,000;0,000;433,550;442,850;25,00;1127,650;263,196;0,000;835,400;874,400;853,700;320,750;;;;;0,00;0,00;0,00;3,00;2,02;15,940;24,278;0,58;0,58;999998,00;999998,00;999998,00;999998,00;999998,00;999998,00;999998,00;999998,00;999998,00;999998,00;999998,00;999998,00;999998,00;999998,00;999998,00;;;;;;;;;;;;;;;;;3,8339;0,00000;0,0000;-0,00583903;-0,00583903;0,00258;-1,08336;175,2837;19,436301;-0,003713;23,859046;24,370842;-0,0008;-0,0793;7,44;743,33;0,00;0,01;0,42;;758,793;760,122;0,0383539;20,92100;0,07000;0,02000;0,0006619;;-0,03;231,00;;;
;;232;20,89900;0,08200;0,003000;90,600;100,41;-73,4601;0,000;101,014;30,000;0,000;432,050;441,050;25,00;1127,750;263,196;0,000;835,600;874,500;853,700;320,750;;;;;0,00;0,00;0,00;3,00;2,02;15,955;24,297;0,58;0,58;999998,00;999998,00;999998,00;999998,00;999998,00;999998,00;999998,00;999998,00;999998,00;999998,00;999998,00;999998,00;999998,00;999998,00;999998,00;;;;;;;;;;;;;;;;;4,3118;0,00000;0,0000;-0,00500488;-0,00500488;0,00087;-1,20890;175,2880;19,507728;-0,003477;23,863875;24,360982;-0,0007;-0,0743;7,44;743,33;0,00;0,01;0,40;;755,540;760,122;0,0431354;20,92200;0,06900;0,01000;0,0007407;;-0,02;232,00;;;
;;233;20,90100;0,08000;0,005000;90,325;100,36;-73,4601;0,000;101,010;30,000;0,000;430,550;439,150;25,00;1127,850;263,196;0,000;835,800;874,600;853,700;320,750;;;;;0,00;0,00;0,00;3,00;2,02;15,898;24,297;0,58;0,58;999998,00;999998,00;999998,00;999998,00;999998,00;999998,00;999998,00;999998,00;999998,00;999998,00;999998,00;999998,00;999998,00;999998,00;999998,00;;;;;;;;;;;;;;;;;5,3702;0,00000;0,0000;-0,00583903;-0,00583903;-0,00223;-0,98528;175,2934;19,512000;-0,003035;23,786232;24,261350;-0,0006;-0,0646;7,44;743,33;0,00;0,01;0,38;;752,318;753,637;0,0537240;20,92300;0,06800;-0,00800;0,0009206;;-0,02;233,00;;;
;;234;20,90500;0,07800;0,003000;90,075;100,37;-73,4501;0,000;101,012;30,000;0,000;429,050;437,450;25,00;1128,050;263,196;0,000;836,300;874,700;853,700;320,750;;;;;0,00;0,00;0,00;3,00;2,02;15,938;24,291;0,58;0,58;999998,00;999998,00;999998,00;999998,00;999998,00;999998,00;999998,00;999998,00;999998,00;999998,00;999998,00;999998,00;999998,00;999998,00;999998,00;;;;;;;;;;;;;;;;;6,0585;0,00000;0,0000;0,00000000;0,00000000;-0,00447;Infinity;175,2994;19,519010;-0,003117;23,711879;24,176113;-0,0007;-0,0661;7,44;743,33;0,00;0,01;0,36;;749,128;753,637;0,0606097;20,92400;0,06700;-0,02100;0,0010372;;-0,01;234,00;;;
;;235;20,90900;0,07700;-0,002000;88,850;100,29;-73,4601;0,000;101,012;30,000;0,000;427,650;435,750;25,00;1128,183;263,196;0,000;836,700;874,800;853,600;320,750;;;;;0,00;0,00;0,00;3,00;2,02;15,935;24,289;0,58;0,57;999998,00;999998,00;999998,00;999998,00;999998,00;999998,00;999998,00;999998,00;999998,00;999998,00;999998,00;999998,00;999998,00;999998,00;999998,00;;;;;;;;;;;;;;;;;4,6426;0,00000;0,0000;0,00667318;0,00667318;-0,00187;0,76888;175,3041;19,417534;-0,002350;23,511635;23,956963;-0,0005;-0,0494;7,44;743,33;0,00;0,01;0,33;;745,963;747,266;0,0464445;20,92500;0,06600;-0,00600;0,0007998;;-0,02;235,00;;;
;;236;20,91000;0,07600;-0,009000;91,000;100,30;-73,4601;0,000;101,016;30,000;0,000;426,350;434,150;25,00;1128,283;263,196;0,000;836,900;874,900;853,600;320,750;;;;;0,00;0,00;0,00;3,00;2,02;15,914;24,307;0,58;0,58;999998,00;999998,00;999998,00;999998,00;999998,00;999998,00;999998,00;999998,00;999998,00;999998,00;999998,00;999998,00;999998,00;999998,00;999998,00;;;;;;;;;;;;;;;;;3,5264;0,00000;0,0000;-0,00083415;-0,00083415;0,00019;-5,87337;175,3076;19,681000;-0,002456;23,758209;24,192862;-0,0005;-0,0521;7,44;743,33;0,00;0,00;0,32;;742,819;747,266;0,0352780;20,92600;0,06500;0,00600;0,0006002;;-0,02;236,00;;;
;;237;20,91100;0,07400;0,000000;91,225;100,30;-73,4601;0,000;101,016;30,000;0,000;425,050;432,650;25,00;1128,517;263,196;0,000;837,400;875,100;853,600;320,750;;;;;0,00;0,00;0,00;3,00;2,02;15,927;24,310;0,58;0,58;999998,00;999998,00;999998,00;999998,00;999998,00;999998,00;999998,00;999998,00;999998,00;999998,00;999998,00;999998,00;999998,00;999998,00;999998,00;;;;;;;;;;;;;;;;;2,9348;0,00000;0,0000;0,00000000;0,00000000;0,00175;Infinity;175,3106;19,735427;-0,002408;23,751268;24,175947;-0,0005;-0,0510;7,44;743,33;0,00;0,00;0,32;;739,699;740,992;0,0293602;20,92600;0,06400;0,01500;0,0004990;;-0,02;237,00;;;
;;238;20,91300;0,07300;0,008000;92,300;100,26;-73,4601;0,000;101,012;30,000;0,000;423,750;431,150;25,00;1128,350;263,196;0,000;836,800;875,200;853,600;320,750;;;;;0,00;0,00;0,00;3,00;2,02;15,961;24,291;0,58;0,58;999998,00;999998,00;999998,00;999998,00;999998,00;999998,00;999998,00;999998,00;999998,00;999998,00;999998,00;999998,00;999998,00;999998,00;999998,00;;;;;;;;;;;;;;;;;2,4464;0,00000;0,0000;0,00000000;0,00000000;0,00212;Infinity;175,3130;19,881795;-0,002049;23,854240;24,270809;-0,0004;-0,0436;7,44;743,33;0,00;0,00;0,30;;736,602;740,992;0,0244738;20,92700;0,06400;0,01700;0,0004133;;-0,02;238,00;;;
;;239;20,91500;0,07100;0,024000;92,500;100,32;-73,4601;0,000;101,018;29,900;0,000;422,550;429,650;25,00;1128,317;263,196;0,000;836,700;875,300;853,500;320,750;;;;;0,00;0,00;0,00;3,00;2,03;15,955;24,315;0,58;0,58;999998,00;999998,00;999998,00;999998,00;999998,00;999998,00;999998,00;999998,00;999998,00;999998,00;999998,00;999998,00;999998,00;999998,00;999998,00;;;;;;;;;;;;;;;;;2,0727;0,00000;0,0000;0,00000000;0,00000000;0,00318;Infinity;175,3151;19,931566;-0,002612;23,846233;24,246916;-0,0006;-0,0555;7,44;743,33;0,00;0,00;0,30;;733,529;734,812;0,0207350;20,92700;0,06300;0,02300;0,0003500;;-0,02;239,00;;;
;;240;20,91700;0,07000;0,019000;91,725;100,31;-73,4601;0,000;101,018;29,900;0,000;421,450;428,250;25,00;1128,317;263,196;0,000;836,600;875,400;853,500;320,750;;;;;0,00;0,00;0,00;3,00;2,03;15,961;24,299;0,58;0,58;999998,00;999998,00;999998,00;999998,00;999998,00;999998,00;999998,00;999998,00;999998,00;999998,00;999998,00;999998,00;999998,00;999998,00;999998,00;;;;;;;;;;;;;;;;;2,1057;0,00000;0,0000;0,00000000;0,00000000;0,00141;Infinity;175,3172;19,873778;-0,002534;23,715199;24,097838;-0,0005;-0,0535;7,44;743,33;0,00;0,00;0,25;;730,482;734,812;0,0210650;20,92900;0,06300;0,01300;0,0003557;;-0,02;240,00;;;
;;241;20,91800;0,07000;0,013000;92,750;100,34;-73,4601;0,000;101,020;29,900;0,000;420,350;426,950;25,00;1128,383;263,196;0,000;836,700;875,500;853,500;320,750;;;;;0,00;0,00;0,00;3,00;2,03;15,986;24,299;0,58;0,58;999998,00;999998,00;999998,00;999998,00;999998,00;999998,00;999998,00;999998,00;999998,00;999998,00;999998,00;999998,00;999998,00;999998,00;999998,00;;;;;;;;;;;;;;;;;1,6257;0,00000;0,0000;-0,00083415;-0,00083415;0,00107;-4,87026;175,3188;20,010643;-0,002853;23,816194;24,190137;-0,0006;-0,0605;7,44;743,33;0,00;0,00;0,21;;727,458;728,729;0,0162638;20,93100;0,06200;0,01100;0,0002729;;-0,02;241,00;;;
;;242;20,92000;0,06900;0,020000;94,375;100,39;-73,4601;0,000;101,014;29,900;0,000;419,350;425,750;25,00;1128,550;263,196;0,000;837,100;875,600;853,500;320,750;;;;;0,00;0,00;0,00;3,00;2,03;15,927;24,305;0,58;0,58;999998,00;999998,00;999998,00;999998,00;999998,00;999998,00;999998,00;999998,00;999998,00;999998,00;999998,00;999998,00;999998,00;999998,00;999998,00;;;;;;;;;;;;;;;;;2,6209;0,00000;0,0000;0,00583903;0,00583903;0,00001;0,59672;175,3214;20,209230;-0,003291;23,995327;24,361538;-0,0007;-0,0703;7,44;743,33;0,00;0,00;0,24;;724,461;728,729;0,0262199;20,93000;0,06000;0,00500;0,0004345;;-0,02;242,00;;;
;;243;20,92100;0,06800;0,010000;96,000;100,31;-73,4701;0,000;101,014;29,900;0,000;418,350;424,550;25,00;1128,683;263,196;0,000;837,400;875,700;853,500;320,750;;;;;0,00;0,00;0,00;3,00;2,03;15,931;24,297;0,58;0,58;999998,00;999998,00;999998,00;999998,00;999998,00;999998,00;999998,00;999998,00;999998,00;999998,00;999998,00;999998,00;999998,00;999998,00;999998,00;;;;;;;;;;;;;;;;;2,6094;0,00000;0,0000;0,00583903;0,00583903;-0,00179;0,65604;175,3240;20,406820;-0,002571;24,172155;24,530390;-0,0006;-0,0553;7,44;743,33;0,00;0,00;0,19;;721,491;722,749;0,0261045;20,93200;0,06100;-0,00500;0,0004276;;-0,03;243,00;;;
;;244;20,92200;0,06700;-0,008000;94,675;100,35;-73,4701;0,000;101,006;29,900;0,000;417,250;423,350;25,00;1128,583;263,196;0,000;837,000;875,800;853,500;320,750;;;;;0,00;0,00;0,00;3,00;2,03;15,994;24,294;0,58;0,58;999998,00;999998,00;999998,00;999998,00;999998,00;999998,00;999998,00;999998,00;999998,00;999998,00;999998,00;999998,00;999998,00;999998,00;999998,00;;;;;;;;;;;;;;;;;2,6141;0,00000;0,0000;-0,00083415;-0,00083415;-0,00250;-4,19418;175,3266;20,292197;-0,002972;23,973183;24,323659;-0,0006;-0,0634;7,44;743,33;0,00;0,00;0,17;;718,544;722,749;0,0261515;20,93300;0,06000;-0,00900;0,0004304;;-0,03;244,00;;;
;;245;20,92300;0,06600;-0,021000;93,575;100,38;-73,4701;0,000;101,010;29,900;0,000;416,150;422,050;25,00;1128,950;263,196;0,000;838,000;875,900;853,500;320,850;;;;;0,00;0,00;0,00;3,00;2,03;15,946;24,289;0,58;0,58;999998,00;999998,00;999998,00;999998,00;999998,00;999998,00;999998,00;999998,00;999998,00;999998,00;999998,00;999998,00;999998,00;999998,00;999998,00;;;;;;;;;;;;;;;;;4,1189;0,00000;0,0000;0,00000000;0,00000000;-0,00498;Infinity;175,3308;20,200614;-0,003179;23,802070;24,139526;-0,0007;-0,0673;7,44;743,33;0,00;0,00;0,19;;715,625;716,876;0,0412056;20,93200;0,05900;-0,02300;0,0006805;;-0,03;245,00;;;
;;246;20,92400;0,06500;-0,006000;92,100;100,30;-73,4701;0,000;101,010;29,900;0,000;415,150;420,950;25,00;1129,083;263,196;0,000;838,300;876,000;853,500;320,850;;;;;0,00;0,00;0,00;3,00;2,03;15,999;24,305;0,58;0,58;999998,00;999998,00;999998,00;999998,00;999998,00;999998,00;999998,00;999998,00;999998,00;999998,00;999998,00;999998,00;999998,00;999998,00;999998,00;;;;;;;;;;;;;;;;;1,7641;0,00000;0,0000;0,00083415;0,00083415;-0,00123;3,77907;175,3325;20,064895;-0,002384;23,585343;23,914851;-0,0005;-0,0500;7,44;743,33;0,00;0,00;0,15;;712,728;716,876;0,0176478;20,93400;0,05900;-0,00200;0,0002941;;-0,03;246,00;;;
;;247;20,92500;0,06400;0,006000;93,150;100,39;-73,4701;0,000;101,010;29,900;0,000;414,150;419,750;25,00;1129,183;263,196;0,000;838,500;876,100;853,500;320,850;;;;;0,00;0,00;0,00;3,00;2,03;15,948;24,315;0,58;0,58;999998,00;999998,00;999998,00;999998,00;999998,00;999998,00;999998,00;999998,00;999998,00;999998,00;999998,00;999998,00;999998,00;999998,00;999998,00;;;;;;;;;;;;;;;;;1,8328;0,00000;0,0000;-0,00667318;-0,00667318;-0,00034;-0,42931;175,3344;20,203295;-0,003372;23,690822;24,011162;-0,0007;-0,0710;7,44;743,33;0,00;0,00;0,17;;709,850;711,096;0,0183352;20,93300;0,05800;0,00300;0,0003039;;-0,03;247,00;;;
;;248;20,92600;0,06400;0,015000;92,975;100,32;-73,4601;0,000;101,008;29,900;0,000;413,250;418,650;25,00;1129,250;263,196;0,000;838,600;876,200;853,500;320,850;;;;;0,00;0,00;0,00;3,00;2,03;15,994;24,315;0,58;0,58;999998,00;999998,00;999998,00;999998,00;999998,00;999998,00;999998,00;999998,00;999998,00;999998,00;999998,00;999998,00;999998,00;999998,00;999998,00;;;;;;;;;;;;;;;;;0,8530;0,00000;0,0000;0,00000000;0,00000000;0,00108;Infinity;175,3352;20,206275;-0,002579;23,642827;23,951771;-0,0005;-0,0542;7,44;743,33;0,00;0,00;0,15;;706,993;711,096;0,0085333;20,93400;0,05800;0,01100;0,0001422;;-0,02;248,00;;;
;;249;20,92600;0,06300;0,017000;96,800;100,37;-73,4701;0,000;101,014;29,900;0,000;412,350;417,550;25,00;1129,183;263,196;0,000;838,400;876,200;853,500;320,850;;;;;0,00;0,00;0,00;3,00;2,03;15,984;24,307;0,58;0,58;999998,00;999998,00;999998,00;999998,00;999998,00;999998,00;999998,00;999998,00;999998,00;999998,00;999998,00;999998,00;999998,00;999998,00;999998,00;;;;;;;;;;;;;;;;;1,0867;0,00000;0,0000;0,00750732;0,00750732;0,00147;0,38986;175,3363;20,640218;-0,003110;24,097975;24,401865;-0,0007;-0,0666;7,44;743,33;0,00;0,00;0,17;;704,158;705,396;0,0108718;20,93300;0,05800;0,01300;0,0001773;;-0,03;249,00;;;
;;250;20,92700;0,06300;0,023000;94,825;100,33;-73,4701;0,000;101,010;29,900;0,000;411,550;416,650;25,00;1128,983;263,196;0,000;837,800;876,300;853,400;320,850;;;;;0,00;0,00;0,00;3,00;2,04;15,994;24,302;0,58;0,58;999998,00;999998,00;999998,00;999998,00;999998,00;999998,00;999998,00;999998,00;999998,00;999998,00;999998,00;999998,00;999998,00;999998,00;999998,00;;;;;;;;;;;;;;;;;0,3383;0,00000;0,0000;-0,00667318;-0,00667318;0,00146;-0,43451;175,3366;20,448418;-0,002740;23,827726;24,123003;-0,0006;-0,0580;7,44;743,33;0,00;0,00;0,13;;701,344;705,396;0,0033848;20,93500;0,05800;0,01300;0,0000565;;-0,03;250,00;;;
;;251;20,92700;0,06200;0,013000;96,400;100,31;-73,4601;0,000;101,010;29,900;0,000;410,750;415,650;25,00;1129,050;263,196;0,000;837,900;876,400;853,400;320,850;;;;;0,00;0,00;0,00;3,00;2,04;15,994;24,310;0,58;0,58;999998,00;999998,00;999998,00;999998,00;999998,00;999998,00;999998,00;999998,00;999998,00;999998,00;999998,00;999998,00;999998,00;999998,00;999998,00;;;;;;;;;;;;;;;;;1,2052;0,00000;0,0000;-0,00583903;-0,00583903;-0,00035;-0,44710;175,3378;20,637606;-0,002485;24,001433;24,287755;-0,0005;-0,0529;7,44;743,33;0,00;0,00;0,13;;698,553;699,784;0,0120571;20,93500;0,05700;0,00300;0,0001957;;-0,02;251,00;;;
;;252;20,92900;0,06000;0,011000;96,750;100,29;-73,4601;0,000;101,012;29,900;0,000;409,950;414,750;25,00;1129,183;263,196;0,000;838,200;876,500;853,400;320,850;;;;;0,00;0,00;0,00;3,00;2,04;15,933;24,307;0,58;0,58;999998,00;999998,00;999998,00;999998,00;999998,00;999998,00;999998,00;999998,00;999998,00;999998,00;999998,00;999998,00;999998,00;999998,00;999998,00;;;;;;;;;;;;;;;;;0,5987;0,00000;0,0000;0,00166829;0,00166829;0,00019;1,56919;175,3384;20,695201;-0,002364;24,021538;24,302800;-0,0005;-0,0504;7,44;743,33;0,00;0,00;0,11;;695,784;699,784;0,0059892;20,93600;0,05700;0,00600;0,0000973;;-0,02;252,00;;;
;;253;20,93100;0,06100;0,005000;97,525;100,28;-73,4601;0,000;101,010;29,900;0,000;409,150;413,850;25,00;1129,150;263,196;0,000;838,000;876,600;853,400;320,950;;;;;0,00;0,00;0,00;3,00;2,04;16,011;24,302;0,58;0,57;999998,00;999998,00;999998,00;999998,00;999998,00;999998,00;999998,00;999998,00;999998,00;999998,00;999998,00;999998,00;999998,00;999998,00;999998,00;;;;;;;;;;;;;;;;;0,9766;0,00000;0,0000;-0,00583903;-0,00583903;0,00038;-0,39607;175,3394;20,798226;-0,002186;24,094012;24,370785;-0,0005;-0,0467;7,44;743,33;0,00;0,00;0,13;;693,037;694,261;0,0097695;20,93500;0,05600;0,00700;0,0001578;;-0,02;253,00;;;
;;254;20,93000;0,06000;-0,005000;93,750;100,34;-73,4501;0,000;101,014;29,800;0,000;408,450;412,950;25,00;1128,850;263,196;0,000;837,100;876,600;853,400;320,950;;;;;0,00;0,00;0,00;3,00;2,04;15,973;24,307;0,58;0,57;999998,00;999998,00;999998,00;999998,00;999998,00;999998,00;999998,00;999998,00;999998,00;999998,00;999998,00;999998,00;999998,00;999998,00;999998,00;;;;;;;;;;;;;;;;;2,6271;0,00000;0,0000;-0,00667318;-0,00667318;-0,00179;-0,34007;175,3420;20,409191;-0,002808;23,602878;23,862917;-0,0006;-0,0588;7,44;743,33;0,00;0,00;0,17;;690,316;694,261;0,0262814;20,93300;0,05600;-0,00500;0,0004304;;-0,01;254,00;;;
;;255;20,93200;0,05900;-0,009000;95,900;100,40;-73,4501;0,000;101,010;29,900;0,000;407,750;412,150;25,00;1129,083;263,196;0,000;837,700;876,700;853,400;320,950;;;;;0,00;0,00;0,00;3,00;2,04;15,992;24,305;0,57;0,57;999998,00;999998,00;999998,00;999998,00;999998,00;999998,00;999998,00;999998,00;999998,00;999998,00;999998,00;999998,00;999998,00;999998,00;999998,00;;;;;;;;;;;;;;;;;1,4221;0,00000;0,0000;0,00667318;0,00667318;0,00001;0,39162;175,3435;20,659600;-0,003397;23,851525;24,108905;-0,0007;-0,0718;7,44;743,33;0,00;0,00;0,15;;687,617;688,825;0,0142270;20,93400;0,05700;0,00500;0,0002308;;-0,01;255,00;;;
;;256;20,93300;0,05900;-0,023000;95,150;100,31;-73,4601;0,000;101,014;29,900;0,000;407,150;411,450;25,00;1129,283;263,196;0,000;838,200;876,800;853,400;320,950;;;;;0,00;0,00;0,00;3,00;2,04;15,996;24,323;0,57;0,57;999998,00;999998,00;999998,00;999998,00;999998,00;999998,00;999998,00;999998,00;999998,00;999998,00;999998,00;999998,00;999998,00;999998,00;999998,00;;;;;;;;;;;;;;;;;1,5359;0,00000;0,0000;0,00583903;0,00583903;-0,00181;0,39217;175,3450;20,593813;-0,002530;23,740589;23,991318;-0,0005;-0,0532;7,44;743,33;0,00;0,00;0,10;;684,936;688,825;0,0153654;20,93600;0,05600;-0,00500;0,0002492;;-0,02;256,00;;;
;;257;20,93200;0,05800;-0,002000;97,400;100,37;-73,4601;0,000;101,014;29,900;0,000;406,450;410,650;25,00;1129,417;263,196;0,000;838,500;876,900;853,400;320,950;;;;;0,00;0,00;0,00;3,00;2,04;15,992;24,305;0,57;0,57;999998,00;999998,00;999998,00;999998,00;999998,00;999998,00;999998,00;999998,00;999998,00;999998,00;999998,00;999998,00;999998,00;999998,00;999998,00;;;;;;;;;;;;;;;;;0,1469;0,00000;0,0000;-0,00083415;-0,00083415;0,00056;-2,77984;175,3452;20,853815;-0,003105;23,998987;24,246978;-0,0007;-0,0660;7,44;743,33;0,00;0,00;0,08;;682,275;683,471;0,0014694;20,93700;0,05600;0,00800;0,0000243;;-0,02;257,00;;;
;;258;20,93400;0,05800;0,003000;94,750;100,28;-73,4601;0,000;101,016;29,900;0,000;405,750;409,850;25,00;1129,450;263,196;0,000;838,400;877,000;853,500;320,950;;;;;0,00;0,00;0,00;3,00;2,04;15,994;24,318;0,57;0,56;999998,00;999998,00;999998,00;999998,00;999998,00;999998,00;999998,00;999998,00;999998,00;999998,00;999998,00;999998,00;999998,00;999998,00;999998,00;;;;;;;;;;;;;;;;;0,9282;0,00000;0,0000;0,00000000;0,00000000;-0,00108;Infinity;175,3461;20,585904;-0,002252;23,649869;23,888844;-0,0005;-0,0472;7,44;743,33;0,00;0,00;0,08;;679,632;683,471;0,0092857;20,93700;0,05500;-0,00100;0,0001508;;-0,02;258,00;;;
;;259;20,93300;0,05800;0,011000;97,150;100,37;-73,4601;0,000;101,018;29,800;0,000;405,150;409,050;25,00;1129,550;263,203;0,000;838,600;877,100;853,500;320,950;;;;;0,00;0,00;0,00;3,00;2,04;15,975;24,337;0,57;0,56;999998,00;999998,00;999998,00;999998,00;999998,00;999998,00;999998,00;999998,00;999998,00;999998,00;999998,00;999998,00;999998,00;999998,00;999998,00;;;;;;;;;;;;;;;;;0,0000;0,00000;0,0000;0,00000000;0,00000000;0,00204;Infinity;175,3461;20,860422;-0,003142;23,929807;24,160157;-0,0007;-0,0666;7,44;743,33;0,00;0,00;0,06;;677,010;678,194;0,0000000;20,93800;0,05500;0,01600;-0,0001248;;-0,02;259,00;;;
;;260;20,93400;0,05800;0,013000;94,800;100,31;-73,4601;0,000;101,010;29,800;0,000;404,550;408,450;25,00;1129,550;263,196;0,000;838,600;877,100;853,500;320,950;;;;;0,00;0,00;0,00;3,00;2,04;15,896;24,315;0,57;0,56;999998,00;999998,00;999998,00;999998,00;999998,00;999998,00;999998,00;999998,00;999998,00;999998,00;999998,00;999998,00;999998,00;999998,00;999998,00;;;;;;;;;;;;;;;;;0,0000;0,00000;0,0000;0,00000000;0,00000000;0,00256;Infinity;175,3461;20,621852;-0,002496;23,621101;23,848817;-0,0005;-0,0522;7,44;743,33;0,00;0,00;0,06;;674,406;678,194;0,0000000;20,93800;0,05500;0,01900;-0,0001628;;-0,02;260,00;;;
;;261;20,93300;0,05700;0,013000;96,825;100,38;-73,4601;0,000;101,018;29,800;0,000;403,950;407,750;25,00;1129,483;263,196;0,000;838,300;877,200;853,500;320,950;;;;;0,00;0,00;0,00;3,00;2,05;15,973;24,315;0,57;0,56;999998,00;999998,00;999998,00;999998,00;999998,00;999998,00;999998,00;999998,00;999998,00;999998,00;999998,00;999998,00;999998,00;999998,00;999998,00;;;;;;;;;;;;;;;;;0,0000;0,00000;0,0000;0,00000000;0,00000000;0,00148;Infinity;175,3461;20,856410;-0,003211;23,854342;24,078742;-0,0007;-0,0678;7,44;743,33;0,00;0,00;0,08;;671,822;672,997;0,0000000;20,93700;0,05500;0,01300;-0,0000264;;-0,02;261,00;;;
;;262;20,93500;0,05700;0,003000;98,925;100,28;-73,4601;0,000;101,004;29,800;0,000;403,350;407,050;25,00;1129,383;263,203;0,000;838,000;877,200;853,500;320,950;;;;;0,00;0,00;0,00;3,00;2,05;15,971;24,310;0,57;0,57;999998,00;999998,00;999998,00;999998,00;999998,00;999998,00;999998,00;999998,00;999998,00;999998,00;999998,00;999998,00;999998,00;999998,00;999998,00;;;;;;;;;;;;;;;;;0,1273;0,00000;0,0000;-0,00083415;-0,00083415;0,00169;-2,42521;175,3462;21,097043;-0,002203;24,093724;24,314739;-0,0005;-0,0470;7,44;743,33;0,00;0,00;0,11;;669,258;672,997;0,0012731;20,93600;0,05500;0,01400;0,0000214;;-0,02;262,00;;;
;;263;20,93500;0,05600;0,006000;98,450;100,35;-73,4601;0,000;101,008;29,800;0,000;402,750;406,350;25,00;1129,317;263,203;0,000;837,700;877,300;853,500;320,950;;;;;0,00;0,00;0,00;3,00;2,05;15,978;24,318;0,58;0,57;999998,00;999998,00;999998,00;999998,00;999998,00;999998,00;999998,00;999998,00;999998,00;999998,00;999998,00;999998,00;999998,00;999998,00;999998,00;;;;;;;;;;;;;;;;;0,6289;0,00000;0,0000;0,00583903;0,00583903;-0,00036;0,34588;175,3468;21,062003;-0,002964;24,017926;24,232611;-0,0006;-0,0630;7,44;743,33;0,00;0,00;0,08;;666,715;667,881;0,0062920;20,93700;0,05500;0,00300;0,0001002;;-0,02;263,00;;;
;;264;20,93600;0,05600;0,007000;99,575;100,28;-73,4701;0,000;101,012;29,800;0,000;402,150;405,650;25,00;1129,083;263,203;0,000;836,900;877,500;853,400;320,950;;;;;0,00;0,00;0,00;3,00;2,05;15,965;24,326;0,58;0,58;999998,00;999998,00;999998,00;999998,00;999998,00;999998,00;999998,00;999998,00;999998,00;999998,00;999998,00;999998,00;999998,00;999998,00;999998,00;;;;;;;;;;;;;;;;;0,0000;0,00000;0,0000;0,00583903;0,00583903;0,00057;0,29256;175,3468;21,197797;-0,002200;24,136765;24,346833;-0,0005;-0,0470;7,44;743,33;0,00;0,00;0,06;;664,191;667,881;0,0000000;20,93800;0,05400;0,00800;-0,0000108;;-0,03;264,00;;;
;;265;20,93500;0,05700;-0,005000;96,175;100,30;-73,4701;0,000;101,012;29,800;0,000;401,550;404,950;25,10;1129,283;263,203;0,000;837,500;877,500;853,400;320,950;;;;;0,00;0,00;0,00;3,00;2,05;16,013;24,326;0,59;0,58;999998,00;999998,00;999998,00;999998,00;999998,00;999998,00;999998,00;999998,00;999998,00;999998,00;999998,00;999998,00;999998,00;999998,00;999998,00;;;;;;;;;;;;;;;;;1,7540;0,00000;0,0000;-0,00083415;-0,00083415;-0,00385;-2,39660;175,3486;20,848312;-0,002455;23,703408;23,904109;-0,0005;-0,0515;7,44;743,33;0,00;0,00;0,06;;661,688;662,850;0,0175469;20,93800;0,05500;-0,01600;0,0002802;;-0,03;265,00;;;
;;266;20,93300;0,05600;0,005000;96,350;100,23;-73,4701;0,000;101,010;29,800;0,000;400,950;404,250;25,00;1129,583;263,203;0,000;838,300;877,600;853,400;320,950;;;;;0,00;0,00;0,00;3,00;2,05;15,992;24,321;0,59;0,59;999998,00;999998,00;999998,00;999998,00;999998,00;999998,00;999998,00;999998,00;999998,00;999998,00;999998,00;999998,00;999998,00;999998,00;999998,00;;;;;;;;;;;;;;;;;0,9621;0,00000;0,0000;0,00083415;0,00083415;-0,00201;2,40056;175,3496;20,882878;-0,001731;23,707232;23,902353;-0,0004;-0,0363;7,44;743,33;0,00;0,00;0,06;;659,205;662,850;0,0096252;20,93800;0,05500;-0,00600;0,0001537;;-0,03;266,00;;;
;;267;20,93400;0,05600;-0,005000;100,100;100,25;-73,4701;0,000;101,010;29,800;0,000;400,350;403,650;25,00;1129,717;263,196;0,000;838,700;877,600;853,400;320,950;;;;;0,00;0,00;0,00;3,00;2,05;15,992;24,310;0,60;0,59;999998,00;999998,00;999998,00;999998,00;999998,00;999998,00;999998,00;999998,00;999998,00;999998,00;999998,00;999998,00;999998,00;999998,00;999998,00;;;;;;;;;;;;;;;;;1,3261;0,00000;0,0000;-0,00583903;-0,00583903;-0,00356;-0,29399;175,3509;21,301330;-0,001890;24,146090;24,345121;-0,0004;-0,0403;7,44;743,33;0,00;0,00;0,04;;656,740;657,896;0,0132664;20,93900;0,05400;-0,01400;0,0002072;;-0,03;267,00;;;
;;268;20,93600;0,05500;0,008000;99,150;100,25;-73,4601;0,000;101,010;29,700;0,000;399,850;403,050;25,00;1129,783;263,203;0,000;838,800;877,700;853,400;320,950;;;;;0,00;0,00;0,00;3,00;2,05;16,015;24,342;0,60;0,60;999998,00;999998,00;999998,00;999998,00;999998,00;999998,00;999998,00;999998,00;999998,00;999998,00;999998,00;999998,00;999998,00;999998,00;999998,00;;;;;;;;;;;;;;;;;0,1692;0,00000;0,0000;-0,00667318;-0,00667318;0,00001;-0,25618;175,3511;21,213259;-0,001906;24,016226;24,208428;-0,0004;-0,0404;7,44;743,33;0,00;0,00;0,06;;654,293;657,896;0,0016931;20,93800;0,05400;0,00500;0,0000271;;-0,02;268,00;;;
;;269;20,93700;0,05500;-0,001000;96,850;100,25;-73,4601;0,000;101,012;29,700;0,000;399,350;402,450;25,00;1129,850;263,203;0,000;838,900;877,800;853,400;320,950;;;;;0,00;0,00;0,00;3,00;2,05;15,986;24,345;0,60;0,60;999998,00;999998,00;999998,00;999998,00;999998,00;999998,00;999998,00;999998,00;999998,00;999998,00;999998,00;999998,00;999998,00;999998,00;999998,00;;;;;;;;;;;;;;;;;0,0000;0,00000;0,0000;0,00750732;0,00750732;0,00057;0,22519;175,3511;20,978893;-0,001882;23,721193;23,905332;-0,0004;-0,0394;7,44;743,33;0,00;0,00;0,04;;651,861;653,009;0,0000000;20,93900;0,05400;0,00800;-0,0000713;;-0,02;269,00;;;
;;270;20,93700;0,05500;0,016000;99,125;100,26;-73,4701;0,000;101,012;29,700;0,000;398,850;401,950;25,10;1129,917;263,203;0,000;839,000;877,900;853,400;320,950;;;;;0,00;0,00;0,00;3,00;2,05;15,996;24,345;0,61;0,60;999998,00;999998,00;999998,00;999998,00;999998,00;999998,00;999998,00;999998,00;999998,00;999998,00;999998,00;999998,00;999998,00;999998,00;999998,00;;;;;;;;;;;;;;;;;0,0000;0,00000;0,0000;0,00083415;0,00083415;0,00076;2,05170;175,3511;21,237158;-0,002001;23,983152;24,169558;-0,0004;-0,0424;7,44;743,33;0,00;0,00;0,01;;649,446;653,009;0,0000000;20,94000;0,05400;0,00900;-0,0001443;;-0,03;270,00;;;
;;271;20,93800;0,05500;0,019000;101,525;100,26;-73,4601;0,000;101,018;29,700;0,000;398,350;401,350;25,00;1130,017;263,203;0,000;839,300;877,900;853,400;320,950;;;;;0,00;0,00;0,00;3,00;2,05;16,036;24,321;0,61;0,61;999998,00;999998,00;999998,00;999998,00;999998,00;999998,00;999998,00;999998,00;999998,00;999998,00;999998,00;999998,00;999998,00;999998,00;999998,00;;;;;;;;;;;;;;;;;0,0000;0,00000;0,0000;-0,01251221;-0,01251221;0,00058;-0,13851;175,3511;21,506201;-0,002030;24,256536;24,439214;-0,0004;-0,0435;7,44;743,33;0,00;0,00;0,01;;647,050;648,190;0,0000000;20,94000;0,05400;0,00800;-0,0001317;;-0,02;271,00;;;
;;272;20,93800;0,05500;0,013000;97,350;100,24;-73,4501;0,000;101,018;29,700;0,000;397,850;400,750;25,00;1129,983;263,203;0,000;839,300;877,900;853,300;320,950;;;;;0,00;0,00;0,00;3,00;2,06;16,017;24,345;0,61;0,61;999998,00;999998,00;999998,00;999998,00;999998,00;999998,00;999998,00;999998,00;999998,00;999998,00;999998,00;999998,00;999998,00;999998,00;999998,00;;;;;;;;;;;;;;;;;0,1081;0,00000;0,0000;-0,00583903;-0,00583903;-0,00055;-0,23561;175,3512;21,072589;-0,001823;23,737639;23,910667;-0,0004;-0,0382;7,44;743,33;0,00;0,00;0,04;;644,671;648,190;0,0010816;20,93900;0,05300;0,00200;0,0000173;;-0,01;272,00;;;
;;273;20,93700;0,05500;0,014000;99,975;100,26;-73,4501;0,000;101,010;29,700;0,000;397,350;400,250;25,10;1129,983;263,203;0,000;839,200;878,000;853,300;320,950;;;;;0,00;0,00;0,00;3,00;2,06;15,984;24,329;0,61;0,61;999998,00;999998,00;999998,00;999998,00;999998,00;999998,00;999998,00;999998,00;999998,00;999998,00;999998,00;999998,00;999998,00;999998,00;999998,00;;;;;;;;;;;;;;;;;0,3542;0,00000;0,0000;0,00583903;0,00583903;-0,00131;0,29491;175,3515;21,368237;-0,002054;24,040427;24,215882;-0,0004;-0,0436;7,44;743,33;0,00;0,00;0,04;;642,311;643,443;0,0035439;20,93900;0,05400;-0,00200;0,0000553;;-0,01;273,00;;;
;;274;20,93600;0,05400;0,003000;99,300;100,26;-73,4601;0,000;101,012;29,700;0,000;396,850;399,750;25,00;1130,017;263,203;0,000;839,300;878,000;853,300;320,950;;;;;0,00;0,00;0,00;3,00;2,06;16,024;24,329;0,61;0,61;999998,00;999998,00;999998,00;999998,00;999998,00;999998,00;999998,00;999998,00;999998,00;999998,00;999998,00;999998,00;999998,00;999998,00;999998,00;;;;;;;;;;;;;;;;;0,9211;0,00000;-34,3757;0,01251221;0,01251221;-0,00262;0,13724;175,3524;21,309390;-0,002033;23,944054;24,119026;-0,0004;-0,0430;7,44;743,33;0,00;0,00;0,04;;639,969;643,443;0,0092146;20,93900;0,05400;-0,00900;0,0001439;;-0,02;274,00;;;
;;275;20,93700;0,05500;0,008000;96,175;100,34;-73,4701;0,000;101,012;29,700;0,000;396,450;399,250;25,10;1130,117;263,203;0,000;839,600;878,100;853,200;320,950;;;;;0,00;0,00;0,00;3,00;2,06;16,022;24,353;0,62;0,61;999998,00;999998,00;999998,00;999998,00;999998,00;999998,00;999998,00;999998,00;999998,00;999998,00;999998,00;999998,00;999998,00;999998,00;999998,00;;;;;;;;;;;;;;;;;0,3478;0,00000;0,0000;0,00000000;0,00000000;-0,00128;Infinity;175,3528;20,981981;-0,002791;23,552401;23,718744;-0,0006;-0,0581;7,44;743,33;0,00;0,00;0,04;;637,644;638,766;0,0034798;20,93900;0,05400;-0,00200;0,0000553;;-0,03;275,00;;;
;;276;20,93800;0,05500;-0,016000;100,300;100,28;-73,4601;0,000;101,010;29,700;0,000;396,050;398,850;25,10;1130,083;263,203;0,000;839,500;878,100;853,200;320,950;;;;;0,00;0,00;0,00;3,00;2,06;16,030;24,334;0,62;0,61;999998,00;999998,00;999998,00;999998,00;999998,00;999998,00;999998,00;999998,00;999998,00;999998,00;999998,00;999998,00;999998,00;999998,00;999998,00;;;;;;;;;;;;;;;;;0,0000;0,00000;0,0000;-0,01251221;-0,01251221;0,00020;-0,11186;175,3528;21,438038;-0,002268;24,040048;24,210007;-0,0005;-0,0482;7,44;743,33;0,00;0,00;0,04;;635,334;638,766;0,0000000;20,93900;0,05300;0,00600;-0,0000333;;-0,02;276,00;;;
;;277;20,93800;0,05400;-0,006000;98,800;100,36;-73,4501;0,000;101,010;29,700;0,000;395,650;398,350;25,10;1130,017;263,203;0,000;839,300;878,100;853,200;320,950;;;;;0,00;0,00;0,00;3,00;2,06;15,996;24,331;0,61;0,61;999998,00;999998,00;999998,00;999998,00;999998,00;999998,00;999998,00;999998,00;999998,00;999998,00;999998,00;999998,00;999998,00;999998,00;999998,00;;;;;;;;;;;;;;;;;1,4057;0,00000;0,0000;-0,00583903;-0,00583903;-0,00356;-0,23801;175,3542;21,287883;-0,003034;23,847558;24,010299;-0,0006;-0,0639;7,44;743,33;0,00;0,00;0,04;;633,043;634,160;0,0140630;20,93900;0,05300;-0,01400;0,0002198;;-0,01;277,00;;;
;;278;20,93800;0,05400;-0,014000;100,000;100,33;-73,4501;0,000;101,012;29,700;0,000;395,150;397,850;25,10;1129,917;263,203;0,000;839,000;878,200;853,100;320,950;;;;;0,00;0,00;0,00;3,00;2,06;16,003;24,329;0,61;0,61;999998,00;999998,00;999998,00;999998,00;999998,00;999998,00;999998,00;999998,00;999998,00;999998,00;999998,00;999998,00;999998,00;999998,00;999998,00;;;;;;;;;;;;;;;;;0,0284;0,00000;0,0000;0,00667318;0,00667318;-0,00037;0,20965;175,3542;21,430318;-0,002681;23,976781;24,140610;-0,0006;-0,0567;7,44;743,33;0,00;0,00;0,04;;630,769;634,160;0,0002837;20,93900;0,05300;0,00300;0,0000047;;-0,01;278,00;;;
;;279;20,93900;0,05400;0,005000;97,200;100,30;-73,4601;0,000;101,012;29,700;0,000;394,750;397,350;25,10;1129,983;263,203;0,000;839,200;878,200;853,100;320,950;;;;;0,00;0,00;0,00;3,00;2,06;16,022;24,342;0,61;0,61;999998,00;999998,00;999998,00;999998,00;999998,00;999998,00;999998,00;999998,00;999998,00;999998,00;999998,00;999998,00;999998,00;999998,00;999998,00;;;;;;;;;;;;;;;;;0,2694;0,00000;0,0000;0,00500488;0,00500488;-0,00092;0,27573;175,3545;21,138865;-0,002389;23,626754;23,782371;-0,0005;-0,0498;7,44;743,33;0,00;0,00;0,04;;628,508;629,620;0,0026953;20,93900;0,05300;0,00000;0,0000427;;-0,02;279,00;;;
;;280;20,93800;0,05400;0,008000;97,875;100,30;-73,4601;0,000;101,012;29,700;0,000;394,350;396,950;25,10;1129,750;263,203;0,000;838,500;878,200;853,100;320,950;;;;;0,00;0,00;0,00;3,00;2,06;16,022;24,315;0,61;0,61;999998,00;999998,00;999998,00;999998,00;999998,00;999998,00;999998,00;999998,00;999998,00;999998,00;999998,00;999998,00;999998,00;999998,00;999998,00;;;;;;;;;;;;;;;;;0,0000;0,00000;0,0000;0,00500488;0,00500488;0,00151;0,27683;175,3545;21,222892;-0,002470;23,696635;23,852870;-0,0005;-0,0517;7,44;743,33;0,00;0,00;0,04;;626,264;629,620;0,0000000;20,93900;0,05300;0,01300;-0,0001219;;-0,02;280,00;;;
;;281;20,93900;0,05400;0,009000;102,550;100,33;-73,4701;0,000;101,006;29,700;0,000;393,950;396,450;25,10;1130,117;263,203;0,000;839,500;878,300;853,100;320,950;;;;;0,00;0,00;0,00;3,00;2,06;16,001;24,337;0,61;0,61;999998,00;999998,00;999998,00;999998,00;999998,00;999998,00;999998,00;999998,00;999998,00;999998,00;999998,00;999998,00;999998,00;999998,00;999998,00;;;;;;;;;;;;;;;;;0,0000;0,00000;0,0000;0,00583903;0,00583903;0,00231;0,24301;175,3545;21,734861;-0,002697;24,243664;24,397514;-0,0006;-0,0577;7,44;743,33;0,00;0,00;0,01;;624,036;625,140;0,0000000;20,94000;0,05300;0,01700;-0,0002330;;-0,03;281,00;;;
;;282;20,94000;0,05300;0,008000;103,100;100,41;-73,4701;0,000;101,014;29,700;0,000;393,550;395,950;25,10;1130,183;263,203;0,000;839,700;878,300;853,100;320,950;;;;;0,00;0,00;0,00;3,00;2,06;16,009;24,342;0,61;0,60;999998,00;999998,00;999998,00;999998,00;999998,00;999998,00;999998,00;999998,00;999998,00;999998,00;999998,00;999998,00;999998,00;999998,00;999998,00;;;;;;;;;;;;;;;;;0,0000;0,00000;0,0000;-0,00083415;-0,00083415;0,00194;-1,30651;175,3545;21,804140;-0,003519;24,296245;24,444411;-0,0008;-0,0754;7,44;743,33;0,00;0,00;0,01;;621,823;625,140;0,0000000;20,94000;0,05200;0,01500;-0,0001950;;-0,03;282,00;;;
;;283;20,94000;0,05400;0,002000;103,100;100,41;-73,4701;0,000;101,014;29,700;0,000;393,550;395,950;25,10;1130,150;263,196;0,000;839,600;878,400;853,000;320,950;;;;;0,00;0,00;0,00;3,00;2,07;16,024;24,350;0,61;0,60;999998,00;999998,00;999998,00;999998,00;999998,00;999998,00;999998,00;999998,00;999998,00;999998,00;999998,00;999998,00;999998,00;999998,00;999998,00;;;;;;;;;;;;;;;;;0,0504;0,00000;0,0000;0,00000000;0,00000000;-0,00133;Infinity;175,3545;21,804140;-0,003519;24,296245;24,444411;-0,0008;-0,0754;7,44;743,33;0,00;0,00;0,01;;619,625;620,722;0,0005038;20,94000;0,05300;-0,00200;0,0000076;;-0,03;283,00;;;
;;284;20,93900;0,05400;-0,002000;101,400;100,33;-73,4701;0,000;101,012;29,700;0,000;393,150;395,550;25,10;1130,183;263,203;0,000;839,700;878,400;853,000;320,950;;;;;0,00;0,00;0,00;3,00;2,07;16,011;24,369;0,60;0,60;999998,00;999998,00;999998,00;999998,00;999998,00;999998,00;999998,00;999998,00;999998,00;999998,00;999998,00;999998,00;999998,00;999998,00;999998,00;;;;;;;;;;;;;;;;;0,0000;0,00000;0,0000;0,00000000;0,00000000;0,00116;Infinity;175,3545;21,634628;-0,002732;24,082856;24,229871;-0,0006;-0,0580;7,44;743,33;0,00;0,00;0,04;;617,444;620,722;0,0000000;20,93900;0,05300;0,01100;-0,0000966;;-0,03;284,00;;;
;;285;20,93900;0,05400;-0,009000;99,575;100,31;-73,4701;0,000;101,010;29,700;0,000;392,650;395,050;25,10;1130,150;263,203;0,000;839,600;878,400;853,000;320,950;;;;;0,00;0,00;0,00;3,00;2,07;15,980;24,353;0,60;0,60;999998,00;999998,00;999998,00;999998,00;999998,00;999998,00;999998,00;999998,00;999998,00;999998,00;999998,00;999998,00;999998,00;999998,00;999998,00;;;;;;;;;;;;;;;;;0,2940;0,00000;0,0000;0,00083415;0,00083415;-0,00169;1,28545;175,3548;21,452700;-0,002570;23,849969;23,995748;-0,0005;-0,0541;7,44;743,33;0,00;0,00;0,01;;615,278;616,367;0,0029413;20,94000;0,05200;-0,00400;0,0000455;;-0,03;285,00;;;
;;286;20,93900;0,05300;-0,002000;101,400;100,27;-73,4701;0,000;101,016;29,700;0,000;392,250;394,550;25,10;1130,083;263,203;0,000;839,300;878,500;853,000;320,950;;;;;0,00;0,00;0,00;3,00;2,07;16,022;24,347;0,60;0,60;999998,00;999998,00;999998,00;999998,00;999998,00;999998,00;999998,00;999998,00;999998,00;999998,00;999998,00;999998,00;999998,00;999998,00;999998,00;;;;;;;;;;;;;;;;;1,1824;0,00000;0,0000;-0,00583903;-0,00583903;-0,00285;-0,18540;175,3560;21,659434;-0,002138;24,055275;24,196325;-0,0005;-0,0454;7,44;743,33;0,00;0,00;0,04;;613,129;616,367;0,0118290;20,93900;0,05200;-0,01000;0,0001819;;-0,03;286,00;;;
;;287;20,93900;0,05300;0,006000;100,050;100,42;-73,4601;0,000;101,014;29,700;0,000;391,850;394,050;25,10;1130,017;263,196;0,000;839,200;878,500;852,900;320,950;;;;;0,00;0,00;0,00;3,00;2,07;16,045;24,353;0,60;0,59;999998,00;999998,00;999998,00;999998,00;999998,00;999998,00;999998,00;999998,00;999998,00;999998,00;999998,00;999998,00;999998,00;999998,00;999998,00;;;;;;;;;;;;;;;;;0,0000;0,00000;0,0000;-0,00583903;-0,00583903;-0,00056;-0,12785;175,3560;21,525747;-0,003589;23,882421;24,016506;-0,0008;-0,0756;7,44;743,33;0,00;0,00;-0,01;;610,995;612,073;0,0000000;20,94100;0,05100;0,00200;-0,0000782;;-0,02;287,00;;;
;;288;20,93900;0,05300;-0,014000;101,750;100,34;-73,4601;0,000;101,014;29,700;0,000;391,450;393,650;25,10;1130,083;263,203;0,000;839,400;878,500;852,900;320,950;;;;;0,00;0,00;0,00;3,00;2,07;16,055;24,358;0,59;0,59;999998,00;999998,00;999998,00;999998,00;999998,00;999998,00;999998,00;999998,00;999998,00;999998,00;999998,00;999998,00;999998,00;999998,00;999998,00;;;;;;;;;;;;;;;;;0,0000;0,00000;0,0000;0,00083415;0,00083415;0,00040;0,90301;175,3560;21,718941;-0,002869;24,072169;24,207457;-0,0006;-0,0609;7,44;743,33;0,00;0,00;0,04;;608,873;612,073;0,0000000;20,93900;0,05100;0,00700;-0,0000206;;-0,02;288,00;;;
;;289;20,93900;0,05300;0,003000;102,000;100,35;-73,4601;0,000;101,016;29,700;0,000;391,050;393,250;25,10;1130,183;263,203;0,000;839,600;878,600;852,900;320,950;;;;;0,00;0,00;0,00;3,00;2,07;16,034;24,361;0,59;0,59;999998,00;999998,00;999998,00;999998,00;999998,00;999998,00;999998,00;999998,00;999998,00;999998,00;999998,00;999998,00;999998,00;999998,00;999998,00;;;;;;;;;;;;;;;;;0,0000;0,00000;0,0000;0,00000000;0,00000000;0,00328;Infinity;175,3560;21,756726;-0,002977;24,089407;24,224931;-0,0006;-0,0632;7,44;743,33;0,00;0,00;-0,01;;606,766;607,837;0,0000000;20,94100;0,05100;0,02200;-0,0003314;;-0,02;289,00;;;
;;290;20,93900;0,05300;0,000000;99,950;100,42;-73,4601;0,000;101,016;29,700;0,000;390,650;392,750;25,10;1130,250;263,203;0,000;839,800;878,600;852,900;320,950;;;;;0,00;0,00;0,00;3,00;2,07;16,024;24,334;0,59;0,59;999998,00;999998,00;999998,00;999998,00;999998,00;999998,00;999998,00;999998,00;999998,00;999998,00;999998,00;999998,00;999998,00;999998,00;999998,00;;;;;;;;;;;;;;;;;0,0000;0,00000;0,0000;0,00000000;0,00000000;0,00153;Infinity;175,3560;21,548005;-0,003667;23,833903;23,962026;-0,0008;-0,0770;7,44;743,33;0,00;0,00;-0,03;;604,674;607,837;0,0000000;20,94200;0,05100;0,01300;-0,0002779;;-0,02;290,00;;;
;;291;20,93900;0,05300;0,013000;100,350;100,38;-73,4601;0,000;101,012;29,700;0,000;390,350;392,350;25,10;1130,283;263,196;0,000;839,900;878,600;852,900;321,050;;;;;0,00;0,00;0,00;3,00;2,07;16,032;24,326;0,59;0,58;999998,00;999998,00;999998,00;999998,00;999998,00;999998,00;999998,00;999998,00;999998,00;999998,00;999998,00;999998,00;999998,00;999998,00;999998,00;;;;;;;;;;;;;;;;;0,0000;0,00000;0,0000;0,00000000;0,00000000;0,00135;Infinity;175,3560;21,599376;-0,003268;23,872376;23,994689;-0,0007;-0,0688;7,44;743,33;0,00;0,00;-0,01;;602,596;603,660;0,0000000;20,94100;0,05100;0,01200;-0,0002048;;-0,02;291,00;;;
;;292;20,93900;0,05200;0,017000;100,900;100,38;-73,4601;0,000;101,012;29,700;0,000;389,950;392,050;25,10;1130,350;263,196;0,000;840,200;878,600;852,800;320,950;;;;;0,00;0,00;0,00;3,00;2,07;16,038;24,350;0,58;0,58;999998,00;999998,00;999998,00;999998,00;999998,00;999998,00;999998,00;999998,00;999998,00;999998,00;999998,00;999998,00;999998,00;999998,00;999998,00;;;;;;;;;;;;;;;;;0,0000;0,00000;0,0000;0,00000000;0,00000000;0,00001;Infinity;175,3560;21,669591;-0,003212;23,925439;24,054285;-0,0007;-0,0677;7,44;743,33;0,00;0,00;-0,01;;600,533;603,660;0,0000000;20,94100;0,05100;0,00500;-0,0001161;;-0,02;292,00;;;
;;293;20,94000;0,05300;0,015000;100,650;100,39;-73,4601;0,000;101,014;29,700;0,000;389,550;391,650;25,10;1130,283;263,196;0,000;839,900;878,700;852,800;321,050;;;;;0,00;0,00;0,00;3,00;2,07;16,030;24,345;0,58;0,58;999998,00;999998,00;999998,00;999998,00;999998,00;999998,00;999998,00;999998,00;999998,00;999998,00;999998,00;999998,00;999998,00;999998,00;999998,00;;;;;;;;;;;;;;;;;0,0000;0,00000;0,0000;0,00000000;0,00000000;-0,00132;Infinity;175,3560;21,653839;-0,003314;23,883522;24,012274;-0,0007;-0,0698;7,44;743,33;0,00;0,00;-0,01;;598,483;599,539;0,0000000;20,94100;0,05100;-0,00200;-0,0000275;;-0,02;293,00;;;
;;294;20,94000;0,05300;-0,002000;100,650;100,36;-73,4601;0,000;101,010;29,700;0,000;389,250;391,350;25,10;1130,217;263,196;0,000;839,700;878,700;852,800;321,050;;;;;0,00;0,00;0,00;3,00;2,08;15,996;24,350;0,58;0,58;999998,00;999998,00;999998,00;999998,00;999998,00;999998,00;999998,00;999998,00;999998,00;999998,00;999998,00;999998,00;999998,00;999998,00;999998,00;;;;;;;;;;;;;;;;;0,0000;0,00000;0,0000;0,00000000;0,00000000;-0,00133;Infinity;175,3560;21,662182;-0,002986;23,874324;24,003125;-0,0006;-0,0629;7,44;743,33;0,00;0,00;-0,01;;596,447;599,539;0,0000000;20,94100;0,05200;-0,00200;-0,0000402;;-0,02;294,00;;;
;;295;20,94000;0,05200;0,011000;100,775;100,41;-73,4601;0,000;101,016;29,700;0,000;388,950;390,950;25,10;1130,417;263,203;0,000;840,400;878,700;852,700;321,050;;;;;0,00;0,00;0,00;3,00;2,08;16,051;24,347;0,58;0,58;999998,00;999998,00;999998,00;999998,00;999998,00;999998,00;999998,00;999998,00;999998,00;999998,00;999998,00;999998,00;999998,00;999998,00;999998,00;;;;;;;;;;;;;;;;;0,0000;0,00000;0,0000;-0,00083415;-0,00083415;-0,00228;-0,90154;175,3560;21,683985;-0,003545;23,879936;24,002728;-0,0007;-0,0746;7,44;743,33;0,00;0,00;-0,03;;594,425;595,475;0,0000000;20,94200;0,05100;-0,00700;-0,0000247;;-0,02;295,00;;;
;;296;20,93900;0,05200;-0,004000;103,675;100,35;-73,4601;0,000;101,012;29,600;0,000;388,550;390,550;25,10;1130,450;263,203;0,000;840,400;878,800;852,700;321,050;;;;;0,00;0,00;0,00;3,00;2,08;16,047;24,361;0,58;0,58;999998,00;999998,00;999998,00;999998,00;999998,00;999998,00;999998,00;999998,00;999998,00;999998,00;999998,00;999998,00;999998,00;999998,00;999998,00;;;;;;;;;;;;;;;;;0,0000;0,00000;0,0000;0,00583903;0,00583903;-0,00154;0,13070;175,3560;22,005091;-0,002894;24,208638;24,333248;-0,0006;-0,0617;7,44;743,33;0,00;0,00;-0,06;;592,417;595,475;0,0000000;20,94300;0,05100;-0,00300;-0,0001357;;-0,02;296,00;;;
;;297;20,94000;0,05100;-0,010000;98,350;100,40;-73,4701;0,000;101,014;29,600;0,000;388,250;390,250;25,10;1130,583;263,203;0,000;840,800;878,800;852,700;321,050;;;;;0,00;0,00;0,00;3,00;2,08;16,087;24,358;0,58;0,58;999998,00;999998,00;999998,00;999998,00;999998,00;999998,00;999998,00;999998,00;999998,00;999998,00;999998,00;999998,00;999998,00;999998,00;999998,00;;;;;;;;;;;;;;;;;0,0000;0,00000;0,0000;0,00667318;0,00667318;-0,00283;0,11143;175,3560;21,440803;-0,003444;23,569631;23,691046;-0,0007;-0,0715;7,44;743,33;0,00;0,00;-0,06;;590,423;591,465;0,0000000;20,94300;0,05100;-0,01000;-0,0000471;;-0,03;297,00;;;
;;298;20,93900;0,05100;0,002000;100,675;100,43;-73,4701;0,000;101,008;29,600;0,000;387,950;389,950;25,10;1130,517;263,203;0,000;840,700;878,800;852,600;321,050;;;;;0,00;0,00;0,00;3,00;2,08;16,043;24,361;0,58;0,58;999998,00;999998,00;999998,00;999998,00;999998,00;999998,00;999998,00;999998,00;999998,00;999998,00;999998,00;999998,00;999998,00;999998,00;999998,00;;;;;;;;;;;;;;;;;0,0000;0,00000;0,0000;-0,00667318;-0,00667318;0,00059;-0,06302;175,3560;21,701140;-0,003737;23,837383;23,960272;-0,0008;-0,0785;7,44;743,33;0,00;0,00;-0,06;;588,441;591,465;0,0000000;20,94300;0,05000;0,00800;-0,0002623;;-0,03;298,00;;;
;;299;20,94100;0,05100;0,007000;102,750;100,42;-73,4601;0,000;101,010;29,600;0,000;387,650;389,550;25,10;1130,383;263,203;0,000;840,300;878,800;852,600;321,050;;;;;0,00;0,00;0,00;3,00;2,08;16,011;24,363;0,58;0,58;999998,00;999998,00;999998,00;999998,00;999998,00;999998,00;999998,00;999998,00;999998,00;999998,00;999998,00;999998,00;999998,00;999998,00;999998,00;;;;;;;;;;;;;;;;;0,0000;0,00000;0,0000;-0,00583903;-0,00583903;0,00253;-0,13026;175,3560;21,932120;-0,003615;24,072471;24,190458;-0,0008;-0,0767;7,44;743,33;0,00;0,00;-0,06;;586,473;587,508;0,0000000;20,94300;0,05100;0,01800;-0,0004016;;-0,02;299,00;;;
;;300;20,93900;0,05100;0,022000;103,750;100,47;-73,4601;0,000;101,012;29,600;0,000;387,350;389,350;25,10;1130,450;263,203;0,000;840,500;878,800;852,600;321,050;;;;;0,00;0,00;0,00;3,00;2,08;16,039;24,358;0,58;0,58;999998,00;999998,00;999998,00;999998,00;999998,00;999998,00;999998,00;999998,00;999998,00;999998,00;999998,00;999998,00;999998,00;999998,00;999998,00;;;;;;;;;;;;;;;;;0,0000;0,00000;0,0000;0,00083415;0,00083415;0,00176;0,91663;175,3560;22,047120;-0,004156;24,179966;24,304814;-0,0009;-0,0886;7,44;743,33;0,00;0,00;-0,08;;584,518;587,508;0,0000000;20,94400;0,05100;0,01400;-0,0004114;;-0,02;300,00;;;
;;301;20,94100;0,05100;0,013000;104,000;100,49;-73,4601;0,000;101,012;29,600;0,000;387,050;388,950;25,10;1130,483;263,196;0,000;840,700;878,800;852,500;321,050;;;;;0,00;0,00;0,00;3,00;2,08;16,047;24,358;0,58;0,58;999998,00;999998,00;999998,00;999998,00;999998,00;999998,00;999998,00;999998,00;999998,00;999998,00;999998,00;999998,00;999998,00;999998,00;999998,00;;;;;;;;;;;;;;;;;0,0000;0,00000;0,0000;-0,00083415;-0,00083415;0,00099;-0,91809;175,3560;22,082220;-0,004334;24,199705;24,318500;-0,0009;-0,0924;7,44;743,33;0,00;0,00;-0,06;;582,576;583,605;0,0000000;20,94300;0,05100;0,01000;-0,0003003;;-0,02;301,00;;;
;;302;20,94200;0,05100;0,012000;102,125;100,50;-73,4601;0,000;101,012;29,600;0,000;386,650;388,550;25,10;1130,417;263,203;0,000;840,500;878,800;852,500;321,050;;;;;0,00;0,00;0,00;3,00;2,08;15,990;24,379;0,58;0,58;999998,00;999998,00;999998,00;999998,00;999998,00;999998,00;999998,00;999998,00;999998,00;999998,00;999998,00;999998,00;999998,00;999998,00;999998,00;;;;;;;;;;;;;;;;;0,0000;0,00000;0,0000;0,00583903;0,00583903;0,00021;0,07267;175,3560;21,893573;-0,004443;23,968173;24,085952;-0,0009;-0,0938;7,44;743,33;0,00;0,00;-0,03;;580,647;583,605;0,0000000;20,94200;0,05000;0,00600;-0,0001766;;-0,02;302,00;;;
;;303;20,94100;0,05100;0,005000;102,600;100,50;-73,4701;0,000;101,012;29,600;0,000;386,350;388,150;25,10;1130,550;263,196;0,000;840,900;878,800;852,500;321,050;;;;;0,00;0,00;0,00;3,00;2,08;16,062;24,361;0,58;0,58;999998,00;999998,00;999998,00;999998,00;999998,00;999998,00;999998,00;999998,00;999998,00;999998,00;999998,00;999998,00;999998,00;999998,00;999998,00;;;;;;;;;;;;;;;;;0,0000;0,00000;0,0000;0,00583903;0,00583903;-0,00212;0,01534;175,3560;21,952946;-0,004379;24,014525;24,126408;-0,0009;-0,0926;7,44;743,33;0,00;0,00;-0,06;;578,731;579,752;0,0000000;20,94300;0,04900;-0,00600;-0,0000724;;-0,03;303,00;;;
;;304;20,94100;0,05200;-0,002000;102,025;100,46;-73,4701;0,000;101,006;29,600;0,000;385,950;387,750;25,10;1130,617;263,196;0,000;841,100;878,800;852,500;321,050;;;;;0,00;0,00;0,00;3,00;2,08;16,032;24,369;0,58;0,58;999998,00;999998,00;999998,00;999998,00;999998,00;999998,00;999998,00;999998,00;999998,00;999998,00;999998,00;999998,00;999998,00;999998,00;999998,00;;;;;;;;;;;;;;;;;0,0000;0,00000;0,0000;-0,00083415;-0,00083415;-0,00115;-0,50888;175,3560;21,902686;-0,004073;23,934739;24,046366;-0,0009;-0,0859;7,44;743,33;0,00;0,00;-0,06;;576,827;579,752;0,0000000;20,94300;0,05000;-0,00100;-0,0001484;;-0,03;304,00;;;
;;305;20,94100;0,05100;-0,002000;104,125;100,46;-73,4701;0,000;101,008;29,600;0,000;385,650;387,350;25,10;1130,550;263,203;0,000;841,000;878,800;852,400;321,050;;;;;0,00;0,00;0,00;3,00;2,08;16,055;24,369;0,58;0,58;999998,00;999998,00;999998,00;999998,00;999998,00;999998,00;999998,00;999998,00;999998,00;999998,00;999998,00;999998,00;999998,00;999998,00;999998,00;;;;;;;;;;;;;;;;;0,0000;0,00000;0,0000;0,00000000;0,00000000;-0,00233;Infinity;175,3560;22,135557;-0,004010;24,170412;24,276958;-0,0009;-0,0854;7,44;743,33;0,00;0,00;-0,03;;574,936;575,951;0,0000000;20,94200;0,05000;-0,00700;-0,0000120;;-0,03;305,00;;;
;;306;20,94100;0,05100;-0,007000;103,525;100,46;-73,4701;0,000;101,008;29,600;0,000;385,250;387,050;25,10;1130,483;263,203;0,000;840,700;878,900;852,400;321,050;;;;;0,00;0,00;0,00;3,00;2,09;16,038;24,353;0,58;0,58;999998,00;999998,00;999998,00;999998,00;999998,00;999998,00;999998,00;999998,00;999998,00;999998,00;999998,00;999998,00;999998,00;999998,00;999998,00;;;;;;;;;;;;;;;;;0,3450;0,00000;0,0000;0,00000000;0,00000000;-0,00330;Infinity;175,3564;22,083144;-0,003979;24,088170;24,200717;-0,0008;-0,0844;7,44;743,33;0,00;0,00;-0,03;;573,058;575,951;0,0034518;20,94200;0,05000;-0,01200;0,0000513;;-0,03;306,00;;;
;;307;20,94200;0,05100;-0,003000;104,075;100,49;-73,4701;0,000;101,010;29,600;0,000;385,050;386,750;25,10;1130,383;263,203;0,000;840,400;878,900;852,400;321,050;;;;;0,00;0,00;0,00;3,00;2,09;16,047;24,379;0,58;0,58;999998,00;999998,00;999998,00;999998,00;999998,00;999998,00;999998,00;999998,00;999998,00;999998,00;999998,00;999998,00;999998,00;999998,00;999998,00;;;;;;;;;;;;;;;;;0,0000;0,00000;0,0000;0,00000000;0,00000000;-0,00331;Infinity;175,3564;22,147476;-0,004311;24,145802;24,252406;-0,0009;-0,0917;7,44;743,33;0,00;0,00;-0,08;;571,192;572,199;0,0000000;20,94400;0,05100;-0,01200;-0,0000822;;-0,03;307,00;;;
;;308;20,94300;0,05000;-0,010000;104,150;100,47;-73,4701;0,000;101,014;29,600;0,000;384,750;386,450;25,10;1130,350;263,196;0,000;840,400;878,900;852,300;321,050;;;;;0,00;0,00;0,00;3,00;2,09;16,045;24,369;0,58;0,58;999998,00;999998,00;999998,00;999998,00;999998,00;999998,00;999998,00;999998,00;999998,00;999998,00;999998,00;999998,00;999998,00;999998,00;999998,00;;;;;;;;;;;;;;;;;0,0000;0,00000;0,0000;0,00000000;0,00000000;0,00275;Infinity;175,3564;22,164091;-0,004141;24,145090;24,251774;-0,0009;-0,0881;7,44;743,33;0,00;0,00;-0,11;;569,337;572,199;0,0000000;20,94500;0,05100;0,01900;-0,0005351;;-0,03;308,00;;;
;;309;20,94300;0,05100;0,008000;103,425;100,48;-73,4701;0,000;101,014;29,600;0,000;384,350;386,050;25,10;1130,417;263,196;0,000;840,600;878,900;852,300;321,050;;;;;0,00;0,00;0,00;3,00;2,09;16,030;24,361;0,58;0,58;999998,00;999998,00;999998,00;999998,00;999998,00;999998,00;999998,00;999998,00;999998,00;999998,00;999998,00;999998,00;999998,00;999998,00;999998,00;;;;;;;;;;;;;;;;;0,0000;0,00000;0,0000;0,00000000;0,00000000;0,00216;Infinity;175,3564;22,098302;-0,004261;24,048393;24,154761;-0,0009;-0,0903;7,44;743,33;0,00;0,00;-0,08;;567,495;568,495;0,0000000;20,94400;0,05200;0,01600;-0,0004494;;-0,03;309,00;;;
;;310;20,94300;0,05100;0,018000;103,250;100,49;-73,4701;0,000;101,014;29,600;0,000;383,950;385,650;25,10;1130,483;263,196;0,000;840,800;878,900;852,300;321,050;;;;;0,00;0,00;0,00;3,00;2,09;16,024;24,377;0,58;0,58;999998,00;999998,00;999998,00;999998,00;999998,00;999998,00;999998,00;999998,00;999998,00;999998,00;999998,00;999998,00;999998,00;999998,00;999998,00;;;;;;;;;;;;;;;;;0,0000;0,00000;0,0000;0,00000000;0,00000000;0,00333;Infinity;175,3564;22,091097;-0,004346;24,015533;24,121865;-0,0009;-0,0919;7,44;743,33;0,00;0,00;-0,06;;565,664;568,495;0,0000000;20,94300;0,05000;0,02200;-0,0004396;;-0,03;310,00;;;
;;311;20,94300;0,05100;0,014000;104,900;100,50;-73,4701;0,000;101,012;29,500;0,000;383,650;385,250;25,00;1130,283;263,196;0,000;840,300;878,900;852,200;321,050;;;;;0,00;0,00;0,00;3,00;2,09;16,070;24,374;0,58;0,58;999998,00;999998,00;999998,00;999998,00;999998,00;999998,00;999998,00;999998,00;999998,00;999998,00;999998,00;999998,00;999998,00;999998,00;999998,00;;;;;;;;;;;;;;;;;0,0000;0,00000;0,0000;0,00000000;0,00000000;0,00198;Infinity;175,3564;22,275616;-0,004401;24,197205;24,298119;-0,0009;-0,0938;7,44;743,33;0,00;0,00;-0,06;;563,845;564,839;0,0000000;20,94300;0,05100;0,01500;-0,0003636;;-0,03;311,00;;;
;;312;20,94400;0,05000;0,010000;103,750;100,52;-73,4701;0,000;101,018;29,500;0,000;383,350;384,950;25,00;1130,117;263,196;0,000;839,800;878,900;852,200;321,050;;;;;0,00;0,00;0,00;3,00;2,09;16,024;24,350;0,58;0,58;999998,00;999998,00;999998,00;999998,00;999998,00;999998,00;999998,00;999998,00;999998,00;999998,00;999998,00;999998,00;999998,00;999998,00;999998,00;;;;;;;;;;;;;;;;;0,0000;0,00000;0,0000;0,00000000;0,00000000;0,00314;Infinity;175,3564;22,161845;-0,004626;24,054794;24,155193;-0,0010;-0,0980;7,44;743,33;0,00;0,00;-0,06;;562,038;564,839;0,0000000;20,94300;0,05100;0,02100;-0,0004396;;-0,03;312,00;;;
;;313;20,94300;0,04900;0,006000;96,800;100,53;-73,4701;0,000;101,014;29,500;0,000;383,050;384,650;25,00;1130,117;263,196;0,000;839,800;878,900;852,200;321,050;;;;;0,00;0,00;0,00;3,00;2,09;16,062;24,371;0,58;0,58;999998,00;999998,00;999998,00;999998,00;999998,00;999998,00;999998,00;999998,00;999998,00;999998,00;999998,00;999998,00;999998,00;999998,00;999998,00;;;;;;;;;;;;;;;;;0,0000;0,00000;0,0000;0,00000000;0,00000000;0,00134;Infinity;175,3564;21,415072;-0,004675;23,226046;23,323061;-0,0010;-0,0956;7,44;743,33;0,00;0,00;-0,01;;560,242;561,230;0,0000000;20,94100;0,05100;0,01200;-0,0002048;;-0,03;313,00;;;
;;314;20,94200;0,05000;-0,006000;104,200;100,53;-73,4701;0,000;101,016;29,500;0,000;382,750;384,350;25,00;1130,183;263,203;0,000;839,900;879,000;852,200;321,050;;;;;0,00;0,00;0,00;3,00;2,09;16,076;24,371;0,58;0,58;999998,00;999998,00;999998,00;999998,00;999998,00;999998,00;999998,00;999998,00;999998,00;999998,00;999998,00;999998,00;999998,00;999998,00;999998,00;;;;;;;;;;;;;;;;;0,0000;0,00000;0,0000;0,00000000;0,00000000;0,00060;Infinity;175,3564;22,227256;-0,004671;24,088032;24,188727;-0,0010;-0,0991;7,44;743,33;0,00;0,00;-0,01;;558,458;561,230;0,0000000;20,94100;0,05100;0,00800;-0,0001541;;-0,03;314,00;;;
;;315;20,94300;0,05000;-0,001000;103,125;100,53;-73,4701;0,000;101,008;29,500;0,000;382,450;384,050;25,10;1130,217;263,196;0,000;840,100;879,000;852,100;321,050;;;;;0,00;0,00;0,00;3,00;2,09;16,055;24,363;0,58;0,58;999998,00;999998,00;999998,00;999998,00;999998,00;999998,00;999998,00;999998,00;999998,00;999998,00;999998,00;999998,00;999998,00;999998,00;999998,00;;;;;;;;;;;;;;;;;0,0000;0,00000;0,0000;0,00000000;0,00000000;-0,00194;Infinity;175,3564;22,120975;-0,004767;23,954063;24,054276;-0,0010;-0,1006;7,44;743,33;0,00;0,00;-0,01;;556,685;557,667;0,0000000;20,94100;0,05200;-0,00500;-0,0000022;;-0,03;315,00;;;
;;316;20,94300;0,05000;-0,007000;104,000;100,47;-73,4701;0,000;101,008;29,500;0,000;382,250;383,750;25,10;1130,283;263,196;0,000;840,200;879,100;852,100;321,050;;;;;0,00;0,00;0,00;3,00;2,09;16,039;24,393;0,58;0,58;999998,00;999998,00;999998,00;999998,00;999998,00;999998,00;999998,00;999998,00;999998,00;999998,00;999998,00;999998,00;999998,00;999998,00;999998,00;;;;;;;;;;;;;;;;;0,0000;0,00000;0,0000;0,00000000;0,00000000;-0,00195;Infinity;175,3564;22,220433;-0,004169;24,049181;24,143553;-0,0009;-0,0883;7,44;743,33;0,00;0,00;-0,01;;554,924;557,667;0,0000000;20,94100;0,05200;-0,00500;-0,0000022;;-0,03;316,00;;;
;;317;20,94200;0,05100;-0,012000;104,200;100,50;-73,4701;0,000;101,008;29,500;0,000;381,950;383,550;25,10;1130,417;263,203;0,000;840,700;879,000;852,100;321,050;;;;;0,00;0,00;0,00;3,00;2,10;16,039;24,385;0,58;0,58;999998,00;999998,00;999998,00;999998,00;999998,00;999998,00;999998,00;999998,00;999998,00;999998,00;999998,00;999998,00;999998,00;999998,00;999998,00;;;;;;;;;;;;;;;;;0,0000;0,00000;0,0000;0,00000000;0,00000000;-0,00195;Infinity;175,3564;22,250522;-0,004416;24,062846;24,163645;-0,0009;-0,0936;7,44;743,33;0,00;0,00;-0,01;;553,173;554,148;0,0000000;20,94100;0,05200;-0,00500;-0,0000022;;-0,03;317,00;;;
;;318;20,94200;0,05100;-0,012000;100,900;100,53;-73,4701;0,000;101,008;29,400;0,000;381,650;383,250;25,00;1130,550;263,196;0,000;841,000;879,100;852,100;321,050;;;;;0,00;0,00;0,00;3,00;2,10;16,053;24,382;0,58;0,57;999998,00;999998,00;999998,00;999998,00;999998,00;999998,00;999998,00;999998,00;999998,00;999998,00;999998,00;999998,00;999998,00;999998,00;999998,00;;;;;;;;;;;;;;;;;0,0000;0,00000;0,0000;0,00000000;0,00000000;-0,00192;Infinity;175,3564;21,903955;-0,004698;23,669446;23,768675;-0,0010;-0,0979;7,44;743,33;0,00;0,00;-0,01;;551,433;554,148;0,0000000;20,94100;0,05200;-0,00500;-0,0000022;;-0,03;318,00;;;
;;319;20,94400;0,05200;0,019000;102,950;100,46;-73,4701;0,000;101,010;29,400;0,000;381,450;382,950;25,00;1130,417;263,196;0,000;840,700;879,100;852,000;321,050;;;;;0,00;0,00;0,00;3,00;2,10;16,045;24,379;0,57;0,57;999998,00;999998,00;999998,00;999998,00;999998,00;999998,00;999998,00;999998,00;999998,00;999998,00;999998,00;999998,00;999998,00;999998,00;999998,00;;;;;;;;;;;;;;;;;0,0000;0,00000;0,0000;0,00000000;0,00000000;-0,00194;Infinity;175,3564;22,131150;-0,004071;23,902420;23,996413;-0,0009;-0,0857;7,44;743,33;0,00;0,00;-0,01;;549,705;550,674;0,0000000;20,94100;0,05200;-0,00500;-0,0000022;;-0,03;319,00;;;
;;320;20,94500;0,05000;0,016000;101,800;100,51;-73,4701;0,000;101,010;29,400;0,000;381,150;382,650;25,10;1130,317;263,203;0,000;840,400;879,100;852,000;321,050;;;;;0,00;0,00;0,00;3,00;2,10;16,036;24,401;0,57;0,57;999998,00;999998,00;999998,00;999998,00;999998,00;999998,00;999998,00;999998,00;999998,00;999998,00;999998,00;999998,00;999998,00;999998,00;999998,00;;;;;;;;;;;;;;;;;0,0000;0,00000;0,0000;0,00083415;0,00083415;-0,00193;1,31911;175,3564;22,015854;-0,004544;23,759196;23,852699;-0,0010;-0,0950;7,44;743,33;0,00;0,00;-0,01;;547,987;550,674;0,0000000;20,94100;0,05200;-0,00500;-0,0000022;;-0,03;320,00;;;
;;321;20,94400;0,05100;0,022000;102,350;100,49;-73,4701;0,000;101,016;29,400;0,000;380,950;382,350;25,00;1130,217;263,196;0,000;840,100;879,100;852,000;321,050;;;;;0,00;0,00;0,00;3,00;2,10;16,089;24,374;0,57;0,57;999998,00;999998,00;999998,00;999998,00;999998,00;999998,00;999998,00;999998,00;999998,00;999998,00;999998,00;999998,00;999998,00;999998,00;999998,00;;;;;;;;;;;;;;;;;0,0000;0,00000;0,0000;-0,00583903;-0,00583903;-0,00194;-0,18900;175,3564;22,081041;-0,004282;23,817040;23,904568;-0,0009;-0,0897;7,44;743,33;0,00;0,00;-0,01;;546,280;547,243;0,0000000;20,94100;0,05200;-0,00500;-0,0000022;;-0,03;321,00;;;
;;322;20,94300;0,05100;0,015000;103,850;100,49;-73,4601;0,000;101,008;29,400;0,000;380,650;382,050;25,00;1130,250;263,196;0,000;840,300;879,100;851,900;321,050;;;;;0,00;0,00;0,00;3,00;2,10;16,053;24,379;0,57;0,57;999998,00;999998,00;999998,00;999998,00;999998,00;999998,00;999998,00;999998,00;999998,00;999998,00;999998,00;999998,00;999998,00;999998,00;999998,00;;;;;;;;;;;;;;;;;0,0000;0,00000;0,0000;-0,00583903;-0,00583903;-0,00195;-0,19046;175,3564;22,251020;-0,004283;23,981483;24,069685;-0,0009;-0,0904;7,44;743,33;0,00;0,00;-0,01;;544,583;547,243;0,0000000;20,94100;0,05200;-0,00500;-0,0000022;;-0,02;322,00;;;
;;323;20,94300;0,05100;0,021000;104,350;100,48;-73,4601;0,000;101,006;29,300;0,000;380,350;381,750;25,00;1129,817;263,196;0,000;839,000;879,100;851,900;321,050;;;;;0,00;0,00;0,00;3,00;2,10;16,062;24,377;0,57;0,56;999998,00;999998,00;999998,00;999998,00;999998,00;999998,00;999998,00;999998,00;999998,00;999998,00;999998,00;999998,00;999998,00;999998,00;999998,00;;;;;;;;;;;;;;;;;;;;;;;;;22,313316;-0,003945;24,029670;24,118119;;;;;;;;;;;;20,94100;0,05200;-0,00500;-0,0000022;;-0,02;323,00;;;
;;324;20,94300;0,05100;0,012000;102,725;100,40;-73,4601;0,000;101,008;29,300;0,000;380,150;381,550;25,00;1129,350;263,196;0,000;837,700;879,100;851,800;321,050;;;;;0,00;0,00;0,00;3,00;2,10;16,041;24,395;0,57;0,56;999998,00;999998,00;999998,00;999998,00;999998,00;999998,00;999998,00;999998,00;999998,00;999998,00;999998,00;999998,00;999998,00;999998,00;999998,00;;;;;;;;;;;;;;;;;;;;;;;;;22,144719;-0,003153;23,835564;23,923345;;;;;;;;;;;;20,94100;0,05200;-0,00500;-0,0000022;;-0,02;324,00;;;
;;325;20,94100;0,05200;0,008000;103,550;100,44;-73,4601;0,000;101,012;29,300;0,000;379,850;381,250;25,00;1129,650;263,196;0,000;838,800;879,000;851,700;321,050;;;;;0,00;0,00;0,00;3,00;2,10;16,053;24,374;0,57;0,56;999998,00;999998,00;999998,00;999998,00;999998,00;999998,00;999998,00;999998,00;999998,00;999998,00;999998,00;999998,00;999998,00;999998,00;999998,00;;;;;;;;;;;;;;;;;;;;;;;;;22,242243;-0,003519;23,921642;24,009809;;;;;;;;;;;;20,94100;0,05200;-0,00500;-0,0000022;;-0,02;325,00;;;
;;326;20,94100;0,05200;-0,005000;105,325;100,47;-73,4601;0,000;101,008;29,300;0,000;379,550;380,950;25,00;1129,883;263,196;0,000;839,300;879,100;851,800;321,050;;;;;0,00;0,00;0,00;3,00;2,10;16,064;24,395;0,57;0,56;999998,00;999998,00;999998,00;999998,00;999998,00;999998,00;999998,00;999998,00;999998,00;999998,00;999998,00;999998,00;999998,00;999998,00;999998,00;;;;;;;;;;;;;;;;;;;;;;;;;22,440929;-0,003892;24,116268;24,205223;;;;;;;;;;;;20,94100;0,05200;-0,00500;-0,0000022;;-0,02;326,00;;;
