General information;;time (s);O2;CO2;CO;Pdiff;Light;Mass;Methane;AmbP;AmbH;HFM;TC stack;TC smoke;TC amb.;TC cone;T PK;Soot;TC cone1;TC cone2;TC cone3;TC aux;CH4;CO;CO2;Ethene;H2O;n.u.;n.u.;UOX Bin;n.u.;UOX Hum.;UOX Temp;n.u.;TEext1;TEext2;TEext3;TEext4;TEext5;TEext6;TEext7;TEext8;TEext9;TEext10;TEext11;TEext12;TEext13;TEext14;TEext15;n.u.;n.u.;n.u.;n.u.;n.u.;n.u.;n.u.;n.u.;n.u.;n.u.;n.u.;n.u.;n.u.;n.u.;n.u.;n.u.;n.u.;HRR/a;EHC;SEA;MLR;MLR/a;COY;CO2Y/sh;THR/a;MFR;K;Vstack;Vsmoke;SPR;RSR;TSP;TSR;COP;CO2P;O2C;TOC;ARHE;Mass;HRR;O2/sh;CO2/sh;CO/sh;phi;FU27;FU28;FU29;FU30;FU31;
;;;%;%;%;Pa;-;g;g/s;Pa;%;kW/m²;°C;°C;°C;°C;°C;g/min;°C;°C;°C;°C;ppm;ppm;%;ppm;ppm;no;no;;no;%;°C;no;°C;°C;°C;°C;°C;°C;°C;°C;°C;°C;°C;°C;°C;°C;°C;no;no;no;no;no;no;no;no;no;no;no;no;no;no;no;no;no;kW/m²;MJ/kg;m²/kg;g/s;g/(s*m²);[kg/kg];[kg/kg];MJ/m²;g/s;1/m;l/s;l/s;m²/s;(m²/s)/m²;m²;m²;g/s;g/s;g/s;g;kW/m²;g;kW;[%];[%];%;;;;;;;
Test;;0;20,94200;0,05800;-0,006000;113,275;99,97;0,0000;0,000;100,808;28,400;0,000;345,150;349,050;28,10;1143,017;263,190;0,000;861,500;883,900;864,200;328,550;;;;;0,00;0,00;0,00;3,00;3,86;15,345;27,389;0,58;0,57;999998,00;999998,00;999998,00;999998,00;999998,00;999998,00;999998,00;999998,00;999998,00;999998,00;999998,00;999998,00;999998,00;999998,00;999998,00;;;;;;;;;;;;;;;;;1,5048;;;0,00000000;0,00000000;0,00072;Infinity;0,0015;25,034823;0,000091;24,465420;24,741865;0,0000;0,0020;0,00;0,00;0,00;0,00;0,07;;;;0,0150766;20,95300;0,04600;-0,00700;0,0002010;;70,42;0,00;;;
Standard used;ISO 5660-1;1;20,93900;0,05900;-0,024000;109,000;99,96;0,0000;0,000;100,804;28,400;0,000;345,150;349,050;28,10;1142,683;263,190;0,000;860,800;883,700;864,100;328,550;;;;;0,00;0,00;0,00;3,00;3,86;15,381;27,375;0,58;0,57;999998,00;999998,00;999998,00;999998,00;999998,00;999998,00;999998,00;999998,00;999998,00;999998,00;999998,00;999998,00;999998,00;999998,00;999998,00;;;;;;;;;;;;;;;;;0,6115;;;-0,00166639;-0,00166639;0,00396;-0,35334;0,0021;24,557872;0,000215;23,999317;24,270496;0,0000;0,0046;0,00;0,01;0,00;0,00;0,09;;0,306;0,611;0,0061264;20,95200;0,04500;0,00800;0,0000842;;70,42;1,00;;;
Date of test;24.07.2026;2;20,93600;0,05800;0,007000;113,150;99,98;0,0000;0,000;100,804;28,400;0,000;345,150;348,950;28,10;1139,850;263,196;0,000;852,500;883,600;864,000;328,550;;;;;0,00;0,00;0,00;3,00;3,86;15,381;27,392;0,58;0,57;999998,00;999998,00;999998,00;999998,00;999998,00;999998,00;999998,00;999998,00;999998,00;999998,00;999998,00;999998,00;999998,00;999998,00;999998,00;;;;;;;;;;;;;;;;;0,0000;;;0,05583127;0,05583127;0,00536;0,00389;0,0021;25,021007;0,000005;24,451918;24,721127;0,0000;0,0001;0,00;0,01;0,01;0,00;0,04;;0,306;0,611;0,0000000;20,95400;0,04400;0,01400;-0,0000999;;70,42;2,00;;;
Time of test;15:22;3;20,93700;0,05600;0,004000;111,475;99,97;-0,0200;0,000;100,804;28,400;0,000;345,150;349,050;28,20;1137,550;263,190;0,000;846,000;883,400;863,800;328,550;;;;;0,00;0,00;0,00;3,00;3,86;15,353;27,386;0,58;0,57;999998,00;999998,00;999998,00;999998,00;999998,00;999998,00;999998,00;999998,00;999998,00;999998,00;999998,00;999998,00;999998,00;999998,00;999998,00;;;;;;;;;;;;;;;;;0,0000;;;-0,34416771;-0,34416771;0,00378;-0,00063;0,0021;24,835118;0,000163;24,270257;24,544497;0,0000;0,0035;0,00;0,01;0,00;0,00;0,04;;0,204;0,408;0,0000000;20,95400;0,04400;0,00700;-0,0000113;;70,40;3,00;;;
Heat flux (kW/m²);75;4;20,93600;0,05300;-0,002000;111,050;99,98;0,5100;0,000;100,804;28,400;0,000;345,050;348,750;28,10;1135,950;263,196;0,000;841,700;883,100;863,600;328,550;;;;;0,00;0,00;0,00;3,00;3,86;15,381;27,375;0,58;0,57;999998,00;999998,00;999998,00;999998,00;999998,00;999998,00;999998,00;999998,00;999998,00;999998,00;999998,00;999998,00;999998,00;999998,00;999998,00;;;;;;;;;;;;;;;;;1,2310;;;0,01666578;0,01666578;0,00071;0,01290;0,0033;24,791323;0,000075;24,220439;24,480157;0,0000;0,0016;0,00;0,01;0,00;0,00;0,04;;0,307;0,408;0,0123336;20,95400;0,04400;-0,00700;0,0001659;;70,93;4,00;;;
Nominal duct flow rate (l/s);24,0;5;20,94000;0,05100;-0,014000;109,575;99,98;-0,0500;0,000;100,810;28,400;0,000;344,950;348,750;28,10;1134,550;263,196;0,000;838,100;882,900;863,200;328,550;;;;;0,00;0,00;0,00;3,00;3,86;15,345;27,392;0,58;0,57;999998,00;999998,00;999998,00;999998,00;999998,00;999998,00;999998,00;999998,00;999998,00;999998,00;999998,00;999998,00;999998,00;999998,00;999998,00;;;;;;;;;;;;;;;;;1,2230;;;0,36416880;0,36416880;0,00071;0,00059;0,0046;24,629699;0,000005;24,055563;24,320561;0,0000;0,0001;0,00;0,01;0,00;0,00;0,04;;0,491;0,489;0,0122532;20,95400;0,04400;-0,00700;0,0001659;;70,37;5,00;;;
Sampling interval (s);1;6;20,94100;0,05000;0,007000;108,375;99,96;-0,0400;0,000;100,810;28,400;0,000;344,850;348,650;28,10;1133,483;263,196;0,000;835,400;882,600;863,000;328,550;;;;;0,00;0,00;0,00;3,00;3,86;15,374;27,389;0,58;0,57;999998,00;999998,00;999998,00;999998,00;999998,00;999998,00;999998,00;999998,00;999998,00;999998,00;999998,00;999998,00;999998,00;999998,00;999998,00;;;;;;;;;;;;;;;;;2,8910;;;-0,04666646;-0,04666646;-0,00319;-0,00455;0,0075;24,498015;0,000287;23,920012;24,183593;0,0001;0,0061;0,00;0,02;0,00;0,00;0,04;;0,752;0,489;0,0289649;20,95400;0,04400;-0,02500;0,0003937;;70,38;6,00;;;
Separation (mm);25;7;20,94400;0,04700;-0,024000;109,000;99,98;-0,0500;0,000;100,810;28,400;0,000;344,950;348,650;28,10;1132,617;263,196;0,000;833,400;882,300;862,700;328,550;;;;;0,00;0,00;0,00;3,00;3,86;15,395;27,378;0,58;0,57;999998,00;999998,00;999998,00;999998,00;999998,00;999998,00;999998,00;999998,00;999998,00;999998,00;999998,00;999998,00;999998,00;999998,00;999998,00;;;;;;;;;;;;;;;;;1,1509;;;0,00666300;0,00666300;-0,00016;0,03197;0,0086;24,564991;0,000076;23,992363;24,249710;0,0000;0,0016;0,00;0,02;0,00;0,00;0,01;;0,933;0,689;0,0115306;20,95500;0,04400;-0,01100;0,0001562;;70,37;7,00;;;
Orientation;hor;8;20,94700;0,04700;-0,017000;104,675;99,99;-0,0500;0,000;100,806;28,400;0,000;344,950;348,650;28,10;1132,050;263,190;0,000;832,100;882,100;862,500;328,550;;;;;0,00;0,00;0,00;3,00;3,87;15,395;27,386;0,58;0,57;999998,00;999998,00;999998,00;999998,00;999998,00;999998,00;999998,00;999998,00;999998,00;999998,00;999998,00;999998,00;999998,00;999998,00;999998,00;;;;;;;;;;;;;;;;;1,2192;;;-0,00083288;-0,00083288;-0,00037;-0,25065;0,0098;24,072702;-0,000046;23,511550;23,763740;0,0000;-0,0010;0,00;0,02;0,00;0,00;0,01;;0,965;0,689;0,0122156;20,95500;0,04400;-0,01200;0,0001688;;70,37;8,00;;;
Edge frame?;N;9;20,94900;0,04600;-0,028000;108,100;99,97;-0,0500;0,000;100,806;28,400;0,000;344,950;348,650;28,10;1131,583;263,190;0,000;831,100;881,900;862,300;328,550;;;;;0,00;0,00;0,00;3,00;3,87;15,423;27,383;0,58;0,57;999998,00;999998,00;999998,00;999998,00;999998,00;999998,00;999998,00;999998,00;999998,00;999998,00;999998,00;999998,00;999998,00;999998,00;999998,00;;;;;;;;;;;;;;;;;1,2852;;;0,00000000;0,00000000;0,00092;Infinity;0,0111;24,463366;0,000112;23,893107;24,149389;0,0000;0,0024;0,00;0,02;0,00;0,00;0,06;;0,997;0,806;0,0128768;20,95300;0,04700;-0,00600;0,0001757;;70,37;9,00;;;
Grid?;N;10;20,95100;0,04600;-0,019000;111,625;99,98;-0,0500;0,000;100,806;28,400;0,000;344,950;348,650;28,10;1131,117;263,190;0,000;830,000;881,800;862,100;328,550;;;;;0,00;0,00;0,00;3,00;3,87;15,324;27,378;0,57;0,57;999998,00;999998,00;999998,00;999998,00;999998,00;999998,00;999998,00;999998,00;999998,00;999998,00;999998,00;999998,00;999998,00;999998,00;999998,00;;;;;;;;;;;;;;;;;7,5083;;;-0,00083351;-0,00083351;-0,00016;-10,75634;0,0186;24,859025;0,000077;24,279543;24,539970;0,0000;0,0017;0,00;0,02;0,00;0,01;0,53;;1,337;0,806;0,0752254;20,93600;0,06700;-0,01100;0,0010122;;70,37;10,00;;;
Non-scrubbed?;;11;20,95300;0,04500;-0,007000;106,800;100,00;-0,0500;0,000;100,806;28,400;0,000;344,850;348,650;28,10;1130,817;263,190;0,000;829,400;881,700;861,900;328,550;;;;;0,00;0,00;0,00;3,00;3,87;15,399;27,394;0,57;0,57;999998,00;999998,00;999998,00;999998,00;999998,00;999998,00;999998,00;999998,00;999998,00;999998,00;999998,00;999998,00;999998,00;999998,00;999998,00;;;;;;;;;;;;;;;;;28,1122;;;0,00500107;0,00500107;0,00220;8,22824;0,0467;24,319349;-0,000151;23,745562;24,007221;0,0000;-0,0032;0,00;0,02;0,00;0,04;2,35;;2,834;3,332;0,2816562;20,86800;0,15400;0,00000;0,0038787;;70,37;11,00;;;
Substrate used? {Y/N};;12;20,95300;0,04400;0,008000;105,425;99,99;-0,0600;0,000;100,808;28,400;0,000;344,850;348,450;28,10;1130,750;263,190;0,000;829,400;881,600;861,800;328,550;;;;;0,00;0,00;0,00;3,00;3,87;15,414;27,381;0,58;0,57;999998,00;999998,00;999998,00;999998,00;999998,00;999998,00;999998,00;999998,00;999998,00;999998,00;999998,00;999998,00;999998,00;999998,00;999998,00;;;;;;;;;;;;;;;;;90,2662;0,00000;0,0000;0,00916926;0,00916926;0,00645;10,46756;0,1370;24,162293;-0,000099;23,592211;23,838498;0,0000;-0,0021;0,00;0,02;0,01;0,10;7,11;;7,530;3,332;0,9043767;20,68900;0,30300;0,02000;0,0125481;;70,36;12,00;;;
Substrate;;13;20,95200;0,04400;0,014000;111,675;99,99;-0,0700;0,000;100,806;28,400;0,000;344,750;348,450;28,10;1130,650;263,190;0,000;829,300;881,500;861,700;328,550;;;;;0,00;0,00;0,00;3,00;3,87;15,406;27,383;0,58;0,57;999998,00;999998,00;999998,00;999998,00;999998,00;999998,00;999998,00;999998,00;999998,00;999998,00;999998,00;999998,00;999998,00;999998,00;999998,00;;;;;;;;;;;;;;;;;201,1609;0,00000;-0,3562;0,01750056;0,01750056;0,00511;12,14851;0,3382;24,871804;-0,000029;24,277940;24,538501;0,0000;-0,0006;0,00;0,02;0,01;0,21;15,67;;18,160;20,456;2,0154311;20,38500;0,60200;0,01300;0,0272053;;70,35;13,00;;;
Additional preparation details;;14;20,95400;0,04400;0,007000;105,625;100,00;-0,1000;0,000;100,806;28,400;0,000;344,850;348,850;28,10;1130,617;263,190;0,000;829,400;881,400;861,600;328,550;;;;;0,00;0,00;0,00;3,00;3,87;15,389;27,375;0,57;0,57;999998,00;999998,00;999998,00;999998,00;999998,00;999998,00;999998,00;999998,00;999998,00;999998,00;999998,00;999998,00;999998,00;999998,00;999998,00;;;;;;;;;;;;;;;;;329,5607;141,52469;-1,0412;0,02333069;0,02333069;0,00539;13,30315;0,6677;24,185200;-0,000116;23,614578;23,888489;0,0000;-0,0024;0,00;0,02;0,01;0,31;25,11;;35,817;20,456;3,3018685;20,01500;0,88200;0,01500;0,0459249;;70,32;14,00;;;
;;15;20,95400;0,04400;-0,007000;104,375;98,37;-0,1600;0,000;100,806;28,400;0,000;345,750;350,850;28,10;1131,017;263,196;0,000;830,600;881,500;861,500;328,550;;;;;0,00;0,00;0,00;3,00;3,87;15,391;27,394;0,58;0,56;999998,00;999998,00;999998,00;999998,00;999998,00;999998,00;999998,00;999998,00;999998,00;999998,00;999998,00;999998,00;999998,00;999998,00;999998,00;;;;;;;;;;;;;;;;;444,3254;20,23487;15,4438;0,22000122;0,22000122;0,00514;1,92172;1,1121;24,010355;0,016239;23,505042;23,851754;0,0034;0,3391;0,00;0,36;0,01;0,42;33,95;;59,226;60,761;4,4516961;19,67500;1,19400;0,01400;0,0624758;;70,26;15,00;;;
Specimen;;16;20,95400;0,04400;-0,007000;92,650;93,08;-0,5000;0,000;100,808;28,400;0,000;347,850;355,850;28,10;1131,617;263,196;0,000;832,300;881,600;861,500;328,550;;;;;0,00;0,00;0,00;3,00;3,87;15,355;27,375;0,58;0,53;999998,00;999998,00;999998,00;999998,00;999998,00;999998,00;999998,00;999998,00;999998,00;999998,00;999998,00;999998,00;999998,00;999998,00;999998,00;;;;;;;;;;;;;;;;;496,2642;19,56213;56,1112;0,25416819;0,25416819;0,00045;1,84363;1,6083;22,553199;0,071549;22,212653;22,723508;0,0143;1,4235;0,02;1,79;0,00;0,47;37,79;;84,917;60,761;4,9720715;19,43800;1,40100;-0,00800;0,0743774;;69,92;16,00;;;
Sample description;PMMA_DE_6mm_q75_Al2O3_R3;17;20,95400;0,04400;-0,025000;87,725;92,15;-0,6300;0,000;100,808;28,400;0,000;351,750;364,150;28,10;1132,050;263,190;0,000;833,700;881,600;861,400;328,550;;;;;0,00;0,00;0,00;3,00;3,87;15,399;27,392;0,58;0,52;999998,00;999998,00;999998,00;999998,00;999998,00;999998,00;999998,00;999998,00;999998,00;999998,00;999998,00;999998,00;999998,00;999998,00;999998,00;;;;;;;;;;;;;;;;;553,6336;48,23628;140,0209;0,11499341;0,11499341;0,00044;4,50990;2,1619;21,823584;0,081576;21,735040;22,501251;0,0161;1,6071;0,03;3,39;0,00;0,52;42,16;;110,802;112,316;5,5468547;19,20600;1,59600;-0,00800;0,0858523;;69,79;17,00;;;
Material name/ID;PMMA_DE;18;20,95400;0,04400;-0,011000;87,625;90,73;-0,8100;0,000;100,806;28,400;0,000;357,050;375,450;28,10;1132,783;263,196;0,000;835,900;881,600;861,400;328,550;;;;;0,00;0,00;0,00;3,00;3,88;15,347;27,402;0,58;0,52;999998,00;999998,00;999998,00;999998,00;999998,00;999998,00;999998,00;999998,00;999998,00;999998,00;999998,00;999998,00;999998,00;999998,00;999998,00;;;;;;;;;;;;;;;;;605,8725;17,76662;57,4113;0,34166527;0,34166527;0,00120;1,62421;2,7678;21,648656;0,097167;21,885690;23,013534;0,0196;1,9578;0,05;5,35;0,00;0,55;46,04;;136,854;112,316;6,0702361;19,03000;1,71800;-0,00400;0,0948007;;69,61;18,00;;;
Specimen number;R3;19;20,95500;0,04700;-0,012000;90,200;90,88;-1,2600;0,000;100,808;28,400;0,000;362,250;385,750;28,10;1133,550;263,196;0,000;838,200;881,600;861,400;328,550;;;;;0,00;0,00;0,00;3,00;3,88;15,389;27,365;0,58;0,52;999998,00;999998,00;999998,00;999998,00;999998,00;999998,00;999998,00;999998,00;999998,00;999998,00;999998,00;999998,00;999998,00;999998,00;999998,00;;;;;;;;;;;;;;;;;658,5732;19,74517;59,6846;0,33417002;0,33417002;-0,00072;1,77778;3,4264;21,806226;0,095466;22,366044;23,816981;0,0199;1,9907;0,07;7,34;0,00;0,59;49,92;;162,926;164,294;6,5982447;18,88300;1,82300;-0,01400;0,1023820;;69,16;19,00;;;
E (MJ/kg);13,10;20;20,95500;0,06700;-0,006000;87,200;89,12;-1,4400;0,000;100,808;28,400;0,000;367,650;397,050;28,10;1134,183;263,196;0,000;840,100;881,600;861,400;328,550;;;;;0,00;0,00;0,00;3,00;3,88;15,349;27,405;0,58;0,51;999998,00;999998,00;999998,00;999998,00;999998,00;999998,00;999998,00;999998,00;999998,00;999998,00;999998,00;999998,00;999998,00;999998,00;999998,00;;;;;;;;;;;;;;;;;676,5139;43,96521;156,6261;0,15416718;0,15416718;0,00437;3,98534;4,1029;21,282488;0,115052;22,154260;23,925877;0,0241;2,4101;0,10;9,75;0,00;0,61;51,50;;188,157;164,294;6,7779926;18,76500;1,92900;0,01300;0,1078225;;68,98;20,00;;;
Initial mass (g);70,42;21;20,95300;0,15400;-0,011000;88,075;88,30;-1,6600;0,000;100,812;28,400;0,000;372,850;406,350;28,10;1134,550;263,190;0,000;841,100;881,700;861,400;328,550;;;;;0,00;0,00;0,00;3,00;3,88;15,395;27,386;0,58;0,50;999998,00;999998,00;999998,00;999998,00;999998,00;999998,00;999998,00;999998,00;999998,00;999998,00;999998,00;999998,00;999998,00;999998,00;999998,00;;;;;;;;;;;;;;;;;706,7960;18,27452;68,7127;0,38750076;0,38750076;0,00455;1,64290;4,8097;21,239324;0,124215;22,422039;24,436625;0,0266;2,6576;0,12;12,41;0,00;0,64;53,77;;212,133;213,664;7,0813889;18,66400;2,00100;0,01400;0,1129378;;68,76;21,00;;;
Thickness (mm);5,96;22;20,93600;0,30300;0,000000;90,350;87,92;-2,1600;0,000;100,808;28,400;0,000;377,650;415,450;28,10;1134,417;263,196;0,000;840,700;881,700;861,400;328,550;;;;;0,00;0,00;0,00;3,00;3,88;15,378;27,392;0,58;0,50;999998,00;999998,00;999998,00;999998,00;999998,00;999998,00;999998,00;999998,00;999998,00;999998,00;999998,00;999998,00;999998,00;999998,00;999998,00;;;;;;;;;;;;;;;;;737,4952;19,66024;75,4314;0,37583288;0,37583288;0,00439;1,77101;5,5472;21,374737;0,128538;22,855490;25,143157;0,0283;2,8296;0,15;15,24;0,00;0,67;56,15;;235,316;213,664;7,3889639;18,57800;2,07700;0,01300;0,1171476;;68,26;22,00;;;
Surface area (cm²);100,19;23;20,86800;0,60200;0,020000;85,175;85,84;-2,3700;0,000;100,808;28,400;0,000;383,150;425,050;28,10;1134,550;263,196;0,000;841,200;881,700;861,300;328,550;;;;;0,00;0,00;0,00;3,00;3,88;15,397;27,408;0,58;0,49;999998,00;999998,00;999998,00;999998,00;999998,00;999998,00;999998,00;999998,00;999998,00;999998,00;999998,00;999998,00;999998,00;999998,00;999998,00;;;;;;;;;;;;;;;;;730,0019;40,82211;185,1977;0,17916489;0,17916489;0,00514;3,69934;6,2772;20,604074;0,152546;22,352299;24,796671;0,0332;3,3118;0,19;18,55;0,01;0,66;55,67;;256,987;257,554;7,3138893;18,51000;2,14400;0,01800;0,1203347;;68,05;23,00;;;
Sponsor;;24;20,68900;0,88200;0,013000;94,650;86,59;-2,6100;0,000;100,808;28,400;0,000;387,750;432,850;28,10;1134,383;263,196;0,000;840,800;881,600;861,300;328,650;;;;;0,00;0,00;0,00;3,00;3,88;15,332;27,386;0,58;0,49;999998,00;999998,00;999998,00;999998,00;999998,00;999998,00;999998,00;999998,00;999998,00;999998,00;999998,00;999998,00;999998,00;999998,00;999998,00;;;;;;;;;;;;;;;;;795,4646;20,00783;83,7979;0,39833196;0,39833196;0,00634;1,81425;7,0727;21,590656;0,143807;23,703797;26,460834;0,0334;3,3316;0,22;21,88;0,01;0,72;60,73;;278,060;257,554;7,9697596;18,41000;2,22900;0,02300;0,1251974;;67,81;24,00;;;
Manufacturer;;25;20,38500;1,19400;0,015000;85,725;85,89;-3,1100;0,000;100,808;28,400;0,000;392,450;441,250;28,10;1134,450;263,196;0,000;841,100;881,600;861,200;328,650;;;;;0,00;0,00;0,00;3,00;3,88;15,391;27,402;0,58;0,49;999998,00;999998,00;999998,00;999998,00;999998,00;999998,00;999998,00;999998,00;999998,00;999998,00;999998,00;999998,00;999998,00;999998,00;999998,00;;;;;;;;;;;;;;;;;776,9154;21,52225;94,0292;0,36166827;0,36166827;0,00582;1,93529;7,8496;20,424104;0,151932;22,694866;25,516906;0,0340;3,3943;0,25;25,28;0,01;0,70;59,26;;298,385;297,227;7,7839154;18,33000;2,28100;0,02200;0,1293170;;67,31;25,00;;;
Test start time (s);60;26;20,01500;1,40100;0,014000;86,925;84,15;-3,3000;0,000;100,808;28,400;0,000;397,050;448,150;28,10;1134,417;263,196;0,000;841,200;881,500;861,100;328,550;;;;;0,00;0,00;0,00;3,00;3,88;15,399;27,410;0,58;0,48;999998,00;999998,00;999998,00;999998,00;999998,00;999998,00;999998,00;999998,00;999998,00;999998,00;999998,00;999998,00;999998,00;999998,00;999998,00;;;;;;;;;;;;;;;;;796,2583;46,24727;227,5328;0,17250125;0,17250125;0,00456;4,16941;8,6458;20,447075;0,172459;22,986701;25,945070;0,0392;3,9175;0,29;29,19;0,00;0,72;60,75;;317,162;297,227;7,9777120;18,26700;2,34000;0,01500;0,1324298;;67,12;26,00;;;
Time to ignition (s);13;27;19,67500;1,59600;-0,008000;87,075;85,57;-3,5500;0,000;100,808;28,400;0,000;401,350;455,350;28,10;1134,450;263,190;0,000;841,500;881,400;861,000;328,650;;;;;0,00;0,00;0,00;3,00;3,89;15,389;27,389;0,58;0,49;999998,00;999998,00;999998,00;999998,00;999998,00;999998,00;999998,00;999998,00;999998,00;999998,00;999998,00;999998,00;999998,00;999998,00;999998,00;;;;;;;;;;;;;;;;;811,3062;19,82550;87,3857;0,41000112;0,41000112;0,00580;1,78135;9,4571;20,354786;0,155639;23,130769;26,242920;0,0358;3,5760;0,33;32,77;0,01;0,73;61,92;;335,185;334,033;8,1284772;18,20300;2,38600;0,02200;0,1355892;;66,87;27,00;;;
Time to flameout (s);238;28;19,43800;1,71800;-0,008000;91,725;87,36;-4,0600;0,000;100,808;28,400;0,000;406,650;463,450;28,20;1134,417;263,196;0,000;841,500;881,400;860,900;328,550;;;;;0,00;0,00;0,00;3,00;3,89;15,399;27,392;0,58;0,50;999998,00;999998,00;999998,00;999998,00;999998,00;999998,00;999998,00;999998,00;999998,00;999998,00;999998,00;999998,00;999998,00;999998,00;999998,00;;;;;;;;;;;;;;;;;844,0000;22,35072;85,2493;0,37833405;0,37833405;0,00390;2,01049;10,3011;20,754626;0,135006;23,896592;27,234416;0,0323;3,2192;0,36;35,99;0,00;0,76;64,40;;352,773;334,033;8,4560364;18,14800;2,43600;0,01100;0,1383746;;66,36;28,00;;;
End of test criteria;User end of test;29;19,20600;1,82300;-0,004000;88,575;86,14;-4,2700;0,000;100,800;28,400;0,000;410,850;469,950;28,20;1134,483;263,190;0,000;841,800;881,400;860,800;328,650;;;;;0,00;0,00;0,00;3,00;3,89;15,412;27,416;0,58;0,49;999998,00;999998,00;999998,00;999998,00;999998,00;999998,00;999998,00;999998,00;999998,00;999998,00;999998,00;999998,00;999998,00;999998,00;999998,00;;;;;;;;;;;;;;;;;836,0682;45,89927;193,4313;0,18249893;0,18249893;0,00650;4,11405;11,1372;20,290622;0,149054;23,603637;26,998976;0,0353;3,5234;0,40;39,51;0,01;0,75;63,84;;369,575;367,802;8,3765674;18,10900;2,45900;0,02600;0,1402371;;66,15;29,00;;;
User EOT time (s);242;30;19,03000;1,92900;-0,014000;88,675;86,15;-4,5200;0,000;100,808;28,400;0,000;415,350;476,050;28,10;1134,517;263,196;0,000;842,000;881,300;860,800;328,650;;;;;0,00;0,00;0,00;3,00;3,89;15,435;27,394;0,58;0,49;999998,00;999998,00;999998,00;999998,00;999998,00;999998,00;999998,00;999998,00;999998,00;999998,00;999998,00;999998,00;999998,00;999998,00;999998,00;;;;;;;;;;;;;;;;;838,0309;20,35436;86,1549;0,41250292;0,41250292;0,00558;1,82033;11,9752;20,191795;0,148862;23,745942;27,216217;0,0355;3,5472;0,43;43,06;0,01;0,75;63,95;;385,157;367,802;8,3962313;18,09000;2,47100;0,02100;0,1412689;;65,90;30,00;;;
MLR EOT mass (g/m²);;31;18,88300;2,00100;0,013000;88,575;85,44;-5,0400;0,000;100,808;28,400;0,000;419,750;482,250;28,10;1133,883;263,190;0,000;840,300;881,200;860,700;328,650;;;;;0,00;0,00;0,00;3,00;3,89;15,416;27,421;0,58;0,49;999998,00;999998,00;999998,00;999998,00;999998,00;999998,00;999998,00;999998,00;999998,00;999998,00;999998,00;999998,00;999998,00;999998,00;999998,00;;;;;;;;;;;;;;;;;836,1753;21,29908;96,0763;0,39333344;0,39333344;0,00643;1,91130;12,8114;20,074358;0,157169;23,857923;27,410324;0,0378;3,7718;0,47;46,83;0,01;0,75;63,87;;399,736;398,016;8,3776402;18,07700;2,48800;0,02600;0,1417888;;65,38;31,00;;;
MLR time period (s);;32;18,76500;2,07700;0,014000;87,200;85,78;-5,2700;0,000;100,808;28,400;0,000;423,750;487,450;28,20;1133,383;263,190;0,000;838,800;881,200;860,700;328,650;;;;;0,00;0,00;0,00;3,00;3,89;15,381;27,386;0,58;0,49;999998,00;999998,00;999998,00;999998,00;999998,00;999998,00;999998,00;999998,00;999998,00;999998,00;999998,00;999998,00;999998,00;999998,00;999998,00;;;;;;;;;;;;;;;;;833,5865;39,61356;174,4332;0,21082942;0,21082942;0,00565;3,55453;13,6450;19,823705;0,153232;23,784543;27,359942;0,0368;3,6706;0,51;50,50;0,01;0,75;63,67;;413,335;398,016;8,3517028;18,05000;2,51100;0,02200;0,1431569;;65,15;32,00;;;
Truncate graphs at EOT;;33;18,66400;2,14400;0,013000;86,700;84,77;-5,5500;0,000;100,804;28,400;0,000;427,650;492,250;28,10;1133,817;263,196;0,000;840,100;881,100;860,800;328,650;;;;;0,00;0,00;0,00;3,00;3,89;15,395;27,389;0,58;0,48;999998,00;999998,00;999998,00;999998,00;999998,00;999998,00;999998,00;999998,00;999998,00;999998,00;999998,00;999998,00;999998,00;999998,00;999998,00;;;;;;;;;;;;;;;;;836,1256;19,67223;93,2509;0,42583593;0,42583593;0,00683;1,76733;14,4811;19,676450;0,165070;23,825141;27,424123;0,0397;3,9634;0,55;54,47;0,01;0,75;63,91;;426,108;424,570;8,3771420;18,01700;2,54000;0,02900;0,1446912;;64,87;33,00;;;
Smooth data?;;34;18,57800;2,22900;0,018000;88,975;84,75;-6,0700;0,000;100,808;28,400;0,000;430,750;495,950;28,10;1134,350;263,196;0,000;841,800;881,000;860,800;328,650;;;;;0,00;0,00;0,00;3,00;3,89;15,408;27,418;0,58;0,48;999998,00;999998,00;999998,00;999998,00;999998,00;999998,00;999998,00;999998,00;999998,00;999998,00;999998,00;999998,00;999998,00;999998,00;999998,00;;;;;;;;;;;;;;;;;851,1344;22,05396;104,6237;0,38666598;0,38666598;0,00689;1,97569;15,3323;19,861077;0,165360;24,223023;27,889515;0,0405;4,0378;0,59;58,50;0,01;0,76;65,04;;438,388;424,570;8,5275151;17,99300;2,55400;0,02900;0,1459380;;64,35;34,00;;;
Correct O2 for pressure?;;35;18,51000;2,28100;0,023000;86,625;84,54;-6,3300;0,000;100,808;28,400;0,000;433,850;499,550;28,10;1134,717;263,196;0,000;842,900;881,100;860,700;328,650;;;;;0,00;0,00;0,00;3,00;3,89;15,412;27,405;0,58;0,48;999998,00;999998,00;999998,00;999998,00;999998,00;999998,00;999998,00;999998,00;999998,00;999998,00;999998,00;999998,00;999998,00;999998,00;999998,00;;;;;;;;;;;;;;;;;844,4439;20,89024;100,3472;0,40499687;0,40499687;0,00522;1,88041;16,1767;19,526898;0,167745;23,986845;27,619289;0,0406;4,0563;0,63;62,56;0,01;0,76;64,55;;450,085;448,325;8,4604837;17,96500;2,58900;0,02000;0,1472886;;64,09;35,00;;;
;;36;18,41000;2,34000;0,022000;84,150;83,81;-6,8700;0,000;100,800;28,400;0,000;436,950;502,950;28,10;1134,850;263,190;0,000;843,400;881,000;860,700;328,650;;;;;0,00;0,00;0,00;3,00;3,90;15,433;27,402;0,58;0,48;999998,00;999998,00;999998,00;999998,00;999998,00;999998,00;999998,00;999998,00;999998,00;999998,00;999998,00;999998,00;999998,00;999998,00;999998,00;;;;;;;;;;;;;;;;;845,0821;21,21128;105,9158;0,39916865;0,39916865;0,00377;1,90836;17,0218;19,177528;0,176484;23,726006;27,309749;0,0423;4,2198;0,67;66,78;0,00;0,76;64,59;;461,049;448,325;8,4668771;17,90900;2,63600;0,01200;0,1501285;;63,55;36,00;;;
Apparatus;;37;18,33000;2,38600;0,015000;88,100;83,70;-7,0900;0,000;100,808;28,400;0,000;439,850;506,150;28,20;1134,750;263,196;0,000;843,200;881,000;860,600;328,650;;;;;0,00;0,00;0,00;3,00;3,90;15,441;27,402;0,58;0,48;999998,00;999998,00;999998,00;999998,00;999998,00;999998,00;999998,00;999998,00;999998,00;999998,00;999998,00;999998,00;999998,00;999998,00;999998,00;;;;;;;;;;;;;;;;;879,8349;44,82264;222,1730;0,19666545;0,19666545;0,00402;4,02488;17,9016;19,557669;0,177716;24,356897;28,028290;0,0437;4,3611;0,71;71,14;0,00;0,79;67,25;;471,897;470,693;8,8150654;17,84500;2,68500;0,01300;0,1533149;;63,33;37,00;;;
C-factor (SI units);0,0437;38;18,26700;2,43600;0,022000;86,825;83,60;-7,3600;0,000;100,804;28,400;0,000;442,350;508,350;28,20;1135,183;263,190;0,000;844,500;881,000;860,600;328,650;;;;;0,00;0,00;0,00;3,00;3,90;15,412;27,408;0,58;0,48;999998,00;999998,00;999998,00;999998,00;999998,00;999998,00;999998,00;999998,00;999998,00;999998,00;999998,00;999998,00;999998,00;999998,00;999998,00;;;;;;;;;;;;;;;;;884,6504;20,65253;101,9173;0,42916361;0,42916361;0,00364;1,85696;18,7863;19,360689;0,178934;24,248625;27,866596;0,0437;4,3656;0,76;75,51;0,00;0,80;67,65;;482,696;470,693;8,8633125;17,79500;2,73000;0,01100;0,1557616;;63,06;38,00;;;
OD correction factor;1;39;18,20300;2,45900;0,011000;85,250;82,83;-7,8900;0,000;100,812;28,400;0,000;444,850;511,550;28,20;1135,483;263,190;0,000;845,600;880,900;860,500;328,650;;;;;0,00;0,00;0,00;3,00;3,90;15,397;27,413;0,58;0,47;999998,00;999998,00;999998,00;999998,00;999998,00;999998,00;999998,00;999998,00;999998,00;999998,00;999998,00;999998,00;999998,00;999998,00;999998,00;;;;;;;;;;;;;;;;;883,4133;22,12721;114,3539;0,40000153;0,40000153;0,00258;1,98918;19,6697;19,130302;0,188195;24,095487;27,708320;0,0457;4,5655;0,80;80,07;0,00;0,80;67,54;;492,987;491,767;8,8509177;17,76200;2,75800;0,00500;0,1574438;;62,53;39,00;;;
Duct diameter (m);0,114;40;18,14800;2,47100;0,026000;84,450;84,37;-8,1200;0,000;100,812;28,400;0,000;447,650;514,950;28,10;1135,617;263,196;0,000;846,100;880,800;860,500;328,650;;;;;0,00;0,00;0,00;3,00;3,90;15,385;27,400;0,58;0,48;999998,00;999998,00;999998,00;999998,00;999998,00;999998,00;999998,00;999998,00;999998,00;999998,00;999998,00;999998,00;999998,00;999998,00;999998,00;;;;;;;;;;;;;;;;;883,8759;46,20236;215,0762;0,19166883;0,19166883;0,00642;4,17354;20,5536;18,980689;0,169813;24,057518;27,674342;0,0412;4,1145;0,84;84,19;0,01;0,80;67,73;;502,753;491,767;8,8555530;17,72800;2,79400;0,02800;0,1587920;;62,30;40,00;;;
O2 delay time (s);12;41;18,10900;2,48800;0,021000;82,600;85,42;-8,3700;0,000;100,804;28,400;0,000;451,150;519,050;28,20;1134,983;263,196;0,000;844,400;880,700;860,400;328,650;;;;;0,00;0,00;0,00;3,00;3,90;15,435;27,408;0,58;0,49;999998,00;999998,00;999998,00;999998,00;999998,00;999998,00;999998,00;999998,00;999998,00;999998,00;999998,00;999998,00;999998,00;999998,00;999998,00;;;;;;;;;;;;;;;;;883,9736;21,51390;92,1930;0,41166560;0,41166560;0,00351;1,93661;21,4375;18,698682;0,157444;23,885383;27,480235;0,0380;3,7881;0,88;87,97;0,00;0,80;67,65;;512,050;510,885;8,8565315;17,68300;2,82600;0,01100;0,1612440;;62,05;41,00;;;
CO2 delay time (s);10;42;18,09000;2,51100;0,026000;85,150;81,52;-8,9000;0,000;100,812;28,400;0,000;453,550;521,450;28,10;1134,983;263,196;0,000;844,500;880,700;860,300;328,650;;;;;0,00;0,00;0,00;3,00;3,90;15,404;27,402;0,58;0,46;999998,00;999998,00;999998,00;999998,00;999998,00;999998,00;999998,00;999998,00;999998,00;999998,00;999998,00;999998,00;999998,00;999998,00;999998,00;;;;;;;;;;;;;;;;;903,2456;22,11721;122,3510;0,40916634;0,40916634;0,00473;1,98512;22,3408;18,934820;0,204145;24,315691;27,955942;0,0501;4,9967;0,93;92,97;0,00;0,81;69,13;;521,135;510,885;9,0496180;17,65300;2,84300;0,01800;0,1627302;;61,52;42,00;;;
CO delay time (s);10;43;18,07700;2,54000;0,022000;86,500;84,19;-9,1900;0,000;100,812;28,400;0,000;456,250;524,750;28,10;1134,683;263,190;0,000;843,900;880,500;860,200;328,650;;;;;0,00;0,00;0,00;3,00;3,90;15,427;27,386;0,58;0,48;999998,00;999998,00;999998,00;999998,00;999998,00;999998,00;999998,00;999998,00;999998,00;999998,00;999998,00;999998,00;999998,00;999998,00;999998,00;;;;;;;;;;;;;;;;;904,4978;20,40255;96,0092;0,44416809;0,44416809;0,00576;1,82654;23,2453;19,027777;0,171959;24,580528;28,270974;0,0426;4,2563;0,97;97,23;0,01;0,81;69,22;;530,036;528,715;9,0621630;17,66500;2,82600;0,02400;0,1621505;;61,23;43,00;;;
;;44;18,05000;2,55400;0,029000;84,400;85,20;-9,7700;0,000;100,804;28,400;0,000;458,650;527,450;28,10;1134,683;263,196;0,000;844,100;880,400;860,100;328,650;;;;;0,00;0,00;0,00;3,00;3,90;15,378;27,418;0,58;0,49;999998,00;999998,00;999998,00;999998,00;999998,00;999998,00;999998,00;999998,00;999998,00;999998,00;999998,00;999998,00;999998,00;999998,00;999998,00;;;;;;;;;;;;;;;;;883,2668;20,86297;92,6074;0,42417018;0,42417018;0,00866;1,87218;24,1286;18,746145;0,159955;24,344095;27,995842;0,0393;3,9207;1,01;101,15;0,01;0,79;67,68;;538,305;528,715;8,8494499;17,69000;2,80800;0,04200;0,1607008;;60,65;44,00;;;
Laboratory;;45;18,01700;2,58900;0,029000;85,125;86,38;-10,0000;0,000;100,800;28,400;0,000;462,050;531,650;28,10;1134,217;263,196;0,000;842,600;880,500;860,100;328,650;;;;;0,00;0,00;0,00;3,00;3,90;15,427;27,392;0,58;0,49;999998,00;999998,00;999998,00;999998,00;999998,00;999998,00;999998,00;999998,00;999998,00;999998,00;999998,00;999998,00;999998,00;999998,00;999998,00;;;;;;;;;;;;;;;;;885,0471;41,56582;169,8551;0,21333122;0,21333122;0,00551;3,73551;25,0136;18,757092;0,146301;24,538881;28,235247;0,0362;3,6167;1,05;104,76;0,01;0,80;67,76;;545,990;544,985;8,8672869;17,68800;2,81600;0,02300;0,1609329;;60,42;45,00;;;
Laboratory name;FZJ IAS-7;46;17,99300;2,63600;0,020000;82,000;85,02;-10,2900;0,000;100,804;28,400;0,000;464,550;534,550;28,10;1133,883;263,190;0,000;841,800;880,300;860,100;328,750;;;;;0,00;0,00;0,00;3,00;3,91;15,450;27,410;0,58;0,48;999998,00;999998,00;999998,00;999998,00;999998,00;999998,00;999998,00;999998,00;999998,00;999998,00;999998,00;999998,00;999998,00;999998,00;999998,00;;;;;;;;;;;;;;;;;871,5538;20,83227;94,3022;0,41916211;0,41916211;0,00556;1,87840;25,8852;18,359977;0,162162;24,149317;27,788220;0,0395;3,9453;1,09;108,71;0,01;0,79;66,78;;553,215;544,985;8,7320973;17,66600;2,84200;0,02400;0,1619238;;60,13;46,00;;;
Operator;DK;47;17,96500;2,68500;0,012000;88,675;84,59;-10,7900;0,000;100,812;28,400;0,000;466,050;534,550;28,10;1133,817;263,196;0,000;841,600;880,200;860,200;328,750;;;;;0,00;0,00;0,00;3,00;3,91;15,397;27,416;0,58;0,48;999998,00;999998,00;999998,00;999998,00;999998,00;999998,00;999998,00;999998,00;999998,00;999998,00;999998,00;999998,00;999998,00;999998,00;999998,00;;;;;;;;;;;;;;;;;917,4728;24,29625;111,8648;0,37833659;0,37833659;0,00358;2,18536;26,8026;19,061882;0,167233;25,153507;28,850568;0,0423;4,2242;1,13;112,93;0,00;0,83;70,23;;560,476;560,145;9,1921602;17,62300;2,87400;0,01100;0,1642162;;59,63;47,00;;;
Filename;24072026_FZJ_PMMA_DE_6mm_q75_Al2O3_R3,csv;48;17,90900;2,73000;0,013000;81,900;84,10;-11,0600;0,000;100,804;28,400;0,000;467,750;536,050;28,10;1133,650;263,196;0,000;841,100;880,100;860,300;328,750;;;;;0,00;0,00;0,00;3,00;3,91;15,404;27,402;0,58;0,48;999998,00;999998,00;999998,00;999998,00;999998,00;999998,00;999998,00;999998,00;999998,00;999998,00;999998,00;999998,00;999998,00;999998,00;999998,00;;;;;;;;;;;;;;;;;894,0865;21,07724;99,0831;0,42500114;0,42500114;0,00166;1,89985;27,6967;18,285906;0,172971;24,217570;27,753774;0,0421;4,2031;1,17;117,14;0,00;0,81;68,45;;567,670;560,145;8,9578523;17,57000;2,92500;0,00000;0,1668660;;59,36;48,00;;;
Report name;;49;17,84500;2,75800;0,011000;82,200;83,44;-11,6200;0,000;100,812;28,400;0,000;469,450;537,650;28,10;1133,583;263,190;0,000;840,800;880,100;860,400;328,750;;;;;0,00;0,00;0,00;3,00;3,91;15,414;27,410;0,58;0,48;999998,00;999998,00;999998,00;999998,00;999998,00;999998,00;999998,00;999998,00;999998,00;999998,00;999998,00;999998,00;999998,00;999998,00;999998,00;;;;;;;;;;;;;;;;;908,8755;22,53052;109,2512;0,40416400;0,40416400;0,00247;2,02697;28,6056;18,286167;0,180828;24,305933;27,837011;0,0442;4,4072;1,22;121,54;0,00;0,82;69,60;;574,483;574,555;9,1060234;17,51300;2,96700;0,00500;0,1696732;;58,80;49,00;;;
;;50;17,79500;2,79400;0,005000;81,675;85,44;-11,8300;0,000;100,814;28,400;0,000;471,150;539,050;28,10;1133,683;263,196;0,000;841,200;880,100;860,300;328,750;;;;;0,00;0,00;0,00;3,00;3,91;15,385;27,394;0,58;0,49;999998,00;999998,00;999998,00;999998,00;999998,00;999998,00;999998,00;999998,00;999998,00;999998,00;999998,00;999998,00;999998,00;999998,00;999998,00;;;;;;;;;;;;;;;;;914,9771;49,10914;205,1024;0,18666903;0,18666903;0,00406;4,42500;29,5206;18,194763;0,157171;24,272017;27,769990;0,0383;3,8214;1,26;125,37;0,00;0,83;70,14;;581,231;574,555;9,1671555;17,46900;3,00600;0,01500;0,1717073;;58,59;50,00;;;
Pre-test conditions;;51;17,76200;2,82600;0,028000;80,075;83,64;-12,1000;0,000;100,806;28,400;0,000;473,350;541,550;28,20;1134,017;263,190;0,000;842,200;880,000;860,400;328,750;;;;;0,00;0,00;0,00;3,00;3,91;15,406;27,400;0,58;0,48;999998,00;999998,00;999998,00;999998,00;999998,00;999998,00;999998,00;999998,00;999998,00;999998,00;999998,00;999998,00;999998,00;999998,00;999998,00;;;;;;;;;;;;;;;;;912,8405;20,55217;96,9798;0,44500160;0,44500160;0,00227;1,84729;30,4334;17,973751;0,178513;24,089144;27,559894;0,0432;4,3074;1,30;129,67;0,00;0,82;69,92;;587,754;587,743;9,1457494;17,43700;3,02800;0,00400;0,1734429;;58,32;51,00;;;
Ambient temperature (°C);28,0;52;17,72800;2,84300;0,011000;79,675;85,09;-12,6600;0,000;100,806;28,400;0,000;475,250;543,350;28,20;1135,250;263,196;0,000;845,800;880,100;860,400;328,750;;;;;0,00;0,00;0,00;3,00;3,91;15,391;27,402;0,58;0,48;999998,00;999998,00;999998,00;999998,00;999998,00;999998,00;999998,00;999998,00;999998,00;999998,00;999998,00;999998,00;999998,00;999998,00;999998,00;;;;;;;;;;;;;;;;;911,6934;21,16069;90,2385;0,43166161;0,43166161;0,00447;1,90472;31,3451;17,892928;0,161317;24,077080;27,527157;0,0390;3,8879;1,34;133,56;0,00;0,82;69,91;;593,995;587,743;9,1342557;17,42200;3,04200;0,01800;0,1740189;;57,76;52,00;;;
Barometric pressure (Pa);100814;53;17,68300;2,82600;0,018000;79,275;84,10;-12,9200;0,000;100,806;28,400;0,000;477,250;546,050;28,20;1135,550;263,190;0,000;846,700;880,100;860,400;328,750;;;;;0,00;0,00;0,00;3,00;3,91;15,420;27,410;0,58;0,48;999998,00;999998,00;999998,00;999998,00;999998,00;999998,00;999998,00;999998,00;999998,00;999998,00;999998,00;999998,00;999998,00;999998,00;999998,00;;;;;;;;;;;;;;;;;911,1400;39,83482;182,3401;0,22916412;0,22916412;0,00571;3,59276;32,2562;17,810520;0,172991;24,067047;27,536533;0,0418;4,1707;1,38;137,73;0,01;0,82;69,92;;599,984;599,979;9,1287113;17,40500;3,06000;0,02600;0,1747315;;57,50;53,00;;;
Relative hunidity (%);28,5;54;17,65300;2,80800;0,024000;79,500;82,34;-13,2100;0,000;100,806;28,400;0,000;478,950;547,350;28,10;1135,250;263,196;0,000;845,800;880,000;860,500;328,750;;;;;0,00;0,00;0,00;3,00;3,91;15,383;27,397;0,58;0,47;999998,00;999998,00;999998,00;999998,00;999998,00;999998,00;999998,00;999998,00;999998,00;999998,00;999998,00;999998,00;999998,00;999998,00;999998,00;;;;;;;;;;;;;;;;;919,3271;20,97317;107,0105;0,43916766;0,43916766;0,00571;1,89210;33,1756;17,804095;0,194167;24,144063;27,592136;0,0470;4,6906;1,43;142,42;0,01;0,83;70,57;;605,822;599,979;9,2107385;17,37100;3,08900;0,02600;0,1763954;;57,21;54,00;;;
;;55;17,66500;2,81600;0,042000;77,375;83,88;-13,7500;0,000;100,806;28,400;0,000;480,950;549,850;28,20;1135,217;263,196;0,000;845,700;880,000;860,500;328,750;;;;;0,00;0,00;0,00;3,00;3,92;15,406;27,405;0,58;0,48;999998,00;999998,00;999998,00;999998,00;999998,00;999998,00;999998,00;999998,00;999998,00;999998,00;999998,00;999998,00;999998,00;999998,00;999998,00;;;;;;;;;;;;;;;;;909,2847;22,31026;102,9462;0,40833791;0,40833791;0,00608;2,01066;34,0848;17,527977;0,175614;23,868878;27,288289;0,0420;4,1957;1,47;146,62;0,01;0,82;69,80;;611,431;611,260;9,1101236;17,35400;3,10000;0,02900;0,1772324;;56,67;55,00;;;
Conditioning;;56;17,69000;2,84200;0,023000;79,325;85,41;-14,0300;0,000;100,814;28,400;0,000;482,550;551,250;28,10;1135,050;263,196;0,000;845,200;880,000;860,500;328,750;;;;;0,00;0,00;0,00;3,00;3,92;15,427;27,408;0,58;0,49;999998,00;999998,00;999998,00;999998,00;999998,00;999998,00;999998,00;999998,00;999998,00;999998,00;999998,00;999998,00;999998,00;999998,00;999998,00;;;;;;;;;;;;;;;;;922,0411;22,12673;91,5201;0,41750081;0,41750081;0,00584;1,99697;35,0069;17,718026;0,157512;24,207944;27,654398;0,0382;3,8137;1,51;150,43;0,01;0,83;70,79;;616,864;611,260;9,2379295;17,34200;3,11400;0,02700;0,1778014;;56,39;56,00;;;
Conditionet ? (Y/N);N;57;17,68800;2,87400;0,024000;77,350;85,09;-14,5800;0,000;100,806;28,400;0,000;484,250;553,550;28,10;1135,017;263,196;0,000;845,100;880,000;860,500;328,750;;;;;0,00;0,00;0,00;3,00;3,92;15,406;27,408;0,58;0,48;999998,00;999998,00;999998,00;999998,00;999998,00;999998,00;999998,00;999998,00;999998,00;999998,00;999998,00;999998,00;999998,00;999998,00;999998,00;;;;;;;;;;;;;;;;;915,7750;21,58869;91,1162;0,42499797;0,42499797;0,00405;1,94512;35,9227;17,465329;0,161270;23,946756;27,373725;0,0387;3,8651;1,55;154,30;0,00;0,83;70,27;;622,163;621,831;9,1751499;17,31700;3,13200;0,01600;0,1791725;;55,84;57,00;;;
Conditioning temperature (°C);;58;17,66600;2,92500;0,011000;78,475;83,93;-14,8400;0,000;100,802;28,400;0,000;486,150;555,550;28,20;1134,617;263,196;0,000;844,100;879,800;860,500;328,750;;;;;0,00;0,00;0,00;3,00;3,92;15,425;27,418;0,58;0,48;999998,00;999998,00;999998,00;999998,00;999998,00;999998,00;999998,00;999998,00;999998,00;999998,00;999998,00;999998,00;999998,00;999998,00;999998,00;;;;;;;;;;;;;;;;;922,0613;40,16543;184,4105;0,23000209;0,23000209;0,00423;3,61201;36,8447;17,557470;0,175080;24,167543;27,617564;0,0424;4,2334;1,59;158,53;0,00;0,83;70,74;;627,279;621,831;9,2381317;17,31200;3,13100;0,01700;0,1794610;;55,58;58,00;;;
Conditioning RH (%);;59;17,62300;2,96700;0,000000;78,525;85,54;-15,1300;0,000;100,806;28,400;0,000;487,550;556,850;28,10;1134,617;263,190;0,000;844,100;879,800;860,500;328,750;;;;;0,00;0,00;0,00;3,00;3,92;15,397;27,418;0,58;0,49;999998,00;999998,00;999998,00;999998,00;999998,00;999998,00;999998,00;999998,00;999998,00;999998,00;999998,00;999998,00;999998,00;999998,00;999998,00;;;;;;;;;;;;;;;;;916,4894;20,75093;85,5300;0,44250107;0,44250107;0,00221;1,86503;37,7612;17,537829;0,156036;24,210026;27,651222;0,0378;3,7775;1,63;162,31;0,00;0,83;70,25;;632,228;631,807;9,1823069;17,33300;3,11400;0,00400;0,1785586;;55,29;59,00;;;
;;60;17,57000;3,00600;0,005000;75,075;86,04;-15,6700;0,000;100,808;28,400;0,000;489,150;558,950;28,10;1134,683;263,196;0,000;844,400;879,700;860,500;328,750;;;;;0,00;0,00;0,00;3,00;3,92;15,391;27,410;0,58;0,49;999998,00;999998,00;999998,00;999998,00;999998,00;999998,00;999998,00;999998,00;999998,00;999998,00;999998,00;999998,00;999998,00;999998,00;999998,00;;;;;;;;;;;;;;;;;891,0232;23,38997;93,5431;0,38166618;0,38166618;0,00519;2,10395;38,6522;17,120170;0,150217;23,711029;27,094510;0,0357;3,5635;1,66;165,87;0,01;0,80;68,37;;636,754;631,807;8,9271611;17,34400;3,10400;0,02400;0,1778203;;54,75;60,00;;;
Data collected;;61;17,51300;3,02800;0,015000;73,400;85,33;-15,9100;0,000;100,806;28,400;0,000;491,150;561,550;28,10;1134,517;263,196;0,000;844,100;879,600;860,400;328,750;;;;;0,00;0,00;0,00;3,00;3,92;15,408;27,418;0,58;0,49;999998,00;999998,00;999998,00;999998,00;999998,00;999998,00;999998,00;999998,00;999998,00;999998,00;999998,00;999998,00;999998,00;999998,00;999998,00;;;;;;;;;;;;;;;;;881,1288;21,06109;89,0746;0,41916307;0,41916307;0,00601;1,89782;39,5334;16,893607;0,158464;23,492910;26,860315;0,0373;3,7266;1,70;169,60;0,01;0,80;67,65;;640,841;640,561;8,8280291;17,33400;3,11600;0,03000;0,1782117;;54,51;61,00;;;
CO/CO2 data collected?;Yes;62;17,46900;3,04200;0,004000;77,025;84,18;-16,5000;0,000;100,808;28,400;0,000;491,950;561,150;28,10;1134,617;263,196;0,000;844,400;879,600;860,400;328,750;;;;;0,00;0,00;0,00;3,00;3,92;15,404;27,413;0,58;0,48;999998,00;999998,00;999998,00;999998,00;999998,00;999998,00;999998,00;999998,00;999998,00;999998,00;999998,00;999998,00;999998,00;999998,00;999998,00;;;;;;;;;;;;;;;;;904,1069;20,58697;94,2256;0,43999894;0,43999894;0,00493;1,85295;40,4375;17,291665;0,172032;24,085632;27,473630;0,0415;4,1381;1,74;173,74;0,00;0,82;69,38;;644,902;640,561;9,0582470;17,32700;3,12000;0,02200;0,1786571;;53,92;62,00;;;
Mass data collected?;Yes;63;17,43700;3,06000;0,018000;77,975;83,09;-16,7400;0,000;100,804;28,400;0,000;492,850;561,250;28,10;1134,750;263,196;0,000;844,900;879,600;860,300;328,750;;;;;0,00;0,00;0,00;3,00;3,92;15,383;27,418;0,58;0,47;999998,00;999998,00;999998,00;999998,00;999998,00;999998,00;999998,00;999998,00;999998,00;999998,00;999998,00;999998,00;999998,00;999998,00;999998,00;;;;;;;;;;;;;;;;;906,8439;42,42298;209,4511;0,21416855;0,21416855;0,00588;3,82547;41,3443;17,382080;0,185133;24,255865;27,622207;0,0449;4,4773;1,79;178,21;0,01;0,82;69,63;;649,038;648,606;9,0856691;17,33300;3,11900;0,02800;0,1782591;;53,68;63,00;;;
Smoke data collected;Yes;64;17,42200;3,08900;0,026000;76,125;84,95;-17,0300;0,000;100,804;28,400;0,000;493,750;561,750;28,10;1134,783;263,196;0,000;845,100;879,500;860,300;328,750;;;;;0,00;0,00;0,00;3,00;3,93;15,404;27,408;0,58;0,48;999998,00;999998,00;999998,00;999998,00;999998,00;999998,00;999998,00;999998,00;999998,00;999998,00;999998,00;999998,00;999998,00;999998,00;999998,00;;;;;;;;;;;;;;;;;902,7716;20,28756;87,5092;0,44583321;0,44583321;0,00641;1,83945;42,2471;17,158983;0,162966;23,988269;27,291970;0,0390;3,8941;1,82;182,11;0,01;0,82;69,40;;653,034;648,606;9,0448682;17,29800;3,16200;0,03200;0,1797946;;53,39;64,00;;;
Soot mass data colelcted;;65;17,40500;3,10000;0,026000;75,550;82,85;-17,5800;0,000;100,806;28,400;0,000;495,050;562,650;28,10;1134,483;263,196;0,000;844,300;879,400;860,300;328,750;;;;;0,00;0,00;0,00;3,00;3,93;15,376;27,418;0,58;0,47;999998,00;999998,00;999998,00;999998,00;999998,00;999998,00;999998,00;999998,00;999998,00;999998,00;999998,00;999998,00;999998,00;999998,00;999998,00;;;;;;;;;;;;;;;;;914,5848;20,74693;101,5326;0,44166660;0,44166660;0,00396;1,87342;43,1617;17,071597;0,187972;23,928941;27,196482;0,0448;4,4759;1,87;186,58;0,00;0,83;70,23;;656,967;656,671;9,1632248;17,23500;3,20600;0,01600;0,1831414;;52,84;65,00;;;
Soot mass ratio (1:x);;66;17,37100;3,11400;0,029000;80,775;82,46;-17,8700;0,000;100,808;28,400;0,000;495,850;562,150;28,10;1134,417;263,196;0,000;844,200;879,400;860,200;328,750;;;;;0,00;0,00;0,00;3,00;3,93;15,414;27,405;0,58;0,47;999998,00;999998,00;999998,00;999998,00;999998,00;999998,00;999998,00;999998,00;999998,00;999998,00;999998,00;999998,00;999998,00;999998,00;999998,00;;;;;;;;;;;;;;;;;949,8405;38,71078;192,9906;0,24583467;0,24583467;0,00409;3,49061;44,1115;17,637814;0,192658;24,762549;28,073544;0,0474;4,7354;1,92;191,32;0,00;0,86;72,93;;661,138;656,671;9,5164523;17,21600;3,21800;0,01600;0,1841137;;52,55;66,00;;;
Soot mass (g);;67;17,35400;3,13200;0,027000;74,975;84,89;-18,1600;0,000;100,806;28,300;0,000;496,550;563,050;28,20;1134,317;263,196;0,000;844,100;879,200;860,200;328,750;;;;;0,00;0,00;0,00;3,00;3,93;15,355;27,410;0,58;0,48;999998,00;999998,00;999998,00;999998,00;999998,00;999998,00;999998,00;999998,00;999998,00;999998,00;999998,00;999998,00;999998,00;999998,00;999998,00;;;;;;;;;;;;;;;;;916,4789;20,48079;86,6555;0,44833247;0,44833247;0,00244;1,84794;45,0280;16,980802;0,163605;23,873794;27,071070;0,0389;3,8777;1,96;195,20;0,00;0,83;70,35;;665,198;664,399;9,1822025;17,20900;3,22700;0,00600;0,1845275;;52,26;67,00;;;
;;68;17,34200;3,13100;0,016000;75,100;83,47;-18,7200;0,000;100,802;28,300;0,000;498,450;566,150;28,10;1134,217;263,196;0,000;843,800;879,200;860,200;328,750;;;;;0,00;0,00;0,00;3,00;3,93;15,408;27,434;0,58;0,48;999998,00;999998,00;999998,00;999998,00;999998,00;999998,00;999998,00;999998,00;999998,00;999998,00;999998,00;999998,00;999998,00;999998,00;999998,00;;;;;;;;;;;;;;;;;918,1284;21,94540;102,7150;0,41916434;0,41916434;0,00274;1,97877;45,9461;16,962529;0,180510;23,939356;27,190825;0,0431;4,2973;2,00;199,49;0,00;0,83;70,48;;668,905;664,399;9,1987282;17,19800;3,23400;0,00800;0,1850692;;51,70;68,00;;;
Comments;;69;17,31700;3,11400;0,017000;77,950;85,30;-19,0000;0,000;100,804;28,300;0,000;500,150;567,950;28,20;1134,283;263,196;0,000;844,100;879,100;860,200;328,750;;;;;0,00;0,00;0,00;3,00;3,93;15,387;27,421;0,58;0,49;999998,00;999998,00;999998,00;999998,00;999998,00;999998,00;999998,00;999998,00;999998,00;999998,00;999998,00;999998,00;999998,00;999998,00;999998,00;;;;;;;;;;;;;;;;;933,6924;22,09761;91,3315;0,42333380;0,42333380;0,00370;1,99024;46,8798;17,251996;0,158876;24,430925;27,742764;0,0387;3,8590;2,04;203,35;0,00;0,84;71,68;;672,630;671,955;9,3546640;17,19800;3,23000;0,01400;0,1850487;;51,42;69,00;;;
Pre-test comments;;70;17,31200;3,10400;0,004000;76,200;83,37;-19,5600;0,000;100,804;28,300;0,000;500,750;568,250;28,20;1133,783;263,196;0,000;842,600;879,100;860,200;328,750;;;;;0,00;0,00;0,00;3,00;3,93;15,406;27,437;0,58;0,48;999998,00;999998,00;999998,00;999998,00;999998,00;999998,00;999998,00;999998,00;999998,00;999998,00;999998,00;999998,00;999998,00;999998,00;999998,00;;;;;;;;;;;;;;;;;920,3814;21,99917;104,2780;0,41916593;0,41916593;0,00366;1,97867;47,8002;17,047019;0,181675;24,169612;27,427623;0,0437;4,3627;2,08;207,72;0,00;0,83;70,64;;676,264;671,955;9,2213017;17,20800;3,21800;0,01400;0,1845954;;50,86;70,00;;;
After test comments;;71;17,33300;3,11600;0,024000;76,925;85,23;-19,8000;0,000;100,804;28,300;0,000;502,150;569,650;28,20;1133,917;263,196;0,000;842,900;879,100;860,300;328,750;;;;;0,00;0,00;0,00;3,00;3,93;15,358;27,426;0,58;0,49;999998,00;999998,00;999998,00;999998,00;999998,00;999998,00;999998,00;999998,00;999998,00;999998,00;999998,00;999998,00;999998,00;999998,00;999998,00;;;;;;;;;;;;;;;;;919,7297;42,04432;176,3438;0,21916803;0,21916803;0,00427;3,79335;48,7199;17,104031;0,159711;24,318243;27,587150;0,0386;3,8576;2,12;211,57;0,00;0,83;70,63;;679,698;679,131;9,2147715;17,22100;3,21500;0,01800;0,1838357;;50,62;71,00;;;
;;72;17,34400;3,12000;0,030000;76,175;85,67;-20,0900;0,000;100,796;28,300;0,000;503,050;570,550;28,20;1134,250;263,196;0,000;844,100;878,900;860,300;328,750;;;;;0,00;0,00;0,00;3,00;3,93;15,383;27,418;0,58;0,49;999998,00;999998,00;999998,00;999998,00;999998,00;999998,00;999998,00;999998,00;999998,00;999998,00;999998,00;999998,00;999998,00;999998,00;999998,00;;;;;;;;;;;;;;;;;918,1768;21,47659;86,9096;0,42833678;0,42833678;0,00695;1,95165;49,6381;17,005213;0,154483;24,221080;27,471101;0,0372;3,7156;2,16;215,29;0,01;0,84;70,66;;683,021;679,131;9,1992132;17,19800;3,25100;0,03600;0,1846080;;50,33;72,00;;;
Events;;73;17,33400;3,11900;0,022000;76,175;85,67;-20,6100;0,000;100,796;28,300;0,000;503,050;570,550;28,20;1134,317;263,196;0,000;844,300;878,900;860,300;328,750;;;;;0,00;0,00;0,00;3,00;3,93;15,441;27,416;0,58;0,49;999998,00;999998,00;999998,00;999998,00;999998,00;999998,00;999998,00;999998,00;999998,00;999998,00;999998,00;999998,00;999998,00;999998,00;999998,00;;;;;;;;;;;;;;;;;931,4837;23,33144;93,0668;0,39999835;0,39999835;0,00590;2,11533;50,5696;17,005213;0,154483;24,221080;27,471101;0,0372;3,7156;2,19;219,00;0,01;0,85;71,66;;686,333;685,884;9,3325356;17,14500;3,29000;0,02900;0,1873355;;49,81;73,00;;;
Number of events;;74;17,32700;3,16200;0,028000;80,000;83,48;-20,9000;0,000;100,804;28,300;0,000;503,750;570,450;28,20;1134,483;263,196;0,000;844,700;878,900;860,400;328,850;;;;;0,00;0,00;0,00;3,00;3,94;15,433;27,418;0,58;0,48;999998,00;999998,00;999998,00;999998,00;999998,00;999998,00;999998,00;999998,00;999998,00;999998,00;999998,00;999998,00;999998,00;999998,00;999998,00;;;;;;;;;;;;;;;;;968,1934;21,92180;100,5702;0,44249694;0,44249694;0,00435;1,98657;51,5378;17,414816;0,180363;24,839007;28,127863;0,0445;4,4418;2,24;223,45;0,00;0,88;74,46;;689,894;685,884;9,7003297;17,08900;3,33700;0,01800;0,1901935;;49,52;74,00;;;
Event1;;75;17,33300;3,20600;0,032000;77,100;83,70;-21,4800;0,000;100,806;28,300;0,000;504,350;570,750;28,20;1134,283;263,196;0,000;844,100;878,900;860,400;328,850;;;;;0,00;0,00;0,00;3,00;3,94;15,404;27,426;0,58;0,48;999998,00;999998,00;999998,00;999998,00;999998,00;999998,00;999998,00;999998,00;999998,00;999998,00;999998,00;999998,00;999998,00;999998,00;999998,00;;;;;;;;;;;;;;;;;959,3138;21,84400;97,8404;0,44000022;0,44000022;0,00412;1,97978;52,4971;17,086087;0,177741;24,399162;27,611425;0,0430;4,2968;2,28;227,74;0,00;0,87;73,79;;693,546;692,804;9,6113646;17,05000;3,37000;0,01700;0,1921127;;48,94;75,00;;;
Event2;;76;17,29800;3,21800;0,016000;72,375;83,68;-21,7400;0,000;100,804;28,300;0,000;504,850;571,050;28,20;1134,383;263,196;0,000;844,400;878,800;860,500;328,850;;;;;0,00;0,00;0,00;3,00;3,94;15,408;27,429;0,58;0,48;999998,00;999998,00;999998,00;999998,00;999998,00;999998,00;999998,00;999998,00;999998,00;999998,00;999998,00;999998,00;999998,00;999998,00;999998,00;;;;;;;;;;;;;;;;;938,5474;39,59252;175,9031;0,23750210;0,23750210;0,00604;3,58494;53,4356;16,546058;0,178023;23,651417;26,752782;0,0418;4,1698;2,32;231,91;0,01;0,85;72,25;;696,906;692,804;9,4033069;17,00700;3,40100;0,03100;0,1941299;;48,68;76,00;;;
Event3;;77;17,23500;3,22700;0,016000;70,875;82,94;-22,0500;0,000;100,806;28,300;0,000;505,850;572,650;28,20;1134,517;263,196;0,000;844,800;878,800;860,500;328,850;;;;;0,00;0,00;0,00;3,00;3,94;15,370;27,402;0,58;0,47;999998,00;999998,00;999998,00;999998,00;999998,00;999998,00;999998,00;999998,00;999998,00;999998,00;999998,00;999998,00;999998,00;999998,00;999998,00;;;;;;;;;;;;;;;;;935,9694;20,31215;94,1642;0,46166833;0,46166833;0,00452;1,84062;54,3716;16,357506;0,186859;23,428211;26,522022;0,0435;4,3390;2,37;236,25;0,00;0,85;72,04;;700,028;699,423;9,3774774;16,97300;3,43300;0,02100;0,1958623;;48,37;77,00;;;
Event4;;78;17,21600;3,23400;0,006000;72,600;81,16;-22,6100;0,000;100,808;28,300;0,000;506,550;572,750;28,20;1134,683;263,196;0,000;845,400;878,700;860,500;328,850;;;;;0,00;0,00;0,00;3,00;3,94;15,408;27,450;0,58;0,46;999998,00;999998,00;999998,00;999998,00;999998,00;999998,00;999998,00;999998,00;999998,00;999998,00;999998,00;999998,00;999998,00;999998,00;999998,00;;;;;;;;;;;;;;;;;954,4534;22,45643;115,2895;0,42583211;0,42583211;0,00340;2,03077;55,3261;16,543926;0,208607;23,728002;26,828968;0,0491;4,9001;2,42;241,15;0,00;0,86;73,43;;703,171;699,423;9,5626689;16,94200;3,45400;0,01300;0,1975125;;47,81;78,00;;;
Event5;;79;17,20900;3,23000;0,008000;79,500;83,95;-22,9000;0,000;100,804;28,300;0,000;507,750;574,750;28,20;1134,750;263,196;0,000;845,800;878,600;860,400;328,850;;;;;0,00;0,00;0,00;3,00;3,94;15,400;27,445;0,58;0,48;999998,00;999998,00;999998,00;999998,00;999998,00;999998,00;999998,00;999998,00;999998,00;999998,00;999998,00;999998,00;999998,00;999998,00;999998,00;;;;;;;;;;;;;;;;;1000,2418;24,59245;105,8509;0,40749995;0,40749995;0,00187;2,21677;56,3263;17,291793;0,174746;24,859377;28,139689;0,0431;4,3052;2,46;245,46;0,00;0,90;76,88;;706,642;706,225;10,0214229;16,93500;3,45200;0,00200;0,1980456;;47,52;79,00;;;
Event6;;80;17,19800;3,21800;0,014000;73,550;84,07;-23,4300;0,000;100,804;28,300;0,000;508,750;576,450;28,20;1134,883;263,196;0,000;846,300;878,600;860,300;328,850;;;;;0,00;0,00;0,00;3,00;3,94;15,385;27,437;0,58;0,48;999998,00;999998,00;999998,00;999998,00;999998,00;999998,00;999998,00;999998,00;999998,00;999998,00;999998,00;999998,00;999998,00;999998,00;999998,00;;;;;;;;;;;;;;;;;952,6304;22,15335;95,7437;0,43083350;0,43083350;0,00121;1,99407;57,2789;16,615774;0,173397;23,934550;27,119550;0,0412;4,1171;2,50;249,57;0,00;0,86;73,18;;710,014;706,225;9,5444043;16,97300;3,41700;-0,00200;0,1962562;;46,99;80,00;;;
Event7;;81;17,19800;3,21500;0,014000;75,900;84,51;-23,7200;0,000;100,810;28,300;0,000;509,950;577,950;28,20;1134,583;263,196;0,000;845,500;878,500;860,300;328,850;;;;;0,00;0,00;0,00;3,00;3,94;15,379;27,440;0,58;0,48;999998,00;999998,00;999998,00;999998,00;999998,00;999998,00;999998,00;999998,00;999998,00;999998,00;999998,00;999998,00;999998,00;999998,00;999998,00;;;;;;;;;;;;;;;;;956,8295;39,39691;167,1805;0,24333064;0,24333064;0,00078;3,55054;58,2358;16,859261;0,168096;24,342568;27,588561;0,0407;4,0603;2,54;253,63;0,00;0,86;73,48;;713,035;712,949;9,5864750;17,01400;3,38700;-0,00500;0,1942337;;46,70;81,00;;;
Event8;;82;17,20800;3,25100;0,018000;72,550;84,46;-24,0000;0,000;100,806;28,300;0,000;511,250;579,950;28,20;1134,317;263,196;0,000;844,900;878,400;860,200;328,850;;;;;0,00;0,00;0,00;3,00;3,94;15,408;27,450;0,58;0,48;999998,00;999998,00;999998,00;999998,00;999998,00;999998,00;999998,00;999998,00;999998,00;999998,00;999998,00;999998,00;999998,00;999998,00;999998,00;;;;;;;;;;;;;;;;;937,1820;21,87874;93,2443;0,42916679;0,42916679;0,00426;1,97920;59,1729;16,462033;0,168764;23,829618;27,031758;0,0400;3,9941;2,58;257,63;0,00;0,85;72,10;;715,888;712,949;9,3896266;16,99500;3,41000;0,01900;0,1948503;;46,42;82,00;;;
Event9;;83;17,22100;3,29000;0,036000;73,325;86,02;-24,5400;0,000;100,810;28,300;0,000;512,450;581,550;28,20;1134,183;263,196;0,000;844,600;878,400;860,100;328,850;;;;;0,00;0,00;0,00;3,00;3,95;15,429;27,434;0,58;0,49;999998,00;999998,00;999998,00;999998,00;999998,00;999998,00;999998,00;999998,00;999998,00;999998,00;999998,00;999998,00;999998,00;999998,00;999998,00;;;;;;;;;;;;;;;;;951,8010;22,75013;85,6622;0,41916656;0,41916656;0,00457;2,06990;60,1247;16,530338;0,150388;23,984656;27,218805;0,0359;3,5839;2,62;261,21;0,00;0,87;73,31;;718,643;718,765;9,5360941;16,94500;3,46800;0,02100;0,1971182;;45,88;83,00;;;
;;84;17,19800;3,33700;0,029000;74,525;83,93;-24,8400;0,000;100,806;28,300;0,000;513,350;582,250;28,20;1134,383;263,196;0,000;845,300;878,300;860,100;328,850;;;;;0,00;0,00;0,00;3,00;3,95;15,385;27,429;0,58;0,48;999998,00;999998,00;999998,00;999998,00;999998,00;999998,00;999998,00;999998,00;999998,00;999998,00;999998,00;999998,00;999998,00;999998,00;999998,00;;;;;;;;;;;;;;;;;969,7369;22,12317;95,9612;0,43916829;0,43916829;0,00666;2,00742;61,0945;16,650437;0,175023;24,201343;27,449562;0,0421;4,2063;2,66;265,42;0,01;0,88;74,73;;721,525;718,765;9,7157938;16,89700;3,49800;0,03500;0,1994328;;45,58;84,00;;;
;;85;17,14500;3,37000;0,018000;75,525;84,20;-25,4100;0,000;100,806;28,300;0,000;513,550;581,150;28,20;1134,550;263,196;0,000;846,000;878,200;860,000;328,850;;;;;0,00;0,00;0,00;3,00;3,95;15,372;27,440;0,58;0,48;999998,00;999998,00;999998,00;999998,00;999998,00;999998,00;999998,00;999998,00;999998,00;999998,00;999998,00;999998,00;999998,00;999998,00;999998,00;;;;;;;;;;;;;;;;;985,1764;22,09801;93,0209;0,44666831;0,44666831;0,00656;2,00607;62,0797;16,758512;0,171770;24,367919;27,575536;0,0415;4,1471;2,70;269,57;0,01;0,90;75,94;;724,536;724,641;9,8704820;16,85800;3,53200;0,03400;0,2013408;;45,01;85,00;;;
;;86;17,08900;3,40100;0,017000;70,375;84,40;-25,6900;0,000;100,804;28,300;0,000;514,250;582,150;28,20;1134,217;263,196;0,000;845,100;878,100;860,000;328,850;;;;;0,00;0,00;0,00;3,00;3,95;15,435;27,442;0,58;0,48;999998,00;999998,00;999998,00;999998,00;999998,00;999998,00;999998,00;999998,00;999998,00;999998,00;999998,00;999998,00;999998,00;999998,00;999998,00;;;;;;;;;;;;;;;;;963,2535;41,06790;168,5336;0,23499711;0,23499711;0,00290;3,72988;63,0429;16,166034;0,169440;23,538461;26,646407;0,0396;3,9530;2,74;273,52;0,00;0,88;74,20;;727,439;724,641;9,6508369;16,80500;3,58100;0,01000;0,2041318;;44,73;86,00;;;
;;87;17,05000;3,43300;0,031000;71,650;83,31;-25,9800;0,000;100,806;28,300;0,000;515,150;583,750;28,20;1133,917;263,196;0,000;844,300;878,100;859,900;328,850;;;;;0,00;0,00;0,00;3,00;3,95;15,429;27,442;0,58;0,48;999998,00;999998,00;999998,00;999998,00;999998,00;999998,00;999998,00;999998,00;999998,00;999998,00;999998,00;999998,00;999998,00;999998,00;999998,00;;;;;;;;;;;;;;;;;979,0181;20,86977;91,7273;0,46999963;0,46999963;0,00306;1,88967;64,0219;16,297563;0,182453;23,771503;26,937038;0,0431;4,3030;2,78;277,82;0,00;0,89;75,40;;730,240;730,559;9,8087828;16,77200;3,59900;0,01100;0,2058343;;44,44;87,00;;;
;;88;17,00700;3,45400;0,021000;73,625;84,28;-26,5800;0,000;100,802;28,300;0,000;516,450;585,450;28,20;1133,883;263,196;0,000;844,300;878,000;859,900;328,850;;;;;0,00;0,00;0,00;3,00;3,95;15,429;27,440;0,58;0,48;999998,00;999998,00;999998,00;999998,00;999998,00;999998,00;999998,00;999998,00;999998,00;999998,00;999998,00;999998,00;999998,00;999998,00;999998,00;;;;;;;;;;;;;;;;;990,4938;21,57328;89,0953;0,46000226;0,46000226;0,00135;1,95032;65,0124;16,499848;0,170824;24,127287;27,350799;0,0410;4,0906;2,82;281,91;0,00;0,90;76,23;;733,133;730,559;9,9237573;16,77800;3,59100;-0,00100;0,2056898;;43,84;88,00;;;
;;89;16,97300;3,45200;0,013000;69,475;83,66;-26,8900;0,000;100,806;28,300;0,000;517,450;586,650;28,20;1133,783;263,196;0,000;844,200;877,900;859,800;328,850;;;;;0,00;0,00;0,00;3,00;3,95;15,429;27,442;0,58;0,48;999998,00;999998,00;999998,00;999998,00;999998,00;999998,00;999998,00;999998,00;999998,00;999998,00;999998,00;999998,00;999998,00;999998,00;999998,00;;;;;;;;;;;;;;;;;959,8921;22,15077;95,8038;0,43416818;0,43416818;0,00315;2,00818;65,9723;16,012588;0,178281;23,460117;26,597503;0,0416;4,1516;2,87;286,06;0,00;0,87;73,94;;735,852;735,928;9,6171586;16,78000;3,59600;0,01200;0,2053956;;43,53;89,00;;;
;;90;16,94200;3,41700;0,002000;71,200;86,15;-27,4500;0,000;100,806;28,300;0,000;518,750;589,250;28,20;1133,750;263,196;0,000;844,100;877,900;859,800;328,850;;;;;0,00;0,00;0,00;3,00;3,95;15,429;27,453;0,58;0,49;999998,00;999998,00;999998,00;999998,00;999998,00;999998,00;999998,00;999998,00;999998,00;999998,00;999998,00;999998,00;999998,00;999998,00;999998,00;;;;;;;;;;;;;;;;;976,0984;23,66014;85,3795;0,41333357;0,41333357;0,00233;2,14658;66,9484;16,189833;0,148942;23,779393;27,011098;0,0353;3,5223;2,90;289,59;0,00;0,89;75,19;;738,432;735,928;9,7795298;16,75600;3,61900;0,00600;0,2066019;;42,97;90,00;;;
;;91;16,93500;3,38700;-0,002000;69,575;86,03;-27,7300;0,000;100,806;28,300;0,000;520,450;592,250;28,20;1133,717;263,196;0,000;844,000;877,900;859,800;328,850;;;;;0,00;0,00;0,00;3,00;3,95;15,399;27,437;0,58;0,49;999998,00;999998,00;999998,00;999998,00;999998,00;999998,00;999998,00;999998,00;999998,00;999998,00;999998,00;999998,00;999998,00;999998,00;999998,00;;;;;;;;;;;;;;;;;968,3980;21,40245;77,9138;0,45333036;0,45333036;0,00371;1,94347;67,9168;15,977857;0,150283;23,544952;26,793156;0,0353;3,5254;2,94;293,11;0,00;0,88;74,65;;741,001;740,944;9,7023797;16,73100;3,64100;0,01600;0,2077159;;42,69;91,00;;;
;;92;16,97300;3,41000;-0,005000;73,575;85,07;-28,3400;0,000;100,810;28,300;0,000;521,250;592,950;28,20;1133,617;263,196;0,000;843,800;877,900;859,700;328,850;;;;;0,00;0,00;0,00;3,00;3,95;15,429;27,440;0,58;0,49;999998,00;999998,00;999998,00;999998,00;999998,00;999998,00;999998,00;999998,00;999998,00;999998,00;999998,00;999998,00;999998,00;999998,00;999998,00;;;;;;;;;;;;;;;;;1005,1652;22,80168;88,4062;0,44166692;0,44166692;0,00323;2,07655;68,9220;16,418124;0,161488;24,230919;27,563977;0,0390;3,8972;2,98;297,01;0,00;0,92;77,52;;743,673;740,944;10,0707498;16,68600;3,68800;0,01200;0,2098667;;42,08;92,00;;;
;;93;17,01400;3,46800;0,019000;73,275;85,17;-28,5700;0,000;100,806;28,300;0,000;521,950;593,650;28,20;1133,583;263,196;0,000;843,800;877,800;859,700;328,850;;;;;0,00;0,00;0,00;3,00;3,96;15,408;27,448;0,58;0,49;999998,00;999998,00;999998,00;999998,00;999998,00;999998,00;999998,00;999998,00;999998,00;999998,00;999998,00;999998,00;999998,00;999998,00;999998,00;;;;;;;;;;;;;;;;;1013,5343;48,74164;185,8362;0,20833524;0,20833524;0,00525;4,43971;69,9355;16,373627;0,160370;24,197699;27,521724;0,0387;3,8643;3,01;300,87;0,01;0,92;78,24;;746,529;746,320;10,1546003;16,63500;3,72900;0,02600;0,2122422;;41,85;93,00;;;
;;94;16,99500;3,49800;0,021000;69,850;85,17;-28,8700;0,000;100,810;28,300;0,000;523,350;595,950;28,20;1133,917;263,196;0,000;844,900;877,800;859,600;328,850;;;;;0,00;0,00;0,00;3,00;3,96;15,414;27,440;0,58;0,49;999998,00;999998,00;999998,00;999998,00;999998,00;999998,00;999998,00;999998,00;999998,00;999998,00;999998,00;999998,00;999998,00;999998,00;999998,00;;;;;;;;;;;;;;;;;1000,0487;20,83782;78,8145;0,48083178;0,48083178;0,00709;1,89703;70,9356;15,964986;0,160371;23,657074;26,938823;0,0379;3,7825;3,05;304,66;0,01;0,91;77,25;;749,298;746,320;10,0194877;16,58000;3,77100;0,04000;0,2148369;;41,55;94,00;;;
;;95;16,94500;3,53200;0,035000;76,800;83,67;-29,4700;0,000;100,810;28,300;0,000;524,050;596,050;28,20;1134,117;263,196;0,000;845,500;877,800;859,600;328,850;;;;;0,00;0,00;0,00;3,00;3,96;15,421;27,442;0,58;0,48;999998,00;999998,00;999998,00;999998,00;999998,00;999998,00;999998,00;999998,00;999998,00;999998,00;999998,00;999998,00;999998,00;999998,00;999998,00;;;;;;;;;;;;;;;;;1047,5102;23,40901;98,4166;0,44833183;0,44833183;0,00936;2,12278;71,9831;16,729220;0,178162;24,822680;28,233105;0,0441;4,4040;3,10;309,06;0,01;0,95;80,92;;752,188;752,304;10,4950051;16,58200;3,75500;0,05300;0,2147520;;40,95;95,00;;;
;;96;16,89700;3,58100;0,034000;71,450;84,71;-29,7700;0,000;100,806;28,300;0,000;525,050;597,850;28,20;1134,017;263,196;0,000;845,400;877,700;859,500;328,850;;;;;0,00;0,00;0,00;3,00;3,96;15,389;27,450;0,58;0,48;999998,00;999998,00;999998,00;999998,00;999998,00;999998,00;999998,00;999998,00;999998,00;999998,00;999998,00;999998,00;999998,00;999998,00;999998,00;;;;;;;;;;;;;;;;;1000,5159;21,48031;85,0411;0,46666781;0,46666781;0,00531;1,94773;72,9836;16,120638;0,165793;23,965316;27,288190;0,0397;3,9611;3,14;313,02;0,01;0,91;77,19;;755,019;752,304;10,0241690;16,62600;3,72200;0,02700;0,2128167;;40,65;96,00;;;
Auswertung Test;;97;16,85800;3,59900;0,010000;70,650;86,35;-30,3900;0,000;100,810;28,300;0,000;526,150;599,450;28,20;1133,750;263,196;0,000;844,700;877,700;859,400;328,850;;;;;0,00;0,00;0,00;3,00;3,96;15,458;27,445;0,58;0,49;999998,00;999998,00;999998,00;999998,00;999998,00;999998,00;999998,00;999998,00;999998,00;999998,00;999998,00;999998,00;999998,00;999998,00;999998,00;;;;;;;;;;;;;;;;;987,7589;22,07351;77,9629;0,44833628;0,44833628;0,00443;2,00239;73,9713;16,013370;0,146609;23,855722;27,179155;0,0350;3,4887;3,17;316,51;0,00;0,90;76,18;;757,484;757,774;9,8963563;16,65400;3,70100;0,02100;0,2114811;;40,03;97,00;;;
Software;Logger2025 / 19.09.2025 10:04;98;16,80500;3,59100;0,011000;67,450;86,43;-30,6300;0,000;100,810;28,300;0,000;527,650;602,650;28,20;1133,750;263,196;0,000;844,700;877,700;859,400;328,850;;;;;0,00;0,00;0,00;3,00;3,96;15,385;27,456;0,58;0,49;999998,00;999998,00;999998,00;999998,00;999998,00;999998,00;999998,00;999998,00;999998,00;999998,00;999998,00;999998,00;999998,00;999998,00;999998,00;;;;;;;;;;;;;;;;;971,1225;40,82408;142,9883;0,23833179;0,23833179;0,00280;3,71047;74,9425;15,624259;0,145721;23,342408;26,660290;0,0341;3,4014;3,21;319,91;0,00;0,88;74,90;;759,749;757,774;9,7296767;16,62100;3,73600;0,01000;0,2131325;;39,79;98,00;;;
Auswertung Test;;99;16,77200;3,59600;-0,001000;70,500;84,94;-30,9700;0,000;100,810;28,300;0,000;528,950;603,450;28,20;1133,817;263,196;0,000;845,000;877,700;859,300;328,850;;;;;0,00;0,00;0,00;3,00;3,96;15,400;27,472;0,58;0,49;999998,00;999998,00;999998,00;999998,00;999998,00;999998,00;999998,00;999998,00;999998,00;999998,00;999998,00;999998,00;999998,00;999998,00;999998,00;;;;;;;;;;;;;;;;;1003,7700;20,48922;79,4640;0,49083233;0,49083233;0,00159;1,87109;75,9462;15,953966;0,163117;23,893709;27,259019;0,0390;3,8930;3,24;323,80;0,00;0,92;77,47;;762,049;762,582;10,0567712;16,56500;3,79900;0,00100;0,2158033;;39,45;99,00;;;
Test start time   [s];60;100;16,77800;3,61900;0,012000;71,300;82,67;-31,5500;0,000;100,810;28,300;0,000;528,950;602,550;28,20;1133,817;263,196;0,000;845,100;877,600;859,300;328,850;;;;;0,00;0,00;0,00;3,00;3,96;15,421;27,442;0,58;0,47;999998,00;999998,00;999998,00;999998,00;999998,00;999998,00;999998,00;999998,00;999998,00;999998,00;999998,00;999998,00;999998,00;999998,00;999998,00;;;;;;;;;;;;;;;;;1022,3590;23,36810;104,1335;0,43833319;0,43833319;0,00316;2,12892;76,9686;16,044230;0,190102;24,028894;27,372360;0,0456;4,5559;3,29;328,36;0,00;0,93;78,94;;764,559;762,582;10,2430152;16,50700;3,83800;0,01200;0,2186276;;38,87;100,00;;;
Time to ignition  [s];13;101;16,78000;3,64100;0,006000;76,000;84,68;-31,8600;0,000;100,808;28,400;0,000;529,350;602,050;28,20;1133,917;263,196;0,000;845,500;877,500;859,300;328,850;;;;;0,00;0,00;0,00;3,00;3,96;15,452;27,461;0,58;0,48;999998,00;999998,00;999998,00;999998,00;999998,00;999998,00;999998,00;999998,00;999998,00;999998,00;999998,00;999998,00;999998,00;999998,00;999998,00;;;;;;;;;;;;;;;;;1062,8742;22,30148;86,1546;0,47749901;0,47749901;0,00238;2,02702;78,0315;16,558339;0,166152;24,817610;28,226016;0,0411;4,1061;3,33;332,47;0,00;0,97;82,03;;767,312;767,943;10,6489369;16,47600;3,85700;0,00600;0,2202712;;38,56;101,00;;;
Time to flame out [s];238;102;16,75600;3,68800;0,016000;70,750;84,21;-32,4900;0,000;100,810;28,300;0,000;530,450;603,550;28,20;1133,950;263,196;0,000;845,600;877,600;859,200;328,850;;;;;0,00;0,00;0,00;3,00;3,97;15,410;27,456;0,58;0,48;999998,00;999998,00;999998,00;999998,00;999998,00;999998,00;999998,00;999998,00;999998,00;999998,00;999998,00;999998,00;999998,00;999998,00;999998,00;;;;;;;;;;;;;;;;;1025,3544;21,58949;86,3420;0,47583453;0,47583453;0,00526;1,96314;79,0568;15,959616;0,171730;23,969952;27,273192;0,0411;4,1007;3,37;336,57;0,01;0,93;79,21;;770,026;767,943;10,2730262;16,46800;3,86200;0,02700;0,2204737;;37,93;102,00;;;
Time end of test  [s];242;103;16,73100;3,72900;0,012000;68,650;84,50;-32,7600;0,000;100,808;28,400;0,000;532,450;606,950;28,20;1134,517;263,196;0,000;847,400;877,500;859,200;328,850;;;;;0,00;0,00;0,00;3,00;3,97;15,437;27,440;0,58;0,48;999998,00;999998,00;999998,00;999998,00;999998,00;999998,00;999998,00;999998,00;999998,00;999998,00;999998,00;999998,00;999998,00;999998,00;999998,00;;;;;;;;;;;;;;;;;1007,7787;45,72214;180,1983;0,22083251;0,22083251;0,00600;4,15465;80,0646;15,691422;0,168230;23,656004;26,965934;0,0398;3,9718;3,41;340,54;0,01;0,92;77,86;;772,420;773,135;10,0969346;16,46900;3,85800;0,03300;0,2203970;;37,66;103,00;;;
Masses;;104;16,68600;3,77100;0,026000;74,025;85,34;-33,0400;0,000;100,800;28,400;0,000;533,450;608,050;28,20;1134,283;263,196;0,000;846,800;877,500;859,100;328,850;;;;;0,00;0,00;0,00;3,00;3,97;15,448;27,466;0,58;0,49;999998,00;999998,00;999998,00;999998,00;999998,00;999998,00;999998,00;999998,00;999998,00;999998,00;999998,00;999998,00;999998,00;999998,00;999998,00;;;;;;;;;;;;;;;;;1043,6516;23,45341;87,3008;0,44583480;0,44583480;0,00637;2,13438;81,1083;16,278852;0,158319;24,587692;28,026144;0,0389;3,8848;3,45;344,42;0,01;0,95;80,65;;774,855;773,135;10,4563452;16,47600;3,85700;0,03400;0,2199970;;37,38;104,00;;;
Mass sust.flaming [g];70,35;105;16,63500;3,75500;0,040000;68,075;84,59;-33,6100;0,000;100,800;28,400;0,000;534,650;610,150;28,20;1133,883;263,196;0,000;845,700;877,400;859,100;328,850;;;;;0,00;0,00;0,00;3,00;3,97;15,410;27,472;0,58;0,48;999998,00;999998,00;999998,00;999998,00;999998,00;999998,00;999998,00;999998,00;999998,00;999998,00;999998,00;999998,00;999998,00;999998,00;999998,00;;;;;;;;;;;;;;;;;1000,8694;22,32510;87,9478;0,44916757;0,44916757;0,00748;2,03148;82,1091;15,593388;0,167171;23,605343;26,938745;0,0395;3,9428;3,49;348,37;0,01;0,91;77,37;;777,211;777,539;10,0277108;16,46900;3,86100;0,04400;0,2202599;;36,81;105,00;;;
Mass remaining    [g];-0,05;106;16,58000;3,72200;0,053000;70,125;83,49;-33,9400;0,000;100,800;28,400;0,000;535,150;610,250;28,20;1136,683;263,196;0,000;854,100;877,400;859,100;328,850;;;;;0,00;0,00;0,00;3,00;3,97;15,408;27,469;0,58;0,48;999998,00;999998,00;999998,00;999998,00;999998,00;999998,00;999998,00;999998,00;999998,00;999998,00;999998,00;999998,00;999998,00;999998,00;999998,00;;;;;;;;;;;;;;;;;1016,5894;20,82158;88,3571;0,48916594;0,48916594;0,00451;1,89237;83,1257;15,819040;0,180266;23,969331;27,333055;0,0432;4,3139;3,53;352,68;0,00;0,93;78,51;;779,395;777,539;10,1852089;16,46800;3,86100;0,02200;0,2205324;;36,48;106,00;;;
Mass loss test    [g];70,40;107;16,58200;3,70100;0,027000;71,725;83,62;-34,5700;0,000;100,808;28,400;0,000;536,150;611,150;28,20;1136,650;263,196;0,000;854,000;877,400;859,100;328,850;;;;;0,00;0,00;0,00;3,00;3,97;15,406;27,458;0,58;0,48;999998,00;999998,00;999998,00;999998,00;999998,00;999998,00;999998,00;999998,00;999998,00;999998,00;999998,00;999998,00;999998,00;999998,00;999998,00;;;;;;;;;;;;;;;;;1029,2467;21,63361;90,9486;0,47666677;0,47666677;0,00286;1,96836;84,1550;15,983561;0,178687;24,263874;27,658055;0,0434;4,3270;3,58;357,01;0,00;0,94;79,47;;781,671;781,979;10,3120231;16,46000;3,87300;0,01000;0,2209893;;35,85;107,00;;;
Mass loss rate test [g/s];0,39;108;16,62600;3,73600;0,021000;69,400;83,41;-34,8500;0,000;100,800;28,400;0,000;536,350;610,450;28,20;1135,950;263,196;0,000;852,000;877,300;859,100;328,850;;;;;0,00;0,00;0,00;3,00;3,97;15,408;27,445;0,58;0,48;999998,00;999998,00;999998,00;999998,00;999998,00;999998,00;999998,00;999998,00;999998,00;999998,00;999998,00;999998,00;999998,00;999998,00;999998,00;;;;;;;;;;;;;;;;;1021,0432;41,19412;173,8977;0,24833234;0,24833234;0,00226;3,76816;85,1760;15,719438;0,181194;23,871823;27,169859;0,0432;4,3103;3,62;361,32;0,00;0,94;78,90;;783,926;781,979;10,2298316;16,41700;3,92700;0,00600;0,2229561;;35,57;108,00;;;
Mass loss rate 10/90 [g/s];0,44;109;16,65400;3,79900;0,010000;68,800;87,29;-35,1700;0,000;100,802;28,400;0,000;537,450;612,250;28,20;1135,117;263,196;0,000;849,700;877,200;859,000;328,850;;;;;0,00;0,00;0,00;3,00;3,97;15,416;27,469;0,58;0,50;999998,00;999998,00;999998,00;999998,00;999998,00;999998,00;999998,00;999998,00;999998,00;999998,00;999998,00;999998,00;999998,00;999998,00;999998,00;;;;;;;;;;;;;;;;;1031,7153;21,57236;67,3683;0,47916667;0,47916667;0,00349;1,97145;86,2077;15,635315;0,135772;23,792767;27,104144;0,0323;3,2219;3,65;364,54;0,00;0,94;79,78;;786,150;786,538;10,3367559;16,34200;3,98500;0,01500;0,2265836;;35,25;109,00;;;
Values;;110;16,62100;3,83800;0,001000;70,625;84,28;-35,7600;0,000;100,798;28,400;0,000;538,050;612,650;28,20;1134,683;263,196;0,000;848,500;877,100;859,000;328,850;;;;;0,00;0,00;0,00;3,00;3,97;15,427;27,442;0,58;0,48;999998,00;999998,00;999998,00;999998,00;999998,00;999998,00;999998,00;999998,00;999998,00;999998,00;999998,00;999998,00;999998,00;999998,00;999998,00;;;;;;;;;;;;;;;;;1059,0610;22,61612;87,7087;0,46916676;0,46916676;0,00312;2,06525;87,2668;15,832495;0,170810;24,119720;27,463891;0,0412;4,1072;3,69;368,65;0,00;0,97;81,91;;788,507;786,538;10,6107317;16,27800;4,03600;0,01200;0,2297673;;34,66;110,00;;;
THR   [MJ/m²];171,7;111;16,56500;3,85700;0,012000;70,100;84,33;-36,1000;0,000;100,796;28,400;0,000;538,350;612,350;28,20;1134,583;263,196;0,000;848,300;877,100;858,900;328,850;;;;;0,00;0,00;0,00;3,00;3,98;15,452;27,458;0,58;0,48;999998,00;999998,00;999998,00;999998,00;999998,00;999998,00;999998,00;999998,00;999998,00;999998,00;999998,00;999998,00;999998,00;999998,00;999998,00;;;;;;;;;;;;;;;;;1063,5894;23,68017;90,7270;0,45000108;0,45000108;0,00561;2,16232;88,3304;15,769143;0,170234;24,036603;27,340603;0,0408;4,0750;3,73;372,72;0,01;0,97;82,33;;790,965;791,243;10,6561023;16,23500;4,06900;0,03000;0,2317248;;34,32;111,00;;;
TSP   [m²];7,1;112;16,50700;3,86200;0,006000;70,450;84,14;-36,6600;0,000;100,802;28,400;0,000;539,150;613,650;28,20;1134,383;263,196;0,000;847,800;877,000;858,900;328,850;;;;;0,00;0,00;0,00;3,00;3,98;15,418;27,472;0,58;0,48;999998,00;999998,00;999998,00;999998,00;999998,00;999998,00;999998,00;999998,00;999998,00;999998,00;999998,00;999998,00;999998,00;999998,00;999998,00;;;;;;;;;;;;;;;;;1077,1673;25,39331;97,7350;0,42499924;0,42499924;0,00646;2,32430;89,4075;15,796728;0,172526;24,114431;27,446574;0,0415;4,1459;3,78;376,87;0,01;0,99;83,45;;793,459;791,243;10,7921387;16,17900;4,12300;0,03600;0,2343364;;33,76;112,00;;;
TSR   [m²/m²];704,8;113;16,47600;3,85800;0,027000;67,275;85,27;-36,9700;0,000;100,802;28,400;0,000;540,450;616,150;28,20;1134,383;263,196;0,000;847,900;877,000;858,800;328,850;;;;;0,00;0,00;0,00;3,00;3,98;15,420;27,490;0,58;0,49;999998,00;999998,00;999998,00;999998,00;999998,00;999998,00;999998,00;999998,00;999998,00;999998,00;999998,00;999998,00;999998,00;999998,00;999998,00;;;;;;;;;;;;;;;;;1057,4286;21,58450;76,5449;0,49083265;0,49083265;0,00372;1,96385;90,4650;15,418088;0,159235;23,593171;26,897831;0,0376;3,7500;3,81;380,62;0,00;0,96;81,81;;795,883;796,009;10,5943775;16,15800;4,12200;0,01700;0,2357235;;33,45;113,00;;;
TSR   [m²/m² (none flaming phase)];215,3;114;16,46800;3,85700;0,033000;67,575;83,80;-37,6200;0,000;100,802;28,400;0,000;541,650;617,550;28,20;1133,917;263,196;0,000;846,600;876,900;858,800;328,850;;;;;0,00;0,00;0,00;3,00;3,98;15,418;27,466;0,58;0,48;999998,00;999998,00;999998,00;999998,00;999998,00;999998,00;999998,00;999998,00;999998,00;999998,00;999998,00;999998,00;999998,00;999998,00;999998,00;;;;;;;;;;;;;;;;;1048,1439;21,72687;86,5086;0,48333486;0,48333486;0,00618;1,97012;91,5131;15,435301;0,176614;23,671954;26,989043;0,0418;4,1733;3,86;384,79;0,01;0,95;81,08;;798,136;796,009;10,5013536;16,20600;4,06800;0,03500;0,2333377;;32,80;114,00;;;
TSR   [m²/m² (flaming phase)];489,5;115;16,46900;3,86100;0,034000;70,625;84,20;-37,8900;0,000;100,798;28,400;0,000;542,350;618,350;28,20;1133,983;263,196;0,000;846,900;876,800;858,800;328,850;;;;;0,00;0,00;0,00;3,00;3,98;15,458;27,469;0,58;0,48;999998,00;999998,00;999998,00;999998,00;999998,00;999998,00;999998,00;999998,00;999998,00;999998,00;999998,00;999998,00;999998,00;999998,00;999998,00;;;;;;;;;;;;;;;;;1062,9885;43,03078;168,1373;0,24749915;0,24749915;0,00561;3,92292;92,5761;15,769606;0,171825;24,215908;27,609306;0,0416;4,1535;3,90;388,94;0,01;0,97;82,26;;800,375;800,604;10,6500820;16,23900;4,06000;0,03000;0,2315837;;32,53;115,00;;;
MARHE [kW / m²];946,7;116;16,47600;3,86100;0,044000;66,875;86,23;-38,2200;0,000;100,802;28,400;0,000;543,750;621,550;28,20;1133,850;263,196;0,000;846,600;876,800;858,700;328,850;;;;;0,00;0,00;0,00;3,00;3,98;15,410;27,466;0,58;0,49;999998,00;999998,00;999998,00;999998,00;999998,00;999998,00;999998,00;999998,00;999998,00;999998,00;999998,00;999998,00;999998,00;999998,00;999998,00;;;;;;;;;;;;;;;;;1040,6724;21,68435;72,8417;0,48083051;0,48083051;0,00586;1,97902;93,6168;15,325466;0,148043;23,594633;26,970564;0,0350;3,4958;3,93;392,44;0,01;0,95;80,57;;802,543;800,604;10,4264968;16,20200;4,09400;0,03300;0,2333345;;32,20;116,00;;;
Results HRR;;117;16,46900;3,87300;0,022000;68,575;82,80;-38,8000;0,000;100,802;28,400;0,000;545,350;623,250;28,20;1134,017;263,196;0,000;847,100;876,800;858,700;328,850;;;;;0,00;0,00;0,00;3,00;3,98;15,431;27,477;0,58;0,48;999998,00;999998,00;999998,00;999998,00;999998,00;999998,00;999998,00;999998,00;999998,00;999998,00;999998,00;999998,00;999998,00;999998,00;999998,00;;;;;;;;;;;;;;;;;1061,9371;23,46947;99,7809;0,45333576;0,45333576;0,00565;2,14341;94,6787;15,496252;0,188574;23,927773;27,345712;0,0452;4,5148;3,98;396,95;0,01;0,97;82,24;;804,669;805,080;10,6395482;16,15700;4,13400;0,03100;0,2355311;;31,62;117,00;;;
HRR max [kW/m²];1478,6;118;16,46800;3,92700;0,010000;67,825;85,03;-39,1300;0,000;100,802;28,400;0,000;545,050;621,850;28,20;1134,117;263,203;0,000;847,600;876,700;858,600;328,850;;;;;0,00;0,00;0,00;3,00;3,98;15,441;27,482;0,58;0,49;999998,00;999998,00;999998,00;999998,00;999998,00;999998,00;999998,00;999998,00;999998,00;999998,00;999998,00;999998,00;999998,00;999998,00;999998,00;;;;;;;;;;;;;;;;;1062,1404;22,80326;82,6718;0,46666940;0,46666940;0,00331;2,07688;95,7409;15,415520;0,162042;23,790018;27,142140;0,0386;3,8507;4,02;400,81;0,00;0,97;82,19;;806,850;805,080;10,6415842;16,13500;4,14500;0,01400;0,2368402;;31,29;118,00;;;
Max at [s];166;119;16,46000;3,98500;0,006000;69,975;84,50;-39,7300;0,000;100,802;28,400;0,000;545,450;622,150;28,20;1133,650;263,203;0,000;846,200;876,700;858,600;328,850;;;;;0,00;0,00;0,00;3,00;3,98;15,439;27,477;0,58;0,48;999998,00;999998,00;999998,00;999998,00;999998,00;999998,00;999998,00;999998,00;999998,00;999998,00;999998,00;999998,00;999998,00;999998,00;999998,00;;;;;;;;;;;;;;;;;1078,1963;23,48371;88,4937;0,45999750;0,45999750;0,00294;2,14092;96,8190;15,652201;0,168307;24,173004;27,572160;0,0407;4,0630;4,06;404,87;0,00;0,98;83,43;;809,063;809,533;10,8024491;16,13600;4,14800;0,01100;0,2367833;;30,69;119,00;;;
HRR 060s [kW/m²];817,5;120;16,41700;4,03600;0,015000;68,450;84,33;-40,0600;0,000;100,804;28,400;0,000;547,350;625,150;28,20;1134,050;263,203;0,000;847,500;876,600;858,600;328,850;;;;;0,00;0,00;0,00;3,00;3,98;15,431;27,485;0,58;0,48;999998,00;999998,00;999998,00;999998,00;999998,00;999998,00;999998,00;999998,00;999998,00;999998,00;999998,00;999998,00;999998,00;999998,00;999998,00;;;;;;;;;;;;;;;;;1072,3716;21,41684;81,4592;0,50166543;0,50166543;0,00291;1,95665;97,8914;15,453811;0,170310;23,949751;27,353954;0,0409;4,0788;4,10;408,95;0,00;0,98;83,03;;811,281;809,533;10,7440908;16,09800;4,18700;0,01100;0,2385711;;30,36;120,00;;;
HRR 120s [kW/m²];924,3;121;16,34200;4,06900;0,012000;70,250;84,06;-40,7200;0,000;100,804;28,400;0,000;547,850;625,250;28,20;1134,450;263,203;0,000;848,700;876,600;858,600;328,850;;;;;0,00;0,00;0,00;3,00;3,99;15,461;27,477;0,58;0,48;999998,00;999998,00;999998,00;999998,00;999998,00;999998,00;999998,00;999998,00;999998,00;999998,00;999998,00;999998,00;999998,00;999998,00;999998,00;;;;;;;;;;;;;;;;;1098,8937;22,85771;87,5459;0,48166752;0,48166752;0,00363;2,10689;98,9903;15,648538;0,173524;24,273684;27,703059;0,0422;4,2088;4,14;413,16;0,00;1,01;85,23;;813,548;814,145;11,0098162;16,03100;4,27400;0,01600;0,2415023;;29,70;121,00;;;
HRR 180s [kW/m²];944,6;122;16,27800;4,12300;0,030000;68,000;83,09;-41,0300;0,000;100,800;28,400;0,000;548,550;626,350;28,20;1134,650;263,203;0,000;849,500;876,400;858,600;328,850;;;;;0,00;0,00;0,00;3,00;3,99;15,469;27,477;0,58;0,48;999998,00;999998,00;999998,00;999998,00;999998,00;999998,00;999998,00;999998,00;999998,00;999998,00;999998,00;999998,00;999998,00;999998,00;999998,00;;;;;;;;;;;;;;;;;1100,3074;22,12164;88,9016;0,49833457;0,49833457;0,00575;2,03399;100,0906;15,386073;0,185093;23,897049;27,286331;0,0443;4,4219;4,18;417,58;0,01;1,01;85,40;;815,893;814,145;11,0239802;15,93700;4,34100;0,03200;0,2460539;;29,39;122,00;;;
HRR 240s [kW/m²];--;123;16,23500;4,12200;0,036000;70,400;84,54;-41,7100;0,000;100,800;28,400;0,000;549,050;626,450;28,20;1134,450;263,203;0,000;848,800;876,500;858,600;328,850;;;;;0,00;0,00;0,00;3,00;3,99;15,429;27,482;0,58;0,49;999998,00;999998,00;999998,00;999998,00;999998,00;999998,00;999998,00;999998,00;999998,00;999998,00;999998,00;999998,00;999998,00;999998,00;999998,00;;;;;;;;;;;;;;;;;1136,7804;22,29581;79,9806;0,51083151;0,51083151;0,00612;2,05230;101,2274;15,648107;0,167810;24,326183;27,755464;0,0409;4,0779;4,22;421,66;0,01;1,05;88,30;;818,354;819,083;11,3894030;15,85400;4,41400;0,03400;0,2500557;;28,71;123,00;;;
HRR 300s [kW/m²];--;124;16,17900;4,06800;0,017000;68,300;83,16;-42,0000;0,000;100,804;28,400;0,000;549,850;627,550;28,30;1134,783;263,203;0,000;850,000;876,400;858,500;328,850;;;;;0,00;0,00;0,00;3,00;3,99;15,444;27,472;0,58;0,48;999998,00;999998,00;999998,00;999998,00;999998,00;999998,00;999998,00;999998,00;999998,00;999998,00;999998,00;999998,00;999998,00;999998,00;999998,00;;;;;;;;;;;;;;;;;1132,4378;42,15198;164,2808;0,26916631;0,26916631;0,00603;3,86080;102,3598;15,401736;0,184202;23,978068;27,366438;0,0442;4,4135;4,27;426,07;0,01;1,04;87,93;;820,904;819,083;11,3458941;15,79400;4,44500;0,03400;0,2531657;;28,42;124,00;;;
HRR 360s [kW/m²];--;125;16,15800;4,06000;0,035000;66,475;85,57;-42,3500;0,000;100,804;28,400;0,000;551,450;629,850;28,20;1135,183;263,203;0,000;851,400;876,300;858,400;328,850;;;;;0,00;0,00;0,00;3,00;3,99;15,431;27,466;0,58;0,49;999998,00;999998,00;999998,00;999998,00;999998,00;999998,00;999998,00;999998,00;999998,00;999998,00;999998,00;999998,00;999998,00;999998,00;999998,00;;;;;;;;;;;;;;;;;1112,6589;23,02450;76,3061;0,48416805;0,48416805;0,00688;2,10530;103,4725;15,172514;0,155656;23,689940;27,057955;0,0369;3,6875;4,31;429,76;0,01;1,02;86,38;;823,317;823,973;11,1477297;15,80800;4,42600;0,04100;0,2524849;;28,07;125,00;;;
HRR Test [kW/m²];997,7;126;16,20600;4,09400;0,030000;71,350;85,16;-42,9200;0,000;100,808;28,400;0,000;552,850;632,750;28,20;1134,617;263,203;0,000;849,700;876,300;858,400;328,850;;;;;0,00;0,00;0,00;3,00;3,99;15,448;27,469;0,58;0,49;999998,00;999998,00;999998,00;999998,00;999998,00;999998,00;999998,00;999998,00;999998,00;999998,00;999998,00;999998,00;999998,00;999998,00;999998,00;;;;;;;;;;;;;;;;;1147,1621;25,77965;88,8030;0,44583289;0,44583289;0,00434;2,35814;104,6197;15,699100;0,160471;24,574368;28,125950;0,0396;3,9516;4,35;433,71;0,00;1,05;89,00;;825,751;823,973;11,4934171;15,83000;4,41200;0,02100;0,2515573;;27,50;126,00;;;
Results EHC;;127;16,23900;4,13400;0,033000;67,225;85,61;-43,2600;0,000;100,796;28,400;0,000;553,850;635,150;28,30;1134,050;263,203;0,000;848,200;876,200;858,300;328,950;;;;;0,00;0,00;0,00;3,00;3,99;15,467;27,448;0,58;0,49;999998,00;999998,00;999998,00;999998,00;999998,00;999998,00;999998,00;999998,00;999998,00;999998,00;999998,00;999998,00;999998,00;999998,00;999998,00;;;;;;;;;;;;;;;;;1115,1904;21,62529;72,1525;0,51666800;0,51666800;0,00663;1,98151;105,7349;15,224771;0,155217;23,874990;27,379615;0,0373;3,7208;4,38;437,43;0,01;1,02;86,60;;828,156;828,540;11,1730928;15,81300;4,43000;0,03900;0,2521828;;27,16;127,00;;;
EHC max [MJ/kg];141,5;128;16,20200;4,14500;0,031000;66,225;85,95;-43,9300;0,000;100,804;28,400;0,000;555,750;638,550;28,30;1133,683;263,203;0,000;847,300;876,100;858,200;328,850;;;;;0,00;0,00;0,00;3,00;3,99;15,412;27,482;0,58;0,49;999998,00;999998,00;999998,00;999998,00;999998,00;999998,00;999998,00;999998,00;999998,00;999998,00;999998,00;999998,00;999998,00;999998,00;999998,00;;;;;;;;;;;;;;;;;1115,5472;23,20411;75,1287;0,48166752;0,48166752;0,00430;2,13244;106,8504;15,085256;0,151255;23,737360;27,273938;0,0362;3,6118;4,42;441,04;0,00;1,03;86,64;;830,399;828,540;11,1766677;15,76300;4,48500;0,02200;0,2546596;;26,49;128,00;;;
Max at [s];14;129;16,15700;4,14800;0,014000;68,525;82,78;-44,2300;0,000;100,808;28,400;0,000;555,750;636,850;28,20;1133,683;263,203;0,000;847,400;876,100;858,100;328,950;;;;;0,00;0,00;0,00;3,00;3,99;15,410;27,480;0,58;0,48;999998,00;999998,00;999998,00;999998,00;999998,00;999998,00;999998,00;999998,00;999998,00;999998,00;999998,00;999998,00;999998,00;999998,00;999998,00;;;;;;;;;;;;;;;;;1154,3077;23,96902;94,9930;0,48249817;0,48249817;0,00370;2,20149;108,0047;15,344976;0,188838;24,146042;27,669649;0,0458;4,5747;4,46;445,62;0,00;1,06;89,68;;832,760;833,287;11,5650084;15,67200;4,55900;0,01700;0,2591669;;26,19;129,00;;;
EHC 060s [MJ/kg];28,0;130;16,13500;4,18700;0,011000;69,950;82,59;-44,9000;0,000;100,808;28,300;0,000;556,350;637,350;28,30;1133,450;263,203;0,000;846,900;875,900;858,100;328,850;;;;;0,00;0,00;0,00;3,00;4,00;15,412;27,506;0,58;0,47;999998,00;999998,00;999998,00;999998,00;999998,00;999998,00;999998,00;999998,00;999998,00;999998,00;999998,00;999998,00;999998,00;999998,00;999998,00;;;;;;;;;;;;;;;;;1181,0929;23,58811;93,4738;0,50166670;0,50166670;0,00319;2,17316;109,1858;15,495345;0,191175;24,408979;27,962727;0,0469;4,6804;4,51;450,30;0,00;1,09;91,82;;835,337;833,287;11,8333697;15,59800;4,63300;0,01300;0,2627019;;25,52;130,00;;;
EHC 120s [MJ/kg];26,8;131;16,13600;4,27400;0,011000;65,150;83,69;-45,2300;0,000;100,802;28,300;0,000;556,950;638,050;28,20;1133,983;263,203;0,000;848,500;875,900;858,100;328,850;;;;;0,00;0,00;0,00;3,00;4,00;15,433;27,496;0,58;0,48;999998,00;999998,00;999998,00;999998,00;999998,00;999998,00;999998,00;999998,00;999998,00;999998,00;999998,00;999998,00;999998,00;999998,00;999998,00;;;;;;;;;;;;;;;;;1148,8273;22,71724;83,1781;0,50666809;0,50666809;0,00294;2,08631;110,3346;14,946191;0,177931;23,569318;27,001352;0,0421;4,2064;4,55;454,50;0,00;1,06;89,30;;837,853;838,146;11,5101005;15,55400;4,65700;0,01200;0,2649753;;25,19;131,00;;;
EHC 180s [MJ/kg];26,1;132;16,09800;4,34100;0,016000;65,675;83,26;-45,9100;0,000;100,808;28,300;0,000;557,850;639,350;28,20;1134,317;263,203;0,000;849,500;875,900;858,100;328,850;;;;;0,00;0,00;0,00;3,00;4,00;15,402;27,477;0,58;0,48;999998,00;999998,00;999998,00;999998,00;999998,00;999998,00;999998,00;999998,00;999998,00;999998,00;999998,00;999998,00;999998,00;999998,00;999998,00;;;;;;;;;;;;;;;;;1160,2844;22,17786;83,1310;0,52416643;0,52416643;0,00348;2,04420;111,4949;14,994181;0,183010;23,683205;27,143241;0,0436;4,3492;4,60;458,85;0,00;1,07;90,26;;840,252;838,146;11,6248893;15,51300;4,70500;0,01600;0,2668117;;24,51;132,00;;;
EHC 240s [MJ/kg];--;133;16,03100;4,41400;0,032000;64,100;84,27;-46,2300;0,000;100,806;28,300;0,000;559,450;642,150;28,30;1134,017;263,203;0,000;848,600;875,900;858,100;328,950;;;;;0,00;0,00;0,00;3,00;4,00;15,454;27,496;0,58;0,48;999998,00;999998,00;999998,00;999998,00;999998,00;999998,00;999998,00;999998,00;999998,00;999998,00;999998,00;999998,00;999998,00;999998,00;999998,00;;;;;;;;;;;;;;;;;1156,6886;38,84529;135,2434;0,29833380;0,29833380;0,00330;3,57136;112,6516;14,792100;0,171024;23,431029;26,894692;0,0403;4,0271;4,64;462,88;0,00;1,07;89,98;;842,645;842,877;11,5888627;15,45600;4,74200;0,01500;0,2696979;;24,19;133,00;;;
EHC 300s [MJ/kg];--;134;15,93700;4,44500;0,034000;67,900;82,60;-46,6100;0,000;100,806;28,300;0,000;561,050;644,650;28,20;1133,683;263,203;0,000;847,600;875,900;858,100;328,950;;;;;0,00;0,00;0,00;3,00;4,00;15,467;27,493;0,58;0,47;999998,00;999998,00;999998,00;999998,00;999998,00;999998,00;999998,00;999998,00;999998,00;999998,00;999998,00;999998,00;999998,00;999998,00;999998,00;;;;;;;;;;;;;;;;;1194,4428;22,26440;86,4991;0,53750038;0,53750038;0,00434;2,04377;113,8460;15,202519;0,191010;24,150014;27,748519;0,0465;4,6405;4,68;467,52;0,00;1,10;92,93;;845,129;842,877;11,9671222;15,42900;4,75700;0,02200;0,2710194;;23,81;134,00;;;
EHC 360s [MJ/kg];--;135;15,85400;4,42600;0,034000;70,650;83,92;-47,2500;0,000;100,808;28,300;0,000;561,550;644,950;28,20;1134,317;263,203;0,000;849,700;875,800;858,000;328,950;;;;;0,00;0,00;0,00;3,00;4,00;15,410;27,474;0,58;0,48;999998,00;999998,00;999998,00;999998,00;999998,00;999998,00;999998,00;999998,00;999998,00;999998,00;999998,00;999998,00;999998,00;999998,00;999998,00;;;;;;;;;;;;;;;;;1222,9407;24,18289;85,8515;0,50666571;0,50666571;0,00524;2,22611;115,0690;15,500414;0,175188;24,645180;28,305420;0,0435;4,3416;4,73;471,86;0,01;1,13;95,22;;847,822;848,017;12,2526430;15,40200;4,79000;0,02800;0,2721856;;23,17;135,00;;;
EHC Test [MJ/kg];24,4;136;15,79400;4,41200;0,041000;64,200;83,13;-47,6200;0,000;100,806;28,300;0,000;562,750;647,550;28,20;1137,883;263,203;0,000;860,400;875,800;858,000;328,950;;;;;0,00;0,00;0,00;3,00;4,00;15,423;27,477;0,58;0,48;999998,00;999998,00;999998,00;999998,00;999998,00;999998,00;999998,00;999998,00;999998,00;999998,00;999998,00;999998,00;999998,00;999998,00;999998,00;;;;;;;;;;;;;;;;;1176,2747;24,17463;89,8992;0,48749860;0,48749860;0,00760;2,23379;116,2453;14,760165;0,184616;23,518357;27,062304;0,0438;4,3743;4,77;476,23;0,01;1,09;91,72;;850,409;848,017;11,7850962;15,33800;4,85600;0,04800;0,2750100;;22,80;136,00;;;
Results MLR;;137;15,80800;4,43000;0,021000;66,725;84,24;-48,2300;0,000;100,806;28,300;0,000;563,950;649,750;28,20;1137,050;263,203;0,000;857,900;875,800;858,000;328,950;;;;;0,00;0,00;0,00;3,00;4,00;15,423;27,472;0,58;0,48;999998,00;999998,00;999998,00;999998,00;999998,00;999998,00;999998,00;999998,00;999998,00;999998,00;999998,00;999998,00;999998,00;999998,00;999998,00;;;;;;;;;;;;;;;;;1217,8695;25,11528;85,5402;0,48583317;0,48583317;0,00575;2,32301;117,4631;15,031608;0,171321;24,001938;27,653621;0,0416;4,1479;4,81;480,38;0,01;1,13;94,98;;852,939;853,453;12,2018343;15,24300;4,94100;0,03300;0,2797262;;22,19;137,00;;;
MLR max [g/s];0,6217;138;15,83000;4,48500;0,039000;68,325;82,58;-48,6000;0,000;100,804;28,300;0,000;564,650;649,950;28,20;1135,983;263,203;0,000;854,800;875,800;857,900;328,950;;;;;0,00;0,00;0,00;3,00;4,00;15,420;27,504;0,58;0,47;999998,00;999998,00;999998,00;999998,00;999998,00;999998,00;999998,00;999998,00;999998,00;999998,00;999998,00;999998,00;999998,00;999998,00;999998,00;;;;;;;;;;;;;;;;;1247,6400;24,07722;90,3986;0,51916726;0,51916726;0,00461;2,22039;118,7108;15,201330;0,191255;24,303073;27,974466;0,0469;4,6843;4,86;485,07;0,00;1,15;97,28;;855,692;853,453;12,5001047;15,17000;4,99000;0,02400;0,2834720;;21,82;138,00;;;
Max at [s];164;139;15,81300;4,55900;0,022000;64,975;84,41;-49,2600;0,000;100,808;28,300;0,000;565,250;651,550;28,20;1135,950;263,203;0,000;854,800;875,700;857,900;328,950;;;;;0,00;0,00;0,00;3,00;4,01;15,454;27,477;0,58;0,49;999998,00;999998,00;999998,00;999998,00;999998,00;999998,00;999998,00;999998,00;999998,00;999998,00;999998,00;999998,00;999998,00;999998,00;999998,00;;;;;;;;;;;;;;;;;1224,9561;23,90817;79,0755;0,51333237;0,51333237;0,00619;2,20467;119,9357;14,816113;0,169303;23,712379;27,332685;0,0406;4,0515;4,90;489,12;0,01;1,13;95,57;;858,430;858,748;12,2728351;15,12400;5,02600;0,03700;0,2856179;;21,16;139,00;;;
MLR 060s [g/s];0,3421;140;15,76300;4,63300;0,017000;65,425;81,38;-49,6300;0,000;100,808;28,300;0,000;567,150;654,950;28,20;1135,350;263,203;0,000;853,000;875,700;857,900;328,950;;;;;0,00;0,00;0,00;3,00;4,01;15,400;27,496;0,58;0,47;999998,00;999998,00;999998,00;999998,00;999998,00;999998,00;999998,00;999998,00;999998,00;999998,00;999998,00;999998,00;999998,00;999998,00;999998,00;;;;;;;;;;;;;;;;;1228,9494;23,37878;94,3912;0,52666744;0,52666744;0,00515;2,15138;121,1647;14,842407;0,205902;23,834308;27,524076;0,0497;4,9618;4,95;494,08;0,01;1,13;95,84;;861,062;858,748;12,3128438;15,11800;5,02300;0,02900;0,2860533;;20,79;140,00;;;
MLR 120s [g/s];0,3868;141;15,67200;4,65700;0,013000;68,050;82,20;-50,3100;0,000;100,804;28,300;0,000;568,350;656,850;28,20;1135,017;263,203;0,000;852,200;875,500;857,900;328,950;;;;;0,00;0,00;0,00;3,00;4,01;15,460;27,488;0,58;0,47;999998,00;999998,00;999998,00;999998,00;999998,00;999998,00;999998,00;999998,00;999998,00;999998,00;999998,00;999998,00;999998,00;999998,00;999998,00;;;;;;;;;;;;;;;;;1247,3927;23,72964;91,7146;0,52666744;0,52666744;0,00552;2,18389;122,4121;15,121246;0,195806;24,333452;28,122508;0,0483;4,8211;5,00;498,90;0,01;1,15;97,27;;863,737;864,101;12,4976274;15,14000;5,00500;0,03100;0,2849607;;20,11;141,00;;;
MLR 180s [g/s];0,3889;142;15,59800;4,70500;0,012000;65,600;84,38;-50,6800;0,000;100,810;28,300;0,000;569,750;659,250;28,20;1134,783;263,203;0,000;851,600;875,500;857,800;328,950;;;;;0,00;0,00;0,00;3,00;4,01;15,454;27,482;0,58;0,48;999998,00;999998,00;999998,00;999998,00;999998,00;999998,00;999998,00;999998,00;999998,00;999998,00;999998,00;999998,00;999998,00;999998,00;999998,00;;;;;;;;;;;;;;;;;1218,1524;23,58394;79,6059;0,51749913;0,51749913;0,00633;2,16724;123,6302;14,828294;0,169675;23,920805;27,678440;0,0412;4,1118;5,04;503,01;0,01;1,12;94,98;;866,335;864,101;12,2046689;15,16500;4,97700;0,03800;0,2837441;;19,74;142,00;;;
MLR 240s [g/s];--;143;15,55400;4,74200;0,016000;64,600;83,87;-51,3400;0,000;100,806;28,300;0,000;571,350;662,050;28,20;1134,250;263,203;0,000;850,100;875,500;857,700;328,950;;;;;0,00;0,00;0,00;3,00;4,01;15,444;27,477;0,58;0,48;999998,00;999998,00;999998,00;999998,00;999998,00;999998,00;999998,00;999998,00;999998,00;999998,00;999998,00;999998,00;999998,00;999998,00;999998,00;;;;;;;;;;;;;;;;;1202,9314;25,02182;88,1779;0,48166641;0,48166641;0,00536;2,30229;124,8331;14,694221;0,175781;23,771090;27,544674;0,0425;4,2392;5,08;507,25;0,01;1,11;93,78;;868,743;869,151;12,0521694;15,18600;4,96600;0,03100;0,2827252;;19,08;143,00;;;
MLR 300s [g/s];--;144;15,51300;4,75700;0,015000;66,625;83,35;-51,6600;0,000;100,806;28,400;0,000;572,750;663,350;28,20;1134,017;263,203;0,000;849,600;875,400;857,600;328,950;;;;;0,00;0,00;0,00;3,00;4,01;15,469;27,472;0,58;0,48;999998,00;999998,00;999998,00;999998,00;999998,00;999998,00;999998,00;999998,00;999998,00;999998,00;999998,00;999998,00;999998,00;999998,00;999998,00;;;;;;;;;;;;;;;;;1220,1409;23,58440;86,1825;0,51833375;0,51833375;0,00755;2,17401;126,0533;14,904503;0,181917;24,170346;27,993713;0,0447;4,4587;5,13;511,71;0,01;1,13;95,19;;871,123;869,151;12,2245919;15,18200;4,97500;0,04700;0,2827255;;18,76;144,00;;;
MLR 360s [g/s];--;145;15,45600;4,79000;0,022000;64,325;82,06;-52,3700;0,000;100,810;28,400;0,000;573,550;663,850;28,20;1133,750;263,203;0,000;849,000;875,300;857,500;328,950;;;;;0,00;0,00;0,00;3,00;4,01;15,460;27,493;0,58;0,47;999998,00;999998,00;999998,00;999998,00;999998,00;999998,00;999998,00;999998,00;999998,00;999998,00;999998,00;999998,00;999998,00;999998,00;999998,00;;;;;;;;;;;;;;;;;1207,0213;23,33080;91,9861;0,51833391;0,51833391;0,00612;2,15329;127,2603;14,634763;0,197597;23,766063;27,507804;0,0477;4,7589;5,17;516,47;0,01;1,12;94,18;;873,485;873,783;12,0931467;15,13800;5,01800;0,03700;0,2849028;;18,05;145,00;;;
MLR Test [g/s];0,4127;146;15,42900;4,85600;0,028000;67,575;83,67;-52,7000;0,000;100,806;28,400;0,000;574,650;664,950;28,20;1133,617;263,203;0,000;848,700;875,300;857,400;328,950;;;;;0,00;0,00;0,00;3,00;4,01;15,448;27,490;0,58;0,48;999998,00;999998,00;999998,00;999998,00;999998,00;999998,00;999998,00;999998,00;999998,00;999998,00;999998,00;999998,00;999998,00;999998,00;999998,00;;;;;;;;;;;;;;;;;1251,3814;23,18199;81,5370;0,54083316;0,54083316;0,00626;2,14461;128,5117;14,985553;0,178181;24,382399;28,213828;0,0441;4,4014;5,22;520,87;0,01;1,16;97,71;;875,921;873,783;12,5375900;15,06100;5,09200;0,03700;0,2885669;;17,72;146,00;;;
Results SEA;;147;15,40200;4,94100;0,048000;62,200;81,64;-53,4400;0,000;100,806;28,400;0,000;575,650;665,950;28,20;1133,150;263,203;0,000;847,400;875,300;857,300;328,950;;;;;0,00;0,00;0,00;3,00;4,01;15,446;27,485;0,58;0,47;999998,00;999998,00;999998,00;999998,00;999998,00;999998,00;999998,00;999998,00;999998,00;999998,00;999998,00;999998,00;999998,00;999998,00;999998,00;;;;;;;;;;;;;;;;;1208,9272;22,39554;89,0227;0,54083268;0,54083268;0,00562;2,06351;129,7206;14,364727;0,202642;23,412951;27,085650;0,0481;4,8055;5,27;525,68;0,01;1,12;94,36;;878,331;878,330;12,1122412;15,01700;5,11100;0,03400;0,2908941;;16,98;147,00;;;
SEA max [m²/kg];779,0;148;15,33800;4,99000;0,033000;67,375;81,56;-53,7300;0,000;100,808;28,400;0,000;575,950;665,650;28,20;1133,050;263,203;0,000;847,000;875,300;857,400;328,950;;;;;0,00;0,00;0,00;3,00;4,01;15,471;27,504;0,58;0,47;999998,00;999998,00;999998,00;999998,00;999998,00;999998,00;999998,00;999998,00;999998,00;999998,00;999998,00;999998,00;999998,00;999998,00;999998,00;;;;;;;;;;;;;;;;;1253,6557;44,46167;178,1898;0,28249900;0,28249900;0,00466;4,08697;130,9743;14,946463;0,203714;24,373813;28,169857;0,0503;5,0243;5,32;530,70;0,00;1,15;97,79;;880,716;878,330;12,5603766;15,04100;5,08200;0,02500;0,2898854;;16,69;148,00;;;
Max at [s];244;149;15,24300;5,02600;0,024000;63,125;83,80;-54,1200;0,000;100,798;28,400;0,000;576,950;668,450;28,20;1133,350;263,203;0,000;847,900;875,300;857,400;328,950;;;;;0,00;0,00;0,00;3,00;4,02;15,412;27,490;0,58;0,48;999998,00;999998,00;999998,00;999998,00;999998,00;999998,00;999998,00;999998,00;999998,00;999998,00;999998,00;999998,00;999998,00;999998,00;999998,00;;;;;;;;;;;;;;;;;1212,9001;22,57344;78,7342;0,53833373;0,53833373;0,00348;2,08240;132,1872;14,454832;0,176619;23,613018;27,357868;0,0424;4,2305;5,36;534,93;0,00;1,12;94,64;;883,082;882,794;12,1520462;15,03700;5,10200;0,01700;0,2900031;;16,30;149,00;;;
SEA 060s [m²/kg];111,3;150;15,17000;5,02300;0,037000;62,625;84,09;-54,7500;0,000;100,798;28,400;0,000;578,550;670,750;28,20;1133,450;263,203;0,000;848,200;875,300;857,400;328,950;;;;;0,00;0,00;0,00;3,00;4,02;15,423;27,490;0,58;0,48;999998,00;999998,00;999998,00;999998,00;999998,00;999998,00;999998,00;999998,00;999998,00;999998,00;999998,00;999998,00;999998,00;999998,00;999998,00;;;;;;;;;;;;;;;;;1216,9548;24,14389;82,1176;0,50500027;0,50500027;0,00385;2,23550;133,4041;14,377549;0,173136;23,551904;27,305229;0,0415;4,1391;5,40;539,07;0,00;1,13;95,04;;885,294;882,794;12,1926702;14,98000;5,16500;0,02000;0,2926147;;15,67;150,00;;;
SEA 120s [m²/kg];106,1;151;15,12400;5,00500;0,029000;67,700;80,92;-55,1400;0,000;100,804;28,400;0,000;579,450;671,850;28,20;1133,550;263,203;0,000;848,600;875,200;857,400;328,950;;;;;0,00;0,00;0,00;3,00;4,02;15,433;27,522;0,58;0,46;999998,00;999998,00;999998,00;999998,00;999998,00;999998,00;999998,00;999998,00;999998,00;999998,00;999998,00;999998,00;999998,00;999998,00;999998,00;;;;;;;;;;;;;;;;;1281,3252;23,62748;97,0510;0,54333321;0,54333321;0,00387;2,19280;134,6855;14,937151;0,211559;24,506654;28,414524;0,0527;5,2631;5,45;544,33;0,00;1,19;100,14;;887,704;887,620;12,8375969;14,89500;5,24600;0,01900;0,2966726;;15,28;151,00;;;
SEA 180s [m²/kg];119,0;152;15,11800;4,97700;0,031000;70,800;80,92;-55,8300;0,000;100,804;28,400;0,000;579,450;669,950;28,20;1133,350;263,203;0,000;848,000;875,200;857,400;328,950;;;;;0,00;0,00;0,00;3,00;4,02;15,454;27,488;0,58;0,46;999998,00;999998,00;999998,00;999998,00;999998,00;999998,00;999998,00;999998,00;999998,00;999998,00;999998,00;999998,00;999998,00;999998,00;999998,00;;;;;;;;;;;;;;;;;1326,6479;24,09368;97,4774;0,55166690;0,55166690;0,00503;2,22936;136,0121;15,275312;0,211569;25,061457;28,975620;0,0538;5,3673;5,51;549,70;0,01;1,23;103,71;;890,443;887,620;13,2916854;14,81800;5,29500;0,02700;0,3004837;;14,59;152,00;;;
SEA 240s [m²/kg];--;153;15,14000;4,96600;0,038000;63,600;83,64;-56,2400;0,000;100,804;28,400;0,000;580,350;672,650;28,20;1133,017;263,203;0,000;847,100;875,100;857,400;328,950;;;;;0,00;0,00;0,00;3,00;4,02;15,404;27,496;0,58;0,48;999998,00;999998,00;999998,00;999998,00;999998,00;999998,00;999998,00;999998,00;999998,00;999998,00;999998,00;999998,00;999998,00;999998,00;999998,00;;;;;;;;;;;;;;;;;1265,2076;23,01260;78,3033;0,55083354;0,55083354;0,00489;2,13265;137,2773;14,466551;0,178464;23,771428;27,552082;0,0431;4,3050;5,55;554,01;0,00;1,17;98,96;;893,093;892,661;12,6761146;14,77200;5,34000;0,02800;0,3026552;;14,18;153,00;;;
SEA 300s [m²/kg];--;154;15,16500;4,97500;0,031000;60,550;80,86;-56,9300;0,000;100,804;28,400;0,000;581,450;674,350;28,20;1133,150;263,203;0,000;847,500;875,100;857,400;328,950;;;;;0,00;0,00;0,00;3,00;4,02;15,439;27,504;0,57;0,46;999998,00;999998,00;999998,00;999998,00;999998,00;999998,00;999998,00;999998,00;999998,00;999998,00;999998,00;999998,00;999998,00;999998,00;999998,00;;;;;;;;;;;;;;;;;1242,5298;22,91209;92,3048;0,54333353;0,54333353;0,00552;2,12394;138,5198;14,102052;0,212338;23,216404;26,925759;0,0502;5,0057;5,60;559,01;0,01;1,15;97,23;;895,436;892,661;12,4489064;14,72300;5,38100;0,03400;0,3049858;;13,49;154,00;;;
SEA 360s [m²/kg];--;155;15,18600;5,01800;0,047000;66,075;82,07;-57,3300;0,000;100,802;28,400;0,000;582,350;674,950;28,20;1133,050;263,203;0,000;847,200;875,000;857,500;328,950;;;;;0,00;0,00;0,00;3,00;4,02;15,446;27,512;0,57;0,47;999998,00;999998,00;999998,00;999998,00;999998,00;999998,00;999998,00;999998,00;999998,00;999998,00;999998,00;999998,00;999998,00;999998,00;999998,00;;;;;;;;;;;;;;;;;1311,8916;23,89794;88,6063;0,54999892;0,54999892;0,00576;2,23036;139,8317;14,720006;0,197493;24,271261;28,130655;0,0487;4,8641;5,65;563,88;0,01;1,23;102,79;;897,899;897,769;13,1438424;14,64300;5,47900;0,03400;0,3086064;;13,09;155,00;;;
SEA Test [m²/kg];107,6;156;15,18200;5,09200;0,037000;65,025;80,81;-58,0300;0,000;100,804;28,400;0,000;583,650;677,150;28,20;1132,917;263,203;0,000;846,400;875,100;857,800;328,950;;;;;0,00;0,00;0,00;3,00;4,02;15,425;27,514;0,57;0,46;999998,00;999998,00;999998,00;999998,00;999998,00;999998,00;999998,00;999998,00;999998,00;999998,00;999998,00;999998,00;999998,00;999998,00;999998,00;;;;;;;;;;;;;;;;;1329,5336;24,03715;94,2482;0,55416711;0,55416711;0,00610;2,24757;141,1613;14,586308;0,212906;24,104500;27,966011;0,0522;5,2130;5,70;569,09;0,01;1,25;104,29;;900,609;897,769;13,3205968;14,49200;5,61300;0,03700;0,3158561;;12,39;156,00;;;
Results SPR;;157;15,13800;5,11100;0,037000;62,425;82,52;-58,4400;0,000;100,802;28,400;0,000;584,350;677,750;28,20;1132,917;263,203;0,000;846,300;875,000;858,000;328,950;;;;;0,00;0,00;0,00;3,00;4,02;15,433;27,509;0,57;0,47;999998,00;999998,00;999998,00;999998,00;999998,00;999998,00;999998,00;999998,00;999998,00;999998,00;999998,00;999998,00;999998,00;999998,00;999998,00;;;;;;;;;;;;;;;;;1342,2210;23,52367;80,7128;0,57166735;0,57166735;0,00546;2,20627;142,5035;14,283156;0,191909;23,631838;27,409050;0,0461;4,6053;5,75;573,69;0,01;1,26;105,45;;903,381;903,238;13,4477119;14,28200;5,80300;0,03300;0,3259724;;11,98;157,00;;;
SPR max [m²/s];0,059;158;15,06100;5,08200;0,034000;65,425;82,27;-59,1600;0,000;100,804;28,400;0,000;585,350;678,550;28,20;1132,817;263,209;0,000;845,800;875,000;858,200;328,950;;;;;0,00;0,00;0,00;3,00;4,03;15,418;27,504;0,57;0,47;999998,00;999998,00;999998,00;999998,00;999998,00;999998,00;999998,00;999998,00;999998,00;999998,00;999998,00;999998,00;999998,00;999998,00;999998,00;;;;;;;;;;;;;;;;;1393,9577;26,51786;91,1903;0,52666632;0,52666632;0,00559;2,47210;143,8974;14,609841;0,195057;24,213713;28,069043;0,0480;4,7936;5,80;578,49;0,01;1,30;109,49;;906,323;903,238;13,9660619;14,18100;5,85600;0,03300;0,3311410;;11,26;158,00;;;
Max at [s];228;159;15,01700;5,10200;0,025000;60,075;82,74;-59,5100;0,000;100,802;28,400;0,000;586,850;681,950;28,20;1133,083;263,209;0,000;846,400;875,000;858,400;328,950;;;;;0,00;0,00;0,00;3,00;4,03;15,433;27,504;0,57;0,47;999998,00;999998,00;999998,00;999998,00;999998,00;999998,00;999998,00;999998,00;999998,00;999998,00;999998,00;999998,00;999998,00;999998,00;999998,00;;;;;;;;;;;;;;;;;1334,1035;23,97555;80,4207;0,55750052;0,55750052;0,00597;2,23232;145,2315;13,981854;0,189322;23,232298;26,997128;0,0448;4,4750;5,84;582,96;0,01;1,24;104,78;;909,201;908,708;13,3663830;14,18100;5,84900;0,03800;0,3311577;;10,91;159,00;;;
SPR 060s [m²/s];0,036;160;15,04100;5,16500;0,017000;59,525;85,45;-60,2700;0,000;100,804;28,400;0,000;588,750;686,250;28,20;1133,283;263,209;0,000;846,900;874,900;858,600;328,950;;;;;0,00;0,00;0,00;3,00;4,03;15,463;27,501;0,57;0,48;999998,00;999998,00;999998,00;999998,00;999998,00;999998,00;999998,00;999998,00;999998,00;999998,00;999998,00;999998,00;999998,00;999998,00;999998,00;;;;;;;;;;;;;;;;;1330,7525;23,77325;66,3424;0,56083250;0,56083250;0,00544;2,22737;146,5623;13,895228;0,157102;23,163110;26,999039;0,0372;3,7136;5,88;586,68;0,01;1,25;104,61;;911,846;908,708;13,3328092;14,15000;5,90700;0,03400;0,3324277;;10,15;160,00;;;
SPR 120s [m²/s];0,038;161;15,03700;5,24600;0,020000;63,525;86,37;-60,6300;0,000;100,804;28,400;0,000;591,550;692,250;28,20;1133,250;263,209;0,000;846,700;874,900;858,700;328,950;;;;;0,00;0,00;0,00;3,00;4,03;15,498;27,509;0,57;0,49;999998,00;999998,00;999998,00;999998,00;999998,00;999998,00;999998,00;999998,00;999998,00;999998,00;999998,00;999998,00;999998,00;999998,00;999998,00;;;;;;;;;;;;;;;;;1397,2591;25,18583;64,8314;0,55583382;0,55583382;0,00586;2,36126;147,9596;14,320496;0,146357;23,985555;28,068635;0,0360;3,5967;5,91;590,27;0,01;1,31;109,94;;914,655;914,385;13,9991386;14,01600;6,02100;0,03600;0,3388985;;9,79;161,00;;;
SPR 180s [m²/s];0,039;162;14,98000;5,29500;0,019000;64,300;83,56;-61,3900;0,000;100,806;28,400;0,000;592,950;694,250;28,20;1133,483;263,209;0,000;847,100;874,900;859,000;328,950;;;;;0,00;0,00;0,00;3,00;4,03;15,420;27,504;0,57;0,47;999998,00;999998,00;999998,00;999998,00;999998,00;999998,00;999998,00;999998,00;999998,00;999998,00;999998,00;999998,00;999998,00;999998,00;999998,00;;;;;;;;;;;;;;;;;1430,8198;24,53982;76,2111;0,58416812;0,58416812;0,00423;2,30419;149,3904;14,390566;0,179418;24,159961;28,287466;0,0445;4,4436;5,96;594,72;0,00;1,35;112,66;;917,737;914,385;14,3353832;13,87900;6,14400;0,02300;0,3455816;;9,03;162,00;;;
SPR 240s [m²/s];--;163;14,89500;5,34000;0,027000;63,850;83,31;-61,8000;0,000;100,806;28,400;0,000;593,350;694,950;28,20;1133,683;263,209;0,000;847,100;874,900;859,600;328,950;;;;;0,00;0,00;0,00;3,00;4,03;15,456;27,520;0,57;0,47;999998,00;999998,00;999998,00;999998,00;999998,00;999998,00;999998,00;999998,00;999998,00;999998,00;999998,00;999998,00;999998,00;999998,00;999998,00;;;;;;;;;;;;;;;;;1448,1569;23,43330;72,8984;0,61916510;0,61916510;0,00498;2,20004;150,8385;14,335288;0,182418;24,083391;28,207217;0,0451;4,5051;6,00;599,22;0,00;1,36;114,11;;920,938;920,622;14,5090844;13,76000;6,24100;0,02900;0,3513224;;8,62;163,00;;;
SPR 300s [m²/s];--;164;14,81800;5,38100;0,028000;63,050;80,52;-62,6200;0,000;100,802;28,400;0,000;594,650;697,450;28,20;1134,317;263,215;0,000;848,200;874,800;860,500;328,950;;;;;0,00;0,00;0,00;3,00;4,03;15,441;27,504;0,57;0,45;999998,00;999998,00;999998,00;999998,00;999998,00;999998,00;999998,00;999998,00;999998,00;999998,00;999998,00;999998,00;999998,00;999998,00;999998,00;;;;;;;;;;;;;;;;;1462,5248;23,57062;85,8638;0,62166532;0,62166532;0,00494;2,21822;152,3011;14,229619;0,216553;23,958243;28,100019;0,0534;5,3277;6,06;604,55;0,00;1,38;115,37;;924,197;920,622;14,6530359;13,62700;6,36400;0,02900;0,3576727;;7,80;164,00;;;
SPR 360s [m²/s];--;165;14,77200;5,47900;0,034000;59,700;82,66;-63,0400;0,000;100,810;28,400;0,000;596,750;701,650;28,10;1134,983;263,215;0,000;849,500;874,900;861,100;328,950;;;;;0,00;0,00;0,00;3,00;4,03;15,442;27,525;0,56;0,46;999998,00;999998,00;999998,00;999998,00;999998,00;999998,00;999998,00;999998,00;999998,00;999998,00;999998,00;999998,00;999998,00;999998,00;999998,00;;;;;;;;;;;;;;;;;1438,1404;23,33393;74,2347;0,61750102;0,61750102;0,00578;2,18777;153,7392;13,822048;0,190308;23,354205;27,459535;0,0458;4,5753;6,10;609,13;0,01;1,35;113,47;;927,386;926,956;14,4087282;13,53500;6,41800;0,03700;0,3622484;;7,38;165,00;;;
SPR Test [m²/s];0,041;166;14,72300;5,61300;0,034000;63,050;80,76;-63,8500;0,000;100,806;28,400;0,000;597,850;702,750;28,20;1135,550;263,215;0,000;850,900;874,800;861,500;328,950;;;;;0,00;0,00;0,00;3,00;4,03;15,454;27,506;0,56;0,45;999998,00;999998,00;999998,00;999998,00;999998,00;999998,00;999998,00;999998,00;999998,00;999998,00;999998,00;999998,00;999998,00;999998,00;999998,00;;;;;;;;;;;;;;;;;1478,6470;24,86357;88,7888;0,59583418;0,59583418;0,00832;2,31698;155,2178;14,191486;0,213580;24,022620;28,237679;0,0529;5,2803;6,16;614,41;0,01;1,38;116,63;;930,584;926,956;14,8145643;13,52700;6,38800;0,05600;0,3627767;;6,57;166,00;;;
Results COY;;167;14,64300;5,80300;0,037000;61,325;83,68;-64,2300;0,000;100,806;28,400;0,000;599,750;706,650;28,20;1135,883;263,215;0,000;851,900;874,800;861,500;328,950;;;;;0,00;0,00;0,00;3,00;4,04;15,412;27,501;0,56;0,47;999998,00;999998,00;999998,00;999998,00;999998,00;999998,00;999998,00;999998,00;999998,00;999998,00;999998,00;999998,00;999998,00;999998,00;999998,00;;;;;;;;;;;;;;;;;1434,8214;25,48090;77,4013;0,56416678;0,56416678;0,00584;2,36243;156,6527;13,973818;0,178050;23,729338;27,958877;0,0437;4,3584;6,20;618,76;0,01;1,33;112,99;;933,735;933,058;14,3754753;13,64700;6,26400;0,03700;0,3573085;;6,19;167,00;;;
COY max [kg/kg];0,0356;168;14,49200;5,85600;0,033000;57,100;77,86;-64,9900;0,000;100,802;28,300;0,000;601,750;709,750;28,20;1135,450;263,215;0,000;851,100;874,700;861,100;328,950;;;;;0,00;0,00;0,00;3,00;4,04;15,477;27,504;0,56;0,43;999998,00;999998,00;999998,00;999998,00;999998,00;999998,00;999998,00;999998,00;999998,00;999998,00;999998,00;999998,00;999998,00;999998,00;999998,00;;;;;;;;;;;;;;;;;1346,8694;23,06715;101,4330;0,58499996;0,58499996;0,00289;2,11787;157,9995;13,461438;0,250059;22,935479;27,051860;0,0593;5,9226;6,26;624,69;0,00;1,24;105,76;;936,456;933,058;13,4942845;13,85400;6,04600;0,01400;0,3478370;;5,43;168,00;;;
Max at [s];89;169;14,28200;5,84900;0,033000;62,175;83,89;-65,3900;0,000;100,798;28,300;0,000;602,750;711,350;28,20;1137,550;263,215;0,000;857,600;874,500;861,100;328,950;;;;;0,00;0,00;0,00;3,00;4,04;15,446;27,517;0,56;0,47;999998,00;999998,00;999998,00;999998,00;999998,00;999998,00;999998,00;999998,00;999998,00;999998,00;999998,00;999998,00;999998,00;999998,00;999998,00;;;;;;;;;;;;;;;;;1356,1867;24,19166;77,4728;0,56166601;0,56166601;0,00326;2,22173;159,3557;14,035268;0,175480;23,952906;28,268602;0,0435;4,3431;6,30;629,03;0,00;1,25;106,34;;938,912;938,531;13,5876344;14,10700;5,84200;0,01600;0,3355042;;5,03;169,00;;;
COY 060s [kg/kg];0,0132;170;14,18100;5,90700;0,038000;61,550;80,69;-66,1100;0,000;100,800;28,300;0,000;604,450;712,350;28,20;1137,183;263,222;0,000;856,600;874,400;861,100;328,950;;;;;0,00;0,00;0,00;3,00;4,04;15,469;27,506;0,56;0,45;999998,00;999998,00;999998,00;999998,00;999998,00;999998,00;999998,00;999998,00;999998,00;999998,00;999998,00;999998,00;999998,00;999998,00;999998,00;;;;;;;;;;;;;;;;;1293,7020;24,76741;101,0456;0,52333299;0,52333299;0,00250;2,24818;160,6494;13,944896;0,214334;23,865796;28,126066;0,0529;5,2780;6,36;634,31;0,00;1,18;101,11;;941,183;938,531;12,9616007;14,40200;5,54600;0,01000;0,3216678;;4,31;170,00;;;
COY 120s [kg/kg];0,0115;171;14,18100;6,02100;0,034000;65,325;81,98;-66,4500;0,000;100,800;28,300;0,000;604,450;710,350;28,10;1136,417;263,222;0,000;854,300;874,200;861,300;328,950;;;;;0,00;0,00;0,00;3,00;4,04;15,431;27,506;0,56;0,46;999998,00;999998,00;999998,00;999998,00;999998,00;999998,00;999998,00;999998,00;999998,00;999998,00;999998,00;999998,00;999998,00;999998,00;999998,00;;;;;;;;;;;;;;;;;1261,7398;23,08924;91,8920;0,54750061;0,54750061;0,00296;2,09677;161,9112;14,366169;0,198497;24,586778;28,894397;0,0503;5,0216;6,41;639,33;0,00;1,15;98,41;;943,151;942,863;12,6413706;14,76400;5,25500;0,01300;0,3039742;;3,97;171,00;;;
COY 180s [kg/kg];0,0108;172;14,15000;6,14400;0,036000;65,925;81,20;-67,1900;0,000;100,800;28,300;0,000;604,450;707,350;28,20;1136,450;263,222;0,000;854,600;874,100;861,200;328,950;;;;;0,00;0,00;0,00;3,00;4,04;15,469;27,520;0,56;0,45;999998,00;999998,00;999998,00;999998,00;999998,00;999998,00;999998,00;999998,00;999998,00;999998,00;999998,00;999998,00;999998,00;999998,00;999998,00;;;;;;;;;;;;;;;;;1204,6119;22,66480;99,0755;0,53250011;0,53250011;0,00271;1,98950;163,1158;14,431993;0,208080;24,699432;28,904200;0,0528;5,2658;6,46;644,59;0,00;1,06;93,35;;944,837;942,863;12,0690065;15,10900;4,83100;0,01100;0,2884304;;3,23;172,00;;;
COY 240s [kg/kg];--;173;14,01600;6,24100;0,023000;65,375;85,48;-67,4600;0,000;100,802;28,300;0,000;603,850;705,350;28,20;1136,950;263,222;0,000;856,400;874,000;861,000;328,950;;;;;0,00;0,00;0,00;3,00;4,04;15,498;27,522;0,57;0,48;999998,00;999998,00;999998,00;999998,00;999998,00;999998,00;999998,00;999998,00;999998,00;999998,00;999998,00;999998,00;999998,00;999998,00;999998,00;;;;;;;;;;;;;;;;;1103,6736;45,13355;161,1535;0,24499973;0,24499973;0,00156;3,96622;164,2195;14,378803;0,156741;24,583974;28,716248;0,0395;3,9408;6,50;648,54;0,00;0,97;85,26;;946,047;945,636;11,0577062;15,59600;4,45100;0,00200;0,2645945;;2,96;173,00;;;
COY 300s [kg/kg];--;174;13,87900;6,36400;0,029000;66,600;80,67;-67,8000;0,000;100,802;28,300;0,000;603,050;700,650;28,20;1137,717;263,222;0,000;859,100;873,800;860,800;328,950;;;;;0,00;0,00;0,00;3,00;4,04;15,456;27,520;0,57;0,46;999998,00;999998,00;999998,00;999998,00;999998,00;999998,00;999998,00;999998,00;999998,00;999998,00;999998,00;999998,00;999998,00;999998,00;999998,00;;;;;;;;;;;;;;;;;1009,1032;20,32201;109,0302;0,49750026;0,49750026;0,00479;1,79726;165,2286;14,522517;0,214636;24,796791;28,810002;0,0542;5,4140;6,55;653,95;0,00;0,89;77,83;;946,681;945,636;10,1102047;16,11100;4,05900;0,02700;0,2389016;;2,62;174,00;;;
COY 360s [kg/kg];--;175;13,76000;6,41800;0,029000;66,600;80,67;-68,3900;0,000;100,802;28,300;0,000;603,050;700,650;28,20;1136,717;263,222;0,000;856,400;873,700;860,600;328,950;;;;;0,00;0,00;0,00;3,00;4,04;15,479;27,533;0,57;0,46;999998,00;999998,00;999998,00;999998,00;999998,00;999998,00;999998,00;999998,00;999998,00;999998,00;999998,00;999998,00;999998,00;999998,00;999998,00;;;;;;;;;;;;;;;;;903,3085;21,04710;126,1456;0,42999975;0,42999975;0,00504;1,81581;166,1319;14,522517;0,214636;24,796791;28,810002;0,0542;5,4140;6,61;659,36;0,01;0,78;69,22;;946,735;946,297;9,0502482;16,64700;3,55000;0,02900;0,2132945;;2,03;175,00;;;
COY Test [kg/kg];0,0108;176;13,62700;6,38800;0,037000;68,200;81,69;-68,6600;0,000;100,802;28,400;0,000;601,350;694,150;28,20;1135,817;263,222;0,000;854,200;873,400;860,400;328,950;;;;;0,00;0,00;0,00;3,00;4,04;15,456;27,520;0,57;0,46;999998,00;999998,00;999998,00;999998,00;999998,00;999998,00;999998,00;999998,00;999998,00;999998,00;999998,00;999998,00;999998,00;999998,00;999998,00;;;;;;;;;;;;;;;;;801,4010;20,19934;128,9563;0,39749996;0,39749996;0,00446;1,76401;166,9333;14,716684;0,202032;25,057490;28,924347;0,0513;5,1163;6,66;664,48;0,00;0,70;61,31;;946,199;946,297;8,0292363;17,19000;3,15100;0,02400;0,1862154;;1,76;176,00;;;
Results CO2Y;;177;13,53500;6,26400;0,056000;69,100;83,86;-69,1800;0,000;100,802;28,400;0,000;598,650;685,750;28,10;1135,150;263,228;0,000;852,500;873,200;860,300;328,950;;;;;0,00;0,00;0,00;3,00;4,05;15,439;27,525;0,58;0,48;999998,00;999998,00;999998,00;999998,00;999998,00;999998,00;999998,00;999998,00;999998,00;999998,00;999998,00;999998,00;999998,00;999998,00;999998,00;;;;;;;;;;;;;;;;;704,7883;19,39020;122,1180;0,36416705;0,36416705;0,00371;1,65680;167,6381;14,846838;0,175867;25,165596;28,827040;0,0445;4,4387;6,70;668,92;0,00;0,60;53,57;;945,108;944,690;7,0612738;17,69400;2,69400;0,01800;0,1619243;;1,24;177,00;;;
CO2Y max [kg/kg];4,5099;178;13,52700;6,04600;0,037000;71,125;82,41;-69,3500;0,000;100,800;28,400;0,000;595,650;676,450;28,20;1133,517;263,228;0,000;847,900;873,000;860,200;328,950;;;;;0,00;0,00;0,00;3,00;4,05;15,456;27,520;0,58;0,47;999998,00;999998,00;999998,00;999998,00;999998,00;999998,00;999998,00;999998,00;999998,00;999998,00;999998,00;999998,00;999998,00;999998,00;999998,00;;;;;;;;;;;;;;;;;619,5635;40,26433;318,1099;0,15416638;0,15416638;0,00204;3,48488;168,2576;15,100697;0,193303;25,467623;28,922309;0,0490;4,8949;6,75;673,81;0,00;0,54;47,01;;943,519;944,690;6,2074062;18,14100;2,36400;0,00500;0,1396280;;1,07;178,00;;;
Max at [s];77;179;13,64700;5,84200;0,014000;73,075;82,39;-69,5400;0,000;100,804;28,400;0,000;591,650;665,250;28,20;1132,350;263,228;0,000;844,700;872,800;860,100;328,950;;;;;0,00;0,00;0,00;3,00;4,05;15,473;27,552;0,58;0,48;999998,00;999998,00;999998,00;999998,00;999998,00;999998,00;999998,00;999998,00;999998,00;999998,00;999998,00;999998,00;999998,00;999998,00;999998,00;;;;;;;;;;;;;;;;;561,9011;36,32053;316,7590;0,15500013;0,15500013;0,00099;2,92504;168,8195;15,357956;0,193485;25,727557;28,928011;0,0491;4,9005;6,80;678,71;0,00;0,45;42,07;;941,548;941,211;5,6296872;18,47900;1,96900;-0,00300;0,1243137;;0,88;179,00;;;
CO2Y 060s [kg/kg];2,1951;180;13,85400;5,54600;0,016000;75,750;84,63;-69,6900;0,000;100,800;28,400;0,000;587,050;653,150;28,20;1131,817;263,228;0,000;843,400;872,600;860,000;328,950;;;;;0,00;0,00;0,00;3,00;4,05;15,452;27,544;0,59;0,49;999998,00;999998,00;999998,00;999998,00;999998,00;999998,00;999998,00;999998,00;999998,00;999998,00;999998,00;999998,00;999998,00;999998,00;999998,00;;;;;;;;;;;;;;;;;478,2989;17,85867;158,2074;0,26833336;0,26833336;0,00018;1,45788;169,2978;15,697670;0,166709;26,092192;29,030092;0,0425;4,2372;6,84;682,95;0,00;0,39;35,76;;939,206;941,211;4,7920764;18,89600;1,66900;-0,00900;0,1033017;;0,73;180,00;;;
CO2Y 120s [kg/kg];2,2022;181;14,10700;5,25500;0,010000;75,075;84,10;-70,0400;0,000;100,802;28,400;0,000;581,450;639,650;28,20;1131,650;263,228;0,000;843,000;872,600;859,900;328,950;;;;;0,00;0,00;0,00;3,00;4,05;15,465;27,530;0,59;0,49;999998,00;999998,00;999998,00;999998,00;999998,00;999998,00;999998,00;999998,00;999998,00;999998,00;999998,00;999998,00;999998,00;999998,00;999998,00;;;;;;;;;;;;;;;;;392,3010;16,54934;181,7592;0,23749971;0,23749971;0,00059;1,29793;169,6901;15,702649;0,173041;25,851489;28,439084;0,0432;4,3086;6,89;687,26;0,00;0,31;29,08;;936,422;936,083;3,9304636;19,28100;1,32400;-0,00600;0,0845363;;0,38;181,00;;;
CO2Y 180s [kg/kg];2,2138;182;14,40200;4,83100;0,013000;76,425;84,14;-70,1300;0,000;100,802;28,400;0,000;575,850;626,850;28,20;1132,150;263,228;0,000;844,600;872,500;859,900;328,950;;;;;0,00;0,00;0,00;3,00;4,05;15,481;27,525;0,59;0,49;999998,00;999998,00;999998,00;999998,00;999998,00;999998,00;999998,00;999998,00;999998,00;999998,00;999998,00;999998,00;999998,00;999998,00;999998,00;;;;;;;;;;;;;;;;;315,2686;48,59497;658,0695;0,06500006;0,06500006;0,00018;3,89177;170,0054;15,920052;0,172577;25,956978;28,255851;0,0428;4,2693;6,93;691,53;0,00;0,25;23,37;;933,221;936,083;3,1586759;19,62800;1,08000;-0,00900;0,0668855;;0,29;182,00;;;
CO2Y 240s [kg/kg];--;183;14,76400;4,45100;0,011000;80,475;84,72;-70,2100;0,000;100,806;28,400;0,000;569,650;613,150;28,10;1132,150;263,228;0,000;844,600;872,500;859,900;328,950;;;;;0,00;0,00;0,00;3,00;4,05;15,412;27,530;0,60;0,50;999998,00;999998,00;999998,00;999998,00;999998,00;999998,00;999998,00;999998,00;999998,00;999998,00;999998,00;999998,00;999998,00;999998,00;999998,00;;;;;;;;;;;;;;;;;254,8248;36,04352;585,1246;0,07083352;0,07083352;0,00106;2,96995;170,2602;16,425095;0,165698;26,492092;28,515099;0,0414;4,1368;6,97;695,67;0,00;0,21;18,96;;929,679;929,389;2,5530898;19,91200;0,87900;-0,00300;0,0523206;;0,21;183,00;;;
CO2Y 300s [kg/kg];--;184;15,10900;4,05900;0,002000;81,275;85,85;-70,2700;0,000;100,802;28,400;0,000;562,850;598,950;28,10;1132,117;263,228;0,000;844,500;872,500;859,900;328,950;;;;;0,00;0,00;0,00;3,00;4,05;15,439;27,504;0,60;0,51;999998,00;999998,00;999998,00;999998,00;999998,00;999998,00;999998,00;999998,00;999998,00;999998,00;999998,00;999998,00;999998,00;999998,00;999998,00;;;;;;;;;;;;;;;;;203,9994;42,28676;779,0499;0,04833357;0,04833357;0,00063;3,35751;170,4642;16,605945;0,152428;26,464064;28,161412;0,0377;3,7583;7,01;699,42;0,00;0,16;15,05;;925,873;929,389;2,0438697;20,13600;0,68100;-0,00600;0,0413813;;0,15;184,00;;;
CO2Y 360s [kg/kg];--;185;15,59600;3,55000;0,027000;80,800;89,49;-70,3100;0,000;100,806;28,400;0,000;555,750;584,950;28,20;1131,883;263,228;0,000;843,900;872,400;859,900;328,950;;;;;0,00;0,00;0,00;3,00;4,05;15,393;27,546;0,60;0,53;999998,00;999998,00;999998,00;999998,00;999998,00;999998,00;999998,00;999998,00;999998,00;999998,00;999998,00;999998,00;999998,00;999998,00;999998,00;;;;;;;;;;;;;;;;;160,4807;41,94415;700,0764;0,03833326;0,03833326;0,00092;3,48151;170,6247;16,662777;0,110856;26,219664;27,597287;0,0268;2,6785;7,03;702,10;0,00;0,13;11,91;;921,854;921,586;1,6078557;20,30900;0,56600;-0,00400;0,0324121;;0,11;185,00;;;
CO2Y Test [kg/kg];2,2086;186;16,11100;3,15100;0,029000;82,800;94,89;-70,3500;0,000;100,806;28,400;0,000;548,650;571,350;28,20;1132,017;263,228;0,000;844,300;872,400;859,900;328,950;;;;;0,00;0,00;0,00;3,00;4,06;15,437;27,565;0,60;0,57;999998,00;999998,00;999998,00;999998,00;999998,00;999998,00;999998,00;999998,00;999998,00;999998,00;999998,00;999998,00;999998,00;999998,00;999998,00;;;;;;;;;;;;;;;;;131,6562;31,65753;302,4367;0,04166667;0,04166667;0,00064;2,56375;170,7563;16,976530;0,052309;26,372091;27,463218;0,0126;1,2578;7,05;703,36;0,00;0,11;9,71;;917,683;921,586;1,3190637;20,43800;0,45400;-0,00600;0,0260815;;0,07;186,00;;;
;;187;16,64700;2,69400;0,024000;80,350;96,73;-70,3900;0,000;100,800;28,400;0,000;541,550;558,450;28,20;1132,983;263,235;0,000;847,400;872,300;859,800;329,050;;;;;0,00;0,00;0,00;3,00;4,06;15,376;27,538;0,60;0,58;999998,00;999998,00;999998,00;999998,00;999998,00;999998,00;999998,00;999998,00;999998,00;999998,00;999998,00;999998,00;999998,00;999998,00;999998,00;;;;;;;;;;;;;;;;;109,7798;36,66322;257,2951;0,02999965;0,02999965;0,00257;2,92853;170,8661;16,832751;0,033061;25,810352;26,615808;0,0077;0,7704;7,05;704,13;0,00;0,09;8,12;;913,421;913,175;1,0998838;20,51900;0,38400;0,00700;0,0219250;;0,03;187,00;;;
;;188;17,19000;2,36400;0,018000;78,550;98,64;-70,4100;0,000;100,804;28,400;0,000;534,850;546,650;28,20;1132,183;263,235;0,000;845,000;872,300;859,800;328,950;;;;;0,00;0,00;0,00;3,00;4,06;15,412;27,541;0,61;0,59;999998,00;999998,00;999998,00;999998,00;999998,00;999998,00;999998,00;999998,00;999998,00;999998,00;999998,00;999998,00;999998,00;999998,00;999998,00;;;;;;;;;;;;;;;;;89,7287;0,00000;168,1994;0,01833336;0,01833336;0,00093;3,78754;170,9559;16,747058;0,013562;25,361259;25,920785;0,0031;0,3078;7,06;704,44;0,00;0,07;6,56;;909,093;913,175;0,8989921;20,60100;0,31400;-0,00400;0,0180039;;0,01;188,00;;;
;;189;17,69400;1,96900;0,005000;81,800;98,79;-70,4300;0,000;100,800;28,400;0,000;528,450;535,750;28,20;1131,650;263,235;0,000;843,400;872,300;859,800;329,050;;;;;0,00;0,00;0,00;3,00;4,06;15,456;27,533;0,61;0,59;999998,00;999998,00;999998,00;999998,00;999998,00;999998,00;999998,00;999998,00;999998,00;999998,00;999998,00;999998,00;999998,00;999998,00;999998,00;;;;;;;;;;;;;;;;;74,9158;34,64217;126,5756;0,02166669;0,02166669;-0,00026;2,74286;171,0308;17,193177;0,011988;25,725292;26,080661;0,0027;0,2737;7,06;704,71;0,00;0,06;5,46;;904,719;904,489;0,7505811;20,66800;0,26900;-0,01200;0,0146357;;-0,01;189,00;;;
;;190;18,14100;1,66900;-0,003000;80,450;99,50;-70,4500;0,000;100,802;28,400;0,000;522,350;525,850;28,20;1131,550;263,235;0,000;843,200;872,300;859,700;328,950;;;;;0,00;0,00;0,00;3,00;4,06;15,412;27,538;0,61;0,60;999998,00;999998,00;999998,00;999998,00;999998,00;999998,00;999998,00;999998,00;999998,00;999998,00;999998,00;999998,00;999998,00;999998,00;999998,00;;;;;;;;;;;;;;;;;61,8329;0,00000;0,0000;0,00916632;0,00916632;-0,00072;5,17667;171,0926;17,149981;0,004899;25,364454;25,534408;0,0011;0,1095;7,06;704,82;0,00;0,05;4,46;;900,317;904,489;0,6195042;20,72000;0,22400;-0,01500;0,0121066;;-0,03;190,00;;;
;;191;18,47900;1,32400;-0,009000;81,200;100,08;-70,4500;0,000;100,802;28,400;0,000;516,550;516,750;28,20;1131,750;263,235;0,000;843,900;872,200;859,700;329,050;;;;;0,00;0,00;0,00;3,00;4,06;15,404;27,544;0,61;0,60;999998,00;999998,00;999998,00;999998,00;999998,00;999998,00;999998,00;999998,00;999998,00;999998,00;999998,00;999998,00;999998,00;999998,00;999998,00;;;;;;;;;;;;;;;;;52,3857;0,00000;0,0000;0,00416684;0,00416684;-0,00226;9,84777;171,1450;17,326198;-0,000915;25,340543;25,350355;-0,0002;-0,0203;7,06;704,82;0,00;0,04;3,74;;895,902;895,684;0,5248519;20,76000;0,19800;-0,02500;0,0101494;;-0,03;191,00;;;
;;192;18,89600;1,08000;-0,006000;79,300;100,08;-70,4600;0,000;100,802;28,400;0,000;511,050;508,150;28,20;1131,317;263,241;0,000;842,700;872,200;859,600;329,050;;;;;0,00;0,00;0,00;3,00;4,06;15,442;27,541;0,61;0,61;999998,00;999998,00;999998,00;999998,00;999998,00;999998,00;999998,00;999998,00;999998,00;999998,00;999998,00;999998,00;999998,00;999998,00;999998,00;;;;;;;;;;;;;;;;;43,7021;0,00000;0,0000;0,00500011;0,00500011;-0,00133;6,83450;171,1887;17,214180;-0,000977;24,908638;24,767292;-0,0002;-0,0212;7,06;704,82;0,00;0,03;3,13;;891,486;895,684;0,4378514;20,79100;0,17300;-0,01900;0,0085209;;-0,04;192,00;;;
;;193;19,28100;0,87900;-0,009000;77,550;100,43;-70,4600;0,000;100,794;28,400;0,000;505,750;500,550;28,20;1130,950;263,241;0,000;841,700;872,200;859,500;329,050;;;;;0,00;0,00;0,00;3,00;4,06;15,412;27,549;0,61;0,61;999998,00;999998,00;999998,00;999998,00;999998,00;999998,00;999998,00;999998,00;999998,00;999998,00;999998,00;999998,00;999998,00;999998,00;999998,00;;;;;;;;;;;;;;;;;37,2301;0,00000;0,0000;0,00500011;0,00500011;-0,00147;5,90234;171,2259;17,112142;-0,004493;24,504201;24,252254;-0,0010;-0,0954;7,06;704,82;0,00;0,03;2,66;;887,077;886,867;0,3730084;20,81500;0,15600;-0,02000;0,0073010;;-0,04;193,00;;;
;;194;19,62800;0,68100;-0,003000;78,575;100,57;-70,4700;0,000;100,796;28,400;0,000;500,850;493,450;28,20;1130,650;263,241;0,000;840,800;872,200;859,500;329,050;;;;;0,00;0,00;0,00;3,00;4,06;15,421;27,541;0,61;0,61;999998,00;999998,00;999998,00;999998,00;999998,00;999998,00;999998,00;999998,00;999998,00;999998,00;999998,00;999998,00;999998,00;999998,00;999998,00;;;;;;;;;;;;;;;;;32,0123;0,00000;0,0000;0,00583347;0,00583347;0,00004;4,48071;171,2579;17,308913;-0,005809;24,545831;24,183170;-0,0012;-0,1230;7,06;704,82;0,00;0,03;2,32;;882,683;886,867;0,3207312;20,83400;0,14200;-0,01000;0,0062063;;-0,05;194,00;;;
;;195;19,91200;0,56600;-0,006000;79,975;100,59;-70,4700;0,000;100,804;28,400;0,000;496,150;487,050;28,20;1130,083;263,241;0,000;839,300;872,100;859,400;329,050;;;;;0,00;0,00;0,00;3,00;4,07;15,404;27,544;0,61;0,61;999998,00;999998,00;999998,00;999998,00;999998,00;999998,00;999998,00;999998,00;999998,00;999998,00;999998,00;999998,00;999998,00;999998,00;999998,00;;;;;;;;;;;;;;;;;29,4419;0,00000;0,0000;-0,00083335;-0,00083335;0,00097;-27,59855;171,2874;17,544947;-0,006089;24,647072;24,195014;-0,0013;-0,1290;7,06;704,82;0,00;0,02;2,14;;878,314;878,113;0,2949779;20,84500;0,12900;-0,00400;0,0056313;;-0,05;195,00;;;
;;196;20,13600;0,45400;-0,004000;76,850;100,67;-70,4700;0,000;100,800;28,300;0,000;491,650;481,250;28,20;1129,750;263,241;0,000;838,300;872,200;859,300;329,050;;;;;0,00;0,00;0,00;3,00;4,07;15,370;27,530;0,61;0,61;999998,00;999998,00;999998,00;999998,00;999998,00;999998,00;999998,00;999998,00;999998,00;999998,00;999998,00;999998,00;999998,00;999998,00;999998,00;;;;;;;;;;;;;;;;;24,6944;0,00000;0,0000;0,00000000;0,00000000;0,00294;Infinity;171,3121;17,277279;-0,006793;24,050919;23,542164;-0,0014;-0,1400;7,06;704,82;0,00;0,02;1,86;;873,971;878,113;0,2474131;20,85800;0,12000;0,00900;0,0047970;;-0,05;196,00;;;
;;197;20,30900;0,38400;-0,006000;78,800;100,76;-70,4700;0,000;100,800;28,300;0,000;487,450;475,850;28,20;1129,550;263,241;0,000;837,700;872,200;859,300;329,050;;;;;0,00;0,00;0,00;3,00;4,07;15,420;27,546;0,61;0,61;999998,00;999998,00;999998,00;999998,00;999998,00;999998,00;999998,00;999998,00;999998,00;999998,00;999998,00;999998,00;999998,00;999998,00;999998,00;;;;;;;;;;;;;;;;;23,2809;0,00000;0,0000;0,00000000;0,00000000;0,00113;Infinity;171,3354;17,570313;-0,007693;24,249894;23,672812;-0,0016;-0,1594;7,06;704,82;0,00;0,02;1,70;;869,656;869,465;0,2332516;20,86800;0,11200;-0,00300;0,0044459;;-0,05;197,00;;;
;;198;20,43800;0,31400;0,007000;77,750;100,75;-70,4700;0,000;100,802;28,300;0,000;483,450;470,950;28,20;1129,317;263,241;0,000;837,000;872,300;859,200;329,050;;;;;0,00;0,00;0,00;3,00;4,07;15,420;27,552;0,61;0,61;999998,00;999998,00;999998,00;999998,00;999998,00;999998,00;999998,00;999998,00;999998,00;999998,00;999998,00;999998,00;999998,00;999998,00;999998,00;;;;;;;;;;;;;;;;;21,9741;0,00000;0,0000;0,00000000;0,00000000;-0,00166;Infinity;171,3573;17,524912;-0,007642;23,988754;23,368505;-0,0016;-0,1564;7,06;704,82;0,00;0,02;1,52;;865,378;869,465;0,2201588;20,87700;0,10600;-0,02100;0,0042056;;-0,05;198,00;;;
;;199;20,51900;0,26900;-0,004000;78,275;100,83;-70,4700;0,000;100,800;28,300;0,000;479,550;466,450;28,30;1129,183;263,241;0,000;836,600;872,300;859,200;328,950;;;;;0,00;0,00;0,00;3,00;4,07;15,414;27,530;0,61;0,61;999998,00;999998,00;999998,00;999998,00;999998,00;999998,00;999998,00;999998,00;999998,00;999998,00;999998,00;999998,00;999998,00;999998,00;999998,00;;;;;;;;;;;;;;;;;20,8833;0,00000;0,0000;0,00000000;0,00000000;-0,00167;Infinity;171,3782;17,655338;-0,008427;23,972327;23,317469;-0,0017;-0,1720;7,06;704,82;0,00;0,02;1,43;;861,137;860,949;0,2092301;20,88200;0,10100;-0,02100;0,0039671;;-0,05;199,00;;;
;;200;20,60100;0,22400;-0,012000;79,000;100,89;-70,4700;0,000;100,802;28,300;0,000;475,950;462,350;28,20;1129,250;263,248;0,000;836,700;872,400;859,200;329,150;;;;;0,00;0,00;0,00;3,00;4,07;15,435;27,554;0,61;0,61;999998,00;999998,00;999998,00;999998,00;999998,00;999998,00;999998,00;999998,00;999998,00;999998,00;999998,00;999998,00;999998,00;999998,00;999998,00;;;;;;;;;;;;;;;;;19,2722;0,00000;0,0000;0,00000000;0,00000000;-0,00122;Infinity;171,3975;17,803866;-0,009000;23,992523;23,306950;-0,0018;-0,1837;7,06;704,82;0,00;0,01;1,33;;856,932;860,949;0,1930886;20,88800;0,09600;-0,01800;0,0036305;;-0,05;200,00;;;
;;201;20,66800;0,19800;-0,015000;77,925;100,89;-70,4700;0,000;100,802;28,300;0,000;472,550;458,450;28,20;1129,117;263,248;0,000;836,200;872,500;859,200;329,050;;;;;0,00;0,00;0,00;3,00;4,07;15,381;27,520;0,61;0,61;999998,00;999998,00;999998,00;999998,00;999998,00;999998,00;999998,00;999998,00;999998,00;999998,00;999998,00;999998,00;999998,00;999998,00;999998,00;;;;;;;;;;;;;;;;;18,8046;0,00000;0,0000;0,00000000;0,00000000;-0,00262;Infinity;171,4163;17,745816;-0,009065;23,743460;23,035000;-0,0018;-0,1828;7,06;704,82;0,00;0,01;1,24;;852,763;852,580;0,1884035;20,89200;0,09200;-0,02700;0,0035531;;-0,05;201,00;;;
;;202;20,72000;0,17300;-0,025000;80,675;100,82;-70,4700;0,000;100,800;28,300;0,000;469,350;454,850;28,20;1129,117;263,248;0,000;836,100;872,600;859,200;329,050;;;;;0,00;0,00;0,00;3,00;4,07;15,414;27,552;0,61;0,61;999998,00;999998,00;999998,00;999998,00;999998,00;999998,00;999998,00;999998,00;999998,00;999998,00;999998,00;999998,00;999998,00;999998,00;999998,00;;;;;;;;;;;;;;;;;17,4326;0,00000;0,0000;0,00000000;0,00000000;-0,00188;Infinity;171,4337;18,117677;-0,008320;24,076846;23,333021;-0,0017;-0,1700;7,06;704,82;0,00;0,01;1,17;;848,631;852,580;0,1746570;20,89700;0,08900;-0,02200;0,0032264;;-0,05;202,00;;;
;;203;20,76000;0,15600;-0,019000;78,675;100,78;-70,4700;0,000;100,800;28,300;0,000;466,250;451,850;28,20;1129,083;263,248;0,000;835,900;872,700;859,200;329,150;;;;;0,00;0,00;0,00;3,00;4,07;15,406;27,541;0,60;0,60;999998,00;999998,00;999998,00;999998,00;999998,00;999998,00;999998,00;999998,00;999998,00;999998,00;999998,00;999998,00;999998,00;999998,00;999998,00;;;;;;;;;;;;;;;;;15,3011;0,00000;0,0000;0,00000000;0,00000000;0,00020;Infinity;171,4490;17,951072;-0,007935;23,697881;22,965978;-0,0016;-0,1596;7,06;704,82;0,00;0,01;1,08;;844,531;844,348;0,1533013;20,90100;0,08600;-0,00900;0,0028589;;-0,05;203,00;;;
;;204;20,79100;0,14200;-0,020000;79,875;100,83;-70,4700;0,000;100,802;28,300;0,000;463,450;448,950;28,30;1129,183;263,248;0,000;836,000;872,900;859,200;329,150;;;;;0,00;0,00;0,00;3,00;4,07;15,395;27,568;0,60;0,60;999998,00;999998,00;999998,00;999998,00;999998,00;999998,00;999998,00;999998,00;999998,00;999998,00;999998,00;999998,00;999998,00;999998,00;999998,00;;;;;;;;;;;;;;;;;14,1405;0,00000;0,0000;0,00083335;0,00083335;0,00149;13,19305;171,4632;18,142011;-0,008395;23,806118;23,061294;-0,0017;-0,1695;7,06;704,82;0,00;0,01;1,03;;840,464;844,348;0,1416739;20,90400;0,08300;-0,00100;0,0026148;;-0,05;204,00;;;
;;205;20,81500;0,12900;-0,010000;79,900;100,72;-70,4700;0,000;100,802;28,300;0,000;460,750;446,350;28,30;1129,183;263,248;0,000;836,000;872,900;859,200;329,150;;;;;0,00;0,00;0,00;3,00;4,08;15,399;27,557;0,60;0,60;999998,00;999998,00;999998,00;999998,00;999998,00;999998,00;999998,00;999998,00;999998,00;999998,00;999998,00;999998,00;999998,00;999998,00;999998,00;;;;;;;;;;;;;;;;;14,4073;0,00000;0,0000;-0,00583347;-0,00583347;0,00053;-1,79494;171,4776;18,197937;-0,007340;23,740386;22,998418;-0,0015;-0,1478;7,06;704,82;0,00;0,01;1,01;;836,433;836,255;0,1443468;20,90500;0,08100;-0,00700;0,0026555;;-0,05;205,00;;;
;;206;20,83400;0,12000;-0,004000;79,775;100,68;-70,4600;0,000;100,810;28,300;0,000;458,150;443,850;28,30;1129,317;263,248;0,000;836,300;873,000;859,200;329,150;;;;;0,00;0,00;0,00;3,00;4,08;15,404;27,554;0,60;0,60;999998,00;999998,00;999998,00;999998,00;999998,00;999998,00;999998,00;999998,00;999998,00;999998,00;999998,00;999998,00;999998,00;999998,00;999998,00;;;;;;;;;;;;;;;;;12,4683;0,00000;0,0000;-0,00666682;-0,00666682;0,00101;-1,44809;171,4900;18,235219;-0,006913;23,654782;22,916458;-0,0014;-0,1387;7,06;704,82;0,00;0,01;0,89;;832,438;836,255;0,1249196;20,91100;0,07800;-0,00400;0,0022935;;-0,04;206,00;;;
;;207;20,84500;0,11200;0,009000;82,125;100,62;-70,4600;0,000;100,802;28,300;0,000;455,550;441,450;28,30;1129,450;263,248;0,000;836,500;873,200;859,200;329,150;;;;;0,00;0,00;0,00;3,00;4,08;15,376;27,544;0,60;0,59;999998,00;999998,00;999998,00;999998,00;999998,00;999998,00;999998,00;999998,00;999998,00;999998,00;999998,00;999998,00;999998,00;999998,00;999998,00;;;;;;;;;;;;;;;;;12,4402;0,00000;0,0000;0,00750017;0,00750017;0,00037;1,23393;171,5025;18,554579;-0,006314;23,932465;23,191717;-0,0013;-0,1282;7,06;704,82;0,00;0,01;0,87;;828,477;828,305;0,1246380;20,91300;0,07600;-0,00800;0,0022486;;-0,04;207,00;;;
;;208;20,85800;0,10600;-0,003000;81,875;100,46;-70,4700;0,000;100,808;28,300;0,000;453,050;439,250;28,20;1129,650;263,248;0,000;837,000;873,300;859,200;329,150;;;;;0,00;0,00;0,00;3,00;4,08;15,429;27,562;0,59;0,59;999998,00;999998,00;999998,00;999998,00;999998,00;999998,00;999998,00;999998,00;999998,00;999998,00;999998,00;999998,00;999998,00;999998,00;999998,00;;;;;;;;;;;;;;;;;9,6573;0,00000;0,0000;0,00000000;0,00000000;0,00333;Infinity;171,5121;18,577361;-0,004796;23,830351;23,104474;-0,0010;-0,0970;7,06;704,82;0,00;0,01;0,77;;824,547;828,305;0,0967570;20,91800;0,07400;0,01000;0,0017447;;-0,05;208,00;;;
;;209;20,86800;0,10100;-0,021000;80,925;100,49;-70,4600;0,000;100,808;28,300;0,000;450,850;437,350;28,20;1129,783;263,241;0,000;837,300;873,400;859,200;329,150;;;;;0,00;0,00;0,00;3,00;4,08;15,420;27,554;0,59;0,59;999998,00;999998,00;999998,00;999998,00;999998,00;999998,00;999998,00;999998,00;999998,00;999998,00;999998,00;999998,00;999998,00;999998,00;999998,00;;;;;;;;;;;;;;;;;9,6595;0,00000;0,0000;-0,00750017;-0,00750017;0,00201;-1,07999;171,5218;18,514277;-0,005100;23,634101;22,926415;-0,0010;-0,1024;7,06;704,82;0,00;0,01;0,72;;820,648;820,485;0,0967784;20,92000;0,07200;0,00200;0,0017504;;-0,04;209,00;;;
;;210;20,87700;0,09600;-0,021000;79,725;100,49;-70,4600;0,000;100,800;28,300;0,000;448,750;435,750;28,30;1129,983;263,241;0,000;837,800;873,500;859,200;329,150;;;;;0,00;0,00;0,00;3,00;4,08;15,412;27,565;0,59;0,59;999998,00;999998,00;999998,00;999998,00;999998,00;999998,00;999998,00;999998,00;999998,00;999998,00;999998,00;999998,00;999998,00;999998,00;999998,00;;;;;;;;;;;;;;;;;10,0637;0,00000;0,0000;0,00666682;0,00666682;-0,00028;1,12413;171,5319;18,419442;-0,005014;23,403522;22,725537;-0,0010;-0,0998;7,06;704,82;0,00;0,01;0,68;;816,787;820,485;0,1008281;20,92200;0,07000;-0,01200;0,0018318;;-0,04;210,00;;;
;;211;20,88200;0,09200;-0,018000;82,675;100,43;-70,4700;0,000;100,798;28,300;0,000;446,750;434,050;28,30;1129,350;263,241;0,000;835,700;873,700;859,200;329,150;;;;;0,00;0,00;0,00;3,00;4,08;15,412;27,549;0,59;0,58;999998,00;999998,00;999998,00;999998,00;999998,00;999998,00;999998,00;999998,00;999998,00;999998,00;999998,00;999998,00;999998,00;999998,00;999998,00;;;;;;;;;;;;;;;;;10,3782;0,00000;0,0000;0,00583347;0,00583347;-0,00195;1,26182;171,5422;18,799066;-0,004465;23,779411;23,103421;-0,0009;-0,0903;7,06;704,82;0,00;0,01;0,65;;812,965;812,803;0,1039796;20,92400;0,06900;-0,02200;0,0018501;;-0,05;211,00;;;
;;212;20,88800;0,08900;-0,027000;82,500;100,44;-70,4700;0,000;100,798;28,300;0,000;444,750;432,450;28,30;1129,583;263,241;0,000;836,300;873,800;859,200;329,150;;;;;0,00;0,00;0,00;3,00;4,08;15,452;27,541;0,58;0,58;999998,00;999998,00;999998,00;999998,00;999998,00;999998,00;999998,00;999998,00;999998,00;999998,00;999998,00;999998,00;999998,00;999998,00;999998,00;;;;;;;;;;;;;;;;;9,7658;0,00000;0,0000;0,00000000;0,00000000;-0,00095;Infinity;171,5520;18,821335;-0,004515;23,700999;23,045525;-0,0009;-0,0911;7,06;704,82;0,00;0,01;0,63;;809,177;812,803;0,0978433;20,92500;0,06700;-0,01600;0,0017392;;-0,05;212,00;;;
;;213;20,89200;0,08600;-0,022000;82,100;100,48;-70,4700;0,000;100,798;28,200;0,000;442,850;431,050;28,20;1129,717;263,241;0,000;836,400;874,000;859,300;329,150;;;;;0,00;0,00;0,00;3,00;4,08;15,421;27,570;0,58;0,58;999998,00;999998,00;999998,00;999998,00;999998,00;999998,00;999998,00;999998,00;999998,00;999998,00;999998,00;999998,00;999998,00;999998,00;999998,00;;;;;;;;;;;;;;;;;8,0868;0,00000;0,0000;-0,00666682;-0,00666682;0,00154;-0,97539;171,5601;18,815887;-0,004946;23,592916;22,964268;-0,0010;-0,0994;7,06;704,82;0,00;0,01;0,59;;805,420;805,257;0,0810218;20,92700;0,06600;-0,00100;0,0014416;;-0,05;213,00;;;
;;214;20,89700;0,08300;-0,009000;84,675;100,58;-70,4600;0,000;100,798;28,200;0,000;441,050;429,550;28,20;1129,617;263,241;0,000;836,000;874,100;859,300;329,150;;;;;0,00;0,00;0,00;3,00;4,09;15,423;27,557;0,58;0,58;999998,00;999998,00;999998,00;999998,00;999998,00;999998,00;999998,00;999998,00;999998,00;999998,00;999998,00;999998,00;999998,00;999998,00;999998,00;;;;;;;;;;;;;;;;;7,6126;0,00000;0,0000;0,00000000;0,00000000;0,00157;Infinity;171,5677;19,147635;-0,005985;23,911302;23,287835;-0,0012;-0,1220;7,06;704,82;0,00;0,01;0,56;;801,693;805,257;0,0762706;20,92900;0,06500;-0,00100;0,0013336;;-0,04;214,00;;;
;;215;20,90100;0,08100;-0,001000;83,500;100,54;-70,4700;0,000;100,796;28,200;0,000;439,450;428,350;28,20;1129,883;263,241;0,000;836,800;874,100;859,300;329,150;;;;;0,00;0,00;0,00;3,00;4,09;15,442;27,586;0,58;0,58;999998,00;999998,00;999998,00;999998,00;999998,00;999998,00;999998,00;999998,00;999998,00;999998,00;999998,00;999998,00;999998,00;999998,00;999998,00;;;;;;;;;;;;;;;;;7,7891;0,00000;0,0000;0,00666682;0,00666682;0,00139;0,85618;171,5755;19,048902;-0,005541;23,701710;23,103032;-0,0011;-0,1121;7,06;704,82;0,00;0,01;0,56;;798,000;797,840;0,0780393;20,92900;0,06300;-0,00200;0,0013715;;-0,05;215,00;;;
;;216;20,90400;0,07800;-0,007000;85,550;100,67;-70,4700;0,000;100,802;28,200;0,000;437,650;426,850;28,20;1129,983;263,241;0,000;836,900;874,300;859,300;329,150;;;;;0,00;0,00;0,00;3,00;4,09;15,433;27,557;0,58;0,58;999998,00;999998,00;999998,00;999998,00;999998,00;999998,00;999998,00;999998,00;999998,00;999998,00;999998,00;999998,00;999998,00;999998,00;999998,00;;;;;;;;;;;;;;;;;8,0653;0,00000;0,0000;-0,00083335;-0,00083335;0,00039;-6,59214;171,5836;19,320927;-0,006851;23,941710;23,350895;-0,0014;-0,1401;7,06;704,82;0,00;0,01;0,54;;794,343;797,840;0,0808058;20,93000;0,06200;-0,00800;0,0013996;;-0,05;216,00;;;
;;217;20,90500;0,07600;-0,004000;84,425;100,64;-70,4700;0,000;100,802;28,200;0,000;436,150;425,750;28,30;1130,117;263,241;0,000;837,100;874,400;859,400;329,150;;;;;0,00;0,00;0,00;3,00;4,09;15,482;27,557;0,58;0,58;999998,00;999998,00;999998,00;999998,00;999998,00;999998,00;999998,00;999998,00;999998,00;999998,00;999998,00;999998,00;999998,00;999998,00;999998,00;;;;;;;;;;;;;;;;;6,4771;0,00000;0,0000;0,00000000;0,00000000;0,00174;Infinity;171,5900;19,226447;-0,006532;23,742978;23,176826;-0,0013;-0,1326;7,06;704,82;0,00;0,01;0,48;;790,716;790,553;0,0648944;20,93300;0,06100;0,00000;0,0011300;;-0,05;217,00;;;
;;218;20,91100;0,07400;-0,008000;86,125;100,67;-70,4700;0,000;100,802;28,200;0,000;434,650;424,750;28,20;1130,250;263,241;0,000;837,400;874,500;859,400;329,150;;;;;0,00;0,00;0,00;3,00;4,09;15,444;27,568;0,58;0,57;999998,00;999998,00;999998,00;999998,00;999998,00;999998,00;999998,00;999998,00;999998,00;999998,00;999998,00;999998,00;999998,00;999998,00;999998,00;;;;;;;;;;;;;;;;;6,9218;0,00000;0,0000;0,00000000;0,00000000;0,00108;Infinity;171,5970;19,452535;-0,006859;23,939560;23,394290;-0,0014;-0,1405;7,06;704,82;0,00;0,00;0,48;;787,119;790,553;0,0693496;20,93300;0,06000;-0,00400;0,0011933;;-0,05;218,00;;;
;;219;20,91300;0,07200;0,010000;87,425;100,74;-70,4700;0,000;100,802;28,200;0,000;433,250;423,550;28,30;1130,350;263,241;0,000;837,500;874,700;859,400;329,150;;;;;0,00;0,00;0,00;3,00;4,09;15,437;27,557;0,58;0,57;999998,00;999998,00;999998,00;999998,00;999998,00;999998,00;999998,00;999998,00;999998,00;999998,00;999998,00;999998,00;999998,00;999998,00;999998,00;;;;;;;;;;;;;;;;;6,4633;0,00000;0,0000;0,00000000;0,00000000;0,00247;Infinity;171,6034;19,630437;-0,007535;24,080684;23,541542;-0,0016;-0,1553;7,06;704,82;0,00;0,00;0,49;;783,556;783,392;0,0647555;20,93300;0,05900;0,00400;0,0011048;;-0,05;219,00;;;
;;220;20,91800;0,07000;0,002000;81,500;100,73;-70,4700;0,000;100,806;28,200;0,000;431,650;422,350;28,30;1130,417;263,241;0,000;837,600;874,800;859,400;329,150;;;;;0,00;0,00;0,00;3,00;4,09;15,437;27,570;0,58;0,57;999998,00;999998,00;999998,00;999998,00;999998,00;999998,00;999998,00;999998,00;999998,00;999998,00;999998,00;999998,00;999998,00;999998,00;999998,00;;;;;;;;;;;;;;;;;7,6386;0,00000;0,0000;0,00000000;0,00000000;-0,00146;Infinity;171,6111;18,988662;-0,007446;23,207394;22,707385;-0,0015;-0,1480;7,06;704,82;0,00;0,00;0,45;;780,026;783,392;0,0765309;20,93400;0,05800;-0,01900;0,0013478;;-0,05;220,00;;;
;;221;20,92000;0,06900;-0,012000;84,750;100,83;-70,4700;0,000;100,802;28,200;0,000;430,350;421,150;28,30;1130,517;263,241;0,000;837,700;874,900;859,500;329,150;;;;;0,00;0,00;0,00;3,00;4,09;15,414;27,541;0,58;0,57;999998,00;999998,00;999998,00;999998,00;999998,00;999998,00;999998,00;999998,00;999998,00;999998,00;999998,00;999998,00;999998,00;999998,00;999998,00;;;;;;;;;;;;;;;;;7,8936;0,00000;0,0000;0,00000000;0,00000000;-0,00252;Infinity;171,6189;19,392794;-0,008439;23,629932;23,124772;-0,0017;-0,1709;7,06;704,82;0,00;0,00;0,44;;776,532;776,368;0,0790859;20,93500;0,05800;-0,02500;0,0013633;;-0,05;221,00;;;
;;222;20,92200;0,06700;-0,022000;85,650;100,88;-70,4700;0,000;100,806;28,200;0,000;429,050;420,150;28,30;1130,617;263,241;0,000;837,800;875,100;859,500;329,150;;;;;0,00;0,00;0,00;3,00;4,09;15,450;27,568;0,58;0,57;999998,00;999998,00;999998,00;999998,00;999998,00;999998,00;999998,00;999998,00;999998,00;999998,00;999998,00;999998,00;999998,00;999998,00;999998,00;;;;;;;;;;;;;;;;;7,0033;0,00000;0,0000;0,00000000;0,00000000;-0,00099;Infinity;171,6260;19,525006;-0,008892;23,719162;23,227144;-0,0018;-0,1808;7,06;704,82;0,00;0,00;0,42;;773,067;776,368;0,0701665;20,93600;0,05700;-0,01600;0,0012018;;-0,05;222,00;;;
;;223;20,92400;0,06600;-0,016000;85,650;100,85;-70,4700;0,000;100,806;28,200;0,000;427,650;419,050;28,30;1130,883;263,241;0,000;838,400;875,200;859,600;329,150;;;;;0,00;0,00;0,00;3,00;4,10;15,421;27,584;0,58;0,57;999998,00;999998,00;999998,00;999998,00;999998,00;999998,00;999998,00;999998,00;999998,00;999998,00;999998,00;999998,00;999998,00;999998,00;999998,00;;;;;;;;;;;;;;;;;6,9401;0,00000;0,0000;0,00083335;0,00083335;-0,00064;4,51607;171,6329;19,556939;-0,008649;23,680433;23,204221;-0,0018;-0,1757;7,06;704,82;0,00;0,00;0,42;;769,632;769,471;0,0695331;20,93600;0,05600;-0,01400;0,0011892;;-0,05;223,00;;;
;;224;20,92500;0,06500;-0,001000;86,050;100,89;-70,4700;0,000;100,796;28,200;0,000;426,350;418,150;28,30;1130,983;263,241;0,000;838,500;875,400;859,600;329,150;;;;;0,00;0,00;0,00;3,00;4,10;15,442;27,568;0,58;0,58;999998,00;999998,00;999998,00;999998,00;999998,00;999998,00;999998,00;999998,00;999998,00;999998,00;999998,00;999998,00;999998,00;999998,00;999998,00;;;;;;;;;;;;;;;;;6,0179;0,00000;0,0000;-0,00583347;-0,00583347;0,00074;-0,64764;171,6389;19,632416;-0,008997;23,699560;23,243746;-0,0018;-0,1831;7,06;704,82;0,00;0,00;0,40;;766,225;769,471;0,0602932;20,93700;0,05600;-0,00600;0,0010277;;-0,05;224,00;;;
;;225;20,92700;0,06300;-0,001000;90,100;100,91;-70,4600;0,000;100,796;28,200;0,000;425,250;417,150;28,30;1131,217;263,241;0,000;839,000;875,600;859,600;329,150;;;;;0,00;0,00;0,00;3,00;4,10;15,488;27,557;0,58;0,58;999998,00;999998,00;999998,00;999998,00;999998,00;999998,00;999998,00;999998,00;999998,00;999998,00;999998,00;999998,00;999998,00;999998,00;999998,00;;;;;;;;;;;;;;;;;4,9834;0,00000;0,0000;-0,00666682;-0,00666682;0,00200;-0,53441;171,6439;20,115076;-0,009223;24,219561;23,758236;-0,0019;-0,1919;7,06;704,82;0,00;0,00;0,36;;762,844;762,684;0,0499291;20,93900;0,05500;0,00100;0,0008311;;-0,04;225,00;;;
;;226;20,92900;0,06200;-0,002000;87,350;100,89;-70,4600;0,000;100,808;28,200;0,000;423,950;416,150;28,30;1131,150;263,241;0,000;838,700;875,600;859,700;329,150;;;;;0,00;0,00;0,00;3,00;4,10;15,437;27,570;0,58;0,58;999998,00;999998,00;999998,00;999998,00;999998,00;999998,00;999998,00;999998,00;999998,00;999998,00;999998,00;999998,00;999998,00;999998,00;999998,00;;;;;;;;;;;;;;;;;4,4625;0,00000;0,0000;0,00583347;0,00583347;0,00302;0,60228;171,6484;19,836067;-0,008981;23,810608;23,372530;-0,0018;-0,1838;7,06;704,82;0,00;0,00;0,36;;759,489;762,684;0,0447102;20,93900;0,05500;0,00700;0,0007552;;-0,04;226,00;;;
;;227;20,92900;0,06100;-0,008000;86,975;100,88;-70,4700;0,000;100,808;28,200;0,000;422,950;415,450;28,30;1131,117;263,235;0,000;838,500;875,700;859,700;329,150;;;;;0,00;0,00;0,00;3,00;4,10;15,463;27,570;0,58;0,58;999998,00;999998,00;999998,00;999998,00;999998,00;999998,00;999998,00;999998,00;999998,00;999998,00;999998,00;999998,00;999998,00;999998,00;999998,00;;;;;;;;;;;;;;;;;4,5334;0,00000;-155,9011;0,01166693;0,01166693;0,00285;0,30084;171,6529;19,816828;-0,008895;23,731405;23,310585;-0,0018;-0,1815;7,06;704,82;0,00;0,00;0,36;;756,164;756,007;0,0454206;20,93900;0,05500;0,00600;0,0007679;;-0,05;227,00;;;
;;228;20,93000;0,06000;0,000000;91,025;100,89;-70,4800;0,000;100,810;28,200;0,000;421,850;414,650;28,30;1131,350;263,235;0,000;839,000;875,900;859,700;329,150;;;;;0,00;0,00;0,00;3,00;4,10;15,460;27,584;0,58;0,58;999998,00;999998,00;999998,00;999998,00;999998,00;999998,00;999998,00;999998,00;999998,00;999998,00;999998,00;999998,00;999998,00;999998,00;999998,00;;;;;;;;;;;;;;;;;4,7204;0,00000;0,0000;0,00583347;0,00583347;0,00292;0,56305;171,6576;20,299379;-0,009052;24,246054;23,832231;-0,0019;-0,1889;7,06;704,82;0,00;0,00;0,37;;752,867;756,007;0,0472934;20,93900;0,05400;0,00600;0,0007805;;-0,06;228,00;;;
;;229;20,93300;0,05900;-0,004000;87,500;100,85;-70,4800;0,000;100,802;28,200;0,000;420,850;414,050;28,30;1131,383;263,235;0,000;839,000;876,000;859,700;329,150;;;;;0,00;0,00;0,00;3,00;4,10;15,475;27,586;0,58;0,58;999998,00;999998,00;999998,00;999998,00;999998,00;999998,00;999998,00;999998,00;999998,00;999998,00;999998,00;999998,00;999998,00;999998,00;999998,00;;;;;;;;;;;;;;;;;5,5046;0,00000;0,0000;-0,00666682;-0,00666682;-0,00083;-0,48361;171,6631;19,926077;-0,008655;23,743755;23,360108;-0,0018;-0,1770;7,06;704,82;0,00;0,00;0,32;;749,602;749,448;0,0551504;20,94100;0,05400;-0,01500;0,0009253;;-0,06;229,00;;;
;;230;20,93300;0,05800;0,004000;91,075;100,85;-70,4700;0,000;100,800;28,200;0,000;419,850;413,250;28,30;1131,383;263,235;0,000;838,700;876,200;859,800;329,150;;;;;0,00;0,00;0,00;3,00;4,10;15,454;27,576;0,58;0,58;999998,00;999998,00;999998,00;999998,00;999998,00;999998,00;999998,00;999998,00;999998,00;999998,00;999998,00;999998,00;999998,00;999998,00;999998,00;;;;;;;;;;;;;;;;;6,5287;0,00000;0,0000;-0,00583347;-0,00583347;-0,00193;-0,51111;171,6696;20,353259;-0,008586;24,195153;23,814808;-0,0018;-0,1790;7,06;704,82;0,00;0,00;0,35;;746,369;749,448;0,0654114;20,94000;0,05300;-0,02100;0,0010742;;-0,05;230,00;;;
;;231;20,93300;0,05800;-0,019000;88,225;100,83;-70,4700;0,000;100,800;28,200;0,000;418,850;412,550;28,30;1131,450;263,235;0,000;838,800;876,300;859,800;329,150;;;;;0,00;0,00;0,00;3,00;4,10;15,435;27,581;0,58;0,58;999998,00;999998,00;999998,00;999998,00;999998,00;999998,00;999998,00;999998,00;999998,00;999998,00;999998,00;999998,00;999998,00;999998,00;999998,00;;;;;;;;;;;;;;;;;6,0535;0,00000;0,0000;0,00083335;0,00083335;-0,00119;3,89407;171,6757;20,056170;-0,008448;23,785200;23,427442;-0,0017;-0,1733;7,06;704,82;0,00;0,00;0,34;;743,165;743,009;0,0606503;20,94000;0,05400;-0,01700;0,0010110;;-0,05;231,00;;;
;;232;20,93400;0,05700;-0,025000;88,925;100,77;-70,4700;0,000;100,798;28,200;0,000;418,050;411,950;28,30;1131,450;263,235;0,000;838,700;876,400;859,800;329,150;;;;;0,00;0,00;0,00;3,00;4,10;15,475;27,573;0,58;0,58;999998,00;999998,00;999998,00;999998,00;999998,00;999998,00;999998,00;999998,00;999998,00;999998,00;999998,00;999998,00;999998,00;999998,00;999998,00;;;;;;;;;;;;;;;;;6,0833;0,00000;0,0000;0,00000000;0,00000000;-0,00120;Infinity;171,6818;20,154836;-0,007878;23,856557;23,508453;-0,0016;-0,1621;7,06;704,82;0,00;0,00;0,34;;739,988;743,009;0,0609486;20,94000;0,05400;-0,01700;0,0010110;;-0,05;232,00;;;
;;233;20,93500;0,05600;-0,016000;89,350;100,80;-70,4700;0,000;100,798;28,200;0,000;417,150;411,450;28,30;1131,550;263,235;0,000;838,900;876,500;859,800;329,150;;;;;0,00;0,00;0,00;3,00;4,11;15,526;27,586;0,58;0,58;999998,00;999998,00;999998,00;999998,00;999998,00;999998,00;999998,00;999998,00;999998,00;999998,00;999998,00;999998,00;999998,00;999998,00;999998,00;;;;;;;;;;;;;;;;;6,1044;0,00000;0,0000;0,00000000;0,00000000;-0,00120;Infinity;171,6879;20,224724;-0,008103;23,887743;23,561337;-0,0017;-0,1672;7,06;704,82;0,00;0,00;0,34;;736,838;736,684;0,0611600;20,94000;0,05400;-0,01700;0,0010110;;-0,05;233,00;;;
;;234;20,93600;0,05600;-0,014000;88,875;100,66;-70,4700;0,000;100,800;28,200;0,000;416,250;410,750;28,30;1131,683;263,235;0,000;839,100;876,600;859,900;329,150;;;;;0,00;0,00;0,00;3,00;4,11;15,460;27,584;0,58;0,58;999998,00;999998,00;999998,00;999998,00;999998,00;999998,00;999998,00;999998,00;999998,00;999998,00;999998,00;999998,00;999998,00;999998,00;999998,00;;;;;;;;;;;;;;;;;6,0947;0,00000;0,0000;0,00000000;0,00000000;-0,00120;Infinity;171,6940;20,192687;-0,006704;23,798448;23,483994;-0,0014;-0,1378;7,06;704,82;0,00;0,00;0,34;;733,716;736,684;0,0610631;20,94000;0,05400;-0,01700;0,0010110;;-0,05;234,00;;;
;;235;20,93600;0,05500;-0,006000;91,800;100,67;-70,4700;0,000;100,800;28,200;0,000;415,350;409,950;28,30;1131,850;263,235;0,000;839,400;876,800;859,900;329,150;;;;;0,00;0,00;0,00;3,00;4,11;15,446;27,586;0,58;0,58;999998,00;999998,00;999998,00;999998,00;999998,00;999998,00;999998,00;999998,00;999998,00;999998,00;999998,00;999998,00;999998,00;999998,00;999998,00;;;;;;;;;;;;;;;;;6,2009;0,00000;0,0000;0,00000000;0,00000000;-0,00122;Infinity;171,7002;20,544504;-0,006808;24,160735;23,846620;-0,0014;-0,1421;7,06;704,82;0,00;0,00;0,35;;730,619;730,466;0,0621270;20,94000;0,05400;-0,01700;0,0010110;;-0,05;235,00;;;
;;236;20,93700;0,05500;0,001000;91,625;100,60;-70,4700;0,000;100,804;28,200;0,000;414,550;409,450;28,30;1131,917;263,235;0,000;839,500;876,900;859,900;329,150;;;;;0,00;0,00;0,00;3,00;4,11;15,467;27,578;0,58;0,58;999998,00;999998,00;999998,00;999998,00;999998,00;999998,00;999998,00;999998,00;999998,00;999998,00;999998,00;999998,00;999998,00;999998,00;999998,00;;;;;;;;;;;;;;;;;6,2010;0,00000;0,0000;0,00000000;0,00000000;-0,00122;Infinity;171,7064;20,544708;-0,006149;24,114438;23,817771;-0,0013;-0,1282;7,06;704,82;0,00;0,00;0,35;;727,550;730,466;0,0621276;20,94000;0,05400;-0,01700;0,0010110;;-0,05;236,00;;;
;;237;20,93900;0,05500;0,007000;87,700;100,59;-70,4700;0,000;100,804;28,200;0,000;413,850;408,950;28,30;1131,883;263,235;0,000;839,300;877,000;859,900;329,150;;;;;0,00;0,00;0,00;3,00;4,11;15,484;27,584;0,58;0,58;999998,00;999998,00;999998,00;999998,00;999998,00;999998,00;999998,00;999998,00;999998,00;999998,00;999998,00;999998,00;999998,00;999998,00;999998,00;;;;;;;;;;;;;;;;;6,0718;0,00000;0,0000;0,00083335;0,00083335;-0,00120;3,90574;171,7125;20,116840;-0,006007;23,572356;23,293259;-0,0012;-0,1225;7,06;704,82;0,00;0,00;0,34;;724,506;724,354;0,0608337;20,94000;0,05400;-0,01700;0,0010110;;-0,05;237,00;;;
;;238;20,93900;0,05400;0,006000;87,825;100,48;-70,4700;0,000;100,798;28,200;0,000;413,150;408,550;28,30;1132,050;263,235;0,000;839,600;877,100;860,000;329,150;;;;;0,00;0,00;0,00;3,00;4,11;15,503;27,578;0,58;0,58;999998,00;999998,00;999998,00;999998,00;999998,00;999998,00;999998,00;999998,00;999998,00;999998,00;999998,00;999998,00;999998,00;999998,00;999998,00;;;;;;;;;;;;;;;;;6,0813;0,00000;0,0000;-0,00583347;-0,00583347;-0,00120;-0,55883;171,7185;20,148218;-0,004993;23,569190;23,306771;-0,0010;-0,1019;7,06;704,82;0,00;0,00;0,34;;721,487;724,354;0,0609286;20,94000;0,05400;-0,01700;0,0010110;;-0,05;238,00;;;
;;239;20,93900;0,05400;0,006000;90,050;100,48;-70,4600;0,000;100,800;28,200;0,000;412,350;407,950;28,20;1132,250;263,235;0,000;840,100;877,200;860,000;329,150;;;;;0,00;0,00;0,00;3,00;4,11;15,496;27,557;0,58;0,57;999998,00;999998,00;999998,00;999998,00;999998,00;999998,00;999998,00;999998,00;999998,00;999998,00;999998,00;999998,00;999998,00;999998,00;999998,00;;;;;;;;;;;;;;;;;6,1638;0,00000;0,0000;-0,00666682;-0,00666682;-0,00121;-0,49561;171,7247;20,421625;-0,004983;23,842762;23,588347;-0,0010;-0,1029;7,06;704,82;0,00;0,00;0,35;;718,494;718,343;0,0617554;20,94000;0,05400;-0,01700;0,0010110;;-0,04;239,00;;;
;;240;20,93900;0,05300;-0,015000;93,175;100,47;-70,4600;0,000;100,798;28,200;0,000;411,650;407,350;28,30;1131,850;263,235;0,000;838,700;877,400;860,000;329,150;;;;;0,00;0,00;0,00;3,00;4,11;15,442;27,597;0,58;0,57;999998,00;999998,00;999998,00;999998,00;999998,00;999998,00;999998,00;999998,00;999998,00;999998,00;999998,00;999998,00;999998,00;999998,00;999998,00;;;;;;;;;;;;;;;;;6,2752;0,00000;0,0000;0,00666682;0,00666682;-0,00124;0,50456;171,7310;20,790602;-0,004883;24,232346;23,979221;-0,0010;-0,1025;7,06;704,82;0,00;0,00;0,35;;715,526;718,343;0,0628712;20,94000;0,05400;-0,01700;0,0010110;;-0,04;240,00;;;
;;241;20,94100;0,05400;-0,021000;92,450;100,48;-70,4700;0,000;100,800;28,200;0,000;411,050;406,950;28,30;1131,950;263,228;0,000;839,000;877,400;860,000;329,150;;;;;0,00;0,00;0,00;3,00;4,11;15,482;27,568;0,57;0,57;999998,00;999998,00;999998,00;999998,00;999998,00;999998,00;999998,00;999998,00;999998,00;999998,00;999998,00;999998,00;999998,00;999998,00;999998,00;;;;;;;;;;;;;;;;;6,2553;0,00000;0,0000;0,00666682;0,00666682;-0,00123;0,50296;171,7372;20,724667;-0,004973;24,120288;23,879701;-0,0010;-0,1040;7,06;704,82;0,00;0,00;0,35;;712,583;712,434;0,0626718;20,94000;0,05400;-0,01700;0,0010110;;-0,05;241,00;;;
;;242;20,94000;0,05400;-0,017000;91,225;100,45;-70,4700;0,000;100,800;28,200;0,000;410,250;406,350;28,30;1132,183;263,235;0,000;839,400;877,600;860,100;329,150;;;;;0,00;0,00;0,00;3,00;4,12;15,513;27,589;0,57;0,57;999998,00;999998,00;999998,00;999998,00;999998,00;999998,00;999998,00;999998,00;999998,00;999998,00;999998,00;999998,00;999998,00;999998,00;999998,00;;;;;;;;;;;;;;;;;;;;;;;;;20,606967;-0,004665;23,936626;23,709074;;;;;;;;;;712,434;;20,94000;0,05400;-0,01700;0,0010110;;-0,05;242,00;;;
