20241115181608,0,12.725,12.904,12.939,12.379,10.417,10.389
20241115181608.8,0.813001021742821,12.727,12.892,12.941,12.399,10.431,10.389
20241115181609.3,1.30900517106056,12.733,12.88,12.933,12.403,10.443,10.377
20241115181609.8,1.81300565600395,12.739,12.88,12.943,12.406,10.454,10.375
20241115181610.2,2.28500068187714,12.723,12.904,12.953,12.395,10.417,10.393
20241115181610.8,2.80900709331036,12.731,12.896,12.937,12.403,10.431,10.385
20241115181611.2,3.2620020210743,12.737,12.894,12.937,12.391,10.409,10.385
20241115181611.7,3.69900427758694,12.715,12.89,12.943,12.404,10.435,10.377
20241115181612.1,4.14100550115108,12.719,12.884,12.941,12.416,10.421,10.403
20241115181612.5,4.574004560709,12.719,12.882,12.935,12.404,10.421,10.377
20241115181613,5.01200258731842,12.723,12.882,12.947,12.412,10.427,10.397
20241115181613.4,5.44900484383106,12.707,12.886,12.949,12.395,10.425,10.383
20241115181613.8,5.88700287044048,12.727,12.892,12.969,12.399,10.405,10.401
20241115181614.3,6.32400512695313,12.715,12.884,12.951,12.381,10.401,10.387
20241115181614.7,6.76600635051727,12.715,12.866,12.959,12.387,10.427,10.379
20241115181615.2,7.20299854874611,12.723,12.866,12.947,12.387,10.419,10.389
20241115181615.6,7.63700343668461,12.707,12.866,12.941,12.377,10.423,10.385
20241115181616,8.07799883186817,12.703,12.87,12.913,12.391,10.423,10.397
20241115181616.5,8.51200371980667,12.705,12.864,12.931,12.371,10.439,10.383
20241115181616.9,8.94900597631931,12.735,12.893,12.937,12.4,10.425,10.371
20241115181617.3,9.39100719988346,12.719,12.872,12.925,12.393,10.441,10.387
20241115181617.8,9.83600579202175,12.709,12.866,12.927,12.389,10.427,10.381
20241115181618.2,10.2890007197857,12.717,12.876,12.943,12.377,10.413,10.381
20241115181618.7,10.7310019433498,12.717,12.882,12.935,12.389,10.409,10.369
20241115181619.1,11.1640010029078,12.717,12.866,12.937,12.389,10.417,10.381
20241115181619.6,11.6019990295172,12.723,12.882,12.917,12.402,10.425,10.373
20241115181620,12.0430044829845,12.727,12.89,12.931,12.402,10.415,10.401
20241115181620.4,12.481002509594,12.735,12.89,12.945,12.377,10.407,10.373
20241115181620.9,12.9140015691519,12.739,12.893,12.947,12.404,10.413,10.395
20241115181621.3,13.3519995957613,12.725,12.89,12.941,12.385,10.423,10.387
20241115181621.7,13.7890018522739,12.725,12.882,12.933,12.408,10.425,10.389
20241115181622.2,14.2420068383217,12.719,12.89,12.929,12.381,10.421,10.379
20241115181622.6,14.6950017660856,12.735,12.858,12.939,12.414,10.413,10.383
20241115181623.1,15.132999792695,12.723,12.876,12.925,12.398,10.433,10.389
20241115181623.5,15.5740052461624,12.735,12.87,12.941,12.385,10.413,10.377
20241115181624,16.0310033708811,12.723,12.866,12.929,12.367,10.425,10.385
20241115181624.4,16.4850041270256,12.721,12.868,12.921,12.389,10.421,10.373
20241115181624.9,16.9340059161186,12.699,12.864,12.923,12.391,10.435,10.364
20241115181625.3,17.3709981143475,12.703,12.848,12.933,12.396,10.419,10.379
20241115181625.8,17.8129993379116,12.709,12.888,12.927,12.391,10.427,10.383
20241115181626.2,18.2500015944242,12.721,12.88,12.925,12.393,10.437,10.369
20241115181626.7,18.703006580472,12.713,12.874,12.923,12.387,10.429,10.381
20241115181627.1,19.1410046070814,12.719,12.872,12.903,12.391,10.419,10.389
20241115181627.5,19.582000002265,12.725,12.884,12.931,12.397,10.425,10.399
20241115181628,20.0160048902035,12.735,12.874,12.929,12.389,10.445,10.391
20241115181628.4,20.4530071467161,12.733,12.88,12.933,12.387,10.429,10.399
20241115181628.8,20.8870019763708,12.717,12.872,12.903,12.387,10.431,10.385
20241115181629.3,21.3240042328835,12.723,12.886,12.925,12.369,10.401,10.385
20241115181629.7,21.7620022594929,12.703,12.852,12.911,12.371,10.423,10.383
20241115181630.2,22.2110040485859,12.709,12.87,12.901,12.379,10.439,10.399
20241115181630.6,22.6490020751953,12.705,12.848,12.919,12.379,10.419,10.379
20241115181631,23.086004331708,12.703,12.85,12.893,12.383,10.441,10.389
20241115181631.5,23.5240023583174,12.699,12.842,12.913,12.389,10.425,10.387
20241115181631.9,23.9649977535009,12.725,12.848,12.905,12.365,10.395,10.401
20241115181632.4,24.4180027395487,12.686,12.85,12.901,12.393,10.403,10.401
20241115181632.8,24.8560007661581,12.69,12.866,12.907,12.373,10.445,10.389
20241115181633.3,25.3090057522058,12.711,12.858,12.893,12.367,10.433,10.397
20241115181633.7,25.7500011473894,12.705,12.846,12.909,12.375,10.419,10.401
20241115181634.1,26.1949997395277,12.699,12.84,12.917,12.371,10.421,10.389
20241115181634.6,26.6370009630919,12.682,12.866,12.895,12.387,10.423,10.377
20241115181635,27.0860027521849,12.699,12.852,12.903,12.379,10.447,10.397
20241115181635.5,27.5269981473684,12.703,12.856,12.886,12.371,10.433,10.399
20241115181635.9,27.9610030353069,12.697,12.858,12.911,12.393,10.417,10.397
20241115181636.4,28.4019984304905,12.701,12.832,12.886,12.387,10.425,10.391
20241115181636.8,28.836003318429,12.694,12.838,12.901,12.373,10.425,10.383
20241115181637.2,29.2769987136126,12.664,12.84,12.899,12.375,10.417,10.389
20241115181637.7,29.7270063310862,12.692,12.84,12.903,12.369,10.439,10.381
20241115181638.1,30.1680017262697,12.676,12.822,12.911,12.379,10.413,10.405
20241115181638.6,30.6059997528791,12.695,12.842,12.884,12.371,10.451,10.403
20241115181639,31.0430020093918,12.688,12.824,12.893,12.365,10.429,10.397
20241115181639.4,31.4850032329559,12.686,12.834,12.888,12.359,10.417,10.391
20241115181639.9,31.9220054894686,12.692,12.838,12.876,12.365,10.435,10.373
20241115181640.3,32.360003516078,12.692,12.832,12.895,12.353,10.425,10.395
20241115181640.8,32.7970057725906,12.68,12.828,12.874,12.349,10.405,10.393
20241115181641.2,33.2350037992001,12.664,12.822,12.876,12.357,10.427,10.381
20241115181641.6,33.6720060557127,12.67,12.842,12.89,12.373,10.433,10.389
20241115181642.1,34.1250009834766,12.668,12.83,12.886,12.387,10.439,10.377
20241115181642.5,34.5629990100861,12.695,12.852,12.874,12.373,10.431,10.393
20241115181643,35.0160039961338,12.692,12.828,12.899,12.347,10.413,10.413
20241115181643.4,35.4530062526464,12.662,12.826,12.89,12.363,10.427,10.407
20241115181643.8,35.8910042792559,12.682,12.818,12.88,12.363,10.437,10.391
20241115181644.3,36.3240033388138,12.682,12.848,12.872,12.365,10.437,10.393
20241115181644.7,36.7620013654232,12.68,12.826,12.897,12.367,10.423,10.395
20241115181645.1,37.1950004249811,12.67,12.826,12.88,12.367,10.423,10.387
20241115181645.6,37.6329984515905,12.684,12.814,12.87,12.383,10.421,10.415
20241115181646,38.0820002406836,12.676,12.846,12.878,12.347,10.431,10.391
20241115181646.5,38.519998267293,12.695,12.822,12.888,12.347,10.409,10.409
20241115181646.9,38.9770064502954,12.668,12.818,12.88,12.355,10.431,10.411
20241115181647.4,39.4139986485243,12.654,12.822,12.876,12.371,10.409,10.403
20241115181647.8,39.8480035364628,12.654,12.82,12.858,12.331,10.407,10.377
20241115181648.2,40.2850057929754,12.666,12.818,12.866,12.361,10.411,10.407
20241115181648.7,40.7190006226301,12.656,12.824,12.866,12.353,10.419,10.379
20241115181649.1,41.1600060760975,12.654,12.816,12.874,12.369,10.393,10.395
20241115181649.6,41.6170042008162,12.656,12.818,12.864,12.381,10.445,10.397
20241115181650,42.0509990304708,12.682,12.84,12.874,12.373,10.425,10.393
20241115181650.4,42.4880012869835,12.682,12.82,12.862,12.351,10.431,10.379
20241115181650.9,42.9259993135929,12.674,12.81,12.876,12.363,10.423,10.385
20241115181651.3,43.3750011026859,12.66,12.834,12.874,12.351,10.421,10.401
20241115181651.8,43.8170023262501,12.662,12.836,12.862,12.365,10.407,10.403
20241115181652.2,44.2540045827627,12.668,12.816,12.868,12.361,10.423,10.377
20241115181652.6,44.6879994124174,12.672,12.82,12.878,12.337,10.419,10.383
20241115181653.1,45.1290048658848,12.67,12.828,12.862,12.359,10.405,10.409
20241115181653.5,45.5670028924942,12.688,12.818,12.86,12.361,10.429,10.405
20241115181654,46.0160046815872,12.676,12.828,12.862,12.373,10.425,10.415
20241115181654.4,46.4570000767708,12.676,12.84,12.892,12.357,10.435,10.399
20241115181654.9,46.9060018658638,12.672,12.816,12.876,12.357,10.439,10.401
20241115181655.3,47.3439998924732,12.674,12.805,12.89,12.349,10.411,10.393
20241115181655.7,47.7810021489859,12.692,12.806,12.86,12.379,10.425,10.421
20241115181656.2,48.2309997081757,12.694,12.803,12.874,12.385,10.431,10.413
20241115181656.6,48.6680019646883,12.67,12.824,12.874,12.377,10.421,10.405
20241115181657.1,49.1059999912977,12.698,12.801,12.878,12.371,10.454,10.413
20241115181657.5,49.5470054447651,12.662,12.822,12.856,12.373,10.417,10.413
20241115181657.9,49.9960072338581,12.674,12.805,12.856,12.375,10.433,10.411
20241115181658.4,50.449002161622,12.684,12.812,12.894,12.373,10.441,10.397
20241115181658.9,50.9020071476698,12.676,12.812,12.856,12.359,10.431,10.411
20241115181659.3,51.3360019773245,12.692,12.81,12.89,12.363,10.431,10.395
20241115181659.7,51.7740000039339,12.666,12.805,12.868,12.369,10.419,10.395
20241115181700.2,52.2110022604465,12.674,12.816,12.87,12.351,10.447,10.405
20241115181700.6,52.6519976556301,12.67,12.814,12.846,12.389,10.435,10.399
20241115181701,53.0939988791943,12.684,12.806,12.878,12.369,10.441,10.391
20241115181701.5,53.5269979387522,12.674,12.824,12.868,12.353,10.431,10.401
20241115181701.9,53.9689991623163,12.674,12.814,12.886,12.371,10.431,10.405
20241115181702.4,54.4019982218742,12.7,12.82,12.86,12.381,10.421,10.415
20241115181702.8,54.8400063067675,12.688,12.824,12.868,12.373,10.435,10.379
20241115181703.2,55.281001701951,12.706,12.805,12.866,12.365,10.433,10.405
20241115181703.7,55.7189997285604,12.692,12.824,12.872,12.369,10.447,10.383
20241115181704.1,56.1600051820278,12.688,12.824,12.874,12.373,10.421,10.405
20241115181704.6,56.6130001097918,12.682,12.82,12.874,12.367,10.447,10.403
20241115181705,57.0550013333559,12.694,12.824,12.88,12.355,10.445,10.407
20241115181705.4,57.4920035898685,12.692,12.818,12.884,12.355,10.423,10.393
20241115181705.9,57.9259984195232,12.698,12.822,12.886,12.357,10.445,10.383
20241115181706.3,58.3630006760359,12.686,12.82,12.886,12.385,10.462,10.409
20241115181706.8,58.8009987026453,12.715,12.822,12.88,12.371,10.449,10.415
20241115181707.2,59.2380009591579,12.719,12.799,12.878,12.377,10.435,10.395
20241115181707.6,59.6920017153025,12.68,12.816,12.868,12.371,10.429,10.399
20241115181708.1,60.1250007748604,12.694,12.824,12.88,12.363,10.439,10.411
20241115181708.5,60.5740025639534,12.704,12.805,12.878,12.375,10.437,10.405
20241115181709,61.0160037875175,12.692,12.797,12.874,12.381,10.441,10.383
20241115181709.4,61.4530060440302,12.7,12.816,12.866,12.381,10.437,10.383
20241115181709.8,61.8910040706396,12.688,12.814,12.874,12.379,10.445,10.411
20241115181710.3,62.3280063271523,12.717,12.806,12.876,12.381,10.435,10.413
20241115181710.7,62.7660043537617,12.702,12.805,12.87,12.357,10.437,10.393
20241115181711.2,63.2150061428547,12.715,12.836,12.864,12.379,10.431,10.393
20241115181711.6,63.6519983410835,12.713,12.828,12.87,12.355,10.431,10.409
20241115181712,64.0939995646477,12.698,12.826,12.868,12.361,10.427,10.407
20241115181712.5,64.5310018211603,12.711,12.822,12.854,12.353,10.435,10.403
20241115181712.9,64.9689998477697,12.709,12.814,12.872,12.369,10.429,10.415
20241115181713.4,65.4180016368628,12.704,12.805,12.874,12.369,10.435,10.403
20241115181713.8,65.8600028604269,12.715,12.812,12.866,12.353,10.437,10.411
20241115181714.2,66.2930019199848,12.731,12.808,12.856,12.351,10.439,10.399
20241115181714.7,66.7500000447035,12.725,12.808,12.86,12.379,10.439,10.395
20241115181715.1,67.1879980713129,12.721,12.801,12.846,12.369,10.439,10.387
20241115181715.6,67.6290035247803,12.723,12.816,12.876,12.359,10.429,10.417
20241115181716,68.0670015513897,12.725,12.824,12.842,12.355,10.423,10.405
20241115181716.5,68.5080070048571,12.727,12.818,12.866,12.349,10.441,10.383
20241115181716.9,68.9490024000406,12.721,12.806,12.868,12.345,10.431,10.391
20241115181717.3,69.3910036236048,12.719,12.828,12.86,12.339,10.431,10.401
20241115181717.8,69.8280058801174,12.725,12.814,12.864,12.349,10.439,10.399
20241115181718.2,70.2660039067268,12.727,12.805,12.87,12.359,10.425,10.405
20241115181718.7,70.7030061632395,12.713,12.801,12.852,12.355,10.433,10.393
20241115181719.1,71.1560010910034,12.719,12.828,12.862,12.349,10.411,10.405
20241115181719.5,71.5939991176128,12.729,12.826,12.846,12.363,10.423,10.389
20241115181720,72.0430009067059,12.711,12.806,12.84,12.351,10.431,10.403
20241115181720.4,72.4809989333153,12.735,12.806,12.872,12.357,10.427,10.391
20241115181720.9,72.9180011898279,12.735,12.816,12.852,12.335,10.419,10.395
20241115181721.3,73.3710061758757,12.733,12.801,12.846,12.355,10.415,10.389
20241115181721.8,73.8199979066849,12.721,12.814,12.854,12.347,10.421,10.401
20241115181722.2,74.261999130249,12.739,12.82,12.842,12.345,10.447,10.419
20241115181722.7,74.6990013867617,12.729,12.805,12.832,12.349,10.425,10.407
20241115181723.1,75.1489989459515,12.721,12.828,12.858,12.345,10.413,10.397
20241115181723.6,75.6060071289539,12.749,12.793,12.856,12.337,10.431,10.389
20241115181724,76.0390061885118,12.761,12.816,12.846,12.357,10.417,10.409
20241115181724.4,76.4879979193211,12.753,12.816,12.852,12.349,10.439,10.405
20241115181724.9,76.9419986754656,12.767,12.81,12.856,12.351,10.433,10.395
20241115181725.3,77.3749977350235,12.761,12.81,12.88,12.353,10.419,10.399
20241115181725.8,77.8169989585876,12.763,12.814,12.868,12.369,10.417,10.407
20241115181726.2,78.2540012151003,12.775,12.824,12.872,12.359,10.427,10.407
20241115181726.7,78.7030030041933,12.785,12.818,12.858,12.353,10.423,10.383
20241115181727.1,79.1520047932863,12.763,12.822,12.856,12.357,10.395,10.387
20241115181727.5,79.5900028198957,12.777,12.812,12.866,12.371,10.425,10.387
20241115181728,80.0390046089888,12.787,12.822,12.858,12.351,10.419,10.391
20241115181728.4,80.4770026355982,12.781,12.812,12.858,12.349,10.427,10.373
20241115181728.9,80.9140048921108,12.777,12.812,12.866,12.347,10.417,10.387
20241115181729.3,81.3479997217655,12.8,12.82,12.836,12.367,10.415,10.389
20241115181729.8,81.8010047078133,12.794,12.816,12.858,12.355,10.423,10.387
20241115181730.2,82.2500064969063,12.798,12.796,12.848,12.345,10.425,10.383
20241115181730.6,82.6880045235157,12.798,12.822,12.862,12.353,10.409,10.387
20241115181731.1,83.1250067800283,12.794,12.828,12.846,12.359,10.425,10.371
20241115181731.5,83.5739985108376,12.816,12.808,12.854,12.337,10.415,10.387
20241115181732,84.0240061283112,12.779,12.832,12.854,12.357,10.423,10.389
20241115181732.4,84.4570051878691,12.802,12.82,12.846,12.345,10.411,10.387
20241115181732.9,84.910000115633,12.791,12.83,12.848,12.331,10.421,10.362
20241115181733.3,85.3479981422424,12.822,12.82,12.852,12.355,10.421,10.391
20241115181733.7,85.7810072600842,12.81,12.81,12.852,12.349,10.419,10.387
20241115181734.2,86.2190052866936,12.824,12.822,12.864,12.357,10.421,10.391
20241115181734.6,86.6680070757866,12.816,12.804,12.868,12.355,10.423,10.389
20241115181735.1,87.1370047330856,12.848,12.81,12.834,12.361,10.429,10.395
20241115181735.5,87.5780001282692,12.84,12.81,12.858,12.347,10.413,10.399
20241115181736,88.0310051143169,12.828,12.822,12.868,12.347,10.421,10.375
20241115181736.4,88.476999476552,12.83,12.812,12.848,12.351,10.417,10.383
20241115181737,89.011999592185,12.82,12.81,12.85,12.345,10.399,10.381
20241115181737.4,89.4490018486977,12.814,12.791,12.83,12.369,10.417,10.399
20241115181737.9,89.9020068347454,12.83,12.806,12.836,12.349,10.419,10.379
20241115181738.3,90.3559975326061,12.846,12.838,12.852,12.351,10.419,10.395
20241115181738.8,90.8049993216991,12.836,12.81,12.842,12.371,10.419,10.383
20241115181739.2,91.2580043077469,12.83,12.812,12.836,12.369,10.419,10.401
20241115181739.7,91.7109992355108,12.838,12.814,12.856,12.359,10.421,10.399
20241115181740.1,92.1520046889782,12.834,12.81,12.846,12.341,10.417,10.403
20241115181740.5,92.5859995186329,12.864,12.812,12.842,12.363,10.425,10.393
20241115181741,93.0239975452423,12.854,12.812,12.858,12.351,10.437,10.399
20241115181741.4,93.4810057282448,12.854,12.828,12.848,12.373,10.405,10.393
20241115181741.9,93.9179979264736,12.846,12.794,12.838,12.333,10.425,10.371
20241115181742.3,94.3669997155666,12.846,12.793,12.838,12.345,10.427,10.371
20241115181742.8,94.8200047016144,12.838,12.8,12.838,12.367,10.395,10.393
20241115181743.2,95.277002826333,12.862,12.812,12.824,12.351,10.401,10.385
20241115181743.7,95.7270003855228,12.842,12.806,12.852,12.363,10.401,10.371
20241115181744.1,96.1760021746159,12.86,12.806,12.822,12.357,10.405,10.375
20241115181744.6,96.6100070625544,12.866,12.808,12.85,12.361,10.411,10.395
20241115181745,97.0469992607832,12.86,12.8,12.85,12.355,10.387,10.373
20241115181745.5,97.5040074437857,12.864,12.816,12.846,12.371,10.403,10.387
20241115181745.9,97.9570023715496,12.866,12.816,12.83,12.373,10.397,10.381
20241115181746.3,98.3910072594881,12.86,12.812,12.836,12.381,10.399,10.377
20241115181746.8,98.8279994577169,12.87,12.796,12.828,12.337,10.387,10.383
20241115181747.2,99.2659974843264,12.893,12.802,12.838,12.365,10.395,10.387
20241115181747.7,99.7190024703741,12.87,12.8,12.84,12.345,10.399,10.381
20241115181748.1,100.156004726887,12.874,12.826,12.816,12.351,10.381,10.373
20241115181748.6,100.606002286077,12.895,12.812,12.836,12.369,10.405,10.381
20241115181749,101.070000976324,12.876,12.808,12.832,12.359,10.395,10.381
20241115181749.5,101.524001732469,12.89,12.804,12.818,12.331,10.393,10.369
20241115181749.9,101.973003521562,12.884,12.812,12.84,12.355,10.417,10.375
20241115181750.4,102.413998916745,12.888,12.822,12.828,12.351,10.385,10.405
20241115181750.8,102.863000705838,12.919,12.8,12.836,12.357,10.391,10.379
20241115181751.3,103.312998265028,12.909,12.818,12.844,12.361,10.385,10.373
20241115181751.7,103.750000521541,12.931,12.812,12.846,12.365,10.395,10.401
20241115181752.1,104.18799854815,12.929,12.804,12.842,12.353,10.409,10.354
20241115181752.6,104.625000804663,12.933,12.828,12.822,12.351,10.407,10.375
20241115181753,105.074002593756,12.943,12.83,12.85,12.347,10.391,10.393
20241115181753.5,105.51600381732,12.943,12.798,12.826,12.357,10.405,10.389
20241115181753.9,105.953006073833,12.959,12.808,12.832,12.343,10.409,10.381
20241115181754.3,106.391004100442,12.957,12.787,12.834,12.337,10.397,10.383
20241115181754.8,106.843999028206,12.953,12.812,12.852,12.367,10.417,10.403
20241115181755.2,107.281001284719,12.967,12.803,12.836,12.353,10.407,10.387
20241115181755.7,107.718999311328,12.965,12.818,12.842,12.355,10.413,10.391
20241115181756.1,108.156001567841,12.973,12.838,12.838,12.369,10.425,10.383
20241115181756.5,108.59399959445,12.961,12.82,12.836,12.353,10.403,10.403
20241115181757,109.043001383543,12.989,12.814,12.854,12.351,10.395,10.387
20241115181757.4,109.480999410152,12.979,12.838,12.862,12.345,10.401,10.387
20241115181757.9,109.918001666665,12.987,12.842,12.862,12.363,10.419,10.385
20241115181758.3,110.355999693274,12.985,12.842,12.86,12.359,10.403,10.401
20241115181758.8,110.809004679322,12.985,12.834,12.85,12.357,10.375,10.383
20241115181759.2,111.261999607086,13.005,12.828,12.852,12.351,10.399,10.395
20241115181759.7,111.715004593134,13.012,12.848,12.868,12.363,10.409,10.379
20241115181800.1,112.152006849647,13.016,12.846,12.856,12.365,10.403,10.383
20241115181800.6,112.605997547507,13.024,12.85,12.866,12.363,10.381,10.385
20241115181801,113.059002533555,13.044,12.834,12.864,12.377,10.407,10.395
20241115181801.5,113.504001125693,13.03,12.856,12.866,12.361,10.387,10.395
20241115181801.9,113.957006111741,13.062,12.85,12.858,12.369,10.405,10.401
20241115181802.4,114.410001039505,13.068,12.832,12.862,12.379,10.399,10.385
20241115181802.8,114.863006025553,13.088,12.858,12.878,12.387,10.399,10.391
20241115181803.3,115.301004052162,13.076,12.858,12.872,12.361,10.403,10.383
20241115181803.7,115.738006308675,13.08,12.876,12.862,12.363,10.399,10.385
20241115181804.1,116.188003867865,13.094,12.858,12.862,12.359,10.399,10.409
20241115181804.6,116.628999263048,13.098,12.864,12.862,12.345,10.397,10.391
20241115181805,117.078001052141,13.107,12.882,12.86,12.371,10.395,10.375
20241115181805.5,117.515999078751,13.119,12.876,12.856,12.369,10.409,10.387
20241115181805.9,117.965000867844,13.109,12.87,12.854,12.359,10.401,10.389
20241115181806.4,118.418005853891,13.111,12.852,12.862,12.363,10.399,10.362
20241115181806.8,118.866997584701,13.107,12.872,12.868,12.345,10.399,10.383
20241115181807.3,119.308998808265,13.125,12.884,12.858,12.369,10.413,10.389
20241115181807.7,119.762003794312,13.157,12.872,12.848,12.373,10.389,10.373
20241115181808.2,120.199006050825,13.149,12.868,12.844,12.363,10.401,10.379
20241115181808.6,120.637004077435,13.131,12.872,12.856,12.367,10.393,10.389
20241115181809,121.089999005198,13.139,12.868,12.864,12.353,10.407,10.385
20241115181809.5,121.527001261711,13.159,12.85,12.85,12.361,10.401,10.401
20241115181809.9,121.976998820901,13.149,12.872,12.862,12.347,10.391,10.381
20241115181810.4,122.414001077414,13.163,12.892,12.86,12.365,10.419,10.385
20241115181810.8,122.856002300978,13.167,12.886,12.858,12.347,10.411,10.405
20241115181811.3,123.305004090071,13.157,12.876,12.85,12.363,10.385,10.379
20241115181811.7,123.757999017835,13.161,12.886,12.856,12.363,10.403,10.383
20241115181812.1,124.195001274347,13.177,12.894,12.83,12.357,10.403,10.393
20241115181812.6,124.644998833537,13.183,12.894,12.86,12.367,10.393,10.389
20241115181813,125.09400062263,13.181,12.898,12.844,12.359,10.405,10.36
20241115181813.5,125.531002879143,13.181,12.888,12.856,12.365,10.399,10.377
20241115181813.9,125.996007397771,13.197,12.9,12.872,12.387,10.393,10.377
20241115181814.4,126.437998563051,13.191,12.911,12.886,12.359,10.391,10.373
20241115181814.8,126.870997622609,13.212,12.898,12.888,12.373,10.409,10.371
20241115181815.3,127.324002608657,13.197,12.909,12.858,12.381,10.407,10.389
20241115181815.7,127.762000635266,13.205,12.904,12.866,12.365,10.387,10.393
20241115181816.2,128.203006088734,13.199,12.898,12.862,12.361,10.401,10.405
20241115181816.6,128.656001016498,13.208,12.894,12.868,12.379,10.401,10.385
20241115181817.1,129.105998575687,13.23,12.909,12.884,12.373,10.395,10.393
20241115181817.5,129.559003561735,13.21,12.904,12.888,12.377,10.389,10.375
20241115181818,130.011998489499,13.232,12.904,12.88,12.379,10.399,10.387
20241115181818.4,130.465003475547,13.212,12.906,12.894,12.371,10.401,10.383
20241115181818.9,130.91400526464,13.216,12.909,12.882,12.373,10.405,10.365
20241115181819.3,131.352003291249,13.232,12.915,12.856,12.371,10.387,10.381
20241115181819.7,131.785002350807,13.216,12.907,12.872,12.377,10.397,10.371
20241115181820.2,132.227003574371,13.22,12.907,12.852,12.369,10.415,10.369
20241115181820.6,132.676005363464,13.238,12.884,12.87,12.359,10.409,10.377
20241115181821.1,133.145003020763,13.228,12.902,12.876,12.375,10.387,10.373
20241115181821.5,133.582005277276,13.236,12.904,12.892,12.359,10.389,10.385
20241115181822,134.02400650084,13.254,12.88,12.862,12.365,10.397,10.385
20241115181822.4,134.460998699069,13.258,12.906,12.876,12.375,10.393,10.383
20241115181822.9,134.914003685117,13.274,12.925,12.868,12.361,10.389,10.375
20241115181823.3,135.352001711726,13.258,12.909,12.878,12.351,10.391,10.369
20241115181823.8,135.801003500819,13.264,12.911,12.86,12.357,10.399,10.393
20241115181824.2,136.253998428583,13.305,12.902,12.892,12.365,10.407,10.358
20241115181824.7,136.719002947211,13.369,12.941,12.923,12.381,10.385,10.362
20241115181825.1,137.171997874975,13.408,12.945,12.933,12.385,10.403,10.395
20241115181825.6,137.625002861023,13.426,12.967,12.927,12.383,10.397,10.373
20241115181826,138.074004650116,13.488,12.965,12.931,12.387,10.407,10.377
20241115181826.5,138.519999012351,13.513,12.979,12.951,12.393,10.397,10.371
20241115181826.9,138.952998071909,13.551,12.985,12.957,12.393,10.409,10.381
20241115181827.3,139.394999295473,13.603,12.993,12.971,12.412,10.401,10.387
20241115181827.8,139.851997420192,13.634,13.006,12.959,12.397,10.399,10.399
20241115181828.2,140.293002873659,13.644,13.022,12.975,12.403,10.401,10.389
20241115181828.7,140.745997801423,13.676,13.026,12.961,12.42,10.395,10.383
20241115181829.1,141.187999024987,13.704,13.04,12.969,12.408,10.395,10.371
20241115181829.6,141.6250012815,13.739,13.05,12.987,12.412,10.393,10.389
20241115181830,142.062999308109,13.757,13.044,12.973,12.41,10.399,10.381
20241115181830.5,142.516004294157,13.793,13.032,12.981,12.424,10.399,10.401
20241115181830.9,142.96500608325,13.81,13.07,12.981,12.418,10.387,10.385
20241115181831.4,143.401998281479,13.834,13.046,13.006,12.436,10.403,10.387
20241115181831.8,143.855999037623,13.848,13.094,13.001,12.414,10.403,10.381
20241115181832.3,144.305000826716,13.874,13.082,12.997,12.41,10.393,10.409
20241115181832.7,144.746006280184,13.919,13.098,13.012,12.43,10.401,10.387
20241115181833.1,145.184004306793,13.935,13.096,13.012,12.428,10.399,10.411
20241115181833.6,145.636999234557,13.987,13.121,13.016,12.414,10.391,10.405
20241115181834,146.08600102365,13.997,13.117,13.02,12.448,10.391,10.403
20241115181834.5,146.539006009698,14.048,13.129,13.016,12.44,10.403,10.401
20241115181834.9,146.992000937462,14.074,13.145,13.032,12.436,10.413,10.403
20241115181835.4,147.429998964071,14.084,13.143,13.016,12.44,10.379,10.389
20241115181835.8,147.891000285745,14.102,13.159,13.008,12.428,10.405,10.393
20241115181836.3,148.344005271792,14.141,13.165,13.034,12.416,10.421,10.399
20241115181836.7,148.780997470021,14.147,13.171,13.018,12.422,10.379,10.385
20241115181837.2,149.222998693585,14.208,13.193,13.046,12.444,10.405,10.395
20241115181837.6,149.664004147053,14.195,13.171,13.044,12.448,10.397,10.385
20241115181838.1,150.116999074817,14.208,13.191,13.042,12.442,10.403,10.391
20241115181838.5,150.570004060864,14.199,13.187,13.044,12.426,10.405,10.379
20241115181839,151.020001620054,14.199,13.165,13.042,12.46,10.393,10.425
20241115181839.4,151.488003507257,14.208,13.183,13.034,12.448,10.385,10.417
20241115181839.9,151.938001066446,14.222,13.203,13.052,12.438,10.409,10.401
20241115181840.3,152.391006052494,14.234,13.195,13.064,12.462,10.405,10.405
20241115181840.8,152.836004644632,14.252,13.208,13.046,12.456,10.385,10.403
20241115181841.2,153.274002671242,14.26,13.193,13.054,12.442,10.415,10.403
20241115181841.7,153.726997599006,14.272,13.195,13.074,12.452,10.391,10.425
20241115181842.1,154.168003052473,14.276,13.222,13.074,12.444,10.399,10.403
20241115181842.6,154.620997980237,14.296,13.23,13.066,12.472,10.423,10.411
20241115181843,155.06999976933,14.3,13.23,13.064,12.464,10.399,10.383
20241115181843.5,155.520007386804,14.298,13.218,13.082,12.464,10.411,10.411
20241115181843.9,155.956999585032,14.315,13.226,13.056,12.462,10.405,10.407
20241115181844.4,156.41000457108,14.337,13.248,13.078,12.45,10.399,10.405
20241115181844.8,156.84800259769,14.355,13.25,13.082,12.48,10.403,10.409
20241115181845.2,157.285004854202,14.347,13.24,13.08,12.442,10.417,10.425
20241115181845.7,157.718999683857,14.389,13.22,13.086,12.466,10.397,10.415
20241115181846.1,158.172004669905,14.371,13.24,13.078,12.466,10.399,10.425
20241115181846.6,158.624999597669,14.393,13.264,13.084,12.47,10.403,10.389
20241115181847,159.062997624278,14.418,13.252,13.104,12.47,10.395,10.425
20241115181847.5,159.511999413371,14.426,13.252,13.102,12.494,10.421,10.407
20241115181847.9,159.965004399419,14.456,13.256,13.105,12.496,10.399,10.395
20241115181848.4,160.417999327183,14.444,13.28,13.104,12.484,10.413,10.407
20241115181848.8,160.871004313231,14.484,13.276,13.121,12.466,10.399,10.415
20241115181849.3,161.323999240994,14.498,13.284,13.107,12.492,10.419,10.401
20241115181849.7,161.761997267604,14.535,13.288,13.123,12.472,10.419,10.417
20241115181850.2,162.207005918026,14.559,13.302,13.121,12.488,10.403,10.407
20241115181850.6,162.64900714159,14.571,13.302,13.119,12.478,10.413,10.401
20241115181851.1,163.102002069354,14.563,13.302,13.096,12.49,10.399,10.413
20241115181851.5,163.555007055402,14.569,13.309,13.107,12.486,10.407,10.411
20241115181852,164.008001983166,14.567,13.288,13.119,12.492,10.419,10.417
20241115181852.4,164.461006969213,14.581,13.284,13.121,12.478,10.427,10.411
20241115181852.9,164.909998700023,14.624,13.315,13.121,12.486,10.409,10.411
20241115181853.3,165.36300368607,14.644,13.311,13.109,12.47,10.415,10.425
20241115181853.8,165.80100171268,14.672,13.325,13.117,12.484,10.399,10.413
20241115181854.2,166.254006698728,14.709,13.333,13.135,12.486,10.411,10.401
20241115181854.7,166.707001626492,14.698,13.331,13.129,12.505,10.415,10.413
20241115181855.1,167.160006612539,14.708,13.345,13.135,12.478,10.417,10.413
20241115181855.6,167.613001540303,14.735,13.341,13.143,12.498,10.409,10.403
20241115181856,168.067002296448,14.737,13.355,13.135,12.494,10.417,10.391
20241115181856.5,168.519997224212,14.729,13.357,13.147,12.476,10.397,10.433
20241115181856.9,168.953006342053,14.747,13.337,13.147,12.474,10.411,10.403
20241115181857.3,169.395007565618,14.739,13.345,13.145,12.504,10.405,10.415
20241115181857.8,169.848002493382,14.775,13.361,13.147,12.492,10.407,10.417
20241115181858.3,170.297004282475,14.765,13.327,13.149,12.504,10.409,10.411
20241115181858.7,170.746006071568,14.775,13.355,13.143,12.486,10.399,10.395
20241115181859.1,171.184004098177,14.781,13.365,13.141,12.492,10.427,10.399
20241115181859.6,171.636999025941,14.787,13.359,13.135,12.511,10.399,10.417
20241115181900,172.086000815034,14.816,13.363,13.129,12.496,10.403,10.391
20241115181900.5,172.530999407172,14.803,13.369,13.147,12.498,10.413,10.407
20241115181900.9,172.973000630736,14.795,13.359,13.131,12.5,10.421,10.421
20241115181901.4,173.422002419829,14.793,13.347,13.151,12.492,10.407,10.421
20241115181901.8,173.862997815013,14.789,13.377,13.131,12.511,10.401,10.415
20241115181902.3,174.304999038577,14.793,13.371,13.139,12.525,10.421,10.419
20241115181902.7,174.749997630715,14.775,13.349,13.157,12.505,10.419,10.397
20241115181903.2,175.203002616763,14.771,13.359,13.137,12.498,10.389,10.397
20241115181903.6,175.649007037282,14.745,13.359,13.137,12.505,10.409,10.411
20241115181904.1,176.097998768091,14.777,13.369,13.137,12.505,10.399,10.403
20241115181904.5,176.551003754139,14.747,13.361,13.135,12.523,10.409,10.401
20241115181905,177.003998681903,14.735,13.357,13.133,12.513,10.423,10.413
20241115181905.4,177.457003667951,14.735,13.355,13.123,12.494,10.419,10.403
20241115181905.9,177.906005457044,14.706,13.357,13.105,12.505,10.419,10.417
20241115181906.3,178.360006213188,14.723,13.351,13.105,12.504,10.399,10.419
20241115181906.8,178.813001140952,14.694,13.351,13.139,12.486,10.425,10.401
20241115181907.2,179.266006127,14.704,13.345,13.125,12.502,10.415,10.417
20241115181907.7,179.719001054764,14.684,13.331,13.094,12.509,10.397,10.413
20241115181908.1,180.168002843857,14.676,13.333,13.127,12.505,10.403,10.415
20241115181908.6,180.61700463295,14.682,13.323,13.111,12.515,10.397,10.427
20241115181909,181.059005856514,14.658,13.335,13.094,12.502,10.429,10.407
20241115181909.5,181.507997587323,14.664,13.331,13.109,12.502,10.399,10.405
20241115181909.9,181.961002573371,14.666,13.329,13.113,12.494,10.423,10.393
20241115181910.4,182.414007559419,14.658,13.321,13.111,12.488,10.417,10.405
20241115181910.8,182.867002487183,14.658,13.317,13.102,12.504,10.413,10.401
20241115181911.3,183.319997414947,14.646,13.343,13.1,12.509,10.413,10.419
20241115181911.7,183.77000503242,14.648,13.327,13.096,12.5,10.421,10.409
20241115181912.2,184.222999960184,14.648,13.317,13.09,12.492,10.423,10.409
20241115181912.6,184.672001749277,14.654,13.331,13.1,12.49,10.419,10.403
20241115181913.1,185.113007202744,14.65,13.323,13.125,12.486,10.423,10.419
20241115181913.5,185.554998368025,14.666,13.329,13.082,12.484,10.409,10.391
20241115181914,186.004000157118,14.664,13.309,13.098,12.486,10.433,10.413
20241115181914.4,186.457005143166,14.666,13.339,13.098,12.48,10.419,10.399
20241115181914.9,186.91000007093,14.658,13.323,13.078,12.484,10.405,10.405
20241115181915.3,187.363005056977,14.644,13.307,13.104,12.5,10.437,10.405
20241115181915.8,187.801003083587,14.66,13.309,13.107,12.498,10.425,10.403
20241115181916.2,188.253998011351,14.65,13.311,13.086,12.494,10.431,10.395
20241115181916.7,188.707002997398,14.636,13.309,13.084,12.507,10.425,10.413
20241115181917.1,189.156004786491,14.646,13.317,13.102,12.498,10.423,10.411
20241115181917.6,189.61300291121,14.614,13.309,13.092,12.515,10.427,10.395
20241115181918,190.0630004704,14.644,13.302,13.1,12.492,10.425,10.413
20241115181918.5,190.512002259493,14.65,13.305,13.111,12.496,10.425,10.425
20241115181918.9,190.965007245541,14.65,13.321,13.096,12.492,10.423,10.397
20241115181919.4,191.418002173305,14.656,13.325,13.102,12.494,10.411,10.433
20241115181919.8,191.886999830604,14.664,13.315,13.084,12.488,10.413,10.407
20241115181920.3,192.340004816651,14.682,13.309,13.102,12.49,10.409,10.407
20241115181920.7,192.792999744415,14.694,13.315,13.115,12.498,10.421,10.395
20241115181921.2,193.242001533508,14.698,13.319,13.094,12.505,10.417,10.399
20241115181921.6,193.695006519556,14.686,13.315,13.104,12.494,10.441,10.395
20241115181922.1,194.149007275701,14.7,13.323,13.105,12.502,10.437,10.415
20241115181922.6,194.602002203465,14.706,13.327,13.104,12.5,10.423,10.405
20241115181923,195.055007189512,14.696,13.307,13.107,12.504,10.427,10.397
20241115181923.5,195.503998920321,14.717,13.331,13.104,12.492,10.423,10.401
20241115181923.9,195.957003906369,14.729,13.319,13.125,12.511,10.417,10.401
20241115181924.4,196.426001563668,14.711,13.351,13.113,12.504,10.415,10.399
20241115181924.8,196.891006082296,14.743,13.351,13.115,12.494,10.421,10.403
20241115181925.3,197.348004207015,14.767,13.335,13.119,12.517,10.425,10.409
20241115181925.8,197.800999134779,14.777,13.335,13.104,12.496,10.437,10.403
20241115181926.2,198.238001391292,14.775,13.341,13.115,12.505,10.433,10.401
20241115181926.6,198.69499951601,14.739,13.341,13.107,12.517,10.443,10.401
20241115181927.1,199.164007231593,14.757,13.351,13.111,12.496,10.433,10.405
20241115181927.6,199.602005258203,14.749,13.339,13.107,12.507,10.425,10.407
20241115181928,200.038997456431,14.767,13.337,13.09,12.494,10.421,10.415
20241115181928.4,200.487999245524,14.767,13.327,13.133,12.488,10.439,10.399
20241115181928.9,200.945007428527,14.763,13.335,13.119,12.492,10.439,10.417
20241115181929.3,201.395004987717,14.777,13.333,13.115,12.494,10.433,10.397
20241115181929.8,201.832007244229,14.783,13.343,13.105,12.486,10.435,10.395
20241115181930.2,202.285002171993,14.785,13.339,13.105,12.496,10.449,10.413
20241115181930.7,202.742000296712,14.816,13.343,13.123,12.498,10.427,10.401
20241115181931.1,203.188004717231,14.816,13.347,13.111,12.484,10.429,10.415
20241115181931.6,203.645002841949,14.818,13.347,13.121,12.5,10.425,10.411
20241115181932.1,204.113004729152,14.818,13.351,13.125,12.5,10.435,10.425
20241115181932.5,204.555005952716,14.832,13.343,13.1,12.494,10.435,10.413
20241115181933,205.00800088048,14.795,13.355,13.088,12.509,10.443,10.411
20241115181933.4,205.457002669573,14.797,13.355,13.1,12.507,10.452,10.421
20241115181933.9,205.899003893137,14.814,13.343,13.113,12.488,10.437,10.403
20241115181934.3,206.367005780339,14.83,13.325,13.105,12.492,10.429,10.409
20241115181934.8,206.820000708103,14.826,13.343,13.107,12.498,10.441,10.431
20241115181935.2,207.269998267293,14.838,13.355,13.109,12.484,10.417,10.415
20241115181935.7,207.727006450295,14.84,13.343,13.129,12.47,10.437,10.401
20241115181936.1,208.180001378059,14.822,13.353,13.104,12.509,10.443,10.419
20241115181936.6,208.629003167152,14.836,13.359,13.115,12.488,10.445,10.421
20241115181937,209.081998094916,14.824,13.349,13.104,12.504,10.429,10.405
20241115181937.5,209.535003080964,14.81,13.357,13.111,12.49,10.445,10.415
20241115181937.9,209.973001107574,14.824,13.349,13.104,12.49,10.449,10.405
20241115181938.4,210.422002896667,14.834,13.369,13.104,12.502,10.425,10.403
20241115181938.8,210.87499782443,14.83,13.351,13.111,12.486,10.439,10.435
20241115181939.3,211.328002810478,14.82,13.343,13.119,12.488,10.437,10.419
20241115181939.7,211.777004599571,14.818,13.355,13.119,12.492,10.441,10.421
20241115181940.2,212.238005921245,14.807,13.335,13.123,12.488,10.447,10.423
20241115181940.6,212.688003480434,14.832,13.343,13.123,12.486,10.431,10.425
20241115181941.1,213.140998408198,14.812,13.333,13.117,12.494,10.445,10.421
20241115181941.5,213.578000664711,14.834,13.343,13.105,12.498,10.439,10.407
20241115181942,214.031005650759,14.83,13.355,13.121,12.482,10.46,10.405
20241115181942.4,214.485006406903,14.83,13.333,13.125,12.502,10.449,10.419
20241115181942.9,214.938001334667,14.82,13.359,13.137,12.507,10.441,10.437
20241115181943.3,215.38700312376,14.838,13.335,13.123,12.49,10.449,10.427
20241115181943.8,215.827998518944,14.836,13.353,13.125,12.498,10.445,10.415
20241115181944.2,216.277000308037,14.862,13.353,13.143,12.5,10.449,10.413
20241115181944.7,216.714998334646,14.84,13.345,13.127,12.505,10.441,10.423
20241115181945.1,217.168003320694,14.862,13.351,13.133,12.513,10.437,10.425
20241115181945.6,217.620998248458,14.848,13.343,13.133,12.513,10.429,10.417
20241115181946,218.074003234506,14.864,13.373,13.133,12.509,10.454,10.419
20241115181946.5,218.524000793695,14.874,13.371,13.123,12.504,10.456,10.397
20241115181946.9,218.980998918414,14.882,13.365,13.123,12.517,10.454,10.423
20241115181947.4,219.430000707507,14.882,13.361,13.135,12.515,10.427,10.411
20241115181947.8,219.883005693555,14.908,13.367,13.139,12.494,10.435,10.427
20241115181948.3,220.336000621319,14.904,13.387,13.123,12.496,10.439,10.411
20241115181948.8,220.801005139947,14.9,13.371,13.119,12.513,10.445,10.421
20241115181949.2,221.254000067711,14.915,13.361,13.129,12.525,10.441,10.425
20241115181949.7,221.703001856804,14.927,13.351,13.117,12.507,10.445,10.419
20241115181950.1,222.156006842852,14.939,13.389,13.141,12.515,10.464,10.417
20241115181950.6,222.609997540712,14.949,13.385,13.151,12.515,10.439,10.423
20241115181951,223.058999329805,14.963,13.416,13.159,12.513,10.47,10.435
20241115181951.5,223.508001118898,14.953,13.383,13.149,12.509,10.454,10.419
20241115181951.9,223.952999711037,14.979,13.41,13.143,12.507,10.437,10.419
20241115181952.4,224.406004697084,14.983,13.41,13.147,12.49,10.439,10.401
20241115181952.8,224.848005920649,14.979,13.381,13.141,12.507,10.451,10.415
20241115181953.3,225.317003577948,15.01,13.406,13.141,12.517,10.451,10.419
20241115181953.7,225.769998505712,14.979,13.387,13.153,12.531,10.443,10.411
20241115181954.2,226.223003491759,15.008,13.408,13.133,12.503,10.437,10.417
20241115181954.6,226.680001616478,15.02,13.391,13.135,12.505,10.447,10.405
20241115181955.1,227.129003405571,15.034,13.396,13.169,12.529,10.455,10.413
20241115181955.5,227.581998333335,15.038,13.408,13.157,12.517,10.439,10.427
20241115181956,228.035003319383,15.058,13.414,13.141,12.505,10.451,10.417
20241115181956.4,228.492001444101,15.068,13.414,13.137,12.523,10.445,10.411
20241115181956.9,228.93800586462,15.042,13.408,13.153,12.505,10.466,10.417
20241115181957.3,229.391000792384,15.056,13.414,13.133,12.507,10.441,10.409
20241115181957.8,229.840002581477,15.048,13.412,13.141,12.505,10.443,10.409
20241115181958.2,230.27700483799,15.054,13.416,13.141,12.509,10.443,10.421
20241115181958.7,230.731005594134,15.08,13.406,13.129,12.513,10.427,10.431
20241115181959.1,231.184000521898,15.064,13.418,13.137,12.519,10.431,10.395
20241115181959.6,231.633002310991,15.056,13.424,13.143,12.503,10.451,10.415
20241115182000,232.070004567504,15.066,13.412,13.151,12.497,10.47,10.421
20241115182000.5,232.524005323648,15.06,13.393,13.137,12.521,10.441,10.417
20241115182000.9,232.977000251412,15.088,13.41,13.133,12.521,10.451,10.413
20241115182001.4,233.43000523746,15.09,13.422,13.159,12.505,10.443,10.423
20241115182001.8,233.883000165224,15.117,13.432,13.159,12.509,10.447,10.421
20241115182002.3,234.332001954317,15.101,13.412,13.133,12.523,10.453,10.427
20241115182002.7,234.785006940365,15.101,13.432,13.135,12.525,10.464,10.399
20241115182003.2,235.235004499555,15.131,13.414,13.137,12.511,10.451,10.421
20241115182003.6,235.687999427319,15.139,13.418,13.129,12.515,10.453,10.431
20241115182004.1,236.160004511476,15.119,13.414,13.151,12.497,10.449,10.415
20241115182004.6,236.610002070665,15.147,13.434,13.151,12.523,10.455,10.407
20241115182005,237.078003957868,15.151,13.44,13.153,12.527,10.437,10.397
20241115182005.5,237.527005746961,15.169,13.426,13.141,12.513,10.455,10.413
20241115182005.9,237.97700330615,15.183,13.442,13.143,12.517,10.458,10.395
20241115182006.4,238.426005095243,15.151,13.436,13.149,12.527,10.443,10.413
20241115182006.8,238.875006884336,15.145,13.414,13.135,12.523,10.447,10.407
20241115182007.3,239.3280018121,15.111,13.42,13.129,12.521,10.441,10.413
20241115182007.7,239.781006798148,15.088,13.41,13.133,12.519,10.449,10.411
20241115182008.2,240.246001258492,15.088,13.41,13.101,12.493,10.457,10.403
20241115182008.7,240.711005777121,15.036,13.383,13.082,12.489,10.439,10.415
20241115182009.1,241.18000343442,14.988,13.39,13.078,12.487,10.435,10.415
20241115182009.6,241.629005223513,14.981,13.367,13.087,12.48,10.429,10.413
20241115182010,242.070000618696,14.951,13.361,13.082,12.484,10.435,10.399
20241115182010.5,242.507998645306,14.931,13.357,13.072,12.489,10.435,10.403
20241115182010.9,242.961003631353,14.915,13.337,13.06,12.484,10.461,10.409
20241115182011.4,243.401999026537,14.88,13.341,13.044,12.47,10.441,10.403
20241115182011.8,243.855999782681,14.846,13.337,13.058,12.474,10.441,10.413
20241115182012.3,244.309004768729,14.84,13.331,13.024,12.497,10.421,10.409
20241115182012.7,244.758006557822,14.82,13.337,13.062,12.484,10.443,10.413
20241115182013.2,245.227004215121,14.814,13.331,13.052,12.482,10.427,10.427
20241115182013.6,245.679999142885,14.81,13.337,13.044,12.484,10.453,10.403
20241115182014.1,246.133004128933,14.773,13.309,13.048,12.468,10.455,10.417
20241115182014.5,246.585999056697,14.777,13.29,13.044,12.466,10.458,10.415
20241115182015,247.039004042745,14.769,13.294,13.054,12.462,10.433,10.413
20241115182015.4,247.488005831838,14.753,13.28,13.042,12.462,10.455,10.397
20241115182015.9,247.930007055402,14.735,13.284,13.016,12.464,10.423,10.403
20241115182016.3,248.38700518012,14.713,13.287,13.026,12.454,10.451,10.399
20241115182016.8,248.836006969213,14.711,13.284,13.028,12.464,10.435,10.427
20241115182017.2,249.289001896977,14.709,13.254,13.018,12.456,10.429,10.405
20241115182017.7,249.757999554276,14.684,13.282,13.036,12.452,10.425,10.411
20241115182018.2,250.207001343369,14.668,13.28,13.04,12.468,10.443,10.415
20241115182018.6,250.644999369979,14.664,13.256,13.028,12.46,10.449,10.399
20241115182019.1,251.120997592807,14.65,13.254,13.02,12.444,10.443,10.405
20241115182019.5,251.574002578855,14.632,13.262,13.022,12.462,10.417,10.419
20241115182020,252.027007564902,14.636,13.244,13.004,12.442,10.443,10.393
20241115182020.4,252.477005124092,14.64,13.226,13.004,12.446,10.439,10.401
20241115182020.9,252.926006913185,14.596,13.256,13.012,12.47,10.437,10.399
20241115182021.3,253.395004570484,14.612,13.244,13.022,12.43,10.449,10.415
20241115182021.8,253.844006359577,14.597,13.238,13.018,12.446,10.439,10.415
20241115182022.3,254.297001287341,14.579,13.24,12.993,12.46,10.455,10.403
20241115182022.7,254.738006740808,14.595,13.24,13.016,12.462,10.439,10.415
20241115182023.1,255.192007496953,14.583,13.228,13,12.454,10.435,10.401
20241115182023.6,255.640999227762,14.577,13.224,13.004,12.452,10.431,10.397
20241115182024.1,256.102000549436,14.531,13.224,13,12.442,10.431,10.411
20241115182024.5,256.546999141574,14.537,13.232,12.988,12.452,10.435,10.415
20241115182024.9,256.996000930667,14.537,13.226,12.996,12.426,10.457,10.413
20241115182025.4,257.449005916715,14.539,13.208,12.979,12.428,10.443,10.401
20241115182025.9,257.902000844479,14.527,13.216,12.99,12.446,10.435,10.419
20241115182026.3,258.356001600623,14.499,13.226,12.978,12.45,10.413,10.393
20241115182026.8,258.809006586671,14.501,13.214,12.971,12.454,10.431,10.393
20241115182027.2,259.25799831748,14.499,13.214,12.963,12.43,10.425,10.411
20241115182027.7,259.711003303528,14.477,13.204,12.971,12.434,10.407,10.419
20241115182028.1,260.168001428246,14.47,13.196,12.963,12.44,10.443,10.419
20241115182028.6,260.636999085546,14.468,13.206,12.996,12.42,10.419,10.407
20241115182029.1,261.106006801128,14.466,13.185,12.979,12.434,10.435,10.427
20241115182029.5,261.559001728892,14.436,13.181,12.99,12.434,10.431,10.411
20241115182030,262.00000718236,14.452,13.186,13.002,12.448,10.441,10.411
20241115182030.4,262.448998913169,14.426,13.185,12.965,12.438,10.457,10.421
20241115182030.9,262.902003899217,14.442,13.175,12.947,12.434,10.427,10.381
20241115182031.3,263.359997794032,14.428,13.179,12.961,12.428,10.439,10.413
20241115182031.8,263.824006542563,14.418,13.167,12.975,12.424,10.405,10.401
20241115182032.2,264.262004569173,14.414,13.171,12.992,12.472,10.437,10.409
20241115182032.7,264.714999496937,14.42,13.173,12.963,12.444,10.425,10.415
20241115182033.1,265.168004482985,14.398,13.169,12.959,12.446,10.429,10.407
20241115182033.6,265.620999410748,14.4,13.161,12.953,12.43,10.423,10.417
20241115182034,266.090007126331,14.379,13.181,12.935,12.436,10.451,10.399
20241115182034.5,266.543002054095,14.375,13.155,12.947,12.434,10.441,10.403
20241115182034.9,266.988000646234,14.359,13.171,12.965,12.418,10.433,10.411
20241115182035.4,267.444998770952,14.355,13.157,12.955,12.408,10.421,10.423
20241115182035.8,267.895006388426,14.341,13.143,12.963,12.416,10.411,10.421
20241115182036.3,268.34800131619,14.343,13.155,12.933,12.41,10.441,10.403
20241115182036.8,268.797003105283,14.325,13.141,12.957,12.41,10.441,10.397
20241115182037.2,269.249998033047,14.321,13.139,12.941,12.42,10.447,10.421
20241115182037.7,269.703003019094,14.297,13.121,12.945,12.414,10.441,10.401
20241115182038.1,270.155997946858,14.315,13.119,12.937,12.438,10.439,10.407
20241115182038.6,270.613006129861,14.305,13.131,12.913,12.422,10.415,10.425
20241115182039,271.086006984115,14.303,13.135,12.931,12.414,10.419,10.421
20241115182039.5,271.539001911879,14.293,13.129,12.915,12.416,10.433,10.421
20241115182039.9,271.988003700972,14.289,13.115,12.923,12.414,10.417,10.389
20241115182040.4,272.44500182569,14.264,13.111,12.929,12.424,10.421,10.419
20241115182040.9,272.899002581835,14.27,13.089,12.941,12.398,10.421,10.407
20241115182041.3,273.348004370928,14.256,13.099,12.925,12.412,10.411,10.399
20241115182041.8,273.812998831272,14.256,13.089,12.937,12.416,10.421,10.411
20241115182042.2,274.26600381732,14.214,13.109,12.911,12.4,10.407,10.393
20241115182042.7,274.718998745084,14.248,13.101,12.907,12.4,10.401,10.395
20241115182043.1,275.156001001596,14.236,13.075,12.917,12.398,10.411,10.393
20241115182043.6,275.610001757741,14.232,13.099,12.911,12.394,10.413,10.395
20241115182044,276.082006841898,14.212,13.081,12.935,12.412,10.401,10.382
20241115182044.5,276.539004966617,14.228,13.097,12.909,12.442,10.407,10.389
20241115182044.9,276.98800675571,14.232,13.115,12.911,12.424,10.413,10.382
20241115182045.4,277.44199745357,14.228,13.085,12.903,12.398,10.397,10.401
20241115182045.9,277.906006202102,14.232,13.097,12.927,12.418,10.401,10.393
20241115182046.3,278.360006958246,14.22,13.095,12.929,12.404,10.409,10.399
20241115182046.8,278.81300188601,14.252,13.123,12.927,12.406,10.401,10.38
20241115182047.2,279.266006872058,14.246,13.109,12.953,12.412,10.399,10.393
20241115182047.7,279.711005464196,14.25,13.097,12.935,12.41,10.415,10.386
20241115182048.1,280.175999924541,14.242,13.115,12.933,12.406,10.419,10.386
20241115182048.6,280.625001713634,14.262,13.127,12.917,12.412,10.399,10.395
20241115182049,281.081999838352,14.256,13.111,12.913,12.398,10.399,10.382
20241115182049.5,281.531001627445,14.252,13.121,12.933,12.414,10.399,10.391
20241115182049.9,281.973002851009,14.273,13.119,12.929,12.4,10.409,10.393
20241115182050.4,282.425997778773,14.248,13.095,12.921,12.416,10.407,10.374
20241115182050.8,282.867003232241,14.267,13.115,12.919,12.412,10.399,10.368
20241115182051.3,283.319998160005,14.256,13.109,12.935,12.416,10.405,10.401
20241115182051.7,283.773998916149,14.269,13.119,12.923,12.408,10.403,10.393
20241115182052.2,284.227003902197,14.252,13.117,12.929,12.406,10.417,10.384
20241115182052.6,284.679998829961,14.273,13.121,12.923,12.404,10.411,10.397
20241115182053.1,285.160000249743,14.287,13.117,12.929,12.416,10.397,10.378
20241115182053.6,285.613005235791,14.254,13.113,12.931,12.418,10.401,10.376
20241115182054,286.067005991936,14.254,13.129,12.923,12.428,10.407,10.393
20241115182054.5,286.5200009197,14.283,13.129,12.919,12.416,10.395,10.38
20241115182054.9,286.969002708793,14.275,13.121,12.939,12.414,10.399,10.374
20241115182055.4,287.421997636557,14.254,13.129,12.915,12.408,10.417,10.358
20241115182055.8,287.87099942565,14.269,13.125,12.947,12.436,10.391,10.399
20241115182056.3,288.324004411697,14.283,13.135,12.943,12.42,10.405,10.372
20241115182056.7,288.776999339461,14.305,13.123,12.945,12.412,10.425,10.397
20241115182057.2,289.227006956935,14.283,13.139,12.927,12.424,10.411,10.378
20241115182057.6,289.680001884699,14.297,13.147,12.937,12.43,10.409,10.401
20241115182058.1,290.133006870747,14.287,13.137,12.961,12.43,10.421,10.395
20241115182058.5,290.581998601556,14.285,13.153,12.953,12.412,10.427,10.364
20241115182059,291.035003587604,14.313,13.145,12.947,12.446,10.415,10.389
20241115182059.4,291.487998515368,14.299,13.153,12.943,12.418,10.403,10.383
20241115182059.9,291.938006132841,14.297,13.159,12.953,12.418,10.399,10.403
20241115182100.3,292.391001060605,14.295,13.155,12.963,12.416,10.423,10.395
20241115182100.8,292.844006046653,14.295,13.165,12.959,12.444,10.425,10.411
20241115182101.3,293.297000974417,14.305,13.161,12.955,12.42,10.421,10.405
20241115182101.7,293.765998631716,14.323,13.184,12.965,12.42,10.415,10.387
20241115182102.2,294.215000420809,14.315,13.155,12.949,12.424,10.417,10.407
20241115182102.6,294.668005406857,14.307,13.155,12.963,12.434,10.431,10.391
20241115182103.1,295.125003531575,14.319,13.163,12.978,12.432,10.407,10.415
20241115182103.5,295.570002123713,14.345,13.169,12.975,12.438,10.431,10.401
20241115182104,296.016006544232,14.335,13.179,12.973,12.424,10.421,10.407
20241115182104.4,296.473004668951,14.335,13.157,12.976,12.44,10.407,10.399
20241115182104.9,296.93000279367,14.303,13.167,12.974,12.438,10.413,10.383
20241115182105.3,297.379004582763,14.317,13.151,12.975,12.446,10.425,10.399
20241115182105.8,297.848002240062,14.337,13.183,12.977,12.46,10.421,10.393
20241115182106.3,298.316999897361,14.343,13.185,12.983,12.444,10.407,10.399
20241115182106.7,298.780998587608,14.345,13.183,12.975,12.458,10.427,10.409
20241115182107.2,299.234999343753,14.339,13.19,12.965,12.446,10.419,10.405
20241115182107.6,299.688004329801,14.331,13.204,12.99,12.432,10.421,10.401
20241115182108.1,300.137006118894,14.359,13.192,12.981,12.448,10.425,10.387
20241115182108.5,300.594004243612,14.353,13.188,12.973,12.464,10.415,10.401
20241115182109,301.046999171376,14.357,13.206,12.996,12.44,10.425,10.395
20241115182109.5,301.500004157424,14.341,13.185,12.983,12.452,10.419,10.401
20241115182109.9,301.949005946517,14.365,13.186,12.985,12.454,10.413,10.389
20241115182110.4,302.402000874281,14.355,13.202,12.99,12.442,10.419,10.423
20241115182110.8,302.856001630425,14.385,13.19,12.965,12.448,10.421,10.395
20241115182111.3,303.309006616473,14.369,13.198,12.986,12.434,10.423,10.385
20241115182111.7,303.762001544237,14.392,13.196,12.986,12.468,10.427,10.385
20241115182112.2,304.21100333333,14.381,13.19,12.99,12.452,10.411,10.409
20241115182112.6,304.663998261094,14.355,13.204,12.988,12.44,10.413,10.415
20241115182113.1,305.110002681613,14.375,13.198,12.971,12.456,10.413,10.403
20241115182113.5,305.562997609377,14.361,13.196,13.004,12.46,10.429,10.385
20241115182114,306.01199939847,14.351,13.206,12.969,12.458,10.417,10.383
20241115182114.4,306.465004384518,14.379,13.206,12.996,12.448,10.413,10.409
20241115182114.9,306.905999779701,14.387,13.208,12.986,12.442,10.415,10.413
20241115182115.3,307.348001003265,14.367,13.222,12.996,12.452,10.419,10.399
20241115182115.8,307.801005989313,14.355,13.208,12.99,12.458,10.437,10.407
20241115182116.2,308.258004114032,14.388,13.194,12.983,12.452,10.417,10.409
20241115182116.7,308.707005903125,14.367,13.222,12.979,12.456,10.419,10.421
20241115182117.1,309.160000830889,14.377,13.2,12.981,12.454,10.417,10.397
20241115182117.6,309.613005816936,14.373,13.204,12.979,12.45,10.413,10.401
20241115182118,310.063003376126,14.359,13.2,12.988,12.446,10.411,10.401
20241115182118.5,310.512005165219,14.369,13.204,12.981,12.448,10.409,10.399
20241115182118.9,310.961006954312,14.361,13.212,12.973,12.456,10.407,10.383
20241115182119.4,311.414001882076,14.375,13.21,12.988,12.472,10.425,10.405
20241115182119.8,311.863003671169,14.371,13.204,13.018,12.454,10.415,10.413
20241115182120.3,312.317004427314,14.392,13.212,13,12.462,10.433,10.403
20241115182120.7,312.769999355078,14.396,13.23,13.01,12.458,10.407,10.385
20241115182121.2,313.219001144171,14.387,13.21,13.012,12.46,10.419,10.393
20241115182121.6,313.668002933264,14.394,13.212,13.004,12.476,10.429,10.399
20241115182122.1,314.113001525402,14.406,13.208,13.004,12.466,10.423,10.403
20241115182122.5,314.569999650121,14.39,13.226,13.004,12.454,10.417,10.407
20241115182123,315.024000406265,14.416,13.22,13.004,12.472,10.419,10.399
20241115182123.4,315.477005392313,14.394,13.214,13.012,12.456,10.405,10.395
20241115182123.9,315.930000320077,14.414,13.21,13.008,12.482,10.427,10.419
20241115182124.3,316.383005306125,14.406,13.242,13.02,12.462,10.419,10.389
20241115182124.8,316.836000233889,14.4,13.224,13.024,12.48,10.409,10.399
20241115182125.2,317.289005219936,14.402,13.22,12.994,12.454,10.413,10.399
20241115182125.7,317.753999680281,14.424,13.234,12.992,12.454,10.419,10.401
20241115182126.2,318.207004666328,14.426,13.232,12.998,12.452,10.419,10.391
20241115182126.6,318.659999594092,14.408,13.222,13.008,12.452,10.397,10.409
20241115182127.1,319.110007211566,14.432,13.226,12.99,12.456,10.421,10.421
20241115182127.5,319.567005336285,14.426,13.23,13.006,12.452,10.429,10.403
20241115182128,320.020000264049,14.434,13.258,13.028,12.47,10.407,10.407
20241115182128.4,320.469002053142,14.446,13.25,13.02,12.462,10.429,10.409
20241115182128.9,320.922007039189,14.434,13.262,13.04,12.488,10.427,10.419
20241115182129.3,321.375001966953,14.444,13.264,13.046,12.494,10.429,10.401
20241115182129.8,321.828006953001,14.47,13.25,12.996,12.464,10.421,10.395
20241115182130.2,322.281001880765,14.448,13.258,13.018,12.468,10.403,10.401
20241115182130.7,322.742003202438,14.45,13.266,13.014,12.456,10.391,10.393
20241115182131.1,323.194998130202,14.474,13.26,13.026,12.487,10.421,10.397
20241115182131.6,323.648998886347,14.456,13.252,13.03,12.46,10.411,10.389
20241115182132.1,324.102003872395,14.472,13.256,13.028,12.484,10.403,10.409
20241115182132.5,324.554998800159,14.478,13.26,13.028,12.48,10.419,10.391
20241115182133,325.012006983161,14.478,13.262,13.058,12.487,10.415,10.393
20241115182133.4,325.46099871397,14.491,13.278,13.034,12.487,10.419,10.399
20241115182133.9,325.914003700018,14.495,13.286,13.048,12.501,10.411,10.391
20241115182134.3,326.366998627782,14.482,13.266,13.04,12.466,10.417,10.387
20241115182134.8,326.82000361383,14.509,13.299,13.054,12.47,10.415,10.397
20241115182135.2,327.274004369974,14.519,13.287,13.044,12.478,10.411,10.399
20241115182135.7,327.726999297738,14.509,13.293,13.044,12.503,10.409,10.379
20241115182136.1,328.184007480741,14.515,13.278,13.034,12.484,10.411,10.389
20241115182136.6,328.63299921155,14.527,13.295,13.032,12.489,10.423,10.377
20241115182137,329.074004665017,14.515,13.291,13.058,12.505,10.411,10.399
20241115182137.5,329.526999592781,14.529,13.277,13.044,12.481,10.399,10.387
20241115182137.9,329.98500354588,14.527,13.285,13.036,12.483,10.391,10.376
20241115182138.4,330.437998473644,14.527,13.275,13.054,12.487,10.407,10.376
20241115182138.8,330.891003459692,14.535,13.303,13.044,12.475,10.395,10.385
20241115182139.3,331.343998387456,14.539,13.297,13.038,12.479,10.409,10.387
20241115182139.7,331.793000176549,14.551,13.301,13.04,12.483,10.393,10.393
20241115182140.2,332.249998301268,14.525,13.295,13.052,12.487,10.395,10.395
20241115182140.6,332.691999524832,14.541,13.303,13.05,12.477,10.413,10.397
20241115182141.1,333.14500451088,14.555,13.311,13.058,12.477,10.415,10.383
20241115182141.5,333.594006299973,14.561,13.305,13.048,12.481,10.397,10.374
20241115182142,334.051004424691,14.563,13.327,13.036,12.497,10.423,10.397
20241115182142.5,334.503999352455,14.551,13.291,13.066,12.501,10.403,10.385
20241115182142.9,334.953001141548,14.577,13.323,13.054,12.507,10.405,10.387
20241115182143.4,335.406006127596,14.555,13.327,13.064,12.503,10.407,10.387
20241115182143.8,335.86000688374,14.575,13.323,13.068,12.48,10.397,10.387
20241115182144.3,336.313001811504,14.577,13.327,13.072,12.489,10.395,10.385
20241115182144.7,336.766006797552,14.583,13.319,13.064,12.501,10.401,10.401
20241115182145.2,337.219001725316,14.577,13.335,13.062,12.511,10.419,10.381
20241115182145.6,337.668003514409,14.579,13.317,13.064,12.505,10.409,10.387
20241115182146.1,338.120998442173,14.602,13.347,13.084,12.505,10.395,10.387
20241115182146.5,338.574003428221,14.608,13.333,13.05,12.511,10.407,10.372
20241115182147,339.026998355985,14.592,13.325,13.062,12.511,10.399,10.379
20241115182147.4,339.480999112129,14.606,13.317,13.06,12.493,10.413,10.389
20241115182147.9,339.930000901222,14.61,13.341,13.074,12.491,10.397,10.399
20241115182148.3,340.38300588727,14.61,13.319,13.078,12.503,10.411,10.393
20241115182148.8,340.836000815034,14.614,13.351,13.084,12.495,10.415,10.379
20241115182149.2,341.285002604127,14.626,13.331,13.066,12.503,10.413,10.409
20241115182149.7,341.737997531891,14.616,13.341,13.082,12.489,10.417,10.391
20241115182150.1,342.188005149364,14.624,13.343,13.085,12.497,10.403,10.399
20241115182150.6,342.645003274083,14.628,13.337,13.078,12.505,10.393,10.395
20241115182151.1,343.102001398802,14.644,13.353,13.086,12.511,10.417,10.383
20241115182151.5,343.55500638485,14.638,13.359,13.086,12.531,10.405,10.387
20241115182152,344.027001410723,14.65,13.365,13.062,12.527,10.431,10.401
20241115182152.4,344.485005363822,14.648,13.363,13.072,12.529,10.409,10.401
20241115182152.9,344.938000291586,14.666,13.355,13.082,12.517,10.409,10.385
20241115182153.3,345.387002080679,14.662,13.349,13.084,12.503,10.419,10.397
20241115182153.8,345.840007066727,14.65,13.349,13.074,12.515,10.403,10.389
20241115182154.2,346.293001994491,14.664,13.353,13.087,12.515,10.405,10.385
20241115182154.7,346.742003783584,14.662,13.375,13.093,12.505,10.413,10.383
20241115182155.1,347.194998711348,14.686,13.369,13.085,12.527,10.391,10.385
20241115182155.6,347.65200689435,14.686,13.355,13.091,12.519,10.405,10.401
20241115182156.1,348.105997592211,14.68,13.377,13.089,12.499,10.403,10.391
20241115182156.5,348.559002578259,14.693,13.361,13.091,12.537,10.397,10.389
20241115182157,349.016000702977,14.695,13.367,13.087,12.529,10.415,10.407
20241115182157.4,349.46500249207,14.705,13.383,13.107,12.537,10.391,10.391
20241115182157.9,349.914004281163,14.713,13.383,13.103,12.531,10.401,10.397
20241115182158.3,350.383001938462,14.709,13.371,13.109,12.523,10.403,10.389
20241115182158.8,350.832003727555,14.709,13.387,13.093,12.517,10.397,10.395
20241115182159.2,351.284998655319,14.729,13.388,13.101,12.519,10.393,10.364
20241115182159.7,351.738003641367,14.731,13.385,13.101,12.533,10.389,10.389
20241115182200.1,352.192004397511,14.749,13.39,13.119,12.523,10.387,10.401
20241115182200.6,352.656003087759,14.745,13.39,13.111,12.527,10.401,10.377
20241115182201.1,353.110003843904,14.749,13.398,13.111,12.533,10.399,10.387
20241115182201.5,353.562998771667,14.745,13.41,13.109,12.515,10.407,10.387
20241115182202,354.01200056076,14.759,13.392,13.133,12.531,10.403,10.37
20241115182202.4,354.465005546808,14.761,13.404,13.103,12.529,10.393,10.385
20241115182202.9,354.922003671527,14.765,13.406,13.111,12.535,10.397,10.385
20241115182203.3,355.374998599291,14.759,13.416,13.119,12.529,10.399,10.407
20241115182203.8,355.824000388384,14.771,13.41,13.135,12.519,10.397,10.397
20241115182204.2,356.280998513103,14.771,13.41,13.105,12.521,10.401,10.377
20241115182204.7,356.734999269247,14.783,13.412,13.123,12.545,10.417,10.383
20241115182205.1,357.188004255295,14.796,13.418,13.131,12.533,10.419,10.379
20241115182205.6,357.668005675077,14.796,13.41,13.125,12.529,10.393,10.378
20241115182206.1,358.121000602841,14.775,13.402,13.103,12.545,10.405,10.387
20241115182206.5,358.570002391934,14.8,13.412,13.117,12.543,10.415,10.38
20241115182207,359.027000516653,14.802,13.424,13.115,12.553,10.405,10.37
20241115182207.4,359.476998075843,14.81,13.402,13.133,12.541,10.421,10.387
20241115182207.9,359.930003061891,14.816,13.416,13.119,12.525,10.403,10.393
20241115182208.3,360.382997989655,14.786,13.416,13.121,12.543,10.397,10.368
20241115182208.8,360.836002975702,14.81,13.426,13.133,12.535,10.393,10.389
20241115182209.2,361.288997903466,14.802,13.432,13.129,12.531,10.405,10.374
20241115182209.7,361.742002889514,14.8,13.432,13.129,12.529,10.393,10.397
20241115182210.1,362.194997817278,14.806,13.436,13.139,12.537,10.409,10.378
20241115182210.6,362.664005532861,14.802,13.434,13.151,12.574,10.403,10.372
20241115182211.1,363.128999993205,14.81,13.436,13.147,12.553,10.385,10.366
20241115182211.5,363.582004979253,14.802,13.428,13.131,12.533,10.403,10.393
20241115182212,364.039003103971,14.81,13.448,13.121,12.537,10.397,10.38
20241115182212.4,364.491998031735,14.812,13.426,13.129,12.543,10.389,10.364
20241115182212.9,364.949006214738,14.826,13.43,13.139,12.549,10.391,10.368
20241115182213.4,365.402001142502,14.82,13.454,13.145,12.535,10.376,10.387
20241115182213.8,365.851998701692,14.824,13.44,13.131,12.541,10.405,10.368
20241115182214.3,366.320000588894,14.824,13.432,13.159,12.533,10.419,10.393
20241115182214.7,366.769998148084,14.832,13.434,13.137,12.539,10.401,10.366
20241115182215.2,367.235002666712,14.83,13.444,13.131,12.537,10.405,10.368
20241115182215.6,367.69200079143,14.844,13.444,13.139,12.551,10.401,10.38
20241115182216.1,368.141002580523,14.828,13.456,13.157,12.547,10.393,10.362
20241115182216.5,368.594007566571,14.87,13.462,13.139,12.545,10.411,10.38
20241115182217,369.05100569129,14.858,13.456,13.139,12.547,10.397,10.354
20241115182217.5,369.508003816009,14.879,13.452,13.149,12.557,10.409,10.35
20241115182217.9,369.960998743773,14.881,13.462,13.143,12.547,10.393,10.372
20241115182218.4,370.418006926775,14.899,13.46,13.141,12.555,10.395,10.391
20241115182218.8,370.887004584074,14.891,13.466,13.171,12.567,10.415,10.364
20241115182219.3,371.356002241373,14.897,13.47,13.163,12.563,10.423,10.397
20241115182219.8,371.805004030466,14.911,13.482,13.175,12.565,10.423,10.395
20241115182220.2,372.262002155185,14.927,13.478,13.169,12.565,10.405,10.387
20241115182220.7,372.707000747323,14.937,13.494,13.147,12.565,10.397,10.383
20241115182221.1,373.163998872042,14.919,13.472,13.159,12.573,10.391,10.385
20241115182221.6,373.617003858089,14.925,13.495,13.157,12.579,10.407,10.399
20241115182222,374.067001417279,14.933,13.484,13.185,12.591,10.431,10.407
20241115182222.5,374.520006403327,14.951,13.503,13.165,12.579,10.433,10.393
20241115182222.9,374.973001331091,14.945,13.501,13.189,12.583,10.387,10.379
20241115182223.4,375.426006317139,14.947,13.494,13.181,12.598,10.417,10.377
20241115182223.8,375.879001244903,14.939,13.497,13.161,12.577,10.421,10.395
20241115182224.3,376.33200623095,14.955,13.499,13.157,12.577,10.421,10.373
20241115182224.8,376.801003888249,14.953,13.503,13.179,12.583,10.415,10.393
20241115182225.2,377.253998816013,14.953,13.507,13.169,12.571,10.405,10.391
20241115182225.7,377.703000605106,14.961,13.519,13.175,12.587,10.389,10.395
20241115182226.1,378.156005591154,14.971,13.497,13.169,12.573,10.409,10.395
20241115182226.6,378.610006347299,14.977,13.493,13.167,12.575,10.403,10.391
20241115182227,379.063001275063,14.955,13.493,13.163,12.579,10.391,10.372
20241115182227.5,379.51600626111,14.977,13.495,13.173,12.584,10.395,10.377
20241115182227.9,379.969001188874,14.971,13.499,13.175,12.575,10.377,10.372
20241115182228.4,380.418002977967,14.979,13.541,13.188,12.575,10.401,10.393
20241115182228.8,380.870997905731,14.985,13.527,13.171,12.6,10.411,10.36
20241115182229.3,381.328006088734,14.987,13.509,13.169,12.579,10.409,10.377
20241115182229.7,381.776997819543,14.992,13.505,13.185,12.569,10.403,10.385
20241115182230.2,382.230998575687,15.012,13.517,13.188,12.572,10.401,10.38
20241115182230.6,382.68000036478,14.977,13.499,13.167,12.561,10.393,10.362
20241115182231.1,383.136998489499,15.014,13.517,13.176,12.565,10.397,10.37
20241115182231.6,383.602003008127,15.002,13.505,13.178,12.572,10.405,10.368
20241115182232,384.08200442791,15.02,13.521,13.184,12.59,10.397,10.368
20241115182232.5,384.534999355674,15.038,13.529,13.159,12.584,10.389,10.374
20241115182232.9,384.992007538676,15.026,13.509,13.172,12.557,10.384,10.344
20241115182233.4,385.44500246644,15.048,13.525,13.178,12.571,10.393,10.362
20241115182233.8,385.89500002563,15.07,13.531,13.184,12.557,10.389,10.362
20241115182234.3,386.348005011678,15.066,13.545,13.204,12.574,10.393,10.374
20241115182234.8,386.797006800771,15.048,13.535,13.192,12.568,10.386,10.35
20241115182235.2,387.250001728535,15.064,13.531,13.178,12.58,10.378,10.362
20241115182235.7,387.718999385834,15.065,13.533,13.2,12.59,10.382,10.362
20241115182236.1,388.172004371881,15.06,13.521,13.157,12.608,10.376,10.36
20241115182236.6,388.621006160975,15.079,13.521,13.202,12.586,10.37,10.38
20241115182237,389.074001088738,15.089,13.541,13.19,12.596,10.376,10.366
20241115182237.5,389.527006074786,15.079,13.537,13.188,12.592,10.393,10.362
20241115182237.9,389.977003633976,15.073,13.537,13.202,12.576,10.38,10.358
20241115182238.4,390.434001758695,15.109,13.543,13.186,12.557,10.384,10.36
20241115182238.8,390.887006744742,15.083,13.543,13.202,12.574,10.399,10.382
20241115182239.3,391.335998475552,15.105,13.543,13.194,12.61,10.372,10.374
20241115182239.7,391.789003461599,15.087,13.509,13.19,12.582,10.389,10.364
20241115182240.2,392.246001586318,15.121,13.531,13.2,12.588,10.382,10.364
20241115182240.7,392.702999711037,15.109,13.564,13.198,12.586,10.38,10.378
20241115182241.1,393.156004697084,15.107,13.563,13.204,12.6,10.376,10.354
20241115182241.6,393.610005453229,15.127,13.568,13.21,12.602,10.401,10.354
20241115182242,394.063000380993,15.111,13.556,13.192,12.594,10.386,10.348
20241115182242.5,394.512002170086,15.137,13.552,13.21,12.588,10.384,10.356
20241115182242.9,394.965007156134,15.125,13.564,13.208,12.598,10.386,10.364
20241115182243.4,395.434004813433,15.153,13.582,13.236,12.602,10.378,10.366
20241115182243.8,395.886999741197,15.145,13.564,13.232,12.586,10.384,10.368
20241115182244.3,396.343997865915,15.164,13.566,13.218,12.586,10.395,10.362
20241115182244.7,396.792999655008,15.161,13.58,13.212,12.61,10.36,10.362
20241115182245.2,397.246004641056,15.178,13.578,13.234,12.608,10.399,10.36
20241115182245.7,397.69899956882,15.18,13.61,13.228,12.616,10.374,10.35
20241115182246.1,398.155997693539,15.184,13.606,13.214,12.624,10.376,10.356
20241115182246.6,398.609998449683,15.188,13.604,13.206,12.588,10.382,10.378
20241115182247,399.063003435731,15.198,13.606,13.242,12.606,10.397,10.362
20241115182247.5,399.531005322933,15.206,13.618,13.224,12.606,10.395,10.364
20241115182247.9,399.985006079078,15.202,13.602,13.23,12.584,10.384,10.358
20241115182248.4,400.438001006842,15.2,13.62,13.224,12.602,10.382,10.364
20241115182248.8,400.89499913156,15.224,13.606,13.236,12.616,10.391,10.36
20241115182249.3,401.348004117608,15.226,13.612,13.234,12.598,10.38,10.352
20241115182249.8,401.800999045372,15.224,13.592,13.228,12.628,10.401,10.358
20241115182250.2,402.250000834465,15.206,13.608,13.228,12.6,10.374,10.37
20241115182250.7,402.699002623558,15.222,13.618,13.234,12.608,10.382,10.35
20241115182251.1,403.172003477812,15.218,13.608,13.212,12.61,10.38,10.372
20241115182251.6,403.621005266905,15.22,13.602,13.232,12.606,10.376,10.36
20241115182252,404.074000194669,15.22,13.612,13.232,12.592,10.362,10.358
20241115182252.5,404.523997753859,15.242,13.62,13.22,12.602,10.376,10.362
20241115182252.9,404.977002739906,15.238,13.604,13.214,12.6,10.378,10.362
20241115182253.4,405.42999766767,15.234,13.612,13.214,12.598,10.386,10.38
20241115182253.8,405.883002653718,15.267,13.608,13.23,12.642,10.384,10.36
20241115182254.3,406.340000778437,15.275,13.612,13.24,12.598,10.393,10.356
20241115182254.7,406.793005764484,15.267,13.616,13.234,12.606,10.401,10.368
20241115182255.2,407.241997495294,15.264,13.618,13.242,12.618,10.395,10.372
20241115182255.6,407.695002481341,15.267,13.638,13.25,12.62,10.391,10.36
20241115182256.1,408.168003335595,15.281,13.614,13.248,12.614,10.382,10.366
20241115182256.6,408.625001460314,15.265,13.622,13.238,12.616,10.384,10.376
20241115182257,409.078006446362,15.277,13.628,13.23,12.618,10.386,10.368
20241115182257.5,409.531001374125,15.289,13.636,13.256,12.606,10.393,10.37
20241115182257.9,409.987999498844,15.293,13.628,13.252,12.61,10.393,10.354
20241115182258.4,410.442000254989,15.289,13.62,13.242,12.622,10.386,10.35
20241115182258.8,410.895005241036,15.295,13.632,13.25,12.636,10.395,10.372
20241115182259.3,411.3480001688,15.317,13.64,13.25,12.598,10.393,10.372
20241115182259.8,411.804998293519,15.317,13.652,13.256,12.608,10.384,10.378
20241115182300.2,412.250006943941,15.331,13.642,13.256,12.63,10.386,10.342
20241115182300.7,412.70700506866,15.337,13.654,13.244,12.63,10.38,10.374
20241115182301.1,413.159999996424,15.331,13.636,13.269,12.614,10.396,10.352
20241115182301.6,413.613004982471,15.345,13.628,13.251,12.61,10.388,10.366
20241115182302,414.067005738616,15.341,13.65,13.267,12.604,10.382,10.358
20241115182302.5,414.52000066638,15.356,13.653,13.244,12.62,10.372,10.36
20241115182302.9,414.973005652428,15.356,13.663,13.253,12.61,10.388,10.358
20241115182303.4,415.430003777146,15.364,13.648,13.267,12.616,10.392,10.358
20241115182303.8,415.88299870491,15.378,13.681,13.265,12.618,10.37,10.358
20241115182304.3,416.336003690958,15.365,13.646,13.26,12.621,10.371,10.349
20241115182304.7,416.788998618722,15.375,13.656,13.242,12.617,10.395,10.367
20241115182305.2,417.238000407815,15.385,13.658,13.263,12.632,10.382,10.36
20241115182305.6,417.687997967005,15.394,13.655,13.283,12.604,10.396,10.368
20241115182306.1,418.136999756098,15.416,13.681,13.244,12.628,10.396,10.348
20241115182306.5,418.593997880816,15.432,13.659,13.265,12.626,10.386,10.358
20241115182307,419.059002399445,15.432,13.667,13.265,12.638,10.396,10.368
20241115182307.5,419.511997327209,15.438,13.659,13.277,12.638,10.38,10.368
20241115182307.9,419.969005510211,15.457,13.667,13.267,12.632,10.401,10.37
20241115182308.4,420.418007299304,15.438,13.679,13.273,12.644,10.374,10.358
20241115182308.8,420.871002227068,15.432,13.681,13.285,12.646,10.372,10.352
20241115182309.3,421.328000351787,15.444,13.699,13.301,12.646,10.389,10.364
20241115182309.7,421.77700214088,15.458,13.695,13.291,12.663,10.393,10.364
20241115182310.2,422.245999798179,15.45,13.687,13.293,12.642,10.386,10.374
20241115182310.6,422.695001587272,15.436,13.681,13.279,12.658,10.393,10.358
20241115182311.1,423.15199971199,15.46,13.691,13.269,12.648,10.384,10.342
20241115182311.6,423.606000468135,15.477,13.705,13.309,12.658,10.397,10.378
20241115182312,424.055002257228,15.481,13.695,13.301,12.66,10.393,10.368
20241115182312.5,424.508007243276,15.489,13.709,13.289,12.662,10.405,10.391
20241115182312.9,424.96100217104,15.505,13.715,13.299,12.654,10.403,10.358
20241115182313.4,425.410003960133,15.519,13.709,13.291,12.648,10.397,10.368
20241115182313.8,425.867002084851,15.543,13.703,13.287,12.667,10.403,10.37
20241115182314.3,426.316999644041,15.529,13.707,13.297,12.663,10.403,10.36
20241115182314.7,426.770004630089,15.549,13.727,13.315,12.668,10.399,10.356
20241115182315.2,427.222999557853,15.561,13.727,13.297,12.66,10.393,10.378
20241115182315.6,427.6760045439,15.582,13.737,13.321,12.664,10.389,10.366
20241115182316.1,428.133002668619,15.577,13.741,13.307,12.664,10.421,10.389
20241115182316.6,428.598007187247,15.563,13.737,13.323,12.654,10.401,10.385
20241115182317,429.051002115011,15.569,13.737,13.317,12.673,10.413,10.372
20241115182317.5,429.500003904104,15.557,13.747,13.331,12.666,10.413,10.38
20241115182317.9,429.957002028823,15.575,13.741,13.323,12.658,10.397,10.374
20241115182318.4,430.410007014871,15.551,13.739,13.311,12.658,10.397,10.37
20241115182318.8,430.87099827826,15.555,13.715,13.307,12.663,10.395,10.382
20241115182319.3,431.320000067353,15.563,13.713,13.283,12.658,10.386,10.368
20241115182319.7,431.769997626543,15.543,13.719,13.299,12.669,10.389,10.358
20241115182320.2,432.223002612591,15.527,13.733,13.307,12.65,10.393,10.37
20241115182320.6,432.675997540355,15.545,13.715,13.305,12.656,10.403,10.36
20241115182321.1,433.145005255938,15.551,13.717,13.319,12.677,10.413,10.384
20241115182321.6,433.598000183702,15.545,13.725,13.307,12.663,10.405,10.364
20241115182322,434.066997841001,15.551,13.735,13.307,12.656,10.403,10.378
20241115182322.5,434.520002827048,15.555,13.735,13.323,12.663,10.374,10.366
20241115182322.9,434.965001419187,15.578,13.731,13.309,12.655,10.388,10.37
20241115182323.4,435.421999543905,15.56,13.715,13.315,12.653,10.382,10.376
20241115182323.8,435.878997668624,15.578,13.717,13.317,12.651,10.38,10.348
20241115182324.3,436.332002654672,15.602,13.737,13.309,12.659,10.39,10.368
20241115182324.7,436.78900077939,15.598,13.741,13.325,12.669,10.394,10.36
20241115182325.2,437.235005199909,15.608,13.766,13.329,12.659,10.394,10.36
20241115182325.6,437.688000127673,15.602,13.756,13.317,12.667,10.38,10.364
20241115182326.1,438.141005113721,15.646,13.776,13.343,12.661,10.388,10.354
20241115182326.6,438.59800323844,15.65,13.778,13.313,12.659,10.386,10.342
20241115182327,439.050998166203,15.648,13.76,13.321,12.669,10.403,10.368
20241115182327.5,439.516002684832,15.667,13.768,13.345,12.683,10.399,10.35
20241115182327.9,439.96100127697,15.65,13.774,13.335,12.675,10.392,10.362
20241115182328.4,440.429998934269,15.642,13.768,13.323,12.673,10.39,10.362
20241115182328.8,440.879000723362,15.665,13.768,13.343,12.679,10.409,10.372
20241115182329.3,441.328002512455,15.652,13.768,13.345,12.701,10.401,10.376
20241115182329.7,441.780997440219,15.654,13.776,13.339,12.679,10.388,10.38
20241115182330.2,442.234998196363,15.669,13.772,13.354,12.675,10.396,10.348
20241115182330.6,442.683999985456,15.693,13.78,13.361,12.679,10.415,10.37
20241115182331.1,443.137004971504,15.699,13.786,13.353,12.695,10.397,10.382
20241115182331.5,443.589999899268,15.703,13.804,13.366,12.685,10.405,10.374
20241115182332,444.043004885316,15.697,13.822,13.37,12.693,10.391,10.372
20241115182332.5,444.51600573957,15.753,13.8,13.368,12.717,10.401,10.378
20241115182332.9,444.961004331708,15.715,13.806,13.358,12.705,10.388,10.37
20241115182333.4,445.413999259472,15.745,13.816,13.382,12.713,10.405,10.386
20241115182333.8,445.86700424552,15.762,13.804,13.364,12.691,10.407,10.378
20241115182334.3,446.336001902819,15.764,13.806,13.384,12.701,10.407,10.358
20241115182334.7,446.789006888866,15.784,13.822,13.378,12.689,10.394,10.372
20241115182335.2,447.24200181663,15.78,13.83,13.372,12.701,10.399,10.354
20241115182335.6,447.695006802678,15.806,13.846,13.39,12.707,10.405,10.374
20241115182336.1,448.145004361868,15.808,13.855,13.392,12.705,10.411,10.376
20241115182336.6,448.602002486587,15.828,13.842,13.398,12.701,10.401,10.364
20241115182337,449.05100427568,15.82,13.85,13.391,12.708,10.391,10.367
20241115182337.5,449.508002400398,15.821,13.854,13.407,12.688,10.377,10.349
20241115182337.9,449.969003722072,15.829,13.862,13.409,12.706,10.387,10.349
20241115182338.4,450.421998649836,15.839,13.852,13.405,12.694,10.393,10.349
20241115182338.8,450.879006832838,15.854,13.852,13.407,12.692,10.387,10.353
20241115182339.3,451.336004957557,15.864,13.852,13.401,12.686,10.379,10.345
20241115182339.7,451.793003082275,15.858,13.868,13.409,12.698,10.406,10.385
20241115182340.2,452.250001206994,15.866,13.86,13.389,12.712,10.377,10.375
20241115182340.6,452.694999799132,15.874,13.864,13.415,12.718,10.385,10.377
20241115182341.1,453.149000555277,15.884,13.872,13.423,12.71,10.401,10.361
20241115182341.6,453.605998679996,15.89,13.862,13.415,12.702,10.375,10.377
20241115182342,454.063006862998,15.896,13.854,13.427,12.716,10.385,10.339
20241115182342.5,454.516001790762,15.894,13.858,13.413,12.735,10.395,10.363
20241115182342.9,454.984999448061,15.908,13.862,13.427,12.72,10.385,10.363
20241115182343.4,455.438004434109,15.967,13.872,13.44,12.716,10.393,10.359
20241115182343.8,455.890999361873,15.926,13.892,13.442,12.726,10.407,10.361
20241115182344.3,456.340001150966,15.937,13.898,13.438,12.73,10.391,10.359
20241115182344.7,456.793006137013,15.961,13.91,13.46,12.71,10.383,10.337
20241115182345.2,457.246001064777,15.975,13.918,13.456,12.73,10.387,10.371
20241115182345.7,457.699006050825,15.999,13.924,13.456,12.753,10.387,10.365
20241115182346.1,458.164000511169,16.027,13.928,13.448,12.737,10.399,10.367
20241115182346.6,458.617005497217,16.007,13.916,13.436,12.725,10.393,10.337
20241115182347,459.070000424981,16.019,13.931,13.436,12.714,10.403,10.345
20241115182347.5,459.519997984171,16.026,13.921,13.452,12.743,10.379,10.353
20241115182347.9,459.973002970219,16.036,13.931,13.468,12.735,10.373,10.353
20241115182348.4,460.425997897983,16.04,13.949,13.442,12.737,10.387,10.349
20241115182348.8,460.87900288403,16.058,13.965,13.468,12.753,10.414,10.357
20241115182349.3,461.331997811794,16.082,13.961,13.458,12.747,10.357,10.363
20241115182349.7,461.792999133468,16.078,13.949,13.46,12.733,10.385,10.371
20241115182350.2,462.242000922561,16.082,13.965,13.452,12.755,10.375,10.371
20241115182350.7,462.698999047279,16.104,13.957,13.474,12.771,10.399,10.361
20241115182351.1,463.149006664753,16.126,13.977,13.47,12.771,10.383,10.351
20241115182351.6,463.606004789472,16.126,13.959,13.47,12.757,10.385,10.371
20241115182352,464.055006578565,16.132,13.997,13.484,12.757,10.391,10.363
20241115182352.5,464.524004235864,16.141,13.989,13.462,12.781,10.401,10.345
20241115182352.9,464.973006024957,16.149,13.985,13.478,12.767,10.385,10.363
20241115182353.4,465.426000952721,16.163,13.993,13.484,12.773,10.395,10.361
20241115182353.8,465.879005938768,16.155,14.003,13.494,12.757,10.393,10.375
20241115182354.3,466.332000866532,16.189,13.995,13.48,12.771,10.385,10.359
20241115182354.7,466.78500585258,16.199,13.997,13.482,12.771,10.385,10.341
20241115182355.2,467.254003509879,16.189,14.013,13.494,12.775,10.387,10.343
20241115182355.7,467.718997970223,16.211,14.009,13.49,12.779,10.385,10.355
20241115182356.1,468.172002956271,16.213,13.989,13.492,12.779,10.385,10.361
20241115182356.6,468.636997416615,16.211,14.011,13.494,12.777,10.393,10.371
20241115182357,469.094005599618,16.213,13.993,13.482,12.797,10.407,10.351
20241115182357.5,469.543007388711,16.219,13.999,13.522,12.789,10.395,10.349
20241115182357.9,469.99199911952,16.207,14.013,13.506,12.785,10.393,10.361
20241115182358.4,470.448997244239,16.215,14.009,13.516,12.781,10.381,10.359
20241115182358.9,470.902002230287,16.217,14.021,13.518,12.785,10.405,10.359
20241115182359.3,471.356002986431,16.233,14.013,13.51,12.805,10.393,10.355
20241115182359.8,471.824004873633,16.242,14.011,13.522,12.769,10.389,10.353
20241115182400.2,472.276999801397,16.254,14.007,13.516,12.783,10.403,10.363
20241115182400.7,472.731000557542,16.27,14.025,13.53,12.773,10.391,10.375
20241115182401.1,473.180002346635,16.298,14.017,13.53,12.809,10.399,10.369
20241115182401.6,473.633007332683,16.284,14.04,13.521,12.807,10.381,10.361
20241115182402.1,474.102004989982,16.306,14.034,13.527,12.793,10.387,10.355
20241115182402.5,474.570006877184,16.302,14.036,13.533,12.795,10.393,10.363
20241115182403,475.020004436374,16.308,14.04,13.519,12.805,10.405,10.347
20241115182403.4,475.472999364138,16.322,14.038,13.529,12.807,10.385,10.343
20241115182403.9,475.94200707972,16.343,14.048,13.539,12.787,10.393,10.339
20241115182404.4,476.402002573013,16.349,14.058,13.527,12.811,10.411,10.355
20241115182404.8,476.860006526113,16.353,14.076,13.535,12.801,10.381,10.363
20241115182405.3,477.308998256922,16.365,14.066,13.525,12.809,10.401,10.353
20241115182405.7,477.758000046015,16.371,14.06,13.527,12.809,10.397,10.345
20241115182406.2,478.211005032063,16.363,14.068,13.525,12.797,10.373,10.359
20241115182406.6,478.663999959826,16.371,14.07,13.545,12.83,10.371,10.361
20241115182407.1,479.113001748919,16.387,14.076,13.537,12.801,10.379,10.345
20241115182407.5,479.581999406219,16.395,14.08,13.545,12.826,10.389,10.351
20241115182408,480.035004392266,16.387,14.062,13.557,12.824,10.383,10.353
20241115182408.4,480.48799932003,16.387,14.084,13.543,12.819,10.389,10.353
20241115182408.9,480.942000076175,16.411,14.074,13.559,12.822,10.389,10.343
20241115182409.4,481.398998200893,16.405,14.078,13.543,12.811,10.395,10.347
20241115182409.8,481.856006383896,16.436,14.098,13.549,12.824,10.395,10.345
20241115182410.3,482.304998114705,16.45,14.088,13.529,12.822,10.391,10.363
20241115182410.7,482.758003100753,16.472,14.08,13.565,12.824,10.383,10.343
20241115182411.2,483.215001225471,16.444,14.102,13.551,12.82,10.391,10.361
20241115182411.6,483.664003014565,16.472,14.123,13.561,12.805,10.411,10.365
20241115182412.1,484.121001139283,16.468,14.092,13.587,12.84,10.403,10.343
20241115182412.5,484.586005657911,16.492,14.104,13.569,12.83,10.393,10.363
20241115182413,485.039000585675,16.512,14.094,13.579,12.844,10.405,10.347
20241115182413.4,485.495998710394,16.512,14.127,13.567,12.834,10.395,10.355
20241115182413.9,485.949003696442,16.5,14.104,13.569,12.824,10.379,10.375
20241115182414.4,486.401998624206,16.524,14.132,13.565,12.838,10.397,10.363
20241115182414.8,486.860002577305,16.516,14.133,13.593,12.84,10.397,10.351
20241115182415.3,487.309004366398,16.524,14.122,13.565,12.85,10.393,10.377
20241115182415.7,487.7770062536,16.516,14.139,13.569,12.838,10.407,10.361
20241115182416.2,488.235000148416,16.549,14.151,13.585,12.852,10.389,10.353
20241115182416.6,488.691998273134,16.53,14.145,13.563,12.84,10.379,10.367
20241115182417.1,489.149006456137,16.545,14.133,13.603,12.836,10.407,10.355
20241115182417.6,489.597998186946,16.541,14.141,13.579,12.84,10.385,10.357
20241115182418,490.051003172994,16.553,14.147,13.575,12.84,10.405,10.361
20241115182418.5,490.500004962087,16.557,14.151,13.583,12.836,10.389,10.355
20241115182418.9,490.957003086805,16.567,14.155,13.567,12.854,10.387,10.359
20241115182419.4,491.409998014569,16.589,14.139,13.565,12.848,10.377,10.359
20241115182419.8,491.867006197572,16.591,14.145,13.577,12.854,10.405,10.381
20241115182420.3,492.320001125336,16.593,14.151,13.597,12.834,10.418,10.367
20241115182420.7,492.769998684525,16.619,14.173,13.581,12.846,10.399,10.377
20241115182421.2,493.223003670573,16.638,14.165,13.593,12.85,10.397,10.355
20241115182421.6,493.675998598337,16.638,14.163,13.579,12.852,10.407,10.365
20241115182422.1,494.129003584385,16.628,14.167,13.573,12.836,10.393,10.345
20241115182422.5,494.578005373478,16.623,14.155,13.583,12.836,10.401,10.367
20241115182423,495.031000301242,16.625,14.143,13.581,12.842,10.389,10.357
20241115182423.4,495.487998425961,16.636,14.165,13.581,12.86,10.377,10.357
20241115182423.9,495.953002944589,16.636,14.167,13.591,12.848,10.387,10.357
20241115182424.4,496.410001069307,16.634,14.177,13.569,12.838,10.381,10.365
20241115182424.8,496.863006055355,16.638,14.163,13.567,12.844,10.395,10.357
20241115182425.3,497.3170068115,16.658,14.165,13.585,12.826,10.399,10.357
20241115182425.7,497.765998542309,16.672,14.171,13.567,12.858,10.387,10.363
20241115182426.2,498.223006725311,16.686,14.187,13.595,12.836,10.369,10.351
20241115182426.6,498.67199845612,16.7,14.195,13.585,12.858,10.383,10.363
20241115182427.1,499.121000245214,16.682,14.171,13.583,12.864,10.385,10.349
20241115182427.5,499.570002034307,16.708,14.173,13.595,12.856,10.401,10.353
20241115182428,500.027000159025,16.7,14.181,13.593,12.85,10.379,10.353
20241115182428.4,500.476997718215,16.706,14.189,13.603,12.852,10.391,10.353
20241115182428.9,500.944999605417,16.716,14.185,13.619,12.854,10.381,10.357
20241115182429.4,501.401997730136,16.731,14.209,13.593,12.872,10.373,10.363
20241115182429.8,501.85599848628,16.731,14.197,13.619,12.862,10.391,10.363
20241115182430.3,502.313006669283,16.751,14.226,13.617,12.848,10.389,10.363
20241115182430.7,502.766001597047,16.779,14.234,13.619,12.85,10.383,10.359
20241115182431.2,503.21500338614,16.785,14.22,13.619,12.866,10.393,10.345
20241115182431.6,503.684001043439,16.805,14.236,13.617,12.872,10.377,10.357
20241115182432.1,504.149005562067,16.825,14.234,13.634,12.85,10.379,10.365
20241115182432.6,504.602000489831,16.819,14.246,13.609,12.86,10.401,10.371
20241115182433,505.051002278924,16.813,14.228,13.624,12.862,10.377,10.351
20241115182433.5,505.504007264972,16.844,14.25,13.626,12.87,10.373,10.343
20241115182433.9,505.973004922271,16.846,14.24,13.636,12.862,10.403,10.351
20241115182434.4,506.425999850035,16.852,14.252,13.626,12.858,10.391,10.353
20241115182434.8,506.882997974753,16.858,14.268,13.607,12.886,10.389,10.361
20241115182435.3,507.352005690336,16.87,14.258,13.65,12.872,10.395,10.343
20241115182435.8,507.817000150681,16.878,14.27,13.644,12.862,10.393,10.357
20241115182436.2,508.270005136728,16.894,14.296,13.63,12.874,10.391,10.363
20241115182436.7,508.723000064492,16.904,14.272,13.644,12.888,10.399,10.363
20241115182437.1,509.179998189211,16.929,14.262,13.636,12.872,10.381,10.359
20241115182437.6,509.628999978304,16.951,14.278,13.654,12.876,10.373,10.349
20241115182438,510.082004964352,16.941,14.3,13.642,12.89,10.359,10.363
20241115182438.5,510.534999892116,16.957,14.308,13.646,12.894,10.381,10.363
20241115182438.9,510.988004878163,16.959,14.292,13.644,12.906,10.379,10.363
20241115182439.4,511.445003002882,16.983,14.3,13.676,12.894,10.409,10.363
20241115182439.8,511.895000562072,17.005,14.321,13.656,12.858,10.377,10.355
20241115182440.3,512.34800554812,17.005,14.331,13.656,12.89,10.365,10.347
20241115182440.8,512.817003205419,17.026,14.331,13.674,12.894,10.367,10.361
20241115182441.2,513.269998133183,17.038,14.316,13.672,12.918,10.383,10.369
20241115182441.7,513.72300311923,17.052,14.351,13.662,12.876,10.367,10.371
20241115182442.1,514.175998046994,17.036,14.341,13.688,12.89,10.389,10.355
20241115182442.6,514.629003033042,17.08,14.367,13.672,12.888,10.389,10.371
20241115182443,515.086001157761,17.076,14.353,13.68,12.904,10.387,10.359
20241115182443.5,515.535002946854,17.102,14.357,13.706,12.886,10.365,10.371
20241115182443.9,515.987997874618,17.116,14.359,13.678,12.912,10.383,10.369
20241115182444.4,516.4570055902,17.114,14.365,13.698,12.89,10.375,10.357
20241115182444.9,516.914003714919,17.118,14.369,13.692,12.9,10.383,10.363
20241115182445.3,517.366998642683,17.127,14.371,13.702,12.91,10.369,10.359
20241115182445.8,517.820003628731,17.108,14.369,13.706,12.9,10.377,10.353
20241115182446.2,518.274004384875,17.122,14.355,13.694,12.9,10.377,10.367
20241115182446.7,518.731002509594,17.141,14.387,13.698,12.9,10.365,10.343
20241115182447.1,519.195001199841,17.157,14.385,13.712,12.908,10.377,10.369
20241115182447.6,519.663998857141,17.165,14.405,13.696,12.928,10.395,10.381
20241115182448.1,520.117003843188,17.165,14.409,13.708,12.92,10.391,10.369
20241115182448.6,520.602004230022,17.169,14.391,13.698,12.931,10.381,10.369
20241115182449,521.054999157786,17.171,14.399,13.696,12.916,10.389,10.367
20241115182449.5,521.508004143834,17.181,14.393,13.7,12.912,10.405,10.389
20241115182449.9,521.960999071598,17.183,14.405,13.712,12.93,10.403,10.357
20241115182450.4,522.410000860691,17.213,14.415,13.72,12.933,10.381,10.363
20241115182450.8,522.863005846739,17.231,14.411,13.724,12.928,10.383,10.373
20241115182451.3,523.317006602883,17.229,14.423,13.708,12.931,10.381,10.373
20241115182451.7,523.770001530647,17.248,14.409,13.72,12.924,10.377,10.367
20241115182452.2,524.21900331974,17.276,14.432,13.72,12.935,10.395,10.375
20241115182452.6,524.668005108833,17.26,14.423,13.731,12.939,10.383,10.365
20241115182453.1,525.121000036597,17.28,14.462,13.718,12.943,10.391,10.381
20241115182453.5,525.574005022645,17.294,14.446,13.743,12.928,10.416,10.373
20241115182454,526.031003147364,17.308,14.438,13.718,12.951,10.383,10.369
20241115182454.4,526.485003903508,17.32,14.446,13.731,12.945,10.393,10.387
20241115182454.9,526.937998831272,17.312,14.448,13.741,12.933,10.401,10.367
20241115182455.3,527.39100381732,17.328,14.46,13.733,12.935,10.393,10.367
20241115182455.8,527.848001942039,17.336,14.448,13.731,12.955,10.397,10.365
20241115182456.3,528.301006928086,17.337,14.47,13.731,12.959,10.369,10.369
20241115182456.7,528.758005052805,17.347,14.446,13.747,12.971,10.375,10.359
20241115182457.2,529.207006841898,17.365,14.468,13.741,12.937,10.385,10.349
20241115182457.6,529.655998572707,17.369,14.47,13.743,12.959,10.389,10.377
20241115182458.1,530.11300675571,17.401,14.468,13.735,12.947,10.393,10.385
20241115182458.5,530.56699745357,17.391,14.478,13.741,12.941,10.399,10.349
20241115182459,531.031006202102,17.387,14.47,13.743,12.941,10.385,10.371
20241115182459.4,531.481003761292,17.401,14.46,13.753,12.935,10.377,10.343
20241115182459.9,531.949005648494,17.434,14.496,13.749,12.951,10.387,10.349
20241115182500.4,532.402000576258,17.454,14.49,13.757,12.949,10.401,10.361
20241115182500.8,532.863001897931,17.43,14.474,13.757,12.949,10.393,10.357
20241115182501.3,533.32000002265,17.436,14.484,13.773,12.937,10.383,10.365
20241115182501.7,533.776998147368,17.474,14.478,13.777,12.957,10.391,10.377
20241115182502.2,534.242002665997,17.472,14.498,13.773,12.973,10.397,10.391
20241115182502.6,534.69499759376,17.49,14.494,13.757,12.943,10.411,10.357
20241115182503.1,535.145005211234,17.506,14.512,13.753,12.951,10.379,10.365
20241115182503.6,535.598000138998,17.526,14.518,13.761,12.969,10.379,10.385
20241115182504,536.051005125046,17.535,14.512,13.771,12.979,10.389,10.377
20241115182504.5,536.50400005281,17.537,14.545,13.771,12.949,10.399,10.365
20241115182504.9,536.953001841903,17.545,14.521,13.803,12.953,10.383,10.365
20241115182505.4,537.402003630996,17.561,14.559,13.797,12.975,10.389,10.363
20241115182505.8,537.859997525811,17.555,14.543,13.821,12.991,10.411,10.367
20241115182506.3,538.313002511859,17.597,14.543,13.797,12.977,10.401,10.373
20241115182506.7,538.766007497907,17.577,14.549,13.832,12.965,10.416,10.369
20241115182507.2,539.235005155206,17.595,14.565,13.815,12.961,10.403,10.363
20241115182507.6,539.68800008297,17.601,14.557,13.809,12.969,10.397,10.353
20241115182508.1,540.137001872063,17.619,14.575,13.801,12.987,10.389,10.381
20241115182508.5,540.59000685811,17.623,14.593,13.815,12.971,10.411,10.357
20241115182509,541.069998219609,17.648,14.571,13.84,12.989,10.391,10.371
20241115182509.5,541.539005935192,17.65,14.555,13.832,12.983,10.413,10.361
20241115182509.9,541.992000862956,17.664,14.583,13.821,12.979,10.409,10.357
20241115182510.4,542.445005849004,17.666,14.577,13.828,12.997,10.395,10.361
20241115182510.9,542.902003973722,17.686,14.585,13.84,12.993,10.377,10.369
20241115182511.3,543.359997868538,17.704,14.579,13.811,12.993,10.389,10.383
20241115182511.8,543.808999657631,17.674,14.599,13.834,13.005,10.399,10.371
20241115182512.2,544.26599778235,17.718,14.601,13.846,12.999,10.399,10.365
20241115182512.7,544.719002768397,17.704,14.605,13.84,12.997,10.405,10.377
20241115182513.1,545.171997696161,17.733,14.599,13.858,13.019,10.385,10.359
20241115182513.6,545.629005879164,17.747,14.597,13.862,13.011,10.383,10.383
20241115182514,546.086004003882,17.753,14.63,13.864,13.005,10.424,10.363
20241115182514.5,546.538998931646,17.763,14.622,13.844,13.019,10.411,10.355
20241115182515,547.0119997859,17.777,14.607,13.846,13.017,10.42,10.363
20241115182515.4,547.465004771948,17.781,14.626,13.858,13.013,10.424,10.383
20241115182515.9,547.922002896667,17.817,14.636,13.874,13.001,10.422,10.369
20241115182516.3,548.386997357011,17.809,14.646,13.866,13.02,10.409,10.363
20241115182516.8,548.840002343059,17.805,14.638,13.858,13.015,10.42,10.363
20241115182517.3,549.309000000358,17.813,14.615,13.868,13.019,10.383,10.365
20241115182517.7,549.765998125076,17.844,14.646,13.858,13.011,10.413,10.375
20241115182518.2,550.223006308079,17.834,14.662,13.876,13.022,10.422,10.359
20241115182518.6,550.692003965378,17.86,14.638,13.884,13.009,10.393,10.383
20241115182519.1,551.156002655625,17.87,14.646,13.868,13.03,10.416,10.355
20241115182519.6,551.613000780344,17.862,14.654,13.866,13.017,10.422,10.385
20241115182520,552.062998339534,17.862,14.654,13.88,13.02,10.405,10.373
20241115182520.5,552.516003325582,17.876,14.662,13.876,13.046,10.409,10.371
20241115182520.9,552.9730014503,17.886,14.642,13.886,13.024,10.411,10.371
20241115182521.4,553.418000042439,17.896,14.65,13.862,13.036,10.401,10.363
20241115182521.8,553.871005028486,17.916,14.664,13.856,13.02,10.407,10.365
20241115182522.3,554.335999488831,17.92,14.658,13.876,13.024,10.395,10.375
20241115182522.7,554.789004474878,17.927,14.658,13.882,13.044,10.399,10.385
20241115182523.2,555.241999402642,17.912,14.664,13.868,13.015,10.397,10.375
20241115182523.6,555.69500438869,17.926,14.668,13.868,13.026,10.416,10.355
20241115182524.1,556.152002513409,17.922,14.678,13.894,13.024,10.401,10.353
20241115182524.6,556.602000072598,17.937,14.692,13.886,13.015,10.424,10.375
20241115182525,557.058998197317,17.935,14.69,13.89,13.04,10.405,10.369
20241115182525.5,557.512003183365,17.951,14.676,13.874,13.022,10.409,10.365
20241115182525.9,557.964998111129,17.963,14.686,13.89,13.044,10.393,10.363
20241115182526.4,558.413999900222,17.981,14.696,13.902,13.02,10.397,10.351
20241115182526.8,558.86700488627,18.005,14.708,13.892,13.03,10.405,10.377
20241115182527.3,559.319999814034,18.009,14.718,13.896,13.034,10.413,10.359
20241115182527.7,559.769997373223,18.032,14.714,13.89,13.036,10.409,10.367
20241115182528.2,560.237999260426,18.038,14.723,13.906,13.042,10.401,10.355
20241115182528.6,560.69200001657,18.034,14.718,13.886,13.03,10.403,10.369
20241115182529.1,561.145005002618,18.044,14.727,13.888,13.028,10.399,10.377
20241115182529.6,561.597999930382,18.06,14.712,13.898,13.034,10.395,10.361
20241115182530,562.05100491643,18.074,14.731,13.898,13.054,10.391,10.373
20241115182530.5,562.500006705523,18.106,14.735,13.912,13.054,10.416,10.363
20241115182530.9,562.948998436332,18.139,14.729,13.894,13.044,10.397,10.373
20241115182531.4,563.399006053805,18.122,14.739,13.918,13.044,10.391,10.359
20241115182531.8,563.856004178524,18.137,14.743,13.906,13.04,10.397,10.365
20241115182532.3,564.320002868772,18.118,14.735,13.892,13.04,10.401,10.381
20241115182532.7,564.774003624916,18.12,14.733,13.914,13.036,10.405,10.379
20241115182533.2,565.223005414009,18.116,14.735,13.91,13.03,10.393,10.373
20241115182533.6,565.676000341773,18.124,14.723,13.9,13.04,10.399,10.377
20241115182534.1,566.129005327821,18.151,14.753,13.902,13.042,10.416,10.353
20241115182534.5,566.582000255585,18.131,14.735,13.91,13.04,10.405,10.391
20241115182535,567.035005241632,18.12,14.755,13.914,13.072,10.397,10.369
20241115182535.4,567.496006563306,18.133,14.767,13.912,13.046,10.399,10.365
20241115182535.9,567.96900741756,18.161,14.775,13.916,13.032,10.403,10.379
20241115182536.4,568.422002345324,18.179,14.761,13.923,13.048,10.405,10.377
20241115182536.9,568.902003765106,18.169,14.757,13.931,13.05,10.397,10.357
20241115182537.3,569.359997659922,18.157,14.753,13.902,13.058,10.401,10.379
20241115182537.8,569.808999449015,18.189,14.767,13.927,13.048,10.401,10.351
20241115182538.2,570.262004435062,18.183,14.767,13.904,13.072,10.393,10.369
20241115182538.7,570.726998895407,18.217,14.789,13.92,13.058,10.393,10.357
20241115182539.1,571.184007078409,18.238,14.777,13.918,13.058,10.403,10.367
20241115182539.6,571.641005203128,18.252,14.791,13.923,13.072,10.405,10.367
20241115182540,572.094000130892,18.276,14.799,13.927,13.056,10.43,10.387
20241115182540.5,572.543001919985,18.294,14.807,13.931,13.056,10.405,10.369
20241115182540.9,572.996006906033,18.337,14.805,13.935,13.072,10.422,10.339
20241115182541.4,573.449001833797,18.349,14.826,13.941,13.068,10.403,10.353
20241115182541.9,573.898999392986,18.363,14.832,13.949,13.064,10.409,10.357
20241115182542.3,574.355997517705,18.367,14.83,13.949,13.078,10.413,10.365
20241115182542.8,574.820006266236,18.399,14.86,13.941,13.076,10.401,10.377
20241115182543.2,575.274007022381,18.417,14.836,13.957,13.08,10.407,10.353
20241115182543.7,575.741998851299,18.409,14.838,13.969,13.082,10.399,10.365
20241115182544.1,576.195003837347,18.434,14.858,13.979,13.08,10.393,10.365
20241115182544.6,576.649004593492,18.44,14.862,13.959,13.09,10.399,10.359
20241115182545.1,577.101999521255,18.474,14.876,13.965,13.088,10.393,10.391
20241115182545.5,577.555004507303,18.498,14.886,13.979,13.08,10.405,10.367
20241115182546,578.007999435067,18.504,14.872,13.963,13.076,10.387,10.375
20241115182546.4,578.45700122416,18.533,14.896,13.977,13.09,10.413,10.369
20241115182546.9,578.910006210208,18.524,14.904,13.989,13.086,10.416,10.369
20241115182547.3,579.367004334927,18.557,14.892,13.969,13.092,10.401,10.395
20241115182547.8,579.819999262691,18.577,14.923,13.977,13.102,10.409,10.363
20241115182548.2,580.289006978273,18.607,14.89,13.989,13.106,10.405,10.385
20241115182548.7,580.742001906037,18.613,14.894,13.981,13.078,10.387,10.385
20241115182549.1,581.195006892085,18.603,14.916,14.005,13.096,10.413,10.361
20241115182549.6,581.664004549384,18.619,14.935,14.013,13.118,10.399,10.383
20241115182550.1,582.128999009728,18.627,14.929,14.019,13.108,10.418,10.377
20241115182550.5,582.582003995776,18.634,14.939,13.991,13.098,10.393,10.381
20241115182551,583.03499892354,18.652,14.947,14.005,13.106,10.391,10.395
20241115182551.4,583.485006541014,18.648,14.949,14.015,13.098,10.409,10.371
20241115182551.9,583.938001468778,18.678,14.939,14.019,13.118,10.413,10.381
20241115182552.3,584.391006454825,18.696,14.959,14.024,13.106,10.397,10.363
20241115182552.8,584.844001382589,18.735,14.955,14.024,13.102,10.401,10.375
20241115182553.3,585.297006368637,18.757,14.965,14.036,13.119,10.411,10.385
20241115182553.7,585.750001296401,18.767,14.983,14.038,13.11,10.401,10.375
20241115182554.2,586.203006282449,18.773,14.989,14.038,13.112,10.401,10.369
20241115182554.6,586.656001210213,18.793,14.981,14.048,13.127,10.397,10.363
20241115182555.1,587.110001966357,18.834,14.995,14.052,13.125,10.391,10.377
20241115182555.5,587.563006952405,18.825,15.003,14.052,13.133,10.403,10.355
20241115182556,588.027005642653,18.829,15.013,14.036,13.125,10.397,10.375
20241115182556.4,588.481006398797,18.832,15.028,14.032,13.119,10.391,10.361
20241115182556.9,588.948998227715,18.834,15.019,14.046,13.121,10.399,10.361
20241115182557.4,589.402003213763,18.827,15.015,14.054,13.139,10.407,10.373
20241115182557.8,589.856003969908,18.842,15.019,14.04,13.141,10.413,10.365
20241115182558.3,590.305005759001,18.884,15.03,14.054,13.143,10.401,10.359
20241115182558.7,590.762003883719,18.866,15.019,14.06,13.133,10.387,10.379
20241115182559.2,591.211005672812,18.862,15.003,14.06,13.153,10.407,10.365
20241115182559.6,591.664000600576,18.894,15.036,14.048,13.137,10.395,10.375
20241115182600.1,592.129005119205,18.878,15.036,14.084,13.127,10.387,10.365
20241115182600.6,592.598002776504,18.898,15.056,14.07,13.155,10.401,10.375
20241115182601,593.050997704268,18.9,15.052,14.068,13.149,10.405,10.363
20241115182601.5,593.499999493361,18.928,15.046,14.074,13.163,10.42,10.373
20241115182601.9,593.953004479408,18.947,15.038,14.066,13.169,10.393,10.373
20241115182602.4,594.405999407172,18.959,15.068,14.096,13.177,10.409,10.369
20241115182602.8,594.875007122755,18.975,15.058,14.1,13.153,10.401,10.377
20241115182603.3,595.332005247474,18.995,15.086,14.104,13.151,10.391,10.371
20241115182603.8,595.801002904773,19.019,15.072,14.084,13.171,10.383,10.381
20241115182604.2,596.262004226446,19.019,15.09,14.082,13.169,10.409,10.381
20241115182604.7,596.742005646229,19.05,15.098,14.096,13.165,10.397,10.383
20241115182605.2,597.211003303528,19.066,15.102,14.096,13.147,10.389,10.369
20241115182605.6,597.675997763872,19.068,15.072,14.09,13.177,10.395,10.373
20241115182606.1,598.145005479455,19.084,15.098,14.112,13.173,10.389,10.367
20241115182606.6,598.602003604174,19.102,15.108,14.104,13.171,10.401,10.373
20241115182607,599.054998531938,19.12,15.114,14.114,13.165,10.395,10.383
20241115182607.5,599.51200671494,19.149,15.12,14.098,13.173,10.399,10.375
20241115182607.9,599.97299797833,19.153,15.116,14.106,13.175,10.381,10.385
20241115182608.4,600.433999300003,19.177,15.116,14.112,13.173,10.395,10.373
20241115182608.8,600.890997424722,19.179,15.141,14.133,13.201,10.393,10.365
20241115182609.3,601.35600194335,19.207,15.137,14.11,13.157,10.393,10.369
20241115182609.8,601.840006560087,19.232,15.145,14.098,13.189,10.405,10.365
20241115182610.3,602.309004217386,19.238,15.145,14.123,13.173,10.401,10.365
20241115182610.7,602.76199914515,19.248,15.157,14.129,13.185,10.403,10.363
20241115182611.2,603.219007328153,19.272,15.167,14.141,13.193,10.397,10.365
20241115182611.6,603.667999058962,19.282,15.167,14.151,13.193,10.42,10.369
20241115182612.1,604.12100404501,19.306,15.183,14.137,13.183,10.387,10.355
20241115182612.5,604.594004899263,19.32,15.185,14.145,13.183,10.416,10.361
20241115182613,605.058999359608,19.329,15.199,14.159,13.197,10.379,10.371
20241115182613.5,605.515997484326,19.355,15.201,14.139,13.197,10.389,10.359
20241115182613.9,605.981002002954,19.369,15.197,14.157,13.179,10.391,10.373
20241115182614.4,606.434006989002,19.371,15.203,14.149,13.199,10.389,10.365
20241115182614.8,606.891005113721,19.405,15.203,14.141,13.217,10.395,10.377
20241115182615.3,607.344000041485,19.417,15.215,14.155,13.211,10.395,10.357
20241115182615.8,607.812997698784,19.43,15.24,14.165,13.23,10.395,10.375
20241115182616.2,608.273999020457,19.464,15.236,14.159,13.22,10.391,10.365
20241115182616.7,608.727004006505,19.466,15.224,14.161,13.201,10.383,10.379
20241115182617.1,609.184002131224,19.444,15.238,14.167,13.22,10.397,10.379
20241115182617.6,609.645003452897,19.462,15.234,14.163,13.218,10.403,10.377
20241115182618.1,610.113005340099,19.468,15.24,14.173,13.213,10.395,10.391
20241115182618.5,610.567006096244,19.472,15.254,14.171,13.215,10.397,10.379
20241115182619,611.039001122117,19.456,15.242,14.173,13.199,10.389,10.363
20241115182619.4,611.492006108165,19.456,15.236,14.183,13.207,10.389,10.351
20241115182619.9,611.957000568509,19.425,15.254,14.171,13.222,10.401,10.367
20241115182620.4,612.410005554557,19.432,15.232,14.181,13.209,10.393,10.363
20241115182620.8,612.879003211856,19.411,15.23,14.151,13.22,10.381,10.371
20241115182621.3,613.33199813962,19.409,15.219,14.175,13.215,10.387,10.367
20241115182621.7,613.785003125668,19.397,15.238,14.147,13.217,10.397,10.359
20241115182622.2,614.237998053432,19.397,15.209,14.151,13.199,10.399,10.357
20241115182622.6,614.695006236434,19.373,15.222,14.157,13.203,10.387,10.365
20241115182623.1,615.152004361153,19.421,15.226,14.143,13.224,10.383,10.373
20241115182623.6,615.621002018452,19.411,15.234,14.149,13.213,10.391,10.371
20241115182624,616.08600653708,19.43,15.242,14.155,13.23,10.403,10.375
20241115182624.5,616.534998267889,19.458,15.258,14.157,13.228,10.377,10.381
20241115182624.9,616.992006450891,19.482,15.248,14.177,13.238,10.397,10.361
20241115182625.4,617.457000911236,19.518,15.272,14.175,13.232,10.395,10.381
20241115182625.9,617.922005429864,19.543,15.29,14.173,13.224,10.383,10.367
20241115182626.3,618.375000357628,19.565,15.274,14.189,13.211,10.377,10.371
20241115182626.8,618.828005343676,19.607,15.29,14.199,13.226,10.385,10.373
20241115182627.2,619.28100027144,19.625,15.302,14.197,13.22,10.393,10.383
20241115182627.7,619.735001027584,19.668,15.323,14.185,13.24,10.395,10.345
20241115182628.2,620.203002914786,19.698,15.316,14.201,13.24,10.389,10.387
20241115182628.6,620.672000572085,19.733,15.32,14.228,13.252,10.377,10.363
20241115182629.1,621.140998229384,19.763,15.355,14.217,13.234,10.385,10.357
20241115182629.6,621.606002748013,19.805,15.351,14.222,13.262,10.383,10.379
20241115182630,622.07000143826,19.803,15.377,14.224,13.24,10.389,10.361
20241115182630.5,622.526999562979,19.827,15.371,14.23,13.248,10.391,10.361
20241115182630.9,622.981000319123,19.848,15.359,14.222,13.248,10.397,10.387
20241115182631.4,623.434005305171,19.829,15.373,14.226,13.258,10.379,10.367
20241115182631.8,623.89100342989,19.874,15.381,14.252,13.258,10.399,10.355
20241115182632.3,624.360001087189,19.872,15.391,14.246,13.248,10.395,10.361
20241115182632.8,624.840002506971,19.924,15.391,14.244,13.256,10.389,10.367
20241115182633.3,625.313003361225,19.916,15.391,14.238,13.27,10.393,10.353
20241115182633.7,625.765998288989,19.945,15.399,14.254,13.292,10.411,10.371
20241115182634.2,626.231002807617,19.951,15.397,14.242,13.284,10.387,10.371
20241115182634.7,626.699004694819,19.961,15.411,14.24,13.278,10.401,10.355
20241115182635.1,627.163999155164,19.977,15.391,14.278,13.272,10.391,10.365
20241115182635.6,627.633006870747,20.003,15.43,14.274,13.27,10.393,10.351
20241115182636.1,628.102004528046,20.015,15.434,14.272,13.288,10.371,10.369
20241115182636.5,628.56699898839,20.023,15.442,14.29,13.294,10.405,10.377
20241115182637,629.035000875592,20.056,15.45,14.28,13.294,10.401,10.375
20241115182637.5,629.503998532891,20.09,15.448,14.302,13.302,10.387,10.351
20241115182637.9,629.973006248474,20.098,15.47,14.298,13.323,10.397,10.383
20241115182638.4,630.442003905773,20.126,15.472,14.302,13.304,10.389,10.369
20241115182638.9,630.906002596021,20.161,15.484,14.308,13.292,10.399,10.355
20241115182639.3,631.363000720739,20.163,15.486,14.31,13.304,10.399,10.351
20241115182639.8,631.817001476884,20.193,15.5,14.31,13.308,10.377,10.357
20241115182640.2,632.281000167131,20.223,15.51,14.325,13.304,10.383,10.369
20241115182640.7,632.73799829185,20.238,15.512,14.323,13.319,10.379,10.383
20241115182641.1,633.195006474853,20.262,15.522,14.339,13.319,10.383,10.341
20241115182641.6,633.660000935197,20.252,15.516,14.323,13.31,10.391,10.379
20241115182642.1,634.113005921245,20.262,15.512,14.329,13.319,10.381,10.387
20241115182642.5,634.570004045963,20.272,15.541,14.327,13.316,10.371,10.369
20241115182643,635.020001605153,20.272,15.545,14.347,13.306,10.387,10.381
20241115182643.4,635.473006591201,20.292,15.549,14.333,13.316,10.365,10.357
20241115182643.9,635.938001051545,20.302,15.545,14.349,13.337,10.391,10.367
20241115182644.4,636.406002938747,20.312,15.537,14.361,13.319,10.395,10.359
20241115182644.8,636.871007457376,20.339,15.555,14.359,13.329,10.409,10.355
20241115182645.3,637.328005582094,20.365,15.553,14.359,13.349,10.377,10.367
20241115182645.7,637.781000509858,20.401,15.571,14.353,13.345,10.407,10.369
20241115182646.2,638.235001266003,20.425,15.609,14.349,13.349,10.397,10.365
20241115182646.6,638.68800625205,20.446,15.593,14.393,13.337,10.401,10.377
20241115182647.1,639.152004942298,20.484,15.617,14.395,13.353,10.393,10.361
20241115182647.6,639.625005796552,20.524,15.611,14.393,13.347,10.387,10.373
20241115182648.1,640.106002986431,20.543,15.63,14.391,13.361,10.381,10.359
20241115182648.5,640.574004873633,20.575,15.632,14.407,13.347,10.381,10.361
20241115182649,641.024002432823,20.595,15.662,14.391,13.349,10.387,10.371
20241115182649.4,641.476997360587,20.617,15.676,14.403,13.371,10.361,10.357
20241115182649.9,641.944999247789,20.631,15.66,14.409,13.373,10.395,10.365
20241115182650.4,642.401997372508,20.678,15.68,14.413,13.377,10.403,10.359
20241115182650.8,642.871005088091,20.672,15.69,14.413,13.381,10.383,10.381
20241115182651.3,643.335999548435,20.692,15.68,14.431,13.389,10.399,10.373
20241115182651.7,643.789004534483,20.688,15.69,14.409,13.391,10.377,10.379
20241115182652.2,644.238006323576,20.676,15.69,14.415,13.391,10.377,10.391
20241115182652.7,644.70300078392,20.69,15.708,14.423,13.395,10.409,10.391
20241115182653.1,645.176001638174,20.71,15.71,14.423,13.379,10.383,10.389
20241115182653.6,645.656003057957,20.716,15.71,14.438,13.419,10.371,10.349
20241115182654.1,646.110003814101,20.724,15.72,14.431,13.391,10.383,10.369
20241115182654.5,646.562998741865,20.72,15.734,14.452,13.409,10.391,10.371
20241115182655,647.016003727913,20.74,15.708,14.438,13.397,10.393,10.363
20241115182655.4,647.473001852632,20.751,15.72,14.444,13.401,10.397,10.363
20241115182655.9,647.941999509931,20.751,15.704,14.434,13.401,10.381,10.371
20241115182656.4,648.410001397133,20.761,15.722,14.44,13.409,10.385,10.359
20241115182656.8,648.875005915761,20.767,15.72,14.442,13.403,10.379,10.369
20241115182657.3,649.33200404048,20.791,15.743,14.434,13.409,10.397,10.373
20241115182657.7,649.784998968244,20.785,15.743,14.432,13.421,10.385,10.371
20241115182658.2,650.242007151246,20.813,15.753,14.458,13.403,10.365,10.369
20241115182658.7,650.711004808545,20.831,15.775,14.444,13.409,10.373,10.373
20241115182659.1,651.180002465844,20.866,15.765,14.468,13.425,10.379,10.365
20241115182659.6,651.660003885627,20.878,15.771,14.472,13.425,10.391,10.349
20241115182700.1,652.133004739881,20.926,15.787,14.454,13.405,10.383,10.367
20241115182700.5,652.582006528974,20.942,15.777,14.474,13.429,10.391,10.363
20241115182701,653.051004186273,20.961,15.805,14.478,13.432,10.383,10.371
20241115182701.5,653.503999114037,21.001,15.805,14.488,13.44,10.401,10.397
20241115182701.9,653.973006829619,21.017,15.827,14.5,13.444,10.375,10.381
20241115182702.4,654.438001289964,21.049,15.85,14.492,13.446,10.404,10.375
20241115182702.9,654.906003177166,21.056,15.844,14.496,13.446,10.387,10.371
20241115182703.3,655.37099763751,21.12,15.856,14.51,13.434,10.361,10.379
20241115182703.8,655.831998959184,21.12,15.886,14.506,13.444,10.391,10.373
20241115182704.3,656.301006674767,21.134,15.86,14.51,13.464,10.369,10.377
20241115182704.7,656.770004332066,21.159,15.874,14.532,13.46,10.375,10.383
20241115182705.2,657.23499879241,21.173,15.878,14.537,13.434,10.385,10.377
20241115182705.7,657.703000679612,21.175,15.878,14.516,13.46,10.373,10.359
20241115182706.1,658.159998804331,21.185,15.886,14.522,13.466,10.385,10.385
20241115182706.6,658.625003322959,21.193,15.886,14.524,13.458,10.391,10.363
20241115182707,659.082001447678,21.223,15.9,14.547,13.44,10.375,10.377
20241115182707.5,659.543002769351,21.235,15.9,14.539,13.472,10.373,10.355
20241115182707.9,659.995997697115,21.272,15.906,14.561,13.466,10.391,10.373
20241115182708.4,660.449002683163,21.274,15.928,14.539,13.462,10.373,10.381
20241115182708.9,660.918000340462,21.306,15.92,14.553,13.474,10.387,10.377
20241115182709.3,661.386997997761,21.308,15.939,14.553,13.482,10.377,10.375
20241115182709.8,661.844006180763,21.342,15.955,14.569,13.468,10.397,10.367
20241115182710.3,662.313003838062,21.336,15.945,14.541,13.478,10.375,10.371
20241115182710.7,662.781005725265,21.369,15.939,14.563,13.476,10.367,10.363
20241115182711.2,663.246000185609,21.381,15.943,14.549,13.468,10.377,10.379
20241115182711.7,663.699005171657,21.367,15.961,14.563,13.49,10.373,10.369
20241115182712.1,664.163999632001,21.413,15.957,14.549,13.482,10.369,10.371
20241115182712.6,664.62099775672,21.401,15.955,14.567,13.462,10.377,10.363
20241115182713,665.086002275348,21.427,15.967,14.563,13.484,10.383,10.361
20241115182713.5,665.551006793976,21.456,15.969,14.579,13.474,10.357,10.351
20241115182714,666.020004451275,21.478,16.001,14.571,13.482,10.377,10.367
20241115182714.4,666.477002575994,21.508,15.989,14.581,13.478,10.373,10.353
20241115182714.9,666.957003995776,21.51,16.001,14.579,13.482,10.373,10.353
20241115182715.4,667.426001653075,21.551,16.024,14.561,13.49,10.351,10.351
20241115182715.8,667.875003442168,21.557,16.038,14.577,13.508,10.361,10.365
20241115182716.3,668.332001566887,21.577,16.036,14.587,13.508,10.369,10.347
20241115182716.7,668.785006552935,21.601,16.034,14.601,13.488,10.371,10.363
20241115182717.2,669.242004677653,21.617,16.058,14.609,13.508,10.381,10.339
20241115182717.7,669.706999137998,21.646,16.044,14.597,13.506,10.365,10.359
20241115182718.1,670.17600685358,21.682,16.076,14.603,13.508,10.377,10.347
20241115182718.6,670.641001313925,21.678,16.072,14.609,13.51,10.365,10.359
20241115182719.1,671.109998971224,21.702,16.094,14.611,13.522,10.385,10.371
20241115182719.5,671.578000858426,21.74,16.084,14.631,13.502,10.373,10.359
20241115182720,672.046998515725,21.734,16.088,14.633,13.535,10.377,10.369
20241115182720.5,672.500003501773,21.736,16.078,14.625,13.51,10.367,10.385
20241115182720.9,672.952998429537,21.767,16.116,14.629,13.514,10.375,10.373
20241115182721.4,673.410006612539,21.767,16.118,14.636,13.506,10.391,10.379
20241115182721.8,673.863001540303,21.795,16.12,14.65,13.528,10.363,10.359
20241115182722.3,674.328006058931,21.815,16.142,14.639,13.52,10.401,10.375
20241115182722.7,674.781000986695,21.795,16.122,14.654,13.52,10.375,10.385
20241115182723.2,675.23500174284,21.783,16.13,14.641,13.526,10.349,10.383
20241115182723.6,675.691999867558,21.795,16.136,14.627,13.538,10.385,10.367
20241115182724.1,676.155998557806,21.829,16.132,14.639,13.541,10.385,10.377
20241115182724.6,676.625006273389,21.793,16.157,14.637,13.543,10.369,10.373
20241115182725,677.094003930688,21.839,16.136,14.652,13.543,10.381,10.383
20241115182725.5,677.551002055407,21.819,16.142,14.658,13.545,10.381,10.377
20241115182726,678.016006574035,21.88,16.159,14.662,13.561,10.379,10.379
20241115182726.4,678.469001501799,21.882,16.157,14.652,13.556,10.399,10.374
20241115182726.9,678.922006487846,21.889,16.174,14.671,13.543,10.392,10.39
20241115182727.3,679.387000948191,21.893,16.174,14.655,13.551,10.39,10.386
20241115182727.8,679.840005934238,21.891,16.145,14.663,13.541,10.394,10.394
20241115182728.3,680.309003591537,21.862,16.155,14.659,13.566,10.396,10.394
20241115182728.7,680.77700547874,21.893,16.145,14.659,13.552,10.39,10.374
20241115182729.2,681.231006234884,21.858,16.135,14.657,13.558,10.392,10.364
20241115182729.7,681.698998063803,21.875,16.137,14.652,13.547,10.392,10.378
20241115182730.1,682.171998918056,21.84,16.135,14.638,13.551,10.411,10.368
20241115182730.6,682.641006633639,21.85,16.131,14.681,13.562,10.376,10.372
20241115182731.1,683.106001093984,21.848,16.158,14.665,13.547,10.409,10.396
20241115182731.5,683.574002981186,21.848,16.155,14.644,13.56,10.38,10.378
20241115182732,684.039007499814,21.87,16.134,14.66,13.545,10.389,10.375
20241115182732.5,684.508005157113,21.9,16.159,14.646,13.543,10.379,10.371
20241115182732.9,684.977002814412,21.916,16.175,14.661,13.558,10.374,10.37
20241115182733.4,685.441997274756,21.972,16.18,14.655,13.564,10.396,10.366
20241115182733.9,685.909999161959,22.008,16.2,14.657,13.572,10.375,10.373
20241115182734.3,686.375003680587,22.019,16.205,14.67,13.563,10.371,10.383
20241115182734.8,686.832001805305,22.035,16.189,14.68,13.534,10.381,10.381
20241115182735.3,687.297006323934,22.047,16.181,14.652,13.551,10.391,10.373
20241115182735.7,687.762000784278,22.066,16.219,14.68,13.563,10.397,10.373
20241115182736.2,688.227005302906,22.092,16.203,14.681,13.578,10.399,10.384
20241115182736.6,688.69199976325,22.119,16.224,14.685,13.568,10.399,10.368
20241115182737.1,689.145004749298,22.137,16.228,14.683,13.566,10.384,10.38
20241115182737.6,689.6130066365,22.138,16.228,14.699,13.58,10.394,10.38
20241115182738,690.082004293799,22.129,16.224,14.691,13.568,10.372,10.382
20241115182738.5,690.543005615473,22.125,16.258,14.705,13.576,10.401,10.401
20241115182739,691.012003272772,22.133,16.23,14.711,13.578,10.403,10.389
20241115182739.4,691.473004594445,22.143,16.23,14.669,13.572,10.384,10.384
20241115182739.9,691.956999152899,22.164,16.242,14.693,13.574,10.391,10.391
20241115182740.4,692.426006868482,22.18,16.252,14.711,13.592,10.386,10.372
20241115182740.8,692.895004525781,22.197,16.277,14.703,13.592,10.389,10.395
20241115182741.3,693.378999084234,22.178,16.273,14.715,13.582,10.395,10.382
20241115182741.8,693.844003602862,22.217,16.266,14.707,13.586,10.393,10.389
20241115182742.3,694.313001260161,22.26,16.271,14.719,13.602,10.386,10.391
20241115182742.7,694.781003147364,22.299,16.307,14.755,13.614,10.415,10.403
20241115182743.2,695.242004469037,22.352,16.321,14.743,13.604,10.395,10.389
20241115182743.7,695.711002126336,22.407,16.345,14.749,13.608,10.403,10.405
20241115182744.1,696.176006644964,22.423,16.363,14.757,13.638,10.403,10.395
20241115182744.6,696.629001572728,22.481,16.369,14.747,13.622,10.407,10.407
20241115182745,697.094006091356,22.499,16.386,14.761,13.636,10.391,10.378
20241115182745.5,697.563003748655,22.513,16.404,14.773,13.622,10.407,10.397
20241115182746,698.031005635858,22.538,16.406,14.769,13.634,10.401,10.411
20241115182746.4,698.496000096202,22.572,16.404,14.778,13.62,10.401,10.385
20241115182746.9,698.985003679991,22.564,16.424,14.783,13.628,10.411,10.409
20241115182747.4,699.449002370238,22.593,16.434,14.792,13.654,10.403,10.399
20241115182747.9,699.918000027537,22.619,16.454,14.792,13.652,10.423,10.391
20241115182748.3,700.374998152256,22.617,16.446,14.804,13.668,10.433,10.399
20241115182748.8,700.84799900651,22.642,16.454,14.796,13.65,10.391,10.395
20241115182749.3,701.317006722093,22.648,16.448,14.808,13.658,10.397,10.405
20241115182749.7,701.774004846811,22.671,16.452,14.784,13.658,10.38,10.391
20241115182750.2,702.226999774575,22.668,16.46,14.804,13.646,10.403,10.38
20241115182750.6,702.683997899294,22.717,16.468,14.826,13.65,10.389,10.395
20241115182751.1,703.151999786496,22.74,16.468,14.82,13.65,10.403,10.393
20241115182751.6,703.620997443795,22.775,16.483,14.834,13.656,10.386,10.389
20241115182752,704.090005159378,22.801,16.487,14.82,13.662,10.389,10.393
20241115182752.5,704.559002816677,22.83,16.505,14.846,13.66,10.368,10.38
20241115182753,705.024007335305,22.879,16.511,14.818,13.648,10.384,10.37
20241115182753.4,705.488006025553,22.871,16.489,14.822,13.652,10.38,10.382
20241115182753.9,705.957003682852,22.891,16.517,14.832,13.667,10.37,10.362
20241115182754.4,706.426001340151,22.924,16.537,14.832,13.657,10.368,10.374
20241115182754.8,706.89499899745,22.953,16.545,14.853,13.655,10.362,10.378
20241115182755.3,707.379003614187,22.957,16.539,14.834,13.659,10.362,10.37
20241115182755.8,707.848001271486,22.947,16.533,14.826,13.657,10.392,10.366
20241115182756.3,708.313005790114,22.981,16.558,14.846,13.655,10.396,10.358
20241115182756.7,708.780997619033,23.002,16.545,14.859,13.669,10.376,10.366
20241115182757.2,709.238005802035,23.006,16.572,14.859,13.681,10.388,10.37
20241115182757.7,709.70300026238,23.032,16.588,14.855,13.655,10.374,10.386
20241115182758.1,710.171997919679,23.053,16.578,14.863,13.681,10.376,10.384
20241115182758.6,710.641005635262,23.083,16.594,14.867,13.671,10.376,10.35
20241115182759.1,711.110003292561,23.09,16.618,14.901,13.693,10.368,10.386
20241115182759.5,711.578005179763,23.141,16.6,14.873,13.679,10.374,10.362
20241115182760,712.039006501436,23.18,16.628,14.893,13.695,10.376,10.364
20241115182800.5,712.504000961781,23.208,16.638,14.887,13.687,10.37,10.376
20241115182800.9,712.977001816034,23.239,16.642,14.919,13.683,10.394,10.368
20241115182801.4,713.442006334662,23.249,16.661,14.899,13.693,10.368,10.366
20241115182801.9,713.909998163581,23.274,16.659,14.911,13.701,10.397,10.393
20241115182802.3,714.375002682209,23.302,16.656,14.933,13.721,10.378,10.372
20241115182802.8,714.844000339508,23.341,16.679,14.931,13.725,10.378,10.389
20241115182803.3,715.319998562336,23.367,16.699,14.953,13.709,10.395,10.395
20241115182803.7,715.789006277919,23.396,16.715,14.935,13.725,10.374,10.38
20241115182804.2,716.258003935218,23.4,16.717,14.927,13.711,10.389,10.384
20241115182804.7,716.722998395562,23.441,16.729,14.935,13.723,10.386,10.376
20241115182805.1,717.192006111145,23.455,16.705,14.951,13.723,10.391,10.382
20241115182805.6,717.659997940063,23.478,16.725,14.97,13.719,10.393,10.37
20241115182806.1,718.132998794317,23.467,16.737,14.959,13.723,10.382,10.393
20241115182806.5,718.594000115991,23.519,16.751,14.976,13.741,10.372,10.376
20241115182807,719.06299777329,23.519,16.751,14.963,13.741,10.384,10.389
20241115182807.5,719.542999193072,23.545,16.779,14.986,13.753,10.397,10.395
20241115182808,720.012006908655,23.572,16.775,14.986,13.749,10.405,10.401
20241115182808.4,720.481004565954,23.606,16.802,15.012,13.747,10.387,10.391
20241115182808.9,720.933999493718,23.623,16.79,14.975,13.765,10.387,10.38
20241115182809.4,721.418004110456,23.655,16.808,14.988,13.753,10.405,10.413
20241115182809.8,721.887001767755,23.657,16.818,15.008,13.745,10.399,10.383
20241115182810.3,722.355999425054,23.717,16.854,14.994,13.771,10.405,10.38
20241115182810.8,722.828004509211,23.743,16.836,15.018,13.751,10.389,10.391
20241115182811.3,723.29700216651,23.764,16.844,15.016,13.765,10.378,10.378
20241115182811.7,723.758003488183,23.794,16.836,15.02,13.763,10.391,10.393
20241115182812.2,724.215001612902,23.829,16.858,15.024,13.796,10.405,10.38
20241115182812.6,724.683999270201,23.858,16.876,15.038,13.782,10.386,10.38
20241115182813.1,725.164000689983,23.89,16.875,15.008,13.766,10.386,10.374
20241115182813.6,725.620998814702,23.921,16.879,15.016,13.763,10.376,10.37
20241115182814,726.08600333333,23.945,16.883,15.038,13.778,10.397,10.405
20241115182814.5,726.559004187584,23.982,16.909,15.052,13.782,10.397,10.391
20241115182815,727.027006074786,23.992,16.917,15.042,13.78,10.391,10.352
20241115182815.5,727.515999600291,23.995,16.915,15.064,13.8,10.393,10.36
20241115182815.9,727.98499725759,24.005,16.949,15.04,13.788,10.407,10.378
20241115182816.4,728.452999144793,24.005,16.941,15.064,13.804,10.405,10.393
20241115182816.9,728.925999999046,24.037,16.939,15.046,13.792,10.387,10.378
20241115182817.3,729.379004985094,24.044,16.939,15.064,13.792,10.391,10.387
20241115182817.8,729.843999445438,24.048,16.945,15.06,13.78,10.401,10.366
20241115182818.3,730.313007161021,24.074,16.957,15.07,13.796,10.389,10.391
20241115182818.7,730.78099898994,24.089,16.941,15.066,13.792,10.401,10.374
20241115182819.2,731.250006705523,24.097,16.961,15.066,13.782,10.38,10.387
20241115182819.7,731.719004362822,24.127,16.963,15.068,13.79,10.405,10.378
20241115182820.1,732.17600248754,24.129,16.99,15.066,13.802,10.399,10.38
20241115182820.6,732.645000144839,24.174,16.99,15.068,13.806,10.372,10.385
20241115182821.1,733.110004663467,24.156,16.967,15.072,13.814,10.383,10.37
20241115182821.5,733.57800655067,24.119,16.939,15.058,13.796,10.389,10.387
20241115182822,734.063006937504,24.076,16.953,15.056,13.812,10.389,10.368
20241115182822.5,734.542998299003,24.011,16.927,15.036,13.8,10.368,10.378
20241115182822.9,734.99600328505,23.98,16.911,15.05,13.788,10.385,10.385
20241115182823.4,735.465000942349,23.939,16.893,15.024,13.806,10.385,10.379
20241115182823.9,735.918005928397,23.868,16.882,15.032,13.798,10.421,10.387
20241115182824.3,736.391006782651,23.839,16.874,15.012,13.775,10.409,10.383
20241115182824.8,736.86000443995,23.858,16.884,15.044,13.781,10.419,10.397
20241115182825.3,737.328006327152,23.843,16.878,15.028,13.783,10.387,10.393
20241115182825.7,737.793000787497,23.862,16.862,15.03,13.785,10.403,10.374
20241115182826.2,738.261998444796,23.835,16.87,15.04,13.769,10.403,10.387
20241115182826.7,738.731006160378,23.872,16.868,15.018,13.781,10.403,10.374
20241115182827.2,739.198997989297,23.88,16.87,15.006,13.794,10.395,10.399
20241115182827.6,739.664002507925,23.851,16.858,15.012,13.798,10.411,10.381
20241115182828.1,740.129007026553,23.796,16.862,15.028,13.777,10.413,10.389
20241115182828.6,740.601997822523,23.843,16.882,15.034,13.769,10.395,10.397
20241115182829,741.067002341151,23.833,16.872,14.996,13.792,10.393,10.393
20241115182829.5,741.535004228354,23.841,16.866,15.01,13.775,10.387,10.378
20241115182829.9,741.987999156117,23.858,16.864,15.016,13.778,10.376,10.389
20241115182830.4,742.4570068717,23.874,16.862,15.01,13.776,10.383,10.37
20241115182830.9,742.926004528999,23.888,16.858,15.028,13.769,10.407,10.374
20241115182831.3,743.378999456763,23.962,16.907,15.012,13.794,10.389,10.383
20241115182831.8,743.848007172346,23.993,16.915,15.048,13.786,10.407,10.372
20241115182832.3,744.31300163269,24.052,16.937,15.06,13.786,10.413,10.399
20241115182832.7,744.781003519893,24.115,16.947,15.089,13.808,10.397,10.391
20241115182833.2,745.235004276037,24.16,16.977,15.062,13.8,10.393,10.38
20241115182833.7,745.699002966285,24.187,16.988,15.095,13.798,10.385,10.399
20241115182834.1,746.163997426629,24.242,16.994,15.103,13.84,10.415,10.374
20241115182834.6,746.636998280883,24.264,16.994,15.078,13.816,10.378,10.374
20241115182835,747.094006463885,24.293,17.028,15.083,13.812,10.37,10.374
20241115182835.5,747.55900092423,24.323,17.044,15.095,13.8,10.387,10.366
20241115182836,748.027002811432,24.379,17.052,15.115,13.812,10.407,10.372
20241115182836.4,748.496000468731,24.438,17.08,15.119,13.828,10.376,10.391
20241115182836.9,748.961004987359,24.481,17.095,15.135,13.836,10.391,10.389
20241115182837.4,749.434005841613,24.528,17.105,15.151,13.834,10.401,10.401
20241115182837.9,749.901997670531,24.577,17.125,15.149,13.856,10.389,10.368
20241115182838.3,750.362998992205,24.636,17.141,15.173,13.856,10.391,10.403
20241115182838.8,750.844006240368,24.663,17.131,15.147,13.858,10.393,10.356
20241115182839.3,751.313003897667,24.687,17.157,15.18,13.858,10.399,10.376
20241115182839.7,751.781005784869,24.732,17.184,15.196,13.854,10.395,10.384
20241115182840.2,752.250003442168,24.796,17.178,15.184,13.869,10.399,10.366
20241115182840.7,752.719001099467,24.812,17.202,15.198,13.873,10.411,10.37
20241115182841.1,753.192001953721,24.861,17.22,15.216,13.867,10.399,10.374
20241115182841.6,753.660003840923,24.902,17.232,15.236,13.885,10.401,10.376
20241115182842.1,754.129001498222,24.951,17.234,15.236,13.905,10.368,10.382
20241115182842.5,754.58200648427,25,17.254,15.244,13.891,10.397,10.378
20241115182843,755.051004141569,24.984,17.289,15.232,13.879,10.378,10.384
20241115182843.5,755.515998601913,25.033,17.273,15.246,13.905,10.401,10.391
20241115182843.9,755.985006317496,25.053,17.303,15.25,13.897,10.391,10.372
20241115182844.4,756.452998146415,25.078,17.321,15.258,13.909,10.393,10.378
20241115182844.9,756.918002665043,25.104,17.313,15.25,13.913,10.384,10.36
20241115182845.3,757.391003519297,25.114,17.335,15.271,13.915,10.395,10.38
20241115182845.8,757.855997979641,25.137,17.337,15.275,13.903,10.397,10.374
20241115182846.3,758.335999399424,25.147,17.339,15.291,13.929,10.411,10.387
20241115182846.8,758.805007115006,25.18,17.363,15.293,13.919,10.391,10.395
20241115182847.2,759.274004772305,25.22,17.367,15.283,13.925,10.407,10.391
20241115182847.7,759.731002897024,25.249,17.365,15.305,13.927,10.415,10.387
20241115182848.1,760.195001587272,25.272,17.384,15.315,13.919,10.397,10.397
20241115182848.6,760.6600061059,25.288,17.388,15.315,13.913,10.399,10.389
20241115182849.1,761.125000566244,25.282,17.394,15.337,13.929,10.409,10.383
20241115182849.5,761.593998223543,25.308,17.375,15.307,13.929,10.397,10.374
20241115182850,762.059002742171,25.312,17.396,15.295,13.937,10.405,10.393
20241115182850.5,762.511997669935,25.323,17.384,15.309,13.949,10.413,10.401
20241115182850.9,762.981005385518,25.337,17.436,15.317,13.953,10.415,10.385
20241115182851.4,763.448997214437,25.398,17.436,15.333,13.955,10.419,10.403
20241115182851.9,763.918004930019,25.416,17.426,15.327,13.953,10.415,10.393
20241115182852.3,764.382999390364,25.431,17.472,15.341,13.941,10.403,10.372
20241115182852.8,764.852007105947,25.48,17.468,15.351,13.969,10.411,10.385
20241115182853.3,765.317001566291,25.482,17.482,15.355,13.965,10.407,10.407
20241115182853.7,765.785003453493,25.527,17.472,15.369,13.981,10.411,10.405
20241115182854.2,766.246004775167,25.557,17.5,15.369,13.969,10.413,10.395
20241115182854.7,766.715002432466,25.541,17.515,15.379,13.983,10.417,10.407
20241115182855.1,767.184000089765,25.58,17.513,15.373,13.965,10.397,10.391
20241115182855.6,767.649004608393,25.606,17.505,15.393,13.987,10.405,10.403
20241115182856.1,768.106002733111,25.604,17.557,15.397,13.996,10.429,10.413
20241115182856.5,768.570001423359,25.623,17.535,15.381,14,10.415,10.417
20241115182857,769.026999548078,25.653,17.561,15.383,13.996,10.421,10.421
20241115182857.4,769.492004066706,25.678,17.559,15.381,14,10.405,10.423
20241115182857.9,769.95699852705,25.711,17.549,15.402,13.996,10.431,10.405
20241115182858.4,770.429999381304,25.725,17.565,15.404,13.996,10.433,10.401
20241115182858.8,770.895003899932,25.77,17.581,15.397,14.014,10.425,10.397
20241115182859.3,771.363005787134,25.79,17.616,15.426,14.014,10.419,10.407
20241115182859.8,771.832003444433,25.79,17.612,15.424,14.018,10.415,10.411
20241115182900.3,772.301001101732,25.805,17.61,15.42,14.014,10.409,10.409
20241115182900.7,772.769998759031,25.833,17.634,15.436,14.014,10.419,10.389
20241115182901.2,773.250000178814,25.841,17.644,15.432,14.028,10.425,10.395
20241115182901.7,773.718997836113,25.856,17.64,15.43,14.048,10.417,10.407
20241115182902.1,774.188005551696,25.89,17.632,15.454,14.026,10.417,10.415
20241115182902.6,774.660000577569,25.884,17.662,15.448,14.046,10.413,10.415
20241115182903.1,775.125005096197,25.895,17.65,15.448,14.03,10.423,10.421
20241115182903.5,775.582003220916,25.925,17.67,15.44,14.046,10.403,10.403
20241115182904,776.03499814868,25.986,17.676,15.468,14.038,10.409,10.393
20241115182904.5,776.507999002934,26.029,17.69,15.464,14.038,10.417,10.415
20241115182904.9,776.965007185936,26.064,17.701,15.476,14.062,10.403,10.411
20241115182905.4,777.44900174439,26.119,17.715,15.499,14.048,10.413,10.397
20241115182905.9,777.914006263018,26.152,17.739,15.49,14.076,10.403,10.387
20241115182906.3,778.367001190782,26.193,17.735,15.498,14.086,10.421,10.417
20241115182906.8,778.835998848081,26.209,17.761,15.501,14.095,10.411,10.393
20241115182907.3,779.305006563663,26.244,17.789,15.515,14.074,10.405,10.395
20241115182907.7,779.774004220963,26.272,17.777,15.523,14.076,10.415,10.403
20241115182908.2,780.242006108165,26.293,17.812,15.529,14.084,10.413,10.375
20241115182908.7,780.711003765464,26.328,17.802,15.509,14.068,10.407,10.397
20241115182909.1,781.180001422763,26.356,17.801,15.537,14.074,10.411,10.411
20241115182909.6,781.645005941391,26.354,17.822,15.519,14.094,10.419,10.401
20241115182910.1,782.10200406611,26.344,17.81,15.543,14.092,10.401,10.389
20241115182910.5,782.570005953312,26.328,17.83,15.529,14.095,10.403,10.401
20241115182911,783.055006340146,26.346,17.81,15.527,14.103,10.421,10.401
20241115182911.5,783.52000080049,26.416,17.852,15.553,14.07,10.405,10.403
20241115182911.9,783.988002687693,26.463,17.864,15.555,14.088,10.421,10.385
20241115182912.4,784.457000344992,26.516,17.884,15.555,14.119,10.427,10.393
20241115182912.9,784.925998002291,26.54,17.884,15.563,14.109,10.427,10.385
20241115182913.4,785.410002619028,26.569,17.902,15.561,14.123,10.407,10.409
20241115182913.8,785.879000276327,26.562,17.882,15.559,14.133,10.413,10.423
20241115182914.3,786.347997933626,26.575,17.888,15.571,14.113,10.409,10.399
20241115182914.8,786.817005649209,26.577,17.896,15.569,14.109,10.411,10.407
20241115182915.2,787.281004339457,26.597,17.908,15.569,14.104,10.423,10.385
20241115182915.7,787.750001996756,26.622,17.898,15.569,14.119,10.411,10.405
20241115182916.2,788.230999186635,26.583,17.89,15.569,14.121,10.413,10.411
20241115182916.7,788.699001073837,26.601,17.902,15.569,14.123,10.425,10.409
20241115182917.1,789.155999198556,26.663,17.904,15.579,14.135,10.421,10.421
20241115182917.6,789.64099958539,26.659,17.945,15.559,14.113,10.415,10.399
20241115182918.1,790.110007300973,26.616,17.912,15.583,14.127,10.425,10.411
20241115182918.5,790.582002326846,26.577,17.874,15.545,14.097,10.401,10.385
20241115182919,791.04300364852,26.536,17.864,15.533,14.099,10.413,10.399
20241115182919.5,791.512001305819,26.53,17.884,15.539,14.101,10.407,10.391
20241115182919.9,791.985002160072,26.567,17.888,15.539,14.111,10.411,10.395
20241115182920.4,792.453004047275,26.589,17.905,15.535,14.092,10.419,10.409
20241115182920.9,792.905998975039,26.628,17.923,15.543,14.111,10.417,10.423
20241115182921.3,793.375006690621,26.663,17.894,15.555,14.109,10.421,10.413
20241115182921.8,793.84400434792,26.726,17.939,15.565,14.109,10.397,10.389
20241115182922.3,794.308998808265,26.761,17.953,15.557,14.119,10.425,10.399
20241115182922.7,794.777000695467,26.804,17.963,15.571,14.115,10.405,10.403
20241115182923.2,795.242005214095,26.82,17.965,15.573,14.109,10.407,10.409
20241115182923.7,795.711002871394,26.84,17.973,15.579,14.133,10.411,10.401
20241115182924.1,796.180000528693,26.865,17.963,15.589,14.123,10.399,10.399
20241115182924.6,796.648998185992,26.875,17.987,15.599,14.131,10.415,10.397
20241115182925.1,797.113006934524,26.904,17.987,15.608,14.137,10.417,10.397
20241115182925.5,797.582004591823,26.926,17.987,15.599,14.137,10.417,10.395
20241115182926,798.051002249122,26.957,18.02,15.604,14.129,10.409,10.389
20241115182926.5,798.51600676775,26.937,17.995,15.583,14.151,10.409,10.391
20241115182926.9,798.985004425049,26.949,18.018,15.604,14.139,10.411,10.403
20241115182927.4,799.453006312251,26.957,18.004,15.604,14.137,10.397,10.399
20241115182927.9,799.926007166505,26.99,18.038,15.608,14.161,10.423,10.397
20241115182928.3,800.395004823804,27.002,18.048,15.624,14.155,10.405,10.393
20241115182928.8,800.863006711006,27.037,18.038,15.624,14.153,10.393,10.405
20241115182929.3,801.32800117135,27.108,18.082,15.618,14.161,10.395,10.397
20241115182929.8,801.79699882865,27.149,18.076,15.652,14.147,10.395,10.397
20241115182930.2,802.266006544232,27.17,18.099,15.658,14.147,10.387,10.391
20241115182930.7,802.74200476706,27.198,18.107,15.652,14.139,10.419,10.393
20241115182931.2,803.206999227405,27.217,18.123,15.648,14.155,10.399,10.393
20241115182931.6,803.680000081658,27.268,18.127,15.66,14.171,10.391,10.385
20241115182932.1,804.148997738957,27.341,18.165,15.668,14.167,10.403,10.407
20241115182932.6,804.61699962616,27.355,18.177,15.698,14.163,10.395,10.417
20241115182933,805.086007341743,27.406,18.191,15.696,14.185,10.413,10.391
20241115182933.5,805.558998137712,27.433,18.208,15.688,14.181,10.405,10.387
20241115182934,806.027000024915,27.48,18.193,15.705,14.198,10.419,10.393
20241115182934.5,806.512000411749,27.492,18.226,15.703,14.181,10.427,10.391
20241115182934.9,806.996005028486,27.535,18.228,15.719,14.2,10.391,10.419
20241115182935.4,807.465002685785,27.556,18.248,15.713,14.171,10.409,10.385
20241115182935.9,807.948997244239,27.586,18.24,15.727,14.2,10.403,10.395
20241115182936.4,808.418004959822,27.596,18.27,15.741,14.212,10.415,10.419
20241115182936.8,808.882999420166,27.607,18.244,15.741,14.224,10.401,10.397
20241115182937.3,809.352007135749,27.644,18.28,15.743,14.208,10.399,10.377
20241115182937.8,809.819998964667,27.65,18.28,15.747,14.224,10.409,10.409
20241115182938.2,810.27700714767,27.695,18.288,15.755,14.224,10.409,10.399
20241115182938.7,810.746004804969,27.697,18.302,15.759,14.22,10.407,10.409
20241115182939.2,811.210999265313,27.709,18.303,15.757,14.226,10.413,10.393
20241115182939.6,811.676003783941,27.735,18.302,15.767,14.214,10.423,10.393
20241115182940.1,812.149004638195,27.74,18.298,15.767,14.22,10.405,10.405
20241115182940.6,812.617006525397,27.766,18.341,15.763,14.24,10.421,10.409
20241115182941.1,813.102006912231,27.772,18.347,15.787,14.238,10.403,10.419
20241115182941.5,813.567001372576,27.79,18.347,15.809,14.252,10.413,10.419
20241115182942,814.023999497294,27.807,18.349,15.787,14.23,10.417,10.409
20241115182942.4,814.496004581451,27.827,18.353,15.791,14.254,10.415,10.409
20241115182942.9,814.96500223875,27.86,18.379,15.82,14.256,10.407,10.423
20241115182943.4,815.430006757379,27.899,18.381,15.812,14.278,10.393,10.413
20241115182943.9,815.902001783252,27.907,18.401,15.812,14.27,10.415,10.415
20241115182944.3,816.36700630188,27.897,18.399,15.803,14.266,10.413,10.423
20241115182944.8,816.840007156134,27.905,18.399,15.818,14.258,10.429,10.421
20241115182945.3,817.305001616478,27.925,18.409,15.797,14.258,10.407,10.401
20241115182945.7,817.761999741197,27.942,18.407,15.807,14.25,10.421,10.403
20241115182946.2,818.230997398496,27.94,18.438,15.814,14.286,10.395,10.409
20241115182946.7,818.707005679607,27.987,18.426,15.832,14.27,10.405,10.409
20241115182947.1,819.164003804326,28.027,18.44,15.832,14.24,10.401,10.411
20241115182947.6,819.633001461625,28.091,18.458,15.848,14.29,10.417,10.401
20241115182948.1,820.101999118924,28.144,18.484,15.858,14.282,10.407,10.405
20241115182948.5,820.570001006126,28.162,18.514,15.876,14.298,10.425,10.427
20241115182949,821.038998663425,28.217,18.514,15.87,14.286,10.415,10.395
20241115182949.5,821.508006379008,28.264,18.519,15.888,14.304,10.397,10.385
20241115182949.9,821.977004036307,28.301,18.541,15.898,14.302,10.415,10.397
20241115182950.4,822.44500592351,28.336,18.569,15.898,14.304,10.421,10.393
20241115182950.9,822.910000383854,28.383,18.569,15.908,14.304,10.409,10.405
20241115182951.3,823.383001238108,28.41,18.567,15.902,14.298,10.411,10.413
20241115182951.8,823.851998895407,28.442,18.585,15.915,14.315,10.407,10.403
20241115182952.3,824.324003979564,28.438,18.597,15.921,14.309,10.401,10.399
20241115182952.7,824.793001636863,28.475,18.591,15.921,14.317,10.407,10.421
20241115182953.2,825.266002491117,28.465,18.636,15.921,14.311,10.407,10.391
20241115182953.7,825.731007009745,28.534,18.646,15.929,14.335,10.417,10.393
20241115182954.2,826.198998838663,28.549,18.62,15.949,14.345,10.419,10.401
20241115182954.6,826.664003357291,28.595,18.662,15.943,14.345,10.415,10.391
20241115182955.1,827.137004211545,28.653,18.666,15.939,14.345,10.417,10.409
20241115182955.6,827.606001868844,28.665,18.686,15.963,14.361,10.435,10.395
20241115182956,828.062999993563,28.704,18.694,15.959,14.359,10.405,10.417
20241115182956.5,828.531001880765,28.712,18.706,15.945,14.349,10.407,10.399
20241115182957,829.004002735019,28.743,18.71,15.965,14.359,10.425,10.407
20241115182957.4,829.473000392318,28.794,18.712,15.965,14.363,10.421,10.421
20241115182957.9,829.938004910946,28.804,18.731,15.969,14.361,10.415,10.393
20241115182958.3,830.395003035665,28.845,18.733,15.981,14.367,10.399,10.381
20241115182958.8,830.863004922867,28.884,18.753,15.991,14.377,10.389,10.413
20241115182959.3,831.327999383211,28.908,18.757,16.003,14.371,10.397,10.419
20241115182959.8,831.797007098794,28.896,18.771,16.001,14.385,10.389,10.411
20241115183000.2,832.262001559138,28.924,18.781,16.014,14.383,10.413,10.391
20241115183000.7,832.727006077766,28.939,18.795,16.007,14.369,10.415,10.413
20241115183001.1,833.194997906685,28.965,18.793,16.003,14.383,10.403,10.393
20241115183001.6,833.660002425313,28.986,18.797,16.026,14.395,10.425,10.415
20241115183002.1,834.129000082612,29.029,18.816,16.024,14.379,10.423,10.411
20241115183002.6,834.602000936866,29.053,18.82,16.032,14.369,10.413,10.397
20241115183003,835.067005455494,29.051,18.818,16.04,14.369,10.407,10.409
20241115183003.5,835.531004145741,29.08,18.824,16.028,14.391,10.411,10.415
20241115183004,836.000001803041,29.063,18.838,16.028,14.385,10.417,10.417
20241115183004.4,836.465006321669,29.02,18.822,16.014,14.375,10.431,10.409
20241115183004.9,836.934003978968,29.002,18.799,16.034,14.385,10.411,10.409
20241115183005.4,837.398998439312,28.984,18.793,16.02,14.391,10.411,10.395
20241115183005.8,837.867000326514,28.984,18.789,16.02,14.405,10.417,10.405
20241115183006.3,838.328001648188,28.99,18.789,16.012,14.393,10.413,10.425
20241115183006.8,838.801002502441,29.043,18.815,16.009,14.387,10.403,10.391
20241115183007.2,839.26600702107,29.055,18.826,16.034,14.399,10.399,10.399
20241115183007.7,839.735004678369,29.072,18.836,16.034,14.391,10.413,10.415
20241115183008.2,840.199003368616,29.084,18.838,16.038,14.379,10.403,10.403
20241115183008.6,840.68400375545,29.098,18.84,16.034,14.385,10.409,10.407
20241115183009.1,841.148998215795,29.104,18.826,16.018,14.397,10.405,10.413
20241115183009.6,841.617000102997,29.102,18.842,16.032,14.408,10.397,10.385
20241115183010,842.082004621625,29.114,18.836,16.042,14.393,10.425,10.405
20241115183010.5,842.555005475879,29.116,18.832,16.034,14.381,10.413,10.415
20241115183011,843.019999936223,29.098,18.842,16.018,14.395,10.397,10.417
20241115183011.4,843.488001823425,29.08,18.842,16.014,14.391,10.411,10.403
20241115183011.9,843.956999480724,29.082,18.822,16.032,14.387,10.417,10.411
20241115183012.4,844.430000334978,29.072,18.834,16.018,14.375,10.415,10.415
20241115183012.9,844.898997992277,29.127,18.826,16.026,14.371,10.427,10.433
20241115183013.3,845.363006740808,29.139,18.842,16.014,14.377,10.407,10.411
20241115183013.8,845.835997536778,29.163,18.822,16.005,14.369,10.409,10.403
20241115183014.3,846.301002055407,29.196,18.866,16.026,14.381,10.411,10.407
20241115183014.7,846.769999712706,29.215,18.844,16.026,14.397,10.405,10.405
20241115183015.2,847.235004231334,29.241,18.866,16.03,14.379,10.407,10.409
20241115183015.7,847.703006118536,29.255,18.834,16.028,14.385,10.397,10.395
20241115183016.1,848.17600697279,29.307,18.886,16.052,14.383,10.403,10.415
20241115183016.6,848.645004630089,29.384,18.902,16.06,14.389,10.403,10.395
20241115183017.1,849.113006517291,29.347,18.888,16.026,14.389,10.409,10.419
20241115183017.5,849.578000977635,29.313,18.87,16.034,14.387,10.409,10.405
20241115183018,850.034999102354,29.327,18.872,16.028,14.381,10.411,10.411
20241115183018.5,850.504006817937,29.372,18.866,16.01,14.41,10.407,10.413
20241115183018.9,850.976997613907,29.448,18.894,16.038,14.397,10.395,10.399
20241115183019.4,851.444999501109,29.488,18.917,16.066,14.399,10.403,10.399
20241115183019.9,851.910004019737,29.548,18.933,16.054,14.408,10.411,10.423
20241115183020.3,852.395004406571,29.523,18.915,16.06,14.383,10.391,10.403
20241115183020.8,852.863006293774,29.55,18.955,16.06,14.391,10.403,10.411
20241115183021.3,853.332003951073,29.578,18.949,16.068,14.41,10.413,10.395
20241115183021.8,853.796998411417,29.572,18.969,16.076,14.405,10.411,10.391
20241115183022.2,854.266006127,29.584,18.971,16.092,14.397,10.415,10.387
20241115183022.7,854.738001152873,29.617,18.981,16.1,14.41,10.417,10.399
20241115183023.2,855.211002007127,29.627,18.991,16.098,14.407,10.391,10.397
20241115183023.6,855.676006525755,29.613,18.987,16.09,14.407,10.389,10.415
20241115183024.1,856.145004183054,29.593,18.967,16.1,14.42,10.403,10.395
20241115183024.6,856.613006070256,29.601,19.005,16.104,14.426,10.389,10.399
20241115183025,857.082003727555,29.627,19.014,16.115,14.432,10.409,10.389
20241115183025.5,857.555004581809,29.684,19.034,16.127,14.422,10.431,10.419
20241115183026,858.043002337217,29.723,19.026,16.111,14.436,10.405,10.393
20241115183026.5,858.516003191471,29.791,19.054,16.113,14.446,10.399,10.401
20241115183026.9,858.98500084877,29.83,19.06,16.141,14.434,10.389,10.401
20241115183027.4,859.453002735972,29.85,19.076,16.143,14.452,10.381,10.385
20241115183027.9,859.926003590226,29.907,19.088,16.167,14.45,10.391,10.393
20241115183028.3,860.395001247525,29.962,19.11,16.167,14.446,10.409,10.395
20241115183028.8,860.863003134727,30.018,19.129,16.179,14.464,10.385,10.401
20241115183029.3,861.332000792027,30.083,19.143,16.173,14.466,10.409,10.395
20241115183029.8,861.800998449326,30.124,19.167,16.201,14.472,10.385,10.403
20241115183030.2,862.270006164908,30.171,19.179,16.207,14.482,10.403,10.383
20241115183030.7,862.737997993827,30.199,19.205,16.205,14.464,10.403,10.403
20241115183031.2,863.203002512455,30.248,19.215,16.22,14.478,10.387,10.381
20241115183031.6,863.672000169754,30.242,19.207,16.226,14.478,10.403,10.401
20241115183032.1,864.140997827053,30.255,19.23,16.205,14.494,10.415,10.393
20241115183032.6,864.610005542636,30.289,19.246,16.214,14.47,10.393,10.397
20241115183033,865.074004232883,30.324,19.244,16.23,14.498,10.417,10.403
20241115183033.5,865.535005554557,30.361,19.256,16.248,14.502,10.387,10.401
20241115183034,866.000000014901,30.398,19.284,16.244,14.504,10.407,10.407
20241115183034.4,866.4689976722,30.41,19.28,16.222,14.494,10.405,10.395
20241115183034.9,866.941998526454,30.43,19.268,16.242,14.494,10.395,10.389
20241115183035.4,867.406007274985,30.453,19.29,16.266,14.509,10.403,10.401
20241115183035.8,867.875004932284,30.461,19.3,16.262,14.486,10.403,10.399
20241115183036.3,868.363002687693,30.512,19.308,16.274,14.504,10.401,10.411
20241115183036.8,868.828007206321,30.581,19.323,16.262,14.511,10.399,10.385
20241115183037.3,869.29700486362,30.626,19.361,16.276,14.511,10.389,10.403
20241115183037.7,869.766002520919,30.678,19.369,16.294,14.513,10.407,10.391
20241115183038.2,870.235000178218,30.718,19.399,16.313,14.539,10.387,10.389
20241115183038.7,870.70300206542,30.737,19.383,16.323,14.519,10.395,10.403
20241115183039.1,871.176002919674,30.774,19.399,16.304,14.521,10.385,10.407
20241115183039.6,871.645000576973,30.798,19.416,16.302,14.535,10.405,10.399
20241115183040.1,872.11700566113,30.839,19.43,16.315,14.547,10.411,10.415
20241115183040.5,872.582000121474,30.874,19.448,16.323,14.533,10.413,10.405
20241115183041,873.055000975728,30.906,19.45,16.321,14.545,10.397,10.397
20241115183041.5,873.520005494356,30.961,19.458,16.313,14.539,10.379,10.399
20241115183041.9,873.988007381558,30.939,19.46,16.321,14.545,10.413,10.389
20241115183042.4,874.457005038857,30.931,19.448,16.321,14.539,10.401,10.401
20241115183042.9,874.926002696157,30.945,19.46,16.308,14.533,10.379,10.399
20241115183043.4,875.410007312894,30.902,19.452,16.304,14.545,10.395,10.397
20241115183043.8,875.882998108864,30.906,19.432,16.304,14.543,10.409,10.411
20241115183044.3,876.352005824447,30.927,19.438,16.315,14.531,10.399,10.395
20241115183044.8,876.847999915481,30.951,19.444,16.31,14.539,10.391,10.397
20241115183045.3,877.31699757278,30.976,19.454,16.319,14.527,10.393,10.417
20241115183045.7,877.784999459982,30.992,19.464,16.3,14.537,10.397,10.409
20241115183046.2,878.258000314236,30.986,19.452,16.317,14.543,10.413,10.397
20241115183046.7,878.719001635909,30.953,19.44,16.313,14.543,10.407,10.395
20241115183047.1,879.184006154537,30.9,19.45,16.288,14.511,10.407,10.411
20241115183047.6,879.651997983456,30.821,19.418,16.266,14.513,10.385,10.397
20241115183048.1,880.117002502084,30.782,19.397,16.274,14.521,10.413,10.405
20241115183048.5,880.586000159383,30.792,19.389,16.274,14.515,10.401,10.397
20241115183049,881.051004678011,30.771,19.371,16.26,14.517,10.405,10.395
20241115183049.5,881.524005532265,30.771,19.375,16.262,14.509,10.399,10.413
20241115183049.9,881.996000558138,30.804,19.385,16.248,14.517,10.385,10.379
20241115183050.4,882.461005076766,30.796,19.357,16.252,14.517,10.399,10.393
20241115183050.9,882.930002734065,30.8,19.355,16.258,14.502,10.403,10.405
20241115183051.4,883.399000391364,30.802,19.347,16.246,14.535,10.385,10.401
20241115183051.8,883.867002278566,30.886,19.365,16.27,14.517,10.403,10.381
20241115183052.3,884.332006797194,30.886,19.389,16.26,14.519,10.405,10.415
20241115183052.7,884.792998060584,30.894,19.395,16.274,14.508,10.419,10.403
20241115183053.2,885.265998914838,30.861,19.371,16.268,14.521,10.391,10.397
20241115183053.7,885.735006630421,30.859,19.385,16.262,14.517,10.395,10.397
20241115183054.2,886.199005320668,30.957,19.424,16.264,14.513,10.399,10.393
20241115183054.6,886.672006174922,31.07,19.428,16.315,14.523,10.409,10.427
20241115183055.1,887.149000167847,31.086,19.454,16.282,14.515,10.393,10.403
20241115183055.6,887.617002055049,31.119,19.446,16.304,14.533,10.435,10.407
20241115183056,888.082006573677,31.16,19.46,16.311,14.533,10.419,10.391
20241115183056.5,888.551004230976,31.162,19.478,16.315,14.545,10.409,10.407
20241115183057,889.03499878943,31.166,19.462,16.337,14.539,10.415,10.385
20241115183057.5,889.504006505013,31.186,19.486,16.317,14.519,10.395,10.411
20241115183057.9,889.973004162312,31.209,19.496,16.321,14.521,10.405,10.383
20241115183058.4,890.437998622656,31.262,19.494,16.353,14.535,10.391,10.401
20241115183058.9,890.922003239393,31.368,19.549,16.371,14.551,10.433,10.413
20241115183059.3,891.391000896692,31.382,19.567,16.363,14.543,10.395,10.417
20241115183059.8,891.859998553991,31.462,19.579,16.361,14.545,10.405,10.397
20241115183100.3,892.328000441194,31.47,19.593,16.383,14.557,10.399,10.399
20241115183100.8,892.801001295447,31.462,19.601,16.383,14.549,10.413,10.403
20241115183101.2,893.28100271523,31.476,19.605,16.373,14.557,10.417,10.393
20241115183101.7,893.750000372529,31.507,19.605,16.401,14.569,10.407,10.425
20241115183102.2,894.215004891157,31.509,19.624,16.399,14.567,10.421,10.413
20241115183102.6,894.688005745411,31.513,19.636,16.407,14.563,10.409,10.423
20241115183103.1,895.155997574329,31.56,19.626,16.397,14.577,10.407,10.395
20241115183103.6,895.633001625538,31.558,19.662,16.414,14.567,10.407,10.413
20241115183104.1,896.101999282837,31.587,19.658,16.422,14.593,10.403,10.393
20241115183104.5,896.574004366994,31.628,19.662,16.424,14.593,10.409,10.423
20241115183105,897.047005221248,31.671,19.67,16.428,14.587,10.401,10.409
20241115183105.5,897.516002878547,31.705,19.674,16.452,14.605,10.387,10.393
20241115183105.9,897.985000535846,31.75,19.714,16.446,14.622,10.405,10.387
20241115183106.4,898.448999226093,31.801,19.719,16.466,14.614,10.405,10.395
20241115183106.9,898.926003277302,31.883,19.747,16.494,14.622,10.393,10.385
20241115183107.4,899.409997835755,31.924,19.777,16.486,14.62,10.389,10.413
20241115183107.8,899.879005551338,31.971,19.787,16.494,14.61,10.407,10.415
20241115183108.3,900.348003208637,32.051,19.801,16.529,14.638,10.417,10.389
20241115183108.8,900.836000964046,32.079,19.84,16.521,14.628,10.415,10.399
20241115183109.3,901.301005482674,32.122,19.836,16.521,14.638,10.401,10.397
20241115183109.7,901.774006336927,32.159,19.85,16.513,14.62,10.397,10.389
20241115183110.2,902.241998165846,32.202,19.874,16.541,14.646,10.411,10.409
20241115183110.7,902.7149990201,32.241,19.866,16.569,14.642,10.403,10.393
20241115183111.1,903.184006735682,32.279,19.896,16.575,14.664,10.415,10.401
20241115183111.6,903.651998564601,32.38,19.925,16.577,14.66,10.407,10.411
20241115183112.1,904.121006280184,32.408,19.933,16.585,14.646,10.419,10.405
20241115183112.5,904.590003937483,32.433,19.957,16.603,14.66,10.411,10.401
20241115183113,905.059001594782,32.51,19.969,16.599,14.67,10.401,10.407
20241115183113.5,905.527003481984,32.567,19.995,16.603,14.672,10.399,10.403
20241115183113.9,905.991997942328,32.631,20.009,16.614,14.662,10.405,10.399
20241115183114.4,906.469001993537,32.664,20.02,16.614,14.672,10.405,10.399
20241115183114.9,906.987999379635,32.668,20.028,16.609,14.676,10.419,10.409
20241115183115.4,907.453003898263,32.7,20.02,16.609,14.684,10.429,10.411
20241115183115.9,907.926004752517,32.708,20.058,16.652,14.69,10.409,10.389
20241115183116.4,908.399005606771,32.764,20.058,16.63,14.708,10.407,10.395
20241115183116.8,908.866997435689,32.764,20.072,16.668,14.686,10.405,10.411
20241115183117.3,909.336005151272,32.819,20.076,16.66,14.698,10.403,10.385
20241115183117.8,909.805002808571,32.835,20.088,16.666,14.721,10.401,10.403
20241115183118.2,910.285004228354,32.843,20.102,16.648,14.713,10.407,10.373
20241115183118.7,910.758005082607,32.856,20.088,16.66,14.698,10.425,10.401
20241115183119.2,911.227002739906,32.858,20.094,16.682,14.711,10.413,10.387
20241115183119.6,911.695004627109,32.858,20.104,16.65,14.7,10.407,10.417
20241115183120.1,912.168005481362,32.886,20.108,16.674,14.698,10.401,10.395
20241115183120.6,912.637003138661,32.9,20.1,16.672,14.706,10.383,10.393
20241115183121.1,913.101997599006,32.968,20.119,16.678,14.729,10.411,10.405
20241115183121.5,913.574002683163,33.013,20.151,16.684,14.723,10.403,10.403
20241115183122,914.031000807881,33.084,20.177,16.688,14.737,10.419,10.391
20241115183122.4,914.496005326509,33.129,20.157,16.712,14.737,10.407,10.413
20241115183122.9,914.969006180763,33.203,20.197,16.721,14.743,10.413,10.395
20241115183123.4,915.434000641108,33.238,20.183,16.723,14.743,10.423,10.399
20241115183123.9,915.90200252831,33.301,20.244,16.723,14.759,10.399,10.393
20241115183124.3,916.375003382564,33.36,20.258,16.737,14.769,10.413,10.387
20241115183124.8,916.844001039863,33.373,20.25,16.743,14.779,10.423,10.409
20241115183125.3,917.312998697162,33.448,20.298,16.743,14.769,10.409,10.397
20241115183125.7,917.781000584364,33.479,20.298,16.761,14.771,10.417,10.389
20241115183126.2,918.249998241663,33.497,20.312,16.765,14.781,10.415,10.417
20241115183126.7,918.719005957246,33.567,20.302,16.765,14.773,10.409,10.387
20241115183127.1,919.18400041759,33.569,20.314,16.779,14.787,10.411,10.407
20241115183127.6,919.668005034328,33.56,20.323,16.775,14.797,10.417,10.403
20241115183128.1,920.137002691627,33.573,20.321,16.777,14.777,10.421,10.401
20241115183128.6,920.606000348926,33.577,20.312,16.767,14.789,10.419,10.379
20241115183129,921.074002236128,33.563,20.321,16.779,14.789,10.393,10.407
20241115183129.5,921.547003090382,33.579,20.325,16.777,14.773,10.415,10.399
20241115183130,922.016000747681,33.591,20.316,16.769,14.777,10.409,10.389
20241115183130.4,922.481005266309,33.665,20.329,16.775,14.795,10.417,10.395
20241115183130.9,922.949007153511,33.716,20.351,16.803,14.793,10.407,10.395
20241115183131.4,923.421997949481,33.767,20.365,16.805,14.805,10.419,10.417
20241115183131.8,923.891005665064,33.81,20.401,16.826,14.816,10.415,10.381
20241115183132.3,924.348003789783,33.84,20.42,16.803,14.81,10.421,10.403
20241115183132.8,924.812998250127,33.887,20.424,16.824,14.807,10.413,10.401
20241115183133.2,925.281000137329,33.914,20.43,16.832,14.791,10.421,10.401
20241115183133.7,925.766000524163,33.908,20.428,16.836,14.826,10.417,10.397
20241115183134.2,926.234998181462,33.965,20.462,16.858,14.838,10.433,10.401
20241115183134.7,926.703000068665,34.01,20.466,16.876,14.832,10.407,10.393
20241115183135.1,927.188000455499,34.049,20.456,16.862,14.836,10.411,10.421
20241115183135.6,927.660005539656,34.061,20.484,16.854,14.84,10.429,10.387
20241115183136.1,928.141002729535,34.084,20.508,16.888,14.85,10.421,10.413
20241115183136.6,928.625007346272,34.112,20.51,16.886,14.856,10.423,10.403
20241115183137,929.094005003572,34.155,20.529,16.902,14.842,10.403,10.399
20241115183137.5,929.563002660871,34.18,20.543,16.9,14.854,10.413,10.417
20241115183138,930.051000416279,34.278,20.589,16.927,14.874,10.417,10.409
20241115183138.5,930.516004934907,34.325,20.605,16.943,14.88,10.413,10.395
20241115183138.9,930.985002592206,34.394,20.605,16.951,14.866,10.421,10.401
20241115183139.4,931.449001282454,34.461,20.658,16.941,14.886,10.421,10.397
20241115183139.9,931.914005801082,34.511,20.66,16.971,14.9,10.431,10.401
20241115183140.3,932.383003458381,34.553,20.676,16.983,14.915,10.427,10.411
20241115183140.8,932.85200111568,34.658,20.702,16.985,14.923,10.405,10.403
20241115183141.3,933.320003002882,34.743,20.731,16.993,14.929,10.407,10.391
20241115183141.7,933.789000660181,34.829,20.779,17.036,14.915,10.411,10.401
20241115183142.2,934.262001514435,34.864,20.773,17.022,14.943,10.415,10.397
20241115183142.7,934.730999171734,34.876,20.797,17.03,14.947,10.411,10.411
20241115183143.1,935.194997861981,34.907,20.785,17.04,14.945,10.407,10.407
20241115183143.6,935.667998716235,34.884,20.793,17.044,14.943,10.413,10.417
20241115183144.1,936.137006431818,34.88,20.795,17.048,14.933,10.415,10.381
20241115183144.6,936.602000892162,34.895,20.795,17.04,14.945,10.421,10.401
20241115183145,937.070002779365,34.929,20.799,17.072,14.947,10.411,10.391
20241115183145.5,937.555003166199,34.946,20.82,17.046,14.931,10.413,10.381
20241115183146,938.024000823498,34.968,20.832,17.044,14.957,10.419,10.413
20241115183146.5,938.508005440235,34.991,20.83,17.052,14.955,10.413,10.379
20241115183146.9,938.988006860018,35.036,20.858,17.08,14.965,10.429,10.409
20241115183147.4,939.460997655988,35.091,20.862,17.084,14.957,10.415,10.405
20241115183147.9,939.930005371571,35.141,20.858,17.084,14.975,10.429,10.397
20241115183148.4,940.402000397444,35.153,20.912,17.086,14.961,10.403,10.407
20241115183148.8,940.867004916072,35.189,20.888,17.084,14.977,10.409,10.415
20241115183149.3,941.336002573371,35.189,20.916,17.111,14.971,10.425,10.387
20241115183149.8,941.80500023067,35.178,20.904,17.098,14.977,10.425,10.407
20241115183150.2,942.273997887969,35.128,20.906,17.096,14.977,10.395,10.393
20241115183150.7,942.741999775171,35.18,20.925,17.11,14.987,10.421,10.411
20241115183151.2,943.211007490754,35.269,20.959,17.106,14.981,10.415,10.401
20241115183151.6,943.680005148053,35.313,20.953,17.113,14.987,10.417,10.401
20241115183152.1,944.144999608397,35.298,20.975,17.119,14.989,10.435,10.403
20241115183152.6,944.6130014956,35.329,20.969,17.113,14.975,10.403,10.405
20241115183153,945.078006014228,35.325,20.981,17.121,14.989,10.429,10.407
20241115183153.5,945.551006868482,35.321,20.969,17.127,14.965,10.397,10.405
20241115183154,946.020004525781,35.335,20.997,17.123,14.987,10.403,10.399
20241115183154.4,946.484998986125,35.358,20.987,17.102,14.981,10.409,10.403
20241115183154.9,946.953000873327,35.424,21.003,17.123,14.979,10.405,10.397
20241115183155.4,947.414002195001,35.48,21.032,17.155,14.993,10.431,10.401
20241115183155.8,947.8829998523,35.501,21.028,17.145,15.01,10.425,10.407
20241115183156.3,948.348004370928,35.53,21.06,17.155,15.018,10.411,10.399
20241115183156.8,948.817002028227,35.596,21.066,17.165,15.014,10.403,10.393
20241115183157.2,949.285003915429,35.598,21.074,17.143,15.014,10.421,10.403
20241115183157.7,949.749998375773,35.621,21.062,17.161,15.046,10.401,10.407
20241115183158.2,950.219006091356,35.658,21.084,17.179,15.026,10.421,10.395
20241115183158.6,950.69200694561,35.666,21.102,17.187,15.024,10.403,10.421
20241115183159.1,951.159998774529,35.681,21.096,17.177,15.03,10.399,10.393
20241115183159.6,951.629006490111,35.673,21.102,17.179,15.028,10.397,10.401
20241115183200.1,952.09800414741,35.666,21.102,17.171,15.026,10.427,10.401
20241115183200.5,952.562998607755,35.679,21.114,17.191,15.02,10.419,10.403
20241115183201,953.066999092698,35.685,21.127,17.181,15.04,10.413,10.409
20241115183201.5,953.530997782946,35.728,21.108,17.201,15.034,10.421,10.391
20241115183202,954.000005498528,35.714,21.129,17.199,15.042,10.417,10.419
20241115183202.4,954.469003155828,35.741,21.11,17.205,15.048,10.415,10.405
20241115183202.9,954.938000813127,35.795,21.133,17.209,15.046,10.407,10.393
20241115183203.4,955.406002700329,35.869,21.167,17.218,15.062,10.417,10.405
20241115183203.8,955.875000357628,35.937,21.191,17.234,15.066,10.417,10.385
20241115183204.3,956.340004876256,36.012,21.213,17.242,15.044,10.397,10.403
20241115183204.8,956.809002533555,36.095,21.262,17.28,15.102,10.417,10.401
20241115183205.2,957.274007052183,36.185,21.25,17.256,15.09,10.413,10.397
20241115183205.7,957.758001610637,36.262,21.286,17.304,15.076,10.413,10.409
20241115183206.2,958.226999267936,36.334,21.327,17.312,15.078,10.413,10.405
20241115183206.6,958.695001155138,36.419,21.341,17.296,15.108,10.397,10.405
20241115183207.1,959.163998812437,36.496,21.357,17.321,15.123,10.415,10.383
20241115183207.6,959.63300652802,36.583,21.403,17.351,15.113,10.403,10.405
20241115183208.1,960.102004185319,36.657,21.417,17.363,15.111,10.423,10.387
20241115183208.5,960.573999211192,36.73,21.436,17.351,15.139,10.417,10.383
20241115183209,961.043006926775,36.781,21.458,17.369,15.131,10.409,10.381
20241115183209.5,961.527001485229,36.85,21.48,17.373,15.135,10.409,10.395
20241115183209.9,961.995999142528,36.928,21.502,17.393,15.149,10.411,10.407
20241115183210.4,962.46500685811,36.926,21.5,17.391,15.127,10.427,10.405
20241115183210.9,962.934004515409,37,21.543,17.414,15.157,10.393,10.407
20241115183211.4,963.402006402612,37.034,21.549,17.42,15.161,10.415,10.369
20241115183211.8,963.871004059911,37.089,21.551,17.436,15.151,10.411,10.411
20241115183212.3,964.335998520255,37.11,21.603,17.448,15.163,10.413,10.407
20241115183212.8,964.808999374509,37.166,21.601,17.464,15.159,10.399,10.399
20241115183213.2,965.274003893137,37.222,21.636,17.478,15.189,10.401,10.393
20241115183213.7,965.742005780339,37.274,21.664,17.456,15.191,10.409,10.393
20241115183214.2,966.207000240684,37.332,21.678,17.486,15.203,10.393,10.395
20241115183214.6,966.692000627518,37.375,21.676,17.478,15.183,10.405,10.395
20241115183215.1,967.176005244255,37.414,21.704,17.474,15.203,10.425,10.387
20241115183215.6,967.645002901554,37.476,21.702,17.502,15.208,10.419,10.367
20241115183216.1,968.110007420182,37.534,21.718,17.496,15.201,10.417,10.403
20241115183216.5,968.577999249101,37.555,21.718,17.506,15.207,10.413,10.397
20241115183217,969.047006964684,37.58,21.753,17.513,15.21,10.411,10.409
20241115183217.5,969.519997760653,37.584,21.749,17.521,15.22,10.419,10.405
20241115183217.9,969.996006041765,37.6,21.719,17.51,15.207,10.411,10.395
20241115183218.4,970.469006896019,37.631,21.745,17.537,15.218,10.403,10.417
20241115183218.9,970.934001356363,37.669,21.753,17.506,15.21,10.403,10.417
20241115183219.4,971.40600644052,37.718,21.775,17.525,15.216,10.427,10.387
20241115183219.8,971.875004097819,37.778,21.783,17.515,15.24,10.395,10.389
20241115183220.3,972.348004952073,37.822,21.785,17.535,15.234,10.421,10.411
20241115183220.8,972.817002609372,37.846,21.815,17.527,15.232,10.415,10.399
20241115183221.2,973.285004496574,37.851,21.811,17.555,15.244,10.399,10.397
20241115183221.7,973.754002153873,37.931,21.826,17.559,15.24,10.415,10.391
20241115183222.2,974.222999811172,37.958,21.842,17.579,15.264,10.409,10.407
20241115183222.6,974.692007526755,38.012,21.86,17.573,15.276,10.399,10.405
20241115183223.1,975.159999355674,38.041,21.884,17.589,15.272,10.399,10.407
20241115183223.6,975.633000209928,38.051,21.864,17.595,15.258,10.403,10.417
20241115183224.1,976.101997867227,38.068,21.894,17.605,15.278,10.399,10.391
20241115183224.5,976.574002951384,38.126,21.892,17.613,15.266,10.417,10.407
20241115183225,977.043000608683,38.202,21.933,17.636,15.304,10.403,10.393
20241115183225.5,977.523997798562,38.316,21.979,17.634,15.298,10.411,10.403
20241115183225.9,977.991999685764,38.459,21.995,17.676,15.29,10.413,10.399
20241115183226.4,978.457004204392,38.531,22.03,17.686,15.296,10.407,10.373
20241115183226.9,978.926001861691,38.645,22.076,17.694,15.323,10.413,10.393
20241115183227.3,979.39100638032,38.692,22.076,17.71,15.335,10.397,10.395
20241115183227.8,979.863001406193,38.734,22.106,17.727,15.337,10.407,10.397
20241115183228.3,980.348001793027,38.781,22.123,17.727,15.347,10.407,10.379
20241115183228.8,980.813006311655,38.815,22.125,17.706,15.345,10.417,10.391
20241115183229.2,981.280998140574,38.848,22.123,17.706,15.341,10.415,10.399
20241115183229.7,981.750005856156,38.883,22.149,17.741,15.355,10.399,10.399
20241115183230.2,982.219003513455,38.881,22.143,17.747,15.351,10.407,10.401
20241115183230.6,982.6839979738,38.918,22.157,17.733,15.367,10.397,10.393
20241115183231.1,983.168002590537,38.945,22.159,17.737,15.361,10.407,10.415
20241115183231.6,983.641003444791,38.968,22.178,17.747,15.359,10.411,10.413
20241115183232.1,984.102004766464,39.042,22.219,17.725,15.359,10.399,10.389
20241115183232.5,984.570006653666,39.115,22.227,17.757,15.359,10.397,10.403
20241115183233,985.04300750792,39.179,22.225,17.753,15.383,10.415,10.397
20241115183233.5,985.512005165219,39.204,22.249,17.771,15.389,10.389,10.383
20241115183233.9,985.981002822518,39.253,22.264,17.809,15.405,10.387,10.399
20241115183234.4,986.449004709721,39.33,22.276,17.791,15.403,10.411,10.407
20241115183234.9,986.913999170065,39.355,22.296,17.793,15.405,10.411,10.399
20241115183235.3,987.387000024319,39.4,22.288,17.813,15.41,10.405,10.407
20241115183235.8,987.871004641056,39.448,22.304,17.805,15.405,10.409,10.387
20241115183236.3,988.35600502789,39.454,22.313,17.822,15.416,10.399,10.395
20241115183236.8,988.828000053763,39.476,22.319,17.82,15.405,10.403,10.387
20241115183237.3,989.301000908017,39.491,22.331,17.805,15.407,10.403,10.409
20241115183237.7,989.769998565316,39.503,22.331,17.82,15.416,10.403,10.387
20241115183238.2,990.238000452518,39.559,22.343,17.826,15.41,10.415,10.395
20241115183238.7,990.711001306772,39.561,22.353,17.813,15.379,10.413,10.385
20241115183239.1,991.184002161026,39.611,22.358,17.828,15.407,10.383,10.401
20241115183239.6,991.652004048228,39.63,22.378,17.83,15.416,10.413,10.407
20241115183240.1,992.121001705527,39.611,22.36,17.814,15.412,10.403,10.403
20241115183240.5,992.589999362826,39.656,22.362,17.826,15.42,10.403,10.409
20241115183241,993.059007078409,39.687,22.38,17.807,15.42,10.387,10.389
20241115183241.5,993.524001538754,39.718,22.364,17.813,15.405,10.403,10.411
20241115183241.9,993.99600662291,39.708,22.356,17.811,15.401,10.395,10.395
20241115183242.4,994.469007477164,39.642,22.335,17.805,15.399,10.391,10.417
20241115183242.9,994.934001937509,39.656,22.333,17.779,15.379,10.399,10.413
20241115183243.4,995.402003824711,39.679,22.319,17.777,15.385,10.417,10.395
20241115183243.8,995.863005146384,39.663,22.288,17.755,15.395,10.421,10.379
20241115183244.3,996.339999139309,39.704,22.298,17.751,15.401,10.397,10.393
20241115183244.8,996.820000559092,39.656,22.284,17.737,15.367,10.391,10.413
20241115183245.2,997.288998216391,39.685,22.294,17.751,15.365,10.397,10.405
20241115183245.7,997.754002735019,39.687,22.284,17.71,15.361,10.397,10.403
20241115183246.2,998.231006786227,39.654,22.272,17.731,15.347,10.393,10.395
20241115183246.7,998.698998615146,39.659,22.264,17.704,15.359,10.403,10.425
20241115183247.1,999.168006330729,39.657,22.251,17.725,15.365,10.387,10.399
20241115183247.6,999.641007184982,39.688,22.257,17.735,15.359,10.403,10.407
20241115183248.1,1000.11300221086,39.708,22.268,17.725,15.349,10.395,10.401
20241115183248.5,1000.58600306511,39.739,22.266,17.715,15.353,10.393,10.407
20241115183249,1001.05500072241,39.857,22.29,17.739,15.353,10.395,10.391
20241115183249.5,1001.52000524104,39.93,22.292,17.739,15.377,10.415,10.395
20241115183249.9,1001.98800712824,39.998,22.325,17.765,15.379,10.413,10.403
20241115183250.4,1002.45700478554,40.066,22.331,17.779,15.345,10.399,10.409
20241115183250.9,1002.93000563979,40.099,22.362,17.771,15.389,10.401,10.393
20241115183251.4,1003.39900329709,40.201,22.372,17.771,15.391,10.407,10.409
20241115183251.8,1003.86700518429,40.296,22.384,17.801,15.377,10.403,10.423
20241115183252.3,1004.34000603855,40.318,22.415,17.801,15.401,10.393,10.407
20241115183252.8,1004.8130068928,40.341,22.411,17.803,15.403,10.411,10.397
20241115183253.2,1005.28500191867,40.391,22.429,17.809,15.373,10.409,10.421
20241115183253.7,1005.7500064373,40.387,22.419,17.783,15.393,10.387,10.387
20241115183254.2,1006.2190040946,40.407,22.419,17.789,15.391,10.405,10.399
20241115183254.6,1006.6880017519,40.383,22.439,17.777,15.403,10.409,10.395
20241115183255.1,1007.16800317168,40.407,22.403,17.787,15.373,10.403,10.391
20241115183255.6,1007.63700082898,40.383,22.413,17.763,15.375,10.403,10.413
20241115183256.1,1008.10599848628,40.345,22.407,17.757,15.357,10.397,10.417
20241115183256.5,1008.59400629997,40.382,22.405,17.783,15.389,10.409,10.393
20241115183257,1009.05900076032,40.422,22.429,17.787,15.389,10.399,10.409
20241115183257.5,1009.52400527894,40.542,22.423,17.809,15.397,10.401,10.405
20241115183257.9,1009.99200716615,40.66,22.474,17.836,15.405,10.397,10.405
20241115183258.4,1010.46499796212,40.736,22.486,17.848,15.409,10.419,10.409
20241115183258.9,1010.9340056777,40.778,22.49,17.836,15.422,10.405,10.409
20241115183259.4,1011.4020075649,40.815,22.515,17.848,15.45,10.411,10.399
20241115183259.8,1011.8710052222,40.862,22.548,17.874,15.428,10.397,10.393
20241115183300.3,1012.34799921513,40.885,22.544,17.872,15.434,10.399,10.395
20241115183300.8,1012.81700693071,40.956,22.566,17.872,15.42,10.411,10.397
20241115183301.2,1013.28499875963,40.993,22.59,17.888,15.434,10.407,10.411
20241115183301.7,1013.75799961388,41.067,22.599,17.888,15.444,10.417,10.409
20241115183302.2,1014.22300413251,41.142,22.615,17.906,15.434,10.393,10.419
20241115183302.6,1014.69200178981,41.204,22.633,17.919,15.44,10.413,10.403
20241115183303.1,1015.15600048006,41.299,22.662,17.935,15.464,10.403,10.417
20241115183303.6,1015.64100086689,41.369,22.682,17.945,15.466,10.401,10.401
20241115183304.1,1016.11300595105,41.44,22.703,17.969,15.482,10.399,10.401
20241115183304.5,1016.57800041139,41.555,22.727,17.963,15.484,10.395,10.413
20241115183305,1017.04699806869,41.632,22.766,17.993,15.506,10.409,10.401
20241115183305.5,1017.51600578427,41.758,22.778,18.018,15.498,10.407,10.393
20241115183305.9,1017.98500344157,41.853,22.819,18.03,15.496,10.387,10.401
20241115183306.4,1018.46899800003,41.967,22.85,18.04,15.513,10.401,10.429
20241115183306.9,1018.94199885428,42.058,22.873,18.068,15.521,10.399,10.423
20241115183307.4,1019.42600347102,42.083,22.889,18.042,15.535,10.409,10.389
20241115183307.8,1019.89500112832,42.118,22.891,18.072,15.521,10.401,10.415
20241115183308.3,1020.36700621247,42.252,22.954,18.066,15.515,10.389,10.411
20241115183308.8,1020.83600386977,42.312,22.962,18.117,15.553,10.401,10.407
20241115183309.3,1021.30900472403,42.397,22.985,18.115,15.559,10.423,10.393
20241115183309.7,1021.77700661123,42.484,23.003,18.127,15.577,10.407,10.407
20241115183310.2,1022.24200107157,42.497,23.013,18.113,15.561,10.417,10.401
20241115183310.7,1022.71099872887,42.55,23.005,18.133,15.565,10.403,10.411
20241115183311.1,1023.18000644445,42.573,23.022,18.137,15.591,10.407,10.399
20241115183311.6,1023.64900410175,42.586,23.052,18.137,15.559,10.385,10.425
20241115183312.1,1024.12900552154,42.625,23.05,18.127,15.579,10.403,10.405
20241115183312.6,1024.59800317883,42.662,23.069,18.157,15.581,10.397,10.401
20241115183313,1025.06700083613,42.753,23.101,18.179,15.607,10.399,10.405
20241115183313.5,1025.53500272334,42.858,23.118,18.181,15.618,10.423,10.377
20241115183314,1026.00000724196,42.962,23.13,18.181,15.603,10.413,10.401
20241115183314.4,1026.46900489926,43.103,23.165,18.209,15.634,10.407,10.413
20241115183314.9,1026.93800255656,43.198,23.189,18.232,15.644,10.423,10.405
20241115183315.4,1027.40200124681,43.295,23.236,18.248,15.66,10.413,10.407
20241115183315.8,1027.87900529802,43.374,23.246,18.264,15.648,10.395,10.393
20241115183316.3,1028.34800295532,43.452,23.279,18.246,15.656,10.413,10.409
20241115183316.8,1028.81999798119,43.529,23.291,18.248,15.658,10.395,10.405
20241115183317.3,1029.30499836802,43.605,23.287,18.268,15.65,10.399,10.403
20241115183317.7,1029.77400608361,43.734,23.293,18.262,15.646,10.385,10.405
20241115183318.2,1030.24600110948,43.787,23.295,18.252,15.636,10.397,10.399
20241115183318.7,1030.75000159442,43.758,23.291,18.224,15.656,10.413,10.395
20241115183319.2,1031.21899925172,43.777,23.277,18.214,15.62,10.405,10.407
20241115183319.7,1031.69900067151,43.758,23.224,18.213,15.616,10.393,10.407
20241115183320.1,1032.1679983288,43.825,23.242,18.207,15.62,10.389,10.393
20241115183320.6,1032.64099918306,43.947,23.248,18.209,15.622,10.393,10.403
20241115183321.1,1033.11699740589,43.949,23.267,18.207,15.632,10.395,10.393
20241115183321.5,1033.58999826014,43.944,23.253,18.209,15.618,10.399,10.409
20241115183322,1034.05900597572,44.042,23.285,18.214,15.624,10.393,10.405
20241115183322.5,1034.5200072974,44.127,23.293,18.24,15.632,10.403,10.403
20241115183322.9,1034.99200232327,44.193,23.308,18.232,15.652,10.393,10.393
20241115183323.4,1035.46500317752,44.259,23.31,18.24,15.648,10.409,10.393
20241115183323.9,1035.93400083482,44.352,23.357,18.27,15.644,10.407,10.397
20241115183324.4,1036.40200272202,44.333,23.347,18.276,15.646,10.403,10.399
20241115183324.8,1036.88700310886,44.3,23.346,18.246,15.654,10.403,10.407
20241115183325.3,1037.35600076616,44.373,23.322,18.252,15.644,10.387,10.411
20241115183325.8,1037.82400265336,44.406,23.363,18.234,15.644,10.405,10.407
20241115183326.2,1038.29300031066,44.393,23.349,18.236,15.642,10.399,10.393
20241115183326.7,1038.77399750054,44.416,23.357,18.236,15.644,10.401,10.411
20241115183327.2,1039.23800624907,44.428,23.365,18.248,15.644,10.385,10.411
20241115183327.7,1039.71100710332,44.491,23.363,18.248,15.65,10.391,10.403
20241115183328.1,1040.17600156367,44.58,23.385,18.268,15.662,10.383,10.381
20241115183328.6,1040.64499922097,44.714,23.428,18.28,15.674,10.393,10.405
20241115183329.1,1041.11700430512,44.811,23.451,18.298,15.664,10.391,10.391
20241115183329.6,1041.598001495,44.917,23.49,18.325,15.668,10.383,10.391
20241115183330,1042.07800291479,44.977,23.494,18.331,15.682,10.377,10.401
20241115183330.5,1042.55100376904,45.024,23.522,18.333,15.694,10.391,10.395
20241115183331,1043.02000142634,45.088,23.522,18.331,15.68,10.399,10.419
20241115183331.4,1043.4920065105,45.204,23.539,18.351,15.694,10.401,10.397
20241115183331.9,1043.9610041678,45.31,23.577,18.375,15.727,10.399,10.415
20241115183332.4,1044.43400502205,45.392,23.596,18.407,15.713,10.385,10.395
20241115183332.9,1044.90600004792,45.442,23.6,18.381,15.708,10.399,10.415
20241115183333.3,1045.37499770522,45.5,23.63,18.387,15.725,10.389,10.407
20241115183333.8,1045.8440054208,45.597,23.643,18.409,15.731,10.387,10.389
20241115183334.3,1046.30899988115,45.668,23.647,18.418,15.708,10.407,10.401
20241115183334.7,1046.78100496531,45.806,23.684,18.434,15.729,10.397,10.399
20241115183335.2,1047.2500026226,45.876,23.7,18.424,15.745,10.387,10.409
20241115183335.7,1047.72300347686,45.941,23.731,18.432,15.727,10.401,10.385
20241115183336.1,1048.1879979372,46.085,23.755,18.452,15.745,10.405,10.401
20241115183336.6,1048.6559998244,46.15,23.773,18.472,15.751,10.389,10.411
20241115183337.1,1049.1249974817,46.201,23.808,18.47,15.763,10.409,10.401
20241115183337.5,1049.59000200033,46.282,23.806,18.494,15.771,10.393,10.401
20241115183338,1050.06300285459,46.323,23.818,18.51,15.769,10.403,10.407
20241115183338.5,1050.53900107741,46.365,23.841,18.508,15.785,10.405,10.403
20241115183339,1051.01600512862,46.46,23.831,18.49,15.795,10.385,10.399
20241115183339.4,1051.4880001545,46.557,23.861,18.508,15.783,10.401,10.417
20241115183339.9,1051.96100100875,46.586,23.851,18.496,15.777,10.409,10.389
20241115183340.4,1052.434001863,46.592,23.831,18.525,15.781,10.401,10.407
20241115183340.9,1052.90200375021,46.652,23.863,18.508,15.791,10.393,10.411
20241115183341.3,1053.3710014075,46.747,23.861,18.5,15.789,10.383,10.395
20241115183341.8,1053.83600592613,46.803,23.872,18.494,15.755,10.391,10.413
20241115183342.3,1054.30500358343,46.857,23.878,18.486,15.783,10.385,10.391
20241115183342.7,1054.77400124073,46.913,23.87,18.514,15.781,10.421,10.393
20241115183343.2,1055.24600632489,46.95,23.89,18.514,15.803,10.397,10.395
20241115183343.7,1055.73100671172,46.991,23.874,18.494,15.787,10.395,10.415
20241115183344.2,1056.20300173759,47.018,23.88,18.521,15.795,10.393,10.387
20241115183344.6,1056.67600259185,47.12,23.892,18.51,15.781,10.395,10.401
20241115183345.1,1057.14500024915,47.209,23.906,18.525,15.799,10.399,10.397
20241115183345.6,1057.6170053333,47.293,23.941,18.519,15.809,10.407,10.407
20241115183346,1058.0860029906,47.36,23.921,18.539,15.816,10.391,10.413
20241115183346.5,1058.55900384486,47.432,23.945,18.519,15.787,10.401,10.407
20241115183347,1059.02700573206,47.453,23.929,18.523,15.799,10.403,10.413
20241115183347.4,1059.4920001924,47.533,23.939,18.525,15.809,10.407,10.395
20241115183347.9,1059.9609978497,47.641,23.943,18.561,15.793,10.389,10.399
20241115183348.4,1060.43000556529,47.757,23.982,18.551,15.816,10.403,10.409
20241115183348.9,1060.90200059116,47.763,23.978,18.543,15.803,10.385,10.407
20241115183349.3,1061.36700510979,47.806,23.986,18.537,15.807,10.405,10.381
20241115183349.8,1061.84800229967,47.858,23.982,18.535,15.793,10.387,10.397
20241115183350.3,1062.31699995697,47.902,23.974,18.543,15.799,10.435,10.403
20241115183350.7,1062.78500184417,47.935,23.992,18.531,15.828,10.383,10.399
20241115183351.2,1063.2500063628,49.974,24,18.561,15.799,10.409,10.409
20241115183351.7,1063.71900402009,49.573,23.998,18.547,15.807,10.391,10.403
20241115183352.1,1064.18800167739,49.247,24.017,18.565,15.814,10.415,10.403
20241115183352.6,1064.6560035646,49.128,24.033,18.579,15.838,10.401,10.405
20241115183353.1,1065.13700075448,49.103,24.058,18.616,15.852,10.389,10.413
20241115183353.6,1065.60599841177,49.151,24.084,18.611,15.838,10.389,10.397
20241115183354,1066.07400029898,49.153,24.105,18.611,15.83,10.391,10.415
20241115183354.5,1066.53900481761,49.131,24.1,18.618,15.852,10.405,10.401
20241115183355,1067.01200567186,49.149,24.1,18.603,15.85,10.395,10.399
20241115183355.4,1067.4770001322,49.168,24.103,18.624,15.86,10.393,10.397
20241115183355.9,1067.94500201941,49.239,24.103,18.64,15.842,10.411,10.407
20241115183356.4,1068.4139996767,49.377,24.156,18.662,15.864,10.393,10.411
20241115183356.8,1068.88700053096,49.559,24.178,18.668,15.862,10.413,10.413
20241115183357.3,1069.35599818826,49.649,24.233,18.682,15.88,10.397,10.391
20241115183357.8,1069.82400007546,49.713,24.223,18.704,15.87,10.389,10.383
20241115183358.2,1070.29299773276,49.807,24.245,18.698,15.866,10.381,10.387
20241115183358.7,1070.76200544834,49.868,24.264,18.692,15.874,10.411,10.397
20241115183359.2,1071.22699990869,49.895,24.254,18.68,15.878,10.393,10.389
20241115183359.7,1071.71100452542,49.929,24.235,18.67,15.886,10.391,10.405
20241115183400.1,1072.18000218272,50.077,24.268,18.674,15.886,10.389,10.393
20241115183400.6,1072.65200726688,50.252,24.286,18.676,15.886,10.383,10.387
20241115183401.1,1073.13300445676,50.367,24.284,18.696,15.888,10.407,10.409
20241115183401.6,1073.60600531101,50.513,24.319,18.68,15.902,10.381,10.401
20241115183402,1074.07400719821,50.568,24.325,18.694,15.896,10.397,10.387
20241115183402.5,1074.55500438809,50.622,24.337,18.692,15.886,10.375,10.387
20241115183403,1075.02400204539,50.672,24.34,18.706,15.882,10.399,10.409
20241115183403.4,1075.4920039326,50.756,24.348,18.71,15.906,10.403,10.407
20241115183403.9,1075.96100158989,50.779,24.344,18.714,15.886,10.415,10.405
20241115183404.4,1076.43400244415,50.808,24.331,18.714,15.884,10.409,10.409
20241115183404.9,1076.90200433135,50.871,24.346,18.708,15.902,10.403,10.391
20241115183405.3,1077.37100198865,50.952,24.35,18.737,15.904,10.421,10.409
20241115183405.8,1077.83999964595,51.065,24.386,18.733,15.902,10.399,10.397
20241115183406.3,1078.32000106573,51.109,24.388,18.714,15.906,10.393,10.413
20241115183406.7,1078.78899872303,51.186,24.36,18.719,15.904,10.399,10.413
20241115183407.2,1079.25800643861,51.266,24.36,18.721,15.892,10.393,10.399
20241115183407.7,1079.73799780011,51.299,24.366,18.727,15.88,10.409,10.387
20241115183408.2,1080.20300231874,51.381,24.37,18.719,15.888,10.387,10.397
20241115183408.6,1080.67600317299,51.435,24.352,18.723,15.915,10.403,10.405
20241115183409.1,1081.14500083029,51.5,24.378,18.719,15.919,10.389,10.407
20241115183409.6,1081.61000534892,51.533,24.386,18.716,15.915,10.389,10.403
20241115183410,1082.08200037479,51.608,24.372,18.731,15.908,10.405,10.393
20241115183410.5,1082.55099803209,51.683,24.378,18.723,15.908,10.395,10.407
20241115183411,1083.02000574768,51.905,24.425,18.759,15.939,10.383,10.415
20241115183411.4,1083.48799757659,52.131,24.433,18.775,15.917,10.397,10.407
20241115183411.9,1083.96900482476,52.289,24.468,18.811,15.961,10.397,10.405
20241115183412.4,1084.45299938321,52.413,24.497,18.822,15.953,10.399,10.407
20241115183412.9,1084.92200709879,52.538,24.511,18.826,15.967,10.381,10.399
20241115183413.3,1085.38700155914,52.665,24.54,18.844,15.979,10.371,10.417
20241115183413.8,1085.85599921644,52.812,24.552,18.882,15.963,10.415,10.409
20241115183414.3,1086.32400110364,52.975,24.597,18.862,15.981,10.391,10.395
20241115183414.7,1086.79299876094,53.146,24.599,18.868,15.987,10.391,10.401
20241115183415.2,1087.2740060091,53.294,24.621,18.878,15.999,10.419,10.407
20241115183415.7,1087.74199783802,53.47,24.636,18.902,15.997,10.395,10.405
20241115183416.2,1088.2110055536,53.635,24.67,18.915,15.995,10.407,10.407
20241115183416.6,1088.6800032109,53.775,24.697,18.933,16.014,10.399,10.407
20241115183417.1,1089.1490008682,53.919,24.699,18.937,16.024,10.399,10.399
20241115183417.6,1089.6170027554,54.092,24.736,18.941,16.038,10.391,10.403
20241115183418.1,1090.09799994528,54.218,24.746,18.937,16.042,10.389,10.385
20241115183418.5,1090.58599770069,54.416,24.773,18.931,16.022,10.401,10.395
20241115183419,1091.06700494885,54.587,24.781,18.951,16.038,10.413,10.397
20241115183419.5,1091.55099950731,54.773,24.805,18.961,16.024,10.391,10.393
20241115183420,1092.02400036156,54.878,24.816,18.957,16.026,10.407,10.401
20241115183420.4,1092.49200224876,55.026,24.82,18.981,16.072,10.405,10.393
20241115183420.9,1092.96099990606,55.195,24.858,18.985,16.04,10.401,10.399
20241115183421.4,1093.42999756336,55.366,24.869,18.997,16.054,10.399,10.403
20241115183421.9,1093.90200264752,55.504,24.867,18.997,16.064,10.401,10.399
20241115183422.3,1094.38700303435,55.671,24.887,19.016,16.048,10.401,10.405
20241115183422.8,1094.86700445414,55.816,24.916,19.034,16.062,10.407,10.401
20241115183423.3,1095.33600211143,56.025,24.936,19.048,16.094,10.397,10.407
20241115183423.8,1095.82000672817,56.24,24.985,19.072,16.1,10.399,10.409
20241115183424.2,1096.29299752414,56.467,25.026,19.084,16.096,10.385,10.395
20241115183424.7,1096.75800204277,56.679,25.051,19.096,16.117,10.409,10.393
20241115183425.2,1097.22699970007,56.927,25.075,19.102,16.102,10.405,10.413
20241115183425.7,1097.69900478423,57.115,25.095,19.139,16.117,10.413,10.389
20241115183426.1,1098.16399924457,57.343,25.118,19.145,16.135,10.397,10.399
20241115183426.6,1098.6489996314,57.562,25.149,19.169,16.133,10.391,10.383
20241115183427.1,1099.11700151861,57.744,25.173,19.165,16.141,10.403,10.411
20241115183427.6,1099.60200190544,57.878,25.187,19.165,16.133,10.401,10.399
20241115183428,1100.0740069896,58.064,25.191,19.185,16.137,10.389,10.413
20241115183428.5,1100.53900144994,58.229,25.222,19.173,16.149,10.401,10.389
20241115183429,1101.0120023042,58.463,25.238,19.191,16.165,10.405,10.391
20241115183429.4,1101.48500315845,58.655,25.253,19.213,16.187,10.399,10.405
20241115183429.9,1101.95699818432,58.859,25.286,19.215,16.185,10.407,10.403
20241115183430.4,1102.44199857116,59.094,25.306,19.232,16.179,10.415,10.395
20241115183430.9,1102.9059972614,59.296,25.343,19.262,16.203,10.397,10.411
20241115183431.3,1103.37500497699,59.511,25.365,19.274,16.209,10.397,10.397
20241115183431.8,1103.84400263429,59.81,25.398,19.29,16.212,10.387,10.403
20241115183432.3,1104.31300029159,60.094,25.433,19.284,16.222,10.381,10.409
20241115183432.7,1104.78500537574,60.366,25.461,19.319,16.234,10.393,10.417
20241115183433.2,1105.25800623,60.623,25.516,19.353,16.246,10.403,10.389
20241115183433.7,1105.7379975915,60.823,25.508,19.351,16.256,10.387,10.389
20241115183434.2,1106.20700530708,60.995,25.531,19.337,16.278,10.399,10.409
20241115183434.6,1106.67600296438,61.174,25.541,19.347,16.258,10.401,10.401
20241115183435.1,1107.14900381863,61.415,25.584,19.349,16.258,10.401,10.407
20241115183435.6,1107.63299837708,61.709,25.57,19.395,16.286,10.423,10.403
20241115183436.1,1108.10200609267,62.033,25.637,19.389,16.29,10.403,10.421
20241115183436.5,1108.58600065112,62.359,25.674,19.413,16.3,10.411,10.387
20241115183437,1109.05900150537,62.644,25.688,19.426,16.292,10.409,10.409
20241115183437.5,1109.52700339258,62.873,25.706,19.432,16.323,10.391,10.415
20241115183438,1110.01200377941,63.123,25.704,19.43,16.328,10.402,10.418
20241115183438.4,1110.48500463367,63.378,25.734,19.445,16.34,10.4,10.412
20241115183438.9,1110.95300652087,63.624,25.756,19.449,16.33,10.404,10.402
20241115183439.4,1111.4380069077,63.861,25.767,19.463,16.348,10.408,10.414
20241115183439.9,1111.90599873662,64.113,25.781,19.453,16.342,10.412,10.398
20241115183440.3,1112.3750064522,64.308,25.77,19.44,16.341,10.381,10.387
20241115183440.8,1112.85600364208,64.526,25.76,19.45,16.335,10.393,10.401
20241115183441.3,1113.32400552928,64.779,25.79,19.454,16.347,10.413,10.403
20241115183441.8,1113.79700638354,65.066,25.811,19.46,16.333,10.391,10.403
20241115183442.2,1114.26600404084,65.323,25.819,19.476,16.349,10.399,10.403
20241115183442.7,1114.74600546062,65.571,25.841,19.488,16.345,10.403,10.405
20241115183443.2,1115.21900631487,65.823,25.851,19.482,16.345,10.402,10.422
20241115183443.7,1115.70300087333,66.185,25.846,19.523,16.38,10.424,10.426
20241115183444.1,1116.17199853063,66.462,25.863,19.507,16.372,10.418,10.418
20241115183444.6,1116.63700304925,66.706,25.873,19.513,16.368,10.386,10.41
20241115183445.1,1117.10600070655,67.036,25.91,19.54,16.35,10.396,10.404
20241115183445.5,1117.58600212634,67.397,25.924,19.54,16.382,10.392,10.39
20241115183446,1118.05499978364,67.716,25.938,19.544,16.39,10.382,10.414
20241115183446.5,1118.52399744093,68.054,25.983,19.582,16.42,10.384,10.418
20241115183446.9,1118.99199932814,68.391,25.987,19.568,16.408,10.412,10.412
20241115183447.4,1119.4730065763,68.691,25.991,19.558,16.41,10.394,10.418
20241115183447.9,1119.9420042336,69.017,25.981,19.57,16.396,10.402,10.41
20241115183448.4,1120.4100061208,69.33,25.985,19.572,16.412,10.392,10.406
20241115183448.8,1120.8790037781,69.716,25.995,19.6,16.402,10.42,10.41
20241115183449.3,1121.35200463235,70.037,26.006,19.572,16.392,10.4,10.4
20241115183449.8,1121.8169990927,70.371,26.01,19.58,16.388,10.406,10.398
20241115183450.2,1122.29299731553,70.659,26.008,19.57,16.402,10.398,10.41
20241115183450.7,1122.76599816978,71.014,26.028,19.592,16.386,10.396,10.406
20241115183451.2,1123.23800325394,71.361,26.055,19.59,16.396,10.398,10.4
20241115183451.7,1123.70299771428,71.716,26.059,19.566,16.404,10.393,10.403
20241115183452.1,1124.17599856853,72.114,26.052,19.599,16.381,10.387,10.395
20241115183452.6,1124.66000318527,72.509,26.052,19.607,16.403,10.381,10.397
20241115183453.1,1125.12900084257,72.904,26.08,19.605,16.416,10.391,10.385
20241115183453.5,1125.5940053612,73.442,26.086,19.603,16.393,10.403,10.401
20241115183454,1126.0630030185,73.833,26.099,19.62,16.414,10.385,10.393
20241115183454.5,1126.53900124133,74.283,26.115,19.632,16.432,10.393,10.375
20241115183455,1127.02400162816,74.794,26.123,19.63,16.436,10.389,10.387
20241115183455.4,1127.49600671232,75.216,26.152,19.66,16.434,10.377,10.399
20241115183455.9,1127.96900756657,75.692,26.189,19.66,16.442,10.381,10.387
20241115183456.4,1128.44199836254,76.165,26.217,19.696,16.47,10.375,10.419
20241115183456.9,1128.91000024974,76.72,26.246,19.714,16.462,10.379,10.379
20241115183457.3,1129.37899790704,77.235,26.285,19.725,16.512,10.403,10.391
20241115183457.8,1129.86000515521,77.786,26.338,19.749,16.525,10.385,10.375
20241115183458.3,1130.32400384545,78.494,26.373,19.775,16.504,10.393,10.393
20241115183458.8,1130.79700469971,79.432,26.387,19.785,16.517,10.387,10.393
20241115183459.2,1131.26600235701,79.819,26.405,19.801,16.517,10.36,10.397
20241115183459.7,1131.75000697374,80.296,26.401,19.811,16.517,10.389,10.391
20241115183500.2,1132.21900463104,80.813,26.426,19.813,16.533,10.379,10.399
20241115183500.7,1132.69900605083,81.32,26.426,19.82,16.551,10.389,10.379
20241115183501.1,1133.16800370812,81.929,26.448,19.809,16.531,10.399,10.393
20241115183501.6,1133.64100456238,82.476,26.483,19.834,16.545,10.385,10.411
20241115183502.1,1134.11000221968,83.048,26.479,19.838,16.547,10.387,10.385
20241115183502.5,1134.57800410688,83.574,26.516,19.833,16.578,10.4,10.4
20241115183503,1135.05100496113,84.129,26.523,19.867,16.586,10.382,10.386
20241115183503.5,1135.52000261843,84.813,26.549,19.863,16.578,10.372,10.394
20241115183504,1136.00000403821,85.527,26.574,19.865,16.574,10.388,10.39
20241115183504.4,1136.49599812925,86.23,26.6,19.881,16.592,10.394,10.412
20241115183504.9,1136.97700537741,87.066,26.625,19.917,16.604,10.39,10.4
20241115183505.4,1137.4770026654,87.886,26.659,19.915,16.61,10.39,10.38
20241115183505.9,1137.94200718403,88.592,26.7,19.927,16.616,10.398,10.4
20241115183506.4,1138.4140022099,89.298,26.7,19.936,16.623,10.388,10.402
20241115183506.9,1138.89900259674,89.967,26.717,19.982,16.631,10.378,10.402
20241115183507.3,1139.36300128698,90.818,26.764,19.992,16.631,10.392,10.396
20241115183507.8,1139.83199894428,91.677,26.794,19.996,16.649,10.4,10.39
20241115183508.3,1140.30100665987,92.413,26.784,19.986,16.645,10.4,10.394
20241115183508.7,1140.78500121832,93.077,26.768,19.978,16.631,10.394,10.4
20241115183509.2,1141.25399887562,93.838,26.778,19.988,16.643,10.398,10.414
20241115183509.7,1141.7230065912,94.549,26.774,19.978,16.649,10.404,10.416
20241115183510.1,1142.1920042485,95.38,26.768,19.95,16.633,10.384,10.396
20241115183510.6,1142.65600293875,96.294,26.784,19.972,16.625,10.382,10.392
20241115183511.1,1143.14100332558,97.303,26.779,19.965,16.63,10.385,10.387
20241115183511.6,1143.62100474536,98.257,26.773,19.977,16.66,10.383,10.395
20241115183512,1144.09400559962,99.197,26.809,19.974,16.649,10.384,10.396
20241115183512.5,1144.55900005996,100.283,26.833,19.992,16.657,10.39,10.41
20241115183513,1145.0430046767,101.212,26.821,19.988,16.653,10.386,10.434
20241115183513.5,1145.50799913704,102.104,26.86,20.024,16.649,10.382,10.412
20241115183513.9,1145.97700685263,103.108,26.872,20.031,16.657,10.386,10.392
20241115183514.4,1146.44200131297,104.224,26.876,20.024,16.683,10.398,10.39
20241115183514.9,1146.92600592971,105.374,26.892,20.057,16.667,10.392,10.394
20241115183515.3,1147.39500358701,106.416,26.914,20.048,16.686,10.389,10.397
20241115183515.8,1147.85999804735,107.581,26.91,20.032,16.666,10.381,10.391
20241115183516.3,1148.32799993455,108.747,26.924,20.028,16.664,10.387,10.391
20241115183516.8,1148.80100078881,109.689,26.949,20.048,16.67,10.383,10.385
20241115183517.2,1149.28500540555,110.899,26.93,20.022,16.664,10.391,10.385
20241115183517.7,1149.7580062598,112.32,26.963,20.056,16.674,10.375,10.395
20241115183518.2,1150.2270039171,113.783,26.955,20.054,16.69,10.383,10.389
20241115183518.7,1150.70700533688,115.117,26.981,20.058,16.678,10.36,10.389
20241115183519.1,1151.18800252676,116.373,26.987,20.062,16.686,10.373,10.365
20241115183519.6,1151.65600441396,117.758,26.979,20.026,16.666,10.387,10.403
20241115183520.1,1152.13700160384,119.114,26.981,20.04,16.68,10.373,10.395
20241115183520.6,1152.60599926114,120.609,26.993,20.039,16.685,10.392,10.406
20241115183521,1153.07400114834,121.877,27.017,20.047,16.683,10.386,10.406
20241115183521.5,1153.5470020026,123.458,27.023,20.057,16.683,10.382,10.4
20241115183522,1154.04300615191,124.938,27.009,20.065,16.693,10.384,10.386
20241115183522.5,1154.51600700617,126.363,27.013,20.035,16.681,10.39,10.408
20241115183522.9,1154.98800203204,127.748,26.978,20.027,16.669,10.396,10.39
20241115183523.4,1155.47300241888,129.321,26.986,20.018,16.673,10.392,10.402
20241115183523.9,1155.9490006417,130.707,26.968,19.99,16.645,10.394,10.404
20241115183524.4,1156.417998299,132.282,26.931,19.99,16.651,10.378,10.402
20241115183524.8,1156.89099915326,133.674,26.916,19.973,16.654,10.385,10.389
20241115183525.3,1157.36300423741,135.202,26.916,19.961,16.648,10.381,10.401
20241115183525.8,1157.84800462425,136.785,26.92,19.981,16.64,10.358,10.397
20241115183526.3,1158.31299908459,138.563,26.916,19.969,16.646,10.385,10.385
20241115183526.8,1158.80100689828,140.254,26.934,19.976,16.639,10.416,10.416
20241115183527.2,1159.26600135863,141.988,26.929,19.986,16.655,10.39,10.406
20241115183527.7,1159.73499901593,143.735,26.943,19.98,16.641,10.398,10.408
20241115183528.2,1160.20300090313,145.299,26.933,19.976,16.641,10.404,10.392
20241115183528.6,1160.66800542176,147.114,26.95,19.978,16.641,10.386,10.394
20241115183529.1,1161.15199998021,148.961,26.911,19.976,16.649,10.402,10.396
20241115183529.6,1161.62099763751,150.859,26.958,19.968,16.653,10.37,10.39
20241115183530,1162.09000535309,152.577,26.95,19.984,16.641,10.382,10.374
20241115183530.5,1162.56300620735,154.394,26.96,19.98,16.649,10.366,10.4
20241115183531,1163.03900443017,156.119,26.95,19.982,16.653,10.374,10.39
20241115183531.5,1163.52000162005,157.928,26.962,19.966,16.641,10.384,10.39
20241115183532,1164.00400623679,159.579,26.956,20,16.641,10.39,10.372
20241115183532.4,1164.48800079525,161.535,26.958,19.976,16.641,10.378,10.396
20241115183532.9,1164.9610016495,163.568,26.974,19.974,16.645,10.364,10.406
20241115183533.4,1165.42600616813,165.491,26.958,19.97,16.645,10.38,10.398
20241115183533.8,1165.89500382543,167.219,26.968,20.006,16.659,10.388,10.386
20241115183534.3,1166.36300571263,169.425,26.986,20.01,16.645,10.374,10.392
20241115183534.8,1166.84400290251,171.544,27.023,20.014,16.659,10.384,10.396
20241115183535.3,1167.30900742114,173.592,27.037,20.033,16.669,10.374,10.398
20241115183535.7,1167.77699925005,175.653,27.046,20.031,16.665,10.368,10.406
20241115183536.2,1168.26199963689,177.728,27.068,20.035,16.685,10.394,10.388
20241115183536.7,1168.74200105667,180.039,27.117,20.069,16.693,10.378,10.386
20241115183537.2,1169.2070055753,182.104,27.131,20.077,16.681,10.388,10.38
20241115183537.6,1169.68000642955,184.127,27.168,20.065,16.673,10.39,10.402
20241115183538.1,1170.18000371754,186.44,27.193,20.077,16.703,10.362,10.386
20241115183538.6,1170.64499817789,188.693,27.187,20.081,16.675,10.374,10.406
20241115183539.1,1171.12499959767,191.086,27.217,20.083,16.685,10.394,10.402
20241115183539.5,1171.59399725497,193.25,27.217,20.091,16.685,10.382,10.382
20241115183540,1172.0590017736,195.278,27.252,20.125,16.677,10.384,10.406
20241115183540.5,1172.53900319338,197.717,27.293,20.097,16.701,10.376,10.396
20241115183541,1173.02000038326,200.292,27.313,20.134,16.713,10.38,10.388
20241115183541.4,1173.48800227046,202.294,27.366,20.13,16.713,10.382,10.382
20241115183541.9,1173.95699992776,204.504,27.35,20.152,16.717,10.376,10.404
20241115183542.4,1174.42200444639,206.653,27.385,20.17,16.732,10.364,10.4
20241115183542.8,1174.89500530064,208.635,27.391,20.174,16.744,10.388,10.396
20241115183543.3,1175.37500672042,210.741,27.395,20.154,16.746,10.396,10.416
20241115183543.8,1175.84800757468,213.232,27.385,20.17,16.74,10.366,10.388
20241115183544.3,1176.31700523198,215.53,27.385,20.158,16.726,10.372,10.392
20241115183544.7,1176.78100392222,217.854,27.381,20.154,16.726,10.374,10.394
20241115183545.2,1177.25799791515,220.198,27.413,20.15,16.736,10.372,10.394
20241115183545.7,1177.7309987694,222.48,27.438,20.166,16.734,10.372,10.412
20241115183546.2,1178.21100018919,224.891,27.487,20.188,16.744,10.39,10.376
20241115183546.6,1178.67999784648,227.01,27.495,20.168,16.744,10.38,10.39
20241115183547.1,1179.14900556207,229.352,27.522,20.19,16.75,10.39,10.404
20241115183547.6,1179.63300012052,231.414,27.53,20.186,16.764,10.364,10.39
20241115183548.1,1180.10199777782,233.751,27.503,20.17,16.742,10.392,10.404
20241115183548.5,1180.57400286198,235.708,27.507,20.166,16.734,10.374,10.386
20241115183549,1181.04700371623,237.892,27.489,20.18,16.744,10.386,10.388
20241115183549.5,1181.52700513601,240.125,27.501,20.166,16.756,10.39,10.402
20241115183550,1182.01200552285,242.259,27.517,20.178,16.76,10.386,10.386
20241115183550.4,1182.49200694263,244.568,27.522,20.172,16.756,10.39,10.388
20241115183550.9,1182.97699727118,247.433,27.509,20.172,16.744,10.378,10.416
20241115183551.4,1183.44200178981,249.321,27.52,20.188,16.766,10.376,10.394
20241115183551.9,1183.92600640655,251.669,27.54,20.202,16.776,10.384,10.42
20241115183552.3,1184.39500406384,253.78,27.552,20.218,16.758,10.408,10.402
20241115183552.8,1184.86300595105,256.19,27.515,20.19,16.758,10.376,10.396
20241115183553.3,1185.33200360835,258.717,27.556,20.18,16.746,10.374,10.406
20241115183553.8,1185.8050044626,261.243,27.566,20.196,16.754,10.388,10.402
20241115183554.2,1186.26999892294,263.944,27.579,20.238,16.762,10.386,10.404
20241115183554.7,1186.73800081015,266.237,27.605,20.247,16.752,10.38,10.4
20241115183555.2,1187.20699846745,268.841,27.62,20.236,16.756,10.384,10.416
20241115183555.6,1187.67600618303,270.979,27.636,20.236,16.772,10.4,10.4
20241115183556.1,1188.14500384033,273.464,27.64,20.245,16.788,10.388,10.382
20241115183556.6,1188.61300572753,276.068,27.667,20.257,16.776,10.396,10.38
20241115183557,1189.08600658178,278.506,27.675,20.265,16.788,10.37,10.406
20241115183557.5,1189.57400433719,281.14,27.677,20.289,16.762,10.396,10.404
20241115183558,1190.05900472403,282.944,27.701,20.252,16.782,10.376,10.398
20241115183558.5,1190.5309997499,285.166,27.683,20.25,16.772,10.39,10.41
20241115183559,1191.03100709617,287.925,27.679,20.265,16.798,10.39,10.39
20241115183559.5,1191.51200428605,290.078,27.673,20.226,16.758,10.392,10.412
20241115183559.9,1191.9769987464,292.279,27.66,20.212,16.748,10.39,10.392
20241115183600.4,1192.4450006336,294.594,27.64,20.218,16.758,10.394,10.41
20241115183600.9,1192.93000102043,297.198,27.624,20.204,16.735,10.384,10.402
20241115183601.4,1193.40200610459,299.263,27.601,20.2,16.75,10.378,10.404
20241115183601.8,1193.88700649142,301.976,27.65,20.2,16.756,10.41,10.404
20241115183602.3,1194.35600414872,304.955,27.658,20.212,16.743,10.39,10.4
20241115183602.8,1194.8360055685,307.696,27.679,20.236,16.762,10.382,10.402
20241115183603.3,1195.30900642276,310.38,27.671,20.232,16.768,10.364,10.4
20241115183603.7,1195.78899778426,313.1,27.72,20.263,16.76,10.382,10.39
20241115183604.2,1196.25800549984,315.416,27.758,20.263,16.754,10.384,10.408
20241115183604.7,1196.73499949276,317.708,27.76,20.275,16.78,10.38,10.384
20241115183605.2,1197.21500091255,320.169,27.775,20.305,16.778,10.39,10.408
20241115183605.6,1197.69200496376,323.313,27.791,20.291,16.794,10.394,10.406
20241115183606.1,1198.156003654,325.926,27.761,20.267,16.766,10.394,10.394
20241115183606.6,1198.62900450826,327.826,27.74,20.246,16.752,10.378,10.396
20241115183607.1,1199.11700226367,330.372,27.73,20.23,16.752,10.392,10.386
20241115183607.6,1199.6020026505,333.076,27.716,20.228,16.752,10.388,10.404
20241115183608,1200.07399767637,334.782,27.744,20.24,16.758,10.414,10.41
20241115183608.5,1200.55899806321,337.801,27.797,20.265,16.772,10.374,10.408
20241115183609,1201.03899948299,340.074,27.82,20.277,16.782,10.384,10.398
20241115183609.5,1201.50800719857,342.708,27.842,20.291,16.796,10.408,10.408
20241115183609.9,1201.97700485587,344.965,27.842,20.295,16.778,10.392,10.408
20241115183610.4,1202.44500674307,347.615,27.848,20.311,16.802,10.398,10.414
20241115183610.9,1202.93000712991,350.2,27.854,20.309,16.794,10.396,10.41
20241115183611.4,1203.40999849141,352.741,27.854,20.309,16.792,10.396,10.408
20241115183611.8,1203.87900620699,354.809,27.887,20.323,16.806,10.398,10.408
20241115183612.3,1204.36300076544,356.477,27.905,20.337,16.824,10.402,10.406
20241115183612.8,1204.84800115228,358.923,27.936,20.353,16.822,10.388,10.408
20241115183613.3,1205.32800257206,360.963,27.967,20.37,16.83,10.394,10.416
20241115183613.8,1205.79700022936,363.46,27.993,20.376,16.832,10.384,10.398
20241115183614.2,1206.28499798477,365.323,28.022,20.402,16.845,10.378,10.406
20241115183614.7,1206.75400570035,367.429,28.055,20.426,16.859,10.386,10.404
20241115183615.2,1207.2270065546,369.475,28.079,20.418,16.853,10.38,10.392
20241115183615.7,1207.7069979161,371.688,28.079,20.446,16.863,10.362,10.41
20241115183616.1,1208.19199830294,373.998,28.104,20.446,16.853,10.39,10.402
20241115183616.6,1208.67600291967,375.654,28.141,20.469,16.873,10.394,10.402
20241115183617.1,1209.14500057697,377.741,28.198,20.473,16.877,10.392,10.39
20241115183617.6,1209.61300246418,379.309,28.21,20.493,16.897,10.392,10.402
20241115183618,1210.08600331843,382.42,28.245,20.495,16.893,10.37,10.4
20241115183618.5,1210.55500097573,383.837,28.265,20.527,16.883,10.378,10.394
20241115183619,1211.02700605989,385.972,28.265,20.517,16.903,10.378,10.388
20241115183619.5,1211.50800324976,388.49,28.288,20.523,16.909,10.384,10.402
20241115183619.9,1211.97700090706,390.442,28.294,20.519,16.909,10.396,10.398
20241115183620.4,1212.44500279427,392.169,28.292,20.515,16.903,10.4,10.396
20241115183620.9,1212.91800364852,392.447,28.312,20.535,16.915,10.38,10.39
20241115183621.4,1213.40199820697,394.942,28.308,20.535,16.897,10.41,10.404
20241115183621.8,1213.88300545514,395.258,28.331,20.525,16.901,10.382,10.394
20241115183622.3,1214.35999944806,398.84,28.359,20.541,16.909,10.38,10.394
20241115183622.8,1214.84000086784,398.408,28.363,20.552,16.905,10.4,10.392
20241115183623.3,1215.32400548458,400.163,28.394,20.562,16.931,10.376,10.386
20241115183623.8,1215.80500267446,401.016,28.414,20.568,16.925,10.394,10.38
20241115183624.2,1216.27699770033,402.18,28.41,20.564,16.907,10.378,10.384
20241115183624.7,1216.74999855459,403.26,28.433,20.582,16.933,10.372,10.382
20241115183625.2,1217.22299940884,403.557,28.441,20.586,16.954,10.39,10.382
20241115183625.6,1217.695004493,403.475,28.457,20.618,16.95,10.374,10.394
20241115183626.1,1218.16800534725,402.403,28.467,20.602,16.952,10.398,10.406
20241115183626.6,1218.64100620151,402.732,28.474,20.594,16.948,10.374,10.396
20241115183627.1,1219.11700442433,401.828,28.461,20.584,16.935,10.382,10.386
20241115183627.6,1219.60200481117,400.958,28.494,20.6,16.941,10.394,10.412
20241115183628,1220.06699927151,400.24,28.502,20.604,16.96,10.388,10.406
20241115183628.5,1220.53500115871,398.287,28.537,20.626,16.978,10.374,10.378
20241115183629,1221.00800201297,396.863,28.561,20.657,16.966,10.392,10.382
20241115183629.4,1221.48100286722,396.955,28.594,20.683,16.986,10.4,10.392
20241115183629.9,1221.9529978931,395.733,28.637,20.715,16.988,10.384,10.382
20241115183630.4,1222.42599874735,395.252,28.709,20.719,16.992,10.372,10.392
20241115183630.9,1222.90200702846,395.446,28.758,20.749,17.032,10.388,10.404
20241115183631.3,1223.37100468576,394.94,28.794,20.759,17.038,10.378,10.416
20241115183631.8,1223.85600507259,396.119,28.809,20.776,17.042,10.388,10.394
20241115183632.3,1224.33999963105,393.373,28.847,20.81,17.048,10.406,10.414
20241115183632.8,1224.8130004853,393.519,28.882,20.81,17.069,10.388,10.394
20241115183633.2,1225.27699917555,393.076,28.884,20.82,17.065,10.376,10.388
20241115183633.7,1225.77000595629,393.29,28.903,20.82,17.057,10.392,10.416
20241115183634.2,1226.24600417912,392.233,28.921,20.863,17.079,10.384,10.386
20241115183634.7,1226.71900503337,390.649,28.943,20.865,17.095,10.364,10.388
20241115183635.2,1227.20299959183,389.703,28.982,20.887,17.107,10.38,10.388
20241115183635.6,1227.67200730741,387.916,29.007,20.909,17.099,10.398,10.4
20241115183636.1,1228.15199866891,387.411,29.033,20.899,17.117,10.39,10.39
20241115183636.6,1228.62499952316,387.223,29.037,20.915,17.117,10.386,10.404
20241115183637.1,1229.10999991,386.908,29.076,20.909,17.121,10.394,10.39
20241115183637.5,1229.5780017972,387.481,29.101,20.931,17.123,10.39,10.4
20241115183638,1230.07400594652,388.556,29.105,20.929,17.119,10.368,10.382
20241115183638.5,1230.57800643146,388.69,29.129,20.915,17.119,10.394,10.39
20241115183639,1231.06300681829,390.312,29.142,20.937,17.125,10.402,10.38
20241115183639.5,1231.53099864721,391.741,29.101,20.899,17.115,10.4,10.384
20241115183640,1232.01599903405,393.38,29.103,20.913,17.111,10.402,10.398
20241115183640.4,1232.49600045383,395.457,29.097,20.903,17.097,10.388,10.398
20241115183640.9,1232.96900130808,396.72,29.123,20.895,17.129,10.392,10.42
20241115183641.4,1233.43799896538,399.413,29.158,20.921,17.111,10.39,10.382
20241115183641.9,1233.91800038517,403.569,29.176,20.939,17.123,10.402,10.386
20241115183642.3,1234.38699804246,387.73,29.187,20.927,17.113,10.39,10.388
20241115183642.8,1234.8710026592,249.884,29.223,20.911,17.141,10.388,10.392
20241115183643.3,1235.33600717783,178.52,29.219,20.943,17.137,10.384,10.392
20241115183643.8,1235.82000173628,133.094,29.228,20.939,17.147,10.382,10.396
20241115183644.3,1236.30099892616,102.528,29.234,20.968,17.136,10.38,10.386
20241115183644.7,1236.77000664175,81.342,29.264,20.978,17.135,10.38,10.386
20241115183645.2,1237.23799847066,65.834,29.285,20.982,17.146,10.384,10.378
20241115183645.7,1237.7229988575,54.216,29.315,20.996,17.146,10.358,10.386
20241115183646.2,1238.20700347424,45.681,29.332,20.996,17.148,10.384,10.408
20241115183646.6,1238.67600113153,39.543,29.338,20.99,17.16,10.388,10.386
20241115183647.1,1239.15600255132,34.76,29.338,21.018,17.162,10.398,10.402
20241115183647.6,1239.62500020862,31.203,29.33,21.01,17.168,10.4,10.4
20241115183648.1,1240.09800106287,28.519,29.356,21.008,17.166,10.388,10.402
20241115183648.5,1240.57000614703,26.4,29.377,21.01,17.176,10.394,10.406
20241115183649,1241.05500653386,24.641,29.409,21.024,17.182,10.402,10.368
20241115183649.5,1241.52400419116,23.311,29.411,21.01,17.174,10.378,10.378
20241115183649.9,1241.99200607836,22.256,29.403,21.03,17.182,10.388,10.38
20241115183650.4,1242.46500693262,21.418,29.409,21.045,17.176,10.386,10.402
20241115183650.9,1242.94900149107,20.723,29.446,21.052,17.192,10.39,10.396
20241115183651.4,1243.4340018779,20.145,29.454,21.065,17.196,10.386,10.406
20241115183651.9,1243.91800649464,19.661,29.473,21.107,17.198,10.412,10.384
20241115183652.3,1244.3910073489,19.289,29.475,21.111,17.2,10.398,10.41
20241115183652.8,1244.86300237477,18.966,29.499,21.117,17.204,10.396,10.394
20241115183653.3,1245.3480027616,18.679,29.526,21.107,17.212,10.388,10.404
20241115183653.8,1245.81999778748,18.493,29.534,21.125,17.214,10.406,10.398
20241115183654.3,1246.30499817431,18.303,29.561,21.143,17.226,10.398,10.388
20241115183654.7,1246.77400588989,18.162,29.606,21.158,17.234,10.408,10.388
20241115183655.2,1247.25800044835,18.016,29.652,21.184,17.246,10.386,10.394
20241115183655.7,1247.75799773633,17.877,29.689,21.198,17.251,10.394,10.412
20241115183656.2,1248.23500178754,17.76,29.673,21.154,17.246,10.396,10.404
20241115183656.7,1248.71900640428,17.675,29.685,21.18,17.247,10.388,10.404
20241115183657.2,1249.19899776578,17.602,29.702,21.188,17.255,10.394,10.398
20241115183657.6,1249.66800548136,17.543,29.726,21.202,17.249,10.406,10.4
20241115183658.1,1250.14100633562,17.477,29.761,21.236,17.271,10.406,10.4
20241115183658.6,1250.61000399292,17.451,29.759,21.246,17.301,10.378,10.374
20241115183659.1,1251.10200494528,17.404,29.759,21.248,17.295,10.406,10.388
20241115183659.5,1251.58599950373,17.36,29.759,21.252,17.291,10.392,10.4
20241115183700,1252.05500721931,17.321,29.749,21.24,17.305,10.41,10.41
20241115183700.5,1252.52700224519,17.301,29.769,21.263,17.305,10.406,10.4
20241115183700.9,1252.99599990249,17.252,29.789,21.262,17.307,10.41,10.41
20241115183701.4,1253.46499755979,17.2,29.83,21.271,17.305,10.396,10.4
20241115183701.9,1253.94499897957,17.16,29.861,21.281,17.319,10.402,10.39
20241115183702.4,1254.41799983382,17.129,29.893,21.309,17.319,10.4,10.404
20241115183702.8,1254.89100068808,17.135,29.92,21.319,17.323,10.429,10.418
20241115183703.3,1255.37100210786,17.107,29.908,21.311,17.333,10.388,10.402
20241115183703.8,1255.85600249469,17.091,29.92,21.291,17.317,10.39,10.402
20241115183704.3,1256.33600391448,17.077,29.93,21.321,17.321,10.408,10.406
20241115183704.8,1256.80900476873,17.073,29.943,21.323,17.333,10.396,10.416
20241115183705.2,1257.29299932718,17.061,29.969,21.329,17.355,10.394,10.392
20241115183705.7,1257.76200704277,17.03,29.996,21.331,17.319,10.384,10.392
20241115183706.2,1258.24199840426,17.006,30.012,21.333,17.327,10.386,10.402
20241115183706.7,1258.7269987911,16.996,30.047,21.341,17.333,10.404,10.41
20241115183707.2,1259.21100340784,17.004,30.063,21.36,17.35,10.402,10.388
20241115183707.6,1259.69499796629,16.982,30.069,21.335,17.337,10.386,10.406
20241115183708.1,1260.18400155008,16.946,30.08,21.339,17.354,10.406,10.402
20241115183708.6,1260.66400296986,16.939,30.106,21.351,17.343,10.388,10.408
20241115183709.1,1261.1490033567,16.927,30.131,21.36,17.364,10.394,10.42
20241115183709.6,1261.63299791515,16.929,30.147,21.386,17.37,10.41,10.392
20241115183710.1,1262.11700253189,16.913,30.192,21.43,17.406,10.406,10.386
20241115183710.5,1262.58600018919,16.915,30.239,21.457,17.402,10.404,10.41
20241115183711,1263.05900104344,16.885,30.286,21.479,17.406,10.4,10.392
20241115183711.5,1263.53900246322,16.911,30.333,21.513,17.428,10.404,10.382
20241115183712,1264.02400285006,16.915,30.362,21.517,17.434,10.394,10.406
20241115183712.4,1264.49200473726,16.897,30.413,21.545,17.44,10.394,10.404
20241115183712.9,1264.97700512409,16.889,30.437,21.556,17.469,10.42,10.384
20241115183713.4,1265.44500701129,16.895,30.47,21.562,17.481,10.396,10.404
20241115183713.9,1265.91400466859,16.897,30.513,21.582,17.469,10.39,10.416
20241115183714.3,1266.38700552285,16.889,30.511,21.578,17.473,10.398,10.414
20241115183714.8,1266.85600318015,16.903,30.574,21.588,17.477,10.406,10.388
20241115183715.3,1267.3399977386,16.893,30.562,21.582,17.493,10.418,10.378
20241115183715.8,1267.82400235534,16.885,30.588,21.586,17.485,10.392,10.394
20241115183716.3,1268.30499954522,16.887,30.631,21.614,17.495,10.396,10.378
20241115183716.7,1268.78900416195,16.891,30.666,21.63,17.515,10.418,10.396
20241115183717.2,1269.27400454879,16.861,30.67,21.647,17.517,10.392,10.386
20241115183717.7,1269.75799910724,16.839,30.672,21.638,17.485,10.392,10.394
20241115183718.2,1270.24200372398,16.855,30.668,21.62,17.519,10.4,10.404
20241115183718.7,1270.72300091386,16.853,30.672,21.616,17.489,10.39,10.402
20241115183719.2,1271.21099866927,16.836,30.66,21.616,17.511,10.408,10.392
20241115183719.6,1271.69200591743,16.82,30.69,21.64,17.517,10.398,10.4
20241115183720.1,1272.1640009433,16.772,30.678,21.626,17.501,10.392,10.378
20241115183720.6,1272.64100499451,16.746,30.672,21.622,17.511,10.382,10.374
20241115183721.1,1273.11300002038,16.727,30.693,21.602,17.503,10.372,10.382
20241115183721.6,1273.59800040722,16.697,30.678,21.598,17.491,10.398,10.396
20241115183722,1274.078001827,16.703,30.682,21.618,17.509,10.406,10.408
20241115183722.5,1274.57400597632,16.705,30.69,21.616,17.489,10.38,10.394
20241115183723,1275.04300363362,16.675,30.729,21.616,17.493,10.386,10.408
20241115183723.5,1275.52699819207,16.657,30.721,21.606,17.493,10.396,10.402
20241115183723.9,1275.99600590765,16.644,30.741,21.636,17.503,10.392,10.408
20241115183724.4,1276.46900676191,16.636,30.774,21.628,17.509,10.384,10.392
20241115183724.9,1276.95300132036,16.651,30.829,21.663,17.539,10.388,10.398
20241115183725.4,1277.45299860835,16.626,30.886,21.691,17.529,10.41,10.41
20241115183725.9,1277.93400585651,16.61,30.891,21.663,17.549,10.41,10.39
20241115183726.4,1278.41800041497,16.584,30.925,21.701,17.541,10.394,10.418
20241115183726.9,1278.89899760485,16.574,30.915,21.679,17.547,10.41,10.406
20241115183727.3,1279.371002689,16.572,30.874,21.65,17.539,10.414,10.431
20241115183727.8,1279.85199987888,16.572,30.872,21.656,17.525,10.412,10.417
20241115183728.3,1280.32400496304,16.566,30.882,21.654,17.519,10.412,10.429
20241115183728.8,1280.79700581729,16.565,30.884,21.64,17.523,10.419,10.408
20241115183729.2,1281.27700723708,16.551,30.87,21.65,17.519,10.414,10.406
20241115183729.7,1281.74999803305,16.551,30.858,21.648,17.515,10.435,10.408
20241115183730.2,1282.23499841988,16.539,30.86,21.638,17.517,10.41,10.398
20241115183730.7,1282.71900303662,16.558,30.874,21.644,17.533,10.388,10.4
20241115183731.2,1283.1990044564,16.551,30.886,21.652,17.519,10.41,10.408
20241115183731.6,1283.6680021137,16.566,30.899,21.652,17.531,10.406,10.421
20241115183732.1,1284.15200673044,16.578,30.952,21.695,17.543,10.4,10.406
20241115183732.6,1284.63300392032,16.568,30.993,21.721,17.561,10.421,10.41
20241115183733.1,1285.10600477457,16.588,31.04,21.735,17.565,10.408,10.412
20241115183733.5,1285.57000346482,16.594,31.066,21.737,17.564,10.418,10.422
20241115183734,1286.07400394976,16.617,31.088,21.75,17.562,10.418,10.414
20241115183734.5,1286.55500113964,16.629,31.118,21.758,17.566,10.398,10.41
20241115183735,1287.03500255942,16.626,31.119,21.735,17.572,10.423,10.408
20241115183735.5,1287.50400021672,16.622,31.083,21.733,17.557,10.412,10.41
20241115183735.9,1287.98800483346,16.596,31.068,21.691,17.559,10.408,10.408
20241115183736.4,1288.47699835896,16.566,31.044,21.683,17.561,10.404,10.421
20241115183736.9,1288.95699977875,16.537,31.027,21.674,17.541,10.392,10.396
20241115183737.4,1289.44499753416,16.513,30.978,21.648,17.531,10.404,10.404
20241115183737.9,1289.92600478232,16.507,30.972,21.648,17.533,10.408,10.425
20241115183738.4,1290.4060062021,16.469,30.98,21.644,17.535,10.392,10.404
20241115183738.9,1290.91000668705,16.464,30.97,21.67,17.527,10.4,10.404
20241115183739.3,1291.39100387692,16.458,30.997,21.697,17.531,10.402,10.408
20241115183739.8,1291.8629989028,16.436,31.038,21.685,17.537,10.404,10.408
20241115183740.3,1292.34799928963,16.44,31.046,21.709,17.539,10.394,10.39
20241115183740.8,1292.82800070941,16.444,31.091,21.715,17.541,10.402,10.404
20241115183741.3,1293.30899789929,16.456,31.127,21.713,17.543,10.412,10.414
20241115183741.7,1293.79300251603,16.458,31.166,21.743,17.545,10.4,10.394
20241115183742.2,1294.27700713277,16.48,31.21,21.752,17.581,10.418,10.434
20241115183742.7,1294.7620075196,16.465,31.249,21.784,17.589,10.405,10.412
20241115183743.2,1295.2419988811,16.484,31.266,21.806,17.58,10.412,10.41
20241115183743.7,1295.73100246489,16.462,31.301,21.794,17.588,10.398,10.402
20241115183744.2,1296.19900435209,16.446,31.326,21.81,17.596,10.374,10.402
20241115183744.6,1296.68400473893,16.467,31.36,21.828,17.59,10.396,10.398
20241115183745.1,1297.16400615871,16.487,31.401,21.85,17.604,10.402,10.402
20241115183745.6,1297.64900654554,16.477,31.452,21.872,17.624,10.406,10.41
20241115183746.1,1298.13700430095,16.487,31.487,21.881,17.63,10.391,10.422
20241115183746.6,1298.61700572073,16.482,31.512,21.883,17.633,10.409,10.412
20241115183747.1,1299.10200610757,16.51,31.545,21.879,17.639,10.393,10.397
20241115183747.5,1299.58199746907,16.504,31.566,21.914,17.635,10.389,10.403
20241115183748,1300.0669978559,16.512,31.57,21.904,17.659,10.397,10.397
20241115183748.5,1300.53900294006,16.536,31.59,21.922,17.667,10.395,10.405
20241115183749,1301.02400332689,16.542,31.604,21.95,17.639,10.432,10.414
20241115183749.5,1301.50400474668,16.572,31.641,21.948,17.68,10.409,10.409
20241115183749.9,1301.98799930513,16.587,31.664,21.982,17.677,10.405,10.426
20241115183750.4,1302.4880066514,16.617,31.684,21.986,17.69,10.393,10.414
20241115183750.9,1302.96900384128,16.631,31.719,22.007,17.684,10.407,10.42
20241115183751.4,1303.47700752318,16.643,31.776,21.995,17.718,10.407,10.418
20241115183751.9,1303.95699888468,16.663,31.815,22.035,17.714,10.399,10.424
20241115183752.4,1304.43400293589,16.655,31.815,22.031,17.702,10.397,10.405
20241115183752.9,1304.91799749434,16.68,31.878,22.049,17.734,10.385,10.42
20241115183753.4,1305.3990047425,16.694,31.905,22.073,17.734,10.405,10.418
20241115183753.8,1305.88299930096,16.712,31.948,22.079,17.756,10.407,10.409
20241115183754.3,1306.36300072074,16.724,31.991,22.104,17.748,10.399,10.412
20241115183754.8,1306.84399791062,16.726,32.023,22.132,17.766,10.399,10.414
20241115183755.3,1307.32800252736,16.732,32.062,22.13,17.756,10.399,10.42
20241115183755.8,1307.81700611115,16.746,32.089,22.157,17.79,10.404,10.418
20241115183756.3,1308.3010006696,16.758,32.109,22.193,17.78,10.408,10.412
20241115183756.7,1308.7699983269,16.77,32.15,22.187,17.805,10.395,10.406
20241115183757.2,1309.25400294363,16.791,32.158,22.191,17.784,10.418,10.426
20241115183757.7,1309.73800756037,16.762,32.174,22.171,17.788,10.416,10.406
20241115183758.2,1310.22299788892,16.78,32.162,22.201,17.813,10.424,10.41
20241115183758.7,1310.70700250566,16.776,32.199,22.201,17.807,10.387,10.42
20241115183759.1,1311.19200289249,16.774,32.219,22.224,17.827,10.406,10.412
20241115183759.6,1311.67599745095,16.789,32.252,22.263,17.843,10.422,10.416
20241115183800.1,1312.17200160027,16.774,32.289,22.277,17.869,10.399,10.406
20241115183800.6,1312.65999935567,16.764,32.332,22.291,17.863,10.42,10.42
20241115183801.1,1313.13700340688,16.748,32.346,22.291,17.869,10.414,10.418
20241115183801.6,1313.61300162971,16.782,32.379,22.3,17.855,10.418,10.395
20241115183802.1,1314.09800201654,16.774,32.418,22.324,17.865,10.43,10.41
20241115183802.5,1314.58200663328,16.756,32.444,22.291,17.877,10.397,10.43
20241115183803,1315.06700702012,16.746,32.454,22.31,17.869,10.408,10.432
20241115183803.5,1315.55100157857,16.734,32.467,22.334,17.879,10.406,10.428
20241115183804,1316.03100299835,16.714,32.483,22.318,17.873,10.428,10.428
20241115183804.5,1316.51600338519,16.702,32.479,22.312,17.889,10.418,10.418
20241115183804.9,1316.98500104249,16.7,32.473,22.306,17.871,10.409,10.416
20241115183805.4,1317.46900565922,16.675,32.448,22.273,17.859,10.412,10.407
20241115183805.9,1317.95300021768,16.635,32.479,22.273,17.859,10.399,10.397
20241115183806.4,1318.42199787498,16.657,32.495,22.277,17.855,10.416,10.412
20241115183806.8,1318.89100559056,16.653,32.497,22.283,17.847,10.409,10.422
20241115183807.3,1319.39100287855,16.665,32.493,22.283,17.867,10.385,10.393
20241115183807.8,1319.87100429833,16.671,32.491,22.302,17.845,10.412,10.407
20241115183808.3,1320.34400515258,16.682,32.518,22.312,17.877,10.397,10.399
20241115183808.8,1320.82400657237,16.653,32.536,22.33,17.875,10.416,10.42
20241115183809.3,1321.29700742662,16.657,32.579,22.353,17.886,10.407,10.418
20241115183809.7,1321.77699878812,16.667,32.604,22.373,17.869,10.399,10.401
20241115183810.2,1322.26199917495,16.669,32.616,22.357,17.894,10.391,10.403
20241115183810.7,1322.73799739778,16.667,32.62,22.375,17.879,10.409,10.401
20241115183811.2,1323.22299778461,16.641,32.628,22.375,17.894,10.399,10.42
20241115183811.7,1323.7029992044,16.663,32.661,22.385,17.904,10.401,10.403
20241115183812.1,1324.18799959123,16.629,32.718,22.445,17.914,10.418,10.389
20241115183812.6,1324.67200420797,16.641,32.749,22.445,17.91,10.385,10.403
20241115183813.1,1325.15200562775,16.643,32.771,22.424,17.906,10.412,10.405
20241115183813.6,1325.63700601459,16.647,32.763,22.418,17.922,10.405,10.409
20241115183814.1,1326.11699737608,16.665,32.783,22.43,17.912,10.403,10.397
20241115183814.6,1326.59800462425,16.673,32.82,22.433,17.926,10.426,10.407
20241115183815,1327.06700228155,16.682,32.851,22.451,17.932,10.409,10.422
20241115183815.5,1327.55100689828,16.678,32.861,22.466,17.941,10.404,10.406
20241115183816,1328.03500145674,16.695,32.876,22.483,17.935,10.41,10.408
20241115183816.5,1328.51599864662,16.673,32.958,22.522,17.969,10.398,10.394
20241115183817,1329.00400646031,16.658,32.954,22.55,17.97,10.388,10.398
20241115183817.4,1329.48500365019,16.638,32.981,22.55,17.965,10.404,10.406
20241115183817.9,1329.96100187302,16.614,32.997,22.562,18.002,10.402,10.414
20241115183818.4,1330.44500648975,16.626,33.011,22.579,17.998,10.4,10.395
20241115183818.9,1330.92600367963,16.653,33.051,22.598,17.999,10.416,10.414
20241115183819.4,1331.40999823809,16.665,33.1,22.602,17.995,10.414,10.412
20241115183819.8,1331.89499862492,16.655,33.12,22.604,18.005,10.412,10.414
20241115183820.3,1332.37900324166,16.671,33.114,22.635,18.027,10.397,10.42
20241115183820.8,1332.86299780011,16.686,33.159,22.625,18.037,10.401,10.428
20241115183821.3,1333.34799818695,16.696,33.188,22.647,18.029,10.407,10.407
20241115183821.8,1333.83200280368,16.696,33.237,22.658,18.04,10.412,10.408
20241115183822.3,1334.32000055909,16.715,33.271,22.683,18.06,10.388,10.427
20241115183822.8,1334.7970046103,16.699,33.318,22.707,18.075,10.402,10.394
20241115183823.3,1335.29700189829,16.671,33.338,22.726,18.097,10.382,10.406
20241115183823.7,1335.78100651503,16.666,33.398,22.746,18.085,10.408,10.408
20241115183824.2,1336.26600690186,16.644,33.455,22.756,18.115,10.402,10.414
20241115183824.7,1336.75400465727,16.646,33.453,22.773,18.101,10.376,10.392
20241115183825.2,1337.23500184715,16.664,33.457,22.742,18.099,10.425,10.404
20241115183825.7,1337.7070069313,16.671,33.471,22.746,18.115,10.402,10.406
20241115183826.1,1338.18800412118,16.695,33.485,22.74,18.115,10.38,10.388
20241115183826.6,1338.65999914706,16.683,33.504,22.744,18.127,10.402,10.4
20241115183827.1,1339.12900686264,16.707,33.526,22.778,18.142,10.403,10.416
20241115183827.6,1339.61700461805,16.722,33.523,22.78,18.126,10.42,10.401
20241115183828.1,1340.10200500488,16.728,33.531,22.764,18.122,10.42,10.407
20241115183828.6,1340.59799909592,16.73,33.523,22.753,18.128,10.412,10.42
20241115183829,1341.08200371265,16.736,33.535,22.78,18.14,10.404,10.423
20241115183829.5,1341.57000146806,16.733,33.551,22.769,18.111,10.394,10.404
20241115183830,1342.0550018549,16.715,33.575,22.781,18.151,10.404,10.392
20241115183830.5,1342.53500327468,16.741,33.602,22.787,18.151,10.412,10.392
20241115183831,1343.02000366151,16.755,33.606,22.793,18.123,10.402,10.408
20241115183831.5,1343.5000050813,16.77,33.592,22.765,18.129,10.398,10.408
20241115183831.9,1343.97300593555,16.772,33.581,22.759,18.109,10.419,10.408
20241115183832.4,1344.457000494,16.755,33.53,22.712,18.099,10.388,10.417
20241115183832.9,1344.94200088084,16.737,33.534,22.732,18.111,10.404,10.41
20241115183833.4,1345.42200230062,16.739,33.502,22.728,18.095,10.39,10.41
20241115183833.9,1345.90600691736,16.747,33.446,22.709,18.087,10.402,10.4
20241115183834.3,1346.37899771333,16.747,33.493,22.722,18.098,10.412,10.407
20241115183834.8,1346.88700139523,16.732,33.468,22.698,18.086,10.383,10.414
20241115183835.3,1347.36700281501,16.734,33.439,22.684,18.067,10.401,10.418
20241115183835.8,1347.87100329995,16.698,33.501,22.712,18.065,10.409,10.407
20241115183836.3,1348.35200048983,16.663,33.499,22.706,18.082,10.407,10.422
20241115183836.8,1348.83200190961,16.647,33.529,22.719,18.067,10.426,10.416
20241115183837.3,1349.31700229645,16.635,33.537,22.727,18.073,10.393,10.422
20241115183837.8,1349.80100691319,16.607,33.592,22.749,18.075,10.412,10.416
20241115183838.2,1350.28099827468,16.576,33.627,22.723,18.084,10.403,10.397
20241115183838.7,1350.77000185847,16.562,33.609,22.721,18.096,10.407,10.401
20241115183839.2,1351.25000327826,16.566,33.648,22.766,18.073,10.397,10.409
20241115183839.7,1351.73500366509,16.548,33.697,22.776,18.092,10.401,10.397
20241115183840.2,1352.2230014205,16.552,33.723,22.811,18.112,10.414,10.426
20241115183840.7,1352.70300284028,16.587,33.778,22.811,18.128,10.412,10.41
20241115183841.1,1353.18400003016,16.587,33.795,22.841,18.13,10.406,10.418
20241115183841.6,1353.68000417948,16.597,33.834,22.866,18.136,10.42,10.424
20241115183842.1,1354.18799780309,16.599,33.893,22.888,18.152,10.418,10.416
20241115183842.6,1354.6640060842,16.633,33.94,22.923,18.172,10.404,10.426
20241115183843.1,1355.14900647104,16.647,33.989,22.933,18.196,10.43,10.422
20241115183843.6,1355.62500469387,16.677,34.038,22.943,18.198,10.422,10.42
20241115183844.1,1356.11300244927,16.657,34.062,22.961,18.217,10.42,10.4
20241115183844.6,1356.61000236869,16.637,34.119,22.974,18.209,10.43,10.416
20241115183845,1357.07400105894,16.625,34.099,22.961,18.19,10.414,10.44
20241115183845.5,1357.55900144577,16.609,34.093,22.949,18.213,10.44,10.436
20241115183846,1358.03900286555,16.611,34.126,22.964,18.231,10.42,10.416
20241115183846.5,1358.53900015354,16.633,34.138,22.99,18.221,10.402,10.424
20241115183847,1359.02400054038,16.635,34.148,22.978,18.213,10.426,10.432
20241115183847.5,1359.50400196016,16.623,34.156,22.97,18.203,10.416,10.416
20241115183847.9,1359.9880065769,16.613,34.156,22.963,18.225,10.428,10.442
20241115183848.4,1360.47300696373,16.576,34.193,22.97,18.225,10.442,10.424
20241115183848.9,1360.95299832523,16.592,34.218,22.998,18.209,10.426,10.42
20241115183849.4,1361.43400557339,16.601,34.264,23.017,18.219,10.414,10.424
20241115183849.9,1361.91400699317,16.598,34.275,23.025,18.223,10.432,10.426
20241115183850.4,1362.39899732172,16.605,34.324,23.041,18.225,10.42,10.424
20241115183850.8,1362.87899874151,16.603,34.365,23.043,18.251,10.422,10.418
20241115183851.3,1363.36300335824,16.633,34.393,23.066,18.221,10.41,10.401
20241115183851.8,1363.83200101554,16.645,34.453,23.078,18.245,10.418,10.42
20241115183852.3,1364.31999877095,16.641,34.504,23.117,18.263,10.42,10.434
20241115183852.8,1364.80100601912,16.681,34.497,23.125,18.273,10.432,10.422
20241115183853.2,1365.28099738061,16.677,34.54,23.146,18.277,10.41,10.424
20241115183853.7,1365.76599776745,16.704,34.547,23.127,18.285,10.406,10.414
20241115183854.2,1366.24599918723,16.702,34.565,23.139,18.298,10.43,10.397
20241115183854.7,1366.73099957407,16.728,34.598,23.174,18.314,10.418,10.401
20241115183855.2,1367.2150041908,16.72,34.647,23.217,18.338,10.424,10.436
20241115183855.6,1367.69500561059,16.72,34.694,23.227,18.342,10.416,10.412
20241115183856.1,1368.18000599742,16.724,34.72,23.264,18.362,10.418,10.412
20241115183856.6,1368.66400055587,16.708,34.763,23.278,18.378,10.412,10.42
20241115183857.1,1369.14499774575,16.696,34.814,23.297,18.388,10.404,10.422
20241115183857.6,1369.62900236249,16.722,34.837,23.315,18.393,10.395,10.422
20241115183858.1,1370.11300697923,16.718,34.845,23.348,18.386,10.41,10.412
20241115183858.6,1370.59800736606,16.716,34.89,23.352,18.403,10.418,10.399
20241115183859,1371.08200192451,16.742,34.9,23.344,18.401,10.395,10.412
20241115183859.5,1371.56299911439,16.756,34.916,23.338,18.413,10.418,10.408
20241115183900,1372.04700373113,16.752,34.961,23.378,18.421,10.406,10.424
20241115183900.5,1372.53099828959,16.782,34.969,23.376,18.407,10.406,10.399
20241115183901,1373.03100563586,16.778,35.033,23.383,18.437,10.41,10.416
20241115183901.5,1373.51600602269,16.78,35.043,23.407,18.417,10.401,10.408
20241115183902,1374.00000058115,16.791,35.08,23.425,18.435,10.424,10.42
20241115183902.4,1374.4730014354,16.803,35.119,23.438,18.459,10.395,10.42
20241115183902.9,1374.95300285518,16.803,35.153,23.462,18.477,10.397,10.401
20241115183903.4,1375.43800324202,16.823,35.19,23.485,18.479,10.387,10.401
20241115183903.9,1375.9180046618,16.833,35.239,23.507,18.499,10.426,10.418
20241115183904.4,1376.39900185168,16.837,35.254,23.505,18.499,10.412,10.424
20241115183904.8,1376.88699960709,16.843,35.31,23.513,18.52,10.418,10.412
20241115183905.3,1377.36700102687,16.817,35.295,23.513,18.501,10.434,10.416
20241115183905.8,1377.86699831486,16.819,35.341,23.511,18.532,10.426,10.42
20241115183906.3,1378.35199870169,16.817,35.363,23.532,18.53,10.406,10.422
20241115183906.8,1378.83600331843,16.803,35.407,23.538,18.526,10.408,10.416
20241115183907.3,1379.31999787688,16.794,35.436,23.587,18.548,10.414,10.408
20241115183907.8,1379.80499826372,16.788,35.502,23.585,18.546,10.412,10.402
20241115183908.2,1380.28900288045,16.784,35.517,23.572,18.556,10.398,10.428
20241115183908.7,1380.77400326729,16.78,35.512,23.595,18.546,10.428,10.428
20241115183909.2,1381.2620010227,16.768,35.529,23.579,18.524,10.41,10.428
20241115183909.7,1381.74600563943,16.752,35.554,23.593,18.54,10.424,10.438
20241115183910.2,1382.23100602627,16.774,35.552,23.599,18.546,10.416,10.424
20241115183910.7,1382.71900378168,16.796,35.568,23.595,18.534,10.4,10.418
20241115183911.2,1383.20299834013,16.813,35.558,23.579,18.534,10.404,10.418
20241115183911.6,1383.68400558829,16.817,35.601,23.57,18.544,10.41,10.422
20241115183912.1,1384.16800014675,16.821,35.583,23.605,18.526,10.418,10.432
20241115183912.6,1384.641001001,16.827,35.606,23.566,18.53,10.41,10.422
20241115183913.1,1385.17600111663,16.835,35.614,23.613,18.538,10.414,10.406
20241115183913.9,1385.91000437737,16.853,35.694,23.63,18.556,10.41,10.42
20241115183914.4,1386.39899790287,16.843,35.808,23.679,18.574,10.41,10.404
20241115183914.9,1386.90999895334,16.839,35.901,23.742,18.593,10.397,10.43
20241115183915.3,1387.39499934018,16.831,36.019,23.783,18.625,10.408,10.42
20241115183915.8,1387.87900395691,16.841,36.061,23.803,18.627,10.42,10.414
20241115183916.3,1388.36299851537,16.835,36.108,23.81,18.643,10.414,10.406
20241115183916.8,1388.8479989022,16.827,36.135,23.836,18.655,10.408,10.42
20241115183917.3,1389.32800032198,16.819,36.172,23.869,18.694,10.404,10.414
20241115183917.8,1389.81300070882,16.825,36.195,23.906,18.7,10.399,10.401
20241115183918.3,1390.29700532556,16.819,36.265,23.92,18.708,10.406,10.424
20241115183918.7,1390.77700674534,16.851,36.243,23.912,18.72,10.408,10.42
20241115183919.2,1391.26200713217,16.847,36.253,23.901,18.696,10.399,10.424
20241115183919.7,1391.74600169063,16.849,36.214,23.895,18.718,10.416,10.424
20241115183920.2,1392.22699888051,16.843,36.228,23.881,18.673,10.395,10.416
20241115183920.7,1392.71100349724,16.833,36.253,23.85,18.671,10.414,10.426
20241115183921.1,1393.1949980557,16.837,36.28,23.834,18.687,10.399,10.408
20241115183921.6,1393.67999844253,16.835,36.284,23.865,18.687,10.408,10.404
20241115183922.1,1394.16400305927,16.825,36.34,23.887,18.714,10.391,10.414
20241115183922.6,1394.6490034461,16.835,36.379,23.895,18.706,10.41,10.408
20241115183923.1,1395.13299800456,16.847,36.433,23.885,18.722,10.408,10.408
20241115183923.6,1395.61700262129,16.859,36.464,23.936,18.732,10.401,10.418
20241115183924.1,1396.10200300813,16.869,36.476,23.944,18.75,10.401,10.416
20241115183924.5,1396.58599756658,16.857,36.499,23.936,18.736,10.416,10.426
20241115183925,1397.06700481474,16.879,36.518,23.94,18.758,10.422,10.434
20241115183925.5,1397.5509993732,16.867,36.52,23.934,18.752,10.422,10.42
20241115183926,1398.03900718689,16.863,36.497,23.918,18.738,10.395,10.422
20241115183926.5,1398.52000437677,16.849,36.524,23.916,18.736,10.408,10.424
20241115183927,1399.00399893522,16.861,36.499,23.914,18.752,10.381,10.408
20241115183927.4,1399.48800355196,16.861,36.507,23.936,18.732,10.414,10.416
20241115183927.9,1399.98800083995,16.841,36.545,23.948,18.756,10.408,10.41
20241115183928.4,1400.48799812794,16.855,36.565,23.969,18.74,10.41,10.402
20241115183928.9,1400.9690053761,16.855,36.573,23.959,18.762,10.406,10.418
20241115183929.4,1401.44900679588,16.853,36.59,23.957,18.762,10.414,10.406
20241115183929.9,1401.93400718272,16.855,36.627,23.973,18.784,10.404,10.414
20241115183930.4,1402.41399854422,16.859,36.664,23.989,18.778,10.416,10.426
20241115183930.9,1402.89899893105,16.881,36.679,23.997,18.782,10.41,10.416
20241115183931.3,1403.38300354779,16.902,36.65,23.955,18.768,10.398,10.41
20241115183931.8,1403.86699810624,16.887,36.644,23.952,18.76,10.393,10.406
20241115183932.3,1404.36700545251,16.895,36.679,23.944,18.772,10.389,10.42
20241115183932.8,1404.85200583935,16.897,36.667,23.967,18.766,10.42,10.416
20241115183933.3,1405.34000359476,16.897,36.702,23.989,18.796,10.41,10.418
20241115183933.8,1405.82000501454,16.906,36.718,24.018,18.776,10.408,10.438
20241115183934.3,1406.33600503206,16.899,36.737,24.038,18.798,10.406,10.42
20241115183934.8,1406.81700222194,16.899,36.768,24.032,18.802,10.402,10.408
20241115183935.3,1407.30100683868,16.904,36.801,24.034,18.803,10.398,10.414
20241115183935.7,1407.78500139713,16.91,36.849,24.048,18.798,10.391,10.432
20241115183936.2,1408.2770023495,16.902,36.853,24.063,18.802,10.414,10.414
20241115183936.7,1408.76200273633,16.885,36.902,24.069,18.802,10.418,10.402
20241115183937.2,1409.24200415611,16.891,36.913,24.055,18.827,10.389,10.428
20241115183937.7,1409.72700454295,16.885,36.904,24.079,18.807,10.391,10.41
20241115183938.2,1410.2109991014,16.881,36.935,24.059,18.817,10.406,10.412
20241115183938.6,1410.69200634956,16.879,36.954,24.097,18.813,10.408,10.408
20241115183939.1,1411.17600090802,16.883,36.991,24.085,18.827,10.406,10.406
20241115183939.6,1411.67599819601,16.883,37.006,24.093,18.831,10.398,10.43
20241115183940.1,1412.16000281274,16.855,37.002,24.091,18.835,10.393,10.424
20241115183940.6,1412.66000010073,16.863,37.053,24.108,18.831,10.412,10.402
20241115183941.1,1413.14500048757,16.861,37.057,24.12,18.849,10.402,10.412
20241115183941.6,1413.6290051043,16.849,37.078,24.144,18.869,10.408,10.414
20241115183942.1,1414.11000229418,16.863,37.153,24.163,18.851,10.414,10.426
20241115183942.5,1414.59400691092,16.849,37.18,24.196,18.881,10.412,10.432
20241115183943,1415.07800146937,16.881,37.225,24.183,18.871,10.4,10.412
20241115183943.5,1415.56300185621,16.865,37.256,24.177,18.863,10.422,10.428
20241115183944,1416.04700647295,16.841,37.297,24.183,18.883,10.406,10.416
20241115183944.5,1416.5310010314,16.859,37.335,24.216,18.897,10.402,10.4
20241115183945,1417.01199822128,16.849,37.351,24.222,18.881,10.385,10.416
20241115183945.5,1417.50000603497,16.859,37.368,24.241,18.895,10.416,10.424
20241115183945.9,1417.98100322485,16.831,37.389,24.24,18.883,10.404,10.41
20241115183946.4,1418.4649977833,16.831,37.409,24.259,18.903,10.402,10.422
20241115183946.9,1418.94900240004,16.811,37.451,24.29,18.92,10.391,10.41
20241115183947.4,1419.43400278687,16.801,37.488,24.29,18.928,10.389,10.404
20241115183947.9,1419.91799734533,16.807,37.519,24.277,18.936,10.408,10.426
20241115183948.4,1420.40200196207,16.807,37.544,24.294,18.952,10.393,10.4
20241115183948.8,1420.8870023489,16.776,37.56,24.328,18.94,10.391,10.418
20241115183949.3,1421.36700376868,16.792,37.591,24.353,18.958,10.391,10.418
20241115183949.8,1421.85200415552,16.762,37.597,24.353,18.962,10.4,10.416
20241115183950.3,1422.33599871397,16.744,37.608,24.322,18.956,10.416,10.404
20241115183950.8,1422.82400652766,16.742,37.612,24.316,18.93,10.398,10.43
20241115183951.3,1423.3090069145,16.706,37.589,24.296,18.956,10.4,10.418
20241115183951.7,1423.79300147295,16.716,37.581,24.298,18.952,10.398,10.428
20241115183952.2,1424.27700608969,16.712,37.61,24.324,18.936,10.406,10.408
20241115183952.7,1424.76200647652,16.724,37.635,24.318,18.95,10.41,10.4
20241115183953.2,1425.25000423193,16.746,37.662,24.326,18.952,10.404,10.422
20241115183953.7,1425.73500461876,16.728,37.67,24.343,18.976,10.402,10.42
20241115183954.2,1426.21899917722,16.742,37.697,24.351,18.98,10.385,10.414
20241115183954.7,1426.699000597,16.756,37.728,24.379,18.966,10.412,10.418
20241115183955.1,1427.18400098383,16.742,37.746,24.41,18.98,10.383,10.42
20241115183955.6,1427.66800560057,16.758,37.786,24.422,18.972,10.393,10.422
20241115183956.1,1428.15200015903,16.732,37.808,24.439,18.994,10.418,10.412
20241115183956.6,1428.63700054586,16.752,37.854,24.455,19.021,10.389,10.414
20241115183957.1,1429.11700196564,16.768,37.933,24.475,19.031,10.402,10.41
20241115183957.6,1429.60200235248,16.776,38.009,24.506,19.045,10.389,10.412
20241115183958,1430.08200377226,16.798,38.069,24.516,19.051,10.383,10.408
20241115183958.5,1430.57000152767,16.803,38.083,24.545,19.063,10.393,10.416
20241115183959,1431.0550019145,16.847,38.086,24.516,19.067,10.391,10.42
20241115183959.5,1431.55100606382,16.831,38.1,24.549,19.075,10.385,10.416
20241115183960,1432.03500062227,16.865,38.133,24.527,19.067,10.406,10.406
20241115184000.5,1432.52000100911,16.855,38.16,24.549,19.061,10.395,10.416
20241115184001,1433.00000242889,16.857,38.193,24.553,19.099,10.393,10.408
20241115184001.4,1433.4880001843,16.875,38.266,24.6,19.099,10.395,10.412
20241115184001.9,1433.98500010371,16.869,38.288,24.618,19.122,10.379,10.414
20241115184002.4,1434.47700105608,16.889,38.319,24.635,19.11,10.393,10.406
20241115184002.9,1434.96100567281,16.897,38.34,24.649,19.128,10.395,10.42
20241115184003.4,1435.44200286269,16.891,38.361,24.655,19.13,10.41,10.41
20241115184003.9,1435.9300006181,16.92,38.379,24.665,19.128,10.387,10.406
20241115184004.4,1436.41400523484,16.904,38.412,24.651,19.15,10.379,10.42
20241115184004.9,1436.89900562167,16.906,38.367,24.645,19.14,10.395,10.402
20241115184005.3,1437.38300018013,16.899,38.408,24.651,19.138,10.395,10.408
20241115184005.8,1437.86300159991,16.859,38.431,24.665,19.144,10.4,10.416
20241115184006.3,1438.34800198674,16.821,38.433,24.655,19.138,10.365,10.416
20241115184006.8,1438.83200660348,16.803,38.452,24.657,19.134,10.387,10.412
20241115184007.3,1439.31700699031,16.801,38.456,24.651,19.112,10.379,10.402
20241115184007.8,1439.79699835181,16.805,38.452,24.602,19.118,10.412,10.408
20241115184008.2,1440.28100296855,16.77,38.456,24.637,19.095,10.387,10.432
20241115184008.7,1440.76600335538,16.714,38.501,24.637,19.118,10.367,10.42
20241115184009.2,1441.24600477517,16.722,38.559,24.651,19.142,10.4,10.426
20241115184009.7,1441.73499830067,16.697,38.574,24.688,19.128,10.395,10.414
20241115184010.2,1442.21100658178,16.695,38.619,24.69,19.158,10.393,10.436
20241115184010.6,1442.69500114024,16.71,38.656,24.731,19.162,10.393,10.408
20241115184011.1,1443.18000152707,16.714,38.71,24.735,19.142,10.379,10.412
20241115184011.6,1443.66400614381,16.738,38.702,24.768,19.162,10.398,10.42
20241115184012.1,1444.14900653064,16.762,38.758,24.77,19.158,10.383,10.42
20241115184012.6,1444.6330010891,16.762,38.81,24.757,19.166,10.389,10.418
20241115184013.1,1445.11300250888,16.776,38.789,24.774,19.184,10.398,10.418
20241115184013.6,1445.61299979687,16.76,38.805,24.798,19.162,10.412,10.422
20241115184014.1,1446.0980001837,16.768,38.834,24.78,19.172,10.4,10.402
20241115184014.5,1446.58200480044,16.772,38.838,24.798,19.166,10.393,10.416
20241115184015,1447.07000255585,16.758,38.847,24.802,19.188,10.408,10.398
20241115184015.5,1447.54700660706,16.782,38.838,24.802,19.174,10.404,10.424
20241115184016,1448.04700389504,16.782,38.878,24.77,19.158,10.404,10.408
20241115184016.5,1448.53500165045,16.768,38.857,24.776,19.152,10.387,10.41
20241115184017,1449.02000203729,16.754,38.859,24.755,19.15,10.398,10.42
20241115184017.5,1449.5079997927,16.732,38.867,24.741,19.152,10.389,10.426
20241115184017.9,1449.98800121248,16.736,38.853,24.755,19.164,10.389,10.406
20241115184018.4,1450.47700479627,16.762,38.921,24.778,19.162,10.379,10.42
20241115184018.9,1450.96500255167,16.742,38.952,24.79,19.174,10.389,10.408
20241115184019.4,1451.44900716841,16.75,39.004,24.819,19.168,10.387,10.412
20241115184019.9,1451.93399749696,16.752,39.045,24.809,19.188,10.4,10.408
20241115184020.4,1452.4180021137,16.748,39.083,24.855,19.194,10.406,10.412
20241115184020.9,1452.90200673044,16.746,39.14,24.87,19.207,10.375,10.41
20241115184021.3,1453.38700711727,16.742,39.172,24.898,19.221,10.387,10.406
20241115184021.8,1453.87100167572,16.76,39.223,24.919,19.245,10.391,10.418
20241115184022.3,1454.35600206256,16.774,39.277,24.956,19.235,10.375,10.41
20241115184022.8,1454.83600348234,16.77,39.296,24.968,19.261,10.4,10.4
20241115184023.3,1455.32400123775,16.776,39.325,24.95,19.239,10.393,10.416
20241115184023.8,1455.80900162458,16.803,39.354,24.96,19.263,10.4,10.4
20241115184024.2,1456.28499984741,16.809,39.374,24.96,19.255,10.395,10.412
20241115184024.7,1456.78500719368,16.829,39.434,25.007,19.267,10.412,10.398
20241115184025.2,1457.27400071919,16.859,39.453,24.997,19.297,10.398,10.422
20241115184025.7,1457.75400213897,16.865,39.486,24.992,19.279,10.4,10.41
20241115184026.2,1458.23499932885,16.867,39.451,24.97,19.287,10.402,10.418
20241115184026.7,1458.72300714254,16.881,39.463,24.978,19.281,10.391,10.42
20241115184027.2,1459.22300443053,16.873,39.455,24.958,19.259,10.389,10.4
20241115184027.7,1459.70300585032,16.881,39.465,24.952,19.241,10.385,10.393
20241115184028.1,1460.19199937582,16.853,39.496,24.95,19.253,10.383,10.414
20241115184028.6,1460.6720007956,16.837,39.548,24.968,19.275,10.395,10.41
20241115184029.1,1461.15200221539,16.801,39.577,24.996,19.275,10.395,10.412
20241115184029.6,1461.63700260222,16.768,39.587,25.011,19.273,10.379,10.4
20241115184030.1,1462.117004022,16.774,39.622,24.988,19.271,10.393,10.412
20241115184030.6,1462.63300403953,16.758,39.701,25.023,19.299,10.391,10.412
20241115184031.1,1463.11699859798,16.72,39.722,25.062,19.297,10.391,10.41
20241115184031.6,1463.60199898481,16.702,39.794,25.08,19.332,10.404,10.406
20241115184032,1464.08600360155,16.706,39.804,25.084,19.322,10.391,10.41
20241115184032.5,1464.56999816,16.71,39.825,25.117,19.34,10.391,10.42
20241115184033,1465.05100540817,16.706,39.84,25.125,19.344,10.387,10.404
20241115184033.5,1465.53100682795,16.718,39.836,25.121,19.336,10.404,10.414
20241115184034,1466.01600721478,16.744,39.848,25.086,19.32,10.381,10.391
20241115184034.4,1466.49599857628,16.732,39.873,25.095,19.338,10.389,10.406
20241115184034.9,1466.98500216007,16.72,39.883,25.08,19.322,10.391,10.416
20241115184035.4,1467.46500357985,16.704,39.922,25.07,19.31,10.4,10.414
20241115184035.9,1467.94899813831,16.681,39.866,25.023,19.303,10.393,10.41
20241115184036.4,1468.4380017221,16.657,39.881,25.019,19.301,10.402,10.393
20241115184036.9,1468.93799901009,16.633,39.896,25.056,19.312,10.389,10.41
20241115184037.4,1469.41800042987,16.617,39.955,25.048,19.322,10.4,10.412
20241115184037.9,1469.90200504661,16.605,39.995,25.035,19.316,10.398,10.424
20241115184038.4,1470.39900496602,16.596,39.978,25.062,19.326,10.389,10.42
20241115184038.8,1470.88299952447,16.554,40.007,25.093,19.324,10.385,10.395
20241115184039.3,1471.36700414121,16.562,40.055,25.091,19.308,10.377,10.408
20241115184039.8,1471.85200452805,16.564,40.078,25.088,19.324,10.389,10.408
20241115184040.3,1472.33200594783,16.578,40.088,25.107,19.328,10.395,10.414
20241115184040.8,1472.81700633466,16.578,40.123,25.115,19.338,10.395,10.422
20241115184041.3,1473.30500409007,16.592,40.183,25.15,19.342,10.375,10.404
20241115184041.7,1473.78500550985,16.609,40.22,25.152,19.316,10.393,10.41
20241115184042.2,1474.26600269973,16.607,40.237,25.133,19.336,10.393,10.42
20241115184042.7,1474.74600411952,16.617,40.2,25.101,19.314,10.385,10.412
20241115184043.2,1475.22700130939,16.586,40.152,25.091,19.31,10.383,10.406
20241115184043.7,1475.70700272918,16.57,40.185,25.086,19.301,10.389,10.408
20241115184044.1,1476.19500048459,16.554,40.191,25.095,19.314,10.373,10.404
20241115184044.6,1476.68400406837,16.536,40.228,25.117,19.308,10.398,10.412
20241115184045.1,1477.16400548816,16.518,40.245,25.139,19.32,10.373,10.41
20241115184045.6,1477.64900587499,16.502,40.32,25.16,19.336,10.398,10.395
20241115184046.1,1478.1370036304,16.524,40.392,25.213,19.356,10.4,10.418
20241115184046.6,1478.62099818885,16.514,40.485,25.246,19.362,10.398,10.398
20241115184047.1,1479.10599857569,16.481,40.531,25.242,19.36,10.389,10.406
20241115184047.6,1479.60200272501,16.483,40.559,25.244,19.364,10.381,10.422
20241115184048,1480.08600734174,16.473,40.568,25.232,19.346,10.4,10.41
20241115184048.5,1480.58600462973,16.433,40.557,25.18,19.34,10.387,10.414
20241115184049,1481.06700181961,16.453,40.553,25.211,19.34,10.404,10.404
20241115184049.5,1481.55499957502,16.451,40.562,25.178,19.348,10.4,10.398
20241115184050,1482.0350009948,16.461,40.57,25.193,19.342,10.381,10.422
20241115184050.5,1482.52000138164,16.467,40.595,25.197,19.348,10.381,10.412
20241115184051,1483.00400599837,16.479,40.588,25.217,19.318,10.379,10.391
20241115184051.4,1483.48500318825,16.479,40.59,25.213,19.322,10.387,10.424
20241115184051.9,1483.97300094366,16.465,40.591,25.199,19.332,10.391,10.426
20241115184052.4,1484.4570055604,16.465,40.588,25.176,19.31,10.404,10.41
20241115184052.9,1484.93800275028,16.431,40.611,25.209,19.33,10.379,10.414
20241115184053.4,1485.43000370264,16.437,40.657,25.217,19.33,10.398,10.414
20241115184053.9,1485.91000512242,16.453,40.727,25.225,19.336,10.4,10.406
20241115184054.3,1486.39500550926,16.469,40.795,25.26,19.334,10.369,10.4
20241115184054.8,1486.87900006771,16.489,40.888,25.321,19.372,10.387,10.41
20241115184055.3,1487.37900741398,16.485,40.959,25.313,19.392,10.391,10.438
20241115184055.8,1487.87900470197,16.52,41.002,25.344,19.382,10.385,10.42
20241115184056.3,1488.37499879301,16.512,41.091,25.344,19.4,10.406,10.414
20241115184056.8,1488.8630066067,16.532,41.149,25.391,19.413,10.393,10.412
20241115184057.3,1489.35600332916,16.556,41.151,25.358,19.402,10.395,10.43
20241115184057.8,1489.83600474894,16.566,41.108,25.346,19.37,10.383,10.418
20241115184058.3,1490.31999930739,16.576,41.163,25.37,19.388,10.404,10.406
20241115184058.8,1490.80900289118,16.564,41.213,25.375,19.4,10.402,10.42
20241115184059.2,1491.28900431097,16.538,41.221,25.387,19.4,10.391,10.408
20241115184059.7,1491.784998402,16.564,41.24,25.397,19.411,10.383,10.41
20241115184100.2,1492.27400198579,16.544,41.283,25.385,19.405,10.383,10.406
20241115184100.7,1492.75400340557,16.564,41.31,25.417,19.402,10.381,10.416
20241115184101.2,1493.23799796402,16.582,41.381,25.432,19.419,10.391,10.43
20241115184101.7,1493.72299835086,16.568,41.372,25.428,19.413,10.387,10.422
20241115184102.2,1494.2070029676,16.574,41.377,25.424,19.419,10.412,10.404
20241115184102.6,1494.68800015748,16.592,41.412,25.43,19.423,10.398,10.404
20241115184103.1,1495.17599791288,16.588,41.41,25.44,19.445,10.383,10.414
20241115184103.6,1495.6720020622,16.6,41.414,25.424,19.445,10.393,10.41
20241115184104.1,1496.17199935019,16.623,41.41,25.422,19.447,10.381,10.434
20241115184104.6,1496.65600396693,16.596,41.416,25.47,19.445,10.389,10.42
20241115184105.1,1497.14100435376,16.56,41.509,25.495,19.455,10.402,10.412
20241115184105.6,1497.62100577354,16.552,41.55,25.513,19.473,10.387,10.393
20241115184106.1,1498.10600616038,16.56,41.617,25.526,19.473,10.385,10.416
20241115184106.5,1498.59400391579,16.57,41.66,25.528,19.499,10.404,10.42
20241115184107,1499.08600486815,16.552,41.695,25.569,19.483,10.395,10.418
20241115184107.5,1499.57400262356,16.534,41.741,25.577,19.491,10.4,10.412
20241115184108,1500.07000677288,16.544,41.782,25.563,19.483,10.402,10.41
20241115184108.5,1500.55500715971,16.556,41.796,25.577,19.497,10.398,10.412
20241115184109,1501.03900171816,16.558,41.801,25.583,19.497,10.398,10.41
20241115184109.5,1501.52699947357,16.556,41.77,25.558,19.505,10.389,10.406
20241115184110,1502.00000032783,16.566,41.838,25.591,19.503,10.418,10.42
20241115184110.4,1502.48799808323,16.586,41.836,25.575,19.489,10.395,10.4
20241115184110.9,1502.97299847007,16.564,41.788,25.53,19.491,10.4,10.42
20241115184111.4,1503.46100628376,16.572,41.743,25.511,19.461,10.383,10.408
20241115184111.9,1503.94900403917,16.54,41.736,25.517,19.449,10.383,10.426
20241115184112.4,1504.43799756467,16.554,41.767,25.497,19.459,10.4,10.412
20241115184112.9,1504.92600537837,16.54,41.763,25.522,19.481,10.408,10.418
20241115184113.4,1505.40600679815,16.548,41.817,25.536,19.471,10.412,10.416
20241115184113.8,1505.88700398803,16.558,41.819,25.579,19.467,10.391,10.442
20241115184114.3,1506.36700540781,16.564,41.867,25.599,19.477,10.389,10.414
20241115184114.8,1506.85599893332,16.558,41.972,25.646,19.487,10.404,10.43
20241115184115.3,1507.34799988568,16.582,42.067,25.671,19.501,10.402,10.389
20241115184115.8,1507.83200450242,16.576,42.101,25.685,19.534,10.389,10.414
20241115184116.3,1508.32000225782,16.55,42.113,25.681,19.514,10.398,10.408
20241115184116.8,1508.80500264466,16.556,42.167,25.728,19.534,10.402,10.426
20241115184117.2,1509.29300040007,16.572,42.272,25.75,19.528,10.387,10.42
20241115184117.9,1509.90199930966,16.596,42.345,25.789,19.55,10.393,10.414
20241115184118.3,1510.39100289345,16.625,42.367,25.775,19.548,10.383,10.41
20241115184118.8,1510.87100431323,16.637,42.403,25.785,19.578,10.406,10.42
20241115184119.3,1511.37100160122,16.647,42.46,25.802,19.576,10.398,10.414
20241115184119.8,1511.85600198805,16.655,42.51,25.814,19.604,10.41,10.422
20241115184120.3,1512.34399974346,16.649,42.516,25.83,19.615,10.393,10.42
20241115184120.8,1512.84000389278,16.675,42.543,25.857,19.609,10.4,10.434
20241115184121.3,1513.32399845123,16.697,42.57,25.859,19.607,10.391,10.414
20241115184121.8,1513.8050056994,16.687,42.591,25.895,19.639,10.404,10.42
20241115184122.2,1514.2930034548,16.691,42.653,25.889,19.647,10.398,10.412
20241115184122.7,1514.77699801326,16.689,42.676,25.867,19.623,10.404,10.41
20241115184123.2,1515.26600159705,16.677,42.696,25.883,19.629,10.402,10.426
20241115184123.7,1515.76599888504,16.665,42.709,25.865,19.633,10.416,10.412
20241115184124.2,1516.25000350177,16.635,42.702,25.855,19.637,10.408,10.422
20241115184124.7,1516.73500388861,16.625,42.69,25.836,19.611,10.418,10.418
20241115184125.2,1517.21899844706,16.6,42.719,25.869,19.619,10.395,10.402
20241115184125.7,1517.71900579333,16.603,42.773,25.918,19.645,10.408,10.4
20241115184126.2,1518.20300035179,16.59,42.837,25.928,19.641,10.398,10.42
20241115184126.6,1518.68800073862,16.603,42.884,25.951,19.667,10.398,10.422
20241115184127.1,1519.1680021584,16.601,42.976,25.973,19.679,10.393,10.416
20241115184127.6,1519.65200677514,16.603,42.994,25.975,19.675,10.402,10.42
20241115184128.1,1520.13700716197,16.641,43.066,25.992,19.675,10.418,10.426
20241115184128.6,1520.63700444996,16.601,43.112,25.998,19.683,10.389,10.418
20241115184129.1,1521.11700586975,16.617,43.176,26.02,19.703,10.41,10.434
20241115184129.6,1521.60599939525,16.615,43.211,26.032,19.716,10.406,10.4
20241115184130,1522.09000401199,16.633,43.236,26.061,19.716,10.402,10.414
20241115184130.5,1522.57000543177,16.637,43.292,26.069,19.732,10.387,10.408
20241115184131,1523.05899895728,16.647,43.364,26.061,19.734,10.395,10.41
20241115184131.5,1523.55900630355,16.641,43.406,26.098,19.744,10.395,10.412
20241115184132,1524.03899766505,16.679,43.46,26.157,19.778,10.412,10.412
20241115184132.5,1524.52700547874,16.7,43.549,26.153,19.78,10.418,10.418
20241115184133,1525.01200586557,16.693,43.611,26.175,19.8,10.408,10.424
20241115184133.4,1525.49199722707,16.675,43.652,26.218,19.798,10.402,10.414
20241115184133.9,1525.99200457335,16.667,43.7,26.226,19.809,10.416,10.416
20241115184134.4,1526.48799866438,16.649,43.73,26.247,19.837,10.406,10.402
20241115184134.9,1526.97700224817,16.657,43.79,26.269,19.839,10.408,10.408
20241115184135.4,1527.46100686491,16.689,43.861,26.288,19.859,10.4,10.414
20241115184135.9,1527.94500142336,16.71,43.884,26.308,19.873,10.4,10.414
20241115184136.4,1528.43000181019,16.714,43.869,26.29,19.849,10.4,10.42
20241115184136.9,1528.91400642693,16.738,43.904,26.312,19.869,10.408,10.412
20241115184137.4,1529.40200418234,16.756,43.935,26.331,19.863,10.395,10.404
20241115184137.8,1529.89099770784,16.764,43.977,26.341,19.881,10.404,10.43
20241115184138.3,1530.37500232458,16.782,43.983,26.359,19.899,10.414,10.408
20241115184138.8,1530.85599951446,16.794,44.014,26.374,19.887,10.414,10.414
20241115184139.3,1531.34400732815,16.805,44.068,26.372,19.916,10.4,10.398
20241115184139.8,1531.82399868965,16.831,44.101,26.37,19.918,10.41,10.416
20241115184140.3,1532.30899907649,16.819,44.14,26.419,19.944,10.41,10.44
20241115184140.7,1532.79300369322,16.869,44.204,26.455,19.942,10.408,10.406
20241115184141.2,1533.27699825168,16.845,44.277,26.492,19.964,10.398,10.418
20241115184141.7,1533.75800549984,16.875,44.326,26.504,19.966,10.43,10.42
20241115184142.2,1534.24200005829,16.877,44.415,26.525,19.972,10.398,10.426
20241115184142.7,1534.73500683904,16.881,44.473,26.564,19.988,10.402,10.424
20241115184143.2,1535.21900139749,16.885,44.554,26.539,19.992,10.408,10.412
20241115184143.7,1535.71899868548,16.883,44.585,26.527,19.996,10.4,10.408
20241115184144.2,1536.19900010526,16.851,44.62,26.537,20.031,10.416,10.412
20241115184144.6,1536.6840004921,16.837,44.626,26.521,20.015,10.393,10.418
20241115184145.1,1537.18800097704,16.817,44.606,26.541,20.002,10.387,10.422
20241115184145.6,1537.69499883056,16.798,44.628,26.545,20.017,10.395,10.424
20241115184146.1,1538.19199874997,16.807,44.624,26.56,20.017,10.406,10.428
20241115184146.6,1538.67600336671,16.811,44.61,26.555,20.025,10.418,10.418
20241115184147.1,1539.15600478649,16.799,44.643,26.558,19.994,10.4,10.422
20241115184147.6,1539.644998312,16.805,44.682,26.553,20.027,10.408,10.426
20241115184148.1,1540.13300612569,16.805,44.721,26.558,20.047,10.398,10.412
20241115184148.6,1540.61000011861,16.819,44.792,26.58,20.025,10.416,10.406
20241115184149.1,1541.10200107098,16.827,44.847,26.613,20.051,10.408,10.416
20241115184149.5,1541.58200249076,16.827,44.912,26.631,20.065,10.398,10.436
20241115184150,1542.06700287759,16.845,44.856,26.611,20.051,10.395,10.422
20241115184150.5,1542.55100749433,16.849,44.891,26.615,20.041,10.406,10.424
20241115184151,1543.03500205278,16.871,44.961,26.645,20.057,10.387,10.406
20241115184151.5,1543.51599924266,16.877,45.025,26.658,20.071,10.41,10.412
20241115184152,1544.0000038594,16.863,45.05,26.668,20.065,10.398,10.414
20241115184152.4,1544.48500424623,16.851,45.108,26.696,20.089,10.41,10.414
20241115184152.9,1544.96899880469,16.823,45.154,26.715,20.083,10.416,10.404
20241115184153.4,1545.45300342143,16.807,45.174,26.709,20.103,10.404,10.432
20241115184153.9,1545.93800380826,16.784,45.162,26.713,20.081,10.404,10.414
20241115184154.4,1546.41800522804,16.768,45.226,26.713,20.101,10.422,10.41
20241115184154.9,1546.9019997865,16.746,45.247,26.721,20.093,10.402,10.418
20241115184155.3,1547.38700017333,16.718,45.321,26.731,20.103,10.404,10.424
20241115184155.8,1547.87499792874,16.714,45.371,26.762,20.108,10.414,10.416
20241115184156.3,1548.37100207806,16.73,45.423,26.756,20.106,10.404,10.416
20241115184156.8,1548.85600246489,16.73,45.483,26.792,20.118,10.412,10.422
20241115184157.3,1549.3440002203,16.744,45.551,26.805,20.142,10.41,10.416
20241115184157.8,1549.84400756657,16.77,45.592,26.819,20.152,10.398,10.434
20241115184158.3,1550.34000165761,16.776,45.652,26.835,20.152,10.406,10.406
20241115184158.8,1550.83600580692,16.796,45.706,26.891,20.18,10.4,10.422
20241115184159.3,1551.32400356233,16.817,45.76,26.893,20.194,10.404,10.42
20241115184159.8,1551.80900394917,16.829,45.828,26.935,20.192,10.41,10.418
20241115184200.2,1552.29299850762,16.817,45.861,26.95,20.235,10.402,10.416
20241115184200.7,1552.78900265694,16.811,45.853,26.944,20.209,10.4,10.43
20241115184201.2,1553.27700041234,16.811,45.898,26.968,20.225,10.408,10.428
20241115184201.7,1553.77000719309,16.811,45.911,26.946,20.227,10.412,10.426
20241115184202.2,1554.2580049485,16.821,45.909,26.925,20.223,10.389,10.406
20241115184202.7,1554.75800223649,16.805,45.911,26.929,20.198,10.414,10.412
20241115184203.2,1555.23800365627,16.794,45.946,26.933,20.217,10.4,10.404
20241115184203.7,1555.7230040431,16.788,45.979,26.944,20.213,10.393,10.406
20241115184204.2,1556.20699860156,16.788,46.012,26.935,20.217,10.408,10.416
20241115184204.6,1556.69199898839,16.784,46.064,26.927,20.223,10.412,10.43
20241115184205.1,1557.17600360513,16.794,46.111,26.938,20.215,10.391,10.428
20241115184205.6,1557.65600502491,16.817,46.184,26.94,20.2,10.404,10.408
20241115184206.1,1558.1560023129,16.794,46.242,26.944,20.206,10.393,10.418
20241115184206.7,1558.77700075507,16.792,46.264,26.935,20.204,10.393,10.416
20241115184207.2,1559.26600433886,16.803,46.308,26.958,20.237,10.4,10.424
20241115184207.7,1559.74999889731,16.807,46.391,26.993,20.249,10.412,10.418
20241115184208.2,1560.23100614548,16.792,46.391,27.034,20.261,10.404,10.426
20241115184208.7,1560.71900390089,16.799,46.436,27.017,20.257,10.393,10.408
20241115184209.2,1561.20299845934,16.827,46.502,27.06,20.243,10.385,10.404
20241115184209.7,1561.70300580561,16.835,46.531,27.042,20.267,10.4,10.424
20241115184210.1,1562.18400299549,16.859,46.585,27.06,20.255,10.404,10.414
20241115184210.6,1562.68800348043,16.853,46.612,27.06,20.253,10.404,10.43
20241115184211.1,1563.18399757147,16.875,46.628,27.074,20.261,10.412,10.414
20241115184211.6,1563.68799805641,16.883,46.668,27.058,20.253,10.404,10.426
20241115184212.1,1564.1760058701,16.873,46.678,27.093,20.255,10.398,10.42
20241115184212.6,1564.66000042856,16.908,46.732,27.095,20.293,10.4,10.404
20241115184213.1,1565.15600457788,16.92,46.806,27.126,20.303,10.402,10.41
20241115184213.6,1565.64900130033,16.869,46.937,27.17,20.301,10.387,10.41
20241115184214.1,1566.13699905574,16.867,46.941,27.172,20.289,10.416,10.424
20241115184214.6,1566.6490059346,16.809,46.966,27.154,20.291,10.412,10.412
20241115184215.1,1567.13300049305,16.807,47.013,27.154,20.299,10.412,10.391
20241115184215.6,1567.62099824846,16.788,47.036,27.168,20.305,10.412,10.416
20241115184216.1,1568.11000183225,16.774,47.059,27.142,20.299,10.412,10.41
20241115184216.5,1568.59400644898,16.764,47.082,27.15,20.32,10.4,10.436
20241115184217,1569.09400373697,16.766,47.082,27.146,20.279,10.395,10.408
20241115184217.5,1569.58999782801,16.75,47.088,27.142,20.289,10.402,10.4
20241115184218,1570.0780056417,16.748,47.137,27.168,20.275,10.395,10.404
20241115184218.5,1570.56300602853,16.766,47.173,27.134,20.293,10.402,10.424
20241115184219,1571.04700058699,16.766,47.199,27.142,20.308,10.408,10.422
20241115184219.5,1571.52700200677,16.758,47.243,27.152,20.297,10.41,10.404
20241115184220,1572.0120023936,16.786,47.259,27.17,20.326,10.389,10.412
20241115184220.4,1572.49600701034,16.782,47.266,27.201,20.324,10.393,10.436
20241115184220.9,1572.98099733889,16.799,47.336,27.222,20.332,10.393,10.387
20241115184221.4,1573.46500195563,16.815,47.375,27.217,20.336,10.414,10.406
20241115184221.9,1573.95299971104,16.811,47.431,27.213,20.324,10.416,10.422
20241115184222.4,1574.44200329483,16.807,47.477,27.217,20.346,10.385,10.42
20241115184222.9,1574.92599785328,16.796,47.46,27.215,20.342,10.4,10.418
20241115184223.4,1575.41400566697,16.788,47.51,27.246,20.322,10.4,10.408
20241115184223.9,1575.89900605381,16.778,47.53,27.25,20.344,10.393,10.416
20241115184224.3,1576.38700380921,16.736,47.555,27.269,20.342,10.4,10.404
20241115184224.8,1576.8870010972,16.718,47.578,27.26,20.338,10.412,10.418
20241115184225.3,1577.37499885261,16.708,47.594,27.26,20.352,10.389,10.42
20241115184225.8,1577.85600610077,16.702,47.642,27.262,20.368,10.383,10.406
20241115184226.3,1578.34400385618,16.714,47.721,27.275,20.368,10.393,10.406
20241115184226.8,1578.84400114417,16.712,47.764,27.269,20.37,10.383,10.402
20241115184227.3,1579.32400256395,16.706,47.795,27.299,20.384,10.379,10.402
20241115184227.8,1579.81699928641,16.714,47.826,27.297,20.372,10.4,10.398
20241115184228.3,1580.30500710011,16.716,47.901,27.33,20.376,10.391,10.418
20241115184228.7,1580.7849984616,16.734,47.945,27.316,20.39,10.406,10.408
20241115184229.2,1581.26999884844,16.758,48.001,27.338,20.394,10.393,10.42
20241115184229.7,1581.77399933338,16.782,48.072,27.371,20.392,10.387,10.406
20241115184230.2,1582.25800395012,16.762,48.12,27.389,20.417,10.391,10.418
20241115184230.7,1582.74199850857,16.752,48.162,27.405,20.404,10.404,10.42
20241115184231.2,1583.22699889541,16.752,48.212,27.43,20.433,10.393,10.418
20241115184231.7,1583.70700031519,16.744,48.277,27.446,20.441,10.4,10.4
20241115184232.2,1584.21100080013,16.724,48.325,27.428,20.433,10.377,10.416
20241115184232.7,1584.70700494945,16.699,48.384,27.444,20.419,10.408,10.418
20241115184233.1,1585.19200533628,16.708,48.423,27.461,20.425,10.414,10.4
20241115184233.6,1585.67599989474,16.706,48.449,27.442,20.459,10.402,10.408
20241115184234.1,1586.15600131452,16.697,48.471,27.43,20.421,10.391,10.42
20241115184234.6,1586.64899803698,16.697,48.536,27.444,20.447,10.393,10.42
20241115184235.1,1587.15600594878,16.704,48.611,27.483,20.457,10.393,10.4
20241115184235.6,1587.64100633562,16.695,48.678,27.481,20.465,10.4,10.416
20241115184236.1,1588.14500682056,16.675,48.716,27.495,20.473,10.383,10.408
20241115184236.6,1588.62499818206,16.669,48.791,27.536,20.473,10.387,10.414
20241115184237.1,1589.10999856889,16.687,48.879,27.55,20.501,10.402,10.404
20241115184237.5,1589.59400318563,16.704,48.973,27.598,20.493,10.4,10.43
20241115184238,1590.07400460541,16.734,49.077,27.642,20.514,10.381,10.424
20241115184238.5,1590.55900499225,16.726,49.176,27.657,20.508,10.387,10.408
20241115184239,1591.0429995507,16.746,49.198,27.64,20.532,10.4,10.422
20241115184239.5,1591.52400679886,16.766,49.253,27.651,20.53,10.387,10.398
20241115184240,1592.00800135732,16.77,49.305,27.677,20.53,10.395,10.404
20241115184240.4,1592.49200597405,16.774,49.345,27.691,20.528,10.391,10.4
20241115184240.9,1592.97700636089,16.76,49.359,27.685,20.536,10.383,10.383
20241115184241.4,1593.45699772239,16.756,49.351,27.655,20.522,10.398,10.412
20241115184241.9,1593.94500553608,16.746,49.311,27.657,20.528,10.398,10.414
20241115184242.4,1594.43000592291,16.75,49.397,27.651,20.51,10.373,10.426
20241115184242.9,1594.9300032109,16.744,49.451,27.669,20.538,10.383,10.418
20241115184243.4,1595.41000463068,16.774,49.493,27.671,20.512,10.408,10.402
20241115184243.8,1595.89500501752,16.794,49.522,27.649,20.536,10.373,10.414
20241115184244.3,1596.37899957597,16.764,49.612,27.683,20.542,10.393,10.408
20241115184244.8,1596.86300419271,16.75,49.664,27.694,20.558,10.371,10.408
20241115184245.3,1597.36000411212,16.722,49.738,27.732,20.552,10.398,10.402
20241115184245.8,1597.84399867058,16.718,49.8,27.74,20.538,10.387,10.393
20241115184246.3,1598.33200648427,16.72,49.869,27.765,20.55,10.391,10.42
20241115184246.8,1598.8280005753,16.714,49.919,27.786,20.572,10.395,10.418
20241115184247.3,1599.30899776518,16.714,49.984,27.763,20.58,10.391,10.402
20241115184247.8,1599.80900511146,16.73,50.003,27.757,20.59,10.389,10.389
20241115184248.2,1600.29299966991,16.738,50.061,27.769,20.578,10.389,10.402
20241115184248.7,1600.79300701618,16.75,50.088,27.786,20.58,10.393,10.412
20241115184249.2,1601.29300430417,16.786,50.139,27.796,20.584,10.385,10.406
20241115184249.7,1601.77699886262,16.788,50.174,27.798,20.598,10.373,10.402
20241115184250.2,1602.2770062089,16.823,50.251,27.814,20.605,10.402,10.412
20241115184250.7,1602.76200659573,16.809,50.31,27.845,20.621,10.391,10.41
20241115184251.2,1603.24199795723,16.839,50.393,27.881,20.643,10.406,10.406
20241115184251.7,1603.7420053035,16.861,50.441,27.916,20.655,10.406,10.4
20241115184252.2,1604.24200259149,16.889,50.521,27.935,20.667,10.4,10.412
20241115184252.7,1604.73800674081,16.897,50.646,27.975,20.669,10.391,10.412
20241115184253.2,1605.22700026631,16.879,50.74,28.012,20.695,10.387,10.41
20241115184253.7,1605.71100488305,16.895,50.776,28.024,20.695,10.389,10.393
20241115184254.3,1606.30900003016,16.899,50.859,28.057,20.714,10.391,10.412
20241115184254.8,1606.80899731815,16.887,50.899,28.053,20.72,10.385,10.41
20241115184255.2,1607.28899873793,16.897,50.962,28.063,20.708,10.383,10.416
20241115184255.7,1607.77399912477,16.91,51.027,28.09,20.734,10.381,10.404
20241115184256.2,1608.26600007713,16.902,51.083,28.123,20.766,10.381,10.398
20241115184256.7,1608.75399783254,16.904,51.146,28.108,20.76,10.375,10.402
20241115184257.2,1609.26999785006,16.9,51.261,28.155,20.754,10.418,10.402
20241115184257.7,1609.7540024668,16.912,51.338,28.18,20.774,10.389,10.398
20241115184258.2,1610.23800708354,16.885,51.411,28.166,20.786,10.383,10.414
20241115184258.7,1610.73800437152,16.887,51.511,28.196,20.811,10.389,10.412
20241115184259.2,1611.22300475836,16.883,51.551,28.192,20.802,10.393,10.414
20241115184259.7,1611.70300617814,16.906,51.603,28.198,20.813,10.398,10.416
20241115184300.1,1612.18800656497,16.899,51.682,28.221,20.79,10.406,10.406
20241115184300.6,1612.69200704992,16.92,51.776,28.235,20.819,10.371,10.418
20241115184301.1,1613.183997944,16.926,51.791,28.237,20.823,10.383,10.42
20241115184301.6,1613.66800256073,16.946,51.862,28.227,20.804,10.389,10.406
20241115184302.1,1614.15600031614,16.958,51.9,28.243,20.825,10.383,10.398
20241115184302.6,1614.64100070298,16.94,51.973,28.229,20.8,10.383,10.416
20241115184303.1,1615.12500531971,16.938,52.01,28.237,20.804,10.383,10.42
20241115184303.6,1615.61000570655,16.942,52.059,28.219,20.806,10.395,10.414
20241115184304.1,1616.11000299454,16.928,52.138,28.255,20.806,10.379,10.391
20241115184304.6,1616.60600714386,16.938,52.236,28.268,20.821,10.381,10.41
20241115184305,1617.09400489926,16.936,52.32,28.307,20.829,10.371,10.428
20241115184305.5,1617.57400631905,16.92,52.37,28.311,20.825,10.375,10.422
20241115184306,1618.06700304151,16.924,52.41,28.309,20.835,10.395,10.395
20241115184306.5,1618.55500079691,16.908,52.48,28.3,20.815,10.381,10.408
20241115184307,1619.05100494623,16.9,52.531,28.282,20.853,10.383,10.395
20241115184307.5,1619.53499950469,16.908,52.568,28.288,20.847,10.387,10.414
20241115184308,1620.01999989152,16.92,52.692,28.307,20.857,10.387,10.408
20241115184308.5,1620.52000723779,16.91,52.838,28.364,20.859,10.379,10.42
20241115184309,1621.00400179625,16.895,52.999,28.441,20.869,10.402,10.398
20241115184309.4,1621.48800641298,16.893,53.109,28.497,20.889,10.398,10.385
20241115184309.9,1621.98800370097,16.875,53.203,28.523,20.91,10.385,10.41
20241115184310.4,1622.47300408781,16.897,53.254,28.497,20.905,10.363,10.414
20241115184310.9,1622.95699864626,16.906,53.318,28.515,20.901,10.381,10.41
20241115184311.4,1623.44199903309,16.914,53.377,28.511,20.897,10.395,10.398
20241115184311.9,1623.93800318241,16.904,53.406,28.494,20.924,10.398,10.4
20241115184312.4,1624.42199774086,16.906,53.458,28.499,20.924,10.387,10.395
20241115184312.9,1624.9060023576,16.859,53.465,28.46,20.91,10.365,10.41
20241115184313.3,1625.38699954748,16.849,53.546,28.462,20.916,10.387,10.404
20241115184313.8,1625.87100416422,16.857,53.638,28.484,20.936,10.377,10.422
20241115184314.3,1626.3520013541,16.835,53.797,28.515,20.926,10.406,10.404
20241115184314.8,1626.83600597084,16.809,53.922,28.513,20.934,10.375,10.414
20241115184315.3,1627.32400372624,16.803,53.995,28.537,20.956,10.373,10.408
20241115184315.8,1627.81300731003,16.798,54.1,28.537,20.95,10.381,10.398
20241115184316.3,1628.29700186849,16.815,54.152,28.556,20.962,10.367,10.41
20241115184316.7,1628.78100648522,16.788,54.275,28.584,20.982,10.377,10.404
20241115184317.2,1629.26600687206,16.77,54.361,28.593,20.976,10.385,10.383
20241115184317.7,1629.75799776614,16.766,54.43,28.607,20.972,10.41,10.408
20241115184318.2,1630.27399778366,16.798,54.551,28.617,21.004,10.404,10.402
20241115184318.7,1630.75399920344,16.796,54.659,28.666,20.996,10.373,10.406
20241115184319.2,1631.26999922097,16.831,54.781,28.693,21.021,10.385,10.395
20241115184319.7,1631.7540038377,16.813,54.929,28.732,21.015,10.381,10.398
20241115184320.2,1632.24999792874,16.851,55.081,28.709,21.035,10.389,10.414
20241115184320.7,1632.73800574243,16.879,55.192,28.781,21.053,10.387,10.404
20241115184321.2,1633.21900293231,16.869,55.313,28.811,21.087,10.391,10.416
20241115184321.7,1633.70700068772,16.879,55.457,28.852,21.108,10.367,10.41
20241115184322.1,1634.19200107455,16.899,55.558,28.891,21.116,10.363,10.428
20241115184322.6,1634.68800522387,16.906,55.666,28.932,21.144,10.387,10.4
20241115184323.1,1635.1839993149,16.918,55.76,28.913,21.138,10.387,10.402
20241115184323.6,1635.6720071286,16.887,55.834,28.905,21.148,10.387,10.406
20241115184324.1,1636.1519984901,16.865,55.898,28.848,21.13,10.402,10.393
20241115184324.6,1636.64100207388,16.849,56.017,28.891,21.134,10.381,10.4
20241115184325.1,1637.12500669062,16.849,56.134,28.885,21.148,10.373,10.406
20241115184325.6,1637.61300444603,16.887,56.23,28.911,21.138,10.379,10.393
20241115184326,1638.09400163591,16.879,56.341,28.911,21.166,10.394,10.402
20241115184326.5,1638.5939989239,16.863,56.45,28.958,21.192,10.387,10.42
20241115184327,1639.07800354064,16.859,56.575,28.999,21.198,10.41,10.414
20241115184327.5,1639.56300392747,16.867,56.671,29.022,21.198,10.396,10.385
20241115184328,1640.04300534725,16.869,56.799,29.03,21.214,10.406,10.428
20241115184328.5,1640.52699990571,16.887,56.922,29.036,21.229,10.379,10.39
20241115184329,1641.01200029254,16.889,57.07,29.079,21.225,10.394,10.394
20241115184329.4,1641.49600490928,16.926,57.208,29.069,21.243,10.396,10.418
20241115184329.9,1641.99199900031,16.899,57.335,29.068,21.265,10.39,10.412
20241115184330.4,1642.49200634658,16.926,57.534,29.097,21.263,10.394,10.422
20241115184330.9,1642.97700673342,16.94,57.668,29.138,21.297,10.406,10.422
20241115184331.4,1643.45699809492,16.936,57.799,29.142,21.285,10.398,10.42
20241115184331.9,1643.94500590861,16.952,57.906,29.12,21.303,10.379,10.42
20241115184332.4,1644.43000629544,16.966,58.054,29.148,21.295,10.39,10.404
20241115184332.9,1644.9140008539,16.966,58.202,29.195,21.332,10.385,10.41
20241115184333.4,1645.39900124073,16.966,58.324,29.212,21.332,10.392,10.41
20241115184333.8,1645.89500539005,16.936,58.449,29.203,21.338,10.398,10.424
20241115184334.3,1646.3789999485,16.934,58.602,29.238,21.334,10.381,10.414
20241115184334.8,1646.86699770391,16.926,58.737,29.263,21.338,10.396,10.428
20241115184335.3,1647.34800495207,16.938,58.858,29.254,21.368,10.379,10.42
20241115184335.8,1647.82800637186,16.95,58.975,29.291,21.376,10.377,10.406
20241115184336.3,1648.32800365984,16.95,59.088,29.281,21.382,10.41,10.4
20241115184336.8,1648.81300404668,16.962,59.205,29.285,21.392,10.387,10.404
20241115184337.2,1649.29300546646,16.974,59.349,29.303,21.378,10.394,10.416
20241115184337.7,1649.78100322187,16.99,59.502,29.303,21.384,10.396,10.402
20241115184338.2,1650.27000680566,16.998,59.65,29.365,21.4,10.387,10.412
20241115184338.7,1650.76199769974,17.013,59.786,29.346,21.453,10.387,10.398
20241115184339.2,1651.25800184906,17.013,59.957,29.353,21.416,10.367,10.4
20241115184339.7,1651.74200646579,17.015,60.114,29.365,21.384,10.377,10.404
20241115184340.2,1652.22700685263,17.023,60.254,29.371,21.394,10.385,10.398
20241115184340.7,1652.70699821413,17.029,60.406,29.404,21.429,10.4,10.418
20241115184341.2,1653.2270014286,17.023,60.513,29.395,21.435,10.381,10.42
20241115184341.7,1653.72699871659,17.017,60.656,29.393,21.433,10.394,10.404
20241115184342.2,1654.22300286591,17.004,60.832,29.391,21.437,10.392,10.398
20241115184342.7,1654.70700748265,17,61.03,29.451,21.416,10.392,10.414
20241115184343.2,1655.19899837673,17,61.173,29.475,21.433,10.404,10.379
20241115184343.6,1655.69200515747,16.996,61.385,29.471,21.469,10.386,10.392
20241115184344.1,1656.17599971592,16.99,61.53,29.491,21.463,10.39,10.426
20241115184344.6,1656.65199793875,16.974,61.708,29.479,21.487,10.39,10.416
20241115184345.1,1657.14100152254,16.962,61.872,29.502,21.475,10.388,10.414
20241115184345.6,1657.62100294232,16.946,62.038,29.499,21.481,10.388,10.422
20241115184346.1,1658.10600332916,16.928,62.183,29.526,21.493,10.392,10.42
20241115184346.5,1658.59400108457,16.954,62.334,29.516,21.481,10.39,10.396
20241115184347,1659.08199883997,16.93,62.515,29.526,21.491,10.398,10.4
20241115184347.5,1659.56699922681,16.924,62.685,29.546,21.485,10.408,10.414
20241115184348,1660.07000394166,16.95,62.847,29.555,21.477,10.383,10.428
20241115184348.5,1660.55899746716,16.946,63.036,29.542,21.489,10.39,10.408
20241115184349,1661.05900481343,16.946,63.288,29.551,21.489,10.379,10.406
20241115184349.5,1661.55499890447,16.964,63.483,29.549,21.481,10.377,10.404
20241115184350,1662.05500625074,16.96,63.675,29.573,21.499,10.396,10.396
20241115184350.5,1662.53900080919,16.95,63.899,29.602,21.509,10.4,10.43
20241115184351,1663.02400119603,16.994,64.048,29.62,21.497,10.402,10.42
20241115184351.5,1663.51199895144,17.004,64.24,29.606,21.481,10.371,10.406
20241115184352,1664.01200629771,16.996,64.405,29.591,21.489,10.398,10.404
20241115184352.4,1664.49600085616,17.001,64.581,29.609,21.478,10.391,10.413
20241115184352.9,1664.98500443995,16.985,64.753,29.596,21.478,10.399,10.421
20241115184353.4,1665.4689989984,16.965,64.92,29.593,21.463,10.377,10.396
20241115184353.9,1665.96500314772,16.932,65.151,29.587,21.457,10.41,10.402
20241115184354.4,1666.46500043571,16.938,65.368,29.598,21.476,10.393,10.419
20241115184354.9,1666.9649977237,16.916,65.64,29.619,21.45,10.379,10.425
20241115184355.4,1667.46500506997,16.9,65.936,29.645,21.465,10.367,10.408
20241115184355.9,1667.96099916101,16.895,66.178,29.677,21.501,10.396,10.414
20241115184356.4,1668.44500377774,16.869,66.483,29.7,21.493,10.381,10.4
20241115184356.9,1668.94500106573,16.829,66.773,29.728,21.523,10.402,10.418
20241115184357.4,1669.43000145257,16.833,67.078,29.739,21.517,10.381,10.416
20241115184357.9,1669.91000287235,16.833,67.344,29.783,21.548,10.39,10.41
20241115184358.3,1670.39500325918,16.835,67.624,29.812,21.576,10.406,10.406
20241115184358.8,1670.87899781764,16.863,67.918,29.828,21.558,10.388,10.414
20241115184359.3,1671.37900516391,16.877,68.235,29.847,21.602,10.383,10.402
20241115184359.8,1671.86299972236,16.909,68.568,29.901,21.597,10.401,10.417
20241115184400.3,1672.35999964178,16.947,68.931,29.952,21.637,10.401,10.433
20241115184400.8,1672.84400425851,16.943,69.27,29.961,21.653,10.396,10.412
20241115184401.3,1673.33999834955,16.956,69.538,29.998,21.691,10.39,10.402
20241115184401.8,1673.83199930191,16.962,69.846,29.998,21.691,10.398,10.42
20241115184402.3,1674.3200071156,16.988,70.151,30.045,21.713,10.361,10.41
20241115184402.8,1674.80500750244,16.996,70.474,30.051,21.707,10.379,10.424
20241115184403.3,1675.30500479043,17.01,70.823,30.098,21.738,10.41,10.412
20241115184403.7,1675.78899934888,17.006,71.151,30.098,21.732,10.379,10.402
20241115184404.2,1676.27000659704,17,71.508,30.133,21.742,10.386,10.422
20241115184404.7,1676.77400708199,16.988,71.928,30.162,21.774,10.375,10.406
20241115184405.2,1677.26599797606,17.008,72.353,30.188,21.796,10.402,10.406
20241115184405.7,1677.7500025928,17.008,72.747,30.251,21.804,10.375,10.402
20241115184406.2,1678.26199941337,17,73.126,30.303,21.837,10.383,10.408
20241115184406.7,1678.76200675964,17.008,73.464,30.343,21.849,10.394,10.408
20241115184407.2,1679.2460013181,17,73.882,30.335,21.829,10.377,10.41
20241115184407.7,1679.73100170493,17.008,74.221,30.327,21.871,10.357,10.4
20241115184408.2,1680.21100312471,16.988,74.524,30.313,21.855,10.385,10.379
20241115184408.7,1680.7110004127,16.974,74.908,30.284,21.835,10.369,10.406
20241115184409.2,1681.21099770069,16.978,75.272,30.28,21.824,10.396,10.408
20241115184409.7,1681.70700185001,16.984,75.665,30.302,21.833,10.386,10.412
20241115184410.1,1682.19200223684,16.984,76.098,30.298,21.831,10.379,10.398
20241115184410.6,1682.67999999225,16.974,76.502,30.27,21.826,10.402,10.396
20241115184411.1,1683.16000141203,16.988,76.914,30.294,21.822,10.365,10.412
20241115184411.6,1683.65999870002,16.992,77.368,30.302,21.847,10.396,10.4
20241115184412.1,1684.14499908686,16.996,77.782,30.311,21.835,10.386,10.404
20241115184412.6,1684.62900370359,17.002,78.228,30.3,21.859,10.379,10.406
20241115184413.1,1685.11299826205,17.012,78.745,30.272,21.824,10.377,10.394
20241115184413.6,1685.59799864888,16.992,79.141,30.249,21.826,10.367,10.412
20241115184414,1686.08999960124,17.008,79.534,30.227,21.831,10.361,10.408
20241115184414.5,1686.57800741494,16.99,79.986,30.255,21.818,10.383,10.4
20241115184415,1687.06299774349,16.974,80.49,30.27,21.804,10.373,10.408
20241115184415.5,1687.54299916327,16.944,81.05,30.255,21.798,10.398,10.396
20241115184416,1688.02700378001,16.936,81.575,30.284,21.802,10.383,10.394
20241115184416.5,1688.52000050247,16.934,82.155,30.296,21.82,10.402,10.408
20241115184417,1689.00000192225,16.94,82.734,30.309,21.83,10.388,10.406
20241115184417.4,1689.48799967766,16.944,83.324,30.323,21.835,10.383,10.414
20241115184417.9,1689.98499959707,16.958,83.932,30.339,21.822,10.379,10.424
20241115184418.4,1690.48100374639,16.95,84.51,30.319,21.841,10.383,10.43
20241115184418.9,1690.96100516617,16.94,85.082,30.325,21.849,10.367,10.406
20241115184419.4,1691.44499972463,16.921,85.664,30.333,21.853,10.377,10.404
20241115184419.9,1691.94199964404,16.917,86.24,30.363,21.866,10.379,10.413
20241115184420.4,1692.42999739945,16.922,86.879,30.363,21.848,10.401,10.407
20241115184420.9,1692.93000474572,16.908,87.522,30.389,21.87,10.395,10.423
20241115184421.4,1693.44200156629,16.898,88.237,30.407,21.888,10.403,10.417
20241115184421.9,1693.94199885428,16.906,88.91,30.418,21.88,10.401,10.421
20241115184422.4,1694.42600347102,16.9,89.58,30.44,21.9,10.409,10.429
20241115184422.9,1694.90999802947,16.926,90.335,30.459,21.904,10.405,10.427
20241115184423.4,1695.42599804699,16.951,91.114,30.485,21.904,10.395,10.431
20241115184423.9,1695.92200219631,16.965,91.938,30.479,21.906,10.395,10.423
20241115184424.4,1696.40999995172,16.959,92.738,30.504,21.92,10.389,10.435
20241115184424.9,1696.90999723971,16.989,93.487,30.522,21.926,10.403,10.425
20241115184425.4,1697.40600138903,16.997,94.338,30.518,21.946,10.389,10.391
20241115184425.8,1697.89100177586,17.013,95.178,30.544,21.953,10.397,10.429
20241115184426.3,1698.39099906385,17.051,96.169,30.577,21.973,10.393,10.447
20241115184426.8,1698.87500368059,17.047,97.008,30.575,21.985,10.391,10.433
20241115184427.3,1699.363001436,17.035,97.871,30.602,21.979,10.417,10.409
20241115184427.8,1699.86299872398,17.029,98.789,30.612,21.985,10.403,10.427
20241115184428.3,1700.34400597215,17.033,99.744,30.673,22.005,10.415,10.425
20241115184428.8,1700.8280005306,17.051,100.755,30.679,22.015,10.423,10.435
20241115184429.3,1701.31300091743,17.051,101.665,30.685,22.031,10.409,10.448
20241115184429.8,1701.80099867284,17.068,102.654,30.693,22.021,10.423,10.435
20241115184430.2,1702.28500328958,17.066,103.771,30.714,22.025,10.405,10.421
20241115184430.7,1702.76600047946,17.08,104.85,30.728,22.019,10.413,10.446
20241115184431.2,1703.25399823487,17.074,105.905,30.702,22.021,10.423,10.452
20241115184431.7,1703.75000238419,17.084,107.02,30.761,22.043,10.427,10.435
20241115184432.2,1704.23500277102,17.098,108.118,30.759,22.039,10.421,10.452
20241115184432.7,1704.71900738776,17.096,109.309,30.816,22.069,10.423,10.446
20241115184433.2,1705.23100420833,17.102,110.582,30.83,22.108,10.425,10.423
20241115184433.7,1705.71499876678,17.08,111.915,30.838,22.112,10.411,10.439
20241115184434.2,1706.20699971914,17.098,113.118,30.867,22.114,10.415,10.433
20241115184434.6,1706.69499747455,17.094,114.403,30.877,22.12,10.409,10.433
20241115184435.1,1707.17999786139,17.106,115.716,30.898,22.141,10.423,10.431
20241115184435.6,1707.69500210881,17.09,117.15,30.888,22.136,10.415,10.425
20241115184436.1,1708.1949993968,17.106,118.551,30.867,22.147,10.407,10.427
20241115184436.6,1708.69500674307,17.106,120.023,30.924,22.169,10.415,10.421
20241115184437.1,1709.18000712991,17.102,121.865,30.947,22.175,10.405,10.435
20241115184437.6,1709.6800044179,17.084,123.144,30.986,22.173,10.393,10.419
20241115184438.1,1710.17599850893,17.074,124.524,31.033,22.196,10.397,10.413
20241115184438.6,1710.66000312567,17.064,126.058,31.047,22.169,10.411,10.433
20241115184439.1,1711.15600727499,17.052,127.58,31.02,22.202,10.415,10.429
20241115184439.6,1711.64099760354,17.05,128.909,31.024,22.196,10.403,10.417
20241115184440.1,1712.12500222027,17.033,130.222,31.008,22.177,10.411,10.415
20241115184440.6,1712.61000260711,17.043,131.721,31.029,22.202,10.403,10.429
20241115184441.1,1713.09800036252,17.044,133.147,31.035,22.192,10.397,10.429
20241115184441.5,1713.58200497925,17.066,134.627,31.025,22.2,10.401,10.417
20241115184442,1714.06700536609,17.043,136.239,31.116,22.214,10.393,10.425
20241115184442.5,1714.5550031215,17.058,138.074,31.114,22.216,10.409,10.423
20241115184443,1715.05500040948,17.078,139.854,31.133,22.235,10.403,10.411
20241115184443.5,1715.53500182927,17.064,141.478,31.137,22.225,10.405,10.409
20241115184444,1716.02400541306,17.068,143.306,31.17,22.237,10.397,10.429
20241115184444.5,1716.5389996022,17.084,145.284,31.174,22.267,10.399,10.417
20241115184445,1717.04300008714,17.07,146.97,31.186,22.255,10.387,10.427
20241115184445.5,1717.53900423646,17.044,148.767,31.164,22.241,10.387,10.425
20241115184446,1718.03900152445,17.027,150.563,31.164,22.267,10.405,10.417
20241115184446.5,1718.54300200939,17.007,152.572,31.178,22.263,10.389,10.429
20241115184447,1719.05499882996,16.987,154.607,31.176,22.257,10.397,10.419
20241115184447.5,1719.5390034467,16.995,156.693,31.207,22.272,10.397,10.391
20241115184448,1720.04300393164,17.013,158.678,31.247,22.288,10.391,10.413
20241115184448.5,1720.5269984901,17.003,160.633,31.29,22.292,10.399,10.413
20241115184449,1721.02399840951,16.983,162.691,31.321,22.327,10.405,10.431
20241115184449.5,1721.5120062232,16.993,164.544,31.356,22.331,10.395,10.421
20241115184450,1722.02400304377,17.013,166.675,31.388,22.349,10.391,10.415
20241115184450.5,1722.51200079918,17.011,168.84,31.398,22.357,10.409,10.437
20241115184451,1723.0080049485,17.021,170.925,31.372,22.353,10.403,10.429
20241115184451.4,1723.49199950695,17.021,172.773,31.405,22.374,10.407,10.421
20241115184451.9,1723.97699989378,17.039,174.949,31.429,22.386,10.415,10.415
20241115184452.4,1724.46100451052,17.031,176.965,31.46,22.38,10.411,10.437
20241115184452.9,1724.95699860156,17.052,179.121,31.45,22.402,10.413,10.427
20241115184453.4,1725.45700594783,17.064,181.205,31.484,22.41,10.397,10.421
20241115184453.9,1725.95700323582,17.066,183.35,31.509,22.411,10.395,10.429
20241115184454.4,1726.44200362265,17.074,185.269,31.486,22.388,10.391,10.419
20241115184454.9,1726.94200091064,17.029,187.416,31.509,22.427,10.415,10.437
20241115184455.4,1727.43800505996,17.04,189.306,31.535,22.433,10.419,10.433
20241115184455.9,1727.92199961841,17.04,191.316,31.548,22.419,10.401,10.435
20241115184456.4,1728.40600423515,17.034,193.278,31.554,22.458,10.389,10.451
20241115184456.9,1728.90199832618,17.009,195.846,31.625,22.46,10.415,10.419
20241115184457.4,1729.40599881113,17.017,198.369,31.65,22.468,10.401,10.429
20241115184457.9,1729.90200296044,17.019,200.738,31.707,22.502,10.403,10.417
20241115184458.3,1730.38700334728,17.042,202.876,31.727,22.505,10.395,10.423
20241115184458.8,1730.88700063527,17.011,204.925,31.727,22.486,10.409,10.435
20241115184459.3,1731.371005252,17.035,207.044,31.752,22.492,10.417,10.431
20241115184459.8,1731.85999877751,17.039,209.25,31.725,22.484,10.433,10.427
20241115184500.3,1732.3480065912,17.029,211.647,31.74,22.504,10.413,10.415
20241115184500.8,1732.85200707614,17.062,214.129,31.758,22.527,10.411,10.435
20241115184501.3,1733.35200436413,17.064,216.374,31.744,22.529,10.425,10.441
20241115184501.8,1733.85200165212,17.1,218.721,31.772,22.519,10.409,10.423
20241115184502.3,1734.35600213706,17.09,221.156,31.801,22.561,10.411,10.441
20241115184502.8,1734.8400067538,17.1,223.204,31.813,22.559,10.429,10.435
20241115184503.3,1735.34400723875,17.104,225.423,31.825,22.574,10.419,10.421
20241115184503.8,1735.84000132978,17.092,227.422,31.821,22.578,10.421,10.431
20241115184504.3,1736.3560013473,17.104,229.552,31.836,22.611,10.425,10.441
20241115184504.8,1736.85200549662,17.07,231.574,31.856,22.584,10.413,10.435
20241115184505.3,1737.34799958766,17.076,233.681,31.872,22.602,10.409,10.419
20241115184505.8,1737.86300383508,17.08,235.965,31.876,22.604,10.427,10.431
20241115184506.3,1738.36300112307,17.084,238.164,31.872,22.6,10.423,10.437
20241115184506.8,1738.8480015099,17.088,240.381,31.852,22.614,10.429,10.46
20241115184507.3,1739.34400565922,17.096,242.376,31.866,22.606,10.431,10.454
20241115184507.8,1739.82400707901,17.09,244.139,31.848,22.57,10.415,10.437
20241115184508.3,1740.30899740756,17.09,246.237,31.811,22.567,10.423,10.466
20241115184508.7,1740.79300202429,17.084,248.631,31.797,22.565,10.425,10.454
20241115184509.2,1741.29299931228,17.114,251.002,31.831,22.557,10.407,10.456
20241115184509.8,1741.79699979722,17.104,253.533,31.862,22.58,10.444,10.438
20241115184510.2,1742.27700121701,17.096,256.264,31.852,22.573,10.429,10.464
20241115184510.7,1742.76200160384,17.11,258.738,31.885,22.59,10.423,10.448
20241115184511.2,1743.25800575316,17.11,261.314,31.925,22.596,10.429,10.443
20241115184511.7,1743.74200031161,17.118,263.588,31.954,22.606,10.413,10.454
20241115184512.2,1744.2419975996,17.126,266.335,31.993,22.619,10.431,10.448
20241115184512.7,1744.73100118339,17.116,268.869,32.025,22.641,10.435,10.466
20241115184513.2,1745.22700533271,17.074,270.99,32.062,22.643,10.435,10.454
20241115184513.7,1745.7270026207,17.088,272.843,32.064,22.653,10.423,10.456
20241115184514.2,1746.21100723743,17.102,275.092,32.085,22.668,10.413,10.443
20241115184514.7,1746.71100452542,17.118,277.434,32.126,22.686,10.425,10.456
20241115184515.2,1747.20699861646,17.106,279.771,32.138,22.666,10.419,10.448
20241115184515.7,1747.70700596273,17.118,282.141,32.101,22.67,10.427,10.448
20241115184516.1,1748.19200634956,17.128,284.669,32.15,22.668,10.417,10.441
20241115184516.6,1748.69200363755,17.134,287.072,32.14,22.668,10.413,10.433
20241115184517.1,1749.19200092554,17.13,289.606,32.175,22.653,10.419,10.431
20241115184517.6,1749.68800507486,17.146,292.32,32.195,22.688,10.427,10.445
20241115184518.1,1750.1920055598,17.134,294.821,32.177,22.67,10.423,10.439
20241115184518.7,1750.70300661027,17.155,297.384,32.169,22.686,10.419,10.441
20241115184519.1,1751.19200013578,17.136,300.153,32.195,22.68,10.405,10.439
20241115184519.6,1751.6880042851,17.136,302.923,32.228,22.672,10.409,10.431
20241115184520.1,1752.19200477004,17.114,305.706,32.261,22.68,10.411,10.423
20241115184520.6,1752.6840057224,17.108,308.659,32.304,22.704,10.405,10.437
20241115184521.1,1753.17200347781,17.126,311.434,32.351,22.705,10.419,10.429
20241115184521.6,1753.67600396276,17.112,313.423,32.387,22.764,10.403,10.445
20241115184522.1,1754.17600125074,17.132,316.54,32.391,22.751,10.429,10.439
20241115184522.6,1754.67599853873,17.128,319.415,32.432,22.76,10.421,10.443
20241115184523.1,1755.16000315547,17.142,322.064,32.451,22.788,10.403,10.443
20241115184523.6,1755.6450035423,17.152,324.09,32.467,22.809,10.415,10.429
20241115184524.1,1756.14500083029,17.173,326.492,32.428,22.807,10.441,10.439
20241115184524.6,1756.62900544703,17.162,329.191,32.436,22.798,10.443,10.443
20241115184525.1,1757.11700320244,17.197,331.184,32.422,22.802,10.431,10.431
20241115184525.6,1757.61300735176,17.201,334.474,32.42,22.792,10.439,10.413
20241115184526.1,1758.09799768031,17.209,336.863,32.459,22.819,10.411,10.435
20241115184526.5,1758.586005494,17.223,339.766,32.475,22.798,10.435,10.442
20241115184527,1759.08199958503,17.233,342.236,32.438,22.817,10.425,10.448
20241115184527.5,1759.5820069313,17.235,345.491,32.471,22.806,10.442,10.45
20241115184528,1760.06700731814,17.249,347.565,32.518,22.849,10.433,10.458
20241115184528.5,1760.56700460613,17.239,350.352,32.54,22.853,10.415,10.45
20241115184529,1761.06299869716,17.235,352.746,32.567,22.866,10.415,10.439
20241115184529.5,1761.55100651085,17.193,356.132,32.589,22.854,10.417,10.441
20241115184530,1762.04700060189,17.173,357.796,32.549,22.866,10.437,10.433
20241115184530.5,1762.54300475121,17.177,361.421,32.506,22.841,10.448,10.448
20241115184531,1763.04300203919,17.144,363.196,32.506,22.839,10.411,10.427
20241115184531.5,1763.52700665593,17.138,365.795,32.549,22.837,10.429,10.441
20241115184532,1764.03100714087,17.118,369.127,32.542,22.86,10.427,10.427
20241115184532.5,1764.53100442886,17.11,371.887,32.567,22.856,10.431,10.435
20241115184533,1765.03100171685,17.1,373.821,32.565,22.856,10.421,10.437
20241115184533.5,1765.51600210369,17.082,377.218,32.506,22.825,10.448,10.446
20241115184534,1766.012006253,17.074,378.935,32.502,22.815,10.435,10.452
20241115184534.5,1766.51200354099,17.074,381.836,32.504,22.817,10.441,10.439
20241115184535,1767.01200082898,17.065,383.99,32.463,22.78,10.446,10.454
20241115184535.5,1767.5080049783,17.076,387.32,32.516,22.827,10.421,10.441
20241115184536,1768.01200546324,17.051,388.277,32.547,22.851,10.435,10.437
20241115184536.4,1768.4960000217,17.011,391.782,32.536,22.827,10.421,10.446
20241115184536.9,1768.98100040853,16.989,394.821,32.571,22.821,10.419,10.437
20241115184537.4,1769.46500502527,16.962,394.368,32.544,22.825,10.429,10.439
20241115184537.9,1769.9609991163,16.962,398.597,32.569,22.817,10.413,10.456
20241115184538.4,1770.46100646257,16.902,400.837,32.547,22.813,10.437,10.454
20241115184538.9,1770.96100375056,16.916,404.662,32.555,22.819,10.423,10.456
20241115184539.4,1771.4569978416,16.849,407.521,32.542,22.8,10.441,10.454
20241115184539.9,1771.97299785912,16.874,411.137,32.534,22.821,10.429,10.462
20241115184540.4,1772.47300520539,16.837,412.745,32.508,22.807,10.433,10.437
20241115184540.9,1772.96899929643,16.833,416.4,32.518,22.805,10.423,10.439
20241115184541.4,1773.4690066427,16.859,418.42,32.546,22.798,10.433,10.448
20241115184541.9,1773.98100346327,16.892,422.741,32.598,22.823,10.431,10.437
20241115184542.4,1774.46499802172,16.912,426.932,32.63,22.839,10.435,10.448
20241115184542.9,1774.96899850667,16.936,434.803,32.69,22.852,10.419,10.433
20241115184543.4,1775.46500265598,16.964,440.716,32.694,22.876,10.411,10.452
20241115184543.9,1775.9610068053,17.001,452.085,32.732,22.882,10.429,10.454
20241115184544.4,1776.46500729024,17.031,459.981,32.755,22.894,10.417,10.435
20241115184544.9,1776.9689977169,17.031,475.279,32.82,22.909,10.421,10.45
20241115184545.4,1777.45300233364,17.041,484.58,32.816,22.913,10.423,10.433
20241115184545.9,1777.94200591743,17.041,498.562,32.796,22.907,10.433,10.448
20241115184546.4,1778.43000367284,17.055,510.937,32.826,22.933,10.423,10.439
20241115184546.9,1778.94499786198,17.053,524.886,32.826,22.952,10.417,10.45
20241115184547.4,1779.42999824882,17.055,527.592,32.839,22.945,10.439,10.458
20241115184547.9,1779.91800606251,17.068,537.552,32.9,22.964,10.423,10.456
20241115184548.4,1780.40600381792,17.084,544.734,32.916,22.988,10.427,10.443
20241115184548.9,1780.91000430286,17.092,556.861,32.937,22.988,10.413,10.441
20241115184549.4,1781.39899782836,17.096,564.977,32.947,22.997,10.435,10.443
20241115184549.9,1781.89900517464,17.088,583.748,33.029,22.976,10.421,10.439
20241115184550.4,1782.40600302815,17.043,590.682,33.035,23.019,10.433,10.425
20241115184550.9,1782.90600031614,17.027,359.849,33.084,23.013,10.431,10.439
20241115184551.4,1783.40200446546,16.991,250.971,33.08,23.042,10.421,10.448
20241115184551.9,1783.89900438488,16.999,185.059,33.078,23.037,10.437,10.439
20241115184552.4,1784.39900167286,16.989,142.086,33.112,23.029,10.427,10.441
20241115184552.9,1784.89899896085,16.985,111.805,33.104,23.066,10.435,10.441
20241115184553.3,1785.38300357759,17.017,90.081,33.117,23.052,10.427,10.439
20241115184553.8,1785.88300086558,16.993,73.675,33.125,23.06,10.429,10.464
20241115184554.3,1786.37099862099,16.987,61.788,33.192,23.095,10.438,10.458
20241115184554.8,1786.87100596726,16.983,52.639,33.186,23.092,10.45,10.448
20241115184555.3,1787.37100325525,16.989,45.326,33.196,23.092,10.435,10.45
20241115184555.8,1787.86699734628,16.999,39.265,33.204,23.093,10.464,10.452
20241115184556.3,1788.36700469255,16.997,34.487,33.192,23.066,10.44,10.46
20241115184556.8,1788.86700198054,17.003,30.863,33.184,23.074,10.444,10.456
20241115184557.3,1789.37100246549,17.025,27.951,33.196,23.06,10.421,10.452
20241115184557.8,1789.8670066148,17.051,25.816,33.231,23.056,10.427,10.442
20241115184558.3,1790.36700390279,17.055,24.188,33.225,23.056,10.413,10.446
20241115184558.8,1790.86299799383,17.059,22.954,33.223,23.064,10.433,10.45
20241115184559.3,1791.35200157762,17.075,21.97,33.266,23.076,10.429,10.462
20241115184559.8,1791.84800572693,17.055,21.164,33.298,23.066,10.421,10.458
20241115184600.3,1792.34800301492,17.005,20.504,33.309,23.082,10.438,10.454
20241115184600.8,1792.83199757338,17.013,19.985,33.28,23.082,10.454,10.462
20241115184601.3,1793.32000538707,16.972,19.581,33.311,23.084,10.45,10.446
20241115184601.8,1793.82000267506,16.954,19.322,33.325,23.099,10.429,10.456
20241115184602.3,1794.30900625885,16.983,19.134,33.331,23.103,10.435,10.456
20241115184602.8,1794.80900354683,16.993,19.023,33.349,23.099,10.452,10.444
20241115184603.3,1795.30499763787,16.986,18.89,33.396,23.125,10.444,10.456
20241115184603.8,1795.80500498414,16.974,18.732,33.4,23.133,10.446,10.444
20241115184604.3,1796.30099907517,16.95,18.619,33.421,23.141,10.436,10.45
20241115184604.8,1796.80100642145,16.938,18.53,33.435,23.139,10.433,10.456
20241115184605.3,1797.31300324202,16.932,18.461,33.427,23.152,10.44,10.425
20241115184605.8,1797.79699780047,16.944,18.443,33.476,23.139,10.44,10.433
20241115184606.3,1798.29700514674,16.928,18.435,33.49,23.156,10.429,10.442
20241115184606.8,1798.79700243473,16.9,18.451,33.505,23.174,10.427,10.466
20241115184607.3,1799.29699972272,16.918,18.478,33.539,23.186,10.438,10.454
20241115184607.7,1799.79300387204,16.902,18.48,33.543,23.176,10.421,10.435
20241115184608.3,1800.30100755394,16.936,18.455,33.546,23.176,10.446,10.429
20241115184608.8,1800.79700164497,16.918,18.467,33.576,23.188,10.446,10.425
20241115184609.3,1801.29699893296,16.944,18.516,33.617,23.203,10.435,10.44
20241115184609.7,1801.7810035497,16.95,18.572,33.666,23.215,10.427,10.444
20241115184610.2,1802.28100083768,16.997,18.589,33.693,23.246,10.435,10.452
20241115184610.7,1802.78500132263,17.009,18.57,33.691,23.246,10.425,10.456
20241115184611.2,1803.28100547194,17.039,18.576,33.758,23.299,10.427,10.429
20241115184611.7,1803.78100275993,17.057,18.532,33.778,23.303,10.425,10.458
20241115184612.2,1804.28100004792,17.071,18.534,33.809,23.313,10.435,10.427
20241115184612.7,1804.76600043476,17.094,18.504,33.844,23.332,10.429,10.452
20241115184613.2,1805.26599772274,17.1,18.457,33.872,23.336,10.456,10.448
20241115184613.7,1805.76200187206,17.102,18.431,33.868,23.354,10.433,10.448
20241115184614.2,1806.26199916005,17.126,18.427,33.852,23.356,10.431,10.462
20241115184614.7,1806.75000697374,17.14,18.461,33.889,23.346,10.44,10.448
20241115184615.2,1807.24600106478,17.126,18.522,33.891,23.34,10.417,10.448
20241115184615.7,1807.73500464857,17.13,18.587,33.905,23.376,10.431,10.444
20241115184616.2,1808.2309987396,17.116,18.647,33.909,23.376,10.44,10.444
20241115184616.7,1808.72700288892,17.106,18.637,33.903,23.381,10.431,10.419
20241115184617.2,1809.23100337386,17.106,18.605,33.928,23.381,10.442,10.425
20241115184617.7,1809.73100066185,17.104,18.524,33.936,23.368,10.429,10.45
20241115184618.2,1810.23099794984,17.098,18.389,33.948,23.393,10.431,10.444
20241115184618.7,1810.71099936962,17.1,18.239,33.952,23.389,10.415,10.438
20241115184619.2,1811.19900718331,17.154,18.077,33.991,23.415,10.427,10.438
20241115184619.6,1811.69500127435,17.152,17.847,34.007,23.411,10.444,10.444
20241115184620.1,1812.18000166118,17.158,17.764,34.044,23.446,10.431,10.444
20241115184620.6,1812.66400627792,17.156,17.665,34.054,23.464,10.431,10.442
20241115184621.1,1813.16400356591,17.176,17.73,34.087,23.466,10.421,10.448
20241115184621.6,1813.6640008539,17.172,17.795,34.06,23.446,10.427,10.444
20241115184622.1,1814.16000500321,17.183,17.746,34.052,23.428,10.44,10.444
20241115184622.6,1814.65599909425,17.189,17.631,34.022,23.426,10.44,10.452
20241115184623.1,1815.15999957919,17.179,17.607,34.011,23.405,10.435,10.456
20241115184623.6,1815.65600372851,17.13,17.633,33.991,23.426,10.417,10.438
20241115184624.1,1816.1560010165,17.078,17.641,34.003,23.432,10.435,10.423
20241115184624.6,1816.65599830449,17.065,17.659,33.975,23.43,10.423,10.425
20241115184625.1,1817.15600565076,17.041,17.704,34.061,23.436,10.417,10.419
20241115184625.6,1817.65199974179,17.049,17.779,34.152,23.491,10.419,10.423
20241115184626.1,1818.14899966121,17.055,17.872,34.21,23.507,10.437,10.435
20241115184626.6,1818.64900700748,17.025,17.975,34.263,23.528,10.425,10.439
20241115184627.1,1819.14900429547,17.063,18.019,34.285,23.55,10.425,10.431
20241115184627.6,1819.63299885392,17.061,18.07,34.367,23.554,10.419,10.452
20241115184628.1,1820.12900300324,17.068,18.068,34.367,23.552,10.417,10.431
20241115184628.6,1820.63300348818,17.063,18.07,34.336,23.542,10.413,10.446
20241115184629.1,1821.12899757922,17.053,18.068,34.265,23.505,10.419,10.433
20241115184629.6,1821.62500172853,17.009,18.045,34.251,23.505,10.427,10.437
20241115184630.1,1822.12900221348,17.015,18.072,34.236,23.524,10.431,10.435
20241115184630.6,1822.6250063628,17.021,18.065,34.249,23.501,10.427,10.448
20241115184631.1,1823.12100045383,17.015,18.049,34.265,23.518,10.415,10.439
20241115184631.6,1823.62099774182,17.015,18.082,34.295,23.528,10.423,10.448
20241115184632.1,1824.11700189114,16.983,18.098,34.304,23.54,10.454,10.433
20241115184632.6,1824.61699917912,16.965,18.021,34.308,23.522,10.415,10.441
20241115184633.1,1825.11300332844,16.926,18.037,34.265,23.485,10.435,10.441
20241115184633.6,1825.60200691223,16.882,18.025,34.261,23.471,10.425,10.425
20241115184634.1,1826.09800100327,16.878,17.989,34.269,23.485,10.405,10.454
20241115184634.5,1826.59400515258,16.882,17.966,34.308,23.491,10.435,10.423
20241115184635,1827.08999924362,16.898,17.977,34.293,23.477,10.429,10.435
20241115184635.5,1827.57400386035,16.91,17.987,34.298,23.463,10.409,10.435
20241115184636,1828.06299738586,16.934,17.967,34.277,23.479,10.437,10.443
20241115184636.5,1828.55900153518,16.946,17.973,34.338,23.475,10.431,10.45
20241115184637,1829.05899882317,16.962,17.964,34.342,23.497,10.439,10.446
20241115184637.6,1829.64899763465,16.946,18.047,34.371,23.493,10.437,10.443
20241115184638.1,1830.13300225139,16.94,18.055,34.396,23.507,10.423,10.443
20241115184638.6,1830.63299953938,16.896,18.039,34.449,23.526,10.429,10.435
20241115184639.1,1831.12900368869,16.845,18.051,34.488,23.556,10.427,10.452
20241115184639.6,1831.6170014441,16.851,18.104,34.563,23.581,10.417,10.443
20241115184640.1,1832.11699873209,16.878,18.225,34.622,23.612,10.409,10.448
20241115184640.6,1832.60199911892,16.91,18.314,34.686,23.628,10.429,10.435
20241115184641.1,1833.1020064652,16.926,18.334,34.729,23.661,10.45,10.437
20241115184641.6,1833.59800055623,16.948,18.29,34.747,23.663,10.431,10.45
20241115184642,1834.09400470555,16.965,18.233,34.733,23.654,10.429,10.433
20241115184642.5,1834.58200246096,16.983,18.122,34.737,23.675,10.443,10.441
20241115184643,1835.07800661027,16.987,18.104,34.743,23.663,10.431,10.439
20241115184643.5,1835.58200709522,16.997,18.07,34.774,23.659,10.425,10.448
20241115184644,1836.08200438321,17.019,18.037,34.77,23.675,10.425,10.446
20241115184644.5,1836.5820016712,17.015,18.063,34.827,23.685,10.431,10.441
20241115184645,1837.08199895918,17.031,18.074,34.829,23.693,10.421,10.445
20241115184645.5,1837.58200630546,17.019,18.146,34.86,23.712,10.431,10.437
20241115184646,1838.08200359344,17.025,18.086,34.866,23.71,10.417,10.425
20241115184646.5,1838.58600407839,17.009,17.942,34.855,23.726,10.435,10.441
20241115184647,1839.08199816942,17.015,17.69,34.855,23.71,10.427,10.431
20241115184647.5,1839.57800231874,17.021,17.581,34.898,23.704,10.409,10.456
20241115184648,1840.07799960673,17.031,17.613,34.931,23.716,10.431,10.437
20241115184648.5,1840.578006953,17.039,17.7,34.982,23.745,10.423,10.439
20241115184649,1841.07400104403,17.041,17.825,34.958,23.738,10.437,10.427
20241115184649.5,1841.56699776649,17.033,17.896,34.968,23.757,10.437,10.427
20241115184650,1842.06300191581,17.019,17.952,34.984,23.783,10.423,10.443
20241115184650.5,1842.54700653255,17.003,17.991,34.992,23.787,10.421,10.433
20241115184651,1843.03500428796,16.997,18.064,34.99,23.791,10.433,10.439
20241115184651.5,1843.5390047729,16.977,18.082,34.994,23.775,10.413,10.437
20241115184652,1844.03900206089,16.959,18.116,35.009,23.771,10.439,10.437
20241115184652.5,1844.53899934888,16.928,18.14,35.007,23.773,10.437,10.443
20241115184653,1845.03900669515,16.95,18.138,35.025,23.769,10.417,10.425
20241115184653.5,1845.53900398314,16.959,18.146,35.037,23.769,10.423,10.427
20241115184654,1846.03499807417,16.963,18.177,35.064,23.769,10.423,10.425
20241115184654.5,1846.53500542045,16.981,18.147,35.076,23.759,10.405,10.431
20241115184655,1847.03099951148,17.005,18.175,35.054,23.765,10.427,10.429
20241115184655.5,1847.53100685775,16.987,18.195,35.091,23.769,10.409,10.427
20241115184656,1848.03100414574,16.953,18.241,35.077,23.761,10.425,10.425
20241115184656.5,1848.5240008682,16.969,18.296,35.058,23.739,10.411,10.443
20241115184657,1849.02000501752,16.975,18.302,35.019,23.744,10.423,10.433
20241115184657.5,1849.52000230551,16.973,18.296,35.037,23.734,10.413,10.445
20241115184658,1850.01600645483,16.948,18.314,35.058,23.74,10.423,10.447
20241115184658.5,1850.5079973489,16.957,18.334,35.091,23.749,10.427,10.456
20241115184658.9,1850.9960051626,16.946,18.413,35.149,23.771,10.427,10.447
20241115184659.4,1851.49199925363,16.94,18.435,35.201,23.791,10.421,10.441
20241115184659.9,1851.9920065999,16.92,18.563,35.277,23.802,10.421,10.429
20241115184700.4,1852.49600708485,16.95,18.662,35.335,23.847,10.407,10.452
20241115184700.9,1852.99600437284,16.948,18.756,35.352,23.863,10.427,10.431
20241115184701.4,1853.49199846387,16.971,18.815,35.403,23.877,10.439,10.429
20241115184701.9,1853.99599894881,16.977,18.89,35.447,23.912,10.427,10.443
20241115184702.4,1854.49200309813,16.985,18.944,35.533,23.945,10.427,10.456
20241115184702.9,1854.97700348496,17.031,18.964,35.527,23.953,10.425,10.429
20241115184703.4,1855.47700077295,17.033,18.936,35.571,23.947,10.435,10.446
20241115184703.9,1855.97699806094,17.07,18.962,35.597,23.973,10.437,10.45
20241115184704.4,1856.47700540721,17.045,18.938,35.622,23.994,10.452,10.456
20241115184704.9,1856.97299949825,17.063,18.995,35.668,24.028,10.435,10.441
20241115184705.4,1857.47300684452,17.039,18.954,35.637,24.026,10.435,10.437
20241115184705.9,1857.98500366509,17.045,18.853,35.633,24.033,10.452,10.439
20241115184706.4,1858.48500095308,17.067,18.688,35.633,24.059,10.438,10.446
20241115184706.9,1858.98499824107,17.082,18.678,35.664,24.077,10.444,10.456
20241115184707.4,1859.48500558734,17.075,18.585,35.691,24.088,10.46,10.454
20241115184707.9,1859.98500287533,17.094,18.419,35.711,24.088,10.454,10.462
20241115184708.4,1860.48500016332,17.084,18.314,35.757,24.098,10.44,10.456
20241115184708.9,1860.98500750959,17.106,18.261,35.784,24.104,10.442,10.46
20241115184709.4,1861.48100160062,17.11,18.257,35.784,24.118,10.431,10.448
20241115184709.9,1861.98099888861,17.11,18.217,35.788,24.135,10.45,10.44
20241115184710.4,1862.47700303793,17.108,18.019,35.825,24.122,10.443,10.439
20241115184710.9,1862.97300718725,17.102,17.936,35.786,24.141,10.446,10.437
20241115184711.4,1863.46100494266,17.098,17.9,35.794,24.155,10.441,10.429
20241115184711.9,1863.94900269806,17.098,17.966,35.782,24.128,10.427,10.441
20241115184712.4,1864.45700637996,17.114,17.928,35.773,24.131,10.441,10.433
20241115184712.9,1864.953000471,17.136,17.916,35.742,24.112,10.435,10.448
20241115184713.4,1865.45299775898,17.144,17.882,35.765,24.124,10.419,10.429
20241115184713.9,1865.95300510526,17.159,17.959,35.782,24.137,10.433,10.441
20241115184714.4,1866.4570055902,17.169,18.064,35.79,24.118,10.427,10.435
20241115184714.9,1866.95299968123,17.167,18.163,35.78,24.123,10.411,10.425
20241115184715.4,1867.45300702751,17.183,18.088,35.856,24.131,10.419,10.429
20241115184715.9,1867.96100065112,17.197,18.021,35.856,24.133,10.423,10.441
20241115184716.4,1868.46500113606,17.219,17.938,35.885,24.151,10.427,10.452
20241115184716.9,1868.96499842405,17.171,17.922,35.929,24.159,10.431,10.445
20241115184717.4,1869.46500577033,17.13,17.942,35.922,24.153,10.423,10.441
20241115184717.9,1869.96500305831,17.084,17.944,35.906,24.149,10.421,10.427
20241115184718.4,1870.4650003463,17.054,17.971,35.906,24.145,10.397,10.423
20241115184718.9,1870.95700129867,17.009,17.965,35.916,24.127,10.407,10.413
20241115184719.4,1871.45699858665,16.987,18.082,35.922,24.123,10.401,10.423
20241115184719.9,1871.95700593293,16.975,18.179,35.927,24.131,10.409,10.421
20241115184720.4,1872.45700322092,16.971,18.118,35.941,24.143,10.409,10.417
20241115184720.9,1872.96900004148,16.959,18.092,35.976,24.137,10.411,10.417
20241115184721.5,1873.58200214803,16.963,18.169,36.065,24.157,10.405,10.415
20241115184722,1874.0740031004,16.977,18.252,36.08,24.192,10.405,10.411
20241115184722.5,1874.56300668418,16.967,18.332,36.121,24.206,10.403,10.429
20241115184723,1875.05100443959,17.019,18.298,36.09,24.213,10.403,10.419
20241115184723.5,1875.55100172758,17.031,18.027,36.113,24.223,10.415,10.415
20241115184724,1876.05500221252,17.005,17.949,36.086,24.204,10.407,10.427
20241115184724.5,1876.55100636184,16.965,17.904,36.053,24.149,10.397,10.423
20241115184725,1877.05100364983,16.983,17.922,36.09,24.155,10.407,10.407
20241115184725.5,1877.55100093782,16.951,18.019,36.202,24.176,10.423,10.423
20241115184726,1878.04700508714,16.953,18.034,36.252,24.172,10.411,10.425
20241115184726.5,1878.54700237513,16.963,18.102,36.28,24.221,10.391,10.411
20241115184727,1879.04699966311,16.967,18.181,36.28,24.251,10.419,10.417
20241115184727.5,1879.54300381243,16.969,18.199,36.241,24.253,10.415,10.431
20241115184728,1880.05100749433,16.973,18.258,36.303,24.237,10.401,10.433
20241115184728.5,1880.55100478232,16.983,18.395,36.338,24.239,10.397,10.407
20241115184729,1881.05100207031,16.993,18.563,36.353,24.264,10.399,10.425
20241115184729.5,1881.54300302267,16.983,18.656,36.38,24.266,10.419,10.417
20241115184730,1882.05900304019,16.985,18.635,36.421,24.304,10.417,10.439
20241115184730.5,1882.55900032818,16.975,18.593,36.431,24.296,10.411,10.433
20241115184731,1883.0550044775,16.981,18.532,36.452,24.356,10.415,10.421
20241115184731.5,1883.55500176549,17.011,18.47,36.448,24.345,10.417,10.433
20241115184732,1884.05499905348,17.029,18.458,36.495,24.351,10.393,10.431
20241115184732.5,1884.55500639975,16.997,18.512,36.526,24.374,10.397,10.419
20241115184733,1885.07000058889,16.993,18.617,36.549,24.386,10.413,10.439
20241115184733.5,1885.58600060642,16.997,18.72,36.541,24.366,10.425,10.425
20241115184734,1886.08599789441,17.025,18.811,36.553,24.38,10.403,10.421
20241115184734.5,1886.58200204372,17.019,18.85,36.593,24.409,10.427,10.429
20241115184735,1887.08199933171,17.06,18.815,36.605,24.407,10.409,10.417
20241115184735.5,1887.58200667799,17.06,18.74,36.648,24.423,10.429,10.447
20241115184736.1,1888.10199983418,17.102,18.668,36.71,24.454,10.421,10.431
20241115184736.6,1888.60200718045,17.126,18.601,36.7,24.468,10.431,10.423
20241115184737.1,1889.10200446844,17.138,18.534,36.725,24.468,10.437,10.431
20241115184737.6,1889.59799855947,17.146,18.488,36.68,24.447,10.427,10.427
20241115184738,1890.09400270879,17.134,18.421,36.694,24.458,10.403,10.429
20241115184738.6,1890.59800319374,17.134,18.268,36.702,24.474,10.411,10.433
20241115184739.1,1891.09800048172,17.132,18.233,36.769,24.476,10.411,10.431
20241115184739.6,1891.59799776971,17.153,18.223,36.814,24.505,10.405,10.433
20241115184740.1,1892.09800511599,17.14,18.254,36.853,24.503,10.399,10.411
20241115184740.5,1892.59399920702,17.163,18.345,36.847,24.521,10.415,10.419
20241115184741,1893.09400655329,17.163,18.244,36.86,24.527,10.425,10.441
20241115184741.5,1893.58599744737,17.141,17.953,36.868,24.529,10.431,10.423
20241115184742,1894.08200159669,17.141,17.751,36.864,24.548,10.409,10.429
20241115184742.5,1894.5699993521,17.122,17.753,36.831,24.531,10.409,10.423
20241115184743,1895.07000669837,17.08,17.773,36.858,24.55,10.389,10.417
20241115184743.5,1895.58600671589,17.068,17.906,36.86,24.521,10.411,10.435
20241115184744,1896.08200080693,17.027,18.003,36.837,24.517,10.411,10.429
20241115184744.5,1896.57800495625,16.987,17.999,36.911,24.548,10.409,10.423
20241115184745,1897.06699848175,16.953,17.9,36.934,24.546,10.411,10.423
20241115184745.5,1897.56300263107,16.926,18.011,36.957,24.554,10.413,10.409
20241115184746,1898.06700311601,16.926,18.147,37.027,24.548,10.417,10.414
20241115184746.5,1898.57800416648,16.924,18.208,37.084,24.524,10.416,10.428
20241115184747,1899.07800145447,16.936,18.273,37.142,24.524,10.408,10.426
20241115184747.5,1899.57799874246,16.95,18.303,37.169,24.555,10.418,10.42
20241115184748,1900.07800608873,16.956,18.212,37.134,24.551,10.394,10.42
20241115184748.5,1900.57400017977,16.932,18.123,37.169,24.579,10.408,10.406
20241115184749,1901.07400752604,16.946,18.168,37.155,24.557,10.398,10.436
20241115184749.5,1901.57000161707,16.944,18.162,37.152,24.577,10.402,10.428
20241115184750,1902.07800529897,16.934,18.18,37.186,24.582,10.408,10.43
20241115184750.5,1902.57399939001,16.942,18.227,37.234,24.613,10.419,10.433
20241115184751,1903.08600626886,16.939,18.25,37.232,24.599,10.415,10.423
20241115184751.5,1903.5900067538,16.937,18.268,37.197,24.593,10.403,10.417
20241115184752,1904.08600084484,16.967,18.349,37.265,24.595,10.425,10.421
20241115184752.5,1904.58599813282,16.975,18.478,37.377,24.627,10.411,10.419
20241115184753,1905.0860054791,17.001,18.547,37.493,24.658,10.419,10.445
20241115184753.5,1905.58199957013,16.989,18.617,37.569,24.7,10.426,10.408
20241115184754,1906.0820069164,16.99,18.269,37.545,24.704,10.408,10.428
20241115184754.5,1906.58200420439,17.023,18.018,37.554,24.706,10.426,10.404
20241115184755,1907.08200149238,16.996,17.934,37.554,24.684,10.396,10.442
20241115184755.5,1907.58199878037,17.031,17.909,37.583,24.704,10.404,10.406
20241115184756,1908.07800292969,17.027,17.95,37.533,24.698,10.385,10.412
20241115184756.5,1908.57800021768,17.008,17.988,37.51,24.698,10.4,10.42
20241115184757,1909.07400436699,16.996,18.095,37.527,24.692,10.41,10.414
20241115184757.5,1909.57800485194,17.011,18.156,37.57,24.723,10.39,10.414
20241115184758,1910.06699837744,17.017,18.101,37.614,24.727,10.406,10.416
20241115184758.5,1910.57000309229,17.031,18.047,37.663,24.77,10.402,10.414
20241115184759.1,1911.09800264239,17.047,18.027,37.665,24.765,10.408,10.42
20241115184759.6,1911.59799993038,17.071,17.974,37.703,24.778,10.424,10.424
20241115184800,1912.08200454712,17.097,17.966,37.725,24.8,10.408,10.41
20241115184800.5,1912.57799863815,17.123,18.073,37.771,24.812,10.41,10.42
20241115184801,1913.07800598443,17.126,18.085,37.759,24.814,10.422,10.428
20241115184801.5,1913.57800327241,17.126,18.071,37.758,24.808,10.42,10.412
20241115184802,1914.06300365925,17.152,18.126,37.761,24.829,10.412,10.428
20241115184802.5,1914.57799784839,17.164,18.132,37.796,24.827,10.408,10.408
20241115184803,1915.07800519466,17.178,17.926,37.845,24.853,10.387,10.426
20241115184803.5,1915.57800248265,17.192,17.988,37.872,24.827,10.4,10.412
20241115184804,1916.07400663197,17.186,17.813,37.821,24.837,10.422,10.42
20241115184804.5,1916.57800711691,17.176,17.689,37.825,24.839,10.4,10.408
20241115184805,1917.0780044049,17.2,17.58,37.833,24.859,10.398,10.42
20241115184805.5,1917.57399849594,17.174,17.679,37.864,24.845,10.396,10.406
20241115184806,1918.08600537479,17.164,17.647,37.817,24.868,10.406,10.408
20241115184806.5,1918.59000585973,17.136,17.617,37.846,24.886,10.412,10.404
20241115184807.1,1919.1020026803,17.122,17.705,37.85,24.882,10.422,10.428
20241115184807.6,1919.60199996829,17.047,17.72,37.827,24.857,10.4,10.43
20241115184808.1,1920.09800411761,16.986,17.738,37.854,24.864,10.418,10.42
20241115184808.6,1920.60200460255,16.92,17.77,37.874,24.872,10.402,10.426
20241115184809.1,1921.09799869359,16.863,17.709,37.916,24.859,10.4,10.426
20241115184809.6,1921.60199917853,16.821,17.711,37.846,24.841,10.416,10.416
20241115184810.1,1922.1020065248,16.764,17.699,37.864,24.831,10.412,10.426
20241115184810.6,1922.59800061584,16.707,17.726,37.86,24.819,10.406,10.424
20241115184811.1,1923.10200110078,16.677,17.726,37.866,24.819,10.414,10.43
20241115184811.6,1923.60199838877,16.663,17.734,37.835,24.792,10.424,10.436
20241115184812.1,1924.09800253808,16.647,17.718,37.815,24.778,10.402,10.414
20241115184812.6,1924.59799982607,16.645,17.746,37.798,24.764,10.389,10.42
20241115184813.1,1925.1130040735,16.697,17.732,37.794,24.764,10.393,10.4
20241115184813.6,1925.61000399292,16.746,17.665,37.835,24.757,10.387,10.42
20241115184814.1,1926.10599808395,16.77,17.508,37.848,24.764,10.402,10.412
20241115184814.6,1926.60600543022,16.784,17.508,37.833,24.76,10.395,10.412
20241115184815.1,1927.10600271821,16.774,17.56,37.895,24.77,10.406,10.426
20241115184815.6,1927.6060000062,16.774,17.56,37.943,24.778,10.395,10.424
20241115184816.1,1928.10600735247,16.8,17.623,38.036,24.812,10.396,10.432
20241115184816.6,1928.60600464046,16.819,17.712,38.04,24.819,10.41,10.44
20241115184817.1,1929.10199873149,16.827,17.772,38.036,24.827,10.406,10.436
20241115184817.6,1929.59800288081,16.806,17.782,37.984,24.81,10.4,10.444
20241115184818.1,1930.10200336576,16.764,17.736,37.854,24.751,10.412,10.422
20241115184818.6,1930.60200065374,16.762,17.716,37.843,24.727,10.412,10.43
20241115184819.1,1931.10199794173,16.74,17.794,37.901,24.763,10.392,10.42
20241115184819.6,1931.602005288,16.74,17.885,37.953,24.753,10.379,10.412
20241115184820.1,1932.10200257599,16.784,17.972,38.036,24.792,10.418,10.426
20241115184820.6,1932.60199986398,16.796,18.01,38.098,24.817,10.418,10.418
20241115184821.1,1933.12100730836,16.804,18.021,38.137,24.808,10.408,10.424
20241115184821.6,1933.6170013994,16.827,18.061,38.17,24.808,10.394,10.428
20241115184822.1,1934.12100188434,16.827,18.087,38.226,24.855,10.426,10.426
20241115184822.6,1934.62500236928,16.857,18.112,38.236,24.859,10.41,10.43
20241115184823.1,1935.12900285423,16.867,18.148,38.245,24.886,10.42,10.42
20241115184823.6,1935.65200343728,16.879,18.091,38.249,24.874,10.43,10.438
20241115184824.1,1936.15200072527,16.912,18.021,38.28,24.902,10.428,10.412
20241115184824.6,1936.64900064468,16.932,17.936,38.332,24.906,10.412,10.422
20241115184825.1,1937.145004794,16.928,17.986,38.358,24.929,10.41,10.432
20241115184825.6,1937.65200264752,16.948,18.023,38.392,24.925,10.402,10.436
20241115184826.1,1938.15199993551,16.962,18.083,38.452,24.978,10.404,10.436
20241115184826.6,1938.6519972235,17,18.14,38.478,24.99,10.398,10.428
20241115184827.1,1939.1680072993,17.011,18.079,38.522,25.011,10.408,10.418
20241115184827.6,1939.66800458729,17.031,18.025,38.545,25.017,10.416,10.45
20241115184828.1,1940.16800187528,17.061,18.008,38.555,25.019,10.402,10.43
20241115184828.6,1940.6640060246,17.061,18.071,38.51,25.009,10.412,10.416
20241115184829.1,1941.18000604212,17.075,18.21,38.53,24.998,10.42,10.412
20241115184829.6,1941.67600013316,17.105,18.404,38.609,25.023,10.41,10.426
20241115184830.1,1942.1800006181,17.124,18.6,38.667,25.029,10.426,10.422
20241115184830.6,1942.67999790609,17.107,18.679,38.747,25.074,10.42,10.428
20241115184831.1,1943.18000525236,17.069,18.586,38.814,25.127,10.422,10.44
20241115184831.6,1943.68000254035,17.051,18.621,38.84,25.139,10.398,10.418
20241115184832.1,1944.19500678778,17.031,18.794,38.84,25.131,10.414,10.436
20241115184832.6,1944.69500407577,17.041,18.934,38.867,25.152,10.416,10.434
20241115184833.1,1945.19200399518,17.045,18.98,38.88,25.135,10.41,10.426
20241115184833.6,1945.69200128317,17.071,19.063,38.929,25.168,10.416,10.442
20241115184834.1,1946.19199857116,17.085,19.114,38.929,25.174,10.408,10.442
20241115184834.6,1946.68800272048,17.099,19.004,38.965,25.186,10.412,10.434
20241115184835.1,1947.19200320542,17.114,18.845,38.993,25.186,10.412,10.432
20241115184835.7,1947.70700745285,17.14,18.596,38.99,25.174,10.404,10.406
20241115184836.2,1948.20300154388,17.162,18.421,39.058,25.211,10.41,10.42
20241115184836.7,1948.70700202882,17.168,18.285,39.076,25.217,10.41,10.42
20241115184837.2,1949.20300617814,17.184,18.215,39.062,25.219,10.393,10.418
20241115184837.7,1949.70300346613,17.201,18.265,39.047,25.211,10.398,10.428
20241115184838.2,1950.20300075412,17.205,18.334,39.058,25.211,10.402,10.434
20241115184838.7,1950.69900490344,17.211,18.467,39.103,25.223,10.389,10.426
20241115184839.2,1951.20699852705,17.203,18.467,39.149,25.246,10.408,10.424
20241115184839.7,1951.70700587332,17.198,18.524,39.165,25.242,10.418,10.42
20241115184840.2,1952.20299996436,17.223,18.538,39.134,25.254,10.406,10.428
20241115184840.7,1952.70299725235,17.219,18.532,39.14,25.272,10.387,10.416
20241115184841.2,1953.20300459862,17.223,18.445,39.167,25.274,10.404,10.44
20241115184841.7,1953.70700508356,17.166,18.249,39.165,25.258,10.385,10.42
20241115184842.2,1954.20700237155,17.134,18.237,39.192,25.25,10.404,10.422
20241115184842.7,1954.70300652087,17.104,18.223,39.244,25.295,10.393,10.426
20241115184843.2,1955.20300380886,17.051,18.172,39.25,25.291,10.42,10.428
20241115184843.7,1955.7070042938,16.994,18.093,39.318,25.309,10.416,10.436
20241115184844.2,1956.20700158179,16.958,18.085,39.389,25.299,10.422,10.428
20241115184844.8,1956.82800002396,16.908,18.112,39.455,25.313,10.418,10.408
20241115184845.3,1957.33600370586,16.887,18.136,39.474,25.332,10.416,10.416
20241115184845.8,1957.83600099385,16.851,18.118,39.505,25.348,10.416,10.41
20241115184846.3,1958.33599828184,16.853,18.124,39.569,25.372,10.41,10.418
20241115184846.8,1958.85600149632,16.843,18.102,39.583,25.375,10.41,10.416
20241115184847.3,1959.3559987843,16.831,18.035,39.691,25.375,10.408,10.43
20241115184847.8,1959.85200293362,16.823,17.98,39.728,25.413,10.41,10.434
20241115184848.3,1960.35200022161,16.792,17.897,39.786,25.389,10.402,10.43
20241115184848.8,1960.85600070655,16.794,17.912,39.771,25.368,10.408,10.412
20241115184849.3,1961.35200485587,16.819,17.889,39.753,25.399,10.408,10.43
20241115184849.8,1961.85200214386,16.823,17.813,39.738,25.362,10.408,10.42
20241115184850.3,1962.3560026288,16.811,17.702,39.538,25.319,10.408,10.436
20241115184850.8,1962.85200677812,16.825,17.51,39.262,25.191,10.424,10.422
20241115184851.3,1963.35200406611,16.835,17.403,39.074,25.127,10.406,10.422
20241115184851.8,1963.85600455105,16.873,17.366,38.95,25.084,10.391,10.424
20241115184852.3,1964.35600183904,16.922,17.439,38.938,25.091,10.428,10.418
20241115184852.8,1964.86000232399,16.928,17.605,39.076,25.144,10.418,10.412
20241115184853.3,1965.3560064733,16.958,17.796,39.192,25.172,10.408,10.426
20241115184853.8,1965.86000695825,16.998,17.966,39.277,25.162,10.406,10.402
20241115184854.3,1966.35600104928,17.031,18.043,39.366,25.232,10.406,10.41
20241115184854.8,1966.8629989028,17.029,18.039,39.451,25.254,10.416,10.422
20241115184855.3,1967.35999882221,17.071,18.047,39.571,25.309,10.402,10.432
20241115184855.8,1967.86000616848,17.083,18.101,39.643,25.332,10.42,10.414
20241115184856.3,1968.36000345647,17.085,18.152,39.707,25.37,10.406,10.42
20241115184856.8,1968.87100450695,17.083,18.299,39.962,25.417,10.408,10.414
20241115184857.3,1969.37100179493,17.102,18.455,40.013,25.462,10.43,10.436
20241115184857.8,1969.86700594425,17.106,18.516,40.028,25.485,10.393,10.412
20241115184858.3,1970.36700323224,17.112,18.504,40.119,25.501,10.389,10.422
20241115184858.8,1970.86700052023,17.126,18.556,40.117,25.479,10.414,10.436
20241115184859.3,1971.36300466955,17.144,18.683,40.078,25.515,10.402,10.43
20241115184859.8,1971.86300195754,17.152,18.631,40.042,25.505,10.402,10.408
20241115184900.3,1972.36299924552,17.168,18.596,40.084,25.515,10.406,10.412
20241115184900.8,1972.87500612438,17.16,18.702,40.09,25.515,10.41,10.41
20241115184901.3,1973.37900660932,17.182,18.78,40.191,25.53,10.404,10.434
20241115184901.8,1973.89100342989,17.19,18.784,40.204,25.556,10.406,10.424
20241115184902.3,1974.39100071788,17.186,18.813,40.274,25.579,10.393,10.418
20241115184902.9,1974.90600496531,17.196,18.901,40.295,25.597,10.42,10.426
20241115184903.4,1975.40600225329,17.198,18.827,40.264,25.599,10.402,10.428
20241115184903.9,1975.90200640261,17.211,18.809,40.278,25.603,10.398,10.42
20241115184904.4,1976.4020036906,17.219,18.871,40.313,25.622,10.422,10.416
20241115184904.9,1976.90600417554,17.229,18.887,40.355,25.626,10.41,10.418
20241115184905.4,1977.40600146353,17.247,18.752,40.382,25.648,10.402,10.416
20241115184905.9,1977.90599875152,17.229,18.722,40.437,25.663,10.41,10.424
20241115184906.4,1978.40200290084,17.241,18.641,40.495,25.667,10.408,10.406
20241115184906.9,1978.91800291836,17.257,18.685,40.528,25.703,10.414,10.418
20241115184907.4,1979.41800020635,17.275,18.697,40.59,25.718,10.42,10.424
20241115184907.9,1979.92600388825,17.263,18.75,40.582,25.718,10.398,10.428
20241115184908.4,1980.43000437319,17.287,18.77,40.628,25.744,10.406,10.414
20241115184908.9,1980.92599846423,17.291,18.73,40.661,25.775,10.418,10.41
20241115184909.4,1981.42200261354,17.289,18.524,40.744,25.802,10.406,10.416
20241115184909.9,1981.93800263107,17.277,18.57,40.799,25.848,10.404,10.389
20241115184910.4,1982.44900368154,17.297,18.625,40.835,25.855,10.391,10.42
20241115184910.9,1982.94900096953,17.291,18.592,40.919,25.881,10.391,10.42
20241115184911.4,1983.44899825752,17.297,18.526,40.876,25.895,10.408,10.428
20241115184911.9,1983.96499827504,17.302,18.512,40.936,25.879,10.406,10.422
20241115184912.4,1984.46100242436,17.306,18.504,40.973,25.92,10.408,10.412
20241115184912.9,1984.96099971235,17.318,18.526,40.967,25.896,10.391,10.402
20241115184913.4,1985.46500019729,17.34,18.584,40.901,25.877,10.414,10.426
20241115184913.9,1985.96499748528,17.322,18.607,40.866,25.904,10.404,10.416
20241115184914.4,1986.46500483155,17.295,18.748,40.886,25.898,10.389,10.41
20241115184914.9,1986.97299845517,17.293,18.849,40.913,25.887,10.4,10.422
20241115184915.4,1987.46900260448,17.289,18.904,40.984,25.924,10.408,10.402
20241115184915.9,1987.97300308943,17.273,18.98,41.079,25.943,10.412,10.406
20241115184916.4,1988.47300037742,17.255,18.978,41.137,25.967,10.391,10.422
20241115184916.9,1988.97299766541,17.257,18.954,41.134,25.957,10.393,10.385
20241115184917.4,1989.47300501168,17.231,18.891,41.157,25.949,10.418,10.424
20241115184917.9,1989.96899910271,17.211,18.833,41.155,25.961,10.387,10.402
20241115184918.4,1990.47299958766,17.196,18.702,41.149,25.971,10.4,10.416
20241115184918.9,1990.96900373697,17.186,18.766,41.164,25.987,10.391,10.398
20241115184919.4,1991.46900102496,17.192,18.802,41.139,25.985,10.395,10.406
20241115184919.9,1991.96899831295,17.158,18.825,41.145,25.953,10.408,10.404
20241115184920.4,1992.4810051918,17.13,18.867,41.174,25.967,10.389,10.395
20241115184920.9,1992.98100247979,17.12,18.869,41.215,25.967,10.389,10.391
20241115184921.4,1993.48500296474,17.106,18.8,41.279,25.992,10.402,10.408
20241115184921.9,1993.98100711405,17.108,18.79,41.315,26.002,10.395,10.424
20241115184922.4,1994.48100440204,17.122,18.857,41.337,26.041,10.412,10.418
20241115184922.9,1994.97699849308,17.093,18.972,41.358,26.024,10.383,10.432
20241115184923.4,1995.47300264239,17.085,19.053,41.403,26.057,10.393,10.424
20241115184923.9,1995.98100632429,17.077,19.049,41.393,26.053,10.391,10.406
20241115184924.4,1996.48100361228,17.085,18.841,41.468,26.104,10.391,10.408
20241115184924.9,1996.98500409722,17.108,18.718,41.505,26.104,10.389,10.424
20241115184925.4,1997.48500138521,17.13,18.734,41.548,26.102,10.404,10.404
20241115184925.9,1997.98100553453,17.106,18.841,41.557,26.13,10.404,10.424
20241115184926.4,1998.48100282252,17.081,18.956,41.581,26.114,10.393,10.412
20241115184926.9,1998.98500330746,17.063,19.057,41.544,26.112,10.383,10.414
20241115184927.6,1999.59800541401,17.055,19.057,41.559,26.126,10.4,10.408
20241115184928,2000.09399950504,17.079,18.99,41.606,26.114,10.404,10.408
20241115184928.5,2000.59400685132,17.097,18.861,41.643,26.161,10.395,10.393
20241115184929.1,2001.09800733626,17.091,18.766,41.668,26.151,10.408,10.398
20241115184929.6,2001.59800462425,17.063,18.594,41.695,26.182,10.387,10.4
20241115184930.1,2002.09800191224,17.049,18.419,41.703,26.186,10.4,10.412
20241115184930.6,2002.59799920022,17.063,18.362,41.695,26.171,10.404,10.398
20241115184931,2003.09400334954,17.069,18.297,41.681,26.182,10.4,10.414
20241115184931.6,2003.59800383449,17.067,18.316,41.708,26.163,10.387,10.42
20241115184932,2004.09399792552,17.083,18.354,41.753,26.184,10.408,10.398
20241115184932.5,2004.59400527179,17.077,18.388,41.761,26.186,10.408,10.428
20241115184933,2005.08999936283,17.085,18.506,41.755,26.177,10.371,10.398
20241115184933.5,2005.5900067091,17.093,18.508,41.809,26.196,10.393,10.41
20241115184934,2006.08600080013,17.085,18.6,41.875,26.196,10.404,10.41
20241115184934.5,2006.59000128508,17.11,18.764,41.923,26.19,10.391,10.4
20241115184935,2007.08999857306,17.104,18.92,41.976,26.196,10.4,10.406
20241115184935.5,2007.59000591934,17.114,19.103,42.063,26.241,10.4,10.416
20241115184936,2008.09000320733,17.146,19.221,42.072,26.292,10.412,10.418
20241115184936.5,2008.58599729836,17.164,19.071,42.132,26.314,10.377,10.412
20241115184937,2009.0899977833,17.172,18.976,42.146,26.341,10.398,10.387
20241115184937.5,2009.59399826825,17.154,18.942,42.194,26.335,10.379,10.414
20241115184938,2010.09400561452,17.152,18.851,42.233,26.345,10.4,10.422
20241115184938.5,2010.59400290251,17.19,18.825,42.227,26.351,10.391,10.408
20241115184939.1,2011.11000292003,17.172,18.825,42.249,26.376,10.402,10.389
20241115184939.6,2011.61000020802,17.194,18.833,42.245,26.368,10.381,10.41
20241115184940.1,2012.10999749601,17.2,18.782,42.249,26.357,10.404,10.408
20241115184940.6,2012.60600164533,17.203,18.661,42.231,26.355,10.412,10.4
20241115184941.1,2013.10599893332,17.225,18.362,42.202,26.333,10.393,10.393
20241115184941.6,2013.61699998379,17.225,18.255,42.136,26.321,10.391,10.44
20241115184942.1,2014.11700733006,17.249,18.259,42.07,26.276,10.398,10.43
20241115184942.6,2014.61300142109,17.152,18.235,42.012,26.247,10.398,10.406
20241115184943.1,2015.11299870908,17.055,18.18,41.966,26.231,10.4,10.391
20241115184943.6,2015.62899872661,16.968,18.061,41.827,26.165,10.389,10.406
20241115184944.1,2016.13299921155,16.9,17.851,41.77,26.133,10.373,10.404
20241115184944.6,2016.63699969649,16.799,17.76,41.759,26.112,10.402,10.398
20241115184945.1,2017.15200394392,16.752,17.726,41.943,26.135,10.387,10.414
20241115184945.6,2017.65200123191,16.744,17.701,42.03,26.147,10.377,10.402
20241115184946.1,2018.1519985199,16.752,17.77,42.072,26.141,10.387,10.418
20241115184946.6,2018.65200586617,16.798,17.948,42.144,26.18,10.41,10.414
20241115184947.1,2019.15200315416,16.827,18,42.297,26.247,10.385,10.408
20241115184947.6,2019.65200044215,16.891,18.039,42.338,26.273,10.404,10.404
20241115184948.1,2020.15199773014,16.893,18.059,42.347,26.294,10.395,10.393
20241115184948.6,2020.64899764955,16.94,18.095,42.338,26.284,10.387,10.42
20241115184949.1,2021.1520023644,16.924,18.16,42.39,26.318,10.389,10.434
20241115184949.6,2021.65600284934,16.954,18.17,42.413,26.351,10.404,10.404
20241115184950.1,2022.15600013733,16.976,18.18,42.494,26.349,10.377,10.414
20241115184950.6,2022.66800701618,16.98,18.263,42.622,26.386,10.391,10.408
20241115184951.1,2023.16800430417,17.013,18.326,42.721,26.445,10.385,10.416
20241115184951.6,2023.67599792778,17.009,18.36,42.76,26.441,10.391,10.406
20241115184952.1,2024.1720020771,17.031,18.172,42.796,26.449,10.393,10.422
20241115184952.6,2024.66800622642,17.025,18.124,42.795,26.447,10.391,10.4
20241115184953.1,2025.18799938262,17.023,18.239,42.764,26.451,10.402,10.416
20241115184953.6,2025.68400353193,16.996,18.312,42.756,26.449,10.379,10.402
20241115184954.1,2026.18400081992,16.982,18.301,42.767,26.461,10.375,10.412
20241115184954.6,2026.69500187039,16.954,18.219,42.719,26.431,10.375,10.414
20241115184955.1,2027.19499915838,16.942,18.089,42.734,26.417,10.398,10.416
20241115184955.6,2027.6919990778,16.984,17.994,42.781,26.455,10.408,10.414
20241115184956.1,2028.18400003016,16.996,18.069,42.835,26.441,10.389,10.406
20241115184956.6,2028.68000417948,17.031,18.265,42.841,26.464,10.402,10.412
20241115184957.1,2029.18000146747,17.047,18.443,42.885,26.5,10.395,10.4
20241115184957.6,2029.67999875546,17.059,18.58,42.916,26.521,10.389,10.395
20241115184958.1,2030.17600290477,17.071,18.667,43.002,26.517,10.379,10.408
20241115184958.6,2030.68000338972,17.075,18.736,43.096,26.586,10.393,10.432
20241115184959.1,2031.1800006777,17.083,18.811,43.124,26.613,10.406,10.4
20241115184959.6,2031.67999796569,17.091,18.744,43.166,26.607,10.402,10.416
20241115185000.1,2032.18000531197,17.102,18.633,43.213,26.643,10.4,10.414
20241115185000.6,2032.69200213253,17.095,18.639,43.232,26.643,10.377,10.404
20241115185001.1,2033.19199942052,17.116,18.338,43.242,26.654,10.389,10.4
20241115185001.6,2033.6920067668,17.128,18.2,43.273,26.666,10.4,10.406
20241115185002.1,2034.19200405478,17.12,18.372,43.271,26.674,10.398,10.418
20241115185002.6,2034.69499871135,17.13,18.376,43.315,26.656,10.398,10.412
20241115185003.1,2035.18800549209,17.14,18.435,43.306,26.647,10.393,10.402
20241115185003.6,2035.68000644445,17.132,18.479,43.24,26.629,10.379,10.398
20241115185004.1,2036.18000373244,17.122,18.388,43.247,26.613,10.402,10.412
20241115185004.6,2036.67599782348,17.079,18.471,43.35,26.649,10.385,10.402
20241115185005.1,2037.17600516975,17.089,18.435,43.369,26.678,10.393,10.408
20241115185005.6,2037.67600245774,17.075,18.431,43.433,26.696,10.393,10.393
20241115185006.1,2038.17599974573,17.063,18.314,43.474,26.713,10.389,10.408
20241115185006.6,2038.676007092,17.085,18.421,43.495,26.707,10.389,10.408
20241115185007.1,2039.16799798608,17.073,18.582,43.495,26.707,10.385,10.402
20241115185007.6,2039.67199847102,17.039,18.683,43.488,26.701,10.385,10.42
20241115185008.1,2040.17200581729,17.057,18.637,43.501,26.735,10.379,10.42
20241115185008.6,2040.67200310528,17.057,18.657,43.54,26.743,10.383,10.406
20241115185009.1,2041.17600359023,17.065,18.782,43.584,26.748,10.4,10.402
20241115185009.6,2041.66400134563,17.079,18.809,43.619,26.748,10.4,10.398
20241115185010.1,2042.18000136316,17.059,18.798,43.635,26.76,10.398,10.402
20241115185010.6,2042.67999865115,17.051,18.839,43.646,26.768,10.383,10.418
20241115185011.1,2043.19500289857,17.079,18.897,43.683,26.792,10.389,10.4
20241115185011.6,2043.69500018656,17.085,18.91,43.687,26.782,10.402,10.398
20241115185012.2,2044.20300386846,17.112,18.92,43.737,26.782,10.385,10.416
20241115185012.7,2044.70300115645,17.106,18.91,43.786,26.79,10.402,10.414
20241115185013.2,2045.20700164139,17.11,18.926,43.809,26.774,10.398,10.406
20241115185013.6,2045.6949993968,17.144,18.92,43.84,26.811,10.393,10.402
20241115185014.3,2046.30500413477,17.148,18.924,43.888,26.827,10.387,10.41
20241115185014.8,2046.80500142276,17.13,18.948,43.913,26.829,10.391,10.418
20241115185015.3,2047.31699824333,17.158,18.95,43.946,26.84,10.377,10.406
20241115185015.8,2047.8279992938,17.172,18.968,44.008,26.862,10.387,10.418
20241115185016.3,2048.34399931133,17.172,18.972,44.086,26.85,10.381,10.393
20241115185016.8,2048.85999932885,17.184,18.952,44.146,26.88,10.395,10.408
20241115185017.3,2049.35600347817,17.162,18.94,44.163,26.866,10.395,10.408
20241115185017.8,2049.86700452864,17.19,18.932,44.186,26.862,10.393,10.404
20241115185018.3,2050.36700181663,17.207,18.924,44.233,26.899,10.41,10.381
20241115185018.8,2050.86699910462,17.215,18.92,44.283,26.907,10.41,10.408
20241115185019.3,2051.36700645089,17.207,18.914,44.328,26.944,10.395,10.402
20241115185019.8,2051.87500007451,17.205,18.924,44.394,26.956,10.391,10.393
20241115185020.3,2052.39500328898,17.188,18.901,44.436,26.956,10.393,10.404
20241115185020.9,2052.90600433946,17.178,18.891,44.461,26.966,10.393,10.385
20241115185021.4,2053.42200435698,17.184,18.875,44.498,27.003,10.393,10.398
20241115185021.9,2053.91799844801,17.196,18.887,44.616,27.036,10.371,10.414
20241115185022.4,2054.42600212991,17.188,18.869,44.624,27.03,10.385,10.412
20241115185022.9,2054.93000261486,17.188,18.805,44.624,27.04,10.398,10.391
20241115185023.4,2055.42600676417,17.184,18.782,44.674,27.038,10.395,10.42
20241115185023.9,2055.92200085521,17.188,18.744,44.721,27.027,10.393,10.424
20241115185024.4,2056.42600134015,17.178,18.748,44.746,27.056,10.369,10.418
20241115185024.9,2056.93799816072,17.17,18.738,44.812,27.054,10.383,10.428
20241115185025.4,2057.43800550699,17.162,18.724,44.794,27.048,10.383,10.404
20241115185025.9,2057.93800279498,17.142,18.619,44.725,27.06,10.375,10.406
20241115185026.4,2058.4340069443,17.116,18.506,44.728,27.027,10.383,10.398
20241115185026.9,2058.93800742924,17.101,18.407,44.707,27.048,10.381,10.402
20241115185027.4,2059.43400152028,17.049,18.275,44.68,26.995,10.379,10.398
20241115185027.9,2059.93399880826,16.988,18.293,44.68,27.011,10.387,10.402
20241115185028.4,2060.43400615454,16.912,18.312,44.694,27.009,10.385,10.406
20241115185028.9,2060.93000024557,16.912,18.354,44.723,27.011,10.383,10.404
20241115185029.4,2061.42999753356,16.887,18.344,44.777,27.038,10.404,10.398
20241115185029.9,2061.92600168288,16.873,18.356,44.821,27.046,10.404,10.422
20241115185030.4,2062.42599897087,16.883,18.392,44.872,27.048,10.381,10.385
20241115185030.9,2062.92999945581,16.855,18.461,44.916,27.046,10.404,10.414
20241115185031.4,2063.43000680208,16.869,18.516,45.003,27.091,10.402,10.418
20241115185031.9,2063.9380004257,16.912,18.619,45.11,27.103,10.393,10.414
20241115185032.4,2064.45699781179,16.912,18.655,45.112,27.105,10.385,10.426
20241115185032.9,2064.96099829674,16.938,18.756,45.189,27.156,10.391,10.422
20241115185033.4,2065.47300517559,16.948,18.853,45.226,27.168,10.385,10.416
20241115185033.9,2065.97700566053,16.942,18.847,45.29,27.177,10.379,10.418
20241115185034.4,2066.47299975157,16.984,18.849,45.298,27.187,10.387,10.404
20241115185034.9,2066.97300709784,17.017,18.821,45.338,27.207,10.4,10.406
20241115185035.4,2067.46900118887,17.021,18.827,45.377,27.232,10.385,10.404
20241115185035.9,2067.96899847686,17.039,18.821,45.425,27.236,10.389,10.406
20241115185036.4,2068.46900582314,17.027,18.794,45.427,27.258,10.383,10.418
20241115185036.9,2068.96900311112,17.041,18.859,45.394,27.258,10.381,10.418
20241115185037.4,2069.47300359607,17.033,18.912,45.396,27.252,10.381,10.416
20241115185037.9,2069.97300088406,17.053,19,45.414,27.258,10.385,10.406
20241115185038.4,2070.477001369,17.065,19.067,45.421,27.271,10.398,10.412
20241115185038.9,2070.98100185394,17.075,19.112,45.441,27.322,10.383,10.43
20241115185039.5,2071.50800563395,17.097,19.16,45.509,27.293,10.387,10.41
20241115185040,2072.00800292194,17.14,19.164,45.646,27.352,10.387,10.412
20241115185040.5,2072.51200340688,17.156,19.12,45.7,27.361,10.387,10.422
20241115185041,2073.02400022745,17.203,18.924,45.741,27.375,10.398,10.418
20241115185041.5,2073.54299761355,17.2,18.79,45.753,27.363,10.389,10.41
20241115185042,2074.04699809849,17.205,18.865,45.762,27.342,10.398,10.444
20241115185042.5,2074.55099858344,17.217,18.948,45.723,27.352,10.391,10.422
20241115185043,2075.05100592971,17.205,18.966,45.739,27.322,10.393,10.406
20241115185043.5,2075.5510032177,17.186,18.837,45.762,27.352,10.389,10.408
20241115185044,2076.06700323522,17.184,18.746,45.774,27.373,10.398,10.418
20241115185044.5,2076.56999789178,17.176,18.748,45.82,27.361,10.387,10.4
20241115185045,2077.07000523806,17.164,18.635,45.857,27.379,10.385,10.432
20241115185045.5,2077.574005723,17.182,18.449,45.882,27.387,10.404,10.412
20241115185046,2078.07400301099,17.19,18.52,45.898,27.379,10.406,10.41
20241115185046.5,2078.59000302851,17.201,18.55,45.884,27.379,10.412,10.43
20241115185047,2079.0900003165,17.198,18.625,45.942,27.387,10.393,10.426
20241115185047.5,2079.58999760449,17.209,18.681,45.942,27.405,10.395,10.408
20241115185048,2080.09399808943,17.231,18.714,45.925,27.418,10.4,10.404
20241115185048.5,2080.5859990418,17.221,18.671,45.952,27.393,10.387,10.418
20241115185049.1,2081.10600225627,17.215,18.56,45.987,27.405,10.408,10.41
20241115185049.6,2081.60599954426,17.211,18.504,46.029,27.434,10.387,10.4
20241115185050.1,2082.10600689054,17.211,18.429,46.165,27.455,10.383,10.406
20241115185050.6,2082.60999731719,17.201,18.356,46.196,27.481,10.402,10.414
20241115185051.1,2083.12500156462,17.198,18.176,46.223,27.493,10.404,10.408
20241115185051.6,2083.62100571394,17.217,18.176,46.297,27.477,10.395,10.412
20241115185052.1,2084.12100300193,17.221,18.356,46.283,27.487,10.402,10.393
20241115185052.6,2084.62100028992,17.241,18.489,46.318,27.483,10.404,10.408
20241115185053.1,2085.12099757791,17.225,18.552,46.316,27.512,10.412,10.406
20241115185053.6,2085.61700172722,17.235,18.429,46.285,27.506,10.398,10.4
20241115185054.1,2086.12100221217,17.227,18.13,46.271,27.504,10.381,10.422
20241115185054.6,2086.62099950016,17.229,17.924,46.364,27.536,10.387,10.418
20241115185055.1,2087.12100684643,17.217,17.837,46.304,27.473,10.412,10.416
20241115185055.6,2087.633003667,17.168,17.954,46.25,27.471,10.393,10.391
20241115185056.1,2088.13300095499,17.067,18.051,46.345,27.493,10.402,10.408
20241115185056.6,2088.64900097251,16.998,18.093,46.434,27.514,10.393,10.406
20241115185057.1,2089.15599882603,16.956,18.079,46.511,27.54,10.398,10.406
20241115185057.6,2089.66400250793,16.877,18.037,46.535,27.546,10.398,10.41
20241115185058.1,2090.16800299287,16.855,18.079,46.566,27.579,10.41,10.426
20241115185058.6,2090.66400714219,16.788,18.037,46.509,27.497,10.393,10.406
20241115185059.1,2091.18000715971,16.774,17.968,46.386,27.479,10.4,10.404
20241115185059.6,2091.67600125074,16.75,17.974,46.426,27.452,10.395,10.42
20241115185100.1,2092.19499863684,16.736,17.98,46.403,27.414,10.381,10.404
20241115185100.7,2092.7270013839,16.75,18.021,46.508,27.405,10.404,10.383
20241115185101.3,2093.36699992418,16.728,18.102,46.589,27.414,10.42,10.436
20241115185101.8,2093.86700727046,16.728,18.19,46.705,27.43,10.395,10.414
20241115185102.3,2094.3829972297,16.742,18.285,46.765,27.436,10.393,10.402
20241115185102.8,2094.88300457597,16.746,18.348,46.829,27.454,10.389,10.418
20241115185103.3,2095.38300186396,16.782,18.388,46.875,27.467,10.4,10.41
20241115185103.8,2095.89499868453,16.796,18.405,46.885,27.487,10.42,10.42
20241115185104.4,2096.41000293195,16.798,18.443,46.92,27.489,10.406,10.404
20241115185104.9,2096.90600708127,16.827,18.506,47.007,27.542,10.395,10.422
20241115185105.4,2097.40999750793,16.831,18.602,47.026,27.532,10.404,10.424
20241115185105.9,2097.93800711632,16.849,18.748,47.108,27.551,10.398,10.402
20241115185106.4,2098.43800440431,16.891,18.867,47.203,27.581,10.4,10.432
20241115185106.9,2098.93399849534,16.897,19.007,47.253,27.61,10.398,10.416
20241115185107.4,2099.43799898028,16.926,19.176,47.27,27.624,10.385,10.422
20241115185107.9,2099.94900003076,16.97,19.316,47.29,27.642,10.402,10.404
20241115185108.4,2100.44900737703,17.015,19.388,47.326,27.677,10.387,10.418
20241115185108.9,2100.96499733627,17.025,19.402,47.369,27.702,10.406,10.408
20241115185109.4,2101.46500468254,17.047,19.2,47.456,27.71,10.395,10.43
20241115185109.9,2101.96500197053,17.102,18.891,47.53,27.743,10.412,10.404
20241115185110.4,2102.46100611985,17.114,18.774,47.628,27.783,10.395,10.406
20241115185110.9,2102.99200303853,17.142,18.629,47.686,27.828,10.381,10.418
20241115185111.5,2103.512006253,17.16,18.493,47.741,27.834,10.393,10.418
20241115185112,2104.02700044215,17.172,18.544,47.754,27.847,10.404,10.406
20241115185112.5,2104.54300045967,17.154,18.576,47.741,27.869,10.398,10.404
20241115185113,2105.05100414157,17.166,18.461,47.748,27.882,10.395,10.418
20241115185113.5,2105.57000152767,17.156,18.255,47.731,27.871,10.414,10.408
20241115185114,2106.06700144708,17.178,18.17,47.81,27.894,10.4,10.412
20241115185114.5,2106.56699873507,17.2,18.316,47.76,27.886,10.414,10.418
20241115185115,2107.06700608134,17.148,18.439,47.746,27.894,10.404,10.408
20241115185115.5,2107.57000073791,17.144,18.572,47.805,27.871,10.418,10.412
20241115185116,2108.07400122285,17.122,18.697,47.901,27.879,10.389,10.416
20241115185116.5,2108.59000124037,17.146,18.661,48.029,27.928,10.398,10.422
20241115185117,2109.09400172532,17.126,18.611,48.041,27.957,10.414,10.414
20241115185117.6,2109.59800221026,17.102,18.629,48.062,27.961,10.389,10.418
20241115185118.1,2110.09799949825,17.118,18.653,48.144,27.943,10.414,10.414
20241115185118.6,2110.61300374568,17.11,18.718,48.175,27.984,10.387,10.43
20241115185119.1,2111.11300103366,17.124,18.839,48.169,28.012,10.402,10.416
20241115185119.6,2111.61700151861,17.118,19.031,48.252,28.01,10.402,10.422
20241115185120.1,2112.11300566792,17.106,19.19,48.292,28.02,10.391,10.414
20241115185120.6,2112.61300295591,17.093,19.378,48.323,28.02,10.414,10.414
20241115185121.1,2113.12499977648,17.095,19.497,48.43,28.039,10.395,10.438
20241115185121.6,2113.64099979401,17.073,19.473,48.509,28.072,10.412,10.424
20241115185122.1,2114.15600404143,17.093,19.459,48.576,28.078,10.395,10.416
20241115185122.6,2114.65600132942,17.091,19.435,48.63,28.084,10.404,10.43
20241115185123.1,2115.16400501132,17.118,19.441,48.68,28.108,10.381,10.393
20241115185123.6,2115.65999910235,17.12,19.449,48.701,28.145,10.393,10.42
20241115185124.1,2116.17599911988,17.128,19.39,48.754,28.127,10.406,10.406
20241115185124.6,2116.6720032692,17.128,19.213,48.799,28.151,10.408,10.426
20241115185125.1,2117.17600375414,17.148,19.122,48.82,28.17,10.418,10.414
20241115185125.6,2117.68000423908,17.168,19.106,48.858,28.178,10.398,10.414
20241115185126.1,2118.18000152707,17.188,19.101,48.919,28.196,10.385,10.432
20241115185126.6,2118.67999881506,17.194,19.099,48.983,28.212,10.406,10.432
20241115185127.1,2119.18000616133,17.186,19.158,49.002,28.227,10.406,10.418
20241115185127.6,2119.68000344932,17.194,19.211,49.011,28.249,10.387,10.412
20241115185128.1,2120.17599754035,17.196,19.251,49.031,28.274,10.395,10.42
20241115185128.6,2120.67600488663,17.18,19.303,49.096,28.292,10.412,10.412
20241115185129.1,2121.19200490415,17.174,19.318,49.142,28.311,10.4,10.416
20241115185129.6,2121.68799899518,17.154,19.326,49.224,28.319,10.406,10.418
20241115185130.1,2122.1840031445,17.168,19.354,49.316,28.356,10.395,10.408
20241115185130.6,2122.68400043249,17.162,19.35,49.382,28.378,10.395,10.436
20241115185131.1,2123.18399772048,17.174,19.318,49.449,28.386,10.398,10.424
20241115185131.6,2123.6800018698,17.186,19.34,49.472,28.409,10.387,10.42
20241115185132.1,2124.17999915779,17.192,19.336,49.474,28.407,10.4,10.418
20241115185132.6,2124.68399964273,17.207,19.382,49.504,28.427,10.404,10.406
20241115185133.1,2125.18000379205,17.233,19.358,49.56,28.433,10.408,10.422
20241115185133.6,2125.68000108004,17.223,19.334,49.581,28.441,10.414,10.426
20241115185134.1,2126.17999836802,17.213,19.269,49.593,28.441,10.418,10.408
20241115185134.6,2126.69500261545,17.209,19.271,49.591,28.409,10.412,10.406
20241115185135.2,2127.20300629735,17.203,19.253,49.618,28.419,10.418,10.414
20241115185135.7,2127.70300358534,17.211,19.112,49.61,28.429,10.41,10.41
20241115185136.2,2128.21900360286,17.235,19.089,49.625,28.435,10.408,10.418
20241115185136.7,2128.72700728476,17.245,19.039,49.625,28.372,10.4,10.424
20241115185137.2,2129.22300137579,17.261,19.049,49.554,28.349,10.395,10.414
20241115185137.7,2129.72299866378,17.273,18.996,49.527,28.343,10.393,10.4
20241115185138.2,2130.23500554264,17.255,18.914,49.428,28.304,10.395,10.41
20241115185138.7,2130.73099963367,17.241,18.942,49.46,28.286,10.42,10.412
20241115185139.2,2131.2460038811,17.217,19.023,49.541,28.284,10.406,10.408
20241115185139.7,2131.74600116909,17.158,19.061,49.604,28.302,10.398,10.4
20241115185140.2,2132.24599845707,17.11,19.085,49.644,28.343,10.404,10.428
20241115185140.7,2132.74600580335,17.093,19.101,49.715,28.321,10.4,10.426
20241115185141.2,2133.24199989438,17.097,19.057,49.775,28.335,10.402,10.41
20241115185141.7,2133.74600037932,17.128,19.059,49.804,28.37,10.391,10.412
20241115185142.2,2134.24599766731,17.124,19.184,49.911,28.392,10.395,10.398
20241115185142.7,2134.74600501359,17.132,19.017,49.903,28.378,10.4,10.43
20241115185143.2,2135.24600230157,17.14,19.019,49.932,28.413,10.406,10.416
20241115185143.7,2135.75799912214,17.146,19.027,50.003,28.419,10.402,10.424
20241115185144.2,2136.26199960709,17.18,19.087,50.053,28.435,10.4,10.43
20241115185144.7,2136.76200695336,17.146,19.217,50.09,28.437,10.408,10.416
20241115185145.2,2137.27000057697,17.136,19.21,50.101,28.453,10.414,10.42
20241115185145.7,2137.77699843049,17.14,19.255,50.143,28.482,10.404,10.43
20241115185146.2,2138.27700577676,17.13,19.263,50.232,28.49,10.402,10.424
20241115185146.7,2138.77700306475,17.114,19.19,50.326,28.513,10.402,10.404
20241115185147.3,2139.3910009414,17.13,19.184,50.456,28.523,10.4,10.408
20241115185147.8,2139.89099822938,17.13,19.14,50.467,28.541,10.424,10.438
20241115185148.3,2140.39499871433,17.178,19.014,50.527,28.535,10.418,10.42
20241115185148.9,2140.89899919927,17.176,18.958,50.577,28.572,10.418,10.452
20241115185149.3,2141.39500334859,17.198,18.976,50.629,28.578,10.426,10.42
20241115185149.8,2141.89500063658,17.208,19.061,50.65,28.586,10.418,10.432
20241115185150.4,2142.410004884,17.227,19.136,50.633,28.574,10.422,10.434
20241115185150.9,2142.91400536895,17.214,19.231,50.673,28.617,10.414,10.426
20241115185151.4,2143.42600218952,17.222,19.243,50.725,28.603,10.424,10.414
20241115185151.9,2143.92599947751,17.194,19.164,50.776,28.613,10.404,10.432
20241115185152.4,2144.42600682378,17.206,19.041,50.84,28.639,10.426,10.418
20241115185152.9,2144.92999725044,17.18,18.932,50.918,28.678,10.416,10.426
20241115185153.4,2145.43000459671,17.168,18.82,50.957,28.668,10.408,10.434
20241115185153.9,2145.9300018847,17.174,18.728,50.947,28.658,10.42,10.412
20241115185154.4,2146.42600603402,17.192,18.669,50.934,28.666,10.41,10.418
20241115185154.9,2146.93000651896,17.188,18.546,50.982,28.678,10.394,10.426
20241115185155.4,2147.4340070039,17.198,18.758,51.031,28.656,10.402,10.42
20241115185155.9,2147.93400429189,17.227,18.948,51.12,28.678,10.404,10.414
20241115185156.4,2148.43400157988,17.235,19.093,51.223,28.678,10.402,10.418
20241115185156.9,2148.93399886787,17.229,19.13,51.256,28.703,10.414,10.418
20241115185157.4,2149.43000301719,17.249,19.095,51.336,28.727,10.396,10.412
20241115185157.9,2149.93400350213,17.257,19.075,51.427,28.735,10.414,10.422
20241115185158.4,2150.4450045526,17.249,19.069,51.44,28.738,10.414,10.422
20241115185158.9,2150.94500184059,17.247,19.081,51.503,28.766,10.402,10.414
20241115185159.4,2151.45699866116,17.253,19.004,51.553,28.744,10.394,10.406
20241115185159.9,2151.95700600743,17.277,19.008,51.565,28.764,10.408,10.412
20241115185200.4,2152.45700329542,17.269,18.978,51.626,28.762,10.395,10.418
20241115185200.9,2152.97300331295,17.275,19,51.701,28.756,10.414,10.424
20241115185201.4,2153.47300060093,17.243,19.081,51.785,28.752,10.393,10.428
20241115185202,2154.00000438094,17.2,19,51.768,28.748,10.408,10.402
20241115185202.5,2154.50400486588,17.196,18.843,51.703,28.738,10.402,10.402
20241115185203,2155.01600168645,17.223,18.74,51.768,28.742,10.377,10.416
20241115185203.5,2155.51200583577,17.211,18.679,51.705,28.703,10.383,10.412
20241115185204,2156.01200312376,17.211,18.625,51.641,28.672,10.406,10.408
20241115185204.5,2156.51200041175,17.16,18.544,51.747,28.637,10.375,10.404
20241115185205,2157.02700465918,17.134,18.457,51.852,28.686,10.389,10.408
20241115185205.5,2157.52400457859,17.11,18.429,51.941,28.68,10.385,10.4
20241115185206,2158.02400186658,17.124,18.532,52.132,28.721,10.414,10.42
20241115185206.5,2158.52700658143,17.093,18.649,52.272,28.768,10.404,10.42
20241115185207,2159.02700386941,17.093,18.687,52.349,28.801,10.379,10.406
20241115185207.5,2159.5270011574,17.089,18.742,52.412,28.803,10.393,10.42
20241115185208,2160.02699844539,17.075,18.851,52.457,28.84,10.393,10.42
20241115185208.5,2160.53099893034,17.059,18.956,52.485,28.889,10.393,10.422
20241115185209,2161.07400543988,17.061,19.015,52.616,28.938,10.398,10.408
20241115185209.5,2161.57400272787,17.061,19.095,52.733,28.964,10.389,10.416
20241115185210,2162.07400001585,17.116,19.108,52.783,28.96,10.398,10.408
20241115185210.5,2162.57399730384,17.102,19.106,52.779,28.938,10.381,10.416
20241115185211,2163.07400465012,17.124,19.097,52.802,28.917,10.381,10.387
20241115185211.5,2163.59000466764,17.144,19.099,52.909,28.952,10.385,10.424
20241115185212.1,2164.10600468516,17.176,19.126,52.997,28.981,10.389,10.395
20241115185212.6,2164.651998505,17.196,19.243,53.113,29.015,10.383,10.426
20241115185213.1,2165.1799980551,17.229,19.354,53.164,29.044,10.418,10.422
20241115185213.6,2165.68000540137,17.237,19.362,53.21,29.069,10.402,10.44
20241115185214.1,2166.17599949241,17.243,19.206,53.209,29.097,10.408,10.426
20241115185214.6,2166.67600683868,17.267,19.164,53.201,29.064,10.4,10.43
20241115185215.1,2167.18000732362,17.291,19.063,53.155,29.077,10.406,10.434
20241115185215.6,2167.69500151277,17.322,18.96,53.22,29.089,10.406,10.42
20241115185216.2,2168.19900199771,17.346,18.938,53.287,29.113,10.396,10.426
20241115185216.6,2168.69500614703,17.334,18.901,53.362,29.134,10.408,10.424
20241115185217.1,2169.19500343502,17.374,18.867,53.46,29.163,10.41,10.422
20241115185217.7,2169.69900391996,17.372,18.8,53.583,29.181,10.394,10.422
20241115185218.1,2170.19499801099,17.388,18.861,53.696,29.226,10.402,10.43
20241115185218.7,2170.71099802852,17.378,18.914,53.746,29.216,10.408,10.42
20241115185219.2,2171.21100537479,17.374,19.132,53.807,29.22,10.392,10.402
20241115185219.7,2171.71100266278,17.406,19.168,53.914,29.246,10.404,10.424
20241115185220.2,2172.21500314772,17.408,19.146,53.997,29.262,10.426,10.438
20241115185220.7,2172.71099723876,17.42,19.15,54.056,29.273,10.422,10.422
20241115185221.2,2173.21900092065,17.42,19.043,54.122,29.291,10.406,10.422
20241115185221.7,2173.73500093818,17.412,19.065,54.177,29.307,10.404,10.422
20241115185222.2,2174.23499822617,17.394,19.164,54.26,29.342,10.404,10.426
20241115185222.7,2174.73500557244,17.388,19.087,54.354,29.354,10.414,10.43
20241115185223.2,2175.23500286043,17.404,19.02,54.475,29.361,10.414,10.428
20241115185223.7,2175.73799751699,17.376,18.944,54.492,29.357,10.412,10.418
20241115185224.2,2176.23800486326,17.38,18.869,54.54,29.356,10.387,10.43
20241115185224.7,2176.76999755204,17.386,19.049,54.663,29.377,10.406,10.422
20241115185225.2,2177.27399803698,17.37,19.269,54.753,29.406,10.404,10.434
20241115185225.7,2177.77400538325,17.358,19.342,54.86,29.442,10.41,10.42
20241115185226.2,2178.28100323677,17.372,19.408,54.992,29.463,10.416,10.422
20241115185226.7,2178.78900691867,17.392,19.522,55.063,29.471,10.418,10.424
20241115185227.2,2179.28900420666,17.362,19.663,55.144,29.514,10.4,10.43
20241115185227.7,2179.7930046916,17.348,19.459,55.238,29.514,10.394,10.432
20241115185228.2,2180.29300197959,17.37,19.394,55.332,29.555,10.416,10.422
20241115185228.7,2180.79299926758,17.36,19.425,55.468,29.575,10.404,10.43
20241115185229.3,2181.29699975252,17.356,19.548,55.589,29.587,10.402,10.416
20241115185229.8,2181.81299977005,17.364,19.657,55.681,29.6,10.404,10.422
20241115185230.3,2182.31300711632,17.372,19.578,55.723,29.6,10.41,10.424
20241115185230.8,2182.82800130546,17.364,19.388,55.758,29.577,10.414,10.414
20241115185231.3,2183.32799859345,17.368,19.287,55.742,29.594,10.396,10.42
20241115185231.8,2183.83199907839,17.392,19.287,55.748,29.559,10.383,10.426
20241115185232.3,2184.32800322771,17.396,19.301,55.798,29.557,10.4,10.408
20241115185232.8,2184.8280005157,17.39,19.358,55.992,29.602,10.396,10.422
20241115185233.3,2185.33200100064,17.376,19.427,56.088,29.612,10.41,10.426
20241115185233.8,2185.83600148559,17.362,19.441,56.126,29.634,10.392,10.422
20241115185234.3,2186.34799830616,17.378,19.459,56.21,29.639,10.392,10.4
20241115185234.8,2186.86000518501,17.372,19.352,56.255,29.624,10.385,10.418
20241115185235.3,2187.39100210369,17.386,19.055,56.331,29.632,10.424,10.426
20241115185235.8,2187.89099939167,17.396,18.855,56.385,29.62,10.398,10.44
20241115185236.3,2188.39100673795,17.386,18.994,56.301,29.581,10.408,10.424
20241115185236.8,2188.88700082898,17.313,19.126,56.331,29.565,10.394,10.408
20241115185237.3,2189.39100131392,17.257,19.041,56.381,29.555,10.402,10.416
20241115185237.8,2189.89500179887,17.216,19.095,56.481,29.577,10.406,10.434
20241115185238.4,2190.39900228381,17.174,19.156,56.602,29.61,10.404,10.44
20241115185238.9,2190.90200699866,17.19,19.216,56.782,29.63,10.386,10.408
20241115185239.4,2191.4060074836,17.19,19.257,56.922,29.618,10.396,10.425
20241115185239.9,2191.90600477159,17.195,19.262,56.989,29.631,10.415,10.431
20241115185240.4,2192.40199886262,17.201,19.316,57.05,29.645,10.411,10.424
20241115185240.9,2192.90599934757,17.178,19.382,57.143,29.647,10.41,10.418
20241115185241.4,2193.40200349689,17.162,19.453,57.195,29.626,10.406,10.42
20241115185241.9,2193.90600398183,17.185,19.518,57.326,29.633,10.421,10.419
20241115185242.4,2194.41000446677,17.219,19.617,57.405,29.656,10.407,10.431
20241115185242.9,2194.91400495172,17.242,19.672,57.57,29.666,10.409,10.439
20241115185243.4,2195.41800543666,17.24,19.702,57.723,29.694,10.413,10.433
20241115185243.9,2195.91399952769,17.27,19.702,57.857,29.701,10.419,10.421
20241115185244.4,2196.41800001264,17.284,19.734,57.99,29.688,10.411,10.421
20241115185244.9,2196.92600369453,17.278,19.823,58.12,29.729,10.403,10.445
20241115185245.4,2197.42600098252,17.258,19.953,58.201,29.754,10.423,10.433
20241115185245.9,2197.93000146747,17.246,20.05,58.299,29.741,10.419,10.437
20241115185246.4,2198.43400195241,17.25,20.167,58.381,29.772,10.403,10.425
20241115185246.9,2198.9339992404,17.242,20.334,58.565,29.803,10.411,10.431
20241115185247.4,2199.43400658667,17.25,20.403,58.738,29.821,10.405,10.431
20241115185247.9,2199.9300006777,17.254,20.44,58.851,29.836,10.405,10.413
20241115185248.4,2200.43400116265,17.262,20.413,59.045,29.876,10.399,10.419
20241115185248.9,2200.94500221312,17.282,20.349,59.24,29.895,10.411,10.425
20241115185249.4,2201.44900269806,17.314,20.221,59.338,29.934,10.403,10.427
20241115185249.9,2201.95300318301,17.328,20.019,59.411,29.927,10.411,10.427
20241115185250.4,2202.44899727404,17.349,19.89,59.503,29.938,10.393,10.435
20241115185250.9,2202.94900462031,17.355,19.753,59.712,29.97,10.417,10.423
20241115185251.4,2203.4490019083,17.363,19.543,59.854,29.976,10.401,10.433
20241115185251.9,2203.96500192583,17.373,19.337,59.974,29.98,10.408,10.416
20241115185252.4,2204.4769987464,17.37,19.18,60.141,29.978,10.396,10.418
20241115185252.9,2204.98099923134,17.384,19.067,60.262,30.014,10.394,10.406
20241115185253.4,2205.49200028181,17.37,19.16,60.329,29.994,10.408,10.406
20241115185253.9,2205.9919975698,17.378,19.305,60.427,30.016,10.412,10.418
20241115185254.4,2206.49200491607,17.354,19.477,60.597,30.025,10.406,10.426
20241115185254.9,2206.99200220406,17.384,19.637,60.689,30.051,10.396,10.404
20241115185255.4,2207.49199949205,17.396,19.816,60.847,30.063,10.394,10.422
20241115185255.9,2207.99200683832,17.416,19.94,60.977,30.072,10.381,10.408
20241115185256.4,2208.49200412631,17.404,19.835,61.124,30.078,10.424,10.412
20241115185256.9,2208.9920014143,17.398,19.639,61.229,30.082,10.394,10.43
20241115185257.4,2209.49199870229,17.418,19.414,61.353,30.084,10.416,10.434
20241115185257.9,2209.99200604856,17.402,19.208,61.509,30.115,10.379,10.427
20241115185258.4,2210.49200333655,17.401,19.027,61.604,30.113,10.411,10.403
20241115185259,2211.00400015712,17.417,18.88,61.802,30.142,10.399,10.413
20241115185259.5,2211.50400750339,17.381,18.726,62.012,30.177,10.389,10.435
20241115185260,2212.00799793005,17.369,18.779,62.197,30.179,10.417,10.425
20241115185300.5,2212.50800527632,17.393,18.833,62.314,30.181,10.411,10.433
20241115185301,2213.00800256431,17.389,18.848,62.381,30.171,10.403,10.431
20241115185301.5,2213.51200304925,17.425,18.781,62.468,30.183,10.411,10.425
20241115185302,2214.01200033724,17.405,18.85,62.621,30.183,10.399,10.423
20241115185302.5,2214.51199762523,17.411,19.048,62.797,30.246,10.407,10.435
20241115185303,2215.0120049715,17.405,19.276,63.01,30.234,10.411,10.415
20241115185303.5,2215.51600545645,17.413,19.389,63.192,30.258,10.417,10.453
20241115185304,2216.02700650692,17.417,19.514,63.337,30.273,10.411,10.435
20241115185304.5,2216.52400642633,17.44,19.579,63.591,30.314,10.399,10.441
20241115185305,2217.02400371432,17.438,19.52,63.827,30.324,10.409,10.411
20241115185305.5,2217.52400100231,17.472,19.438,63.965,30.344,10.395,10.427
20241115185306,2218.02700571716,17.482,19.179,64.129,30.34,10.427,10.431
20241115185306.5,2218.54300573468,17.476,19.153,64.436,30.33,10.405,10.439
20241115185307,2219.04300302267,17.488,19.173,64.663,30.348,10.431,10.427
20241115185307.5,2219.53900717199,17.5,19.238,64.77,30.373,10.401,10.421
20241115185308,2220.04299759865,17.478,19.28,64.974,30.373,10.413,10.437
20241115185308.5,2220.54300494492,17.438,19.349,65.14,30.346,10.419,10.435
20241115185309,2221.05900496244,17.365,19.435,65.324,30.34,10.415,10.433
20241115185309.5,2221.57399915159,17.316,19.405,65.514,30.385,10.413,10.423
20241115185310,2222.07799963653,17.306,19.478,65.698,30.357,10.411,10.417
20241115185310.5,2222.59000651538,17.313,19.384,65.901,30.364,10.396,10.43
20241115185311.1,2223.10600653291,17.295,19.346,66.206,30.401,10.408,10.432
20241115185311.6,2223.62100072205,17.303,19.342,66.58,30.431,10.383,10.41
20241115185312.1,2224.14900027215,17.313,19.368,66.855,30.441,10.394,10.43
20241115185312.6,2224.64899756014,17.319,19.321,67.082,30.433,10.392,10.426
20241115185313.1,2225.14900490642,17.315,19.283,67.346,30.425,10.402,10.418
20241115185313.6,2225.65199956298,17.263,19.233,67.58,30.409,10.412,10.43
20241115185314.1,2226.16400644183,17.259,19.253,67.781,30.415,10.414,10.418
20241115185314.6,2226.66400372982,17.233,19.192,68.118,30.435,10.402,10.42
20241115185315.1,2227.16400101781,17.261,19.162,68.33,30.433,10.392,10.434
20241115185315.6,2227.68000103533,17.267,19.172,68.41,30.378,10.408,10.424
20241115185316.1,2228.17600518465,17.233,19.182,68.533,30.35,10.39,10.43
20241115185316.6,2228.67600247264,17.22,19.168,68.735,30.331,10.404,10.414
20241115185317.1,2229.17200662196,17.166,19.099,68.992,30.348,10.412,10.402
20241115185317.6,2229.66800071299,17.132,19.047,69.254,30.348,10.412,10.418
20241115185318.1,2230.18400073051,17.105,19.012,69.508,30.348,10.398,10.424
20241115185318.6,2230.6839980185,17.085,19.081,69.842,30.356,10.4,10.418
20241115185319.1,2231.18400536478,17.059,19.106,70.223,30.37,10.393,10.424
20241115185319.6,2231.68800584972,17.053,19.138,70.582,30.401,10.4,10.389
20241115185320.1,2232.18399994075,17.073,19.099,70.931,30.435,10.395,10.416
20241115185320.7,2232.69900418818,17.063,19.019,71.262,30.48,10.383,10.414
20241115185321.2,2233.19900147617,17.095,18.887,71.51,30.472,10.406,10.406
20241115185321.6,2233.69500562549,17.099,18.988,71.847,30.483,10.4,10.395
20241115185322.2,2234.21100564301,17.095,19.128,72.246,30.515,10.383,10.41
20241115185322.7,2234.711002931,17.071,19.207,72.659,30.525,10.395,10.406
20241115185323.2,2235.21100021899,17.063,19.241,73.155,30.542,10.404,10.41
20241115185323.7,2235.72700023651,17.069,19.271,73.557,30.581,10.395,10.418
20241115185324.2,2236.25800721347,17.085,19.253,73.9,30.595,10.391,10.4
20241115185324.7,2236.75800450146,17.095,19.239,74.143,30.585,10.389,10.41
20241115185325.2,2237.25800178945,17.079,19.13,74.509,30.583,10.408,10.414
20241115185325.7,2237.75799907744,17.099,19.041,74.911,30.595,10.402,10.412
20241115185326.2,2238.25800642371,17.112,19.13,75.251,30.603,10.375,10.402
20241115185326.7,2238.76200690866,17.108,19.19,75.659,30.564,10.389,10.424
20241115185327.2,2239.26599733531,17.097,19.297,76.113,30.587,10.385,10.404
20241115185327.7,2239.76600468159,17.11,19.37,76.601,30.613,10.381,10.408
20241115185328.2,2240.28099887073,17.079,19.404,76.931,30.591,10.41,10.404
20241115185328.8,2240.80100208521,17.089,19.465,77.392,30.605,10.385,10.406
20241115185329.3,2241.29700623453,17.091,19.518,77.926,30.63,10.402,10.395
20241115185329.8,2241.80100671947,17.089,19.544,78.306,30.644,10.387,10.412
20241115185330.3,2242.3360068351,17.087,19.552,78.794,30.666,10.393,10.424
20241115185330.8,2242.84000732005,17.089,19.35,79.279,30.705,10.389,10.398
20241115185331.3,2243.34000460804,17.114,19.31,79.792,30.736,10.41,10.404
20241115185331.8,2243.85600462556,17.144,19.376,80.369,30.748,10.406,10.408
20241115185332.3,2244.35199871659,17.124,19.453,80.915,30.785,10.383,10.389
20241115185332.8,2244.86700296402,17.134,19.556,81.489,30.791,10.377,10.406
20241115185333.3,2245.36300711334,17.136,19.627,82.086,30.838,10.398,10.408
20241115185333.8,2245.86699754,17.152,19.701,82.837,30.875,10.416,10.402
20241115185334.3,2246.37099802494,17.164,19.736,83.438,30.871,10.404,10.398
20241115185334.8,2246.87100537121,17.174,19.77,84.126,30.877,10.395,10.402
20241115185335.3,2247.38300219178,17.196,19.766,84.8,30.909,10.395,10.408
20241115185335.8,2247.88299947977,17.229,19.796,85.41,30.957,10.402,10.41
20241115185336.3,2248.37900362909,17.235,19.839,86.054,30.971,10.404,10.414
20241115185336.8,2248.88300411403,17.247,19.734,86.597,30.985,10.395,10.412
20241115185337.3,2249.3950009346,17.251,19.491,87.285,31.001,10.4,10.398
20241115185337.9,2249.89900141954,17.271,19.209,87.955,31.028,10.404,10.4
20241115185338.3,2250.39500556886,17.285,18.99,88.712,31.03,10.391,10.406
20241115185338.9,2250.90999975801,17.285,18.895,89.36,31.028,10.4,10.404
20241115185339.4,2251.40600390732,17.293,18.728,90.198,31.014,10.395,10.395
20241115185339.9,2251.91000439227,17.227,18.594,90.885,31.008,10.408,10.408
20241115185340.4,2252.42600440979,17.213,18.372,91.713,30.985,10.404,10.398
20241115185340.9,2252.92199850082,17.138,18.479,92.518,30.991,10.398,10.402
20241115185341.4,2253.4420017153,17.071,18.544,93.341,30.993,10.398,10.426
20241115185341.9,2253.95700596273,17.003,18.649,94.471,31.008,10.4,10.414
20241115185342.4,2254.45300005376,16.95,18.803,95.366,31.05,10.398,10.41
20241115185342.9,2254.98500280082,16.926,18.891,96.649,31.095,10.391,10.41
20241115185343.5,2255.51200658083,16.906,18.952,97.432,31.104,10.381,10.414
20241115185344,2256.01200386882,16.889,18.978,98.147,31.11,10.414,10.395
20241115185344.5,2256.52699805796,16.899,18.944,99.394,31.138,10.389,10.418
20241115185345,2257.02399797738,16.918,18.924,100.402,31.138,10.398,10.402
20241115185345.5,2257.5390022248,16.91,19.043,101.456,31.155,10.406,10.43
20241115185346,2258.03899951279,16.899,19.176,102.479,31.151,10.387,10.414
20241115185346.5,2258.53900685906,16.918,19.241,103.572,31.142,10.398,10.398
20241115185347,2259.05100367963,16.936,19.215,104.872,31.155,10.404,10.414
20241115185347.5,2259.55100096762,16.954,19.223,106.134,31.191,10.414,10.424
20241115185348,2260.05500145257,16.994,19.253,107.161,31.21,10.402,10.422
20241115185348.6,2260.64500026405,17.053,19.194,108.644,31.249,10.434,10.422
20241115185349.1,2261.16000451148,17.087,19.012,110.14,31.247,10.394,10.41
20241115185349.6,2261.676004529,17.087,18.879,110.854,31.228,10.41,10.416
20241115185350.1,2262.17600181699,17.11,18.77,112.485,31.202,10.389,10.404
20241115185350.6,2262.67200596631,17.087,18.732,113.291,31.208,10.408,10.404
20241115185351.1,2263.16800005734,17.035,18.695,114.797,31.24,10.375,10.418
20241115185351.6,2263.68400007486,17.063,18.665,117.044,31.241,10.381,10.424
20241115185352.1,2264.19500112534,17.033,18.643,118.892,31.259,10.41,10.4
20241115185352.7,2264.71100114286,17.035,18.633,120.759,31.216,10.393,10.4
20241115185353.2,2265.22299796343,17.021,18.631,121.532,31.175,10.42,10.424
20241115185353.7,2265.72699844837,17.019,18.608,123.011,31.142,10.404,10.385
20241115185354.2,2266.2420026958,17.01,18.491,124.837,31.132,10.406,10.408
20241115185354.7,2266.75800271332,16.944,18.463,126.595,31.106,10.408,10.402
20241115185355.2,2267.25800000131,16.94,18.52,128.562,31.114,10.414,10.414
20241115185355.7,2267.77000688016,16.958,18.542,131.083,31.169,10.412,10.414
20241115185356.2,2268.27000416815,16.922,18.578,132.904,31.173,10.424,10.422
20241115185356.7,2268.78100521863,16.924,18.655,134.551,31.216,10.42,10.41
20241115185357.3,2269.29700523615,16.94,18.802,136.825,31.238,10.404,10.404
20241115185357.8,2269.81300525367,16.924,18.893,139.194,31.261,10.404,10.408
20241115185358.3,2270.32799944282,16.913,19.012,141.161,31.302,10.412,10.422
20241115185358.8,2270.82800678909,16.944,19.085,143.487,31.334,10.414,10.422
20241115185359.3,2271.32800407708,16.942,19.089,145.344,31.357,10.406,10.418
20241115185359.8,2271.84799723327,16.948,19.037,146.998,31.353,10.424,10.4
20241115185400.3,2272.36000411212,16.958,18.986,149.819,31.318,10.422,10.42
20241115185400.8,2272.85599820316,16.97,18.851,151.779,31.367,10.414,10.422
20241115185401.3,2273.37100245059,17.031,18.81,154.418,31.343,10.4,10.426
20241115185401.8,2273.8670065999,17.008,18.831,155.903,31.334,10.412,10.436
20241115185402.3,2274.36700388789,17.016,18.804,158.341,31.338,10.41,10.434
20241115185402.8,2274.88300390542,16.99,18.829,161.238,31.357,10.394,10.43
20241115185403.4,2275.39900392294,16.962,18.877,164.119,31.373,10.41,10.418
20241115185403.9,2275.91399811208,16.948,18.921,166.329,31.385,10.408,10.43
20241115185404.4,2276.42999812961,16.98,18.829,168.589,31.383,10.398,10.436
20241115185404.9,2276.93000547588,17.01,18.58,171.221,31.428,10.406,10.418
20241115185405.4,2277.44200229645,17.033,18.418,174.151,31.459,10.408,10.404
20241115185405.9,2277.95700654387,17.077,18.499,176.693,31.502,10.412,10.426
20241115185406.4,2278.48800346255,17.126,18.582,180.053,31.53,10.41,10.426
20241115185406.9,2278.9920039475,17.136,18.661,182.125,31.533,10.394,10.424
20241115185407.5,2279.5200034976,17.15,18.718,184.964,31.565,10.404,10.428
20241115185408,2280.05100041628,17.174,18.665,188.119,31.58,10.412,10.414
20241115185408.5,2280.5670004338,17.2,18.522,190.273,31.586,10.412,10.414
20241115185409,2281.06300458312,17.225,18.56,192.97,31.621,10.422,10.398
20241115185409.5,2281.57799877226,17.243,18.621,196.377,31.67,10.404,10.416
20241115185410.1,2282.10599832237,17.285,18.483,199.354,31.669,10.392,10.404
20241115185410.6,2282.60600566864,17.318,18.445,201.646,31.71,10.387,10.42
20241115185411.1,2283.11700671911,17.322,18.516,204.371,31.759,10.392,10.4
20241115185411.6,2283.6170040071,17.34,18.592,206.72,31.764,10.408,10.41
20241115185412.1,2284.11700129509,17.342,18.689,209.999,31.806,10.387,10.416
20241115185412.6,2284.63300131261,17.368,18.901,212.383,31.808,10.416,10.412
20241115185413.1,2285.14499813318,17.382,19.126,214.573,31.815,10.414,10.414
20241115185413.6,2285.66000238061,17.404,19.336,217.812,31.845,10.396,10.418
20241115185414.1,2286.1599996686,17.398,19.411,220.055,31.849,10.379,10.387
20241115185414.6,2286.68000288308,17.388,19.457,222.782,31.89,10.393,10.402
20241115185415.1,2287.19199970365,17.403,19.303,225.637,31.902,10.379,10.402
20241115185415.6,2287.69200704992,17.423,19.17,227.491,31.941,10.398,10.412
20241115185416.2,2288.21100443602,17.419,19.093,230.263,31.964,10.408,10.395
20241115185416.7,2288.71500492096,17.421,19.083,232.967,31.974,10.383,10.41
20241115185417.2,2289.21500220895,17.439,19.079,234.717,31.968,10.387,10.41
20241115185417.7,2289.73100222647,17.439,19.16,237.354,31.982,10.387,10.398
20241115185418.2,2290.22700637579,17.435,19.186,239.686,32.009,10.383,10.393
20241115185418.7,2290.72700366378,17.435,19.095,241.991,32.017,10.395,10.393
20241115185419.2,2291.24600104988,17.453,18.918,244.796,32.037,10.383,10.41
20241115185419.7,2291.78500436246,17.455,18.859,247.606,32.041,10.387,10.402
20241115185420.2,2292.28500165045,17.461,18.883,250.704,32.027,10.404,10.402
20241115185420.7,2292.78499893844,17.469,18.918,253.815,32.05,10.402,10.395
20241115185421.3,2293.30099895597,17.473,18.966,255.537,32.064,10.387,10.395
20241115185421.8,2293.79700310528,17.471,19.055,258.208,32.031,10.4,10.406
20241115185422.3,2294.30100359023,17.501,19.126,260.393,32.058,10.398,10.398
20241115185422.8,2294.81700360775,17.495,19.089,263.643,32.068,10.398,10.398
20241115185423.3,2295.32800465822,17.487,19.055,266.879,32.101,10.385,10.4
20241115185423.8,2295.82800194621,17.499,18.92,269.453,32.107,10.377,10.416
20241115185424.3,2296.34400196373,17.489,18.885,271.76,32.135,10.391,10.4
20241115185424.8,2296.84800244868,17.506,19.039,274.52,32.15,10.398,10.4
20241115185425.3,2297.34799973667,17.459,19.182,276.727,32.152,10.398,10.395
20241115185425.8,2297.86300398409,17.443,19.15,279.323,32.146,10.42,10.395
20241115185426.3,2298.36300127208,17.445,19.116,282.899,32.17,10.387,10.41
20241115185426.8,2298.86299856007,17.392,19.207,286.013,32.176,10.418,10.406
20241115185427.3,2299.37899857759,17.39,19.312,289.133,32.174,10.387,10.402
20241115185427.8,2299.88299906254,17.358,19.493,291.819,32.207,10.4,10.414
20241115185428.4,2300.40200650692,17.348,19.485,295.034,32.227,10.402,10.406
20241115185428.9,2300.90200379491,17.348,19.423,298.087,32.25,10.391,10.402
20241115185429.4,2301.41400061548,17.304,19.493,301.057,32.244,10.404,10.416
20241115185429.9,2301.91800110042,17.295,19.609,303.698,32.27,10.4,10.387
20241115185430.4,2302.42600478232,17.312,19.564,306.857,32.289,10.396,10.418
20241115185431,2303.05100642145,17.301,19.526,311.104,32.297,10.404,10.412
20241115185431.5,2303.55100370944,17.336,19.655,314.395,32.313,10.42,10.414
20241115185432,2304.06700372696,17.342,19.808,317.561,32.358,10.4,10.422
20241115185432.5,2304.56299781799,17.356,19.92,320.344,32.352,10.402,10.41
20241115185433,2305.06699830294,17.362,19.952,323.817,32.356,10.42,10.428
20241115185433.5,2305.56700564921,17.38,19.885,327.014,32.391,10.438,10.408
20241115185434,2306.0670029372,17.386,19.857,330.125,32.395,10.408,10.414
20241115185434.5,2306.58200718462,17.344,19.893,333.326,32.446,10.394,10.412
20241115185435.1,2307.10200034082,17.348,19.926,336.011,32.438,10.416,10.42
20241115185435.6,2307.60199762881,17.354,19.889,339.721,32.481,10.408,10.406
20241115185436.1,2308.09800177813,17.368,19.709,342.514,32.479,10.42,10.408
20241115185436.6,2308.61300602555,17.348,19.724,346.391,32.501,10.4,10.402
20241115185437.1,2309.11300331354,17.35,19.877,349.078,32.495,10.41,10.393
20241115185437.6,2309.62500013411,17.314,19.942,352.676,32.511,10.414,10.393
20241115185438.1,2310.12900061905,17.263,19.932,355.857,32.544,10.416,10.416
20241115185438.6,2310.62500476837,17.245,19.821,359.038,32.575,10.41,10.416
20241115185439.1,2311.12500205636,17.221,19.79,361.586,32.581,10.385,10.426
20241115185439.6,2311.62499934435,17.211,19.827,366.219,32.581,10.408,10.395
20241115185440.1,2312.14500255883,17.186,19.881,368.401,32.575,10.389,10.412
20241115185440.6,2312.6560036093,17.156,19.849,372.514,32.581,10.393,10.402
20241115185441.1,2313.15600089729,17.148,19.8,375.237,32.569,10.426,10.428
20241115185441.6,2313.65599818528,17.156,19.792,378.524,32.595,10.396,10.408
20241115185442.1,2314.15200233459,17.162,19.899,380.855,32.615,10.408,10.414
20241115185442.6,2314.65199962258,17.194,20.051,384.687,32.646,10.41,10.416
20241115185443.1,2315.16799964011,17.213,20.172,387.548,32.689,10.414,10.416
20241115185443.6,2315.68399965763,17.239,20.227,391.036,32.712,10.42,10.412
20241115185444.2,2316.21100343764,17.259,20.263,395.468,32.738,10.395,10.404
20241115185444.7,2316.71100072563,17.255,20.269,396.479,32.759,10.387,10.428
20241115185445.2,2317.21099801362,17.267,20.176,399.15,32.793,10.379,10.426
20241115185445.7,2317.72300489247,17.287,20.206,402.405,32.828,10.406,10.428
20241115185446.2,2318.22700537741,17.293,20.215,402.487,32.834,10.4,10.422
20241115185446.7,2318.72299946845,17.297,20.194,406.43,32.881,10.398,10.424
20241115185447.2,2319.22699995339,17.281,20.099,409.545,32.857,10.412,10.422
20241115185447.7,2319.72300410271,17.259,19.867,413.231,32.832,10.408,10.406
20241115185448.2,2320.2230013907,17.233,19.605,415.656,32.828,10.387,10.418
20241115185448.7,2320.73499821126,17.209,19.506,419.222,32.834,10.41,10.404
20241115185449.2,2321.23500555754,17.235,19.417,420.646,32.828,10.393,10.43
20241115185449.7,2321.73099964857,17.251,19.396,423.011,32.873,10.412,10.402
20241115185450.2,2322.23500013351,17.277,19.455,425.105,32.871,10.406,10.41
20241115185450.7,2322.74600118399,17.283,19.506,426.346,32.879,10.4,10.426
20241115185451.2,2323.24599847198,17.314,19.56,427.821,32.926,10.414,10.416
20241115185451.7,2323.75800535083,17.324,19.637,434.696,32.928,10.414,10.416
20241115185452.2,2324.25800263882,17.338,19.699,434.485,32.934,10.406,10.404
20241115185452.7,2324.75400678813,17.392,19.708,439.632,32.924,10.422,10.436
20241115185453.2,2325.25400407612,17.386,19.637,443.751,32.938,10.416,10.422
20241115185453.7,2325.75800456107,17.413,19.697,446.701,32.897,10.43,10.394
20241115185454.2,2326.26200504601,17.431,19.792,452.214,32.902,10.406,10.422
20241115185454.7,2326.762002334,17.445,19.76,451.628,32.898,10.414,10.424
20241115185455.2,2327.26199962199,17.451,19.839,456.867,32.904,10.424,10.432
20241115185455.7,2327.76200696826,17.457,19.908,461.082,32.875,10.418,10.418
20241115185456.2,2328.26599739492,17.489,19.916,463.409,32.891,10.412,10.412
20241115185456.7,2328.76600474119,17.493,19.786,463.76,32.93,10.42,10.412
20241115185457.2,2329.26600202918,17.451,19.736,468.517,32.959,10.387,10.42
20241115185457.7,2329.78100627661,17.465,19.558,476.16,32.947,10.406,10.43
20241115185458.3,2330.29700629413,17.465,19.489,485.503,32.967,10.422,10.432
20241115185458.8,2330.8090031147,17.433,19.617,490.087,32.955,10.41,10.432
20241115185459.3,2331.30500726402,17.392,19.742,491.823,32.979,10.416,10.432
20241115185459.8,2331.80500455201,17.352,19.877,493.566,32.999,10.432,10.432
20241115185500.3,2332.30500184,17.354,19.94,498.234,33.065,10.422,10.424
20241115185500.8,2332.80499912798,17.332,19.956,506.486,33.077,10.43,10.434
20241115185501.3,2333.31700600684,17.303,19.988,509.327,33.071,10.412,10.44
20241115185501.8,2333.81700329483,17.285,20.047,520.735,33.079,10.42,10.43
20241115185502.3,2334.31700058281,17.311,20.095,521.801,33.102,10.424,10.424
20241115185502.8,2334.83200483024,17.322,20.132,528.5,33.079,10.428,10.432
20241115185503.3,2335.34800484776,17.319,20.099,530.784,33.049,10.432,10.438
20241115185503.8,2335.85200533271,17.346,20.043,537.549,33.067,10.408,10.45
20241115185504.3,2336.37899905443,17.34,20.024,540.117,33.073,10.422,10.448
20241115185504.8,2336.88299953938,17.376,19.942,540.145,33.106,10.434,10.432
20241115185505.3,2337.39500641823,17.384,20.022,550.341,33.141,10.42,10.436
20241115185505.9,2337.91000060737,17.356,20.035,551.895,33.155,10.43,10.436
20241115185506.4,2338.43000382185,17.354,20.055,555.393,33.187,10.438,10.424
20241115185506.9,2338.93000110984,17.326,20.016,554.611,33.198,10.424,10.45
20241115185507.4,2339.44199793041,17.311,19.966,560.944,33.208,10.422,10.436
20241115185507.9,2339.94200527668,17.324,19.982,560.309,33.23,10.414,10.422
20241115185508.4,2340.43799936771,17.33,20.008,565.664,33.241,10.434,10.414
20241115185509,2341.04699827731,17.344,19.988,567.007,33.235,10.42,10.424
20241115185509.5,2341.55099876225,17.322,19.992,569.319,33.247,10.426,10.442
20241115185510,2342.05100610852,17.273,20.039,566.431,33.284,10.406,10.43
20241115185510.5,2342.55100339651,17.295,20.105,565.631,33.3,10.408,10.428
20241115185511,2343.0510006845,17.295,20.116,568.169,33.308,10.426,10.412
20241115185511.5,2343.55099797249,17.285,20.18,566.932,33.323,10.406,10.412
20241115185512,2344.05100531876,17.297,20.12,570.301,33.355,10.404,10.424
20241115185512.5,2344.5550058037,17.316,19.976,577.103,33.357,10.41,10.422
20241115185513,2345.05500309169,17.314,19.938,579.262,33.382,10.428,10.428
20241115185513.5,2345.55500037968,17.312,19.974,578.693,33.359,10.412,10.422
20241115185514,2346.07000462711,17.279,19.635,576.03,33.349,10.4,10.43
20241115185514.5,2346.58200144768,17.287,19.326,573.239,33.314,10.414,10.432
20241115185515,2347.08199873567,17.283,19.425,575.242,33.263,10.42,10.424
20241115185515.5,2347.58200608194,17.291,19.449,567.688,33.273,10.404,10.416
20241115185516,2348.08200336993,17.289,19.37,569.606,33.269,10.393,10.414
20241115185516.6,2348.59800338745,17.299,19.382,567.366,33.251,10.389,10.424
20241115185517.1,2349.11000020802,17.293,19.342,554.823,33.273,10.41,10.42
20241115185517.6,2349.61300492287,17.275,19.217,552.437,33.292,10.434,10.412
20241115185518.1,2350.12500174344,17.239,19.138,543.29,33.298,10.424,10.43
20241115185518.6,2350.64100176096,17.192,19.271,536.009,33.28,10.391,10.434
20241115185519.1,2351.15200281143,17.182,19.344,532.319,33.312,10.404,10.428
20241115185519.6,2351.65200009942,17.136,19.411,525.324,33.357,10.412,10.412
20241115185520.1,2352.16800011694,17.122,19.506,529.283,33.376,10.42,10.422
20241115185520.6,2352.68400013447,17.118,19.604,537.296,33.408,10.42,10.436
20241115185521.1,2353.18400748074,17.122,19.718,541.881,33.406,10.41,10.418
20241115185521.6,2353.68400476873,17.122,19.861,540.647,33.449,10.418,10.414
20241115185522.2,2354.19899895787,17.106,19.982,550.764,33.496,10.418,10.418
20241115185522.7,2354.71100583673,17.108,20.105,333.172,33.531,10.428,10.428
20241115185523.2,2355.21100312471,17.172,20.116,239.099,33.586,10.402,10.432
20241115185523.7,2355.72700314224,17.192,20.077,176.687,33.596,10.428,10.442
20241115185524.2,2356.23800419271,17.198,20.077,132.89,33.637,10.43,10.43
20241115185524.7,2356.75000101328,17.215,19.98,102.46,33.656,10.426,10.42
20241115185525.2,2357.26199783385,17.237,19.877,80.978,33.684,10.406,10.41
20241115185525.7,2357.77700208127,17.263,19.708,65.353,33.686,10.424,10.436
20241115185526.2,2358.27699936926,17.279,19.554,53.393,33.686,10.418,10.428
20241115185526.7,2358.78900624812,17.308,19.479,44.928,33.721,10.42,10.428
20241115185527.2,2359.28900353611,17.283,19.495,39.707,33.701,10.42,10.438
20241115185527.7,2359.79300402105,17.312,19.54,35.025,33.711,10.402,10.438
20241115185528.3,2360.30500084162,17.304,19.677,31.126,33.746,10.422,10.42
20241115185528.8,2360.80499812961,17.322,19.754,28.102,33.79,10.428,10.436
20241115185529.3,2361.30500547588,17.318,19.823,25.938,33.815,10.422,10.432
20241115185529.8,2361.81700229645,17.338,19.968,23.715,33.856,10.426,10.414
20241115185530.3,2362.32400014997,17.346,20.114,22.12,33.862,10.416,10.45
20241115185530.8,2362.84000016749,17.342,20.265,20.742,33.874,10.422,10.448
20241115185531.3,2363.35200704634,17.346,20.37,19.639,33.913,10.422,10.43
20241115185531.8,2363.85200433433,17.316,20.34,19.101,33.915,10.414,10.418
20241115185532.3,2364.35200162232,17.314,20.4,18.659,33.935,10.412,10.428
20241115185532.8,2364.87099900842,17.314,20.334,18.215,33.923,10.414,10.43
20241115185533.3,2365.38300588727,17.318,20.263,17.695,33.94,10.414,10.436
20241115185533.8,2365.88300317526,17.336,19.851,17.34,33.917,10.408,10.42
20241115185534.4,2366.39900319278,17.348,19.588,17.087,33.925,10.41,10.422
20241115185534.9,2366.90199784935,17.38,19.562,16.887,33.948,10.438,10.416
20241115185535.4,2367.40200519562,17.38,19.512,16.799,33.991,10.408,10.444
20241115185535.9,2367.91800521314,17.392,19.548,16.607,34.013,10.422,10.446
20241115185536.4,2368.43000203371,17.378,19.461,16.639,33.995,10.418,10.44
20241115185536.9,2368.93400251865,17.398,19.287,16.792,33.991,10.42,10.42
20241115185537.4,2369.43399980664,17.405,19.132,16.841,34.001,10.422,10.422
20241115185537.9,2369.93400715292,17.358,19.033,16.794,34.017,10.418,10.438
20241115185538.4,2370.4340044409,17.306,19.182,16.766,33.991,10.422,10.416
20241115185538.9,2370.93800492585,17.287,19.217,16.762,34.013,10.422,10.422
20241115185539.4,2371.43800221384,17.277,19.257,16.742,34.007,10.412,10.43
20241115185539.9,2371.93799950182,17.259,19.427,16.77,34.015,10.406,10.428
20241115185540.4,2372.4380068481,17.287,19.526,16.776,34.046,10.4,10.426
20241115185540.9,2372.95300103724,17.285,19.619,16.742,34.079,10.416,10.418
20241115185541.4,2373.45299832523,17.306,19.798,16.661,34.097,10.414,10.432
20241115185541.9,2373.9530056715,17.328,19.982,16.358,34.154,10.426,10.404
20241115185542.4,2374.46500249207,17.332,20.225,16.199,34.187,10.44,10.422
20241115185542.9,2374.98500570655,17.354,20.411,16.146,34.197,10.412,10.438
20241115185543.4,2375.48099979758,17.358,20.625,16.19,34.234,10.398,10.418
20241115185543.9,2375.98500028253,17.368,20.798,16.279,34.256,10.418,10.436
20241115185544.4,2376.48800499737,17.4,20.94,16.4,34.275,10.402,10.428
20241115185544.9,2376.98800228536,17.402,21.041,16.469,34.281,10.414,10.426
20241115185545.5,2377.49999910593,17.403,20.798,16.643,34.293,10.43,10.42
20241115185546,2378.00399959087,17.394,20.556,16.55,34.314,10.404,10.4
20241115185546.5,2378.5199996084,17.421,20.261,16.378,34.287,10.402,10.432
20241115185547,2379.03100065887,17.396,19.944,16.382,34.293,10.424,10.432
20241115185547.5,2379.55100387335,17.362,19.899,16.419,34.275,10.402,10.418
20241115185548,2380.04699796438,17.356,19.613,16.487,34.295,10.412,10.432
20241115185548.6,2380.67600280046,17.297,19.455,16.522,34.313,10.416,10.404
20241115185549.1,2381.17600008845,17.233,19.299,16.611,34.33,10.412,10.418
20241115185549.6,2381.69200010598,17.188,19.2,16.619,34.313,10.428,10.43
20241115185550.2,2382.2070043534,17.138,19.15,16.403,34.311,10.393,10.42
20241115185550.7,2382.71900117397,17.104,19.251,16.227,34.344,10.422,10.416
20241115185551.2,2383.2350011915,17.077,19.536,16.061,34.354,10.406,10.44
20241115185551.7,2383.74600224197,17.077,19.704,15.99,34.318,10.41,10.428
20241115185552.2,2384.24599952996,17.087,19.79,15.999,34.313,10.408,10.424
20241115185552.7,2384.75800640881,17.079,19.916,16.009,34.324,10.416,10.416
20241115185553.2,2385.2580036968,17.108,19.877,15.986,34.33,10.406,10.41
20241115185553.7,2385.77400371432,17.128,19.879,15.954,34.379,10.412,10.416
20241115185554.2,2386.2850047648,17.176,20.041,15.962,34.393,10.41,10.414
20241115185554.7,2386.78500205278,17.205,20.136,15.982,34.428,10.408,10.422
20241115185555.2,2387.28499934077,17.225,19.962,16.041,34.467,10.402,10.402
20241115185555.8,2387.8009993583,17.225,19.809,16.346,34.485,10.416,10.42
20241115185556.3,2388.31300623715,17.247,19.659,16.794,34.489,10.402,10.436
20241115185556.8,2388.81300352514,17.271,19.572,17,34.502,10.402,10.424
20241115185557.3,2389.32799771428,17.287,19.59,17.114,34.53,10.406,10.416
20241115185557.8,2389.82800506055,17.281,19.706,17.091,34.526,10.412,10.414
20241115185558.3,2390.3320055455,17.306,19.978,17.081,34.518,10.402,10.42
20241115185558.8,2390.85199870169,17.316,20.186,17.055,34.563,10.416,10.418
20241115185559.3,2391.35200604796,17.314,20.241,17.102,34.577,10.418,10.43
20241115185559.8,2391.85600653291,17.334,20.376,17.126,34.634,10.416,10.418
20241115185600.3,2392.37100072205,17.332,20.493,16.994,34.655,10.424,10.446
20241115185600.8,2392.86700487137,17.346,20.689,16.922,34.718,10.424,10.414
20241115185601.3,2393.36700215936,17.322,20.982,16.928,34.777,10.414,10.424
20241115185601.8,2393.88300217688,17.354,21.059,16.851,34.79,10.424,10.43
20241115185602.3,2394.38299946487,17.382,20.744,16.746,34.81,10.412,10.432
20241115185602.8,2394.88699994981,17.362,20.621,16.709,34.83,10.43,10.418
20241115185603.3,2395.39100043476,17.39,20.414,16.843,34.859,10.432,10.436
20241115185603.8,2395.88700458407,17.384,20.342,16.946,34.888,10.422,10.434
20241115185604.4,2396.40199877322,17.398,20.289,16.893,34.922,10.432,10.428
20241115185604.9,2396.90200611949,17.419,20.281,16.829,34.912,10.424,10.43
20241115185605.4,2397.40200340748,17.408,20.281,16.918,34.943,10.432,10.436
20241115185605.9,2397.92200662196,17.415,20.249,16.873,34.904,10.414,10.432
20241115185606.4,2398.43800663948,17.427,20.166,16.905,34.898,10.428,10.436
20241115185606.9,2398.94899763167,17.41,19.94,16.804,34.89,10.416,10.438
20241115185607.4,2399.44900497794,17.421,19.863,16.693,34.918,10.43,10.43
20241115185607.9,2399.96500499547,17.413,19.837,16.58,34.886,10.43,10.426
20241115185608.4,2400.47700181603,17.425,19.853,16.647,34.898,10.42,10.414
20241115185608.9,2400.98500549793,17.455,19.699,16.562,34.922,10.416,10.418
20241115185609.5,2401.49999968708,17.443,19.683,16.489,34.937,10.428,10.428
20241115185610,2402.00400017202,17.427,19.683,16.489,34.939,10.43,10.428
20241115185610.5,2402.50800065696,17.406,19.746,16.526,34.961,10.42,10.43
20241115185611,2403.02400067449,17.406,19.821,16.578,34.998,10.428,10.442
20241115185611.5,2403.53500172496,17.398,19.926,16.621,34.98,10.408,10.422
20241115185612,2404.04699854553,17.427,20.002,16.493,34.998,10.412,10.428
20241115185612.5,2404.55099903047,17.431,20.077,16.396,35.024,10.416,10.428
20241115185613,2405.05100637674,17.445,20.172,16.354,35.051,10.418,10.424
20241115185613.5,2405.55900000036,17.431,20.334,16.38,35.053,10.43,10.422
20241115185614,2406.08200058341,17.465,20.528,16.411,35.084,10.416,10.424
20241115185614.6,2406.59800060093,17.467,20.431,16.398,35.115,10.418,10.44
20241115185615.1,2407.11300484836,17.477,20.457,16.495,35.123,10.422,10.424
20241115185615.6,2407.62500166893,17.463,20.439,16.639,35.154,10.414,10.42
20241115185616.1,2408.1369984895,17.487,20.417,16.629,35.165,10.418,10.42
20241115185616.6,2408.65200273693,17.499,20.489,16.669,35.185,10.422,10.414
20241115185617.1,2409.1720059514,17.51,20.572,16.663,35.204,10.412,10.432
20241115185617.6,2409.68400277197,17.508,20.578,16.819,35.212,10.402,10.424
20241115185618.2,2410.1990070194,17.52,20.489,16.861,35.233,10.402,10.416
20241115185618.7,2410.69900430739,17.504,20.348,16.827,35.248,10.393,10.418
20241115185619.2,2411.21100112796,17.516,20.245,16.734,35.264,10.383,10.41
20241115185619.7,2411.73100434244,17.514,20.194,16.59,35.314,10.416,10.428
20241115185620.2,2412.24200539291,17.512,20.196,16.491,35.312,10.404,10.444
20241115185620.7,2412.75800541043,17.54,20.275,16.376,35.31,10.41,10.434
20241115185621.2,2413.270002231,17.538,20.315,16.303,35.355,10.424,10.416
20241115185621.7,2413.78500647843,17.548,20.231,16.289,35.372,10.4,10.416
20241115185622.3,2414.30100649595,17.54,20.16,16.366,35.378,10.416,10.408
20241115185622.8,2414.81700651348,17.534,20.182,16.398,35.442,10.418,10.406
20241115185623.3,2415.33200070262,17.53,20.245,16.493,35.429,10.402,10.446
20241115185623.8,2415.84399752319,17.501,20.19,16.512,35.436,10.408,10.428
20241115185624.3,2416.35600440204,17.516,20.047,16.473,35.446,10.414,10.434
20241115185624.8,2416.87500178814,17.524,20.01,16.524,35.481,10.4,10.424
20241115185625.3,2417.38699860871,17.509,20.063,16.643,35.481,10.416,10.428
20241115185625.9,2417.90200285614,17.522,20.158,16.655,35.514,10.414,10.432
20241115185626.4,2418.40200014412,17.522,20.081,16.728,35.541,10.438,10.424
20241115185626.9,2418.9220033586,17.499,20.073,16.748,35.545,10.43,10.424
20241115185627.4,2419.43400017917,17.536,20.225,16.772,35.493,10.43,10.432
20241115185627.9,2419.93399746716,17.542,20.091,16.774,35.5,10.42,10.412
20241115185628.4,2420.45300491154,17.532,20.162,16.768,35.493,10.424,10.424
20241115185628.9,2420.96500173211,17.546,20.372,16.77,35.545,10.422,10.43
20241115185629.4,2421.48500494659,17.572,20.493,16.893,35.558,10.418,10.42
20241115185629.9,2421.98500223458,17.568,20.487,16.96,35.584,10.424,10.428
20241115185630.4,2422.49600328505,17.546,20.675,16.93,35.643,10.387,10.424
20241115185631,2423.01600649953,17.554,20.845,16.893,35.628,10.402,10.41
20241115185631.5,2423.52699749172,17.558,20.74,16.873,35.672,10.396,10.428
20241115185632,2424.03900437057,17.554,20.303,16.808,35.674,10.404,10.43
20241115185632.5,2424.55500438809,17.566,20.099,16.808,35.684,10.414,10.414
20241115185633,2425.06700120866,17.548,19.95,16.788,35.734,10.398,10.424
20241115185633.5,2425.57800225914,17.552,19.76,16.825,35.748,10.392,10.424
20241115185634,2426.07799954712,17.574,19.691,16.877,35.76,10.414,10.418
20241115185634.6,2426.5980027616,17.592,19.701,16.776,35.8,10.412,10.42
20241115185635.1,2427.1060064435,17.598,19.754,16.695,35.822,10.394,10.438
20241115185635.6,2427.61699743569,17.608,19.802,16.713,35.827,10.402,10.416
20241115185636.1,2428.11700478196,17.625,19.744,16.695,35.864,10.406,10.428
20241115185636.6,2428.64500433207,17.614,19.681,16.645,35.88,10.408,10.426
20241115185637.1,2429.14500162005,17.594,19.586,16.588,35.88,10.414,10.436
20241115185637.6,2429.65600267053,17.576,19.499,16.586,35.868,10.394,10.412
20241115185638.1,2430.17200268805,17.598,19.524,16.679,35.878,10.406,10.42
20241115185638.6,2430.67600317299,17.592,19.756,16.746,35.895,10.406,10.4
20241115185639.2,2431.203006953,17.61,19.946,16.77,35.886,10.396,10.408
20241115185639.7,2431.71900697052,17.587,20.033,16.761,35.889,10.427,10.427
20241115185640.2,2432.23500698805,17.593,20.092,16.781,35.89,10.409,10.415
20241115185640.7,2432.75400437415,17.607,20.221,16.775,35.883,10.395,10.437
20241115185641.2,2433.27399753034,17.599,20.195,16.809,35.914,10.423,10.445
20241115185641.7,2433.78499858081,17.629,20.282,16.959,35.937,10.419,10.407
20241115185642.3,2434.30099859834,17.631,20.233,17.036,35.939,10.401,10.435
20241115185642.8,2434.80900228024,17.632,20.147,17.038,35.981,10.405,10.435
20241115185643.3,2435.32400652766,17.609,20.134,16.864,35.966,10.403,10.421
20241115185643.8,2435.82400381565,17.632,20.141,16.666,35.983,10.419,10.423
20241115185644.3,2436.32800430059,17.627,20.149,16.69,35.995,10.397,10.435
20241115185644.8,2436.84400431812,17.615,20.185,16.708,35.972,10.415,10.429
20241115185645.3,2437.34400160611,17.593,20.08,16.809,35.985,10.397,10.425
20241115185645.8,2437.86000162363,17.575,20.266,16.793,35.964,10.399,10.425
20241115185646.3,2438.37500587106,17.569,20.403,16.643,35.954,10.411,10.427
20241115185646.8,2438.88700269163,17.559,20.326,16.609,35.945,10.423,10.415
20241115185647.4,2439.40200693905,17.563,20.282,16.438,35.937,10.409,10.419
20241115185647.9,2439.90200422704,17.567,20.292,16.296,35.956,10.407,10.429
20241115185648.4,2440.39900414646,17.571,20.318,16.177,35.956,10.403,10.429
20241115185648.9,2440.9139983356,17.581,20.486,16.112,35.968,10.407,10.447
20241115185649.4,2441.43400155008,17.561,20.7,16.175,35.96,10.413,10.425
20241115185649.9,2441.93399883807,17.573,20.821,16.207,35.974,10.411,10.429
20241115185650.4,2442.44499988854,17.593,20.88,16.096,35.953,10.425,10.443
20241115185650.9,2442.96099990606,17.563,20.942,16.122,35.968,10.421,10.443
20241115185651.4,2443.46100725234,17.555,21.011,16.231,36.009,10.427,10.437
20241115185651.9,2443.9730040729,17.571,21.051,16.282,36.046,10.413,10.427
20241115185652.4,2444.47300136089,17.573,21.08,16.282,36.061,10.427,10.454
20241115185652.9,2444.97299864888,17.577,21.096,16.336,36.084,10.405,10.423
20241115185653.4,2445.48100233078,17.589,21.003,16.407,36.131,10.413,10.425
20241115185653.9,2445.98500281572,17.565,21.025,16.452,36.177,10.417,10.439
20241115185654.4,2446.4960038662,17.605,21.11,16.488,36.243,10.409,10.429
20241115185655,2447.01200388372,17.597,21.049,16.51,36.247,10.419,10.441
20241115185655.5,2447.52699807286,17.613,21.183,16.526,36.27,10.407,10.433
20241115185656,2448.02700541914,17.629,21.227,16.494,36.307,10.395,10.445
20241115185656.5,2448.5390022397,17.625,21.258,16.518,36.367,10.407,10.425
20241115185657,2449.05500225723,17.627,21.439,16.613,36.392,10.411,10.452
20241115185657.5,2449.57000650465,17.621,21.591,16.678,36.442,10.407,10.449
20241115185658,2450.08600652218,17.611,21.799,16.748,36.454,10.421,10.425
20241115185658.6,2450.6020065397,17.583,21.734,16.894,36.493,10.411,10.431
20241115185659.1,2451.11299753189,17.597,21.488,17.015,36.52,10.395,10.443
20241115185659.6,2451.61300487816,17.593,21.288,17.064,36.555,10.409,10.419
20241115185700.1,2452.12900489569,17.587,21.237,17.118,36.584,10.391,10.431
20241115185700.6,2452.62900218368,17.575,21.241,17.104,36.584,10.411,10.435
20241115185701.1,2453.12899947166,17.548,21.227,17.128,36.562,10.397,10.425
20241115185701.6,2453.64499948919,17.54,21.191,17.098,36.568,10.415,10.421
20241115185702.1,2454.15600053966,17.522,21.231,17.09,36.568,10.399,10.429
20241115185702.6,2454.65599782765,17.516,21.163,17.086,36.613,10.401,10.425
20241115185703.1,2455.17199784517,17.52,20.959,17.134,36.609,10.397,10.431
20241115185703.6,2455.6879978627,17.508,20.68,17.074,36.628,10.411,10.431
20241115185704.2,2456.20300211012,17.51,20.098,16.967,36.603,10.387,10.427
20241115185704.7,2456.71900212765,17.446,19.726,16.668,36.566,10.409,10.403
20241115185705.2,2457.23099894822,17.373,19.819,16.557,36.589,10.401,10.409
20241115185705.7,2457.74600319564,17.334,19.951,16.427,36.609,10.411,10.441
20241115185706.2,2458.26200321317,17.258,20.106,16.312,36.651,10.403,10.421
20241115185706.7,2458.77400003374,17.175,20.211,16.205,36.661,10.403,10.415
20241115185707.2,2459.28900428116,17.159,20.312,16.128,36.717,10.397,10.413
20241115185707.7,2459.78900156915,17.132,20.306,15.922,36.678,10.393,10.437
20241115185708.4,2460.41400320828,17.152,20.306,15.793,36.71,10.409,10.433
20241115185708.9,2460.92600002885,17.173,20.302,15.882,36.739,10.405,10.437
20241115185709.4,2461.44200004637,17.207,20.359,15.851,36.764,10.401,10.425
20241115185709.9,2461.9570042938,17.241,20.492,15.799,36.801,10.395,10.425
20241115185710.4,2462.47300431132,17.296,20.371,15.692,36.812,10.413,10.429
20241115185710.9,2462.98799850047,17.326,20.072,15.744,36.866,10.407,10.421
20241115185711.4,2463.49199898541,17.332,19.76,15.823,36.95,10.417,10.429
20241115185711.9,2463.99599947035,17.332,19.514,15.958,36.911,10.415,10.437
20241115185712.5,2464.51600268483,17.262,19.526,15.93,36.922,10.403,10.427
20241115185713,2465.0270037353,17.189,19.662,15.811,36.934,10.399,10.441
20241115185713.5,2465.52700102329,17.179,19.821,15.698,36.967,10.431,10.448
20241115185714,2466.03899784386,17.164,19.833,15.666,36.975,10.435,10.441
20241115185714.5,2466.53900519013,17.136,19.678,15.69,36.994,10.405,10.427
20241115185715,2467.05500520766,17.126,19.75,15.672,37.004,10.403,10.429
20241115185715.5,2467.5699993968,17.11,19.924,15.674,37.004,10.411,10.435
20241115185716,2468.07000674307,17.096,19.94,15.643,37.031,10.411,10.425
20241115185716.5,2468.57000403106,17.104,19.924,15.664,37.079,10.421,10.423
20241115185717,2469.08600404859,17.122,19.896,15.726,37.079,10.411,10.433
20241115185717.6,2469.60600726306,17.152,19.93,15.825,37.089,10.413,10.45
20241115185718.1,2470.12100145221,17.185,19.966,15.849,37.118,10.415,10.437
20241115185718.6,2470.64100466669,17.205,20.019,15.876,37.143,10.411,10.452
20241115185719.1,2471.14100195467,17.219,20.019,15.896,37.186,10.413,10.446
20241115185719.6,2471.6560062021,17.253,20.08,15.938,37.182,10.415,10.441
20241115185720.1,2472.16800302267,17.255,19.977,15.94,37.201,10.395,10.425
20241115185720.6,2472.67999984324,17.266,20.033,15.916,37.215,10.415,10.456
20241115185721.1,2473.18400032818,17.261,19.999,15.92,37.209,10.397,10.435
20241115185721.6,2473.69500137866,17.213,19.981,15.882,37.159,10.413,10.433
20241115185722.2,2474.20699819922,17.179,19.952,15.878,37.178,10.409,10.423
20241115185722.7,2474.73800517619,17.156,19.968,15.876,37.172,10.413,10.439
20241115185723.2,2475.26999786496,17.165,19.916,15.914,37.205,10.407,10.439
20241115185723.7,2475.77399834991,17.197,19.918,15.801,37.234,10.403,10.439
20241115185724.2,2476.28900259733,17.203,20.019,15.765,37.294,10.415,10.452
20241115185724.8,2476.80500261486,17.195,20.14,15.779,37.331,10.407,10.435
20241115185725.3,2477.32000686228,17.215,20.215,15.857,37.36,10.409,10.441
20241115185725.8,2477.84000001848,17.266,20.322,15.882,37.405,10.401,10.423
20241115185726.3,2478.37100699544,17.28,20.306,15.769,37.439,10.409,10.446
20241115185726.8,2478.87100428343,17.302,20.366,15.702,37.447,10.409,10.45
20241115185727.3,2479.37500476837,17.272,20.354,15.688,37.49,10.421,10.439
20241115185727.8,2479.8910047859,17.296,20.241,15.708,37.509,10.429,10.423
20241115185728.4,2480.39899840951,17.304,20.177,15.754,37.496,10.419,10.433
20241115185728.9,2480.90200312436,17.316,20.265,15.857,37.463,10.403,10.439
20241115185729.4,2481.41800314188,17.33,20.336,15.94,37.422,10.379,10.427
20241115185729.9,2481.92999996245,17.356,20.364,15.874,37.438,10.409,10.435
20241115185730.4,2482.44500420988,17.373,20.27,15.934,37.532,10.409,10.454
20241115185730.9,2482.95700103045,17.373,20.235,16.134,37.546,10.411,10.431
20241115185731.4,2483.47300104797,17.365,20.187,16.092,37.608,10.407,10.439
20241115185731.9,2483.97700153291,17.362,20.148,15.946,37.621,10.417,10.429
20241115185732.4,2484.49200578034,17.356,20.195,15.872,37.633,10.407,10.439
20241115185733,2485.00800579786,17.369,20.128,15.839,37.662,10.409,10.425
20241115185733.5,2485.50800308585,17.387,20.102,15.977,37.701,10.395,10.425
20241115185734,2486.03900000453,17.397,19.962,16.134,37.73,10.415,10.435
20241115185734.5,2486.55500002205,17.407,19.9,16.288,37.772,10.411,10.448
20241115185735,2487.059000507,17.429,19.831,16.419,37.782,10.417,10.429
20241115185735.5,2487.57400475442,17.453,20.023,16.348,37.821,10.399,10.427
20241115185736,2488.09399791062,17.447,20.187,16.292,37.807,10.401,10.435
20241115185736.6,2488.60999792814,17.431,20.32,16.397,37.807,10.421,10.441
20241115185737.1,2489.1410049051,17.385,20.298,16.348,37.798,10.409,10.435
20241115185737.6,2489.65200595558,17.369,20.373,16.195,37.815,10.401,10.427
20241115185738.1,2490.15600644052,17.387,20.336,16.138,37.86,10.413,10.423
20241115185738.6,2490.67599959671,17.36,20.34,16.064,37.916,10.397,10.431
20241115185739.1,2491.18800647557,17.322,20.352,16.019,37.927,10.407,10.462
20241115185739.7,2491.70300066471,17.33,20.271,15.954,37.922,10.438,10.44
20241115185740.2,2492.22300387919,17.326,20.067,15.902,37.958,10.415,10.442
20241115185740.7,2492.74200126529,17.29,20.09,15.853,37.953,10.395,10.446
20241115185741.2,2493.25800128281,17.263,20.122,15.841,37.924,10.405,10.444
20241115185741.7,2493.76600496471,17.255,20.136,15.819,37.912,10.419,10.45
20241115185742.2,2494.28900554776,17.231,20.126,15.781,37.947,10.403,10.458
20241115185742.8,2494.80500556529,17.197,20.092,15.811,37.968,10.417,10.452
20241115185743.3,2495.31999975443,17.183,20.001,15.732,37.987,10.421,10.454
20241115185743.8,2495.83599977195,17.128,19.98,15.746,38.015,10.403,10.458
20241115185744.3,2496.35199978948,17.092,19.966,15.708,38.038,10.438,10.438
20241115185744.8,2496.86300083995,17.088,19.94,15.736,38.032,10.415,10.44
20241115185745.3,2497.37900085747,17.069,19.952,15.773,38.08,10.429,10.45
20241115185745.8,2497.87899814546,17.023,19.987,15.777,38.123,10.419,10.45
20241115185746.4,2498.39900135994,17.019,19.995,15.833,38.169,10.409,10.46
20241115185746.9,2498.89899864793,17.011,19.972,15.918,38.189,10.423,10.433
20241115185747.4,2499.41400289536,17.021,19.926,15.96,38.2,10.431,10.444
20241115185747.9,2499.92599971592,17.029,19.791,15.948,38.239,10.407,10.454
20241115185748.4,2500.43800659478,17.009,19.752,15.942,38.227,10.423,10.444
20241115185748.9,2500.95300078392,17.003,19.661,15.865,38.235,10.411,10.452
20241115185749.4,2501.46499760449,16.952,19.639,15.867,38.212,10.413,10.474
20241115185750,2502.08999924362,16.95,19.564,15.803,38.227,10.403,10.427
20241115185750.5,2502.59000658989,16.95,19.552,15.75,38.274,10.442,10.45
20241115185751.1,2503.0980002135,16.936,19.564,15.726,38.291,10.433,10.462
20241115185751.6,2503.6169975996,16.914,19.611,15.673,38.313,10.423,10.448
20241115185752.1,2504.12900447845,16.92,19.647,15.629,38.286,10.407,10.452
20241115185752.6,2504.62900176644,16.92,19.7,15.562,38.322,10.423,10.458
20241115185753.1,2505.13700544834,16.942,19.694,15.593,38.34,10.405,10.462
20241115185753.6,2505.65600283444,16.942,19.813,15.554,38.342,10.417,10.444
20241115185754.1,2506.16799965501,16.958,19.89,15.504,38.353,10.427,10.452
20241115185754.6,2506.67600333691,16.976,19.999,15.437,38.375,10.423,10.45
20241115185755.1,2507.19200335443,17.003,20.019,15.484,38.392,10.415,10.458
20241115185755.7,2507.7030044049,17.019,20.108,15.52,38.444,10.435,10.433
20241115185756.2,2508.21900442243,17.049,20.134,15.544,38.456,10.407,10.466
20241115185756.7,2508.73500443995,17.092,20.178,15.585,38.46,10.425,10.442
20241115185757.2,2509.24200229347,17.11,20.273,15.599,38.499,10.419,10.458
20241115185757.7,2509.76200550795,17.146,20.372,15.579,38.518,10.409,10.427
20241115185758.2,2510.285006091,17.154,20.518,15.659,38.516,10.423,10.444
20241115185758.8,2510.80100610852,17.186,20.655,15.841,38.57,10.421,10.434
20241115185759.3,2511.30899973214,17.168,20.829,15.964,38.597,10.419,10.45
20241115185759.8,2511.82800717652,17.205,20.97,16.067,38.657,10.407,10.46
20241115185800.3,2512.34000399709,17.217,21.095,16.16,38.648,10.421,10.456
20241115185800.8,2512.85600401461,17.239,21.128,16.211,38.688,10.429,10.442
20241115185801.3,2513.37500140071,17.245,21.051,16.201,38.69,10.409,10.448
20241115185801.8,2513.88699822128,17.267,21.017,16.259,38.719,10.429,10.448
20241115185802.3,2514.39500190318,17.275,20.95,16.322,38.793,10.423,10.458
20241115185802.9,2514.9100061506,17.306,20.465,16.247,38.802,10.429,10.456
20241115185803.4,2515.41000343859,17.342,20.057,16.441,38.808,10.423,10.446
20241115185803.9,2515.92600345612,17.366,19.851,16.344,38.785,10.425,10.466
20241115185804.4,2516.44200347364,17.318,19.952,16.31,38.752,10.421,10.448
20241115185804.9,2516.95300452411,17.245,20.037,16.029,38.739,10.423,10.442
20241115185805.4,2517.46900454164,17.211,20.112,15.878,38.711,10.415,10.448
20241115185805.9,2517.98800192773,17.162,20.255,15.758,38.748,10.433,10.435
20241115185806.4,2518.48799921572,17.128,20.417,15.995,38.77,10.419,10.448
20241115185807,2519.00000609457,17.124,20.593,16.201,38.785,10.417,10.448
20241115185807.5,2519.51200291514,17.118,20.738,16.469,38.802,10.425,10.446
20241115185808,2520.01200020313,17.146,20.886,16.793,38.872,10.421,10.438
20241115185808.5,2520.52400708199,17.177,21.081,16.956,38.936,10.417,10.435
20241115185809,2521.03900127113,17.205,21.227,16.918,38.984,10.421,10.433
20241115185809.5,2521.55500128865,17.235,21.233,16.777,39,10.433,10.446
20241115185810,2522.05499857664,17.257,21.1,16.629,39.021,10.417,10.444
20241115185810.5,2522.57000282407,17.273,21.116,16.441,39.081,10.429,10.44
20241115185811,2523.08199964464,17.292,20.987,16.427,39.054,10.438,10.425
20241115185811.6,2523.60600605607,17.3,20.859,16.492,39.066,10.411,10.454
20241115185812.1,2524.11700710654,17.35,20.77,16.57,39.054,10.433,10.425
20241115185812.6,2524.6209975332,17.346,20.73,16.552,39.081,10.411,10.45
20241115185813.1,2525.14100074768,17.36,20.687,16.803,39.079,10.436,10.444
20241115185813.6,2525.65600499511,17.388,20.706,16.786,39.12,10.419,10.462
20241115185814.1,2526.17200501263,17.401,20.73,16.651,39.163,10.417,10.454
20241115185814.6,2526.6840018332,17.403,20.778,16.603,39.168,10.417,10.46
20241115185815.2,2527.19900608063,17.419,20.922,16.692,39.205,10.434,10.464
20241115185815.7,2527.71500609815,17.421,21.065,16.833,39.213,10.431,10.458
20241115185816.2,2528.23100611567,17.435,21.061,16.651,39.236,10.429,10.444
20241115185816.7,2528.74600030482,17.463,21.073,16.504,39.283,10.429,10.446
20241115185817.2,2529.26200032234,17.463,20.93,16.429,39.3,10.413,10.46
20241115185817.7,2529.77700456977,17.475,20.748,16.245,39.321,10.421,10.446
20241115185818.2,2530.28900139034,17.461,20.677,16.094,39.325,10.434,10.45
20241115185818.8,2530.80900460482,17.5,20.382,16.043,39.36,10.425,10.431
20241115185819.3,2531.32800199091,17.487,20.193,16.09,39.37,10.444,10.44
20241115185819.8,2531.83999881148,17.524,19.972,16.166,39.339,10.429,10.466
20241115185820.3,2532.35599882901,17.504,19.877,16.223,39.372,10.429,10.46
20241115185820.8,2532.87100307643,17.5,19.885,16.237,39.393,10.442,10.468
20241115185821.4,2533.41399952769,17.512,20.015,16.213,39.416,10.427,10.462
20241115185821.9,2533.92999954522,17.532,20.122,16.257,39.443,10.431,10.454
20241115185822.4,2534.44500379264,17.512,20.047,16.136,39.467,10.444,10.446
20241115185822.9,2534.96100381017,17.518,20.059,16.007,39.482,10.434,10.458
20241115185823.4,2535.47300063074,17.512,20.132,15.938,39.488,10.436,10.446
20241115185823.9,2535.98800487816,17.498,20.114,15.898,39.505,10.44,10.438
20241115185824.5,2536.50400489569,17.49,20.229,15.97,39.559,10.438,10.448
20241115185825,2537.01600171626,17.481,20.334,16.005,39.575,10.427,10.458
20241115185825.5,2537.5200022012,17.475,20.39,16.085,39.623,10.427,10.456
20241115185826,2538.03500644863,17.465,20.473,16.17,39.627,10.409,10.456
20241115185826.5,2538.54300007224,17.437,20.483,16.174,39.656,10.425,10.458
20241115185827,2539.06300328672,17.425,20.51,16.223,39.697,10.417,10.44
20241115185827.5,2539.57400433719,17.399,20.554,16.342,39.749,10.425,10.452
20241115185828,2540.09000435472,17.389,20.607,16.253,39.78,10.423,10.446
20241115185828.5,2540.5900016427,17.384,20.578,16.195,39.834,10.425,10.466
20241115185829.1,2541.0980053246,17.378,20.629,16.211,39.86,10.413,10.45
20241115185829.6,2541.61299951375,17.37,20.645,16.237,39.862,10.411,10.476
20241115185830.1,2542.12899953127,17.393,20.655,16.215,39.912,10.421,10.454
20241115185830.6,2542.64100641012,17.401,20.645,16.265,39.925,10.448,10.444
20241115185831.1,2543.15600059927,17.417,20.627,16.332,39.952,10.427,10.46
20241115185831.6,2543.67600381374,17.403,20.625,16.279,39.972,10.413,10.452
20241115185832.1,2544.19200383127,17.405,20.667,16.261,40.026,10.429,10.454
20241115185832.6,2544.69200111926,17.417,20.685,16.285,40.03,10.434,10.464
20241115185833.2,2545.21099850535,17.435,20.691,16.407,40.034,10.429,10.462
20241115185833.7,2545.72300538421,17.443,20.728,16.51,40.073,10.429,10.45
20241115185834.2,2546.22700586915,17.433,20.718,16.562,40.102,10.438,10.448
20241115185834.7,2546.74200005829,17.411,20.774,16.58,40.127,10.429,10.462
20241115185835.2,2547.25800007582,17.413,20.817,16.522,40.156,10.421,10.44
20241115185835.7,2547.78500385582,17.391,20.793,16.382,40.169,10.429,10.45
20241115185836.3,2548.30100387335,17.395,20.659,16.316,40.158,10.44,10.442
20241115185836.8,2548.81300069392,17.393,20.651,16.132,40.115,10.421,10.462
20241115185837.3,2549.32800494134,17.386,20.411,16.041,40.105,10.425,10.456
20241115185837.8,2549.84400495887,17.372,20.199,16.075,40.053,10.425,10.462
20241115185838.3,2550.35600177944,17.37,20.055,16.086,40.024,10.415,10.446
20241115185838.8,2550.87100602686,17.352,19.94,16.037,40.038,10.423,10.456
20241115185839.3,2551.38700604439,17.312,19.877,16.051,40.067,10.411,10.456
20241115185839.9,2551.90200023353,17.312,19.936,16.079,40.04,10.421,10.46
20241115185840.4,2552.41400711238,17.292,20.023,16.059,40.074,10.434,10.46
20241115185840.9,2552.93400026858,17.257,20.045,15.962,40.067,10.423,10.458
20241115185841.4,2553.44900451601,17.219,20.031,15.885,40.102,10.438,10.454
20241115185841.9,2553.96100133657,17.225,20.225,15.855,40.133,10.423,10.464
20241115185842.4,2554.4770013541,17.229,20.346,15.9,40.154,10.425,10.436
20241115185842.9,2554.99200560153,17.263,20.518,15.982,40.2,10.421,10.46
20241115185843.5,2555.5239982903,17.287,20.621,15.924,40.233,10.421,10.444
20241115185844,2556.03900253773,17.314,20.592,15.892,40.301,10.427,10.466
20241115185844.5,2556.5509993583,17.336,20.475,15.892,40.318,10.427,10.452
20241115185845,2557.06699937582,17.302,20.366,15.997,40.332,10.431,10.452
20241115185845.5,2557.5860068202,17.259,20.322,16.104,40.322,10.436,10.434
20241115185846.1,2558.10200683773,17.275,20.494,16.178,40.328,10.444,10.436
20241115185846.6,2558.61700102687,17.255,20.655,16.209,40.347,10.417,10.452
20241115185847.1,2559.13300104439,17.219,20.687,16.314,40.402,10.415,10.452
20241115185847.6,2559.64499786496,17.231,20.738,16.387,40.438,10.427,10.44
20241115185848.1,2560.16000211239,17.271,20.491,16.37,40.46,10.425,10.438
20241115185848.6,2560.67199893296,17.283,20.237,16.184,40.462,10.415,10.456
20241115185849.1,2561.19200214744,17.314,20.047,16.092,40.506,10.421,10.46
20241115185849.7,2561.70700639486,17.263,20.009,15.978,40.547,10.411,10.444
20241115185850.2,2562.21900321543,17.247,20.081,15.883,40.584,10.45,10.448
20241115185850.7,2562.73800060153,17.211,20.098,15.795,40.605,10.429,10.458
20241115185851.2,2563.25400061905,17.195,20.11,15.811,40.663,10.431,10.446
20241115185851.7,2563.77000063658,17.17,20.207,15.807,40.713,10.436,10.452
20241115185852.2,2564.285004884,17.176,20.265,15.869,40.723,10.425,10.438
20241115185852.7,2564.79299850762,17.142,20.215,15.879,40.74,10.413,10.454
20241115185853.3,2565.3130017221,17.136,20.13,15.91,40.766,10.427,10.448
20241115185853.8,2565.82400277257,17.134,20.104,15.918,40.767,10.419,10.464
20241115185854.3,2566.34000279009,17.15,20.126,15.952,40.754,10.421,10.46
20241115185854.8,2566.85600280762,17.158,20.134,15.954,40.746,10.423,10.448
20241115185855.3,2567.37100705504,17.17,20.102,15.948,40.704,10.419,10.423
20241115185855.8,2567.8749974817,17.17,20.174,15.896,40.709,10.434,10.434
20241115185856.3,2568.37899796665,17.166,20.142,15.902,40.696,10.419,10.452
20241115185856.8,2568.89499798417,17.193,20.007,15.904,40.771,10.434,10.448
20241115185857.4,2569.40200589597,17.189,19.954,15.926,40.833,10.425,10.452
20241115185857.9,2569.91400271654,17.207,19.952,15.861,40.888,10.434,10.446
20241115185858.4,2570.43000273407,17.235,19.968,15.823,40.893,10.415,10.458
20241115185858.9,2570.93000002205,17.205,19.95,15.809,40.905,10.448,10.448
20241115185859.4,2571.42999731004,17.203,19.681,15.867,40.92,10.423,10.44
20241115185859.9,2571.93399779499,17.205,19.556,15.851,40.959,10.421,10.45
20241115185900.4,2572.44499884546,17.217,19.613,15.754,41.029,10.405,10.452
20241115185900.9,2572.96500205994,17.215,19.784,15.698,41.108,10.417,10.44
20241115185901.4,2573.48100207746,17.178,19.902,15.704,41.071,10.427,10.444
20241115185901.9,2573.99200312793,17.108,19.896,15.69,41.089,10.403,10.458
20241115185902.5,2574.50800314546,17.106,19.835,15.651,41.031,10.411,10.448
20241115185903,2575.01999996603,17.069,19.778,15.73,41.039,10.419,10.436
20241115185903.5,2575.51999725401,17.031,19.74,15.641,41.017,10.425,10.456
20241115185904,2576.03500150144,16.982,19.805,15.625,40.982,10.423,10.444
20241115185904.5,2576.54699832201,16.962,19.9,15.584,41.006,10.421,10.452
20241115185905,2577.06299833953,16.999,19.978,15.522,41.042,10.403,10.431
20241115185905.5,2577.57800258696,17.043,20.063,15.54,41.083,10.421,10.436
20241115185906.1,2578.10600213706,17.061,19.896,15.599,41.12,10.423,10.458
20241115185906.6,2578.61700318754,17.063,19.835,15.617,41.182,10.403,10.446
20241115185907.1,2579.13300320506,17.075,19.865,15.601,41.18,10.429,10.444
20241115185907.6,2579.64500002563,17.088,19.875,15.671,41.17,10.411,10.44
20241115185908.1,2580.16000427306,17.075,19.885,15.657,41.195,10.419,10.438
20241115185908.6,2580.67600429058,17.063,19.883,15.635,41.267,10.421,10.436
20241115185909.1,2581.1920043081,17.023,19.908,15.578,41.236,10.415,10.45
20241115185909.7,2581.70300535858,17.055,19.988,15.595,41.222,10.431,10.448
20241115185910.2,2582.2190053761,17.053,20.067,15.702,41.286,10.431,10.454
20241115185910.7,2582.73100219667,17.055,20.186,15.732,41.352,10.423,10.429
20241115185911.2,2583.23099948466,17.114,20.251,15.886,41.402,10.421,10.44
20241115185911.7,2583.73799733818,17.154,20.277,15.968,41.435,10.436,10.425
20241115185912.2,2584.24199782312,17.16,20.287,16.011,41.505,10.434,10.45
20241115185912.7,2584.74200516939,17.176,20.33,16.031,41.522,10.419,10.444
20241115185913.2,2585.25800518692,17.191,20.368,16.071,41.511,10.415,10.456
20241115185913.7,2585.77400520444,17.189,20.281,16.096,41.513,10.421,10.433
20241115185914.2,2586.28899939358,17.172,20.253,15.989,41.493,10.401,10.444
20241115185914.8,2586.80499941111,17.179,20.235,15.936,41.507,10.405,10.438
20241115185915.3,2587.30500675738,17.219,20.241,15.916,41.602,10.405,10.429
20241115185915.8,2587.82000094652,17.187,20.251,15.952,41.64,10.397,10.433
20241115185916.3,2588.33600096405,17.223,20.271,15.981,41.654,10.403,10.435
20241115185916.8,2588.85200098157,17.239,20.281,16.076,41.716,10.407,10.431
20241115185917.3,2589.36300203204,17.263,20.29,15.999,41.741,10.397,10.448
20241115185917.8,2589.87900204957,17.284,20.378,16.138,41.788,10.427,10.46
20241115185918.3,2590.39099887013,17.269,20.425,16.324,41.813,10.413,10.435
20241115185918.9,2590.90600311756,17.296,20.457,16.33,41.855,10.411,10.427
20241115185919.4,2591.43400266767,17.267,20.463,16.181,41.865,10.425,10.435
20241115185919.9,2591.94500371814,17.253,20.482,16.063,41.894,10.423,10.446
20241115185920.4,2592.46100373566,17.249,20.554,16.134,41.917,10.411,10.431
20241115185920.9,2592.97700375319,17.255,20.667,16.019,41.97,10.411,10.452
20241115185921.4,2593.48800480366,17.28,20.746,15.974,41.993,10.411,10.44
20241115185922,2594.00799795985,17.298,20.782,15.948,41.995,10.411,10.433
20241115185922.5,2594.52000483871,17.261,20.776,15.839,42.049,10.411,10.429
20241115185923,2595.03499902785,17.205,20.7,15.902,42.095,10.419,10.438
20241115185923.5,2595.55099904537,17.207,20.752,15.853,42.095,10.423,10.435
20241115185924,2596.06300592422,17.231,20.789,15.819,42.122,10.417,10.448
20241115185924.5,2596.57800011337,17.275,20.778,15.869,42.122,10.413,10.423
20241115185925,2597.09400013089,17.253,20.752,15.991,42.165,10.423,10.44
20241115185925.6,2597.61299751699,17.247,20.754,16.146,42.184,10.425,10.431
20241115185926.1,2598.12899753451,17.287,20.716,16.239,42.217,10.425,10.452
20241115185926.6,2598.64499755204,17.294,20.595,16.324,42.223,10.425,10.434
20241115185927.1,2599.16000179946,17.289,20.409,16.401,42.243,10.434,10.436
20241115185927.6,2599.67600181699,17.304,20.356,16.437,42.254,10.409,10.458
20241115185928.1,2600.19200183451,17.304,20.277,16.314,42.243,10.419,10.444
20241115185928.7,2600.70300288498,17.283,20.32,16.247,42.285,10.423,10.446
20241115185929.2,2601.21900290251,17.271,20.477,16.269,42.25,10.442,10.458
20241115185929.7,2601.7580062151,17.263,20.566,16.15,42.277,10.436,10.444
20241115185930.2,2602.27000303566,17.277,20.599,16.057,42.32,10.427,10.452
20241115185930.7,2602.77400352061,17.279,20.605,15.991,42.353,10.427,10.44
20241115185931.2,2603.29300090671,17.32,20.609,16.019,42.409,10.423,10.444
20241115185931.8,2603.80900092423,17.304,20.423,16.067,42.43,10.434,10.444
20241115185932.3,2604.33999784291,17.31,20.394,16.007,42.427,10.417,10.442
20241115185932.8,2604.86299842596,17.34,20.453,15.916,42.44,10.434,10.45
20241115185933.4,2605.39900436997,17.35,20.489,15.831,42.473,10.427,10.456
20241115185933.9,2605.91399855912,17.35,20.431,15.867,42.531,10.425,10.462
20241115185934.4,2606.4340017736,17.37,20.394,15.855,42.531,10.448,10.45
20241115185934.9,2606.94500282407,17.362,20.467,15.898,42.55,10.419,10.442
20241115185935.4,2607.45699964464,17.368,20.534,15.894,42.564,10.431,10.431
20241115185935.9,2607.97700285912,17.397,20.558,15.932,42.605,10.425,10.446
20241115185936.4,2608.49200710654,17.397,20.574,15.95,42.585,10.407,10.452
20241115185937,2609.01200026274,17.395,20.582,15.912,42.603,10.438,10.456
20241115185937.5,2609.52400714159,17.405,20.566,15.962,42.622,10.415,10.456
20241115185938,2610.04300452769,17.423,20.524,15.954,42.595,10.427,10.456
20241115185938.5,2610.55900454521,17.407,20.455,15.9,42.601,10.425,10.462
20241115185939,2611.06699816883,17.399,20.156,15.859,42.609,10.425,10.44
20241115185939.5,2611.57400608063,17.393,19.952,15.776,42.632,10.413,10.452
20241115185940,2612.09399923682,17.358,19.799,15.833,42.636,10.425,10.448
20241115185940.6,2612.59799972177,17.29,19.601,15.831,42.624,10.417,10.448
20241115185941.1,2613.11300396919,17.235,19.591,15.597,42.651,10.427,10.452
20241115185941.6,2613.62500078976,17.17,19.692,15.492,42.717,10.438,10.444
20241115185942.1,2614.14500400424,17.14,19.768,15.443,42.8,10.421,10.452
20241115185942.6,2614.66400139034,17.13,19.914,15.485,42.891,10.423,10.446
20241115185943.1,2615.18400460482,17.164,20.098,15.552,42.924,10.403,10.45
20241115185943.6,2615.69500565529,17.152,20.215,15.611,42.934,10.417,10.446
20241115185944.2,2616.21100567281,17.17,20.5,15.694,42.957,10.417,10.438
20241115185944.7,2616.73099882901,17.186,20.758,15.75,42.988,10.427,10.442
20241115185945.2,2617.24600307643,17.207,20.962,15.93,43.002,10.411,10.452
20241115185945.7,2617.76200309396,17.245,21.017,16.112,43.044,10.44,10.46
20241115185946.2,2618.2769972831,17.259,20.938,16.176,43.079,10.431,10.458
20241115185946.7,2618.79300735891,17.298,20.675,16.182,43.147,10.417,10.446
20241115185947.3,2619.29699778557,17.308,20.677,16.172,43.172,10.419,10.438
20241115185947.8,2619.81999836862,17.324,20.578,16.182,43.18,10.419,10.45
20241115185948.3,2620.3400015831,17.36,20.459,16.247,43.195,10.419,10.434
20241115185948.8,2620.85600160062,17.372,20.231,16.324,43.234,10.421,10.47
20241115185949.3,2621.3670026511,17.374,20.316,16.405,43.216,10.423,10.452
20241115185949.8,2621.88300266862,17.356,20.358,16.362,43.22,10.421,10.472
20241115185950.3,2622.38700315356,17.346,20.38,16.344,43.257,10.419,10.446
20241115185950.9,2622.91400693357,17.334,20.522,16.352,43.222,10.431,10.456
20241115185951.4,2623.43000695109,17.372,20.689,16.362,43.271,10.413,10.446
20241115185951.9,2623.97700659931,17.378,20.815,16.302,43.294,10.423,10.452
20241115185952.4,2624.4879975915,17.388,20.891,16.296,43.354,10.421,10.448
20241115185953,2625.00800080597,17.397,20.879,16.259,43.387,10.442,10.434
20241115185953.5,2625.5240008235,17.388,20.754,16.259,43.451,10.421,10.452
20241115185954,2626.03900507092,17.395,20.599,16.328,43.484,10.419,10.458
20241115185954.5,2626.55899822712,17.391,20.279,16.273,43.439,10.419,10.436
20241115185955,2627.07400247455,17.399,20.245,16.259,43.425,10.436,10.442
20241115185955.5,2627.58599929512,17.376,20.263,16.116,43.41,10.419,10.454
20241115185956.1,2628.10199931264,17.376,20.263,16.059,43.455,10.421,10.442
20241115185956.6,2628.61300036311,17.38,20.328,16.059,43.478,10.436,10.431
20241115185957.1,2629.12900038064,17.348,20.401,16.13,43.576,10.434,10.444
20241115185957.6,2629.64500039816,17.346,20.425,16.138,43.621,10.423,10.438
20241115185958.1,2630.17600737512,17.334,20.374,16.11,43.629,10.425,10.431
20241115185958.6,2630.67999780178,17.306,20.118,15.936,43.615,10.413,10.446
20241115185959.1,2631.19200468063,17.273,19.922,15.799,43.563,10.409,10.434
20241115185959.7,2631.70699886978,17.251,19.964,15.716,43.536,10.429,10.44
20241115190000.2,2632.22700208426,17.257,20.019,15.643,43.54,10.421,10.421
20241115190000.7,2632.77699910104,17.213,20.098,15.603,43.52,10.415,10.45
20241115190001.2,2633.29299911857,17.176,20.146,15.502,43.545,10.436,10.452
20241115190001.8,2633.80899913609,17.144,20.241,15.538,43.664,10.409,10.431
20241115190002.3,2634.32400338352,17.106,20.332,15.585,43.687,10.429,10.442
20241115190002.8,2634.83600020409,17.104,20.469,15.587,43.704,10.409,10.444
20241115190003.3,2635.35200022161,17.106,20.568,15.631,43.745,10.435,10.427
20241115190003.8,2635.87099760771,17.104,20.673,15.696,43.799,10.417,10.435
20241115190004.3,2636.37499809265,17.146,20.776,15.74,43.894,10.413,10.438
20241115190004.8,2636.88300177455,17.162,20.651,15.748,43.913,10.413,10.45
20241115190005.4,2637.39900179207,17.158,20.522,15.726,43.958,10.409,10.435
20241115190005.9,2637.91799917817,17.124,20.423,15.682,43.921,10.415,10.429
20241115190006.4,2638.43399919569,17.128,20.225,15.688,43.952,10.411,10.425
20241115190006.9,2638.9610029757,17.122,20.193,15.69,43.971,10.413,10.427
20241115190007.4,2639.48100619018,17.132,20.221,15.674,43.996,10.421,10.433
20241115190007.9,2639.99600037932,17.15,20.281,15.7,44.058,10.415,10.435
20241115190008.5,2640.5160035938,17.17,20.437,15.726,44.142,10.411,10.435
20241115190009,2641.03099778295,17.162,20.554,15.71,44.209,10.403,10.431
20241115190009.5,2641.55100099742,17.207,20.722,15.966,44.296,10.411,10.442
20241115190010,2642.05900467932,17.235,20.841,16.069,44.397,10.397,10.435
20241115190010.5,2642.57399886847,17.269,20.918,15.934,44.488,10.411,10.429
20241115190011,2643.09400208294,17.306,20.96,15.914,44.56,10.407,10.438
20241115190011.6,2643.61000210047,17.34,21.11,15.861,44.581,10.399,10.438
20241115190012.1,2644.12100315094,17.358,21.334,15.898,44.633,10.417,10.425
20241115190012.6,2644.65600326657,17.36,21.164,15.874,44.662,10.413,10.446
20241115190013.1,2645.16800008714,17.377,20.926,15.9,44.659,10.405,10.435
20241115190013.6,2645.68400010467,17.395,20.813,16.005,44.628,10.403,10.429
20241115190014.2,2646.19900435209,17.419,20.774,15.999,44.604,10.409,10.425
20241115190014.7,2646.71500436962,17.445,20.819,16.031,44.61,10.429,10.45
20241115190015.2,2647.23100438714,17.477,20.99,15.995,44.643,10.421,10.444
20241115190015.7,2647.74200543761,17.485,21.089,16.019,44.686,10.436,10.423
20241115190016.2,2648.26600179076,17.502,21.089,16.005,44.744,10.415,10.45
20241115190016.7,2648.78100603819,17.469,21.067,16.009,44.777,10.429,10.446
20241115190017.2,2649.29300285876,17.467,20.908,16.003,44.798,10.417,10.45
20241115190017.8,2649.80900287628,17.508,20.93,16.021,44.872,10.429,10.429
20241115190018.3,2650.32400712371,17.516,20.883,16.011,44.87,10.419,10.454
20241115190018.8,2650.8440002799,17.504,20.831,16.035,44.879,10.431,10.442
20241115190019.3,2651.35600715876,17.494,20.538,16.203,44.953,10.413,10.454
20241115190019.8,2651.86699815094,17.496,20.467,16.453,45.013,10.419,10.427
20241115190020.3,2652.38299816847,17.524,20.399,16.486,45.026,10.433,10.456
20241115190020.8,2652.89500504732,17.498,20.593,16.486,45.193,10.423,10.444
20241115190021.4,2653.40999923646,17.473,20.611,16.692,45.245,10.409,10.444
20241115190021.9,2653.92599925399,17.5,20.677,16.873,45.23,10.431,10.435
20241115190022.4,2654.44199927151,17.467,20.849,16.861,45.261,10.433,10.435
20241115190022.9,2654.96900305152,17.419,20.884,16.671,45.319,10.433,10.464
20241115190023.4,2655.48099987209,17.372,20.896,16.574,45.342,10.415,10.421
20241115190024,2656.00000731647,17.385,20.93,16.623,45.375,10.423,10.446
20241115190024.5,2656.51200413704,17.356,21.023,16.675,45.437,10.427,10.435
20241115190025,2657.02400095761,17.358,21.106,16.752,45.464,10.421,10.435
20241115190025.5,2657.54299834371,17.37,20.95,16.766,45.479,10.417,10.444
20241115190026,2658.06300155818,17.374,20.752,16.803,45.46,10.417,10.425
20241115190026.5,2658.57400260866,17.36,20.748,16.809,45.388,10.421,10.446
20241115190027,2659.09000262618,17.358,20.92,16.708,45.384,10.435,10.429
20241115190027.6,2659.61700640619,17.374,21.055,16.597,45.419,10.413,10.44
20241115190028.1,2660.14899909496,17.366,21.122,16.552,45.475,10.429,10.431
20241115190028.6,2660.66400334239,17.374,21.176,16.54,45.541,10.419,10.442
20241115190029.1,2661.17600016296,17.393,21.429,16.409,45.646,10.407,10.442
20241115190029.6,2661.69200018048,17.364,21.732,16.407,45.77,10.44,10.442
20241115190030.2,2662.20300123096,17.354,22.037,16.401,45.882,10.421,10.444
20241115190030.7,2662.72300444543,17.352,22.336,16.403,45.969,10.409,10.444
20241115190031.2,2663.235001266,17.373,22.521,16.363,45.992,10.425,10.437
20241115190031.7,2663.75000551343,17.383,22.631,16.453,46.012,10.429,10.443
20241115190032.2,2664.26600553095,17.374,22.688,16.665,46.068,10.423,10.425
20241115190032.7,2664.7809997201,17.364,22.762,16.746,46.035,10.427,10.444
20241115190033.2,2665.29300659895,17.346,22.447,16.706,46.068,10.425,10.448
20241115190033.8,2665.80900661647,17.354,22.283,16.734,46.118,10.423,10.423
20241115190034.3,2666.32400080562,17.356,22.083,16.799,46.207,10.417,10.45
20241115190034.8,2666.84400402009,17.33,21.938,16.851,46.271,10.417,10.45
20241115190035.3,2667.35600084066,17.286,21.787,16.803,46.289,10.444,10.423
20241115190035.8,2667.87100508809,17.267,21.72,16.831,46.347,10.438,10.444
20241115190036.3,2668.38300190866,17.271,21.599,16.869,46.378,10.431,10.442
20241115190036.9,2668.89900192618,17.288,21.364,16.898,46.374,10.427,10.442
20241115190037.4,2669.41799931228,17.294,21.193,16.851,46.416,10.407,10.435
20241115190037.9,2669.93399932981,17.294,21.219,16.819,46.401,10.431,10.433
20241115190038.4,2670.44500038028,17.336,21.231,16.815,46.395,10.433,10.448
20241115190038.9,2670.96500359476,17.368,21.061,16.809,46.38,10.409,10.462
20241115190039.4,2671.47700041533,17.352,20.956,16.748,46.378,10.409,10.425
20241115190039.9,2671.99200466275,17.354,20.815,16.718,46.331,10.417,10.442
20241115190040.5,2672.50400148332,17.336,20.637,16.655,46.349,10.433,10.448
20241115190041,2673.01599830389,17.312,20.599,16.71,46.335,10.433,10.433
20241115190041.5,2673.53100255132,17.322,20.716,16.892,46.341,10.411,10.435
20241115190042,2674.04299937189,17.32,20.912,16.918,46.37,10.421,10.46
20241115190042.5,2674.55899938941,17.342,21.003,16.981,46.397,10.427,10.448
20241115190043,2675.07000043988,17.393,20.954,16.974,46.393,10.438,10.433
20241115190043.6,2675.6060063839,17.399,20.881,16.855,46.447,10.433,10.454
20241115190044.1,2676.11699737608,17.397,20.843,16.785,46.476,10.438,10.446
20241115190044.6,2676.63300745189,17.417,20.649,16.791,46.486,10.425,10.448
20241115190045.1,2677.16400437057,17.401,20.564,16.793,46.517,10.427,10.438
20241115190045.6,2677.68399752676,17.427,20.58,16.734,46.505,10.44,10.446
20241115190046.2,2678.20699810982,17.399,20.625,16.714,46.583,10.438,10.448
20241115190046.7,2678.73800508678,17.377,20.926,16.738,46.664,10.431,10.446
20241115190047.2,2679.25000190735,17.362,21.027,16.896,46.726,10.44,10.448
20241115190047.7,2679.78500202298,17.368,21.16,16.89,46.782,10.433,10.433
20241115190048.3,2680.30100204051,17.34,21.376,16.837,46.856,10.401,10.454
20241115190048.8,2680.8199994266,17.328,21.582,16.815,46.885,10.433,10.444
20241115190049.3,2681.33200630546,17.32,21.801,16.797,46.947,10.433,10.444
20241115190049.8,2681.85199946165,17.326,21.843,16.831,47.005,10.433,10.446
20241115190050.3,2682.36700370908,17.34,21.906,16.787,47.053,10.427,10.46
20241115190050.8,2682.87900052965,17.356,22.013,16.649,47.115,10.435,10.458
20241115190051.3,2683.39500054717,17.346,22.12,16.502,47.16,10.417,10.44
20241115190051.9,2683.9100047946,17.348,22.263,16.609,47.208,10.401,10.442
20241115190052.4,2684.44199748337,17.368,22.345,16.875,47.256,10.446,10.435
20241115190052.9,2684.95299853384,17.371,22.335,17.015,47.287,10.423,10.423
20241115190053.4,2685.46899855137,17.405,22.335,17.029,47.318,10.427,10.45
20241115190053.9,2685.98499856889,17.443,22.394,16.971,47.4,10.413,10.45
20241115190054.4,2686.49599961936,17.459,22.476,17.015,47.45,10.427,10.45
20241115190055,2687.01600283384,17.478,22.435,17.102,47.506,10.413,10.425
20241115190055.5,2687.52700388432,17.456,22.335,17.049,47.541,10.425,10.429
20241115190056,2688.04700709879,17.461,22.175,16.975,47.578,10.425,10.433
20241115190056.5,2688.56300711632,17.476,22.232,16.785,47.671,10.423,10.462
20241115190057,2689.07800130546,17.476,22.396,16.633,47.675,10.419,10.448
20241115190057.6,2689.59800451994,17.48,22.433,16.72,47.742,10.425,10.452
20241115190058.1,2690.11299870908,17.498,22.582,16.587,47.81,10.421,10.427
20241115190058.6,2690.62899872661,17.488,22.672,16.67,47.874,10.431,10.439
20241115190059.1,2691.14900194108,17.502,22.512,16.554,47.931,10.433,10.425
20241115190059.6,2691.67600572109,17.49,22.298,16.562,47.979,10.427,10.443
20241115190100.1,2692.18800254166,17.51,22.271,16.464,48.012,10.437,10.437
20241115190100.7,2692.70300678909,17.504,22.277,16.342,48.031,10.421,10.425
20241115190101.2,2693.21900680661,17.496,21.973,16.274,48.088,10.423,10.433
20241115190101.7,2693.73100362718,17.48,21.722,16.175,48.136,10.419,10.435
20241115190102.2,2694.24200467765,17.48,21.577,16.207,48.169,10.429,10.448
20241115190102.7,2694.76199783385,17.51,21.447,16.11,48.175,10.439,10.429
20241115190103.2,2695.27700208127,17.504,21.195,16.035,48.194,10.425,10.433
20241115190103.8,2695.80099843442,17.51,21.067,16.037,48.215,10.417,10.441
20241115190104.3,2696.31300531328,17.506,21.304,16.082,48.301,10.421,10.441
20241115190104.8,2696.82799950242,17.502,21.265,16.171,48.334,10.425,10.439
20241115190105.3,2697.3480027169,17.506,21.413,16.183,48.348,10.415,10.458
20241115190105.8,2697.85999953747,17.51,21.399,16.213,48.386,10.431,10.448
20241115190106.3,2698.37500378489,17.494,21.554,16.239,48.388,10.403,10.456
20241115190106.8,2698.89500699937,17.516,21.447,16.249,48.438,10.438,10.442
20241115190107.4,2699.41000118852,17.546,21.188,16.294,48.488,10.425,10.45
20241115190107.9,2699.92600120604,17.582,20.887,16.538,48.539,10.436,10.46
20241115190108.4,2700.44200122356,17.568,21.049,16.516,48.536,10.436,10.45
20241115190108.9,2700.95700547099,17.607,20.952,16.429,48.478,10.417,10.46
20241115190109.4,2701.46100595593,17.582,21.176,16.431,48.532,10.444,10.468
20241115190109.9,2701.97700597346,17.554,21.36,16.427,48.549,10.434,10.442
20241115190110.4,2702.4920001626,17.548,21.493,16.437,48.595,10.438,10.45
20241115190111,2703.00800018013,17.53,21.538,16.461,48.593,10.434,10.47
20241115190111.5,2703.52400019765,17.504,21.441,16.431,48.63,10.419,10.468
20241115190112,2704.03900444508,17.504,21.382,16.328,48.658,10.442,10.472
20241115190112.5,2704.5550044626,17.5,21.415,16.352,48.735,10.436,10.45
20241115190113,2705.06999865174,17.498,21.479,16.332,48.766,10.431,10.474
20241115190113.5,2705.58599866927,17.443,21.566,16.413,48.795,10.444,10.438
20241115190114.1,2706.11300244927,17.378,21.629,16.441,48.843,10.434,10.458
20241115190114.6,2706.63300566375,17.376,21.576,16.368,48.9,10.438,10.46
20241115190115.1,2707.14900568128,17.354,21.479,16.328,48.902,10.438,10.464
20241115190115.6,2707.68400579691,17.382,21.172,16.211,48.958,10.427,10.46
20241115190116.2,2708.21900591254,17.362,21.142,16.146,48.915,10.444,10.454
20241115190116.7,2708.73100273311,17.338,21.142,16.079,48.984,10.456,10.468
20241115190117.2,2709.24600698054,17.296,21.166,16.104,49.069,10.444,10.468
20241115190117.7,2709.76200699806,17.261,21.259,16.136,49.151,10.446,10.464
20241115190118.2,2710.27700118721,17.269,21.372,16.178,49.217,10.44,10.448
20241115190118.8,2710.79700440168,17.267,21.304,16.146,49.33,10.446,10.458
20241115190119.3,2711.31699755788,17.243,21.221,16.112,49.334,10.434,10.464
20241115190119.8,2711.83600500226,17.219,21.229,16.071,49.33,10.413,10.46
20241115190120.3,2712.35200501978,17.223,21.263,16.033,49.41,10.434,10.444
20241115190120.8,2712.87100240588,17.209,21.316,15.972,49.502,10.429,10.456
20241115190121.3,2713.38299922645,17.17,21.374,15.91,49.583,10.427,10.458
20241115190121.9,2713.91400620341,17.154,21.38,15.835,49.66,10.434,10.45
20241115190122.4,2714.43000622094,17.168,21.39,15.863,49.683,10.442,10.464
20241115190122.9,2714.94500041008,17.174,21.504,15.821,49.711,10.434,10.448
20241115190123.4,2715.45699723065,17.17,21.554,15.827,49.704,10.419,10.464
20241115190123.9,2715.97700044513,17.184,21.538,15.766,49.775,10.444,10.446
20241115190124.4,2716.49200469255,17.217,21.544,15.704,49.846,10.434,10.462
20241115190125,2717.00400151312,17.219,21.552,15.629,49.921,10.431,10.448
20241115190125.5,2717.52000153065,17.219,21.586,15.562,49.961,10.425,10.46
20241115190126,2718.03899891675,17.269,21.621,15.554,49.98,10.438,10.454
20241115190126.5,2718.5510057956,17.253,21.694,15.655,50.003,10.415,10.442
20241115190127,2719.06700581312,17.269,21.675,15.841,50.022,10.409,10.44
20241115190127.5,2719.58200000226,17.298,21.582,15.918,50.053,10.417,10.442
20241115190128.1,2720.10200321674,17.302,21.491,15.989,50.105,10.436,10.442
20241115190128.6,2720.61300426722,17.356,21.483,16.077,50.128,10.425,10.446
20241115190129.1,2721.12900428474,17.364,21.445,16.358,50.133,10.419,10.452
20241115190129.6,2721.64500430226,17.399,21.372,16.522,50.147,10.411,10.444
20241115190130.1,2722.15999849141,17.405,21.328,16.732,50.241,10.419,10.442
20241115190130.6,2722.67200537026,17.397,21.32,16.681,50.335,10.452,10.454
20241115190131.1,2723.18800538778,17.378,21.304,16.534,50.381,10.429,10.427
20241115190131.7,2723.70700277388,17.38,21.289,16.514,50.45,10.421,10.454
20241115190132.2,2724.21899959445,17.37,21.318,16.5,50.506,10.434,10.446
20241115190132.7,2724.73499961197,17.358,21.395,16.488,50.603,10.425,10.454
20241115190133.2,2725.2500038594,17.35,21.58,16.413,50.632,10.415,10.462
20241115190133.7,2725.76600387692,17.354,21.679,16.332,50.717,10.452,10.458
20241115190134.2,2726.28099806607,17.328,21.685,16.342,50.799,10.423,10.448
20241115190134.7,2726.79300494492,17.346,21.635,16.344,50.857,10.427,10.434
20241115190135.3,2727.30900496244,17.352,21.631,16.288,50.866,10.438,10.446
20241115190135.8,2727.82000601292,17.316,21.594,16.162,50.862,10.421,10.442
20241115190136.3,2728.33999916911,17.338,21.534,16.17,50.872,10.409,10.442
20241115190136.8,2728.86700294912,17.35,21.18,16.053,50.918,10.411,10.436
20241115190137.3,2729.38300296664,17.384,21.251,15.964,50.943,10.434,10.442
20241115190137.9,2729.91800308228,17.395,21.279,15.934,51.012,10.431,10.448
20241115190138.4,2730.44500686228,17.364,21.251,15.841,51.073,10.425,10.452
20241115190138.9,2730.95700368285,17.324,21.32,15.805,51.081,10.425,10.444
20241115190139.4,2731.47300370038,17.308,21.255,15.881,51.129,10.421,10.442
20241115190139.9,2731.98500052094,17.261,21.045,15.867,51.194,10.421,10.448
20241115190140.5,2732.50000476837,17.253,21.007,15.782,51.242,10.427,10.454
20241115190141,2733.0160047859,17.231,21.051,15.902,51.353,10.413,10.444
20241115190141.5,2733.53099897504,17.253,21.138,16.069,51.352,10.431,10.442
20241115190142,2734.04699899256,17.255,21.178,16.229,51.375,10.419,10.452
20241115190142.5,2734.55900587142,17.263,21.245,16.15,51.451,10.436,10.438
20241115190143,2735.07800325751,17.271,21.316,15.966,51.501,10.417,10.454
20241115190143.6,2735.59800647199,17.237,21.397,15.885,51.563,10.425,10.448
20241115190144.1,2736.11000329256,17.231,21.471,15.837,51.589,10.417,10.436
20241115190144.6,2736.62900067866,17.205,21.562,16.203,51.622,10.415,10.442
20241115190145.1,2737.14900389314,17.184,21.706,16.447,51.668,10.423,10.452
20241115190145.6,2737.66000494361,17.205,21.829,16.506,51.797,10.436,10.431
20241115190146.1,2738.18800449371,17.184,21.843,16.744,51.929,10.427,10.462
20241115190146.7,2738.70299868286,17.199,21.849,16.75,52.027,10.427,10.456
20241115190147.2,2739.21500556171,17.219,21.851,16.718,52.103,10.438,10.44
20241115190147.7,2739.75000567734,17.233,21.869,16.54,52.146,10.427,10.444
20241115190148.2,2740.28100259602,17.233,21.786,16.481,52.215,10.431,10.45
20241115190148.8,2740.8010058105,17.227,21.704,16.413,52.286,10.417,10.442
20241115190149.3,2741.31700582802,17.231,21.607,16.552,52.328,10.434,10.436
20241115190149.8,2741.83200001717,17.241,21.603,16.811,52.382,10.423,10.45
20241115190150.3,2742.34800003469,17.233,21.382,16.892,52.458,10.425,10.448
20241115190150.8,2742.86700747907,17.253,21.245,16.999,52.516,10.423,10.436
20241115190151.3,2743.38700063527,17.273,21.174,17.158,52.579,10.411,10.444
20241115190151.9,2743.89900751412,17.279,21.017,17.071,52.681,10.423,10.427
20241115190152.4,2744.41400170326,17.292,20.839,17.045,52.715,10.413,10.446
20241115190152.9,2744.93000172079,17.279,20.776,17.031,52.834,10.417,10.427
20241115190153.4,2745.44500596821,17.259,20.865,16.962,52.94,10.417,10.438
20241115190153.9,2745.9850050509,17.275,20.99,16.875,53.013,10.425,10.434
20241115190154.4,2746.49200290442,17.271,20.997,16.797,53.036,10.411,10.442
20241115190155,2747.02400565147,17.257,21.033,16.793,53.093,10.431,10.45
20241115190155.5,2747.54300303757,17.269,21.12,16.984,53.229,10.44,10.431
20241115190156,2748.0590030551,17.249,21.3,16.91,53.343,10.436,10.434
20241115190156.5,2748.57000410557,17.298,21.528,16.708,53.46,10.423,10.434
20241115190157,2749.08600412309,17.304,21.724,16.613,53.582,10.427,10.438
20241115190157.6,2749.60200414062,17.35,21.958,16.647,53.705,10.415,10.438
20241115190158.1,2750.13300105929,17.384,22.187,16.801,53.847,10.417,10.45
20241115190158.6,2750.64900107682,17.395,22.161,16.873,53.966,10.413,10.448
20241115190159.1,2751.16400532424,17.411,22.155,17.019,54.083,10.415,10.452
20241115190159.6,2751.68000534177,17.435,22.187,17.184,54.187,10.423,10.448
20241115190200.1,2752.19499953091,17.473,22.047,17.186,54.277,10.429,10.446
20241115190200.7,2752.71500274539,17.49,21.833,17.098,54.369,10.413,10.446
20241115190201.2,2753.23800332844,17.518,21.764,16.964,54.39,10.419,10.448
20241115190201.7,2753.75400334597,17.5,21.77,16.831,54.449,10.425,10.425
20241115190202.2,2754.28500026464,17.526,21.655,16.791,54.484,10.413,10.433
20241115190202.8,2754.80100028217,17.53,21.734,16.706,54.453,10.435,10.433
20241115190203.3,2755.31700029969,17.534,21.845,16.637,54.536,10.413,10.462
20241115190203.8,2755.83200454712,17.536,21.819,16.566,54.633,10.411,10.444
20241115190204.3,2756.3630014658,17.556,21.627,16.575,54.718,10.429,10.438
20241115190204.8,2756.88699781895,17.538,21.686,16.583,54.844,10.419,10.444
20241115190205.3,2757.39500150084,17.544,21.607,16.518,54.913,10.411,10.431
20241115190205.9,2757.91399888694,17.544,21.37,16.5,55.017,10.417,10.433
20241115190206.4,2758.42999890447,17.556,21.094,16.492,55.126,10.425,10.442
20241115190206.9,2758.94500315189,17.564,21.207,16.494,55.236,10.431,10.435
20241115190207.4,2759.46500636637,17.574,21.3,16.476,55.293,10.417,10.442
20241115190207.9,2759.9810063839,17.574,21.463,16.512,55.395,10.411,10.425
20241115190208.5,2760.51200330257,17.546,21.645,16.639,55.533,10.411,10.448
20241115190209,2761.04300022125,17.538,21.823,16.607,55.679,10.413,10.464
20241115190209.5,2761.57000400126,17.54,21.989,16.704,55.717,10.435,10.433
20241115190210,2762.08200082183,17.574,22.083,16.968,55.748,10.417,10.442
20241115190210.6,2762.60200403631,17.566,22.009,16.882,55.817,10.421,10.435
20241115190211.1,2763.11699822545,17.528,21.665,16.777,55.986,10.409,10.458
20241115190211.6,2763.63700143993,17.524,21.435,16.676,56.103,10.407,10.429
20241115190212.1,2764.15200568736,17.506,21.411,16.724,56.212,10.409,10.454
20241115190212.6,2764.66400250793,17.502,21.176,16.75,56.298,10.423,10.421
20241115190213.1,2765.1840057224,17.49,21.144,16.633,56.413,10.423,10.425
20241115190213.6,2765.69500677288,17.522,20.984,16.58,56.496,10.425,10.45
20241115190214.2,2766.2110067904,17.542,21.15,16.516,56.534,10.421,10.429
20241115190214.7,2766.73099994659,17.516,21.302,16.552,56.638,10.399,10.456
20241115190215.2,2767.24999733269,17.455,21.457,16.536,56.759,10.417,10.47
20241115190215.7,2767.7660074085,17.473,21.562,16.427,56.838,10.421,10.45
20241115190216.2,2768.27699840069,17.469,21.34,16.431,56.96,10.434,10.444
20241115190216.8,2768.79700161517,17.455,21.192,16.522,57.095,10.434,10.44
20241115190217.3,2769.31700482965,17.455,21.207,16.496,57.242,10.415,10.442
20241115190217.8,2769.83600221574,17.449,21.372,16.532,57.396,10.427,10.44
20241115190218.3,2770.34799903631,17.421,21.621,16.55,57.568,10.411,10.446
20241115190218.8,2770.86300328374,17.399,21.704,16.55,57.733,10.409,10.46
20241115190219.3,2771.37900330126,17.397,21.837,16.605,57.9,10.438,10.456
20241115190219.9,2771.89900651574,17.407,21.95,16.681,58.019,10.423,10.444
20241115190220.4,2772.41400070488,17.425,22.067,16.742,58.174,10.409,10.425
20241115190220.9,2772.93400391936,17.451,22.153,16.829,58.345,10.421,10.444
20241115190221.4,2773.44500496984,17.477,22.23,16.918,58.479,10.403,10.444
20241115190221.9,2773.96499812603,17.498,22.214,16.77,58.621,10.421,10.442
20241115190222.4,2774.48500134051,17.481,22.153,16.768,58.737,10.425,10.444
20241115190223,2775.00000558794,17.475,22.122,17.031,58.882,10.434,10.468
20241115190223.5,2775.53100250661,17.494,22.039,17.083,58.969,10.431,10.431
20241115190224,2776.05100572109,17.516,21.756,17.124,59.139,10.425,10.444
20241115190224.5,2776.55500620604,17.548,21.403,17.12,59.243,10.419,10.46
20241115190225,2777.07000039518,17.566,21.312,17.199,59.329,10.411,10.444
20241115190225.5,2777.5860004127,17.574,21.364,17.191,59.485,10.429,10.434
20241115190226.1,2778.10600362718,17.524,21.314,17.245,59.565,10.427,10.446
20241115190226.6,2778.6329973489,17.494,21.142,17.047,59.694,10.403,10.427
20241115190227.1,2779.14500422776,17.425,21.203,16.748,59.803,10.409,10.407
20241115190227.6,2779.67600114644,17.31,21.401,16.453,59.93,10.397,10.417
20241115190228.1,2780.187997967,17.257,21.433,16.314,60.048,10.405,10.415
20241115190228.7,2780.72299808264,17.235,21.362,16.229,60.121,10.407,10.45
20241115190229.2,2781.2540050596,17.213,21.318,16.207,60.221,10.419,10.431
20241115190229.7,2781.77700564265,17.187,21.385,16.164,60.33,10.397,10.444
20241115190230.2,2782.29300566018,17.172,21.409,16.128,60.396,10.429,10.433
20241115190230.8,2782.82400257885,17.185,21.427,16.051,60.604,10.415,10.446
20241115190231.3,2783.33599939942,17.177,21.435,16.069,60.684,10.429,10.435
20241115190231.8,2783.86700637639,17.177,21.441,15.995,60.795,10.407,10.435
20241115190232.4,2784.40200649202,17.158,21.463,16.029,60.927,10.407,10.438
20241115190232.9,2784.91800650954,17.134,21.449,16.084,61.135,10.403,10.429
20241115190233.4,2785.43400652707,17.176,21.524,16.136,61.345,10.401,10.446
20241115190233.9,2785.95300391316,17.181,21.603,16.263,61.543,10.393,10.423
20241115190234.4,2786.46900393069,17.205,21.722,16.429,61.732,10.401,10.423
20241115190234.9,2786.98500394821,17.205,21.938,16.457,61.973,10.407,10.429
20241115190235.4,2787.49600499868,17.229,22.128,16.621,62.259,10.393,10.415
20241115190236,2788.01599815488,17.251,22.167,16.847,62.499,10.411,10.427
20241115190236.5,2788.53500559926,17.273,22.243,16.904,62.727,10.413,10.46
20241115190237,2789.05499875546,17.304,22.183,16.898,62.929,10.403,10.423
20241115190237.5,2789.57000300288,17.312,22.027,16.95,63.204,10.395,10.435
20241115190238,2790.09000621736,17.334,22.083,17.003,63.402,10.411,10.438
20241115190238.6,2790.60200303793,17.338,22.195,16.964,63.599,10.417,10.434
20241115190239.1,2791.1130040884,17.36,22.271,16.845,63.843,10.405,10.446
20241115190239.6,2791.62900410593,17.36,22.398,16.756,64.129,10.407,10.436
20241115190240.1,2792.16400422156,17.386,22.531,16.831,64.362,10.431,10.45
20241115190240.6,2792.68000423908,17.38,22.688,16.756,64.589,10.419,10.446
20241115190241.1,2793.19499842823,17.374,22.749,16.716,64.887,10.434,10.45
20241115190241.7,2793.7150016427,17.397,22.62,16.825,65.173,10.407,10.454
20241115190242.2,2794.23100166023,17.397,22.165,16.898,65.406,10.419,10.44
20241115190242.7,2794.74600590765,17.395,21.732,17.013,65.545,10.427,10.444
20241115190243.2,2795.26200592518,17.332,21.421,17.106,65.773,10.407,10.444
20241115190243.7,2795.77700011432,17.289,21.231,17.011,66.003,10.389,10.444
20241115190244.3,2796.30100652575,17.188,21.126,16.784,66.255,10.421,10.442
20241115190244.8,2796.82400710881,17.162,21.019,16.496,66.572,10.425,10.446
20241115190245.3,2797.33600392938,17.146,20.875,16.358,66.929,10.405,10.44
20241115190245.8,2797.85600714386,17.148,20.997,16.3,67.255,10.421,10.458
20241115190246.3,2798.36699813604,17.156,21.124,16.162,68.219,10.411,10.444
20241115190246.9,2798.90199825168,17.152,21.239,16.083,68.393,10.413,10.417
20241115190247.4,2799.41400513053,17.188,21.449,16.102,68.662,10.427,10.444
20241115190247.9,2799.93000514805,17.203,21.542,16.007,68.925,10.411,10.434
20241115190248.4,2800.46500526369,17.251,21.542,15.96,69.164,10.417,10.417
20241115190248.9,2800.98100528121,17.275,21.659,16.025,69.408,10.423,10.436
20241115190249.5,2801.51200219989,17.289,21.746,16.118,69.737,10.431,10.425
20241115190250,2802.03099958599,17.289,21.726,16.035,70.065,10.419,10.442
20241115190250.5,2802.55100280046,17.263,21.811,15.938,70.424,10.411,10.438
20241115190251,2803.07000018656,17.306,21.92,15.904,70.769,10.421,10.44
20241115190251.6,2803.60999926925,17.316,22.132,15.867,71.099,10.423,10.434
20241115190252.1,2804.12900671363,17.346,22.33,15.94,71.431,10.405,10.425
20241115190252.6,2804.67600636184,17.366,22.379,15.948,71.828,10.429,10.425
20241115190253.2,2805.20700328052,17.382,22.347,16.007,72.225,10.401,10.434
20241115190253.7,2805.7380001992,17.413,22.251,16.021,72.636,10.417,10.464
20241115190254.2,2806.28100670874,17.447,22.275,16.088,73.063,10.427,10.434
20241115190254.8,2806.83199949563,17.455,22.157,16.178,73.477,10.409,10.448
20241115190255.3,2807.35999904573,17.49,21.871,16.257,73.83,10.413,10.431
20241115190255.8,2807.87500329316,17.49,21.837,16.257,74.314,10.417,10.444
20241115190256.4,2808.40600021183,17.489,22.142,16.364,74.837,10.431,10.419
20241115190256.9,2808.92200022936,17.5,22.261,16.215,75.369,10.425,10.442
20241115190257.4,2809.43800024688,17.496,22.152,16.106,75.813,10.425,10.436
20241115190257.9,2809.96500402689,17.514,21.906,15.976,76.162,10.421,10.434
20241115190258.4,2810.48100404441,17.489,21.584,15.906,76.628,10.411,10.444
20241115190258.9,2810.99599823356,17.483,21.407,15.908,77.097,10.434,10.436
20241115190259.6,2811.63700260222,17.473,21.263,16.003,77.619,10.415,10.434
20241115190300.1,2812.14899942279,17.435,21.136,15.942,78.153,10.427,10.446
20241115190300.6,2812.66800686717,17.384,21.081,15.976,78.691,10.419,10.429
20241115190301.1,2813.18400688469,17.372,21.11,15.881,79.198,10.434,10.44
20241115190301.6,2813.69499787688,17.388,21.168,15.805,79.753,10.415,10.419
20241115190302.2,2814.21099789441,17.403,21.188,15.815,80.27,10.403,10.434
20241115190302.7,2814.74200487137,17.388,21.156,15.855,80.726,10.419,10.438
20241115190303.2,2815.25800488889,17.36,21.043,15.833,81.197,10.423,10.45
20241115190303.7,2815.77400490642,17.302,20.999,15.918,81.704,10.417,10.446
20241115190304.2,2816.28500595689,17.243,21.041,15.985,82.284,10.421,10.436
20241115190304.8,2816.80499911308,17.217,21.057,16.081,82.776,10.417,10.454
20241115190305.3,2817.32000336051,17.189,21.091,16.001,83.383,10.431,10.434
20241115190305.8,2817.83600337803,17.217,21.108,15.857,84.008,10.407,10.454
20241115190306.3,2818.35600659251,17.176,20.956,15.843,84.63,10.419,10.442
20241115190306.8,2818.87100078166,17.17,20.912,15.926,85.263,10.409,10.454
20241115190307.3,2819.38700079918,17.184,20.732,15.928,85.713,10.427,10.438
20241115190307.9,2819.92200091481,17.174,20.659,15.89,86.4,10.436,10.446
20241115190308.4,2820.43800093234,17.158,20.748,15.896,87.167,10.421,10.45
20241115190308.9,2820.98500058055,17.106,20.934,15.958,88.008,10.413,10.44
20241115190309.5,2821.50000482798,17.11,21.087,16.071,88.813,10.411,10.456
20241115190310,2822.0269985497,17.132,21.227,16.172,89.659,10.421,10.45
20241115190310.5,2822.54700176418,17.17,21.304,16.251,90.41,10.436,10.434
20241115190311,2823.05899858475,17.197,21.487,16.277,91.26,10.425,10.448
20241115190311.5,2823.57800602913,17.184,21.641,16.148,92.067,10.431,10.442
20241115190312.1,2824.09799918532,17.213,21.629,16.1,92.879,10.407,10.448
20241115190312.6,2824.62099976838,17.203,21.73,16.104,93.742,10.417,10.429
20241115190313.1,2825.12900345027,17.211,21.831,16.116,94.716,10.405,10.425
20241115190313.6,2825.65600723028,17.219,21.98,16.231,95.699,10.419,10.436
20241115190314.1,2826.17200724781,17.249,21.942,16.134,96.62,10.409,10.436
20241115190314.6,2826.68799720705,17.279,21.825,16.146,97.527,10.415,10.448
20241115190315.2,2827.22299732268,17.32,21.601,16.36,98.397,10.423,10.438
20241115190315.7,2827.75400429964,17.356,21.514,16.544,99.313,10.429,10.45
20241115190316.2,2828.27400751412,17.386,21.568,16.5,100.286,10.421,10.45
20241115190316.8,2828.80100123584,17.346,21.677,16.322,101.56,10.411,10.434
20241115190317.3,2829.31999862194,17.294,21.677,16.275,102.621,10.417,10.431
20241115190317.8,2829.84799817204,17.239,21.594,16.18,103.658,10.409,10.436
20241115190318.3,2830.37500195205,17.158,21.481,16.013,104.718,10.417,10.429
20241115190318.8,2830.89100196958,17.12,21.306,15.831,105.959,10.419,10.438
20241115190319.4,2831.40200302005,17.077,21.116,15.823,107.068,10.425,10.415
20241115190319.9,2831.91800303757,17.037,20.889,15.823,108.355,10.417,10.431
20241115190320.4,2832.43800625205,17.033,20.641,15.821,109.648,10.405,10.436
20241115190320.9,2832.95700363815,17.031,20.714,15.805,110.852,10.409,10.44
20241115190321.4,2833.47300365567,17.047,20.786,15.871,111.962,10.423,10.448
20241115190321.9,2833.98799784482,17.019,20.861,15.904,113.096,10.438,10.431
20241115190322.5,2834.51599739492,17.023,20.956,15.819,114.204,10.423,10.429
20241115190323,2835.02699844539,17.009,21.039,15.647,115.573,10.407,10.444
20241115190323.5,2835.55900119245,17.039,21.211,15.534,117.106,10.407,10.442
20241115190324,2836.07400543988,17.021,21.382,15.473,118.553,10.427,10.436
20241115190324.5,2836.59399859607,17.025,21.388,15.411,120.091,10.419,10.442
20241115190325.1,2837.1099986136,17.025,21.049,15.372,121.641,10.411,10.429
20241115190325.6,2837.62099966407,17.039,20.647,15.368,122.902,10.429,10.458
20241115190326.1,2838.14100287855,17.027,20.593,15.403,124.249,10.411,10.442
20241115190326.6,2838.65600712597,17.007,20.619,15.461,125.736,10.411,10.442
20241115190327.1,2839.1720071435,17.029,20.564,15.479,127.582,10.425,10.417
20241115190327.6,2839.68800716102,17.023,20.637,15.546,129.073,10.415,10.434
20241115190328.2,2840.20300135016,17.015,20.72,15.681,130.915,10.411,10.429
20241115190328.7,2840.7380014658,17.041,20.817,15.926,132.139,10.427,10.423
20241115190329.2,2841.24999828637,17.021,20.776,15.861,133.817,10.419,10.423
20241115190329.7,2841.77000150084,17.061,20.994,15.863,135.343,10.417,10.429
20241115190330.2,2842.28500574827,17.092,21.217,15.924,137.259,10.415,10.431
20241115190330.8,2842.81699843705,17.116,21.419,15.912,139.145,10.417,10.438
20241115190331.3,2843.33600588143,17.126,21.564,15.877,140.988,10.407,10.427
20241115190331.8,2843.848002702,17.136,21.639,15.881,142.78,10.407,10.427
20241115190332.3,2844.37899962068,17.195,21.647,15.797,144.652,10.407,10.44
20241115190332.9,2844.90600340068,17.237,21.449,15.675,146.514,10.419,10.431
20241115190333.4,2845.42600661516,17.275,21.211,15.631,148.275,10.413,10.423
20241115190333.9,2845.94200663269,17.287,21.126,15.692,150.011,10.434,10.425
20241115190334.4,2846.45299762487,17.279,20.988,15.679,151.907,10.413,10.419
20241115190335,2847.08200246096,17.287,20.99,15.74,154.293,10.413,10.436
20241115190335.6,2847.60200567544,17.308,21.203,15.77,156.853,10.419,10.448
20241115190336.1,2848.12500625849,17.332,21.447,15.845,158.656,10.415,10.438
20241115190336.6,2848.64100627601,17.32,21.653,15.93,160.697,10.413,10.44
20241115190337.1,2849.15600046515,17.344,21.823,15.976,162.779,10.434,10.44
20241115190337.6,2849.68800321221,17.368,22.14,16.13,164.848,10.436,10.444
20241115190338.2,2850.20299740136,17.378,22.367,16.251,167.013,10.411,10.431
20241115190338.7,2850.73500014842,17.391,22.535,16.455,169.042,10.393,10.448
20241115190339.2,2851.25399753451,17.389,22.592,16.742,171.255,10.419,10.423
20241115190339.7,2851.76999755204,17.403,22.624,16.744,173.041,10.434,10.44
20241115190340.2,2852.28500179946,17.395,22.641,16.708,175.225,10.417,10.423
20241115190340.8,2852.80100181699,17.421,22.637,16.831,177.299,10.423,10.423
20241115190341.3,2853.31999920309,17.439,22.651,16.863,179.552,10.423,10.429
20241115190341.8,2853.83200608194,17.411,22.624,17.075,181.909,10.415,10.419
20241115190342.3,2854.35600243509,17.403,22.543,17.021,184.42,10.429,10.427
20241115190342.8,2854.86700348556,17.391,22.451,16.952,187.075,10.444,10.429
20241115190343.3,2855.39099983871,17.415,22.443,16.881,189.637,10.389,10.436
20241115190343.9,2855.90600408614,17.38,22.463,16.974,192.13,10.405,10.442
20241115190344.4,2856.42200410366,17.374,22.479,16.855,194.136,10.415,10.446
20241115190344.9,2856.93800412118,17.364,22.389,16.98,196.295,10.413,10.421
20241115190345.4,2857.45700150728,17.358,22.152,16.657,198.784,10.417,10.429
20241115190345.9,2857.96899832785,17.362,22.059,16.437,200.784,10.431,10.438
20241115190346.5,2858.51200483739,17.356,21.988,16.397,203.076,10.434,10.446
20241115190347,2859.03899855912,17.332,21.974,16.415,205.494,10.413,10.423
20241115190347.5,2859.57399867475,17.312,22.039,16.336,208.09,10.415,10.44
20241115190348,2860.08999869227,17.277,21.972,16.328,210.739,10.409,10.423
20241115190348.6,2860.62100566924,17.296,22.007,16.193,213.081,10.401,10.429
20241115190349.1,2861.14099882543,17.3,21.91,16.104,215.461,10.427,10.444
20241115190349.6,2861.66800260544,17.308,21.918,15.956,218.124,10.417,10.421
20241115190350.1,2862.18800581992,17.348,22.027,15.879,220.846,10.419,10.421
20241115190350.7,2862.72300593555,17.362,22.181,15.956,223.413,10.407,10.431
20241115190351.2,2863.24200332165,17.364,22.342,16.015,226.13,10.417,10.413
20241115190351.7,2863.75800333917,17.37,22.428,16.122,228.5,10.411,10.434
20241115190352.2,2864.28500711918,17.338,22.404,16.164,231.143,10.403,10.46
20241115190352.8,2864.8010071367,17.354,22.434,16.201,233.984,10.419,10.423
20241115190353.3,2865.32399766147,17.326,22.545,16.191,236.56,10.415,10.44
20241115190353.8,2865.83200134337,17.332,22.559,16.364,238.987,10.417,10.438
20241115190354.3,2866.36299826205,17.352,22.594,16.483,241.226,10.417,10.44
20241115190354.8,2866.89099781215,17.372,22.682,16.673,243.706,10.411,10.427
20241115190355.4,2867.40600205958,17.386,22.749,16.659,245.85,10.413,10.423
20241115190355.9,2867.91799888015,17.378,22.743,16.655,248.45,10.415,10.434
20241115190356.4,2868.45299899578,17.368,22.767,16.789,251.77,10.421,10.446
20241115190356.9,2868.9689990133,17.388,22.602,16.734,254.813,10.419,10.456
20241115190357.5,2869.50800232589,17.362,22.439,16.544,257.433,10.434,10.427
20241115190358,2870.02400234342,17.334,22.559,16.348,259.96,10.413,10.434
20241115190358.5,2870.53900659084,17.332,22.79,16.33,262.821,10.403,10.431
20241115190359,2871.05500660837,17.348,22.904,16.213,265.162,10.438,10.427
20241115190359.5,2871.57000079751,17.364,23.007,16.259,267.845,10.423,10.444
20241115190400,2872.08199761808,17.334,22.904,16.296,270.772,10.425,10.446
20241115190400.6,2872.5979976356,17.34,22.864,16.281,274.012,10.407,10.436
20241115190401.1,2873.11300188303,17.348,22.937,16.16,277.047,10.419,10.448
20241115190401.6,2873.6249987036,17.36,22.988,16.615,280.081,10.415,10.419
20241115190402.1,2874.13700558245,17.391,22.894,16.839,283.018,10.419,10.448
20241115190402.6,2874.6519997716,17.358,22.837,16.914,285.977,10.419,10.448
20241115190403.1,2875.18400251865,17.38,22.569,17.166,288.843,10.434,10.448
20241115190403.7,2875.69900676608,17.386,22.385,16.997,291.707,10.417,10.44
20241115190404.2,2876.22700631618,17.372,22.175,16.922,294.934,10.413,10.421
20241115190404.7,2876.74200050533,17.358,22.12,16.877,297.821,10.421,10.458
20241115190405.2,2877.26200371981,17.393,22.116,17.039,300.547,10.427,10.444
20241115190405.7,2877.77699790895,17.423,22.077,17.18,303.559,10.409,10.446
20241115190406.2,2878.2890047878,17.443,21.999,17.257,306.33,10.409,10.442
20241115190406.8,2878.81700433791,17.443,21.821,17.16,309.803,10.438,10.44
20241115190407.3,2879.36299815774,17.471,21.607,17.186,313.355,10.417,10.442
20241115190407.9,2879.90999780595,17.496,21.558,16.9,316.945,10.427,10.442
20241115190408.4,2880.43400421739,17.518,21.467,16.657,320.034,10.429,10.444
20241115190408.9,2880.95300160348,17.52,21.459,16.58,322.938,10.434,10.448
20241115190409.4,2881.47300481796,17.51,21.441,16.51,326.304,10.429,10.44
20241115190409.9,2881.99200220406,17.485,21.649,16.494,329.385,10.431,10.454
20241115190410.5,2882.52400495112,17.477,21.833,16.487,332.049,10.436,10.44
20241115190411,2883.05900506675,17.435,22.118,16.471,335.908,10.419,10.44
20241115190411.5,2883.57000611722,17.393,22.171,16.477,339.145,10.409,10.446
20241115190412,2884.08999927342,17.409,22.197,16.431,342.902,10.425,10.427
20241115190412.6,2884.60599929094,17.407,22.347,16.441,347.057,10.425,10.448
20241115190413.2,2885.25800742209,17.378,22.651,16.453,350.343,10.411,10.425
20241115190413.7,2885.77399738133,17.366,22.827,16.429,353.54,10.417,10.438
20241115190414.2,2886.28900162876,17.38,23.009,16.461,358.172,10.423,10.436
20241115190414.8,2886.80500164628,17.399,23.121,16.552,361.091,10.425,10.44
20241115190415.3,2887.31699846685,17.431,23.186,16.619,364.924,10.405,10.462
20241115190415.8,2887.83600591123,17.443,23.18,16.599,367.332,10.421,10.456
20241115190416.3,2888.35200592875,17.449,23.137,16.524,371.535,10.415,10.438
20241115190416.8,2888.88300284743,17.459,23.172,16.447,377.263,10.407,10.442
20241115190417.4,2889.39900286496,17.425,23.258,16.439,380.54,10.423,10.444
20241115190417.9,2889.93400298059,17.443,23.389,16.449,383.904,10.397,10.442
20241115190418.4,2890.44500403106,17.423,23.458,16.485,391.927,10.421,10.44
20241115190418.9,2890.96500724554,17.423,23.407,16.5,395.402,10.407,10.434
20241115190419.4,2891.49600416422,17.427,23.299,16.453,406.57,10.425,10.421
20241115190420,2892.01200418174,17.429,23.166,16.439,411.032,10.415,10.421
20241115190420.5,2892.52400100231,17.443,23.043,16.508,421.15,10.429,10.444
20241115190421,2893.04299838841,17.463,22.894,16.554,427.825,10.409,10.434
20241115190421.5,2893.57400536537,17.473,22.608,16.595,443.844,10.403,10.456
20241115190422,2894.0900053829,17.502,22.588,16.292,453.644,10.401,10.431
20241115190422.6,2894.60999853909,17.455,22.71,16.195,467.872,10.427,10.44
20241115190423.1,2895.12500278652,17.413,22.688,16.197,483.989,10.419,10.436
20241115190423.6,2895.67200243473,17.391,22.547,16.186,506.961,10.438,10.442
20241115190424.1,2896.18800245225,17.386,22.255,16.199,537.27,10.419,10.423
20241115190424.7,2896.70300669968,17.372,22.285,16.209,559.81,10.434,10.431
20241115190425.2,2897.22299985588,17.33,22.553,16.314,593.909,10.413,10.431
20241115190425.7,2897.74200730026,17.34,22.849,16.496,616.283,10.409,10.438
20241115190426.2,2898.28900694847,17.352,23.035,16.574,635.98,10.423,10.425
20241115190426.8,2898.80100376904,17.389,23.043,16.613,658.465,10.405,10.427
20241115190427.3,2899.31700378656,17.413,23.019,16.631,670.387,10.411,10.429
20241115190427.8,2899.83600117266,17.427,22.876,16.485,687.44,10.399,10.454
20241115190428.3,2900.35600438714,17.413,22.727,16.36,699.46,10.411,10.45
20241115190428.8,2900.88700130582,17.384,22.69,16.334,714.738,10.417,10.427
20241115190429.4,2901.40200555325,17.411,22.594,16.292,716.988,10.436,10.427
20241115190429.9,2901.94900520146,17.447,22.555,16.249,743.9,10.413,10.436
20241115190430.4,2902.46500521898,17.437,22.471,16.199,747.536,10.421,10.45
20241115190430.9,2902.97700203955,17.461,22.528,16.124,750.377,10.442,10.446
20241115190431.5,2903.50799895823,17.459,22.716,16.104,757.342,10.409,10.431
20241115190432,2904.03900593519,17.479,22.933,16.209,755.524,10.411,10.434
20241115190432.5,2904.55500595272,17.451,23.166,16.275,750.909,10.419,10.421
20241115190433,2905.07000014186,17.461,23.295,16.34,732.853,10.411,10.431
20241115190433.6,2905.59799969196,17.445,23.325,16.298,743.248,10.395,10.45
20241115190434.1,2906.12900666893,17.451,23.244,16.288,752.789,10.427,10.431
20241115190434.6,2906.64899982512,17.447,23.041,16.294,748.027,10.409,10.427
20241115190435.1,2907.17600360513,17.421,22.823,16.3,765.759,10.395,10.434
20241115190435.6,2907.69500099123,17.445,22.516,16.296,766.671,10.417,10.444
20241115190436.2,2908.20699781179,17.453,22.359,16.279,784.947,10.413,10.444
20241115190436.7,2908.72700102627,17.471,22.402,16.447,787.615,10.417,10.429
20241115190437.2,2909.2420052737,17.485,22.338,16.38,793.774,10.409,10.425
20241115190437.7,2909.76199842989,17.492,22.171,16.368,796.934,10.415,10.423
20241115190438.2,2910.2890022099,17.489,21.978,16.364,809.893,10.413,10.448
20241115190438.8,2910.80500222743,17.524,21.768,16.283,804.421,10.403,10.417
20241115190439.3,2911.32000647485,17.51,21.599,16.344,822.943,10.427,10.421
20241115190439.8,2911.83999963105,17.526,21.643,16.33,815.217,10.427,10.44
20241115190440.3,2912.36000284553,17.496,21.827,16.33,826.85,10.409,10.423
20241115190440.8,2912.87500709295,17.479,21.922,16.253,841.213,10.411,10.419
20241115190441.4,2913.40600401163,17.401,22.021,16.154,35.85,10.411,10.421
20241115190441.9,2913.9180008322,17.361,22.082,16.107,28.5,10.416,10.433
20241115190442.4,2914.43800404668,17.347,22.145,16.08,25.032,10.414,10.429
20241115190442.9,2914.95299823582,17.307,22.104,16.155,22.198,10.42,10.441
20241115190443.4,2915.48099778593,17.294,22.288,16.084,20.125,10.427,10.431
20241115190444,2916.00000523031,17.254,22.521,16.056,18.517,10.418,10.433
20241115190444.5,2916.5199983865,17.278,22.681,16.074,17.282,10.422,10.437
20241115190445,2917.04299896955,17.299,22.666,16.252,16.299,10.404,10.433
20241115190445.5,2917.55500584841,17.284,22.699,16.365,15.557,10.42,10.427
20241115190446,2918.07400323451,17.261,22.802,16.556,14.934,10.411,10.421
20241115190446.6,2918.60200278461,17.255,22.968,16.716,14.445,10.405,10.434
20241115190447.1,2919.11700703204,17.249,23.08,16.813,14.051,10.407,10.423
20241115190447.6,2919.64899972081,17.281,23.064,16.843,13.72,10.409,10.419
20241115190448.1,2920.16400396824,17.289,23.127,16.873,13.473,10.395,10.442
20241115190448.6,2920.68000398576,17.289,22.992,16.912,13.251,10.421,10.419
20241115190449.3,2921.324005723,17.263,23.274,17.144,13.025,10.409,10.415
20241115190449.8,2921.84399887919,17.285,23.472,17.191,12.886,10.411,10.434
20241115190450.3,2922.37500585616,17.306,23.479,17.292,12.762,10.405,10.427
20241115190450.8,2922.89100587368,17.326,23.38,17.122,12.651,10.409,10.442
20241115190451.4,2923.42200279236,17.388,23.037,17.003,12.578,10.405,10.421
20241115190451.9,2923.94200600684,17.395,22.647,16.835,12.508,10.399,10.421
20241115190452.4,2924.46899972856,17.423,22.612,16.714,12.423,10.405,10.434
20241115190452.9,2924.98499974608,17.439,22.518,16.704,12.405,10.389,10.423
20241115190453.5,2925.50400719047,17.492,22.457,16.685,12.348,10.421,10.448
20241115190454,2926.03100091219,17.489,22.412,16.607,12.314,10.401,10.425
20241115190454.5,2926.54299773276,17.475,22.389,16.496,12.28,10.401,10.431
20241115190455,2927.06300094724,17.441,22.342,16.384,12.249,10.407,10.425
20241115190455.5,2927.57800519466,17.437,22.204,16.338,12.245,10.401,10.45
20241115190456,2928.09400521219,17.415,22.257,16.296,12.231,10.425,10.411
20241115190456.6,2928.62500213087,17.415,22.387,16.288,12.213,10.423,10.438
20241115190457.1,2929.14100214839,17.415,22.494,16.263,12.183,10.407,10.448
20241115190457.6,2929.67199906707,17.384,22.645,16.494,12.158,10.407,10.425
20241115190458.1,2930.19200228155,17.366,22.802,16.514,12.136,10.409,10.431
20241115190458.7,2930.70700652897,17.326,22.908,16.483,12.116,10.411,10.444
20241115190459.2,2931.2230065465,17.324,22.935,16.364,12.108,10.399,10.421
20241115190459.7,2931.73800073564,17.29,22.862,16.376,12.079,10.409,10.434
20241115190500.2,2932.25800395012,17.287,22.88,16.435,12.067,10.423,10.444
20241115190500.7,2932.77000077069,17.296,22.933,16.516,12.051,10.413,10.438
20241115190501.3,2933.30500088632,17.287,23,16.544,12.021,10.417,10.438
20241115190501.8,2933.82000513375,17.324,23.111,16.53,12.011,10.413,10.415
20241115190502.3,2934.35199782252,17.35,23.039,16.508,12.003,10.397,10.423
20241115190502.8,2934.87900160253,17.348,22.896,16.534,11.978,10.417,10.438
20241115190503.3,2935.39500162005,17.372,22.853,16.512,11.97,10.413,10.425
20241115190503.9,2935.92200540006,17.391,22.673,16.562,11.968,10.407,10.425
20241115190504.4,2936.44199855626,17.419,22.428,16.548,11.96,10.397,10.413
20241115190504.9,2936.99200563133,17.403,22.1,16.56,11.936,10.421,10.423
20241115190505.5,2937.52000518143,17.395,22.195,16.443,11.942,10.411,10.407
20241115190506,2938.0310062319,17.429,22.222,16.36,11.924,10.421,10.425
20241115190506.5,2938.5509993881,17.439,22.189,16.328,11.928,10.413,10.442
20241115190507,2939.05900307,17.425,22.195,16.29,11.942,10.413,10.454
20241115190507.5,2939.59400318563,17.431,22.163,16.158,11.928,10.403,10.436
20241115190508.1,2940.1060000062,17.413,21.91,16.096,11.962,10.425,10.421
20241115190508.6,2940.6249973923,17.429,21.918,16.12,11.956,10.419,10.438
20241115190509.1,2941.15999750793,17.451,21.835,16.229,11.96,10.413,10.446
20241115190509.6,2941.67599752545,17.457,21.595,16.281,11.979,10.427,10.411
20241115190510.2,2942.20300130546,17.431,21.554,16.33,11.966,10.413,10.415
20241115190510.7,2942.72699765861,17.374,21.558,16.342,11.964,10.413,10.427
20241115190511.2,2943.24200190604,17.314,21.681,16.38,11.983,10.411,10.425
20241115190511.7,2943.7740046531,17.29,21.645,16.259,11.966,10.401,10.401
20241115190512.2,2944.28899884224,17.275,21.649,16.152,11.964,10.419,10.421
20241115190512.8,2944.8200058192,17.211,21.79,16.096,11.966,10.385,10.419
20241115190513.3,2945.33600583673,17.195,21.807,16.106,11.962,10.413,10.417
20241115190513.8,2945.86000218987,17.172,21.762,16.033,11.966,10.405,10.434
20241115190514.3,2946.38700596988,17.17,21.758,15.993,11.972,10.403,10.444
20241115190514.9,2946.91800288856,17.148,21.895,15.96,11.952,10.411,10.45
20241115190515.4,2947.43400290608,17.17,21.948,16.063,11.948,10.405,10.423
20241115190515.9,2947.95300029218,17.17,22.132,16.116,11.938,10.411,10.417
20241115190516.4,2948.46900030971,17.16,22.263,16.142,11.944,10.427,10.427
20241115190517,2949.00000728667,17.138,22.357,16.102,11.928,10.411,10.423
20241115190517.5,2949.51599724591,17.144,22.424,16.35,11.914,10.403,10.436
20241115190518,2950.04700422287,17.17,22.58,16.431,11.92,10.413,10.44
20241115190518.5,2950.57800114155,17.205,22.712,16.419,11.91,10.411,10.436
20241115190519.1,2951.11000388861,17.221,22.821,16.358,11.902,10.401,10.419
20241115190519.6,2951.66000090539,17.245,22.829,16.269,11.92,10.409,10.403
20241115190520.1,2952.17600092292,17.223,22.843,16.217,11.89,10.403,10.423
20241115190520.7,2952.7069978416,17.271,22.71,16.18,11.9,10.397,10.434
20241115190521.2,2953.21900472045,17.292,22.479,16.108,11.896,10.417,10.444
20241115190521.7,2953.73500473797,17.314,22.306,16.009,11.89,10.409,10.431
20241115190522.3,2954.36300374568,17.322,22.069,15.936,11.916,10.407,10.427
20241115190522.8,2954.89500649273,17.265,21.883,15.972,11.918,10.407,10.427
20241115190523.4,2955.40600754321,17.245,21.766,15.928,11.95,10.401,10.431
20241115190523.9,2955.9260006994,17.229,21.758,15.847,11.93,10.413,10.429
20241115190524.4,2956.45300447941,17.191,21.708,15.831,11.968,10.395,10.438
20241115190524.9,2956.96900449693,17.138,21.734,15.831,11.96,10.409,10.429
20241115190525.5,2957.50000141561,17.114,21.908,15.819,11.936,10.391,10.436
20241115190526,2958.02700519562,17.13,21.962,15.91,11.934,10.395,10.411
20241115190526.5,2958.54300521314,17.1,21.946,15.902,11.938,10.399,10.423
20241115190527,2959.07400213182,17.085,22.102,15.869,11.958,10.393,10.425
20241115190527.5,2959.5940053463,17.096,22.199,15.817,11.962,10.413,10.436
20241115190528.1,2960.10600216687,17.106,22.365,15.857,11.968,10.391,10.411
20241115190528.6,2960.62499955297,17.118,22.449,15.869,11.928,10.423,10.425
20241115190529.1,2961.15200333297,17.17,22.578,15.742,11.944,10.395,10.434
20241115190529.6,2961.6680033505,17.166,22.671,15.696,11.942,10.399,10.44
20241115190530.1,2962.18800656497,17.17,22.669,15.746,11.926,10.421,10.403
20241115190530.7,2962.71900348365,17.199,22.692,15.859,11.94,10.419,10.413
20241115190531.2,2963.23500350118,17.229,22.747,15.875,11.924,10.429,10.417
20241115190531.7,2963.74600455165,17.229,22.817,15.855,11.912,10.389,10.427
20241115190532.2,2964.27400410175,17.263,22.906,15.91,11.908,10.383,10.419
20241115190532.7,2964.7889982909,17.253,22.947,16.021,11.896,10.391,10.423
20241115190533.3,2965.30900150537,17.281,22.868,16.124,11.892,10.403,10.405
20241115190533.8,2965.82799889147,17.298,22.655,16.178,11.88,10.411,10.438
20241115190534.3,2966.343998909,17.316,22.451,16.389,11.88,10.391,10.417
20241115190534.8,2966.85600578785,17.348,22.34,16.73,11.869,10.407,10.425
20241115190535.3,2967.37500317395,17.364,22.326,16.718,11.912,10.413,10.436
20241115190535.8,2967.89500638843,17.368,22.449,16.845,11.912,10.413,10.421
20241115190536.4,2968.40599738061,17.384,22.58,16.962,11.924,10.403,10.421
20241115190536.9,2968.9450006932,17.405,22.614,16.801,11.918,10.409,10.411
20241115190537.4,2969.49200034142,17.429,22.802,16.706,11.93,10.391,10.421
20241115190538,2970.00800035894,17.441,22.91,16.619,11.918,10.405,10.419
20241115190538.5,2970.52699774504,17.459,22.539,16.564,11.92,10.395,10.425
20241115190539,2971.05100415647,17.485,22.009,16.574,11.91,10.397,10.44
20241115190539.5,2971.58200107515,17.508,22.055,16.584,11.894,10.413,10.423
20241115190540.1,2972.11299799383,17.542,21.726,16.595,11.896,10.399,10.421
20241115190540.6,2972.62500487268,17.542,21.601,16.663,11.89,10.401,10.423
20241115190541.1,2973.14499802887,17.582,21.617,16.584,11.898,10.403,10.452
20241115190541.6,2973.6600022763,17.574,21.556,16.52,11.92,10.405,10.413
20241115190542.1,2974.18399862945,17.564,21.689,16.5,11.922,10.419,10.438
20241115190542.7,2974.7069992125,17.548,21.554,16.5,11.906,10.391,10.434
20241115190543.2,2975.22299923003,17.564,21.405,16.496,11.918,10.403,10.423
20241115190543.7,2975.73800347745,17.56,21.584,16.35,11.926,10.411,10.419
20241115190544.2,2976.25800669193,17.548,21.518,16.36,11.92,10.403,10.427
20241115190544.7,2976.77400670946,17.471,21.562,16.215,11.936,10.407,10.419
20241115190545.2,2977.29300409555,17.421,21.611,16.029,11.926,10.393,10.436
20241115190545.8,2977.81300731003,17.393,21.696,16.029,11.944,10.409,10.429
20241115190546.3,2978.34400422871,17.34,21.693,16.057,11.95,10.395,10.417
20241115190546.8,2978.86000424623,17.29,21.554,16.063,11.942,10.403,10.419
20241115190547.3,2979.39100116491,17.251,21.607,16.112,11.976,10.401,10.431
20241115190547.9,2979.90999855101,17.253,21.685,16.035,11.96,10.393,10.436
20241115190548.4,2980.43000176549,17.237,21.722,16.005,11.97,10.403,10.417
20241115190548.9,2980.95300234854,17.237,21.833,15.948,11.956,10.403,10.419
20241115190549.4,2981.48800246418,17.249,21.999,15.987,11.962,10.387,10.436
20241115190550,2982.02000521123,17.247,22.157,16.017,11.95,10.401,10.417
20241115190550.5,2982.53900259733,17.237,22.277,16.061,11.942,10.397,10.436
20241115190551.1,2983.18400010467,17.247,22.426,16.146,11.934,10.393,10.423
20241115190551.7,2983.71500708163,17.263,22.488,16.288,11.92,10.397,10.413
20241115190552.2,2984.23500023782,17.263,22.596,16.382,11.91,10.415,10.427
20241115190552.7,2984.76600721478,17.296,22.569,16.423,11.892,10.395,10.417
20241115190553.2,2985.29300093651,17.334,22.387,16.407,11.875,10.387,10.411
20241115190553.8,2985.80900095403,17.348,22.439,16.609,11.892,10.403,10.421
20241115190554.3,2986.33600473404,17.322,22.498,16.635,11.865,10.413,10.429
20241115190554.8,2986.85200475156,17.33,22.614,16.635,11.88,10.417,10.431
20241115190555.3,2987.38300167024,17.32,22.735,16.698,11.843,10.409,10.423
20241115190555.9,2987.91399858892,17.35,22.763,16.675,11.875,10.381,10.421
20241115190556.4,2988.44199813902,17.368,22.696,16.625,11.896,10.407,10.429
20241115190556.9,2988.96499872208,17.366,22.778,16.75,11.894,10.405,10.434
20241115190557.4,2989.4809987396,17.384,22.806,16.938,11.892,10.403,10.431
20241115190558,2990.00800251961,17.37,22.888,16.89,11.888,10.405,10.427
20241115190558.5,2990.53899943829,17.376,22.892,16.722,11.89,10.409,10.413
20241115190559,2991.06699898839,17.38,22.712,16.663,11.867,10.403,10.419
20241115190559.6,2991.59800596535,17.386,22.629,16.621,11.888,10.417,10.45
20241115190600.1,2992.12499968708,17.421,22.518,16.582,11.884,10.417,10.44
20241115190600.6,2992.64500290155,17.431,22.428,16.552,11.875,10.395,10.431
20241115190601.1,2993.15600395203,17.451,22.177,16.51,11.861,10.407,10.436
20241115190601.6,2993.68800669909,17.439,22.116,16.552,11.857,10.429,10.427
20241115190602.2,2994.20700408518,17.459,21.97,16.629,11.877,10.397,10.421
20241115190602.7,2994.73500363529,17.479,22.029,16.7,11.884,10.419,10.425
20241115190603.2,2995.25800421834,17.485,22.387,16.837,11.877,10.401,10.446
20241115190603.7,2995.77400423586,17.504,22.357,16.766,11.886,10.393,10.419
20241115190604.3,2996.3090043515,17.498,22.116,16.829,11.906,10.434,10.429
20241115190604.8,2996.82399854064,17.498,21.96,16.787,11.904,10.393,10.411
20241115190605.3,2997.34400175512,17.508,21.794,16.833,11.9,10.395,10.442
20241115190605.8,2997.8749986738,17.498,21.904,16.831,11.9,10.407,10.44
20241115190606.4,2998.40999878943,17.49,21.99,16.825,11.894,10.415,10.427
20241115190606.9,2998.92599880695,17.471,21.934,16.631,11.861,10.423,10.438
20241115190607.4,2999.45300258696,17.437,21.944,16.512,11.867,10.413,10.415
20241115190607.9,2999.97300580144,17.431,21.958,16.461,11.849,10.423,10.434
20241115190608.4,3000.48799999058,17.451,22.1,16.435,11.859,10.419,10.429
20241115190609,3001.00800320506,17.449,22.316,16.415,11.843,10.423,10.434
20241115190609.5,3001.52000002563,17.469,22.559,16.473,11.849,10.399,10.427
20241115190610,3002.04300060868,17.489,22.598,16.516,11.855,10.409,10.427
20241115190610.5,3002.57399752736,17.494,22.741,16.58,11.884,10.403,10.442
20241115190611,3003.08999754488,17.518,22.955,16.552,11.873,10.409,10.423
20241115190611.6,3003.61700132489,17.546,23.327,16.734,11.875,10.411,10.446
20241115190612.1,3004.145000875,17.558,23.403,16.732,11.873,10.407,10.417
20241115190612.6,3004.67599779367,17.564,23.215,16.665,11.857,10.427,10.429
20241115190613.2,3005.20700477064,17.586,23.231,16.566,11.845,10.417,10.434
20241115190613.7,3005.72300478816,17.588,23.107,16.58,11.849,10.401,10.429
20241115190614.2,3006.2379989773,17.582,22.872,16.566,11.847,10.403,10.421
20241115190614.7,3006.77000172436,17.607,23.039,16.589,11.835,10.409,10.423
20241115190615.3,3007.30099864304,17.623,23.289,16.651,11.837,10.399,10.434
20241115190615.8,3007.81699866056,17.588,23.456,16.738,11.851,10.399,10.415
20241115190616.3,3008.34800563753,17.574,23.62,16.764,11.855,10.401,10.425
20241115190616.8,3008.8790025562,17.556,23.524,16.839,11.886,10.415,10.423
20241115190617.3,3009.39500257373,17.56,23.403,16.968,11.882,10.403,10.419
20241115190617.9,3009.92599949241,17.56,23.137,16.946,11.886,10.409,10.438
20241115190618.4,3010.44199950993,17.55,22.87,16.825,11.873,10.397,10.415
20241115190618.9,3010.96900328994,17.558,22.739,16.69,11.894,10.397,10.434
20241115190619.4,3011.48800067604,17.552,22.551,16.568,11.916,10.405,10.434
20241115190620.1,3012.12500184774,17.576,22.259,16.554,11.912,10.393,10.429
20241115190620.6,3012.64500506222,17.584,22.183,16.534,11.916,10.403,10.417
20241115190621.1,3013.15600611269,17.558,22.187,16.677,11.92,10.417,10.425
20241115190621.6,3013.67599926889,17.586,22.349,16.774,11.922,10.425,10.434
20241115190622.2,3014.2030030489,17.605,22.334,16.855,11.914,10.399,10.429
20241115190622.7,3014.72300626338,17.572,22.236,16.815,11.942,10.411,10.423
20241115190623.2,3015.25400318205,17.53,22.116,16.94,11.936,10.415,10.434
20241115190623.7,3015.78100696206,17.463,22.13,16.758,11.922,10.407,10.44
20241115190624.3,3016.30100011826,17.401,22.025,16.562,11.934,10.397,10.444
20241115190624.8,3016.81300699711,17.338,21.837,16.287,11.954,10.419,10.442
20241115190625.3,3017.34400391579,17.271,21.952,16.12,11.96,10.427,10.427
20241115190625.8,3017.86000393331,17.207,22.017,16.027,11.979,10.423,10.44
20241115190626.3,3018.37900131941,17.178,22.128,15.928,11.948,10.427,10.417
20241115190626.9,3018.91400143504,17.148,22.365,15.877,11.96,10.409,10.438
20241115190627.4,3019.43000145257,17.168,22.53,15.916,11.972,10.417,10.442
20241115190627.9,3019.95700523257,17.197,22.755,16.007,11.94,10.421,10.425
20241115190628.4,3020.47699838877,17.215,22.898,16.164,11.93,10.415,10.431
20241115190629,3021.00800536573,17.271,22.839,16.186,11.922,10.413,10.427
20241115190629.5,3021.52700275183,17.294,22.737,16.138,11.922,10.411,10.44
20241115190630,3022.04300276935,17.314,22.757,16.079,11.902,10.409,10.456
20241115190630.5,3022.55900278687,17.292,22.692,16.104,11.904,10.421,10.431
20241115190631,3023.0740070343,17.306,22.788,16.106,11.892,10.425,10.413
20241115190631.6,3023.61000292003,17.285,22.955,16.094,11.892,10.413,10.438
20241115190632.1,3024.12500716746,17.285,23.131,16.114,11.88,10.425,10.427
20241115190632.6,3024.66000728309,17.287,23.354,16.134,11.878,10.425,10.452
20241115190633.1,3025.18000043929,17.3,23.556,16.255,11.884,10.415,10.434
20241115190633.7,3025.70700421929,17.314,23.83,16.601,11.853,10.417,10.444
20241115190634.2,3026.22700743377,17.336,23.893,16.841,11.863,10.417,10.446
20241115190634.7,3026.73799842596,17.362,23.928,16.96,11.869,10.425,10.429
20241115190635.2,3027.27000117302,17.393,23.871,16.861,11.867,10.413,10.438
20241115190635.8,3027.79700495303,17.421,23.761,16.799,11.865,10.417,10.421
20241115190636.3,3028.32800187171,17.435,23.713,16.738,11.867,10.411,10.434
20241115190636.8,3028.83999869227,17.443,23.626,16.797,11.853,10.411,10.444
20241115190637.3,3029.36000190675,17.465,23.519,16.764,11.865,10.415,10.44
20241115190637.8,3029.87899929285,17.459,23.291,16.879,11.877,10.393,10.458
20241115190638.3,3030.39499931037,17.455,23.16,16.98,11.878,10.401,10.429
20241115190638.9,3030.92600628734,17.429,22.972,16.98,11.867,10.427,10.419
20241115190639.4,3031.44500367343,17.393,22.872,16.809,11.92,10.395,10.429
20241115190639.9,3031.96100369096,17.38,22.696,16.643,11.902,10.401,10.442
20241115190640.4,3032.47700370848,17.393,22.394,16.528,11.91,10.399,10.434
20241115190640.9,3032.99199789762,17.401,22.547,16.498,11.908,10.419,10.436
20241115190641.5,3033.50799791515,17.407,22.58,16.465,11.904,10.415,10.421
20241115190642,3034.03900489211,17.431,22.676,16.435,11.888,10.403,10.417
20241115190642.5,3034.56700444221,17.423,22.913,16.498,11.894,10.395,10.427
20241115190643.1,3035.09800136089,17.401,23.145,16.679,11.884,10.405,10.429
20241115190643.6,3035.62899827957,17.403,23.399,16.627,11.898,10.417,10.431
20241115190644.1,3036.15600205958,17.441,23.544,16.685,11.894,10.419,10.427
20241115190644.6,3036.67600527406,17.421,23.632,16.663,11.878,10.395,10.44
20241115190645.2,3037.20700219274,17.443,23.499,16.609,11.894,10.405,10.417
20241115190645.7,3037.73500174284,17.461,23.354,16.619,11.878,10.405,10.413
20241115190646.2,3038.25399912894,17.469,23.025,16.485,11.867,10.417,10.431
20241115190646.7,3038.77699971199,17.49,22.733,16.342,11.88,10.409,10.442
20241115190647.3,3039.30900245905,17.475,22.761,16.251,11.869,10.423,10.431
20241115190647.8,3039.83999937773,17.461,22.898,16.189,11.894,10.411,10.421
20241115190648.3,3040.36700315773,17.465,22.945,16.191,11.892,10.411,10.421
20241115190648.9,3040.90200327337,17.471,22.886,16.195,11.894,10.399,10.425
20241115190649.4,3041.41800329089,17.431,22.792,16.013,11.926,10.405,10.419
20241115190649.9,3041.94900020957,17.399,22.79,16.13,11.918,10.403,10.423
20241115190650.4,3042.48500615358,17.374,22.731,16.195,11.92,10.419,10.407
20241115190651,3043.01199987531,17.362,22.647,16.172,11.91,10.411,10.429
20241115190651.5,3043.5309972614,17.336,22.655,16.203,11.906,10.423,10.431
20241115190652,3044.05900686979,17.292,22.721,16.257,11.898,10.419,10.436
20241115190652.7,3044.69900541008,17.203,22.835,16.142,11.916,10.401,10.419
20241115190653.2,3045.23099809885,17.197,22.992,16.136,11.902,10.407,10.438
20241115190653.7,3045.74600234628,17.18,23.119,16.138,11.89,10.407,10.427
20241115190654.2,3046.27400189638,17.188,22.866,16.136,11.898,10.415,10.444
20241115190654.7,3046.79299928248,17.219,22.571,16.195,11.904,10.419,10.434
20241115190655.3,3047.32000306249,17.229,22.295,16.338,11.9,10.421,10.423
20241115190655.8,3047.83600308001,17.227,22.095,16.187,11.926,10.401,10.415
20241115190656.3,3048.35200309753,17.199,22.091,16.144,11.9,10.413,10.423
20241115190656.8,3048.87900687754,17.126,22.261,15.94,11.926,10.389,10.427
20241115190657.4,3049.41000379622,17.106,22.208,15.928,11.93,10.405,10.405
20241115190657.9,3049.94200654328,17.09,22.126,15.942,11.926,10.393,10.417
20241115190658.4,3050.47300346196,17.039,22.098,15.888,11.914,10.409,10.438
20241115190659,3051.00000724196,17.021,21.996,15.898,11.922,10.407,10.431
20241115190659.5,3051.53100416064,17.033,21.972,15.892,11.94,10.405,10.425
20241115190700,3052.05100737512,17.029,21.93,15.881,11.938,10.421,10.419
20241115190700.5,3052.5820042938,17.067,22.049,15.787,11.934,10.415,10.438
20241115190701.1,3053.1100038439,17.075,22.081,15.791,11.928,10.413,10.44
20241115190701.6,3053.64100076258,17.096,22.23,15.686,11.928,10.417,10.415
20241115190702.1,3054.1880004108,17.12,22.402,15.702,11.926,10.413,10.44
20241115190702.7,3054.71900738776,17.154,22.383,15.649,11.932,10.407,10.438
20241115190703.2,3055.24600110948,17.205,22.488,15.714,11.932,10.413,10.436
20241115190703.7,3055.77400065958,17.188,22.563,15.706,11.946,10.409,10.44
20241115190704.2,3056.29299804568,17.184,22.592,15.843,11.936,10.407,10.456
20241115190704.8,3056.82000182569,17.211,22.768,15.837,11.908,10.419,10.442
20241115190705.3,3057.35200457275,17.219,22.927,15.685,11.92,10.399,10.425
20241115190705.8,3057.87100195885,17.229,22.547,15.698,11.894,10.403,10.454
20241115190706.4,3058.40600207448,17.235,22.394,15.748,11.886,10.421,10.419
20241115190706.9,3058.93800482154,17.245,22.385,15.843,11.898,10.405,10.446
20241115190707.4,3059.45700220764,17.279,22.265,15.964,11.88,10.409,10.427
20241115190707.9,3059.98500175774,17.328,22.23,16.231,11.884,10.399,10.44
20241115190708.5,3060.51599867642,17.366,22.392,16.233,11.88,10.419,10.434
20241115190709,3061.04700565338,17.386,22.598,16.184,11.884,10.438,10.425
20241115190709.5,3061.58200576901,17.407,22.833,16.017,11.898,10.409,10.44
20241115190710.1,3062.11000531912,17.417,23.092,15.922,11.875,10.413,10.446
20241115190710.6,3062.6410022378,17.388,22.935,15.865,11.89,10.411,10.431
20241115190711.1,3063.1680060178,17.413,22.962,15.851,11.886,10.409,10.44
20241115190711.6,3063.687999174,17.419,22.616,15.843,11.896,10.405,10.429
20241115190712.2,3064.21500295401,17.386,22.637,15.918,11.906,10.411,10.438
20241115190712.7,3064.74599987268,17.364,22.718,15.982,11.896,10.401,10.436
20241115190713.2,3065.27700684965,17.384,22.343,16.041,11.912,10.405,10.436
20241115190713.7,3065.78900367022,17.409,22.326,16.073,11.918,10.409,10.427
20241115190714.3,3066.32000058889,17.417,22.146,16.071,11.926,10.397,10.429
20241115190714.8,3066.85200333595,17.471,22.053,16.122,11.928,10.413,10.438
20241115190715.3,3067.37900711596,17.481,21.974,16.182,11.924,10.413,10.427
20241115190715.9,3067.91000403464,17.504,22.218,16.085,11.93,10.417,10.431
20241115190716.4,3068.4420067817,17.49,22.355,16.051,11.922,10.403,10.423
20241115190716.9,3068.96900050342,17.479,22.389,16.043,11.948,10.409,10.427
20241115190717.4,3069.48799788952,17.475,22.424,16.005,11.94,10.413,10.413
20241115190718,3070.008001104,17.429,22.467,15.999,11.95,10.411,10.431
20241115190718.5,3070.535004884,17.376,22.608,15.987,11.962,10.405,10.444
20241115190719,3071.07000499964,17.368,22.59,16.035,11.954,10.417,10.438
20241115190719.6,3071.59800454974,17.362,22.578,16.138,11.954,10.415,10.431
20241115190720.1,3072.11700193584,17.328,22.549,16.059,11.952,10.401,10.429
20241115190720.6,3072.6490046829,17.326,22.618,16.142,11.968,10.407,10.444
20241115190721.1,3073.18000160158,17.314,22.739,16.193,11.926,10.413,10.436
20241115190721.7,3073.71500171721,17.308,22.9,16.237,11.94,10.397,10.431
20241115190722.2,3074.24599863589,17.34,23.051,16.126,11.944,10.403,10.434
20241115190722.7,3074.76199865341,17.324,23.192,16.043,11.934,10.391,10.423
20241115190723.2,3075.29300563037,17.279,23.403,16.17,11.924,10.405,10.431
20241115190723.8,3075.8199993521,17.259,23.385,16.184,11.938,10.399,10.454
20241115190724.3,3076.35200209916,17.255,23.272,16.104,11.942,10.391,10.421
20241115190724.8,3076.86700634658,17.277,23.199,15.974,11.948,10.405,10.423
20241115190725.4,3077.40200646222,17.279,23.223,15.877,11.928,10.413,10.423
20241115190725.9,3077.94500291348,17.296,23.162,15.77,11.94,10.403,10.423
20241115190726.4,3078.47700566053,17.312,22.872,15.681,11.934,10.411,10.425
20241115190727,3079.00800257921,17.356,22.667,15.764,11.932,10.397,10.425
20241115190727.5,3079.52400259674,17.362,22.631,15.809,11.916,10.423,10.413
20241115190728,3080.05100637674,17.415,22.242,15.778,11.946,10.401,10.431
20241115190728.5,3080.58600649238,17.423,21.898,15.799,11.94,10.391,10.444
20241115190729.1,3081.1020065099,17.455,22.027,15.785,11.932,10.395,10.415
20241115190729.6,3081.63300342858,17.441,22.195,15.809,11.946,10.409,10.436
20241115190730.1,3082.16000720859,17.38,22.179,15.776,11.938,10.401,10.431
20241115190730.6,3082.68000036478,17.316,22.246,15.728,11.942,10.409,10.44
20241115190731.2,3083.20700414479,17.281,22.318,15.643,11.948,10.421,10.436
20241115190731.7,3083.73500369489,17.271,22.385,15.635,11.968,10.395,10.44
20241115190732.2,3084.28100757301,17.231,22.516,15.683,11.946,10.415,10.429
20241115190732.8,3084.81300026178,17.263,22.592,15.702,11.942,10.413,10.442
20241115190733.3,3085.34400723875,17.243,22.629,15.799,11.924,10.401,10.425
20241115190733.8,3085.86300462484,17.235,22.608,15.831,11.954,10.409,10.427
20241115190734.3,3086.39499731362,17.209,22.436,15.752,11.946,10.411,10.423
20241115190734.9,3086.92600429058,17.201,22.655,15.671,11.936,10.401,10.429
20241115190735.4,3087.45700120926,17.233,22.917,15.785,11.924,10.417,10.413
20241115190735.9,3087.98500075936,17.247,23.035,15.926,11.912,10.423,10.436
20241115190736.5,3088.51599767804,17.277,23.133,16.116,11.896,10.407,10.431
20241115190737,3089.02699872851,17.275,23.07,16.251,11.892,10.409,10.434
20241115190737.5,3089.56300467253,17.298,23.26,16.29,11.886,10.411,10.44
20241115190738,3090.07799886167,17.302,23.07,16.237,11.884,10.401,10.44
20241115190738.6,3090.6129989773,17.294,22.825,16.269,11.894,10.421,10.434
20241115190739.1,3091.14500172436,17.34,22.555,16.281,11.898,10.417,10.415
20241115190739.6,3091.67599864304,17.354,22.369,16.255,11.92,10.397,10.44
20241115190740.2,3092.20700562,17.386,22.424,16.257,11.904,10.403,10.423
20241115190740.7,3092.73800253868,17.37,22.549,16.294,11.91,10.403,10.415
20241115190741.2,3093.27000528574,17.389,22.753,16.31,11.908,10.403,10.419
20241115190741.8,3093.80500540137,17.429,22.894,16.332,11.92,10.407,10.436
20241115190742.3,3094.3319991231,17.437,23.109,16.269,11.906,10.438,10.421
20241115190742.8,3094.84799914062,17.453,23.313,16.267,11.91,10.399,10.438
20241115190743.3,3095.37500292063,17.439,23.564,16.249,11.906,10.417,10.434
20241115190743.9,3095.90599983931,17.427,23.777,16.29,11.942,10.413,10.409
20241115190744.4,3096.44200578332,17.439,24.087,16.431,11.948,10.421,10.438
20241115190744.9,3096.973002702,17.413,24.175,16.805,11.922,10.415,10.427
20241115190745.5,3097.50399962068,17.401,24.106,16.9,11.952,10.413,10.45
20241115190746,3098.04700613022,17.395,23.695,16.841,11.97,10.427,10.423
20241115190746.5,3098.56699928641,17.421,23.231,16.708,11.962,10.413,10.429
20241115190747,3099.07800033689,17.439,23.023,16.643,11.96,10.407,10.427
20241115190747.6,3099.59800355136,17.449,22.884,16.675,11.976,10.411,10.436
20241115190748.1,3100.12499727309,17.485,22.537,16.752,11.999,10.421,10.431
20241115190748.6,3100.65999738872,17.498,22.404,16.787,11.999,10.429,10.423
20241115190749.1,3101.17600746453,17.494,22.52,16.799,11.978,10.419,10.421
20241115190749.6,3101.69199742377,17.494,22.588,16.657,11.964,10.399,10.448
20241115190750.2,3102.23100073636,17.469,22.753,16.512,11.96,10.409,10.444
20241115190750.7,3102.75800451636,17.447,22.87,16.445,11.97,10.419,10.454
20241115190751.2,3103.28499823809,17.457,22.992,16.419,11.97,10.415,10.438
20241115190751.8,3103.80099825561,17.401,23.113,16.433,11.95,10.421,10.442
20241115190752.3,3104.32000569999,17.388,22.935,16.391,11.979,10.423,10.456
20241115190752.8,3104.83999885619,17.397,22.815,16.314,11.956,10.421,10.415
20241115190753.3,3105.36000207067,17.388,22.727,16.344,11.962,10.429,10.438
20241115190753.8,3105.89099898934,17.388,22.962,16.415,11.948,10.423,10.448
20241115190754.4,3106.41800276935,17.366,23.162,16.455,11.914,10.413,10.45
20241115190754.9,3106.94500654936,17.399,23.366,16.467,11.918,10.407,10.444
20241115190755.4,3107.49599933624,17.411,23.474,16.467,11.898,10.413,10.429
20241115190756,3108.01199935377,17.449,23.497,16.528,11.89,10.419,10.444
20241115190756.5,3108.54300633073,17.437,23.57,16.665,11.882,10.419,10.436
20241115190757,3109.07400324941,17.441,23.579,16.752,11.875,10.423,10.434
20241115190757.6,3109.60600599647,17.421,23.434,16.829,11.88,10.423,10.425
20241115190758.1,3110.13700291514,17.435,23.462,16.966,11.871,10.427,10.446
20241115190758.6,3110.66799983382,17.457,23.43,17.178,11.884,10.415,10.417
20241115190759.2,3111.19900681078,17.453,23.148,17.069,11.89,10.395,10.442
20241115190759.7,3111.72700636089,17.419,22.792,16.869,11.898,10.405,10.434
20241115190800.2,3112.24200055003,17.395,22.749,16.746,11.912,10.405,10.46
20241115190800.7,3112.78900019825,17.352,23.019,16.698,11.936,10.419,10.427
20241115190801.3,3113.31699974835,17.296,23.139,16.546,11.94,10.409,10.436
20241115190801.8,3113.83200399578,17.279,23.199,16.389,11.94,10.419,10.442
20241115190802.3,3114.36300091445,17.263,23.223,16.235,11.944,10.421,10.448
20241115190802.8,3114.89500366151,17.253,23.264,16.241,11.976,10.399,10.419
20241115190803.4,3115.42199738324,17.277,23.429,16.277,11.976,10.434,10.44
20241115190803.9,3115.9530043602,17.287,23.634,16.312,11.968,10.403,10.415
20241115190804.4,3116.4810039103,17.292,23.844,16.431,11.987,10.423,10.427
20241115190805,3117.01200082898,17.322,23.914,16.405,11.952,10.407,10.438
20241115190805.5,3117.54299774766,17.344,23.691,16.395,11.985,10.399,10.442
20241115190806,3118.07799786329,17.389,23.393,16.492,11.979,10.427,10.44
20241115190806.6,3118.62499751151,17.409,23.244,16.574,11.972,10.397,10.442
20241115190807.1,3119.14099752903,17.427,23.348,16.548,11.983,10.423,10.423
20241115190807.6,3119.68000084162,17.451,23.432,16.589,11.999,10.411,10.456
20241115190808.2,3120.20700462162,17.449,23.464,16.546,11.983,10.411,10.444
20241115190808.7,3120.72300463915,17.469,23.477,16.475,11.974,10.409,10.44
20241115190809.2,3121.25400155783,17.429,23.619,16.487,11.972,10.413,10.436
20241115190809.7,3121.78499847651,17.449,23.724,16.494,11.942,10.431,10.438
20241115190810.3,3122.31700122356,17.431,23.734,16.492,11.952,10.415,10.442
20241115190810.8,3122.83200547099,17.421,23.56,16.346,11.924,10.415,10.423
20241115190811.3,3123.3600050211,17.388,23.536,16.292,11.948,10.417,10.411
20241115190811.8,3123.87900240719,17.397,23.53,16.279,11.958,10.409,10.44
20241115190812.4,3124.39900562167,17.388,23.632,16.395,11.946,10.411,10.44
20241115190812.9,3124.91399981081,17.344,23.714,16.494,11.954,10.415,10.442
20241115190813.4,3125.44500678778,17.33,23.758,16.411,11.95,10.421,10.446
20241115190813.9,3125.98100267351,17.31,23.81,16.326,11.922,10.417,10.444
20241115190814.5,3126.50800645351,17.306,23.773,16.259,11.942,10.415,10.436
20241115190815,3127.03900337219,17.334,23.634,16.104,11.93,10.413,10.425
20241115190815.5,3127.55900658667,17.326,23.595,16.017,11.94,10.409,10.417
20241115190816,3128.08600030839,17.322,23.632,16.005,11.948,10.391,10.444
20241115190816.6,3128.61699722707,17.318,23.652,16.029,11.948,10.389,10.446
20241115190817.1,3129.14500683546,17.306,23.628,16.075,11.942,10.401,10.436
20241115190817.6,3129.69500385225,17.318,23.609,16.18,11.946,10.409,10.411
20241115190818.2,3130.22700659931,17.346,23.583,16.158,11.932,10.405,10.421
20241115190818.7,3130.75800351799,17.368,23.515,16.043,11.95,10.399,10.431
20241115190819.2,3131.29300363362,17.384,23.597,16.207,11.942,10.417,10.427
20241115190819.8,3131.82800374925,17.413,23.648,15.966,11.91,10.438,10.413
20241115190820.3,3132.36000649631,17.423,23.697,15.764,11.908,10.423,10.429
20241115190820.8,3132.89100341499,17.435,23.781,15.801,11.892,10.409,10.434
20241115190821.4,3133.4380030632,17.469,23.713,15.855,11.88,10.407,10.417
20241115190821.9,3133.96899998188,17.494,23.638,16.025,11.904,10.403,10.421
20241115190822.5,3134.50400009751,17.477,23.609,15.936,11.877,10.405,10.411
20241115190823,3135.03500707448,17.514,23.415,16.164,11.871,10.407,10.421
20241115190823.5,3135.56300662458,17.502,23.111,16.158,11.877,10.431,10.442
20241115190824,3136.09400354326,17.512,22.845,16.142,11.849,10.434,10.427
20241115190824.6,3136.62099726498,17.494,22.539,16.073,11.841,10.415,10.448
20241115190825.1,3137.15599738061,17.5,22.345,16.128,11.855,10.427,10.423
20241115190825.6,3137.684006989,17.508,22.494,16.421,11.853,10.429,10.45
20241115190826.2,3138.22700344026,17.51,22.751,16.36,11.865,10.401,10.438
20241115190826.7,3138.74600082636,17.508,22.684,16.451,11.847,10.403,10.421
20241115190827.2,3139.27699774504,17.516,22.543,16.538,11.859,10.407,10.429
20241115190827.8,3139.81300368905,17.546,22.539,16.629,11.871,10.403,10.438
20241115190828.3,3140.34000746906,17.52,22.692,16.659,11.888,10.431,10.45
20241115190828.8,3140.87100438774,17.524,22.904,16.591,11.896,10.413,10.421
20241115190829.3,3141.38700440526,17.473,23.033,16.657,11.888,10.411,10.429
20241115190829.9,3141.93000085652,17.445,23.286,16.831,11.902,10.399,10.423
20241115190830.4,3142.45300143957,17.391,23.487,16.952,11.926,10.405,10.419
20241115190830.9,3142.98500418663,17.388,23.65,16.766,11.93,10.413,10.425
20241115190831.5,3143.51600110531,17.388,23.928,16.694,11.92,10.423,10.413
20241115190832,3144.04300488532,17.399,23.997,16.623,11.9,10.423,10.421
20241115190832.5,3144.57800500095,17.407,24.02,16.542,11.882,10.438,10.448
20241115190833.1,3145.10600455105,17.393,23.995,16.429,11.869,10.427,10.434
20241115190833.6,3145.63700146973,17.395,23.805,16.356,11.875,10.409,10.442
20241115190834.1,3146.16799838841,17.449,23.775,16.403,11.894,10.413,10.44
20241115190834.7,3146.69900536537,17.435,23.838,16.465,11.898,10.417,10.454
20241115190835.2,3147.22700491548,17.445,23.846,16.502,11.873,10.409,10.427
20241115190835.7,3147.77700193226,17.473,23.824,16.494,11.894,10.407,10.431
20241115190836.3,3148.31700101495,17.463,23.797,16.36,11.877,10.425,10.446
20241115190836.8,3148.83200526237,17.485,23.793,16.502,11.878,10.413,10.452
20241115190837.3,3149.36300218105,17.502,23.846,16.483,11.9,10.427,10.438
20241115190837.9,3149.89899806678,17.524,23.777,16.366,11.902,10.421,10.438
20241115190838.4,3150.41800551116,17.526,23.795,16.285,11.908,10.413,10.417
20241115190838.9,3150.9530056268,17.504,23.828,16.209,11.926,10.405,10.434
20241115190839.4,3151.48499831557,17.52,23.799,16.271,11.922,10.425,10.429
20241115190840,3152.01600529253,17.502,23.689,16.496,11.91,10.401,10.425
20241115190840.5,3152.56699807942,17.526,23.74,16.686,11.904,10.429,10.44
20241115190841,3153.09400185943,17.518,23.977,16.839,11.9,10.413,10.442
20241115190841.6,3153.63699831069,17.524,23.875,16.845,11.869,10.427,10.436
20241115190842.1,3154.15999889374,17.542,23.685,16.997,11.89,10.425,10.436
20241115190842.6,3154.69499900937,17.556,23.654,16.92,11.894,10.417,10.442
20241115190843.2,3155.22700175643,17.56,23.722,16.892,11.906,10.413,10.434
20241115190843.7,3155.77699877322,17.572,23.73,16.982,11.912,10.411,10.44
20241115190844.3,3156.30900152028,17.558,23.705,16.809,11.896,10.413,10.438
20241115190844.8,3156.83999843895,17.564,23.462,16.613,11.904,10.429,10.45
20241115190845.3,3157.37100541592,17.572,23.215,16.586,11.906,10.419,10.427
20241115190845.9,3157.90200233459,17.572,23.176,16.643,11.878,10.413,10.429
20241115190846.4,3158.43400508165,17.548,23.164,16.718,11.867,10.415,10.446
20241115190846.9,3158.96500200033,17.492,23.209,16.748,11.855,10.407,10.44
20241115190847.4,3159.49200578034,17.498,23.297,16.671,11.857,10.403,10.434
20241115190848,3160.02700589597,17.479,23.37,16.7,11.853,10.417,10.419
20241115190848.5,3160.55100224912,17.467,23.383,16.492,11.849,10.419,10.446
20241115190849,3161.0819991678,17.449,23.57,16.31,11.841,10.407,10.429
20241115190849.6,3161.61300614476,17.479,23.838,16.18,11.847,10.409,10.431
20241115190850.1,3162.14100569487,17.487,23.805,16.221,11.875,10.429,10.429
20241115190850.6,3162.6760058105,17.518,23.881,16.409,11.902,10.417,10.425
20241115190851.1,3163.19200582802,17.552,23.795,16.358,11.898,10.419,10.446
20241115190851.7,3163.7230027467,17.524,23.611,16.3,11.884,10.425,10.434
20241115190852.2,3164.26200605929,17.514,23.591,16.281,11.894,10.417,10.431
20241115190852.7,3164.78899978101,17.504,23.477,16.387,11.882,10.429,10.448
20241115190853.3,3165.32399989665,17.479,23.286,16.467,11.869,10.427,10.442
20241115190853.8,3165.85199944675,17.477,23.266,16.459,11.878,10.413,10.436
20241115190854.3,3166.37900322676,17.487,23.448,16.457,11.873,10.427,10.427
20241115190854.9,3166.89900644124,17.487,23.595,16.483,11.888,10.417,10.448
20241115190855.4,3167.41400063038,17.492,23.73,16.526,11.892,10.425,10.427
20241115190855.9,3167.93400384486,17.504,23.865,16.582,11.888,10.429,10.427
20241115190856.4,3168.46099756658,17.504,23.783,16.586,11.878,10.421,10.436
20241115190856.9,3168.99599768221,17.54,23.801,16.586,11.9,10.417,10.427
20241115190857.5,3169.52399723232,17.492,23.879,16.649,11.89,10.419,10.446
20241115190858,3170.07400430739,17.494,23.92,16.694,11.867,10.413,10.436
20241115190858.6,3170.61000019312,17.459,23.871,16.686,11.88,10.419,10.454
20241115190859.1,3171.14500030875,17.5,23.777,16.696,11.902,10.438,10.452
20241115190859.6,3171.67600728571,17.508,23.705,16.669,11.91,10.425,10.438
20241115190900.1,3172.19500467181,17.508,23.652,16.659,11.912,10.442,10.44
20241115190900.7,3172.73100055754,17.51,23.55,16.716,11.908,10.403,10.452
20241115190901.2,3173.26199747622,17.554,23.505,16.738,11.914,10.415,10.456
20241115190901.7,3173.79300445318,17.56,23.499,16.615,11.936,10.421,10.458
20241115190902.3,3174.32400137186,17.576,23.464,16.568,11.944,10.423,10.44
20241115190902.8,3174.85600411892,17.578,23.454,16.586,11.966,10.431,10.427
20241115190903.3,3175.3870010376,17.538,23.327,16.597,11.976,10.44,10.456
20241115190903.9,3175.91799795628,17.54,23.195,16.518,11.976,10.417,10.44
20241115190904.4,3176.45299807191,17.532,23.056,16.538,11.995,10.419,10.446
20241115190904.9,3176.98500081897,17.538,23.129,16.498,12.027,10.423,10.429
20241115190905.5,3177.51599773765,17.483,23.16,16.324,12.013,10.419,10.45
20241115190906,3178.03500518203,17.471,23.278,16.358,12.015,10.431,10.46
20241115190906.5,3178.5669978708,17.487,23.438,16.354,12.021,10.427,10.448
20241115190907.1,3179.09800484776,17.504,23.76,16.479,12.009,10.415,10.436
20241115190907.6,3179.62499856949,17.479,23.726,16.566,12.005,10.423,10.448
20241115190908.1,3180.15600554645,17.49,23.814,16.611,12.015,10.438,10.44
20241115190908.6,3180.68400509655,17.506,23.918,16.625,11.997,10.415,10.46
20241115190909.2,3181.21900521219,17.512,24.061,16.663,11.995,10.427,10.452
20241115190909.7,3181.75000213087,17.49,24.128,16.821,11.944,10.419,10.446
20241115190910.2,3182.27700591087,17.498,24.108,16.888,11.95,10.429,10.438
20241115190910.8,3182.80899859965,17.514,23.955,16.72,11.936,10.421,10.472
20241115190911.3,3183.32400284708,17.534,23.926,16.637,11.936,10.421,10.454
20241115190911.8,3183.85999873281,17.548,23.891,16.635,11.922,10.444,10.429
20241115190912.3,3184.38700251281,17.532,23.901,16.7,11.93,10.427,10.452
20241115190912.9,3184.91799943149,17.538,23.756,16.712,11.938,10.429,10.444
20241115190913.4,3185.4450032115,17.54,23.662,16.825,11.942,10.413,10.438
20241115190913.9,3185.97700595856,17.526,23.515,16.948,11.95,10.411,10.429
20241115190914.5,3186.50399968028,17.544,23.291,16.91,11.934,10.409,10.456
20241115190915,3187.0199996978,17.552,23.223,16.936,11.97,10.436,10.444
20241115190915.5,3187.55100667477,17.55,23.156,16.879,11.964,10.411,10.436
20241115190916,3188.07800039649,17.589,23.121,16.926,11.983,10.423,10.434
20241115190916.6,3188.61300051212,17.601,23.166,16.894,11.995,10.425,10.446
20241115190917.1,3189.14100006223,17.591,23.039,16.853,12.009,10.419,10.436
20241115190917.6,3189.67200703919,17.607,23.052,16.837,12.007,10.431,10.472
20241115190918.2,3190.20300395787,17.599,23.045,16.805,12.015,10.44,10.45
20241115190918.7,3190.73500670493,17.605,22.964,16.791,12.001,10.421,10.44
20241115190919.2,3191.26200042665,17.601,22.915,16.77,12.011,10.427,10.442
20241115190919.7,3191.78900420666,17.603,22.812,16.718,11.995,10.44,10.438
20241115190920.3,3192.31700375676,17.593,22.964,16.698,11.987,10.438,10.438
20241115190920.8,3192.84800067544,17.603,22.894,16.784,11.979,10.436,10.448
20241115190921.3,3193.37500445545,17.623,22.694,16.774,11.985,10.434,10.446
20241115190921.9,3193.90600137413,17.564,22.665,16.718,11.974,10.446,10.444
20241115190922.4,3194.43800412118,17.451,22.539,16.52,11.983,10.431,10.452
20241115190922.9,3194.98100057244,17.37,22.543,16.34,11.999,10.448,10.444
20241115190923.5,3195.51200754941,17.249,22.702,16.122,11.983,10.427,10.438
20241115190924,3196.0310049355,17.178,22.845,16.118,12.011,10.45,10.427
20241115190924.5,3196.56700082123,17.128,23.052,16.073,12.003,10.44,10.438
20241115190925.1,3197.09799773991,17.13,23.19,16.166,11.999,10.446,10.438
20241115190925.6,3197.62500151992,17.152,23.311,16.364,11.978,10.419,10.444
20241115190926.1,3198.16000163555,17.164,23.517,16.564,11.978,10.415,10.464
20241115190926.6,3198.69500175118,17.142,23.57,16.582,11.944,10.444,10.442
20241115190927.2,3199.2420013994,17.124,23.56,16.332,11.944,10.421,10.448
20241115190927.7,3199.7700009495,17.116,23.689,16.184,11.966,10.431,10.438
20241115190928.3,3200.30099786818,17.193,23.73,16.13,11.932,10.425,10.446
20241115190928.8,3200.83200484514,17.233,23.785,16.237,11.944,10.427,10.446
20241115190929.3,3201.36300176382,17.237,23.852,16.269,11.934,10.44,10.438
20241115190929.9,3201.90599821508,17.269,23.828,16.294,11.952,10.438,10.46
20241115190930.4,3202.43800096214,17.298,23.703,16.213,11.962,10.425,10.442
20241115190930.9,3202.95699834824,17.304,23.601,16.128,11.942,10.429,10.436
20241115190931.4,3203.4880053252,17.33,23.333,16.178,11.94,10.423,10.425
20241115190932,3204.0160048753,17.338,23.264,16.11,11.958,10.436,10.44
20241115190932.5,3204.55100499094,17.34,23.235,16.015,11.962,10.425,10.448
20241115190933,3205.08200190961,17.395,23.054,16.003,11.981,10.46,10.448
20241115190933.6,3205.61299882829,17.393,23.072,15.94,11.97,10.438,10.446
20241115190934.1,3206.14500157535,17.437,23.084,15.902,11.985,10.431,10.444
20241115190934.6,3206.67599849403,17.443,23.213,15.849,11.995,10.427,10.452
20241115190935.2,3207.20700547099,17.453,23.403,15.813,11.991,10.425,10.446
20241115190935.7,3207.74200558662,17.455,23.513,15.841,11.989,10.448,10.45
20241115190936.2,3208.27000513673,17.489,23.43,15.886,11.999,10.442,10.448
20241115190936.8,3208.80100205541,17.496,23.313,16.213,11.968,10.429,10.427
20241115190937.3,3209.32800583541,17.457,23.662,16.528,11.979,10.417,10.438
20241115190937.8,3209.85999852419,17.419,23.867,16.514,11.979,10.436,10.446
20241115190938.3,3210.39499863982,17.425,23.859,16.508,11.979,10.436,10.434
20241115190938.9,3210.92600561678,17.447,24.087,16.411,11.954,10.444,10.438
20241115190939.4,3211.45700253546,17.439,24.11,16.395,11.97,10.427,10.436
20241115190939.9,3211.9920026511,17.447,24.318,16.534,11.95,10.417,10.464
20241115190940.5,3212.53100596368,17.445,24.514,16.544,11.95,10.427,10.46
20241115190941,3213.05500231683,17.443,24.79,16.542,11.94,10.421,10.436
20241115190941.5,3213.58599923551,17.455,24.633,16.568,11.918,10.425,10.436
20241115190942.1,3214.11700621247,17.489,24.557,16.562,11.902,10.44,10.419
20241115190942.6,3214.64899890125,17.502,24.706,16.671,11.918,10.425,10.431
20241115190943.1,3215.17600268126,17.532,24.749,16.791,11.908,10.425,10.456
20241115190943.7,3215.70699959993,17.556,24.692,16.974,11.894,10.423,10.448
20241115190944.2,3216.2380065769,17.562,24.453,16.96,11.896,10.405,10.436
20241115190944.7,3216.76999926567,17.593,24.286,16.789,11.896,10.405,10.442
20241115190945.3,3217.29700304568,17.595,24.267,16.762,11.894,10.417,10.431
20241115190945.8,3217.82799996436,17.603,23.973,16.673,11.908,10.436,10.434
20241115190946.3,3218.36000271142,17.619,23.74,16.55,11.912,10.431,10.425
20241115190946.8,3218.89099963009,17.619,23.789,16.502,11.9,10.407,10.45
20241115190947.4,3219.4180034101,17.633,23.619,16.55,11.886,10.446,10.44
20241115190947.9,3219.95300352573,17.627,23.534,16.591,11.914,10.427,10.438
20241115190948.4,3220.48500627279,17.633,23.301,16.57,11.904,10.436,10.442
20241115190949,3221.01600319147,17.619,23.323,16.675,11.888,10.438,10.44
20241115190949.5,3221.5510033071,17.633,23.268,16.815,11.908,10.407,10.434
20241115190950,3222.08200022578,17.635,23.346,16.942,11.89,10.436,10.444
20241115190950.6,3222.60600663722,17.643,23.378,16.952,11.908,10.429,10.448
20241115190951.1,3223.14100675285,17.631,23.415,16.892,11.912,10.417,10.466
20241115190951.6,3223.67600686848,17.647,23.589,16.823,11.906,10.421,10.436
20241115190952.2,3224.2230065167,17.625,23.875,16.708,11.894,10.419,10.431
20241115190952.7,3224.75400343537,17.631,23.965,16.403,11.9,10.407,10.429
20241115190953.2,3225.28500035405,17.613,24.075,16.285,11.882,10.419,10.434
20241115190953.8,3225.81700310111,17.613,24.12,16.33,11.873,10.413,10.45
20241115190954.3,3226.34800001979,17.582,24.173,16.427,11.89,10.415,10.442
20241115190954.8,3226.88300013542,17.595,24.543,16.399,11.91,10.411,10.425
20241115190955.4,3227.41400711238,17.599,24.782,16.425,11.914,10.427,10.444
20241115190955.9,3227.94200666249,17.609,24.805,16.364,11.906,10.417,10.442
20241115190956.4,3228.47700677812,17.595,24.845,16.332,11.906,10.429,10.46
20241115190957,3229.0080036968,17.58,24.837,16.401,11.898,10.421,10.429
20241115190957.5,3229.53499741852,17.586,24.516,16.389,11.875,10.421,10.431
20241115190958,3230.08200712502,17.556,24.136,16.437,11.912,10.413,10.431
20241115190958.6,3230.59800714254,17.558,24.114,16.449,11.896,10.417,10.438
20241115190959.1,3231.13300725818,17.574,24.081,16.411,11.894,10.419,10.425
20241115190959.6,3231.6600009799,17.556,24.028,16.374,11.908,10.423,10.442
20241115191000.1,3232.19200372696,17.562,24.063,16.364,11.912,10.419,10.448
20241115191000.7,3232.72700384259,17.562,24.196,16.279,11.932,10.423,10.429
20241115191001.2,3233.25399756432,17.558,24.245,16.205,11.94,10.411,10.45
20241115191001.7,3233.78500454128,17.55,24.3,16.184,11.928,10.431,10.45
20241115191002.3,3234.31700728834,17.568,24.175,16.205,11.928,10.411,10.421
20241115191002.8,3234.85600054264,17.542,24.347,16.306,11.916,10.44,10.431
20241115191003.3,3235.38300432265,17.554,24.486,16.386,11.938,10.415,10.45
20241115191003.9,3235.91400124133,17.542,24.533,16.425,11.914,10.44,10.438
20241115191004.4,3236.44499816,17.572,24.706,16.362,11.938,10.421,10.456
20241115191004.9,3236.97700090706,17.554,24.89,16.273,11.92,10.421,10.438
20241115191005.5,3237.5120010227,17.548,24.952,16.296,11.898,10.431,10.44
20241115191006,3238.0390048027,17.534,24.946,16.328,11.92,10.431,10.427
20241115191006.5,3238.57000172138,17.528,24.882,16.34,11.898,10.427,10.446
20241115191007.1,3239.10599760711,17.52,24.815,16.243,11.892,10.409,10.427
20241115191007.6,3239.63700458407,17.56,24.709,16.263,11.894,10.427,10.431
20241115191008.1,3240.16800150275,17.548,24.57,16.326,11.867,10.446,10.444
20241115191008.7,3240.70300161839,17.544,24.584,16.387,11.863,10.429,10.438
20241115191009.2,3241.24599806964,17.562,24.396,16.445,11.859,10.419,10.434
20241115191009.7,3241.77700504661,17.544,24.343,16.461,11.857,10.421,10.438
20241115191010.3,3242.31300093234,17.566,24.486,16.372,11.865,10.429,10.44
20241115191010.8,3242.84399785101,17.534,24.525,16.451,11.847,10.431,10.444
20241115191011.3,3243.37500482798,17.574,24.4,16.479,11.886,10.436,10.429
20241115191011.9,3243.9019985497,17.558,24.273,16.627,11.886,10.423,10.446
20241115191012.4,3244.44899819791,17.58,24.21,16.619,11.886,10.415,10.436
20241115191012.9,3244.98100094497,17.603,24.169,16.607,11.894,10.411,10.431
20241115191013.5,3245.52700482309,17.593,23.916,16.647,11.898,10.427,10.44
20241115191014,3246.05900757015,17.613,23.836,16.663,11.898,10.417,10.431
20241115191014.5,3246.58600129187,17.589,23.961,16.679,11.886,10.409,10.458
20241115191015.1,3247.1210014075,17.601,24.081,16.657,11.902,10.419,10.456
20241115191015.6,3247.64900095761,17.584,24.173,16.639,11.924,10.423,10.446
20241115191016.1,3248.17999787629,17.586,24.476,16.572,11.93,10.438,10.434
20241115191016.7,3248.71100485325,17.57,24.704,16.564,11.89,10.423,10.446
20241115191017.2,3249.23799857497,17.55,24.8,16.651,11.898,10.425,10.444
20241115191017.7,3249.75800178945,17.556,25.05,16.546,11.871,10.407,10.438
20241115191018.2,3250.28899870813,17.544,25.056,16.439,11.898,10.421,10.45
20241115191018.8,3250.82000568509,17.574,24.905,16.461,11.91,10.423,10.438
20241115191019.3,3251.3480052352,17.548,24.676,16.348,11.886,10.429,10.446
20241115191019.8,3251.87900215387,17.522,24.711,16.174,11.898,10.421,10.438
20241115191020.4,3252.40999907255,17.512,24.858,16.187,11.906,10.397,10.442
20241115191020.9,3252.93799862266,17.516,24.457,16.552,11.902,10.421,10.438
20241115191021.4,3253.46900559962,17.53,23.916,16.823,11.906,10.425,10.444
20241115191022,3254.00400571525,17.534,23.863,16.865,11.91,10.427,10.444
20241115191022.5,3254.53500263393,17.542,23.771,16.896,11.902,10.438,10.442
20241115191023,3255.06700538099,17.554,23.928,17.017,11.922,10.436,10.415
20241115191023.6,3255.59800229967,17.558,23.852,17.029,11.916,10.434,10.452
20241115191024.1,3256.14500194788,17.546,24.196,17.061,11.94,10.421,10.419
20241115191024.6,3256.68000206351,17.518,24.531,16.954,11.924,10.419,10.454
20241115191025.2,3257.23100490868,17.498,24.911,16.892,11.91,10.442,10.456
20241115191025.7,3257.7579986304,17.494,25.193,16.898,11.924,10.419,10.444
20241115191026.3,3258.30100513995,17.518,25.366,16.892,11.908,10.423,10.456
20241115191026.8,3258.83200205863,17.496,25.174,17.079,11.894,10.427,10.458
20241115191027.3,3259.3629989773,17.489,25.095,17.081,11.92,10.401,10.454
20241115191027.9,3259.89900492132,17.504,25.072,17.116,11.916,10.434,10.436
20241115191028.4,3260.44499874115,17.502,24.709,16.962,11.944,10.434,10.436
20241115191028.9,3260.97299829125,17.528,24.406,16.918,11.952,10.419,10.434
20241115191029.5,3261.50400526822,17.53,24.13,16.815,11.962,10.417,10.434
20241115191030,3262.03099898994,17.595,24.061,16.75,11.958,10.421,10.444
20241115191030.5,3262.56700493395,17.582,24.022,16.576,11.952,10.423,10.448
20241115191031,3263.09399865568,17.588,23.91,16.49,11.942,10.427,10.454
20241115191031.6,3263.62899877131,17.591,23.997,16.376,11.928,10.442,10.436
20241115191032.1,3264.15600255132,17.591,23.979,16.764,11.91,10.427,10.454
20241115191032.6,3264.68800529838,17.609,23.716,16.932,11.93,10.429,10.436
20241115191033.2,3265.21900221705,17.56,23.599,16.786,11.928,10.442,10.456
20241115191033.7,3265.74999913573,17.554,23.438,16.827,11.924,10.438,10.454
20241115191034.2,3266.28100611269,17.556,23.338,16.877,11.942,10.429,10.442
20241115191034.8,3266.81299880147,17.534,23.395,16.914,11.934,10.429,10.438
20241115191035.3,3267.35600531101,17.49,23.519,16.944,11.928,10.421,10.462
20241115191035.8,3267.88700222969,17.5,23.83,16.916,11.932,10.431,10.429
20241115191036.4,3268.4340018779,17.494,24.006,16.869,11.942,10.417,10.442
20241115191036.9,3268.96499879658,17.498,24.092,16.867,11.946,10.434,10.434
20241115191037.5,3269.49999891222,17.514,24.329,16.734,11.964,10.429,10.444
20241115191038,3270.03100588918,17.522,24.398,16.641,11.944,10.45,10.442
20241115191038.5,3270.56700177491,17.492,24.159,16.487,11.946,10.431,10.452
20241115191039.1,3271.09799869359,17.481,24.192,16.443,11.958,10.427,10.444
20241115191039.6,3271.62500247359,17.461,23.903,16.457,11.942,10.407,10.448
20241115191040.1,3272.15599939227,17.435,23.869,16.427,11.966,10.421,10.44
20241115191040.7,3272.70299904048,17.411,23.918,16.461,11.974,10.434,10.454
20241115191041.2,3273.23500178754,17.391,23.901,16.578,11.974,10.431,10.446
20241115191041.7,3273.76599870622,17.376,23.993,16.71,11.946,10.429,10.452
20241115191042.3,3274.29700568318,17.37,24.059,16.718,11.956,10.438,10.454
20241115191042.8,3274.82800260186,17.368,24.114,16.641,11.94,10.431,10.438
20241115191043.3,3275.37099905312,17.364,24.179,16.617,11.974,10.423,10.429
20241115191043.9,3275.91799870133,17.378,23.867,16.597,11.956,10.436,10.44
20241115191044.4,3276.4490056783,17.391,23.652,16.675,11.964,10.427,10.429
20241115191044.9,3276.99200212955,17.376,23.544,16.669,11.976,10.421,10.436
20241115191045.5,3277.52400487661,17.401,23.583,16.597,11.974,10.419,10.427
20241115191046,3278.05500179529,17.405,23.472,16.613,11.991,10.423,10.44
20241115191046.5,3278.59000191092,17.451,23.483,16.502,11.983,10.425,10.454
20241115191047.1,3279.1209988296,17.473,23.773,16.477,11.995,10.423,10.442
20241115191047.6,3279.64899837971,17.479,24.057,16.538,11.995,10.429,10.431
20241115191048.1,3280.18399849534,17.494,24.196,16.56,11.972,10.415,10.438
20241115191048.7,3280.7150054723,17.522,24.255,16.655,11.97,10.425,10.438
20241115191049.2,3281.24199919403,17.528,24.296,16.586,11.96,10.425,10.434
20241115191049.7,3281.78899884224,17.544,24.431,16.568,11.976,10.421,10.446
20241115191050.3,3282.3200058192,17.57,24.523,16.574,11.978,10.419,10.44
20241115191050.8,3282.85199850798,17.576,24.392,16.522,11.968,10.423,10.429
20241115191051.3,3283.38699862361,17.546,24.447,16.34,11.972,10.423,10.442
20241115191051.9,3283.95299836993,17.508,24.798,16.203,11.968,10.431,10.438
20241115191052.4,3284.48500111699,17.473,24.876,16.203,11.952,10.427,10.434
20241115191053,3285.02000123262,17.413,24.635,16.14,11.908,10.429,10.419
20241115191053.5,3285.55500134826,17.421,24.169,16.247,11.924,10.425,10.442
20241115191054,3286.07000559568,17.405,23.658,16.308,11.902,10.421,10.427
20241115191054.6,3286.60199828446,17.38,23.282,16.368,11.924,10.429,10.436
20241115191055.1,3287.13300526142,17.35,23.105,16.245,11.924,10.409,10.421
20241115191055.6,3287.65999898314,17.342,23.154,16.132,11.946,10.405,10.425
20241115191056.1,3288.19499909878,17.298,23.397,16.075,11.934,10.413,10.431
20241115191056.7,3288.72299864888,17.273,23.599,16.096,11.95,10.407,10.442
20241115191057.2,3289.25799876451,17.227,23.677,16.023,11.934,10.415,10.431
20241115191057.7,3289.78500254452,17.223,23.671,15.92,11.956,10.423,10.431
20241115191058.3,3290.32000266016,17.225,23.855,16.077,11.944,10.411,10.448
20241115191058.8,3290.84800221026,17.227,24.028,16.271,11.952,10.411,10.442
20241115191059.3,3291.37899912894,17.271,24.214,16.32,11.954,10.423,10.436
20241115191059.9,3291.91399924457,17.269,24.29,16.241,11.97,10.409,10.436
20241115191100.4,3292.4489993602,17.294,24.149,16.055,11.948,10.423,10.421
20241115191100.9,3292.98100210726,17.304,24.091,15.942,11.974,10.417,10.434
20241115191101.5,3293.51199902594,17.302,24.098,15.823,11.97,10.419,10.425
20241115191102,3294.03900280595,17.332,24.21,15.845,11.974,10.419,10.436
20241115191102.5,3294.56700235605,17.346,24.096,15.821,11.972,10.407,10.434
20241115191103,3295.09400613606,17.356,24.036,15.758,11.978,10.434,10.429
20241115191103.6,3295.62500305474,17.37,23.944,15.732,11.976,10.421,10.444
20241115191104.1,3296.16400636733,17.403,23.832,15.748,11.96,10.423,10.464
20241115191104.6,3296.695003286,17.425,23.805,16.108,11.96,10.425,10.44
20241115191105.2,3297.22700603306,17.413,23.93,16.302,11.942,10.427,10.436
20241115191105.7,3297.75399975479,17.376,23.995,16.461,11.95,10.405,10.434
20241115191106.3,3298.30500259995,17.364,24.065,16.667,11.978,10.415,10.429
20241115191106.8,3298.83599951863,17.354,23.979,16.776,11.972,10.417,10.438
20241115191107.3,3299.37099963427,17.372,23.808,16.609,11.954,10.409,10.438
20241115191107.9,3299.9059997499,17.384,23.66,16.576,11.974,10.429,10.423
20241115191108.4,3300.43800249696,17.356,23.385,16.52,11.987,10.409,10.427
20241115191108.9,3300.96899941564,17.308,23.103,16.447,11.983,10.399,10.427
20241115191109.5,3301.5000063926,17.233,23.056,16.294,11.991,10.391,10.429
20241115191110,3302.03500650823,17.174,22.925,16.023,11.997,10.415,10.417
20241115191110.5,3302.57000662386,17.12,22.968,15.928,12.017,10.409,10.436
20241115191111.1,3303.09800617397,17.088,23,15.825,12.017,10.407,10.434
20241115191111.6,3303.63699942827,17.077,23.002,15.748,12.021,10.405,10.429
20241115191112.1,3304.16400320828,17.049,22.911,15.74,12.021,10.403,10.429
20241115191112.6,3304.69500012696,17.019,22.802,15.766,12.031,10.413,10.423
20241115191113.2,3305.23100607097,17.003,22.602,15.829,12.027,10.425,10.45
20241115191113.7,3305.76200298965,16.97,22.434,15.785,12.041,10.413,10.425
20241115191114.2,3306.29299990833,16.97,22.385,15.716,12.047,10.393,10.427
20241115191114.8,3306.81700631976,16.926,22.3,15.556,12.011,10.409,10.452
20241115191115.3,3307.34400004148,16.918,22.326,15.522,12.023,10.417,10.415
20241115191115.8,3307.87100382149,16.934,22.406,15.437,12.037,10.403,10.427
20241115191116.4,3308.42599980533,16.922,22.214,15.419,12.027,10.385,10.427
20241115191116.9,3308.95300358534,16.887,22.263,15.5,12.009,10.413,10.429
20241115191117.4,3309.4850063324,16.877,22.4,15.627,12.019,10.391,10.434
20241115191118,3310.01600325108,16.914,22.512,15.552,12.017,10.405,10.429
20241115191118.5,3310.56700609624,16.952,22.698,15.56,12.021,10.407,10.442
20241115191119.1,3311.10200621188,16.982,23.098,15.631,12.015,10.389,10.446
20241115191119.6,3311.63300313056,17.023,23.43,15.671,12.007,10.397,10.438
20241115191120.1,3312.17599958181,17.029,23.771,15.696,12.017,10.415,10.425
20241115191120.7,3312.70300336182,17.021,24.055,15.57,12.003,10.409,10.429
20241115191121.2,3313.24200667441,17.063,24.21,15.817,12.001,10.401,10.425
20241115191121.7,3313.77000622451,17.094,24.273,16.049,11.985,10.415,10.442
20241115191122.3,3314.30500634015,17.118,24.312,16.174,11.987,10.413,10.425
20241115191122.8,3314.83200006187,17.134,24.094,16.075,11.976,10.397,10.427
20241115191123.3,3315.36300703883,17.132,23.998,16.081,11.966,10.403,10.434
20241115191123.8,3315.89499972761,17.168,23.957,16.142,11.97,10.409,10.425
20241115191124.4,3316.44199937582,17.174,24.075,16.306,11.944,10.409,10.438
20241115191124.9,3316.98500588536,17.182,24.077,16.36,11.962,10.407,10.436
20241115191125.5,3317.520006001,17.209,24.055,16.389,11.964,10.417,10.413
20241115191126,3318.05100291967,17.207,24.122,16.33,11.96,10.407,10.45
20241115191126.5,3318.58199983835,17.197,24.339,16.158,11.944,10.397,10.429
20241115191127.1,3319.11300681531,17.205,24.561,15.997,11.936,10.413,10.442
20241115191127.6,3319.64499950409,17.237,24.819,16.294,11.926,10.411,10.421
20241115191128.1,3320.17600648105,17.231,25.021,16.368,11.904,10.395,10.425
20241115191128.7,3320.71100659668,17.235,25.084,16.352,11.882,10.401,10.45
20241115191129.2,3321.23800031841,17.257,24.999,16.362,11.892,10.389,10.421
20241115191129.7,3321.77000306547,17.285,24.751,16.352,11.877,10.407,10.425
20241115191130.3,3322.30099998415,17.304,24.731,16.296,11.877,10.419,10.436
20241115191130.8,3322.83200696111,17.312,24.897,16.13,11.898,10.393,10.442
20241115191131.3,3323.36000651121,17.342,24.862,16.118,11.89,10.419,10.438
20241115191131.8,3323.89100342989,17.36,24.431,16.104,11.882,10.391,10.411
20241115191132.4,3324.42200034857,17.372,24.161,16.116,11.898,10.409,10.419
20241115191132.9,3324.9570004642,17.36,24.008,16.18,11.884,10.419,10.429
20241115191133.4,3325.48500001431,17.366,24.055,16.199,11.9,10.391,10.415
20241115191134,3326.01600699127,17.358,24.263,16.231,11.924,10.407,10.429
20241115191134.5,3326.56300663948,17.352,24.4,16.34,11.904,10.405,10.417
20241115191135,3327.0900003612,17.364,24.351,16.397,11.926,10.401,10.431
20241115191135.6,3327.62100733817,17.334,24.284,16.53,11.93,10.405,10.411
20241115191136.1,3328.16800698638,17.348,24.167,16.718,11.914,10.411,10.419
20241115191136.7,3328.69900390506,17.354,23.834,17.015,11.928,10.415,10.423
20241115191137.2,3329.24600355327,17.378,23.746,17.13,11.916,10.415,10.431
20241115191137.8,3329.85200509429,17.413,23.783,16.962,11.926,10.419,10.425
20241115191138.3,3330.38700520992,17.419,23.883,16.871,11.91,10.421,10.438
20241115191138.9,3330.92599846423,17.457,23.726,16.772,11.934,10.409,10.431
20241115191139.4,3331.48800507188,17.443,23.342,16.586,11.93,10.407,10.397
20241115191140,3332.02400095761,17.391,23.45,16.294,11.924,10.401,10.421
20241115191140.5,3332.55499787629,17.322,23.434,15.922,11.934,10.419,10.434
20241115191141,3333.08600485325,17.245,23.511,15.738,11.952,10.391,10.417
20241115191141.6,3333.61700177193,17.199,23.43,15.722,11.96,10.421,10.407
20241115191142.1,3334.16400142014,17.197,23.438,15.847,11.976,10.403,10.44
20241115191142.7,3334.69900153577,17.188,23.105,15.833,11.991,10.409,10.425
20241115191143.2,3335.22700108588,17.18,23.291,15.873,11.976,10.421,10.436
20241115191143.7,3335.77400073409,17.16,23.483,15.894,11.985,10.415,10.431
20241115191144.3,3336.32000461221,17.201,23.72,15.932,11.97,10.403,10.448
20241115191144.8,3336.85199730098,17.223,23.93,16.039,11.962,10.417,10.409
20241115191145.3,3337.39500381052,17.259,24.108,16.081,11.97,10.413,10.425
20241115191145.9,3337.9260007292,17.283,24.345,16.138,11.952,10.431,10.442
20241115191146.4,3338.47300037742,17.308,24.467,16.152,11.94,10.401,10.425
20241115191146.9,3338.99600096047,17.36,24.502,16.201,11.938,10.405,10.444
20241115191147.5,3339.54300060868,17.376,24.537,16.231,11.954,10.413,10.438
20241115191148,3340.0900002569,17.423,24.324,16.334,11.958,10.421,10.431
20241115191148.6,3340.62100723386,17.433,24.104,16.223,11.948,10.399,10.419
20241115191149.1,3341.15200415254,17.463,23.944,16.187,11.954,10.413,10.44
20241115191149.6,3341.68800003827,17.477,23.693,16.162,11.952,10.421,10.438
20241115191150.2,3342.21900701523,17.506,23.454,16.106,11.96,10.411,10.411
20241115191150.7,3342.75000393391,17.508,23.305,16.1,11.96,10.431,10.442
20241115191151.2,3343.28900724649,17.506,23.18,16.136,11.956,10.413,10.434
20241115191151.8,3343.83600689471,17.506,23.221,16.122,11.964,10.405,10.436
20241115191152.3,3344.37500014901,17.54,23.295,16.081,11.978,10.413,10.413
20241115191152.9,3344.90200392902,17.548,23.454,16.059,11.96,10.419,10.436
20241115191153.4,3345.44900357723,17.566,23.505,16.067,11.956,10.421,10.421
20241115191153.9,3345.98100632429,17.536,23.387,16.069,11.974,10.401,10.434
20241115191154.5,3346.52400277555,17.574,23.601,16.172,11.946,10.415,10.452
20241115191155,3347.05499969423,17.588,23.736,16.35,11.94,10.401,10.436
20241115191155.5,3347.58600667119,17.593,23.652,16.451,11.946,10.411,10.419
20241115191156.1,3348.1330063194,17.599,23.785,16.542,11.928,10.417,10.44
20241115191156.6,3348.68000596762,17.603,24.085,16.677,11.92,10.436,10.413
20241115191157.2,3349.20699968934,17.599,23.916,16.601,11.906,10.413,10.419
20241115191157.7,3349.7380066663,17.566,23.861,16.587,11.9,10.421,10.431
20241115191158.2,3350.26999935508,17.564,23.946,16.603,11.91,10.429,10.438
20241115191158.8,3350.80100633204,17.564,23.914,16.736,11.886,10.421,10.427
20241115191159.3,3351.33200325072,17.548,23.546,16.627,11.886,10.417,10.427
20241115191159.8,3351.86700336635,17.506,23.924,16.49,11.896,10.44,10.442
20241115191200.4,3352.40600667894,17.479,24.114,16.564,11.914,10.434,10.415
20241115191200.9,3352.93400622904,17.455,24.398,16.69,11.914,10.436,10.434
20241115191201.4,3353.46500314772,17.447,24.508,16.698,11.93,10.421,10.436
20241115191201.9,3353.99200692773,17.419,24.584,16.673,11.938,10.413,10.407
20241115191202.5,3354.53900657594,17.409,24.306,16.492,11.972,10.409,10.444
20241115191203,3355.06700612605,17.374,24.41,16.362,11.96,10.405,10.427
20241115191203.6,3355.59800304472,17.362,24.435,16.249,11.966,10.409,10.436
20241115191204.1,3356.1289999634,17.33,24.523,16.156,11.966,10.413,10.434
20241115191204.6,3356.65600374341,17.29,24.537,16.094,11.978,10.403,10.431
20241115191205.1,3357.18800649047,17.257,24.359,16.061,11.981,10.397,10.434
20241115191205.7,3357.73500613868,17.241,24.306,16.219,11.976,10.415,10.431
20241115191206.2,3358.27000625432,17.223,24.351,16.259,11.983,10.421,10.444
20241115191206.8,3358.80500636995,17.199,24.202,16.322,11.981,10.399,10.438
20241115191207.3,3359.35200601816,17.189,24.292,16.37,11.97,10.411,10.425
20241115191207.8,3359.88700613379,17.152,24.664,16.36,11.972,10.409,10.442
20241115191208.4,3360.41800305247,17.13,25.197,16.342,11.985,10.413,10.427
20241115191208.9,3360.94899997115,17.134,25.614,16.29,11.976,10.417,10.45
20241115191209.4,3361.48100271821,17.176,25.659,16.229,11.972,10.409,10.425
20241115191210,3362.00800649822,17.184,25.744,16.152,11.948,10.415,10.431
20241115191210.5,3362.5390034169,17.221,25.795,16.027,11.95,10.417,10.409
20241115191211,3363.07000033557,17.235,26.033,16.005,11.942,10.407,10.436
20241115191211.6,3363.60600627959,17.279,26.047,15.946,11.964,10.407,10.438
20241115191212.1,3364.14100639522,17.294,25.52,15.966,11.985,10.401,10.429
20241115191212.6,3364.6720033139,17.344,24.87,15.96,11.978,10.436,10.444
20241115191213.2,3365.21499976516,17.372,24.6,15.999,12.003,10.393,10.413
20241115191213.7,3365.7580062747,17.395,24.643,15.968,12.007,10.411,10.431
20241115191214.2,3366.28900319338,17.401,24.48,16.015,12.013,10.415,10.436
20241115191214.8,3366.83199964464,17.437,24.792,16.053,12.013,10.405,10.442
20241115191215.3,3367.3630066216,17.461,24.666,16.081,12.033,10.425,10.415
20241115191215.9,3367.90600307286,17.477,24.49,16.013,12.007,10.436,10.429
20241115191216.4,3368.44199895859,17.475,24.218,15.93,12.021,10.407,10.434
20241115191216.9,3368.97300593555,17.465,24.112,15.892,12.017,10.417,10.421
20241115191217.5,3369.49999965727,17.475,24.141,16.251,12.029,10.427,10.438
20241115191218,3370.04699930549,17.465,24.145,16.465,12.023,10.444,10.425
20241115191218.5,3370.57800628245,17.437,24.02,16.51,12.049,10.419,10.429
20241115191219.1,3371.10999897122,17.433,24.282,16.601,12.023,10.421,10.442
20241115191219.6,3371.63700275123,17.435,24.706,16.635,11.999,10.413,10.431
20241115191220.1,3372.17600606382,17.431,24.271,16.791,12.015,10.415,10.421
20241115191220.7,3372.7070029825,17.429,24.085,16.805,12.001,10.413,10.429
20241115191221.2,3373.2350025326,17.431,23.861,16.683,11.991,10.423,10.44
20241115191221.7,3373.76599945128,17.431,24.045,16.578,11.972,10.411,10.427
20241115191222.3,3374.29700642824,17.425,23.916,16.52,11.954,10.427,10.434
20241115191222.8,3374.82400014997,17.453,23.901,16.532,11.958,10.423,10.427
20241115191223.3,3375.35600289702,17.445,23.975,16.653,11.942,10.409,10.421
20241115191223.8,3375.8869998157,17.459,23.93,16.663,11.952,10.403,10.427
20241115191224.4,3376.41400359571,17.494,24.081,16.607,11.94,10.409,10.434
20241115191224.9,3376.94500051439,17.483,24.175,16.633,11.936,10.409,10.454
20241115191225.4,3377.47700326145,17.518,24.388,16.94,11.918,10.405,10.436
20241115191226,3378.00400704145,17.52,24.602,16.807,11.95,10.419,10.431
20241115191226.5,3378.53900715709,17.55,24.788,16.726,11.916,10.415,10.442
20241115191227,3379.07000407577,17.536,24.935,16.714,11.93,10.399,10.448
20241115191227.6,3379.6059999615,17.558,24.911,16.756,11.886,10.438,10.444
20241115191228.1,3380.13700693846,17.586,24.774,16.746,11.898,10.417,10.431
20241115191228.6,3380.68400658667,17.582,24.745,16.782,11.888,10.415,10.442
20241115191229.2,3381.21100030839,17.607,24.735,16.653,11.896,10.411,10.415
20241115191229.7,3381.76600635052,17.597,24.649,16.576,11.924,10.415,10.429
20241115191230.3,3382.2970032692,17.623,24.67,16.506,11.924,10.405,10.44
20241115191230.8,3382.83999972045,17.613,24.903,16.49,11.948,10.409,10.423
20241115191231.3,3383.37100669742,17.635,25.17,16.524,11.914,10.405,10.429
20241115191231.9,3383.90200361609,17.627,24.942,16.526,11.916,10.411,10.434
20241115191232.4,3384.4300031662,17.625,24.986,16.619,11.92,10.413,10.413
20241115191232.9,3384.96100008488,17.57,25.152,16.847,11.928,10.429,10.419
20241115191233.4,3385.49200706184,17.584,24.803,16.877,11.942,10.421,10.429
20241115191234,3386.02399975061,17.576,24.339,16.786,11.962,10.407,10.434
20241115191234.5,3386.55500672758,17.568,23.979,16.706,11.968,10.421,10.427
20241115191235,3387.08600364625,17.558,24.024,16.722,11.979,10.399,10.427
20241115191235.6,3387.61700056493,17.564,23.977,16.657,11.948,10.405,10.436
20241115191236.1,3388.14900331199,17.532,23.981,16.667,11.974,10.397,10.446
20241115191236.6,3388.69199976325,17.441,23.953,16.685,11.964,10.401,10.434
20241115191237.2,3389.22300674021,17.342,23.84,16.473,11.97,10.423,10.427
20241115191237.7,3389.75400365889,17.251,23.808,16.243,11.981,10.409,10.438
20241115191238.2,3390.28900377452,17.239,23.855,16.138,11.983,10.411,10.438
20241115191238.8,3390.82400389016,17.209,23.791,15.952,11.993,10.405,10.44
20241115191239.3,3391.34800024331,17.178,23.965,15.839,11.985,10.421,10.427
20241115191239.8,3391.88300035894,17.14,24.092,15.801,12.007,10.409,10.419
20241115191240.4,3392.41000413895,17.126,24.185,15.831,12.001,10.403,10.436
20241115191240.9,3392.94200688601,17.124,24.263,15.867,12.011,10.409,10.436
20241115191241.4,3393.47300380468,17.112,24.304,15.888,12.011,10.399,10.448
20241115191242,3394.00800392032,17.118,24.414,15.991,12.015,10.409,10.411
20241115191242.5,3394.55100037158,17.154,24.531,15.995,11.991,10.407,10.419
20241115191243,3395.07800415158,17.152,24.651,16.049,12.007,10.417,10.436
20241115191243.6,3395.61000689864,17.186,24.584,15.985,12.015,10.419,10.427
20241115191244.1,3396.14100381732,17.184,24.484,16.005,12.009,10.419,10.448
20241115191244.6,3396.67600393295,17.203,24.32,15.948,12.011,10.413,10.436
20241115191245.2,3397.20700085163,17.176,24.306,15.916,11.995,10.415,10.45
20241115191245.7,3397.73799777031,17.18,24.306,15.995,11.999,10.411,10.456
20241115191246.2,3398.27000051737,17.176,24.265,16.182,12.013,10.405,10.436
20241115191246.8,3398.805000633,17.203,24.608,16.174,11.979,10.415,10.419
20241115191247.3,3399.33200441301,17.197,24.719,15.946,11.985,10.421,10.446
20241115191247.8,3399.86000396311,17.166,24.784,15.789,11.964,10.436,10.421
20241115191248.4,3400.40599778295,17.16,24.719,15.787,11.968,10.417,10.438
20241115191248.9,3400.93800053,17.186,24.525,15.896,11.991,10.411,10.456
20241115191249.4,3401.46900750697,17.199,24.251,15.976,11.972,10.419,10.442
20241115191250,3402.00399756432,17.203,24.253,16.108,11.978,10.411,10.438
20241115191250.5,3402.52699814737,17.245,24.277,16.043,11.97,10.429,10.429
20241115191251,3403.06300409138,17.31,24.326,16.166,11.964,10.413,10.429
20241115191251.6,3403.60600054264,17.31,24.441,16.419,11.958,10.413,10.421
20241115191252.1,3404.1370075196,17.322,24.725,16.439,11.946,10.413,10.423
20241115191252.6,3404.66800443828,17.332,24.831,16.506,11.932,10.425,10.419
20241115191253.2,3405.19900135696,17.354,24.335,16.809,11.938,10.405,10.45
20241115191253.7,3405.73100410402,17.374,24.171,16.93,11.904,10.411,10.436
20241115191254.2,3406.25799782574,17.395,24.224,16.936,11.912,10.405,10.429
20241115191254.7,3406.7890048027,17.407,24.102,16.989,11.94,10.423,10.442
20241115191255.3,3407.32400491834,17.431,24.036,16.958,11.918,10.399,10.444
20241115191255.8,3407.86000080407,17.445,23.879,16.819,11.922,10.421,10.409
20241115191256.3,3408.3950009197,17.453,23.763,16.894,11.952,10.413,10.44
20241115191256.9,3408.92599783838,17.459,23.752,16.746,11.946,10.409,10.431
20241115191257.4,3409.46900434792,17.415,23.801,16.918,11.954,10.425,10.427
20241115191257.9,3409.99599806964,17.388,23.865,16.827,11.958,10.415,10.423
20241115191258.5,3410.53099818528,17.368,23.83,16.651,11.962,10.415,10.429
20241115191259,3411.06300093234,17.346,23.869,16.621,11.962,10.405,10.407
20241115191259.5,3411.59000471234,17.3,24.045,16.429,11.972,10.405,10.429
20241115191300.1,3412.12100163102,17.253,24.083,16.439,11.958,10.425,10.431
20241115191300.6,3412.65600174665,17.253,24.138,16.405,11.96,10.417,10.419
20241115191301.2,3413.20300139487,17.251,24.126,16.364,11.978,10.409,10.423
20241115191301.7,3413.73100094497,17.223,24.106,16.403,11.987,10.407,10.429
20241115191302.2,3414.26600106061,17.207,24.063,16.395,11.979,10.419,10.419
20241115191302.7,3414.79300484061,17.199,24.138,16.401,11.983,10.399,10.44
20241115191303.3,3415.31999856234,17.227,24.263,16.403,11.983,10.423,10.419
20241115191303.8,3415.85600450635,17.263,24.492,16.372,11.995,10.393,10.425
20241115191304.3,3416.38299822807,17.275,24.749,16.314,11.983,10.423,10.419
20241115191304.9,3416.91400520504,17.308,24.839,16.312,11.966,10.415,10.429
20241115191305.4,3417.44200475514,17.334,24.815,16.227,11.962,10.425,10.413
20241115191305.9,3417.97300167382,17.368,24.805,16.207,11.934,10.397,10.434
20241115191306.5,3418.5039985925,17.364,24.839,16.037,11.924,10.419,10.442
20241115191307,3419.03500556946,17.37,24.894,16.031,11.936,10.421,10.438
20241115191307.5,3419.57000568509,17.405,24.85,16.09,11.956,10.419,10.429
20241115191308.1,3420.11300213635,17.425,24.88,16.061,11.916,10.423,10.419
20241115191308.6,3420.64899802208,17.433,24.888,16.065,11.95,10.425,10.438
20241115191309.1,3421.17600180209,17.437,24.892,16.083,11.944,10.427,10.436
20241115191309.7,3421.71899825335,17.485,24.737,16.144,11.944,10.417,10.425
20241115191310.2,3422.25000523031,17.469,24.946,16.195,11.914,10.413,10.423
20241115191310.7,3422.78100214899,17.51,25.283,16.17,11.898,10.423,10.425
20241115191311.3,3423.31300489604,17.514,25.699,16.116,11.916,10.429,10.434
20241115191311.8,3423.84400181472,17.536,25.708,16.11,11.904,10.425,10.425
20241115191312.3,3424.3749987334,17.542,25.761,16.122,11.896,10.431,10.429
20241115191312.9,3424.90999884903,17.552,26.462,16.122,11.914,10.421,10.436
20241115191313.4,3425.44200159609,17.504,26.605,16.227,11.93,10.411,10.436
20241115191313.9,3425.97299851477,17.453,26.874,16.31,11.932,10.417,10.429
20241115191314.5,3426.5079986304,17.409,27.001,16.457,11.93,10.434,10.423
20241115191315,3427.03500241041,17.35,26.936,16.52,11.942,10.434,10.421
20241115191315.5,3427.574005723,17.332,26.57,16.544,11.938,10.411,10.44
20241115191316.1,3428.10599841177,17.3,25.871,16.554,11.942,10.413,10.431
20241115191316.6,3428.64099852741,17.308,25.606,16.554,11.942,10.421,10.444
20241115191317.1,3429.18400503695,17.32,25.293,16.467,11.92,10.427,10.431
20241115191317.7,3429.71500195563,17.296,25.616,16.439,11.94,10.423,10.419
20241115191318.2,3430.25000207126,17.3,25.638,16.481,11.924,10.419,10.434
20241115191318.7,3430.78500218689,17.294,25.136,16.534,11.942,10.421,10.429
20241115191319.3,3431.31700493395,17.29,24.794,16.58,11.952,10.409,10.421
20241115191319.8,3431.86700195074,17.275,24.948,16.609,11.966,10.419,10.434
20241115191320.4,3432.409998402,17.302,25.309,16.613,11.999,10.413,10.434
20241115191320.9,3432.95699805021,17.308,25.818,16.637,11.979,10.403,10.448
20241115191321.4,3433.49199816585,17.304,26.049,16.696,11.964,10.411,10.421
20241115191322,3434.0240009129,17.37,25.755,16.732,11.938,10.429,10.446
20241115191322.5,3434.55499783158,17.372,25.644,16.681,11.962,10.417,10.423
20241115191323,3435.08600480855,17.399,25.501,16.627,11.972,10.399,10.423
20241115191323.6,3435.61700172722,17.395,25.44,16.532,11.972,10.417,10.44
20241115191324.1,3436.14500127733,17.429,25.432,16.423,11.985,10.454,10.425
20241115191324.6,3436.68000139296,17.403,25.458,16.409,11.972,10.425,10.44
20241115191325.2,3437.21099831164,17.38,25.526,16.397,11.954,10.409,10.438
20241115191325.7,3437.7420052886,17.362,25.704,16.413,11.956,10.427,10.419
20241115191326.2,3438.27399797738,17.368,25.742,16.506,11.962,10.421,10.438
20241115191326.8,3438.80500495434,17.384,25.516,16.629,11.96,10.427,10.448
20241115191327.3,3439.33600187302,17.366,25.366,16.815,11.938,10.413,10.419
20241115191327.8,3439.88300152123,17.352,25.168,16.954,11.942,10.413,10.436
20241115191328.4,3440.41000530124,17.326,25.211,16.881,11.926,10.401,10.425
20241115191328.9,3440.94199799001,17.287,25.287,16.883,11.918,10.411,10.44
20241115191329.4,3441.47300496697,17.255,25.463,16.784,11.94,10.429,10.448
20241115191330,3442.00800508261,17.298,25.61,16.688,11.92,10.415,10.436
20241115191330.5,3442.53499880433,17.302,25.634,16.821,11.92,10.417,10.423
20241115191331,3443.07800531387,17.318,25.569,16.98,11.942,10.427,10.44
20241115191331.6,3443.61699856818,17.318,25.646,17.061,11.956,10.429,10.438
20241115191332.1,3444.16000507772,17.334,25.916,17.292,11.974,10.423,10.431
20241115191332.6,3444.69500519335,17.316,26.276,17.485,11.932,10.444,10.456
20241115191333.2,3445.22699788213,17.322,26.057,17.427,11.966,10.413,10.452
20241115191333.7,3445.76600119472,17.342,25.894,17.322,11.956,10.427,10.44
20241115191334.2,3446.29300497472,17.356,25.939,17.176,11.972,10.413,10.438
20241115191334.8,3446.8240018934,17.378,25.877,17.083,11.981,10.411,10.448
20241115191335.3,3447.35600464046,17.389,25.706,17.011,11.964,10.421,10.427
20241115191335.9,3447.90199846029,17.405,25.397,16.799,11.942,10.415,10.429
20241115191336.4,3448.44899810851,17.411,25.166,16.778,11.956,10.436,10.456
20241115191336.9,3448.97699765861,17.433,24.96,16.74,11.964,10.431,10.446
20241115191337.5,3449.52400736511,17.441,24.866,16.655,11.978,10.431,10.415
20241115191338,3450.06700381637,17.419,24.849,16.546,11.978,10.411,10.434
20241115191338.6,3450.59800073504,17.433,24.727,16.526,11.972,10.403,10.425
20241115191339.1,3451.13300085068,17.445,24.496,16.512,11.989,10.423,10.454
20241115191339.6,3451.67599730194,17.469,24.533,16.443,11.981,10.431,10.442
20241115191340.2,3452.2070042789,17.399,24.451,16.312,12.007,10.415,10.434
20241115191340.7,3452.73800119758,17.382,24.194,16.32,11.989,10.415,10.427
20241115191341.3,3453.29700037837,17.35,24.161,16.391,12.009,10.431,10.403
20241115191341.8,3453.84800322354,17.326,24.353,16.38,12.021,10.425,10.444
20241115191342.3,3454.3909996748,17.308,24.394,16.352,12.037,10.434,10.419
20241115191342.9,3454.93799932301,17.32,24.329,16.292,12.065,10.397,10.446
20241115191343.4,3455.46900629997,17.294,24.378,16.429,12.071,10.411,10.425
20241115191344,3456.00000321865,17.281,24.598,16.429,12.033,10.421,10.44
20241115191344.5,3456.55900239944,17.308,24.5,16.322,12.045,10.411,10.425
20241115191345.5,3457.57800713181,17.3,24.694,16.243,11.999,10.409,10.442
20241115191346.8,3458.8360067457,17.338,24.886,16.36,11.952,10.425,10.444
20241115191347.6,3459.64899770916,17.338,24.565,16.447,11.95,10.429,10.446
20241115191348.1,3460.18000468612,17.312,24.416,16.376,11.928,10.442,10.417
20241115191349,3461.03100590408,17.298,24.617,16.69,11.946,10.425,10.429
