20241115144158.1,0,12.652,12.634,12.762,12.644,10.332,10.304
20241115144158.9,0.823994725942612,12.659,12.63,12.719,12.634,10.344,10.324
20241115144200,1.92600041627884,12.642,12.644,12.725,12.642,10.342,10.304
20241115144200.7,2.59400121867657,12.661,12.632,12.723,12.638,10.354,10.32
20241115144201.2,3.06599624454975,12.622,12.626,12.723,12.646,10.322,10.292
20241115144201.7,3.59399579465389,12.652,12.622,12.723,12.628,10.342,10.3
20241115144202.1,4.05099391937256,12.642,12.618,12.739,12.645,10.342,10.308
20241115144202.6,4.47999984025955,12.638,12.614,12.725,12.622,10.34,10.3
20241115144203,4.91799786686897,12.653,12.624,12.727,12.634,10.324,10.3
20241115144203.4,5.35500012338161,12.645,12.618,12.731,12.628,10.334,10.312
20241115144203.9,5.80099448561668,12.632,12.628,12.721,12.638,10.332,10.294
20241115144204.3,6.23799674212933,12.661,12.618,12.758,12.65,10.334,10.318
20241115144204.8,6.67599476873875,12.657,12.626,12.737,12.636,10.328,10.298
20241115144205.2,7.11299702525139,12.632,12.636,12.743,12.638,10.33,10.292
20241115144205.6,7.55499824881554,12.636,12.626,12.737,12.667,10.326,10.286
20241115144206.1,7.99200050532818,12.641,12.622,12.748,12.634,10.338,10.302
20241115144206.5,8.42599533498287,12.655,12.62,12.746,12.673,10.328,10.29
20241115144206.9,8.86299759149551,12.651,12.62,12.748,12.651,10.34,10.294
20241115144207.4,9.30099561810493,12.64,12.614,12.744,12.64,10.334,10.298
20241115144207.8,9.7420010715723,12.647,12.62,12.727,12.659,10.326,10.286
20241115144208.3,10.1839922368526,12.636,12.616,12.723,12.667,10.326,10.292
20241115144208.7,10.6329940259457,12.647,12.638,12.741,12.657,10.32,10.306
20241115144209.2,11.0939953476191,12.663,12.643,12.709,12.651,10.318,10.296
20241115144209.6,11.5429971367121,12.634,12.614,12.733,12.632,10.334,10.298
20241115144210.1,11.9919989258051,12.649,12.624,12.729,12.645,10.328,10.3
20241115144210.5,12.4299969524145,12.649,12.608,12.719,12.632,10.324,10.294
20241115144210.9,12.8629960119724,12.649,12.612,12.733,12.63,10.332,10.298
20241115144211.4,13.3119978010654,12.636,12.616,12.733,12.641,10.33,10.296
20241115144211.8,13.7539990246296,12.634,12.616,12.717,12.638,10.34,10.302
20241115144212.3,14.2030008137226,12.638,12.628,12.717,12.64,10.32,10.316
20241115144212.7,14.640998840332,12.632,12.624,12.746,12.622,10.336,10.296
20241115144213.2,15.0780010968447,12.647,12.622,12.727,12.645,10.338,10.292
20241115144213.6,15.5159991234541,12.636,12.612,12.727,12.62,10.34,10.284
20241115144214,15.948998183012,12.638,12.63,12.737,12.638,10.334,10.306
20241115144214.5,16.4019931107759,12.647,12.624,12.721,12.643,10.338,10.302
20241115144214.9,16.8359979987144,12.624,12.628,12.729,12.645,10.32,10.298
20241115144215.4,17.2889929264784,12.624,12.614,12.735,12.618,10.33,10.3
20241115144215.8,17.7270010113716,12.626,12.616,12.733,12.634,10.33,10.306
20241115144216.3,18.1639932096004,12.622,12.628,12.715,12.647,10.328,10.284
20241115144216.7,18.5979980975389,12.651,12.612,12.719,12.62,10.346,10.298
20241115144217.1,19.0350003540516,12.628,12.616,12.725,12.63,10.32,10.288
20241115144217.6,19.4770015776157,12.64,12.608,12.737,12.632,10.342,10.298
20241115144218,19.9139937758446,12.663,12.61,12.737,12.628,10.324,10.316
20241115144218.4,20.3549992293119,12.653,12.596,12.735,12.624,10.338,10.292
20241115144218.9,20.8049967885017,12.628,12.63,12.705,12.643,10.328,10.312
20241115144219.3,21.2419990450144,12.636,12.602,12.713,12.634,10.32,10.302
20241115144219.8,21.6840002685785,12.653,12.624,12.737,12.638,10.338,10.306
20241115144220.2,22.1169993281364,12.651,12.634,12.711,12.64,10.336,10.3
20241115144220.6,22.5549973547459,12.657,12.606,12.721,12.636,10.324,10.294
20241115144221.1,23.0039991438389,12.634,12.624,12.721,12.63,10.338,10.302
20241115144221.5,23.4410014003515,12.657,12.616,12.725,12.64,10.314,10.296
20241115144222,23.8829925656319,12.651,12.62,12.721,12.643,10.322,10.288
20241115144222.4,24.3160016834736,12.655,12.61,12.723,12.645,10.33,10.279
20241115144222.9,24.7659992426634,12.649,12.602,12.711,12.64,10.318,10.29
20241115144223.3,25.2069946378469,12.655,12.604,12.707,12.647,10.324,10.302
20241115144223.7,25.6439968943596,12.641,12.62,12.707,12.636,10.318,10.312
20241115144224.2,26.0859981179237,12.643,12.614,12.715,12.62,10.326,10.318
20241115144224.6,26.5230003744364,12.651,12.606,12.701,12.62,10.324,10.294
20241115144225,26.9609984010458,12.628,12.61,12.731,12.632,10.342,10.296
20241115144225.5,27.3939974606037,12.626,12.594,12.711,12.632,10.318,10.308
20241115144225.9,27.8319954872131,12.638,12.602,12.711,12.622,10.332,10.296
20241115144226.4,28.2689977437258,12.64,12.588,12.717,12.634,10.338,10.288
20241115144226.8,28.7069957703352,12.653,12.604,12.719,12.628,10.316,10.302
20241115144227.2,29.1559975594282,12.645,12.6,12.707,12.63,10.328,10.296
20241115144227.7,29.5939955860376,12.634,12.604,12.701,12.647,10.306,10.281
20241115144228.1,30.0309978425503,12.636,12.596,12.711,12.624,10.316,10.302
20241115144228.6,30.4689958691597,12.63,12.596,12.713,12.618,10.31,10.31
20241115144229,30.9100013226271,12.64,12.592,12.705,12.628,10.332,10.306
20241115144229.4,31.3519924879074,12.64,12.596,12.703,12.616,10.314,10.298
20241115144229.9,31.7889947444201,12.638,12.6,12.701,12.624,10.324,10.296
20241115144230.3,32.2300001978874,12.634,12.588,12.709,12.638,10.316,10.292
20241115144230.8,32.6679982244968,12.653,12.582,12.697,12.618,10.328,10.304
20241115144231.2,33.1050004810095,12.624,12.614,12.715,12.641,10.324,10.306
20241115144231.6,33.5389953106642,12.643,12.606,12.709,12.63,10.324,10.318
20241115144232.1,33.9920002967119,12.661,12.6,12.725,12.62,10.314,10.304
20241115144232.5,34.4259951263666,12.641,12.586,12.715,12.624,10.308,10.31
20241115144233,34.8790001124144,12.638,12.598,12.719,12.651,10.328,10.312
20241115144233.4,35.3159923106432,12.622,12.584,12.705,12.628,10.318,10.302
20241115144233.8,35.7579935342073,12.641,12.596,12.717,12.624,10.33,10.29
20241115144234.3,36.1909925937653,12.645,12.6,12.707,12.618,10.334,10.298
20241115144234.7,36.6290006786585,12.638,12.58,12.699,12.634,10.332,10.273
20241115144235.2,37.0779924094677,12.636,12.57,12.719,12.626,10.314,10.288
20241115144235.6,37.5309973955154,12.632,12.592,12.703,12.624,10.322,10.277
20241115144236.1,37.9689954221249,12.632,12.592,12.719,12.604,10.33,10.294
20241115144236.5,38.4220004081726,12.624,12.594,12.721,12.634,10.33,10.288
20241115144236.9,38.8589926064014,12.634,12.606,12.703,12.638,10.316,10.298
20241115144237.4,39.2970006912947,12.622,12.6,12.717,12.645,10.318,10.279
20241115144237.8,39.7339928895235,12.63,12.606,12.695,12.616,10.318,10.29
20241115144238.3,40.1720009744167,12.608,12.61,12.691,12.628,10.304,10.292
20241115144238.7,40.6089931726456,12.614,12.614,12.719,12.62,10.314,10.279
20241115144239.1,41.0470012575388,12.65,12.616,12.727,12.634,10.346,10.31
20241115144239.6,41.4839934557676,12.653,12.618,12.741,12.652,10.31,10.3
20241115144240,41.9369984418154,12.64,12.61,12.737,12.644,10.312,10.324
20241115144240.5,42.3869960010052,12.626,12.61,12.719,12.632,10.332,10.31
20241115144240.9,42.8239982575178,12.646,12.62,12.717,12.644,10.33,10.296
20241115144241.4,43.2730000466108,12.634,12.604,12.711,12.64,10.326,10.296
20241115144241.8,43.715001270175,12.646,12.606,12.721,12.655,10.316,10.292
20241115144242.3,44.1719993948936,12.642,12.622,12.717,12.65,10.344,10.32
20241115144242.7,44.6249943226576,12.638,12.624,12.731,12.64,10.336,10.3
20241115144243.2,45.065999776125,12.658,12.626,12.733,12.652,10.346,10.308
20241115144243.6,45.5039978027344,12.634,12.624,12.751,12.652,10.342,10.3
20241115144244,45.9529995918274,12.652,12.628,12.725,12.664,10.342,10.298
20241115144244.5,46.393994987011,12.646,12.62,12.729,12.652,10.326,10.302
20241115144244.9,46.8359962105751,12.646,12.608,12.721,12.644,10.316,10.316
20241115144245.4,47.268995270133,12.638,12.622,12.735,12.646,10.344,10.292
20241115144245.8,47.7109964936972,12.642,12.612,12.729,12.632,10.344,10.312
20241115144246.2,48.1479987502098,12.626,12.614,12.731,12.632,10.33,10.322
20241115144246.7,48.5859967768192,12.642,12.612,12.737,12.64,10.344,10.32
20241115144247.1,49.0189958363771,12.634,12.602,12.725,12.656,10.328,10.32
20241115144247.6,49.4729965925217,12.652,12.606,12.711,12.644,10.318,10.294
20241115144248,49.9219983816147,12.641,12.615,12.746,12.655,10.341,10.309
20241115144248.5,50.3749933093786,12.631,12.641,12.758,12.629,10.339,10.305
20241115144248.9,50.8239950984716,12.639,12.647,12.728,12.639,10.337,10.309
20241115144249.4,51.2809932231903,12.665,12.621,12.746,12.641,10.321,10.321
20241115144249.8,51.7269976437092,12.633,12.633,12.732,12.657,10.329,10.307
20241115144250.3,52.1679930388927,12.655,12.613,12.73,12.659,10.337,10.299
20241115144250.7,52.6049952954054,12.661,12.635,12.73,12.661,10.341,10.317
20241115144251.1,53.0549928545952,12.639,12.615,12.748,12.649,10.321,10.311
20241115144251.6,53.4919951111078,12.653,12.623,12.74,12.657,10.331,10.323
20241115144252,53.933996334672,12.659,12.631,12.724,12.649,10.335,10.299
20241115144252.5,54.3749917298555,12.653,12.627,12.74,12.641,10.333,10.303
20241115144252.9,54.8200003802776,12.647,12.631,12.726,12.643,10.335,10.337
20241115144253.3,55.2579984068871,12.645,12.629,12.746,12.635,10.354,10.315
20241115144253.8,55.7149965316057,12.661,12.609,12.742,12.655,10.356,10.315
20241115144254.2,56.1519987881184,12.661,12.617,12.744,12.661,10.327,10.315
20241115144254.7,56.5979931503534,12.655,12.633,12.752,12.671,10.335,10.311
20241115144255.1,57.0469949394464,12.665,12.627,12.748,12.657,10.325,10.311
20241115144255.6,57.4839971959591,12.662,12.622,12.737,12.65,10.346,10.308
20241115144256,57.9219952225685,12.671,12.622,12.753,12.636,10.314,10.304
20241115144256.4,58.3549942821264,12.669,12.634,12.747,12.634,10.33,10.314
20241115144256.9,58.7929923087358,12.681,12.622,12.737,12.669,10.33,10.306
20241115144257.3,59.2299945652485,12.685,12.63,12.737,12.658,10.334,10.282
20241115144257.8,59.683995321393,12.673,12.61,12.723,12.636,10.322,10.269
20241115144258.2,60.132997110486,12.657,12.61,12.735,12.636,10.306,10.29
20241115144258.7,60.5899952352047,12.663,12.618,12.741,12.632,10.298,10.296
20241115144259.1,61.0389970242977,12.659,12.618,12.725,12.655,10.298,10.288
20241115144259.6,61.4799924194813,12.663,12.612,12.743,12.632,10.292,10.292
20241115144300,61.9180005043745,12.659,12.61,12.725,12.642,10.33,10.294
20241115144300.5,62.3709954321384,12.667,12.618,12.733,12.65,10.312,10.306
20241115144300.9,62.8199972212315,12.666,12.632,12.743,12.644,10.33,10.286
20241115144301.4,63.2729921489954,12.675,12.616,12.721,12.654,10.332,10.314
20241115144301.8,63.722999766469,12.667,12.64,12.731,12.662,10.322,10.312
20241115144302.2,64.1559988260269,12.658,12.624,12.737,12.66,10.324,10.314
20241115144302.7,64.5980000495911,12.697,12.624,12.747,12.683,10.336,10.298
20241115144303.1,65.0469917804003,12.675,12.634,12.723,12.667,10.322,10.302
20241115144303.6,65.4839940369129,12.679,12.636,12.735,12.662,10.316,10.298
20241115144304,65.9369990229607,12.689,12.63,12.737,12.656,10.334,10.322
20241115144304.5,66.3749970495701,12.679,12.61,12.729,12.64,10.336,10.3
20241115144304.9,66.8119993060827,12.697,12.644,12.739,12.646,10.332,10.3
20241115144305.4,67.2660000622272,12.701,12.634,12.731,12.644,10.328,10.302
20241115144305.8,67.7189949899912,12.703,12.64,12.741,12.644,10.33,10.29
20241115144306.2,68.1559972465038,12.693,12.63,12.735,12.648,10.33,10.298
20241115144306.7,68.6049990355968,12.677,12.636,12.733,12.636,10.294,10.308
20241115144307.1,69.047000259161,12.709,12.648,12.735,12.667,10.338,10.31
20241115144307.6,69.4919988512993,12.713,12.632,12.727,12.65,10.312,10.29
20241115144308,69.9299968779087,12.705,12.636,12.735,12.658,10.32,10.31
20241115144308.5,70.3789986670017,12.703,12.636,12.739,12.648,10.332,10.308
20241115144308.9,70.8160009235144,12.721,12.636,12.729,12.662,10.332,10.308
20241115144309.3,71.2539989501238,12.711,12.626,12.739,12.667,10.332,10.3
20241115144309.8,71.6910012066364,12.703,12.638,12.733,12.652,10.34,10.304
20241115144310.2,72.1329923719168,12.719,12.624,12.729,12.669,10.325,10.321
20241115144310.7,72.5660014897585,12.722,12.633,12.75,12.669,10.337,10.307
20241115144311.1,73.0079926550388,12.734,12.629,12.734,12.68,10.354,10.305
20241115144311.5,73.4609976410866,12.734,12.633,12.762,12.657,10.343,10.311
20241115144312,73.8979998975992,12.73,12.637,12.754,12.665,10.335,10.321
20241115144312.4,74.3359979242086,12.742,12.643,12.734,12.653,10.327,10.301
20241115144312.9,74.7730001807213,12.72,12.637,12.762,12.647,10.331,10.305
20241115144313.3,75.2270009368658,12.746,12.643,12.75,12.675,10.319,10.343
20241115144313.7,75.6599999964237,12.731,12.616,12.749,12.667,10.326,10.314
20241115144314.2,76.0979980230331,12.731,12.64,12.749,12.652,10.308,10.298
20241115144314.6,76.5350002795458,12.739,12.648,12.757,12.667,10.345,10.299
20241115144315.1,76.983992010355,12.768,12.627,12.748,12.649,10.345,10.309
20241115144315.5,77.4369969964027,12.764,12.635,12.75,12.678,10.309,10.305
20241115144316,77.8869945555925,12.776,12.655,12.764,12.673,10.313,10.309
20241115144316.4,78.3239968121052,12.783,12.649,12.752,12.643,10.317,10.323
20241115144316.9,78.7659980356693,12.772,12.657,12.756,12.655,10.35,10.295
20241115144317.3,79.203000292182,12.777,12.639,12.742,12.663,10.317,10.301
20241115144317.7,79.6409983187914,12.785,12.659,12.736,12.659,10.323,10.311
20241115144318.2,80.081993713975,12.793,12.635,12.744,12.661,10.35,10.305
20241115144318.6,80.5189959704876,12.777,12.661,12.754,12.651,10.329,10.307
20241115144319,80.956993997097,12.803,12.649,12.754,12.673,10.356,10.313
20241115144319.5,81.3939962536097,12.793,12.665,12.754,12.669,10.344,10.313
20241115144319.9,81.8359974771738,12.797,12.661,12.758,12.671,10.352,10.305
20241115144320.4,82.2729997336864,12.823,12.643,12.748,12.655,10.339,10.333
20241115144320.8,82.7189940959215,12.799,12.651,12.75,12.671,10.343,10.313
20241115144321.3,83.1719990819693,12.815,12.629,12.758,12.649,10.333,10.301
20241115144321.7,83.6129944771528,12.819,12.663,12.74,12.647,10.35,10.307
20241115144322.2,84.0659994632006,12.815,12.659,12.742,12.645,10.358,10.319
20241115144322.6,84.5080006867647,12.811,12.678,12.752,12.651,10.329,10.329
20241115144323.1,84.9689919501543,12.821,12.663,12.756,12.667,10.333,10.319
20241115144323.5,85.421996936202,12.807,12.669,12.762,12.667,10.327,10.307
20241115144324,85.8750019222498,12.845,12.673,12.77,12.675,10.329,10.321
20241115144324.4,86.3119941204786,12.863,12.688,12.766,12.675,10.323,10.311
20241115144324.8,86.7620017379522,12.859,12.667,12.772,12.659,10.337,10.315
20241115144325.3,87.2109934687614,12.871,12.68,12.754,12.667,10.333,10.315
20241115144325.7,87.6479957252741,12.861,12.682,12.776,12.667,10.331,10.285
20241115144326.2,88.0859937518835,12.877,12.694,12.774,12.669,10.339,10.305
20241115144326.6,88.5349955409765,12.871,12.669,12.776,12.667,10.35,10.299
20241115144327.1,88.9729935675859,12.884,12.68,12.758,12.673,10.337,10.281
20241115144327.5,89.4300017505884,12.894,12.686,12.76,12.678,10.335,10.303
20241115144328,89.8789934813976,12.898,12.686,12.758,12.661,10.335,10.333
20241115144328.4,90.3279952704906,12.91,12.684,12.752,12.649,10.341,10.319
20241115144328.9,90.7769970595837,12.892,12.696,12.787,12.669,10.331,10.315
20241115144329.3,91.2299919873476,12.904,12.688,12.776,12.671,10.345,10.323
20241115144329.8,91.6989997029305,12.916,12.7,12.77,12.665,10.313,10.309
20241115144330.2,92.1480014920235,12.928,12.694,12.75,12.676,10.333,10.319
20241115144330.7,92.6019921898842,12.914,12.678,12.758,12.661,10.341,10.303
20241115144331.1,93.0389944463968,12.926,12.7,12.764,12.661,10.327,10.321
20241115144331.6,93.4879962354898,12.914,12.704,12.766,12.684,10.331,10.309
20241115144332,93.9259942620993,12.938,12.708,12.758,12.678,10.333,10.297
20241115144332.4,94.3629965186119,12.918,12.72,12.764,12.669,10.307,10.305
20241115144332.9,94.8009945452213,12.952,12.7,12.768,12.669,10.327,10.323
20241115144333.4,95.3320015221834,12.954,12.716,12.768,12.686,10.337,10.303
20241115144333.9,95.7689937204123,12.944,12.724,12.813,12.69,10.348,10.303
20241115144334.3,96.2029986083508,12.978,12.722,12.799,12.681,10.329,10.331
20241115144334.7,96.6409966349602,12.966,12.72,12.788,12.683,10.34,10.321
20241115144335.2,97.0779988914728,12.972,12.728,12.776,12.681,10.333,10.315
20241115144335.6,97.5159969180822,13.023,12.734,12.78,12.698,10.335,10.313
20241115144336,97.9529991745949,13.061,12.768,12.797,12.687,10.327,10.329
20241115144336.5,98.4020009636879,13.094,12.75,12.815,12.7,10.333,10.315
20241115144336.9,98.8549958914518,13.148,12.764,12.803,12.718,10.34,10.297
20241115144337.4,99.32000041008,13.182,12.762,12.831,12.708,10.317,10.305
20241115144337.8,99.7579984366894,13.241,12.795,12.833,12.714,10.315,10.309
20241115144338.3,100.195000693202,13.263,12.803,12.827,12.704,10.327,10.323
20241115144338.7,100.640995055437,13.29,12.805,12.845,12.706,10.34,10.291
20241115144339.2,101.085993647575,13.356,12.837,12.849,12.754,10.332,10.321
20241115144339.6,101.534995436668,13.4,12.843,12.875,12.73,10.334,10.317
20241115144340.1,101.988000422716,13.409,12.841,12.857,12.728,10.344,10.327
20241115144340.5,102.44099535048,13.453,12.885,12.869,12.72,10.344,10.334
20241115144341,102.897993475199,13.493,12.873,12.873,12.728,10.327,10.325
20241115144341.4,103.351994231343,13.532,12.863,12.867,12.728,10.325,10.321
20241115144341.9,103.788996487856,13.552,12.881,12.881,12.718,10.327,10.331
20241115144342.3,104.230001941323,13.572,12.899,12.893,12.742,10.356,10.327
20241115144342.8,104.683992639184,13.588,12.897,12.893,12.732,10.358,10.334
20241115144343.2,105.120994895697,13.615,12.914,12.895,12.762,10.344,10.313
20241115144343.6,105.558992922306,13.665,12.904,12.908,12.762,10.35,10.34
20241115144344.1,105.999998375773,13.661,12.914,12.904,12.742,10.338,10.315
20241115144344.5,106.440993770957,13.679,12.936,12.926,12.76,10.348,10.344
20241115144345,106.91000148654,13.718,12.94,12.938,12.756,10.34,10.34
20241115144345.4,107.362996414304,13.744,12.936,12.934,12.77,10.329,10.319
20241115144345.9,107.804997637868,13.76,12.938,12.946,12.786,10.342,10.336
20241115144346.3,108.241999894381,13.796,12.95,12.928,12.778,10.344,10.342
20241115144346.8,108.67999792099,13.815,12.966,12.944,12.798,10.346,10.338
20241115144347.2,109.117000177503,13.833,12.978,12.96,12.812,10.358,10.33
20241115144347.7,109.569995105267,13.851,12.978,12.96,12.788,10.344,10.342
20241115144348.1,110.01899689436,13.877,12.988,12.928,12.807,10.336,10.334
20241115144348.5,110.456994920969,13.891,13.003,12.954,12.808,10.34,10.332
20241115144349,110.893997177482,13.928,13.027,12.972,12.804,10.354,10.346
20241115144349.4,111.352001130581,13.958,13.037,12.964,12.819,10.336,10.34
20241115144349.9,111.80099286139,13.996,13.033,12.98,12.81,10.358,10.338
20241115144350.3,112.253997847438,14.012,13.047,12.964,12.81,10.346,10.332
20241115144350.8,112.691000103951,14.027,13.051,12.976,12.815,10.336,10.35
20241115144351.2,113.14099766314,14.031,13.055,12.978,12.813,10.342,10.354
20241115144351.7,113.581993058324,14.047,13.063,12.984,12.808,10.342,10.346
20241115144352.1,114.018995314837,14.069,13.081,12.998,12.825,10.35,10.344
20241115144352.6,114.472996070981,14.067,13.057,12.986,12.812,10.348,10.35
20241115144353,114.921997860074,14.087,13.109,12.996,12.819,10.346,10.334
20241115144353.4,115.362993255258,14.116,13.103,12.99,12.825,10.348,10.33
20241115144353.9,115.815998241305,14.118,13.099,12.984,12.819,10.348,10.366
20241115144354.3,116.26199260354,14.148,13.109,13.012,12.827,10.348,10.338
20241115144354.8,116.719000786543,14.18,13.111,12.998,12.81,10.348,10.352
20241115144355.2,117.155992984772,14.164,13.128,13.024,12.824,10.35,10.35
20241115144355.7,117.608997970819,14.2,13.126,13.012,12.825,10.368,10.342
20241115144356.2,118.065996095538,14.194,13.121,13.02,12.825,10.342,10.358
20241115144356.6,118.519001081586,14.204,13.14,13.008,12.849,10.336,10.362
20241115144357.1,118.968998640776,14.222,13.15,13.027,12.833,10.358,10.342
20241115144357.5,119.418000429869,14.206,13.126,13.012,12.804,10.334,10.364
20241115144358,119.874998554587,14.225,13.12,13.015,12.837,10.342,10.338
20241115144358.4,120.319997146726,14.219,13.136,12.998,12.841,10.334,10.352
20241115144358.8,120.757995173335,14.241,13.142,13,12.812,10.334,10.358
20241115144359.3,121.211000159383,14.229,13.146,13,12.831,10.324,10.356
20241115144359.7,121.660001948476,14.265,13.132,13.019,12.831,10.336,10.356
20241115144400.2,122.101993113756,14.263,13.134,13.019,12.843,10.322,10.364
20241115144400.6,122.550994902849,14.279,13.138,13.019,12.843,10.326,10.37
20241115144401.1,122.992000356317,14.299,13.152,13.015,12.831,10.33,10.356
20241115144401.5,123.429998382926,14.311,13.17,13.043,12.833,10.35,10.334
20241115144402,123.87099377811,14.334,13.156,13.039,12.839,10.35,10.352
20241115144402.4,124.308991804719,14.352,13.178,13.035,12.847,10.348,10.338
20241115144402.8,124.761996790767,14.384,13.192,13.025,12.845,10.324,10.348
20241115144403.3,125.21099857986,14.382,13.184,13.021,12.847,10.34,10.346
20241115144403.8,125.679996237159,14.38,13.184,13.037,12.867,10.338,10.346
20241115144404.2,126.128998026252,14.356,13.166,13.021,12.849,10.338,10.354
20241115144404.7,126.569993421435,14.382,13.18,13.055,12.839,10.34,10.36
20241115144405.1,127.008001506329,14.392,13.192,13.047,12.873,10.346,10.344
20241115144405.5,127.444993704557,14.402,13.188,13.045,12.861,10.336,10.366
20241115144406,127.901991829276,14.435,13.166,13.073,12.877,10.348,10.334
20241115144406.4,128.35199944675,14.439,13.2,13.043,12.855,10.344,10.34
20241115144406.9,128.804994374514,14.475,13.208,13.031,12.871,10.323,10.338
20241115144407.3,129.257999360561,14.471,13.209,13.055,12.851,10.332,10.35
20241115144407.8,129.707001149654,14.495,13.219,13.057,12.861,10.317,10.329
20241115144408.2,130.159996077418,14.503,13.2,13.045,12.837,10.34,10.327
20241115144408.7,130.597994104028,14.512,13.192,13.039,12.877,10.344,10.34
20241115144409.1,131.054992228746,14.495,13.203,13.043,12.853,10.344,10.348
20241115144409.6,131.512000411749,14.504,13.221,13.055,12.841,10.319,10.332
20241115144410,131.948992609978,14.514,13.213,13.049,12.843,10.325,10.334
20241115144410.5,132.401997596025,14.506,13.229,13.051,12.851,10.305,10.338
20241115144410.9,132.854992523789,14.528,13.209,13.069,12.853,10.332,10.35
20241115144411.4,133.293000608683,14.516,13.209,13.033,12.843,10.34,10.338
20241115144411.8,133.733996003866,14.548,13.233,13.043,12.859,10.35,10.334
20241115144412.3,134.187000989914,14.542,13.245,13.077,12.871,10.315,10.327
20241115144412.7,134.647992253304,14.582,13.235,13.067,12.847,10.334,10.356
20241115144413.2,135.124996304512,14.584,13.233,13.057,12.849,10.348,10.344
20241115144413.7,135.56999489665,14.588,13.237,13.067,12.857,10.342,10.334
20241115144414.1,136.00799292326,14.6,13.229,13.065,12.855,10.342,10.35
20241115144414.6,136.479998007417,14.629,13.239,13.063,12.861,10.336,10.342
20241115144415,136.921999230981,14.635,13.253,13.061,12.867,10.34,10.329
20241115144415.5,137.371001020074,14.661,13.269,13.099,12.865,10.348,10.338
20241115144415.9,137.819992750883,14.665,13.265,13.081,12.865,10.334,10.327
20241115144416.4,138.265997171402,14.691,13.275,13.075,12.857,10.323,10.333
20241115144416.8,138.71099576354,14.7,13.251,13.071,12.875,10.329,10.325
20241115144417.3,139.164000749588,14.712,13.249,13.092,12.845,10.325,10.305
20241115144417.7,139.616995677352,14.74,13.267,13.083,12.865,10.313,10.305
20241115144418.2,140.0700006634,14.734,13.273,13.077,12.859,10.331,10.331
20241115144418.6,140.522995591164,14.768,13.287,13.106,12.895,10.334,10.344
20241115144419.1,140.976996347308,14.772,13.302,13.083,12.873,10.36,10.332
20241115144419.5,141.430001333356,14.792,13.312,13.097,12.877,10.356,10.35
20241115144420,141.878993064165,14.804,13.324,13.101,12.875,10.338,10.34
20241115144420.4,142.348000779748,14.841,13.328,13.097,12.885,10.35,10.346
20241115144420.9,142.804998904467,14.847,13.34,13.105,12.873,10.336,10.334
20241115144421.3,143.25400069356,14.837,13.324,13.12,12.887,10.348,10.33
20241115144421.8,143.706995621324,14.877,13.322,13.113,12.895,10.336,10.336
20241115144422.2,144.155997410417,14.881,13.32,13.124,12.885,10.344,10.328
20241115144422.7,144.608992338181,14.903,13.346,13.113,12.897,10.362,10.35
20241115144423.1,145.050993561745,14.907,13.338,13.101,12.905,10.35,10.354
20241115144423.6,145.503998547792,14.891,13.332,13.103,12.891,10.35,10.346
20241115144424,145.956993475556,14.903,13.34,13.138,12.911,10.346,10.36
20241115144424.5,146.401992067695,14.944,13.348,13.12,12.905,10.35,10.346
20241115144424.9,146.854997053742,14.942,13.35,13.124,12.895,10.356,10.352
20241115144425.4,147.296998277307,14.946,13.342,13.14,12.889,10.366,10.354
20241115144425.8,147.729997336864,14.974,13.332,13.132,12.887,10.346,10.346
20241115144426.3,148.186995461583,14.988,13.356,13.14,12.897,10.35,10.346
20241115144426.7,148.640996217728,15.053,13.338,13.132,12.903,10.344,10.34
20241115144427.2,149.089998006821,15.051,13.364,13.12,12.871,10.348,10.36
20241115144427.6,149.542992934585,15.045,13.364,13.124,12.893,10.348,10.354
20241115144428.1,149.991994723678,15.043,13.388,13.126,12.887,10.334,10.338
20241115144428.5,150.444999709725,15.008,13.362,13.146,12.901,10.35,10.338
20241115144429,150.897994637489,15.025,13.368,13.142,12.891,10.346,10.358
20241115144429.4,151.347992196679,15.014,13.362,13.154,12.897,10.342,10.356
20241115144429.9,151.800997182727,15.023,13.378,13.14,12.895,10.356,10.338
20241115144430.3,152.257995307446,15.024,13.392,13.146,12.905,10.354,10.35
20241115144430.8,152.699000760913,15.02,13.398,13.148,12.901,10.348,10.364
20241115144431.2,153.147992491722,15.045,13.376,13.162,12.909,10.35,10.348
20241115144431.7,153.601993247867,15.049,13.378,13.148,12.903,10.362,10.374
20241115144432.1,154.05099503696,15.073,13.38,13.152,12.883,10.356,10.366
20241115144432.6,154.504000023007,15.103,13.382,13.168,12.891,10.346,10.366
20241115144433,154.9530018121,15.091,13.418,13.146,12.903,10.352,10.376
20241115144433.5,155.405996739864,15.123,13.414,13.148,12.903,10.36,10.368
20241115144433.9,155.859001725912,15.132,13.4,13.152,12.911,10.372,10.354
20241115144434.4,156.311996653676,15.129,13.4,13.158,12.917,10.348,10.358
20241115144434.8,156.761994212866,15.152,13.398,13.14,12.897,10.372,10.36
20241115144435.3,157.229996100068,15.182,13.422,13.162,12.901,10.364,10.354
20241115144435.8,157.664000988007,15.156,13.402,13.16,12.913,10.342,10.354
20241115144436.2,158.116995915771,15.154,13.402,13.164,12.897,10.346,10.354
20241115144436.7,158.573994040489,15.196,13.423,13.164,12.92,10.344,10.354
20241115144437.1,159.026999026537,15.186,13.419,13.154,12.911,10.34,10.354
20241115144437.6,159.476996585727,15.188,13.419,13.16,12.905,10.348,10.354
20241115144438,159.930001571774,15.214,13.437,13.158,12.911,10.354,10.358
20241115144438.5,160.386999696493,15.214,13.453,13.154,12.924,10.346,10.338
20241115144438.9,160.836001485586,15.219,13.443,13.16,12.92,10.338,10.362
20241115144439.4,161.284993216395,15.239,13.447,13.178,12.903,10.354,10.352
20241115144439.8,161.72699443996,15.263,13.455,13.164,12.905,10.344,10.354
20241115144440.3,162.175996229053,15.289,13.477,13.146,12.909,10.346,10.358
20241115144440.7,162.6290012151,15.311,13.465,13.192,12.919,10.346,10.35
20241115144441.2,163.07799294591,15.332,13.477,13.172,12.936,10.368,10.352
20241115144441.6,163.523001596332,15.332,13.503,13.194,12.942,10.346,10.356
20241115144442.1,163.972999155521,15.311,13.483,13.202,12.905,10.342,10.356
20241115144442.5,164.42999728024,15.33,13.479,13.188,12.923,10.342,10.36
20241115144443,164.893995970488,15.364,13.499,13.196,12.915,10.358,10.382
20241115144443.4,165.362993627787,15.362,13.491,13.182,12.926,10.356,10.368
20241115144443.9,165.81199541688,15.364,13.487,13.166,12.916,10.356,10.362
20241115144444.4,166.265996173024,15.384,13.503,13.18,12.92,10.354,10.348
20241115144444.8,166.702998429537,15.384,13.503,13.192,12.907,10.338,10.334
20241115144445.2,167.15200021863,15.408,13.489,13.168,12.928,10.34,10.358
20241115144445.7,167.608998343349,15.398,13.514,13.192,12.916,10.342,10.358
20241115144446.1,168.058995902538,15.414,13.493,13.192,12.934,10.36,10.352
20241115144446.6,168.500001356006,15.414,13.505,13.19,12.928,10.346,10.358
20241115144447,168.95299628377,15.439,13.511,13.21,12.914,10.342,10.348
20241115144447.5,169.406001269817,15.443,13.497,13.2,12.924,10.334,10.33
20241115144447.9,169.858996197581,15.421,13.524,13.2,12.936,10.346,10.354
20241115144448.4,170.312001183629,15.457,13.517,13.206,12.942,10.344,10.336
20241115144448.9,170.76599188149,15.439,13.525,13.202,12.93,10.358,10.35
20241115144449.3,171.214993670583,15.414,13.497,13.216,12.948,10.344,10.36
20241115144449.8,171.667998656631,15.447,13.521,13.218,12.97,10.334,10.364
20241115144450.2,172.117000445724,15.441,13.523,13.204,12.964,10.346,10.358
20241115144450.7,172.569995373487,15.447,13.527,13.214,12.944,10.35,10.362
20241115144451.1,173.023000359535,15.439,13.528,13.21,12.925,10.358,10.358
20241115144451.6,173.47700111568,15.461,13.517,13.212,12.942,10.366,10.346
20241115144452,173.929996043444,15.487,13.53,13.206,12.936,10.346,10.374
20241115144452.5,174.383001029491,15.513,13.554,13.224,12.942,10.34,10.358
20241115144452.9,174.835995957255,15.532,13.564,13.214,12.944,10.35,10.352
20241115144453.4,175.289000943303,15.594,13.542,13.212,12.972,10.358,10.366
20241115144453.8,175.737992674112,15.588,13.556,13.222,12.944,10.35,10.358
20241115144454.3,176.179993897676,15.594,13.578,13.202,12.946,10.366,10.376
20241115144454.7,176.632998883724,15.608,13.578,13.241,12.94,10.342,10.362
20241115144455.2,177.085993811488,15.622,13.57,13.204,12.958,10.344,10.366
20241115144455.6,177.522996068001,15.633,13.576,13.208,12.946,10.36,10.354
20241115144456.1,177.976996824145,15.639,13.56,13.21,12.952,10.33,10.374
20241115144456.5,178.430001810193,15.675,13.586,13.228,12.954,10.354,10.368
20241115144457,178.882996737957,15.709,13.594,13.228,12.968,10.358,10.374
20241115144457.4,179.336001724005,15.744,13.612,13.23,12.97,10.358,10.38
20241115144457.9,179.784993454814,15.742,13.604,13.241,12.968,10.37,10.384
20241115144458.3,180.242001637816,15.731,13.594,13.232,12.974,10.362,10.358
20241115144458.8,180.690993368626,15.768,13.63,13.255,12.952,10.344,10.368
20241115144459.2,181.160001084208,15.828,13.618,13.23,12.96,10.36,10.364
20241115144459.7,181.612996011972,15.824,13.628,13.243,12.95,10.344,10.37
20241115144500.1,182.054997235537,15.83,13.626,13.245,12.97,10.346,10.362
20241115144500.6,182.522999122739,15.804,13.612,13.236,12.948,10.368,10.376
20241115144501.1,182.972996681929,15.808,13.638,13.237,12.956,10.362,10.36
20241115144501.5,183.429994806647,15.822,13.634,13.218,12.962,10.344,10.36
20241115144502,183.87899659574,15.822,13.628,13.226,12.958,10.342,10.36
20241115144502.4,184.327998384833,15.802,13.622,13.234,12.958,10.352,10.38
20241115144502.9,184.768993780017,15.81,13.63,13.22,12.96,10.354,10.388
20241115144503.3,185.206991806626,15.808,13.604,13.222,12.974,10.354,10.36
20241115144503.8,185.663999989629,15.834,13.606,13.237,12.96,10.356,10.372
20241115144504.2,186.116994917393,15.834,13.632,13.245,12.976,10.368,10.362
20241115144504.7,186.56999990344,15.826,13.63,13.263,12.974,10.372,10.372
20241115144505.1,187.022994831204,15.838,13.645,13.253,12.966,10.366,10.368
20241115144505.6,187.472992390394,15.832,13.638,13.259,12.978,10.366,10.378
20241115144506,187.925997376442,15.887,13.651,13.253,12.966,10.366,10.362
20241115144506.5,188.374999165535,15.891,13.661,13.247,12.97,10.358,10.384
20241115144506.9,188.827994093299,15.889,13.667,13.257,12.996,10.352,10.36
20241115144507.4,189.280999079347,15.899,13.663,13.245,12.986,10.366,10.354
20241115144507.8,189.745993539691,15.875,13.655,13.253,12.982,10.37,10.378
20241115144508.3,190.198998525739,15.861,13.653,13.243,12.978,10.342,10.358
20241115144508.7,190.651993453503,15.883,13.663,13.251,12.97,10.354,10.348
20241115144509.2,191.10499843955,15.903,13.653,13.249,12.994,10.334,10.362
20241115144509.6,191.55499599874,15.897,13.639,13.253,12.968,10.358,10.34
20241115144510.1,192.008000984788,15.871,13.649,13.249,12.966,10.354,10.362
20241115144510.5,192.448996379972,15.804,13.628,13.251,12.944,10.34,10.362
20241115144511,192.890997603536,15.762,13.634,13.22,12.954,10.332,10.372
20241115144511.4,193.354996293783,15.719,13.614,13.214,12.944,10.356,10.354
20241115144511.9,193.804993852973,15.657,13.586,13.224,12.94,10.354,10.37
20241115144512.3,194.257998839021,15.626,13.584,13.208,12.952,10.342,10.372
20241115144512.8,194.710993766785,15.562,13.564,13.214,12.929,10.354,10.362
20241115144513.3,195.163998752832,15.541,13.552,13.218,12.936,10.346,10.352
20241115144513.7,195.613000541925,15.475,13.537,13.188,12.946,10.344,10.36
20241115144514.1,196.061992272735,15.445,13.54,13.166,12.935,10.342,10.372
20241115144514.6,196.511999890208,15.404,13.525,13.15,12.929,10.332,10.36
20241115144515.1,196.976994350553,15.38,13.515,13.154,12.907,10.358,10.358
20241115144515.5,197.433992475271,15.372,13.487,13.156,12.923,10.35,10.348
20241115144516,197.882994264364,15.327,13.509,13.15,12.925,10.35,10.37
20241115144516.4,198.339992389083,15.295,13.465,13.142,12.913,10.354,10.348
20241115144516.9,198.797000572085,15.255,13.485,13.144,12.893,10.356,10.358
20241115144517.3,199.237995967269,15.245,13.467,13.133,12.921,10.332,10.36
20241115144517.8,199.691000953317,15.224,13.451,13.121,12.899,10.344,10.366
20241115144518.2,200.143995881081,15.19,13.431,13.142,12.891,10.362,10.354
20241115144518.7,200.60199983418,15.158,13.439,13.136,12.905,10.348,10.342
20241115144519.1,201.054994761944,15.14,13.433,13.123,12.909,10.35,10.346
20241115144519.6,201.507999747992,15.144,13.41,13.119,12.889,10.342,10.34
20241115144520,201.960994675756,15.097,13.424,13.119,12.885,10.356,10.336
20241115144520.5,202.425999194384,15.085,13.402,13.111,12.903,10.354,10.338
20241115144521,202.878994122148,15.079,13.418,13.089,12.877,10.328,10.336
20241115144521.4,203.327995911241,15.059,13.4,13.091,12.865,10.316,10.37
20241115144521.9,203.781000897288,15.041,13.364,13.105,12.895,10.35,10.346
20241115144522.3,204.233995825052,15.02,13.372,13.105,12.889,10.354,10.34
20241115144522.8,204.690993949771,14.994,13.394,13.101,12.867,10.326,10.354
20241115144523.2,205.12899197638,15,13.386,13.083,12.883,10.352,10.33
20241115144523.7,205.569997429848,14.988,13.366,13.093,12.867,10.354,10.35
20241115144524.1,206.022992357612,14.964,13.37,13.083,12.881,10.334,10.336
20241115144524.6,206.48799687624,14.958,13.35,13.095,12.877,10.34,10.324
20241115144525,206.940991804004,14.93,13.328,13.079,12.897,10.326,10.336
20241115144525.5,207.393996790051,14.917,13.338,13.069,12.883,10.344,10.334
20241115144525.9,207.852000743151,14.911,13.338,13.065,12.867,10.342,10.346
20241115144526.4,208.296999335289,14.899,13.336,13.067,12.873,10.328,10.332
20241115144526.8,208.737994730473,14.869,13.338,13.085,12.871,10.336,10.338
20241115144527.3,209.19099971652,14.877,13.33,13.069,12.863,10.342,10.324
20241115144527.7,209.643994644284,14.859,13.344,13.071,12.877,10.356,10.34
20241115144528.2,210.101998597383,14.847,13.325,13.059,12.865,10.342,10.35
20241115144528.6,210.554993525147,14.831,13.342,13.065,12.873,10.344,10.33
20241115144529.1,211.01200170815,14.822,13.317,13.047,12.849,10.356,10.34
20241115144529.6,211.464996635914,14.798,13.295,13.061,12.871,10.32,10.34
20241115144530,211.913998425007,14.792,13.297,13.059,12.855,10.34,10.342
20241115144530.5,212.366993352771,14.798,13.299,13.079,12.853,10.35,10.356
20241115144530.9,212.819998338819,14.75,13.313,13.065,12.867,10.342,10.354
20241115144531.4,213.272993266582,14.752,13.309,13.061,12.863,10.346,10.332
20241115144531.8,213.723000884056,14.756,13.299,13.067,12.867,10.332,10.354
20241115144532.3,214.179999008775,14.733,13.303,13.061,12.855,10.33,10.342
20241115144532.7,214.632993936539,14.725,13.307,13.032,12.851,10.338,10.336
20241115144533.2,215.085998922586,14.717,13.263,13.063,12.832,10.334,10.346
20241115144533.6,215.53899385035,14.701,13.273,13.041,12.859,10.338,10.344
20241115144534.1,215.991998836398,14.707,13.287,13.045,12.845,10.346,10.364
20241115144534.6,216.464999690652,14.697,13.285,13.063,12.867,10.348,10.324
20241115144535,216.917994618416,14.677,13.257,13.036,12.859,10.336,10.342
20241115144535.5,217.370999604464,14.697,13.255,13.041,12.845,10.338,10.334
20241115144535.9,217.820001393557,14.643,13.251,13.049,12.867,10.342,10.334
20241115144536.4,218.272996321321,14.657,13.245,13.03,12.836,10.326,10.336
20241115144536.8,218.726997077465,14.638,13.259,13.032,12.83,10.354,10.338
20241115144537.3,219.179992005229,14.632,13.249,13.047,12.861,10.34,10.344
20241115144537.7,219.632996991277,14.628,13.245,13.03,12.837,10.348,10.344
20241115144538.2,220.08199878037,14.634,13.239,13.018,12.843,10.35,10.342
20241115144538.6,220.534993708134,14.606,13.241,13.037,12.841,10.33,10.342
20241115144539.1,220.983995497227,14.604,13.228,13.036,12.849,10.338,10.33
20241115144539.5,221.437000483274,14.594,13.237,13.036,12.849,10.336,10.36
20241115144540,221.886998042464,14.586,13.239,13.03,12.853,10.334,10.322
20241115144540.4,222.335999831557,14.558,13.23,13.065,12.855,10.348,10.334
20241115144540.9,222.776995226741,14.592,13.214,13.051,12.847,10.332,10.34
20241115144541.3,223.226992785931,14.558,13.228,13.041,12.843,10.344,10.342
20241115144541.8,223.672001436353,14.556,13.239,13.026,12.837,10.33,10.336
20241115144542.2,224.124996364117,14.564,13.222,13.041,12.851,10.318,10.338
20241115144542.7,224.578001350164,14.556,13.208,13.03,12.845,10.362,10.322
20241115144543.1,225.030996277928,14.544,13.222,13.041,12.832,10.332,10.332
20241115144543.6,225.484001263976,14.544,13.216,13.026,12.841,10.344,10.328
20241115144544,225.933998823166,14.539,13.208,13.043,12.843,10.338,10.336
20241115144544.5,226.374994218349,14.525,13.206,13.043,12.855,10.344,10.346
20241115144544.9,226.827999204397,14.519,13.194,13.034,12.865,10.318,10.303
20241115144545.4,227.27700099349,14.519,13.212,13.018,12.849,10.332,10.34
20241115144545.8,227.72699855268,14.517,13.202,13.034,12.839,10.342,10.328
20241115144546.3,228.176000341773,14.501,13.204,13.022,12.839,10.328,10.344
20241115144546.7,228.616995736957,14.507,13.216,13.03,12.853,10.354,10.336
20241115144547.2,229.070000723004,14.495,13.2,13.034,12.836,10.352,10.342
20241115144547.6,229.522995650768,14.479,13.198,13.008,12.832,10.35,10.346
20241115144548.1,229.976996406913,14.497,13.206,13.022,12.851,10.342,10.348
20241115144548.5,230.430001392961,14.479,13.18,13.02,12.841,10.332,10.342
20241115144549,230.87899312377,14.471,13.216,13.008,12.839,10.356,10.35
20241115144549.4,231.331998109818,14.499,13.204,13.026,12.83,10.354,10.338
20241115144549.9,231.780999898911,14.477,13.2,13.01,12.847,10.368,10.328
20241115144550.3,232.237998023629,14.447,13.2,13.026,12.836,10.352,10.344
20241115144550.8,232.690992951393,14.465,13.212,13.032,12.824,10.324,10.34
20241115144551.2,233.143997937441,14.459,13.21,13.014,12.832,10.346,10.318
20241115144551.7,233.593995496631,14.467,13.196,13.014,12.841,10.34,10.318
20241115144552.1,234.047000482678,14.463,13.192,13.034,12.82,10.344,10.316
20241115144552.6,234.499995410442,14.457,13.19,13.034,12.826,10.334,10.346
20241115144553,234.94100086391,14.467,13.188,13.026,12.853,10.342,10.348
20241115144553.5,235.386995226145,14.432,13.188,13.03,12.839,10.334,10.336
20241115144553.9,235.823997482657,14.428,13.204,13.036,12.836,10.334,10.346
20241115144554.4,236.280995607376,14.463,13.176,13.039,12.851,10.33,10.348
20241115144554.8,236.729997396469,14.44,13.176,13.018,12.836,10.352,10.328
20241115144555.3,237.183998152614,14.441,13.202,13.026,12.836,10.344,10.34
20241115144555.7,237.632999941707,14.445,13.19,13.022,12.828,10.348,10.322
20241115144556.2,238.0820017308,14.432,13.192,13.012,12.83,10.334,10.324
20241115144556.6,238.530993461609,14.418,13.202,13.02,12.828,10.301,10.318
20241115144557.1,239.000001177192,14.418,13.188,13.006,12.839,10.338,10.326
20241115144557.5,239.452996104956,14.408,13.182,13.024,12.843,10.346,10.336
20241115144558,239.901997894049,14.422,13.18,13.022,12.834,10.342,10.326
20241115144558.4,240.358996018767,14.424,13.186,13.01,12.826,10.32,10.336
20241115144558.9,240.808993577957,14.428,13.192,13.026,12.83,10.338,10.334
20241115144559.3,241.253992170095,14.426,13.182,13.012,12.822,10.33,10.324
20241115144559.8,241.702993959188,14.43,13.178,13.012,12.828,10.332,10.328
20241115144600.2,242.159992083907,14.392,13.18,13.016,12.83,10.336,10.332
20241115144600.7,242.608993873,14.416,13.178,12.994,12.828,10.318,10.332
20241115144601.1,243.061998859048,14.42,13.178,13.012,12.822,10.334,10.328
20241115144601.6,243.515999615192,14.408,13.176,12.994,12.82,10.324,10.328
20241115144602.1,243.965001404285,14.4,13.178,13.008,12.822,10.332,10.318
20241115144602.5,244.401993602514,14.398,13.18,12.99,12.818,10.326,10.318
20241115144602.9,244.854998588562,14.406,13.188,13.008,12.828,10.32,10.306
20241115144603.4,245.308999344707,14.402,13.172,12.996,12.83,10.342,10.299
20241115144603.8,245.76199427247,14.408,13.18,13.01,12.822,10.334,10.33
20241115144604.3,246.210996061563,14.424,13.164,12.998,12.81,10.33,10.332
20241115144604.7,246.659997850657,14.414,13.184,13.014,12.808,10.336,10.312
20241115144605.2,247.101999074221,14.392,13.176,12.998,12.82,10.328,10.314
20241115144605.6,247.554994001985,14.408,13.18,12.998,12.834,10.322,10.326
20241115144606.1,248.018992692232,14.408,13.188,12.984,12.832,10.336,10.318
20241115144606.6,248.469000309706,14.402,13.17,13.012,12.832,10.334,10.31
20241115144607,248.925998434424,14.424,13.172,13.01,12.816,10.334,10.31
20241115144607.5,249.370997026563,14.414,13.164,12.992,12.816,10.342,10.328
20241115144607.9,249.811992421746,14.41,13.18,12.996,12.834,10.336,10.295
20241115144608.4,250.265993177891,14.392,13.178,13,12.812,10.316,10.32
20241115144608.8,250.714994966984,14.404,13.188,13.002,12.824,10.324,10.305
20241115144609.3,251.167999953032,14.412,13.174,12.99,12.824,10.307,10.318
20241115144609.7,251.620994880795,14.406,13.174,12.998,12.82,10.336,10.307
20241115144610.2,252.069996669888,14.402,13.17,13.014,12.816,10.324,10.324
20241115144610.6,252.511997893453,14.39,13.172,12.998,12.847,10.305,10.312
20241115144611.1,252.968996018171,14.408,13.174,13.014,12.814,10.309,10.297
20241115144611.5,253.422001004219,14.406,13.172,13.006,12.812,10.307,10.291
20241115144612,253.870992735028,14.41,13.176,13.016,12.814,10.334,10.312
20241115144612.4,254.323997721076,14.412,13.182,13.016,12.833,10.316,10.33
20241115144612.9,254.77699264884,14.404,13.194,13.012,12.837,10.316,10.299
20241115144613.3,255.227000266314,14.39,13.188,13.018,12.843,10.307,10.314
20241115144613.8,255.679995194077,14.41,13.206,13.012,12.824,10.303,10.307
20241115144614.2,256.143993884325,14.39,13.188,13.008,12.833,10.324,10.314
20241115144614.7,256.601997837424,14.41,13.194,13.004,12.829,10.318,10.314
20241115144615.1,257.058995962143,14.414,13.196,13.002,12.839,10.326,10.314
20241115144615.6,257.512000948191,14.42,13.176,12.998,12.837,10.33,10.309
20241115144616.1,257.964995875955,14.422,13.18,13.024,12.843,10.307,10.32
20241115144616.5,258.409994468093,14.422,13.19,12.998,12.831,10.328,10.305
20241115144616.9,258.862999454141,14.4,13.182,13.008,12.812,10.316,10.299
20241115144617.4,259.319997578859,14.392,13.198,12.998,12.833,10.312,10.299
20241115144617.9,259.772992506623,14.396,13.184,12.996,12.816,10.307,10.309
20241115144618.3,260.230000689626,14.408,13.192,13.022,12.816,10.295,10.328
20241115144618.8,260.679998248816,14.41,13.192,13.002,12.822,10.324,10.32
20241115144619.2,261.132993176579,14.39,13.19,12.992,12.816,10.312,10.318
20241115144619.7,261.585998162627,14.394,13.188,12.996,12.822,10.324,10.33
20241115144620.1,262.03499995172,14.4,13.198,12.986,12.818,10.346,10.303
20241115144620.6,262.491998076439,14.42,13.192,12.996,12.82,10.332,10.338
20241115144621,262.940999865532,14.43,13.198,13.012,12.824,10.344,10.32
20241115144621.5,263.393994793296,14.416,13.194,13.004,12.832,10.322,10.31
20241115144621.9,263.843992352486,14.396,13.204,13.01,12.836,10.338,10.322
20241115144622.4,264.296997338533,14.412,13.196,13.018,12.834,10.328,10.31
20241115144622.8,264.741995930672,14.414,13.216,13.008,12.839,10.332,10.334
20241115144623.3,265.195000916719,14.424,13.198,13.006,12.832,10.322,10.322
20241115144623.7,265.647995844483,14.418,13.204,13.02,12.841,10.322,10.32
20241115144624.2,266.104993969202,14.422,13.19,13.01,12.824,10.346,10.314
20241115144624.6,266.558994725347,14.392,13.202,13.002,12.837,10.324,10.297
20241115144625.1,267.015992850065,14.412,13.206,13.012,12.839,10.324,10.314
20241115144625.6,267.464994639158,14.414,13.194,13.004,12.847,10.322,10.326
20241115144626,267.913996428251,14.434,13.186,13.002,12.849,10.324,10.31
20241115144626.5,268.367001414299,14.414,13.208,13.016,12.841,10.344,10.308
20241115144626.9,268.819996342063,14.428,13.21,13.014,12.828,10.344,10.318
20241115144627.4,269.276994466782,14.449,13.218,13.022,12.832,10.346,10.31
20241115144627.8,269.729999452829,14.445,13.212,13.012,12.828,10.31,10.316
20241115144628.3,270.184000208974,14.449,13.212,12.994,12.83,10.328,10.324
20241115144628.7,270.640998333693,14.447,13.206,13.012,12.843,10.32,10.318
20241115144629.2,271.090000122786,14.443,13.214,13.01,12.843,10.334,10.297
20241115144629.7,271.570001542568,14.455,13.216,13.028,12.843,10.334,10.32
20241115144630.1,272.011992707849,14.441,13.222,13.032,12.843,10.324,10.31
20241115144630.6,272.464997693896,14.445,13.224,13.006,12.843,10.316,10.318
20241115144631,272.933995351195,14.44,13.222,13.022,12.843,10.306,10.314
20241115144631.5,273.387000337243,14.449,13.202,13.02,12.865,10.314,10.332
20241115144631.9,273.835992068052,14.453,13.208,13.034,12.855,10.316,10.33
20241115144632.4,274.293000251055,14.453,13.224,13.016,12.839,10.316,10.316
20241115144632.8,274.741991981864,14.479,13.224,13.016,12.836,10.303,10.322
20241115144633.3,275.194996967912,14.443,13.216,13.018,12.847,10.32,10.31
20241115144633.7,275.643998757005,14.475,13.249,13.012,12.828,10.318,10.312
20241115144634.2,276.097999513149,14.461,13.204,13.026,12.847,10.318,10.299
20241115144634.6,276.550994440913,14.461,13.226,13.032,12.859,10.322,10.314
20241115144635.1,277.007992565632,14.459,13.23,13.02,12.836,10.318,10.293
20241115144635.5,277.448998019099,14.463,13.237,13.03,12.849,10.332,10.308
20241115144636,277.905996143818,14.453,13.247,13.016,12.847,10.324,10.316
20241115144636.4,278.359001129866,14.451,13.239,13.039,12.841,10.324,10.322
20241115144636.9,278.81199605763,14.489,13.23,13.032,12.843,10.312,10.299
20241115144637.4,279.265996813774,14.481,13.249,13.037,12.837,10.314,10.318
20241115144637.8,279.726998135448,14.473,13.228,13.024,12.841,10.308,10.316
20241115144638.3,280.179993063211,14.469,13.228,13.016,12.857,10.318,10.324
20241115144638.7,280.632998049259,14.475,13.251,13.037,12.853,10.303,10.308
20241115144639.2,281.073993444443,14.469,13.239,13.032,12.837,10.328,10.314
20241115144639.6,281.52699843049,14.493,13.23,13.034,12.853,10.326,10.316
20241115144640.1,281.97699598968,14.499,13.257,13.024,12.851,10.312,10.308
20241115144640.5,282.430000975728,14.473,13.237,13.043,12.855,10.312,10.308
20241115144641,282.882995903492,14.489,13.232,13.028,12.859,10.342,10.316
20241115144641.4,283.33600088954,14.511,13.247,13.024,12.849,10.324,10.33
20241115144641.9,283.784992620349,14.505,13.249,13.036,12.845,10.33,10.306
20241115144642.3,284.242000803351,14.501,13.255,13.037,12.841,10.328,10.308
20241115144642.8,284.69899892807,14.515,13.249,13.049,12.863,10.334,10.314
20241115144643.2,285.141000151634,14.509,13.237,13.037,12.849,10.299,10.316
20241115144643.7,285.593995079398,14.499,13.255,13.039,12.855,10.293,10.297
20241115144644.1,286.047000065446,14.511,13.236,13.024,12.849,10.306,10.306
20241115144644.6,286.496001854539,14.503,13.239,13.032,12.847,10.334,10.326
20241115144645,286.948996782303,14.513,13.263,13.034,12.865,10.314,10.33
20241115144645.5,287.401991710067,14.509,13.247,13.041,12.851,10.328,10.32
20241115144646,287.866996228695,14.519,13.232,13.028,12.826,10.322,10.326
20241115144646.4,288.315998017788,14.507,13.239,13.036,12.847,10.312,10.31
20241115144646.9,288.772996142507,14.499,13.237,13.034,12.857,10.322,10.287
20241115144647.3,289.222993701696,14.511,13.247,13.028,12.863,10.332,10.301
20241115144647.8,289.675998687744,14.523,13.245,13.024,12.849,10.334,10.316
20241115144648.2,290.144000574946,14.521,13.257,13.057,12.861,10.312,10.322
20241115144648.7,290.593998134136,14.548,13.257,13.036,12.845,10.312,10.326
20241115144649.1,291.062000021338,14.529,13.251,13.037,12.859,10.324,10.316
20241115144649.6,291.526994481683,14.529,13.259,13.039,12.859,10.326,10.314
20241115144650.1,291.979999467731,14.544,13.283,13.051,12.845,10.346,10.32
20241115144650.5,292.434000223875,14.539,13.261,13.045,12.857,10.31,10.322
20241115144651,292.886995151639,14.548,13.251,13.055,12.863,10.33,10.299
20241115144651.4,293.351999670267,14.554,13.257,13.041,12.847,10.314,10.32
20241115144651.9,293.804994598031,14.566,13.273,13.061,12.875,10.328,10.318
20241115144652.3,294.253996387124,14.566,13.263,13.061,12.871,10.326,10.312
20241115144652.8,294.707001373172,14.574,13.259,13.063,12.861,10.322,10.297
20241115144653.2,295.155993103981,14.57,13.275,13.043,12.865,10.326,10.301
20241115144653.7,295.608998090029,14.574,13.267,13.051,12.879,10.308,10.299
20241115144654.1,296.061993017793,14.586,13.275,13.053,12.867,10.32,10.301
20241115144654.6,296.515993773937,14.576,13.275,13.075,12.875,10.32,10.312
20241115144655.1,296.968998759985,14.59,13.283,13.069,12.873,10.312,10.318
20241115144655.5,297.421993687749,14.59,13.281,13.079,12.883,10.316,10.297
20241115144656,297.870995476842,14.564,13.279,13.057,12.877,10.312,10.316
20241115144656.4,298.32400046289,14.57,13.267,13.063,12.877,10.326,10.314
20241115144656.9,298.776995390654,14.568,13.297,13.055,12.873,10.32,10.301
20241115144657.3,299.230000376701,14.574,13.265,13.065,12.893,10.316,10.303
20241115144657.8,299.68699850142,14.58,13.275,13.065,12.903,10.33,10.301
20241115144658.2,300.140999257565,14.576,13.273,13.063,12.883,10.338,10.297
20241115144658.7,300.604997947812,14.588,13.283,13.049,12.887,10.326,10.308
20241115144659.1,301.061996072531,14.59,13.285,13.077,12.893,10.31,10.326
20241115144659.6,301.511993631721,14.604,13.307,13.067,12.897,10.312,10.312
20241115144700.1,301.964998617768,14.61,13.303,13.075,12.895,10.314,10.293
20241115144700.5,302.414000406861,14.598,13.283,13.081,12.899,10.33,10.297
20241115144701,302.87099853158,14.628,13.295,13.081,12.893,10.312,10.31
20241115144701.4,303.323993459344,14.614,13.309,13.067,12.903,10.299,10.322
20241115144701.9,303.772995248437,14.645,13.307,13.081,12.905,10.326,10.32
20241115144702.3,304.229993373156,14.616,13.299,13.075,12.909,10.308,10.324
20241115144702.8,304.694997891784,14.626,13.309,13.091,12.909,10.301,10.328
20241115144703.2,305.143999680877,14.649,13.317,13.085,12.877,10.308,10.289
20241115144703.7,305.601993575692,14.645,13.313,13.067,12.881,10.306,10.31
20241115144704.1,306.05499856174,14.641,13.321,13.083,12.889,10.318,10.303
20241115144704.6,306.511996686459,14.667,13.311,13.087,12.895,10.322,10.308
20241115144705.1,306.965001672506,14.657,13.325,13.065,12.907,10.308,10.291
20241115144705.5,307.41799660027,14.663,13.315,13.071,12.891,10.322,10.308
20241115144706,307.866998389363,14.647,13.315,13.087,12.877,10.322,10.299
20241115144706.4,308.319993317127,14.655,13.335,13.089,12.891,10.328,10.31
20241115144706.9,308.772998303175,14.675,13.338,13.101,12.901,10.32,10.306
20241115144707.3,309.222995862365,14.665,13.346,13.073,12.903,10.318,10.295
20241115144707.8,309.679993987083,14.663,13.346,13.091,12.905,10.324,10.303
20241115144708.2,310.132998973131,14.673,13.333,13.121,12.907,10.289,10.291
20241115144708.7,310.570001229644,14.657,13.356,13.093,12.913,10.31,10.318
20241115144709.1,311.026999354362,14.667,13.333,13.099,12.923,10.308,10.318
20241115144709.6,311.479994282126,14.679,13.331,13.097,12.911,10.318,10.326
20241115144710,311.9300018996,14.699,13.335,13.089,12.925,10.293,10.291
20241115144710.5,312.382996827364,14.681,13.342,13.103,12.907,10.301,10.301
20241115144710.9,312.827995419502,14.677,13.344,13.125,12.897,10.31,10.306
20241115144711.4,313.28100040555,14.699,13.362,13.125,12.919,10.314,10.301
20241115144711.8,313.737998530269,14.715,13.364,13.113,12.944,10.318,10.297
20241115144712.3,314.190993458033,14.701,13.352,13.101,12.917,10.295,10.312
20241115144712.7,314.641001075506,14.721,13.35,13.127,12.927,10.312,10.301
20241115144713.2,315.09399600327,14.719,13.346,13.117,12.919,10.306,10.318
20241115144713.6,315.550994127989,14.731,13.362,13.125,12.921,10.32,10.306
20241115144714.1,316.018996015191,14.721,13.364,13.123,12.925,10.291,10.303
20241115144714.6,316.468993574381,14.742,13.37,13.119,12.915,10.323,10.305
20241115144715,316.921998560429,14.744,13.371,13.124,12.953,10.307,10.325
20241115144715.5,317.374993488193,14.759,13.383,13.122,12.94,10.296,10.296
20241115144715.9,317.823995277286,14.775,13.353,13.144,12.934,10.315,10.307
20241115144716.4,318.277000263333,14.742,13.367,13.144,12.957,10.327,10.307
20241115144716.8,318.729995191097,14.74,13.385,13.155,12.948,10.317,10.315
20241115144717.3,319.183995947242,14.753,13.377,13.155,12.926,10.305,10.292
20241115144717.7,319.63700093329,14.734,13.357,13.153,12.936,10.303,10.321
20241115144718.2,320.089995861053,14.734,13.381,13.134,12.944,10.333,10.303
20241115144718.6,320.558993518353,14.748,13.381,13.144,12.953,10.303,10.307
20241115144719.1,321.0119985044,14.759,13.375,13.128,12.942,10.301,10.319
20241115144719.5,321.461000293493,14.757,13.379,13.151,12.932,10.319,10.309
20241115144720,321.913995221257,14.769,13.373,13.132,12.946,10.305,10.292
20241115144720.5,322.370993345976,14.759,13.385,13.132,12.938,10.313,10.296
20241115144720.9,322.823998332024,14.773,13.409,13.161,12.948,10.313,10.309
20241115144721.4,323.276993259788,14.777,13.385,13.124,12.949,10.307,10.307
20241115144721.8,323.729998245835,14.777,13.393,13.142,12.938,10.309,10.286
20241115144722.3,324.179995805025,14.775,13.389,13.128,12.949,10.303,10.309
20241115144722.7,324.633000791073,14.777,13.393,13.142,12.94,10.317,10.319
20241115144723.2,325.097995251417,14.801,13.383,13.155,12.936,10.311,10.294
20241115144723.6,325.54699704051,14.789,13.399,13.149,12.953,10.311,10.296
20241115144724.1,326.003995165229,14.777,13.405,13.147,12.949,10.309,10.313
20241115144724.5,326.452996954322,14.793,13.385,13.153,12.944,10.311,10.294
20241115144725,326.901998743415,14.817,13.401,13.157,12.953,10.301,10.29
20241115144725.4,327.351996302605,14.801,13.419,13.149,12.951,10.321,10.323
20241115144725.9,327.805001288652,14.795,13.405,13.177,12.944,10.305,10.307
20241115144726.3,328.253993019462,14.793,13.417,13.153,12.953,10.317,10.315
20241115144726.8,328.723000735044,14.801,13.417,13.161,12.971,10.321,10.307
20241115144727.3,329.175995662808,14.787,13.397,13.144,12.959,10.313,10.296
20241115144727.7,329.643997550011,14.801,13.395,13.153,12.957,10.296,10.303
20241115144728.2,330.097998306155,14.785,13.415,13.165,12.948,10.299,10.313
20241115144728.6,330.550993233919,14.797,13.407,13.157,12.944,10.309,10.311
20241115144729.1,331.003998219967,14.797,13.397,13.142,12.944,10.311,10.313
20241115144729.5,331.456993147731,14.805,13.423,13.151,12.961,10.303,10.307
20241115144730,331.914001330733,14.821,13.407,13.153,12.961,10.305,10.28
20241115144730.5,332.370999455452,14.833,13.407,13.146,12.938,10.315,10.317
20241115144730.9,332.823994383216,14.829,13.397,13.151,12.948,10.319,10.307
20241115144731.4,333.276999369264,14.839,13.421,13.169,12.93,10.329,10.319
20241115144731.8,333.729994297028,14.831,13.423,13.157,12.949,10.329,10.294
20241115144732.3,334.175998717546,14.831,13.409,13.147,12.94,10.311,10.309
20241115144732.7,334.625000506639,14.849,13.399,13.151,12.953,10.315,10.305
20241115144733.2,335.098001360893,14.86,13.405,13.146,12.961,10.303,10.309
20241115144733.6,335.546993091702,14.843,13.403,13.151,12.942,10.301,10.299
20241115144734.1,336.004001274705,14.866,13.419,13.167,12.946,10.309,10.299
20241115144734.5,336.452993005514,14.868,13.413,13.151,12.942,10.301,10.319
20241115144735,336.910001188517,14.851,13.433,13.183,12.953,10.303,10.301
20241115144735.4,337.358992919326,14.841,13.421,13.167,12.953,10.317,10.301
20241115144735.9,337.811997905374,14.858,13.423,13.177,12.955,10.325,10.307
20241115144736.4,338.265998661518,14.866,13.431,13.169,12.953,10.299,10.303
20241115144736.8,338.718993589282,14.864,13.437,13.167,12.963,10.321,10.317
20241115144737.3,339.17199857533,14.864,13.433,13.183,12.95,10.327,10.313
20241115144737.7,339.621000364423,14.89,13.437,13.161,12.963,10.315,10.311
20241115144738.2,340.073995292187,14.89,13.445,13.191,12.981,10.331,10.311
20241115144738.6,340.527000278234,14.91,13.423,13.191,12.971,10.321,10.315
20241115144739.1,340.979995205998,14.908,13.437,13.169,12.967,10.319,10.307
20241115144739.5,341.433995962143,14.904,13.447,13.171,12.967,10.305,10.313
20241115144740,341.887000948191,14.908,13.441,13.195,12.955,10.303,10.323
20241115144740.4,342.339995875955,14.92,13.449,13.185,12.973,10.305,10.319
20241115144740.9,342.793000862002,14.93,13.472,13.185,12.963,10.315,10.313
20241115144741.3,343.245995789766,14.926,13.459,13.191,12.997,10.299,10.315
20241115144741.8,343.694997578859,14.942,13.451,13.189,12.973,10.315,10.313
20241115144742.2,344.147992506623,14.944,13.472,13.179,12.983,10.309,10.317
20241115144742.7,344.598000124097,14.952,13.474,13.203,12.993,10.325,10.327
20241115144743.1,345.050995051861,14.95,13.464,13.203,12.983,10.341,10.321
20241115144743.6,345.499996840954,14.95,13.466,13.209,12.961,10.317,10.311
20241115144744,345.952991768718,14.971,13.476,13.207,12.983,10.313,10.299
20241115144744.5,346.401993557811,14.977,13.482,13.217,12.997,10.307,10.289
20241115144744.9,346.852001175284,14.965,13.498,13.241,12.989,10.323,10.313
20241115144745.4,347.308999300003,14.987,13.49,13.205,12.965,10.325,10.301
20241115144745.9,347.765997424722,14.981,13.474,13.215,12.983,10.299,10.307
20241115144746.3,348.214999213815,14.995,13.506,13.231,12.971,10.319,10.313
20241115144746.8,348.671997338533,14.991,13.488,13.219,12.985,10.319,10.303
20241115144747.2,349.124992266297,14.991,13.484,13.203,13.009,10.329,10.295
20241115144747.7,349.577997252345,14.995,13.492,13.219,12.993,10.317,10.315
20241115144748.1,350.030992180109,15.015,13.49,13.239,12.999,10.327,10.299
20241115144748.6,350.483997166157,15.015,13.488,13.223,12.977,10.307,10.303
20241115144749,350.936992093921,15.021,13.5,13.239,12.991,10.319,10.299
20241115144749.5,351.390992850065,15.009,13.492,13.235,12.997,10.309,10.313
20241115144749.9,351.839994639158,15.049,13.51,13.213,13.007,10.317,10.293
20241115144750.4,352.308992296457,15.027,13.502,13.229,12.993,10.309,10.323
20241115144750.8,352.75799408555,15.027,13.504,13.248,12.979,10.305,10.286
20241115144751.3,353.210999071598,15.027,13.482,13.221,12.981,10.305,10.301
20241115144751.8,353.663993999362,15.07,13.504,13.233,12.989,10.325,10.299
20241115144752.2,354.11699898541,15.056,13.506,13.219,12.989,10.311,10.278
20241115144752.7,354.569993913174,15.056,13.486,13.235,12.981,10.307,10.294
20241115144753.1,355.022998899221,15.045,13.51,13.235,12.985,10.309,10.288
20241115144753.6,355.476999655366,15.072,13.522,13.233,12.993,10.307,10.299
20241115144754,355.92999458313,15.074,13.518,13.247,13.001,10.319,10.29
20241115144754.5,356.413999199867,15.078,13.5,13.237,13.007,10.305,10.296
20241115144754.9,356.86300098896,15.072,13.516,13.243,13.005,10.307,10.299
20241115144755.4,357.315995916724,15.086,13.526,13.262,12.991,10.317,10.301
20241115144755.9,357.769000902772,15.07,13.526,13.237,13.001,10.313,10.299
20241115144756.3,358.237998560071,15.08,13.532,13.25,12.983,10.321,10.294
20241115144756.8,358.690993487835,15.088,13.524,13.239,13.001,10.299,10.288
20241115144757.2,359.143998473883,15.088,13.51,13.225,12.989,10.311,10.309
20241115144757.7,359.597999230027,15.102,13.53,13.25,12.991,10.321,10.309
20241115144758.1,360.04700101912,15.11,13.532,13.245,12.985,10.317,10.294
20241115144758.6,360.499995946884,15.096,13.546,13.252,12.997,10.319,10.323
20241115144759,360.944994539022,15.118,13.536,13.254,12.985,10.317,10.301
20241115144759.5,361.401992663741,15.118,13.536,13.227,12.999,10.307,10.282
20241115144760,361.866997182369,15.13,13.542,13.237,12.983,10.296,10.272
20241115144800.4,362.315998971462,15.128,13.557,13.233,12.989,10.303,10.294
20241115144800.9,362.768993899226,15.124,13.54,13.254,12.981,10.307,10.307
20241115144801.3,363.222994655371,15.128,13.548,13.245,12.991,10.305,10.29
20241115144801.8,363.675999641418,15.15,13.557,13.245,12.997,10.309,10.296
20241115144802.2,364.132997766137,15.148,13.553,13.247,13.001,10.292,10.307
20241115144802.7,364.577996358275,15.153,13.548,13.26,13.003,10.301,10.301
20241115144803.1,365.031001344323,15.161,13.559,13.26,12.997,10.311,10.292
20241115144803.6,365.483996272087,15.163,13.571,13.243,13.005,10.305,10.311
20241115144804,365.940994396806,15.167,13.571,13.276,13.007,10.321,10.307
20241115144804.5,366.393999382854,15.171,13.575,13.272,12.999,10.303,10.289
20241115144804.9,366.862997040153,15.177,13.585,13.262,13.021,10.331,10.307
20241115144805.4,367.311998829246,15.193,13.575,13.28,13.029,10.309,10.319
20241115144805.8,367.761996388435,15.197,13.585,13.262,13.001,10.329,10.317
20241115144806.3,368.215001374483,15.191,13.581,13.255,13.027,10.297,10.317
20241115144806.8,368.663993105292,15.211,13.556,13.278,13.025,10.303,10.315
20241115144807.2,369.11699809134,15.195,13.561,13.276,13.027,10.313,10.323
20241115144807.7,369.565999880433,15.203,13.561,13.28,13.037,10.327,10.321
20241115144808.1,370.018994808197,15.223,13.603,13.292,13.037,10.317,10.305
20241115144808.6,370.472995564342,15.229,13.595,13.276,13.043,10.311,10.301
20241115144809,370.926000550389,15.205,13.587,13.28,13.029,10.319,10.301
20241115144809.5,371.374992281199,15.217,13.595,13.284,13.035,10.319,10.303
20241115144809.9,371.827997267246,15.231,13.593,13.292,13.049,10.337,10.317
20241115144810.4,372.28099219501,15.231,13.585,13.272,13.045,10.323,10.315
20241115144810.8,372.729993984103,15.237,13.585,13.304,13.031,10.327,10.317
20241115144811.3,373.194998502731,15.247,13.581,13.306,13.039,10.321,10.311
20241115144811.7,373.65199662745,15.227,13.599,13.296,13.023,10.319,10.315
20241115144812.2,374.105001613498,15.245,13.595,13.278,13.031,10.343,10.305
20241115144812.6,374.558992311358,15.235,13.581,13.284,13.031,10.323,10.317
20241115144813.1,375.02300105989,15.251,13.599,13.308,13.043,10.351,10.313
20241115144813.6,375.479999184608,15.259,13.601,13.296,13.047,10.351,10.307
20241115144814,375.929996743798,15.277,13.605,13.302,13.035,10.329,10.309
20241115144814.5,376.378998532891,15.251,13.605,13.284,13.063,10.337,10.339
20241115144814.9,376.83599665761,15.257,13.599,13.312,13.047,10.335,10.293
20241115144815.4,377.284998446703,15.255,13.591,13.312,13.031,10.335,10.329
20241115144815.8,377.737993374467,15.263,13.595,13.294,13.033,10.347,10.313
20241115144816.3,378.202997893095,15.247,13.601,13.298,13.039,10.329,10.331
20241115144816.8,378.667992353439,15.247,13.603,13.302,13.045,10.325,10.301
20241115144817.2,379.125000536442,15.261,13.601,13.31,13.043,10.315,10.317
20241115144817.7,379.593998193741,15.255,13.617,13.288,13.041,10.319,10.303
20241115144818.1,380.046993121505,15.269,13.613,13.304,13.015,10.329,10.329
20241115144818.6,380.499998107553,15.28,13.591,13.296,13.027,10.325,10.321
20241115144819,380.952993035316,15.282,13.609,13.302,13.025,10.315,10.317
20241115144819.5,381.398001685739,15.265,13.611,13.294,13.035,10.331,10.311
20241115144819.9,381.851992383599,15.278,13.613,13.284,13.037,10.325,10.325
20241115144820.4,382.309000566602,15.288,13.611,13.3,13.029,10.331,10.319
20241115144820.9,382.772999256849,15.296,13.621,13.302,13.031,10.331,10.309
20241115144821.3,383.227000012994,15.306,13.611,13.29,13.035,10.323,10.313
20241115144821.8,383.676001802087,15.31,13.621,13.312,13.029,10.331,10.329
20241115144822.2,384.132999926805,15.336,13.615,13.296,13.027,10.339,10.299
20241115144822.7,384.582001715899,15.32,13.611,13.306,13.057,10.329,10.305
20241115144823.1,385.034996643662,15.342,13.617,13.292,13.027,10.345,10.317
20241115144823.6,385.48800162971,15.344,13.623,13.292,13.037,10.355,10.307
20241115144824,385.940996557474,15.354,13.629,13.29,13.031,10.325,10.297
20241115144824.5,386.390994116664,15.381,13.625,13.316,13.027,10.331,10.319
20241115144824.9,386.847992241383,15.372,13.633,13.312,13.047,10.331,10.317
20241115144825.4,387.30099722743,15.354,13.625,13.298,13.059,10.335,10.295
20241115144825.8,387.753992155194,15.393,13.647,13.294,13.039,10.327,10.305
20241115144826.3,388.202993944287,15.383,13.643,13.306,13.035,10.337,10.311
20241115144826.7,388.659992069006,15.385,13.635,13.326,13.025,10.325,10.309
20241115144827.2,389.108993858099,15.397,13.641,13.32,13.045,10.343,10.313
20241115144827.6,389.561998844147,15.415,13.645,13.328,13.055,10.323,10.305
20241115144828.1,390.011996403337,15.399,13.641,13.31,13.065,10.335,10.313
20241115144828.6,390.465001389384,15.405,13.655,13.316,13.047,10.341,10.327
20241115144829,390.913993120193,15.431,13.645,13.32,13.055,10.331,10.323
20241115144829.5,391.366998106241,15.435,13.637,13.34,13.057,10.331,10.301
20241115144829.9,391.815999895334,15.443,13.661,13.336,13.049,10.321,10.315
20241115144830.4,392.280994355679,15.455,13.665,13.344,13.041,10.317,10.313
20241115144830.8,392.729996144772,15.449,13.674,13.32,13.057,10.331,10.319
20241115144831.3,393.18699426949,15.459,13.667,13.356,13.065,10.347,10.327
20241115144831.7,393.640995025635,15.459,13.657,13.34,13.055,10.369,10.313
20241115144832.2,394.089996814728,15.465,13.686,13.334,13.043,10.337,10.307
20241115144832.6,394.542991742492,15.486,13.684,13.338,13.072,10.333,10.307
20241115144833.1,394.995996728539,15.478,13.667,13.342,13.055,10.325,10.321
20241115144833.5,395.444998517632,15.48,13.682,13.344,13.063,10.337,10.331
20241115144834,395.894000306726,15.492,13.676,13.354,13.053,10.329,10.321
20241115144834.4,396.34800106287,15.488,13.664,13.348,13.055,10.329,10.309
20241115144834.9,396.800995990634,15.482,13.676,13.316,13.057,10.317,10.307
20241115144835.4,397.268997877836,15.47,13.684,13.336,13.057,10.345,10.303
20241115144835.8,397.722998633981,15.48,13.69,13.352,13.072,10.335,10.307
20241115144836.3,398.179996758699,15.49,13.672,13.332,13.082,10.323,10.301
20241115144836.7,398.632991686463,15.5,13.69,13.352,13.07,10.317,10.309
20241115144837.2,399.085996672511,15.496,13.676,13.359,13.068,10.331,10.299
20241115144837.6,399.539001658559,15.502,13.704,13.338,13.064,10.311,10.315
20241115144838.1,399.991996586323,15.512,13.684,13.342,13.051,10.329,10.311
20241115144838.5,400.445001572371,15.496,13.692,13.342,13.072,10.321,10.309
20241115144839,400.897996500134,15.488,13.708,13.34,13.053,10.347,10.286
20241115144839.4,401.351997256279,15.474,13.704,13.356,13.049,10.317,10.313
20241115144839.9,401.800999045372,15.5,13.684,13.342,13.064,10.329,10.303
20241115144840.3,402.253993973136,15.488,13.682,13.346,13.06,10.331,10.305
20241115144840.8,402.710992097855,15.49,13.694,13.352,13.072,10.323,10.315
20241115144841.2,403.159993886948,15.476,13.692,13.361,13.064,10.331,10.317
20241115144841.7,403.612998872995,15.496,13.7,13.352,13.068,10.329,10.315
20241115144842.2,404.065993800759,15.508,13.708,13.363,13.068,10.337,10.295
20241115144842.6,404.518998786807,15.502,13.686,13.348,13.059,10.331,10.315
20241115144843.1,404.972999542952,15.502,13.698,13.356,13.059,10.315,10.311
20241115144843.5,405.422001332045,15.502,13.702,13.358,13.072,10.323,10.303
20241115144844,405.878999456763,15.514,13.692,13.356,13.062,10.341,10.303
20241115144844.4,406.331994384527,15.524,13.704,13.361,13.068,10.327,10.319
20241115144844.9,406.784999370575,15.528,13.696,13.356,13.074,10.321,10.305
20241115144845.3,407.237994298339,15.536,13.688,13.361,13.064,10.335,10.295
20241115144845.8,407.690999284387,15.552,13.692,13.365,13.064,10.331,10.307
20241115144846.2,408.143994212151,15.556,13.724,13.348,13.055,10.329,10.309
20241115144846.7,408.597994968295,15.552,13.704,13.358,13.076,10.345,10.311
20241115144847.1,409.046996757388,15.595,13.728,13.373,13.1,10.351,10.311
20241115144847.6,409.500001743436,15.577,13.714,13.377,13.071,10.335,10.329
20241115144848,409.948993474245,15.577,13.738,13.375,13.084,10.351,10.321
20241115144848.5,410.401998460293,15.603,13.726,13.375,13.092,10.355,10.311
20241115144848.9,410.858996585011,15.607,13.744,13.383,13.096,10.325,10.333
20241115144849.4,411.327994242311,15.625,13.76,13.368,13.092,10.355,10.331
20241115144849.9,411.780999228358,15.643,13.752,13.379,13.102,10.343,10.325
20241115144850.3,412.237997353077,15.627,13.742,13.377,13.092,10.349,10.315
20241115144850.8,412.690992280841,15.633,13.748,13.389,13.076,10.335,10.327
20241115144851.2,413.143997266889,15.655,13.746,13.381,13.092,10.333,10.315
20241115144851.7,413.597998023033,15.645,13.728,13.381,13.104,10.337,10.315
20241115144852.1,414.046999812126,15.655,13.746,13.381,13.07,10.333,10.295
20241115144852.6,414.503997936845,15.649,13.748,13.379,13.078,10.329,10.293
20241115144853,414.956992864609,15.664,13.752,13.383,13.088,10.333,10.313
20241115144853.5,415.405994653702,15.672,13.752,13.397,13.092,10.335,10.307
20241115144853.9,415.854996442795,15.67,13.75,13.383,13.082,10.329,10.313
20241115144854.4,416.323994100094,15.706,13.75,13.389,13.102,10.337,10.303
20241115144854.9,416.772995889187,15.71,13.754,13.381,13.094,10.333,10.323
20241115144855.3,417.229994013906,15.734,13.76,13.391,13.088,10.335,10.317
20241115144855.8,417.680001631379,15.714,13.76,13.377,13.082,10.359,10.311
20241115144856.2,418.136999756098,15.758,13.744,13.397,13.104,10.339,10.303
20241115144856.7,418.586001545191,15.726,13.765,13.383,13.098,10.329,10.321
20241115144857.1,419.038996472955,15.756,13.756,13.389,13.08,10.347,10.327
20241115144857.6,419.507994130254,15.781,13.787,13.395,13.098,10.329,10.321
20241115144858,419.960999116302,15.756,13.777,13.385,13.102,10.359,10.317
20241115144858.5,420.410000905395,15.768,13.795,13.399,13.102,10.333,10.311
20241115144858.9,420.862995833158,15.797,13.795,13.405,13.098,10.323,10.321
20241115144859.4,421.316000819206,15.809,13.813,13.403,13.094,10.319,10.313
20241115144859.9,421.76899574697,15.797,13.793,13.385,13.112,10.333,10.307
20241115144900.3,422.21899330616,15.787,13.793,13.413,13.076,10.335,10.309
20241115144900.8,422.667995095253,15.803,13.785,13.389,13.1,10.321,10.305
20241115144901.2,423.121000081301,15.785,13.799,13.391,13.09,10.329,10.286
20241115144901.7,423.56999181211,15.813,13.801,13.393,13.106,10.347,10.319
20241115144902.1,424.022996798158,15.827,13.803,13.393,13.1,10.339,10.315
20241115144902.6,424.483998119831,15.835,13.797,13.407,13.12,10.337,10.313
20241115144903,424.94099624455,15.835,13.823,13.413,13.114,10.321,10.307
20241115144903.5,425.394001230597,15.835,13.815,13.387,13.106,10.341,10.305
20241115144903.9,425.847991928458,15.837,13.805,13.417,13.096,10.305,10.313
20241115144904.4,426.296993717551,15.847,13.821,13.411,13.074,10.339,10.307
20241115144904.8,426.754001900554,15.849,13.805,13.403,13.084,10.325,10.311
20241115144905.3,427.202993631363,15.86,13.805,13.409,13.092,10.329,10.299
20241115144905.7,427.655998617411,15.866,13.821,13.419,13.1,10.309,10.294
20241115144906.2,428.108993545175,15.858,13.811,13.407,13.094,10.325,10.305
20241115144906.6,428.561998531222,15.86,13.827,13.419,13.096,10.301,10.28
20241115144907.1,429.018996655941,15.888,13.817,13.421,13.102,10.331,10.305
20241115144907.6,429.468994215131,15.912,13.819,13.425,13.114,10.323,10.294
20241115144908,429.921999201179,15.898,13.835,13.439,13.102,10.339,10.299
20241115144908.5,430.374994128942,15.92,13.843,13.433,13.114,10.335,10.311
20241115144908.9,430.831992253661,15.934,13.851,13.435,13.11,10.327,10.325
20241115144909.4,431.280994042754,15.956,13.855,13.417,13.128,10.325,10.303
20241115144909.8,431.741995364428,15.926,13.859,13.453,13.13,10.319,10.309
20241115144910.3,432.210993021727,15.957,13.843,13.437,13.108,10.325,10.292
20241115144910.8,432.663998007774,15.963,13.856,13.435,13.122,10.323,10.305
20241115144911.2,433.116992935538,15.944,13.841,13.439,13.122,10.319,10.294
20241115144911.7,433.569997921586,15.95,13.852,13.419,13.126,10.305,10.292
20241115144912.1,434.026996046305,15.963,13.86,13.441,13.102,10.307,10.292
20241115144912.6,434.476993605494,15.979,13.849,13.437,13.108,10.319,10.321
20241115144913,434.929998591542,15.985,13.845,13.433,13.116,10.327,10.299
20241115144913.5,435.379000380635,15.987,13.872,13.455,13.138,10.321,10.311
20241115144913.9,435.835998505354,15.995,13.859,13.459,13.122,10.321,10.311
20241115144914.4,436.288993433118,15.995,13.864,13.468,13.12,10.315,10.301
20241115144914.8,436.741998419166,16.003,13.878,13.439,13.136,10.337,10.309
20241115144915.3,437.191000208259,15.999,13.864,13.449,13.132,10.331,10.313
20241115144915.7,437.643995136023,16.033,13.878,13.463,13.14,10.331,10.307
20241115144916.2,438.097995892167,16.023,13.882,13.457,13.152,10.337,10.313
20241115144916.6,438.551000878215,16.059,13.882,13.463,13.13,10.327,10.299
20241115144917.1,438.999992609024,16.047,13.9,13.467,13.14,10.335,10.325
20241115144917.5,439.452997595072,16.041,13.898,13.488,13.17,10.349,10.319
20241115144918,439.925998449326,16.051,13.894,13.457,13.144,10.335,10.341
20241115144918.5,440.370997041464,16.075,13.896,13.486,13.156,10.341,10.317
20241115144918.9,440.823991969228,16.073,13.898,13.477,13.14,10.353,10.331
20241115144919.4,441.276996955276,16.063,13.902,13.471,13.156,10.337,10.325
20241115144919.8,441.726994514465,16.102,13.904,13.483,13.146,10.345,10.313
20241115144920.3,442.179999500513,16.083,13.908,13.467,13.16,10.345,10.323
20241115144920.7,442.632994428277,16.124,13.918,13.477,13.154,10.335,10.321
20241115144921.2,443.101992085576,16.132,13.922,13.477,13.144,10.345,10.327
20241115144921.7,443.569993972778,16.13,13.924,13.473,13.162,10.341,10.327
20241115144922.1,444.022998958826,16.146,13.912,13.5,13.164,10.343,10.309
20241115144922.6,444.468993321061,16.136,13.916,13.483,13.162,10.345,10.323
20241115144923,444.921998307109,16.162,13.93,13.489,13.172,10.335,10.331
20241115144923.5,445.386992767453,16.17,13.96,13.491,13.176,10.341,10.323
20241115144923.9,445.851997286081,16.188,13.94,13.499,13.168,10.345,10.335
20241115144924.4,446.304992213845,16.192,13.946,13.481,13.162,10.339,10.341
20241115144924.8,446.753994002938,16.194,13.956,13.504,13.162,10.339,10.319
20241115144925.3,447.206998988986,16.168,13.95,13.491,13.18,10.343,10.325
20241115144925.7,447.656000778079,16.186,13.938,13.493,13.158,10.343,10.331
20241115144926.2,448.108995705843,16.174,13.942,13.5,13.174,10.333,10.297
20241115144926.6,448.562000691891,16.184,13.942,13.496,13.178,10.347,10.307
20241115144927.1,449.011998251081,16.158,13.952,13.484,13.162,10.345,10.335
20241115144927.5,449.461000040174,16.168,13.952,13.494,13.15,10.325,10.295
20241115144928,449.913994967937,16.168,13.942,13.498,13.175,10.321,10.313
20241115144928.5,450.366999953985,16.177,13.948,13.478,13.164,10.335,10.305
20241115144928.9,450.815991684794,16.187,13.95,13.478,13.162,10.333,10.327
20241115144929.4,451.272999867797,16.189,13.97,13.494,13.164,10.339,10.353
20241115144929.8,451.729997992516,16.211,13.94,13.504,13.154,10.337,10.305
20241115144930.3,452.19499245286,16.195,13.956,13.48,13.166,10.333,10.315
20241115144930.7,452.652000635862,16.183,13.954,13.474,13.154,10.335,10.313
20241115144931.2,453.104995563626,16.179,13.944,13.494,13.14,10.331,10.303
20241115144931.6,453.561993688345,16.207,13.956,13.496,13.168,10.323,10.325
20241115144932.1,454.018991813064,16.227,13.948,13.498,13.181,10.339,10.305
20241115144932.6,454.476995766163,16.223,13.962,13.496,13.173,10.345,10.303
20241115144933,454.91800121963,16.249,13.975,13.496,13.181,10.325,10.325
20241115144933.5,455.370996147394,16.267,13.973,13.504,13.164,10.329,10.325
20241115144933.9,455.827994272113,16.296,13.97,13.514,13.166,10.325,10.313
20241115144934.4,456.280999258161,16.292,13.977,13.516,13.185,10.333,10.333
20241115144934.8,456.737997382879,16.29,13.999,13.514,13.182,10.353,10.315
20241115144935.3,457.194995507598,16.3,13.98,13.52,13.178,10.343,10.313
20241115144935.7,457.640999928117,16.32,13.989,13.518,13.17,10.337,10.329
20241115144936.2,458.093994855881,16.324,13.999,13.516,13.201,10.307,10.319
20241115144936.6,458.550992980599,16.314,13.993,13.522,13.197,10.343,10.335
20241115144937.1,459.008001163602,16.334,14.005,13.524,13.185,10.323,10.335
20241115144937.6,459.476998820901,16.34,14.003,13.508,13.197,10.36,10.339
20241115144938,459.960993379354,16.356,13.996,13.526,13.209,10.341,10.319
20241115144938.5,460.418001562357,16.382,13.999,13.518,13.203,10.374,10.329
20241115144938.9,460.863000154495,16.379,14.034,13.551,13.218,10.344,10.344
20241115144939.4,461.315995082259,16.422,14.03,13.539,13.218,10.338,10.347
20241115144939.9,461.772993206978,16.424,14.044,13.549,13.216,10.349,10.34
20241115144940.3,462.23000138998,16.424,14.056,13.553,13.222,10.349,10.33
20241115144940.8,462.683992087841,16.452,14.058,13.555,13.222,10.363,10.347
20241115144941.2,463.141000270844,16.462,14.06,13.563,13.218,10.344,10.318
20241115144941.7,463.608992099762,16.466,14.08,13.559,13.23,10.355,10.344
20241115144942.2,464.066000282764,16.49,14.076,13.583,13.238,10.371,10.349
20241115144942.6,464.515997841954,16.488,14.078,13.575,13.248,10.361,10.353
20241115144943.1,464.972995966673,16.508,14.078,13.581,13.23,10.353,10.339
20241115144943.5,465.421997755766,16.51,14.098,13.565,13.23,10.361,10.345
20241115144944,465.878995880485,16.518,14.098,13.575,13.234,10.365,10.357
20241115144944.4,466.327997669578,16.531,14.092,13.581,13.246,10.361,10.347
20241115144944.9,466.780992597342,16.537,14.102,13.591,13.226,10.353,10.347
20241115144945.3,467.233997583389,16.529,14.092,13.581,13.234,10.355,10.347
20241115144945.8,467.686992511153,16.531,14.098,13.583,13.242,10.369,10.345
20241115144946.2,468.140993267298,16.557,14.106,13.579,13.222,10.353,10.339
20241115144946.7,468.6089951545,16.551,14.114,13.575,13.23,10.349,10.343
20241115144947.1,469.062000140548,16.569,14.104,13.593,13.246,10.361,10.332
20241115144947.6,469.526994600892,16.551,14.118,13.577,13.238,10.369,10.337
20241115144948.1,469.97999958694,16.571,14.125,13.575,13.262,10.369,10.337
20241115144948.5,470.434000343084,16.579,14.11,13.591,13.252,10.349,10.355
20241115144949,470.886995270848,16.581,14.114,13.591,13.248,10.341,10.363
20241115144949.4,471.343993395567,16.601,14.1,13.571,13.246,10.361,10.342
20241115144949.9,471.801001578569,16.565,14.106,13.597,13.23,10.357,10.328
20241115144950.3,472.253996506333,16.601,14.125,13.597,13.236,10.351,10.318
20241115144950.8,472.707001492381,16.599,14.117,13.603,13.248,10.351,10.318
20241115144951.2,473.159996420145,16.622,14.111,13.575,13.244,10.363,10.324
20241115144951.7,473.613001406193,16.632,14.127,13.589,13.244,10.361,10.338
20241115144952.2,474.085992202163,16.63,14.111,13.591,13.25,10.365,10.344
20241115144952.6,474.543000385165,16.646,14.113,13.584,13.251,10.333,10.337
20241115144953.1,474.991992115974,16.621,14.106,13.609,13.235,10.343,10.323
20241115144953.5,475.460999831557,16.651,14.124,13.596,13.243,10.333,10.307
20241115144954,475.91000162065,16.645,14.124,13.591,13.249,10.359,10.319
20241115144954.4,476.362996548414,16.653,14.132,13.58,13.241,10.313,10.317
20241115144954.9,476.816001534462,16.647,14.104,13.585,13.221,10.317,10.311
20241115144955.4,477.265999093652,16.692,14.12,13.587,13.237,10.327,10.309
20241115144955.8,477.718994021416,16.692,14.144,13.593,13.223,10.333,10.315
20241115144956.3,478.171999007463,16.681,14.12,13.601,13.239,10.321,10.325
20241115144956.7,478.640996664762,16.685,14.118,13.601,13.229,10.319,10.329
20241115144957.2,479.09400165081,16.698,14.132,13.589,13.227,10.325,10.311
20241115144957.6,479.558996111155,16.696,14.146,13.605,13.239,10.331,10.313
20241115144958.1,480.015994235873,16.71,14.15,13.615,13.235,10.325,10.319
20241115144958.6,480.464996024966,16.726,14.142,13.597,13.265,10.335,10.327
20241115144959,480.918001011014,16.738,14.14,13.605,13.245,10.325,10.305
20241115144959.5,481.366992741823,16.732,14.146,13.581,13.239,10.329,10.313
20241115144959.9,481.819997727871,16.744,14.132,13.599,13.237,10.319,10.321
20241115145000.4,482.272992655635,16.742,14.13,13.617,13.231,10.329,10.315
20241115145000.8,482.726993411779,16.746,14.156,13.605,13.235,10.319,10.307
20241115145001.3,483.175995200872,16.75,14.168,13.609,13.253,10.315,10.315
20241115145001.7,483.632993325591,16.768,14.162,13.593,13.241,10.311,10.305
20241115145002.2,484.085998311639,16.777,14.179,13.613,13.219,10.319,10.309
20241115145002.6,484.535000100732,16.779,14.162,13.607,13.233,10.315,10.299
20241115145003.1,484.987995028496,16.807,14.152,13.615,13.221,10.311,10.293
20241115145003.5,485.441000014544,16.773,14.148,13.587,13.227,10.305,10.293
20241115145004,485.890997573733,16.787,14.15,13.587,13.235,10.305,10.293
20241115145004.4,486.343992501497,16.813,14.144,13.607,13.239,10.321,10.311
20241115145004.9,486.8010006845,16.807,14.177,13.607,13.253,10.331,10.303
20241115145005.3,487.249992415309,16.809,14.168,13.597,13.245,10.319,10.303
20241115145005.8,487.698994204402,16.803,14.181,13.601,13.265,10.319,10.319
20241115145006.2,488.15199919045,16.817,14.17,13.615,13.233,10.323,10.325
20241115145006.7,488.613000512123,16.829,14.174,13.621,13.263,10.323,10.315
20241115145007.2,489.065995439887,16.845,14.176,13.629,13.261,10.319,10.325
20241115145007.6,489.519000425935,16.845,14.185,13.639,13.251,10.325,10.325
20241115145008.1,489.968997985125,16.853,14.191,13.611,13.253,10.335,10.315
20241115145008.5,490.421992912889,16.859,14.18,13.603,13.257,10.323,10.311
20241115145009,490.870994701982,16.835,14.185,13.631,13.263,10.333,10.319
20241115145009.4,491.323999688029,16.871,14.193,13.609,13.257,10.339,10.325
20241115145009.9,491.776994615793,16.887,14.187,13.639,13.253,10.323,10.315
20241115145010.3,492.229999601841,16.873,14.189,13.617,13.257,10.341,10.313
20241115145010.8,492.679997161031,16.869,14.197,13.631,13.271,10.323,10.317
20241115145011.2,493.132992088795,16.867,14.219,13.633,13.271,10.339,10.325
20241115145011.7,493.585997074842,16.877,14.209,13.623,13.275,10.311,10.319
20241115145012.1,494.034998863935,16.881,14.195,13.633,13.263,10.325,10.323
20241115145012.6,494.491996988654,16.888,14.203,13.635,13.259,10.319,10.329
20241115145013,494.945001974702,16.879,14.215,13.627,13.259,10.317,10.319
20241115145013.5,495.413999632001,16.9,14.189,13.627,13.251,10.337,10.333
20241115145014,495.866994559765,16.883,14.199,13.635,13.261,10.315,10.321
20241115145014.4,496.319999545813,16.89,14.193,13.631,13.261,10.343,10.317
20241115145014.9,496.772994473577,16.894,14.201,13.627,13.265,10.347,10.303
20241115145015.3,497.241992130876,16.887,14.195,13.621,13.257,10.337,10.321
20241115145015.8,497.706996649504,16.894,14.195,13.637,13.281,10.333,10.303
20241115145016.2,498.155998438597,16.865,14.209,13.637,13.253,10.353,10.313
20241115145016.7,498.608993366361,16.916,14.203,13.655,13.259,10.325,10.337
20241115145017.2,499.073997884989,16.914,14.205,13.641,13.288,10.319,10.329
20241115145017.6,499.526992812753,16.934,14.215,13.637,13.281,10.307,10.327
20241115145018.1,499.977000430226,16.928,14.203,13.643,13.265,10.333,10.307
20241115145018.5,500.433998554945,16.982,14.243,13.633,13.269,10.329,10.315
20241115145019,500.886993482709,16.988,14.231,13.643,13.263,10.339,10.309
20241115145019.4,501.339998468757,16.995,14.241,13.663,13.279,10.331,10.309
20241115145019.9,501.792993396521,17.013,14.249,13.663,13.288,10.333,10.323
20241115145020.3,502.245998382568,17.029,14.249,13.641,13.269,10.325,10.329
20241115145020.8,502.695000171661,17.035,14.253,13.663,13.274,10.331,10.329
20241115145021.2,503.147995099425,17.041,14.237,13.647,13.28,10.299,10.301
20241115145021.7,503.616992756724,17.067,14.243,13.649,13.286,10.341,10.311
20241115145022.2,504.069997742772,17.088,14.257,13.639,13.274,10.335,10.319
20241115145022.6,504.522992670536,17.098,14.276,13.647,13.288,10.315,10.301
20241115145023.1,504.97300028801,17.108,14.251,13.643,13.276,10.325,10.297
20241115145023.5,505.429998412728,17.126,14.277,13.673,13.281,10.333,10.325
20241115145024,505.886996537447,17.16,14.279,13.673,13.281,10.329,10.309
20241115145024.4,506.33599832654,17.142,14.281,13.665,13.279,10.327,10.307
20241115145024.9,506.804995983839,17.16,14.265,13.659,13.306,10.321,10.307
20241115145025.3,507.253997772932,17.136,14.302,13.663,13.286,10.339,10.313
20241115145025.8,507.710995897651,17.154,14.273,13.675,13.281,10.309,10.349
20241115145026.3,508.164000883698,17.146,14.298,13.645,13.292,10.335,10.323
20241115145026.7,508.632998540998,17.17,14.279,13.673,13.271,10.323,10.315
20241115145027.2,509.089996665716,17.164,14.29,13.669,13.286,10.337,10.301
20241115145027.6,509.543001651764,17.156,14.277,13.647,13.269,10.327,10.305
20241115145028.1,509.995996579528,17.172,14.283,13.677,13.283,10.341,10.325
20241115145028.6,510.464994236827,17.18,14.302,13.663,13.281,10.337,10.329
20241115145029,510.929998755455,17.176,14.294,13.683,13.286,10.321,10.303
20241115145029.5,511.398000642657,17.174,14.288,13.661,13.302,10.329,10.313
20241115145029.9,511.852001398802,17.18,14.294,13.679,13.284,10.335,10.307
20241115145030.4,512.30899952352,17.203,14.312,13.692,13.306,10.341,10.315
20241115145030.9,512.768995016813,17.221,14.316,13.694,13.32,10.331,10.315
20241115145031.3,513.229996338487,17.235,14.316,13.679,13.306,10.337,10.313
20241115145031.8,513.683997094631,17.251,14.33,13.69,13.294,10.339,10.325
20241115145032.2,514.136992022395,17.269,14.316,13.684,13.32,10.315,10.331
20241115145032.7,514.601996541023,17.249,14.298,13.706,13.324,10.323,10.331
20241115145033.1,515.055001527071,17.296,14.312,13.694,13.316,10.335,10.329
20241115145033.6,515.522993355989,17.29,14.316,13.7,13.332,10.347,10.317
20241115145034.1,515.973000973463,17.294,14.334,13.71,13.31,10.341,10.327
20241115145034.5,516.440992802382,17.306,14.326,13.72,13.292,10.335,10.319
20241115145035,516.891000419855,17.308,14.328,13.71,13.31,10.345,10.295
20241115145035.4,517.343995347619,17.312,14.348,13.7,13.32,10.321,10.319
20241115145035.9,517.797000333667,17.318,14.334,13.698,13.31,10.329,10.317
20241115145036.3,518.249995261431,17.342,14.338,13.712,13.314,10.323,10.315
20241115145036.8,518.703000247478,17.346,14.354,13.706,13.32,10.321,10.315
20241115145037.2,519.151991978288,17.356,14.362,13.704,13.29,10.319,10.297
20241115145037.7,519.604996964335,17.37,14.356,13.716,13.304,10.321,10.287
20241115145038.1,520.05899772048,17.366,14.344,13.702,13.292,10.309,10.307
20241115145038.6,520.511992648244,17.37,14.37,13.716,13.312,10.339,10.313
20241115145039.1,520.964997634292,17.383,14.356,13.732,13.314,10.325,10.303
20241115145039.5,521.417992562056,17.372,14.352,13.708,13.336,10.311,10.327
20241115145040,521.870997548103,17.387,14.368,13.712,13.296,10.319,10.297
20241115145040.4,522.323992475867,17.389,14.364,13.73,13.326,10.303,10.321
20241115145040.9,522.788996994495,17.407,14.389,13.72,13.302,10.315,10.313
20241115145041.3,523.237998783588,17.413,14.354,13.72,13.316,10.339,10.315
20241115145041.8,523.690993711352,17.415,14.382,13.75,13.338,10.321,10.313
20241115145042.2,524.151995033026,17.433,14.391,13.748,13.346,10.339,10.309
20241115145042.7,524.601992592216,17.439,14.384,13.712,13.336,10.345,10.297
20241115145043.2,525.069994479418,17.455,14.407,13.746,13.334,10.351,10.335
20241115145043.6,525.518996268511,17.445,14.395,13.748,13.332,10.323,10.311
20241115145044.1,525.972997024655,17.465,14.411,13.75,13.336,10.339,10.317
20241115145044.5,526.426002010703,17.492,14.391,13.744,13.344,10.315,10.319
20241115145045,526.890996471047,17.5,14.397,13.724,13.324,10.309,10.297
20241115145045.4,527.344001457095,17.49,14.409,13.752,13.332,10.323,10.311
20241115145045.9,527.808995917439,17.522,14.413,13.744,13.314,10.317,10.309
20241115145046.3,528.262000903487,17.524,14.413,13.73,13.32,10.317,10.297
20241115145046.8,528.714995831251,17.53,14.401,13.754,13.33,10.315,10.311
20241115145047.3,529.168000817299,17.53,14.411,13.754,13.334,10.339,10.299
20241115145047.7,529.616992548108,17.538,14.409,13.734,13.34,10.317,10.327
20241115145048.2,530.069997534156,17.546,14.421,13.762,13.348,10.343,10.329
20241115145048.6,530.52299246192,17.568,14.439,13.768,13.342,10.349,10.329
20241115145049.1,530.976993218064,17.596,14.447,13.762,13.364,10.333,10.339
20241115145049.5,531.444995105267,17.596,14.445,13.762,13.356,10.351,10.341
20241115145050,531.901993229985,17.592,14.443,13.754,13.352,10.341,10.323
20241115145050.4,532.354998216033,17.603,14.437,13.75,13.356,10.329,10.321
20241115145050.9,532.815999537706,17.635,14.441,13.758,13.36,10.339,10.323
20241115145051.4,533.26899446547,17.619,14.453,13.77,13.358,10.321,10.321
20241115145051.8,533.722995221615,17.639,14.459,13.772,13.35,10.341,10.313
20241115145052.3,534.190997108817,17.659,14.455,13.772,13.342,10.309,10.315
20241115145052.7,534.643992036581,17.675,14.453,13.793,13.324,10.349,10.321
20241115145053.2,535.093999654055,17.685,14.467,13.764,13.338,10.341,10.321
20241115145053.6,535.546994581819,17.71,14.469,13.78,13.346,10.337,10.333
20241115145054.1,535.999999567866,17.714,14.475,13.795,13.35,10.311,10.317
20241115145054.5,536.45299449563,17.7,14.478,13.772,13.36,10.341,10.305
20241115145055,536.925995349884,17.728,14.48,13.764,13.33,10.323,10.317
20241115145055.5,537.379000335932,17.752,14.488,13.781,13.352,10.321,10.317
20241115145055.9,537.831995263696,17.756,14.478,13.787,13.358,10.329,10.317
20241115145056.4,538.288993388414,17.764,14.49,13.793,13.352,10.327,10.305
20241115145056.8,538.741998374462,17.778,14.504,13.793,13.36,10.347,10.321
20241115145057.3,539.194993302226,17.778,14.502,13.799,13.364,10.335,10.333
20241115145057.7,539.647998288274,17.801,14.52,13.811,13.358,10.319,10.325
20241115145058.2,540.101999044418,17.829,14.528,13.803,13.366,10.335,10.327
20241115145058.6,540.558997169137,17.839,14.518,13.815,13.378,10.343,10.327
20241115145059.1,541.011992096901,17.851,14.536,13.801,13.368,10.347,10.327
20241115145059.6,541.469000279903,17.861,14.53,13.821,13.374,10.364,10.335
20241115145100,541.921995207667,17.867,14.52,13.821,13.362,10.349,10.325
20241115145100.5,542.378993332386,17.855,14.53,13.817,13.37,10.321,10.323
20241115145100.9,542.843997851014,17.859,14.528,13.809,13.366,10.327,10.307
20241115145101.4,543.292999640107,17.849,14.53,13.817,13.366,10.327,10.315
20241115145101.8,543.749997764826,17.857,14.518,13.811,13.361,10.331,10.307
20241115145102.3,544.21499222517,17.884,14.52,13.801,13.352,10.315,10.307
20241115145102.8,544.667997211218,17.902,14.53,13.789,13.371,10.329,10.319
20241115145103.2,545.116999000311,17.878,14.532,13.793,13.363,10.333,10.311
20241115145103.7,545.58599665761,17.882,14.522,13.821,13.377,10.351,10.321
20241115145104.1,546.039001643658,17.902,14.544,13.813,13.377,10.341,10.319
20241115145104.6,546.495999768376,17.904,14.528,13.817,13.389,10.329,10.333
20241115145105.1,546.97999432683,17.924,14.552,13.809,13.381,10.345,10.309
20241115145105.5,547.433995082974,17.916,14.548,13.819,13.37,10.335,10.307
20241115145106,547.890993207693,17.926,14.55,13.807,13.366,10.357,10.317
20241115145106.4,548.348001390696,17.93,14.55,13.813,13.381,10.347,10.337
20241115145106.9,548.80099631846,17.962,14.54,13.831,13.381,10.331,10.317
20241115145107.4,549.268998205662,17.962,14.55,13.831,13.391,10.341,10.317
20241115145107.8,549.718995764852,17.991,14.572,13.841,13.377,10.331,10.321
20241115145108.3,550.17599388957,18.003,14.589,13.831,13.391,10.335,10.337
20241115145108.7,550.628998875618,18.029,14.585,13.835,13.382,10.347,10.319
20241115145109.2,551.090000197291,18.047,14.591,13.817,13.389,10.355,10.333
20241115145109.6,551.542995125055,18.043,14.581,13.849,13.411,10.329,10.321
20241115145110.1,551.996000111103,18.067,14.587,13.841,13.377,10.333,10.319
20241115145110.5,552.452998235822,18.09,14.593,13.847,13.401,10.327,10.325
20241115145111,552.905993163586,18.106,14.613,13.859,13.401,10.339,10.321
20241115145111.5,553.375000879169,18.126,14.619,13.859,13.397,10.347,10.335
20241115145111.9,553.839995339513,18.122,14.613,13.872,13.401,10.345,10.323
20241115145112.4,554.304999858141,18.138,14.611,13.859,13.407,10.335,10.319
20241115145112.8,554.757994785905,18.15,14.625,13.855,13.405,10.327,10.311
20241115145113.3,555.206996574998,18.142,14.615,13.855,13.413,10.339,10.309
20241115145113.7,555.660001561046,18.136,14.613,13.839,13.395,10.345,10.317
20241115145114.2,556.11299648881,18.15,14.613,13.865,13.417,10.333,10.309
20241115145114.7,556.566001474857,18.192,14.639,13.869,13.403,10.339,10.341
20241115145115.1,557.018996402621,18.201,14.631,13.875,13.407,10.349,10.333
20241115145115.6,557.472997158766,18.193,14.649,13.883,13.423,10.355,10.329
20241115145116,557.929995283484,18.188,14.659,13.879,13.405,10.359,10.329
20241115145116.5,558.383000269532,18.192,14.633,13.881,13.409,10.337,10.319
20241115145116.9,558.847994729877,18.188,14.633,13.879,13.417,10.337,10.327
20241115145117.4,559.304992854595,18.192,14.645,13.871,13.417,10.345,10.333
20241115145117.8,559.753994643688,18.178,14.629,13.847,13.419,10.337,10.335
20241115145118.3,560.222992300987,18.156,14.625,13.863,13.427,10.323,10.321
20241115145118.8,560.675997287035,18.168,14.645,13.875,13.437,10.335,10.325
20241115145119.2,561.128992214799,18.182,14.651,13.879,13.441,10.355,10.335
20241115145119.7,561.586000397801,18.205,14.647,13.881,13.437,10.339,10.339
20241115145120.1,562.034992128611,18.229,14.655,13.869,13.431,10.337,10.317
20241115145120.6,562.503999844193,18.273,14.657,13.896,13.437,10.349,10.313
20241115145121.1,562.984001263976,18.292,14.655,13.89,13.461,10.347,10.353
20241115145121.5,563.433998823166,18.296,14.669,13.904,13.437,10.345,10.337
20241115145122,563.890996947885,18.302,14.698,13.908,13.455,10.325,10.331
20241115145122.4,564.339998736978,18.324,14.684,13.91,13.459,10.374,10.325
20241115145122.9,564.808996394277,18.358,14.716,13.904,13.447,10.345,10.337
20241115145123.3,565.262001380324,18.374,14.714,13.92,13.473,10.358,10.349
20241115145123.8,565.710993111134,18.384,14.706,13.91,13.469,10.358,10.335
20241115145124.3,566.175997629762,18.386,14.71,13.918,13.449,10.327,10.309
20241115145124.7,566.63299575448,18.407,14.708,13.91,13.429,10.335,10.343
20241115145125.2,567.098000273108,18.433,14.714,13.894,13.467,10.351,10.335
20241115145125.6,567.550995200872,18.421,14.73,13.908,13.453,10.333,10.315
20241115145126.1,568.00400018692,18.447,14.712,13.91,13.455,10.335,10.349
20241115145126.5,568.456995114684,18.457,14.732,13.918,13.459,10.357,10.325
20241115145127,568.910000100732,18.443,14.728,13.916,13.455,10.351,10.321
20241115145127.4,569.362995028496,18.467,14.724,13.918,13.469,10.353,10.331
20241115145127.9,569.816000014544,18.463,14.74,13.924,13.475,10.353,10.337
20241115145128.4,570.268994942307,18.485,14.756,13.924,13.441,10.359,10.325
20241115145128.8,570.718992501497,18.508,14.736,13.928,13.457,10.355,10.339
20241115145129.3,571.16799429059,18.516,14.754,13.918,13.467,10.351,10.333
20241115145129.7,571.620999276638,18.522,14.752,13.93,13.463,10.335,10.337
20241115145130.2,572.104993835092,18.526,14.756,13.914,13.465,10.368,10.327
20241115145130.7,572.574001550674,18.54,14.774,13.944,13.463,10.345,10.347
20241115145131.1,573.042999207973,18.546,14.758,13.924,13.461,10.343,10.335
20241115145131.6,573.507993668318,18.544,14.756,13.93,13.467,10.341,10.333
20241115145132.1,573.972998186946,18.54,14.768,13.928,13.467,10.341,10.333
20241115145132.5,574.429996311665,18.524,14.766,13.92,13.494,10.353,10.327
20241115145133,574.883001297712,18.522,14.772,13.964,13.473,10.351,10.317
20241115145133.4,575.335996225476,18.534,14.758,13.944,13.477,10.347,10.339
20241115145133.9,575.804993882775,18.534,14.736,13.944,13.49,10.355,10.337
20241115145134.3,576.257998868823,18.536,14.758,13.946,13.475,10.343,10.331
20241115145134.8,576.722993329167,18.53,14.764,13.936,13.473,10.355,10.331
20241115145135.3,577.18000151217,18.54,14.772,13.956,13.488,10.353,10.325
20241115145135.7,577.644000202417,18.572,14.785,13.956,13.492,10.355,10.311
20241115145136.2,578.098000958562,18.57,14.772,13.94,13.482,10.347,10.339
20241115145136.6,578.550995886326,18.562,14.772,13.918,13.469,10.329,10.341
20241115145137.1,579.007994011045,18.564,14.758,13.94,13.469,10.359,10.335
20241115145137.6,579.477001726627,18.552,14.787,13.922,13.481,10.335,10.331
20241115145138,579.925993457437,18.552,14.764,13.924,13.465,10.355,10.351
20241115145138.5,580.383001640439,18.564,14.772,13.92,13.465,10.355,10.337
20241115145138.9,580.835996568203,18.566,14.746,13.918,13.467,10.341,10.337
20241115145139.4,581.292994692922,18.566,14.766,13.938,13.479,10.351,10.323
20241115145139.8,581.75799921155,18.56,14.758,13.934,13.488,10.366,10.335
20241115145140.3,582.222993671894,18.572,14.785,13.924,13.469,10.368,10.335
20241115145140.8,582.690995559096,18.58,14.774,13.942,13.473,10.349,10.339
20241115145141.2,583.147993683815,18.59,14.77,13.94,13.471,10.345,10.335
20241115145141.7,583.60199443996,18.586,14.76,13.946,13.483,10.345,10.329
20241115145142.2,584.065993130207,18.609,14.778,13.942,13.475,10.349,10.333
20241115145142.6,584.518998116255,18.605,14.774,13.926,13.477,10.343,10.335
20241115145143.1,584.968995675445,18.613,14.791,13.942,13.488,10.343,10.329
20241115145143.5,585.422000661492,18.647,14.794,13.95,13.485,10.347,10.333
20241115145144,585.874995589256,18.659,14.796,13.95,13.502,10.345,10.339
20241115145144.4,586.343993246555,18.685,14.796,13.966,13.493,10.358,10.339
20241115145144.9,586.808997765183,18.697,14.803,13.96,13.487,10.37,10.37
20241115145145.3,587.261992692947,18.697,14.819,13.962,13.5,10.339,10.353
20241115145145.8,587.714997678995,18.716,14.798,13.962,13.485,10.343,10.337
20241115145146.3,588.179992139339,18.714,14.811,13.996,13.467,10.353,10.329
20241115145146.7,588.632997125387,18.734,14.819,13.952,13.49,10.345,10.325
20241115145147.2,589.089995250106,18.76,14.819,13.972,13.483,10.355,10.335
20241115145147.6,589.558992907405,18.758,14.809,13.984,13.492,10.343,10.329
20241115145148.1,590.026994794607,18.799,14.827,13.989,13.49,10.372,10.327
20241115145148.6,590.495992451906,18.799,14.841,13.978,13.496,10.353,10.317
20241115145149,590.960996970534,18.807,14.835,13.97,13.486,10.353,10.333
20241115145149.5,591.409998759627,18.827,14.835,13.978,13.496,10.353,10.335
20241115145150,591.866996884346,18.833,14.827,13.973,13.496,10.339,10.329
20241115145150.4,592.31999181211,18.847,14.827,13.991,13.502,10.347,10.329
20241115145150.9,592.788999527693,18.857,14.839,13.977,13.486,10.349,10.341
20241115145151.3,593.241994455457,18.882,14.863,13.977,13.486,10.349,10.323
20241115145151.8,593.710992112756,18.871,14.859,13.973,13.49,10.353,10.329
20241115145152.3,594.179999828339,18.888,14.859,13.997,13.498,10.345,10.327
20241115145152.7,594.660001248121,18.91,14.865,13.995,13.498,10.345,10.341
20241115145153.2,595.12899890542,18.938,14.869,13.989,13.478,10.351,10.337
20241115145153.7,595.593993365765,18.93,14.882,13.987,13.494,10.349,10.335
20241115145154.1,596.058997884393,18.914,14.863,13.987,13.506,10.345,10.337
20241115145154.6,596.52299657464,18.934,14.88,13.985,13.494,10.347,10.321
20241115145155.1,596.991994231939,18.936,14.88,13.987,13.496,10.335,10.325
20241115145155.5,597.444999217987,18.924,14.87,13.985,13.496,10.353,10.317
20241115145156,597.89400100708,18.944,14.87,14.003,13.49,10.331,10.297
20241115145156.4,598.348001763225,18.952,14.882,14.001,13.496,10.351,10.315
20241115145156.9,598.804999887943,18.93,14.874,14.005,13.514,10.351,10.315
20241115145157.3,599.254001677036,18.975,14.904,14.019,13.51,10.339,10.335
20241115145157.8,599.722999334335,18.993,14.902,14.009,13.506,10.337,10.317
20241115145158.3,600.179997459054,19.005,14.878,13.999,13.504,10.349,10.331
20241115145158.7,600.640998780727,19.029,14.902,14.025,13.51,10.337,10.317
20241115145159.2,601.097996905446,19.031,14.918,14.013,13.528,10.313,10.313
20241115145159.6,601.546998694539,19.045,14.918,14.005,13.504,10.331,10.305
20241115145200.1,601.999993622303,19.055,14.916,14.039,13.524,10.333,10.311
20241115145200.5,602.452998608351,19.078,14.934,14.021,13.512,10.333,10.301
20241115145201,602.92199626565,19.102,14.928,14.029,13.526,10.331,10.325
20241115145201.5,603.390993922949,19.142,14.93,14.039,13.534,10.329,10.303
20241115145201.9,603.843998908997,19.152,14.948,14.031,13.51,10.315,10.311
20241115145202.4,604.31599393487,19.173,14.944,14.021,13.526,10.319,10.313
20241115145202.9,604.780998453498,19.223,14.955,14.017,13.522,10.333,10.333
20241115145203.3,605.233993381262,19.227,14.955,14.025,13.516,10.339,10.305
20241115145203.8,605.703001096845,19.255,14.977,14.047,13.508,10.321,10.333
20241115145204.2,606.155996024609,19.262,14.977,14.043,13.526,10.333,10.325
20241115145204.7,606.624993681908,19.296,14.987,14.047,13.536,10.321,10.321
20241115145205.2,607.077998667955,19.302,14.991,14.037,13.534,10.329,10.325
20241115145205.6,607.5429931283,19.33,14.993,14.064,13.53,10.351,10.311
20241115145206.1,608.000001311302,19.33,14.999,14.043,13.53,10.325,10.296
20241115145206.6,608.464995771646,19.373,14.999,14.041,13.54,10.345,10.321
20241115145207,608.918000757694,19.391,15.021,14.056,13.536,10.331,10.311
20241115145207.5,609.370995685458,19.423,15.025,14.07,13.538,10.347,10.315
20241115145207.9,609.839993342757,19.435,15.047,14.078,13.557,10.311,10.311
20241115145208.4,610.292998328805,19.48,15.049,14.076,13.567,10.345,10.307
20241115145208.8,610.761995986104,19.492,15.06,14.072,13.563,10.347,10.329
20241115145209.3,611.215000972152,19.51,15.066,14.09,13.565,10.345,10.311
20241115145209.8,611.679995432496,19.536,15.057,14.088,13.593,10.335,10.325
20241115145210.2,612.133000418544,19.528,15.076,14.102,13.585,10.319,10.325
20241115145210.7,612.589998543262,19.56,15.082,14.098,13.575,10.333,10.321
20241115145211.1,613.058996200562,19.558,15.094,14.094,13.567,10.335,10.309
20241115145211.6,613.526998087764,19.575,15.104,14.106,13.571,10.325,10.301
20241115145212.1,613.983996212482,19.595,15.094,14.116,13.579,10.339,10.321
20241115145212.5,614.452993869781,19.625,15.088,14.12,13.579,10.327,10.296
20241115145213,614.91799838841,19.637,15.106,14.098,13.577,10.345,10.315
20241115145213.5,615.386996045709,19.665,15.112,14.11,13.585,10.331,10.315
20241115145213.9,615.859001129866,19.696,15.13,14.122,13.583,10.339,10.305
20241115145214.4,616.32399559021,19.696,15.118,14.118,13.591,10.341,10.321
20241115145214.9,616.789000108838,19.708,15.13,14.13,13.589,10.339,10.319
20241115145215.3,617.241995036602,19.72,15.136,14.128,13.581,10.345,10.321
20241115145215.8,617.72999279201,19.72,15.142,14.14,13.589,10.351,10.313
20241115145216.3,618.194997310638,19.738,15.152,14.126,13.587,10.347,10.339
20241115145216.8,618.663994967937,19.758,15.148,14.142,13.595,10.337,10.315
20241115145217.2,619.132992625237,19.785,15.163,14.142,13.585,10.351,10.333
20241115145217.7,619.609000906348,19.789,15.163,14.146,13.607,10.347,10.323
20241115145218.1,620.061995834112,19.807,15.156,14.148,13.597,10.347,10.313
20241115145218.6,620.515996590257,19.811,15.181,14.163,13.601,10.345,10.315
20241115145219.1,620.969001576304,19.837,15.173,14.134,13.597,10.329,10.321
20241115145219.5,621.421996504068,19.851,15.163,14.146,13.607,10.343,10.317
20241115145220,621.875001490116,19.867,15.191,14.16,13.611,10.339,10.327
20241115145220.4,622.343999147415,19.892,15.175,14.165,13.597,10.349,10.309
20241115145220.9,622.796994075179,19.916,15.215,14.177,13.623,10.355,10.331
20241115145221.3,623.261998593807,19.924,15.227,14.166,13.613,10.349,10.335
20241115145221.8,623.730000481009,19.956,15.193,14.158,13.611,10.335,10.311
20241115145222.3,624.184001237154,19.981,15.211,14.15,13.607,10.337,10.309
20241115145222.7,624.636996164918,19.985,15.241,14.175,13.607,10.341,10.325
20241115145223.2,625.093994289637,20.001,15.227,14.179,13.623,10.343,10.323
20241115145223.6,625.558998808265,20.033,15.239,14.179,13.611,10.339,10.335
20241115145224.1,626.027000695467,20.043,15.239,14.183,13.617,10.353,10.327
20241115145224.6,626.495998352766,20.047,15.245,14.191,13.603,10.349,10.333
20241115145225,626.94899328053,20.096,15.239,14.171,13.625,10.349,10.315
20241115145225.5,627.418000996113,20.102,15.251,14.175,13.629,10.357,10.317
20241115145226,627.870995923877,20.114,15.251,14.171,13.633,10.329,10.321
20241115145226.4,628.339993581176,20.138,15.258,14.183,13.625,10.325,10.311
20241115145226.9,628.792998567224,20.134,15.274,14.183,13.637,10.331,10.303
20241115145227.3,629.261996224523,20.156,15.262,14.183,13.625,10.329,10.315
20241115145227.8,629.74600084126,20.179,15.27,14.191,13.639,10.335,10.294
20241115145228.3,630.210995301604,20.199,15.294,14.187,13.619,10.337,10.325
20241115145228.8,630.679992958903,20.241,15.302,14.215,13.631,10.349,10.313
20241115145229.2,631.159994378686,20.269,15.294,14.219,13.637,10.335,10.309
20241115145229.7,631.628992035985,20.267,15.31,14.209,13.641,10.331,10.311
20241115145230.2,632.093996554613,20.278,15.298,14.221,13.633,10.325,10.309
20241115145230.6,632.547001540661,20.284,15.31,14.225,13.647,10.347,10.331
20241115145231.1,633.01599919796,20.3,15.31,14.213,13.653,10.329,10.315
20241115145231.6,633.468994125724,20.292,15.306,14.215,13.649,10.335,10.303
20241115145232,633.925992250443,20.314,15.332,14.233,13.645,10.351,10.321
20241115145232.5,634.393994137645,20.322,15.322,14.225,13.635,10.339,10.311
20241115145232.9,634.858998656273,20.34,15.34,14.227,13.639,10.343,10.319
20241115145233.4,635.327996313572,20.332,15.324,14.225,13.643,10.329,10.317
20241115145233.9,635.796993970871,20.33,15.34,14.221,13.631,10.349,10.317
20241115145234.3,636.261998489499,20.33,15.35,14.243,13.672,10.351,10.325
20241115145234.8,636.711000278592,20.332,15.328,14.251,13.647,10.343,10.327
20241115145235.3,637.163995206356,20.342,15.352,14.243,13.664,10.325,10.303
20241115145235.7,637.617000192404,20.356,15.348,14.221,13.666,10.357,10.321
20241115145236.2,638.085997849703,20.368,15.348,14.237,13.651,10.351,10.307
20241115145236.6,638.554995507002,20.381,15.354,14.241,13.657,10.329,10.317
20241115145237.1,639.018994197249,20.391,15.324,14.253,13.659,10.333,10.311
20241115145237.6,639.487991854548,20.387,15.358,14.247,13.668,10.341,10.311
20241115145238,639.956999570131,20.403,15.358,14.249,13.645,10.323,10.299
20241115145238.5,640.409994497895,20.415,15.362,14.249,13.657,10.329,10.299
20241115145239,640.878992155194,20.451,15.377,14.259,13.672,10.311,10.315
20241115145239.4,641.331997141242,20.472,15.385,14.251,13.66,10.335,10.309
20241115145239.9,641.784992069006,20.486,15.395,14.255,13.672,10.347,10.325
20241115145240.3,642.253999784589,20.522,15.389,14.257,13.684,10.329,10.313
20241115145240.8,642.718994244933,20.532,15.401,14.278,13.664,10.331,10.323
20241115145241.3,643.186996132135,20.568,15.413,14.28,13.672,10.335,10.317
20241115145241.7,643.659996986389,20.579,15.429,14.262,13.674,10.319,10.309
20241115145242.2,644.125001505017,20.593,15.439,14.28,13.668,10.323,10.309
20241115145242.7,644.577996432781,20.601,15.415,14.284,13.67,10.341,10.315
20241115145243.1,645.04699409008,20.599,15.437,14.257,13.664,10.335,10.297
20241115145243.6,645.534991845489,20.599,15.429,14.278,13.668,10.329,10.321
20241115145244.1,645.987996831536,20.605,15.427,14.282,13.678,10.343,10.325
20241115145244.5,646.46099768579,20.611,15.441,14.284,13.688,10.333,10.325
20241115145245,646.933998540044,20.649,15.425,14.288,13.678,10.331,10.309
20241115145245.5,647.386993467808,20.653,15.449,14.284,13.696,10.327,10.303
20241115145245.9,647.84400165081,20.659,15.449,14.286,13.702,10.315,10.319
20241115145246.4,648.308996111155,20.704,15.466,14.296,13.706,10.323,10.319
20241115145246.9,648.776997998357,20.716,15.454,14.318,13.692,10.321,10.301
20241115145247.3,649.245995655656,20.763,15.47,14.294,13.688,10.305,10.315
20241115145247.8,649.699000641704,20.766,15.478,14.314,13.71,10.339,10.301
20241115145248.3,650.167998299003,20.783,15.492,14.3,13.698,10.333,10.311
20241115145248.7,650.636995956302,20.803,15.492,14.322,13.712,10.327,10.307
20241115145249.2,651.116997376084,20.805,15.492,14.316,13.704,10.337,10.327
20241115145249.7,651.569992303848,20.809,15.506,14.314,13.712,10.333,10.329
20241115145250.1,652.022997289896,20.799,15.496,14.338,13.726,10.327,10.325
20241115145250.6,652.476998046041,20.799,15.502,14.322,13.716,10.323,10.321
20241115145251,652.944999933243,20.774,15.486,14.324,13.718,10.333,10.329
20241115145251.5,653.409994393587,20.813,15.492,14.318,13.716,10.327,10.321
20241115145252,653.878992050886,20.829,15.5,14.318,13.724,10.353,10.329
20241115145252.4,654.347999766469,20.841,15.526,14.36,13.726,10.343,10.317
20241115145252.9,654.816001653671,20.881,15.53,14.342,13.746,10.331,10.343
20241115145253.4,655.268996581435,20.895,15.546,14.34,13.738,10.347,10.313
20241115145253.8,655.753996968269,20.924,15.53,14.34,13.726,10.331,10.313
20241115145254.3,656.222994625568,20.936,15.546,14.348,13.734,10.349,10.323
20241115145254.8,656.690996512771,20.952,15.55,14.344,13.736,10.337,10.321
20241115145255.3,657.175996899605,20.982,15.558,14.33,13.73,10.323,10.317
20241115145255.7,657.628991827369,21.005,15.562,14.35,13.742,10.325,10.311
20241115145256.2,658.093996345997,21.025,15.583,14.342,13.74,10.333,10.313
20241115145256.6,658.561998233199,21.073,15.57,14.362,13.75,10.331,10.325
20241115145257.1,659.026992693543,21.071,15.589,14.372,13.754,10.335,10.333
20241115145257.6,659.479997679591,21.1,15.586,14.352,13.752,10.347,10.305
20241115145258,659.940999001265,21.083,15.597,14.364,13.762,10.339,10.319
20241115145258.5,660.409996658564,21.12,15.623,14.366,13.742,10.331,10.313
20241115145259,660.878994315863,21.15,15.611,14.374,13.764,10.331,10.309
20241115145259.4,661.343998834491,21.15,15.615,14.39,13.77,10.353,10.329
20241115145259.9,661.812000721693,21.184,15.627,14.403,13.772,10.343,10.317
20241115145300.4,662.276995182037,21.184,15.629,14.386,13.778,10.337,10.335
20241115145300.8,662.745992839336,21.217,15.629,14.39,13.784,10.339,10.337
20241115145301.3,663.215000554919,21.245,15.653,14.392,13.776,10.343,10.333
20241115145301.8,663.679995015264,21.275,15.663,14.423,13.766,10.347,10.325
20241115145302.2,664.136993139982,21.297,15.669,14.423,13.778,10.343,10.319
20241115145302.7,664.608998224139,21.32,15.659,14.411,13.77,10.331,10.317
20241115145303.2,665.081999078393,21.35,15.671,14.407,13.778,10.339,10.325
20241115145303.6,665.546993538737,21.344,15.69,14.407,13.768,10.339,10.317
20241115145304.1,665.999998524785,21.322,15.663,14.419,13.774,10.327,10.319
20241115145304.5,666.452993452549,21.322,15.655,14.409,13.778,10.347,10.325
20241115145305,666.905998438597,21.306,15.649,14.409,13.787,10.343,10.325
20241115145305.4,667.358993366361,21.267,15.645,14.419,13.776,10.341,10.319
20241115145305.9,667.828001081944,21.287,15.663,14.411,13.78,10.343,10.313
20241115145306.4,668.296998739243,21.304,15.688,14.405,13.774,10.327,10.327
20241115145306.9,668.765996396542,21.33,15.675,14.407,13.77,10.331,10.325
20241115145307.3,669.219001382589,21.334,15.675,14.415,13.764,10.345,10.315
20241115145307.8,669.675999507308,21.37,15.683,14.419,13.774,10.337,10.339
20241115145308.2,670.140993967652,21.404,15.695,14.415,13.786,10.339,10.343
20241115145308.7,670.6049926579,21.382,15.691,14.419,13.794,10.353,10.335
20241115145309.2,671.077993512154,21.38,15.681,14.425,13.794,10.337,10.321
20241115145309.6,671.530998498201,21.356,15.679,14.423,13.77,10.345,10.323
20241115145310.1,671.995992958546,21.38,15.7,14.427,13.774,10.341,10.343
20241115145310.6,672.465000674129,21.411,15.7,14.425,13.796,10.341,10.319
20241115145311,672.944992035627,21.413,15.714,14.443,13.792,10.353,10.333
20241115145311.5,673.409996554255,21.443,15.714,14.443,13.782,10.351,10.353
20241115145312,673.882997408509,21.469,15.724,14.437,13.809,10.349,10.329
20241115145312.4,674.347991868854,21.489,15.736,14.431,13.803,10.337,10.323
20241115145312.9,674.812000617385,21.504,15.742,14.449,13.799,10.357,10.329
20241115145313.4,675.266001373529,21.542,15.742,14.449,13.815,10.341,10.313
20241115145313.8,675.722999498248,21.538,15.756,14.447,13.789,10.325,10.327
20241115145314.3,676.175994426012,21.588,15.766,14.457,13.815,10.321,10.317
20241115145314.7,676.636995747685,21.594,15.766,14.443,13.811,10.339,10.333
20241115145315.2,677.116997167468,21.645,15.778,14.447,13.817,10.331,10.319
20241115145315.7,677.585994824767,21.671,15.803,14.465,13.821,10.347,10.339
20241115145316.1,678.054992482066,21.71,15.794,14.485,13.821,10.358,10.329
20241115145316.6,678.522994369268,21.722,15.827,14.455,13.817,10.356,10.343
20241115145317.1,678.987998887897,21.756,15.811,14.475,13.825,10.358,10.325
20241115145317.5,679.456996545196,21.778,15.839,14.475,13.835,10.351,10.321
20241115145318,679.925994202495,21.796,15.827,14.5,13.843,10.349,10.315
20241115145318.5,680.393996089697,21.853,15.849,14.508,13.821,10.347,10.333
20241115145318.9,680.859000608325,21.865,15.873,14.524,13.845,10.333,10.333
20241115145319.4,681.323995068669,21.912,15.891,14.518,13.843,10.337,10.323
20241115145319.9,681.792992725968,21.938,15.893,14.526,13.827,10.341,10.335
20241115145320.3,682.257997244596,21.978,15.885,14.528,13.837,10.341,10.337
20241115145320.8,682.726994901896,21.988,15.891,14.524,13.861,10.337,10.331
20241115145321.3,683.194996789098,22.006,15.895,14.524,13.837,10.356,10.335
20241115145321.7,683.643998578191,22.041,15.922,14.546,13.849,10.329,10.317
20241115145322.2,684.116999432445,22.055,15.924,14.538,13.861,10.347,10.339
20241115145322.7,684.593993425369,22.075,15.924,14.522,13.875,10.325,10.331
20241115145323.1,685.061995312572,22.081,15.916,14.554,13.883,10.345,10.339
20241115145323.6,685.5269998312,22.112,15.962,14.562,13.865,10.343,10.319
20241115145324.1,685.983997955918,22.128,15.942,14.548,13.855,10.345,10.356
20241115145324.5,686.444999277592,22.15,15.954,14.542,13.859,10.356,10.323
20241115145325,686.918000131845,22.154,15.978,14.558,13.875,10.337,10.341
20241115145325.5,687.379001453519,22.172,15.971,14.577,13.888,10.355,10.349
20241115145325.9,687.847999110818,22.186,15.951,14.569,13.896,10.355,10.334
20241115145326.4,688.31600099802,22.21,15.975,14.589,13.888,10.359,10.347
20241115145326.9,688.768995925784,22.233,15.997,14.583,13.886,10.361,10.343
20241115145327.3,689.237993583083,22.261,15.999,14.581,13.9,10.375,10.341
20241115145327.8,689.702998101711,22.278,16.007,14.603,13.92,10.353,10.345
20241115145328.3,690.17199575901,22.306,16.009,14.605,13.914,10.373,10.353
20241115145328.7,690.637000277638,22.304,16.014,14.589,13.894,10.365,10.344
20241115145329.2,691.104992106557,22.337,16.022,14.585,13.917,10.353,10.342
20241115145329.7,691.57399982214,22.358,16.042,14.595,13.906,10.349,10.338
20241115145330.1,692.026994749904,22.39,16.03,14.601,13.909,10.363,10.344
20241115145330.6,692.495992407203,22.382,16.038,14.607,13.902,10.351,10.349
20241115145331.1,692.965000122786,22.409,16.044,14.599,13.921,10.359,10.344
20241115145331.5,693.42999458313,22.415,16.062,14.628,13.933,10.353,10.349
20241115145332,693.897996470332,22.441,16.06,14.624,13.933,10.365,10.341
20241115145332.5,694.366994127631,22.449,16.074,14.628,13.939,10.379,10.337
20241115145332.9,694.83599178493,22.492,16.082,14.644,13.927,10.367,10.349
20241115145333.4,695.300996303558,22.486,16.064,14.619,13.923,10.363,10.355
20241115145333.9,695.768998190761,22.517,16.092,14.638,13.945,10.361,10.363
20241115145334.3,696.23799584806,22.539,16.096,14.65,13.937,10.351,10.345
20241115145334.8,696.706993505359,22.549,16.092,14.64,13.945,10.353,10.341
20241115145335.3,697.171998023987,22.57,16.11,14.648,13.945,10.355,10.361
20241115145335.7,697.640995681286,22.574,16.116,14.636,13.931,10.357,10.347
20241115145336.2,698.104994371533,22.547,16.09,14.652,13.955,10.367,10.361
20241115145336.7,698.573992028832,22.556,16.098,14.644,13.949,10.379,10.341
20241115145337.1,699.042999744415,22.568,16.102,14.654,13.941,10.359,10.351
20241115145337.6,699.511997401714,22.59,16.094,14.652,13.941,10.357,10.349
20241115145338.1,699.968995526433,22.597,16.114,14.668,13.931,10.357,10.337
20241115145338.5,700.425993651152,22.582,16.123,14.656,13.939,10.371,10.33
20241115145339,700.89099816978,22.613,16.122,14.648,13.949,10.365,10.353
20241115145339.4,701.359000056982,22.603,16.108,14.644,13.943,10.377,10.357
20241115145339.9,701.839997246861,22.619,16.127,14.662,13.927,10.339,10.33
20241115145340.4,702.30899490416,22.627,16.139,14.668,13.955,10.351,10.353
20241115145340.9,702.776996791363,22.652,16.135,14.648,13.943,10.357,10.357
20241115145341.3,703.226994350553,22.66,16.141,14.666,13.953,10.353,10.347
20241115145341.8,703.694996237755,22.68,16.155,14.66,13.957,10.363,10.359
20241115145342.3,704.163993895054,22.67,16.145,14.656,13.947,10.367,10.353
20241115145342.7,704.633001610637,22.676,16.123,14.666,13.965,10.369,10.341
20241115145343.2,705.097996070981,22.68,16.143,14.67,13.981,10.349,10.341
20241115145343.7,705.565997958183,22.688,16.147,14.664,13.957,10.357,10.357
20241115145344.1,706.018992885947,22.715,16.137,14.656,13.949,10.345,10.33
20241115145344.6,706.48800060153,22.715,16.145,14.674,13.967,10.349,10.349
20241115145345,706.952995061874,22.717,16.169,14.674,13.947,10.341,10.363
20241115145345.5,707.425995916128,22.719,16.157,14.66,13.961,10.371,10.353
20241115145346,707.89399780333,22.717,16.153,14.672,13.957,10.339,10.343
20241115145346.4,708.362995460629,22.731,16.155,14.678,13.957,10.353,10.345
20241115145346.9,708.831993117929,22.737,16.151,14.67,13.965,10.343,10.341
20241115145347.4,709.301000833511,22.762,16.157,14.676,13.961,10.375,10.341
20241115145347.8,709.75799895823,22.803,16.185,14.664,13.993,10.355,10.343
20241115145348.3,710.226996615529,22.836,16.205,14.682,13.977,10.351,10.334
20241115145348.8,710.694998502731,22.844,16.217,14.7,13.977,10.363,10.359
20241115145349.3,711.179998889565,22.885,16.215,14.7,13.993,10.341,10.332
20241115145349.7,711.632993817329,22.913,16.24,14.694,13.971,10.361,10.345
20241115145350.2,712.102001532912,22.96,16.219,14.706,13.995,10.355,10.345
20241115145350.7,712.56600022316,22.968,16.232,14.723,13.987,10.363,10.343
20241115145351.1,713.030994683504,22.983,16.256,14.708,13.973,10.353,10.343
20241115145351.6,713.487992808223,23.022,16.258,14.714,13.997,10.359,10.337
20241115145352,713.957000523806,23.042,16.27,14.727,14.011,10.339,10.332
20241115145352.5,714.440995082259,23.075,16.278,14.725,13.997,10.365,10.357
20241115145353,714.909992739558,23.089,16.278,14.729,13.999,10.334,10.351
20241115145353.5,715.379000455141,23.093,16.294,14.739,14.009,10.347,10.324
20241115145353.9,715.843994915485,23.14,16.288,14.735,14.021,10.355,10.326
20241115145354.4,716.311996802688,23.13,16.278,14.739,14.019,10.343,10.33
20241115145354.9,716.777001321316,23.15,16.314,14.753,14.026,10.343,10.33
20241115145355.3,717.24199578166,23.173,16.292,14.741,14.026,10.351,10.339
20241115145355.8,717.714996635914,23.197,16.328,14.757,14.027,10.355,10.337
20241115145356.3,718.180001154542,23.224,16.334,14.763,14.031,10.379,10.355
20241115145356.7,718.64799298346,23.224,16.318,14.775,14.046,10.339,10.347
20241115145357.2,719.117000699043,23.226,16.343,14.759,14.04,10.363,10.359
20241115145357.7,719.581995159388,23.236,16.347,14.769,14.036,10.373,10.357
20241115145358.1,720.038993284106,23.252,16.335,14.759,14.023,10.345,10.361
20241115145358.6,720.508000999689,23.285,16.341,14.789,14.031,10.357,10.355
20241115145359.1,720.976998656988,23.265,16.357,14.773,14.064,10.351,10.343
20241115145359.5,721.44500054419,23.305,16.373,14.781,14.048,10.353,10.324
20241115145400,721.930000931025,23.334,16.381,14.789,14.042,10.359,10.359
20241115145400.5,722.393999621272,23.359,16.373,14.777,14.036,10.345,10.355
20241115145400.9,722.848000377417,23.383,16.391,14.793,14.04,10.357,10.357
20241115145401.4,723.300995305181,23.408,16.381,14.787,14.036,10.345,10.347
20241115145401.8,723.757993429899,23.377,16.401,14.787,14.054,10.367,10.349
20241115145402.3,724.222997948527,23.403,16.399,14.793,14.066,10.361,10.347
20241115145402.8,724.69099983573,23.44,16.405,14.811,14.05,10.355,10.335
20241115145403.2,725.155994296074,23.469,16.415,14.821,14.048,10.345,10.341
20241115145403.7,725.625002011657,23.475,16.409,14.793,14.062,10.351,10.343
20241115145404.2,726.089996472001,23.514,16.427,14.809,14.052,10.329,10.359
20241115145404.6,726.5589941293,23.504,16.429,14.809,14.058,10.357,10.333
20241115145405.1,727.026996016502,23.532,16.425,14.829,14.058,10.335,10.353
20241115145405.6,727.483994141221,23.526,16.44,14.811,14.06,10.367,10.341
20241115145406,727.948998659849,23.549,16.446,14.825,14.06,10.347,10.347
20241115145406.5,728.417996317148,23.581,16.454,14.827,14.072,10.343,10.341
20241115145407,728.883000835776,23.595,16.452,14.834,14.068,10.343,10.335
20241115145407.4,729.35499586165,23.624,16.474,14.842,14.078,10.341,10.333
20241115145407.9,729.835993051529,23.655,16.472,14.834,14.066,10.339,10.343
20241115145408.4,730.308993905783,23.683,16.494,14.852,14.08,10.351,10.355
20241115145408.9,730.77299259603,23.687,16.48,14.854,14.078,10.347,10.339
20241115145409.3,731.230000779033,23.71,16.504,14.862,14.06,10.351,10.339
20241115145409.8,731.698998436332,23.732,16.516,14.86,14.092,10.331,10.331
20241115145410.2,732.151993364096,23.757,16.518,14.864,14.1,10.335,10.369
20241115145410.7,732.616997882724,23.788,16.534,14.868,14.088,10.349,10.351
20241115145411.2,733.085995540023,23.81,16.518,14.876,14.092,10.341,10.339
20241115145411.6,733.551000058651,23.831,16.563,14.862,14.092,10.333,10.331
20241115145412.1,734.00799818337,23.837,16.553,14.888,14.096,10.339,10.355
20241115145412.5,734.460993111134,23.873,16.551,14.874,14.096,10.353,10.339
20241115145413,734.930000826716,23.882,16.549,14.896,14.096,10.341,10.337
20241115145413.5,735.393999516964,23.918,16.569,14.908,14.082,10.349,10.337
20241115145413.9,735.843997076154,23.947,16.595,14.906,14.086,10.355,10.345
20241115145414.4,736.311998963356,23.976,16.585,14.896,14.118,10.355,10.331
20241115145414.9,736.7769934237,23.994,16.603,14.922,14.11,10.331,10.341
20241115145415.3,737.246001139283,24,16.613,14.91,14.104,10.349,10.341
20241115145415.8,737.714998796582,24.025,16.615,14.916,14.12,10.335,10.326
20241115145416.3,738.183996453881,24.061,16.615,14.902,14.112,10.335,10.353
20241115145416.7,738.637001439929,24.047,16.627,14.904,14.112,10.357,10.345
20241115145417.2,739.104993268847,24.051,16.633,14.914,14.126,10.345,10.345
20241115145417.7,739.57400098443,24.08,16.64,14.924,14.128,10.353,10.339
20241115145418.1,740.038995444775,24.084,16.66,14.924,14.114,10.337,10.331
20241115145418.6,740.492000430822,24.104,16.654,14.932,14.126,10.343,10.333
20241115145419,740.960998088121,24.11,16.668,14.922,14.143,10.341,10.329
20241115145419.5,741.42999574542,24.145,16.686,14.937,14.132,10.353,10.351
20241115145420,741.897997632623,24.178,16.662,14.926,14.126,10.357,10.349
20241115145420.4,742.362992092967,24.172,16.68,14.941,14.135,10.331,10.335
20241115145420.9,742.827996611595,24.194,16.672,14.951,14.116,10.333,10.349
20241115145421.4,743.281001597643,24.237,16.674,14.943,14.134,10.345,10.339
20241115145421.8,743.749999254942,24.245,16.704,14.955,14.135,10.351,10.341
20241115145422.3,744.214993715286,24.247,16.704,14.955,14.137,10.343,10.341
20241115145422.8,744.671991840005,24.266,16.718,14.935,14.141,10.329,10.329
20241115145423.2,745.151993259788,24.288,16.694,14.951,14.13,10.337,10.343
20241115145423.7,745.62100097537,24.325,16.728,14.961,14.147,10.343,10.353
20241115145424.2,746.073995903134,24.345,16.726,14.967,14.134,10.349,10.361
20241115145424.6,746.546996757388,24.386,16.739,14.969,14.153,10.349,10.341
20241115145425.1,747.015994414687,24.417,16.759,14.959,14.13,10.339,10.349
20241115145425.6,747.479993104935,24.445,16.775,14.973,14.157,10.337,10.355
20241115145426,747.949000820518,24.464,16.779,14.979,14.145,10.351,10.341
20241115145426.5,748.417998477817,24.539,16.781,14.971,14.167,10.343,10.333
20241115145427,748.874996602535,24.576,16.773,14.971,14.149,10.337,10.322
20241115145427.4,749.340001121163,24.554,16.783,14.977,14.153,10.353,10.353
20241115145427.9,749.808998778462,24.578,16.787,14.993,14.173,10.351,10.341
20241115145428.4,750.277000665665,24.607,16.811,15.011,14.149,10.349,10.343
20241115145428.8,750.745998322964,24.619,16.815,14.989,14.171,10.337,10.341
20241115145429.3,751.214995980263,24.658,16.827,15.007,14.165,10.337,10.345
20241115145429.8,751.683993637562,24.703,16.833,15.011,14.181,10.353,10.326
20241115145430.2,752.147992327809,24.74,16.825,15.011,14.171,10.349,10.341
20241115145430.7,752.632992714643,24.736,16.842,15.025,14.163,10.339,10.347
20241115145431.2,753.112994134426,24.777,16.848,15.025,14.179,10.351,10.359
20241115145431.7,753.582001850009,24.805,16.868,15.025,14.175,10.337,10.351
20241115145432.1,754.061993211508,24.836,16.87,15.013,14.181,10.357,10.347
20241115145432.6,754.531000927091,24.879,16.894,15.035,14.187,10.353,10.335
20241115145433.1,754.99999858439,24.879,16.894,15.052,14.173,10.343,10.333
20241115145433.6,755.468996241689,24.889,16.898,15.052,14.193,10.335,10.347
20241115145434,755.934000760317,24.917,16.918,15.062,14.203,10.331,10.337
20241115145434.5,756.401992589235,24.909,16.91,15.042,14.197,10.32,10.329
20241115145435,756.886992976069,24.942,16.91,15.027,14.195,10.324,10.353
20241115145435.4,757.354994863272,24.967,16.926,15.042,14.189,10.353,10.316
20241115145435.9,757.823992520571,24.977,16.932,15.07,14.217,10.331,10.341
20241115145436.4,758.293000236154,25.013,16.943,15.072,14.197,10.343,10.331
20241115145436.8,758.749998360872,25.032,16.947,15.06,14.211,10.331,10.341
20241115145437.3,759.218996018171,25.034,16.965,15.072,14.211,10.324,10.339
20241115145437.8,759.684000536799,25.089,16.959,15.094,14.217,10.335,10.329
20241115145438.2,760.155995562673,25.093,16.981,15.078,14.205,10.333,10.333
20241115145438.7,760.624993219972,25.112,16.975,15.096,14.225,10.326,10.337
20241115145439.2,761.094000935555,25.116,16.977,15.08,14.236,10.347,10.312
20241115145439.6,761.561992764473,25.144,16.973,15.104,14.225,10.343,10.335
20241115145440.1,762.026997283101,25.152,16.983,15.09,14.24,10.341,10.347
20241115145440.6,762.4959949404,25.171,17.009,15.096,14.236,10.347,10.347
20241115145441.1,762.968995794654,25.189,16.987,15.106,14.229,10.322,10.318
20241115145441.5,763.441000878811,25.195,17.013,15.104,14.225,10.322,10.345
20241115145442,763.90999853611,25.216,16.997,15.134,14.24,10.329,10.331
20241115145442.5,764.378996193409,25.255,17.013,15.118,14.256,10.322,10.329
20241115145442.9,764.844000712037,25.298,17.044,15.132,14.252,10.347,10.347
20241115145443.4,765.311992540956,25.3,17.05,15.118,14.256,10.353,10.343
20241115145443.9,765.776997059584,25.322,17.04,15.145,14.25,10.324,10.324
20241115145444.3,766.245994716883,25.336,17.048,15.134,14.252,10.326,10.341
20241115145444.8,766.714992374182,25.389,17.062,15.122,14.254,10.345,10.343
20241115145445.3,767.17999689281,25.406,17.088,15.13,14.258,10.341,10.326
20241115145445.7,767.647998780012,25.434,17.092,15.141,14.256,10.335,10.353
20241115145446.2,768.116996437311,25.438,17.086,15.153,14.282,10.333,10.333
20241115145446.7,768.58599409461,25.459,17.104,15.141,14.26,10.343,10.343
20241115145447.1,769.055001810193,25.49,17.104,15.151,14.246,10.337,10.347
20241115145447.6,769.522993639112,25.49,17.1,15.153,14.266,10.337,10.343
20241115145448.1,769.992001354694,25.496,17.11,15.161,14.26,10.341,10.335
20241115145448.6,770.464992150664,25.514,17.102,15.139,14.27,10.339,10.335
20241115145449,770.929996669292,25.514,17.122,15.153,14.274,10.349,10.339
20241115145449.5,771.397998556495,25.524,17.124,15.153,14.26,10.345,10.351
20241115145450,771.866996213794,25.537,17.114,15.145,14.27,10.326,10.331
20241115145450.4,772.335993871093,25.526,17.132,15.161,14.274,10.341,10.324
20241115145450.9,772.800998389721,25.569,17.124,15.173,14.266,10.337,10.353
20241115145451.4,773.265992850065,25.551,17.137,15.169,14.282,10.343,10.324
20241115145451.8,773.733994737267,25.604,17.128,15.161,14.278,10.339,10.333
20241115145452.3,774.202992394567,25.655,17.147,15.169,14.288,10.339,10.347
20241115145452.8,774.672000110149,25.643,17.165,15.181,14.296,10.32,10.341
20241115145453.2,775.136994570494,25.673,17.185,15.187,14.296,10.331,10.337
20241115145453.7,775.608999654651,25.673,17.165,15.181,14.29,10.347,10.337
20241115145454.2,776.073994114995,25.702,17.167,15.191,14.29,10.335,10.337
20241115145454.6,776.546994969249,25.71,17.175,15.207,14.278,10.349,10.341
20241115145455.1,777.015992626548,25.731,17.191,15.207,14.292,10.322,10.347
20241115145455.6,777.47300080955,25.755,17.207,15.215,14.298,10.337,10.324
20241115145456,777.940992638469,25.753,17.187,15.207,14.3,10.337,10.339
20241115145456.5,778.410000354052,25.757,17.203,15.209,14.294,10.335,10.345
20241115145457,778.883001208305,25.749,17.183,15.209,14.298,10.331,10.347
20241115145457.4,779.34799566865,25.776,17.195,15.215,14.304,10.335,10.324
20241115145457.9,779.815997555852,25.812,17.197,15.215,14.3,10.341,10.331
20241115145458.4,780.280992016196,25.845,17.219,15.215,14.314,10.345,10.345
20241115145458.8,780.749999731779,25.868,17.225,15.24,14.296,10.329,10.345
20241115145459.3,781.218997389078,25.892,17.227,15.211,14.318,10.331,10.331
20241115145459.8,781.684001907706,25.912,17.252,15.229,14.302,10.337,10.333
20241115145500.2,782.151993736625,25.941,17.25,15.227,14.343,10.331,10.333
20241115145500.7,782.616998255253,25.994,17.264,15.242,14.341,10.329,10.324
20241115145501.2,783.073996379972,26.023,17.27,15.252,14.324,10.343,10.337
20241115145501.6,783.546997234225,26.056,17.278,15.266,14.332,10.337,10.331
20241115145502.1,784.01199169457,26.056,17.308,15.254,14.345,10.347,10.333
20241115145502.6,784.483996778727,26.088,17.292,15.248,14.33,10.353,10.335
20241115145503,784.952994436026,26.115,17.304,15.26,14.335,10.324,10.326
20241115145503.5,785.417998954654,26.147,17.286,15.264,14.341,10.347,10.331
20241115145504,785.886996611953,26.17,17.343,15.258,14.347,10.333,10.326
20241115145504.4,786.354998499155,26.231,17.332,15.276,14.341,10.337,10.339
20241115145504.9,786.823996156454,26.264,17.355,15.278,14.347,10.337,10.32
20241115145505.4,787.311993911862,26.315,17.349,15.296,14.351,10.31,10.339
20241115145505.9,787.77699843049,26.325,17.361,15.304,14.355,10.326,10.345
20241115145506.3,788.261998817325,26.389,17.407,15.29,14.365,10.337,10.324
20241115145506.8,788.730000704527,26.431,17.411,15.298,14.373,10.333,10.333
20241115145507.3,789.198998361826,26.454,17.413,15.332,14.389,10.329,10.322
20241115145507.8,789.667996019125,26.493,17.433,15.322,14.379,10.326,10.337
20241115145508.2,790.136993676424,26.515,17.446,15.332,14.381,10.318,10.316
20241115145508.7,790.601998195052,26.532,17.452,15.335,14.393,10.318,10.339
20241115145509.2,791.0659968853,26.558,17.45,15.322,14.381,10.333,10.322
20241115145509.6,791.534994542599,26.579,17.452,15.332,14.391,10.331,10.345
20241115145510.1,792.003992199898,26.609,17.456,15.343,14.401,10.326,10.326
20241115145510.6,792.476993054152,26.628,17.472,15.345,14.405,10.343,10.329
20241115145511,792.940991744399,26.662,17.466,15.371,14.405,10.335,10.316
20241115145511.5,793.413992598653,26.675,17.478,15.339,14.411,10.314,10.341
20241115145512,793.866997584701,26.66,17.476,15.365,14.389,10.316,10.333
20241115145512.4,794.339998438954,26.644,17.492,15.341,14.401,10.318,10.326
20241115145512.9,794.804992899299,26.646,17.498,15.359,14.393,10.32,10.341
20241115145513.4,795.276997983456,26.662,17.478,15.379,14.399,10.322,10.32
20241115145513.8,795.745995640755,26.685,17.5,15.371,14.415,10.347,10.329
20241115145514.3,796.199000626802,26.707,17.504,15.357,14.409,10.331,10.331
20241115145514.7,796.660001948476,26.693,17.49,15.357,14.413,10.337,10.316
20241115145515.2,797.12499640882,26.728,17.504,15.357,14.417,10.343,10.333
20241115145515.7,797.593994066119,26.73,17.518,15.363,14.405,10.324,10.345
20241115145516.1,798.061995953321,26.754,17.518,15.361,14.397,10.343,10.331
20241115145516.6,798.53099361062,26.773,17.504,15.385,14.419,10.326,10.329
20241115145517.1,798.995998129249,26.779,17.528,15.399,14.425,10.333,10.331
20241115145517.5,799.460992589593,26.803,17.53,15.373,14.429,10.312,10.322
20241115145518,799.930000305176,26.828,17.553,15.391,14.423,10.31,10.339
20241115145518.5,800.386998429894,26.828,17.539,15.381,14.417,10.314,10.347
20241115145518.9,800.855000317097,26.852,17.563,15.387,14.434,10.318,10.316
20241115145519.4,801.319994777441,26.881,17.561,15.395,14.44,10.324,10.32
20241115145519.9,801.792995631695,26.932,17.581,15.421,14.427,10.31,10.324
20241115145520.3,802.261993288994,26.946,17.597,15.413,14.425,10.351,10.337
20241115145520.8,802.729995176196,26.979,17.585,15.411,14.436,10.331,10.343
20241115145521.3,803.198992833495,26.977,17.595,15.411,14.46,10.343,10.32
20241115145521.8,803.668000549078,26.991,17.607,15.403,14.413,10.316,10.324
20241115145522.2,804.136998206377,27.022,17.617,15.411,14.415,10.322,10.333
20241115145522.7,804.601992666721,27.04,17.623,15.411,14.438,10.337,10.337
20241115145523.2,805.069994553924,27.038,17.623,15.423,14.427,10.316,10.329
20241115145523.6,805.534999072552,27.051,17.654,15.417,14.438,10.314,10.337
20241115145524.1,805.99199719727,27.049,17.638,15.427,14.436,10.32,10.322
20241115145524.6,806.464998051524,27.085,17.644,15.417,14.436,10.308,10.329
20241115145525,806.929992511868,27.108,17.66,15.429,14.452,10.32,10.331
20241115145525.5,807.397994399071,27.136,17.652,15.421,14.468,10.333,10.318
20241115145526,807.86699205637,27.157,17.674,15.427,14.458,10.306,10.329
20241115145526.4,808.331996574998,27.167,17.66,15.419,14.429,10.333,10.335
20241115145526.9,808.800994232297,27.165,17.672,15.434,14.458,10.32,10.329
20241115145527.4,809.268996119499,27.2,17.68,15.436,14.466,10.335,10.329
20241115145527.8,809.737993776798,27.228,17.672,15.452,14.45,10.322,10.331
20241115145528.3,810.207001492381,27.253,17.696,15.45,14.468,10.32,10.324
20241115145528.8,810.671995952725,27.279,17.69,15.44,14.452,10.308,10.333
20241115145529.2,811.140993610024,27.286,17.712,15.466,14.46,10.31,10.314
20241115145529.7,811.608995497227,27.333,17.706,15.458,14.47,10.333,10.314
20241115145530.2,812.077993154526,27.355,17.734,15.456,14.474,10.326,10.314
20241115145530.6,812.547000870109,27.392,17.734,15.48,14.462,10.316,10.333
20241115145531.1,813.015998527408,27.396,17.73,15.482,14.484,10.329,10.329
20241115145531.6,813.479997217655,27.424,17.759,15.504,14.468,10.318,10.322
20241115145532,813.936995342374,27.447,17.759,15.492,14.476,10.306,10.306
20241115145532.5,814.409996196628,27.478,17.783,15.504,14.484,10.322,10.316
20241115145533,814.878993853927,27.516,17.787,15.492,14.472,10.32,10.312
20241115145533.4,815.35199470818,27.518,17.793,15.504,14.494,10.333,10.318
20241115145533.9,815.831996127963,27.535,17.817,15.52,14.488,10.322,10.331
20241115145534.4,816.297000646591,27.545,17.795,15.484,14.48,10.318,10.31
20241115145534.9,816.76599830389,27.551,17.783,15.5,14.494,10.316,10.324
20241115145535.3,817.234000191092,27.549,17.819,15.514,14.488,10.326,10.333
20241115145535.8,817.698994651437,27.565,17.819,15.524,14.496,10.322,10.32
20241115145536.3,818.171995505691,27.588,17.807,15.502,14.5,10.304,10.322
20241115145536.7,818.637000024319,27.602,17.831,15.516,14.496,10.324,10.318
20241115145537.2,819.105001911521,27.608,17.84,15.524,14.508,10.322,10.312
20241115145537.7,819.57399956882,27.643,17.844,15.534,14.512,10.329,10.318
20241115145538.1,820.058999955654,27.666,17.864,15.514,14.51,10.326,10.298
20241115145538.6,820.522998645902,27.7,17.858,15.549,14.498,10.318,10.314
20241115145539.1,820.991996303201,27.725,17.852,15.534,14.518,10.318,10.322
20241115145539.5,821.4609939605,27.764,17.878,15.532,14.518,10.318,10.302
20241115145540,821.930001676083,27.794,17.884,15.549,14.514,10.31,10.302
20241115145540.5,822.39400036633,27.851,17.924,15.561,14.514,10.312,10.308
20241115145540.9,822.862998023629,27.886,17.89,15.559,14.52,10.322,10.306
20241115145541.4,823.327992483974,27.862,17.918,15.579,14.533,10.304,10.316
20241115145541.9,823.797000199556,27.917,17.914,15.579,14.53,10.326,10.306
20241115145542.3,824.261994659901,27.931,17.93,15.579,14.532,10.331,10.318
20241115145542.8,824.726999178529,28.021,17.949,15.577,14.532,10.304,10.314
20241115145543.3,825.195001065731,28.042,17.975,15.609,14.547,10.32,10.322
20241115145543.8,825.680001452565,28.093,17.985,15.597,14.555,10.302,10.331
20241115145544.3,826.163996011019,28.138,17.971,15.587,14.549,10.31,10.31
20241115145544.7,826.629000529647,28.152,18.001,15.613,14.555,10.324,10.31
20241115145545.2,827.093994989991,28.209,17.999,15.601,14.567,10.296,10.345
20241115145545.7,827.573996409774,28.24,18.011,15.619,14.557,10.312,10.298
20241115145546.1,828.046997264028,28.283,18.015,15.617,14.563,10.331,10.318
20241115145546.6,828.511991724372,28.289,18.035,15.623,14.565,10.304,10.308
20241115145547.1,828.979993611574,28.328,18.037,15.619,14.559,10.314,10.316
20241115145547.5,829.440994933248,28.358,18.056,15.623,14.541,10.314,10.316
20241115145548,829.913995787501,28.409,18.054,15.627,14.565,10.314,10.314
20241115145548.5,830.3829934448,28.434,18.074,15.638,14.563,10.304,10.329
20241115145548.9,830.852001160383,28.426,18.066,15.66,14.561,10.31,10.32
20241115145549.4,831.319992989302,28.424,18.058,15.64,14.565,10.302,10.31
20241115145549.9,831.789000704885,28.471,18.094,15.64,14.577,10.306,10.324
20241115145550.3,832.253995165229,28.477,18.088,15.656,14.569,10.324,10.306
20241115145550.8,832.722992822528,28.514,18.118,15.662,14.579,10.314,10.312
20241115145551.3,833.187001571059,28.52,18.11,15.658,14.591,10.308,10.322
20241115145551.7,833.651996031404,28.507,18.116,15.666,14.565,10.312,10.314
20241115145552.2,834.124996885657,28.526,18.122,15.662,14.575,10.31,10.312
20241115145552.7,834.593994542956,28.55,18.12,15.67,14.581,10.308,10.304
20241115145553.1,835.061996430159,28.577,18.122,15.666,14.585,10.314,10.314
20241115145553.6,835.518994554877,28.614,18.128,15.676,14.591,10.306,10.314
20241115145554.1,835.976998507977,28.671,18.149,15.69,14.595,10.318,10.3
20241115145554.5,836.445000395179,28.706,18.151,15.682,14.585,10.31,10.318
20241115145555,836.913998052478,28.746,18.175,15.696,14.619,10.308,10.322
20241115145555.5,837.386998906732,28.763,18.175,15.692,14.615,10.312,10.318
20241115145555.9,837.851993367076,28.816,18.197,15.728,14.621,10.314,10.314
20241115145556.4,838.309001550078,28.84,18.211,15.728,14.619,10.333,10.333
20241115145556.9,838.776993378997,28.883,18.215,15.712,14.619,10.318,10.314
20241115145557.3,839.24600109458,28.914,18.217,15.724,14.633,10.333,10.3
20241115145557.8,839.714998751879,28.916,18.227,15.718,14.631,10.316,10.316
20241115145558.3,840.183996409178,28.898,18.233,15.718,14.629,10.306,10.308
20241115145558.7,840.647995099425,28.926,18.233,15.737,14.627,10.306,10.316
20241115145559.2,841.116992756724,28.934,18.252,15.747,14.627,10.314,10.335
20241115145559.7,841.581997275352,28.951,18.227,15.745,14.633,10.331,10.304
20241115145600.1,842.054998129606,28.981,18.266,15.735,14.64,10.333,10.314
20241115145600.6,842.534999549389,29.01,18.272,15.763,14.638,10.304,10.316
20241115145601.1,843.018994107842,29.03,18.272,15.751,14.634,10.308,10.326
20241115145601.6,843.487991765141,29.067,18.296,15.761,14.636,10.308,10.314
20241115145602,843.956999480724,29.131,18.298,15.777,14.652,10.32,10.304
20241115145602.5,844.425997138023,29.163,18.322,15.785,14.662,10.312,10.306
20241115145603,844.893999025226,29.194,18.326,15.809,14.664,10.306,10.306
20241115145603.4,845.35899348557,29.235,18.357,15.781,14.666,10.294,10.324
20241115145603.9,845.828001201153,29.267,18.361,15.805,14.652,10.304,10.306
20241115145604.4,846.300991997123,29.294,18.385,15.819,14.67,10.306,10.335
20241115145604.9,846.765996515751,29.316,18.365,15.793,14.662,10.308,10.316
20241115145605.3,847.238001599908,29.329,18.373,15.813,14.684,10.316,10.306
20241115145605.8,847.710992395878,29.361,18.395,15.807,14.688,10.316,10.324
20241115145606.3,848.180000111461,29.412,18.387,15.797,14.666,10.318,10.324
20241115145606.7,848.647991940379,29.41,18.411,15.829,14.69,10.326,10.318
20241115145607.2,849.112996459007,29.41,18.417,15.836,14.68,10.31,10.31
20241115145607.7,849.581994116306,29.457,18.415,15.823,14.688,10.314,10.322
20241115145608.1,850.051001831889,29.492,18.427,15.836,14.678,10.314,10.308
20241115145608.6,850.518993660808,29.496,18.419,15.821,14.708,10.308,10.331
20241115145609.1,850.98800137639,29.488,18.44,15.85,14.678,10.312,10.31
20241115145609.5,851.46099217236,29.498,18.439,15.838,14.678,10.302,10.308
20241115145610,851.929999887943,29.537,18.452,15.86,14.698,10.302,10.31
20241115145610.5,852.401994913816,29.551,18.448,15.835,14.704,10.308,10.314
20241115145611,852.866999432445,29.594,18.48,15.838,14.718,10.31,10.312
20241115145611.4,853.340000286698,29.623,18.472,15.856,14.714,10.294,10.316
20241115145611.9,853.808997943997,29.633,18.472,15.856,14.722,10.3,10.318
20241115145612.4,854.2769998312,29.672,18.5,15.862,14.7,10.324,10.31
20241115145612.8,854.738001152873,29.694,18.486,15.872,14.732,10.306,10.306
20241115145613.3,855.202995613217,29.686,18.486,15.878,14.716,10.306,10.329
20241115145613.8,855.671993270516,29.68,18.494,15.87,14.71,10.316,10.314
20241115145614.2,856.129001453519,29.629,18.476,15.876,14.724,10.31,10.302
20241115145614.7,856.597999110818,29.658,18.462,15.868,14.718,10.314,10.32
20241115145615.2,857.097996398807,29.67,18.504,15.876,14.726,10.308,10.32
20241115145615.7,857.565998286009,29.676,18.49,15.864,14.732,10.326,10.316
20241115145616.1,858.030992746353,29.66,18.492,15.868,14.73,10.31,10.322
20241115145616.6,858.500000461936,29.688,18.502,15.866,14.724,10.312,10.302
20241115145617.1,858.97300131619,29.68,18.51,15.87,14.726,10.326,10.288
20241115145617.5,859.437000006437,29.707,18.512,15.876,14.73,10.312,10.326
20241115145618,859.901994466782,29.729,18.53,15.886,14.722,10.296,10.314
20241115145618.5,860.37899851799,29.729,18.534,15.894,14.733,10.316,10.314
20241115145618.9,860.851999372244,29.748,18.532,15.884,14.735,10.306,10.292
20241115145619.4,861.320001259446,29.746,18.528,15.876,14.726,10.322,10.31
20241115145619.9,861.808994784951,29.791,18.522,15.888,14.728,10.314,10.31
20241115145620.4,862.276996672153,29.807,18.549,15.89,14.728,10.318,10.298
20241115145620.8,862.749997526407,29.811,18.555,15.91,14.714,10.314,10.314
20241115145621.3,863.218995183706,29.846,18.551,15.9,14.737,10.31,10.308
20241115145621.8,863.698996603489,29.887,18.573,15.884,14.724,10.31,10.318
20241115145622.3,864.167994260788,29.923,18.583,15.906,14.73,10.308,10.312
20241115145622.7,864.628995582461,29.946,18.581,15.918,14.745,10.314,10.31
20241115145623.2,865.094000101089,30.015,18.587,15.92,14.749,10.314,10.308
20241115145623.6,865.562001988292,30.04,18.597,15.932,14.741,10.298,10.324
20241115145624.1,866.030999645591,30.083,18.644,15.924,14.733,10.306,10.312
20241115145624.6,866.516000032425,30.152,18.639,15.936,14.761,10.308,10.322
20241115145625.1,866.999994590878,30.187,18.662,15.937,14.763,10.31,10.298
20241115145625.6,867.468992248178,30.224,18.672,15.932,14.765,10.318,10.298
20241115145626,867.940997332335,30.277,18.68,15.971,14.791,10.333,10.3
20241115145626.5,868.413998186588,30.318,18.692,15.963,14.789,10.314,10.308
20241115145627,868.878992646933,30.348,18.714,15.967,14.779,10.304,10.318
20241115145627.4,869.348000362515,30.375,18.741,15.973,14.787,10.306,10.32
20241115145627.9,869.815992191434,30.405,18.738,16.001,14.805,10.298,10.314
20241115145628.4,870.304995775223,30.412,18.73,15.987,14.779,10.306,10.302
20241115145628.9,870.76899446547,30.422,18.751,15.987,14.779,10.304,10.329
20241115145629.3,871.237992122769,30.42,18.745,15.993,14.787,10.304,10.316
20241115145629.8,871.706999838352,30.436,18.738,15.989,14.781,10.308,10.318
20241115145630.3,872.190994396806,30.442,18.718,15.995,14.783,10.32,10.32
20241115145630.8,872.66399525106,30.473,18.745,16.003,14.803,10.294,10.314
20241115145631.2,873.132992908359,30.52,18.769,16.025,14.789,10.329,10.312
20241115145631.7,873.602000623941,30.547,18.783,16.025,14.815,10.314,10.316
20241115145632.2,874.065999314189,30.581,18.781,16.025,14.795,10.308,10.32
20241115145632.6,874.530993774533,30.632,18.809,16.013,14.821,10.314,10.314
20241115145633.1,875.000001490116,30.692,18.831,16.029,14.799,10.318,10.312
20241115145633.6,875.468999147415,30.73,18.846,16.044,14.825,10.326,10.32
20241115145634,875.937001034617,30.769,18.835,16.05,14.829,10.31,10.31
20241115145634.5,876.401995494962,30.818,18.864,16.058,14.823,10.324,10.316
20241115145635,876.870993152261,30.861,18.874,16.058,14.817,10.314,10.322
20241115145635.4,877.335997670889,30.904,18.906,16.064,14.852,10.302,10.32
20241115145635.9,877.804995328188,30.967,18.928,16.078,14.834,10.31,10.312
20241115145636.4,878.284996747971,31.01,18.916,16.082,14.848,10.31,10.31
20241115145636.8,878.757997602224,31.029,18.938,16.09,14.85,10.312,10.314
20241115145637.3,879.226995259523,31.047,18.936,16.092,14.864,10.31,10.312
20241115145637.8,879.694997146726,31.08,18.95,16.104,14.868,10.304,10.314
20241115145638.2,880.160001665354,31.129,18.977,16.116,14.862,10.316,10.306
20241115145638.7,880.632992461324,31.153,18.983,16.106,14.874,10.32,10.333
20241115145639.2,881.097996979952,31.17,18.991,16.13,14.87,10.314,10.32
20241115145639.7,881.569992005825,31.208,19.007,16.122,14.88,10.327,10.316
20241115145640.1,882.042992860079,31.231,19.005,16.126,14.856,10.308,10.314
20241115145640.6,882.512000575662,31.237,19.027,16.142,14.888,10.312,10.312
20241115145641.1,882.983995601535,31.247,19.019,16.138,14.884,10.325,10.296
20241115145641.5,883.456996455789,31.249,19.033,16.144,14.88,10.32,10.306
20241115145642,883.925994113088,31.28,19.031,16.13,14.876,10.323,10.327
20241115145642.5,884.397999197245,31.257,19.033,16.144,14.874,10.316,10.31
20241115145642.9,884.862993657589,31.286,19.039,16.146,14.908,10.31,10.316
20241115145643.4,885.327998176217,31.302,19.045,16.14,14.888,10.3,10.312
20241115145643.9,885.796995833516,31.335,19.066,16.161,14.902,10.318,10.325
20241115145644.4,886.269000917673,31.36,19.068,16.144,14.916,10.325,10.314
20241115145644.8,886.737998574972,31.353,19.058,16.173,14.922,10.302,10.318
20241115145645.3,887.202993035316,31.374,19.08,16.167,14.882,10.32,10.327
20241115145645.8,887.672000750899,31.388,19.084,16.177,14.906,10.31,10.304
20241115145646.2,888.140998408198,31.39,19.086,16.157,14.888,10.31,10.304
20241115145646.7,888.612993434072,31.4,19.092,16.189,14.9,10.329,10.314
20241115145647.2,889.082001149654,31.439,19.084,16.177,14.906,10.314,10.308
20241115145647.7,889.593997970223,31.466,19.086,16.183,14.91,10.31,10.335
20241115145648.2,890.065992996097,31.499,19.102,16.179,14.912,10.292,10.302
20241115145648.6,890.535000711679,31.545,19.12,16.181,14.91,10.312,10.302
20241115145649.1,890.991998836398,31.541,19.108,16.197,14.9,10.312,10.323
20241115145649.5,891.460996493697,31.556,19.11,16.177,14.93,10.3,10.327
20241115145650,891.926001012325,31.574,19.112,16.191,14.93,10.308,10.308
20241115145650.5,892.39099547267,31.617,19.12,16.209,14.908,10.304,10.31
20241115145650.9,892.863000556827,31.607,19.145,16.203,14.93,10.308,10.31
20241115145651.4,893.331998214126,31.66,19.159,16.203,14.92,10.316,10.308
20241115145651.9,893.800995871425,31.68,19.157,16.211,14.938,10.318,10.323
20241115145652.4,894.280997291207,31.672,19.155,16.223,14.947,10.316,10.318
20241115145652.8,894.753998145461,31.697,19.171,16.215,14.935,10.306,10.29
20241115145653.3,895.218992605805,31.695,19.171,16.201,14.918,10.31,10.304
20241115145653.8,895.686994493008,31.695,19.163,16.227,14.918,10.292,10.304
20241115145654.3,896.171994879842,31.74,19.177,16.225,14.918,10.304,10.308
20241115145654.7,896.651996299624,31.732,19.195,16.235,14.916,10.302,10.31
20241115145655.2,897.117000818253,31.762,19.211,16.217,14.935,10.288,10.298
20241115145655.7,897.590001672506,31.776,19.209,16.236,14.947,10.32,10.326
20241115145656.1,898.058999329805,31.797,19.239,16.244,14.941,10.308,10.302
20241115145656.6,898.522998020053,31.862,19.237,16.248,14.959,10.29,10.302
20241115145657.1,898.999992012978,31.903,19.278,16.28,14.934,10.302,10.304
20241115145657.6,899.464996531606,31.946,19.292,16.272,14.939,10.306,10.306
20241115145658,899.933994188905,32.015,19.304,16.274,14.965,10.302,10.325
20241115145658.5,900.397992879152,32.052,19.31,16.304,14.971,10.302,10.302
20241115145659,900.867000594735,32.05,19.344,16.306,14.997,10.31,10.31
20241115145659.4,901.335998252034,32.126,19.32,16.312,14.969,10.304,10.312
20241115145659.9,901.804995909333,32.113,19.348,16.31,14.993,10.313,10.333
20241115145700.4,902.272997796535,32.144,19.362,16.314,15.001,10.306,10.308
20241115145700.8,902.741995453835,32.16,19.35,16.334,14.999,10.31,10.304
20241115145701.3,903.210993111134,32.175,19.348,16.332,15.017,10.313,10.31
20241115145701.8,903.726993128657,32.175,19.369,16.35,15.021,10.298,10.31
20241115145702.3,904.229997843504,32.238,19.381,16.363,15.019,10.327,10.3
20241115145702.8,904.722994565964,32.289,19.413,16.344,15.023,10.308,10.315
20241115145703.3,905.202995985746,32.35,19.403,16.369,15.029,10.313,10.329
20241115145703.8,905.671993643045,32.399,19.427,16.352,15.027,10.321,10.325
20241115145704.2,906.136998161674,32.418,19.451,16.367,15.031,10.308,10.321
20241115145704.7,906.605000048876,32.434,19.439,16.381,15.019,10.317,10.31
20241115145705.2,907.06999450922,32.461,19.47,16.367,15.045,10.31,10.347
20241115145705.6,907.534999027848,32.493,19.457,16.383,15.049,10.31,10.317
20241115145706.1,908.003996685147,32.516,19.482,16.375,15.051,10.321,10.306
20241115145706.6,908.472994342446,32.547,19.488,16.401,15.076,10.319,10.321
20241115145707,908.936993032694,32.589,19.478,16.401,15.047,10.317,10.323
20241115145707.5,909.406000748277,32.618,19.518,16.393,15.051,10.322,10.318
20241115145708,909.874998405576,32.662,19.527,16.406,15.071,10.336,10.324
20241115145708.4,910.33999286592,32.686,19.537,16.412,15.079,10.31,10.33
20241115145708.9,910.809000581503,32.713,19.563,16.41,15.069,10.316,10.34
20241115145709.4,911.276992410421,32.754,19.549,16.426,15.077,10.324,10.338
20241115145709.8,911.741996929049,32.762,19.567,16.428,15.079,10.326,10.334
20241115145710.3,912.210994586349,32.795,19.58,16.432,15.077,10.312,10.336
20241115145710.8,912.675999104977,32.815,19.551,16.438,15.095,10.326,10.326
20241115145711.2,913.144000992179,32.817,19.559,16.432,15.087,10.336,10.32
20241115145711.7,913.612998649478,32.848,19.582,16.438,15.083,10.303,10.334
20241115145712.2,914.077993109822,32.856,19.561,16.438,15.097,10.322,10.322
20241115145712.6,914.559000357985,32.864,19.569,16.436,15.089,10.303,10.316
20241115145713.1,915.026992186904,32.895,19.576,16.434,15.091,10.316,10.32
20241115145713.6,915.495999902487,32.903,19.575,16.438,15.097,10.306,10.322
20241115145714,915.960994362831,32.977,19.596,16.44,15.077,10.31,10.324
20241115145714.5,916.42999202013,33.03,19.612,16.444,15.079,10.303,10.316
20241115145715,916.909993439913,33.073,19.606,16.446,15.077,10.303,10.33
20241115145715.5,917.398001253605,33.115,19.636,16.468,15.089,10.314,10.332
20241115145715.9,917.862995713949,33.16,19.644,16.468,15.087,10.324,10.34
20241115145716.4,918.331993371248,33.185,19.662,16.478,15.123,10.32,10.336
20241115145716.9,918.815997987986,33.222,19.676,16.487,15.105,10.334,10.342
20241115145717.4,919.284995645285,33.246,19.707,16.485,15.101,10.326,10.334
20241115145717.8,919.753993302584,33.244,19.693,16.472,15.103,10.334,10.32
20241115145718.3,920.223001018167,33.271,19.693,16.485,15.115,10.316,10.342
20241115145718.8,920.686999708414,33.309,19.701,16.485,15.101,10.328,10.346
20241115145719.2,921.151994168758,33.338,19.699,16.499,15.129,10.308,10.35
20241115145719.7,921.621001884341,33.34,19.731,16.523,15.113,10.328,10.342
20241115145720.2,922.093992680311,33.383,19.733,16.519,15.115,10.332,10.32
20241115145720.6,922.558997198939,33.397,19.741,16.525,15.131,10.33,10.324
20241115145721.1,923.030992224813,33.442,19.763,16.519,15.153,10.336,10.332
20241115145721.6,923.499999940395,33.471,19.735,16.543,15.151,10.342,10.308
20241115145722.1,923.96499440074,33.467,19.781,16.533,15.137,10.324,10.336
20241115145722.5,924.444995820522,33.473,19.757,16.537,15.133,10.332,10.332
20241115145723,924.917996674776,33.499,19.785,16.551,15.147,10.32,10.328
20241115145723.5,925.386994332075,33.512,19.771,16.535,15.147,10.338,10.314
20241115145723.9,925.851998850703,33.555,19.792,16.553,15.147,10.352,10.334
20241115145724.4,926.323993876576,33.593,19.781,16.549,15.161,10.32,10.342
20241115145724.9,926.808994263411,33.565,19.802,16.541,15.139,10.336,10.32
20241115145725.4,927.272992953658,33.557,19.777,16.545,15.141,10.316,10.322
20241115145725.8,927.742000669241,33.569,19.781,16.565,15.137,10.328,10.318
20241115145726.3,928.206995129585,33.567,19.784,16.563,15.131,10.33,10.326
20241115145726.8,928.679995983839,33.581,19.771,16.563,15.147,10.306,10.336
20241115145727.2,929.143994674087,33.655,19.814,16.573,15.171,10.318,10.332
20241115145727.7,929.612992331386,33.689,19.832,16.582,15.175,10.336,10.334
20241115145728.2,930.085993185639,33.751,19.846,16.575,15.153,10.326,10.336
20241115145728.6,930.546994507313,33.794,19.868,16.588,15.167,10.33,10.344
20241115145729.1,931.015992164612,33.861,19.878,16.59,15.169,10.34,10.344
20241115145729.6,931.483994051814,33.898,19.909,16.598,15.171,10.33,10.33
20241115145730,931.948998570442,33.967,19.915,16.6,15.19,10.312,10.328
20241115145730.5,932.417996227741,34,19.925,16.626,15.196,10.33,10.32
20241115145731,932.902000844479,34.039,19.917,16.63,15.165,10.318,10.316
20241115145731.5,933.370998501778,34.066,19.939,16.628,15.18,10.334,10.33
20241115145731.9,933.843999356031,34.078,19.949,16.642,15.18,10.316,10.308
20241115145732.4,934.308993816376,34.108,19.94,16.625,15.181,10.31,10.319
20241115145732.9,934.776995703578,34.148,19.948,16.631,15.191,10.329,10.329
20241115145733.3,935.242000222206,34.189,19.971,16.617,15.195,10.298,10.308
20241115145733.8,935.718994215131,34.224,19.983,16.645,15.201,10.306,10.323
20241115145734.3,936.183998733759,34.281,19.997,16.647,15.177,10.32,10.314
20241115145734.7,936.652000620961,34.35,20.016,16.66,15.206,10.308,10.324
20241115145735.2,937.12099827826,34.352,20.028,16.691,15.202,10.324,10.303
20241115145735.7,937.593999132514,34.415,20.046,16.672,15.224,10.322,10.31
20241115145736.1,938.058993592858,34.462,20.054,16.699,15.248,10.326,10.314
20241115145736.6,938.526995480061,34.505,20.095,16.693,15.228,10.301,10.324
20241115145737.1,938.999996334314,34.556,20.093,16.709,15.248,10.32,10.322
20241115145737.5,939.460997655988,34.589,20.103,16.721,15.25,10.31,10.332
20241115145738,939.944992214441,34.638,20.127,16.737,15.246,10.324,10.318
20241115145738.5,940.409996733069,34.677,20.143,16.743,15.236,10.322,10.336
20241115145739,940.878994390368,34.732,20.171,16.751,15.254,10.32,10.33
20241115145739.4,941.358995810151,34.764,20.185,16.759,15.272,10.342,10.336
20241115145739.9,941.831996664405,34.801,20.194,16.776,15.254,10.32,10.334
20241115145740.4,942.300994321704,34.82,20.212,16.778,15.269,10.328,10.316
20241115145740.9,942.768996208906,34.864,20.228,16.784,15.272,10.334,10.324
20241115145741.3,943.237993866205,34.907,20.246,16.773,15.279,10.33,10.338
20241115145741.8,943.707001581788,34.964,20.266,16.792,15.285,10.33,10.34
20241115145742.3,944.190996140242,35.014,20.286,16.788,15.287,10.322,10.33
20241115145742.7,944.659993797541,35.052,20.284,16.796,15.285,10.326,10.34
20241115145743.2,945.124998316169,35.048,20.297,16.818,15.297,10.33,10.326
20241115145743.7,945.620992407203,35.073,20.301,16.792,15.297,10.324,10.348
20241115145744.2,946.085996925831,35.11,20.339,16.816,15.299,10.336,10.324
20241115145744.6,946.55499458313,35.149,20.307,16.822,15.313,10.318,10.336
20241115145745.1,947.022996470332,35.195,20.321,16.836,15.333,10.332,10.338
20241115145745.6,947.483997792006,35.274,20.341,16.848,15.323,10.352,10.332
20241115145746,947.956998646259,35.346,20.379,16.844,15.321,10.34,10.334
20241115145746.5,948.425996303558,35.392,20.385,16.854,15.307,10.336,10.33
20241115145747,948.891000822186,35.431,20.388,16.858,15.319,10.31,10.322
20241115145747.4,949.358992651105,35.456,20.404,16.866,15.327,10.334,10.334
20241115145747.9,949.828000366688,35.491,20.404,16.88,15.329,10.322,10.336
20241115145748.4,950.292994827032,35.522,20.418,16.872,15.325,10.342,10.346
20241115145748.8,950.761992484331,35.569,20.42,16.874,15.341,10.342,10.332
20241115145749.3,951.229994371533,35.578,20.44,16.87,15.353,10.322,10.338
20241115145749.8,951.702995225787,35.615,20.45,16.883,15.347,10.33,10.33
20241115145750.3,952.190992981195,35.631,20.486,16.891,15.351,10.332,10.35
20241115145750.8,952.672000229359,35.654,20.493,16.885,15.375,10.322,10.338
20241115145751.2,953.152001649141,35.706,20.499,16.917,15.357,10.348,10.346
20241115145751.7,953.62099930644,35.754,20.523,16.905,15.365,10.334,10.318
20241115145752.2,954.094000160694,35.78,20.537,16.929,15.365,10.322,10.332
20241115145752.6,954.558994621038,35.809,20.541,16.925,15.359,10.314,10.326
20241115145753.1,955.026996508241,35.849,20.539,16.933,15.371,10.328,10.33
20241115145753.6,955.492001026869,35.876,20.543,16.941,15.363,10.33,10.346
20241115145754.1,955.964991822839,35.894,20.551,16.941,15.371,10.33,10.312
20241115145754.5,956.436996906996,35.898,20.565,16.947,15.384,10.334,10.332
20241115145755,956.902001425624,35.898,20.559,16.911,15.388,10.344,10.336
20241115145755.5,957.370999082923,35.909,20.563,16.943,15.382,10.338,10.324
20241115145755.9,957.835993543267,35.931,20.561,16.971,15.39,10.324,10.346
20241115145756.4,958.30500125885,35.969,20.577,16.961,15.398,10.324,10.334
20241115145756.9,958.772993087769,36.006,20.602,16.971,15.4,10.316,10.32
20241115145757.3,959.237997606397,36.06,20.614,16.975,15.398,10.33,10.346
20241115145757.8,959.71099846065,36.136,20.62,16.998,15.384,10.336,10.34
20241115145758.3,960.190999880433,36.19,20.66,16.975,15.416,10.314,10.336
20241115145758.7,960.659997537732,36.252,20.658,16.998,15.422,10.34,10.342
20241115145759.2,961.132998391986,36.295,20.68,17.012,15.428,10.31,10.364
20241115145759.7,961.601996049285,36.372,20.703,17.006,15.444,10.326,10.344
20241115145800.2,962.069997936487,36.422,20.707,17.012,15.432,10.332,10.336
20241115145800.6,962.534992396832,36.44,20.727,17.034,15.448,10.326,10.33
20241115145801.1,962.99999691546,36.525,20.749,17.022,15.442,10.322,10.342
20241115145801.6,963.472997769713,36.574,20.771,17.054,15.446,10.356,10.34
20241115145802,963.956992328167,36.632,20.799,17.068,15.452,10.314,10.35
20241115145802.5,964.42600004375,36.682,20.807,17.052,15.47,10.34,10.334
20241115145803,964.909994602203,36.73,20.82,17.094,15.46,10.334,10.344
20241115145803.5,965.378992259502,36.788,20.826,17.096,15.46,10.358,10.344
20241115145803.9,965.847999975085,36.825,20.846,17.098,15.482,10.344,10.35
20241115145804.4,966.315991804004,36.883,20.884,17.115,15.482,10.356,10.354
20241115145804.9,966.784999519587,36.942,20.9,17.125,15.494,10.361,10.346
20241115145805.3,967.253997176886,36.976,20.896,17.121,15.529,10.359,10.338
20241115145805.8,967.733998596668,37.038,20.908,17.143,15.494,10.359,10.352
20241115145806.3,968.202996253967,37.058,20.92,17.141,15.525,10.328,10.367
20241115145806.8,968.671993911266,37.11,20.947,17.157,15.524,10.369,10.361
20241115145807.2,969.136998429894,37.141,20.977,17.185,15.53,10.367,10.34
20241115145807.7,969.605000317097,37.191,20.997,17.161,15.539,10.357,10.334
20241115145808.2,970.069994777441,37.217,21.009,17.177,15.553,10.363,10.361
20241115145808.6,970.534999296069,37.226,20.987,17.167,15.531,10.33,10.367
20241115145809.1,971.003996953368,37.271,21.009,17.185,15.541,10.348,10.361
20241115145809.6,971.476997807622,37.321,21.009,17.195,15.543,10.336,10.344
20241115145810,971.940996497869,37.34,21.015,17.207,15.539,10.354,10.35
20241115145810.5,972.409994155169,37.379,21.042,17.185,15.541,10.342,10.369
20241115145811,972.874998673797,37.404,21.05,17.197,15.555,10.342,10.332
20241115145811.4,973.343996331096,37.435,21.038,17.205,15.535,10.336,10.354
20241115145811.9,973.811998218298,37.466,21.054,17.207,15.567,10.336,10.354
20241115145812.4,974.276992678642,37.532,21.062,17.203,15.559,10.338,10.344
20241115145812.8,974.749993532896,37.546,21.086,17.234,15.559,10.354,10.342
20241115145813.3,975.229994952679,37.59,21.088,17.212,15.571,10.342,10.342
20241115145813.8,975.726994872093,37.648,21.112,17.238,15.561,10.34,10.344
20241115145814.3,976.214992627501,37.718,21.11,17.244,15.561,10.352,10.336
20241115145814.8,976.67999714613,37.77,21.161,17.244,15.577,10.342,10.322
20241115145815.2,977.151992172003,37.855,21.163,17.256,15.595,10.298,10.342
20241115145815.7,977.624993026257,37.929,21.212,17.268,15.585,10.328,10.326
20241115145816.2,978.094000741839,38.033,21.206,17.284,15.585,10.324,10.322
20241115145816.6,978.558995202184,38.109,21.224,17.268,15.596,10.332,10.33
20241115145817.1,979.022993892431,38.12,21.268,17.286,15.608,10.332,10.326
20241115145817.6,979.504001140594,38.143,21.254,17.272,15.602,10.334,10.344
20241115145818.1,979.972998797894,38.192,21.266,17.274,15.608,10.316,10.33
20241115145818.5,980.460996553302,38.233,21.288,17.315,15.618,10.33,10.346
20241115145819,980.92600107193,38.294,21.278,17.303,15.602,10.322,10.328
20241115145819.5,981.393992900848,38.314,21.301,17.317,15.598,10.336,10.314
20241115145819.9,981.858997419477,38.341,21.317,17.309,15.61,10.31,10.338
20241115145820.4,982.343997806311,38.376,21.311,17.319,15.632,10.324,10.324
20241115145820.9,982.811999693513,38.411,21.331,17.333,15.626,10.336,10.33
20241115145821.4,983.276994153857,38.416,21.315,17.335,15.622,10.318,10.342
20241115145821.8,983.745991811156,38.43,21.343,17.343,15.644,10.322,10.338
20241115145822.3,984.21899266541,38.49,21.371,17.363,15.648,10.34,10.328
20241115145822.8,984.686994552612,38.521,21.381,17.345,15.64,10.342,10.33
20241115145823.3,985.171994939446,38.521,21.397,17.349,15.654,10.338,10.34
20241115145823.7,985.636999458075,38.604,21.43,17.385,15.662,10.322,10.34
20241115145824.2,986.105001345277,38.682,21.438,17.371,15.67,10.3,10.33
20241115145824.7,986.590001732111,38.72,21.476,17.404,15.668,10.318,10.328
20241115145825.1,987.05899938941,38.763,21.498,17.426,15.7,10.33,10.344
20241115145825.6,987.527001276612,38.811,21.515,17.403,15.7,10.32,10.34
20241115145826.1,987.995998933911,38.854,21.494,17.446,15.684,10.332,10.332
20241115145826.6,988.46499659121,38.883,21.527,17.42,15.705,10.348,10.34
20241115145827,988.944998010993,38.97,21.535,17.438,15.686,10.346,10.334
20241115145827.5,989.413995668292,39.019,21.545,17.456,15.698,10.326,10.36
20241115145828,989.882993325591,39.073,21.579,17.452,15.727,10.322,10.33
20241115145828.4,990.352001041174,39.147,21.575,17.476,15.731,10.354,10.35
20241115145828.9,990.819992870092,39.174,21.619,17.498,15.727,10.346,10.363
20241115145829.4,991.301000118256,39.187,21.605,17.468,15.719,10.334,10.352
20241115145829.9,991.769002005458,39.191,21.607,17.48,15.725,10.334,10.336
20241115145830.3,992.237999662757,39.243,21.618,17.468,15.725,10.34,10.356
20241115145830.8,992.711000517011,39.274,21.626,17.498,15.735,10.34,10.344
20241115145831.3,993.17999817431,39.317,21.632,17.494,15.733,10.338,10.35
20241115145831.7,993.640999495983,39.402,21.666,17.504,15.741,10.334,10.33
20241115145832.2,994.116997718811,39.47,21.678,17.519,15.725,10.338,10.344
20241115145832.7,994.601998105645,39.537,21.694,17.509,15.739,10.336,10.338
20241115145833.2,995.073993131518,39.626,21.721,17.513,15.757,10.324,10.33
20241115145833.6,995.546993985772,39.712,21.743,17.529,15.755,10.306,10.36
20241115145834.1,996.016001701355,39.808,21.761,17.527,15.765,10.33,10.352
20241115145834.6,996.483993530273,39.857,21.773,17.553,15.757,10.336,10.35
20241115145835,996.956994384527,39.917,21.787,17.559,15.739,10.318,10.33
20241115145835.5,997.425992041826,40.008,21.824,17.547,15.769,10.324,10.322
20241115145836,997.893993929029,40.099,21.852,17.563,15.779,10.33,10.354
20241115145836.4,998.358998447657,40.116,21.834,17.573,15.783,10.322,10.34
20241115145836.9,998.827996104956,40.176,21.848,17.585,15.781,10.322,10.342
20241115145837.4,999.293000623584,40.252,21.878,17.608,15.796,10.308,10.34
20241115145837.9,999.766001477838,40.25,21.86,17.596,15.773,10.316,10.344
20241115145838.3,1000.23000016809,40.292,21.9,17.598,15.802,10.334,10.334
20241115145838.8,1000.69899782538,40.337,21.902,17.628,15.791,10.326,10.35
20241115145839.3,1001.16799548268,40.38,21.915,17.624,15.808,10.332,10.362
20241115145839.7,1001.63699313998,40.385,21.908,17.626,15.803,10.328,10.336
20241115145840.2,1002.10499502718,40.428,21.919,17.632,15.812,10.332,10.352
20241115145840.7,1002.56999954581,40.457,21.933,17.652,15.822,10.328,10.336
20241115145841.1,1003.04300040007,40.432,21.943,17.65,15.806,10.326,10.35
20241115145841.6,1003.51600125432,40.457,21.947,17.64,15.808,10.33,10.348
20241115145842.1,1003.97999994457,40.469,21.933,17.648,15.818,10.336,10.36
20241115145842.5,1004.45300079882,40.457,21.953,17.658,15.826,10.342,10.35
20241115145843,1004.92199845612,40.467,21.937,17.65,15.842,10.332,10.354
20241115145843.5,1005.39099611342,40.501,21.929,17.648,15.822,10.346,10.352
20241115145843.9,1005.85899800062,40.538,21.967,17.662,15.852,10.35,10.356
20241115145844.4,1006.32399246097,40.546,21.951,17.682,15.85,10.336,10.354
20241115145844.9,1006.79699331522,40.542,21.965,17.67,15.848,10.334,10.356
20241115145845.3,1007.26199783385,40.542,21.965,17.668,15.848,10.375,10.361
20241115145845.8,1007.72999972105,40.569,21.961,17.678,15.832,10.352,10.371
20241115145846.3,1008.19499418139,40.598,21.977,17.688,15.846,10.34,10.334
20241115145846.8,1008.67600142956,40.595,21.967,17.678,15.832,10.346,10.35
20241115145847.2,1009.14399325848,40.626,21.985,17.682,15.856,10.334,10.346
20241115145847.7,1009.61699411273,40.657,21.975,17.674,15.84,10.338,10.348
20241115145848.2,1010.08999496698,40.705,21.985,17.674,15.838,10.334,10.35
20241115145848.6,1010.55899262428,40.763,22.001,17.684,15.84,10.34,10.338
20241115145849.1,1011.02300137281,40.864,22.017,17.69,15.846,10.338,10.346
20241115145849.6,1011.51199489832,40.904,22.042,17.692,15.856,10.336,10.375
20241115145850.1,1011.97699941695,40.922,22.046,17.706,15.854,10.342,10.361
20241115145850.5,1012.44500130415,40.989,22.034,17.71,15.876,10.342,10.348
20241115145851,1012.90999576449,41.053,22.038,17.723,15.856,10.342,10.356
20241115145851.5,1013.37899342179,41.119,22.068,17.708,15.844,10.34,10.365
20241115145851.9,1013.84800113738,41.189,22.076,17.72,15.872,10.346,10.344
20241115145852.4,1014.33199569583,41.284,22.112,17.731,15.87,10.348,10.346
20241115145852.9,1014.80099335313,41.348,22.112,17.761,15.88,10.328,10.346
20241115145853.4,1015.26899524033,41.402,22.131,17.741,15.888,10.322,10.352
20241115145853.8,1015.73799289763,41.499,22.151,17.737,15.894,10.34,10.346
20241115145854.3,1016.20299741626,41.599,22.17,17.763,15.88,10.344,10.354
20241115145854.8,1016.67599827051,41.721,22.202,17.761,15.884,10.336,10.342
20241115145855.2,1017.14099273086,41.795,22.198,17.761,15.896,10.332,10.354
20241115145855.7,1017.60899461806,41.812,22.223,17.787,15.904,10.326,10.35
20241115145856.2,1018.07799227536,41.837,22.239,17.797,15.91,10.354,10.352
20241115145856.6,1018.54299679399,41.872,22.245,17.807,15.918,10.354,10.361
20241115145857.1,1019.02700141072,41.897,22.253,17.811,15.91,10.326,10.359
20241115145857.6,1019.5079986006,41.911,22.278,17.828,15.929,10.352,10.356
20241115145858.1,1019.9769962579,41.961,22.274,17.811,15.923,10.342,10.34
20241115145858.5,1020.45699767768,42.054,22.282,17.83,15.953,10.359,10.369
20241115145859,1020.92599533498,42.105,22.314,17.852,15.961,10.351,10.342
20241115145859.5,1021.39399722219,42.186,22.341,17.842,15.949,10.357,10.357
20241115145860,1021.87499441206,42.229,22.351,17.854,15.947,10.344,10.353
20241115145900.4,1022.34799526632,42.283,22.359,17.858,15.945,10.351,10.359
20241115145900.9,1022.82000035048,42.327,22.372,17.864,15.957,10.363,10.361
20241115145901.4,1023.28100167215,42.376,22.392,17.898,15.985,10.355,10.365
20241115145901.8,1023.75399246812,42.383,22.408,17.886,15.953,10.357,10.355
20241115145902.3,1024.21899698675,42.387,22.396,17.898,15.965,10.355,10.346
20241115145902.8,1024.69099201262,42.428,22.394,17.89,15.991,10.346,10.353
20241115145903.3,1025.17999559641,42.525,22.406,17.884,15.977,10.367,10.357
20241115145903.7,1025.65999701619,42.556,22.41,17.912,15.969,10.328,10.355
20241115145904.2,1026.14099420607,42.587,22.411,17.894,15.977,10.342,10.359
20241115145904.7,1026.62499882281,42.651,22.394,17.912,15.977,10.346,10.353
20241115145905.2,1027.09799967706,42.682,22.437,17.894,15.981,10.363,10.355
20241115145905.6,1027.56199836731,42.74,22.443,17.904,15.967,10.346,10.348
20241115145906.1,1028.03099602461,42.78,22.427,17.912,15.987,10.33,10.367
20241115145906.6,1028.49999368191,42.804,22.447,17.924,15.989,10.355,10.353
20241115145907.1,1028.96900139749,42.823,22.48,17.91,15.989,10.359,10.346
20241115145907.5,1029.43699322641,42.836,22.439,17.923,15.983,10.344,10.359
20241115145908,1029.90600094199,42.863,22.454,17.918,15.991,10.35,10.359
20241115145908.5,1030.37899173796,42.925,22.464,17.937,15.993,10.35,10.367
20241115145908.9,1030.84399625659,42.952,22.464,17.929,16.009,10.35,10.359
20241115145909.4,1031.31600134075,43.016,22.488,17.933,15.993,10.346,10.359
20241115145909.9,1031.78499899805,43.067,22.501,17.943,16.019,10.338,10.359
20241115145910.4,1032.2689935565,43.181,22.515,17.947,16.017,10.342,10.359
20241115145910.8,1032.73399807513,43.27,22.543,17.963,16.02,10.328,10.348
20241115145911.3,1033.20299573243,43.336,22.57,17.967,16.048,10.34,10.352
20241115145911.8,1033.69099348783,43.4,22.58,17.975,16.03,10.338,10.359
20241115145912.2,1034.15599800646,43.442,22.58,17.991,16.05,10.342,10.34
20241115145912.7,1034.62499566376,43.504,22.623,18.017,16.054,10.361,10.346
20241115145913.2,1035.10199971497,43.555,22.625,17.995,16.072,10.324,10.344
20241115145913.7,1035.57000160217,43.62,22.652,18.026,16.04,10.332,10.352
20241115145914.1,1036.03499606252,43.667,22.654,18.009,16.054,10.342,10.373
20241115145914.6,1036.50399371982,43.766,22.688,18.022,16.056,10.338,10.338
20241115145915.1,1036.97699457407,43.831,22.691,18.011,16.064,10.332,10.359
20241115145915.5,1037.44099326432,43.903,22.711,18.038,16.06,10.332,10.375
20241115145916,1037.9100009799,43.961,22.729,18.048,16.084,10.34,10.361
20241115145916.5,1038.3789986372,43.977,22.707,18.056,16.06,10.34,10.35
20241115145916.9,1038.85499686003,43.988,22.703,18.074,16.084,10.342,10.358
20241115145917.4,1039.32399451733,44.034,22.725,18.07,16.072,10.338,10.35
20241115145917.9,1039.79299217463,44.091,22.75,18.072,16.074,10.354,10.338
20241115145918.3,1040.26199989021,44.141,22.756,18.078,16.094,10.322,10.344
20241115145918.8,1040.72999171913,44.191,22.762,18.06,16.078,10.328,10.342
20241115145919.3,1041.20299257338,44.29,22.781,18.098,16.1,10.328,10.318
20241115145919.8,1041.67200028896,44.333,22.815,18.096,16.102,10.346,10.364
20241115145920.2,1042.14099794626,44.375,22.811,18.104,16.108,10.332,10.354
20241115145920.7,1042.60899983346,44.433,22.832,18.122,16.106,10.312,10.346
20241115145921.2,1043.08999702334,44.499,22.83,18.104,16.1,10.344,10.363
20241115145921.6,1043.55899468064,44.584,22.823,18.131,16.104,10.336,10.356
20241115145922.1,1044.03899610043,44.67,22.842,18.122,16.118,10.328,10.336
20241115145922.6,1044.50799375772,44.764,22.862,18.129,16.102,10.342,10.359
20241115145923.1,1044.97700147331,44.828,22.872,18.135,16.114,10.336,10.35
20241115145923.5,1045.44100016356,44.842,22.856,18.137,16.114,10.348,10.359
20241115145924,1045.90999782085,44.859,22.877,18.139,16.123,10.354,10.352
20241115145924.5,1046.39399237931,44.904,22.854,18.141,16.112,10.35,10.348
20241115145924.9,1046.85899689794,44.977,22.864,18.122,16.116,10.35,10.344
20241115145925.4,1047.32799455523,45.016,22.889,18.139,16.125,10.334,10.35
20241115145925.9,1047.79699221253,45.09,22.887,18.159,16.139,10.338,10.348
20241115145926.4,1048.27699363232,45.177,22.928,18.151,16.125,10.33,10.359
20241115145926.8,1048.75800088048,45.262,22.928,18.147,16.133,10.334,10.34
20241115145927.3,1049.22699853778,45.318,22.944,18.159,16.125,10.338,10.356
20241115145927.8,1049.69099722803,45.396,22.96,18.157,16.151,10.326,10.348
20241115145928.2,1050.15999488533,45.541,22.981,18.185,16.151,10.324,10.348
20241115145928.7,1050.62499940395,45.653,22.987,18.197,16.159,10.318,10.363
20241115145929.2,1051.09399706125,45.763,23.02,18.193,16.145,10.344,10.346
20241115145929.6,1051.55900157988,45.781,23.03,18.207,16.169,10.34,10.359
20241115145930.1,1052.0269934088,45.823,23.034,18.209,16.203,10.346,10.359
20241115145930.6,1052.50800065696,45.806,23.015,18.213,16.181,10.334,10.344
20241115145931.1,1052.97299511731,45.82,23.028,18.215,16.195,10.361,10.379
20241115145931.5,1053.44099700451,45.862,23.05,18.213,16.179,10.361,10.363
20241115145932,1053.92599739134,45.868,23.044,18.219,16.185,10.348,10.336
20241115145932.5,1054.39399927855,45.885,23.046,18.199,16.179,10.348,10.369
20241115145932.9,1054.86299693584,45.853,23.038,18.234,16.169,10.355,10.34
20241115145933.4,1055.33199459314,45.88,23.042,18.221,16.185,10.34,10.367
20241115145933.9,1055.80099225044,45.945,23.05,18.229,16.185,10.371,10.351
20241115145934.4,1056.26599676907,46.021,23.058,18.233,16.181,10.357,10.355
20241115145934.8,1056.73399865627,46.094,23.058,18.248,16.197,10.34,10.346
20241115145935.3,1057.20299631357,46.156,23.064,18.24,16.179,10.34,10.361
20241115145935.8,1057.67199397087,46.242,23.07,18.24,16.173,10.363,10.348
20241115145936.2,1058.14100168645,46.284,23.07,18.234,16.183,10.355,10.365
20241115145936.7,1058.60899351537,46.36,23.058,18.234,16.189,10.344,10.383
20241115145937.2,1059.073998034,46.447,23.091,18.236,16.197,10.351,10.357
20241115145937.6,1059.5429956913,46.559,23.115,18.25,16.209,10.336,10.363
20241115145938.1,1060.0119933486,46.664,23.162,18.26,16.221,10.326,10.353
20241115145938.6,1060.48399843276,46.797,23.158,18.27,16.219,10.332,10.363
20241115145939,1060.9489928931,46.88,23.185,18.286,16.227,10.346,10.359
20241115145939.5,1061.43399327993,46.933,23.199,18.318,16.231,10.346,10.375
20241115145940,1061.90599836409,47.01,23.216,18.296,16.24,10.342,10.367
20241115145940.5,1062.39099875093,47.095,23.207,18.312,16.232,10.346,10.359
20241115145940.9,1062.85900063813,47.175,23.213,18.314,16.248,10.344,10.361
20241115145941.4,1063.33200149238,47.212,23.252,18.314,16.254,10.338,10.353
20241115145941.9,1063.79699595273,47.293,23.246,18.316,16.238,10.342,10.363
20241115145942.4,1064.28100056946,47.386,23.273,18.298,16.252,10.32,10.346
20241115145942.9,1064.76899832487,47.473,23.259,18.318,16.262,10.322,10.356
20241115145943.3,1065.23799598217,47.531,23.291,18.341,16.278,10.338,10.338
20241115145943.8,1065.70699363947,47.614,23.279,18.333,16.266,10.324,10.363
20241115145944.3,1066.17600135505,47.651,23.297,18.335,16.264,10.334,10.342
20241115145944.7,1066.64399318397,47.703,23.289,18.331,16.254,10.338,10.34
20241115145945.2,1067.1089977026,47.773,23.297,18.357,16.266,10.346,10.361
20241115145945.7,1067.58599169552,47.831,23.297,18.339,16.266,10.33,10.34
20241115145946.1,1068.05499941111,47.904,23.308,18.347,16.268,10.344,10.348
20241115145946.6,1068.51899810135,47.979,23.299,18.345,16.264,10.324,10.363
20241115145947.1,1068.98799575865,48.036,23.314,18.343,16.272,10.326,10.359
20241115145947.5,1069.45300027728,48.155,23.328,18.357,16.274,10.322,10.338
20241115145948,1069.93699483573,48.28,23.334,18.361,16.272,10.324,10.342
20241115145948.5,1070.42199522257,48.364,23.373,18.369,16.28,10.334,10.354
20241115145949,1070.90599983931,48.47,23.375,18.351,16.28,10.34,10.35
20241115145949.5,1071.3749974966,48.545,23.398,18.383,16.276,10.33,10.34
20241115145949.9,1071.84000201523,48.635,23.393,18.363,16.266,10.318,10.346
20241115145950.4,1072.30899967253,48.721,23.4,18.385,16.3,10.326,10.359
20241115145950.9,1072.77700155973,48.786,23.408,18.389,16.278,10.328,10.342
20241115145951.3,1073.2499923557,48.896,23.404,18.387,16.298,10.354,10.352
20241115145951.8,1073.71900007129,48.98,23.42,18.395,16.296,10.326,10.346
20241115145952.3,1074.18700195849,49.109,23.434,18.413,16.306,10.338,10.354
20241115145952.8,1074.66799914837,49.206,23.463,18.432,16.306,10.324,10.34
20241115145953.2,1075.13299360871,49.308,23.469,18.407,16.318,10.334,10.361
20241115145953.7,1075.6020013243,49.417,23.487,18.438,16.292,10.342,10.354
20241115145954.2,1076.0899990797,49.49,23.498,18.43,16.308,10.334,10.348
20241115145954.6,1076.558996737,49.598,23.518,18.434,16.333,10.336,10.369
20241115145955.1,1077.04300135374,49.682,23.514,18.448,16.322,10.332,10.353
20241115145955.6,1077.52299271524,49.765,23.52,18.446,16.314,10.346,10.336
20241115145956.1,1077.99200043082,49.83,23.518,18.438,16.33,10.344,10.353
20241115145956.5,1078.46099808812,49.91,23.528,18.474,16.324,10.334,10.381
20241115145957,1078.93399894238,49.966,23.532,18.448,16.326,10.332,10.357
20241115145957.5,1079.39799763262,50.006,23.52,18.456,16.314,10.34,10.353
20241115145958,1079.86699528992,50.087,23.518,18.46,16.31,10.32,10.348
20241115145958.4,1080.33599294722,50.14,23.498,18.438,16.296,10.316,10.363
20241115145958.9,1080.80099746585,50.24,23.534,18.452,16.331,10.33,10.316
20241115145959.4,1081.26899935305,50.371,23.545,18.45,16.314,10.32,10.348
20241115145959.8,1081.73799701035,50.478,23.547,18.438,16.343,10.332,10.344
20241115150000.3,1082.20300152898,50.562,23.547,18.452,16.302,10.344,10.34
20241115150000.8,1082.69099928439,50.655,23.555,18.462,16.321,10.34,10.352
20241115150001.2,1083.15999694169,50.739,23.561,18.448,16.329,10.328,10.363
20241115150001.7,1083.63299779594,50.833,23.567,18.484,16.316,10.33,10.352
20241115150002.2,1084.11699235439,50.923,23.573,18.456,16.318,10.34,10.344
20241115150002.7,1084.58199687302,51.011,23.553,18.454,16.321,10.32,10.336
20241115150003.1,1085.05099453032,51.077,23.575,18.466,16.333,10.324,10.342
20241115150003.6,1085.5309959501,51.222,23.563,18.454,16.331,10.328,10.332
20241115150004.1,1086.01899370551,51.349,23.6,18.474,16.319,10.328,10.365
20241115150004.6,1086.49199455976,51.458,23.606,18.474,16.349,10.312,10.344
20241115150005,1086.96099221706,51.56,23.606,18.498,16.333,10.312,10.348
20241115150005.5,1087.42999993265,51.658,23.598,18.488,16.349,10.326,10.354
20241115150006,1087.90199495852,51.712,23.588,18.49,16.337,10.332,10.338
20241115150006.5,1088.38699534535,51.8,23.579,18.502,16.325,10.334,10.346
20241115150006.9,1088.85900042951,51.926,23.596,18.484,16.327,10.326,10.352
20241115150007.4,1089.32399488986,52.063,23.594,18.488,16.333,10.326,10.346
20241115150007.9,1089.79699574411,52.204,23.626,18.502,16.347,10.334,10.328
20241115150008.4,1090.26900082827,52.358,23.675,18.5,16.341,10.332,10.352
20241115150008.8,1090.73399528861,52.525,23.686,18.512,16.359,10.306,10.346
20241115150009.3,1091.20299294591,52.667,23.694,18.527,16.369,10.336,10.35
20241115150009.8,1091.67200066149,52.847,23.728,18.52,16.365,10.34,10.342
20241115150010.2,1092.14099831879,53.079,23.757,18.539,16.381,10.33,10.348
20241115150010.7,1092.62499287724,53.29,23.81,18.589,16.397,10.346,10.336
20241115150011.2,1093.08999739587,53.419,23.779,18.581,16.403,10.324,10.355
20241115150011.6,1093.55899505317,53.553,23.798,18.575,16.381,10.322,10.361
20241115150012.1,1094.02699694037,53.689,23.79,18.573,16.413,10.34,10.344
20241115150012.6,1094.492001459,53.799,23.806,18.585,16.401,10.344,10.363
20241115150013.2,1095.07000073791,53.902,23.82,18.589,16.395,10.336,10.363
20241115150013.6,1095.54300159216,53.965,23.781,18.579,16.393,10.34,10.344
20241115150014.1,1096.0079960525,54.1,23.81,18.569,16.387,10.33,10.353
20241115150014.6,1096.49200066924,54.303,23.859,18.595,16.397,10.338,10.355
20241115150015,1096.96099832654,54.476,23.841,18.587,16.395,10.322,10.348
20241115150015.5,1097.44499288499,54.65,23.855,18.593,16.385,10.324,10.338
20241115150016,1097.92600013316,54.804,23.845,18.575,16.403,10.318,10.369
20241115150016.5,1098.39799515903,54.957,23.875,18.593,16.409,10.326,10.359
20241115150016.9,1098.86299967766,55.172,23.89,18.599,16.413,10.336,10.373
20241115150017.4,1099.33600053191,55.331,23.888,18.597,16.411,10.338,10.359
20241115150017.9,1099.80499818921,55.515,23.914,18.621,16.403,10.346,10.365
20241115150018.4,1100.26899687946,55.688,23.923,18.634,16.401,10.34,10.359
20241115150018.8,1100.74199773371,55.886,23.961,18.652,16.427,10.34,10.359
20241115150019.3,1101.23799182475,56.123,23.986,18.627,16.429,10.334,10.342
20241115150019.8,1101.70299634337,56.323,24.008,18.648,16.446,10.328,10.359
20241115150020.3,1102.17199400067,56.488,24.016,18.67,16.466,10.32,10.353
20241115150020.7,1102.64399908483,56.668,24.035,18.664,16.442,10.336,10.355
20241115150021.2,1103.12899947166,56.854,24.051,18.684,16.454,10.336,10.348
20241115150021.7,1103.60900089145,56.971,24.031,18.686,16.452,10.34,10.361
20241115150022.2,1104.09400127828,57.098,24.049,18.668,16.448,10.336,10.357
20241115150022.6,1104.55899573863,57.282,24.051,18.682,16.448,10.326,10.342
20241115150023.1,1105.02699762583,57.393,24.031,18.686,16.45,10.33,10.365
20241115150023.6,1105.49599528313,57.535,24.027,18.684,16.448,10.342,10.355
20241115150024.1,1105.97999989986,57.719,24.023,18.672,16.454,10.338,10.353
20241115150024.5,1106.44899755716,57.907,24.039,18.686,16.456,10.351,10.363
20241115150025,1106.92999474704,58.093,24.049,18.68,16.448,10.338,10.371
20241115150025.5,1107.41399936378,58.212,24.061,18.69,16.454,10.338,10.344
20241115150026,1107.89400078356,58.418,24.055,18.692,16.456,10.328,10.348
20241115150026.5,1108.3790011704,58.68,24.068,18.712,16.452,10.33,10.353
20241115150026.9,1108.8479988277,58.924,24.096,18.71,16.44,10.328,10.365
20241115150027.4,1109.31999385357,59.183,24.119,18.722,16.47,10.34,10.359
20241115150027.9,1109.79299470782,59.427,24.129,18.737,16.466,10.33,10.344
20241115150028.4,1110.27699932456,59.613,24.151,18.726,16.478,10.328,10.348
20241115150028.8,1110.75799651444,59.749,24.145,18.726,16.47,10.326,10.344
20241115150029.3,1111.24200113118,59.941,24.108,18.728,16.454,10.365,10.355
20241115150029.8,1111.71099878848,60.223,24.147,18.73,16.478,10.342,10.332
20241115150030.3,1112.18399964273,60.528,24.18,18.739,16.474,10.34,10.34
20241115150030.7,1112.6559946686,60.722,24.166,18.718,16.482,10.33,10.359
20241115150031.2,1113.14399242401,60.846,24.157,18.735,16.48,10.316,10.34
20241115150031.7,1113.61699327826,61.005,24.153,18.737,16.462,10.351,10.33
20241115150032.2,1114.09800052643,61.228,24.129,18.704,16.46,10.336,10.377
20241115150032.7,1114.58199508488,61.388,24.119,18.728,16.452,10.342,10.338
20241115150033.1,1115.05099274218,61.568,24.117,18.722,16.472,10.351,10.357
20241115150033.6,1115.51899462938,61.779,24.141,18.728,16.47,10.344,10.344
20241115150034.1,1115.99199548364,62.02,24.129,18.731,16.492,10.344,10.332
20241115150034.6,1116.46499633789,62.283,24.141,18.739,16.486,10.346,10.354
20241115150035,1116.94499775767,62.632,24.176,18.745,16.496,10.344,10.346
20241115150035.5,1117.41399541497,63.026,24.198,18.745,16.512,10.34,10.344
20241115150036,1117.88699626923,63.363,24.262,18.799,16.502,10.324,10.326
20241115150036.4,1118.35499815643,63.699,24.284,18.791,16.508,10.318,10.326
20241115150036.9,1118.82799901068,64.033,24.331,18.807,16.527,10.328,10.363
20241115150037.4,1119.30899620056,64.363,24.35,18.824,16.541,10.322,10.361
20241115150037.9,1119.77699808776,64.646,24.372,18.856,16.551,10.354,10.344
20241115150038.3,1120.2619984746,64.97,24.382,18.844,16.559,10.33,10.346
20241115150038.8,1120.74599303305,65.28,24.393,18.852,16.557,10.338,10.346
20241115150039.3,1121.24199718237,65.635,24.421,18.874,16.549,10.34,10.344
20241115150039.8,1121.71099483967,65.904,24.411,18.886,16.577,10.336,10.346
20241115150040.3,1122.17999249697,66.217,24.456,18.884,16.577,10.334,10.363
20241115150040.7,1122.6440012455,66.562,24.482,18.896,16.561,10.334,10.352
20241115150041.2,1123.1129989028,66.896,24.484,18.924,16.581,10.33,10.35
20241115150041.7,1123.58999289572,67.343,24.548,18.922,16.591,10.346,10.342
20241115150042.2,1124.07399751246,67.955,24.628,18.963,16.624,10.356,10.359
20241115150042.6,1124.54299516976,68.451,24.666,18.989,16.64,10.328,10.35
20241115150043.1,1125.02299658954,68.898,24.713,19.011,16.636,10.318,10.342
20241115150043.6,1125.49199424684,69.272,24.738,19.013,16.652,10.334,10.356
20241115150044,1125.96099190414,69.562,24.758,19.028,16.648,10.34,10.35
20241115150044.5,1126.43399275839,69.927,24.754,19.015,16.654,10.336,10.352
20241115150045,1126.91399417818,70.31,24.791,19.058,16.668,10.324,10.356
20241115150045.5,1127.38299183547,70.705,24.809,19.072,16.68,10.322,10.336
20241115150046,1127.86699645221,71.093,24.813,19.088,16.664,10.338,10.363
20241115150046.4,1128.33200097084,71.48,24.836,19.076,16.674,10.336,10.359
20241115150046.9,1128.80099862814,71.952,24.86,19.09,16.708,10.326,10.354
20241115150047.4,1129.26599308848,72.362,24.887,19.116,16.686,10.34,10.338
20241115150047.8,1129.73799817264,72.706,24.873,19.12,16.694,10.318,10.356
20241115150048.3,1130.21899536252,73.106,24.909,19.124,16.723,10.334,10.348
20241115150048.8,1130.6989967823,73.514,24.905,19.122,16.741,10.351,10.344
20241115150049.3,1131.18399716914,73.879,24.909,19.141,16.73,10.34,10.365
20241115150049.8,1131.66399858892,74.293,24.909,19.136,16.716,10.348,10.348
20241115150050.2,1132.14099258184,74.729,24.924,19.161,16.718,10.351,10.355
20241115150050.7,1132.61700086296,75.242,24.95,19.149,16.731,10.34,10.359
20241115150051.2,1133.10200124979,75.805,24.987,19.159,16.735,10.359,10.363
20241115150051.7,1133.56999307871,76.425,25.014,19.181,16.773,10.34,10.367
20241115150052.1,1134.04299393296,77.001,25.044,19.189,16.749,10.348,10.344
20241115150052.6,1134.50799845159,77.458,25.077,19.199,16.773,10.322,10.342
20241115150053.1,1134.99199301004,78,25.087,19.236,16.785,10.34,10.359
20241115150053.6,1135.47699339688,78.507,25.11,19.215,16.769,10.355,10.353
20241115150054,1135.94899848104,79.089,25.106,19.242,16.773,10.336,10.338
20241115150054.5,1136.41799613833,79.633,25.142,19.244,16.801,10.34,10.361
20241115150055,1136.88699379563,80.14,25.15,19.27,16.803,10.334,10.361
20241115150055.5,1137.36699521542,80.674,25.165,19.28,16.809,10.351,10.34
20241115150055.9,1137.83599287271,81.277,25.173,19.29,16.803,10.365,10.353
20241115150056.4,1138.3050005883,81.91,25.185,19.272,16.819,10.351,10.357
20241115150056.9,1138.77299241722,82.518,25.199,19.292,16.825,10.344,10.387
20241115150057.3,1139.2420001328,83.126,25.249,19.31,16.823,10.353,10.336
20241115150057.8,1139.72999788821,83.798,25.295,19.302,16.829,10.355,10.359
20241115150058.3,1140.19899554551,84.481,25.302,19.332,16.838,10.342,10.361
20241115150058.8,1140.66799320281,85.171,25.316,19.341,16.862,10.33,10.367
20241115150059.2,1141.14099405706,85.866,25.351,19.353,16.878,10.336,10.351
20241115150059.7,1141.62900187075,86.573,25.389,19.375,16.854,10.361,10.357
20241115150100.2,1142.10199266672,87.273,25.389,19.377,16.892,10.363,10.361
20241115150100.7,1142.56600141525,87.985,25.394,19.383,16.894,10.357,10.357
20241115150101.1,1143.05499494076,88.713,25.457,19.397,16.912,10.34,10.369
20241115150101.6,1143.53499636054,89.45,25.473,19.421,16.91,10.359,10.361
20241115150102.1,1144.00000087917,90.247,25.484,19.419,16.908,10.348,10.367
20241115150102.6,1144.46899853647,91.041,25.516,19.423,16.912,10.348,10.379
20241115150103,1144.94099356234,91.812,25.522,19.456,16.92,10.336,10.346
20241115150103.5,1145.41799761355,92.64,25.559,19.458,16.933,10.359,10.342
20241115150104,1145.89799903333,93.523,25.598,19.464,16.951,10.363,10.365
20241115150104.5,1146.39399312437,94.417,25.586,19.464,16.953,10.348,10.365
20241115150104.9,1146.85899764299,95.113,25.594,19.476,16.957,10.34,10.359
20241115150105.4,1147.34399802983,95.78,25.582,19.458,16.947,10.338,10.332
20241115150105.9,1147.84399531782,96.639,25.6,19.484,16.971,10.355,10.367
20241115150106.4,1148.31199720502,97.482,25.594,19.488,16.961,10.346,10.359
20241115150106.9,1148.79699759185,98.401,25.612,19.498,16.949,10.361,10.363
20241115150107.4,1149.27699901164,99.276,25.6,19.494,16.977,10.344,10.355
20241115150107.8,1149.76199939847,100.14,25.6,19.496,16.979,10.336,10.363
20241115150108.3,1150.23000128567,101.105,25.606,19.496,16.961,10.344,10.348
20241115150108.8,1150.69899894297,101.982,25.582,19.484,16.943,10.355,10.363
20241115150109.3,1151.16799660027,102.957,25.586,19.508,16.947,10.348,10.367
20241115150109.7,1151.65599435568,103.933,25.563,19.49,16.957,10.355,10.353
20241115150110.2,1152.12899520993,104.869,25.553,19.474,16.947,10.355,10.369
20241115150110.7,1152.60899662971,105.841,25.541,19.474,16.941,10.344,10.363
20241115150111.2,1153.08999381959,106.847,25.561,19.484,16.931,10.34,10.355
20241115150111.6,1153.56199890375,107.87,25.584,19.476,16.951,10.342,10.361
20241115150112.1,1154.04699929059,108.924,25.569,19.5,16.963,10.342,10.359
20241115150112.6,1154.52700071037,110.053,25.588,19.492,16.977,10.342,10.375
20241115150113.1,1155.0120010972,111.305,25.596,19.49,16.951,10.371,10.359
20241115150113.7,1155.60900047421,112.851,25.61,19.49,16.951,10.346,10.355
20241115150114.2,1156.08999766409,114.044,25.629,19.51,16.963,10.357,10.373
20241115150114.6,1156.55899532139,115.334,25.674,19.518,16.971,10.365,10.344
20241115150115.1,1157.03100040555,116.658,25.684,19.553,16.991,10.348,10.355
20241115150115.6,1157.5040012598,118.041,25.739,19.557,16.991,10.353,10.367
20241115150116.1,1157.9839926213,119.523,25.768,19.583,16.991,10.355,10.379
20241115150116.6,1158.46899300814,120.995,25.8,19.571,17.015,10.365,10.348
20241115150117.1,1158.96499715745,122.516,25.802,19.587,17.023,10.342,10.369
20241115150117.5,1159.45299491286,124.02,25.843,19.601,17.015,10.353,10.373
20241115150118,1159.92599576712,125.462,25.878,19.617,17.038,10.357,10.369
20241115150118.5,1160.41000038385,126.91,25.9,19.638,17.048,10.348,10.373
20241115150119,1160.89399494231,128.526,25.911,19.638,17.06,10.342,10.375
20241115150119.4,1161.36299259961,130.021,25.935,19.635,17.068,10.355,10.361
20241115150119.9,1161.84399984777,131.531,25.964,19.664,17.06,10.361,10.359
20241115150120.4,1162.31199167669,133.122,25.972,19.668,17.062,10.346,10.371
20241115150120.9,1162.78499253094,134.63,25.968,19.664,17.066,10.363,10.357
20241115150121.4,1163.26599977911,136.137,25.998,19.702,17.09,10.357,10.389
20241115150121.8,1163.73799480498,137.673,26.027,19.702,17.1,10.34,10.359
20241115150122.3,1164.21899199486,139.296,26.051,19.722,17.096,10.367,10.383
20241115150122.8,1164.68699388206,140.899,26.076,19.7,17.106,10.353,10.365
20241115150123.2,1165.15600159764,142.628,26.107,19.71,17.096,10.369,10.367
20241115150123.7,1165.62499925494,144.331,26.141,19.739,17.116,10.346,10.371
20241115150124.2,1166.1089938134,146.211,26.17,19.757,17.118,10.357,10.367
20241115150124.7,1166.59399420023,148.858,26.197,19.759,17.11,10.367,10.387
20241115150125.1,1167.06199608743,150.459,26.209,19.783,17.157,10.34,10.363
20241115150125.6,1167.53099374473,152.067,26.233,19.791,17.12,10.336,10.375
20241115150126.1,1168.00000146031,153.726,26.239,19.807,17.147,10.355,10.387
20241115150126.6,1168.47999282181,155.468,26.241,19.797,17.141,10.334,10.35
20241115150127,1168.96100006998,157.279,26.219,19.787,17.123,10.352,10.354
20241115150127.5,1169.42999772727,158.974,26.201,19.783,17.108,10.348,10.365
20241115150128,1169.89399641752,160.73,26.201,19.755,17.135,10.336,10.363
20241115150128.5,1170.38300000131,162.488,26.16,19.763,17.112,10.324,10.373
20241115150128.9,1170.86300142109,164.273,26.15,19.759,17.094,10.344,10.356
20241115150129.4,1171.34399861097,166.11,26.125,19.735,17.102,10.342,10.352
20241115150129.9,1171.81200049818,167.736,26.095,19.725,17.094,10.336,10.361
20241115150130.4,1172.28099815547,169.438,26.074,19.725,17.084,10.326,10.361
20241115150130.9,1172.78099544346,171.27,26.082,19.716,17.076,10.356,10.369
20241115150131.3,1173.24599996209,173.07,26.062,19.725,17.076,10.352,10.346
20241115150131.8,1173.72999452055,175.115,26.086,19.72,17.08,10.334,10.352
20241115150132.3,1174.19899217784,177.072,26.082,19.737,17.086,10.338,10.35
20241115150132.8,1174.66799989343,178.984,26.09,19.724,17.068,10.332,10.342
20241115150133.2,1175.14800131321,180.937,26.105,19.716,17.092,10.334,10.354
20241115150133.7,1175.61699897051,182.738,26.103,19.733,17.078,10.346,10.361
20241115150134.2,1176.09799616039,184.636,26.129,19.731,17.092,10.34,10.356
20241115150134.7,1176.56599804759,186.611,26.154,19.747,17.118,10.361,10.344
20241115150135.1,1177.03499570489,188.64,26.178,19.767,17.125,10.348,10.361
20241115150135.6,1177.51900032163,190.732,26.191,19.777,17.123,10.332,10.35
20241115150136.1,1177.98799797893,192.901,26.219,19.775,17.135,10.344,10.352
20241115150136.6,1178.47299836576,194.929,26.266,19.797,17.131,10.354,10.348
20241115150137,1178.95299978554,197.09,26.278,19.801,17.137,10.334,10.352
20241115150137.5,1179.42199744284,199.299,26.289,19.803,17.145,10.336,10.354
20241115150138,1179.9059920013,201.615,26.34,19.813,17.161,10.35,10.361
20241115150138.5,1180.37499971688,203.903,26.348,19.85,17.179,10.334,10.344
20241115150138.9,1180.84399737418,206.19,26.381,19.852,17.179,10.34,10.365
20241115150139.4,1181.31199926138,208.612,26.405,19.872,17.197,10.351,10.363
20241115150139.9,1181.79699964821,211.214,26.438,19.902,17.205,10.355,10.351
20241115150140.4,1182.277001068,213.926,26.466,19.89,17.229,10.351,10.371
20241115150140.8,1182.7459987253,216.448,26.481,19.91,17.225,10.359,10.377
20241115150141.3,1183.21499638259,218.832,26.464,19.894,17.207,10.348,10.357
20241115150141.8,1183.69900099933,221.199,26.495,19.89,17.205,10.355,10.359
20241115150142.3,1184.18400138617,223.598,26.525,19.934,17.211,10.34,10.355
20241115150142.8,1184.66799594462,226.111,26.564,19.932,17.223,10.344,10.381
20241115150143.2,1185.13699360192,228.448,26.568,19.934,17.254,10.334,10.359
20241115150143.7,1185.6169950217,230.956,26.575,19.926,17.236,10.34,10.379
20241115150144.2,1186.10199540854,233.394,26.556,19.947,17.233,10.342,10.365
20241115150144.7,1186.58600002527,235.763,26.57,19.967,17.242,10.348,10.375
20241115150145.1,1187.05499768257,238.376,26.601,19.963,17.258,10.334,10.367
20241115150145.6,1187.53899224102,240.848,26.622,19.951,17.252,10.338,10.379
20241115150146.1,1188.00799995661,243.498,26.648,19.981,17.248,10.342,10.363
20241115150146.6,1188.47699761391,246.096,26.646,19.991,17.266,10.351,10.357
20241115150147,1188.96099217236,248.658,26.679,19.979,17.282,10.348,10.365
20241115150147.5,1189.4449967891,251.232,26.709,20.001,17.278,10.344,10.375
20241115150148,1189.92599397898,253.789,26.711,20.005,17.272,10.344,10.363
20241115150148.5,1190.40599539876,256.413,26.718,19.999,17.284,10.353,10.381
20241115150149,1190.87499305606,258.647,26.73,20.017,17.26,10.314,10.375
20241115150149.4,1191.3589976728,260.985,26.758,20.033,17.292,10.353,10.371
20241115150149.9,1191.84399805963,263.394,26.76,20.007,17.292,10.351,10.361
20241115150150.4,1192.31199994683,265.777,26.758,20.017,17.274,10.34,10.357
20241115150150.9,1192.78500080109,268.198,26.777,20.033,17.29,10.357,10.355
20241115150151.3,1193.25800165534,270.335,26.783,20.027,17.268,10.338,10.371
20241115150151.8,1193.72699931264,272.487,26.758,20.027,17.298,10.342,10.373
20241115150152.3,1194.19500119984,274.095,26.756,20.027,17.264,10.336,10.363
20241115150152.8,1194.66399885714,277.393,26.752,20.003,17.272,10.344,10.371
20241115150153.2,1195.13299651444,280.367,26.763,20.029,17.288,10.336,10.365
20241115150153.7,1195.62900066376,283.373,26.797,20.05,17.292,10.348,10.375
20241115150154.2,1196.09799832106,286.042,26.834,20.04,17.298,10.359,10.373
20241115150154.7,1196.57799974084,288.91,26.84,20.074,17.296,10.338,10.363
20241115150155.2,1197.0700006932,291.62,26.852,20.066,17.314,10.344,10.385
20241115150155.6,1197.55099788308,294.514,26.901,20.086,17.326,10.338,10.371
20241115150156.1,1198.03099930286,297.512,26.965,20.078,17.318,10.357,10.363
20241115150156.6,1198.5159996897,300.627,26.975,20.114,17.333,10.332,10.369
20241115150157.1,1198.99999424815,303.78,26.975,20.106,17.328,10.34,10.375
20241115150157.6,1199.48399886489,306.766,27.02,20.13,17.359,10.344,10.346
20241115150158.1,1199.96499605477,309.898,27.016,20.153,17.349,10.348,10.344
20241115150158.5,1200.43399371207,312.86,27.061,20.136,17.351,10.351,10.367
20241115150159,1200.91399513185,316.341,27.081,20.155,17.347,10.348,10.355
20241115150159.5,1201.39799974859,319.535,27.094,20.155,17.349,10.346,10.363
20241115150160,1201.87100060284,322.646,27.083,20.163,17.363,10.338,10.371
20241115150200.4,1202.33599506319,325.934,27.044,20.175,17.355,10.351,10.375
20241115150200.9,1202.81999967992,328.491,27.059,20.177,17.359,10.338,10.373
20241115150201.4,1203.30500006676,331.001,27.059,20.193,17.375,10.348,10.375
20241115150201.9,1203.78899462521,334.561,27.118,20.189,17.375,10.346,10.375
20241115150202.4,1204.27299924195,339.562,27.132,20.215,17.381,10.326,10.367
20241115150202.8,1204.75799962878,344.733,27.167,20.211,17.377,10.344,10.367
20241115150203.3,1205.23800104856,348.926,27.2,20.223,17.391,10.342,10.367
20241115150203.8,1205.70699870586,353.325,27.22,20.242,17.409,10.348,10.357
20241115150204.3,1206.19099326432,359.228,27.239,20.252,17.423,10.344,10.365
20241115150204.8,1206.67599365115,364.914,27.282,20.264,17.417,10.344,10.377
20241115150205.2,1207.15599507093,369.374,27.304,20.27,17.438,10.348,10.365
20241115150205.7,1207.64099545777,373.972,27.324,20.302,17.44,10.353,10.371
20241115150206.2,1208.12500007451,380.291,27.343,20.264,17.446,10.353,10.377
20241115150206.7,1208.60899463296,387.602,27.373,20.306,17.448,10.338,10.381
20241115150207.2,1209.09399501979,395.163,27.388,20.32,17.436,10.353,10.373
20241115150207.7,1209.57799963653,401.666,27.408,20.33,17.45,10.336,10.359
20241115150208.2,1210.08599326015,411.621,27.423,20.332,17.47,10.34,10.365
20241115150208.6,1210.56200154126,419.485,27.423,20.328,17.464,10.351,10.365
20241115150209.1,1211.05099506676,431.879,27.4,20.328,17.438,10.336,10.383
20241115150209.6,1211.52699328959,443.194,27.396,20.332,17.462,10.344,10.369
20241115150210.1,1212.0039973408,456.609,27.376,20.339,17.444,10.344,10.371
20241115150210.6,1212.48399876058,469.561,27.386,20.32,17.429,10.357,10.369
20241115150211.1,1212.96899914742,484.712,27.373,20.292,17.442,10.34,10.369
20241115150211.5,1213.45299370587,496.559,27.365,20.304,17.438,10.346,10.375
20241115150212,1213.93699832261,512.153,27.378,20.328,17.434,10.332,10.361
20241115150212.5,1214.40999917686,527.122,27.422,20.324,17.47,10.336,10.359
20241115150213,1214.89399373531,537.653,27.474,20.316,17.46,10.338,10.365
20241115150213.5,1215.37899412215,548.336,27.476,20.334,17.466,10.332,10.355
20241115150213.9,1215.84799177945,553.853,27.478,20.339,17.478,10.348,10.357
20241115150214.4,1216.3199968636,560.34,27.51,20.373,17.472,10.365,10.371
20241115150214.9,1216.81600101292,565.643,27.512,20.365,17.472,10.355,10.361
20241115150215.4,1217.28499867022,572.045,27.519,20.381,17.474,10.344,10.369
20241115150215.9,1217.7659958601,574.117,27.531,20.373,17.468,10.365,10.381
20241115150216.3,1218.23800094426,579.075,27.545,20.381,17.488,10.336,10.363
20241115150216.8,1218.71899813414,586.047,27.557,20.377,17.514,10.351,10.361
20241115150217.3,1219.20299269259,589.61,27.572,20.391,17.51,10.328,10.369
20241115150217.8,1219.67599354684,591.844,27.563,20.399,17.502,10.33,10.393
20241115150218.2,1220.147998631,592.528,27.606,20.411,17.506,10.346,10.357
20241115150218.7,1220.6169962883,597.56,27.608,20.423,17.51,10.355,10.355
20241115150219.2,1221.0859939456,601.077,27.627,20.433,17.516,10.33,10.371
20241115150219.7,1221.56999856234,606.317,27.66,20.425,17.518,10.342,10.371
20241115150220.1,1222.05899208784,612.572,27.69,20.448,17.533,10.344,10.365
20241115150220.6,1222.54299670458,615.744,27.698,20.47,17.516,10.33,10.346
20241115150221.1,1223.02700132132,620.036,27.721,20.448,17.535,10.344,10.377
20241115150221.6,1223.5079985112,625.612,27.737,20.478,17.551,10.346,10.371
20241115150222.1,1223.97699616849,629.202,27.751,20.488,17.557,10.332,10.365
20241115150222.5,1224.46100078523,634.642,27.762,20.498,17.557,10.338,10.359
20241115150223,1224.93699900806,640.23,27.756,20.51,17.571,10.338,10.367
20241115150223.5,1225.40999986231,646.178,27.794,20.522,17.577,10.334,10.375
20241115150224,1225.88699385524,645.908,27.837,20.52,17.585,10.336,10.342
20241115150224.5,1226.37099847198,650.957,27.825,20.528,17.585,10.34,10.375
20241115150224.9,1226.83999612927,654.996,27.845,20.534,17.593,10.336,10.373
20241115150225.4,1227.3159943521,632.962,27.874,20.545,17.583,10.332,10.373
20241115150225.9,1227.78899520636,278.366,27.907,20.557,17.597,10.326,10.353
20241115150226.4,1228.27299982309,156.454,27.925,20.569,17.613,10.348,10.353
20241115150226.8,1228.75800020993,99.572,27.946,20.581,17.621,10.336,10.357
20241115150227.3,1229.22699786723,69.259,27.968,20.575,17.632,10.34,10.361
20241115150227.8,1229.69499975443,51.89,28.003,20.593,17.636,10.33,10.353
20241115150228.3,1230.18399327993,40.281,28.035,20.609,17.65,10.338,10.357
20241115150228.7,1230.65199516714,33.096,28.046,20.629,17.652,10.332,10.361
20241115150229.2,1231.13299235702,28.254,28.046,20.621,17.656,10.346,10.379
20241115150229.7,1231.61699697375,25.079,28.072,20.633,17.656,10.346,10.34
20241115150230.2,1232.08999782801,22.878,28.089,20.642,17.65,10.344,10.369
20241115150230.7,1232.56999924779,21.409,28.111,20.64,17.642,10.33,10.363
20241115150231.1,1233.04699324071,20.438,28.133,20.67,17.668,10.336,10.377
20241115150231.6,1233.5269946605,19.722,28.164,20.684,17.676,10.338,10.355
20241115150232.1,1233.9959923178,19.134,28.205,20.692,17.676,10.336,10.365
20241115150232.6,1234.49599966407,18.634,28.205,20.726,17.706,10.34,10.375
20241115150233.1,1234.97999422252,18.296,28.228,20.708,17.694,10.328,10.367
20241115150233.5,1235.44899187982,17.987,28.272,20.739,17.714,10.348,10.351
20241115150234,1235.92999912798,17.763,28.291,20.751,17.708,10.346,10.369
20241115150234.5,1236.40599735081,17.593,28.299,20.759,17.718,10.355,10.353
20241115150235,1236.89099773765,17.488,28.326,20.765,17.704,10.34,10.346
20241115150235.5,1237.3749922961,17.399,28.354,20.785,17.728,10.328,10.359
20241115150235.9,1237.86300010979,17.332,28.383,20.783,17.753,10.34,10.361
20241115150236.4,1238.34399729967,17.252,28.409,20.801,17.751,10.334,10.342
20241115150236.9,1238.81599232554,17.213,28.424,20.821,17.759,10.318,10.355
20241115150237.4,1239.30099271238,17.082,28.426,20.803,17.751,10.348,10.367
20241115150237.9,1239.78099413216,16.969,28.411,20.819,17.769,10.34,10.351
20241115150238.4,1240.265994519,16.945,28.462,20.823,17.775,10.324,10.365
20241115150238.8,1240.74999913573,16.9,28.487,20.835,17.761,10.324,10.365
20241115150239.3,1241.23399369419,16.904,28.511,20.856,17.795,10.344,10.353
20241115150239.8,1241.70300140977,16.747,28.55,20.882,17.799,10.318,10.359
20241115150240.3,1242.17599220574,16.71,28.577,20.878,17.807,10.318,10.365
20241115150240.7,1242.65999682248,16.704,28.587,20.878,17.817,10.338,10.359
20241115150241.2,1243.14400143921,16.724,28.616,20.908,17.815,10.326,10.359
20241115150241.7,1243.62899176776,16.765,28.624,20.91,17.825,10.346,10.355
20241115150242.2,1244.1129963845,16.627,28.638,20.92,17.831,10.348,10.342
20241115150242.7,1244.59799677134,16.589,28.65,20.92,17.836,10.342,10.338
20241115150243.2,1245.08200138807,16.656,28.652,20.939,17.831,10.328,10.363
20241115150243.6,1245.55099904537,16.644,28.671,20.938,17.848,10.334,10.379
20241115150244.1,1246.03499360383,16.623,28.704,20.973,17.852,10.344,10.351
20241115150244.6,1246.51600085199,16.65,28.73,20.971,17.856,10.326,10.355
20241115150245.1,1246.98399268091,16.692,28.742,20.983,17.87,10.324,10.359
20241115150245.6,1247.46899306774,16.688,28.761,20.995,17.866,10.336,10.353
20241115150246,1247.94899448752,16.704,28.767,20.997,17.868,10.328,10.357
20241115150246.5,1248.4490018338,16.632,28.763,20.967,17.846,10.336,10.353
20241115150247,1248.93399216235,16.516,28.751,20.985,17.866,10.322,10.357
20241115150247.5,1249.41399358213,16.518,28.732,20.979,17.85,10.316,10.332
20241115150248,1249.89799819887,16.64,28.749,20.961,17.864,10.336,10.373
20241115150248.5,1250.3829985857,16.767,28.74,20.969,17.86,10.346,10.344
20241115150249,1250.88299587369,16.825,28.763,20.977,17.872,10.332,10.342
20241115150249.4,1251.36299729347,16.884,28.763,20.985,17.86,10.298,10.353
20241115150249.9,1251.85200087726,16.902,28.74,20.965,17.864,10.332,10.361
20241115150250.4,1252.35199816525,16.88,28.697,20.991,17.852,10.326,10.361
20241115150250.9,1252.83199958503,16.886,28.699,20.959,17.862,10.324,10.342
20241115150251.4,1253.32799367607,16.874,28.697,20.953,17.854,10.338,10.351
20241115150251.9,1253.81600148976,16.872,28.7,20.955,17.848,10.328,10.369
20241115150252.4,1254.30499501526,16.888,28.697,20.93,17.842,10.336,10.348
20241115150252.9,1254.788999632,16.963,28.695,20.955,17.838,10.33,10.357
20241115150253.3,1255.2579972893,16.916,28.699,20.953,17.854,10.324,10.351
20241115150253.8,1255.72999231517,16.894,28.681,20.961,17.827,10.33,10.359
20241115150254.3,1256.21499270201,16.836,28.685,20.941,17.836,10.348,10.365
20241115150254.8,1256.68699778616,16.821,28.7,20.938,17.85,10.33,10.365
20241115150255.2,1257.15999864042,16.799,28.7,20.93,17.829,10.318,10.357
20241115150255.7,1257.64799639583,16.807,28.706,20.938,17.832,10.336,10.367
20241115150256.2,1258.14799368382,16.834,28.748,20.957,17.852,10.316,10.353
20241115150256.7,1258.63299407065,16.878,28.744,20.951,17.842,10.324,10.359
20241115150257.2,1259.10199172795,16.898,28.746,20.961,17.84,10.344,10.363
20241115150257.7,1259.58999954164,16.862,28.761,20.947,17.85,10.324,10.34
20241115150258.2,1260.07000096142,16.805,28.765,20.965,17.85,10.332,10.351
20241115150258.6,1260.53499542177,16.765,28.767,20.953,17.832,10.33,10.357
20241115150259.1,1261.02299317718,16.771,28.771,20.945,17.844,10.312,10.359
20241115150259.6,1261.49200089276,16.739,28.789,20.943,17.848,10.326,10.346
20241115150300.1,1261.97700127959,16.787,28.777,20.981,17.836,10.34,10.363
20241115150300.5,1262.44899630547,16.922,28.806,20.967,17.856,10.33,10.353
20241115150301,1262.92199715972,16.918,28.826,20.983,17.85,10.328,10.367
20241115150301.5,1263.40599171817,17.025,28.838,20.989,17.848,10.332,10.353
20241115150302,1263.89099210501,16.971,28.881,21.001,17.85,10.326,10.348
20241115150302.5,1264.37099352479,16.931,28.892,21.019,17.866,10.308,10.363
20241115150302.9,1264.85900133848,16.864,28.871,21.005,17.866,10.346,10.359
20241115150303.4,1265.32799899578,16.882,28.871,21.009,17.89,10.32,10.357
20241115150303.9,1265.82799628377,16.819,28.849,21.001,17.864,10.34,10.357
20241115150304.4,1266.31200090051,16.767,28.857,20.999,17.854,10.318,10.326
20241115150305,1266.90999604762,16.698,28.851,21.001,17.878,10.353,10.359
20241115150305.5,1267.39400066435,16.623,28.855,21.003,17.846,10.32,10.363
20241115150305.9,1267.86299832165,16.597,28.869,20.983,17.858,10.306,10.361
20241115150306.4,1268.34399551153,16.559,28.875,21.011,17.876,10.332,10.369
20241115150306.9,1268.81199739873,16.553,28.898,21.019,17.868,10.34,10.371
20241115150307.4,1269.29699778557,16.589,28.892,21.019,17.874,10.312,10.353
20241115150307.9,1269.78499554098,16.617,28.932,21.021,17.874,10.322,10.355
20241115150308.4,1270.26900015771,16.702,28.922,21.023,17.864,10.322,10.361
20241115150308.8,1270.74999734759,16.726,28.949,21.027,17.886,10.328,10.371
20241115150309.3,1271.23399190605,16.712,28.961,21.042,17.894,10.324,10.357
20241115150309.8,1271.71899229288,16.696,28.975,21.042,17.88,10.332,10.353
20241115150310.3,1272.19899371266,16.634,29.004,21.046,17.894,10.348,10.342
20241115150310.8,1272.69900105894,16.587,29,21.07,17.888,10.334,10.336
20241115150311.3,1273.18400144577,16.531,28.998,21.052,17.882,10.328,10.357
20241115150311.8,1273.66799600422,16.498,29.043,21.076,17.888,10.322,10.34
20241115150312.2,1274.15200062096,16.506,29.055,21.062,17.91,10.314,10.344
20241115150312.7,1274.6370010078,16.492,29.102,21.096,17.906,10.338,10.348
20241115150313.2,1275.12099556625,16.516,29.135,21.094,17.922,10.32,10.346
20241115150313.7,1275.60500018299,16.504,29.129,21.098,17.939,10.334,10.344
20241115150314.2,1276.09000056982,16.514,29.2,21.134,17.941,10.328,10.361
20241115150314.7,1276.56999193132,16.549,29.208,21.143,17.963,10.33,10.338
20241115150315.1,1277.05499231815,16.593,29.243,21.179,17.965,10.348,10.361
20241115150315.6,1277.53499373794,16.581,29.276,21.189,17.963,10.316,10.344
20241115150316.1,1278.02300155163,16.595,29.323,21.191,17.977,10.326,10.357
20241115150316.6,1278.50399874151,16.559,29.329,21.199,17.967,10.338,10.344
20241115150317.1,1278.98400016129,16.644,29.308,21.199,17.995,10.342,10.363
20241115150317.5,1279.44899462163,16.72,29.315,21.231,17.969,10.326,10.357
20241115150318,1279.93699237704,16.702,29.359,21.225,17.963,10.328,10.365
20241115150318.5,1280.41799962521,16.654,29.378,21.221,17.991,10.334,10.351
20241115150319,1280.90199418366,16.619,29.408,21.252,17.991,10.338,10.357
20241115150319.5,1281.38300143182,16.63,29.458,21.258,17.991,10.324,10.357
20241115150320,1281.87099918723,16.575,29.478,21.278,18.025,10.33,10.342
20241115150320.4,1282.35199637711,16.555,29.521,21.294,18.013,10.334,10.355
20241115150320.9,1282.84800052643,16.579,29.531,21.292,18.023,10.346,10.355
20241115150321.4,1283.32799188793,16.557,29.552,21.302,18.034,10.357,10.351
20241115150321.9,1283.80099274218,16.567,29.574,21.298,18.042,10.32,10.361
20241115150322.4,1284.28499735892,16.541,29.572,21.302,18.044,10.336,10.351
20241115150322.9,1284.76900197566,16.591,29.574,21.3,18.036,10.342,10.342
20241115150323.3,1285.25799550116,16.636,29.56,21.322,18.015,10.33,10.344
20241115150323.8,1285.73399372399,16.664,29.576,21.312,18.023,10.34,10.344
20241115150324.3,1286.21899411082,16.563,29.58,21.312,18.04,10.308,10.363
20241115150324.8,1286.69899553061,16.52,29.556,21.304,18.003,10.34,10.359
20241115150325.3,1287.17999272048,16.551,29.554,21.32,17.999,10.351,10.357
20241115150325.8,1287.66800053418,16.573,29.554,21.298,18.025,10.33,10.346
20241115150326.2,1288.14100138843,16.636,29.574,21.31,18.042,10.34,10.336
20241115150326.7,1288.60899321735,16.619,29.578,21.304,18.003,10.328,10.363
20241115150327.2,1289.09399360418,16.494,29.623,21.324,18.027,10.338,10.359
20241115150327.7,1289.58200141788,16.361,29.676,21.314,18.05,10.332,10.328
20241115150328.1,1290.05099907517,16.314,29.762,21.353,18.076,10.334,10.338
20241115150328.6,1290.53499363363,16.231,29.784,21.409,18.112,10.338,10.322
20241115150329.1,1291.02300144732,16.254,29.862,21.413,18.1,10.326,10.373
20241115150329.6,1291.50799177587,16.31,29.862,21.429,18.112,10.33,10.355
20241115150330.1,1291.97999686003,16.236,29.893,21.446,18.128,10.357,10.363
20241115150330.5,1292.44899451733,16.171,29.923,21.435,18.12,10.336,10.365
20241115150331,1292.93399490416,16.141,29.944,21.466,18.141,10.334,10.369
20241115150331.5,1293.4179995209,16.231,29.964,21.462,18.149,10.326,10.357
20241115150332,1293.89800094068,16.286,29.964,21.48,18.137,10.351,10.353
20241115150332.5,1294.38300132751,16.314,30.003,21.492,18.132,10.33,10.363
20241115150333,1294.86699588597,16.429,30.032,21.502,18.13,10.357,10.348
20241115150333.4,1295.34799307585,16.553,30.023,21.516,18.135,10.338,10.357
20241115150333.9,1295.83600088954,16.442,30.011,21.486,18.137,10.338,10.371
20241115150334.4,1296.31599225104,16.474,30.009,21.476,18.132,10.338,10.359
20241115150334.9,1296.80099263787,16.425,30.036,21.494,18.137,10.342,10.369
20241115150335.4,1297.28499725461,16.413,30.058,21.522,18.165,10.33,10.355
20241115150335.9,1297.7849945426,16.434,30.087,21.541,18.165,10.338,10.359
20241115150336.4,1298.27299229801,16.431,30.128,21.549,18.179,10.344,10.361
20241115150336.8,1298.75799268484,16.292,30.13,21.563,18.171,10.336,10.381
20241115150337.3,1299.24199730158,16.231,30.169,21.587,18.179,10.346,10.353
20241115150337.8,1299.72699768841,16.232,30.199,21.583,18.183,10.348,10.377
20241115150338.3,1300.22999234498,16.231,30.238,21.591,18.183,10.328,10.377
20241115150338.8,1300.71899592876,16.32,30.287,21.593,18.199,10.33,10.367
20241115150339.3,1301.19899734855,16.403,30.277,21.621,18.201,10.351,10.363
20241115150339.8,1301.68399773538,16.442,30.218,21.591,18.175,10.336,10.359
20241115150340.3,1302.17199549079,16.434,30.187,21.583,18.189,10.33,10.351
20241115150340.7,1302.65600010753,16.46,30.187,21.591,18.185,10.348,10.365
20241115150341.2,1303.14100049436,16.399,30.164,21.583,18.179,10.346,10.359
20241115150341.7,1303.62100191414,16.252,30.195,21.571,18.157,10.332,10.367
20241115150342.2,1304.10199910402,16.124,30.22,21.567,18.161,10.338,10.355
20241115150342.7,1304.58200052381,16.092,30.232,21.581,18.171,10.353,10.361
20241115150343.2,1305.06999827921,16.046,30.179,21.567,18.157,10.34,10.348
20241115150343.6,1305.55099546909,15.995,30.201,21.565,18.169,10.328,10.355
20241115150344.1,1306.03500008583,15.969,30.254,21.585,18.167,10.346,10.383
20241115150344.6,1306.52299784124,16.011,30.265,21.587,18.177,10.348,10.363
20241115150345.1,1307.00799822807,16.052,30.297,21.609,18.191,10.34,10.346
20241115150345.6,1307.48799964786,16.074,30.334,21.609,18.207,10.34,10.338
20241115150346.1,1307.97300003469,16.149,30.367,21.633,18.195,10.346,10.348
20241115150346.5,1308.45699459314,16.147,30.377,21.646,18.207,10.365,10.363
20241115150347,1308.93399864435,16.155,30.422,21.642,18.207,10.348,10.344
20241115150347.5,1309.41799320281,16.05,30.401,21.64,18.219,10.33,10.336
20241115150348,1309.90199781954,16.046,30.426,21.678,18.199,10.328,10.334
20241115150348.5,1310.38699820638,16.007,30.438,21.674,18.211,10.334,10.334
20241115150349,1310.87099276483,15.981,30.467,21.672,18.217,10.354,10.348
20241115150349.4,1311.35200001299,16.009,30.522,21.694,18.224,10.336,10.352
20241115150349.9,1311.82399503887,16.094,30.573,21.724,18.254,10.33,10.352
20241115150350.4,1312.31199279428,16.262,30.612,21.733,18.272,10.336,10.344
20241115150350.9,1312.80099637806,16.151,30.614,21.753,18.282,10.328,10.361
20241115150351.4,1313.28099779785,16.171,30.61,21.769,18.276,10.352,10.344
20241115150351.9,1313.76899555326,16.248,30.608,21.771,18.258,10.334,10.361
20241115150352.4,1314.26899284124,16.173,30.647,21.787,18.272,10.342,10.367
20241115150352.8,1314.7419936955,16.119,30.675,21.805,18.294,10.314,10.35
20241115150353.3,1315.22300094366,16.07,30.749,21.807,18.308,10.348,10.359
20241115150353.8,1315.71099869907,16.04,30.776,21.85,18.31,10.336,10.35
20241115150354.3,1316.21499918401,16.116,30.849,21.858,18.339,10.322,10.346
20241115150354.8,1316.6950006038,16.159,30.87,21.854,18.347,10.35,10.332
20241115150355.3,1317.18000099063,16.207,30.9,21.894,18.353,10.342,10.332
20241115150355.8,1317.66799874604,16.264,30.933,21.902,18.371,10.334,10.35
20241115150356.2,1318.14800016582,16.329,30.923,21.908,18.369,10.35,10.352
20241115150356.7,1318.62100102007,16.351,30.929,21.91,18.365,10.35,10.35
20241115150357.2,1319.10899877548,16.337,30.953,21.91,18.365,10.346,10.356
20241115150357.7,1319.59399916232,16.409,30.945,21.929,18.355,10.342,10.365
20241115150358.2,1320.0740005821,16.355,30.947,21.929,18.359,10.354,10.346
20241115150358.6,1320.55499777198,16.341,30.933,21.922,18.353,10.354,10.365
20241115150359.1,1321.03899233043,16.319,30.916,21.9,18.355,10.336,10.348
20241115150359.6,1321.51899375021,16.296,30.941,21.906,18.355,10.324,10.338
20241115150400.1,1321.9880014658,16.31,30.927,21.908,18.345,10.334,10.34
20241115150400.7,1322.58199341595,16.454,30.949,21.894,18.343,10.33,10.344
20241115150401.2,1323.06599803269,16.436,30.949,21.91,18.329,10.363,10.369
20241115150401.6,1323.53899888694,16.319,30.931,21.916,18.335,10.332,10.334
20241115150402.1,1324.02699664235,16.244,30.947,21.914,18.331,10.344,10.35
20241115150402.6,1324.51199702919,16.199,30.982,21.92,18.345,10.338,10.35
20241115150403.1,1324.99600164592,16.131,30.988,21.908,18.347,10.348,10.363
20241115150403.6,1325.47999620438,16.038,31.004,21.91,18.355,10.334,10.348
20241115150404.1,1325.96899978817,15.773,31.031,21.953,18.341,10.344,10.365
20241115150404.5,1326.44900120795,15.678,31.031,21.955,18.369,10.346,10.35
20241115150405,1326.93400159478,15.706,31.076,21.953,18.369,10.332,10.365
20241115150405.5,1327.43399888277,15.751,31.078,21.955,18.393,10.344,10.363
20241115150406,1327.91799344122,15.822,31.1,21.963,18.377,10.338,10.34
20241115150406.5,1328.40600125492,15.931,31.111,21.983,18.369,10.352,10.359
20241115150407,1328.89100164175,15.969,31.139,21.979,18.387,10.344,10.352
20241115150407.5,1329.3749962002,16.05,31.178,21.985,18.401,10.361,10.356
20241115150407.9,1329.85499761999,16.078,31.215,22.013,18.407,10.354,10.367
20241115150408.4,1330.33999800682,16.084,31.26,22.027,18.401,10.346,10.359
20241115150408.9,1330.83199895918,16.062,31.335,22.06,18.426,10.34,10.342
20241115150409.4,1331.31200037897,16.129,31.374,22.086,18.428,10.354,10.35
20241115150409.9,1331.78500123322,16.222,31.388,22.076,18.424,10.344,10.342
20241115150410.4,1332.27299898863,16.272,31.393,22.072,18.421,10.348,10.346
20241115150410.8,1332.74599984288,16.345,31.378,22.062,18.428,10.356,10.377
20241115150411.3,1333.22999440134,16.219,31.366,22.086,18.424,10.365,10.371
20241115150411.8,1333.7110016495,16.177,31.39,22.064,18.434,10.369,10.344
20241115150412.3,1334.19499620795,16.153,31.399,22.092,18.419,10.334,10.356
20241115150412.8,1334.67200025916,16.193,31.427,22.076,18.438,10.344,10.369
20241115150413.2,1335.15599481761,16.236,31.417,22.116,18.448,10.371,10.371
20241115150413.7,1335.64099520445,16.268,31.429,22.106,18.46,10.375,10.365
20241115150414.2,1336.13299615681,16.363,31.362,22.086,18.429,10.369,10.367
20241115150414.7,1336.60199381411,16.399,31.317,22.058,18.407,10.357,10.344
20241115150415.2,1337.08599843085,16.383,31.313,22.04,18.417,10.359,10.342
20241115150415.7,1337.56599985063,16.399,31.253,22.046,18.387,10.361,10.346
20241115150416.1,1338.05100023746,16.434,31.276,22.046,18.411,10.359,10.365
20241115150416.6,1338.53499479592,16.468,31.311,22.054,18.423,10.373,10.363
20241115150417.1,1339.02299255133,16.466,31.341,22.052,18.409,10.371,10.352
20241115150417.6,1339.50799293816,16.49,31.354,22.048,18.411,10.369,10.35
20241115150418.1,1339.99600075185,16.535,31.403,22.076,18.422,10.359,10.365
20241115150418.6,1340.47999531031,16.563,31.403,22.102,18.428,10.356,10.332
20241115150419,1340.96099250019,16.65,31.448,22.094,18.448,10.365,10.346
20241115150419.5,1341.44900031388,16.741,31.466,22.096,18.454,10.375,10.35
20241115150420,1341.92999750376,16.933,31.54,22.143,18.462,10.363,10.35
20241115150420.5,1342.41399206221,16.906,31.599,22.172,18.496,10.369,10.352
20241115150421,1342.89799667895,16.961,31.63,22.194,18.514,10.35,10.352
20241115150421.5,1343.38299706578,17.011,31.646,22.19,18.506,10.363,10.352
20241115150422,1343.86700168252,16.961,31.672,22.208,18.514,10.348,10.354
20241115150422.4,1344.35199201107,17.03,31.666,22.217,18.518,10.367,10.346
20241115150422.9,1344.83599662781,17.009,31.691,22.202,18.502,10.365,10.352
20241115150423.4,1345.32000124454,16.886,31.681,22.223,18.514,10.361,10.354
20241115150423.9,1345.79699523747,16.82,31.719,22.225,18.531,10.348,10.381
20241115150424.4,1346.27699665725,16.799,31.73,22.241,18.529,10.352,10.363
20241115150424.8,1346.74999751151,16.797,31.762,22.257,18.543,10.348,10.356
20241115150425.3,1347.23799526691,16.88,31.785,22.249,18.557,10.371,10.354
20241115150425.8,1347.71099612117,16.862,31.797,22.259,18.567,10.359,10.367
20241115150426.3,1348.19500073791,16.781,31.826,22.259,18.545,10.361,10.365
20241115150426.8,1348.67599792778,16.834,31.854,22.292,18.557,10.369,10.363
20241115150427.3,1349.16399568319,16.872,31.889,22.3,18.579,10.365,10.354
20241115150427.7,1349.64399710298,16.894,31.926,22.321,18.567,10.381,10.369
20241115150428.2,1350.12899748981,16.898,31.959,22.315,18.585,10.359,10.348
20241115150428.7,1350.61299204826,16.878,31.987,22.341,18.615,10.344,10.359
20241115150429.2,1351.10199563205,16.793,32.012,22.349,18.607,10.359,10.344
20241115150429.7,1351.58999338746,16.747,32.042,22.347,18.621,10.361,10.379
20241115150430.2,1352.06999480724,16.678,32.046,22.386,18.603,10.367,10.365
20241115150430.6,1352.55499519408,16.648,32.052,22.374,18.642,10.356,10.362
20241115150431.1,1353.03899981081,16.648,32.069,22.362,18.603,10.35,10.364
20241115150431.6,1353.5190012306,16.614,32.094,22.378,18.618,10.346,10.358
20241115150432.1,1354.01899851859,16.561,32.093,22.382,18.63,10.358,10.362
20241115150432.6,1354.50399890542,16.618,32.094,22.39,18.628,10.36,10.35
20241115150433.1,1354.9840003252,16.65,32.12,22.37,18.616,10.362,10.352
20241115150433.6,1355.46900071204,16.652,32.179,22.411,18.636,10.377,10.358
20241115150434,1355.94099573791,16.648,32.188,22.421,18.636,10.375,10.369
20241115150434.5,1356.42599612474,16.626,32.204,22.429,18.63,10.35,10.369
20241115150435,1356.91000074148,16.601,32.206,22.441,18.634,10.346,10.358
20241115150435.5,1357.39399529994,16.624,32.228,22.446,18.656,10.371,10.348
20241115150436,1357.88299888372,16.686,32.288,22.468,18.656,10.35,10.377
20241115150436.5,1358.38299617171,16.745,32.308,22.492,18.676,10.342,10.362
20241115150436.9,1358.8629975915,16.698,32.361,22.493,18.674,10.342,10.356
20241115150437.4,1359.34799797833,16.709,32.42,22.513,18.678,10.358,10.364
20241115150437.9,1359.83199253678,16.684,32.412,22.525,18.688,10.356,10.348
20241115150438.4,1360.32000035048,16.615,32.377,22.531,18.704,10.365,10.356
20241115150438.9,1360.80500073731,16.49,32.388,22.55,18.69,10.369,10.375
20241115150439.4,1361.28099896014,16.462,32.367,22.527,18.676,10.361,10.361
20241115150439.9,1361.76899671555,16.462,32.332,22.503,18.666,10.367,10.375
20241115150440.3,1362.25399710238,16.454,32.234,22.464,18.636,10.362,10.358
20241115150440.8,1362.73800171912,16.45,32.14,22.437,18.626,10.369,10.375
20241115150441.3,1363.22299204767,16.507,32.065,22.38,18.612,10.36,10.366
20241115150441.8,1363.7069966644,16.539,32.073,22.392,18.601,10.354,10.362
20241115150442.3,1364.18699808419,16.577,32.145,22.399,18.605,10.36,10.35
20241115150442.8,1364.67199847102,16.652,32.243,22.411,18.618,10.348,10.379
20241115150443.2,1365.15599302948,16.743,32.314,22.445,18.654,10.364,10.379
20241115150443.7,1365.63700027764,16.801,32.379,22.482,18.678,10.377,10.365
20241115150444.2,1366.12099483609,16.83,32.39,22.478,18.69,10.391,10.354
20241115150444.7,1366.60199202597,16.91,32.445,22.521,18.696,10.371,10.363
20241115150445.2,1367.08999983966,16.874,32.49,22.546,18.706,10.365,10.387
20241115150445.7,1367.57399439812,16.832,32.51,22.558,18.729,10.354,10.379
20241115150446.1,1368.05500164628,16.862,32.525,22.558,18.729,10.367,10.375
20241115150446.6,1368.54299940169,16.797,32.555,22.578,18.739,10.359,10.367
20241115150447.1,1369.01600025594,16.719,32.608,22.59,18.743,10.371,10.389
20241115150447.6,1369.49600167572,16.672,32.672,22.603,18.773,10.369,10.363
20241115150448.1,1369.98399943113,16.723,32.708,22.637,18.779,10.367,10.371
20241115150448.6,1370.46899981797,16.719,32.749,22.652,18.769,10.377,10.373
20241115150449,1370.94099484384,16.531,32.77,22.67,18.785,10.371,10.381
20241115150449.5,1371.42199203372,16.561,32.825,22.684,18.809,10.373,10.373
20241115150450,1371.90599665046,16.614,32.841,22.683,18.805,10.36,10.338
20241115150450.5,1372.40200079978,16.585,32.868,22.703,18.799,10.356,10.379
20241115150451,1372.88700118661,16.595,32.923,22.709,18.824,10.348,10.36
20241115150451.5,1373.37099574506,16.664,32.948,22.736,18.842,10.354,10.344
20241115150451.9,1373.8550003618,16.793,32.984,22.766,18.85,10.358,10.381
20241115150452.4,1374.34399388731,16.755,33.007,22.764,18.876,10.373,10.356
20241115150452.9,1374.83999803662,16.727,33.04,22.779,18.864,10.346,10.358
20241115150453.4,1375.33599212766,16.692,33.058,22.776,18.858,10.364,10.369
20241115150453.9,1375.81599354744,16.696,33.125,22.795,18.866,10.356,10.362
20241115150454.4,1376.30499713123,16.69,33.183,22.809,18.878,10.36,10.362
20241115150455,1376.90199650824,16.721,33.225,22.846,18.886,10.377,10.354
20241115150455.5,1377.39800065756,16.717,33.256,22.86,18.9,10.366,10.369
20241115150456,1377.88300104439,16.719,33.264,22.854,18.911,10.366,10.36
20241115150456.5,1378.36699560285,16.719,33.285,22.856,18.909,10.369,10.36
20241115150456.9,1378.85499335825,16.711,33.303,22.864,18.904,10.369,10.346
20241115150457.4,1379.33600060642,16.713,33.319,22.868,18.894,10.36,10.354
20241115150457.9,1379.81999516487,16.729,33.307,22.87,18.902,10.356,10.358
20241115150458.4,1380.30499555171,16.715,33.366,22.891,18.923,10.352,10.371
20241115150458.9,1380.78499697149,16.705,33.407,22.907,18.925,10.377,10.369
20241115150459.3,1381.25799782574,16.711,33.426,22.917,18.931,10.352,10.375
20241115150459.8,1381.74599558115,16.705,33.438,22.909,18.949,10.348,10.364
20241115150500.3,1382.24999606609,16.7,33.467,22.926,18.953,10.362,10.344
20241115150500.8,1382.7379938215,16.7,33.495,22.95,18.969,10.364,10.346
20241115150501.3,1383.21900106966,16.709,33.54,22.96,18.975,10.363,10.352
20241115150501.8,1383.70299562812,16.7,33.552,22.975,18.969,10.369,10.373
20241115150502.3,1384.20699611306,16.712,33.571,22.981,18.983,10.373,10.35
20241115150502.8,1384.70300026238,16.718,33.585,22.991,18.975,10.363,10.371
20241115150503.3,1385.17600111663,16.718,33.614,22.991,18.989,10.361,10.359
20241115150503.7,1385.65999567509,16.718,33.63,23.003,18.995,10.359,10.381
20241115150504.2,1386.13299652934,16.727,33.632,22.979,19.011,10.346,10.373
20241115150504.7,1386.61700114608,16.741,33.642,23.017,19.005,10.365,10.383
20241115150505.2,1387.09799833596,16.733,33.652,23.034,19.009,10.367,10.373
20241115150505.7,1387.58199289441,16.763,33.699,23.024,19.005,10.365,10.365
20241115150506.1,1388.05499374866,16.773,33.726,23.044,19.009,10.346,10.363
20241115150506.6,1388.52699883282,16.759,33.714,23.038,19.005,10.365,10.371
20241115150507.1,1389.01599235833,16.755,33.724,23.042,19.011,10.352,10.375
20241115150507.6,1389.5159997046,16.725,33.744,23.032,18.997,10.361,10.352
20241115150508.1,1389.99999426305,16.747,33.74,23.046,19.019,10.363,10.379
20241115150508.6,1390.47999568284,16.749,33.763,23.062,19.028,10.348,10.377
20241115150509.1,1390.9729924053,16.747,33.801,23.067,19.034,10.356,10.367
20241115150509.5,1391.45299382508,16.767,33.797,23.073,19.007,10.373,10.367
20241115150510,1391.92599467933,16.781,33.834,23.085,19.038,10.367,10.363
20241115150510.5,1392.41399243474,16.761,33.863,23.073,19.038,10.363,10.369
20241115150511,1392.89399385452,16.747,33.857,23.105,19.042,10.361,10.365
20241115150511.5,1393.37899424136,16.747,33.895,23.095,19.038,10.361,10.379
20241115150511.9,1393.86299885809,16.767,33.934,23.109,19.042,10.34,10.363
20241115150512.4,1394.34799924493,16.751,33.965,23.134,19.062,10.373,10.383
20241115150512.9,1394.83599700034,16.761,33.983,23.118,19.07,10.356,10.367
20241115150513.4,1395.32000161707,16.751,33.994,23.142,19.052,10.371,10.365
20241115150513.9,1395.80499194562,16.763,33.969,23.14,19.054,10.359,10.375
20241115150514.4,1396.28899656236,16.799,34.026,23.146,19.062,10.359,10.369
20241115150514.9,1396.7730011791,16.775,34.034,23.144,19.084,10.342,10.367
20241115150515.4,1397.27299846709,16.763,34.049,23.165,19.074,10.369,10.361
20241115150515.8,1397.75799885392,16.737,34.09,23.158,19.07,10.361,10.369
20241115150516.3,1398.2380002737,16.727,34.13,23.183,19.086,10.354,10.369
20241115150516.8,1398.72300066054,16.716,34.192,23.216,19.098,10.365,10.354
20241115150517.3,1399.20299202204,16.704,34.208,23.228,19.104,10.356,10.375
20241115150517.8,1399.68699663877,16.741,34.235,23.238,19.114,10.354,10.35
20241115150518.3,1400.17199702561,16.826,34.3,23.259,19.151,10.344,10.381
20241115150518.7,1400.65600164235,16.771,34.349,23.285,19.151,10.369,10.352
20241115150519.2,1401.1409919709,16.765,34.386,23.295,19.135,10.365,10.359
20241115150519.7,1401.62499658763,16.719,34.408,23.306,19.165,10.354,10.365
20241115150520.2,1402.10499800742,16.704,34.457,23.346,19.159,10.365,10.379
20241115150520.7,1402.58999839425,16.694,34.488,23.34,19.173,10.332,10.373
20241115150521.2,1403.0739929527,16.692,34.508,23.369,19.187,10.353,10.375
20241115150521.6,1403.55899333954,16.684,34.555,23.365,19.195,10.363,10.387
20241115150522.1,1404.04299795628,16.692,34.543,23.395,19.189,10.359,10.373
20241115150522.6,1404.52699251473,16.676,34.57,23.379,19.201,10.359,10.367
20241115150523.1,1405.01199290156,16.68,34.566,23.412,19.197,10.346,10.363
20241115150523.6,1405.4959975183,16.678,34.594,23.41,19.203,10.34,10.365
20241115150524.1,1405.98399527371,16.696,34.625,23.414,19.211,10.351,10.348
20241115150524.5,1406.46099932492,16.737,34.633,23.401,19.217,10.353,10.359
20241115150525,1406.94499388337,16.793,34.637,23.42,19.215,10.344,10.367
20241115150525.5,1407.42999427021,16.842,34.653,23.43,19.227,10.357,10.377
20241115150526,1407.91399888694,16.947,34.692,23.432,19.223,10.342,10.363
20241115150526.5,1408.3979934454,17.076,34.721,23.43,19.248,10.346,10.369
20241115150527,1408.87900069356,17.187,34.727,23.448,19.238,10.348,10.369
20241115150527.4,1409.36299525201,17.211,34.758,23.463,19.238,10.359,10.365
20241115150527.9,1409.8519988358,17.104,34.79,23.473,19.246,10.359,10.375
20241115150528.4,1410.33599339426,17.187,34.839,23.477,19.262,10.336,10.367
20241115150528.9,1410.82400120795,17.215,34.858,23.495,19.264,10.361,10.373
20241115150529.4,1411.30499839783,17.122,34.862,23.508,19.28,10.359,10.355
20241115150529.9,1411.79299615324,17.023,34.919,23.526,19.27,10.346,10.369
20241115150530.4,1412.27299757302,16.935,34.966,23.542,19.272,10.373,10.379
20241115150530.8,1412.75799795985,16.886,34.968,23.532,19.282,10.359,10.357
20241115150531.3,1413.23799937963,16.842,34.97,23.544,19.286,10.353,10.365
20241115150531.8,1413.72699290514,16.813,35.009,23.571,19.304,10.336,10.367
20241115150532.3,1414.21099752188,16.854,35.019,23.587,19.314,10.342,10.367
20241115150532.8,1414.69499208033,16.888,35.037,23.594,19.322,10.346,10.369
20241115150533.3,1415.17999246716,16.848,35.068,23.596,19.341,10.348,10.365
20241115150533.8,1415.66800028086,16.832,35.118,23.61,19.324,10.338,10.363
20241115150534.2,1416.15199483931,16.858,35.172,23.64,19.324,10.348,10.371
20241115150534.7,1416.63699522614,16.86,35.18,23.638,19.332,10.353,10.351
20241115150535.2,1417.11699664593,16.836,35.219,23.669,19.322,10.34,10.363
20241115150535.7,1417.60499440134,16.795,35.263,23.667,19.359,10.365,10.363
20241115150536.2,1418.0860016495,16.787,35.261,23.708,19.365,10.355,10.371
20241115150536.7,1418.56999620795,16.765,35.302,23.702,19.379,10.342,10.375
20241115150537.1,1419.05499659479,16.761,35.308,23.694,19.369,10.355,10.355
20241115150537.6,1419.53900121152,16.765,35.343,23.71,19.389,10.344,10.373
20241115150538.1,1420.02299576998,16.779,35.316,23.706,19.383,10.353,10.379
20241115150538.6,1420.50799615681,16.829,35.298,23.679,19.373,10.34,10.375
20241115150539.1,1420.98799757659,16.819,35.308,23.712,19.375,10.342,10.356
20241115150539.6,1421.48799486458,16.731,35.339,23.706,19.393,10.356,10.361
20241115150540.1,1421.97299525142,16.698,35.362,23.704,19.393,10.332,10.361
20241115150540.5,1422.4529966712,16.642,35.373,23.714,19.397,10.348,10.352
20241115150541,1422.94099442661,16.644,35.372,23.737,19.403,10.354,10.359
20241115150541.5,1423.42599481344,16.644,35.401,23.737,19.405,10.342,10.354
20241115150542,1423.90599623322,16.642,35.428,23.741,19.419,10.332,10.359
20241115150542.5,1424.3869934231,16.682,35.433,23.763,19.423,10.342,10.361
20241115150543,1424.87099803984,16.71,35.453,23.761,19.436,10.352,10.365
20241115150543.4,1425.3549925983,16.767,35.478,23.784,19.44,10.346,10.361
20241115150543.9,1425.83599984646,16.785,35.49,23.757,19.393,10.338,10.346
20241115150544.4,1426.31999440491,16.749,35.505,23.771,19.423,10.32,10.348
20241115150544.9,1426.79699845612,16.779,35.53,23.773,19.426,10.359,10.35
20241115150545.4,1427.28099301457,16.731,35.517,23.775,19.397,10.328,10.354
20241115150545.9,1427.76900082827,16.698,35.509,23.759,19.397,10.342,10.356
20241115150546.3,1428.2540012151,16.64,35.49,23.741,19.409,10.34,10.342
20241115150546.8,1428.7339925766,16.595,35.482,23.728,19.399,10.354,10.373
20241115150547.3,1429.21899296343,16.567,35.499,23.735,19.389,10.352,10.363
20241115150547.8,1429.70299758017,16.585,35.48,23.731,19.383,10.332,10.348
20241115150548.3,1430.18699213862,16.593,35.515,23.755,19.381,10.334,10.361
20241115150548.8,1430.67199252546,16.656,35.532,23.759,19.391,10.32,10.344
20241115150549.2,1431.16000033915,16.733,35.584,23.759,19.413,10.338,10.344
20241115150549.7,1431.64099752903,16.743,35.6,23.778,19.424,10.334,10.352
20241115150550.2,1432.14099481702,16.783,35.668,23.802,19.421,10.326,10.338
20241115150550.8,1432.73400105536,16.937,35.675,23.81,19.436,10.334,10.352
20241115150551.3,1433.21900144219,16.943,35.718,23.822,19.456,10.34,10.354
20241115150551.8,1433.70299600065,16.89,35.761,23.867,19.468,10.334,10.342
20241115150552.3,1434.18700061738,16.88,35.84,23.857,19.486,10.336,10.346
20241115150552.8,1434.67200100422,16.993,35.863,23.89,19.494,10.342,10.369
20241115150553.2,1435.15199236572,17.114,35.914,23.92,19.518,10.342,10.353
20241115150553.7,1435.63699275255,17.12,35.952,23.953,19.524,10.346,10.363
20241115150554.2,1436.11699417233,17.011,35.999,23.951,19.539,10.357,10.355
20241115150554.7,1436.60199455917,16.941,36.061,23.976,19.537,10.34,10.355
20241115150555.2,1437.08199597895,16.894,36.094,23.972,19.551,10.342,10.344
20241115150555.7,1437.59399279952,16.914,36.136,23.99,19.561,10.33,10.357
20241115150556.2,1438.07799741626,16.953,36.163,24.016,19.555,10.344,10.353
20241115150556.7,1438.56599517167,16.89,36.218,24.041,19.587,10.342,10.342
20241115150557.1,1439.05499875546,16.86,36.243,24.039,19.563,10.342,10.363
20241115150557.6,1439.53899331391,16.831,36.256,24.049,19.575,10.346,10.371
20241115150558.1,1440.02299793065,16.799,36.241,24.053,19.571,10.344,10.342
20241115150558.6,1440.50799831748,16.761,36.301,24.065,19.587,10.359,10.353
20241115150559.1,1440.98799973726,16.737,36.307,24.061,19.605,10.324,10.381
20241115150559.6,1441.4730001241,16.718,36.363,24.086,19.601,10.34,10.344
20241115150600,1441.95699468255,16.712,36.388,24.092,19.589,10.344,10.365
20241115150600.5,1442.44099929929,16.712,36.39,24.106,19.607,10.334,10.361
20241115150601,1442.94099658728,16.704,36.427,24.125,19.619,10.342,10.357
20241115150601.5,1443.42599697411,16.688,36.463,24.125,19.621,10.336,10.351
20241115150602,1443.90599839389,16.692,36.512,24.149,19.629,10.346,10.344
20241115150602.5,1444.3939961493,16.672,36.543,24.149,19.636,10.32,10.357
20241115150603,1444.87499333918,16.68,36.551,24.182,19.664,10.342,10.346
20241115150603.4,1445.35899795592,16.674,36.584,24.178,19.67,10.336,10.351
20241115150603.9,1445.85499204695,16.698,36.613,24.184,19.658,10.34,10.367
20241115150604.4,1446.33999243379,16.745,36.616,24.207,19.688,10.346,10.355
20241115150604.9,1446.81999385357,16.706,36.626,24.196,19.674,10.334,10.338
20241115150605.4,1447.3049942404,16.69,36.649,24.204,19.678,10.359,10.346
20241115150605.9,1447.79299199581,16.704,36.671,24.233,19.684,10.34,10.361
20241115150606.4,1448.27299341559,16.676,36.709,24.219,19.68,10.32,10.357
20241115150606.8,1448.75400066376,16.676,36.738,24.255,19.704,10.336,10.359
20241115150607.3,1449.23799522221,16.666,36.75,24.249,19.71,10.318,10.375
20241115150607.8,1449.72299560905,16.692,36.746,24.247,19.69,10.346,10.336
20241115150608.3,1450.20700022578,16.684,36.787,24.26,19.702,10.338,10.351
20241115150608.8,1450.69099478424,16.68,36.798,24.272,19.694,10.334,10.342
20241115150609.3,1451.19099207222,16.67,36.835,24.264,19.702,10.353,10.363
20241115150609.8,1451.67199932039,16.672,36.874,24.294,19.726,10.332,10.357
20241115150610.2,1452.15200074017,16.694,36.897,24.311,19.714,10.336,10.355
20241115150610.7,1452.637001127,16.708,36.94,24.303,19.749,10.326,10.336
20241115150611.2,1453.12499888241,16.733,36.951,24.323,19.749,10.33,10.353
20241115150611.7,1453.60899344087,16.797,36.978,24.325,19.745,10.348,10.346
20241115150612.2,1454.09000068903,16.834,36.994,24.349,19.761,10.318,10.346
20241115150612.7,1454.57399524748,16.811,37.025,24.343,19.759,10.32,10.33
20241115150613.1,1455.05899563432,16.825,37.04,24.335,19.753,10.338,10.332
20241115150613.6,1455.54300025105,16.888,37.038,24.356,19.757,10.322,10.353
20241115150614.1,1456.02699480951,16.866,37.064,24.347,19.755,10.316,10.348
20241115150614.6,1456.50399886072,16.844,37.085,24.372,19.757,10.34,10.34
20241115150615.1,1456.98799341917,16.829,37.106,24.358,19.763,10.334,10.342
20241115150615.6,1457.48800076544,16.813,37.164,24.372,19.765,10.316,10.373
20241115150616.1,1457.97300115228,16.779,37.176,24.388,19.795,10.348,10.348
20241115150616.6,1458.47299844027,16.856,37.197,24.405,19.781,10.33,10.357
20241115150617,1458.96099619567,16.939,37.224,24.411,19.799,10.344,10.34
20241115150617.5,1459.44500081241,16.979,37.261,24.433,19.819,10.328,10.334
20241115150618,1459.93000119925,16.91,37.3,24.448,19.803,10.332,10.353
20241115150618.5,1460.41799895465,16.858,37.323,24.448,19.815,10.338,10.328
20241115150619,1460.91799624264,16.866,37.337,24.474,19.825,10.33,10.363
20241115150619.5,1461.39799766243,16.868,37.325,24.464,19.829,10.351,10.348
20241115150620,1461.88700124621,16.866,37.356,24.45,19.829,10.34,10.353
20241115150620.5,1462.36699260771,16.836,37.371,24.497,19.838,10.326,10.342
20241115150620.9,1462.8550004214,16.791,37.431,24.511,19.844,10.34,10.348
20241115150621.4,1463.35200034082,16.803,37.462,24.517,19.86,10.334,10.348
20241115150621.9,1463.83599489927,16.739,37.484,24.533,19.864,10.314,10.348
20241115150622.4,1464.31599631906,16.684,37.48,24.537,19.852,10.34,10.359
20241115150622.9,1464.80499990284,16.638,37.53,24.523,19.852,10.326,10.359
20241115150623.4,1465.2889944613,16.595,37.571,24.521,19.846,10.326,10.357
20241115150623.9,1465.76899588108,16.561,37.567,24.538,19.862,10.348,10.33
20241115150624.3,1466.25399626791,16.579,37.588,24.568,19.878,10.324,10.361
20241115150624.8,1466.73800088465,16.591,37.582,24.572,19.866,10.338,10.348
20241115150625.3,1467.22300127149,16.672,37.627,24.558,19.856,10.346,10.336
20241115150625.8,1467.70699582994,16.706,37.631,24.597,19.87,10.322,10.351
20241115150626.3,1468.18699724972,16.737,37.712,24.603,19.898,10.33,10.336
20241115150626.8,1468.67600083351,16.613,37.73,24.599,19.898,10.334,10.346
20241115150627.2,1469.15599219501,16.508,37.755,24.638,19.924,10.328,10.332
20241115150627.7,1469.64099258184,16.229,37.797,24.631,19.916,10.328,10.351
20241115150628.2,1470.12499719858,16.135,37.817,24.65,19.924,10.328,10.344
20241115150628.7,1470.60899175704,16.128,37.809,24.66,19.918,10.328,10.348
20241115150629.2,1471.09399214387,16.195,37.834,24.666,19.9,10.334,10.342
20241115150629.7,1471.57399356365,16.225,37.869,24.666,19.902,10.34,10.334
20241115150630.1,1472.05899395049,16.197,37.898,24.68,19.918,10.32,10.353
20241115150630.6,1472.53899537027,16.232,37.871,24.67,19.92,10.316,10.348
20241115150631.1,1473.02699312568,16.244,37.888,24.66,19.894,10.326,10.353
20241115150631.6,1473.50800037384,16.203,37.913,24.648,19.904,10.328,10.348
20241115150632.1,1473.99199493229,16.213,37.95,24.67,19.892,10.328,10.351
20241115150632.6,1474.47699531913,16.25,37.977,24.691,19.91,10.342,10.351
20241115150633,1474.96099993587,16.308,37.987,24.687,19.906,10.322,10.363
20241115150633.5,1475.44100135565,16.429,38.01,24.674,19.906,10.324,10.342
20241115150634,1475.92600174248,16.385,38.026,24.691,19.914,10.334,10.355
20241115150634.5,1476.41399949789,16.337,38.004,24.685,19.902,10.332,10.336
20241115150635,1476.89400091767,16.324,37.912,24.676,19.884,10.344,10.361
20241115150635.5,1477.37900130451,16.337,37.896,24.656,19.868,10.334,10.348
20241115150635.9,1477.85899266601,16.353,37.879,24.642,19.89,10.346,10.344
20241115150636.4,1478.34399305284,16.359,37.888,24.64,19.858,10.344,10.346
20241115150636.9,1478.82399447262,16.288,37.828,24.634,19.86,10.336,10.355
20241115150637.4,1479.30899485946,16.268,37.77,24.572,19.842,10.338,10.357
20241115150637.9,1479.79699261487,16.227,37.716,24.56,19.852,10.33,10.353
20241115150638.4,1480.27699403465,16.234,37.716,24.56,19.821,10.328,10.369
20241115150638.8,1480.76199442148,16.236,37.702,24.529,19.803,10.346,10.357
20241115150639.3,1481.24199584126,16.231,37.724,24.546,19.811,10.328,10.359
20241115150639.8,1481.74199312925,16.234,37.751,24.538,19.817,10.336,10.351
20241115150640.3,1482.23000094295,16.199,37.753,24.546,19.819,10.346,10.359
20241115150640.8,1482.71099813282,16.209,37.801,24.537,19.823,10.332,10.342
20241115150641.3,1483.19099955261,16.238,37.853,24.564,19.811,10.328,10.348
20241115150641.8,1483.67599993944,16.337,37.919,24.57,19.84,10.328,10.351
20241115150642.2,1484.15600135922,16.551,37.979,24.607,19.84,10.342,10.357
20241115150642.7,1484.64100174606,16.593,38.014,24.619,19.874,10.33,10.348
20241115150643.3,1485.21900102496,16.619,38.084,24.638,19.88,10.334,10.348
20241115150643.8,1485.69899238646,16.494,38.142,24.646,19.884,10.322,10.353
20241115150644.3,1486.18399277329,16.419,38.183,24.666,19.88,10.338,10.353
20241115150644.8,1486.66399419308,16.401,38.246,24.683,19.896,10.324,10.346
20241115150645.2,1487.14399561286,16.387,38.314,24.689,19.892,10.326,10.338
20241115150645.7,1487.62899599969,16.361,38.343,24.732,19.916,10.332,10.342
20241115150646.2,1488.1169937551,16.383,38.417,24.748,19.928,10.328,10.353
20241115150646.7,1488.60500156879,16.448,38.483,24.801,19.945,10.348,10.336
20241115150647.2,1489.09000195563,16.543,38.496,24.795,19.955,10.334,10.344
20241115150647.7,1489.56999331713,16.632,38.502,24.781,19.959,10.33,10.367
20241115150648.1,1490.05899690092,16.613,38.481,24.791,19.934,10.33,10.336
20241115150648.6,1490.54699465632,16.692,38.496,24.785,19.943,10.322,10.353
20241115150649.1,1491.03099927306,16.735,38.496,24.801,19.953,10.328,10.336
20241115150649.6,1491.51199646294,16.793,38.502,24.797,19.973,10.332,10.355
20241115150650.1,1491.99999421835,16.813,38.546,24.807,19.961,10.344,10.355
20241115150650.6,1492.48399883509,16.846,38.581,24.844,19.967,10.316,10.344
20241115150651.1,1492.97999292612,16.866,38.583,24.85,19.987,10.346,10.342
20241115150651.6,1493.47699284554,16.872,38.624,24.84,19.981,10.338,10.348
20241115150652.1,1493.97700019181,16.967,38.651,24.854,19.989,10.342,10.353
20241115150652.5,1494.45700161159,17.031,38.721,24.885,20.017,10.34,10.363
20241115150653,1494.94099617004,17.1,38.75,24.895,20.013,10.338,10.348
20241115150653.5,1495.42999975383,17.104,38.808,24.911,20.031,10.322,10.344
20241115150654,1495.91399431229,17.064,38.883,24.958,20.056,10.34,10.336
20241115150654.5,1496.41400165856,17.056,38.903,24.973,20.064,10.336,10.348
20241115150655,1496.89399302006,17.056,38.98,24.975,20.08,10.328,10.348
20241115150655.5,1497.39400036633,17.153,39.032,25.03,20.09,10.316,10.348
20241115150656,1497.87900075316,17.104,39.096,25.054,20.116,10.312,10.342
20241115150656.4,1498.35899211466,17.126,39.158,25.083,20.13,10.312,10.357
20241115150656.9,1498.84799569845,16.949,39.21,25.091,20.147,10.332,10.334
20241115150657.4,1499.32799711823,16.872,39.278,25.11,20.13,10.32,10.344
20241115150657.9,1499.82799440622,16.831,39.321,25.124,20.157,10.344,10.353
20241115150658.4,1500.31199902296,16.815,39.327,25.142,20.163,10.326,10.336
20241115150658.9,1500.79699940979,16.777,39.329,25.128,20.165,10.314,10.348
20241115150659.4,1501.28099396825,16.773,39.309,25.155,20.185,10.314,10.346
20241115150659.9,1501.76899172366,16.801,39.332,25.136,20.165,10.336,10.342
20241115150700.3,1502.25399211049,16.69,39.317,25.163,20.173,10.322,10.342
20241115150700.8,1502.75399945676,16.559,39.371,25.152,20.179,10.34,10.34
20241115150701.3,1503.23400087655,16.48,39.387,25.175,20.191,10.342,10.353
20241115150701.8,1503.71900126338,16.47,39.435,25.195,20.183,10.336,10.357
20241115150702.3,1504.19899262488,16.486,39.464,25.216,20.213,10.318,10.348
20241115150702.8,1504.68399301171,16.551,39.52,25.214,20.209,10.342,10.332
20241115150703.3,1505.1639944315,16.494,39.538,25.226,20.223,10.314,10.346
20241115150703.7,1505.64799904823,16.607,39.565,25.255,20.221,10.316,10.326
20241115150704.2,1506.13299943507,16.728,39.64,25.265,20.252,10.328,10.363
20241115150704.7,1506.61699399352,16.702,39.656,25.283,20.252,10.348,10.34
20241115150705.2,1507.10199438035,16.834,39.691,25.291,20.25,10.332,10.355
20241115150705.7,1507.58199580014,16.797,39.669,25.261,20.24,10.318,10.342
20241115150706.1,1508.06199721992,16.733,39.693,25.285,20.238,10.332,10.346
20241115150706.6,1508.54699760675,16.926,39.664,25.265,20.256,10.316,10.355
20241115150707.1,1509.03499536216,16.985,39.693,25.279,20.246,10.346,10.334
20241115150707.6,1509.5189999789,17.046,39.758,25.293,20.254,10.334,10.33
20241115150708.1,1510.00400036573,16.989,39.784,25.293,20.248,10.32,10.351
20241115150708.6,1510.48399172723,16.943,39.813,25.293,20.25,10.316,10.338
20241115150709.1,1510.97999587655,16.971,39.876,25.336,20.266,10.326,10.342
20241115150709.6,1511.46499626338,16.953,39.909,25.365,20.274,10.308,10.342
20241115150710,1511.94900088012,16.908,39.956,25.363,20.278,10.33,10.346
20241115150710.5,1512.43400126696,16.896,40.008,25.377,20.286,10.326,10.348
20241115150711,1512.91799582541,16.975,40.027,25.392,20.298,10.31,10.346
20241115150711.5,1513.39799724519,16.951,40.045,25.39,20.29,10.328,10.348
20241115150712,1513.88700082898,16.894,40.095,25.418,20.282,10.332,10.34
20241115150712.5,1514.37099538743,16.846,40.091,25.414,20.286,10.322,10.348
20241115150712.9,1514.85500000417,16.791,40.111,25.392,20.3,10.332,10.342
20241115150713.4,1515.34000039101,16.777,40.126,25.422,20.318,10.33,10.348
20241115150713.9,1515.81999175251,16.728,40.144,25.418,20.294,10.342,10.322
20241115150714.4,1516.30899533629,16.712,40.151,25.41,20.3,10.336,10.332
20241115150714.9,1516.80499948561,16.731,40.18,25.422,20.296,10.348,10.334
20241115150715.4,1517.28500090539,16.72,40.165,25.426,20.304,10.33,10.355
20241115150715.9,1517.7729986608,16.704,40.186,25.434,20.318,10.312,10.338
20241115150716.3,1518.25399585068,16.694,40.238,25.428,20.334,10.342,10.359
20241115150716.8,1518.73800046742,16.696,40.275,25.439,20.322,10.328,10.351
20241115150717.3,1519.23399455845,16.69,40.298,25.455,20.324,10.318,10.334
20241115150717.8,1519.71899494529,16.688,40.31,25.459,20.304,10.338,10.355
20241115150718.3,1520.2069927007,16.735,40.351,25.457,20.328,10.318,10.342
20241115150718.8,1520.69099731743,16.767,40.401,25.457,20.312,10.318,10.348
20241115150719.3,1521.21100053191,16.771,40.428,25.469,20.318,10.31,10.351
20241115150719.8,1521.69899828732,16.811,40.44,25.49,20.339,10.324,10.334
20241115150720.3,1522.18399867415,16.829,40.473,25.508,20.339,10.342,10.351
20241115150720.7,1522.65999689698,16.831,40.48,25.488,20.343,10.34,10.355
20241115150721.2,1523.14400151372,16.821,40.537,25.5,20.341,10.332,10.351
20241115150721.7,1523.62900190055,16.997,40.571,25.516,20.338,10.33,10.344
20241115150722.2,1524.11299645901,17.112,40.602,25.512,20.361,10.32,10.338
20241115150722.7,1524.60900060833,17.076,40.629,25.541,20.363,10.322,10.338
20241115150723.2,1525.09799413383,17.126,40.691,25.53,20.375,10.338,10.34
20241115150723.7,1525.57799555361,17.094,40.691,25.555,20.365,10.322,10.361
20241115150724.2,1526.06599330902,17.021,40.73,25.579,20.369,10.336,10.334
20241115150724.6,1526.54700055718,16.922,40.794,25.579,20.383,10.324,10.344
20241115150725.1,1527.03099511564,16.86,40.833,25.6,20.407,10.344,10.34
20241115150725.6,1527.51599550247,16.916,40.852,25.633,20.413,10.334,10.357
20241115150726.1,1528.00000011921,16.926,40.914,25.637,20.423,10.322,10.342
20241115150726.6,1528.48000153899,16.902,40.941,25.639,20.433,10.33,10.348
20241115150727.1,1528.96500192583,16.864,40.949,25.641,20.411,10.318,10.351
20241115150727.5,1529.44499328732,16.827,40.984,25.663,20.415,10.32,10.346
20241115150728,1529.93399687111,16.85,40.99,25.655,20.435,10.314,10.33
20241115150728.5,1530.41800148785,16.91,41.046,25.676,20.444,10.332,10.34
20241115150729,1530.91799877584,17.056,41.086,25.692,20.427,10.31,10.355
20241115150729.5,1531.40199333429,17.042,41.133,25.7,20.44,10.32,10.342
20241115150730,1531.88699372113,17.054,41.232,25.725,20.446,10.314,10.348
20241115150730.5,1532.37500153482,17.088,41.27,25.721,20.456,10.328,10.342
20241115150731,1532.87099562585,17.133,41.321,25.749,20.454,10.3,10.365
20241115150731.4,1533.35199281573,17.284,41.354,25.765,20.468,10.33,10.33
20241115150731.9,1533.83199423552,17.25,41.355,25.772,20.462,10.324,10.336
20241115150732.4,1534.31599885225,17.177,41.355,25.751,20.458,10.318,10.334
20241115150733,1534.89399813116,17.173,41.323,25.729,20.423,10.334,10.334
20241115150733.5,1535.3979986161,17.219,41.346,25.729,20.438,10.32,10.342
20241115150734,1535.87899580598,17.322,41.344,25.739,20.427,10.328,10.328
20241115150734.5,1536.3749999553,17.333,41.328,25.749,20.419,10.314,10.334
20241115150734.9,1536.85899451375,17.209,41.315,25.743,20.425,10.32,10.328
20241115150735.4,1537.33999170363,17.169,41.305,25.72,20.431,10.338,10.338
20241115150735.9,1537.82399632037,17.151,41.307,25.729,20.421,10.32,10.351
20241115150736.4,1538.3089967072,17.207,41.317,25.723,20.413,10.316,10.348
20241115150736.9,1538.80500085652,17.139,41.406,25.733,20.436,10.328,10.334
20241115150737.4,1539.2969917506,17.009,41.446,25.763,20.442,10.32,10.344
20241115150737.9,1539.77699317038,16.945,41.464,25.782,20.435,10.314,10.34
20241115150738.3,1540.26199355721,16.922,41.474,25.79,20.45,10.33,10.353
20241115150738.8,1540.75799770653,16.922,41.485,25.786,20.419,10.312,10.342
20241115150739.3,1541.24199226499,17.017,41.475,25.78,20.436,10.332,10.336
20241115150739.8,1541.72699265182,16.973,41.485,25.788,20.431,10.328,10.344
20241115150740.3,1542.21099726856,16.939,41.545,25.798,20.438,10.33,10.351
20241115150740.8,1542.69500188529,16.908,41.588,25.81,20.454,10.314,10.346
20241115150741.3,1543.17999221385,16.939,41.621,25.819,20.486,10.314,10.346
20241115150741.7,1543.65999363363,16.943,41.64,25.819,20.484,10.326,10.34
20241115150742.2,1544.14399825037,16.928,41.673,25.835,20.508,10.328,10.326
20241115150742.7,1544.6289986372,16.886,41.739,25.861,20.5,10.302,10.338
20241115150743.2,1545.12899592519,16.856,41.747,25.872,20.514,10.316,10.348
20241115150743.7,1545.61300054193,16.827,41.839,25.872,20.512,10.308,10.342
20241115150744.2,1546.09800092876,16.858,41.884,25.896,20.539,10.308,10.312
20241115150744.7,1546.57799229026,16.799,41.896,25.904,20.532,10.334,10.334
20241115150745.2,1547.07399643958,16.801,41.925,25.933,20.541,10.318,10.351
20241115150745.6,1547.56199419498,16.815,41.965,25.935,20.545,10.306,10.34
20241115150746.1,1548.0589941144,16.811,41.994,25.943,20.555,10.324,10.34
20241115150746.6,1548.54699186981,16.848,42.045,25.953,20.557,10.302,10.355
20241115150747.1,1549.02699328959,16.832,42.072,25.978,20.581,10.318,10.342
20241115150747.6,1549.52700063586,16.823,42.118,25.982,20.591,10.322,10.353
20241115150748.1,1550.0120010227,16.739,42.153,26.005,20.609,10.31,10.332
20241115150748.6,1550.4999987781,16.789,42.205,26.013,20.609,10.328,10.348
20241115150749.1,1550.98000019789,16.886,42.215,26.056,20.633,10.312,10.344
20241115150749.6,1551.46500058472,16.831,42.265,26.072,20.637,10.312,10.338
20241115150750,1551.96099467576,16.777,42.312,26.098,20.64,10.304,10.332
20241115150750.6,1552.47699469328,16.856,42.325,26.096,20.638,10.328,10.342
20241115150751,1552.95699611306,16.842,42.329,26.099,20.642,10.302,10.34
20241115150751.5,1553.44899706542,16.811,42.36,26.101,20.637,10.334,10.33
20241115150752,1553.92600111663,16.832,42.405,26.119,20.668,10.3,10.332
20241115150752.5,1554.42599840462,16.831,42.42,26.115,20.642,10.324,10.34
20241115150753,1554.92199249566,16.823,42.438,26.125,20.654,10.308,10.34
20241115150753.5,1555.40599711239,16.834,42.451,26.121,20.672,10.302,10.334
20241115150754,1555.8939948678,16.817,42.523,26.129,20.658,10.316,10.346
20241115150754.5,1556.37499205768,16.823,42.529,26.16,20.69,10.328,10.355
20241115150754.9,1556.85899667442,16.815,42.591,26.162,20.692,10.312,10.336
20241115150755.4,1557.34399706125,16.779,42.602,26.178,20.702,10.294,10.336
20241115150755.9,1557.84399434924,16.795,42.651,26.186,20.696,10.316,10.328
20241115150756.4,1558.32799896598,16.823,42.672,26.172,20.714,10.33,10.316
20241115150756.9,1558.80899615586,16.912,42.658,26.231,20.704,10.312,10.338
20241115150757.4,1559.2930007726,16.928,42.68,26.205,20.718,10.308,10.334
20241115150757.9,1559.77699533105,16.983,42.728,26.199,20.72,10.298,10.338
20241115150758.3,1560.26199571788,17.036,42.778,26.227,20.728,10.32,10.34
20241115150758.9,1560.76599620283,17.143,42.784,26.248,20.724,10.306,10.346
20241115150759.3,1561.25000081956,17.141,42.838,26.241,20.734,10.304,10.33
20241115150759.8,1561.74999810755,17.08,42.891,26.254,20.736,10.316,10.326
20241115150800.3,1562.24199905992,17.092,42.927,26.289,20.761,10.324,10.328
20241115150800.8,1562.72699944675,17.118,42.978,26.286,20.747,10.304,10.328
20241115150801.3,1563.21499720216,17.209,43.005,26.315,20.793,10.312,10.342
20241115150801.8,1563.71100135148,17.377,43.105,26.329,20.771,10.292,10.334
20241115150802.3,1564.19499590993,17.456,43.154,26.348,20.789,10.316,10.326
20241115150802.8,1564.68399949372,17.427,43.177,26.364,20.795,10.306,10.328
20241115150803.3,1565.1640009135,17.333,43.198,26.385,20.809,10.308,10.34
20241115150803.7,1565.64799547195,17.357,43.258,26.397,20.829,10.326,10.334
20241115150804.2,1566.13299585879,17.272,43.355,26.427,20.84,10.316,10.324
20241115150804.7,1566.61700047553,17.197,43.407,26.448,20.844,10.308,10.318
20241115150805.2,1567.11299456656,17.153,43.44,26.454,20.866,10.308,10.316
20241115150805.7,1567.60199815035,17.139,43.458,26.47,20.85,10.31,10.314
20241115150806.2,1568.08199957013,17.08,43.497,26.47,20.868,10.298,10.336
20241115150806.7,1568.56999732554,17.05,43.553,26.485,20.878,10.318,10.324
20241115150807.1,1569.05099451542,16.965,43.597,26.481,20.88,10.31,10.322
20241115150807.6,1569.53899227083,16.937,43.632,26.501,20.892,10.322,10.344
20241115150808.1,1570.02299688756,16.9,43.68,26.525,20.896,10.32,10.32
20241115150808.6,1570.5079972744,16.834,43.731,26.521,20.908,10.316,10.322
20241115150809.1,1570.99199183285,16.819,43.711,26.55,20.918,10.32,10.348
20241115150809.6,1571.47999964654,16.829,43.802,26.564,20.916,10.324,10.338
20241115150810.1,1571.97699956596,16.882,43.824,26.579,20.918,10.31,10.314
20241115150810.6,1572.47699685395,17.001,43.899,26.597,20.947,10.314,10.344
20241115150811,1572.96100147069,17.189,43.938,26.593,20.943,10.328,10.344
20241115150811.5,1573.44499602914,17.13,43.957,26.638,20.965,10.314,10.33
20241115150812,1573.92599321902,16.977,44.004,26.642,20.951,10.312,10.324
20241115150812.5,1574.41400103271,16.876,44.052,26.679,20.979,10.308,10.33
20241115150813,1574.89799559116,16.817,44.108,26.699,20.979,10.312,10.346
20241115150813.5,1575.382995978,16.751,44.143,26.707,20.977,10.31,10.32
20241115150813.9,1575.86299739778,16.724,44.18,26.718,21.005,10.304,10.328
20241115150814.4,1576.34799778461,16.702,44.164,26.709,21.025,10.312,10.338
20241115150814.9,1576.8479950726,16.67,44.222,26.738,21.007,10.326,10.334
20241115150815.4,1577.33999602497,16.664,44.304,26.769,21.013,10.31,10.312
20241115150815.9,1577.83199697733,16.674,44.323,26.771,21.025,10.314,10.336
20241115150816.4,1578.32800112665,16.664,44.37,26.76,21.044,10.308,10.332
20241115150816.9,1578.82799841464,16.686,44.389,26.791,21.052,10.3,10.336
20241115150817.4,1579.31199297309,16.688,44.434,26.81,21.054,10.32,10.332
20241115150817.9,1579.81200031936,16.714,44.497,26.812,21.048,10.316,10.359
20241115150818.4,1580.29299750924,16.755,44.534,26.824,21.078,10.304,10.332
20241115150818.9,1580.78099526465,16.799,44.557,26.834,21.064,10.29,10.336
20241115150819.4,1581.26599565148,16.803,44.604,26.846,21.082,10.32,10.344
20241115150819.9,1581.76599293947,16.819,44.648,26.869,21.082,10.31,10.328
20241115150820.3,1582.24999755621,16.886,44.743,26.887,21.074,10.31,10.344
20241115150820.8,1582.72999897599,17.021,44.749,26.908,21.098,10.304,10.322
20241115150821.3,1583.21099616587,17.153,44.809,26.906,21.096,10.308,10.33
20241115150821.8,1583.69500078261,17.201,44.859,26.901,21.122,10.312,10.338
20241115150822.3,1584.1949980706,17.023,44.875,26.928,21.108,10.316,10.336
20241115150822.8,1584.67999845743,16.852,44.844,26.934,21.138,10.324,10.34
20241115150823.3,1585.16399301589,16.829,44.838,26.94,21.116,10.3,10.32
20241115150823.7,1585.6599971652,16.836,44.885,26.922,21.126,10.3,10.332
20241115150824.2,1586.14399172366,16.781,44.892,26.944,21.13,10.318,10.342
20241115150824.7,1586.62899211049,16.791,44.916,26.928,21.126,10.32,10.342
20241115150825.2,1587.10899353027,16.821,44.935,26.936,21.12,10.3,10.334
20241115150825.8,1587.71899826825,16.892,44.997,26.934,21.132,10.322,10.336
20241115150826.3,1588.2029928267,16.884,45.028,26.934,21.108,10.314,10.338
20241115150826.8,1588.70300017297,16.997,45.076,26.932,21.112,10.314,10.326
20241115150827.3,1589.19899426401,17.09,45.119,26.959,21.114,10.328,10.344
20241115150827.8,1589.68000151217,17.086,45.175,26.95,21.138,10.334,10.33
20241115150828.3,1590.16399607062,17.048,45.154,26.967,21.134,10.312,10.336
20241115150828.7,1590.64800068736,16.928,45.175,26.957,21.114,10.32,10.308
20241115150829.2,1591.13300107419,16.84,45.175,26.965,21.112,10.318,10.326
20241115150829.7,1591.61699563265,16.836,45.221,26.961,21.139,10.326,10.336
20241115150830.2,1592.11699292064,16.862,45.252,26.983,21.141,10.32,10.304
20241115150830.7,1592.61299706995,16.888,45.272,26.975,21.13,10.306,10.334
20241115150831.2,1593.09799745679,16.892,45.357,26.983,21.165,10.296,10.334
20241115150831.7,1593.60199794173,16.939,45.44,27.02,21.151,10.312,10.336
20241115150832.2,1594.08599250019,16.906,45.514,27.03,21.159,10.33,10.328
20241115150832.7,1594.56599391997,16.886,45.551,27.022,21.161,10.312,10.332
20241115150833.1,1595.0509943068,16.836,45.595,27.067,21.171,10.322,10.332
20241115150833.6,1595.53899206221,16.813,45.628,27.049,21.191,10.318,10.328
20241115150834.1,1596.02299667895,16.767,45.692,27.11,21.191,10.32,10.322
20241115150834.6,1596.50799706578,16.745,45.729,27.094,21.201,10.316,10.336
20241115150835.1,1596.99200168252,16.739,45.773,27.1,21.205,10.32,10.33
20241115150835.6,1597.47699201107,16.694,45.82,27.118,21.225,10.308,10.348
20241115150836,1597.96099662781,16.676,45.866,27.126,21.211,10.31,10.324
20241115150836.5,1598.4609939158,16.799,45.905,27.145,21.233,10.302,10.322
20241115150837,1598.94099533558,16.973,45.965,27.153,21.239,10.31,10.34
20241115150837.5,1599.42599572241,17.106,45.988,27.159,21.235,10.312,10.344
20241115150838,1599.91000033915,17.096,45.998,27.153,21.264,10.308,10.326
20241115150838.5,1600.39799809456,17.023,46.031,27.169,21.248,10.32,10.355
20241115150839,1600.88299848139,17.001,46.062,27.19,21.248,10.312,10.326
20241115150839.5,1601.36699303985,16.949,46.108,27.181,21.264,10.324,10.33
20241115150839.9,1601.85199342668,16.955,46.137,27.19,21.25,10.302,10.324
20241115150840.4,1602.33599804342,16.92,46.197,27.194,21.248,10.288,10.324
20241115150840.9,1602.8159994632,16.924,46.224,27.22,21.272,10.314,10.318
20241115150841.4,1603.30499298871,17.052,46.311,27.179,21.268,10.318,10.332
20241115150841.9,1603.78899760544,17.027,46.3,27.222,21.252,10.328,10.33
20241115150842.4,1604.27699536085,17.003,46.298,27.208,21.252,10.318,10.342
20241115150842.8,1604.76199574769,16.987,46.346,27.243,21.244,10.298,10.326
20241115150843.3,1605.26199303567,16.953,46.321,27.235,21.254,10.31,10.326
20241115150843.8,1605.74199445546,16.914,46.321,27.243,21.264,10.312,10.322
20241115150844.3,1606.22699484229,16.892,46.348,27.241,21.25,10.294,10.338
20241115150844.8,1606.71099945903,16.85,46.385,27.288,21.242,10.314,10.33
20241115150845.3,1607.19499401748,16.846,46.47,27.277,21.258,10.322,10.353
20241115150845.8,1607.67999440432,16.819,46.453,27.282,21.262,10.312,10.328
20241115150846.3,1608.16399902105,16.827,46.493,27.304,21.278,10.322,10.334
20241115150846.7,1608.64400044084,16.801,46.553,27.328,21.27,10.298,10.336
20241115150847.2,1609.12900082767,16.791,46.565,27.326,21.28,10.322,10.328
20241115150847.7,1609.61299538612,16.793,46.637,27.324,21.294,10.3,10.314
20241115150848.2,1610.09799577296,16.821,46.695,27.369,21.288,10.312,10.332
20241115150848.7,1610.5820003897,16.825,46.751,27.376,21.314,10.308,10.342
20241115150849.2,1611.07799448073,16.799,46.805,27.388,21.334,10.326,10.328
20241115150849.7,1611.57799176872,16.809,46.84,27.39,21.343,10.3,10.332
20241115150850.2,1612.07399591804,16.807,46.886,27.404,21.332,10.296,10.338
20241115150850.6,1612.56199367344,16.829,46.888,27.416,21.336,10.304,10.332
20241115150851.1,1613.05899359286,16.832,46.921,27.423,21.345,10.288,10.338
20241115150851.6,1613.5429982096,16.854,46.962,27.441,21.355,10.32,10.326
20241115150852.1,1614.02699276805,16.878,47.012,27.445,21.363,10.314,10.34
20241115150852.6,1614.51199315488,16.908,47.113,27.48,21.375,10.3,10.33
20241115150853.1,1615.00000096858,16.914,47.105,27.48,21.399,10.314,10.328
20241115150853.6,1615.49599505961,16.904,47.171,27.506,21.399,10.314,10.326
20241115150854.1,1615.98399281502,16.878,47.217,27.51,21.389,10.312,10.34
20241115150854.6,1616.47699959576,16.858,47.264,27.508,21.395,10.312,10.346
20241115150855.1,1616.98800064623,16.864,47.335,27.523,21.403,10.29,10.34
20241115150855.6,1617.47699417174,16.89,47.372,27.525,21.401,10.298,10.32
20241115150856.1,1617.96500198543,16.9,47.393,27.529,21.405,10.298,10.332
20241115150856.5,1618.44499334693,16.9,47.407,27.541,21.407,10.312,10.322
20241115150857,1618.92999373376,16.89,47.473,27.533,21.405,10.298,10.306
20241115150857.5,1619.4139983505,16.89,47.535,27.557,21.423,10.306,10.322
20241115150858,1619.89799290895,16.88,47.575,27.563,21.411,10.304,10.328
20241115150858.5,1620.39399705827,16.854,47.618,27.568,21.415,10.294,10.33
20241115150859,1620.87899744511,16.844,47.686,27.568,21.425,10.298,10.326
20241115150859.4,1621.36299200356,16.858,47.728,27.582,21.435,10.296,10.326
20241115150859.9,1621.84799239039,16.884,47.765,27.582,21.446,10.294,10.322
20241115150900.4,1622.32799381018,16.91,47.825,27.61,21.437,10.3,10.33
20241115150900.9,1622.82800115645,16.939,47.931,27.635,21.46,10.294,10.338
20241115150901.4,1623.30899834633,16.931,47.95,27.651,21.444,10.312,10.336
20241115150901.9,1623.79699610174,16.939,47.988,27.639,21.458,10.308,10.31
20241115150902.4,1624.29699338973,16.92,48.044,27.637,21.452,10.3,10.33
20241115150902.9,1624.77699480951,16.908,48.088,27.66,21.46,10.296,10.314
20241115150903.4,1625.2769920975,16.929,48.101,27.644,21.481,10.309,10.313
20241115150903.9,1625.77699944377,16.907,48.145,27.669,21.475,10.309,10.341
20241115150904.3,1626.2619998306,16.832,48.185,27.683,21.479,10.319,10.325
20241115150904.8,1626.76199711859,16.826,48.264,27.709,21.481,10.329,10.309
20241115150905.4,1627.27299816906,16.857,48.327,27.716,21.483,10.297,10.352
20241115150905.9,1627.7689922601,16.863,48.371,27.74,21.505,10.297,10.319
20241115150906.3,1628.25799584389,16.861,48.436,27.75,21.507,10.319,10.337
20241115150906.8,1628.75799313188,16.828,48.481,27.759,21.531,10.307,10.319
20241115150907.4,1629.26899418235,16.816,48.481,27.756,21.515,10.285,10.35
20241115150907.9,1629.76900152862,16.834,48.513,27.783,21.519,10.289,10.321
20241115150908.4,1630.26899881661,16.933,48.576,27.785,21.519,10.301,10.315
20241115150908.9,1630.7689961046,16.97,48.647,27.808,21.549,10.305,10.329
20241115150909.4,1631.26899339259,16.966,48.715,27.826,21.57,10.303,10.319
20241115150909.9,1631.76900073886,16.952,48.728,27.818,21.584,10.299,10.333
20241115150910.3,1632.25400112569,17.04,48.795,27.85,21.574,10.309,10.319
20241115150910.8,1632.75399841368,17.188,48.812,27.848,21.602,10.281,10.321
20241115150911.3,1633.23399983346,17.358,48.868,27.854,21.574,10.303,10.31
20241115150911.8,1633.73399712145,17.365,48.88,27.864,21.577,10.308,10.312
20241115150912.3,1634.21899750829,17.375,48.898,27.858,21.589,10.292,10.322
20241115150912.8,1634.69899892807,17.394,48.974,27.895,21.6,10.291,10.327
20241115150913.3,1635.18699668348,17.327,49.056,27.899,21.602,10.325,10.315
20241115150913.8,1635.68699397147,17.232,49.069,27.912,21.6,10.293,10.329
20241115150914.3,1636.17599755526,17.216,49.123,27.932,21.624,10.285,10.307
20241115150914.7,1636.65999211371,17.273,49.184,27.934,21.616,10.293,10.297
20241115150915.2,1637.15999945998,17.218,49.246,27.951,21.604,10.309,10.313
20241115150915.7,1637.65999674797,17.192,49.363,27.969,21.644,10.311,10.319
20241115150916.2,1638.14799450338,17.129,49.457,27.985,21.646,10.309,10.319
20241115150916.7,1638.64100128412,17.192,49.507,27.999,21.663,10.293,10.301
20241115150917.2,1639.15599547327,17.162,49.549,28.004,21.636,10.311,10.317
20241115150917.7,1639.65599276125,17.091,49.624,28.01,21.652,10.321,10.338
20241115150918.2,1640.14400057495,17.028,49.695,28.059,21.669,10.305,10.327
20241115150918.7,1640.63299410045,16.954,49.76,28.038,21.689,10.301,10.33
20241115150919.2,1641.12899824977,16.963,49.82,28.067,21.701,10.311,10.334
20241115150919.7,1641.61699600518,16.961,49.864,28.101,21.697,10.299,10.344
20241115150920.2,1642.1329960227,16.966,49.925,28.112,21.699,10.307,10.348
20241115150920.7,1642.62900017202,16.939,49.996,28.122,21.717,10.307,10.313
20241115150921.2,1643.12899746001,16.905,50.006,28.106,21.713,10.338,10.334
20241115150921.7,1643.61299201846,16.883,50.059,28.12,21.703,10.315,10.34
20241115150922.2,1644.0979924053,16.86,50.109,28.132,21.693,10.311,10.354
20241115150922.7,1644.59799975157,16.838,50.169,28.132,21.731,10.317,10.338
20241115150923.3,1645.20299546421,16.81,50.271,28.136,21.713,10.317,10.34
20241115150923.8,1645.69099321961,16.838,50.315,28.142,21.701,10.33,10.346
20241115150924.3,1646.18699736893,16.842,50.382,28.148,21.693,10.33,10.344
20241115150924.8,1646.68699465692,16.864,50.451,28.152,21.721,10.303,10.354
20241115150925.3,1647.18399457633,16.895,50.505,28.161,21.735,10.309,10.342
20241115150925.8,1647.68699929118,16.927,50.549,28.175,21.729,10.328,10.354
20241115150926.3,1648.1839992106,17.006,50.622,28.175,21.749,10.307,10.348
20241115150926.8,1648.66799376905,16.994,50.694,28.197,21.751,10.322,10.33
20241115150927.3,1649.16399791837,16.953,50.756,28.193,21.755,10.299,10.342
20241115150927.8,1649.66399520636,16.965,50.8,28.216,21.745,10.295,10.352
20241115150928.3,1650.16399249434,16.921,50.888,28.218,21.733,10.322,10.348
20241115150928.7,1650.64399391413,16.915,50.919,28.22,21.747,10.32,10.334
20241115150929.2,1651.12899430096,16.862,50.961,28.232,21.769,10.326,10.334
20241115150929.7,1651.62900164723,16.87,51.03,28.224,21.749,10.303,10.328
20241115150930.2,1652.11299620569,16.949,51.078,28.224,21.761,10.311,10.342
20241115150930.7,1652.62899622321,17.127,51.168,28.257,21.755,10.305,10.326
20241115150931.2,1653.10899764299,17.111,51.214,28.246,21.763,10.303,10.346
20241115150931.7,1653.59800122678,17.05,51.268,28.249,21.778,10.297,10.317
20241115150932.2,1654.09799851477,17.083,51.368,28.259,21.773,10.313,10.325
20241115150932.7,1654.58599627018,17.099,51.465,28.293,21.781,10.322,10.34
20241115150933.2,1655.0820004195,17.083,51.519,28.3,21.8,10.317,10.328
20241115150933.7,1655.56599497795,17.095,51.594,28.318,21.796,10.291,10.342
20241115150934.2,1656.06999546289,17.06,51.661,28.332,21.814,10.315,10.338
20241115150934.7,1656.58199228346,17.022,51.725,28.31,21.792,10.295,10.328
20241115150935.2,1657.08199962974,16.99,51.797,28.355,21.806,10.299,10.322
20241115150935.7,1657.57799372077,17.066,51.828,28.365,21.798,10.324,10.33
20241115150936.2,1658.07399787009,17.129,51.861,28.361,21.822,10.326,10.326
20241115150936.7,1658.57799835503,17.153,51.974,28.379,21.834,10.328,10.358
20241115150937.2,1659.07399244606,17.288,52.099,28.416,21.814,10.309,10.338
20241115150937.7,1659.57799293101,17.406,52.214,28.434,21.848,10.309,10.338
20241115150938.2,1660.07800027728,17.42,52.294,28.438,21.86,10.293,10.34
20241115150938.6,1660.56199483573,17.377,52.432,28.465,21.874,10.293,10.328
20241115150939.1,1661.05899475515,17.327,52.501,28.502,21.896,10.318,10.358
20241115150939.6,1661.55099570751,17.349,52.618,28.528,21.909,10.32,10.336
20241115150940.1,1662.0509929955,17.341,52.741,28.545,21.907,10.316,10.326
20241115150940.6,1662.55100034177,17.343,52.826,28.573,21.925,10.316,10.348
20241115150941.1,1663.04699443281,17.347,52.906,28.573,21.953,10.283,10.346
20241115150941.6,1663.5469917208,17.402,53.002,28.594,21.957,10.289,10.34
20241115150942.1,1664.04699906707,17.448,53.121,28.616,22.009,10.315,10.325
20241115150942.6,1664.54699635506,17.566,53.247,28.672,22.013,10.319,10.331
20241115150943.1,1665.05099684,17.429,53.358,28.697,21.992,10.309,10.337
20241115150943.6,1665.55499732494,17.269,53.494,28.715,22.053,10.296,10.353
20241115150944.1,1666.04299508035,17.194,53.588,28.732,22.045,10.301,10.332
20241115150944.6,1666.5469955653,17.159,53.689,28.757,22.072,10.305,10.336
20241115150945.1,1667.04699285328,17.105,53.86,28.812,22.088,10.303,10.322
20241115150945.6,1667.54700019956,17.074,53.971,28.843,22.09,10.297,10.322
20241115150946.1,1668.04699748755,17.054,54.115,28.841,22.092,10.305,10.303
20241115150946.6,1668.54699477553,17.012,54.193,28.867,22.101,10.309,10.344
20241115150947.1,1669.04299892485,17.024,54.299,28.884,22.098,10.295,10.326
20241115150947.6,1669.53099668026,17.056,54.385,28.876,22.121,10.307,10.326
20241115150948.1,1670.02700082958,17.05,54.485,28.904,22.121,10.312,10.326
20241115150948.6,1670.54699398577,17.04,54.516,28.902,22.098,10.297,10.305
20241115150949.1,1671.03099860251,17.016,54.519,28.908,22.105,10.301,10.303
20241115150949.6,1671.5309958905,16.961,54.561,28.866,22.084,10.297,10.307
20241115150950.1,1672.02299684286,16.939,54.692,28.919,22.097,10.291,10.33
20241115150950.6,1672.5269973278,16.971,54.751,28.935,22.092,10.297,10.336
20241115150951.1,1673.02300147712,16.955,54.801,28.91,22.109,10.312,10.322
20241115150951.6,1673.51199500263,16.959,54.859,28.913,22.107,10.299,10.311
20241115150952.1,1674.01599548757,16.959,54.951,28.933,22.127,10.273,10.317
20241115150952.6,1674.51199963689,17.038,55.053,28.957,22.133,10.301,10.307
20241115150953.1,1675.01199692488,17.103,55.187,28.947,22.131,10.305,10.309
20241115150953.6,1675.50800107419,17.058,55.258,28.97,22.137,10.307,10.33
20241115150954.1,1676.01200155914,17.07,55.365,28.986,22.121,10.307,10.32
20241115150954.6,1676.50799565017,17.046,55.429,28.99,22.127,10.283,10.328
20241115150955.1,1677.01199613512,17.02,55.54,28.988,22.153,10.293,10.314
20241115150955.6,1677.51599662006,16.971,55.643,29.002,22.149,10.301,10.309
20241115150956.1,1678.01900133491,16.989,55.776,29.039,22.164,10.291,10.33
20241115150956.6,1678.51899862289,16.943,55.92,29.031,22.156,10.293,10.326
20241115150957.1,1679.01599854231,16.899,56.052,29.064,22.188,10.283,10.309
20241115150957.6,1679.5159958303,16.822,56.15,29.084,22.2,10.309,10.319
20241115150958.1,1680.01599311829,16.74,56.241,29.112,22.214,10.313,10.333
20241115150958.6,1680.51600046456,16.637,56.339,29.14,22.206,10.298,10.351
20241115150959.1,1681.01599775255,16.625,56.446,29.124,22.203,10.296,10.323
20241115150959.6,1681.51199184358,16.643,56.584,29.15,22.226,10.317,10.329
20241115151000.2,1682.12499395013,16.671,56.721,29.175,22.254,10.321,10.337
20241115151000.7,1682.62899443507,16.687,56.834,29.179,22.25,10.333,10.357
20241115151001.2,1683.12900178134,16.695,56.974,29.195,22.258,10.301,10.329
20241115151001.7,1683.62899906933,16.764,57.085,29.226,22.275,10.321,10.349
20241115151002.2,1684.12499316037,16.911,57.218,29.234,22.293,10.297,10.343
20241115151002.7,1684.62500050664,17.006,57.359,29.275,22.293,10.315,10.331
20241115151003.2,1685.12499779463,17.027,57.536,29.295,22.326,10.288,10.327
20241115151003.7,1685.62499508262,17.081,57.684,29.314,22.328,10.323,10.323
20241115151004.2,1686.1049965024,17.14,57.829,29.348,22.352,10.321,10.321
20241115151004.7,1686.60199642181,17.174,57.947,29.377,22.354,10.319,10.343
20241115151005.2,1687.09399737418,17.087,58.062,29.371,22.358,10.327,10.339
20241115151005.7,1687.59000152349,17.037,58.227,29.401,22.395,10.293,10.349
20241115151006.2,1688.08999881148,16.996,58.323,29.426,22.381,10.317,10.329
20241115151006.7,1688.57399336994,16.976,58.462,29.412,22.365,10.325,10.337
20241115151007.2,1689.07400071621,16.976,58.564,29.404,22.377,10.321,10.341
20241115151007.7,1689.5739980042,17.047,58.66,29.4,22.365,10.313,10.321
20241115151008.2,1690.07399529219,17.182,58.746,29.391,22.367,10.327,10.319
20241115151008.7,1690.57399258018,17.148,58.859,29.373,22.352,10.319,10.323
20241115151009.2,1691.07399992645,17.091,58.969,29.397,22.367,10.319,10.337
20241115151009.7,1691.56999401748,17.051,59.118,29.387,22.365,10.301,10.329
20241115151010.2,1692.07000136375,17.061,59.274,29.389,22.355,10.301,10.315
20241115151010.7,1692.56999865174,17.093,59.404,29.412,22.373,10.313,10.325
20241115151011.2,1693.06999593973,17.128,59.54,29.406,22.357,10.309,10.323
20241115151011.7,1693.56999322772,17.12,59.677,29.41,22.367,10.305,10.319
20241115151012.2,1694.06599737704,17.126,59.857,29.414,22.367,10.299,10.327
20241115151012.7,1694.56599466503,17.128,59.962,29.412,22.367,10.319,10.333
20241115151013.2,1695.06599195302,17.156,60.078,29.428,22.355,10.297,10.323
20241115151013.7,1695.56599929929,17.146,60.193,29.404,22.344,10.305,10.341
20241115151014.2,1696.08199931681,17.053,60.383,29.395,22.326,10.309,10.333
20241115151014.7,1696.57799340785,17.067,60.584,29.44,22.328,10.303,10.349
20241115151015.2,1697.07800075412,16.978,60.759,29.447,22.34,10.313,10.335
20241115151015.7,1697.58200123906,16.978,60.933,29.479,22.342,10.305,10.323
20241115151016.2,1698.086001724,16.982,61.095,29.471,22.342,10.303,10.339
20241115151016.7,1698.58199581504,16.881,61.28,29.494,22.365,10.325,10.339
20241115151017.2,1699.07799996436,16.823,61.471,29.524,22.359,10.309,10.341
20241115151017.7,1699.57799725235,16.766,61.624,29.534,22.381,10.325,10.327
20241115151018.2,1700.07799454033,16.752,61.775,29.522,22.385,10.317,10.361
20241115151018.7,1700.57799182832,16.857,61.939,29.522,22.393,10.309,10.333
20241115151019.2,1701.07399597764,16.895,62.105,29.557,22.405,10.349,10.353
20241115151019.7,1701.57399326563,16.865,62.294,29.549,22.397,10.333,10.345
20241115151020.2,1702.0740006119,16.829,62.448,29.563,22.383,10.311,10.325
20241115151020.6,1702.56199836731,16.849,62.671,29.569,22.4,10.313,10.339
20241115151021.1,1703.0619956553,16.817,62.878,29.6,22.4,10.317,10.339
20241115151021.6,1703.56199294329,16.804,63.116,29.592,22.41,10.307,10.337
20241115151022.1,1704.06200028956,16.831,63.387,29.6,22.416,10.307,10.327
20241115151022.6,1704.55900020897,16.76,63.647,29.622,22.434,10.321,10.339
20241115151023.1,1705.05499430001,16.699,63.889,29.661,22.436,10.319,10.345
20241115151023.6,1705.55500164628,16.697,64.172,29.683,22.453,10.315,10.335
20241115151024.1,1706.05499893427,16.693,64.418,29.702,22.481,10.313,10.335
20241115151024.6,1706.54699988663,16.738,64.706,29.733,22.495,10.321,10.339
20241115151025.1,1707.04699717462,16.768,64.973,29.778,22.51,10.313,10.343
20241115151025.6,1707.55099765956,16.764,66.074,29.802,22.512,10.305,10.333
20241115151026.1,1708.05099494755,16.75,66.313,29.816,22.532,10.307,10.341
20241115151026.6,1708.54699909687,16.691,66.544,29.831,22.547,10.315,10.335
20241115151027.1,1709.0429931879,16.631,66.714,29.849,22.567,10.321,10.333
20241115151027.6,1709.54300053418,16.667,66.952,29.865,22.555,10.315,10.343
20241115151028.1,1710.04299782217,16.683,67.16,29.902,22.567,10.321,10.335
20241115151028.6,1710.54299511015,16.687,67.399,29.91,22.575,10.309,10.325
20241115151029.1,1711.04299239814,16.812,67.656,29.918,22.581,10.307,10.351
20241115151029.6,1711.54299974442,16.881,67.929,29.929,22.583,10.302,10.325
20241115151030.1,1712.03899383545,16.96,68.21,29.962,22.6,10.296,10.345
20241115151030.6,1712.53900118172,17.025,68.46,29.978,22.61,10.294,10.327
20241115151031.1,1713.03899846971,17.067,68.742,29.984,22.643,10.309,10.321
20241115151031.6,1713.54299895465,17.063,68.981,30.002,22.62,10.311,10.339
20241115151032.1,1714.04299624264,17.043,69.263,30.004,22.651,10.298,10.321
20241115151032.6,1714.54299353063,17.049,69.563,30.045,22.639,10.311,10.325
20241115151033.1,1715.05500040948,17.043,69.834,30.049,22.665,10.294,10.337
20241115151033.6,1715.55900089443,17.053,70.168,30.082,22.649,10.315,10.355
20241115151034.2,1716.10199734569,17.087,70.5,30.086,22.677,10.311,10.319
20241115151034.7,1716.598001495,17.104,70.779,30.09,22.696,10.307,10.325
20241115151035.2,1717.09799878299,17.099,71.153,30.113,22.688,10.315,10.331
20241115151035.7,1717.58199334145,17.083,71.458,30.121,22.7,10.313,10.339
20241115151036.2,1718.08200068772,17.1,71.718,30.08,22.667,10.315,10.319
20241115151036.7,1718.56999844313,17.067,72.04,30.111,22.682,10.319,10.329
20241115151037.2,1719.06999573112,17.233,72.378,30.109,22.677,10.307,10.315
20241115151037.7,1719.57399621606,17.362,72.693,30.133,22.708,10.294,10.333
20241115151038.1,1720.05899660289,17.338,72.991,30.125,22.692,10.313,10.335
20241115151038.6,1720.55500075221,17.162,73.328,30.125,22.702,10.317,10.337
20241115151039.1,1721.05099484324,17,73.737,30.151,22.726,10.317,10.337
20241115151039.6,1721.53899259865,16.914,74.145,30.164,22.735,10.307,10.329
20241115151040.1,1722.03099355102,16.782,74.518,30.168,22.737,10.329,10.349
20241115151040.6,1722.51599393785,16.623,74.904,30.204,22.759,10.323,10.365
20241115151041.1,1723.01600128412,16.56,75.329,30.241,22.765,10.311,10.327
20241115151041.6,1723.51599857211,16.566,75.771,30.243,22.745,10.311,10.341
20241115151042.1,1724.0159958601,16.566,76.21,30.27,22.8,10.309,10.357
20241115151042.6,1724.51200000942,16.594,76.633,30.292,22.777,10.315,10.333
20241115151043.1,1725.00400096178,16.804,77.045,30.299,22.804,10.317,10.331
20241115151043.6,1725.49999505281,16.815,77.494,30.331,22.829,10.305,10.351
20241115151044.1,1726.00399553776,16.827,77.936,30.343,22.845,10.315,10.345
20241115151044.6,1726.49999968708,16.873,78.445,30.38,22.833,10.305,10.345
20241115151045.1,1726.99999697506,16.871,78.933,30.386,22.876,10.299,10.327
20241115151045.6,1727.49999426305,16.956,79.441,30.419,22.888,10.333,10.343
20241115151046.1,1728.00000160933,17.015,80.015,30.448,22.888,10.319,10.337
20241115151046.6,1728.49999889731,16.998,80.562,30.476,22.904,10.329,10.355
20241115151047.1,1728.9999961853,17.002,81.125,30.507,22.925,10.319,10.347
20241115151047.6,1729.49600033462,17.045,81.695,30.536,22.933,10.325,10.347
20241115151048.1,1729.99599762261,17.051,82.265,30.56,22.957,10.323,10.349
20241115151048.6,1730.49199171364,16.986,82.877,30.603,22.994,10.323,10.363
20241115151049.1,1730.99199905992,16.855,83.467,30.627,23.006,10.325,10.339
20241115151049.6,1731.48799315095,16.928,84.003,30.64,22.996,10.321,10.351
20241115151050.1,1731.99199363589,17.015,84.621,30.662,23.006,10.317,10.353
20241115151050.6,1732.48799778521,16.865,85.198,30.711,23.025,10.335,10.341
20241115151051.1,1732.9879950732,16.827,85.811,30.721,23.037,10.309,10.337
20241115151051.6,1733.48799236119,16.772,86.396,30.742,23.047,10.321,10.345
20241115151052.1,1733.98799970746,16.762,87.054,30.764,23.033,10.323,10.349
20241115151052.6,1734.48399379849,16.8,87.7,30.781,23.08,10.331,10.347
20241115151053.1,1734.98400114477,16.861,88.353,30.783,23.059,10.325,10.331
20241115151053.6,1735.4799952358,16.847,89.028,30.781,23.053,10.319,10.329
20241115151054.1,1735.96499562263,16.829,89.667,30.781,23.055,10.327,10.365
20241115151054.5,1736.46099977195,16.804,90.327,30.77,23.047,10.317,10.351
20241115151055,1736.96099705994,16.897,91.009,30.77,23.031,10.319,10.345
20241115151055.5,1737.46099434793,16.928,91.673,30.756,23.037,10.333,10.357
20241115151056.1,1737.96499483287,16.954,92.404,30.729,23.012,10.349,10.355
20241115151056.6,1738.46499212086,16.99,93.121,30.75,23.033,10.317,10.359
20241115151057,1738.96099627018,17.045,93.89,30.738,23.025,10.339,10.341
20241115151057.5,1739.46099355817,17.059,94.768,30.742,23.033,10.329,10.353
20241115151058.1,1739.96499404311,17.075,95.588,30.748,23.018,10.317,10.335
20241115151058.5,1740.45699499547,16.984,96.296,30.756,23.008,10.313,10.363
20241115151059,1740.93699641526,16.972,97.017,30.774,23.006,10.315,10.337
20241115151059.5,1741.43399633467,16.914,97.864,30.766,23.004,10.313,10.349
20241115151100,1741.93700104952,16.895,98.773,30.781,23.027,10.327,10.335
20241115151100.5,1742.43400096893,16.914,99.706,30.777,23.012,10.333,10.345
20241115151101,1742.93399825692,17.017,100.662,30.791,23.019,10.329,10.331
20241115151101.5,1743.42199601233,16.92,101.662,30.809,23.033,10.315,10.341
20241115151102,1743.92599649727,16.869,102.727,30.799,23.047,10.307,10.337
20241115151102.5,1744.42999698222,16.817,103.795,30.822,23.033,10.313,10.321
20241115151103,1744.92600113153,16.875,104.876,30.852,23.057,10.327,10.341
20241115151103.5,1745.41399888694,16.912,105.888,30.864,23.074,10.315,10.347
20241115151104,1745.91799937189,16.891,106.967,30.877,23.061,10.313,10.337
20241115151104.5,1746.41799665987,16.877,108.077,30.897,23.072,10.319,10.339
20241115151105,1746.91400080919,16.905,109.208,30.905,23.088,10.335,10.335
20241115151105.5,1747.42199443281,16.859,110.435,30.899,23.102,10.313,10.339
20241115151106,1747.9219917208,16.819,111.639,30.932,23.113,10.319,10.347
20241115151106.5,1748.42199906707,16.792,112.896,30.963,23.131,10.305,10.355
20241115151107,1748.92199635506,16.784,114.159,30.979,23.133,10.319,10.341
20241115151107.5,1749.42199364305,16.764,115.331,31.001,23.158,10.315,10.339
20241115151108,1749.91799779236,16.732,116.587,31.008,23.147,10.286,10.333
20241115151108.5,1750.41799508035,16.752,118.013,31.036,23.162,10.331,10.339
20241115151109,1750.91399922967,16.748,119.361,31.065,23.174,10.311,10.339
20241115151109.5,1751.4099933207,16.762,120.853,31.081,23.205,10.325,10.339
20241115151110,1751.9179970026,16.772,122.242,31.108,23.19,10.284,10.343
20241115151110.5,1752.41400115192,16.78,123.476,31.095,23.196,10.331,10.353
20241115151111.1,1753.05099226534,16.804,125.299,31.097,23.207,10.311,10.341
20241115151111.6,1753.53900007904,16.823,127.013,31.128,23.231,10.333,10.345
20241115151112.1,1754.03899736702,16.847,128.617,31.134,23.231,10.313,10.339
20241115151112.6,1754.53500151634,16.946,130.309,31.161,23.241,10.329,10.343
20241115151113.1,1755.038991943,17.087,132.04,31.171,23.245,10.327,10.349
20241115151113.6,1755.53499609232,17.099,133.693,31.173,23.239,10.331,10.363
20241115151114.1,1756.03499338031,17.051,135.385,31.183,23.255,10.329,10.333
20241115151114.6,1756.51899799705,16.99,137.261,31.199,23.233,10.335,10.341
20241115151115.1,1757.00800158083,16.95,138.882,31.204,23.239,10.297,10.329
20241115151115.6,1757.51199200749,16.907,140.695,31.22,23.243,10.323,10.329
20241115151116.1,1758.01599249244,16.863,142.607,31.214,23.247,10.315,10.353
20241115151116.6,1758.51199664176,16.816,144.417,31.238,23.257,10.321,10.351
20241115151117.1,1758.99999439716,16.798,146.253,31.257,23.245,10.319,10.349
20241115151117.6,1759.50000174344,16.762,148.159,31.265,23.259,10.329,10.337
20241115151118.1,1759.99999903142,16.689,149.816,31.263,23.247,10.323,10.349
20241115151118.6,1760.49999631941,16.627,151.56,31.273,23.274,10.313,10.347
20241115151119.1,1761.00399680436,16.681,153.296,31.275,23.282,10.307,10.376
20241115151119.6,1761.50000095367,16.697,155.18,31.304,23.286,10.313,10.351
20241115151120.1,1761.99999824166,16.653,156.893,31.318,23.29,10.309,10.349
20241115151120.6,1762.50399872661,16.637,158.566,31.318,23.288,10.317,10.345
20241115151121.1,1763.0039960146,16.608,160.456,31.334,23.294,10.307,10.347
20241115151121.6,1763.50000016391,16.631,162.313,31.351,23.307,10.319,10.333
20241115151122.1,1764.00400064886,16.596,164.47,31.345,23.302,10.333,10.325
20241115151122.6,1764.49999473989,16.61,166.543,31.363,23.315,10.327,10.349
20241115151123.1,1764.99999202788,16.657,168.706,31.373,23.315,10.339,10.333
20241115151123.6,1765.49999937415,16.726,170.938,31.391,23.325,10.323,10.343
20241115151124.1,1765.99999666214,16.75,173.045,31.422,23.349,10.325,10.327
20241115151124.6,1766.49600081146,16.875,175.297,31.424,23.352,10.319,10.341
20241115151125.1,1766.99599809945,16.887,177.368,31.457,23.347,10.317,10.335
20241115151125.6,1767.49599538743,17,179.407,31.457,23.351,10.319,10.353
20241115151126.1,1767.99599267542,17.097,181.389,31.457,23.358,10.315,10.339
20241115151126.6,1768.49199682474,17.168,183.593,31.483,23.351,10.329,10.345
20241115151127.1,1768.99199411273,17.376,185.703,31.498,23.38,10.307,10.333
20241115151127.6,1769.492001459,17.317,187.982,31.518,23.378,10.313,10.349
20241115151128.1,1769.98799555004,17.204,190.108,31.53,23.384,10.317,10.349
20241115151128.6,1770.48799283803,17.13,192.501,31.543,23.4,10.327,10.335
20241115151129.1,1770.98399698734,17.174,194.666,31.561,23.388,10.313,10.335
20241115151129.6,1771.48399427533,17.148,197.086,31.584,23.396,10.323,10.341
20241115151130.1,1771.9840016216,17.103,199.681,31.616,23.415,10.325,10.347
20241115151130.6,1772.47999571264,17.063,202.229,31.624,23.421,10.325,10.331
20241115151131.1,1772.97999300063,17.033,204.633,31.667,23.443,10.315,10.333
20241115151131.6,1773.4800003469,16.99,207.167,31.667,23.466,10.329,10.343
20241115151132.1,1773.97700026631,16.913,209.25,31.688,23.443,10.307,10.343
20241115151132.6,1774.4769975543,16.893,211.722,31.702,23.45,10.323,10.333
20241115151133.1,1774.97699484229,16.861,214.082,31.712,23.452,10.319,10.345
20241115151133.6,1775.47699213028,16.792,216.595,31.724,23.48,10.329,10.335
20241115151134.1,1775.9729962796,16.814,218.852,31.749,23.462,10.333,10.337
20241115151134.6,1776.47299356759,16.833,220.999,31.759,23.476,10.329,10.331
20241115151135.1,1776.9689977169,16.813,223.334,31.788,23.478,10.315,10.333
20241115151135.6,1777.46899500489,16.875,225.84,31.812,23.495,10.321,10.325
20241115151136.1,1777.96899229288,16.986,228.551,31.819,23.503,10.331,10.339
20241115151136.6,1778.47299277782,16.909,231.225,31.872,23.529,10.313,10.339
20241115151137.1,1778.96899692714,16.881,233.674,31.894,23.523,10.315,10.347
20241115151137.6,1779.46899421513,16.867,236.127,31.919,23.552,10.321,10.345
20241115151138.1,1779.9690015614,16.907,238.365,31.923,23.554,10.319,10.339
20241115151138.6,1780.46899884939,16.956,240.806,31.992,23.568,10.323,10.325
20241115151139.1,1780.96899613738,16.958,243.345,31.992,23.585,10.335,10.327
20241115151139.6,1781.4650002867,16.972,245.48,32.035,23.607,10.327,10.339
20241115151140.1,1781.96900077164,17.061,248.104,32.062,23.632,10.315,10.327
20241115151140.6,1782.46499486268,17.18,250.753,32.088,23.656,10.323,10.341
20241115151141.1,1782.96899534762,17.188,253.18,32.121,23.658,10.315,10.331
20241115151141.6,1783.46899263561,17.122,255.646,32.103,23.654,10.327,10.325
20241115151142.1,1783.96499678493,17.073,257.964,32.109,23.646,10.317,10.331
20241115151142.6,1784.46899726987,17.11,260.401,32.105,23.676,10.319,10.343
20241115151143.1,1784.96500141919,17.041,262.901,32.135,23.654,10.329,10.331
20241115151143.6,1785.48399880528,16.99,265.17,32.143,23.65,10.327,10.331
20241115151144.1,1785.98399609327,16.94,267.531,32.17,23.65,10.335,10.321
20241115151144.6,1786.48399338126,16.879,270.05,32.197,23.691,10.341,10.339
20241115151145.1,1786.98400072753,16.853,272.16,32.221,23.685,10.323,10.325
20241115151145.6,1787.48800121248,16.875,274.6,32.256,23.691,10.319,10.335
20241115151146.1,1787.98799850047,16.869,277.277,32.285,23.728,10.315,10.335
20241115151146.7,1788.60199637711,17.057,280.506,32.276,23.734,10.327,10.323
20241115151147.2,1789.10500109196,16.883,282.903,32.319,23.744,10.357,10.329
20241115151147.7,1789.60200101137,16.851,285.316,32.313,23.746,10.341,10.363
20241115151148.2,1790.10199829936,16.826,287.33,32.333,23.766,10.353,10.347
20241115151148.7,1790.60199558735,16.816,289.516,32.342,23.75,10.357,10.345
20241115151149.2,1791.10199287534,16.905,291.969,32.331,23.744,10.341,10.337
20241115151149.7,1791.60200022161,17.024,294.11,32.348,23.764,10.341,10.335
20241115151150.2,1792.10499487817,17.109,296.508,32.386,23.778,10.335,10.347
20241115151150.7,1792.6209948957,17.107,298.721,32.366,23.779,10.343,10.347
20241115151151.2,1793.12499538064,17.105,301.329,32.393,23.764,10.353,10.351
20241115151151.7,1793.62499266863,17.063,303.628,32.395,23.793,10.331,10.353
20241115151152.2,1794.1250000149,17.083,305.979,32.386,23.772,10.343,10.339
20241115151152.7,1794.62499730289,17.107,308.222,32.391,23.764,10.363,10.347
20241115151153.2,1795.12899778783,17.057,310.811,32.411,23.764,10.343,10.351
20241115151153.7,1795.62499187887,17.012,313.186,32.415,23.77,10.343,10.341
20241115151154.2,1796.12499922514,16.972,315.381,32.446,23.779,10.367,10.357
20241115151154.7,1796.61299698055,16.921,317.94,32.483,23.776,10.349,10.357
20241115151155.2,1797.12100066245,16.923,320.473,32.499,23.815,10.341,10.329
20241115151155.7,1797.63299748302,16.871,322.444,32.509,23.783,10.361,10.363
20241115151156.2,1798.12900163233,16.835,325.03,32.525,23.799,10.345,10.357
20241115151156.7,1798.62899892032,16.837,327.548,32.507,23.803,10.361,10.355
20241115151157.2,1799.12899620831,16.867,329.788,32.519,23.821,10.339,10.331
20241115151157.7,1799.6289934963,16.899,331.848,32.53,23.828,10.355,10.331
20241115151158.2,1800.12900084257,16.841,334.182,32.572,23.842,10.341,10.351
20241115151158.7,1800.61699859798,16.79,335.911,32.54,23.846,10.351,10.349
20241115151159.2,1801.12099908292,16.847,338.121,32.552,23.834,10.351,10.335
20241115151159.7,1801.62499956787,16.853,340.301,32.546,23.826,10.351,10.351
20241115151200.2,1802.1209936589,16.903,342.18,32.57,23.821,10.353,10.349
20241115151200.7,1802.62499414384,16.822,344.179,32.585,23.862,10.347,10.345
20241115151201.2,1803.12099829316,16.808,346.368,32.583,23.84,10.353,10.335
20241115151201.7,1803.6169923842,16.869,349.133,32.601,23.834,10.355,10.357
20241115151202.2,1804.11699973047,16.925,350.482,32.646,23.866,10.353,10.341
20241115151202.7,1804.61699701846,16.855,352.088,32.681,23.905,10.347,10.361
20241115151203.2,1805.11699430645,16.855,354.199,32.718,23.905,10.351,10.333
20241115151203.7,1805.61700165272,16.925,357.305,32.736,23.938,10.347,10.349
20241115151204.2,1806.11699894071,16.851,359.775,32.759,23.938,10.353,10.329
20241115151204.7,1806.61699622869,16.786,362.578,32.799,23.944,10.351,10.349
20241115151205.2,1807.12899304926,16.691,364.663,32.816,23.963,10.355,10.341
20241115151205.7,1807.612997666,16.61,366.145,32.83,23.961,10.359,10.341
20241115151206.2,1808.11299495399,16.621,368.635,32.846,23.965,10.349,10.331
20241115151206.7,1808.60899910331,16.487,372.728,32.891,23.969,10.357,10.347
20241115151207.2,1809.10499319434,16.427,376.02,32.904,23.981,10.351,10.337
20241115151207.7,1809.60500054061,16.392,377.671,32.93,23.957,10.345,10.343
20241115151208.2,1810.1049978286,16.425,379.537,32.953,23.979,10.345,10.323
20241115151208.7,1810.60499511659,16.491,382.079,32.951,23.969,10.335,10.335
20241115151209.2,1811.10499240458,16.548,384.778,32.967,23.977,10.345,10.325
20241115151209.7,1811.60499975085,16.619,387.083,32.943,23.985,10.357,10.337
20241115151210.2,1812.10499703884,16.695,388.778,32.938,23.973,10.341,10.336
20241115151210.7,1812.60499432683,16.895,392.557,32.956,23.976,10.346,10.328
20241115151211.2,1813.1050016731,17.038,395.675,32.948,23.99,10.34,10.318
20241115151211.7,1813.60499896109,17.056,398.902,32.956,24.001,10.356,10.338
20241115151212.2,1814.10499624908,17.169,402.009,32.956,24.015,10.344,10.312
20241115151212.7,1814.60499353707,17.387,406.663,32.948,23.998,10.34,10.334
20241115151213.2,1815.10899402201,17.468,411.377,32.929,23.994,10.336,10.336
20241115151213.7,1815.60499817133,17.29,413.483,32.935,24.003,10.34,10.32
20241115151214.2,1816.10499545932,17.115,420.462,32.94,24.003,10.33,10.332
20241115151214.7,1816.60499274731,17.204,423.616,32.964,23.994,10.332,10.334
20241115151215.2,1817.10500009358,17.234,429.14,32.98,23.998,10.334,10.346
20241115151215.7,1817.60499738157,16.941,435.74,32.964,24.019,10.338,10.332
20241115151216.2,1818.11699420214,16.796,444.398,32.987,24.025,10.328,10.314
20241115151216.7,1818.61700154841,16.777,451.557,33.007,24.058,10.33,10.354
20241115151217.2,1819.12100203335,16.741,455.733,33.032,24.078,10.356,10.32
20241115151217.7,1819.63299885392,16.737,464.208,33.074,24.068,10.358,10.338
20241115151218.2,1820.13299614191,16.769,472.114,33.085,24.086,10.328,10.34
20241115151218.7,1820.63699662685,16.798,478.641,33.151,24.093,10.347,10.327
20241115151219.2,1821.13699391484,16.77,485.43,33.186,24.122,10.331,10.347
20241115151219.7,1821.63700126112,16.716,499.819,33.19,24.114,10.341,10.337
20241115151220.3,1822.26199284196,16.74,509.661,33.222,24.126,10.343,10.331
20241115151220.8,1822.76200018823,16.717,516.312,33.219,24.129,10.352,10.342
20241115151221.4,1823.27699437737,16.697,528.15,33.224,24.123,10.344,10.336
20241115151221.9,1823.77700172365,16.68,529.292,33.242,24.119,10.342,10.326
20241115151222.4,1824.27299581468,16.592,535.69,33.236,24.137,10.34,10.334
20241115151222.9,1824.768999964,16.59,546.773,33.257,24.153,10.361,10.345
20241115151223.4,1825.27300044894,16.718,554.118,33.29,24.142,10.359,10.327
20241115151223.9,1825.77299773693,16.627,558.604,33.309,24.146,10.338,10.348
20241115151224.4,1826.27299502492,16.59,566.561,33.33,24.162,10.326,10.36
20241115151224.9,1826.77299231291,16.587,570.955,33.342,24.184,10.344,10.33
20241115151225.4,1827.27299965918,16.638,575.554,33.387,24.201,10.358,10.338
20241115151225.9,1827.77299694717,16.602,584.765,33.383,24.197,10.334,10.34
20241115151226.4,1828.27699743211,16.616,598.306,33.403,24.193,10.35,10.328
20241115151226.9,1828.77300158143,16.668,603.374,33.44,24.233,10.34,10.346
20241115151227.4,1829.27699200809,16.723,607.327,33.436,24.215,10.346,10.322
20241115151227.9,1829.77299615741,16.761,611.653,33.456,24.24,10.34,10.342
20241115151228.4,1830.26900030673,16.757,626.696,33.483,24.223,10.338,10.346
20241115151228.9,1830.77300079167,16.84,635.854,33.491,24.225,10.332,10.348
20241115151229.4,1831.2689948827,16.917,644.125,33.52,24.272,10.35,10.314
20241115151229.9,1831.76599480212,16.989,648.863,33.53,24.264,10.352,10.338
20241115151230.4,1832.26899951696,16.998,676.839,33.559,24.274,10.318,10.352
20241115151230.9,1832.78499953449,17.109,534.559,33.577,24.291,10.336,10.32
20241115151231.4,1833.28499682248,17.18,293.028,33.565,24.266,10.332,10.336
20241115151231.9,1833.79300050437,17.175,194.532,33.6,24.276,10.338,10.32
20241115151232.4,1834.29299779236,17.119,137.484,33.616,24.299,10.354,10.33
20241115151232.9,1834.78099554777,17.123,102.63,33.641,24.319,10.334,10.338
20241115151233.4,1835.28499603271,17.125,78.541,33.653,24.317,10.344,10.33
20241115151233.9,1835.7849933207,17.091,62.02,33.655,24.334,10.33,10.334
20241115151234.4,1836.28099747002,17.113,50.195,33.698,24.347,10.355,10.351
20241115151234.9,1836.78099475801,17.095,41.652,33.705,24.335,10.347,10.347
20241115151235.4,1837.27699890733,17.011,35.738,33.728,24.372,10.346,10.32
20241115151235.9,1837.77699619532,16.985,31.542,33.781,24.413,10.352,10.344
20241115151236.4,1838.2769934833,17.07,28.867,33.81,24.409,10.352,10.336
20241115151236.9,1838.76599706709,17.05,27.051,33.839,24.421,10.322,10.348
20241115151237.4,1839.26899172366,17.036,25.367,33.837,24.423,10.35,10.336
20241115151237.9,1839.7729922086,17.036,23.629,33.863,24.417,10.354,10.326
20241115151238.4,1840.27299955487,17.101,22.196,33.867,24.432,10.33,10.332
20241115151238.9,1840.77700003982,17.105,21.145,33.884,24.454,10.354,10.344
20241115151239.4,1841.26599356532,17.204,20.311,33.92,24.442,10.344,10.338
20241115151239.8,1841.75400137901,17.24,19.642,33.896,24.432,10.346,10.332
20241115151240.3,1842.25799180567,17.173,19.086,33.947,24.438,10.332,10.322
20241115151240.8,1842.75399595499,17.216,18.773,33.93,24.424,10.332,10.34
20241115151241.3,1843.25399324298,17.137,18.579,33.941,24.46,10.336,10.358
20241115151241.8,1843.75400058925,17.032,18.349,33.943,24.432,10.336,10.326
20241115151242.3,1844.25800107419,16.963,18.161,33.949,24.434,10.348,10.348
20241115151242.9,1844.76599469781,16.907,17.745,33.973,24.46,10.336,10.336
20241115151243.3,1845.25799565017,16.889,17.371,33.977,24.444,10.326,10.34
20241115151243.8,1845.74599340558,16.818,17.349,33.984,24.473,10.354,10.344
20241115151244.3,1846.23400121927,16.81,17.355,33.992,24.477,10.336,10.348
20241115151244.8,1846.73800170422,16.781,17.357,34.016,24.493,10.348,10.344
20241115151245.3,1847.2379989922,16.741,17.408,34.035,24.491,10.348,10.338
20241115151245.8,1847.74599261582,16.749,17.317,34.053,24.483,10.338,10.324
20241115151246.3,1848.24199676514,16.735,17.333,34.035,24.487,10.348,10.338
20241115151246.8,1848.73800091445,16.759,16.955,34.051,24.483,10.336,10.34
20241115151247.3,1849.23799820244,16.737,16.814,34.057,24.491,10.354,10.342
20241115151247.8,1849.73799549043,16.739,16.868,34.061,24.46,10.324,10.33
20241115151248.3,1850.24199597538,16.79,16.901,34.088,24.493,10.338,10.33
20241115151248.8,1850.74199326336,16.852,16.84,34.088,24.522,10.34,10.36
20241115151249.3,1851.24200060964,16.917,16.804,34.112,24.528,10.354,10.356
20241115151249.8,1851.74199789762,16.866,16.86,34.141,24.534,10.338,10.328
20241115151250.3,1852.25000157952,16.988,17.004,34.172,24.542,10.33,10.358
20241115151250.8,1852.75399200618,17.289,17.093,34.196,24.573,10.328,10.34
20241115151251.3,1853.25399935246,17.25,17.085,34.217,24.577,10.34,10.342
20241115151251.8,1853.74199710786,17.103,17.085,34.249,24.571,10.342,10.34
20241115151252.3,1854.24599759281,17.054,17.103,34.262,24.583,10.342,10.315
20241115151252.8,1854.7459948808,17.04,17.058,34.274,24.591,10.336,10.324
20241115151253.3,1855.23799583316,17.117,17.074,34.3,24.591,10.352,10.342
20241115151253.8,1855.73799312115,17.042,17.054,34.327,24.618,10.34,10.34
20241115151254.3,1856.23800046742,16.951,17.068,34.315,24.605,10.342,10.315
20241115151254.8,1856.73799775541,16.911,17.054,34.327,24.636,10.344,10.334
20241115151255.3,1857.2379950434,16.978,17.153,34.349,24.626,10.336,10.344
20241115151255.8,1857.72999599576,16.927,17.274,34.368,24.603,10.336,10.344
20241115151256.3,1858.22699591517,16.858,17.068,34.364,24.61,10.33,10.324
20241115151256.9,1858.8519975543,16.826,17.119,34.384,24.624,10.322,10.322
20241115151257.4,1859.34800170362,16.769,17.066,34.397,24.632,10.332,10.346
20241115151257.9,1859.85199213028,16.731,17.006,34.411,24.64,10.34,10.317
20241115151258.4,1860.36299318075,16.697,17.089,34.403,24.671,10.326,10.35
20241115151258.9,1860.86300052702,16.792,17.264,34.45,24.659,10.332,10.317
20241115151259.4,1861.36299781501,16.931,17.38,34.468,24.657,10.338,10.346
20241115151259.9,1861.862995103,17.091,17.456,34.517,24.71,10.338,10.338
20241115151300.5,1862.36699558794,17.272,17.444,34.542,24.71,10.344,10.34
20241115151301,1862.88299560547,17.256,17.382,34.564,24.73,10.332,10.324
20241115151301.5,1863.37899975479,17.121,17.422,34.584,24.744,10.315,10.338
20241115151302,1863.87899704278,17.093,17.384,34.621,24.767,10.352,10.328
20241115151302.5,1864.37899433076,17.016,17.256,34.64,24.787,10.324,10.33
20241115151303,1864.87900167704,16.941,17.319,34.66,24.779,10.311,10.33
20241115151303.5,1865.37899896502,16.852,17.279,34.668,24.769,10.33,10.35
20241115151304,1865.88299944997,16.804,17.252,34.703,24.781,10.32,10.338
20241115151304.5,1866.378993541,16.786,17.254,34.709,24.779,10.34,10.338
20241115151305,1866.88299402595,16.729,17.167,34.711,24.791,10.332,10.334
20241115151305.5,1867.38699451089,16.715,17.105,34.762,24.81,10.34,10.315
20241115151306,1867.88700185716,16.703,17.103,34.746,24.804,10.352,10.338
20241115151306.5,1868.3829959482,16.683,17.089,34.777,24.804,10.336,10.33
20241115151307,1868.88299323618,16.667,17.119,34.799,24.824,10.332,10.332
20241115151307.5,1869.38699372113,16.662,17.119,34.801,24.839,10.344,10.323
20241115151308,1869.89099420607,16.667,17.103,34.826,24.841,10.315,10.315
20241115151308.5,1870.39100155234,16.689,17.028,34.844,24.837,10.325,10.317
20241115151309,1870.88699564338,16.719,17.01,34.84,24.845,10.325,10.317
20241115151309.5,1871.4019998908,16.721,17.028,34.875,24.873,10.338,10.321
20241115151310,1871.90600037575,16.693,17.056,34.875,24.892,10.317,10.311
20241115151310.5,1872.40199446678,16.709,17.042,34.912,24.881,10.334,10.325
20241115151311,1872.90599495173,16.669,17.062,34.93,24.885,10.34,10.321
20241115151311.5,1873.40599223971,16.665,17.069,34.971,24.92,10.323,10.34
20241115151312,1873.90599958599,16.679,17.054,35.006,24.922,10.328,10.321
20241115151312.5,1874.40199367702,16.673,17.05,35.008,24.943,10.319,10.319
20241115151313,1874.89799782634,16.685,17.073,35.008,24.924,10.313,10.327
20241115151313.5,1875.41399784386,16.681,17.046,35.042,24.933,10.309,10.317
20241115151314,1875.91399513185,16.707,16.852,35.036,24.924,10.315,10.329
20241115151314.5,1876.41799561679,16.699,16.923,35.061,24.939,10.317,10.315
20241115151315,1876.92199610174,16.671,17.022,35.057,24.951,10.336,10.325
20241115151315.5,1877.42199338973,16.671,17.03,35.098,24.967,10.331,10.307
20241115151316,1877.922000736,16.75,17.075,35.127,24.967,10.307,10.297
20241115151316.5,1878.41799482703,16.834,17.099,35.142,24.974,10.309,10.327
20241115151317,1878.91799211502,16.857,17.133,35.195,24.982,10.301,10.297
20241115151317.5,1879.42999899387,16.818,17.182,35.208,24.992,10.305,10.339
20241115151318,1879.92999628186,16.766,17.196,35.218,25.004,10.313,10.309
20241115151318.5,1880.43399676681,16.729,17.158,35.249,25.012,10.317,10.329
20241115151319.1,1880.96899688244,16.822,17.121,35.295,25.018,10.333,10.307
20241115151319.6,1881.46899417043,16.78,17.008,35.259,25.02,10.329,10.307
20241115151320.1,1881.9690015167,16.741,16.855,35.292,25.029,10.319,10.323
20241115151320.6,1882.47699514031,16.681,16.824,35.301,25.02,10.321,10.309
20241115151321.1,1882.99199938774,16.622,16.879,35.324,25.045,10.317,10.323
20241115151321.6,1883.51899310946,16.59,16.889,35.328,25.049,10.317,10.319
20241115151322.1,1884.01900045574,16.582,16.877,35.33,25.026,10.332,10.332
20241115151322.6,1884.51899774373,16.608,16.535,35.352,25.047,10.319,10.336
20241115151323.1,1885.01899503171,16.76,16.307,35.338,25.041,10.315,10.319
20241115151323.6,1885.51599495113,16.725,16.287,35.352,25.022,10.301,10.319
20241115151324.1,1886.01599223912,16.677,16.426,35.39,25.057,10.336,10.325
20241115151324.6,1886.51899695396,16.713,16.41,35.392,25.043,10.313,10.323
20241115151325.1,1887.01899424195,16.79,16.327,35.439,25.049,10.317,10.311
20241115151325.6,1887.51900158823,16.897,16.343,35.431,25.063,10.321,10.325
20241115151326.1,1888.01899887621,16.772,16.444,35.435,25.08,10.328,10.315
20241115151326.6,1888.52699249983,16.697,16.561,35.446,25.069,10.313,10.297
20241115151327.1,1889.02299664915,16.64,16.737,35.458,25.078,10.317,10.317
20241115151327.6,1889.52299393713,16.648,16.65,35.46,25.057,10.33,10.328
20241115151328.1,1890.02300128341,16.561,16.527,35.462,25.063,10.336,10.332
20241115151328.6,1890.55499397218,16.584,16.47,35.47,25.065,10.332,10.324
20241115151329.1,1891.05500131845,16.576,16.537,35.476,25.061,10.338,10.34
20241115151329.6,1891.55499860644,16.491,16.638,35.472,25.051,10.34,10.324
20241115151330.1,1892.05499589443,16.505,16.668,35.472,25.075,10.33,10.35
20241115151330.6,1892.55100004375,16.464,16.755,35.476,25.051,10.336,10.313
20241115151331.1,1893.05500052869,16.559,16.782,35.46,25.053,10.338,10.328
20241115151331.6,1893.55499781668,16.717,16.864,35.472,25.016,10.328,10.336
20241115151332.1,1894.05099190772,16.959,16.885,35.46,25.035,10.35,10.356
20241115151332.6,1894.56199295819,16.994,16.677,35.472,25.035,10.342,10.328
20241115151333.1,1895.06200030446,16.852,16.499,35.478,25.037,10.315,10.311
20241115151333.6,1895.55900022388,16.745,16.355,35.477,25.039,10.332,10.317
20241115151334.1,1896.05899751186,16.719,16.398,35.503,25.065,10.323,10.33
20241115151334.6,1896.55500166118,16.644,16.485,35.537,25.073,10.348,10.317
20241115151335.1,1897.05499894917,16.557,16.642,35.559,25.071,10.317,10.328
20241115151335.6,1897.55499623716,16.604,16.832,35.588,25.09,10.334,10.317
20241115151336.1,1898.05100038648,16.656,16.994,35.638,25.102,10.33,10.342
20241115151336.6,1898.55099767447,16.745,17.044,35.658,25.139,10.321,10.323
20241115151337.1,1899.05099496245,16.757,17.073,35.706,25.139,10.338,10.321
20241115151337.6,1899.54699911177,16.715,17.083,35.754,25.166,10.321,10.311
20241115151338.1,1900.05099959671,16.584,17.109,35.816,25.208,10.323,10.315
20241115151338.6,1900.5509968847,16.64,17.069,35.863,25.21,10.336,10.327
20241115151339.1,1901.05099417269,16.687,17.046,35.88,25.225,10.323,10.311
20241115151339.6,1901.56199522316,16.65,17.065,35.876,25.208,10.34,10.309
20241115151340.1,1902.05899514258,16.709,17.085,35.896,25.219,10.338,10.313
20241115151340.6,1902.5549992919,16.721,17.105,35.927,25.225,10.333,10.311
20241115151341.1,1903.05499657989,16.877,17.141,35.946,25.235,10.319,10.313
20241115151341.6,1903.55499386787,16.974,17.166,35.983,25.257,10.35,10.342
20241115151342.2,1904.0699981153,17.008,17.184,36.012,25.302,10.34,10.33
20241115151342.7,1904.57399860024,17.165,17.19,36.035,25.327,10.332,10.334
20241115151343.2,1905.06999269128,17.277,17.22,36.083,25.331,10.321,10.33
20241115151343.7,1905.57000003755,17.151,17.279,36.099,25.333,10.342,10.291
20241115151344.2,1906.06599412858,17.018,17.36,36.079,25.337,10.336,10.311
20241115151344.7,1906.56600147486,17.014,17.349,36.087,25.366,10.329,10.309
20241115151345.2,1907.06599876285,17.083,17.364,36.124,25.38,10.323,10.331
20241115151345.7,1907.57799558342,17.139,17.311,36.153,25.366,10.346,10.315
20241115151346.2,1908.07399973273,17.162,17.236,36.157,25.376,10.331,10.323
20241115151346.7,1908.56999382377,17.172,17.174,36.176,25.37,10.333,10.333
20241115151347.2,1909.07000117004,17.212,17.174,36.155,25.4,10.327,10.315
20241115151347.7,1909.56999845803,17.254,17.166,36.159,25.392,10.329,10.309
20241115151348.2,1910.06599254906,17.281,17.202,36.161,25.376,10.327,10.311
20241115151348.7,1910.56599989533,17.192,17.287,36.17,25.411,10.321,10.313
20241115151349.1,1911.06199398637,17.093,17.319,36.188,25.39,10.344,10.317
20241115151349.7,1911.57799400389,16.891,17.277,36.194,25.386,10.321,10.325
20241115151350.2,1912.07800135016,16.64,17.271,36.209,25.394,10.336,10.317
20241115151350.7,1912.58199177682,16.63,17.279,36.254,25.423,10.333,10.325
20241115151351.2,1913.09399865568,16.59,17.255,36.277,25.419,10.34,10.325
20241115151351.7,1913.58999274671,16.578,17.224,36.29,25.433,10.352,10.329
20241115151352.2,1914.09399323165,16.539,17.257,36.316,25.445,10.329,10.311
20241115151352.7,1914.5979937166,16.523,17.285,36.381,25.458,10.325,10.325
20241115151353.2,1915.09399786592,16.543,17.255,36.405,25.503,10.311,10.307
20241115151353.7,1915.60899205506,16.507,17.228,36.424,25.493,10.329,10.303
20241115151354.2,1916.10499620438,16.515,17.224,36.443,25.501,10.331,10.319
20241115151354.7,1916.60499349236,16.495,17.259,36.461,25.482,10.319,10.301
20241115151355.2,1917.10899397731,16.483,17.291,36.463,25.488,10.337,10.327
20241115151355.7,1917.60900132358,16.477,17.242,36.503,25.488,10.319,10.331
20241115151356.2,1918.11300180852,16.457,17.281,36.53,25.495,10.331,10.313
20241115151356.7,1918.62499862909,16.449,17.166,36.528,25.517,10.329,10.303
20241115151357.2,1919.12499591708,16.451,17.073,36.536,25.507,10.317,10.317
20241115151357.7,1919.62899640203,16.485,16.988,36.557,25.503,10.337,10.311
20241115151358.2,1920.14099322259,16.552,16.939,36.571,25.507,10.343,10.298
20241115151358.7,1920.63699737191,16.642,16.961,36.554,25.506,10.31,10.306
20241115151359.2,1921.15200161934,16.66,17.036,36.568,25.512,10.306,10.298
20241115151359.7,1921.655992046,16.64,16.969,36.57,25.516,10.32,10.308
20241115151400.2,1922.15599939227,16.662,16.922,36.599,25.522,10.324,10.306
20241115151400.7,1922.65599668026,16.638,16.89,36.626,25.539,10.32,10.32
20241115151401.2,1923.15599396825,16.603,16.995,36.657,25.551,10.302,10.284
20241115151401.9,1923.77699241042,16.745,16.761,36.707,25.539,10.312,10.308
20241115151402.4,1924.27699975669,16.848,16.785,36.715,25.575,10.302,10.3
20241115151402.9,1924.78100024164,16.761,16.777,36.738,25.573,10.3,10.31
20241115151403.4,1925.28099752963,16.702,16.815,36.771,25.579,10.32,10.288
20241115151403.9,1925.77299848199,16.664,16.834,36.83,25.607,10.329,10.325
20241115151404.4,1926.27299576998,16.752,16.822,36.842,25.615,10.311,10.313
20241115151404.9,1926.77299305797,16.806,16.885,36.865,25.607,10.301,10.335
20241115151405.4,1927.27300040424,16.838,16.992,36.904,25.621,10.315,10.327
20241115151405.9,1927.78499722481,16.867,17.002,36.939,25.642,10.313,10.319
20241115151406.4,1928.29300090671,16.964,17.012,36.97,25.664,10.323,10.323
20241115151406.9,1928.79299819469,17.03,17.168,37.032,25.678,10.321,10.336
20241115151407.4,1929.30499501526,17.052,17.275,37.045,25.715,10.333,10.323
20241115151407.9,1929.80099916458,17.061,17.388,37.051,25.731,10.295,10.313
20241115151408.4,1930.3089927882,17.089,17.452,37.084,25.723,10.323,10.307
20241115151408.9,1930.80499693751,17.123,17.505,37.082,25.74,10.325,10.352
20241115151409.4,1931.3049942255,17.131,17.525,37.106,25.738,10.338,10.348
20241115151409.9,1931.80500157177,17.159,17.416,37.109,25.723,10.338,10.317
20241115151410.4,1932.30499885976,17.166,17.378,37.109,25.719,10.317,10.338
20241115151410.9,1932.80499614775,17.166,17.398,37.129,25.727,10.328,10.325
20241115151411.4,1933.30100029707,17.107,17.473,37.129,25.737,10.338,10.33
20241115151411.9,1933.80099758506,17.091,17.224,37.138,25.748,10.342,10.319
20241115151412.4,1934.29700173438,17.071,17.188,37.138,25.756,10.317,10.33
20241115151412.9,1934.81199592352,17.071,17.234,37.158,25.748,10.309,10.34
20241115151413.4,1935.32799594104,17.131,17.173,37.189,25.778,10.332,10.352
20241115151413.9,1935.82799322903,17.188,17.097,37.226,25.793,10.342,10.332
20241115151414.4,1936.34399324656,17.226,17.069,37.251,25.815,10.328,10.311
20241115151414.9,1936.83999739587,17.321,17.093,37.311,25.829,10.321,10.34
20241115151415.4,1937.33999468386,17.335,17.038,37.353,25.856,10.33,10.336
20241115151415.9,1937.83999197185,17.321,16.905,37.381,25.878,10.342,10.344
20241115151416.4,1938.3519988507,17.319,16.858,37.415,25.901,10.344,10.332
20241115151416.9,1938.86299990118,17.272,16.838,37.439,25.911,10.313,10.342
20241115151417.5,1939.36700038612,17.248,16.872,37.444,25.936,10.322,10.328
20241115151417.9,1939.86299447715,17.335,16.982,37.454,25.952,10.326,10.332
20241115151418.5,1940.3669949621,17.363,17.131,37.462,25.932,10.326,10.336
20241115151419,1940.87499864399,17.349,17.22,37.501,25.964,10.338,10.32
20241115151419.5,1941.37499593198,17.347,17.159,37.508,25.944,10.328,10.332
20241115151420,1941.87899641693,17.343,17.2,37.526,25.956,10.307,10.317
20241115151420.5,1942.3909932375,17.424,17.257,37.547,25.948,10.317,10.317
20241115151421,1942.89100058377,17.273,17.156,37.572,25.962,10.309,10.301
20241115151421.5,1943.39099787176,17.164,16.976,37.605,25.969,10.317,10.325
20241115151422,1943.94900128245,17.135,17.034,37.644,25.987,10.317,10.309
20241115151422.6,1944.46500129998,17.156,17.174,37.653,25.975,10.309,10.305
20241115151423.1,1944.96499858797,17.202,17.089,37.684,26.015,10.301,10.317
20241115151423.6,1945.48799917102,17.176,17.018,37.709,26.015,10.311,10.317
20241115151424.1,1945.98799645901,17.358,16.984,37.727,26.005,10.301,10.317
20241115151424.6,1946.487993747,17.333,17.147,37.737,25.997,10.321,10.313
20241115151425.1,1946.98800109327,17.155,17.264,37.739,26.003,10.317,10.323
20241115151425.6,1947.48799838126,17.172,17.182,37.735,25.981,10.309,10.332
20241115151426.1,1948.01199473441,17.012,17.052,37.735,25.995,10.325,10.33
20241115151426.6,1948.52299578488,17.002,17.008,37.758,26.017,10.309,10.322
20241115151427.1,1949.02299307287,16.913,16.941,37.789,26.026,10.336,10.324
20241115151427.6,1949.52300041914,16.877,17.014,37.801,26.013,10.317,10.323
20241115151428.1,1950.03099404275,16.788,17.099,37.812,26.028,10.297,10.33
20241115151428.6,1950.53100138903,16.566,16.943,37.851,26.023,10.322,10.328
20241115151429.1,1951.03099867702,16.523,16.824,37.874,26.042,10.328,10.307
20241115151429.6,1951.56199559569,16.551,16.848,37.894,26.056,10.313,10.315
20241115151430.1,1952.05499231815,16.571,16.846,37.911,26.075,10.311,10.326
20241115151430.6,1952.5589928031,16.59,16.559,37.928,26.05,10.317,10.33
20241115151431.1,1953.05900014937,16.58,16.584,37.948,26.056,10.332,10.322
20241115151431.7,1953.56599800289,16.519,16.741,37.954,26.06,10.326,10.334
20241115151432.2,1954.06599529088,16.489,16.816,37.969,26.056,10.328,10.322
20241115151432.7,1954.56999577582,16.527,16.866,37.99,26.072,10.313,10.344
20241115151433.2,1955.06599992514,16.539,16.808,37.99,26.058,10.311,10.33
20241115151433.7,1955.57000041008,16.58,16.83,38.019,26.073,10.305,10.346
20241115151434.2,1956.08199723065,16.525,16.733,38.035,26.105,10.299,10.332
20241115151434.7,1956.58199451864,16.67,16.759,38.052,26.128,10.328,10.336
20241115151435.2,1957.08199180663,16.747,16.444,38.06,26.097,10.303,10.319
20241115151435.7,1957.5819991529,16.852,16.572,38.052,26.118,10.307,10.328
20241115151436.2,1958.10899287462,16.794,16.426,38.056,26.109,10.317,10.321
20241115151436.7,1958.60900022089,17.004,16.432,38.114,26.101,10.313,10.305
20241115151437.2,1959.10899750888,16.923,16.374,38.089,26.13,10.303,10.311
20241115151437.7,1959.63299386203,16.956,16.455,38.114,26.146,10.315,10.311
20241115151438.2,1960.13300120831,16.915,16.521,38.137,26.157,10.295,10.297
20241115151438.7,1960.63700169325,17.006,16.503,38.168,26.159,10.307,10.303
20241115151439.2,1961.15199588239,16.968,16.548,38.164,26.146,10.299,10.309
20241115151439.7,1961.65999956429,16.998,16.602,38.189,26.14,10.293,10.285
20241115151440.3,1962.16400004923,17.055,16.535,38.215,26.167,10.287,10.295
20241115151440.7,1962.65999414027,17.115,16.614,38.259,26.161,10.271,10.299
20241115151441.2,1963.16000148654,17.325,16.693,38.304,26.214,10.275,10.295
20241115151441.8,1963.67600150406,17.327,16.776,38.352,26.23,10.295,10.279
20241115151442.3,1964.1719955951,17.245,16.905,38.385,26.234,10.295,10.295
20241115151442.8,1964.66799974442,17.184,16.998,38.41,26.251,10.293,10.311
20241115151443.3,1965.17999656498,17.236,17.061,38.462,26.306,10.303,10.297
20241115151443.8,1965.71099348366,17.2,17.051,38.511,26.316,10.285,10.301
20241115151444.3,1966.22300036252,17.053,17.071,38.548,26.33,10.313,10.277
20241115151444.8,1966.7229976505,16.917,17.18,38.559,26.34,10.293,10.315
20241115151445.3,1967.22299493849,16.826,17.255,38.563,26.344,10.299,10.315
20241115151445.8,1967.74199232459,16.857,17.307,38.584,26.359,10.287,10.315
20241115151446.3,1968.24199967086,16.804,17.347,38.604,26.367,10.299,10.315
20241115151446.8,1968.74199695885,16.893,17.378,38.623,26.353,10.299,10.303
20241115151447.3,1969.23800110817,16.812,17.354,38.627,26.367,10.279,10.297
20241115151447.8,1969.74200159311,16.754,17.061,38.643,26.369,10.287,10.317
20241115151448.3,1970.25800161064,16.743,16.503,38.643,26.379,10.297,10.313
20241115151448.8,1970.75399570167,16.958,16.551,38.648,26.365,10.301,10.297
20241115151449.3,1971.24999985099,17.052,16.535,38.704,26.398,10.301,10.325
20241115151449.8,1971.74999713898,17.079,16.693,38.739,26.406,10.315,10.305
20241115151450.3,1972.24999442697,17.117,16.786,38.79,26.438,10.315,10.307
20241115151450.8,1972.74599857628,17.204,16.802,38.825,26.424,10.319,10.315
20241115151451.3,1973.24199266732,17.277,16.955,38.83,26.44,10.285,10.315
20241115151451.8,1973.73799681664,17.372,17.04,38.861,26.463,10.311,10.297
20241115151452.3,1974.23799410462,17.489,17.071,38.89,26.477,10.303,10.325
20241115151452.8,1974.7380014509,17.347,17.161,38.935,26.489,10.313,10.319
20241115151453.3,1975.23799873888,17.236,17.317,38.968,26.489,10.315,10.307
20241115151453.8,1975.73399282992,17.192,17.319,38.983,26.514,10.319,10.336
20241115151454.3,1976.23400017619,17.073,17.301,38.993,26.496,10.325,10.315
20241115151454.8,1976.72999426723,17.044,17.287,39.026,26.518,10.313,10.317
20241115151455.3,1977.23399475217,17.111,17.323,39.047,26.532,10.315,10.313
20241115151455.8,1977.74600163102,17.119,17.384,39.103,26.547,10.293,10.315
20241115151456.3,1978.25799845159,17.145,17.37,39.152,26.567,10.313,10.303
20241115151456.8,1978.75799573958,17.052,17.43,39.177,26.575,10.295,10.309
20241115151457.3,1979.2539998889,16.947,17.473,39.185,26.598,10.303,10.313
20241115151457.9,1979.76899407804,16.947,17.507,39.214,26.598,10.299,10.307
20241115151458.4,1980.28100095689,17.077,17.559,39.247,26.622,10.309,10.323
20241115151458.9,1980.78099824488,17.121,17.646,39.218,26.614,10.299,10.311
20241115151459.4,1981.27699233592,17.301,17.737,39.212,26.614,10.309,10.33
20241115151459.9,1981.77299648523,17.479,17.864,39.221,26.637,10.315,10.313
20241115151500.4,1982.27699697018,17.535,17.909,39.231,26.651,10.323,10.313
20241115151500.9,1982.78899379075,17.361,17.919,39.26,26.649,10.309,10.315
20241115151501.4,1983.29299427569,17.256,17.826,39.27,26.661,10.313,10.315
20241115151501.9,1983.79300162196,17.149,17.683,39.258,26.657,10.297,10.323
20241115151502.4,1984.29299890995,17.046,17.697,39.293,26.657,10.311,10.321
20241115151502.9,1984.79699939489,16.941,17.763,39.347,26.679,10.299,10.321
20241115151503.4,1985.29699668288,16.806,17.784,39.39,26.681,10.309,10.344
20241115151503.9,1985.7930008322,16.622,17.691,39.411,26.692,10.315,10.322
20241115151504.4,1986.3119982183,16.64,17.614,39.421,26.673,10.309,10.326
20241115151504.9,1986.81599870324,16.576,17.586,39.433,26.698,10.297,10.322
20241115151505.4,1987.31999918818,16.521,17.533,39.436,26.661,10.309,10.305
20241115151505.9,1987.81999647617,16.503,17.319,39.434,26.677,10.313,10.311
20241115151506.4,1988.31600062549,16.503,17.097,39.429,26.679,10.313,10.307
20241115151506.9,1988.81599791348,16.432,16.963,39.436,26.663,10.326,10.317
20241115151507.4,1989.32400159538,16.442,16.876,39.439,26.669,10.32,10.322
20241115151507.9,1989.82399888337,16.488,16.812,39.471,26.702,10.326,10.322
20241115151508.4,1990.3199929744,16.513,16.773,39.475,26.691,10.326,10.332
20241115151508.9,1990.82399345934,16.563,16.783,39.506,26.689,10.328,10.336
20241115151509.4,1991.31999760866,16.604,16.884,39.526,26.675,10.311,10.332
20241115151509.9,1991.83599762619,16.65,16.943,39.547,26.7,10.322,10.322
20241115151510.4,1992.33199171722,16.733,17.038,39.578,26.722,10.326,10.35
20241115151510.9,1992.83199906349,16.779,17.159,39.636,26.745,10.318,10.334
20241115151511.4,1993.33599954844,16.792,17.266,39.673,26.741,10.334,10.326
20241115151511.9,1993.83599683642,16.828,17.295,39.679,26.755,10.322,10.33
20241115151512.4,1994.34400051832,16.884,17.284,39.71,26.741,10.332,10.344
20241115151512.9,1994.84399780631,16.907,16.798,39.708,26.753,10.312,10.328
20241115151513.4,1995.3439950943,17.161,16.543,39.723,26.765,10.332,10.324
20241115151514,1995.87499201298,17.175,16.561,39.735,26.745,10.313,10.344
20241115151514.5,1996.37499935925,17.139,16.565,39.766,26.769,10.307,10.336
20241115151515,1996.87499664724,17.018,16.42,39.791,26.765,10.32,10.317
20241115151515.5,1997.40599356592,16.796,16.349,39.814,26.784,10.307,10.311
20241115151516,1997.90199771523,16.772,16.467,39.802,26.788,10.319,10.325
20241115151516.5,1998.40199500322,16.82,16.624,39.818,26.794,10.303,10.313
20241115151517,1998.92999455333,16.818,16.749,39.866,26.818,10.305,10.321
20241115151517.5,1999.4300018996,16.743,16.838,39.889,26.825,10.325,10.307
20241115151518,1999.93399232626,16.695,16.507,39.909,26.825,10.317,10.319
20241115151518.5,2000.42599327862,16.709,16.683,39.965,26.853,10.317,10.315
20241115151519,2000.9260006249,16.784,16.832,39.996,26.851,10.307,10.313
20241115151519.5,2001.42599791288,16.873,16.915,40.004,26.874,10.291,10.317
20241115151520,2001.93699896336,16.963,16.792,40.013,26.872,10.295,10.319
20241115151520.5,2002.43699625134,17.048,16.523,40.029,26.88,10.299,10.319
20241115151521,2002.95299626887,17.048,16.586,40.038,26.872,10.301,10.289
20241115151521.5,2003.44900041819,17.176,16.667,40.062,26.88,10.303,10.299
20241115151522,2003.94899770617,17.153,16.612,40.069,26.872,10.279,10.293
20241115151522.5,2004.44899499416,17.248,16.556,40.102,26.886,10.313,10.299
20241115151523.1,2004.96499501169,17.224,16.758,40.106,26.921,10.303,10.301
20241115151523.6,2005.47299869359,17.162,16.893,40.133,26.908,10.295,10.283
20241115151524.1,2005.97699917853,17.21,16.956,40.158,26.921,10.299,10.303
20241115151524.6,2006.47299326956,17.111,17.048,40.16,26.91,10.289,10.319
20241115151525.1,2006.97300061584,17.065,17.089,40.183,26.951,10.299,10.301
20241115151525.6,2007.46899470687,17.055,17.166,40.242,26.941,10.297,10.315
20241115151526.1,2007.96899199486,17.016,17.254,40.257,26.964,10.285,10.319
20241115151526.6,2008.46899934113,17.065,17.358,40.292,26.974,10.315,10.289
20241115151527.1,2008.96899662912,17.109,17.354,40.307,26.966,10.287,10.295
20241115151527.6,2009.47999767959,17.109,17.402,40.323,26.982,10.305,10.317
20241115151528.1,2009.97999496758,17.069,17.4,40.34,26.982,10.305,10.289
20241115151528.6,2010.47999225557,16.941,17.438,40.371,26.996,10.303,10.317
20241115151529.1,2010.97999960184,16.848,17.43,40.412,27.015,10.303,10.297
20241115151529.6,2011.47699952126,16.923,17.305,40.441,27.011,10.299,10.295
20241115151530.1,2011.97699680924,16.98,17.18,40.462,27.027,10.295,10.303
20241115151530.6,2012.48000152409,17.071,17.218,40.487,27.056,10.295,10.311
20241115151531.1,2012.99199834466,16.941,17.277,40.505,27.027,10.301,10.315
20241115151531.6,2013.50399516523,16.822,17.004,40.528,27.039,10.307,10.315
20241115151532.1,2014.01600204408,16.778,16.909,40.534,27.013,10.301,10.289
20241115151532.6,2014.51599933207,16.687,16.867,40.54,27.015,10.277,10.293
20241115151533.1,2015.02700038254,16.634,16.97,40.602,27.019,10.289,10.301
20241115151533.6,2015.52699767053,16.546,17.101,40.629,27.062,10.289,10.297
20241115151534.1,2016.02699495852,16.44,17.17,40.582,27.017,10.277,10.293
20241115151534.6,2016.53900183737,16.434,17.03,40.578,27.029,10.285,10.291
20241115151535.1,2017.04299226403,16.44,16.988,40.549,26.99,10.293,10.295
20241115151535.6,2017.5429996103,16.412,16.794,40.509,26.96,10.309,10.317
20241115151536.1,2018.05499643087,16.62,16.655,40.499,26.931,10.285,10.295
20241115151536.7,2018.56599748135,16.649,16.547,40.486,26.926,10.27,10.272
20241115151537.2,2019.07799430192,16.425,16.486,40.504,26.94,10.276,10.284
20241115151537.7,2019.57399845123,16.209,16.347,40.519,26.936,10.3,10.31
20241115151538.2,2020.06999254227,16.145,16.177,40.511,26.918,10.28,10.314
20241115151538.7,2020.58599255979,16.088,16.124,40.515,26.922,10.298,10.29
20241115151539.2,2021.09799943864,15.999,16.128,40.482,26.881,10.28,10.28
20241115151539.7,2021.59799672663,16.048,16.098,40.488,26.897,10.31,10.29
20241115151540.2,2022.10499458015,16.102,16.141,40.502,26.918,10.282,10.312
20241115151540.7,2022.60499186814,16.1,16.294,40.568,26.942,10.296,10.286
20241115151541.2,2023.11699874699,16.11,16.391,40.599,26.951,10.274,10.296
20241115151541.7,2023.61699603498,16.13,16.613,40.655,26.967,10.294,10.3
20241115151542.2,2024.11699332297,16.191,16.567,40.659,26.977,10.296,10.312
20241115151542.7,2024.64399710298,16.31,16.526,40.705,26.963,10.272,10.29
20241115151543.2,2025.14099702239,16.365,16.353,40.728,26.955,10.288,10.294
20241115151543.7,2025.63700117171,16.405,16.312,40.753,26.963,10.29,10.308
20241115151544.2,2026.15199536085,16.393,16.185,40.732,26.953,10.286,10.304
20241115151544.7,2026.65199264884,16.343,16.292,40.75,26.961,10.276,10.312
20241115151545.2,2027.15199999511,16.308,16.429,40.746,26.965,10.274,10.304
20241115151545.8,2027.66399681568,16.423,16.431,40.786,26.955,10.294,10.282
20241115151546.3,2028.19499373436,16.575,16.409,40.804,26.961,10.3,10.286
20241115151546.8,2028.69500108063,16.722,16.304,40.792,26.944,10.286,10.296
20241115151547.3,2029.19099517167,16.771,16.201,40.792,26.959,10.286,10.288
20241115151547.8,2029.69499565661,16.797,16.213,40.81,26.974,10.295,10.289
20241115151548.3,2030.21099567413,16.737,16.465,40.84,26.974,10.293,10.305
20241115151548.8,2030.7229924947,16.6,16.632,40.915,27.013,10.295,10.277
20241115151549.3,2031.22299984097,16.471,16.64,40.944,27.031,10.291,10.299
20241115151549.8,2031.71899393201,16.404,16.701,40.998,27.045,10.291,10.313
20241115151550.3,2032.22999498248,16.374,16.739,41.045,27.096,10.295,10.317
20241115151550.8,2032.74199180305,16.335,16.81,41.109,27.127,10.293,10.319
20241115151551.3,2033.24199914932,16.36,16.937,41.155,27.164,10.317,10.307
20241115151551.8,2033.74199643731,16.38,16.883,41.206,27.199,10.307,10.315
20241115151552.3,2034.25799645483,16.455,16.871,41.266,27.227,10.311,10.305
20241115151552.9,2034.76899750531,16.545,16.794,41.331,27.278,10.301,10.301
20241115151553.4,2035.26599742472,16.731,16.786,41.355,27.292,10.303,10.303
20241115151553.9,2035.76599471271,16.816,16.84,41.366,27.299,10.295,10.295
20241115151554.4,2036.28099896014,16.867,16.937,41.405,27.313,10.305,10.307
20241115151554.9,2036.79699897766,16.774,16.97,41.444,27.325,10.301,10.309
20241115151555.4,2037.30899579823,17.02,16.966,41.453,27.337,10.307,10.307
20241115151555.9,2037.83599957824,17.265,16.978,41.484,27.354,10.309,10.307
20241115151556.4,2038.35199959576,17.071,17.048,41.496,27.356,10.309,10.309
20241115151556.9,2038.8479936868,17.004,17.04,41.543,27.348,10.311,10.319
20241115151557.4,2039.36299793422,16.844,17.024,41.57,27.339,10.323,10.313
20241115151558,2039.87899795175,16.735,16.994,41.554,27.352,10.313,10.313
20241115151558.5,2040.37899523973,16.96,16.953,41.566,27.331,10.299,10.313
20241115151559,2040.87899252772,16.941,16.931,41.61,27.34,10.317,10.305
20241115151559.5,2041.38699620962,16.826,16.754,41.635,27.362,10.281,10.307
20241115151560,2041.89799726009,16.669,16.751,41.726,27.395,10.313,10.301
20241115151600.5,2042.40999408066,16.598,16.933,41.74,27.403,10.313,10.307
20241115151601,2042.91000142694,16.653,16.84,41.79,27.421,10.287,10.309
20241115151601.5,2043.42600144446,16.572,16.707,41.813,27.438,10.307,10.301
20241115151602,2043.93699243665,16.556,16.584,41.86,27.456,10.295,10.321
20241115151602.5,2044.43699978292,16.592,16.554,41.902,27.454,10.297,10.325
20241115151603,2044.93399970233,16.663,16.503,41.924,27.454,10.293,10.319
20241115151603.5,2045.43399699032,16.651,16.602,41.931,27.479,10.287,10.337
20241115151604,2045.93000113964,16.685,16.657,41.939,27.47,10.295,10.311
20241115151604.5,2046.44499532878,16.915,16.673,41.928,27.468,10.297,10.313
20241115151605,2046.94499261677,16.885,16.608,41.914,27.483,10.319,10.303
20241115151605.5,2047.4609926343,16.754,16.707,41.966,27.475,10.307,10.309
20241115151606.1,2047.97299951315,16.681,16.667,42.011,27.491,10.303,10.309
20241115151606.6,2048.48400056362,16.8,16.796,42.032,27.493,10.305,10.317
20241115151607.1,2048.98399785161,16.901,16.784,42.057,27.509,10.315,10.305
20241115151607.6,2049.49999786913,16.78,16.718,42.122,27.535,10.31,10.306
20241115151608.1,2049.99999515712,16.686,16.801,42.112,27.537,10.308,10.33
20241115151608.6,2050.50399564207,16.561,16.777,42.138,27.549,10.29,10.312
20241115151609.1,2051.00399293005,16.47,16.831,42.155,27.539,10.286,10.314
20241115151609.6,2051.50400027633,16.417,16.795,42.194,27.543,10.3,10.302
20241115151610.1,2052.01899446547,16.365,16.749,42.238,27.551,10.3,10.328
20241115151610.6,2052.51899175346,16.32,16.686,42.263,27.553,10.294,10.312
20241115151611.1,2053.0229922384,16.359,16.531,42.318,27.545,10.298,10.318
20241115151611.6,2053.52299958467,16.367,16.425,42.31,27.574,10.292,10.298
20241115151612.1,2054.03499640524,16.371,16.409,42.383,27.582,10.298,10.336
20241115151612.6,2054.55499961972,16.486,16.506,42.372,27.584,10.296,10.3
20241115151613.1,2055.05499690771,16.593,16.423,42.354,27.588,10.318,10.312
20241115151613.6,2055.55100105703,16.603,16.298,42.412,27.568,10.298,10.332
20241115151614.2,2056.06599524617,16.472,16.363,42.436,27.594,10.294,10.31
20241115151614.7,2056.57399892807,16.377,16.335,42.436,27.582,10.298,10.296
20241115151615.2,2057.07799941301,16.375,16.446,42.455,27.604,10.296,10.328
20241115151615.7,2057.577996701,16.395,16.553,42.459,27.596,10.304,10.32
20241115151616.2,2058.09399671853,16.395,16.589,42.457,27.602,10.296,10.318
20241115151616.7,2058.60900096595,16.359,16.638,42.488,27.621,10.298,10.322
20241115151617.2,2059.10899825394,16.478,16.531,42.507,27.615,10.296,10.292
20241115151617.7,2059.62099507451,16.472,16.609,42.529,27.633,10.294,10.318
20241115151618.2,2060.13299189508,16.478,16.476,42.531,27.631,10.298,10.318
20241115151618.7,2060.63699238002,16.448,16.405,42.592,27.647,10.304,10.326
20241115151619.2,2061.15199662745,16.44,16.403,42.604,27.633,10.308,10.318
20241115151619.8,2061.66399344802,16.49,16.488,42.625,27.653,10.286,10.31
20241115151620.3,2062.16799393296,16.551,16.561,42.651,27.657,10.296,10.312
20241115151620.8,2062.67599761486,16.591,16.476,42.691,27.662,10.296,10.326
20241115151621.3,2063.18699866533,16.654,16.24,42.743,27.696,10.308,10.31
20241115151621.8,2063.69099915028,16.9,16.316,42.747,27.68,10.31,10.318
20241115151622.3,2064.19499963522,16.902,16.377,42.796,27.698,10.298,10.322
20241115151622.8,2064.71899598837,16.933,16.415,42.836,27.715,10.29,10.322
20241115151623.3,2065.22999703884,16.989,16.53,42.856,27.729,10.322,10.312
20241115151623.8,2065.73800072074,17.096,16.739,42.931,27.762,10.306,10.324
20241115151624.3,2066.25400073826,17.193,16.918,43.003,27.764,10.308,10.324
20241115151624.9,2066.76899492741,17.219,16.965,43.071,27.802,10.316,10.33
20241115151625.4,2067.28099174798,16.991,17.096,43.082,27.803,10.312,10.316
20241115151625.9,2067.78499223292,16.866,17.159,43.075,27.786,10.32,10.32
20241115151626.4,2068.29299591482,16.777,17.096,43.078,27.792,10.304,10.308
20241115151626.9,2068.80499273539,16.731,16.892,43.102,27.835,10.296,10.306
20241115151627.4,2069.30500008166,16.644,16.854,43.117,27.835,10.308,10.308
20241115151627.9,2069.80099417269,16.589,16.805,43.173,27.86,10.288,10.328
20241115151628.4,2070.30100151896,16.545,16.72,43.204,27.866,10.33,10.31
20241115151628.9,2070.81199251115,16.575,16.664,43.239,27.882,10.308,10.322
20241115151629.4,2071.31199985743,16.603,16.638,43.276,27.888,10.308,10.322
20241115151629.9,2071.82799987495,16.569,16.417,43.332,27.923,10.306,10.326
20241115151630.4,2072.34399989247,16.571,16.413,43.344,27.923,10.308,10.306
20241115151630.9,2072.84399718046,16.573,16.328,43.388,27.935,10.304,10.304
20241115151631.4,2073.35499823093,16.561,16.179,43.437,27.941,10.292,10.312
20241115151631.9,2073.85499551892,16.585,16.438,43.456,27.99,10.296,10.312
20241115151632.4,2074.35499280691,16.789,16.557,43.483,27.993,10.316,10.312
20241115151633,2074.87499602139,16.712,16.613,43.535,28.017,10.308,10.312
20241115151633.5,2075.38299970329,16.745,16.676,43.599,28.017,10.314,10.306
20241115151634,2075.89799389243,16.785,16.761,43.636,28.033,10.31,10.298
20241115151634.5,2076.41399390996,16.844,16.648,43.648,28.015,10.306,10.296
20241115151635,2076.92999392748,16.957,16.63,43.677,28.033,10.31,10.316
20241115151635.5,2077.44499817491,17.058,16.632,43.69,28.042,10.308,10.316
20241115151636,2077.94499546289,16.868,16.49,43.69,28.015,10.3,10.32
20241115151636.5,2078.45699228346,16.749,16.676,43.74,28.048,10.306,10.312
20241115151637.1,2078.97299230099,16.666,16.593,43.76,28.051,10.289,10.295
20241115151637.6,2079.47299964726,16.588,16.38,43.792,28.075,10.309,10.317
20241115151638.1,2079.9879938364,16.523,16.364,43.794,28.073,10.303,10.323
20241115151638.6,2080.50399385393,16.493,16.352,43.848,28.096,10.291,10.313
20241115151639.1,2081.01600073278,16.457,16.487,43.84,28.1,10.313,10.331
20241115151639.6,2081.53099492192,16.509,16.372,43.881,28.1,10.321,10.325
20241115151640.1,2082.03099220991,16.455,16.378,43.927,28.108,10.277,10.301
20241115151640.6,2082.54299908876,16.463,16.392,43.97,28.116,10.323,10.319
20241115151641.1,2083.05499590933,16.523,16.509,43.989,28.149,10.303,10.333
20241115151641.6,2083.55899639428,16.574,16.608,44.044,28.151,10.301,10.319
20241115151642.2,2084.06599424779,16.61,16.711,44.092,28.2,10.293,10.321
20241115151642.7,2084.58199426532,16.655,16.764,44.136,28.206,10.311,10.321
20241115151643.2,2085.08200161159,16.709,16.826,44.179,28.214,10.311,10.319
20241115151643.7,2085.59399843216,16.802,16.958,44.237,28.228,10.315,10.315
20241115151644.2,2086.1089926213,16.851,17.081,44.251,28.23,10.295,10.333
20241115151644.7,2086.60899996758,16.816,17.2,44.26,28.241,10.283,10.317
20241115151645.2,2087.10899725556,16.768,17.297,44.28,28.241,10.311,10.325
20241115151645.7,2087.63299360871,16.746,17.289,44.278,28.243,10.283,10.311
20241115151646.2,2088.13699409366,16.715,17.301,44.299,28.232,10.293,10.327
20241115151646.7,2088.63299824297,16.574,17.362,44.32,28.243,10.299,10.333
20241115151647.2,2089.15199562907,16.42,17.297,44.328,28.245,10.299,10.305
20241115151647.8,2089.66399244964,16.291,17.234,44.336,28.257,10.299,10.321
20241115151648.2,2090.15999659896,16.259,17.182,44.365,28.214,10.297,10.311
20241115151648.7,2090.65999388695,16.301,17.099,44.38,28.237,10.287,10.325
20241115151649.3,2091.17599390447,16.327,17.002,44.407,28.259,10.301,10.321
20241115151649.8,2091.68399758637,16.594,16.897,44.469,28.316,10.311,10.323
20241115151650.3,2092.19499863684,16.691,16.937,44.526,28.318,10.292,10.308
20241115151650.8,2092.71099865437,16.71,16.838,44.532,28.303,10.314,10.328
20241115151651.3,2093.22699867189,16.743,16.922,44.571,28.338,10.304,10.314
20241115151651.8,2093.73799972236,16.823,16.868,44.641,28.348,10.292,10.296
20241115151652.3,2094.2339938134,16.834,16.811,44.681,28.368,10.294,10.306
20241115151652.8,2094.75800022483,16.72,16.815,44.757,28.391,10.304,10.302
20241115151653.4,2095.2690012753,16.613,16.906,44.819,28.399,10.29,10.324
20241115151653.9,2095.78099809587,16.63,16.949,44.823,28.403,10.298,10.29
20241115151654.4,2096.28499858081,16.654,16.902,44.823,28.381,10.29,10.302
20241115151654.9,2096.79699540138,16.714,16.894,44.78,28.358,10.302,10.32
20241115151655.4,2097.29699268937,16.646,16.876,44.823,28.377,10.306,10.304
20241115151655.9,2097.80899956822,16.563,16.852,44.869,28.416,10.312,10.316
20241115151656.4,2098.31599742174,16.528,16.684,44.873,28.385,10.282,10.308
20241115151656.9,2098.82799424231,16.444,16.595,44.948,28.43,10.298,10.3
20241115151657.4,2099.32800158858,16.278,16.526,44.97,28.428,10.296,10.31
20241115151657.9,2099.83999840915,16.238,16.668,45.043,28.434,10.308,10.31
20241115151658.4,2100.35199522972,16.266,16.45,45.039,28.45,10.286,10.298
20241115151658.9,2100.84799937904,16.339,16.605,45.039,28.448,10.294,10.316
20241115151659.4,2101.34799666703,16.474,16.68,45.018,28.436,10.298,10.312
20241115151659.9,2101.86300091445,16.308,16.528,45.028,28.43,10.29,10.32
20241115151700.5,2102.37900093198,16.25,16.603,45.036,28.416,10.292,10.32
20241115151701,2102.90200151503,16.238,16.747,45.039,28.401,10.306,10.29
20241115151701.5,2103.41800153255,16.254,16.63,45.065,28.452,10.292,10.314
20241115151702,2103.92199195921,16.349,16.761,45.113,28.452,10.306,10.318
20241115151702.5,2104.43399883807,16.579,16.702,45.125,28.444,10.298,10.312
20241115151703,2104.94499988854,16.718,16.763,45.163,28.436,10.302,10.3
20241115151703.5,2105.44499717653,16.658,16.579,45.189,28.448,10.304,10.31
20241115151704,2105.96099719405,16.836,16.474,45.198,28.483,10.294,10.318
20241115151704.5,2106.46099448204,16.866,16.559,45.272,28.485,10.304,10.296
20241115151705.1,2106.98799826205,17.017,16.535,45.299,28.518,10.3,10.314
20241115151705.6,2107.50800147653,16.91,16.563,45.349,28.548,10.304,10.302
20241115151706.1,2108.00799876451,16.886,16.678,45.384,28.569,10.32,10.298
20241115151706.6,2108.51899981499,16.819,16.801,45.429,28.606,10.298,10.314
20241115151707.1,2109.01899710298,16.761,16.854,45.454,28.608,10.304,10.334
20241115151707.6,2109.5349971205,16.67,16.892,45.516,28.638,10.3,10.314
20241115151708.1,2110.05500033498,16.591,17.029,45.535,28.65,10.302,10.308
20241115151708.7,2110.5819940567,16.571,16.967,45.607,28.659,10.306,10.298
20241115151709.2,2111.09799407423,16.498,17.062,45.705,28.683,10.3,10.328
20241115151709.7,2111.58999502659,16.535,17.042,45.727,28.681,10.306,10.306
20241115151710.2,2112.10499927402,16.688,16.943,45.731,28.638,10.304,10.322
20241115151710.7,2112.61299289763,16.684,16.516,45.723,28.62,10.296,10.324
20241115151711.2,2113.11699338257,16.664,16.381,45.748,28.599,10.318,10.318
20241115151711.7,2113.62099386752,16.811,16.387,45.793,28.601,10.31,10.308
20241115151712.2,2114.13300074637,16.888,16.504,45.868,28.603,10.306,10.332
20241115151712.7,2114.63700123131,16.799,16.498,45.957,28.599,10.318,10.322
20241115151713.2,2115.15599861741,16.678,16.345,45.963,28.622,10.306,10.306
20241115151713.7,2115.6559959054,16.696,16.33,45.971,28.632,10.314,10.312
20241115151714.2,2116.15999639034,16.688,16.31,45.992,28.646,10.3,10.31
20241115151714.8,2116.67999960482,16.724,16.381,46.069,28.677,10.298,10.316
20241115151715.3,2117.17599369586,16.704,16.537,46.108,28.685,10.296,10.306
20241115151715.8,2117.68699474633,16.72,16.599,46.151,28.687,10.31,10.312
20241115151716.3,2118.20299476385,16.803,16.672,46.187,28.714,10.294,10.322
20241115151716.8,2118.70299205184,16.813,16.664,46.17,28.71,10.316,10.314
20241115151717.3,2119.21499893069,16.696,16.397,46.184,28.704,10.312,10.334
20241115151717.8,2119.71499621868,16.7,16.468,46.234,28.732,10.314,10.298
20241115151718.3,2120.21499350667,16.692,16.421,46.267,28.714,10.32,10.312
20241115151718.8,2120.71500085294,16.908,16.526,46.292,28.72,10.302,10.316
20241115151719.3,2121.22999504209,17.023,16.403,46.344,28.726,10.322,10.304
20241115151719.8,2121.74199186265,16.842,16.429,46.406,28.734,10.298,10.316
20241115151720.3,2122.24199920893,16.676,16.26,46.464,28.767,10.308,10.308
20241115151720.8,2122.76199236512,16.5,16.05,46.52,28.777,10.306,10.314
20241115151721.4,2123.27299341559,16.504,15.953,46.536,28.798,10.298,10.302
20241115151721.9,2123.79299663007,16.526,16.12,46.575,28.793,10.294,10.326
20241115151722.4,2124.30499345064,16.478,16.229,46.637,28.814,10.306,10.312
20241115151722.9,2124.80099759996,16.684,16.399,46.627,28.804,10.322,10.31
20241115151723.4,2125.30099488795,16.928,16.399,46.633,28.816,10.308,10.316
20241115151723.9,2125.81999227405,16.832,16.383,46.689,28.814,10.304,10.298
20241115151724.4,2126.33599229157,16.692,16.288,46.681,28.814,10.306,10.318
20241115151724.9,2126.84799917042,16.617,16.353,46.695,28.843,10.318,10.332
20241115151725.4,2127.34799645841,16.7,16.545,46.708,28.832,10.31,10.324
20241115151725.9,2127.85899750888,16.65,16.648,46.755,28.863,10.314,10.294
20241115151726.5,2128.37499752641,16.672,16.627,46.789,28.89,10.304,10.316
20241115151727,2128.88300120831,16.615,16.66,46.859,28.912,10.302,10.316
20241115151727.5,2129.38700169325,16.545,16.714,46.906,28.941,10.314,10.31
20241115151728,2129.90599907935,16.486,16.71,46.96,28.937,10.304,10.318
20241115151728.5,2130.40999956429,16.569,16.904,47.016,28.945,10.29,10.32
20241115151729,2130.90999685228,16.567,16.797,47.02,28.949,10.308,10.328
20241115151729.5,2131.41399733722,16.528,16.807,47.101,28.959,10.318,10.32
20241115151730,2131.91399462521,16.662,16.704,47.153,28.945,10.314,10.308
20241115151730.5,2132.41799511015,16.654,16.64,47.219,28.967,10.298,10.322
20241115151731,2132.91399925947,16.601,16.522,47.275,28.99,10.32,10.324
20241115151731.5,2133.42199288309,16.549,16.526,47.273,28.971,10.302,10.318
20241115151732,2133.94899666309,16.629,16.419,47.26,28.955,10.32,10.324
20241115151732.5,2134.45700034499,16.593,16.553,47.258,28.977,10.314,10.304
20241115151733.1,2134.97300036252,16.636,16.619,47.289,28.983,10.326,10.324
20241115151733.6,2135.47700084746,16.601,16.666,47.302,28.992,10.32,10.334
20241115151734.1,2135.97999550402,16.652,16.662,47.332,28.983,10.306,10.302
20241115151734.6,2136.49199232459,16.575,16.682,47.283,28.947,10.326,10.31
20241115151735.1,2136.99199967086,16.434,16.672,47.277,28.951,10.314,10.33
20241115151735.6,2137.50799968839,16.359,16.51,47.295,28.949,10.314,10.304
20241115151736.1,2138.01200017333,16.244,16.389,47.235,28.908,10.31,10.318
20241115151736.6,2138.5230012238,16.197,16.225,47.25,28.918,10.316,10.32
20241115151737.1,2139.03900124133,15.999,16.246,47.268,28.92,10.318,10.326
20241115151737.6,2139.55500125885,15.963,16.044,47.273,28.928,10.31,10.322
20241115151738.2,2140.06599225104,15.856,16.078,47.281,28.924,10.314,10.316
20241115151738.7,2140.57799912989,15.795,16.122,47.306,28.943,10.306,10.318
20241115151739.2,2141.07799641788,15.775,16.102,47.355,28.955,10.314,10.324
20241115151739.7,2141.59799963236,15.747,16.353,47.421,28.969,10.32,10.31
20241115151740.2,2142.10900068283,15.729,16.466,47.515,29,10.31,10.328
20241115151740.7,2142.62899383903,15.737,16.355,47.562,29.024,10.308,10.332
20241115151741.2,2143.14100071788,15.791,16.337,47.641,29.026,10.308,10.326
20241115151741.7,2143.65599490702,15.846,16.318,47.707,29.065,10.316,10.312
20241115151742.3,2144.17199492455,15.971,16.429,47.812,29.108,10.338,10.32
20241115151742.8,2144.67199221253,16.042,16.468,47.856,29.155,10.322,10.344
20241115151743.3,2145.18699645996,16.025,16.654,47.902,29.161,10.32,10.318
20241115151743.8,2145.68699374795,16.112,16.751,47.931,29.157,10.316,10.336
20241115151744.3,2146.19099423289,16.102,16.619,47.971,29.172,10.322,10.326
20241115151744.8,2146.70699425042,16.203,16.632,48.023,29.192,10.316,10.306
20241115151745.3,2147.21099473536,16.3,16.571,48.071,29.235,10.308,10.318
20241115151745.8,2147.72300161421,16.365,16.583,48.138,29.251,10.318,10.33
20241115151746.3,2148.2339926064,16.401,16.642,48.188,29.268,10.326,10.32
20241115151746.8,2148.73799309134,16.375,16.66,48.207,29.274,10.31,10.316
20241115151747.3,2149.25799630582,16.328,16.642,48.238,29.263,10.33,10.318
20241115151747.9,2149.77300055325,16.337,16.648,48.303,29.267,10.316,10.312
20241115151748.4,2150.28499737382,16.442,16.627,48.316,29.29,10.322,10.324
20241115151748.9,2150.80099739134,16.343,16.528,48.374,29.28,10.324,10.324
20241115151749.4,2151.31199844182,16.452,16.46,48.443,29.321,10.328,10.316
20241115151749.9,2151.82399526238,16.409,16.464,48.506,29.333,10.306,10.322
20241115151750.4,2152.34399847686,16.361,16.634,48.527,29.341,10.3,10.316
20241115151750.9,2152.84399576485,16.316,16.728,48.531,29.319,10.316,10.332
20241115151751.4,2153.35900001228,16.524,16.773,48.575,29.335,10.332,10.322
20241115151751.9,2153.86300049722,16.767,16.888,48.627,29.357,10.322,10.312
20241115151752.5,2154.37900051475,16.815,17.029,48.679,29.372,10.32,10.328
20241115151753,2154.89099733531,16.884,16.787,48.694,29.388,10.312,10.312
20241115151753.5,2155.40199838579,16.771,16.415,48.744,29.384,10.3,10.326
20241115151754,2155.90199567378,16.771,16.318,48.807,29.392,10.316,10.334
20241115151754.5,2156.40199296176,16.763,16.508,48.836,29.419,10.318,10.33
20241115151755,2156.91799297929,16.862,16.66,48.877,29.445,10.316,10.324
20241115151755.5,2157.43399299681,16.963,16.46,48.924,29.435,10.34,10.322
20241115151756,2157.93699771166,17.034,16.385,48.967,29.449,10.316,10.322
20241115151756.5,2158.45299772918,16.983,16.508,48.972,29.427,10.308,10.316
20241115151757,2158.95299501717,16.971,16.613,49.017,29.435,10.306,10.32
20241115151757.6,2159.47999879718,17.1,16.573,49.001,29.419,10.326,10.318
20241115151758.1,2160.00000201166,17.274,16.561,49.017,29.439,10.324,10.332
20241115151758.6,2160.49999929965,17.088,16.444,49.047,29.443,10.314,10.334
20241115151759.1,2160.99999658763,16.815,16.476,49.053,29.458,10.326,10.314
20241115151759.6,2161.49999387562,16.674,16.46,49.095,29.46,10.33,10.322
20241115151800.1,2162.00399436057,16.629,16.337,49.143,29.47,10.318,10.314
20241115151800.6,2162.51199804246,16.559,16.373,49.203,29.513,10.336,10.34
20241115151801.1,2163.02299909294,16.531,16.264,49.264,29.5,10.324,10.324
20241115151801.6,2163.55099864304,16.484,16.096,49.297,29.468,10.322,10.338
20241115151802.2,2164.06599283218,16.454,16.183,49.329,29.476,10.316,10.312
20241115151802.7,2164.56600017846,16.514,16.339,49.354,29.492,10.314,10.33
20241115151803.2,2165.08200019598,16.581,16.452,49.429,29.531,10.314,10.336
20241115151803.7,2165.58600068092,16.605,16.333,49.498,29.543,10.344,10.342
20241115151804.2,2166.1169975996,16.636,16.302,49.559,29.554,10.33,10.324
20241115151804.7,2166.62899442017,16.755,16.187,49.627,29.572,10.33,10.322
20241115151805.2,2167.13299490511,16.745,16.092,49.68,29.568,10.322,10.322
20241115151805.7,2167.63699539006,16.524,16.036,49.717,29.598,10.324,10.33
20241115151806.2,2168.13699267805,16.44,16.27,49.776,29.586,10.318,10.332
20241115151806.7,2168.64099316299,16.383,16.333,49.818,29.594,10.308,10.33
20241115151807.2,2169.15599741042,16.369,16.381,49.916,29.635,10.318,10.34
20241115151807.8,2169.66799423099,16.282,16.446,50.049,29.664,10.318,10.314
20241115151808.3,2170.17199471593,16.157,16.48,50.15,29.67,10.338,10.312
20241115151808.8,2170.68400159478,16.044,16.551,50.24,29.715,10.324,10.332
20241115151809.3,2171.20299898088,15.949,16.66,50.332,29.744,10.326,10.33
20241115151809.8,2171.72299213707,15.878,16.694,50.403,29.774,10.314,10.32
20241115151810.3,2172.2379963845,15.933,16.385,50.457,29.774,10.328,10.332
20241115151810.8,2172.75399640203,15.987,16.351,50.53,29.803,10.32,10.302
20241115151811.4,2173.26599322259,16.064,16.335,50.614,29.813,10.334,10.326
20241115151811.9,2173.78099747002,16.032,16.409,50.716,29.842,10.332,10.334
20241115151812.4,2174.3010006845,15.963,16.413,50.812,29.864,10.322,10.334
20241115151812.9,2174.81199167669,15.989,16.373,50.862,29.883,10.316,10.328
20241115151813.4,2175.32399855554,16.001,16.403,50.904,29.907,10.332,10.336
20241115151813.9,2175.84399171174,16.131,16.108,50.923,29.903,10.306,10.338
20241115151814.4,2176.35499276221,16.137,16.019,50.992,29.901,10.33,10.332
20241115151814.9,2176.85899324715,16.175,16.13,51.015,29.915,10.324,10.324
20241115151815.5,2177.37499326468,16.12,16.27,51.067,29.901,10.324,10.338
20241115151816,2177.87500061095,16.135,16.225,51.104,29.909,10.322,10.328
20241115151816.5,2178.39100062847,16.128,16.09,51.215,29.942,10.336,10.332
20241115151817,2178.90200167894,16.137,16.139,51.272,29.929,10.32,10.34
20241115151817.5,2179.4059921056,16.118,16.084,51.33,29.956,10.332,10.326
20241115151818,2179.90999259055,16.116,16.058,51.378,29.956,10.322,10.326
20241115151818.5,2180.40599673986,16.131,16.034,51.41,29.956,10.32,10.34
20241115151819,2180.92599995434,16.151,16.058,51.447,29.987,10.326,10.326
20241115151819.5,2181.42599724233,16.193,16.197,51.478,29.987,10.33,10.346
20241115151820,2181.94100148976,16.205,16.399,51.514,29.981,10.324,10.326
20241115151820.5,2182.45299831033,16.189,16.383,51.537,29.97,10.324,10.324
20241115151821,2182.95699879527,16.167,16.421,51.531,29.991,10.324,10.355
20241115151821.6,2183.47700200975,16.126,16.452,51.558,29.981,10.322,10.34
20241115151822.1,2183.97699929774,16.13,16.256,51.579,29.976,10.306,10.338
20241115151822.6,2184.4799939543,16.122,16.322,51.644,29.985,10.316,10.332
20241115151823.1,2184.99200083315,16.116,16.272,51.694,30.005,10.3,10.328
20241115151823.6,2185.51199398935,16.157,16.33,51.742,29.976,10.34,10.338
20241115151824.1,2186.02299503982,16.143,16.452,51.823,30.003,10.338,10.334
20241115151824.6,2186.53500191867,16.177,16.306,51.877,30.019,10.328,10.336
20241115151825.1,2187.05099187791,16.197,16.411,51.965,30.034,10.324,10.342
20241115151825.6,2187.55499236286,16.231,16.545,52.051,30.034,10.308,10.338
20241115151826.1,2188.0589928478,16.25,16.551,52.136,30.06,10.34,10.334
20241115151826.7,2188.56999389827,16.256,16.539,52.191,30.048,10.328,10.338
20241115151827.2,2189.07399438322,16.282,16.411,52.276,30.097,10.314,10.338
20241115151827.7,2189.58999440074,16.324,16.438,52.356,30.095,10.314,10.316
20241115151828.2,2190.10200127959,16.294,16.514,52.425,30.115,10.32,10.34
20241115151828.7,2190.60199856758,16.391,16.587,52.508,30.138,10.336,10.342
20241115151829.2,2191.1289922893,16.434,16.636,52.596,30.15,10.316,10.344
20241115151829.7,2191.63299277425,16.434,16.68,52.64,30.164,10.332,10.336
20241115151830.2,2192.14099645615,16.407,16.704,52.676,30.146,10.336,10.334
20241115151830.7,2192.65999384224,16.405,16.704,52.669,30.124,10.326,10.332
20241115151831.2,2193.16000118852,16.428,16.723,52.768,30.13,10.328,10.306
20241115151831.7,2193.65999847651,16.349,16.735,52.803,30.156,10.31,10.32
20241115151832.3,2194.16799210012,16.418,16.672,52.874,30.171,10.338,10.318
20241115151832.8,2194.67999897897,16.385,16.64,52.977,30.189,10.31,10.334
20241115151833.3,2195.19899636507,16.347,16.718,53.045,30.207,10.324,10.326
20241115151833.8,2195.69899365306,16.363,16.702,53.083,30.177,10.296,10.33
20241115151834.3,2196.21499367058,16.508,16.577,53.119,30.181,10.328,10.324
20241115151834.8,2196.72999791801,16.579,16.579,53.15,30.177,10.308,10.334
20241115151835.3,2197.24599793553,16.555,16.555,53.125,30.161,10.318,10.334
20241115151835.8,2197.74999842048,16.518,16.418,53.179,30.148,10.322,10.316
20241115151836.3,2198.24999570847,16.559,16.422,53.256,30.179,10.32,10.324
20241115151836.9,2198.78899902105,16.638,16.575,53.279,30.16,10.31,10.326
20241115151837.4,2199.30499903858,16.581,16.731,53.325,30.187,10.322,10.336
20241115151837.9,2199.80499632657,16.626,16.884,53.394,30.185,10.314,10.332
20241115151838.4,2200.32000057399,16.577,17.038,53.476,30.199,10.318,10.33
20241115151838.9,2200.83600059152,16.553,17.102,53.605,30.216,10.328,10.328
20241115151839.4,2201.35499797761,16.44,17.009,53.708,30.246,10.318,10.312
20241115151839.9,2201.8549952656,16.474,16.985,53.791,30.277,10.304,10.316
20241115151840.5,2202.38299481571,16.46,16.9,53.877,30.297,10.32,10.324
20241115151841,2202.89399586618,16.456,16.874,54.009,30.342,10.32,10.328
20241115151841.5,2203.39799635112,16.466,16.89,54.1,30.336,10.308,10.328
20241115151842,2203.91399636865,16.434,16.914,54.199,30.369,10.324,10.326
20241115151842.5,2204.41799685359,16.422,17.005,54.313,30.404,10.32,10.322
20241115151843,2204.9450006336,16.472,17.066,54.46,30.418,10.324,10.346
20241115151843.5,2205.44900111854,16.575,17.193,54.518,30.428,10.31,10.338
20241115151844.1,2205.96500113606,16.674,17.238,54.602,30.436,10.33,10.332
20241115151844.6,2206.49599805474,16.822,17.11,54.733,30.477,10.33,10.316
20241115151845.1,2206.99599534273,16.894,17.08,54.853,30.479,10.306,10.33
20241115151845.6,2207.49599263072,17.03,17.131,54.953,30.512,10.326,10.33
20241115151846.1,2208.00799950957,17.147,17.221,54.988,30.508,10.318,10.332
20241115151846.6,2208.52299369872,17.264,17.193,55.055,30.516,10.32,10.32
20241115151847.1,2209.05499644578,17.409,17.191,55.164,30.547,10.324,10.328
20241115151847.6,2209.55499373376,17.298,17.197,55.297,30.557,10.316,10.314
20241115151848.2,2210.06999798119,17.179,17.278,55.414,30.596,10.316,10.316
20241115151848.7,2210.58599799871,17.155,17.323,55.475,30.6,10.31,10.332
20241115151849.2,2211.10199801624,17.08,17.327,55.603,30.639,10.32,10.316
20241115151849.7,2211.61299906671,17.07,17.076,55.742,30.673,10.306,10.334
20241115151850.2,2212.1129963547,17.092,16.997,55.891,30.682,10.328,10.318
20241115151850.7,2212.63299956918,17.149,17.137,55.997,30.684,10.314,10.318
20241115151851.2,2213.13700005412,17.143,17.203,56.148,30.731,10.294,10.336
20241115151851.7,2213.65199424326,17.173,17.26,56.263,30.728,10.322,10.326
20241115151852.3,2214.16400112212,17.29,17.222,56.377,30.769,10.32,10.304
20241115151852.8,2214.68000113964,17.304,17.256,56.442,30.794,10.316,10.338
20241115151853.3,2215.19499532878,17.314,17.331,56.559,30.8,10.326,10.32
20241115151853.8,2215.71099534631,17.308,17.345,56.634,30.839,10.314,10.354
20241115151854.3,2216.22699536383,17.229,17.397,56.693,30.837,10.328,10.344
20241115151854.8,2216.7379964143,17.163,17.425,56.754,30.857,10.332,10.334
20241115151855.3,2217.25799962878,17.205,17.403,56.816,30.839,10.326,10.334
20241115151855.9,2217.76900067925,17.07,17.411,56.891,30.863,10.322,10.33
20241115151856.4,2218.28500069678,16.937,17.438,57.008,30.882,10.324,10.332
20241115151856.9,2218.8010007143,16.87,17.446,57.125,30.904,10.328,10.351
20241115151857.4,2219.31199170649,16.809,17.413,57.257,30.9,10.314,10.324
20241115151857.9,2219.83199492097,16.823,17.401,57.395,30.92,10.338,10.336
20241115151858.4,2220.34399174154,16.834,17.24,57.528,30.92,10.314,10.338
20241115151859,2220.86699232459,16.888,17.151,57.62,30.902,10.336,10.336
20241115151859.5,2221.38299234211,17.007,17.233,57.79,30.935,10.318,10.344
20241115151860,2221.89799658954,16.93,17.205,57.923,30.953,10.338,10.328
20241115151900.5,2222.40999341011,16.9,17.1,58.049,30.988,10.32,10.322
20241115151901,2222.92599342763,16.858,16.957,58.21,31.006,10.316,10.33
20241115151901.5,2223.43699447811,16.922,16.759,58.375,31.023,10.328,10.351
20241115151902,2223.95299449563,16.858,16.947,58.5,31.051,10.32,10.334
20241115151902.6,2224.46899451315,16.856,16.957,58.642,31.072,10.318,10.348
20241115151903.1,2224.98800195754,16.892,16.939,58.746,31.08,10.353,10.326
20241115151903.6,2225.50799511373,16.904,16.811,58.907,31.102,10.314,10.34
20241115151904.1,2226.02699249983,17.187,16.823,59.028,31.096,10.322,10.334
20241115151904.6,2226.53499618173,17.11,16.676,59.106,31.106,10.324,10.326
20241115151905.1,2227.05099619925,16.898,16.785,59.194,31.108,10.322,10.332
20241115151905.6,2227.56199724972,16.759,16.959,59.334,31.113,10.342,10.334
20241115151906.2,2228.0820004642,16.718,16.684,59.384,31.123,10.326,10.355
20241115151906.7,2228.59399728477,16.739,16.571,59.521,31.123,10.334,10.34
20241115151907.2,2229.1090015322,16.728,16.423,59.649,31.143,10.332,10.328
20241115151907.7,2229.62500154972,16.704,16.474,59.806,31.162,10.322,10.338
20241115151908.2,2230.14100156724,16.625,16.365,59.987,31.174,10.328,10.342
20241115151908.7,2230.65599575639,16.571,16.28,60.159,31.192,10.32,10.32
20241115151909.3,2231.17199577391,16.597,16.351,60.32,31.221,10.318,10.32
20241115151909.8,2231.68700002134,16.567,16.597,60.505,31.239,10.324,10.328
20241115151910.3,2232.19899684191,16.63,16.834,60.671,31.243,10.324,10.342
20241115151910.8,2232.71900005639,16.708,16.991,60.829,31.3,10.33,10.348
20241115151911.3,2233.23399424553,16.72,17.197,60.991,31.325,10.326,10.338
20241115151911.8,2233.75399746001,16.702,17.413,61.132,31.35,10.32,10.33
20241115151912.4,2234.26900170743,16.785,17.528,61.335,31.399,10.336,10.322
20241115151912.9,2234.780998528,16.658,17.462,61.495,31.38,10.302,10.324
20241115151913.4,2235.30100174248,16.601,17.403,61.617,31.382,10.316,10.342
20241115151913.9,2235.81199273467,16.514,17.367,61.797,31.364,10.32,10.328
20241115151914.4,2236.32799275219,16.52,17.363,61.928,31.368,10.33,10.324
20241115151914.9,2236.84799596667,16.539,17.335,62.108,31.384,10.302,10.344
20241115151915.5,2237.37499974668,16.615,17.436,62.276,31.376,10.314,10.332
20241115151916,2237.8909997642,16.654,17.492,62.434,31.397,10.314,10.33
20241115151916.5,2238.40200081468,16.676,17.533,62.594,31.39,10.33,10.328
20241115151917,2238.9180008322,16.749,17.524,62.789,31.407,10.33,10.342
20241115151917.5,2239.43400084972,16.829,17.484,62.957,31.409,10.328,10.353
20241115151918,2239.94899503887,16.918,17.425,63.125,31.419,10.328,10.324
20241115151918.5,2240.46100191772,16.858,17.333,63.323,31.427,10.322,10.328
20241115151919.1,2240.97999930382,17.078,17.24,63.52,31.423,10.3,10.336
20241115151919.6,2241.49199612439,16.924,17.023,63.698,31.431,10.324,10.342
20241115151920.1,2242.00799614191,16.781,17.038,63.919,31.454,10.32,10.338
20241115151920.6,2242.52300038934,16.714,17.066,64.11,31.497,10.326,10.336
20241115151921.1,2243.04299354553,16.668,17.112,64.329,31.495,10.324,10.328
20241115151921.6,2243.55899356306,16.579,17.046,64.585,31.525,10.33,10.33
20241115151922.2,2244.07399781048,16.565,17.062,64.803,31.552,10.33,10.344
20241115151922.7,2244.59400102496,16.569,17.056,65.026,31.562,10.324,10.306
20241115151923.2,2245.10499201715,16.587,17.032,65.261,31.562,10.332,10.334
20241115151923.7,2245.62099203467,16.423,17.124,65.434,31.562,10.31,10.316
20241115151924.2,2246.1369920522,16.32,17.231,65.633,31.552,10.32,10.34
20241115151924.7,2246.65199629962,16.254,17.278,65.804,31.535,10.324,10.32
20241115151925.3,2247.1719995141,16.231,17.234,66.014,31.568,10.334,10.318
20241115151925.8,2247.67599999905,16.234,17.205,66.18,31.535,10.332,10.326
20241115151926.3,2248.19099418819,16.26,17.185,66.404,31.519,10.318,10.324
20241115151926.8,2248.70300106704,16.434,17.173,66.64,31.525,10.306,10.328
20241115151927.3,2249.21900108457,16.539,17.135,66.976,31.556,10.316,10.316
20241115151927.8,2249.73799847066,16.672,17.118,67.261,31.576,10.324,10.332
20241115151928.3,2250.24999529123,16.686,17.064,67.598,31.642,10.314,10.318
20241115151928.9,2250.76599530876,16.648,17.086,67.919,31.672,10.324,10.334
20241115151929.4,2251.28499269485,16.569,17.086,68.257,31.723,10.314,10.318
20241115151929.9,2251.80499590933,16.565,17.233,68.61,31.785,10.332,10.334
20241115151930.4,2252.32000015676,16.63,17.318,68.9,31.822,10.322,10.344
20241115151930.9,2252.83999331295,16.731,17.33,69.2,31.807,10.322,10.314
20241115151931.4,2253.35200019181,16.941,17.236,69.431,31.824,10.326,10.324
20241115151932,2253.86699438095,16.937,17.181,69.732,31.834,10.316,10.328
20241115151932.5,2254.38299439847,16.838,17.211,70.053,31.866,10.326,10.332
20241115151933,2254.89399544895,16.88,17.389,70.322,31.864,10.324,10.334
20241115151933.5,2255.41399866343,16.896,17.504,70.557,31.856,10.334,10.326
20241115151934,2255.92599548399,16.791,17.472,70.851,31.869,10.326,10.334
20241115151934.5,2256.44099973142,16.66,17.195,71.127,31.864,10.322,10.328
20241115151935,2256.95299655199,16.504,17.124,71.448,31.868,10.33,10.328
20241115151935.6,2257.47299976647,16.478,17.088,71.748,31.864,10.328,10.348
20241115151936.1,2257.99199715257,16.504,16.967,72.097,31.883,10.324,10.344
20241115151936.6,2258.50799717009,16.53,16.678,72.465,31.893,10.324,10.33
20241115151937.1,2259.01899822056,16.496,16.559,72.851,31.905,10.33,10.346
20241115151937.6,2259.53499823809,16.678,16.557,73.228,31.926,10.302,10.32
20241115151938.1,2260.04699505866,16.848,16.409,73.6,31.936,10.338,10.354
20241115151938.7,2260.57399883866,16.682,16.351,73.951,31.942,10.312,10.328
20241115151939.2,2261.08999885619,16.626,16.274,74.279,31.936,10.322,10.314
20241115151939.7,2261.60499304533,16.617,16.284,74.634,31.922,10.324,10.322
20241115151940.2,2262.11699992418,16.644,16.391,75.012,31.944,10.312,10.324
20241115151940.7,2262.63299994171,16.668,16.399,75.437,31.932,10.318,10.34
20241115151941.2,2263.14799413085,16.561,16.549,75.851,31.95,10.318,10.328
20241115151941.8,2263.66799734533,16.549,16.723,76.308,31.956,10.332,10.346
20241115151942.3,2264.1799941659,16.494,16.601,76.758,31.959,10.322,10.316
20241115151942.8,2264.69499841332,16.521,16.426,77.193,31.977,10.316,10.338
20241115151943.3,2265.21099843085,16.512,16.377,77.538,31.948,10.316,10.35
20241115151943.8,2265.72699844837,16.424,16.371,77.996,31.946,10.338,10.324
20241115151944.3,2266.23799949884,16.418,16.472,78.433,31.936,10.318,10.324
20241115151944.8,2266.75399951637,16.494,16.486,78.982,31.911,10.332,10.324
20241115151945.4,2267.26899370551,16.466,16.569,79.486,31.928,10.34,10.32
20241115151945.9,2267.78499372303,16.428,16.537,80.006,31.938,10.342,10.32
20241115151946.4,2268.30099374056,16.403,16.306,80.525,31.969,10.33,10.306
20241115151946.9,2268.82000118494,16.399,16.369,81.061,31.981,10.318,10.326
20241115151947.4,2269.33600120246,16.417,16.442,81.608,32.04,10.316,10.326
20241115151947.9,2269.84799802303,16.413,16.343,82.114,32.059,10.32,10.324
20241115151948.4,2270.35899907351,16.397,16.482,82.665,32.089,10.306,10.332
20241115151949,2270.87099589407,16.458,16.512,83.248,32.083,10.328,10.328
20241115151949.5,2271.38299271464,16.432,16.377,83.895,32.085,10.338,10.336
20241115151950,2271.89799696207,16.47,16.48,84.568,32.146,10.332,10.355
20241115151950.5,2272.42999970913,16.44,16.714,85.262,32.142,10.318,10.34
20241115151951,2272.9410007596,16.426,16.88,85.886,32.146,10.336,10.33
20241115151951.5,2273.45700077713,16.403,16.939,86.552,32.147,10.326,10.344
20241115151952.1,2273.97300079465,16.409,16.961,87.185,32.165,10.334,10.33
20241115151952.6,2274.48799498379,16.385,16.902,87.839,32.163,10.32,10.342
20241115151953.1,2275.0159945339,16.381,16.747,88.509,32.167,10.314,10.328
20241115151953.6,2275.53099878132,16.454,16.799,89.212,32.159,10.322,10.348
20241115151954.1,2276.04299560189,16.395,16.771,89.926,32.159,10.334,10.33
20241115151954.6,2276.54699608684,16.361,16.781,90.603,32.169,10.334,10.308
20241115151955.1,2277.06200033426,16.367,16.743,91.33,32.175,10.312,10.32
20241115151955.7,2277.57399715483,16.327,16.682,92.083,32.196,10.33,10.338
20241115151956.2,2278.09400036931,16.391,16.583,92.888,32.21,10.316,10.32
20241115151956.7,2278.60899455845,16.343,16.494,93.768,32.21,10.33,10.328
20241115151957.2,2279.12100143731,16.337,16.492,94.631,32.216,10.326,10.316
20241115151957.7,2279.63700145483,16.446,16.555,95.57,32.194,10.324,10.342
20241115151958.2,2280.14799244702,16.518,16.537,96.453,32.196,10.338,10.344
20241115151958.7,2280.65599612892,16.438,16.474,97.341,32.204,10.326,10.34
20241115151959.3,2281.16799294949,16.403,16.432,98.278,32.222,10.32,10.348
20241115151959.8,2281.69899992645,16.345,16.454,99.305,32.224,10.314,10.322
20241115152000.3,2282.21899308264,16.45,16.417,100.313,32.249,10.328,10.326
20241115152000.8,2282.73399733007,16.476,16.426,101.407,32.261,10.334,10.322
20241115152001.3,2283.24599415064,16.468,16.422,102.507,32.29,10.348,10.334
20241115152001.9,2283.77299793065,16.345,16.49,103.709,32.304,10.33,10.342
20241115152002.4,2284.29300114512,16.337,16.48,104.869,32.341,10.352,10.334
20241115152002.9,2284.80099476874,16.319,16.51,106.033,32.355,10.334,10.348
20241115152003.4,2285.31599901617,16.325,16.563,107.329,32.355,10.324,10.334
20241115152003.9,2285.83199903369,16.329,16.549,108.566,32.373,10.33,10.346
20241115152004.4,2286.35499961674,16.43,16.496,109.772,32.386,10.332,10.344
20241115152005,2286.88699230552,16.494,16.444,110.978,32.408,10.338,10.336
20241115152005.5,2287.40199655294,16.537,16.529,112.161,32.404,10.33,10.35
20241115152006,2287.91799657047,16.516,16.444,113.399,32.431,10.33,10.34
20241115152006.5,2288.43399658799,16.498,16.628,114.681,32.445,10.318,10.336
20241115152007,2288.95299397409,16.535,16.765,116.005,32.455,10.312,10.336
20241115152007.6,2289.4799977541,16.557,16.81,117.326,32.478,10.338,10.328
20241115152008.1,2289.99199457467,16.545,16.684,118.668,32.476,10.33,10.326
20241115152008.6,2290.51199778914,16.61,16.606,120.001,32.482,10.32,10.316
20241115152009.1,2291.02299883962,16.725,16.658,121.34,32.5,10.33,10.33
20241115152009.6,2291.54299199581,16.872,16.628,122.756,32.492,10.322,10.318
20241115152010.1,2292.05499887466,17.04,16.761,124.116,32.492,10.318,10.342
20241115152010.7,2292.58599579334,16.993,16.783,125.624,32.502,10.342,10.318
20241115152011.2,2293.10199581087,16.86,16.761,126.988,32.504,10.328,10.326
20241115152011.8,2293.66399236023,16.636,16.757,128.629,32.525,10.316,10.298
20241115152012.3,2294.17999237776,16.519,16.721,130.132,32.529,10.32,10.314
20241115152012.8,2294.69499662519,16.444,16.674,131.791,32.537,10.326,10.308
20241115152013.3,2295.21099664271,16.379,16.573,133.463,32.521,10.328,10.316
20241115152013.8,2295.72299346328,16.329,16.436,135.096,32.531,10.326,10.322
20241115152014.3,2296.2379977107,16.341,16.385,136.566,32.488,10.318,10.308
20241115152014.8,2296.75399772823,16.351,16.311,138.119,32.445,10.322,10.328
20241115152015.4,2297.26900197566,16.351,16.181,139.812,32.404,10.318,10.34
20241115152015.9,2297.79700152576,16.488,16.097,141.696,32.333,10.308,10.346
20241115152016.4,2298.32399524748,16.359,16.131,143.14,32.229,10.314,10.33
20241115152016.9,2298.83999526501,16.264,16.153,144.374,32.204,10.33,10.332
20241115152017.4,2299.3589926511,16.28,16.181,145.775,32.229,10.31,10.328
20241115152018,2299.87899586558,16.301,16.216,147.178,32.204,10.314,10.32
20241115152018.5,2300.37899315357,16.327,16.23,148.973,32.192,10.314,10.322
20241115152019,2300.91000013053,16.408,16.385,150.559,32.179,10.34,10.326
20241115152019.5,2301.4219969511,16.525,16.436,152.307,32.196,10.33,10.338
20241115152020,2301.92599743605,16.497,16.307,154.032,32.22,10.314,10.324
20241115152020.5,2302.43699848652,16.501,16.288,155.821,32.269,10.32,10.304
20241115152021,2302.95299850404,16.45,16.402,157.781,32.31,10.318,10.322
20241115152021.6,2303.47300171852,16.377,16.486,159.72,32.333,10.338,10.342
20241115152022.1,2303.98799590766,16.426,16.492,161.69,32.374,10.31,10.322
20241115152022.6,2304.50399592519,16.507,16.187,163.65,32.396,10.298,10.318
20241115152023.1,2305.01900017262,16.573,16.254,165.682,32.423,10.308,10.326
20241115152023.6,2305.53500019014,16.62,16.361,167.85,32.476,10.312,10.344
20241115152024.1,2306.05100020766,16.678,16.44,169.844,32.486,10.312,10.3
20241115152024.7,2306.56599439681,16.723,16.513,171.947,32.517,10.31,10.306
20241115152025.2,2307.08199441433,16.826,16.428,174.011,32.545,10.308,10.306
20241115152025.7,2307.59799443185,16.864,16.594,176.182,32.586,10.322,10.306
20241115152026.2,2308.10899548233,16.893,16.751,178.421,32.617,10.295,10.308
20241115152026.7,2308.62499549985,16.907,16.826,180.71,32.629,10.31,10.328
20241115152027.2,2309.13699232042,16.872,16.88,182.878,32.654,10.314,10.32
20241115152027.7,2309.6559997648,16.759,16.895,185.074,32.711,10.328,10.308
20241115152028.3,2310.17199978232,16.731,16.979,187.328,32.768,10.316,10.316
20241115152028.8,2310.68699397147,16.779,17.014,189.535,32.782,10.314,10.328
20241115152029.3,2311.20299398899,16.844,17.044,191.794,32.846,10.316,10.322
20241115152029.8,2311.72299720347,16.814,17.062,194.119,32.86,10.312,10.328
20241115152030.3,2312.25000098348,16.804,16.923,196.453,32.846,10.328,10.332
20241115152030.8,2312.75400146842,16.785,16.826,198.583,32.862,10.316,10.316
20241115152031.3,2313.26199509203,16.743,16.686,200.795,32.86,10.334,10.31
20241115152031.9,2313.77699933946,16.729,16.787,202.95,32.86,10.324,10.332
20241115152032.4,2314.29699249566,16.777,16.904,205.271,32.901,10.324,10.336
20241115152032.9,2314.81199674308,16.904,16.985,207.628,32.913,10.338,10.338
20241115152033.4,2315.34399949014,16.943,17.022,210.146,32.923,10.334,10.34
20241115152033.9,2315.85899367929,16.957,17.082,212.813,32.933,10.338,10.34
20241115152034.5,2316.37899689376,16.969,17.119,215.647,32.927,10.326,10.336
20241115152035,2316.89400114119,16.854,17.145,218.616,32.903,10.336,10.336
20241115152035.5,2317.41000115871,16.951,17.082,221.485,32.951,10.324,10.361
20241115152036,2317.92600117624,16.931,16.983,224.241,32.982,10.332,10.336
20241115152036.5,2318.43699216843,16.941,17.12,226.528,32.998,10.32,10.334
20241115152037.1,2319.05100010335,16.866,16.977,229.137,33.005,10.34,10.33
20241115152037.6,2319.5550005883,16.763,16.949,231.527,33.027,10.34,10.33
20241115152038.2,2320.06600163877,16.609,16.874,233.614,33.029,10.344,10.34
20241115152038.7,2320.57799845934,16.535,16.739,235.827,33.084,10.328,10.338
20241115152039.2,2321.09399847686,16.399,16.662,238.343,33.093,10.346,10.352
20241115152039.7,2321.60899266601,16.26,16.587,240.261,33.123,10.318,10.324
20241115152040.2,2322.12899588048,16.24,16.537,243.153,33.127,10.336,10.322
20241115152040.7,2322.64099270105,16.24,16.547,245.707,33.152,10.336,10.34
20241115152041.2,2323.15599694848,16.296,16.565,248.34,33.174,10.32,10.334
20241115152041.8,2323.66799376905,16.321,16.636,250.687,33.148,10.324,10.34
20241115152042.3,2324.18399378657,16.377,16.668,253.027,33.135,10.334,10.336
20241115152042.8,2324.69499483705,16.385,16.759,255.313,33.14,10.312,10.32
20241115152043.3,2325.2070017159,16.462,16.83,257.405,33.154,10.31,10.314
20241115152043.8,2325.72699487209,16.531,16.872,259.542,33.168,10.308,10.32
20241115152044.3,2326.2539986521,16.591,16.919,261.898,33.168,10.316,10.32
20241115152044.9,2326.78099237382,16.599,16.842,264.073,33.187,10.322,10.336
20241115152045.4,2327.29699239135,16.636,16.529,265.989,33.223,10.33,10.326
20241115152045.9,2327.80499607325,16.806,16.345,268.088,33.254,10.318,10.34
20241115152046.4,2328.31599712372,16.781,16.321,270.261,33.274,10.314,10.348
20241115152046.9,2328.83199714124,16.731,16.48,272.653,33.283,10.318,10.328
20241115152047.4,2329.34399396181,16.842,16.482,275.165,33.328,10.314,10.314
20241115152047.9,2329.85899820924,16.8,16.618,277.365,33.324,10.302,10.332
20241115152048.5,2330.37099502981,16.818,16.737,279.483,33.365,10.318,10.314
20241115152049,2330.88699504733,16.818,16.848,281.583,33.371,10.316,10.328
20241115152049.5,2331.41399882734,17.028,16.943,283.394,33.411,10.298,10.308
20241115152050,2331.92599564791,17.232,16.882,285.676,33.399,10.318,10.33
20241115152050.5,2332.44099989533,17.212,17.062,287.996,33.428,10.34,10.334
20241115152051,2332.9529967159,17.163,17.193,290.038,33.44,10.328,10.326
20241115152051.6,2333.46499353647,17.109,17.203,292.381,33.473,10.326,10.334
20241115152052.1,2333.9799977839,16.941,17.207,294.438,33.499,10.308,10.336
20241115152052.6,2334.49199460447,16.88,17.208,296.758,33.503,10.324,10.318
20241115152053.1,2335.00799462199,16.951,17.224,298.347,33.528,10.332,10.324
20241115152053.6,2335.53900159895,16.88,17.22,300.753,33.52,10.326,10.32
20241115152054.1,2336.05099841952,16.886,17.25,303.056,33.524,10.308,10.33
20241115152054.7,2336.56599260867,17.218,17.183,305.062,33.528,10.312,10.338
20241115152055.2,2337.08199262619,17.335,17.333,307.075,33.567,10.314,10.324
20241115152055.7,2337.59399950504,17.331,17.408,309.059,33.577,10.316,10.322
20241115152056.2,2338.10899369419,17.335,17.416,311.145,33.567,10.32,10.336
20241115152056.7,2338.62499371171,17.306,17.474,313.213,33.61,10.306,10.322
20241115152057.2,2339.14099372923,17.216,17.666,315.439,33.646,10.336,10.33
20241115152057.7,2339.65599797666,17.125,17.763,317.851,33.659,10.31,10.338
20241115152058.3,2340.17199799418,17.08,17.757,319.658,33.618,10.308,10.318
20241115152058.8,2340.68399481475,17.014,17.699,321.379,33.665,10.306,10.334
20241115152059.3,2341.19899906218,16.993,17.666,323.496,33.681,10.304,10.314
20241115152059.8,2341.7149990797,16.925,17.593,325.135,33.736,10.318,10.316
20241115152100.3,2342.22699590027,16.905,17.537,326.419,33.787,10.294,10.322
20241115152100.8,2342.7420001477,16.895,17.488,329.591,33.832,10.308,10.318
20241115152101.3,2343.25399696827,16.965,17.446,332.103,33.883,10.31,10.336
20241115152101.9,2343.76599378884,16.985,17.448,334.519,33.941,10.314,10.326
20241115152102.4,2344.27699483931,16.977,17.452,336.152,33.926,10.306,10.334
20241115152102.9,2344.79299485683,16.874,17.48,338.555,33.945,10.314,10.316
20241115152103.4,2345.30899487436,16.826,17.517,341.112,33.957,10.31,10.31
20241115152103.9,2345.82399912179,16.89,17.539,343.39,33.983,10.31,10.33
20241115152104.4,2346.33599594235,16.919,17.49,346.178,33.977,10.322,10.336
20241115152104.9,2346.85499332845,16.923,17.47,348.893,33.941,10.304,10.32
20241115152105.5,2347.38699607551,16.874,17.49,351.518,33.947,10.316,10.318
20241115152106,2347.8869933635,16.789,17.492,354.103,33.973,10.298,10.316
20241115152106.5,2348.39799441397,16.711,17.549,356.347,33.965,10.308,10.316
20241115152107,2348.9139944315,16.703,17.632,359.368,33.971,10.308,10.306
20241115152107.5,2349.42600131035,16.67,17.61,362.116,33.99,10.316,10.328
20241115152108,2349.94099549949,16.598,17.442,364.152,34.029,10.306,10.332
20241115152108.5,2350.44099278748,16.551,17.307,366.348,34.051,10.3,10.312
20241115152109,2350.96099600196,16.545,17.157,368.768,34.061,10.322,10.304
20241115152109.6,2351.47699601948,16.527,17.078,370.477,34.086,10.294,10.326
20241115152110.1,2351.99200026691,16.497,17.03,374.125,34.118,10.312,10.322
20241115152110.6,2352.50800028443,16.513,17.032,377.359,34.169,10.287,10.32
20241115152111.1,2353.01900133491,16.484,16.981,377.183,34.19,10.289,10.328
20241115152111.6,2353.53500135243,16.495,16.864,378.928,34.221,10.3,10.306
20241115152112.1,2354.05100136995,16.509,16.812,380.682,34.243,10.306,10.308
20241115152112.6,2354.56199236214,16.604,16.836,383.719,34.257,10.318,10.328
20241115152113.2,2355.07399924099,16.557,16.793,387.233,34.274,10.296,10.318
20241115152113.7,2355.58999925852,16.65,16.761,387.623,34.278,10.3,10.334
20241115152114.2,2356.10199607909,16.727,16.5,390.646,34.278,10.298,10.306
20241115152114.7,2356.60500079393,16.7,16.373,391.506,34.27,10.318,10.304
20241115152115.2,2357.1169976145,16.755,16.371,393.646,34.263,10.314,10.33
20241115152115.7,2357.62899443507,16.723,16.44,395.555,34.267,10.304,10.324
20241115152116.2,2358.1439986825,16.676,16.539,397.249,34.27,10.32,10.322
20241115152116.7,2358.65599550307,16.622,16.418,398.679,34.27,10.306,10.332
20241115152117.2,2359.15599279106,16.587,16.551,400.365,34.274,10.308,10.318
20241115152117.8,2359.67199280858,16.709,16.488,401.987,34.255,10.308,10.316
20241115152118.3,2360.18699705601,16.694,16.618,404.052,34.259,10.306,10.332
20241115152118.8,2360.70299707353,16.549,16.65,405.116,34.247,10.332,10.312
20241115152119.3,2361.22300028801,16.721,16.735,407.815,34.245,10.3,10.324
20241115152119.8,2361.74199767411,16.711,16.721,409.824,34.29,10.308,10.324
20241115152120.3,2362.25799769163,16.771,16.636,411.6,34.298,10.3,10.33
20241115152120.9,2362.77299188077,16.725,16.496,414.612,34.3,10.312,10.334
20241115152121.4,2363.29299509525,16.642,16.553,415.259,34.331,10.314,10.314
20241115152121.9,2363.80499191582,16.727,16.674,418.474,34.378,10.328,10.348
20241115152122.4,2364.31999616325,16.759,16.642,419.541,34.408,10.32,10.33
20241115152122.9,2364.83199298382,16.856,16.434,420.844,34.421,10.314,10.33
20241115152123.4,2365.33599346876,16.749,16.553,423.375,34.466,10.316,10.363
20241115152123.9,2365.84800034761,16.656,16.654,425.209,34.466,10.302,10.312
20241115152124.5,2366.36699773371,16.573,16.721,428.146,34.468,10.318,10.332
20241115152125,2366.88299775124,16.5,16.696,431.388,34.476,10.298,10.31
20241115152125.5,2367.39799194038,16.424,16.668,434.679,34.476,10.314,10.34
20241115152126,2367.90999881923,16.414,16.48,438.224,34.494,10.296,10.306
20241115152126.5,2368.43399517238,16.371,16.41,445.58,34.496,10.316,10.332
20241115152127,2368.94499622285,16.442,16.426,452.235,34.509,10.308,10.328
20241115152127.6,2369.47299577296,16.392,16.264,457.569,34.511,10.304,10.318
20241115152128.1,2369.98800002038,16.406,16.383,461.809,34.541,10.302,10.306
20241115152128.6,2370.50400003791,16.42,16.301,468.458,34.562,10.306,10.334
20241115152129.1,2371.01899422705,16.484,16.252,478.421,34.59,10.326,10.32
20241115152129.6,2371.53499424458,16.497,16.284,488.206,34.597,10.304,10.326
20241115152130.1,2372.05499745905,16.614,16.383,502.9,34.615,10.302,10.318
20241115152130.7,2372.58200123906,16.727,16.331,302.072,34.65,10.304,10.32
20241115152131.2,2373.09399805963,16.85,16.232,208.303,34.688,10.326,10.328
20241115152131.7,2373.60899224877,16.933,16.26,156.03,34.705,10.302,10.31
20241115152132.2,2374.1249922663,16.795,16.401,119.883,34.739,10.32,10.332
20241115152132.7,2374.64399971068,16.745,16.472,95.201,34.768,10.316,10.332
20241115152133.2,2375.1599997282,16.709,16.581,77.134,34.78,10.33,10.338
20241115152133.8,2375.76199807227,16.698,16.642,61.701,34.795,10.34,10.334
20241115152134.4,2376.27699226141,16.715,16.747,51.988,34.788,10.308,10.338
20241115152134.9,2376.78899914026,16.797,16.868,44.242,34.797,10.304,10.334
20241115152135.4,2377.30499915779,16.719,16.846,37.547,34.817,10.31,10.338
20241115152135.9,2377.81999334693,16.709,16.985,33.136,34.876,10.318,10.354
20241115152136.4,2378.33200022578,16.65,16.993,30.152,34.911,10.326,10.338
20241115152136.9,2378.84800024331,16.672,17.024,28.122,34.923,10.328,10.332
20241115152137.4,2379.34799753129,16.755,16.89,26.464,34.958,10.308,10.358
20241115152137.9,2379.85199801624,16.898,16.909,25.126,34.993,10.322,10.338
20241115152138.4,2380.3549926728,17.072,17.028,24.072,34.979,10.322,10.346
20241115152139,2380.87899908423,17.098,17.123,23.244,35.015,10.328,10.336
20241115152139.5,2381.39399327338,16.927,17.153,22.605,35.048,10.336,10.342
20241115152140,2381.9099932909,16.85,17.234,22.116,35.068,10.328,10.334
20241115152140.5,2382.42599330842,16.769,17.217,21.751,35.099,10.352,10.346
20241115152141,2382.9369943589,16.718,17.123,21.452,35.128,10.324,10.363
20241115152141.5,2383.45699757338,16.654,17.131,21.225,35.131,10.336,10.35
20241115152142.1,2383.98400135338,16.615,16.91,21.011,35.166,10.322,10.346
20241115152142.6,2384.491994977,16.601,16.85,20.878,35.199,10.306,10.361
20241115152143.1,2385.00799499452,16.587,16.918,20.811,35.242,10.324,10.365
20241115152143.6,2385.52299924195,16.553,16.797,20.743,35.255,10.314,10.365
20241115152144.1,2386.04299239814,16.533,16.817,20.708,35.246,10.334,10.348
20241115152144.6,2386.55899241567,16.521,16.773,20.664,35.271,10.336,10.326
20241115152145.2,2387.07399666309,16.636,16.801,20.601,35.294,10.334,10.346
20241115152145.7,2387.58999668062,16.593,16.809,20.504,35.319,10.306,10.35
20241115152146.2,2388.10199350119,16.601,16.755,20.428,35.323,10.328,10.369
20241115152146.7,2388.61699774861,16.573,16.842,20.339,35.35,10.324,10.354
20241115152147.2,2389.13299776614,16.539,16.874,20.25,35.36,10.33,10.332
20241115152147.8,2389.66399468482,16.577,16.805,20.139,35.36,10.316,10.34
20241115152148.3,2390.18399789929,16.694,16.819,19.961,35.373,10.324,10.363
20241115152148.8,2390.69499894977,16.765,16.88,19.844,35.404,10.32,10.338
20241115152149.3,2391.20699577034,16.876,16.708,19.751,35.416,10.324,10.344
20241115152149.8,2391.72299578786,17.046,16.795,19.821,35.449,10.34,10.338
20241115152150.3,2392.2269962728,16.987,16.908,19.84,35.447,10.363,10.344
20241115152150.8,2392.74200052023,16.929,17.038,19.787,35.457,10.332,10.344
20241115152151.3,2393.24600100517,16.836,17.038,19.724,35.468,10.316,10.361
20241115152151.8,2393.7620010227,16.739,17.066,19.601,35.492,10.318,10.348
20241115152152.4,2394.28099840879,16.658,17.07,19.569,35.474,10.332,10.338
20241115152152.9,2394.79299522936,16.63,16.914,19.553,35.49,10.334,10.334
20241115152153.4,2395.30899524689,16.607,16.925,19.545,35.559,10.35,10.346
20241115152153.9,2395.83599902689,16.644,16.939,19.555,35.6,10.32,10.348
20241115152154.4,2396.34799584746,16.644,16.951,19.535,35.596,10.354,10.332
20241115152155,2396.87899276614,16.595,16.775,19.531,35.637,10.326,10.352
20241115152155.5,2397.40199334919,16.607,16.943,19.456,35.666,10.316,10.338
20241115152156,2397.92199656367,16.591,17.125,19.415,35.664,10.334,10.334
20241115152156.5,2398.44099394977,16.63,17.197,19.472,35.674,10.31,10.34
20241115152157.1,2398.96899349988,16.644,17.141,19.444,35.652,10.31,10.34
20241115152157.6,2399.4839977473,16.638,17.092,19.325,35.685,10.31,10.342
20241115152158.1,2400.01600049436,16.642,17.139,19.292,35.685,10.31,10.338
20241115152158.6,2400.5309946835,16.684,17.171,19.201,35.739,10.31,10.326
20241115152159.1,2401.04699470103,16.664,17.212,19.133,35.728,10.328,10.338
20241115152159.6,2401.55900157988,16.719,17.181,19.195,35.741,10.306,10.352
20241115152200.3,2402.16800048947,16.711,17.072,19.157,35.766,10.31,10.346
20241115152200.8,2402.67200097442,16.816,16.981,19.117,35.764,10.318,10.332
20241115152201.3,2403.18699516356,16.872,16.979,19.094,35.782,10.31,10.31
20241115152201.8,2403.69900204241,16.971,16.868,19.179,35.805,10.318,10.34
20241115152202.3,2404.21499200165,17.04,16.801,19.359,35.801,10.32,10.326
20241115152202.8,2404.74199578166,16.933,16.599,19.414,35.791,10.316,10.352
20241115152203.3,2405.26199899614,16.937,16.567,19.577,35.832,10.326,10.342
20241115152203.9,2405.77300004661,16.819,16.523,19.523,35.867,10.324,10.352
20241115152204.4,2406.29299320281,16.769,16.698,19.43,35.865,10.32,10.336
20241115152204.9,2406.81999698281,16.682,16.854,19.415,35.881,10.326,10.332
20241115152205.4,2407.35199972987,16.69,16.84,19.256,35.873,10.316,10.342
20241115152206,2407.86699391901,16.648,16.789,19.337,35.9,10.326,10.348
20241115152206.5,2408.37900079787,16.718,16.795,19.494,35.908,10.318,10.342
20241115152207,2408.89399498701,16.735,16.712,19.626,35.933,10.32,10.334
20241115152207.5,2409.40599180758,16.767,16.721,19.648,35.952,10.32,10.346
20241115152208,2409.93699878454,16.985,16.799,19.539,35.968,10.296,10.33
20241115152208.5,2410.44499240816,17.151,16.87,19.409,35.972,10.32,10.361
20241115152209.1,2410.97999252379,17.422,16.87,19.377,36.022,10.3,10.338
20241115152209.6,2411.49199940264,17.24,16.943,19.405,36.061,10.336,10.328
20241115152210.1,2412.02299632132,17.092,17.026,19.417,36.055,10.314,10.33
20241115152210.6,2412.55499906838,17.011,16.91,19.516,36.078,10.32,10.332
20241115152211.2,2413.0819927901,16.949,16.797,19.597,36.084,10.32,10.34
20241115152211.7,2413.60899657011,16.896,16.813,19.613,36.101,10.314,10.328
20241115152212.2,2414.12899978459,16.886,16.545,19.539,36.119,10.334,10.338
20241115152212.7,2414.64399397373,16.84,16.45,19.567,36.113,10.308,10.346
20241115152213.2,2415.15600085258,16.844,16.533,19.666,36.14,10.312,10.332
20241115152213.8,2415.67200087011,16.791,16.516,19.741,36.159,10.322,10.342
20241115152214.3,2416.19500145316,16.819,16.304,19.809,36.181,10.326,10.324
20241115152214.8,2416.71499460936,16.795,16.464,19.836,36.188,10.332,10.33
20241115152215.3,2417.22999885678,16.731,16.508,19.864,36.183,10.316,10.352
20241115152215.8,2417.76200160384,16.688,16.62,19.923,36.215,10.312,10.332
20241115152216.4,2418.27699579298,16.567,16.694,19.947,36.21,10.314,10.34
20241115152216.9,2418.80499534309,16.569,16.583,20.003,36.212,10.304,10.32
20241115152217.4,2419.32399272919,16.539,16.484,20.084,36.229,10.324,10.314
20241115152217.9,2419.85499970615,16.533,16.608,20.125,36.225,10.31,10.352
20241115152218.5,2420.38699239492,16.478,16.719,20.177,36.244,10.308,10.336
20241115152219,2420.90199664235,16.44,16.741,20.145,36.239,10.308,10.312
20241115152219.5,2421.44499309361,16.446,16.826,20.169,36.231,10.308,10.334
20241115152220,2421.96099311113,16.452,16.82,20.167,36.239,10.302,10.312
20241115152220.6,2422.48799689114,16.44,16.836,20.123,36.233,10.316,10.342
20241115152221.1,2423.00800010562,16.464,16.822,20.068,36.223,10.308,10.322
20241115152221.6,2423.52699749172,16.547,16.741,19.971,36.243,10.302,10.318
20241115152222.1,2424.03899431229,16.553,16.622,19.904,36.266,10.308,10.304
20241115152222.7,2424.57399442792,16.704,16.504,19.753,36.293,10.298,10.31
20241115152223.2,2425.10500140488,16.664,16.549,19.654,36.341,10.298,10.314
20241115152223.7,2425.62899775803,16.541,16.575,19.676,36.386,10.29,10.31
20241115152224.2,2426.14400200546,16.593,16.575,19.678,36.454,10.326,10.314
20241115152224.8,2426.66399516165,16.616,16.676,19.609,36.463,10.306,10.318
20241115152225.3,2427.19499208033,16.624,16.779,19.628,36.475,10.314,10.342
20241115152225.8,2427.71499529481,16.708,16.937,19.706,36.479,10.328,10.34
20241115152226.3,2428.24999541044,16.848,17.036,19.739,36.434,10.32,10.322
20241115152226.9,2428.77699919045,16.981,17.155,19.722,36.403,10.308,10.32
20241115152227.4,2429.30900193751,17.026,17.242,19.609,36.417,10.298,10.318
20241115152227.9,2429.83999885619,17.05,17.325,19.611,36.463,10.312,10.32
20241115152228.5,2430.37499897182,17.254,17.274,19.765,36.46,10.296,10.34
20241115152229,2430.89399635792,17.076,17.215,19.931,36.454,10.304,10.332
20241115152229.6,2431.53500072658,16.858,17.256,20.017,36.452,10.3,10.336
20241115152230.1,2432.0510007441,16.757,17.108,20.076,36.494,10.302,10.334
20241115152230.7,2432.58199766278,16.704,16.969,20.054,36.508,10.332,10.348
20241115152231.2,2433.09799768031,16.68,16.86,20.122,36.523,10.288,10.328
20241115152231.7,2433.61300192773,16.696,16.846,20.185,36.539,10.306,10.336
20241115152232.2,2434.12899188697,16.763,16.737,20.127,36.547,10.318,10.328
20241115152232.7,2434.6439961344,16.67,16.714,20.068,36.578,10.318,10.34
20241115152233.3,2435.16399934888,16.585,16.593,20.09,36.601,10.31,10.328
20241115152233.8,2435.69499626756,16.589,16.68,20.092,36.599,10.308,10.336
20241115152234.3,2436.21499948204,16.613,16.686,20.078,36.626,10.326,10.334
20241115152234.8,2436.74199320376,16.589,16.63,20.076,36.626,10.326,10.344
20241115152235.3,2437.26199641824,16.551,16.636,20.076,36.661,10.342,10.334
20241115152235.9,2437.79299333692,16.579,16.714,20.025,36.692,10.332,10.334
20241115152236.4,2438.30500021577,16.569,16.761,20.066,36.694,10.33,10.344
20241115152236.9,2438.81999440491,16.623,16.716,20.066,36.746,10.31,10.326
20241115152237.4,2439.34799395502,16.634,16.702,20.09,36.777,10.338,10.338
20241115152237.9,2439.86299820244,16.692,16.908,20.015,36.814,10.322,10.357
20241115152238.5,2440.39799831808,16.741,17.027,20.029,36.897,10.338,10.328
20241115152239,2440.9139983356,16.714,17.163,19.858,36.918,10.316,10.346
20241115152239.5,2441.43400155008,16.763,17.215,19.724,36.94,10.326,10.348
20241115152240,2441.94499254227,16.623,17.288,19.615,36.996,10.342,10.33
20241115152240.6,2442.47699528933,16.607,17.26,19.326,36.994,10.324,10.334
20241115152241.1,2442.99199953675,16.662,17.26,19.262,36.978,10.316,10.334
20241115152241.6,2443.50399635732,16.686,17.3,19.375,36.982,10.326,10.324
20241115152242.1,2444.034993276,16.71,17.371,19.415,37.025,10.318,10.324
20241115152242.6,2444.55499649048,16.759,17.502,19.484,37.069,10.314,10.351
20241115152243.2,2445.07399387658,16.789,17.573,19.52,37.081,10.322,10.342
20241115152243.7,2445.58600075543,16.868,17.611,19.514,37.129,10.328,10.34
20241115152244.2,2446.10200077295,16.84,17.634,19.488,37.151,10.322,10.351
20241115152244.7,2446.6169949621,16.884,17.434,19.421,37.199,10.334,10.348
20241115152245.2,2447.15199507773,17.021,17.347,19.264,37.226,10.306,10.338
20241115152245.8,2447.67999462783,16.971,17.272,19.274,37.226,10.298,10.332
20241115152246.3,2448.19499887526,16.793,17.232,19.327,37.3,10.318,10.33
20241115152246.8,2448.71099889278,16.704,17.298,19.385,37.329,10.306,10.346
20241115152247.3,2449.22999627888,16.668,17.244,19.527,37.317,10.31,10.322
20241115152247.8,2449.76199902594,16.654,16.973,19.686,37.309,10.31,10.334
20241115152248.4,2450.29699914157,16.607,16.88,19.51,37.211,10.316,10.34
20241115152248.9,2450.81599652767,16.694,16.931,19.284,37.129,10.318,10.336
20241115152249.4,2451.3519924134,16.626,16.775,19.153,37.079,10.322,10.33
20241115152250,2451.87899619341,16.654,16.626,19.171,37.019,10.324,10.359
20241115152250.5,2452.39400044084,16.692,16.521,19.316,37.019,10.302,10.324
20241115152251,2452.92599312961,16.484,16.708,19.446,37.038,10.322,10.34
20241115152251.5,2453.44500057399,16.537,16.836,19.658,37.11,10.32,10.322
20241115152252.1,2453.9730001241,16.444,16.858,19.779,37.135,10.32,10.336
20241115152252.6,2454.50800023973,16.462,16.987,19.696,37.143,10.318,10.33
20241115152253.1,2455.03100082278,16.508,16.921,19.365,37.162,10.322,10.334
20241115152253.6,2455.54700084031,16.706,16.759,19.371,37.185,10.334,10.328
20241115152254.2,2456.07799775898,16.646,16.716,19.306,37.199,10.324,10.348
20241115152254.8,2456.70299939811,16.585,16.624,19.169,37.261,10.32,10.326
20241115152255.3,2457.22299255431,16.5,16.696,19.258,37.298,10.336,10.33
20241115152255.8,2457.73399360478,16.45,16.797,19.238,37.327,10.334,10.332
20241115152256.3,2458.25399681926,16.462,16.765,19.262,37.365,10.316,10.324
20241115152256.9,2458.76900106668,16.417,16.682,19.139,37.387,10.318,10.322
20241115152257.4,2459.28500108421,16.347,16.672,19.242,37.412,10.318,10.34
20241115152257.9,2459.81599800289,16.254,16.69,19.341,37.426,10.328,10.336
20241115152258.4,2460.32799482346,16.226,16.708,19.327,37.435,10.332,10.342
20241115152258.9,2460.84399484098,16.234,16.708,19.375,37.451,10.336,10.328
20241115152259.4,2461.36299222708,16.29,16.527,19.409,37.462,10.324,10.326
20241115152260,2461.89399920404,16.252,16.292,19.492,37.478,10.332,10.328
20241115152300.5,2462.40999922156,16.258,16.224,19.613,37.484,10.306,10.334
20241115152301,2462.94099614024,16.278,16.286,19.71,37.468,10.318,10.346
20241115152301.5,2463.45699615777,16.28,16.424,19.64,37.497,10.324,10.346
20241115152302.1,2463.97299617529,16.313,16.521,19.614,37.532,10.316,10.326
20241115152302.6,2464.50799629092,16.317,16.476,19.484,37.571,10.32,10.322
20241115152303.1,2465.03099687397,16.311,16.496,19.547,37.59,10.308,10.332
20241115152303.6,2465.55100008845,16.337,16.496,19.65,37.634,10.316,10.334
20241115152304.2,2466.08600020409,16.321,16.551,19.551,37.634,10.332,10.312
20241115152304.7,2466.60900078714,16.361,16.68,19.648,37.669,10.326,10.334
20241115152305.2,2467.12500080466,16.343,16.64,19.81,37.714,10.306,10.316
20241115152305.7,2467.64100082219,16.367,16.753,19.838,37.731,10.287,10.322
20241115152306.3,2468.17199774086,16.456,16.743,19.846,37.729,10.306,10.314
20241115152306.8,2468.68700198829,16.472,16.604,19.866,37.758,10.3,10.308
20241115152307.3,2469.19899880886,16.577,16.687,19.836,37.797,10.3,10.312
20241115152307.8,2469.71499882638,16.727,16.687,19.777,37.832,10.308,10.316
20241115152308.3,2470.22999301553,16.779,16.759,19.543,37.849,10.287,10.3
20241115152308.8,2470.74199989438,16.652,16.935,19.432,37.876,10.295,10.312
20241115152309.4,2471.27299681306,16.658,16.656,19.511,37.876,10.31,10.314
20241115152309.9,2471.78899683058,16.604,16.727,19.549,37.919,10.306,10.312
20241115152310.4,2472.32399694622,16.563,16.848,19.626,37.942,10.316,10.324
20241115152310.9,2472.85499386489,16.513,16.832,19.662,37.965,10.302,10.326
20241115152311.5,2473.382993415,16.456,16.868,19.785,38.006,10.298,10.326
20241115152312,2473.90200085938,16.422,16.907,19.846,38.023,10.302,10.314
20241115152312.5,2474.43399354815,16.428,16.943,19.927,38.035,10.289,10.318
20241115152313.1,2474.96500052512,16.379,16.739,19.951,38.054,10.316,10.326
20241115152313.6,2475.47999471426,16.367,16.588,19.953,38.043,10.316,10.32
20241115152314.1,2475.99999792874,16.4,16.628,19.919,38.033,10.289,10.316
20241115152314.6,2476.53099484742,16.47,16.42,19.959,38.078,10.308,10.33
20241115152315.1,2477.05899439752,16.695,16.48,19.977,38.109,10.306,10.32
20241115152315.7,2477.57399864495,16.907,16.638,20.012,38.147,10.292,10.33
20241115152316.2,2478.10499556363,16.796,16.686,20.052,38.184,10.302,10.332
20241115152316.7,2478.63299511373,16.777,16.69,20.082,38.207,10.328,10.334
20241115152317.3,2479.16399203241,16.785,16.628,19.989,38.242,10.32,10.322
20241115152317.8,2479.68399524689,16.678,16.664,19.965,38.283,10.328,10.346
20241115152318.3,2480.21099902689,16.793,16.559,19.973,38.26,10.308,10.344
20241115152318.8,2480.74199594557,16.674,16.589,20.017,38.299,10.334,10.344
20241115152319.4,2481.27699606121,16.603,16.721,20.096,38.285,10.32,10.348
20241115152319.9,2481.79699927568,16.557,16.757,20.06,38.283,10.316,10.336
20241115152320.5,2482.41000138223,16.486,16.743,20.11,38.31,10.33,10.322
20241115152321,2482.93699510396,16.502,16.721,20.123,38.312,10.322,10.328
20241115152321.6,2483.46499465406,16.476,16.646,20.112,38.308,10.314,10.344
20241115152322.1,2483.98399204016,16.44,16.658,20.096,38.298,10.34,10.33
20241115152322.6,2484.51599478722,16.476,16.541,20.068,38.326,10.33,10.336
20241115152323.1,2485.03099903464,16.478,16.365,20.108,38.335,10.33,10.332
20241115152323.6,2485.54699905217,16.456,16.21,20.163,38.347,10.326,10.322
20241115152324.1,2486.06199324131,16.46,16.319,20.24,38.372,10.324,10.336
20241115152324.7,2486.57400012016,16.452,16.246,20.331,38.411,10.316,10.34
20241115152325.2,2487.09399327636,16.464,16.22,20.383,38.44,10.328,10.354
20241115152325.7,2487.62500025332,16.45,16.401,20.419,38.43,10.332,10.346
20241115152326.2,2488.14100027084,16.468,16.549,20.389,38.482,10.334,10.336
20241115152326.8,2488.66799399257,16.636,16.607,20.23,38.504,10.326,10.356
20241115152327.3,2489.19900096953,16.581,16.682,20.126,38.502,10.33,10.359
20241115152327.8,2489.72999788821,16.577,16.64,20.001,38.523,10.334,10.338
20241115152328.4,2490.29300026596,16.611,16.67,19.84,38.539,10.332,10.344
20241115152328.9,2490.82399718463,16.553,16.807,19.731,38.527,10.328,10.354
20241115152329.4,2491.35199673474,16.551,16.904,19.619,38.541,10.316,10.346
20241115152330,2491.87900051475,16.561,17.017,19.527,38.513,10.328,10.334
20241115152330.5,2492.40999743342,16.692,17.098,19.515,38.529,10.312,10.346
20241115152331,2492.93700121343,16.67,17.195,19.48,38.569,10.318,10.328
20241115152331.6,2493.46899390221,16.567,17.246,19.424,38.633,10.328,10.34
20241115152332.1,2494.00000087917,16.563,17.137,19.24,38.695,10.336,10.34
20241115152332.6,2494.52699460089,16.654,17.219,19.151,38.697,10.34,10.365
20241115152333.1,2495.05899734795,16.676,17.272,19.141,38.723,10.322,10.33
20241115152333.7,2495.58600112796,16.642,17.264,19.215,38.755,10.332,10.35
20241115152334.2,2496.11299484968,16.626,17.3,19.29,38.781,10.338,10.338
20241115152334.7,2496.63700126112,16.686,17.296,19.397,38.786,10.338,10.346
20241115152335.3,2497.16799817979,16.844,17.248,19.539,38.765,10.332,10.34
20241115152335.8,2497.69899509847,16.923,17.189,19.694,38.781,10.328,10.352
20241115152336.3,2498.2339952141,16.908,17.121,19.813,38.79,10.346,10.352
20241115152336.8,2498.76199476421,16.961,17.127,19.864,38.802,10.33,10.346
20241115152337.4,2499.28899854422,16.894,17.084,19.838,38.827,10.346,10.34
20241115152337.9,2499.81999546289,16.959,17.048,19.739,38.856,10.332,10.35
20241115152338.4,2500.33599548042,17.005,17.072,19.632,38.895,10.342,10.35
20241115152338.9,2500.84799230099,16.856,17.074,19.523,38.939,10.354,10.34
20241115152339.4,2501.36299654841,16.696,17.082,19.44,38.949,10.334,10.344
20241115152340,2501.88299976289,16.607,17.094,19.43,38.951,10.326,10.342
20241115152340.5,2502.39799395204,16.563,17.086,19.389,38.974,10.344,10.346
20241115152341,2502.91799716651,16.492,17.048,19.256,38.982,10.338,10.334
20241115152341.5,2503.45299728215,16.432,17.038,19.266,39.019,10.326,10.33
20241115152342.1,2503.98399420083,16.47,17.07,19.135,39.034,10.324,10.34
20241115152342.6,2504.51599694788,16.448,17.076,19.155,39.057,10.338,10.35
20241115152343.1,2505.04699386656,16.389,17.021,19.209,39.089,10.34,10.363
20241115152343.7,2505.56999444962,16.347,16.86,19.163,39.085,10.342,10.355
20241115152344.2,2506.10199719667,16.421,16.589,19.1,39.102,10.346,10.348
20241115152344.7,2506.62900097668,16.385,16.696,19.288,39.156,10.336,10.361
20241115152345.2,2507.15999789536,16.383,16.761,19.377,39.141,10.342,10.351
20241115152345.8,2507.68000110984,16.411,16.583,19.575,39.176,10.353,10.351
20241115152346.3,2508.21500122547,16.533,16.444,19.652,39.152,10.336,10.332
20241115152346.8,2508.74599814415,16.486,16.411,19.69,39.166,10.346,10.344
20241115152347.4,2509.27699506283,16.42,16.611,19.749,39.172,10.336,10.346
20241115152348,2509.92999896407,16.387,16.716,19.737,39.174,10.334,10.348
20241115152348.5,2510.45299954712,16.488,16.68,19.753,39.137,10.332,10.334
20241115152349.1,2510.97299270332,16.704,16.589,19.716,39.119,10.336,10.359
20241115152349.6,2511.48799695075,16.494,16.606,19.708,39.042,10.324,10.334
20241115152350.1,2512.01899386942,16.351,16.468,19.715,39.048,10.326,10.356
20241115152350.6,2512.53499388695,16.29,16.464,19.563,39.055,10.328,10.342
20241115152351.1,2513.0470007658,16.208,16.482,19.603,39.096,10.336,10.35
20241115152351.7,2513.5659981519,16.145,16.496,19.676,39.096,10.332,10.344
20241115152352.2,2514.08199816942,16.121,16.302,19.753,39.113,10.326,10.344
20241115152352.7,2514.59799818695,16.066,16.268,19.882,39.133,10.336,10.352
20241115152353.2,2515.11299237609,16.066,16.23,19.973,39.156,10.324,10.342
20241115152353.7,2515.64799249172,16.076,16.381,20.026,39.185,10.348,10.34
20241115152354.3,2516.16399250925,16.054,16.266,19.963,39.233,10.336,10.32
20241115152354.8,2516.69499948621,16.104,16.389,19.743,39.266,10.312,10.34
20241115152355.3,2517.22299903631,16.08,16.321,19.803,39.321,10.336,10.328
20241115152355.8,2517.75399595499,16.072,16.337,19.915,39.383,10.32,10.328
20241115152356.4,2518.280999735,16.06,16.379,19.951,39.427,10.312,10.352
20241115152356.9,2518.81199665368,16.115,16.406,19.949,39.443,10.338,10.328
20241115152357.4,2519.33199986815,16.163,16.41,19.975,39.483,10.332,10.334
20241115152357.9,2519.84799988568,16.242,16.464,19.88,39.479,10.32,10.348
20241115152358.5,2520.36699727178,16.45,16.553,19.769,39.501,10.316,10.334
20241115152359,2520.89799419045,16.523,16.575,19.71,39.508,10.33,10.326
20241115152359.5,2521.41799740493,16.595,16.345,19.779,39.539,10.334,10.334
20241115152400,2521.93399742246,16.656,16.492,19.894,39.559,10.33,10.334
20241115152400.6,2522.46899753809,16.646,16.587,19.989,39.599,10.342,10.356
20241115152401.1,2522.98399172723,16.549,16.646,20.066,39.625,10.338,10.354
20241115152401.6,2523.51599447429,16.638,16.688,20.145,39.646,10.33,10.338
20241115152402.1,2524.0429982543,16.702,16.743,20.175,39.718,10.328,10.336
20241115152402.6,2524.5619956404,16.791,16.838,20.098,39.714,10.34,10.348
20241115152403.2,2525.09399838746,16.68,16.84,19.991,39.774,10.332,10.34
20241115152403.7,2525.61699897051,16.658,16.894,19.842,39.793,10.352,10.332
20241115152404.2,2526.13299898803,16.743,16.761,19.805,39.824,10.314,10.348
20241115152404.8,2526.66399590671,16.842,16.504,19.694,39.836,10.34,10.322
20241115152405.3,2527.19099968672,16.709,16.575,19.527,39.828,10.318,10.328
20241115152405.8,2527.71899923682,16.68,16.654,19.42,39.87,10.334,10.33
20241115152406.3,2528.2499961555,16.668,16.741,19.357,39.921,10.34,10.316
20241115152406.9,2528.78099307418,16.656,16.763,19.274,39.948,10.314,10.35
20241115152407.4,2529.31200005114,16.646,16.878,19.343,39.987,10.316,10.328
20241115152407.9,2529.84399273992,16.622,16.824,19.44,40.012,10.32,10.34
20241115152408.5,2530.37899285555,16.634,16.842,19.478,40.025,10.332,10.342
20241115152409,2530.89399710298,16.646,16.917,19.642,40.047,10.324,10.344
20241115152409.5,2531.42999298871,16.668,17.094,19.729,40.062,10.334,10.35
20241115152410,2531.95699676871,16.698,17.191,19.836,40.093,10.314,10.346
20241115152410.6,2532.47999735177,16.648,17.216,19.935,40.107,10.328,10.312
20241115152411.1,2533.0159932375,16.664,17.282,19.939,40.18,10.332,10.334
20241115152411.6,2533.54700021446,16.591,17.321,19.876,40.219,10.328,10.316
20241115152412.2,2534.07399393618,16.48,17.466,19.868,40.238,10.346,10.352
20241115152412.7,2534.60500091314,16.531,17.355,19.872,40.248,10.342,10.36
20241115152413.2,2535.13699360192,16.575,17.199,19.832,40.256,10.31,10.318
20241115152413.8,2535.66800057888,16.656,17.173,19.943,40.242,10.322,10.328
20241115152414.3,2536.19899749756,16.755,16.963,20.02,40.227,10.332,10.326
20241115152414.8,2536.71499751508,16.882,16.967,19.985,40.281,10.33,10.336
20241115152415.3,2537.24999763072,16.838,17.028,19.941,40.293,10.344,10.338
20241115152415.9,2537.77700141072,16.69,17.086,20.032,40.308,10.328,10.375
20241115152416.4,2538.29300142825,16.597,17.163,20.153,40.318,10.322,10.354
20241115152416.9,2538.82399834692,16.541,17.09,20.228,40.368,10.336,10.35
20241115152417.4,2539.3549952656,16.514,16.971,20.252,40.401,10.346,10.338
20241115152418,2539.88299481571,16.504,16.945,20.163,40.455,10.334,10.338
20241115152418.5,2540.41399173439,16.47,16.933,20.066,40.476,10.34,10.34
20241115152419,2540.94499871135,16.436,16.918,19.925,40.511,10.324,10.35
20241115152419.6,2541.47999882698,16.452,16.914,19.874,40.511,10.342,10.336
20241115152420.1,2542.00399518013,16.432,16.864,19.904,40.548,10.353,10.357
20241115152420.6,2542.53899529576,16.405,16.706,19.886,40.587,10.353,10.344
20241115152421.1,2543.06199587882,16.436,16.577,19.759,40.595,10.344,10.365
20241115152421.7,2543.58999542892,16.448,16.516,19.825,40.581,10.357,10.353
20241115152422.2,2544.10899281502,16.531,16.561,20.021,40.622,10.326,10.361
20241115152422.7,2544.64099556208,16.518,16.599,20.173,40.66,10.324,10.357
20241115152423.3,2545.17199248075,16.48,16.65,20.112,40.653,10.318,10.35
20241115152423.8,2545.69899626076,16.45,16.288,19.951,40.635,10.326,10.348
20241115152424.3,2546.21499627829,16.486,16.193,19.731,40.676,10.33,10.344
20241115152424.8,2546.73000052571,16.468,16.179,19.662,40.684,10.312,10.35
20241115152425.3,2547.24600054324,16.46,16.351,19.672,40.732,10.328,10.342
20241115152425.9,2547.79300019145,16.424,16.442,19.684,40.734,10.322,10.336
20241115152426.4,2548.32399711013,16.385,16.547,19.591,40.746,10.332,10.35
20241115152426.9,2548.84400032461,16.373,16.403,19.698,40.763,10.312,10.332
20241115152427.4,2549.3629977107,16.46,16.456,19.773,40.794,10.314,10.346
20241115152428,2549.87899772823,16.516,16.519,19.787,40.792,10.322,10.332
20241115152428.5,2550.40999464691,16.591,16.525,19.684,40.802,10.33,10.33
20241115152429,2550.93699842691,16.619,16.577,19.71,40.84,10.336,10.326
20241115152429.6,2551.46900117397,16.817,16.619,19.674,40.827,10.322,10.324
20241115152430.1,2551.9959948957,16.848,16.43,19.652,40.815,10.328,10.346
20241115152430.6,2552.51599811018,16.908,16.498,19.636,40.854,10.322,10.35
20241115152431.1,2553.03099229932,17.189,16.438,19.642,40.862,10.316,10.346
20241115152431.6,2553.5509955138,17.157,16.718,19.636,40.91,10.324,10.346
20241115152432.2,2554.08199243248,16.935,16.718,19.777,40.937,10.328,10.356
20241115152432.7,2554.60199564695,16.842,16.706,19.999,40.97,10.326,10.352
20241115152433.2,2555.12899942696,16.749,16.753,20.185,41.022,10.324,10.34
20241115152433.7,2555.65999634564,16.656,16.785,20.258,41.063,10.336,10.344
20241115152434.3,2556.19099326432,16.605,16.88,20.312,41.073,10.322,10.346
20241115152434.8,2556.7109964788,16.516,16.981,20.183,41.127,10.33,10.322
20241115152435.3,2557.2380002588,16.525,16.937,20.11,41.111,10.336,10.346
20241115152435.9,2557.76899717748,16.512,16.894,20.133,41.162,10.312,10.312
20241115152436.4,2558.30099992454,16.593,16.868,20.126,41.183,10.328,10.354
20241115152436.9,2558.83199684322,16.712,16.836,20.09,41.228,10.344,10.332
20241115152437.5,2559.36699695885,16.664,16.561,20.122,41.27,10.334,10.359
20241115152438,2559.890993312,16.91,16.458,20.165,41.26,10.316,10.33
20241115152438.5,2560.40599755943,17.337,16.514,20.217,41.311,10.32,10.336
20241115152439,2560.95299720764,17.452,16.682,20.072,41.319,10.316,10.32
20241115152439.6,2561.48000098765,17.373,16.963,20.092,41.317,10.316,10.344
20241115152440.1,2562.01599687338,17.551,16.688,19.973,41.34,10.316,10.326
20241115152440.6,2562.54699379206,17.626,16.505,19.818,41.378,10.302,10.312
20241115152441.2,2563.07399757206,17.579,16.753,19.818,41.411,10.304,10.336
20241115152441.7,2563.60499449074,17.359,17.005,19.721,41.456,10.32,10.332
20241115152442.2,2564.13299404085,17.115,17.038,19.713,41.473,10.322,10.338
20241115152442.7,2564.64799828827,16.935,17.084,19.632,41.5,10.306,10.348
20241115152443.3,2565.18000103533,16.868,17.139,19.761,41.506,10.326,10.328
20241115152443.8,2565.71099795401,16.801,17.04,19.915,41.555,10.324,10.326
20241115152444.3,2566.24199487269,16.791,16.854,19.872,41.582,10.31,10.338
20241115152444.8,2566.76199808717,16.767,16.909,19.814,41.593,10.308,10.33
20241115152445.4,2567.28900186718,17.014,16.987,19.961,41.617,10.32,10.344
20241115152445.9,2567.81999878585,17.159,17.068,20.104,41.646,10.304,10.352
20241115152446.4,2568.35499890149,17.207,17.167,20.232,41.642,10.332,10.316
20241115152447,2568.89099478722,17.361,17.228,20.31,41.704,10.302,10.344
20241115152447.5,2569.41799856722,17.403,17.236,20.286,41.731,10.332,10.336
20241115152448,2569.93399858475,17.195,17.216,20.078,41.744,10.332,10.338
20241115152448.5,2570.46099230647,17.137,17.248,19.921,41.754,10.326,10.326
20241115152449.1,2570.99199928343,17.242,17.258,19.872,41.793,10.314,10.328
20241115152449.6,2571.51899300516,17.377,17.29,19.741,41.808,10.314,10.344
20241115152450.1,2572.05499894917,17.193,17.262,19.848,41.802,10.308,10.33
20241115152450.7,2572.58599586785,17.06,17.262,19.943,41.843,10.304,10.336
20241115152451.2,2573.11299964786,17.036,17.272,19.913,41.845,10.316,10.338
20241115152451.7,2573.63699600101,16.929,17.24,19.92,41.88,10.326,10.326
20241115152452.3,2574.16799291968,16.872,17.157,19.965,41.925,10.316,10.33
20241115152452.8,2574.69499669969,16.967,17.011,19.971,41.928,10.334,10.352
20241115152453.3,2575.22699944675,16.961,17.064,19.983,41.963,10.326,10.32
20241115152453.8,2575.75799636543,17.24,16.918,20.068,41.992,10.324,10.361
20241115152454.4,2576.28899328411,17.312,16.589,20.173,42.017,10.32,10.338
20241115152454.9,2576.81599706411,17.361,16.46,20.165,42.058,10.308,10.334
20241115152455.4,2577.34799981117,17.569,16.739,20.195,42.087,10.314,10.342
20241115152456,2577.8749935329,17.615,16.949,20.327,42.145,10.306,10.332
20241115152456.5,2578.39799411595,17.381,17.102,20.426,42.184,10.338,10.334
20241115152457,2578.92200052738,17.248,17.133,20.5,42.17,10.326,10.33
20241115152457.5,2579.44899424911,17.224,17.29,20.52,42.168,10.308,10.342
20241115152458.1,2579.96499426663,17.203,17.161,20.365,42.228,10.32,10.328
20241115152458.6,2580.49999438226,17.076,17.106,20.327,42.265,10.316,10.332
20241115152459.1,2581.03100135922,17.001,17.131,20.335,42.285,10.302,10.334
20241115152459.6,2581.5619982779,17.005,17.24,20.306,42.331,10.322,10.332
20241115152500.2,2582.08200149238,17.001,17.312,20.139,42.331,10.31,10.346
20241115152500.7,2582.60499201715,17.001,17.246,19.983,42.339,10.32,10.332
20241115152501.2,2583.13699476421,17.211,17.118,19.953,42.362,10.312,10.332
20241115152501.8,2583.66399854422,17.31,17.078,20.005,42.345,10.326,10.344
20241115152502.3,2584.19499546289,17.161,17.078,19.874,42.352,10.31,10.338
20241115152502.8,2584.73399877548,17.046,17.074,19.884,42.345,10.312,10.34
20241115152503.4,2585.26600152254,16.991,16.793,19.931,42.358,10.31,10.324
20241115152503.9,2585.78499890864,17.044,16.71,19.949,42.377,10.322,10.322
20241115152504.4,2586.31599582732,17.048,16.521,20.011,42.393,10.306,10.338
20241115152504.9,2586.8359990418,17.107,16.515,19.981,42.408,10.302,10.334
20241115152505.4,2587.36299276352,17.121,16.482,20.082,42.474,10.324,10.334
20241115152506,2587.89399974048,17.066,16.379,20.119,42.513,10.316,10.314
20241115152506.5,2588.42199929059,16.983,16.545,20.024,42.511,10.316,10.322
20241115152507,2588.95299620926,16.967,16.535,20.052,42.53,10.304,10.31
20241115152507.6,2589.47999998927,16.864,16.369,19.983,42.606,10.318,10.322
20241115152508.1,2590.00799953938,16.842,16.304,20.078,42.592,10.308,10.334
20241115152508.6,2590.53899645805,16.83,16.206,20.074,42.608,10.318,10.338
20241115152509.1,2591.05899967253,17.044,16.365,20.112,42.604,10.304,10.328
20241115152509.7,2591.58999659121,17.111,16.468,20.137,42.664,10.302,10.328
20241115152510.2,2592.11700037122,16.997,16.531,20.062,42.654,10.3,10.332
20241115152510.7,2592.65200048685,16.977,16.593,19.999,42.685,10.326,10.348
20241115152511.3,2593.16800050437,17.013,16.484,19.9,42.701,10.332,10.314
20241115152511.8,2593.69899742305,16.882,16.632,19.941,42.709,10.316,10.344
20241115152512.3,2594.23399753869,16.68,16.706,20.03,42.714,10.288,10.344
20241115152512.9,2594.76600028574,16.547,16.844,20.126,42.71,10.31,10.338
20241115152513.4,2595.29299400747,16.478,16.793,20.246,42.701,10.318,10.34
20241115152513.9,2595.81200145185,16.446,16.718,20.345,42.726,10.308,10.318
20241115152514.4,2596.335997805,16.47,16.553,20.349,42.734,10.328,10.34
20241115152515,2596.86699472368,16.381,16.442,20.397,42.759,10.322,10.322
20241115152515.5,2597.39800170064,16.381,16.504,20.421,42.757,10.322,10.336
20241115152516,2597.93399758637,16.361,16.523,20.359,42.786,10.316,10.334
20241115152516.5,2598.46100136638,16.318,16.512,20.189,42.803,10.328,10.328
20241115152517.1,2598.99600148201,16.351,16.49,20.26,42.836,10.336,10.356
20241115152517.6,2599.52699840069,16.417,16.121,20.286,42.877,10.318,10.32
20241115152518.1,2600.05900114775,16.401,16.211,20.268,42.921,10.308,10.336
20241115152518.7,2600.60199759901,16.591,16.266,20.092,42.972,10.302,10.33
20241115152519.2,2601.13699771464,16.541,16.411,19.967,43.02,10.334,10.324
20241115152519.7,2601.64799876511,16.5,16.533,20.021,43.069,10.318,10.338
20241115152520.3,2602.18000151217,16.47,16.557,20.084,43.115,10.336,10.338
20241115152520.8,2602.7150016278,16.468,16.478,20.139,43.158,10.328,10.32
20241115152521.3,2603.24599854648,16.468,16.535,20.26,43.206,10.326,10.354
20241115152521.9,2603.7729922682,16.454,16.638,20.423,43.256,10.324,10.344
20241115152522.4,2604.30099181831,16.407,16.815,20.512,43.374,10.318,10.334
20241115152522.9,2604.82799559832,16.411,16.947,20.557,43.436,10.33,10.342
20241115152523.4,2605.36299571395,16.432,16.989,20.531,43.487,10.31,10.346
20241115152524,2605.89099526405,16.482,17.111,20.5,43.535,10.334,10.312
20241115152524.5,2606.42199218273,16.557,17.173,20.428,43.618,10.302,10.322
20241115152525,2606.94899596274,16.565,17.09,20.298,43.62,10.302,10.314
20241115152525.6,2607.47699551284,16.575,17.024,20.119,43.667,10.304,10.342
20241115152526.1,2608.01199562848,16.535,17.024,19.874,43.688,10.308,10.34
20241115152526.6,2608.53899940848,16.543,16.9,19.826,43.702,10.318,10.338
20241115152527.2,2609.06999632716,16.515,16.696,19.874,43.692,10.312,10.312
20241115152527.7,2609.61699597538,16.48,16.816,19.91,43.69,10.328,10.326
20241115152528.2,2610.14799289405,16.47,16.797,19.826,43.696,10.304,10.318
20241115152528.8,2610.67999564111,16.458,16.737,19.65,43.715,10.314,10.328
20241115152529.3,2611.21499575675,16.454,16.561,19.652,43.723,10.3,10.338
20241115152529.8,2611.74599267542,16.442,16.535,19.527,43.746,10.326,10.334
20241115152530.4,2612.27699965239,16.44,16.68,19.587,43.748,10.308,10.336
20241115152530.9,2612.81599290669,16.414,16.45,19.666,43.792,10.32,10.316
20241115152531.4,2613.34399245679,16.418,16.472,19.551,43.827,10.318,10.326
20241115152532,2613.8709962368,16.48,16.385,19.506,43.856,10.32,10.316
20241115152532.5,2614.40199315548,16.442,16.377,19.476,43.905,10.302,10.32
20241115152533,2614.93399590254,16.454,16.47,19.496,43.916,10.328,10.326
20241115152533.5,2615.46099968255,16.464,16.529,19.486,43.974,10.316,10.322
20241115152534.1,2615.99199660122,16.504,16.476,19.476,44.044,10.296,10.334
20241115152534.6,2616.51900038123,16.591,16.367,19.454,44.073,10.32,10.318
20241115152535.1,2617.03899353743,16.573,16.298,19.428,44.137,10.298,10.328
20241115152535.7,2617.57000051439,16.555,16.351,19.545,44.218,10.306,10.34
20241115152536.2,2618.10199320316,16.597,16.21,19.577,44.3,10.324,10.328
20241115152536.7,2618.6369933188,16.597,16.181,19.484,44.396,10.322,10.334
20241115152537.2,2619.15999390185,16.593,16.24,19.519,44.416,10.3,10.33
20241115152537.8,2619.68699768186,16.587,16.236,19.513,44.468,10.298,10.326
20241115152538.3,2620.21499723196,16.555,16.308,19.466,44.536,10.318,10.334
20241115152538.8,2620.75400054455,16.573,16.482,19.426,44.544,10.312,10.334
20241115152539.4,2621.28099426627,16.648,16.591,19.492,44.513,10.318,10.338
20241115152539.9,2621.81200124323,16.735,16.527,19.399,44.515,10.314,10.356
20241115152540.4,2622.34399393201,16.753,16.466,19.359,44.532,10.314,10.338
20241115152541,2622.87500090897,16.85,16.365,19.331,44.569,10.312,10.334
20241115152541.5,2623.40599782765,16.858,16.276,19.373,44.586,10.316,10.33
20241115152542,2623.93699474633,16.809,16.603,19.294,44.666,10.306,10.338
20241115152542.6,2624.46899749339,16.759,16.775,19.292,44.702,10.318,10.328
20241115152543.1,2624.99999441206,16.86,16.64,19.189,44.699,10.304,10.326
20241115152543.6,2625.53100138903,16.957,16.626,18.989,44.693,10.302,10.334
20241115152544.1,2626.0619983077,16.761,16.525,19.078,44.639,10.31,10.334
20241115152544.7,2626.58999785781,16.622,16.563,19.193,44.673,10.324,10.35
20241115152545.2,2627.12099477649,16.514,16.44,19.238,44.706,10.314,10.34
20241115152545.8,2627.6679944247,16.49,16.395,19.27,44.699,10.288,10.344
20241115152546.3,2628.19900140166,16.506,16.264,19.23,44.726,10.324,10.334
20241115152546.8,2628.72999832034,16.537,16.405,19.215,44.786,10.306,10.328
20241115152547.3,2629.2620010674,16.575,16.533,19.228,44.79,10.314,10.328
20241115152547.9,2629.78899478912,16.589,16.624,19.258,44.838,10.304,10.332
20241115152548.4,2630.31599856913,16.662,16.775,19.145,44.908,10.316,10.35
20241115152548.9,2630.85500188172,16.791,16.809,19.031,44.97,10.318,10.34
20241115152549.5,2631.38699457049,16.86,16.884,19.294,45.026,10.322,10.31
20241115152550,2631.93000108004,16.84,16.935,19.435,45.045,10.31,10.355
20241115152550.5,2632.46099799871,16.779,16.959,19.51,45.051,10.316,10.336
20241115152551.1,2633.00799764693,16.743,16.773,19.621,45.024,10.326,10.328
20241115152551.6,2633.53500142694,16.743,16.815,19.676,45.016,10.282,10.346
20241115152552.2,2634.06599834561,16.726,16.646,19.757,45.01,10.308,10.336
20241115152552.7,2634.59800109267,16.844,16.672,19.706,45.008,10.314,10.344
20241115152553.2,2635.1249948144,16.827,16.668,19.587,45.034,10.316,10.346
20241115152553.7,2635.65600179136,16.832,16.813,19.47,45.082,10.324,10.336
20241115152554.3,2636.18400134146,16.825,16.852,19.543,45.101,10.312,10.336
20241115152554.8,2636.7190014571,16.84,16.751,19.7,45.119,10.338,10.334
20241115152555.3,2637.25400157273,16.827,16.783,19.682,45.125,10.314,10.353
20241115152555.9,2637.78099529445,16.85,16.619,19.85,45.171,10.302,10.344
20241115152556.4,2638.30899484456,16.904,16.508,19.991,45.173,10.33,10.34
20241115152556.9,2638.83999176323,16.874,16.587,20.09,45.202,10.316,10.359
20241115152557.5,2639.36699554324,16.898,16.526,20.118,45.189,10.342,10.332
20241115152558,2639.89799246192,16.981,16.541,20.132,45.171,10.318,10.355
20241115152558.5,2640.42599201202,16.973,16.68,20.163,45.183,10.306,10.346
20241115152559,2640.96099212766,16.969,16.755,20.104,45.227,10.306,10.33
20241115152559.6,2641.48799590766,17.084,16.714,20.04,45.303,10.304,10.342
20241115152600.1,2642.01599545777,17.1,16.627,19.918,45.353,10.308,10.338
20241115152600.6,2642.54699237645,17.025,16.825,19.829,45.407,10.308,10.342
20241115152601.1,2643.06199662387,17.122,16.973,19.68,45.461,10.296,10.344
20241115152601.7,2643.59399937093,17.147,17.11,19.613,45.502,10.322,10.359
20241115152602.2,2644.12499628961,17.116,17.128,19.761,45.547,10.314,10.33
20241115152602.8,2644.67199593782,17.126,16.842,19.936,45.589,10.33,10.328
20241115152603.3,2645.19899971783,17.096,16.892,20.068,45.593,10.31,10.314
20241115152603.8,2645.73799297214,17.029,16.888,20.195,45.643,10.326,10.328
20241115152604.4,2646.2689999491,17.025,16.999,20.248,45.69,10.33,10.344
20241115152604.9,2646.80499583483,17.029,17.147,20.294,45.744,10.314,10.332
20241115152605.4,2647.33599275351,16.997,17.13,20.336,45.773,10.306,10.32
20241115152606,2647.86699973047,16.989,17.078,20.361,45.823,10.304,10.338
20241115152606.5,2648.39799664915,16.965,17.183,20.343,45.87,10.298,10.34
20241115152607,2648.9299993962,17.017,17.393,20.381,45.92,10.3,10.351
20241115152607.6,2649.46499951184,17.389,17.549,20.482,45.942,10.318,10.312
20241115152608.1,2649.99199323356,17.419,17.583,20.597,45.949,10.316,10.326
20241115152608.6,2650.52699334919,17.252,17.666,20.557,46,10.334,10.332
20241115152609.1,2651.0549928993,17.112,17.628,20.632,46.017,10.306,10.306
20241115152609.7,2651.58599987626,17.12,17.361,20.626,46.032,10.304,10.334
20241115152610.2,2652.11299359798,17.078,17.337,20.692,46.061,10.29,10.342
20241115152610.7,2652.64799371362,16.983,17.151,20.684,46.058,10.288,10.336
20241115152611.3,2653.18399965763,17.06,16.838,20.658,46.056,10.302,10.332
20241115152611.8,2653.71499657631,17.316,16.712,20.436,46.079,10.31,10.32
20241115152612.3,2654.24999669194,17.189,16.674,20.367,46.102,10.298,10.302
20241115152612.9,2654.78499680758,17.264,16.842,20.367,46.106,10.3,10.324
20241115152613.4,2655.31599372625,17.27,16.844,20.234,46.151,10.288,10.328
20241115152613.9,2655.84799647331,17.24,17.007,20.137,46.125,10.296,10.314
20241115152614.4,2656.36300072074,17.3,17.153,20.23,46.141,10.306,10.338
20241115152615,2656.89100027084,17.385,17.318,20.276,46.216,10.318,10.322
20241115152615.5,2657.42199718952,17.159,17.139,20.413,46.195,10.298,10.328
20241115152616.1,2657.96899683774,17.054,17.09,20.52,46.193,10.282,10.316
20241115152616.6,2658.49999375641,17.024,17.042,20.597,46.29,10.296,10.334
20241115152617.1,2659.02699753642,17.032,16.947,20.597,46.288,10.3,10.324
20241115152617.6,2659.55499708652,16.949,16.834,20.559,46.29,10.306,10.326
20241115152618.2,2660.0859940052,16.892,16.811,20.474,46.315,10.292,10.302
20241115152618.7,2660.62099412084,16.941,16.626,20.363,46.323,10.29,10.318
20241115152619.2,2661.15599423647,16.931,16.636,20.357,46.317,10.312,10.316
20241115152619.8,2661.68700121343,17.09,16.67,20.335,46.313,10.304,10.334
20241115152620.3,2662.21899390221,17.375,16.925,20.296,46.311,10.29,10.324
20241115152620.8,2662.75000087917,17.417,17.187,20.276,46.336,10.304,10.318
20241115152621.4,2663.28099779785,17.49,17.326,20.175,46.379,10.296,10.322
20241115152621.9,2663.81599791348,17.573,17.357,20.215,46.478,10.32,10.312
20241115152622.4,2664.34399746358,17.456,17.31,20.294,46.6,10.296,10.338
20241115152623,2664.87499438226,17.274,17.316,20.452,46.733,10.288,10.324
20241115152623.5,2665.40600135922,17.183,17.201,20.537,46.838,10.294,10.33
20241115152624,2665.93400090933,17.122,17.023,20.755,46.935,10.294,10.34
20241115152624.6,2666.46499782801,17.179,16.949,20.979,46.983,10.318,10.318
20241115152625.1,2666.99599474669,17.07,16.912,20.878,46.993,10.288,10.314
20241115152625.6,2667.52700172365,17.034,16.922,20.603,47.002,10.306,10.336
20241115152626.1,2668.0509980768,17.015,16.916,20.209,47.02,10.288,10.33
20241115152626.7,2668.60200092196,17.052,16.939,20.025,47.014,10.296,10.342
20241115152627.2,2669.12500150502,17.036,17.064,19.87,47.022,10.3,10.332
20241115152627.7,2669.65199522674,17.139,17.264,19.827,47.062,10.284,10.33
20241115152628.3,2670.18699534237,17.007,17.423,19.747,47.02,10.302,10.328
20241115152628.8,2670.72300128639,16.953,17.397,19.512,47.033,10.286,10.334
20241115152629.3,2671.25399820507,16.761,17.197,19.579,47.072,10.304,10.326
20241115152629.9,2671.78499512374,16.595,17.126,19.797,47.134,10.302,10.322
20241115152630.4,2672.31599204242,16.642,17.088,19.979,47.177,10.316,10.338
20241115152630.9,2672.84799478948,16.518,17.048,19.882,47.204,10.304,10.332
20241115152631.5,2673.37899170816,16.432,16.957,19.854,47.268,10.304,10.342
20241115152632,2673.90599548817,16.359,16.918,20.136,47.351,10.306,10.322
20241115152632.5,2674.43699240685,16.379,16.91,20.183,47.465,10.288,10.324
20241115152633.1,2674.97299835086,16.33,16.902,20.027,47.589,10.306,10.328
20241115152633.6,2675.50399526954,16.339,16.922,20.242,47.688,10.308,10.344
20241115152634.1,2676.03099904954,16.375,16.93,20.429,47.748,10.314,10.324
20241115152634.6,2676.56199596822,16.306,16.979,20.593,47.837,10.308,10.32
20241115152635.2,2677.09399871528,16.561,16.979,20.726,47.869,10.298,10.326
20241115152635.7,2677.62899883091,16.522,16.894,20.779,47.942,10.306,10.31
20241115152636.2,2678.15999574959,16.541,16.89,20.777,47.96,10.294,10.342
20241115152636.8,2678.69099266827,16.587,16.9,20.53,48.01,10.298,10.322
20241115152637.3,2679.22299541533,16.557,16.949,20.379,48.044,10.328,10.338
20241115152637.8,2679.75399233401,16.581,16.953,20.462,48.08,10.32,10.326
20241115152638.4,2680.28099611402,16.599,16.876,20.502,48.105,10.3,10.336
20241115152638.9,2680.81599622965,16.71,16.88,20.442,48.125,10.302,10.336
20241115152639.4,2681.34399577975,16.634,16.906,20.349,48.171,10.324,10.326
20241115152640,2681.87499269843,16.563,16.92,20.312,48.196,10.308,10.332
20241115152640.5,2682.40599967539,16.561,16.945,20.278,48.238,10.316,10.318
20241115152641,2682.95299932361,16.571,16.836,20.272,48.276,10.308,10.342
20241115152641.6,2683.48399624228,16.686,16.807,20.235,48.322,10.304,10.336
20241115152642.1,2684.01199579239,16.728,16.676,20.242,48.364,10.292,10.332
20241115152642.6,2684.54299271107,16.696,16.684,20.191,48.389,10.308,10.346
20241115152643.2,2685.07399968803,16.632,16.674,20.128,48.407,10.292,10.32
20241115152643.7,2685.60199923813,16.666,16.676,20.021,48.435,10.328,10.322
20241115152644.2,2686.13299615681,16.688,16.702,19.934,48.466,10.316,10.336
20241115152644.8,2686.66399307549,16.995,16.658,19.983,48.499,10.298,10.342
20241115152645.3,2687.1909968555,17.003,16.652,19.89,48.527,10.308,10.324
20241115152645.8,2687.72299960256,16.943,16.829,19.904,48.547,10.3,10.357
20241115152646.3,2688.25399652123,17.036,16.878,20.027,48.577,10.308,10.346
20241115152646.9,2688.78499343991,17.29,16.862,20.056,48.679,10.31,10.306
20241115152647.4,2689.31999355555,17.229,16.957,20.076,48.704,10.322,10.34
20241115152647.9,2689.84799310565,17.197,17.027,20.05,48.74,10.312,10.342
20241115152648.5,2690.37900008261,17.084,17.179,19.918,48.783,10.322,10.328
20241115152649,2690.90599380434,16.973,17.197,20.007,48.85,10.298,10.328
20241115152649.5,2691.44099391997,16.866,17.244,20.021,48.896,10.31,10.318
20241115152650.1,2691.97299666703,16.743,17.032,20.033,48.89,10.31,10.324
20241115152650.6,2692.50000044703,16.629,16.953,19.963,48.924,10.32,10.344
20241115152651.1,2693.03099736571,16.561,16.791,20.048,48.938,10.32,10.338
20241115152651.6,2693.56199428439,16.52,16.755,20.181,48.978,10.31,10.332
20241115152652.2,2694.09399703145,16.621,16.676,20.171,48.986,10.316,10.328
20241115152652.7,2694.63300034404,16.541,16.627,20.193,48.986,10.306,10.34
20241115152653.3,2695.1759967953,16.486,16.646,20.298,49.036,10.31,10.353
20241115152653.8,2695.70699371397,16.476,16.349,20.405,49.076,10.3,10.34
20241115152654.3,2696.23800069094,16.472,16.397,20.345,49.111,10.308,10.34
20241115152654.9,2696.76899760962,16.52,16.367,20.399,49.116,10.314,10.355
20241115152655.4,2697.3089966923,16.66,16.526,20.464,49.182,10.318,10.34
20241115152655.9,2697.83600047231,16.733,16.632,20.302,49.18,10.3,10.322
20241115152656.5,2698.38300012052,16.763,16.728,20.31,49.218,10.318,10.334
20241115152657,2698.90999384224,16.674,16.73,20.47,49.266,10.296,10.34
20241115152657.5,2699.44100081921,16.619,16.728,20.644,49.304,10.298,10.324
20241115152658.1,2699.97299350798,16.571,16.811,20.805,49.366,10.314,10.334
20241115152658.6,2700.49999728799,16.545,16.832,21.001,49.448,10.318,10.326
20241115152659.1,2701.03099420667,16.522,16.825,21.042,49.477,10.304,10.336
20241115152659.7,2701.5659943223,16.543,16.854,20.848,49.531,10.304,10.332
20241115152700.2,2702.10499763489,16.502,16.896,20.664,49.584,10.312,10.34
20241115152700.7,2702.64099352062,16.49,17.013,20.494,49.602,10.286,10.314
20241115152701.3,2703.16799730062,16.47,17.074,20.49,49.659,10.302,10.348
20241115152701.8,2703.6989942193,16.478,17.13,20.492,49.767,10.324,10.338
20241115152702.3,2704.23399433494,16.454,17.132,20.44,49.834,10.298,10.334
20241115152702.9,2704.76899445057,16.53,17.141,20.541,49.922,10.32,10.34
20241115152703.4,2705.30099719763,16.609,17.135,20.52,49.981,10.31,10.338
20241115152703.9,2705.83599731326,16.636,17.12,20.536,50.001,10.296,10.342
20241115152704.4,2706.36300109327,16.71,17.118,20.603,50.075,10.312,10.332
20241115152705,2706.89399801195,16.781,17.076,20.508,50.098,10.328,10.334
20241115152705.5,2707.43699446321,16.848,17.147,20.492,50.144,10.3,10.334
20241115152706.1,2707.96899721026,16.914,17.191,20.401,50.198,10.302,10.328
20241115152706.6,2708.51199366152,16.91,17.217,20.304,50.225,10.306,10.318
20241115152707.1,2709.03499424458,16.916,17.215,20.436,50.248,10.328,10.326
20241115152707.6,2709.56199802458,16.991,17.229,20.53,50.325,10.306,10.33
20241115152708.2,2710.08200123906,17.013,17.292,20.593,50.357,10.314,10.357
20241115152708.7,2710.61299815774,17.023,17.357,20.771,50.423,10.318,10.324
20241115152709.2,2711.15999780595,16.965,17.341,20.955,50.471,10.314,10.346
20241115152709.8,2711.69499792159,17.116,17.383,21.151,50.509,10.32,10.342
20241115152710.3,2712.22700066864,17.25,17.599,21.27,50.53,10.33,10.318
20241115152710.8,2712.75399439037,17.09,17.617,21.353,50.595,10.308,10.332
20241115152711.4,2713.28500136733,17.027,17.557,21.409,50.66,10.304,10.346
20241115152711.9,2713.80499452353,16.937,17.417,21.468,50.737,10.324,10.334
20241115152712.4,2714.33600150049,16.87,17.353,21.492,50.789,10.324,10.318
20241115152713,2714.86699841917,16.803,17.262,21.464,50.845,10.3,10.332
20241115152713.5,2715.39399214089,16.781,17.337,21.415,50.9,10.322,10.322
20241115152714,2715.92599488795,16.747,17.45,21.316,50.931,10.306,10.338
20241115152714.5,2716.45699180663,16.73,17.466,21.221,51.006,10.322,10.344
20241115152715.1,2716.98799878359,16.84,17.532,21.08,51.05,10.31,10.332
20241115152715.6,2717.51899570227,16.86,17.567,21.044,51.109,10.31,10.334
20241115152716.1,2718.04699525237,16.84,17.466,20.989,51.138,10.31,10.334
20241115152716.7,2718.57399903238,16.817,17.341,20.914,51.157,10.302,10.328
20241115152717.2,2719.10499595106,16.86,17.288,20.807,51.18,10.312,10.332
20241115152717.7,2719.63699869812,17.027,17.29,20.68,51.199,10.32,10.355
20241115152718.3,2720.16799561679,17.197,17.308,20.658,51.23,10.314,10.33
20241115152718.8,2720.6949993968,17.363,17.347,20.72,51.263,10.312,10.346
20241115152719.3,2721.22699208558,17.559,17.314,20.587,51.322,10.306,10.34
20241115152719.8,2721.741996333,17.672,17.264,20.48,51.322,10.322,10.334
20241115152720.4,2722.27299325168,17.739,17.28,20.482,51.349,10.31,10.338
20241115152720.9,2722.80499599874,17.565,17.276,20.442,51.361,10.32,10.324
20241115152721.4,2723.33599291742,17.343,17.197,20.401,51.405,10.302,10.314
20241115152722,2723.86699989438,17.175,17.191,20.534,51.416,10.302,10.334
20241115152722.5,2724.39799681306,17.189,17.147,20.674,51.493,10.322,10.316
20241115152723,2724.92999956012,17.347,17.201,20.791,51.556,10.32,10.328
20241115152723.5,2725.45699328184,17.32,17.296,20.678,51.595,10.31,10.326
20241115152724.1,2725.9880002588,17.272,17.365,20.563,51.664,10.304,10.324
20241115152724.6,2726.51899717748,17.139,17.434,20.389,51.786,10.306,10.324
20241115152725.1,2727.05099992454,17.11,17.337,20.304,51.865,10.318,10.324
20241115152725.7,2727.58600004017,16.995,17.28,20.122,51.902,10.304,10.334
20241115152726.2,2728.10900062323,16.93,17.284,20.165,51.942,10.314,10.328
20241115152726.7,2728.64400073886,16.928,17.27,20.074,52.007,10.3,10.328
20241115152727.3,2729.17200028896,16.848,17.165,19.989,52.107,10.3,10.334
20241115152727.8,2729.71899993718,16.809,17.08,19.831,52.166,10.3,10.32
20241115152728.3,2730.24999685585,16.747,16.73,19.696,52.287,10.31,10.324
20241115152728.9,2730.78099377453,16.761,16.791,19.753,52.366,10.298,10.328
20241115152729.4,2731.3120007515,16.775,16.676,19.704,52.41,10.318,10.316
20241115152729.9,2731.84399344027,16.753,16.763,19.617,52.521,10.306,10.32
20241115152730.5,2732.3789935559,16.753,16.789,19.5,52.636,10.304,10.31
20241115152731,2732.92200006545,16.724,16.846,19.619,52.722,10.282,10.332
20241115152731.5,2733.45299698412,16.682,16.836,19.545,52.732,10.316,10.308
20241115152732.1,2733.9839939028,16.7,16.672,19.631,52.719,10.29,10.34
20241115152732.6,2734.50800031424,16.668,16.664,19.751,52.719,10.29,10.314
20241115152733.1,2735.04300042987,16.607,16.716,19.827,52.759,10.312,10.314
20241115152733.7,2735.56999415159,16.648,16.395,19.886,52.82,10.296,10.306
20241115152734.2,2736.10499426723,16.67,16.169,19.912,52.933,10.32,10.324
20241115152734.7,2736.63699701428,16.605,16.339,19.983,52.958,10.312,10.326
20241115152735.3,2737.16400079429,16.587,16.011,20.033,52.97,10.302,10.342
20241115152735.8,2737.69499771297,16.595,16.098,20.175,53.041,10.3,10.302
20241115152736.3,2738.2299978286,16.751,16.302,20.286,53.083,10.296,10.304
20241115152736.8,2738.76200057566,16.745,16.498,20.187,53.187,10.308,10.316
20241115152737.4,2739.29299749434,16.854,16.609,20.298,53.235,10.318,10.316
20241115152737.9,2739.8359939456,16.85,16.63,20.514,53.288,10.306,10.318
20241115152738.5,2740.36700092256,16.832,16.805,20.712,53.311,10.298,10.312
20241115152739,2740.89799784124,16.902,16.827,20.817,53.354,10.3,10.322
20241115152739.5,2741.42599739134,17.1,16.896,20.93,53.402,10.318,10.348
20241115152740.1,2741.97700023651,17.197,16.947,20.995,53.448,10.312,10.312
20241115152740.6,2742.50399395823,17.276,16.975,20.922,53.492,10.294,10.292
20241115152741.1,2743.05099360645,17.274,16.971,20.838,53.574,10.282,10.322
20241115152741.7,2743.58200058341,17.474,17.169,20.706,53.624,10.308,10.338
20241115152742.2,2744.11299750209,17.367,17.12,20.726,53.751,10.298,10.316
20241115152742.7,2744.64099705219,17.159,17.019,20.595,53.833,10.286,10.314
20241115152743.3,2745.17599716783,16.993,17.213,20.692,53.898,10.288,10.314
20241115152743.8,2745.69899775088,16.876,17.201,20.739,53.988,10.282,10.32
20241115152744.3,2746.22999466956,16.809,17.056,20.739,54.031,10.302,10.318
20241115152744.8,2746.76199741662,16.884,17.023,20.761,54.077,10.324,10.324
20241115152745.4,2747.29299433529,16.819,17.007,20.819,54.121,10.306,10.324
20241115152745.9,2747.83199764788,17.013,16.973,20.724,54.163,10.298,10.304
20241115152746.4,2748.35900142789,17.276,16.993,20.526,54.209,10.3,10.31
20241115152747,2748.89400154352,17.229,17.054,20.565,54.29,10.302,10.306
20241115152747.5,2749.45699386299,17.163,16.989,20.702,54.328,10.32,10.326
20241115152748.1,2749.99199397862,17.084,17.124,20.797,54.376,10.306,10.342
20241115152748.6,2750.52300095558,17.027,16.775,20.838,54.443,10.294,10.314
20241115152749.1,2751.05499364436,16.963,16.68,20.945,54.495,10.308,10.314
20241115152749.7,2751.58199742436,16.884,16.52,21.086,54.552,10.298,10.328
20241115152750.2,2752.12899707258,16.864,16.619,21.151,54.65,10.302,10.322
20241115152750.7,2752.65999399126,16.829,16.815,21.13,54.715,10.306,10.32
20241115152751.3,2753.2030005008,16.775,16.963,21.062,54.788,10.312,10.33
20241115152751.8,2753.73399741948,16.775,17.072,20.947,54.919,10.312,10.326
20241115152752.4,2754.26899753511,16.87,17.159,20.805,55.024,10.292,10.318
20241115152752.9,2754.81199398637,16.908,17.191,20.704,55.08,10.296,10.34
20241115152753.4,2755.35899363458,16.856,17.143,20.365,55.114,10.304,10.318
20241115152754,2755.89099638164,16.892,17.171,20.282,55.132,10.308,10.326
20241115152754.5,2756.4339928329,16.718,17.185,20.296,55.139,10.284,10.328
20241115152755.1,2756.96499980986,16.535,16.856,20.345,55.241,10.294,10.312
20241115152755.6,2757.49999992549,16.436,16.625,20.339,55.304,10.296,10.328
20241115152756.1,2758.02699364722,16.393,16.547,20.367,55.327,10.286,10.318
20241115152756.6,2758.55899639428,16.387,16.508,20.296,55.362,10.308,10.334
20241115152757.2,2759.08999331295,16.274,16.537,20.25,55.414,10.302,10.33
20241115152757.7,2759.62100028992,16.272,16.623,20.268,55.49,10.302,10.324
20241115152758.2,2760.15600040555,16.151,16.728,20.318,55.617,10.296,10.322
20241115152758.8,2760.69100052118,16.1,16.623,20.314,55.692,10.3,10.308
20241115152759.3,2761.21900007129,16.102,16.49,20.353,55.792,10.31,10.338
20241115152759.9,2761.7659997195,16.096,16.48,20.44,55.864,10.316,10.332
20241115152800.4,2762.29699663818,16.104,16.236,20.456,55.934,10.31,10.326
20241115152800.9,2762.83199675381,16.147,16.201,20.413,55.955,10.288,10.318
20241115152801.4,2763.35900053382,16.185,16.3,20.365,56.039,10.308,10.33
20241115152802,2763.89099322259,16.189,16.294,20.27,56.081,10.294,10.332
20241115152802.5,2764.42200019956,16.393,16.236,20.151,56.123,10.284,10.316
20241115152803.1,2764.96899984777,16.371,16.3,19.979,56.221,10.294,10.314
20241115152803.6,2765.49999676645,16.377,16.254,19.953,56.352,10.3,10.32
20241115152804.1,2766.03499688208,16.555,16.292,20.019,56.532,10.304,10.318
20241115152804.7,2766.56999699771,16.48,16.135,20.076,56.739,10.292,10.322
20241115152805.2,2767.10199974477,16.452,16.258,20.139,56.939,10.298,10.316
20241115152805.7,2767.6289934665,16.423,16.371,20.242,57.221,10.29,10.326
20241115152806.2,2768.1559972465,16.458,16.456,20.543,57.714,10.31,10.318
20241115152806.8,2768.68699416518,16.272,16.508,20.266,57.834,10.302,10.328
20241115152807.3,2769.2339938134,16.209,16.672,20.118,57.936,10.31,10.322
20241115152807.9,2769.76599656045,16.278,16.712,19.902,58.088,10.304,10.338
20241115152808.4,2770.30899301171,16.326,16.737,19.403,58.176,10.288,10.326
20241115152808.9,2770.83999998868,16.405,16.803,19.215,58.222,10.306,10.306
20241115152809.5,2771.37099690735,16.567,16.937,19.246,58.274,10.296,10.306
20241115152810,2771.90199382603,16.652,17.07,19.389,58.381,10.3,10.324
20241115152810.5,2772.44899347425,16.668,17.133,19.541,58.452,10.278,10.338
20241115152811.1,2772.97699302435,16.87,17.187,19.557,58.504,10.318,10.32
20241115152811.6,2773.52299690247,16.937,17.286,19.706,58.577,10.282,10.312
20241115152812.1,2774.05499964952,16.943,17.371,19.852,58.661,10.294,10.314
20241115152812.7,2774.58199337125,16.779,17.397,19.866,58.726,10.284,10.334
20241115152813.2,2775.11300034821,16.7,17.367,19.894,58.838,10.288,10.328
20241115152813.7,2775.64399726689,16.617,17.332,19.965,59.005,10.284,10.312
20241115152814.3,2776.17600001395,16.565,17.292,20.112,59.108,10.288,10.326
20241115152814.8,2776.71100012958,16.603,17.254,20.304,59.227,10.292,10.326
20241115152815.3,2777.2379938513,16.684,16.981,20.46,59.308,10.298,10.318
20241115152815.9,2777.76599340141,16.751,16.908,20.583,59.413,10.296,10.314
20241115152816.4,2778.30099351704,16.88,16.924,20.714,59.528,10.298,10.31
20241115152816.9,2778.82399410009,16.882,16.878,20.767,59.626,10.29,10.31
20241115152817.4,2779.35899421573,16.963,16.84,20.771,59.703,10.29,10.312
20241115152818,2779.89099696279,16.856,16.809,20.777,59.802,10.294,10.314
20241115152818.5,2780.42199388146,16.807,16.809,20.737,59.921,10.284,10.33
20241115152819.1,2780.96500039101,16.648,16.783,20.767,60.046,10.3,10.322
20241115152819.6,2781.49199411273,16.561,16.759,20.781,60.232,10.296,10.306
20241115152820.1,2782.03500062227,16.543,16.743,20.759,60.372,10.292,10.324
20241115152820.7,2782.56599754095,16.446,16.712,20.759,60.514,10.298,10.306
20241115152821.2,2783.09800028801,16.44,16.704,20.787,60.695,10.3,10.314
20241115152821.7,2783.62499400973,16.401,16.668,20.775,60.829,10.304,10.332
20241115152822.2,2784.1560009867,16.407,16.448,20.706,60.932,10.282,10.322
20241115152822.8,2784.6840005368,16.431,16.274,20.704,61.073,10.312,10.32
20241115152823.3,2785.22999435663,16.434,16.238,20.668,61.201,10.286,10.308
20241115152823.8,2785.76199710369,16.448,16.268,20.524,61.339,10.312,10.298
20241115152824.4,2786.30499355495,16.454,16.401,20.49,61.466,10.3,10.34
20241115152824.9,2786.83600053191,16.452,16.383,20.539,61.581,10.31,10.322
20241115152825.4,2787.36299425364,16.431,16.5,20.579,61.692,10.304,10.332
20241115152826,2787.8940012306,16.409,16.603,20.583,61.751,10.29,10.328
20241115152826.5,2788.43699768186,16.397,16.581,20.526,61.852,10.294,10.312
20241115152827.1,2788.97299356759,16.377,16.654,20.543,61.967,10.29,10.314
20241115152827.6,2789.50400054455,16.387,16.603,20.5,62.112,10.308,10.32
20241115152828.1,2790.03099426627,16.389,16.676,20.524,62.321,10.294,10.312
20241115152828.6,2790.56200124323,16.401,16.585,20.478,62.48,10.306,10.326
20241115152829.2,2791.09399393201,16.407,16.587,20.53,62.606,10.302,10.332
20241115152829.7,2791.62899404764,16.434,16.589,20.573,62.78,10.306,10.316
20241115152830.2,2792.15599782765,16.46,16.65,20.625,62.944,10.308,10.326
20241115152830.8,2792.69899427891,16.49,16.638,20.648,63.131,10.312,10.328
20241115152831.3,2793.23000125587,16.472,16.488,20.638,63.302,10.308,10.316
20241115152831.9,2793.7659971416,16.464,16.522,20.658,63.465,10.304,10.31
20241115152832.4,2794.30899359286,16.472,16.48,20.678,63.659,10.29,10.316
20241115152832.9,2794.84000056982,16.46,16.464,20.688,63.854,10.312,10.326
20241115152833.5,2795.36699429154,16.5,16.48,20.64,64.087,10.308,10.31
20241115152834,2795.90199440718,16.506,16.506,20.694,64.31,10.308,10.312
20241115152834.5,2796.42999395728,16.646,16.621,20.753,64.52,10.292,10.33
20241115152835.1,2796.97300046682,16.607,16.662,20.803,64.69,10.312,10.31
20241115152835.6,2797.51899428666,16.629,16.728,20.702,64.875,10.304,10.306
20241115152836.1,2798.0620007962,16.64,16.629,20.757,65.062,10.29,10.322
20241115152836.7,2798.60900044441,16.658,16.646,20.84,65.264,10.284,10.348
20241115152837.2,2799.13699999452,16.593,16.629,20.848,65.442,10.294,10.33
20241115152837.8,2799.66799691319,16.535,16.704,20.894,65.631,10.292,10.294
20241115152838.3,2800.20299702883,16.821,16.579,20.89,65.799,10.296,10.296
20241115152838.8,2800.73799714446,16.999,16.44,20.904,66.001,10.3,10.31
20241115152839.4,2801.28499679267,16.965,16.254,20.928,66.19,10.3,10.332
20241115152839.9,2801.82400010526,17.029,16.494,20.932,66.413,10.304,10.31
20241115152840.4,2802.35499702394,17.042,16.648,20.947,66.719,10.322,10.316
20241115152841,2802.89099290967,17.08,16.73,21.005,67.02,10.282,10.314
20241115152841.5,2803.4259930253,17.078,16.599,20.967,67.293,10.292,10.324
20241115152842,2803.95700000226,16.977,16.524,20.973,67.585,10.308,10.316
20241115152842.6,2804.48799692094,16.993,16.623,21.086,67.864,10.3,10.318
20241115152843.1,2805.01899383962,16.995,16.686,21.088,68.133,10.304,10.314
20241115152843.6,2805.55099658668,16.953,16.793,21.031,68.381,10.288,10.322
20241115152844.2,2806.09399303794,16.941,16.751,20.892,68.671,10.308,10.296
20241115152844.7,2806.6250000149,16.961,16.353,20.741,68.936,10.302,10.324
20241115152845.3,2807.16799646616,16.945,16.236,20.698,69.242,10.3,10.304
20241115152845.8,2807.70299658179,16.918,16.328,20.759,69.486,10.316,10.308
20241115152846.3,2808.24999623001,16.955,16.522,20.924,69.755,10.308,10.308
20241115152846.9,2808.77700001001,17.025,16.601,21.029,70.047,10.282,10.314
20241115152847.4,2809.31200012565,17.203,16.765,21.056,70.414,10.304,10.33
20241115152847.9,2809.84399281442,17.084,16.951,21.072,70.797,10.308,10.326
20241115152848.5,2810.37899293005,16.979,17.06,21.074,71.133,10.292,10.322
20241115152849,2810.90599671006,16.931,17.159,20.991,71.467,10.29,10.322
20241115152849.5,2811.45299635828,16.831,17.191,20.922,71.816,10.314,10.318
20241115152850.1,2811.98399327695,16.753,17.135,20.696,72.179,10.314,10.312
20241115152850.6,2812.53099292517,16.696,17.106,20.571,72.591,10.302,10.316
20241115152851.1,2813.05899247527,16.63,17.086,20.429,72.965,10.286,10.312
20241115152851.7,2813.60199898481,16.634,17.104,20.161,73.394,10.318,10.302
20241115152852.2,2814.13699910045,16.724,17.086,20.233,73.871,10.314,10.32
20241115152852.8,2814.66399282217,16.722,17.078,20.361,74.396,10.296,10.32
20241115152853.3,2815.19499979913,16.712,17.042,20.498,74.855,10.306,10.302
20241115152853.8,2815.72699248791,16.749,17.027,20.413,75.307,10.312,10.318
20241115152854.4,2816.27299636602,16.832,16.997,20.383,75.742,10.304,10.324
20241115152854.9,2816.81199967861,16.805,17.017,20.435,76.186,10.31,10.314
20241115152855.4,2817.34799556434,16.896,17.08,20.537,76.589,10.318,10.318
20241115152856,2817.87899248302,17.07,17.24,20.609,76.944,10.308,10.322
20241115152856.5,2818.40999945998,17.06,17.306,20.607,77.312,10.294,10.326
20241115152857,2818.93699318171,17.08,17.341,20.579,77.777,10.304,10.314
20241115152857.6,2819.47699226439,17.084,17.371,20.537,78.252,10.31,10.312
20241115152858.1,2819.99999284744,17.078,17.417,20.567,78.74,10.306,10.324
20241115152858.6,2820.5309998244,17.092,17.482,20.389,79.2,10.306,10.316
20241115152859.1,2821.06199674308,16.961,17.526,20.254,79.631,10.314,10.328
20241115152859.7,2821.58599309623,17.04,17.506,20.128,80.09,10.312,10.326
20241115152900.2,2822.11700007319,17.333,17.516,20.435,80.586,10.304,10.306
20241115152900.7,2822.65200018883,17.706,17.49,20.605,81.034,10.31,10.31
20241115152901.3,2823.19899983704,17.557,17.393,20.757,81.498,10.308,10.326
20241115152901.8,2823.72699938715,17.288,17.288,20.86,81.99,10.316,10.312
20241115152902.3,2824.25799630582,17.213,17.246,20.819,82.551,10.314,10.334
20241115152902.9,2824.7889932245,17.149,17.292,20.884,83.128,10.302,10.32
20241115152903.4,2825.32399334013,16.981,17.177,20.908,83.762,10.296,10.31
20241115152903.9,2825.8550003171,16.933,17.254,20.878,84.339,10.3,10.318
20241115152904.5,2826.38699300587,16.926,17.339,20.777,84.954,10.314,10.316
20241115152905,2826.9219931215,17.163,17.343,20.793,85.6,10.306,10.324
20241115152905.5,2827.45300009847,17.45,17.082,20.668,86.24,10.304,10.316
20241115152906.1,2827.9880002141,17.349,17.036,20.518,86.818,10.3,10.32
20241115152906.6,2828.51899713278,17.314,16.969,20.462,87.461,10.294,10.326
20241115152907.1,2829.04699668288,17.219,17.1,20.429,88.159,10.312,10.306
20241115152907.7,2829.57799360156,17.145,17.229,20.502,88.868,10.324,10.296
20241115152908.2,2830.12499324977,17.084,17.29,20.583,89.628,10.3,10.33
20241115152908.7,2830.65600022674,17.191,17.339,20.688,90.328,10.302,10.316
20241115152909.3,2831.18699714541,17.183,17.246,20.611,91.119,10.306,10.314
20241115152909.8,2831.71499669552,17.219,17.177,20.656,91.858,10.314,10.326
20241115152910.4,2832.26599954069,17.322,17.195,20.478,92.667,10.312,10.348
20241115152910.9,2832.79299326241,17.349,17.1,20.508,93.499,10.312,10.32
20241115152911.4,2833.33999291062,17.44,16.89,20.478,94.267,10.31,10.328
20241115152912,2833.87499302626,17.304,16.718,20.316,95.078,10.304,10.312
20241115152912.5,2834.40999314189,17.098,16.793,20.074,95.972,10.302,10.306
20241115152913,2834.94100011885,16.892,16.872,20.054,96.928,10.3,10.312
20241115152913.6,2835.49199290574,16.757,16.888,20.011,97.878,10.312,10.318
20241115152914.1,2836.0229998827,16.623,16.846,20.048,98.791,10.304,10.326
20241115152914.7,2836.56999953091,16.549,16.755,20.143,99.763,10.312,10.326
20241115152915.2,2837.11299598217,16.462,16.656,20.096,100.742,10.302,10.306
20241115152915.7,2837.65999563038,16.559,16.629,20.235,101.905,10.312,10.326
20241115152916.3,2838.20299208164,16.603,16.466,20.248,103.029,10.312,10.298
20241115152916.8,2838.74599859118,16.603,16.512,20.225,104.112,10.294,10.316
20241115152917.4,2839.27699550986,16.549,16.555,20.284,105.179,10.306,10.33
20241115152917.9,2839.8119956255,16.672,16.508,20.403,106.395,10.316,10.31
20241115152918.4,2840.36299847066,16.674,16.504,20.478,107.643,10.286,10.304
20241115152919,2840.90999811888,16.601,16.512,20.357,108.905,10.308,10.32
20241115152919.5,2841.44499823451,16.528,16.452,20.343,110.286,10.3,10.316
20241115152920.1,2841.99199788272,16.551,16.427,20.324,111.681,10.302,10.326
20241115152920.6,2842.53100119531,16.528,16.359,20.183,113.087,10.314,10.292
20241115152921.2,2843.0819939822,16.484,16.288,20.139,114.606,10.31,10.316
20241115152921.7,2843.62899363041,16.468,16.264,20.102,115.989,10.292,10.316
20241115152922.4,2844.29300129414,16.632,16.431,20.147,117.77,10.296,10.308
20241115152922.9,2844.81999501586,16.545,16.559,20.286,119.226,10.312,10.316
20241115152923.4,2845.35199776292,16.528,16.593,20.353,120.753,10.302,10.33
20241115152924,2845.8829946816,16.52,16.642,20.417,122.256,10.3,10.314
20241115152924.5,2846.4099984616,16.468,16.476,20.47,123.674,10.31,10.334
20241115152925,2846.94099538028,16.48,16.526,20.577,125.295,10.322,10.3
20241115152925.6,2847.4770013243,16.444,16.581,20.704,126.885,10.3,10.332
20241115152926.1,2848.01200143993,16.565,16.569,20.672,128.571,10.306,10.318
20241115152926.6,2848.54700155556,16.686,16.627,20.728,130.464,10.302,10.334
20241115152927.2,2849.07399527729,16.765,16.557,20.819,132.218,10.298,10.31
20241115152927.7,2849.61299858987,16.761,16.44,20.882,134.014,10.296,10.328
20241115152928.2,2850.14399550855,16.797,16.454,20.876,135.815,10.294,10.302
20241115152928.8,2850.67599825561,16.722,16.333,20.959,137.51,10.312,10.32
20241115152929.3,2851.22700110078,16.737,16.31,20.973,139.359,10.294,10.326
20241115152929.8,2851.76200121641,16.668,16.288,20.987,141.31,10.292,10.324
20241115152930.4,2852.30499766767,16.632,16.199,20.987,143.335,10.302,10.322
20241115152930.9,2852.84400098026,16.654,16.337,20.983,145.311,10.318,10.326
20241115152931.5,2853.398001194,16.634,16.45,20.939,147.306,10.288,10.324
20241115152932,2853.92999388278,16.611,16.581,20.868,149.243,10.302,10.318
20241115152932.6,2854.47699353099,16.547,16.722,21.021,151.126,10.296,10.318
20241115152933.1,2855.00800050795,16.603,16.609,21.341,153.171,10.304,10.312
20241115152933.6,2855.55099695921,16.644,16.498,21.494,155.298,10.302,10.318
20241115152934.2,2856.08599707484,16.595,16.579,21.532,157.415,10.33,10.312
20241115152934.7,2856.65999315679,16.615,16.506,21.496,159.618,10.304,10.334
20241115152935.3,2857.1869969368,16.64,16.658,21.52,161.899,10.306,10.306
20241115152935.8,2857.71899968386,16.595,16.765,21.5,164.124,10.304,10.318
20241115152936.3,2858.24999660254,16.547,16.831,21.427,166.548,10.312,10.318
20241115152936.9,2858.79699625075,16.47,16.914,21.064,169.109,10.286,10.326
20241115152937.4,2859.33199636638,16.466,17.003,20.741,171.512,10.28,10.304
20241115152937.9,2859.86299328506,16.446,17.017,20.728,174.17,10.302,10.306
20241115152938.5,2860.40999293327,16.555,16.795,20.771,176.863,10.318,10.326
20241115152939,2860.94899624586,16.664,16.522,20.698,179.746,10.31,10.316
20241115152939.6,2861.49199269712,16.571,16.399,20.615,182.345,10.314,10.316
20241115152940.1,2862.02699281275,16.516,16.482,20.504,184.966,10.294,10.322
20241115152940.6,2862.56199292839,16.512,16.537,20.506,187.376,10.282,10.296
20241115152941.2,2863.10199201107,16.488,16.694,20.452,189.814,10.306,10.304
20241115152941.7,2863.64799588919,16.504,16.787,20.444,192.114,10.298,10.312
20241115152942.3,2864.17599543929,16.595,16.928,20.423,194.548,10.304,10.33
20241115152942.8,2864.7229950875,16.591,17.001,20.375,197.21,10.296,10.32
20241115152943.4,2865.26600159705,16.634,16.888,20.389,199.859,10.3,10.31
20241115152943.9,2865.80899804831,16.595,16.733,20.324,202.434,10.302,10.31
20241115152944.4,2866.34399816394,16.718,16.924,20.347,205.032,10.304,10.316
20241115152945,2866.89099781215,16.777,16.914,20.567,207.384,10.298,10.324
20241115152945.5,2867.43700169027,16.69,16.997,20.682,209.909,10.298,10.31
20241115152946.3,2868.16799752414,16.726,17.031,20.761,213.35,10.292,10.318
20241115152946.8,2868.69899444282,16.706,17.064,20.87,215.689,10.296,10.326
20241115152947.3,2869.23000141978,16.722,17.034,20.829,218.417,10.292,10.298
20241115152947.8,2869.76199410856,16.821,17.044,20.571,221.199,10.294,10.318
20241115152948.4,2870.29300108552,16.674,17.098,20.621,223.734,10.286,10.306
20241115152948.9,2870.83199433982,16.609,16.848,20.823,226.622,10.324,10.326
20241115152949.5,2871.36699445546,16.577,16.803,21.044,229.436,10.31,10.302
20241115152950,2871.910000965,16.601,16.821,21.298,232.042,10.312,10.306
20241115152950.5,2872.44500108063,16.621,16.838,21.429,234.816,10.316,10.314
20241115152951.1,2872.97699376941,16.682,16.831,21.46,237.424,10.324,10.32
20241115152951.6,2873.51199388504,16.627,16.916,21.442,239.652,10.296,10.322
20241115152952.1,2874.043000862,16.615,17.056,21.195,241.995,10.292,10.326
20241115152952.7,2874.58599731326,16.644,17.122,21.044,244.18,10.292,10.306
20241115152953.2,2875.12899376452,16.71,17.132,20.86,247.004,10.31,10.3
20241115152953.7,2875.66000074148,16.858,17.074,20.73,249.369,10.302,10.324
20241115152954.3,2876.2070003897,16.662,17.011,20.583,251.969,10.302,10.32
20241115152954.8,2876.74200050533,16.591,17.1,20.407,254.818,10.298,10.314
20241115152955.4,2877.29299329221,16.599,17.015,20.381,257.6,10.302,10.34
20241115152955.9,2877.82799340785,16.549,17.007,20.436,260.265,10.292,10.324
20241115152956.5,2878.37499305606,16.522,16.991,20.621,263.011,10.296,10.326
20241115152957,2878.90199683607,16.484,17.064,20.833,265.571,10.298,10.32
20241115152957.5,2879.44899648428,16.452,16.815,20.914,268.204,10.306,10.308
20241115152958.1,2879.97999340296,16.607,16.702,20.991,271.286,10.304,10.332
20241115152958.6,2880.53499944508,16.878,16.395,21.106,273.361,10.298,10.306
20241115152959.1,2881.0619931668,16.848,16.444,20.951,277.132,10.302,10.328
20241115152959.7,2881.60899281502,16.686,16.528,20.999,280.228,10.302,10.306
20241115153000.2,2882.14399293065,16.595,16.567,20.959,283.564,10.304,10.33
20241115153000.8,2882.69099257886,16.504,16.621,20.844,286.655,10.304,10.322
20241115153001.3,2883.23799222708,16.569,16.458,20.757,289.915,10.306,10.314
20241115153001.9,2883.76899920404,16.819,16.52,20.635,293.284,10.31,10.334
20241115153002.4,2884.3119956553,16.805,16.516,20.401,296.768,10.296,10.318
20241115153002.9,2884.84399840236,16.662,16.535,20.284,300.124,10.29,10.31
20241115153003.5,2885.38300171494,16.593,16.581,20.217,303.42,10.31,10.312
20241115153004,2885.90999543667,16.547,16.621,20.054,306.268,10.308,10.324
20241115153004.6,2886.46500147879,16.474,16.63,19.987,309.82,10.314,10.302
20241115153005.1,2887.00799793005,16.427,16.712,19.898,312.956,10.306,10.314
20241115153005.6,2887.55099438131,16.381,16.64,19.791,316.134,10.302,10.322
20241115153006.2,2888.07799816132,16.337,16.688,19.817,319.651,10.284,10.308
20241115153006.7,2888.62499780953,16.32,16.674,19.997,322.627,10.29,10.322
20241115153007.3,2889.16799426079,16.298,16.664,20.108,326.258,10.292,10.308
20241115153007.8,2889.71100077033,16.286,16.634,20.276,329.43,10.318,10.324
20241115153008.3,2890.24199768901,16.28,16.64,20.351,332.923,10.306,10.318
20241115153008.9,2890.77699780464,16.29,16.638,20.365,336.464,10.314,10.314
20241115153009.4,2891.3199942559,16.302,16.47,20.423,339.012,10.296,10.318
20241115153010,2891.87099710107,16.304,16.312,20.633,342.001,10.298,10.312
20241115153010.5,2892.42199994624,16.322,16.316,20.728,345.152,10.316,10.332
20241115153011,2892.94899366796,16.33,16.207,20.848,346.74,10.302,10.32
20241115153011.6,2893.49599331617,16.31,16.007,20.949,349.522,10.302,10.332
20241115153012.1,2894.03899982572,16.335,16.05,21.003,352.251,10.304,10.316
20241115153012.7,2894.56999674439,16.335,16.044,21.062,355.44,10.308,10.326
20241115153013.2,2895.10499686003,16.343,16.094,21.108,359.173,10.298,10.316
20241115153013.7,2895.64099274576,16.343,16.027,21.126,362.959,10.316,10.314
20241115153014.3,2896.17599286139,16.476,16.242,21.197,366.205,10.316,10.32
20241115153014.8,2896.71899937093,16.632,16.205,21.175,369.383,10.314,10.318
20241115153015.4,2897.26599901915,16.834,16.05,21.136,372.563,10.302,10.312
20241115153015.9,2897.81599603593,16.765,16.215,21.046,375.448,10.292,10.336
20241115153016.4,2898.35899248719,16.654,16.347,21.086,376.733,10.29,10.306
20241115153017,2898.90599213541,16.589,16.464,21.114,380.619,10.304,10.33
20241115153017.5,2899.44099225104,16.567,16.258,21.136,385.371,10.312,10.308
20241115153018.1,2899.98399876058,16.749,16.371,21.153,387.261,10.304,10.33
20241115153018.6,2900.51600150764,16.737,16.436,21.181,390.992,10.304,10.31
20241115153019.2,2901.06599852443,16.678,16.284,21.201,394.042,10.294,10.32
20241115153019.7,2901.60899497569,16.652,16.337,21.171,397.367,10.302,10.302
20241115153020.2,2902.14099772274,16.716,16.415,21.033,402.306,10.306,10.292
20241115153020.8,2902.683994174,16.783,16.502,21.08,406.14,10.3,10.324
20241115153021.3,2903.22999805212,16.945,16.498,21.046,410.345,10.302,10.306
20241115153021.9,2903.77699770033,16.957,16.597,21.124,418.894,10.326,10.33
20241115153022.4,2904.31999415159,16.85,16.593,21.143,425.12,10.32,10.328
20241115153022.9,2904.85199689865,16.803,16.506,21.195,435.903,10.308,10.34
20241115153023.5,2905.39800077677,16.795,16.581,21.171,448.546,10.322,10.31
20241115153024,2905.92999346554,16.773,16.563,21.076,458.363,10.304,10.322
20241115153024.6,2906.47699311376,16.735,16.589,21.13,475.902,10.296,10.304
20241115153025.1,2907.00800009072,16.753,16.587,21.189,499.455,10.304,10.302
20241115153025.6,2907.55499973893,16.755,16.615,21.28,523.77,10.298,10.322
20241115153026.2,2908.09799619019,16.68,16.714,21.343,548.375,10.308,10.318
20241115153026.7,2908.64099264145,16.619,16.747,21.345,567.531,10.31,10.328
20241115153027.3,2909.17599275708,16.605,16.759,21.328,575.134,10.302,10.314
20241115153027.8,2909.71099287271,16.555,16.789,21.322,582.041,10.316,10.318
20241115153028.4,2910.30100174248,16.518,16.731,21.298,601.296,10.298,10.334
20241115153028.9,2910.84399819374,16.508,16.759,21.326,612.128,10.31,10.338
20241115153029.5,2911.37899830937,16.45,16.65,21.343,613.954,10.31,10.32
20241115153030,2911.92599795759,16.425,16.268,21.415,625.253,10.31,10.318
20241115153030.6,2912.46899440885,16.456,16.122,21.488,636.114,10.298,10.316
20241115153031.1,2913.00000138581,16.442,15.937,21.431,642.469,10.31,10.332
20241115153031.6,2913.53099830449,16.524,15.781,21.341,646.189,10.3,10.316
20241115153032.2,2914.07399475574,16.761,15.872,21.381,652.882,10.284,10.314
20241115153032.7,2914.62900079787,16.779,16.209,21.353,656.218,10.316,10.326
20241115153033.3,2915.17600044608,16.743,16.442,21.112,666.485,10.302,10.318
20241115153033.8,2915.71899689734,16.69,16.147,20.734,674.433,10.308,10.344
20241115153034.4,2916.26599654555,16.634,16.124,20.559,680.019,10.32,10.353
20241115153034.9,2916.80899299681,16.551,16.407,20.464,683.998,10.306,10.324
20241115153035.4,2917.33599677682,16.607,16.567,20.353,695.343,10.324,10.33
20241115153036,2917.88299642503,16.585,16.836,20.385,680.633,10.306,10.336
20241115153036.5,2918.42999607325,16.627,16.761,20.433,709.235,10.312,10.328
20241115153037.1,2918.9729925245,16.567,16.615,20.389,707.725,10.318,10.332
20241115153037.6,2919.50399950147,16.411,16.722,20.304,712.13,10.32,10.32
20241115153038.1,2920.05099914968,16.377,16.726,20.256,705.112,10.322,10.33
20241115153038.7,2920.59399560094,16.318,16.44,20.3,707.67,10.302,10.336
20241115153039.2,2921.12499251962,16.294,16.474,20.431,706.063,10.306,10.332
20241115153039.8,2921.66799902916,16.264,16.409,20.565,783.234,10.322,10.322
20241115153040.3,2922.19899594784,16.272,16.452,20.698,449.097,10.324,10.324
20241115153040.8,2922.7419923991,16.431,16.419,20.868,270.169,10.314,10.336
20241115153041.4,2923.28899204731,16.476,16.44,21.009,180.32,10.312,10.324
20241115153041.9,2923.83599169552,16.522,16.583,21.074,133.756,10.316,10.316
20241115153042.4,2924.36299547553,16.678,16.625,21.165,102.58,10.314,10.326
20241115153043,2924.89799559116,16.767,16.775,21.324,81.347,10.316,10.326
20241115153043.5,2925.44499523938,16.751,16.888,21.484,65.514,10.296,10.318
20241115153044.1,2925.99199488759,16.658,16.933,21.609,53.273,10.316,10.338
20241115153044.6,2926.54299773276,16.533,17.009,21.627,44.132,10.3,10.328
20241115153045.2,2927.08999738097,16.629,16.955,21.633,37.062,10.318,10.332
20241115153045.7,2927.63299383223,16.69,16.922,21.522,31.866,10.312,10.334
20241115153046.3,2928.1839966774,16.759,16.914,21.478,27.702,10.322,10.34
20241115153046.8,2928.71499359608,16.783,16.961,21.48,25.089,10.322,10.322
20241115153047.3,2929.25800010562,16.825,16.973,21.476,23.309,10.31,10.326
20241115153047.9,2929.81599345803,16.834,16.977,21.399,22.037,10.306,10.33
20241115153048.4,2930.35899996758,16.868,16.939,21.046,21.185,10.314,10.316
20241115153049,2930.89099265635,16.949,16.959,20.977,20.543,10.318,10.334
20241115153049.5,2931.43699653447,17.068,16.866,20.918,19.924,10.312,10.33
20241115153050.1,2931.97999298573,17.139,16.759,20.811,19.268,10.326,10.318
20241115153050.6,2932.52299949527,17.427,16.783,20.759,18.769,10.314,10.324
20241115153051.2,2933.06999914348,17.322,16.908,20.698,18.444,10.318,10.33
20241115153051.7,2933.61299559474,17.116,16.918,20.563,18.318,10.318,10.332
20241115153052.3,2934.16800163686,16.931,17.015,20.454,18.332,10.314,10.312
20241115153052.8,2934.71500128508,16.848,17.054,20.391,18.193,10.328,10.33
20241115153053.4,2935.2810010314,16.753,17.112,20.359,18.068,10.32,10.318
20241115153053.9,2935.84000021219,16.755,17.191,20.266,18.036,10.316,10.324
20241115153054.5,2936.38699986041,16.745,17.223,20.175,17.928,10.332,10.322
20241115153055,2936.91799677908,16.73,17.153,20.254,17.716,10.324,10.306
