20241115164911.5,0,12.787,12.922,13.31,13.029,10.429,10.346
20241115164912.3,0.805004686117172,12.779,12.91,13.312,13.015,10.407,10.346
20241115164913.4,1.90299712121487,12.789,12.89,13.304,13.025,10.403,10.348
20241115164914.1,2.55499519407749,12.803,12.906,13.324,13.007,10.405,10.352
20241115164914.6,3.04300300776958,12.774,12.914,13.316,13.017,10.437,10.374
20241115164915.1,3.5780031234026,12.776,12.914,13.322,13.011,10.443,10.366
20241115164915.6,4.02800068259239,12.784,12.912,13.32,13.021,10.437,10.354
20241115164916,4.46899607777596,12.788,12.918,13.328,13.023,10.427,10.374
20241115164916.4,4.91799786686897,12.786,12.922,13.314,13.021,10.435,10.37
20241115164916.9,5.35599589347839,12.811,12.912,13.316,13.011,10.433,10.35
20241115164917.3,5.80900087952614,12.786,12.912,13.306,13.025,10.441,10.368
20241115164917.8,6.24199993908405,12.78,12.908,13.304,13.021,10.431,10.366
20241115164918.2,6.69899806380272,12.793,12.91,13.324,13.007,10.421,10.346
20241115164918.7,7.15299881994724,12.786,12.908,13.314,13.027,10.433,10.358
20241115164919.1,7.59000107645988,12.788,12.922,13.346,13.025,10.429,10.366
20241115164919.6,8.02799910306931,12.774,12.93,13.316,13.019,10.433,10.37
20241115164920,8.46099816262722,12.795,12.912,13.318,13.045,10.431,10.364
20241115164920.5,8.92999581992626,12.778,12.918,13.314,13.021,10.429,10.356
20241115164920.9,9.3669980764389,12.797,12.906,13.314,13.005,10.437,10.36
20241115164921.3,9.80499610304832,12.772,12.894,13.306,13.027,10.403,10.358
20241115164921.8,10.241998359561,12.764,12.894,13.304,12.999,10.435,10.348
20241115164922.2,10.6919959187508,12.791,12.878,13.314,13.023,10.415,10.352
20241115164922.7,11.1289981752634,12.77,12.888,13.31,13.015,10.433,10.364
20241115164923.1,11.5709993988276,12.764,12.912,13.322,13.023,10.429,10.366
20241115164923.5,12.0039984583855,12.783,12.902,13.298,13.005,10.429,10.37
20241115164924,12.4419964849949,12.777,12.908,13.308,13.013,10.423,10.354
20241115164924.4,12.8909982740879,12.767,12.89,13.296,13.001,10.445,10.342
20241115164924.9,13.3320037275553,12.754,12.888,13.294,12.989,10.415,10.352
20241115164925.3,13.7700017541647,12.755,12.871,13.271,12.974,10.418,10.347
20241115164925.7,14.2109971493483,12.762,12.879,13.273,12.992,10.416,10.331
20241115164926.2,14.6489951759577,12.784,12.877,13.291,12.974,10.418,10.353
20241115164926.6,15.0859974324703,12.772,12.883,13.281,12.986,10.412,10.341
20241115164927.1,15.5239954590797,12.76,12.869,13.277,13.004,10.407,10.357
20241115164927.5,15.9609977155924,12.756,12.873,13.287,12.996,10.414,10.361
20241115164927.9,16.4099995046854,12.77,12.885,13.283,12.996,10.403,10.339
20241115164928.4,16.8479975312948,12.78,12.891,13.293,12.992,10.393,10.361
20241115164928.8,17.2849997878075,12.772,12.899,13.283,12.98,10.436,10.361
20241115164929.3,17.739000543952,12.786,12.899,13.293,12.984,10.412,10.329
20241115164929.7,18.1760028004646,12.77,12.887,13.261,12.998,10.409,10.341
20241115164930.1,18.6169981956482,12.772,12.903,13.279,12.998,10.424,10.351
20241115164930.6,19.0589994192123,12.764,12.871,13.291,12.97,10.412,10.357
20241115164931,19.4919984787703,12.77,12.879,13.277,12.99,10.401,10.363
20241115164931.5,19.9260033667088,12.77,12.879,13.261,12.99,10.409,10.365
20241115164931.9,20.3640013933182,12.782,12.887,13.279,12.972,10.424,10.345
20241115164932.3,20.8089999854565,12.79,12.893,13.283,12.996,10.426,10.351
20241115164932.8,21.2419990450144,12.77,12.881,13.267,12.957,10.416,10.343
20241115164933.2,21.6959998011589,12.772,12.895,13.269,12.996,10.414,10.349
20241115164933.7,22.1289988607168,12.77,12.883,13.271,12.99,10.412,10.341
20241115164934.1,22.571000084281,12.786,12.883,13.289,12.99,10.422,10.349
20241115164934.5,22.9999959468842,12.782,12.885,13.279,13.004,10.414,10.337
20241115164935,23.4570041298866,12.764,12.889,13.279,13,10.43,10.357
20241115164935.4,23.895002156496,12.8,12.895,13.254,12.982,10.407,10.365
20241115164935.9,24.328001216054,12.79,12.891,13.281,13.002,10.418,10.345
20241115164936.3,24.7700024396181,12.776,12.883,13.273,12.982,10.428,10.349
20241115164936.7,25.2109978348017,12.772,12.883,13.279,12.99,10.426,10.365
20241115164937.2,25.6529990583658,12.764,12.885,13.291,12.996,10.416,10.363
20241115164937.6,26.1020008474588,12.768,12.903,13.275,12.982,10.42,10.357
20241115164938.1,26.5429962426424,12.784,12.891,13.277,12.99,10.414,10.343
20241115164938.5,26.9849974662066,12.755,12.901,13.279,12.988,10.426,10.369
20241115164939,27.4339992552996,12.755,12.881,13.267,12.98,10.418,10.363
20241115164939.4,27.8830010443926,12.768,12.881,13.261,12.982,10.434,10.349
20241115164939.9,28.320999071002,12.762,12.879,13.267,12.99,10.407,10.371
20241115164940.3,28.7740040570498,12.772,12.871,13.271,12.968,10.418,10.351
20241115164940.8,29.2269989848137,12.77,12.875,13.259,12.98,10.412,10.345
20241115164941.2,29.6599980443716,12.762,12.883,13.261,12.992,10.426,10.355
20241115164941.6,30.1060024648905,12.764,12.885,13.265,12.978,10.418,10.367
20241115164942.1,30.5550042539835,12.751,12.861,13.277,12.994,10.418,10.369
20241115164942.5,30.9919964522123,12.76,12.869,13.259,12.986,10.407,10.365
20241115164943,31.4300045371056,12.756,12.881,13.279,12.966,10.422,10.351
20241115164943.4,31.8669967353344,12.755,12.873,13.263,12.984,10.399,10.373
20241115164943.8,32.317004352808,12.756,12.887,13.254,12.968,10.43,10.355
20241115164944.3,32.7539965510368,12.745,12.877,13.259,12.994,10.412,10.357
20241115164944.7,33.1920046359301,12.756,12.867,13.261,12.984,10.424,10.357
20241115164945.2,33.6409963667393,12.758,12.873,13.259,12.984,10.434,10.357
20241115164945.6,34.0980045497417,12.762,12.871,13.275,12.972,10.416,10.361
20241115164946.1,34.546996280551,12.764,12.873,13.275,12.99,10.432,10.359
20241115164946.5,34.9889975041151,12.76,12.885,13.256,12.974,10.42,10.363
20241115164947,35.421996563673,12.753,12.871,13.271,12.98,10.434,10.353
20241115164947.4,35.8639977872372,12.749,12.877,13.265,12.984,10.43,10.369
20241115164947.8,36.3170027732849,12.766,12.883,13.263,12.99,10.436,10.365
20241115164948.3,36.7579981684685,12.76,12.873,13.258,12.988,10.405,10.357
20241115164948.7,37.1959961950779,12.774,12.869,13.256,12.98,10.414,10.363
20241115164949.2,37.6490011811256,12.743,12.869,13.258,12.972,10.428,10.371
20241115164949.6,38.0860034376383,12.76,12.877,13.254,12.955,10.43,10.377
20241115164950.1,38.5280046612024,12.76,12.873,13.236,12.998,10.43,10.359
20241115164950.5,38.9649968594313,12.762,12.869,13.248,12.98,10.42,10.361
20241115164951,39.4220050424337,12.762,12.859,13.254,12.974,10.43,10.347
20241115164951.4,39.8559998720884,12.743,12.879,13.258,12.978,10.428,10.351
20241115164951.8,40.296995267272,12.749,12.867,13.25,12.966,10.436,10.363
20241115164952.3,40.745997056365,12.751,12.857,13.226,12.955,10.426,10.359
20241115164952.7,41.1990020424128,12.745,12.856,13.234,12.96,10.42,10.361
20241115164953.2,41.6370000690222,12.751,12.869,13.244,12.962,10.432,10.369
20241115164953.6,42.0900050550699,12.751,12.859,13.242,12.972,10.426,10.385
20241115164954.1,42.5280030816793,12.753,12.865,13.242,12.957,10.422,10.369
20241115164954.5,42.9770048707724,12.753,12.848,13.254,12.953,10.434,10.361
20241115164954.9,43.4180002659559,12.729,12.867,13.232,12.974,10.418,10.363
20241115164955.4,43.8709951937199,12.739,12.857,13.25,12.97,10.436,10.355
20241115164955.8,44.3169996142387,12.741,12.871,13.25,12.958,10.416,10.353
20241115164956.3,44.7700046002865,12.733,12.867,13.236,12.964,10.43,10.371
20241115164956.8,45.2189963310957,12.758,12.877,13.228,12.972,10.42,10.377
20241115164957.2,45.6530012190342,12.764,12.877,13.224,12.976,10.424,10.347
20241115164957.6,46.0939966142178,12.749,12.848,13.214,12.982,10.43,10.361
20241115164958.1,46.532004699111,12.753,12.867,13.244,12.974,10.434,10.373
20241115164958.5,46.9689968973398,12.731,12.861,13.222,12.968,10.409,10.375
20241115164959,47.4220018833876,12.747,12.873,13.244,12.97,10.422,10.377
20241115164959.4,47.859999909997,12.745,12.865,13.23,12.958,10.432,10.385
20241115164959.8,48.2970021665096,12.745,12.869,13.242,12.98,10.448,10.373
20241115165000.3,48.735000193119,12.758,12.857,13.263,12.974,10.416,10.365
20241115165000.7,49.187995120883,12.749,12.867,13.232,12.972,10.426,10.371
20241115165001.2,49.6210042387247,12.751,12.901,13.238,12.968,10.434,10.389
20241115165001.6,50.0739991664886,12.737,12.85,13.246,12.984,10.432,10.377
20241115165002,50.5119971930981,12.756,12.854,13.24,12.982,10.442,10.373
20241115165002.5,50.9489994496107,12.768,12.861,13.238,12.97,10.426,10.385
20241115165002.9,51.3950038701296,12.737,12.852,13.242,12.955,10.414,10.385
20241115165003.4,51.8479987978935,12.741,12.856,13.228,12.96,10.409,10.381
20241115165003.8,52.282003685832,12.762,12.846,13.23,12.966,10.44,10.375
20241115165004.3,52.7189958840609,12.747,12.846,13.224,12.953,10.44,10.361
20241115165004.7,53.1679976731539,12.727,12.846,13.224,12.955,10.407,10.373
20241115165005.2,53.6210026592016,12.741,12.861,13.21,12.962,10.422,10.371
20241115165005.6,54.0739975869656,12.751,12.846,13.216,12.972,10.426,10.351
20241115165006,54.5159988105297,12.737,12.84,13.22,12.966,10.414,10.377
20241115165006.5,54.9530010670424,12.743,12.848,13.214,12.976,10.403,10.357
20241115165006.9,55.3950022906065,12.743,12.861,13.216,12.96,10.436,10.361
20241115165007.4,55.8520004153252,12.735,12.848,13.218,12.949,10.416,10.361
20241115165007.8,56.2969990074635,12.749,12.844,13.23,12.974,10.434,10.369
20241115165008.3,56.7349970340729,12.719,12.854,13.216,12.964,10.424,10.371
20241115165008.7,57.1880020201206,12.739,12.842,13.218,12.966,10.436,10.361
20241115165009.2,57.6370038092136,12.741,12.85,13.214,12.943,10.436,10.361
20241115165009.6,58.0779992043972,12.723,12.856,13.19,12.949,10.422,10.371
20241115165010,58.5159972310066,12.745,12.854,13.21,12.964,10.44,10.367
20241115165010.5,58.9810017496347,12.739,12.844,13.22,12.962,10.432,10.377
20241115165010.9,59.4180040061474,12.727,12.85,13.226,12.951,10.438,10.369
20241115165011.4,59.8560020327568,12.745,12.838,13.21,12.955,10.428,10.379
20241115165011.8,60.2930042892694,12.731,12.846,13.208,12.945,10.432,10.355
20241115165012.3,60.7349954545498,12.747,12.85,13.204,12.957,10.432,10.373
20241115165012.7,61.1680045723915,12.743,12.836,13.198,12.943,10.438,10.377
20241115165013.1,61.6019994020462,12.733,12.846,13.21,12.958,10.422,10.383
20241115165013.6,62.0390016585588,12.758,12.85,13.186,12.958,10.418,10.375
20241115165014,62.4889992177486,12.751,12.863,13.212,12.945,10.412,10.375
20241115165014.5,62.9260014742613,12.751,12.85,13.2,12.939,10.432,10.389
20241115165014.9,63.3669968694448,12.764,12.85,13.198,12.945,10.43,10.379
20241115165015.4,63.8209976255894,12.747,12.859,13.196,12.945,10.436,10.363
20241115165015.8,64.2699994146824,12.753,12.846,13.19,12.941,10.418,10.383
20241115165016.2,64.7110048681498,12.741,12.832,13.182,12.941,10.454,10.371
20241115165016.7,65.1639997959137,12.737,12.828,13.182,12.947,10.428,10.373
20241115165017.1,65.5980046838522,12.739,12.856,13.186,12.947,10.426,10.369
20241115165017.6,66.0390000790358,12.751,12.826,13.184,12.949,10.444,10.373
20241115165018,66.4889976382256,12.755,12.832,13.192,12.947,10.428,10.365
20241115165018.5,66.9259998947382,12.753,12.846,13.18,12.947,10.426,10.367
20241115165018.9,67.3949975520372,12.753,12.857,13.204,12.949,10.434,10.369
20241115165019.4,67.8439993411303,12.737,12.836,13.186,12.947,10.42,10.357
20241115165019.8,68.2819973677397,12.739,12.84,13.174,12.96,10.414,10.367
20241115165020.3,68.7350023537874,12.755,12.859,13.178,12.947,10.424,10.377
20241115165020.7,69.175997748971,12.753,12.806,13.186,12.945,10.43,10.385
20241115165021.1,69.6100026369095,12.76,12.846,13.19,12.947,10.426,10.373
20241115165021.6,70.050998032093,12.745,12.852,13.188,12.957,10.438,10.361
20241115165022,70.4889960587025,12.749,12.865,13.192,12.943,10.438,10.375
20241115165022.5,70.9569979459047,12.76,12.848,13.19,12.939,10.43,10.351
20241115165022.9,71.4100029319525,12.77,12.838,13.194,12.935,10.428,10.377
20241115165023.4,71.8480009585619,12.755,12.856,13.204,12.951,10.428,10.371
20241115165023.8,72.3009958863258,12.766,12.856,13.174,12.939,10.422,10.371
20241115165024.3,72.7350007742643,12.766,12.867,13.198,12.943,10.426,10.355
20241115165024.7,73.1989994645119,12.774,12.85,13.198,12.945,10.426,10.369
20241115165025.2,73.6530002206564,12.772,12.844,13.19,12.937,10.424,10.387
20241115165025.6,74.1059951484203,12.772,12.842,13.188,12.939,10.43,10.359
20241115165026.1,74.5549969375134,12.764,12.85,13.186,12.943,10.412,10.377
20241115165026.5,75.0039987266064,12.764,12.846,13.176,12.941,10.416,10.363
20241115165027,75.4419967532158,12.762,12.838,13.184,12.949,10.43,10.373
20241115165027.4,75.8950017392635,12.774,12.861,13.174,12.933,10.426,10.347
20241115165027.9,76.3280007988214,12.786,12.854,13.196,12.951,10.412,10.365
20241115165028.3,76.782001554966,12.786,12.859,13.202,12.947,10.426,10.367
20241115165028.8,77.2190038114786,12.792,12.84,13.2,12.923,10.424,10.369
20241115165029.2,77.6679955422878,12.792,12.857,13.182,12.951,10.428,10.389
20241115165029.7,78.1210005283356,12.778,12.846,13.192,12.947,10.412,10.369
20241115165030.1,78.5709980875254,12.794,12.846,13.194,12.947,10.422,10.363
20241115165030.5,79.008000344038,12.808,12.871,13.188,12.939,10.418,10.361
20241115165031,79.4489957392216,12.82,12.854,13.198,12.917,10.428,10.359
20241115165031.4,79.8909969627857,12.808,12.861,13.196,12.931,10.426,10.355
20241115165031.9,80.3279992192984,12.804,12.846,13.18,12.968,10.407,10.381
20241115165032.3,80.7659972459078,12.786,12.846,13.174,12.949,10.422,10.363
20241115165032.8,81.2190022319555,12.822,12.85,13.192,12.943,10.409,10.365
20241115165033.2,81.6680040210485,12.808,12.844,13.19,12.937,10.428,10.371
20241115165033.6,82.1099951863289,12.808,12.859,13.18,12.955,10.426,10.375
20241115165034.1,82.5510006397963,12.808,12.84,13.192,12.943,10.418,10.375
20241115165034.5,82.9889986664057,12.82,12.844,13.188,12.943,10.416,10.367
20241115165035,83.4260009229183,12.812,12.867,13.188,12.941,10.422,10.381
20241115165035.4,83.859995752573,12.824,12.846,13.18,12.927,10.407,10.385
20241115165035.8,84.2969980090857,12.824,12.856,13.178,12.929,10.401,10.381
20241115165036.3,84.7659956663847,12.818,12.852,13.162,12.927,10.422,10.379
20241115165036.8,85.2230038493872,12.822,12.861,13.168,12.939,10.409,10.375
20241115165037.2,85.6639992445707,12.82,12.857,13.178,12.957,10.424,10.383
20241115165037.6,86.1019972711802,12.826,12.857,13.176,12.949,10.416,10.379
20241115165038.1,86.5389995276928,12.834,12.863,13.17,12.933,10.422,10.365
20241115165038.5,86.9889970868826,12.84,12.854,13.182,12.937,10.416,10.371
20241115165039,87.4420020729303,12.824,12.863,13.176,12.943,10.422,10.381
20241115165039.4,87.879004329443,12.81,12.854,13.168,12.947,10.405,10.373
20241115165039.9,88.3319992572069,12.83,12.857,13.17,12.931,10.397,10.377
20241115165040.3,88.7850042432547,12.828,12.85,13.164,12.939,10.416,10.361
20241115165040.8,89.2309986054897,12.824,12.865,13.178,12.933,10.416,10.381
20241115165041.2,89.6800003945827,12.834,12.848,13.18,12.941,10.409,10.363
20241115165041.7,90.1329953223467,12.84,12.846,13.17,12.935,10.418,10.381
20241115165042.1,90.5860003083944,12.846,12.85,13.166,12.947,10.405,10.387
20241115165042.6,91.0239983350039,12.824,12.856,13.176,12.921,10.43,10.367
20241115165043,91.4730001240969,12.842,12.846,13.17,12.96,10.409,10.367
20241115165043.5,91.9220019131899,12.838,12.863,13.172,12.949,10.432,10.377
20241115165043.9,92.3710037022829,12.85,12.844,13.162,12.927,10.405,10.373
20241115165044.3,92.8090017288923,12.856,12.846,13.174,12.929,10.414,10.371
20241115165044.8,93.246003985405,12.854,12.863,13.166,12.945,10.412,10.381
20241115165045.2,93.7030021101236,12.848,12.85,13.184,12.937,10.418,10.379
20241115165045.7,94.1600002348423,12.867,12.854,13.168,12.933,10.418,10.357
20241115165046.1,94.6099977940321,12.857,12.871,13.184,12.943,10.434,10.363
20241115165046.6,95.0630027800798,12.857,12.863,13.166,12.958,10.424,10.367
20241115165047.1,95.5320004373789,12.865,12.877,13.172,12.962,10.434,10.381
20241115165047.5,95.9810022264719,12.869,12.875,13.17,12.957,10.438,10.363
20241115165048,96.4339971542358,12.867,12.897,13.168,12.962,10.405,10.367
20241115165048.4,96.8829989433289,12.889,12.852,13.196,12.949,10.414,10.375
20241115165048.9,97.3240043967962,12.885,12.881,13.172,12.958,10.428,10.371
20241115165049.3,97.774001955986,12.883,12.863,13.166,12.941,10.418,10.375
20241115165049.7,98.2070010155439,12.895,12.875,13.198,12.945,10.412,10.375
20241115165050.2,98.6599959433079,12.887,12.85,13.184,12.931,10.395,10.359
20241115165050.6,99.0980040282011,12.897,12.883,13.157,12.943,10.422,10.377
20241115165051.1,99.5319988578558,12.891,12.877,13.192,12.939,10.42,10.355
20241115165051.5,99.9690011143684,12.909,12.875,13.18,12.955,10.44,10.385
20241115165051.9,100.418002903461,12.899,12.877,13.176,12.939,10.405,10.369
20241115165052.4,100.856000930071,12.889,12.889,13.174,12.935,10.426,10.371
20241115165052.8,101.305002719164,12.895,12.856,13.178,12.958,10.43,10.361
20241115165053.3,101.757997646928,12.905,12.869,13.168,12.931,10.432,10.371
20241115165053.7,102.195995673537,12.903,12.871,13.186,12.953,10.416,10.373
20241115165054.2,102.649000659585,12.907,12.879,13.172,12.947,10.426,10.357
20241115165054.6,103.101995587349,12.893,12.865,13.18,12.943,10.426,10.383
20241115165055.1,103.535004705191,12.893,12.853,13.154,12.929,10.426,10.371
20241115165055.5,103.980999067426,12.893,12.869,13.18,12.923,10.399,10.375
20241115165056,104.434004053473,12.903,12.867,13.18,12.948,10.417,10.347
20241115165056.4,104.891002178192,12.913,12.879,13.166,12.939,10.426,10.361
20241115165056.9,105.32400123775,12.911,12.865,13.156,12.905,10.422,10.375
20241115165057.3,105.766002461314,12.939,12.859,13.172,12.925,10.422,10.373
20241115165057.7,106.199001520872,12.917,12.875,13.174,12.941,10.426,10.357
20241115165058.2,106.636999547482,12.923,12.875,13.17,12.939,10.415,10.359
20241115165058.6,107.074001803994,12.915,12.873,13.168,12.946,10.422,10.351
20241115165059.1,107.523999363184,12.935,12.883,13.162,12.931,10.415,10.349
20241115165059.5,107.961001619697,12.937,12.879,13.188,12.923,10.411,10.371
20241115165059.9,108.398999646306,12.946,12.879,13.182,12.946,10.397,10.371
20241115165100.4,108.831998705864,12.958,12.907,13.184,12.933,10.43,10.371
20241115165100.8,109.285003691912,12.958,12.881,13.174,12.943,10.409,10.371
20241115165101.3,109.739004448056,12.952,12.899,13.186,12.935,10.426,10.361
20241115165101.7,110.19199937582,12.964,12.893,13.166,12.946,10.432,10.371
20241115165102.2,110.641001164913,12.962,12.895,13.178,12.921,10.432,10.371
20241115165102.6,111.090002954006,12.958,12.881,13.188,12.909,10.424,10.379
20241115165103.1,111.539004743099,12.97,12.887,13.178,12.948,10.434,10.375
20241115165103.5,111.98099590838,12.964,12.903,13.17,12.935,10.401,10.361
20241115165103.9,112.414005026221,12.97,12.905,13.18,12.954,10.422,10.365
20241115165104.4,112.855996191502,12.986,12.905,13.186,12.952,10.432,10.363
20241115165104.9,113.323998078704,12.988,12.903,13.19,12.948,10.409,10.385
20241115165105.3,113.777998834848,12.982,12.897,13.2,12.962,10.422,10.375
20241115165105.8,114.227000623941,12.994,12.907,13.194,12.931,10.428,10.377
20241115165106.2,114.667996019125,13.016,12.925,13.186,12.954,10.409,10.357
20241115165106.7,115.121001005173,12.996,12.927,13.188,12.941,10.43,10.381
20241115165107.1,115.573995932937,13.006,12.911,13.184,12.95,10.436,10.387
20241115165107.6,116.039000451565,13.016,12.919,13.178,12.962,10.43,10.373
20241115165108,116.488998010755,13.03,12.921,13.182,12.946,10.407,10.379
20241115165108.5,116.942002996802,13.028,12.913,13.192,12.95,10.417,10.381
20241115165108.9,117.378995195031,13.02,12.919,13.184,12.943,10.424,10.381
20241115165109.3,117.817003279924,13.024,12.917,13.182,12.952,10.413,10.393
20241115165109.8,118.257998675108,13.038,12.911,13.194,12.943,10.399,10.357
20241115165110.2,118.711003661156,13.036,12.937,13.174,12.943,10.401,10.365
20241115165110.7,119.16399858892,13.036,12.931,13.162,12.933,10.422,10.375
20241115165111.1,119.617003574967,13.04,12.919,13.188,12.962,10.411,10.363
20241115165111.6,120.067001134157,13.057,12.885,13.178,12.946,10.415,10.353
20241115165112.1,120.519996061921,13.044,12.929,13.178,12.939,10.416,10.389
20241115165112.5,120.989003777504,13.057,12.919,13.172,12.953,10.432,10.377
20241115165113,121.437995508313,13.052,12.905,13.176,12.945,10.409,10.383
20241115165113.4,121.874997764826,13.067,12.913,13.19,12.941,10.428,10.377
20241115165113.8,122.312995791435,13.063,12.931,13.188,12.955,10.405,10.395
20241115165114.3,122.761997580528,13.054,12.927,13.184,12.947,10.416,10.381
20241115165114.7,123.203003033996,13.067,12.901,13.182,12.957,10.434,10.371
20241115165115.2,123.64500425756,13.063,12.911,13.176,12.962,10.412,10.365
20241115165115.6,124.093995988369,13.061,12.935,13.184,12.958,10.416,10.377
20241115165116.1,124.563003703952,13.057,12.923,13.184,12.966,10.418,10.371
20241115165116.6,125.027998164296,13.095,12.921,13.182,12.955,10.397,10.371
20241115165117,125.465000420809,13.077,12.923,13.192,12.941,10.405,10.387
20241115165117.5,125.921998545527,13.054,12.905,13.182,12.953,10.397,10.387
20241115165117.9,126.37100033462,13.069,12.925,13.198,12.947,10.43,10.365
20241115165118.4,126.82099789381,13.075,12.929,13.182,12.937,10.389,10.371
20241115165118.8,127.274002879858,13.056,12.905,13.18,12.958,10.418,10.383
20241115165119.3,127.726997807622,13.071,12.915,13.202,12.962,10.418,10.369
20241115165119.7,128.18000279367,13.079,12.929,13.186,12.953,10.407,10.389
20241115165120.2,128.629004582763,13.103,12.939,13.204,12.955,10.418,10.365
20241115165120.6,129.086002707481,13.115,12.945,13.186,12.972,10.424,10.367
20241115165121.1,129.535004496574,13.168,12.98,13.202,12.994,10.42,10.387
20241115165121.5,129.973002523184,13.172,12.99,13.212,12.978,10.401,10.385
20241115165121.9,130.410004779696,13.21,13.006,13.216,12.986,10.414,10.373
20241115165122.4,130.863995477557,13.238,13.002,13.22,12.992,10.422,10.369
20241115165122.8,131.31299726665,13.279,13.026,13.236,13.016,10.412,10.387
20241115165123.3,131.749999523163,13.299,13.024,13.238,13.014,10.407,10.391
20241115165123.7,132.199001312256,13.347,13.036,13.242,13,10.426,10.373
20241115165124.2,132.64100253582,13.362,13.048,13.242,13.012,10.42,10.387
20241115165124.6,133.090004324913,13.402,13.071,13.259,13.022,10.412,10.409
20241115165125.1,133.542999252677,13.422,13.081,13.265,13.03,10.426,10.387
20241115165125.5,133.999997377396,13.452,13.085,13.258,13.032,10.42,10.395
20241115165126,134.453002363443,13.489,13.081,13.275,13.04,10.412,10.373
20241115165126.4,134.891000390053,13.507,13.099,13.287,13.026,10.43,10.395
20241115165126.9,135.331995785236,13.521,13.115,13.291,13.032,10.405,10.389
20241115165127.3,135.773997008801,13.521,13.121,13.279,13.04,10.424,10.385
20241115165127.7,136.210999265313,13.545,13.131,13.289,13.042,10.434,10.397
20241115165128.2,136.653000488877,13.555,13.123,13.281,13.054,10.42,10.407
20241115165128.6,137.109998613596,13.582,13.129,13.281,13.048,10.418,10.387
20241115165129.1,137.559000402689,13.588,13.153,13.311,13.04,10.428,10.407
20241115165129.5,138.011995330453,13.592,13.153,13.297,13.04,10.42,10.401
20241115165130,138.465000316501,13.626,13.168,13.307,13.048,10.43,10.393
20241115165130.4,138.917995244265,13.652,13.157,13.315,13.056,10.409,10.399
20241115165130.9,139.371000230312,13.685,13.186,13.325,13.063,10.432,10.409
20241115165131.3,139.808998256922,13.697,13.18,13.321,13.071,10.414,10.393
20241115165131.8,140.25399684906,13.709,13.19,13.341,13.057,10.42,10.401
20241115165132.2,140.702998638153,13.717,13.206,13.325,13.061,10.424,10.401
20241115165132.7,141.159996762872,13.741,13.216,13.319,13.059,10.407,10.416
20241115165133.1,141.597994789481,13.747,13.196,13.341,13.067,10.424,10.412
20241115165133.6,142.039000242949,13.764,13.2,13.325,13.067,10.418,10.395
20241115165134,142.481001466513,13.792,13.21,13.345,13.067,10.422,10.414
20241115165134.4,142.918003723025,13.812,13.22,13.337,13.054,10.409,10.385
20241115165134.9,143.356001749635,13.804,13.218,13.335,13.067,10.428,10.387
20241115165135.3,143.793004006147,13.796,13.22,13.341,13.075,10.42,10.399
20241115165135.8,144.234995171428,13.816,13.216,13.343,13.063,10.436,10.391
20241115165136.2,144.67199742794,13.822,13.238,13.358,13.091,10.43,10.409
20241115165136.7,145.128995552659,13.812,13.234,13.349,13.069,10.418,10.399
20241115165137.1,145.570996776223,13.844,13.256,13.358,13.079,10.418,10.399
20241115165137.6,146.019998565316,13.844,13.234,13.378,13.085,10.412,10.426
20241115165138,146.461004018784,13.848,13.254,13.364,13.075,10.418,10.383
20241115165138.4,146.909995749593,13.875,13.246,13.362,13.091,10.426,10.403
20241115165138.9,147.363996505737,13.887,13.256,13.37,13.101,10.436,10.401
20241115165139.3,147.81299829483,13.907,13.248,13.353,13.103,10.426,10.389
20241115165139.8,148.266003280878,13.915,13.289,13.374,13.093,10.416,10.405
20241115165140.2,148.702995479107,13.937,13.259,13.372,13.091,10.418,10.416
20241115165140.7,149.156996235251,13.931,13.256,13.384,13.089,10.42,10.414
20241115165141.1,149.605998024344,13.949,13.261,13.374,13.081,10.416,10.422
20241115165141.6,150.059003010392,13.974,13.283,13.374,13.097,10.428,10.409
20241115165142,150.508004799485,13.978,13.273,13.364,13.095,10.43,10.399
20241115165142.5,150.949000194669,14.002,13.287,13.386,13.081,10.401,10.387
20241115165142.9,151.403000950813,14.002,13.289,13.368,13.087,10.416,10.412
20241115165143.4,151.855995878577,14.004,13.281,13.357,13.077,10.422,10.409
20241115165143.8,152.289004996419,14.01,13.279,13.364,13.093,10.416,10.426
20241115165144.3,152.741999924183,14.004,13.269,13.376,13.095,10.432,10.379
20241115165144.7,153.191997483373,14.024,13.277,13.382,13.079,10.418,10.399
20241115165145.2,153.64500246942,14.016,13.263,13.364,13.097,10.418,10.409
20241115165145.6,154.097997397184,14.02,13.285,13.384,13.079,10.412,10.405
20241115165146.1,154.546999186277,13.988,13.273,13.382,13.089,10.43,10.412
20241115165146.5,155.003997310996,14.006,13.263,13.372,13.083,10.403,10.414
20241115165147,155.452999100089,13.984,13.289,13.384,13.083,10.409,10.401
20241115165147.4,155.902996659279,13.998,13.277,13.366,13.081,10.45,10.409
20241115165147.9,156.344002112746,13.996,13.277,13.384,13.093,10.418,10.42
20241115165148.3,156.78499750793,13.994,13.285,13.378,13.093,10.424,10.401
20241115165148.8,157.23499506712,14,13.265,13.374,13.083,10.426,10.42
20241115165149.2,157.683996856213,13.99,13.256,13.374,13.081,10.434,10.426
20241115165149.7,158.13700184226,14,13.263,13.378,13.083,10.414,10.422
20241115165150.1,158.577997237444,14.002,13.256,13.37,13.093,10.42,10.422
20241115165150.6,159.027994796634,14.004,13.269,13.358,13.097,10.414,10.412
20241115165151,159.464997053146,14,13.285,13.351,13.085,10.412,10.409
20241115165151.4,159.913998842239,14.01,13.267,13.37,13.075,10.422,10.409
20241115165151.9,160.367003828287,14.034,13.299,13.368,13.071,10.416,10.412
20241115165152.3,160.805001854897,14.022,13.279,13.351,13.081,10.42,10.405
20241115165152.8,161.25799678266,14.016,13.277,13.355,13.081,10.416,10.409
20241115165153.2,161.711001768708,14.05,13.279,13.368,13.073,10.407,10.43
20241115165153.7,162.167999893427,14.071,13.297,13.366,13.075,10.43,10.409
20241115165154.1,162.614004313946,14.083,13.291,13.374,13.069,10.412,10.407
20241115165154.6,163.062996044755,14.089,13.307,13.364,13.081,10.424,10.393
20241115165155,163.516001030803,14.085,13.289,13.366,13.077,10.401,10.403
20241115165155.5,163.949000090361,14.099,13.311,13.374,13.069,10.414,10.393
20241115165155.9,164.391001313925,14.095,13.303,13.374,13.075,10.409,10.403
20241115165156.4,164.843996241689,14.103,13.273,13.352,13.063,10.391,10.391
20241115165156.8,165.292998030782,14.093,13.287,13.368,13.075,10.417,10.403
20241115165157.3,165.746003016829,14.081,13.301,13.376,13.079,10.391,10.409
20241115165157.7,166.196000576019,14.109,13.277,13.362,13.071,10.417,10.415
20241115165158.2,166.648995503783,14.123,13.311,13.358,13.067,10.405,10.411
20241115165158.6,167.085997760296,14.105,13.299,13.354,13.091,10.395,10.409
20241115165159.1,167.523995786905,14.109,13.293,13.358,13.089,10.42,10.409
20241115165159.5,167.960998043418,14.123,13.299,13.362,13.063,10.401,10.409
20241115165159.9,168.414003029466,14.125,13.295,13.366,13.095,10.405,10.395
20241115165200.4,168.86699795723,14.125,13.279,13.368,13.077,10.407,10.407
20241115165200.8,169.304995983839,14.15,13.313,13.372,13.083,10.399,10.381
20241115165201.3,169.741998240352,14.182,13.317,13.366,13.077,10.417,10.407
20241115165201.7,170.195998996496,14.18,13.305,13.36,13.105,10.434,10.399
20241115165202.2,170.633001253009,14.174,13.319,13.382,13.073,10.409,10.411
20241115165202.6,171.070999279618,14.238,13.327,13.372,13.099,10.426,10.397
20241115165203,171.512004733086,14.238,13.343,13.362,13.083,10.42,10.422
20241115165203.5,171.96499966085,14.244,13.327,13.368,13.089,10.403,10.389
20241115165203.9,172.402997687459,14.244,13.343,13.376,13.111,10.411,10.409
20241115165204.4,172.856002673507,14.249,13.341,13.39,13.101,10.393,10.409
20241115165204.8,173.3050044626,14.253,13.35,13.376,13.095,10.403,10.407
20241115165205.3,173.757999390364,14.263,13.344,13.386,13.083,10.417,10.413
20241115165205.7,174.211004376411,14.269,13.356,13.382,13.105,10.417,10.413
20241115165206.2,174.663999304175,14.253,13.341,13.386,13.083,10.409,10.403
20241115165206.7,175.137000158429,14.261,13.339,13.37,13.103,10.409,10.395
20241115165207.1,175.589995086193,14.267,13.348,13.376,13.103,10.411,10.399
20241115165207.6,176.043000072241,14.289,13.346,13.376,13.105,10.407,10.411
20241115165208,176.495995000005,14.291,13.36,13.388,13.097,10.407,10.405
20241115165208.5,176.948999986053,14.283,13.352,13.392,13.105,10.415,10.397
20241115165208.9,177.410001307726,14.299,13.372,13.378,13.095,10.409,10.42
20241115165209.4,177.85200253129,14.317,13.36,13.4,13.109,10.401,10.393
20241115165209.8,178.304997459054,14.341,13.362,13.392,13.109,10.432,10.416
20241115165210.3,178.753999248147,14.339,13.368,13.394,13.115,10.409,10.412
20241115165210.7,179.207004234195,14.359,13.374,13.402,13.109,10.412,10.407
20241115165211.2,179.645002260804,14.353,13.378,13.4,13.119,10.418,10.395
20241115165211.6,180.102000385523,14.378,13.386,13.396,13.101,10.426,10.397
20241115165212.1,180.551002174616,14.37,13.382,13.41,13.115,10.43,10.407
20241115165212.5,181.00399710238,14.386,13.386,13.402,13.117,10.412,10.42
20241115165213,181.457002088428,14.359,13.394,13.396,13.111,10.42,10.418
20241115165213.4,181.909997016191,14.412,13.402,13.408,13.105,10.399,10.412
20241115165213.9,182.360004633665,14.408,13.38,13.388,13.123,10.395,10.399
20241115165214.3,182.801000028849,14.404,13.39,13.398,13.101,10.422,10.403
20241115165214.8,183.253994956613,14.418,13.402,13.412,13.105,10.405,10.399
20241115165215.2,183.70699994266,14.422,13.382,13.402,13.119,10.412,10.407
20241115165215.7,184.160004928708,14.416,13.404,13.39,13.103,10.416,10.405
20241115165216.1,184.613995626569,14.432,13.382,13.388,13.125,10.393,10.412
20241115165216.6,185.062997415662,14.454,13.384,13.374,13.101,10.412,10.414
20241115165217.1,185.51999554038,14.454,13.38,13.388,13.091,10.422,10.403
20241115165217.5,185.973000526428,14.448,13.406,13.384,13.109,10.414,10.395
20241115165218,186.425995454192,14.471,13.402,13.404,13.119,10.426,10.424
20241115165218.4,186.89099997282,14.491,13.396,13.398,13.121,10.416,10.43
20241115165218.9,187.343994900584,14.471,13.41,13.408,13.109,10.407,10.426
20241115165219.3,187.796999886632,14.477,13.426,13.404,13.097,10.409,10.403
20241115165219.8,188.25000487268,14.485,13.412,13.404,13.107,10.403,10.424
20241115165220.2,188.702999800444,14.507,13.42,13.412,13.115,10.428,10.414
20241115165220.7,189.152997359633,14.489,13.408,13.406,13.115,10.416,10.414
20241115165221.1,189.589999616146,14.527,13.434,13.42,13.115,10.418,10.424
20241115165221.6,190.043004602194,14.511,13.436,13.406,13.091,10.412,10.405
20241115165222,190.495999529958,14.541,13.436,13.4,13.121,10.428,10.393
20241115165222.5,190.933997556567,14.545,13.444,13.418,13.101,10.409,10.399
20241115165222.9,191.38299934566,14.562,13.432,13.426,13.125,10.405,10.395
20241115165223.4,191.839997470379,14.555,13.436,13.424,13.123,10.418,10.422
20241115165223.8,192.288999259472,14.558,13.428,13.426,13.129,10.424,10.422
20241115165224.3,192.74200424552,14.578,13.434,13.406,13.127,10.416,10.43
20241115165224.7,193.196005001664,14.57,13.452,13.408,13.117,10.412,10.412
20241115165225.2,193.644996732473,14.551,13.44,13.424,13.103,10.414,10.428
20241115165225.6,194.086002185941,14.58,13.436,13.408,13.115,10.407,10.418
20241115165226.1,194.538997113705,14.576,13.45,13.414,13.109,10.391,10.414
20241115165226.5,194.980998337269,14.588,13.444,13.41,13.115,10.414,10.407
20241115165227,195.422003790736,14.576,13.442,13.408,13.109,10.399,10.407
20241115165227.4,195.870995521545,14.614,13.434,13.426,13.115,10.409,10.414
20241115165227.9,196.324000507593,14.622,13.434,13.424,13.101,10.401,10.409
20241115165228.3,196.778001263738,14.628,13.463,13.412,13.111,10.405,10.412
20241115165228.8,197.230996191502,14.646,13.481,13.402,13.119,10.405,10.403
20241115165229.2,197.684001177549,14.642,13.434,13.414,13.119,10.407,10.422
20241115165229.7,198.136996105313,14.658,13.465,13.422,13.105,10.409,10.397
20241115165230.1,198.585997894406,14.667,13.465,13.416,13.109,10.407,10.399
20241115165230.6,199.039002880454,14.677,13.467,13.426,13.105,10.405,10.407
20241115165231,199.481004104018,14.695,13.481,13.416,13.115,10.412,10.405
20241115165231.4,199.917996302247,14.701,13.479,13.414,13.123,10.395,10.409
20241115165231.9,200.371001288295,14.693,13.491,13.418,13.103,10.424,10.403
20241115165232.4,200.823996216059,14.705,13.479,13.402,13.125,10.409,10.42
20241115165232.8,201.277996972203,14.707,13.477,13.436,13.123,10.405,10.405
20241115165233.3,201.726998761296,14.715,13.465,13.426,13.129,10.416,10.412
20241115165233.7,202.180003747344,14.711,13.503,13.406,13.113,10.403,10.414
20241115165234.2,202.628995478153,14.701,13.461,13.402,13.123,10.389,10.412
20241115165234.6,203.082000464201,14.699,13.503,13.414,13.123,10.403,10.401
20241115165235.1,203.527994826436,14.695,13.469,13.41,13.101,10.409,10.407
20241115165235.5,203.973003476858,14.709,13.489,13.412,13.123,10.438,10.412
20241115165236,204.434004798532,14.715,13.454,13.424,13.127,10.407,10.409
20241115165236.4,204.875000193715,14.701,13.481,13.394,13.107,10.395,10.399
20241115165236.9,205.331998318434,14.697,13.473,13.428,13.127,10.381,10.416
20241115165237.3,205.785003304482,14.701,13.475,13.422,13.117,10.414,10.416
20241115165237.8,206.254000961781,14.729,13.499,13.432,13.125,10.397,10.412
20241115165238.2,206.706995889544,14.731,13.485,13.438,13.125,10.416,10.424
20241115165238.7,207.157003507018,14.725,13.485,13.426,13.141,10.397,10.407
20241115165239.1,207.597998902202,14.755,13.501,13.426,13.129,10.393,10.409
20241115165239.6,208.047000691295,14.757,13.509,13.418,13.119,10.403,10.405
20241115165240,208.499995619059,14.757,13.481,13.442,13.131,10.42,10.412
20241115165240.5,208.948997408152,14.759,13.495,13.434,13.119,10.405,10.418
20241115165240.9,209.407001361251,14.764,13.511,13.424,13.111,10.407,10.403
20241115165241.4,209.844003617764,14.784,13.495,13.436,13.115,10.42,10.403
20241115165241.8,210.317004472017,14.788,13.487,13.434,13.117,10.393,10.407
20241115165242.3,210.784996300936,14.79,13.493,13.432,13.115,10.405,10.414
20241115165242.8,211.254004016519,14.778,13.479,13.42,13.115,10.405,10.43
20241115165243.2,211.695995181799,14.788,13.497,13.42,13.115,10.428,10.412
20241115165243.7,212.153003364801,14.782,13.497,13.428,13.119,10.414,10.399
20241115165244.1,212.605998292565,14.782,13.501,13.412,13.115,10.428,10.416
20241115165244.6,213.059003278613,14.802,13.493,13.432,13.111,10.422,10.42
20241115165245,213.511998206377,14.802,13.469,13.446,13.133,10.424,10.412
20241115165245.5,213.956996798515,14.816,13.511,13.432,13.117,10.414,10.434
20241115165245.9,214.398998022079,14.804,13.505,13.424,13.107,10.422,10.399
20241115165246.4,214.855996146798,14.792,13.497,13.432,13.115,10.389,10.407
20241115165246.8,215.304997935891,14.796,13.493,13.43,13.121,10.414,10.426
20241115165247.3,215.758002921939,14.8,13.499,13.428,13.109,10.389,10.409
20241115165247.7,216.215001046658,14.77,13.499,13.438,13.127,10.414,10.409
20241115165248.2,216.659999638796,14.796,13.491,13.448,13.115,10.385,10.407
20241115165248.6,217.11400039494,14.798,13.505,13.44,13.121,10.403,10.426
20241115165249.1,217.566995322704,14.8,13.491,13.43,13.127,10.418,10.422
20241115165249.6,218.020000308752,14.796,13.485,13.459,13.121,10.422,10.416
20241115165250,218.469002097845,14.806,13.493,13.442,13.127,10.399,10.401
20241115165250.4,218.918003886938,14.806,13.511,13.452,13.107,10.436,10.422
20241115165250.9,219.375002011657,14.802,13.501,13.475,13.105,10.426,10.403
20241115165251.4,219.820996373892,14.816,13.517,13.452,13.139,10.414,10.405
20241115165251.8,220.288998261094,14.792,13.507,13.438,13.129,10.407,10.409
20241115165252.3,220.738995820284,14.778,13.515,13.432,13.125,10.416,10.405
20241115165252.7,221.187997609377,14.822,13.515,13.454,13.133,10.42,10.407
20241115165253.2,221.641002595425,14.824,13.521,13.456,13.129,10.414,10.414
20241115165253.6,222.093997523189,14.852,13.515,13.45,13.164,10.405,10.407
20241115165254.1,222.547002509236,14.863,13.515,13.456,13.157,10.391,10.412
20241115165254.5,222.999997437,14.867,13.523,13.475,13.147,10.397,10.405
20241115165255,223.448999226093,14.881,13.517,13.485,13.147,10.416,10.418
20241115165255.4,223.907003179193,14.879,13.533,13.467,13.166,10.418,10.393
20241115165255.9,224.352001771331,14.869,13.556,13.479,13.143,10.412,10.393
20241115165256.3,224.804996699095,14.891,13.537,13.461,13.151,10.414,10.403
20241115165256.8,225.253998488188,14.909,13.539,13.473,13.141,10.418,10.407
20241115165257.2,225.707003474236,14.901,13.525,13.465,13.143,10.414,10.416
20241115165257.7,226.1490046978,14.901,13.529,13.479,13.151,10.409,10.412
20241115165258.1,226.601999625564,14.885,13.515,13.469,13.145,10.42,10.409
20241115165258.6,227.055004611611,14.875,13.507,13.463,13.141,10.424,10.414
20241115165259,227.51200273633,14.885,13.519,13.481,13.143,10.418,10.397
20241115165259.5,227.976997196674,14.856,13.503,13.461,13.141,10.412,10.393
20241115165260,228.430002182722,14.865,13.511,13.45,13.149,10.414,10.414
20241115165300.4,228.879003971815,14.826,13.495,13.465,13.145,10.424,10.42
20241115165300.9,229.320995137095,14.826,13.491,13.452,13.147,10.407,10.42
20241115165301.3,229.769996926188,14.812,13.491,13.438,13.157,10.412,10.407
20241115165301.8,230.223001912236,14.802,13.493,13.442,13.129,10.416,10.401
20241115165302.2,230.672003701329,14.786,13.459,13.428,13.123,10.403,10.405
20241115165302.6,231.110001727939,14.764,13.463,13.428,13.111,10.407,10.393
20241115165303.1,231.562996655703,14.76,13.454,13.42,13.123,10.412,10.409
20241115165303.5,232.01600164175,14.739,13.457,13.434,13.125,10.403,10.395
20241115165304,232.465003430843,14.727,13.446,13.44,13.099,10.391,10.395
20241115165304.4,232.917998358607,14.711,13.42,13.4,13.101,10.42,10.403
20241115165304.9,233.374996483326,14.687,13.422,13.42,13.107,10.412,10.414
20241115165305.4,233.840001001954,14.659,13.402,13.402,13.095,10.424,10.418
20241115165305.8,234.308998659253,14.64,13.412,13.416,13.093,10.414,10.393
20241115165306.3,234.762003645301,14.624,13.392,13.392,13.099,10.414,10.405
20241115165306.7,235.21099537611,14.624,13.404,13.388,13.083,10.409,10.403
20241115165307.2,235.664000362158,14.622,13.382,13.368,13.101,10.387,10.412
20241115165307.6,236.116995289922,14.598,13.394,13.388,13.075,10.399,10.389
20241115165308.1,236.558996513486,14.602,13.384,13.364,13.079,10.414,10.397
20241115165308.5,237.007998302579,14.57,13.362,13.388,13.079,10.414,10.391
20241115165309,237.464996427298,14.541,13.353,13.347,13.075,10.397,10.399
20241115165309.4,237.918001413345,14.527,13.341,13.358,13.087,10.405,10.401
20241115165309.9,238.370996341109,14.515,13.362,13.362,13.054,10.385,10.375
20241115165310.4,238.824001327157,14.503,13.323,13.362,13.046,10.403,10.397
20241115165310.8,239.278002083302,14.483,13.317,13.347,13.05,10.399,10.401
20241115165311.3,239.727003872395,14.485,13.333,13.339,13.071,10.399,10.383
20241115165311.7,240.175995603204,14.475,13.325,13.337,13.044,10.42,10.399
20241115165312.2,240.633003786206,14.456,13.325,13.339,13.052,10.401,10.393
20241115165312.6,241.08599871397,14.458,13.341,13.339,13.05,10.401,10.387
20241115165313.1,241.535000503063,14.44,13.313,13.355,13.048,10.397,10.393
20241115165313.5,241.977001726627,14.446,13.311,13.337,13.032,10.399,10.375
20241115165314,242.429996654391,14.426,13.307,13.319,13.054,10.389,10.385
20241115165314.4,242.883001640439,14.42,13.305,13.313,13.059,10.412,10.375
20241115165314.9,243.335996568203,14.418,13.309,13.307,13.059,10.391,10.391
20241115165315.3,243.789001554251,14.41,13.287,13.317,13.056,10.401,10.393
20241115165315.8,244.231002777815,14.406,13.291,13.307,13.054,10.397,10.397
20241115165316.2,244.683997705579,14.384,13.299,13.325,13.04,10.401,10.385
20241115165316.7,245.137002691627,14.386,13.287,13.305,13.056,10.397,10.381
20241115165317.1,245.58999761939,14.386,13.277,13.305,13.034,10.401,10.377
20241115165317.6,246.038999408484,14.37,13.271,13.323,13.026,10.393,10.383
20241115165318,246.492004394531,14.384,13.279,13.299,13.063,10.381,10.373
20241115165318.5,246.930002421141,14.374,13.285,13.295,13.03,10.383,10.379
20241115165318.9,247.382997348905,14.337,13.265,13.289,13.026,10.403,10.377
20241115165319.4,247.831999137998,14.347,13.265,13.293,13.012,10.399,10.371
20241115165319.8,248.281996697187,14.349,13.291,13.309,13.022,10.403,10.397
20241115165320.3,248.738994821906,14.323,13.281,13.295,13.016,10.397,10.387
20241115165320.7,249.191999807954,14.317,13.267,13.289,13.028,10.409,10.371
20241115165321.2,249.648997932673,14.321,13.265,13.297,13.036,10.393,10.361
20241115165321.6,250.10200291872,14.319,13.259,13.289,13.002,10.395,10.369
20241115165322.1,250.551004707813,14.303,13.271,13.287,13.03,10.405,10.387
20241115165322.5,251.003999635577,14.283,13.273,13.279,13.028,10.397,10.371
20241115165323,251.460997760296,14.289,13.303,13.289,13.022,10.389,10.383
20241115165323.4,251.914002746344,14.301,13.269,13.291,13.022,10.403,10.383
20241115165323.9,252.356003969908,14.283,13.259,13.305,13.048,10.391,10.375
20241115165324.3,252.813002094626,14.283,13.261,13.289,13.034,10.391,10.369
20241115165324.8,253.262003883719,14.281,13.234,13.291,13.022,10.401,10.383
20241115165325.2,253.714998811483,14.281,13.252,13.277,13.028,10.381,10.379
20241115165325.7,254.168003797531,14.252,13.246,13.303,13.016,10.409,10.381
20241115165326.1,254.61699552834,14.254,13.24,13.281,13.024,10.381,10.379
20241115165326.6,255.070996284485,14.252,13.226,13.291,13.008,10.391,10.377
20241115165327.1,255.524001270533,14.246,13.236,13.263,12.994,10.395,10.373
20241115165327.5,255.976996198297,14.234,13.234,13.259,13.004,10.395,10.373
20241115165328,256.434004381299,14.224,13.212,13.254,12.998,10.405,10.387
20241115165328.4,256.886999309063,14.226,13.222,13.261,12.998,10.399,10.365
20241115165328.9,257.336001098156,14.226,13.224,13.256,13.01,10.391,10.375
20241115165329.3,257.785002887249,14.206,13.222,13.259,13.02,10.395,10.381
20241115165329.8,258.239003643394,14.196,13.214,13.236,12.994,10.377,10.383
20241115165330.2,258.696001768112,14.19,13.216,13.23,12.994,10.403,10.365
20241115165330.7,259.145003557205,14.198,13.19,13.252,12.994,10.385,10.375
20241115165331.1,259.597998484969,14.176,13.202,13.242,12.986,10.365,10.367
20241115165331.6,260.047000274062,14.166,13.202,13.234,13,10.389,10.365
20241115165332,260.496002063155,14.168,13.194,13.254,13.014,10.395,10.353
20241115165332.5,260.953000187874,14.176,13.21,13.265,13.014,10.383,10.363
20241115165332.9,261.402997747064,14.164,13.198,13.25,12.99,10.377,10.381
20241115165333.4,261.851999536157,14.145,13.224,13.236,12.994,10.389,10.367
20241115165333.8,262.308997660875,14.113,13.188,13.226,12.992,10.401,10.365
20241115165334.3,262.757999449968,14.151,13.168,13.234,12.988,10.379,10.359
20241115165334.7,263.211004436016,14.133,13.174,13.222,12.976,10.381,10.385
20241115165335.2,263.659996166825,14.109,13.186,13.216,12.98,10.389,10.369
20241115165335.6,264.11399692297,14.135,13.157,13.24,12.97,10.379,10.363
20241115165336.1,264.562998712063,14.119,13.172,13.222,12.972,10.361,10.377
20241115165336.6,265.019996836782,14.095,13.178,13.22,12.972,10.371,10.357
20241115165337,265.468998625875,14.087,13.176,13.222,12.966,10.363,10.367
20241115165337.5,265.922003611922,14.099,13.174,13.216,12.968,10.375,10.375
20241115165337.9,266.370995342731,14.099,13.174,13.214,12.976,10.365,10.369
20241115165338.4,266.828003525734,14.115,13.164,13.21,12.986,10.379,10.359
20241115165338.8,267.278001084924,14.113,13.184,13.216,12.99,10.381,10.361
20241115165339.3,267.730996012688,14.117,13.157,13.22,12.98,10.397,10.357
20241115165339.7,268.18800419569,14.119,13.157,13.206,12.968,10.377,10.365
20241115165340.2,268.640999123454,14.117,13.178,13.224,12.978,10.379,10.355
20241115165340.6,269.090000912547,14.109,13.157,13.198,12.974,10.375,10.369
20241115165341.1,269.542995840311,14.099,13.164,13.208,12.98,10.371,10.359
20241115165341.5,269.996000826359,14.089,13.151,13.206,12.964,10.369,10.359
20241115165342,270.452998951077,14.111,13.184,13.214,12.964,10.373,10.359
20241115165342.4,270.906999707222,14.103,13.172,13.224,12.968,10.373,10.351
20241115165342.9,271.37099839747,14.093,13.172,13.18,12.97,10.383,10.363
20241115165343.3,271.817002817988,14.111,13.174,13.208,12.986,10.377,10.363
20241115165343.8,272.266004607081,14.105,13.182,13.196,12.976,10.369,10.369
20241115165344.2,272.707000002265,14.087,13.174,13.204,12.982,10.375,10.355
20241115165344.7,273.156997561455,14.121,13.166,13.208,12.988,10.373,10.345
20241115165345.1,273.613995686173,14.109,13.172,13.2,12.996,10.379,10.357
20241115165345.6,274.062997475266,14.089,13.176,13.212,12.97,10.387,10.353
20241115165346,274.516002461314,14.111,13.17,13.23,12.97,10.383,10.347
20241115165346.5,274.968997389078,14.103,13.18,13.226,12.972,10.359,10.355
20241115165347,275.422002375126,14.101,13.157,13.206,12.982,10.373,10.351
20241115165347.4,275.879000499845,14.097,13.162,13.204,12.972,10.385,10.347
20241115165347.9,276.331995427608,14.103,13.18,13.22,12.972,10.377,10.343
20241115165348.3,276.785000413656,14.113,13.172,13.21,12.976,10.367,10.357
20241115165348.8,277.230994775891,14.113,13.202,13.228,12.982,10.363,10.351
20241115165349.2,277.672000229359,14.113,13.188,13.214,12.947,10.363,10.353
20241115165349.7,278.124995157123,14.121,13.188,13.2,12.964,10.365,10.355
20241115165350.1,278.57800014317,14.111,13.188,13.204,12.986,10.359,10.337
20241115165350.6,279.032000899315,14.115,13.186,13.224,12.957,10.367,10.357
20241115165351,279.481002688408,14.121,13.192,13.216,12.982,10.351,10.347
20241115165351.5,279.921998083591,14.103,13.184,13.204,12.966,10.371,10.337
20241115165351.9,280.375003069639,14.137,13.196,13.19,12.966,10.367,10.361
20241115165352.4,280.823994800448,14.117,13.17,13.198,12.962,10.367,10.335
20241115165352.8,281.281998753548,14.125,13.2,13.204,12.966,10.355,10.351
20241115165353.3,281.735003739595,14.115,13.19,13.214,12.976,10.363,10.339
20241115165353.7,282.187998667359,14.131,13.182,13.206,12.978,10.375,10.345
20241115165354.2,282.653003185987,14.129,13.19,13.204,12.97,10.361,10.343
20241115165354.6,283.105998113751,14.115,13.172,13.196,12.964,10.365,10.331
20241115165355.1,283.559003099799,14.119,13.168,13.216,12.974,10.361,10.329
20241115165355.5,284.011998027563,14.125,13.184,13.208,12.966,10.381,10.335
20241115165356,284.460999816656,14.135,13.188,13.206,12.98,10.363,10.337
20241115165356.4,284.914004802704,14.107,13.176,13.222,12.988,10.355,10.355
20241115165356.9,285.366999730468,14.127,13.186,13.208,12.968,10.359,10.329
20241115165357.3,285.816997289658,14.119,13.186,13.214,12.974,10.379,10.331
20241115165357.8,286.270002275705,14.121,13.19,13.206,12.964,10.365,10.331
20241115165358.3,286.722997203469,14.111,13.206,13.206,12.972,10.339,10.353
20241115165358.7,287.171998992562,14.113,13.194,13.204,12.968,10.363,10.339
20241115165359.2,287.62500397861,14.125,13.184,13.204,12.99,10.371,10.335
20241115165359.6,288.082002103329,14.123,13.18,13.232,12.984,10.343,10.331
20241115165400.1,288.527996465564,14.121,13.174,13.244,12.96,10.359,10.335
20241115165400.5,288.985004648566,14.119,13.212,13.198,12.972,10.367,10.329
20241115165401,289.43799957633,14.131,13.188,13.21,12.986,10.365,10.353
20241115165401.4,289.894997701049,14.125,13.192,13.218,12.964,10.373,10.353
20241115165401.9,290.348002687097,14.135,13.174,13.21,12.972,10.337,10.351
20241115165402.3,290.800997614861,14.137,13.19,13.206,12.964,10.371,10.347
20241115165402.8,291.254002600908,14.141,13.188,13.21,12.99,10.355,10.341
20241115165403.2,291.706997528672,14.117,13.2,13.202,12.99,10.357,10.337
20241115165403.7,292.156995087862,14.127,13.176,13.218,12.96,10.347,10.353
20241115165404.1,292.614003270864,14.101,13.196,13.236,12.966,10.363,10.351
20241115165404.6,293.071001395583,14.133,13.208,13.21,12.962,10.345,10.343
20241115165405.1,293.523996323347,14.131,13.186,13.222,12.996,10.365,10.341
20241115165405.5,293.977001309395,14.133,13.196,13.218,13,10.369,10.341
20241115165406,294.426003098488,14.135,13.186,13.204,12.978,10.347,10.333
20241115165406.4,294.878998026252,14.141,13.18,13.222,12.988,10.339,10.331
20241115165406.9,295.3320030123,14.141,13.204,13.238,12.984,10.353,10.339
20241115165407.3,295.784997940063,14.133,13.2,13.228,12.968,10.355,10.322
20241115165407.8,296.241996064782,14.139,13.206,13.23,12.97,10.363,10.349
20241115165408.2,296.692003682256,14.125,13.186,13.232,12.974,10.363,10.335
20241115165408.7,297.14499861002,14.127,13.206,13.204,12.974,10.351,10.341
20241115165409.1,297.598003596067,14.137,13.208,13.228,12.986,10.345,10.337
20241115165409.6,298.050998523831,14.147,13.21,13.228,13,10.353,10.327
20241115165410,298.504003509879,14.151,13.214,13.238,12.996,10.343,10.32
20241115165410.5,298.956998437643,14.141,13.236,13.216,12.982,10.357,10.314
20241115165410.9,299.406995996833,14.153,13.222,13.242,12.972,10.363,10.335
20241115165411.4,299.860000982881,14.149,13.212,13.228,12.988,10.361,10.333
20241115165411.8,300.312995910645,14.145,13.23,13.232,12.98,10.345,10.322
20241115165412.3,300.761997699738,14.157,13.222,13.232,12.955,10.357,10.333
20241115165412.7,301.215002685785,14.16,13.216,13.216,12.99,10.347,10.331
20241115165413.2,301.664004474878,14.141,13.218,13.222,12.982,10.341,10.325
20241115165413.6,302.116999402642,14.153,13.208,13.218,12.972,10.355,10.347
20241115165414.1,302.571000158787,14.133,13.216,13.212,12.998,10.337,10.339
20241115165414.6,303.023995086551,14.151,13.218,13.226,12.972,10.359,10.333
20241115165415,303.481003269553,14.151,13.218,13.21,12.978,10.353,10.339
20241115165415.5,303.930005058646,14.151,13.22,13.21,13.006,10.359,10.343
20241115165415.9,304.378996789455,14.147,13.224,13.218,12.988,10.357,10.331
20241115165416.4,304.835994914174,14.164,13.222,13.224,12.988,10.339,10.331
20241115165416.8,305.288999900222,14.155,13.2,13.232,12.98,10.361,10.347
20241115165417.3,305.75400441885,14.153,13.23,13.218,13.008,10.337,10.333
20241115165417.7,306.206999346614,14.157,13.222,13.21,12.998,10.355,10.339
20241115165418.2,306.663997471333,14.153,13.228,13.224,12.996,10.379,10.318
20241115165418.6,307.113995030522,14.182,13.232,13.216,12.978,10.367,10.349
20241115165419.1,307.56700001657,14.174,13.236,13.234,12.986,10.363,10.343
20241115165419.6,308.028001338243,14.155,13.242,13.216,12.974,10.367,10.327
20241115165420,308.472999930382,14.164,13.216,13.222,12.972,10.373,10.339
20241115165420.5,308.922001719475,14.17,13.206,13.212,12.984,10.343,10.329
20241115165420.9,309.374996647239,14.174,13.238,13.236,12.98,10.345,10.341
20241115165421.4,309.828001633286,14.166,13.232,13.21,12.976,10.349,10.333
20241115165421.8,310.277999192476,14.176,13.238,13.216,12.982,10.365,10.329
20241115165422.3,310.734997317195,14.17,13.232,13.208,12.99,10.335,10.325
20241115165422.7,311.188002303243,14.147,13.23,13.234,12.98,10.359,10.337
20241115165423.2,311.637004092336,14.162,13.244,13.218,12.974,10.359,10.335
20241115165423.6,312.106001749635,14.168,13.218,13.224,12.974,10.351,10.331
20241115165424.1,312.558996677399,14.162,13.226,13.212,12.994,10.333,10.331
20241115165424.5,313.012001663446,14.184,13.244,13.214,12.994,10.369,10.329
20241115165425,313.46499659121,14.2,13.242,13.224,12.974,10.339,10.331
20241115165425.4,313.918001577258,14.178,13.236,13.216,12.994,10.361,10.327
20241115165425.9,314.374999701977,14.186,13.252,13.208,12.976,10.351,10.329
20241115165426.4,314.828004688025,14.216,13.248,13.214,13.004,10.351,10.327
20241115165426.8,315.281995385885,14.21,13.246,13.218,12.986,10.364,10.356
20241115165427.3,315.730997174978,14.199,13.263,13.225,13.017,10.346,10.35
20241115165427.7,316.184002161026,14.239,13.249,13.247,13.003,10.35,10.348
20241115165428.2,316.63699708879,14.209,13.251,13.241,13.009,10.364,10.342
20241115165428.6,317.090002074838,14.233,13.266,13.247,13.027,10.372,10.309
20241115165429.1,317.539003863931,14.223,13.257,13.243,12.993,10.374,10.336
20241115165429.5,317.991998791695,14.235,13.255,13.225,13.007,10.35,10.336
20241115165430,318.460996448994,14.239,13.265,13.251,13.013,10.374,10.342
20241115165430.5,318.930004164577,14.251,13.266,13.243,12.989,10.37,10.336
20241115165430.9,319.38299909234,14.229,13.274,13.249,13.009,10.358,10.34
20241115165431.4,319.839997217059,14.251,13.288,13.249,13.025,10.354,10.326
20241115165431.8,320.293002203107,14.241,13.263,13.253,13.023,10.362,10.324
20241115165432.3,320.7420039922,14.245,13.284,13.249,13.011,10.372,10.344
20241115165432.7,321.199002116919,14.255,13.28,13.243,13.001,10.364,10.33
20241115165433.2,321.653002873063,14.263,13.29,13.247,13.011,10.356,10.344
20241115165433.6,322.105997800827,14.274,13.28,13.255,13.023,10.352,10.334
20241115165434.1,322.573999688029,14.253,13.274,13.272,13.029,10.364,10.33
20241115165434.6,323.023997247219,14.263,13.28,13.243,13.019,10.35,10.32
20241115165435,323.489001765847,14.272,13.302,13.259,13.015,10.344,10.346
20241115165435.5,323.945999890566,14.286,13.296,13.261,13.037,10.354,10.322
20241115165435.9,324.395001679659,14.288,13.3,13.255,13.037,10.372,10.322
20241115165436.4,324.847996607423,14.298,13.31,13.268,13.029,10.372,10.328
20241115165436.8,325.301001593471,14.29,13.298,13.274,13.017,10.35,10.342
20241115165437.3,325.750003382564,14.304,13.284,13.27,13.029,10.354,10.33
20241115165437.7,326.207001507282,14.296,13.314,13.263,13.037,10.352,10.326
20241115165438.2,326.659996435046,14.316,13.314,13.284,13.027,10.354,10.326
20241115165438.6,327.11000405252,14.308,13.306,13.263,13.027,10.362,10.328
20241115165439.1,327.567002177238,14.3,13.318,13.265,13.025,10.344,10.332
20241115165439.5,328.016003966331,14.294,13.316,13.263,13.027,10.346,10.33
20241115165440,328.464995697141,14.318,13.31,13.266,13.021,10.354,10.326
20241115165440.4,328.906996920705,14.312,13.29,13.27,13.027,10.378,10.326
20241115165440.9,329.364005103707,14.326,13.308,13.274,13.029,10.346,10.32
20241115165441.3,329.812996834517,14.318,13.31,13.261,13.033,10.364,10.324
20241115165441.8,330.266001820564,14.31,13.308,13.263,13.039,10.364,10.332
20241115165442.3,330.739002674818,14.328,13.31,13.257,13.025,10.336,10.332
20241115165442.7,331.191997602582,14.342,13.326,13.263,13.025,10.349,10.333
20241115165443.2,331.640999391675,14.309,13.319,13.267,13.006,10.351,10.316
20241115165443.6,332.094004377723,14.327,13.301,13.263,13.016,10.343,10.325
20241115165444.1,332.546999305487,14.335,13.309,13.273,13.016,10.343,10.335
20241115165444.5,333.012003824115,14.327,13.297,13.285,13.022,10.343,10.314
20241115165445,333.469001948833,14.325,13.329,13.248,13.004,10.341,10.306
20241115165445.5,333.921996876597,14.337,13.315,13.259,13.028,10.339,10.316
20241115165445.9,334.37099866569,14.351,13.319,13.261,13.026,10.35,10.322
20241115165446.4,334.831999987364,14.356,13.306,13.28,13.051,10.338,10.317
20241115165446.8,335.288998112082,14.354,13.326,13.28,13.023,10.332,10.326
20241115165447.3,335.738995671272,14.358,13.34,13.261,13.029,10.36,10.307
20241115165447.7,336.19200065732,14.367,13.342,13.274,13.039,10.348,10.305
20241115165448.2,336.644995585084,14.354,13.332,13.267,13.065,10.366,10.316
20241115165448.6,337.098000571132,14.37,13.342,13.275,13.043,10.364,10.316
20241115165449.1,337.547002360225,14.381,13.336,13.267,13.031,10.364,10.326
20241115165449.5,337.996004149318,14.385,13.338,13.292,13.051,10.354,10.33
20241115165450,338.446001708508,14.383,13.342,13.29,13.013,10.368,10.34
20241115165450.4,338.902999833226,14.405,13.334,13.296,13.051,10.344,10.33
20241115165450.9,339.352001622319,14.379,13.34,13.298,13.035,10.366,10.334
20241115165451.3,339.808999747038,14.403,13.354,13.288,13.055,10.362,10.344
20241115165451.8,340.258001536131,14.387,13.34,13.282,13.051,10.358,10.34
20241115165452.2,340.710996463895,14.401,13.366,13.276,13.041,10.346,10.334
20241115165452.7,341.159998252988,14.403,13.352,13.3,13.049,10.362,10.322
20241115165453.1,341.613999009132,14.407,13.354,13.282,13.045,10.378,10.346
20241115165453.6,342.063000798225,14.417,13.368,13.298,13.049,10.364,10.328
20241115165454,342.500003054738,14.409,13.364,13.29,13.037,10.368,10.336
20241115165454.5,342.945997416973,14.397,13.362,13.292,13.027,10.376,10.326
20241115165454.9,343.399002403021,14.435,13.35,13.3,13.049,10.356,10.316
20241115165455.4,343.85600052774,14.429,13.352,13.292,13.045,10.372,10.34
20241115165455.8,344.308995455503,14.453,13.368,13.288,13.031,10.344,10.316
20241115165456.3,344.750000908971,14.431,13.385,13.302,13.045,10.368,10.342
20241115165456.7,345.202995836735,14.437,13.374,13.302,13.045,10.356,10.352
20241115165457.2,345.656996592879,14.455,13.389,13.308,13.027,10.368,10.34
20241115165457.6,346.110001578927,14.463,13.362,13.31,13.051,10.352,10.326
20241115165458.1,346.562996506691,14.443,13.376,13.298,13.035,10.348,10.332
20241115165458.6,347.028001025319,14.463,13.395,13.316,13.055,10.37,10.328
20241115165459,347.496002912521,14.465,13.391,13.29,13.069,10.362,10.342
20241115165459.5,347.948997840285,14.482,13.397,13.326,13.049,10.366,10.342
20241115165459.9,348.417995497584,14.469,13.383,13.306,13.069,10.372,10.33
20241115165500.4,348.871000483632,14.48,13.374,13.308,13.061,10.368,10.33
20241115165500.9,349.323995411396,14.492,13.383,13.31,13.059,10.368,10.332
20241115165501.3,349.781999364495,14.477,13.395,13.32,13.063,10.364,10.334
20241115165501.8,350.231001153588,14.475,13.399,13.31,13.09,10.364,10.328
20241115165502.2,350.680002942681,14.5,13.393,13.326,13.045,10.364,10.338
20241115165502.7,351.132997870445,14.482,13.407,13.328,13.053,10.356,10.332
20241115165503.1,351.581999659538,14.48,13.395,13.326,13.029,10.342,10.334
20241115165503.6,352.043000981212,14.488,13.397,13.322,13.057,10.36,10.313
20241115165504,352.495995908976,14.504,13.387,13.324,13.059,10.364,10.338
20241115165504.5,352.953004091978,14.494,13.391,13.332,13.061,10.336,10.322
20241115165504.9,353.403001651168,14.506,13.395,13.308,13.055,10.346,10.317
20241115165505.4,353.855996578932,14.486,13.391,13.324,13.055,10.346,10.334
20241115165505.8,354.30900156498,14.514,13.391,13.312,13.057,10.356,10.309
20241115165506.3,354.758003354073,14.5,13.403,13.332,13.073,10.35,10.334
20241115165506.7,355.210998281837,14.51,13.427,13.332,13.049,10.368,10.338
20241115165507.2,355.664003267884,14.52,13.403,13.346,13.067,10.356,10.32
20241115165507.6,356.116998195648,14.544,13.405,13.328,13.067,10.34,10.324
20241115165508.1,356.585995852947,14.538,13.407,13.324,13.055,10.364,10.322
20241115165508.6,357.039000838995,14.544,13.401,13.342,13.074,10.366,10.301
20241115165509,357.491995766759,14.544,13.423,13.33,13.066,10.346,10.328
20241115165509.5,357.942003384233,14.544,13.423,13.342,13.059,10.352,10.322
20241115165509.9,358.394998311996,14.536,13.425,13.348,13.086,10.376,10.328
20241115165510.4,358.851996436715,14.556,13.407,13.346,13.065,10.364,10.322
20241115165510.8,359.305001422763,14.55,13.445,13.358,13.071,10.358,10.32
20241115165511.3,359.757996350527,14.578,13.431,13.354,13.088,10.354,10.324
20241115165511.8,360.22700406611,14.568,13.435,13.354,13.075,10.374,10.326
20241115165512.2,360.684002190828,14.556,13.427,13.356,13.075,10.36,10.338
20241115165512.7,361.136997118592,14.568,13.431,13.346,13.073,10.354,10.316
20241115165513.1,361.585998907685,14.564,13.419,13.364,13.061,10.37,10.322
20241115165513.6,362.039003893733,14.579,13.429,13.356,13.067,10.36,10.314
20241115165514,362.508001551032,14.578,13.445,13.344,13.067,10.362,10.324
20241115165514.5,362.960996478796,14.572,13.429,13.35,13.086,10.37,10.334
20241115165514.9,363.414001464844,14.581,13.439,13.342,13.09,10.362,10.32
20241115165515.4,363.866996392608,14.578,13.429,13.334,13.069,10.354,10.346
20241115165515.9,364.320997148752,14.601,13.443,13.37,13.089,10.37,10.322
20241115165516.3,364.777995273471,14.588,13.437,13.346,13.077,10.356,10.334
20241115165516.8,365.223003923893,14.599,13.433,13.362,13.085,10.358,10.326
20241115165517.2,365.675998851657,14.599,13.457,13.368,13.1,10.364,10.306
20241115165517.7,366.129003837705,14.591,13.457,13.376,13.096,10.374,10.336
20241115165518.1,366.581998765469,14.591,13.433,13.378,13.108,10.35,10.314
20241115165518.6,367.035003751516,14.601,13.441,13.35,13.073,10.362,10.322
20241115165519,367.485001310706,14.59,13.443,13.38,13.096,10.364,10.314
20241115165519.5,367.93799623847,14.609,13.457,13.386,13.09,10.358,10.316
20241115165519.9,368.391001224518,14.582,13.451,13.362,13.087,10.356,10.299
20241115165520.4,368.847999349236,14.595,13.453,13.38,13.073,10.356,10.328
20241115165520.8,369.29700113833,14.601,13.451,13.391,13.104,10.356,10.342
20241115165521.3,369.749996066093,14.605,13.463,13.36,13.096,10.348,10.322
20241115165521.7,370.203001052141,14.619,13.449,13.368,13.065,10.352,10.332
20241115165522.2,370.65999917686,14.633,13.425,13.372,13.084,10.36,10.318
20241115165522.6,371.113999933004,14.623,13.451,13.366,13.096,10.36,10.318
20241115165523.1,371.577998623252,14.631,13.441,13.374,13.082,10.35,10.336
20241115165523.6,372.031999379396,14.615,13.461,13.366,13.092,10.358,10.32
20241115165524,372.500001266599,14.621,13.465,13.372,13.063,10.342,10.322
20241115165524.5,372.964995726943,14.641,13.469,13.358,13.071,10.334,10.316
20241115165525,373.422003909945,14.627,13.459,13.364,13.071,10.354,10.33
20241115165525.4,373.874998837709,14.641,13.453,13.358,13.084,10.366,10.318
20241115165525.9,374.328003823757,14.655,13.475,13.374,13.078,10.35,10.314
20241115165526.3,374.773998185992,14.659,13.477,13.37,13.092,10.362,10.314
20241115165526.8,375.22700317204,14.665,13.459,13.362,13.08,10.352,10.318
20241115165527.2,375.684001296759,14.637,13.453,13.352,13.082,10.366,10.334
20241115165527.7,376.133003085852,14.649,13.467,13.378,13.081,10.372,10.324
20241115165528.1,376.585998013616,14.651,13.479,13.384,13.089,10.374,10.314
20241115165528.6,377.034999802709,14.659,13.498,13.386,13.089,10.36,10.326
20241115165529,377.491997927427,14.665,13.485,13.391,13.094,10.36,10.32
20241115165529.5,377.945998683572,14.675,13.461,13.368,13.1,10.358,10.314
20241115165529.9,378.39900366962,14.675,13.471,13.38,13.085,10.356,10.34
20241115165530.4,378.844002261758,14.692,13.49,13.382,13.092,10.372,10.344
20241115165530.8,379.296997189522,14.71,13.495,13.38,13.102,10.352,10.332
20241115165531.3,379.745998978615,14.728,13.502,13.386,13.099,10.356,10.316
20241115165531.7,380.202997103333,14.71,13.497,13.394,13.112,10.374,10.316
20241115165532.2,380.653004720807,14.722,13.518,13.388,13.089,10.368,10.344
20241115165532.6,381.105999648571,14.734,13.512,13.394,13.1,10.364,10.344
20241115165533.1,381.559004634619,14.724,13.508,13.39,13.099,10.376,10.332
20241115165533.5,382.007996365428,14.758,13.506,13.396,13.112,10.358,10.326
20241115165534,382.461001351476,14.746,13.524,13.413,13.109,10.383,10.326
20241115165534.4,382.91399627924,14.768,13.52,13.4,13.118,10.37,10.342
20241115165534.9,383.383003994823,14.792,13.532,13.41,13.109,10.34,10.346
20241115165535.4,383.831995725632,14.782,13.53,13.413,13.103,10.356,10.332
20241115165535.8,384.282003343105,14.782,13.511,13.408,13.105,10.378,10.328
20241115165536.3,384.739001467824,14.772,13.534,13.4,13.111,10.381,10.334
20241115165536.7,385.188003256917,14.788,13.542,13.417,13.109,10.361,10.357
20241115165537.2,385.640998184681,14.813,13.521,13.434,13.119,10.374,10.349
20241115165537.6,386.089999973774,14.824,13.545,13.432,13.11,10.388,10.355
20241115165538.1,386.542994901538,14.826,13.561,13.415,13.106,10.39,10.345
20241115165538.5,386.995999887586,14.821,13.551,13.415,13.119,10.38,10.337
20241115165539,387.449004873633,14.844,13.559,13.42,13.141,10.378,10.335
20241115165539.4,387.899002432823,14.844,13.551,13.434,13.127,10.382,10.353
20241115165539.9,388.367004320025,14.844,13.541,13.419,13.104,10.376,10.349
20241115165540.4,388.836001977324,14.838,13.561,13.424,13.114,10.363,10.333
20241115165540.8,389.304999634624,14.85,13.557,13.413,13.112,10.39,10.339
20241115165541.3,389.758004620671,14.826,13.547,13.411,13.123,10.382,10.363
20241115165541.7,390.210999548435,14.866,13.525,13.417,13.116,10.371,10.357
20241115165542.2,390.664004534483,14.84,13.557,13.413,13.121,10.363,10.339
20241115165542.6,391.116999462247,14.83,13.567,13.422,13.121,10.38,10.349
20241115165543.1,391.571000218391,14.832,13.557,13.436,13.129,10.376,10.352
20241115165543.6,392.023995146155,14.829,13.53,13.4,13.103,10.366,10.338
20241115165544,392.481003329158,14.833,13.544,13.404,13.116,10.368,10.33
20241115165544.5,392.933998256922,14.819,13.532,13.413,13.118,10.368,10.348
20241115165544.9,393.38700324297,14.825,13.544,13.404,13.13,10.37,10.338
20241115165545.4,393.839998170733,14.835,13.538,13.404,13.114,10.385,10.328
20241115165545.8,394.293003156781,14.821,13.536,13.406,13.112,10.366,10.348
20241115165546.3,394.745998084545,14.821,13.552,13.398,13.107,10.374,10.348
20241115165546.7,395.202996209264,14.839,13.544,13.398,13.118,10.37,10.334
20241115165547.2,395.653003826737,14.835,13.554,13.415,13.13,10.381,10.348
20241115165547.6,396.110001951456,14.847,13.534,13.412,13.13,10.37,10.324
20241115165548.1,396.559003740549,14.837,13.546,13.425,13.132,10.385,10.316
20241115165548.5,397.007995471358,14.841,13.546,13.406,13.122,10.362,10.348
20241115165549,397.465003654361,14.857,13.566,13.408,13.12,10.387,10.334
20241115165549.4,397.917998582125,14.873,13.554,13.419,13.128,10.383,10.346
20241115165549.9,398.390999436378,14.869,13.56,13.427,13.136,10.368,10.338
20241115165550.4,398.852000758052,14.903,13.558,13.421,13.122,10.376,10.338
20241115165550.8,399.308998882771,14.909,13.58,13.429,13.142,10.366,10.342
20241115165551.3,399.762003868818,14.914,13.588,13.431,13.134,10.378,10.348
20241115165551.7,400.214998796582,14.918,13.584,13.439,13.122,10.372,10.348
20241115165552.2,400.66800378263,14.92,13.584,13.447,13.12,10.376,10.33
20241115165552.7,401.120998710394,14.954,13.602,13.417,13.144,10.358,10.348
20241115165553.1,401.574003696442,14.934,13.613,13.453,13.132,10.362,10.34
20241115165553.6,402.024001255631,14.95,13.619,13.449,13.136,10.362,10.34
20241115165554,402.476996183395,14.944,13.61,13.439,13.134,10.374,10.334
20241115165554.5,402.925997972488,14.96,13.604,13.461,13.136,10.391,10.324
20241115165554.9,403.379002958536,14.96,13.61,13.429,13.146,10.362,10.342
20241115165555.4,403.8319978863,14.96,13.621,13.423,13.128,10.378,10.33
20241115165555.8,404.285002872348,14.966,13.625,13.447,13.138,10.374,10.349
20241115165556.3,404.735000431538,14.979,13.626,13.45,13.129,10.394,10.335
20241115165556.7,405.191998556256,14.975,13.615,13.458,13.157,10.382,10.341
20241115165557.2,405.641000345349,14.978,13.627,13.445,13.144,10.358,10.326
20241115165557.6,406.093995273113,14.984,13.635,13.443,13.126,10.36,10.34
20241115165558.1,406.542997062206,14.994,13.619,13.46,13.143,10.382,10.345
20241115165558.5,406.996002048254,15.001,13.632,13.452,13.139,10.388,10.347
20241115165559,407.448996976018,14.987,13.632,13.47,13.143,10.393,10.342
20241115165559.4,407.899004593492,15.006,13.635,13.447,13.134,10.364,10.352
20241115165559.9,408.351999521255,15.017,13.629,13.441,13.154,10.387,10.334
20241115165600.4,408.820997178555,15.01,13.627,13.463,13.148,10.381,10.324
20241115165600.8,409.274002164602,15.025,13.637,13.449,13.154,10.366,10.342
20241115165601.3,409.742004051805,15.027,13.653,13.447,13.15,10.344,10.326
20241115165601.7,410.196004807949,15.045,13.627,13.465,13.168,10.376,10.344
20241115165602.2,410.667999833822,15.045,13.661,13.465,13.156,10.36,10.336
20241115165602.7,411.124997958541,15.047,13.651,13.455,13.138,10.366,10.342
20241115165603.1,411.573999747634,15.055,13.633,13.457,13.17,10.366,10.326
20241115165603.6,412.023997306824,15.063,13.635,13.455,13.168,10.36,10.342
20241115165604,412.480995431542,15.059,13.657,13.453,13.172,10.36,10.332
20241115165604.5,412.929997220635,15.061,13.653,13.463,13.148,10.376,10.316
20241115165604.9,413.395001739264,15.069,13.651,13.465,13.164,10.383,10.334
20241115165605.4,413.847996667027,15.053,13.657,13.441,13.152,10.38,10.351
20241115165605.8,414.30500485003,15.082,13.66,13.49,13.143,10.386,10.367
20241115165606.3,414.757999777794,15.082,13.656,13.466,13.173,10.374,10.347
20241115165606.7,415.214997902513,15.08,13.666,13.48,13.169,10.38,10.349
20241115165607.2,415.683995559812,15.1,13.656,13.458,13.169,10.39,10.341
20241115165607.7,416.14900007844,15.096,13.65,13.476,13.163,10.378,10.345
20241115165608.1,416.601995006204,15.116,13.66,13.48,13.149,10.369,10.343
20241115165608.6,417.059003189206,15.104,13.648,13.482,13.161,10.351,10.361
20241115165609,417.51199811697,15.114,13.674,13.482,13.163,10.374,10.343
20241115165609.5,417.968996241689,15.11,13.668,13.476,13.149,10.382,10.339
20241115165609.9,418.417998030782,15.122,13.682,13.49,13.171,10.394,10.351
20241115165610.4,418.871003016829,15.112,13.674,13.47,13.169,10.386,10.374
20241115165610.9,419.323997944593,15.116,13.654,13.476,13.167,10.39,10.325
20241115165611.3,419.777998700738,15.102,13.672,13.498,13.161,10.382,10.339
20241115165611.8,420.241997390985,15.125,13.666,13.474,13.165,10.39,10.361
20241115165612.2,420.69599814713,15.124,13.674,13.502,13.169,10.402,10.335
20241115165612.7,421.149003133178,15.116,13.672,13.472,13.155,10.38,10.349
20241115165613.1,421.601998060942,15.13,13.678,13.486,13.165,10.37,10.357
20241115165613.6,422.050999850035,15.106,13.658,13.5,13.161,10.382,10.355
20241115165614,422.503994777799,15.102,13.674,13.48,13.143,10.392,10.353
20241115165614.5,422.952996566892,15.1,13.658,13.464,13.179,10.386,10.368
20241115165614.9,423.406997323036,15.12,13.656,13.48,13.155,10.37,10.347
20241115165615.4,423.860002309084,15.11,13.674,13.476,13.169,10.38,10.351
20241115165615.8,424.312997236848,15.118,13.678,13.472,13.165,10.37,10.361
20241115165616.3,424.766002222896,15.126,13.654,13.484,13.173,10.394,10.347
20241115165616.8,425.21899715066,15.112,13.66,13.468,13.157,10.382,10.351
20241115165617.2,425.684001669288,15.126,13.66,13.47,13.183,10.38,10.365
20241115165617.7,426.136996597052,15.134,13.668,13.476,13.187,10.372,10.343
20241115165618.1,426.597997918725,15.137,13.672,13.506,13.159,10.38,10.345
20241115165618.6,427.046999707818,15.13,13.672,13.478,13.179,10.378,10.339
20241115165619,427.496001496911,15.118,13.68,13.488,13.179,10.378,10.345
20241115165619.5,427.948996424675,15.149,13.686,13.464,13.181,10.386,10.359
20241115165619.9,428.40299718082,15.159,13.69,13.482,13.187,10.392,10.351
20241115165620.4,428.856002166867,15.159,13.68,13.47,13.177,10.378,10.363
20241115165620.8,429.308997094631,15.167,13.678,13.492,13.173,10.372,10.359
20241115165621.3,429.757998883724,15.151,13.682,13.478,13.171,10.382,10.347
20241115165621.7,430.211003869772,15.155,13.7,13.472,13.155,10.388,10.368
20241115165622.2,430.663998797536,15.161,13.684,13.478,13.169,10.368,10.376
20241115165622.6,431.117003783584,15.179,13.694,13.478,13.171,10.382,10.355
20241115165623.1,431.571004539728,15.175,13.682,13.48,13.169,10.388,10.372
20241115165623.6,432.019996270537,15.177,13.698,13.494,13.183,10.378,10.357
20241115165624,432.47700445354,15.179,13.69,13.488,13.165,10.38,10.347
20241115165624.5,432.929999381304,15.207,13.698,13.48,13.171,10.384,10.345
20241115165624.9,433.395003899932,15.219,13.72,13.488,13.175,10.384,10.345
20241115165625.4,433.847998827696,15.217,13.718,13.504,13.169,10.396,10.355
20241115165625.8,434.297000616789,15.236,13.706,13.482,13.173,10.38,10.341
20241115165626.3,434.782001003623,15.248,13.725,13.488,13.171,10.355,10.349
20241115165626.8,435.234995931387,15.262,13.706,13.476,13.191,10.369,10.349
20241115165627.2,435.688000917435,15.262,13.729,13.482,13.159,10.38,10.333
20241115165627.7,436.140995845199,15.27,13.716,13.478,13.159,10.376,10.343
20241115165628.1,436.610003560781,15.29,13.718,13.494,13.167,10.371,10.353
20241115165628.6,437.062998488545,15.282,13.718,13.486,13.173,10.355,10.345
20241115165629.1,437.528003007174,15.282,13.721,13.484,13.161,10.378,10.357
20241115165629.5,437.980997934937,15.298,13.718,13.516,13.187,10.388,10.351
20241115165630,438.434002920985,15.296,13.723,13.466,13.185,10.392,10.361
20241115165630.4,438.883004710078,15.284,13.737,13.49,13.185,10.371,10.321
20241115165630.9,439.335999637842,15.3,13.729,13.508,13.199,10.371,10.351
20241115165631.3,439.785001426935,15.306,13.749,13.496,13.185,10.378,10.357
20241115165631.8,440.23900218308,15.298,13.727,13.514,13.187,10.374,10.347
20241115165632.2,440.696000307798,15.31,13.739,13.512,13.203,10.371,10.353
20241115165632.7,441.148995235562,15.314,13.747,13.496,13.195,10.386,10.337
20241115165633.1,441.60200022161,15.31,13.743,13.514,13.211,10.378,10.363
20241115165633.6,442.054995149374,15.323,13.747,13.516,13.181,10.394,10.353
20241115165634,442.503996938467,15.308,13.743,13.51,13.187,10.384,10.351
20241115165634.5,442.960995063186,15.308,13.759,13.494,13.211,10.378,10.361
20241115165634.9,443.418003246188,15.325,13.757,13.518,13.197,10.38,10.353
20241115165635.4,443.870998173952,15.322,13.739,13.504,13.187,10.365,10.349
20241115165635.9,444.327996298671,15.331,13.755,13.504,13.203,10.374,10.376
20241115165636.3,444.812996685505,15.304,13.735,13.52,13.195,10.386,10.359
20241115165636.8,445.261998474598,15.322,13.757,13.514,13.201,10.376,10.353
20241115165637.3,445.734999328852,15.327,13.741,13.508,13.203,10.384,10.345
20241115165637.7,446.184001117945,15.312,13.753,13.516,13.209,10.361,10.361
20241115165638.2,446.636996045709,15.343,13.737,13.523,13.205,10.382,10.347
20241115165638.6,447.094004228711,15.345,13.765,13.512,13.223,10.386,10.37
20241115165639.1,447.56300188601,15.357,13.745,13.543,13.209,10.368,10.349
20241115165639.5,448.012003675103,15.349,13.755,13.539,13.201,10.37,10.349
20241115165640,448.464998602867,15.365,13.765,13.526,13.217,10.37,10.361
20241115165640.4,448.918003588915,15.375,13.769,13.524,13.236,10.384,10.374
20241115165640.9,449.387001246214,15.401,13.759,13.541,13.236,10.38,10.347
20241115165641.4,449.831999838352,15.421,13.767,13.539,13.227,10.388,10.363
20241115165641.8,450.300997495651,15.438,13.791,13.526,13.217,10.378,10.365
20241115165642.3,450.75799562037,15.427,13.787,13.549,13.199,10.396,10.357
20241115165642.7,451.206997409463,15.44,13.785,13.524,13.207,10.374,10.374
20241115165643.2,451.663995534182,15.47,13.777,13.547,13.211,10.374,10.365
20241115165643.6,452.114003151655,15.476,13.795,13.539,13.205,10.388,10.365
20241115165644.1,452.571001276374,15.466,13.809,13.539,13.215,10.384,10.353
20241115165644.6,453.027999401093,15.478,13.821,13.531,13.225,10.372,10.333
20241115165645,453.484997525811,15.486,13.795,13.549,13.215,10.372,10.351
20241115165645.5,453.94199565053,15.492,13.817,13.545,13.225,10.37,10.368
20241115165645.9,454.399003833532,15.51,13.823,13.545,13.221,10.41,10.347
20241115165646.4,454.856001958251,15.518,13.819,13.537,13.254,10.38,10.368
20241115165646.8,455.31300008297,15.52,13.831,13.551,13.232,10.378,10.345
20241115165647.3,455.769998207688,15.534,13.817,13.553,13.236,10.388,10.353
20241115165647.8,456.226996332407,15.51,13.829,13.567,13.219,10.37,10.376
20241115165648.2,456.684004515409,15.565,13.827,13.561,13.237,10.378,10.384
20241115165648.7,457.141002640128,15.565,13.85,13.577,13.243,10.388,10.388
20241115165649.1,457.598000764847,15.575,13.835,13.549,13.231,10.376,10.361
20241115165649.6,458.05900208652,15.575,13.834,13.561,13.238,10.396,10.365
20241115165650,458.516000211239,15.555,13.836,13.555,13.244,10.378,10.343
20241115165650.5,458.972998335958,15.569,13.827,13.563,13.231,10.374,10.363
20241115165651,459.426003322005,15.579,13.833,13.569,13.246,10.39,10.349
20241115165651.4,459.875005111098,15.581,13.836,13.571,13.223,10.376,10.351
20241115165651.9,460.328000038862,15.579,13.846,13.557,13.227,10.386,10.349
20241115165652.3,460.777997598052,15.599,13.833,13.565,13.238,10.396,10.347
20241115165652.8,461.2310025841,15.587,13.842,13.553,13.227,10.372,10.357
20241115165653.2,461.683997511864,15.587,13.834,13.565,13.252,10.374,10.353
20241115165653.7,462.132999300957,15.605,13.838,13.563,13.227,10.374,10.359
20241115165654.1,462.586004287004,15.593,13.846,13.565,13.223,10.376,10.347
20241115165654.6,463.038999214768,15.575,13.84,13.573,13.25,10.374,10.345
20241115165655,463.488996773958,15.609,13.833,13.559,13.229,10.38,10.374
20241115165655.5,463.945994898677,15.595,13.84,13.561,13.244,10.378,10.357
20241115165655.9,464.39499668777,15.575,13.827,13.565,13.227,10.376,10.357
20241115165656.4,464.864004403353,15.587,13.823,13.553,13.232,10.372,10.345
20241115165656.8,465.316999331117,15.577,13.85,13.565,13.232,10.38,10.357
20241115165657.3,465.770004317164,15.577,13.831,13.559,13.219,10.38,10.363
20241115165657.8,466.227002441883,15.621,13.84,13.563,13.225,10.361,10.357
20241115165658.2,466.684000566602,15.595,13.854,13.561,13.242,10.38,10.347
20241115165658.7,467.133002355695,15.611,13.84,13.567,13.24,10.372,10.353
20241115165659.1,467.585997283459,15.635,13.852,13.577,13.238,10.376,10.351
20241115165659.6,468.034999072552,15.631,13.864,13.585,13.225,10.372,10.339
20241115165700,468.49199719727,15.633,13.86,13.555,13.242,10.355,10.357
20241115165700.5,468.948995321989,15.644,13.878,13.579,13.25,10.382,10.355
20241115165700.9,469.399002939463,15.674,13.864,13.591,13.244,10.359,10.357
20241115165701.4,469.851997867227,15.68,13.854,13.585,13.248,10.374,10.351
20241115165701.8,470.30099965632,15.67,13.858,13.561,13.248,10.372,10.351
20241115165702.3,470.766004174948,15.688,13.848,13.581,13.231,10.386,10.351
20241115165702.8,471.235001832247,15.698,13.876,13.571,13.227,10.384,10.343
20241115165703.2,471.699000522494,15.7,13.86,13.585,13.246,10.37,10.353
20241115165703.7,472.172001376748,15.688,13.868,13.557,13.238,10.384,10.341
20241115165704.2,472.624996304512,15.678,13.876,13.553,13.229,10.353,10.363
20241115165704.6,473.07800129056,15.684,13.864,13.569,13.248,10.363,10.343
20241115165705.1,473.52799884975,15.692,13.866,13.585,13.248,10.386,10.355
20241115165705.5,473.984996974468,15.684,13.866,13.567,13.262,10.361,10.357
20241115165706,474.433998763561,15.684,13.876,13.563,13.236,10.353,10.355
20241115165706.4,474.89099688828,15.67,13.864,13.595,13.232,10.372,10.345
20241115165706.9,475.344001874328,15.676,13.846,13.573,13.248,10.363,10.339
20241115165707.3,475.805003196001,15.678,13.87,13.567,13.236,10.359,10.339
20241115165707.8,476.2740008533,15.68,13.848,13.603,13.221,10.378,10.359
20241115165708.3,476.730998978019,15.676,13.856,13.565,13.24,10.365,10.339
20241115165708.7,477.184003964067,15.674,13.85,13.569,13.231,10.372,10.349
20241115165709.2,477.641002088785,15.684,13.89,13.565,13.24,10.363,10.321
20241115165709.6,478.093997016549,15.662,13.862,13.565,13.24,10.355,10.331
20241115165710.1,478.554998338223,15.676,13.87,13.587,13.24,10.372,10.357
20241115165710.5,479.004000127316,15.664,13.868,13.563,13.231,10.363,10.337
20241115165711,479.456995055079,15.664,13.86,13.563,13.221,10.349,10.331
20241115165711.5,479.926002770662,15.68,13.856,13.567,13.24,10.38,10.335
20241115165711.9,480.375004559755,15.672,13.852,13.571,13.227,10.363,10.327
20241115165712.4,480.827999487519,15.66,13.856,13.563,13.229,10.363,10.335
20241115165712.8,481.277997046709,15.686,13.852,13.565,13.219,10.37,10.335
20241115165713.3,481.734995171428,15.68,13.848,13.567,13.231,10.363,10.327
20241115165713.7,482.188000157475,15.696,13.862,13.567,13.225,10.359,10.343
20241115165714.2,482.637001946568,15.658,13.878,13.573,13.242,10.355,10.345
20241115165714.6,483.089996874332,15.712,13.88,13.563,13.239,10.378,10.345
20241115165715.1,483.546994999051,15.694,13.884,13.589,13.244,10.374,10.337
20241115165715.5,483.999999985099,15.722,13.87,13.563,13.248,10.376,10.337
20241115165716,484.465004503727,15.736,13.866,13.599,13.26,10.353,10.347
20241115165716.5,484.934002161026,15.749,13.884,13.587,13.233,10.353,10.347
20241115165716.9,485.383003950119,15.749,13.882,13.589,13.239,10.392,10.37
20241115165717.4,485.847998410463,15.787,13.906,13.595,13.256,10.368,10.339
20241115165717.8,486.301003396511,15.803,13.918,13.595,13.262,10.386,10.343
20241115165718.3,486.753998324275,15.795,13.906,13.595,13.26,10.368,10.351
20241115165718.7,487.207003310323,15.811,13.916,13.603,13.244,10.362,10.333
20241115165719.2,487.657000869513,15.809,13.902,13.587,13.237,10.37,10.351
20241115165719.6,488.109995797276,15.783,13.926,13.601,13.239,10.386,10.337
20241115165720.1,488.563000783324,15.811,13.902,13.599,13.246,10.364,10.355
20241115165720.5,489.015995711088,15.797,13.914,13.591,13.244,10.38,10.353
20241115165721,489.464997500181,15.815,13.914,13.597,13.246,10.372,10.335
20241115165721.4,489.918002486229,15.801,13.922,13.589,13.274,10.394,10.335
20241115165721.9,490.375000610948,15.813,13.916,13.597,13.256,10.376,10.343
20241115165722.4,490.831998735666,15.839,13.914,13.597,13.262,10.392,10.351
20241115165722.8,491.285003721714,15.837,13.916,13.607,13.274,10.382,10.339
20241115165723.3,491.735001280904,15.841,13.945,13.611,13.244,10.38,10.339
20241115165723.7,492.187996208668,15.85,13.928,13.613,13.264,10.376,10.345
20241115165724.2,492.641001194715,15.864,13.94,13.607,13.264,10.38,10.323
20241115165724.6,493.093996122479,15.862,13.926,13.621,13.278,10.357,10.349
20241115165725.1,493.542997911572,15.87,13.953,13.609,13.246,10.388,10.335
20241115165725.5,494.003999233246,15.87,13.953,13.593,13.256,10.384,10.347
20241115165726,494.465000554919,15.872,13.961,13.603,13.268,10.394,10.341
20241115165726.5,494.933998212218,15.87,13.938,13.623,13.272,10.372,10.374
20241115165726.9,495.387003198266,15.884,13.94,13.621,13.25,10.374,10.349
20241115165727.4,495.85199765861,15.884,13.951,13.601,13.278,10.38,10.335
20241115165727.9,496.336002275348,15.902,13.94,13.589,13.26,10.386,10.341
20241115165728.3,496.800996735692,15.894,13.975,13.629,13.268,10.38,10.364
20241115165728.8,497.25400172174,15.92,13.975,13.623,13.284,10.378,10.353
20241115165729.2,497.706996649504,15.93,13.979,13.635,13.272,10.386,10.355
20241115165729.7,498.160001635551,15.949,13.973,13.635,13.278,10.362,10.353
20241115165730.1,498.61699976027,15.973,13.983,13.639,13.26,10.362,10.351
20241115165730.6,499.071000516415,15.985,14.011,13.646,13.274,10.382,10.357
20241115165731.1,499.527998641133,16.009,13.997,13.635,13.276,10.372,10.347
20241115165731.5,499.977000430226,16.025,14.019,13.641,13.284,10.351,10.353
20241115165732,500.433998554945,16.023,13.997,13.658,13.276,10.386,10.345
20241115165732.4,500.890996679664,16.056,14.013,13.65,13.278,10.36,10.327
20241115165732.9,501.356001198292,16.068,14.017,13.656,13.296,10.366,10.36
20241115165733.4,501.820995658636,16.068,14.033,13.656,13.284,10.364,10.341
20241115165733.8,502.288997545838,16.104,14.025,13.633,13.278,10.368,10.357
20241115165734.3,502.745995670557,16.11,14.027,13.66,13.276,10.366,10.349
20241115165734.7,503.211000189185,16.118,14.041,13.67,13.302,10.372,10.343
20241115165735.2,503.663995116949,16.136,14.031,13.672,13.276,10.376,10.355
20241115165735.6,504.117000102997,16.136,14.043,13.668,13.302,10.384,10.351
20241115165736.1,504.566997662187,16.136,14.046,13.674,13.308,10.366,10.345
20241115165736.6,505.020002648234,16.159,14.048,13.674,13.29,10.392,10.337
20241115165737,505.472997575998,16.157,14.046,13.664,13.312,10.376,10.333
20241115165737.5,505.929995700717,16.185,14.064,13.678,13.306,10.374,10.355
20241115165737.9,506.383000686765,16.181,14.066,13.674,13.324,10.355,10.364
20241115165738.4,506.832002475858,16.205,14.07,13.676,13.314,10.386,10.368
20241115165738.8,507.284997403622,16.215,14.09,13.68,13.3,10.37,10.347
20241115165739.3,507.74199552834,16.237,14.082,13.696,13.31,10.37,10.343
20241115165739.7,508.195996284485,16.247,14.088,13.7,13.328,10.372,10.349
20241115165740.2,508.649001270533,16.249,14.078,13.702,13.312,10.366,10.347
20241115165740.6,509.101996198297,16.262,14.084,13.7,13.312,10.38,10.343
20241115165741.1,509.567000716925,16.252,14.092,13.704,13.31,10.382,10.333
20241115165741.6,510.031995177269,16.266,14.094,13.694,13.312,10.357,10.353
20241115165742,510.489003360271,16.272,14.088,13.694,13.31,10.37,10.347
20241115165742.5,510.941998288035,16.262,14.09,13.704,13.32,10.366,10.339
20241115165742.9,511.395003274083,16.264,14.1,13.686,13.294,10.372,10.345
20241115165743.4,511.847998201847,16.272,14.08,13.68,13.326,10.384,10.364
20241115165743.8,512.304996326566,16.308,14.1,13.702,13.312,10.368,10.357
20241115165744.3,512.758001312613,16.312,14.1,13.696,13.318,10.382,10.347
20241115165744.7,513.210996240377,16.332,14.112,13.69,13.326,10.37,10.333
20241115165745.2,513.676000759006,16.318,14.118,13.702,13.312,10.366,10.351
20241115165745.7,514.128995686769,16.32,14.116,13.692,13.324,10.374,10.341
20241115165746.1,514.582000672817,16.336,14.12,13.69,13.326,10.378,10.347
20241115165746.6,515.038998797536,16.349,14.132,13.696,13.314,10.364,10.349
20241115165747,515.492003783584,16.363,14.145,13.716,13.338,10.372,10.351
20241115165747.5,515.946004539728,16.361,14.14,13.704,13.344,10.388,10.343
20241115165747.9,516.398999467492,16.359,14.124,13.698,13.33,10.366,10.337
20241115165748.4,516.855997592211,16.371,14.136,13.718,13.316,10.394,10.36
20241115165748.8,517.309002578259,16.355,14.122,13.704,13.332,10.372,10.368
20241115165749.3,517.766000702977,16.353,14.134,13.734,13.324,10.374,10.343
20241115165749.8,518.234998360276,16.355,14.116,13.704,13.33,10.362,10.327
20241115165750.2,518.688003346324,16.371,14.134,13.734,13.328,10.37,10.345
20241115165750.7,519.140998274088,16.405,14.142,13.71,13.332,10.38,10.339
20241115165751.1,519.594003260136,16.397,14.14,13.714,13.322,10.378,10.341
20241115165751.6,520.0469981879,16.381,14.134,13.708,13.332,10.38,10.315
20241115165752,520.495999976993,16.409,14.124,13.706,13.33,10.378,10.355
20241115165752.5,520.961004495621,16.411,14.147,13.724,13.322,10.347,10.335
20241115165752.9,521.418002620339,16.437,14.138,13.722,13.33,10.394,10.341
20241115165753.4,521.898999810219,16.445,14.145,13.724,13.344,10.372,10.349
20241115165753.9,522.352004796267,16.439,14.163,13.698,13.324,10.357,10.357
20241115165754.3,522.80499972403,16.462,14.151,13.728,13.328,10.366,10.36
20241115165754.8,523.254001513124,16.474,14.173,13.714,13.34,10.374,10.345
20241115165755.2,523.706996440887,16.466,14.167,13.702,13.334,10.374,10.347
20241115165755.7,524.157004058361,16.454,14.161,13.73,13.336,10.376,10.339
20241115165756.1,524.61400218308,16.456,14.151,13.726,13.347,10.339,10.364
20241115165756.6,525.082004070282,16.472,14.187,13.72,13.344,10.376,10.351
20241115165757.1,525.534998998046,16.47,14.157,13.736,13.34,10.366,10.345
20241115165757.5,526.000003516674,16.478,14.185,13.722,13.347,10.376,10.335
20241115165758,526.452998444438,16.474,14.165,13.728,13.357,10.372,10.347
20241115165758.4,526.906999200583,16.488,14.173,13.716,13.336,10.351,10.333
20241115165758.9,527.36000418663,16.466,14.167,13.738,13.34,10.382,10.345
20241115165759.4,527.82099545002,16.472,14.167,13.718,13.361,10.357,10.341
20241115165759.8,528.278003633022,16.482,14.171,13.712,13.334,10.37,10.319
20241115165800.3,528.726995363832,16.488,14.173,13.72,13.338,10.362,10.347
20241115165800.7,529.184003546834,16.49,14.177,13.742,13.326,10.357,10.339
20241115165801.2,529.648998007178,16.496,14.169,13.714,13.338,10.362,10.349
20241115165801.6,530.105996131897,16.48,14.163,13.708,13.326,10.37,10.345
20241115165802.1,530.563004314899,16.49,14.165,13.734,13.33,10.357,10.337
20241115165802.6,531.020002439618,16.48,14.173,13.732,13.334,10.376,10.343
20241115165803,531.472997367382,16.484,14.181,13.708,13.324,10.364,10.331
20241115165803.5,531.929995492101,16.494,14.181,13.726,13.338,10.351,10.331
20241115165803.9,532.395000010729,16.484,14.159,13.734,13.344,10.36,10.345
20241115165804.4,532.847994938493,16.488,14.181,13.728,13.344,10.368,10.329
20241115165804.8,533.300999924541,16.518,14.179,13.743,13.347,10.362,10.345
20241115165805.3,533.754004910588,16.538,14.215,13.724,13.351,10.378,10.349
20241115165805.7,534.206999838352,16.544,14.183,13.736,13.332,10.366,10.345
20241115165806.2,534.656997397542,16.573,14.203,13.736,13.347,10.38,10.337
20241115165806.6,535.113995522261,16.621,14.209,13.743,13.336,10.357,10.339
20241115165807.1,535.574001073837,16.615,14.211,13.738,13.349,10.372,10.321
20241115165807.6,536.038995534182,16.641,14.231,13.765,13.363,10.386,10.345
20241115165808,536.492000520229,16.639,14.237,13.763,13.379,10.362,10.335
20241115165808.5,536.965001374483,16.666,14.254,13.775,13.359,10.345,10.335
20241115165808.9,537.417996302247,16.69,14.272,13.785,13.357,10.37,10.351
20241115165809.4,537.86699809134,16.73,14.246,13.785,13.365,10.357,10.343
20241115165809.8,538.31699565053,16.748,14.27,13.773,13.351,10.368,10.315
20241115165810.3,538.774003833532,16.761,14.294,13.785,13.381,10.366,10.347
20241115165810.8,539.222995564342,16.779,14.292,13.779,13.357,10.374,10.335
20241115165811.2,539.680003747344,16.783,14.306,13.781,13.383,10.357,10.339
20241115165811.7,540.159995108843,16.821,14.288,13.793,13.389,10.362,10.337
20241115165812.1,540.613995864987,16.86,14.304,13.791,13.377,10.357,10.341
20241115165812.6,541.067000851035,16.835,14.308,13.795,13.399,10.366,10.321
20241115165813.1,541.519995778799,16.862,14.332,13.799,13.399,10.376,10.337
20241115165813.5,541.968997567892,16.9,14.338,13.809,13.399,10.36,10.331
20241115165814,542.425995692611,16.908,14.363,13.819,13.399,10.357,10.335
20241115165814.4,542.879000678658,16.946,14.357,13.821,13.399,10.355,10.333
20241115165814.9,543.335998803377,16.95,14.363,13.807,13.407,10.368,10.349
20241115165815.3,543.789003789425,16.975,14.397,13.837,13.395,10.38,10.347
20241115165815.8,544.241998717189,17.001,14.393,13.827,13.401,10.378,10.335
20241115165816.2,544.707003235817,17.029,14.383,13.843,13.419,10.36,10.349
20241115165816.7,545.164001360536,17.037,14.399,13.843,13.407,10.36,10.331
20241115165817.2,545.620999485254,17.062,14.405,13.843,13.423,10.368,10.343
20241115165817.6,546.074004471302,17.06,14.423,13.856,13.413,10.355,10.337
20241115165818.1,546.527995169163,17.082,14.421,13.846,13.417,10.372,10.347
20241115165818.5,546.992003917694,17.088,14.411,13.856,13.421,10.36,10.347
20241115165819,547.446004673839,17.106,14.429,13.846,13.421,10.347,10.335
20241115165819.4,547.913996502757,17.13,14.419,13.854,13.415,10.353,10.339
20241115165819.9,548.398996889591,17.155,14.431,13.876,13.435,10.372,10.343
20241115165820.4,548.864001408219,17.167,14.466,13.878,13.433,10.374,10.323
20241115165820.8,549.316996335983,17.183,14.454,13.876,13.435,10.355,10.319
20241115165821.3,549.774004518986,17.201,14.462,13.882,13.435,10.364,10.349
20241115165821.8,550.231002643704,17.201,14.474,13.882,13.441,10.364,10.337
20241115165822.2,550.683997571468,17.219,14.466,13.864,13.45,10.357,10.339
20241115165822.7,551.140995696187,17.229,14.488,13.886,13.446,10.372,10.317
20241115165823.1,551.606000214815,17.235,14.474,13.88,13.456,10.36,10.347
20241115165823.6,552.055002003908,17.227,14.466,13.884,13.448,10.376,10.335
20241115165824,552.507996931672,17.211,14.444,13.882,13.441,10.353,10.353
20241115165824.5,552.956998720765,17.254,14.462,13.882,13.452,10.386,10.329
20241115165824.9,553.410003706813,17.223,14.474,13.9,13.446,10.345,10.329
20241115165825.4,553.879001364112,17.223,14.472,13.882,13.446,10.355,10.331
20241115165825.9,554.335999488831,17.247,14.478,13.894,13.437,10.349,10.337
20241115165826.3,554.785001277924,17.229,14.488,13.888,13.446,10.382,10.335
20241115165826.8,555.239002034068,17.252,14.474,13.898,13.458,10.364,10.331
20241115165827.2,555.691996961832,17.252,14.49,13.898,13.448,10.357,10.329
20241115165827.7,556.148995086551,17.241,14.496,13.88,13.448,10.368,10.335
20241115165828.1,556.616996973753,17.26,14.482,13.886,13.443,10.378,10.333
20241115165828.6,557.070997729897,17.272,14.486,13.892,13.466,10.372,10.333
20241115165829.1,557.519999518991,17.247,14.5,13.892,13.452,10.37,10.337
20241115165829.5,557.98899717629,17.243,14.49,13.896,13.454,10.37,10.349
20241115165830,558.445995301008,17.252,14.468,13.878,13.444,10.37,10.329
20241115165830.4,558.899000287056,17.239,14.488,13.894,13.468,10.357,10.329
20241115165830.9,559.35199521482,17.233,14.472,13.882,13.454,10.36,10.353
20241115165831.3,559.805000200868,17.237,14.48,13.89,13.437,10.366,10.335
20241115165831.8,560.257995128632,17.231,14.482,13.892,13.456,10.349,10.331
20241115165832.2,560.711000114679,17.243,14.472,13.902,13.456,10.349,10.345
20241115165832.7,561.167998239398,17.241,14.474,13.89,13.446,10.372,10.337
20241115165833.2,561.621003225446,17.264,14.498,13.902,13.464,10.378,10.339
20241115165833.6,562.07399815321,17.274,14.5,13.902,13.452,10.351,10.341
20241115165834.1,562.532002106309,17.28,14.512,13.902,13.46,10.368,10.337
20241115165834.5,562.996000796556,17.308,14.506,13.9,13.452,10.364,10.341
20241115165835,563.460995256901,17.308,14.508,13.904,13.456,10.368,10.341
20241115165835.4,563.914000242949,17.3,14.504,13.912,13.472,10.349,10.329
20241115165835.9,564.370998367667,17.316,14.526,13.9,13.454,10.364,10.321
20241115165836.4,564.824003353715,17.314,14.534,13.918,13.45,10.364,10.329
20241115165836.8,565.293001011014,17.351,14.528,13.92,13.468,10.362,10.323
20241115165837.3,565.745995938778,17.334,14.536,13.92,13.456,10.353,10.323
20241115165837.7,566.199000924826,17.342,14.528,13.924,13.462,10.366,10.351
20241115165838.2,566.65300168097,17.385,14.542,13.93,13.474,10.37,10.337
20241115165838.6,567.117000371218,17.401,14.54,13.908,13.48,10.353,10.323
20241115165839.1,567.571001127362,17.387,14.559,13.926,13.484,10.355,10.333
20241115165839.6,568.023996055126,17.415,14.547,13.934,13.464,10.36,10.333
20241115165840,568.489000573754,17.415,14.559,13.924,13.474,10.36,10.339
20241115165840.5,568.957002460957,17.441,14.557,13.942,13.472,10.364,10.345
20241115165840.9,569.414000585675,17.435,14.571,13.94,13.474,10.364,10.345
20241115165841.4,569.863998144865,17.456,14.581,13.944,13.472,10.349,10.345
20241115165841.8,570.317003130913,17.488,14.563,13.951,13.476,10.343,10.331
20241115165842.3,570.774001255631,17.492,14.587,13.944,13.472,10.355,10.333
20241115165842.8,571.23099938035,17.526,14.591,13.953,13.49,10.368,10.317
20241115165843.2,571.684004366398,17.54,14.591,13.957,13.5,10.357,10.321
20241115165843.7,572.141002491117,17.561,14.617,13.973,13.508,10.366,10.309
20241115165844.1,572.605996951461,17.565,14.615,13.981,13.514,10.337,10.317
20241115165844.6,573.059001937509,17.591,14.625,13.967,13.488,10.36,10.335
20241115165845,573.508003726602,17.619,14.635,13.961,13.518,10.364,10.341
20241115165845.5,573.981004580855,17.639,14.645,14.005,13.518,10.36,10.325
20241115165846,574.448996409774,17.654,14.648,13.983,13.508,10.353,10.337
20241115165846.4,574.899004027247,17.672,14.66,13.993,13.518,10.378,10.321
20241115165846.9,575.366995856166,17.7,14.688,13.995,13.53,10.362,10.323
20241115165847.3,575.817003473639,17.682,14.672,14.009,13.526,10.368,10.325
20241115165847.8,576.281997933984,17.704,14.666,14.009,13.506,10.37,10.331
20241115165848.3,576.735002920032,17.716,14.66,14.013,13.51,10.347,10.323
20241115165848.7,577.187997847795,17.72,14.684,14.001,13.528,10.353,10.335
20241115165849.2,577.636999636889,17.722,14.694,13.995,13.526,10.345,10.335
20241115165849.6,578.090004622936,17.732,14.684,13.993,13.518,10.364,10.341
20241115165850.1,578.554999083281,17.736,14.69,14.013,13.506,10.366,10.323
20241115165850.6,579.020003601909,17.732,14.672,13.997,13.538,10.357,10.327
20241115165851,579.477001726627,17.718,14.682,13.993,13.54,10.36,10.321
20241115165851.5,579.938003048301,17.755,14.694,14.005,13.526,10.364,10.335
20241115165851.9,580.390997976065,17.732,14.684,14.013,13.528,10.378,10.321
20241115165852.4,580.847996100783,17.755,14.68,14.013,13.516,10.372,10.333
20241115165852.8,581.301001086831,17.742,14.668,14.033,13.52,10.349,10.337
20241115165853.3,581.777995079756,17.757,14.698,14.009,13.52,10.351,10.329
20241115165853.8,582.242003828287,17.755,14.694,14.031,13.528,10.351,10.333
20241115165854.2,582.696004584432,17.75,14.692,14.003,13.528,10.355,10.329
20241115165854.7,583.148999512196,17.763,14.698,14.015,13.524,10.38,10.347
20241115165855.1,583.617001399398,17.791,14.708,14.001,13.522,10.36,10.319
20241115165855.6,584.081995859742,17.797,14.686,14.015,13.536,10.364,10.331
20241115165856.1,584.539004042745,17.799,14.686,14.025,13.542,10.36,10.341
20241115165856.5,584.996002167463,17.805,14.694,14.017,13.524,10.351,10.349
20241115165857,585.448997095227,17.811,14.716,14.037,13.522,10.337,10.333
20241115165857.4,585.902997851372,17.829,14.73,14.033,13.53,10.357,10.329
20241115165857.9,586.35999597609,17.839,14.732,14.021,13.528,10.347,10.329
20241115165858.3,586.817004159093,17.841,14.742,14.025,13.542,10.345,10.323
20241115165858.8,587.265995889902,17.856,14.72,14.023,13.532,10.368,10.339
20241115165859.3,587.723004072905,17.888,14.749,14.039,13.536,10.355,10.323
20241115165859.7,588.192001730204,17.904,14.755,14.031,13.543,10.364,10.321
20241115165900.2,588.660003617406,17.94,14.761,14.06,13.551,10.341,10.327
20241115165900.6,589.117001742125,17.957,14.757,14.054,13.545,10.349,10.311
20241115165901.1,589.571002498269,17.957,14.767,14.05,13.543,10.329,10.335
20241115165901.6,590.051003918052,17.997,14.781,14.054,13.559,10.343,10.339
20241115165902.1,590.520001575351,18.031,14.799,14.074,13.553,10.341,10.341
20241115165902.5,590.976999700069,18.025,14.801,14.066,13.559,10.353,10.317
20241115165903,591.449004784226,18.054,14.815,14.074,13.559,10.343,10.319
20241115165903.4,591.913999244571,18.074,14.811,14.072,13.571,10.357,10.335
20241115165903.9,592.38299690187,18.09,14.821,14.082,13.561,10.341,10.323
20241115165904.4,592.864004150033,18.108,14.85,14.112,13.553,10.355,10.341
20241115165904.8,593.316999077797,18.13,14.837,14.1,13.587,10.351,10.319
20241115165905.3,593.770004063845,18.173,14.856,14.112,13.575,10.333,10.311
20241115165905.8,594.234998524189,18.179,14.864,14.102,13.581,10.364,10.313
20241115165906.2,594.691996648908,18.189,14.876,14.118,13.591,10.345,10.335
20241115165906.7,595.14900483191,18.217,14.888,14.094,13.595,10.355,10.345
20241115165907.1,595.606002956629,18.235,14.886,14.124,13.581,10.341,10.335
20241115165907.6,596.067004278302,18.245,14.888,14.122,13.603,10.355,10.343
20241115165908.1,596.519999206066,18.254,14.914,14.118,13.595,10.339,10.325
20241115165908.5,596.973004192114,18.252,14.894,14.122,13.579,10.364,10.335
20241115165909,597.433995455503,18.239,14.89,14.114,13.591,10.349,10.339
20241115165909.4,597.903003171086,18.272,14.914,14.132,13.591,10.349,10.327
20241115165909.9,598.370995000005,18.28,14.884,14.112,13.595,10.347,10.301
20241115165910.4,598.835999518633,18.28,14.896,14.116,13.591,10.347,10.313
20241115165910.8,599.292997643352,18.266,14.91,14.132,13.585,10.376,10.309
20241115165911.3,599.74999576807,18.286,14.922,14.142,13.605,10.343,10.317
20241115165911.7,600.215000286698,18.314,14.924,14.159,13.599,10.345,10.327
20241115165912.2,600.680004805326,18.34,14.956,14.126,13.601,10.364,10.339
20241115165912.7,601.13299973309,18.348,14.954,14.156,13.609,10.362,10.337
20241115165913.1,601.586004719138,18.352,14.928,14.159,13.615,10.362,10.323
20241115165913.6,602.055002376437,18.362,14.948,14.15,13.613,10.36,10.333
20241115165914,602.50400416553,18.379,14.942,14.156,13.623,10.354,10.325
20241115165914.5,602.973001822829,18.365,14.938,14.159,13.627,10.366,10.331
20241115165915,603.437996283174,18.395,14.959,14.148,13.613,10.351,10.313
20241115165915.4,603.891001269221,18.433,14.954,14.163,13.635,10.36,10.339
20241115165915.9,604.34799939394,18.435,14.971,14.169,13.625,10.378,10.335
20241115165916.3,604.813003912568,18.472,14.993,14.177,13.641,10.356,10.339
20241115165916.8,605.282001569867,18.476,14.979,14.175,13.645,10.362,10.335
20241115165917.3,605.734996497631,18.49,15.009,14.173,13.621,10.366,10.323
20241115165917.7,606.188001483679,18.536,15.001,14.187,13.651,10.372,10.335
20241115165918.2,606.649002805352,18.528,15.039,14.177,13.655,10.343,10.317
20241115165918.6,607.101997733116,18.563,15.027,14.169,13.635,10.376,10.325
20241115165919.1,607.555002719164,18.575,15.011,14.197,13.656,10.372,10.315
20241115165919.6,608.024000376463,18.593,15.027,14.195,13.653,10.349,10.329
20241115165920,608.473002165556,18.613,15.047,14.207,13.662,10.366,10.315
20241115165920.5,608.930000290275,18.637,15.045,14.201,13.653,10.351,10.323
20241115165920.9,609.382995218039,18.637,15.051,14.201,13.664,10.356,10.317
20241115165921.4,609.836000204086,18.645,15.033,14.199,13.641,10.349,10.309
20241115165921.8,610.28899513185,18.645,15.043,14.211,13.666,10.362,10.339
20241115165922.3,610.739002749324,18.631,15.062,14.207,13.631,10.343,10.331
20241115165922.7,611.203001439571,18.647,15.037,14.217,13.648,10.353,10.329
20241115165923.2,611.65999956429,18.647,15.054,14.199,13.644,10.349,10.317
20241115165923.7,612.137003615499,18.66,15.045,14.201,13.646,10.343,10.319
20241115165924.1,612.610004469752,18.682,15.08,14.217,13.662,10.347,10.323
20241115165924.6,613.07400316,18.664,15.08,14.219,13.652,10.362,10.319
20241115165925.1,613.538997620344,18.704,15.084,14.215,13.658,10.343,10.329
20241115165925.5,614.007995277643,18.716,15.068,14.239,13.656,10.345,10.317
20241115165926,614.456997066736,18.708,15.108,14.211,13.666,10.351,10.335
20241115165926.4,614.910002052784,18.742,15.09,14.231,13.662,10.345,10.315
20241115165926.9,615.374996513128,18.738,15.104,14.237,13.68,10.335,10.307
20241115165927.4,615.844004228711,18.761,15.118,14.229,13.666,10.339,10.335
20241115165927.8,616.308998689055,18.761,15.1,14.227,13.664,10.345,10.327
20241115165928.3,616.774003207684,18.779,15.122,14.258,13.676,10.349,10.327
20241115165928.8,617.254004627466,18.771,15.12,14.239,13.662,10.343,10.329
20241115165929.2,617.70699955523,18.793,15.116,14.246,13.674,10.347,10.323
20241115165929.7,618.160004541278,18.821,15.13,14.229,13.688,10.339,10.313
20241115165930.1,618.613995239139,18.805,15.134,14.25,13.678,10.347,10.313
20241115165930.6,619.067000225186,18.833,15.142,14.252,13.676,10.341,10.329
20241115165931.1,619.51999515295,18.858,15.122,14.252,13.678,10.343,10.333
20241115165931.5,619.992000237107,18.858,15.161,14.262,13.68,10.335,10.327
20241115165932,620.457004755735,18.894,15.155,14.254,13.69,10.339,10.311
20241115165932.4,620.914002880454,18.924,15.161,14.254,13.696,10.341,10.321
20241115165932.9,621.383000537753,18.928,15.171,14.282,13.688,10.355,10.315
20241115165933.4,621.839998662472,18.926,15.167,14.272,13.702,10.339,10.327
20241115165933.8,622.29699678719,18.95,15.183,14.268,13.698,10.349,10.329
20241115165934.3,622.762001305819,18.942,15.179,14.274,13.714,10.353,10.329
20241115165934.8,623.230998963118,18.973,15.197,14.28,13.724,10.36,10.319
20241115165935.2,623.684003949165,18.985,15.193,14.278,13.716,10.36,10.313
20241115165935.7,624.141002073884,18.983,15.171,14.29,13.692,10.333,10.333
20241115165936.1,624.605996534228,19.019,15.197,14.274,13.72,10.335,10.319
20241115165936.6,625.073998421431,19.039,15.213,14.284,13.708,10.351,10.321
20241115165937.1,625.54299607873,19.053,15.215,14.29,13.708,10.341,10.321
20241115165937.5,626.008000597358,19.068,15.211,14.302,13.718,10.331,10.325
20241115165938,626.485004648566,19.096,15.203,14.314,13.7,10.36,10.327
20241115165938.5,626.949003338814,19.092,15.221,14.308,13.728,10.331,10.313
20241115165938.9,627.413997799158,19.1,15.233,14.314,13.724,10.347,10.331
20241115165939.4,627.870995923877,19.128,15.241,14.316,13.732,10.339,10.329
20241115165939.9,628.34000363946,19.152,15.258,14.314,13.722,10.341,10.319
20241115165940.3,628.809001296759,19.165,15.252,14.31,13.743,10.349,10.323
20241115165940.8,629.258003085852,19.175,15.252,14.344,13.73,10.341,10.335
20241115165941.3,629.719004407525,19.203,15.264,14.328,13.736,10.339,10.313
20241115165941.7,630.188002064824,19.203,15.272,14.338,13.74,10.339,10.329
20241115165942.2,630.656999722123,19.223,15.286,14.332,13.734,10.343,10.315
20241115165942.6,631.110004708171,19.258,15.292,14.326,13.745,10.329,10.331
20241115165943.1,631.562999635935,19.292,15.31,14.336,13.763,10.325,10.303
20241115165943.6,632.028004154563,19.288,15.308,14.359,13.726,10.347,10.337
20241115165944,632.485002279282,19.302,15.316,14.351,13.759,10.349,10.327
20241115165944.5,632.949000969529,19.342,15.326,14.351,13.771,10.335,10.313
20241115165944.9,633.403001725674,19.348,15.347,14.365,13.757,10.339,10.323
20241115165945.4,633.855996653438,19.348,15.324,14.389,13.755,10.343,10.325
20241115165945.8,634.309001639485,19.377,15.33,14.361,13.742,10.345,10.317
20241115165946.3,634.777999296784,19.373,15.334,14.363,13.767,10.341,10.329
20241115165946.8,635.241997987032,19.383,15.32,14.355,13.761,10.335,10.321
20241115165947.2,635.710995644331,19.393,15.33,14.371,13.765,10.339,10.362
20241115165947.7,636.176000162959,19.409,15.338,14.373,13.753,10.345,10.329
20241115165948.2,636.649001017213,19.405,15.347,14.385,13.763,10.347,10.325
20241115165948.6,637.101995944977,19.411,15.34,14.383,13.745,10.329,10.319
20241115165949.1,637.559004127979,19.417,15.346,14.369,13.759,10.355,10.321
20241115165949.6,638.028001785278,19.429,15.353,14.387,13.751,10.36,10.319
20241115165950,638.496003672481,19.452,15.342,14.375,13.755,10.335,10.319
20241115165950.5,638.96500132978,19.447,15.363,14.399,13.763,10.349,10.315
20241115165950.9,639.417996257544,19.451,15.353,14.389,13.765,10.329,10.321
20241115165951.4,639.871001243591,19.488,15.351,14.385,13.761,10.327,10.301
20241115165951.9,640.32799936831,19.498,15.371,14.383,13.783,10.329,10.337
20241115165952.3,640.782000124454,19.482,15.381,14.399,13.773,10.335,10.329
20241115165952.8,641.234995052218,19.504,15.381,14.399,13.761,10.315,10.323
20241115165953.2,641.692003235221,19.502,15.389,14.401,13.773,10.351,10.313
20241115165953.7,642.156997695565,19.508,15.399,14.393,13.791,10.335,10.315
20241115165954.2,642.620996385813,19.518,15.393,14.405,13.781,10.345,10.325
20241115165954.6,643.090004101396,19.524,15.375,14.413,13.765,10.333,10.305
20241115165955.1,643.54299902916,19.498,15.385,14.403,13.787,10.321,10.307
20241115165955.5,643.999997153878,19.502,15.383,14.413,13.789,10.36,10.321
20241115165956,644.468994811177,19.504,15.385,14.417,13.771,10.343,10.333
20241115165956.5,644.933999329805,19.51,15.403,14.419,13.785,10.351,10.339
20241115165956.9,645.402996987104,19.524,15.411,14.407,13.777,10.358,10.321
20241115165957.4,645.856001973152,19.524,15.387,14.401,13.787,10.341,10.327
20241115165957.8,646.308996900916,19.538,15.389,14.431,13.791,10.343,10.321
20241115165958.3,646.793001517653,19.56,15.401,14.419,13.787,10.358,10.339
20241115165958.8,647.257995977998,19.552,15.421,14.419,13.815,10.339,10.317
20241115165959.3,647.723000496626,19.564,15.413,14.419,13.795,10.36,10.321
20241115165959.7,648.17599542439,19.623,15.421,14.431,13.799,10.333,10.327
20241115170000.2,648.629000410438,19.629,15.425,14.435,13.797,10.354,10.321
20241115170000.6,649.109997600317,19.645,15.429,14.435,13.821,10.362,10.315
20241115170001.1,649.566995725036,19.666,15.435,14.435,13.811,10.368,10.333
20241115170001.6,650.034997612238,19.668,15.453,14.427,13.807,10.345,10.317
20241115170002,650.500002130866,19.674,15.441,14.429,13.831,10.356,10.348
20241115170002.5,650.957000255585,19.706,15.457,14.441,13.815,10.356,10.335
20241115170003,651.422004774213,19.71,15.482,14.447,13.829,10.341,10.331
20241115170003.4,651.891002431512,19.73,15.461,14.443,13.849,10.36,10.335
20241115170003.9,652.360000088811,19.732,15.492,14.463,13.831,10.35,10.341
20241115170004.4,652.823998779058,19.74,15.49,14.455,13.835,10.352,10.329
20241115170004.8,653.277999535203,19.768,15.482,14.459,13.833,10.372,10.337
20241115170005.3,653.746001422405,19.777,15.518,14.486,13.825,10.358,10.335
20241115170005.8,654.231001809239,19.803,15.508,14.472,13.831,10.346,10.333
20241115170006.2,654.699003696442,19.809,15.524,14.478,13.846,10.355,10.343
20241115170006.7,655.184004083276,19.836,15.541,14.477,13.822,10.371,10.341
20241115170007.2,655.63699901104,19.838,15.529,14.481,13.844,10.371,10.341
20241115170007.6,656.090003997087,19.862,15.545,14.511,13.856,10.338,10.336
20241115170008.1,656.554998457432,19.884,15.543,14.501,13.824,10.361,10.343
20241115170008.5,657.00800344348,19.895,15.559,14.507,13.84,10.377,10.322
20241115170009,657.477001100779,19.907,15.535,14.503,13.838,10.365,10.336
20241115170009.5,657.945998758078,19.943,15.561,14.497,13.84,10.369,10.349
20241115170009.9,658.41400064528,19.945,15.577,14.495,13.846,10.359,10.324
20241115170010.4,658.878995105624,19.971,15.577,14.487,13.852,10.363,10.334
20241115170010.9,659.351995959878,19.992,15.567,14.483,13.854,10.371,10.349
20241115170011.4,659.821003675461,20.018,15.582,14.505,13.852,10.359,10.33
20241115170011.8,660.288995504379,20.006,15.582,14.495,13.848,10.375,10.328
20241115170012.3,660.754000023007,20.02,15.575,14.529,13.864,10.355,10.326
20241115170012.8,661.222997680306,20.03,15.58,14.519,13.866,10.359,10.336
20241115170013.2,661.691995337605,20.022,15.594,14.505,13.858,10.338,10.338
20241115170013.7,662.171996757388,20.022,15.577,14.501,13.846,10.359,10.322
20241115170014.2,662.644997611642,20.028,15.565,14.503,13.874,10.347,10.341
20241115170014.6,663.117002695799,20.006,15.557,14.511,13.842,10.367,10.332
20241115170015.1,663.571003451943,19.988,15.551,14.497,13.828,10.359,10.336
20241115170015.6,664.023998379707,19.979,15.567,14.474,13.846,10.361,10.334
20241115170016,664.49200026691,19.957,15.551,14.493,13.848,10.359,10.334
20241115170016.5,664.957004785538,19.937,15.549,14.483,13.84,10.377,10.338
20241115170017,665.421999245882,19.947,15.531,14.489,13.84,10.371,10.332
20241115170017.4,665.890996903181,19.925,15.543,14.483,13.842,10.353,10.336
20241115170017.9,666.3479950279,19.929,15.539,14.491,13.826,10.353,10.336
20241115170018.3,666.817002743483,19.91,15.524,14.48,13.841,10.35,10.358
20241115170018.8,667.281997203827,19.924,15.53,14.469,13.831,10.341,10.329
20241115170019.3,667.745995894074,19.916,15.532,14.486,13.825,10.364,10.307
20241115170019.8,668.230996280909,19.91,15.528,14.48,13.833,10.343,10.329
20241115170020.2,668.688004463911,19.912,15.512,14.465,13.825,10.323,10.313
20241115170020.7,669.15700212121,19.922,15.506,14.48,13.813,10.327,10.329
20241115170021.1,669.616997614503,19.956,15.524,14.458,13.825,10.354,10.315
20241115170021.6,670.073995739222,19.942,15.526,14.46,13.815,10.341,10.309
20241115170022.1,670.543003454804,19.964,15.561,14.486,13.833,10.345,10.313
20241115170022.6,671.024000644684,19.999,15.556,14.472,13.817,10.335,10.305
20241115170023,671.488995105028,19.997,15.548,14.476,13.855,10.343,10.319
20241115170023.5,671.95699699223,20.057,15.575,14.486,13.829,10.341,10.319
20241115170023.9,672.410001978278,20.088,15.571,14.49,13.839,10.333,10.309
20241115170024.4,672.874996438622,20.118,15.591,14.498,13.845,10.333,10.325
20241115170024.9,673.347997292876,20.166,15.629,14.512,13.851,10.348,10.325
20241115170025.3,673.813001811504,20.181,15.643,14.512,13.863,10.337,10.327
20241115170025.8,674.281999468803,20.239,15.641,14.524,13.845,10.345,10.305
20241115170026.3,674.735004454851,20.261,15.645,14.52,13.87,10.356,10.309
20241115170026.7,675.19200257957,20.3,15.658,14.536,13.866,10.335,10.323
20241115170027.2,675.656997039914,20.312,15.684,14.534,13.864,10.341,10.327
20241115170027.7,676.129002124071,20.344,15.692,14.536,13.876,10.354,10.319
20241115170028.1,676.59799978137,20.379,15.696,14.556,13.884,10.348,10.333
20241115170028.6,677.063004299998,20.395,15.724,14.564,13.888,10.354,10.317
20241115170029.1,677.532001957297,20.432,15.729,14.565,13.879,10.338,10.314
20241115170029.5,677.984996885061,20.45,15.733,14.563,13.889,10.351,10.328
20241115170030,678.469001501799,20.472,15.751,14.575,13.877,10.351,10.324
20241115170030.5,678.933995962143,20.491,15.749,14.588,13.909,10.343,10.32
20241115170030.9,679.394997283816,20.533,15.751,14.571,13.901,10.347,10.33
20241115170031.4,679.848002269864,20.521,15.761,14.582,13.913,10.349,10.343
20241115170031.8,680.300997197628,20.553,15.777,14.598,13.913,10.345,10.336
20241115170032.3,680.770004913211,20.598,15.796,14.59,13.927,10.337,10.316
20241115170032.8,681.234999373555,20.604,15.789,14.602,13.917,10.367,10.355
20241115170033.2,681.703001260757,20.622,15.794,14.602,13.907,10.351,10.328
20241115170033.7,682.167995721102,20.61,15.79,14.62,13.901,10.357,10.355
20241115170034.2,682.637003436685,20.606,15.794,14.62,13.903,10.347,10.345
20241115170034.6,683.106001093984,20.638,15.8,14.582,13.903,10.359,10.322
20241115170035.1,683.586002513766,20.632,15.806,14.61,13.905,10.349,10.326
20241115170035.6,684.050996974111,20.646,15.808,14.628,13.913,10.351,10.322
20241115170036.1,684.520004689693,20.66,15.814,14.602,13.899,10.341,10.343
20241115170036.5,684.984999150038,20.68,15.826,14.602,13.915,10.355,10.32
20241115170037,685.438004136086,20.707,15.86,14.618,13.905,10.338,10.326
20241115170037.5,685.921998694539,20.731,15.862,14.636,13.945,10.359,10.341
20241115170037.9,686.387003213167,20.773,15.856,14.65,13.945,10.343,10.33
20241115170038.4,686.860004067421,20.814,15.88,14.648,13.943,10.349,10.33
20241115170038.9,687.327995896339,20.844,15.888,14.66,13.957,10.343,10.335
20241115170039.3,687.793000414968,20.856,15.919,14.646,13.947,10.363,10.324
20241115170039.8,688.261998072267,20.89,15.923,14.672,13.927,10.349,10.335
20241115170040.2,688.715003058314,20.935,15.939,14.672,13.967,10.351,10.328
20241115170040.7,689.188003912568,20.945,15.927,14.68,13.963,10.359,10.328
20241115170041.2,689.657001569867,20.983,15.939,14.697,13.967,10.347,10.33
20241115170041.7,690.121000260115,21.03,15.961,14.688,13.969,10.334,10.322
20241115170042.1,690.589997917414,21.034,15.959,14.693,13.959,10.355,10.334
20241115170042.6,691.062998771667,21.046,15.943,14.695,13.957,10.343,10.322
20241115170043.1,691.528003290296,21.078,15.965,14.701,13.977,10.363,10.337
20241115170043.5,691.98099821806,21.105,15.963,14.699,13.977,10.353,10.322
20241115170044,692.449000105262,21.078,15.963,14.723,13.977,10.365,10.312
20241115170044.4,692.917997762561,21.101,15.996,14.711,13.998,10.357,10.337
20241115170044.9,693.38699541986,21.143,16.006,14.717,13.988,10.365,10.322
20241115170045.4,693.840000405908,21.153,16.014,14.727,13.992,10.353,10.328
20241115170045.8,694.301001727581,21.197,16.016,14.741,13.996,10.347,10.32
20241115170046.3,694.765996187925,21.236,16.038,14.745,13.996,10.363,10.333
20241115170046.8,695.235003903508,21.244,16.05,14.753,14.002,10.371,10.322
20241115170047.2,695.702995732427,21.238,16.052,14.759,14.016,10.355,10.326
20241115170047.7,696.168000251055,21.278,16.088,14.753,14.008,10.341,10.32
20241115170048.2,696.636997908354,21.294,16.086,14.771,14.01,10.363,10.339
20241115170048.6,697.090002894402,21.335,16.088,14.769,14.03,10.355,10.335
20241115170049.1,697.54700101912,21.343,16.092,14.771,14.018,10.361,10.333
20241115170049.5,698.015998676419,21.387,16.097,14.779,14.034,10.353,10.333
20241115170050,698.488999530673,21.399,16.109,14.798,14.036,10.373,10.322
20241115170050.5,698.969000950456,21.406,16.115,14.792,14.06,10.355,10.347
20241115170051,699.437998607755,21.43,16.129,14.789,14.032,10.363,10.318
20241115170051.4,699.906996265054,21.456,16.145,14.806,14.058,10.353,10.322
20241115170051.9,700.371005013585,21.498,16.157,14.812,14.038,10.355,10.337
20241115170052.4,700.840002670884,21.519,16.179,14.808,14.054,10.359,10.359
20241115170052.8,701.309000328183,21.561,16.195,14.82,14.054,10.359,10.32
20241115170053.3,701.789001747966,21.599,16.189,14.852,14.054,10.371,10.343
20241115170053.8,702.277995273471,21.638,16.204,14.85,14.056,10.367,10.337
20241115170054.3,702.735003456473,21.66,16.208,14.858,14.066,10.361,10.341
20241115170054.7,703.206998482347,21.662,16.232,14.846,14.098,10.363,10.322
20241115170055.2,703.672003000975,21.71,16.248,14.856,14.092,10.345,10.318
20241115170055.7,704.141000658274,21.717,16.222,14.86,14.078,10.361,10.341
20241115170056.1,704.609998315573,21.745,16.254,14.868,14.08,10.361,10.337
20241115170056.6,705.07399700582,21.765,16.24,14.86,14.076,10.369,10.337
20241115170057.1,705.539001524448,21.787,16.264,14.856,14.099,10.385,10.341
20241115170057.5,705.995999649167,21.787,16.27,14.872,14.094,10.373,10.331
20241115170058,706.461004167795,21.836,16.272,14.882,14.092,10.361,10.322
20241115170058.5,706.93799816072,21.838,16.266,14.88,14.109,10.381,10.369
20241115170058.9,707.403002679348,21.85,16.298,14.876,14.096,10.375,10.351
20241115170059.4,707.87100456655,21.872,16.307,14.886,14.09,10.363,10.341
20241115170059.9,708.335999026895,21.902,16.292,14.884,14.109,10.363,10.322
20241115170100.3,708.808999881148,21.886,16.29,14.886,14.092,10.375,10.322
20241115170100.8,709.277997538447,21.9,16.302,14.886,14.098,10.357,10.341
20241115170101.3,709.741996228695,21.89,16.307,14.87,14.119,10.373,10.351
20241115170101.7,710.211003944278,21.91,16.304,14.908,14.098,10.359,10.335
20241115170102.2,710.680001601577,21.923,16.304,14.9,14.125,10.363,10.345
20241115170102.7,711.148999258876,21.949,16.321,14.882,14.094,10.367,10.343
20241115170103.1,711.614003777504,21.975,16.323,14.896,14.104,10.377,10.359
20241115170103.6,712.078002467752,22.013,16.323,14.878,14.11,10.363,10.341
20241115170104.1,712.547000125051,22.009,16.314,14.894,14.113,10.393,10.357
20241115170104.5,713.01599778235,22.038,16.323,14.917,14.115,10.373,10.335
20241115170105,713.495999202132,22.036,16.329,14.902,14.111,10.373,10.339
20241115170105.5,713.964996859431,22.044,16.335,14.913,14.111,10.371,10.353
20241115170106,714.434004575014,22.056,16.339,14.902,14.117,10.375,10.335
20241115170106.4,714.898999035358,22.068,16.377,14.929,14.123,10.365,10.351
20241115170106.9,715.352004021406,22.092,16.357,14.917,14.127,10.357,10.353
20241115170107.3,715.80499894917,22.114,16.383,14.91,14.113,10.379,10.353
20241115170107.8,716.277999803424,22.145,16.373,14.921,14.135,10.361,10.353
20241115170108.3,716.741998493671,22.165,16.383,14.937,14.113,10.363,10.349
20241115170108.7,717.21099615097,22.184,16.401,14.937,14.155,10.369,10.345
20241115170109.2,717.680003866553,22.21,16.397,14.945,14.137,10.371,10.353
20241115170109.7,718.132998794317,22.237,16.413,14.953,14.143,10.365,10.349
20241115170110.1,718.601996451616,22.257,16.42,14.963,14.137,10.381,10.337
20241115170110.6,719.071004167199,22.259,16.424,14.947,14.145,10.365,10.339
20241115170111.1,719.538995996118,22.304,16.446,14.965,14.163,10.385,10.363
20241115170111.5,719.999997317791,22.308,16.444,14.971,14.151,10.375,10.369
20241115170112,720.453002303839,22.337,16.458,14.969,14.159,10.361,10.359
20241115170112.4,720.910000428557,22.347,16.46,14.959,14.159,10.387,10.373
20241115170112.9,721.366998553276,22.327,16.448,14.967,14.139,10.369,10.361
20241115170113.4,721.823996677995,22.372,16.456,14.967,14.147,10.383,10.363
20241115170113.8,722.282000631094,22.353,16.466,14.977,14.171,10.371,10.367
20241115170114.3,722.738998755813,22.386,16.45,14.979,14.175,10.377,10.341
20241115170114.7,723.195996880531,22.4,16.472,14.961,14.193,10.367,10.349
20241115170115.2,723.659995570779,22.425,16.49,14.983,14.169,10.381,10.341
20241115170115.6,724.117003753781,22.439,16.502,14.989,14.177,10.391,10.373
20241115170116.1,724.5740018785,22.462,16.508,14.995,14.185,10.377,10.349
20241115170116.6,725.031995773315,22.478,16.486,15.019,14.175,10.385,10.351
20241115170117,725.485000759363,22.503,16.527,15.005,14.197,10.385,10.337
20241115170117.5,725.941998884082,22.509,16.543,15.007,14.169,10.379,10.335
20241115170117.9,726.398997008801,22.523,16.531,15.007,14.181,10.381,10.351
20241115170118.4,726.852001994848,22.521,16.527,14.997,14.179,10.367,10.345
20241115170118.8,727.309000119567,22.509,16.522,15.013,14.175,10.387,10.341
20241115170119.3,727.762005105615,22.484,16.498,14.993,14.157,10.383,10.347
20241115170119.8,728.245999664068,22.48,16.506,14.989,14.153,10.359,10.365
20241115170120.2,728.699004650116,22.492,16.504,14.999,14.177,10.367,10.351
20241115170120.7,729.156998544931,22.5,16.518,14.981,14.179,10.377,10.373
20241115170121.1,729.61399666965,22.527,16.514,14.997,14.163,10.363,10.355
20241115170121.6,730.071004852653,22.539,16.533,15.001,14.181,10.387,10.361
20241115170122.1,730.531996116042,22.56,16.526,15.001,14.169,10.381,10.349
20241115170122.5,730.999998003244,22.568,16.535,15.026,14.183,10.361,10.361
20241115170123,731.468995660543,22.588,16.547,15.017,14.183,10.387,10.359
20241115170123.5,731.938003376126,22.625,16.565,15.021,14.173,10.391,10.335
20241115170123.9,732.409998401999,22.635,16.559,15.003,14.175,10.365,10.345
20241115170124.4,732.875002920628,22.666,16.573,15.019,14.177,10.375,10.351
20241115170124.9,733.339997380972,22.692,16.579,15.024,14.187,10.363,10.335
20241115170125.3,733.796995505691,22.701,16.589,15.032,14.185,10.379,10.367
20241115170125.8,734.273999556899,22.693,16.569,15.028,14.175,10.367,10.335
20241115170126.3,734.739004075527,22.723,16.559,15.032,14.175,10.375,10.353
20241115170126.7,735.2109991014,22.703,16.579,15.032,14.181,10.357,10.337
20241115170127.2,735.676003620028,22.729,16.571,15.034,14.199,10.369,10.347
20241115170127.7,736.145001277328,22.754,16.585,15.052,14.205,10.363,10.353
20241115170128.1,736.597996205091,22.776,16.601,15.036,14.183,10.379,10.369
20241115170128.6,737.058997526765,22.795,16.617,15.04,14.197,10.367,10.359
20241115170129,737.515995651484,22.801,16.605,15.038,14.199,10.361,10.349
20241115170129.5,737.973003834486,22.787,16.589,15.036,14.185,10.379,10.355
20241115170130,738.42599876225,22.807,16.621,15.046,14.189,10.369,10.341
20241115170130.4,738.894996419549,22.797,16.623,15.032,14.203,10.375,10.331
20241115170130.9,739.360000938177,22.809,16.617,15.044,14.189,10.4,10.361
20241115170131.4,739.843995496631,22.829,16.617,15.034,14.197,10.379,10.357
20241115170131.8,740.316996350884,22.848,16.636,15.038,14.185,10.367,10.357
20241115170132.3,740.782000869513,22.852,16.634,15.054,14.213,10.394,10.359
20241115170132.8,741.250002756715,22.848,16.631,15.058,14.191,10.369,10.365
20241115170133.2,741.714997217059,22.844,16.625,15.054,14.205,10.408,10.359
20241115170133.7,742.187998071313,22.848,16.617,15.044,14.207,10.4,10.365
20241115170134.2,742.656995728612,22.858,16.607,15.062,14.197,10.398,10.365
20241115170134.7,743.121004477143,22.87,16.621,15.042,14.197,10.383,10.355
20241115170135.1,743.590002134442,22.889,16.636,15.062,14.193,10.379,10.373
20241115170135.6,744.058999791741,22.913,16.656,15.088,14.211,10.381,10.367
20241115170136.1,744.524004310369,22.938,16.654,15.068,14.201,10.389,10.355
20241115170136.5,744.991996139288,22.952,16.64,15.078,14.211,10.377,10.377
20241115170137,745.461003854871,22.946,16.638,15.046,14.205,10.389,10.347
20241115170137.5,745.946004241705,22.964,16.658,15.06,14.205,10.373,10.351
20241115170137.9,746.413996070623,22.958,16.662,15.078,14.209,10.387,10.359
20241115170138.4,746.883003786206,22.983,16.664,15.09,14.207,10.4,10.345
20241115170138.9,747.340001910925,23.021,16.678,15.08,14.224,10.383,10.359
20241115170139.3,747.792996838689,23.046,16.696,15.09,14.232,10.377,10.349
20241115170139.8,748.246001824737,23.06,16.708,15.1,14.234,10.377,10.359
20241115170140.2,748.714999482036,23.105,16.735,15.098,14.221,10.375,10.363
20241115170140.7,749.180004000664,23.144,16.724,15.108,14.23,10.371,10.361
20241115170141.2,749.644998461008,23.179,16.733,15.114,14.246,10.383,10.337
20241115170141.6,750.110002979636,23.173,16.747,15.133,14.236,10.389,10.363
20241115170142.1,750.577994808555,23.165,16.741,15.114,14.221,10.367,10.347
20241115170142.6,751.047002524137,23.162,16.726,15.106,14.258,10.395,10.353
20241115170143.1,751.523996517062,23.158,16.733,15.104,14.221,10.373,10.355
20241115170143.5,751.98900103569,23.173,16.737,15.1,14.244,10.363,10.355
20241115170144,752.460996061563,23.175,16.735,15.127,14.23,10.387,10.369
20241115170144.5,752.930003777146,23.195,16.728,15.118,14.254,10.371,10.367
20241115170144.9,753.394998237491,23.212,16.747,15.12,14.228,10.371,10.349
20241115170145.4,753.86399589479,23.214,16.761,15.12,14.23,10.377,10.373
20241115170145.9,754.343997314572,23.25,16.787,15.151,14.248,10.371,10.333
20241115170146.3,754.812994971871,23.273,16.777,15.159,14.232,10.377,10.359
20241115170146.8,755.282002687454,23.326,16.803,15.141,14.256,10.361,10.339
20241115170147.3,755.746001377702,23.326,16.807,15.159,14.254,10.395,10.337
20241115170147.7,756.214999035001,23.371,16.819,15.163,14.264,10.387,10.345
20241115170148.2,756.680003553629,23.385,16.838,15.159,14.254,10.377,10.349
20241115170148.7,757.149001210928,23.422,16.846,15.177,14.282,10.379,10.341
20241115170149.1,757.613995671272,23.414,16.834,15.175,14.266,10.387,10.365
20241115170149.6,758.078004419804,23.448,16.834,15.169,14.276,10.379,10.363
20241115170150.1,758.550995215774,23.436,16.852,15.177,14.262,10.367,10.353
20241115170150.5,759.015999734402,23.449,16.85,15.193,14.274,10.393,10.347
20241115170151,759.484997391701,23.471,16.862,15.193,14.278,10.367,10.351
20241115170151.5,759.952999278903,23.534,16.88,15.191,14.288,10.389,10.359
20241115170152,760.426000133157,23.581,16.89,15.197,14.286,10.373,10.367
20241115170152.4,760.891004651785,23.606,16.908,15.215,14.296,10.369,10.363
20241115170152.9,761.360002309084,23.645,16.906,15.223,14.306,10.381,10.341
20241115170153.4,761.824000999331,23.669,16.918,15.217,14.3,10.363,10.365
20241115170153.8,762.292998656631,23.728,16.931,15.223,14.302,10.373,10.345
20241115170154.3,762.76199631393,23.747,16.947,15.236,14.306,10.375,10.347
20241115170154.8,763.227000832558,23.771,16.981,15.26,14.304,10.369,10.349
20241115170155.2,763.695998489857,23.81,16.997,15.242,14.318,10.377,10.349
20241115170155.7,764.164000377059,23.845,16.995,15.252,14.322,10.381,10.353
20241115170156.2,764.628994837403,23.89,17.025,15.26,14.329,10.389,10.359
20241115170156.6,765.098002552986,23.935,17.021,15.252,14.318,10.365,10.351
20241115170157.1,765.57100340724,23.955,17.032,15.276,14.343,10.371,10.337
20241115170157.6,766.035002097487,24,17.052,15.272,14.343,10.367,10.359
20241115170158,766.508002951741,24.016,17.056,15.272,14.322,10.389,10.353
20241115170158.5,766.97700060904,24.033,17.076,15.286,14.32,10.389,10.345
20241115170159,767.429995536804,24.082,17.058,15.312,14.341,10.381,10.341
20241115170159.4,767.899003252387,24.092,17.074,15.31,14.355,10.375,10.349
20241115170159.9,768.363997712731,24.115,17.072,15.312,14.339,10.385,10.359
20241115170200.4,768.827996402979,24.123,17.096,15.294,14.365,10.371,10.355
20241115170200.8,769.312996789813,24.147,17.126,15.308,14.355,10.391,10.351
20241115170201.3,769.79700140655,24.157,17.108,15.298,14.365,10.367,10.353
20241115170201.8,770.265999063849,24.18,17.114,15.314,14.365,10.361,10.359
20241115170202.3,770.734996721148,24.207,17.118,15.318,14.361,10.389,10.355
20241115170202.8,771.223004534841,24.237,17.139,15.325,14.357,10.381,10.347
20241115170203.2,771.687998995185,24.237,17.135,15.345,14.381,10.373,10.359
20241115170203.7,772.144997119904,24.272,17.171,15.333,14.389,10.416,10.359
20241115170204.1,772.617002204061,24.278,17.171,15.347,14.383,10.4,10.365
20241115170204.6,773.081996664405,24.3,17.171,15.355,14.371,10.385,10.359
20241115170205.1,773.547001183033,24.317,17.157,15.326,14.395,10.396,10.351
20241115170205.6,774.020002037287,24.341,17.173,15.367,14.377,10.389,10.361
20241115170206,774.488999694586,24.39,17.191,15.345,14.379,10.387,10.355
20241115170206.5,774.952998384833,24.413,17.205,15.355,14.401,10.398,10.355
20241115170207,775.421996042132,24.429,17.209,15.365,14.383,10.383,10.377
20241115170207.4,775.891003757715,24.454,17.201,15.367,14.415,10.412,10.369
20241115170207.9,776.360001415014,24.452,17.227,15.365,14.413,10.4,10.363
20241115170208.4,776.824000105262,24.482,17.235,15.369,14.411,10.391,10.365
20241115170208.8,777.313003689051,24.503,17.235,15.383,14.421,10.404,10.351
20241115170209.3,777.777998149395,24.515,17.264,15.393,14.419,10.408,10.361
20241115170209.8,778.241996839643,24.513,17.256,15.397,14.417,10.377,10.369
20241115170210.3,778.719000890851,24.542,17.256,15.401,14.423,10.402,10.369
20241115170210.7,779.180002212524,24.529,17.244,15.409,14.403,10.379,10.351
20241115170211.2,779.632997140288,24.529,17.26,15.399,14.419,10.389,10.369
20241115170211.6,780.101994797587,24.535,17.258,15.401,14.407,10.377,10.371
20241115170212.1,780.573999881744,24.503,17.244,15.383,14.411,10.389,10.361
20241115170212.6,781.039004400373,24.509,17.268,15.391,14.399,10.379,10.357
20241115170213.1,781.524004787207,24.499,17.231,15.401,14.407,10.4,10.373
20241115170213.5,781.991996616125,24.47,17.231,15.375,14.421,10.387,10.363
20241115170214,782.476997002959,24.435,17.217,15.387,14.409,10.381,10.353
20241115170214.5,782.942001521587,24.437,17.215,15.381,14.413,10.381,10.371
20241115170214.9,783.41000340879,24.45,17.229,15.361,14.405,10.404,10.387
20241115170215.4,783.879001066089,24.468,17.244,15.357,14.419,10.398,10.377
20241115170215.9,784.352001920342,24.484,17.236,15.379,14.403,10.42,10.379
20241115170216.3,784.816996380687,24.492,17.225,15.389,14.431,10.394,10.383
20241115170216.8,785.274004563689,24.511,17.24,15.389,14.421,10.389,10.381
20241115170217.3,785.741996392608,24.529,17.27,15.397,14.425,10.396,10.385
20241115170217.7,786.211004108191,24.558,17.276,15.409,14.423,10.391,10.383
20241115170218.2,786.68000176549,24.601,17.268,15.409,14.415,10.404,10.381
20241115170218.7,787.144996225834,24.668,17.294,15.417,14.452,10.406,10.369
20241115170219.1,787.614003941417,24.685,17.288,15.413,14.429,10.396,10.379
20241115170219.6,788.081995770335,24.701,17.322,15.442,14.421,10.391,10.375
20241115170220.1,788.551003485918,24.73,17.32,15.434,14.432,10.385,10.379
20241115170220.6,789.020001143217,24.774,17.328,15.444,14.446,10.377,10.383
20241115170221,789.49199616909,24.779,17.345,15.442,14.46,10.4,10.371
20241115170221.5,789.957000687718,24.826,17.375,15.436,14.452,10.416,10.383
20241115170222,790.421995148063,24.834,17.399,15.446,14.442,10.4,10.375
20241115170222.4,790.894996002316,24.891,17.385,15.472,14.46,10.408,10.367
20241115170222.9,791.364003717899,24.915,17.425,15.46,14.47,10.391,10.381
20241115170223.4,791.831995546818,24.942,17.427,15.476,14.468,10.389,10.369
20241115170223.8,792.301003262401,24.975,17.435,15.47,14.466,10.381,10.373
20241115170224.3,792.7700009197,24.989,17.45,15.476,14.476,10.4,10.379
20241115170224.8,793.238998576999,25.054,17.452,15.496,14.484,10.398,10.369
20241115170225.2,793.707000464201,25.085,17.456,15.486,14.478,10.398,10.377
20241115170225.7,794.172004982829,25.142,17.486,15.49,14.486,10.381,10.351
20241115170226.2,794.641002640128,25.179,17.486,15.51,14.496,10.398,10.367
20241115170226.6,795.110000297427,25.199,17.52,15.526,14.506,10.414,10.396
20241115170227.1,795.578002184629,25.232,17.53,15.528,14.524,10.396,10.383
20241115170227.6,796.046999841928,25.287,17.547,15.551,14.518,10.383,10.365
20241115170228,796.515997499228,25.318,17.571,15.551,14.522,10.398,10.371
20241115170228.5,796.984995156527,25.322,17.579,15.565,14.53,10.389,10.373
20241115170229,797.449003905058,25.389,17.571,15.565,14.528,10.396,10.394
20241115170229.4,797.918001562357,25.408,17.595,15.565,14.516,10.391,10.357
20241115170229.9,798.382996022701,25.428,17.593,15.559,14.502,10.4,10.371
20241115170230.4,798.855996876955,25.457,17.607,15.587,14.531,10.4,10.373
20241115170230.8,799.312995001674,25.516,17.593,15.571,14.539,10.404,10.381
20241115170231.3,799.796999618411,25.534,17.644,15.577,14.551,10.408,10.381
20241115170231.8,800.26599727571,25.567,17.636,15.575,14.543,10.375,10.361
20241115170232.3,800.731001794338,25.612,17.642,15.591,14.559,10.385,10.359
20241115170232.7,801.207000017166,25.625,17.642,15.589,14.531,10.383,10.371
20241115170233.2,801.66800133884,25.645,17.658,15.607,14.545,10.381,10.359
20241115170233.7,802.132995799184,25.678,17.68,15.611,14.557,10.385,10.353
20241115170234.1,802.602003514767,25.684,17.67,15.597,14.547,10.385,10.349
20241115170234.6,803.066997975111,25.702,17.68,15.621,14.551,10.377,10.339
20241115170235.1,803.534999862313,25.718,17.694,15.609,14.539,10.402,10.365
20241115170235.5,804.003997519612,25.739,17.7,15.621,14.579,10.389,10.365
20241115170236,804.460995644331,25.768,17.708,15.654,14.561,10.383,10.353
20241115170236.5,804.930003359914,25.765,17.739,15.654,14.557,10.4,10.357
20241115170236.9,805.403004214168,25.792,17.749,15.65,14.591,10.414,10.361
20241115170237.4,805.863995477557,25.821,17.751,15.668,14.561,10.395,10.361
20241115170237.9,806.331997364759,25.825,17.755,15.642,14.579,10.387,10.349
20241115170238.3,806.801005080342,25.849,17.755,15.652,14.587,10.397,10.363
20241115170238.8,807.270002737641,25.882,17.781,15.678,14.599,10.381,10.351
20241115170239.3,807.734997197986,25.902,17.781,15.67,14.595,10.379,10.359
20241115170239.7,808.202999085188,25.927,17.789,15.678,14.605,10.381,10.361
20241115170240.2,808.671996742487,25.956,17.809,15.688,14.613,10.381,10.351
20241115170240.7,809.14100445807,25.978,17.838,15.694,14.591,10.391,10.347
20241115170241.1,809.605998918414,25.978,17.805,15.696,14.595,10.373,10.349
20241115170241.6,810.074000805616,25.986,17.822,15.69,14.605,10.363,10.357
20241115170242.1,810.542998462915,26.005,17.818,15.688,14.601,10.381,10.345
20241115170242.5,811.015999317169,26.025,17.828,15.704,14.614,10.389,10.353
20241115170243,811.496000736952,26.056,17.84,15.706,14.603,10.381,10.341
20241115170243.5,811.981001123786,26.076,17.852,15.706,14.614,10.381,10.337
20241115170244,812.449003010988,26.137,17.878,15.715,14.611,10.369,10.361
20241115170244.4,812.903003767133,26.17,17.88,15.717,14.605,10.373,10.345
20241115170244.9,813.36700245738,26.211,17.896,15.747,14.617,10.385,10.379
20241115170245.4,813.836000114679,26.244,17.922,15.737,14.634,10.385,10.363
20241115170245.8,814.304997771978,26.266,17.912,15.745,14.616,10.373,10.349
20241115170246.3,814.770002290606,26.278,17.925,15.755,14.644,10.373,10.339
20241115170246.8,815.24199731648,26.278,17.925,15.757,14.63,10.371,10.353
20241115170247.2,815.707001835108,26.313,17.955,15.759,14.616,10.397,10.353
20241115170247.7,816.175999492407,26.344,17.937,15.747,14.62,10.387,10.373
20241115170248.2,816.644997149706,26.383,17.965,15.765,14.646,10.395,10.363
20241115170248.6,817.114004865289,26.417,17.971,15.755,14.64,10.381,10.357
20241115170249.1,817.578003555536,26.446,17.969,15.773,14.66,10.402,10.359
20241115170249.6,818.047001212835,26.446,17.973,15.785,14.65,10.404,10.363
20241115170250,818.515998870134,26.464,17.977,15.783,14.642,10.383,10.367
20241115170250.5,819.003996625543,26.489,17.987,15.775,14.646,10.41,10.365
20241115170251,819.473004341125,26.503,17.989,15.779,14.66,10.373,10.369
20241115170251.5,819.925999268889,26.524,18.021,15.787,14.656,10.389,10.353
20241115170251.9,820.394996926188,26.546,18.009,15.789,14.656,10.395,10.375
20241115170252.4,820.864004641771,26.569,18.02,15.777,14.638,10.385,10.367
20241115170252.9,821.328003332019,26.579,18.02,15.797,14.662,10.389,10.351
20241115170253.3,821.801004186273,26.605,18.042,15.805,14.676,10.406,10.381
20241115170253.8,822.265998646617,26.65,18.07,15.823,14.686,10.383,10.363
20241115170254.3,822.734996303916,26.691,18.076,15.821,14.68,10.402,10.369
20241115170254.7,823.202998191118,26.718,18.068,15.834,14.672,10.377,10.363
20241115170255.2,823.671995848417,26.718,18.092,15.832,14.686,10.391,10.363
20241115170255.7,824.141003564,26.734,18.09,15.821,14.708,10.379,10.357
20241115170256.1,824.610001221299,26.761,18.104,15.852,14.688,10.383,10.355
20241115170256.6,825.085999444127,26.779,18.12,15.846,14.702,10.393,10.347
20241115170257.1,825.551003962755,26.783,18.11,15.85,14.682,10.375,10.363
20241115170257.5,826.0159984231,26.822,18.124,15.858,14.688,10.391,10.347
20241115170258,826.488999277353,26.836,18.131,15.858,14.69,10.393,10.369
20241115170258.5,826.957001164556,26.842,18.131,15.876,14.708,10.412,10.355
20241115170259,827.425998821855,26.846,18.124,15.862,14.7,10.383,10.359
20241115170259.4,827.891003340483,26.873,18.159,15.858,14.704,10.4,10.349
20241115170259.9,828.355997800827,26.885,18.141,15.862,14.714,10.395,10.361
20241115170300.4,828.823999688029,26.926,18.141,15.874,14.722,10.389,10.353
20241115170300.8,829.304996877909,26.953,18.173,15.876,14.724,10.402,10.359
20241115170301.3,829.777997732162,26.969,18.179,15.894,14.733,10.402,10.351
20241115170301.8,830.245999619365,27.02,18.199,15.874,14.731,10.379,10.373
20241115170302.2,830.711004137993,27.032,18.199,15.888,14.731,10.375,10.371
20241115170302.7,831.180001795292,27.061,18.215,15.896,14.729,10.391,10.363
20241115170303.2,831.663996353745,27.077,18.229,15.898,14.729,10.393,10.381
20241115170303.7,832.129000872374,27.106,18.219,15.906,14.737,10.4,10.369
20241115170304.1,832.597998529673,27.114,18.232,15.92,14.763,10.4,10.359
20241115170304.6,833.066996186972,27.167,18.27,15.922,14.751,10.416,10.377
20241115170305.1,833.539001271129,27.175,18.262,15.92,14.753,10.375,10.359
20241115170305.5,834.007998928428,27.214,18.288,15.931,14.765,10.383,10.359
20241115170306,834.473003447056,27.239,18.29,15.929,14.767,10.389,10.377
20241115170306.5,834.942001104355,27.253,18.284,15.931,14.761,10.391,10.363
20241115170306.9,835.406995564699,27.286,18.314,15.977,14.771,10.391,10.367
20241115170307.4,835.874997451901,27.316,18.318,15.967,14.785,10.404,10.367
20241115170307.9,836.3439951092,27.329,18.314,15.955,14.771,10.393,10.379
20241115170308.3,836.813002824783,27.331,18.333,15.955,14.781,10.397,10.353
20241115170308.8,837.282000482082,27.369,18.349,15.973,14.771,10.385,10.355
20241115170309.3,837.750002369285,27.398,18.355,15.953,14.789,10.389,10.361
20241115170309.8,838.23899589479,27.388,18.355,15.975,14.797,10.385,10.363
20241115170310.2,838.703004643321,27.402,18.373,15.985,14.795,10.371,10.351
20241115170310.7,839.167999103665,27.412,18.385,15.963,14.785,10.375,10.371
20241115170311.2,839.633003622293,27.427,18.373,15.987,14.789,10.395,10.375
20241115170311.6,840.102001279593,27.455,18.369,15.987,14.795,10.379,10.383
20241115170312.1,840.570998936892,27.48,18.391,16.005,14.797,10.401,10.341
20241115170312.6,841.039000824094,27.515,18.405,16.003,14.805,10.389,10.369
20241115170313,841.507998481393,27.537,18.422,15.995,14.811,10.381,10.355
20241115170313.5,841.980999335647,27.555,18.42,15.993,14.824,10.395,10.355
20241115170314,842.449001222849,27.613,18.434,16.028,14.82,10.385,10.345
20241115170314.4,842.917998880148,27.649,18.434,16.032,14.797,10.41,10.375
20241115170314.9,843.390999734402,27.709,18.472,16.036,14.824,10.399,10.371
20241115170315.4,843.864000588655,27.754,18.482,16.034,14.824,10.385,10.369
20241115170315.9,844.332002475858,27.795,18.494,16.058,14.832,10.403,10.361
20241115170316.3,844.796996936202,27.876,18.518,16.06,14.84,10.381,10.361
20241115170316.8,845.281997323036,27.899,18.541,16.056,14.852,10.383,10.351
20241115170317.3,845.745996013284,27.942,18.559,16.068,14.854,10.397,10.359
20241115170317.7,846.215003728867,27.978,18.591,16.084,14.856,10.416,10.373
20241115170318.2,846.684001386166,28.019,18.577,16.088,14.858,10.391,10.367
20241115170318.7,847.164002805948,28.034,18.599,16.106,14.858,10.391,10.365
20241115170319.2,847.649003192782,28.062,18.595,16.088,14.856,10.389,10.349
20241115170319.6,848.113997653127,28.107,18.617,16.098,14.864,10.393,10.339
20241115170320.1,848.581999540329,28.119,18.609,16.094,14.868,10.383,10.361
20241115170320.6,849.055000394583,28.142,18.63,16.112,14.868,10.377,10.371
20241115170321.1,849.528001248837,28.183,18.634,16.115,14.858,10.371,10.355
20241115170321.5,849.996003136039,28.183,18.666,16.108,14.862,10.379,10.359
20241115170322,850.457004457712,28.222,18.662,16.117,14.88,10.387,10.343
20241115170322.5,850.942004844546,28.25,18.664,16.119,14.87,10.403,10.359
20241115170322.9,851.409996673465,28.267,18.674,16.117,14.866,10.385,10.357
20241115170323.4,851.875001192093,28.271,18.662,16.137,14.874,10.395,10.365
20241115170323.9,852.364004775882,28.293,18.678,16.121,14.88,10.357,10.365
20241115170324.4,852.828003466129,28.303,18.686,16.155,14.886,10.395,10.357
20241115170324.8,853.297001123428,28.301,18.686,16.147,14.892,10.391,10.359
20241115170325.3,853.765998780727,28.301,18.708,16.163,14.906,10.389,10.375
20241115170325.8,854.238999634981,28.319,18.71,16.177,14.896,10.391,10.349
20241115170326.2,854.702998325229,28.311,18.684,16.169,14.91,10.385,10.355
20241115170326.7,855.168002843857,28.373,18.686,16.157,14.89,10.385,10.357
20241115170327.2,855.637000501156,28.383,18.708,16.159,14.882,10.391,10.357
20241115170327.6,856.102005019784,28.383,18.704,16.143,14.904,10.391,10.371
20241115170328.1,856.574000045657,28.418,18.733,16.167,14.908,10.387,10.361
20241115170328.6,857.059000432491,28.436,18.735,16.169,14.904,10.379,10.359
20241115170329.1,857.524004951119,28.438,18.714,16.159,14.9,10.373,10.327
20241115170329.5,857.991996780038,28.459,18.725,16.173,14.915,10.381,10.335
20241115170330,858.452998101711,28.479,18.743,16.169,14.913,10.363,10.357
20241115170330.4,858.913999423385,28.487,18.749,16.165,14.905,10.389,10.349
20241115170330.9,859.382997080684,28.495,18.757,16.171,14.9,10.383,10.345
20241115170331.5,859.945999458432,28.52,18.747,16.189,14.909,10.381,10.369
20241115170331.9,860.40999814868,28.544,18.763,16.201,14.921,10.353,10.343
20241115170332.4,860.878995805979,28.544,18.761,16.206,14.905,10.381,10.333
20241115170332.9,861.348003521562,28.567,18.789,16.193,14.925,10.375,10.343
20241115170333.3,861.817001178861,28.61,18.797,16.199,14.941,10.383,10.347
20241115170333.8,862.285003066063,28.634,18.807,16.199,14.945,10.387,10.357
20241115170334.3,862.749997526407,28.651,18.807,16.218,14.935,10.397,10.355
20241115170334.8,863.23100477457,28.687,18.807,16.216,14.939,10.41,10.351
20241115170335.2,863.714999333024,28.708,18.83,16.234,14.935,10.391,10.345
20241115170335.7,864.183996990323,28.745,18.836,16.216,14.941,10.385,10.363
20241115170336.2,864.653004705906,28.775,18.852,16.238,14.951,10.375,10.365
20241115170336.7,865.120996534824,28.792,18.872,16.24,14.937,10.373,10.351
20241115170337.1,865.590004250407,28.835,18.882,16.256,14.953,10.391,10.349
20241115170337.6,866.054998710752,28.867,18.896,16.252,14.963,10.385,10.355
20241115170338.1,866.527999565005,28.926,18.892,16.264,14.969,10.387,10.345
20241115170338.5,866.991998255253,28.947,18.929,16.262,14.967,10.367,10.351
20241115170339,867.464999109507,28.98,18.91,16.26,14.971,10.395,10.361
20241115170339.5,867.93799996376,29.016,18.943,16.28,14.981,10.389,10.351
20241115170339.9,868.403004482388,29.086,18.971,16.302,15.013,10.381,10.355
20241115170340.4,868.870996311307,29.106,18.997,16.314,15.005,10.369,10.375
20241115170340.9,869.336000829935,29.139,19.011,16.312,15.003,10.371,10.379
20241115170341.3,869.809001684189,29.153,19.032,16.335,15.03,10.381,10.359
20241115170341.8,870.282002538443,29.196,19.027,16.333,15.019,10.391,10.359
20241115170342.3,870.750004425645,29.21,19.064,16.333,15.024,10.389,10.347
20241115170342.8,871.222995221615,29.223,19.042,16.335,15.019,10.391,10.357
20241115170343.2,871.699003502727,29.257,19.048,16.343,15.05,10.396,10.369
20241115170343.7,872.168001160026,29.276,19.08,16.359,15.052,10.396,10.369
20241115170344.2,872.641002014279,29.286,19.09,16.367,15.046,10.377,10.373
20241115170344.6,873.105996474624,29.317,19.102,16.365,15.046,10.389,10.375
20241115170345.1,873.578001558781,29.363,19.102,16.381,15.07,10.4,10.389
20241115170345.6,874.039002880454,29.408,19.141,16.387,15.058,10.387,10.365
20241115170346,874.512003734708,29.457,19.145,16.381,15.074,10.394,10.353
20241115170346.5,874.985004588962,29.492,19.163,16.397,15.042,10.387,10.371
20241115170347,875.456999614835,29.509,19.155,16.405,15.038,10.383,10.349
20241115170347.5,875.925997272134,29.533,19.165,16.43,15.07,10.383,10.357
20241115170347.9,876.394994929433,29.56,19.195,16.407,15.076,10.387,10.353
20241115170348.4,876.864002645016,29.584,19.205,16.426,15.088,10.375,10.361
20241115170348.9,877.332004532218,29.607,19.199,16.432,15.066,10.381,10.367
20241115170349.3,877.801002189517,29.633,19.205,16.425,15.08,10.371,10.375
20241115170349.8,878.274003043771,29.643,19.195,16.409,15.076,10.373,10.349
20241115170350.3,878.741994872689,29.674,19.207,16.413,15.07,10.379,10.363
20241115170350.8,879.218998923898,29.646,19.201,16.413,15.076,10.389,10.347
20241115170351.2,879.687996581197,29.699,19.221,16.436,15.092,10.379,10.345
20241115170351.7,880.15700429678,29.697,19.209,16.432,15.086,10.387,10.365
20241115170352.2,880.628999322653,29.684,19.195,16.413,15.098,10.385,10.363
20241115170352.6,881.094003841281,29.699,19.221,16.436,15.086,10.387,10.335
20241115170353.1,881.56300149858,29.693,19.193,16.425,15.074,10.387,10.341
20241115170353.6,882.027995958924,29.688,19.199,16.426,15.08,10.385,10.373
20241115170354,882.500001043081,29.705,19.209,16.432,15.08,10.393,10.369
20241115170354.5,882.985001429915,29.737,19.223,16.454,15.092,10.379,10.365
20241115170355,883.449000120163,29.76,19.262,16.464,15.092,10.379,10.357
20241115170355.4,883.917997777462,29.797,19.24,16.46,15.094,10.373,10.357
20241115170355.9,884.386995434761,29.852,19.28,16.46,15.096,10.377,10.359
20241115170356.4,884.856003150344,29.905,19.292,16.472,15.122,10.377,10.363
20241115170356.9,885.323994979262,29.966,19.314,16.494,15.122,10.387,10.371
20241115170357.3,885.78899949789,29.972,19.335,16.492,15.112,10.365,10.351
20241115170357.8,886.25799715519,30.021,19.341,16.504,15.125,10.369,10.357
20241115170358.3,886.727004870772,30.064,19.339,16.5,15.123,10.375,10.363
20241115170358.7,887.198999896646,30.081,19.355,16.496,15.129,10.387,10.355
20241115170359.2,887.667997553945,30.122,19.349,16.5,15.123,10.402,10.369
20241115170359.7,888.133002072573,30.16,19.397,16.522,15.134,10.389,10.375
20241115170400.1,888.601999729872,30.166,19.383,16.516,15.122,10.389,10.339
20241115170400.6,889.086004346609,30.197,19.381,16.528,15.139,10.389,10.379
20241115170401.1,889.555002003908,30.215,19.423,16.52,15.145,10.385,10.367
20241115170401.6,890.028002858162,30.224,19.375,16.512,15.141,10.391,10.363
20241115170402,890.496004745364,30.216,19.411,16.534,15.153,10.406,10.377
20241115170402.5,890.968995541334,30.25,19.409,16.53,15.159,10.381,10.349
20241115170403,891.434000059962,30.216,19.409,16.539,15.157,10.377,10.379
20241115170403.5,891.921997815371,30.246,19.399,16.545,15.137,10.385,10.355
20241115170403.9,892.387002333999,30.234,19.407,16.531,15.147,10.389,10.353
20241115170404.4,892.855999991298,30.269,19.403,16.527,15.129,10.385,10.355
20241115170404.9,893.3240018785,30.312,19.436,16.527,15.151,10.397,10.365
20241115170405.3,893.812995404005,30.346,19.44,16.561,15.155,10.383,10.365
20241115170405.8,894.277999922633,30.365,19.474,16.541,15.185,10.369,10.349
20241115170406.3,894.741998612881,30.406,19.476,16.559,15.163,10.393,10.347
20241115170406.7,895.214999467134,30.432,19.482,16.569,15.161,10.373,10.355
20241115170407.2,895.702997222543,30.455,19.486,16.559,15.181,10.375,10.369
20241115170407.7,896.184004470706,30.524,19.518,16.599,15.181,10.383,10.377
20241115170408.2,896.656995266676,30.54,19.53,16.583,15.179,10.395,10.363
20241115170408.7,897.129000350833,30.581,19.535,16.571,15.179,10.402,10.357
20241115170409.1,897.597998008132,30.602,19.549,16.575,15.185,10.383,10.361
20241115170409.6,898.066995665431,30.63,19.557,16.601,15.191,10.375,10.369
20241115170410.1,898.534997552633,30.645,19.571,16.613,15.187,10.395,10.357
20241115170410.5,899.003995209932,30.677,19.573,16.615,15.195,10.402,10.361
20241115170411,899.473002925515,30.688,19.575,16.611,15.201,10.385,10.355
20241115170411.5,899.946003779769,30.735,19.611,16.636,15.213,10.4,10.365
20241115170411.9,900.413995608687,30.784,19.615,16.621,15.197,10.381,10.375
20241115170412.4,900.879000127316,30.776,19.618,16.632,15.211,10.383,10.355
20241115170412.9,901.347997784615,30.825,19.628,16.648,15.203,10.371,10.349
20241115170413.3,901.808999106288,30.868,19.64,16.652,15.191,10.383,10.351
20241115170413.8,902.277996763587,30.912,19.636,16.648,15.218,10.375,10.369
20241115170414.3,902.745998650789,30.966,19.656,16.658,15.207,10.373,10.359
20241115170414.7,903.214996308088,30.959,19.68,16.658,15.209,10.381,10.351
20241115170415.3,903.749996423721,31.025,19.686,16.67,15.22,10.387,10.355
20241115170415.8,904.241997376084,31.057,19.722,16.688,15.223,10.375,10.351
20241115170416.3,904.735004156828,31.092,19.737,16.682,15.26,10.373,10.371
20241115170416.7,905.214995518327,31.129,19.718,16.686,15.234,10.359,10.351
20241115170417.2,905.687996372581,31.135,19.739,16.708,15.258,10.385,10.351
20241115170417.7,906.153000891209,31.151,19.728,16.706,15.238,10.385,10.357
20241115170418.2,906.624995917082,31.202,19.751,16.698,15.246,10.381,10.381
20241115170418.6,907.094003632665,31.196,19.759,16.7,15.262,10.379,10.351
20241115170419.1,907.563001289964,31.258,19.779,16.706,15.27,10.385,10.365
20241115170419.6,908.027995750308,31.262,19.783,16.716,15.26,10.373,10.347
20241115170420,908.49599763751,31.294,19.783,16.726,15.266,10.393,10.365
20241115170420.5,908.961002156138,31.325,19.809,16.729,15.282,10.367,10.343
20241115170421,909.429999813437,31.352,19.827,16.745,15.278,10.377,10.383
20241115170421.4,909.898997470737,31.397,19.827,16.751,15.276,10.379,10.365
20241115170421.9,910.364001989365,31.407,19.854,16.728,15.266,10.406,10.349
20241115170422.4,910.835997015238,31.452,19.856,16.765,15.276,10.375,10.367
20241115170422.8,911.301001533866,31.478,19.86,16.761,15.288,10.4,10.369
20241115170423.3,911.769999191165,31.493,19.862,16.761,15.288,10.367,10.371
20241115170423.8,912.231000512838,31.554,19.868,16.783,15.272,10.389,10.375
20241115170424.2,912.699002400041,31.591,19.9,16.779,15.312,10.408,10.389
20241115170424.7,913.16800005734,31.635,19.904,16.777,15.296,10.406,10.377
20241115170425.2,913.636997714639,31.715,19.94,16.785,15.31,10.391,10.359
20241115170425.6,914.102002233267,31.762,19.943,16.807,15.304,10.398,10.371
20241115170426.1,914.58599679172,31.787,19.926,16.793,15.298,10.408,10.363
20241115170426.6,915.070997178555,31.84,19.943,16.803,15.29,10.391,10.351
20241115170427.1,915.558994933963,31.828,19.947,16.807,15.308,10.389,10.375
20241115170427.6,916.031995788217,31.811,19.959,16.821,15.306,10.414,10.367
20241115170428,916.496004536748,31.836,19.953,16.819,15.298,10.398,10.359
20241115170428.5,916.965002194047,31.885,19.963,16.835,15.314,10.394,10.385
20241115170429,917.433999851346,31.92,19.983,16.829,15.326,10.383,10.365
20241115170429.4,917.899004369974,31.95,19.989,16.842,15.32,10.385,10.367
20241115170429.9,918.370999395847,31.944,20.011,16.842,15.316,10.396,10.363
20241115170430.4,918.844000250101,31.985,20.005,16.844,15.326,10.406,10.385
20241115170430.8,919.3129979074,32.018,20.029,16.86,15.33,10.387,10.381
20241115170431.3,919.778002426028,32.081,20.039,16.835,15.349,10.398,10.373
20241115170431.8,920.246004313231,32.116,20.044,16.85,15.332,10.4,10.353
20241115170432.2,920.710998773575,32.13,20.031,16.848,15.332,10.402,10.371
20241115170432.7,921.183999627829,32.152,20.042,16.864,15.324,10.383,10.347
20241115170433.2,921.652997285128,32.201,20.06,16.86,15.332,10.398,10.369
20241115170433.6,922.116995975375,32.21,20.064,16.858,15.359,10.398,10.377
20241115170434.1,922.589996829629,32.248,20.048,16.874,15.341,10.391,10.375
20241115170434.6,923.062997683883,32.275,20.084,16.888,15.341,10.381,10.353
20241115170435.1,923.53500276804,32.314,20.078,16.886,15.367,10.385,10.371
20241115170435.5,924.004000425339,32.332,20.108,16.878,15.345,10.402,10.369
20241115170436,924.477001279593,32.357,20.086,16.882,15.349,10.381,10.373
20241115170436.5,924.941995739937,32.365,20.108,16.886,15.351,10.389,10.351
20241115170436.9,925.414000824094,32.383,20.128,16.898,15.367,10.398,10.373
20241115170437.4,925.882998481393,32.379,20.106,16.902,15.363,10.383,10.373
20241115170437.9,926.351996138692,32.385,20.126,16.914,15.363,10.385,10.383
20241115170438.3,926.81700065732,32.389,20.147,16.922,15.367,10.379,10.361
20241115170438.8,927.288995683193,32.422,20.138,16.93,15.365,10.398,10.373
20241115170439.3,927.754000201821,32.406,20.134,16.89,15.353,10.375,10.355
20241115170439.8,928.227001056075,32.447,20.126,16.902,15.353,10.391,10.363
20241115170440.2,928.707002475858,32.453,20.141,16.906,15.363,10.373,10.353
20241115170440.7,929.171996936202,32.484,20.153,16.916,15.347,10.379,10.371
20241115170441.2,929.644997790456,32.551,20.189,16.916,15.337,10.381,10.359
20241115170441.6,930.113995447755,32.624,20.203,16.943,15.369,10.377,10.361
20241115170442.1,930.578004196286,32.676,20.219,16.947,15.389,10.387,10.371
20241115170442.6,931.047001853585,32.763,20.254,16.959,15.387,10.385,10.351
20241115170443,931.515999510884,32.849,20.272,16.965,15.411,10.397,10.367
20241115170443.5,931.984997168183,32.913,20.292,16.977,15.409,10.406,10.373
20241115170444,932.45700225234,32.958,20.316,16.993,15.438,10.367,10.341
20241115170444.5,932.925999909639,33.033,20.326,16.999,15.415,10.381,10.361
20241115170444.9,933.391004428267,33.105,20.339,17.019,15.43,10.406,10.363
20241115170445.4,933.860002085567,33.127,20.375,17.011,15.434,10.389,10.363
20241115170445.9,934.328003972769,33.152,20.353,17.017,15.421,10.379,10.369
20241115170446.3,934.800994768739,33.19,20.375,17.04,15.436,10.383,10.355
20241115170446.8,935.270002484322,33.215,20.385,17.017,15.438,10.363,10.359
20241115170447.3,935.739000141621,33.266,20.419,17.036,15.456,10.381,10.345
20241115170447.7,936.210995167494,33.252,20.421,17.042,15.43,10.375,10.347
20241115170448.2,936.683996021748,33.307,20.431,17.021,15.458,10.367,10.349
20241115170448.7,937.15300373733,33.305,20.415,17.05,15.444,10.367,10.357
20241115170449.2,937.641001492739,33.315,20.417,17.04,15.448,10.4,10.341
20241115170449.6,938.109999150038,33.297,20.429,17.032,15.444,10.393,10.359
20241115170450.1,938.57800103724,33.295,20.419,17.048,15.43,10.389,10.367
20241115170450.6,939.0709977597,33.319,20.423,17.034,15.44,10.365,10.355
20241115170451.1,939.543002843857,33.319,20.442,17.032,15.46,10.383,10.373
20241115170451.5,940.016003698111,33.338,20.44,17.048,15.464,10.383,10.349
20241115170452,940.499998256564,33.34,20.431,17.038,15.44,10.389,10.345
20241115170452.5,940.968995913863,33.374,20.454,17.054,15.456,10.381,10.371
20241115170453,941.438003629446,33.391,20.458,17.056,15.458,10.375,10.353
20241115170453.4,941.90299808979,33.379,20.46,17.06,15.46,10.361,10.357
20241115170453.9,942.370999976993,33.389,20.456,17.054,15.462,10.375,10.353
20241115170454.4,942.839997634292,33.397,20.464,17.072,15.444,10.383,10.381
20241115170454.8,943.308995291591,33.405,20.474,17.074,15.476,10.377,10.371
20241115170455.3,943.773999810219,33.45,20.508,17.078,15.466,10.371,10.349
20241115170455.8,944.249998033047,33.518,20.496,17.086,15.47,10.373,10.341
20241115170456.3,944.74199898541,33.556,20.508,17.086,15.486,10.359,10.353
20241115170456.7,945.207003504038,33.611,20.543,17.108,15.478,10.379,10.361
20241115170457.2,945.688000693917,33.648,20.563,17.086,15.482,10.399,10.363
20241115170457.7,946.156998351216,33.683,20.563,17.104,15.5,10.357,10.359
20241115170458.2,946.620997041464,33.742,20.581,17.114,15.492,10.381,10.343
20241115170458.6,947.086001560092,33.769,20.601,17.129,15.484,10.369,10.349
20241115170459.1,947.562995553017,33.8,20.617,17.116,15.508,10.379,10.345
20241115170459.6,948.035000637174,33.795,20.587,17.137,15.502,10.373,10.363
20241115170500,948.499995097518,33.795,20.593,17.121,15.476,10.385,10.339
20241115170500.5,948.969002813101,33.804,20.605,17.117,15.492,10.395,10.361
20241115170501,949.433997273445,33.846,20.599,17.129,15.5,10.379,10.343
20241115170501.4,949.903004989028,33.877,20.617,17.143,15.49,10.387,10.349
20241115170501.9,950.382996350527,33.904,20.636,17.155,15.502,10.387,10.353
20241115170502.4,950.85200406611,33.912,20.626,17.157,15.508,10.379,10.375
20241115170502.8,951.316998526454,33.961,20.632,17.157,15.502,10.375,10.361
20241115170503.3,951.785000413656,34.018,20.678,17.161,15.504,10.371,10.345
20241115170503.8,952.27000080049,34.032,20.7,17.179,15.519,10.373,10.371
20241115170504.3,952.738998457789,34.073,20.714,17.181,15.531,10.383,10.353
20241115170504.7,953.202997148037,34.12,20.718,17.191,15.527,10.381,10.351
20241115170505.2,953.67200486362,34.122,20.712,17.183,15.521,10.369,10.373
20241115170505.7,954.141002520919,34.124,20.71,17.195,15.531,10.375,10.357
20241115170506.1,954.610000178218,34.114,20.706,17.189,15.527,10.4,10.363
20241115170506.6,955.07800206542,34.094,20.692,17.189,15.525,10.397,10.381
20241115170507.1,955.546999722719,34.051,20.68,17.165,15.52,10.387,10.355
20241115170507.5,956.015997380018,34.041,20.688,17.165,15.519,10.373,10.363
20241115170508,956.495998799801,34.026,20.678,17.153,15.519,10.369,10.381
20241115170508.5,956.968999654055,34.065,20.692,17.183,15.525,10.375,10.367
20241115170509,957.434004172683,34.13,20.706,17.183,15.541,10.389,10.345
20241115170509.4,957.907005026937,34.192,20.739,17.185,15.543,10.389,10.365
20241115170509.9,958.374996855855,34.237,20.765,17.205,15.537,10.391,10.367
20241115170510.4,958.844004571438,34.276,20.763,17.195,15.545,10.369,10.365
20241115170510.8,959.313002228737,34.331,20.771,17.226,15.543,10.379,10.369
20241115170511.3,959.79699678719,34.368,20.791,17.22,15.559,10.403,10.373
20241115170511.8,960.266004502773,34.374,20.803,17.22,15.553,10.391,10.363
20241115170512.3,960.735002160072,34.39,20.805,17.23,15.561,10.375,10.347
20241115170512.7,961.19900085032,34.437,20.813,17.232,15.559,10.379,10.369
20241115170513.2,961.672001704574,34.451,20.791,17.246,15.559,10.369,10.365
20241115170513.7,962.140999361873,34.461,20.821,17.232,15.571,10.395,10.369
20241115170514.2,962.628997117281,34.513,20.828,17.234,15.563,10.387,10.357
20241115170514.6,963.110004365444,34.549,20.844,17.248,15.583,10.387,10.355
20241115170515.1,963.589995726943,34.578,20.86,17.262,15.585,10.395,10.361
20241115170515.6,964.059003442526,34.623,20.9,17.284,15.589,10.383,10.347
20241115170516.1,964.528001099825,34.68,20.908,17.278,15.585,10.369,10.357
20241115170516.5,964.991999790072,34.709,20.906,17.266,15.581,10.393,10.351
20241115170517,965.460997447371,34.764,20.914,17.282,15.585,10.397,10.349
20241115170517.5,965.929995104671,34.813,20.945,17.288,15.589,10.383,10.373
20241115170517.9,966.418002918363,34.835,20.927,17.288,15.593,10.381,10.359
20241115170518.4,966.882997378707,34.84,20.925,17.28,15.614,10.365,10.341
20241115170518.9,967.351995036006,34.866,20.951,17.296,15.593,10.367,10.343
20241115170519.4,967.821002751589,34.905,20.953,17.298,15.604,10.385,10.351
20241115170519.8,968.309000506997,34.948,20.993,17.329,15.599,10.371,10.353
20241115170520.3,968.792995065451,34.991,21.001,17.323,15.608,10.387,10.353
20241115170520.8,969.262002781034,35.038,21.016,17.331,15.624,10.373,10.357
20241115170521.3,969.731000438333,35.046,21.038,17.339,15.63,10.375,10.355
20241115170521.7,970.199002325535,35.108,21.038,17.337,15.608,10.389,10.345
20241115170522.2,970.67599631846,35.11,21.044,17.335,15.624,10.373,10.355
20241115170522.7,971.141000837088,35.162,21.056,17.357,15.624,10.375,10.357
20241115170523.1,971.616999059916,35.184,21.064,17.363,15.638,10.369,10.365
20241115170523.6,972.082003578544,35.205,21.092,17.365,15.638,10.387,10.345
20241115170524.1,972.555004432797,35.218,21.068,17.353,15.63,10.383,10.383
20241115170524.6,973.027995228767,35.244,21.072,17.367,15.632,10.375,10.375
20241115170525,973.49599711597,35.242,21.066,17.375,15.626,10.369,10.365
20241115170525.5,973.980997502804,35.234,21.038,17.345,15.608,10.389,10.359
20241115170526,974.448999390006,35.232,21.028,17.375,15.628,10.361,10.369
20241115170526.4,974.914003908634,35.238,21.034,17.331,15.61,10.393,10.359
20241115170526.9,975.383001565933,35.24,21.042,17.333,15.618,10.385,10.343
20241115170527.4,975.856002420187,35.298,21.066,17.339,15.612,10.369,10.349
20241115170527.9,976.32799744606,35.325,21.056,17.369,15.624,10.375,10.369
20241115170528.3,976.796995103359,35.327,21.072,17.373,15.62,10.375,10.369
20241115170528.8,977.269995957613,35.348,21.086,17.349,15.636,10.365,10.353
20241115170529.3,977.735000476241,35.346,21.11,17.349,15.618,10.383,10.373
20241115170529.7,978.198999166489,35.371,21.096,17.387,15.644,10.389,10.351
20241115170530.2,978.672000020742,35.408,21.117,17.377,15.652,10.377,10.359
20241115170530.7,979.152997210622,35.474,21.121,17.385,15.656,10.375,10.363
20241115170531.2,979.625002294779,35.488,21.135,17.385,15.628,10.379,10.369
20241115170531.6,980.105999484658,35.559,21.165,17.387,15.636,10.373,10.363
20241115170532.1,980.574001371861,35.604,21.193,17.399,15.636,10.359,10.373
20241115170532.6,981.04299902916,35.666,21.189,17.397,15.66,10.373,10.367
20241115170533,981.511996686459,35.743,21.226,17.422,15.696,10.383,10.373
20241115170533.5,981.981004402041,35.778,21.236,17.432,15.686,10.369,10.353
20241115170534,982.445998862386,35.85,21.288,17.432,15.692,10.391,10.357
20241115170534.4,982.914000749588,35.9,21.292,17.474,15.719,10.395,10.383
20241115170534.9,983.382998406887,35.977,21.316,17.472,15.733,10.391,10.359
20241115170535.4,983.848002925515,36.032,21.343,17.484,15.733,10.387,10.385
20241115170535.9,984.331997483969,36.08,21.375,17.478,15.739,10.403,10.365
20241115170536.3,984.816997870803,36.134,21.361,17.511,15.729,10.379,10.355
20241115170536.8,985.284999758005,36.192,21.407,17.515,15.747,10.395,10.357
20241115170537.3,985.753997415304,36.283,21.422,17.511,15.749,10.375,10.357
20241115170537.8,986.222995072603,36.345,21.462,17.553,15.759,10.377,10.359
20241115170538.2,986.687999591231,36.473,21.508,17.559,15.777,10.393,10.361
20241115170538.7,987.15699724853,36.545,21.539,17.589,15.795,10.395,10.365
20241115170539.2,987.624999135733,36.624,21.575,17.616,15.771,10.389,10.351
20241115170539.6,988.093996793032,36.717,21.597,17.601,15.787,10.393,10.375
20241115170540.1,988.563004508615,36.794,21.63,17.61,15.802,10.373,10.363
20241115170540.6,989.032002165914,36.916,21.638,17.616,15.806,10.399,10.369
20241115170541,989.500004053116,36.97,21.662,17.624,15.814,10.389,10.377
20241115170541.5,989.969001710415,37.034,21.692,17.642,15.844,10.383,10.351
20241115170542,990.433996170759,37.057,21.672,17.626,15.814,10.387,10.369
20241115170542.4,990.918000787497,37.1,21.68,17.642,15.808,10.369,10.369
20241115170542.9,991.403001174331,37.174,21.717,17.66,15.824,10.369,10.357
20241115170543.4,991.866999864578,37.189,21.705,17.656,15.822,10.373,10.369
20241115170543.9,992.335997521877,37.216,21.733,17.668,15.832,10.383,10.365
20241115170544.3,992.801002040505,37.263,21.753,17.65,15.81,10.389,10.371
20241115170544.8,993.274002894759,37.272,21.773,17.684,15.842,10.373,10.365
20241115170545.3,993.742004781961,37.338,21.765,17.703,15.852,10.353,10.359
20241115170545.7,994.21100243926,37.396,21.81,17.705,15.856,10.393,10.367
20241115170546.2,994.68000009656,37.487,21.846,17.711,15.864,10.369,10.353
20241115170546.7,995.145004615188,37.59,21.838,17.731,15.874,10.369,10.373
20241115170547.1,995.614002272487,37.595,21.85,17.717,15.87,10.373,10.334
20241115170547.6,996.078000962734,37.584,21.846,17.713,15.87,10.363,10.351
20241115170548.1,996.551001816988,37.634,21.848,17.747,15.874,10.36,10.352
20241115170548.6,997.031999006867,37.641,21.849,17.75,15.874,10.366,10.339
20241115170549,997.50000089407,37.635,21.877,17.734,15.884,10.356,10.331
20241115170549.5,997.973001748323,37.64,21.858,17.733,15.864,10.373,10.347
20241115170550,998.441999405622,37.648,21.852,17.721,15.866,10.371,10.351
20241115170550.4,998.914004489779,37.64,21.836,17.752,15.857,10.368,10.348
20241115170550.9,999.383002147079,37.656,21.859,17.732,15.847,10.382,10.356
20241115170551.4,999.863999336958,37.672,21.851,17.732,15.851,10.368,10.341
20241115170551.9,1000.33600442111,37.691,21.843,17.748,15.851,10.356,10.356
20241115170552.4,1000.82400217652,37.682,21.853,17.724,15.874,10.368,10.354
20241115170552.8,1001.29299983382,37.67,21.853,17.726,15.87,10.358,10.366
20241115170553.3,1001.75800435245,37.678,21.857,17.73,15.888,10.36,10.352
20241115170553.8,1002.22700200975,37.674,21.833,17.734,15.872,10.372,10.352
20241115170554.2,1002.69899703562,37.674,21.823,17.724,15.874,10.364,10.346
20241115170554.7,1003.18800061941,37.691,21.847,17.726,15.882,10.388,10.346
20241115170555.2,1003.65699827671,37.724,21.833,17.734,15.865,10.366,10.346
20241115170555.7,1004.12900336087,37.757,21.867,17.726,15.867,10.376,10.341
20241115170556.1,1004.59800101817,37.738,21.833,17.736,15.857,10.356,10.352
20241115170556.6,1005.07100187242,37.643,21.779,17.69,15.863,10.372,10.356
20241115170557.1,1005.54299689829,37.556,21.73,17.672,15.821,10.345,10.358
20241115170557.6,1006.03200048208,37.465,21.7,17.664,15.829,10.376,10.345
20241115170558,1006.49599917233,37.472,21.698,17.686,15.841,10.376,10.364
20241115170558.5,1006.96900002658,37.519,21.722,17.688,15.845,10.374,10.35
20241115170559,1007.43400454521,37.581,21.736,17.69,15.833,10.384,10.362
20241115170559.4,1007.90300220251,37.637,21.748,17.716,15.859,10.38,10.362
20241115170559.9,1008.37499722838,37.682,21.785,17.714,15.855,10.383,10.371
20241115170600.4,1008.85999761522,37.743,21.796,17.725,15.87,10.381,10.373
20241115170600.9,1009.32099893689,37.791,21.814,17.717,15.854,10.385,10.377
20241115170601.3,1009.79300402105,37.843,21.818,17.753,15.887,10.375,10.377
20241115170601.8,1010.26200167835,37.88,21.862,17.753,15.862,10.397,10.375
20241115170602.3,1010.74200309813,37.977,21.902,17.744,15.896,10.376,10.354
20241115170602.8,1011.22700348496,38.071,21.902,17.76,15.902,10.374,10.364
20241115170603.2,1011.69600114226,38.175,21.954,17.797,15.89,10.38,10.352
20241115170603.7,1012.15999983251,38.247,21.983,17.789,15.894,10.376,10.358
20241115170604.2,1012.64500021935,38.322,21.985,17.803,15.926,10.376,10.352
20241115170604.6,1013.11699524522,38.375,22.021,17.823,15.938,10.382,10.372
20241115170605.1,1013.58199976385,38.448,22.035,17.823,15.918,10.376,10.36
20241115170605.6,1014.04700428247,38.51,22.063,17.845,15.948,10.376,10.364
20241115170606.1,1014.51999507844,38.584,22.084,17.845,15.95,10.372,10.352
20241115170606.5,1014.98900279403,38.696,22.122,17.878,15.971,10.388,10.36
20241115170607,1015.45300148427,38.797,22.151,17.894,15.975,10.38,10.356
20241115170607.5,1015.94199500978,38.837,22.144,17.882,15.962,10.37,10.362
20241115170608,1016.42199642956,38.872,22.147,17.91,15.979,10.38,10.348
20241115170608.4,1016.89100414515,38.913,22.147,17.908,15.981,10.366,10.354
20241115170608.9,1017.37099550664,38.988,22.175,17.928,15.975,10.384,10.372
20241115170609.4,1017.84000322223,38.996,22.2,17.916,15.97,10.378,10.343
20241115170609.8,1018.30499768257,39.041,22.224,17.928,15.983,10.378,10.368
20241115170610.3,1018.77799853683,39.044,22.224,17.936,16.007,10.388,10.366
20241115170610.8,1019.24600042403,39.077,22.23,17.952,15.981,10.402,10.36
20241115170611.2,1019.71099488437,39.093,22.245,17.948,15.997,10.382,10.354
20241115170611.7,1020.18399573863,39.129,22.247,17.981,15.999,10.366,10.347
20241115170612.2,1020.65300345421,39.18,22.249,17.95,16.009,10.382,10.358
20241115170612.7,1021.12499848008,39.234,22.275,17.972,16.005,10.394,10.36
20241115170613.1,1021.60999886692,39.283,22.318,17.975,16.017,10.376,10.36
20241115170613.6,1022.07800075412,39.337,22.324,18.009,16.025,10.374,10.366
20241115170614.1,1022.55100160837,39.379,22.345,18.005,16.039,10.374,10.376
20241115170614.6,1023.03499616683,39.434,22.367,18.025,16.049,10.38,10.37
20241115170615,1023.51600341499,39.521,22.398,18.031,16.037,10.376,10.372
20241115170615.5,1023.99999797344,39.631,22.426,18.051,16.049,10.392,10.358
20241115170616,1024.46500249207,39.734,22.463,18.073,16.053,10.382,10.366
20241115170616.5,1024.93800334632,39.797,22.473,18.071,16.088,10.394,10.36
20241115170616.9,1025.4099983722,39.817,22.463,18.08,16.063,10.382,10.352
20241115170617.4,1025.88299922645,39.801,22.463,18.084,16.078,10.392,10.356
20241115170617.9,1026.34800374508,39.819,22.475,18.069,16.067,10.386,10.364
20241115170618.3,1026.81700140238,39.846,22.463,18.065,16.082,10.392,10.366
20241115170618.8,1027.28500328958,39.85,22.467,18.073,16.074,10.378,10.331
20241115170619.3,1027.77000367641,39.884,22.457,18.055,16.06,10.374,10.347
20241115170619.8,1028.23900133371,39.917,22.471,18.049,16.07,10.38,10.339
20241115170620.2,1028.70700322092,39.975,22.488,18.047,16.068,10.392,10.347
20241115170620.7,1029.17600087821,40.01,22.471,18.066,16.051,10.392,10.368
20241115170621.2,1029.64099533856,40.059,22.482,18.068,16.041,10.376,10.36
20241115170621.6,1030.11000305414,40.092,22.486,18.072,16.082,10.38,10.358
20241115170622.1,1030.57800494134,40.161,22.504,18.07,16.066,10.362,10.354
20241115170622.6,1031.04700259864,40.202,22.535,18.08,16.057,10.402,10.358
20241115170623,1031.51199705899,40.246,22.537,18.102,16.078,10.372,10.339
20241115170623.5,1031.98100477457,40.266,22.545,18.096,16.076,10.38,10.349
20241115170624,1032.44899660349,40.233,22.518,18.102,16.074,10.366,10.37
20241115170624.4,1032.91800431907,40.235,22.518,18.086,16.043,10.372,10.349
20241115170624.9,1033.38299877942,40.243,22.494,18.066,16.057,10.4,10.351
20241115170625.4,1033.85599963367,40.221,22.514,18.058,16.052,10.372,10.355
20241115170625.9,1034.32800471783,40.223,22.488,18.086,16.043,10.353,10.364
20241115170626.3,1034.80900190771,40.262,22.506,18.076,16.06,10.374,10.351
20241115170626.8,1035.29299646616,40.314,22.517,18.084,16.064,10.386,10.349
20241115170627.3,1035.76200418174,40.343,22.519,18.086,16.054,10.353,10.345
20241115170627.8,1036.23100183904,40.368,22.525,18.09,16.066,10.37,10.333
20241115170628.2,1036.70700006187,40.405,22.56,18.12,16.076,10.372,10.355
20241115170628.7,1037.1920004487,40.409,22.57,18.112,16.05,10.398,10.345
20241115170629.2,1037.66000233591,40.442,22.551,18.098,16.068,10.368,10.355
20241115170629.7,1038.13699632883,40.49,22.547,18.106,16.062,10.355,10.331
20241115170630.1,1038.60999718308,40.57,22.574,18.112,16.08,10.402,10.341
20241115170630.6,1039.07399587333,40.603,22.572,18.12,16.07,10.376,10.351
20241115170631.1,1039.53900039196,40.597,22.578,18.112,16.076,10.374,10.353
20241115170631.6,1040.02400077879,40.63,22.604,18.11,16.074,10.378,10.357
20241115170632,1040.50799533725,40.692,22.598,18.128,16.07,10.38,10.333
20241115170632.5,1040.97700305283,40.697,22.607,18.114,16.08,10.386,10.351
20241115170633,1041.46099761128,40.703,22.586,18.116,16.066,10.372,10.362
20241115170633.5,1041.92999526858,40.695,22.59,18.132,16.074,10.364,10.349
20241115170633.9,1042.39900298417,40.798,22.609,18.144,16.092,10.366,10.339
20241115170634.4,1042.86699481308,40.87,22.635,18.146,16.08,10.38,10.335
20241115170634.9,1043.33600252867,40.881,22.633,18.136,16.072,10.364,10.327
20241115170635.3,1043.80500018597,40.864,22.629,18.13,16.082,10.372,10.341
20241115170635.8,1044.2890048027,40.85,22.621,18.136,16.07,10.376,10.351
20241115170636.3,1044.75399926305,40.94,22.651,18.122,16.086,10.384,10.368
20241115170636.8,1045.2270001173,40.918,22.635,18.142,16.08,10.378,10.37
20241115170637.2,1045.69899514318,40.972,22.613,18.128,16.09,10.404,10.356
20241115170637.7,1046.17599919438,41.031,22.639,18.15,16.096,10.378,10.368
20241115170638.2,1046.65300324559,41.081,22.674,18.165,16.12,10.376,10.368
20241115170638.7,1047.12099507451,41.176,22.708,18.175,16.136,10.4,10.362
20241115170639.1,1047.60599546134,41.282,22.743,18.177,16.108,10.388,10.355
20241115170639.6,1048.10600280762,41.383,22.766,18.209,16.132,10.378,10.357
20241115170640.1,1048.59400056303,41.451,22.799,18.213,16.149,10.376,10.335
20241115170640.6,1049.06299822032,41.505,22.809,18.233,16.163,10.392,10.343
20241115170641.1,1049.53500330448,41.586,22.862,18.241,16.155,10.378,10.335
20241115170641.5,1050.00400096178,41.631,22.864,18.233,16.175,10.388,10.347
20241115170642,1050.47299861908,41.696,22.864,18.247,16.159,10.362,10.357
20241115170642.5,1050.94199627638,41.778,22.87,18.252,16.159,10.36,10.355
20241115170642.9,1051.40999816358,41.863,22.921,18.272,16.161,10.378,10.337
20241115170643.4,1051.89499855042,41.923,22.905,18.28,16.189,10.37,10.335
20241115170643.9,1052.36399620771,41.954,22.901,18.298,16.167,10.374,10.364
20241115170644.4,1052.83600129187,41.977,22.899,18.27,16.183,10.386,10.357
20241115170644.8,1053.30900214612,42.002,22.901,18.274,16.177,10.386,10.339
20241115170645.3,1053.79299670458,41.994,22.899,18.296,16.175,10.374,10.347
20241115170645.8,1054.27400395274,42.01,22.909,18.264,16.171,10.388,10.38
20241115170646.3,1054.74199578166,41.996,22.884,18.274,16.146,10.384,10.353
20241115170646.7,1055.21100349724,41.95,22.839,18.256,16.128,10.362,10.353
20241115170647.2,1055.68000115454,41.931,22.827,18.264,16.13,10.368,10.372
20241115170647.7,1056.14499561489,41.969,22.815,18.251,16.124,10.382,10.341
20241115170648.1,1056.61700069904,42.031,22.85,18.249,16.142,10.386,10.353
20241115170648.6,1057.08599835634,42.084,22.866,18.251,16.155,10.374,10.366
20241115170649.1,1057.60199837387,42.126,22.88,18.258,16.138,10.374,10.362
20241115170649.6,1058.07099603117,42.157,22.874,18.251,16.134,10.36,10.362
20241115170650.1,1058.53899791837,42.14,22.852,18.252,16.144,10.374,10.36
20241115170650.5,1059.00799557567,42.169,22.862,18.254,16.144,10.38,10.355
20241115170651,1059.50800292194,42.182,22.837,18.252,16.126,10.355,10.357
20241115170651.5,1059.99199748039,42.231,22.878,18.227,16.124,10.364,10.366
20241115170652,1060.47300472856,42.287,22.85,18.243,16.157,10.396,10.355
20241115170652.5,1060.97699515522,42.252,22.819,18.239,16.126,10.372,10.347
20241115170653,1061.44199967384,42.266,22.821,18.225,16.116,10.396,10.345
20241115170653.4,1061.91000156105,42.291,22.807,18.239,16.122,10.39,10.355
20241115170653.9,1062.39099875093,42.312,22.794,18.231,16.128,10.384,10.364
20241115170654.4,1062.87500336766,42.353,22.833,18.231,16.122,10.384,10.355
20241115170654.9,1063.35600055754,42.465,22.872,18.245,16.138,10.366,10.345
20241115170655.4,1063.82400244474,42.554,22.888,18.252,16.14,10.382,10.355
20241115170655.8,1064.29300010204,42.577,22.868,18.254,16.106,10.38,10.37
20241115170656.3,1064.77399729192,42.616,22.893,18.256,16.148,10.384,10.351
20241115170656.8,1065.24199917912,42.624,22.874,18.241,16.122,10.392,10.36
20241115170657.2,1065.70700369775,42.614,22.841,18.256,16.118,10.398,10.366
20241115170657.7,1066.19200408459,42.655,22.821,18.235,16.116,10.374,10.353
20241115170658.2,1066.65999591351,42.575,22.788,18.201,16.11,10.382,10.333
20241115170658.7,1067.13299676776,42.477,22.739,18.183,16.106,10.376,10.357
20241115170659.1,1067.60599762201,42.449,22.707,18.177,16.08,10.402,10.355
20241115170659.6,1068.07399950922,42.531,22.75,18.203,16.096,10.382,10.343
20241115170700.1,1068.54299716651,42.597,22.752,18.205,16.096,10.372,10.355
20241115170700.5,1069.00800168514,42.705,22.794,18.221,16.114,10.388,10.36
20241115170701,1069.48499567807,42.771,22.817,18.227,16.12,10.362,10.37
20241115170701.5,1069.97300349176,42.914,22.878,18.251,16.128,10.382,10.368
20241115170702,1070.46100124717,43.106,22.915,18.252,16.148,10.394,10.351
20241115170702.5,1070.93400210142,43.235,22.972,18.29,16.155,10.382,10.349
20241115170702.9,1071.40299975872,43.35,23.001,18.29,16.169,10.374,10.362
20241115170703.4,1071.87100164592,43.458,23.021,18.332,16.183,10.366,10.366
20241115170703.9,1072.33999930322,43.582,23.072,18.34,16.201,10.38,10.353
20241115170704.3,1072.80899696052,43.665,23.101,18.35,16.195,10.362,10.364
20241115170704.8,1073.2889983803,43.785,23.128,18.375,16.225,10.388,10.374
20241115170705.3,1073.7579960376,43.855,23.164,18.405,16.231,10.396,10.339
20241115170705.8,1074.23099689186,43.987,23.197,18.417,16.243,10.374,10.349
20241115170706.2,1074.70300197601,44.11,23.221,18.427,16.254,10.392,10.357
20241115170706.7,1075.17199963331,44.258,23.273,18.458,16.276,10.394,10.355
20241115170707.2,1075.64099729061,44.393,23.318,18.454,16.278,10.394,10.372
20241115170707.7,1076.12099871039,44.501,23.35,18.498,16.29,10.408,10.353
20241115170708.1,1076.60199590027,44.606,23.375,18.508,16.298,10.374,10.353
20241115170708.6,1077.09000371397,44.681,23.379,18.506,16.304,10.384,10.37
20241115170709.1,1077.55900137126,44.771,23.399,18.49,16.302,10.386,10.353
20241115170709.6,1078.02799902856,44.894,23.424,18.52,16.318,10.39,10.372
20241115170710,1078.50000411272,45.022,23.448,18.518,16.316,10.386,10.357
20241115170710.5,1078.96900177002,45.146,23.465,18.536,16.32,10.374,10.355
20241115170711,1079.43799942732,45.26,23.479,18.559,16.312,10.372,10.376
20241115170711.4,1079.90699708462,45.342,23.508,18.553,16.344,10.384,10.382
20241115170711.9,1080.37099577487,45.464,23.516,18.561,16.346,10.376,10.366
20241115170712.4,1080.84000349045,45.558,23.55,18.557,16.355,10.39,10.368
20241115170712.8,1081.31699748337,45.653,23.581,18.575,16.367,10.39,10.347
20241115170713.3,1081.79699890316,45.781,23.608,18.597,16.359,10.384,10.353
20241115170713.8,1082.26599656045,45.889,23.636,18.619,16.379,10.4,10.366
20241115170714.3,1082.75000117719,46.017,23.649,18.645,16.383,10.38,10.362
20241115170714.8,1083.21899883449,46.168,23.714,18.645,16.389,10.37,10.372
20241115170715.2,1083.68799649179,46.277,23.732,18.66,16.393,10.402,10.366
20241115170715.7,1084.15300101042,46.339,23.738,18.654,16.425,10.376,10.368
20241115170716.2,1084.62499603629,46.464,23.747,18.67,16.407,10.392,10.372
20241115170716.6,1085.09799689054,46.548,23.765,18.7,16.425,10.378,10.355
20241115170717.1,1085.56700460613,46.66,23.781,18.718,16.427,10.386,10.364
20241115170717.6,1086.03499643505,46.825,23.822,18.722,16.448,10.37,10.372
20241115170718,1086.51600368321,47.001,23.879,18.738,16.443,10.378,10.37
20241115170718.5,1086.98500134051,47.123,23.877,18.72,16.452,10.39,10.376
20241115170719,1087.46500276029,47.219,23.894,18.746,16.462,10.382,10.366
20241115170719.5,1087.94199675322,47.289,23.91,18.763,16.452,10.38,10.357
20241115170720,1088.421998173,47.351,23.924,18.748,16.466,10.398,10.366
20241115170720.4,1088.90299536288,47.363,23.902,18.757,16.452,10.386,10.366
20241115170720.9,1089.38699997962,47.436,23.904,18.773,16.478,10.402,10.351
20241115170721.4,1089.85599763691,47.514,23.904,18.777,16.476,10.396,10.353
20241115170721.9,1090.32399952412,47.547,23.918,18.773,16.48,10.396,10.364
20241115170722.3,1090.78900404274,47.607,23.939,18.773,16.456,10.38,10.357
20241115170722.8,1091.27400442958,47.729,23.951,18.793,16.478,10.384,10.36
20241115170723.3,1091.73899888992,47.889,24,18.817,16.494,10.396,10.36
20241115170723.7,1092.20700077713,48.033,24.037,18.817,16.506,10.4,10.368
20241115170724.2,1092.67599843442,48.125,24.063,18.809,16.502,10.386,10.355
20241115170724.7,1093.14499609172,48.221,24.063,18.835,16.498,10.374,10.362
20241115170725.2,1093.62499751151,48.284,24.045,18.86,16.502,10.384,10.366
20241115170725.6,1094.09399516881,48.447,24.086,18.87,16.508,10.392,10.364
20241115170726.1,1094.55899968743,48.572,24.155,18.9,16.532,10.378,10.374
20241115170726.6,1095.06300017238,48.723,24.206,18.908,16.569,10.372,10.376
20241115170727.1,1095.53199782968,48.84,24.239,18.924,16.559,10.398,10.37
20241115170727.6,1096.03199511766,49.044,24.268,18.938,16.561,10.386,10.368
20241115170728,1096.51199653745,49.186,24.284,18.961,16.567,10.4,10.357
20241115170728.5,1096.98100425303,49.304,24.323,18.963,16.601,10.392,10.364
20241115170729,1097.44899608195,49.42,24.349,18.965,16.599,10.398,10.366
20241115170729.4,1097.91800379753,49.556,24.351,18.985,16.599,10.382,10.382
20241115170729.9,1098.38299825788,49.629,24.368,18.987,16.609,10.39,10.366
20241115170730.4,1098.85199591517,49.709,24.372,18.999,16.603,10.388,10.368
20241115170730.9,1099.33600053191,49.799,24.38,19.009,16.609,10.396,10.362
20241115170731.3,1099.80499818921,49.891,24.382,18.999,16.633,10.366,10.374
20241115170731.8,1100.27399584651,49.97,24.409,19.009,16.613,10.39,10.376
20241115170732.3,1100.75399726629,50.051,24.417,19.017,16.627,10.398,10.368
20241115170732.7,1101.21499858797,50.166,24.423,19.013,16.635,10.378,10.368
20241115170733.2,1101.68399624527,50.265,24.435,19.035,16.631,10.38,10.364
20241115170733.7,1102.15300396085,50.336,24.454,19.053,16.645,10.384,10.376
20241115170734.2,1102.62499898672,50.419,24.46,19.051,16.629,10.416,10.38
20241115170734.6,1103.09000350535,50.551,24.476,19.043,16.664,10.39,10.362
20241115170735.1,1103.5630043596,50.678,24.505,19.064,16.66,10.38,10.357
20241115170735.6,1104.0320020169,50.749,24.519,19.074,16.658,10.404,10.38
20241115170736,1104.50800023973,50.933,24.515,19.09,16.664,10.398,10.353
20241115170736.5,1104.99200485647,51.109,24.523,19.094,16.67,10.378,10.374
20241115170737,1105.46100251377,51.226,24.558,19.106,16.674,10.38,10.382
20241115170737.5,1105.93000017107,51.366,24.603,19.106,16.668,10.392,10.37
20241115170737.9,1106.41000159085,51.545,24.611,19.122,16.688,10.39,10.357
20241115170738.4,1106.87499605119,51.7,24.629,19.126,16.686,10.39,10.362
20241115170738.9,1107.37500339746,51.881,24.65,19.134,16.686,10.388,10.372
20241115170739.4,1107.8600037843,51.994,24.646,19.126,16.68,10.388,10.366
20241115170739.9,1108.3399951458,52.153,24.644,19.13,16.696,10.398,10.368
20241115170740.4,1108.82399976254,52.281,24.641,19.13,16.68,10.402,10.368
20241115170740.8,1109.29299741983,52.406,24.65,19.132,16.696,10.396,10.39
20241115170741.3,1109.76199507713,52.479,24.654,19.144,16.696,10.382,10.36
20241115170741.8,1110.23899912834,52.588,24.641,19.134,16.68,10.39,10.368
20241115170742.3,1110.72300374508,52.657,24.662,19.128,16.68,10.41,10.382
20241115170742.7,1111.19600459933,52.744,24.633,19.126,16.668,10.378,10.372
20241115170743.2,1111.67999915779,52.867,24.621,19.11,16.682,10.414,10.386
20241115170743.7,1112.14899681509,52.934,24.621,19.11,16.676,10.412,10.339
20241115170744.2,1112.62100189924,53.012,24.623,19.108,16.672,10.398,10.406
20241115170744.6,1113.10600228608,53.093,24.619,19.112,16.658,10.396,10.386
20241115170745.1,1113.58600370586,53.195,24.639,19.124,16.65,10.386,10.364
20241115170745.6,1114.05900456011,53.292,24.625,19.126,16.666,10.396,10.37
20241115170746.1,1114.55499865115,53.434,24.631,19.134,16.686,10.396,10.364
20241115170746.6,1115.02399630845,53.507,24.648,19.15,16.666,10.422,10.366
20241115170747,1115.50399772823,53.567,24.617,19.098,16.666,10.384,10.38
20241115170747.5,1115.98500497639,53.626,24.592,19.1,16.676,10.388,10.372
20241115170748,1116.45700000226,53.678,24.576,19.132,16.686,10.4,10.364
20241115170748.5,1116.93000085652,53.776,24.59,19.106,16.658,10.414,10.384
20241115170748.9,1117.39899851382,53.893,24.597,19.116,16.664,10.4,10.376
20241115170749.4,1117.86400303245,53.968,24.58,19.098,16.67,10.398,10.368
20241115170749.9,1118.3479975909,54.081,24.564,19.102,16.67,10.404,10.37
20241115170750.3,1118.8169952482,54.159,24.57,19.094,16.647,10.396,10.368
20241115170750.8,1119.28900033236,54.273,24.568,19.078,16.66,10.392,10.364
20241115170751.3,1119.76600438356,54.388,24.556,19.088,16.668,10.396,10.378
20241115170751.8,1120.23099884391,54.53,24.586,19.096,16.676,10.398,10.368
20241115170752.3,1120.71899659932,54.712,24.611,19.104,16.668,10.392,10.386
20241115170752.7,1121.20300121605,54.846,24.627,19.128,16.652,10.398,10.386
20241115170753.2,1121.67600207031,55.015,24.625,19.128,16.67,10.396,10.376
20241115170753.7,1122.15299606323,55.207,24.67,19.146,16.704,10.394,10.357
20241115170754.2,1122.62500114739,55.429,24.697,19.163,16.724,10.418,10.37
20241115170754.6,1123.09399880469,55.64,24.721,19.167,16.704,10.382,10.378
20241115170755.1,1123.56699965894,55.842,24.774,19.159,16.74,10.4,10.37
20241115170755.6,1124.0390047431,56.076,24.809,19.203,16.753,10.408,10.386
20241115170756,1124.5080024004,56.3,24.821,19.219,16.734,10.402,10.372
20241115170756.5,1124.9770000577,56.49,24.862,19.229,16.74,10.392,10.386
20241115170757,1125.445997715,56.718,24.909,19.235,16.755,10.398,10.362
20241115170757.4,1125.9139996022,56.929,24.893,19.252,16.773,10.388,10.384
20241115170757.9,1126.3829972595,57.156,24.928,19.28,16.765,10.406,10.38
20241115170758.4,1126.85599811375,57.407,24.964,19.282,16.785,10.402,10.368
20241115170758.9,1127.35200226307,57.595,24.985,19.294,16.797,10.42,10.37
20241115170759.4,1127.83200368285,57.71,24.981,19.256,16.781,10.39,10.353
20241115170759.9,1128.32099720836,57.836,24.95,19.27,16.777,10.404,10.37
20241115170800.3,1128.80099862814,58.019,24.952,19.278,16.767,10.388,10.372
20241115170800.8,1129.26999628544,58.147,24.934,19.268,16.738,10.386,10.365
20241115170801.3,1129.7420013696,58.222,24.917,19.268,16.769,10.41,10.368
20241115170801.7,1130.21099902689,58.375,24.932,19.26,16.738,10.394,10.382
20241115170802.2,1130.67999668419,58.527,24.905,19.268,16.755,10.398,10.378
20241115170802.7,1131.14900439978,58.661,24.913,19.284,16.755,10.422,10.357
20241115170803.2,1131.62099942565,58.889,24.909,19.29,16.765,10.39,10.382
20241115170803.6,1132.0940002799,59.135,24.954,19.302,16.795,10.396,10.374
20241115170804.1,1132.55900479853,59.382,24.966,19.32,16.807,10.402,10.384
20241115170804.6,1133.0319955945,59.653,25.032,19.343,16.801,10.408,10.368
20241115170805,1133.51199701428,59.931,25.058,19.353,16.795,10.396,10.384
20241115170805.5,1133.98100472987,60.238,25.124,19.371,16.827,10.404,10.361
20241115170806,1134.48100201786,60.531,25.124,19.397,16.823,10.402,10.359
20241115170806.5,1134.94900390506,60.783,25.154,19.397,16.827,10.408,10.382
20241115170807,1135.42200475931,61.07,25.181,19.401,16.854,10.372,10.359
20241115170807.4,1135.89100241661,61.352,25.189,19.425,16.872,10.39,10.368
20241115170807.9,1136.38699650764,61.636,25.23,19.425,16.866,10.386,10.372
20241115170808.4,1136.87100112438,61.913,25.265,19.45,16.878,10.39,10.368
20241115170808.9,1137.35600151122,62.241,25.269,19.46,16.884,10.404,10.363
20241115170809.4,1137.82400339842,62.518,25.297,19.456,16.884,10.41,10.368
20241115170809.9,1138.32400068641,62.822,25.33,19.496,16.924,10.396,10.357
20241115170810.3,1138.80900107324,63.125,25.363,19.498,16.914,10.39,10.37
20241115170810.8,1139.27399553359,63.438,25.392,19.5,16.938,10.402,10.361
20241115170811.3,1139.75800015032,63.734,25.414,19.532,16.926,10.406,10.38
20241115170811.8,1140.2389973402,64.009,25.453,19.538,16.941,10.406,10.388
20241115170812.3,1140.72300195694,64.318,25.471,19.575,16.948,10.408,10.37
20241115170812.7,1141.19199961424,64.633,25.494,19.563,16.963,10.41,10.378
20241115170813.2,1141.67600423098,64.961,25.534,19.573,16.971,10.394,10.366
20241115170813.7,1142.15999878943,65.276,25.541,19.579,16.979,10.408,10.398
20241115170814.2,1142.64099597931,65.57,25.545,19.579,16.983,10.404,10.376
20241115170814.6,1143.11000369489,65.904,25.569,19.599,16.983,10.418,10.378
20241115170815.1,1143.58199872077,66.272,25.59,19.625,16.989,10.406,10.39
20241115170815.6,1144.05099637806,66.602,25.61,19.623,16.991,10.424,10.386
20241115170816.1,1144.52399723232,66.973,25.618,19.619,17.009,10.414,10.382
20241115170816.5,1145.00800184906,67.352,25.679,19.637,16.993,10.404,10.37
20241115170817,1145.47699950635,67.715,25.684,19.653,17.047,10.4,10.394
20241115170817.5,1145.94599716365,68.068,25.71,19.672,17.037,10.414,10.386
20241115170818,1146.43000178039,68.465,25.737,19.674,17.011,10.41,10.372
20241115170818.4,1146.91000320017,68.872,25.761,19.682,17.033,10.412,10.39
20241115170818.9,1147.3869971931,69.198,25.743,19.694,17.035,10.414,10.376
20241115170819.4,1147.85600490868,69.557,25.751,19.692,17.05,10.404,10.38
20241115170819.9,1148.33999946713,69.868,25.749,19.694,17.043,10.406,10.372
20241115170820.3,1148.80899712443,70.152,25.741,19.686,17.035,10.424,10.386
20241115170820.8,1149.27800484002,70.442,25.728,19.688,17.033,10.412,10.4
20241115170821.3,1149.75799620152,70.807,25.714,19.704,17.041,10.414,10.384
20241115170821.8,1150.25800354779,71.213,25.735,19.682,17.056,10.4,10.374
20241115170822.3,1150.72700120509,71.626,25.765,19.688,17.049,10.404,10.376
20241115170822.7,1151.19599886239,72.015,25.804,19.7,17.068,10.41,10.388
20241115170823.2,1151.66400074959,72.444,25.773,19.724,17.039,10.41,10.392
20241115170823.7,1152.13299840689,72.866,25.798,19.714,17.047,10.404,10.37
20241115170824.2,1152.6209961623,73.234,25.806,19.724,17.043,10.424,10.396
20241115170824.6,1153.10599654913,73.637,25.808,19.712,17.066,10.42,10.394
20241115170825.1,1153.57399843633,74.043,25.804,19.734,17.066,10.416,10.366
20241115170825.6,1154.03900295496,74.407,25.814,19.7,17.058,10.414,10.38
20241115170826,1154.50800061226,74.854,25.816,19.722,17.054,10.41,10.388
20241115170826.5,1154.98100146651,75.307,25.816,19.706,17.062,10.414,10.384
20241115170827,1155.45299649239,75.752,25.8,19.708,17.06,10.414,10.388
20241115170827.5,1155.92599734664,76.11,25.808,19.686,17.035,10.43,10.392
20241115170827.9,1156.39500506222,76.482,25.773,19.682,17.035,10.418,10.38
20241115170828.4,1156.87499642372,76.885,25.745,19.676,17.027,10.402,10.392
20241115170828.9,1157.35600367188,77.34,25.7,19.653,17.021,10.408,10.392
20241115170829.4,1157.8239955008,77.75,25.665,19.647,16.987,10.408,10.372
20241115170829.9,1158.32400284708,78.16,25.626,19.615,16.983,10.404,10.38
20241115170830.3,1158.80900323391,78.66,25.626,19.617,16.973,10.394,10.39
20241115170830.8,1159.29299779236,79.213,25.645,19.651,16.989,10.41,10.37
20241115170831.3,1159.76599864662,79.677,25.634,19.601,16.985,10.406,10.382
20241115170831.8,1160.25000326335,80.152,25.577,19.603,16.969,10.396,10.38
20241115170832.3,1160.71900092065,80.653,25.592,19.599,16.987,10.39,10.4
20241115170832.7,1161.20299547911,81.296,25.596,19.611,16.979,10.424,10.392
20241115170833.2,1161.68400272727,81.973,25.624,19.641,16.995,10.406,10.414
20241115170833.7,1162.15300038457,82.711,25.692,19.645,17.001,10.422,10.418
20241115170834.2,1162.62100227177,83.409,25.747,19.654,16.995,10.414,10.398
20241115170834.6,1163.09400312603,84.097,25.794,19.674,17.035,10.424,10.386
20241115170835.1,1163.57099711895,84.826,25.824,19.698,17.037,10.412,10.416
20241115170835.6,1164.05500173569,85.596,25.863,19.712,17.05,10.416,10.384
20241115170836.1,1164.5429994911,86.432,25.919,19.732,17.068,10.402,10.366
20241115170836.5,1165.00800400972,87.25,25.994,19.769,17.11,10.4,10.384
20241115170837,1165.49199856818,88.038,26.035,19.795,17.112,10.41,10.384
20241115170837.5,1165.96099622548,88.884,26.104,19.821,17.112,10.418,10.386
20241115170838,1166.44599661231,89.733,26.194,19.843,17.126,10.412,10.4
20241115170838.5,1166.93000122905,90.594,26.225,19.874,17.153,10.402,10.4
20241115170838.9,1167.41000264883,91.322,26.25,19.894,17.151,10.41,10.388
20241115170839.4,1167.89500303566,92.036,26.252,19.884,17.148,10.424,10.4
20241115170839.9,1168.36400069296,92.776,26.254,19.868,17.169,10.396,10.392
20241115170840.4,1168.83599571884,93.533,26.256,19.882,17.148,10.406,10.39
20241115170840.9,1169.32099610567,94.444,26.266,19.882,17.148,10.408,10.39
20241115170841.3,1169.80500072241,95.342,26.266,19.898,17.15,10.406,10.382
20241115170841.8,1170.28899528086,96.287,26.258,19.884,17.153,10.41,10.392
20241115170842.3,1170.77000252903,97.129,26.317,19.93,17.151,10.402,10.4
20241115170842.8,1171.25399708748,98.083,26.348,19.944,17.187,10.412,10.39
20241115170843.3,1171.72300480306,99.059,26.386,19.954,17.197,10.402,10.376
20241115170843.7,1172.20699936152,100.055,26.415,19.971,17.213,10.422,10.386
20241115170844.2,1172.68799655139,101.046,26.433,19.989,17.225,10.4,10.378
20241115170844.7,1173.17200116813,102.123,26.478,19.981,17.229,10.412,10.388
20241115170845.2,1173.65299835801,103.202,26.484,20.015,17.258,10.424,10.392
20241115170845.7,1174.12500344217,104.189,26.538,20.017,17.243,10.416,10.388
20241115170846.1,1174.59400109947,105.243,26.568,20.039,17.254,10.416,10.38
20241115170846.6,1175.06299875677,106.314,26.595,20.062,17.272,10.418,10.398
20241115170847.1,1175.53199641407,107.414,26.617,20.092,17.294,10.404,10.384
20241115170847.5,1175.99999830127,108.524,26.652,20.096,17.3,10.424,10.39
20241115170848,1176.47299915552,109.682,26.699,20.142,17.318,10.394,10.388
20241115170848.5,1176.94199681282,110.792,26.707,20.13,17.324,10.41,10.368
20241115170848.9,1177.40999870002,111.904,26.742,20.159,17.332,10.406,10.392
20241115170849.4,1177.8909958899,113.064,26.762,20.144,17.336,10.404,10.38
20241115170849.9,1178.36000360548,114.097,26.754,20.157,17.351,10.408,10.396
20241115170850.4,1178.84399816394,115.337,26.781,20.177,17.348,10.398,10.392
20241115170850.8,1179.31699901819,116.59,26.789,20.15,17.342,10.42,10.39
20241115170851.3,1179.80100363493,117.946,26.785,20.183,17.361,10.402,10.398
20241115170851.8,1180.28499819338,119.519,26.793,20.179,17.361,10.418,10.382
20241115170852.3,1180.77400177717,120.767,26.789,20.173,17.348,10.406,10.382
20241115170852.8,1181.24599680305,121.902,26.775,20.185,17.359,10.396,10.388
20241115170853.3,1181.72700405121,123.169,26.746,20.167,17.359,10.414,10.392
20241115170853.7,1182.19600170851,124.387,26.734,20.152,17.349,10.414,10.404
20241115170854.2,1182.67199993134,125.599,26.715,20.165,17.34,10.406,10.396
20241115170854.7,1183.15700031817,126.922,26.695,20.144,17.349,10.422,10.398
20241115170855.2,1183.64100493491,128.366,26.668,20.136,17.316,10.4,10.376
20241115170855.6,1184.11000259221,129.627,26.648,20.124,17.33,10.416,10.402
20241115170856.1,1184.59399715066,130.964,26.621,20.116,17.302,10.398,10.398
20241115170856.6,1185.07399857044,132.42,26.636,20.12,17.324,10.422,10.406
20241115170857.1,1185.54299622774,133.864,26.648,20.126,17.312,10.424,10.378
20241115170857.6,1186.02799661458,135.37,26.677,20.142,17.348,10.406,10.4
20241115170858,1186.49599850178,136.771,26.695,20.169,17.34,10.41,10.39
20241115170858.5,1186.96499615908,138.141,26.732,20.169,17.344,10.418,10.4
20241115170859,1187.43799701333,139.659,26.785,20.205,17.365,10.412,10.398
20241115170859.4,1187.90300153196,141.131,26.832,20.203,17.383,10.396,10.402
20241115170859.9,1188.39099928737,142.754,26.846,20.219,17.371,10.398,10.386
20241115170900.4,1188.8750039041,144.327,26.885,20.252,17.379,10.408,10.378
20241115170900.9,1189.33999836445,145.846,26.922,20.282,17.407,10.41,10.394
20241115170901.3,1189.8129992187,147.459,26.985,20.274,17.417,10.414,10.382
20241115170901.8,1190.28500430286,149.147,26.987,20.296,17.429,10.41,10.4
20241115170902.3,1190.76600149274,150.662,27.006,20.3,17.442,10.414,10.39
20241115170902.8,1191.24600291252,152.341,27.004,20.306,17.425,10.412,10.388
20241115170903.3,1191.73100329936,154.036,27.018,20.308,17.423,10.414,10.4
20241115170903.7,1192.19899512827,155.752,27.028,20.306,17.435,10.398,10.404
20241115170904.2,1192.68399551511,157.587,27.053,20.314,17.456,10.41,10.382
20241115170904.7,1193.14900003374,159.397,27.059,20.336,17.448,10.394,10.388
20241115170905.2,1193.62099505961,161.222,27.085,20.34,17.474,10.398,10.404
20241115170905.6,1194.1099986434,163.034,27.098,20.338,17.472,10.4,10.384
20241115170906.1,1194.59000006318,164.893,27.136,20.367,17.462,10.402,10.386
20241115170906.6,1195.07400467992,166.804,27.138,20.345,17.492,10.414,10.38
20241115170907.1,1195.54300233722,168.745,27.153,20.383,17.488,10.416,10.396
20241115170907.5,1196.01199999452,170.622,27.169,20.405,17.472,10.396,10.39
20241115170908,1196.49600461125,172.543,27.171,20.369,17.484,10.404,10.388
20241115170908.5,1196.98100499809,174.495,27.173,20.383,17.478,10.396,10.384
20241115170909,1197.45300002396,176.159,27.179,20.393,17.49,10.398,10.363
20241115170909.5,1197.93399721384,177.981,27.196,20.375,17.482,10.416,10.388
20241115170909.9,1198.41399863362,179.889,27.198,20.395,17.492,10.412,10.376
20241115170910.4,1198.89100268483,181.737,27.222,20.399,17.492,10.404,10.39
20241115170910.9,1199.36700090766,183.792,27.249,20.413,17.512,10.406,10.386
20241115170911.4,1199.85200129449,185.778,27.286,20.429,17.508,10.414,10.398
20241115170911.8,1200.31699575484,187.91,27.331,20.444,17.534,10.416,10.38
20241115170912.3,1200.78499764204,189.913,27.328,20.46,17.538,10.412,10.404
20241115170912.8,1201.25399529934,191.836,27.347,20.444,17.541,10.406,10.386
20241115170913.3,1201.72699615359,193.925,27.351,20.472,17.532,10.404,10.386
20241115170913.7,1202.19600386918,196.084,27.347,20.456,17.547,10.416,10.394
20241115170914.2,1202.66799889505,198.208,27.369,20.47,17.539,10.408,10.398
20241115170914.7,1203.13699655235,200.353,27.347,20.464,17.545,10.39,10.382
20241115170915.1,1203.61400060356,202.785,27.396,20.464,17.502,10.41,10.398
20241115170915.6,1204.08200249076,204.786,27.367,20.45,17.52,10.394,10.406
20241115170916.1,1204.55500334501,207.004,27.377,20.468,17.506,10.418,10.374
20241115170916.6,1205.03899790347,209.36,27.404,20.478,17.528,10.414,10.396
20241115170917.1,1205.5239982903,211.634,27.412,20.478,17.532,10.414,10.398
20241115170917.5,1206.00399971008,213.875,27.418,20.504,17.547,10.41,10.378
20241115170918,1206.48900009692,216.204,27.441,20.494,17.53,10.404,10.398
20241115170918.5,1206.97699785233,218.508,27.459,20.492,17.534,10.402,10.388
20241115170919,1207.46100246906,220.939,27.482,20.502,17.553,10.422,10.414
20241115170919.5,1207.94199965894,223.209,27.506,20.52,17.547,10.398,10.39
20241115170920,1208.42600427568,225.397,27.51,20.514,17.538,10.404,10.404
20241115170920.4,1208.90999883413,227.741,27.525,20.536,17.579,10.406,10.396
20241115170920.9,1209.39499922097,230.133,27.551,20.547,17.567,10.406,10.392
20241115170921.4,1209.8790038377,232.503,27.563,20.547,17.581,10.42,10.402
20241115170921.9,1210.36400422454,234.901,27.57,20.536,17.575,10.4,10.382
20241115170922.4,1210.83599925041,237.202,27.555,20.555,17.579,10.402,10.396
20241115170922.8,1211.31300330162,239.647,27.578,20.542,17.565,10.406,10.382
20241115170923.3,1211.78499832749,241.989,27.574,20.545,17.547,10.424,10.39
20241115170923.8,1212.26999871433,244.325,27.525,20.535,17.535,10.398,10.374
20241115170924.3,1212.73899637163,246.539,27.519,20.537,17.551,10.412,10.382
20241115170924.8,1213.22700418532,248.75,27.504,20.508,17.543,10.394,10.38
20241115170925.2,1213.69600184262,250.902,27.508,20.512,17.535,10.402,10.388
20241115170925.7,1214.17200006545,253.236,27.486,20.504,17.526,10.392,10.386
20241115170926.2,1214.6450009197,255.653,27.488,20.5,17.518,10.38,10.384
20241115170926.7,1215.12500233948,257.936,27.488,20.524,17.539,10.412,10.394
20241115170927.1,1215.59800319374,260.051,27.465,20.492,17.528,10.384,10.394
20241115170927.6,1216.07800461352,262.192,27.441,20.502,17.526,10.408,10.402
20241115170928.1,1216.56299494207,264.53,27.474,20.494,17.545,10.416,10.384
20241115170928.6,1217.04699955881,266.733,27.49,20.508,17.541,10.406,10.398
20241115170929.1,1217.53199994564,268.933,27.486,20.496,17.541,10.42,10.394
20241115170929.5,1218.01200136542,271.102,27.498,20.524,17.541,10.45,10.398
20241115170930,1218.49599592388,273.521,27.521,20.516,17.543,10.39,10.367
20241115170930.5,1218.96500363946,275.822,27.543,20.532,17.551,10.404,10.388
20241115170931,1219.44899819791,278.129,27.527,20.545,17.559,10.388,10.371
20241115170931.5,1219.92600224912,280.451,27.574,20.549,17.539,10.392,10.386
20241115170931.9,1220.40299624205,282.452,27.611,20.541,17.551,10.386,10.396
20241115170932.4,1220.89100405574,284.555,27.617,20.541,17.565,10.398,10.394
20241115170932.9,1221.36000171304,286.928,27.582,20.541,17.555,10.41,10.384
20241115170933.4,1221.84399627149,289.315,27.572,20.545,17.545,10.412,10.384
20241115170933.9,1222.32800088823,291.392,27.582,20.555,17.528,10.388,10.402
20241115170934.3,1222.81300127506,293.707,27.578,20.532,17.538,10.396,10.398
20241115170934.8,1223.28499630094,295.717,27.586,20.51,17.536,10.394,10.37
20241115170935.3,1223.7660035491,297.964,27.574,20.547,17.545,10.388,10.372
20241115170935.8,1224.2459949106,300.24,27.602,20.54,17.534,10.406,10.376
20241115170936.3,1224.73099529743,302.404,27.604,20.538,17.545,10.404,10.388
20241115170936.7,1225.21499991417,304.328,27.617,20.551,17.555,10.41,10.386
20241115170937.2,1225.69900453091,306.648,27.621,20.561,17.559,10.402,10.378
20241115170937.7,1226.18000172079,308.958,27.647,20.567,17.559,10.398,10.4
20241115170938.2,1226.66399627924,310.997,27.651,20.577,17.569,10.398,10.384
20241115170938.7,1227.16400362551,313.118,27.68,20.579,17.534,10.394,10.396
20241115170939.2,1227.6640009135,315.258,27.68,20.567,17.557,10.4,10.388
20241115170939.7,1228.12899537385,317.333,27.69,20.567,17.575,10.376,10.388
20241115170940.1,1228.61399576068,319.362,27.723,20.595,17.575,10.402,10.392
20241115170940.6,1229.09399718046,321.231,27.772,20.609,17.603,10.412,10.392
20241115170941.1,1229.56699803472,323.133,27.8,20.646,17.601,10.398,10.376
20241115170941.6,1230.0469994545,325.054,27.829,20.641,17.605,10.4,10.382
20241115170942.1,1230.53199984133,327.224,27.856,20.666,17.609,10.412,10.361
20241115170942.5,1231.00399486721,329.379,27.888,20.682,17.613,10.4,10.41
20241115170943,1231.47699572146,331.111,27.907,20.668,17.648,10.396,10.386
20241115170943.5,1231.9610003382,332.817,27.927,20.688,17.642,10.386,10.357
20241115170944,1232.4299979955,334.631,27.952,20.71,17.633,10.384,10.392
20241115170944.4,1232.91400261223,336.267,27.993,20.71,17.67,10.398,10.398
20241115170944.9,1233.39900299907,338.109,28.017,20.71,17.67,10.402,10.386
20241115170945.4,1233.87099802494,339.959,28.033,20.724,17.666,10.398,10.384
20241115170945.9,1234.35199521482,341.553,28.048,20.732,17.65,10.408,10.386
20241115170946.4,1234.8210029304,343.396,28.048,20.712,17.656,10.404,10.376
20241115170946.8,1235.30499748886,344.991,28.058,20.728,17.644,10.39,10.386
20241115170947.3,1235.78499890864,346.676,28.056,20.74,17.65,10.39,10.4
20241115170947.8,1236.25799976289,348.348,28.054,20.734,17.678,10.39,10.386
20241115170948.3,1236.74200437963,349.78,28.042,20.742,17.65,10.398,10.368
20241115170948.8,1237.22300156951,350.647,28.033,20.749,17.654,10.386,10.378
20241115170949.2,1237.70699612796,351.844,28.072,20.726,17.662,10.394,10.376
20241115170949.7,1238.1919965148,353.323,28.121,20.767,17.672,10.386,10.351
20241115170950.2,1238.66400159895,355.17,28.144,20.785,17.68,10.388,10.368
20241115170950.7,1239.14900198579,356.773,28.223,20.795,17.7,10.368,10.382
20241115170951.2,1239.62900340557,357.831,28.246,20.823,17.724,10.404,10.41
20241115170951.6,1240.10200425982,359.807,28.289,20.831,17.728,10.386,10.388
20241115170952.1,1240.59000201523,361.572,28.317,20.848,17.72,10.4,10.384
20241115170952.6,1241.07099920511,363.585,28.323,20.845,17.739,10.384,10.396
20241115170953.1,1241.53900109231,364.485,28.37,20.878,17.741,10.386,10.368
20241115170953.5,1242.01200194657,365.409,28.407,20.87,17.761,10.406,10.378
20241115170954,1242.48099960387,366.269,28.434,20.922,17.785,10.402,10.384
20241115170954.5,1242.94900149107,367.384,28.471,20.92,17.761,10.384,10.382
20241115170955,1243.42999868095,368.991,28.483,20.918,17.775,10.394,10.38
20241115170955.4,1243.91400329769,369.983,28.479,20.953,17.811,10.388,10.39
20241115170955.9,1244.39900368452,371.065,28.524,20.955,17.799,10.394,10.376
20241115170956.4,1244.87899504602,372.276,28.503,20.959,17.803,10.378,10.37
20241115170956.9,1245.35199590027,372.423,28.532,20.957,17.795,10.396,10.361
20241115170957.4,1245.83199732006,372.297,28.558,20.961,17.807,10.388,10.38
20241115170957.8,1246.31300456822,373.912,28.575,20.959,17.787,10.402,10.386
20241115170958.3,1246.78499959409,374.506,28.579,20.981,17.795,10.372,10.376
20241115170958.8,1247.27400317788,375.485,28.622,21.001,17.815,10.39,10.368
20241115170959.3,1247.75400459766,375.068,28.65,21.015,17.811,10.394,10.378
20241115170959.8,1248.2390049845,374.929,28.693,21.025,17.844,10.382,10.382
20241115171000.3,1248.72299954295,374.174,28.718,21.054,17.856,10.394,10.374
20241115171000.7,1249.20700415969,374.8,28.746,21.056,17.866,10.412,10.376
20241115171001.2,1249.69599768519,374.929,28.746,21.052,17.872,10.386,10.378
20241115171001.7,1250.1639995724,375.434,28.779,21.062,17.87,10.392,10.368
20241115171002.2,1250.6410036236,376.404,28.769,21.066,17.858,10.4,10.39
20241115171002.6,1251.1100012809,376.529,28.775,21.084,17.872,10.398,10.394
20241115171003.1,1251.59399583936,377.116,28.822,21.09,17.878,10.382,10.398
20241115171003.6,1252.06699669361,377.267,28.84,21.098,17.884,10.384,10.38
20241115171004.1,1252.56300084293,377.906,28.873,21.102,17.88,10.402,10.382
20241115171004.6,1253.03199850023,377.723,28.857,21.1,17.858,10.41,10.386
20241115171005,1253.51600311697,378.216,28.869,21.11,17.862,10.406,10.382
20241115171005.5,1253.98500077426,378.04,28.871,21.11,17.876,10.404,10.384
20241115171006,1254.46899533272,378.012,28.914,21.106,17.86,10.388,10.37
20241115171006.5,1254.95299994946,377.827,28.941,21.108,17.866,10.384,10.365
20241115171007,1255.42199760675,378.102,28.965,21.149,17.894,10.394,10.384
20241115171007.4,1255.90699799359,377.874,28.99,21.145,17.882,10.392,10.39
20241115171007.9,1256.37499988079,378.314,29.006,21.155,17.902,10.392,10.361
20241115171008.4,1256.86000026762,378.748,29.02,21.177,17.906,10.398,10.368
20241115171008.9,1257.34000168741,379.87,29.026,21.165,17.902,10.396,10.386
20241115171009.3,1257.81300254166,381.321,29.043,21.173,17.904,10.39,10.38
20241115171009.8,1258.28499756753,382.233,29.047,21.195,17.918,10.4,10.365
20241115171010.3,1258.75799842179,384.412,29.084,21.201,17.945,10.412,10.37
20241115171010.8,1259.24200303853,389.631,29.129,21.221,17.941,10.365,10.382
20241115171011.3,1259.72700342536,407.335,29.18,21.229,17.965,10.396,10.376
20241115171011.7,1260.19600108266,425.749,29.231,21.266,17.967,10.388,10.382
20241115171012.2,1260.67999564111,297.045,29.27,21.27,17.975,10.402,10.359
20241115171012.7,1261.1680034548,205.068,29.298,21.278,17.987,10.4,10.374
20241115171013.2,1261.65300384164,150.222,29.28,21.3,17.979,10.4,10.359
20241115171013.7,1262.12499886751,114.819,29.288,21.304,17.999,10.39,10.355
20241115171014.1,1262.60599605739,90.138,29.312,21.296,18.007,10.402,10.376
20241115171014.6,1263.09000067413,72.618,29.314,21.312,17.995,10.392,10.368
20241115171015.1,1263.57099786401,60.15,29.361,21.306,17.993,10.4,10.376
20241115171015.6,1264.070995152,50.63,29.406,21.32,18.005,10.404,10.384
20241115171016.1,1264.55099657178,43.764,29.443,21.334,18.017,10.384,10.365
20241115171016.6,1265.03500118852,38.231,29.474,21.351,18.007,10.392,10.372
20241115171017.1,1265.52000157535,33.805,29.49,21.353,18.017,10.392,10.382
20241115171017.5,1266.00000299513,30.391,29.498,21.357,18.048,10.394,10.359
20241115171018,1266.47699698806,27.851,29.488,21.34,18.015,10.392,10.37
20241115171018.5,1266.94600470364,25.927,29.478,21.359,18.009,10.384,10.353
20241115171018.9,1267.41799972951,24.331,29.474,21.359,18.021,10.392,10.378
20241115171019.4,1267.90300011635,22.956,29.484,21.363,18.011,10.388,10.398
20241115171019.9,1268.39900426567,21.652,29.502,21.381,18.042,10.388,10.378
20241115171020.4,1268.89099515975,20.724,29.517,21.377,18.027,10.386,10.359
20241115171020.9,1269.37499977648,20.036,29.527,21.391,18.017,10.365,10.365
20241115171021.4,1269.84399743378,19.559,29.533,21.409,18.038,10.388,10.371
20241115171021.8,1270.31699828804,19.185,29.592,21.415,18.054,10.4,10.367
20241115171022.3,1270.80100290477,18.86,29.625,21.436,18.068,10.382,10.388
20241115171022.8,1271.28900066018,18.609,29.65,21.438,18.078,10.38,10.367
20241115171023.3,1271.77400104702,18.397,29.652,21.468,18.096,10.396,10.371
20241115171023.8,1272.25799560547,18.227,29.686,21.492,18.1,10.39,10.363
20241115171024.3,1272.74200022221,18.112,29.717,21.492,18.088,10.388,10.365
20241115171024.7,1273.21500107646,18.027,29.74,21.516,18.098,10.38,10.371
20241115171025.2,1273.69599826634,17.933,29.76,21.516,18.112,10.386,10.382
20241115171025.7,1274.18000288308,17.844,29.811,21.54,18.12,10.394,10.384
20241115171026.2,1274.66399744153,17.745,29.831,21.538,18.134,10.398,10.378
20241115171026.7,1275.14899782836,17.672,29.834,21.534,18.155,10.396,10.382
20241115171027.2,1275.62899924815,17.623,29.854,21.541,18.151,10.386,10.384
20241115171027.6,1276.11699700356,17.563,29.852,21.543,18.127,10.392,10.378
20241115171028.1,1276.59800425172,17.526,29.832,21.537,18.145,10.398,10.359
20241115171028.6,1277.08199881017,17.504,29.846,21.549,18.135,10.394,10.363
20241115171029.1,1277.58199609816,17.456,29.848,21.549,18.153,10.4,10.371
20241115171029.6,1278.07800024748,17.438,29.878,21.563,18.149,10.398,10.359
20241115171030.1,1278.56300063431,17.434,29.911,21.553,18.145,10.386,10.38
20241115171030.6,1279.04699519277,17.389,29.946,21.609,18.161,10.386,10.388
20241115171031.1,1279.5319955796,17.351,30.017,21.611,18.165,10.374,10.367
20241115171031.5,1280.00800386071,17.312,30.011,21.609,18.181,10.386,10.369
20241115171032,1280.48900105059,17.242,30.013,21.621,18.187,10.382,10.386
20241115171032.5,1280.97299560905,17.228,30.017,21.611,18.179,10.384,10.367
20241115171033,1281.45700022578,17.217,30.056,21.625,18.205,10.416,10.371
20241115171033.5,1281.94200061262,17.171,30.068,21.636,18.183,10.371,10.367
20241115171034,1282.4220020324,17.161,30.079,21.648,18.195,10.398,10.378
20241115171034.4,1282.90299922228,17.163,30.075,21.625,18.197,10.378,10.376
20241115171034.9,1283.38700383902,17.166,30.125,21.651,18.206,10.381,10.376
20241115171035.4,1283.85600149632,17.154,30.139,21.641,18.208,10.383,10.366
20241115171035.9,1284.33999605477,17.174,30.151,21.651,18.202,10.385,10.364
20241115171036.4,1284.82400067151,17.176,30.162,21.667,18.196,10.385,10.378
20241115171036.8,1285.30900105834,17.138,30.186,21.669,18.208,10.354,10.36
20241115171037.3,1285.79299561679,17.122,30.211,21.697,18.216,10.389,10.366
20241115171037.8,1286.27799600363,17.081,30.239,21.693,18.206,10.374,10.376
20241115171038.3,1286.75799742341,17.059,30.247,21.685,18.208,10.374,10.364
20241115171038.8,1287.24200204015,17.065,30.27,21.699,18.219,10.387,10.37
20241115171039.3,1287.72700242698,17.065,30.309,21.707,18.213,10.37,10.389
20241115171039.7,1288.21099698544,17.053,30.317,21.713,18.223,10.374,10.368
20241115171040.2,1288.6920042336,17.089,30.348,21.715,18.233,10.387,10.376
20241115171040.7,1289.17599879205,17.105,30.403,21.752,18.243,10.395,10.383
20241115171041.2,1289.66000340879,17.144,30.419,21.754,18.251,10.391,10.368
20241115171041.7,1290.12900106609,17.142,30.405,21.748,18.251,10.387,10.378
20241115171042.1,1290.61400145292,17.132,30.397,21.738,18.261,10.395,10.364
20241115171042.6,1291.09400287271,17.132,30.397,21.764,18.243,10.407,10.387
20241115171043.1,1291.57799743116,17.107,30.397,21.762,18.261,10.389,10.37
20241115171043.6,1292.04699508846,17.126,30.435,21.774,18.255,10.383,10.395
20241115171044.1,1292.53500290215,17.095,30.396,21.76,18.262,10.4,10.363
20241115171044.5,1293.01600009203,17.11,30.438,21.771,18.274,10.404,10.378
20241115171045,1293.51599738002,17.135,30.436,21.773,18.244,10.402,10.382
20241115171045.5,1293.9959987998,17.12,30.447,21.761,18.262,10.412,10.374
20241115171046,1294.49999928474,17.151,30.469,21.783,18.25,10.406,10.378
20241115171046.5,1294.98499967158,17.157,30.455,21.771,18.26,10.41,10.388
20241115171047,1295.4810038209,17.167,30.508,21.813,18.268,10.4,10.39
20241115171047.5,1295.96499837935,17.161,30.536,21.807,18.284,10.408,10.394
20241115171048,1296.44900299609,17.183,30.575,21.813,18.288,10.404,10.378
20241115171048.5,1296.92200385034,17.177,30.604,21.835,18.292,10.416,10.386
20241115171048.9,1297.40700423717,17.175,30.604,21.841,18.292,10.416,10.384
20241115171049.4,1297.89099879563,17.122,30.64,21.838,18.282,10.4,10.382
20241115171049.9,1298.36399964988,17.114,30.643,21.854,18.29,10.404,10.367
20241115171050.4,1298.84800426662,17.112,30.686,21.86,18.28,10.392,10.394
20241115171050.9,1299.3399951607,17.066,30.73,21.858,18.298,10.392,10.378
20241115171051.3,1299.81299601495,17.096,30.759,21.882,18.32,10.414,10.38
20241115171051.8,1300.29700063169,17.086,30.816,21.92,18.331,10.394,10.39
20241115171052.3,1300.7849983871,17.064,30.839,21.937,18.331,10.406,10.382
20241115171052.8,1301.25799924135,17.054,30.796,21.933,18.326,10.408,10.388
20241115171053.3,1301.73500329256,17.011,30.794,21.908,18.316,10.398,10.378
20241115171053.7,1302.21500471234,16.987,30.765,21.908,18.306,10.404,10.392
20241115171054.2,1302.6989992708,17.005,30.755,21.9,18.32,10.402,10.396
20241115171054.7,1303.18399965763,17.007,30.782,21.928,18.331,10.4,10.365
20241115171055.2,1303.65700051188,17.019,30.814,21.939,18.324,10.426,10.363
20241115171055.7,1304.15699779987,17.03,30.849,21.952,18.342,10.405,10.362
20241115171056.2,1304.64899875224,17.049,30.84,21.992,18.35,10.401,10.385
20241115171056.7,1305.13300336897,17.041,30.883,22.004,18.376,10.389,10.366
20241115171057.2,1305.62100112438,17.031,30.885,22.002,18.382,10.405,10.372
20241115171057.6,1306.11399784684,17.014,30.889,21.984,18.386,10.389,10.381
20241115171058.1,1306.59399926662,16.994,30.907,21.982,18.376,10.411,10.389
20241115171058.6,1307.07800388336,16.974,30.905,21.988,18.366,10.387,10.383
20241115171059.1,1307.5630042702,16.934,30.871,21.96,18.374,10.393,10.401
20241115171059.6,1308.04699882865,16.899,30.889,21.974,18.36,10.401,10.387
20241115171100.1,1308.53199921548,16.928,30.836,21.968,18.344,10.385,10.381
20241115171100.5,1309.00000110269,16.94,30.869,21.972,18.376,10.391,10.374
20241115171101,1309.48900468647,16.952,30.875,21.98,18.386,10.411,10.405
20241115171101.5,1309.97700244188,16.974,30.924,22.006,18.4,10.397,10.385
20241115171102,1310.46099700034,16.986,31.001,22.02,18.392,10.417,10.385
20241115171102.5,1310.93800105155,16.992,31.024,22.053,18.414,10.391,10.389
20241115171103,1311.42599880695,16.996,31.108,22.073,18.423,10.404,10.394
20241115171103.4,1311.91000342369,16.949,31.133,22.094,18.454,10.406,10.406
20241115171103.9,1312.38300427794,16.89,31.192,22.135,18.462,10.391,10.376
20241115171104.4,1312.8669988364,16.913,31.23,22.119,18.475,10.417,10.383
20241115171104.9,1313.35199922323,16.928,31.251,22.16,18.483,10.389,10.386
20241115171105.4,1313.83200064301,16.959,31.276,22.163,18.488,10.396,10.384
20241115171105.9,1314.3210042268,16.967,31.284,22.172,18.504,10.428,10.394
20241115171106.3,1314.8009955883,16.985,31.296,22.186,18.502,10.41,10.382
20241115171106.8,1315.28500020504,16.979,31.298,22.184,18.498,10.4,10.392
20241115171107.3,1315.76599739492,17.007,31.327,22.208,18.498,10.4,10.392
20241115171107.8,1316.25000201166,17.009,31.345,22.192,18.522,10.392,10.367
20241115171108.3,1316.73500239849,17.003,31.378,22.231,18.516,10.386,10.378
20241115171108.8,1317.21899695694,17.025,31.386,22.231,18.531,10.4,10.382
20241115171109.2,1317.70300157368,17.04,31.382,22.225,18.508,10.424,10.386
20241115171109.7,1318.18800196052,17.019,31.378,22.214,18.512,10.4,10.38
20241115171110.2,1318.66400018334,17.011,31.362,22.218,18.52,10.417,10.37
20241115171110.7,1319.14900057018,17.019,31.324,22.175,18.489,10.401,10.383
20241115171111.2,1319.63299512863,16.988,31.314,22.179,18.495,10.391,10.395
20241115171111.6,1320.11400237679,16.99,31.32,22.183,18.513,10.397,10.389
20241115171112.1,1320.59799693525,16.954,31.375,22.191,18.515,10.391,10.381
20241115171112.6,1321.0709977895,16.952,31.41,22.224,18.508,10.387,10.374
20241115171113.1,1321.55500240624,16.972,31.428,22.228,18.52,10.395,10.362
20241115171113.6,1322.03500382602,16.954,31.506,22.263,18.56,10.378,10.37
20241115171114,1322.5160010159,16.972,31.571,22.303,18.576,10.385,10.374
20241115171114.5,1322.99999557436,16.964,31.574,22.304,18.558,10.388,10.368
20241115171115,1323.47699962556,16.978,31.574,22.324,18.582,10.392,10.378
20241115171115.5,1323.95700104535,16.946,31.608,22.338,18.601,10.354,10.36
20241115171116,1324.4300018996,16.916,31.658,22.363,18.613,10.368,10.356
20241115171116.4,1324.91000331938,16.869,31.676,22.363,18.615,10.378,10.34
20241115171116.9,1325.39500370622,16.881,31.717,22.377,18.617,10.384,10.342
20241115171117.4,1325.87899826467,16.869,31.757,22.402,18.619,10.362,10.354
20241115171117.9,1326.3639986515,16.853,31.755,22.396,18.623,10.372,10.352
20241115171118.4,1326.84800326824,16.825,31.776,22.41,18.623,10.376,10.372
20241115171118.9,1327.3319978267,16.815,31.77,22.392,18.617,10.366,10.336
20241115171119.3,1327.81699821353,16.805,31.78,22.349,18.589,10.372,10.356
20241115171119.8,1328.31300236285,16.801,31.733,22.357,18.586,10.364,10.364
20241115171120.3,1328.81700284779,16.845,31.743,22.394,18.584,10.368,10.348
20241115171120.8,1329.29700426757,16.843,31.766,22.367,18.58,10.378,10.354
20241115171121.3,1329.78200465441,16.843,31.776,22.381,18.603,10.376,10.364
20241115171121.8,1330.27000240982,16.861,31.805,22.388,18.619,10.374,10.356
20241115171122.3,1330.7500038296,16.843,31.821,22.404,18.619,10.376,10.344
20241115171122.8,1331.23500421643,16.823,31.801,22.402,18.605,10.374,10.354
20241115171123.3,1331.71899877489,16.835,31.788,22.4,18.599,10.374,10.356
20241115171123.7,1332.20300339162,16.837,31.776,22.412,18.596,10.384,10.358
20241115171124.2,1332.68800377846,16.835,31.768,22.377,18.615,10.388,10.36
20241115171124.7,1333.17199833691,16.863,31.751,22.369,18.596,10.378,10.37
20241115171125.2,1333.65699872375,16.871,31.696,22.347,18.562,10.392,10.366
20241115171125.7,1334.13700014353,16.881,31.617,22.334,18.558,10.36,10.366
20241115171126.2,1334.62100476027,16.877,31.6,22.316,18.542,10.37,10.358
20241115171126.6,1335.10599508882,16.849,31.559,22.298,18.53,10.37,10.366
20241115171127.1,1335.58999970555,16.835,31.543,22.285,18.52,10.364,10.362
20241115171127.6,1336.07099689543,16.799,31.531,22.275,18.514,10.382,10.362
20241115171128.1,1336.55900470912,16.736,31.523,22.251,18.522,10.382,10.38
20241115171128.6,1337.03199550509,16.689,31.543,22.263,18.534,10.391,10.356
20241115171129,1337.51600012183,16.639,31.543,22.256,18.512,10.393,10.37
20241115171129.5,1337.99600154161,16.647,31.529,22.25,18.534,10.382,10.366
20241115171130,1338.48499506712,16.669,31.553,22.267,18.512,10.391,10.35
20241115171130.5,1338.9649964869,16.694,31.6,22.251,18.504,10.376,10.352
20241115171131,1339.44900110364,16.722,31.561,22.251,18.498,10.378,10.362
20241115171131.5,1339.93400149047,16.754,31.582,22.24,18.481,10.378,10.356
20241115171131.9,1340.41799604893,16.752,31.561,22.234,18.479,10.368,10.348
20241115171132.4,1340.90699963272,16.722,31.518,22.206,18.459,10.346,10.356
20241115171132.9,1341.39100424945,16.708,31.447,22.189,18.449,10.378,10.36
20241115171133.4,1341.86400510371,16.73,31.437,22.161,18.429,10.364,10.354
20241115171133.9,1342.34799966216,16.778,31.469,22.201,18.461,10.376,10.342
20241115171134.4,1342.8320042789,16.786,31.514,22.191,18.469,10.36,10.362
20241115171134.8,1343.30899827182,16.78,31.561,22.22,18.459,10.366,10.354
20241115171135.3,1343.79300288856,16.803,31.6,22.226,18.495,10.376,10.366
20241115171135.8,1344.29300017655,16.809,31.639,22.255,18.502,10.376,10.362
20241115171136.3,1344.77800056338,16.799,31.713,22.279,18.504,10.37,10.376
20241115171136.8,1345.25800198317,16.809,31.762,22.31,18.536,10.387,10.364
20241115171137.3,1345.74199654162,16.806,31.862,22.332,18.55,10.38,10.352
20241115171137.8,1346.23100012541,16.819,31.933,22.348,18.57,10.397,10.382
20241115171138.2,1346.71500474215,16.837,31.941,22.387,18.588,10.397,10.368
20241115171138.7,1347.19199873507,16.831,31.964,22.375,18.576,10.372,10.372
20241115171139.2,1347.67999649048,16.839,31.974,22.391,18.582,10.391,10.364
20241115171139.7,1348.16400110722,16.792,31.992,22.432,18.608,10.374,10.358
20241115171140.2,1348.64900149405,16.758,32.041,22.43,18.629,10.382,10.35
20241115171140.7,1349.1329960525,16.742,32.092,22.463,18.629,10.391,10.358
20241115171141.1,1349.61700066924,16.77,32.129,22.457,18.633,10.372,10.364
20241115171141.6,1350.10600425303,16.782,32.141,22.485,18.657,10.393,10.372
20241115171142.1,1350.5779992789,16.784,32.16,22.508,18.665,10.389,10.358
20241115171142.6,1351.06700286269,16.768,32.211,22.494,18.671,10.391,10.374
20241115171143.1,1351.55099742115,16.796,32.262,22.538,18.695,10.385,10.387
20241115171143.6,1352.04700157046,16.76,32.274,22.545,18.72,10.378,10.391
20241115171144.1,1352.53499932587,16.72,32.323,22.553,18.703,10.374,10.385
20241115171144.6,1353.01999971271,16.728,32.335,22.575,18.717,10.391,10.366
20241115171145,1353.50400432944,16.734,32.338,22.587,18.685,10.376,10.356
20241115171145.5,1353.98500151932,16.706,32.366,22.583,18.701,10.382,10.385
20241115171146,1354.48499880731,16.73,32.358,22.583,18.701,10.372,10.362
20241115171146.5,1354.96900342405,16.703,32.323,22.555,18.679,10.376,10.374
20241115171147,1355.46499751508,16.673,32.348,22.583,18.679,10.391,10.364
20241115171147.5,1355.94900213182,16.675,32.37,22.581,18.689,10.385,10.358
20241115171148,1356.42200298607,16.708,32.377,22.59,18.683,10.374,10.354
20241115171148.4,1356.90700337291,16.732,32.423,22.594,18.707,10.376,10.364
20241115171148.9,1357.39099793136,16.76,32.403,22.612,18.695,10.385,10.374
20241115171149.4,1357.87099935114,16.778,32.426,22.567,18.708,10.374,10.35
20241115171149.9,1358.36000293493,16.799,32.45,22.606,18.7,10.382,10.35
20241115171150.4,1358.84000435472,16.805,32.467,22.6,18.722,10.364,10.352
20241115171150.9,1359.32399891317,16.79,32.473,22.612,18.708,10.372,10.384
20241115171151.3,1359.8089993,16.799,32.497,22.641,18.712,10.391,10.387
20241115171151.8,1360.28900071979,16.802,32.534,22.663,18.726,10.38,10.36
20241115171152.3,1360.77800430357,16.813,32.609,22.669,18.754,10.385,10.382
20241115171152.8,1361.25799566507,16.811,32.648,22.698,18.784,10.405,10.389
20241115171153.3,1361.74200028181,16.809,32.707,22.714,18.778,10.397,10.36
20241115171153.8,1362.22299747169,16.853,32.72,22.724,18.802,10.387,10.372
20241115171154.2,1362.7109952271,16.807,32.75,22.733,18.794,10.389,10.382
20241115171154.7,1363.20299617946,16.748,32.75,22.745,18.786,10.411,10.354
20241115171155.2,1363.6879965663,16.722,32.769,22.767,18.782,10.393,10.37
20241115171155.7,1364.16799798608,16.675,32.759,22.727,18.774,10.368,10.356
20241115171156.2,1364.65299837291,16.647,32.72,22.735,18.794,10.378,10.374
20241115171156.7,1365.14900252223,16.609,32.695,22.749,18.772,10.362,10.356
20241115171157.2,1365.63299708068,16.665,32.679,22.708,18.744,10.39,10.358
20241115171157.6,1366.11400432885,16.629,32.685,22.723,18.748,10.37,10.38
20241115171158.1,1366.5979988873,16.675,32.716,22.72,18.766,10.395,10.372
20241115171158.6,1367.07800030708,16.681,32.714,22.749,18.766,10.382,10.37
20241115171159.1,1367.56300069392,16.708,32.738,22.739,18.78,10.397,10.352
20241115171159.6,1368.04699525237,16.758,32.759,22.769,18.77,10.388,10.37
20241115171200.1,1368.52800250053,16.762,32.761,22.759,18.796,10.392,10.37
20241115171200.5,1368.99999752641,16.746,32.785,22.759,18.796,10.372,10.356
20241115171201,1369.48499791324,16.76,32.828,22.776,18.805,10.374,10.37
20241115171201.5,1369.96900252998,16.772,32.838,22.798,18.823,10.376,10.364
20241115171202,1370.44900394976,16.823,32.894,22.827,18.841,10.37,10.346
20241115171202.5,1370.9340043366,16.831,32.936,22.849,18.843,10.37,10.382
20241115171202.9,1371.41799889505,16.847,32.973,22.861,18.853,10.388,10.364
20241115171203.4,1371.90299928188,16.867,33.037,22.884,18.875,10.388,10.366
20241115171203.9,1372.38300070167,16.859,33.073,22.884,18.871,10.384,10.348
20241115171204.4,1372.86399789155,16.861,33.143,22.917,18.908,10.38,10.37
20241115171204.9,1373.36399517953,16.898,33.229,22.956,18.924,10.38,10.362
20241115171205.4,1373.85200299323,16.879,33.276,22.994,18.934,10.376,10.348
20241115171205.9,1374.33200441301,16.91,33.362,22.998,18.954,10.38,10.366
20241115171206.4,1374.82399530709,16.902,33.359,23.017,18.978,10.38,10.38
20241115171206.8,1375.30500255525,16.9,33.411,23.023,18.964,10.364,10.35
20241115171207.3,1375.7889971137,16.861,33.402,23.052,18.968,10.384,10.37
20241115171207.8,1376.27399750054,16.849,33.419,23.047,18.95,10.388,10.368
20241115171208.3,1376.7460025847,16.78,33.398,23.035,18.932,10.372,10.374
20241115171208.8,1377.23100297153,16.702,33.376,23.013,18.932,10.38,10.342
20241115171209.3,1377.73500345647,16.655,33.362,23.005,18.944,10.38,10.352
20241115171209.7,1378.21500487626,16.659,33.364,23.015,18.922,10.386,10.36
20241115171210.2,1378.70300263166,16.647,33.341,22.996,18.916,10.374,10.346
20241115171210.7,1379.1880030185,16.629,33.378,22.996,18.932,10.415,10.356
20241115171211.2,1379.67199757695,16.601,33.406,23.037,18.948,10.39,10.364
20241115171211.7,1380.15999533236,16.587,33.425,23.045,18.94,10.362,10.362
20241115171212.2,1380.64499571919,16.617,33.419,23.023,18.932,10.386,10.368
20241115171212.7,1381.12100400031,16.647,33.437,23.029,18.916,10.368,10.354
20241115171213.1,1381.60999752581,16.675,33.466,23.043,18.942,10.392,10.366
20241115171213.6,1382.10600167513,16.663,33.484,23.058,18.956,10.38,10.362
20241115171214.1,1382.58199989796,16.679,33.523,23.07,18.936,10.376,10.346
20241115171214.6,1383.06299708784,16.673,33.513,23.084,18.94,10.388,10.362
20241115171215.1,1383.54700170457,16.694,33.529,23.062,18.924,10.396,10.368
20241115171215.6,1384.02799889445,16.742,33.525,23.078,18.932,10.382,10.34
20241115171216,1384.50800031424,16.809,33.547,23.076,18.938,10.39,10.358
20241115171216.5,1384.99599806964,16.853,33.515,23.074,18.936,10.388,10.354
20241115171217,1385.48099845648,16.873,33.519,23.052,18.92,10.403,10.356
20241115171217.5,1385.9770026058,16.875,33.49,23.049,18.942,10.407,10.38
20241115171218,1386.46099716425,16.91,33.535,23.08,18.928,10.396,10.362
20241115171218.5,1386.94899491966,16.875,33.644,23.105,18.966,10.401,10.356
20241115171219,1387.43799850345,16.865,33.682,23.141,18.989,10.39,10.37
20241115171219.4,1387.91799992323,16.829,33.678,23.135,18.984,10.394,10.354
20241115171219.9,1388.40300031006,16.855,33.693,23.135,18.991,10.405,10.376
20241115171220.4,1388.8870049268,16.849,33.735,23.164,19.023,10.401,10.368
20241115171220.9,1389.37099948525,16.859,33.762,23.164,18.991,10.39,10.376
20241115171221.4,1389.85199667513,16.865,33.791,23.18,19.007,10.384,10.362
20241115171221.9,1390.33600129187,16.869,33.827,23.17,19.009,10.405,10.36
20241115171222.4,1390.82100167871,16.853,33.848,23.184,19.047,10.409,10.362
20241115171222.8,1391.30499623716,16.877,33.897,23.209,19.055,10.421,10.354
20241115171223.3,1391.80500358343,16.883,33.94,23.24,19.069,10.399,10.374
20241115171223.8,1392.30500087142,16.896,33.962,23.27,19.081,10.403,10.374
20241115171224.3,1392.7850022912,16.89,34.017,23.272,19.102,10.382,10.37
20241115171224.8,1393.27000267804,16.928,34.077,23.297,19.09,10.392,10.362
20241115171225.3,1393.75399723649,16.918,34.118,23.313,19.114,10.374,10.37
20241115171225.8,1394.23899762332,16.896,34.15,23.334,19.128,10.392,10.344
20241115171226.3,1394.73500177264,16.88,34.195,23.379,19.132,10.392,10.358
20241115171226.8,1395.22299952805,16.878,34.255,23.387,19.16,10.386,10.36
20241115171227.3,1395.71900367737,16.835,34.3,23.411,19.181,10.376,10.374
20241115171227.7,1396.20299823582,16.77,34.349,23.428,19.205,10.413,10.368
20241115171228.2,1396.6839954257,16.694,34.375,23.454,19.223,10.388,10.37
20241115171228.7,1397.16000370681,16.671,34.385,23.46,19.197,10.392,10.358
20241115171229.2,1397.64500409365,16.665,34.41,23.477,19.213,10.404,10.364
20241115171229.7,1398.14500138164,16.692,34.455,23.495,19.229,10.376,10.346
20241115171230.1,1398.61699640751,16.706,34.475,23.507,19.233,10.37,10.354
20241115171230.6,1399.1059999913,16.74,34.555,23.513,19.253,10.4,10.362
20241115171231.1,1399.57799501717,16.795,34.577,23.526,19.248,10.375,10.337
20241115171231.6,1400.06699860096,16.828,34.57,23.515,19.264,10.389,10.349
20241115171232.1,1400.55899955332,16.879,34.572,23.515,19.238,10.371,10.357
20241115171232.6,1401.05500370264,16.871,34.613,23.515,19.262,10.375,10.331
20241115171233.1,1401.53899826109,16.897,34.625,23.533,19.277,10.375,10.367
20241115171233.6,1402.02399864793,16.921,34.673,23.566,19.293,10.391,10.345
20241115171234,1402.50800326467,16.909,34.715,23.604,19.289,10.371,10.349
20241115171234.5,1402.99199782312,16.904,34.727,23.611,19.304,10.398,10.354
20241115171235,1403.47699820995,16.867,34.745,23.626,19.284,10.407,10.358
20241115171235.5,1403.96100282669,16.878,34.743,23.603,19.276,10.39,10.348
20241115171236,1404.44200001657,16.823,34.725,23.601,19.292,10.398,10.378
20241115171236.5,1404.92200143635,16.781,34.749,23.64,19.306,10.384,10.37
20241115171237,1405.42199872434,16.748,34.782,23.638,19.302,10.394,10.362
20241115171237.4,1405.90299591422,16.758,34.818,23.628,19.322,10.392,10.354
20241115171237.9,1406.382997334,16.766,34.831,23.648,19.31,10.394,10.364
20241115171238.4,1406.87099508941,16.787,34.861,23.656,19.344,10.39,10.35
20241115171238.9,1407.35599547625,16.775,34.888,23.648,19.34,10.386,10.352
20241115171239.4,1407.84000009298,16.777,34.91,23.667,19.346,10.376,10.362
20241115171239.9,1408.32099728286,16.752,34.929,23.665,19.324,10.394,10.364
20241115171240.3,1408.8050018996,16.744,34.929,23.681,19.348,10.394,10.366
20241115171240.8,1409.29299965501,16.724,34.957,23.685,19.334,10.4,10.356
20241115171241.3,1409.77000370622,16.722,34.957,23.685,19.316,10.378,10.372
20241115171241.8,1410.25399826467,16.72,34.955,23.679,19.31,10.392,10.352
20241115171242.3,1410.74199602008,16.75,34.966,23.675,19.306,10.372,10.356
20241115171242.8,1411.22300326824,16.758,34.966,23.675,19.318,10.39,10.344
20241115171243.2,1411.70300468802,16.748,34.933,23.661,19.304,10.39,10.344
20241115171243.7,1412.18800507486,16.734,34.904,23.663,19.294,10.396,10.334
20241115171244.2,1412.68800236285,16.734,34.925,23.659,19.275,10.392,10.36
20241115171244.7,1413.16800378263,16.734,34.941,23.646,19.282,10.39,10.358
20241115171245.2,1413.65300416946,16.71,34.959,23.661,19.294,10.417,10.364
20241115171245.7,1414.1489982605,16.686,35.009,23.669,19.312,10.39,10.365
20241115171246.2,1414.62499648333,16.679,35.057,23.672,19.315,10.367,10.345
20241115171246.6,1415.10999687016,16.699,35.077,23.69,19.299,10.379,10.353
20241115171247.1,1415.5940014869,16.715,35.081,23.694,19.303,10.379,10.365
20241115171247.6,1416.08999557793,16.727,35.112,23.696,19.325,10.381,10.353
20241115171248.1,1416.58199653029,16.743,35.141,23.698,19.319,10.401,10.375
20241115171248.6,1417.06300377846,16.721,35.135,23.713,19.289,10.387,10.351
20241115171249.1,1417.54699833691,16.727,35.156,23.715,19.285,10.383,10.365
20241115171249.6,1418.03499609232,16.761,35.154,23.703,19.295,10.369,10.371
20241115171250,1418.51600334048,16.778,35.166,23.713,19.315,10.379,10.379
20241115171250.5,1418.99999789894,16.818,35.154,23.717,19.331,10.385,10.357
20241115171251,1419.48499828577,16.846,35.162,23.715,19.301,10.375,10.375
20241115171251.5,1419.96499970555,16.846,35.185,23.709,19.335,10.381,10.355
20241115171252,1420.45299746096,16.858,35.187,23.725,19.327,10.377,10.377
20241115171252.5,1420.93400470912,16.856,35.193,23.705,19.339,10.389,10.359
20241115171252.9,1421.41799926758,16.836,35.214,23.727,19.331,10.377,10.365
20241115171253.4,1421.90299965441,16.84,35.228,23.735,19.333,10.377,10.365
20241115171253.9,1422.38700427115,16.836,35.193,23.696,19.313,10.381,10.357
20241115171254.4,1422.8709988296,16.832,35.193,23.717,19.331,10.409,10.361
20241115171254.9,1423.35599921644,16.816,35.23,23.743,19.321,10.385,10.371
20241115171255.4,1423.85200336576,16.812,35.272,23.762,19.363,10.373,10.357
20241115171255.9,1424.34400431812,16.84,35.34,23.792,19.378,10.379,10.359
20241115171256.4,1424.82099831104,16.842,35.367,23.815,19.38,10.403,10.369
20241115171256.8,1425.30500292778,16.858,35.427,23.841,19.4,10.389,10.375
20241115171257.3,1425.79300068319,16.873,35.466,23.831,19.412,10.375,10.379
20241115171257.8,1426.27399787307,16.858,35.524,23.848,19.42,10.385,10.359
20241115171258.3,1426.75800248981,16.816,35.497,23.85,19.418,10.387,10.357
20241115171258.8,1427.24199704826,16.78,35.479,23.833,19.424,10.403,10.381
20241115171259.3,1427.72699743509,16.757,35.47,23.809,19.41,10.403,10.375
20241115171259.7,1428.20699885488,16.733,35.505,23.839,19.416,10.381,10.375
20241115171300.2,1428.68799604475,16.768,35.518,23.831,19.414,10.395,10.369
20241115171300.7,1429.19599972665,16.774,35.597,23.872,19.412,10.381,10.363
20241115171301.2,1429.68399748206,16.822,35.625,23.874,19.388,10.403,10.381
20241115171301.7,1430.1680020988,16.854,35.7,23.882,19.43,10.399,10.365
20241115171302.2,1430.6569956243,16.858,35.791,23.903,19.436,10.401,10.373
20241115171302.7,1431.13699704409,16.865,35.861,23.942,19.44,10.395,10.387
20241115171303.2,1431.62100166082,16.873,35.892,23.976,19.466,10.397,10.375
20241115171303.6,1432.10600204766,16.844,35.934,23.995,19.479,10.379,10.361
20241115171304.1,1432.59399980307,16.85,35.977,23.997,19.495,10.389,10.365
20241115171304.6,1433.09000395238,16.832,35.983,24.017,19.483,10.385,10.361
20241115171305.1,1433.60200077295,16.82,36.004,24.038,19.503,10.403,10.367
20241115171305.6,1434.08999852836,16.838,36.002,24.021,19.497,10.399,10.377
20241115171306.1,1434.57099571824,16.796,35.989,24.033,19.491,10.397,10.375
20241115171306.6,1435.05500033498,16.763,36.004,24.007,19.485,10.401,10.393
20241115171307.1,1435.53899489343,16.697,35.923,24.029,19.471,10.391,10.355
20241115171307.6,1436.02399528027,16.717,35.921,24.003,19.495,10.389,10.381
20241115171308,1436.50399670005,16.753,35.925,24.015,19.499,10.405,10.373
20241115171308.5,1436.98899708688,16.788,35.967,24.04,19.505,10.391,10.373
20241115171309,1437.48900443316,16.816,36.031,24.054,19.541,10.401,10.379
20241115171309.5,1437.97299899161,16.814,36.093,24.07,19.553,10.391,10.385
20241115171310,1438.45300041139,16.865,36.128,24.093,19.545,10.391,10.377
20241115171310.5,1438.93800079823,16.844,36.147,24.087,19.535,10.395,10.369
20241115171310.9,1439.41800221801,16.828,36.188,24.097,19.527,10.395,10.367
20241115171311.4,1439.90300260484,16.812,36.205,24.115,19.555,10.409,10.399
20241115171311.9,1440.39100036025,16.828,36.244,24.119,19.565,10.397,10.379
20241115171312.4,1440.87100178003,16.865,36.296,24.162,19.582,10.412,10.367
20241115171312.9,1441.35199896991,16.893,36.337,24.175,19.598,10.393,10.377
20241115171313.4,1441.83600358665,16.889,36.432,24.185,19.578,10.391,10.363
20241115171313.9,1442.32100397348,16.901,36.411,24.201,19.588,10.403,10.377
20241115171314.3,1442.80499853194,16.877,36.407,24.207,19.592,10.391,10.375
20241115171314.8,1443.28499995172,16.867,36.403,24.201,19.572,10.395,10.381
20241115171315.3,1443.77400353551,16.869,36.356,24.199,19.582,10.403,10.369
20241115171315.8,1444.25799809396,16.8,36.333,24.158,19.553,10.409,10.361
20241115171316.3,1444.73899528384,16.757,36.356,24.166,19.551,10.407,10.361
20241115171316.8,1445.22700309753,16.673,36.358,24.146,19.535,10.395,10.367
20241115171317.2,1445.70700451732,16.644,36.271,24.123,19.529,10.393,10.379
20241115171317.7,1446.20299860835,16.654,36.217,24.081,19.503,10.395,10.365
20241115171318.2,1446.68799899518,16.683,36.169,24.087,19.479,10.418,10.359
20241115171318.7,1447.17200361192,16.701,36.316,24.085,19.473,10.393,10.361
20241115171319.2,1447.67200089991,16.749,36.403,24.109,19.483,10.399,10.371
20241115171319.7,1448.1719981879,16.725,36.378,24.056,19.471,10.383,10.363
20241115171320.2,1448.65699857473,16.727,36.29,24.052,19.454,10.381,10.369
20241115171320.7,1449.14100319147,16.699,36.217,24.032,19.442,10.383,10.373
20241115171321.2,1449.62100461125,16.653,36.137,24.015,19.43,10.383,10.363
20241115171321.6,1450.10600499809,16.648,36.126,24.001,19.428,10.385,10.365
20241115171322.1,1450.58599635959,16.602,36.087,23.968,19.408,10.381,10.377
20241115171322.6,1451.07400417328,16.582,36.039,23.94,19.396,10.399,10.377
20241115171323.1,1451.56299769878,16.558,35.938,23.913,19.355,10.397,10.371
20241115171323.6,1452.04299911857,16.525,35.884,23.893,19.356,10.373,10.357
20241115171324.1,1452.5279995054,16.527,35.822,23.874,19.345,10.389,10.361
20241115171324.5,1453.01599726081,16.582,35.843,23.854,19.341,10.393,10.379
20241115171325,1453.49599868059,16.592,35.822,23.852,19.331,10.361,10.373
20241115171325.5,1453.98500226438,16.64,35.77,23.803,19.323,10.377,10.359
20241115171326,1454.46899682283,16.683,35.735,23.801,19.289,10.401,10.369
20241115171326.5,1454.95300143957,16.669,35.814,23.815,19.311,10.387,10.383
20241115171327,1455.45299872756,16.679,35.783,23.782,19.299,10.391,10.371
20241115171327.5,1455.94200231135,16.663,35.708,23.76,19.269,10.389,10.387
20241115171327.9,1456.41800053418,16.729,35.758,23.788,19.275,10.391,10.359
20241115171328.4,1456.90300092101,16.737,35.859,23.805,19.323,10.379,10.379
20241115171328.9,1457.38699547946,16.747,35.954,23.823,19.321,10.375,10.369
20241115171329.4,1457.8710000962,16.77,36.019,23.842,19.319,10.387,10.359
20241115171329.9,1458.35600048304,16.77,36.01,23.835,19.323,10.385,10.367
20241115171330.4,1458.83600190282,16.782,35.957,23.829,19.315,10.383,10.351
20241115171330.9,1459.32100228965,16.772,35.992,23.84,19.299,10.401,10.377
20241115171331.3,1459.80900004506,16.705,35.998,23.811,19.295,10.391,10.383
20241115171331.8,1460.2930046618,16.685,35.992,23.794,19.305,10.391,10.377
20241115171332.3,1460.77400185168,16.715,36.037,23.807,19.301,10.407,10.375
20241115171332.8,1461.25799641013,16.729,36.153,23.829,19.319,10.395,10.377
20241115171333.3,1461.74200102687,16.725,36.213,23.876,19.335,10.375,10.375
20241115171333.8,1462.22299821675,16.727,36.236,23.874,19.317,10.393,10.377
20241115171334.2,1462.70700283349,16.741,36.279,23.89,19.343,10.397,10.379
20241115171334.7,1463.19200322032,16.713,36.349,23.929,19.368,10.379,10.389
20241115171335.2,1463.6720046401,16.602,36.341,23.931,19.359,10.405,10.363
20241115171335.7,1464.15700502694,16.545,36.213,23.876,19.349,10.403,10.375
20241115171336.2,1464.64500278234,16.541,36.163,23.854,19.323,10.405,10.383
20241115171336.7,1465.1289973408,16.553,36.157,23.862,19.325,10.405,10.387
20241115171337.1,1465.61699509621,16.559,36.19,23.899,19.357,10.385,10.355
20241115171337.6,1466.10199548304,16.566,36.209,23.876,19.353,10.403,10.389
20241115171338.1,1466.59000329673,16.576,36.221,23.89,19.353,10.389,10.373
20241115171338.6,1467.09000058472,16.58,36.232,23.89,19.359,10.405,10.383
20241115171339.1,1467.57399514318,16.592,36.25,23.909,19.357,10.393,10.361
20241115171339.6,1468.05899553001,16.608,36.246,23.891,19.376,10.389,10.367
20241115171340.1,1468.53899694979,16.612,36.229,23.903,19.372,10.407,10.377
20241115171340.6,1469.02399733663,16.622,36.279,23.925,19.37,10.393,10.369
20241115171341,1469.50399875641,16.606,36.393,23.95,19.404,10.379,10.377
20241115171341.5,1469.98899914324,16.606,36.469,23.984,19.432,10.42,10.363
20241115171342,1470.47300375998,16.62,36.519,24.005,19.424,10.397,10.379
20241115171342.5,1470.95699831843,16.65,36.6,24.029,19.438,10.381,10.353
20241115171343,1471.43799550831,16.669,36.678,24.054,19.454,10.389,10.363
20241115171343.5,1471.92200012505,16.658,36.734,24.085,19.485,10.369,10.357
20241115171343.9,1472.40700051188,16.624,36.782,24.103,19.503,10.385,10.377
20241115171344.4,1472.89499826729,16.667,36.807,24.13,19.499,10.401,10.393
20241115171344.9,1473.37900288403,16.691,36.864,24.117,19.525,10.393,10.379
20241115171345.4,1473.86400327086,16.705,36.848,24.128,19.529,10.389,10.361
20241115171345.9,1474.34799782932,16.648,36.833,24.128,19.501,10.395,10.379
20241115171346.4,1474.83599558473,16.626,36.844,24.14,19.511,10.393,10.371
20241115171346.9,1475.32099597156,16.6,36.887,24.142,19.533,10.393,10.381
20241115171347.3,1475.80900378525,16.568,36.904,24.175,19.563,10.381,10.355
20241115171347.8,1476.29299834371,16.559,37.003,24.217,19.572,10.393,10.369
20241115171348.3,1476.78900249302,16.574,37.038,24.244,19.592,10.409,10.383
20241115171348.8,1477.27400287986,16.559,37.038,24.242,19.586,10.377,10.365
20241115171349.3,1477.75799743831,16.582,37.115,24.262,19.596,10.403,10.361
20241115171349.8,1478.24599519372,16.626,37.088,24.256,19.563,10.385,10.385
20241115171350.3,1478.72700244188,16.636,37.106,24.26,19.592,10.387,10.375
20241115171350.7,1479.20700386167,16.665,37.109,24.236,19.578,10.397,10.383
20241115171351.2,1479.6920042485,16.614,37.121,24.252,19.58,10.393,10.363
20241115171351.7,1480.17599880695,16.677,37.135,24.262,19.59,10.381,10.375
20241115171352.2,1480.65699599683,16.675,37.195,24.268,19.578,10.383,10.357
20241115171352.7,1481.14100061357,16.693,37.266,24.285,19.568,10.383,10.383
20241115171353.2,1481.62499517202,16.719,37.336,24.311,19.59,10.399,10.375
20241115171353.6,1482.11399875581,16.747,37.355,24.33,19.584,10.397,10.367
20241115171354.1,1482.5940001756,16.79,37.394,24.348,19.608,10.373,10.387
20241115171354.6,1483.07800479233,16.824,37.512,24.389,19.618,10.387,10.385
20241115171355.1,1483.56299512088,16.804,37.562,24.411,19.638,10.387,10.379
20241115171355.6,1484.04299654067,16.848,37.622,24.418,19.642,10.383,10.361
20241115171356.1,1484.52400378883,16.824,37.626,24.442,19.658,10.383,10.379
20241115171356.5,1485.00799834728,16.83,37.617,24.467,19.679,10.373,10.353
20241115171357,1485.49200296402,16.844,37.655,24.503,19.656,10.397,10.355
20241115171357.5,1485.99200025201,16.867,37.692,24.499,19.669,10.397,10.359
20241115171358,1486.47700063884,16.863,37.733,24.471,19.683,10.373,10.375
20241115171358.5,1486.96499839425,16.873,37.777,24.493,19.691,10.391,10.359
20241115171359,1487.44900301099,16.879,37.81,24.506,19.707,10.379,10.359
20241115171359.5,1487.93000020087,16.862,37.839,24.52,19.705,10.377,10.361
20241115171359.9,1488.41799795628,16.834,37.801,24.53,19.687,10.397,10.359
20241115171400.4,1488.90299834311,16.816,37.818,24.552,19.701,10.379,10.367
20241115171400.9,1489.38299976289,16.812,37.853,24.552,19.721,10.405,10.357
20241115171401.4,1489.87900391221,16.822,37.907,24.567,19.741,10.385,10.359
20241115171401.9,1490.36400429904,16.806,37.921,24.587,19.755,10.391,10.377
20241115171402.4,1490.8479988575,16.806,37.952,24.602,19.755,10.359,10.367
20241115171402.9,1491.33200347424,16.782,37.95,24.602,19.765,10.393,10.361
20241115171403.4,1491.82099699974,16.782,37.994,24.618,19.78,10.385,10.355
20241115171403.8,1492.30500161648,16.776,38.054,24.638,19.776,10.385,10.343
20241115171404.3,1492.78899617493,16.814,38.066,24.655,19.776,10.403,10.373
20241115171404.8,1493.2890035212,16.832,38.126,24.665,19.788,10.389,10.369
20241115171405.3,1493.78200024366,16.856,38.168,24.687,19.812,10.391,10.347
20241115171405.8,1494.25799846649,16.862,38.19,24.693,19.82,10.399,10.353
20241115171406.3,1494.7459962219,16.852,38.211,24.667,19.824,10.383,10.369
20241115171406.8,1495.23099660873,16.891,38.211,24.698,19.812,10.387,10.367
20241115171407.3,1495.73100395501,16.822,38.244,24.695,19.828,10.389,10.355
20241115171407.7,1496.21499851346,16.796,38.273,24.734,19.84,10.391,10.375
20241115171408.2,1496.70299626887,16.792,38.331,24.726,19.846,10.387,10.361
20241115171408.7,1497.19199985266,16.788,38.339,24.736,19.852,10.387,10.361
20241115171409.2,1497.67200127244,16.8,38.333,24.732,19.822,10.397,10.359
20241115171409.7,1498.15999902785,16.812,38.345,24.73,19.84,10.403,10.353
20241115171410.2,1498.64099621773,16.824,38.339,24.74,19.834,10.389,10.359
20241115171410.7,1499.12500083447,16.834,38.354,24.769,19.842,10.385,10.365
20241115171411.1,1499.6100012213,16.863,38.408,24.773,19.832,10.385,10.365
20241115171411.6,1500.10999850929,16.834,38.476,24.785,19.866,10.371,10.359
20241115171412.1,1500.59400312603,16.8,38.532,24.792,19.871,10.377,10.371
20241115171412.6,1501.07400454581,16.776,38.528,24.787,19.858,10.375,10.355
20241115171413.1,1501.56299807131,16.78,38.517,24.792,19.868,10.393,10.355
20241115171413.6,1502.0429994911,16.812,38.521,24.8,19.86,10.385,10.357
20241115171414.1,1502.52799987793,16.77,38.521,24.796,19.834,10.389,10.353
20241115171414.5,1503.00800129771,16.747,38.523,24.781,19.858,10.397,10.377
20241115171415,1503.49199585617,16.701,38.517,24.787,19.85,10.391,10.371
20241115171415.5,1503.976996243,16.677,38.557,24.783,19.842,10.387,10.369
20241115171416,1504.46100085974,16.662,38.565,24.806,19.864,10.399,10.377
20241115171416.5,1504.94899861515,16.654,38.596,24.783,19.86,10.391,10.353
20241115171417,1505.43399900198,16.61,38.559,24.792,19.86,10.385,10.371
20241115171417.4,1505.91800361872,16.592,38.559,24.79,19.852,10.385,10.369
20241115171417.9,1506.3990008086,16.61,38.567,24.796,19.868,10.401,10.369
20241115171418.4,1506.88299536705,16.604,38.616,24.8,19.883,10.375,10.361
20241115171418.9,1507.36699998379,16.638,38.658,24.81,19.877,10.385,10.375
20241115171419.4,1507.85600356758,16.612,38.751,24.855,19.881,10.397,10.357
20241115171419.9,1508.33600498736,16.584,38.796,24.863,19.887,10.403,10.359
20241115171420.4,1508.82400274277,16.624,38.776,24.849,19.881,10.379,10.365
20241115171420.8,1509.3090031296,16.636,38.666,24.834,19.858,10.403,10.357
20241115171421.3,1509.78900454938,16.685,38.567,24.781,19.846,10.393,10.361
20241115171421.8,1510.27399487793,16.687,38.499,24.743,19.804,10.391,10.353
20241115171422.3,1510.75799949467,16.675,38.499,24.728,19.816,10.395,10.365
20241115171422.8,1511.24200411141,16.662,38.441,24.704,19.786,10.391,10.353
20241115171423.3,1511.73900403082,16.658,38.435,24.714,19.8,10.381,10.369
20241115171423.8,1512.22299858928,16.628,38.559,24.742,19.824,10.375,10.375
20241115171424.3,1512.72299587727,16.634,38.631,24.757,19.852,10.401,10.355
20241115171424.7,1513.207000494,16.669,38.695,24.779,19.84,10.375,10.363
20241115171425.2,1513.68799768388,16.662,38.768,24.792,19.852,10.383,10.363
20241115171425.7,1514.17599543929,16.701,38.869,24.837,19.891,10.389,10.361
20241115171426.2,1514.66000005603,16.766,38.935,24.886,19.905,10.393,10.359
20241115171426.7,1515.14900363982,16.721,39.01,24.898,19.913,10.395,10.353
20241115171427.2,1515.63299819827,16.717,39.045,24.888,19.909,10.397,10.359
20241115171427.6,1516.11399538815,16.665,39.103,24.931,19.923,10.395,10.381
20241115171428.1,1516.59800000489,16.644,39.208,24.977,19.953,10.383,10.353
20241115171428.6,1517.08200462162,16.65,39.227,24.996,19.984,10.383,10.359
20241115171429.1,1517.5630018115,16.707,39.268,25.008,19.98,10.397,10.369
20241115171429.6,1518.04699636996,16.703,39.258,25.022,19.976,10.387,10.369
20241115171430.1,1518.53199675679,16.705,39.318,25.029,19.99,10.391,10.365
20241115171430.5,1519.01600137353,16.707,39.345,25.029,20,10.399,10.367
20241115171431,1519.51599866152,16.711,39.378,25.053,20.016,10.389,10.367
20241115171431.5,1520.00799961388,16.715,39.405,25.059,20.016,10.393,10.339
20241115171432,1520.49599736929,16.747,39.421,25.071,19.998,10.387,10.361
20241115171432.5,1520.97700461745,16.747,39.411,25.059,19.984,10.397,10.369
20241115171433,1521.46099917591,16.737,39.405,25.061,19.961,10.391,10.363
20241115171433.5,1521.94599956274,16.737,39.305,25.014,19.953,10.407,10.361
20241115171434,1522.43000417948,16.755,39.247,25.008,19.925,10.385,10.369
20241115171434.4,1522.90999554098,16.766,39.264,24.988,19.919,10.391,10.359
20241115171434.9,1523.39499592781,16.804,39.307,25.008,19.937,10.391,10.365
20241115171435.4,1523.8830037415,16.816,39.446,25.022,19.933,10.375,10.369
20241115171435.9,1524.36400093138,16.834,39.506,25.041,19.935,10.405,10.357
20241115171436.4,1524.84799548984,16.84,39.574,25.053,19.935,10.383,10.373
20241115171436.9,1525.33200010657,16.814,39.589,25.073,19.945,10.377,10.373
20241115171437.3,1525.81700049341,16.792,39.614,25.084,19.965,10.385,10.361
20241115171437.8,1526.30100511014,16.78,39.62,25.073,19.978,10.377,10.373
20241115171438.3,1526.7849996686,16.802,39.636,25.092,20.002,10.385,10.373
20241115171438.8,1527.27400325239,16.798,39.686,25.123,19.998,10.385,10.383
20241115171439.3,1527.75799781084,16.784,39.665,25.106,20.008,10.391,10.369
20241115171439.8,1528.24599556625,16.761,39.68,25.135,20.026,10.399,10.357
20241115171440.3,1528.72700281441,16.737,39.729,25.149,20.038,10.407,10.381
20241115171440.7,1529.21099737287,16.685,39.746,25.143,20.046,10.403,10.353
20241115171441.2,1529.6959977597,16.663,39.808,25.172,20.054,10.387,10.379
20241115171441.7,1530.18399551511,16.665,39.841,25.186,20.064,10.403,10.371
20241115171442.2,1530.66800013185,16.634,39.905,25.215,20.093,10.395,10.375
20241115171442.7,1531.15700371563,16.648,39.926,25.209,20.089,10.391,10.347
20241115171443.2,1531.63699507713,16.663,39.982,25.241,20.119,10.399,10.353
20241115171443.7,1532.12099969387,16.669,40.062,25.29,20.133,10.379,10.365
20241115171444.2,1532.62099698186,16.661,40.108,25.305,20.127,10.391,10.351
20241115171444.6,1533.10599736869,16.683,40.139,25.315,20.127,10.385,10.357
20241115171445.1,1533.59000198543,16.671,40.16,25.323,20.145,10.377,10.371
20241115171445.6,1534.06699597836,16.64,40.273,25.335,20.151,10.363,10.375
20241115171446.1,1534.55500379205,16.622,40.247,25.347,20.139,10.395,10.347
20241115171446.6,1535.04300154746,16.551,40.232,25.311,20.135,10.383,10.373
20241115171447.1,1535.52399873734,16.527,40.304,25.347,20.123,10.395,10.359
20241115171447.5,1536.00800335407,16.489,40.323,25.341,20.107,10.405,10.359
20241115171448,1536.48900054395,16.497,40.367,25.347,20.119,10.407,10.353
20241115171448.5,1536.97299510241,16.515,40.389,25.372,20.125,10.391,10.375
20241115171449,1537.4610029161,16.552,40.487,25.374,20.117,10.391,10.371
20241115171449.5,1537.94600330293,16.586,40.571,25.384,20.158,10.393,10.351
20241115171450,1538.42999786139,16.612,40.629,25.425,20.155,10.381,10.351
20241115171450.4,1538.90999928117,16.624,40.642,25.433,20.164,10.387,10.369
20241115171450.9,1539.394999668,16.568,40.609,25.454,20.156,10.407,10.365
20241115171451.4,1539.87900428474,16.552,40.644,25.466,20.174,10.393,10.369
20241115171451.9,1540.37499837577,16.554,40.636,25.447,20.202,10.397,10.373
20241115171452.4,1540.86400195956,16.552,40.64,25.447,20.174,10.387,10.363
20241115171452.9,1541.3599960506,16.574,40.652,25.443,20.194,10.395,10.361
20241115171453.4,1541.84400066733,16.594,40.685,25.472,20.19,10.383,10.369
20241115171453.9,1542.32799522579,16.592,40.724,25.474,20.194,10.389,10.357
20241115171454.3,1542.81299561262,16.62,40.747,25.493,20.206,10.415,10.363
20241115171454.8,1543.29700022936,16.655,40.803,25.509,20.232,10.397,10.371
20241115171455.3,1543.77799741924,16.661,40.834,25.527,20.222,10.416,10.369
20241115171455.8,1544.26599517465,16.673,40.844,25.496,20.238,10.401,10.375
20241115171456.3,1544.74599659443,16.727,40.863,25.527,20.234,10.409,10.371
20241115171456.8,1545.23099698126,16.721,40.915,25.545,20.238,10.414,10.377
20241115171457.2,1545.715001598,16.721,40.944,25.56,20.25,10.416,10.373
20241115171457.7,1546.19899615645,16.778,40.991,25.584,20.281,10.412,10.369
20241115171458.2,1546.68399654329,16.812,41.051,25.603,20.262,10.409,10.373
20241115171458.7,1547.18000069261,16.862,41.115,25.627,20.295,10.403,10.389
20241115171459.2,1547.66399525106,16.889,41.2,25.654,20.267,10.426,10.383
20241115171459.7,1548.14500249922,16.901,41.268,25.693,20.309,10.414,10.369
20241115171500.2,1548.62899705768,16.925,41.361,25.735,20.341,10.409,10.385
20241115171500.7,1549.12900440395,16.923,41.428,25.744,20.351,10.409,10.383
20241115171501.2,1549.62900169194,16.957,41.442,25.76,20.347,10.418,10.389
20241115171501.7,1550.12899897993,16.957,41.494,25.776,20.382,10.407,10.399
20241115171502.1,1550.60999616981,16.947,41.531,25.819,20.404,10.418,10.393
20241115171502.6,1551.11700408161,16.913,41.599,25.821,20.402,10.428,10.393
20241115171503.2,1551.62900090218,16.913,41.637,25.854,20.43,10.403,10.381
20241115171503.7,1552.12899819016,16.929,41.688,25.848,20.444,10.416,10.383
20241115171504.1,1552.60999538004,16.909,41.725,25.889,20.462,10.405,10.381
20241115171504.6,1553.08999679983,16.927,41.744,25.899,20.477,10.432,10.391
20241115171505.1,1553.57800461352,16.903,41.831,25.925,20.464,10.401,10.383
20241115171505.6,1554.06299494207,16.895,41.87,25.946,20.489,10.414,10.381
20241115171506.1,1554.54299636185,16.883,41.918,25.968,20.507,10.409,10.371
20241115171506.6,1555.02799674869,16.883,41.972,25.985,20.517,10.426,10.377
20241115171507,1555.50799816847,16.865,41.999,25.995,20.531,10.399,10.391
20241115171507.5,1555.99999912083,16.877,42.069,26.028,20.545,10.424,10.387
20241115171508,1556.48099631071,16.879,42.168,26.03,20.559,10.43,10.375
20241115171508.5,1556.98100365698,16.871,42.222,26.046,20.555,10.422,10.395
20241115171509,1557.46100507677,16.826,42.274,26.073,20.561,10.391,10.387
20241115171509.5,1557.96100236475,16.838,42.319,26.093,20.58,10.403,10.391
20241115171510,1558.44900012016,16.862,42.323,26.089,20.59,10.397,10.395
20241115171510.5,1558.93800370395,16.863,42.356,26.111,20.6,10.403,10.379
20241115171511,1559.42199826241,16.901,42.408,26.13,20.624,10.407,10.399
20241115171511.4,1559.90699864924,16.907,42.483,26.163,20.63,10.399,10.389
20241115171511.9,1560.38700006902,16.933,42.501,26.171,20.618,10.391,10.395
20241115171512.4,1560.87100468576,16.937,42.495,26.189,20.638,10.407,10.381
20241115171512.9,1561.36699877679,16.931,42.516,26.181,20.638,10.409,10.389
20241115171513.4,1561.85199916363,16.958,42.53,26.171,20.644,10.391,10.389
20241115171513.9,1562.35199645162,16.97,42.549,26.183,20.648,10.42,10.379
20241115171514.4,1562.83600106835,16.923,42.57,26.193,20.644,10.415,10.383
20241115171514.8,1563.31699825823,16.899,42.572,26.187,20.646,10.415,10.399
20241115171515.3,1563.80499601364,16.875,42.57,26.201,20.654,10.415,10.381
20241115171515.8,1564.28900063038,16.869,42.58,26.216,20.642,10.393,10.387
20241115171516.3,1564.7850047797,16.873,42.629,26.212,20.64,10.391,10.391
20241115171516.8,1565.26999510825,16.875,42.663,26.199,20.646,10.403,10.377
20241115171517.3,1565.75399972498,16.844,42.702,26.22,20.648,10.407,10.383
20241115171517.8,1566.23499691486,16.83,42.706,26.23,20.636,10.407,10.381
20241115171518.3,1566.72300472856,16.859,42.723,26.234,20.638,10.391,10.371
20241115171518.7,1567.21100248396,16.869,42.787,26.251,20.671,10.401,10.379
20241115171519.2,1567.69900023937,16.901,42.84,26.25,20.687,10.415,10.367
20241115171519.7,1568.19899752736,16.899,42.865,26.269,20.695,10.415,10.379
20241115171520.2,1568.6839979142,16.933,42.93,26.267,20.703,10.403,10.379
20241115171520.7,1569.16399933398,16.915,42.965,26.312,20.707,10.405,10.365
20241115171521.2,1569.65300291777,16.951,43.058,26.349,20.735,10.413,10.393
20241115171521.7,1570.13300433755,16.929,43.116,26.361,20.747,10.401,10.369
20241115171522.1,1570.61400152743,16.859,43.176,26.371,20.764,10.403,10.399
20241115171522.6,1571.09799608588,16.842,43.236,26.393,20.774,10.417,10.391
20241115171523.1,1571.58600389957,16.852,43.256,26.408,20.772,10.426,10.379
20241115171523.6,1572.07100428641,16.875,43.262,26.436,20.772,10.415,10.375
20241115171524.1,1572.55499884486,16.867,43.262,26.426,20.768,10.399,10.365
20241115171524.6,1573.03500026464,16.881,43.196,26.381,20.758,10.399,10.393
20241115171525.1,1573.52000065148,16.85,43.147,26.347,20.737,10.428,10.391
20241115171525.5,1574.00399520993,16.836,43.138,26.351,20.717,10.428,10.373
20241115171526,1574.49999935925,16.84,43.14,26.379,20.733,10.415,10.379
20241115171526.5,1575.00399984419,16.838,43.2,26.381,20.747,10.409,10.389
20241115171527,1575.48900023103,16.816,43.271,26.4,20.758,10.397,10.399
20241115171527.5,1575.97299478948,16.808,43.291,26.396,20.757,10.415,10.397
20241115171528,1576.45699940622,16.826,43.329,26.422,20.774,10.399,10.389
20241115171528.5,1576.94600299001,16.852,43.349,26.451,20.77,10.426,10.393
20241115171529,1577.42999754846,16.895,43.413,26.451,20.802,10.413,10.379
20241115171529.4,1577.90999896824,16.887,43.533,26.508,20.842,10.387,10.369
20241115171529.9,1578.39499935508,16.913,43.614,26.541,20.842,10.43,10.385
20241115171530.4,1578.8910035044,16.923,43.688,26.541,20.848,10.409,10.393
20241115171530.9,1579.38699759543,16.943,43.742,26.538,20.856,10.407,10.387
20241115171531.4,1579.87499535084,16.951,43.775,26.541,20.848,10.436,10.391
20241115171531.9,1580.35999573767,16.982,43.736,26.563,20.862,10.418,10.395
20241115171532.4,1580.87099678814,16.994,43.746,26.573,20.87,10.424,10.387
20241115171532.9,1581.36000037193,16.998,43.784,26.573,20.86,10.399,10.385
20241115171533.4,1581.84399493039,16.988,43.792,26.577,20.846,10.414,10.385
20241115171533.9,1582.32799954712,16.881,43.749,26.563,20.836,10.409,10.383
20241115171534.3,1582.81299993396,16.798,43.784,26.549,20.842,10.405,10.397
20241115171534.8,1583.2970045507,16.741,43.761,26.545,20.834,10.403,10.393
20241115171535.3,1583.77800174057,16.685,43.792,26.538,20.818,10.422,10.387
20241115171535.8,1584.26199629903,16.671,43.825,26.532,20.812,10.432,10.391
20241115171536.3,1584.74600091577,16.665,43.955,26.536,20.81,10.426,10.405
20241115171536.8,1585.2310013026,16.703,43.974,26.545,20.782,10.43,10.397
20241115171537.2,1585.71100272238,16.727,44.028,26.551,20.769,10.409,10.416
20241115171537.7,1586.19600310922,16.715,43.959,26.51,20.751,10.428,10.42
20241115171538.2,1586.69199720025,16.697,43.808,26.463,20.727,10.414,10.383
20241115171538.7,1587.18800134957,16.665,43.736,26.426,20.721,10.436,10.391
20241115171539.2,1587.67199590802,16.608,43.738,26.414,20.703,10.418,10.395
20241115171539.7,1588.16000372171,16.582,43.798,26.449,20.701,10.409,10.397
20241115171540.2,1588.64899724722,16.606,43.885,26.442,20.727,10.416,10.395
20241115171540.7,1589.13300186396,16.616,43.991,26.477,20.733,10.409,10.385
20241115171541.2,1589.62899595499,16.638,44.061,26.487,20.745,10.412,10.412
20241115171541.6,1590.11399634182,16.689,44.092,26.5,20.735,10.407,10.389
20241115171542.1,1590.61000049114,16.699,44.125,26.492,20.743,10.395,10.383
20241115171542.6,1591.10600464046,16.733,44.137,26.5,20.735,10.426,10.399
20241115171543.1,1591.58999919891,16.755,44.106,26.492,20.741,10.424,10.401
20241115171543.6,1592.0899964869,16.768,44.03,26.469,20.737,10.428,10.393
20241115171544.1,1592.57800430059,16.798,44.067,26.471,20.735,10.432,10.363
20241115171544.6,1593.06300468743,16.842,44.069,26.473,20.733,10.422,10.405
20241115171545.1,1593.56300197542,16.86,44.137,26.508,20.727,10.395,10.401
20241115171545.6,1594.06299926341,16.905,44.251,26.536,20.753,10.417,10.389
20241115171546.1,1594.54300068319,16.905,44.328,26.563,20.762,10.411,10.377
20241115171546.6,1595.02800107002,16.879,44.4,26.575,20.796,10.409,10.387
20241115171547,1595.50800248981,16.869,44.504,26.628,20.806,10.397,10.405
20241115171547.5,1595.99600024521,16.879,44.584,26.647,20.846,10.413,10.381
20241115171548,1596.4959975332,16.935,44.681,26.692,20.859,10.415,10.385
20241115171548.5,1596.99200168252,16.947,44.793,26.741,20.891,10.389,10.375
20241115171549,1597.49199897051,16.976,44.924,26.786,20.919,10.411,10.391
20241115171549.5,1597.9810025543,16.996,45.027,26.817,20.945,10.395,10.403
20241115171550,1598.46499711275,17,45.112,26.861,20.976,10.415,10.383
20241115171550.5,1598.94600436091,17.036,45.17,26.878,20.99,10.407,10.397
20241115171551,1599.42999891937,17.059,45.219,26.886,20.99,10.413,10.369
20241115171551.4,1599.91400353611,17.067,45.275,26.913,21.008,10.411,10.389
20241115171551.9,1600.39500072598,17.083,45.281,26.892,21.014,10.405,10.385
20241115171552.4,1600.87899528444,17.087,45.288,26.919,21.024,10.426,10.391
20241115171552.9,1601.36700309813,17.073,45.319,26.927,21.018,10.407,10.371
20241115171553.4,1601.86400301754,17.032,45.364,26.968,21.063,10.42,10.393
20241115171553.9,1602.34400443733,17.055,45.418,26.966,21.046,10.413,10.373
20241115171554.4,1602.82799899578,17.061,45.432,26.982,21.038,10.403,10.377
20241115171554.9,1603.3240031451,17.065,45.519,27,21.048,10.393,10.373
20241115171555.3,1603.81699986756,17.034,45.59,27.033,21.056,10.393,10.377
20241115171555.8,1604.29299809039,17.04,45.67,27.051,21.052,10.397,10.385
20241115171556.3,1604.78499904275,17.044,45.707,27.058,21.079,10.407,10.401
20241115171556.8,1605.27400262654,17.089,45.77,27.088,21.093,10.42,10.377
20241115171557.3,1605.77399991453,17.067,45.772,27.098,21.119,10.405,10.387
20241115171557.8,1606.26199766994,17.097,45.782,27.09,21.117,10.413,10.391
20241115171558.3,1606.74199908972,17.083,45.848,27.082,21.107,10.403,10.397
20241115171558.8,1607.22699947655,17.079,45.879,27.103,21.109,10.411,10.399
20241115171559.3,1607.72699676454,17.067,45.906,27.094,21.117,10.415,10.393
20241115171559.7,1608.20699818432,17.077,45.906,27.101,21.097,10.409,10.383
20241115171600.2,1608.69199857116,17.093,45.956,27.127,21.127,10.401,10.395
20241115171600.7,1609.17999632657,17.135,45.954,27.135,21.119,10.413,10.383
20241115171601.2,1609.65999774635,17.113,45.991,27.162,21.129,10.401,10.381
20241115171601.7,1610.16399823129,17.121,46.014,27.166,21.117,10.415,10.397
20241115171602.2,1610.64899861813,17.075,46.119,27.182,21.133,10.415,10.401
20241115171602.7,1611.14899590611,17.067,46.148,27.207,21.145,10.397,10.375
20241115171603.2,1611.63300052285,17.02,46.183,27.188,21.151,10.385,10.381
20241115171603.7,1612.12500147521,16.988,46.191,27.199,21.16,10.403,10.379
20241115171604.1,1612.61000186205,16.945,46.216,27.178,21.162,10.407,10.377
20241115171604.6,1613.0939964205,16.962,46.229,27.176,21.155,10.397,10.379
20241115171605.1,1613.59400376678,17.002,46.274,27.194,21.174,10.401,10.381
20241115171605.6,1614.07399512827,17.044,46.295,27.221,21.162,10.403,10.391
20241115171606.1,1614.55500237644,17.028,46.365,27.239,21.194,10.413,10.379
20241115171606.6,1615.04300013185,17.055,46.45,27.248,21.198,10.399,10.393
20241115171607.1,1615.52800051868,17.071,46.527,27.301,21.23,10.387,10.393
20241115171607.5,1616.01199507713,17.077,46.582,27.297,21.21,10.413,10.387
20241115171608,1616.51200242341,17.107,46.649,27.317,21.234,10.385,10.385
20241115171608.5,1616.99599698186,17.107,46.74,27.35,21.261,10.397,10.379
20241115171609,1617.49600432813,17.133,46.851,27.37,21.293,10.417,10.383
20241115171609.5,1617.99199841917,17.123,46.945,27.409,21.305,10.393,10.355
20241115171610,1618.476998806,17.093,47.054,27.432,21.311,10.401,10.377
20241115171610.5,1618.96100342274,17.103,47.133,27.444,21.315,10.405,10.393
20241115171611,1619.44600380957,17.063,47.172,27.458,21.305,10.409,10.383
20241115171611.5,1619.94199790061,17.048,47.176,27.462,21.317,10.409,10.385
20241115171612,1620.42600251734,17.091,47.199,27.481,21.305,10.393,10.377
20241115171612.5,1620.92599980533,17.111,47.207,27.462,21.321,10.401,10.387
20241115171612.9,1621.41000442207,17.117,47.259,27.483,21.303,10.407,10.393
20241115171613.4,1621.90700434148,17.095,47.317,27.501,21.331,10.399,10.389
20241115171613.9,1622.38699570298,17.069,47.356,27.525,21.349,10.399,10.383
20241115171614.4,1622.87500351667,17.038,47.408,27.528,21.38,10.399,10.377
20241115171614.9,1623.35600070655,17.075,47.453,27.577,21.384,10.389,10.389
20241115171615.4,1623.84399846196,17.095,47.509,27.558,21.394,10.401,10.395
20241115171615.9,1624.34799894691,17.079,47.553,27.597,21.424,10.399,10.385
20241115171616.4,1624.82800036669,17.055,47.648,27.622,21.424,10.405,10.381
20241115171616.8,1625.31300075352,17.004,47.745,27.632,21.45,10.403,10.389
20241115171617.3,1625.79699531198,17,47.788,27.658,21.459,10.397,10.387
20241115171617.8,1626.28199569881,17.006,47.882,27.656,21.434,10.401,10.403
20241115171618.3,1626.7700035125,17.028,47.874,27.685,21.469,10.409,10.391
20241115171618.8,1627.25399807096,17.026,47.926,27.636,21.454,10.407,10.405
20241115171619.3,1627.74199582636,17.038,47.936,27.683,21.471,10.399,10.397
20241115171619.8,1628.23899574578,17.055,47.978,27.671,21.448,10.401,10.377
20241115171620.3,1628.73900309205,17.055,47.997,27.668,21.454,10.399,10.391
20241115171620.8,1629.25000414252,17.073,48.032,27.671,21.467,10.42,10.393
20241115171621.3,1629.7310013324,17.069,48.066,27.679,21.467,10.401,10.379
20241115171621.8,1630.23099862039,17.085,48.107,27.697,21.463,10.409,10.369
20241115171622.2,1630.71500323713,17.087,48.16,27.697,21.444,10.411,10.397
20241115171622.7,1631.19899779558,17.081,48.202,27.705,21.448,10.385,10.391
20241115171623.2,1631.68399818242,17.121,48.256,27.697,21.45,10.43,10.387
20241115171623.7,1632.16800279915,17.123,48.272,27.699,21.444,10.407,10.385
20241115171624.2,1632.65300318599,17.101,48.343,27.699,21.448,10.415,10.387
20241115171624.7,1633.13699774444,17.103,48.387,27.72,21.454,10.395,10.391
20241115171625.1,1633.61699916422,17.071,48.435,27.724,21.481,10.417,10.397
20241115171625.6,1634.10199955106,17.067,48.527,27.763,21.477,10.411,10.369
20241115171626.1,1634.5860041678,17.03,48.592,27.779,21.499,10.399,10.383
20241115171626.6,1635.07100455463,16.976,48.694,27.781,21.493,10.403,10.391
20241115171627.1,1635.55499911308,16.901,48.711,27.773,21.487,10.403,10.395
20241115171627.6,1636.03500053287,16.814,48.736,27.803,21.467,10.407,10.375
20241115171628.1,1636.52400411665,16.776,48.772,27.808,21.479,10.411,10.381
20241115171628.5,1637.00799867511,16.776,48.784,27.801,21.471,10.397,10.377
20241115171629,1637.5079959631,16.744,48.878,27.808,21.485,10.397,10.371
20241115171629.5,1638.00400011241,16.733,48.899,27.814,21.479,10.387,10.401
20241115171630,1638.5039974004,16.752,48.92,27.84,21.469,10.397,10.381
20241115171630.5,1638.98500464857,16.776,48.985,27.836,21.485,10.381,10.371
20241115171631,1639.46899920702,16.782,49.073,27.871,21.485,10.415,10.391
20241115171631.5,1639.95300382376,16.812,49.106,27.873,21.503,10.405,10.395
20241115171632,1640.43800421059,16.82,49.192,27.871,21.515,10.42,10.405
20241115171632.5,1640.92199876904,16.838,49.257,27.885,21.513,10.383,10.389
20241115171632.9,1641.40299595892,16.869,49.344,27.897,21.523,10.409,10.383
20241115171633.4,1641.88700057566,16.903,49.459,27.903,21.531,10.417,10.403
20241115171633.9,1642.38699786365,16.931,49.528,27.938,21.555,10.407,10.403
20241115171634.4,1642.88699515164,16.947,49.633,27.957,21.555,10.411,10.387
20241115171634.9,1643.38299930096,16.919,49.689,27.961,21.541,10.399,10.391
20241115171635.4,1643.87900345027,16.941,49.693,27.953,21.537,10.403,10.413
20241115171635.9,1644.36400383711,16.974,49.735,27.987,21.531,10.403,10.387
20241115171636.4,1644.85600478947,16.996,49.766,27.959,21.531,10.42,10.371
20241115171636.9,1645.35600207746,16.988,49.806,27.981,21.519,10.409,10.371
20241115171637.4,1645.85199616849,17.008,49.856,27.991,21.529,10.405,10.381
20241115171637.9,1646.33600078523,17.034,49.908,28,21.527,10.407,10.393
20241115171638.4,1646.83599807322,17.039,49.934,28.002,21.539,10.407,10.387
20241115171638.8,1647.3169952631,17.038,50.007,28.014,21.543,10.397,10.387
20241115171639.3,1647.80099987984,17,49.994,27.991,21.513,10.403,10.399
20241115171639.8,1648.28199706972,16.95,50.027,27.987,21.505,10.409,10.393
20241115171640.3,1648.77000488341,16.875,50.023,27.959,21.507,10.399,10.365
20241115171640.8,1649.25399944186,16.881,50.076,27.955,21.519,10.421,10.379
20241115171641.3,1649.75000359118,16.843,50.205,28,21.521,10.397,10.383
20241115171641.8,1650.25400407612,16.841,50.282,28,21.545,10.409,10.389
20241115171642.3,1650.73900446296,16.859,50.332,28.01,21.554,10.413,10.389
20241115171642.8,1651.22700221837,16.857,50.431,28.032,21.576,10.401,10.381
20241115171643.2,1651.71099677682,16.843,50.544,28.059,21.604,10.413,10.389
20241115171643.7,1652.19599716365,16.869,50.614,28.09,21.598,10.421,10.377
20241115171644.2,1652.68400497735,16.861,50.673,28.096,21.632,10.413,10.387
20241115171644.7,1653.1679995358,16.879,50.738,28.128,21.638,10.415,10.391
20241115171645.2,1653.65299992263,16.889,50.815,28.137,21.646,10.397,10.399
20241115171645.7,1654.14900407195,16.923,50.867,28.167,21.671,10.401,10.397
20241115171646.2,1654.64100502431,16.935,51.268,28.216,21.689,10.379,10.393
20241115171646.7,1655.12499958277,16.931,51.377,28.247,21.715,10.413,10.383
20241115171647.1,1655.61400316656,16.927,51.444,28.269,21.747,10.422,10.395
20241115171647.6,1656.09799772501,16.919,51.536,28.294,21.768,10.42,10.403
20241115171648.1,1656.58200234175,16.897,51.592,28.306,21.772,10.422,10.405
20241115171648.6,1657.09399916232,16.941,51.684,28.32,21.788,10.422,10.405
20241115171649.1,1657.57800377905,16.941,51.768,28.339,21.806,10.421,10.383
20241115171649.6,1658.06699730456,16.935,51.895,28.361,21.808,10.428,10.387
20241115171650.1,1658.54699872434,16.946,51.977,28.404,21.828,10.407,10.399
20241115171650.6,1659.04300287366,16.954,52.07,28.412,21.818,10.424,10.401
20241115171651.1,1659.54300016165,16.964,52.167,28.431,21.802,10.426,10.397
20241115171651.6,1660.05900017917,16.998,52.248,28.416,21.806,10.424,10.403
20241115171652.1,1660.54300479591,17.008,52.24,28.418,21.8,10.417,10.401
20241115171652.6,1661.03899888694,17.052,52.271,28.435,21.81,10.415,10.397
20241115171653.1,1661.52399927378,17.038,52.398,28.422,21.816,10.399,10.409
20241115171653.5,1662.00400069356,17.052,52.474,28.441,21.824,10.411,10.407
20241115171654,1662.49199844897,17.065,52.543,28.424,21.834,10.409,10.391
20241115171654.5,1662.97299563885,17.05,52.63,28.445,21.828,10.411,10.403
20241115171655,1663.45700025558,17.032,52.683,28.461,21.818,10.428,10.403
20241115171655.5,1663.94600383937,17.01,52.764,28.453,21.81,10.424,10.397
20241115171656,1664.43400159478,16.98,52.802,28.461,21.81,10.44,10.405
20241115171656.5,1664.92999568582,16.976,52.837,28.453,21.796,10.432,10.399
20241115171656.9,1665.41400030255,17.012,52.862,28.476,21.822,10.434,10.42
20241115171657.4,1665.90300388634,17,53.029,28.516,21.838,10.415,10.413
20241115171657.9,1666.38299524784,17.002,53.061,28.502,21.84,10.413,10.417
20241115171658.4,1666.88300259411,17.018,53.242,28.51,21.828,10.415,10.405
20241115171658.9,1667.36399978399,17.065,53.36,28.551,21.861,10.436,10.407
20241115171659.4,1667.8519975394,17.101,53.47,28.567,21.863,10.446,10.405
20241115171659.9,1668.33199895918,17.05,53.56,28.6,21.879,10.415,10.403
20241115171700.3,1668.81699934602,17.024,53.596,28.612,21.903,10.426,10.401
20241115171700.8,1669.2970007658,16.988,53.637,28.586,21.871,10.426,10.385
20241115171701.3,1669.79699805379,16.974,53.648,28.592,21.857,10.415,10.409
20241115171701.8,1670.29699534178,16.976,53.727,28.592,21.865,10.405,10.395
20241115171702.3,1670.7929994911,16.943,53.725,28.565,21.863,10.411,10.405
20241115171702.8,1671.28900364041,16.949,53.767,28.574,21.854,10.417,10.407
20241115171703.3,1671.77400402725,16.921,53.871,28.58,21.861,10.422,10.405
20241115171703.8,1672.2579985857,16.941,53.955,28.578,21.871,10.411,10.397
20241115171704.3,1672.74200320244,16.939,54.051,28.584,21.885,10.424,10.405
20241115171704.8,1673.22300039232,16.954,54.151,28.604,21.883,10.434,10.417
20241115171705.2,1673.70700500906,16.978,54.279,28.617,21.881,10.422,10.422
20241115171705.7,1674.19199533761,16.958,54.375,28.649,21.879,10.409,10.387
20241115171706.2,1674.68399628997,16.951,54.561,28.661,21.913,10.44,10.409
20241115171706.7,1675.19600316882,16.97,54.709,28.666,21.919,10.434,10.391
20241115171707.2,1675.67999772727,16.956,54.809,28.688,21.933,10.419,10.401
20241115171707.7,1676.16400234401,16.984,54.928,28.717,21.935,10.421,10.383
20241115171708.2,1676.65299586952,16.996,55.064,28.737,21.954,10.419,10.399
20241115171708.7,1677.14900001884,16.986,55.194,28.741,21.976,10.423,10.409
20241115171709.2,1677.64500416815,16.99,55.317,28.772,21.958,10.415,10.387
20241115171709.7,1678.12899872661,16.992,55.434,28.778,21.996,10.407,10.389
20241115171710.1,1678.61399911344,17.02,55.555,28.805,22.018,10.409,10.393
20241115171710.6,1679.11700382829,17.035,55.729,28.848,22.032,10.419,10.393
20241115171711.1,1679.60200421512,17.029,55.869,28.88,22.061,10.395,10.381
20241115171711.6,1680.09000197053,17.041,56.048,28.901,22.071,10.417,10.395
20241115171712.1,1680.58599606156,17.035,56.228,28.929,22.073,10.415,10.411
20241115171712.6,1681.08600340784,17.032,56.414,28.976,22.101,10.411,10.397
20241115171713.1,1681.56700059772,17.022,56.546,28.962,22.099,10.393,10.389
20241115171713.6,1682.05099515617,17.012,56.677,28.997,22.115,10.391,10.393
20241115171714.1,1682.53499977291,17.03,56.819,29.021,22.132,10.411,10.395
20241115171714.6,1683.0240033567,16.992,56.972,29.052,22.16,10.415,10.393
20241115171715.1,1683.52400064468,16.984,57.139,29.06,22.156,10.407,10.391
20241115171715.6,1684.020004794,17.004,57.312,29.072,22.17,10.417,10.399
20241115171716,1684.50399935246,17.006,57.46,29.074,22.164,10.411,10.401
20241115171716.5,1685.00399664044,17.014,57.532,29.105,22.17,10.403,10.385
20241115171717,1685.48899702728,17.02,57.636,29.119,22.181,10.415,10.397
20241115171717.5,1685.9850011766,17.024,57.761,29.117,22.189,10.413,10.379
20241115171718,1686.48499846458,17.034,57.924,29.16,22.195,10.399,10.399
20241115171718.5,1686.9810026139,17.069,58.031,29.17,22.195,10.401,10.393
20241115171719,1687.46499717236,17.067,58.073,29.181,22.203,10.421,10.393
20241115171719.5,1687.96100132167,17.087,58.186,29.179,22.219,10.393,10.383
20241115171720,1688.46099860966,17.071,58.378,29.221,22.23,10.409,10.405
20241115171720.5,1688.9459989965,17.051,58.555,29.213,22.221,10.401,10.389
20241115171721,1689.43000361323,17.065,58.731,29.226,22.228,10.407,10.395
20241115171721.4,1689.91399817169,17.043,58.846,29.199,22.213,10.395,10.369
20241115171721.9,1690.39899855852,17.053,59.006,29.207,22.191,10.415,10.391
20241115171722.4,1690.8789999783,17.085,59.194,29.228,22.195,10.411,10.385
20241115171722.9,1691.36400036514,17.135,59.353,29.234,22.211,10.403,10.391
20241115171723.4,1691.85199812055,17.148,59.5,29.242,22.217,10.407,10.377
20241115171723.9,1692.34800226986,17.166,59.56,29.211,22.187,10.405,10.381
20241115171724.4,1692.83600002527,17.192,59.7,29.24,22.199,10.403,10.395
20241115171724.9,1693.33599731326,17.192,60.212,29.252,22.211,10.411,10.389
20241115171725.4,1693.82399506867,17.204,60.442,29.287,22.232,10.397,10.387
20241115171725.8,1694.3089954555,17.206,60.446,29.254,22.246,10.415,10.403
20241115171726.3,1694.80499960482,17.18,60.525,29.283,22.236,10.424,10.395
20241115171726.8,1695.30499689281,17.097,60.668,29.291,22.219,10.401,10.407
20241115171727.3,1695.78900150955,17.018,60.842,29.307,22.252,10.397,10.381
20241115171727.8,1696.28899879754,17,60.964,29.293,22.24,10.397,10.385
20241115171728.3,1696.77399918437,16.958,61.181,29.307,22.223,10.419,10.409
20241115171728.8,1697.27399647236,16.923,61.322,29.318,22.234,10.405,10.383
20241115171729.3,1697.77400381863,16.927,61.416,29.293,22.236,10.387,10.395
20241115171729.8,1698.2850048691,16.867,61.54,29.275,22.211,10.413,10.391
20241115171730.3,1698.77399839461,16.804,61.666,29.285,22.197,10.419,10.395
20241115171730.8,1699.2739956826,16.81,61.836,29.273,22.213,10.409,10.397
20241115171731.3,1699.77400302887,16.826,62.082,29.297,22.231,10.411,10.397
20241115171731.8,1700.28899721801,16.855,62.29,29.319,22.244,10.413,10.399
20241115171732.3,1700.77000446618,16.842,62.531,29.338,22.258,10.395,10.387
20241115171732.8,1701.28499865532,16.921,62.804,29.379,22.272,10.413,10.373
20241115171733.3,1701.79699547589,16.966,63.046,29.401,22.291,10.407,10.393
20241115171733.8,1702.28500328958,16.98,63.269,29.413,22.309,10.417,10.385
20241115171734.3,1702.77399681509,17.002,63.508,29.422,22.309,10.409,10.387
20241115171734.8,1703.27799730003,16.994,63.744,29.426,22.307,10.413,10.401
20241115171735.3,1703.77400144935,16.994,63.954,29.442,22.297,10.409,10.393
20241115171735.8,1704.27800193429,17.004,64.182,29.444,22.293,10.407,10.375
20241115171736.3,1704.78200241923,16.99,64.384,29.448,22.297,10.405,10.395
20241115171736.8,1705.28199970722,17.016,64.626,29.454,22.297,10.393,10.397
20241115171737.3,1705.77800385654,17.05,64.88,29.477,22.309,10.417,10.401
20241115171737.8,1706.26600161195,17.089,65.183,29.481,22.317,10.405,10.385
20241115171738.3,1706.7499961704,17.077,65.37,29.513,22.309,10.405,10.405
20241115171738.8,1707.23499655724,17.095,65.603,29.524,22.336,10.405,10.383
20241115171739.3,1707.72300437093,17.117,65.811,29.528,22.323,10.407,10.387
20241115171739.7,1708.21100212634,17.121,66.042,29.487,22.35,10.412,10.389
20241115171740.2,1708.70699621737,17.143,66.294,29.544,22.33,10.418,10.395
20241115171740.8,1709.22299623489,17.097,66.598,29.552,22.334,10.407,10.42
20241115171741.2,1709.70299765468,17.105,66.899,29.558,22.338,10.418,10.405
20241115171741.7,1710.19900180399,17.109,67.123,29.556,22.348,10.434,10.377
20241115171742.2,1710.69899909198,17.159,67.39,29.566,22.377,10.407,10.395
20241115171742.7,1711.19899637997,17.18,67.703,29.591,22.381,10.414,10.369
20241115171743.2,1711.69900372624,17.17,68.048,29.607,22.397,10.401,10.409
20241115171743.7,1712.19900101423,17.188,68.386,29.632,22.405,10.43,10.385
20241115171744.2,1712.67999820411,17.184,68.705,29.65,22.405,10.414,10.389
20241115171744.7,1713.16799595952,17.184,69.004,29.669,22.411,10.418,10.387
20241115171745.2,1713.66400010884,17.182,69.293,29.648,22.411,10.412,10.405
20241115171745.7,1714.14900049567,17.149,69.573,29.663,22.43,10.399,10.403
20241115171746.2,1714.64899778366,17.133,69.88,29.687,22.413,10.424,10.389
20241115171746.7,1715.14899507165,17.135,70.247,29.671,22.43,10.428,10.42
20241115171747.2,1715.64499922097,17.145,70.543,29.705,22.432,10.397,10.381
20241115171747.7,1716.14899970591,17.129,70.915,29.722,22.436,10.405,10.409
20241115171748.2,1716.64500385523,17.101,71.31,29.759,22.471,10.407,10.399
20241115171748.7,1717.14500114322,17.075,71.783,29.81,22.497,10.43,10.405
20241115171749.2,1717.63299889863,17.05,72.26,29.863,22.534,10.424,10.401
20241115171749.7,1718.12099665403,17.061,72.741,29.861,22.544,10.401,10.403
20241115171750.1,1718.61700080335,17.018,73.176,29.877,22.538,10.389,10.381
20241115171750.7,1719.12100128829,17.038,73.628,29.904,22.548,10.405,10.391
20241115171751.2,1719.63299810886,17.034,74.101,29.934,22.558,10.405,10.375
20241115171751.7,1720.12900225818,17.036,74.483,29.928,22.54,10.395,10.403
20241115171752.2,1720.64500227571,17.069,74.881,29.93,22.546,10.411,10.369
20241115171752.7,1721.12899683416,17.075,75.295,29.943,22.565,10.395,10.387
20241115171753.2,1721.62500098348,17.047,75.734,29.963,22.575,10.395,10.375
20241115171753.7,1722.12499827147,17.045,76.201,29.963,22.579,10.399,10.391
20241115171754.1,1722.61400185525,17.034,76.599,29.967,22.579,10.401,10.379
20241115171754.6,1723.11399914324,17.024,77.107,29.984,22.577,10.399,10.391
20241115171755.1,1723.59800375998,17.028,77.503,29.967,22.557,10.397,10.397
20241115171755.6,1724.09800104797,16.99,77.953,29.953,22.548,10.399,10.381
20241115171756.1,1724.58199560642,16.913,78.384,29.945,22.54,10.405,10.379
20241115171756.6,1725.06699599326,16.865,79.06,29.949,22.536,10.401,10.395
20241115171757.1,1725.56700333953,16.802,79.493,29.947,22.532,10.399,10.391
20241115171757.6,1726.05099789798,16.76,79.872,29.914,22.491,10.393,10.383
20241115171758.1,1726.53899565339,16.687,80.353,29.906,22.499,10.409,10.371
20241115171758.6,1727.05899886787,16.691,80.953,29.885,22.481,10.397,10.401
20241115171759.1,1727.53900028765,16.687,81.466,29.887,22.469,10.397,10.403
20241115171759.6,1728.02400067449,16.733,82.014,29.883,22.467,10.405,10.397
20241115171800,1728.51199842989,16.772,82.63,29.885,22.458,10.407,10.385
20241115171800.5,1728.99600304663,16.76,83.261,29.89,22.479,10.415,10.385
20241115171801,1729.48499657214,16.758,83.818,29.887,22.456,10.401,10.391
20241115171801.5,1729.96499799192,16.792,84.522,29.9,22.458,10.417,10.391
20241115171802,1730.44900260866,16.802,85.355,29.959,22.463,10.385,10.383
20241115171802.5,1730.94899989665,16.861,86.264,30.031,22.51,10.397,10.391
20241115171803,1731.43400028348,16.897,87.027,30.088,22.561,10.395,10.391
20241115171803.5,1731.92199803889,16.933,87.852,30.149,22.571,10.423,10.385
20241115171803.9,1732.41399899125,16.974,88.602,30.153,22.579,10.401,10.411
20241115171804.4,1732.89899937809,17.022,89.281,30.186,22.61,10.407,10.407
20241115171804.9,1733.38300399482,17.051,90.017,30.214,22.599,10.407,10.401
20241115171805.4,1733.9140009135,17.083,90.78,30.198,22.587,10.422,10.403
20241115171805.9,1734.39900130033,17.105,91.394,30.175,22.587,10.422,10.432
20241115171806.4,1734.88699905574,17.119,92.222,30.165,22.577,10.411,10.395
20241115171806.9,1735.37100367248,17.117,92.981,30.182,22.579,10.411,10.397
20241115171807.4,1735.85999719799,17.083,93.75,30.178,22.581,10.415,10.387
20241115171807.9,1736.35199815035,17.095,94.62,30.202,22.618,10.407,10.399
20241115171808.4,1736.83999590576,17.097,95.458,30.214,22.616,10.417,10.385
20241115171808.9,1737.3439963907,17.089,96.512,30.259,22.62,10.43,10.379
20241115171809.4,1737.82399781048,17.101,97.344,30.251,22.634,10.399,10.395
20241115171809.9,1738.32399509847,17.095,98.338,30.266,22.649,10.403,10.391
20241115171810.3,1738.80899548531,17.063,99.419,30.278,22.661,10.409,10.395
20241115171810.8,1739.297003299,17.039,100.529,30.306,22.679,10.419,10.387
20241115171811.3,1739.78200368583,17.035,101.529,30.341,22.694,10.421,10.389
20241115171811.8,1740.27799777687,17.051,102.831,30.366,22.714,10.425,10.405
20241115171812.3,1740.77799506485,17.049,104.12,30.405,22.73,10.405,10.387
20241115171812.8,1741.27800241113,17.061,105.332,30.435,22.745,10.393,10.367
20241115171813.3,1741.76199696958,17.035,106.549,30.448,22.779,10.399,10.375
20241115171813.8,1742.25000478327,17.083,107.636,30.466,22.765,10.405,10.361
20241115171814.3,1742.73499511182,17.075,108.519,30.486,22.784,10.397,10.371
20241115171814.8,1743.2350024581,17.091,109.819,30.529,22.777,10.397,10.377
20241115171815.3,1743.73499974608,17.117,110.885,30.54,22.788,10.391,10.391
20241115171815.7,1744.21500116587,17.079,112.1,30.54,22.81,10.391,10.389
20241115171816.2,1744.70299892128,17.061,113.417,30.564,22.79,10.387,10.367
20241115171816.7,1745.18799930811,17.045,114.841,30.589,22.824,10.389,10.377
20241115171817.2,1745.68400345743,17.081,116.16,30.634,22.849,10.389,10.397
20241115171817.7,1746.17999754846,17.079,117.307,30.628,22.851,10.405,10.389
20241115171818.2,1746.6640021652,17.079,118.508,30.656,22.872,10.401,10.356
20241115171818.7,1747.16399945319,17.055,119.785,30.66,22.912,10.391,10.377
20241115171819.2,1747.66399674118,17.097,121.383,30.689,22.902,10.393,10.373
20241115171819.7,1748.1799967587,17.083,123.206,30.662,22.894,10.395,10.375
20241115171820.2,1748.68000410497,17.04,124.406,30.67,22.867,10.4,10.37
20241115171820.7,1749.18000139296,17.036,125.737,30.655,22.873,10.376,10.366
20241115171821.2,1749.67999868095,17.042,127.216,30.667,22.877,10.394,10.366
20241115171821.7,1750.17999596894,16.998,128.828,30.674,22.885,10.384,10.361
20241115171822.2,1750.68000331521,17.018,130.518,30.676,22.895,10.384,10.359
20241115171822.7,1751.19200013578,17.06,132.421,30.716,22.914,10.372,10.351
20241115171823.2,1751.6880042851,17.074,134.117,30.717,22.903,10.382,10.351
20241115171823.7,1752.18800157309,17.076,135.748,30.77,22.944,10.38,10.357
20241115171824.2,1752.68799886107,17.056,137.419,30.802,22.956,10.384,10.37
20241115171824.7,1753.17200347781,17.056,139.374,30.811,22.981,10.386,10.372
20241115171825.2,1753.65700386465,17.062,140.873,30.841,22.989,10.384,10.361
20241115171825.7,1754.14500162005,17.088,142.785,30.874,23.024,10.378,10.364
20241115171826.2,1754.63299937546,17.094,144.405,30.915,23.044,10.386,10.378
20241115171826.6,1755.1170039922,17.105,146.248,30.909,23.059,10.39,10.341
20241115171827.1,1755.60200437903,17.103,148.022,30.962,23.067,10.386,10.388
20241115171827.6,1756.09000213444,17.058,149.931,30.98,23.073,10.384,10.376
20241115171828.1,1756.57799988985,17.082,151.877,30.992,23.083,10.38,10.364
20241115171828.6,1757.08200037479,17.103,153.854,31.007,23.093,10.402,10.378
20241115171829.1,1757.58199766278,17.117,155.716,31.025,23.12,10.392,10.364
20241115171829.6,1758.06699804962,17.121,157.882,31.046,23.133,10.395,10.373
20241115171830.1,1758.56699533761,17.124,159.628,31.057,23.123,10.409,10.367
20241115171830.6,1759.06700268388,17.154,161.665,31.063,23.151,10.383,10.371
20241115171831.1,1759.56299677491,17.134,163.697,31.102,23.153,10.399,10.369
20241115171831.6,1760.0510045886,17.158,165.594,31.112,23.17,10.389,10.379
20241115171832.1,1760.55100187659,17.152,167.734,31.142,23.176,10.389,10.377
20241115171832.6,1761.04699596763,17.152,169.744,31.163,23.203,10.401,10.373
20241115171833.1,1761.53199635446,17.162,171.645,31.196,23.192,10.391,10.383
20241115171833.6,1762.03200370073,17.14,173.703,31.189,23.19,10.393,10.385
20241115171834.1,1762.53200098872,17.156,175.628,31.208,23.203,10.377,10.371
20241115171834.6,1763.03199827671,17.17,177.831,31.216,23.219,10.385,10.369
20241115171835,1763.51600289345,17.202,180.039,31.226,23.211,10.397,10.365
20241115171835.5,1764.01199698448,17.188,181.988,31.267,23.264,10.405,10.367
20241115171836,1764.51200433075,17.192,184.218,31.304,23.29,10.407,10.381
20241115171836.5,1765.01200161874,17.214,186.352,31.33,23.3,10.411,10.377
20241115171837,1765.4959961772,17.218,188.268,31.347,23.305,10.393,10.373
20241115171837.5,1765.98499976099,17.217,190.439,31.363,23.298,10.405,10.385
20241115171838,1766.48499704897,17.243,192.845,31.375,23.321,10.411,10.383
20241115171838.5,1766.98500439525,17.255,194.849,31.418,23.343,10.419,10.389
20241115171839,1767.48500168324,17.293,197.441,31.443,23.348,10.419,10.381
20241115171839.5,1767.98099577427,17.275,199.572,31.445,23.36,10.391,10.354
20241115171840,1768.47699992359,17.267,201.898,31.475,23.36,10.399,10.379
20241115171840.5,1768.98100040853,17.277,203.908,31.502,23.368,10.395,10.375
20241115171841,1769.48099769652,17.257,206.227,31.512,23.39,10.389,10.383
20241115171841.5,1769.97700184584,17.285,208.282,31.549,23.392,10.373,10.365
20241115171842,1770.47699913383,17.285,210.242,31.573,23.399,10.407,10.389
20241115171842.5,1770.96499688923,17.264,212.558,31.571,23.396,10.388,10.364
20241115171843,1771.46100103855,17.28,215.126,31.62,23.402,10.41,10.368
20241115171843.5,1771.96099832654,17.274,217.551,31.601,23.426,10.388,10.351
20241115171844,1772.46099561453,17.288,220.017,31.611,23.422,10.372,10.376
20241115171844.5,1772.9610029608,17.29,222.968,31.642,23.424,10.38,10.364
20241115171845,1773.45699705184,17.278,225.669,31.646,23.43,10.39,10.361
20241115171845.5,1773.94600063562,17.294,228.44,31.665,23.451,10.378,10.37
20241115171846,1774.45299848914,17.26,231.442,31.685,23.457,10.394,10.392
20241115171846.5,1774.94200207293,17.224,234.659,31.718,23.479,10.372,10.366
20241115171847,1775.43799616396,17.214,236.885,31.748,23.488,10.372,10.361
20241115171847.5,1775.93400031328,17.226,238.951,31.752,23.486,10.366,10.359
20241115171847.9,1776.41799487174,17.226,241.332,31.777,23.502,10.38,10.351
20241115171848.4,1776.91800221801,17.25,243.649,31.801,23.51,10.39,10.386
20241115171849,1777.42200270295,17.258,246.043,31.826,23.512,10.386,10.364
20241115171849.5,1777.92199999094,17.25,248.701,31.822,23.555,10.406,10.359
20241115171850,1778.42600047588,17.224,251.316,31.852,23.578,10.384,10.366
20241115171850.5,1778.9220046252,17.171,253.911,31.867,23.58,10.388,10.361
20241115171851,1779.43400144577,17.177,256.482,31.893,23.58,10.376,10.357
20241115171851.5,1779.93399873376,17.196,259.009,31.906,23.6,10.378,10.351
20241115171852,1780.43399602175,17.2,261.709,31.943,23.625,10.372,10.372
20241115171852.5,1780.93799650669,17.198,264.06,31.957,23.637,10.392,10.363
20241115171853,1781.43800385296,17.234,266.35,32.002,23.631,10.384,10.365
20241115171853.5,1781.93800114095,17.236,269.251,32.012,23.651,10.39,10.345
20241115171854,1782.43399523199,17.228,271.737,32.061,23.676,10.394,10.38
20241115171854.5,1782.93400257826,17.254,273.998,32.071,23.674,10.382,10.368
20241115171855,1783.43399986625,17.252,276.1,32.106,23.659,10.372,10.374
20241115171855.4,1783.91800448298,17.258,278.559,32.081,23.659,10.398,10.347
20241115171855.9,1784.41800177097,17.262,281.12,32.092,23.651,10.4,10.382
20241115171856.4,1784.90300215781,17.254,283.283,32.043,23.639,10.394,10.37
20241115171856.9,1785.4029994458,17.23,285.643,32.051,23.629,10.392,10.353
20241115171857.4,1785.89900359511,17.252,288.265,32.055,23.606,10.37,10.376
20241115171857.9,1786.38700135052,17.25,290.78,32.026,23.614,10.374,10.38
20241115171858.4,1786.87499910593,17.266,293.498,32.028,23.6,10.39,10.364
20241115171858.9,1787.37100325525,17.252,296.132,32.049,23.622,10.38,10.392
20241115171859.4,1787.87100054324,17.258,298.268,32.049,23.653,10.374,10.378
20241115171859.9,1788.37099783123,17.256,301.134,32.069,23.633,10.388,10.378
20241115171900.4,1788.86700198054,17.28,303.533,32.071,23.641,10.388,10.392
20241115171900.9,1789.36699926853,17.29,305.707,32.065,23.631,10.368,10.382
20241115171901.4,1789.86399918795,17.282,308.607,32.045,23.616,10.398,10.351
20241115171901.9,1790.36399647593,17.276,310.907,32.053,23.625,10.394,10.374
20241115171902.4,1790.85200428963,17.256,313.56,32.061,23.623,10.404,10.382
20241115171902.9,1791.33599884808,17.24,316.238,32.067,23.639,10.39,10.376
20241115171903.4,1791.83599613607,17.208,318.618,32.077,23.635,10.411,10.381
20241115171903.9,1792.33600348234,17.211,321.219,32.103,23.664,10.383,10.397
20241115171904.4,1792.83600077033,17.211,323.17,32.139,23.679,10.401,10.389
20241115171904.9,1793.32100115716,17.247,325.486,32.137,23.679,10.399,10.385
20241115171905.3,1793.80899891257,17.251,328.155,32.164,23.691,10.413,10.397
20241115171905.8,1794.29300352931,17.269,330.051,32.164,23.693,10.399,10.375
20241115171906.3,1794.78899762034,17.267,331.996,32.18,23.683,10.407,10.383
20241115171906.8,1795.27800120413,17.237,334.389,32.205,23.711,10.405,10.373
20241115171907.3,1795.76599895954,17.249,336.789,32.186,23.703,10.393,10.383
20241115171907.8,1796.25000357628,17.261,338.7,32.213,23.711,10.375,10.367
20241115171908.3,1796.73500396311,17.265,340.889,32.225,23.707,10.393,10.371
20241115171908.8,1797.22699485719,17.237,343.999,32.238,23.717,10.373,10.381
20241115171909.3,1797.74600230157,17.237,346.586,32.25,23.724,10.395,10.381
20241115171909.8,1798.25399592519,17.215,349.124,32.25,23.717,10.389,10.365
20241115171910.3,1798.75000007451,17.221,350.805,32.262,23.723,10.403,10.379
20241115171910.8,1799.25400055945,17.223,352.915,32.303,23.742,10.401,10.367
20241115171911.3,1799.75000470877,17.239,355.085,32.329,23.773,10.409,10.379
20241115171911.8,1800.25000199676,17.225,356.471,32.372,23.764,10.399,10.369
20241115171912.3,1800.73500238359,17.219,358.216,32.395,23.797,10.391,10.359
20241115171912.8,1801.23499967158,17.225,361.397,32.423,23.791,10.393,10.373
20241115171913.3,1801.71900428832,17.221,363.767,32.44,23.799,10.401,10.385
20241115171913.8,1802.23899744451,17.249,366.967,32.428,23.779,10.421,10.387
20241115171914.3,1802.73900479078,17.249,369.124,32.442,23.783,10.387,10.393
20241115171914.8,1803.23499888182,17.287,372.143,32.454,23.801,10.393,10.375
20241115171915.3,1803.72699983418,17.305,373.78,32.468,23.801,10.401,10.389
20241115171915.8,1804.24599722028,17.313,376.533,32.489,23.799,10.395,10.365
20241115171916.3,1804.73500080407,17.326,379.362,32.509,23.824,10.409,10.381
20241115171916.8,1805.23499809206,17.313,382.164,32.497,23.838,10.399,10.379
20241115171917.3,1805.738998577,17.327,384.317,32.519,23.84,10.411,10.397
20241115171917.8,1806.22699633241,17.35,386.027,32.509,23.832,10.411,10.391
20241115171918.3,1806.72300048172,17.344,386.891,32.513,23.84,10.407,10.403
20241115171918.8,1807.22299776971,17.342,389.219,32.55,23.858,10.403,10.395
20241115171919.3,1807.72699825466,17.332,391.89,32.55,23.846,10.387,10.401
20241115171919.8,1808.22300240397,17.352,393.218,32.542,23.842,10.417,10.389
20241115171920.3,1808.71899649501,17.33,397.205,32.552,23.842,10.403,10.403
20241115171920.8,1809.21900384128,17.311,398.81,32.613,23.838,10.421,10.385
20241115171921.3,1809.72300432622,17.263,396.979,32.615,23.844,10.393,10.395
20241115171921.8,1810.22300161421,17.202,400.526,32.617,23.868,10.407,10.381
20241115171922.3,1810.7229989022,17.172,404.801,32.644,23.852,10.413,10.379
20241115171922.8,1811.22299619019,17.115,405.922,32.691,23.876,10.411,10.407
20241115171923.3,1811.72300353646,17.051,407.488,32.732,23.864,10.411,10.391
20241115171923.8,1812.2189976275,17.033,409.452,32.74,23.862,10.399,10.393
20241115171924.3,1812.73499764502,17.022,410.446,32.785,23.887,10.419,10.373
20241115171924.8,1813.23499493301,17.047,411.883,32.799,23.889,10.419,10.399
20241115171925.3,1813.73500227928,17.029,413.934,32.791,23.893,10.397,10.383
20241115171925.8,1814.23499956727,17.039,416.77,32.801,23.862,10.417,10.385
20241115171926.3,1814.76200334728,16.986,417.923,32.783,23.846,10.399,10.397
20241115171926.8,1815.2780033648,16.952,418.958,32.73,23.803,10.401,10.397
20241115171927.3,1815.77800065279,16.938,420.542,32.724,23.801,10.383,10.393
20241115171927.8,1816.27799794078,16.948,420.027,32.697,23.799,10.389,10.387
20241115171928.3,1816.78199842572,16.99,420.096,32.754,23.828,10.393,10.375
20241115171928.8,1817.28199571371,17.01,420.312,32.771,23.848,10.393,10.383
20241115171929.3,1817.78200305998,17.073,418.977,32.775,23.875,10.397,10.389
20241115171929.8,1818.28200034797,17.097,421.062,32.826,23.895,10.377,10.375
20241115171930.3,1818.77800449729,17.134,421.523,32.865,23.903,10.415,10.371
20241115171930.8,1819.29299868643,17.156,423.189,32.887,23.936,10.371,10.369
20241115171931.3,1819.78900283575,17.136,423.96,32.928,23.928,10.379,10.383
20241115171931.8,1820.28900012374,17.138,427.168,32.934,23.971,10.395,10.387
20241115171932.3,1820.78899741173,17.132,431.807,32.938,23.965,10.385,10.399
20241115171932.8,1821.28500156105,17.154,435.153,32.969,23.954,10.415,10.393
20241115171933.3,1821.78499884903,17.156,440.331,32.967,23.952,10.417,10.401
20241115171933.8,1822.28199876845,17.164,449.52,32.953,23.981,10.395,10.383
20241115171934.3,1822.76999652386,17.192,462.924,32.963,23.971,10.387,10.389
20241115171934.8,1823.27800020576,17.216,493.063,32.998,24.005,10.389,10.385
20241115171935.3,1823.77000115812,17.2,529.708,33.016,24.018,10.381,10.371
20241115171935.8,1824.26999844611,17.204,447.591,33.02,24.024,10.401,10.371
20241115171936.3,1824.75400306284,17.196,265.055,33.034,24.034,10.395,10.369
20241115171936.8,1825.25400035083,17.19,177.023,33.045,24.024,10.401,10.385
20241115171937.3,1825.75399763882,17.2,127.212,33.079,24.059,10.393,10.383
20241115171937.8,1826.25399492681,17.219,94.959,33.118,24.077,10.377,10.367
20241115171938.3,1826.74999907613,17.227,73.267,33.128,24.073,10.389,10.352
20241115171938.8,1827.24999636412,17.233,58.351,33.116,24.061,10.379,10.361
20241115171939.3,1827.75000371039,17.211,47.489,33.124,24.044,10.393,10.344
20241115171939.8,1828.25000099838,17.217,39.116,33.13,24.067,10.383,10.365
20241115171940.3,1828.74999828637,17.249,33.459,33.161,24.097,10.401,10.371
20241115171940.8,1829.24999557436,17.273,28.787,33.2,24.105,10.391,10.373
20241115171941.3,1829.75000292063,17.267,25.16,33.173,24.101,10.385,10.367
20241115171941.8,1830.25400340557,17.241,22.896,33.171,24.091,10.377,10.363
20241115171942.3,1830.7499974966,17.229,21.358,33.171,24.095,10.375,10.373
20241115171942.8,1831.23900108039,17.229,20.277,33.167,24.108,10.389,10.377
20241115171943.3,1831.73499517143,17.233,19.229,33.19,24.108,10.363,10.389
20241115171943.8,1832.21899978817,17.255,18.419,33.218,24.108,10.383,10.371
20241115171944.3,1832.72300027311,17.267,17.782,33.233,24.108,10.381,10.352
20241115171944.8,1833.21900442243,17.269,17.172,33.271,24.112,10.385,10.352
20241115171945.3,1833.72299484909,17.239,16.762,33.243,24.084,10.357,10.341
20241115171945.7,1834.21499580145,17.206,16.472,33.246,24.09,10.374,10.341
20241115171946.2,1834.70300361514,17.191,16.46,33.27,24.105,10.383,10.35
20241115171946.7,1835.20300090313,17.237,16.291,33.308,24.116,10.391,10.385
20241115171947.2,1835.70299819112,17.215,16.166,33.32,24.108,10.383,10.377
20241115171947.7,1836.19900234044,17.19,16.093,33.361,24.134,10.397,10.352
20241115171948.2,1836.69899962842,17.215,15.901,33.369,24.169,10.373,10.361
20241115171948.7,1837.18800321221,17.211,15.744,33.425,24.179,10.367,10.367
20241115171949.2,1837.68399730325,17.184,15.631,33.447,24.173,10.391,10.385
20241115171949.7,1838.18000145257,17.136,15.621,33.461,24.179,10.387,10.361
20241115171950.2,1838.68400193751,17.107,15.629,33.447,24.161,10.369,10.365
20241115171950.7,1839.19899612665,17.087,15.663,33.474,24.163,10.381,10.389
20241115171951.2,1839.69900347292,17.077,15.716,33.484,24.177,10.389,10.381
20241115171951.7,1840.19900076091,17.075,15.643,33.47,24.157,10.379,10.379
20241115171952.2,1840.6989980489,17.049,15.588,33.48,24.14,10.383,10.387
20241115171952.7,1841.19599796832,17.061,15.637,33.49,24.13,10.387,10.361
20241115171953.2,1841.6959952563,17.093,15.683,33.498,24.163,10.399,10.371
20241115171953.7,1842.20699630678,17.107,15.681,33.515,24.159,10.365,10.356
20241115171954.2,1842.70700365305,17.134,15.845,33.513,24.134,10.363,10.383
20241115171954.7,1843.20700094104,17.162,15.663,33.527,24.133,10.382,10.368
20241115171955.2,1843.70300509036,17.153,15.527,33.52,24.168,10.388,10.374
20241115171955.8,1844.2189950496,17.159,15.42,33.563,24.203,10.384,10.376
20241115171956.2,1844.71499919891,17.175,15.428,33.581,24.217,10.374,10.382
20241115171956.7,1845.2149964869,17.22,15.448,33.579,24.246,10.388,10.355
20241115171957.3,1845.71899697185,17.226,15.45,33.606,24.248,10.37,10.361
20241115171957.7,1846.21500112116,17.252,15.523,33.628,24.27,10.378,10.37
20241115171958.2,1846.71499840915,17.258,15.474,33.663,24.287,10.372,10.351
20241115171958.8,1847.23500162363,17.232,15.448,33.661,24.278,10.368,10.361
20241115171959.3,1847.73499891162,17.206,15.454,33.685,24.282,10.368,10.357
20241115171959.8,1848.23499619961,17.196,15.589,33.677,24.262,10.37,10.359
20241115172000.3,1848.73100034893,17.161,15.682,33.702,24.305,10.372,10.359
20241115172000.8,1849.21899810433,17.167,15.755,33.751,24.295,10.367,10.355
20241115172001.2,1849.71500225365,17.198,15.664,33.751,24.311,10.367,10.372
20241115172001.8,1850.2190027386,17.226,15.505,33.775,24.317,10.367,10.341
20241115172002.2,1850.71499682963,17.224,15.452,33.783,24.332,10.38,10.345
20241115172002.7,1851.2150041759,17.216,15.428,33.786,24.338,10.384,10.369
20241115172003.2,1851.71500146389,17.218,15.434,33.8,24.354,10.367,10.353
20241115172003.7,1852.21499875188,17.196,15.503,33.822,24.362,10.372,10.361
20241115172004.2,1852.71499603987,17.24,15.594,33.847,24.377,10.378,10.369
20241115172004.7,1853.21500338614,17.212,15.549,33.847,24.374,10.382,10.349
20241115172005.2,1853.71500067413,17.226,15.517,33.865,24.395,10.361,10.347
20241115172005.8,1854.21900115907,17.238,15.535,33.894,24.389,10.359,10.359
20241115172006.2,1854.70299571753,17.242,15.563,33.898,24.395,10.378,10.374
20241115172006.7,1855.19199930131,17.242,15.686,33.947,24.428,10.38,10.368
20241115172007.2,1855.6919965893,17.244,15.686,33.973,24.458,10.39,10.355
20241115172007.7,1856.19200393558,17.252,15.674,33.988,24.452,10.382,10.357
20241115172008.2,1856.68799802661,17.244,15.711,33.961,24.458,10.384,10.361
20241115172008.7,1857.1879953146,17.224,15.848,33.986,24.442,10.386,10.372
20241115172009.2,1857.69199579954,17.254,15.961,34.008,24.466,10.392,10.376
20241115172009.7,1858.19200314581,17.272,16.127,34.02,24.481,10.372,10.364
20241115172010.2,1858.67599770427,17.286,16.272,34.027,24.472,10.392,10.382
20241115172010.7,1859.17600505054,17.303,16.373,34.043,24.481,10.376,10.359
20241115172011.2,1859.66799594462,17.292,16.321,34.108,24.501,10.378,10.355
20241115172011.7,1860.15999689698,17.296,16.284,34.1,24.513,10.38,10.364
20241115172012.2,1860.6569968164,17.303,16.369,34.118,24.513,10.392,10.366
20241115172012.7,1861.15300096571,17.315,16.422,34.163,24.515,10.374,10.349
20241115172013.2,1861.6529982537,17.351,16.446,34.194,24.534,10.384,10.364
20241115172013.7,1862.15299554169,17.349,16.408,34.227,24.544,10.374,10.359
20241115172014.2,1862.65300288796,17.343,16.297,34.233,24.562,10.386,10.374
20241115172014.7,1863.148996979,17.327,16.169,34.231,24.568,10.388,10.355
20241115172015.2,1863.63700479269,17.307,16.111,34.27,24.579,10.398,10.357
20241115172015.7,1864.13700208068,17.315,16.212,34.265,24.579,10.392,10.359
20241115172016.2,1864.63699936867,17.317,16.24,34.255,24.522,10.357,10.349
20241115172016.7,1865.13699665666,17.335,16.19,34.29,24.548,10.365,10.351
20241115172017.2,1865.63700400293,17.331,16.186,34.292,24.518,10.363,10.337
20241115172017.7,1866.13299809396,17.258,15.957,34.319,24.542,10.376,10.355
20241115172018.2,1866.62900224328,17.208,15.83,34.335,24.548,10.367,10.343
20241115172018.7,1867.12899953127,17.173,15.743,34.376,24.591,10.349,10.331
20241115172019.2,1867.62500368059,17.174,15.618,34.403,24.599,10.369,10.359
20241115172019.7,1868.12500096858,17.167,15.565,34.415,24.64,10.371,10.333
20241115172020.2,1868.62499825656,17.151,15.664,34.464,24.638,10.371,10.347
20241115172020.7,1869.12499554455,17.167,15.755,34.478,24.667,10.367,10.347
20241115172021.2,1869.62500289083,17.19,15.765,34.495,24.663,10.367,10.365
20241115172021.7,1870.12099698186,17.198,15.804,34.509,24.681,10.363,10.357
20241115172022.1,1870.61700113118,17.204,15.919,34.548,24.722,10.361,10.343
20241115172022.6,1871.10600471497,17.218,15.85,34.558,24.728,10.359,10.341
20241115172023.1,1871.601998806,17.212,15.816,34.617,24.738,10.365,10.357
20241115172023.6,1872.08600342274,17.206,15.816,34.636,24.751,10.371,10.353
20241115172024.1,1872.59000390768,17.21,15.897,34.662,24.796,10.355,10.351
20241115172024.6,1873.08599799871,17.226,15.998,34.666,24.818,10.378,10.353
20241115172025.1,1873.57399575412,17.264,16.056,34.699,24.826,10.365,10.357
20241115172025.6,1874.07099567354,17.252,16.082,34.746,24.826,10.367,10.361
20241115172026.1,1874.57100301981,17.258,16.115,34.748,24.873,10.365,10.351
20241115172026.6,1875.06699711084,17.252,16.125,34.795,24.863,10.357,10.357
20241115172027.1,1875.55499486625,17.246,16.2,34.803,24.885,10.353,10.351
20241115172027.6,1876.05500221252,17.256,16.291,34.811,24.881,10.376,10.365
20241115172028.1,1876.55499950051,17.287,16.359,34.838,24.902,10.376,10.367
20241115172028.6,1877.0549967885,17.329,16.42,34.874,24.906,10.357,10.353
20241115172029.1,1877.55500413477,17.345,16.46,34.883,24.908,10.372,10.355
20241115172029.6,1878.05099822581,17.357,16.484,34.917,24.906,10.386,10.364
20241115172030.1,1878.55499871075,17.373,16.517,34.938,24.936,10.359,10.361
20241115172030.6,1879.07099872828,17.397,16.505,34.966,24.932,10.374,10.364
20241115172031.1,1879.57400344312,17.395,16.523,34.989,24.928,10.396,10.343
20241115172031.6,1880.08600026369,17.377,16.507,34.956,24.93,10.365,10.347
20241115172032.1,1880.57100065053,17.379,16.416,34.958,24.908,10.38,10.359
20241115172032.6,1881.07099793851,17.367,16.369,34.962,24.912,10.384,10.372
20241115172033.1,1881.57400265336,17.357,16.22,34.968,24.922,10.382,10.353
20241115172033.6,1882.07100257277,17.303,16.163,34.975,24.918,10.382,10.359
20241115172034.1,1882.57099986076,17.254,16.107,34.977,24.904,10.384,10.355
20241115172034.6,1883.06700401008,17.21,15.998,34.981,24.916,10.349,10.359
20241115172035.1,1883.56700129807,17.222,15.891,35.015,24.924,10.376,10.363
20241115172035.6,1884.06699858606,17.22,15.883,35.026,24.942,10.367,10.38
20241115172036.1,1884.56699587405,17.19,15.858,35.056,24.945,10.349,10.367
20241115172036.6,1885.06700322032,17.159,15.878,35.05,24.945,10.353,10.376
20241115172037.1,1885.56299731135,17.141,15.777,35.09,24.955,10.361,10.357
20241115172037.6,1886.06300465763,17.109,15.689,35.127,24.985,10.363,10.355
20241115172038.1,1886.56300194561,17.084,15.731,35.133,24.975,10.372,10.372
20241115172038.6,1887.05899603665,17.105,15.775,35.135,24.973,10.369,10.357
20241115172039.1,1887.55900338292,17.107,15.802,35.123,24.971,10.349,10.341
20241115172039.6,1888.05100433528,17.115,15.838,35.121,24.983,10.378,10.343
20241115172040.1,1888.55500482023,17.111,15.79,35.135,24.971,10.351,10.355
20241115172040.6,1889.05500210822,17.089,15.767,35.162,24.961,10.367,10.349
20241115172041.1,1889.5549993962,17.105,15.852,35.187,24.981,10.359,10.357
20241115172041.6,1890.05100354552,17.107,15.909,35.193,24.967,10.384,10.349
20241115172042.1,1890.54699763656,17.139,16.03,35.218,24.986,10.355,10.355
20241115172042.6,1891.0509981215,17.173,16.075,35.218,25.002,10.373,10.353
20241115172043.1,1891.56699813902,17.192,16.091,35.251,25.033,10.355,10.355
20241115172043.6,1892.08200238645,17.218,16.129,35.305,25.079,10.384,10.345
20241115172044.1,1892.58199967444,17.256,16.135,35.348,25.104,10.369,10.349
20241115172044.6,1893.08199696243,17.246,15.949,35.34,25.09,10.347,10.382
20241115172045.1,1893.57800111175,17.24,15.891,35.375,25.077,10.374,10.369
20241115172045.6,1894.08200159669,17.232,15.862,35.354,25.1,10.357,10.353
20241115172046.1,1894.57799568772,17.242,15.866,35.375,25.104,10.365,10.355
20241115172046.6,1895.078003034,17.25,15.858,35.408,25.137,10.378,10.361
20241115172047.1,1895.57399712503,17.264,15.895,35.379,25.133,10.378,10.365
20241115172047.6,1896.0740044713,17.291,15.852,35.427,25.124,10.372,10.349
20241115172048.1,1896.57400175929,17.282,15.951,35.41,25.106,10.365,10.349
20241115172048.6,1897.09000177681,17.299,15.983,35.387,25.088,10.355,10.361
20241115172049.1,1897.58599586785,17.295,15.947,35.431,25.098,10.365,10.357
20241115172049.6,1898.08999635279,17.345,15.951,35.427,25.09,10.38,10.363
20241115172050.1,1898.58600050211,17.359,15.878,35.416,25.084,10.372,10.341
20241115172050.6,1899.0859977901,17.355,15.943,35.437,25.084,10.357,10.357
20241115172051.1,1899.58599507809,17.361,15.933,35.462,25.108,10.388,10.366
20241115172051.6,1900.08600242436,17.345,15.927,35.468,25.11,10.372,10.364
20241115172052.1,1900.58599971235,17.353,15.852,35.486,25.118,10.366,10.359
20241115172052.6,1901.08599700034,17.371,15.765,35.507,25.137,10.361,10.368
20241115172053.1,1901.58600434661,17.371,15.775,35.538,25.159,10.368,10.372
20241115172053.6,1902.08199843764,17.335,15.793,35.584,25.192,10.374,10.353
20241115172054.1,1902.58199572563,17.284,15.85,35.625,25.214,10.374,10.366
20241115172054.6,1903.08599621058,17.268,15.905,35.673,25.216,10.372,10.368
20241115172055.1,1903.58600355685,17.248,15.929,35.704,25.271,10.374,10.376
20241115172055.6,1904.09000404179,17.218,15.733,35.731,25.296,10.368,10.355
20241115172056.1,1904.58599813282,17.193,15.658,35.756,25.29,10.365,10.355
20241115172056.6,1905.08599542081,17.157,15.507,35.785,25.316,10.359,10.372
20241115172057.1,1905.58199957013,17.179,15.474,35.816,25.314,10.355,10.369
20241115172057.6,1906.07800371945,17.202,15.424,35.803,25.32,10.365,10.351
20241115172058.1,1906.57800100744,17.188,15.365,35.818,25.296,10.368,10.374
20241115172058.6,1907.07799829543,17.193,15.353,35.832,25.302,10.392,10.372
20241115172059.1,1907.57799558342,17.185,15.389,35.815,25.312,10.374,10.376
20241115172059.6,1908.07399973273,17.202,15.488,35.815,25.316,10.355,10.347
20241115172100.1,1908.57399702072,17.187,15.579,35.782,25.259,10.37,10.376
20241115172100.6,1909.07799750566,17.186,15.65,35.76,25.245,10.369,10.357
20241115172101.1,1909.57800485194,17.198,15.638,35.774,25.263,10.367,10.361
20241115172101.6,1910.07800213993,17.183,15.594,35.793,25.274,10.367,10.374
20241115172102.1,1910.57399623096,17.165,15.701,35.799,25.274,10.367,10.365
20241115172102.6,1911.07400357723,17.165,15.796,35.844,25.292,10.372,10.361
20241115172103.1,1911.57100349665,17.173,15.773,35.88,25.322,10.372,10.366
20241115172103.6,1912.07399815321,17.189,15.755,35.927,25.331,10.349,10.363
20241115172104.1,1912.57799863815,17.179,15.719,35.962,25.37,10.372,10.353
20241115172104.6,1913.06299902499,17.248,15.763,36.002,25.406,10.366,10.364
20241115172105.1,1913.56699950993,17.268,15.876,36.049,25.398,10.372,10.359
20241115172105.6,1914.06300365925,17.303,16.012,36.055,25.412,10.368,10.355
20241115172106.1,1914.57799784839,17.317,16.129,36.043,25.418,10.372,10.361
20241115172106.6,1915.07799513638,17.319,16.064,36.111,25.441,10.376,10.364
20241115172107.1,1915.5739992857,17.313,15.882,36.107,25.447,10.368,10.368
20241115172107.6,1916.07399657369,17.313,15.701,36.132,25.431,10.366,10.394
20241115172108.1,1916.57400391996,17.272,15.668,36.173,25.467,10.382,10.355
20241115172108.6,1917.07400120795,17.26,15.66,36.219,25.484,10.372,10.372
20241115172109.1,1917.57100112736,17.25,15.646,36.235,25.506,10.4,10.376
20241115172109.6,1918.07399578393,17.254,15.672,36.302,25.547,10.366,10.361
20241115172110.1,1918.5740031302,17.246,15.699,36.345,25.545,10.406,10.396
20241115172110.6,1919.07400041819,17.272,15.777,36.392,25.578,10.376,10.364
20241115172111.1,1919.5710003376,17.294,15.85,36.419,25.59,10.396,10.374
20241115172111.6,1920.07099762559,17.278,16.02,36.461,25.609,10.382,10.355
20241115172112.1,1920.57100497186,17.286,16.068,36.527,25.629,10.394,10.357
20241115172112.6,1921.0669990629,17.297,16.074,36.575,25.676,10.386,10.384
20241115172113.1,1921.56699635088,17.313,16.307,36.604,25.684,10.404,10.37
20241115172113.6,1922.0630005002,17.321,16.45,36.597,25.698,10.384,10.368
20241115172114.1,1922.56299778819,17.337,16.49,36.616,25.705,10.372,10.38
20241115172114.6,1923.06299507618,17.353,16.393,36.616,25.709,10.372,10.361
20241115172115.1,1923.55499602854,17.361,16.367,36.612,25.694,10.398,10.364
20241115172115.6,1924.05500337481,17.315,16.299,36.637,25.701,10.382,10.367
20241115172116.1,1924.5550006628,17.333,16.329,36.676,25.733,10.369,10.376
20241115172116.6,1925.05499795079,17.337,16.202,36.699,25.741,10.38,10.357
20241115172117.1,1925.55899843574,17.341,15.984,36.753,25.766,10.384,10.363
20241115172117.6,1926.08999535441,17.335,15.951,36.778,25.766,10.375,10.363
20241115172118.1,1926.59000270069,17.309,15.955,36.809,25.776,10.369,10.369
20241115172118.6,1927.08200365305,17.303,16.05,36.862,25.797,10.369,10.355
20241115172119.1,1927.58200094104,17.345,16.042,36.848,25.79,10.384,10.374
20241115172119.6,1928.08199822903,17.345,16.083,36.866,25.79,10.384,10.357
20241115172120.1,1928.57100181282,17.353,16.03,36.897,25.792,10.39,10.376
20241115172120.6,1929.07399646938,17.341,15.981,36.924,25.813,10.376,10.363
20241115172121.1,1929.57400381565,17.327,15.975,36.932,25.813,10.38,10.355
20241115172121.6,1930.07400110364,17.313,16.032,36.953,25.833,10.402,10.374
20241115172122.1,1930.57800158858,17.345,16.232,36.997,25.848,10.382,10.372
20241115172122.6,1931.07399567962,17.361,16.212,37.023,25.848,10.361,10.366
20241115172123.1,1931.57400302589,17.373,16.319,36.988,25.86,10.386,10.368
20241115172123.6,1932.07400031388,17.398,16.353,37.017,25.837,10.4,10.372
20241115172124.1,1932.58599713445,17.395,16.246,37.003,25.805,10.398,10.372
20241115172124.6,1933.08600448072,17.385,16.21,36.982,25.794,10.388,10.376
20241115172125.1,1933.59000496566,17.357,16.278,36.961,25.803,10.384,10.374
20241115172125.6,1934.0859990567,17.365,16.327,36.966,25.823,10.394,10.364
20241115172126.1,1934.58599634469,17.369,16.27,37.017,25.835,10.374,10.372
20241115172126.6,1935.08999682963,17.367,16.202,37.026,25.843,10.386,10.386
20241115172127.4,1935.84799915552,17.408,16.311,37.065,25.862,10.386,10.368
20241115172128,1936.46100126207,17.404,16.395,37.137,25.893,10.384,10.359
20241115172128.5,1936.95300221443,17.412,16.402,37.16,25.923,10.388,10.364
20241115172129,1937.46099583805,17.426,16.417,37.206,25.932,10.397,10.375
20241115172129.5,1937.96100318432,17.445,16.382,37.25,25.965,10.401,10.381
20241115172130,1938.46100047231,17.457,16.198,37.256,25.949,10.371,10.375
20241115172130.5,1938.95300142467,17.445,16.105,37.26,25.957,10.391,10.383
20241115172131,1939.45299871266,17.429,16.053,37.293,25.957,10.403,10.389
20241115172131.5,1939.97300192714,17.421,16.041,37.33,25.951,10.405,10.363
20241115172132,1940.47299921513,17.411,16.033,37.307,25.946,10.376,10.378
20241115172132.5,1940.97699970007,17.373,16.056,37.332,25.939,10.376,10.364
20241115172133,1941.47300384939,17.359,16.048,37.338,25.96,10.38,10.372
20241115172133.5,1941.96899794042,17.357,16.04,37.367,25.958,10.368,10.374
20241115172134,1942.46899522841,17.333,16.036,37.41,25.952,10.378,10.357
20241115172134.5,1942.96499937773,17.297,16.06,37.412,25.966,10.38,10.339
20241115172135,1943.46499666572,17.319,16.093,37.433,25.95,10.396,10.368
20241115172135.5,1943.96100081503,17.347,16.183,37.458,25.968,10.372,10.361
20241115172136,1944.45699490607,17.361,16.426,37.485,25.964,10.39,10.378
20241115172136.5,1944.96099539101,17.402,16.527,37.487,25.978,10.376,10.376
20241115172137,1945.45699954033,17.42,16.438,37.505,26.005,10.382,10.368
20241115172137.5,1945.95699682832,17.394,16.45,37.499,25.997,10.378,10.353
20241115172138,1946.45300097764,17.424,16.365,37.532,26.019,10.374,10.372
20241115172138.5,1946.95299826562,17.408,16.317,37.539,26.029,10.378,10.355
20241115172139,1947.45699875057,17.406,16.321,37.572,26.058,10.363,10.353
20241115172139.5,1947.96099923551,17.448,16.289,37.594,26.093,10.378,10.349
20241115172140,1948.46499972045,17.434,16.303,37.642,26.111,10.359,10.376
20241115172140.5,1948.98500293493,17.454,16.402,37.64,26.126,10.374,10.378
20241115172141,1949.49999712408,17.432,16.388,37.656,26.128,10.38,10.355
20241115172141.5,1949.99199807644,17.454,16.311,37.667,26.138,10.367,10.363
20241115172142.1,1950.52800402045,17.44,16.355,37.706,26.16,10.349,10.357
20241115172142.6,1951.02399811149,17.464,16.383,37.743,26.191,10.372,10.347
20241115172143.1,1951.53499916196,17.472,16.291,37.793,26.219,10.351,10.347
20241115172143.6,1952.03499644995,17.464,16.222,37.805,26.238,10.349,10.351
20241115172144.1,1952.53500379622,17.466,16.194,37.853,26.24,10.363,10.335
20241115172144.6,1953.03900428116,17.438,16.252,37.886,26.246,10.372,10.357
20241115172145.1,1953.53900156915,17.466,16.347,37.901,26.254,10.39,10.353
20241115172145.6,1954.03899885714,17.487,16.41,37.894,26.244,10.369,10.38
20241115172146.1,1954.52800244093,17.474,16.527,37.878,26.232,10.384,10.337
20241115172146.6,1955.02399653196,17.478,16.644,37.872,26.232,10.388,10.353
20241115172147.1,1955.52400387824,17.503,16.781,37.913,26.236,10.372,10.353
20241115172147.6,1956.02800436318,17.491,16.691,37.923,26.224,10.365,10.347
20241115172148.1,1956.52399845421,17.499,16.8,37.925,26.222,10.372,10.347
20241115172148.6,1957.0239957422,17.517,16.848,37.942,26.22,10.374,10.355
20241115172149.1,1957.54300318658,17.525,16.608,37.959,26.226,10.365,10.351
20241115172149.6,1958.03899727762,17.527,16.539,38.006,26.291,10.365,10.343
20241115172150.1,1958.53900462389,17.531,16.422,38.016,26.289,10.361,10.357
20241115172150.6,1959.05500464141,17.513,16.307,38.025,26.293,10.355,10.361
20241115172151.1,1959.56700146198,17.487,16.222,38.019,26.291,10.363,10.353
20241115172151.6,1960.07100194693,17.472,16.371,38.021,26.256,10.384,10.376
20241115172152.1,1960.57399660349,17.47,16.234,38.023,26.266,10.361,10.341
20241115172152.6,1961.08200028539,17.496,16.222,38.049,26.266,10.388,10.38
20241115172153.1,1961.58199757338,17.476,16.244,38.056,26.289,10.38,10.372
20241115172153.6,1962.0979975909,17.464,16.244,38.082,26.283,10.356,10.371
20241115172154.1,1962.61000446975,17.477,16.53,38.145,26.322,10.377,10.375
20241115172154.7,1963.12900185585,17.514,16.615,38.168,26.314,10.383,10.363
20241115172155.2,1963.62499594688,17.514,16.606,38.21,26.341,10.377,10.371
20241115172155.7,1964.12500329316,17.507,16.548,38.203,26.339,10.385,10.363
20241115172156.2,1964.62500058115,17.503,16.495,38.218,26.347,10.379,10.365
20241115172156.7,1965.12900106609,17.495,16.564,38.243,26.359,10.375,10.375
20241115172157.2,1965.62100201845,17.487,16.604,38.274,26.39,10.383,10.365
20241115172157.7,1966.1250025034,17.501,16.629,38.305,26.388,10.367,10.367
20241115172158.2,1966.62499979138,17.503,16.627,38.328,26.392,10.383,10.375
20241115172158.7,1967.12499707937,17.505,16.493,38.354,26.408,10.385,10.375
20241115172159.2,1967.62100122869,17.487,16.445,38.371,26.408,10.393,10.377
20241115172159.7,1968.12099851668,17.429,16.447,38.391,26.437,10.379,10.363
20241115172200.1,1968.60599890351,17.425,16.423,38.414,26.451,10.393,10.365
20241115172200.7,1969.12100315094,17.439,16.194,38.452,26.429,10.377,10.371
20241115172201.2,1969.62100043893,17.429,15.966,38.46,26.459,10.387,10.367
20241115172201.7,1970.12099772692,17.382,15.869,38.503,26.451,10.387,10.385
20241115172202.2,1970.62100507319,17.37,15.879,38.499,26.455,10.369,10.363
20241115172202.8,1971.22699655592,17.338,15.853,38.524,26.451,10.373,10.377
20241115172203.3,1971.7270039022,17.326,15.895,38.505,26.469,10.369,10.367
20241115172203.8,1972.22700119019,17.315,15.952,38.518,26.447,10.379,10.375
20241115172204.3,1972.72699847817,17.32,15.934,38.53,26.439,10.369,10.365
20241115172204.8,1973.22300262749,17.372,16.16,38.545,26.429,10.381,10.375
20241115172205.3,1973.72299991548,17.39,16.35,38.571,26.451,10.401,10.379
20241115172205.8,1974.22299720347,17.412,16.362,38.605,26.469,10.391,10.375
20241115172206.3,1974.71900135279,17.41,16.344,38.648,26.488,10.369,10.363
20241115172206.7,1975.21499544382,17.398,16.326,38.671,26.463,10.385,10.369
20241115172207.2,1975.71099959314,17.415,16.324,38.689,26.478,10.379,10.354
20241115172207.7,1976.21099688113,17.435,16.33,38.696,26.486,10.363,10.363
20241115172208.2,1976.71499736607,17.447,16.411,38.77,26.51,10.369,10.344
20241115172208.7,1977.21500471234,17.461,16.483,38.78,26.5,10.369,10.361
20241115172209.3,1977.718995139,17.483,16.503,38.793,26.49,10.369,10.377
20241115172209.7,1978.20700295269,17.497,16.443,38.809,26.496,10.354,10.367
20241115172210.3,1978.72300297022,17.497,16.441,38.838,26.533,10.356,10.373
20241115172210.8,1979.22300025821,17.483,16.526,38.896,26.57,10.342,10.383
20241115172211.3,1979.71900440753,17.503,16.528,38.919,26.6,10.369,10.367
20241115172211.8,1980.22300489247,17.512,16.556,38.95,26.611,10.379,10.361
20241115172212.3,1980.7189989835,17.52,16.615,38.977,26.606,10.371,10.342
20241115172212.8,1981.2270026654,17.522,16.538,38.981,26.629,10.369,10.365
20241115172213.3,1981.72699995339,17.534,16.562,39.035,26.637,10.348,10.344
20241115172213.8,1982.23100043833,17.536,16.602,39.025,26.656,10.359,10.354
20241115172214.3,1982.73500092328,17.499,16.623,39.047,26.682,10.354,10.375
20241115172214.8,1983.23499821126,17.526,16.665,39.056,26.704,10.383,10.373
20241115172215.3,1983.73499549925,17.534,16.598,39.078,26.706,10.369,10.387
20241115172215.8,1984.23500284553,17.538,16.489,39.068,26.684,10.381,10.393
20241115172216.3,1984.73500013351,17.518,16.398,39.08,26.655,10.397,10.379
20241115172216.8,1985.2349974215,17.445,16.202,39.055,26.649,10.377,10.385
20241115172217.3,1985.73500476778,17.366,16.045,39.051,26.647,10.375,10.353
20241115172217.8,1986.23099885881,17.309,15.865,39.047,26.639,10.385,10.377
20241115172218.3,1986.7309961468,17.237,15.766,39.024,26.633,10.377,10.363
20241115172218.8,1987.23100349307,17.186,15.683,38.993,26.616,10.383,10.383
20241115172219.3,1987.74599768221,17.186,15.687,38.981,26.606,10.383,10.369
20241115172219.8,1988.24200183153,17.148,15.697,38.989,26.612,10.377,10.385
20241115172220.3,1988.74600231647,17.15,15.734,38.998,26.606,10.391,10.365
20241115172220.8,1989.24599960446,17.186,15.584,38.995,26.582,10.389,10.387
20241115172221.3,1989.75000008941,17.176,15.447,39.037,26.567,10.391,10.381
20241115172221.8,1990.24600423872,17.156,15.398,39.06,26.574,10.379,10.375
20241115172222.3,1990.74600152671,17.101,15.412,39.07,26.584,10.395,10.371
20241115172222.8,1991.2459988147,17.063,15.479,39.113,26.596,10.401,10.367
20241115172223.3,1991.74200296402,17.067,15.568,39.153,26.612,10.389,10.367
20241115172223.8,1992.23900288343,17.107,15.562,39.144,26.578,10.385,10.363
20241115172224.3,1992.74600073695,17.13,15.621,39.169,26.572,10.367,10.395
20241115172224.8,1993.24200488627,17.148,15.806,39.186,26.574,10.389,10.373
20241115172225.3,1993.74200217426,17.227,15.924,39.192,26.6,10.361,10.369
20241115172225.8,1994.2460026592,17.265,16.019,39.209,26.613,10.373,10.371
20241115172226.3,1994.74599994719,17.313,16.176,39.215,26.602,10.381,10.346
20241115172226.8,1995.24599723518,17.324,16.091,39.287,26.658,10.367,10.348
20241115172227.3,1995.78200317919,17.312,16.041,39.343,26.69,10.379,10.367
20241115172227.8,1996.28900103271,17.332,15.986,39.399,26.721,10.379,10.361
20241115172228.3,1996.7889983207,17.34,15.969,39.435,26.781,10.38,10.359
20241115172228.8,1997.30499833822,17.339,15.987,39.514,26.806,10.376,10.366
20241115172229.3,1997.80899882317,17.339,16.028,39.541,26.824,10.366,10.353
20241115172229.8,1998.30500297248,17.347,16.07,39.597,26.83,10.351,10.353
20241115172230.3,1998.80900345743,17.367,16.109,39.599,26.871,10.376,10.355
20241115172230.8,1999.30499754846,17.355,16.173,39.615,26.865,10.364,10.366
20241115172231.3,1999.80499483645,17.381,16.22,39.632,26.873,10.347,10.355
20241115172231.8,2000.30500218272,17.408,16.266,39.694,26.887,10.359,10.361
20241115172232.3,2000.80900266767,17.414,16.396,39.733,26.883,10.376,10.337
20241115172232.8,2001.3049967587,17.452,16.381,39.804,26.888,10.378,10.343
20241115172233.3,2001.80500410497,17.436,16.531,39.83,26.906,10.363,10.337
20241115172233.8,2002.30500139296,17.46,16.557,39.831,26.886,10.351,10.347
20241115172234.3,2002.80499868095,17.484,16.608,39.839,26.832,10.333,10.351
20241115172234.8,2003.29699963331,17.503,16.632,39.853,26.851,10.347,10.359
20241115172235.3,2003.7969969213,17.503,16.501,39.915,26.894,10.355,10.353
20241115172235.8,2004.29700426757,17.476,16.371,39.957,26.885,10.376,10.349
20241115172236.3,2004.79299835861,17.438,16.268,39.948,26.867,10.359,10.351
20241115172236.8,2005.29699884355,17.386,16.145,39.903,26.814,10.361,10.369
20241115172237.3,2005.79300299287,17.381,16.167,39.911,26.834,10.347,10.339
20241115172237.8,2006.29300028086,17.388,16.143,39.913,26.83,10.37,10.351
20241115172238.3,2006.78900443017,17.406,16.095,39.919,26.838,10.37,10.361
20241115172238.8,2007.28900171816,17.398,15.995,39.94,26.875,10.359,10.38
20241115172239.3,2007.78899900615,17.371,15.985,39.986,26.9,10.361,10.382
20241115172239.8,2008.28899629414,17.337,16.046,40.01,26.928,10.347,10.355
20241115172240.3,2008.79299677908,17.315,16.016,40.05,26.926,10.349,10.343
20241115172240.8,2009.2890009284,17.333,16.127,40.085,26.921,10.377,10.369
20241115172241.3,2009.78500507772,17.376,16.029,40.069,26.888,10.377,10.354
20241115172241.8,2010.28899550438,17.37,16.14,40.071,26.903,10.359,10.347
20241115172242.3,2010.7849996537,17.4,16.014,40.046,26.91,10.345,10.349
20241115172242.9,2011.37900166214,17.397,15.896,40.035,26.898,10.38,10.366
20241115172243.4,2011.87899895012,17.369,15.917,40.027,26.885,10.359,10.359
20241115172243.9,2012.37899623811,17.345,15.909,40.058,26.892,10.379,10.356
20241115172244.4,2012.89499625564,17.358,15.96,40.013,26.895,10.379,10.363
20241115172244.9,2013.39100040495,17.332,15.912,40.017,26.86,10.383,10.365
20241115172245.4,2013.8950008899,17.265,16.031,40.02,26.844,10.389,10.365
20241115172245.9,2014.39099498093,17.267,16.039,40.024,26.85,10.377,10.359
20241115172246.4,2014.8910023272,17.231,16.009,40.02,26.843,10.359,10.373
20241115172246.9,2015.37499688566,17.235,16.009,40.017,26.794,10.354,10.338
20241115172247.4,2015.8789973706,17.186,15.986,40.013,26.794,10.367,10.381
20241115172247.9,2016.37900471687,17.18,15.926,40.046,26.803,10.377,10.391
20241115172248.4,2016.87900200486,17.154,15.916,40.065,26.811,10.393,10.387
20241115172248.9,2017.37899929285,17.105,16,40.055,26.801,10.375,10.379
20241115172249.4,2017.87899658084,17.132,16.061,40.053,26.809,10.377,10.373
20241115172249.9,2018.37900392711,17.144,15.978,40.055,26.817,10.385,10.373
20241115172250.4,2018.8790012151,17.152,15.845,40.113,26.847,10.373,10.375
20241115172250.9,2019.37100216746,17.107,15.675,40.102,26.848,10.371,10.365
20241115172251.4,2019.87099945545,17.063,15.657,40.104,26.841,10.371,10.369
20241115172251.9,2020.37099674344,17.041,15.713,40.133,26.85,10.371,10.353
20241115172252.4,2020.87100408971,17.055,15.683,40.15,26.858,10.377,10.385
20241115172252.9,2021.36400081217,17.049,15.606,40.142,26.845,10.393,10.371
20241115172253.4,2021.86399810016,17.059,15.546,40.181,26.886,10.385,10.367
20241115172253.9,2022.36399538815,17.089,15.562,40.212,26.905,10.383,10.371
20241115172254.4,2022.86400273442,17.111,15.546,40.222,26.919,10.383,10.385
20241115172254.9,2023.35999682546,17.15,15.526,40.218,26.933,10.377,10.365
20241115172255.4,2023.86000417173,17.198,15.615,40.241,26.888,10.375,10.359
20241115172255.9,2024.37499836087,17.223,15.687,40.251,26.882,10.385,10.393
20241115172256.4,2024.87499564886,17.245,15.711,40.259,26.897,10.401,10.373
20241115172256.9,2025.37099979818,17.281,15.703,40.321,26.905,10.375,10.381
20241115172257.4,2025.87099708617,17.307,15.853,40.336,26.886,10.367,10.365
20241115172257.9,2026.37100443244,17.332,15.861,40.369,26.901,10.379,10.355
20241115172258.4,2026.8749948591,17.322,15.839,40.377,26.931,10.375,10.381
20241115172258.9,2027.37099900842,17.317,15.825,40.398,26.931,10.367,10.367
20241115172259.4,2027.87099629641,17.299,15.81,40.448,26.915,10.381,10.387
20241115172259.9,2028.36400307715,17.303,15.845,40.472,26.923,10.385,10.389
20241115172300.4,2028.86699773371,17.301,15.814,40.468,26.952,10.389,10.377
20241115172300.9,2029.36399765313,17.287,15.766,40.472,26.956,10.393,10.367
20241115172301.4,2029.86399494112,17.259,15.782,40.441,26.956,10.393,10.387
20241115172301.9,2030.35999909043,17.257,15.853,40.479,26.964,10.385,10.383
20241115172302.4,2030.86399957538,17.301,16.027,40.514,26.999,10.379,10.373
20241115172302.9,2031.36000372469,17.309,16.019,40.545,27.007,10.383,10.373
20241115172303.4,2031.86000101268,17.231,16.101,40.555,26.966,10.363,10.356
20241115172303.9,2032.37499520183,17.219,16.021,40.71,27.013,10.361,10.352
20241115172304.4,2032.8750025481,17.17,15.926,40.779,26.995,10.381,10.369
20241115172304.9,2033.37499983609,17.12,15.855,40.777,26.984,10.369,10.352
20241115172305.4,2033.87499712408,17.089,15.792,40.75,26.962,10.381,10.354
20241115172305.9,2034.3909971416,17.069,15.758,40.659,26.911,10.383,10.377
20241115172306.4,2034.89499762654,17.087,15.827,40.535,26.878,10.363,10.375
20241115172306.9,2035.4070045054,17.097,15.883,40.533,26.85,10.375,10.373
20241115172307.4,2035.90700179338,17.11,15.843,40.551,26.856,10.381,10.356
20241115172307.9,2036.40699908137,17.138,15.825,40.59,26.854,10.379,10.369
20241115172308.4,2036.90699636936,17.118,15.839,40.586,26.89,10.373,10.354
20241115172308.9,2037.41000108421,17.112,15.881,40.644,26.897,10.365,10.346
20241115172309.4,2037.9099983722,17.089,15.916,40.673,26.915,10.365,10.373
20241115172309.9,2038.40699829161,17.112,15.75,40.744,26.895,10.377,10.373
20241115172310.4,2038.91000300646,17.089,15.708,40.754,26.95,10.373,10.365
20241115172310.9,2039.40700292587,17.101,15.655,40.758,26.964,10.393,10.354
20241115172311.4,2039.90700021386,17.116,15.671,40.799,26.968,10.385,10.379
20241115172311.9,2040.40300436318,17.128,15.669,40.799,26.948,10.385,10.371
20241115172312.4,2040.90300165117,17.109,15.602,40.81,26.956,10.369,10.377
20241115172312.9,2041.40299893916,17.091,15.623,40.801,26.96,10.369,10.359
20241115172313.4,2041.9069994241,17.087,15.706,40.837,26.941,10.37,10.364
20241115172313.9,2042.40699671209,17.115,15.759,40.815,26.928,10.372,10.345
20241115172314.4,2042.90700405836,17.127,15.899,40.834,26.945,10.361,10.37
20241115172314.9,2043.40299814939,17.183,15.832,40.867,27.008,10.366,10.361
20241115172315.4,2043.90299543738,17.179,15.723,40.937,26.994,10.343,10.363
20241115172315.9,2044.41399648786,17.172,15.681,40.983,27.052,10.383,10.371
20241115172316.4,2044.91400383413,17.19,15.659,41.035,27.04,10.381,10.361
20241115172316.9,2045.41400112212,17.162,15.629,41.079,27.076,10.383,10.346
20241115172317.5,2045.94200067222,17.192,15.71,41.145,27.121,10.393,10.367
20241115172318,2046.45700491965,17.209,15.829,41.219,27.158,10.385,10.354
20241115172318.5,2046.95700220764,17.275,15.905,41.261,27.193,10.371,10.353
20241115172319,2047.45699949563,17.27,15.991,41.326,27.21,10.353,10.355
20241115172319.5,2047.95699678361,17.307,15.985,41.345,27.239,10.366,10.361
20241115172320,2048.45700412989,17.299,16.004,41.405,27.278,10.368,10.357
20241115172320.5,2048.95299822092,17.341,16.099,41.475,27.31,10.374,10.339
20241115172321,2049.45299550891,17.329,16.234,41.489,27.317,10.361,10.353
20241115172321.5,2049.97299872339,17.369,16.25,41.522,27.317,10.376,10.345
20241115172322,2050.47699920833,17.347,16.06,41.584,27.323,10.382,10.337
20241115172322.5,2050.96499696374,17.317,15.983,41.62,27.337,10.361,10.343
20241115172323,2051.47300064564,17.311,15.955,41.701,27.371,10.35,10.332
20241115172323.5,2051.96900479496,17.303,15.831,41.761,27.397,10.377,10.336
20241115172324.1,2052.59000323713,17.305,15.705,41.792,27.422,10.367,10.356
20241115172324.6,2053.09000052512,17.322,15.586,41.856,27.446,10.373,10.361
20241115172325.1,2053.58999781311,17.291,15.532,41.887,27.456,10.373,10.371
20241115172325.6,2054.08999510109,17.269,15.584,41.912,27.491,10.377,10.354
20241115172326.1,2054.60200197995,17.271,15.538,41.997,27.508,10.381,10.363
20241115172326.6,2055.10199926794,17.283,15.473,41.983,27.51,10.367,10.365
20241115172327.1,2055.60199655592,17.283,15.578,42.043,27.524,10.383,10.359
20241115172327.6,2056.1020039022,17.297,15.528,42.028,27.534,10.35,10.365
20241115172328.1,2056.60200119019,17.275,15.483,42.065,27.518,10.342,10.344
20241115172328.6,2057.09799528122,17.215,15.479,42.076,27.555,10.373,10.356
20241115172329.1,2057.59800262749,17.184,15.501,42.117,27.573,10.369,10.369
20241115172329.6,2058.10999944806,17.176,15.524,42.127,27.581,10.359,10.34
20241115172330.1,2058.60999673605,17.196,15.675,42.142,27.582,10.355,10.341
20241115172330.6,2059.11399722099,17.202,15.791,42.129,27.549,10.37,10.345
20241115172331.1,2059.61400456727,17.234,15.896,42.155,27.583,10.359,10.367
20241115172331.6,2060.11400185525,17.275,15.764,42.148,27.546,10.375,10.365
20241115172332.2,2060.6289960444,17.245,15.764,42.183,27.571,10.356,10.359
20241115172332.7,2061.12900339067,17.178,15.863,42.249,27.612,10.361,10.356
20241115172333.2,2061.6249974817,17.174,15.847,42.305,27.636,10.38,10.349
20241115172333.7,2062.12899796665,17.163,15.737,42.323,27.625,10.364,10.347
20241115172334.2,2062.63299845159,17.173,15.789,42.36,27.643,10.361,10.348
20241115172334.7,2063.14100213349,17.211,15.79,42.411,27.648,10.381,10.354
20241115172335.2,2063.63699622452,17.198,15.722,42.434,27.689,10.356,10.342
20241115172335.7,2064.14099670947,17.198,15.508,42.469,27.693,10.361,10.363
20241115172336.2,2064.64100405574,17.196,15.506,42.489,27.72,10.377,10.361
20241115172336.7,2065.14100134373,17.239,15.524,42.522,27.736,10.363,10.369
20241115172337.2,2065.64099863172,17.247,15.645,42.572,27.738,10.352,10.347
20241115172337.7,2066.13700278103,17.276,15.684,42.627,27.787,10.351,10.347
20241115172338.2,2066.63299687207,17.292,15.81,42.642,27.811,10.345,10.347
20241115172338.7,2067.13300421834,17.31,15.853,42.711,27.837,10.367,10.352
20241115172339.2,2067.63300150633,17.314,15.766,42.742,27.845,10.375,10.359
20241115172339.7,2068.14900152385,17.305,15.77,42.787,27.861,10.338,10.359
20241115172340.2,2068.64499561489,17.305,15.827,42.785,27.881,10.373,10.363
20241115172340.7,2069.14500296116,17.303,15.82,42.811,27.856,10.335,10.345
20241115172341.2,2069.6490034461,17.305,15.83,42.828,27.85,10.349,10.353
20241115172341.7,2070.14900073409,17.325,15.896,42.857,27.858,10.357,10.343
20241115172342.2,2070.64899802208,17.353,15.967,42.892,27.852,10.359,10.339
20241115172342.7,2071.1450021714,17.363,16.094,42.93,27.859,10.367,10.352
20241115172343.2,2071.64900265634,17.386,16.198,42.955,27.892,10.359,10.354
20241115172343.7,2072.16000370681,17.398,16.247,42.998,27.932,10.359,10.346
20241115172344.2,2072.6600009948,17.417,16.079,43.066,27.959,10.367,10.344
20241115172344.7,2073.15999828279,17.396,15.916,43.141,27.979,10.373,10.338
20241115172345.2,2073.65999557078,17.376,15.893,43.172,27.982,10.361,10.352
20241115172345.7,2074.16399605572,17.342,15.895,43.172,27.969,10.352,10.354
20241115172346.2,2074.66400340199,17.255,15.806,43.188,27.971,10.361,10.344
20241115172346.7,2075.15999749303,17.223,15.663,43.213,27.963,10.352,10.363
20241115172347.2,2075.6600048393,17.144,15.657,43.236,27.998,10.354,10.342
20241115172347.7,2076.15700475872,17.152,15.76,43.263,27.996,10.339,10.333
20241115172348.2,2076.6570020467,17.175,15.69,43.287,27.987,10.345,10.347
20241115172348.7,2077.15699933469,17.165,15.68,43.262,27.989,10.341,10.341
20241115172349.2,2077.66000404954,17.185,15.686,43.287,27.987,10.347,10.339
20241115172349.7,2078.16000133753,17.218,15.694,43.289,27.977,10.349,10.361
20241115172350.2,2078.68000455201,17.27,15.717,43.318,28.009,10.337,10.343
20241115172350.7,2079.17599864304,17.276,15.737,43.328,28.021,10.366,10.355
20241115172351.2,2079.67200279236,17.309,15.83,43.37,28.028,10.335,10.331
20241115172351.7,2080.17200008035,17.343,15.848,43.423,28.048,10.349,10.315
20241115172352.2,2080.67199736834,17.335,15.747,43.421,28.026,10.349,10.349
20241115172352.7,2081.17200471461,17.299,15.773,43.444,28.03,10.357,10.353
20241115172353.2,2081.6720020026,17.252,15.791,43.471,28.046,10.361,10.364
20241115172353.7,2082.17199929059,17.208,15.721,43.525,28.064,10.37,10.337
20241115172354.2,2082.67199657857,17.202,15.63,43.597,28.058,10.353,10.351
20241115172354.7,2083.16800072789,17.204,15.624,43.589,28.052,10.361,10.337
20241115172355.2,2083.68400074542,17.25,15.697,43.639,28.046,10.368,10.347
20241115172355.7,2084.17999483645,17.256,15.688,43.661,28.062,10.382,10.349
20241115172356.2,2084.69900228083,17.244,15.616,43.692,28.05,10.376,10.368
20241115172356.7,2085.19600220025,17.234,15.66,43.711,28.038,10.331,10.361
20241115172357.2,2085.69599948823,17.238,15.682,43.732,28.044,10.337,10.335
20241115172357.7,2086.19599677622,17.242,15.739,43.746,28.015,10.333,10.345
20241115172358.2,2086.7069978267,17.238,15.751,43.769,28.034,10.345,10.331
20241115172358.7,2087.21099831164,17.206,15.701,43.79,28.04,10.337,10.323
20241115172359.2,2087.71099559963,17.179,15.598,43.816,28.028,10.339,10.333
20241115172359.8,2088.22300247848,17.149,15.668,43.903,28.024,10.361,10.351
20241115172400.3,2088.71899656951,17.173,15.664,43.876,28.013,10.359,10.327
20241115172400.8,2089.29699584842,17.198,15.658,43.852,28.03,10.327,10.329
20241115172401.3,2089.79700319469,17.2,15.725,43.821,28.038,10.343,10.353
20241115172401.8,2090.30100367963,17.183,15.812,43.783,28.013,10.359,10.357
20241115172402.3,2090.80500416458,17.202,15.775,43.717,28.001,10.359,10.339
20241115172402.8,2091.30500145257,17.228,15.66,43.802,28.034,10.351,10.359
20241115172403.3,2091.79299920797,17.232,15.67,43.903,28.048,10.359,10.347
20241115172403.8,2092.29299649596,17.226,15.632,43.999,28.118,10.353,10.347
20241115172404.3,2092.78200007975,17.25,15.547,44.083,28.15,10.347,10.343
20241115172404.8,2093.2850047946,17.23,15.557,44.15,28.175,10.351,10.349
20241115172405.3,2093.78200471401,17.244,15.652,44.191,28.214,10.347,10.339
20241115172405.8,2094.282002002,17.268,15.61,44.239,28.224,10.341,10.339
20241115172406.3,2094.78199928999,17.222,15.618,44.245,28.218,10.337,10.327
20241115172406.8,2095.29700353742,17.147,15.483,44.276,28.208,10.357,10.321
20241115172407.3,2095.80100402236,17.089,15.386,44.29,28.251,10.347,10.315
20241115172407.8,2096.3050045073,17.081,15.424,44.315,28.265,10.341,10.331
20241115172408.3,2096.80500179529,17.119,15.612,44.379,28.296,10.359,10.313
20241115172408.8,2097.31299541891,17.145,15.598,44.445,28.351,10.347,10.341
20241115172409.3,2097.81300276518,17.169,15.699,44.485,28.355,10.361,10.341
20241115172409.8,2098.31300005317,17.161,15.725,44.555,28.447,10.345,10.323
20241115172410.3,2098.80900420249,17.169,15.612,44.609,28.471,10.343,10.343
20241115172410.9,2099.32100102305,17.143,15.475,44.663,28.496,10.355,10.333
20241115172411.4,2099.82399567962,17.135,15.408,44.702,28.496,10.357,10.333
20241115172411.9,2100.32099559903,17.143,15.584,44.743,28.53,10.331,10.327
20241115172412.3,2100.81699974835,17.167,15.735,44.752,28.51,10.339,10.345
20241115172412.9,2101.32100023329,17.204,15.64,44.803,28.5,10.353,10.325
20241115172413.3,2101.81700438261,17.202,15.622,44.791,28.496,10.353,10.321
20241115172413.8,2102.3170016706,17.182,15.668,44.801,28.543,10.373,10.333
20241115172414.3,2102.81299576163,17.244,15.769,44.809,28.53,10.343,10.349
20241115172414.8,2103.31699624658,17.252,15.879,44.785,28.516,10.339,10.321
20241115172415.3,2103.81700359285,17.246,15.895,44.812,28.522,10.355,10.341
20241115172415.8,2104.31700088084,17.224,15.776,44.818,28.533,10.337,10.309
20241115172416.4,2104.83199506998,17.155,15.895,44.839,28.535,10.361,10.323
20241115172416.9,2105.3479950875,17.173,15.711,44.863,28.563,10.355,10.329
20241115172417.4,2105.84399923682,17.145,15.739,44.888,28.579,10.349,10.331
20241115172417.9,2106.34399652481,17.137,15.725,44.913,28.567,10.355,10.335
20241115172418.4,2106.84000067413,17.165,15.765,44.907,28.59,10.367,10.327
20241115172418.9,2107.33599476516,17.19,15.782,44.952,28.596,10.349,10.333
20241115172419.4,2107.84399844706,17.176,15.727,44.958,28.61,10.351,10.345
20241115172419.9,2108.33599939942,17.119,15.751,45.002,28.592,10.347,10.353
20241115172420.4,2108.83599668741,17.129,15.786,45.02,28.629,10.363,10.335
20241115172420.9,2109.33200083673,17.101,15.62,45.078,28.62,10.351,10.327
20241115172421.4,2109.83199812472,17.145,15.604,45.107,28.586,10.353,10.359
20241115172421.9,2110.33199541271,17.155,15.535,45.151,28.622,10.349,10.341
20241115172422.4,2110.83200275898,17.19,15.63,45.201,28.68,10.341,10.341
20241115172422.9,2111.34399957955,17.238,15.551,45.252,28.704,10.357,10.321
20241115172423.4,2111.84800006449,17.252,15.468,45.333,28.749,10.353,10.361
20241115172423.9,2112.34799735248,17.274,15.466,45.368,28.755,10.363,10.341
20241115172424.4,2112.84800469875,17.282,15.533,45.399,28.735,10.357,10.343
20241115172424.9,2113.34800198674,17.287,15.545,45.405,28.759,10.359,10.333
20241115172425.4,2113.84399607778,17.274,15.644,45.426,28.763,10.359,10.353
20241115172425.9,2114.34400342405,17.293,15.656,45.451,28.759,10.357,10.357
20241115172426.4,2114.85600024462,17.309,15.82,45.43,28.741,10.365,10.343
20241115172426.9,2115.36700129509,17.299,15.792,45.417,28.692,10.372,10.355
20241115172427.4,2115.86699858308,17.276,15.691,45.451,28.712,10.359,10.355
20241115172427.9,2116.36699587107,17.258,15.626,45.422,28.7,10.359,10.349
20241115172428.4,2116.86399579048,17.262,15.608,45.527,28.706,10.353,10.353
20241115172428.9,2117.36400313675,17.258,15.632,45.622,28.712,10.374,10.349
20241115172429.4,2117.86400042474,17.278,15.743,45.728,28.757,10.365,10.369
20241115172429.9,2118.36000457406,17.282,15.765,45.825,28.782,10.353,10.347
20241115172430.4,2118.8749987632,17.325,15.674,45.879,28.81,10.363,10.351
20241115172430.9,2119.40700151026,17.327,15.674,45.875,28.81,10.369,10.343
20241115172431.4,2119.9029956013,17.286,15.608,45.891,28.771,10.359,10.345
20241115172431.9,2120.40300294757,17.299,15.676,45.931,28.806,10.376,10.351
20241115172432.4,2120.91799713671,17.305,15.735,45.869,28.751,10.355,10.353
20241115172432.9,2121.41400128603,17.295,15.769,45.883,28.757,10.38,10.359
20241115172433.4,2121.91399857402,17.319,15.672,45.908,28.747,10.38,10.337
20241115172434,2122.42999859154,17.293,15.707,45.885,28.702,10.374,10.367
20241115172434.5,2122.92600274086,17.313,15.725,45.868,28.724,10.38,10.357
20241115172435,2123.42199683189,17.317,15.711,45.879,28.69,10.357,10.343
20241115172435.5,2123.93000051379,17.321,15.84,45.943,28.694,10.382,10.357
20241115172436,2124.44199733436,17.325,15.933,46.003,28.698,10.357,10.351
20241115172436.5,2124.94200468063,17.321,15.963,46.084,28.71,10.345,10.335
20241115172437,2125.45299567282,17.327,15.907,46.094,28.702,10.361,10.331
20241115172437.5,2125.95300301909,17.339,15.796,46.119,28.686,10.355,10.345
20241115172438,2126.46499983966,17.369,15.648,46.106,28.667,10.378,10.357
20241115172438.5,2126.96900032461,17.39,15.452,46.084,28.639,10.369,10.357
20241115172439,2127.48099714518,17.333,15.319,46.1,28.633,10.367,10.357
20241115172439.5,2127.98499763012,17.295,15.184,46.208,28.653,10.363,10.345
20241115172440,2128.49599868059,17.295,15.208,46.237,28.653,10.365,10.361
20241115172440.5,2129.01199869812,17.289,15.165,46.231,28.637,10.367,10.349
20241115172441,2129.5119959861,17.246,15.121,46.253,28.657,10.351,10.359
20241115172441.6,2130.02400286496,17.125,15.176,46.249,28.7,10.365,10.361
20241115172442.1,2130.52400015295,17.062,15.283,46.189,28.667,10.359,10.351
20241115172442.6,2131.02000430226,17.018,15.287,46.03,28.571,10.369,10.353
20241115172443.2,2131.64499588311,16.988,15.365,45.912,28.486,10.367,10.335
20241115172443.7,2132.14899636805,17.05,15.523,45.823,28.479,10.38,10.349
20241115172444.2,2132.65299685299,17.083,15.588,45.798,28.479,10.349,10.355
20241115172444.7,2133.15699733794,17.115,15.531,45.823,28.479,10.39,10.349
20241115172445.2,2133.66000205278,17.133,15.537,45.891,28.481,10.369,10.343
20241115172445.7,2134.16400253773,17.19,15.507,45.972,28.52,10.38,10.357
20241115172446.2,2134.6759993583,17.19,15.44,46.086,28.533,10.396,10.343
20241115172446.7,2135.19199937582,17.159,15.438,46.14,28.598,10.355,10.351
20241115172447.2,2135.69199666381,17.167,15.432,46.228,28.62,10.378,10.345
20241115172447.7,2136.18800081313,17.161,15.402,46.303,28.645,10.341,10.353
20241115172448.2,2136.68799810112,17.182,15.515,46.38,28.68,10.386,10.327
20241115172448.7,2137.20300234854,17.19,15.533,46.435,28.682,10.369,10.355
20241115172449.2,2137.71499916911,17.224,15.505,46.539,28.729,10.355,10.353
20241115172449.7,2138.2149964571,17.2,15.475,46.59,28.763,10.359,10.337
20241115172450.2,2138.71500380337,17.212,15.434,46.661,28.806,10.38,10.345
20241115172450.8,2139.21900428832,17.248,15.551,46.729,28.841,10.373,10.355
20241115172451.3,2139.72300477326,17.244,15.719,46.766,28.823,10.367,10.345
20241115172451.8,2140.22300206125,17.25,15.675,46.859,28.888,10.38,10.351
20241115172452.3,2140.72299934924,17.274,15.699,46.923,28.908,10.369,10.371
20241115172452.8,2141.22299663723,17.297,15.701,46.983,28.958,10.375,10.339
20241115172453.3,2141.73500351608,17.315,15.614,47.015,28.99,10.371,10.357
20241115172453.8,2142.2420013696,17.279,15.555,47.106,29.003,10.375,10.357
20241115172454.3,2142.73900128901,17.238,15.559,47.172,29.031,10.365,10.349
20241115172454.8,2143.238998577,17.264,15.567,47.23,29.074,10.367,10.375
20241115172455.3,2143.73899586499,17.277,15.618,47.252,29.105,10.369,10.353
20241115172455.8,2144.23900321126,17.305,15.751,47.346,29.133,10.363,10.337
20241115172456.3,2144.73499730229,17.323,15.832,47.36,29.129,10.369,10.378
20241115172456.8,2145.23500464857,17.329,15.812,47.374,29.15,10.367,10.351
20241115172457.3,2145.73500193655,17.355,15.776,47.379,29.129,10.371,10.331
20241115172457.8,2146.23499922454,17.341,15.854,47.406,29.111,10.373,10.357
20241115172458.3,2146.73499651253,17.38,15.899,47.436,29.143,10.375,10.353
20241115172458.8,2147.245997563,17.38,15.915,47.507,29.172,10.371,10.357
20241115172459.3,2147.74200171232,17.404,15.931,47.523,29.152,10.369,10.347
20241115172459.8,2148.24199900031,17.394,15.951,47.587,29.176,10.375,10.343
20241115172500.3,2148.7419962883,17.422,15.994,47.633,29.229,10.359,10.351
20241115172500.8,2149.24200363457,17.428,15.915,47.67,29.213,10.347,10.353
20241115172501.3,2149.74200092256,17.406,15.858,47.724,29.213,10.373,10.341
20241115172501.8,2150.24199821055,17.394,15.826,47.722,29.225,10.375,10.343
20241115172502.3,2150.74199549854,17.386,15.866,47.767,29.237,10.373,10.351
20241115172502.8,2151.24200284481,17.396,15.929,47.821,29.254,10.371,10.357
20241115172503.3,2151.73900276423,17.369,15.931,47.888,29.287,10.359,10.369
20241115172503.8,2152.23499685526,17.371,15.717,47.923,29.276,10.365,10.353
20241115172504.3,2152.73500420153,17.367,15.571,47.963,29.282,10.347,10.343
20241115172504.8,2153.23500148952,17.361,15.572,47.992,29.286,10.371,10.355
20241115172505.3,2153.74999567866,17.295,15.501,48.034,29.319,10.365,10.373
20241115172505.8,2154.25399616361,17.283,15.557,48.068,29.366,10.373,10.345
20241115172506.3,2154.75000031292,17.313,15.838,48.164,29.376,10.378,10.331
20241115172506.8,2155.26600033045,17.359,16.024,48.226,29.417,10.38,10.367
20241115172507.3,2155.77799715102,17.38,16.184,48.283,29.446,10.371,10.351
20241115172507.8,2156.28199763596,17.418,16.103,48.345,29.487,10.349,10.359
20241115172508.3,2156.77800178528,17.412,15.998,48.41,29.493,10.371,10.353
20241115172508.8,2157.28200227022,17.4,15.826,48.469,29.534,10.355,10.363
20241115172509.3,2157.77799636126,17.367,15.765,48.483,29.493,10.375,10.359
20241115172509.8,2158.27800370753,17.343,15.772,48.535,29.53,10.359,10.347
20241115172510.3,2158.77800099552,17.333,15.832,48.559,29.526,10.369,10.345
20241115172510.8,2159.27399508655,17.347,15.875,48.588,29.546,10.369,10.351
20241115172511.3,2159.77799557149,17.365,15.8,48.646,29.583,10.363,10.371
20241115172511.8,2160.29299981892,17.38,15.81,48.74,29.613,10.392,10.353
20241115172512.3,2160.79299710691,17.365,15.842,48.774,29.66,10.38,10.347
20241115172512.8,2161.29300445318,17.369,15.887,48.851,29.656,10.361,10.355
20241115172513.3,2161.79699487984,17.382,15.963,48.903,29.681,10.371,10.325
20241115172513.8,2162.29700222611,17.402,16.052,48.928,29.697,10.367,10.369
20241115172514.3,2162.80100271106,17.43,16.111,48.964,29.671,10.367,10.347
20241115172514.8,2163.30099999905,17.42,16.127,48.966,29.679,10.378,10.345
20241115172515.3,2163.80099728703,17.424,16.125,49.003,29.673,10.386,10.353
20241115172515.8,2164.30100463331,17.418,16.087,49.054,29.716,10.371,10.359
20241115172516.3,2164.8010019213,17.388,15.957,49.112,29.746,10.369,10.363
20241115172516.9,2165.32799564302,17.398,15.897,49.122,29.763,10.384,10.347
20241115172517.4,2165.82399979234,17.392,15.86,49.21,29.795,10.386,10.353
20241115172517.9,2166.32800027728,17.4,15.848,49.267,29.801,10.382,10.343
20241115172518.4,2166.83200076222,17.384,15.897,49.306,29.801,10.361,10.349
20241115172518.9,2167.34000444412,17.392,16.18,49.315,29.818,10.392,10.351
20241115172519.4,2167.84799806774,17.442,16.291,49.352,29.818,10.367,10.359
20241115172519.9,2168.34799535573,17.456,16.123,49.463,29.867,10.38,10.335
20241115172520.4,2168.848002702,17.474,16.095,49.517,29.828,10.382,10.355
20241115172520.9,2169.34799998999,17.414,15.967,49.48,29.832,10.367,10.365
20241115172521.4,2169.84799727798,17.337,15.969,49.492,29.822,10.367,10.359
20241115172521.9,2170.34800462425,17.329,15.931,49.574,29.834,10.39,10.345
20241115172522.4,2170.84800191224,17.301,16,49.605,29.838,10.38,10.349
20241115172522.9,2171.34799920022,17.323,15.998,49.567,29.801,10.367,10.347
20241115172523.4,2171.85999602079,17.353,15.784,49.62,29.801,10.392,10.359
20241115172523.9,2172.37500026822,17.376,15.729,49.701,29.822,10.39,10.371
20241115172524.4,2172.87900075316,17.38,15.733,49.779,29.857,10.375,10.349
20241115172524.9,2173.37100170553,17.382,15.67,49.847,29.902,10.369,10.367
20241115172525.5,2173.99999648333,17.382,15.634,50.017,29.924,10.373,10.369
20241115172526,2174.5000038296,17.371,15.576,49.989,29.899,10.378,10.367
20241115172526.5,2175.01600384712,17.305,15.608,49.992,29.889,10.39,10.382
20241115172527,2175.51600113511,17.26,15.65,49.989,29.926,10.386,10.349
20241115172527.5,2176.0159984231,17.26,15.63,50.083,29.977,10.386,10.361
20241115172528.1,2176.52799524367,17.264,15.557,50.127,29.969,10.384,10.369
20241115172528.6,2177.02800258994,17.23,15.574,50.203,29.983,10.396,10.361
20241115172529.1,2177.53200307488,17.242,15.598,50.288,30.018,10.388,10.367
20241115172529.6,2178.04300412536,17.212,15.584,50.37,30.063,10.398,10.365
20241115172530.1,2178.53899821639,17.216,15.608,50.614,30.079,10.394,10.355
20241115172530.6,2179.05900143087,17.21,15.751,50.679,30.114,10.388,10.357
20241115172531.1,2179.5549955219,17.224,15.822,50.725,30.12,10.384,10.359
20241115172531.6,2180.07099553943,17.272,15.776,50.756,30.136,10.384,10.373
20241115172532.1,2180.5710028857,17.285,15.893,50.729,30.11,10.406,10.394
20241115172532.6,2181.07399754226,17.305,15.879,50.811,30.118,10.373,10.339
20241115172533.1,2181.58600442111,17.293,15.868,50.813,30.157,10.382,10.375
20241115172533.6,2182.08199851215,17.287,15.931,50.821,30.134,10.396,10.369
20241115172534.1,2182.58199580014,17.303,15.941,50.886,30.198,10.394,10.355
20241115172534.6,2183.09400267899,17.327,15.951,50.94,30.185,10.41,10.369
20241115172535.1,2183.59399996698,17.345,15.974,50.978,30.187,10.402,10.353
20241115172535.6,2184.0900041163,17.337,15.877,51.005,30.202,10.402,10.363
20241115172536.1,2184.58599820733,17.333,15.737,51.013,30.206,10.388,10.369
20241115172536.6,2185.08599549532,17.305,15.733,51.076,30.206,10.402,10.367
20241115172537.1,2185.58999598026,17.281,15.737,51.126,30.175,10.398,10.355
20241115172537.6,2186.09399646521,17.252,15.828,51.174,30.188,10.402,10.369
20241115172538.1,2186.61699704826,17.293,15.996,51.249,30.224,10.382,10.365
20241115172538.7,2187.12900392711,17.323,15.923,51.316,30.243,10.39,10.367
20241115172539.2,2187.63300441206,17.339,15.812,51.375,30.273,10.4,10.361
20241115172539.7,2188.12899850309,17.369,15.648,51.396,30.261,10.398,10.353
20241115172540.2,2188.63299898803,17.378,15.458,51.427,30.255,10.388,10.369
20241115172540.7,2189.14100266993,17.335,15.472,51.49,30.253,10.388,10.361
20241115172541.2,2189.66000005603,17.353,15.477,51.577,30.298,10.392,10.353
20241115172541.7,2190.15999734402,17.367,15.45,51.611,30.306,10.404,10.365
20241115172542.2,2190.66000469029,17.359,15.452,51.688,30.355,10.373,10.353
20241115172542.7,2191.16000197828,17.388,15.495,51.757,30.398,10.384,10.369
20241115172543.2,2191.66400246322,17.396,15.612,51.818,30.425,10.396,10.371
20241115172543.7,2192.16399975121,17.396,15.64,51.855,30.42,10.41,10.375
20241115172544.2,2192.67999976873,17.386,15.666,51.828,30.388,10.382,10.353
20241115172544.7,2193.18400025368,17.357,15.733,51.903,30.378,10.371,10.365
20241115172545.2,2193.69599707425,17.396,15.707,51.912,30.371,10.412,10.349
20241115172545.7,2194.20699812472,17.392,15.687,51.97,30.359,10.41,10.355
20241115172546.2,2194.70300227404,17.392,15.699,51.997,30.38,10.4,10.375
20241115172546.7,2195.20299956203,17.392,15.772,52.076,30.396,10.4,10.359
20241115172547.3,2195.71899957955,17.408,15.826,52.156,30.427,10.398,10.355
20241115172547.8,2196.21899686754,17.424,15.893,52.239,30.435,10.398,10.369
20241115172548.2,2196.71500101686,17.444,15.937,52.283,30.437,10.408,10.375
20241115172548.8,2197.23100103438,17.477,15.866,52.367,30.453,10.404,10.369
20241115172549.3,2197.72699512541,17.472,15.751,52.471,30.474,10.402,10.369
20241115172549.8,2198.23900200427,17.472,15.695,52.511,30.472,10.404,10.351
20241115172550.3,2198.74199666083,17.468,15.596,52.582,30.498,10.402,10.373
20241115172550.8,2199.23899658024,17.438,15.523,52.593,30.494,10.418,10.359
20241115172551.3,2199.73900392652,17.382,15.61,52.647,30.527,10.398,10.378
20241115172551.8,2200.2390012145,17.386,15.642,52.716,30.523,10.396,10.363
20241115172552.3,2200.73499530554,17.382,15.576,52.789,30.533,10.404,10.359
20241115172552.8,2201.23500265181,17.386,15.675,52.822,30.557,10.408,10.375
20241115172553.3,2201.73900313675,17.38,15.826,52.856,30.551,10.404,10.375
20241115172553.8,2202.25000418723,17.402,15.875,52.91,30.543,10.394,10.373
20241115172554.3,2202.74599827826,17.432,15.838,52.893,30.525,10.398,10.361
20241115172554.8,2203.24599556625,17.432,15.842,52.916,30.549,10.408,10.365
20241115172555.3,2203.74600291252,17.444,15.832,52.954,30.576,10.398,10.365
20241115172555.8,2204.25000339746,17.434,15.868,53.033,30.594,10.39,10.378
20241115172556.3,2204.7459974885,17.446,15.909,53.092,30.61,10.406,10.359
20241115172556.8,2205.24200163782,17.446,15.961,53.161,30.615,10.42,10.345
20241115172557.3,2205.73900155723,17.466,15.984,53.23,30.641,10.392,10.367
20241115172557.8,2206.23899884522,17.444,15.978,53.307,30.649,10.41,10.369
20241115172558.3,2206.74599669874,17.408,15.984,53.338,30.643,10.41,10.361
20241115172558.8,2207.24200084805,17.438,16.115,53.391,30.637,10.406,10.363
20241115172559.3,2207.73900076747,17.448,16.208,53.466,30.67,10.41,10.345
20241115172559.8,2208.25399495661,17.483,16.277,53.541,30.7,10.402,10.375
20241115172600.3,2208.75400230289,17.481,16.327,53.581,30.711,10.422,10.369
20241115172600.8,2209.24999639392,17.507,16.353,53.673,30.766,10.418,10.363
20241115172601.3,2209.75399687886,17.527,16.432,53.773,30.78,10.388,10.378
20241115172601.8,2210.25000102818,17.551,16.541,53.829,30.835,10.388,10.351
20241115172602.3,2210.7660010457,17.543,16.485,53.873,30.831,10.402,10.371
20241115172602.8,2211.26599833369,17.507,16.18,53.932,30.815,10.406,10.369
20241115172603.3,2211.77799515426,17.422,15.974,53.961,30.805,10.422,10.361
20241115172603.8,2212.27800250053,17.396,15.947,54.044,30.794,10.42,10.371
20241115172604.4,2212.90300413966,17.371,15.971,54.084,30.754,10.408,10.371
20241115172604.9,2213.40700462461,17.38,15.909,54.143,30.743,10.412,10.38
20241115172605.4,2213.90700191259,17.406,15.917,54.182,30.739,10.422,10.375
20241115172605.9,2214.40299600363,17.396,15.731,54.306,30.749,10.414,10.367
20241115172606.4,2214.91000391543,17.367,15.881,54.387,30.79,10.412,10.371
20241115172606.9,2215.40700383484,17.347,16.01,54.498,30.821,10.41,10.369
20241115172607.4,2215.91800488532,17.378,16.103,54.625,30.85,10.404,10.384
20241115172608,2216.42199531198,17.4,15.963,54.755,30.888,10.41,10.375
20241115172608.5,2216.9379953295,17.345,15.824,54.914,30.87,10.4,10.371
20241115172609,2217.43800267577,17.321,15.757,55.108,30.919,10.42,10.371
20241115172609.5,2217.93399676681,17.268,15.628,55.175,30.941,10.408,10.373
20241115172610,2218.45300421119,17.238,15.767,55.342,30.944,10.408,10.384
20241115172610.5,2218.94899830222,17.293,15.836,55.363,30.901,10.436,10.375
20241115172611,2219.46099512279,17.281,15.664,55.346,30.866,10.42,10.373
20241115172611.5,2219.99599523842,17.291,15.571,55.354,30.807,10.412,10.369
20241115172612,2220.4960025847,17.281,15.6,55.31,30.821,10.396,10.382
20241115172612.5,2221.00000306964,17.293,15.717,55.317,30.794,10.408,10.367
20241115172613,2221.50400355458,17.305,15.749,55.394,30.778,10.404,10.388
20241115172613.5,2221.99999764562,17.321,15.838,55.498,30.823,10.404,10.378
20241115172614,2222.50000499189,17.347,15.929,55.603,30.856,10.392,10.378
20241115172614.5,2223.00399541855,17.325,15.974,55.686,30.874,10.41,10.371
20241115172615,2223.49999956787,17.347,15.846,55.824,30.943,10.426,10.378
20241115172615.5,2224.01599958539,17.329,15.747,55.96,30.964,10.414,10.365
20241115172616.1,2224.53199960291,17.272,15.747,56.1,30.962,10.41,10.365
20241115172616.6,2225.03500431776,17.216,15.671,56.257,30.993,10.408,10.396
20241115172617.1,2225.55100433528,17.18,15.596,56.305,31.035,10.432,10.396
20241115172617.6,2226.07099749148,17.21,15.628,56.414,31.066,10.422,10.375
20241115172618.1,2226.57099477947,17.208,15.646,56.499,31.04,10.406,10.378
20241115172618.6,2227.08599902689,17.196,15.679,56.531,31.013,10.4,10.367
20241115172619.1,2227.60199904442,17.214,15.753,56.583,31.019,10.406,10.375
20241115172619.6,2228.10199633241,17.258,15.862,56.691,31.052,10.422,10.38
20241115172620.1,2228.60200367868,17.309,15.895,56.834,31.097,10.412,10.386
20241115172620.6,2229.11699786782,17.321,15.947,56.942,31.121,10.412,10.386
20241115172621.2,2229.62099835277,17.392,15.971,57.042,31.125,10.416,10.388
20241115172621.7,2230.13699837029,17.384,15.83,57.126,31.162,10.412,10.375
20241115172622.2,2230.63699565828,17.424,15.739,57.205,31.154,10.412,10.378
20241115172622.7,2231.13700300455,17.428,15.624,57.301,31.17,10.438,10.396
20241115172623.2,2231.63700029254,17.384,15.602,57.372,31.154,10.402,10.384
20241115172623.7,2232.14100077748,17.347,15.61,57.494,31.15,10.386,10.375
20241115172624.2,2232.65299759805,17.295,15.584,57.623,31.158,10.402,10.388
20241115172624.7,2233.15299488604,17.25,15.576,57.711,31.164,10.42,10.375
20241115172625.2,2233.64899903536,17.244,15.45,57.797,31.16,10.398,10.396
20241115172625.7,2234.14899632335,17.236,15.394,57.849,31.176,10.408,10.4
20241115172626.2,2234.64900366962,17.22,15.394,57.941,31.199,10.412,10.365
20241115172626.7,2235.14900095761,17.224,15.323,58.02,31.215,10.418,10.388
20241115172627.2,2235.64499504864,17.234,15.349,58.097,31.234,10.384,10.392
20241115172627.7,2236.14500239491,17.244,15.44,58.26,31.272,10.42,10.396
20241115172628.2,2236.6449996829,17.264,15.491,58.382,31.264,10.412,10.39
20241115172628.7,2237.15699650347,17.323,15.452,58.503,31.283,10.418,10.384
20241115172629.2,2237.65700384974,17.315,15.515,58.615,31.281,10.426,10.386
20241115172629.7,2238.15700113773,17.361,15.545,58.757,31.293,10.414,10.38
20241115172630.2,2238.66800218821,17.386,15.499,58.887,31.307,10.4,10.378
20241115172630.7,2239.18400220573,17.363,15.404,58.981,31.297,10.39,10.392
20241115172631.2,2239.68399949372,17.359,15.345,59.073,31.281,10.408,10.378
20241115172631.7,2240.19599631429,17.373,15.285,59.144,31.299,10.396,10.375
20241115172632.2,2240.69900102913,17.301,15.246,59.269,31.311,10.416,10.357
20241115172632.7,2241.19899831712,17.254,15.349,59.37,31.35,10.398,10.379
20241115172633.2,2241.71499833465,17.269,15.275,59.552,31.393,10.414,10.357
20241115172633.8,2242.23099835217,17.269,15.341,59.669,31.42,10.41,10.359
20241115172634.3,2242.73499883711,17.295,15.376,59.708,31.45,10.41,10.371
20241115172634.8,2243.2349961251,17.315,15.287,59.829,31.436,10.392,10.367
20241115172635.3,2243.75000037253,17.347,15.252,59.926,31.428,10.414,10.39
20241115172635.8,2244.24999766052,17.345,15.254,60.034,31.41,10.402,10.367
20241115172636.3,2244.76599767804,17.366,15.295,60.128,31.397,10.424,10.359
20241115172636.8,2245.26999816298,17.359,15.386,60.299,31.387,10.383,10.373
20241115172637.4,2245.89099660516,17.37,15.384,60.563,31.452,10.408,10.388
20241115172637.9,2246.3949970901,17.374,15.463,60.752,31.45,10.402,10.349
20241115172638.4,2246.90700396895,17.374,15.58,60.924,31.471,10.388,10.377
20241115172639,2247.4219981581,17.353,15.58,61.078,31.463,10.398,10.365
20241115172639.5,2247.92199544609,17.368,15.642,61.235,31.497,10.39,10.381
20241115172640,2248.43400232494,17.364,15.757,61.409,31.506,10.404,10.375
20241115172640.5,2248.93399961293,17.368,15.796,61.59,31.563,10.412,10.369
20241115172641,2249.43399690092,17.398,15.848,61.809,31.626,10.4,10.363
20241115172641.5,2249.93799738586,17.416,15.713,62.09,31.659,10.41,10.394
20241115172642,2250.44600106776,17.432,15.903,62.342,31.646,10.4,10.369
20241115172642.5,2250.94899572432,17.444,15.927,62.426,31.644,10.426,10.386
20241115172643,2251.45299620926,17.432,15.856,62.611,31.679,10.394,10.371
20241115172643.5,2251.96899622679,17.432,15.798,62.745,31.728,10.414,10.375
20241115172644,2252.48100310564,17.41,15.915,62.903,31.738,10.418,10.375
20241115172644.5,2252.98500359058,17.408,15.962,63.027,31.726,10.392,10.392
20241115172645,2253.48900407553,17.43,15.947,63.166,31.696,10.4,10.371
20241115172645.5,2253.98900136352,17.412,16.012,63.353,31.685,10.404,10.377
20241115172646,2254.4889986515,17.412,16.17,63.472,31.663,10.392,10.39
20241115172646.5,2254.99200336635,17.446,16.151,63.683,31.679,10.398,10.377
20241115172647.1,2255.52000291646,17.471,16.123,63.905,31.728,10.406,10.367
20241115172647.6,2256.02000020444,17.448,16.133,64.143,31.787,10.402,10.369
20241115172648.1,2256.52400068939,17.424,16.174,64.351,31.781,10.414,10.371
20241115172648.6,2257.02399797738,17.436,16.228,64.63,31.761,10.406,10.375
20241115172649.1,2257.52799846232,17.432,16.366,64.899,31.773,10.396,10.369
20241115172649.6,2258.04300270975,17.463,16.44,65.147,31.8,10.404,10.377
20241115172650.1,2258.55900272727,17.473,16.488,65.375,31.852,10.413,10.35
20241115172650.6,2259.05900001526,17.478,16.5,65.532,31.84,10.394,10.354
20241115172651.1,2259.55899730325,17.524,16.343,65.644,31.866,10.38,10.362
20241115172651.6,2260.05900464952,17.498,16.213,65.89,31.891,10.399,10.362
20241115172652.1,2260.57100147009,17.494,16.12,66.146,31.93,10.405,10.362
20241115172652.6,2261.07799932361,17.478,16.1,66.381,31.944,10.401,10.366
20241115172653.1,2261.57400347292,17.496,16.068,66.631,31.969,10.405,10.37
20241115172653.6,2262.08600029349,17.466,15.989,66.845,31.979,10.396,10.358
20241115172654.1,2262.58599758148,17.468,15.989,67.035,31.969,10.405,10.354
20241115172654.6,2263.08600492775,17.448,15.886,67.207,31.918,10.392,10.368
20241115172655.1,2263.58600221574,17.337,15.836,67.371,31.885,10.415,10.358
20241115172655.6,2264.09000270069,17.284,15.739,67.551,31.915,10.388,10.372
20241115172656.1,2264.58999998868,17.27,15.627,67.785,31.93,10.378,10.362
20241115172656.6,2265.08999727666,17.278,15.601,68.097,31.928,10.407,10.342
20241115172657.1,2265.59000462294,17.232,15.524,68.425,31.981,10.386,10.368
20241115172657.6,2266.0939950496,17.201,15.44,68.764,32.006,10.376,10.364
20241115172658.1,2266.60600192845,17.161,15.432,69.049,31.993,10.406,10.358
20241115172658.6,2267.10599921644,17.147,15.567,69.314,32.01,10.38,10.37
20241115172659.1,2267.60599650443,17.175,15.567,69.673,32.026,10.404,10.372
20241115172659.6,2268.1060038507,17.207,15.397,70.026,32.005,10.402,10.362
20241115172700.2,2268.62099803984,17.246,15.418,70.318,32.001,10.402,10.336
20241115172700.7,2269.1530007869,17.26,15.51,70.679,32.04,10.384,10.348
20241115172701.2,2269.66400183737,17.304,15.561,71.123,32.079,10.39,10.378
20241115172701.7,2270.16800232232,17.337,15.476,71.513,32.134,10.384,10.354
20241115172702.2,2270.67999914289,17.282,15.45,71.833,32.179,10.382,10.356
20241115172702.7,2271.19199596345,17.282,15.456,72.148,32.185,10.376,10.35
20241115172703.2,2271.69200330973,17.314,15.656,72.446,32.189,10.376,10.358
20241115172703.7,2272.18799740076,17.318,15.85,72.769,32.193,10.374,10.368
20241115172704.2,2272.70300164819,17.312,15.787,73.091,32.198,10.4,10.346
20241115172704.7,2273.20299893618,17.347,15.694,73.455,32.204,10.386,10.356
20241115172705.3,2273.73099848628,17.268,15.575,73.835,32.261,10.392,10.366
20241115172705.8,2274.23499897122,17.25,15.589,74.218,32.236,10.372,10.36
20241115172706.3,2274.73100312054,17.228,15.559,74.605,32.279,10.382,10.366
20241115172706.8,2275.23100040853,17.234,15.519,74.987,32.292,10.38,10.364
20241115172707.3,2275.742001459,17.246,15.476,75.408,32.316,10.388,10.374
20241115172707.8,2276.24199874699,17.238,15.579,75.839,32.322,10.376,10.352
20241115172708.3,2276.73899866641,17.217,15.62,76.316,32.369,10.384,10.366
20241115172708.8,2277.25400291383,17.248,15.599,76.709,32.373,10.386,10.38
20241115172709.3,2277.75400020182,17.234,15.644,77.201,32.373,10.398,10.36
20241115172709.8,2278.25399748981,17.264,15.523,77.531,32.381,10.388,10.344
20241115172710.3,2278.7539947778,17.181,15.436,77.939,32.337,10.394,10.356
20241115172710.8,2279.26600165665,17.149,15.329,78.401,32.33,10.396,10.394
20241115172711.3,2279.76599894464,17.112,15.205,78.98,32.336,10.402,10.368
20241115172711.8,2280.26599623263,17.072,15.135,79.47,32.373,10.396,10.364
20241115172712.3,2280.7660035789,17.026,15.199,79.997,32.402,10.411,10.348
20241115172712.8,2281.27000406384,17.084,15.254,80.626,32.398,10.394,10.37
20241115172713.3,2281.77799768746,17.098,15.319,81.112,32.404,10.398,10.362
20241115172713.8,2282.27799497545,17.11,15.284,81.666,32.465,10.382,10.366
20241115172714.3,2282.77800232172,17.1,15.264,82.259,32.516,10.415,10.36
20241115172714.8,2283.27399641275,17.104,15.353,82.775,32.527,10.374,10.35
20241115172715.3,2283.78900066018,17.114,15.391,83.349,32.506,10.39,10.36
20241115172715.8,2284.28899794817,17.121,15.484,83.779,32.418,10.415,10.362
20241115172716.3,2284.78500209749,17.116,15.579,84.17,32.369,10.384,10.382
20241115172716.9,2285.39499677718,17.076,15.505,84.961,32.345,10.384,10.346
20241115172717.4,2285.89899726212,17.096,15.478,85.653,32.337,10.384,10.366
20241115172717.9,2286.39900460839,17.1,15.454,86.267,32.29,10.396,10.358
20241115172718.4,2286.89900189638,17.131,15.456,86.986,32.306,10.39,10.384
20241115172718.9,2287.39899918437,17.074,15.296,87.615,32.253,10.378,10.354
20241115172719.4,2287.91000023484,17.038,15.155,88.118,32.251,10.38,10.388
20241115172720,2288.42600025237,16.971,15.149,88.623,32.175,10.368,10.37
20241115172720.5,2288.94200026989,16.927,15.137,89.27,32.155,10.368,10.34
20241115172721,2289.44600075483,16.919,15.125,89.908,32.181,10.374,10.374
20241115172721.5,2289.95700180531,16.935,15.119,90.633,32.157,10.376,10.36
20241115172722,2290.45699909329,16.917,15.258,91.396,32.188,10.4,10.346
20241115172722.5,2290.95699638128,16.935,15.363,92.158,32.187,10.372,10.35
20241115172723,2291.45700372756,16.935,15.496,92.9,32.134,10.39,10.388
20241115172723.5,2291.96900054812,16.975,15.684,93.634,32.081,10.39,10.338
20241115172724,2292.47300103307,17.02,15.606,94.317,32.04,10.352,10.36
20241115172724.5,2292.97700151801,17.018,15.699,95.007,31.998,10.374,10.348
20241115172725,2293.48499514163,17.03,15.799,95.927,32.024,10.4,10.362
20241115172725.5,2293.9850024879,17.09,15.676,96.901,32.038,10.38,10.36
20241115172726,2294.48900297284,17.127,15.595,97.878,32.051,10.376,10.362
20241115172726.5,2294.99600082636,17.1,15.676,98.837,32.069,10.394,10.34
20241115172727,2295.5000013113,17.135,15.795,99.826,32.053,10.378,10.362
20241115172727.5,2295.99999859929,17.191,15.795,100.968,32.094,10.368,10.346
20241115172728,2296.50399908423,17.205,15.67,102.04,32.1,10.382,10.36
20241115172728.6,2297.03499600291,17.224,15.616,103.148,32.089,10.394,10.344
20241115172729.1,2297.54700288177,17.234,15.735,104.311,32.118,10.378,10.36
20241115172729.6,2298.04700016975,17.236,15.573,105.246,32.087,10.382,10.36
20241115172730.1,2298.54699745774,17.149,15.498,106.256,32.055,10.392,10.354
20241115172730.6,2299.04700480402,17.06,15.537,107.218,32.028,10.376,10.362
20241115172731.1,2299.56299476326,17.02,15.608,108.581,32.04,10.376,10.362
20241115172731.6,2300.07399581373,17.042,15.559,110.124,32.053,10.376,10.36
20241115172732.1,2300.57400316,16.951,15.494,111.097,32.079,10.37,10.36
20241115172732.6,2301.07400044799,16.965,15.339,112.202,32.104,10.394,10.346
20241115172733.1,2301.57399773598,16.971,15.21,113.203,32.077,10.37,10.356
20241115172733.6,2302.07400508225,16.919,15.117,114.236,32.073,10.374,10.364
20241115172734.1,2302.5980014354,16.882,15.103,115.274,32.108,10.354,10.352
20241115172734.6,2303.09799872339,16.888,15.115,116.617,32.116,10.38,10.352
20241115172735.1,2303.60199920833,16.939,15.127,117.831,32.089,10.386,10.35
20241115172735.6,2304.09800335765,16.903,15.169,119.288,32.159,10.368,10.348
20241115172736.1,2304.61000017822,16.917,15.232,120.64,32.19,10.362,10.356
20241115172736.6,2305.10999746621,16.892,15.248,122.206,32.237,10.384,10.36
20241115172737.1,2305.61399795115,16.816,15.329,123.546,32.22,10.366,10.356
20241115172737.7,2306.12900219858,16.816,15.412,125.111,32.265,10.37,10.378
20241115172738.2,2306.62899948657,16.874,15.323,126.721,32.285,10.391,10.34
20241115172738.7,2307.14499950409,16.894,15.158,128.248,32.291,10.363,10.349
20241115172739.2,2307.64100365341,16.904,15.112,129.428,32.26,10.371,10.361
20241115172739.7,2308.14500413835,16.887,15.124,130.498,32.215,10.375,10.353
20241115172740.2,2308.65700095892,16.916,15.162,132.092,32.227,10.367,10.336
20241115172740.7,2309.15699824691,16.94,15.035,133.683,32.254,10.381,10.351
20241115172741.2,2309.6569955349,16.958,15.011,135.285,32.321,10.377,10.332
20241115172741.7,2310.16000024974,16.964,15.019,137.355,32.336,10.369,10.363
20241115172742.2,2310.65999753773,16.976,15.023,138.846,32.311,10.369,10.336
20241115172742.7,2311.15999482572,16.918,15.025,140.34,32.289,10.365,10.349
20241115172743.2,2311.66399531066,16.942,15.071,141.919,32.297,10.379,10.351
20241115172743.7,2312.15999945998,16.942,15.1,143.76,32.336,10.371,10.371
20241115172744.2,2312.65999674797,16.934,15.13,145.679,32.344,10.367,10.343
20241115172744.7,2313.16399723291,16.894,15.178,147.355,32.379,10.365,10.373
20241115172745.2,2313.66400457919,16.867,15.397,149.302,32.411,10.359,10.334
20241115172745.7,2314.15700130165,16.873,15.354,150.957,32.399,10.371,10.349
20241115172746.2,2314.66399915516,16.887,15.306,152.535,32.44,10.371,10.353
20241115172746.7,2315.17200283706,16.851,15.435,154.566,32.377,10.373,10.332
20241115172747.2,2315.67200012505,16.879,15.451,156.717,32.393,10.365,10.355
20241115172747.7,2316.20700024068,16.91,15.51,158.811,32.344,10.365,10.332
20241115172748.2,2316.70699752867,16.968,15.366,160.926,32.33,10.355,10.357
20241115172748.8,2317.21900440753,16.98,15.249,162.733,32.317,10.379,10.363
20241115172749.3,2317.71900169551,16.976,15.348,164.513,32.27,10.347,10.349
20241115172749.8,2318.22300218046,17.001,15.407,166.606,32.225,10.391,10.353
20241115172750.3,2318.72299946845,17.051,15.279,168.604,32.248,10.365,10.361
20241115172750.8,2319.25000324845,17.033,15.261,171.124,32.258,10.387,10.349
20241115172751.3,2319.7540037334,17.059,15.31,173.142,32.266,10.369,10.347
20241115172751.8,2320.25800421834,17.053,15.409,175.463,32.285,10.361,10.355
20241115172752.3,2320.75399830937,17.1,15.382,177.642,32.364,10.367,10.358
20241115172752.8,2321.25799879432,17.155,15.244,179.861,32.453,10.384,10.348
20241115172753.3,2321.75799608231,17.169,15.155,182.245,32.545,10.392,10.358
20241115172753.8,2322.25800342858,17.163,15.311,184.491,32.594,10.362,10.36
20241115172754.3,2322.7740034461,17.208,15.307,187.014,32.655,10.384,10.35
20241115172754.8,2323.27800393105,17.202,15.321,189.277,32.725,10.378,10.366
20241115172755.3,2323.78200441599,17.22,15.343,191.726,32.811,10.376,10.364
20241115172755.8,2324.29299540818,17.228,15.278,194.179,32.866,10.38,10.356
20241115172756.3,2324.79300275445,17.242,15.242,196.487,32.946,10.376,10.372
20241115172756.8,2325.29700323939,17.248,15.238,198.908,33.001,10.362,10.37
20241115172757.3,2325.81300325692,17.27,15.234,201.607,33.056,10.366,10.35
20241115172757.8,2326.31700374186,17.288,15.264,204.196,33.083,10.372,10.354
20241115172758.4,2326.831997931,17.286,15.325,206.685,33.111,10.376,10.362
20241115172758.9,2327.34399475157,17.284,15.379,209.307,33.142,10.374,10.352
20241115172759.4,2327.84400209785,17.29,15.488,212.031,33.181,10.38,10.36
20241115172759.9,2328.36000211537,17.309,15.547,214.71,33.248,10.376,10.36
20241115172800.4,2328.87100316584,17.301,15.676,217.519,33.289,10.368,10.36
20241115172800.9,2329.40299585462,17.311,15.886,220.297,33.295,10.376,10.348
20241115172801.4,2329.89900000393,17.357,15.896,222.972,33.332,10.376,10.362
20241115172801.9,2330.41000105441,17.337,15.697,225.744,33.342,10.37,10.356
20241115172802.5,2330.92199787498,17.296,15.694,228.532,33.389,10.38,10.378
20241115172802.9,2331.41800202429,17.292,15.832,231.272,33.43,10.388,10.368
20241115172803.5,2331.92599564791,17.325,15.886,233.983,33.487,10.38,10.376
20241115172804,2332.44199566543,17.357,15.783,236.736,33.477,10.37,10.36
20241115172804.5,2332.95699991286,17.369,15.545,239.703,33.522,10.398,10.36
20241115172805,2333.45699720085,17.333,15.418,242.147,33.569,10.372,10.37
20241115172805.5,2333.97299721837,17.288,15.404,245.391,33.597,10.39,10.346
20241115172806,2334.48500409722,17.299,15.389,248.328,33.575,10.38,10.35
20241115172806.5,2334.98900458217,17.29,15.361,251.197,33.614,10.376,10.37
20241115172807,2335.49999557436,17.307,15.295,253.876,33.634,10.388,10.348
20241115172807.5,2336.00000292063,17.266,15.28,255.836,33.638,10.364,10.358
20241115172808,2336.51600293815,17.27,15.244,258.994,33.659,10.382,10.362
20241115172808.6,2337.02000342309,17.25,15.244,261.898,33.681,10.378,10.364
20241115172809.1,2337.53499761224,17.264,15.391,264.705,33.712,10.378,10.372
20241115172809.6,2338.03500495851,17.286,15.492,267.126,33.763,10.37,10.348
20241115172810.1,2338.5350022465,17.323,15.632,270.08,33.806,10.382,10.372
20241115172810.6,2339.03499953449,17.353,15.69,272.672,33.839,10.4,10.366
20241115172811.1,2339.53900001943,17.361,15.741,275.395,33.885,10.398,10.356
20241115172811.6,2340.03899730742,17.399,15.705,278.028,33.879,10.38,10.364
20241115172812.1,2340.54299779236,17.408,15.535,280.978,33.865,10.364,10.346
20241115172812.6,2341.06300100684,17.379,15.515,283.732,33.881,10.368,10.344
20241115172813.1,2341.56299829483,17.337,15.583,286.572,33.898,10.368,10.38
20241115172813.6,2342.06299558282,17.323,15.648,289.157,33.908,10.376,10.364
20241115172814.1,2342.57799983025,17.28,15.595,291.801,33.928,10.39,10.344
20241115172814.6,2343.09399984777,17.303,15.785,294.757,33.928,10.386,10.349
20241115172815.1,2343.59399713576,17.316,15.914,297.555,33.936,10.387,10.34
20241115172815.6,2344.10999715328,17.372,15.934,300.205,33.985,10.371,10.357
20241115172816.1,2344.61000449955,17.38,16.047,302.885,33.983,10.373,10.347
20241115172816.7,2345.12099549174,17.37,16.065,305.708,33.948,10.373,10.345
20241115172817.2,2345.62100283802,17.389,16.088,308.115,33.911,10.369,10.359
20241115172817.7,2346.12500332296,17.397,16.193,310.614,33.864,10.397,10.365
20241115172818.2,2346.62500061095,17.441,16.211,313.656,33.801,10.369,10.359
20241115172818.7,2347.14500382543,17.455,16.172,316.004,33.803,10.373,10.355
20241115172819.2,2347.657000646,17.459,16.275,318.598,33.833,10.379,10.334
20241115172819.7,2348.16800169647,17.457,16.186,321.108,33.86,10.381,10.351
20241115172820.2,2348.68400171399,17.461,15.95,323.786,33.923,10.369,10.373
20241115172820.7,2349.19199533761,17.439,15.706,325.667,33.974,10.351,10.347
20241115172821.3,2349.71899911761,17.425,15.544,327.749,33.995,10.381,10.349
20241115172821.8,2350.23499913514,17.391,15.564,330.279,34.007,10.371,10.353
20241115172822.3,2350.73499642313,17.376,15.631,332.793,34.003,10.369,10.359
20241115172822.8,2351.2459974736,17.389,15.498,334.751,34.079,10.381,10.353
20241115172823.3,2351.74599476159,17.382,15.376,337.47,34.126,10.371,10.361
20241115172823.8,2352.24600210786,17.38,15.397,338.912,34.122,10.375,10.363
20241115172824.3,2352.77799479663,17.336,15.36,340.992,34.148,10.383,10.363
20241115172824.8,2353.27800214291,17.356,15.294,342.483,34.183,10.391,10.359
20241115172825.3,2353.77799943089,17.354,15.225,344.862,34.144,10.359,10.349
20241115172825.8,2354.27799671888,17.328,15.209,346.595,34.146,10.389,10.359
20241115172826.3,2354.79300096631,17.31,15.292,348.983,34.14,10.373,10.353
20241115172826.8,2355.30900098383,17.3,15.227,351.309,34.177,10.355,10.367
20241115172827.4,2355.82399517298,17.308,15.439,353.506,34.193,10.367,10.355
20241115172827.9,2356.32400251925,17.308,15.776,356.078,34.175,10.381,10.355
20241115172828.4,2356.82800300419,17.366,15.685,358.059,34.197,10.371,10.351
20241115172828.9,2357.32399709523,17.364,15.637,359.647,34.23,10.379,10.367
20241115172829.4,2357.83999711275,17.3,15.54,362.966,34.199,10.373,10.355
20241115172829.9,2358.34399759769,17.287,15.532,365.585,34.191,10.385,10.361
20241115172830.4,2358.85999761522,17.294,15.609,367.737,34.197,10.371,10.359
20241115172830.9,2359.35600176454,17.294,15.785,369.999,34.203,10.395,10.367
20241115172831.4,2359.86000224948,17.32,15.942,372.48,34.173,10.371,10.353
20241115172831.9,2360.35999953747,17.346,15.984,375.55,34.14,10.395,10.343
20241115172832.4,2360.85999682546,17.326,15.875,378.477,34.152,10.381,10.351
20241115172832.9,2361.36000417173,17.287,15.974,380.143,34.156,10.367,10.369
20241115172833.4,2361.86400465667,17.298,16.088,382.45,34.128,10.371,10.353
20241115172833.9,2362.36400194466,17.308,16.146,384.966,34.146,10.385,10.357
20241115172834.4,2362.87500299513,17.271,16.065,386.987,34.15,10.375,10.365
20241115172834.9,2363.37500028312,17.251,16.112,388.13,34.156,10.385,10.353
20241115172835.4,2363.87499757111,17.289,16.043,389.772,34.156,10.389,10.361
20241115172835.9,2364.38300125301,17.275,15.926,392.485,34.244,10.387,10.385
20241115172836.4,2364.882998541,17.265,15.809,393.537,34.228,10.369,10.363
20241115172836.9,2365.38299582899,17.235,15.801,395.768,34.275,10.385,10.353
20241115172837.4,2365.88300317526,17.229,15.795,395.781,34.328,10.369,10.365
20241115172837.9,2366.40999689698,17.289,15.688,400.3,34.324,10.389,10.371
20241115172838.5,2366.92200377584,17.312,15.698,401.542,34.314,10.393,10.367
20241115172839,2367.42200106382,17.302,15.536,404.126,34.318,10.385,10.359
20241115172839.5,2367.92199835181,17.277,15.463,406.537,34.367,10.393,10.369
20241115172840,2368.43399517238,17.221,15.344,408.208,34.412,10.387,10.349
20241115172840.5,2368.94899941981,17.156,15.34,409.08,34.426,10.387,10.373
20241115172841,2369.44599933922,17.067,15.324,412.711,34.438,10.383,10.383
20241115172841.5,2369.96100358665,17.043,15.405,415.436,34.45,10.375,10.365
20241115172842,2370.46100087464,17.045,15.415,417.256,34.489,10.379,10.367
20241115172842.5,2370.96099816263,17.043,15.633,418.233,34.477,10.373,10.369
20241115172843,2371.46499864757,17.102,15.504,420.998,34.506,10.381,10.367
20241115172843.5,2371.97699546814,17.174,15.425,419.428,34.551,10.383,10.353
20241115172844,2372.49199971557,17.229,15.346,422.395,34.602,10.381,10.367
20241115172844.5,2372.99600020051,17.261,15.342,425.873,34.653,10.381,10.375
20241115172845,2373.50799702108,17.253,15.233,427.108,34.63,10.385,10.369
20241115172845.5,2374.00800436735,17.275,15.215,430.734,34.606,10.389,10.379
20241115172846,2374.51199479401,17.255,15.217,431.839,34.608,10.377,10.363
20241115172846.5,2375.01599527895,17.219,15.231,433.381,34.622,10.367,10.359
20241115172847,2375.51600262523,17.197,15.36,434.894,34.6,10.377,10.367
20241115172847.6,2376.03200264275,17.193,15.481,436.143,34.583,10.395,10.359
20241115172848.1,2376.54300369322,17.17,15.423,434.902,34.583,10.373,10.377
20241115172848.6,2377.04300098121,17.126,15.389,434.45,34.643,10.385,10.373
20241115172849.1,2377.55900099874,17.096,15.423,438.471,34.647,10.371,10.363
20241115172849.6,2378.06300148368,17.088,15.459,441.22,34.638,10.395,10.383
20241115172850.1,2378.57400253415,17.069,15.492,445.459,34.616,10.387,10.373
20241115172850.6,2379.09000255167,17.092,15.688,445.689,34.602,10.389,10.355
20241115172851.1,2379.6060025692,17.106,15.692,445.202,34.557,10.379,10.375
20241115172851.6,2380.10199666023,17.083,15.623,446.986,34.545,10.375,10.349
20241115172852.1,2380.61700090766,17.088,15.643,447.985,34.526,10.373,10.359
20241115172852.7,2381.13300092518,17.085,15.69,447.918,34.493,10.381,10.367
20241115172853.2,2381.62899501622,17.158,15.572,445.235,34.453,10.379,10.349
20241115172853.7,2382.16000199318,17.203,15.526,443.609,34.473,10.385,10.347
20241115172854.2,2382.66400247812,17.229,15.613,448.963,34.506,10.371,10.363
20241115172854.7,2383.16399976611,17.269,15.742,443.021,34.571,10.383,10.355
20241115172855.2,2383.6639970541,17.298,15.637,443.861,34.567,10.361,10.359
20241115172855.7,2384.16400440037,17.322,15.631,444.412,34.571,10.387,10.367
20241115172856.2,2384.68399755657,17.314,15.669,454.948,34.557,10.389,10.385
20241115172856.7,2385.18799804151,17.3,15.609,458.699,34.481,10.359,10.369
20241115172857.2,2385.6879953295,17.296,15.661,459.389,34.414,10.391,10.379
20241115172857.7,2386.19899637997,17.243,15.447,462.056,34.355,10.379,10.381
20241115172858.2,2386.70700006187,17.211,15.352,457.979,34.34,10.375,10.385
20241115172858.7,2387.21100054681,17.176,15.29,455.975,34.387,10.403,10.377
20241115172859.2,2387.7109978348,17.17,15.247,456.559,34.412,10.373,10.359
20241115172859.8,2388.24199475348,17.154,15.286,462.358,34.469,10.401,10.377
20241115172900.3,2388.75400163233,17.146,15.306,464.51,34.512,10.371,10.357
20241115172900.8,2389.25800211728,17.126,15.31,466.043,34.532,10.379,10.367
20241115172901.3,2389.7740021348,17.096,15.502,467.534,34.577,10.391,10.367
20241115172901.8,2390.27399942279,17.114,15.603,465.793,34.657,10.399,10.367
20241115172902.3,2390.78900367022,17.174,15.681,463.728,34.698,10.387,10.375
20241115172902.8,2391.30500368774,17.176,15.78,473.305,34.714,10.389,10.369
20241115172903.4,2391.83600060642,17.174,15.888,471.017,34.726,10.383,10.365
20241115172903.9,2392.35200062394,17.144,15.95,467.168,34.806,10.397,10.363
20241115172904.4,2392.85600110888,17.14,15.991,473.779,34.835,10.389,10.377
20241115172904.9,2393.36700215936,17.189,15.936,482.105,34.855,10.397,10.383
20241115172905.4,2393.86400207877,17.215,15.873,482.62,34.878,10.393,10.387
20241115172905.9,2394.37899626791,17.277,15.706,473.557,34.929,10.369,10.383
20241115172906.4,2394.87900361419,17.294,15.595,487.232,34.959,10.385,10.361
20241115172906.9,2395.37499770522,17.314,15.679,491.499,35.029,10.379,10.367
20241115172907.4,2395.89099772274,17.352,15.736,489.444,35.074,10.395,10.379
20241115172907.9,2396.39499820769,17.328,15.742,486.99,35.111,10.391,10.367
20241115172908.4,2396.89100235701,17.304,15.863,497.117,35.15,10.391,10.369
20241115172908.9,2397.40700237453,17.322,15.993,506.2,35.134,10.381,10.377
20241115172909.4,2397.90999703109,17.312,15.835,512.17,35.121,10.385,10.375
20241115172909.9,2398.41000437737,17.235,15.633,524.521,35.132,10.377,10.355
20241115172910.5,2398.94199706614,17.255,15.417,428.789,35.136,10.385,10.377
20241115172911,2399.44599755108,17.251,15.306,250.241,35.121,10.399,10.371
20241115172911.5,2399.96100179851,17.209,15.405,176.836,35.078,10.397,10.363
20241115172912,2400.47299861908,17.193,15.405,135.277,35.061,10.379,10.367
20241115172912.5,2400.97299590707,17.174,15.387,105.468,35.088,10.375,10.373
20241115172913,2401.47300325334,17.122,15.281,83.453,35.134,10.371,10.369
20241115172913.5,2401.98500007391,17.116,15.229,68.254,35.188,10.393,10.369
20241115172914,2402.4849973619,17.075,15.239,57.494,35.223,10.391,10.391
20241115172914.5,2403.00400480628,17.045,15.316,48.206,35.27,10.381,10.381
20241115172915.1,2403.5200048238,16.995,15.413,42.849,35.332,10.397,10.369
20241115172915.6,2404.03200164437,17.027,15.342,38.669,35.351,10.385,10.387
20241115172916.1,2404.54300269485,17.049,15.241,34.998,35.366,10.395,10.377
20241115172916.6,2405.05900271237,17.037,15.162,32.246,35.391,10.391,10.381
20241115172917.1,2405.56300319731,17.001,15.128,30.323,35.419,10.391,10.357
20241115172917.6,2406.07099682093,17.017,15.108,28.793,35.451,10.383,10.377
20241115172918.1,2406.58600106835,17.063,15.177,27.34,35.453,10.361,10.373
20241115172918.6,2407.0900015533,17.124,15.211,26.484,35.48,10.379,10.365
20241115172919.1,2407.60600157082,17.102,15.199,25.74,35.494,10.379,10.373
20241115172919.6,2408.11700262129,17.144,15.288,25.17,35.581,10.387,10.385
20241115172920.1,2408.61699990928,17.177,15.302,24.717,35.599,10.385,10.375
20241115172920.7,2409.12100039423,17.199,15.32,24.325,35.657,10.383,10.375
20241115172921.2,2409.63700041175,17.183,15.443,23.977,35.676,10.395,10.367
20241115172921.7,2410.13699769974,17.197,15.518,23.673,35.73,10.391,10.381
20241115172922.2,2410.63700504601,17.144,15.356,23.336,35.744,10.381,10.367
20241115172922.7,2411.1569982022,17.067,15.247,23.033,35.784,10.393,10.363
20241115172923.2,2411.65699549019,17.025,15.162,22.825,35.819,10.397,10.367
20241115172923.7,2412.16000020504,16.958,15.076,22.629,35.806,10.411,10.379
20241115172924.2,2412.67600022256,16.948,15.074,22.406,35.813,10.391,10.375
20241115172924.7,2413.19200024009,16.96,15.166,22.179,35.812,10.397,10.397
20241115172925.2,2413.69199752808,16.958,15.193,22.085,35.81,10.391,10.383
20241115172925.7,2414.19200487435,16.976,15.375,22.005,35.813,10.381,10.365
20241115172926.2,2414.69599530101,17.009,15.403,22.007,35.831,10.403,10.385
20241115172926.7,2415.20699635148,17.021,15.415,21.942,35.893,10.407,10.397
20241115172927.3,2415.72699956596,17.049,15.336,22.003,35.937,10.397,10.391
20241115172927.8,2416.2310000509,17.041,15.324,21.9,35.988,10.393,10.391
20241115172928.3,2416.74600429833,17.033,15.389,21.726,35.98,10.401,10.383
20241115172928.8,2417.2580011189,17.031,15.431,21.77,35.98,10.397,10.387
20241115172929.3,2417.75799840689,17.055,15.374,21.786,36.007,10.411,10.385
20241115172929.8,2418.25799569488,17.087,15.302,21.833,35.996,10.401,10.391
20241115172930.3,2418.75800304115,17.053,15.395,21.782,35.922,10.391,10.385
20241115172930.8,2419.25800032914,17.073,15.437,21.609,35.955,10.395,10.393
20241115172931.3,2419.77400034666,17.088,15.294,21.738,35.959,10.389,10.393
20241115172931.8,2420.28500139713,17.059,15.336,21.5,35.899,10.397,10.383
20241115172932.3,2420.7969982177,17.009,15.405,21.281,35.833,10.405,10.387
20241115172932.8,2421.31299823523,16.96,15.362,21.221,35.815,10.407,10.371
20241115172933.4,2421.82800248265,16.914,15.175,21.118,35.757,10.393,10.405
20241115172933.9,2422.33999930322,16.853,15.055,21.088,35.728,10.395,10.377
20241115172934.4,2422.85199612379,16.817,15.021,21.376,35.798,10.415,10.391
20241115172934.9,2423.36700037122,16.791,15.017,21.496,35.813,10.405,10.375
20241115172935.4,2423.87899719179,16.758,14.973,21.758,35.833,10.401,10.371
20241115172935.9,2424.38299767673,16.762,14.956,21.835,35.825,10.399,10.377
20241115172936.4,2424.89500455558,16.775,14.995,22.009,35.906,10.407,10.383
20241115172936.9,2425.39099864662,16.793,15.11,21.898,35.862,10.411,10.389
20241115172937.4,2425.89099593461,16.825,15.11,21.789,35.846,10.397,10.391
20241115172937.9,2426.40300281346,16.821,15.237,21.433,35.844,10.397,10.397
20241115172938.4,2426.9179970026,16.873,15.302,21.518,35.984,10.403,10.381
20241115172939,2427.43399702013,16.906,15.296,21.443,36.028,10.405,10.393
20241115172939.5,2427.96100080013,16.922,15.203,21.52,36.028,10.389,10.379
20241115172940,2428.46500128508,16.928,15.185,21.69,36.063,10.403,10.389
20241115172940.5,2428.96499857306,16.948,15.191,21.821,36.104,10.399,10.377
20241115172941,2429.47300225496,16.96,15.282,22.035,36.175,10.399,10.389
20241115172941.5,2429.97299954295,17.019,15.282,22.23,36.228,10.393,10.381
20241115172942,2430.48899956048,17.003,15.278,22.269,36.189,10.405,10.395
20241115172942.5,2430.98500370979,16.993,15.271,22.017,36.185,10.399,10.395
20241115172943,2431.51600062847,17.005,15.205,21.752,36.205,10.409,10.389
20241115172943.6,2432.032000646,17.009,15.33,21.809,36.21,10.415,10.391
20241115172944.1,2432.54300169647,17.017,15.583,21.926,36.257,10.403,10.395
20241115172944.6,2433.04700218141,17.082,15.637,21.869,36.249,10.401,10.393
20241115172945.1,2433.56300219893,17.069,15.599,21.922,36.266,10.419,10.369
20241115172945.6,2434.07799638808,17.051,15.546,21.997,36.216,10.411,10.393
20241115172946.1,2434.5939964056,17.021,15.548,21.94,36.148,10.409,10.403
20241115172946.6,2435.09799689054,16.981,15.451,21.888,36.121,10.421,10.393
20241115172947.1,2435.60199737549,16.938,15.314,21.833,36.108,10.411,10.395
20241115172947.6,2436.11400425434,16.924,15.179,21.847,36.112,10.405,10.371
20241115172948.2,2436.62899844348,16.983,15.08,22.005,36.133,10.405,10.395
20241115172948.7,2437.12899573147,17.029,15.059,22.341,36.158,10.393,10.371
20241115172949.2,2437.62900307775,17.066,15.072,22.484,36.216,10.371,10.383
20241115172949.7,2438.14500309527,17.12,15.055,22.471,36.21,10.387,10.391
20241115172950.2,2438.64900358021,17.142,15.061,22.408,36.181,10.391,10.385
20241115172950.7,2439.1490008682,17.092,15.146,22.286,36.171,10.395,10.363
20241115172951.2,2439.64899815619,17.084,15.197,22.259,36.173,10.397,10.371
20241115172951.7,2440.16400240362,17.098,15.464,22.292,36.208,10.405,10.387
20241115172952.2,2440.67599922419,17.12,15.411,22.106,36.208,10.391,10.385
20241115172952.7,2441.19199924171,17.076,15.393,22.216,36.272,10.385,10.369
20241115172953.2,2441.71099662781,17.041,15.363,22.421,36.301,10.391,10.377
20241115172953.8,2442.22699664533,17.001,15.377,22.666,36.404,10.389,10.383
20241115172954.3,2442.73500032723,16.965,15.431,22.615,36.413,10.389,10.363
20241115172954.8,2443.23499761522,16.944,15.427,22.5,36.456,10.387,10.369
20241115172955.3,2443.74599866569,16.967,15.5,22.42,36.495,10.385,10.391
20241115172955.8,2444.26199868321,17.005,15.504,22.529,36.487,10.399,10.365
20241115172956.3,2444.7619959712,17.035,15.46,22.525,36.52,10.399,10.365
20241115172956.8,2445.27799598873,17.045,15.516,22.271,36.535,10.399,10.369
20241115172957.3,2445.79300023615,17.076,15.516,22.294,36.524,10.415,10.371
20241115172957.8,2446.29299752414,17.1,15.429,22.257,36.491,10.413,10.383
20241115172958.3,2446.80899754167,17.122,15.375,22.425,36.529,10.391,10.381
20241115172958.8,2447.30900488794,17.102,15.46,22.349,36.545,10.409,10.393
20241115172959.4,2447.82399907708,17.15,15.754,22.416,36.539,10.407,10.365
20241115172959.9,2448.32799956203,17.169,15.694,22.745,36.605,10.395,10.393
20241115173000.4,2448.82799685001,17.128,15.641,22.86,36.665,10.403,10.387
20241115173000.9,2449.34399686754,17.13,15.552,22.829,36.694,10.395,10.381
20241115173001.4,2449.85200054944,17.092,15.542,22.447,36.754,10.437,10.397
20241115173001.9,2450.35199783742,17.021,15.51,22.216,36.756,10.401,10.379
20241115173002.4,2450.86400471628,16.979,15.435,22.298,36.781,10.403,10.393
20241115173002.9,2451.36699937284,16.938,15.439,22.288,36.789,10.399,10.391
20241115173003.4,2451.88299939036,16.973,15.437,22.13,36.774,10.411,10.385
20241115173003.9,2452.39100307226,16.967,15.554,21.995,36.793,10.407,10.369
20241115173004.4,2452.91000045836,16.952,15.474,22.027,36.835,10.413,10.361
20241115173004.9,2453.40999774635,16.975,15.457,22.059,36.828,10.403,10.391
20241115173005.5,2453.92599776387,16.962,15.385,21.841,36.88,10.391,10.389
20241115173006,2454.42600511014,16.908,15.506,21.805,36.81,10.409,10.395
20241115173006.5,2454.94199506938,16.934,15.589,21.651,36.847,10.407,10.385
20241115173007,2455.45699931681,16.97,15.447,21.732,36.83,10.423,10.391
20241115173007.5,2455.96099980175,16.944,15.314,21.904,36.822,10.407,10.397
20241115173008,2456.4650002867,16.936,15.241,22.1,36.793,10.415,10.385
20241115173008.5,2456.98100030422,16.936,15.233,22.341,36.828,10.403,10.399
20241115173009,2457.51600041986,16.922,15.257,22.535,36.828,10.423,10.397
20241115173009.6,2458.04699733853,16.952,15.389,22.776,36.857,10.407,10.399
20241115173010.1,2458.57400111854,16.993,15.455,22.621,36.917,10.421,10.369
20241115173010.6,2459.07800160348,17.001,15.581,22.678,36.971,10.405,10.401
20241115173011.1,2459.59400162101,17.021,15.506,22.833,37.025,10.397,10.361
20241115173011.7,2460.12499853969,16.991,15.532,22.943,37.054,10.409,10.385
20241115173012.2,2460.62499582767,16.983,15.601,23.029,37.068,10.407,10.391
20241115173012.7,2461.13700270653,16.987,15.649,22.322,37.107,10.415,10.397
20241115173013.2,2461.65699586272,17.011,15.49,22.141,37.149,10.399,10.385
20241115173013.7,2462.17200011015,17.047,15.488,22.116,37.106,10.403,10.358
20241115173014.2,2462.68800012767,17.068,15.48,22.236,37.097,10.409,10.397
20241115173014.7,2463.2030043751,17.09,15.421,22.149,37.108,10.427,10.399
20241115173015.2,2463.71500119567,17.156,15.298,22.061,37.099,10.419,10.389
20241115173015.8,2464.23100121319,17.1,15.134,22.063,37.019,10.405,10.397
20241115173016.3,2464.74999859929,17.057,15.138,21.962,36.957,10.417,10.399
20241115173016.8,2465.24999588728,16.985,15.09,21.938,36.928,10.409,10.401
20241115173017.3,2465.76200276613,16.926,15.051,22.029,36.94,10.411,10.381
20241115173017.8,2466.25799685717,16.888,15.019,21.977,36.913,10.427,10.393
20241115173018.3,2466.76199734211,16.863,15.043,21.972,36.899,10.405,10.373
20241115173018.8,2467.27799735963,16.912,15.098,22.033,36.903,10.419,10.389
20241115173019.3,2467.77800470591,16.971,15.13,22.112,36.922,10.381,10.381
20241115173019.8,2468.27800199389,17.011,15.157,22.277,36.955,10.411,10.397
20241115173020.3,2468.79299618304,17.054,15.237,22.402,37.052,10.407,10.381
20241115173020.8,2469.31299939752,17.116,15.351,22.484,37.151,10.411,10.381
20241115173021.3,2469.81699988246,17.124,15.524,22.455,37.244,10.403,10.389
20241115173021.9,2470.32800093293,17.159,15.599,22.451,37.314,10.397,10.385
20241115173022.4,2470.84800414741,17.199,15.571,22.488,37.424,10.401,10.383
20241115173022.9,2471.3480014354,17.211,15.567,22.598,37.507,10.401,10.385
20241115173023.4,2471.8669988215,17.215,15.716,22.615,37.528,10.411,10.379
20241115173023.9,2472.37099930644,17.217,15.72,22.598,37.571,10.401,10.365
20241115173024.4,2472.87499979138,17.193,15.866,22.463,37.585,10.421,10.381
20241115173024.9,2473.37900027633,17.165,15.975,22.055,37.627,10.391,10.391
20241115173025.4,2473.89500029385,17.146,15.71,21.922,37.71,10.413,10.387
20241115173025.9,2474.41000454128,17.064,15.553,21.704,37.774,10.415,10.393
20241115173026.4,2474.91000182927,17.023,15.542,21.928,37.724,10.413,10.369
20241115173027,2475.42600184679,17.029,15.435,21.912,37.755,10.409,10.393
20241115173027.5,2475.94200186431,17.078,15.29,21.781,37.747,10.401,10.383
20241115173028,2476.45300291479,17.092,15.391,21.783,37.768,10.399,10.387
20241115173028.5,2476.96900293231,17.122,15.555,22.005,37.735,10.405,10.381
20241115173029,2477.48500294983,17.181,15.702,21.969,37.73,10.385,10.381
20241115173029.5,2477.99999713898,17.234,15.674,21.92,37.697,10.385,10.381
20241115173030,2478.5159971565,17.244,15.642,21.833,37.677,10.395,10.385
20241115173030.6,2479.03199717402,17.211,15.751,21.874,37.651,10.361,10.369
20241115173031.1,2479.53500188887,17.22,15.695,21.879,37.603,10.363,10.361
20241115173031.6,2480.03499917686,17.218,15.685,22.008,37.605,10.386,10.363
20241115173032.1,2480.54699599743,17.21,15.635,22.23,37.67,10.396,10.349
20241115173032.6,2481.05900287628,17.267,15.619,22.383,37.754,10.379,10.381
20241115173033.1,2481.57399706542,17.293,15.455,22.485,37.787,10.398,10.369
20241115173033.6,2482.08999708295,17.291,15.354,22.581,37.778,10.403,10.354
20241115173034.1,2482.59399756789,17.292,15.373,22.678,37.799,10.387,10.36
20241115173034.6,2483.09799805284,17.326,15.268,22.678,37.789,10.371,10.363
20241115173035.1,2483.6099948734,17.309,15.206,22.647,37.74,10.388,10.353
20241115173035.7,2484.12499912083,17.216,15.117,22.589,37.769,10.379,10.349
20241115173036.2,2484.64099913836,17.069,15.047,22.412,37.752,10.388,10.361
20241115173036.7,2485.15699915588,17.014,14.996,22.653,37.783,10.402,10.355
20241115173037.2,2485.69199927151,16.958,15.075,22.397,37.8,10.386,10.357
20241115173037.7,2486.19599975646,16.944,15.156,22.553,37.79,10.39,10.373
20241115173038.2,2486.71100400388,16.924,15.241,22.504,37.794,10.383,10.337
20241115173038.7,2487.21100129187,16.867,15.214,22.563,37.847,10.39,10.343
20241115173039.3,2487.72700130939,16.853,15.259,22.383,37.883,10.379,10.339
20241115173039.8,2488.23100179434,16.849,15.249,22.444,37.885,10.377,10.351
20241115173040.3,2488.73099908233,16.865,15.449,22.473,37.905,10.379,10.351
20241115173040.8,2489.26599919796,16.897,15.487,22.587,37.934,10.373,10.355
20241115173041.3,2489.77799601853,16.934,15.451,22.839,38.003,10.379,10.355
20241115173041.8,2490.288997069,16.948,15.352,23.016,38.06,10.383,10.345
20241115173042.3,2490.80499708652,16.926,15.352,23.184,38.137,10.383,10.357
20241115173042.8,2491.3050044328,16.972,15.52,23.251,38.123,10.39,10.347
20241115173043.3,2491.80500172079,17.039,15.364,23.206,38.162,10.373,10.367
20241115173043.8,2492.31699854136,17.158,15.477,22.546,38.195,10.386,10.355
20241115173044.3,2492.81699582934,17.235,15.61,22.301,38.211,10.404,10.361
20241115173044.9,2493.32799687982,17.423,15.649,21.188,38.255,10.371,10.367
20241115173045.4,2493.83199736476,17.823,16.309,20.281,38.286,10.373,10.361
20241115173045.9,2494.3359978497,18.095,16.661,19.233,38.296,10.363,10.351
20241115173046.4,2494.83999833465,18.273,16.863,18.707,38.346,10.375,10.365
20241115173046.9,2495.35199515522,18.402,17.027,18.364,38.427,10.387,10.367
20241115173047.4,2495.84799930453,18.512,17.13,18.077,38.47,10.367,10.371
20241115173047.9,2496.35199978948,18.594,17.202,17.853,38.518,10.377,10.357
20241115173048.4,2496.86399661005,18.643,17.279,17.74,38.578,10.371,10.367
20241115173048.9,2497.37900085747,18.697,17.317,17.711,38.605,10.383,10.353
20241115173049.4,2497.87899814546,18.711,17.344,17.657,38.667,10.392,10.369
20241115173049.9,2498.39499816298,18.76,17.342,17.639,38.743,10.377,10.353
20241115173050.4,2498.90699498355,18.833,17.346,17.57,38.76,10.383,10.351
20241115173051,2499.44199509919,18.895,17.37,17.556,38.756,10.383,10.377
20241115173051.5,2499.96899887919,18.952,17.4,17.497,38.77,10.381,10.353
20241115173052,2500.49999579787,18.954,17.388,17.431,38.818,10.381,10.355
20241115173052.5,2501.01200267673,18.96,17.423,17.352,38.801,10.386,10.365
20241115173053.1,2501.52800269425,19.01,17.408,17.356,38.847,10.388,10.353
20241115173053.6,2502.04299688339,19.016,17.429,17.35,38.904,10.402,10.355
20241115173054.1,2502.57400386035,19.033,17.435,17.289,38.942,10.369,10.343
20241115173054.6,2503.09000387788,19.059,17.447,17.225,39.014,10.392,10.361
20241115173055.1,2503.6060038954,19.075,17.473,17.241,39.045,10.39,10.371
20241115173055.7,2504.12099808455,19.095,17.487,17.117,39.08,10.373,10.373
20241115173056.2,2504.63299490511,19.101,17.505,17.091,39.121,10.393,10.356
20241115173056.7,2505.14900498092,19.064,17.543,17.042,39.108,10.395,10.368
20241115173057.2,2505.66399917006,19.068,17.559,17.046,39.123,10.381,10.381
20241115173057.7,2506.17999918759,19.092,17.569,17.104,39.176,10.368,10.368
20241115173058.2,2506.68399967253,19.086,17.577,17.169,39.181,10.372,10.374
20241115173058.7,2507.19900391996,19.122,17.532,17.143,39.216,10.391,10.374
20241115173059.3,2507.73099660873,19.118,17.532,17.032,39.166,10.381,10.358
20241115173059.8,2508.24600085616,19.157,17.496,17.086,39.176,10.381,10.356
20241115173100.3,2508.75799767673,19.155,17.464,17.177,39.169,10.375,10.361
20241115173100.8,2509.27399769425,19.13,17.459,17.241,39.149,10.392,10.357
20241115173101.3,2509.80500467122,19.109,17.477,17.245,39.115,10.383,10.367
20241115173101.9,2510.33600158989,19.113,17.485,17.277,39.111,10.39,10.355
20241115173102.4,2510.86699850857,19.119,17.455,17.257,39.147,10.367,10.367
20241115173102.9,2511.37899532914,19.097,17.427,17.233,39.206,10.39,10.365
20241115173103.4,2511.89499534667,19.055,17.406,17.128,39.231,10.377,10.363
20241115173103.9,2512.40700222552,19.083,17.374,16.94,39.252,10.377,10.357
20241115173104.4,2512.91400007904,19.105,17.362,16.718,39.258,10.365,10.361
20241115173105,2513.43000009656,19.116,17.322,16.606,39.246,10.387,10.371
20241115173105.5,2513.92600424588,19.122,17.356,16.584,39.318,10.365,10.365
20241115173106,2514.44599740207,19.075,17.37,16.667,39.36,10.367,10.349
20241115173106.5,2514.97300118208,19.101,17.382,16.532,39.403,10.387,10.367
20241115173107,2515.48499800265,19.095,17.388,16.277,39.389,10.365,10.375
20241115173107.5,2516.00000225008,19.075,17.368,16.231,39.436,10.371,10.357
20241115173108,2516.5160022676,19.039,17.404,16.152,39.488,10.373,10.361
20241115173108.6,2517.02799908817,19.041,17.4,16.091,39.525,10.383,10.343
20241115173109.1,2517.5430033356,19.073,17.419,16.15,39.531,10.375,10.375
20241115173109.6,2518.05500015616,19.037,17.439,16.148,39.521,10.385,10.363
20241115173110.1,2518.57399754226,19.021,17.447,16.162,39.564,10.383,10.359
20241115173110.6,2519.08600442111,19.043,17.427,16.15,39.565,10.365,10.351
20241115173111.1,2519.60599757731,19.033,17.429,16.209,39.596,10.377,10.349
20241115173111.6,2520.11699862778,19.021,17.405,16.221,39.608,10.381,10.365
20241115173112.2,2520.63299864531,19.002,17.403,16.306,39.612,10.349,10.357
20241115173112.7,2521.14899866283,19.071,17.421,16.485,39.658,10.355,10.365
20241115173113.2,2521.66400291026,19.118,17.419,16.485,39.689,10.369,10.361
20241115173113.7,2522.18000292778,19.16,17.441,16.431,39.771,10.371,10.351
20241115173114.2,2522.6960029453,19.205,17.461,16.558,39.838,10.379,10.371
20241115173114.7,2523.19600023329,19.207,17.477,16.675,39.856,10.371,10.361
20241115173115.2,2523.69899488986,19.207,17.451,16.665,39.867,10.381,10.353
20241115173115.7,2524.2029953748,19.211,17.467,16.653,39.885,10.373,10.361
20241115173116.2,2524.70300272107,19.247,17.489,16.639,39.926,10.394,10.367
20241115173116.7,2525.20700320601,19.237,17.485,16.649,39.939,10.392,10.367
20241115173117.3,2525.72300322354,19.263,17.503,16.819,39.955,10.371,10.339
20241115173117.8,2526.23900324106,19.273,17.461,16.756,39.984,10.377,10.363
20241115173118.3,2526.75399743021,19.283,17.423,16.806,40.015,10.375,10.375
20241115173118.8,2527.25400477648,19.261,17.439,16.835,40.086,10.406,10.377
20241115173119.3,2527.770004794,19.253,17.431,16.869,40.123,10.388,10.361
20241115173119.8,2528.27399522066,19.299,17.435,16.714,40.106,10.379,10.381
20241115173120.3,2528.79300266504,19.259,17.431,16.679,40.106,10.375,10.373
20241115173120.8,2529.30499948561,19.221,17.439,16.714,40.121,10.396,10.365
20241115173121.3,2529.81300316751,19.223,17.449,16.671,40.146,10.394,10.371
20241115173121.9,2530.32799735665,19.206,17.451,16.697,40.226,10.392,10.377
20241115173122.4,2530.84800057113,19.222,17.483,16.657,40.226,10.398,10.367
20241115173122.9,2531.34799785912,19.227,17.491,16.598,40.22,10.404,10.367
20241115173123.4,2531.88299797475,19.225,17.507,16.645,40.224,10.388,10.392
20241115173123.9,2532.39500485361,19.227,17.463,16.711,40.272,10.379,10.375
20241115173124.4,2532.90999904275,19.255,17.473,16.808,40.315,10.404,10.365
20241115173125,2533.42199586332,19.307,17.451,16.861,40.429,10.392,10.377
20241115173125.5,2533.9419990778,19.293,17.443,16.843,40.311,10.394,10.371
20241115173126,2534.45300012827,19.295,17.412,16.686,40.244,10.397,10.395
20241115173126.5,2534.96499694884,19.306,17.387,16.65,40.295,10.399,10.372
20241115173127,2535.48500016332,19.316,17.399,16.547,40.331,10.399,10.399
20241115173127.5,2535.99600121379,19.288,17.393,16.526,40.399,10.407,10.393
20241115173128,2536.51200123131,19.213,17.405,16.533,40.446,10.387,10.385
20241115173128.6,2537.02800124884,19.215,17.395,16.528,40.442,10.395,10.383
20241115173129.1,2537.53900229931,19.231,17.405,16.432,40.461,10.403,10.395
20241115173129.6,2538.0589954555,19.264,17.393,16.387,40.504,10.405,10.379
20241115173130.1,2538.57100233436,19.272,17.393,16.358,40.555,10.416,10.386
20241115173130.6,2539.0859965235,19.271,17.384,16.459,40.555,10.4,10.371
20241115173131.1,2539.59800340235,19.249,17.39,16.447,40.497,10.408,10.383
20241115173131.6,2540.11700078845,19.241,17.406,16.465,40.506,10.392,10.377
20241115173132.2,2540.63300080597,19.224,17.443,16.443,40.566,10.39,10.373
20241115173132.7,2541.15300402045,19.22,17.447,16.481,40.597,10.392,10.379
20241115173133.2,2541.6679982096,19.166,17.467,16.52,40.642,10.402,10.377
20241115173133.7,2542.18399822712,19.146,17.457,16.404,40.63,10.398,10.381
20241115173134.2,2542.69900247455,19.121,17.465,16.241,40.652,10.404,10.379
20241115173134.7,2543.21500249207,19.097,17.477,16.122,40.681,10.392,10.392
20241115173135.3,2543.73499564826,19.109,17.485,16.099,40.723,10.406,10.381
20241115173135.8,2544.24599669874,19.123,17.455,16.081,40.737,10.42,10.371
20241115173136.3,2544.76599991322,19.109,17.457,16.22,40.803,10.41,10.373
20241115173136.8,2545.27799673378,19.093,17.465,16.263,40.83,10.381,10.371
20241115173137.3,2545.79300098121,19.081,17.441,16.314,40.882,10.383,10.355
20241115173137.8,2546.31300419569,19.107,17.415,16.459,40.863,10.385,10.365
20241115173138.4,2546.82399518788,19.061,17.41,16.556,40.835,10.379,10.363
20241115173138.9,2547.34800159931,19.089,17.406,16.594,40.826,10.387,10.379
20241115173139.4,2547.87499532104,19.097,17.384,16.524,40.816,10.365,10.369
20241115173139.9,2548.39099533856,19.116,17.411,16.586,40.855,10.402,10.367
20241115173140.4,2548.8949958235,19.13,17.423,16.651,40.88,10.398,10.369
20241115173140.9,2549.41400326788,19.142,17.435,16.556,40.934,10.379,10.363
20241115173141.5,2549.93399642408,19.111,17.451,16.613,41.043,10.402,10.381
20241115173142,2550.43799690902,19.089,17.465,16.635,41.07,10.402,10.365
20241115173142.5,2550.95300115645,19.035,17.461,16.623,41.06,10.381,10.363
20241115173143,2551.46900117397,19.089,17.443,16.702,41.112,10.379,10.381
20241115173143.5,2551.9850011915,19.122,17.459,16.784,41.126,10.4,10.351
20241115173144,2552.50399857759,19.13,17.473,16.776,41.18,10.383,10.355
20241115173144.5,2553.01599539816,19.156,17.487,16.788,41.207,10.398,10.379
20241115173145.1,2553.53500284255,19.176,17.463,16.807,41.236,10.398,10.357
20241115173145.6,2554.04699966311,19.172,17.453,16.78,41.209,10.389,10.371
20241115173146.1,2554.56299968064,19.156,17.471,16.825,41.24,10.373,10.363
20241115173146.6,2555.07800392807,19.19,17.443,16.879,41.271,10.389,10.355
20241115173147.1,2555.59400394559,19.223,17.451,16.952,41.352,10.383,10.367
20241115173147.6,2556.09400123358,19.207,17.459,17.045,41.381,10.381,10.345
20241115173148.1,2556.6100012511,19.217,17.481,17.025,41.434,10.389,10.349
20241115173148.7,2557.12499544024,19.204,17.506,16.972,41.474,10.385,10.357
20241115173149.2,2557.6370023191,19.174,17.502,16.928,41.414,10.379,10.365
20241115173149.7,2558.14899913967,19.174,17.467,16.879,41.414,10.391,10.343
20241115173150.2,2558.66799652576,19.233,17.455,16.859,41.472,10.4,10.363
20241115173150.7,2559.16800387204,19.273,17.459,16.788,41.455,10.395,10.365
20241115173151.2,2559.68000069261,19.301,17.461,16.784,41.482,10.385,10.369
20241115173151.7,2560.1989980787,19.312,17.467,16.73,41.521,10.398,10.355
20241115173152.2,2560.71499809623,19.291,17.473,16.813,41.561,10.398,10.351
20241115173152.8,2561.23099811375,19.316,17.509,16.849,41.656,10.404,10.373
20241115173153.3,2561.74999549985,19.297,17.54,16.956,41.718,10.396,10.365
20241115173153.8,2562.25799918175,19.289,17.524,17.128,41.767,10.385,10.361
20241115173154.3,2562.77399919927,19.281,17.497,17.192,41.832,10.381,10.365
20241115173154.8,2563.27799968421,19.277,17.507,17.128,41.832,10.385,10.361
20241115173155.3,2563.79300393164,19.283,17.493,17.148,41.883,10.39,10.371
20241115173155.8,2564.31299708784,19.313,17.518,17.219,41.867,10.396,10.39
20241115173156.4,2564.83200453222,19.314,17.501,17.303,41.871,10.377,10.383
20241115173156.9,2565.34800454974,19.265,17.528,17.297,41.947,10.392,10.373
20241115173157.4,2565.86400456727,19.215,17.522,17.257,42.03,10.398,10.381
20241115173157.9,2566.38699509203,19.186,17.512,17.249,42.078,10.392,10.363
20241115173158.4,2566.90299510956,19.164,17.528,17.198,42.146,10.377,10.369
20241115173158.9,2567.41799935699,19.182,17.493,17.18,42.2,10.385,10.347
20241115173159.5,2567.93399937451,19.204,17.497,17.208,42.225,10.392,10.381
20241115173160,2568.44900362194,19.265,17.489,17.184,42.229,10.383,10.373
20241115173200.5,2568.95699724555,19.307,17.483,17.037,42.206,10.383,10.363
20241115173201,2569.48499679565,19.338,17.499,16.96,42.303,10.4,10.377
20241115173201.5,2569.99200470746,19.36,17.512,16.916,42.313,10.416,10.367
20241115173202,2570.51199786365,19.352,17.548,17.017,42.361,10.377,10.375
20241115173202.6,2571.02799788117,19.39,17.534,17.118,42.386,10.383,10.385
20241115173203.1,2571.53199836612,19.425,17.544,17.073,42.405,10.398,10.361
20241115173203.6,2572.04299941659,19.388,17.52,16.984,42.479,10.404,10.377
20241115173204.1,2572.54299670458,19.313,17.528,17.006,42.549,10.394,10.385
20241115173204.6,2573.0589967221,19.301,17.536,17.075,42.587,10.412,10.377
20241115173205.1,2573.57800416648,19.303,17.548,17.033,42.607,10.371,10.371
20241115173205.6,2574.09400418401,19.287,17.568,17.041,42.69,10.385,10.369
20241115173206.1,2574.61000420153,19.249,17.584,16.966,42.742,10.398,10.353
20241115173206.7,2575.12499839067,19.245,17.6,16.912,42.765,10.387,10.369
20241115173207.2,2575.6409984082,19.263,17.603,16.782,42.756,10.391,10.355
20241115173207.7,2576.15299522877,19.235,17.617,16.746,42.781,10.408,10.355
20241115173208.2,2576.66399627924,19.283,17.629,16.78,42.818,10.381,10.371
20241115173208.7,2577.18399949372,19.308,17.635,16.853,42.831,10.387,10.371
20241115173209.2,2577.69599631429,19.255,17.629,16.75,42.899,10.402,10.363
20241115173209.7,2578.21100056171,19.277,17.639,16.724,42.915,10.375,10.379
20241115173210.3,2578.72700057924,19.285,17.627,16.857,42.928,10.377,10.365
20241115173210.8,2579.23899739981,19.289,17.6,16.964,42.922,10.385,10.367
20241115173211.3,2579.73900474608,19.324,17.617,16.776,42.957,10.369,10.369
20241115173211.8,2580.25399893522,19.336,17.605,16.774,42.998,10.381,10.365
20241115173212.3,2580.76999895275,19.352,17.609,16.869,43.04,10.381,10.371
20241115173212.8,2581.28500320017,19.34,17.586,16.98,43.075,10.389,10.375
20241115173213.3,2581.79700002074,19.366,17.594,17.027,43.129,10.385,10.349
20241115173213.8,2582.31700323522,19.398,17.609,16.885,43.18,10.377,10.367
20241115173214.4,2582.8480001539,19.407,17.602,17.005,43.247,10.391,10.355
20241115173214.9,2583.37899707258,19.431,17.607,17.178,43.292,10.383,10.375
20241115173215.4,2583.8949970901,19.433,17.592,17.241,43.368,10.389,10.367
20241115173215.9,2584.41000133753,19.439,17.578,17.18,43.381,10.371,10.355
20241115173216.5,2584.92600135505,19.453,17.552,17.083,43.406,10.385,10.377
20241115173217,2585.43000184,19.433,17.534,17.007,43.428,10.363,10.359
20241115173217.5,2585.94899922609,19.411,17.536,16.871,43.459,10.373,10.365
20241115173218,2586.46499924362,19.39,17.548,16.96,43.488,10.389,10.363
20241115173218.5,2586.98099926114,19.386,17.548,17.079,43.497,10.383,10.357
20241115173219,2587.49999664724,19.411,17.57,17.172,43.439,10.393,10.363
20241115173219.5,2588.01599666476,19.411,17.54,17.16,43.42,10.4,10.359
20241115173220.1,2588.54700364172,19.431,17.564,17.029,43.389,10.363,10.355
20241115173220.6,2589.06300365925,19.423,17.572,16.984,43.429,10.377,10.379
20241115173221.1,2589.57400470972,19.431,17.574,17.12,43.451,10.387,10.371
20241115173221.6,2590.1059973985,19.451,17.58,17.087,43.398,10.381,10.359
20241115173222.2,2590.63700437546,19.437,17.586,17.085,43.457,10.381,10.367
20241115173222.7,2591.14900119603,19.388,17.603,17.142,43.486,10.375,10.367
20241115173223.2,2591.66399538517,19.35,17.617,17.15,43.563,10.373,10.367
20241115173223.7,2592.17600226402,19.382,17.592,17.097,43.598,10.381,10.353
20241115173224.2,2592.69200228155,19.39,17.592,17.176,43.58,10.361,10.353
20241115173224.7,2593.20699647069,19.419,17.59,17.237,43.594,10.371,10.361
20241115173225.3,2593.72299648821,19.423,17.598,17.249,43.642,10.371,10.377
20241115173225.8,2594.23500336707,19.433,17.586,17.101,43.685,10.373,10.357
20241115173226.3,2594.74999755621,19.435,17.588,17.031,43.662,10.398,10.377
20241115173226.8,2595.26599757373,19.455,17.594,16.926,43.731,10.385,10.365
20241115173227.3,2595.78199759126,19.429,17.59,16.91,43.795,10.373,10.365
20241115173227.8,2596.29700183868,19.346,17.621,16.734,43.819,10.385,10.367
20241115173228.4,2596.82799875736,19.314,17.633,16.697,43.84,10.371,10.377
20241115173228.9,2597.34800197184,19.305,17.607,16.801,43.875,10.365,10.359
20241115173229.5,2597.97300361097,19.328,17.607,16.879,43.913,10.371,10.353
20241115173230,2598.50400052965,19.316,17.609,16.936,43.979,10.377,10.369
20241115173230.5,2599.01599735022,19.35,17.586,16.968,44.012,10.377,10.357
20241115173231.1,2599.53199736774,19.362,17.548,17.053,44.041,10.391,10.347
20241115173231.6,2600.04700161517,19.374,17.534,17.194,44.121,10.377,10.367
20241115173232.1,2600.56300163269,19.374,17.542,17.18,44.177,10.373,10.367
20241115173232.6,2601.07799582183,19.36,17.538,17.083,44.237,10.363,10.363
20241115173233.1,2601.59399583936,19.388,17.516,17.033,44.297,10.381,10.359
20241115173233.6,2602.11399905384,19.34,17.506,16.996,44.32,10.389,10.359
20241115173234.2,2602.62900330126,19.316,17.528,17.061,44.306,10.369,10.355
20241115173234.7,2603.14500331879,19.32,17.558,16.875,44.339,10.359,10.373
20241115173235.2,2603.65700013936,19.348,17.548,16.946,44.399,10.371,10.355
20241115173235.7,2604.16800118983,19.352,17.548,16.809,44.428,10.371,10.365
20241115173236.2,2604.68800440431,19.342,17.53,16.762,44.465,10.375,10.359
20241115173236.7,2605.20299859345,19.318,17.518,16.704,44.5,10.369,10.367
20241115173237.3,2605.71899861097,19.301,17.522,16.657,44.517,10.379,10.353
20241115173237.8,2606.2349986285,19.281,17.568,16.691,44.537,10.389,10.359
20241115173238.3,2606.75000287592,19.322,17.534,16.774,44.535,10.385,10.351
20241115173238.8,2607.26600289345,19.348,17.562,16.716,44.577,10.357,10.343
20241115173239.3,2607.77799971402,19.368,17.54,16.695,44.593,10.389,10.337
20241115173239.8,2608.29300396144,19.394,17.548,16.754,44.606,10.379,10.353
20241115173240.3,2608.81299711764,19.407,17.538,16.827,44.612,10.404,10.347
20241115173240.9,2609.32800136507,19.404,17.522,16.799,44.612,10.375,10.355
20241115173241.4,2609.83999818563,19.378,17.54,16.655,44.608,10.387,10.355
20241115173241.9,2610.36000140011,19.36,17.558,16.677,44.717,10.361,10.365
20241115173242.4,2610.87100245059,19.326,17.542,16.837,44.829,10.391,10.363
20241115173242.9,2611.38700246811,19.328,17.556,16.792,44.874,10.387,10.353
20241115173243.4,2611.90300248563,19.308,17.55,16.691,44.866,10.379,10.353
20241115173243.9,2612.41799667478,19.308,17.562,16.572,44.85,10.375,10.351
20241115173244.5,2612.9339966923,19.336,17.574,16.548,44.945,10.363,10.359
20241115173245,2613.44900093973,19.348,17.574,16.504,45.013,10.383,10.359
20241115173245.5,2613.96500095725,19.322,17.605,16.508,45.123,10.375,10.347
20241115173246,2614.48500417173,19.312,17.586,16.502,45.156,10.389,10.369
20241115173246.5,2614.99999836087,19.285,17.572,16.501,45.181,10.367,10.361
20241115173247,2615.5159983784,19.32,17.558,16.396,45.199,10.385,10.369
20241115173247.6,2616.03199839592,19.346,17.552,16.38,45.185,10.4,10.351
20241115173248.1,2616.54700264335,19.346,17.556,16.528,45.209,10.381,10.345
20241115173248.6,2617.06699579954,19.356,17.562,16.617,45.218,10.375,10.359
20241115173249.1,2617.56700314581,19.356,17.576,16.645,45.216,10.389,10.363
20241115173249.6,2618.08199733496,19.342,17.584,16.493,45.232,10.389,10.383
20241115173250.1,2618.60999688506,19.372,17.572,16.437,45.243,10.369,10.355
20241115173250.7,2619.12099793553,19.38,17.578,16.441,45.288,10.377,10.377
20241115173251.2,2619.64500434697,19.407,17.58,16.449,45.315,10.398,10.351
20241115173251.7,2620.17199806869,19.433,17.574,16.445,45.412,10.387,10.359
20241115173252.2,2620.68400494754,19.477,17.56,16.502,45.441,10.381,10.371
20241115173252.7,2621.20300233364,19.471,17.582,16.613,45.464,10.387,10.367
20241115173253.3,2621.71900235116,19.485,17.588,16.697,45.512,10.377,10.355
20241115173253.8,2622.23500236869,19.471,17.584,16.803,45.58,10.391,10.369
20241115173254.3,2622.74999655783,19.487,17.605,16.889,45.617,10.383,10.355
20241115173254.8,2623.26999977231,19.497,17.631,16.839,45.623,10.4,10.369
20241115173255.3,2623.78500401974,19.505,17.641,16.807,45.569,10.4,10.373
20241115173255.8,2624.29700084031,19.467,17.649,16.786,45.594,10.404,10.367
20241115173256.3,2624.8050045222,19.465,17.647,16.817,45.588,10.387,10.361
20241115173256.9,2625.32100453973,19.435,17.643,16.897,45.662,10.395,10.375
20241115173257.4,2625.85600465536,19.447,17.655,16.954,45.696,10.385,10.379
20241115173257.9,2626.3709988445,19.465,17.655,17.011,45.7,10.391,10.357
20241115173258.4,2626.88699886203,19.471,17.665,17.075,45.694,10.393,10.367
20241115173258.9,2627.3989956826,19.471,17.653,17.019,45.698,10.402,10.367
20241115173259.4,2627.91800312698,19.465,17.645,17.075,45.758,10.4,10.369
20241115173260,2628.45699638128,19.441,17.647,17.146,45.863,10.383,10.393
20241115173300.5,2628.96500006318,19.427,17.631,17.122,45.873,10.402,10.365
20241115173301,2629.4810000807,19.449,17.639,17.166,45.853,10.363,10.379
20241115173301.5,2629.99600432813,19.421,17.635,17.162,45.818,10.391,10.385
20241115173302,2630.51200434566,19.453,17.675,17.207,45.898,10.385,10.363
20241115173302.6,2631.02800436318,19.427,17.653,17.259,45.985,10.383,10.385
20241115173303.1,2631.53899535537,19.435,17.619,17.251,46.041,10.387,10.371
20241115173303.6,2632.05499537289,19.461,17.6,17.065,46.08,10.406,10.381
20241115173304.1,2632.56700225174,19.445,17.574,16.849,46.207,10.402,10.377
20241115173304.7,2633.19200389087,19.431,17.52,16.774,46.231,10.424,10.391
20241115173305.2,2633.71100127697,19.435,17.463,16.79,46.157,10.4,10.367
20241115173305.8,2634.23900082707,19.465,17.437,16.744,46.151,10.398,10.359
20241115173306.3,2634.75399501622,19.457,17.431,16.697,46.082,10.395,10.361
20241115173306.8,2635.27000509202,19.435,17.409,16.635,46.113,10.383,10.375
20241115173307.3,2635.78499928117,19.423,17.36,16.544,46.128,10.398,10.387
20241115173307.8,2636.30500249565,19.404,17.324,16.427,46.178,10.387,10.371
20241115173308.4,2636.82100251317,19.409,17.342,16.493,46.165,10.402,10.363
20241115173308.9,2637.33599670231,19.437,17.342,16.625,46.221,10.41,10.379
20241115173309.4,2637.85599991679,19.411,17.342,16.712,46.215,10.391,10.389
20241115173309.9,2638.37100416422,19.417,17.362,16.754,46.2,10.391,10.379
20241115173310.4,2638.89500051737,19.439,17.36,16.887,46.227,10.391,10.367
20241115173310.9,2639.40699733794,19.413,17.344,16.708,46.297,10.387,10.371
20241115173311.5,2639.92200158536,19.402,17.362,16.556,46.341,10.393,10.391
20241115173312,2640.44200479984,19.417,17.394,16.457,46.314,10.416,10.385
20241115173312.5,2640.95699898899,19.407,17.378,16.308,46.391,10.389,10.373
20241115173313,2641.46899580956,19.352,17.39,16.198,46.409,10.412,10.373
20241115173313.5,2641.98899902403,19.36,17.4,16.13,46.477,10.42,10.383
20241115173314,2642.50400327146,19.336,17.411,16.136,46.515,10.385,10.387
20241115173314.6,2643.02000328898,19.269,17.413,16.192,46.498,10.412,10.381
20241115173315.1,2643.53499747813,19.287,17.382,16.328,46.579,10.404,10.373
20241115173315.6,2644.05099749565,19.306,17.352,16.435,46.599,10.4,10.365
20241115173316.1,2644.56699751318,19.326,17.354,16.514,46.575,10.391,10.365
20241115173316.6,2645.0820017606,19.322,17.364,16.639,46.616,10.406,10.385
20241115173317.1,2645.59399858117,19.283,17.372,16.776,46.651,10.406,10.381
20241115173317.6,2646.10599540174,19.299,17.362,16.55,46.751,10.41,10.379
20241115173318.2,2646.62099964917,19.287,17.35,16.429,46.705,10.41,10.375
20241115173318.7,2647.13699966669,19.277,17.332,16.18,46.629,10.377,10.385
20241115173319.2,2647.65299968421,19.257,17.314,16.021,46.657,10.398,10.371
20241115173319.7,2648.16400073469,19.281,17.318,16.057,46.597,10.402,10.381
20241115173320.2,2648.68000075221,19.285,17.326,16.11,46.531,10.408,10.377
20241115173320.7,2649.19199757278,19.257,17.267,16.267,46.556,10.408,10.393
20241115173321.2,2649.71100501716,19.253,17.277,16.188,46.43,10.383,10.367
20241115173321.8,2650.2269949764,19.219,17.297,16.142,46.362,10.402,10.395
20241115173322.3,2650.73900185525,19.18,17.271,16.065,46.341,10.418,10.387
20241115173322.8,2651.2539960444,19.204,17.297,16.071,46.376,10.383,10.381
20241115173323.3,2651.77399925888,19.223,17.308,16.186,46.488,10.402,10.385
20241115173323.8,2652.30499617755,19.225,17.304,16.192,46.504,10.406,10.387
20241115173324.4,2652.82099619508,19.225,17.324,16.158,46.506,10.398,10.367
20241115173324.9,2653.3360004425,19.207,17.312,16.164,46.519,10.385,10.379
20241115173325.4,2653.85600365698,19.217,17.289,16.108,46.467,10.387,10.371
20241115173325.9,2654.37099784613,19.233,17.308,16.18,46.492,10.402,10.377
20241115173326.4,2654.89100106061,19.223,17.32,16.219,46.44,10.408,10.377
20241115173326.9,2655.4099984467,19.255,17.304,16.184,46.393,10.4,10.385
20241115173327.5,2655.92199526727,19.251,17.299,16.211,46.403,10.404,10.383
20241115173328,2656.45300224423,19.237,17.273,16.215,46.438,10.408,10.391
20241115173328.5,2656.98499493301,19.217,17.277,16.136,46.49,10.402,10.375
20241115173329,2657.49999918044,19.19,17.308,16.205,46.569,10.43,10.375
20241115173329.5,2658.01599919796,19.158,17.295,16.211,46.587,10.402,10.369
20241115173330.1,2658.53499658406,19.178,17.295,16.152,46.653,10.391,10.387
20241115173330.6,2659.05499979854,19.168,17.32,16.251,46.813,10.402,10.379
20241115173331.1,2659.58599671721,19.194,17.34,16.36,46.957,10.391,10.371
20241115173331.6,2660.10599993169,19.209,17.348,16.467,46.978,10.393,10.365
20241115173332.2,2660.63699685037,19.221,17.308,16.439,46.924,10.381,10.383
20241115173332.7,2661.1529968679,19.259,17.271,16.413,46.871,10.418,10.381
20241115173333.2,2661.66800111532,19.251,17.203,16.354,46.87,10.404,10.381
20241115173333.7,2662.19199746847,19.231,17.14,16.384,46.951,10.408,10.377
20241115173334.2,2662.7070017159,19.215,17.126,16.336,46.873,10.424,10.377
20241115173334.8,2663.22300173342,19.217,17.12,16.316,46.852,10.408,10.385
20241115173335.3,2663.73499855399,19.204,17.148,16.354,46.862,10.406,10.387
20241115173335.8,2664.24599960446,19.209,17.14,16.326,46.837,10.389,10.385
20241115173336.3,2664.76600281894,19.204,17.11,16.338,46.815,10.4,10.383
20241115173336.8,2665.28500020504,19.198,17.148,16.366,46.846,10.416,10.381
20241115173337.3,2665.80100022256,19.176,17.126,16.358,46.804,10.41,10.406
20241115173337.9,2666.32100343704,19.126,17.16,16.386,46.773,10.41,10.377
20241115173338.4,2666.83200448751,19.136,17.176,16.302,46.753,10.412,10.365
20241115173338.9,2667.39100366831,19.128,17.176,16.304,46.75,10.387,10.367
20241115173339.4,2667.91000105441,19.103,17.144,16.312,46.744,10.416,10.381
20241115173340,2668.42199787498,19.087,17.136,16.35,46.765,10.4,10.375
20241115173340.5,2668.93000155687,19.108,17.17,16.37,46.825,10.404,10.383
20241115173341,2669.4460015744,19.11,17.203,16.37,46.889,10.402,10.391
20241115173341.5,2669.95700262487,19.077,17.18,16.453,46.955,10.408,10.377
20241115173342,2670.47699578106,19.063,17.188,16.601,47.026,10.404,10.381
20241115173342.5,2671.00399956107,19.073,17.235,16.566,47.063,10.385,10.379
20241115173343.1,2671.53499647975,19.085,17.223,16.546,47.115,10.4,10.387
20241115173343.6,2672.0470033586,19.069,17.213,16.518,47.154,10.418,10.387
20241115173344.1,2672.5669965148,19.059,17.207,16.558,47.142,10.412,10.389
20241115173344.6,2673.08600395918,19.075,17.201,16.419,47.17,10.393,10.387
20241115173345.1,2673.6020039767,18.974,17.201,16.108,47.187,10.414,10.377
20241115173345.7,2674.1210013628,18.992,17.19,15.97,47.144,10.408,10.383
20241115173346.2,2674.64100457728,19.009,17.198,15.972,47.139,10.391,10.377
20241115173346.7,2675.16000196338,19.051,17.2,16.039,47.164,10.393,10.379
20241115173347.2,2675.6760019809,19.065,17.249,16.225,47.251,10.412,10.371
20241115173347.7,2676.1959951371,19.059,17.281,16.257,47.276,10.4,10.383
20241115173348.2,2676.71099938452,19.023,17.265,16.295,47.35,10.404,10.408
20241115173348.8,2677.231002599,19.023,17.241,16.253,47.448,10.418,10.383
20241115173349.3,2677.74599678814,19.063,17.241,16.263,47.551,10.424,10.387
20241115173349.8,2678.26199680567,19.089,17.239,16.233,47.646,10.406,10.416
20241115173350.3,2678.77799682319,19.106,17.243,16.156,47.719,10.41,10.4
20241115173350.8,2679.30900380015,19.12,17.283,16.154,47.743,10.416,10.389
20241115173351.4,2679.8239979893,19.124,17.287,16.178,47.857,10.418,10.389
20241115173351.9,2680.33999800682,19.154,17.287,16.164,47.956,10.41,10.387
20241115173352.4,2680.85599802434,19.158,17.281,16.073,48.079,10.416,10.4
20241115173352.9,2681.36699907482,19.14,17.257,15.982,48.175,10.42,10.375
20241115173353.4,2681.88299909234,19.112,17.287,15.908,48.283,10.408,10.4
20241115173353.9,2682.40300230682,19.128,17.304,15.964,48.378,10.424,10.373
20241115173354.4,2682.91799649596,19.134,17.316,15.992,48.386,10.422,10.383
20241115173355,2683.43799971044,19.146,17.32,15.994,48.377,10.416,10.387
20241115173355.5,2683.95300395787,19.194,17.285,16.035,48.382,10.418,10.379
20241115173356,2684.46900397539,19.233,17.306,16.146,48.426,10.416,10.398
20241115173356.5,2684.98899713159,19.213,17.281,16.178,48.478,10.422,10.385
20241115173357,2685.50400137901,19.182,17.314,16.304,48.494,10.402,10.4
20241115173357.5,2686.01599819958,19.144,17.312,16.221,48.586,10.424,10.391
20241115173358.1,2686.53199821711,19.099,17.301,16.221,48.708,10.422,10.395
20241115173358.6,2687.04700246453,19.063,17.304,16.352,48.795,10.404,10.4
20241115173359.1,2687.56699562073,19.039,17.348,16.39,48.948,10.434,10.387
20241115173359.6,2688.0779966712,19.021,17.336,16.407,49.063,10.414,10.402
20241115173400.1,2688.59799988568,19.065,17.362,16.437,49.04,10.4,10.4
20241115173400.6,2689.10999670625,19.11,17.388,16.473,49.094,10.422,10.4
20241115173401.2,2689.62099775672,19.14,17.374,16.344,49.161,10.422,10.389
20241115173401.7,2690.15300050378,19.172,17.378,16.328,49.186,10.432,10.391
20241115173402.2,2690.66800475121,19.204,17.366,16.295,49.19,10.432,10.4
20241115173402.7,2691.18400476873,19.19,17.358,16.368,49.157,10.434,10.383
20241115173403.2,2691.6960015893,19.194,17.356,16.388,49.146,10.414,10.418
20241115173403.7,2692.2149989754,19.196,17.324,16.427,49.244,10.43,10.389
20241115173404.3,2692.7420027554,19.213,17.35,16.445,49.387,10.43,10.406
20241115173404.8,2693.25800277293,19.182,17.396,16.487,49.487,10.412,10.391
20241115173405.3,2693.78499649465,19.17,17.372,16.463,49.489,10.428,10.408
20241115173405.8,2694.30499970913,19.166,17.362,16.51,49.487,10.408,10.4
20241115173406.4,2694.82099972665,19.17,17.328,16.556,49.597,10.424,10.42
20241115173406.9,2695.33600397408,19.174,17.297,16.469,49.643,10.434,10.402
20241115173407.4,2695.85599713027,19.194,17.301,16.299,49.74,10.42,10.4
20241115173407.9,2696.36699818075,19.2,17.322,16.225,49.784,10.42,10.389
20241115173408.4,2696.88700139523,19.219,17.34,16.198,49.8,10.391,10.404
20241115173408.9,2697.40300141275,19.215,17.318,16.14,49.683,10.44,10.404
20241115173409.4,2697.91400246322,19.231,17.269,16.079,49.765,10.422,10.377
20241115173410,2698.43000248075,19.225,17.227,16.091,49.708,10.43,10.406
20241115173410.5,2698.94600249827,19.215,17.176,16.132,49.694,10.436,10.402
20241115173411,2699.45700354874,19.209,17.122,16.134,49.7,10.436,10.406
20241115173411.5,2699.98899623752,19.225,17.144,16.099,49.71,10.428,10.412
20241115173412,2700.50400048494,19.239,17.13,16.085,49.689,10.432,10.41
20241115173412.7,2701.14500485361,19.237,17.112,16.116,49.708,10.432,10.381
20241115173413.2,2701.6640022397,19.225,17.158,16.231,49.731,10.418,10.404
20241115173413.7,2702.18000225723,19.241,17.15,16.176,49.815,10.432,10.391
20241115173414.2,2702.6919990778,19.231,17.158,16.207,49.877,10.412,10.412
20241115173414.7,2703.21099646389,19.233,17.17,16.201,50.08,10.416,10.395
20241115173415.3,2703.72699648142,19.227,17.192,16.237,50.124,10.434,10.404
20241115173415.8,2704.23900336027,19.227,17.178,16.233,50.149,10.426,10.402
20241115173416.3,2704.77000027895,19.196,17.219,16.293,50.149,10.438,10.393
20241115173416.8,2705.28500452638,19.196,17.231,16.297,50.128,10.434,10.406
20241115173417.3,2705.8010045439,19.198,17.213,16.326,50.17,10.43,10.42
20241115173417.8,2706.31700456142,19.17,17.231,16.417,50.247,10.45,10.393
20241115173418.4,2706.83600194752,19.166,17.239,16.441,50.297,10.438,10.4
20241115173418.9,2707.35599510372,19.176,17.223,16.348,50.335,10.444,10.402
20241115173419.4,2707.87099935114,19.184,17.174,16.184,50.343,10.436,10.41
20241115173419.9,2708.39100256562,19.158,17.164,16.1,50.487,10.442,10.426
20241115173420.4,2708.90299938619,19.15,17.156,16.18,50.604,10.414,10.418
20241115173420.9,2709.41800363362,19.154,17.219,16.219,50.701,10.424,10.395
20241115173421.5,2709.93799678981,19.18,17.237,16.241,50.755,10.422,10.414
20241115173422,2710.45700423419,19.18,17.283,16.314,50.751,10.436,10.404
20241115173422.5,2710.96900105476,19.227,17.297,16.36,50.776,10.442,10.408
20241115173423,2711.49200163782,19.245,17.308,16.338,50.884,10.434,10.406
20241115173423.5,2711.99999526143,19.257,17.322,16.449,51.024,10.422,10.41
20241115173424,2712.51599527895,19.249,17.384,16.449,51.102,10.416,10.432
20241115173424.6,2713.02800215781,19.249,17.407,16.625,51.267,10.414,10.418
20241115173425.1,2713.53900320828,19.237,17.425,16.708,51.449,10.444,10.42
20241115173425.6,2714.05899636447,19.202,17.437,16.691,51.626,10.436,10.406
20241115173426.1,2714.5740006119,19.213,17.433,16.609,51.695,10.438,10.422
20241115173426.6,2715.08599743247,19.207,17.398,16.609,51.584,10.432,10.412
20241115173427.1,2715.60199744999,19.257,17.433,16.699,51.599,10.412,10.422
20241115173427.7,2716.12100489438,19.235,17.425,16.75,51.71,10.43,10.416
20241115173428.2,2716.63699485362,19.249,17.441,16.691,51.787,10.444,10.408
20241115173428.7,2717.15300492942,19.227,17.415,16.756,51.777,10.428,10.398
20241115173429.2,2717.67200231552,19.257,17.435,16.817,51.879,10.424,10.41
20241115173429.7,2718.18800233305,19.271,17.423,16.796,51.96,10.448,10.418
20241115173430.2,2718.70299652219,19.243,17.457,16.893,51.973,10.438,10.412
20241115173430.8,2719.21899653971,19.182,17.433,16.914,52.023,10.436,10.412
20241115173431.3,2719.73499655724,19.156,17.459,16.843,52.061,10.428,10.416
20241115173431.8,2720.25000080466,19.16,17.455,16.714,52.082,10.44,10.414
20241115173432.3,2720.7850009203,19.176,17.423,16.641,52.15,10.442,10.428
20241115173432.8,2721.31700366735,19.204,17.417,16.603,52.242,10.43,10.416
20241115173433.4,2721.8319978565,19.235,17.37,16.534,52.299,10.454,10.432
20241115173433.9,2722.3599974066,19.269,17.348,16.516,52.363,10.434,10.43
20241115173434.4,2722.87500165403,19.269,17.38,16.526,52.368,10.448,10.41
20241115173434.9,2723.39499481022,19.281,17.372,16.504,52.361,10.442,10.416
20241115173435.5,2723.92999492586,19.316,17.356,16.457,52.393,10.446,10.432
20241115173436,2724.44600500166,19.328,17.31,16.38,52.453,10.452,10.41
20241115173436.5,2724.96099919081,19.338,17.301,16.281,52.541,10.446,10.424
20241115173437,2725.47699920833,19.34,17.304,16.251,52.541,10.438,10.41
20241115173437.5,2725.9889960289,19.318,17.291,16.17,52.625,10.418,10.412
20241115173438,2726.50400027633,19.336,17.295,16.142,52.691,10.44,10.416
20241115173438.6,2727.02000029385,19.314,17.301,16.186,52.683,10.454,10.422
20241115173439.1,2727.53199711442,19.283,17.297,16.253,52.62,10.452,10.428
20241115173439.6,2728.04700136185,19.241,17.326,16.283,52.589,10.446,10.41
20241115173440.1,2728.55899818242,19.253,17.34,16.395,52.648,10.436,10.395
20241115173440.6,2729.07100506127,19.255,17.336,16.479,52.744,10.426,10.404
20241115173441.1,2729.60200197995,19.247,17.316,16.378,52.84,10.454,10.408
20241115173441.7,2730.12899570167,19.241,17.314,16.273,52.97,10.46,10.412
20241115173442.2,2730.64100258052,19.243,17.32,16.243,53.022,10.442,10.406
20241115173442.7,2731.15700259805,19.259,17.326,16.265,53.078,10.43,10.412
20241115173443.2,2731.67599998415,19.184,17.346,16.287,53.208,10.44,10.406
20241115173443.7,2732.18799680471,19.172,17.352,16.3,53.344,10.416,10.385
20241115173444.2,2732.70300105214,19.144,17.35,16.3,53.463,10.426,10.414
20241115173444.8,2733.21900106966,19.136,17.338,16.302,53.569,10.434,10.414
20241115173445.4,2733.85999538004,19.122,17.296,16.298,53.529,10.422,10.409
20241115173445.9,2734.37499962747,19.134,17.28,16.298,53.553,10.44,10.397
20241115173446.4,2734.90700237453,19.148,17.298,16.271,53.582,10.432,10.405
20241115173447,2735.42599976063,19.167,17.258,16.21,53.752,10.429,10.382
20241115173447.5,2735.94199977815,19.188,17.24,16.208,53.842,10.435,10.404
20241115173448,2736.45300082862,19.2,17.228,16.265,53.902,10.408,10.396
20241115173448.5,2736.97699718177,19.174,17.24,16.303,53.859,10.406,10.4
20241115173449,2737.48900406063,19.137,17.263,16.473,53.907,10.408,10.388
20241115173449.5,2738.00399824977,19.155,17.271,16.408,53.944,10.422,10.392
20241115173450.1,2738.52400146425,19.151,17.293,16.283,54.041,10.427,10.386
20241115173450.6,2739.03899565339,19.083,17.327,16.222,54.082,10.431,10.396
20241115173451.1,2739.55499567091,19.059,17.343,16.186,54.076,10.42,10.404
20241115173451.6,2740.07099568844,19.077,17.339,16.196,54.091,10.402,10.39
20241115173452.1,2740.6020026654,19.111,17.323,16.275,54.153,10.414,10.396
20241115173452.7,2741.12500324845,19.127,17.323,16.353,54.339,10.437,10.382
20241115173453.2,2741.65699593723,19.129,17.325,16.489,54.367,10.426,10.38
20241115173453.7,2742.1679969877,19.089,17.35,16.608,54.344,10.404,10.398
20241115173454.2,2742.68399700522,19.079,17.378,16.699,54.364,10.42,10.378
20241115173454.7,2743.19600388408,19.095,17.386,16.705,54.402,10.414,10.38
20241115173455.2,2743.71099807322,19.113,17.398,16.564,54.504,10.426,10.38
20241115173455.8,2744.22300495207,19.135,17.386,16.582,54.607,10.422,10.388
20241115173456.3,2744.73899491131,19.17,17.394,16.758,54.717,10.422,10.396
20241115173456.8,2745.25399915874,19.228,17.376,16.986,54.862,10.425,10.388
20241115173457.3,2745.76999917626,19.22,17.349,17.038,55.033,10.42,10.392
20241115173457.8,2746.28899656236,19.232,17.372,17.026,55.129,10.414,10.38
20241115173458.3,2746.80499657989,19.194,17.38,17.087,55.217,10.404,10.384
20241115173458.9,2747.32099659741,19.21,17.354,17.057,55.355,10.435,10.376
20241115173459.4,2747.85200357437,19.242,17.418,17.133,55.501,10.428,10.386
20241115173459.9,2748.36699776351,19.267,17.43,17.057,55.532,10.42,10.388
20241115173500.4,2748.89499731362,19.271,17.44,17.028,55.499,10.406,10.384
20241115173500.9,2749.41000156105,19.285,17.42,16.958,55.522,10.42,10.384
20241115173501.5,2749.92600157857,19.303,17.422,16.911,55.607,10.406,10.404
20241115173502,2750.45699849725,19.246,17.4,16.814,55.737,10.414,10.38
20241115173502.5,2750.97299851477,19.226,17.404,16.695,55.875,10.416,10.374
20241115173503,2751.4889985323,19.246,17.398,16.451,55.984,10.42,10.4
20241115173503.5,2752.00400277972,19.263,17.376,16.291,56.253,10.412,10.378
20241115173504.1,2752.52000279725,19.285,17.321,16.224,56.357,10.404,10.378
20241115173504.6,2753.03900018334,19.297,17.315,16.232,56.357,10.408,10.402
20241115173505.1,2753.5710029304,19.313,17.291,16.283,56.249,10.416,10.384
20241115173505.6,2754.08200398088,19.311,17.297,16.37,56.27,10.412,10.382
20241115173506.1,2754.5980039984,19.279,17.251,16.341,56.424,10.416,10.396
20241115173506.6,2755.11400401592,19.255,17.204,16.325,56.445,10.439,10.388
20241115173507.2,2755.62899820507,19.238,17.186,16.396,56.625,10.406,10.404
20241115173507.7,2756.15699775517,19.208,17.154,16.436,56.713,10.414,10.38
20241115173508.2,2756.6720020026,19.214,17.174,16.479,56.79,10.412,10.378
20241115173508.7,2757.18800202012,19.204,17.184,16.442,56.725,10.42,10.382
20241115173509.2,2757.70299620926,19.22,17.16,16.457,56.742,10.404,10.39
20241115173509.7,2758.21500308812,19.196,17.162,16.479,56.811,10.404,10.394
20241115173510.3,2758.73499624431,19.164,17.228,16.432,56.873,10.412,10.368
20241115173510.8,2759.26600322127,19.101,17.244,16.285,56.827,10.392,10.396
20241115173511.3,2759.7820032388,19.111,17.251,16.196,56.867,10.418,10.398
20241115173511.8,2760.29300428927,19.119,17.277,16.255,57.007,10.422,10.374
20241115173512.3,2760.80900430679,19.129,17.303,16.271,57.189,10.422,10.396
20241115173512.9,2761.32399849594,19.178,17.255,16.275,57.272,10.422,10.408
20241115173513.4,2761.83999851346,19.18,17.251,16.249,57.4,10.441,10.4
20241115173513.9,2762.35599853098,19.178,17.238,16.141,57.41,10.418,10.404
20241115173514.4,2762.87100277841,19.174,17.236,16.111,57.509,10.414,10.396
20241115173514.9,2763.39900232852,19.135,17.236,16.15,57.567,10.416,10.406
20241115173515.5,2763.92999924719,19.121,17.246,16.178,57.578,10.431,10.396
20241115173516,2764.44899663329,19.121,17.232,16.275,57.757,10.412,10.39
20241115173516.5,2764.97300304472,19.156,17.214,16.404,57.851,10.414,10.378
20241115173517,2765.48499986529,19.147,17.204,16.382,57.897,10.416,10.41
20241115173517.5,2766.00399725139,19.186,17.174,16.297,58.054,10.41,10.374
20241115173518.1,2766.51999726892,19.206,17.144,16.188,58.115,10.414,10.386
20241115173518.6,2767.04700104892,19.23,17.148,16.041,58.185,10.432,10.392
20241115173519.1,2767.55899786949,19.232,17.176,16.012,58.348,10.42,10.374
20241115173519.6,2768.07400211692,19.22,17.192,16,58.486,10.426,10.394
20241115173520.1,2768.59399527311,19.174,17.208,16.087,58.57,10.406,10.378
20241115173520.6,2769.10999529064,19.156,17.224,16.093,58.718,10.414,10.384
20241115173521.2,2769.62499953806,19.156,17.235,16.18,58.867,10.396,10.358
20241115173521.7,2770.14099955559,19.146,17.271,16.21,59.005,10.408,10.366
20241115173522.2,2770.65299637616,19.178,17.281,16.212,59.128,10.396,10.376
20241115173522.7,2771.16800062358,19.142,17.303,16.243,59.341,10.424,10.374
20241115173523.2,2771.67999744415,19.148,17.317,16.206,59.537,10.39,10.374
20241115173523.7,2772.19899483025,19.178,17.322,16.174,59.721,10.416,10.376
20241115173524.2,2772.7110017091,19.162,17.354,16.156,59.819,10.4,10.382
20241115173524.8,2773.22700172663,19.111,17.376,16.235,59.842,10.414,10.39
20241115173525.3,2773.74199591577,19.055,17.372,16.138,59.677,10.408,10.398
20241115173525.8,2774.2660023272,19.012,17.295,16.152,59.75,10.412,10.394
20241115173526.3,2774.78200234473,19.026,17.225,16.162,59.807,10.38,10.372
20241115173526.8,2775.30500292778,19.02,17.206,16.162,59.828,10.388,10.38
20241115173527.4,2775.82400031388,19.014,17.164,16.146,59.874,10.408,10.37
20241115173527.9,2776.3400003314,19.037,17.17,16.241,59.97,10.394,10.366
20241115173528.4,2776.86000354588,19.035,17.136,16.307,60.035,10.41,10.376
20241115173528.9,2777.38300412893,19.022,17.154,16.324,60.118,10.384,10.372
20241115173529.4,2777.89900414646,18.97,17.158,16.376,60.158,10.396,10.386
20241115173529.9,2778.40999513865,18.982,17.164,16.388,60.256,10.424,10.372
20241115173530.5,2778.92999835312,18.986,17.15,16.491,60.48,10.392,10.392
20241115173531,2779.44599837065,18.99,17.148,16.513,60.694,10.412,10.378
20241115173531.5,2779.96499575675,18.99,17.192,16.61,60.914,10.418,10.384
20241115173532,2780.48499897122,18.98,17.222,16.703,61.135,10.414,10.386
20241115173532.5,2780.98899945617,19.037,17.253,16.766,61.299,10.412,10.402
20241115173533,2781.50799684227,19.047,17.301,16.643,61.381,10.39,10.366
20241115173533.6,2782.03900381923,19.047,17.338,16.513,61.462,10.404,10.378
20241115173534.1,2782.56300017238,19.014,17.326,16.546,61.611,10.396,10.38
20241115173534.6,2783.08199755847,19.022,17.348,16.61,61.765,10.394,10.386
20241115173535.1,2783.597997576,19.024,17.346,16.661,61.998,10.392,10.388
20241115173535.6,2784.11000445485,19.02,17.36,16.764,62.219,10.424,10.378
20241115173536.2,2784.62499864399,19.049,17.364,16.804,62.454,10.41,10.392
20241115173536.7,2785.14500185847,19.014,17.393,16.749,62.739,10.415,10.373
20241115173537.2,2785.66399924457,19.03,17.383,16.587,62.961,10.401,10.365
20241115173537.7,2786.17999926209,19.052,17.365,16.607,63.104,10.381,10.371
20241115173538.2,2786.69599927962,19.1,17.353,16.541,63.306,10.387,10.367
20241115173538.7,2787.21100352705,19.098,17.357,16.512,63.495,10.407,10.389
20241115173539.3,2787.72300034761,19.123,17.395,16.553,63.762,10.393,10.393
20241115173539.8,2788.23900036514,19.143,17.413,16.428,64.001,10.401,10.383
20241115173540.3,2788.75000141561,19.163,17.428,16.551,64.192,10.393,10.395
20241115173540.8,2789.26199823618,19.177,17.442,16.593,64.413,10.413,10.385
20241115173541.3,2789.78200145066,19.216,17.409,16.624,64.598,10.407,10.377
20241115173541.8,2790.29300250113,19.228,17.428,16.717,64.804,10.393,10.373
20241115173542.4,2790.82800261676,19.244,17.413,16.662,64.991,10.383,10.365
20241115173542.9,2791.34400263429,19.27,17.405,16.717,65.186,10.417,10.369
20241115173543.4,2791.86000265181,19.272,17.399,16.791,65.396,10.399,10.387
20241115173543.9,2792.37499684095,19.262,17.416,16.902,65.667,10.397,10.399
20241115173544.4,2792.89099685848,19.24,17.389,16.908,66.001,10.409,10.405
20241115173544.9,2793.406996876,19.238,17.373,16.915,66.287,10.407,10.391
20241115173545.5,2793.92200112343,19.244,17.379,16.846,66.436,10.413,10.379
20241115173546,2794.44200433791,19.258,17.355,16.763,66.579,10.415,10.379
20241115173546.5,2794.9529953301,19.252,17.327,16.713,66.753,10.403,10.397
20241115173547,2795.47299854457,19.205,17.274,16.702,66.94,10.397,10.371
20241115173547.5,2795.98499536514,19.195,17.28,16.676,67.314,10.399,10.407
20241115173548,2796.49999961257,19.181,17.292,16.65,67.656,10.415,10.383
20241115173548.5,2797.01599963009,19.203,17.266,16.565,67.98,10.411,10.383
20241115173549.1,2797.53499701619,19.179,17.254,16.46,68.194,10.399,10.375
20241115173549.6,2798.04700389504,19.177,17.22,16.377,68.358,10.389,10.387
20241115173550.1,2798.55900071561,19.187,17.242,16.306,68.61,10.389,10.383
20241115173550.6,2799.07400496304,19.177,17.276,16.375,68.961,10.391,10.399
20241115173551.1,2799.58600178361,19.147,17.242,16.412,69.322,10.419,10.383
20241115173551.6,2800.11699870229,19.177,17.262,16.407,69.591,10.415,10.377
20241115173552.2,2800.63700191677,19.193,17.262,16.444,69.808,10.401,10.405
20241115173552.7,2801.15699507296,19.195,17.236,16.395,70.125,10.405,10.383
20241115173553.2,2801.66799612343,19.203,17.244,16.397,70.461,10.407,10.387
20241115173553.7,2802.18399614096,19.252,17.254,16.292,70.841,10.395,10.379
20241115173554.2,2802.69600301981,19.258,17.27,16.193,71.215,10.395,10.385
20241115173554.7,2803.21099720895,19.268,17.26,16.098,71.56,10.397,10.389
20241115173555.3,2803.74200418591,19.28,17.218,16.04,71.721,10.413,10.393
20241115173555.8,2804.27800007164,19.274,17.24,16.104,72.123,10.409,10.403
20241115173556.3,2804.79699745774,19.242,17.264,16.141,72.438,10.403,10.387
20241115173556.8,2805.31700067222,19.24,17.238,16.193,72.57,10.409,10.389
20241115173557.4,2805.82800172269,19.236,17.252,16.256,72.81,10.407,10.385
20241115173557.9,2806.34400174022,19.244,17.274,16.216,73.15,10.409,10.381
20241115173558.4,2806.8749986589,19.256,17.264,16.222,73.615,10.389,10.379
20241115173558.9,2807.40999877453,19.252,17.274,16.327,74.199,10.399,10.391
20241115173559.5,2807.9219955951,19.244,17.268,16.385,74.445,10.401,10.391
20241115173560,2808.43400247395,19.254,17.278,16.422,74.687,10.409,10.385
20241115173600.5,2808.95299986005,19.24,17.242,16.341,75.088,10.417,10.385
20241115173601,2809.48500260711,19.226,17.201,16.24,75.477,10.425,10.379
20241115173601.5,2809.99600365758,19.226,17.236,16.224,75.896,10.415,10.391
20241115173602.1,2810.52400320768,19.266,17.234,16.234,76.448,10.415,10.385
20241115173602.6,2811.04300059378,19.288,17.24,16.193,77.014,10.421,10.403
20241115173603.1,2811.55900061131,19.276,17.28,16.276,77.266,10.405,10.379
20241115173603.6,2812.07399480045,19.262,17.296,16.296,77.804,10.409,10.389
20241115173604.1,2812.59399801493,19.262,17.298,16.436,78.366,10.413,10.389
20241115173604.6,2813.1059948355,19.252,17.298,16.395,78.702,10.425,10.401
20241115173605.2,2813.62500227988,19.236,17.308,16.367,78.986,10.417,10.385
20241115173605.7,2814.14499543607,19.218,17.325,16.365,79.472,10.393,10.391
20241115173606.2,2814.67999555171,19.185,17.321,16.389,79.863,10.411,10.413
20241115173606.7,2815.19599556923,19.179,17.335,16.472,80.315,10.423,10.391
20241115173607.2,2815.7069966197,19.191,17.321,16.565,80.828,10.417,10.401
20241115173607.8,2816.22699983418,19.183,17.313,16.559,81.252,10.417,10.399
20241115173608.3,2816.74200408161,19.106,17.325,16.531,81.696,10.403,10.379
20241115173608.8,2817.2619972378,19.068,17.319,16.502,82.278,10.415,10.395
20241115173609.3,2817.78200045228,19.052,17.296,16.452,82.852,10.415,10.407
20241115173609.8,2818.29300150275,19.068,17.288,16.395,83.63,10.421,10.385
20241115173610.3,2818.80900152028,19.119,17.325,16.403,84.223,10.403,10.387
20241115173610.9,2819.32399570942,19.131,17.339,16.589,84.868,10.407,10.397
20241115173611.4,2819.85599845648,19.163,17.355,16.71,85.627,10.431,10.387
20241115173611.9,2820.38699537516,19.129,17.359,16.674,86.307,10.415,10.401
20241115173612.4,2820.90699858963,19.078,17.341,16.65,87.099,10.419,10.383
20241115173612.9,2821.41799964011,18.979,17.339,16.624,87.835,10.401,10.399
20241115173613.5,2821.92999646068,18.997,17.339,16.696,88.566,10.405,10.409
20241115173614,2822.4459964782,19.048,17.333,16.809,89.4,10.407,10.393
20241115173614.5,2822.96100072563,19.05,17.347,16.911,90.083,10.413,10.401
20241115173615,2823.4729975462,19.066,17.333,16.927,90.74,10.411,10.389
20241115173615.5,2823.99199493229,19.106,17.313,16.793,91.446,10.409,10.391
20241115173616,2824.5080050081,19.094,17.317,16.593,92.278,10.413,10.389
20241115173616.6,2825.02399496734,19.129,17.282,16.436,92.753,10.413,10.401
20241115173617.1,2825.53899921477,19.129,17.268,16.48,93.277,10.429,10.381
20241115173617.6,2826.05099603534,19.145,17.254,16.551,94.032,10.417,10.411
20241115173618.1,2826.57099924982,19.143,17.242,16.521,94.803,10.413,10.399
20241115173618.6,2827.08600349724,19.163,17.224,16.496,95.65,10.429,10.389
20241115173619.1,2827.60200351477,19.161,17.209,16.498,96.648,10.423,10.399
20241115173619.6,2828.11699770391,19.153,17.218,16.416,97.687,10.421,10.415
20241115173620.2,2828.62900458276,19.173,17.209,16.444,98.718,10.415,10.405
20241115173620.7,2829.1640046984,19.183,17.195,16.474,99.518,10.431,10.407
20241115173621.3,2829.80900220573,19.197,17.175,16.492,101.663,10.409,10.399
20241115173621.9,2830.32799959183,19.171,17.197,16.539,102.174,10.413,10.393
20241115173622.4,2830.86399547756,19.149,17.175,16.609,103.325,10.429,10.401
20241115173622.9,2831.37499652803,19.163,17.22,16.508,104.79,10.429,10.389
20241115173623.4,2831.89900293946,19.151,17.244,16.512,105.785,10.419,10.387
20241115173624,2832.42999985814,19.121,17.3,16.515,107.243,10.403,10.391
20241115173624.5,2832.94599987566,19.119,17.3,16.541,108.085,10.399,10.391
20241115173625,2833.46100412309,19.137,17.292,16.545,109.012,10.415,10.395
20241115173625.5,2833.99200104177,19.106,17.343,16.446,109.918,10.415,10.411
20241115173626,2834.50399786234,19.115,17.345,16.462,110.878,10.415,10.405
20241115173626.6,2835.03199741244,19.1,17.365,16.367,112.049,10.437,10.419
20241115173627.1,2835.54700165987,19.06,17.331,16.351,113.765,10.425,10.379
20241115173627.6,2836.06300167739,19.074,17.321,16.333,115.268,10.421,10.395
20241115173628.1,2836.57400272787,19.09,17.274,16.266,116.83,10.427,10.397
20241115173628.6,2837.1099986136,19.106,17.25,16.189,118.322,10.437,10.399
20241115173629.2,2837.62099966407,19.121,17.214,16.012,119.914,10.423,10.415
20241115173629.7,2838.15300241113,19.123,17.224,15.959,122.502,10.429,10.385
20241115173630.2,2838.67999613285,19.121,17.214,15.983,124.014,10.419,10.403
20241115173630.7,2839.19599615037,19.147,17.181,16.032,125.265,10.411,10.403
20241115173631.2,2839.7110003978,19.159,17.185,16.191,127.219,10.452,10.407
20241115173631.8,2840.23100361228,19.133,17.216,16.335,128.981,10.423,10.389
20241115173632.3,2840.76200053096,19.147,17.228,16.452,130.883,10.435,10.397
20241115173632.8,2841.28200374544,19.114,17.256,16.523,132.819,10.417,10.411
20241115173633.3,2841.80899746716,19.117,17.274,16.51,134.882,10.415,10.395
20241115173633.9,2842.32400171459,19.129,17.3,16.478,136.742,10.413,10.371
20241115173634.4,2842.83599853516,19.151,17.268,16.543,138.956,10.419,10.403
20241115173634.9,2843.35600174963,19.147,17.286,16.513,140.299,10.441,10.407
20241115173635.4,2843.86399537325,19.167,17.288,16.521,142.066,10.421,10.397
20241115173635.9,2844.38300281763,19.163,17.284,16.616,143.936,10.423,10.405
20241115173636.4,2844.89900283515,19.185,17.302,16.579,145.755,10.435,10.381
20241115173636.9,2845.41800022125,19.193,17.268,16.43,148.388,10.423,10.397
20241115173637.5,2845.94599977136,19.215,17.226,16.488,150.731,10.423,10.397
20241115173638,2846.46499715745,19.205,17.181,16.432,152.815,10.419,10.407
20241115173638.5,2846.97700403631,19.203,17.127,16.474,154.652,10.419,10.405
20241115173639,2847.49600142241,19.216,17.133,16.537,156.544,10.413,10.395
20241115173639.5,2848.00399504602,19.232,17.11,16.593,158.644,10.423,10.405
20241115173640.1,2848.5239982605,19.203,17.104,16.549,160.953,10.417,10.393
20241115173640.6,2849.03900250793,19.193,17.108,16.523,163.371,10.433,10.415
20241115173641.1,2849.55899566412,19.183,17.098,16.646,165.733,10.413,10.397
20241115173641.6,2850.0780031085,19.167,17.111,16.575,167.64,10.411,10.391
20241115173642.1,2850.58999992907,19.163,17.1,16.367,169.841,10.427,10.381
20241115173642.7,2851.12099684775,19.191,17.117,16.147,172.112,10.427,10.383
20241115173643.2,2851.64500325918,19.201,17.169,16.052,174.358,10.423,10.377
20241115173643.7,2852.15999744833,19.216,17.187,16.104,176.341,10.419,10.403
20241115173644.2,2852.6800006628,19.218,17.224,16.185,178.709,10.407,10.383
20241115173644.7,2853.19199748337,19.195,17.28,16.209,181.457,10.425,10.393
20241115173645.3,2853.72699759901,19.181,17.284,16.262,183.945,10.413,10.389
20241115173645.8,2854.25800457597,19.213,17.294,16.339,186.452,10.413,10.391
20241115173646.3,2854.77799773216,19.205,17.292,16.409,189.301,10.419,10.407
20241115173646.8,2855.29699511826,19.246,17.319,16.47,192.213,10.421,10.405
20241115173647.4,2855.82399889827,19.226,17.345,16.454,195.05,10.431,10.391
20241115173647.9,2856.33999891579,19.195,17.325,16.466,197.866,10.413,10.403
20241115173648.4,2856.8670026958,19.177,17.306,16.446,200.712,10.419,10.389
20241115173648.9,2857.38300271332,19.129,17.284,16.482,203.596,10.427,10.399
20241115173649.4,2857.89900273085,19.09,17.248,16.62,206.483,10.429,10.391
20241115173649.9,2858.41399691999,19.11,17.254,16.787,209.327,10.431,10.405
20241115173650.5,2858.92999693751,19.157,17.274,16.939,212.168,10.435,10.401
20241115173651,2859.46100391448,19.234,17.284,16.862,215.328,10.419,10.395
20241115173651.5,2859.98099707067,19.246,17.288,16.832,218.49,10.415,10.381
20241115173652,2860.49199812114,19.242,17.28,16.852,221.242,10.413,10.395
20241115173652.5,2861.01200133562,19.276,17.252,16.985,224.351,10.411,10.407
20241115173653.1,2861.52800135314,19.296,17.272,17.018,227.092,10.431,10.403
20241115173653.7,2862.16399669647,19.222,17.306,17.098,231.056,10.429,10.391
20241115173654.2,2862.679996714,19.143,17.335,16.987,233.687,10.415,10.399
20241115173654.7,2863.19599673152,19.175,17.317,17.036,236.652,10.427,10.383
20241115173655.3,2863.72700370848,19.181,17.341,17.058,239.929,10.427,10.397
20241115173655.8,2864.24199789762,19.185,17.353,17.163,243.432,10.431,10.371
20241115173656.3,2864.7620011121,19.183,17.375,17.123,247.043,10.417,10.405
20241115173656.8,2865.27800112963,19.213,17.381,17.024,250.402,10.439,10.401
20241115173657.3,2865.79299531877,19.226,17.411,16.949,254.509,10.417,10.399
20241115173657.8,2866.30899533629,19.242,17.401,16.876,258.547,10.425,10.403
20241115173658.4,2866.82399958372,19.254,17.413,16.834,262.712,10.413,10.401
20241115173658.9,2867.3440027982,19.26,17.452,16.781,267.01,10.435,10.395
20241115173659.4,2867.86000281572,19.23,17.442,16.84,271.378,10.419,10.407
20241115173659.9,2868.37499700487,19.222,17.42,16.91,275.779,10.443,10.397
20241115173700.4,2868.89099702239,19.211,17.405,16.844,281.114,10.419,10.395
20241115173700.9,2869.41000446677,19.191,17.387,16.712,286.803,10.429,10.413
20241115173701.5,2869.92999762297,19.193,17.371,16.525,292.579,10.439,10.395
20241115173702,2870.45700140297,19.201,17.365,16.512,299.85,10.429,10.405
20241115173702.5,2870.98500095308,19.209,17.355,16.484,307.621,10.417,10.405
20241115173703,2871.49999514222,19.205,17.339,16.492,315.277,10.435,10.399
20241115173703.6,2872.03199788928,19.201,17.367,16.494,324.443,10.439,10.405
20241115173704.1,2872.54299893975,19.222,17.391,16.521,334.223,10.429,10.403
20241115173704.6,2873.06300215423,19.234,17.373,16.527,344.987,10.423,10.397
20241115173705.1,2873.58199954033,19.228,17.367,16.539,354.124,10.407,10.383
20241115173705.6,2874.0939963609,19.27,17.389,16.565,367.439,10.415,10.403
20241115173706.1,2874.60999637842,19.278,17.402,16.517,377.381,10.435,10.371
20241115173706.7,2875.12500062585,19.27,17.406,16.529,390.642,10.421,10.405
20241115173707.2,2875.65700337291,19.244,17.436,16.551,397.012,10.425,10.409
20241115173707.7,2876.16800442338,19.258,17.454,16.557,409.863,10.421,10.413
20241115173708.2,2876.6840044409,19.268,17.476,16.66,419.547,10.427,10.415
20241115173708.7,2877.21500135958,19.226,17.496,16.624,417.785,10.435,10.393
20241115173709.3,2877.73100137711,19.199,17.505,16.83,446.948,10.417,10.399
20241115173709.8,2878.24200242758,19.181,17.513,16.814,470.639,10.427,10.395
20241115173710.3,2878.77399511635,19.189,17.513,16.765,483.849,10.433,10.403
20241115173710.8,2879.28899936378,19.204,17.5,16.745,503.937,10.411,10.403
20241115173711.3,2879.8049993813,19.228,17.462,16.907,509.833,10.427,10.399
20241115173711.9,2880.3239967674,19.258,17.397,16.797,525.402,10.427,10.399
20241115173712.4,2880.83600364625,19.254,17.351,16.678,537.939,10.421,10.401
20241115173712.9,2881.35200366378,19.232,17.325,16.575,539.574,10.441,10.403
20241115173713.4,2881.86699785292,19.23,17.276,16.547,539.82,10.423,10.403
20241115173713.9,2882.39499740303,19.208,17.268,16.533,542.822,10.429,10.405
20241115173714.4,2882.91400484741,19.234,17.25,16.424,553.458,10.425,10.393
20241115173715,2883.42600166798,19.24,17.248,16.436,565.557,10.421,10.407
20241115173715.5,2883.95699858665,19.25,17.212,16.347,563.042,10.421,10.395
20241115173716,2884.47299860418,19.274,17.226,16.248,509.272,10.417,10.409
20241115173716.5,2884.9889986217,19.278,17.181,16.199,274.32,10.423,10.403
20241115173717,2885.49999967217,19.246,17.145,16.157,183.895,10.415,10.395
20241115173717.6,2886.02000288665,19.24,17.153,16.195,129.808,10.419,10.409
20241115173718.1,2886.55099980533,19.246,17.153,16.21,97.924,10.427,10.383
20241115173718.6,2887.07800358534,19.242,17.173,16.27,73.917,10.429,10.417
20241115173719.1,2887.59400360286,19.175,17.216,16.4,58.952,10.427,10.405
20241115173719.6,2888.11399675906,19.127,17.246,16.422,48.493,10.419,10.387
20241115173720.2,2888.64100053906,19.109,17.238,16.41,40.91,10.437,10.397
20241115173720.7,2889.15700055659,19.141,17.244,16.428,36.885,10.413,10.381
20241115173721.2,2889.68000113964,19.179,17.236,16.351,33.552,10.423,10.399
20241115173721.7,2890.19199796021,19.189,17.242,16.276,29.963,10.429,10.409
20241115173722.3,2890.72699807584,19.242,17.268,16.28,26.716,10.451,10.399
20241115173722.8,2891.25799499452,19.264,17.276,16.319,24.395,10.431,10.401
20241115173723.3,2891.80500470102,19.262,17.278,16.391,22.315,10.46,10.411
20241115173723.9,2892.32400208712,19.256,17.308,16.399,21.05,10.441,10.407
20241115173724.4,2892.83599890769,19.197,17.327,16.436,20.195,10.423,10.419
20241115173724.9,2893.36699582636,19.187,17.312,16.302,19.418,10.458,10.421
20241115173725.4,2893.88299584389,19.161,17.312,16.21,19.056,10.421,10.415
20241115173726,2894.50400434434,19.149,17.337,16.27,18.636,10.433,10.417
20241115173726.6,2895.02800069749,19.161,17.313,16.252,18.319,10.441,10.407
20241115173727.1,2895.54300494492,19.141,17.278,16.161,18.121,10.427,10.411
20241115173727.6,2896.05899490416,19.143,17.27,16.094,17.995,10.429,10.399
20241115173728.1,2896.59000188112,19.133,17.282,16.102,17.894,10.441,10.413
20241115173728.6,2897.10600189865,19.173,17.248,16.09,17.85,10.441,10.427
20241115173729.2,2897.62099608779,19.179,17.26,16.232,17.86,10.439,10.405
20241115173729.7,2898.13300296664,19.145,17.258,16.195,17.856,10.427,10.403
20241115173730.2,2898.64900298417,19.133,17.296,16.086,17.777,10.431,10.391
20241115173730.7,2899.17999990284,19.159,17.286,16.02,17.763,10.447,10.425
20241115173731.2,2899.69199672341,19.157,17.312,16.026,17.603,10.431,10.417
20241115173731.7,2900.2110041678,19.147,17.296,16.005,17.266,10.433,10.417
20241115173732.3,2900.72700418532,19.177,17.288,16.064,17.165,10.439,10.413
20241115173732.8,2901.25399790704,19.177,17.258,16.181,17.294,10.425,10.401
20241115173733.3,2901.78899802268,19.169,17.232,16.266,17.248,10.433,10.423
20241115173733.8,2902.31699757278,19.163,17.236,16.308,17.327,10.439,10.419
20241115173734.4,2902.84800454974,19.145,17.248,16.323,17.25,10.427,10.405
20241115173734.9,2903.36400456727,19.161,17.25,16.335,17.169,10.435,10.401
20241115173735.4,2903.89099828899,19.131,17.268,16.363,17.028,10.441,10.399
20241115173735.9,2904.40699830651,19.105,17.298,16.355,17.016,10.431,10.403
20241115173736.5,2904.93799522519,19.137,17.313,16.458,16.82,10.443,10.419
20241115173737,2905.45299947262,19.133,17.307,16.521,16.688,10.413,10.401
20241115173737.5,2905.96499629319,19.151,17.307,16.531,16.783,10.425,10.413
20241115173738,2906.48499950767,19.175,17.311,16.515,16.672,10.431,10.393
20241115173738.5,2906.99600055814,19.157,17.307,16.482,16.711,10.433,10.395
20241115173739,2907.51200057566,19.157,17.331,16.545,16.995,10.437,10.409
20241115173739.6,2908.03900435567,19.105,17.355,16.48,16.89,10.435,10.383
20241115173740.1,2908.55899751186,19.102,17.369,16.494,16.846,10.429,10.419
20241115173740.6,2909.09000448883,19.05,17.369,16.436,16.969,10.423,10.411
20241115173741.1,2909.61699821055,19.064,17.375,16.418,17.323,10.429,10.395
20241115173741.7,2910.14900095761,19.076,17.341,16.4,17.086,10.431,10.385
20241115173742.2,2910.66399514675,19.104,17.305,16.47,17.046,10.437,10.419
20241115173742.7,2911.18399836123,19.078,17.282,16.529,17.082,10.441,10.397
20241115173743.2,2911.69900260866,19.064,17.234,16.606,17.232,10.437,10.395
20241115173743.7,2912.21500262618,19.044,17.197,16.604,17.444,10.437,10.395
20241115173744.3,2912.74599954486,19.01,17.181,16.537,17.509,10.439,10.423
20241115173744.8,2913.26999589801,18.989,17.173,16.4,17.543,10.455,10.421
20241115173745.3,2913.79699967802,19.01,17.139,16.303,17.646,10.445,10.407
20241115173745.9,2914.33199979365,19.04,17.163,16.264,17.686,10.441,10.407
20241115173746.4,2914.85200300813,19.08,17.201,16.462,17.632,10.447,10.411
20241115173746.9,2915.36699719727,19.115,17.199,16.563,17.763,10.439,10.399
20241115173747.4,2915.89499674737,19.129,17.189,16.501,17.769,10.453,10.415
20241115173747.9,2916.4100009948,19.165,17.179,16.575,17.83,10.445,10.433
20241115173748.5,2916.93800054491,19.21,17.21,16.707,18.151,10.455,10.401
20241115173749,2917.44900159538,19.234,17.204,16.814,18.327,10.449,10.395
20241115173749.5,2917.9650016129,19.246,17.248,16.798,18.319,10.435,10.411
20241115173750,2918.48500482738,19.224,17.268,16.87,18.517,10.429,10.395
20241115173750.5,2919.01600174606,19.163,17.276,16.888,18.703,10.437,10.409
20241115173751.1,2919.53200176358,19.119,17.286,16.802,18.903,10.431,10.401
20241115173751.6,2920.04699595273,19.096,17.288,16.83,19,10.441,10.401
20241115173752.1,2920.58199606836,19.107,17.333,16.802,18.846,10.435,10.413
20241115173752.6,2921.09799608588,19.131,17.337,16.87,18.361,10.429,10.405
20241115173753.2,2921.62499986589,19.135,17.335,16.895,17.991,10.461,10.403
20241115173753.7,2922.14500308037,19.107,17.361,16.769,17.836,10.447,10.409
20241115173754.2,2922.65999726951,19.107,17.337,16.707,17.61,10.433,10.407
20241115173754.7,2923.17200414836,19.145,17.329,16.854,18.038,10.443,10.399
20241115173755.2,2923.69199730456,19.131,17.347,16.963,18.452,10.429,10.413
20241115173755.8,2924.22300428152,19.127,17.359,17.032,18.793,10.425,10.415
20241115173756.3,2924.73900429904,19.107,17.367,17.056,19.02,10.447,10.411
20241115173756.9,2925.36700330675,19.09,17.369,17.034,19.177,10.455,10.397
20241115173757.4,2925.88300332427,19.086,17.359,17.038,19.234,10.429,10.409
20241115173757.9,2926.40299648046,19.072,17.339,17.113,19.414,10.441,10.403
20241115173758.4,2926.91399753094,19.004,17.369,17.135,19.486,10.443,10.405
20241115173759,2927.44899764657,18.971,17.365,17.183,19.559,10.441,10.413
20241115173759.5,2927.96100452542,18.957,17.375,17.028,19.45,10.435,10.411
20241115173800,2928.48099768162,18.951,17.389,16.965,19.381,10.447,10.393
20241115173800.5,2928.99999506772,19.054,17.367,16.953,19.246,10.441,10.385
20241115173801.1,2929.53199781477,19.113,17.383,16.981,19.145,10.443,10.397
20241115173801.6,2930.05900159478,19.165,17.416,16.935,19.157,10.443,10.397
20241115173802.1,2930.57799898088,19.21,17.43,16.854,18.927,10.443,10.397
20241115173802.6,2931.09800219536,19.234,17.436,16.884,18.834,10.433,10.405
20241115173803.1,2931.61400221288,19.26,17.472,16.939,18.787,10.419,10.389
20241115173803.7,2932.13299959898,19.262,17.466,17.074,18.971,10.439,10.417
20241115173804.2,2932.65699595213,19.313,17.454,17.006,19.141,10.429,10.413
20241115173804.7,2933.1679970026,19.242,17.472,16.99,19.293,10.433,10.389
20241115173805.2,2933.68800021708,19.188,17.481,16.979,19.426,10.437,10.407
20241115173805.7,2934.20699760318,19.137,17.444,16.988,19.571,10.425,10.401
20241115173806.3,2934.72700081766,19.117,17.43,17.08,19.676,10.429,10.389
20241115173806.8,2935.24200506508,19.04,17.404,17.178,19.792,10.425,10.391
20241115173807.3,2935.75799502432,19.016,17.404,17.107,19.85,10.425,10.393
20241115173807.8,2936.28200143576,19.038,17.386,17.131,19.875,10.433,10.386
20241115173808.3,2936.80099882185,19.101,17.41,17.172,19.913,10.431,10.393
20241115173808.8,2937.31699883938,19.121,17.392,17.147,19.771,10.435,10.399
20241115173809.4,2937.82799988985,19.119,17.355,17.165,19.775,10.431,10.395
20241115173809.9,2938.34800310433,19.133,17.349,17.115,19.733,10.421,10.384
20241115173810.4,2938.86400312185,19.119,17.357,17.034,19.788,10.429,10.389
20241115173810.9,2939.378997311,19.117,17.355,16.913,19.65,10.411,10.391
20241115173811.4,2939.9069968611,19.115,17.37,16.856,19.537,10.437,10.391
20241115173812,2940.42200110853,19.141,17.382,16.822,19.565,10.413,10.403
20241115173812.5,2940.93800112605,19.141,17.39,16.836,19.64,10.415,10.38
20241115173813,2941.45299531519,19.119,17.414,16.951,19.719,10.429,10.386
20241115173813.5,2941.96899533272,19.147,17.438,17.048,19.727,10.407,10.38
20241115173814,2942.49599911273,19.121,17.424,17.149,19.717,10.389,10.389
20241115173814.5,2943.01199913025,19.115,17.422,17.188,19.61,10.413,10.393
20241115173815.1,2943.52399595082,19.153,17.446,17.246,19.575,10.411,10.409
20241115173815.6,2944.0430033952,19.188,17.446,17.309,19.347,10.419,10.393
20241115173816.1,2944.55900341272,19.244,17.434,17.256,19.167,10.419,10.387
20241115173816.6,2945.0900003314,19.258,17.454,17.204,18.969,10.437,10.409
20241115173817.1,2945.60600034893,19.276,17.45,17.256,18.963,10.419,10.401
20241115173817.7,2946.13300412893,19.325,17.416,17.24,19.212,10.423,10.409
20241115173818.2,2946.65299728513,19.357,17.448,17.22,19.513,10.419,10.407
20241115173818.7,2947.18000106514,19.379,17.474,17.082,19.721,10.441,10.405
20241115173819.2,2947.70699478686,19.385,17.472,16.951,19.866,10.445,10.397
20241115173819.8,2948.22699800134,19.381,17.476,17.016,19.785,10.447,10.419
20241115173820.3,2948.7580049783,19.387,17.442,16.975,19.836,10.435,10.405
20241115173820.8,2949.28900189698,19.381,17.456,16.816,19.816,10.439,10.417
20241115173821.3,2949.8050019145,19.406,17.454,16.864,19.858,10.411,10.411
20241115173821.9,2950.32100193202,19.385,17.46,16.991,19.856,10.455,10.407
20241115173822.4,2950.83999931812,19.379,17.466,17.145,19.62,10.429,10.405
20241115173822.9,2951.36399567127,19.353,17.497,17.206,19.49,10.437,10.401
20241115173823.4,2951.88300311565,19.375,17.482,17.208,19.226,10.451,10.391
20241115173823.9,2952.41400003433,19.351,17.491,17.167,18.995,10.421,10.405
20241115173824.5,2952.94199958444,19.297,17.531,17.181,18.749,10.433,10.415
20241115173825,2953.47699970007,19.321,17.484,17.133,18.252,10.425,10.387
20241115173825.5,2954.00400348008,19.313,17.45,17.056,17.951,10.421,10.407
20241115173826.1,2954.52799983323,19.307,17.456,17.224,17.796,10.437,10.399
20241115173826.6,2955.05100041628,19.313,17.468,17.107,18.123,10.415,10.403
20241115173827.2,2955.69200478494,19.319,17.442,16.767,18.438,10.425,10.397
20241115173827.7,2956.20699897408,19.295,17.454,16.733,18.632,10.437,10.389
20241115173828.3,2956.73900172114,19.282,17.412,16.658,18.492,10.417,10.405
20241115173828.8,2957.26599544287,19.278,17.428,16.642,18.41,10.419,10.403
20241115173829.3,2957.8009955585,19.264,17.392,16.741,18.183,10.435,10.403
20241115173829.9,2958.32399614155,19.234,17.327,16.69,18.394,10.419,10.423
20241115173830.4,2958.84399935603,19.24,17.357,16.826,18.569,10.427,10.411
20241115173830.9,2959.35999937356,19.195,17.375,16.802,18.612,10.433,10.403
20241115173831.4,2959.87500362098,19.193,17.345,16.622,18.563,10.421,10.409
20241115173831.9,2960.39499677718,19.212,17.319,16.62,18.466,10.407,10.399
20241115173832.4,2960.9100010246,19.228,17.323,16.642,18.549,10.433,10.389
20241115173833,2961.43000423908,19.226,17.292,16.68,18.794,10.415,10.385
20241115173833.5,2961.94900162518,19.23,17.286,16.664,18.852,10.413,10.387
20241115173834,2962.49600127339,19.284,17.307,16.638,18.888,10.431,10.419
20241115173834.6,2963.03500458598,19.333,17.365,16.729,18.596,10.423,10.403
20241115173835.1,2963.57100047171,19.355,17.392,16.753,18.662,10.429,10.399
20241115173835.6,2964.10199739039,19.345,17.408,16.775,18.303,10.417,10.397
20241115173836.1,2964.61400426924,19.294,17.432,16.725,17.834,10.415,10.417
20241115173836.7,2965.14900438488,19.295,17.47,16.733,17.666,10.431,10.395
20241115173837.2,2965.69200083613,19.297,17.442,16.727,17.64,10.427,10.403
20241115173837.7,2966.20699502528,19.284,17.444,16.822,17.666,10.439,10.403
20241115173838.3,2966.72699823976,19.321,17.462,16.925,17.921,10.425,10.419
20241115173838.8,2967.24200248718,19.304,17.47,16.929,17.995,10.445,10.407
20241115173839.3,2967.75800250471,19.302,17.5,16.987,18.224,10.435,10.405
20241115173839.8,2968.29300262034,19.254,17.527,16.793,18.434,10.421,10.415
20241115173840.5,2968.97699609399,19.214,17.519,16.377,18.329,10.413,10.403
20241115173841.1,2969.53900270164,19.163,17.573,16.373,18.313,10.453,10.413
20241115173841.6,2970.05899585783,19.181,17.549,16.422,18.573,10.427,10.413
